barcode,count
GTGCAGTAGTAAAGTA,1046187
CCATCTAGTGGCTAGG,1012001
AGTAGACTCCCTCCAT,971785
TACGTCGCAATGGTCC,932239
GCGATTCACGCGTTGG,861329
TACCCATGGATACGAT,837475
ATATAGACACGTGACC,718617
CGTGGCGTTTACACTA,605795
TATGACATTCGCGGAA,81497
TTAGACTTACGACCCA,76639
TAAGCGGAATACACTA,72651
ACTCCGTGCCGACACT,58938
CCTCGATAATAGAACC,50217
CTACCAATAACTGTAC,49857
CCGTTTCGTAAGACGG,49277
CACCGCACAGAGAATG,49268
AAGCGAGTGCAAACGA,48509
AACCCGCGTTTTTTCA,48348
TTACGGGCACTCACAT,48197
CCAGTTAAATCCAATT,46983
CTGATTCAACTGAACC,45733
CATCCAGGAGAACGCT,45347
CATCCCCATAGCACTA,43787
ACTCAGGCCACCCAAA,41544
AGTCCGAATTATAGTG,41148
ACAGTGGCCATATTGC,40848
ATGCATAAAGACTTAC,40705
CCCTGTTACCTTTGAC,40129
GAAACTAGCCTCGGAT,39492
ATAGAGCCCCCATGCT,38762
TTCGACTATATATTTG,38578
AAGTAACATAGGCACC,38475
ATACTGTCGAATGCAA,38047
CGAAACCGGAAAAGTA,38047
ACACGAAATACCCAAG,37807
GAAACCTTGCAAACCA,37672
AACCAAATAATCCGTG,37442
AAATCCAGCCAGAGGA,37101
TGGCGAGCCTGAAATC,36327
GCTGGCTAATCGCCGG,36225
ACCTCAGGATAAGCGT,35947
GAGCAAGCAATATACC,35845
ATCGCGCCACCACTAA,35523
ATTGATTCAAATTTCT,35347
TAAGTGTTAATGCAGA,35137
TATCTCTCATTGTGCT,34912
CTAAGATCACAAATGC,34869
TGGATCGAATCAAATC,34811
AACTAAAACTATTTCT,34138
CAGACGCGTATGAAAT,33938
ACGGGTTAACCAATTG,33768
ATCTCAAGATTGGACT,33757
AAACAATGAAGACGAG,33261
AAGTTCATGCCAATCA,33257
GAAGCCCATACGCTAA,32988
TACATGAATGTTAAAA,32958
TATAAAGCAAATAACA,32790
TTTTCTCTAGAATGCA,32705
ACCGCCGTAATCGCGC,32663
CACCACACTAATGGGT,32659
CTTGCGCATACTCTGA,32651
AAAAAACACAGAGGAT,32387
GGCAGCGATATAACCA,32370
AAAAACAATCCTCCAA,32008
AAAGTAGTAAGAATAC,31598
AATAGAGAGAGACCAC,31577
GACCCACTTACAATAC,31571
AATCTTAAGAGATCAG,31502
ATAGGTAGAAAACTAA,31382
CGAAGTCCGGTAGTTG,31078
CTCTCAGCACAAAAAA,31027
CCGCGCGGTCTGGAAT,30421
TACCGTAGAAAATTAA,30390
TCTGTTCGCCGCTTAA,30296
ATATAAAGACAACTAT,30224
TCTCAAAACTGATCAC,30123
CAGAGCAATGAAGCTC,30019
GCCTTTGCCGTCCACT,30017
GTAGTTTCCCATGAAT,30009
TCGTAACCAGACCAGC,29997
CAGATCGGATCACCAA,29851
GCAACGACAAAAAGTA,29825
TTCACGTTCCTTAAGT,29814
GGACCTAGGAAATTTC,29748
AGGTACCCCTAGATAA,29581
CCTAAACATACTCGAG,29579
GTAAACCATCTCCTAC,29576
CTAGATAATAAGTGTG,29542
CCCGACACTTATTAGG,29509
TCCGTCTGTGCTACAA,29431
TCATAAGTAGCGAGAG,29067
ATAATTGCAAAAGCCT,28904
AGCCACCGATGTTACA,28584
TTGAAAACTATAGTGG,28530
GTATCGCAGTTTCAAA,28504
AAATTGTAAAGTCTAC,28478
TAACATGGGGAGGTGC,28395
GGTTGAAGTCGCCATT,28292
CAGCTGATATCCATCT,28109
CGTAGTAACCACAACA,28034
CTTCTTTGCGAGAATA,28021
AACTCTCTTTACACTG,27882
ACTCGGTAAGTATCGA,27831
GTCTGTCAAGTCTATG,27663
AAAACCAAAGAACGAG,27650
AACATGGCCATATTAT,27503
GGTATGCTATTTCAAG,27365
CGAAAACAGAAAACAC,27359
GAGACCTTACTCATAC,27333
TCAGACCCATATACAG,27163
AGAATTTAATTTTCCA,27155
ATAGTGAGGGTACACG,27153
TGAAATTCCTATGGGG,27128
AGACAGTACTATCTCC,27099
TTGAGACGTGTTTAAC,27082
GAATTTAGTGAACTTA,27022
AAGAGACGCTAGATAA,27000
GTCAAGAAAGTCACAT,26980
ATTTAGATCCCAATAG,26906
TAAGAGACGAGTTTTC,26836
ATCATGATAACACATA,26628
ATTAGAACTGCAATAC,26623
CTTAGACGCCTCAATA,26584
AACTCTGAATCTAACT,26410
GATTGCATGATCTCTT,26392
TCAGCATGGAAAATAT,26386
AAACCAGAATATGAAT,26299
GCAATTTACGATATAA,26258
CGTCATGGGACCACCA,26232
TATATAAACATCTACA,26203
CGATAAAGAATCACCA,26169
GATTTACCCAAGTATT,26163
TCGATTACACTCTGTA,26099
GGCGTAAAATTCAATC,25971
CGTACATTCAAATGTG,25949
TCCCAATCTCCGGGTG,25846
CTATCGAATAAAAAAG,25603
TAAAGCAGGAAAATGT,25580
ATATGTGTACAACCAG,25572
GGCTACGACTCATATC,25568
TCGCCTAATACACAAT,25555
CGAATGAGTGCAATAA,25512
GAGAGAACTTGGGATG,25461
CTGTGCTGGCTCCTAC,25458
TATCACCACAACCCAC,25387
GACAAACATGATATGA,25380
GCCATCATGAGTCCAC,25334
ACAATCAGCGTTTGAA,25261
ACAAAGTAATTGTTAA,25229
TAACTCCGCACTTAAG,25149
CGAACACACATAAACT,25126
TGAACACCTTGACCTT,25111
AAGTTGGTTTCTAATG,25012
TCTGAATTAAACCGTC,24938
GAATGTACTGATCGAT,24809
CTGATCAAACTGTCAG,24767
ATGAGTAACAAATACT,24698
AACATTTCCAATAGGG,24664
CAATTTTTCCAAAAAT,24647
GTGCTAGTCAATAATA,24616
TTTCAAATTCAAATTA,24601
TACAGAAGTTATTTTC,24570
GCAGGCATGACCAAAG,24524
GAGAGTAACTATGCCC,24500
CAAATGCACCTAACTA,24446
TACGAAACGTGCATGT,24445
GGCGGCACCACAAGTG,24276
AGCCCAAACAATGTTG,24274
CATGCCTCCATGACAA,24273
ACGCGAATTTCTCTTA,24206
CTCGTTTTATGAGAGG,24202
CTAACGATCCCATACC,24175
CGAAACCCTCGCTGGT,24157
TTTCATCAGAATTTCA,24093
CCAAGATAATGCGTAT,24075
GCTGCAAGCCAACTCT,24033
ACTGCAATCAACCTGT,23999
ACTCTAAACCCATAAG,23913
AGATACGTTATCGTGA,23802
TACACATGGACATAAA,23690
CGCGCGTAAGGTAGAA,23650
TTATAGGAATAAACGC,23594
TTTAACAACCTCATAT,23594
ATGATTATAATGCCCC,23576
GATAACAGGTAAAACA,23498
GACTAAACGTCAAAAC,23473
GAGGCAGGTTCCGGAA,23468
AGAGATAAATATGCAC,23456
CATAATCCTTCACCAT,23179
GGCAAGAAGAAATTTA,23156
GATCTCATAGCAGGAC,23124
ACAATTAAAATAGCAT,23099
TATCAAAAACTATAAA,23019
TCGATTAACTTTCTAG,22987
CCATGGAAAAAATTGT,22932
GTTTCACGAAAAAATA,22930
TTACATGCACGCACCA,22912
CTATAAGTACATAGCG,22907
TTAAATGCAAACGAAA,22780
GAATGACAGCAAACTG,22777
AAGTTAGATGTTGATG,22738
CGAATAGACCTAGACG,22732
ATGTTTCACATTAACT,22729
CTCGCATTAACCGTCA,22696
CTAAATTCAAGGAACA,22679
GAAGGTAACCTTACGA,22661
AAACGTCCAGTGCCTA,22654
CCCTGTCTCTGTACTA,22650
TACTGGAAATCCTCTA,22602
GTACGAATCCTCCTAT,22537
GGTAGTTGAGCCCGCG,22514
AACCCAAGGGTGTATA,22476
TATCATCCATACCCAG,22453
TAACGAGACGCCGGTA,22430
CGATTTTCGCCTCGAC,22426
AGATGACCATACTCAA,22303
AAGTGAAGATAAACAA,22283
TGAGTCAGAGTAAAAC,22269
TGCCAATATAACAACC,22261
ACAGTATTTGACGTAA,22258
CATGGTAAACTCATCA,22248
TTACTCATGGTTGCAC,22234
CTCCAGGAGAATATAG,22205
TGTTAATTACGATCGA,22198
ACAGGCCGAGCAGAGA,22176
ATTTAGAATAACACCA,22169
TGTTCATAGGTCGTAC,22168
CACCCAGGTGGTCACT,22162
AGACCTCCAAATAACT,22159
AAACTTCCAATACTTC,22143
TCCTGACTCAAACAAT,22141
TCGTTATTATCCTGAA,22083
GATGGAAAAAGCCTAG,21935
AGTAACAGTCGCGAAT,21933
GCTCAACTCAGTCATA,21933
CAAGCAAATGGCACAT,21928
GATTCAGGACGTTAAA,21848
GCCATTTTTTATACCC,21826
ACGGCATAACCTCATG,21755
GTGGAATAAAAAACAA,21693
GACAAACAGTCTTAAA,21688
AAATATTTGGAGCTGA,21671
TTACCCGAAGGTAAAG,21650
GCCTTTCCCGTGAAGA,21637
GTCATGTTAATCGCTC,21615
ACTACATCCCAAAGCA,21515
CGGCAGTAGGGCACCT,21460
ATAGAATTGACCCAGA,21414
AAGGCAACCCAATTCG,21309
CTTGTAATAAATGCCA,21208
AAAGCATTTTATAACA,21205
ATAAAGTTAAGGTACC,21174
GAGACTCACCACGATC,21132
CTTTCCACCAATAACG,21058
CTACAACTAACTTAGT,21054
GTTAATACGGTGAAAA,21033
ATACATTAAAAAATGC,21024
GACCTACCGGCCTATC,20987
AATATATCGAGAGTTA,20985
ACACCATCAGAACTGA,20918
AACACAGAGAACCTCC,20828
GTAACTTTCGAGTGGA,20794
CGGATACAAATGAGCC,20778
TAGATATAAAAGGGAT,20773
TTGACTTCCATCTGCA,20758
AATATACGATGGAATA,20723
GACGCAGGGGAGTGAT,20632
CTCTTTGTAACTCTCT,20610
TTGGCTCTTTCCCGAT,20607
TCAGACAAAAAGGAGG,20569
GCATTTAATTGGAGAA,20565
TTGGAAGGCCACCATT,20561
CGAGTGAAAAATACAA,20558
GCAAAACCTACCAATT,20544
CGCCCCAGTGATACCA,20502
TTATCGTTTAAATGGG,20457
AAAATCCAGGTACCTT,20413
CAGCCAGCTCGTAGTC,20408
ACTTACAAGTACAGAA,20344
TAACTTAGCATGAGCT,20329
GGCAACCGCATTGACC,20267
GACCCTCTGAAAGCGT,20260
ACCTTACCGGCCAAAG,20258
TTACAGACCCTATACC,20253
ACTGAATAAACCAAAA,20239
TTGTGATTGATTACGT,20169
GATGTGATGCTTATTG,20160
ACCAGGTGGTAAACAC,20149
CAAACAATACCGTTAC,20044
AATGTATAACACTCAA,20031
GACCGGTAATGGACTT,20015
CCGAACTCAGTCCACT,19989
AGGAAATGAACAAGAA,19880
GGTAATAGGAGCAACC,19863
TCTTGATCGAATGGAA,19825
CGGTCGATACTGGAAA,19814
GCCCAAAGTCTTAACA,19785
TCCTGGAGCATTCCGA,19748
GTCAGTTCTATTTATT,19727
CAGCGCAACCACAATT,19724
CGTAGACAATCAGCTC,19680
ACGGAGACGATAGAGC,19668
GCTATTGGTGGGCCAC,19650
TCTCAATGCAGCGAAG,19641
GCTAAAGCCTGTACAT,19629
CATTAGCTGTTAACCT,19610
ACTAGAACAACTAAGC,19586
TCATAGTCGGTCTCAG,19583
ACCTTGTTCCATCAGA,19564
TCAATATGCAATGGTA,19532
CTTAACAAATGCTAAG,19522
TGTACACTACAATTAT,19497
CAAAGCAATTACGTTC,19494
CGATCCGTTCAAAGCT,19476
GAACCATAGAATATCG,19449
GCAATCGATCAAAGCA,19359
CTATACAGAAACTTAT,19354
GGGTAGCCATAAGAAC,19352
ACCCCTAACTATCTCT,19349
AAAAATGCAAGGATGC,19324
GACATAGTACCAACGA,19308
GCACAGACAACCGTGC,19203
ACTGCCTTGAACGAAA,19172
TCCAAGTACATTTCCA,19123
CCTGTCTCCAGACATT,19114
GTGAATGATTAGGCTA,19094
AAACTTGTGTATTAAG,19087
GGATCTAAACCAATCT,19056
TATTTACAGCTTAATG,19038
TTAATGAATCCATGGA,19036
AAAGCACCAATAAAAA,18999
GCGGATGTAAAACTAG,18896
CTTCCCTTAGAGTCAG,18893
CTCCTTGTCGGGACCC,18888
TATACATTGTACAACC,18874
ACATCGAGAAAAATTA,18857
ATTAGACCCTGACTGC,18856
TCCAATATGCGCTTAC,18852
CAAACCAAGCAGACAT,18787
AATGAGAAATACCCAA,18780
TTGTTCCACAAGATGA,18760
ACAATCCACAGTGCAA,18755
GGCGAAATCGGTAGAA,18740
CTGTCTTTGTTGGATT,18723
GAGTCACATATGAATT,18685
AAAAAGAGAGGCCCCA,18682
ATCTCCTGGAATCCGG,18670
CTAAGCCAATACAACA,18665
ACCCAAATGTAAAACA,18662
ACAGAAGATTCCTCCA,18635
ACAGCTAGCAGAGACG,18629
CTTGAGTACAATAAGA,18560
CTAATAGCTCTTATTA,18535
CACTACCCGCGAATTA,18518
AAAACGAAGAAACCAA,18505
ACAAAATCTCATCTCG,18416
ATTCTCCAATGATCGC,18408
CAGTTTATAACAGAAT,18405
AATCCCACCAAAAGAA,18403
AAGCAAAACTCTCGAT,18385
AGTTCCAGCTAGAACA,18365
TCCCTAAAGTTACAGA,18361
ACTTGGTTTTTCTGAA,18339
GAGCCGATTAGGAACG,18327
CCAACGTATACCGCCA,18324
GGATAAAAAGAATGAA,18318
GCAAGACCTTAGTTAG,18315
CATTTACAAATAATAA,18307
TTATATCTTGTGGACT,18306
AAATCTAGACCGTGTT,18300
GGTTCTTACAATCGTC,18291
TTGAGGCACCTGTGAG,18282
AATCCGTCTTTCAGCT,18259
ACCAAGCGACAAGCAT,18236
CATTGCACCAAACAAC,18229
TTTCATCCGCCTGGAA,18188
GCCTCCAGGAAGAAAC,18174
TTTTAGAATCCCCTAT,18173
AGAGCCCAATTCCATA,18132
GCTACCACATTTTGAC,18089
ACAGTACCCTTAAACC,18037
TCTTCTACGGGAGATC,17941
AGAAATTAGCATGAAA,17934
TAATGAGATATTGCTG,17912
TGAGCCAAAATAAGCT,17902
ACATCCACTGAAAGCT,17896
GTTGTCTGATTTAGGC,17857
TGTTGATGTTAACTAG,17835
TTAAACGTTGATGCTC,17830
ACGGTCTAAACTTTAC,17814
GCAAATGAGGTTCGGA,17802
TAAAGGTTAGATTACT,17791
CTAAAAAAACGAATTA,17773
ATGTGCTAGGAGGGCG,17770
AACCCGTAGAATAAGT,17756
GTGCTGTGTCCCATCA,17684
TAATGGCATGCACATA,17674
TAATTGGTAACCAAAT,17653
TTACCATACCATAAAG,17651
ACCCTATGCTGCAGTT,17634
TTTTTCTGATTACTAT,17630
GTCTACATATCAAAAG,17628
ATAGAGCGCTAACAGC,17616
CTTTAGATTGATCTCC,17611
TAAGCAGTCTTAAACA,17568
CGACTCGCATCGAATA,17542
AGCTGTGTTACATATA,17505
TACAAGTTTGCCCGGG,17500
TCACTACTACTATTCA,17499
AGAAGTGCCGACTGTC,17492
ATACAAACATTTAAGA,17443
GCTTAGCACTTACCAG,17443
ATATCCCACCCGGGAA,17405
ACAATAGGGCAAGGCT,17388
GCTGCGACCACTATAA,17388
TGCAACTAAAACCTAG,17379
ATGGTTCTTTACTCAG,17361
GCCAGTGAAAACCGTT,17344
ACAGAGGCTCTTCAGA,17338
AGCTGATTGGCTCTAA,17335
GATCAAGAGGGCTAAA,17312
ATGGCGCAGCATCTTC,17284
GATATGCTGATGAAAA,17237
AGCCACTTAATCACAG,17217
TTCGACTAGGCACGAA,17213
TCTAGTCTGTAGTTGG,17178
GTTAACGAGACTTAAA,17176
TACCTTCTATACACTT,17157
CACCGAAGTGACATCG,17149
AGGTGTATTGTATATT,17131
AGTAAAAACCCTAGCG,17123
TTCGCACAGCTTGTGG,17112
CATATGAAAATACCGC,17083
CTCACTAAATACAACA,17061
CTTTAGATCTTCTGGA,17046
GGTGTAACTAGTAACA,17030
GACATGATCAGTGAGA,17015
CGCATTATTGCCACAT,16990
GAACGTGAACACATAC,16985
GCTCTGGAATCATGAC,16970
CATCCACAAGATAGCT,16964
CACGGCCTCAAATGTG,16962
TCTCATTATCTTACAT,16955
TAAAATCACAGAGGTC,16940
AACCTTGTCAACCATG,16938
AATTTCCTTACGATGG,16937
ATAAACAATGCAATAA,16918
AATATTGGACGTCGAG,16901
AAATTATATGAATAAA,16859
TGGCCACCTACACAAA,16833
GGACTGGTACCGTTTA,16832
TGAGAACGAGTCAAAT,16823
ATTTAAACCAATGATC,16808
CCCACCCTCATGTCAA,16807
AGCCCAAAAGCTTACA,16799
GAAACGTCTGGAGTGT,16773
CTCACCCCAGAAAACT,16772
AATACTAGCCAGGACT,16767
CGAGGAAAGGCACCGA,16756
AGGACTTGATGTAACG,16755
AGCCCGTGGAAGCGAA,16747
GAAAACATCGCCACAG,16685
ACAAAACCCTTATATC,16663
ACAAGGTATATCATAC,16657
GGCCACTGGCTTTACA,16612
TTACCTTCGCCATCTC,16606
CACTTCCTGCAAAACA,16567
ACAGGGAGCGACAGCA,16563
TGACCCCTGAATCATC,16563
AGTAATTAACACGTTC,16558
CGTAACAGTACCTGGC,16556
CAATATAGTCTCACAA,16549
GCCGTGACCAAAATTC,16542
AATAAGGATATTGAGT,16535
AGATTCTCATTGCCAG,16508
CCACCACCCACGAAAG,16487
TTCACTACACACACAA,16482
TCTAATACTGAGTAGA,16473
ACTATGCAAGAAGAAT,16469
GGAATCCTAATGGCAA,16421
CTACCTATATACGCCT,16401
CAACCCCTGACTAAAA,16347
CGGTATACTTTAAGGT,16333
GGCACCGCACTAGCCG,16330
TGTCCTGGCATAAACA,16317
TTAGGCATTACTCAAT,16296
CAAAAGTAAAAAGAAG,16284
ACATGGAACCAGACCA,16276
TGCGGCGTATTCAGAC,16265
ATCCTCAATAATTAGA,16258
TACCCCTTAAACCAAC,16257
AACCACCTTTGGATAG,16250
GATTTGAACTTGCCAT,16247
CCCTCGATCAACGCAC,16245
AAATGCAATGGACATG,16229
ACATCCTTGATAATCT,16226
CCGGCATTAACATACT,16222
CTTCACTACTGCAAAA,16210
GTTCACCTCGTCCATC,16201
TACATCTTGTTCTCCG,16172
CAGAGCCCTCGTAAAC,16145
CGAAAAATGAAAGGTA,16145
CTCAATTGGAATATGC,16135
CAGGCCATAAATGTGT,16125
TCAATCTTAGTGTAAA,16116
TAAGCTACATCTGACC,16092
CCTTGCCCCATCTAAC,16082
TGGTACCGCTCAAACA,16053
ACTTCCCCTCTGGACA,16031
TCAGTTAGCACAACTG,16026
GAGGATGAACTAGACG,16021
CCCAGCAAAGGCCAAT,15982
GAAATAATTAGTCCCA,15981
TGTAAAATCCTGCTAA,15978
TATAGAAACCAGGGAC,15974
AAATGGTAACGCGATT,15943
ATTGATATTCTTCTAC,15939
TTTCTCTGCGAGGATA,15925
CCGGTCACAATAAACC,15880
GACTCCACAGCCACGC,15870
CCATTACCTTACCACC,15860
TGGTAAAACGGATGAA,15833
TGTGATACAATGTACA,15822
TTCCATCTTAACATAA,15809
CAAATTATCAAGGGAA,15806
CGAGAACATCAGGATC,15775
CCTATAAAGAGTATTA,15773
ATGACGCTGAATGTTA,15760
CTAAAAGCACTTAACG,15738
CAAACCGGGTGGTCGC,15719
AAAGGGCGGAAGACTC,15718
ATGCTGTAACTAGTGA,15704
TAAAATTGGCATATAA,15699
TTGCCTAGTCGTATTC,15698
CCACCCACAATGTCCC,15694
GTAAAACGAACAATGG,15685
CTTTTCGAGAGGGCCC,15642
GATTCAAACCGGTAGC,15547
GCATAACCAGCCGAGC,15546
TACTGCTAGCCACGGG,15539
ATCTCACATCTGTCAA,15537
CGCACAATGCGAAAAA,15534
TGTGGGAAGTTTAATT,15534
TTGATTGCCGATATAC,15528
AAATCAGTTACTTGAT,15516
CAGCAGTACAGTCAAC,15503
TGACTAGACCCATTCT,15501
AAACTTACTCAATGTA,15487
AAACGAAAAGTAAAGT,15470
ATGGCCCAAGACACAG,15463
AAGCTCAGACAGTACA,15455
ACCGCCTGGAGTTCAC,15450
ATGAACAACAGACCCG,15445
TTTAAGGTTTGTCTCT,15441
TAAGTGGTAACTCTAC,15436
GGATAGAAGACTAACT,15426
GGTAACTCGACAACAC,15419
CGCACATATGAGAAAT,15416
GTAACGTCCATGCACC,15403
CAGGAACCTCCGGTGG,15393
GCAATTTAGTAACCGA,15372
ACAGATTACCTGGTGC,15299
AACCAAGATCCAAATA,15286
TTTGCTCATCGGCAAA,15274
GATTGAGCAGTGGATA,15272
GAAATATTCCCCTTAA,15247
TGAAAAGTAAGCGATG,15247
ACCGTGGCGACCGTCC,15227
CTGAGCCGAAATACAC,15218
CTGGGTCAAACTTAGG,15207
CAAGAAATAGGAATCT,15176
TGTGTCGAGTCGTACA,15153
ACGTATTGATGTATCA,15143
TCCGCAATTCGGTAGA,15135
CCGGTACTACCTAAAC,15130
GGCGCGCGAGTTGAAA,15129
CTTGAGGACTAAACAG,15119
GATCCTTCAAGAACAG,15104
CGGTTATCTCCTGGCC,15096
CTCATACATGTTTGGT,15088
ATAAGTGGAACATAGA,15085
TTCACGTACGACAGAA,15071
GCGCGAAACCCCGTTA,15065
CAAAGAAGATACAGTC,15048
TTCGTGTGAGAATCTA,15042
CTATTTGCAAAAAGGA,15038
ATATTACTCACTAAAA,15036
GGTGACCGGTAGTACC,15018
GGTTCTATGTCTAGGC,15017
ATCAACAATGGACATC,14998
CCGAATAACAACAAAT,14991
GTCGTTATTTTCTAAA,14989
CGCAAAAAGTAGCAAG,14987
TCAGAAAAAGACGTAT,14954
GACGTTTTTTGAAAAA,14952
AAGGTGTAATCAATAA,14946
AAATGTATCCGGTGTT,14942
GCTGACATAGGCTCAT,14917
CCAAGAAGCACCAGAC,14911
TAACAACGTATCGATG,14905
TGAAAAAGAATCAGTA,14899
GATAAGTTAAACAATG,14894
GGATGCTCCCATCCAA,14892
TAGTATAGACAGCCTG,14885
AGTAATCTAGCTGCAC,14881
GTTACTGTCTTCATCT,14879
ACTAAAAACAATTACA,14878
TGTAACGTATTTACTT,14860
CTGGAGAATGGCCAAC,14855
TTTCACAACCAGTTCA,14850
AGTGATAAAAACAGCT,14846
GGCACAAGATCCTATA,14830
CATAATTGCAGCGTAG,14818
AAATCAACCCAAGCGA,14814
TGCTATTATCCCAAAG,14808
AAACAACAAAAAAACC,14804
CAATTAGGAACAACCA,14803
TAACTTACTGAATGGG,14790
CTCTGAGCGGTGATTA,14781
AAGCCCAAATAGCCAC,14750
AGCAAGCGTTAGAAAA,14740
GTGGAGAAATAAAAAA,14740
CCCGGGTCCTACAGCC,14710
CTTTCCAGGATGCAGT,14710
GGGATGGTACCATAGA,14681
CGCTATTAATTTGAAC,14679
GTAGCTCATTACCAGG,14676
TAAGAGGATTGCTGGT,14659
ATTACGATTTAACACT,14655
AAGGCGTTTCCCGCAG,14653
TGTTACCCAGTACAAT,14645
CCTGAAAGAAGCTAGC,14640
TTAACCGTAGAGGACG,14634
GATTCGATAAAGAAAC,14628
TACACGTCACTCGAAA,14624
GTTATTGCCAGCGCAA,14622
AAGCCGAACAGTAGCA,14618
ATGGGGTAAATTAACT,14617
CGAACTTAGCGTAAGT,14611
GAAAAACTAAAAAAAC,14611
CATCGCGTCTAATCGA,14600
TCGCCAATATTGGCAT,14596
ACGAATCAAAAGTTTC,14595
CGGCAAACACACAAGT,14582
ATAACACACAACGCAC,14572
TGACGATCGAAGGCAT,14562
AACAGCTTAGCAGCTA,14548
ATAATGATGCGGCTAC,14545
GACGACAAGATAGAGT,14539
AGCAATTGGATCCAAA,14538
ACGCATTTATAACCAA,14537
CCGGATTACTGCGACC,14531
GAGACCAACATGATGT,14520
GAAATAACGTATATGC,14518
ATTAATCTTGTTTCGG,14515
ATCAGAGAATGACAAC,14501
GGCTCAGATTACTCTT,14487
ACTAGTTAGAAATTCA,14474
CCAAATGTCTTCATCC,14466
ATCAGCGCTAACGTTT,14462
CGGAGGAAATTACTAA,14447
CAAATATCTGCCCCGA,14444
CCCCGGACTCGAAGCA,14431
CGACTAGTCACAAATG,14427
TCGGTATAGTTACCAT,14427
AATACATTTCAATTCT,14426
CTAAGCTATAAATAAC,14401
ATGAAATCCCAGCATC,14392
TTCTCAAGATACTCTG,14384
TTGTGAATACTGTCAA,14379
AACCCGGGTACAACTT,14371
ACTCATATCGGCTCAG,14327
ATTCTGCGGAATAACA,14317
GCATTCGTTAAAACTC,14309
CAATAATTGAAAAATT,14306
GAATAACGACCATACA,14304
AATTAATGGACAAGAC,14298
TGCACCCCCCAGTAAA,14285
TGAGAACCTTACGGAC,14282
CTGATGCGCACTAGAC,14273
ATTACATGCGAACCGA,14268
ACATTCACTAAGAAGC,14252
AGCGATCTCTCACAGC,14243
GTTTATAGTCTGAGGG,14226
CCGTCGAAAATCCTAC,14219
CGAAACTTTGAATAAT,14189
GAGCCGCAACATCACG,14188
GCAAGAATACCACAGC,14185
GAGAAAACCAAGCCCC,14181
GCGTAAGCCCTTACAT,14151
TAGTGGGACAATTCTT,14150
AAGGAACTATTTGTCT,14119
AGACACCAAGTTAAAT,14091
CAGGCCAATGATAAAC,14084
GGTTAACCCACTAGAA,14083
ATTGCTAGCGTAATAC,14080
ACAAGCATGTGGTTAA,14057
TACAAAAGGTTGGCAA,14045
ATCGCACCATCGAAGA,14012
ATTTATGAACTTCCCA,14009
AAACAATCCGCACGGT,14003
CCGAGACAGTGTAACT,14001
CAAAAACTCCCCATGC,14000
CCCTGCACCCTAATAG,13997
GTGATATACGCGGTGG,13988
ACCGCCTACAGAAGGC,13987
TCTTAAATAGATTAGA,13987
AGAAACATGTCCCAAT,13980
GTCAAGAGCAACAAGA,13971
AATGATGGGACTTCAC,13970
GCAAACAACCACGCTT,13961
AATATGACCTGATAAC,13950
GCACAACAGGTAGGAC,13948
ACCAGAATGGAACAAT,13946
AACCGATATAAATCTT,13945
GAGCCCACTTTATGCA,13937
TAACACGAGCACTTGA,13935
GAAGATCTGATTACTG,13933
ACCAAAAACTCATCAT,13924
AAACAGCCTACTTTAA,13912
ATCTATTACTTATCCA,13902
ATTGAGTTAGTAGCTC,13892
ACCTTGGAGTATGGTC,13888
ATAAGGTGAATAAAAT,13885
TAGGTTTATCACATTT,13877
AAGTGAACAAGAATCC,13843
ACAAAAAAGAGATATA,13835
AATTGACCAGAATGAT,13834
TACTCTACAATTCATA,13827
ACCGCAAATATACCGG,13822
CGTACCAGGGTTGAAC,13803
GCAGGATCGAAAACAA,13802
GCATAGCACCTCCCTA,13791
CATAGATGTTGAACCA,13786
CCTATTCTCCATCAAC,13774
GTCAAGTAAGTCCACA,13766
GAACCTCTGAGCCACC,13765
ATAGTCAAATTACAAC,13754
AATCACAGAATTGACC,13752
CACTCCCACATCATTG,13752
TACAATGCATTCGGAC,13740
TTAATACGCGGCAACC,13716
CATCTGCATAGCCGAC,13689
GACCCCAATTCACCGC,13688
CCGCCTGTTCGCATGA,13666
TTGTATACTAAATTTC,13645
AAATGCTACAACAGCC,13643
AAAGGAGATCGACACC,13627
TCGACCTGATCCTTTC,13626
GATGCACTAAATGATG,13617
GAACTAAACTAGAGAA,13584
CAAACTATGTCGAATT,13567
TCTTACATAGAGCTAC,13565
TATAAAATGAACGTAC,13561
ATTGCACCACGCGCTG,13559
TACCTCCGAACGATGA,13556
AGCGGTCAGGATATGC,13546
CTTGATTATCGTCGGA,13539
GATTTTCGCTTTTACG,13539
TATAATCACATGATGG,13537
GGTAAACCAGTATGAA,13519
AATTCGTTTTGTCACG,13508
GGTGACGTACGCTAAG,13495
ATTTTACAACCTAAAT,13474
ATGCACCGCCATTAGT,13460
ACCTATCCCGGTAGTA,13457
CTGGAATAACAAAGAG,13447
CCTATTGCTACCGAAA,13442
AGTAGAATGACAAGTC,13429
CATAAAAAGCAGATCT,13427
TCTTTTCAATCTATGC,13426
CTAAATTCATTGGTGC,13407
CAATAAAACTCCATCA,13406
AGAAATGAATAAGAAT,13401
AGTGAACCAATATCCC,13399
CTGGAGTAGTTCTTCC,13396
AATAACTGTACAGTGC,13385
TAAATATCGCTAGAAC,13385
GTGAACCGGCAATGTA,13374
GCCTGACATCTCTGTT,13348
ACACTAGAAATGGCGT,13345
CCGAATACACATCTTA,13343
GATACCGCCGTATAAA,13339
TTAGGGTCATGGCTCC,13324
ACCACACAAATACAGT,13323
GTCGAAGCATTATTCA,13317
TACACCTGGGCTTTAC,13299
AACCCAGGGTGTTACT,13295
GGCGGAAAAATATCCA,13292
GTATTACTATACTGCA,13284
GTTGTGAACAAAGTCT,13283
AAACGGCTCTAAGCTT,13261
ATTATAACTATATACA,13261
ACATTATCATAAGCCG,13238
TTCGTGAAACACGAAC,13233
ACACATGCGTAGTAGA,13224
GATATCGAGCAACACT,13224
GCATTATAGTAACCAT,13215
ATTGGCCATAACGATC,13206
ATTATGCAAGACTCAC,13205
CTTAAATATGATTTTT,13192
GCCTTCACTCTAGCAG,13182
CCAAAAAACACGCTAG,13170
CATCATCCAGGTTTAA,13163
TCTAATCCTGCAGCGC,13155
TTACCATACATAAATA,13155
GCGGGACTTAAGGGGA,13137
GCTGTCATGAAAACCC,13134
CTCGCTCAGTAAACGA,13126
GCTGTGATATTCTCTG,13124
ACATCGCTACTCACTT,13122
GAAGAATCGGAATCGT,13101
CATGGTATTCGTTTTG,13100
AACCTAGCTCTAAAAG,13096
ATTACGCAACATCTCC,13092
TCACGAACTTCCACAT,13091
CCTCGATAATGCCCGG,13084
AAAAAATGCCACCACA,13074
TAACGATTCAGATGCA,13074
CTGATACTCTCTGCCG,13060
TGTGCTTTATTAAGGA,13053
AAATTCATAAGGTCTA,13037
GCGACGATCTCAATAT,13037
GCATCACAGCCAATGA,13034
AATGGGGACTTTAATT,13010
AGCAAGGCCACACACT,12998
TGTTAAACGGAGCAAA,12980
CTTTACATCCTACCTA,12970
AATAAGTTCAACAACT,12961
TACATCTTTACCGTGT,12951
AATATGTATATATACG,12949
GGCCTAATTCTGAGCA,12937
ACGCGTGGACAGGTAC,12936
AGATAATGTTACTCTC,12929
CAGCGTAGGAGTTCCT,12918
TAGCAGATTATGTATG,12916
CACCAGCAAAATAAAT,12912
AATCTATCGAACGCAA,12901
ACCAGAGCCAACACTA,12892
ACGAACGGCAAGGATT,12878
CTAACTACTATAAAAT,12877
GACTGACAATGTATCC,12872
ACATTGGACAAGTTCC,12868
TGTCCTTCTGCTGTTT,12865
GCTTCGAATGTTAAAT,12828
GTGCTCTGACCCCTAT,12822
CTTTAGACTGGCCCAT,12819
AACATGAAACCTAAAA,12818
GTCTGCAGAAAAATTA,12812
GAATAAACATCGGGGT,12803
TGCATAGAACCCGTGG,12798
AGATTCAAGAAACTGT,12796
CATAAACAATCCGTGC,12788
TCATTTTACCAGATTT,12784
AGTGTTAACTTTCTAG,12779
TAGACCAAAATTTAAC,12766
TGAATGAATACATTGC,12762
ACCATAACATGCGGTT,12761
ATGCAACACAAAATGT,12760
GGCAAAGTTATAAGTT,12742
ACAACAGATGTACAAA,12735
AAATCTTACCACGGCG,12731
CGCACCAACCGCCTTA,12730
GAAAACAATGAGATGT,12727
ACTCTAAAGGAATCGC,12715
TTACCTTTTTCCTTAA,12714
CGCGCTAGACTCCCCC,12703
TGTTGGATAAAAAGAA,12697
ACTGATTTGCAGCACT,12695
TGCAATAAAAATGATA,12693
TGATATGCAAACACAT,12672
ATAGCTATTTATACAC,12658
GAGGCGAGCAATCGTC,12658
TATCCTTCCATTTGAC,12657
CTAAATAATCATCCCA,12655
AGGAACACCTGAGCTA,12644
GAAGATCGAGCTCGCC,12641
ATAATAAGTAACACAG,12639
ACCCGGAGCAGTATTT,12615
CTATGCAATGCATCTA,12608
CAATCTCAGAATCACG,12582
ACTGGCAATTATCATA,12580
ACGCCGAACGGTTCTA,12576
ATTTGTCAAGACTGAC,12572
GTTGAAACAAAAACAG,12571
CCCCAACGGTCAAATA,12570
ATTAGAGGTCAGCTGT,12552
GATAACTGAAATAGAT,12548
GTGCGTAGAACATTCA,12543
CCGGGGGTGCGGATGG,12530
TTCAACCACCTCACGA,12528
TTTGGCGACAAACTAA,12523
CAACAAAAACTCCGAA,12517
TACAGAGTATTACCAC,12515
GCATGAACAAATGTCT,12509
GATTACAGCCAGATAA,12505
CAACTTAAAGGGACCC,12496
CATATGCGGGGTACTC,12488
ATAGGCCTGAACTCGA,12482
ATGTGCGGGTGAAATG,12476
TGGACAGGATATGTTC,12475
TTTGTACCACGATTCA,12475
CTATGAGTGGAGCAGT,12473
TCTTTTAGATCCAAGT,12470
GAAAAAATACCCCAGT,12467
TCCAGCACAAAATCAA,12464
TGTAAGTCATATTGTA,12447
ACCAGTACAAGAACAC,12440
CAAACACCAGTCACAG,12435
CGTGACCTGTCTAACG,12429
CGCACACTGCAACCAG,12427
GCCCGCCCATGCTTAA,12413
GAACAATTCCAAGAAA,12409
AAGGACATATAAGTGC,12403
ATCGGGCAAATCGAAT,12387
CACAAATCTCGCTTAC,12385
ACATCGTAATGTCCTA,12378
GCACTTCCTGATGTAG,12373
CTCTTATCTTTAGCAT,12371
TTGAATTCGATACTAG,12360
AAGGACCCCTTGAACT,12335
TAAAGCAGTGTAAACA,12322
GACGAATTTAGTTAGA,12318
TCAGTGTACAAGATTT,12317
TCCATTTCTACTCGCT,12316
GTATGAATGTTCTTAG,12300
TCCTTTCCGACGCTCC,12298
CCCGGACCTTGTTAAC,12295
ATAAGACTTACCGAGA,12288
ACGTTTCGGTGTACCC,12287
TTACTTTATGTAGTTA,12287
TGGATCATTCGCTGAC,12284
ACAGATTAAAAAGCTC,12273
TGCAGACACTAAACTA,12266
ACCCCCGGTGAATCAC,12256
CCACAGAATTACCTAA,12246
GTTTATATACCTACTA,12245
GCTATGCGCTCATAGA,12232
CGGGGATTAAGATGGA,12212
GGAAAGAAATTTCTAT,12212
CGTCCAAATAGAGGTT,12208
CATGCACCATAGACGA,12198
ACTACCGGCTCAAAAT,12193
GCTAGTTTCCTTCACT,12187
GGAAATTGTCACACTC,12182
ACATGTTTACAAATCC,12163
GGTGTTTTTTACGTTC,12151
TGCGCAGTAGTATGGA,12150
TCACGTATTTTCGGGA,12145
GAATATAAAAACACAC,12131
ACAAACACCAGAAATT,12129
AATTACAGACCCAACC,12127
TACCTATTCCATTATG,12127
TGGGAACTCCAACCAT,12121
GCTAAAGCGATAGAGG,12119
AATGTGTGCCCAGATT,12118
CTCTTCAGCAACTATC,12108
AAATGCAAGACGCGCA,12099
ACGCACTAAGTTGTAT,12099
GACTGCTATTTCAGGT,12099
AGACCGCTAAATGAAA,12097
CGTGCAAAAAAATTAT,12094
CTACCTAAACTTCCAT,12091
TGTAATATTAAGGTGT,12089
ACACAGCTAGCTTAAC,12079
GAGACACCCTATTGGC,12059
CGTCACGGGGTCTACG,12058
GACTTGTAATAACAAG,12058
TGGTAGCAGCTGCAAT,12055
GCTACATGAACCAACT,12049
ATACACAGCCCCTGAC,12039
ATACACTTTTTTCTAG,12038
GGCTACTGTTGAGGTT,12034
GCGGCGACACTCCTGG,12028
ACCAATAGGTAGCGAT,12026
TGTGAGATCCTCGTTA,12020
ACATTTTCTACACTCC,12018
AGACACTGTCAGTGAC,12014
ACTACGACCACCACAC,12006
AACAAAGGATTATAAT,12004
ATTTAGCTGCACCTGC,12000
CTCAAGGTGAGTTTGA,11992
ACTGACCACAAGCTTC,11989
GAAGAGTGTATACCTA,11987
AAAACGAGTCAAAACT,11980
CAAAGGAAAATGGTAC,11978
GCCTATATGAGAGACA,11961
ACAACGTCCCAGAACC,11954
GAAACGTGCCGAAATG,11942
TTTTAAAAACCCACCT,11935
TTGAGTCACTATACAT,11930
AGATCTATGTCAGAGA,11928
GTAAAACAAGAATAAA,11926
CTAACGAAAGCAAAAA,11924
AGAAAACATCTAAGAA,11921
CTTCATAAGCCTCTAT,11917
TTTCCTAACTAGCCCT,11915
TTCCTCCCCTTTGCAT,11909
CAATACGGCGACTATC,11904
CGAATTATATGTGACA,11894
CAAGGATATATTTTCA,11886
GAACAATTTCAAGTAG,11883
CCCAGTGGCATCTAAA,11876
GATAGTCCAAATATCT,11875
AATACTTTATATTGTT,11859
TCGAAGGAAGGATCCT,11857
TTTGCGAAAGAATTCT,11856
GCTGGAATTCAAACTT,11855
CGTAACTCAGAAAAAT,11852
CGGATTATAGATTCTT,11845
AAACCATTACGATAAG,11839
TCGCTACACAAACATG,11838
CAGAAATTGATAACCA,11832
ACCCTTCCAACACTAG,11830
TTCGCAGAACTCGTAC,11828
AAGTATTCGACACACC,11826
ATCTCTCAATTCAATT,11822
CAAGGCCCACCTGCCA,11813
TAAGTAATTCATCCTA,11808
GATAAAGAGACGGCGC,11795
AATTGCAATTATAAGC,11780
ATGTCTTCAGGAATAC,11774
ATCAAATCCAAAGGAA,11768
CCAAATCTCTGTAAAC,11762
CGCTCGTAAGCCTATC,11760
AGGTTGCTTAAGTAGA,11759
GGAATACACGGAACAG,11746
TCAATATGAATCCTAA,11724
CATCACATAAGAACAA,11683
CATTATCCTAATAATA,11683
TTTCGAATCGCGACAT,11678
CTTAAACCCAATATTC,11677
GGAAGACCACCTTCAT,11674
AAAGTCACGCCCGTTG,11669
ACTACCGTAACGACTT,11669
ATGAACATATCGACCA,11669
TATGCAGACTCGCGTC,11662
CATCAAAAACAAATTC,11661
TTGAAGTTCCCGAGAC,11651
ATATATCTCAAACGCT,11648
GATGTACAATCAGACC,11644
TCTCTTCGTTTACCCT,11644
CATAACATCATAGGCG,11628
ACCCTCCGAAGTATAA,11627
GAGTCAAACCACGAAC,11627
ACTTGAAATCTGAATG,11625
CATAGTAGGTTCCACC,11623
CATAACGGATTGAACA,11618
GAATTAAAGTTTAGAA,11599
GTGCTATGAATGAGTC,11598
CCAAATCATCAAAAGC,11594
TGTTATATAATATCTT,11588
CGTTGGGTGAATAAAA,11585
AGGCTCAGACGCGAGT,11584
GATGTGACCTTCGGAT,11579
AAGGATTTATCAGTGA,11572
TTATTAACTCAAAAAC,11568
TAGCAGTAGAAGCTAT,11563
AAATCTGTGTATTCAC,11555
AAGCCACTGTAAAAAA,11554
GGAGGGCACTGTCTCC,11536
ACTAACACTTTATACT,11531
TCGCAGAACCTGGCTC,11523
TATGTGACCACTCACC,11513
TGAGCATGAAACGTCG,11512
GGTATTGAATCATACC,11495
TTAACAACTACACAAC,11488
CTACCAAAAAACACCA,11483
GATGTGCGAATGAAGC,11479
CCCTGCTAAGACAAGG,11475
ACCAACGCGGGGCGAC,11474
GATTTTAGATAATAAA,11470
TGTTCGAATCCGATGA,11470
TACACAACAAAGATAG,11461
GAGTTTGAGCAGTAAA,11460
GTTTGGCGTGCACTCC,11453
TGACAACTCTAATTTA,11447
TCCCATCAGTTGTAGT,11434
TGAAACCGGGAGCGAT,11423
CATTACCAGTATAGTT,11422
TCACAAGTTCATGTTG,11422
TCAGTACCAACAAATC,11414
TTCGAACATTAGCCCA,11411
AAAAAGCTACTCCGGA,11402
AGCGTAGCAGTGCCCC,11402
CGAACCAAGAAAAAAC,11396
TCGTGACCAAAAACAA,11396
AGTCGTACATCAATCC,11393
AAGGCCACATCATGCA,11390
CTCTCTCATGCATAAA,11389
CGGATCGAGATTAACG,11388
CTCGAATGCACACTGG,11387
AAACGATGACACATCT,11385
GAACAAGACTATATAA,11381
ATTGAAAGTCACATTA,11377
CACAAAATTTCCAAAG,11375
GCCAAAATAGTGCCAA,11369
AGTGCCCAACGATCGG,11362
AAGAACAAACCTGGTA,11360
ATATTATAGCAGTGAG,11349
TGACCCGTTTAGGCCC,11344
GTCGCCAATCTGCCAG,11338
AACCGCTCCCCAGCGT,11329
TCCAAGCCATCCAAGA,11329
CCAAAGCGTTAAACGG,11328
AGCCATCTAATCACAC,11316
ATCAAGAAGTTGCTCC,11316
CGTCCTAACACCGGCT,11311
AATGATTCAGGCTTTT,11307
GGCTACCAACACGCAT,11305
GTACCTTGGCTTTAAC,11300
CAATTTCTGTGTCAAT,11296
CTCCAACTATGTCAAA,11294
AACCGACACCAATCAT,11292
AAAAAAATCATCACAA,11282
TCCATGGAACAAGACG,11281
ACTGTTAAGATCTAAG,11274
ACGGACAGTAAGGAAA,11271
ATAAGCCTTTAGTCAG,11262
CTACCTAGAGCAAAGA,11255
TACGTATTCTACAGAT,11251
ATTTTATATCATTCCG,11244
CGATCTAGTGTATTAT,11244
GGACCCCAGCTGTCGA,11241
ATGTCATGTTGTTACT,11240
GTGATACAACCACATG,11236
ATAAAAGGCAGCTATA,11231
ATAATTCTGATCAATT,11219
ATCAAACACGAGGCCT,11219
CTCACTAAGTTACGCG,11218
CGCTTCGAAACTCCGG,11216
AGTCAGATTTACCGGA,11211
TGCACTAATAAGGAGA,11205
AGGATACCGCAAACCA,11200
AATATTAAATATGGAC,11197
TCGTAATGTGTATGAC,11196
AAATGGTTACCAGGGG,11191
GAGACCTAGTAAAAAC,11189
AGTTTTACTCCCTTTC,11186
AATGATTCAAGTCCAA,11177
GATCCTGCAGGCGACA,11167
TCACTCGAAAAGTTCG,11159
TTAACGAACAACCACT,11155
GAATATTGCCCGGAAA,11146
CCAGGATGGATAACAA,11139
TTATATTTTACAGGAT,11127
GAACATCTCGCTCTTC,11126
AAGGTGAATATTCTGT,11123
TGTGCGCACCACTCCA,11122
CCCAGGCCATAGAACG,11121
AAATTGCGGCGTAAAC,11096
CGAGAGTGTCAAGAAA,11094
TATAACAATGATAATA,11092
CACGGGAAAATAATCC,11070
AACCTGGTGGGCACCC,11064
TTTTACTTTGCATCAC,11061
GTGCGTCAAAAAACAA,11060
TAACCGGCAGCCAGAA,11039
CAACGAGTCCGCGAAC,11038
CAAGCCAGTATTGAAA,11035
TCAGGTAAAAGCACAA,11035
TTTAAAAATCGAAACA,11035
CATACTCTACACAAAA,11034
GTAGTAACTTAGCCCA,11025
TCGAAAAATACCTAAG,11025
AGGGGTGAAAATATGG,11017
CATGCCTCGTCTCATA,11014
ACAAAAAATCCCTCTT,11007
GCTGAAAAGGAATGAA,10994
ATGTCCACACCATATC,10988
CCAATGAAAGTAACAG,10987
TTTACTCTAAGTAACA,10985
AAAAAAACTCTTAAGT,10978
AAGCTACTGGACCCGC,10976
ACAAACTGGTGCGCGA,10964
CAACCTGGATCGATAC,10963
AGGACGCCATTTGTCG,10952
TGAACATACCAATTAC,10952
ATACATAAATAACCAG,10945
AACAAACAAGACACAA,10934
GTCCGAAACTCAAATA,10930
CTCTCAAAAAAATATA,10926
GAGTCTACCAGAGTAT,10926
TTAGCGACAATTTGCT,10922
CAGTAGATACGATAAC,10921
CCAAAGATAAGAGCCA,10915
GCTACAGTTGCACCCG,10913
AGATGAAAAGCTGGGA,10911
CAGGACGACCTACCTT,10906
TAGTAAAGACAAGCTC,10904
GTTATGCATATACTAG,10895
TTTGAGATGTTTAAAC,10892
AACGCAGTTCGACCTA,10890
GATAACAAAGGAAACA,10890
TTAAATATTGCAAAAA,10887
GAAATCCCACTGTGCG,10879
AATACGGGAGCCAGTC,10873
CACACGGATACTTAGA,10872
GGCTTGCCGGGATATG,10863
TTAAAGTGACAGTCCT,10862
AGCAACTAATCAACAT,10860
AGGCTATAGAAATCCA,10851
TCAGGATTAGCAACGC,10851
GCCTTATACCTCTTGA,10841
GTCAAGTTATTTCGTA,10835
TGAGGCACCTCAGAGA,10828
CCGAAAATCCTGGACG,10826
AGACTGCAGGAGACTG,10824
GAGATCACGAAAGCGT,10817
GGCACTATAGTTACTG,10814
AAATTGAGTCAAATGT,10811
GATTTGAGAAATACTA,10810
AGCAGCTGCCGAATAA,10804
GGATCGGGGAGTCAAC,10804
CATTCCCATATACCAA,10794
GAACACTCACTATTGA,10789
TCTCCCAGCGTGAAAT,10786
AGCCTCCCGTATTTAC,10777
ACATATAAACAATGTG,10774
AAGCCTTAACAAGTAT,10772
CTAGCCGTACTTAATT,10772
AGCGACAGACTAAGCC,10764
ATCCAGTTCTGGTCGG,10763
GGCGACATGACAATTA,10763
GTTAAGGGGGCAATAC,10759
GTGGGATAAAAGAATT,10757
TGGAGAGAGCCCCGCC,10754
GACTCACCTGGTGAAA,10748
GAAAAGACGCTGCAAT,10746
AACTAGAGTCATGGCA,10745
TTTAAATTAGAGAACA,10728
TCTCTTGACTAAAATA,10724
CAACAATCAAGAATTC,10717
AGGATATTGGCGATGA,10715
TGAAATTAAGCCTCGA,10713
CTCTGGAGTGCACAAT,10708
CTCGCCCGACTTGCCC,10698
TATTTACCCCTAAGGC,10694
TATCTCTGAAAACCAT,10693
TGCCACTATGACAACA,10691
AAGTCTGCTCCACTTA,10682
AGGACGTTATGACCAA,10674
ACGGCCGCATTTAGCA,10666
AGAATCATCAATCTGC,10659
CCACGATCACATCAAC,10657
GGAGACAAATAGGATT,10651
GCGATCATGAGGATCT,10636
CGCGAGACGTGAACTG,10634
GACTATCTGCCTCTGA,10634
CAAAGCCTACGTAATC,10632
AATATACTTATCACAT,10631
AACTCGTAAGACACAT,10630
GGAAATCTGAGGGCAA,10627
CCCAAGCCTACCAAAA,10611
CAACATGCCCCGTTCG,10604
AGATCCGCGGTCAGGT,10600
TGAGCCTTCATAACGG,10599
AGTGGAAACAAACTAT,10597
AACAAGCAGCGGATCA,10594
GTTCCAGATCAGGAGT,10591
GAGTACTCGGTAGGGC,10579
AAATCACTACGGTAAG,10573
GTTGCAGCAGTATTCA,10564
AAAAGAGAATATACAC,10556
AGTGCTTCTTAACGCA,10556
AGAACACACCTATCAT,10554
ACTAAAAATAAATGCA,10553
GCAATGACAAATCTTT,10550
CCTCAACGTAAAGACT,10544
GATGCTAGGTAATGAA,10540
CAATGAATGCAGTAGG,10533
ACGGACACGAAATTCA,10530
AGTGACATACGCATCC,10524
ATCCACTACGGCACAC,10517
GACTATATGCAACAGA,10497
ATGGACCGGATACTAC,10495
TACGTAAGAACTCGGA,10487
AAAAAATAGTCATCAC,10486
TCATAACTGTAGATGA,10486
GTGTGGAACACGCAGT,10480
TACTGCTTATATCGGA,10468
ATTCGGGATACGAAAG,10467
AACAAAATGCTGCCTT,10461
TTAATCGATTCCGTCC,10461
TGAGATCGAGTGTATA,10459
GGCACCCATCGTCATA,10457
CAAGCGTACTCCATTG,10455
AAAACGAGAATCTACG,10453
GCTCAAAGTCATATAA,10445
CTCATATTAATAAACA,10444
AGCATCCCTGGTAAAC,10443
GCCGGCACAGTACCCT,10441
TAAACTAGAAATTCAC,10439
GCATATGGGTACATTA,10435
CTAGAGCCCACTACAC,10423
TGTACGACCCGGAAAC,10423
TCAAATAACATTGAGG,10421
TATCAGACAAATCTTA,10414
TTACATGTGGCGAATT,10409
GAAAGAACTGTAATTC,10407
TAACATGATAGCCCGT,10404
GGGATGTAGTTTCAAA,10402
ACACATATAATAAGGC,10398
TTTACCATAGGCGATT,10396
AATGAATCCATAATTG,10395
GACGCAAATGCTCAAG,10390
TCCCTACTGCGACCCC,10390
AACGAGACCTCTCGCG,10388
GACTCAACATTGGCAC,10376
GAGTATTATGAAAAAA,10376
TAAACAACGCAAACCA,10362
ACAGAATTAATAGCGA,10359
AAAACCTCCTGAAAAT,10358
ACGTTTTATCCACACC,10358
CTACGCACGAAACTCA,10358
GGACCATAGTAAGTGT,10358
TTCCCAGAGTGCCATG,10354
TGACCACTTAACACTG,10351
CCATGCAGATGTACCG,10349
TCATAAATAACAAATA,10343
ATAAAAATCCCACAAT,10342
AGAGTCAAACTTTTTG,10338
AATATCCAGTAGGGGT,10335
ATCAAAACCGCCTCGA,10335
CTGAGTTCATGCGAGA,10331
AAGGTTCAGTGGAATA,10328
ATAATTTATGTGGATT,10327
CAACGCACTAAAAAAA,10325
ATACCAGTTAGATAGG,10321
AGTTCTGAATCAACCA,10313
CACAAAACAAAAGTGA,10304
CAAGTACTGATACTAC,10294
GAATTATTAAATGACA,10289
AAGAGTACTATACCAA,10287
AGTCTACCAACAATTA,10287
ATAGATATATGACGAT,10287
AATGCACACTAACAGA,10285
CTAGTGATAACGATCC,10270
ATTACTTCGCCTGCGA,10269
ATACAACCGAACTTGA,10266
GAAGATGCTGCAGTGT,10266
ACATAAACATCGTTAT,10265
ATTTAGAATTAAAAAG,10265
CGCTATTAGAGTCACT,10264
AGTCAACACTTTACAT,10262
AGAACATAACATTCAG,10261
GGTGAGCCAAGGTAAG,10258
TTAGAACTACTATCAG,10244
AAGCTCCAACGTTTCA,10239
TCTTGACTTCTGCATT,10227
CCGAATACTAAGCCAA,10220
TTTAACTACTCAAACC,10217
AATTGATGTTAACAAG,10202
ACGAGACAGAATCTGG,10191
AACTGTACAAAATGTC,10190
GTCTTAAATCAACAAC,10187
GATGCAACATAAGTTG,10184
AGAAACCTAGAAAGAA,10182
ATAACTAATCACAGAA,10181
TAGCTCCAAGATAGTA,10179
GATGAAACACAACGAT,10176
TGCTTAAAAGCCTAGT,10169
TTGTATCGGTTAGAGT,10168
AAGCAGTCAGCACTTA,10165
AAGGGACTGACCTAAA,10164
ATCAGTTCCATACAGA,10147
TATTCATGTAGAAGTA,10129
AAAATCGGTCTCCGTC,10128
ATCACTTGATCTAGTA,10128
TAGAGAAAGTGATAAA,10125
GACTACCATATTAAAG,10124
CTAGAAAGGCTAAGTT,10120
TACATGGCATGTTGTA,10115
CCCCTGCAAACAATGA,10112
GTGCATATATCAAATG,10110
CCACATACATACGTTG,10108
ACTGCTAACTAATAGG,10101
GATCTTGTCAATATAT,10101
TAACCCCATTGTGAGA,10100
TACCGTGATATCTCTT,10097
TGAACAAAACCCACTC,10096
GCGAAACTATTCAAAC,10095
AGACATAACGGTTTTT,10093
CGTACCAGCATATATG,10093
CTCGACATTGAGCTAC,10092
ATTATGCGACATCATT,10091
GCCAAATACTCATTAA,10085
AATTAGAGTACCCCAA,10083
CTGTACACGAATCACC,10080
TTGGAGATAACAGTGT,10080
GTCTGTTCCGAAGGAA,10072
AACGCCGACAGAGAAT,10069
CAGGTTGGGAGAGTCT,10066
GATATATACGAGAAAA,10059
TGACAATAAATATGTC,10051
GCTGGAAACTGTATCA,10047
TGTAATGTTGATATCG,10046
ACGCTACTGCTAATAA,10040
TACTGAGGAAGTGAGT,10034
GTCTCTACACTAACAA,10032
CCCACGAAACACGACA,10031
TTTGTCGACCTTGGAT,10029
ATCTACTTGTGCCGCA,10028
AAGGGCCAAGGATATT,10027
GAGGCACGATCTTATT,10023
CAGCCTGCAAGTTTAA,10020
GAAACTCAATTGAAGC,10020
ACAGCGACTCATGAAT,10019
AGAGACGGATTCTTAG,10010
GGCATAGAGAGGAAAG,10009
AAGACGAATAAACAAT,10007
TACATAATAAATATGC,10004
AATAGCCTTCACGGTT,10003
AACAACGCAGCCGACC,10001
CCGTTAGAGCTGAGAC,10001
TGGGACTATGAGTGCG,9999
AATATAATCCAGATAT,9998
TATAAAGGAAAACACT,9993
GCTGTTGTCAACGAGG,9987
GTGCGTCATGAGTCAT,9986
ATACGACCGAGTGCGA,9981
TAACCCTCTACACCAA,9977
TCGCAATGTTCAATCT,9974
ATTGCTGAGAATACTC,9972
GCATACCCCGTGCCAC,9971
AGAAGACCGCTTGAGT,9966
TTTACGTTAAGAGTAA,9966
GACTAGCGTGTTAGTA,9962
GGATTGGTTGCGATTG,9960
GATACCAGACTACATT,9959
TGTACTCATGTAAACA,9958
TAAGGCCCATGGAAAT,9956
TATGAGAAACAAAAGA,9953
AAACATCAAATTGATA,9952
CCTCTCCCAATGTAAA,9951
AATGTTACTTAAGTAT,9949
TATACCAAGCTGTGAC,9948
GGTGTCAAGAACAATC,9934
TGAACACCTTGCACAG,9932
GAGGATCTACAGACAG,9928
TTGATAAGATGATTCT,9928
GCAGAGAATGTTCACA,9923
GTTTTTAGAATACGAA,9910
GTCTTAAGTGCTCCAA,9907
GCAACGATTAACACGA,9902
ACTGATAGAGTGGAGG,9900
TGACCTTAAAACAATA,9900
GTACTCTATAGTGCGA,9893
GATGAAACCAAGCACC,9889
ATAAACCGGTTCTAAA,9882
CTCCTAACAGTCTCCA,9881
CGGGGTCAAAAGGCTC,9880
CTAACGTCTCAAATAT,9880
CATTTTTCACCTGAGA,9868
CATCGTACCTCGTCAA,9866
GCCAACATTTGTGACT,9866
CCAGTTCGGCCGGTCC,9863
TTAGGGAATCAAGTAA,9863
AGAGTAAGTCACGGAG,9855
TGCCGACTCGTGCAAC,9848
GCTCCGGTACGATTTT,9838
ATAATACGACTAAAGT,9835
CTCCTTTAATGAACTG,9834
GATAATATGCATTGAA,9834
TCATTGCGGTTCACGG,9833
AAAATGCACAAAGCAA,9822
CAATTTGACAAGCAGC,9822
AAACAGAAGGAGTGCC,9820
AGCAAAAATGTATTGC,9819
CCGGATTCTCCTTAGG,9817
ACGCTAGATCAAAAGA,9816
AACTTTTGAAAGTTTT,9811
TAGTGTAATTATGGCC,9800
CGCAAACAACGGACTA,9799
AATGAAGCACTGTACT,9793
AAAGCAAAACAGCAAA,9791
AGAAAGCTAGCAGATT,9791
CCCTGACTGATTAGAT,9783
GTCCCAAAAGGCATTG,9781
CATTCTTGACTGCCTG,9780
GTATCTCTTTCCCTAT,9779
AGGGGTATGAAGACCC,9776
AACTTAGCAACAGAGA,9774
CATACTCACGGCTGAA,9771
CTGCGAAAGCATTAAG,9771
AGAGCAAAACCATCCT,9769
CCTAAGTTAGGTACAC,9768
TTTCTCTACCTCCAAA,9766
AGATCAAATAGACATT,9765
CGTATTTATACACAGC,9762
AAGTACTTAAAACCAA,9759
CTCGATGCGGCCTCCT,9740
TGCATTAGTGCGTGAC,9732
AGTGAGGACTCGCCTC,9724
GTATACCAGCGGCGGC,9721
GAACAAATAGGTTCGG,9717
CACAAAGGAGCACTTT,9716
TGTACTACAAAAATGA,9709
CTACATTGGTAACGCA,9706
CACATCCCTTTCGCTG,9705
CGTGGCAGATGAACCT,9702
GAAAACAGCAGAGATT,9702
TCAATAGTAATGACTA,9699
TGATGAGTATATATAC,9699
CTTTACCGCAAGACCT,9690
CTTGTCAGCTGAAACT,9685
AGCTACGCTGACATCG,9678
ATCAAATAGCATCAAA,9675
GGCTTGACCACGAAGA,9673
GATACGGCTTGGAAAC,9670
CAAGCTGTTACAAGCA,9666
AAGCTCACACAAGTTC,9658
GAAGGATCACCCAGTC,9653
AGAGTGAGCAAATTTG,9650
AGGAAGGGAAGGAAAC,9649
GCAGCGAGAATACACC,9641
TATCTGGCATTCAAAG,9636
TGATAAAAAAAATCAC,9636
AGGCTGTCCCCTTAGA,9634
TAACGTAACTTTCCCC,9633
CTTCACGTTGCGGACT,9629
TCTGCTCCACATTCGC,9627
AAATCGAAATAAAACA,9624
CGGATTGTTCGAGCGG,9624
AAATGAAGCGAAAGGA,9607
GAATCGATCTACACCA,9605
AAGCAACAGACTGTTA,9599
ACCTAATAGCAGAACC,9598
CCTAACCTCTGTACTC,9594
GAGACAAACAAAGGAG,9592
GCAAAATGTGACGATA,9592
AACATAAGCCCTCTAT,9587
CCTAATCACACTCTTC,9587
TGTTCGCAGGATTTCT,9578
AAACTCTATCTAAAGC,9574
ATAGAGTAACCCGACA,9573
CGAAGTTAGTTAACAG,9573
GTAGAAGGCAAACGTA,9568
GTAATAAATAGTATGA,9548
GTGCCAAGATGGGAAC,9548
TCCTATGCGTATTCTA,9544
CCAGAGATGATTAGAT,9543
CCCACCTCGTACACCG,9541
TAAGTTACAATTATCA,9541
GTCAGACACACATTCA,9537
GGAGATGTACCTTGAC,9531
GAATAAGTGAATGTGT,9528
TAATCTCTAAAACTTG,9517
TTTCGATTTACAACAG,9514
AGAGGAACCTACAACA,9513
TCATATCACTAGTATA,9510
CCGGATACGTGGTTTA,9509
TTCGCATGAATGACTC,9502
ACCACCTAATCGTTGC,9500
AAGAGAATAGCCCATA,9493
TAATACAAACTTTGGC,9491
AACCCCCAGGTCAAAA,9488
ATCAGTGCTAAAGTAC,9486
GTTGTAGCGTCTCATC,9486
AAATCGGACAATAAAT,9483
CTGACTTACATCAAAT,9482
ATCAGTAATTTGTCCT,9478
GTACGAGAATAGAAAA,9477
GACTTATAAGTGCGGC,9471
TCAGTCAATATCGAAC,9464
GAATCTGACCAACTAT,9463
AACAAAAGTCAGATAG,9460
AGCGCTACCAATACAT,9460
GAGAACCAGCTCCAAA,9456
ATTTAAGATACATTAG,9454
CAGGAATTCGACGAGC,9451
AATCTAGCCGTAGAAA,9448
AATCGGTTCACACTTC,9447
CCACAAGTAGTAAAAC,9446
AAGGTACAACCCCAAG,9439
CTGCTTTTTAAGTCAA,9431
CTGTACATAACATGTT,9429
TTTAAGGATAGTAAGA,9429
CCAAAAAAGTGAGTCG,9421
GAATCCCACATTAGCT,9420
ACAGTACACGTTAAAG,9417
TCAAATAAACCGACAA,9417
CTGAATAATCAATACA,9404
TCAAAGGATAGGAAAG,9403
AATACTTCGTCAGACG,9396
GACGTACGGTCAGCAT,9395
CACCGTGCCTTAATGA,9393
ATAGATGCAAGTGCAT,9391
CGTTAAAGTGCAGTGC,9391
CAGAAACCTTAGAGGC,9390
AATTTAGGTCATTCAC,9385
GAGGAGTGATAACTAA,9380
GTGAGTAGCTACCCTT,9380
GAATTTAACAAAAGCG,9376
GATAATTGGCTTGAAA,9373
GGACTGGATCTTGGAT,9347
TGTGACAACCACGAAA,9347
GCCGAGTGCGTTAGGG,9346
TAGAGCTGAGAAACTT,9336
TTAATGTCAAATTCGA,9334
CACGCAACAAAATCAA,9328
CTTCAGACGCATTAGC,9327
GACCCAACAATGAGGC,9309
AATGACGTACGAATTA,9308
TAGGTACACTGAAACT,9304
ACTATTTAAACAACCA,9303
TACCAGAACACTATGC,9303
GGAGAAATCTATATGG,9300
ACTCAATAATTCGATC,9299
AAGTTACAGTATAACC,9298
AGAACAGGGCTAGACC,9294
AATGATTGTTCAATTA,9288
GTGAGACTCTTAACGA,9287
CCATTACTTAGCACCG,9286
AGGCAATTTAGGGCCA,9274
TAATAGGTATTAAACC,9270
AGTGAGAACAGCACTA,9268
AAAAATATGAGAACGG,9266
AAAAGAGATAGTATAT,9266
AAAGGGCTGGCCAAGA,9265
CGTAATCAACCAGATG,9265
TTTCACGTTCTGTCAA,9260
AACAACTGCCTGAACC,9253
ACCCAAGATTGAAGGT,9253
GTACGGATAGTCATAA,9252
GATAGTAATGGGAGTT,9246
CATTCCCACATCCTGG,9242
GACCCTCAAGAACAAC,9239
AACATAGAAATTAACG,9237
ATCAATAATCGGATAG,9237
CAATTGGATCGAGTAC,9229
TATAATGAATGATCAG,9229
CAAAACCAGTCCCATC,9223
TATTAGAACAACCACA,9223
GTAGACATCAAAAAGA,9216
TCGCAGACAGCTAAAC,9214
AAATAAAGGAGAAAGA,9213
CCGATCGCAAGAAACT,9197
AAGAAACACAAAAGCG,9194
TGATATCTGGTAGCAA,9193
TGGCCAATGTGTGGAA,9189
ACAATCAGAAGTCAAG,9185
ACCACCAATTCACAAA,9184
GCCCAAAAAGAAGTAA,9181
AACGAAACTGATGCTG,9178
CAGATCAGATAAACGA,9178
GAGGCCAGAGCTACTC,9178
TTAGCATATGTCGTTT,9176
GTCCAACTGGAGAATA,9174
AAGACTTTAAAATAGG,9173
TGAGACCTTTACACTG,9172
TCGTCCTGACTGGTTC,9167
GCACTTCGAACGTTGT,9165
CGTTCATCTATAGTTT,9164
CACAATCCTAAATCCC,9155
AGCACAGCTATAAAGG,9150
CCCCATTCATTTGTAG,9148
TACCGTAGATGCAAAA,9148
AGCGTAAGAAAAAAAG,9146
ATATTCGAGAAGCAAC,9145
CCACTCCAAAGTCGAT,9145
TAGCTGGGTAGGTGTA,9141
GCGACTCATAAGCCCA,9136
TGACTTAAACGGGATT,9128
CAACTAAAATATAATA,9123
TTCTTTGGGTTGGGCG,9122
AAATTTTAGCAAAGCC,9119
ACTGTCATACGTAAGC,9114
GCGCCGTGACTTAAAA,9113
GACTTTGGACTGCAAT,9112
TTTCAAGAATTAGATA,9111
TACTTGACACAGCTTG,9109
AAGTATGTGCCCTGGC,9108
AATGAGACCGCTTAAA,9105
AACCTGCGATAGCCCT,9101
TTTAATGGTGAAATAA,9101
TTTATCCCTAATTAAG,9100
AAGGGCAACCATATAG,9099
CAATTCTACCTTAAAC,9097
TATGAGGCATGGCGAC,9091
TGAAATAATTAGTTGA,9085
CTTGCATCAGCACCAT,9080
TCTACAAGCTGAGTGT,9078
ACTGAGAAATATTACA,9074
GCCTTAAACGAAAATA,9073
GGAACCATGAGCGTAG,9071
AGGAAATGAATCGGTA,9070
ATTACCTCATTGGCAG,9067
GATCTTTGCGGTATGA,9061
ATGCACATGTTATCAA,9057
ACGATGAATAAATGCT,9053
AGACTATGTTTATTTT,9051
GGAATCGGAGTTAATG,9048
CCGCAGAATAACAAGC,9047
TGCAACGACCAACCCC,9047
AGTGACCAGGAATAAC,9044
ATTAATACAGAATTAC,9036
GAGATTTTCCGAATCG,9036
GGTAGAAGTCATGCGG,9035
ACGGATATATGAGTCG,9034
ACTGAGCAGAGCTCAA,9033
TCCACGTGAAACCACT,9028
AGGTTCGCCATGACTT,9027
AAAGTTAAACAAATGC,9026
CGATGAATAGTTACAC,9022
GAGATATGCAATGTGT,9021
ACATTTAATAGTGCCG,9017
AAATATGTGCGGTATT,9016
CAAATGTAGGATTCAG,9015
CATTAGGGCTCTCTTC,9011
TTTCAAAGGTAAAGGT,9009
TAACCTAGTGACATAC,9008
CAAATAAGACTTGACG,9007
AACGAAAAATGAGAGG,9004
GAAAAGAGACATATTA,9003
CGAAAGGCTATTCATC,9000
CGCTGGGAGCCGCTCT,8998
TGGCTTCATCTTAGGC,8993
AACATGCAATGAGGAC,8992
ACCGACCCACATACTA,8992
ATTAGTAGTCACCCCC,8991
GGGTCTGAAACACAAC,8990
GTGAAACAAATTCGAA,8990
TGGAGACCACTTGAGC,8990
CAGAAAGCAGCCTCGT,8989
TGACGAATGCACACCT,8989
CCCAAAACTACTACCC,8988
CCCCCCTTACGCGGAG,8983
ATTTCATCATACCAGT,8982
GCCCAATCAAGACTAG,8980
GGAACGTGAAAGTCTC,8979
AAGGATACCCCAGAAT,8976
CAAGCTCACTCTGCAC,8976
CACTCTGTATCAAATT,8967
CTACCTTCAGACACAA,8967
AGGTGATATCAAAACA,8964
AAATACGCTTAAATCT,8963
TATAGATTAATAACAC,8961
ATTGTTACTGAACACA,8956
GTCCATATCTAAGTTC,8956
GAGCCACATACACCAA,8950
GTTATGTTCGATGAAA,8937
ACGTCTCTAGGTAGTT,8936
GTTTATTCCTGTAAAA,8933
CCTGAAGCATACACTC,8931
AGACTGCATCTTGTGC,8930
GACAAAATATACCTAT,8924
TAGGGGAAGTAAGGTT,8921
CCTTCCTATAAAGCTA,8920
CATTACTATTGTGCCA,8913
TACGCCTCCTGATTGA,8912
CATATATGATAGCTTT,8910
GCGTACATGGTTGTAA,8910
AAGAATTCCTAGCCAT,8896
GAGAATACCCATACCC,8895
ATAGGTTCTCCACGGT,8894
TTTACAAAATTTTTTG,8893
AGAAGCAACCCGTTTT,8889
CCAGTAGAACTAGAAT,8885
ATACAACAAGCCCTGC,8880
ACACCACTCTTTAGAG,8871
ATCAGTGTAAGAACGA,8870
GCCAAAAAAGGTGCAA,8864
TGCTAGACAATAGAAC,8863
GCATGTACTTAATGAA,8862
CATAAACCAATTGACC,8860
AAAGCGTGATAGACCA,8858
GAAATAATACACTACC,8858
TGATCCAATCGGCAAC,8856
CATAACCTCCTTACCA,8854
AAGTTATCGATTCGAA,8849
AGACTAACACCAAAAC,8845
ATTTTTAGGAAAAATA,8844
AGGATAGTTGTAAGAC,8839
GGCTTAATCTGGATTG,8821
ATGAGGAATGAAAATT,8818
CCAGTACAGAAGAGCT,8817
GGCATTTTTACGGGTC,8809
TAACAGCTGGACTTTA,8806
ACAATGAAGAAAAATA,8804
GCGATCCCAATGCTTT,8804
TACTTTTGCACATCCG,8801
CTAAGACCTTTGGACA,8799
CACTAGTATAGAGTAT,8796
TCCTGTATATTGCTAC,8790
ATATACATTATATAAG,8787
AAGTAAGTAGAAATTT,8786
AATTCAGTACACTATT,8786
GGATGATTCTTAATAT,8785
CCACAAAGCGCCTCCC,8782
CGAGTCCATGGTACCA,8782
TAATCGCTGATGATCT,8778
TTATGCCCGATGGCCT,8776
ATGTTCGACCCGAAAG,8775
GGTAGATATGAACGAG,8768
GTTATCAAAATCTGGG,8767
TAGTATTAAGTAAGTC,8766
ACTTGTTAACCAAGCT,8763
ACGTACATCAAAACCG,8758
GAAGTCTGTAAAAAAA,8756
GGATACCCTAAAAGCC,8752
TACTTCTTAGGCCTAC,8752
ACCGAATCAAAAGTTG,8751
GGCAATATTGATGAAT,8751
TCAAATACCCTACACA,8749
GCCAAAACCTTTAAAC,8745
ACCCCCAGTACAACAT,8742
GCGAAGCATATATCCC,8742
TCTATCCATACTGCGA,8740
GAATTACCATAGATCC,8739
AGGCAGAATGCCCGAA,8735
TCGCACCGTTGTGGTC,8731
AGAACGATTACAGGGA,8727
TATGTCTTCAGCTGAC,8722
AATAAGGTCCTTACGG,8717
AAGCACCTGAATGGAC,8712
CGAAACCAATCAGACT,8703
AAGAGGTGAATCTCAA,8701
GGATAACTGTAGTAGA,8701
CATCTGTGAGTAGCAA,8700
TTCCAACAATTACCTC,8691
ACAATCAACTCACTAA,8685
GCAGGTCCTTTAATAT,8685
GCGTCTCAAAAGAAGA,8684
CAAGGTCGCCTTATAC,8682
GTATTTTAGACCGTAA,8671
TGAGGCTTATGAGTGA,8671
CATAAGGTACCTGCAA,8667
GGGGAGGGATTAGACC,8665
AAAATCAGAACCAAAC,8664
TTAAGGGTCAACAATC,8659
ATTGCGGGAGAAGAAG,8658
AAACGGATCCTGAGCA,8657
ATCAGATCCCACTTTA,8657
GAACCGACAAACAGAT,8654
GGAGAACTCCTGTCTC,8651
CCTACTCAGAATTCAT,8646
TAACCCGACCTCTACG,8643
TCAAGCACCAGACAGG,8640
GCAGCAGTTATAAATC,8638
GTCTAACCAGGTTTAG,8635
ATTCATTGAGCGAGCC,8632
AGGTAGTCGCTGGAGG,8630
CTTGGAGTTATACATG,8630
TAATAAGAATATACTA,8630
TAGCATTGTCATTAAT,8628
AAGCTCACTACGTGAA,8625
CAAAAAGCTGAAATAT,8624
TCTCTAGCGAAGTGAT,8624
TTGTAAGCTATTTCAT,8624
TAAAAATAGCAAGCTG,8622
ATTATATTGACCTGGG,8621
TGTTTTGGTCCGAACC,8618
CAAAGTAGGCACATAT,8617
TAGCATGAACAGCCAT,8617
AGCATGATAAGGCATA,8616
TAATGATAGAACCAGC,8615
CCAATCACGTTGCACC,8613
ATCAAAATTCAAAAAT,8611
GTGTATATGTTTTGTG,8606
CGCAAAAAAATATACA,8597
ATACCAATAAAAGCCC,8591
AGTTTACCTGTTGACC,8590
TACCGTTTGCATATAG,8588
GAATTCGACATAATCA,8586
ACCTTGCACGCCATCT,8585
TGGAATCTAGTTAAAC,8584
GCTAGATTGATATGCG,8581
ATCTAAATTTTAACTG,8578
TATTAAGCATATTAAA,8577
TCGGACTCACTAAAAC,8576
CATTGTTATTAAGACG,8575
ATCTTACTAAGGCTGA,8573
GCCTGCGTCATTTAAA,8572
CACCAATTAAACGGGG,8570
ATGGTAGGTCTCATCG,8568
AACCCTAGGGATGAAG,8564
TCCTGGAAATCACTAC,8563
CAAGTCTCATCATGTT,8562
ACCACGACACGCTAAC,8554
TCATGGCAAACGAATT,8552
TAATGTACCCTACGCA,8550
TAAGTCACGGATGTCT,8549
CTTACAATTTATCCTT,8545
CCTTGCTGGTCACTGA,8544
TATTCTATCATCAAAC,8543
GCGAGTAACAGGGTGT,8534
AAGACATATTTGGTTA,8525
CGAAAAAATCCAGTTA,8525
AACCCACCATTATAGG,8524
TAGGGCTCCGGCAGCC,8523
ATAACCTTATGTGATA,8520
GACATAAAATTGAAAG,8510
GGTTTCAAAGAGAAGC,8510
AAGAATATACAACATT,8506
CTGTTATACGATCATA,8500
CGATAGAGTAAACGCC,8490
TCATAACAGGGCATAT,8489
AAAACATGACAAATAG,8487
AGAATAAGATGAAGAA,8486
AGACATAAGCCATCAA,8486
ATACCAGCCTGGTATA,8486
AACGGATTAAGGTTGT,8485
AGACTCTTCCATGAAA,8478
ACATCAAACCGAGAAG,8471
GAGTGTAACGTACCAC,8470
GTGAGCAACCCATAAT,8466
TGTCTAGCTTTAGGGG,8466
AATAATCATTGAGAAA,8465
AGAAACATACGAAAGG,8464
CCCTAACCTTGAATTA,8464
TACCGTTAAAAAAAAG,8461
TTTGCTAGGGTTTAAC,8461
TTCGATTTAAAGACAA,8460
GGAACATGATATTCTG,8458
CTGAAGTAAGAATCTG,8455
TATCCGAAAAAAGAGA,8454
AATTAAGAATCATCCG,8450
AATGAAGGCTGATAGA,8447
TAGACAAATCTACTAT,8447
TTCAATGGTAAATTGC,8447
ACAAGGCCTTCCCATA,8445
CAGAGGAAGAGCAATA,8444
GATCTATCATTGATAC,8444
AATTATCGTCACACCA,8441
CGCTTTATCATTATCA,8435
AACTCACTTTGTCCAA,8433
CTCTCCACACCATTGC,8429
TACTGCAGGGATCGAC,8428
CCGAAATCAGTGTCTA,8425
TTATTCCATCAGAAAA,8418
TCAAAGCCAATCCCTA,8408
AGTAAAGCGGGAAGAA,8403
GACCAATATAAGCGGA,8395
TATGCATCCTTATTAT,8394
AACACCACACAACGTA,8391
GTGAAAATTCTAGATT,8391
GTTCCCAAATGCATAA,8388
GATGGCACCTTACGTC,8380
ACAGCTCTCAAACAGA,8379
TTGTACAAAATTTTTA,8371
GTCATATAAATTGAAG,8370
GTATGCCAAGGCCCGT,8367
CAAACCATATCACATA,8361
AAAATCCAGACCGCTT,8360
CACTAATATGATCCAA,8359
CGGACTATCCTTTCCA,8357
AGCATAAACCACCTCT,8355
GCCAACACATACAAAG,8355
AACTTTTAAAACGACC,8353
TTAAAAAGTAAATCAG,8352
AACCAAGATCGAATAG,8347
TAACCAAGGGTAATTG,8342
ATGGAACGTCGCAATG,8336
GTGCCAGCCCTAAAAA,8336
ACAGCCATTGTTAGCT,8335
GTTTTCTCAAAAGATA,8333
CGAAGGAGCCAAATAA,8331
AATCCAGTTCCCTTTC,8328
GATCGTTCACGTACCA,8327
AAACCTCCCCTTAAAC,8321
AATGCGCCATTTACCA,8317
AGTGTGGTATACGACA,8317
AAATCCAACAATACCA,8315
TTCAAAAGTGCCACCG,8306
CAAAGCAATTAAAGGT,8305
TAGTTTTCTACTCGGT,8305
ATAGAAGGTTAGCTTA,8304
TCCCAAACAAGACGGG,8301
CCTGGTCTTCAAGTCG,8300
AGGAATGTTGAGTACA,8297
GACAATGCGGACTCTT,8293
TAGGAACATAAACCAA,8289
TGCGTCGATATAACAA,8285
AATATAAAATGACTAC,8280
TATCTGGCCATACTAA,8280
GCCCCGGAAGGACTCG,8277
GGCCGACAAACATGCG,8276
TATGAAGACTGGGACG,8273
AGACCAAGCTAAAATG,8269
AATCCTGACCTTGTGC,8265
AGTGGTACCTATAAAC,8265
ATACAAAACTCAAACG,8260
GTGAATTCTCTGACCA,8258
GTTACAATTCATAAAT,8256
CGAGCGCAAAATTGGA,8255
AAGGTACATGGAGTGC,8253
TATGTCATAGCTCCTC,8245
CCCAATTGTGTGAGAT,8244
AAAGCTAACAAACTGT,8237
ACCCACTCCAAGGACT,8236
CGCAACACTAGACCAC,8236
CGAAGATGTTTATATC,8235
CCAGGATTGAGACCTA,8234
AAAACTCGATAATGGG,8232
TCGATTCGCCCTGTAC,8232
TTATGCATATTCATCA,8230
CCGACACCCGCTCTTT,8228
CACCTCCGCATAGAAG,8227
GTTCAAGCCCCATTGA,8226
CAAACGATCAGCATAG,8224
TCAGACTTGGATTTCT,8224
AGACAAATGCGTAATA,8222
CGGACTCGCCTCTTTT,8220
TCTTAAGGTGCCTACA,8214
GCGCATTCGCTGGAAT,8207
ACTCACGCTCAGAACT,8206
ACAGTGACAGTCCTGC,8201
CATCCTGGACAAATGG,8199
AATGAGGGTATACTAA,8197
CATAGTGGGTAGTCCA,8196
ACAACACCTCCCAAGC,8195
TTTCGATTTCCTGGTA,8193
AGTGGTAACAGTGTGC,8191
TTACTTACTGAAGGAA,8190
ACTCAGAACCTAAGTA,8189
GTCGCAGATTGAAGAA,8189
TTAAAACCAAGATAGC,8189
GTAACAAGACACATAA,8186
CACTAAGCACAATACA,8179
GAGGACACAAGTTGAT,8177
TCTTTAAATAGCGCCA,8176
CAGACCCTATTGTTCT,8174
AATTAGTACGCTTAAA,8172
AAAGGAACATGAATTT,8166
GCCTTATTACAATGTC,8161
CTAAACACTCCTTGCA,8160
TTGCTTCAAAGAATAA,8160
CAAATAATTCAGCGTG,8157
TCAACACTAGAAAGCT,8157
CGGCAAAGAAGATCGT,8156
ACCCTATTAGCAGACT,8152
TTCCACCATACAATCA,8152
CAGGCATAAAGGCCAT,8150
ATTAACCGTGTCGAGC,8148
ACTCCATATATATTTC,8147
TTGATGAGAAACAAGT,8147
CAACCGAGCATTGTCA,8146
TCGCCCAGAGCTTGCT,8144
ACAAATAAAAAGGATA,8142
GGTGAGCCTCTCATGA,8142
GAGAAAAAAGACCGAC,8137
GCATACTATCTCAACT,8132
TCAAACCCCGTTGAAG,8128
CATACTTACCAATGCG,8127
TGGGAGGAACCACCAT,8127
TCATTTATCGTGGAGC,8123
AAAACTGATATTCCAC,8121
ACGGCTATCCTTTCCA,8117
CATTCGAGAACGGACA,8113
TCCAAAGGAGCGCCAC,8113
CCTGTAATATCAGGTT,8112
AAATCACGCTTTCGAG,8107
TCCTGATTGGTTCTAG,8104
GCATGTAAGCTTTTAA,8103
TTGCAATCAGACATGA,8090
TAAGACTAATTAAAGG,8089
GCATCTTATGCAGCTC,8088
ATATAAATGTCACAAA,8087
CTACTGCATGCCACTA,8087
ATATGCTAAGTAAGTT,8085
CGTAAAGCTGAAACAC,8085
GTGAGATGCGTTATGA,8082
TGAAGCAATCTTAAAG,8078
AGAACATTGGAAATTG,8077
ATAATCTGGAACATCC,8074
TCAGAGCACGGCAAGA,8072
AAGTCAACCACCTATC,8054
AAGAGGAAGCGTCCAA,8053
GCGGACACAAATCTGC,8053
CAGCTTTTCAAGCCAA,8048
TTACGGCGCGAAGCCT,8043
GATACAGTCGCGCGAA,8041
GATCGACCCAAAGTTA,8041
TATAGTTCATAATACT,8034
TCTATAGCCTAGAAAA,8034
TGATGTCACCCCGCTT,8030
GTTAAGCCGTATTTCC,8027
CAATTCAAGTATAAGC,8026
TTATGAACCACGCCAG,8024
TTCAGACCATTTTTTG,8022
ATTTTGCCATATAGTA,8020
AACACCTCATCAGTAA,8016
TCGCCAAATTAATTGA,8015
AACCAGAACACAGATA,8013
GCTCAACGATTGCGGA,8013
GTTGTTTGTCATGCCA,8011
AAAGACATAACTCCAG,8008
ATACATACTTTGAGCC,8008
CTCCCCTTATACATAA,8007
GGCGATTCATTGTACC,8006
AATAGAAGGACTCACA,8000
CTCTCATATTACAGGC,7997
TACATATCAAGTTACA,7995
TTGTTATCCTCGTGGC,7992
CAGTACGTCGAGCGAA,7990
CATTCCTCCCGGCCCA,7986
GACCGTCCTGGCATTA,7982
GTCTTAACCGAGGATC,7982
ACAAATTAACCAGTCT,7981
ACTAGATATAAAACAA,7981
TGCAGGAGATAGAGAA,7981
AAGGTGATATGGCATG,7980
ATTATTTAAACAAAAA,7980
TAATGAGTAATATAAG,7980
ATTATACCAATCCTCC,7978
GAACAATTTTTCTGAA,7977
GTAGGCCTTAACCTCT,7976
AAAGCCGCATTGAAGC,7970
TAAACCATAGACTCAT,7966
AAATATGCCTCACAAA,7963
TCTGACAACTTCGAAA,7963
ATTTCAGTCTCGGTCC,7961
CTCAGATCGGAAGAAG,7961
AATTTATGAGAGGAGA,7960
ACGTAGCAATAATGAC,7960
TGACGCACCACTTCGT,7953
GCGCCTCCAATCCCTG,7950
AAACGACAATACTATT,7942
TGATAAGTGCCAAAAT,7942
CAACAATCATCTGACG,7939
CGCAAAAGCATATCAC,7937
GAGCATAGACCGAAAG,7933
TGCGCTAGGGACAAAT,7933
AAATCTAGAACATACC,7931
CTCAAGTGACCACAAA,7931
TTGTACCCTGAATAAA,7929
CATATATATGGATTTG,7928
TGCAGTAATCCTATGG,7924
ACCGCCTATATGCCTC,7922
CCCTTGTTCATGAAGG,7920
TGATTAAAACGTAATC,7917
AGATCGTCCAATACAT,7915
TGCGGACAAATTTACC,7914
CATAATTTTTTTGGTA,7912
AGAGTTACAAATTCCA,7911
CTCCGTTAAAAGTCCG,7910
TATACAACTATAATCA,7910
ATAGCCCCGACCGCAT,7909
GTATGCAACAGTCAGC,7905
AGACCGACGTGATGGG,7896
ATAGAGCTCGCGCATA,7896
TATCTTGTATAGCTAA,7895
GTGTCTCTCTGCGACA,7894
TTACTTCCATCAATAA,7892
ACATCACCGTGCTAAG,7891
GGAAGAAGCGTCCTTT,7883
TACTAACTTTTAAAAC,7883
AACAACAAAAGCGGCG,7880
AAATTGCCACTGACAC,7879
AAGCTCTTATAGCACT,7878
GAAAGCACAGTCATTT,7876
TTCGATACCTAAGGTG,7872
ACACTGATAAATATTA,7871
GTTGGAAAATTTACTC,7870
TACTAAAACGCGGAGT,7870
ATCAAACTACAGCACA,7869
GTCCCACTGCTGCTGT,7869
AACACTAACATTAAAA,7868
GTTTGACGGAACACAC,7864
ACACTGAATTGTATTA,7856
TTCACGTTGGATTCAA,7856
TTTGGAACAACTAGGA,7853
CACAACGGTTGCTAAG,7852
CGGTTAAGCATGACCT,7852
CTCATCGTATACTTTA,7852
TATAAAGTACCGTATT,7852
CATATTCAGATAAGTG,7851
GCTCTCTGTTATGTAA,7851
TAGTACCACAGATCAG,7850
GTAAGCCCCAAATTTA,7849
GGGTACAAGTAAAGAT,7847
ATATTACATGGTAGGG,7844
AGATGAAAACGGACTC,7843
AACACTGATTCTGAAC,7842
AACTAATTCCCTGGAC,7840
TTGCAATACGACCTCG,7835
GGTCACCCATTAAAAA,7834
AAATGGCATTAATCCA,7829
AAAATCCAGCAAGATG,7827
GGGATCTACCTGAATA,7825
TAGTAAAAGAAGGTAT,7824
CGTACGTTTAAAATCA,7822
GTTGCCGCCAACAAGT,7822
AAATATTACCTAAATA,7819
TGGACCTACTCGGAAA,7818
GATACGGAGCTCTATT,7815
TATGTTTTGAGACAAA,7812
AAAAGGAGAGCTATCC,7809
TGACCGAACCGGACTC,7809
GTTAAGACCAATTACA,7805
AATAAGAACTTCTTTT,7803
ATACCAAAATTCCTAT,7798
CCAAACGAAACAAAAA,7798
CTACAAGAGGACCTAC,7798
AGCTGAATAAGGACCA,7796
AGAGTCCTTATATGAA,7795
TTGAAACTTAAAAAGA,7794
TCGAGCCCAGAGGTGT,7789
GTTAAGTGTAAAACAT,7787
TGAGGTTGTTGGAAAG,7787
ACACCCGCGACGACAA,7782
CAATCCTGACGCAGAA,7782
TAACCCTAGTACAAAC,7781
CCCCACGTACTATCAG,7780
AGGTTAAAGTTGCATG,7778
GTCAGACATGAGTCAC,7777
GATGCAAAGGGCTATA,7776
GTCTTAATCGCCCATT,7775
AATAATTTACTATGAC,7772
CGACCCGACGGGAAGA,7772
CGAAAAATACTACGGC,7771
CCATACCAACCCTCTA,7766
TCTACCCATACACAAG,7762
AAGGAGAAGGGCCTAT,7756
TCATAACCACAGCCCA,7756
AGCTTAATCACAAAAC,7748
TGGAACCCTATCAATG,7747
GAATAATCTCCTCACA,7746
AAAAATATACAGACAT,7745
GGTCTGACACAGTAGA,7745
CCAGCCTAATTGCAGG,7741
AGTTTTATGACTAGTA,7737
TAACTAGTGGAATTTA,7737
TTCGCCTTTTACATCA,7734
CAAGCTATTAACACAC,7732
GAAAATGAACTTCTCC,7728
TTCCGCTTGACAACAT,7727
CTCAAATCCATCAATC,7723
TACTGCGGCAACTCGA,7723
CAACAATGACAGTACA,7721
AAAGGACCATCTCTAA,7716
ACTGTTTCCAACCCGT,7713
TCGTCAGCCTAAGTAG,7712
TATTCAGTTCCGACTG,7709
CGAGTACACGAAGAAC,7707
CGGATGCTACTGCTCA,7707
TACAAATAGTGAAACC,7706
AAAGATTTTCTGTACT,7702
CGATCTGTTAAGGCAT,7700
ATTTGTGGACCTTATT,7699
CTCTATGAATGAAACT,7695
TCTAACAGGTTTAAAC,7694
ACTGGTGTATATGGCC,7692
GACGCCAGGACGGCCC,7689
ACCTACCCAAGGAACA,7688
GCTTCCGTACGAGAGA,7688
TGTTACTTTAAAACAA,7688
AACTCATATCGGTGTT,7687
AAGAATTTCAGACGGC,7687
AAGATGAATCTCTTGA,7687
CATAGACTACTAACTG,7687
TTAGAAAGAAAACAGG,7687
TAGAAGTAATTAAGCA,7686
GCCGAGTATAATTAAC,7683
ACTCTACCCCACCAGA,7680
CGATCGTTACATACAC,7679
ACCCAATACCCATTAC,7674
TACTCCTAAAAATCAA,7673
CGGACCCAAGGGACCT,7670
ATAATGTCAATGAATG,7669
GCACGACCAGTACAGA,7667
ACCACCCTGACTTCAT,7666
AAGCCCGAGCCTTACA,7665
CCAGGACATCTAAAAC,7664
TTACAAATCATCTGCT,7662
TAACGTTAAATGCATC,7656
ACACATAAAGCTATAA,7655
AAGTAGCAGCACGCTA,7651
AGTATCCTGAAAAAAG,7651
CTATTAAAGTCCAGCA,7649
CCCACATTCGCAACGA,7646
GCACAATTTGAAAAAA,7645
ACAATCCGCGAAGGCT,7643
TGCGGTAAATGTACTA,7641
ATGCCTGAAAAAAATC,7638
ATATGAAACACTGAAA,7636
CGAGAAACGAAAATCC,7632
GCAAGACAAAGCCCCC,7632
TATGACGGCATCTAAG,7631
CTACTAATCTAATAAG,7627
ATAGAAACTATCCACA,7625
AACACACCCTAATGAA,7624
GCTCAATGCTCGTATT,7619
ACTGTCCATTGGTGCA,7616
CACGTTAAACTTACAA,7616
AGGTACTTGAAAATAG,7613
TAGAACCACAAAACCT,7609
TGTGGGGGACCTCTTC,7607
GTGTATACATGGATAA,7604
ACCTAACATCTTCATG,7601
CAAAAGGGTAAAGTTG,7598
CTCGACAGCCCAGAAA,7596
ACAGAACGTAAGTATA,7595
ACTACCGGGATTCTAA,7589
TTACACCACCTTATAT,7589
TTATAATACCTACACC,7587
ACTCAACACATACACA,7585
CCTAAAATGCAGAGTA,7585
TACTTACTAGGACTCT,7579
GGACCACAATACAAGT,7577
TGACTAATAATGACCA,7577
GCACAAATCGGTACGT,7576
ATTAGTGTGTAAAACG,7575
CTTTTCGTCGGTATTC,7574
ACGCAAGGCAGCAGTC,7573
GCGCCAGGCTAGACCA,7573
GACACCAAAAAATTTC,7572
CTAAAATGAAGCGCAA,7571
CACTGCGCGAGAGTAA,7563
AAATAAGATAAGTCGA,7562
TAAAGTATTAGTTACA,7560
GCTACCATAAAGCCTG,7559
GAGCAGGGGTTTCAAA,7558
AGAACACATTTAATGG,7555
TGATTCACCTAGCGAT,7551
AAATGATTATGGAAAG,7550
GGGCGTAATATGAATA,7550
GAACAACAAAAGCGCT,7549
AATTATTATGCACATA,7548
GCACCTTTAAAATCGA,7546
CATCTGCGTATTTAAT,7534
GTCCTTTATACTTCAC,7527
AGCAATCAGTTATTAT,7520
TTTATTTACTGCAATG,7520
ACCATTCACATCGAAT,7519
CCCAAAGTCAGTAAAA,7519
GAGCAATGGCTTCATT,7514
CGCCCATACAAAAAAG,7512
TTATTTAATGTTAATC,7511
TTATAACTCACTGCGC,7509
ACTCTAACATCCGCAA,7507
ATGCGAACATTTGACC,7506
CATTAGACAAAAGATA,7506
GTTATATGACTCCTAC,7506
AATGAAACCCAAGATT,7503
AGCTTTGATCCAAAAA,7502
GCGTAGACACATTCTG,7502
TTCTCCTGATTTCTTG,7502
CCACCAGTCCTCGTTA,7500
AACTATACCAAAAGTG,7492
ATGTAAGCTCGACAAA,7491
AGAAACAAAACAGATA,7488
ATAGTCAGATCCCTTA,7486
CCCCACCTCAAGTGTA,7485
CTCACTAAAAAGACAC,7482
GCTGAGTATTTCTGCA,7482
CCCAAATCCGTGACCA,7481
ATAATCCCAGCTCTTT,7479
AATGTTGGATTGACGG,7478
TTTTGCCTAATAGACA,7475
AGGATAAACTACGAAA,7474
TAACAAGAATTTGAAA,7471
CTCGGCCTAAAAGCTG,7470
CATTGGATATCTACGT,7469
TACGAGATATACCGCA,7469
TAGTAGTATCATACGC,7468
AACGACCAACTACTAT,7466
ATGCTGTAACCGTAAC,7466
AATCGCACCTGTATGA,7458
CCGGGTAATCCCATCC,7457
CAAACCTGACTTCAGT,7456
CGTGCAACATAAATAA,7455
TGTCAAAATTCATACG,7455
AAAGAATAATGATGGT,7447
CAGTCTGGACCAGGAA,7444
GCGGGACCGTGTTAAT,7444
TGACAATTACTGATAC,7441
TTTGGACCGGAAGACC,7439
TAAATTTGACTTGGCG,7437
TAGAACCCCACTGGCG,7433
AAAGACCAAAATATCC,7432
TACTAGTACAAAGTTG,7432
AAACGCTGACACAGCT,7431
TATACCTAACTGTTAA,7430
TTACAGGCCCAGAGAC,7430
TTCCTCCACGAATGTA,7430
ATTGCCATATCGAACT,7428
AACACCTCTAAGTTAA,7424
ACAGATCTGCTATGAT,7424
TATCCACATGTGTATT,7424
TTCCTGATTGTTCCAA,7416
AATGGAATACTAACAA,7411
GTAATTACTAAATCGC,7410
CAACACGATTTAGTTC,7409
TACTTGAAGAGAGCGA,7405
CGCACTTAAGACGCCA,7402
CAACATAATATACAAA,7401
TGGTCCGCTAATAAAC,7400
AACGTAGTAAAAACTA,7399
GGAGTAGAATTCTAAA,7399
ATAACTACTTAGATTA,7396
GACATCTACAAGAACC,7395
GCTGTAGTATTAGGTA,7394
TATCCCATTAAAAAAG,7393
TTAAAAGTTTCCTATT,7393
GCGGAAAAGCGGCAGC,7388
TAAAGTGTAATACAGC,7388
GTCAGTGACCCGTGGA,7382
TCCACCAGTGAGCTGT,7381
TTTTATCACTAACCCA,7381
AGGGGACATGAATCTC,7380
CGAACGAACATAGAAC,7377
CATGACACAAACATAA,7376
GTCGACCCGATGTGAC,7376
AAACACAAACAAACAC,7373
TTACTCATAGTAAATC,7373
AAGGGCCCTAATAGGA,7372
CTAAAACTAACTGTTA,7372
TCATTATGAAATTGTG,7371
AGGACAGTTAGTTTTC,7370
TACACTTCAACTCATA,7369
AACTATAAAACCCGGT,7367
AACCATAAATGAGTAT,7365
TAAATCAAACGTCAAG,7361
GATGGTCGCCTAATGT,7358
AAAACAATAAGAAAAA,7357
TTTTATATTTGTATTG,7357
AGACGTAAGATTCTCA,7356
GTAGGTGCCCGAAATG,7356
AATAACACAGTTTCCA,7354
TAGCAGCACTTGCCAA,7352
CTATTGTAAAAATTAT,7351
AAACTTTCATCGCACC,7350
TCCAACTAGGACGAAC,7349
AGAACCCTGCTGGCCA,7348
ACATAATCCTAATCAG,7345
CTCCTGTCGACAGAAA,7341
GCACATTCGATGCAAC,7340
CAGTTTTCTCGAAATG,7336
TTTGTACATCACTATC,7335
CGCTTTTCCAAGAAGT,7334
TGGTCACGCTTCCACT,7330
GCTAGAAACAAATGAC,7323
TACGAATGACAGTATA,7321
TACCCCAGCGTAGTCG,7318
AGCTTTTAAAACAACG,7317
TTTATTAATACGTATG,7316
AACGGCAGCGTGAACC,7314
TAATCAAACACAGATT,7310
AGTAGCGCGCTATGAC,7308
GTGTTACTTATTATCC,7307
ACTTGCCCGAAGGAAG,7306
ATAGCCTGCGGGATAG,7301
GAAAGACCAAAACACC,7300
TAAGTAAACTATATGC,7299
CCATAACAGTACAGAT,7294
GAGTTAATCAAACACA,7294
AGAGACTAACATCGTT,7293
AAAAGAGCCCCCAGTT,7287
TATAGCGGACACTTTG,7286
GACAAATACGAAGATC,7285
CAACTACATGCGGGGG,7284
CAAGCGAGAAGCTTCT,7284
AACTCCATCAAACAAT,7281
ACCGTTACGTTCTGAT,7281
GTAGTCACAATAACCT,7280
CACAATGGCGGATTAC,7279
AGTTTTCACAAAGTTA,7277
TACTAGCAAAAAACTC,7276
ACGAGTAATGCAAACT,7274
TAAAGTAATCATTAGT,7272
AAGGGAACGAATATAT,7269
GTCCGAAATAAGGAGC,7267
CTACACTTATGATCTA,7266
CTTCAATGTTACCGCC,7266
TTAAAGTTCTTCCACA,7266
ACACAATTTGAGGCTT,7264
CACAGTACCTTAACAA,7262
TCCAAAGTCCAATTCT,7262
ACTCTAAGAAGCAAAA,7259
ACTACATAACATTGGT,7254
TAAGACAAGCCGACAT,7253
CACCGCAGTCAGATCC,7252
TCGGGATTAAACAATG,7250
AAATCGTAGGTGACCT,7249
TCACTAATCTATACGC,7249
CTCCGTAACAAGGCAT,7248
AACGACAAATAAAGCA,7247
GTGTAAGCGCAATTAA,7245
TTCAGGCAACGATTCT,7245
ATCATGCTACATTAAG,7240
GAGCTATAACGGATTC,7240
AATAAGCCCCACGTGG,7238
CGCATGGACGCAAGAT,7238
AGAGAGTATGAACAGG,7237
CTTTATACGAGGACAT,7234
TTTAAAAAGTTGCCAA,7234
TTTATTCTTTAAATGC,7230
AGAAATGACATATACT,7228
CAGCATTCCCACCTTC,7228
AAAAAAGAATAAGTTA,7227
ACCTCTTGGCAACATG,7221
GTTACTTGGCGAATGA,7219
CGGCGATCCGCCTGTT,7218
TATAACTCCAACTCAA,7215
GATACCTTGAATTCGG,7213
GAAACCATCACTAAGG,7209
GTCAACATTTGCAATA,7208
GGCCACATAACAGAAA,7205
TAAACGAGTAAGTTAA,7205
ATTTCAACACTAGTCC,7202
TGAGGTAAAACACCCA,7202
AAGAATAGATGGCAAT,7199
TACTATCTAGCTTCTT,7199
ATAAAGGGGATGTCCT,7198
CCCGCGCGAAAGTCTT,7198
ACCTGTCTATATTTCG,7195
GATGACAATATTGCAT,7195
TCATTAGTACCAAACA,7195
AAAAACACCTACTCAA,7194
GCTCTATCTAACTACA,7189
CATGATGCATGACTGT,7188
GTGATATTCCAGACAG,7188
AATAAATCAAATAGTA,7187
GCCAGATAGCTGAAGC,7187
ACCTACACGCAGAACT,7186
ATATGAAATGACAGCC,7181
GACATACCTAGACACC,7181
ATATGATTTGTCGCCG,7180
GATTTAATAGAACAGG,7176
GATTTCACGCCTTACG,7175
CCAATAACAATAATGT,7174
CGCTTGAAAAGGAAGA,7174
CCTAAGACTCACTGCT,7170
GAAGCCTTCAATAACC,7170
AAAAACAAACCTGAAA,7167
AAACTGCCAAAACCAG,7165
CCACACAGTAACGAGG,7164
CACATGTTTCCTAAAC,7162
CTCTATTTCTATATAG,7161
GAAATTCTATGTAGGT,7161
AAAAAATCTCAACCAA,7160
CAGGCGGAGAATAAAC,7159
TCGTATATAGTCAAAT,7155
ATGCCACAAGAATAGT,7152
GGATGAACCAAGTTAC,7151
CTTTACTCTTATCAGG,7150
TTTTCCTGTCCCAACA,7145
GTACAACGATTGATTG,7144
TGTGCTAGTACTATTA,7140
AAAACTTTGCAGTTCA,7139
AAGTCCGACATAAAGT,7139
CCTATCACGAACAGAA,7137
GATTTGCAATTACTCT,7137
GTTGAAAACCCCTCAA,7136
TGCTGTAAACCAACGT,7134
GAAGGAGCACTGTGTC,7133
TAGGGTCAACTTTACT,7132
AGTCGACTTACAATCA,7124
TATTGAGTTAGCTTCC,7120
TACACATGAGTGGCCT,7119
GATAACACACCTGGAA,7118
ATAATCCGAAAAAGAT,7117
CATAGCCGGAAAACCA,7116
CGCAGGCTGATTGACT,7116
CTGAAAAAGGCTGACA,7113
GCACAAGCATTCGCCA,7111
TAATATGCTTGCGTTG,7111
TACCAACAAAAAACGA,7109
TCACGTCGAATAAAAG,7109
AATATTGGGGTTATAC,7108
CTACGGACAATAGCCC,7107
TAGGTAACTGTGGTTG,7107
AACAAGTCAGCTTCGA,7106
GTGTCACACCATGAAT,7106
GACTTTAAAGATCTTT,7103
TTAACTTATTCCTTGC,7103
AAGTAAAAGGCTACAA,7100
CATAATCAAAACAAAC,7093
TCGTTACGAAATTTTA,7092
AGAGACACAGCTATGA,7089
ATGACGACTCTGACTA,7087
ACTATAGGAAGCCCCG,7086
CCCTAAATGGAAGTTG,7085
ACATACCTACCAGATA,7084
CATCTGCAAAAACACC,7084
GGCTGTAAAGAAAAGT,7084
AATAGTATGCCGAGAT,7083
CGGCAATGTAAGTCAG,7083
GTAAAACAGTCCTATT,7080
GTTTACAACTTAGTAC,7078
GTCTACACGTTACGAC,7076
AGCACTAAACTGATTG,7070
AAAGCTGAATATTAAC,7063
AACCGGTGAGAGCCGT,7063
CAGAGTATAGAGGATA,7063
AGTGCTGCAATATCAC,7062
ACTCATTCAATCATCC,7055
AGCGGGGGTTAAAGTC,7054
TGTGGATATAATCAAA,7053
TCCCCGGCTGTATCAT,7048
AACCAAATTCCAGTAT,7047
AAGACAATTAGTAATC,7042
TGGTGCATGAACAAGC,7040
CGCAAAAATCAATTAA,7036
GATAAAGAACAATTAA,7036
AATGCTACCTTGGCGA,7034
GCCCAAGTCCGCACTT,7034
TAAAATACAATCATTT,7033
CACACTCAGTAAACGC,7030
CATCCCTTGGGACTGG,7029
TAATCCAATCAGCACC,7028
TACCTGAAGCCAGTGG,7028
GTGACATTTGGTTTCG,7024
AGCGAACTTGTTGAAC,7023
CCATCTGATACTCTAA,7018
CCCATCCATCGCATAT,7018
CGCGGACTATACTCCG,7018
TCAGATAACCGGTGTA,7010
AGAAGTGCATAAACCG,7009
AATCAACCCCGATAAA,7008
AATTCACAACCACAAG,7005
ATCTACCTAAGAACCC,7003
CCGTAAACTACTGGGG,7003
GTCTTATCCTTTTCTT,7003
ATTACAGATAACCAAA,6998
GAAACGATTTGGCGAT,6998
ACAAGAGAGTTTTGAA,6996
AAAGCCCTGAGCACGT,6993
TATACTAAACTTAATA,6993
ACTAACTATAGAATTG,6991
CGTAGACTTGCCGTGG,6991
CTATAAAATCCTGCAG,6991
TAACGGCGATGATACA,6991
AACTGTGCACTTAGGG,6990
TTACTGGGATTTGAAA,6989
ACAACACATGAAAGAA,6988
TCAAATGCAGTAAACG,6988
CTCCAGAAGAAGGAAG,6984
ATGTTATTTTATAGAA,6983
TGATACCCGAATCGGC,6981
AGCAACTTTTATGTAC,6978
TAAACAAGTGGTCCTG,6978
ATTGGAAACTTAAGTC,6976
AATTGAGCTCCATTGA,6967
AAGCATACGAAGATTC,6965
AATGGAGTAGACGGTC,6964
TGAAAGCAATCCCCTT,6963
ACAGTCGCATAATATC,6960
AAATTTTAGGTAAGGC,6959
CACTAAAAGTATATGC,6955
TAAGTAGAGACTCTCA,6955
TCCCGTACAACCTGTT,6955
AATTGAGCAACCCTTA,6954
AATGACGGCTTCACCA,6951
TTTTTTCAAGTCCAAG,6949
ATAAGTTTAGGGTGAA,6947
AAAGGACACCAATGAA,6946
GCCAACGCTGCCAGTT,6945
GGTACCTATACAAGCC,6942
CTTATGATGCCACGCA,6941
TTAATTGTTCAATACC,6941
CGATAAGCCAAAAATA,6939
TTAACGACACTCAGAA,6939
GCGTTTATCTGCTTAT,6938
GTCCCCTTTCAGTACA,6938
TCTAACAATAAACATA,6937
AGAAATAAGACTTTAG,6936
GTGCCCGTCCCTAACG,6935
CTTGTCGGCTAGATCA,6934
TTTATGGGGTACGATG,6930
AGAACATACAGCCAAG,6928
CTACGCACTAGCCGCC,6928
CATTCGGAACAAAATA,6927
ATACCACTCTAAACCC,6924
AGAAAGTCATTGGGGG,6923
AACACGACATAAAGGG,6921
AGCCAGCAGATCTGCG,6919
CTGGTATATGCGATAT,6919
AAGAAACCCATGACTT,6912
GACAACGACTAATTTA,6908
AGAAGACAATAAAGAA,6907
CTAATAAATCGGCAAA,6904
GAGTGAATAATGTGCA,6904
GCCCCTAAAAGACAGA,6904
GAAATATCGAAAAAAA,6903
AACCGGCAGAGACCAC,6902
AGCCACAATTTCGAAG,6900
ATGATACGTCTCACTA,6897
ATGTAATACGACTCTC,6897
TACTCCGAGTCAGTCA,6896
TAGACGTGTATTATTC,6893
ATTTGCAGAAGTATAG,6890
TCAACAAACAAAACTA,6881
AATGAAGGTAGTACCA,6879
GATAATCAAAGTCATT,6878
CCGAACCATATTACCT,6877
CCCCGCACCACTAAAA,6875
CCTAACTGTACTCGAC,6874
CGCCAGCCATTGAGAC,6866
GATCTAACTAGCTGAA,6863
CTAAACTAAGACCTTA,6860
GAAATAGCGAGTACTA,6860
TCTCACTTCGCCCTGG,6855
GACTTGAATTAGTTGC,6854
CAGGAGTAACCTTCTG,6852
ATAAGCAAAAACGACT,6851
ATAATTATTTGGACTA,6849
ACATCTACAGCTTCAT,6848
CCGCAACAGTTCAAGA,6847
TACGAAGGTGGCTTAT,6847
ACCGCTTAATGCCATA,6844
TGTACAACTCCTAAAA,6843
ATTCAAAGACAACCTG,6840
ACCTCGAGGATCACAA,6839
CGTCTGCAGATCCAAC,6838
TCAGCTATAGCCTCAA,6838
TACACGTTGCAACCTA,6837
TAAGTGCGAGGGATCT,6836
CTGCCAAGCAGACTGA,6833
ACAAGGCAAAGAATGA,6832
CTCGATTTAAAAACTA,6832
GAGGTCTGAAGCACCG,6832
CATTATACGACTCTCC,6829
CCCGGTAATCCTTTGA,6827
GCACACAATCCCAACA,6826
TTACGTGGGCACGAGT,6826
TCTGTGCAAGATTAAT,6825
AACATTAACCCCGTCT,6823
AAATTGCACACCATTC,6821
TACCACTGCCAAAACA,6820
AAACGATCCTTTGTTG,6819
ACAATATTATGAAGAG,6819
ATACTGTCTGGTAATA,6819
GACACCATGTCAGTTA,6819
CACTATGAATAAACTC,6818
CTCAGTTAGGTTAAAC,6815
ATCCTTACCCTGATCA,6814
TATTTGGTACTGCACG,6811
ATATCAGATCGTATGC,6806
AATACCATTACATGCA,6805
AGAAATTCGGAAATTA,6805
ATCTTTAGGGTACACT,6803
CGACCGTCAACGATGA,6799
TTATAATAATCTAACA,6799
GATCTCAATGATGACA,6796
TGACAGCGAACACGAA,6796
ACAAACACACGATCTC,6792
CCCCTCCAAATCACCA,6792
AATGGACCTAAGGCCT,6790
CTATCCAACTCTCAAC,6790
TGGAGTTAAATTGATG,6790
CAAACTCATATACAGC,6789
ACAAGCCAACAATTAC,6784
CACTGCAAATGATGGG,6783
TCCAGGACCTACTGCC,6782
CCACAAGATATGCCGA,6781
GTGATCTAGGTCCCTA,6778
CCGAACATAAATAAAC,6777
TTCATCATAGTCTGTC,6777
CCCCAAGACACTTCCT,6770
AACCCAATGCCCACCT,6769
ACCAACAACAAAACCG,6766
CAACCATTATTAAACT,6763
CGATTTGCTGAGAAGT,6762
CGCATCGTACGATGCC,6762
CTATTGTATTACCCTA,6762
AATACTGACAGAATCG,6760
AATTATTACTAGGATT,6760
ATCATGATTAAAAAAC,6758
TGAGTCCACATAACGC,6755
ACGCCTGTTCCTGCTG,6753
GACATTTCAGGCGTAC,6749
AGGCAATGCTGGACCG,6748
AGGTTTACCTAACCTA,6745
AAACTTATATACAGAT,6744
ATGTAACTGATTTTTT,6743
GGAATTGGGGCTGCGC,6743
CACTCTGGTTGCAACC,6742
AAAGTGAGGTAGCACA,6740
AGTTAATTAGCCAAAC,6739
GTTGATAGAGTAATTT,6739
ACCTTTTATCACGGAA,6736
GCGAAGACAGATCGGA,6735
AAGATCCACATGACAA,6734
CGATAACGACTACAAT,6734
CAAAGGAGTGGGACTA,6732
TTCATTGCAAGACCCC,6732
AACCTATCATTAAAAT,6726
AATTCTCATCAATAAT,6725
AACACTATGAGAGCGA,6722
GACCTGAATACTCGCT,6720
GTTATCGCAAGTCATT,6718
CCGTAATTTTCTTATC,6717
CTTCTCAGACAATAAC,6717
TATATAATTGCGGAAA,6717
TACACGATAGAAGTCA,6712
CCGATGAATTGGACTT,6711
CCAGCCCGCATCACTT,6709
GACACGAATCGTATCC,6705
AATATGAATGAAAAGA,6699
CACCTGATAAATGCAT,6698
GCTAAGTATTGCCAAG,6696
TCACTTTTATTACGGG,6695
CGAAGTTTGAATACGA,6693
CGGTAGTCTGAGCCGG,6691
GAGCTTAGAAATAATG,6691
TCAACATGAAATAAAA,6691
AAAAATTTATGCTCTA,6689
AGACCCGAACCACATT,6686
CCCATCTTACACTGAT,6682
CTGAGAACCCAAAGCC,6680
GTCAAGGAATACTCTA,6679
TCGCAGCATAAAAATG,6678
AGAATTTGCTTCATTT,6672
TTACAGCATCCGCTAC,6671
CAGAGGAAAAAGCTAA,6670
TAAGACGGAATATAAG,6668
ATCCTCGAGAGCAAAG,6667
TCGGAGTGTTTCATTT,6666
CGCATCAGCACAACGA,6665
GACCCAAAAAGTCGCG,6663
GAATATGAGGACAATT,6661
ACTCATTTTAGTCATG,6660
GAGGTACAACATTTAC,6658
TTACGACAATCAAGAC,6658
GGACGATACAACCATC,6656
ACTAGGAATCCCGGAT,6655
AGCTAGTGATTCTATT,6655
GATAAATAAAGCCACA,6653
GAGTGCCGAAATTTTA,6651
ACTAATGAAACAATAA,6648
AACAACTAACCAGAAA,6647
GCCGATTCGAAATACC,6646
ATCATAGTACACATCA,6645
ATCGAGATGGCGATAT,6645
CTGTCTGAGGCCAAAG,6644
CTGTTAAAAAAATAAA,6644
AGGCATAGTCAAAAAC,6643
CGTCGAACTTTAGAGA,6643
ACCATAGATGGGGATA,6639
TGCTATGATCACATCA,6638
GTCCGCGAGTTTGTCA,6636
GGCGCCTTGGCAGTGT,6635
TGATGAGGGAGCAATC,6634
CGCAATAGGATGTACT,6629
AACAAGAATTACAATG,6628
GCATATACCCATATCT,6625
GAGAAAGTGTGTAGCA,6624
CACAACTATGGCACTA,6622
AGGAGCTGAGACTAAC,6621
ACTGGAAGCCATCGTT,6620
TAAATCTAAAAAGGCA,6619
TGATATGGAAATTCAT,6619
GTGAGAAGAATTCTTA,6617
TAAAGGGCCTAATACG,6617
CTGTCATGTGCGCGGA,6616
GACCTCAACAAATAAT,6615
TTATGCAGAAGTCTCC,6614
TTTTGACCAAACCGGC,6612
ATGCTATGATTCTCAT,6609
CTGGCTATTGTTAAGT,6608
AGATAGTCAATTTACC,6606
GAAAGAAAACGAACGT,6604
TGGCCAACTTCGTAGG,6604
TTGACCACATGCATGG,6603
TACTAAGAAGATTGGT,6602
TACGGAAGATTGATGT,6601
CCAAAATACCTCCAAT,6600
AGCGATCATTGTATCA,6598
CTAAACAACGACGTGA,6597
GCAGAGCACTTTCCTG,6594
GGCCGGGAACAAAGCA,6593
GGAAGACGACTTCTCC,6590
ACGAAGGCCAATGAGA,6587
TCCCAAACAAAACTTA,6587
AACAATTGATACCTTA,6586
GAGACCAGTACGAGAG,6582
TAGTAATGATATAAAA,6578
AGTGTCCGTACTTGTT,6576
ATTAAATAAGGTGTCT,6574
GCCGGTATACGAAACG,6574
CAGACACCAGATAAGG,6573
GCTTTGCCACGAAGGT,6567
ACAGAAAGCCACTTAG,6565
GCGACAACATGCCATC,6563
CAAGAGACTCCATCAA,6562
GGATAAGCTTACGCTG,6558
ATAGGCTATCCATGAG,6557
ATCTCAAAACTCTAGA,6557
CACAATCAGAAGTCAG,6557
ATATACATGTCAATAG,6556
GTACGTCGAATGTAGT,6556
CACGGCACATAATTCT,6555
AAGAAGTTCTTGCAGT,6554
ACTGAATTATGCACCA,6554
ACTTCCACCGCACGCC,6554
CGGCCATTTTAGATGA,6552
ATTATTCTGCTCCAGC,6550
ACCGCTTGAATTAAAA,6548
AAAGCTGCTGGTAACG,6547
ATCTTCAGATGGAGCT,6547
TACATGTCTCTGGTAT,6547
TCAGTACTAATGACTT,6547
GCACAAACAAGGTACT,6545
ACAAAATGAAAATAGC,6544
CAATTAAATTGAATGT,6541
GCCGGTGGACTGATTA,6540
ATGTCCAACATATGCT,6537
TGGCACACCTGATTAG,6537
GGTTTGAGACCCGAAC,6536
TCACGTCCAATATGGT,6535
GAATTGTACCAGCTTC,6533
GCCGGACAAGACTCAC,6533
TTAACATACCGACACG,6532
AGTGTACAATTAAAGT,6531
CCCTGAGGTCCTTGGG,6531
GTTGACACGGAACGTT,6529
TGTATCAAAACTCCAG,6529
AGGATATTTGAAATGT,6527
AGACAATACTAACCCC,6526
CATATTATAGATACCA,6525
CAATTATGCAGTACGA,6524
ATCTCGAGCAAGAAAA,6523
AAGTTCGTATGTATGT,6521
CAAATCAAACTTTTAT,6521
AACAACGCACTATAGA,6520
CAATTCCGTTGGCCCC,6519
AAGAAAAAAATATCCC,6517
ATCGCACGACCTTTAA,6514
GGGTAAACGCATCCAT,6514
GACGCACAAACTACGA,6509
TAATCGCTACTTAAGC,6507
CGCTAGTAAAACAAGA,6506
TGTTAATTACAATCTC,6505
ACTAATCTCAAATGCC,6504
GCCACTATGATGACAT,6504
GGTTGTCGGTTGGAAA,6504
TCGTCGTAATCATTCC,6504
CCGTTAGTCAGAACCC,6503
ACAAAAAAACACCTCA,6502
ATGTACGCGCGAGTAA,6500
CCAGCACGGCAATACC,6499
AAGCCAACTTGGACTA,6496
GGAGACGAAAGTAGAG,6496
ATTAGTGAGACAAGTG,6494
CCTCGCCAATAGAGAA,6494
GACCGAACCAAGTCTC,6494
GAAATTCTACCTCATT,6493
GCTTAACAAAATAGAT,6492
AGTGCGTCTACTTCAG,6491
TCCCCCCCCCCGAGCA,6490
TGGTTTATAGACGGTC,6485
TTATGCTAAAATACAA,6485
AAAACACAACTATAAG,6483
ATATAAATCAACCTTT,6483
AGCACTGGCCCCACCA,6480
CAGTTTACAATGAAAA,6480
AAGATATTAGGGCAAG,6478
CATGCACTAAGTTAAT,6476
CCTGTCTATAACTCAT,6474
TCATGATTAAAAGGGC,6474
TGACAGCTCTCAAGTA,6468
TAAAGTGCCCACATGA,6467
GGGCGACGTTGACGTA,6466
CTCGCAAAACACTAAA,6462
CGCCGGATAGCTAGAG,6461
CACAGCACGACGTTCG,6459
ATACGATATTCCGCAA,6456
AGAGAGAATTATCCGT,6449
TGGTGATATTGAATGT,6449
TGATAAAAACACTAAC,6448
TGATAACACGATAAGA,6448
GAAGCCTAGAACATGT,6447
CGAGCAACCGATGAAA,6445
ATCATTACGGAAAATT,6444
ATCGACAATTCCAGTT,6440
GAAGATATCTAGAAAA,6439
GCACTTTCGGTTTGCG,6439
AGATAACACAGAGGAT,6436
TTCAGAAGATTGTGAT,6435
ACTACGCTCAGAGTGA,6432
CAATTCATCTAATTTC,6432
CAAAGCCCAGTTCATA,6430
TGTTAACTTGAGTGAA,6429
TTCAGGGAATTTATGA,6429
CAACCGCTAAGCCGAA,6427
TAATGATTACGTCGCA,6427
GACGAAACGACCAGGA,6425
TAATTTCAGCTATGTG,6425
CCATGCAAGCAACGCA,6424
GCCTACGTACTACAGC,6423
CCAATTAGAGTTCGCA,6417
ACCCATAGAATTTTCA,6416
GACAGCAATATGCCTA,6414
TAACTACGGAATACCG,6414
ATGGTATACGCCATAG,6411
TTATAGACATTATAAG,6411
TCGTGCTTGTCTACAA,6406
ACATCATAAGAAGGCC,6404
TTCTATAATACATGTA,6404
GTAAAAATCAGACTGA,6403
GTGGAGCCTTCAAACA,6400
TGTCAACGACACGACC,6397
AGCAAATTCCTGTTTA,6396
GAGCTGCCAAATTGAC,6395
GTAAGGACCATCTTGA,6394
TGACCCCTCTCATGCG,6393
AGGGCGAATTAATTAA,6392
CAAAACATCACGTTCG,6391
CGATCAAACATTAAAA,6389
TCGATGTTCCATTGGA,6389
GATGTGTCATAATTTG,6388
AATGTGGTATCACCAT,6384
CTAACTCATGGTGGCG,6383
GTAAATTCCGATAAGA,6383
TATTACACAAGTTGAA,6383
AAATTCGTTGAGACTG,6381
AAACGCGCGGAGCAAT,6379
TAAACTAACGAAGTGA,6378
AGCTCGATTGAATTTT,6375
TATATAATACATTAAT,6373
GGATGCTCTTCCTAGG,6370
GATGTCAGCACTCGGA,6368
CGCTTATTCACTTAAT,6367
GGGCACATCACCAACC,6367
TCCGAGTCATAGCCTC,6366
TGAGTAGCGCTCCAAC,6365
TTTAGTTGGGGTTCAA,6362
CACCGACGAACTCTAC,6360
TCCGGGTAAAGAAAAA,6360
TGTATCGGCGAAGGGC,6358
ACTTTTGGTCCTAGGT,6357
GGGCAACATGAGCAAG,6352
AGGTAACGACCAATCC,6349
AGGGACCGATTTAGAA,6348
TACATGAATGAGCGAC,6348
AAAAAACAATGTGTTG,6346
TTGGTGGAACCCCAGT,6345
TATGTTACAAAATCAA,6344
GATTGCCCTAAGGACT,6340
TCTTATCCATGCGTCA,6339
CTACCAAGGAAAAAAC,6337
CTCCATACTCCGTCCT,6337
TTGACTATGCTGTGTT,6336
GGATAGAAATGCAGTT,6334
TTATCTGATGAGCTAG,6331
GCCTGTTTCAGGACTA,6330
ATACAGGGATTATAAT,6329
AATGTACTTGCGGTCC,6328
CATCACAACCGGGTCT,6326
GCTATGTTATATTTCA,6325
ACCACTGTCATAGCAG,6324
AAGAAACAACACCACA,6323
AATAACGCATCAAGGA,6318
GGATCAAATGTCATTA,6316
TTCAGTTCATACGGTT,6315
CTAGAAGCTATCGCAC,6314
TCAAACTGCAGGAAGA,6314
CACGTTATATGTTTGA,6312
TGTCACGATCCTGAGG,6312
TTGTAGAACCGAAATC,6312
TCACTCGAAGCGTAAC,6311
CACATTTCGTCATGAA,6309
GGCGGGCGACATCAAA,6309
TTAGACATAGATGGAA,6305
CAGAGGAACCCGTCAT,6304
GCGCTCGAACTGATAC,6304
TCCCATAAAGTAAACT,6302
CTATTGTTATGTGCAC,6296
GCAACGAAACACCACT,6296
GGTCGCATCGATTTTA,6294
AACTATACCTATCAAA,6292
GTCTCCATGGCGCTAA,6291
AACATGACATAGGCCC,6288
ACTGACAACTGCTTGA,6287
GAATGTGCACCAATTC,6287
GTCCAGCACATCTCTA,6286
AACGAATGTCAACATA,6284
GCCAATAGTAGTTTTG,6283
TGGTATGAAATTTCAT,6279
CGACCGTGAATAGTAC,6277
CCATCCCTCTCTTTAC,6276
CGTTTGCATTAAACCA,6276
GGGCGCTCTTTAAACT,6276
AACGGAACCCTGAAAG,6271
CCAACAATTGATTGAC,6271
GCCACAATAATTAATA,6266
ATACCTCGTGAAATGC,6264
TCTCAACTAGACTGGG,6264
TCGTAAATAATCTGTA,6263
ATCAAATAACTTACTA,6262
TGTGCAATGATTAAGT,6261
TTACTTCTAGCTAAAT,6261
TCATTGAGAGTATATT,6257
GTACTAGAGACTCGTA,6254
TACATGGCCCAAAAGA,6254
AAATAGTCGCTTTATG,6252
TGGGAACTACGAAGCC,6251
TTTTCTACGAAAAATT,6249
ATTGTCTGTAAAGCCA,6246
TGGGAACGTTAGCCAA,6246
AAATCTATAACGTAAT,6245
AGAGTCGGGGGATCGT,6245
CAAAGGTCTCCATCCA,6245
CTTAGGTAGAAACCTT,6240
CAATAAGTCCACTGTA,6239
CTATTACACGAGACTT,6239
ATACAGACATAGGCTT,6238
AATAAAAGCATCAATA,6235
CATGACAATAAGAGGT,6229
GTAAAAGAGCTTACCA,6220
CTGTGAACTGCAATTA,6217
TATAAACAACTAGAAT,6217
AAATGGAGCCTTAAAC,6213
GGTTGCTAACAACGGT,6213
TCCGGAAATGATATCT,6213
AACGTCTGGAACAGGT,6209
ACAATCGTTAACAAAA,6207
CAGACTTTTGTTCCTT,6207
CGAATGAGATGAATAC,6205
TAAATAAAGCGTACAA,6204
AATATATAACACGAAT,6201
CCTTTCGAATAACATG,6201
AGTGATTGAACCAATT,6198
CTCGAAATTATACTTG,6198
TCTGAATATCGGGGCT,6198
AATAACAAAATGAGCG,6196
ATATCGAGAATCGTTA,6195
TAACGTGCTCTACGAC,6195
CTTTGGTTTTGAATAC,6194
TAAAGGACTAGACTAA,6193
AAAAATCATACAAATT,6189
CTGGTCAACAAAATAT,6189
GACCGCCAAGGTCCTT,6189
CGACCCAGTCCCGATA,6186
AGGTCAACCAACACAG,6185
GGTGTTATACTGCGCA,6185
AACGTACTAATCTAAT,6184
TGGCCTGTCACAAGGG,6183
AATGCAAATCAGCTCC,6182
ATTTCAGACTTCTTTT,6180
TCAGGGAGCACGATCA,6180
GTTAACTTTAAACTTG,6179
GTGGCACAAAAGACCC,6171
TGGATGATAAGAAAAT,6170
CATAGGAGAGTTGGTA,6167
TACACATGCAGCTTTT,6166
ACGAGCATAATACGGG,6165
TGTTTCCATCGTCACA,6165
AAACAGTATACTACAG,6162
CGATGGTAGTTGGAGT,6162
ACTGCTTTCCGGTATT,6159
TCCTTGCTGATATAAA,6159
ATCTATGTGCACACGC,6158
GATATATATTATCACG,6157
AAAAGCAAACCCGAAA,6155
GACGCCATCTTTCCTC,6155
ACAGCTTGGTACCATG,6154
AAACAAAGCTAGACGT,6153
AAGTGTAAAGTTCAGG,6153
TCATGTTATTCAGAAC,6152
GTCAGTGCTTAACCTT,6151
CAAGAAAATGGATTGA,6149
GTAAGCACCGGGACGA,6149
CAACCTTAGGAGTCGT,6147
AAAACAACCAGTGTAT,6145
AATGCAACTCATACCC,6144
ACAGGGATAAGAGGAG,6144
TACGCTCGGGACATCT,6143
TGATGCGTTGCCACAA,6143
AAATTTGCATTGTTGG,6142
ACAACAAAGGACATCG,6141
ACATCATTCCCTGACC,6141
ATATTCTAGTAGAAAA,6139
TGGTGATAGCAATTGG,6139
ATCTAAGTAGCGAACC,6137
CCAGAAGTAATTTTAC,6136
TGCAACTACCTTATGC,6127
ACCACCAGTTAAGGAA,6126
AGGACATGTGGCTTTC,6126
ACTACAGCCTGGATCA,6124
ACAATAGGGGCTACAA,6121
TTTATTCATAAGGATT,6119
TTACACATGCATATGA,6118
ATTCCAGGATACCAGA,6115
TCCCGAGAATAAGGTT,6110
GCAAACCGCATTTGCC,6108
GCTGAGACCCTACTAG,6108
AGTACGAACATTCAAA,6107
TAACGCAGCATCGCGA,6107
CAAAATAACAAGCGCG,6104
GCCCCAAAAATACTTA,6102
CGTTCTGTTGCCGAAA,6101
ATACAACAATAATGCG,6097
AATGTCATCCATACCG,6096
ATACCTAACAAGATCC,6093
CACGGTAAAAGGTCGA,6091
CGCAGTATGGTATAGC,6091
GTTATAGGACAAGATG,6087
TGATACATGACCTGAC,6087
GAGATAACTAACTAAA,6085
TCTATACAGATGACCA,6082
AAACCCGAGATCCCAC,6079
ACAGGCATAAGTGTAT,6078
CCCAATAAAAGGTTGG,6074
TTGCAGATACGGGCAA,6074
CATGAAGGCAAAAGGA,6073
ATACGAGCGCAGTCGA,6071
GCTACAAACCCCGATC,6070
AACACAATTAGTATCA,6068
AAGAAGCGACACCTAC,6068
CCTGTAAGATTGACGT,6066
AAAAACAGAGCCAAGG,6065
CGAAAAGATATCACAT,6064
TACAGCACACACCCAT,6064
AGGCCAAAACACATGA,6062
CTACTTGTCCCCTCAC,6061
TACAGAATACAAACTA,6061
GGTCAAACAATAGACA,6060
AACGGGCACAAAATAA,6058
AACACTGATCATCAAA,6057
ATGCCAGCCCCCGAGC,6055
GTACAGATCGGGTACA,6055
CATTTCCGTGAACCCA,6053
TGACCTGTGACCAAAA,6052
GAGTCGGAATCCCAGT,6049
CGAAGTTGGTTAGAAG,6048
CCTCTGAAAGTTTGAT,6047
GTACAACATCAATCGA,6047
GGTTTTTACTTTCCAC,6043
AAGTGCAATCAGTGAG,6042
TAACACATAGCAAAAG,6040
CCAGCTTACCCGACCT,6038
AAACACAAAAACTACT,6037
GAAGAAATTAAGAACA,6034
ACCTTCGGATATATAA,6033
CTGAAATAAGTAATAA,6033
ACGGAGAGCATATTGA,6029
ACGATTCTATATTTCC,6028
TGAGTTACATCCAAAA,6026
GTGCATACAAGCATAA,6025
ACTGCTTATCAAAGGT,6021
TGAGAAATTCACAATA,6021
AATGAACTACATACCA,6020
TAACAACAGCCAGACT,6020
CCCACCAAGGGCTCAC,6016
CCCCCATGTTATCTTC,6015
CTAGTCATCATTACAA,6014
ATAAAGACGTAATGGT,6013
ATAACTACTGGTCCGC,6013
ATAAAGTAATATAAAA,6010
AAATCAGAACTAAGAG,6008
CCAGAAGAAAGACCAA,6007
GAGCACTAACAAACAG,6005
ACAGTAAGTCAGTGTA,6001
GGCTACGACTGACCAA,6000
CGTTAAGCAGCCCCAT,5999
GAAAATACGCAGTCGA,5999
AATACATTGCTAAACT,5997
CAACTGTCTCATACTA,5993
CACTCGCTCAAATCCC,5992
GGCAAAATAGTCCGAA,5989
TGTGAATTGCGATTCA,5987
AAATAAACCCAGTCAC,5985
CGCGGAACTATTATCA,5985
TATCCTCAACATTAGT,5984
AAGGACTCGAGATCCA,5982
ATGTTAAAGCTATTTC,5982
GACAATCTGCTCCACT,5981
CCTTATTCTTACACAA,5980
CCAAACCAGAACAACC,5979
TTAAAGTTGATATGTT,5976
CTAAATTGTTGAAAAA,5974
TATCAACTCAGAGCCT,5974
TAAACATAAGGAGTAA,5973
CACAATTGTTCGGGGT,5971
CAATCCTTAAGGATAC,5970
TAGTAACTTAGCTAAT,5968
TGCCTCAGAATCGTGT,5968
AGAAACATAAACCAAG,5966
ACTCTGGTATCGGATG,5964
GACACATTATCGCTGA,5963
TTCATTCCACGAAATC,5963
AAAAGAGTAAGCGACA,5960
CTAAAAATCGACAAAA,5958
GACGCTAGCCGATTCG,5958
TTTGGGACATAACACA,5958
AGAAGTAATATTAGCC,5955
ATCCGTAAGCCGAGTT,5955
CGGTTCTTACCGACAA,5955
GATTGTAGCATGATTC,5951
ATAAGACCTGAACAGC,5949
TCAGGAATTTTACAAA,5949
AAGCTATTGTATATAT,5947
CTTAAATTTGGCACGC,5947
TTGCTACCAAGAACTG,5947
AAGCCAGAGACGAGAT,5946
AGATTTCAGTAAATTC,5945
CAGAAAGGACCTGAAT,5943
CATCCTCATAACCCAA,5942
GACGACTATATTGTTC,5942
TCACAAGGACTGGAGG,5939
TAGCACGGTGCCCTCA,5938
TTTGAAGTTTGCGTTA,5938
AGGTCGACTATTCAGA,5937
TGAATATTTCTATTGA,5937
TAAAATTGCAAAATCC,5934
AATAACTTGTTGATTC,5926
ACGACCGATCCAGGAC,5926
AGAAATGCATAACGAC,5925
CTCAATCAAAGGAAAT,5923
CCAAATTTCCAACCCC,5922
CTCTAGGCGTAGCTAC,5922
ATTCAGGACCCCGTCC,5921
CTTCTTTGGCTATAAA,5919
AGATAAAGAACAATTC,5917
AGTAACGAGTTGATAC,5917
ATTGACTAACTAGCTA,5916
ATTCTCGCTGCTAAGA,5912
CGATGGAAACATTTAT,5911
TGTGGCAATTAGGTCC,5911
TTAACTTCTTAGGTTG,5909
CTCAAACTTGAGACAG,5907
AATCATTTATGATAAC,5906
CGAAACCTCTTTAACC,5906
AGGCTCAAGAAACATG,5905
CTTGACTCATCATATT,5904
TATGAGGACTTTTGGC,5902
AACACACATATCTAAT,5900
AATTACCGAAGTGTTC,5898
TCAAAACCAAAATGGA,5898
TTAAAACTTGCAGCAC,5898
TACAATTTCAATATTC,5897
ATATATAGCTTTTCCA,5895
GTCAGCCCAGACACCA,5895
TTTCATGATCAAGTAT,5894
TCAATAAAAATTTACA,5892
CAGATCAACGAATGAT,5889
CGGGAACGTAACACTA,5888
TGCCCACCGACCTTCG,5886
TCTCATAGCCGTAAAA,5885
CACAAAAAGGGCAAAG,5884
CTCATCACTAGATTAA,5884
TGAATAGCTTTAGGAT,5883
ACACAAACCCAATTAA,5882
ATCTGTCTAAGACACG,5882
CCGTGAGACGCCTAGA,5878
ATACACATTAATCGGA,5874
GAGAAGACCTACAAAG,5874
CATACGATTGATATAC,5868
GAGTCCTCAAATTCAT,5865
GCAACAGCCACAAAGG,5865
TCAGAGCATAAGTTAT,5865
CTGTATTGCAGTAATA,5864
CCGATAATACTGTCTT,5863
ATTATCACTCAGGCAA,5861
GTGGACGCAAGAATTG,5861
TAGATACCGATAAAGA,5861
TGTTAATAGCGAGAAA,5859
AAGACCACAGAGCTTA,5857
AATTTATGTACCTAAC,5855
AGTTCCGTGAAGGAAC,5853
AATCCAACATTTCCTA,5850
AAGCCTGCCATCAACC,5849
AGAACAGATGTAGTTA,5848
ACGTAATCGACAAGCG,5847
CTATAATGATAAAAGT,5847
GAAGCCGAATAAACGA,5846
AATTAATGTTTTCCTT,5845
TAGCAGGGCACCAGAA,5845
CGCTACAGCACATAAG,5842
ATATTAATATCCACAA,5841
AACTTCCAAGTTGCGA,5838
GTACTTTAGTCACCAT,5838
ATAATACATCAAGACT,5837
AACCTAACTACGATGG,5836
CCACCTGAGTCTACCA,5836
TCATAACGCCCTAAAA,5835
AACAGTTACCATCTCA,5834
TTGAATCGTCCCTGAA,5834
TCGAAATCGCCCATCA,5830
AAAGCAGTTAGAACTG,5829
AACCTACGCCACAAAC,5829
CACACCACATAACATA,5828
AATCCACAGCCTGCTA,5827
TAAAGAGGGCCATATT,5823
GGTAGCAAGACAAAGC,5821
TATCAGCTACGGGTGA,5821
ACAAGAGGATCGTAAC,5819
GATAGAACAAATACAT,5819
AAGACCAGATCCCTAA,5818
ACAAGTGCACAACTTG,5818
CTAAATCTTAGAAATT,5818
AACAGAAAGCATTAAT,5817
CCCGGCCTTAACCATT,5815
ATAATTGACCTCGTTT,5814
TACATAAGTAATACGA,5814
TCAATATCTACTTACA,5814
TAATGCAACTACTATA,5813
GCAAACTATACCTCCT,5811
TATCTAGAGCTTTAAT,5807
ATATCCATAGTTCCTT,5806
CCAAGGGTTGATTAGA,5806
AGAGACTGGAGTGTTA,5805
TTAACTCTCCTGAACA,5800
CCTACAACGTTAAGTC,5799
AACATCTGCGACAATC,5798
AGTTAAAAAACATCGA,5797
GAGAAACGCCCCTGAT,5797
AAACGTCATCTAACGA,5796
AAATTCACATAGCTAA,5796
TTCCCTTAAGCCTCAA,5792
GCAATTGCTTGACTAT,5790
GGCAATTAATAAGACC,5790
TAAAAAAATCTAAGAG,5789
ACAAAAAAGTGTAGCA,5787
TAATGCTTTAAGTAGC,5787
ACTCTGTGGCCGAAAA,5784
TGGTAACATGTCCATG,5783
CCCACTATCCCCTGGA,5781
CCGGTTCGAGACCGAC,5781
TTGAGTATTACAACCG,5781
AAATTAAACACAAACA,5779
AACGCCTTACGTTACT,5778
CCTATAAGTAGCTGAT,5778
GCGAATTTGCTATCAA,5777
AGAACTTGAACTAATT,5775
CTTTCAACAACACACC,5775
TAAAGAGACACAACGA,5773
AAGAAAGAAAATATCT,5771
CTCTAACCAAGGCCTT,5771
TCAAAAAAAGATTGGT,5771
TCGGATCCTTGACACG,5769
ACAATATAAGGAATGG,5767
TTTGATCAAAAAAGTG,5767
CTGATCCCCAAACCAA,5766
TTACAAAACTATCTAT,5766
GCGTGCTTTCGAGAAA,5765
CACACTCACCATAAAT,5764
CGAAAGAGCCTTTGGA,5764
ATATTGGAAAGTTGTA,5761
GTCAATTCGATTTTGC,5761
GGATTGCAAGAACTTG,5757
TGATAAAACAAGCTGA,5757
TTAGTCTTAAATGAAA,5757
AAAGAGTAATATGTGA,5756
CACATAGGGTGAAACA,5755
TAATTGATACTCTAAT,5755
ACCAAGACTATGTAAC,5753
ATACTTATTGGCACAT,5753
CTGTACGATTCAGGGT,5753
ACTTTCTCCCCCAACC,5750
GCATCATACTCGGCCC,5750
CAATTACCGGACCCTG,5749
AAAAGTTTAATACCAT,5747
AGGAATTACAGTGGAT,5747
CATTTACGTACTCGAG,5747
ACTGATACTGTGAAAT,5742
GAAATGAAAAATATGC,5741
GATGAGAGAATAGTTA,5741
CCATTACTGTGGAAGC,5740
CTAACTAAACTGAGCT,5739
CTTTCGATCATGAAGC,5739
AGGCGTCAGACCTACC,5738
GAACACACAATCCACC,5737
GCCCAGTTGACGCGCG,5737
TCACCAAATATTAGCA,5737
ACTAATGACGTACTAC,5736
ATCAGCAATTACAAGA,5735
ATCTAGAAGTACTAGT,5735
GATATTATAGCCCTTA,5735
TCCCATGAGTTCGACA,5728
TACAACTGCCCCAGCC,5727
TCATTTTATGACTCAT,5727
AGCCTTACAAAAACAC,5726
CCACCCACCAGTAACA,5726
GCCCGCCCACCTGAGT,5725
TCCAGACACTACAAAG,5725
GTTAGTATTTATAAAA,5724
TATAAGTCACGAATTC,5724
GGCAATAGAATTACCT,5723
TTCACCGCCATACCAG,5723
AAAAGAATCATAAGCA,5719
AGCTACCGACTTAGGA,5717
CCTTTGGTAAATTTGG,5713
GACCACCCTAATGGCA,5711
TCGAACAAATCCGCAT,5711
CTGGGGAAATTAGACG,5710
AGAGAAGACCAAAATA,5709
AGAGACAATTTTCTGA,5708
ACTATTCATGATGTAA,5707
CCCCCCAACGCGAAAA,5707
AGAGTCGTACATAGCC,5706
AAGTTAATTAAAGCTT,5704
ACACGAGGCCTGAAGC,5704
GTTTTAGTACCCAAGA,5704
TTCTTGCCCCAAACAT,5704
CAAAATTTTACCAACT,5703
ATAGTGCTGATGATGC,5702
GGTCCTGGTCCCGCGC,5701
AGTCCCAGCAAGAACT,5699
GAGTCGACTACCCGTC,5698
GTGCCAAAAAAATCCA,5696
AAGAGTCCAAAGGTCC,5693
CATTCTATACTTCGCC,5693
CTACATACCGCGTGAT,5693
TTATACACATACAGAT,5692
TCTTTCGTATAACCGT,5691
AGAGCACAAATGAAGT,5688
TAAGACCCATAATGTG,5688
TCGGTGCAAATACTAA,5687
ACGAGGCCTTGCAACT,5686
ATAAAAAGTTATGTCA,5684
ATCAAACGGTGTCTAA,5683
GTTTCGCGTAAGAAAA,5683
TTGTGTTGTATAAGTC,5683
GCTCAAACTAATCTAA,5681
GTGGATTATTCATATA,5679
TTAGCCTATAACAAAA,5679
CCGCCGATGATACACA,5672
AATGTTTTACACTGTT,5670
ATAATGACATCACGAT,5669
CCGTAGAGAATAATTC,5669
TACATCAATCAAAAAA,5669
ATACATCGTCGGTATA,5668
TCAGTGCATGTGGCAG,5665
ACTCTATAGCTTGGGA,5664
TACGATACTAGTTATG,5663
CAAAAAAGACAGACAA,5662
TCGAAAAGCCAAAGTC,5662
TGCACATTTCATTTGA,5660
CGCTCTGTGCTAGAGT,5656
ATAATCACGGAAGAAG,5653
ATCAACGCCGAAATGA,5653
TGACCCTCTATAAGCA,5651
GCACTATCATAGCCAC,5649
TAACGGGTCTGCGGAA,5648
CTACTTGGGAGTGGGT,5646
GGGGTTGGACACTAAT,5646
TGAATGAACCTACAAT,5646
AGCGATCAAGGTGCAC,5645
ATAACAATTGAGAAGC,5645
AACTTACTCACCTGCG,5644
ATACTCCTCTATTACC,5644
GCGCTCAGGACAATAC,5643
GCTTGAGCAAATACGA,5641
ATGTAAGAAACTAAGC,5640
AACTAAAGACACTAGT,5636
AGGCTAACTAAACTTA,5636
GTATAATTTCAGAAGA,5635
TACAGGACAATCGAAA,5634
CCATACACACAATAAT,5630
CGGATACACTCCGACG,5629
CAAACTTGCAGAGAAT,5626
GAATGATTGAACTAAG,5626
TTTTTGTTGTGATACA,5624
TATATAACTGGAAACC,5623
ATCCGCGCATCCATTC,5622
TACTTAAATATATACC,5622
GAGTGGTATAGTCCCA,5621
TTCCCACGTCCGCCCA,5621
GCCCAATCTATGGAAT,5620
GAAACTGAAGTCTTAG,5619
TTACCGGACGGATTTA,5618
GACCGATTACACACTT,5617
TACGCCACTGAATGAG,5617
GGGTTGATTTATTAGC,5616
ATCCGAGACGATGGCA,5615
AGATGTAAGAGCAAAT,5614
CACTAATTTACCTGAA,5614
GCGGCTCCATAAATAG,5612
AGAAGTTCGAACCCGC,5611
AAAGCGTATTAAATTT,5610
CTGCCAAGGGGCACGG,5609
ACCGAACTCTTGACTA,5608
TTAGAAAGCATTGCCT,5608
AATAATAAGAATCCTT,5606
CTAATCATTATCTAAC,5606
TTCTTACTGTATTAGC,5605
GACCAGCATAGCACGC,5604
TTGACCACCTGTGAAT,5604
CAAGAGACCGAGCAAC,5603
TTACGGCTCCGTCATA,5603
GGTCAAAATCAATTTA,5601
CACCTTAACTTTTGAG,5600
TAACTCCCGAACTCTC,5598
AAATCCTTAAATCGGT,5597
GATGTAATTCGCGACC,5597
AGTCTACTTATTATAT,5595
CTGCAATTGAAATTTC,5595
ATTTGACAAGTACACT,5594
CTCAACTAAATCACAA,5594
CCCGAAGTAAGATTGC,5592
CTCCATGCCGTTATTT,5592
AATTCAACCAGAAGGA,5588
GAAGTGACAAGGGGAC,5587
ACCCTATCATACACGG,5586
ATCGCATTCCAGGGAT,5582
CCAATGGGACCCACTA,5582
TAGTCAATCCTGTCAA,5582
CCGGATTACGGCCCAC,5578
ATTACAATGACCCGAC,5576
GAATGTTAAAGTAGAT,5576
AAGGGACTTAGGTAGT,5574
ACGGATGCCACACAAA,5573
AACGTAAACCGGGTGT,5571
AGTGAAACGGAACGCT,5571
GATAACAGACTGAGCC,5571
ATAAGCCCTAACCCTG,5570
CTCACACAATTCGTAC,5569
AAAAACATCCGGGCTA,5568
AGCCACATCATTTAAA,5568
AGAAACAATAATTTAA,5566
GAATACAATGATAGAA,5566
GACGACCAGCTACTAG,5566
GCTTTGTAGCCAAGAC,5566
AAATGAAACAGATTAG,5565
GAGAACCTTTGACAAT,5564
ACAGAATATATGTTCC,5563
CCGGTTATGTATAGCT,5563
ATCACAACAAATTTGT,5561
GAACAAAGGTATAGTT,5560
GGCATGGGAGCGTGAA,5559
GTTTCTAGCTACTAGT,5558
GGATAAAATCATCGAG,5557
AACGCAAGAACAGAGT,5556
TCTTCTGCTACATGAT,5556
AATTAAAAACTTAAAT,5552
ATCCTATTCAACGCCA,5552
CTAATATAGCATCGCT,5547
TAATATAACCCACATG,5547
TTGAACTAATGAAAAA,5547
AATCTGCAAATGGGGA,5546
AAGTAATGCCCTAGAA,5544
GGGTGTAGATTCAGGC,5543
CAGTTAGTAAGTACAA,5541
GGATATCAGCGGTATA,5540
CTGTTCCCCGCTACAA,5537
TCGGATTTATAGACGC,5536
GGACATCCAATCAAAT,5535
TGTCTAATAGTTTGCG,5533
TAGCAGGAAGGAACTA,5532
AGCCCAATAATTATCC,5530
TAAAACCTATCGAGTG,5530
AGCCAACAAAATAAAT,5525
GAAATTCGTCACAACT,5523
TTCAAGCCATCGGATG,5523
CTGAATCCGCCAGCGG,5521
GCCGCTCGCACTATTA,5520
AAATCTTATTGATAAA,5516
GCAGACAAGCCACAAA,5516
GGCATTAAGCACATAC,5513
AAGCATTAACCCTAAG,5511
ACATGCTGGAATACCA,5511
GAAAAATCCAGCTCAA,5510
GTTTAAACAAACTGAA,5508
AAAAGAGTCGACTGAT,5507
CCAAGGGACACCCTTC,5507
TATTTTCCACCAACGA,5507
GACTGACAGACAGCTT,5505
ACTAAAAATTATATAC,5501
ATGACCCTAAACTGTA,5499
CCCTGATGCAATTTGA,5499
CGCAAAGTAATGAATG,5497
GGCAGCAAATACCATC,5494
TCATCTAGTTCTGAGG,5494
TAATGAACAAGGACGT,5493
GGCAACGAACCGACGA,5492
ACAGGTCAATATTTTC,5491
GCACAGGCGCTTCCGC,5490
TAGACGTCCAACGCAA,5489
CAAGCGAATCGTAGCT,5487
TAGGATAACTACTGTT,5486
CTTGAGTTAAGCGATG,5485
TCCTGATATTCGCAAA,5485
GTAAACAAAAGAATGC,5484
GTGCACCACGAAACAC,5484
CTGATCAACAGACTAA,5481
CCCTAAAAATACAAGA,5479
AATCGCAGGAGCATAA,5478
ACTATTGGTGTGCGCA,5478
CACCTGATCAAACAGC,5478
CACAACCTAATTGTAA,5476
CCGCGGGGGAAGGATC,5476
TACATAAGCCATTCCC,5476
TGGGTCAGTACGACAG,5474
GAATGACTACAAACCA,5472
CTCGAGAATTATTAAC,5470
ACAGACATAAAAACAC,5469
AGCTGGTATTTGAAAT,5469
GCCTCATGAACTCGAC,5469
GGATATTCGATTTAGC,5466
CGCAATACATTTCAAC,5465
ATTAACTGGGTTGTCC,5463
GACCACTAATGACAAA,5463
ACACATATAATAGCCT,5462
AACTCACGATAAGGAT,5461
ACTAAAAATTCACATC,5460
TAGAACAGACAGTGGC,5458
AGAAGGTGTGTAACCA,5456
AAAGACAAAGCGCAAT,5455
ACCGAGAGGCGAATGG,5455
GTTAATACAAACAACT,5455
AGGCAAAAAAAAGACT,5452
ATATTCACAGAATATA,5452
TGTCATTTTACTGTAG,5452
TCAGTCATAGTAATAT,5450
GTCTAGTAAACATTCC,5448
TTTAGTCACGATTTCA,5448
TGCCCTGCTAACCACA,5446
GGTCTTTAATTTTTAA,5441
TAAAACAACAGTAATG,5441
CAGCCCTTCACCCTAC,5439
GGGACCATCAGTTTCA,5439
GAATAATAGTATTGCG,5437
GATGGATATCAGTAAT,5436
AATCTGAATGCTTTTT,5433
CGAAAACGACCCTGGA,5433
AATTACTCGAACACTA,5432
AGAAAGCTGGAAAACA,5431
TTACAAATGTCAACCA,5431
ACCATAAGAAGGTTAA,5429
TTGTGACATAGAAAGA,5426
CCCATGCCCTGCGCGA,5424
AACTCGAGAATTGTCG,5423
CTGAGTTGCTATTATG,5419
CCCTGCTGGTCTCTTA,5418
GAGTGTTCCCATATAC,5416
GGACGAGAACTAACAT,5415
ACCATGCAGTAAGGCG,5412
ATACTGAGAGAGTTCT,5411
CTTGGATATATCTGGT,5411
AGTGCAAATGCTCCTA,5410
TCGCTTGGCGTTAAAA,5409
CTCTGAACTTAGTAAA,5408
TAGAAAAATAAGGTAG,5408
GAAGTTACAGAAAACA,5406
AACATTCTACCAGGGA,5405
CACAAAAGAAAAAGTT,5405
TTCCATTTTTGACCAA,5405
AGAATCAGCCACTTGA,5404
ATAACCACCCTAAATT,5403
ATGCAGGCATACACAT,5403
GCCAAATTCGTTTCGT,5403
CATTATTATCGGGACT,5402
GCCAGCCAGAACCGTT,5400
ATACCCTACTTCATTA,5398
TAAGATTCACAGGGCT,5397
TCCTGAAATTCATATT,5396
CAAATCAGGCCAATAA,5395
TAGGAGTATCTAGTCA,5395
TGTACCCGGCCACCCC,5395
TAATAGATAATAAGAC,5394
GAACTTATTAACAGTT,5393
AATTTTCCTACAGAAT,5392
ATCTCTTTAACCTCGT,5392
ATGGCATTGGATGAAC,5391
AACCACACGCCCGCTT,5390
AAATGAATTCAGTTAA,5389
ACTGTAAATGACACTC,5387
ATCCATATAAGCCGCA,5385
CGCTTTTTCTTACAGC,5383
TAGGCTTAAGGTAGGC,5381
CTCACTCCCCATTCCA,5380
TAACTCCCCATACCTT,5380
CGTAAGCATTAACCAA,5378
TAGCAGTTTTGAGGAA,5377
ACCCGAGTAAATAGAT,5375
CAACCTCTTAGTAAGA,5375
TATTAATAGCTCTAGA,5375
ACAAGAAAAATATACT,5374
TCTTACAAAAATAATT,5374
AATAAACGAAATACAA,5373
ACAAAACACCTTCGAC,5373
CTAGTCCTACCTAACC,5373
TATCCGCGCTACAACA,5373
GCAAATTCCTCAAAAG,5372
AAACTAGTAAGATTCC,5371
CTGTAACCATACCGTT,5371
GTTCAGTGACTGTTTT,5371
GACACTACATGGAACT,5370
TGATGAAGATAAAATC,5370
TGTTTCAAACATTCAT,5370
TCGGCATATTAAATGC,5369
TAACGATATTTCCGGG,5368
ACCTTGGAAACTGCTA,5367
GGTAAAAAATAAATTG,5367
GAGTTCCTAAGTAGAT,5366
TGGTAATACCCGCTAA,5364
CGACCCCTTAAAACTG,5361
TATAACGCTAAGACCC,5361
AACCTAGAGGAGTACT,5360
AGACAGTCTCAATAGA,5359
CACATCTCGTATCATC,5358
GCACGCTCATACGCCC,5355
TAGTACGTCAAACAAA,5353
TCATACATTAGACCGA,5351
ATAACATACCAAGCGT,5348
GATAAAAACGAAACCA,5348
GATACATCCAAGATAT,5348
TGATAGAATGACAGTT,5348
TTAGCCCTAGAAATAA,5346
AGAAAAACCTTAGGTC,5345
ATCCAATAAGCATTAT,5345
CAAGCCATACCGCGAC,5344
GCGTGGGCAAAACCCA,5344
AGAAACTGTTAAAATC,5343
CCGACACTTCTAGTCA,5343
ACTTCTTCCAATTTCT,5341
ATAGAATGGCACTATG,5341
TGTATTAAGCACCATG,5339
ACGGAAGGGGCCAAAC,5338
GGAGGCTCTACTATAA,5338
GGCAAGGAAGTAGCGT,5338
TCCTTAAACACTCCGC,5338
AACTAAAGGGGAATGC,5336
ATTATTACTGAAGCCT,5333
CTCCCTTCTACGATCG,5331
CAGAATGGCACAGAAA,5330
CATCATCTATCGATTT,5328
GGCTTAAAATACCGAC,5328
GAATGCTAGTCCCTAA,5326
AGAAAACTATAACCAC,5323
TACACACACTCATTAA,5322
AAAAAAGAAAGAATAC,5319
GCGATCCCTTTATTTT,5319
GTAAAACCCACTTATA,5318
AAACCGATTTGCAAGA,5317
ATTAGAAATAGAGAGA,5314
ACTAGCAGAATCACAA,5313
ATAGAACTGGTTGAAT,5311
ATTAACCAGTCAAGAA,5309
ACAGTGATCACCTTTG,5308
AATGCAATGGGTCTAG,5306
ATAGTTGACAAAGAGG,5305
CTTCAGGAAATGATAG,5305
TATGACTTATGATACT,5305
AACGATTTCATCGTGA,5304
TAGCACTTGGTGTTTG,5303
AGTACAATAGAGAATG,5302
TTGTCCTAAATGTACT,5302
AATAGACTCAACATTC,5301
TCAACGAACACAACCA,5300
CACCCACATAAAGACC,5298
GAATGTAAAATATATG,5297
GAAACACAGTAAAGCC,5296
ATATATAAAATCAGAT,5293
GGCAACTCAAATTTAT,5292
GGCATAAGAAGCTCAT,5291
AAAAAATTACCTTGTA,5287
ATTTCCCGTTTCCGAG,5287
CAAAGAAGCAAACATC,5285
TCGACCAATCAACCTA,5285
TAAAACACCCACTCAG,5283
CCTGCATTCTCATCTA,5280
TACACCGGAATAACAT,5279
CCTTCAAAGGACAGGA,5277
ATTCCGCGATATAAAG,5273
CAAACTTTCACCATAC,5273
GTCTCATGTATCCAGG,5273
AGTAAAAGCGCATTAG,5272
TCATTGCCAAGGTTAC,5272
GCGAACTGAAAGTTCC,5271
AGTACGACAAGCACAG,5269
CCTAATCGGAATAGCT,5265
CTACAATTAACACCAC,5265
GGCAACGCTGCTCTTA,5265
CACCCGACCTTCGACA,5264
ACATGGAGAGAAACAT,5263
ACTCCAAGCTACATAC,5262
TAGTCTATGTAATTTC,5262
TCTAGCTGACAGTACA,5262
AATAAAAACAGTACAT,5257
ACATATGGCAGTAAAC,5257
CAATTGGTCATCCATT,5256
GCGCCTTGCCTATACT,5255
TATTTAAGGACTAACG,5255
ATCTCACATACCGGAC,5254
ACCTATAACTAATGCT,5253
AAGTATTTGCTGAATA,5252
TTAGTATAAAGAAGAT,5252
CCGGAAACAGCGGACT,5251
CGACAATACGTCAGGA,5251
TCACGCCATAGTTCAA,5246
CGGGCACCAAACCGTA,5245
CTAAGTTTGCTGTAGG,5245
GGACCAATTTTCAAGA,5244
TCTAGCACGGAATTTA,5243
CTTCAGTTTGACTAAC,5242
ATTAAAAAATGTCAAT,5241
AGCTACTGTGTACTAG,5239
AGGTCTGAAAAAGATT,5239
TGAAATCATCTAAGTT,5239
CCACGGACATCATTAT,5238
TCCCAAAATTGCAGGG,5237
ATGAGCGGTAGGTCAG,5236
TCCAAACACCATATAC,5235
GTCCAACTCTCTAGTT,5234
AGTATATCTTGTTGAT,5233
AGGAATCTATTCCCAA,5231
TAGAGGATTTAGTATA,5230
AAGAATAGTCCCAGCA,5229
TGCGGGCAAACCCAGC,5229
CAAAAGGGAAATCGAT,5227
AATACCGGCTCACTAT,5226
GAACAGGAGTAGGTGA,5222
AGGTGCTATGAATTGG,5221
TCAGGGCTAATTACAT,5221
ACAATCCGAGGAGAAA,5220
TAGTTGCTCAGCAAAA,5220
GGTAAACAATTGCCAA,5219
GTAATCTAGCCAACAG,5212
CAGTAATACCCATAAT,5210
CCATGCCACTTATGCC,5210
AATTATAAGTATGGCG,5209
CTAAAGCCCAAGTTTC,5209
ACTGAAAGTTAGATTG,5208
CAAAAACATCGCAGAA,5208
AAGTAAAACCGGTACA,5207
CTTGTCAGGTCGTACC,5206
GGGGGAAGCTGGACTG,5205
TAATCAACTCTACGAA,5204
GAGCCACATAAGAATA,5203
TAAGAAAAAGGTTTTA,5202
ATTCGCAAGTGGACGT,5200
GATGTCCTGCGAACTT,5199
AACTATAGCGGACTAT,5195
ACTAATCTCAAAACAG,5195
CAATAGCTCATATTTA,5193
TTCTCAGATATTATCC,5193
AGCGGGATCGGCACAG,5192
TTTAGAAATGAGATAA,5191
ACAGAGCTCTCCAAGC,5189
GCTTAAATTAGCCAAA,5185
TAAGTATGTAAATGAT,5185
ATTCGAATAGGAGGCT,5180
AACCAACCATCAGGTA,5178
CTTCCAAGATTTACGT,5178
CGCAAACTTACTACAT,5177
GTTCAGAAGGAATACT,5176
CCATGTGTTAAAGGAA,5175
TCGTATACAATCTGAA,5175
GTCGGCAGATTGACTA,5174
AGTTTAAAACTCGTTG,5173
AAACTATTCCAGAACA,5172
AGGAAACACAGAGTGA,5172
GGAGACTTAAATAAAC,5170
TACCTATGCAAGTAAA,5170
GCGTACCCAAAGGGGT,5166
TGGTAACTAAGAGGGC,5166
CGAGGAATGGTAATGC,5164
GAAAACCTCCACTCAG,5164
GACATAGGTGAATGCG,5162
CCAGGAAACTGCGGCT,5161
ACATACTTACATACCG,5159
TGATAGATATAGATGC,5158
CGCCCCACATAAGGCG,5157
TAATAAGAATAAACAA,5157
GAAACCTTAAACTCGA,5156
GTTCTCGAGGACGAAA,5156
TCAATAACAAAGTAAA,5155
ATCGAAATACCTATCC,5154
TGTCCAAAAAACCATG,5153
AATGAAAGGGTGAGTA,5151
AGATCGATCGAAAGAA,5151
CACACCCACGCATTCA,5150
CTAAATCTCAAGTCAA,5150
GCATAACACTCCCGTA,5150
TGAGACTTCTTGAACT,5150
GTCAAAGAGTTAAACC,5148
AAAATAGTAGAAGTTA,5147
GTTTCGATTCTACTAC,5145
TTGCAAACGTATAGGA,5145
CGGCTCATGTTACTCC,5141
ATGAAAACTGTAAGCC,5140
GCCTATAAAAGGAGGC,5140
GGATATAGTCGAGAAC,5140
GAATGGACCCTCCCTA,5137
CTGCACGACATGCGGA,5135
GTGAAAAAACCTTCCA,5135
AGTCCGACGACCTACG,5133
TTAAGATAACGGATGT,5133
AATGGATTAAAGCCGG,5131
ATCGTAAAGCGTTCTA,5130
GAACAAGAACCTTAAG,5129
CAAGGCGTACATAAAA,5128
CTAGTGCAAATCCTAA,5128
CCTACTGATTCAAACT,5127
GAAAAGACCGTAAAAA,5127
CATCCACAGTATGACC,5126
CTGATGACCACTGGTA,5126
TATTTTTAAAGCCGAA,5124
CTCGAAACCTTCGTAG,5120
AAATCGAAATAACAGA,5119
AACCAAGGTTTACCTG,5119
ATAAAATAATACTACA,5119
TCCGTAATAAAACCAA,5119
TGACCAAACGCCGAAT,5112
TTGTCGAAGTATTCGA,5109
ACGGGAAATATTCAAC,5107
GATCACACAAACCGAC,5107
GCGACACAAGATAAAA,5107
ACTGTAAGAAATAAAA,5106
AAAAGTCCATAAACAA,5105
GCCTCAGGCCTAGTAA,5105
ACAACAGAGAGTGATC,5103
TAGTCGTTTTAATGAA,5103
GAAATTAAAGAGGACC,5101
TTCACTTAAATAATAA,5101
ACCACCCAAGTAGTTT,5098
TAGAAACACGAAAGTC,5097
ATTACATATACCTGTT,5096
TGCCCTTGCTAACACT,5096
CAATATGAGCAACAAC,5095
GTGATAACATTCATTA,5095
TGAATATGAGGCAGCA,5095
TTGTTACCCAATGGCA,5095
TCTTGAAATATCCGAG,5094
ACATTAAAACTTTCCC,5093
CATAGATCTATACTAC,5093
AGTGCCAAGATGGTTT,5092
ATCCAACAGCACTTTT,5092
GAATTGCATTATGCAA,5092
TGAAAATATGTAGAAG,5092
CGCATAAATCCGGACA,5087
GGAAGGTGTGGTCGAA,5087
GTCTAAAGGAGATTTC,5087
GGTCCCGCAATTACTA,5086
ATTCTGACCTTGTGTA,5085
GAAATATCTTCATAAT,5084
CATTGCCAAGCAACGA,5083
TTAGCCCACAACACTG,5083
AAAGCCGTAACCACCC,5081
ATAACCTATGGCGGAA,5081
CTTAAGGATTATGTAT,5081
CGAACACAAGATCAGC,5080
GGTGGTTGTTGTAATG,5080
ACTATGTAAATTCATG,5079
CAAAGAGATCACTACG,5078
GCGCAAACTTTATAGG,5078
TTGTCGCAGCGAGTCA,5077
CCTTTGAATATATGTT,5076
AGTTGAACCTACATAA,5074
TAGGAGTACTATCATA,5074
TCACTTATGCCGAAAT,5072
CATAATAATTGCAAAA,5071
CCGAGGGGCTCATCAC,5071
CTAAATCATATCAGAG,5071
CAGCCCCTTACCTCTC,5068
GCAGCTTCAACGGTCT,5068
AAAAAAGCTAATAACA,5067
GGCGACAAAGACCATT,5065
CCGGGGAGAATGCAAA,5064
GCAAGTAATATACCGA,5064
GGAGCTTGAAGAACCC,5064
TTGTTAACCCCTCCAA,5063
AGATCCATAACCTTTC,5062
ATACGTTCTCTACTGT,5062
TGGGATCAACTGCCAA,5062
ACGTAAACAGTCTTTT,5061
TAGAAGTAAATGTCAA,5061
GGATTAAAACACGTCC,5060
CTTGAATCTAATTACT,5059
GAAACCGTTTAAGGCA,5059
ACATGTTGAACAGGAC,5058
ATCGCGCACAACTACG,5058
ATTTAGCATAAAAGAT,5058
CAACTTAATAAAGCCA,5058
CCTAAACAAGGTAAAC,5058
AATAAAAAGACCCGCA,5055
CTATAGCAACTGAATG,5055
GACGATGTGATTAATA,5055
CATGCTTAGGCATTTG,5054
GCGATGAACCTTCCGA,5053
GTTTGGTCCAGAAGTC,5053
TCAAACAAGGCGAACA,5053
AAATTTTTTCAGTTTC,5052
CTTGATTACCGCCAGA,5050
GACTAGCTTCAGCATA,5050
AGCCTATCGGAATCAA,5049
CGCTTATTTCAACTCG,5048
GATTAATATAAATTTG,5048
AAGACGATTGAATAGA,5047
AGGTACTGCCACAAGA,5045
CAACCAAATACGGATA,5045
CATAAACAATAAAATC,5044
GACAGTTTAATAGTAT,5042
AATGAAAGTAATAGCG,5041
TAGTAGGAGGGCGTCA,5040
TTTGCCGATTCCACTT,5040
TGTGCGTCCGGTATGG,5038
AAATGCCCGAAAAATA,5037
ACGCTTCCATTAACCA,5035
CAAGGGATTATTACTC,5035
GAAACTGGCTGTTTCA,5034
GCAGTAAATTAATATA,5034
ATGAAAACTGACTTTG,5033
GATGAAGTTATCTTAG,5029
AGCCACCCTCAAAAGC,5028
ATGTAGGCATAGTCGA,5028
GGTGGCTCTTACCATA,5028
ACGACTTGCAGGGCCC,5027
ACCGAGACCTGAGCTT,5025
AGATATACATGAAATA,5023
CGGCATAATGAGGCAC,5022
GATGTGATCCTTGACT,5022
CGAGAAATTACAATAG,5021
GAAGAAGTTAAAGCTA,5020
CCCGCAGTACCTAAAA,5019
ATTCATGCCTGTACTG,5017
TAGTGGAATAAACAAA,5017
ACAATTTGCCACTCAT,5015
CGTACTAAGCCTCACA,5015
GGCTATGTAATTAATA,5014
AGCGAGAAGTATATAG,5013
TATAGGCAGATACAGG,5013
ACATACTAGGAGAAGA,5010
GGTGGTACCTATGACT,5010
GTGACAACATCCACTT,5010
AAGCCGCAGGAAGCCA,5009
AATTTCTTGTTCTTAT,5009
ATTGTAACTACGTTGG,5008
GAAACAGACGCAAGGA,5008
TTCATCAACGCCTAAC,5008
TAGAGAGGCAAATAAA,5007
CGTACGGGGCTCCGTT,5005
TAAAGGATTCATCATA,5005
TCCCACAAAACCATGA,5004
TATCGTACCTCCCCAG,5002
ATTGACTCTGACAATT,4999
AACAAAGATCCCAAAG,4998
ATAACAATACCCAGCT,4998
GTCTACCTTAGGACTT,4998
CCATCATAACCATCAT,4997
CGAGCTATGTCAACTT,4997
ACTTATTGCGCTTGCA,4996
GATCAGTATCTGCAAA,4996
GCCGATGAAGCGGGCC,4996
TTGTACAAGCACCTAT,4996
GGCGATCTAATGAACG,4995
TATAAGCTTACGTTGC,4995
AGAAAGACGTAACGTA,4994
GGATATTAGAAATTAC,4994
GCTCTAGACACGGGGC,4993
CCAGAAAAACACTGAT,4992
CCGAAAACAACAGGCA,4992
GGTTCCACATAATTGA,4992
CATTAATGACTAGTCA,4991
GGAGTAGCAAATGTCA,4990
AACCACCCGATGATAA,4988
CTTTACCCAGTGCATG,4986
AATGGGTCATCAAATC,4985
ACAAACCCCACACGAT,4985
CCTGGACAGATTAAGT,4985
TACACCCTCCAAAACA,4982
TGCCACGCATAGGCGC,4982
AGCTACTCAGACTCAT,4979
GCGGATTGTCGATATC,4976
ATGATCGCAGACACAG,4975
GTTCTAAAAGAAAGTG,4974
ATCACACATCGCCAAA,4971
GCAAAAAAATGGGGCA,4971
CATCCTAAATTCGATC,4970
GGACCCAAATAAACAT,4968
CTTCTACGATCGTTGA,4966
ACAATTGGTCATGTCA,4964
TCAAAGTACCTCTAAC,4963
TGCGCGGCTGATTAGC,4963
GCATTGGATTAATAGT,4960
AACATTTATGAGGTTG,4959
GAAAGATAGACTTGAT,4958
TAATCCCTGAAACTTA,4958
ACGGCGAGATGCCACA,4957
ATATATCTGTCCGATA,4957
TTATGTTGGAAGGTTG,4957
GCTCTCCCGTAAACCA,4955
CGTGCATTCCGAGCGT,4954
ACTTTAACCCAAGAGC,4953
AGCATCAGAAAGACTG,4953
AATGAAAAACTCGATA,4951
TAATCATAAAGTTTGA,4951
GTAATGTCTCGAGTCA,4950
AGCTAGAATTAACTGG,4949
GAAATGAGAAGGACAA,4948
ATAGATTTCTTAGAGC,4947
ACACATGAGGCCAAGA,4946
CTTAACAGAAGTCACT,4946
TATACATAAACTATCC,4946
TAAAACATGCGGTAAC,4945
AATGAGCATCCAACCC,4944
GCGCTTGAGCCGCGTA,4943
ACCCATACCTGAACCA,4942
TTTGACCTACACTCTC,4942
GTAAAAAGCGTCCTAA,4940
TTGAGTTAGCCTATAA,4940
CCGGTACCTAGCTGCT,4938
CCGACGAAAATGAATT,4937
ATTTTGACCATGAAAT,4934
AAACCGTAGAAAATAA,4933
GTTTAAGTCACAGAAA,4933
TTTACCCTTTCCCCAA,4933
CAAATCTAACCTGGAC,4932
ATATTCTTTCTCCTTA,4931
AGGCCGATATTAGGCA,4930
AGAGAGAACAATACAC,4929
TCAAATCGTGCAATCA,4929
TTGTACCAAAGAGTGT,4929
AAAAAAACCCCTCGAC,4927
AATCCAAACAAGAAGA,4927
ATTCCGCCCCAAGAGT,4925
GAATAAACAAGTCTCA,4921
ACGCAATTAAGAGTGG,4918
ATAGAAAGCTACAGTA,4918
GAAATATCACGCCAGC,4917
TTTTTCTCCGAGACCA,4916
ATCACCTACGATATAA,4914
GTGCGACCAGAACGGA,4914
TTAAACCTGTATACGC,4914
TGAATAGAGCAATCCA,4913
AGCAGATGTTGTCGAT,4912
GTTGGCCGTGAAAACT,4912
AGTGGTCGACATCGAG,4911
AACTCTTGTACAGGTA,4910
AAGATGTCTAATACCT,4909
ACTATAGGAGGAAGAA,4908
GCGCCAATCATGCTCA,4908
CACCTAGCAAACGCGT,4907
AACGATTAAAGGACAG,4906
CTAAGTGACGACATAA,4906
GACATATTAAAAAGAT,4906
AGAGTCCAGTTAAGCG,4905
TTAAATTCAGTCATAT,4905
AAGACGATATCTAAAA,4904
AAGAGAAACAGGATAA,4904
GCTTGCAAGGGTGCGG,4903
GGGCAGCTAAGTTCGC,4903
TCTTGGGTTAACACCC,4903
AGACATCCACGCGATA,4902
AACTCCCATCTGTATT,4900
ATCTAAACAATCCAGA,4897
AAAAGTCCGGATTAAC,4896
TAGCTATCATATAACT,4896
TTGAGTCTGTAGGCCT,4896
CAAGCGCTCCTTGTCA,4892
GGAAACGGCAATAAGT,4890
CATAAAACGTAATAAC,4886
CCAAACGATAGATACT,4886
TGAGATTGGCGTCCCA,4886
TTACATTATCCTAAAA,4886
CACAAACTTTGCCGTC,4885
GTCAGACAAAAACTCA,4884
TATAATATGTATCACA,4884
TGAATATATGACAACA,4882
GAAACTTATTCAACAG,4881
GAGGTGTACATTTAAG,4881
TAGGAAAAAGTTGTTT,4880
ATCGCGATGCTTGATC,4878
CTATACAGTAACTCTT,4878
CTATCGACAATTGCAG,4878
AAGGCATTACTGCGGC,4876
TATATCATAAGTAAGT,4874
AATAATTCGTGGGTAC,4872
ACGACAGTAACTAAGG,4871
CAATATTGATTGTATA,4871
ATCGAGATTGGCAGTC,4870
TTCATAAACCAAAAAT,4870
AAACAATAACAGGCGC,4868
CTCTAGTGTGGCCCAG,4868
CTCTTGATCTGAAAGG,4868
TAAGGTAGATAGGACG,4868
TCGTATCTGAATGAAA,4868
TTCAGCACTATCCCAC,4868
CTAGCAACTCAACCAA,4867
ACACCGAAAGAAAAGT,4866
ACACCTAAACTTATCT,4865
CGACACTGGCAACAAA,4865
GAACGCAACATAAGAT,4864
GGAAAGTAATTCAAAG,4864
GAAAACAATCCCTAGT,4863
GATCCCCAATGAATGG,4863
AACATTTTACTGACCT,4862
CTTATGAAACTGAAAA,4862
TCAGGCAGGAAAAATA,4861
AGATGGTGCACTACAT,4860
CATGAACGCGTTAACA,4859
GACTACGTCCACCCAG,4858
CAAAGATGATACGTCA,4857
GAGCCCGGGAACTGAA,4857
AACAAGAAATGAACCC,4856
AACCAAACAAACCATG,4856
ATCAACTTAATTAGTA,4855
CAGCCGACAGCCGGAG,4855
ACGGAATGAAGCCTGA,4854
GTAACTGCGCACTCCA,4854
CGAGAATGAGTGTGAA,4853
TAACAAACGGAAACAG,4849
ACTGTCACTCTTAAAG,4847
CTACGATCACTACATA,4847
GGGAACAAGTGCCGGC,4847
AGAATAACGGCTGATA,4846
GAACGCAAACGCTAAC,4846
GTGTGACAAAATAATG,4846
GAGTTACCCCGCAAAC,4845
GATGGCTTACGGTTTT,4843
GATTCAAGTGATATGA,4842
GGTTTTACGAGTATCA,4842
TGAAAACCGTGAAAGA,4842
TGAATAAAGTTTTATG,4842
AAACAAACACCATCGG,4840
CTGTACGAAAAATAGA,4839
GTATCCATACTACAAG,4839
GACACTTCGCTAAATT,4838
TAGGGTAGGCAAAACC,4837
AAACAGGAATGAATGA,4836
CCCTTTGGCAGAGTTC,4835
CAGCGATGGGCACTAG,4834
CGTGAAGTTTGTAGCA,4833
GATACGTAATACGTAA,4833
TCCATATAAAGGTGCG,4833
ACCTAGAACATTAAGT,4832
ATACACTGACATCCTT,4829
AATACTGATAAGCAGT,4822
GGCCATTTGGACGGCC,4822
AATTTAATCAAGAACA,4820
AATAAAGAAATAGCCA,4819
AGAAATTTACCCTCTG,4819
TCCATAGTTAATTCAC,4819
TTACGGCAATTACGAC,4819
CTATAGCAATTGACGC,4818
GAAGCCACTAGCCGGA,4817
GTAGTAGCCAGCGACT,4816
TTTATACTTGATGCCA,4815
ACTTGCAACTCAGTAG,4814
AACTCATTTAATAAAT,4813
TACCTGACATGACGCG,4812
GCAGAGGTAGTGGTTG,4811
ACAGAAAAGCTTACGA,4810
CAAATTTAAGACCCTC,4807
CGTTGCCGTTGCATTC,4807
CCTGATAAATTTATTG,4806
CTTAGGCCATGTTCAC,4803
TAATACAGCAACCCGA,4803
GAGACGATTCCATAGC,4801
ATAGAGCATCATTACG,4800
CATTGCACAGTGGAAA,4799
GGCCAAATCAGGACGC,4799
TTATGACTCCCAAAAA,4799
GAAGACACTACATAAC,4798
AACCAGAACAGGCTGA,4796
TACATCCAGACTAAAA,4796
GATTCGCGCTACGACG,4795
AAAGAGCCACTCAGCA,4794
TGAGAAAGCCGTTTAT,4794
ACTTCCTAGGAGACAC,4791
CAGTTGATAGGCTTCC,4791
AAATTATATTACCTTT,4790
CTATAAACAAAAGTGC,4790
CTTACCTACAAGTCTT,4790
CATTTAAACTTTCGAT,4789
GATAAAATTCATAATC,4789
CAGTCAAAACGACAGT,4788
TAAAAAAAGTCCCATA,4787
AATGCGGTTTTATAAC,4785
GCGCTGACCAAGAAAA,4782
TAAAGGTGTGTTTATT,4782
AGTAAGATACTTATTC,4780
CCAGCCAGTGGATGTC,4780
AAATTACATCATAGGC,4779
AATGACATCGAAATGC,4778
GATATTATCTTTAAAA,4778
GCTTTGGAGAATGCAC,4777
AATTTGACTAGTCACT,4776
ATAACTGATAGGCACC,4774
ACAAGTTTTTCTAACA,4773
ACTATTAATAGTACAT,4772
GAGGACTGGCACCAAC,4772
AAGAACACTAAAAGGA,4770
CATAGCACGAACCAGT,4770
ACATTGACAAGGAGCC,4769
ATCACCGTGACGTACG,4768
GAAGCGTTGTCTACTA,4768
GAGTTTGATAACGTGC,4767
CAGCTGTTGCAAATAA,4764
AAGACCACACGACGGA,4763
CCAAAACACCCGACTT,4760
GAGACCGTAGCATATC,4760
GTTAAACCTAAATAAA,4760
GTCAGATTCTAAAACA,4758
AAACAATGTGAAATGG,4757
ATCCCTCAGACCTCTA,4757
CCTTCGCCCCTCCAAG,4757
GAGGATAGTAATCCGT,4757
GAACCATCTCGTGTGC,4756
GTCGCAGACCTAATGT,4756
AAACCCCTAACCAACC,4755
AAGGACACAAGAGAAA,4755
GAATACCAACACTTTA,4755
AAAGGGAATTTGGAAT,4753
GGGACGACACAACAGT,4751
CTGCAACTCAGAACCG,4749
TTGTCCCACATAGCAA,4749
ATATTCAACAACGCGA,4746
GACTGCGAGAAGAATT,4746
GATATGTTCCCAAGTC,4746
TAAGGAGTTAATGGAA,4743
TTTTGCGCTACCCAGC,4743
CTAATACGACATATAA,4739
GAACCTGTTAAGACGA,4739
TTCACTGGGACTCTAA,4738
TAACAGCCATATGTGA,4734
AAAGAACACAATTAGG,4732
CAAAATTATTCCTAAT,4732
CAAAGCCATTTAAATC,4732
GGCCGCACGGGGTAAT,4732
ATACATTCCAAAGATC,4731
GCTTGCCGAAGAGTGA,4731
AGAACGAGCAAATATA,4728
CAATGGGACGCCATAC,4728
ATGCTAACTGAAAAGA,4726
AACCGTCATCTATATG,4724
CCGTTTCTAGACGGTG,4723
GGGAGCCACCATGTCT,4723
AACCATGCAGTAGAGC,4722
TTGCAAAGGATGTACT,4722
ATCGGAAATAGATTAT,4721
GGCATACAAATCTGCA,4721
TGGCGAAATCAAACAA,4721
AAAAATATCCATGTAA,4719
ATGTAAGAGTCATAAA,4717
GAGTCTACCCAAATGA,4717
CAAGCTTTTGAATTCT,4716
GCTCGCTCGACCCATC,4716
ATTTTCAAGTTTAGAG,4713
CTTCATTTTTAAATGC,4711
GGATAGACCGGCATTC,4711
CAAAACTTTACCCCTT,4709
GAACTCTCATATAAGA,4708
CGAATAAATAGGGCCG,4707
AAAGAAAACCCTTTAT,4703
CTATCGCTTAATTGAA,4701
AGATGGTGTTCAGTTC,4700
GAAAGATAGATCTACT,4699
TAAGAGTGACCCCTTA,4699
ACACCTTCTATTTCCC,4698
AAACTTATACTAATTA,4697
CATAAGATTACAATAC,4697
GGAACGAGGAAACTCG,4697
CACAATAGGACCTGGA,4696
ATTAACTATATGTCTT,4695
GAGGAGATGTATCAAC,4693
GTTATAGCGAGAGTCT,4692
TAAGTAACGCTATATA,4692
CAAAACTGGTATACAC,4689
TAATGACTAGCAGTAA,4689
CAACCATACCACGCTA,4687
GGTGGATATATTAAGC,4687
CACTGGGGCCAGATCA,4683
ATCACTATCACCCTAG,4681
GAACAAACAAGCCTCA,4680
GAACCGTATTAACTAT,4680
ATACAATACGTATTAA,4678
CTAGAGAGACGGTTGT,4678
GCTTCCTAAAGTGTGA,4678
TAAGGTCCCTTTTCAA,4678
TGTGTTGATGTTGTCA,4677
TAGAGACACAAAGCCC,4676
TCTTAGTTAAAACCCA,4675
TGTACTATTCCGCACT,4675
AACGACAAAAATACTC,4673
ACGACCAAATAAAGGT,4673
TTCAATTCAGCGTCCA,4673
AGCGTTAGCATAAAGT,4671
TACACAGAAAGCATGC,4671
TTCCTGTGAAAAGATA,4671
TTTACACTCCAATTCC,4671
ATCTATGCAAATGCAA,4670
ATTTATCCTTATGGGA,4670
TTAAGATCACGTTTAC,4666
ATTGCACCTGGATGCC,4664
CCCTTACGGAAGGTTT,4664
CAGTCGTGAAAAAAGA,4663
ATCCAAAAACTTAAAT,4661
CCACCCCCACCGTCTA,4661
GAGATCAGTATAAAAC,4661
ACGGTATGATGAGTTA,4660
CCGAGGCCAACCACAT,4660
TAAACGGTCATGAAAT,4659
GCTGCTCCCACATTGA,4658
CATACCGCCTTGCAAG,4657
GGATAACGTAGACACG,4657
TCAGCAGCGCGTTAGA,4657
CCCTAGGTTGTCAACG,4656
CTAACCTGGTCAGCAT,4656
GAGAGAAGCAACCCGA,4655
GTACAGAAATATATGG,4652
CTCGTCCCCCGATGAC,4651
TTGAGCCCAACAACAA,4651
AACGCTAAAGACCTCA,4650
ATATCATTAAGACTCT,4650
ATTGTAAAATTGAAGA,4650
GTGGTCGGACCGTAAA,4649
AACGAGAACTAGAAAG,4647
ACTTGTAAACTTATAC,4646
ATGGATTGCCGCGTAT,4646
AGTATTCACGTGAACA,4645
CACAAGACTAAACTTC,4645
TATGGCGTAATCAAGA,4645
TTACGAAAACTTCGAT,4644
AACACTCAAGGATCTT,4643
AGAAATTTCTCTGAAA,4641
CACCTTTGAGTAGCTC,4641
CATGGATTGTACCCCT,4641
TAACGAAGATGCCAGT,4641
TGACCCTTACGGAGCT,4640
TGGATAATTGCAAGTC,4637
ACATCTTGCCCTAAAA,4636
ACTATAACAAATGTTC,4636
AAGAGTCCTAGAATTA,4635
GTCACCTCGCATGTTT,4635
TGATACTAGATCTGAA,4635
GTGACCACTAAAGGGG,4634
TGCTAAAACTTAATCA,4634
AACTCTAAAACTAGTC,4633
ATCTTCCCCCCTGGCC,4633
GGTTGTCTCTAGCTAG,4629
TCAAAGAATCAGTACG,4629
AATAATATGCTCACCA,4628
ATTCTAAGATTTTCCA,4628
GGGATCAAATTAAATT,4628
TTCGTAGCTAAAAAGT,4628
GTCATTTACAAGGTAT,4627
CCCAATGATTCCCGCA,4626
CGAATGAATGGCTACA,4625
TAGAAAAACTGAAAGC,4624
GTAAACTCCAAATCGG,4622
CTTTGCCCAGCACACA,4621
CAGTGCCGTAGATGAA,4620
TCTCTTATAAACTACA,4620
GAGGACCGATCTAAAG,4618
GATAAAAAGGCCCAAC,4618
TGTTGGAAGTTCCTGC,4618
ATAAACAACAACACTA,4617
CGATCACGGCGACAGC,4617
CTGGAACCGCACTAAG,4614
AAATATTAGTGCTAAC,4613
ATGGAATCCAATAGAA,4613
CAATCCGATTTGCACA,4612
TAGAGTTCGTATAACG,4611
AGGTTCTCCACAGGTC,4607
CTGTCAATAAGGTCAA,4607
ACACAAGTGGCATCCC,4605
AAACGCAACCATGACA,4604
ACAAAAAAAGGCTTGG,4604
GCAGTATGACAAATCC,4604
GAATCTCAAGACAGAA,4602
TGCATTCGAATAATGG,4600
AGAAATACAAGGAGAC,4599
AGGGCCCGTAACGAGA,4599
ATATATTCCTGCGGAC,4599
GAATACACTGGTGTAA,4599
ATATAACTAACTCCTA,4598
AAAGCACTGGCTGATG,4597
CACTACCCAATAGACC,4597
ATACTGATGAATCCGA,4594
GAAGAACCTAAACCAA,4594
AAGCGAACAAACTCGC,4590
CCCGTGCCGCTGCAGA,4589
GTACATATCGGACAGA,4589
TAACCTGAATTGAACA,4589
GGATACTATATTAATA,4586
CGAATCACCTTACTCA,4584
GATAAATTTTAGCATA,4581
TTCTCTTCGAGATGCG,4579
CATATTTTCTATTGGA,4578
AGCAATTTAGACGAGC,4577
GCATTTCAAAGTAACA,4577
GCGTCCTATTAATGGC,4576
GGAGTCTAACAAGATT,4576
TGCGAGGAATTCCCAC,4576
GCTTAGATATCGTGAA,4575
GTATAGACACATTTGA,4575
TCTAGACATCATATGG,4573
CCTCTCTTTAAGCCGA,4572
TCACACTCAAACTACT,4569
GTGCAGACTAAAAGAC,4567
AACACAAGACAAACCA,4566
CCACAGAAAAAGCCTT,4566
TTAATATCAACAAAGG,4565
ATAAAAGGGACGTAAA,4564
CAAGAAGAAAGAGTCA,4563
CTTGAACATGTTGCGT,4563
AACGAAGCAAAAGCCC,4562
GAAAGGAAAGAAAACG,4562
TTGAGCCCGTCGTCCA,4562
CCTTCCTGATGAAGTA,4561
TGAGATCCGGCTGAAT,4561
GATGAAGTGGTTCAAC,4558
TCCCCGCCCTGCGAAA,4558
TCGATAGAATCAGAAC,4558
TGTTATAGTAGCAATA,4557
GAAGGAATGAAGGTCC,4555
GTATTAGAGGAGAGTA,4552
CTGTGGTCCATTTAAG,4551
AGTCTAGGCGATTGTC,4550
CCCCCAGGTGAGCTCC,4550
GGAACACAAGTGTTAC,4546
GTATGACAGTTGCCCA,4546
AACTCAATTCTAACTT,4544
CAATCTCATAAGCTGT,4544
GCATAGAAACATGCAG,4543
GGATAAACGTATCGTT,4543
ACAGACAGTTAGCAGT,4542
ACACCGTATTGCATAA,4541
ACTTAAAGAGACCCAT,4541
TGAGATAGCCGCGAGA,4541
ACAGGACCATCAGAAC,4540
ATGCCCAAACAGAGAC,4540
TGCGATTAGGACCCAA,4540
ATAAACACAAAGAAAA,4538
GACAGTACCTACTTAT,4537
CGACGAAACAAGCATG,4533
GAATGACTACAAAAAC,4533
ACGAACTAGTAGCGAA,4532
CGGAAACGTAAATAAA,4531
GACCTATCCTGTATTT,4531
ACCCGACAGCTCAATA,4530
TATTATGAATCGCTAA,4530
GTATAAAACTTAAAGG,4529
GCCATATACCAGACTA,4527
GAGTATAAAACAAATC,4525
GGTATCATACCAAAAT,4525
TATTGTCATGGTGCCC,4524
AAGAACATTGAAACGT,4522
TATATTTTAAAGCATC,4520
AAATACATGCACTAAA,4519
ATGTGTAAACGAAAAT,4519
GAATTTATCCCTATAA,4518
AAAGCAACATTTATCT,4517
TAGCGCAAAGCAACGA,4517
TGCTTCGATGCTACAC,4517
GAAGACTTTTTAATCA,4516
AGACCAACCTCAAACT,4514
CACTCCGTGAGCTATC,4514
TCCCATCATAAGACAC,4512
GCAGCCACCGCGAATG,4510
CCGTGCAAACCGAGTA,4509
CTTCGTGATTTTAAAT,4507
CTAGCTTCCGGGGCCG,4505
TTACCGGTTACCAAAT,4502
ATTATCAAACAAATTA,4501
CACGAAGTTCTGGTTT,4501
CAGCACAATGGGTGTC,4501
CCTACCCCGAACCCCA,4501
GATTAGGCTAGAAGAA,4501
TTAAAAAGCCAGAGAA,4500
TTACCATACCGAAGAT,4500
GCCACTGATCCTCCCC,4499
TCCACGTAACTGTGTG,4499
TGGCGGCGCAACGTCT,4499
TCAAATACCATTATTA,4497
GGCGCATAACTCCCAA,4495
TAAAAAAATTGCCAGG,4495
TCCTCGTTGTCAATTT,4495
AAAGAAGGTCATTAGG,4494
ACAGAACTTAAACTCA,4493
AAGTATTATCATCAAG,4492
CTCATAAAAAAATCAG,4492
GTGCCAGTACACGGAA,4490
ACCCATCCTTAGATTA,4489
AAATGTAACACTTAAG,4488
GCACAATTGCGCGGTT,4488
ACATGTGGCGAATTGA,4486
CCAGTCAAACACCCCC,4485
CGTATCAAGGATAGAC,4485
AATCGAAGCCTTTAAG,4483
CTCCGGTTACAGACTT,4483
TGACACAAATCGTACT,4483
GACCGACGTAGGACAT,4479
GCTACTGAAATCGATC,4478
TCACCATATGAAGAAC,4477
TCTTGGCCGTGCTCAT,4477
AAAATCAGCCCAAGCA,4476
GCCCTTCGAATAACAA,4476
CAACTAATCTAATAAT,4475
CTTACAACAAACCAGA,4473
CTAAAACTAAGGAACT,4472
TATCAAAATGAGCGCA,4472
GACCTGTTTTTAAACA,4471
TGAACATAGTTGACTT,4471
CACGGTATTTGGGACT,4470
TAACTTCATTGAATCA,4469
GGTCCAACTGCCAATT,4468
GTTTGTTACAACACCC,4468
TCATTTGAACCCCACC,4468
ACCAATAACACACTAC,4467
GAATATCGGCCGTGCG,4466
ACATTCGAGCATCATG,4465
GTCAAGCCAGCATAAG,4464
TACCTGTGCTTGCCCT,4464
AAAATAATTGGGACGA,4463
TTTACGAACAAGACTT,4463
ATCCTAGAGAAGAAAT,4460
GATGACGCATGTTGTC,4460
AATAATAATAATGGAA,4459
TGTATAAGAACCAAGT,4459
TAAAGACTATGTTGAC,4458
TTGAAGTTCACAGTAA,4458
CAAAACCAATCTGTCA,4457
GGATTTAAACGTAAAA,4456
ACTTTATGTACATGGC,4454
AAATATCGGGGATATA,4453
GAAACATGACCCCATA,4453
TAGATAGGCAATACAA,4453
ATCCAGTGGATGCAGT,4452
TAACCAAATCTGATTC,4452
CAGCACCTATATGATG,4451
CCAAGGACCTTAAAAG,4451
TGCTGAGAAACACGTC,4451
AAGAGAATATACCCAG,4450
AGTCATGCTGTCTGAA,4449
TGGGACTAATTTTGAC,4447
TACATCAGGACATCTT,4446
GTAGTAATACGGAGCA,4444
ATCGAAAACCAAGTGA,4443
CTACCTATAGGATGGA,4443
TACGGTAATAATATAC,4443
ACAGCCGTGCGACGGT,4442
AGGTAACATGAATTGA,4442
TACTCACGTCATTCAT,4441
CTATTCCAGAATATCC,4440
CAATCAAAGAAAATCC,4439
AATTACTACACCGGGT,4436
CTTAGGTCTAAGGAGA,4436
TATGTTGAAAAATCGT,4432
GAGGCAACCAAACTGA,4431
ATACAATAGGCAGGTT,4430
CAAAGAGAGTCTGCTT,4430
CAGCATACACAAAAAA,4430
GCATGTTATACGGGCC,4429
GGTGACACATCCCACC,4429
TCCATGGAGAGGAAGC,4429
TGAGATAAGTAAACTC,4429
ATGTAACCGAACCACA,4428
CGGCGTCCTCACAAAA,4427
CGTTGAAAATACAGTG,4427
AAGATGAAAATAAAAT,4426
AGACTACCATGCTCCC,4425
TGTCACAGCCAAATCT,4425
TTCGTATTTATCCATT,4424
TTAGTAAGTCCTCATG,4423
AGATCCTTTCTTGTCT,4421
TATACTTTCCCATGTC,4421
CACCGGATGAGGCACT,4418
AAACTTTAGTGCCAGA,4417
TTCGACACGAAAAAAA,4417
GACTGTCATACCTTAA,4416
ACACCCAATGACCCCT,4414
AACCAAATTGAAAGCA,4413
ACACCACGGGCAACAA,4413
CGAATTAAATTCTGAC,4413
GAAAAGAACTTAACTT,4413
CTACTACTATTGATCA,4412
TCCGTCTAACACCGGG,4412
TAAGAAGAACAGACAA,4409
CGGCAACAAAAAAATA,4407
GGCTAACCAATCGTTA,4407
GAGTGTGTAACTGTAG,4405
ATTTAGCAATCTGACG,4404
CGGTTGTACTTGAAAG,4404
ACCGGTTCTAACCCGT,4403
TGGCCATTGTAATATC,4403
AGAACAAAAGGGTTAG,4402
CATCCTCACAAAAAAT,4402
TAGTAGGAAGACTCAA,4402
TTGAGTGACACCTGAT,4401
AGAAACCAATACAGAA,4400
CATATATAACAATTGA,4399
CTCCTAGTTTGTGTCC,4399
GCTACTTAACCAATCT,4398
TGAGAATAGATGTACC,4397
AACGTATACCGAATAA,4396
AATCAAGCCTCAATTT,4396
AAAAAGCTCAAGCGAT,4395
AAGTAAGTATTCCTAC,4391
CTACAAATCATAGCCC,4391
TGGGCGTGAAAAAACT,4391
TTAATCGGACCAACAA,4391
AAGTAGCGCTAGTCTG,4388
CACCTTCTACTTACGT,4388
CACCGAGCGTAATACA,4387
AAAAGAACAAAAATAC,4385
CGCTCGAATACAAACC,4385
ACTCCCCGTGGAGTAC,4384
TAAATGCGAATCATTT,4382
CAAAGCACCCTGTACA,4381
TTATTTGCAATAATTA,4381
CTTGTCAGCACTTTTA,4380
TTCAAAAGCAGCACAG,4379
AGTTACCACAACTAGC,4377
GCCACGACAAGAGCTA,4377
CGAAGACATATCATTC,4376
TGGCACGAAATGCGCT,4376
TTAGTTGCAATGCTAT,4376
TCAATAAACACACAAT,4375
GTTCGCCTATTCTTAA,4374
AGGCTAAAAAAATCAC,4373
AATCGCGAATCATGAT,4372
TACGATACCTCCCGGC,4372
TAGACGCCTAACCTCA,4372
GGGAGTGTACGGGCCT,4370
CTCAAGGTATTAAGCT,4369
TACACCAGCGCATCCC,4369
TGATACCTGCTTCAAT,4369
CAGAGAGTTGAAAATC,4368
AGTGCGCAAAGTGTAG,4367
CCTCCGAACATCAAAA,4367
CCATTGCTACGAGCTT,4364
CTGTGAATTAGCCGCA,4364
ATCTATAACCAAACTC,4363
ATGAAATTATTCCACA,4362
GCATCAAAGGTACCAT,4361
TTCCGTGAACTCATGA,4361
ACCGGAAAGCAGGGCA,4360
CACAAATAAACGACAT,4360
TTTCACCAGGAACCAT,4360
ATCACCATACTCGTCC,4357
TAAAGTATAACTCATA,4357
TGATCAAGAGCTGAGA,4356
AAAAGGCGTATTCATG,4354
AAGCACGCAGTTTGAT,4354
ATCTTGAGAATGAATC,4354
TCGTCGAAAATCTAAA,4354
ATGCCCCTACACACCT,4353
ATATTACCTTAAAAAC,4351
CAACAAACGCCCTTCA,4350
CTGTCATACTTATACC,4350
ATGCCGAAACCACACC,4349
GGTCTCATAAAAGTGA,4349
TTTAAATGATACCATG,4347
CCATACTTCTGCAACA,4346
GTGTCCAGATTAGTAG,4345
AGCTGATTCATTATTT,4344
CTAACGATCTAGTTGG,4344
GGCCACACACAAATGA,4344
CTACCCAATTGGTAAT,4343
TATATCCAAAAAAACT,4343
CTCAACAACCCAGATC,4342
CACTCAAACACCAGAT,4340
GCACCAGACTATACGG,4340
AGAGTTATCAAGGTGA,4339
AATAGGTGTACCGATC,4338
ATACACCAATAAAGCC,4337
GTAACAACCTGGTCCG,4337
TACCTGACTACTTCGA,4337
GAAAGAACGCAACTAC,4334
ATACTCGAGGATCTGG,4333
TCAAAAATACATTCAC,4333
ACGTAGTGCGGACGAG,4329
GGTCTCAGCTGCCGAC,4326
CAAAGGTACACAAAAT,4325
GAATGTAATGGCACTC,4324
AAAAAGCGCCGTAAGA,4323
ACTACTTGATTATACA,4322
AGAATAGGATGATGTA,4322
AGGGACTCGCAAACAT,4321
CACACGAAACGTATTA,4321
GTTAGGTTAAAACCAC,4321
CACTACCGCCCAATCA,4317
CAGATTGATATTATGA,4317
ACTATGACCATATTTC,4313
TCTTGCAAGGTTTATA,4311
TTTCAGAGGAACTCAC,4311
ACAAAACTACTGAACC,4309
GCCCAGAAAACGAAAT,4309
TTCAAAAACGGCATAC,4309
AAGAAGTAAACAATTT,4306
ACATTTGCCAGACCGC,4306
AAACCTCAGATTAACG,4301
AGATAATTCAAGCGAT,4301
TCATTGCAACCCGGGA,4300
GTCACTATTGGACAAG,4297
ACTGTCCGGATGCACA,4296
TTTCCTTTACCCAACT,4296
ACCACACAACTCTGTG,4295
CTTCTGTGATATGTTG,4295
TTCATATAACGCACTG,4293
CGGAAGATTCCAAAAT,4291
GCAAACCGGCAGAGAG,4291
TGCGTAACGAACTAGC,4290
AGACCCATAAAATGCC,4289
TGAGAAATTGTATTCG,4289
GTACCTTCGAGGGCCT,4287
GAGGGCTATGGGTAAA,4286
ATGATTGGGAACGATG,4284
CAGTGAAAATGTAGGT,4284
GTCTCAGTAATCCTTT,4284
TTCGAGAGATAGGTTG,4283
AAATATCACGCTCCTC,4282
AAGTTACCTTCAATGA,4282
ACCCCTGCTAGATCGG,4282
AAAACCTCAAAGTCAA,4280
ATTACATGAACTTAAT,4280
GGCTGACCAAGAATCG,4279
AGAAATCTGCGGCACG,4278
CGAAAGTTGAATAAAC,4278
GGTATTACTGGCTACG,4278
TAGAATGAACTTCTGC,4277
AACTGAGGACAAGTTC,4276
AAAACATAAATGCGCT,4275
CACTAGAGTATAAATC,4274
TGTGTTTCTCAATTAC,4274
TCACCCAAAGCACCTG,4273
AAAACAGATAGAACTG,4270
AAGAATTCGTGAGAAT,4269
AGCTTTGCCACACCAC,4267
TCCATACATGCCGATT,4267
ACCACCCGTTGGCTCA,4266
GCGAAGGATGGCGATC,4264
AGAGAGGGGTTAAGCT,4263
GCATTAACATGTCGAA,4261
ACTGCCTATTAACATT,4259
ATGAATCTAGTACCTC,4259
AATAATCATGCCAAGC,4258
CAGAAAGCCCTAACGG,4258
TACAATTCAGACCGCA,4257
TTCTAAAATCTCGTCA,4256
AAGTGGCATGTGAATG,4255
ACCAAATACAACTATT,4253
CATTATTCGTTACAAA,4252
CTACAGCACCGTGGAC,4252
GAATTTAACCAGGAAA,4252
CGTCACTATTCTAAAG,4250
GGCTATAGATGTAATA,4250
AAATGTCATATGCTCG,4248
CACAACGACTTCAAAC,4248
AACGAAAACCTCAGCA,4247
TAAGGGACCTTATGAC,4246
CTGCAGAAATCAAAAT,4244
GTACAAAGATATACTT,4244
TCCACATCCAAATCCT,4243
AAACCCATAACGACAT,4242
AACGACTAAACGACTT,4242
ATACCTCCAAAAAAAT,4242
ACTTGTTTAACAACCC,4240
AATAGATACACGAGGA,4238
AGCACGACCTGGCGCG,4238
CATGAGAAAACCCTGT,4238
GTCCGGACTTTATTGC,4238
CAGTCAATGCAAAACA,4237
CTGATAAGTGCAAACC,4236
CTATAGCATCATTAGC,4235
CGCAGTACTTATGACC,4234
TACCCTGGCAGATTAG,4233
CAAATGTTAGAGTACT,4232
TCAAAAGCATGAAGTG,4232
AAATACAAACTCCTAT,4231
GATCGTTAGATATGTA,4231
GGTGCCGACATATAGA,4230
GTACGATGACTACCTC,4230
GATGGCTCCAATCATC,4229
TACAATGTCTTAACGT,4229
AAAAAAACCAATGGCA,4228
CATTCGAGCCAGAATA,4226
TCTCTACCAATATTTG,4226
AATTCGAGTAATTTAG,4225
GTAGGACATCTGCTAA,4224
AGGCATCAAATCCGTA,4222
TATAGAATCTCGGCGA,4218
ATTACTCTTAAAAAAG,4217
AGATCATTCAAGCTCA,4216
GAGCCAAAAAACATAT,4216
ACACGTCCATGAAGCC,4215
CTACACCTTTGTAGTT,4215
ATTCCATAGTCAAACG,4214
CAGCCCTAACGTACCG,4213
AAAAAAATAATGACAT,4212
GTTCAAGCACAACCCT,4212
TACCTAGTTATATCGC,4212
AATCACCGTTGGTCAA,4210
GGTCCTCATGCGCATA,4208
TCAACTCACAGCACAT,4208
ACATACCTCCAGCTAA,4207
CCCTTCTCTAAGCACA,4207
TCACACTAAATCTTTT,4204
CTACTATGCTGATGGA,4202
AAAAGACAAATTCTTC,4201
GTAATGTATATATTAA,4201
CTAGGCGATTCAATTT,4200
GGACACATGATGTAAG,4200
AAAGGTTAATCGGGTT,4199
CAGAATTACCAAACAT,4199
AAAATGTCAACGGTTC,4198
ACGTCAGAATACCAAT,4198
ATGGAACTTGTTATTT,4198
AATCTCGGACCTGATA,4195
ATTCAATATACACATG,4195
CGGAGCTGAATTTCAC,4194
TCAGAAGAAAACTGTT,4194
AAATACGAGCATGTCT,4192
ACGATGCACGATATAA,4191
AGACGAGCACAAAAGT,4189
AGCAACGCATTACAGC,4186
TAGCAAGGCGCATACA,4186
AGAAGGAAAAACTCAG,4185
TAAAGAGGAGAATTCG,4185
TCCGTAAAGTAGTGTT,4185
AAGAAGCCAAAATCTT,4183
GGATCTTATATATTTA,4183
ATACCCGCGGGGACGG,4182
TTAAAACATTACAAGA,4182
TTGAAGGCTCTACACA,4182
ACCGCCGCTCCAACAG,4181
CAAAACCAAGCGACAG,4179
TGGACCTCGAGAGCTA,4179
TGAGCGCTCAGTAATT,4177
CTACCATATCGTGCCC,4176
CTATAAGTGAAGATAT,4176
ATGGATTGGATACCCA,4174
CAATATAATAACACAT,4174
TCGGCCTGACAGTACG,4172
ACAAAACATAGATCAC,4171
AACGAGCATGCAGTTG,4170
GAGAGGAGTTTTAATC,4170
TCACGACGTCTCTAGC,4169
TGACTTTATAGAGGGT,4169
CTCTATCTTACGCACA,4167
GTGGAAGGAGACCGCG,4167
TAGAACATCGTTTACT,4167
CTCAAGTTGTGCCACT,4165
CACATCAACAGTGCGT,4164
TAATAAATTAAGACAC,4164
TGAAAGTACAATAAGA,4164
GAATATATAAATAAAG,4163
GTTTTATTACATCTTT,4162
CCATGTCACGAGAATG,4161
CTCAAGTCCAGACTCA,4161
AGGATAATTTATAACG,4160
CCTACGTTAGAAACCA,4159
ACGATCTGAATAGGGA,4155
ACTCTTATATTGTATA,4154
AAAATACCTGTACAGC,4150
AATGACCGTCTGTAAA,4150
AGGCCTCCACTACCAC,4150
CTAACCATACGTTGAA,4150
GTCTCTAACGATATAA,4150
ACTCGCCGCCCGCCAA,4149
TTATGGCTACTGGCTG,4149
ACCTGTGACCAAGCAT,4147
AGCATCTAGAAAGCGT,4147
CATCCATCTACCAAGA,4147
CATCGGACAGAGGCTG,4147
AATTTTAACGCGACAA,4146
CAGAGAAAAGACAATC,4146
CCCGCTAAAAATAACA,4146
TCACGAATAAGTTCTC,4146
TCAGACCACCATACCA,4146
TCTGAAGTATGATCTA,4146
ACAGGATCTTTAGTCA,4145
GGCGGTCGCTCGACGA,4143
TACCGGTCTTCACTCC,4143
TCCGTATAAATTCGGG,4143
ATGTGGTCACGACACA,4142
CACTCAAAGGATGAGC,4142
CCAGGCCAGCTAATAC,4142
GATATGGTATACCTGA,4142
TATCCTCTCCAGCGTG,4142
AGGCATAATTGGAACA,4141
AATAAACACCGATGCA,4139
TAAAATCCCGAACAAA,4139
TCTTGGTCCATGCTCT,4139
TGAATAATTTATATTA,4139
ACTGGCTGTCCAATGA,4137
CTGTGGTGAATAACCA,4137
CTGACGAGTTACAACA,4136
CAATAAAGGTACATTC,4134
GAAACGATCATACTCA,4134
TACTCATTTTGAAACT,4134
TCCTAATTCCTGGATG,4134
CGCATGTAGCAGAACG,4132
CACTCCGTAACAATAA,4131
GGTTGGAAATTTTGAC,4131
CTGACCTATCCAAAGA,4129
ACATCAAATCAACTTG,4127
CAAACAGAAGCCCACG,4127
CACTAGAAACAGGTAA,4127
GTATGTCCTATTATCA,4127
GTTAGACTGCATAGAT,4127
AACAGATTTACGCTTG,4126
TACAAGCTAAATGAGA,4126
AAGCGATCAGGCGAGA,4123
GCTTTGCAGCGTTGCA,4123
GTCAAAATACCACTGT,4123
TTAAGACAAATATCCA,4123
ATGGTATACCGAAACC,4122
GACGTAGATAAAGCTA,4120
AAATAAACTGATACCT,4118
GAGATGAGTTAAAGCA,4118
AGGAAAAGGAAATAAT,4117
ATGGATAGAAATCTTC,4117
AAATGGACATTAAGAA,4116
AGCGAGCAAATTGGAA,4116
AGCTGAACAATATCAA,4116
CACACATACCCCACCT,4115
CAGACAAACAAAAGTA,4114
CTCATATGTAATAACC,4114
GTCCATTGTTTATAAA,4114
CATCTTCAGGAAGTTT,4113
ACTATATTACTATGAT,4112
AAGTCAGGCACCTGAC,4111
ACTCGAATAAAGCTAA,4111
AGAGGTGCAATAAAAA,4111
TTAACCTTGTCAAGTA,4110
AAAAACTACACACTTT,4108
TCCTTAGAGATAAATG,4108
AATCGCGCAACTAAAC,4107
CCTGACGCAAAATGTG,4106
GATATCGGTAATTAGG,4106
CCAAATCGTATGTATC,4104
CCCGCACTATTTCTAA,4103
CAAGATAAGTTTAGTA,4102
CTTATCCTGCGAGAAT,4101
TACAAGATTGAATCGC,4101
TACCCTACAGTTACAT,4101
TAGCTAAAGACCCGGC,4101
ATACATACGCATCAGG,4100
AAGCTAATACTTAAAC,4099
AATTGCGTACACGTCA,4099
ATTCAGCATATTAAAG,4099
GCAGGAAAAGCGAGAA,4098
TGAACTTATCCCTCGC,4098
ATACCCAAGAAGCAAA,4097
CGTCTCGCATCATTTC,4097
CCCATTCTTACATAAA,4096
AATGTCTGTCAGACAT,4095
GAATCGCTAACAGCGC,4095
TAATGTGCCATTGATC,4095
TCCGCAAAACAGGATA,4095
CTCATAACTGAACTTA,4094
ATAACGTCTTAACATA,4093
CCTCGGGAGACCTCAC,4093
TCACCACCTTACCACA,4093
AAAATCGTCATAATGC,4092
CCTTGAGTGCTAGTAT,4091
GAACTATTATATAAGC,4091
AGCAATAGCTCCATGC,4089
CATGTACATTCTTTCA,4087
ACCACATTTTAAAAAC,4086
ACCGGCACTCTAGCCC,4086
GAAAAATTATAAAAAT,4086
GATACAAATAAACAAT,4085
TATTCTTTTAACAAGC,4085
TGAGATAAAGAATAAC,4084
AAAAAGAAATAGAGAA,4082
AAAAGCAGGATAACGG,4082
TCACAACGGTAAAATG,4082
CTAAATAACTTTAATA,4081
GTTTATAACAGTTCTC,4081
TCAGACTTTGACCCAA,4081
ACTACCGAGTTGATAC,4076
ATCCCAAAAAAAGTGT,4075
CGACATAAAAACCACC,4075
AGATATACAATCGACT,4074
AGGATCGTCTGTCGAC,4073
CACACAACCGTTATCC,4073
GGAGTGTGAAATACGA,4073
GTTGACATATCCATAT,4072
ATGATTAGATAGAAGA,4070
CCCAAATCTACCCCCC,4070
GAAAAGGAATCATGCA,4070
TAAATAAACTGGTTTA,4070
TTAAACACCCTTAAGT,4070
TCAAGTGTCGAGCGCT,4068
GCGGCCTTTATTAATG,4067
CCGATACACGAATAAA,4065
CAAAAGTGAATAGTAG,4064
CCAAACATAACTTTTT,4062
CCAGCGAGAGCGTACA,4061
TTGAGAATTTTCGTGC,4061
GTCATGATTAATAATT,4060
TAAAGATTGAATAAGC,4060
AGAAATGTAAGATGGA,4059
AATGCACATGGGACCA,4058
CCTTAGGGACTCTTGT,4057
GCCTGTAACATGGGTA,4056
GGGGAAGTTCAAATAA,4056
CCCCATAACGCGGCTA,4055
AATAACTAGCTTGAGA,4054
TCTTTTCTAACGATCA,4053
ATAGAGAGGCTACATA,4052
CCACAGGGGTGGACAT,4051
GACACAGCTAAATTTT,4050
ATAGCCCACCAGGCCC,4049
GAGAAAACTTCCCAAC,4049
GTTTCAACCTTGGAGC,4049
TTGCGATCGTCCGCAT,4049
CGCTAACAGGAATCAT,4048
AAAATAGAATGGAAGA,4047
ACCCAAAAACCTGGAG,4047
AAAGCGCGGTCTGGAC,4046
AAGCGGTTCGTAATGC,4045
AGACAGATGGAGAAGT,4045
AATTACCAGTAACTCC,4044
CTAAATACTTTACTAT,4044
ATTGTTACAATTACAC,4040
GGCAACAAATATCACA,4038
CAACCCCTGGAGGATG,4037
CTCTTATTGCTTTTAA,4037
GAACACATGCCTATTA,4035
TAGCAATAACATGTAA,4035
CTATAACCTAAAAGAG,4034
AAGGACACCGCGCGAA,4033
AGGGGTGTAATAACAG,4033
CTCAGTTATGTGTACC,4033
GAAAGCTATCGCGTAG,4032
GACACTACCTATATTC,4031
GCCAACCTATCAAATC,4031
CCTCAGCCTAGCGGTA,4030
GAGTCAATCACATCAA,4030
ATGTGTAATAGATAGG,4029
GCCTAATAGAGCCATA,4029
TGGGAATTAATTAACA,4029
AACCAACCATTCCTAG,4027
ACTGGCATTATCAACC,4027
TATAACAATGGTAAAA,4024
CACAGGAAAAGCGGAC,4023
CTCTATTTGAAGAGAA,4023
CGTACTACCCTGCATT,4022
TCCTTGACGTACTAGG,4022
ATAATAAGAAATATGA,4021
CCCTGCTTCAGGAGCC,4021
CCGAGACGACTCAATG,4021
GTATGACAACATACAA,4021
TATGCGAAGAAAATTT,4020
TTCGTATCCGAAGTAT,4020
TTCCTGACGTCCAAAC,4019
CGAATACCAGCGAGCG,4018
GGGATACACCCCTAAT,4016
TATTTCCTAAACATGT,4015
TCGTCACTATCTACCC,4015
TGCCATAAGTTATATT,4014
AAGTACGCTCGGCTAG,4013
ATAGCGGATTACTCTT,4013
ATGAAATAGCTCATCT,4013
ATAAATAAGATGAAGA,4012
GCCTAAAAACCGCGAC,4012
CCTACTGCCACGCACA,4010
GCAGGAAGCCCGCAGT,4010
TTGTATAATAATTAAT,4010
TTTTACTTTACGAGAG,4009
AAACAGGATTCCAAAA,4008
CTTATACTCTTATGAC,4008
CGATTAGAATAAACCT,4007
ATCACTCCTAGGGTTA,4006
CAAAGACGCGTTTGAA,4006
TAACCAAAAGTGATTT,4006
AACCAATATATTTGAA,4004
TCCTCTGCCTACTACA,4004
GTTGCTGGTATAAAGA,4003
TCCTGGTACTGGGTAA,4003
CGAAATTTATAACTAT,4002
CCAGTGATAAATCGCA,4000
TGAGCGTAACATTGCA,3999
AAAAGGAAGACAGTGC,3997
AATTCCGATAGTGCTC,3996
TTTGAGTAGACCGATT,3996
GCATTTCAGTTAATGC,3995
TAAAGTTTGCCTAAAA,3995
AGGATATGGATCAGGA,3994
AAGACTTAGTATGACG,3991
ACCTTAACAGCATGTA,3991
AGTGCAACAGCCCGCT,3991
CTAGCGGTGTTAGCAC,3988
CTCTCACTGTATCGCG,3988
GAAGCGACGTCCTCTA,3988
TTAGAAAAGAACGTAC,3988
TCCAAACTTACTTATA,3987
TGGTAGAACAGAATTT,3984
AAGAAAGATGCACATA,3983
AGTGCATTTATGAGCA,3983
GAAAGATTAAAACACA,3982
TCGTATATACAATATG,3982
CGATACGCGTGCCGTT,3981
GAGAAGCACATGGACA,3981
GTGCTGTTATTACATA,3981
GATACATCATCGAAAG,3980
GACGTAAGCTTGTCCA,3979
GGCTACCAAATCAACC,3979
ACAAAAGCAAATTTAC,3978
AATTTACGAAAATACG,3977
AATGAAGAAGATAAAT,3975
ATAAATAACAATGACA,3975
TAATATGTAAACCTCA,3975
ACAGAGGTAAGTGTTG,3974
TAACATAAATTCTCTC,3974
CCCGAAGCACCCTTTT,3973
AAACATTACGACCTGT,3972
AACTCACGCTTCAAGT,3971
GCACTGTGTGCCGCAG,3971
AGAGTAGAATTACGAT,3969
CCGCCCACTGAAAATG,3969
CTTAAGCCAGAGGACC,3969
GGTTCATACGGAAGAG,3969
CATCAAGTGTCTCAGA,3968
GTCAAGTGAACATTGA,3968
AAGAGTTCGGTGTCCA,3967
AAGTCGGAATCTACCA,3967
CAATCTAGTAAAAGAA,3966
GCAGCGTACCTATTAC,3966
CAGGGCAGCGAAAACC,3965
GAGGTGGTTAAGATTA,3965
TGTGAATAACACGAAT,3965
AGTCACTGAACACATC,3964
GTCGCAATTGGCACAC,3964
AGGCAAAACTGAATCG,3963
CAAAGCGTCGGAGCTA,3962
CCATTAACCTTAAGTA,3960
AACCGACCCGACGACA,3959
CCACGCCCATCGAAGA,3958
CGTCCCTAACCCAGCA,3958
GAGTGCCGTTTTACAA,3958
ACGTTAGACAACTTTG,3957
CGAACCTAAATGGAGT,3957
CAAATCGTTAGAGTCC,3955
TCTGCCACCATCTAAT,3955
ATAATACGCACCAAAC,3954
AACAACAAAAATGTAA,3952
ACTTCCAAACTTCAGA,3952
AGCCAACAATAGATTT,3951
CTAAATCTCCCAGATG,3951
TACACTGGTGGATGAG,3949
CACTTGTTTGATACAT,3947
TAATTTCTATTGATGG,3947
TTGAACTGTGTGATAT,3947
CAGACAAGTGCAGCTG,3946
GTTTTAGGAGACGAGG,3946
TTTAATCAATGCACTC,3946
AATTTTGGATTAGTTA,3945
ATCTTACTAGATAATT,3945
GCAGTGTCACACATAA,3941
TCAGGACCAGTGGTTC,3940
AAGAAAAATACTATCT,3938
ACATGAGACCCATGCC,3938
AGGGGATCAGCCGCAG,3937
ATTTGATAGACAATTT,3937
GAAGGAATATACCGTC,3937
CGGTCTCAAGGAAAGG,3936
ACACGTTCAACGATTC,3935
GTTTTTGAATCACTGA,3935
AGAAGACACAAAAAAA,3933
ACTGATACTGCGAGTA,3932
CTAGTGTCCGTGGTGA,3932
TTGTTAATAGCCGCTA,3932
TCCACTCCATTGCTAC,3930
AGAGACCAGTTTCTGT,3929
CAATCTAAAGGTCACG,3929
TATAAGGGCGCAACAC,3929
TACTCACACAATAACA,3928
TCCCATAAAGCAGGAG,3928
TACCGTACTTAATAAG,3925
TGAAGACGAAGTAAGA,3924
AGGCGTAACAGTGAAC,3923
GGTCAGTGATCAGAAT,3922
ATAGACCGGGATAGAT,3921
AAACAATAGTAACCAA,3920
AAACATCGAAATCCGA,3920
AAATATTAGACGAGTA,3920
ACCAGAGCGAGAGTAC,3920
AAAAAAATAACGAATC,3919
GCTGGTTAAAAGCCCA,3916
AAAGATTAACAAAACT,3915
GATTTCGGGCCCTCAA,3915
TATACCAATCAGAAAA,3913
TTTTTGTATCACGTCT,3913
ACTAGACTTATCTATC,3912
GCGAGGTGTCGGGAAT,3912
CGTCAAAGTTGCGAGA,3911
TTACACATCCTCACAA,3910
AAGCAAAGTAAAATTG,3909
TAGGGACCAAAGTGAG,3909
TACTAAAAGGCAACGA,3908
CAAGTCAAGCACACTT,3907
ACAACGTCCGGGAACG,3906
GTTCATATAAATTAAA,3906
TACTATAACAGAAGGT,3906
CCACACAGTTAAATAC,3905
TCCCTCGCCTGAAAAA,3905
AAACACCAATAGTGTC,3902
TCGTGGAAACGTGATG,3902
AACAATAAAACAACAT,3901
AATAACAGTCTCATAT,3899
CCATCGGATTATGATA,3899
AGGTTTCAACGTACAC,3898
ATTCACGGTCGATATC,3898
GAACCCGTAAGATTTG,3898
AATAACAGGTTCTGAA,3897
CAGGTAACAATTTGAT,3897
GCAGGATCAACCAGAG,3896
GGGATGTTAATTAAGG,3896
GGTTTTCAGCAATGCA,3895
CACCGTTTCCCCAAGA,3894
CAAGCGATACAAAAAA,3893
CAATATAAGATCCCCG,3893
GAGAGCTCACGTAATA,3893
ATAGAATATGAAATAT,3892
CTAGTAAACTACACGA,3890
TCCACATGTCAACTAA,3889
CTTCATCCAAATCTGC,3887
TCCCAAGAATCACAAA,3887
ATGGAACCGAGAGAGC,3885
ATTTTATAAGTCGAAT,3885
CATAGATATCTCAAAA,3885
TGCCTAACCGCGAATA,3883
CACGTTATTGAAAAGC,3882
GAAACCACAAAAGCAA,3882
CCTCAACAGAGACCTC,3881
GTACCCAATACAAAGA,3877
GACTTGTTGGACGACG,3876
TAAACATTGTAAAGAT,3875
TAAGCTAATAGTGAAG,3875
TTAACGGAGACCGATA,3875
ATGTAAAAATACTATG,3874
CATGCCCCTATAACGT,3874
CGGTAAGTCAAGTTCA,3874
AGAAGATACACAAAGG,3873
AGTGTCACTAACTATC,3873
ATAAACCAGCGATTAT,3873
CCAATAACCAGTGCTG,3873
AATAACACAAGAGAAT,3872
CTGCATATAGTATAAA,3871
AGAAATACAAGATGTA,3870
TAACACACAACCAATA,3870
TGATACAAATCGAACA,3869
GCATGGGGTTATCATA,3868
ACCCACCACACATCAA,3867
CAGAGTATACATTAAA,3867
CATTAACGTGACTGAA,3867
CCACATTTACAATAAA,3866
TCTTCAATATCACGTG,3866
CCTTGTGTAATCTTTT,3864
AGAATGAATATCTTAG,3863
AATAGAAACAAGGTAT,3862
ATCACCAGCCTTCTCT,3861
CATCTCCGCAGCCCTG,3861
CGGAAACGCAATAAAA,3859
GAACCCAGTTTAACCA,3859
AAAGAGAATTATCATA,3858
ATGCAATACCAGTTGA,3858
CTTCTCTATGGCCAAT,3858
GAAATTGATAATCAGA,3858
ATACCCATATATATGC,3857
CACTATTGCCACTAAT,3856
ATTTTCTTTACTACGA,3855
AAGTTGCCTGAACCCA,3852
GACAGGAACCAGCAGG,3852
TCATTCACCCCAGGAC,3852
ACACCACACCTGTCCA,3851
TATGATTGAAACTGTA,3851
GGAAACAGGCTACCAC,3850
CTTTTTGGGCATGATA,3849
TCCGAGACTAACCGTT,3849
TCTATACACACTACTA,3848
GATTTGAGATTTCCGC,3847
AAACAGAACTACCGAA,3846
GATAAATGACCGTCCT,3846
ACAAAGGACATAATTG,3845
GTAAGAGATTCTGCTT,3844
GAAAGCCTAATGACCA,3843
GTCACACAAATTAAGT,3843
GGAGATCTTTTAAAGT,3842
TGCGGAAAGACTGAAC,3842
TCAAACATATAATATT,3841
ACACTTCGAGTTAACA,3839
CTTGGAGACTGATCCT,3839
CTTTCACCCATGGGTA,3839
GGATCTCATCTAAACG,3838
TTTTGACCCCTATATA,3838
ACATAAACATCGATAG,3835
AGCCGGCACATTATGA,3835
GAGGGCGTCTGATCCA,3835
ATTGCCACACCGCCTT,3834
CGCATCGGCACAGAGT,3833
CTCGTTATGCATAAGA,3833
ACGTATAAGCAAGGAT,3831
CAGAGAGCCAAGAATT,3831
AAATAGCGAATTCAAG,3830
CTGCATTGCAGTACCA,3827
GTTCCCACAGAATTCT,3827
TAAAGACATTTTAAGA,3827
TACAACCAAGAGGCAG,3826
ATCCAAGTACCCGAAT,3825
GATTCCAGGAAAAACA,3825
ATCAAACATACACGGT,3824
CCTATTGAAACTTGCG,3824
TAGACGCGTCATTTCA,3824
TAGGTAAGGGGCGACC,3823
TTTGCCCAACACCCAA,3823
GGTGACACAAAAAATT,3822
ACAATTCGCACGATTT,3820
CTCATCATACGAAGTA,3820
GAAAGAGCGTTTTTTA,3820
ATCTCACACAAAGCAG,3819
GACAGTTCTACTTAAC,3817
TAGCGAGGTAAGAAGA,3817
TCAACTCACTATGCCT,3817
ATGTGTCAGCGTCTGA,3816
CTGCCCTACTGTTTTG,3815
GTGTTCCCACACCTAA,3815
CACACGCAATGGTAAC,3813
TCGACGCTATTAGAAA,3813
TTGCATCGAGTGAACA,3813
AAACCCGCTATAATTG,3812
ACAATGTCAACTTTAA,3812
CCACATAATCAGATTG,3812
GGCAACACCAGGAAAG,3812
AGTGACGTTACACGTA,3811
CATTGAAGAATAACGA,3811
GTCGTTCTGTGTGTGT,3809
ATAAGTAATAAACACC,3808
CACAATTAAGTTACAG,3808
GCCCGGTACTTAGTAA,3808
TAGACTCTGATAATAA,3808
TAGGCGTTGAGTATAC,3808
TCTAGATCCTCAACTG,3808
TGCGATCGTTGTTGCA,3808
CACAGTCCACTCAATA,3807
TAGGCCTATAAGCGTA,3806
AAGCCCTCAATTAATA,3804
CAAGCATCGAATTATC,3804
GCCATAGGAAATTTAC,3804
TACACCGTTTAAACTA,3804
ACAATGGGACCAAAGG,3803
ATGCGTGGTATTTTAC,3803
CAAACATACGCCGCAC,3802
TAGACCTATTATAACT,3802
TGGTCGATATGTAAAA,3802
CGACTTATAACACCAG,3801
TCACGAGACCAGCGCC,3801
TCGCTGTAGTAAAGCC,3801
TTCACGCAAACTCACC,3801
GACCTCCATCGAAACC,3800
ATACTAAGAACCTCTC,3799
ATCCATGCGCAAACAA,3799
GACGTATATAACTACC,3799
CTACCGTGCAAACGAC,3798
CGATTGGATGCCTCCC,3797
TCGGTCGAGTATAATT,3797
AAGCGCTTCAACCACT,3796
AAAGTAAACGAATGAT,3795
AACTCGACTACTGCAC,3795
AATCTCGGAAGACAAG,3795
CATCCAACGCAATGTC,3795
GTTTTTTATATCCACT,3795
AGATAGTGGAATCTGA,3794
ATGATGTATATGTAAT,3793
GATTCAATGAGGAAAC,3793
GAATAAAATTGAATTG,3792
AAATACTTTTGTCATA,3790
ACTGAAATAGTTTTCC,3790
CTCCGTCTTATTAAAC,3790
TACAAACTAATCCACA,3790
AATGCGTTATCAACAG,3789
CCCCAACCACTAATGA,3789
CTTCCAATGGCCGTAT,3789
TTACCCTGTATTCTAC,3788
ATGCAAAACGATCGTT,3787
CAAGTGCACTGTCCCT,3786
CCTTATGAATCATAAT,3785
GAAAATACCTCACCAT,3785
CTAGACAATACACGCA,3784
GTAAAGTAGAGTCTGC,3784
AGATCTGGTGACGAGG,3783
CCAGCAGCATCAAAGA,3783
GAGCCTTAATCTACCA,3783
GCACGTTCACGCCCTT,3783
TATATCTTTCTTAGAC,3783
AGGATCTAGTACGTAC,3782
TTAGTTCAATGGCAAA,3782
AAAAGCCATAAATTGC,3780
AACTGAGAATGTTCTG,3778
GAAGATCTTCTCCAGT,3778
TAAACGAACCATGAAA,3778
AGGGACAATGTACATA,3776
AGAAATACATATGGAC,3774
GAAAGACCTATGAAAA,3774
GCTGATAAATCATAAT,3774
AACCAACCTCGAAAAC,3773
AGAAAACTTTATAGCC,3773
CTATCCAATATCAAGG,3773
CTTCGAATGATCATGC,3773
CGCTATAATTAAAATA,3771
CGGTCACACATTAACT,3771
ACCTCCAAGGAACAAA,3770
GGCGATTATCCTTACG,3770
AATACCCGCTTAAAGC,3769
GCACAAATTGAAATAC,3769
GGCTTGAGCGCGCATC,3769
AGTATTTCTATTTACT,3768
TTTGGACCCATAGGAT,3767
ACAGCCAAATCACAAA,3766
ATTCTAGTAGAATGAG,3766
TGTATCGTAACAGCAT,3766
AAGTATTAATGTAAAT,3765
CGACCTCATGAAGATA,3765
AACGGTGATAAAGACG,3764
AACGTTGTAACCATGG,3764
AGTATCCCCCCGAATA,3764
TCCGCGTTGCGGTTAG,3764
TGTAACGCACCCCACG,3764
CTATTTTGAATCATGG,3763
TTAAATAGACTTAAAA,3763
TGCATTCAGATTCCTA,3761
CAACCTATTGTATTAA,3759
GGGCATACTACACTCT,3758
TTGTTATACATATTAT,3758
AAGTTACGATAAGTAC,3757
TAACAAAAATACAAGC,3757
ATACTGAGACTTGAAA,3756
CTCTACCAATTTCACT,3756
TAAACCCCGTAGCTAG,3756
GTCGCCGCTAACCACG,3755
AAAGGGTACAATGTAT,3754
GAAGTGTTAACGAATA,3754
AATTGACTTAAAACAG,3753
AGTGCCGCTCGTCGCG,3752
ATAGAACATTCGATGT,3752
TCCCAGTGGGAAACAA,3752
AGAAAACACGCACAAT,3751
CTAGAATCCCTTGGCA,3751
AAGGGACCTGACGGAT,3750
CAGTCGAAGCGAACTA,3750
CGCTTACTGCTTTATT,3749
CCAAGGGGAAAAAAAC,3748
CCTAGTTAAGATATAT,3748
GGCCATACATAAATAT,3748
AGATTATAGGCAACGC,3746
CATTGGCCTAAAACTC,3746
TGGGTCACAGGACCGG,3746
AATAGATAACATGCCA,3745
TCTTACGTCAATTAGC,3745
GTAGATTAAAATACGT,3743
TAATAGTTGTACTAGC,3743
GGTCAACAGAGACAAT,3742
AGAGTCAATAGAAGAC,3741
TTAAGAGACCAATTGC,3741
AAATTACGCTCGGAGA,3739
CACCCAACTTACGCAT,3739
CCTAATCTCTGTCAAA,3739
AGATCAGAAGAAAGAA,3738
CCTAGACTATATCTAT,3738
GTTACGATTAGATTTG,3738
AGGCAGTGGTTTGCAG,3737
CAAATTAAGCTGCCCA,3737
GCTGAGTTATACCCTA,3737
GTATTGTCTCACATCC,3737
TCTAATTAATGGAACT,3737
GACAAATCGAAATGTG,3736
AGGACTGGAGTATCAA,3735
TTTGCAATAACGTATC,3735
CATCCTCCTAGCAACA,3734
CCAAATCCTAAACCGT,3734
GGGGAATCCCATTAGA,3733
AAATGGTGAGGAGATT,3732
CAACCTGACATTCCGT,3731
ACAAGGCCTTATGCCC,3730
AGAGAGACGGACATCG,3728
CGAAACCTTTTTAATG,3728
CTAACACCCCTGACAC,3728
GAGAAGACTTCAACAT,3728
TAACTCCAGTTCTTTA,3728
TCATTAACGAACTAGG,3728
TAATACTTACCTCAAG,3727
TTTAAGACTCCGTACC,3726
GGGAGCCAGAAACAAA,3725
GTTCAATGGATAGTCC,3725
CATTATAAATAGAGAA,3724
ACACATTGAATTTTTA,3723
ATGGTAGGAACAAACT,3723
AACATACATCAGCCTT,3722
GTTGTCTGTTAAAGAC,3722
CAAAATAATCCGAGAC,3721
CCATATACCGCACGCT,3721
GAACAGACGCGACATA,3721
AGGTGCCATCAAAAAA,3719
ATGTTAACGGAATAAC,3719
AATCCATGTTAAATCT,3718
GAATAATGCTTAATAG,3718
TCTCAGTCCGGAATCT,3718
TGTTCCGCAGGACTGC,3718
TTAAGAACGTTATGAG,3718
AAGAATCGAGCTCAGT,3717
TTATCCGTGCCGAGGA,3716
CAAATCAATACCAGAA,3715
CGTATATAACGAGCTG,3715
TGACAAAATCTGAAAA,3715
AAAATTAAGAAAGAAA,3713
CAAAGTAACAACCATA,3713
TGAATAGAACGAGAAT,3713
AAAAACAAGTGCAAAA,3712
TATGACAAAAATTGAA,3712
TTGAAATGATACAGGA,3711
AAATCTTTATACGCGC,3710
AAGGCATTAAAAATGT,3710
GGAGGGATAAACAACA,3710
GACAAGGTGGGTAACC,3708
TAGTCTATTTGAAGAT,3707
AATAACTAAGCGGTAT,3706
CCAGCGGCGCACTTAA,3706
GAATACAGCCGCTTAA,3706
GCACAGACAGTAAACT,3705
AAGAATTATGAACCCT,3704
ATTTGTTTGGAGCACT,3704
CCAGTAGAAAATCGTG,3704
CAGCCCAACCCAACAC,3703
CCTTGTCAACGAGAAC,3703
TTTAATTCGAGCTAAA,3702
AGCAGTTTCCTCGCAA,3701
TACCGGAGCAGCACAA,3701
AAAAAGGAGAAGAGAG,3700
CAAACGGGACTAGTTC,3697
TACGTAAATCTGACAA,3697
CAAGTCCAAAGGTCAA,3696
TCCATAACACTCACTC,3695
ACAAAGCAGGAGAGTG,3694
CGTTTTCAAAATGTAT,3692
TAGCTCGAATTGGCCT,3692
TCACCAAATGCGTAAC,3692
TCACGCAGTCCTCTTT,3692
AAACTTCGTCTGTCGC,3691
AACCACGTAGACTCAC,3691
ATCACAAACTCTGTGG,3691
TAAATGAGAACATTAC,3691
TCATTTCTCAAACATT,3691
TAGTGACAAAAAAGGA,3690
TATTTCCTAAACATCC,3690
AAAAAGCTGTGTGAAA,3688
ACAACTAGAAATAATT,3686
AGCAGTTGTTAAAACA,3686
GCTTAAGATCCTTTCA,3685
AAATAATCGCCTAGGC,3684
GTTAAAATATTTGGTT,3684
TGCTCACTCATCGAAA,3684
ATGAAGACACTTTCTT,3683
CCTATATTACCAAACT,3683
TGGCGACACGAGGACC,3683
CTTAGTTATGATAGTA,3682
AATATTAATATCTGAA,3681
ATCATAGTTCATTATA,3681
GACAGGTTTACGAGGC,3681
AGATAGATAAAAGATA,3679
CCAAAACGCTCGCCAT,3677
TGAGTTCACTCCGCCT,3677
AGTACGTGAGACTATC,3676
ATACTGATCCGCTCTA,3676
GGTATTGCGGCTTGCA,3676
GATCACGGCCGCTCAA,3675
AAACGATAGATATAAA,3674
AACATCAACGGTTGGT,3674
CGGCTTCCGATATTAT,3674
TTCTGGATTATGACTT,3674
ACATCGCTCAGACCAA,3673
CTCAAACAATCATAAG,3673
ACTCAACACGGAAACC,3672
ATGATAAATATCTGTT,3672
CGACTAGCAGGCTGCA,3672
GAGTTTGATGTTGGGA,3672
GTCCGGAAAAATGTCA,3671
GTAGAACCATGAGGCA,3670
GATGAAACGATCAAAA,3669
CAAAAATGACAAAAAC,3668
AGAAAATCTGACAGGA,3667
ACGACAAAAGGAGGAG,3666
CTAACACCAATAAACT,3666
GACGAAGACTCGCAAC,3666
TACCAATCAGTTACCA,3665
AAAACTAGCAACCCCA,3664
ATGCGCCATAATTCCA,3663
CCAAAAGCTGAGATCC,3663
GCGACCCCATGTTGAG,3663
GGTCCTAAACTATCAT,3663
TGAGCGCCTTAACACA,3663
AAAAAAGTAACACCCG,3662
AATTTCTGCCGGCTTC,3662
CATTCGAGCATACACA,3662
CATCGGTGTCTTCAAC,3661
GGTACCAATGTGAGCT,3661
TAGAATATAGTGTAAG,3661
TATACTAATAATGCAA,3661
TATCACATATTGACCA,3661
ACCTAAGTTCACGTTT,3659
CAGAACTCCACAAGTG,3659
CGACGCGTATGAGAAC,3659
GCAAAAGGCAATCGAC,3659
CGGTATTGCATTGCCT,3658
GGAGACCCGGGGGTCA,3658
TGATGGAAACCCACTG,3658
AAGATAAGTACAATAG,3657
GATCTTACACATATCA,3656
GTGGTGTGCTCAAGAT,3656
ACGGTTAGTAACAACA,3655
AGGAACCTAAGTACAC,3654
ATTGACGCTTGCCACT,3654
CTAAACACTTGTAACC,3654
ACGAATCTACCTGAAA,3653
CACCGAAATACCGGAC,3653
CATACTTCTGTCCGTG,3653
TACATAGCTAAACAAA,3653
TCTTGAACGCGCAAGT,3652
ACAATGTACACCATAG,3651
AGAGACAATACATACC,3651
CCGGGCTTCCCAACCT,3651
GCCTTTAGTCTAGGTG,3651
CCTCGGGTTATTTAAA,3650
GAACCATCACTATATA,3650
TAATCCCACGGCAAAC,3649
ACCGAGCGCACGAGGC,3646
TAGCCCTACACCCCGT,3646
AAAGTGACAGAAACTT,3644
AAGTAATAAAACCGTC,3644
ATACCACCTTAACACC,3644
CCAAAATTCAGTACAC,3644
GGCCAAGTGAGCAAAA,3644
TCCCCTTCAACTATTT,3644
AGATAGGCATAAGCAG,3643
CCAAGAACGTGCTTCA,3643
GCCAAAAAATATCCGT,3643
CAAAAAGATAGGATAA,3642
AACATATATAATCCTG,3641
TGAAGAAAAAGTTCCA,3641
ACCTCCAAAAAACAAA,3638
AGGACAGGTACAGCCG,3638
CGGGTGCGAAGCTTAC,3638
GACAAGTATAAAACTT,3638
GGAGAGTTTAAACATA,3638
AAGACAGCAATAGAAT,3636
ACGAAAGAATTAAATT,3635
AAAGTACTAACCAACT,3634
CAATCTTACGAAGACA,3634
CGTTTAACAATTATAT,3634
GACTCAAAGAACGATT,3634
TAAAGTAACCATGAAC,3634
TAAGTTGAGTTTGTCT,3634
AAGACAAGGACCTGCA,3633
ATTGGGATATATGTAC,3633
GATATGCAGAAAAATC,3632
TGAGCACAGCGCTAAA,3632
TTCTGCCGAATTGCAA,3632
AAGACATACATGATTA,3631
ACAATGTGAGATACTC,3631
AGCTGCATTGCTAAGC,3631
TACTACGACAATGAAA,3631
AAATCATTCAGTATTC,3630
CCAGTACAAGCAGAAC,3630
CCGGAGGCGTACTATC,3630
CGAACATAACAAACTG,3630
AAATGAGATTGCGTAG,3628
ATATATTCTTTGGGCC,3628
TAACGCGCGTTAATCG,3628
ACTTAGTCAATAATAA,3627
CTGTGGCAACACTCCC,3627
TAGGTAAGGAATAATA,3627
ACCACGGGGACGGAGC,3626
ATGTCAGATATCCCAA,3626
GACAGTGAAGTTGCAG,3626
TTTAATCATCATAACC,3626
TTCTTAGATAACCATA,3625
AACAACACTCGAAAAC,3624
ATGTACCAGGTAAATG,3624
CATCAGGTCAACTGCT,3624
TTTCGAAATACGCCTT,3624
TAATCCGTAATAAAAC,3623
AATTAATGAGTAAACA,3622
ACAGATCATAATTCTT,3622
ACCAAAATCAAACAAT,3622
AGAAATCACCGCAATG,3622
AGCTACCAGAAAAAAA,3620
CTCAATCCTTATCAGT,3619
AGAGGTTATTTCATTA,3618
GAACATCTGACTAACA,3618
TTAAGAACTACAAAAT,3617
CGTACTAGATGTTAAA,3616
GTGAGATTTCGGTCTT,3616
CATTGCCCAAACATAT,3613
GATCGCCATTCCATTT,3613
ATACTTAATTCCAACT,3612
ATTAGAATAAATACTT,3612
CACTATATTTTGATCG,3612
ACGGAGGTTGCAGCCA,3611
AAATAAAGATTTAAAA,3609
TAATTTATATCCTACC,3608
GCCGACTCTCCCAGAA,3607
ACTGCTATAATTCGTC,3606
CAATGTCAAACCCCGC,3606
CGTTGTATAGAGTCAT,3606
TTTGAATCGCGCAAGA,3605
CAATCAAAGATGCAAA,3603
TCACATACGCAATACC,3603
AAGCAATATAAGACTA,3602
TGTTAAGGAAGAAGCA,3602
CCGCAGAAATATTGAA,3601
TTCCATGAGAAGTCCA,3601
CCAACCCATCCGCTCA,3599
TTTCAACTACAACACT,3599
ACGAAGTAATTACTAC,3597
CAAACCCATACGGCTC,3596
TCTGTATCCCTCCTAG,3596
AAGGACAAAATCGAAG,3595
CAAAGCACCCCTAGTC,3595
GTCCAGATCTTCACAA,3595
TTGCTTGCTGTACCTT,3595
CCGAGTTCCATAGATT,3594
AGATAGTGAAACGTAT,3593
GCATGTTTCTGACGCA,3593
TCCTCACCGTCCTGAG,3593
GCATTAGCAATCAATC,3592
TCTATAATGTCACACT,3590
CGGCCCAAGGCGGTCA,3589
GGAGGAACGGACAACG,3589
TCTACGAACTAAGAGT,3589
AACAAAAATCAGTCCA,3588
TTGGCACTGGATGTAC,3588
AAAAAGCATCTATTAG,3587
AATAAGGTATAAGACC,3587
TGCCCACTAATAAATG,3585
AGGTTGTAGCCGACTC,3584
ATAATGTGAACAATCA,3584
GGCTCACTATTCTGTC,3584
TTAGATGGTGAGGTAA,3584
CAGATCCACCACAATA,3583
TCAGGGTTGTTCTTAG,3583
TCAGTGATCGCGTTTA,3583
AACCAGACCATTAACG,3582
CGGAAGGAACTAAATT,3582
GACTATCTAGAGAATC,3582
ACAGAACTAAAGCTTC,3580
GTAATTACAAAGCAAA,3580
CTAATATGCGTCAGGA,3579
ATCCTTAGTAACAAAA,3578
GCCGTTGAATAAAAGA,3577
TACTGATCCGGTTTCC,3577
CATGAAACGTAAAGCT,3576
GGATAGCAGTGTGACG,3576
ACAGAAGGAGAATACA,3575
GTGAACGATATGGAAA,3575
GTTAGAAAAGGTGCCT,3575
CAGGTTCAATTATGAC,3573
CCACTAGCCAAACTCT,3573
AATACATACTTCCATT,3572
ATAACCAACAAAAAAT,3572
TATAAGGATGATATAC,3572
GTTTCATATTTCGGCT,3571
TGAGTGCTAAATTCCC,3571
TTTCCAGAAATATCCA,3571
AAGAGAGATTGTCTAT,3570
AATATATCGTACCTGA,3570
GCTCATGCCTTCATAT,3570
GTTAAAAAAATCAATG,3570
AGAAGCATACCACCTA,3568
CACCCTGACCGCACAT,3567
GAACACCAGTCAAATA,3565
AATGCACTAACATCTT,3563
TCCCCAAACCCATAAT,3563
TACGAGACCTCGATAA,3562
AAGAAAACGTCTAGGA,3561
GAAATTAAACGAAGAT,3561
TTCAAACAACCTTATA,3560
TAATTTAACTCCTAAA,3559
AATGCCACTCCAGGTA,3558
ACCATAACCCCATCAT,3558
ACGAAGTAACAGAACT,3557
GACAACCATATTAACC,3557
GGAGCATAATACCCTC,3557
ACTAATAAAATGAGAC,3556
GAATGCCTAGCCATGC,3556
TTTAAGTACGAAAGCC,3556
GGAAGCGATAACATTC,3555
TCGGACACCCAAAATC,3555
GAATGTAAGGATGCAT,3554
CCATTAGATTTTAACA,3553
TACCACAAGTGTATAT,3553
TGGGGCACGCAATAAG,3553
TCCTCATGCGCTAACA,3552
TTGATTGGCCTGCCGA,3552
CAATGCCAAAAAGCCA,3551
CTTCAAAAGTATTAAC,3551
ACACTGGCTAGATTCA,3550
ACTCAAGATTAAAAGT,3549
GATAAACCCTAGAGCA,3549
TAGGATAAATTCAGAT,3549
AAATTGTTGACAAAAT,3548
ACCGACCAAGAGAAAC,3548
ACATACATATCTCAAG,3547
TTGTACCCGAAAATCC,3547
GAACCCTATTTCCTGC,3546
GGCTGGTTACCTATAG,3546
CAGACTTGCTCTGATA,3545
GATACTTAAATGGAAT,3544
CCCGTACGCGTGAATA,3543
AAAACCTGCATTCACC,3541
ACAATCCATCCCCGTT,3541
ATCCGGTCCTAACTAC,3540
CACTTGGTCGAGGAAA,3540
ACAAAAAACTTACCCT,3539
ATCTGTAAAAGAGAAA,3539
GACGCCACTGGGATCA,3539
TCCTAGACACATAAAC,3539
TTGATATGCCAAATGT,3538
TACCGCTATCATAACA,3537
ACTAATGCGCAGCGCA,3536
TTAGTATTGGCTCTCC,3536
TATAATCCAACAGGCA,3535
ATATTCTTTGGGATGA,3534
ATGAGCCTCCTCATTT,3534
TGGATACAGTAACCCA,3534
AATTACTGGGACCCGA,3533
TATGTTCATTGAGTTG,3533
TTCAATAGGTCCTCAC,3533
ACTTCGACTGAAACTA,3532
ATATTTCAGAATACAC,3531
CAGATTGAGCCACTAA,3531
CCACACCATATTAAAT,3531
GGGTTCAAGGGATTAA,3531
TGTAAAAGACCAGGAT,3531
AAGTTCGCTATACTAC,3530
ACATGACCTGTAGAAT,3530
CACCGAGGTGAAACCT,3530
TCTCATGAGCTCGACC,3530
TACTGGATATTTATTT,3529
CTTGCTCAATGTTAGG,3528
GCTTGATCTAAAGCAT,3528
CTCCTCCCTGGAATGG,3527
GCATTCGCTCGGTAGG,3527
AGGTTTGCGGTTCAAT,3526
ATCGGTCGAAAAGTTG,3525
GTGACGAACAATAACA,3525
TAGAGAAAACATGGGC,3525
AAGTAACCAACGAAAA,3524
ACAACAAACATAGTAG,3523
TAAAATAAAACACCTT,3522
AATACAGCTTGAAGAC,3521
GGGGCAACCTGGTCCG,3521
GTTGGAACCTAAGACG,3521
ACTGTTCATTATATAA,3520
GTGAGTACCATAAATA,3520
TCCTTTACAAGAGTTA,3520
GGACGTGCTATAAAAT,3519
TGCGAGATGATAACTC,3519
TTCCGCCGAACTAACT,3519
ACAAAATCAAGTCCTT,3518
CCTCAATAAGAAGCCT,3518
CGACTCATCACTAACA,3518
CTGCATAGACTGACAA,3518
AACGATTAAATGGGAG,3517
TGCACATACATGCTAA,3517
AACAAAAAAAATACGC,3516
AATCCGAAACGTTCTA,3516
AGATGGAGTGATCTGA,3516
ACTGACACATGCTGAC,3515
ACTTGTCTACTACTAT,3514
GGCCACAAAGTAAGAC,3514
ACAATCTGACAAAAAA,3512
GAATAACCAGGACACC,3511
GCACTATTGGGAGTAG,3511
ACGAAAATTATTGACT,3510
ACTTAGCACATAGGCT,3510
ACTTTAAGATATCAAC,3510
TATTTAGCTGACATGC,3510
AACAGGAATGAAGCCA,3508
AAATAAACCTATCATT,3507
CACTCAACATATCCGA,3506
ATATCCCAGGAACGGA,3505
GTTAGTGGATACCCAT,3504
TACCTTGTTTATCAAA,3503
CTTATAGACATCAAGA,3501
GATTCCTGCAATACAA,3501
ATCATGTCCCCCTAGA,3500
GTCTGACATCACAAAC,3500
GGAAGGTTGAAGAAAT,3499
TAACAAAAGGCATACT,3497
AACCGAAATCCTAATA,3496
TCTGGACTGATCTACG,3496
TTCACAAAAATTGAAC,3496
TTGTAACACGACTTGG,3495
CAGAATCTACTGGTAT,3494
GAATCTAACATACGCA,3494
GGACATAGTTGTCCGT,3494
GGATATTTAACAAAAA,3494
TATCTTTCAAATCATC,3494
CTGAGTCAAAAGTGAC,3493
CTTTAGGACGCAACGA,3493
GCGTTGAGGACTTGTT,3493
GTAAACAACATCCGAC,3493
AAATTATATTATCGTC,3492
AACCTATTATTCTTGG,3491
GCCGTCATCTGACAGC,3491
AAAAAAAGTCCCTGAC,3489
AATTCAGGCACTGGAA,3489
ATAGGGCTTATATATT,3488
GACGTATTCTTCAACC,3486
GATAATTTACTATTGC,3484
CTAAATAGAAAAATCT,3483
GCCACTCCTCGTACGT,3483
TACCGAAGAATGAGTA,3479
CAAACCATTCAGGTGA,3478
CTAACATCGCTTACAT,3478
TATATCTCATGGGGTT,3478
AATACAGTGCACCGAT,3477
CCAGACATCTGCCGCA,3477
TCCAAGCTAACTACCA,3476
TCCAGAGGGCAATACG,3476
AATACGTAAAGTACAA,3473
ACCCTAACTCAGGGAC,3473
ACTATGGTTAAGAAAG,3473
GAAAATAAATTAGACA,3473
TCAAGAATTACACCGG,3473
AATCATAATATCGAAA,3472
AGTTATATAGTGAACC,3472
GAACCCCAACGCTCTG,3472
ATCCACCGGGAAGGCG,3471
GGGATCATGAGTCATC,3471
GTAACACTTAACTCAG,3471
TTTAGACCATGTTTGA,3471
TTTGCGATGAAGATAC,3471
ACGAAACCTCCAATAA,3470
CAGGTTGGAAGTAAAA,3469
GGCTTACGACTTCGCG,3469
AAACAAATAATCAAAT,3468
AATTGACAGATTGAGA,3468
ACATGCAAACCTTGCG,3468
AGTAACAATATTTGGC,3467
CACTATACAAAGCCCA,3467
TTAGTGCGATCGGAGG,3466
CACAACAAACCAGGAA,3465
TAAGCGAGGAAAAAAA,3465
AATAGTCATTTTCTTT,3464
ACTCTCAAAATACAAG,3464
TATTGACTACTATACA,3464
GTTCAAGCTATTAAAA,3462
TCAGTCGTTCCTAGTT,3462
ATTCTTAATGCCAGTC,3461
GCCAACCAACACGCAC,3461
TAGGACCGCTACACTG,3461
ACCCTCGCTGTGAGTG,3460
AAGAGTACTAAAATGG,3458
ACTTCCATCATATAAG,3458
TGAATCGTGACTGCTT,3457
CCTCAGTTGAATGTAA,3456
GGCACATATTAAAAAG,3456
AGAACTAGAAAAAAAG,3455
TAATATACTAAAAGTT,3454
TACGCACTACGTTTAG,3454
TCAAACTTTTGGGTAT,3453
ATGATCCCCCCCTCCA,3452
CAGCTACAAATAAAAA,3452
CCAAGTACCCGACAGC,3452
ATTCCCTTCACACTAA,3450
CCCTAAAAAGCTAAAC,3450
GGATGTATTTCTTACA,3450
TGATGGTCTACAGTAA,3450
GTAACACGCTAACTGA,3449
AAATCAACATAAAAGT,3448
AGATTCAAGCGAGCGA,3448
GGCATAATGAAAATAG,3448
TACGAAGTATTAGATC,3447
TTATAGTACCACCGAC,3447
TTTAAACACTATTCGC,3447
CGCAAAAAACGTTTTA,3446
GTAGCAAAGCGTTGTA,3446
TTATTACCGAACAAAT,3446
TAATCGACAGAGGATT,3445
ACATCTGACCCATGCA,3444
AAGCCAACTATGTAAA,3443
AAAGGAATACTGAAGA,3442
ATCCACCAGAAACCAA,3442
CAACAATCTTATCACA,3442
GACGATTGTAAATAGG,3442
GAAGATTGTGGCACGA,3441
AACGGCTAATAGCCAT,3440
ACAACCTCAAGCATAG,3440
TCGGGCGTAACAATAC,3440
CATTGGAAACAATGCA,3439
CTCCTCTAATGATACA,3439
TCTGTTCGAAATCCTT,3438
TTGCCTAGGGCATAAT,3438
ATATTCAGTCAAGCGA,3437
ATTGCTCAAGACAGCG,3437
GAAGATAGTAATAATA,3436
GGGCGGTACCAATACA,3436
AACGATGCAAACAGGC,3435
GTAACCCAGCGTGGAT,3435
AACAGAAATTACTTCT,3434
AATCACATATCCCACA,3434
CTCATGTCAGAACACT,3434
TTAATGTAACAATAAC,3434
TTGACATGCCTGTCAT,3434
TAGAAGAGTTATAAAG,3433
AGTAACGTTGGAAACA,3432
TCCAACATAATGCCTT,3432
TTATATGCCATTTTCG,3431
AAAGACCAAGTCACAA,3430
AAGAGACATTACACTG,3430
TACCTCGCCCCGCCAC,3430
TCATAAGTGACATGTG,3430
TCAAAAGAAGTTTCCA,3429
CCTTTCAGCAAAGTCT,3428
TGACCCATGCTTCCCT,3428
TAAAAAGAACTTATAG,3427
CTCAAACAATAAATCT,3426
GATTCCAAACGTTTAT,3426
CCGCTCATCGTGAGCC,3425
TGCCAGTGCTAGCTCT,3425
AGTCTACACACAGCCA,3423
ATTAAAAGACAGACCG,3423
CCCGATAGAACATAAT,3423
GATTGACGACAGGTAA,3423
CAATATGAAGAACAAT,3422
GTAAATCGGGGGAGAC,3422
ATATAATTCTGGTTAG,3421
GTGAATTCAACGTCGA,3421
TAAGTTAGCTAAAAGT,3421
GGAGAGATGTGTTGAA,3420
ACGGAGAAACGGTAGC,3419
CGTATACCGCCAGCAT,3419
AAATGTGCCATGCTAG,3418
CATGCTTTACCTTCGA,3418
CTGACAACGGACACGA,3418
TGAGTAACATGACGAC,3418
AGATTAACAGATTCAC,3417
GGAGGTTAAGAACTTT,3417
ACTCGCTCGCAACACG,3416
CAGAGGAGAGACAGCG,3415
CATGAAGTTAGATTTC,3415
TGAGTGACTCACATAT,3415
TCGATCTAATACCCAA,3414
AAAAGCTTGAGCCGAT,3413
CATTGCCGAGATAATC,3413
CGACTCTCACAGACCT,3413
CTATAAGATCAACAAC,3413
TGCATTGAGAATGACA,3413
CGGTCTATTCCCTTTG,3411
GAATATGCAACCTAAA,3411
CGTTACTGGAGCGAAA,3410
ATAAAAAGAATTAGGT,3409
CAATAACCTCCCAAAA,3409
ATTTTAAAAAACCCTG,3408
AACTAGCGAATCATGG,3407
TATATACAGAGATAAT,3406
AACAATAATGCTGCAA,3405
CGCATGACAAGTTAGA,3405
TAAGCCAACCATTACC,3403
ACCGTTGATCCCTCGC,3401
CCCTTACCTGTGACGT,3400
GAAATCAAGAGGTAAA,3400
GCCACCTCTACAACCC,3400
TGAAGGACATAGGCAT,3400
AAAAATGTGCACGTTT,3398
TCGACATCGAATTTTT,3398
TTGCGTTCGAAATTTT,3398
GATAATAACTATGAAA,3397
GCTTCAAGTATCAGGA,3397
ATTAGAAATAACTAAC,3396
CTATCATCTTTCGAGC,3394
GAACTGATATTTACCC,3394
TTAGTCTAAATCGATC,3394
ATTCGTATCAACACCA,3393
CAGTACAAAGATGAGG,3393
TTAATACCATACATCT,3393
ACCGAACCGTTGACCA,3392
AGGTTAAATGTATGGA,3391
CTCGCCTCTGTATAAC,3391
AGACTAACTTTCACTC,3390
CCCCAAGATTACTGTG,3390
GACACCACAACAAACA,3390
GAGGCCAACAGACATA,3390
AATATATGACATACCC,3389
AGTGATAGCCACTGAA,3389
ACACATAAAGACTTAT,3388
TAAGGGCCAGGTACAA,3388
AAGTACCCAAAAGGTC,3387
CTTAGTGCGCTCGATG,3387
AGATTACTAAATAACA,3385
ATAGCGCACATGTGCG,3385
CGAAAGTTCAACCAGA,3385
AGATACGCAAGAACTT,3384
AGATCATCCCCAGTAA,3384
GAAATAGTAAGATCAA,3382
GAGTCAATACCCACCC,3382
TTATACCAAGCTAATT,3382
AATGAAGACAAACGCA,3381
TGACATTATATCAATG,3381
ATCAATGTCTGATCTT,3380
CAAAAGCGATAATCAA,3379
GACACTGCTACGTGGC,3379
AAAGCTCTACCACCCT,3378
AACAAGGCCATTTGAA,3378
GACCGCACATGCCCGA,3378
TTATCTAGACTCTAAC,3378
GACACGAGAACCATCC,3377
CATGTTAGAGTGAGTG,3376
CCAACGGTAACGCTTA,3376
ATGAAATAGAAGATCA,3375
CAGCTGGTGAATCCCA,3375
TTGGCCCTTTTAGTAT,3375
ATAAAGCCTCATGAAT,3374
GGATAAGATATAATCT,3374
GTTAAAACAATAAAGA,3374
TGCCAATGCAGAAGAA,3374
GCTAGTCCGCACCCTT,3373
GGTTGGGCAGAGGTGT,3373
TTATTCCAGAGGTCTT,3373
AATAACTAATATCGAC,3372
GAACGACCCAAAAGTA,3372
CTGCCCTAAGTATATT,3371
AAACTTGTTTGCATAA,3369
ACAGCCATAACATAAG,3369
ATAATGGAGATTATAG,3369
TGGAACCATTAAACAT,3369
CAAGTGAGAATCCGCC,3368
ATTTGTCCAGAACCGC,3367
TATATAGTATGCTCTA,3367
ATCTTGGACTAATCCT,3365
GCACAATTGCTCAAAA,3365
GTGACATTAAGCACAA,3362
TCCCCATCACCGGAAT,3362
ATCGAATCAGAGGAAT,3361
GTATCCAAAATGACGA,3361
TTCGAGCGAAATATAA,3361
ACCTTACTGGTAGGAT,3360
TATTGAAGACTTTCGT,3360
ATGCATTTAGCCCAAC,3359
GATGCACATTGGGATT,3359
TCACAGTGGACATCCA,3359
TTATAATACCATCAAG,3359
AACTAAAAAGAACAGG,3358
ATCTTCTAGGAAAATA,3357
CCTCCAAGCGTTGATG,3356
GACACGTTTACATTAA,3356
TAAAGTGGATCACAAA,3356
TAGCCTGAAGTTTCCT,3356
ACAACATACATACATC,3355
AGGCATCCGGCGAATC,3355
CTGAATGCATCGTTGA,3355
TAAACGAATAACAAAG,3355
CTACTCTCCAGATACC,3354
TGTGAAGTCGGAGTTT,3354
TTGGAAACATAAACTT,3354
AATTAAGTCACATCAA,3352
AATGCAGTACTCAGAC,3351
ACGCTAAATATGAACC,3351
AGTTCTAAGTAGAGAG,3351
AACTTGCAATATCAAA,3349
GATCGTAACTTGACCC,3348
ACAAGATTAATAACAA,3347
AGATTAAATAAGGAGA,3347
TTAAACACTTCGGCCC,3346
AACGAAAATGTCCCGG,3345
AATTGTTACAATAAGT,3345
ATACAGGAGGTCTTGT,3345
GTATCCGGGGCTTCAC,3345
TAGCCCAATCAACCTA,3345
TGTTTGGATCCACATC,3345
AAGAATATACATAACG,3344
AAGCGGAGAATCAATG,3344
ACAAACTAAACTTTCA,3344
CCAGCGCTCTAGTGGG,3344
TATGATTGCACACTAG,3344
AAATTAAGACCCGGAA,3343
TCTGCAGCTCATAAGT,3343
ACAATACCTGCCAAGA,3341
ACCCTCCAACGTATAG,3341
TACATGAAAGATACCC,3341
TGAGCACGCAGGGCAG,3341
CCGAAGCCAACGCAAC,3340
AAGAACGAAACTGAGC,3339
AGGAAGCGAAAGGAAC,3339
ATACGTGAAAAATCCA,3339
CAAGTGTGTCCAATTG,3339
GCTAACTGCCTAAACA,3339
GTTTAGGATGTTAGGG,3339
TACGCTGGTTACGATA,3336
TGACCCAATCACTTGG,3336
CCGCATAGTGTCGTAT,3334
TCAAACCTAAATTGGT,3333
TGTAATATATATTTGC,3333
TTCAAATATGTGAAAC,3333
ATGCATCCCACAAGCT,3332
GGCACCCTAACAATAA,3332
GGTTAGGGATTCCATA,3331
GTAACTAACCCCCTGC,3331
TATGACAGACAGGCTG,3331
TTCTAATCAGGAAACA,3331
ACCCGCACAGACCGAT,3330
GATCAACGAACCTAGT,3330
TAATATTCCTAACCTT,3330
TTCTCTCTGCAAAAAG,3330
AAATATACATTACCTA,3329
AGGACCGAACTGCGAC,3328
CGACTAACTATACCCT,3328
ATCCATACATTTCGCA,3327
TAGTGAGCAATCCACA,3326
ACGTACACAACCTCGA,3325
ATCTATAAGGACAAGG,3324
CATACACGACCTAGCA,3324
CCCGTCTACGGTTTTA,3324
TCAAGCCGGACACCGA,3324
AAATACGCCATAAATG,3323
ATAACCCTTGTATATA,3323
CTTAGAGAATAAAGAC,3323
ACATTCAAGGACAAAT,3322
TTCAGCCCTAGACACG,3322
CCGTACCAAGGGACCT,3321
TCGACAAAAATAATGT,3321
TGCGGTCAAAAGAGTG,3321
ACAATAATAATGCCTA,3320
AACATTTCGTTACACC,3319
GTAAAAGAAGAAGAGA,3319
AAGGAAATTGTAGTTA,3318
AATTCATACCTAATGG,3318
CGTTTACCAAACTTTA,3317
TACGGAGGTGCGCCCG,3317
AAATAAAGCTACTAAC,3316
AGCGAAATTAGTGGAC,3316
CGTAACCGTCAAATTA,3316
ACCAAAAAGATAACTG,3315
CAAACTTCATAACAAA,3315
CAACGACAAAATACTT,3315
ACCACAATTATAAGAA,3314
GGAGCAGAAGACAAAG,3313
TTTACCGTGGCATCTC,3313
ACTTCACGCTGCACCG,3311
TACTAAGGGTCCGAAG,3311
ACCATGAGCGAATCGA,3310
GAAGATACCGTACCAA,3310
GCTGTAATTTACACAG,3310
TAAAATCCCAGTTTGA,3310
TCTAAACTCATGAACT,3310
TGAAGCTTCGCAGAAC,3309
CACTCGATAAATAGAA,3308
CGACGTTGCGCCCTAA,3308
TAAGCAATATCGCTTG,3308
CTAAAGATAAACAACT,3307
TTGTACTTAAGATGCG,3307
AATAGATAAGAACTCG,3306
CTTACTGAATCCTTGC,3306
TATTGGCCAGTATATA,3306
ATACGGTGAGCCATCT,3305
ACACCGCATTGAATCG,3304
CCCGTGAAAACATATC,3304
CGGTGTTTCAATGACC,3304
CGATACGTACGAATAA,3303
GAGCGTTACCGGTACT,3303
ACTTCGAAGTTACTAT,3302
ATAAGCATTCGATGCG,3302
CAACAAAATTAGAAAA,3302
CCTACAAAAAAGAGCT,3302
GCTGACAAGATATTTA,3302
TAGCACCTTCCTACCC,3301
TTCACTAAGCTCCTTA,3301
CACCGACGAGCCCGAA,3299
TCAGTAAACTCAGGAA,3299
AGAATAAGCGAAGTAC,3298
AGGCAGATCATATGAA,3298
TATTTATAAATCCAAT,3298
CATATTCCCGGTAGGC,3297
AACCTACCCATAATGA,3295
GACCAAGTAACCCGAT,3295
CATGTCAGATCGGATC,3293
AAAACCACCATTGAGC,3292
TATTACAACCAAATCC,3291
TCTGTAAACATGGTCT,3291
CCAAAAAACATTGCAG,3290
TCACCTTACACAATTG,3290
ATCGGTATATATACAA,3289
GACATAAATCACTCCG,3289
AAGGGGGGGATAATCC,3288
TGGAATATGGACATTT,3288
CGATGTCAACCCTAAC,3287
CGCTTTTCGTAAACCA,3287
GGGAGCACGCAGTTAA,3286
TATGAAGGACACTAAT,3286
AACGGCCCTCTTCAAT,3285
GGTTGCCAGCAACCCC,3285
ATTTAGACACTTCCCT,3284
CGAAGGCGAGTCAACA,3284
GCTAATCAATACAGAT,3283
GTTAAGTACAAACCCC,3283
CCCTTAGACCCGTCTC,3282
GGAAGCTCTTCATCAC,3282
GAGGATAGCGCTAGAG,3280
ATTAATCATGTAAATA,3279
CACGGATTTATTTCTA,3279
AAATCCTAAATTGGCA,3278
CGGGCCTACCCCCTGT,3278
GGACCCACGATCATAA,3278
TAGTCTGTAATAAAAA,3278
AACCATGCTCTCCTTC,3277
AGACACGCTTCATAAA,3277
CAACGAGAACGTCTAG,3277
CAATTGTCGGGCATCA,3277
GCCGCTGAAAAATTTT,3277
AAAAATAATTAGGTAA,3276
CGTCCTAATACAAAGG,3276
AGACCTGCAACATTGG,3275
ATTTATGACAACGGTT,3275
GAGACCATTATAAGTT,3274
TGGGATATCTTTTCTA,3274
AAACTGAGAAAACATG,3273
ATTTAGCACCAGACAG,3273
CCGATAAGCTCTAATA,3273
CGCAGATATAAACCGC,3273
GCAACTTATCCAGCAG,3273
ACACCTGCACGTAACA,3272
GGTGAAAAGTTAACGA,3272
AAAAAACTTAGGATAC,3270
CACATTCAGGACGTTA,3270
CCAGTTGAACATATCT,3270
TTGAATTCCCTTGTAA,3270
GATCAAGCCCGTACTA,3268
GGTACACCGGACAGTA,3268
CCTCGTGGCATTATAT,3267
AGGCTCCCCGAATAAC,3266
CACGGCTGAGCAGAAC,3266
CATTCCTAAAAACGAA,3265
CCTGCAATCGAAAATT,3265
GGAGGCAAATGACACT,3265
AAGTTGTCTCAATAAA,3264
ATTTTTAAAAGACATG,3264
AAAAAGAGTTCCTAAG,3262
TTACTGACTAAACAAA,3262
TAACCAGCTCTTTGAT,3261
TCCTAAAGATACGGGA,3261
ACACAACGAGGGAGAA,3260
CCAGTAAACTCCCTTA,3260
AAGATGGACTTAATGC,3259
CCCCAAAATAATATGC,3259
CTTGATTACCTATAAC,3259
GAAAAGCCCCTATCAA,3258
GCTTTATAGAAACCAA,3258
GTAGTACATACTTACT,3257
ACTCTAACGCCAGAAT,3256
AGAAGAAAATTACAGA,3256
CTATAGTCTTGGTAGG,3256
TGAAGCCACGCACTTT,3256
AAGATTTTGACACAAA,3255
GCCAATGTACAAAAAC,3255
TAGTGTGTTAAAACGA,3255
AAATACTTGCCCGGTC,3254
AATCAATCTTTCGCAT,3254
ACGCCCTGATAGCCTC,3254
CCTTTCTACACAACTA,3254
AAATCCTCAGAAATAG,3252
ACAAATTATTAAGGAC,3252
TAAAAATTGACATACT,3252
CAGAGCGTACTATCAA,3251
AAACCCTGGCGACCTA,3250
ATTCACATACGACGTA,3250
GGACGTGCTCCCTCTT,3250
CCTCCACCGTCTGACC,3249
GTTAAGGCGCCCCCTA,3249
CCACAAGCGCCAAAAT,3248
AAATGAAGGTCCTTGA,3247
AAGAAACACGAGATTG,3247
TACAGCACAGTTTCAG,3246
GACACCACTGGCCGTA,3244
ATAACAATTGTAACCA,3242
AAAAATTACAGGTTAA,3241
AAACCGGCGAGGGCGA,3241
TCCCGTCCATATACAT,3240
ATACGGGCAACCCGCC,3239
CTTACATGACCGGAGG,3238
AAGAAATTATTCACAA,3237
GCATAATGACTTTGGT,3237
AAAAATCCTGTCAACA,3235
TGTAGTCAGGTATATT,3235
AAGGGGATCCTAGCGC,3234
GATCTCCAGACTACTA,3234
TATGAAGAACCCACCT,3234
TTATAATGCTAACAGA,3234
AAAAAGATTTACCATG,3233
GTCCCGAAACTGATCG,3233
AAATTGTACCGTAATA,3232
GTTTTTCAAAATCGTA,3232
TGACTTCCCTTCAGCG,3231
CTTAGCGGTAAATACT,3230
GAACGGGCTCCAGTCC,3230
TAGTAATGACATATTA,3230
AATATATGACTACCAA,3229
CCAGAAGTCAGAATTG,3229
CTAAGGAGGACGCTGC,3229
TCATCCCCATTCCGAG,3228
TTACTTACGGATAAAC,3228
TTAAACACCAGCCGTG,3227
AGAGAACTAATAAGCT,3226
CTCTTGGTAATAGTCT,3225
TTAGTTTAACCATTAT,3225
ACTAATAGCTAGAAAT,3224
CAATCTACAATCAGTG,3223
AGTGTTGACGCATCCT,3222
GACGACGAACATTCTA,3222
ACGTGATCGGATATAA,3221
ATAGCAAGATTGTCTA,3220
ATTTCATATTGTAAGC,3220
TTAATCATCAATTACG,3219
AAGAATGGCGTAATGT,3218
AATGCCAACTGGAAAT,3218
ATCGTCCTACTCAACT,3218
CTCAAGATGGCCATTA,3218
TCACAATACAACTGGG,3217
ACGAATATCCCTATTA,3216
TCCGCGATGTACCTAA,3216
ACTAAACGCAGAAACT,3215
ATATATCAATTGCAGC,3215
CCGGGTAAACGCTTGT,3215
CGTGAGTCAATTAAAT,3214
CACTTGCAACAGCTCC,3213
GTATCACGCGTTCTTT,3213
TAACGGCTTGTTCAGA,3213
TCTAACGCCAGCGAAA,3213
ATCCTCGAGAAATACC,3212
AAAGGAACGAAGGACG,3211
AAATGGACATACTTGC,3211
CGCCACTCGACCATTC,3211
AATGTCCAAAAGCCCA,3210
AGCATAACATACTTCT,3210
TTCAAGGGTTGCCATT,3210
AACGGGAACGAGCATA,3209
GTACTAATAAAAGGAA,3209
TACCAGAGAACACCAG,3209
TTAGGACCTAAACTTA,3209
AAGAACTGCGATATTA,3208
GAATAGCCTAAAAAAT,3208
TATAAAATATAGTGCA,3208
GTCAAAAAATCCGGCT,3207
TCAACCAGAGGCTTTC,3205
AATACACCGAAACTAG,3204
CCGGTAATCAGTTGGT,3204
AACGCTCAAAAGCTCT,3203
AACTTAGTAGACCAAC,3202
ATCAGTGACTGTACAT,3202
GATCTCGCATTGAGCA,3202
TATCAATTAGAACCGC,3202
GTGTCAACGCCGATAC,3201
AATCTGGATATACCGA,3200
ACCGATAGGGGTCTAT,3200
CCACTAAAAAACTTCC,3199
TACGAACATTCCTGAA,3199
TGTAGCAATTAGCCAC,3199
AAATATAGCATACACA,3198
CCAACTCAGAAGTCTG,3197
TCGATACTCATCTGCG,3197
TTGTTGAATACGATGC,3197
ACAGACAAGCGAAAGA,3196
ATAGGGTGTCCCTCTC,3196
GAGTATATTGATTGAA,3196
GTAAAAGTGCTAGGCC,3196
AAGAAGGACAATAATC,3195
AAGTACAGACATCTCC,3194
ATGAGCGAACTTAGAG,3194
TGCCACCCTACTGGGC,3194
CGGATCCGCCGACACC,3193
GTTACTAGGCCACTAA,3193
AGTGTAAATATCATCA,3192
GGGAAATCGGACCATG,3192
ATTGCCCACATCATCA,3191
CGGATAGTTTCATGCG,3191
CGTACTAACTGAAAGT,3191
TGCTATACCATTCACT,3191
TGGACCTTGCGGTCAC,3191
AAAACATTGATAAACA,3189
AGCGCCTTTTCATAAA,3188
CACCACCTTAAGCGAC,3188
CATACAATGTACATTT,3188
GTACCCAAGATGACTC,3187
TACTTGATATCAAAAG,3186
GATAAGGATATCCCAC,3185
GCCCGAACTCATACAC,3184
AGCAAACGCCCCAATA,3183
CCCTCAGATCAGAAAA,3183
TATTAGCAATTTCTAT,3183
TCCAAAAACACGTATG,3183
TGGCACGGTAACTATA,3183
CATGGGGCCCTCGATG,3182
GCAATAACTACCCCCA,3182
TATACTAATAGACTCT,3182
ACAGAACATTCAGTAA,3181
ACTCGCTCGTCGAAGA,3181
TATATTAACGGGAGTA,3181
AAACCACCGGATAAGA,3180
CTATAAACTTTGAAAG,3180
TGACCGCATTGCCGAA,3180
ATAACTTGAAAGACGC,3179
CGAGAACCAAACAAAG,3179
GGATTTTCCCAATACA,3179
TCTTTCTTATGAATTC,3179
ACAGATTTGCTGTACC,3178
CCTGTCGAAATTACCA,3178
GATACTCCATAGGCCA,3178
CCGTAAAATATAAAAA,3176
GAACATACGGTTTAAA,3176
GATTCTTTTGTTAATC,3176
TAAGGGAGTGAATCCA,3175
CACCGGCACGCGAAAA,3174
AAACAATGAAAACCGT,3173
AGATCACTACCGGAGC,3172
GGGGAAAAAACTTGCG,3172
AAACACCCTTTAGAAC,3171
TAAAGCGGAACTTACA,3171
CTCCCCGAACTGAAGC,3170
GAAAGAAGTAACACCT,3170
GATCACGATATCGTGG,3170
GTACAATGTGAAAATA,3169
AGCACTCCGACTGGTT,3168
CGCATTCTCATCTCTT,3166
GCTAGCCTGAGACCAG,3166
ACTAATAAAGGTTGAC,3163
CATAACTCGGATAACC,3163
AATACAAACATGAATG,3162
ACCTAATAGTATATAG,3162
ATACTCGAGACTGAAA,3162
CAGTGCAGACCCGATA,3162
TTTTTGCCTTCGGCAC,3162
TAAAGATTGCACTGCT,3161
AAGAGGTGTTCACTAC,3160
ATCAATTCGATCAGAG,3160
TCCAGCGATGTGAACT,3160
AATCCAACGAAGGCGT,3159
TTTCAACCTTTTATAT,3159
GAACGATGAAGAAAGA,3158
TATTATACATTAAACA,3157
CCGAAAAAAAAACCAA,3156
GTCAACCAAAAACTAA,3156
TGAGATAATAGCCATT,3155
ACATACACTTTATACA,3154
AGCCCATTGCTATGGA,3154
ATCCGACAAATCGAGA,3154
CAAGACAGCCTGTCCA,3154
GTCATCTGAATCTGAA,3154
TTTGTTACTTTCGGCC,3153
AGAATTTTCATCCAGT,3151
TAAGAAGCCCATACGA,3151
TATGTGAAAATGTATT,3151
AATTTGATATCATCAT,3150
TTCTCCAACAGACAAT,3150
AGGCTGCCAGTTCCAT,3148
TACGAACATCAAACGC,3148
AAAGGGCGTAACGCAT,3147
GAGATACATCGCAAAC,3146
ACACCAAGTCGCTCGG,3145
TATGTAATGGACATTA,3144
AAAAGTCGAGACGTCT,3143
CCTCCCGCGGAGATTA,3143
TAGTGAGGATTGACAG,3143
TTAATCCGTCCCGTTT,3143
TTAATAAAAGCCATGC,3142
AAAGACTTTCCGACTA,3140
CTCTCTACAACTAAAT,3140
GATGAGATATCGGAAG,3139
TAGACCGATCATAGTA,3139
CTAATTACATCTTGCA,3137
ATGCTGGAAAACTCTG,3136
CAAAAAGACGGGTCAG,3136
CCCGTGCTTCTTGAAC,3136
ATGAATCGATGCATCC,3134
TAAAAATTCCTATAAA,3133
TGTGAACGATTCATGA,3131
ATCTTATCGTACATAA,3130
CTTGGCTGATGTTATG,3130
TAGATTGTAAGGGACG,3129
TCCCAATTTGAAAGCA,3129
GTATTAACTCTGACAT,3127
AAAAATCTGGCAAACT,3126
AAACAAGCTTGAGATC,3126
CTATTAAAAAGACACT,3126
ATTCCATTACAATACT,3123
AATATAATTGACCATT,3122
ACGCGACACAACCATG,3122
GTGTACAGAAGATTAA,3122
TTCCTTAAATAAATTA,3122
AAATCAAAATTTTTGT,3121
AAGTGTATAAGCATGA,3121
TATCTACTAAAAAAAT,3121
TTGAAATTGCCCAATT,3121
CTGCGTTATTTAATCT,3120
ACCCAATTACTCGACA,3119
CCGGAACCTTCGCCCA,3118
TGCAGCCAACAAGAAC,3118
ATATAAAAGGACATTG,3117
CAAGCAGCATCTAAAC,3117
ACTGTGCCTATAAATC,3116
AGTGCGAGTCCCGCAA,3116
CACCAAAGTATTTTCT,3116
CCTTAGACGAGGACCA,3116
AATCCTGATGCATTAG,3115
CCCAAACAGTTCCGGC,3115
CAACTGTTAAGGTTAA,3114
CTTATGGAGAGTAAGG,3114
GGACATACGATCAAAT,3114
TCAATTTACTAACGAC,3114
AGGATGAACGATATCA,3113
ATAAGGATCCTCATTA,3113
GATATTGGAAATACCG,3113
TACTCTATAAAAGTAC,3113
ATAGACTAAGTCGGGC,3112
TGACAGCAGACAAAAA,3112
CATTCCCTTGACTTGG,3111
CTTAAGTAAAAGATAA,3111
GACCCTAATTAACTCC,3111
TGCTCCGTCTGTAACA,3111
ATCTGCGTCACTCCAA,3110
CCGCGAAAATCCTAGC,3110
TATCCATCTCCATGAA,3109
CAATCCAAGGTAATCC,3108
GACAATTCTAACTAAA,3108
TGTGCCGCAGGTCACA,3108
ACTAAACTTCGTTGAT,3107
AAAAGAAAAGGCAAGC,3106
AAACACAACTAACGGA,3106
ACCAGATAAAATAATC,3106
AACAATCGGTAATTAG,3105
AGAAACAACTAGTTAC,3105
TACCTAACGGGCAATT,3105
TACTAACGATAGACAA,3105
ACTAAGCAAATCACAG,3104
ATGCCCGATCTAATAT,3103
TATTGAAACGGATGAG,3102
CAAATCGCCTAGAGAA,3101
AACTACTATGTTCAAT,3100
AATCGTTAAAAACTTT,3100
GATACCGTTCACAAAA,3100
TCACAATTAACTCGCT,3100
CCCGCTTCACGTTACA,3099
TATGACGAGCGGCTGT,3099
GAAGAGAATGTGTGTA,3098
AGACTGAAAACACCAA,3097
ATTACATTGTGGAAAT,3097
CATCGATTCGCACAAA,3097
CTAAATAAAAGATCCT,3097
GCTGAAGTATTAAATT,3097
AAAGAGAACTTAATCA,3096
ACTGACCACTGGGAAG,3096
CAAAAGACTTTGATCC,3095
GCAGAATCAATACGTT,3094
TCTCAGACACGTATAA,3093
GAATCTTATCATACAC,3092
TACGGCACCCGGATGA,3092
AAACACAACTTTCAAT,3091
ACCATAGCTCTGATAA,3091
GGTCTCTATCACAGGA,3091
AACATAGGTTGACTCG,3090
ATTGACTCACTTACCA,3089
GTCGTTTGTACTTACG,3089
TTGAAGAAGGCGATCA,3089
AAGATAAATCATATAC,3086
ATTACATAAAACCCAA,3086
GTTAAAGTGTGTAAAC,3086
TCCAATCATGCGTGGC,3085
TGTGCAGGTAGAGATT,3085
TATCCCTTACTCAAAG,3084
AAATCCTACTAAGCAA,3083
CAGCGAGCAAGGCAAA,3083
GAAAGGAATAAGCACA,3083
TCTGAAGGTAAATAAG,3083
TGCTTTAACTCAAAGA,3083
ACCAGGTAAAACGAAT,3082
ACAAGACGTGTACACG,3081
ATAGTGACACTAGTAC,3081
TGTGACGCCATTAACT,3081
GTACCGACTGACGATT,3080
TAAAACATACACGATT,3080
TACCCGTAATTGAATA,3080
AATAAAGTAACTTGTG,3079
TAAAGGTTGAGTGGAT,3079
ACAGAACACAAGGCAA,3078
AAAGAACACGCCATTT,3077
TCTAATTATCTCTAGA,3077
AATCACCAGATCTCCC,3075
GAATAACAATTGAGAT,3074
TCAGCCTCTCTTTGTG,3074
AAAATGGATCTATCCC,3073
AGAGTGATATAAGACA,3072
GAACTTCACGTTACAA,3072
TGTTATACAACATAAA,3072
ACGCGCAGGACGTGAA,3071
GTTTGGCGTCCAAAAG,3071
TACTAAGAAGCCAATA,3070
TAGAAGTTGCAGCTAG,3070
TGAACCAGCACACGTC,3069
ACAGAGGTTGTTCACT,3068
AGGACAATAAATAATG,3068
CAACATCATGAAAAAT,3068
TTCACAAGCCCCCAGT,3068
AAAGCATTGACCACCC,3067
CCAAACCGCTGGAAAG,3067
GGCTCCGATCCCTCCA,3067
GTAAAATGCTCGGAAA,3067
CACCTTTCCCTAAATC,3066
TTGTCCTAAAAGCATA,3066
ACAAGTAGAATACCGC,3065
CTGCCATATTTCAATC,3065
CTTTTCCCTGTGAAAG,3064
GCGCAGGGTTCACCTA,3064
TTGCTATACTTAGCAC,3064
ATAAGCCTAGAAAATC,3063
GACCGAAACATACCAG,3063
TCACTGCTCCAGATCA,3062
CGCCTATCAACCTCAC,3061
CTAAAACTGTCGTACT,3061
ACGCTTAAAAAAAAAC,3058
GCGCTAAAAAGTTCTA,3058
ACTGTTCTATAAAATT,3057
CTATTCCAATTCTATG,3056
ACTCAAAAGGATTTAG,3055
CTCAGAAATCAGACTA,3055
TAGTGTTTAATAAAAA,3055
TGGTTCTAAGGAGACT,3055
AAAACGACCAGAAACA,3054
CGAACTAGAAATATGA,3054
GTAGGTAATCAATATG,3054
ACAGTGAGATAAACCT,3053
GAAGAATTGACAGGTG,3053
TAACACGAAAAAAACG,3053
AACACCTTCGAAAAAA,3052
AGCCAAAATACTATTC,3052
TGAAACGCGGAGTAAA,3052
AAAAAACAGTTTATTG,3051
GTGTCAATACATTCCC,3051
AAATCGTAGCTAATAT,3050
CCCCCTCAATCGAACG,3050
TTCCCAATCGGTACCA,3050
ACTAAAAACGTTACAA,3049
TTCTACAGAATATAAG,3048
GAGACTAGGTAGCAGG,3047
CGATAATTGAAACCAA,3046
GAGTCACCCTATGAAA,3046
TGCATCAAAACCCGAT,3046
CACCAAAGAGATGCCC,3045
TCAAAGGAATCATTCC,3045
AAACGAATAGCACACA,3044
CAAGATGCTCCACTAA,3044
CTTACTACAATAACAG,3043
GGAATAGGCCAAACCT,3043
GACCAGTACTATTTGA,3042
GCATAACTGTATCGTC,3042
ACTACACCGGTCGACT,3040
CATATCCGTAAACTAT,3040
TAACATTGTTATCACA,3040
CTAGACTGTAACTGAC,3039
TATCCGGCGCCGCAGA,3039
AAATATACCAACGATA,3035
AATAAGGCAATAGGAT,3035
TCATAGCTATAAATGA,3035
AACTATTAGGATCAAT,3034
TCCCCTAATGAACACA,3034
TTTCTAAAACCATCCT,3034
ACGAAAGTGACTTAGT,3033
GATAATTTTCGGGATA,3033
CATACTGTGGATACCA,3031
CATGAAATACTTAGCA,3031
CTTAACCAAGTTGGTT,3031
AAAAGCAGATTATAAA,3030
ATGACTAGATTAGGCC,3030
CATATAGGATAGCCGA,3030
CGCGAGTCAGGGCTTG,3030
CTCCGGACTCTGCATG,3030
CTTAATATCATTCGAC,3030
GACCGTAGACGAAAAA,3030
AACTGTGACCAGCTGC,3029
ACGTTTTACGCACGTT,3029
ATAACACGTAAAAGTT,3029
CATACCACAAAACCCG,3029
CCTCTAGCGCTCAGAG,3029
CGACATAGCTGGAAGT,3029
AATTGATTGTGTTCCG,3028
AGGGGCCGGGACCTTA,3028
TAAGAATGATTTGAAT,3027
TTACGAGCACTGTACC,3027
ACATCTTGGCCCGTTA,3025
ATAAAAAAACCGGTCA,3025
ATTACCTAAAACCGTT,3025
TACTAAACTAGTTAAA,3025
AGATCACTACACGATT,3024
CATTTTAGCAACAGTT,3024
AGTACAAAAACAATGG,3023
ATTGAATGTGTAGTAG,3023
CAAGAATATTCATTCA,3023
CAAGGTTATGTTAAAA,3023
GGGTTATTCATGCGAC,3023
GTCCAATAACCAAAGC,3023
TCGAATACGAGTCGTT,3023
AAAATGCCAATTACGT,3022
TGATGGTACTTAACAC,3022
AGAAGGACAACACCCT,3021
ACACGCGACTTCCGGA,3020
ACATCTATGACTGCAG,3020
TATTTAACTGTAACAT,3020
AAGACAGCAGTATCAA,3019
ATGCATCCCCGTCCTC,3019
ATCTAGCCCCGCTTAC,3018
CCCTTACGTTCTGGAC,3018
GACCTCCAACAGTCGG,3018
TCCGAAAGGCCGTGCG,3017
TTTACCCTAGTGCAAA,3017
ATGAGATCCACTATAG,3016
ATCCCATTAACAAACT,3014
ATCGTAACTAACCATT,3014
GCCAAGACCATAAGAC,3014
AAGCTAGACTTCAGTA,3013
AATAACTTCAGGCCCC,3013
GACATAAATTGGGGTA,3013
TGGCAGGAAAATAAAA,3013
TACCGGAATCTTTGAG,3012
AACTGAGAAGTTGCAC,3011
ATACATTTGTCGCCGG,3011
ACTAGCATAAACAGAT,3010
CCCGCAATACAATTTG,3010
CTTAATAAGACCCACT,3010
ACCAATTAATTAGTAG,3009
ATAGTTATACAAAAGC,3009
ATATACCCTGCCCCAA,3009
GTTACCGGCCGATACT,3009
GTTCAAATAAGCGTTA,3009
ACGCTAATAAAGGGTA,3008
TATAGTAAAAAACACC,3008
TTACCCGTGCCCAATG,3007
GAAACCGAAAGAGGAC,3006
CTACAAGGCAGCGATC,3005
AGCCGAATCTACCCAT,3003
ACCCCAAATGAAGAAA,3001
ATGACACGGTAAAACC,3001
CCGATCCTTCCTATTA,3001
GCAAGTGAACATGTTC,3001
AACCTCCAAAAGGACG,3000
AACTAGCTATAAATTT,3000
ATAGACTATTAGTGCC,3000
AAGATAGAAGCTTTAA,2999
ACTAAAAGTCAGTTTC,2999
ACTCTAATTCTTTGGT,2999
GCGCCACTAAGGTCTA,2999
GGAAGATCCTGCGAAT,2999
TCTCGTAACATGAACT,2999
TTATCAATGAATGAAC,2999
AGCAAGTAAGACAGCG,2998
TTATTCCATCTTGACG,2998
TTGGAACAAAAGCAAA,2998
CTTTGCCGTTCTAAAT,2997
AAAGGCGATTCGGTAT,2996
TTGAATAGACACCGGC,2996
CAAACCATTCAACGAG,2995
TCTAGACCCGAAATCT,2995
AGAATACGAACAGATA,2993
ATCCACCGCAATTGGG,2993
TAACGGAGAAAGGAAT,2993
TAGCAACTTCCTGAAC,2993
TGACTAGAAGTATCCA,2993
CGATTTCAATCAACGG,2992
GAACAACTGAACTAGG,2992
CCCGCCTTTGGCATCA,2991
GATAGGCCGAATATCC,2991
TGTACGTAAAGTGCAA,2991
TGTTTGAAACCACAGT,2991
ATAATTAATATCCTAT,2990
CTGTCCCGGCGCAATT,2990
TAAGCTCATAGATAGC,2990
AACATCAATGAATAGA,2988
GTAAGATTTCAATGCT,2988
ACGCACGCACCCGCGG,2987
GCCGTACTTCATTGTT,2987
TATCATAGAAACGCAT,2987
TTCGTGTGAAATTAGT,2987
AGAATGATTGGAAAAG,2986
AGTTGTAACCGCCTCA,2986
CCAACTTTAGATATAC,2985
GTAATGTAATTGGAAT,2985
TCTCCAGTTTTAATCT,2985
CTATTTAACCCGTAGT,2983
CTTCCGTAGAGATCAG,2983
AATAGCCGGATATGCA,2982
AATATGTAAAACTTAC,2982
GGGAAAATAAGAGCTA,2982
TAAAGTTTACAAACTT,2982
TGAAGCAGGCTATACC,2982
TAAAGTTTGAACATAT,2981
TGGGGTCTTTACAACC,2981
ATGCCTTAAAGGATCG,2980
GCACACGAATGACCAT,2980
GGAATAGTAGCACTAC,2980
TTCACATGTCGTACAA,2980
GTAGCACCTAATGGAT,2979
ACGTATAAACTCAGAT,2978
GAAACGCTAGCGATAT,2977
GAACAAAATGACTATA,2977
TTTAAATTATCCAATG,2976
ACACTAACACAACATC,2974
GATACTCGCAAAATAC,2974
CTGTACGCTAAAACAT,2973
GACGGCAATGTAAGAC,2973
GATAGAGTCAAATTAT,2973
AATAGATGTGATTACA,2972
ATCCTCCCAAGTATAC,2972
CTGCCTATCTAGTTAG,2972
GATTCCATTCAAAAAA,2972
GTGAACATCATGTTTC,2972
TAATCGTCCAAGTCAT,2972
GGGACCCGGGTCTGTC,2971
TACTTGAATGGACTTA,2971
ATAAGGATATGTTAGG,2970
AAAACAGTAAAAAAAT,2969
TATTTACAGCACCCGA,2969
TTCGCGAAAGGGGACG,2969
CCTACCAGTTGCTGCG,2968
GTCATACGATTCTTCA,2968
TATATACTGACGAAAC,2968
AAGGGAACAAGAAATG,2967
ATACCTTGATTAGATG,2967
ATGTACATCGTTCTAC,2967
GAAGCACAATGCTATT,2967
TAGCAGCTATCTGAAG,2967
AATACAAATCAACTAA,2966
CAGAAAATAATACCAG,2966
GAATAATTATTAGCAT,2966
TTACGGTTCTAATAAA,2966
CCGAACCACATATTCG,2965
CGTAATAAGAACTGAC,2965
GGACAGCACGTTGAAT,2965
CCCATATTGCTCTAAA,2963
GCTATACGGTTATACT,2963
AGTTTGTACACAGTAG,2962
GGGCACACAGCTTCTC,2962
TACTTAAACTAATATC,2962
TTCAATACCTGAGATA,2962
AGGTACCCCATACCTA,2961
CTTCCTGAAACCCGCC,2961
AACTAATAAGAAACCA,2960
AGAAGAACTGGATCGA,2960
CGCATTTGAGCTTAGC,2960
AATCTTACCGGGTATA,2957
CAGTACAGAAAGTAAA,2957
AGCCTTCAAGCAAATT,2956
AGTCACTCAGAGACGT,2955
ATGCTCGACCACACAA,2955
CTATGATGGCTGAGAT,2955
GAGACAGACCTCGATA,2954
TGAGTACTACAGGATT,2954
AACCTACAAGTCTGAA,2953
CATTCCGTAAATGAAA,2953
GCAGCTATGCCCCCCC,2953
TATACGTTCGGCACAG,2953
GTGATAAAAAACAGAG,2951
GTTTTAGTTCACGTTA,2951
AGCCCACGCTACTTTC,2950
TGTGAATTCCTTGGGT,2950
AGCGCACAACACATCA,2948
GGACCAAATCCGACAT,2948
TTACCAGCAGAGTCAA,2948
ACCACAAAGGAGAAAC,2947
ATAAGATCTGTGAACG,2947
TAGAGGCATTTCATTC,2947
CCCGATGGACTAACAT,2946
GACAATAGGATTGAAA,2946
TCAAATTTATAAGCCT,2946
GCAGCATTCTAAAGAA,2945
GGATGTCGATGATTTC,2945
TCGGAGTACCAAATAC,2945
AGTACTTCAGAATTTA,2944
CTCTTAATATCTCACG,2944
TACCGGTCGCTCCAAG,2943
ATATCTAAAACCTCCT,2941
CATTACCTACATGCAG,2941
GATCCTGCTTAAAACA,2941
AGCATATCCACTACAT,2940
CCCCCATTTCCTTAAC,2940
CGTACGGCTAAAATAT,2940
CCATCACCTAACACTG,2939
AAGTTAAAAGCTAAAC,2937
GTCTCTATTTTCGCGA,2937
TGTAAAACCTCCTAGA,2937
TTAGAGCAACTCAAAA,2937
AAATCAAGATTGCCGT,2936
CTTGATCGAAAGGTGC,2936
GCTGCACTATATCACA,2936
CGAATCACCATATCGG,2935
CGACAATAATCCTATA,2935
GGGAAACCACCAAAAT,2935
ACGCGCCCCCTGAACC,2934
ATTTACATTGGCGCTA,2934
AGAGAGGGGATACTAC,2933
TTCAATGAAACACCAA,2933
ATAAAAATAGAAAAGC,2932
GGCGGTCCCCACAAAG,2932
ACTCCTGTAAGCCATA,2931
AACATAGCCCTATTAA,2930
GACACGTGCCACCACA,2930
TCTACCCACTGAATTA,2930
TCTGCTACTCAAGCAT,2930
GACCATAACGTACAAA,2929
AGAGAGATAGCTTCCC,2928
CGGACCCGTCCGCCGC,2928
TGAACTCTTTAAAATA,2928
AATCCCGAGTACCAGC,2927
ACATAGAGTTTGAGCT,2927
AATTTGAATAGATTTC,2926
ACTCAAGCCCTCCATT,2926
GGAGATACTAGTTAAA,2926
ACTACTATTCTGAGGC,2924
ATACCAGTGGGTAAAG,2924
ATCAAGAAACAGTAAA,2924
CCATATAGACTTTATT,2924
CCATTCGCACCAGATC,2923
CTTATAAGATTCGTTG,2923
GAGAGCCGACACTTAT,2923
CGGACCGCAACTGAAA,2922
AAATCTCATTTGCACA,2921
CATCATGAAGGGCCCA,2921
CGAGGATGGTAGATAG,2921
TCTATATGTGACACGT,2921
AGAATCGGGAATAATA,2920
ATATGACACAACTTCA,2920
ATTCGGAAATACTGAA,2920
TCGCGGCCGATTCACC,2920
AAGATAAGAGCGGTAA,2919
GAGAGATCACCTCGCA,2919
TACCCATCAACCACGA,2918
CCGCGATCACTCTCGG,2917
ACAAAATCATACGAAA,2916
ATTAACTAGGACATTC,2916
GGACGTCAATTGTAGA,2916
CTCTACTGATACACTA,2915
CTTACAAAGGAGAAGA,2915
GGACGTACGACTTTAT,2915
GTCTGCTCCACACAGG,2915
TCATGATATCGCTGTA,2915
TTACAATTCACACGGA,2915
AACCATAATTTTAAGC,2914
AACTTAAAAGAAACTA,2914
GAAATCATTCCTGGCC,2914
GTCCCTAAAGTTAATA,2914
CTATAGTTTAGTGAAA,2913
GAAAAACGGAATAAAA,2913
GGCCCTAGCGTTTAAT,2913
ACTCGCCATTCTGCTT,2912
CTATACCGAACCAACC,2911
TAGACCATCCCGCCAT,2911
CAAGACAATTGTCATA,2910
AGTCCAGATAACTTGC,2909
CTTCTTATGTATATGT,2909
GAATATCCACGAGTCA,2908
GAATGATCACAACTCA,2908
GTAAGTGAATAACACA,2908
TTAGATCGCTAACAAA,2907
AATCACCAGTAGTACT,2906
AGTCTCTAAATGATCG,2906
TAGAGCGAATTTGAAT,2906
CTTAAGATTCGCATAG,2905
GGGCATTATCGCAACT,2905
TTGAATCAAAATTTGT,2904
AGTAATAAAGAACAGA,2903
CAATACCAGTTCCCGC,2903
ATAAAAGAGGATCATC,2902
CAAATACCTGCGTCCC,2902
CATGAACAAAGCTAAA,2902
GAGTGATATCAGCAGT,2902
GCCAGATCCCCTTTTG,2902
AACAGACCAACCGGTT,2900
GTGAGAATGCAACAAA,2900
TTATTATTGAAAATAA,2900
TTGTTTTTTGGATACA,2900
ACTAAAACAGTCATTT,2899
AGCTCCAAAATACACT,2899
TACACACGGTATGGCA,2899
CAAACGAGCAATAAAA,2898
GTATTTCAAAACCCAT,2897
TCTACTAACTGATATC,2897
TGAACTCAAATACCTG,2897
CGATAATACGAGAGCG,2895
GGGTGATAAACGAAAT,2895
TAACCACACACTTGAA,2894
TGAATTTATAGCCTAA,2894
AAACGAAACAGTATCT,2893
ACCACACGGAACACGA,2893
CATGGCAACACGATCG,2892
CCGTTGATAACCACAC,2891
AGAAACAACTCTGCTT,2890
ATACCCGTAGTCTTAG,2890
GAAAATTAAGAAAGTA,2890
AATAATGAGCTAAGAT,2889
CGACAAGATCACCAAT,2889
TTCGATAAACAGCAAC,2889
AATCCCCCAATGAACA,2888
TAAATGGATCGTAAAA,2888
TCTGATAAGGCAGCAA,2888
TTATCAATACAACTGT,2888
TACAATTACTGATAAG,2886
TACATTTGGGGAGTGT,2886
AACAGCGGATAAACTT,2884
AAGCAAAAACTGCAAG,2884
AGCTAACAAGGAGCTC,2884
CTTTTCCTAATATGCA,2884
TATAAAAGTCATCCTA,2884
CAGATCAAATGCTACT,2883
CGCAATACCGACCTAT,2883
AACTTTAATCGTAACA,2882
AGCCCAACGGCTGAAC,2882
GCTAACCCCTTTAGAA,2882
AACAATCACGTATTTC,2881
AAGATAATTACTTCAG,2881
AAGCGCATGCCAACGA,2881
ACCATAACCAACCCCC,2881
ACTTTGGCCAACTTCT,2881
ATGATTACAACTCAAA,2881
CTGGTACCAAACTTAG,2881
ACCGACTACGTTGAAC,2880
CAATATCCACTAACAC,2880
TATAGACGGAGGAAAA,2880
CTACTGACTTGTCACA,2879
CTATGCAACCTATGAT,2879
GCATCTAACCTGACAT,2879
GCCCGAGTACTCCAGA,2878
AGATCCAACCCAGATC,2877
CCAAGAATATCATTTA,2876
GGTATGAATCTCGTAA,2876
TAATTTAAACAGCCCA,2876
TTTAGTTTTTTCTTAC,2876
AGCACATTCAGTATAG,2874
ATTCCCGCAACTCTCG,2873
CAACTTAACTCAAATA,2873
TCAAGAATCTGAAAAC,2873
TAAACCCATAAATAAT,2872
CTTTGCATGACGCAGC,2871
TACAAACCCAAAAAAT,2871
ACTTGCTGTTCATTCG,2870
ATTCAACACGGTAATT,2870
TGATTGCGATAACCCA,2870
AACCCTACAACGGACG,2869
CCCTAATAAGGCATTA,2869
TTATTAATGTGTCAAC,2869
TTTTTATGTATAGTAC,2869
TATTCATCACTAGCAA,2868
AAGTTAGACTACTCAC,2867
TACGATTGAGACAAAT,2867
AGAGAAAAGAAACCAT,2866
ATTAGAAAAGATATAA,2866
GTTCTTCCTAACTAAA,2866
TTAACGGATTTCATTT,2866
CAATATACCGGACTCA,2865
GGACGTCCCACCGCAA,2865
CAAGTCTTGATATAGT,2864
ATTCTACCTTAAGCTA,2863
CTTGGCAATTCCAGCC,2863
GCCTACACCACAAATG,2863
AGCGCTCAGACGCAAG,2862
AATGGATCGCTAAAGG,2860
AATTCGTAAGATACAT,2860
TCAGTACCATAATCAC,2860
TTGTTTTAGACTCAAT,2860
AGCAGCCTTGAGCTAT,2858
AATTCACCACGCTAGT,2857
ATGGATCTGTATAAAG,2857
ATTAAAGACCAAAGAC,2856
CGACCAGGGGGATAAG,2856
AACTTAAGTACAGCTA,2855
AAAGAAGTTTCTTAAA,2854
CTAAAGACACCAATCA,2854
GAATAGAAACAAGCTG,2854
TAACTGGTATATGTAA,2854
TCGGGCAATCCCTAAA,2853
CATTACAATGGGAAAC,2852
GGACTGTAGAAGGTCC,2852
GGTGAAGCAACGCCAT,2852
TGGTTGAACTACAGGC,2852
TTTGGAGAGAACCAAC,2852
ATCAAAGCAAAGACAA,2851
TACAGCAGCTAAGACA,2851
AACTTCTGAACAAGCA,2850
CTCAACGTCGCAGCAG,2850
TAAGATATAATCAATG,2848
AATTTTCTGCACATTA,2847
ATACAGTAATTAAAAG,2847
CCCAACCCCGACAAAC,2847
CGCAAGTCACGATGAG,2846
GCGACATGCTGCAAGT,2846
TACAGTATTCTTGCCT,2846
TGAGACTGCTGTAACC,2846
TTGGGTATATGTCCCT,2846
AGATTCTCATAATACC,2845
GTTAAAAATATTTAGT,2844
TCATCATTGCGCCATG,2844
ACTAATCTAAAAGGAT,2843
AGTTATAAGTCAGATT,2843
GCAGTCACATAAACAA,2843
TACAACATACAGCGAC,2843
AATTGGGTTTTTCAGT,2842
ACAAACGCTTTACGAA,2842
TGAGAGAGTAAGATTA,2842
TTTGCATGAAGACTGA,2842
AAAATAAAGCAGTGGG,2841
ACCGACCCACACGCTT,2841
GGTCTTAGGAAACACG,2841
ATCGGGGATTGCGTAG,2840
TTATACCGAAGTGTAC,2840
ATCGACATCGATTTTA,2839
ATTAAACTCGGAAACA,2839
CACATGAGACTAAAAT,2839
TTACTCACGTAATGAT,2839
AACTCGTTCTATCATG,2838
CATAAATAAGCTGCAA,2838
TAATACACAGACTCTC,2835
AGTGTTAAATATCCCA,2834
TTTACGTTTCACTCAA,2834
AAGAAAACTTAGCCAA,2833
CCTTTATACCCTGTGT,2832
CGTAAAAATCCCTACA,2832
ATTCTGGACCGTAAGT,2831
CATTACTAAATCAGAC,2831
TGGTGGCGCAGGTCCT,2831
AATCGTGTGCTGAAAC,2830
ACATCTGAAGCTAATG,2830
CCCCCTCGGTACCCTT,2830
GAAATGTAGCCTGACC,2830
ACCAAGGCAACTAGAA,2829
GAAATAGAGGACTGGT,2829
GGTCACCTTAACTAAC,2829
TAACACACGCTGTATG,2829
TACAGATTTACAAAAA,2829
GGATAAAGTCTTTTAC,2828
CTTGTACTTACGCTCC,2827
TACCCAGTCGTTTACT,2827
TATTATATGCCCTACT,2827
TTGAACGCGTATGGGA,2827
ACGGAATGATTGTATT,2826
GCTAAGATAATCCCAA,2825
AAAAGTTTCATAATAT,2824
AGAGTTATCGAGAGTA,2824
TCTTTCATTTTTCCCA,2824
GTGGCGAGAGACCTAC,2823
TCCCGCATTGTTTGTA,2823
CCAAGAACACAAAATC,2822
ACATCTCACTATGAAA,2821
AGCGAAAAATGTGTGA,2821
CTAACTCTACATATAA,2821
GCTAGTCATCCTTAGA,2821
TTAGGCCTTTAAATAT,2821
TTCAGGCTTAATGTGA,2821
AATAAAAACAATGTCG,2820
TAGATCTGACCGAAAT,2819
ATAGTAAGAGTCAGAT,2817
CTAAAAATTACGCATT,2817
TACTACAGGTTAAAGT,2817
ACAGAAAAACACGGTG,2816
ATGACAACCAAGCATA,2816
CTGACCTGAGAGAGGA,2816
ACAACAATACGCCACT,2815
ACAACAGGACTCTTAT,2815
AGTTGCAGAAGCCCTT,2815
CTTTAAGTCGATCCTA,2814
GGTCATGAGCCCGCAA,2814
TTATCAGAATGTTTCC,2814
ACAATAAAAACTCGCC,2813
TGACGGCCTAAGTAAA,2813
GACACGAAACCTAAAA,2811
GGTACCCTCCACTTGT,2810
TATAACCCGAAGCCCA,2810
ACCAATCTTGCATGAT,2809
AGTAGCACATAACGTT,2809
ATCTGCGCTACTTTCG,2809
TAACCACATTTCAGGA,2809
AGTAAGAGACTCAACC,2808
CATTCTGGGTCTGAAG,2808
GGTAGATAGTCGCTTT,2808
AACCCAAAGCATGTAC,2807
AGCCCCCTTATGTAAA,2807
AAAAACATTCCCTCAA,2806
ATGACTAATAAGGGAG,2806
ATGGTGAAAAAGGCCA,2806
CAATAGGGGAGGCAAA,2806
CTAACTCACAGAAAAT,2806
TATGATGAAACAATGC,2806
TCTAATCCCAATAGAC,2806
ACCACACTAAAAGCGA,2805
CCACATGACTCATCCG,2805
CCTAAAATAGTGAAAT,2805
AACAGCGAAAACGTAA,2804
AGTACCAACTGCAGAA,2804
AGTTAAGCAATCTTTT,2804
ATTGTGTAATGTGCCT,2804
CCTTCTCAAATAGTTG,2804
CTTAGCATACAGTAAG,2804
TGTTCAGGTACTCTCG,2804
ACAAAAAAGCCACCAC,2803
CAAACGAAAAATAGCC,2803
ATAAACCAAGCAACGA,2802
ATGGTCAAGAATCCCA,2802
CTGATCTAATGGACCG,2802
GAAGAGCTTCTAGTCC,2802
GAGGACAGCTGCCTTG,2801
GCTAAAAGAAAATCAC,2800
AGCTATGACCTGATAA,2799
GCCTAACAGTAGACCG,2799
AGGGATAAATATTAGA,2798
GACTATCAAGCAGTTC,2798
TTCAGGCCGATAGAAA,2798
AACAAACTTCCACGAC,2797
ATGCTTCATTCGAAAC,2797
CGACGGAGTGGATCAC,2797
AAGACCACCCCATACA,2796
ACACACTAGAGGCTTA,2796
AGAGATGACTGCGGGT,2796
AAGAATTCTAGGAACA,2795
TCCTGAGATAACATTG,2795
ATTGGAATTCGCCACT,2794
TGGATACCACTCCAAT,2794
TATGCCCGTCAGGCTG,2793
AAAACAATCAGCATCG,2792
TTAGTATGACAATGCG,2791
CTATATAGATTTCACC,2790
TATGTTTGCAGGTGAG,2790
TCACAGCAAATTGAGG,2790
TCGTTTTTCCTAGGGA,2790
CAGTCGAGCTAAACAA,2789
TCAATCTGACAATGAA,2789
TGTATGTTGATAATTT,2788
TTCGCAACTGAGCGTA,2787
AAAATAGATCGGAAGT,2786
TACAAATGCAATGGAC,2786
TTAACTGACTTACCCG,2786
GATATCAAACAATATT,2785
GGAGCTAGCTGGTCCA,2785
TTGATCAAGGGCACGA,2785
CAAATACAGATTAGTA,2784
TATCGAATTGAGACAC,2784
ACAGTAAGGACGAGGT,2783
AGTGGTATTCTTACAG,2783
CTGACTGAGTATTAAA,2783
GATAATTGCTTCACCC,2783
AATATACTATTAACAA,2782
ACACCAATATATAAAT,2782
TTATGCAGCGGACAGC,2782
AACGAATTAACAAACG,2781
AAAATACTAAGGTGTG,2780
ACTCTACCGGTCACCT,2779
CACATAGCCAACATCA,2779
TTCCCTCGAGGATGAA,2779
AAACGACAATAGATCA,2778
AATAATGCATTTAAAG,2778
ACACATTGGCTGTCTA,2778
ACGGGAAATACAACAG,2778
CAAAAACGCTACTGTG,2778
TATAATTAGAGTGCTG,2778
TGACATTCTAAAAAGA,2778
AATGGTCTGTGTAGCT,2777
ACGTTTAATCAATGAC,2777
CAATAAGACCGCGGAA,2777
CCCATACTCCTGGTGA,2777
CTCACGCGTACAATGT,2777
GAACTTCCCGTCCTCT,2777
GATATATTGCCGTGCA,2777
GCATCTTAGAAACTGT,2777
ATAAAGATGTCAACAC,2776
GAGTACGTAACTTCTT,2776
TCCGCTTCACCCAATG,2776
TGATGAGGTTAAGATC,2776
ATTAACATTACGTACC,2775
GAAACCATACGGAACC,2775
TATTGCATAAAAAATA,2775
TTCGCGACAACCATCC,2775
CCACTACGATGACGAT,2773
GCAGATTAAATCTTAA,2773
GCATTTGTGTATTATC,2773
GAAAAACCTGTCGCAT,2771
AACGAGAGTCAGACCC,2770
CTAATCTTATCAACTC,2770
GGAATTTACTTGATCA,2770
GGGCATCATTGCCGAG,2770
GTGAAAGAATTAACTC,2770
TAGTAACAAATAAAGC,2770
ACGCCACGCGCAGACT,2769
CATGTCTGTTAACAAG,2769
GAGTTCAAAAGAAGGA,2769
TCCGTCCGCGGAAGTT,2769
ACATCACCCTCCTTCT,2766
ATGAAAAGCACAGAAA,2766
GAAATGATATAAATGT,2766
ACAACATCGAAGAGAC,2765
GCAGGAGTCAGTCCGA,2765
TGTCAGCGTACTGCGG,2765
TACGCTAACATAGAAA,2764
CAATCGGACCGGCTAT,2763
TAACCATAAATATTCC,2763
TGACCTCCAAGTAAAC,2763
CAAATATCTTACAAAT,2762
AGACCCTCTACACACA,2761
CGAATCTTTAAACAAA,2761
CTCGGAATCCTTCCCA,2761
TCCCTTACTAATTGGA,2761
ATGCTGCGAATCAGCT,2760
CAATCCCAACTGTGAG,2760
GATCTCAATCAATTAT,2760
CCACCTTATCCTTAAT,2759
ACTCACTATGACTGAT,2758
AGGCTAAAATAACCCA,2758
CAGCACCCGCACAGTA,2758
AGTCACCAGGTATAAT,2757
ATCGTCCCAGACGCCC,2757
CATAAACAAAAATAAT,2757
CTTCAAACGCTTAATC,2756
ACTCAAACAACATCGA,2754
TGATCATCGAGACGTT,2754
TTTTTTATGTTTACGA,2752
AAGGTCGCGATTAAAA,2750
TAAAGGATTTCTCTAA,2750
CCTAACCTAATACGGT,2749
CGCCCACAACTGAACT,2749
CGGTCCCAAAGCTTCC,2747
TCCCACCTAAACAAGT,2747
TGCCAAAGTGTCGAGC,2747
ATTACAGCGAGCGGAT,2746
CGAAATATTTAGCATG,2746
TGAAACAAATTGTACA,2746
AGAAAATTTACCCCAC,2745
ATGTATCCATAGAAAA,2745
TGAATTAACTTGTGTA,2745
AATGAACGAAATGACG,2744
AGGCTTAACCTGAGTC,2744
ATACTAAGCAAACCCA,2744
CGTTAACTTCCGACAT,2744
ATCTGTACCCTTGTTG,2743
GAAAGCTAATACCGAA,2743
TTACTTCCCGATGAAG,2743
AATTAAAACATTCCTT,2742
ATAACATTGATAACTG,2742
GTCGCCCGTATACAAA,2742
GCTAAGCCGTTCAAGA,2741
ATAAAGACCTCAAAGT,2740
TCAAATTGATGCTTGA,2740
AAGAACAACCACGTTC,2739
CCGGACTATAATCGTT,2739
CGGTACCAAGCCCGAG,2739
AAAACTTAAAATCAAA,2738
ACGGGTACGTAAAGCG,2738
AAAGCCATCCTAGAAA,2737
ACGAATAATATCAACT,2737
CCCTACGAGATATGAG,2737
AATAAGTAAAATTCGC,2736
AGTTAGCCACATTGAA,2736
CCATCAATACGTGTCT,2736
CCATCGCAAGTAAAGG,2735
CACCAGGAAATTCTCG,2734
CGAAGACCAATACTCG,2734
TGAATCATGGATGGGA,2734
AATTCGTGTCCAGTAT,2733
ATCATCTTGAGACCAT,2733
ATGTCTGCTTATCTGG,2733
AACAGAGGTCACAATC,2730
ACTCATTGGAGAACTC,2730
ATAAGCGTACACACGA,2730
GATAGACTCTTACGTT,2730
TAACAATAACTCGGAC,2730
AACAACAAGTCCTTGG,2729
AGCGACTATCAACACT,2729
GTTAAAGTTGTTACCT,2729
GATTATGACACCTTCC,2728
CCGCCGAGCTTACATT,2727
TCTTCTCTTTGTTGCA,2727
TTCGACGCGTGACAAT,2727
AATAAGCCACTGCTCC,2726
CCCTTAAGTTATATGT,2724
TATAGATCCACTAACA,2724
CCCACCATATCCGCTC,2723
GGCATACACCGGATTA,2723
GTGCGATCCCACAAGA,2723
TCAGCCCAAAAGAAGA,2722
TCATACAAGAATCCTC,2722
CAGACCAATATCTTGA,2721
TAGTAAATTTTCGCGT,2721
ATCGTTCTGGAGGTGA,2720
ACACCCGGGCCAAGTA,2719
AGTCATCAGACTGAGT,2719
ATACAGAGCGGTGGGT,2719
TAGCAAGGAACGACAT,2719
AACTTGCTGCATAAAA,2718
CGCTTCTCTAGCGACG,2717
GACAACGAAATAAACT,2717
GAGTTTTAGCAAAGTT,2717
CACCAATCAAAAAACT,2716
CTAGAGCGAAGTCGAC,2716
GAGGTGGCCCTCTTCG,2716
TCACACCCACTAAGCG,2716
AATTGGCAACAATGTA,2714
ACTACCACATTTTCGT,2714
CGGCGTTCATAAAAAG,2714
GCCAAGAACGGATCCT,2714
GGGATTTATTCTGAAC,2713
ACAGCCGAGTCATGTA,2712
TTACAATACCCCCCGA,2712
TGGAATCCGTGTACAT,2711
AGGGTCAAATATAGCA,2710
TATTCATAACTAACAC,2710
TATTGAAGGCCAGCGA,2710
CCTCATCCATAACTCA,2709
GACTAGCGAAGAATGT,2709
ATGATGAAATACTACA,2708
CTTAGAACCAGTATAC,2708
GACTACGCATCCGTAG,2708
AACCATAACTGGGTGT,2707
CCTGGCTCTAAAACTT,2707
GCAAACTTGTTATTTA,2707
TTAAAGACCAGTCACT,2707
AGAAAAGATGCATCGA,2706
ACACTTATATAGTAAT,2705
GCGAGCAACCGAGATA,2705
GGTACAATAGTTACTT,2705
GTGTACATGACAAAAC,2705
AATAGGAATGCCGGCA,2704
GAGAATAACTACAAAC,2704
GCTCGAACGATCTTGC,2704
CCACACCTGGACTCAC,2703
CCTAGTAGACAAATTG,2703
TCGATTCAATAAAACA,2703
ATTGTTGCTCTAGACC,2701
TTAAATAAAACTAAGG,2701
TCCACGAACAATAAGA,2700
TTCACTTCGATATCAT,2700
ATAGTGTTTTCCAAGA,2699
ATTGATCAATGAATTC,2699
CGGGACACCGCATAGA,2699
AAACGATCAAGACGTA,2698
ACTTGAAACACCTTAC,2697
TAAATTGGCTCATCTT,2697
TTAATGAGATCTACTG,2697
AAAAAGACAGCTAGTA,2696
ACATTGAAATCTAACC,2696
ATTACCTATCTAATCA,2696
ACCCAAGGAGGAAATA,2695
CGGGAGCACCAATGAA,2695
GAAAACCTATATTCCT,2695
GGGCCTAATAGACTCT,2695
TTGCTGTACAAGAATC,2695
AATATACCACCGAGTC,2694
TCGGTCGTTCCGCCGC,2694
TCACTCTTTCAGATGC,2693
ACCCAAATTCTTGATC,2692
ACCCTGCCTAATCATG,2692
ATGTTTTTCACAAATC,2692
CCAGCAACAAGGCCCG,2692
AATCCCTCTGTGTACT,2691
CATTTACTAAAAGAGA,2691
CTCGCCCGGAGCATCC,2690
TGAGCAGTAACAAACG,2690
TGATTGTCCCAAAAGC,2690
ACATTACACTCGAGCT,2689
TAGATAGTAACTATGA,2689
CTGAGAAAAATTAAGC,2688
GCTCACTAATCAACCT,2688
TGCGAAATAGATGAAC,2688
AAAGATTATTTACATA,2687
AATATCTTTCGGAAAT,2687
ACTATTAGCTATGATA,2687
GACAACTAGTAAATAT,2687
AGCATGACAAGCTCGC,2686
GAAACACACCATTTCA,2686
AATTTCACACTGCAGG,2685
TTAGGGCACGGAGGCG,2685
GTGTACTGATTAAATG,2684
AATTAAGCTTAAATAC,2683
ACAATAGCTTAAGTCA,2683
CACAAGTCTGATAACC,2683
AAAACGCCTCCAGCGA,2682
ACTCGATTGTACTATG,2682
AACAAATCAATGAATA,2681
GACAAAAGACTCAATT,2681
GCCTGAAAATTCTAAC,2681
CAATTCATTCAGTAGA,2680
ATTAGCAGTACTGCAA,2679
TGCTAAACCGTCCAAG,2678
AAAAATTTATTCACGA,2677
ATCCCACTCCAGTGTA,2675
ATTGATAAAGGTACTA,2675
CTTAACGGTCTGAAAA,2674
GTTTAAGATGGATACA,2674
TACTCAACAATAACGT,2674
AAAAAAGGAGGCATTT,2673
GGTCAATAAGCCCGCA,2673
GTTACTGGAAAATCAC,2673
TATGCCAAGTTGACAT,2673
AACACGTAGCTGCCGA,2672
AGAATATAGGAATGAC,2672
GCAAATAGCTTAAACC,2672
TAATATAGGCTAATTA,2672
TTTAGACGTTATTTTT,2672
CACCCGCCAGCATCCA,2671
GGATCGTTTCTTACAC,2671
ATTTATCACATTAGCT,2670
CCGTGTTTAAAAAGAA,2670
GGTATTTATAAGAATA,2670
GTCCAGCAAAACGGTA,2670
TCTACAAAAAGCAGCC,2670
AAGCTAAGAAAAGTCC,2668
AATTGTTTTACATGAT,2668
ATATAACCTATGTATC,2668
ATTAATGATTATGATT,2668
GCGCTGCAAAATTTTT,2668
AAAAGTATAAGCATAT,2667
CAATTTAAGCCCTCAA,2667
TGCTACTATTGCACTG,2667
CAAAGATTAAAAGTTG,2665
CTCTTTGATGCCAAGA,2665
GAATTCAATGGGGTTG,2665
AATGTCAGAACAAGCA,2664
ATACCAGTATTCCGGG,2664
TACAGACAGACTGCAA,2664
AAATCCTGTAAATCGC,2663
CATTGACGCACTTAGA,2663
TAATCAACCACTATAT,2663
TCCCTGTCCTGGACAA,2663
AAACACCCTTAATCCT,2662
TGAAATTCTCCAAGAT,2662
TTTCGAACGGCTTATA,2662
TTTTCTATAGTATGAG,2662
CCAACTCTATACAATG,2661
CCATGTGATGTAAACC,2661
AATTACGGTTATATAA,2660
ATAGCATATCGGTGTA,2660
GACGGACAATCTTACC,2660
ACTCAAAATAGGTATT,2658
TCCCCTGACGGAAATC,2657
TTATCGTATACCTAAG,2656
CGTGGGCTTTAAAGAA,2655
CTCATCGTTTGGGAAA,2655
TTGACTCATAGCACCT,2655
TAAGTAACCTTTAAGT,2653
CTCACGTAGACACGGC,2652
GTCATACGGGATAAAA,2652
GGACCAGGGTTCTACA,2651
GTCATATTATTCGGAG,2650
TCTAAATCCATTGAAA,2650
CCGTATACCCTCGGCT,2649
ACCCGAACGGGTACTC,2648
TCAGCCCAATTTTACC,2648
AAAGTATTACGGAACT,2647
AAGATCTCCAACTACT,2647
AATCCATCTACTTACC,2647
AGTGCAAATTTACAAC,2647
ATGATCGTTCATTGAC,2647
TACTTAAAAACTCAAA,2647
TATTAAAGGCTCAGCG,2647
ACATTATTGGACAAAG,2646
TAAGTTCGTGTATTCC,2646
TACTGAACAGAACCCG,2646
CACCATTTTATAACTT,2645
GAGTCTACATTACATG,2645
GTTAGCATGAATAAAC,2645
TAGACTAAACTGGAAC,2645
AAGACGAGAGACAGAA,2644
TATTGACATCAATACC,2644
TCCGGTGTACACGGTT,2644
AACAATACAACGCTGA,2643
CAATTTGTTTCGCCAA,2643
CCACTTATGACTCATT,2643
GTTAGACAAATTGGCC,2643
GTTCCCAAATCGGAAT,2643
TCAACTTATATATCCA,2643
CATCCCCTCAGAATGG,2641
GAGGACTGCCCAACCG,2641
GGTACAATAGAAAGTA,2641
TAATACACACTCCAAA,2641
TAGGTATGCAATCGCA,2641
TAGGTATGTACAACCA,2641
TCCAATGAATTTGCAA,2641
CTCTGAAAGGCGATAC,2640
TTGAATGAATTGAGGC,2640
CAGTGTATAACAAAAT,2638
GAAGCCTTACATTGAT,2638
TTAAAACAGTATGTCC,2638
ATACGTAGAAACCATG,2637
CACATCAGATCAGCGC,2637
TAAAGCGCCACAAAGC,2637
TCGCCACTGCGAGAGA,2637
AAAACCTAGTTACCAT,2635
ACATACTTCGATCTAA,2635
AGTTAATACCAAAACA,2635
ATAGCTGAGGGTCAGA,2635
CCAAACGACAACTCCC,2635
TACCTAAGAAACAATT,2635
AGGACCATGATCGATT,2634
GTTGCAAGCCGAAGCA,2634
AGCTGATCCTCGTTCA,2633
GTTCAGAATGGGCATA,2633
TGCTACATATTTTCAT,2633
GAGGATGGGCGTAGAT,2632
GGAAGGCCACAAGTAG,2632
TACTCTGACGTTACAA,2632
TGAAGAAAGACGCATA,2632
ATGCGGAAACTGGGCC,2631
CCTCTGCCAAGGAACT,2631
GCAAGTAAAGATACTC,2631
GTTACCGGAGTTTAAT,2631
TCGTTACACCTCAGAT,2631
TGAGATACACTAGCCC,2631
CTATAGCATGAGTGAC,2630
GCACTAACAGACACCC,2630
TCCATAATCTAGACCA,2630
AAGGGTCCAAAGACAA,2627
GCCACTACCTTATGAC,2626
TATTATTTCAAAAACC,2626
ATATGATTGTGCAACG,2625
TATTACATAAACGGCA,2625
TCCATGTCTTTAAACC,2625
AAAAGAGATCAAACAC,2624
ACGAGAATATATCACA,2624
GCCAAAGACTTCAATG,2623
GTTGTGAACCAAAATA,2623
TAATATACTCATTTAT,2623
ACCCGGTCTTCTAAGA,2622
CCTAATTTAAACTTAG,2621
GATTCCCATTGATGAT,2621
TGATAAAAGGAGTTCT,2621
ACCTTACAGGCCGTGA,2620
AGAGTCAGACATGTAG,2620
TCTTAACTCATTTCAG,2619
ACCAGATCTGGCTACA,2618
GTAAAGTACCGAACGA,2618
TACCAATTTACCAGGA,2618
CGTAAATTCCCACGTA,2617
GCGAGAAGAAAATCCA,2617
GAGTGAGCACACTGAT,2616
TGGCTCACGAGAATTT,2616
GCCTGAAAACGCTTGC,2615
TACCTAAGTTAATTAT,2615
AAGCGATTAATATAGA,2614
ACTAAAATAAAGTGCC,2614
ACTGACGAACTCAAGA,2614
CAGTATTCGCAGCACT,2614
CCGAATAAATCCAAAA,2614
AGCTAAAACAAGCGTC,2613
ATCGTCACTAACGAGA,2613
ATTACCCCTATAGCAT,2613
GCAAAAAGACAAGTGG,2613
TGTGTCGACAACGAAG,2613
TTAACATTAATAAGTA,2613
CCATCCTGTTGCACAA,2611
CGAGATTACAGGGTAG,2611
GAAGGGGATCGTACTA,2611
TTAGATACAACACTAG,2611
CTAGAGTAGCCGGGGC,2610
TATTCCTTACCCCCTT,2610
ATTATTAAAATCCTGG,2609
CATTTAAGGTTTACGA,2609
TCACAAAAGAAGATTA,2609
GCAATCAAGGAGCGGC,2608
GAGATTGGGGTCCCAA,2607
GAAGATACACAGATTA,2606
TGTCTGTATACAGACT,2606
AGTGGCTCAGGAAGCA,2605
ATTCAAAACCTCGAGA,2605
ACATGACCGTCCGACA,2604
ACTCATCGTTAAAGCT,2604
TGGTAACCGAATAATC,2604
AACTTGATTGTCGACG,2603
CACCATCGGAAAAACC,2603
TATGATACTGGATTAA,2603
AACCGGGAAACGAAGT,2600
CATCCTGTTACATACC,2600
GGAAGAAAAGTCATCA,2600
TTAAATCATACCACTT,2600
ATTTATGCAATATATC,2599
GAATGCATAGAAGGTA,2599
TGGCCGAAATCCAAAT,2599
AATACTAATAACTCCC,2598
AATGGGGGCTAGTCCA,2598
CATTATCAGAGCTTAA,2598
GTTGCCCTATTTAAGG,2598
ACAATGCCGAGCCAAC,2597
ACTGTGGAGAAAATAA,2597
CAGACGAACCAACTAT,2597
TACTTCCTACGGGTCA,2597
TTAGGGCAATGAAATA,2596
TGGAGTGCGGATCCTT,2595
ATGTCTATATGCAAGG,2594
CCGGTCATCCTAGCAC,2594
TGCAACGTTGTGTAAG,2594
GACCATTAGTCCAAAA,2593
TGCTAAGAGTGAATAA,2592
TTAACAGACATTTTAC,2592
ATGAGTACAGACTATG,2590
GAGACGTAGCGTTCGA,2590
TGTCAAGCCCTACTGA,2589
TTTGTTTACAATACGA,2589
AAAGTTTCCCCAGTCC,2588
ACGTCATAATCAATTA,2588
AGGGAAGGAACCACTG,2588
ATACAATATCGTACTC,2588
AAGCCCTCACCACCAT,2587
AATTGTGAACTCGCCA,2587
GAGTTTGCCATATAAG,2587
TTACGCTAATTCTATC,2587
TGGGTTCCTCCGGCGG,2586
TGTCCGAATCCGCGGT,2586
TTCGAAAAGTGTTTGA,2586
CATCACCATCACCTAA,2585
CTTGCTTAGTACACAG,2585
AGAAATACGCTATATT,2584
AGAATCATAAAACGCA,2584
GCTCCAGACTATGAGT,2584
TAACATGTCCAAGTTC,2584
AGCAGATTTCCATAAA,2582
ATGTGTCAGATATCAG,2582
GTTAAGACAGGATAAT,2582
TAGCTGTAACCAAAAG,2582
TGGACCCATGATACCT,2582
AAATTAAATCCTTAAT,2581
AGACAAAGGCAAGTGG,2581
GACCCCATAGATATGA,2580
GGACCATATCTAACAA,2580
TCCTAATTGAAACAAT,2580
ATTCTCGAACATATGC,2579
CTGCAGAGATAAATCT,2579
GGTGATCATCTCACCT,2579
TCACAGAACAGTCTAC,2579
TGATTCATCGAGATCT,2579
GTCAAAAGCTGCAATC,2578
TAGTCGGCTGTGGAAC,2578
ATTGCTCTATCAACAG,2577
CCGACTGTAAGGATCG,2577
GAACGCAGCAGGCCAT,2576
ACATTATCACATATTA,2575
ACGTAGCACATATACT,2575
AGATGAAACTGGTAAG,2575
CCAAGCAGCAGCGACC,2575
CGTAAGAGCGAGGGCG,2575
GACGTAAAATAATTAC,2575
CTCGTATAGAACTATG,2574
TGACAGCACATAATTG,2574
CAGTAATATAAAATCC,2573
GCATCCTAGATAACTG,2572
AGAAAACATCTCGTTC,2571
GGAAACCATGCATTCA,2571
ATCATCAAGTTTGTTT,2570
AAACTGACATAAAATG,2569
ACCACATAAAGCATAG,2569
AGAATCAAAAAATACA,2569
AGCCGATGAATGCATC,2569
GCCAAATCATGCATAA,2569
TCAAACCATCTACACA,2569
AAGCCTCAGTTTACAA,2568
TTAAGACTGTTATTAC,2568
AGAGCCATCTTATAGG,2566
CAGGCATCAGAGCCAC,2566
CCTGTCGAGCCACGAG,2566
TTGTATATAAGCTTGA,2566
AATCTTAAACATGCTA,2565
AATTACAATAACACCT,2565
CTGCAGTACCATCTGA,2565
GTAAGATCCGTCTCCT,2565
CACACGAGTAAAACGT,2563
CTCCCACCAACACATC,2563
AGTCTGTCCTCCACCC,2562
GAACAGATCAGACTGC,2562
AACCACACATTTCCTT,2561
ACCACGACTAAAGCTA,2561
CAAGCCCCTTATAACA,2561
CCAGTGACGAATCGAC,2561
CCCGCATAAACGCCAG,2561
GACAGATCAATCTCTA,2561
TACCTCCGCCTACAAC,2561
TCCGAAAAGAAAAAGC,2561
ATAATCATGCTATATG,2560
AATTACAAGAACACAA,2559
ACGCAACGTGTGCTCA,2559
CGAAGAATCCCGCCCA,2559
ATAATTAAATGGAAGG,2558
ATCCAAGGCCAGGAGG,2558
TAACTTATAAACACAA,2558
CGAAACTTCGTCAAGG,2557
TGACAGACCGTTAAAC,2557
ATGTCACGCAGTCGAT,2556
TACCCACAATGCTATT,2556
TCTATAAGCTGCTTCT,2556
TCTTAAATTTTGCCCG,2556
AGCACCTTTTCTAGCG,2555
CTTGTAATACAATACT,2555
AAACCAACAAACTTTT,2554
CAACAACTGAGACAGT,2554
CACAAAGATGACCTAG,2554
CCAACTGAGTTAAGAA,2554
TACAAACAAGGTGGCA,2553
TGGTTGATAAAGGTAA,2553
ATCGACGTGAATATAA,2552
ATTACATACCTAAAAT,2552
TGCTTGATACCTTACA,2552
CAACAGGCTGGAGAGA,2551
CTTAGAACAAAAAAAC,2551
GCCATGCCCTTCCTTA,2551
ATGCTTCTATGAGTTC,2549
CCCTCGAGAACACTCG,2549
ATTCCCATTAAAGAAA,2548
CGTATAAACTTCACGT,2548
CATTCTGGTCGGGTTA,2547
TGAGGATTCAAGATAT,2547
AAGACTTTAACTCGTA,2546
GAATAACAACAATGAT,2546
AAGGCAACAATAAAGT,2545
ATCCTAAAACCTGCCA,2545
ACCCACGTTCAAGGAG,2544
ATAAACATAGCTGGAA,2544
GGACTATTGGAATCCA,2544
TAAACTACTTGGTTAG,2544
TCCTGCGCACTAATGG,2544
GACAACTTAAACATTA,2543
GCTTTAAAAGGCCAAG,2543
AAATAGAAATAGGAGA,2542
AGTGAAATCATCCCAC,2541
TCATGTAAAGATAAAT,2541
CTTTTTGTCCCCCTAG,2540
ACATCGGAAAAGTCGC,2539
GACCGAAATTACAAAC,2539
GCTAAGGTTTCTCTTT,2539
TCGTACAACTTAACAC,2539
GCTGTCAACCTTACTT,2538
CTGCGAAAAGAGCCCG,2537
ACTGAAGGTACTTGCC,2536
AGTCCGAAAGTACTAC,2536
GCACCTTTTATGTTTA,2536
ATACAGATAGTATTAA,2535
CGTAGGCCCTGCGGCG,2535
TCCAATTAGGAGAAAA,2535
TGAGGAACTTAAAGGC,2535
TTTTAATATAGGCTGA,2535
AATAAACCAGAGGGCT,2534
AATATAAAGATTCTTA,2534
CAATATTCATATATGG,2534
CGTCCCTGCAGTCTCA,2534
GGGTATTGTGAGTAAA,2534
ACGAGATCTCAAAAAG,2533
GACCGGCCAAGCGATC,2533
GACGTTGCGAAGTCCC,2533
TAATTCTCACGTCAAC,2533
AGCCAAAGCGTTTTTG,2532
CAATCTAACAGGACTC,2531
CTCAAACCGCTGAATT,2530
TAATCTATTTTACTAT,2530
TTTACTTGAGGAGTAA,2530
GATGAAACATGAATTA,2528
CAAGGTATTCCTACAT,2527
GCACTGAGCTTCCGGG,2527
TCACACAACACACGAA,2527
ATAATCCACTTTTCCG,2526
GAGCATAGATCTTTTA,2526
GCATTAACATACAATA,2526
GCCACCATCCTTGCAG,2526
GTACCTTCATACCAAA,2526
TGAAGACTCTTACGTG,2526
CTACCATAAATTATTC,2525
TGTCGAACCGGATAAT,2525
ATCACGTACCAATACG,2523
ATGCATTTATATAGCT,2523
TGCCCAAAACCGAACT,2523
TTAATCTTTAAACAAA,2523
TAGAGGTAACATACTG,2522
TTCTCAGCGAAAGCGA,2522
ACGACGAAAGGCACTA,2521
CCTCCAACAATAAAAG,2521
TCTAAGACACTTAACA,2521
TTGTCATCTGATCAGC,2521
AACGCCGCAACTGAAT,2520
ATGAATCCAACTTACA,2520
CTAATTACATCTTAAC,2520
TGAAATCGAAATGCTT,2520
TTTTGAAGTACCACAT,2520
AAAATCAACAACACTC,2519
AAGCCTCGCGGATGAG,2519
TTGAGCTTACAGTATT,2519
TTGGAATCTACACAGC,2519
ACTGTATATGTAATAT,2518
CTAGGAACAGCAACAG,2518
TGAAGTAACGACCCAA,2518
AACAACCCAAAAATTG,2517
TACTTACCTATACACT,2517
CGAGTCGTTGTCTAAA,2516
CATGTTAACTTCCAAA,2515
CTCAATAACGGCATAC,2515
GAGAGTGATCAATAGC,2515
AGAACTAACGTTAGCC,2514
AGCACTAAAGTGTACC,2514
TTAACGCAAAATATAT,2514
GGCTACCTTGTAACCT,2513
GTCAGGACGAGCTGCA,2512
AAAGCTAGACGATTCG,2511
TAAAGCTTAGCACCCT,2511
TCTTTATAGAGAACGA,2511
AGAGAGCCTTGACTAC,2510
GAGCACGAGGTACTCA,2510
TCGGAAATGTTTGACC,2510
TTAAAAATAATACAAA,2510
ACGAGGTAGCCTCGTA,2509
ATAAATTCAAAAGTAC,2509
GAAGAGAATTATGAAA,2509
ACTGACGATATAAACA,2508
CGTAAAATTCAATGAC,2508
TAAGACCAAACGCACT,2508
TTACCAGAAGTCTCTA,2508
CTAATTCGTATTAAAT,2507
GGACTGAATTCACGTG,2507
ACACAATTCTATGGAC,2506
GCTCTGAGACAATGGG,2505
CAACACAGTATTGTAC,2504
CTGCCATGAACGAATC,2504
GACTTGCCAATAATCT,2503
GATTACGGAGGCCACC,2503
TAAACAAAATGCCAGT,2503
AAAATAGAAATCCAAT,2502
AAGAGCGACATATATA,2502
AACGTTCACAAAGCAT,2501
AATACAGTGTGAAATA,2501
CAGCAAAGATTAAATG,2501
CGTTTCTATCGCAATC,2501
CTCATAAAGACTACAG,2500
TCGGCCTATGACAAAG,2500
CTGTACCTGGAGCTCA,2499
GAACGTCGGAGGATTC,2499
AAATAATCTTATTAAA,2498
GAGTACCTACCACGCC,2498
ATACGCTTAGTAGTGT,2497
GAATACGGAAAACAAG,2497
GGGCCGATGTCGATTA,2497
AAGATTATGTAGAGAA,2496
CGTACCGATCTGTAAA,2495
TTTACTAAGATAACCC,2495
CCATTCAGAACCGCGG,2494
CGCTAAAAGAGAGGCC,2494
GGGACTAGAATCTACA,2494
TACACGTAGAAAAATC,2494
AGAAAATATAGGATAA,2493
CTATAAAATTTTAAAC,2493
TGCCATAATTTTTAGC,2493
AAACTGGACCAAATGA,2492
ACCTTCAAGGTTATAG,2492
GGCTAACATATAGCTG,2492
GAAAACGATTCTGATA,2491
TCTAAGTCGTAATTCC,2491
AAAAGCCGGTCAAACA,2490
CAATTCCAAATACGCG,2490
GTTTACGTTACCTACT,2490
AACCTAGCTCTAGAAT,2489
ATTGCACACCAATATG,2489
GAAAGACACATTCTTC,2489
GACGAACCTCCGACAT,2489
GTGACATCAGTATTAA,2489
GGAACAAGGCGAGTGG,2488
GGATATGTTATCAAGG,2488
TCGAACAACCATTAAA,2488
CTAATAAAAGTGGCTC,2487
TTCATTGTAACTATCC,2487
AAGAGTAAAATAACGG,2486
GCACCCACCCACAAAA,2486
TCTTCGAAAACGTTTC,2486
AATAAACTGCTGTAAT,2485
CAGAGTCACCGCTATA,2485
GTCCCAAGACTTAATA,2485
AAGAGTAATTAGATTA,2484
CCCGAGTAAAGCACAA,2484
ACAAGCACACACTAAA,2483
ACGGTACCATCAGATT,2483
ACTAAGAGATCGTCAA,2483
ACTTAGAATGACCAAG,2483
ATAACAGACCCGGAAC,2483
GTTCATGGTTCAGAAA,2483
TTGGCACCCCCAGACT,2483
AAGAGGTAGTTTCGGT,2482
CACGGCTGCAAGAACC,2482
TAGTATACCTGAGACT,2482
CAACATATACCACCTA,2481
TCAGTGTAAACTACAA,2481
ACTGATGTCGACGTAT,2480
CGCATCTCCGTGTTAC,2480
CTCAAGAATCTAGTGT,2480
CCGTAACTGCGACAGA,2479
CTGCAACTGTTCTCAT,2479
GCCTGCTAAGAGGAAA,2479
GTGTATTCAGATACCT,2479
AGAGAACACAGATAGC,2478
AATAATATTCATTAAT,2477
AATCTCATAACGGTTT,2477
ACAAAAAGTATCTCTT,2477
GCCACTAAAGGCAATA,2477
GCGTTCATACTTAATA,2477
GTCGAAATTTTATAAA,2477
TCGTCAAAATTGATAT,2477
ATAATCTATCAAAGGA,2476
ATGCATATTCAAATAA,2476
ACTTTCATAATAAAAT,2475
CATCAGAGCTTACAAC,2475
CTAGAATGTTATGAAG,2474
GGACAGACCAAAGACT,2474
TTAGAACATGCCTCCT,2474
TTGAACGTCATTATTC,2474
ATGTGAAACCTGAAAG,2473
AAGTAACAGCGAATAC,2472
ACATTCAGGGTTGCGG,2472
CCATCGCACTTAGGCA,2472
CCATCGGCACCCTACT,2472
TAAGCAACTAGAAACT,2472
TCATAACCCTATAATC,2472
ATAAGCTGTTACCAAT,2471
GAACAATCAATCCCCC,2471
AGACCAAATCCGAAAA,2470
GTTCTTGTTCAACAAA,2470
ACAATCGATAAACCTG,2469
AGAGCGCTGAGCAGAC,2469
GCACATCTTACAGTCA,2469
ACCATCATATTATTGC,2468
ATTAATTAACCATGTA,2468
AAAAACGCATACGATC,2467
GTGTGCGTACCGAAAC,2467
TTCATGTACACAAATA,2467
TTCGTAGCATCTTTGC,2467
CCAACCTAAAGAAGTC,2466
ACTCAAGTCTGTTCAT,2465
GACAACATCTGATTCA,2465
AAACAACTTATGTGAT,2464
ACGGCCGTGAACCAAC,2464
CAGTCATCATGTCATT,2464
CTGAACATATCGTAAA,2464
TAATCAAAACCAAACA,2464
TAGTTTCATATGAAAA,2464
AGGGAACGGAGTATCA,2463
TAATTGAAACCATAAA,2463
AAATTCAGTACATTAG,2462
AGCCCAGGCGGACCGT,2462
TCATGCTAATACAACG,2462
TTCAGGGCATCCCTAA,2462
CATCTCCAATTAAACT,2461
CCTTATGATGATACAG,2461
GGAAGTACCAAATCAC,2461
TCCTGAAGCTATGATT,2461
TTATGTATGATTTTCC,2461
CAGGAATTCTTAAAAT,2460
ATGCCAACCGGGTGCA,2459
CACCTCAAGCAACTGA,2459
GAGAATTACACCAACA,2459
AAAATGTAATAAAAAT,2458
ATTTAATGCGCCGGTG,2458
AAGAAGTAATAGTAAC,2457
AGCTGGATAGAAGAAA,2457
ATACCAACACGTAATT,2457
AAATACACTTTTAAAC,2455
AAGAATATTGTATCTT,2455
ATTCCCATTCGAAAAC,2455
CGAACGACCTTAGGTA,2455
AGCCTAATACGAAGAT,2454
CTCACTGGAAAGAATG,2454
TCGCGGGAGAACAAAG,2454
AATTCTGGTAAAAACT,2453
ATTTATTAGATGCATT,2452
CCACGATACACGCTTC,2452
CGCTTGAGAAACAAAA,2452
TAGTAAACCTTCGAAG,2452
TGAAATGCTGATAGCA,2452
AATACCCTGTTTCCTG,2451
ACAATAGACACTATAT,2451
ATAATCACAAGTGTTT,2451
CCAATGTAAAAAGTAA,2451
GGAGAGAATCACTTCG,2451
GGTTACCGCCGGGTAT,2450
GTACCATACTGATACG,2450
TTTTGCACACCACAAA,2450
ATTCACAACTGTTGAA,2449
CAGGCCCCAAACCTAG,2449
CTAGTAACACGACCGA,2449
GGTTCACTGCCCTTAC,2449
GTAACATATAGCCCAA,2449
TTACCGTCACTCTTAC,2449
TTCCACGAATGTCTTG,2449
ACCAAAGGACTTAACA,2448
ATATGAATCTCAAGTG,2448
GTTTACTAATGACTAC,2448
TACTTCAACACATGCG,2448
AATATAAGAGATGCTT,2447
GTAACTGTCTGAAGGT,2447
TCCACATTGAATAAAC,2447
CCATTGATTTCAACCC,2446
GTCCGACTACTGGCTC,2446
TCAACCGTTTTGAGTG,2446
TTAAGTCAAGAATGTA,2446
TCCAATCAAAATTATA,2445
TTAAAAAAACACTTTC,2445
CATTCGAAAAAGCTTT,2444
CCAATGCGATGCCCAC,2444
GAGGACCCCTACTATA,2444
GCGAAAATACTAAATT,2444
ATAATTCATAAATGCA,2443
ATCCTTAATTAACGAA,2443
CGGTTGAAAACTGACC,2443
GCTTTAACCCACTCAG,2443
GGAACATGAACGAATA,2443
TATGAACATCTACAGA,2443
AGAAATAACACTATGA,2442
AGAGTCATTACAATTC,2442
AGGACGCATCATTAGG,2442
TCTGATGGTAATAGAG,2442
TTCAAATACTTCGTTT,2442
TTCATATATCGATTTC,2442
AAAGACTCATGCACGT,2441
ACAATAATAATGGATT,2441
AGCGAACCTCTACAAA,2440
GACTAGGAAGCACAAA,2440
GGTGATAAGACAACAG,2440
TGCTAAGCTAATGCAT,2440
AATTCCCAAATTAACC,2439
AGCATTAAGCCGTAGC,2439
GAAAGGTGTTGACAAA,2439
TAAACATATAATTTCT,2439
TCAACTACCTAGACTG,2439
TCATTCAGAAAAACAG,2439
ACCTATTGTAAATGGA,2438
ATTGCATAAAAGTCAG,2438
CATTGAAACCACAGCA,2438
AAAACTAAACAATCAG,2437
AAACAAATTTTCTAAA,2437
AACATCAATTCCTAGC,2437
ACGCAAACTCGCAATG,2437
AGGAAGACCTAAAAAA,2437
TGCACACCAAAAGCCC,2437
AAAGGCTACACCTAAC,2436
CACACCTGACAAACCG,2435
CGATAAGTCAACGCAC,2435
AACGCCTGCCTCAATT,2434
CTACGCTCAGGAGGTT,2434
TCGACCTCCGATCGTG,2434
TTAATCTCAAACATAC,2434
ATATCAGGGACATACG,2433
CATAGCTGAAACAACA,2433
TAGTGGGTTGAAAATG,2433
TGGCGATCGAAACTGC,2433
TCCATAATATGGTCCC,2432
TGCCGCGAGTATATAA,2432
TGCTATAATGATACTA,2432
ACCAATTACTAGTACC,2431
CACCCTGAACAAAAAG,2431
CACCGTAACTAACAGA,2431
TCAAGAATCAATCATG,2431
TTACCGAAGACAAGCT,2431
AGGACATCAAAATGAT,2430
TGAACTGCCATCAAAG,2430
AAGCTAACTATACCGA,2429
CTCAGTAAACTTATTA,2429
GACCACACCGTGGACA,2429
AATGGATAGCAAAATG,2428
AGGATAAAACAAATAC,2428
CAAGCCACGCCTCTCT,2428
CCACTACACATATAAA,2428
AACCAGAACCTTGTGA,2427
AATAGCTTCCACCTCG,2427
AATCTAATTGTACTAT,2427
CTCGAAAAGAGAAAAG,2427
CCCGATACGGCGTTGT,2426
ATGGCAATAACGAACA,2425
GAGACTTTTTTGCCTA,2425
AGCCAAAAGTCATAGG,2424
ATGGTACGTAGAAACT,2424
AAAACAATGCCCCTCA,2423
ACGAGATCAATCGCTG,2423
ACATCTGCAACCGGGG,2422
TTTCTAAAATGCATCT,2422
CATGGGAATGTACGCG,2421
CTAATGTCGTACATGG,2421
GCTGTGGAAGAGTTAT,2421
TAGCATAAAACAAAAA,2421
AAAAGACGGCGTTGAC,2420
CTCAACTTCAGCATAA,2420
CTTTTTCTAAATAGGA,2420
TGTCAAGCAACATCCG,2420
ACTAGAGTCCTACCGA,2419
AGCACCAAAAATTAAA,2419
ATAGAACAGACACCAA,2419
GAAAACTGTAAAAGAA,2419
TAGTAATAATACAAGT,2419
AATTAGCAAGGCCATA,2417
TCGCGGTATATAACGC,2417
CCGCTTCCCCCAAGCA,2416
CTCTGGAGAAACTAAT,2416
TAGCCCTCCAACCTAT,2416
TTATTTAGTGCATGTC,2416
AAGATGGTCCCAAAAC,2415
ACTAACCTTTGCAATA,2415
TAACATAGTGCAACCT,2414
AACGTAGCAATTATAA,2413
AGGCGAAGATAAAACA,2413
CTAGGATGCATCCACT,2412
CTACGCTCTATACTTT,2411
AATTGTTCTAACCAAG,2410
CCCTTGATGCTTTTAC,2410
CTTTACAAATCTTTTG,2410
GCAGTAAAAATAATGC,2410
TCCCTAACAAAATCAT,2410
TCGAATAAATTTTCAT,2410
AAGAAAACTCGTTATA,2409
ACATAAATCTGACCAA,2409
GACCAACATAAGGACA,2409
TCAATCAAAACAGATC,2409
AACCGGTTACGCCATT,2408
TAAAATGTTCCTTACG,2408
ACAAGCCGAAGCTACC,2407
CATAACCATAGAAGAA,2407
AAAGTACAAGTCAGAA,2406
GAACAGGTACTGAGAA,2406
AAGAAATTTGCATAAG,2405
ATGATATAATGCTGTA,2405
ATACACTAAAGTATGT,2404
GAAAAATGTAGGAAAT,2404
AAACAATTACGCAGCC,2403
GGAGGTCTCAGCGAAA,2403
TGACATAAGTCCAATC,2403
TACGGTTGTTGTCGGG,2402
TATTGATAATAACCCA,2402
CACTTAACTCTAATAG,2401
CTGTATGTATTTATCA,2401
GACCACCCATAGTAAC,2401
AGGCGTCAACTAAAAA,2400
TCTTTATCCAAAACCT,2400
CATAGTTGTCAAACTT,2399
CCAAAAGTTTGGAACC,2399
GTACAGGGGTCGCTAT,2399
AGCCTCAATCGGAAAG,2398
GTGCCAGTTTGTTAAA,2398
TGTATGGCGAAAGTCA,2398
TTCAGAGACATGGTGT,2398
AATACGGAAAACCGTC,2397
ATTATAAAATAACAGA,2397
CTGACCTCATAAAACT,2397
GGACCAGAGACTGATG,2397
TTTTGACACATCTACT,2397
AAAGATGATTGACCAA,2395
TATTCCCCTCTCGACC,2395
TCCGAAAGATTCTTAC,2395
TTTACTTCAACTTGTT,2395
CAAGAGACATGAGATT,2394
AGTTAATTTCTTTCAA,2393
CCACTGGTGCACCGAT,2393
ACAAATGAAAAATCTC,2392
GATGAGCTTAAAAAGA,2391
GTAACGAGCGTTCAAT,2391
ACAACTGCAGTCCGGT,2390
ACGATATCAACCACCA,2390
AGAGATGGCTTGGAAA,2390
ATACCATTGACCATGG,2390
CTGAGAACTGTATGAG,2390
GCGTTTGGAATGGTGT,2390
AACCAGTAGCTCACTC,2389
ATCAAACTGCATGTCC,2389
GGTAAATTCAAGTACA,2389
TAAGGAGGTGAGACCA,2389
AAACTGATAATCTAAC,2388
AGACTAGATCTCAGAA,2388
GGCATCGTTAGCACAT,2388
TGTAACCTCAAAATCA,2388
ACATAGGCACATTATA,2387
TAAAATCTCGAGGTGA,2387
ACTCAATCTAAATCCA,2386
GCGTGATGATCTACCT,2386
TAAAGTATCAACTGGC,2386
TATCAAATGGCTGCCA,2385
AAATCCACACACTTAT,2384
AAGCCTAAAAGCTTTG,2384
GAACTTGAAAACAGAT,2384
TGTATAAAATTAAGCA,2384
AAATTACCAAATTTTT,2383
ATACCGAATCTTACAA,2383
CGGAGGCTGTTAGAAT,2383
GTAAAATTCAAAAATT,2383
AAATACACACAAAATA,2382
AAGAAGCTGCGCCCAC,2382
GACAACAACCAGACAC,2381
GGTGACTCTGTACTTC,2381
GTCATATAAGAAAGTG,2381
GTGACATTTAGGAATC,2381
TAAGATCGTACGCACC,2381
AAACTTTCAATGATAA,2380
TATTTCACATAAACTC,2380
TGAGACACCCACCAAT,2380
ACATAACTATCCCAGC,2379
GAAAACATTTAATATA,2379
AAGGATGATAAATAAT,2378
CAGTATGCACCCCAAG,2377
TAGTCGCTCGGAAGAG,2377
TGTTGTCTATGGTTTT,2377
ATCAAGAAATTCACGG,2376
TTGAGTCGATAATAAC,2376
CACCACCGACACAGAA,2375
GAAGCATCCGTCCCAT,2375
GTATAAAAGATAAAAC,2375
TACTAATAAATCTTAG,2375
ATCCTCAAGACATAAA,2373
CCAAACGTACCCTTGC,2373
CTACGGTGAACAATAG,2372
GGAGATGAAGATACAT,2372
ATACAAACCTCTATAC,2371
CAGGCCAATTTCCTAA,2371
CATGTAACCTATGGCC,2371
GAAATATTCGTTTACA,2371
GAATGTTGGAACGGGC,2371
GGAGACCAATCTGCGC,2371
TATCATAACTATCCTA,2371
AGTAATTAACAAAAAG,2370
AACTCTTAGGAATCTC,2369
AACTGAGAGACACATC,2369
GAAAAAATATCCTCCC,2369
TACCGTATGAGTTACG,2369
TGAATAACCAAGTAGC,2369
TGGACCTAGTTAGTCA,2369
GCCAATGCACAACTAA,2368
GTAGAATACTCCTCCA,2368
AAGGTAGCAAAGAGAT,2367
ATACCTGTACCGTAAG,2367
CTAGCTAGCTCTAGAG,2367
CAGGCAAATTCCCCTC,2366
GAAAGCGATTCCACCG,2366
TTAACCTGGGCTTAAC,2365
TCGCTCTCCACAAGTG,2364
ATGGACTACCCAGCTC,2363
CATGTCAAAAAACTTT,2363
TTGATAAAGGTTTCTA,2363
ACTTCTATACGAACCT,2362
CAACTTGAATAGCATA,2362
GGTTAATTATTAGACG,2362
ACCTACCAGGAAACAC,2361
TCACATCAATCGAGTT,2361
TTCTTGGCGAAGGGGC,2361
ACCATCCTTATAATGA,2359
ACACACTCAACAAAAC,2358
AGTACACAGGCCCAGA,2358
CACACAAGAGTGAGAG,2358
TTATACCATGATAACA,2358
AACGCTTAACAGTGCA,2357
TGATGATAAGACCTTG,2357
CGCAGTACATTTAAGA,2356
CGCCAAAATCCTAAAC,2356
AACACACTAGAAGAAT,2355
ACACTCGGGTGTTCCG,2355
ACGCACAGGATAATCT,2355
ACTTGTACAATAGACC,2355
TACTTGATCAAGAACT,2355
TCTAATATAACTTGGG,2355
GATACGGAGTATGCGT,2354
TAACTTAACAGAAAAG,2354
TATCTTTAAACCAGCT,2354
ACCTCGTAAAGATCCA,2353
AGCAACCTGGTAACTA,2353
AGTACATAATGTATGA,2353
AGTCCCGTTGAAAAAG,2353
CCATTCGAAGCAATAT,2353
CTAGCACTGACTCAAT,2353
TGAAACAACAAATTAC,2353
AACAAGCTCCAGGGTT,2352
AATCTCACAAAATATG,2352
TAAGCGAAGAACTTCT,2352
AAAAAGAGCCATTAGC,2351
CCTATCCGCCCAACAA,2351
GAGGTCTAGGCTTCAG,2351
GTGCAGAAGACCGTAG,2351
TGGCTACCACAATTGC,2351
GGACTACACTCCCATT,2350
CACGCATTGAAATGTA,2349
CTATACGACTTAATTA,2349
AGTGGGCAAATGCACT,2348
CTTAAGTAATCATTAC,2347
GAATATTAGAATGGAC,2347
GTACCAATTTAGCAAA,2347
TTCATAAGAACGCCAT,2347
ACCATCATACTGTCTC,2346
AGGAGAAAAAACGATT,2345
ATCCAATATGATCTGT,2345
CTTCGCTTATCAACTT,2345
TAGGTCGCTATCCAAA,2345
GACATGGCCAACTAAA,2344
TGTCTAATCATTCTAC,2344
TTGAAAAACAAGAGTC,2344
GACTGCCTTTTGACTT,2343
GCACAACAAAGCTAAA,2343
TTGCCTGGCGAATCGC,2343
ACGTATCTAGTCATGC,2342
ATAGCTAATAATAAAT,2342
CTCCTCAAACACTTAG,2342
CTTAATATTCCACCCC,2342
GACGCCTACATGTGCT,2342
TTAAGGCCCTCCCAAT,2341
AAGATCTATTGGCATG,2340
ACATTCTTGATGTTCC,2340
AGTTGAAACTGAATAA,2340
CTACACTCTACAAAAC,2340
GTAAATCTAGGGCACA,2340
TGATCCGTTAATAGAG,2340
TTAACGGCACGTTTCA,2340
AATCAGGACCTGGTCG,2339
ACAACGTTTGAGGTAA,2339
ATGTTCTTTATGTTGA,2339
CGTAAGTAGCAATTCC,2339
CTCAAACCTACTCTCA,2339
GAAACGGAACAAAAAC,2339
GAGCCTAAGGAGCCAT,2339
TCGTACCACTAAAGAT,2339
TAACCGCTCTCTTAAC,2338
AAAAAAATATTTCTCA,2337
ACTTCATCTAGTTCGA,2337
CAATAGCCTAATGTAC,2337
AACAATTTCACTGATT,2336
GCCTTAATAGCAATGA,2336
TAACAAGTACCGCCTG,2336
ACAAGAAACAATATAA,2334
TGCATTGGTCACTAAA,2334
TTGATAGGTCGGGATA,2334
AAGAAATCACTACCAA,2333
ACATACAACGGCCCGC,2333
GGACTACACCTATCTA,2333
TTGGGTTCAAGTCCCA,2333
AACCTCTGCTATAGTA,2332
GATGAGCCAGTCAACC,2332
TAATTAAATAACGTCA,2332
CAGAAGACTTGAGATA,2331
GCACACAACCAACGGA,2331
ATGTAAACAACCAGCC,2330
CCATCGTAACAAAGCT,2330
TGCGCCCAAAGTAAAC,2330
AAGCTGGGCGGAAGAT,2329
TACTACCTACTGGAAT,2328
AAGTACTGAATGGACT,2327
AATCGGACTAGAAATG,2327
ATTTCACAGCACGCTT,2327
TATACTTTCAACCCCA,2327
TACTTCACTAGTTTCA,2326
TGAGACCTGTAGAAAT,2326
ACACCGAAAGTATCGG,2325
ATGAAAAAGAGAAAAA,2324
CAGATAGTGTCAAGCC,2324
GACAATCACGAAGTCC,2324
TCGTAATTTTAACACT,2324
GGCACATTTACGTATC,2323
AGAACTCTGTAATTGA,2322
AGTATGCAACTTAGCT,2322
GCACATGTCTAAAATG,2322
TAGGCCCAATAGTATT,2322
AAAATGCCAAGCCGAC,2321
GAAGATGACCTCTATG,2321
AATAACTAAACACCGC,2320
AATTCCACGGGCAACC,2320
ACTGAGCCGTGACCCT,2320
CATAACATCCTTGAAA,2320
AGAGCTCCAGGCTAAT,2319
GATGAACGACATAAAA,2319
GCTTAATTGATAACTC,2319
GTCAGTCATCTATGAG,2319
GTGCGAAGATTAGTAA,2319
TCGAGGCCTAAATCGA,2319
ATTTATACCCAGAACA,2318
GAAGTAATCATGAAAG,2318
TGATAACACCTGATTA,2318
TGATTGTCAATATTCC,2318
GTGAAATAAGCCTTTA,2317
TTAAATTAAAACACAA,2317
ACTATCGTCATCGTCT,2316
TTCCTATTTTTTCAAG,2316
ATCAAGGCAAAAGATA,2315
ATCACATTCGGTGCCT,2315
TAGACCGACTTGCAAC,2315
AGACCTTTTTAAGTAA,2314
CAAGCCTACGTCAGAA,2314
GCCAGGTCTCGGCGAA,2314
TAAATAACTCAAACGC,2314
TCATTAGGATTGTTTA,2314
GGAAGATTAGGGCCGT,2312
ATATTAGAAACATTAA,2311
CATTAAACCTTCTAGT,2311
CGCTACAGTTTGCAAG,2311
GAATGGGGCACAATAA,2311
GGTTCAGTAAAGAATC,2311
GTACTGAATTGGAGCA,2311
CCTATAGGCCGGGTGT,2309
AGCTTTACCTGACTGA,2308
CAAAAGGGGAGGAGCC,2308
TATCACGTGAAGCTGA,2308
AGTGAACAAGTAACAG,2307
GTGCCGAGATGACCCC,2307
TCAATCAATTCCACAA,2307
AAACAACCCTACTAGC,2306
ACGAATCTTAAAGTTG,2306
ACTACACCCACGGCTA,2306
CTGGGCTCTTTAGTGA,2306
GACTATGATCAGAAGA,2306
TCATATTCTAATGATA,2306
TCCATTTATAACACTT,2305
TTGGAACCACGTTAGT,2305
AAAAATGCTGGCACCC,2304
CACCAGAACAGAATCA,2304
CCAAGTTTATGAACAA,2304
CGACAACTCGTTGTCT,2304
CTGGGAAGAGATACCG,2304
TAAAATTCTGCCCACA,2304
AACGCTTAAGTACAAA,2303
TCAAAATAGTGCTCAA,2303
TGTAATGTGAAGCCAT,2303
ATAAAGTGCGCAACGA,2302
GGACGTTTAAAAAAGA,2301
AAAGCAAATTTACTAC,2300
CTGAAATAAGAACCAA,2300
GAAAGGCGAGTGATAC,2300
GAATCCAGAAAGTCAA,2300
ACTAACATACCATCGC,2299
AGACGAGACTGATTTA,2299
AGGAAAACCTCCAATT,2299
ATTAGCATTACTTAGG,2298
GTAGGAGTGTAATAGT,2298
AGAAATTCAAAAAACC,2297
CCTCGTCGCGCAACCG,2297
CGTTAGATATAATGAT,2297
AGAATCGTACCCATCA,2296
AAATTTTATAAAGAAT,2295
GCGAACATATCAAAGA,2295
GTGAACCTAACTATTC,2295
AAAACTGAACCATCAG,2294
ACAGATTGCACACCAA,2294
CATATTGTACTAGAGG,2294
TAAACAAGCTAACTTC,2294
AACATTTACTCCCTAT,2293
AACGTCCGAAACAGCG,2293
ATTCGTACAATAAACC,2293
CAATACTAAAGACTAG,2293
TTCAGATCATGTCTCC,2293
TTGCCAGAAACACGCA,2293
TAATTAATTAAAAACA,2292
ACCTATACACTGCCTT,2291
GTCCCTGACGTAGGAA,2291
TACGGCCACCCAACTA,2291
AAAGAACTGAAACAAA,2290
AGGCTTTCATACCAAA,2290
CTAGCTTAAACAGGAT,2290
AAACACAAGTATAACG,2289
ACGCCACAAAGCAAAG,2288
CTAAAAGTGAAACATT,2288
AAACCGGAGAATTTCC,2286
AGCTAAGCAAGCGACC,2286
CTTATGTAATCCTCCT,2286
GAACTAAATTGACAGT,2286
GGCGTCACTATGAATT,2286
AGCCCCACCTATCAAC,2285
ATAATAATCAAAATAT,2285
ATACTCAGTACTCCTA,2285
GTAACACACTTATTTG,2285
TCCTTTACATTCCGCT,2285
AATCCCAAGCATGTAA,2284
TAACTCATTTCGTCTG,2284
CGCACTTCCTCCAAAT,2283
TTAATCAGCAACGAAA,2282
AAGACATTCAGAACGC,2280
AGTTGTACACTAAGAA,2280
CAACAAGACGTTCAAT,2280
GTGGTTAAACCTAACC,2280
AAGCTGAAGGGACCTA,2279
ACTGACGAGCCTGCCG,2279
CGCATTTAACTTAGGC,2279
GGCAAGCGCAAAATGA,2279
TGTCGGTAACCTCATA,2279
ACATCCCAACAACACA,2278
GACATCAAGCTACGCA,2278
GCTCTGATCCAATCAA,2278
TATGAAACATTTAGAC,2277
AAGCAGCACTGATATA,2276
GTCACTTCTCGACCAC,2276
GTGTAATCTATCTATA,2276
TCACAACCGCCAACGG,2276
TTAACACATCACGCAC,2276
CAGCCAGATACGGGGT,2275
CTCTGAATGATTCCGC,2275
TGAGACTGAGTATCAA,2275
AATGAAAATACATCCT,2274
GTCTAACAAATTATGG,2274
CACTGGTGACCATCAC,2273
TCGCTCATAATATCAA,2273
ATTGGAATCAAGAATG,2271
CAATACAACACTTAGG,2271
CCAACAAATACAAGAA,2271
GCGGAAATAGTCGAAA,2271
AGACCATCGCCAACCA,2269
ATGAAGCGTTAAACAA,2269
GAAATCATTGAGTCAA,2269
GAAGTCACATGGAAGA,2269
GCAATATCCTACCGCC,2269
AAAACCATTTAGGTGA,2267
CGACAATGCACGTTAA,2267
CGGATATAACTGACAA,2267
TCTACAATCCCTTCGT,2267
CGCCCCAGATTTTTAT,2266
AAAAAAGTGCCCAATC,2265
CACCCCGGGAATAACC,2265
TAACACAATCTGACTA,2265
TTAAACCCCAGAATAC,2265
AGCGCGTCAGAGATAT,2264
GTAGATAAAAAAACGG,2264
TAACAAGTAGACAGAC,2264
AAGAGTGAACAAACCT,2263
TCTGAGCACAGAAGTA,2263
AAAATCACATGATATT,2262
ACGAAACTTAGCCCGT,2262
TAAGAAACCAATCCCT,2262
TTGAAGAGGGTCCAGT,2262
ACGTAACTTATAAAAC,2261
CAATCGAGAAAAACCA,2261
CAGTATCAATAGTAAA,2261
GATAGAAACTCACGAC,2261
ACCACCAGCACCCCCC,2260
CAAGACATACAAAACA,2260
TGGGCCAGAAAATACG,2260
CGTACCTTTATCAGAA,2259
ATTATGTGGGGAGGAC,2258
GATGAGTGAAAAATGA,2258
AGGGACCTCAGGATAA,2257
CGCTTTTATAGTGAAG,2257
GCAAGAAGAAGTAATC,2257
TCAAATTGACCGAATA,2257
CATTAGGCACCGATCA,2256
GCGGAAAACCCGTTTA,2256
TGATAATAATCGATAC,2256
GGCAGCGTTATAATAT,2255
GTCCTTTATTAAAGGA,2255
TACGCAAGAGCTTAAA,2255
AGAATTCGTCATCATA,2254
ATATTTAATATGTTCC,2254
AGGCTCACCATCTTTA,2253
ATGGCTGTTCGACTAA,2253
CAGAATACCCAAACGC,2253
GGTAGGAGCTTTATAA,2253
GAACCCATAAACAATA,2252
TGATTCAAAATATGAG,2252
GACAATGACAAGATGG,2251
CCGCAGTTTAACGCGC,2250
GAACCCTTAATTAAAC,2250
TACAACAAACAAAACC,2250
TCACTGGCAACTGCTG,2250
ACATCACAGTATGTGT,2248
CACCATTATACTTCCC,2248
TAAAGAAATGATCATA,2248
AAATAGATCCAAAAAA,2247
AATCTGCGTTCGACAC,2247
ACGGCTTACCTGAGGG,2247
GACATTTTTCTGTAGC,2247
GCTAATACAAACTTTG,2247
GTGGAAATCAACAAAA,2247
ACGACCAGAAAGATTA,2246
TCAGTAATAAGGAAAT,2246
TATCGCAAGCTAAACA,2245
TCTTAAAACATTGTCT,2245
GACCTCCCCCTTTTTA,2244
GCGAACCTAAACAAGG,2244
TATACGCGATACCACG,2244
CCTTTTCGGCTTTTAG,2243
GCCCTTTAGTATATCA,2243
AACCTGTGAATACCGG,2242
AATTGCTACATCACGA,2242
ACTGTAAGTAGATGTA,2242
CCCTCATTCTCGTGCA,2242
GAACAAACCTAACCGT,2242
GTTTTGTAAAAATTGT,2242
TAAGACTGAAATTACT,2242
TACTTAAGAAACGGAA,2242
GATAAATTAGTAGAGA,2241
TATTTCACCAAAGACT,2241
TTAAATAAAGCGAATC,2241
AAATAGTACAATTCTT,2240
ACTAGACAAGACCCGG,2240
TATTAAATCTTGACAC,2240
CAAGTAAATATGATGA,2239
AAAACGGCTTATACTA,2238
CATCCACCTGAAATAT,2237
AATTGAGGCCGCAAGC,2236
GCTCGTGTCCGACTAT,2236
TATACCCCATCCTGCC,2236
CGCAGGAAGGAAAAAG,2235
GATATGGAAAATAAGG,2235
TAACAATGGTAGACGA,2235
GATAAATTAGCAAATA,2233
TAAGACCTGATCTGAG,2233
ATGAATATTTTGGCAC,2232
CAATGGATGTCACATA,2232
TATAAACAGTTGCAAA,2232
ACGAACTTTTGTGAGT,2231
AGGCGGCTCAAGCATC,2231
CTTACAATAAACAGGG,2231
GAAACCTAATTCGAAC,2231
CTCGCCATGCGAACGA,2230
GATAGCAACAACCGTC,2230
AAGATCCACAATGCTA,2229
AATAACAGAATTGCAA,2229
CAATTATAAAGCGCGC,2229
GATCCTAAATAATCTG,2229
GCAACTATCCGTAATC,2229
TCGCCAGTTAAGTATC,2229
TGACGCCCTAGAAACT,2229
GCAGAAACACCGACGG,2228
GCATTAATTCGTGTGG,2228
TATTGGAACCCTTCGG,2228
ACGCAATACTCTCTGA,2227
CTAAAAATAAAGCATT,2227
CTATTTATAATGAAAG,2227
AAATACAAGAGTGGGC,2226
ACGTGTCTCAAATCAT,2226
CCATCAAAGCATAAAA,2226
CCATGGCCCCTGAAAT,2226
GTCGGCATTATCTAGC,2226
AACGATAATGATCCTC,2225
AATGAGATTAGACTTG,2225
ACGACACAGGAGAATA,2225
ATAATAATCAATAACA,2224
GTCCACTTATAAAACT,2224
TCAGTAAAAAAACTAC,2224
TTAATCAAGGTCTAAC,2224
GAATTAATCAAATGTT,2222
TATAGACCTTACGAAA,2222
CAAATTAACGGTATGA,2221
TTAAAACTCAGTCATT,2221
CGTCTAATATAAAAAT,2220
TATGACCGCTATCACA,2220
ATTAAATGATATTAAT,2219
CGTCGCAAAAAATCTT,2219
AGGCGCAGCAGAACGC,2218
ATGATTCCATTCAAAT,2218
GTAACACATCGATCGG,2218
ACCATAAGGCTGTTTG,2217
TCTTCCTGAACGATCA,2217
GTACATTCTATGGCGG,2216
AAATATTCAGTACGTT,2215
ATCTCAGGACTATGCC,2215
ATTACCAAACTTCTGG,2215
CAATGCATATATCGAT,2215
CACAAATTTAAATCCT,2215
CCGTTGTACATCAAAA,2215
TAAGTAATTCACCGTC,2215
TGACTAGATACAATGC,2215
AAGAGAGGGGTGAACT,2214
ACAGTATTCGTGGAAC,2214
GTGATGGTTCATTGTA,2214
TCTACTAATGAGACAG,2214
TATATTCACAGTCGAT,2213
ATGGTTTCAACAGGAA,2212
CCCGTAATCATTCCGT,2212
ATTAAGTAGTAAGACG,2211
ATTCCAAAGATCACTA,2211
GACAAGAATATGAGAG,2211
AGGGCCTAACATATTG,2210
TATCCGGTCTAAGTCT,2210
TTAATGCAGGAATCTT,2210
TTACGTTAGCTCAGTA,2210
CAGAAAAGGTAACTTG,2209
CCGCCCCGCCCTGACG,2209
AATACGGTCATCCCAA,2208
GTCAAACTTATCATAT,2208
TGCACACATCGTAGAC,2208
TTAAATCAGCTTTCCA,2208
GACACTGTAACTTTAA,2207
TACTAACGTCTTTTAT,2206
TTATATTCCTCGAGAT,2206
AACCACCAAATCAATA,2205
ATGTGGTTGTCAAAAC,2205
CCATAATGGACAGAAA,2205
CCTCGTCCTCCTCGTT,2205
ACCAATAAACCCCGAA,2204
CACATAAAATGAATGA,2204
CAGAGAGAGAGACTCT,2204
CATTGATCGTCTCAAA,2204
GAACTAGTTACTGGGA,2204
GGAAAATTTAAAACTA,2204
CCTTAAAAAAAACAAA,2203
CTAATAGGCAAAAACA,2203
GGCATGACAAACCAAC,2203
GCAGTTGACGCGACCA,2202
TGAGTTGGCCGGTACT,2202
AGAAGTCAACCCAATA,2201
GATCTCCCAAGCTAAA,2201
ACACTGGCTACACTTG,2200
TAGAAAATGCTAAATA,2200
ACTGCAAATCAGCTCA,2199
AGATAAATATAAATTT,2199
ATGTTCGGCCAATGCC,2199
TGAAGAAGAATCTAAA,2199
TGACTCTCCAAACAGT,2199
AACCTAATTCCTTAAG,2198
ACAGGACTCTAATACA,2198
ACGGTTTACACGATTG,2198
ATAGGCAGGTGATCTT,2198
ATTTGTAAAACAACTA,2198
CCGGAATATGGGAATA,2198
CCTATATGGCACCACT,2198
GCCGAGAGAGCAATAA,2198
GCTTTGACTAAAAGAA,2198
TAGTGAAAAAAGAATC,2198
AAATACACAAAAGGGT,2197
GAGCAAGTGAACGACA,2197
TAATTTGACTACGCCA,2197
TCTTCTATGGATGAAC,2197
AAATAAGCCTAATAAA,2196
ATTAATAGGCGACAAA,2196
TAACGCCACATACTGG,2196
AAATGCTTATGTAGCA,2195
ACCACCTGAACATAAG,2195
TCTACATAAGTAATTG,2195
ACGTAACCTACTTTAC,2194
GGGCCAGCCAATTTGA,2194
TGACCAGACAAATATT,2194
AAAATAAGCAGACATC,2193
ACGGAGAGATATTCCT,2193
GACAAGTCAATGAGTA,2193
GCTCGATCCGAGGGCT,2193
AAATAAACACTTGCCG,2192
AAGCTGCGATAAGGAA,2192
GAACTATACAAACCTC,2192
TCGCGAAAATGGTTTA,2192
AGAAACTACTATGATT,2191
TATATAGTATTACTTC,2191
TCTTAAAAGTCTAGCA,2191
CCAGCATCTAATAATG,2190
CGATGTGATTCATACC,2190
ATACTATCATTTTAGG,2189
CATCGTAAAGCCTTCT,2189
GCACAATTCTCTTCAG,2188
ACCTTGAAGTAGACTC,2187
ATAGAATAAAATTAGC,2187
TAAAATATGTTCATGT,2187
CAAGCAAGGCACGAGA,2185
CGGATTAAGGTAAAAA,2185
TCACGAATAATAAAAC,2185
ACCGGTAAACCTCCGG,2184
ACACTCTGCGAACACT,2183
CCATCGACGGCAAATT,2183
GCCGCCTTATGAGGAC,2183
TAGCCAGCAAAAATCT,2183
CAGTACAGCGATACAC,2181
TCAAGTCTCTAAAAAG,2181
AGATATAGGCAAAAAT,2180
GACTTGCCCTTACGAT,2180
TTCATTCAATGCCCTC,2180
ATGGCTATACCCACTG,2179
CGGTTCATCGTACGTT,2179
GCAGTACTATTAAGTT,2179
ACGTGGCTGCTACATA,2178
ATCTCTTATCTAGTCT,2178
AGTACCAAATTGCTCT,2177
ACATGTGATCCCGCTC,2176
ACTCAAGGCAGGATAA,2176
ATCAAACCATGTCTAT,2176
CATTAAACGTCTCTTA,2176
CCAGTTCTGAATCCAA,2176
CCTGATGCTTATTTAA,2176
TAAACCTCGGTCCCTC,2176
AGCGTGAATCAACTCT,2175
CAGCTCCAATTTTCCG,2175
CGCACTTTTTTTAAAG,2175
GAGAAATCACTATTCG,2175
TACCAGCAGAGCCTCT,2175
TCCCAGCGACCAAAGT,2175
AAATCAAGTCTTAGAC,2174
CCCGTACATCACAAAT,2174
CTACAGAATAGTTTAC,2174
TAGCCCGGTCAGGAAC,2174
TTGAGCAAAAAGCCAT,2174
AAAGAACAAGATTATA,2172
ACACTCCGTGTCCCAA,2172
AGACTAAAAGGAAAAC,2172
CGAGTTCTCGGCACTA,2172
GCATAGTCTCATATTA,2172
GTGTAATAGAGTGATA,2172
TAAGATCAGAAATGCA,2172
TACTGATAAGCACAGG,2172
TGACTCGTCAATTCCA,2172
TTGCACCTCCCGTCCA,2172
TTTTTTTGCGTAGAGA,2172
AAAGAAGAAGTAGGTT,2171
CATTACCTCGTGAAAA,2171
GAACACACGATTGCAG,2171
AAGGTGCCTAGGATTA,2170
AGGGATTTTCTTTTAC,2170
CAACCAATAGCACTAG,2170
TAAAAACAGTTCTAGC,2170
TTACCACAACACCAAA,2170
ATAATTAATATCCACG,2169
ATTGCTATTAATCGGA,2169
AATTTAAAAACCAAGA,2168
ACAGAAAAGGTCATAA,2168
AAACAAGCTGACCGTA,2167
TGCCAAATGATAATAC,2167
TTAATAATAATGTATC,2167
AGTAGGCCGATGTCTA,2166
ATTCACAAAGAGTTCT,2166
CGAAGAACGATTGAGA,2166
CAGGCTTATAAACGGT,2165
TACACCGATTGAGGAA,2165
AATGAAAACACTCAAC,2164
ACAGGTGAAAATAACC,2164
CGCGGAACATTCTCCA,2164
GCACTGCAAGTGCCAC,2164
CGGAACGTTGTAGTGA,2162
AATACGAAACAGAATG,2161
CAACAGGACTTACCTT,2161
GTGACAATACATTTTC,2161
TACACTGAACTGAAGA,2161
TAGAGCTAAACACCTA,2161
TATCATGCATAGAAAG,2161
CATCGATAGATTAACG,2160
ATCCATACCACCTGTC,2159
CTAATGGGCACGCTGT,2159
ATGTGAAAAAAATATT,2158
TTATCCCTAACAATCT,2158
AAAAACTTAAGTACTC,2157
CTACACTCATCTTGAG,2157
GCATTGTGAACATGTT,2157
TTACGACTGCCTTTGA,2157
ATTAGTAACAGGTTCG,2156
TCAAAATTAAAATTAA,2156
ATTAACATATAGTGAA,2155
GCGTGAAATTTGGCTA,2155
GAAACCTAGCAAAGAG,2154
GAATTACGAGCTGGAT,2153
GCAGCCATTGAATATG,2153
AAAACACACAGTGTTT,2152
AATGCTACCCATCCGT,2152
ACGCATTGTATAAACT,2152
CCATTCCATACAGGGG,2152
TACAAAAAAACTAACT,2152
TCAGTCTGACAAGACT,2152
AACTTTATCACAACTA,2151
TATAAACCACACTCAG,2151
ACAGTCCGCAAGCTAT,2150
CCGATCAGGCATAACG,2150
CTCTGCTTAGTCAAGA,2150
TGAATTATCCAAGCAT,2150
AAGAGTTCGTAAGGAT,2149
AGGACTAAATACTAAA,2149
GATAGACCACAAAAAA,2149
CATTCACCAGTCCGGG,2148
CGTTTTGATACTGACA,2148
CTGTCGTCAATCAGAG,2148
TACTTAGCGAAGACAA,2148
TCATAAACATGTAACA,2148
TTATCCGCACCCATCC,2148
TTTTGGTTACCATAAA,2148
CATCAGCTAAAAACAA,2147
GCACGAAACTACGTAT,2147
TCAATATACCCCTAAT,2147
AGGAATTGACTAAAGT,2146
CTAGCTCAGTTGCGCA,2146
TACAACTTTGAATGCA,2146
TGTGATACCTCAAAAG,2146
AAAGGCATATAGTTCT,2145
CACATTCCCCAACAAT,2145
TACTCAATTGCGCTAC,2145
GAATGTATGTAGTAGA,2144
ACAATAATGCTTACAT,2143
GATGACTTATACTTAG,2143
GGCATCAAAGATTACG,2143
ATACGAGACTGGTACA,2142
CATCTAATATAAATCA,2142
CTCAGGCGATTCGCCG,2141
TGATTACCACTATCTA,2141
AAATCAATTTTTCGGT,2140
GATAAAAGAAAATAAA,2140
GATTGATCCAATACTA,2140
AAAGGTAGATAACCTT,2139
GAAGCGGCGCGTAAAA,2139
ACGAGGGCACAAAAAT,2138
TTTAAGCAAATTAGCT,2138
CTAAAATCAGAATCAC,2136
GGAGTATTTGAATAGA,2136
TTGAACGCAGTGGTCA,2136
ACCGACTATTATATGT,2135
ATAATACACTCAGCTT,2135
AAAAAGTACTCTAATC,2134
AAAGCCTAATAACGAA,2133
AGTGATCCACGCGCCA,2133
CAAAAAGCAGACTCTA,2133
CTCTCAACGACCACTG,2133
TGTTTCATGAACAGAG,2133
AACACTAAAGCGTTGA,2132
AATGAAAAAAGGAACA,2132
ACAGCCTACAATCACA,2132
ACTTGATTTAAGAGCA,2132
GAATGAATTGCACATT,2132
TTCTAGCCATGGGACT,2132
AAAGCCCGCTGTAATA,2131
CAGAGCAGCTAACATT,2131
TGATAACACCGACTAA,2131
TTAAAATTGTCGATTG,2131
TTCGAATGAATCGGAC,2131
GCCTTTTGAATTGTTT,2129
ACCAACAACGCAGTCG,2128
CCGACAATAAAAAGTT,2128
CTAACGTCTTTTAGTT,2128
ATATCCAGAAATCACA,2127
TATATAGATCTCGCAA,2127
TTCACTGAGATCGAGC,2127
TTGGAATCGGTATTCA,2127
AGCTCATGAGCAGCGC,2126
AGGGACAAGTCCGTCC,2126
GATTCCAAGTACTGAT,2126
AAAGTTCCTGATTTCA,2125
CTGGGACGGCTGAGAA,2125
TGAAAAAACGTATTGA,2125
TGAAAATCAATATATC,2125
GGATCAGCCATCCGGA,2124
ACAAATAATATGAATC,2123
AGCCATAAAGATGACC,2123
CCCCACGGACGCCGTA,2123
TAACACCATTGACAGG,2123
AGACAGCAAATTAGGA,2122
ATACGTACCTATACCA,2122
ATCAAATAGTCACGTG,2122
ATTCCTCCGTGGACTG,2122
CCACAATATAGTTAAG,2122
CTATCCAACGAGCAGC,2122
CTGTTGCCTCAACTAC,2121
TCATGAAAAAGTGAAT,2121
AATTTTTGAAAAACTC,2120
CCTTAACACGTGTATA,2120
CTATCCCCGCAATCGG,2120
TAAGTAAAGGTGAAAC,2120
TATACCGCAAACCTAC,2120
AGCCACTAAGAAGTTA,2119
AGGTTAACGAGGACAA,2119
CACATTCGGTTATGAC,2119
CTTCGGTACGCAGTTG,2119
TGAAAGCTCCTCCGAT,2119
TTCCTCGTAGAAATTA,2119
GAATATCTACTACAGG,2117
GTGACCGCCCAAACAC,2117
CCGTTAATAATTAATA,2116
CTAAAAAGCCAAAGAA,2116
AAATTAAAAACTTCTC,2115
TAAGAACAGCTATTGG,2115
AGTCGATAAATGTGAC,2114
CTGACATGATGATACT,2114
GTAAGCAAGGCGGTAA,2114
TATCATTACCATCTGA,2114
TGACTTACATTAAACA,2114
ACTCGGTGACTGTCCA,2113
ATCCACCGAGTCTTAA,2113
CTTCAAGCCTATAGAA,2113
GAATTCTGCTTCAAGG,2113
AGAATTCATAAACAGA,2111
AGAGTAATGGGAAGCT,2111
AGATGGAATGGTTCAG,2111
ATGTACAATAACAGGG,2111
AAGAAATGCGTGTAGT,2110
TTTAAAGTCCATTGCT,2110
ATTCACCCTTTCTACT,2109
GACCTCATGTGCCCAA,2109
TGCCGTATTAAACCAT,2109
AACTGAAACAGGATAT,2108
TAAGCATCGAAGTGTT,2108
TGTGTACATTCAAGAT,2108
CCACAAAGAAAAAGTC,2107
ATAGATTCTCCAGAAA,2106
CCCACGGCGAAATGCC,2106
ACAAGCCCTACAATAG,2105
ATAGAAAACCACTCAA,2105
AAGAGCATCGACGTCA,2104
GGGAATACAAAATCCA,2104
AAATCGTACAGGCAAC,2103
AATTTTTAATGCTATG,2103
ATCGTCGCTTGTCCGT,2103
ATGCAAGGCAATCATC,2102
GAAGGCTTAAATAATT,2102
GCACAAAGACAATACA,2102
GGGTACACTTTAAGGA,2102
TTACAGCAGTAACGTA,2102
AGTAATTATTGTAGTT,2101
CGAACAAAAAATTACA,2101
GGACAAAACAGTAAAA,2101
TCACGAACACTAAGTA,2101
TGAGAATGGAAAACTG,2101
ACATAACGGGTGTTGC,2100
GATAATTGCATTAGCA,2100
ACATAAATCTACAAAA,2099
TACACTAAATGCAGTA,2098
CAAACTCCCCTGAATG,2097
GGCGTTAACGGCTGGT,2097
ACCGGCGGGGGACGAA,2096
ACTAAATAGCACATCA,2096
CTCAAATCCCTTGGCC,2096
GATGCACTTAGATTGA,2096
GGATGGGCCAGCCCAC,2096
AAAATGAGAACAACGA,2095
CGAGTGAATATTAAGC,2095
CGCGTCCGCTACATAA,2094
GGCCTATTATGTAAGC,2094
AACGGAAAAGAAATCT,2093
CTCGAACATATGCTAT,2093
CTTGCAATCCGATGAC,2093
CTAAAGAGAACTTACA,2092
CTGCCAACTACCATTA,2092
GACTGGAAAAACTGAC,2092
CCGAGCTCGGACTACG,2091
CCTGCCAATTATCCTT,2091
GAGGAGAAATAGATCC,2091
AAAACACCAAATCGAT,2090
AATACCCTACATCCTA,2090
CTAATTTAAAAAGTCC,2089
GTCCATACCATGTGAA,2089
TATGGATCCTGGAAAG,2089
TGGGAATTAAAGTCTA,2089
TGGTCAGGCCTTTGCG,2089
CGAATCGAGAGTCTAA,2088
TTCAGCAGTAATTTCG,2088
AATGGCCACTGTAATA,2087
ACGTAGACTTATAGCT,2087
GTGATTTTTATCACTT,2087
TCCAGAATATACAAAA,2087
TTAGACCAATTTACAG,2087
GACCCGAAAAGGTCCT,2086
AAAAAGTAAATCATAC,2085
AGGGCCAGTATCAAAT,2085
AGTCCTCTCGAACATG,2085
CCCCCCTTAAATTACA,2085
ATATTCAAAGGCAAGA,2084
ATTAAACAGTGCATGG,2084
CAAACAACAAAGTGCT,2084
TCATCAAAAGACTGGA,2084
TCTAGAACTAAATGTC,2084
AATGATCAAGTGGAAG,2083
ATTCGGAGTGGGTCAT,2083
CATCAAAACGATAAAT,2083
CTCAAATCGGGGTCTG,2083
CATAGAAAGAATTAGA,2082
GCAAGCGATGAAAAGG,2082
GCGCCCAAATTATGTA,2082
TTTATTGTTGACCACT,2082
ATTCAAATACACAGAG,2081
GACGTCGTTGTGGCTG,2081
GTCTACAAGGATTTGA,2081
AACTGATTTTAGTAAA,2080
ACATTACAGCTACAAC,2080
CACTAACTATAGAACA,2080
GACTTAACACTCCTGA,2080
ACTGCCACATGTACCT,2079
AGGGATGGGGACAAGT,2079
GCACATATAATCAGAG,2079
GTAGTTGACTATGAAT,2079
TGAGCGGATCTGTTCC,2079
AATCCCTGGGCACCAA,2078
ATTCTAAAAAAATCAA,2078
ATTTAAATTTAGAAAA,2078
CTCAAAGAGCATCACT,2078
TTGGTTCGGCACTTAT,2078
GGTACAAGACCGAACT,2077
TGATCCCCCATAATAG,2077
ATCTGATATAGAGTTT,2076
GCTGTTAAGCATACCG,2076
GTAAATTCGAGACCAC,2076
AATAGCAACGAAAGAC,2075
CTCAGAGAATACAGCG,2075
GAGCTAATTGATGAGA,2075
TAGCACAGGCTGTCAG,2075
TTACGGTAGACTAGTG,2075
TTTTTAGATACCATGC,2075
AACCTACAACACCGGA,2074
ACACACTTTAGTAAGA,2074
AGCTCCGTGCAAAACC,2074
CCAACTCGCGCGAGTG,2074
GAAAAAGTGACGGAGT,2074
GAAACAAAAGTCACAC,2074
TCAAGTCCATATTGAA,2074
ATCATTTGGTGACAAG,2073
CTTTACAGATAAATCC,2072
TTTTCTCCTGGTTCGA,2072
AAATCGGGTAGACACA,2071
ACGAAACAATCTATCT,2071
ACTCGTCAATCCGCCC,2071
ATCAGTACTGACTAAA,2070
ATCGACTACAATTACC,2070
CCTGAGCAATTCTTGT,2070
GAACAGTAAGTTCGAT,2070
GACTTTAAATTCGAGT,2070
CTAAGAAGAAACATTT,2069
AAGACGCTACGAGTAG,2068
AGAACTCTAAAACCGG,2068
AGAGGATTTACATGAT,2068
ATAAGTCAACGGGGGC,2068
CGGTCGCAATGCCATA,2068
TATCAGCAACCGGCGT,2068
GACGGTTTAAACGTAC,2067
GGGAAATTACTCCGAA,2067
TAAAACTTCAAGAAGG,2067
TAGACCTCTTTACATA,2067
ACGCTATGAGACTAAA,2066
CAACAGGAATTTTTAG,2066
CAACTAACAATGAACG,2066
CAGACTGAATCCAGTA,2066
CCCCATTTAGACAAAT,2066
CTTTAAGTACAACGTG,2066
GCAGTAATCAGTCTTA,2066
CAACACAAGCTAAAAC,2065
TGAGACTTAAAGGGTT,2065
CGGGACGACTCCTAGC,2064
TCATAAATAAAAGAGG,2064
AAACCACATGGGAAGT,2063
TCACATGCACGATATC,2063
TTGCGATCTAACGAAG,2063
TGAATTTCAATGTCAG,2062
TTGAACCCAAAAATAC,2062
AAAACTCTATTTGATG,2061
AACCCTTCCGTGCTCA,2061
ACCAAGACCAATGACT,2061
ATTTGAGAGTCTCAAG,2061
CGAGGGAAGAATGACT,2061
TGCCACATTAAGAGGA,2061
TGCTACCCCAAGCGAA,2061
TGCTTGCATCACAATT,2061
ATATAAAAACAGGGAC,2060
CAATAATACACACAAT,2060
CTGGCCAGCGTATTAG,2060
TTCAATTAACCCAAGG,2060
GAAAAAATCAACTGTC,2059
GATAAGCAATCGCTGG,2059
AACTTTTCAGCAATAT,2058
ACTTGCAATATTCATT,2058
CTAGCTTGCAATGGGA,2058
GTCCGTATATGAGCTA,2058
TGGTCTAATCTCAAGG,2058
GCGTACAAGATAATAA,2057
ACACAGAGTCTAGACT,2056
CAAGCGAGTAGACCAT,2056
GCAGATCGCGCATACC,2056
AAACGCCTCAATAACA,2055
AAACGCGCAAAAATAC,2055
AACGGTCCTCTCGAGA,2055
GACTTAGGTCCTTTCT,2055
AATGATCAGACACAGG,2054
AGCGACTGTCGAATCG,2054
CACATCCGAAGCTACT,2054
TAGCCCATGACATCAA,2054
ATAGTATTGTTCAATA,2053
CCCCTCCCACTCCAAA,2053
GAACTATACTGCGTAT,2053
TATACCAACTATCGAA,2053
TTATCAACGAAATACA,2053
ATAGCAAAGGGCCCCA,2052
AAAAGTCCCTAATGAG,2051
ATATTAAATCCACTTG,2051
CATTATACCAAACATG,2051
GACATATTGATTAAAG,2051
TAAGCCGAAGATATAG,2051
TGCATCGCCCCTTTGA,2051
AAAGAGAACCATCAAT,2050
ACACTAAGAACGTAAT,2050
TGCTTTCACCACCCGG,2050
AAACATCCATGCAAGA,2049
CAATGTCAAAAACATT,2048
CAGCATATTTTACACA,2048
AATGAAGAACCGATCT,2047
TAACTCTCTTCACAAT,2047
TTTCCCGGGAGACAAT,2047
GTACTAATGTCACAAC,2046
TTCTATACATCAACTA,2046
TTGGCCACAGACAAAA,2046
AAAAAACACTCAAAGG,2045
AAAGAAGCATGCTAAC,2045
AAGAGCCTCAAGATCC,2045
GTAGGTCTCCCTAGAC,2045
AAGGCGTTAGAGACAT,2044
ATTATTGAGGTTCACA,2044
CACCGTCTGCTCTACT,2044
GTCAACCATAACGATC,2044
TAAGAACGTCAACTAT,2044
TAAGCGTACAGAAGGT,2044
TACATGAACTGAAGGA,2044
TTAGTATCTATCCAAT,2044
AATGGGCGACTGAATG,2043
ATGGAAGATTGACAAA,2043
ATTGCTACACCCTACA,2043
GACTGTCTGGGACTGC,2042
TCCAGCGTAGTATTCG,2042
AGGAGAACATTGACCT,2041
ATTGTATTTGCGCTCA,2041
GTTTAGAGACAGGCAA,2041
TATTAGACAACGCAGT,2041
TCGTTATCACCTTTTA,2041
TTCATATTTGATTTAA,2041
TTGCAATATCAACCCT,2041
AACCATTCAGCCTCAC,2040
AGTGAGTTAAACACCC,2040
TGCACCCACAGAAACG,2040
TTATATGTGTCATGAA,2040
AACCAAACGTAAATAT,2039
CACCGAAAGAGAACTA,2039
GCTAAAAAGCGAGCAT,2039
AAATTTAAAACATGGG,2038
AAGTACTAGCCAGTGC,2038
AGCGGTCGTAGGAGCT,2038
ATCAGACCGATATACA,2038
ATGAAAATAGCACTAC,2038
AAAACAATCTCGAAAT,2037
AGGCAAAACAATTTTG,2037
ATTGAAGACCACCAAA,2037
TTAAATCTAATCACTA,2037
ATAACGTAAGTGCACC,2036
CTGGCGATTAGTACGA,2036
TTCAATTCTCTTACGC,2036
ACAACGCCGTTCTAGG,2035
CTGAAAAGTCCCCCAT,2035
GAATTTAACCATCACA,2035
TGATCGCAATACATAG,2035
TGCACTACGGCAAAGA,2035
TGTATGCAAAACCTAG,2035
ACGACGATTGAGAGCG,2034
CGCTCCCGGCCGAGAC,2034
TACCCGCCTCCCAGCC,2034
AGACTTCCTTTTGTAT,2032
ATTAAGGTCATATCAG,2032
CATCAAAAACTAGTAA,2032
CTATGCAATCACAATA,2032
TGAGATCCACAAAAAA,2032
AATTGTAAGAAAGTTT,2031
AGGTCCTTACGTCCCT,2031
GTACAAGAAATTAGCA,2031
TATTTTAGACGTTACA,2031
GGAATTGACTAACGTT,2030
TTAAAACCCGAGAGTT,2030
AAAAATAAGAGCCGAT,2029
AAAGCTATACTTCACA,2029
ACCAAAGCCGTAAAAA,2029
ACTTACACCCCTTCTC,2029
CACAGAACATACGAAT,2029
GAAACTAAACTACAAT,2029
AACGCTTCCAATCAAT,2028
GGAAGATAAATTCACT,2028
TATGAGTGATCCTAAG,2028
ATGCGTGATAACGTGA,2027
TACCGCCCGTCGAAAT,2027
TTCATATCAAACCAAC,2027
GTTCATGAGGACCTGC,2026
TAATCCGAACGACGCT,2026
TTTTCATGTACAAGAA,2026
AACTCAAAATTAAATT,2025
ACAACGCCAGCAGCCT,2025
ACTGGTCCATTCAACG,2025
AATTTTAGATGAAAGT,2024
ACATAATCATTATACC,2024
AGGTGGAGAACCTATG,2024
ATGTTTACCAAAGCTT,2024
CACTTCTCCAGCAATT,2024
TACAAAATCAAAGTTA,2024
TACCTTGGTCAGGACA,2024
TCCTAGCCAGACCCAA,2024
GATCTAGGTAATTCAA,2023
GCGAGAAAATACAGTA,2023
GCTAGCCGCTAAGAAG,2023
ACCTTACTTTTAGAGA,2022
ACTATAAAAAAGACGT,2022
CAGTTCTTATAAGAGC,2022
CCCCTTCGGTTATCAC,2022
GCTTTTGCGTCAGGTA,2022
GGGCGAGGTTACTAGA,2022
CACAGATTTGGAGACG,2021
CATACAGCACTGAAAC,2021
TCACAGGGACTCGTCA,2021
GTATGAATGGCAGAAA,2020
TCAGTGACGCCAAAGC,2020
AGACCAGTATCTAAGA,2019
AGTAAACTAAGTTACA,2019
GTCTCCGCCCTTTCTA,2019
GTACATCGGTACAACA,2018
TTTCTGCAGGTCCCAT,2018
CACTCAATTGTCGTGC,2017
CAGAAGCCATACAATA,2016
GAAATACTGGGCAACA,2016
GAAGATGAGAAAATAC,2016
AAACAAATCCGTTAAT,2015
AAACGCTTCCCATACG,2015
AGACTACCTAATAATT,2015
CCAACAACATTGCATG,2015
GTCATCGTTTCCGATG,2015
TTTAAAGGATTTGACC,2015
TTTTACACACACGTAC,2015
AGACGCCAACCAATAC,2014
CTAGCTGTAAAACGTC,2014
CTTCGAAACATAGACA,2014
GTACGCAGATACAACC,2014
AGGACATGATGTTACG,2013
GCCAACTCGCACTGTT,2013
TCACCAGAGTCCCATT,2013
TCTATGAAAGACCGAA,2013
AAAACGATGAGTAACC,2012
AAATCGGCGGAAGCTT,2012
ATCAGTTAGACCCTAT,2012
CTGTTTTCTTTTGAAA,2012
ACAAGGTAGTCAAAAA,2011
AGACTCTGTATAAGGT,2011
CTATATTTTGCAAGCT,2011
TCGAATGGATCGAAGC,2011
TGATTACATTTTGATA,2011
TTATCAAGCCTAGCCA,2011
AGATATTCAGGAACAA,2010
CTAGTCACGGACGCTG,2010
GCAATAAACTTATTAT,2010
CTACCCTTCACGTAAA,2009
GACGCCAAAATATCTA,2009
GAGAGATTTGCCACCT,2009
GCTGGCAAAGTAGGAA,2009
GTAATTTAGATAGATA,2009
AACGGACGGGTACCGC,2008
GACCATCGTTAATATC,2008
GGACGCAAAGATTTAC,2008
CCTAATAATATCATAA,2007
ATATGCAGACCGTTAA,2006
CCACGAAGACATACCA,2006
GCTTTGCAATTACTAA,2006
CGGTAACAGTTCTTAC,2005
CTTACCGAAAAAGGAA,2005
GGTGGCGAAGGCCAGA,2005
AAAGCTACGAGTTACT,2004
ACCCTATGCAATGCCA,2004
TTTTGCTGTACGTGCA,2004
CGAGATACACGAAATC,2003
GCAATAGCGTCCTAAC,2003
AGTAAAGATGCCTTTA,2002
ATAAACTACCGTTTAT,2002
CCAACTTCAAAAAGTA,2002
CTGAATCACTTCTCTC,2002
GTAAAAATAACTGATT,2002
GTACATTTTTAACAAA,2002
TGCTCCATGCTGATTA,2002
AATTGTGATAAGTTAA,2001
GAGCCAAATCAAAAAT,2001
GCATAAACCCTAATAT,2001
GTAACCATCCCCTTTG,2001
TGCGAGGAATTGCCTG,2001
CCTCACGTAGGGTTTA,2000
CGCCAGTGTCAACACT,2000
GAACACAATGAAAATA,2000
ATAGCGGACAAGGGGG,1999
ATTATTTAACGTCCTC,1999
CTCGACAAGGGTGAAC,1999
GAGGACAAAAAACGGA,1999
GCCACACCCAATACGA,1999
GGTCTAAGAAATCTAA,1999
TCAGGGCTAAAAGCTG,1999
TCAATAAGAGTCAAAT,1998
GGCTCCCTTCTCGGTT,1997
GTGGATATCCCGACAT,1997
AGATGAAATACGCCGA,1996
CCATAATCCATCGAAT,1996
CGAGTCAAAAAATTTA,1996
CTATAAGAGACTGTAG,1996
AGTATCATCGCTCCCG,1995
GCCCACATTTCAAAAA,1995
TGCATATCTCATGTGA,1995
ACTTAAGTGCAATGCC,1994
ATCCGAAGTTTTAGGA,1994
CGACCAAACTTCTTCG,1994
CCACGAAAATAGCTCT,1993
CTCATATGAGCAAAAC,1993
AGGGCTGAGGCGCATA,1992
CCGATGCAATCTAAAT,1992
TATTCCACGCGACTGA,1992
AATGCATCACATAAAT,1991
AATTGCGTAAGAGAAC,1991
CCTAATAATCTAAGTA,1991
TGAGCAAGCCAATAAC,1991
AACTTAACGATTACTA,1990
ACTGGCCCATGGACAG,1990
ACTTTCTTTATAACTC,1990
AGGCGGTTAGAAAGCA,1990
GATAGCCGCTATTGTC,1990
TAGAAAAAAGACAATA,1990
AAACATTGATCGTCGA,1988
AATTCAAAAGGCATAC,1988
CACACACTATGATTTC,1988
GCAATCTATTAGAATC,1988
CAGCCATTGATTATAA,1987
CATCCCGAAACGGGTA,1987
AAGGCCGTGGCAAAGG,1986
CCAACCTACTTTAGTG,1986
AAAAAACAACCGCCTT,1985
ACAAGCTAACCAGTTT,1984
ACCCTTCTAGAAACAC,1984
CCGTATCACCCATCGC,1984
GACCATGAACCGACAA,1984
AGAAACCCATAATAAA,1983
CCAACTTGCTCAAGAC,1983
GTACACAAATTAACAA,1983
TCAGGTCTAAGTAACT,1983
ATTTATTATAAGGTTA,1982
GCGAGATGACACTAGT,1982
GTGCTTTCGGAACCAT,1982
TACTCGAAGATCCGCA,1982
GAAGTATGCTAGAACT,1981
GTACCACTGGGGAGAC,1981
TGAAAATAACACACAT,1980
AAAATACCATAAAACT,1979
CTAGCAACCGGGGTGA,1979
GGACCGTATAGATTCT,1979
ATAGTTAAAGTACATA,1978
CAAAATTTACTTTTGT,1978
AATCTGACAGGAACTA,1977
ACAGGATTACCAAAGA,1977
CGGGCCTTCTCTTCAA,1977
CTACCAAGGTGTACAA,1977
GTACCAATAAAATTCA,1977
TAATCAGGAGCGCATA,1977
TCGAGAAGGATCTATG,1977
TTGATCATATTTAGAG,1977
ACCGTACTTTATCTAA,1976
ATATTCAAAAACAGTC,1976
TAATATTAGGAGATAC,1976
TTATCCTGTTCAAATA,1976
AACTCTTGTCCGCACT,1975
ACGCATCTTTATATTC,1975
AATAAATGCACACAAG,1974
ATCGTTACCATACAAC,1974
ATGGATAAGTGCCTTA,1974
CATATATTTTATTCTT,1974
CCGTATTTGGCAATAT,1973
GAACGCATAACAATAA,1973
GGGGGATAACTATAAA,1973
GTCTGTGATTACATCA,1973
AAACTTCTAAGAAAGG,1972
AGATTGAGATAGGATA,1972
ATACAAACCGAATAAA,1972
ATCAGACATTAATATA,1972
CTAATCGGGAAGAACA,1972
AGCCTTTGAGACGTAA,1971
CCCTGCATAGCCTTCA,1971
CTTCCTCTGTAGTGGG,1971
GACTTCACTCATTGTA,1971
TAGAAACAGACAAAGC,1970
GAGCGAAAACATGTAC,1969
AGAAAACACATCTGAA,1968
GAGTCCACTAATACTA,1968
TGGAGTAATGCAAGTG,1967
ACACTTACTGTCAGCT,1966
CTGGTTAGAGCCCAAA,1966
TACCCTCCAAATTTCT,1966
ATAGTGACATCCAATG,1965
CCGAGTTCAAGTGGCT,1965
GTAGATACAAACTACC,1965
AAAATACCCCACCCGA,1964
CGTATCGCACTTACGA,1964
AGCCGGCTAGTTAATG,1963
ATAATACCGAAAAAAA,1963
CAAGAACATAAGGTAA,1963
GTACACGGTAGTCTCA,1963
TAACTCGGTTGAGTGT,1962
CGACGGCAGCTAGTGC,1961
TTAAGCGAAATCCAAA,1961
AACGTCCAATTTAACC,1960
CACTTCTAGTGATCAT,1960
GTAGATAAGCCCGACA,1960
AAATGAGGGCGCACGA,1959
ATTGACCAATCCACGA,1959
CGGGAGCGCATAGCTA,1959
CGTTTTAATTGACTTA,1959
GATGATGGCACTATCT,1959
TAATTATTTAATGGAA,1959
AATGGACCATGCTCAG,1958
AGAGAAGTAAACCCTT,1958
CGCGTAAACCCGGACC,1958
CTTAGTACACTCGGGT,1958
GACCAACATAGCGTTT,1958
GCAGTCCTATGAGACT,1958
GTATTCACACCTTTGT,1958
GTGACCTTGGTCGAGC,1958
GTTCAAAATCTTAAGA,1958
TATAAATGAAGAGACA,1958
TATTCCAAGTTAGGAT,1958
CCCAATGAAGTTATCG,1957
CTTACTGAGTGGGAAA,1957
AGACCGACACATAAAA,1956
AAGCGTAACTAACAAA,1955
AATATTAGAACCCATT,1955
CTCAGCCATTTAACGT,1955
GATAATTACATGCAAG,1955
GGGATCCTAGTTTGTT,1955
AGAATGAGAACGCACA,1954
ATTTGATGCCAACGTC,1954
TTCTCGATATCGAGCC,1954
ACCGTAATACGGGGAG,1953
CATTCCAAGGGCTCAG,1953
GGACCGCCATAAAAGC,1953
TATACCAGCAAGAATG,1953
TCACTAATTAGCGCCC,1953
ATGTAATCTTGCGAGG,1952
ATTTCTACCCAGTTAC,1952
CCCGACATATACATAA,1952
AGTAAATGACTATGAA,1951
CACACAATTGTAGATT,1951
AAGTGGGTCCACCAAC,1950
ACAATACAAACAGTTA,1950
CCTTCAGAAATAACTA,1950
GCAGGAAATACATAGG,1950
CCCTGTGTTGGAGTGA,1949
TTACACGAGTTAGCGT,1949
CCATCCGTAGTAAGTT,1947
AGCATACAACTACAAT,1946
ATAAACAGGGAACTAA,1946
CAAGTCTTATTTTCAA,1946
CATACACATGTTAAGT,1946
TAATCCGCTACCTTTT,1946
TCAAAACTAGTAAGAC,1946
ACACCGAAACTAGAAT,1945
GCTATAAAATCTATGA,1945
AATCCCAATTGAAAAA,1944
ACAATGTAGTAGAAAG,1944
AGTTATCTCCAGGTCT,1944
CAATAAAATAGAAGAT,1944
TTTGACCCTGGAGATC,1944
ACAATTGGTCCCGCGA,1943
ATAAACAAAAGATAAG,1943
CTTCTTCGGTCAAAAG,1943
GAGAATTACAAGAGCT,1943
GTTCCATAATCGTATG,1943
TACTGAGAGCACTATA,1943
TGGAATTTACACAATA,1943
AAACTTTAAACTATCA,1942
AAATAACCATATTAAA,1942
AAGCCTTTATTACATG,1942
CTCTTCCCGGAGCAAA,1942
GAACACTTGACCAGAT,1942
GCAGCTCATGGACAAG,1942
TAGTACGGGACAGTTA,1942
AAAACCTCAATTAACT,1941
AATGCAGTAGCACACC,1941
CTTAAAAACAACCTCC,1941
GACAATCCCAAAAAAT,1941
AGTAAAATACCTAACT,1940
CAATATTAGACCGAAC,1940
AGAACACGCTCCCCAT,1939
AACGACAATGTATAAG,1938
AGTAGCCCGCCACCTA,1938
ATAGCATGATATACAT,1938
CAACTGGTGACCATGA,1938
CCTGATCCAAATAAAT,1938
TATACTTGAGGCACAA,1938
TCAAACTCAGTTAACT,1938
GAGTTGGAACAATATC,1937
AAATACGCGACAGAAT,1936
ATTTACGAAATAATCC,1936
CACTAATATGGATCAA,1936
CGTAAGAATAGTGCCA,1936
GAGGCAAAACATTCAA,1936
GTAAAACGAACCCCAC,1936
AAAGTTGAATCAACAG,1935
AGGAGGCTTAGTACAG,1935
CATACTTAATACTAAC,1935
TAGGAGTTCGACAAGA,1934
TGTTTTAATCCATCGT,1934
ACTCATCCTCTAGCAT,1933
GAGATCGGAACCTCAC,1933
TAAACGACGTCTCGAG,1933
TCCTATGCTAAGTACC,1933
TGAAAGATACTTAGCA,1933
TGTCAGCATTCAGGTG,1933
CGATCCTTTCACCCAA,1932
GGAGATGGCAATAAAG,1932
GGTAAACCAATTGCGA,1932
TACGATTTTGGTGGTC,1932
TATCACAGTCATAACC,1932
TGAAATCGGACTAACT,1931
TAGTCCTACTTCCTCT,1930
TCTATTCACCTTTCTA,1930
ACGGTGAACCCAGTAC,1929
ATAAATCACCAAAACT,1929
CATCACTGTGAAACTC,1929
GAGAGCAACGAGAGCA,1929
TAACCGATAACTGCCC,1929
AATCAATATGTAAACT,1927
CGTATTGAGCCCAAAT,1927
GCAGTCGGCAAATTAC,1927
TCCCATCGAATATAAC,1927
TCTTAATTTAATCCCT,1927
TGACACGAAGTAGCCA,1927
AATTAAAGTATTGCTT,1926
AGCAGTATACGAACAA,1926
CAAGTCCAAACATCCA,1926
CTCTGATAAATACAAT,1926
GCACCTGCCTAGGAGC,1926
AAACGAACAGACAATG,1925
AAGAATAATGTAAAGA,1924
GCCCCCTCAGGAGTAC,1924
TTTAACATCAATATGC,1924
AAACGTAATTCGGACA,1923
ATGTTTCCTCCGAGCG,1923
GACCCATAGATATAAA,1923
TTTTCCCGTGCGCAAA,1923
TTTTTAATCTACAATA,1923
AGGTATACCCCCGTTA,1922
CTTTACAGTGTCTTCA,1922
TTCATAACTTACCCAT,1922
AATCCGACAAAAAATA,1921
AGGCAGATTCAGTGCG,1921
CGTTAGTAAAATCGGC,1921
CTTAGGCGAATCAGCC,1921
GAACAAATGTCGCACC,1921
TAGGTGGAGCAAAGAT,1921
TCCCACTATCTTTCTT,1921
TTCTCAAAAAAGAGAT,1921
ATTGTGGGCAATACTA,1920
ATACATGTGCTTGAAA,1919
ATAGAGCAAGCATGTG,1919
CCGATCTTAGAAGTCC,1919
TTTACAAATATAACGC,1919
CAACCCGCCTTCCTGG,1918
CCATACTTAACGTGAG,1918
ATCATCATTTTTATCT,1917
TCAAAAAAGAAAACCA,1917
CGACAAACTGTATGAA,1916
CGCAATGCTAAAAGTT,1916
GAAACTACTAACGAGG,1916
GAATGTCCACTAGGAC,1916
TTCAAGCGTTACACCA,1916
TGGATAACAACAGTAG,1915
CTACAATATATCTACT,1914
TACGCACTCTGATTCC,1914
TTTTTGTGTGTAATAA,1914
AATACAGGATAGGTGT,1913
ACATCTGTCTACCGAA,1913
ATGCCCAATACCTACG,1913
ATGCTTACACTGTTCT,1913
CAGGCTATATAATCAG,1913
CCAAATAAATATTCTA,1913
TCTAAGTCGTGATCAA,1913
CGCAAAGTTCTACTAC,1912
GACTACCATTGCGGGA,1912
TAACCAAAAAGAAATG,1912
AGATTGAGAGCAAAGC,1911
CACTGTGAGTAGTGAC,1911
TCGATCAGCAAAAACA,1911
CGCCGCCCAATATTTG,1910
GAAAGGTGCAAAAGTC,1910
GATAGCTATCAAACAC,1910
GTGTGTTACGTAACCA,1910
TAGCTTATAACAGCCA,1910
ACACATCCCATGGACC,1909
GAGAAAAAAAATAAAC,1909
TACAAAATGAATCTCA,1909
TCTATAATTGTAACGA,1909
AAACACTCCTCGCACA,1908
GCCAACCTACCTAGGC,1908
TCCGCCTCTAATTGTA,1908
AAATCAACGCCGATAC,1907
CAATGACGTGAATGCC,1907
CTCGCTACAAATAACC,1907
TACGAACGCGACTAAG,1906
AACTTACATGAAGTAC,1905
ACAAAATATCTACTGA,1905
ACACATGCAACCGACA,1905
CTAAACGCCTGTAATC,1905
CTTACTATACGATCTC,1905
GACACGCCCGATATCA,1905
GATTACCCTGGAAGGA,1905
GGGTTCTCACACTTAG,1905
ACAGACTCATGTGTTA,1904
ATCGCCGATTGACAAA,1904
CGAACACTAGGCCCCT,1904
TTCATGAGACGCCCGA,1904
AATACGAAATTATTCA,1903
CACCCAACACCCTGCC,1903
CATGAAACGAGCTGAA,1903
CGGCAGAAAGAACCCT,1903
TCGCCTCGGTTAAAAA,1903
AAATGATAAGGATGAA,1902
ACAAACAGAACCTATA,1902
AGTATTAAGTTACTGA,1902
GAATAATCTGCATTTA,1902
GCTTCATAATATTGCT,1902
TTTAATACTTGAAAAG,1902
AGTACCTCCCAAGCCC,1901
GAGGTTTCTGACAAAT,1901
GCATCTGGCTCTGGAA,1901
TGAGTTTAATAAATTA,1901
AGAATCCTATTTCGAA,1900
CCACTCTAACAACAGT,1900
CTCAGAACGCTAAGCG,1900
TTACAGTACAACAGGC,1900
ATCCCTCGTGTTTAAC,1899
CTTTACCATCTTAATT,1899
GACATGCGCCTGAAGA,1899
GAGCACAGGCAAAACC,1899
ATAAACGTAAGGTGTA,1898
ATTGGGACTACGTATG,1898
ATTTAATGGAAAATAA,1898
GATCAACAGAAGGGAA,1898
TACTGACCGACGACGT,1898
GAAAAACGCACCTACG,1897
GTTCATAGATTGAAAA,1897
TATGGCAGGTTAGTTT,1897
CAAATGTTGACAATAT,1896
CTGTCCATCCCTAAGG,1896
TAATAACAGCGTTCAT,1896
TAGCTATAGGATAAAC,1896
AAAATAGCCCTGTGGA,1895
AACGTAGATCCCTTCC,1895
AGGTAGTAACCCGTCA,1895
CCAAGTGTTAAAGAAC,1895
CCCGGCAATAATTAAT,1895
CTAGAATGTTTGATTA,1895
GACCAGAACTACCGGT,1895
ACACTTTGAGACTAAA,1894
CCACTGACTTGCAAAG,1894
CCATTACACTAGTTCT,1894
GAAAAAAGCATAGTCA,1894
GTATAAATGGATGCGC,1894
TACACAAGATGTGAAC,1894
TTCGACTCTGAGGTTT,1894
ACGAAATAAAAGCGCA,1893
CTATTATTACAGGCTC,1893
GAAGATATTAATAGAA,1893
GTCATCTAACTACGGT,1893
GTCTTAATTGACGTCA,1893
TACATTCGACACAAAA,1893
TAGATCCATCTAACAA,1892
ACTGTGCGAATTAAAA,1891
CTAAATATGCAGAAGA,1891
TGCCCAGTAGTGACCC,1891
ACACCCCTAAATAACA,1890
ATTAATCGGGCATCCA,1890
GCGGTATAGCGGCAGC,1890
TGAGGAATATAATCCA,1890
TTAATAATTCCAAATA,1890
CTAACGAACAAGCTGG,1889
TAATTCATTGTCTTTG,1889
ACAAACATTGTCAGCT,1888
AGAGTAACCCGTTTCC,1888
TCACGGTTGGCAAATG,1888
TTTTCTTACATACCCC,1888
ATAAACCCGAAGTAGA,1887
CCGTAACGCTCCGGCC,1887
TAAACAACAGCCTTTA,1887
AAGCTCTTTTGTATTC,1886
ATTCAGCCACAACTTG,1886
GAATGCGCAATCCGGC,1886
GAGAATACTAATAGAG,1886
GCGGCGACTAACAATT,1886
GGGTGAAGGCGCCACT,1886
TCTATTACTGAAAATA,1886
TGATGAGTAAAGAATC,1886
TTCCCTGCGCTCACAA,1886
AGGTTCCAGACGAGTG,1885
GATGAATGTCCATTTC,1885
GCCGCATCCATCAAGT,1885
ACTAAACCCCAGACAA,1884
CCGAGGAGTTCATAAT,1884
GATTTATTAATCGACT,1884
TCAAGAGTACCCTACA,1884
TTTGGGTTAAGCTAAC,1884
GTACTATGTAAAAGAC,1883
GAAATACCCTGAAGCA,1882
TAAAGCGTTGTTATAC,1882
TAATATCGTTAGAAAT,1882
AGATAGCGTGAAAACC,1881
AGGGCTGGACCCTGAA,1881
ATTACGTTATGAGCCG,1881
GGAGTAGAAACATACG,1881
AACGCTATAACTTTCA,1880
ATCGTGGCTAGACAGG,1880
GAACCTCTATGCGAGG,1880
GATTCTACACCTAACC,1880
TATACTTACACCCGTA,1880
TCTGACATATCGTCGC,1880
ACCCTGCAAAGCCATC,1878
GATTAGTCAAAAGTAC,1878
TGACCATTAAATTGAT,1878
TTATGGTCATTTCATG,1878
AAACCAAAAGTTGAAT,1877
AACCAGTCACGACAGA,1877
CACAAATTATATATTC,1877
CCAACATAAGTCATAG,1877
CCTGTAAACACATTTG,1877
CTAAAAAACGGCACGG,1877
TCTATCGCCGCATGAC,1877
TGAAAATATAAATTTT,1877
TGGGTGACAAGCTAGT,1877
AATCACTAATCCACCC,1875
ACCGAACCTCACACCT,1875
CAAACAACATTAGCCC,1875
GAATAATAATTCTAAA,1875
GTCCAGCCACTAATAC,1875
ACTGGCATAAGACTCC,1874
AGGGGATTCGCGGAGG,1874
GACTACTACTAACCCA,1874
GATATACTTAATCTGG,1874
TATACTACTCCAACTT,1874
TGACATATTGTTTACA,1874
TGCCAAGACCGGAGCT,1874
CACACCCTTTGGAATG,1873
TTCATCAATCCGCTTC,1873
CCGTAAAACTAAGGGA,1872
GACTTAAGAATAAAAA,1872
TTATACTAAGGTACCC,1872
ACTTACTGTGATTAAA,1871
ATCCATCTGCCCCGCT,1871
TAACAGTACAAGATTC,1871
TCGGGTCTCAACGCAA,1871
TTCGACCATTCTCGGT,1871
CAAGGGCGTTCTCTAC,1870
CTACCTCTGGATCACT,1870
GATAAGACTTAAAGCC,1870
TTTCCTCGTATCTATT,1870
AAAATATAACAAAATA,1869
AAATTAATTATAACAT,1869
CCAGGAAGGCCCGCTG,1869
CCCAAGATCATTACTT,1869
CTAAATAGGCTGCACA,1869
TAAAACAATTCCATCT,1869
CCACAGCGCTGCCAGG,1868
TTTTTATTACCAGTCA,1868
GTTCGAGTTAAAATAG,1867
TTCACCCTTGCACGTA,1867
TTTCAGTACATGCTCG,1867
CTCGGCGAAGTAATTC,1866
GCACGAACGTATAACA,1866
ATACCATAAGCAAAAC,1865
CAGAGGGCAAACAACC,1865
GTAATCCGAAACGCAC,1865
TGCTGACGACTAAAAG,1865
ATGCTAACTAGATTAA,1863
GTTAAGTGCTGCGATT,1863
ACGTTCATTAAAACCC,1862
CAGATGAACTTAAAAC,1862
TACGAATCGTGATATT,1862
AAACTCACATGGTTGA,1861
AACGAGACGTACTGAA,1861
GTCCCACGATAATCCT,1861
TAGTGATCAACGGATA,1861
ACTTTTCGCGAATTGT,1860
ATCAACGAAAAAAGGT,1860
CAATGAACCGAACTCT,1860
GAATCACTATAGTACC,1860
TTAAGACCCGTTAAAA,1860
TTGAAAGATATTGCTA,1860
ACAGACCGATCCTTAG,1859
ATCACACACAAGCACC,1859
ATGCTATCATAATATA,1859
CAAGGCCCAACCCCAT,1859
TAAGATCCCGACCATA,1859
AAATAATTGAAGTCAT,1858
GCAAAAAGTCGAATCG,1858
TTTGACTATCTATGAA,1858
AACTTTCTAGCTTCAA,1857
GAGCGATAGAGGCGCA,1857
TCCAGCCATCCAGATT,1857
TCTTCCCCAGGATGCG,1857
TTACCACCGATAGTTG,1857
TTGCAAAACATAGCTT,1857
ACCCGTTCCGTAGATG,1856
ATTGTCTTAGAACAAC,1856
CAAAAAGCCCCGTATA,1856
GATATCAACCCAACAA,1856
TACGATAAGAATGAAC,1856
TCAAGAGCCCAATGAA,1856
AAATAGTTGAAACACC,1855
CAGACTCCCTATCTCT,1855
CTCTTAACGGCATCCT,1855
TTCGATACACTACAAA,1855
AACGAATACTAACCGA,1854
CATTTATAGTAAATTT,1854
TCTAAGCCGAAGACCG,1854
TTCATCGAATGACACA,1854
GAACCACTTTAATAGA,1853
GAAGCGTAAAACAGCA,1853
CTCGTAATATGGATTC,1852
GCAATCTATCATTAAG,1852
AAACACTCTTGTAACT,1851
GCACAACTACGAACTA,1851
GCAGTGCATCCAAAAT,1851
GTATACTTACATTAGT,1851
AGAATTACAGAAATAT,1850
TGAATAGAAAGCCAGG,1850
AGATATTAACACCGAA,1849
CTAAATAGACATCTCG,1849
GAAATGACGAAGACTA,1849
ACAGGACGTATTTCGC,1847
CAATTAGATAATCCAA,1847
CATTTGATAATACTGT,1847
TGCTGTCGAGGGGTAA,1846
ACGAGGGGCTCTCATC,1845
AAACCCACCATAGTAT,1844
CGCACACTAATTCGCA,1844
GTGAAATAAATCAAAA,1843
TGTACAACTCAGGGGG,1843
TTAGCAGACCCACGCC,1843
GTTGCATGCAGAACGC,1842
TAGTTTAGAAGATAGC,1842
TATATAAAACAAGAAC,1842
TATGAGTTCCCAATAC,1842
TGAAGCATATTAAAAG,1842
AACGTGTAAATCCCAT,1841
GTATAAATATGCAATC,1841
AGAAACAACTCCTAAA,1840
AGACAGGTATTTTCGC,1840
AGATGTCATAGTCAAA,1840
GTAAGACAACCATCTA,1840
AAAAGCCCTTACACTG,1839
AACACCTACATGTTTT,1839
CCACAAAAAGCACCTT,1839
TAAACGACGGAAAACC,1839
TATCCAAAAGATCAAC,1839
AAACCTTAATTTACTA,1838
CAGAGAGACTTACAGA,1838
GAATAGTTTAGTCAAA,1838
TCAAGTAGTGTAATTC,1838
TCACTATCCACCAAAA,1838
ACGGTATATACTCGGA,1837
CATTTGACTTTTTTGG,1837
CGAAATACATACAGTC,1837
AACCAATACATCAGGA,1836
ATTCACTTGTCATTCA,1836
CCGGGGAAACACTGTG,1836
CTTGTTTTAAGTAAAA,1836
GAGAAATTACTTCCTC,1836
TAGAAATAGACCTCGC,1836
TTTATCTCAGCAGGAT,1836
CGCTGCCATTAGACAC,1835
GATCGTAATTATGACT,1834
TACTCTGAGCGGCGGT,1834
TAGTTTTCAAAAATGG,1834
TGGGATACATACTATA,1834
AGGAAAATAATAAACA,1833
CAAGTTAAAACAAGCA,1833
CCCTACGCTATAGCAG,1833
CTTAAATACTGAGTAA,1833
AATGTTACAAAATACA,1832
CATAGTGTGGTGGCGA,1832
GATAAAACAAAAAAAA,1832
GCGTATATTCGAATAA,1832
ATTAATTTCGTCACAA,1831
CATGGGCTATCTCTAG,1831
CCACTACGAAATAAAT,1831
GCAGTTGCATACACTG,1831
TAGAAAAGCGAACGTA,1831
TATAAACAATTATGAC,1831
AAAGAGACAATAACGT,1830
AAATAGTCGTGCGACC,1830
AACAATCTAAACCGAT,1830
AACTGAGGTTGTGATC,1830
ATATAATGGCTCGTTT,1830
ATTGTTTATCAACGAT,1830
CAACTGGGTTTCGACT,1830
CCCTGGCCCATTACCA,1830
GAGCATTTAACGGTAT,1830
GATCAGCTATAAGTAA,1830
TCTACAATGAGCGCCA,1830
AGGTACAGGGAGGGCC,1829
ATATGAAGTCAATTGG,1829
AGATTAGCTCTGTGAG,1828
TTAGGACAATAGTCAG,1828
AAATAGGTCACCTTGT,1827
ACCAAGGTACTAAGCC,1827
ATAATTCTTTGAACAA,1827
ATTAGAACAGATTAAA,1827
CTTGTCCGAGAGCTTA,1827
GATTATAAATGAATGC,1827
GTAACATTGTAATCCT,1827
CCGTCAATACCCTATA,1826
GATACTCCCTGGATAA,1826
GCAGAGTGTGGGTTTC,1826
GCTATAGATGACATAT,1826
GTCAAACAGCCCACTC,1826
ACGAGAGCAGGGACTT,1825
ACTTACAGATATATTA,1825
AGCGTCACTTGTCTAA,1825
CCTGAACAGCTATAGC,1825
CCTTCGAAGATGCATG,1825
CGGTGAAGAGTCAATC,1825
TGTCAATCGGTTATCT,1825
TTCCCATCCCCCCTAA,1825
AATCCATCTTTATCGT,1824
ACACACTATAGAACTG,1824
ACACGACAACTATAGG,1824
CCATTAACATTTAGCA,1824
CTATGTGCACAACCAT,1824
CTCTGAGCATAAACAT,1824
GGCTAAATCGACGTAG,1824
GTAAACCAGTCACTAA,1824
AAAAATCCCCCGAACA,1823
AGGCTTTGTAAGCCAA,1823
ATGCAATAACCAGAAA,1823
GACAGTATCTATTAAT,1823
GATTGTTATCATGTGG,1823
TAAGAGCAACCAAGAA,1823
TTATCGTAACTATGTG,1823
ATATAATATCCGGCGG,1822
ATGACCGATAGCGTTG,1822
CTAGAATCGTTGCATC,1822
CTATGAGTTAACGATA,1822
CTTTTATGTCACGCTA,1822
GAAAGACATACGGGAC,1822
GTAGACCCCGTATCAC,1822
ACCCAATCCCGCTCGA,1821
GATGGGAGTCTGTCTG,1821
TATCTCCTATAATGGC,1821
GAACTAATGCGGTACC,1820
GATATCCCATGAAGAA,1820
TGATGTCCCACCAACC,1820
TTCTAATTAAACCTGT,1820
GTCATTAGCACATGAA,1819
AGGATGGCCGGTCTCA,1818
GCGACCCTTAAATCCG,1818
TAAACTTTGCGGAAAA,1817
TTAACAGACCAGACTA,1817
ACATGGAACGAATACT,1816
GGATAAAATGTCCCCG,1816
GTAAAGCGCGGGGCCA,1816
TACATTGGTAATGGAC,1816
ATAAGCAAATACGAAA,1815
CACGAATAGATGACAA,1815
CTACATAATATTGATA,1815
TCATTACGACTTACAC,1815
ACCCTTAGAACTACAG,1813
ATGTGTATAGTATAAG,1813
AACATTACGAACTCAT,1812
ATAAATGGGTAAAAAA,1812
TGCATATCGTTCAGGC,1812
GGGAGCTCTAACGGTA,1811
TCAAAAGACAGATATG,1811
AAAACAGCATAACCGG,1810
AAACAAGTTACCCACA,1810
TACGAAAATCGTGAGG,1810
CAGCGAAGGTGATAAC,1809
GATGCTGATGTTCATA,1809
GTAAAATTATGCAGTT,1809
AACCTAGAAAACATAA,1808
ACTGAGAAATATAGCG,1808
GAGCTAACATACACTC,1808
GTGGTATCACTGACCC,1808
TAAAGATGCGAAGATA,1808
TTTGCAGAGATTGATC,1808
AACATTATTAGAGGAT,1807
AATTGTCGTTCTCATG,1807
ATAATCAGGAAGGCTT,1807
CTCACCTAACCGTGAG,1807
GGTTACTCATCAAAAC,1807
AAGACGAAGCCATTAT,1806
GCCACTCTGTAGCCCG,1806
GTTGAGGAAAACGTAA,1806
TAACTAGTAGCTAGTA,1806
AGGCAGAATATTTAAT,1805
AGTACAAATTTATAGT,1805
TGAGAACCGCAGTACC,1805
TGATCTCTTAACCAAA,1805
TTAGGGCCATGACCTT,1805
CAGGAACGTACGAATT,1804
GACAAGAGACTATAAA,1804
TGTCATATGTCGTGAA,1804
TTAGTAGCCGACGATT,1804
ACAAAAAACTAAACAA,1803
ATGACTTCCTTACATA,1803
GGTACAAAGATAAGTC,1803
TCTGTTCCATTGTGTA,1803
ACACTAGCTGGGTTAC,1802
ATACTTGAAACAAAAT,1802
TAAAGAGGTAGACCAG,1802
TATGAGCTGAGCGAGA,1802
TGCCTGTCACTCGCAT,1802
AGCCGACATTAAATAT,1801
ATACATGTATACTTCC,1801
CATTAACAAATGCAAA,1801
CGATATAACCATCGCT,1801
CTCAGCAAACCGAAGC,1801
AGAAAACCACAACTCT,1800
CTTCTGAATTTCCCTT,1800
GCGTCAAATCTAAAAG,1800
TAAATAACGACCATGT,1800
TTTAGCGCATCTGTAG,1800
GATAAAAAAGGAAGGA,1799
TCACGGCTTAAGTCCA,1799
AAACGTTCTATTTACA,1798
TCATGTCGAATGAATA,1798
CTTTGAAAAAAAACGG,1797
GGCAAAAGAAAGCCTT,1797
TACCCCAATGCTAATC,1797
TATAAAACCAGATAGA,1797
TGGGCGATAACACTGT,1797
AATGTAGACATTGCAA,1796
GTCTCACCATATTTTA,1796
TACGTATTGACATGGG,1796
AAGTTTTTCAAGGTTG,1795
ACTAGAACACAAATCT,1795
AATAGAGGCACCGTAA,1794
CTATAGCAATTTAGGA,1794
CTCACAGACACATAGA,1794
TCATGAAAAAAAGATC,1794
TGCCTTTTACCTGCAA,1794
ATATTGAAGACGATCG,1793
CGGCTACAGATACCTA,1793
TATAAAATTATGTCTA,1793
ACCAGAGATCAGCCGA,1792
CAATTAACAGTTAAGT,1792
CATGCAGTCTGTAACC,1792
GACGGGCTCTTACCGT,1792
ACATGCGTGATCAGGA,1791
ATTCGATTTAAATTCT,1790
CAGATTCCGACGACAA,1790
GAACACGAAATACAAT,1790
GAACATGTAATCACTG,1790
GAAGAAGTTCGACATG,1790
GATCCTTAGATTACTT,1790
GCGCGTTGCGGGCGAA,1790
TGAGCCCTTAAGCCAA,1790
TGTTGAACCAAAACGT,1790
AAGGATTGAGCCCGAG,1789
AATTAACAACGGCTTA,1789
CAGCAGTACTAATATT,1789
TAGAAGGAGCATGCTA,1789
AATATTAAGATTGCGA,1788
CAAAACTCTAACATTA,1788
GACAAAATCTGTCAAG,1788
TGCCTAACACCAATAC,1787
TTAGCATCAGTTAAAC,1787
TTATATGACAAACCTC,1787
AAACTAACAACTGAAG,1786
AATGGTTTTAACCCAA,1786
ACCGACCTAGGCGTCT,1786
ATGTATGGAAGAACGT,1786
CCAGAAATTTGCAATC,1786
GCCCCAGTTACCTACA,1786
TCCGACCGTCCCAACT,1786
GAACATATGACTTTAA,1785
GCGTAGGAAGGTACTG,1785
GGGATTTGAAGGAATT,1785
GTACATTAACTGATCT,1785
CACTTAGGCCCATACC,1784
CCGTTGCCGAGAATTT,1784
GGAATCAGACACGGCT,1784
TAACACTGTATTCTTC,1784
ACCCCAAGAAGCCACA,1783
CTCCATCAAGTAAGCC,1783
TAAATCCTTATCGTTA,1783
AAACATCGCAGAATAT,1782
CTCTCGACAAGAAACC,1782
GCTAAAATTAGATATC,1782
ATTTCTGAGACGTTAT,1781
CGAAATGATGACTCTA,1781
TACCCAGCATTCAAGA,1781
TTAACAGCTCAATCCA,1781
AGGACTTCCCTACCCG,1780
ATACTATAAAAAAAAA,1780
CCAATTGAGAATCGCA,1780
TACACGTTATCGTATT,1780
TCACTCAAGTCATATG,1780
AGATAACAATGAGACG,1779
AGATAAATGTGATCGA,1778
CAATACTCTGTTTCCC,1778
CATGATGGCAAATGAT,1778
CCAGCAATCGCATTTA,1778
TTTTCGTCCCGCATAA,1778
AAATCCCTAGCAGAGA,1777
AGAACCGGGCCACACG,1777
TATTCAACTTCTTCCT,1777
TTATCAACCAAAATTA,1777
GAATTTATCAATCTAA,1776
TAAGCCGATGAAGAAC,1776
TGCACAATTAAACTAT,1776
AAAGCTTATATACAAA,1775
AACCATCGATAACATA,1775
AATTCATGCGATAACA,1775
ACATTTCAAAAATTCT,1775
ACTAACAATAAAAGTG,1775
CAAGAATATGGTACCG,1775
GACACAAAATTAATGT,1775
GAGGATAAAAGTAGCA,1775
ACCAGACTCTACACAT,1772
CCGTAATGTGCAATTC,1772
GAAGTGTTGAGCAACA,1772
GCTCGATAAATTGTGT,1772
TCTCCTCAAATCACAC,1772
CCATGTCGATTTCACA,1771
TATGAGCAAGAAAGAA,1771
ATTGCGATCATGATCC,1770
CATCCAAGTCACGCTT,1770
TTGACCAACAAATTAG,1770
ATGCGAAAGAAATACA,1769
CAACACTTTGGAAACA,1769
GGATCATTTAATCCTT,1769
AATAAAGCCCATTACA,1768
ACCGACATCATCGTAT,1768
GTCTTTGAGCCAACAA,1768
AAACACAATACGAATG,1767
AACAAGTAAGCGAGAG,1767
AGCATTAGACTGTAAC,1767
CACGAGTATTCTATAG,1767
CAAAAATGCTAGACAT,1766
AAAATCCGAGACATAT,1765
AATGAGCGTTCATTCA,1765
CGATGGAAGGCCCTGG,1765
TAGATCATATCAGCTG,1765
AAACCTTACCTCGACA,1764
ATTACTCCCGGTAATA,1764
GTTATGTCCCACAAAA,1764
TGGAAGGAGTAAAATA,1764
AACAGAACTACCTTAG,1763
AATGAATAACGGAAAT,1763
TGGAAAACAATATTGT,1763
ATATAACTGCACATAC,1762
CACATGCACAACACCA,1762
GTCAAACGCCTGGCAC,1762
TAAAAATGCAACGAAC,1762
TGAATGCCAACAGAAG,1762
AGCGAATTTCCCACAT,1761
CTGTCTACGTAGAATA,1761
CAAATCTGTACGCTGC,1760
CGCCGATGCCATCCGT,1760
CTGAGCGAGTCCACCA,1760
GCAAAGACATCCCCAA,1760
TACGCCTTATCCACAC,1759
TTTAATCAAGTGCATA,1759
TTTTCCAAATTATGGA,1759
CATCACCGGATACACG,1758
GGTATACGTCAAAAAA,1758
TCTCTGATAACTAGCT,1758
ATCCTGTTTCATGAAA,1757
ATGTCCCAACTAAAAA,1757
CGATCGCGTCTTAACA,1757
TCAACGCTCAAATTGA,1757
TTGACAGATAGAAATT,1756
AATGAGCGATCAACCA,1755
AGTGTACCGTCTACCA,1755
GACGGAGGTAGAGTCG,1755
AACAGCTAAATCGCAT,1753
AACTATTATCACATGT,1753
ATGCAATCCGTAAATA,1753
CACTCATAATATGGGC,1753
CTCTATGAGCAATTGG,1753
GGTAGCCCACCTCTCC,1753
TAGAATTGGTAGACAA,1753
AACTCTATTACAGATC,1752
ATATTAGAAGACCAAA,1752
CAATTCTCCTCTCTGA,1752
GCAATCCATACATATA,1752
TAGCTCAAGCACCAGG,1752
TGCCTCCGACGCTCAG,1752
ACCGAACCTCGACAGG,1751
AGTCCAATGATACGTG,1751
CGTAATGGTAATGCAG,1751
CGCAATATCCAAAACG,1750
CTCGTGGTAGCTATCA,1750
GCAGGACCTCTCAACA,1750
TACAAGACTTATTCCA,1750
TGAGCCGAGAGATTGA,1750
AAAATACCCGCAGACT,1749
AGTTGACTGATTGGAC,1749
TACAAAATGCGACTTA,1749
AAGGAAATCCACAGGA,1748
AGAGAGAGTTCCCCAG,1748
ACAACATTATTCGTTG,1747
CGTACTGCTGCGTCGA,1747
GCCGCTAGCCAAACTC,1747
CTGGTTCACTACTATG,1746
AAGCATCTCAAAAACC,1745
AAGGCTTAGGAACCGG,1745
ATAATTACCTTCCGAA,1745
ATTAGAGCAATAACCA,1745
CCCGCTAGTATCCACA,1745
GTCATATCATTCCGAA,1745
AATAACCTTTTCTGTT,1744
CTATAACTCAGGTATA,1744
TTCTAAGGAACGTAAT,1744
CCTTAATTCTCCAGTC,1743
CTCGCATAGAAAACAG,1743
GACTACTGACAACCAG,1743
GTATAATGTGACAGCT,1743
CAAAGCTAGTGCGAAT,1742
GGCAAGCTTATGTCGT,1742
TGAATACAATGTTAAA,1742
AGAATGTTAAAACCTG,1741
CAAAGAAGAATCTCGA,1741
GTAACCCCCACCCACT,1741
TATCTGATGATTTCAT,1740
TCCATTTTAAACAGTC,1740
AAGACAGGACATGATT,1739
CCAATCTAGAGTGGAG,1739
ACCGAGCAGCATATTA,1738
ACCTCACGACATCTTA,1738
ACGACCAAGCTTCACT,1738
CAAAGTAAAAAACCTA,1738
TCTAGCAAGGTAGTAA,1738
AGGACAACTATAAGAG,1737
CAGAAGTTATTAAAAA,1737
GAGTGACCAAAAACCA,1737
ATCTCAAACAAAACTT,1736
CAGATAACCCGTAATC,1736
CATAGGATCGGAGAAT,1736
GTAAAAAGATCACCGA,1736
TATACAACCTCTACAA,1736
AAGAGAACGTTAGACA,1735
TAAACTTATCGAGCAG,1735
TATTATATTCAATATC,1735
TCCGAGCATCTGACGA,1735
TGCGAAATATCTAAAG,1735
TTGAATCTACCGTCAT,1735
TTGACGCGAAATCTAG,1735
AATGTCGGCTAAATGG,1734
TAACGCAACAGACCAT,1734
ATAAGGTAATCTAAAA,1733
GAGATCACCAAACTAA,1733
AATTTCATGCTCACAT,1732
AGACATGACAGGGACC,1732
CCGGACAGTATAAGAA,1732
GTTCGCGAATACTGAC,1732
TAATTAAGCGCACTTA,1732
AACTTCAGGTAATACC,1731
AAGCGTATTGCGGGTT,1731
AATTTCAATGTAATAT,1731
TACAGCCGGCAGAGAT,1731
TAGTTAAACACCTAGT,1731
TCGAAACATACCCAAG,1731
ACGCGGACCAGTCATT,1730
ACTGTAAGAAATAATA,1730
CGAAAACATGAAAGGT,1730
CGGAACCGGGTGTCTA,1730
AAGCATGGCAGTTAAT,1729
ATGATTCATCTAGTCC,1729
CACTGGCCTTGCCTAA,1729
AAAGGTAGAATCAACC,1728
AGCATGTAAAGGCCTA,1728
ATGGCTAATATTGAAA,1728
CAGCAGCACTATTATC,1728
CTTTGCGCTTATAAGC,1728
AATTCCACCACGTGAA,1727
AGGGCCATACTGCAAG,1727
ATTACAAGCCTCATAG,1727
CAGGCTGCTAGTCTGG,1727
GCATTTTCAAAAAATG,1727
ACAAGGCACTTGGAAT,1726
TATCATTTACAATAGA,1726
TGCGTTATAATGTTAT,1726
TTGCATGCGTACCATA,1726
TTTTGCATATGAAGAT,1726
AATACTACACACCCTG,1725
AATTATGGAAACCACA,1725
CGTAAACAGTGAAAAC,1725
CTAAACATCAATCCCA,1725
ACTAGGCCTTGTTCAC,1724
AGACTATGACATAAAA,1724
CGATCTATTCTGCACC,1724
CTGATGACTATGAGCC,1724
GTTCTCTTCATCGACA,1724
AAACTGCAATAAGACT,1723
CAGCCATAAGTTTAGA,1723
CCGCAAATAAATCCCA,1723
CTACAAAATAATAGAT,1723
GATTGCTGCCATGTCC,1723
GCACTATAAGAAACTC,1723
TAATAGTGGGCATAGA,1723
TACAAGCCTTATCGAT,1723
TCTCCCTGCTGGCCCC,1723
AAAAAAAGTAACATAA,1722
AAGTGGACAATGGCTT,1722
ACAGGTGCTCTAATAA,1722
CATTTCTCTCAGGGTC,1722
GACTGCTTAAATATGC,1722
GCCTGATAGAAGATCA,1722
GGAGCGATGGATAAAT,1722
GTAGTGAGCAAGTCAA,1722
AACCACTATGATTAGG,1721
GGCACACAAAGATCAC,1721
AAGGATATGTGACTAC,1720
AAGTAGTATCAGCTTC,1720
CAGTGGCACATATCCC,1720
CTATCAAAAACAGCCC,1720
AAAATGGCTCCCAAGC,1719
AGTTACATTAAGTGTG,1719
CGTGCACGATAATCTT,1719
TAGTGACTACCGCGGG,1719
CAACAGGGCAACTCAA,1718
TAATACCGCACTATTA,1718
TATAACACAGGCCCGA,1718
AGCTGAACCACACCAT,1717
CACTTAGTAAATATAA,1717
CTAATTATAATTGACC,1717
GAGTGCGCGAGAGTAT,1717
TTCGCATTTTTACTAA,1717
AATAACTTGGACATAG,1716
ACGATGGTAATAGGAT,1716
ATCAAAAAGCCAAGCC,1716
ATCACCTCGTCCCATC,1716
CGCATTAGTTCCTATC,1716
CAAAGTTGCAACAAGT,1715
TCGCATAATACCTGAA,1715
AACAGAACGAGGGACA,1714
CGACCATTTAAACATC,1714
TAATACATAATTTTTG,1714
TATCATGAATATTTGT,1714
TCGTATGCTTTAACCG,1714
ATATAAACCCGTACAT,1713
CAAGCACTTTTTCTTT,1713
CGGCGGAAGCAAACAA,1713
AAAACCGACTTAATTT,1712
AAACCAACCATTACCT,1712
ACTGGCTTTGATTAGA,1712
ATACAGTAACGCCCCC,1712
ATTAAAATCCAAAATA,1712
CCACACAGCACATAGA,1712
AGTTGCCCTCCCAGAT,1710
CTCAATCTCTCCGGCC,1710
GAGTCACTATAACGCA,1710
GTAGATTATGATAATA,1710
CTACTATTTTTTTACC,1709
GTAACCGGCAAATATC,1709
AGTAGTCCTCGAACCA,1708
CAAAAAAGACGATAAT,1708
CAATCAGACCCTGCTA,1708
CGGGCAAAAAGCTTCA,1708
CGTGAATGTTTCTCGT,1708
CAGAGATAATTTGCTC,1707
TCCAACATCAGATGAG,1707
AAAAATATGATATCTA,1706
AAGCAGCCCCGCGTTG,1706
CGTACACTATTGCTGC,1706
ACAAACAACACAATTG,1705
ACAGGACTAGCTATGA,1705
AGTTCCAAGCATGTAA,1705
CAAAAGACACATATAG,1705
CACTAAACCAGCCTTA,1705
GAAGAGGCCATAGATG,1705
GTGACTAAAGGATTAT,1705
TTAAAAATTTATGACT,1705
CCAGTAAGTATACAAC,1704
CTACCTTCAACATTCA,1704
GTAACAATTATATCAA,1704
TTACTTAATGAACGGA,1704
AAAACTACTAGCTACT,1703
AAATTACCAACACCCG,1703
AGCAAATTCGTCATAT,1703
CAGACGACCTATCACA,1703
TCCGCAGTGCCCTTCT,1703
TGACAAGCAACGCTTA,1703
GAACCATATTAAATCA,1702
GACCCCCGCATACTAT,1702
GGTAGAAAAACACAGA,1702
GTCCCAATCCATTCTG,1702
TGTTCATGCAGAGAAA,1702
AACACACATAACGCAA,1701
ATCCAGAATTGATTTA,1701
GAGAATAAGTCCATAC,1701
TGCTAAGTCTATCCGA,1701
TTAGGCGTGTAAACAT,1701
TTCTCACCACCAACCT,1701
AGCATAGTACCGTTTA,1700
CCGGGATCTTAGTTAG,1700
GAGAACCCTTTCGACT,1700
TAGGCGATCTAGTTAA,1700
TGTGGTGAACTGGGTG,1700
AAAATATCCTTAGGGA,1699
ACATAGAATATGTCTC,1699
CGTACAACTTGATATT,1699
CTTTCTCTTACCAACG,1699
GTGTATTCCCAATACG,1699
TGACGTACCGCACCTG,1699
AACAGAAGAATTATCA,1698
ATCAGAGTCAGCATAA,1698
CATGAAACCTACATAC,1698
GCATTCAAACTTACAG,1698
GTACAACGGCACATTA,1698
AAATGCAATATTCCTC,1697
AACAATTAAGATCAGG,1697
AAGCTAAAAGATCATT,1697
AAGTTAGGTAAAACCT,1697
ACAGACTTCCTAACGA,1697
ACCATCAACTATCTAC,1697
AGAAAGGGTTGTCTTT,1697
GCTCCAAACAAACAGG,1697
AAATACAAAGTTGAGA,1696
GCTGCTAATTTGAAAT,1696
TAACACCCAGAAGACC,1696
TCTGTTCAACTCCGTA,1696
TGCGATTGATACCTGC,1696
TGTTATAACACAGGCC,1696
AAAACTGCGATCAGTT,1695
AAATCCAGCCAAACAA,1695
AAGGGAACGACAAAAT,1695
CAATGTAGGAGGATCA,1695
CCGTCTAGCCGAAATA,1695
GGCGAACTGAACCGCA,1695
ACTGGGACGGCATCCA,1694
AGACAACATATTTTAA,1694
CAACTATGCCTAGCCC,1693
CCGCAAGATAAAAATG,1693
CCTACTTCAATCATTG,1693
CTACCACCTACTTCGA,1693
GTTAATAAATCAAGAC,1693
AAACACCCAGAAAGAC,1692
AAATGAAATCAACATG,1692
AAATTAAGAATGACAT,1692
AAGCAGTAGTCCACAG,1692
AGTAAAAGGGGTATAA,1692
CACAATAGGCTGGCAA,1692
CGTCTAAGGTGTGCTT,1692
GCACATACAACGCTAT,1692
GTACTTGTCAATAAAG,1692
GTATAAACTAGTACCG,1692
ACTAAAGAACCAGTCC,1691
CATCTACTAAAGAGAC,1691
CGGGTAAAATCCTGCT,1691
GGAGGTGTCAAGGCCA,1691
TAATAACCCTCCTGTC,1691
AGACCGCCATAAGATG,1690
CAACCAATTTCCATAG,1690
AAACAGAGGAGCACCG,1689
TGACATTGCTTGAGAC,1689
AGCTAAACACACGGTA,1688
AGGGGATTGGAACGAA,1688
GAGTTAGCCGGAATAA,1688
ATGCAAAATCATAGCA,1687
CTAAACTGTTCACCAG,1687
GTTGAATTAAAACATC,1687
TCTAGTAAGGCGTACG,1687
AGAGCGATACAATTCT,1686
ATAGAATACAATAACA,1686
GCATAACTATGAAACC,1686
GTCGATATACACACTT,1686
AAAGTAATATCCCTCA,1685
CAGTCACAGGACAGGT,1685
CATATATTTCTCTACA,1685
TTTATTACTCAAAAGA,1685
ACTAATCGCTCCCTGT,1684
CGTCATTGATTAGCAG,1684
AAAACAAGAGGACTAT,1683
AATGCACTATGCCTTA,1683
TATTAAAACGTCTAAA,1683
CAAGCCAATACTACCT,1682
CTCTGAGTTTTGGCTT,1682
TCGACATTTTCGGACT,1682
TGACTATAAATCTGCA,1682
AACGCTTGAGTATACA,1681
CTGGCTACTTATCACA,1681
TAGCTATGAATTAAAA,1681
TGGTAGCAAAAAAGAT,1681
ACACAATTCATCAAAC,1680
ACTAGTTCACGCATCC,1680
ACTCGCTGATCCGAGT,1680
TGCTGCTGGGGCAGGC,1680
TTTTTGATGCCTACAG,1680
AGCAAATTGACTGTTG,1679
GATCCGGAAATCTGCC,1679
CACAATAACCCCCTCT,1678
CATAAGAACTGATTTG,1678
CCCCTAATCAATACCA,1677
CTCCCAAAATACGATG,1677
GATAACACATAATAAC,1677
AGTATATGTTAAAAAC,1676
GAGTAATGAATCCTCT,1676
GCCAAGAAAAAACAAG,1676
TGCTGTTTGGAACATA,1675
ATTAAGGTTAGGTAGG,1674
CATCGACAACCCAATC,1674
CCATTCGCCGATTCAA,1674
GCCGTCGACGTTGCCC,1674
TCGGCTTGAGAGCCCC,1674
TTTTTAGCTCAGATTT,1674
ACAGTACGCAGCCTGG,1673
CTTAATTAGACCTAAA,1673
TAGGTAGTTAATGATG,1673
TCACTAACTTAAAAGC,1673
TTGATACACGAACACA,1673
AAACAGTCGGAAAAAA,1672
CAGATACGGGCATTCG,1672
CCATACTCATGTTGCT,1672
CTCTTATTCAGATTCG,1672
GAAAAAATAAGTTGCC,1672
TTCGTTTGTTTCCGCA,1672
TTTACACACTCTTGTT,1672
AGTCACGTAACGGTAT,1671
ATAAACCGTCTTACCA,1671
ATTACAACAATTCTGC,1671
CATGTTTCGAACCTAC,1671
TTAGGTTATTGAAGAG,1671
CATTGTGAAGGCATTA,1670
CGAAAATTAACAGCAG,1670
GTCGTGGGCCCACTAT,1670
TATATACAGAATATTA,1670
ACACATATCCGGGATG,1669
ATGTAACAAACCCCAA,1669
ATTATCACACAAATTG,1669
CCAATATACTTAAAAA,1669
GGGTGAATCACCCTTT,1669
GGTGACATAACATAGC,1669
ATCCAAGAAAACGTTT,1668
TACCCATAGGTATGAA,1668
TCCGTACGCAGAACAA,1668
GATAGACAAGACCCCA,1667
TATACTCTCGTAATAC,1667
CAAAGAAATATTCTAT,1666
CACAAAACGATGCCAT,1666
CCAAGAATATACCAGC,1666
ATTACCCTGTGAAAAA,1665
CCCCCCCAGTCCTAAA,1665
ATAAAGCAGAAGTTCA,1664
GCCCACAACACAAATT,1664
TTGAGTTCTCTATTAT,1664
ATGCCATAAAGTAAAT,1663
GAGTAATGAGAAAACA,1663
TACATCGCCAACGCTC,1663
TCCCTACCTTGACTCA,1663
GCTGTACATCATTTCG,1662
GGTAATAAGGACAGCA,1662
TAGTTAGTAAAAACAA,1662
TATGATCCAAAGCCAT,1662
CTATACCGCATTGGAA,1661
TATACTCAGATGACGA,1661
TGGTAGGAAATAAGGC,1661
ACCGTCAGTGCTGACT,1660
AGATAGTATTCAGGTC,1660
AGTAATAGACGGTATC,1660
AGTGACCCTAGTTGGC,1660
ACTACTAAAATGATAA,1659
GATTCAACACTCAGAC,1659
AAGATTGTGCCCAGCC,1658
ATACTTGTAGCATCGT,1658
GAAATTGAGCCTAACC,1658
GAAGTAGCTTTTACAA,1658
ACTATCAGTGAATATG,1657
CTCAGTTGGCACGCTA,1657
GAATCATAGTTGAGCC,1657
GGCCGTTACCCCGGAC,1657
TCCCCTAGATTCTTCC,1657
TGAATTTTTCTGACCA,1657
TGACCTACTCACGACA,1657
AACGAATAACACAAGT,1656
CCCTCAGAATACTAGA,1656
GCCTAAAGCGGCACCC,1656
TATTCCTCAAATAGAA,1656
TCACACAAGACTTTGT,1656
TTTGCTCTCCCCGGCT,1656
ATTGTAATTGTCTAAA,1655
CCTGTTATGCTGTAGT,1655
CGCAATTCACACAATT,1655
GATAGTATTTGTCCTA,1655
ACTGTACTACGTCGAT,1654
GATACACGATCCATTG,1654
TAGGAGATACTGGCAG,1654
TTAGAAGGTAGGAATA,1654
ACGCAAAAAGCGCTAT,1653
GAATCTCAAAATCCAG,1653
GTGATATCTAGGCATA,1653
TAACCACTACAAGTGG,1653
TTAGACCCCGAAGGGT,1653
AAATTGAATAATACGT,1652
ACAACGAGGATATAGA,1652
ACCAGGATTAACGAAA,1652
CAACGCCTGACCTCCT,1652
TCCTAATAAACCTAAA,1652
TTCGTCATCCAAGGAA,1652
CTTAGACGACCGAACC,1651
AAAAAATGGGATAATT,1650
AACTAAAAGCACGCTT,1650
AACTGATAAAATAAAA,1650
AGATGATGAAGAACCC,1650
GTACAACATTCCGACG,1650
TGTCAGCAGTCATACA,1650
AGAGGTCCGCAGGGTC,1649
GAACACCAGCTACAAC,1649
CATGTAAATATTACCT,1648
TCGTTATTACAACAAA,1648
AGCTCTCGAAAACCGT,1647
GAAAAATAACGGATAT,1647
GACAAATTAGGCTATA,1647
GATTCACCCTTAAAAT,1647
AGCGAGAGCCGCAACA,1646
ATCATAAGCTAATATG,1646
GACGATATAGCCACCA,1646
GATATCCGAATAACTC,1646
GTCATTACGCACTCAG,1646
TATAAACTCCAGCCAA,1646
TGAAACACTGACGAGA,1646
AACACCGGAAGGACTA,1645
TTTTAAGGAACAACAA,1645
AGCATAACCATAATGA,1644
CAGTAGAGGTCAGCAC,1644
CCCCTAGAAAGAAGCT,1644
TTATATAAAGAAGACA,1644
ACATAGACAAACTAAA,1643
TAACGCTAAATATGCT,1643
TCAGATCGTAAATCAT,1643
TGCAAAAAGATAGTAG,1643
ACACTTGGGATAAACA,1642
AACGGAAGCTCAAGAC,1641
AGTTGAAATTCCTTGG,1641
ATACACAACATAAGTG,1641
CTATATTCTGATAACT,1641
GGCTCACGAGTCATGC,1641
GTTCACTGGCTGAAAG,1641
AAATATCCCACTAACA,1640
ACTCCCTTGGATTTAA,1640
ATGATGTGCTCTGACT,1640
GGCTTCACAAACCATG,1640
TTATTATAAACGCGAG,1640
ATGCCTAGACTGTAAA,1639
CATGAGCTTGGTGATT,1639
CATGTACCTGCACATA,1639
CCCCTTTTCAACACGT,1639
TCACTAAATCAGTATT,1639
AATGTTTTACCTAGGC,1638
AGACATAGACAATCAT,1638
GACCTCATAGCGAGAA,1638
TATAACACTCATTTAG,1638
AAACAATGTTTAATGA,1637
ACGCAACGCCTAAGAT,1637
ATGCAAGGAGCAGCTC,1637
CACGAACAATCCAGTT,1637
ATACTTCCAGATCCCC,1635
ATTTAAAAGGATTACG,1635
ATTTAAATGGTGCACT,1635
CCCTGGTCCCTTACAG,1635
GACATAAATACGATCA,1635
GTATAAAAATAGTAAT,1635
TAATATTCCATTCCCC,1635
TACTCCAGAGAGACTA,1635
TCCGATATAAGCTCTG,1635
AACCAACAGAAAGGTG,1634
ACAAAAGTGATAGTAA,1634
AGAAATAAAACTAAAC,1634
CTATACATACAGACAC,1634
GGAATCATAATCCTTA,1634
GGCTTATAAACTCTTC,1634
TATTAGTCAACACCGC,1634
AGAAGTAATCTGTGTT,1633
AGACTAATAACAGTAA,1633
ATCAGTTTAGATTAGT,1633
AAAATCAAAAACCACC,1632
AAGAAATGATACACAG,1632
ATCCACGCCATCGTTA,1632
CATTACTTAACTGGTC,1632
CTGCCATTTCTGAACG,1632
TAAGACAAAAGCCCGA,1632
TCAATTGGGCGCGGCA,1632
AATCCCCACGAAAACA,1631
CGCATAAAAACAATCA,1631
CTGTTTCTACGGCGGT,1631
GTACTAATAAATTCGA,1631
AGCCACCTGCGAAAGC,1630
ATGGGTAACAAAATAA,1630
GAGCCGACGAATTTAA,1630
TTAGACATTGAAAACA,1630
TTTTAGGTGCTCAGAA,1630
CACATCTCATGTACGG,1629
ACAATCCAATCCACTA,1628
AGACATGCCGAAAGTA,1628
AGGATCTATAAAAGTT,1628
ATCTCGGAAAAATCGA,1628
CAATCCCCATGGATAA,1628
TAAATGTGGAATCTAG,1628
AGTCCTACGTTATAAA,1627
ATACATGATGTATTAA,1627
CCTACATCGGTGAACG,1627
CGAGGCCATCCGGCCA,1627
CGGTTATGATTTACAA,1627
TTAACTCAGCAGTACA,1627
AACCCATTAGCGGGGA,1626
CAAACACCGAAATAAT,1626
CTCCTCAATTGCATAG,1626
AAAGATAAGCGGGCGT,1625
CAAATACGACCTGTGT,1625
GAACAATGATGCGAGC,1624
GGAAATATAATACGGC,1624
TCACCTCAGCAATCCA,1624
TTAAATATCGATGGAC,1624
AGTGTTAGGGCCTAAC,1623
TGGAGTAAAGTTATAT,1623
AACTTGTTAAATCAAA,1622
ATGGACAAATACAACA,1622
CAAGAATCCAATCGAT,1622
GTCGAAAGCTGCCGTT,1622
AATACAGCATTTCAAA,1621
ATAAAAGATCGAGTTG,1621
CAGTAAAAACGTCGTT,1621
CGCGTTACAGCCTCTA,1621
GACACATAAGAAATGA,1621
GTCCATCAGAACTCTT,1621
AAAATAGAAAACAACG,1620
AGAACGGACGCTCTAA,1620
CCTGCTTCCTAAAGAG,1620
ACGCAAAAGAATACAC,1619
ATGGATCCAATGAGTG,1619
CATATTTACATCAACA,1619
GAGTCTAGCAAACAAC,1619
GTTTGCCAACCCGCAG,1619
AAATGTTCCGTATACA,1618
TACGCCTGGCAATGCA,1618
TATGCTACCAAGGTCC,1617
AATATTGGAACTAAGT,1616
AATGTAAAGCCAAGCA,1616
ATTCGGGGTAAATAAC,1616
CCCTTTGCCTAGTCAC,1616
GGATTGAGCGGAACCA,1616
TTCTTATATTTCTTAA,1616
CATTAGCCTAGATTTA,1615
TCACAACGATAAAATC,1615
CAACTGTCCTTGAACA,1614
CTTACAACTAGTGACG,1614
CTTCTCTGACCTAAAC,1614
GAGCTTCCACATAGTA,1614
TAACAGAATTAACCTA,1614
AGCTTATTAAAATCCT,1613
ATTCTTTTAAAGCAAT,1613
CGCAATGATATTTATA,1613
GCGACAGGGCAAACAC,1613
TCAGGAGGGAATGGTT,1613
ATCGGAGCGCATACAG,1612
GGGTCAAGGCGACGAA,1612
AAAATATGCTGAGAAC,1611
ACCGACCCATTACTGA,1611
ATGCGTATCATAGCTA,1611
CGTAGATTTCACTCGA,1611
AAGTAAACAAGCAATC,1610
CACGCTGATTACTGTA,1610
CATGACAGAGCAAAAA,1610
GCGTCAAAACTTTACG,1609
CTGAAGGGAGGCTTCG,1608
CTTAAAGATTGAATAA,1608
GCTGTAATATACACTT,1608
GTACGTTAGACCCACA,1608
ATGTAGAAATACTCAC,1607
GATAGTCATAATAAAA,1607
GCTCTGAACGCACCTT,1607
GGACATAATTACAACC,1607
AAACGCTCAACATTTC,1606
AATATTCACAGTCTTT,1606
ACGCATCTAGCTTAAT,1606
AGGAGCAGGAGGCCTT,1606
ATTTGAAAATCCTCAT,1605
ATTTGACGTAACTGCG,1605
CAAACCCTGGCTTTGA,1605
CAGCTGAAAAAGATTC,1605
CTACCAACTAACATGA,1605
GCGCTGTCGTAGCTAT,1605
GTGACACTAATAGTCA,1605
TAATATAGAACTACTA,1605
TAATTATCCCCACATG,1605
ACAGCTATCCGTGAAA,1604
ATATAATTAATTAAGA,1604
CTTATTATATAGGAAT,1604
AGGGACAAGACTCGTC,1603
CGATGTATATTGAATA,1603
GACTATCCAAATAGCA,1603
AAATACAAAAATTACT,1602
AACTTTGTGACAATCG,1602
ACCTGCTGGATTATAA,1602
ACGTTGACCCTGTATA,1602
CACTACTAGAATTTAC,1602
CCATGAAGACCGGGTC,1602
TAAACGAAAGACACAC,1602
TATGGAACCGGCAAAA,1602
TTATTATCTATGGATA,1602
CAAGGAGTAACTTAAA,1601
TAACTAGCACAGTAGA,1601
TCACTAGTTCCATATT,1601
AAATTAGACTCTATCT,1600
CAAGGAGTGCAAGAAT,1600
CCTATATATCATTGAA,1600
CGAAGGAGCACCACCT,1600
GATCAAAGGCAGAATA,1600
TTCATGTGCCCTCATG,1600
AGAATGTTGATTACTG,1599
CCGGCACATCTCAATG,1599
GAGACCAAAAAAGCTT,1599
GTGCTAGGTACTCATA,1599
GTAAAATGAATTTCCA,1598
GTGACAAAAAATAAAC,1598
GTTTAATGAGACGCAC,1598
TGGCTCATCCAAAGAC,1598
TTTATCCTGGAACGCG,1598
CCGTAGAATACTAGCA,1597
GCAAATCAGAAAATAA,1597
TAACTGCGGATCCTAA,1597
TTAGGCTTCGCCGGCA,1597
CAAAGAAGGTTTACTT,1596
GACGAAGATCCTAAGA,1596
TCTGGCAAGCTAGCAG,1596
CGAACACGAGAGTGAC,1595
CTAATAGAATTTACAG,1595
AGAGGTAGGACAATAG,1594
CTTCGAAAGTCTACGC,1594
TTAATCAAATTAAAGA,1594
TTCTTGTTGGGTGTTT,1594
TTGATGGAAAATTTTG,1594
AAAGTCTGCCAACATT,1593
CATCACTATGGATAAG,1593
TTGAAGTGAAATAGGA,1593
AAATCGTAGATATTAC,1592
GCTACCTTTACTGGTA,1592
TAAAAGATGCGTTTCA,1592
TATCCTCACCTGTCCC,1592
TCTCCCAAATAAAAAC,1592
TTGCACGAGAAGCTGC,1592
AATGGTTCTAAGTGAG,1591
ACATTAGAATAAAGAT,1591
CATGCTTAAGACATAA,1591
CTCTGACTAACAAGCA,1591
TCACGTAAATAATTGA,1591
TCTAGCAATATTGGCA,1591
CCTTGTTATTTACATT,1590
CGCTGTATAGAAGTCA,1590
CGGAAAACTCATTAAG,1590
TCAAAATTCGCATCGC,1590
TGCGACAATGCGAAGC,1590
CACAAGTAAAGACATA,1589
GACTTGAGATACAAAT,1589
GTGATAAGAATCTTGA,1589
AATACATGTCGAGCGA,1588
CTTCCTAACCCGACGA,1588
GAAGGCCCTGATAGCA,1588
GATGCGTGTTACAATA,1588
GTGTGCCAGATCTTTA,1588
TAAAAATAACTTTGGT,1588
TTCAGCCTCTACAGAA,1588
AGTGCCTGCCCGGTAA,1587
ACCAAATCAACCTACA,1586
CCCTCTCCCCATACAC,1586
CCTATACTAATCCCGC,1586
TAACATAACTGTGACC,1586
TATCGGGACCGATAAA,1586
TATTCGCGAGCGGAGT,1586
TCTATGCTAGCCCAAC,1586
CAGGTACAGCGATGTC,1585
CCATAACATTATTTGG,1585
CCGGAAAAACCTGCAG,1585
TGGTAGTAACCGGGGG,1585
AGACATTGACCGATCA,1584
CTATGGTAATGAAAAT,1584
TACATTTATAATGAAA,1584
AACAGGGAATACGTAC,1583
AATTGTAGCATTATTT,1583
ACGGAAAAGATAAACA,1583
AGACCCCATGTATATG,1583
CACTTTGGAATACTAT,1583
CAGTTTACCCGACAAG,1583
CCTAATAATAGGTTAT,1583
CTAAAAACCCGAGTTC,1583
GCACATTTTAAACAAG,1583
GTGAGAGTAAGGAAAC,1583
CAAACTGTCTGAAAAC,1582
GAGCTAAATATTATTA,1582
TAGACTGTATCCATAG,1582
CGACGAAGCAGCCAGT,1581
GAATTATGTAAATAAG,1581
GGAGAAAGTAAAATGA,1581
TCAAACACCCCAAAAC,1581
AGACGTGCAAATGCCA,1580
CCTGCACCAAATCCGT,1580
TATACGCTCACTCGCA,1579
TTTCTTCACAATTCAT,1579
AGCCAAGACAAAAGAC,1578
ATCTTATCATTCACAA,1578
ATTCATAGGAAATACT,1578
GGATTATGTTCAGATA,1578
AAGTAAAAAATCCATT,1577
AGTACCTAAGTAGCTT,1577
CAAAAATGAAATTGAC,1577
TGAGGAATTTAACAAA,1576
CCTTGCAGAGCAAAAA,1575
AAACCTTCCCAAACGT,1574
AGATCATTATATTCGA,1574
ATTACTTCATAGATTT,1574
CTGTACATTTATATAC,1574
GCTGACGTTAGTGAAA,1574
TAATATGCAACTTATA,1574
CCGAAGCAATAGAAAT,1573
CTGCAAGGATACACGC,1573
AACAAAAAGTGTAACC,1572
TGTCATAACTAGATCG,1572
TTTCGTCATATATTAC,1572
CAATTCATAAACAAGA,1571
CCTATAGAAGGCTCGC,1571
TAAATAGGTGAACGAG,1570
TCATACAACTGTTCCG,1570
TGGGAGAAAATCACAA,1570
ATTATAGCATACCAGA,1569
ATTGACTAACGACTAC,1569
CGCATTCCTTACTATC,1568
GCATATGATTTACAAA,1568
GGAACACATGAGGAAT,1568
AAAAATGGATTAAACA,1567
ATGGCCCAATCGACCA,1567
GATTTTTACATCCAGC,1567
GGGACGCAAAGTCCAA,1567
ATACCCCAATTGTACA,1566
TTAAACATCTGTACAT,1566
ATATATTAACTTGACT,1565
GACATAATAATAGCGC,1565
GTAATAATTATCTAAT,1565
TAAACCAAAGATTATC,1565
TGATACAACCATTTTA,1565
TTAATTATCTCTTCGT,1565
ACTCAAAAAAACCAAA,1564
AGGCACTTAACTGCAT,1564
ATACAATGGTTGGATG,1564
CGAAGTTTATTTTTGC,1564
TACCAAGTTTGGTCAC,1564
TGCCGAACGCAAGAAC,1564
AACAGAAAAGAGGCTA,1563
ATAAAAATCATAGATG,1563
CACCTGAAAAACATTG,1563
CAGAATTAATTGAACT,1563
GCGGAACAAACGCAGA,1563
TAAGAAAGCGCGTTCG,1563
AAAAAGTAGCGATCCA,1562
AAGTGGAGGTTACCGG,1562
TACTGACAATTAAGCA,1562
ATAATAAAATAAAGTA,1561
CCCCAGGCATTATCCC,1561
GGTTTAATCTTATGAT,1561
GTAGGTACACTCGCAC,1561
TCACCTAGCCGACGAA,1561
TCAGTTGCTATCACAA,1561
GACGAACATAGGACGG,1560
TGCCCTTCTTAAGTCA,1560
AAGCGTTTTTCACGAG,1559
CGCAGTGAAGGGCCAC,1559
CTGTGTACATAAGTAG,1559
TATAATGACCGACCTT,1559
TATGTTTTTGATCCCA,1559
AATAACAAATCAGTAA,1558
CCAGTCTCCAGTGTTA,1558
CCTAATATATAGACAA,1558
CGGAACTGATAATATC,1558
TTGCGTAATGCCAGCG,1558
AATACAGAGCGAGGCA,1557
AATTAGCTAAATCGTT,1557
GATTCGTGACACTAAT,1557
CACTTTCCGTAGGTCC,1556
CGCAGACCAGCAAGAT,1556
CGTACCCAGAAGCATA,1556
AAGATCAAGTAGCAAA,1555
CAAAAAGCACGGGATC,1555
CTCTTCAGTACTACGC,1555
ACAATCATTACGTGAT,1554
ACTTTCACTGAAATAA,1554
ATACTCCTTCATTTCG,1554
CTAAGCGAGCCGATAG,1554
TTGACTATGATTACAA,1554
AGACCTCAACCTCAAA,1553
ATAGACCGCAGAACAA,1553
CAAGTTTGAACAAAAG,1553
CGCAACGTCATACTAT,1553
GTGTACAAAAGAATAT,1553
AATAAACAAACTACAC,1552
CATTAAGAAATACTAC,1552
CCTAGCCACAAATTGC,1552
GCAGCAATTTTAGAAG,1552
GGCGCAGTCTACGGGA,1552
GCACCGAAAACGAAGC,1551
TCGCAAAGCCCTGGTT,1551
AAAACCACTAACCTTC,1550
AAACCAGATTAGAGAA,1550
CATGTCTATGGGTTAC,1550
TAGTCACAAAGCTTAA,1550
CACACGCCGATGATAG,1549
CCACCCTTGGCCAATA,1549
TAGCATAACCCTATCA,1549
ATAAGATAAAAACACT,1548
ATTAAAATATTAAAGA,1548
CGAAACAGCATGTACG,1548
CGACCATGAGAATATG,1548
CTGAATCTTTAGTAAG,1548
GATCAGGGCTACCAAT,1548
GGGGCCGCTTATCCCT,1548
TAACTCAGGAATCTAC,1548
TGCGGATGACCCTTAA,1548
TTATACCTTATGAACA,1548
TTGTTGCCATCATTAG,1548
AGGTCTGAAGTAAATT,1547
GTTAATTACAAACCAA,1547
TCATAAAAAAGAAGTG,1547
TCTAAGACGATCGGTG,1547
AATACGTTGAGTCCAA,1546
TAACAACCTATGAATT,1546
CTGAGAAGTTGACGAC,1545
GTTAGAATCCTATTAT,1545
TGGCCTAACAGGACCG,1545
TTAACGGTCACCAAAC,1545
ATTTCCTGTACGAATA,1544
CATAAAGCTATGAAGT,1544
GACCCGTCACAACTAA,1544
GCAAACAGCAGAAACA,1544
GGCCTGTCGGATAATA,1544
TAGCACTGGGGAAAAG,1544
TGATGGACCGGTCCAC,1544
TGTATTCCCTCAGCAC,1544
ACCAAAATCCCACGAA,1543
CCAGAACTTACGAGGA,1543
TGCATGGTAGTGTAAC,1543
ACAACTAAGTATCTGT,1542
TGAGAAATTACAGGTA,1542
TGATAACCGCCTAGCG,1542
TTTTAAAATCCTCAAA,1542
AAATCTACACATTAGG,1541
ACAAGTAAGCTTATTG,1541
AGATAGAAACCCATCG,1541
GAAACATCAGAACGGA,1541
GTTAGAAATGACACCC,1541
AAAATGGCTCCGCGAC,1540
AACCCCCCCAACCAAA,1540
ATATTGGCCGTTACTA,1540
CAGTTATCGCTAGCAT,1540
AAAACTCACCATACGA,1539
AAATAAAAAGAGAACG,1539
ACAGGCGATTATTAAC,1539
AGCCCCGGGATATTGA,1539
ATGGGCCATCATATGT,1539
CAGCCAAAAACGTGCG,1539
CATATGCCCTGCTAGC,1539
CCATACCTGCCATCAT,1539
ACGCATGTCTTCCAAT,1538
AGATATAAAAGATTAC,1538
CACCGAGAGCCCTCGA,1538
CATAATCCGGAAAAAA,1538
TCGATAGTAAAATAAC,1538
AACACCTTTCCCCAAG,1537
CCGTAGTCATGTTCTG,1537
AGTGGACCACCGCGAC,1536
CACATCGTCGTCATCA,1536
TAATGATTGGCTTCAA,1536
TACGCCGACTGCACCA,1536
TGCAAATGTGTTTGCA,1536
TTGTCGCCGGTTAAGA,1536
AAAATAGACGGCATCA,1535
ACTTGCTTTAGAGATC,1535
ATAGGACAATATTTGA,1535
CTCAAGTGTCGTTATA,1535
GAATAAGTAGTAGACC,1535
GTAACTTAAAATCCTG,1535
GTGGCTAACAGCATTC,1535
ATGAATAACTAGTGAA,1534
ATTTAGACAAAATAAT,1534
CTGCATGCAAAAGACG,1534
TCCCGATACACTTCGA,1534
CCCAGATCTGTAATGC,1533
GAAATCCATACAGAAA,1533
TAGACTATAAACACGA,1533
TTCCTACATATCCCAA,1533
CAGTAAAGCTATTCAG,1532
GAGGCGTGCACGCGAA,1532
TATCATGGGCAGGGGA,1532
TCGACTCAATGCGGGA,1531
TCTCGGCTTGATTAAT,1531
TGCTAGAGAGCTCGAA,1531
GTAGTTAAGCCAACCA,1530
GTTACCCAGTTGACGG,1530
ACTATCTTGTACATAT,1529
AAAACTTGACGAGCAG,1528
AGCGATTAAACATATA,1528
GCGTTATTTGAAAACG,1528
TATGTAGTGCGAAAGA,1528
ACGACGCACAGTCACA,1527
AGTATTACAACGACGA,1527
CAGACCTCGCATTGAA,1527
TCATACGATTGATCGA,1527
TCATCAAGAGTAGGTT,1527
AACGTCGATTATTTAA,1526
TATTTACTGAATACTA,1526
CCTGTGCCCAAAGATA,1525
TATAGAGCCAAAACGG,1525
AATCGAATAAGGGCCC,1524
CATGCCAAACCAACTT,1524
GACTGTGTCCCGTGTT,1524
TGACGACCATAAAAAA,1524
GAATAACCTTTATCCA,1523
AACTAAGAGTAACGGT,1522
CGAATTATAATGGTTA,1522
AATAGACTGTCTAAAG,1521
AGAGATCATCAATTAC,1521
AGCTTATCATGAAAGA,1521
ATGAGAACAACCAAAC,1521
CGACCACACAAGATTT,1521
GACTAATACAAAGATA,1521
TTAGCCCTCCCCCAGA,1520
ACAAATTAGGTACATT,1519
CTTTTAAGGTAGTGAA,1519
CACACCGACGATAACT,1518
GAGAATTCTTTACGGG,1518
AACTTGTCATGAAAGA,1517
TAACGCAAGGTTTTGG,1517
TGAGCAGCCCGCATCC,1517
TTCGGATGACCGAAAC,1517
ACGTTTCCTTAAAACA,1516
CCCAAGTAGCGTTGGT,1516
TCGGAGGCCAACAGCC,1516
TGATACATCACAAGAC,1516
AAGAGCGGTTATACAC,1515
ACATATTGACCCAGCG,1515
ACTCACAAGAGACAAA,1515
ATATCGCTAATAGTAT,1515
ATTTAAATTTAGACTT,1515
CTGGCGAGCATACCTT,1515
GAATTATAGTACATTG,1515
GTGAAGCAAACTTACA,1515
TCGTTAGCCTGACACC,1515
TTTTAGCCTTAACGCT,1515
AAGCATTCTTATTGAT,1514
ATCCAATGTAACCAAG,1514
CAACAAACATTAGAAC,1514
CATGCCCAATCTTAAC,1514
CCGTTAATGTCAAAAT,1514
GAAACATGATGATGGC,1514
TCGCGACGAAGCTAAA,1514
TTTCAACCGGATACCG,1514
CGGTCGAATCAATCTA,1513
AAAAAAAAATGAGGCC,1512
AACTTCCACGTCGAAT,1512
ACACGATGTCCAAAAC,1512
TAAAGACACTACGAGT,1512
TACTGCGACTCAACAA,1512
AAAGACATAAGTAGAT,1511
AGCGATTTAGACCCCG,1511
ATAATTAAAAAAAAAT,1511
CCCACGAAATCAAATA,1511
GTCCCGCAAACCGGTG,1511
TCGTCCCCTATCAAAC,1511
ATAGTTAATAAACAAA,1510
TCAAAAAAATAGCTGA,1510
TTCATAACAGAACTTC,1510
AAGGAGAGGCAGTTGA,1509
ATAGCGATCTACAACA,1509
CAATAACGCTATACCG,1509
TCGGTCTAAAAAAAAA,1509
ATCAACAATTTCGGAT,1508
CGCACCCAGTCACCCA,1508
GCGCCACTAAAATACA,1508
AATAGCACAAACTGTT,1507
ACATCCAGCGCTTAAA,1507
CCTGAAATCCGGCTAA,1507
TACCTAGGAGTAGTAA,1507
TATTTCGGGGTCTCAG,1507
TTCTTAAGTCCTCGCC,1507
AAGTTTAGAAACGATT,1506
AATTAAAACAACTTTT,1506
CAGTAACTTCAGGACT,1506
GTAGGCAGCCTAAGCT,1506
ATAAATTTCAAGAACA,1505
ATTTCGGACTCACAGT,1505
GCCATATATAGTAGAC,1505
AACTAATACTATTTTG,1504
CATATATCCTATTATG,1504
GGTCATAAAATCAAGC,1504
TGCTTACCATAAAGAC,1504
ACCACTCACCAGTAAG,1503
ATGCACTTTTACTCGA,1503
AATGCAACTCAAGACT,1502
AATGTACTATGCTGAT,1502
ATAATCTCGGATTGAT,1502
CACCAAATTCCCAACC,1502
GAACTACAAAATCGTC,1502
ATACCGACATATTATT,1501
ATCCAGAATCAAAAAA,1501
TCGGAGTGTTACCCCC,1501
ACGCCAATGTGATCCT,1500
CCAGCAAATATGAATC,1500
TAATGAAGGAGCAAGT,1500
TGCACGACAAGTAAAA,1500
TTCAAGCTTAAAGTAT,1500
GAGCTACGGCCGAAAT,1499
GGGCGTCCTTAATAAA,1499
TAATATTAGCGAATGC,1499
TACAAGATTTAATGGC,1499
TTTTGCCTAGGTAGAA,1499
CAGACACAAGGCCCAT,1498
TCGCACGCAAGCACGC,1498
AGACGACTTACATTTT,1497
AGCTACAGTTTCCCAA,1497
CAGAAACGCCAGAAAA,1497
GTGCAAATATTCGAAC,1497
TTCTTACCGTAGTAGA,1497
TTTTCCAGCAATGGAC,1497
ATGCCGAACGGATGTA,1496
TTAATTTATGGGTATT,1496
TTCATTACCAATTCCT,1496
TTCGCAATTTTGTAAA,1496
CAAAGTGCATAAGAAA,1495
TCTTAATACTAGCACT,1495
AATACAAAAAATCTCT,1494
AATTATGCAAAGAGAT,1494
AGATCATAGACGCTGC,1494
AGTCACAAATGGTGGT,1494
CCAAGGATGAAACTCA,1494
GTAATGCAAATCCACA,1494
GTCTTTAAATGAGGAA,1494
TTGAGACGTGAGGTGA,1494
ATATCTCAAGCTTCGA,1493
GAAAACCATATAAAAA,1493
GGGCTTATCGTGCAGA,1493
TAACGTACATATCCAT,1493
TGCTGAGACTGCAAAG,1493
AGTCTATATCTAATAA,1492
ATCATATTTTGCTGAG,1492
TAAGCAAAAATAACTA,1492
AAGGCCATGGGTTCGA,1491
AATAATGTCCAGATTC,1491
ACCTGCGAGTGGGGAA,1491
AGCTCTAGGAACACAA,1491
ATGACCCGGTCAACGG,1491
GCATTACCTCAGTTTA,1491
AACTGTAAAAGATTCT,1490
AAGGTGCCGTACATGC,1490
ACAGTGTAAAAACTAA,1490
CAAATAACACGAGAGA,1490
AAGATCCACCGCTGAT,1489
AGACCTTGAAGTCATG,1489
CGCACTTTGCCTAAGA,1489
GCCTATGTTAGTTCAT,1489
TATAGGCTAACACTCA,1489
TAAATTTGATAACTAC,1488
AATTGTCGGAAAAAAA,1487
AAAAAGTCACCCCACT,1486
AGAAGTATTTCTCAAA,1486
ATACCAATAACAAGTA,1486
TTCTGTGATCCCCATG,1486
AATCAACTATTTTACA,1485
AGGCCATCCTAACATT,1485
CATCTACCATTACATC,1485
CTTCCGCCCGAGAAAC,1485
AACACATATAACAGCG,1484
ATTTATTTAATATACT,1484
GAAGTCACTAGCACGA,1484
TCAACAACCGATACTG,1484
TCCAAACTGAATGCCA,1484
AATCTTTTTATCACAA,1483
ATGAACAAACACTCGA,1483
CCTCGAAGGAATAGAG,1483
TATACATGTCTAACAA,1483
TGGTACACACTGATAA,1483
AAACTGGACAGTCAAG,1482
AAAGTGGAGGATCCGC,1482
CTAATAGACCTTATGG,1482
GTCAAGTGTTCTTACT,1482
GTTTCCTCCACTTACG,1482
TAAATACGGGCTTAAC,1482
AGAACATTATAAAACT,1481
CCATTTAGGAAATAAA,1481
CTAGCCTTTAGCGAAT,1481
GTTAAACAATAATTAG,1481
AATTCGAGGCAACTAG,1480
CCTCCCTCACGAGAAT,1480
GCCTAACTCGCAAATA,1480
GGAATATATATGTATG,1480
TATGAAAAGTATTGAA,1480
AAGAGCAAGTTAACAG,1479
AAGGGTCAAACAAAAG,1479
CCTAGCAGTTTTAAAC,1479
GCCTGAGGTAATGGCA,1479
GTGTACAAACAAAAAC,1479
TATTCAATCCAACCGC,1479
GAGTTAGTAGAAAGTG,1478
GCGACATAGGTTTCGT,1478
TGCTACCGTCCGGAAG,1478
AATGCTAATCAGTGTA,1477
ATAGGGGATGAACAGA,1477
CACTCCTGAAACTCTG,1477
CCGGTACGGTGCAAAG,1477
CCTAATAGTGTCACGC,1477
ACAAGTATCACCAACA,1476
TAATACATAAATTCTA,1476
TACAAAATAAGGCAGC,1476
ATCTAGATTACTACGG,1475
CCGATTCGCCATCATA,1475
CGCCGCGGGGAATCGA,1475
TGTCTTAGAACCGTGC,1475
TTCCATGAGATGATGA,1475
AATCTTGGGGCCGAAC,1474
AGACTGTTAATATCTC,1474
AGTTCTTTACCTCTAC,1474
GATTACTGTCTGTATA,1474
TAAGCGGGACATATAC,1474
TGAGGAAGCATACGTA,1474
AAGTGCAAATTTTACA,1473
AATAAGTCATAGTTGC,1473
AATAGAAAAATACGTT,1473
ATAATGCAACACATAA,1473
CAATAGCTCACAAGCC,1473
CATACGATACAGCGAA,1473
CTATGTATAAACTAGA,1473
GCGAAGCCGCGTCTTA,1473
TCTTCCGAATTCGTGG,1473
ACTAGCCTACGTATGG,1472
ATAAGAATCTAACATC,1472
GGATAGTCTCTAAGAT,1472
TAGCAGTTTAATTAGG,1472
CCACGGCGAACGACGT,1471
GTGCAAGTATCCTGGA,1471
TCCCCTTAATTTGAAT,1471
CACAAGCATACCGTAA,1470
CTAAATTTCCTTGAAA,1470
CTATTGTACACATCCA,1470
GATACACGGAACACAA,1470
GCGCGCTTTCAGGTAG,1470
GGATTGAGCACCGAGG,1470
GGGCTTAATTTCTCGT,1470
TAATGCAATTTAACAT,1470
TGAATAAAATATGCAC,1470
ACAGGCACCTTCTAAG,1469
ATATACTAACCCTAAC,1469
ATCACCCCAAGGTTTG,1469
CTAATCCGAGCGGCCC,1469
TCAACACCTACAAGAT,1469
ACAGGTAAAAACTTAG,1468
AGCAGTATATGTGCTC,1468
CACAGAATCCCACATT,1468
CAGCATGCCTCGACGA,1468
GAACGTAAATTGTCAG,1468
GATAGATATATCACGA,1468
AAAGAAGCTTGCCTAT,1467
CCATTGAATAAAGATC,1467
GAGTATGAAACTGTAA,1466
TTTAGTTATCAACTGA,1466
ATCGAAGTCTGAGAGG,1465
CAGCCGACAGTGTCTT,1465
GAATGGCCCGAATGTA,1465
GACTCCTTCTAAATAC,1465
AAACCCACCAAGTCAG,1464
AGAACCCTCAAATTAG,1464
GCTTAACGAGATTAGA,1464
GGACCTGTAACGATAA,1464
GTCAGACCCCCACAGC,1464
AAACCGATGATATATA,1463
CATAATCTTTCTCTTC,1463
TCACTGATTCTGTAGC,1463
AATATCACGTACCCAC,1462
AATCTGAGCTCGTGCA,1462
GAATCCTGCTAAAAAT,1462
AAGCTTGATAAACAGC,1461
ACATCTCCATTAAGAA,1461
AGATGCTCAAAAAAGT,1461
TTAAAAAACGTTGACA,1461
AAAGCGTTATCCTTTA,1460
CATTACTGGAAAATAG,1460
ACTCTGAAAAGAGGAA,1459
CATCGGTCGATGACAG,1459
CGGATTTACCAAGTTC,1459
CTAGCCTGTCTAATCA,1459
TCAAATCCCAAACATG,1459
CCGATCCACATTCCTT,1458
CTGCGCACAACCGGTA,1457
GGTAATGTAACGCGGG,1457
TGGTCGAAACGATGGT,1457
TTAATTTTGAACGTCA,1457
TTGCTGCTGAAAACGA,1457
AACCTTTGGTTCGAGC,1456
AATCCTCAAAGAAATC,1456
GTCGCGCATTCCGTTC,1456
AAAAAAGCACGTCAAT,1455
AATAAGTCGTACTATC,1455
ACTTGAGCAGGTACCA,1455
ATCAGATCACTCTTAA,1455
CGTACATTAAACCATT,1455
TATGTACCTGAAAAGA,1455
AATTTTTGATTTAATT,1454
CAAGTCTAAAAAAACA,1454
TCATTGTTGTATATAG,1454
CCAAGCCTATTACTGA,1453
GAGACGCGACAAAGTC,1453
AGCTCGATTCTGGCTA,1452
AGTCAGGTAAACCTAA,1452
ATTATCGCTCATACAT,1452
ATTCGACCATGACCCA,1452
CAGTATAATCTGTCTC,1452
CTGAGAAAGCGATACA,1452
GGTCGTCTAACATACA,1452
TCGCAAGTAGAAAGGA,1452
AAGGCTACCTCCTACC,1451
ATAACATCACAAAGTA,1451
ATGTAGATGAGAAGAC,1451
CGAAAAAAAACAAAAA,1451
TAGAGCTGAACAAAGG,1451
TCGGTTCATCACGATC,1451
TCTGGGCGAATTCGAG,1451
TATTCATTAACCAGAT,1450
AATGTCAGTCTTTTCA,1449
CCACACCTTCAAAGAA,1449
CTCTTTACATCGAATA,1449
TGCTCAAATGGACCGC,1449
AAACTGATTTCAACAA,1448
CCGCAATATAATCGAA,1448
AAAAGCCCATACTAGA,1447
AAAGTCTGTATCATAA,1447
CATTTTTGATATTTAC,1447
GAAGCTCACGCTACGA,1447
GCACCATGATCCATAT,1447
GCACCCCACCTTTGGT,1447
GGTAGGTACGTCTGAC,1447
TGACAATAAAACGAGT,1447
TGAGTGAACAGAAAAT,1447
CGAACTCCACCCCACA,1446
GCACGGACCTTAACAG,1446
TATTAACAGCAAGTCC,1446
TCTAGCAAATCACTTA,1446
ACAAAAACGATCACTT,1445
ATAAGTCGACCTATAA,1445
TACCAAAGGAACTTCG,1445
CGGAGACACACAGGAA,1444
GGTACAGCATAGCATA,1444
AAAAAATTTTGGCAAA,1443
ACTACGCCTGTCAAGT,1443
AGGCTAGGGACTATAT,1443
ATAACAAAATACAATT,1443
ACAAAAACCGAGCGGC,1442
CGCGCCTAGACCTACT,1442
CTGCTATCTTGTAACA,1441
TCCTCTCATCTTCCTC,1441
AATAAAAAACAGCTAC,1440
AGGTTTGGCAAGCACA,1440
CAATAAACGTATCGAC,1440
CTTCGGAATGTCGTAA,1440
TAACCGGCAAGCTGAA,1440
AAAAGTCTATCATAAA,1439
AGTGCAACTCAGGGTT,1439
CCCCACTAATGAGCAC,1439
ACAAAACAGATTAGTG,1438
ACCTAGCGGTCGGCAT,1438
AGCATATCACCAGGCC,1438
CTCTTCAAATATAAGT,1438
TCACACCCCAGTCGAA,1438
ACATTGTTTTTCCTAC,1437
GTCCTCAATAACTTGC,1437
CCCGCTTAAACTAGAT,1436
CTTCTTGCCTTTCCTA,1436
CACGGGATATACTAAA,1435
GATGAATAAACATTAA,1435
TTACTGTATGGTGCCG,1435
CTCTAAGTGAAGGTGA,1434
TCCCTCCATATATCTC,1434
TTGACATATAAATAGG,1434
AGTATATACCCAATTG,1433
ATGCAGCATGCATATG,1433
GAAATAACCTAAGAGA,1433
GTAACTGATACTATTG,1433
ACCAATGTTCAGTCCG,1432
ACGTAAACGAATACAT,1432
CACATAAAGTGAGAAT,1432
TAGCGCACCTTATTCG,1432
ATTCAATGACGGCCCA,1431
CACGGTCAGACACAAC,1431
TGCTCTAAGTCCTTGA,1431
CAGCCGTCCCGTTCCC,1430
CCACCCATTACAATAC,1430
CCTTAGGACGAAGCTC,1430
CGCAAAAGCGCATTCC,1430
CTATTTTAAAAATGGC,1430
GGCCGTTACCTTAGAC,1430
TACCCCAGGACGTGTA,1430
GTAAAAAACACTGATC,1429
GTCCCTGACGTCCAGT,1429
TAAAAAAGTCAGAACA,1429
TTAGACAGGGATAATA,1429
AACGGGTTAAAATGTT,1428
ACCGCCAAAAATAATC,1428
CATAATAAAAGCAAGG,1428
GATACTAAAAAAGACC,1428
ATATTTTTTAAAAATA,1427
CACTGAAGGTCTAAAG,1427
CATACCCACAATGCAG,1427
CCCACTCGAGAGATAT,1427
CCTTAGGGTTACTCAT,1427
GGAAGCATCTCTACCC,1427
GGACAGGTTGTCATAG,1427
GGATAGCCTTTAGTTA,1427
TTGCAGCATTGTATAA,1427
AATTAACGCAACAAAA,1426
ACCAACTACAGCCTAA,1426
AGGCAATTTACCTTAA,1426
CGAAGTCGAAAAAACA,1426
GCAACCATGCCTTTAT,1426
AACTTACAAACATCCG,1425
CGTTACTAAGCGGTGC,1425
CTGATTCCATACCACA,1425
GAAGGACTCAAAACAA,1425
AATGCGTAGAACGTAT,1424
ACCCGGCACGAAAATA,1424
CAAATACGCGGTGCAC,1424
AAGACACCAAAGCACA,1423
CCCCTCTCAATATCCA,1423
CGCTTGTTAATACATT,1423
GAAACTTATTCTATTA,1423
ACGAAATTTATAATGA,1422
ATCTAACGAACTGAAT,1422
CGACAATCTTAACATC,1422
GGCTCGAATTAAGAAC,1422
GTCAATCACGTAATTT,1422
TTCCGACTATTGTTGA,1422
TTCGGTACACGTTAAA,1422
AAACCTTAACAAGGCT,1421
ATATAAAAAATTCGGA,1421
ATTATACTCTCACATT,1420
CACAGTGAAAATTAGC,1420
CGAAAAACTGTGAATT,1420
GAAGAATGAACAAACC,1420
GGTGGCATAAATAGCA,1420
TCCGTGGTGTTTGAAT,1420
AATCGTAAAAGCCACA,1419
GACTGAGATGATACTC,1419
GGGCCTACGAGCCACA,1419
TGTACAGGACAGCGAA,1419
ACATCCTACGTTGTCC,1418
ATCGAAAAAAACACGA,1418
ATGATATGTAATAAAT,1418
CAACACACCGCATAAT,1418
GGATACAATATTGAAG,1418
TAAAGACCGAGGAGGC,1418
TACATTTCTCCAACTT,1418
TTGAAAATAATACAAT,1418
ACATTTCTATAAATGG,1417
GCCCTCCGCTGAATAA,1416
GTCGTCCAAAAACCTG,1416
ACGGTGACAAGTAATA,1415
CATTTTAATCACGACC,1415
TCCGATGATTCCAGAA,1415
TGATGCACACAGAGTG,1415
TTCATAGCACGAGGAA,1415
AGACTCTAACCACAGA,1414
CAAGAATTAGCAATGT,1414
GCAAATTTAAACACAC,1414
AGATTAAGAAGACGCT,1413
CCCCAGGGCATAGGTA,1413
CCCGCAGAGATACCCT,1413
CCGATTATGAGCTGAT,1413
TTGCAATTGTTAACGA,1413
CCACCCAACAGTTCGT,1412
GGCGGATCGAGTGATT,1412
TAGCAGAATAAGTAAC,1411
TATGCGCAGTCCGGTG,1411
TCACACGAATCATGGT,1411
AAACGCGGACACATAA,1409
AGCAACACAGTAAAGA,1409
AGGTCAGTTGGGGCGG,1409
GCAAAAGATGTAACGC,1409
TAATGTGCCCTGTGTA,1409
TCAAAAATAGAATACA,1409
AATAATTAAACAGAAG,1408
CTCTATATGGCCTAAG,1408
GCCTGAGTACGCAGCT,1408
ATGAAGCACGAGCGCC,1407
CATAAACTTTGCGTTC,1407
CTTAGGGCCAAAACAA,1407
AGCCATCCATGTATCA,1406
ATACTACCAGCGAAAC,1406
TCCCCGCTATTAACTA,1406
TCCGTGCGAAATTCGC,1406
CTTTCAATCAGCGCAA,1405
GAAACTAGATAACACA,1405
GAATCACAAAGCAAAA,1405
GGAGAATGCGCGAAAC,1405
ATGATGACCATGCTAC,1404
GACAGCAGTTAACTTT,1404
GCCAGTGTCTAATACC,1404
TGATACACTCGAACTA,1404
AGGTCTAAGAACGCAA,1403
CACCGTGTTTGCCTTC,1403
GTAGTCGTACAAATTC,1403
CAATCCTGCTAGACGC,1402
GGTACACGGATTCTAA,1402
ACTATCACCACCAGGT,1401
TAGTAGATGAATTCAA,1401
TGGTTAATATATAGCA,1401
AATGCACGCGCAACTC,1400
ACCTTGCGATGAATAG,1400
AGACAACCTCCAGGGG,1400
ATTTTGACAAATTACG,1400
CAAGCTTCACGTGCCC,1400
CATAATCATAATGTCC,1400
TGTGTCCTTTGCAGCG,1400
TTAGAAAATACCCTTA,1400
ACAAAAACTTTATCCG,1399
AGCTAGCGAAATACCT,1399
ATGACATAGCAGCGGG,1399
TACGTTAGGCAATACC,1399
TGCAAAATAGGATATA,1399
AAACACATTAGTGACA,1398
AAGGCTGAACCCCGGA,1398
CGTGTTTATAGAAGAC,1398
CAGTGCGGTTGCCCTA,1397
CGGTGGTTATTATGTA,1397
GAGACAAAATCTATCC,1397
GTATGTTCATTAGAAA,1397
TATTGAGACTTCTTTT,1397
TGCGGCTCTGATACAT,1397
ATAAAGCAGCAATAGA,1396
CTAGATTTAAGCTAAG,1396
GCAAACTCACATGCGG,1396
GTGACAAGAGATGTTC,1396
TGTTCAAAAACACATA,1396
AAAGCATTGTCGGGCA,1395
CCGAAAAAAAGTAAAC,1395
CTCTACTTGCCAGAAT,1395
GATTCAAGACATCTAT,1395
AAAACTGGTATCAACG,1394
AAACTCAGTAAAAGCG,1394
ACCTTGAGTCAACTAT,1394
AGAAATCAAGATTAGG,1394
CAAAAGCAAACTACGT,1394
CATAAAACGGCTCGAC,1394
CTCAAAGGGTATTCTA,1394
GACAATATAGGGACGT,1394
TCCAACACTAGCAGAG,1394
TGCAACCATGACAACA,1394
ACTCTTGAAACCGTAA,1393
ATATCCGTATAGCGAG,1393
CGCTGTGGTTGAATCC,1393
GACGAAACAACTACAG,1393
AGGATTAGAATTCCAT,1392
ATCCCTGAGTTTAAAG,1392
ATTTCCTAAGCGCACG,1392
GACATATGTCGTGAGA,1392
GCCAATCACTATATAA,1392
AATAACCGTTATCTTA,1391
CACTGTTGTATTGTAT,1391
CCACTAACCAAGATGA,1391
CTACCGAGCGGTTTCA,1391
GTGCAGATGCGACATA,1391
ACAAACTTATACTGAC,1390
CGCAAGCCGGTGGGAA,1390
ATAGAAGGATCGCGCA,1389
ATCTAACAATACTTAA,1389
GAGTAGAGATAACCAT,1389
TAAACAAATGAAATAA,1389
TAGAGAAATCTCAATC,1389
TATTGGAAGTTTAAAT,1389
ATGTGATTTCGGGAAG,1388
ATTAGCGAACACCGAA,1388
TAATGCCGTCACCACT,1388
TTATACAAATTGCGTT,1388
AAATACCTGCATATCA,1387
AGCCAGCCTGACGCCC,1387
CCGCCTATCCACTGAA,1387
GAACCAGTTGAAAACG,1387
GTCTAAAAAGTTAAAA,1387
TCAAAAACCAAAGTTG,1387
TCCAACTGAAATATCC,1387
AACATCTCTACTAAGC,1386
ACGGTCTACTATACGA,1386
CTCAAAGGATTTGAGC,1386
GACATCACACCGGTTT,1386
TTGGAACAAACATACC,1386
AACGTACCAGGACATA,1385
ACATTTTCCACATTAC,1385
ACCTCAAGTAAAGAAA,1385
GAGAAACAGCAACCAG,1385
TGAAGGGTGAAAATAC,1385
TTTCCGTGGTTCAACA,1385
AAAGGAAATATATAAG,1384
ACCAAAATTTTAACCA,1384
AGAGAAGCACTTTTAT,1384
CCAGACGATCAACGAG,1384
CCGAAGCAATTGCTTA,1384
TTGTAGAAATTAAAAA,1384
CTGTCGATAGTAATCA,1383
TTCGTGAAATAAATCA,1383
ATTATTAAGGTTATAC,1382
CTTAACGATAACGATA,1382
GACAAATTACTATAGA,1382
AAACACAGCAACCTTT,1381
ACGAAATAGCCATGCT,1381
AGTTTCACATTAAGCA,1381
CAAACCTAGAATCAAC,1381
CGGGATCCCTAAGAAG,1381
ACTGCGAACGTTATGT,1380
AGTAGACCAAAAATCC,1380
ATATAGCCCCTGGAAA,1380
CTTATCGATAAAGCCC,1380
CTTCGAGTCATTTCTG,1380
GTGGAGTTAGAGAGAA,1380
TTCTCAACCTCGCATC,1380
CCAGTACTGACTTATT,1379
CCATCCGAACGTTGTC,1379
GCGGAGACAGGCTACG,1379
TTAAACAGCCGTATTC,1379
TTGGACGTACATAACA,1379
AATAAGGAATAAAATG,1378
ACAGACGTGTGAAAAC,1378
ACGAAACTCCCCATAA,1378
AGTACGAGGCGTTGTG,1378
CGGAACTAGTCGACGT,1378
CTGAACTATATCACCG,1378
TACTACATATATTGAC,1378
ACAATGAATATACAGC,1377
ATATAAAGACCTAAAT,1377
ATGTGAGATTTTCTCT,1377
ATTATCACTATATGTT,1377
TAACTCATTACTTCCA,1377
ACTCGGAGAGATTAAT,1376
ATTGCACGATCCAAAA,1376
ATTTTTCAACTTCTCT,1376
CTACCCTCCGCAGGCT,1376
AATTTTACAGAGAGTA,1375
ATTTTCTCCAAAGGCG,1375
CTCACATACATGACTA,1375
ACCATTATCCTATTCG,1374
ATCACAAAATCGTGCA,1374
ATCTTCTATAATAGTC,1374
CATGTAATGTTTATGT,1374
AGACACTATTCTTCTA,1373
CAATTTTTACTAGCTA,1373
CGTTTAAGATACTCGA,1373
GAAAAATGCTAAATAA,1373
GACGAAAACGATGGTA,1373
TCTATAACAGGCGGAC,1373
AACAACCGCAGTGTGG,1372
AACCCGCGACAAGCTA,1372
ATTCACAAGTGAAAAT,1372
TCGATGACGCGTCGAA,1372
TTAAAGTCAAGCAGGC,1372
TTTACCGCTGGAGGTA,1372
ATACAATCAATTCATC,1371
GCCGCAATAAAAGATC,1371
GTACGTTTTATCCAAT,1371
TACCGAGAATCGAGCG,1371
TATAGTGCCCTGCCCA,1371
ACACATGGGAAGTGAA,1370
CCCCTGCCTGCGTGAA,1370
GAAAAGCTGTCTAATC,1370
GAGCCGAAAACACAAA,1370
ACATAACATACACAGC,1369
ACCATAATGTAGGAAC,1369
CTTAGGCAGGCCCATT,1369
CCATAAAGAGGGGATC,1368
CCCACACCGAACATAC,1368
CGGAAAACATGAGAAC,1368
CGTGTTAAAATAACGT,1368
CTACCCCAGGTGGGTC,1368
GCTCACCACCAAAGCC,1368
TGCCAATTCACCACTT,1368
TTCAAAAGTCCTCGCC,1368
AAAGCTACATTGCAAA,1367
AGTGAAAACAGTACTG,1367
CAGCTATACTATGCTA,1367
GTTGAAGTAATAAAGC,1367
CACAATACATGAATCA,1366
GCGATTGTTTTCCGAG,1366
GTATTTCAGTTGAAAT,1366
GAGGCAAAACATGACG,1365
TGAGAGCTTAAATGTT,1365
AAAATCCTTCCTGCTC,1364
ACATCATCTAATGAAA,1364
ACATGGTTACGGCAGC,1364
ACCGAGTATAGAACTA,1364
AGGAATAAGCAGCACA,1364
CATAGGCAAGTCTAGT,1364
GAAGACTATCCCACCC,1364
TCACGTTAACAGAACC,1364
TGATGAACGAGGCATA,1364
ACCAATTCGAGGAATG,1363
AGTAATACTTTCCACC,1363
ATCCTATCTGCAAGAT,1363
GACGTTACAGGGCCGG,1363
ACCAGAATCCACTTTA,1362
ATACGACCTGTGTTGA,1362
CTCTAGAAACCACCCC,1362
GAGGATGCGTTTGCGA,1362
TAAACTATCTTGAATC,1362
TGCAATTATTTAATAC,1362
AAAGCCGTTTGAAGGG,1361
AACTATATATTTCACA,1361
ACTGTACCTACGTCAA,1361
ATATATAACAAGGGTT,1361
GATCTCCAAGCTGAAA,1361
TCTAGCTCAGATTTTT,1361
CCCTGATTACATTGGT,1360
GTCAAATGAAACAATT,1359
TAACAAAAACACTTCA,1359
TGAATCCGAATATTTA,1359
ATAAGCTATGATAGAA,1358
ATACAGTGAATTAACA,1358
GAAATAAACCAGTCCA,1358
TACGCAGAACCAACAG,1358
TGTTTGCCCACAGCGG,1358
TTGGCAAAATTCAGGG,1358
CCAAACTGTACCGGTC,1357
GTCCGAATATAAAAAA,1357
TGGCTAGCTGTTAAGA,1357
AACCTGAAAACATAGA,1356
AATTTGAGAAACGGTG,1356
CCCTTAGAGCTCAGTG,1356
GAAGGAGTCACGGCAG,1356
GACTGTATAAATTTGG,1356
GATATGGAATAGATAT,1356
GATGTGCCAGAAATCA,1356
TAGCTATCAGCTCATT,1356
TGGGCTTCTTGGAAAT,1356
AAAGCCCGACAATGCT,1355
CGAAACCCTTCACCCA,1355
GTGTGATGCATGTCGA,1355
TGAACCAAATCTGTCT,1355
TTTTTTAACTTCCACA,1355
ATTAAGAAGTCGCTAA,1354
CATAGCTTGCGATAAA,1354
TAGACAGGATTTCTGT,1354
ATCACTTAACACAGTC,1353
CGCTTAAAAAAATTAA,1353
GAGATTTAAACAGGGC,1353
TCACTGTACGCCCGAT,1353
AACGAAAGTTCTTAAT,1352
AGAACTGATTTATTAA,1352
ATAGAATGCAATACAA,1352
ATCAATAAATCTTGGC,1352
ATGAATTTAATCCCAC,1352
CAATTAAGAAATACCC,1352
GGTAACTTTCCTTTAA,1352
TGTCTAAACACAGCTT,1352
GAATCTAATCATTTAC,1351
GAATTCTAACAACCAG,1351
GCCAAACATACCAATC,1351
TACGAGATTATAGCAC,1351
TGTAGTTTACGCAATG,1351
GCTGCTCTTCCAAGGC,1350
TATAAGAGCTTGAATT,1350
TCCAGTATATCACAAA,1350
TGGTTAACACTTATTC,1350
ACTGGAAATGAAACAA,1349
ATAAAATGTATGAATG,1349
ATTCACAGAATTAAGG,1349
CACTTAGATTACCGGG,1349
CGATAAATAGGGATGT,1349
GCGCTTAATACCCTTG,1349
TAGTGATAAATACCTA,1349
TTGGAATCAAGCCTCA,1349
AAGATGACTATATCAA,1348
AATATAGGGGCACATG,1348
AATGATTAAACCTAAG,1348
CTATGTTTAAACCCTA,1348
GATTTAATCAATTTAT,1348
GGTAACTACCCCTTCA,1348
TGAGAAATCTGATTTT,1348
TTAAGAAACAGGCTAT,1348
AGTTAAATTTACTATA,1347
ATTAGTGGTGACTTCC,1347
CTCGAATAGCACACCG,1347
GTTTGCTATATGTAGT,1347
TATAAAATGGCTAACC,1347
TCCCCATCAACATAAC,1347
ACATCTGAACTAAGGT,1346
CACATAATGATGTGAG,1346
TATAAATCCCACTCGG,1346
AGTTGCCCTAGGCTTG,1345
ATGACAGTAGCAGACT,1345
GACAAAATTACAAACA,1345
GACGAAATGTAATATT,1345
GGACTAAAGCATGGTA,1345
TGGGCAACACCGATCC,1345
AAATGTTAATGGCCTA,1344
CATGAGTCTGTAATTA,1344
CCCGATAATATTCTCA,1344
CCTTCCATAAATGAAT,1344
TATGATTATATAATTT,1344
TCGAACTACCGCTTAT,1344
TTTAAAATAACATACA,1344
ATAATAAGCAAAAGCC,1343
ATTCTCGTCACATGAC,1343
GAGGATCTTCATTGTT,1343
TTGATTACCCTGAGCC,1343
AGGCAAAATAAGCTTC,1342
AAAAGCAACGTCAATA,1341
ACAGAGAAGAAGCCTA,1341
ATACGTTCGAGATGTC,1341
ATGACGTACTGGATTA,1341
CTTAAGACCCCAAAAT,1341
TTCGCACTATCCAACA,1341
CGTTATAAACGCTGCA,1340
GCACAGGCGGTGAGTG,1340
AAAAGCACTACCGGCT,1339
ATTAGACTATAATAGA,1339
GAGTCTAACCTCAGGC,1339
GGTCGAATCACCATGC,1339
ACAAATCAAAGAGAAT,1338
ACTATCCCATGGGATT,1338
CTAGCTTTATAGTATC,1338
GACTGATTAAGAAACA,1338
GCTCCTCAATAAACGG,1338
GGTATACTAGAGATTA,1338
TAATGAATTTACCGGT,1338
TAGCCTAGATTGAATA,1338
TGATTAAATTAACATT,1338
TTCAATCACAAAAGCA,1338
ACCGAATCGGAATCCT,1337
AGTATTCCAGGTGACA,1337
AGTCGCCCGCAAAAAT,1337
ATACTCGATGCGAGCT,1337
CATAAAAGCGTCTTTA,1337
CATAAGTCATCCGATA,1337
GAGGTATCTCGTTACT,1337
TATATCAAATCGTTGA,1337
ATATAGGAAAAAAAGT,1336
GAAACGACGATAACAC,1336
GATATCGTAAATGCCG,1336
GCATCGCCTGGAGGTA,1336
GGTTACTTCGTTGCAA,1336
GTACCAGTGCAAAATT,1336
TGTCATTAATAATTCC,1335
ACCCGATATGTTTACA,1334
GTCGCAACATCAGAGC,1334
TAATCCCTGGCACTCT,1334
ACCAATTGTGGCACAA,1333
CCTTCCTACAGTACAC,1333
CTTTAAGACTATAAAA,1333
TGAGAGGAAGGGACAG,1332
TGGTGTACTAAGTCCC,1332
AACTTAGTTCGTTACC,1331
GCGCCCGTAGTTTTTA,1331
TAGCTAAGGACAATCC,1331
AAGGCCGAATATTCTT,1330
CATCGCAACTATGATG,1330
CGGTCTCATCTGACAT,1330
GCTCCACCAATGGCAC,1330
TATTAATCAATCGGCA,1330
AGGCCGATGTTCAAAA,1329
CAAAGTCTTATACACA,1329
CTGATCGTTAGACTAT,1329
GTACTCTGACTTTTGT,1329
GTCCAGTAACGGCACG,1329
TATGCCTACTAACTAC,1329
TCTCCACTGCCCTTTA,1329
AAAACGCATAGCTTGT,1328
AAATCTCAAAAATGAC,1328
ATAACACTCATCCCCA,1328
GACGGGGTATCAATAA,1328
TCTAAAAATTAAGTAC,1328
TTGTTCCCACGTTGAT,1328
TTTGAATCGCCCTATT,1328
CAAACTAATGACGCGC,1327
GAAACCGTTAATAATT,1327
TTATTTAACGATAACG,1327
AACGACGGAAGCTCAA,1326
AGAGCAATCTAGACAA,1326
CTTTTATCTCACTAAG,1326
GTTAATTCGCAATACC,1326
AAACCCCAACATGAAG,1325
ACGCCAGGCCGAAGCG,1325
AGACTTTATATCAAAG,1325
ATCATATGCAAATACC,1325
GACGAACCCAGATAAA,1325
GTACGCAATAAAGTGT,1325
TTATGCATCCCATAAT,1325
AAGAAGGATAATAAGA,1324
AATTGAAATCCATTCC,1324
CCCGCCCAAGATATAA,1324
CGACTAAATATAATCT,1324
TATTTACCTAATAATA,1324
TGCGAACTCAAACCTG,1324
CCCCAATACTATACGA,1323
AACAATCCCGCTGCAC,1322
GCTAGTCTTATGGATA,1322
GGAGTGTATGATTCAA,1322
GTTTGATCCTTCCATA,1322
TCGATAGTCAACAAAG,1322
TTTGCACCAGTAATGG,1322
AAATACGAAACTTCCC,1321
CAACAAATAAGATCCC,1321
AAGCAACAAATATTGT,1320
CCGGGTTTCGAGGAGC,1320
CCTAACACTAAAGTGT,1320
TATAAAGTAGCAACAT,1320
TTCTAGGATTACCGTT,1320
AACCAGTATTCTTTAA,1319
ACAAAAATTCAATAAG,1319
ACGTCATATTAATGCC,1319
TACAAAATCACAAGCT,1319
AAAAATTTACCAAACT,1318
ACAAGTCTAGCGAAGC,1318
ACACGTAACTAATTTT,1318
CCTCATAGTCATTTCC,1318
AAATCTTATTTATCCG,1317
ACGACCAAATAATCAA,1317
ACTGGGCGCTAGTAAA,1317
CAATATATCTCTTGCT,1317
TAGGAAACATAGCACA,1317
TATGGTCACTGAGCTA,1317
TGTAATAATCAATACC,1317
TGTTGGAAAAAATAAC,1317
TTTCGTCATGAATTAT,1317
CAAGCCATAATCGCAT,1316
ACTTACAACATACAAT,1315
CACGTAGACTATGTAC,1315
CATGACATTTGCAGAA,1315
CCAAGCCGTACGAAAC,1315
CCTTTAGTCCAGAAGA,1315
GGGAGGCATAGTACAT,1315
GTGTAACCCTATCGAT,1315
TAATAGAAAAAGTTAC,1315
TAGCAGAGCATAATAT,1315
TTATCCGGCAACGTAA,1315
AAAGTTGCAGAAACGG,1314
CCACTTTTGAGACTTG,1314
GAAAAGGTTTCACTTA,1314
GTCCAGTAGACTAAAC,1314
AACGGAATTTCGCTAA,1313
AAGCTTACACTCACAT,1313
AGGAATAAATATATCA,1313
CCGAGTCAAAGACCAT,1313
CCGTAACCGTACCGAT,1313
GACAAGGAGGCGATCC,1313
GTTTCAAACCTTAAAT,1313
TTTAGCGTACCATACG,1313
CAAGAATGTTCCAAGA,1312
CATTCCCCAACAGTAA,1312
GACTACCTTTCAACTT,1312
GAGAGCTACTCCTACA,1312
GTGAGCTACTCAAACC,1312
AACAATGAATGTGCTA,1311
AGTACGAGTACTGAAT,1311
TGTTAATTGCTCTATA,1311
ACACCGCTTAAACCCC,1310
CCTTTCCGAACATCCG,1310
CTATAAACGACCGTGT,1310
TCAATAGGATTCTGGA,1310
TCTATCCGCAGCATTA,1310
AATACCCATAGTGCCA,1309
ACTAAACAATACTACA,1309
AGATCACAACACTGTG,1309
ATTTTCACCTAAATGG,1309
AAAAAAATGGGAGTTA,1308
AACCATATCGGAGTGA,1308
CACTTATGTCTAATCG,1308
CTTTATCTATAATCGA,1308
GGGATAAGATATCAGG,1308
GTTGCTTCTTTACACA,1308
ACAGATCCGGGATAGA,1307
CACTGCCAAAAAACGC,1307
GCAAGTGAAAAACTTA,1307
AGACTATTAGCATAAG,1306
ATCCTAGCCATACACA,1306
CTGACAGCAACTGCGC,1306
CTTAAGCAACTGAGAT,1306
GCTTCTTAAAGATGTA,1306
GAACCAGAGACCTAAA,1305
GGAAACTAATTCCAGC,1305
TAACATATCTTTTTTA,1305
TTTAAAACCGATCACT,1305
ACTAAGACGATATTAG,1304
CAACTGATTCCATTAA,1304
AAGGCAAGGATAGAGA,1303
CGAACGGGATGGTCTC,1303
CGATAACTTTATGATA,1303
CTAACGGACAAGATGA,1303
CTCAATGATACAGAGC,1303
TGAGCTCACACTTATT,1303
TTTCAAAGCTCAGGGC,1303
CTAACGCTTCCGACGC,1302
GACAAAGATTATGTAG,1302
GACTGAAGCCCATCAA,1302
TCTTATTTCTTGTCGT,1302
TTCTCCATTTCTCAGT,1302
ACCCTTACACATCTCG,1301
CATCTACCGAACAATA,1301
GCAATTCTAATAGACT,1301
AGCTCTTGAACACTTG,1300
CAATATCACCAAGCAC,1300
CCATTATTAACCACTT,1300
GAGAGTTCAATGATAC,1300
TACCTCCGAACTAAAC,1300
ACTAACCCCAACTTCA,1299
ATAGTAACCTGATCCC,1299
GTGCTTTCGAATAACA,1299
AACGCATCCGACACAT,1298
AGGAGAACAACGCTGT,1298
CAGCGATCAAAATCCT,1298
CATCATAATATAGACA,1298
GACTGTACGCATACCA,1298
GAGAGGTTGATCGCCT,1298
TCAACGTAGGAATTTC,1298
TCAAGTCGGCTTCATG,1298
ACATGCCAATCTATAA,1297
AGTCATAGACACCTAT,1297
CATTAATTGGGAAAAA,1297
CTATTGCGACGCCCGT,1297
GACGATATATTTTAAT,1297
TAGCAATTTCTCTACC,1297
TCAAATATGAGAATTT,1297
TTATGTAAAATTATAT,1297
CCGTCGTCGAGAAAAA,1296
GAATCAATCCTATATC,1296
GTCCTGCGCTTTAGCA,1296
TACCTGAATTAATCCC,1296
TCAATAAACGTAAGTT,1296
AACGGTATGAACGACA,1295
AAGATGACTACGGAAA,1295
CATCTCTTAGCATACC,1295
GGGAATCCTTGATCAT,1295
TATCATATTACAGAGA,1295
TTCCGATAAACATCAG,1295
ACCATTCTCGCCATCA,1294
GCAATTACTATTTCAA,1294
GTGATTCGCGTAACCA,1294
AACTAATAATTATTGA,1293
CAAAATTTTGTGCAAA,1293
CAGCCAGGTGAACCCA,1293
CTTATGTTAGACAGCT,1293
GCAGAAGGCAGGCTAA,1293
TACCTTCGAACCTAGA,1293
TATATTAACTTTCCAT,1293
TATCGTAGATAGTTAA,1293
AAGTTTTTTAAAACTA,1292
ATTGAAACTAAGTGCG,1292
GAGACTACAGAGGGAA,1291
GAGCTTAGGCCTTAAC,1291
GAGTAATGAATGAAAA,1291
GCCCATATAAATTACA,1291
TTATAGAAAAGGCACT,1291
TTGGAGTGCATATCAT,1291
AAAAACGATAACCAAA,1290
AAAAGTACCTGATTTT,1290
CAAATTACGATAACGA,1290
CGTACTGCCATATAGA,1290
GTCTGCTAACCAATAC,1290
CGAAGTAAGGAAACAG,1289
TATAATCGAGGGAGGG,1289
TGAGTTAATGTCGCCA,1289
AAAACGGAAAAAATAT,1288
ACAAATCTTAACCCCA,1288
AATATACCACCGTTCG,1287
ACTTACCGTATCGGGC,1287
AGTCTTCAAGAGAACC,1287
ATCAGCACCAACGTGT,1287
CAATTACAATAACTCA,1287
CAGTTAAATTCAAATG,1287
CCAGTCAGCAAGAACA,1287
CTAGAGATAAATTAGA,1287
GACACTTACGCGAATC,1287
TACAACGAATCGAAAA,1287
ACACGCCCCTCACAGG,1286
ATCTTACGAAGGTCCA,1286
ATTATGACATGCCCCG,1286
CAATTATAACAACAAG,1286
GCCTAACCACTCTGGT,1286
GGAAGAGAAACATGTA,1286
ACTATCCAACAAAACA,1285
AGTTGTAAGCAAACAA,1285
CTGCCAAGCAAACTAA,1285
GACATTCCAACTTCAC,1285
GTTCGAGCATGGATTC,1285
AACAAGATCAATGGCC,1284
AATAATGAAACGTCAT,1284
ACGACCCACGAAGAAA,1284
ATCCCCTAAAAAACAT,1284
CAATTGAATGGGAACC,1284
GAAAACCGTCACTGGT,1284
TAGTTTTGCCTAATAT,1284
ATTCTTAAGGTACCAA,1283
TAACTAGACCTATCCA,1283
TCAGTCTACATTGTTA,1283
AAGTGTCCCAACCCGA,1282
AGACTGGAACATTCTT,1282
CCTCCGTGGGTTAATG,1282
GTGTTACGGAAGCGAA,1282
TTACTATAGAGCGCCT,1282
TTCCAACGAATAATGA,1282
AAAATTCGCGAAACAA,1281
CATAATCAAAATATAA,1281
CGCATCCTACAAGCAT,1281
CTTAATAACCAACGAT,1281
AGGAAATATTTTCACG,1280
CAACAAACATCTACGT,1280
CAACGCTTTTGAGATT,1280
GAAATCGTATAGCGAT,1280
GCTTTGTGCACAGGAT,1280
AAACATAAGCAAAGCG,1279
CACCACGAGCTACCAG,1279
CGATTACTGATAAACT,1279
TATCGGAACCAGCGAG,1279
ACAACAATTCCTGTGC,1278
AGGGGTCCAAAAAAGT,1278
CCAATCAGAACATATA,1278
CCTCAAGAAAGAATAT,1278
TGATCCAAATAAATCA,1278
AATTATCGATTCATCC,1277
ATAGTAACTGAGCAAT,1277
CACAATTGCGATCACT,1277
CACGGACGATCAGCCA,1277
CCGTATACGATTGAAG,1277
GAGTGACCGTACTCAT,1277
TAAGAATCTACCCCAA,1277
AAACGAGAATTATTCA,1276
ACGCTCATACCAAATT,1276
ATAGTTATCATTGACA,1276
GAGATGCCTGATAACA,1276
TAGAACTTAGAAAAAA,1276
AAGCTGTTATTAATTT,1275
ACGAAGAGATACTGTC,1275
ACGCATACATATGAAG,1275
CTTGGCCTGGACTTCT,1275
TCCCGATAACTGACTA,1275
TCTAGAATAGCTGATC,1275
ACGCGCCTAACAATGA,1274
AGGCTTCCTGACAGTG,1274
CCGAATACAAGTTACT,1274
TTTAATAAGCCAACAA,1274
AAACTGATTGTCATGG,1273
AAGCATGATAAGATGA,1273
AAGCCCGCAATTCTAT,1273
ATTGAAAGATCTCGAC,1273
CTCCGAATATACAACT,1273
GATAAATCCAAAATCT,1273
GATTGCAGCCCAAAAC,1273
TAGTCGAGTCGACTCA,1273
AACGGAGCCTACTTTA,1272
CAAACTATCTAGAGAA,1272
TGTAATGGAAATGGAG,1272
TTCTCGTGACATTTTG,1272
AACATTTCCAATTTTT,1271
ACGCAAATTGCGAGCC,1271
AGAGAGCATTACAAGG,1271
AGGGCTCGTATAAAAC,1271
CAAACATAAACAGAAC,1271
TAACGGCCCAAATTTG,1271
TGAAGCCAGAGGAAGC,1271
ACGAAGTGCAAATTTG,1269
AGTCCCTGCTATTATA,1269
ATCAAAAGGAGAACTA,1269
CCGCACCACGCAGTGG,1269
GAAGAGAAATACTCAA,1269
GACCAATATCCTAACG,1269
GGAGACGCCAAGTTCC,1269
GTCTACCTACCATTTC,1269
TAAGTCTGAGACAACA,1269
TATACCGTTCAACCAA,1269
AAAATGAAACAATCAC,1268
AACTTAACAAACGCCA,1268
ATCAAAGCAAGCTTGG,1268
AACGTAAAGAAGGGAC,1267
AGTTAATAGCTACTCT,1267
ATAAAACGACGAAAGG,1267
ATTCGCATGCTAAACC,1267
CCAGAATAGCAAGCAA,1267
GCTGGCTTAAAACACG,1267
ACGTATCCAAGTATAA,1266
ATATAACAATATCTTA,1266
GTATGAAATACAAGAG,1266
AACAGCCCTAAATTGA,1265
ATATAACATATAGAAA,1265
CGATAAACGACCGTAG,1265
GGGCTACCCTAAGTCC,1265
TCCATCAATGTTTTCA,1265
TGCCAAATAAATCGAT,1265
ACCAACCCTCTAAGTT,1264
GATCTCTGGTAGTCTT,1264
GTGTTTCGCCAGACCT,1264
TAAAAAAGTCAAAATA,1264
TAACACAACGCAAAAC,1264
TCCAAGAAATTAACAC,1264
AAGCCAGAAAGGATAT,1263
GCCGTGCAATGAGATG,1263
TAAAACTGATTGTAGC,1263
AAAGGCCAACTAACTT,1262
ATCAAAACAGGATGCT,1262
CTTCGGTGCACCAAGT,1262
GACAAATAAATAAATC,1262
GACCTTGTTGCCACCG,1262
TCTACCCTTGCAGGTG,1262
CAGACCTAACAGAGAC,1261
CGACCAACGACTAATT,1261
AGAATCAACTAAGCAG,1260
ATTAGTATAAAAAATA,1260
GACTAGACGAATATTG,1260
ACGGCAACACTTACAG,1259
AGGAAAGATAGGGCGT,1259
CCTCCCTGCACCCATA,1259
GGGGAATCTGTACGTC,1259
TTCACATGCAAAGAAT,1259
AAAGTAGAAATGTACG,1258
AACAATTCCCAGGGCC,1258
AATCCTCATTCAAACC,1258
CTATGAGAGACTAGGT,1258
GATGACACATATCTGT,1258
TAGTTTCAGTGATGTA,1258
TCATTGAAGTCCAACT,1258
TTAACGATACATAACT,1258
AAAAGTCTAGAACGAA,1257
CATTCACTTTGGATAT,1257
GAAGAAGACAATCATA,1257
TAAGTATTATTAGCTA,1257
TATTACTGTATAATCG,1257
TCCATCCAACCCCCTT,1257
TTTTAGCAGGGGACGC,1257
CTTGTGGAAATCCGAG,1256
GAACTCGGCTGTTTTA,1256
GACCGCTACACCCCGA,1256
AATTGATCGCGACGTA,1255
ACCAATTATATTCCAT,1255
ACCCTGACCAGATATC,1255
GAACTCGAGTGCCGTG,1255
TGAAGCCAAACACTTA,1255
AACGTTATATAAAAGG,1254
CACCGCATGTACAGTA,1254
CTAAAGTTCGGGCAGC,1254
CTTGCAGCTGCAGGAT,1254
GCTCTCCACACATTAA,1254
TAAACCGTATGTGAAA,1254
TGCTAAAGAATCCGTG,1254
TTTATGACCCATGACT,1254
ATATGCATTGGGACCC,1253
CAAACCAAACCGAAGT,1253
CAAGGGGCTTTAAAAT,1253
CGAAACTCCCCTGAAC,1253
GAGCATTTCATTCATT,1253
GATACCAACAAAGATA,1253
GTAAACACCACTACTA,1253
TAATGCATCTCAAGAC,1253
TACCCCGTCGGTTTTC,1253
CAGCTATCCAACAACC,1252
AAAAAATATGTTGACC,1251
ACCCAATATGTTGAAG,1251
AGAGAAGATCGAAGCC,1251
CACACGATACGCACAT,1251
GTAGACGCCCTGTACG,1251
GTATAAGTAGTAAAGC,1251
TAAAGTTATAAAATAC,1251
TACTCGACTCAACAAA,1251
AAAAATACCTTGCGCC,1250
AGTGATCCACTCAATA,1250
CTACAATTTAACGAAC,1250
GATGCTTCCACATCAC,1250
GGACGAGAATGATAAC,1250
TTAAAAGGGAGCTAAC,1250
TTAAATATGTGTCTAT,1250
TTACAACATTTGAAGT,1250
AAAAATTTATTCCTGA,1249
AAGCATTTTGCCCATT,1249
AATGACAACTAGACTA,1249
AATTATTATATAAAAT,1249
CACGCATACTACGACA,1249
AAATGAGATGCTCAGA,1248
ACTATAAATATGCTAT,1248
CACGAGATACTGACAA,1248
GAACAGTGGATCAAAA,1248
AGTAATTAAAATACCA,1247
GGTAAACTCACGCACA,1247
TTCCGGTACAGTAAGC,1247
AACAAACCGCCGACAA,1246
AATTAAGCAAGATAGT,1246
ACCCACCTACACCACT,1246
AGAGCTCGGCAGCTTG,1246
ATATAAGATAAGATAT,1246
ATTGCAATATCACAAA,1246
CATTTCTCCGCTAATT,1246
GCCAAATATTTAAAGG,1246
TAGCGAGTAACATGAA,1246
TGCCAATAAAAGGTTC,1246
TTACGGTAACCAGCTG,1246
ATGCTGTCCGTAGATG,1245
GTGAACCAGGCTATGG,1245
AAGATATATCTAGACA,1244
AGAAAAGGGAAGAAAG,1244
ATGATGAAATTTGTTA,1244
CCGTAGACTCCAAACG,1244
GAAATAATAATCGGAA,1244
GATCCAAGTTAGAATA,1244
GCCCCCGGGATACGCA,1244
TCAGGATTGAAAAGCC,1244
TGGAATAAAAAAGCCG,1244
CCTTTAAAATTAACAA,1243
TTTACGTCAGAGACCA,1243
AAATATCCTAATCTAG,1242
GGATCATCGGTGTCAA,1242
GTAAACCAATCATACA,1242
AACCAGTAATCGGAAT,1241
ACTATGATATAAGCCA,1241
CTATTCGTCCCAGGAG,1241
TAGTGCTGTAATTCTT,1241
TTCAAGGTCATTCAAC,1241
TACACACAAATGCCAA,1240
TTTGACCAAATAACTA,1240
ACACATAGATAGTATG,1239
ACCACATTAAATCGAA,1239
GGGATCGGCCTGGAGG,1239
GTAAAACAGAAAAAGT,1239
TTCATCAAGCGTGACA,1239
ATCTTGCAATTGTTTA,1238
CCGGGAAATCAGCAAA,1238
GAATTATACACTGCTC,1238
GTCGGAAAACAAATGC,1238
ACATTAACAAACAGTG,1237
CAACCCAAAGCTGAAC,1237
GATGCCATTATGTGGC,1237
TCTGATCATGATAAAA,1237
AAGTCCCCAAAATACG,1236
ACTCAAATACGAATGA,1236
ATTTTAGGGAAAAAAA,1236
CAATAATCGCACTCCA,1236
CTAGTATAATCCCACG,1236
GATAACTCCAAAAGGG,1236
GATATACATAGGCTGA,1236
GTTATGTTATAGAACA,1236
TACTATTCATAAACCT,1236
ACGAAAAATCCAATTA,1235
CATTGACGGCTTTGTA,1235
CGATTGTTTAAAGCAT,1235
CTACCTTGTTCTTGAT,1235
GCGAAGCATCAAAATG,1235
TGTCTGACACTTATGA,1235
ACGAAACATGAAAGTG,1234
ATGAATAATTAAAGCG,1234
CCAAACAGACTCTTAG,1234
GAACAGCATGGGAACA,1234
GACGCTGACACCACAA,1234
GGCACCAAGTTATTCT,1234
TAGTTCCTTATTTTAT,1234
TATAATCAGAGCCTCC,1234
TCACCATTGAGGTTGA,1234
ACAACCATCTGTCAAG,1233
CCACTCACAACTAAAA,1233
CGCGGGAGCATCTGGT,1233
GAACCTACTTCTCGTC,1233
TACTCGTAATAACCTA,1233
TGCTCACTGACATGAA,1233
AGTAGAAAATTTTCTG,1232
CCACCCAGGTATAGTG,1232
CCGTACCCTTACACAA,1232
CTCACTCGACTAAACT,1232
GTTCAACAATACGCCA,1232
TATGAAATACCAATGA,1232
TCAACTGAGTAGAAAG,1232
TCTGCTATGATTTCCA,1232
AAATTATTTCTGATTT,1231
AATATAAAGTCCTCAT,1231
ATCACCAAAAGAATTA,1231
ATCTACAATTATATGA,1231
CAATATAGCCCAAACC,1231
CGAATAAATGGCGCCC,1231
GCCGATTGTACCGAAC,1231
TCCCGCTTCACAGACG,1231
AAGATTCCACCACTCC,1230
ACAATATAGCATTCTA,1230
AGAAAGAAAAAGGTGG,1230
AGACCCAATATGACAG,1230
CGAACACCAATAACTA,1230
GATACTGCCCTAAAGT,1230
TGAATAAGTGAATCCA,1230
AACACAGCAGCCTAGT,1229
ACCACACGAAGCTTAT,1229
ACCCGAAGAAGCAAGA,1229
CACTATTCTTGACCTA,1229
CATTAACTTGGCGTGG,1229
CGAATTGATTAAGACG,1229
GAAAAAACAGCCTAAG,1229
GTACAAACAGGCGAAG,1229
TGAAGATCCGACAGAT,1229
AAACAAGTTTTAAACT,1228
CCCTCGGTGAATCAAT,1228
GATATCGCATAACGAT,1228
GCAGGTGAGATAGTTT,1228
GGGCACGTGCCGTAAC,1228
TGGTACGAACGCATAG,1228
ACGAAGTGAGTCACAC,1227
ATAAATTACAACAGAT,1227
CGTAGTAACATCAACA,1227
CTGGATATTCACGCTT,1227
GATTAACTTTGAGGTA,1227
AATTAAGCCTATTCAG,1226
AGCATATCACCAAACC,1226
CGAGGAAACTTATAAA,1226
TACCCTCATGAGAAAG,1226
TAGCGATCAATTATTC,1226
AGCTACACAATCCGGG,1225
ATATGATTATACAACG,1225
GCTAAATTATATGAGA,1225
TGGGATCCTCCTGGGA,1225
AGCATCGAAATAACCT,1224
CAAACGATTCCGCCAC,1224
GACAAATAAAATGAGC,1224
GTCAAAGAGTGAGTCG,1224
GTGCCTAATGGTATGA,1224
TTGTTACTTGTTTAAT,1224
AATAGTGACTAACGTG,1223
AATTATGTAATTAACG,1223
ACTTCTAATATACTAC,1223
ATTGTAGGACGCTGGT,1223
GCTCAGTTAAGCCATA,1223
TAATCTTAATATTTCA,1223
TCCACACTGTATGTCG,1223
AATTGCGCCTACCGAC,1222
ACCTCGGGAAACAAAA,1222
ATCCTTTACACGAGCT,1222
ATGACTGTGGACGACT,1222
CAATCTAATACCGACT,1222
CCCTTAAAACAGTACC,1222
TTTCTAACTACACCCG,1222
CACAAGAGACCTAGGC,1221
TAAAAGAAAAATAACG,1221
ACCAGGAACAAGAACG,1220
CATACTGTATGCCTCC,1220
GAAGATTAGCATAACA,1220
GGAGTAATCCAACATA,1220
GGGGAACATCAACCGA,1220
AGATCCAACGCTCAGA,1219
ATCATACTGATCAACA,1219
TAATCAAAAACACGGT,1219
TTATTTTATGGCAAGA,1219
ATCTGTTTGAACATAG,1218
CGCAGAGGAAGACCTG,1218
GAGAAGGCACATAAAC,1218
TCGAACACTATCCATA,1218
AGCTGAAACTTATAAG,1217
AGGATATAGCTCAATG,1217
GAACCTAAAAGGAAGC,1217
GACAATAACGTCCGAA,1217
TATGAATCAACTGAAA,1217
ATGGCGTAAGTAGTTA,1216
CAATGTAACGCTCGCC,1216
GAGGAAGTGCTCTATA,1216
TTGCTAATTTTACAGA,1216
GCCACATACTTGCACC,1215
GCTAGAGCCCTGACCT,1215
TAGTCACCCATGGAAC,1215
TTTATAACATCCGCGT,1215
AAATACACAACAACGG,1214
AAGGAAAATGTTAATC,1214
AATGCATAAATAGAGG,1214
CCAAGAAATATGCCGA,1214
TCAACATGAAAGGAAT,1214
TTTTAACCCCAAGCAA,1214
ACAGATTATCGACGGA,1213
CGAACCGCTACTGCGC,1213
GTCCCGTGAACCCAGG,1213
TAAATTTGGCATTGAA,1213
AAAGCCAAAAGGCAAT,1212
ACAACTAATAGTAAAT,1212
ACCGTGACTTTTTAGT,1212
GATGCCTGTGGTTAAA,1212
GGTAAAAATGCAGATC,1212
GTATATACTAAGGGCC,1212
ACGTCACTCCTCGCAT,1211
ATAAGAGATGGTCGCG,1211
ATACTTCCGCTGTGCA,1211
ATCGTTATCCAATTTT,1211
ATTTAGATAGGGTTAT,1211
CCACTTAGAGAATAAT,1211
CCATCCCATGAGAATA,1211
GAACATTAACAGGGAG,1211
TACACCAGATAAGAGA,1211
TAGCTCGCACAGGAAA,1211
TATTGCCTACCCACGC,1211
TCCAATCAGCTCACTT,1211
AACCTACTTATTGCTT,1210
ACAATTGGGCTCGCAA,1210
AGATTAACGAAAAACA,1210
ATAAAACACGCACACT,1210
TGGCGTTCAACCAGAA,1210
ACTTAATTAAGTATAC,1209
AGAATAAGAAGGTAGA,1209
AGCGATGACAACACTA,1209
ATATTTAATTCCCATC,1209
CGCCAACAGCCAACCG,1209
GAGTATAGAGCGTTTA,1209
GCTCGGAGTCGCCTGA,1209
TACAATCAAGGACGTG,1209
TGTTTATTAAGGTGAT,1209
AGTTACAAGGGCGATA,1208
CCAATTATACACTAGC,1208
CGAGAGTTTTAAATCG,1208
GTCTATCTCTAAACCT,1208
TAAGTACGATCAGAAA,1208
TAGGACTAACCTGCCT,1208
AATCCAATAACACTAC,1207
CAATACTCACTATAGT,1207
GAAAATCCGACCGACA,1207
GATCCCTATAAAACTT,1207
GGAGCTTGGTATCGCG,1207
TTACCCCCTAAGAAAT,1207
TTACTAAGTATCCATG,1207
AAATGTCAAACGACAG,1206
AGAGCCGATATTGGCT,1206
ATACCGCCTATTATAT,1206
CAATCTCATTACATTT,1206
CCCAGACCCTGACCGG,1206
CGTAATACCCCAACAG,1206
GTATAAATTATTCAAT,1206
TAACGAAAACGTTTTC,1206
AGGCTTTTACTCAAAC,1205
CCCAAATGAAATTAAG,1204
GAAAGTTCCTTCTAAA,1204
GACCAACACTCACCCT,1204
GCAATAAAGATCGTTA,1204
TAAATGCATCAACAAG,1204
AATTGTGATTCCGTCA,1203
ATCCACCCCTAAACAT,1203
GGGAGGTTAGGAGATA,1203
TAACGACCAGGGTGTC,1203
TAGAAACCATATACGG,1203
TCCGGCATACTTAGGT,1203
TTGAGCATCCAAATAG,1203
AAACTTGATGTGCTTG,1202
AAATTCATCTATGATT,1202
ACACAATATCGTTTCT,1202
CAAAGGATAAGTGGCA,1202
CACGGAGTATAAAATC,1202
CAGATACGCACTGTGA,1202
CTATCTAGACTTTAAA,1202
GCACGTACCCCGGATA,1202
TGTCACAGTATCTGTC,1202
CACGAAGTATGAAAAC,1201
CCCTATAAACTGCGAA,1201
GACCGAGCATGACGCA,1201
TATATCACACGCCACA,1201
CACATCCGCCAACTCT,1200
GTTACTAACATACAAC,1200
TAGTCAGGACTTGCAT,1200
TCGAGCTACCCTATCA,1200
AATACTTATGTAAGCT,1199
AGTTCAAGTTAACACT,1199
CCACTTTGCCAATGAA,1199
TGCTTCGACAGGGCGG,1199
AGTCCATAATTGAGCT,1198
ATAGATAACTGACGAA,1198
CCATGACCTCTATGAC,1198
GCTAATATATAGCCAT,1198
TAAAGAATATCAGAAC,1198
TCATTATCGTTGAAAC,1198
AAACATTAATATCACC,1197
AAGTAAGCTCTTGTAT,1197
ACTTTGTATTAGGCCA,1197
ATTTCTTTAAGACAAA,1196
CCTGACACAATATCTC,1196
CTAACACCAGCGGGTC,1196
GTTAATATGAGACTAA,1196
TTCTTTAAGCGTAAGC,1196
ACCAAGTTGACACTAA,1195
AGCTGTGTTCTGAACA,1195
CATCCACCAGAGGATG,1195
TTTCCATTCTTAGCCA,1195
AATCATTATACCCCCC,1194
ACAAAATTTATAGTGC,1194
CAGTATCACCCGTGAT,1194
CATAAAACACTATCTC,1194
GACGGAGCAAATTACA,1194
GAGCGCATATCAATTT,1194
TGCATTAGGCAGACTC,1194
AAGTACAATACACAAC,1193
CAAACCACGGTAACCG,1193
CGAATCAAGCCCTGAC,1193
CTAAGAAATCACATAT,1193
AACAAAAAACTACGGT,1192
AATTAAACTAACCGTA,1192
ACAATAACACAGAAAC,1192
ATATCCGAATGAGCCT,1192
CACGGGGTCATTAAGC,1192
CGATAAAATTCGCGCC,1192
GCCTACGCAACCCAGG,1192
TGAGGTGACGAGAGGG,1192
TTCAAGACCTAAAATG,1192
ACAAAAGAAAATGTTA,1191
AGGCCGTGAGCCCACA,1191
AGGAAATAACCAAATA,1190
AGGGGGAAACTACCGT,1190
ATCACACTACTCTTAA,1190
ATCCAAATTAGGAACT,1190
CTAGCTTCCTAGCCGA,1190
TGTGTCGTTGATTCTT,1190
TTGACTCAAAAGAAAT,1190
ATCACCCACGGAACAC,1189
CAAAGTTAACAACCAT,1189
GCAGCAAACGTCTCGC,1189
AAACAATTCTAGCTAT,1188
ATCCCCGAATAAACAA,1188
CAAATCCCACTAAGTA,1188
CCTATGTAACAAAATA,1188
CGAATTCATGCTACCG,1188
GAAAAGGAACCGGTCT,1188
GAACATGCCCTTTATC,1188
TAATAGATGTTCACGA,1188
TACGAAATCAAGACAT,1188
TGGAGAATAGGCATTT,1188
AATGCAGGGTAACCAC,1187
CAACAAAGGTCACATA,1187
CAATTTTAAATACCAA,1187
CCAAACCTCACTTCGC,1187
GAACCAAACCCGAGAA,1187
GACGCACCCTTTAAGT,1187
ACTACAGGTACCCCAC,1186
ATCGGCGTCCATGACG,1186
CGCAAGCCACAGTGCT,1186
CTACGGCACATTCAGT,1186
TTTTACTCAACCAGGT,1186
AACTAAGCTTCCAGTA,1185
AGAGTTGTACGATATA,1185
AGATCGCACGCCGTAT,1185
CGGACTCGCTTACGCT,1185
GGTGTGCATAAACTCT,1185
AATGACTCAGTCCCAT,1184
AGTAACGCACGATCAT,1184
ATCATCCTATGGGATT,1184
GAGCTAAGTCTATGAT,1184
GCCCATCAAAATACAA,1184
TTAAAAACGCTAAATC,1184
CCAAATCCAATATCAG,1183
CCTAATTCGAAACGGC,1183
TGACCTTTTTAATACT,1183
AGCTCCGCATTGTCCG,1182
CACGGACACATCATAA,1182
GCTAGTTGCACTAGTC,1182
ACAACTGTTGCAGTGT,1181
CTGCTAACTACCCAAG,1181
TGCATAGAGCAGCACC,1181
AGACAATAGTTCAAAC,1180
AGCAAGAGCTTATTCC,1180
GAATAGTAGGGTGGTA,1180
GCAGTTATGGCTAGGA,1180
TACTGAACTGTAAACC,1180
TCAAGTCAAAACACAA,1180
TTAATAATTGACCCAT,1180
ATAACAGCAGACCGAG,1179
ATCCTTATCTGAGGGC,1179
ATCGATACAAGGCCTG,1179
CGATTACTGTGACATA,1179
GACTCTTACATTAAAC,1179
GGATCGTAAAATTACA,1179
GTTATTATACTGAGTA,1179
AAACTACACACAATCA,1178
ACTAAAAATTACATGA,1178
CCCGCATAATTTTTCG,1178
CTCATAACAAGTCCAA,1178
TCAGTATTAACGGATG,1178
TGAACATGTGTTCGTC,1178
TGTCGGAATTGTCGCG,1178
ATGCCAAATGAATAGA,1177
CATTCAAGGAAAATCT,1177
CGGACCCCGATTGGAA,1177
TGCTAAACATAAACTT,1177
ACTTCCAATCGATGTC,1176
AGAAACACAAATCAGA,1176
AGTCTACATCCGAACC,1176
ATATGCAGCACCACGC,1176
CGGTTCGACTAAAACG,1176
GACGTAGTTTCCCAGG,1176
GAGTTTGTCTAAAACC,1176
TAGAAGTTTGTGCCTA,1176
TCCAGTGTATTCTTAC,1176
CCTAAGCCACGCACTA,1175
CCTGGTAATAGCACAT,1175
GCATACAGTCTATTTG,1175
AGATCCACCATATAAG,1174
CGACATTCAGTAGAAA,1174
GCTATCATTTATCTGT,1174
GTCATTAGCGCAAACT,1174
TTACGAGTGAACCAAC,1174
TTTGCCACATTGGCGG,1174
AAACAAAAAACCGGGT,1173
AAGACCAAATAATTGT,1173
CTTATGACACGATATC,1173
TAATTTAGAATCGAAA,1173
TCAGCGAAATACCAGT,1173
AGACGTAGCCCCTTAA,1172
ATTGAGTATAATGTCC,1172
TAGAAACGCGGTCAAT,1172
TCAATCAAGATTACTA,1172
AGTCTATTAAGGAACA,1171
CATAATCTAAGATCAG,1171
TCCCAGGCATAAATCT,1171
TTTGAAGAATCTATAT,1171
AAGAGTGGAGCGCTAG,1170
CGAGACTAGGCGTGAT,1170
GGGGAACACTACATCT,1170
GTCACAACACACAAAT,1170
TATTTCCGACAACACG,1170
TATATGGGACCTAGGA,1169
AGGGCCATCGTTGATG,1168
CACATCAGATAGTAGT,1168
GAATTGCAAGCACATC,1168
TGCATTTCATGTATAT,1168
TTAAAAAACTATGTCC,1168
AGGAGGAAATTGTCAT,1167
ATCGTAATATACATAG,1167
ATTTAAAGGACTCCAT,1167
GAACTGAAAATAACAA,1167
TATGCTAGAGATATTG,1167
GCTCCATATAGCAATA,1166
GTATCGCTCTCCAAGC,1166
TGAATGGAAAAAGTAA,1166
AACTTGTAACCCAATT,1165
AGCCACTCCACTCAAG,1165
ATACGATAACAACACA,1165
ATCAACCATAAATTGC,1165
CTTATATAAAGTGTTT,1165
TAAAAATGCATAACCC,1165
TCCCAACCGACCTTCT,1165
AAACAGGAATCGCACA,1164
ACTACTTTATAATAAC,1164
CGAGTTGGTTATCACA,1164
CTTTCCGTTATTCACT,1164
TACCCGATGTTCACCG,1164
TACCGCGCAGAATAAT,1164
TATACAGTCAATCATG,1164
TATTAAATAACCCAAT,1164
TCTCCGAGGAACTGCT,1164
ATACTGTGGCACCACA,1163
CTAAAAGCCCTCCAGA,1163
GACATCGAACCTATAA,1163
GACTATGGTGAGTTGC,1163
GTAATTTTCCCCCGCA,1163
GTAGATTCCAGTAACT,1163
ACAGCGACGACTTCTC,1162
CCCTAGGGAAAATCTA,1162
GCACTATAGAGCTCTG,1162
GCTTCAAATTAATAAA,1162
GGCTTTTCCCTTTTAC,1162
GTTTTTTTCCACAAGT,1162
TAATGAACGTCACTTT,1162
TGAATTTCTCCACAGT,1162
ATAGGAGATGATTCTG,1161
ATTTGATCGGGCCCTA,1161
CAAAAACTGAACCTTG,1161
CCGATACACTTAGGAA,1161
CTCCAAGTCCATTAGA,1161
GATGTCGAGCGAACAA,1161
GTATAAACAGGAGTCA,1161
AATATAAAATGAATAA,1160
ACCACTCACAACGATA,1160
CACCTTACTTATGGAA,1160
CTATGCTGAGATATGC,1160
CTTATCAAACACAAAC,1160
GATAACCCCACCCCAC,1160
GCTACTCAGGACAAAG,1160
TCGGATACAGAACAAG,1160
TGCAAACAAACAAGAC,1160
AAACAGCCAGACATGC,1159
AAACGTTAATAATTGC,1159
AAATTCGAACTCTGTC,1159
AAATTTGCGGCCGAAC,1159
CACGTAACTGTGCTCG,1159
CCACAATAGTAAGTAA,1159
CGCGCAACCATTTAAG,1159
ATGTACCTTGCCAAGA,1158
CAGAGAAAACAATGAT,1158
GAAGAGTTCGCATACA,1158
TAATAACATGTAAAGT,1158
TGATTTAATTCGGATA,1158
TTGCAATACGGTAGAA,1158
AAAAAGTAAATTAAAT,1157
ACTACGAAACCCCTTC,1157
ATACACCCGGAGAGTG,1157
ATCTAGTATAGGGCCT,1157
ATTTCTAACAAACTGA,1157
GAAAAAAATATCGATC,1157
GACGCGACTCTGATTA,1157
TGACGGAAGTTTCCAG,1157
ACAGCAATGTACTGAG,1156
ACATGATCCGAAGAGC,1156
CACACCTGCGTGAGAG,1156
TCAAAATCAAAGCGCA,1156
AAATCAATAAATGGCT,1155
ACGTCCACAACATGAA,1155
AGATCACGAGATATAA,1155
CAAACGGTGCAGCATG,1155
CTGAACCAGAGTAAAT,1155
CTTGTCCATTAAAAAT,1155
TAGTGAGAACGTTCAC,1155
TCTCAAAGTGTAACAC,1155
TTAGTCAAGTTCATTG,1155
ATGTCAAACACAAGAT,1154
ATTCCATTACACCGTG,1154
CTGCCCATATTTGAGC,1154
GGCATCACCGGTAATA,1154
TCCCAAATCTCTCGTT,1154
AAGTGTGGAATTACGT,1153
AATAATAAAATAGCAA,1153
ACCTCCGCTTAATGGG,1153
AGTCTGAGTCAGTATT,1153
ATCCAACCCATTGTTT,1153
ATTTGCAGGAAAATAA,1153
CAAACATAGATTGACT,1153
CGAGCCGAGCGACGCG,1153
GAGGTCCAATGAAAGC,1153
TGTCCCGAATATGAAG,1153
TTGTTGCATTCATCCA,1153
AAAACCAACAATTAAA,1152
ACAGCGAAATAAGAGG,1152
TTAACCATAGTATCAG,1152
AAAACTCCTCCCAAAT,1151
ACCCCAATGCGAAGCA,1151
ACGACTTCACCATCAG,1151
AGATTTTAATAGCGCC,1151
CACGATCTTAGTGTTA,1151
TGTTGGATCAAATATA,1151
ACGGAATGAACTCAAG,1150
CTGATTAATTCAAATG,1150
GAAATTTTGGAACGCA,1150
GAGTAACCAAAACTCA,1150
GATCGAGACAAGAGCG,1150
AAAATGACGTAAGGGA,1149
AATGAGGATTATATGA,1149
ACATTCAAAAGACGTA,1149
ATAAAACGTGACGCCT,1149
ATTAGCAATGCATCAG,1149
CAATACCGAACAACGT,1149
CGGACAAAGTACAAAA,1149
GAAGCCTAGAAAAGTT,1149
GACTCAAGCAGGTCAC,1149
TTAGCATGATCACTCA,1149
ACCCAGAAGACGGCCA,1148
ACCCGAGCGCGATATC,1148
ATTCGTGCCGTCACAA,1148
CCGCAAATCCAAACTC,1148
GAGTATCTAAGACATA,1148
TCCGAGGATCAGGACA,1148
TGACGGGCTTACCAGC,1148
AACTGCTCTCTGCATC,1147
AGGTCTAGCTAGTAGA,1147
GAAAACTGACGCAGCA,1147
GATCTAAAGTTATAAA,1147
GTAACACAGTAACATA,1147
GTAAGCCAAAGAGATT,1147
TCGACATATCATTAGT,1147
AAAGCTACAGGTATGC,1146
AAATCTGCAGTCATAC,1146
GAACTCTTAAGCCAGG,1146
AAATATTATCAAGTGG,1145
AATGCTATTTAGTACG,1145
AATTAAAATATCTAAT,1145
ACAGAAGGATACTTCT,1145
ACTTATCCAATCCACA,1145
ATAATACAACCGATAT,1145
CAAATATCGTTGACAA,1145
GACAACTGCTAGGAAG,1145
TTCGCTACACATATAT,1145
ATATTCCCATGCCATG,1144
CTAACCATAAATTTGA,1144
CTTTCGACAATGACTA,1144
TAATTAGGAGTTTATT,1144
AAATAAAAAACTGGCA,1143
AGTTTACTATGACAAG,1143
ATAAGCCCAATCAAAA,1143
CAGAGAGGTCGGCAAA,1143
CGAAAGGAACGTAGAC,1143
CGTATATGCATGAGTG,1143
TACAAATTATTAAATG,1143
TACGACGCTCATGATG,1143
ACATCTAATATGGTGA,1142
CAAAGCTGAATTCCTT,1142
TAGATATATTAAAATC,1142
TATCCTACCAAATAAG,1142
AAAAACTAATATTGAC,1141
ATATTAATTGGTACCC,1141
AAGGTTACAAATGCAA,1140
ACTTCTTATTCGCCCA,1140
CGCATAATTAGAAGAA,1140
GCCAGCATAAACGAAA,1140
AAAAATTGAGTAAAAA,1139
AAGGATACCATCTGTC,1139
ATGAGAGACAACAAAC,1139
CAAGTGTATGAACACT,1139
GGATCGGCGTGTAATC,1139
ACTCCTCGTGGTTCCA,1138
GCACCCATGATTGGAC,1138
GGGCGTTTTTATCGGA,1138
TTAACTAAATATTAGC,1138
AAGATACGAACTTTCG,1137
ACGCCCTGAAATTATG,1137
AGCAGTCGAGTTCAAA,1137
AATGAAGACTACCTGG,1136
GAATCTCCGAGCATAG,1136
GATCTTATATTTCGCC,1136
TCGTAGCGTTGTAGAT,1136
AAAACAGCGGCATCTT,1135
AGTTGACAGGAGAAAA,1135
TACCTAGGATTAAAGT,1135
TCAATAATCTTAGGTA,1135
TCTCCAGTGCGAAAAT,1135
AAATGTGACTCCTCAG,1134
CGTAAACCTAACTAAT,1134
CTAAAACACCAAATAA,1134
CTACATAAAAGGCCTA,1134
CTTGGTATGTTCAAAA,1134
GGACCGAACCTAAGGT,1134
TAAGACATCTGTTTTA,1134
TCTGATTGATATGAGC,1134
TTCGTTGAGGGCGATT,1134
ATGTCAAATAAGAACT,1133
TAAAACGAGGACTTTT,1133
TATGAACAATATGACC,1133
AAATGTCACACCAGCC,1132
CCGAGAACTACCGAGT,1132
CGATGAGATCACCCAA,1132
CTCATCCTTAAATCCC,1132
CTCATTTGATGAAAAG,1132
TATATTACATAGAATG,1132
TTGGGGACAGCGAAAC,1132
ATTGCCTTTAAATTGC,1131
CGCGTGACAATATAGG,1131
TTGCTTAATCAGCAAA,1131
AAAAATCACAGCAACT,1130
AGACATATATGGAAAT,1130
AGATCTTCCCCCATTT,1130
ATTAAACATACATATG,1130
CATTCTGAAACAGGAA,1130
TAGTTCAAGATAGTAT,1130
TCAGAGCGAGACCGTT,1130
AAAAAGCAAACACTGC,1129
AACTAACCGAGGTGGC,1129
ACATAATAATGCATCA,1129
ATGACTACATCATATC,1129
ATGTCAATGTCACCCA,1129
GCAAAACAATGCCCGC,1129
TACTCAAAGGTCTATA,1129
AGCTTAGTATCGTGTA,1128
ATAAAATGAAGGCGCT,1128
CATGCCAAGACAATGT,1128
CTCATGCAGCTTAACA,1128
GAAGTAGCCTAGAATC,1128
GTGTTCGAACACTACA,1128
TACCTAGCCCATAGGA,1128
ACAGAATATGTTTGAT,1127
ACCCTATAGGTACCTA,1127
AGAAAAAAATAGAATT,1127
ATGCATGGCAAAATAG,1127
CGATATCATAGCGTGA,1127
CTCCTATATCCGCAAA,1127
GCACTCATCCAGCATG,1127
TCAATATACTCATAAA,1127
AAACCTATTAAATAAT,1126
ATATATTCATTTAAAC,1126
ATCAACATCACCCATG,1126
CGAGAACCCCCTTCCC,1126
CGTTTAAGCCCGACCA,1126
GATCGCTTTATTAACA,1126
GTCCGACTGGGTCGAA,1126
GTCTAATTAGCTTTAA,1126
TAGGGGTAAAGTTAGA,1125
AACACACACAGCATAG,1124
CCTAACGCAGATCACA,1124
AAAAAAAAATATAGTA,1123
ACGACCCTAAACTAAG,1123
CAAACCTAGTCGAAAA,1123
CCAGTTAATATAAGCA,1123
CGAGCATCGTCATGTG,1123
TCGCAAAACACTCAAG,1123
AAAGCCTGGTCTGGGT,1122
AATCACCCGGTTCCTA,1122
AGAGTACAACGATCAA,1122
CAACCGATTAGGCGAG,1122
CACGATACTCACTACC,1122
CATCCCGAACAAACGA,1122
GTACTGCAATAGCCGA,1122
TTCTAAAGTAACAGTT,1122
AGTATTTAACAAATGA,1121
ATGACGAGGGTGCTAT,1121
CCTTATTAGATAAGAG,1121
GTAACTAATTATGACA,1121
ATCACCCCATACTACA,1120
GGGCCTAAGAAAAAAA,1120
AAATCATCAACTACAC,1119
ATAAAAACAGAAAAAC,1119
ATCCAAAACAATGTCA,1119
CAACCGAGAGAATTGG,1119
CTAGCGCGCCTGTATC,1119
TACACGAAGCGAGACT,1119
TTTGTAACTACAACAC,1119
AAGTACAAGACACATA,1118
ACATTCGAAGACAAAT,1118
AGACAACAAACAATAT,1118
AGCAACTTTAACAGTA,1118
CCAGGACGATTTCAAC,1118
GTCGCCCTACAAGAGT,1118
TGGACTATCGAATCAC,1118
AAGCCAACCCATCGTA,1117
AGCTTGAACGATCCGA,1117
AGGAGCGGTTCGGAAA,1117
CATTCACTCGCAAATA,1117
TCCACTTTGCGCGGTA,1117
TTTTAACCAGTTATAA,1117
AACGGTGCAGCAAATG,1116
AGCTAGTTAAGTGACA,1116
GATTAAGAATAATGGT,1116
TGTAAAGTATTTAAAC,1116
TTTAAGGCTATGATAG,1116
CAGACGAACCGAAAAT,1115
TACAGCCCGACACAGA,1115
TCTACAAACTACGAAA,1115
TTTAGATTAAGATACC,1115
AAACTGAATACGTAAT,1114
ACTGCGCCACAATCCA,1114
AGTCGGAAGAACTGTT,1114
CACGAGTCTCAACCAA,1114
CTTTGTTATAAATCAA,1114
TACGTGCTCAGACCTT,1114
TCTCCTAGCACTGAAC,1114
TGAACAATCAAAAAAC,1114
ACGATACATGTAACTC,1113
CATATATCTACAACGA,1113
CCTCGGTAGATCGACT,1113
TGCCGGCTTAAATCGA,1113
CTAAAATAGCGTACTA,1112
GAAGCCTAGTCCTCCT,1112
TTCCTCTCGAGCTAGC,1112
TTGGCACATAAAGATC,1112
AGTTTAACTAAGGTTA,1111
ATAGCTGATCGGTCCA,1111
GACGCACCGGCCCAAC,1111
GCCGAAATAGGACTGA,1111
TCGGAAGGAGACAAGA,1111
TGATGTTAAGGACAGA,1111
AAAACGGTCTCTTAGA,1110
AACAGTGGCACAACCA,1110
ATGCAAGTACGACCGG,1110
GAAAAAATACATGACC,1110
GAGTGCGAAAACGAAC,1110
ACATATCGGTAATTCA,1109
ACATATGGGCAGTTAA,1109
AGAAGAAGGTAGATTT,1109
CACCTTAAATAATTTT,1109
CCATTCATTTACGATA,1109
CTAAAAATACTGCGAG,1109
GTGTACTATAGGATGT,1109
AGTGAATTAAGCACTA,1108
CCGTCGTCAAATTACA,1108
TGCCGTGTCAACATAA,1108
CCATCCCCATCGAGGA,1107
CCTTAATAAACTCCAT,1107
GCGAGTCCCTGCCAAA,1107
TATTGAATATATCCAG,1107
TCACCAATATGTAGTA,1107
TTTGTATTCTGTTTCA,1107
AACAGCTAACTAACTC,1106
ACACCCAGTAGCGTCT,1106
ACAGCCAATTAATATC,1106
AGGTTTATCCTTCGTG,1106
CGTCAAAGTTACTAAC,1106
GAAAACCTCAAAAACT,1106
GCCAAAGCTATTATTG,1106
ATCATTACCTTACACT,1105
ATCCTAGACAATGGTT,1105
CGAACCATAAAAACTA,1105
CTGATAAGATCTACAC,1105
GACCAAGTCGAGGGCC,1105
CAATCCATTAAGGTAA,1104
GAAATAATGTTAGCTC,1104
TCCAAAAGCGCGATAG,1104
TGAAACCATAAGCGTC,1104
AAGAATGGGTGATAAT,1103
ACTTTTTGTATATATC,1103
ATCTATCTCATGCAAT,1103
GTGAAGTTAAGAGTAA,1103
TAAAAGACTCCTCCAG,1103
TACCGACCTTTAAATG,1103
TCTTGATATGACACTT,1103
ATGAATTCCAAAAAGG,1102
GATATGGTTAGCCTCT,1102
GCGTAATGCACACGCG,1102
GAAAACGGAAAAAAAA,1101
GCCAACGAAACGTCCT,1101
GTGTCGTCAAGACTAA,1101
TAATCAGTAATCAATA,1101
TCAGCCATTAGAGAAG,1101
TGCACGATCTTGAGAT,1101
ACAACAGAAAACGAGA,1100
ACTCCAGCGCAAGACT,1100
CAAAACTGGATTCCCA,1100
CAACGCGATTCGGTCA,1100
CATAACCACGAACCAT,1100
CCTAGCCAACAGATTA,1100
CTTTGTTGATAAAGAA,1100
GCAATAAACCATTGAA,1100
GGGACCAATGCCAAGC,1100
TAGTCCGAAAAATTGA,1100
ACGTGAAATCGGCAGA,1099
ATATTACTTATCCTTT,1099
ATTCTCAAACCTGCAC,1099
CGAAACTATAGCATCC,1099
CGAATAAGTAAACCAC,1099
TAGTCCTTATACCGCA,1099
TTGCGAACCCATTTTA,1099
AAATAGAACAAACTGT,1098
AAGTATACCTGGACAC,1098
CCGTCTCAATGTGTTG,1098
CCTAAATAACATGGCT,1098
CTACAGGGGAACACAC,1098
GAATTATATAAACGCC,1098
GCTAGTATGGGCAACC,1098
GCTATAAACTACCTCT,1098
TATAAATGCTATAAAC,1098
TCCAGCACAATTCATC,1098
AGTAAAGAAAGCGCCC,1097
GACAAGTCTCGGGGAA,1097
AAACGACGTTTTGTAA,1096
AGATCACGTATCAAGC,1096
ATGTACTTGTTAATGT,1096
CAGATGCGCTTAATTT,1096
CAGCATATTCCAGCAT,1096
CCAATTATTGATGGGC,1096
TTATTATTGCATTCAA,1096
ACATCAAATAATAGGC,1095
CTCGAGGCGCGGATAA,1095
TAATGCAGGACCCCTA,1095
AACAAGGAGCACCCCA,1094
CCGGGATTTACCATAA,1094
GTAAAAGAATGAGATC,1094
ATTTAACGGAACGGAG,1093
CAACAACGTCTCTATA,1093
CTAAACTTGAACATGT,1093
CTATACAATAAGTACT,1093
GAAACGGCAGCACTAA,1093
GTTAGATTTTAATTTA,1093
TATGCGTCTCTAGGTA,1093
TCTCTTATATAACATA,1093
AAAGATGCGGGTCCCT,1092
AAGCCTTAATAACCCA,1092
ATTATTGAATGCGAAA,1092
CACAGAAATGCTTACT,1092
CGAAATATTATGAGAA,1092
TCCCAGCGATAAACGC,1092
TCGCAACAGCTTGACC,1092
TGTAAGACAAAAAGAT,1092
AGTGAACGAAATAGCA,1091
CAAGATCAAAGAATTA,1091
CACAAAAAAAAGTGCG,1091
CGCCGTTATACGGCAT,1091
GAATCAAAAGTAGCAT,1091
GTACAGAACGGGGCGG,1091
TTTAGTGAAAGTCTCA,1091
AAAAATAGTTAAGACA,1090
AACCTCATTTTATAAG,1090
ACTCAAACAAGATTTA,1090
ATAATGACTCATGTTT,1090
ATCCCGGACGACGACG,1090
CAACGACCGGTCCCCA,1090
GTCTAGCGAACACGAA,1090
GTGTGAAGGATAGGCG,1090
TGTAGTTAAATGATTA,1090
AAGACCTTTGAGCAAG,1089
ACTTAATACACATTAT,1089
CAGTTTTTAGCCAAAC,1089
GTCATCCCAAGTGAAA,1089
TAGTAACCGAAAACTA,1089
TCATTTACAATATAAC,1089
TTCAGAGCAGAACCAC,1089
TACGATAGATTGAGGC,1088
TTCAGGGACCCCTCAT,1088
AATAATCAGAGTAGAT,1087
AGAGATTCCAAAAGTG,1087
GAAATTTAGCTATTAG,1087
GACGAACGGACTCTCG,1087
AATAACCATGTGTTTA,1086
ATATAACAGTTGATCT,1086
GACAAATAAACGGATA,1086
GTTTGCAAACTTCGAT,1086
AGTACACCACACATTA,1085
ATCTTATAATACACGA,1085
ATGATCATATTCTAAT,1085
CACGCTGTACTTACGG,1085
TGTAAGCACCGATTTC,1085
AATGCATATACTTATC,1084
GAATATGACTCACACT,1084
TATTAGACAAAACAAG,1084
TCACCCATCTTCAAAG,1084
ACAGTGGATCAACTAA,1083
AGTTCAGAGGAATGGA,1083
ATTTAACCTTTGCAAT,1083
CACTTGCCCATCATCG,1083
CAGTAGTGATTCTGTC,1083
CTAGTACCGTTCGTCA,1083
CTGCAGCTATTTAATG,1083
GCATTGATTCCTGGAC,1083
GTTCTGAAGGAAATCG,1083
TATTGCAATCGCCTGC,1083
TTCAATGATTCCCAAA,1083
TTGACATCATCACTTA,1083
TTGCGACACAATCTCA,1083
AAAAAAGCCAGAAATG,1082
AGATAGCCCACCCATT,1082
ATGTCCGGAAGTGAGA,1082
CCAAGCGAGCCTTGAA,1082
GATGCATATTAAGGCA,1082
GATGTACAACAGTAAC,1082
TATATGCTATTCTGTA,1082
TCCTTTCAACAAAAAT,1082
TTCATATATAGATTTA,1082
ATATGGCAACGAACAA,1081
CAAATTCAATTCGCGG,1081
TCAATACCCCAAAATT,1081
TCTAGATATAATGGTT,1081
TTAATGCCAATTATAA,1081
AGAGTGAGATCTTGTT,1080
CAAAAATTCACCGTAT,1080
GCATGTAAAATATATA,1080
ATAAATATCAGCCGGC,1079
ATTGGACTAGCTTCAA,1079
AAGTGAACAACGCTAA,1078
AGTGGAACTCGACCAA,1078
AGTTTCAAAAAAGTCC,1078
ATCAACATAGCAGATT,1078
CTAAATAAGGCTCATA,1078
GGTTGGATGCTCATTG,1078
GTGATATAACCACCCT,1078
TATGACACGACTAGAA,1078
AAACTTAACCCCCGTA,1077
ATTACGTTACGATCCC,1077
CTGATAATATTCAGGC,1077
ATATCTTAAACCTAAG,1076
CACTTTGCAAATACGG,1076
CGTTTTGACTATCGGA,1076
GATAAGCAAAGCCACC,1076
TTAGCCTTTAACGTAT,1076
ATGACAGGAGACGATT,1075
CACACAGAACACCCAG,1075
CATGATGGTAAAATGT,1075
CGCTAAATGAATGTAA,1075
ACAGCAACATTAACTT,1074
CAAATGTATGAGTGTG,1074
GGACCCACCTGGATAT,1074
TAGTTGAACAAACTTA,1074
TGCGTGTACTAGTAAC,1074
AATTTCTAGAAACCGT,1073
ATCCCGCGGTTGCGAG,1073
ATTGCCTCAACAATCT,1073
CCCGCAACCTTTACTA,1073
CGACTAATAAGGGCGT,1073
GAGGCTTCACGAAGAA,1073
GTTAAACAGATTCTGA,1073
TTCTTAGGATTTTTTC,1073
TTTATCCCACAAAAGC,1073
AGAACCTTCATCCTTA,1072
TTGTAATAAAGGTACT,1072
ACTTAGTATCACTCAG,1071
AGAGAGACTCTAATCC,1071
CAAGTAAAATACTAAC,1071
CCGAATCCGTGGCATA,1071
TAAACTTCGTACAAGT,1071
TGGCCGTATGACTTGG,1071
CACTAGCAGCGCACAA,1070
CCCACAGCTCCTAGTT,1070
CGCTCCCATTGATTGA,1070
GATCCAGAGCAACCAA,1070
AAGCAGAGAGCGATCC,1069
ATTAAAAAGGATTAGA,1069
CACATGACTACCGCAT,1069
CCTTGCTAGTAATTAA,1069
GAATCGTACAATAAAA,1069
GGACTAAGAATCTGCC,1069
TCGAATAGCACTGCAT,1069
TCGTATACTCCAAAAA,1069
ACCCATTCTCGTAATA,1068
ACCCTAGCAATCTTCG,1068
CCAGCCTGGACGTTGC,1068
CCCCTTTCGCATGCCC,1068
CGGTACTCCCCAGGAT,1068
GAACTACATGCGCGGC,1068
TTTAGGGTAACAGTGA,1068
AGCAAATACCATAGAA,1067
ATGATATAAGTTTCAC,1067
GCTAACCGTGAAGTAA,1067
AGGATCACAGATTCGG,1066
CTAAGAGGACGTCCCG,1066
GAACACCCCCAGGATA,1066
ACTGCCGATAGTCGCC,1065
AAAAAATTTACCGGTA,1064
CAAAAACGACCATTTG,1064
GGGGCTACCTACAACT,1064
AAAAGCAATATGACGG,1063
AACATGAAGCTTAGAG,1063
ATAAAAAAACATTGTC,1063
GGATTGTCTAAGAGCT,1063
TCACCATTATCTAACT,1063
ACAAATCCTATCAAAC,1062
ACAGAACTCTGGGGCC,1062
ACCACACTGAGACACA,1062
ATACACAACGTGATAT,1062
TTTAATCTAATTATGT,1062
AATAATTTTAGACAGT,1061
AATCGCTTTCTATTAA,1061
AGTCTTAAGCAGCTAC,1061
CGACTCGATAAAAGTT,1061
CTGGTCTCCCGTCAAG,1061
GACCCAACTCTATCAA,1061
GTAGCTAGAATTAAAC,1061
TAATCTCCCCTCCAGC,1061
TCTTTGACTGTATTTT,1061
ACATAATAAAACTAGT,1060
ACTTAACACAACAACA,1060
GCGGATGCCCCATAGT,1060
TGAACTTATAAGTCGT,1060
AAACCAAACCGACAGC,1059
AAGTTAGAAAATGTTA,1059
ACTGTGCATCTTTCTG,1059
AGATGCAGAGTATTCC,1059
GAAGAAGACCGAAAAA,1059
GACACTTAGAGCGCCA,1059
AAATTTGATCGGAAAG,1058
AACAAGAGGGTGATAC,1058
ATAAGATTTAGCTTAG,1058
ATGATCAAGCACCCAC,1058
GATAATTTGTCATTGA,1058
GCGTTGATGGATATAG,1058
TTATGTAACTGTTAAT,1058
AAACATATTTTCGATT,1057
AATATATACAAAACCT,1057
CACTCTACCAGTAACA,1057
CATTTAGTATACATAA,1057
GTTGACAGAGCTACCT,1057
TACATAGTATAAGACA,1057
CTTAATTATAGACAGG,1056
GCTAATCATACTGATA,1056
TTAGGACGGCATAAAC,1056
TTCCCACAGCATAACA,1056
TTGAAGCCTCCTGAAT,1056
AGTCATAGCACACTAA,1055
CAAGGCAGGGACACAT,1055
GAATAACGGATCGCCT,1055
TTTGAACGGACACCTA,1055
AACTGAACCTAGGGCC,1054
AGGCCGACTTTTTGAA,1054
GGCTTGGTAACGCGAC,1054
TACTTCTAATTAGTCG,1054
TCCCCAATAACCTTGC,1054
AATTGCCAGACCTATG,1053
ACACATGGGTAACCCA,1053
ACCAACCTACTCTAAA,1053
ACCAGCCTGCGAGCAG,1053
AGATGTCTGCTATAGT,1053
AGCGAGGTGCCTCAGA,1053
ATATACAAGCAGACCA,1053
CACCGACACGCACATC,1053
TCTAGCTAAGTGTAGA,1053
TGTAGCTTATTACTGA,1053
TAAACAACCTTACCAA,1052
CGGGAATCGCAAGAGT,1051
CTCGAGTAAACAGGAC,1051
GGACCCAGAATGAGAT,1051
TATTGATGTTAGACTC,1051
TTTAGCTTGTGATCCT,1051
AACATACTGAAAACTT,1050
AGTCATTGCCCGGAGA,1050
ATGTCAGGTGAAAGTG,1050
ATTGAGACAGCCACAG,1050
ATTTAAGTTGCGGGGC,1050
GAACACCTATTTCCTA,1050
GGACGCTGAGACGCGA,1050
GTTGCACGAAATAAGG,1050
TAGACAATACGGGCAA,1050
TATACCCAACCAGCTG,1050
AATGCTGCTAAAGTAA,1049
AATTCAATAGAACACA,1049
ATCAGCTGTCTAGTTA,1049
CAAAAGATTACTTATG,1049
GGAAGGTGCAGTTCTG,1049
TCGAAAAAATGACTCT,1049
TGAATAAGTCATGTAT,1049
TTCTTGAGTTCTAGTG,1049
CAAATCATGTCATACT,1048
CAATCGAAAGGCAGTT,1048
CTATACACCCCCAATC,1048
GAATTATACATTAAGT,1048
GATTCATCGGGAATGA,1048
TTAAGTCCAGTTCCGA,1048
TTGCTTTGAAAGAAAC,1048
AAACAACCCTAATCTT,1047
AATAAGTTACATAAAA,1047
ATTTCGTATAAATAGT,1047
CATCTACATCGTCTTA,1047
CCATTGGCAAGATGAC,1047
TGGATCATCTGATCGA,1047
TTGCCGAATCTAGTAT,1047
AAACGGCTCTCAGTGC,1046
GAGCGCGAATAACGAT,1046
GCAGCTCCTAATGTCC,1046
GTGCGAAGTCTAAGGG,1046
TTTAGGTAGCTCCATA,1046
AACTTACTACGAGGGT,1045
ACTAAAATCATTTAAA,1045
AGGATCCCGCTAAATG,1045
ATGATCGAGTGAGTTC,1045
CAATGTTTCATATTAA,1045
AACGGATACATACAAC,1044
AGGGATCACAATATTT,1044
CATTTTAAGAAGACCG,1044
CTACAAAACGAGCACG,1044
TGCCTAAGTCAAACAG,1044
ACCAGAGCGGATATTG,1043
GACTAAATTTAAAACC,1043
TCACTCATCAAATTGG,1043
ACCGCATGTCAAATAA,1042
AGCCCAAACTCCAGCT,1042
ATTTGCAAGCTGCGAA,1042
TGACTCAGCGGAGAAG,1042
TGTGTCCGATGGAATT,1042
AATTGATAAAAAAGGT,1041
ACTATAACACTAAAAT,1041
AGTAAGTACGAAAGTG,1041
ATTTTCCATATAAGTT,1041
GGAACCTATAACTAAA,1041
GTGGCTATAACAAACT,1041
TGACGGTATGGAACCA,1041
ACATAACTCGGCGTTA,1040
ACCTCTCATCAAGCCA,1040
ATCAACAGCAATTACA,1040
CATCAACATGACGAGC,1040
GATTTATGACAAATTT,1040
GTCATCCAAAACATCA,1040
TCAAAGCAGGGTCACC,1040
GACTGTTAAAAACTAC,1039
TAGTAAAAGGTGTAGA,1039
AAACAAACATACAACT,1038
ACGTAACCAATTTTCT,1038
AGTAGCTAAATGAACA,1038
GGACGAGTATACCATA,1038
TTTAAATTAAGATTTG,1038
AGATAAAAACGGGAAA,1037
ATCAATAAGAAAACAT,1037
GGTACTAATATGGCCC,1037
TTACTTTGGTCTCATG,1037
AAATTAACAAACAATA,1036
ATACATAATCTTCTTG,1036
ATGTTGAAATAACGAT,1036
CTGTATGAGCAGCAGG,1036
GAAGCAACCGTTAAGT,1036
GAATCTAGGCCATATA,1036
ACCGTGCGATAGTACT,1035
TAGATCTCCCTCAATA,1035
TGAGTGAATGCGTACT,1035
CAACTGTAGGATAATA,1034
CCTCTTAAACTCCTTA,1034
TCGAAAGAGATAATCT,1034
TTCACACGCTCCATGT,1034
TTTGATCCACCAATTT,1034
TACAAACTAAAGGTAA,1033
CTACACCTAGAGATAT,1032
TTGGTGTGGTTCCCAA,1032
AATCTCGCTGAATCTT,1031
AGCGGCGAGCGTAACA,1031
CGTGTGAATTGAAAGT,1031
GAGGAATCAGAACTGA,1031
GCCTACCAGGACACAG,1031
TAAACAACAAGAATTC,1031
TAGCAATCCCTTTGCC,1031
AAAAAGGAATAAAACA,1030
AAATGATACCAAAAGG,1030
GACCTGTGTTTACTCA,1030
TCCAATACCACTGAGC,1030
TCTTCGGGAATTGATT,1030
AAACCAAGCTAATGTT,1029
ACCAAGAATATAGCTT,1029
ACCCGCCAAGTAACCA,1029
AGGAGAAAATTACTTC,1029
GGCACTTGTAGAGATT,1029
GGTCGACAAACCTCAG,1029
GTTCCCAATGTCAAAA,1029
ACCTGCTGGTGTCATG,1028
AGAATGAACATCTCGG,1028
AGCGACATGGATTCTC,1028
TCGGCGATGTTAAACA,1028
TTTATACATCACAAGA,1028
AGTTAATAACTGGAAG,1027
CAGTGAAATTGCAGTA,1027
CCAGGTTTGTTCATAT,1027
GAAGCGTACAAGGACC,1027
GCTTAGATCTAGTGAA,1027
TCTGATTCTTACGACA,1027
AAATCCCAAATAACTA,1026
AATCCATGAACGAATA,1026
AATTCTTTACTGAAGA,1026
ATAATTAGAACGGTTC,1026
ATGAACGAGGTTCCGT,1026
CGTCACTATACAAATA,1026
GGGGAAAAAGCATTAT,1026
TACAAGTCCGGTTGGC,1026
TACATGCGCCCCTAAC,1026
TCTCACCAACTAATTA,1026
TGTGAATATTGGTCAT,1026
ACTAAGGCTCACAACG,1025
CCGCAATCAATTAAGA,1025
ACCAAATCTAGTAAAG,1024
CCATTCAGGTACAAAA,1024
GTTCAATAAAGACGAA,1024
TTTAACATTCGCGAAA,1024
ACACCCAAACTATAAA,1023
ACCTCTGGCCCTGACG,1023
AGAAGAAGATTGTAAC,1023
CCCTAGGATTGTCTTC,1023
CCGAAAATCTAATAAA,1023
CTACTACCTGAAACTC,1023
GAACTAGCACAAGGGC,1023
ACTAACGAGTGAATAA,1022
CGCTTCCCAACATAAA,1022
TCAGGTCTACGATTTG,1022
TGTGATTAAGTAATCA,1022
TTGATACCTTATATTA,1022
CCTACCACGGGTTTAG,1021
GAAGCTCGCTGTAAGG,1021
GAGATACAATGCAAGC,1021
TAAACCAATATACTAA,1021
TGAAATTTTATTAGCA,1021
TGTGGAACGTTTAAGC,1021
AGTACCGGATAAAACG,1020
CACATGAAATTCACAT,1020
CTTAGCGTACTGACAC,1020
TGTCCTCCAAATAACT,1020
CGAAAACAGAAAGATT,1019
GGATCAGGCTTTATAC,1019
TTGACGGTCATATAAA,1019
CAGTGGCAATACGAGT,1018
CTCAACGAGCGCAGCG,1018
TAGAGGTAGTACACTG,1018
TAGGCAAAGTAATTGT,1018
TGTGTATCGAGAATCA,1018
ATATTCACGATCGAAA,1017
CAACATGACATATTAT,1017
CATGATTTGGCTGTCC,1017
CGCTCCATGATATTTT,1017
GCAGAGAACTTTTCGA,1017
TAATATTAATCATAAC,1017
TTTACAACAAAAGGGC,1017
TTTGACCGGCAAATCT,1017
AACTAAAGCTGCTCTA,1016
ACACGGAATTATGATT,1016
ACATCCAAGCGACAGC,1016
ATCAAATCTCCAGAGA,1016
ATTTTTGCCAATAGTG,1016
CATATCATACAGAGCA,1016
CTTCTGTCAACTACCG,1016
GACCTCCGTTCAAGAA,1016
GTTAATAGACAAAATT,1016
CGGTCTCCTGCAAACT,1015
GAACGAACGTTATAGT,1015
AATGTCATGTTCTGAC,1014
ACTTCGTAACTATGGT,1014
AGAATCGCAGTTAATG,1014
ATGTTCCGAATTTTCA,1014
CAGATCCCTCACCCTC,1014
TAATAGCTAAACAGTC,1014
TACTAAGCACATATTC,1014
TGGTAAGTCTTGGTGA,1014
ACACACAAAAGGATTT,1013
ACAGTGAACCAAATAG,1013
AGTGTTAACTAAACAA,1013
CGTAGAAGGGACGTCT,1013
TCCATGCTCATGTTTA,1013
AGAATCGTCTCCATGA,1012
AGGAAAAGAAATAGAA,1012
CATCTAACACAATCAA,1012
CGACTGTAGCCATCTA,1012
CGGCGCCAATGACAAC,1012
TCTTACAAGCTTCGAA,1012
TTCACCCAACACACAA,1012
ATCAATGTCTCCTGCA,1011
TAACGCTCTAAGTTAC,1011
ATGTCCCTTATCAAAG,1010
CGGAGAAGCTTCACAT,1010
CTCGCCCCACGTATAC,1010
GTTGTAAATACCGTAC,1010
TACATCTAATCAACTT,1010
TCCAGCCATAACGTGA,1010
TTTTGGATTGGCACAA,1010
AACATGCTAACACGCA,1009
AATGACCAGAACGGCC,1009
AGCACAGGGACTAACC,1009
CAACAGGATACCACTT,1009
CGCCAATAACGTATAC,1009
CTAAATAAAAACTGTG,1009
TTAAAAATGGTTTTAT,1009
AAAGTTTACAAAGAGT,1008
CCTTACGAATATATTC,1008
CTAAAGCCCTAATGGT,1008
GCACTATCGTTCACCA,1008
TGTAAAGTTTGAAGCC,1008
TTGAATAGTTAAAACC,1008
AATATCACATGTCCGC,1007
GTGGGCCCCTCTCAAA,1007
TATAGCATTTCCTATC,1007
AAATACGAAGTAGATA,1006
ATACTTAGAACAACTG,1006
ATCTCCTGTCAGAGTG,1006
GTCGAGACATATTTAA,1006
GTTTCCTGCCTCGAAG,1006
AGTATTCCGGAGTTTC,1005
ATCAGCCCCGATGCTT,1005
ATTTGTTGAAGTTTTC,1005
CAGAAAACCTACCCTA,1005
GGACAGATACTCAACA,1005
AAAAACGGATATATTG,1004
AGTACCGTATGTAACT,1004
CAAACTTACACCGCAT,1004
CAAGAGACTTGATACT,1004
CGCCATAAGAAAACGA,1004
CTATCAAGCCATCCGC,1004
GTGCTTTCACATCGTC,1004
TACTAAACACCTTGGC,1004
AAGGCAACATAAAATC,1003
AGAACATGTCTGCTCA,1003
ATGACGCGAGCCAACA,1003
GGAATCCTATACACCT,1003
GTAGAGTAGTACTGTC,1003
GTCCAAATGGAAAATA,1003
TAGATAAACCCCAAGA,1003
ACTGGATAAACATACG,1002
ATCCCAAAATTCGAAA,1002
CAAATAAGCCTAAACA,1002
TAAAAATCTCACAATT,1002
TAGCCTATAATAAAGT,1002
CAACTAGGGCACCGTA,1001
CATAGCTCTACGTTGA,1001
CGGCACCAAGATCAAC,1001
GAGGGGGCGGGCGGTA,1001
GGTCAAATAATCTATG,1001
TTACGACGCAGGCAAG,1001
TTAGAGGTAATGGTTT,1001
AACTACCGACTTTTTA,1000
ACGCACAAACCTAACT,1000
ATGATAATAAATAAAC,1000
CACGTTGCTACGAACT,1000
CAGAGGAAACCTAAAG,1000
CATGAACCCAATTGAG,1000
TAGTCGCATATCAGCT,1000
ACGTAATCCAAGGAGA,999
CATCTATATACATAAT,999
CCAAGAGAACGGTGAA,999
AACCAAAAGCCGCAGT,998
AATTGGGGACACACAC,998
ACAGTGAAGGAACAGA,998
AGAGTACTAGGGTTCG,998
CACCCGATTAACCATC,998
CATAGAACATCGGTGT,998
TACCAAAACACGTCTG,998
TCTACACAGTATTAGG,998
AGAACATGGTAATCGC,997
CAACTCCCTGTAATAC,997
GTGCAAAAGCCACTCC,997
CACACTCCCATATATA,996
GAAGGGTGAAGGAATT,996
TACGAGAATACAAATA,996
TCAAGGACATTAAAGC,996
AATGCCCGACCTTCTG,995
ACGCACACAAAATGTA,995
CAGAATTAGTGACAGC,995
CTGTAAACTAACTGGG,995
GATATGGATATCCTAC,995
GCCGCCGATAACCGAC,995
GTAATATAGTCACGAA,995
ATCAAAAAAAGGTAAC,994
GTATACATATCTCCAC,994
ACCCGAACTTTAGATC,993
CCCAAGGAGCATAATA,993
CCCTCGTCAACATTAT,993
CTAGAATATGACAATC,993
TAAAGTAACAAAATTA,993
TACGCTAGGTGCAAAT,993
TGACCAGGAAAACTCA,993
ATATACGTCTAAGCAT,992
CATTATCTCACACAAG,992
CCTGAAAAACTGACAT,992
CTGAAGTACTTATACA,992
GAAGATCTTCGAACCT,992
GCGACTGTTCACCTTA,992
GGTTTCCTAGAATAAA,992
GTTCATGAGCCTCTAA,992
TATCAAAAATAATATA,992
AGTATTATTGATAGCT,991
CACCCTGTTAGAGTTG,991
CGGTACGTATCGTTGA,991
GTGTCTACAAATATCA,991
TACTTGAAACCAACCG,991
AATATAAAAGGCGTAC,990
TAAATCTAATAGGTAT,990
TAAGCCATAGACAATT,990
TGTATCGGACCATTCA,990
AACATCAAAGACAACT,989
AAGGGACGATAATAAA,989
ACATTTCTGGGATTAA,989
AGCCTGGTAAATAGAT,989
CACATTCACGACTTTA,989
TAATCGAGGACAATTA,989
TGCTTACTCGTATGTT,989
TTAATCCTGCCCAGAT,989
TTCTAATATAGTATCT,989
TTCTGGCGCATACCAA,989
TTTACACTATTGAGCT,989
ATGTATAGCACTCATT,988
TCCCTCGTACAGGACG,988
TGGTAACCCCAAACTG,988
AACATCCAAGCCCCAT,987
AGCCACAAAAAAGAAA,987
ATTCATGGTCTACAAT,987
GAACCGCGGCTAACTA,987
GACGTGAAAAAAGGAC,987
TCTATCAACAACCGAA,987
TCTCTCGCCATAACAG,987
TTGAATATCCGAGTAT,987
AAGACAAACAAGAAAC,986
ACCAATATAAGTAATA,986
CGAGCATAGGCTCGTC,986
CTAATACAACTGATAG,986
GACAGAGTTTACCTAT,986
TAATAATGTCTAAATC,986
TATGGTCAACCAATAC,986
TCAACATGCACCAATC,986
TCAGTAACCATAAAGA,986
ACCATAGAAGCCATCA,985
GACTGTAACAGCACGT,985
GTACTCCCTTATAGCA,985
GTATCAGTATATAAAA,985
TTATGCATCCCCTTAA,985
TTGATGCAATGAGAGT,985
AAATCTGTTAGCAGCA,984
ACAGAGAAATAGAATC,984
CTAATTTACGACACTC,984
CTAGCATCAATCCTGT,984
GTGTATATCCGTGCTT,984
TACTCAACCTATACTC,984
TCATTGTCTATGCCAA,984
GACAAAACTCAGAAAT,983
GTCCGCATGAACCGAA,983
TCTGAGGCTGTTACGT,983
AACGAACTACTAGTCC,982
GCAGCCATAAAGCCTT,982
TAGTCAACGCACAAGT,982
AAGTCCCAGACAACCG,981
ACGCTTGACATTACAA,981
AGCTGTAATTTTACGG,981
AGTCACACATGAAACG,981
CTTAACAGGTGAGTTC,981
TGAACCCAGTAGGACA,981
AACCCCATACCTAGAC,980
ACATAGCAAAGTCTTA,980
ACCTCCCTATAATGAC,980
GGTAAATACATCCACA,980
AATCAGGTATCTACAT,979
AGAGTAATTACCCTTA,979
ATAAAATCAGAATCAG,979
ATTTTGATTATATGGA,979
CTCAAAAGACTAAAAG,979
GAATAAAAAGAAAAAC,979
GGAAAAATAATTTGCT,979
TAAGAAAAAATATTTC,979
TCGGGCGTAGACAGTC,979
AACGTTAATAAAAGCT,978
AAGATAGCGCAATATA,978
AATCGAATAACTTTAA,978
CGAGAAAATTAGTAAC,978
GCGGGTTTAATGAAGG,978
TCGAAAGGAGCTAAGA,978
TTGATATCACACGTTA,978
CATTTCGATATGAGTG,977
CTGAAAGTAAACTGAT,977
GGTTATCACGTCCCAT,977
GTAAATTATTTTTGCT,977
ACTGCCGGATATAGAA,976
ACTGTACAGAATTCAC,976
ATTGAATCAAACGCCA,976
CAAGACGCACTTGAAG,976
GACACAACGCAATCAC,976
TCGGAGACCACCACAG,976
CACCTCAGATTTAAGT,975
TCCCGGTTCATCAAAC,975
AACTCTTTCTCCGCCT,974
AGAAATAAGTAGGGAT,974
AGTTCGCACGAACTTC,974
CATATATATGGCAATG,974
CCCGTGCACCAAATCG,974
GATAGAAAAAACCCCA,974
GTGCAACGTTGTGAAC,974
TACAATTTATCACTAG,974
TACGTTTACGCATTAG,974
TGCAAGGCGAGGATTA,974
AAGTACCTCACCTGAG,973
ACATAACATTATGCTA,973
AGGGTTATGTGGATAC,973
AGTAACAAATCGTGCA,973
ATATATAACGAGTTAA,973
ATTAATGACCATGAGT,973
CCTTCAAAGACCTGTA,973
CTCTCGACAGCCTCAC,973
GCCTATTCATGCAATT,973
TAAGCGTTTAAATACA,973
TCAAACATTAAATTTT,973
TCAGTAATCTTATTTG,973
AGGGTTAAAATTCCGC,972
AGGTATAGCCTAATCT,972
CAATTAACCTTTGCTC,972
CGCGTGAATATGCTTA,972
TCGAGTATAGGTAGAC,972
AAGTTTAAGGAGGCAA,971
AATCGGAACGAATGTT,971
GCTACGAGTTTTCTAC,971
TCCGTTTGTACATTAA,971
TCTCAGACTTTCGATG,971
AAATACTAGGCCATTA,970
ACAAATAACATCATGC,970
ACTAAACATTGACTAT,970
AGCAACTGCAGAATGC,970
AGCCGTCGGAAAATCG,970
AGTGACGCTTATATCC,970
CATAAAGTCCCTGGAC,970
CGAAATGGACCAAAAG,970
GTAGACCGCCTCAGTA,970
TATGTCGTACGATACA,970
AATGGGTACAGGATAA,969
ACGAGACAGGAAGTTA,969
CACACACAACCAACAT,969
CTCCAAATGAAACACA,969
GGAGAAATGGCACTTC,969
GGGATTTATAAATCTC,969
TAGTCGAGCCTCCATA,969
TATCTCAGATTAGCAC,969
TATCTGGTCGAGGACA,969
TGTTAGAATTCGGATG,969
TTGGGGCATCCGAACC,969
AAGATGTCAAAAAATG,968
AATATAAGCCTTAAAA,968
AGAAATCGAATCTTGT,968
TCTGGTATTGCACCCC,968
AAAGTTTGATCGGAAA,967
ATCCCATGGGATGGAC,967
ATTTGTCCTAAGACTG,967
CCCACAGAGTCTAATA,967
GCCTACAATCCAATAA,967
TATACGTTACAAATCG,967
ACGAGAGGTAACTAAG,966
ATTAACGTGCTTAAAA,966
CACCCAATACTTTATG,966
GACGCAGAATTCAGAA,966
GAGAGGAGGAACCGTA,966
GCACCATGTTTATAAT,966
ATATTATTGGTACAAA,965
GCGAGCTAACATAATA,965
GGCAACATGAAAAGAA,965
TAAGGAAAGTAATACT,965
ACGCCGAATCCCCAAA,964
ATCATCATTATTAACC,964
CGGCTAATTCTCGATG,964
GCAAACCATCGTCACT,964
AATACAGGCAATCGTT,963
ACATGAAAGGATTATA,963
CACATCTGCTACAATA,963
CGTCCTATGAATGGAG,963
GCAAAAGACTGAATTC,963
GCCAGACATTAAAGGT,963
TAAACCAGGAATTCTA,963
TCGAGTACATTTATGA,963
CAGACTCAGAAATGTC,962
CATACCATCCCTATAC,962
TCGCCATACTACGCAG,962
AACAGCAATCTGGTGG,961
AATCCGACGCCGCCTC,961
ACTCTCTTCACCGACA,961
ATAGATTATAATGTAA,961
GGCAGATGACCAACCT,961
TCCTACAAAAAAAGTT,961
TCGCAATACCTAACTT,961
TGGTCATCATTCTTTA,961
AAACCAATTCCAGATA,960
GAAGTCGCGGGCTTGA,960
GAGTTCTCCACAGCTG,960
GCCAACCTTATACTCG,960
AAACTTGTCTGAGATT,959
AATCAATGATGGCCTT,959
GAAGGACAACTTCAAA,959
ACCAATTACGCAAGAA,958
CATACGAAGCCCACGT,958
CTGAGACCAGACCCAG,958
GAAATACACCCCCTCT,958
GATGATAACATAAAGA,958
GATGTCAAAAAGCTTT,958
GTCATTGATAAGTGGG,958
TATTAAAGTACAACAG,958
AAAGCACATTCATGCT,957
AAGTGGATCAGTAGCA,957
ACAACGTACTCATCGA,957
AGAACAAGTTGTAATA,957
CTCGAAGGCCAAAATA,957
TCTAGGTTACTTATAC,957
TGAACGTTCAATGAAA,957
ACCTATAATACAAAGA,956
ACTATGTCAACGAATG,956
AGTAAATCAATGCGTA,956
CCACACAAGCTATCTC,956
CCCTATAAGACTAGCC,956
CTATAGCATGACTTCC,956
TCTCAAATTTTGCGGT,956
AAAACTAAAGAGTCTA,955
AAACTAAACAGTTTCC,955
AAGTGCTAATGCCTCC,955
ATCTTAGCTAAAGACA,955
CAAACCACGAAAAAAT,955
GATCCTATCCCTTTAC,955
AATACACCAGTGACAA,954
AGGGCCGTGGTCATCT,954
ATACCATGCTTCAATT,954
CATCACCCGAGAGGCG,954
CCGATATCAATCGAGT,954
GTAATCATGCCACCGA,954
GTATAATTCATTCAAC,954
TAGAGGATTCAAAGAG,954
AACGAATAGCCGAATA,953
AAGTAATACGATTGCA,953
ACCTATTGAAAGACCC,953
CAAGAAAGTAACAACC,953
GAGAATTGACTTGAAA,953
GTATACTGAAAAATGA,953
TCTTATAAAAAGAAAT,953
TGACATAAGCCATAAT,953
AAGGGCCCCAAGCCTG,952
CGCGCGCTTAGCATTG,952
GACCAACGAATAATGC,952
GCTCGAACGTAGTATA,952
AATAAATTGGGAACAA,951
AATAATTGTAAATCCG,951
ATGGGCGACATATCTG,951
CCGTAAAGTACTACCT,951
GAGCTTTATAATAAAA,951
GTAATTTTAATCAGCT,951
TACAAAAACATATTAT,951
CCTCCTTGGAACATAG,950
CGACTTCCCTAATAAC,950
TAATAGCTCACACGTT,950
TGAAGTAGAGTAAACG,950
TGGTAACAGAAGTATA,950
TTATACACTGTCTCGC,950
AAACGGATCACTCCAG,949
AACCACTTTTACATGG,949
CACTGGGCACGCACAA,949
CATAATGAGATAAGAC,949
CATCTCAGTCGCGTAT,949
CGCACGAAAGAGATGG,949
GTATATCACATGGATT,949
AAAAAAGTTACAAACA,948
ACTGCCATCAATCACT,948
ATGCAAGACTTAGATG,948
ATTGTTAGAATGTTTG,948
GATGAATATCCAAAAG,948
TAGATTAACAGTCAAA,948
TTAATAGTGGTGCGTC,948
AAAAATTTTTTTAAAT,947
AAAGATACAAATCCAC,947
ACGAACACAATATGCT,947
AGATAATTTATTAATG,947
ATATGTGGATAATCGA,947
CAGCCCCACTAGCCCG,947
CTTAGTCATACCAGCA,947
GAGCAAATCTTTCATA,947
TAGATACTTTGATAAT,947
TATATTGACGGTCCTA,947
TCGGGCCGATCGATTT,947
TTTAAATAGTCAATGC,947
AAAGTTAGCAAGACTA,946
AAATCTAAATACATTG,946
AATACATCTGGAACGA,946
ACATTAGTTCAGGACA,946
AGTAATTAACCTCAAA,946
CACGTTATGTCCGGAA,946
CTCTATAAAGATTCGT,945
TAGAGCGGACACCCAC,945
TTTCATGCACGAACCA,945
AGTGATTGATAAAAAT,944
ATTTGACGAAATACAC,944
CATAAAAATAAATCGA,944
GAAACGCTGAGCACGA,944
AAATAATTAATGGATA,943
ACAACATGTTATTAAT,943
CAACTGAAACACAACG,943
TAGATGTTAGAATGAC,943
TATGTGTTGTTAAAAC,943
TGAATGATCATATTCT,943
AAGTTTCTAGTTGAAA,942
ATCCAAATGTAACACA,942
CCACGCAAGTTAAAGC,942
CTGTGATCAAGAAAGC,942
GGCATAATCAAGTATT,942
AAATTTCAAGTCACTT,941
AGAGTATAACACTTTC,941
AGGAACGCGGTTTTAT,941
CACCGATGCTGAATTA,941
CTAAAACCTTCAAAAT,941
CTAGAGATTAGCAAAC,941
GAACTTATAGGGCTAC,941
GACATAGAAAACACCT,941
TTAGTAAGGAAACAAT,941
ACAGCCAAGACGCTGC,940
ACTCCATACGAACGTT,940
ATAATAATTAATAACC,940
CAATTTCACGCATAAC,940
TCTAACATATACAATA,940
ACAGGCAAAAAAGACT,939
CTCTTACGCCTAGTTT,939
GTCCTTTAGCAGTTCA,939
ATTTACGATAATACAC,938
CCATAACGAAAGAATT,938
CGAACCATTGATCATA,938
GGGCGCTTTCCGTTTA,938
TTAGCATAAACAGTTC,938
ATCCTTGCAGAAGGGA,937
GTTCACGCCCGGAGAC,937
TACAAACTCACACGAA,937
TTCAAGCCGCAGAAAA,937
AATAGAACAGAGTCGC,936
ACTCCATCGGAACATC,936
GATTGGAGTCGAGTGA,936
TTCTCTGCAAGAGTGA,936
ACATGCACCTTATCAA,935
AGCTGCATAGCATAAA,935
CAAGATGTAGAATGTC,935
CCGTCCCCATTACGCC,935
CCTACCTACGAGAAAG,935
CGGAAGCACCCTGGAT,935
GTGGGAGTCTATAAAT,935
ATACTAGAAATGATGA,934
CGTCTAAGCAATCAAG,934
CTAGTAACTAAAACCA,934
AACGAGCAAGTTATCG,933
CCAAAATGTTAAGTTA,933
GCCAATGCGCATAGAA,933
TAGATCACGACAGATA,933
TCGCCAAAATTCTCCT,933
ACCTAACGGTACCAAT,932
ATAAACTTCCAGAAAT,932
TGGATATAACAGAGCC,932
AACACAATATGTGTAA,931
AATACAAGAGTATTGA,931
ACCACCTGGCGTATAA,931
GACATGGCCAATTATA,931
GACGTATTACGAAAAG,931
TAACCAACATAGAAAC,931
TTAACATGTCAAAAGC,931
AAATGCATCAACAGTA,930
ACTACGAATTGCTATT,930
AGAAACTAATTTTCGC,930
ATACGAAGTGTTGCAA,930
GAAGGTCATGGCAAAC,930
GAATTTATAATTACCT,930
GGTCGGAACAGATCTC,930
GTTTTACGTCATCAGT,930
TGCAATTATACACATT,930
TTACACGGGATTCAGG,930
CATCCAAATCGCTAAG,929
CGAGATGTGAGGGCCA,929
CTATCATATATAAATA,929
GACAAGGATTGCCTGC,929
GTTGAAGCAAGCTCAG,929
TTCAAGATGATACCTT,929
AAACTTTAATTTTCAA,928
AGCCTTAGACAGCCAC,928
ATTTAGAAATTTAGTA,928
GAAAAGAGTGACAAAC,928
GCATCGGATCGAAATG,928
AATAGCCGTACAACAA,927
ACATTTATAACAGCCC,927
ACGTAACCAACGGGGG,927
ATAATACAAAAAAAAG,927
ATATTCACATTATGTT,927
CAACAGTCACTTCTTA,927
GTGATTAGAAACCCAC,927
ACAAAAGAATAGGTCT,926
ACTCTCCGGGAACAAT,926
ATGATTGACAAAGGAA,926
GTGGTTACAATTTAAG,926
AAAACCCGCAAAATAT,925
AAAGCAATATTAATAA,925
ATGATTATCCGATTAA,925
CATCCCGCCTCTTGTT,925
CTATTACTCTATATTT,925
GTTGGAGCACAGAAAC,925
AATATGTGAAGACAAT,924
AATCCATCAATACAAC,924
ACTATCCAGTGCTATT,924
ACTCAACCTCTATTAG,924
AGACATTATTTATATG,924
ATTTCCTCATTCTGCC,924
CTATACAAAGAGTTTG,924
GTATCCAATGCACAAC,924
GTGCTTAGGCGATTTA,924
TACATAGTATACCAGG,924
TAGACTTCGACTATAG,924
ATCCCATGTAAACTCG,923
ATTAAAAGTGGAGCCC,923
CTCAACATGAAAACGA,923
GATAGTTACTGCTAAA,923
GTATCGCGCGAATGCA,923
TAAATATACATTCAAA,923
TGAAAAACGCAGTATA,923
AACCGGTACCACCACC,922
ACGCATTCAGATTACC,922
GTGCCTATAGGTCAAA,922
AACAGTCTGACTGCAA,921
AATTTAAAAGTAAAAC,921
ACCACAACAAAATAAC,921
ACTCAAACTTAATTAA,921
CCCACTTCAACTGAAG,921
GGAAAACAAAACAGTT,921
TATAAAAATTACAAGT,921
TGTATACCATGTATTA,921
TTGCCTTATCAATTGA,921
AATATAGCTCTAATAA,920
AATGCTGACCAAGACG,920
AGGATGTGAATAGGCG,920
CACCGGATCAACCACC,920
CCGTATTAAATTCTTG,920
CGACAACAACACTTAT,920
CGCCAATCGCCGCCTA,920
CGTCTTTGTGGACATA,920
GTAAACATGTCGATAC,920
TTCGCCCAATTTGAAT,920
TTTAACAATACTAAGA,920
AATTAATGAACATTAA,919
ACAGTCTGAAAAACCT,919
CATAGGAAAATTCGAA,919
CATTTCGTTTGAACGC,919
CCGGAACCTTTGTAAC,919
CGATCCCCCGAGATAA,919
CTGTTTCTCTTCGGAT,919
TAGAGAGATTTCAGCA,919
TTCAACCCACTATCGC,919
CCCATAGCACCTGGGC,918
CTCAATAGCTTACTTC,918
GCGTCCTATTAACACC,918
GTATAAAAAAAGCACT,918
AAATCGAAATATTAAG,917
AATTGTGGAAAAATAC,917
ACGGCAACATTAAATC,917
ATATGTTCCAGTGGGT,917
CCCACAAATAGATGTA,917
GGGGGAGGCTATGACA,917
TACATAAAAAATCAAT,917
TATCCCCAAAGCTGGC,917
TTAGACTGGTATCCCA,917
TTTGACATCACGCGCT,917
ACGACTATCGTTTAAT,916
ACTTATGGTATAAGGT,916
ATCCACGAGATGTAAA,916
CAATAGACAGGAAATC,916
CATGGCACAATAACGA,916
CGAACCATAGATTAAA,916
GCCATGTCAACTCATA,916
GGAACCCAGCAACTTC,916
TGAATAACAATAATAG,916
ATATGTAAAGGCCCAT,915
CACCACCGAACAAACA,915
CAGTCTAAATATATAA,915
CGTTTAGATCAAATTA,915
CTAACGAAGGATCCCT,915
CTCTATTGTGAATAAT,915
CTGAAGGCGAATTATG,915
GAAAAAACCAACATTT,915
ATGTTGACAGAATACA,914
GAATCAAATACAAGTG,914
TAAACTGAGTCGCTCT,914
TAGTGGTAGCCGGAAC,914
TTACATCATTTGTACA,914
AAAAACTACGTAACAT,913
AAAAGGCAGCATAAAA,913
AGTGACTGGTGTATAA,913
ATATATAGCAACAATA,913
ATCCGAGTTTTAAAAT,913
CAGAAACAACAGGCAC,913
CAGACGCAGCCCACTC,913
CGCCTAGTGCTCTATC,913
GTGCTCTAAAAACCAA,913
TAATGTTAAACAAGAC,913
TTCAATAAATGATACA,913
ATGCATCCGCTAGCAG,912
CAACCAGTCCTACTCA,912
TAACCAAACAATAAAT,912
AAGTAGTGTAATACCA,911
AATAGAGCTGTATATA,911
ACCGGTACCGCGAACC,911
ACTCCTAAATTAATCC,911
ATAAAGCTTGTTGAAA,911
ATAGTAACATCCGTGC,911
GAAAATGGGTATTTCT,911
GCGCAATATGAGAAGA,911
GTTCGAGCCTTAGAGG,911
TAATGACAATTAACAC,911
AAAAGACTGAAGGTCA,910
CGTTATAGTTATCCAC,910
GTACACAGGTCAGGGC,910
TCATCAAACAAATACT,910
TTGACTAATACAGAAA,910
TTTGATGACGCCTATA,910
AACATTGTTCCATAAA,909
ATACCTCACAAGGCTT,909
ATGCCCGAAATCCCTT,909
CAAGACTAGAGACACG,909
CCCCCTGTAGATACCT,909
CCTTAGTGAATTACTT,909
TAGGCAGTATTCAGTA,909
AAATGACGGATGGAAT,908
AATTGGTGTGAATTGA,908
AGTAGTACAAGTATTC,908
CAAAAAGACAAGAATG,908
GACCAGGAAAAATACT,908
GCGGCTAATCATAAAA,908
GGAAACTCGAGACACT,908
TGATATCCTGTTCATT,908
ACCCATTCCAGCGCGG,907
AGTCGTAATAGGTACG,907
ATTGAGATTAATTACG,907
CACTGTGATCCGGCTT,907
CATACACTGATCATTT,907
GCACGCCATTAGATGG,907
GGAAACGAAGATGGCG,907
AAAATTTTTTGCCAAA,906
ACACAATACCGGAGCT,906
CTAACCTAAAAATTAA,906
CTTATGTATAATAGAA,906
GAACCAAAGAAAGGAG,906
GACGCACCGAACTAAT,906
TATGAGCGTAAAGTTG,906
TGGTTACCACAACGGG,906
CCCACACCGGGGACTG,905
GAACTCCCCATAAACA,905
GACGGGTGGAGGTCAG,905
GCACTCTGAACAGTTA,905
GGGTACGGTTCGAAGT,905
TACCCAATTTGCAATA,905
TCAGACCCAATAACAC,905
TTACCTTGTAAAGACC,905
AACAAACTATCTTTGA,904
CACCCCCCTCATAATA,904
CTAAAGACCGTGACCT,904
GACAACACATTCGGGA,904
TCCAGAAATGTCATTA,904
TGGATTCCTACTGGAT,904
TTTCCAAATAACGCAT,904
ACACAAATTTTCTGCT,903
CATAGGAAATTTTGAG,903
GCATATTTCACAATAT,903
TAGATACGTTATATAA,903
TGAAAATAAACTCCAA,903
TGTGCGATCCGCAGAT,903
AAGTTCAAATAATATG,902
ACAACGAAGTCCCAAA,902
CATCGTCCAGGACTCT,902
CGTCTACTAAGTATCA,902
GAATCTATCAATACTG,902
GCTAACATGAGTAAAT,902
GTATAACGTCACTAAT,902
TTGCTATCCCGGCCCA,902
TTTATTACTCACCGAG,902
AAGCGATTATGACAAT,901
AATAATAACACGACAA,901
AGCCGCTACCTTTCCT,901
ATTTTTTGTGCAGTAA,901
CCAACACCGCTGAAAT,901
TGCAGGCAATACCGAC,901
ACCTGATCCCACTGCA,900
ATAAAATTTAAATAAT,900
CGTACAGCTTTGGAAA,900
CTCAACCAGTTACAGA,900
GCAAGCACTTAAATAC,900
TGCATGACGGCTGACA,900
CAACCTAAGGTTCTAT,899
CACACCCCACCCCATA,899
CGAAAACGCACAAACA,899
GACATTGAACCCACCA,899
GGAAGTGCACCAGGTT,899
AATAACAATTGCATAT,898
CTGGCGTCCTAAAGCA,898
GGGAGGCGTATTTACA,898
GGGTAAAATAGCCAAA,898
TATAGAAGACTTATAG,898
TGCAAGTTCAAATATC,898
TGGGAAAATTTAACCC,898
TTTACAACGATTTGAA,898
AAAACTCTTGTGAAAA,897
ATGACTCTAATCAGAC,897
ATTAAAACAATTCTAA,897
GATGAGGAGATAATAT,897
GTATTGAGCTAACTTT,897
AAATGGCGAATTGCAT,896
AACCGAAAGCAACTAT,896
ATGGAATAAGAACACC,896
ATTTAAGTCTTCCTTA,896
CGTTAAAATCAAGTTT,896
GATTAAAAGGCAACCT,896
GGATCGCAAAAGAACG,896
TAGTCTAAAGGTGTAT,896
AGAATGCGTGACTCAC,895
ATCTACTGAAGTATGA,895
CAGTTCAAGACCGTTT,895
GCTTGCATATACAAGT,895
GGACTCGATTACTAAT,895
TATACAAACATCTGTT,895
TTATCCAAAGAAATTG,895
AAAGTAATAACCTTGC,894
CCTTCCAAGCCTGCAC,894
GAGCTGCAAACCGCCA,894
GCGATATCATTAGAAA,894
TGTGTGTCACATAAGA,894
AAAAGACTGATAATAC,893
ACGCTGTGTTCAGAAA,893
AGTTAGAGCAAATGCA,893
ATATATTAGAAGCTTT,893
ATGCAGAGCCTTAAGG,893
CACTGAGACTCGAACG,893
TCATCCAAATTCCAAT,893
ACTCCAGACCGGCAGT,892
ACTGACTTAGACAATA,892
CAATTAACTACCCAAA,892
CCTACGGTAAATAATA,892
CTAGGAAGTCTCAACA,892
GGAAAAGAATCCTATA,892
GTATCTAACCACCATT,892
TCAAAAAGAAACGTAG,892
TGCTCAGTGGAACTGA,892
AATATAACACGGTACA,891
AGAAATAAAAAGTCAA,891
ATATTATGCGACTTGC,891
CAGCTTTCTTTGTAGA,891
CCTAAAAAACAGACTG,891
CTATAACTGACTTGAA,891
GCCGACACCCGGATAC,891
CCAAGAAATAAACCGG,890
CCTACCTAATAGCTCG,890
CTTTAGATTAACTACC,889
TTGGAAGGTTGTCGGA,889
ACAAAAGACATATATA,888
ACCAGTACTACGATAG,888
ATGTTCACTAACTCCC,888
CTGTTTACCGGTATAC,888
GCGTATTTTGAGAGTT,888
TCACGCTCTTCCCATT,888
TTATTGGTTAAGTACA,888
AAGTCCAAAAGTATAT,887
ATTTCCATTTCCCTAG,887
CCTGCCTACGAAGCCC,887
CGATCCCTAGCCTTCT,887
TATCCGCTTGCGGATT,887
ATCACATGTTAGGGCA,886
CAAAACCATCTAAACA,886
GGTAGTGAGCACCTAG,886
TCCGATCCACAGGAAC,886
AACACAGCTAGTCAAT,885
AGTAGCACCTCCGACG,885
GTATCAAGATTCTAAA,885
CCGCAATCATACTTAG,884
GTGTAACTCCTACATA,884
TCATCTAGAGAAAAAT,884
TTATGCGAGCCTCGAC,884
AAACTTAAGAAGAGCC,883
AACAACACACAATTTA,883
AATCCATATCCCGCAA,883
AATTAGATTACGCGAA,883
GCCGCGATATTAAATA,883
GCTAAACGACCCCGTA,883
GTGACTACTTGTGTGG,883
TAAGATATCGAGCTTC,883
AAGTAATGTCCTCGAC,882
ACTGGGTTCAGGGATA,882
ATCGACTACTCACACT,882
GGAAGGATACAGCTGC,882
TGAACGATAAAAAACC,882
TTAATATTCCCACTTA,882
TTACCAAAAAAAAAAT,882
AAAAATGACGCAGTAT,881
AAAGAGAGATTATACA,881
GCCGTAACTTGAGAAA,881
TAACGGATACTAATGA,881
TCCCAACAATTTCAAG,881
TGGAGACACTGCATTA,881
ATCATAACAGAAGCAA,880
CAATACAAACTCTCAC,880
CACCTAATTAGTCATT,880
CACGAAGATTATCTTC,880
CAGTTACACGCCAAAC,880
GAGTATTAATATAATA,880
GTTTCATTTCGTAACC,880
TCGACTCGAACTCGTC,880
TGACTTAATAGATAAT,880
TTAAAATTCCCCGATA,880
CCACATTGCATAACTC,879
CCGGCTCGATAGCATC,879
GAGGTTGATAATCCAG,879
TAGAGACTCATCAATC,879
TAGTGTGACCCGAAAA,879
AGAAGCCTAGTAAAGG,878
TTTGGACCACCAAACA,878
AACGCTGCCATGCAGG,877
ATAAGTCGCGTGCTTA,877
ATTGCTAACTTTGAAC,877
CGTTTGATTGTCCCCC,877
CTGGAGCCTACAATAA,877
TTTACCAGGTAGAAAA,877
AAAATACGACAACGCA,876
ATATAATAGATCTTAT,876
CGACCCGCTCAGCCAT,876
GAAAGTTCTCTAAGAA,876
GAGATCTTACTTGCAG,876
TAATCGAATCATAATA,876
AACGTAAAGTATAGTA,875
ATCTGATCAGAGTACT,875
CGAGCAACCTAACCGG,875
GCGGAAGCAAGCCCTT,875
GTGACAAGCCCCGAAT,875
TATCAAATATTATCGC,875
TCCTAAGACTAGCATG,875
AAAAACCAGGGTCAGA,874
AAGTTTTCGTACAACA,874
ACAAATTAAGAACAAA,874
GGTTAATCAGCAAAAG,874
ACCTAGACTGCTACGA,873
AGTTTAAAAATCTACA,873
CGGGAGACAATTATCT,873
GGACAAACCATTATGA,873
GGCCAGGCCTACGAAG,873
GTCCACCCGGATACTG,873
AAAACGTGATACATTA,872
AACTAAAGGACTATCG,872
AATTAAGACCATTCTA,872
GAAATAACTGTACAAT,872
GGACCTAACAAATCAT,872
TTTCATTTTATAAAAT,872
AAAATTCATTAACTCC,871
AACAAATACAATCCGA,871
AATCGAGCCTGACAGG,871
CATCATTACGACAGCA,871
CTGTCTTCTGACCGAC,871
ACCGCCTTCACCTCAC,870
ATCTAACAGTTAATTA,870
CATAAACTAAAGAAAT,870
GAGGCCAAACATATTG,870
TCTATACAGTTGGTTA,870
TGGGTCTTTCAACCTG,870
CATCTAAATTGCTAAA,869
TAGCAAACGGATCGCT,869
TGAACATCACTTTGAA,869
AAACCCCATATGAAAT,868
AAGAAACAGGAGAATT,868
ATACACCCCTAGAAAC,868
ATCATGACAATGCATA,868
CGGATTAATGTGTCTT,868
GCCTCCCAAAACTCAT,868
TGGCAATCATCAGTTA,868
TTTCATTATAAAGGAA,868
AAATGTAAACCTTCTT,867
ATGAGCTATTCCCCAT,867
ATGATGAGATATATTA,867
CAACCAAGGACAAAGT,867
CCGGGAATATTCGATA,867
CGGTACAGTAGATCAT,867
GGCTACTCATGAATCC,867
GGTGTTTTGTAATTTG,867
AAACTAAATTGTCTTA,866
ACTTCCCATTAATGAT,866
CAAGATACGGGATGTA,866
CTACTTCCAACTTGAC,866
GTAGCAAAAAGCTGGC,866
TATTCTTGTGTATGAT,866
CAAGAACAAACAAGAA,865
GATTCCCTAACGTACG,865
TCGGTATTAAGAAGAA,865
TGGAAATAAATAGGGA,865
AAAGAGTTCACAAGCT,864
AAATAAAAAGCATAAT,864
AGGGAACCTGTCATCA,864
ATGCGACACCTGAAGC,864
CCGTGATTAATACGCC,864
CGATCGGACTCCTCAG,864
GTCCACATATAAGAAA,864
TAGGAGACCCATATCA,864
TTATAATATAATCTGG,864
TTCATGACTCTCTAAA,864
AACTAGCAAGATAATT,863
ATCAAAACATGACACT,863
CTTGAGGTACTATCTA,863
GAGCGATCTCTAAGTT,863
TGCGATCAAAAATTAA,863
AACTCGTAGAATCTTA,862
AATTAGGACTGACACA,862
ATTTTCGTAGGTGCAT,862
CAGAATAGATGTCCTC,862
GGACACTATAAGTCAA,862
GTACCTGCTTAATACC,862
GTATGAAAAAAAAAAA,862
ATGGACACGGGTGACT,861
CACAGGAGCTAAACTA,861
CATAAAACCATAATTG,861
CATCTTAGAGAAGCAA,861
GACCCCTCACAGGGCA,861
GTCCCAAGAACTGACT,861
TACAAGCCGGTGTCAA,861
TCAACGTTTGTGTTCA,861
CATGCGCCAGGACGCA,860
CCAAAACAATCTTTCA,860
GACAAAACGACATAAA,860
GAGTTTTACAACCCAC,860
GTGCGACCTTCGGTAA,860
AAAAAAATCCGCTTCA,859
AATTGTCAGTTATGCC,859
ACTCCAATAAAATGAG,859
CAATTAAAAGAGATAA,859
GGCGCTTCCTAAACAA,859
TATAGTGCAAGTAATA,859
TGCTCATCAATATAGC,859
AAGCGATCAAGGACGC,858
AATGCGACGATAACTG,858
ACCCAATAGGAAACTA,858
ATAAATCGTAAACAAA,858
CAATCAGATTAGGATG,858
GAATCCAACGAAATGC,858
GCAGGAGCACGTTTCG,858
GTAAGGTGTGATTCGA,858
GTATAGCTGAGACACA,858
TCGGAATTTATTTTCT,858
CAACTGTAGAATAATG,857
AGGCTGTGAACGTCCC,856
CTACACCAGGAGGGAG,856
GACATCGCCCAATATG,856
GACTCAACACTTGAAT,856
GGGCTCGAAATGACCT,856
GTAATCCCCGTGACTG,856
GTGAAAAGTACAGCTA,856
TCAAAATGCGAAGGCA,856
TTTGGTAATAATAAGA,856
AATAGGACGGAGAAAC,855
AGATTTTTAGATAAAT,855
CATTTTCCAGGATAGT,855
CTGACTTCTTAGACCC,855
GAAGTGAGCAACTATT,855
GCAAACGATCTTAGTC,855
TATGTACCGCGAAAAT,855
ATCCTCGTAGGCCGAA,854
ATCTCCCAGTTGTTGG,854
CCTTATCTGTTTACAG,854
ACCTCTGGGTTCTAGG,853
ATTCTCCGCATAATAA,853
CATGACCCCCCTATCA,853
CCTCCATTGGAAATAA,853
GTCCGAATAATCACGA,853
CAGCCCTAAAGAAAAT,852
TTTTTACAACCCGACA,852
CAAAACAATTCTTGTA,851
CTCAGAGCCTAAATCA,851
TAACGCCTATATAAAT,851
TCGACCTACCGATGAT,851
TGATCGGACCCTTCCA,851
ACCAACCGCTACGAAT,850
AGACTCACTTTGAGAC,850
CGTGGCCAAGAAAAGG,850
GAAGCCCTGACGACTC,850
GATGGGCAGAGCACCA,850
TCTACAGTAATAATGT,850
TGCACCAAAGTTGATA,850
AGAACTAATCGATAAG,849
ATCAATCCGATAAACC,849
CTCGATCTACTTCTAT,849
GTATATATTCAATTAT,849
ACCACAAGAACTAAAT,848
ACTCAGACTTAGACAG,848
CTAAGACATAAGTTGA,848
GACCCAAACTTCGGTC,848
TAAGGCATACAATATT,848
AGCCCCCAAGTTAGCT,847
CAATTAAACCTTGAGT,847
CATATGTATAGACGCA,847
GAGTTACAACAGTTTA,847
AAGAAGAATACATAAC,846
ACAAAAAGAGCAAAGA,846
ATGTCGAAAGATGTCA,846
GGTATCTTGCAAACGC,846
TAACAATGCCAAACCC,846
AGAAAAACCCAAGAGA,845
AGTTGTTAGAGTGGAA,845
ATAGTCAATAGCGCCT,845
CTGTTTGAGGGAGTCC,845
GCCGGTCTAATAAACA,845
AATAATCATCTCAGAG,844
CGACCCAGAACAAGAT,844
GAAAATTCTTAAGTGT,844
GCCTTTAAAGACCCGT,844
TAAACAAAAACATTGT,844
TAAGCCTAGTAACATA,844
AACAGGTATATATGGA,843
AATATCAAGTTCGGAA,843
GAACTAAAGTGTAATA,843
GCTAAAACGGAATTGG,843
TATATGATTTCCAAAA,843
AATAATTAGATAAACG,842
AGTACTTGTTAGTACA,842
CTACAAATTAAAATCA,842
GATAGTTCACCAAAGA,842
TATAGATCGAAGAAGA,842
TCATGACAACACTAGT,842
AATCAGTTCAAGGCCG,841
ATAAGTTAACGCGTGT,841
CTACTAGGAGGGCAAT,841
CTGAGGTGGTATGCCC,841
AACAAATCCCTAAATC,840
ATGCGACGTCGAGTTT,840
CTGAGGCAGGATCTTG,840
TTTAGCAGTCCCGTCA,840
ATCGGGAAATATGTTT,839
CTTGGGTCAACCAAAG,839
GAATCCTGGTTGTAAC,839
GATATTAACCACACCA,839
TAATAACTTGCAAGTA,839
TATCTATCGGTATTAA,839
AATAGGCCTAAGCGCC,838
ATGCACCAAACACAAA,838
CAACGATAACGTAGAT,838
CGACTCAAGGCGTCAG,838
GGGTTCTAGTCAAGCT,838
ACATGTAAATGCTTGT,837
CACCGGTATGGCTCGC,837
TTAAACGCACCATGAT,837
ATATATGCAGAAAATC,836
CATTACGTATGTCTGA,836
CCCGAAGTTAAACAAA,836
CGCACTTCACTAGCTA,836
CGTAAGAAAATCGACC,836
TTATAATAACTTGTTA,836
AAGAAGGTAGCGTCCC,835
AGCACCTTAATCAATC,835
CAATCCGACTGAGGAG,835
GCACAACCAAACCATG,835
GTGAATCTTAAATCTA,835
AAAAACCCGTCACACA,834
AAACACTTACAATTAT,834
AATTCTGCTGGAAAAC,834
AGAGATGAGGACTCGG,834
ATCACCACGTAAGGAC,834
CAAAATACCACGACCT,834
GCGATCAGCTTGAGTC,834
TATCCCAAGCAAAAAC,834
TATGCATACTTATCAA,834
AACTCAGCTTTACAAA,833
AATCTATTATAGACTG,833
ATCAGAAGCTGCATTA,833
CATTCAAGAGACGCTT,833
CTCGGCTAACAGCGCC,833
GCGAGCGACAAAACTT,833
GTAAAATGAGAAAAAA,833
TCTCAACTGAGTTGAA,833
TTAAATATGTACCTTC,833
TTGACCTACGCACGCA,833
AACGAATGGCTAAAAA,832
ACTAGAAAAAAACCCA,832
ACTCATACATTTCTGT,832
CACTATTCAATAGGAT,832
AAAAGACCTAAGCGAC,831
ATGCGTCCAGAAGACT,831
CGAAAGAATACAACAA,831
CTAAAATATAGATATG,831
GTCATCTCAACCATCT,831
TCCCTCGCATCACAGG,831
AATATAGCTTAAAGAG,830
AGCTACTTCATTAGTT,830
GAAACCTAACTCATCC,830
TCATCGAACGGTAAAA,830
TTACTGTGCAGCTGTA,830
TTGATATGGCCTGCCT,830
TTTACGTAAAATTCAA,830
GGGACTTAGGAGACTG,829
GTCAATAGTTATAAAG,829
TATCCCAGCATTAACA,829
AAAACCGAAAGTCAAT,828
ATATTGATGTTTTCAT,828
GTGCGTCAGTACTTTA,828
TAAACCTCCAGCTGAC,828
TACCAACCTCCCTAGC,828
TATTAAACAGGTTAAC,828
TGATGGATAAAACAAA,828
TTACGAAATACACACG,828
AAATAAAAAGTAGCAA,827
AACGAAAGTTTAAGAC,827
AGAAAATGTGCTATAA,827
AGCCCCTGTAGCGGAT,827
ATAGCTTATATGACAT,827
ATTCCATACTATGTGA,827
CATAAAATTGCACCAG,827
GAAAAAACAAACTCTC,827
GATAAATACGATATCA,827
TCGCAGAACTACACTC,827
TTTCACGTTCTAATAC,827
TTTTGCTCAGACTGAA,827
AGACCATTAAGTTATA,826
AGGCAATTCGCAGAGA,826
CACACGATCGATACGA,826
CGCGTATCAAATATTA,826
TCGTCAATATGGAGCA,826
TGAACAGAGCGAACGC,826
AGATCGTGAGAAAGAC,825
CAACAAGTAAAGAGTA,825
CTTACCGACTAGAATT,825
GAGCCCATAAACGAAT,825
GTTTTTAAGCCTGACA,825
TCTAACAGTACACAGG,825
AAAAAAGCTGAAGAAA,824
AAACGCAGCTAGACAC,824
AATAATGAACTTTCGA,824
ACCAACTAGCTATATT,824
CAAGGTTTAAAGTAGA,824
GGAATAACACACTTTC,824
TCAGAATGACAAGGGT,824
AGATATAGCCTATGTA,823
CTATTAACCCACACCA,823
GTACTTAATACAAGCC,823
TAAGCACACTATACAG,823
AGTGTGGAGGCACATA,822
ATCGCACGACACTTGT,822
AAACGAAGTCATACCT,821
ACACCCATACGGAGCA,821
ACATAGTTAATAAAAA,821
ACCTTTTAATAAAACG,821
AGCCAACCATTAGGGT,821
AGCGATGTAAGCATAT,821
GCAAGATCAAGGTCCT,821
AAAGTTAGACCCTACT,820
ACCAAGATCATCCTAA,820
AGAATCAGTGAGATAA,820
ATACTCTTTTTCACAA,820
GAGACGAAAGAACCAA,820
TAAGAGTAGTGGTGCG,820
TTGAGGTTAGTGACGC,820
TTGCACGACCGCTAGT,820
AAAAGGCTGCATCTTT,819
AAACAATAAATAATAG,819
AACGGTTTCCTATGGA,819
AAGATAAGTTGGTCCA,819
AGTAAATCAAGTGAAA,819
ATTCTATGAGACTCAC,819
CGGTGACGCGTAGATC,819
GCCAATGCGCCTAATT,819
GGGTTTTTACTTAATA,819
ACACACACTCGAACAT,818
CATTTGGTGTTATCGC,818
CCGCGGTAGTGAGACG,818
CTGTTTAAAGCGCTAT,818
GGAATTACTCACTTGT,818
CAAGAACCTCCTCACA,817
GCTAGATATAAATGCT,817
GGTATCCAGCAGGACA,817
TCCTTGTGGAAAATGT,817
TCTAAGAATTAAAGGA,817
GCGTGGTTTCGGACCC,816
TCTGACCCGAATTCGC,816
TTATAATAGAGGAACA,816
TTTAATAGAAAGGGAA,816
ACAACCAAAAACAAAC,815
ACGCCAAGAAGGAAAA,815
AGGGCTTCCACATCAA,815
CAAAGACATCCATCTC,815
GCTTAAAGGAGCACAA,815
TAATGACATCTATATA,815
AAACTATCAGTAAAAC,814
AATCCTTTTAAACGCA,814
AATTGATACCCTAACA,814
CTGTAAGCAGCTGGCA,814
GGACTCTCCACTATAA,814
TCAGCGAATCTTACAA,814
TGTATAATGAGGCCAA,814
TTAAGCGGACATGTAT,814
AAATCCCCGAAGCATT,813
AGACACATGAACCATC,813
ATGAATCCATTAGAAT,813
GCTGCATATCGTAACC,813
AAATGTGCACTAAGTA,812
AATCTTTGAGTTCAAT,812
CACGACCCTAACGCGT,812
GTAACTAACCCAATTA,812
TAATATTTATTACAAA,812
AAGGATACAACGTGAA,811
AATACACAATTGAAAA,811
ACGCCTCCAAGTAACG,811
ATAATCCAATTTATTC,811
GAAGAAAATATAGCAA,811
GACCTCAGATTGAAGG,811
GCAACATCTCCGATTT,811
AAAATTAACTAGCAAG,810
AATACATCCCACAACT,810
CAAAACAGAGGTGGAT,810
CCGTAGACTATATTTC,810
GGAAATCGTCATTACA,810
GGTGCAATTCCTAGGC,810
TAAGCCCGGGAACTTC,810
TACCCGTCTCGCGCAT,810
TTTACGCTGCACGAAC,810
ACCAGTAAGTTGCCAT,809
AGCATCCACTGTCACA,809
ATTGGTAAAAACATCT,809
CATCAAACGCTATAGG,809
CGTTGCTAACCCTAAC,809
TGTTAATATTACCCGT,809
TTGAGACATAAGACGT,809
TTGCAACTTATGATTT,809
AACTGAAGACCACTAG,808
CACAATAATATCCAAA,808
CACCGGACAAGTGCCG,808
CCTGTCATAATTCGTG,808
TAAATGCGAACAACTA,808
TATTCACTCATACAAA,808
TGTTCTACAGAGACTA,808
ATTATACCCATGAATC,807
CTACGCACCGAGCCAA,807
GAGCCATGTTATCCGA,807
GATACTGGATAAAAAG,807
GATCCCCTGACCATAC,807
TAATGAAGACCGGACG,807
TCCGCATGTGTTGCCT,807
TGAGAAAACAGAAATG,807
ACTATAAAACGGGCCT,806
AGATGGCGAAAACGAC,806
AGGCTGAACATATAAT,806
ATCGACGATAATTCAA,806
GTGAATGAGATCTCAA,806
AACAGACTATATCAGG,805
AGACGCTCTCCGTCAA,805
AGTTATAGAATGCTAA,805
GTTGATTGGAACTAAA,805
TAAATATTGATAATGT,805
TATCTCGGTCCAGAAA,805
TGATTCCAATTTCAAA,805
TTTAGGCAAGAATAGC,805
AACTAGTGGGTATGGC,804
ATATAAAAATAAGAAC,804
CGTGATTTCAATACAA,804
ATAAATACGATTCCTG,803
ATGTATCTACGATATG,803
CAATTTTCTTGGAAAG,803
CGTTCCCATGGGTCAA,803
CTATTCTTTTCACGGG,803
GATACTTAGTAGTTGA,803
TTCAACCAAAGTCGGT,803
ACTACATGAATTCTGA,802
ACTCAATGTCTCTAAA,802
TAACACAGCAATATAG,802
TGGAAAAAAAATAACA,802
AATTTGACTGCAATAT,801
ACCGATCAAGAGCCCT,801
ATAAATTAAAAGAAGA,801
TACATTAATATAAAGT,801
TCTTATAAAATCAACT,801
TGAAGTAAAGTTGTAA,801
TGAATCCCCTGGACGT,801
TGATACTGCACGTAAG,801
TTAGTGCGGGATGCGT,801
AATAAATCCCTGACTT,800
ACCCCAAGTTCCAGAT,800
CCCTAACGCATTAGGA,800
CTTTGTTAGGGCCTCA,800
ATCGTCATACATCATT,799
CAACTCTAAGGTAGAG,799
CAATTGAAGTTACTCA,799
CTCTTCATATGACCAG,799
CTTAACAACCATTGTA,799
TATTTTGAGCACTGAA,799
TTCACTCTGACAGAAA,799
AAACATATCAACCTAG,798
CAACCCCGGGTTTCAA,798
GCCGATGAGAGTAAAC,798
GCTATCCTAGTCCCAG,798
TATTAGTTGTCACAGC,798
TCAATACCGAAGATGG,798
TTGAAGCATACAAAGC,798
TTTCATTTTCCTACTC,798
AGAGTTCTATATAATA,797
ATTATTAACTAGCCGG,797
CAGATTTAAATTTCAT,797
CCAACATACGATAATA,797
GGATATAACTCCTGAA,797
TAAATCTAACATATTC,797
TAGCTAGATTATTATT,797
TTGGAGAAAAAGCTCA,797
TTTTGGAGTATCACAT,797
ATCTTCTCTGAGTTAA,796
ATGTACAGACGTCAAT,796
CGCGACTCACGTTGAC,796
TGTTATACGAAACACC,796
TACGGAGTCGTAAGAA,795
TATCGCGTCAGATGCA,795
TCCAAAGGGAAGCACT,795
TGAAGAATGAGTTAAA,795
TGTAACGGCAATAAGA,795
ACACTAGAGTTGCCAG,794
AGAAATGCGTAAGATA,794
AGATATGCATTGGAGT,794
CGATCTGGCTCGAGGA,794
GGGATTCAGGAAGAAA,794
TATACCAGAACAAGAC,794
CACCTGCCTGTTAGAG,793
CGACCAATACGCTAAC,793
TCACTTACATCGCCAG,793
TTACACAAAAAGCCGG,793
ACAAGTAACAACCCCC,792
ATGCTCAACAAAAAAC,792
ATTAATGAGCCAAACA,792
GTCTAAAGAATGAGCT,792
GTGAGCACCCATGACT,792
TAGGAATATCCGACGT,792
TTAAACCAAAGTGTGA,792
AAAAACAAGCGCCAGA,791
ACGAACACCAAGAGAA,791
AGCAAAGTGTCAAGAT,791
CTATAAGTTGGGAGAC,791
GACACAGACTTTAATC,791
GACCAGGTTAGGGCGA,791
TAAATATAAAAACAAT,791
TGCGAATATCAATGGC,791
ACAGTGATGAATGGGC,790
ACATATAGTACCTTAC,790
ACGCTCTCAGTCCCAA,790
CGTAGTCGACAATTGA,790
TACGGTTTAAAAATTA,790
TCATTGAATTCATTGA,790
TTAGACCATGAGTTAG,790
AAAACTACGGTTTAAA,789
AATCCACCAAAACATC,789
ACACTATATCTAAGAA,789
AGACTTTAACCAAAGG,789
TTATATCATAGCAAAA,789
AAGAACAATCCCCTAA,788
AGAAAAAAGTATATGT,788
CCAGGAAATTTTCAAT,788
TATCATAAGACTTATA,788
TTAAGCATATTGTACC,788
TTCACATAGATTAATA,788
AACGCTCAAACAAAAA,787
AAGCCCGATGTGAAAC,787
ACAGTCCGGAATCAAA,787
AGTGCTGAGCCTGAGA,787
ATGAATTTAAGTTTGG,787
CAAATAAACAGCATTT,787
CAGTGTGTAATGATTT,787
GACGGATCAACAGCCG,787
GGGGATTCGTCGCAAA,787
AACCTCTATAGACAAC,786
ACTCCAAAACTAAGTT,786
CCAAACATGACAATCC,786
AAAAACAAGTCCTTTT,785
AAGACTCGCTATCATC,785
AATGCGAGGATTATGA,785
ACAAGCGTTATAAGGA,785
AGCGTCCTAATGATCG,785
AGTAAAACCAAAATCC,785
TAACAGAATAACAAAA,785
AATAAACGAGAGGATA,784
ATTCCAGTATGAGAAC,784
CCTAGATACGATCTCA,784
TCAGAGAAACTAGCTG,784
TCGAAATACATCTCAA,784
TGGCAAGCAACTGAAA,784
ATGAAGTCACATAGCA,783
GGCAAAACATATACAT,783
ACGAATATCCCCGTTT,782
GTAATTACAATAAAAA,782
TCTCAAAATTAGTACT,782
TTGCTAAGCGATGCCC,782
AAAAAAACCAGCGGAA,781
AATTGCTAAGTTATTA,781
AGAGATTGATAATTCC,781
ATCGGATAAAAAACAT,781
CCCCCACCAAATACTA,781
CCCTAATGAATAATCG,781
CTATATATCATCTAAA,781
AAAGGGACGAGACGCC,780
ACGACTGATTTTAACG,780
ACTCTACATTTAGTAA,780
CAACCAAATACAGTGT,780
GATATATTTCCACCAG,780
AATTAAGATTTCCCAC,779
AATTTGCGTGTACTCA,779
ATAAATTACGTGAGTG,779
TAACACTAAGACCTAG,779
TAAGACCGATATGCCT,779
TGAGATGCGCCAGCAT,779
TTCTTTAACACGACCT,779
AACAAGACGATTTCTG,778
ACGACAAGATTAGACG,778
AGAAAGAAAACAATAC,778
CGAAAAGAAATCGTTA,778
CTGCCGTACTGGAGGT,778
TAAATTGGTAGTGTGT,778
AAAACCTACCAGAATA,777
AAATATATGTAACTAA,777
ACAAAATAAGCAACAG,777
ACAATGACCCCCGAGT,777
CGACCACTTAGATCCG,777
CGTAAATAAAACAGCT,777
TAATCCCTATAACAAT,777
TGCCATATTAGCTGTC,777
TTACTTTAAGTAAAGA,777
TTCGTACCACTCCGTC,777
AAACCTAGTATAAAAC,776
CTGAATATGAACTGAA,776
GTAACCGCTTACCTGT,776
TTGTTTTAAAATCGTA,776
CAGAGCTTTAATTACA,775
GCACTAAAACCAGATA,775
GCTATACGGATACATA,775
TAGAGATTTTTAGACA,775
TAGCAGGACTAAAGGA,775
TCACAGCTATACGACA,775
TCTAGTAAGCGTTACG,775
AAAGGCATGTTACTCA,774
ATACAGGCACAACCAG,774
ATCCCATTGTGGATTT,774
CGAGTGTACATACCGT,774
CTGGAATGCTGATCGA,774
CTTCCGGCTAATACAC,774
TAGAACCATAAAAAAT,774
TCAACAAATTCCGAAA,774
AAACCAGTCCCAAAAG,773
AACAAATGGTGTCAGC,773
ACAACATCTTTGTACA,773
AGTGAAAGTAAGCCTG,773
AGTGGTATGAAAATAG,773
ATATCATCCATATGAG,773
ATTTTACAATGACAAT,773
CAAGCTGACTAGGGCA,773
GATTACCGTACTAATG,773
GGCGATGACGTCCTTA,773
GTGGAACTATCTTTTA,773
TAACCTGTATAGACGG,773
TACCATGATCTTAATG,773
TCAACATAAGAACATG,773
TTTTTAGCACTATACA,773
AGGACTTACCTAGGCC,772
AGGGACACCACAAATC,772
CCCAAAAAAGCTTGAA,772
CGGAAAGATCGCAAGA,772
TAAAGGATTGACAATA,772
ACAAAACATTCGGGAA,771
ATAAGTATTAAAAACA,771
GAAACCATCTGAAATG,771
TAACCGCTCATATTCC,771
ACTACGACTCTCAATT,770
AGCAGGAGAAATAAAA,770
AGGAGAACGCAATCTG,770
ATAAGAAACTCGAACA,770
CAAAACTCAATATGGA,770
GAAGTACGTCAGCAAT,770
GACTCCCTAATGATTG,770
TATGGAATTTATTCCA,770
TCACCGTGAAAAAAAA,770
TGCGCAAATTCAAGAC,770
AACACATTATAAGGAA,769
AAGATCGATCTACTGA,769
CCTTTGTACGAAAGCA,769
CGCAGAACATTAAAGA,769
CGTGACCACCACAATT,769
CTGACAGAACTGGGGC,769
GCCTAAGTATGCGACA,769
TGAGACGTCACACATA,769
TTCGGACATAAGCCAC,769
AAACAAGGTCTATTGA,768
AAAGTGTAACAACATG,768
AATAAACAAACATCCA,768
AGAATTTGGCGCGAAT,768
AGCTGAATTAACATAA,768
GAGTCGACTATCCCTT,768
GGAACAGCGGTCAAAT,768
TGTCACAACACGATGT,768
ACAAGATTTTACCCAG,767
ACCGATAGTGACCATA,767
CGGATACCATTGTACA,767
TAAGAACCTCAAAGAT,767
AACCTTATGAGAAGAT,766
AAGAAACAAGAAATAC,766
ACTCATGCAAGTCTAT,766
CAAGTTACATCGTAAC,766
TAGGGACATTGCGACC,766
TGCCGCAGGTCGAAGA,766
TTACGTCGACACAAAA,766
ACGTAAAAAGAGACAA,765
ATAGTGACTTTGTGAT,765
CAACAGGTTGTTTCTT,765
GCTATGTAAGATATGT,765
GTTAAACTTAAGTGTA,765
TGCTTCATCTTCATGA,765
AATAGTAGCGTGCCAG,764
ACCTACACCTTGCACA,764
ACGGGAAGAACCTGGA,764
ATCACATCACCAACAG,764
GATTCAACAAAAACCT,764
GCTTGACCTGCCAGAG,764
GTACTTAATGAAACCT,764
TCTCGGTCGTTGGTAT,764
AAAACGATCGACCCAC,763
CCATGAACCATTAGCA,763
GATTAGAACACTCACT,763
TAAAAAGTAGGAAGAC,763
AAGCACGAACAAACAT,762
ACCTACTGTGCTAAGG,762
AGATATAATCCTAAGT,762
ATACCTCATCAAATCA,762
ATATTAACAACGCGTG,762
CACCCAAACTAAAACC,762
CCTATTAAAATATTAG,762
GGCTAAATAGAATTAT,762
TAATCAGCGACCGGTA,762
TGGATGATGCGGTACA,762
AACAGCAACAATAACA,761
CAAAATACAGGTAAAA,761
CAGCATAGATTCGACA,761
CCCTCTACATAATCCG,761
GACCCAATACGAACTG,761
GACCTTATGGCATATC,761
GAGCCACGCTACACAA,761
GAGGAGATTAAGCGAG,761
GGCTAAGAGTTTTAGG,761
TAGAGTCTACAGACAA,761
AAAGATGTCGCAAGTG,760
ATAGCAGTGACATACT,760
CAACACCAAAGCAAAG,760
CCACAAATGAAAAAAA,760
CCAGGCCACAAGTATA,760
GCCACATCATCTCTGT,760
TAGGAAAAATACGCCT,760
ATACTTGGTGCACCAT,759
TATGTAAAGTAAAAGA,759
TGAAGTTTACCTAACA,759
AAATGACATAGTCAAG,758
AGAGGCCCTTCACATA,758
GAGCCCCTAATTAGAT,758
GAGCGTAGGAAATTGG,758
GCTTCACATGCTCATA,758
TCAAGTAAAAAAACAT,758
TCGTGGACCTTACTGG,758
TTAAAAACTAAACAAA,758
AAGGTGCACTATCGAC,757
ACGTTCTTGAACAAAT,757
AGTCAGGGGGCAGAGA,757
ATAGATCGATATGCGC,757
ACATATATTCCCCCAG,756
AGAACCATTCTCATTT,756
AGAATCGCTCATTAAA,756
AGCACTGTCCTCAGAC,756
CCATGTGAAGCCCAAT,756
TAGCGATAATAAACGA,756
TTTCAAATCTTCCCTT,756
AAATCCATTGTGACCA,755
GAATAAGATGAATATT,755
GACTTGACCCGGGACA,755
GGAACTCCGTTCCCGA,755
TAAAATACTTTACACG,755
TTTGGACACACGCCTC,755
TTTTACGATGACAGTA,755
ACAACCGCGGGAACCA,754
ACCACAGCTGATTGGA,754
AGTCAGTAGAAACGAA,754
ATCTGCCTCCCCGACC,754
CAATGTGAGTCAGGAT,754
GAAGTAAAGGGTAACA,754
GAATCCCTTAATTGTA,754
TTCTGACACAGAACGG,754
AACTCAAACCCTCGAC,753
ACCCTGAAGTTGCGGT,753
ATTGAGCCGAAGCAAA,753
GAGGTTAAGGCATAAG,753
GCAGAAACTTGACAGG,753
TCTGGATTAAAAACTA,753
TGAGTCTAGCATATGA,753
TGCTATCCAATGGATT,753
TTATACGGACCGGAGA,753
ACAAGTTAACGATTAG,752
ACTCAAATATGTATTG,752
AGCAACTAAAAATAGT,752
CAATGCCAGTAGATTC,752
TGAAATTTCTAATACG,752
AAGAAAGGACCCGTAA,751
ATACGAGATAGTATTC,751
CCCCAGCGAGACTTTA,751
CTAGATGCCACAAATC,751
GCAGGAGAACTGCTGA,751
TTCCTTTTCGAGATAA,751
AGAAAGTCGCATTCAT,750
AGCTGCGCAATTAAAT,750
ATAAAACGCTATTTTT,750
CTTACCTTCCTTCAAA,750
TATTACCACCTTGGTC,750
TGATCACCCAACCATA,750
TTATCTAGAAGAGGAA,750
TTTAACTTGTAAGTGA,750
TTTGCCCCATTCGATT,750
AATAAATCAGCCGCTT,749
AGACGGGACATAAAAC,749
AGAGACCCAATCGCCA,749
ATTACAAAGTAATACG,749
ATTAGCAGCCGACCTA,749
GAAGGAAACGTCTATT,749
GTAATGATGCTTCCGC,749
TGGCTCGGTCGCGCTG,749
TGGTCAACGACCATCT,749
TTAACTATGCCAAATA,749
TTGCCTGAGAAACGCT,749
TTGTGCGAACGATACT,749
GAAGTATTTAGCGAAT,748
GACTAGATTCATCACT,748
GTACTAGTCTGAGCCA,748
TTCGACACTACATGAC,748
TTTCGCCCGATATAAA,748
AACCTAAGAAAAGGTA,747
ACTTGACAAGAACCTA,747
AGTAAATATACCCACA,747
ATCACATTCAACACCT,747
GATAGAAGAATAGCAC,747
GTTTGGGATGGAACCA,747
TGGCGAAAGATCATGT,747
TGTTGACCTATGCTTA,747
ACTTGGCTGTAGTAGC,746
GTTTGACGGTCCGACT,746
ACCCCTTAATGGCAAG,745
AGTCCTCAGAGCCAGT,745
CATAAGATCTAGTAAA,745
CCTTTTCAGGTTTGTA,745
CGTAGCCCTGATAAGC,745
GACTGCTCACCGATGT,745
TATTGTTGTATTTCCC,745
TCAAATCACGGATAGG,745
TGACGTTTACAAAAAA,745
AACAATTATAATACTA,744
AAGTGCGGACTTGCTC,744
ATTACACTAAATGCAC,744
CAATTACTAAAATAGA,744
CATGTACAACCGCGTC,744
CCTAGTATCCACCCAG,744
CGCAGCTCGTCAATCA,744
GCAAACAGGGGGGAGT,744
GGATTGGTTCTTTAAG,744
GTCCAGGAACAAATTA,744
TCAGTTGGCAACCTAA,744
TTTAAAACGTTAGAAA,744
AAAACCAATTTCTATA,743
ATACGCCACCCAATAG,743
ATGACTAACGGCTGGC,743
ATGTTAAAGACCCCAA,743
CGGATCAAGCTTATCT,743
TAGGATACACGCTCAA,743
TTACTCGATGAAATTG,743
TTTTCTCGTGCACGAA,743
AAAACCTTTTCCACTT,742
AATGTACCTCAACTGA,742
ACTGTTTGACCACACA,742
ATATCATAACCAATTA,742
TTGGCAACCCTGGCTT,742
ACCGGCCTTGTTATAA,741
ATGAAACGTTAGAAGT,741
CGACAGCAACACCAAG,741
CGCTTATACCAAATGC,741
CTAACAGCCAGTAACC,741
CTTAACCCAAAGTCAA,741
TCAAGGACTTTATGTC,741
TCGTTCTTCCATCGAC,741
AACATCCGCCCTGGAA,740
CCATAGCAAAACCAAC,740
CCCCTCTTATTATCAT,740
CTTTACCCAAATAATC,740
GATCCAAGAATTGATT,740
TCGGCAACGGCTATAT,740
AACTTGTTAGTAATCG,739
AATATAATTCATAACC,739
ATATCAAAGACACTCT,739
ATGACTAAATATAAAA,739
CAGTAGTCTATCTGAA,739
GTACACATTCAACAAT,739
TCCAAACCTCGATCCA,739
CACTGATGGGACTCTT,738
CAGTATTCACCCAAAG,738
CCATCTAGCACCTCCG,738
GAGAAAGTTTTTGAGC,738
GTCCCGACAAAAATTA,738
GTTGAAAAGTTTACAA,738
TAACAACCTGGACCCT,738
TCTAAACTTATTTGAC,738
AAAACCATATGTGTCC,737
AACAATAGATTACGTC,737
GTTCGGTGGAAGCCAC,737
TACAAGTAAGTTCGTA,737
TACCTACCTAAGAGCC,737
TATAAAGGGAGCAAAA,737
TTAATAAATTAATCAA,737
AAGAATATCTCATAAT,736
CCCGACAACACAATGA,736
CGCAATCAAATCTGCG,736
GAAGATCTGAATGTTA,736
TAATCGCCTCTGAGTA,736
TCTTAAAAAAGGACCT,736
TGACAAGACTACACTT,736
ACGGAATCCTTTGTCT,735
AGACCAATGAAACATA,735
AGCATGATCCGCATAC,735
AGTGTGACACATTGTC,735
TAACGATCCACACCAG,735
TCTTGTCACCCACACT,735
AGTAGTAAATACAGAA,734
CACTGGGAAGTACAAA,734
CAGACTTCCAATAATT,734
GCTCTTGAAACTCACC,734
GTTAAACCCCAGATAC,734
TCAATCACATATCGCA,734
TCAATGGAAATCCTTC,734
GCCACAAAACAAACAT,733
AATCTTGCAGTCTAGA,732
ACGTTATAAGTGACAG,732
AGTATCTCAGACGGGT,732
CTGACTCACATATTCC,732
TGGTGCAATCTAGAAG,732
ACACGGACCAAGCTCT,731
CGACAACTAAGGTAAC,731
GCATATAACACTCCCC,731
GGACGTTAAAAAGTAC,731
GGGACAATAGAACAAA,731
ACTAAAACGATCAACT,730
CATAGAGCTGAAAAGA,730
GAGATCACGAAAAATA,730
GATAAAATGTAGGACA,730
GATATCATTGTAACCA,730
GGTTAAAAATAAGTTG,730
ATCCAAAGTAGTGGAC,729
CTTAAATTAACATAAG,729
CTTTTCCTATAGTATG,729
TCTAACGTCAACAATG,729
ACACCCCCAGTTGAAA,728
CCTAAACACCATTTAC,728
CTTATATCTCTTTTCC,728
GTTGACCCTATTGAAT,728
TACCATAAATAATCAA,728
TCCGTTTTAAAGCGAC,728
AAATGATGGAGTAGTC,727
AACTTACTGATGGCGC,727
AAGTTGATACGCAGCT,727
AATGTCACTCGCGCTG,727
AGAGGCACTAAACCAT,727
CATGAGATCTAGTGCA,727
CCACGAATAACTGCCG,727
CTATCACAACGCACGT,727
GTAAGGTCAAAAACCC,727
TAACGTGCGGTCACCC,727
ATGAAAGGTTAATGTA,726
GCTGACTAAACCACAA,726
AGTGATCGAAATCAGC,725
GAGAATGTAACAACGA,725
TAGATTAGTAGAAGAG,725
TAGGTCGGAAGCGTCT,725
ACTAAATGCCAGTGTA,724
AGAGCACGTGATGAAC,724
CAGTACGAGTCCCAGG,724
CGAGGATCTGTCTCAT,724
GATGGAAGTGTTTATA,724
GCACTCTGTATAAACA,724
TAATTAAAGTAGAAGA,724
TGTAACGCGCCCGATC,724
AGACCTGTGTGAGCAG,723
CGGTGGAGACTACACC,723
CTAGATGCCCAATATG,723
GGAAATACTAACTCTC,723
TAAAAATTTAACACTT,723
TCGTCACCAGGGAGTG,723
GCGAGTTATATGTACT,722
TTAAAATAGAAACATA,722
AAATAGCTACACATCC,721
ACCCGTCGAGGTGACC,721
ATAGACTAACATAAAC,721
CAGCTAGAACCGGCCT,721
CTGGAATACGGTAGAA,721
GAAATATACGCACCTA,721
GATCAACAGAACGCAA,721
TCTTTCTAAAGGTATT,721
AAGCGTTTGCAATATT,720
AGAATAACCATAAACC,720
AGCCTAAAAAATCCCA,720
ATGGTTGGTCCTACAT,720
ATTTATAACGAAGATT,720
CAAGTTGAAACGCTAG,720
CATACAAGATGCACAA,720
CTTTAAATGATAATAC,720
GTCACGCTTTTGCTAA,720
TAGCCCGCCAGCGAGA,720
TATCCGCAACGCGCAC,720
TGTGCAGTAGAGACAC,720
AAGACGCATCGAACCG,719
CTCGATAGTTGAACCA,719
GGCATTCCAGTGTAAG,719
TGGTACCACTCCCAAT,719
TTAGACTTCAATATAA,719
TTTTGCAGAGTTGCAT,719
AAATACTATTCAATAA,718
ATAGGAAAATACCTAA,718
ATCAAATTCAAGACAA,718
CGGAACATATCAACAG,718
GGTTTCATAACAAAAA,718
TTCGGATATCAGGATT,718
AATGGGCAGAGACAAA,717
CACCTAGAGTGCCCAG,717
CTAACACACAAAGTAC,717
CTATGTTAATACCGAA,717
GCATTGACCTGGCCAC,717
TATATAACGCAGCCCA,717
TATTGACACTGTAATT,717
AAAGGAAGCTTAGGCC,716
AGCAGCAACACAGTTT,716
AGTAAATCATTTGACA,716
ATTCCAGACCGTTAGA,716
CAGCAAACGTATATAT,716
GTCCCAGTCGCACCAG,716
TACTATTGTTATAGAT,716
TACTTGTTCTAGACCC,716
TCTACAAACTGCACCT,716
TTGATACTACTGGATG,716
ACACCCGAATCAATAA,714
ACCGAAGCCAATCGAT,714
CAGGCCGACTGCTTTC,714
CCAATCGCAGTGTCAC,714
CGCGGAAACCCACAAG,714
GTTCTACCAGCCTCGA,714
TCCAAACAGCCACAAA,714
TTGTGACAAACTTTGT,714
AAAGAACATCATTTCC,713
ACAACAAATATCCCAA,713
CACAGCCGTTAATAGA,713
GACAAGTAAATTAGCC,713
GGAAACAAATTCATAA,713
TATAATAACGTAAGAA,713
AACGAGAGTTGTCTAT,712
AAGGCAGAGCACTAGC,712
ACACACCAGCTATACA,712
ATACTCAATGAGAGAT,712
CCCGACATGATTAGAA,712
CCGAAAAAACTGGTAG,712
CGATAAGGCAATCAAG,712
GAAGGCCTGCCGGAAA,712
GCTGATACTCAAAATA,712
GTCGAATATAACATCC,712
TTACGCTTAACGGGAA,712
AAAGCAACAAGAGCGA,711
ACCCTGAACGAGTCCT,711
ACCTCCAATCCGTAAT,711
CAAGTAATAAATTCGC,711
CCACGACGAAAACGTA,711
CTATCAACCCCAATCC,711
GCAACACAAATCAAAT,711
GCCTTAACCGGACGCG,711
GGAGAATAATACCACT,711
GGCTATTGGTGACCCA,711
TCGTCTAAAATTCTTG,711
TGATTAACGCTTTAGT,711
TTACATGGGAATCGGC,711
TTGAGAATCAAAAGTA,711
AACATGAAAAAAAATC,710
AACCCGCACACATAGA,710
ACAAAAAAAAGGAGCA,710
ACCCTATTAAGAAAAA,710
ATTGGGTTGTATAACG,710
CTACAACACGTAAAAC,710
CTTATTTTAGAATTCT,710
GGGGGTGTTACGAATA,710
TATAATTATACCAGGT,710
TCCATTAGTAACGTAC,710
TTACACAAATCAACTA,710
ACGGCACGGAATATAC,709
ACTCTTTATTCCCCAA,709
CAAACGTTTGCTGAAC,709
GCAGCGCTTCTTAATG,709
GCATATACGTAGCCGC,709
TCGCGCGAGTCCCGAG,709
TTACTGAGGTAGGTTG,709
TTGTGGACTAACAAAA,709
AAACCACATCATAAGC,708
CTACTAAACTCGGGAG,708
CTTAACCCCTATGGGT,708
GGTAAGGGACAGCCGC,708
AGTTTCTGCAACTTAA,707
ATTAATTTCCTAGAAC,707
GTTGAATAGTCCAAGG,707
TTGAGCCTAGATAAGG,707
AGGCGGTCTGTGTCTG,706
ATCCAGCTAAGTTCCT,706
CTAATATGAAAAGGTC,706
GTTAGAAGCGAAACAA,706
TAGATGCAAACAAATT,706
TCCGAAGCTGGGATAT,706
TTGGTACATGATAAAA,706
AAAAGAATAAAATAGC,705
AATGGATATTCCACGG,705
ACGCTAGAGCGGAATA,705
ACTGAGAAACTAACGC,705
ATCAATTCCCAATAAG,705
CAGAATGGTTCAAATT,705
GCTGACAGGTAAAAAA,705
TAGACACGCAACCGTA,705
AACGTGCGAATCGCAA,704
CATTACTAACAATTGA,704
CATTATGCTCAGCAAA,704
CGAGCTGAAGTTGGAT,704
GATAAATCACAGCAAA,704
TAACTCAAGAATGGCA,704
TAAGCACACACACGTA,704
TCTAGATAAATGAAGC,704
AAGAGAGGAACACACT,703
ACTATCTTGTGATCAA,703
AGGCCTAGCATGCTTA,703
AGTTCGGGTGGATTCG,703
CTCCCGTACCGGGATT,703
GAATTAAGGTCAAAGG,703
GCAATTGCATTCTTCC,703
GTGCGTTAAACAATTA,703
TATCTAAAAAAAAAAT,703
AAGACATAAAGACCAC,702
AAGGCCCATGAACAAA,702
AATCCTTAACATAAAA,702
ACTAGAAAAGACTTTG,702
AGTGGGAGGTGTAAAA,702
AGTTTCATTATATATT,702
CCATACGCAGCAAAGA,702
CGCCCAAACATCATGC,702
CGGAGTCATGGCTTAA,702
CTCCTGCATAAGAATA,702
GATAAAAATGTTCAGG,702
GTCAACGCCCAGAACG,702
TAGTACTCGAATATGC,702
TTCTCATGAGGACTCT,702
AGCTTAAGTTTGTAAA,701
CAAGGCATAAACTTAA,701
CACATAACTATCAAGT,701
CGAGATGGTCATTAAA,701
GGAACGTAATACCAGC,701
TCCAGGAGCCATCACG,701
TTTTCCTATCAAACAT,701
AAATTCATATCAAAGA,700
ACACAACAAATTAAAC,700
ACTCATTCAACGGGAG,700
AGCTTGCCGACACAAA,700
CCCGGCCCCAAGACAT,700
CTATTGCCGAAATCTC,700
GAATCTTGTGTACGCC,700
GAGAACAGAGTCTCAA,700
GAGACTTTCAATGGAA,700
TATGGCTTCCAAAAAA,700
TTATACAAAGGAGTTC,700
TTATACAAATAGCAGT,700
TTTTACATTACAAATA,700
ATCCTGAAATAACCCC,699
CTATAAAACTTTAAAG,699
GAAATCAAATCTAACA,699
TGATAAATATAACAAA,699
AAGTCGCATCTGAAAC,698
ACGGTACAAATAGAAT,698
ATACAACGAACTCAAC,698
ATATTATTAAATACGA,698
CAATAACGTATATGCC,698
GACTTTGAACTAACCA,698
TCCGATTAGTATTTGT,698
TTACGCTAAATGAAAT,698
TTTTGAGCGGCGAAAC,698
ATGTCCCACAGAGGCG,697
CCCTCTTAATAACCCA,697
GACGTCACTTTTATAC,697
GGCTATCTCGATGCAT,697
TCAAAAAGCGGGTCCC,697
TCTTCTGTGACCACAA,697
TTCCGATGTCACTGCT,697
AACACATTTTACACTT,696
ACATCCTATTAACGAT,696
ATTAATTAAACCGAGC,696
CTAATTAGCCTTCCCC,696
GAAGCGCTTGAGACAA,696
GATAAGCCAGCTCCGG,696
TATGAACGAATGGTGC,696
TTCTTTGAACCTACTA,696
ACATTTAACACGCGAG,695
ACCCACTACCTTCGGC,695
ACGCATTAAGCCAATC,695
CCTGATAATTTGAATA,695
CTCTTATGTTAAGTTT,695
GACGTATAACCTACCT,695
AAAAGATATTGCAACC,694
CCATTAAGTGATTGTA,694
GTACATAAGTTCTGAA,694
TATAGTTTTAAGCAGA,694
AACCCGCCTATAGCGT,693
AAGCGTGGGGATGTAG,693
ACGACGATAGCCCAAT,693
ATAAAAATCTAAATTC,693
ATGAAAACATAAGGCC,693
ATGGCTAAAATTTTTA,693
CCATTGCAAATGCATA,693
CCCCGTCAAAGCCAAC,693
CTCGGGTACTAAAAAA,693
CTGCAAAGTACACGAC,693
GAACTCGAAATGGCAG,693
GAGGCACCCTGTAGAA,693
TAGAAATGGGAACGTT,693
TCCGAAGGAATAACAA,693
AAAGGTAATGCGTACA,692
ATAAAAGCTTTACCAT,692
ATGACTCGTCCACCTA,692
CACTTAAACCATAAAC,692
CGATGTGCAACGAAGA,692
TAACGTCAACACATAG,692
TAGTGTAATGTGTAAT,692
TATCCTTACTATACCG,692
ACAATTAAAAAAAGAA,691
CCGAAAATAGTTACAA,691
CTCTATGCGACCGGAA,691
CTTACATAGGAGCAAA,691
GTTAACAAAGTTAACA,691
TAGAGACAATCGACCC,691
CAAATACACGTTGCAG,690
CAAGGCTTATATTCTA,690
GACTGTATCTATATGT,690
GATATATGTAACTGTT,690
GCTTAAATGTTACGTA,690
GTCAGATCGAATGAAG,690
TACATCACATCGCTAG,690
AAGAACTCACGGCACG,689
AGATCGTACACTGGTA,689
GATAAAAGGGTGATTT,689
GCAGCAGCATGTAGAA,689
GCATGGTTAAGCAGTC,689
GCCTTTGTACGACTTT,689
GTACGAGCATGTTCTG,689
TACCACCGTTGAATGA,689
TGTCATTAACCATAGC,689
AATGCTCCATGACAAT,688
CACGTTAACAATCCGG,688
CCAGGGTTTTATAAGG,688
CGCCCCTGTTTTCGGT,688
GAAAGCCCATCATCTA,688
GGTTCAACAGAAACAG,688
GTAACCTCCATTGTAA,688
GTCAAACAATCATGAA,688
TCAAAAAAATCCCGGG,688
TGCCCCTCGTGCATCC,688
TTAACCGAGCCCCACG,688
TTTCAACCGCACGCGC,688
CCCAACATGTTACTAA,687
CGTAAAAAAACTATAA,687
TAATATTATAATAACA,687
AAACAAATCGACCTGA,686
AAGCCATTGTTCGCTA,686
AATGCGTGATTGGATA,686
AGGATGATAAAGCCCC,686
CACTATTATAAACTGC,686
CTTCCCAGTATTTATC,686
GCTTTCAATCAGGCGT,686
TACCGGTGCATACAAT,686
TCTCTAAGGTTCTCAC,686
AAAAAATTAAACAATG,685
AAACCATTTGATGGGG,685
AAATAAGTGGCTTGAG,685
AGTTCATGTATTACTA,685
CAAAACCAAAGACATA,685
GTCTGTAAAAGAACTG,685
TAACCACACGCGCCCG,685
TTAACTCTGCAAATGC,685
ACTCAATCAAGAGAAG,684
ATTCCGTGAGCAAACT,684
CTCGTAAAACTAATGA,684
GATCAACTTTAAACTA,684
AAACATAAATTATCGC,683
AACATAGTTGGTTGGG,683
AATCCTTAAACCGCCG,683
ACATTATACGGTGGTG,683
CATACGATACCATCTG,683
CGGTAAGCCCTCAATT,683
GACCGAAATCTATATC,683
TAGAATCCCAGTTGAC,683
TTGATCAGATTCGTAC,683
TTGTCCTATATAGGGA,683
ACAAAGACAAGATCCC,682
CATCTTAGCAAATTCT,682
TACCAACAGCCAATGA,682
TAGCATGCCGAAGCAA,682
AACGCTGCCACAATGG,681
ACAGGATCGAATAGAA,681
ACGGATGATCACACAA,681
AGATTGTGAACTACAC,681
ATATTAAACGCACTGA,681
CACCAGTCGAACTATG,681
CGTAGAATACTGATAA,681
CTCATAGGAGTAAGGA,681
GAAGTCAAAATTCAAG,681
GAATGATGCGACATCG,681
GATATGGCACACCCTA,681
GCAATTCACAAGCGAT,681
GCCAAAATGCAACTAC,681
GTCTATCATGTTTCCA,681
AAGCACTGAAACAAAA,680
ACAGATACTCCATAAT,680
AGGCAAATAGTTAAAG,680
AGTCACGTACAAATAA,680
ATGTTAGATACTGACG,680
CACAATAATACTCTCA,680
CCATGCAACCCCTATC,680
GACAAACTATTAACTC,680
GTCGCTTCTTTATTGT,680
TATGGAAATTGGTGGT,680
TGATGAAAAATTCATT,680
TGTCCCTATTTGGCAC,680
AACACGATAGCAGACT,679
CCAAACGAATACAAAT,679
CCTATGGAATTTACAA,679
GATGAGTTTGCATACC,679
GCGTAGCCTAGACTAT,679
GCTGAGAATACAAGAA,679
GGATTACATTAACGCG,679
GGGCATCCTGATAATA,679
AAATACCCTAGCCGCA,678
AAGCCCTCGAGCGAAC,678
ATACTTTAGACAACGG,678
CCGCAAATCCTTAGCG,678
CTAAAATCAACAAACA,678
GCAACTCTTAGAGCCC,678
TAAATTCAACCTTAAA,678
AAGATTGCAGGAATAT,677
ACTACGAAGAGATGCC,677
AGACTAGAGAAAAACA,677
ATATATATAATAATCA,677
GCCTTCAACAAGCGTA,677
TACAGACTCAAGGAGT,677
TCAAATAATGGCATAA,677
TTCCAATATTAAAGAT,677
TTTTAGTTCCCTGTAG,677
AAATACTAAAAAATCC,676
ACACCTTTTAAAACCT,676
CACACCTTGATTATAC,676
CAGAATGAGCTGCTGA,676
CATGATGCGATCTCAA,676
GAATCGGATTGTGGAG,676
GATGTAAACATGCAAA,676
GCTAAGTTGAAATATG,676
TAACCATAAATAAGGG,676
TCAGAATACCCAGCGG,676
TCAGTGCACATTCAAT,676
TCTACTTCATATGACT,676
TTGCAATCGGCAACGT,676
AAAGAGGGATAAAATG,675
AAGTGTGTGCTAATAT,675
ACATATTACGGAAATG,675
ACTTTCGGATTCTGAG,675
ATTACAATATATCGCG,675
AAAGACCAATTGAGTT,674
CATGGAAGAAATATGA,674
CCTGATGTTTCATGAC,674
TCTCGAGCGTAAGGAA,674
AAGATCAAAGAAAAGT,673
ACCAGATTGTAGGGCG,673
CACACGAAAGCACTTA,673
CAGTGGCACCAGAAAC,673
CCTAATCTAGTACAAC,673
CGGGCGGATCTCCTCG,673
GAAAGCCATATTCCAC,673
GAATCATCTGCAGTCG,673
GAATTTACGTTATTAA,673
TCATACCAAGTGACAA,673
TTAGAGGTAACCTCTC,673
TTGTAAATATATTACG,673
TTGTATCCTCTTAAGT,673
AACTTTCTTCTCTTAA,672
ACAGAAACATTTAAAA,672
AGACGATATAAAAAAT,672
CCTAAAATAAAGTTAT,672
GGATGATATGTATCAA,672
TTGAATAAACATAAAA,672
CGATATACCTGAACAG,671
CGTATACTATTAGAAC,671
CGTTTCCCAACACAAC,671
GCTGAATCCACATCCA,671
GTACTAAGTCGCTGGA,671
GTCTACACTCTCGTTA,671
AAGAGTATACTTGAAA,670
AAGTTCGTATGCAAGA,670
ACATACGAATACCTTT,670
ACGACCCCAGTATTCA,670
AGACGTGAGAACAATT,670
ATGCGAAAGCACAACA,670
CCTATCTTTAGGAAAG,670
GTGTTTCCAACCGTTT,670
TGTAATATCTTTCCAA,670
AGAAAAACAAATTTAC,669
AGTTAAAAACTCATAG,669
CTACTCCTGAATAAGG,669
CTTTATCCGAACCATC,669
GACGAAATAGTCAGGA,669
TAGCGTAAAACACAAA,669
TCTGTACGCATACTTA,669
TGATCAAACAGGTTCT,669
TGCTTACTTAACACAG,669
TGGTCCCAACTCTCCC,669
AATCCAAAAGCCAGAA,668
ACGGTCACTCCGGTAA,668
ATCCATTAAAATTTTA,668
ATTACAAAAAATGAGT,668
GAAAAATGGTAGCATA,668
GAACTAACGACAGAAA,668
GTAATACGTTAATAAT,668
GTATAAGAACTGTAGC,668
TACTCACAACCATAGG,668
TCGAATCTACAGACAA,668
AAAAGACTCATTACAC,667
ACACCAAAATACTGCT,667
AGACGATATACACATG,667
CGAATAAGACATGCAA,667
TACCAGAACTGTCCAA,667
AGAGTTCATTTTATAC,666
AGGGTAGGGTGAACTT,666
ATACATATTCAACCCA,666
GCCTGTCATTAATTGC,666
GTTAATCCCATTTATT,666
AACAACGCGTGTATCG,665
AACTCATTGATACCAA,665
AATCAGATTAATTAAT,665
ACCATAAAGGACAGAT,665
CACACTTAGACTAATA,665
CACATGCATCTTCAAA,665
CAGGATTGATGCGTAG,665
CCACAACGACCCCGAA,665
GAGATAAATAATCCCC,665
GCGTGAGGCGTTCGTA,665
TTATTGATCCCGATAA,665
AATAAGCCAAAAACCA,664
AATCTAAGAATCGTAT,664
ACTAACTACGGTAGAG,664
ATTATTGACCCGTCAT,664
CAAGCTCGATAAAAAA,664
CCACTAAATAACCCTT,664
AAATTGTAAAACGAGC,663
ACACGACATGTTTGTG,663
CTAGATGAATTCAACC,663
GACACGGATTAATGCC,663
GAGACCATTCAGAAAT,663
GGTAATAAACACAGTC,663
TACATGGCGGAATTAG,663
TATTAAAACTAGCAAC,663
AAGATCCGGAATTTAA,662
ACAAAAGGAGCAACGA,662
AGCTATAATCACAAAT,662
GAACACCAGGGATTAG,662
TCACGTCGCCACAAAG,662
TTGAACCGCAAGAGTG,662
AATGAAGCACTTAAAC,661
CAGAACGGTACAAAAA,661
CATTGTAAAAACATTC,661
CCATCTTGAAAATAAG,661
CTAAAGTTTGAAGAGC,661
CTATGAGACAATTAAC,661
GACCGATTTACCCTAT,661
TTATTTGGATATAAAA,661
TTCAGTCAGACTTATG,661
TTTAGGATCCTAATGT,661
TTTATAACCCGATTTG,661
AAATGCTAAACTACCC,660
ACAGTGCCACACTGTC,660
ACGCTGTTGAATGTGT,660
AGCGATATTCCGTAGA,660
CTCTATATACATTTAT,660
GAATTCATACTGAACC,660
GCATAAAAATTACTTT,660
TGACCAACTTAATCAC,660
TGGTCCCAGCACTACG,660
TTAACACTAAGCGACA,660
CATGCCAACGATCACG,659
GAGGACAGCAACTTAC,659
GATAAACATTCCCGGA,659
GGTATTATATATCAAT,659
TCTGCCGCAGCACAGA,659
TGTTTTAGGAAGTAAA,659
TTTTTATGACAATATA,659
AAGGAGTGGGTTCGAA,658
ACCAAAACGGTCCAAG,658
CAAAGAGGAATAAATC,658
GAACTGATACGGGATA,658
GACATGCGTTAAAAAA,657
TGATCATACTTAATGA,657
TGCCACTAAGTGGATG,657
AATCCAGGGGTAGCCT,656
AGCCTCCCCAAATAGT,656
CACTACGAAAACGCAA,656
CACTTAACGTGATAGC,656
CGATCCCGATGTGTGA,656
CGCTTGATCAAGCAAA,656
GACCGGATGGCGATAA,656
GTCCCTCTATTCTAAT,656
TACACAAGCCGGCAGA,656
TACTCATAAATATTTC,656
TAGTTGAAGCATCTCT,656
TTGTGCGGTTTCATGG,656
AATGTTCACCAAGTAT,655
AGTACTAATTGTGAAG,655
AGTAGCTTTCGTCGCA,655
TATAGCGATCTCGAAG,655
TATTCTACCTTGTGAG,655
TCAGCATATTAATAAA,655
TGTATGTGATCACAAA,655
TGTATTCTCAAGCTTT,655
CGCGAAACATGCGGTT,654
GAACTAAATCACTCAC,654
GAGACTAAGGCACAAC,654
TTCGAATAGAAAAGGA,654
AGGAGTAATACATCGC,653
ATTAATCCTAACAAAA,653
CATAATTGACAACATT,653
CGCAGAGATTCGAGGC,653
CTATATTTCAAACCGA,653
GAACTCCGATAAGACT,653
GAAGTCCAATCTCGCT,653
GATAGACACCAAGAAT,653
GGAGGATTAGAAAAGC,653
TATAAAGAACACTAAA,653
TATCAATAAGGGGGAT,653
AATTAGCTGACGAGAT,652
ATGTGCGAAATATTCT,652
CAAAATCCAATTCTAT,652
CACATGCAAATAACAA,652
CCTACGACAAAGTTTT,652
CCTCCATAGTCGTAAA,652
CGAGCACGTCTACACG,652
CTTGCCCTAGGTATAC,652
GATGATTCCCAAACTC,652
GCTCAACTCTTGTAAA,652
GGACAAACCGCCACAG,652
GGATTAGAACTACGCC,652
GTAGGTAAATATGCCA,652
GTCTGAGTTATACGCC,652
GTGCCCAGTAGCAAAA,652
TCATTGTACTCGTATC,652
TGAATAAAAACATCTA,652
AAGAAGCGAGCATTAA,651
ACCCATAACAGCAAAA,651
ACGACGCTTGGGACCG,651
ATATAAACTGTGTACT,651
CAATAAGCACGGAAAG,651
CACATGGACACCCACA,651
CATGATAAGCACACAA,651
CCTCTACTAAAAAGAG,651
TACGCGTGCAAGTGAA,651
TGTGTCTAAGTGTCTC,651
AAATCCCATCATAAAG,650
AATACGTCGAATTAAA,650
AATTCCCTTAGTGCTG,650
ACCATTAAAACCAAAC,650
ACGACCTATGCCACTG,650
AGGTTGGCATATAGGA,650
CACAATATGTATATCG,650
GATCCAGTACAGTGCC,650
GTATCAGAGCGTTTAA,650
TAAATCCCGCATCCTA,650
TACCAACCCCCCGGAA,650
TCAAAACGAAATCCAG,650
TCAATAAGTGATATTT,650
TGCTAACCCAACGATT,650
ACACCCCCACGACCGC,649
ACACGATTAGAGTTCT,649
ATGTCACTAAACCTTT,649
CTGACAAACCCTATAG,649
GATTCAATTATGCCCA,649
TATAAATGTCAAAGTC,649
TCTGCGAATTAGATAT,649
CACAGCAATCGAACGT,648
CGACCAAAACGCCCTC,648
CGTCAATAATAATGTG,648
CTATATGAATACAATC,648
CTTAGACGATGCAACT,648
GCTATTCCCATGCACA,648
TAAGATTATACAGGCG,648
TTTTAATAACAATTAG,648
AAAGAGCGATTTGCCA,647
AAATATCGACTAGACG,647
CAGTGACTAAGCAGAC,647
CGGAGGAATTTCATCA,647
CTGGATAACGACGAGA,647
GAAGCATATACAAGGC,647
GCTCCTACCCGCTATA,647
GTCCAGAAGAATTCCT,647
TCGTTAGCCCAAAACC,647
ACAACAAAACATCACA,646
ACGGACCGATACCAAC,646
ACTCCAATCGGTATCT,646
ATACGTATATCGCCCC,646
ATATCCCGGCGCGGCC,646
CAAATTTCCTGCTCTA,646
GCCTCACAACATGAGT,646
GCTCCACGGAGACCAT,646
GTAACGGAGATACACC,646
TAAAACTAAGAAGAGG,646
ACCAAAGGGGATACTA,645
AGAAACCGCAAAACAT,645
ATATGTATAACTCAGC,645
ATGTGAGCTTACACTT,645
CAGATAGTGATTAAAA,645
CCTCAATAATGATAGC,645
GAACTTTCACTGGAGA,645
GAATGTCACATTTATG,645
TCCTGATAACAAATAT,645
TGTTCATCATCACCAA,645
AACCTTACAAGGTGTT,644
AAGTATGACATAAGTC,644
AGAGCATCAGTGCAAA,644
AGCACACATGATAGTT,644
ATAAGATCCAAAACGT,644
ATAAGGTGACGCAGCA,644
CACAAGACGCCTGCGG,644
GAAGGACTATATAATT,644
GAGCGACTCGGACAGA,644
GCAACCTAAATTGTTG,644
GGTCTATAACTTCTGC,644
TAAAATAATTTGAAAC,644
TAAAATTTCGGGTTAC,644
TAGATAAATCGCATTA,644
TGCAAAAATCGCAATG,644
TTTACCAAAATACCAA,644
TTTACTCCAAGCCGAC,644
AAAAAAACAGTGTGAC,643
AAACGGGTCAACAAAC,643
ACCTCACACGAAGCGT,643
AGATTGGTACCTGAAC,643
AGGTAAAACATTCCGA,643
ATGTGGTATTGTTCGT,643
CATGAAATCCGGCTAA,643
CTAGTGTTATGCAATG,643
GACCCAGCTAGCGCTA,643
TCATACGTGCACAACT,643
TGAGAAGGCTAAAATA,643
ACTCCCGGGAAGACAG,642
ATACTATAGCTAAGTA,642
ATGGAGAACTGAGATA,642
ATTAGGATGTAGATAC,642
CCCCAGCCAGGACTAG,642
GTACCGGAGTGCAGTT,642
TTTGAGATCAAATACA,642
AAACCTCCATCATGGG,641
AAGACATCCATAATCG,641
AATATTCCGGCATGAT,641
ATAACTTATTCAATGT,641
ATCTCGAACAGACACA,641
ATTAATAACCGCATGA,641
CCTACTTCCGATTAGG,641
CGACGCCTATTTCCCA,641
CGCTTATCTTCGAAGA,641
CGCTTCGAGATTACAT,641
CTCTAAGAGCCATCAA,641
GATACTGCAGATAACT,641
GGGACCTAGATCTCAC,641
TAACTCCCGACGCGAG,641
TACGCGTCACAATCCC,641
TCATCCTAATGTTAAT,641
TCATCTGTATCGTTCC,641
TCTGTCATGCACAATA,641
AAAAATGAAAACTATC,640
ACCCTCTCCCCAGCGT,640
AGAAGTCGGTTAAGAT,640
CGGAAGATCACTCAAT,640
GAAACCGGGCGCAAAC,640
GTCCCAATTAAGGAAG,640
AAAGACATATAGCTTA,639
ACGGAGCATATTCTAC,639
ATTGGACCTTGTCGAA,639
CCTAAAGTTGAAACGC,639
CGACAGTATGTAGGCA,639
CTAAAACAGGAGAAGG,639
CTCCTTGACCATAGTT,639
TAACCCGGTGTCGTCT,639
TTATCAAGACTGCCAT,639
ACTACAACAAACTCCA,638
AGACCGATGAAGAATT,638
ATAGCTCGACCTATGG,638
CCCTAATAATCGGGAA,638
CCTATGAGCGGTAAAC,638
CTTAAGCCTAAATGAC,638
GAGTGAATACTATTAA,638
GTTTCGAGCCAGTGGT,638
TGGAGATCGCCTAACT,638
AATTGCTTTTGGGAAT,637
ACACCTAGTGCTTTAA,637
ACAGACTTTCGCCAAG,637
ACATCAAACAGAGATA,637
ACTGATGTAGAGACTT,637
AGGTTTCTGACCGTAT,637
CCCCAATAAGAGACAC,637
CTTAACGCAGACAGAG,637
GCGAAAGCAAACAGTT,637
GCGTAAATCAAGTAGA,637
GTTATCATCACGCCAA,637
TAGATTATGTCGTCGA,637
TGTTGAATCTCACACA,637
TTACTGTTAAATTAAT,637
TTATTAGTTGATTGCT,637
TTGAAAGTATGATGAG,637
AACCCGCCTCGTAAAA,636
ATGGTACCTCGGCATC,636
CACCCTCACAATTCAA,636
CCATTATAATCCACAT,636
CTCAATACGGGCAGGA,636
GAATTAAGGTAGAAAA,636
GCCCCATATGGAATTG,636
GGAGCGAACAACTAAA,636
TATTATCGTAAAAGTG,636
TTTAGGAAAGTTACCG,636
AAAGCAGCCGAAACCC,635
AATATTCAGTCCTTCA,635
ACAACGATCATTGAGG,635
GTAGACGCAGGCTGCA,635
TCCTACCATGCCAGAC,635
AACCTACCACAATAAT,634
CAATTCTACTGAGAAT,634
CACGGAACTCGTCTTA,634
AAAAAATCAAGCCTCA,633
ACTAACAAAGGAGACG,633
AGATGAGCACCACATC,633
CCACTCAGATGGATTA,633
CCCGAGCAAGTAACCG,633
CTCCATCAATTCGGCG,633
CTGTACATTTAGACAT,633
CTTATCGTAGTTGTGC,633
GAATAGTCTGCATACA,633
GCCGCTACCTGGACCA,633
TTGGTCACTATCCTAG,633
AAGTAACTTATAAGGA,632
ACCCCTGTTTATAGTC,632
ACTGGTCAATTGCGAT,632
AGGACGCCTGATTAAT,632
ATCTTATTGAATGAAG,632
ATGGACCTAACTAACG,632
CGGGTTTAAACATAGC,632
GAATAACGTAGATATT,632
GGCATTAAAAGATTTG,632
TAGCAGCGATTTGAAC,632
TTGCGATTGAAACGAA,632
GACGGAAGAGACAGGA,631
GATGACGAAAGACTTA,631
GGCGATCAGATAGATC,631
TGCGCAGAAACCAGAT,631
AAAATCAGATTAGGTT,630
ACTACCGTTACATCCC,630
ATAAATCTTACAGGTG,630
ATAGGTAACACTCTGA,630
ATCATACTTGTACGAA,630
CTATCCGTACAACGCG,630
GAAAGACGTCAATAAA,630
GGGCTTGCTTCCCTTA,630
GGTAAATATCAGGGCG,630
TACGTTAATCGCAATT,630
TCCTCATAACTGAACA,630
TTTTCAAAAACTCGTC,630
AAAAACTGTCTCAAAG,629
AAAGAGTAGGACGCAA,629
AACTGCAAAAGTTAAA,629
AATAATATCAATAAGA,629
AATCCTAATTCATATC,629
AGATATATGACTACTG,629
AGTCTCTTGACGCAAG,629
ATACGGTGTCAAGGGA,629
CATAATTAACAACTCC,629
CTAAACGGCAAGCTGT,629
CTGCACAACTCCGTGA,629
TATAATATACAGGCAA,629
TCCATAGTTTCTCACA,629
AGAACGTACCCGGTGT,628
AGAGCCATGGAAGATG,628
AGCTCTCAAAATGGCC,628
GATTTAAGGATCCCAC,628
TCACATGAAACACTAT,628
TGTAGAAAGGATAGAA,628
TTATATAGACCCAAGT,628
AAATGAATTGTTTTCC,627
AATATTAATTAATCAG,627
AGTCTACCAAGAGCAC,627
ATCACGGACGGAAATC,627
ATTTCCTGGGTCCTTT,627
CAAGTCCAACCTTCCA,627
CCAATTCTTGCATGAC,627
CCTCAACTAACGTAAT,627
CGAAACCACCCAACAG,627
CGGACGCAAGGGCTAA,627
CTACTAAAATACCATC,627
CTCCCCCTGGCGACAC,627
CTGATTTGTTAGCGAG,627
CTTGGCGCTGTCATCC,627
GAGTTAATGGAAAATC,627
TCATTTGCGATCGAAA,627
TCGCGAGTGAGGCCTA,627
TCTTTAAACCTGTTCG,627
TTAGCAGGAGAACTAG,627
AAAACGGCCCATGCCA,626
AAACCCAAATATACAA,626
ATCAAGAGTCAATGCT,626
CTTTACATGATTGCTC,626
GATCAGACTTCAACTA,626
GTTGCCTATCCCCTAA,626
TAAAGCTCTTTCTTAC,626
ACAGATTCAGTGAGCT,625
AGATACAAGAACAAAT,625
AGATATTCAGGAAACA,625
AGGTGGTTAATGGTTG,625
ATAACGATGGTGTCAG,625
ATTACTTGAATCAGGA,625
CACGAAAGAACACTGA,625
CATAGCACCGTGGTGA,625
CCGCGAGTACCGTACT,625
CGTATAAATGGAAGCA,625
GCGCCAATAGAATATG,625
GGCTACCCATGGTCCC,625
GGCTTAAAAATCAATT,625
TTACTTTCGAATAGAT,625
TTTAATTAAGTTGCCG,625
AACCACTGCCTACTCC,624
ATACAGCCTCCATCAC,624
ATGTACATTTCAAAGT,624
CTAGGCATTTTGGCAT,624
GCAGGACAACCCAGAC,624
TACAGCAGCTAGACTA,624
TACGAACAAATAGAGT,624
TCGAGGCAGTCAGTAA,624
TTAGACGAAATGCAGT,624
AAGCGTCAAGATATCA,623
ATGGCTTTATTCATAG,623
ATTTGAGCACGCAAAA,623
CAGACCTAGAGAAAAG,623
CATATTTTGAATCATA,623
CTCGCACATTGATTAA,623
GAATTATTACACTTAA,623
GTAATATATCCTCTAC,623
TAAAGTAGTAAATATT,623
TGGTTCAACGAAATAA,623
AAGTGTCTACCAAACC,622
AGGCATTACCCAGGAA,622
CAAAACGTAGGTCACA,622
CAATCTCTTCATTGTA,622
CAGACACCAAGAAAAA,622
CGGATGTGACCTTGTC,622
GTGTTACCTCTAGTTC,622
TCATTCGGTGGGCTGC,622
TCTTAATCAGTAATGA,622
TGAGAGGCCAAAAGGT,622
AGCAGTCTAAGTCTTT,621
AGCATAAAAATACAAG,621
GCATTTTAGAAATAAT,621
TTCATTAAGTGAGCTA,621
AAGGTAAGCCAAACGC,620
ACGCTGTACTTTTGAA,620
ACTAGGTATACGTACA,620
ATGAGGACACTAAGTC,620
GCTGACTGAAAACATT,620
GGTCCGACTAAAATAG,620
TAAATTTCCCCTTATA,620
TATATCTAAAGTAAAC,620
TCAAAAAAAACGATAC,620
TGATATTTACCCTTAC,620
TTTCTCTCTACCTTTT,620
ACAAATAGGGTGTTAC,619
AGTTCAAAAACTAAAT,619
ATATTAAATATCGTGA,619
CCCGGTTCACGCATTC,619
CCGAAAATGTTTGTGC,619
GGATTAGTGCTTAAAA,619
GGCGGTCGCGACACCA,619
GTATCCCCAACACACT,619
TCGAAAGGATGCACCA,619
TGAATATTGCAAAACA,619
AATCGAATACACCCCA,618
ACCGATGGGTAGGATT,618
AGAAGAAAACAAATTT,618
AGAGACTTCACCGCCC,618
AGAGCAATACAGCGAT,618
CACTCACGACTCAGAA,618
CGAGAGATAAAAACGA,618
CTAGTGAATCAAATAT,618
GAACGCCAGGCAAGCT,618
GAGCCTTCAATCCAAC,618
TCAATTGACCCACCTA,618
TCGGCTGATAAACCAA,618
AACGAACAAGAGTGCA,617
AATGTGTAAACATCTA,617
ACACCCATTTGTTGAC,617
ACATATAAAGGGGAGC,617
ACCTCAAGGGTCAGGA,617
ACTTCGATTGAGAGCG,617
ATCAAATTTTAGACAA,617
ATCTTAAGTCCATCCT,617
CGACGCGAACAACCTC,617
CGATGACAGACGACAA,617
TAGGCCCTGTCTCCGG,617
TCCCGCTTAAAACGAA,617
TGACGCGATTCCAACA,617
AACATCCACATGCTAG,616
AATCTGTCTCAGTGGC,616
AATGGACGATTGATAA,616
ATAACCAGATTTTAAT,616
GCTGTCAAAAATATAA,616
TAAAAGCTCATGTATG,616
TAACACAATCTCTAAA,616
TATCCCGGGTACAGCT,616
TCAAACATATTCGTAA,616
TGACTCTAAGTCGGAA,616
TTACTAAAGAACAAAA,616
TTCCCGAGTATTTGCT,616
ACTAATGCCAGTAAAG,615
AGAAGAAAACTTACCA,615
CATGGATACGCCTATG,615
GGACGCACAATATACT,615
GGAGAGCGCTATTTAT,615
GTAACGCGAATGTTAG,615
TAAAAACTTTATTTAA,615
TAAAGATAGTCAAATA,615
TTACCAGAAGACATGT,615
AGTTTTAACGGGTCGA,614
ATTCAGTGAGCTATAA,614
CGATAAATCCAGACCC,614
CTTTCGAACATGGACT,614
GAGACCGGAGGTCGCA,614
GTCGACGACATAGAAG,614
TAGTTCATTATGAAGG,614
TCACCGCGTTATAAGG,614
TCATTCAAGAGTCGAT,614
TCCAGGGGAATAATGA,614
AAAAATCCATCACATT,613
AAACATTCTAAACGTA,613
ACTATTAGTACAATAA,613
ATCAACTGGCCTATAA,613
CCAGCAGAACAGTACA,613
CGTGAGAAAACATACC,613
GCTAGATTAATAGGAC,613
GTTCCTCGAATATTAT,613
TTCGACTCAAACATCT,613
AGCAATGCAGCAAGGT,612
ATGAACAAGTGCATCC,612
CCACATCACAAACCTT,612
CGAAAAGTTGATAATC,612
CGTCCTTCACCTATAC,612
TAAGCCAATCACCACA,612
TCGCTTCAATTGTCTA,612
TGATAACAGAGCAGAT,612
TTTTACAGTAAAGAAA,612
AAGAACATAAACCATT,611
AATATGGATCTTATCA,611
AATCCTACCGCAGTCA,611
AATTGATAACCGTGAA,611
ACCTTCGCACTAAGTA,611
AGCACCCGATCAACAT,611
CAACAAGCAAAATCCC,611
CCCTTCGTTTTGTGCC,611
GAGTAGTATATAAGAA,611
GAGTCCGTTCTCAACG,611
TCAGTCGGAGTGTTTT,611
TTTTCATATTAATGGT,611
AAAGTGACCGGAAAAT,610
ACCACATATAAAATGT,610
AGGAAAAAGACTCAGT,610
AGTTTATCACGTAATT,610
ATAAAATACGATGTCA,610
ATCATAAATCTCAGCT,610
ATGATACAACGCAAGA,610
CAAACCTCTACCATGT,610
CGAAAGTATACCGAAA,610
GACTTTTTACGTTGCT,610
GTACGTCTTTAGAGGA,610
TAAGAAGACCGACCTA,610
TCCAAAGCACAAAAGA,610
TGGTGGAGGAAAGAAC,610
AAACAGTGAAACATGG,609
AAGAATAGGATGAATA,609
AAGGGTAGTGATGAAT,609
AGAGGACCGGATAAAA,609
CAAAATTCGGACCGCA,609
CTAGTTCGAAGATTAA,609
GAAAATTACATAAGCC,609
GTTATTATTTTTAAAT,609
TACCATCACATATATA,609
TGGTCTCAGGCTTTCA,609
AAAACATTGTCTGGAA,608
AAATCCGAGGCCTATA,608
ATGAACCCTAAATTAT,608
CTTTTTAAGTAAGGCT,608
GTTTTGACCAAAGATC,608
TACGCAACCACTTACT,608
TGAAGATATAGAAACC,608
TTAAAAGTAAAGTCAG,608
TTCCATTCTCCACGAT,608
AATAACCGGTCGAAAT,607
AGTTAAGAGTCCAGAA,607
ATACTATAACAGATTG,607
GCACTTTATCCGCGAC,607
TAACTCTTCTACATGG,607
AACAACACAAGAGTGT,606
ACTTACACTTCGAAGA,606
CATGAATCCTATCATA,606
CTACGAGCTGACTAAC,606
CTATCTACGACATTCG,606
TACAAGATTAAGGAGT,606
TTCCACCAGTAGACCC,606
TTGAGCCATAATCAAC,606
ACGCAAAGCTGTATCC,605
ACTTATTATAACGAAT,605
AGATCAACTATGTTAA,605
AGCGCGAGCGTTACGC,605
ATAAGCTTGGCTGGGT,605
CGCGCAAACATACCAC,605
CTCTGTGTATTCATCA,605
GTCCCCGAAATACGGT,605
TAACGTGTGGAAAATC,605
TAGTTTGACAGCTGAT,605
TATAAAGACAAATATA,605
AAACCAGATTTTCCGG,604
AACAGGATAAGGAGAG,604
AATGTAATTATATACA,604
CGCAATCCACGTTAGC,604
CGTACTGACTTCAGGA,604
GACTGGCTCGAAATAG,604
TGTTGATACTTAAATG,604
AAACTGTGTACAGTGT,603
ACTAACGTAACATGAC,603
AGCGTACCTTAACGCG,603
AGGCAGAGTTAGATGG,603
AGGGGATTTTTTATAT,603
CAATCGAGTAACTAAT,603
CGAAAAATGAGTAGTA,603
CGTGGAATACAGATGG,603
AAACCTCACAGACTGA,602
AATACTCTCTGGATTA,602
AATCGACCCATACCTG,602
AATTATAACCGAATGA,602
AGCACAATTTCACTAA,602
AGCGATACCCCCAACG,602
ATTTTTTTATGCTATG,602
CGACATGTGTGGGTTC,602
GATTTACTTAGGCTGG,602
GGAGCCAGGGATACTT,602
GTCTGCAAATGGTAAA,602
TCAATCCTGAGAGAGG,602
TCATTAATGTCCATAG,602
TGGAAGCTTCAGTATA,602
TTTGGAACACGTGTTC,602
AACTGGACTGATGAAT,601
AATCAAGAGATCAGAT,601
ACAGTATATCATGCGT,601
AGATGATTTATGATAG,601
AGCTGATACGTCAATA,601
CACTTACCTATAAGAT,601
CCACCTCCAAGGTCTA,601
CCAGAGCTCAGACCCG,601
CGCTCTCGTCCACCAA,601
GAGTCAACGAGACACA,601
GCGCTACTAGCCCGGA,601
GGCGTGGCGATCAAAC,601
GTAATCAGTAAGATAG,601
GTATCACTAGGGATGA,601
GTCGCATGGTTATAAG,601
TAAAAAGATCACCTTC,601
TTTTTTAATAGATTAA,601
AACGACATAATCATAC,600
ACATACAGATACTCAT,600
AGTAAACCTATTACAA,600
AGTTTTCAAGATCTAA,600
CAACTCCGCGTCTGTC,600
CTTTAAAGCCTATCCT,600
GTATATAAAAAGTCTT,600
GTCATATCACGTAAAG,600
TAATTTGATCATATTG,600
TTGAACCCTTGTATCA,600
AAAACTATGGCTTAAT,599
AAATGAACACGGAAAT,599
AACGGGCTCGAATACT,599
AACTCCTATACAGAAT,599
ACAGCAACAATACTGA,599
ATAACGATACACCTCC,599
ATATAAATAGCATGAT,599
ATCGGATAAAAGACGT,599
CAATTCACTTGCCATT,599
CCGATATATCTTTAGT,599
CTCAACAACTATTCTG,599
GTCAAGAATAATGTTG,599
GTTCAAATATATCCCC,599
TGAACTCGTGTCATTG,599
AACACGCTTCAAAACC,598
AAGAGCATCCTGACAC,598
AGTCAAGAAAGAAATC,598
CATGTATATGAATTGT,598
CGAAATGGAATATATA,598
CGCAACCCATACAAAA,598
CTAATAAGGAGTGACA,598
GTACATCTGATTATAA,598
TAAAGGAGAAGTGCAA,598
TCCTAACATTAAACAA,598
TGCGCGCTTAAGCCGA,598
AAAGGCATTGTCGGAG,597
AACGGAAAGACCAACG,597
AATATAATCGGACCAG,597
ACACGACGTCTATACA,597
AGGAAGGCTAAAGCAA,597
CTGACATGTCAGATTG,597
TGGCTAACTTTCTCAA,597
TGTCCATTCAATGCTA,597
ACATTTATGGTAACCC,596
AGTAAACAAGGTTCAA,596
ATTACGACTCCCGGCG,596
CAAGTAATATACTAAT,596
CACCCTTAAATGCATG,596
CCCGTGGAACCACTAA,596
CTATACGGAATGTCTC,596
GAACCTCTAATTAAGT,596
GTACCACTACGACAAT,596
GTTGATGTTCGGTGAC,596
TAAATATATGTAGAAA,596
TACCCATATTACTTAC,596
TATCCGTAACCTATGC,596
AAACCAACAGAAAGCA,595
AAGATTGTAGCCAAAT,595
ACTTAGTCATGCCGAC,595
ATCACATGAGAATAAC,595
CAGAAAGAGCAAATCG,595
CGTAATGATACGCCGA,595
GATTGTCAACACGATG,595
GCACGACATAAGGTAA,595
GTTCTACAACGAGTAA,595
TAGTGATGTGTAACCT,595
AAACCAAGACGACAGA,594
AATATTTCAACGTACG,594
ACAACAAATGTTACAC,594
ACACCAAACAACAATT,594
CACTTCACCTATTACG,594
CGAGCAAGTCTTATTG,594
CGCCGACACATATCGT,594
CTTTCATTCGCTGCAT,594
GAAATAACTTAGCGGT,594
GCCGTAGATTTAGCCA,594
GTATAGTTGCCTCCAG,594
TCTATTAAGATACAAA,594
TGCATATAGACCCTTC,594
ACTCACTTTATATAGA,593
ACTTAAAATTAAGGAA,593
ATACGAAGTCAACCGA,593
CACATGATCAACGTAA,593
GACGGCATTCAGTACA,593
TACCTACATTTGAGGC,593
TGAAGTTGTAAAACAT,593
TTATTCGTCATCATTG,593
AATTGGAACCCTGTCT,592
ACACCAGGATTGGACG,592
ATAATAGGAGGACGTT,592
CAGCTACAGAAACGGA,592
CGTATTACTCGTTAAG,592
GTTTCAACCAAGCGCA,592
TTAAATCCAATAAACT,592
TTATGGAGTGAACCAA,592
TTCTAGCTTCAAAGCT,592
TTGCAAAGTTCTCTTA,592
ACTAAACAAAAATGAG,591
ATATTCGGCACGTTGC,591
CAATAGCACTCATGCA,591
CATCGCTACCAGTAAA,591
CATGGGCAGTGAAAAA,591
GAATGTGATCTCACTT,591
AAGCTCACAGGATGAG,590
AAGGTCTAGAGTTCCT,590
AATATAAGAATCTTCG,590
AATGGGGGCGGTCGGC,590
ACGTGTCATAAAGCCG,590
ACTCACGTCTAGAATA,590
AGGATAGCTATACGGA,590
ATAAAGATGCTTACTC,590
ATAAGATGAAGGATCA,590
ATCGTATCTATGAACC,590
ATGAGCTTAACCTACA,590
CCCTAAAGACAGCTCA,590
CTTTCACACTATCCTA,590
GTATGCGTGCGAAGTC,590
TTAAGAGAAACATAGA,590
AAAAGTGGATCCGCGC,589
ACCACACTCTCGAATT,589
ACTCGATAATCTTCAA,589
AGATACCATAATACTC,589
AGGAGCCTTCTAGTCT,589
ATGAAAGTATCGAGAT,589
ATTCATTCTCTGAGAA,589
CACAAAGTGACTCCAG,589
CATGCGTCTAGCCAGA,589
CATGGTTTATCTAACT,589
CCATCGAGCCCTACTG,589
CTAAAACAGTTAGTTG,589
GCTGGATGAATCGTTG,589
TATTGTAACAGTCGAT,589
TTCTATAAAGTGTCAG,589
ACAGAGCTCACTGAGT,588
ACAGGACCTCACACAA,588
AGAAAAAGACTAAGAG,588
AGACACGTGACGCTAG,588
CCAACTGCACCTAGAA,588
TCATGCGTTAAAAACA,588
AGCATCGCTCGTTTCA,587
AGCGTATCCCATGTAA,587
ATGCACTAATTGTCAG,587
CGTTCACAACATCAAT,587
GTCAAACTCTCGTTAA,587
TGCGATAACTAGGCCC,587
ACTTAAACTCCAGTCC,586
AGTATGTTCAAAATTA,586
CGCTTAATTCGCACCG,586
CTTTGGTAAATCTACT,586
GAAATGCAAAGCTCCA,586
GAACCCAGATTATGGA,586
GGCAAATAACATAAAT,586
TAGATCCTTGATTATG,586
TAGCTGCACACGTCAA,586
TGAGATTAACTAAGGA,586
AAATCTCTATGACACC,585
AACGATCGCTGGCGCG,585
AATCTAATTTAAGGGC,585
ACCATCTCATTAGAAG,585
ACGATGAAGTGTGGAA,585
AGTGCCCCTCACTAAT,585
CAACTCCAAAAGAAGT,585
CTGATCATACACTAAA,585
CTGGCAGTGCCGGTCA,585
GACCTCCATATGATCT,585
GTAGTGCCTTATACTG,585
TACCACACATTGTCTA,585
TAGATTAGGGCTTGCG,585
TGTACCCACTAAACGC,585
ACAGCACGCCAGAAAC,584
AGAAAAAGATATCAAG,584
AGCGGATCCTCCTAAT,584
ATAGAGCGTATTAAGA,584
GACTCTTAACGAGCAC,584
GCCAAAAACATAATAC,584
GTGCGGTTTAAGAGAC,584
TAAAAACCCCGCTACC,584
TACCATACACTCTGCT,584
AACTAAAGTAGTGACT,583
ACAGTGTTCATCACAG,583
AGGGCATCAAGAGCGG,583
ATTTTGCGAGAGAGCT,583
CAAACGCAACCAGAAA,583
CATCAACTAGAATGGT,583
CCGGAACCTTATGGCC,583
CGTTTTGGACGAGTGT,583
GCTGTACAGATTACTA,583
TCATACCTAATTATAA,583
TCGTAAGAGCCTCAAT,583
AAAACACGTTAACAGA,582
ACAAATACACGCCATA,582
AGTTACCAATCGTACA,582
ATAGATCTCGATTAAT,582
CGATAGATTGCATCCA,582
GCTGGCGACTCTCGAC,582
TCGTCTCGTACTCGGG,582
AAGTGATAAAAAAGAT,581
AATTATCACGTCTATC,581
ACCTATATCCTACCAG,581
CAAGATTGTCCAATCT,581
GAGTACCAAACCGAAA,581
GCAGTCTGGCATATGC,581
TATATTCATCCGGCTT,581
TGAAAAATGCAGAAGA,581
TTAAAACCATACCTTT,581
AAACCTGTGCCTCTTG,580
AATGTCCGGTGACCAA,580
ACAAGACGAGTCATTC,580
ACCCGAAAAATCATAG,580
ACGGCGCTCGGAATCG,580
CATACAATAACTTAAA,580
CCCACTTCGGAAAGAT,580
CCGTCATATTGTCATG,580
GTTATCCATACTAGCC,580
TATCAATAATTCAGAA,580
TATCACCTTAAACAGA,580
TTACACAAACCGAACA,580
TTATTGCCCCGCGGCC,580
ATCTCACGAAGACATA,579
ATTGTGAAGAGTAGAT,579
CGACCTCCTAAAATGA,579
GGAAAATACCTAGGTA,579
GTCCATTCCTGAAATC,579
TGAAGGATGCTGTGGC,579
TGGTGGATATCGTGTT,579
TTAAACGGAACTTAAC,579
ACCAGGAGAGTCAGCT,578
ATCGCTACTTAAAATT,578
CATCAATGTACTTAAA,578
CCCTCAGGGGATGGCA,578
CTCTCGGTTAAACTAA,578
CTTACCCGCTATCTGA,578
GACAGGAAAGTGCCGA,578
GAGTAGAAGGTACTAA,578
GCAATGTTTCCGTAAG,578
GGCGCATGAGGCAAAC,578
TAAGACCGAATATGAC,578
TCAATATCATAGAATT,578
AAAAAACGATAGTATT,577
AAACAAATGGTTATTG,577
AAATATCTTTAGACGA,577
ACACTAATGGAAACGT,577
ACACTTCTCCAGAAAC,577
CCTCCGAACGGTTGAA,577
GACATAACAAACTGAA,577
GAGCCGTTGTACTCAC,577
TAAAACGGGATTCTTG,577
TAACGCTAATTCAAAA,577
AACCTACTGAATCCAA,576
AAGCATCTCCTAGAAT,576
ACAAAAAAAAATAACA,576
AGGCAATAATCAATTT,576
AGTAAAATTACAATAC,576
ATAAACAAAGAAACGT,576
CATCCGAAACGCGACC,576
CCGATCGTCCTAATGT,576
CCTACCAATGTAGGTA,576
TATTCTCCACCAGACT,576
AAAAGACCAATGGCAT,575
AAACATACCTTATGCA,575
AATAGAAAAATAGAAC,575
ACGATATAAGTGCAAT,575
ACTGTCTATGGAGTCT,575
ATGTCAAGGATATTAG,575
ATTGATACGCGCTGAG,575
CCATCAGATTACAAAA,575
CGAACCAACGGGTTGT,575
CGGGTATCTGCCATCA,575
GAAAATTTAAACGCGA,575
GACTTGTGAATCCGAA,575
GATAGCACTCCCCGAT,575
GGCCTAATGACCAGAC,575
TATAATCCAAGCAGGT,575
TTAAAGATTGTTAGAA,575
GATTTAAAAGAATCAC,574
GTACGACAGAAGCACA,574
TCACCCACGTCAACCT,574
TGTTATCAGTTTAAAT,574
AAAAAAACTAACCTAT,573
AACACAGTCACTTATT,573
AATATAACATGACATA,573
ACATTCCGTTCAAGTG,573
ACGGCACTATTGTCAG,573
CCGAGGGCATCTCTAA,573
GAATAACATAATCCAA,573
TTATCCCACTTTGGCA,573
AAGTGTCTGCCGAGCT,572
AATACGAGGATATTCA,572
AATCGACTTGATAGAA,572
AGTCATAGCACACGCA,572
ATAGATGACAAACATA,572
ATGACCCCGGTCTAAA,572
ATTACACCCAGCCAGT,572
CCGAATAAGAAATACC,572
CTACGCAGTGAATCCT,572
GAATTGAAATAGCCAT,572
GAGTAGGTATACGCAT,572
GGCAATTGAACAAACA,572
GTAAAACCCACTCTTC,572
GTAACCTTTTTTCTCG,572
TAATACACACAAATAC,572
TACCTACTAGAGGGCA,572
TCGACAAAGTTAGTTT,572
ACATCGAGTGTTCTCT,571
ACTCTATGGTAAAACT,571
AGTAAAATTCCGGAAT,571
ATTGGAGCGCTACACA,571
CCACACCTTCAAGCTA,571
CCATGATGGTGATAAA,571
CGTAAACTGCCTAAAT,571
CTCCGCAAACCTTGCT,571
GACTTTAAAAACGCAA,571
GCATTAGGTCATCCCC,571
TCCTGGGTAACTATGC,571
TGAGAGCAGCCATATT,571
AAGTAATTTGTAAAGG,570
ACAGAATAACGACAGC,570
ACAGATGTCCAGAAAA,570
ACGCACTAAAAATCCC,570
ACTTACAAGAAAGAAG,570
CGGCGTTAAAAGGTAC,570
GAACTACGACCCAAAG,570
GATACACTGACGGTAT,570
GTGGCAATACCACTCA,570
GTTCCAAGGCCTCGTA,570
TATATCTATAACCCAC,570
TGAACATGAAGCGATC,570
TTTGGTTTAACTTCAA,570
AATAACTTCGTACGCG,569
ACCATCGTACGAGCTT,569
ATAACCTTTCAAAGTT,569
ATTTAAACAATGGCTT,569
CACTTCCAGGTAACGC,569
CTTTAAACCGAGCTGA,569
GGGAAATCCACATACA,569
TAAAAATAAAATGTCA,569
TTGATGGAAACTAATG,569
TTTAGCTAATGGCCCT,569
AACACTATGCCCTACA,568
AATCTTTCCAAGGGCA,568
AGCAATAAGTGCCTAA,568
AGTAAGCTTGATAAAG,568
CAAAGCCCAAAATCAC,568
CCACAGTAGCCCAATG,568
GGAGGGGTAAGAAAGT,568
AATTTATAGCCGAGAG,567
AGGACGATAAAATTTA,567
ATCTGGTAACACCGAC,567
ATTACAAGGCTAAAGA,567
GATACCCACAGTTTGC,567
GGCATGGGGACAACAC,567
GTAACAAGCTCGAAAA,567
TAACTATTCGGGTCCG,567
AATGCATAAGCCCAAA,566
ATCCGAACGGCCGGAA,566
CAAAGCGTTAAGGACA,566
CACGCATTCAAAACAT,566
CAGCCCATTGACACAC,566
CGAAATCAGCTAAAAC,566
GACCAGAAATAACTCC,566
GGTTTACACCCTTATC,566
TATGAAACACAGCAGC,566
TGACTCACGTAATACA,566
ACCGCAAAGTTTTAGC,565
ATATATTCCTATCTAC,565
ATATCCTAACAACCCG,565
ATCTATGGTTCGTACA,565
CAAATTAACTCAGCTA,565
GAAAAGTGTGCAATCA,565
TAACAAGACCCAGGAA,565
TAAGATCCAAAAGAAT,565
TTAAGGGACGATGAAA,565
ATGACTATATATAATC,564
CTCCCCCCATAAAATC,564
CTGATAATCACTAATG,564
TCACGCAATGACTTCA,564
TCACGCGATCAAGCTC,564
TTCATTACAATTTAGT,564
TTTACCACCGGTTAAG,564
TTTTATTGCTACCTCG,564
AAGTCAAGTCTAAGGG,563
AGCATACGAAAAGTAG,563
ATAGACAACATGCATT,563
ATAGATAAACATATCA,563
GACCTAGGCGAACCAT,563
TAATTAGAGCAAAGTC,563
CAAGGGACCCGCCGGC,562
TAACGTTTCGAGTAAC,562
TATAAAAGTACAGTAA,562
AAAGGGCTAAGAAATT,561
AACGTAATATATGGAT,561
CACAGAAATCTAATGA,561
CCTTTCATAACATACC,561
GTTCTGACAGTTGAAC,561
TATAAGCACATAAGCA,561
TCCGTCCAAACCTCTG,561
TGGGTGTTTGAAGCGC,561
TGTAGAGAACATCTAG,561
AAGATGAAAACCGTTA,560
ATAGAGATATCCCCAT,560
CGTGATTTAACAATAA,560
GAAAATTATACAAACG,560
GAAGATGGTCGGTAAG,560
GCTCGACAGGTAATTA,560
GGCTACTGATCTACAT,560
TTTCCGAATCCAAAAT,560
AAAAGAGAAAAGCGAA,559
AACATAGAGAAGCCTT,559
AAGTATCGAAACCTGC,559
AGCAAAGACTACACAA,559
ATTGAACCTGCCTACC,559
CAGGGACATAATAATG,559
CAGGTGAAACACGATA,559
CTTTGATCCAATAAAA,559
GGACACTAAAGCTTGC,559
GGCGTAATCACCCTTA,559
TGATAGCTAAGATAGT,559
TTTCCATAGTCATAGT,559
ACGGATCGTTTAGATA,558
AGCCTAGGCAGATGCA,558
ATAATTCTATGTGACA,558
CATAGCGACTTTGAAA,558
CGATTATGGCCGAGAG,558
GCCAGAAATCCGATAA,558
GCCGAAAGTTATATAT,558
GTCGGATCTCACGACC,558
TAAACACCATTCGCAG,558
TAGTAAACAATTAAGA,558
TTACATAAATCAGCGT,558
TTATTCATATCAGTTC,558
TTCCAATTGGCCCCAC,558
AAAGCACCAGAGATTT,557
AAATTCTCACTTATAT,557
AACTCAAAAGGACCGC,557
AATAACATGGACTCCT,557
ACTGTACGATAGACAC,557
CCCTACGCATAAACGT,557
CCTGGGCCCAAAGTGC,557
CGTAAACCTTACACGG,557
CTAGCTTATTAGACTC,557
GAACAACTTAATTGAA,557
TCAAGATTTAAGGTGA,557
TCCAGATAATAAGTAG,557
TTAAGTATAACTCCTT,557
TTGCCGTTAAGCTTTG,557
TTGTTAAAACAAACAT,557
AAAAAAAAGGTGCGTC,556
AAATTTTTAGTTAAAT,556
AGGACCCCGTTTGGGT,556
ATCGTACTATACATGC,556
ATTCCGTAAGACCTGA,556
CTACGTTGCGTGTTCA,556
GAACAAGGTAAATTCA,556
GAGAGATCCGAGATTT,556
TCAAAATGACCAATCA,556
TCCCCTGACCTGAGAG,556
TCGAAATTTAAACATC,556
TGTAAGCATGAAGCGC,556
TTATCCCATCACAACT,556
CACTGTTCTGCGATTA,555
CGGTATACTCTAGGCT,555
GATACGCTACTCCCCC,555
GCGCATAAAAAAATAC,555
GCTAGACAGAGTGCCA,555
TAATAGATTATGCTAC,555
AAGTTACTTTATGATA,554
AATATCATTCCCATTC,554
ACAATTGTCAGAGGTA,554
ACCAGTCGAGAACTAC,554
ACCGAGCTTAATCGGC,554
CTAAATATGTATATAC,554
GAATTCCTAAGAAAAC,554
TAAGGCTGCAGAAAAT,554
TACAGACAGTACGAGA,554
TAGATCCGTTTTTGAG,554
TATAAAAAAAAAAAAC,554
TATAAAAGCATAACTG,554
TCACCGCACGTAGCAC,554
TCATTTTGACAGAAAG,554
AATGAATCATTCATCA,553
AGGCTATATAATAACC,553
ATGACTGGGGTGTTTG,553
ATGCTTCGTAACCCAT,553
GAACGGTGTCATCACA,553
GTGTATGAGCTATTCC,553
TTATCAATAATACAAT,553
AAACCCAGATCGCGAT,552
ACTAGCCACAGGCTAC,552
CATGCGACTTCTTAGG,552
GGCTCTTAAACACACC,552
GTATTTTAGTACTAAT,552
TCTTAGCTGAAAACTG,552
TCTTCCCTTTTATATG,552
AAGAATGGTGGCCACA,551
AAGCAAGGCGTAATTA,551
AATGCAAGTGAAAGAG,551
ACATACGTACCAGCCA,551
CATGTATTGAACAAGC,551
CCACCAAAGTAGAAAA,551
CGGATTTCGGGCATAT,551
CGTTTGTCCGAATAAA,551
GGGGGGGCCGGAATTA,551
TTAATCTGGTTAATAT,551
ACTTTGCGTAAGTATT,550
ATAAACCTTCGCGGTA,550
CATTTGAAACTATATA,550
CCTATTACCCGCTAAG,550
CGCACGGCCCAAGAAT,550
TAAGTACTAAGTGCAC,550
TTTCTCTATCTAAAAA,550
AACCTCAATCTAAAGT,549
ACACCTATCAAGCCCA,549
ATAACAGCCAGTGCTT,549
CATGTGAAGGATGTAC,549
GAACACACACTTGAGT,549
GCGCCATAATAGGTAC,549
AAAGGGGCTTCAACCT,548
AACTGTGATATCTCAT,548
AATGTTAACAAAAAAG,548
AGGATGAAATCTGTTC,548
AGGTGCTGGATGAGAT,548
CGTTATGATACCTACT,548
TAAAAATTATAATTGG,548
TCAGCGATGCTACGCT,548
TCAGTATTGACTTTAT,548
ACGCCTATAACACAAG,547
ATAGGCATTGATTAAG,547
CCCCTGATATATGGTT,547
CGTGGAATTAAAAAAA,547
CTGAAGCATTCTGAGA,547
CTTGAAAGCCAGGCCC,547
TACAATAGCTCTGGGA,547
TAGTACTGCTATAGGG,547
AACCCCGAGTAAAAGT,546
AACTCAAGAAGCAGCA,546
CCCGAGATATGGACGT,546
TTCACTTTCAGCTTCC,546
AAAAGAACGATAATCC,545
AAATAACCGTATGGTC,545
AGAAACTCGAACCCAC,545
AGAATTGTAGTTCGCA,545
CTATATCGAAACTTAG,545
GAACCTTCTGCATGGA,545
GATAGAAGAAATAAAC,545
GTACATATTGTACGTT,545
GTCCACACTTACCACG,545
TAAGCTAGAAGCTATT,545
TACGCAGCGTGCGTAT,545
AATATCACGAACTCAC,544
AGATAGACAAAGTCGC,544
CCAAGTTGCAGTACGC,544
GAAATCAAAAAAAACA,544
GAATAGGCGTAAAATA,544
TTCACACGAAGTAAAA,544
AACTACGTTGAAACAA,543
CATATTAAGATATCTA,543
CTTAGATTTAGACTAA,543
GAAGTCGCCTGGTTAC,543
GTACTAGGTAATGGTG,543
TACTAAACCTGACTAG,543
TCAAAGCTACAGTTAC,543
AATAAACGTCTCAAAA,542
ACAAGGAAGATCCATA,542
ATTACAAATCAAATCC,542
ATTAGTGCCCTCTAAC,542
ATTTTCCGCTCGTATC,542
CATCCGGCATGAGCCG,542
CTAATGATTCCTGGTA,542
GACGCAGTACTAAACC,542
GCGTGAAGCTATCTCA,542
TAAGTATTGCCTAAGG,542
TACAACTATAAAACAA,542
TATTACCTACGTGTAA,542
TCTGTAAAATCTCACG,542
TTTTGCACAATACGGA,542
AAATGATAGAATTTAA,541
AATAAAAGATAAAAGC,541
ACCAATGTAGTTATTA,541
ATCAATAAGAGAACAG,541
TAACATTCTCTAATTT,541
AAACAAAAAATCAAGC,540
AAATCCATAAACTAAC,540
AGCTACTCACCCAAGC,540
ATATTATAAATATAAT,540
ATTTCACCCATTCTAC,540
CACGAAGATATGATAC,540
GAAATATTTCATATAA,540
GCATAGTAATGACGTA,540
GTTACCTTATAATTTA,540
TCATCTCTCGCTGCCT,540
TGCACCAGCAGGAATA,540
TTCTCCACTCGTAATG,540
AAGAAAGAGCATAATT,539
AGCAATAAAACGTCAG,539
AGTAATTGCTTTAATC,539
CCAGGTGTCTACATTC,539
TTGCCGAAAAAAACAT,539
AAAAATAAACATACAC,538
ATATAGGCTGAATAGA,538
CAGATCGTGATGAACT,538
CCTATATGTGATTCAA,538
CTTATTTGCCTGCTCT,538
GAAATAGCACCTGATC,538
GAGCCAATGAATCGGA,538
GCATAGATTAGGTGAT,538
GGAAGTTATCAAGAGA,538
GTCACCAGAGCAACGC,538
TATGATAGGGTAAACA,538
ATGGAAAAATTTTAGT,537
CCCCTACGAAGCCCTG,537
GCGCGCTACACAGTTA,537
TCACTCAAGAAAGAGT,537
TGATGATGTATCAAAT,537
AAAGAAACATTAACAC,536
ATGCACGACGCTAAAG,536
CCACCTGAAGATGACG,536
CGCTTTAGGCAGAGAA,536
GCAATACAGATCCACA,536
TCTCGGTATCAAAAGA,536
TGCCGGAAGCGGCCTA,536
TTTGGTTACAGACTAT,536
ACAAAAACCCAACGAA,535
ATAACAGACAGGGTAT,535
CGAGCAAGAGCTCCTA,535
TCATCAGGATAAACTC,535
AAACTAGAAAAACGAA,534
AGTTTGATGTTGCAGG,534
CAACGACATTAATGTG,534
GAACTCCACCTCGACA,534
TAACAAAGATGTCGCC,534
TCTGCATCGGCCTTAA,534
TGGAACTGGTCTCCCC,534
TTATGTTTTTCCAGGT,534
ATCGTAAAAACTTCAA,533
CAAGGGGTTGGGAATA,533
GATTATTTCTAGCGTC,533
GCACCCCATACCCCCA,533
TAATGAGAGCATGGTA,533
TAGAAAATCGATGACG,533
TCAGACTTTTAAGGGC,533
TTACCTACTCAACCAA,533
AAATCATTAACAAAAA,532
AAGTGCATTGCAATAA,532
ACAGCCCGGTCCAAAA,532
AGGAGAACGAATTCTA,532
CTGGCTTAGCTTAGGA,532
GAGTTCCATGGTGCCA,532
GTGATATACACTTGAA,532
TATTACTCCCGTATGT,532
TTTGATTCTAAATACG,532
CTCACTCCCATTTAAA,531
CTTCGATAAATATAAA,531
TAATTATGTCAGCGAG,531
TACGGAGCATGATGAA,531
ACAAAATGGAAGCCAA,530
ACTTTATACTCGTAGC,530
ATATCTATACAAACAG,530
ATTTATCTATAAACCA,530
CCCTGGCAAGAAATGC,530
CCCTTGATCCACCATA,530
CTCTCGACTGCACATG,530
GACCACACAAGCCCAA,530
GGGATTTAAATGCTCG,530
TGATCGAGCCTGCACT,530
AAACTAGGATATCCAT,529
CAGTAGATATCTCAGA,529
CTTTGAACCGTTTCAT,529
GCATTAGATGATGTTA,529
GCCAAACCATTAACTT,529
AAAAATGTTATTACTT,528
AAAACATTAGAGGAAT,528
AAGCTTGTATAGCAAG,528
CCACAAACAATATATA,528
GCATTAAGAGAATTTC,528
GCGTCAGAGATCAGAG,528
TACGCGAATTTACGGG,528
TCTAGCATGAATCAAC,528
TCTGAAGGCACGAGTA,528
AAAGTAGAAAAGCATA,527
AATAAGGGATGTGACG,527
AGATGATTTGGGGCTT,527
AGGGCCTCGATTTCAT,527
ATCCAGAGAAATCGAG,527
CAACTTCTTAAAAGTT,527
CCGTCCATTACAAATA,527
GAACAAACAACATATG,527
GTGCTTGACAGTGCGT,527
TGATGGGAAACTTGCA,527
TTAAAAAAATAGGTTT,527
TTAAGATATGGTATAA,527
ACGGCCACGGATATGA,526
ACTAAAGATGGAGAGC,526
CTTACATAGTTACTGG,526
GTAGCTACAGGCTACA,526
TACAACGAGTAAAACA,526
AAAGAGCATATTTGTA,525
ATACGAGGAAATAAGG,525
GAAGAACAAAAAAGAC,525
GATAATCACGAACCCA,525
GTGACAAGAATTTATA,525
TCTGTGCTACATACTC,525
TGATCCTTTACAGAGA,525
TTGTAACAAATATATA,525
AAGTACACATAGTGGC,524
AATCCATTATACAGGC,524
CACAGAAAGGTTACTA,524
CTAGAGTGTAATGCTA,524
GCCTTTACAACAAAAT,524
TGTAATTCCTAGGCTT,524
AAATATGTAATGAAAG,523
AAGACCATAGTAGCTC,523
ATATCGAAACCTACGC,523
TACTATTTAACCGGTA,523
TCAAAACCTCTCCGGA,523
TCAGTTTAAGAAAAAC,523
AAGGTACCATTGTCTT,522
AATTATAGCACGAGGA,522
ATTGAAGTTTCACTTT,522
CATAAAGCAACAGCAG,522
CGACCTTCACCGGACG,522
CGGAAGAGATAAATGT,522
CGGTAATAAGAACGAC,522
TAAATTCAATCCAGTC,522
ATCTTAAGGGCGAGTT,521
CTGGAGCACGAAACTC,521
CTTAGATAACCCGGCT,521
CTTTAAGTTAAAACAT,521
GCGCCCACGAGTAACC,521
GCGGCTATTAAAAACA,521
GGCAAAGCGTCCAGAA,521
GTCATCGCTAGCGTGT,521
GTTTTAAGAACGCGAT,521
TGAAGGACACACTAGC,521
AAAATGACTTAAAATA,520
AGAGGATTATGCCGCC,520
CAGAATTGTCTACATA,520
CTCAAAGTACTATATA,520
TAAAACTGTGCCAAGC,520
TACACAATAAACACTC,520
AAAAAGTGTAGAACCA,519
AAGTTCTAGCACGGAA,519
AGTTAAGCACTATATT,519
GAACCTAACCAATCAT,519
GAATACAATCCCATAT,519
GCAGCCCCCAAGATGG,519
GGTAAAATAGAAATAA,519
GTACAGTATGTGTTAA,519
TAAAAGAGGAACAAAT,519
TCTTAGACGGGATTAA,519
TGAACTCCGTCCTGGG,519
TTGGTGGCTAAGAGAA,519
AACACTCACTCCCACA,518
AATGGCAGAATCACCC,518
AATTGTTGATCTGATC,518
ACAAGACATTAATGCG,518
CTGGAGCTTATTTTAT,518
GATATTCTCCAGTTGA,518
GGACATGATCGTGCAT,518
GTATTCCCGGAATACG,518
TCTGTAGATTATCAAA,518
TTTTGATTAAAAAAGC,518
CTTCTAAGACAATACC,517
GAAACCACTATAATAG,517
GCAGTCTGTCCGACAG,517
GTAAAAATACCAAAGG,517
TTGGGTAACAATGACA,517
ACAATACTAAGTTTGG,516
ACCACCAAAGCCGGCC,516
ACTAACTGCCGCGAGC,516
CAGGAAATTCTCGCAA,516
CTACACCCACTGAAAG,516
TAGTAATAATACTGAA,516
TCAAGCGTAATGTAGT,516
TCGTTATCAAACTACC,516
TGTGACAATAATAGAT,516
AATACAATGGAATTAA,515
AGACTGATCAACAAGA,515
AGACTTGAATAAAAGA,515
AGATCCTTGAGGAATA,515
ATGAAACTGTTCGTAG,515
ATTTGTATATAATGCA,515
CCCCCCACTCTCAAGC,515
GATAACGGAATGTAGC,515
GGCGAGCAAATGAAAC,515
TCCCATCATTTGCCTT,515
AAGTAAGTAGCGCAGG,514
ATTAGAGTTATCCCAA,514
ATTATCCAATTAAACT,514
GCCAACATTGAATGTT,514
TACAGTTTTTCATGTA,514
TGCATGAAATATGTAA,514
AAACCAGTATGTAAAT,513
AAACGACTAGGACGCC,513
AATATGAATTAGGGCA,513
AGACCACATATAACCT,513
AGTACTGAACATAAAC,513
CATGGTAAGATATAGG,513
CCATAGGAGTTCAGTT,513
CTCAGATATTAGCAAG,513
CTCGTAAAACAAACTC,513
GAAGAAAGAACGTCAT,513
GCAATCCACATGTCGC,513
GTCATCTGCGTCATAA,513
TGTAAACAATAACTAG,513
AAAAATAACTTACTGA,512
AACACTAACGTCTGAA,512
AACCTCAAATGTTCAT,512
AGTATAATATTCGAAA,512
ATGCAAGTAAATACTA,512
GGTGACTGGTACACTA,512
GTGGGATATCCTTGCG,512
TATGATGAACTAGTGT,512
TTGCTACACACGACGA,512
ACAAATGAGCACCCCT,511
ACCGTACATAGTAAGC,511
CGACACAGTCTACTTA,511
AAGCCAGCAGCTAACC,510
ATACCTCATACGGCGA,510
CTATCTATGCTATCAT,510
GTCTTTTATAAGCCCA,510
TCCATTACTAGGTTAA,510
ATATTGAGCGCCCTTA,509
CTTACCACCACGACCT,509
GAAATACCATTGCATT,509
GCAACCTAATAGAGCC,509
TTGTCGGACGTGCAAC,509
TTTGAACGATCGCCAC,509
AAAAGTGTGTGGACTT,508
AACTATGGGGGCACTC,508
AGCTAGAATGCGGTTA,508
GAGACCTATACAATCG,508
GGATAGAGCCGAATTA,508
TAGACATATACAAAGA,508
TTAACATATAGATTAA,508
AGATGCTGATGCAGGA,507
AGTGTGCCTTAGAAGT,507
CCAATCAAAACAGAGT,507
CGGTAATATAAAAATC,507
CGTCCTTTTGACAGCC,507
CTCCAAACAATTCCTT,507
GGAAGTAAATAACGCC,507
TTCTCAGAAAAATGCT,507
AAATTCCTAACCACGA,506
ATTGTACCTTAGAAAA,506
ATTTCGGATCCGAACC,506
CATGCTTGCACAGACC,506
CCCCCCAACATTCCAA,506
GGTACAATCAAAAAGG,506
GTAACACTTACCATTT,506
TAATTCATATTCGTCC,506
TACGGCTACCAAATTG,506
TGTGAATGTTCGATAA,506
AAACTATTAAGGAATT,505
CCACCCTAATTTCCTC,505
GACTCGAAAGCAAACA,505
GCAATTCTCATCGTGG,505
GCGAAAAATCAAACCA,505
GTTGTCTATAGCAAAT,505
TCGCTACCTCATAATT,505
TCTAAAAGTCATCTTT,505
TGGTATCACATCTAAG,505
TTCTATATCCCAAATT,505
CCGATACGCCTATGCC,504
CGATCGACACCTTCAT,504
CTGCCATATTGAGGGG,504
GACATATTAAAAAACA,504
GCTCCAATGACGCAAA,504
GTCAGCCATAATCTAC,504
GTGTTAATGCCATAAT,504
AGACAAGAGAACATCC,503
ATACGCATGGCAACAT,503
CAAATTAACCAACCAC,503
CTCGCATGAATCCGCC,503
GATAGTGAGAACACCA,503
TGAGAGCGCTTTTCAG,503
TTTACAATACATGGCT,503
AAAATCATACACTCAC,502
AAGTAAAAAATCTGTA,502
ACACTCTCTAACATTA,502
ATAAGTATCCCAAGAG,502
ATCAGGACCTAATAAC,502
ATTCCTAACTAATTAT,502
ATTCTTTGAATAAGCG,502
CATCACCGCTCCCAAA,502
CGGGGAAAGCGTTGTC,502
GAAAGCAAACTCTGAT,502
GCTTTGAAAACAGACC,502
TCCCTACCTCTATTGT,502
ATTCAAGACTAACCTA,501
CATCCATGTGGATGAA,501
CATGCGCGTAGAAGAA,501
CTTACTTAGAATGATA,501
TTAAAAATGGCTAATC,501
TTGGATAACAAGTTAT,501
AAGTAATGACTCAACA,500
AGACAGCCACCGCCGA,500
ATGAACTCGTTTAATA,500
ATGAGAATGTCTAGAT,500
TAATAAAGATTCTATC,500
TACCGCAGATGTGATC,500
TATCACTACCGTTGGC,500
ATCGATCATCGAGATA,499
CTAAAAATTCCGTGCT,499
CTAGTCTCTGATGTTG,499
GAGAATGGCCGAATTT,499
GCAATTAATCAACACT,499
GTAGTGGGTATGATGG,499
TATCTAAACATAATTG,499
TGGGGAAGAAAAAGTC,499
AATCATGCCATCTTGA,498
CGAAGAAGTAAATGCG,498
CGCAAATCTGGGAAAA,498
CTCAACAGAATTACAA,498
GAATCGAGCTTAAATA,498
GATTCGATATGTGCAA,498
TACAGACTATTTAGAT,498
TCGCATAACTAGTATT,498
TGATGCTGCTCAATCC,498
AGTAACATCAACATAG,497
AGTCCAGAAAGATGTG,497
CGTAACGTATATAAAT,497
GAGACGTGTCCTTCCA,497
GCCTGCTCGAAGACAC,497
TAATTCCCTACACGCA,497
TCCATTTAGGGATGAA,497
AGCGGCTTAAGGTCAG,496
ATAATATATACACAGC,496
CAGTGGCCTCCACAAA,496
CCTAGGACATGTTGAA,496
TAAGACAGAGTCAATC,496
TATAATGGCCATAATT,496
TGGGTGGATATAACAC,496
AACACGTGATCAAAAA,495
CTATCGTAATAATCCC,495
GAAAAAGAGATGCCAA,495
GAATAAAACAAGTTCG,495
GCTGTATCTAGAAAAA,495
TAAATCGGAAGTTCTC,495
TCCGCAACCACTTTAA,495
TGTTTACCCACGGTTT,495
ACTAAACCCGTTCTAC,494
CTGACCGACCTCGAAC,494
CTTGTTTACTCACAGA,494
GTAACCAAGACTCCAT,494
GTTAAACGCTGTAAAC,494
GTTCAGAGAAGTCAAG,494
TTTTACTTAAAAGTCT,494
ACCTGGCACAAAACTA,493
AGGAAGATAAATAATA,493
ATTAAGGGCTAAATGA,493
CACATGATTCCAAATA,493
CCTCGCCTTGTCTTGC,493
GACGAACACAAGAATG,493
GCCCATACTTAGAGTA,493
TTACATTTAAAACAGT,493
AACACCATACAACGCC,492
AAGATGTTTCAACTAG,492
AAGGTACACGTAAATA,492
ACCGAATTATAGAGAA,492
ACGTGGCTTATCACGA,492
ACTTAAACTTGTTACT,492
AGCCACTTAAAGCCAA,492
AGCTTATACCTCAAGA,492
CATATATCGGAGAAGC,492
ATACAGTACCTATTGA,491
ATATAGACAACGCTTG,491
CACCTCTAACGCGCCT,491
CATTCCACCATCCTCG,491
GTCATTAATAAGCCAC,491
TCACTGTTTGCCTAGT,491
TTGTCGAAAATATGAA,491
CTATTTTACTCCGACA,490
GAATAGGGACTTGATA,490
GACTTTATTCAAAAAG,490
GCGCAAGTTAGCCACT,490
TCCGAAAGATAATCAA,490
TCGTCAGACGTTGACG,490
TGTTAATATTTAGTCA,490
AACACGGATCACCACT,489
AAGGAATGGCATGAAC,489
GAGCAAATGCTACTTC,489
GCAGTGGAAACCACAA,489
TAGAAAATTGTGGAAT,489
AACTCAATAAATTTAA,488
CCGTCTTCGCCAAGAT,488
CTGATTACGCTTAATT,488
TCCCTACAACTTTCCA,488
AATTGAATAATACGAC,487
ATCTCACAAAATTTCA,487
GCGAGGCTGACGAGTC,487
TGTAATGACAAGATAG,487
TTCGAGATGTACTCCC,487
AAGAGTATACCTTTCC,486
ACCCATATAGCCATAT,486
CGCCAAGCGGAGGGAA,486
GCCGACATGAGATAAT,486
TCCAAAGGACCCACAC,486
ACACATCGAAAACCAT,485
ATGACATTGTTCCTTT,485
CGAACCTATTAATGAG,485
GATAAAGCTATGAATG,485
GATTGTCGGAAACCCG,485
ACACGTTACGAATCAC,484
AGCGACAAACGAGAAG,484
ATAATAGTACTTGACC,484
CCCCAAAGAAACTGAT,484
CGACTCTCGTTGATTA,484
CTAAAGACCGAATCTA,484
CTAGAACGCGAGGACA,484
CTGGGTATACCCCAGA,484
GCAAATCTAGGCCAAA,484
AAAGCTAGAAAAGCAA,483
AGAGTAAAAATGAGAT,483
ATAAATTAAGCACACA,483
ATTGCCCGATTTACGG,483
CGATTTGTGGACGAAC,483
GGGCCCCTTCACATGT,483
TGAAAAGTGTGTCAAA,483
AAAATTCATAAAGTCG,482
AGTCCATATAGGCAAA,482
ATGTAGATACACAAAT,482
GAGATGCCCGCATGAG,482
GCAAGAGTATCTTTTT,482
GTACGCTTAAATCCAT,482
TTTGAAGTACTAATAC,482
ACGCCAATGAAGTATC,481
ATGCGTCGACTTCTTC,481
CACGTCTAAGATATAA,481
GTATCATTATTAAATT,481
TGAGTATTATCCAACA,481
AAAACGTTGCTTCAAC,480
AATGGTTTATGTATTC,480
AGTACATTGAATTGCA,480
ATGCATAGCCTTTAAG,480
CAAAATCCAAGACGAA,480
GAACGTAAAGTATTAA,480
TTTTCCCTGTTCCAAC,480
AGAAAATACACCTACA,479
ATGGAACTTCCAGCCA,479
CCTGCTACATCAATAA,479
CGGTACAAATGCTGAT,479
GATAGATTTAAGAGCT,479
AAAGACAAAGCCTTAG,478
AGATAAGATATAGATA,478
AGTAGTACGAATCGAC,478
CATCATCGCAATTGCA,478
GCCTTTAACACGTGAC,478
TAATTACCCGAATCCG,478
TATTAACATCACCCCA,478
AAGGACAGAAGGAAAT,477
CAAAAGAGTAGTTGAT,477
CACCTACATTGGGTAT,477
CCACACATTATCAATA,477
CGTTAATCGACAACTC,477
GAAACGAAATATCAAT,477
TACCACCACCACAGGG,477
TAGTATCATTCCATGT,477
TCAAATAAACGCATAG,477
AATTCCGCTACTAGTT,476
ACCATCTTCTCCAGCC,476
ATTCAATTGAAAAAGT,476
CAAATGAAAACAACGC,476
CAGACATCACCTAAAT,476
GAAGAAACAGGAACTA,476
GAAGCATTAGATGTGT,476
TGTTACCTGATATATG,476
AAAGTTACCAAAATGG,475
AAGCCTTTCCACAACC,475
ACACATCTCCTTACCT,475
AGACAATGGTTAAACA,475
GAAAGAACCCTCGGGA,475
TCTGAAGAATACGCCA,475
TTTTGTATCAAAGTGC,475
AATTAATTAACTGCAT,474
ACCAGTGATGCGCACA,474
ACCCTATGTCAACTCT,474
ATAGGAAAATCCCTAC,474
CGACTACCGCCTAATC,474
GATTACGTTTCTGAAC,474
AATAGATAATGTTACA,473
CAAGAGACCGACGCGG,473
GGTTCCCTACAAGAGA,473
TCCCTGAAAATGTCAG,473
AACAATTACCTTGTAG,472
ACCCTAACGTTATACC,472
AGCGTGGCAATCCTAG,472
CAATTAGGCGTAGCAT,472
CACACTCACACTATCC,472
CGAACGAATGCAGAGT,472
GCGCGCTAACGCGACC,472
TAAACCTTTACAAGGT,472
TGTCTTTGCCGCTGAA,472
ACCGGTTGTCAGCCCC,471
ACTGTACACGCTAGAA,471
AGACATTATAGGGCAA,471
ATCTTTGCAGCCTCTA,471
CAGTGTAATTAAAATA,471
CCGTAATGCCTACCCG,471
CTACAACTCAACTTAA,471
GAAAATGTCAGCTTGA,471
GATGAGGCGAAACTTT,471
GGCGCATAATAAATGG,471
GTAATAGAACAGAAAA,471
TAAACAGAATACCGCA,471
AAAGAACAGTAACCCA,470
AGACACAAGCAGGGTG,470
TATATTTAACAAATAG,470
TCAAAATGCAATAGTT,470
AGTCACGAGACTTCCT,469
ATATAAATGCTACAAG,469
ATTATATAATATGTAA,469
CATTAAAAAAGCTTAA,469
TCGTTTGAGTATATAA,469
TTTCAATATGGGCTAA,469
CTACTTGATTCAACCA,468
GCACAAAGTGCCGTTA,468
TAAAGAGCTATGTTAA,468
TGCCCGAACTATAAAA,468
TGTTCAAGCTTGCAAG,468
TTCCCACCAATTAAAT,468
AATAATATAAGATGAG,467
ATAAAATACAGAACTT,467
ATACCTGAGAAGGTCG,467
GACGAATTAAACGGAT,467
GATACTAATCTGCACT,467
TAACCCCCGGATAATT,467
AAAACGTTACAATCCA,466
AAACTCTAGCTTGAGT,466
AACCATACATTCTATA,466
ATAAAAAAAATATTTC,466
ATACTCAATACGATCT,466
TTGTAAAGTGTGTACA,466
AAAACAAGAGAGCGAG,465
CTCTCCACTTTTTAAC,465
GCATTGAAACTGAAAC,465
GGCAAAATGAGATAAG,465
AGCCGATACTATCGGT,464
GGCCGATGGTTGTCAC,464
TAAAATCTTCTCAACT,464
TGAAAAGAAAGAAAGG,464
TGAGGCAGGCAGGGTA,464
TTCCCGGATCACGTAC,464
TTGACAGTAAGTGGCT,464
TTTCTCATACCAAGTG,464
AATTGAACTCGCAAGA,463
AGAAGGAATCCTAAAT,463
AGGACCAAGACTTAAA,463
AGTTCTCCACATATCA,463
CAACCAAAAAGATCCT,463
CTGACAAACCCTAATC,463
AAAACGGATTCTTTAA,462
AAGACTGATAAACAGC,462
AAGCTAGAAGGGACCG,462
AATACGAGAAATTAAT,462
ATAACCCATCCTACAG,462
GAGACAAAGTAAATTC,462
GAGAGTAAATGACACA,462
GGAAATCACCTAGGAA,462
AAGTAAAGTTTTTTAC,461
AATAAGATATTCTAAA,461
ACCGGCTATAACGACA,461
AGTAACATTAACGTTA,461
CTTCATTGGCGGGCCA,461
GATTTTAGTAAACAAT,461
GCACTTGCAGCTGGGA,461
GGCACTATGGTGAGAA,461
GTTCTTTAACAATACC,461
TACGGAACGTAATAGA,461
TAGTCATAATGTAACG,461
TCGAAAACAAAATTAA,461
AAAAGTGATCGACTCG,460
AACAGTTGAAACATGA,460
CTAAAAACCTAATAAA,460
CTGAGATTCCCCGATT,460
GGCCACAGAACTGAGC,460
TAAACCCCGTTAATCA,460
TGATGACATGGCACTA,460
AACACCCCTGGGGATT,459
ACCATCAGGCTTTGGT,459
GTCAAGAGCGTTACTT,459
TATGCTATTCCACACA,459
TCAAAATGCGACAAAT,459
ACAATGATGGTAATAT,458
ACGAGCAAAACTTAAA,458
AGGCTATCCAAAGCGA,458
CTATTATCGTGCATCT,458
TAGGACAATTAGATCT,458
TCAACTGCCACTCTCC,458
TTGAATAATCGTGTTA,458
AGAGTCGACGGCGATT,457
AGCCGCAGTTGCTACG,457
CAACATATATGGACAT,457
CACAAACCAAAATTAA,457
CCCCCACTGACCCATA,457
CCTTGCTGACGAGACC,457
GGAAAAAAGAACACAG,457
ATTACGCATAACAGCA,456
CAAAAGACCTGAAGGT,456
CTATAATGGGACGCAA,456
GATGAACAACATAGAG,456
GCATATTCCCAACACT,456
GTAATTAATGAAGTTT,456
GTTTTACTCAATTACA,456
TCGATGTACACAAACA,456
TTACGGGCCATCAATC,456
TTGAAACATACTAACA,456
AAACCACAACCAAACA,455
AATGATGCTGCTGGAT,455
AGCTCCCAAAATAAAT,455
ATCCGTAAGTTACGTC,455
ATGCGTGCTTTGTGTG,455
CACTCTAGAAAACTAT,455
CCCTACCCAATCATGT,455
GGTATAGTTTACTCAT,455
GTCTCAAGTCGCAAAG,455
TCAACAATTGTCTATG,455
TTAACCTCATGGCCCA,455
AATATTGATCCGGTAG,454
ATTTAGACATATATTT,454
CGAAAACCTATGATAT,454
GGACGGTAAATGAGCC,454
TATAACTAAAAATAGG,454
TATCACAGTTACTGAA,454
TGACGGGCTTGATTTA,454
AAACCTGACTTCAGAC,453
ACACACTGATATACCA,453
AGCGTATACTACCGGC,453
CTAGAAAAAAGCGTGA,453
CTTGTCCTAGGCACAA,453
TAGCAGACATAGTTAA,453
TCCTAATAATTCGGCT,453
TGACATAAATTAGTAT,453
TTAAACTAAACTAAAA,453
CACAGTCTGAAAAACC,452
CCCCCTGTGAGCGGTA,452
GTTGAATTTTGGAGAA,452
AAAATACTGAAACAAA,451
AACACCCGCATCTTGT,451
AACCGCCCCGTAGCTC,451
CAAATAAAGACCACTG,451
TTGTATGCTACAATGC,451
AAATAAATATAATAAA,450
AACCCCCTTGCTTGAG,450
ACAATGATTGTCTTCC,450
ACTCTTTTAGCTAATA,450
GAAAATTCCAACAAAG,450
GCATATTGGATCATGT,450
CTCCAAATTCATTGCC,449
CTGGTGAAGCTTAAAA,449
GACGTAGCAGAAGCAC,449
GGACTCCCAACATTTC,449
GGATTTTAAAAGTAAT,449
AAACTTTAGGCAGGAC,448
GCGAATCGACCCAGTG,448
GGGGATACCAATACCG,448
GTTCTTTTTAAACCAC,448
TAAACTACTAACATCC,448
TATAAACTCTAGATAA,448
TTATCCGGGTTATGAG,448
ACAATCGTAGAGACCA,447
CGGTATACTCATCCTC,447
GACAGGGCCTGTCATC,447
GTTTTTATCCAAAGTA,447
TACTAAGTTATTTGAA,447
AATTAATATTGTAGAC,446
ATTACCACCAAACTTT,446
CATCACCATATAGACC,446
GACACCGCGGAGACAC,446
GGTGAAGACAAAACTG,446
TATATTAGATCAATTT,446
AAAAACTGACCAACGA,445
CAACGGGCGCTTGGAC,445
CCCACACAACTAGACA,445
CGGAACTAGACGATTG,445
CGTATTAAATCAGAAG,445
GAATAGAGGAAGGACA,445
TACGGCACCGAATACA,445
TTATATTGTGAACGTT,445
ATTAACTAATATAAAT,444
CAGGTGAATATATACC,444
TCTACGGACCTACCGG,444
TGAATAACAGTTAAGA,444
TTAGCAAATTTCAAAT,444
AAAGAAAAAAGGAATA,443
ACTTATCTAGAAACCG,443
GGTCGAGAATCTGGAC,443
TTTAAATGAAAAAGGT,443
ACCCATGTAGAAAAGA,442
ATCAGTCACATACGAT,442
GTAATCTTTCGCCAAC,442
TCATGCACCAACTAGT,442
TCCCAATCCCAATTGA,442
TCGCATACTCATGCAA,442
TGATATGTTTACAGTA,442
TGGAGCCCGAAACGTC,442
TGTAATACGTTTACAT,442
AGTATAAAATTAACCC,441
CCATCGACTTACCCGC,441
CTTACTTATTAACAAA,441
GGTATAACGTCAGGAG,441
TTAAACATCCACATAG,441
ATTTATAATAGTCAAC,440
TTAGTTGTTCTAGTTA,440
AAAATGAACACAACAT,439
ACAGGTCTTCCGGCCG,439
CAAATGGATGAACCCA,439
GTCTAGTTCATACATA,439
TGCCTCTGGATACTAA,439
TGCTACCCCTAAAACT,439
ACATTATAGTGTGACA,438
GAGGCTGAGGACCGAT,438
GTATTATCATAAGTTT,438
TCATGTAGAAGACGTA,438
TGATCGTGCAATTCAA,438
TGGCCTGAAATGACAG,438
CCGCGCCATCAAGCGG,437
TGAAATACTATGGGCT,437
TTCGCATGATCTAAGT,437
AAATAAAAACTCATAA,436
AACGTATTTCTGTAAT,436
GTAAGGCTAAGTCTCA,436
TATTTAAACGCAAAGT,436
TCAAATATAATTCGAG,436
TCTAACCTACGTGAGA,436
TTCCTGGCCTCCTCAA,436
GACTCCACTCAAGAAA,435
TGAAGTGAGTGCTGTC,435
TGACCAATTATGAAAG,435
ACAACACCAATTAAAT,434
ACGATCTAGCATTATT,434
ACGTTGGAAACTACCA,434
ACTTTCTCGCCCATAG,434
AGTTCTAGTCTTAAAA,434
TTAGATGGGCGTTGGG,434
AAAAAGAGAGACAAAA,433
AAAACGCTAAAAACAG,433
AAACCGCATTGACCTA,433
AAATTTAGAATAACTG,433
CAACTTATGTGTATTG,433
CCCGCAACACTAAGAT,433
CTACCCGATATACGAA,433
GAAACTGAAACGAGAA,433
GTAATTAGATAAATGG,433
TAGTACAGTTTCCACG,433
TGCAATTACATTATTA,433
TTCACAAGTTATTCTA,433
AATGACTCCCAAACAA,432
AGGGTGCCAAATCCAA,432
ATCTGTAATAAAACTT,432
CAGGGCCGACCTGTGC,432
CCCACATAGCACACGG,432
CCTACTAATTAATGAA,432
GTAGTTCACTAATTGA,432
GTTGTGTCCGCTGAAA,432
TACCCCTTGATAATCA,432
AGTATATATTCTTACT,431
CATTACCGTTCAGTTG,431
CTGTGACACAAAGGAT,431
ACGAACATTTACAATA,430
CTAGTACCTACAGTGG,430
TAATAAATAATCCAAG,430
TACAGACTTACTAAGC,430
TAGAAATACAGGGAAC,430
TATAAAGACATAGTTC,430
ACAGCAATGTGATTAC,429
AGGGTAAACCAAAACT,429
TGCCACCCTTCATCAG,429
TGGGTATCGAGAGATG,429
AAGAAATTAGTCCACT,428
ACAATCGGTACCAGCT,428
ACCGAAAATCATAATC,428
ATCGGCAGGAATGACC,428
CACATGTCATTACACC,428
GCACTAACCAATTACT,428
TCGGATAGATGAGAAT,428
TTCCGCCACACTCATA,428
AAAGTTTTTATCTACT,427
CAAGTGAAGTGTAAAA,427
CATAGAACATACGAAT,427
GGTTTTCTTAAACTGT,427
GTCCCTGCATCATAGA,427
TCATCGTCTATCCTAA,427
TGGCATACGAACCTCG,427
AAAAAAAATAAAAAAA,426
AACTTAGAGATTCGAT,426
ATATCGCTTCTTAACA,426
ATCATCTGGGACGTCA,426
GGACCCTTTTCGTCCA,426
TGACGATAATCGATCT,426
TTGAGCTTTCGGGAGC,426
ACAAGGTTATTTGTAA,425
ACACGTTTAAAGCACA,425
AGCTAAGTCCGTCCGA,425
AGTCGTAAATCTAATA,425
ATAAAGTGATTTGCAA,425
CTGTAATGCCCCTAAA,425
GCCGCTCTCGGCCCTC,425
TAAGTCCTGCCCTGTG,425
TATGGTAAAAGTCTTT,425
TGGGTACTTTACCTAA,425
TTTCCTCATCTGACAT,425
ATACAATACTCTTCCC,424
CATAGGATAATTAGTG,424
CATTCTTAGTCAGAAG,424
CCTAGTTCAACGGGGA,424
GACAGAATCGGACTAT,424
TAGATAGATTGAACAC,424
TGGAAAGCTTTATAAT,424
TGGGTGGACCTTAAAA,424
AATTATATTCCAGGAA,423
AATTATTCCTACTTAC,423
ACATAATCCATCTCTA,423
ACCACAAAGTGACCTG,423
GTCAAGTATGTAGGTA,423
TTAAAGGGGGACGCAA,423
TTTCGATCAAATAACT,423
AAAGCAAAGTGGACAG,422
AAATATTTTGGACACC,422
ATATGACGGTAACTCT,422
ATCTAAACAAAGCCCG,422
CCAGTCTAACTCGATA,422
CGATCTGAAAACTCTC,422
GAAACAAGGTAAAACG,422
GAGTGATAATGAGCTG,422
GTTAATGAAACTATAG,422
TCGGTAAGATAGAAAC,422
ACATAAGTCCGTCCTA,421
ATTATATATGGATAGC,421
ATTTCGGACAGGAATC,421
CACGTAGGCTGCTACA,421
CGGCGCATCGCGGTAC,421
CTTAAAAACATAATCA,421
GCACCACGAAATTCAA,421
GGCCGGGTAACAAAAA,421
TCGAATCGGGCGGAAT,421
TTATCTTTATTATCGT,421
ATTATTAAATGTACAA,420
ATTCGGCAATGAGTAA,420
CAATATTAATTAATCA,420
CACACTGCTCGTAAAT,420
CCTAGCGCATGCCGCT,420
CCTCAGCGGCACCCGT,420
CTCTGGCTACAATGGT,420
GGAAGAAGAATCGGCA,420
GGAGTAGAACAAAATA,420
TATAAGTACGAGAGGA,420
TCAAAAGAAACACTCG,420
CCGCTGACCCGGTCAA,419
ACACTGGCCTATCTAC,418
ACTCCGATTGAGAAAG,418
AGCCCCAGACCTAAGG,418
TGCTCGGTATTGACAA,418
AAAGCTGTATAGTGGA,417
GGCTGAGATATTGTGG,417
TATAAACTAGCAGAAA,417
AAGCTAGAAATTGAAC,416
CAATCGTAGTTAGCGA,416
CCGTACCACATGAGAC,416
CGCAGCTAACGGCGCA,416
GCGCTATTAACAGACT,416
GTTTAACCTCACTGGC,416
ATAAAATGAGCTCTGG,415
ATAATACAAATTACAC,415
ATCACAGCAGGATCCG,415
CCACTCTAGTCCACCC,415
GCAGTGACCCAATGAT,415
TACATAGCGTCTAAAT,415
TTATGATACTTAAAGT,415
AAATGTTACTTGCTTT,414
TGATCTTTAGGGATCA,414
CAATAAAGGCACCGCG,413
CCGCAATATTAGCATT,413
CTAGTAGAGCATATTG,413
GGAAAATAGCACACCT,413
TAAAACCACAATGCAT,413
TAATAAGCGTTCGATC,413
AAAATTCATTCTGGGC,412
CAGAACACGCGGCGAG,412
CCAATGACTTTAACAA,412
GAGGTCGAATTACACG,412
TTAAAACTAACAAACT,412
TTTAACTTACTTCAAC,412
AATGTTGTCATCTAGA,411
GAAGATAACCTCAGCA,411
TCCATCAACTTTAACT,411
TGATTCTGAATGTCAA,411
TGCCGCAACGTCAGAC,411
TTATACTACGGCTAAC,411
AATGTATAATCGGAGT,410
ACCGAGGTTGTAGTGA,410
ACGGAAGGACTGTTTT,410
ACGTAGTATTTCACAG,410
ATTAACCTGAAGAGGC,410
ATTCAAAGTAAGGTGA,410
CAGTTGCAAAAAGCAA,410
CTAGCCCACTTAGAAG,410
GAATAAAGAAATGTAT,410
TAATCTAAAGTACCAT,410
TAGCCTCTCATTAACA,410
TATGTCCAACAACCCA,410
TCTCAGTAAGATATCA,410
TCTCTAAAATCTGTAA,410
AGATGTACTTCAGGCT,409
ATAGCCCTCAGACCCA,409
CCCCCACGTTACCATT,409
CGTCCTGGATAAACGA,409
CTTGAAATAGGTAACG,409
GCACTTCTAAAAAAGC,409
TGCGCCGAACGATGAA,409
AATATAAAATTCTCCA,408
ATAAGGCTAACCAGAA,408
GTCCTCTGTGAACATA,408
TAACAAGAGCGAGGAA,408
TCTGTATGTAACCCAC,408
TTAACACCTAAACTTC,408
AAAACAATTGCCTCGG,407
AAGCAGCGAATTGGTA,407
AGGAATAAGTGGCTGA,407
ATCAAGGTATAATACA,407
CAACTGCTGAGTAAAG,407
CAGTCAGACCAGACGT,407
GCGAATCATATCGTTC,407
TGATCTAATCAGGGGC,407
TTCCATAAACTAAAGT,407
AGGTAGCTTTGGAGCT,406
CATAACCCAAATGATA,406
CGAACCATTTGGCAAC,406
GCCCATTTAAACTAGG,406
GTAGGCATCGACCACC,406
TAAACATCTACTTGAA,406
TAATCAGTAACAATAT,406
TCCACCGCCATTCATG,406
TGGAGACACACGAAGA,406
TTTGGGCGACACATAC,406
AAGAAACCAAAGAGAT,405
AAGAAATAAAGTCAGA,405
AGCGGAATTCCTTGAC,405
ATAAGAAAGTTCAAGG,405
ATATAAAATTACAAAC,405
ATCCTTTGTTGACACT,405
CCAATCTACCCACAAA,405
CGACTTATGCCTTTGA,405
GCCAATCCTGCGATAG,405
GGTGCACAGACTGCAG,405
TAACTACGCCACAAAA,405
TACTCCTACAATGATC,405
TATAATAACTTTTGGT,405
TCCATATGGTTACAAG,405
AACACAACGGAGAACA,404
ACCATGTCTAATAACA,404
ACTAGTATATAATAGC,404
ATCCATAGACTGTCCT,404
CACACGAACGATGAGT,404
CATCTCACCCCAAGAA,404
CCAACGATTTTATTCC,404
CTTTCAGACTACATCA,404
TATCGATTATGATCTA,404
ATTAATTTATAAAAAA,403
CACACTGTAATTAGCA,403
CATATATTGCTTGGCC,403
CTGTGTCCGCACTTGG,403
GAGTTATGACGTCCGT,403
ACCACAAAAAAGAACA,402
AGCAATACATTAAAAT,402
AGTGAATAACGAGTGG,402
CAAGTTCAGCACCTTA,402
CAGGCAAGCAGCAGGA,402
GCGCATCAATCCTAGT,402
GTAGGACACCCGAGTA,402
TAAACTAAACTACAGC,402
TAGCGATAAGTAAGGC,402
TATCATGCATAATACG,402
AACACGACGTCATTTT,401
ACTCCAACAAGACTTG,401
AGTTGCTCAAAGATAA,401
ATGGACTGGCTACTTA,401
CAGAAAAAGCAGGTAT,401
CCATTGCCACTTGTTC,401
CCCTAAATTCTCAATG,401
CGCATACGAGTACAGT,401
AATAGACGCTAGGACA,400
GAAAAATCCGCACAAG,400
GCCCATAACACGCCCA,400
AACGTAATAATCAGTT,399
AGCAAATCCGAGTACA,399
ATCCTTATAAAAAGAA,399
ATTTATTAGATCTCCT,399
CAAAAATCCGACATGT,399
CAAGGAATAACTCCGA,399
CAGCACACTTGGCGCA,399
GAAGTATGGATTTTCT,399
GACAAGCATACAAACG,399
GCATGACATTTGCCAA,399
GCCACAACTCTATAAA,399
TAACCACACAATAGCG,399
TAGGTGCAATTGATCG,399
TCAGACACTTAATTGC,399
AAAATATGCCCTTTTA,398
AGGACTTCCCATTCAC,398
ATCGAGGATCCTCGTG,398
ATCTCAACAATATACA,398
GAACAGAGAAAAATTT,398
GCGAATACACTTGCCA,398
TACACGGATGAAACGC,398
TCCCACCAACTAACTG,398
TCCGTACCTCGGCAAT,398
TTAAGGTTCCAAAACA,398
AAAGAAGTATACACAG,397
AACCAATGCCCCAACC,397
AACCTAGCATGATAAT,397
ATAGGAGTAGCATAAA,397
CTAGTGATAAACAGCG,397
CTTGGAGCGATGCCAT,397
GAAAAGTTTTGTGCAC,397
GTGTGCACTGGTTTCG,397
TAAGTCAAGTATCTGT,397
TCCGCATATACGTAAC,397
TTAATCCTACATCGGA,397
TTCCAAGACCTAGCTA,397
AATACGAATTCACCTT,396
ACCATAGCCCCGCCTA,396
ACTAATCTCGATACAC,396
CGAGAACTAAGATCAT,396
CGGCGTCAAAGCACTG,396
GAGCGGTCTCAGTTAA,396
GCGTGGAGTTAACATT,396
TGTAGCCCTACTTTAA,396
AACATCTCTCCGCATG,395
ACGATAATGAGCTTAG,395
ACTCGCAGTCGTACCA,395
ATTGAGTAGCGGGAGA,395
CCAGCACATCTGCGGG,395
CTATAAAAAGGGGGCC,395
GAACAAGGCAGGTTAT,395
GAATGTGCTAACAGTG,395
TCGGAAAAACATCTTT,395
TTAGCGTAAAAACTTA,395
AACACCAAATTACGCA,394
AATCTCCAGAAAGTTA,394
AATTGATGCGCTATCT,394
ACATGAGGCTTCATAT,394
ACCGTTGCTAGTACAA,394
AGCTAATAATATACAC,394
CGATAAGTAAACTAAA,394
AAACGAAGTCACACAA,393
AACAATTAGTAAGAAA,393
ATAATGTGTAACTGAT,393
CATAGAGCATGTTACA,393
CCGCCCCATCATTCTC,393
CGCTTACACCTCGGAC,393
CTACCGGCCTATTTGC,393
TCTTCGAACATCAAAT,393
TTCAAAACCATCTCAA,393
AATCTGAATTAGGAAG,392
ACGTTAAGCCGCAAAG,392
AGATAAAATGACATAG,392
AGGGTGAATGCGGAAA,392
CAATACGTAAACAAGT,392
CGAGGAGGTAATTACA,392
GACATAACCTACCGGA,392
TACACTACAGAAACGC,392
TCTGAGTCGGCCCAGG,392
TGGATATGTGAGCGGA,392
AATGGTGAACAAAGAA,391
ACTAAGAATTGAAATT,391
ATGTGAAGACAAGCAA,391
CACAGTGCAACAGCTA,391
CAGCGTGACCCATAAT,391
CCTGACTTAAGCCTAA,391
CGTAGATTCCTATAAC,391
CTAGGACACCCGTGAG,391
CTTGCGAGACTTCTTC,391
GCACTATAGAGATCTG,391
GCCCAGGTGTGCACGA,391
GGCCGATATGCTGCAA,391
GTTTTTCCTATAATCA,391
TAACACAACCGCCAGT,391
TCGGCTCAATCAGCTG,391
TTAACAACTACGTTCA,391
AAAAGACGGCAAACGT,390
AAGCGTAGCAAATGTT,390
AATTAAAGGAGCAGGG,390
AGTTAAAATTATGAAA,390
ATATTAATCAGTAACA,390
ATTACTGTCTGATATT,390
CCCTGAGAAAATATCT,390
CGGGACACATAAATGT,390
CTTGCACATACAGTTC,390
GAGTACCGCATCTGCC,390
GGTTTGGGATTATGAA,390
GTTTGTCCCGATTCCG,390
TCCCGTCGGGGCGATC,390
AAAAAGAGGAAAACGC,389
AACTGTTCAACAATCT,389
ACTCGATCTCGCCTCT,389
ATAACAATCGCATACC,389
ATATCGGATCCTAGGG,389
CCGGACCTCACGTATT,389
CCTTAGCAATATGCCC,389
CGGAGTTTCCCCATGT,389
GGCAACGAATGACCCC,389
GGTGCAGGCTGATATG,389
GTAAAACGAAACATTT,389
TAAATTATGAAACATA,389
TAACTTCGAGATGGGC,389
TCTGTTTAAAGGATTG,389
TGAGTAGACGCACTAC,389
AAAAAAGCATGGTGAC,388
AAGGATCCAGTTCCAA,388
ATCAGGAGTACTGGCC,388
CAAGCACAAGCGCAAC,388
CAGCGTTTAGTCCGAC,388
CATTGCGGATAACACT,388
CCCAGTCTGAATCGAG,388
CCGTGATAATTACAGA,388
CTCAAAATCACCGTAC,388
TGAGGAACCGCAACCA,388
TGCACTAACTATTAGT,388
TTGTTGAATAGCAGAG,388
AAAAGTTATGCACATC,387
AACAACCTCATTGATG,387
ACCGTTCATCTGAGTA,387
AGAGATCATTTAGTAA,387
AGGGCAATTAAAAAGA,387
ATTGACTGCAACATAA,387
ATTTCCAAGATAAAAA,387
CATCCTGGTTGTGCGA,387
CCACTCTACACTCAGA,387
CTAACACCAATGGCCC,387
CTCACGTAAAACCTCT,387
CTTTTGGGCAATAACG,387
GAAATTCAAATTGAGG,387
GCTGTGATGCGAAGAC,387
TAATATGATAATAATT,387
TAGGAAATAATATAAA,387
TATTCGAACCTATTTA,387
TCCAAGGCGTGTTGAT,387
TTCGCTGATTGTCAGA,387
ACTCAGCCTATTATAG,386
ACTGGGTTAAAGACTA,386
AGCAGAAGCTAAACGC,386
AGCTATATGGAGGATA,386
AGTCTATTGCTCAGGT,386
ATTATCCCGGACCCAC,386
CAACGAAGCATCCGCT,386
CATTCCCTGTATAACC,386
CCCGTGATAAGGCTTG,386
CGAGACTAAGCTATTA,386
CTAATGAAAAAAATTA,386
TAGCGAAAAGATTCAT,386
TCTGAGGATAGGCAAA,386
TTACGCGAATAATAAA,386
TTGACACTAAGATAAG,386
TTGCCGCCGGCCACTA,386
AAATACAAATTACCTA,385
ATAACGCTATGCCTCG,385
ATATACGGAGAAACAA,385
CCTGTGTGAGGCAGGC,385
CTAACTTTGCGCATAC,385
GACGCCGACAACCATT,385
GCGACCAACCATAGAT,385
GCTGGATACCCCGCTC,385
GGACACGAACTATAAC,385
GTTTCGTATGTACTTA,385
TAAAGCCAATCTCAAA,385
TCAAGTAATAATGATT,385
TCATCCAATCGATCTA,385
TCTCCATTCAAAACAC,385
TGCTTTGATCGAGCTA,385
TTACAATACCGACACC,385
TTCGGGTCCGATGGAC,385
TTGGTACAACCCGTAG,385
AAAACTTGAACACCGA,384
AATAACCACGGATAAA,384
ACAGAATCTCGCGGCA,384
ACGAAGCAACCTGACT,384
ACTAGCGCGCACAAAG,384
AGACAGAAAATACGTC,384
ATGGAGACTTCTACCG,384
CAAATTCTGTATAGAA,384
CATGGGTTGCCAGACC,384
CGAAAACATCACTTGC,384
CGCCAGTTGAGTCACG,384
CTATACGCTCGTCAAG,384
CTCCGTACTATAACAT,384
GCAAACGTGTGAATAT,384
GCAGAACGGTTAAAAA,384
GTTCAGTAAGTCGTCA,384
AGGAACAAATAGCCGA,383
ATAACACTAAGCAACT,383
ATCCACTTCATCACCA,383
CTACCACTATGTACCA,383
GTTGATAAAATCAGCC,383
AACATCTAAAAAGACT,382
AATCTGCGTACTTAGA,382
AGCTAGAAGACCTATG,382
AGTAGAAGACCTTAAA,382
ATACGAAATAGACAAA,382
CAAAGAACAGTTCAAA,382
CCTAGCGCGCTAGACC,382
CGACAAGAAAAGGAAC,382
CGTCATGGATTAAGAT,382
GGGACGGGACACGAAA,382
TCAGACTTGGGTACGA,382
TGACAGGAGCTGTCCG,382
AAGCAAGAGTACTTAT,381
AAGTATCTATGCCAAA,381
AGATTCGAAGATTAGT,381
AGCCGAATTAAGGAGA,381
AGTGCCTCTTTGCAGT,381
ATAATCCTGTTCCCGG,381
ATACCACGTAACCTAA,381
CAAATAAATAGCCCAG,381
CAAGTTTCCCGCCTGC,381
CCCGGCGATGCCTGGA,381
CCCTTACACAAATCAA,381
GATAACAAGCATCAGA,381
TAATTCAAAACCGAAA,381
TACATGCCGAATAAAT,381
TCTACACCACCAAACA,381
TTGCCGAATGTAGTAC,381
AAATGCTCACCCAAAT,380
AATAAAATAGCCCACT,380
AATCGTGCAACGAAGA,380
ACAGCCAGAGCATAAG,380
AGAAACGACTACTGAG,380
AGCAAAAGGAAAAATT,380
ATTACGACTGTAAGAG,380
ATTGAGGCCCCCGGAG,380
CATGTCCACTCATACG,380
CTTGAAGACCCAGACA,380
GTAATGATACCAACAA,380
GTGAAGCGTTTTTAGA,380
AAATCTGTCAATCTCT,379
AATTACGAGTACAGGC,379
AATTCACATAGTAATA,379
ACTTATTTAGCTTCAG,379
AGAAGCCTAGACTCCG,379
AGCATTTGTAAATACG,379
AGGACGGGCAAACTTA,379
AGGTAAGGCCAAATTT,379
ATAAGCGCAGTATTTT,379
ATTACGACCAAACCCG,379
ATTGGCCCAATATCCC,379
CGCCAAGGCCAGATGG,379
CGCCAGCAAATATCCC,379
GCTTATACCTCCAACC,379
TAAACGTAACGATTCA,379
TAGCCCCAAAATAGGG,379
TAGTCATTGCTTAACC,379
TGCCGCCCTGAACCCG,379
TGTCACATAGGAAACC,379
AACTCCCAAGTAAGAG,378
ACCTTGAAGGCCAGAT,378
ACGACACCTAATACAA,378
ACTATGCACCCAAGAC,378
AGAGTACGTACATCCC,378
AGGTCCCACAATAACG,378
AGTTACCCTGATCTCA,378
CCATACCAAACAGCAA,378
CGAATTACAGACGACG,378
GCAGGACCTGGCCTAT,378
GCCGATCTTCACACAC,378
GGGCGACCCGCCAAGT,378
TAAAGGCCGTGCCGTA,378
TACGACCTACATTCAT,378
ACGCCTAGACGTACAC,377
ACTAAGTCACCTTCTG,377
ATTCTTACCAATTTGA,377
CCCTCACCATGAAGTT,377
CGATCAAATGTACCAG,377
GACAACCCTCTCATGC,377
TAGGCAGACAACAAGC,377
TTAATAGCAGACAGAA,377
TTCAGCTGCCAGGGTC,377
ATAGCATTCAAGGAAG,376
ATGCATACCCCTACAA,376
CGAATATAACATCGTT,376
CGATGTCGGTATCCCC,376
GGAGATTGGTAGGAAA,376
GGTCAGAGCGGGAATC,376
TACAACCTTTATACTA,376
TACCTATTAAAGGTTT,376
TCCGTCCAGAAAAACC,376
TCTATGGTTTGAGTGC,376
TGCCAACTAGAGATAC,376
AACTTATAAAAAAAAG,375
ACGAATGACCAAAAGT,375
ACGGGTAACAGACCTA,375
AGATCGTAACTAAGGG,375
AGGCAAAATGAAACAA,375
ATAATAATTATCAATA,375
ATATGAGCACTGTCAA,375
ATCTAGGCCCATCAAG,375
CGGCCCACTGTTATAA,375
CTACAAGGCTACACGT,375
CTGTTCGAATAAATGC,375
GCAAACAAGAATACTC,375
GCATAGCCTAAAGCAA,375
GGACAGTGAGGTTATT,375
TAATATTCAAAGGTCG,375
TTAGTTCGAAATTCCG,375
TTTATGTATGCTAACA,375
AATAGCTGCCGGGGAC,374
ACTACAGTACTAAGGT,374
AGCATAAAGGAAGACT,374
AGTTAACCGAGATTGT,374
CCCCTGAGGTAGGGCC,374
CCGACAATAGGATGAT,374
CTACCCCTGACTAGCC,374
TAACTAACTAAAACAG,374
TAACTACGGCCTAATA,374
TCGAACAAAAAAAAAT,374
TGATGAACGCTGTACA,374
AAGCCAGACAATTAAA,373
ACACGAATAAATGAGC,373
ACATTAATATAGAAAT,373
CCCAAAATGTAAGGAT,373
CCGGGGCCCTGTCCAT,373
CTTTAGAAATATCGGA,373
GGAGGTTGTTAAACTT,373
TCTTGACTATCGGGTT,373
AAGTTCCAACCTACAA,372
ATCGATAAGAAAAACA,372
ATGCCTATTGAGGAAT,372
CAATAGTGCAGCTTAC,372
CGAGAAAGGTACAAAA,372
GGGATCATCCTAAAAT,372
AAATCGGAAATTGAAT,371
AACGACGAGAGAAACC,371
AGATGCATTTAAGGGT,371
AGTTGTTTCAAAGGAT,371
CAAAATTAAATAGCTA,371
GATTCACTATAACCAA,371
GCCCAGAAAGCCTAAG,371
TAAAACGCGCACTGCG,371
TATTAATATAACATAG,371
TCCGAACACGCTGTTA,371
TTCGTGCTTCGGACGC,371
ACCCTTCCACCCGGAT,370
ATGAGTTAATGGGAAC,370
ATTAACATGTTTAAGT,370
ATTAGAGAGCTATTTT,370
ATTGGTGAAAGGAATA,370
CACCTCATATCCTGCA,370
CAGTAGCTTCCATAGC,370
CCACGCTGCATAAATA,370
CGAATGAACAGCGACT,370
CTGAAGATAATAAAAA,370
GGGTCCAGACTACTTA,370
GTGTCTACACGCATTC,370
TAACAAAGCCATACAC,370
TACGTCAAACTATAAA,370
AAAAGATTGCGGAAGA,369
AATGAATTCAAACATG,369
AGAGCAATTTAAATTC,369
AGTCCTAAACTAAAAC,369
CATCTAAGAAATCGCG,369
CCACCAATTTTAATCA,369
CCCAAGAACTACAACA,369
CGAGGTGAAATATAGG,369
CTGGACAATCAATTCT,369
GAATGAGCTTTATGGA,369
GCTAATATCATGAATG,369
GGGGAGTAAATTGATC,369
GTAATATCAGCCCCTG,369
TAAATTAAGCCCAACA,369
TCCTGCGGACCATACC,369
TCTAAATTGAATATGA,369
TGATCCCGTGAATCGG,369
AAACACATTCTAGAAA,368
AAGTAAACAGAAGACT,368
AATTGGCTAAGCATCA,368
AGCTATTAGTGCATGC,368
CATGTACGTTAAAATA,368
CCAAACCTAACTATGA,368
CCCTGCATTGCTGACA,368
CGTACAACCCTAGTCA,368
CTCCGTCTAATGCGGG,368
CTGTCCACTAAAATCT,368
GAATGAAATTGCTGCA,368
TAATAAACGTGCCGTC,368
TATGCTTACACCGAGA,368
TCTTATACATCCAAGG,368
TCTTCACCACGGTCCC,368
TTGAGACAAGGTGAAA,368
TTGAGATGAGGAAAAA,368
AAACTCTGTGATCAGA,367
AACAGAGTGTATATCA,367
AACCATTATATGACAA,367
ACATCTCAACCATAGT,367
ACGGTGAACACTACAA,367
ATACCGACCGAAGAAG,367
ATCCTAGAAGTTGGTA,367
CACAATCATCATAAGC,367
CGGATCGCACACCAAA,367
GAGAAGGTACTCCTAA,367
GATACGGCCAAGCATT,367
GCATGCCAAGCCCGTT,367
GCGTGATTTTCTAGTC,367
GGCCAATCGTGGTGTA,367
TTAAAAGTGAGATCTC,367
TTGAATCGACTCCTGG,367
AACTGATCAATGTCTG,366
AATCAATCATTACAAA,366
AGACCCGGAGCATACG,366
AGTTATGTCAACAAAC,366
ATAATCATCCATGAGA,366
ATTAAACTATGACAAC,366
GACTAATAGCAATGCT,366
GCCATCAAATCGCCAA,366
GGAACCATACTTTGAG,366
GGGAACGAATCTCGTA,366
GTATCTATACGCACAT,366
GTTGCCGTGAATTCCC,366
TGGATAAGCCTATTCA,366
TTAAAACACTGAAACG,366
TTCTAACATAACTTCG,366
TTCTGGCTCACTACGC,366
TTTATCTCTATATATT,366
AACGTTTATGCAGCGC,365
ACGGCAAGCTTAACTA,365
CAATATAATAACAGTC,365
CATACTAAGAAGGTAG,365
CATTGAGAACCCTGCT,365
CGAAGACGATCCGTAT,365
GACACACCAGCCTAAC,365
GGACTGCGATACTTCG,365
TATTGCCACCACAACA,365
TGAGCGCGATTCCAAG,365
TGGTAGACAGCAATTG,365
AAAAGCCCATATGCGA,364
AATGCCGTGATACGAA,364
ACCGGACGATCAAAAA,364
ACGTAATCCTAGAGCG,364
AGACGACGCAAAAATA,364
CCGTTCCCGAGAATGT,364
CGACACTTGCGCAGTA,364
CGTCTACCATTGACTG,364
GAAGTCCATCTCGACC,364
GACAATAAAGAAGTAA,364
GATGTAACCCTATTAA,364
GCGTCACTTTTGGCCA,364
TATCCATACTGTGGAG,364
TGCAATATTTAACTAC,364
TTCCAACATGCATTTA,364
AAAAAGCCTACGGAAT,363
AAGCAAATAAATTAAG,363
AATCAAATTGTAAAAA,363
ACGCGGATTGTATGAT,363
AGGTATGCCGTAAAAA,363
ATACATCTGAAAAAAC,363
ATGGTAATGGCAACGG,363
CCTTAATATAAAACAC,363
CTAAAACGACCTATAG,363
CTAAAAGCACAGTTAC,363
GAATATGAGGTACACT,363
GATGGGAGTCTAATAG,363
TAAAAGCCTAAACTGT,363
TAAGAAGAACCAAGTA,363
TAATTACGATCGTTCA,363
TACACTGTGAACAAAG,363
TACTCCGTAGTACAGA,363
TCTGTTGAATAAAAAT,363
TGCTAAAGCACACGAT,363
TGGTTCTAGACCCACA,363
AAAATAGGGCCATCCT,362
AACCTAGAATTAGACG,362
ACTAGACTCCGATTTA,362
AGAAACTTAGACTTTG,362
AGAAAGAAACACCATG,362
AGCAACTGCGAGTAAT,362
AGTGTTATATCCTATA,362
ATGTACGAATACAACA,362
ATTTAAGAACAAAAAA,362
CAAGCAACCACGAGAA,362
CAATTGGACGAAGCAA,362
CCAACCGCAGTTTGCC,362
CCAGCTGCAATTTAAA,362
CTTGCGCGTTCATAGC,362
GCATCAAACATCTTAC,362
TACGATAATAAAGAAG,362
AAGAATCCCAGTAGCG,361
ACCCTACAAACAACTA,361
ATCTAACTAAAAAACG,361
ATTAGACATTAAAACA,361
CCAATGTATAAACCAT,361
CTTTCAAGATCCGTTA,361
GAGCACGAAAAATACG,361
GCCCCCATAACAAGTA,361
GGTTGATGGCCAATAT,361
TAGGCGCAAGAGCATT,361
TATCCCTAGCAAGTAT,361
TCATACATAGTACCGC,361
TGTAAAAACCAAATCT,361
ACAACACGCATTTATA,360
ACCAAAACTCAGATCA,360
ATCGCAGACTAACCCT,360
CCAAATTCCTTAAATT,360
CCTAACTAAAATCACT,360
GCCGTAACCTTATAAA,360
GCTCATCCCCTGTACT,360
GGATCATTACGCCTTG,360
GGATGTACAGCCTAAT,360
GGTGGCAATATTCTCA,360
GTCAGTGTTCAACCTC,360
TCACGGAGAATTTTGC,360
TGATTAAAGCGAATTA,360
TGATTAACGAGGGACA,360
TGTCGTCTTGTAAACC,360
AAGACAGATTGTGTTA,359
ACGATAACAAATCATT,359
AGGGTCTGTCAATGTC,359
AGGTGTGCCACTCTAA,359
ATCTAATCACAGTGCA,359
ATGGAGTCAAAAGTAA,359
CAAACTCAATAGCACG,359
CAATGGAGCGCTCCTA,359
CACAAGCTACTCACTA,359
CATGGCGTGAGACAGT,359
CCCGGGTGTTCTAACC,359
CTCCTATGCCGGAAAA,359
GAAAGATTTATTGTAA,359
GTCAAGGGGACACAGC,359
GTGGTCCAGGACGCCC,359
TAGTGGAGCCAAGCGC,359
TATACCATAAAACCTA,359
TCGCAATACCTCGCAG,359
TCGTATTCGAACCGGC,359
TCTCAATTTTTGTATG,359
TGGACTACAGTTATCT,359
TTTGTAAAGATACAAA,359
AGCACTGGATCTTCCA,358
AGCGAACGGTAACTAC,358
ATGACTATTAGAACTA,358
ATGGTGTACTGCGATA,358
ATTAGAACGATGCACA,358
ATTGAGATCGAAGATG,358
CATCACGGCAGTACCG,358
CGATGATTACAACTCG,358
CTGATTACAAGCCTGC,358
GAGATATAACAAACAA,358
TACGTCGTACATATTC,358
TATATGATCTAACTAC,358
TCATTTATTGGGTCCC,358
TGTCGTTCGCACATCC,358
TGTTACAAAACTAAAC,358
AAGAAAATTAGGACCA,357
ACCACTTATCGTACAA,357
ACCCCATAATCATCAA,357
ACGAGTCCATGACCAA,357
AGCTCAAGGCCGAAAC,357
ATATTAATGTAATTGA,357
GAAGGCCAATTTAGTG,357
GGACTTACCCATATAC,357
GGCATGCCCAAATAAT,357
GGTGCACTATAGGACA,357
GTACAACCTTTCACCA,357
TACTGTAATAACTCCA,357
TAGAACACGAAAGACG,357
TTTGACACACCGACGC,357
AAGATCATAAAATGAG,356
ACAAAGCATTAACCCA,356
AGTTATTATACTCACC,356
ATCCCCCAGTTATCCT,356
ATCTATAGTAGCTAAC,356
ATTAGGTTTATGACCC,356
CACTGTCCTGACTTGC,356
CAGATGCGTTCGTAAG,356
CAGGACACGCGATTGA,356
CATAAACTACAAGGTA,356
CCCCTGATAACCATTG,356
CCGTCATACTTCAATC,356
CTAACTGGATAATCAA,356
GATCCGAAATCCCAAC,356
GGAATCCACCATAATT,356
GTCATAACAGAGAAAA,356
GTGCGAAATAGACTAT,356
TAAGTTTCGATCTGGA,356
TAGTTGCACAAAATAA,356
TCGAGGTCCGCGAGTT,356
TCTAGTACCATATATT,356
TGAAAGCTATAAAGCG,356
TGCCCAACTCGCAAAT,356
TGCTTGAAAAAGCGGA,356
TGGTTTAAAGAAGCAA,356
TTAAAACCCAAGTTCC,356
TTCACACGGATAACTC,356
AAATAAAGACTGCAAC,355
AAATCCTAGAGTCATA,355
AAATTGAATCGACACT,355
AATAGCTCTCAGTAGT,355
ACCCCAAACACTGTAT,355
AGAGTAGTCCATAACA,355
AGTCCGAATCTAACGT,355
ATAGAGACTAACAGAA,355
ATTGACCAGTGCACAC,355
CAACTCTCAAGCGGAC,355
CACCCTCTATTCGAAT,355
CAGGATACCAAGACAA,355
CGGGAAAATCTACTAA,355
CGTTAATGATATATTC,355
GAAAAATAGAAGCTAG,355
GAGTATGTAGCGTAAC,355
GCTCAAATACCAAACC,355
GTACTTTGATAACATG,355
TAGGTACTGTTTTACG,355
AAATCTTGCAATGACA,354
AAGACAGAAATGATCA,354
AAGCTAACTGCAAACC,354
ACCCTGCGAGCCATGT,354
ACTATTTATTCAGACT,354
ATAAACCACCTCGTTG,354
ATCACTGCTTTCTCAT,354
ATTTACCTGCCTGATA,354
CACTAATAAACGCAGG,354
CCCGCACTGAACTAGC,354
CGACATATCTGAAACC,354
CTTAATCCGAAGGCCA,354
GACACTGAGTATATGG,354
GAGGGTGAGTCTTGGC,354
GCACATGATTTGTATA,354
GTGCCTAAGTGAATGG,354
TACTCACATCAGAACG,354
TGCCTGTCAACTTCAT,354
TGGTGTCTCTTCGGGT,354
AAGTGCGACGTGTTAA,353
ACCCCGTAAAGTCTGC,353
ACGTAAGGAATTACTC,353
ATACAATCCTCTATCC,353
ATTGTAATAATAAATA,353
CAACTTAGTCTAAGAT,353
CAGACTAAATAAAATA,353
CCACAACTTCTAGTCT,353
CGCAATCACTCAGTCT,353
CGGTAAAGCAGGCTCG,353
GCACTCCTCGTAATAG,353
GCCTGGAATCCTAGAT,353
TAGCGAAGATGGTCTT,353
TCCATCGCCAAGTATT,353
TGAAGAGACAGTGCGA,353
TGGTTGTTTTCCTGTC,353
TTCCCATCAAGCCTAT,353
ACGATACCCAATTAAC,352
AGCAGTATAAACATTG,352
ATATAATGCCCTAGCC,352
ATATGTCGTGAGGTAG,352
ATGTCTTAAACAAATG,352
CAGTCCCATTTCCACG,352
GTCGAGTCTTCATCTC,352
GTGATACCAGATGAGT,352
TAACCGTACTCTGCAG,352
TAATAAGTCGACACGA,352
TATCGATCCTTACTCA,352
TCACCCGAATTACAAC,352
TGGGTAAACGTTACAG,352
AAAACTAATCTGACTT,351
AACGCTAAATTCGTTG,351
ACAACCTACTTGATAA,351
ACCCTAAGTAGCTATA,351
ACCTGTCATTCACTTA,351
CAAACTACTATGATAT,351
CAACATGACCTTCTTA,351
CAACTCCCCACTCATT,351
CAAGCAAACATAGTCA,351
CCCAACAATCTCCTGG,351
CGAGATAGTTCTGGAG,351
GAAACTCGCGTCGTAA,351
GAATACACCCACATTA,351
GACTCACATCTTGAGG,351
GAGTAATCAAGAAAGC,351
GATATGCGTATGAGGT,351
GATGATCTTTCCTACC,351
GCTAATCCGTTTTAAA,351
GTTTAGGGCATTTAAT,351
TAAATCAGAAATACGA,351
TACATAGATATGGAGA,351
TACTACAAACAAAACT,351
TAGAATTGCACACTTT,351
TAGGTGGCAGGTCGTA,351
TATCAGGTGTCATATA,351
TCACGTTAATAACTTC,351
TGGGCTAACTGCGATA,351
TTCTTCACATGACCTG,351
AAAGGGGTACAATGGC,350
AAATTATAAACCTATT,350
AATAAACCAGAATTAA,350
ACAAGAATGCCTATAG,350
ACCTAAACACCAGAAA,350
AGAACATTGACAACCT,350
AGGGTGGAAACCAGAA,350
ATACTAAGAAAGGTGA,350
CAGCACTGCCTGATAA,350
CATTAGGTAATGGACC,350
CCGATGATAACATACC,350
CTACACCCCTGTCGAA,350
CTTGCATGAAGTACCA,350
GACGCCGAAGCTTAAT,350
GGTACAACGCAATGTT,350
GTAGTGGAAAATCGTA,350
TAAACAAATAATGAGA,350
TACGATGTACAAATGT,350
TACTAAAGCATAACTC,350
TCCCCCCAAACTCCTC,350
TGAACGGAACCGCGAC,350
AAGGATGAATAATGTA,349
AATACCTCTCTCACCG,349
AATGATAAGCATCTGC,349
AATTATGGCTTGACCA,349
ACAACGTATATCGTAC,349
ACCGAATTACATCACT,349
ACGTTGTACACATTGA,349
AGAACATCACCAACGA,349
AGACAACAATCAAATC,349
AGATAAATGTCACGTC,349
CAAAGGATTATTTTGT,349
CAGTAGAAAAGACCTA,349
CGAACATGAAGGATGA,349
CTCTTTTGATATGATA,349
CTGAGCAACCTATCCG,349
CTTTTTGCCCGTGCAT,349
GAAACCCGCCGCAAAG,349
GACCTTTCACGTGGAA,349
GACGGTACTGATGTTA,349
GATACATGACCGAGCA,349
GATATGCTTATGTAAA,349
TAAATTTGGAACCCAC,349
TGTTATACCACGTGCC,349
TTTGGGTCTAGATCTT,349
AAAACACTACCCTACG,348
AATGGCGCATAAACGG,348
AATTATACTGAAAACC,348
ACAGGCGGCTTTCAGA,348
ACGACTAAACCATACA,348
AGCAACTTAATTTATT,348
ATAGCATTTCTGAATG,348
ATGGAGCAGTCGTAGT,348
ATTAGTAAAACGTACC,348
CAAAAACATCAAAGGA,348
CCAACCGTCGCATACA,348
GAATCCAGGTTAGAAC,348
GGAGGTAATGACTTTG,348
GGTCCATAAACTGAAA,348
TCAATATCAGAAAAAC,348
TCAGCCTCTTCTACCG,348
TCCCGTGTGTGTTCCC,348
TCTTCCGTAGAGTTCA,348
TTAACGACCTCATAGC,348
TTATAAAAAATGTTAC,348
TTCCTCCAGACATGAC,348
AATGATCCTTACAGAA,347
ACTATTCTAACGCATT,347
ATCAATAATTAGACTC,347
ATTAAGCAGCAAAGCA,347
CCGTAGTAAGAGAAAG,347
CCGTGTTAACTCCGAA,347
CGCTCGCCAACCACCC,347
CTTTAAAACACCTGGC,347
GGAACGAGAATCTGGG,347
GTACAGTGACCTAAAG,347
GTTCTAAAACCTTGAC,347
GTTTCACTTGAAATTA,347
TATAGACGGCGAGTCG,347
TATCTAAAATGACTAA,347
TCATAGTCGATATTAC,347
TGACATGTAGTATCTC,347
TGCACAAAGAGTATAG,347
TGGGTGGGTAAATGAT,347
TTGACTATATAGCCCG,347
TTTCGAGCGTACAGGC,347
AAATTCACTCGAGATA,346
AATGCGAAATGGTAAA,346
ACAAACATCTTTTAAT,346
AGAAATCTAGAGAAGT,346
AGAGGACAGTGAGCCC,346
AGATGGACACAGACAC,346
AGGGTCAATACAGACT,346
CATCCGGTGGGCCGCA,346
CCGTAATCTAAGCACA,346
GAGTTATCTCAGTAAC,346
GATCGGGCACTATAAA,346
GATTTAGCCTGATTAA,346
GGCACTTTCCATAAAT,346
GGGAAGATTTGTGTAT,346
GGTTTTTTCCAAAAGC,346
GTCAGAAGGTTTGAGA,346
TAAACGTATTACGAAT,346
TCTTACCGGATATACA,346
TGAATTCTTAGACAAT,346
TGACCCACTACAACAG,346
TGATTCATACAAATAT,346
TTGCGGATAAGCACTG,346
TTTCCCGGTCCGCTAC,346
AAAAAGGGGTTGAAGG,345
AAAGGCTGAGGATGCT,345
AAGATAATCCTCAACA,345
AATGACAAACACAACG,345
ACAGAGATAGATTAGG,345
ACCAGCGAGCCATCAC,345
ACCCACGAAGCAATGC,345
ACTTTACACCAAAAAA,345
AGAGTTATGTTTAATC,345
CAGGACACCTCGATCC,345
CCACTTCACGAATATA,345
CCGAACAACGCGATGG,345
CTGACGTTCAACCCCA,345
GAGATCTGTGGCTTAA,345
GATCAAATTGGTGTAG,345
GATTTGGAGGCAGTGC,345
GGCCGTGGCATTTTAA,345
GGTCTATTGCATCAAA,345
GTAGACAGTGAGAGCT,345
GTGGTAAAAAGCGTCC,345
TATCTATTTGTTACAA,345
TTAAACCACACTCCTC,345
TTCCTCTACTACCACT,345
TTGTGAAAATCCCTAC,345
AAAATCATCATATTTA,344
AATTAATGAAAACCAG,344
ACAAGCAAATAAGGCT,344
ACCAGAATGATTTTAC,344
AGCTCACCTAAAAGTA,344
CCCTCAGAGGTTGCAA,344
CCGAGTTGCCATCAGA,344
CTACTTAGTCAAAATA,344
CTGGCACGGAGCGGTA,344
GGGAGAGAACGGATGA,344
GGTGATGTTCACTCCT,344
TACTGACATATCTGGT,344
TCAAAATCTCGGAGCT,344
TTGATTCTTCCCATAG,344
AAAACCGGACCCACCA,343
AATATTAATCTGAACC,343
AATGAAGCTTCAACGT,343
ACCCCCAAATAAGGGT,343
AGCCCCTCGCCCGCTA,343
AGCCCGATTAAATTAC,343
AGCGTAATCGCGTATT,343
CATAAAAACCCGATCG,343
CCATCCAAAGCACTTG,343
CGATGATGCTACAGCG,343
CGGACTGTAGTAAAGG,343
TACCACCAATAAATTG,343
TAGGGGCAGTACGAGG,343
TCCATGAGGCTTGAAG,343
TCGCTAAATTGAGGGA,343
TTAAGATAAAACGAGT,343
TTAGACGTCCAGCCAC,343
TTCTACGCCACAGTCA,343
TTTAGCTAAAAGCCGG,343
AAAATAAATAGTTCAA,342
AAGACCGACCTTAGAT,342
ACAACACTATGGATAA,342
CAATTGCTAAGAAACT,342
CAGCAACCACCACAAT,342
CGTTAATCATCTGTAG,342
CTATATTTCTTCACAC,342
GCCTTATAACCAAATG,342
GTGGCATATCCCGAAT,342
TACGAATTGAGATGCC,342
TAGATTTTGAATTAAC,342
TTACGGACTGGATACA,342
TTATAAGGCCAGTAAC,342
TTGAGGAAGTATGATA,342
AACCCACAACGTTAGA,341
AAGCACACTTCATACA,341
AATGACGGAATACCGC,341
ATGACATGTTCACATC,341
CAACTAAAGCGGTTTC,341
CAATTATAGTTCTCAC,341
CATGCTGAGAAACCCA,341
CCGAGATTGGTGGAAA,341
GCGCCGTCGATATGCT,341
GCTACTAATTTGGGTG,341
GTGAAACAAACACACA,341
GTTCTCTGAATGGGCA,341
TCCAAGCAGCAAATTA,341
AAACCTCAGCAATCAC,340
AATCTAAAATCATAAG,340
ACCAATATTGCCCTCT,340
AGCTAAATCCAAGGTG,340
AGGCGGTAGGAATATT,340
ATAAAAGAAAACCTTT,340
ATCAAGGTGTTCATCA,340
CAGCCCAGAGATAACA,340
CCGAAGATAAAGTTGT,340
CTAGCACATGCTGCAC,340
GACTAGAAGAATTTTA,340
GAGAATTTCAAAAAAG,340
GAGCAACACCCTCAAG,340
GCGTTTAAACAAGAAC,340
GGAAAAGTCCAGACAG,340
TACCAGGTACTGACAC,340
TACGTCGAAAGCAGGA,340
TAGAACGCAAAACCCC,340
TCAATGGGGTTTTTTA,340
TGATCACATACGTTTC,340
TTAATTACTAAAGTGA,340
TTTGAAAATTACAGAT,340
AAAAATATGAGCACAT,339
AATACAAGATCCCAAG,339
AATAGTAATATAAAAC,339
AATATAGATAACGAAT,339
AATTGCACCACCCATA,339
ATGTGCTTAGAGATGT,339
CATATGTGATTAGTGC,339
CATGACTCTACGCTAT,339
CCAAAGCCTAACCCCT,339
CGCCCTTATGATTGCA,339
CTGATATGACCATCTT,339
GACTCAAAGTCCTATG,339
GAGATAAAACATTCTC,339
GGTTGGCAGGAAAAAA,339
GTAGAATCCGATTGTC,339
TAACCCCCTAAAGGCA,339
TAGAATGAAAGTAATG,339
TGAATCAACCAAGTGT,339
AATGGGTAACGCTTGA,338
AATGTGTGCATCCACA,338
AGAAAGAAAAAGGATA,338
ATAGTTACCGAGATCA,338
ATGGTTCAGCCATATC,338
CACCACCGTAGACAGG,338
CCAAAACAATGCCTAC,338
CGACTAATATTTAGTT,338
CTAACAACCATTCAAA,338
CTATGTACCACATACG,338
GAACTCTCCGCAAGAC,338
GACCAGCAGTAGCAAA,338
GATTAACATGCTAATG,338
GATTGATACAACAGTA,338
GGCAACGTTTGATTCA,338
GTCTCAATTCTTAAGC,338
GTTTCTGTTGTCCCAT,338
TAAAGCGACCAAGCTC,338
TACAACCACAACAAAA,338
TATAACAGGCCATAAT,338
TATTAAAAAGAAAGCC,338
TGCAGGACAATATTTG,338
TTATCTAGTTGTCAAT,338
TTGCATCACTTATACA,338
AAAAAACGCGATACCC,337
AAACGAGCCGTTGAAG,337
AAAGCATATGAGTCAT,337
AACAGGCGGTTCCCTA,337
AACCCAGAATAATACC,337
AACTAGCCGTTTTGAA,337
AATCGATTATGCGAAC,337
AGGGTTGGGTTTAGCC,337
AGGTAAGACCAAACAG,337
AGTACCACATCTTGAA,337
ATTTAAAATAACACCA,337
CAAACTAGACTGAAAA,337
CAAAGTCGAATGATTC,337
CCAAATCTTACACAGA,337
GAGAAGATAATAACAC,337
GGAGTCTCAGGGGACT,337
GTAAAAAGCATCGTAG,337
GTACAAACAGATTATA,337
TAACACGGAATGTCCG,337
TAGACTGGATTCACCA,337
TGTAGCGAATGCCAGC,337
TTGGAGAGATGTCTCC,337
TTTTTCCGCACGCCCA,337
AAAAGTTGCGACAAGA,336
AAACAAGCACAATTCT,336
AAGACTGTGACACCGC,336
ACCATAAATCAGAACT,336
AGGATAAGCCGCGCCC,336
AGGTATAAGCATGCAA,336
ATATTTTCCAAGCGCC,336
CATAAACATTCATCAA,336
CGATAAGAAGACCAAT,336
GGGGTAATGCAGATCC,336
TCAGAACGAGGCGCTC,336
TGTCCATAGAGCTAAC,336
TTGTAATGACGTATTC,336
AACATCGTTTCCTGGT,335
AACCCAAAGACCCACC,335
AAGTGGGGGCACCCCC,335
AATGCATGGCAACGGA,335
AGAAGCAAGATTCGAC,335
AGGAAGCCCGAACACT,335
ATCTTCCCAGGAATAA,335
ATGCCCTGTGGCCGAA,335
ATTACTCACACTAGTT,335
CAACCTTAAACAACTG,335
CACTAATACTACTAAA,335
CCGGGACAATATTTCG,335
GATCAGCGTACAAGCT,335
TAAATGTATATATACT,335
TCTCAATCGAGCATAA,335
TGCAAACTAAAGTTGC,335
AAAAGCGACACACCAA,334
AACACCTGAGAACAAT,334
AATACCACGGTCGCAT,334
ACCATTAATTACAGAC,334
AGATCGGGTCGGCCCT,334
AGTAGCATCACCTACC,334
AGTTGCGGACCAACAA,334
CAAGGGACTGACGGTA,334
CAGACTTACGGGTTCC,334
GAAAGCATCCTTGGCC,334
GTTCAAATTAGGGCCA,334
TGGTTAGGTGAACAAA,334
TTCAGATCTTCTAGTA,334
TTGAAGTCGTACATCG,334
TTGATAGAGGATATGA,334
AAATCCAAGCGCTGGA,333
AACAGGATTAGAAAAG,333
AATTTGTCATAGTATT,333
ACCGTTAACTCACTAA,333
ACGTGACAGATTTCTA,333
ACGTTATTAGCGTATA,333
AGAAAGTGAGTAGTAA,333
AGAATAATAAACAGAG,333
ATCCCGTTTTACGAAA,333
CAAGTGAAGACTTTAG,333
CTGCTTTTACAAGTGA,333
GTGGAGAACTGTTGTT,333
TAAGATCACGATAATT,333
TGACGAATTGACTGGA,333
TTAAGCACTCAGCTTA,333
TTGAGTATACACACAC,333
AAACTATCGACACGTC,332
AGAACTAGTCAACGAC,332
CAAAGAAACTATTGAC,332
CCTTGCGCGTCGCAAA,332
CGCACTTCACAATGGT,332
CTGATCAACAGGCACC,332
CTTCCTGTCAATAGTC,332
GAAAAGAATTTAAGAC,332
TAAAATTAAGATAGTA,332
TACCGAAAATCATTAA,332
TCAAAATGACAACGAC,332
TCCCCTGCACGTTTAC,332
TCTGGATCAATCAATA,332
TTAAGGAACCATACAA,332
AAACTTGCATAGTATA,331
AACAAAACGTTTAAAT,331
AACTAAAACTCATTCT,331
AATTCCGGTGAGAGGC,331
ACAATAGTGCAAAAAT,331
ACGACCATGTATAATT,331
AGTTATACCTTACATA,331
ATTTTAAACCACATCA,331
CAGCTCTATATAGATG,331
CATCTATCTAGCACAT,331
CATTGAACCTCAAAGT,331
CTAGTACTCTTCATGA,331
CTTTTGATCAAAAAGC,331
GTACTATCATAAAGGA,331
TAACCTCTCCTCGACC,331
TAGCGGTCAAATTAAC,331
TCGGCGTGTGCCTGAG,331
TGACACATTCCATTGA,331
TGATCTAGTGACCAAG,331
TGGTGGTAGTAGTGGG,331
TTTACTTGCTAGAAAT,331
AAAAGATCCAGTTCTT,330
AAAATCGGAGAGTATC,330
AACATATTGATCTCAG,330
AATCCGTTCATGTCCA,330
AATGCACGCAATTAGA,330
ACGAAATATTATTAAT,330
ACGTGAACAATAAGAA,330
ACTTACAGTGTTACAA,330
AGAACTGCAGCTAGAC,330
ATATAAAAAGGCGACC,330
ATATGCTGAGATAACC,330
CAACAATTGTAGCCCA,330
CAATCAAAGCCAGGTT,330
CAGTACTGTCCATATA,330
GAAGGAGGTGAACATG,330
GATACGACCTAATCTA,330
GCACAAGAATCCCTAT,330
GTGTATTGTTAATCCG,330
TCCCCGAGAGATAACG,330
TCTAACCAAAAGAATC,330
TGAGTAAAATAAATCT,330
TGTTTTAAAAATATCG,330
TTGTACTGTGGACCAC,330
AACCATCGAAACGATG,329
AACCTAAATACGATGA,329
AATTACCATGCTAACA,329
ACACCTGGTTATATAC,329
ACATGGAGACGCGCAC,329
ACTAAGAACCTAAGTG,329
ACTGGTTCCAACGTAA,329
AGAATTTAATCAATGT,329
AGATAAGCTACAACAA,329
CAAGTCACAGAACGTT,329
CATAACCCTCTAGTAT,329
CCAGGTTATACCGACC,329
CGAAACCCAGTTATTG,329
CGCACCGCTGCATAAC,329
CGCGGACAAATACACA,329
GGATAACAAAGCGATA,329
GGCCGGCGATGTTGCT,329
TACGTATAAAGCACGA,329
TCAATGATCATGAGAC,329
TCGCTAAGAGCTGGAC,329
TTCCCCGCATGCACTT,329
TTGCCTTAATCGGTAA,329
ACACTGAGGTAACAAC,328
ACCAAAACTAATCGTA,328
ACGAGTAAATTTCGCA,328
ACGCCCCTAGCCAGCA,328
ACTCCTTAAAAAATCT,328
ATTCAACAAAACATAA,328
CACAATATTCCTTTAC,328
CGAATCTACGCCCGCC,328
CGAGGACGTACAAACC,328
GACGACCGCGACACAA,328
GCTTAACTTACGTCCA,328
GGCCGCGATTAAGTAC,328
TAAGCATAATCAGTAA,328
TACTATCGTTCGCCAG,328
TCCCCAGAATTTGGGC,328
TCGAATCTAAAGGTCG,328
TGTCCACATCAACCGT,328
ACTCCAAGTTACAAGC,327
AGAGAAAACAACGGTT,327
AGATGTCAATTACTGT,327
ATACCGGTATAACGCT,327
ATCCAACACACTTTTG,327
CACCCTTTACAATCCC,327
CATGAGAGTCCATTGT,327
CCCTGATTTCAATAGC,327
CGCAAATGTTGATCCT,327
GAAAAGTACACCTCTA,327
GCTAAGACTTATATAA,327
GGACACGCTACAAGCC,327
TAAACTGTTATGAACG,327
TAACGGCTGCGTCTGA,327
TAAGCTAGAATAAGCT,327
TACACTCACCTCCAGC,327
TACGTATCATGCTATC,327
TAGGAGATGAATATCT,327
TATTACGTGAGCAGTC,327
TGTAAAAACTTACGCG,327
TTAGTAAATGTATAAC,327
TTCGCGCCAGCTAAAG,327
TTTGAGAACGACTCAA,327
AAAACTGTGCTTCGAC,326
AAACAGTAATGCTAAC,326
AAATTTTCATGTGAAA,326
AACTCCTGAAGCCAGC,326
AAGATTACCCATAACG,326
AAGCCCCCGGTCAAAT,326
AGACACTTCAAAAACG,326
AGGGCGACGATTTCTC,326
AGTTAGAGGGCTCTTT,326
CAAAGCGTAAAGGCGC,326
CACATACAACGCCATA,326
CAGGCGTCCAAACGGC,326
CATATCCAACCTAGTT,326
CATTATTAGTTAGATA,326
CGAAATGACTTAATAA,326
GATAAATCTAAGCCAT,326
GTATCGCCATTATACA,326
TAAATAGATGCACATA,326
TACTTAAAAACACTAT,326
TTCTCGGGTAGTTACA,326
AACGCTGTAATATTGA,325
AACTGGCTACTGCCTC,325
ACGCTACTGCCTAGGA,325
ACTGATCAGACCCTTA,325
AGGATGGTTCCACTAT,325
CCCAGGCGGTAGTAGA,325
CCCGAAACTCTTCGTT,325
CGTAGTGATCAATGAA,325
CTAACCTGCCGAAGGA,325
GACTATATTTACATAT,325
GCCGTTATTATGTAGA,325
TAGGACACATTCGCTT,325
TTAAAAAATCAAACCA,325
TTATGCCTGATGAGAT,325
TTATTAGAATCAAGGC,325
TTTTTCCCATATAACA,325
AAAATGTTGAGAATAC,324
AAAGATAATGAGACCT,324
AAGTATAAACCCCAAA,324
ACCGCGACAGGACGTA,324
ACTAGCCAAAAATAAT,324
AGTGTCAAGGCTTTGG,324
ATCATGAAATTACTGC,324
ATTACCCCTACTCTGC,324
CAATAGCTAAAGACAT,324
CCAAGTAGGACACGGA,324
CTTATTTTTCACTTTC,324
CTTCGCATATACATTA,324
GAACCGGGACACTATA,324
GCAAGGTAAACCCACG,324
GTTACGTCAGTCCGAA,324
TAAGTATTACCAATTC,324
TACGGAACAACAAACA,324
TCTACAATGAAGATTA,324
TGACAAACACCACAAA,324
TGCATGCGGTTAAAAC,324
AAACCAGTTACCTACC,323
AAGAATAATTAAAGAA,323
ACAAGACCTGACTGCT,323
ACCACAATTACGCAAA,323
ACCGGCCTTACGAGGC,323
AGACGCTATACACGAA,323
AGCTAAATAGTCGTCA,323
ATTATCCCAGCCGTCA,323
CAACAAGAAAACCTGA,323
CATCATAACAACGCCT,323
CGCTGTAGTCTATAAT,323
GACTAAAACATAGAAA,323
GGTGGCTGCTAGGACC,323
TAACGTAATAGAACAT,323
TACCTCAGCTACCAGG,323
TGAAAGCCGTAACCAT,323
TGACTATAATTCAGCA,323
TGTCAGTATCACCACA,323
TTCAGTCTATCAATCT,323
TTCATATCTGCTTCAT,323
TTGCGCACGTTGCAAC,323
AAAATTCAAAAACGAT,322
ACTAACGCATATGATT,322
AGCCCGCTCCCTCGAC,322
AGCGTAATTAGTTGGA,322
ATAAAACGACGCAACT,322
ATATACGATAACGGGT,322
ATTAAATCTCTAGTTA,322
CTTCGACACCCGCACT,322
GAACACACTGACTGAC,322
GGAACCCGCACGTTCA,322
GGATGGGAATCACAGG,322
TAATCAATCAATAAAA,322
TCATACTAACAACACA,322
TGAGTGTGTTTAAGTT,322
TGCAGAAATACCAGGA,322
TGCTGATACCGAGTCA,322
TTACACTAGCCTGAAG,322
TTGTTTTCCATACCGA,322
AAACACCATAGCTAAG,321
AACCCAGATGAGCCCT,321
AAGAATGGACGAGTAA,321
ACACGAATCGCAGTAG,321
AGCGACAAACCATATG,321
ATACTCCTGTATTCGA,321
CACAGTCTGGTGACAA,321
CATCCCCATGGATCGA,321
CATTCTATATGCAAGT,321
CCAATAAATAATGCGA,321
CCAGAATTCCCGGGAC,321
GACGGCGAACATCAAT,321
GACTCCAGGGCCATCT,321
GCATCCGTAAGTAGAA,321
GTGTACATAAGCTGCA,321
GTGTGAAAGCAGTCAA,321
TGAACGGAAAGGCGCC,321
AAGACCCAAGTTTCGT,320
AAGCACAGCATACGAA,320
ACCCGACCCGCCACCA,320
ATATCTCATTCGAACA,320
CACGACACAATTAGAA,320
CAGAGAATTATACGTA,320
CAGTGCAAGCATAATC,320
CATCGCCTTACATAAA,320
CCGTAGGTACCGAGAA,320
CGAAGGAGAACAAACT,320
CGTACTCCTCTATTAG,320
GACTGAAGACGCATTG,320
GTAGAAAGCTTCGATC,320
GTTATGGTAGGAGACA,320
TAACTCTAACCGCCGG,320
TAAGGCGTGTTTTTGC,320
TCCCCCCTATCTACTA,320
TTAACCAGTAATGCGC,320
TTTATAAGCATGATAC,320
AAAGCTGGTATGAATT,319
AACCTTCTAGACAATG,319
AGTAAAAACGCAATAA,319
AGTGACAGGCATGTAA,319
ATAAAATGGCAAATAA,319
ATCACAAAGAGCATAG,319
ATGACGTCCAAAAGCC,319
ATTCGGTAGATATGTT,319
CACTCCGAGCTATGCG,319
CGTATAGCAAATTATG,319
CTAACATGTATATTTG,319
CTTTTGTTATACTTAA,319
GACTCCGGGACAAGTC,319
GGACAGGATGAAAACA,319
GGCTCCTGAATCAGTT,319
TATTGCACAGCCATAG,319
TCCTTAGAAACAGCGG,319
TGCTCTGCACAATAAT,319
TGGAGCAAAAATCCAC,319
TTAGTAACGATAAGAT,319
AAACGCAAAATTAACA,318
AACTAATAACCAAGGC,318
AAGACAATGGAACAGC,318
ACCTTCAAAGGCCACA,318
ACTCTTAATCATATCT,318
AGAGGATGAGACACCC,318
AGCTGTTAACATTAGA,318
AGGTCTCAGATAGGCT,318
AGTACCCATAAAAGTT,318
ATAAATCACTGAAAAT,318
ATAGAAATGTCACATT,318
CAGAAGCTTTAATCAA,318
CCTTTTGATATTCTAT,318
CCTTTTGGAGAAAGGA,318
CTCAACCATTCGATTT,318
CTCATAAATACTTGGT,318
GAAACAGCAGCACAGT,318
GAGCAAAGTATACAGA,318
GATTAGGAGTGTAACT,318
GCTGAGGATAGTGGCT,318
GGATATTAGTCAGAAC,318
GGGAACATCCACCCTA,318
GGGCACAGAACGGGTA,318
TAAAACATCCCGCAAC,318
TACAATAAACAAGCTA,318
TGTAAACAACATTATA,318
AACCCAAAACAGTATC,317
AAGACGAAATTTTTAA,317
AATTAAATGTTGTCTC,317
ACATCAATACACACCT,317
ACCGTAACATAAGTAG,317
AGAAGAACTTTTATAG,317
ATCGAACCTAGTGATT,317
CTCAATAGCGCACACG,317
GCTCAGTATATGGAGT,317
GTTGTCCCTACCGCGA,317
GTTGTCGTTGCCGGGT,317
TCCGTTAACCTGTTGC,317
TCGTAGTCGTACAACT,317
TGTATCTAAAAATTGG,317
TTCCACTTTAACAAAA,317
AAACGTTCCAAAAATG,316
AAAGTAAACACTGGAC,316
AACCATTTTGGGGTTA,316
AACGGCTGCACGACAC,316
AAGCGCAGCAGGCATC,316
AAGTATGAATAGACCT,316
ACATTTAACCAAGTCC,316
ACGGCTAACTCGATAG,316
AGACACTGATGACGCT,316
ATAACAATCCAAGCAA,316
ATCAAACGTCTGAGGA,316
ATTGCACATCTTATAA,316
CAAAGCAACACAACTT,316
CATAACTATACCATGC,316
CGCATGGGGATAGTAG,316
CTATTACTCCAAAAAG,316
GAAACGACTTCGGAAG,316
GCAAATGAGAGATTCA,316
TAAACCGAGAGAGATA,316
TCAATATTCCAAAAGT,316
TTAAATAACGGGGATT,316
TTGAGTCAATATGGAA,316
AAATCACGCCTTAAGT,315
AACCGAACCCGACACG,315
AAGATCCCTATTGTGG,315
ATTAAAGAGGGACTCA,315
ATTCCTGAAAGGAAGC,315
CCCCAAACCCCAGTAA,315
CCTCGAAGACCTGTGG,315
GCAACTAGACACCAAT,315
GCGATCATTTAACCCA,315
GGCTAGTGCCCTATAC,315
GTTATAAATTAATATG,315
TAGACAAATAAGATAA,315
TTAACTAAACTACCGC,315
TTGGGTTGCAATCCAA,315
AACATTACATCGAATA,314
AAGAACCACACAATGA,314
AATAGTTATCGATCTT,314
AATGTAGAATTACAAC,314
AATGTATTCCACTATG,314
AGACAGGATATATGAC,314
ATAAAGTTGACTTTAG,314
ATTCAGAATTACTGCT,314
CACACAACGATCATTC,314
CCCAAAGATTAATATG,314
CTCGTACATAGTCACT,314
GAATAGAGAGATCATA,314
GATAATCACAGCATAT,314
GCTGTACCTCTCAGCA,314
GGTGGAAGGCCACAGA,314
GTTGTCCTACTTAAGC,314
TAATAAAATGCCGATG,314
TAATCGCAAGCTACTG,314
TCAGTAAAATCCACTA,314
TCCACACCCAGATAAC,314
TCTACGACTCATATAA,314
TGACCAACAGGCTGAT,314
TGTCCATTGGGAAGCC,314
ACAACCAATCGAACGC,313
ACCCAATAAATAGGAA,313
AGATACCCAAAAAGAA,313
AGTATTCGGGATAATA,313
ATTTAATCCCTTGTCG,313
CAAGATGACTCCGCGA,313
CATACTCATTATGACC,313
CGGTTACAAACCCAAA,313
CTTATTCCACCATTTG,313
GATATTCATAAAACAC,313
GATCATGTTAAACACT,313
GGAGAAGCCCCTGGTA,313
GGTGCAAACTTGTTAT,313
GTAACTCTCCATCACA,313
GTCAAGCAACACCCGT,313
GTTTAGGACGATCGTA,313
TATAATACCTAAGGAT,313
TATCACAACATGACCA,313
TCCATTATAATCCCGT,313
TTGAGCTTATAAATGA,313
AACGGCAACCACAAGA,312
AAGACGTAGATTTGAA,312
AAGATAAATAAACAAA,312
ACCAGCATACCATTCG,312
ACGACATCAACAGCGA,312
ACGTCAAGATAAACTT,312
ATAAGTACAACATATC,312
ATAGCTCCAGTTCTAT,312
CAAATACTTTAAGTAT,312
CAATGATTAGAATCAA,312
CATGATAATGCCTGGG,312
CCTCTTCATTGTAGAT,312
CGCGAAACGACTAGTA,312
CTCAGAAAAATCCATA,312
CTCAGGATCTTCTTCT,312
CTTATTTAATTGAAGC,312
GAAACTAAGAGAGGCC,312
GAGAAACCACAATTTT,312
GAGAACACATTAGACT,312
GCCATAGGATACTATA,312
TAAAATTACAACAACG,312
TAATCAACTTACCCTG,312
TACAAATAACATTCAC,312
TTTTAAAAACAACAGT,312
TTTTGAACTTATCTGA,312
AAAACAATACTCTTAA,311
AACGTCAGTGTACCCG,311
AAGAGAGAACTCTAAA,311
AGAGTGGACTTTAAAA,311
AGCTAGGGTCCAGCGA,311
ATTTGCATAATATAAA,311
CAACCATATATCAGAA,311
CAAGAATTATTGACTA,311
CACCACATGACGACCT,311
CGTAAGACTAAACAGA,311
GAATGCATAAAAGAAA,311
GCAAACATCTACTCGC,311
GCTAATCCCAATAACT,311
GTGACCCTGGCGAGTA,311
TAAAAGATTTGATTAA,311
TCAGAGAGGACTTATC,311
TCCGGAAATCAACAGT,311
TGCTGCCCGCTACTTC,311
AAACACCGGTCGGTAG,310
AAATCTACTGCTTCGG,310
AAGCATACTTTGTTAA,310
AAGTCTTACCCAACAT,310
AAGTTAACTCACCAAG,310
AATCTTCTCGGCCGAT,310
AATTACAGATCCAGGG,310
ACTCCAATTGAGCATC,310
ACTGAACAAATGCTTT,310
AGAAATCTAGGCGTAC,310
AGAGATAAAAACAATT,310
AGCGGTATATTGAATG,310
ATTTATCAATGAAGTT,310
CCCTTTAGGAGTTAGA,310
CTAAATACTACCTCAA,310
CTCCCAAGTGACAGTA,310
GAACACTCTAAAATGG,310
GTCCATTGATACATTA,310
TCACTCCTAGAACAAG,310
TCCAAACTGGATGGAT,310
TCTCAACGGGATCCTG,310
TGTCGAAAGTACACGT,310
TTAATGCAAACATGTC,310
AAACCTCATTAAAACT,309
ACAGATCTCACATGCC,309
ACCGATAACTCCATGT,309
ACGTATCTTTTCAAAC,309
AGAAGCACTTAGTACA,309
ATAGTAGTTTGACAAG,309
ATATCATCTAATTTCA,309
ATATCTAAGTCCCTCA,309
CCTATATACTCAATGA,309
CCTCTCGAGACCGTAT,309
CGACAATCCGAGTCTA,309
CGCTTGTCTGAAACGT,309
GAGAACGTAGACAAAT,309
GATAACATGTTATCTC,309
TAAGCTCACAATAGAC,309
TAGACAATCAAAGCAA,309
TATAAACGATCCTGGC,309
TGCAGTACCATATAAA,309
AAACACCGGAACGAGT,308
AACAGCAACAAAAAGT,308
AACTATAAAACAACAA,308
AAGACTATAACGCGAT,308
ACAGGTCCTTTGAATA,308
ACCCAGCCGATGTCAT,308
ACCGGTGGAGAATAAG,308
AGCTTCAAATTGAAAA,308
AGTGGTGATTAGAATA,308
ATCAAGTCATATAACG,308
ATGCTATGGCAGACGA,308
CAGTTCTACCCGATCC,308
CGAATTAGCTGATTAC,308
CGCTGTCGATGTACTG,308
CGTCACGAACAAAACC,308
GATATTATGTAAGCGT,308
GGCGACAATCCATAGT,308
TATATGTAAACCGTCA,308
TATGCTTTTATCGACT,308
TCACTTCACCACGCAA,308
TCTACCAACGTAACTC,308
AAACTAAATTTAATGT,307
AACATAAACACGGACA,307
AACCAATGGAAAAGAG,307
AAGCATATTAGACTGG,307
ACCATGAGTACACGTC,307
ACCTGGGTATCAAGAA,307
ACTATGCGATTCTTTT,307
ATAACTACAAAGAGGC,307
ATTACCACTTTAAGCA,307
CAGTAAAGCGTAAGCC,307
CCAAGACATACACAGT,307
CGGAGCTAACCTGGGA,307
GACCAGGAAAACAAAA,307
GTAAACCTTATGAGTT,307
TCAAACTGGTACTGAG,307
TGGCTAATGAGTCAAC,307
TTGTAGAACGGCAATA,307
TTTAAGAAAGGATCCC,307
AAAGGTCTAACAAAGA,306
AAATGTGAAATTGATG,306
AATAATACTCCGATAG,306
ACAAAAGAACCTCAAG,306
ACAAATTAAGATTAAG,306
ACTACTGCGGAATTGT,306
ACTGCCCCGACCCAAG,306
AGATGAAGGAGATTCA,306
AGCAAACTGGTTAACG,306
ATCGCCTGATTAAATA,306
CAAACACAATCCGATG,306
CAGTATAAAGCACAGT,306
CATGATCATTACTTTC,306
CGATACTATAAAGGTA,306
CGCTTTGGATTTTATA,306
CGGTCAGAAAGCGCCC,306
CTGCCTTTTTATCCAT,306
GACACACTGCCCACAA,306
GAGAACCAAAGCACTA,306
GCCGTCCAATTTAAAA,306
GCTAGTTACTATAAAG,306
GTTCAAGAAGACAGAC,306
TAATCTATACAGCAGT,306
TAGTCCTAATGTCAAG,306
TCATATATCCCTGAGG,306
TCGGGAATGTTACCTT,306
TGGCGAGGGCGGGGCA,306
TGTCAACCAAATACCT,306
TGTGTGGCCGATCCTT,306
TTATTATAACGCTCCT,306
AAAAACCAGCTTTCGA,305
AAAACATCATCCATGG,305
AACAGCCATCAAGAAA,305
AATTGGGAGTATTAAA,305
ACAATGTGAATTTACA,305
ACGAAAGGCCAACAGT,305
AGAGGATAATCGCTTC,305
AGCGATTGTGTATCTA,305
AGTACTAACACCCTTC,305
ATATCTAATTCCCTGA,305
ATGAATAAAATATCAC,305
CAGATACGCATGGAAT,305
CCAGAACACTTTTACG,305
CCCGATGTACTAAAAG,305
CGAATTGAGATGCATG,305
CTCAAAGTTAGTCGAC,305
GCCGCCGTCCTAAAGG,305
GCTTGAGACAGTTAAC,305
GGAGCTCGATCTCAAA,305
TACATCAATGTTACAG,305
TACTTAGTACAAATCC,305
TGATTATAAAAACCAA,305
AAAAGATCGTTCAAGA,304
AACAAAATCCATAGAT,304
AACGTGAAAATAAACC,304
ACCCAAGCAACAAATC,304
AGAGCTATAACAACAA,304
AGCTATCTACGTAGAG,304
AGTCTAGCTACCCACG,304
CAAAGCTTCAATTGAG,304
CACTGGGGCCACAAGG,304
CCAAAGGCGGGACGTA,304
CCGAGCTTTATGAAGA,304
CGTTTTAATAGGAAGT,304
GACAGGACGGGAGCGC,304
GCGTATCAACCACTAG,304
TAAGGCCCTCCATAAT,304
TGTCAAGCAAACACTA,304
TTATCGTGGAGCAGCA,304
TTATGAAGCCCGATAT,304
AAAAGACGAGAAACTA,303
AAAGTGACCTGATAAG,303
AACAATATACCAAATC,303
AAGGAATTAGTTCGAT,303
ACAATAATTCTTATAA,303
ACACTTCGCTTAAAAG,303
AGCGGACAATTAATTT,303
CACAAAGAAAACACAA,303
CTCAATATACATAGGG,303
CTCTTCCGCAATCACC,303
GAGGATCTGCCTTCGT,303
GATAACGTGATTAGAG,303
GGGCTAAATTGATCTT,303
GTTTGCGAACACTGGC,303
TAAGTAAATAAAGTTA,303
TAATATGGAACTAGAC,303
TACTCGAAGATAAACA,303
TATAAATCCTGGATGT,303
TATAGTAGTTTGAACC,303
TGCCCACGACAGTTTG,303
TTCTCCAATCGTATGG,303
TTTGGATATACATACA,303
ATAAAACAAGATCAGA,302
ATGACGAAGAATCGAA,302
ATTGTGCCAACTACTG,302
ATTTTTCTGAATGTTG,302
CAATGAGGTACAATCA,302
CACTAAAGAAGTCCTT,302
CATAACTTTAGTAAAC,302
CATTTCTGCGATCCCA,302
CTACACAAATTACAAC,302
GACCAAATTAAGTAAA,302
GACTTAACAAAATACT,302
GCACAAACAGAGTAAA,302
GTCTATTCCCTGATGT,302
GTGAACTCTATGACCA,302
GTTTGAATACCACCTC,302
TAAGCGATTCGATTAA,302
TACCAAAGCGAAGGTC,302
TAGACCAGTTTAACCC,302
TATAGATGTGTGGTAA,302
TGCTCAACCGATGACT,302
AAACCCTAAACTATCC,301
AAGATTATTGGGAACT,301
ACAAAATCTCCCGAAA,301
ACTTGAGAAGTTAAAT,301
AGTTGTTAAAGCTCAA,301
ATATAATTCGCCTGGA,301
ATCTAGGATCGCGAAC,301
CCGATACCAACGTGTC,301
CCTAGAAAGCAAATGC,301
CTAAAGTAACTCGTGT,301
CTCTCAAATACACAAG,301
CTGACCACCACAAAAT,301
GGAATACTCATCTGTA,301
GGCATTATACATAACA,301
GGTAAGAGCTCACCAA,301
TAAGAAAAAAAAATAT,301
TAGAATCCTCGCGCTC,301
TTCTACATCACCAGGC,301
TTTGAGCATAATCGTA,301
AAAAAAGAACCTAATA,300
ACTCTCACGTGTTGAT,300
AGAGTGATCGCCCAAT,300
AGTGAATGTTGCGATT,300
ATACGGTTATCTTGTG,300
ATAGAAATGGTACCTG,300
ATATGAGGGCCTTACA,300
ATCCCCTCAATACTCA,300
ATTCTACCCGAAGAGT,300
CAATAACAAGGTAACA,300
CTCTCTTAACCAGGGG,300
GAAATATTGCCACAAT,300
GAATACAACAATTATC,300
GCTTACTTTCCAAACT,300
GGAAAATATTACCAAA,300
GTTAAAACACCCAATA,300
TCAGTTAGCCGAAGTG,300
TGGTTCCTCTCTCAGA,300
TGTAAATACCCGTGCT,300
TTGACGTTTACCAATA,300
AAACCAAAAGGTTGCC,299
AAAGTGCTGTAACCGC,299
AACATACAGGCAAAAC,299
AACGTAACAGTAAATA,299
ACATAGGCTGAACTGA,299
AGACGTATCTTTCGAA,299
ATAGTTACGTAGTCAA,299
ATATCTACAAATCTAA,299
ATATCTGATTTTGTGA,299
ATTGTTACGAATTGAA,299
ATTTGGACGTCGAACA,299
CACAGCCGAAGTTACA,299
CACATTCTTAATATTA,299
CATGCAGATACTATCG,299
CCGATGCCAAAAGGAT,299
CTACCAAACTCAACAG,299
CTGAAACCAATTAACC,299
GCGTCAATTCGTTAGA,299
GGAAACGGTCGAACAT,299
GGCACAAAAACACAAA,299
GTGGTATCACTAAAAA,299
GTGTAAGAAAAAACTC,299
GTTCTCTAAAAATTTG,299
AATAAAGATGAAAAAT,298
AGACGTTACGAAAGTT,298
AGGTAATAAATCATGC,298
ATAACAATATCACAAT,298
ATACCCACCCAGTCAA,298
ATACTCATGTATTCAG,298
ATTAAAATACCCAGTG,298
CAATGAAAACTAACTC,298
CACAACGAACACTAAG,298
CCCATTAGATGTCTAG,298
CCGGAGAACCCAGGAC,298
CTCGAAATAGTATATT,298
GCAATAGAGGTAATAC,298
GCACATCAAAGGAATC,298
GGCTGATGTGAATTTC,298
TAATCTTGGACCCCCA,298
TATATCCTCCGCGGTC,298
TATGCTAACCTATTAT,298
TCCTGACTCAAAAATG,298
TTCCCGCAATTCCTAA,298
AAAACTGTATATAAAA,297
AAAGAATCTGCATTCA,297
ACCCTGATCCATACGC,297
ACCTAGGGGATAGGGA,297
AGTTTGAAAACGCGCC,297
ATAAACGACTGTCAAC,297
ATTTTCATCTAATCGG,297
CAAACAATCGACCGGA,297
CAAGATTAGATATAAT,297
CAATACTATCGCAACT,297
CACTACACAAAAATGA,297
CCACTTTCGCGTGTAC,297
CCCTACACTACATCCG,297
CCTTGCCAAGTAGCAT,297
CTTAACCTGCTCTTTG,297
GCATTCTGATTAGATA,297
GTGACGAAACTCTTCG,297
GTTCTATTGCAGTACA,297
TAGACTTCTGTCGCCC,297
TTTTTGAAAAGAAGAC,297
AAACTGCTTCTGAAGA,296
AATATAGCTATAGCTC,296
AATCCACAGCAGAATT,296
ACCAGCATAGTCTACG,296
ACCGGTATAGGTAAGA,296
ACTTTTCATATATTGC,296
AGAAACTTAGTCCGAC,296
AGACAACTGATTACAA,296
AGACTACATGAGAAAT,296
AGGGATAAAATGAAAG,296
ATAAGTCAAAGCACGA,296
ATATGTGGGAGCCGGG,296
ATCTTCACTTCATAAC,296
ATTAGAGAAACAATAT,296
CAAACCTGAATTTTCG,296
CCATCTCCATACGGTT,296
CCCTGAGAGATAACGT,296
CGGGCACGGATGGGAC,296
GAGAAGAGCTTTAAGC,296
GAGTTTACCACCTAAA,296
GGATCTTGAAGGCCAG,296
GTACAATACCTGACCA,296
GTACTTGGTGAGACAA,296
GTTGGTGACACACGTT,296
TACGTAAACAGTCAAA,296
TAGGGGAGAACGTTCT,296
AAAACGATGTCCCCAA,295
AGACTCCAGAGAAATG,295
AGTTCAATAAAGCCAA,295
CGATACGACCAGGACT,295
CTCCTGGATAATGAAC,295
GCGCCGGGCTAAGATA,295
GCTCTAGCCGAGTCAA,295
GGAAGACGACAAATCC,295
GGAGGGTTACATAGAC,295
GGTCCCCAGGCCATTC,295
GTCGTTCAACCAATAG,295
GTGAAAACTGCGTTAC,295
TAAGTACAAGGTCAAA,295
TACTCATAAACGTAAG,295
TATAATAAAATGTACG,295
TGACACTTCCTATGAG,295
TGCTTTACACTGTTTA,295
TTATACTATCGCGTCT,295
AAAATTAAAATGCTCT,294
AAATCCAAAACACTAA,294
AAGATATGAAATAAAA,294
AAGTTGAAAGAACCCA,294
AATGTACCGTAAGTCA,294
AGGCTAACGAGCATAA,294
ATGTACATTTACTTGC,294
CAACCTTGTGCACAAA,294
CATAGAGGCTGGAACT,294
CCAAAATGCCACGGAA,294
CCAATAAATTGAAGAG,294
CGGAGTAGAATATAAC,294
CGTAATTATCAAAGAG,294
GGGGAGTGAAGCAAAG,294
TACATGTTCCCCAGGC,294
TATGAAGTCAGACAAT,294
AAAAGCTTACCAAACA,293
AACCATATTACCCATC,293
AATAAACCGTGCAAAC,293
AATCCTAAAGTAACGT,293
AATGAATAATGACAAC,293
AGGGTGGGGCAGGTAT,293
ATGCCATCTAAATTGC,293
CACCTCTACCATTCCA,293
CAGAATTGATACAAGT,293
CCACTTTCTATCGGTG,293
CTTGGAGTCTCAGCAT,293
GAGATAATAACATAAA,293
GATAATTAAAAATACT,293
GATCAAACCCCACAAA,293
GATTATTATGTTGGCT,293
GCACCGAGGAAACAGG,293
GGAGAATGTTGTTGCC,293
TACATAGAGCTAAAAA,293
TAGCTAGGAATTTAAA,293
TTAGCACGCACCGGTT,293
AAATATTATAAATTAT,292
AACTAAATTTTAAATC,292
ACCGACATGGAAGACC,292
AGCCTCACCCATCGAC,292
ATCTCGAATATCATCG,292
ATTTGGGCTGTTATAA,292
CGAAACATTCAAAGAA,292
CGAAACTAAAGAAGAA,292
CGGCCTACTAGGGACC,292
CGGTACCCTACCATCT,292
CTATGACCAACTGCTA,292
CTTAAATCCGTATCGA,292
CTTTCAATAGAATGAT,292
GACACGATTCGACATT,292
GATCGACCAATTCTTA,292
GGCACCCCACTCGTAC,292
TAAATGTGCCCAATAA,292
TACCAATCCGGTCAAC,292
TATAATTTCCAACTTA,292
TATACTTACTTTGTTG,292
TTTTTTGGAGGGTTAG,292
AAATCTTACTAGACAC,291
ACACCTGACAATAAAC,291
ATTAATTTGAACTAGA,291
ATTCGAGATTATTAAA,291
ATTGATTCGAAACGAA,291
CCGGACTCCTTAGAAA,291
GATCTAGCAAGTGACA,291
GCCACAGGAGAAAAAT,291
GGAGAAAAACGTTGTA,291
GGAGAACCAATTACAA,291
GGCGCAGTTTTCCTCT,291
GGTGATAGACGCATCC,291
GTATAGGAGAATGGCC,291
TAATTCGAGGGTAATA,291
TATTTCTAGACAGATC,291
TCGAGTCACCAAAAAC,291
TGATCGTTATATAATA,291
TTTGCAAACTCTCTGT,291
AATACAAGAACAATCC,290
AATCCGTATGGCAACT,290
ACTAAGAAAACAAATT,290
AGAAATCGTACTGACA,290
AGGATAAGACCTTTCC,290
ATAGTTGTTGCGGCAA,290
ATGAATATCGATTGAG,290
ATTAGAGAAGGTGCAG,290
ATTATCTTGCTATTTA,290
CAAATCTGGTGTGAAT,290
CAATAAACTTTAACAG,290
CACACATGCCACCAGT,290
CACCCAAACCTCTCTG,290
CCCATCCATTTTTTTC,290
CTAGATTGAGACTTAA,290
CTCAAATACGATACGA,290
GAGTACGCCACGTACA,290
GGATTTAAAACTAGTT,290
GTAAGAAATAGTAAAT,290
GTAGTTTTTCGTTTAC,290
TACTCCCAATTGCTTC,290
TATTGAAACTCATTAA,290
TGAGTAAAATGTGAGT,290
ATATTTCCCCAAACCG,289
ATATTTTTAAAACTAA,289
ATCCCACACCAACTAG,289
CAATAAAGGTAAGTCG,289
CACTTAGAGACAAACG,289
CATACAGAGTCGCATG,289
CCAAGAAAAAACTCTC,289
CCATTATTACAGGTAG,289
CGAGAAAAACTGAAAG,289
CTCCCATGAGTAAGAA,289
CTCCCCACGTGAAGGT,289
CTCTCTGAAGTAAACA,289
GAAGGACAATACCGTC,289
GTATCGCATTGAATAC,289
GTCCACAAATAAACAG,289
TAAAAAAGAACACTAG,289
TAGGTCTCTAATAAAT,289
TGCAATACTTACAATT,289
TTACGATACCAGTATG,289
AACAAAGTCAGTTAGC,288
ACATTCGAAAAGGCGA,288
CACGTTTACAGTAACA,288
CGAAAATGGAAAGTAC,288
CGTAGGCACTACAAGT,288
CTAATAGCACGACCTG,288
CTCGCATGCCGTATGC,288
GAATAATGGCAATGCA,288
GCACGTAAGAACAATC,288
GTTTTGCCTTGGTTAC,288
TAACCGTGCTACTTGT,288
TATTATTGCCAGAAGC,288
TATTCAATCTTGTGGA,288
TCCAGTCTGACCAGGA,288
TGCAAAGATGGAACAG,288
TGCGTGAAGATGTGAA,288
TTCATTACTCCCACGA,288
AAAAACCAACGAACCG,287
AAGAATTTACGTTACC,287
AATTGCCTTCCAGAAT,287
ACAGACTATCAAACAC,287
ACATCGCTGTCTGGAG,287
ACCCAAGATTAAAGGT,287
ACTGAAACCGGATCTC,287
ACTTACCGCTCCGAAC,287
AGTCATACATTAACTA,287
CACTAGGCAATGTGCT,287
CCAATCACAAGACCGC,287
CGCAGTTGAAATAACA,287
CTATAACCAAAACCTT,287
CTATTGGCAACTACTG,287
CTCACAATTAAACGGT,287
CTGGATTATTACGTAC,287
CTTAGGAGATGTAACA,287
GATACAGCATACGCAT,287
GTGCTGACAGTCATTT,287
TCACACAGCAAAACAC,287
TCGAACCCTATAATCA,287
TCTTTTACACGAGGGA,287
TGCTCCCCTTGAAGGA,287
TGTACTTACTAAATAT,287
TTCTGTTTTCCAATCA,287
AACAAGTCCCCAGTTA,286
ACCGAAACAGAATAAA,286
AGATCACCGGTTCATC,286
AGCGATTCCCCACCAA,286
ATAATAGACACACTAT,286
ATACTGGTTGTAATAC,286
ATATTGGGCCATCAAC,286
CAAGAACAAACAACAC,286
CTCTGAACGGCAATCT,286
CTGACGTTTTTGATTG,286
CTGACTCCGCTATTGA,286
GCAATTTCTTTGCAAG,286
GGCCAGCAGATCGAGC,286
GGTCTCCAACTCTATC,286
GTCACGAGGCCATTAA,286
GTCAGGAATTTTAACG,286
TACTGGGCACCATCTC,286
TATCGAATGCGGATGG,286
TCATTCAAGTGCACCA,286
AAAAGAAGTTAGTGAA,285
ACGCGTTTGCACTGCT,285
ACTAGAAAGTACATTT,285
AGAAGACAAAAAAAAT,285
AGAGCGCCCAAATAAC,285
AGATAAAGACGTTAGC,285
ATAAACACAAGTATCG,285
ATCCACGAGAAACATC,285
ATCCGAAACACTAGTC,285
CAAAACCTTCCAAACT,285
CATTCCAGCTTTATAT,285
CATTTCTCATAAGGTC,285
CCGAGTAACCATGATG,285
CGAATCGAATACGGCC,285
CGAGAGTCCTTTCATC,285
CGCTTGTTAACCACGC,285
GCTAAGTCGAGAATAC,285
GGAACGAATCTGATTA,285
TAAAAGGAGTGTATAC,285
TAACAAGGCACCACCG,285
TCCATTATAAAAAACA,285
TGCATTTATAGTCGCT,285
TGCTAAACCTCCTCAA,285
TTCTCACAAAAGGGTA,285
AAAGAATAATTGAATG,284
AATCAGACCGAGGTGA,284
AATGCATTTGACGGAC,284
AATGGCAATGACCTTG,284
ACACTTATTATAGATT,284
AGAGCATTCGATTAAA,284
CAAACACGAAATTTAC,284
CAACTGAATTTATACC,284
CTGGGAACGATAATAC,284
CTTATAATAAACTGAT,284
CTTGTACTTTTATTAA,284
GAGAGCACCTATATAT,284
GATTTCCAAGGAGCAC,284
GCCGCCTAAGACAAGT,284
GGCACTAAATAGTGAA,284
GTAACTGAAACTTAAA,284
GTATACTGGGCTAAGA,284
TCATGATCTATTTACT,284
TCCTAATAAACACTGA,284
TCGACTACGAGACGCA,284
TTAAATGAGACGAACC,284
AAGCTATAAAAACAGT,283
AATATTACGTCATGAA,283
ACATAGCGAATAAAAC,283
ACGTTTGATTCGCAAT,283
AGGCAAATTGGTTCAA,283
ATACAGAGGCCAAGAA,283
CACTAAAACTTTTCGC,283
CCTGATACTGGGGACT,283
GGGAAAACAGAGATAT,283
GTTGTTGTTTGTAATT,283
TCAAGAAAGGAGTTAT,283
TGATATTCAGAGAATC,283
TTAAATTATTACCCTT,283
AAAAAGTCCAATCTTC,282
AACAGGTGCCACAAGT,282
AAGTTGGTGTGCGGTA,282
AATAGTAAGAAGCTAA,282
ACAATGCTAACACAAG,282
ATAATATACGTTATTA,282
CACGTGCTCCCTCCAT,282
CCGCACAAGGTCAATA,282
CGCCAGTCAAATTACC,282
GAACTGACGTGTCGCG,282
GGAGAAACTGTTTGAA,282
GGTTAAAACTCGGACT,282
TCAAAATTGACAACAA,282
TCTGAATACAACCGCA,282
TTAAACCTAGACATCC,282
TTAATAGAGTTATCAA,282
TTTATGGTCATATATC,282
AAATACCACCAGAGTA,281
AAATTATTCTTTAGCA,281
AAATTGATGCAACGAG,281
AAGGTTGCCAAATCAC,281
AATGAGCAATCCCGAA,281
AGGAAATTGGTTGGAA,281
CGTGAACACAGTCACA,281
CGTTCGACGGCAAAAA,281
CTATTACCTAATGATT,281
GAAACGAAAAACAGAA,281
GAAATCTAGTGCACAT,281
GCAATGCCGCGTATGC,281
GGTGAGGTACAGGCAC,281
GTAGAGCGAAAGTGAT,281
TACTTAGCTCTGTTCA,281
TTACGCAATGATAGTC,281
TTACGTCCGAATCCTG,281
AAATTGGTTGAACACG,280
ACAATCAGTTGTAATA,280
ACACCTATAGTCTCCT,280
ACATGCAATTGAAACA,280
ACGATGCTAATCTTTG,280
AGTAAAGCACCCGGAT,280
ATAGGTTAAAAGACAA,280
ATATGTCCAAAAAACT,280
ATGAAAAAATTAGTAA,280
ATTCCGAAGCGGATTC,280
ATTTGCTACTCACCAT,280
CAAATCCTTGACCCTG,280
CGCTATCAATGCTTAG,280
CGTATATATAAATCTA,280
GAACTGATTAAGAGTC,280
GAATAGAACTCGCATG,280
GATATACTAAGAACCC,280
GCCCATCCAAGAGACC,280
GCGTTGCACAGTCCAA,280
GTAATCGACTCGCTCA,280
TATTCCAACTTAGCAC,280
TCAAACCATTTATTAA,280
AACATATCTAGGTTAA,279
AATAAAGATAATCGAT,279
AGAATGTGTTTAACAA,279
AGAGGGATAGTGAACA,279
ATACTGAGGTGAGCAG,279
ATCGGTAGCAGTAACT,279
ATGAATTGACGAACGG,279
CGTCATTCATGACCAA,279
CTGCTTCGAGCTAAGC,279
GAAATACACCTTTCAG,279
GCGAAACACAAGTCAT,279
TAACCCTGTAAATTCC,279
TAGCGCGCAATCGAAA,279
TTACCATTAAAAAATC,279
TTTAAAAGGTGTATGC,279
AACAGTATTCAACCCA,278
AACTATTGACGCAGTT,278
AATATTATGTTTCAGT,278
AATGACCGGAAAATCT,278
AGAACGAAGAACGGAG,278
AGCACTGTAATTACAG,278
ATATTTACGCCAAACG,278
ATTCAAGACAACTAGT,278
CGAATATACACATAAA,278
CTCACGACAAACTGAA,278
CTTCACAAACTTCTGG,278
GATACCCATAATAAAC,278
GATGAGAGCACCATAT,278
GCTTCAACTTTACAGA,278
GGCTAACCACAAGGAT,278
GTTACCGTGCGGTTTC,278
TAGAACTGACATCCAG,278
TATCACACCTCACCGT,278
AAAGGTGGGCTAAAAC,277
AAATACACGTCAGCCA,277
AAATCACACCAGACAT,277
AACGAAACTCATGACA,277
AAGACAAGTAATTCGA,277
AATCGAATTGATATGC,277
ACCAGCGTAGATCCAC,277
ACTCCGCTCACTGACC,277
ACTGCCTAGGATTACT,277
ATGTGTCCTAGTCACT,277
ATTATGAACAAAGCTA,277
CACCGAAGCATGAGCA,277
CACGGAACTTTTCTTG,277
CTAGATATCACATTTC,277
GAATCAAAGTTTCCCC,277
GACAGACCATAAGATC,277
TATAACCCTTATAGAC,277
TCGAAATGCATACGTC,277
TGATTACTATCGCTTA,277
TGTAGAGGATACCCTA,277
TGTGTCTAAGACCCAG,277
AACAGTTTCATACTAA,276
ACTGTTGCCCTTCTGG,276
AGGTAATGATTTCTAA,276
ATACATGTGCATTATT,276
ATCAGCCTTTCACATC,276
CAACCAGAAAAGTTCC,276
CCCAAGTGTAACGGAC,276
CTCACAATGCGATCCA,276
CTTTCCGACAACGTCC,276
GAAACTGTATTAATTT,276
GACCACCCAGAAAACT,276
TTGAGGATATGTAACT,276
AAAATTCAAGGGTGAC,275
AATAGCTTCCAATTTG,275
AGGTTTGAATTAGGTC,275
ATAATCAAGCCCCATT,275
ATGCACATGATCGCTT,275
CACAAAGCAAAGACTC,275
CAGACCTCCGACTCAG,275
CATACTAGAAACAGCT,275
CGTTGTATGCATACAA,275
CTCCGGCAATGAATCC,275
GAAGGTCTTAAAACAC,275
GAATCTGTTATATGCA,275
GACATATATCTCGAGT,275
GATTGTATTGTCGCCG,275
TAAGATTTCCCAGAAA,275
TAATAAAATACTAGTA,275
AATATCAAATAACAAA,274
ACAAGACAGTTCCAGG,274
ACAGTAAACCAACGTT,274
ACATCTTCCAGGAGAT,274
ATGCGTGACCAAAGAG,274
CAAAACATACAAAGAC,274
CAATGCAGTATGTTAA,274
CATTTAATTGCAAAAT,274
CCCACTATAGGCCGAA,274
CCCTTGCGATTGACTA,274
GAATCAAGATAACAAA,274
GATTCCCCCCGTCCAT,274
GCCAAAGCACAACTGA,274
GGGCAGCTATTGAGCC,274
TAATTATAAACACAGA,274
TACATATGCTAAGGAG,274
TACCAAGATAAAAAAT,274
TACTGAACTCTCATGA,274
TATATCAAACCTTCAA,274
TGTGAAAAAATGTAAT,274
ACCTCGCAGTATCTAC,273
ACTAATGGGAGAAACC,273
ACTATTATTTTCGACA,273
AGAGTGTAAGTTCAAA,273
ATAGAATCTACTTGAA,273
ATGAGGCCACAAATAC,273
ATTAGGTTAACAATGA,273
ATTTCTTTTACTTTAT,273
CAGAATCGCCCACATA,273
CCTATTATGAATCAAA,273
GAAACATGCAAAAGCT,273
GAATAAGAATATATGG,273
TCATATCGAATTAAAA,273
TCTAGAATGGATTGAA,273
TGTGAATAACTTCAGC,273
TTGTCCATTATAACAA,273
AAAATTAGTGCTAGCG,272
AAAGTCTTCTTCTAGT,272
AAATAGTAGTCCTTAC,272
AATGTCACCCGGACTA,272
ACTTTCACAAGTTAAC,272
AGAATTTTCACTAGAC,272
ATACCGAAACGGCGCC,272
ATTAATGCATGCGGAT,272
CACCAGACGCGAGCTT,272
CCATAATCCCAATAGG,272
GCAGCGCTCCAAGGCA,272
GGGAATCATCCTTATT,272
TCATTAGGACGACGAT,272
TCATTTTTTTCAGCAG,272
TCCAATTAAGGGAATG,272
TGCAGTTTGCCCGTAG,272
TGTATCATCTATAAGT,272
TTTAAAATGACGTAAC,272
AAAGTCTGGATTTTAA,271
AAGTGAACATGCCGCA,271
AATAGTCAACACAAAA,271
AATCCGGCAAAGAATC,271
ACGAATTAGCGATCAA,271
AGGAAATACCACATAG,271
AGTGGCAGATGTTTAG,271
ATTAATGAACCACTAT,271
ATTGCACGATGAAAGA,271
CAACACCTTCAAACAC,271
CCTTTCGAAACCAGCA,271
CTCAACATTCAAGTGT,271
CTCATCGACCTATCAG,271
CTTATCAATAGCAACA,271
GAGAGGTAATCTGTTG,271
GATATTCTGGTGGACT,271
GATGGAAAATGGAGTC,271
GATTTAAGACAACACA,271
TAAATAGGATCCACTA,271
TAGTGTGAACGTCTAC,271
TATATAGATAATCAAT,271
TATATTAAAATATCTA,271
TTAAAATATTAAGTCG,271
TTTATATACGGTCTAA,271
AATATCGAGACAAAGG,270
ACCTACGTAGTAATCC,270
ACGAGGAGCGTTCAGC,270
ATAGCGGTTCAAAAAG,270
CCACGACGATTCCTTC,270
GAGTCACGAAAAGGGT,270
GTTGTATTACAGGAGC,270
TAAGAAAAAACCAGCA,270
TACACATAGGGTCATT,270
TCTATTTAAGGTATAC,270
TTCAAATGATATTCAG,270
ACAGTAAATTTAGTGC,269
ACCCGAGACACGATTC,269
ACTAAATAACCAAAAG,269
AGAGATCTCCTCAAGA,269
CAATCATAACCTTATG,269
CACAAAGAAGTGCTGA,269
CAGGCAGAACAAGAAC,269
CCGATCTAGAAATTTT,269
GAGCAAAAACAAATCA,269
GCCTTAGAGCTGAGGA,269
TACCTTGTAAATAAAG,269
TCACCAGATCGAAATT,269
TTACATGTATTGGAAC,269
TTCGTAAACGCTTTTA,269
TTTAATTATCCGTGAG,269
ACAAAAATAACTAACA,268
AGTCTTAACAATAAAA,268
ATAGAAACTAATTAAT,268
ATGGGGCTACTTTCAA,268
ATTAGGAGGTCTAACA,268
CCGAGGGCGCACACAG,268
CTCATATAATAAATCA,268
GTAAAAATAAGCTCCT,268
GTGAGTTTGAAATGGC,268
TACGGCTAGGCCTATA,268
TCAATTAAGAGAATAC,268
TGGTCTCTAATAATTG,268
AAACACATAAGAACTA,267
AACCGCGAATAATCTT,267
AGACTCTTTCTAATGT,267
ATAACAAATATAAAAG,267
CATGTCACACCTTAGG,267
CCTCCCGGACACCGGC,267
CTTTACAGTAGGTAGG,267
GAAAAACAGCGAACCC,267
GACTAAGGCAAATTCT,267
GCAAGATCATTTCCGG,267
GGATGATAAGCACACT,267
GGCAATTCCACGCTCT,267
GGTATAATACTTTCAC,267
GTCTTAATTCCCATCC,267
TAAAAAGTGTATCAAG,267
TAACCACCTGGGAAGC,267
TACCGCCCAGGCGAAA,267
TGTAAGCGAATTCTAA,267
AATTTATGAGAGGAAA,266
ACCCAACTAAAAAAAA,266
AGCGACTGCAGACAAC,266
CCTGAAGAAAATAACG,266
GAAACACGCCAAATAT,266
GCTATACACTGGAATA,266
GGGGACTGAGAATTCG,266
GTAAACCTGGAAGAAC,266
GTAATACCAGAAGCGA,266
GTATTAGGTAACCTAT,266
GTTCCGTCAAAACATC,266
TAGCACGAGGTAGTCG,266
TCACGTTAACGATGGT,266
TTCGCATATCCCTAAA,266
TTTGATGTGCCAACGT,266
AAGAATGGGTGCTTAA,265
ACCATCATAAATAGGA,265
ACTATGCACTATCCAG,265
ACTCCAGAAAAAAGAA,265
AGATGAACATGTCATG,265
AGTAAGTGCCGCACTC,265
ATCAACCAAGAATGCA,265
CAACAAACATCAATTC,265
CAGATAGCTGTCGTAT,265
CCATACAGAGAACCTC,265
CCCTCCGTATCTGTTG,265
CCTAACCATTGTTAGC,265
CGGCTGTTTTAATTTC,265
GTTAGAAATCTGTGAT,265
TACACGAAAAAGGATC,265
TCGTCACTTGAGGGAT,265
AAATCCTTGAAATAAA,264
AAGTGTTAAAAATTAC,264
AATAGCGATCGGAAAT,264
ACATCAGAAATGAAAT,264
CACCTACCCCGCCAAC,264
CACGACATTTATTCCG,264
CCGCTAAATACAGACA,264
CGACCAGATTTAGAAA,264
CTATTAGGAATGCCTT,264
CTTATAACCCTTAAAT,264
GCAGGACATAAATAAT,264
GGCGTCCAGATCGAAA,264
GGGCATTCTACAGAGA,264
GTACACAATAAGAAAA,264
GTGCTATATGCGGTTC,264
GTTACTATGCGAGACT,264
TAAAAAAAAGAGCATT,264
TAAAGTAGTTTGGTCG,264
TACAATTGTAGCCACT,264
TAGAAAATTTGTCCTA,264
TAGTCGAAGATTGGAT,264
TATAGAGGTAAACAAG,264
TGACATAAGCAGCCCA,264
AAATCAATCTTTCTCT,263
AATGTATAGAATACAT,263
AATTACGAAAAATCCT,263
AATTCAATGGCTGAAT,263
ATGAAAATAACACCGG,263
CCATCCGCTCCGCCTT,263
CTATCAATATACGCTC,263
CTGTATGTAACATATC,263
GACACAACGATAAAAC,263
GCCGTTCGCCTAAAAA,263
GCTGTTTCAAAATTCT,263
TAGAAACAATTAAGGG,263
TCGAGATGAATAGTAA,263
TGTTCTTTTGAGAGGG,263
TTGCGAGCGCCACAGC,263
AGTCTAACACACGAAG,262
ATGTGTTCTACACATA,262
CAGTCTAAGTTCGAGG,262
CGAAGAAGACTAGAAA,262
CTAAATGTTTCTATAA,262
CTCAGGTGCTCATACA,262
CTGACGTTTATAGTAT,262
GCCTTTTATATGAACA,262
GTGAATTCCCGAGCTC,262
TAAAAAAAAAACATAC,262
TAGCTCGACTAGAAGA,262
TCGCCTAAAGTCTTAA,262
TTAGGTAAAAAAGTAC,262
AAAACAACCAGGGTGT,261
AATATAAAATGTCTAC,261
AGTCCAAAGTTTTAGG,261
CGAATTGATATGAAAA,261
CTCAAAACCCTGACGT,261
CTTTACTGCGGACTTA,261
GAATGAATAAATATGG,261
GAGAAGTAGAGGCATT,261
GCCTCGAGAAACATGG,261
GTAAATGCCTTGTTTA,261
GTCGCACACACTTTAA,261
TAATAGATCCTGCTAT,261
TGTCATGTATACACAT,261
TTAAAAGAGTCGACAT,261
AAAAGATTATCTACAT,260
AACAGTCGGTTACTAG,260
AACATGAAAAGAAAAG,260
ACACTGCCTTCAAATA,260
AGCACATGTGATTGTG,260
ATAGTTTATCGACATC,260
CACACATTGCCGCCCG,260
CACTTCACTGCGCCTT,260
CAGCGGGACTGTTAAT,260
CATACATTAAGAAGCA,260
CGAAAAAGGGCTCCGG,260
GAAATTCGAATTACAA,260
GACTCAGAAGAACTCG,260
TATAATCACAATTTTT,260
TCGTTTAATACGTTAC,260
TCTTTTCCTACGGAAT,260
AACGATGTAATGGTTC,259
ACGGATAAAACCCACA,259
AGAAATGTATCACAGC,259
ATAAGAGAGACTAAAA,259
CAAACCACAATAATAT,259
CAACGTTTGCTGGATT,259
CACCGTACTATCCACT,259
CATCATAATTTCCAAT,259
CGATGCATAAACCGCA,259
CTACATACATCCCCCC,259
GCGATAAAAGTGCATA,259
TACTAAATCAAACTCA,259
TATAAAGAATATTCGT,259
TATAATATACATGAGG,259
TTAGCTAAAATTAATT,259
TTCAACTTAACTAGTC,259
AAAGTCCTCTATTTTG,258
ACAGGCTAATCTCTCA,258
ACGAGTGACATACGGG,258
ACTTGTACAAACATAA,258
AGCCACACTACCTTCT,258
ATCAAGCGCACCGATA,258
ATTTTCACATAGTCTT,258
CATAACCCCCTTACCC,258
CGACTTTACCGGTCAA,258
CTAAAAAATAAGGGTT,258
GAATGTGTGTCATAAC,258
GCAGCCATATTCCATT,258
GGCAAAACTCAAAAAC,258
GGTCAGATCTTCAGTG,258
GTAAACAAAAGGAGAT,258
GTAGGTGACTCATCGC,258
TACTTGTCGAATGTTC,258
TCTCTGCAAAATCAAA,258
TGACAGGATATGTCAG,258
TGATAGAAATCTCCAA,258
TTTTCTCAGAAACAAG,258
AAAATATGCATACCTA,257
ACATTAACATTTAAAT,257
AGCAACAAAAGCAGCA,257
ATTTTTCACCCAATGT,257
GCACCTTCTTCTCAAC,257
GCTGAAGTCTAGCGCC,257
GCTTTTAGACGCTTAT,257
GTAATCAATAGATAAT,257
TCAAAATGGGTAGAAA,257
TTTCATAAAAGGCACT,257
AAGGTACTCGCAGCAT,256
AGGTAGCTTGTAGAGT,256
ATTGATAAGACTATGT,256
CGAAGACGTTAAGTAG,256
CTAGGCTTTGCATGAC,256
GAGGGCCGTAAGAAAT,256
GTCCTTGCAGTGGCTA,256
TAATAAATTCAGAAAA,256
TATGCGAGACAATTGC,256
TATTCAATGTATAGTT,256
TATTTTCGTATAAGAA,256
TCAGTAAACAAAACCC,256
TCTAAACCACAAGTCA,256
TGAAAAAACTCCTTTT,256
TGAGTCCAGTTTAGGA,256
TGTTTAAAGACGATCT,256
TTTAAGAGACGGTCTT,256
AAACCAAATGCCGGCA,255
AATTTATACAAATAAA,255
ACAATGAACTTAACTT,255
ACAGACTCACAAAAGA,255
ATACGCATGAACGTAT,255
CAGATAGCAGATCCAA,255
CGGTGCCTTACTATTA,255
GAAACAGCAAACCGCG,255
GAGAGCAGCCAAAATG,255
GCTATACCTGCCAATC,255
GGATTGACCAAAAACA,255
GTGTACAATGACCATT,255
TAGTACGACAAAATAC,255
TATCTGGAAACTAAAA,255
TTAAATAACCAATCAA,255
AGGCTCTCTGTTGACA,254
AGTCGGAACATTAGGG,254
ATTCCAATGACAAAAT,254
CGGACATCACAAAGAA,254
GCTCCCTTAATCTACA,254
TAGGGCCGGATAGTAA,254
AAACCTGATTATTATG,253
AACCGCCGAGTTTAGA,253
ATAGATAGGCGAGTGT,253
ATCTTAGCTACGCAAG,253
CCCAGCAATCCATATA,253
CTGAATGTCCTAGTTT,253
GAATATGTACAAAAAA,253
GCCGTACATCACTAAA,253
GTCAAATGGACAAGTT,253
TTATTATCGCTCTCTT,253
CAAACACGAACGAAGT,252
CAGCCGTGATAAGGTA,252
CATGGGCATAACTATA,252
TAACTGACGAAAAAGC,252
TACGAAAACGATCAAT,252
TGTCGACTGCAGATTT,252
TTACCTAGAGGAACAC,252
AAAATTAAAGTTAAGA,251
AAAGACAAAAACAAAC,251
AGAATTGCTTATAAAT,251
ATATTATCCTAGTGAA,251
ATTAAACATATTTAAA,251
ATTGAAATGTAGTAAT,251
CTAAGGTATCTAGTAA,251
GACCAGTTAAATATAT,251
TAATTTTCACCATCCA,251
TACCCCAGGGGCAATC,251
TAGTAACATAAATGCA,251
TATTGGAAACGACTGC,251
AAAGCTGCCGCATCAC,250
AAATCGAATAATACAT,250
ACATCCAATCCCCACA,250
ACTGAATTCATTAAAA,250
AGTATCTGAACTTGAA,250
CAAATATGCACACAAA,250
CAGAATATAAAAAAAT,250
CAGTCGCTGGCTTCAC,250
CATTCAATCATCTGTC,250
CCGACGATGAGTGTTG,250
CGGTTAATAGCACTTT,250
GTGAATCCAATCCCCT,250
TGACCCAGAATCAAAT,250
TGATGTATCTCCTCAT,250
AAATGAGTACCAATGA,249
AGTTAACAATGCCGAC,249
CCCCACCAGTATCGAT,249
CCGCTTATACCAGAAA,249
CTCACCCCATTTAAAC,249
GATATTCTGTAGAGGA,249
GATCATAAGGCCGAAA,249
GCTCTACACAACTACA,249
GTCCGTATATAGCAAT,249
GTGGAATATAGGCCTG,249
TACACCTAATCACAAA,249
TCAGTATGAAGCAACA,249
TTCGTTACAATAGAGA,249
AAAATGGCTAATAATC,248
AAATCAAAACCAAAGA,248
ACGAAGCCCCAGGCAT,248
ACTCATCCTATAGAAC,248
ATACTGTTAAAATGGA,248
ATATGAGGCTATGCGG,248
CGTATTGATTCATGGG,248
CTTGTGTCGGACCATT,248
GAATACAATTGGATCT,248
GACCAATAATACTTCC,248
GTCCCATTCCGTCGGC,248
GTCGAGAACTATCGAC,248
TAAAAGTTAAGTAAAC,248
TAACACGCGAAATAAC,248
TACCCGGTCCCATGGG,248
TTCAAGATTTACAGTA,248
ACCTTACGGGTAACCA,247
AGAACAGAGCCAACAA,247
AGAATAATTACAGAAA,247
AGCTCCGATTTAGATT,247
ATCAAGGAGATTTGAA,247
CCTTTATATCTCCGCC,247
GAAAATACAGATGAAC,247
GGTTTGGGTAATCGAT,247
TCAATAAAAAGGAACA,247
TTTGGTATATACGACA,247
AAACTTTGGGAATAAA,246
AAGCTGATATCTAAAA,246
AGATGTACATCTAGAT,246
AGATTTATATAAAACC,246
ATAAAGGTCAACATAA,246
ATACAGTTGGACACGG,246
ATCCAATCCTTCCTCA,246
ATCCATCTTTCAAAAA,246
CCCCCAAAACTATCCT,246
CCGTATCTTGACCGCA,246
GAAAAGCATATATTCA,246
GAAGTTATCGGGGACT,246
TACCAGTACAAACCCT,246
TATCATTGAATTATAC,246
TCAAAGTAACATTGTT,246
TCTTAGATATATGACA,246
TTACTGTTCATCCATT,246
TTGTACGTACCTATTG,246
TTTAAAGTAGAGAGAA,246
AAACCGGACCAAACTA,245
ACCGTGAGATCGGCAA,245
AGGGGCGATGGACGGA,245
CCACTTGTATGTGTTA,245
CCGTATTGAGCGGTCA,245
CTATCTCCTCAAGCAA,245
CTGAAACCCTATACTG,245
GGCCCCATATTACCAC,245
GTAATCACATATTAGA,245
TAAAAGTTGGACACAA,245
TCATGGCAGCATGATC,245
TCTAGATTTGAACCTA,245
AAAAGCCAGACACTAA,244
AAATTAGTACACTCAA,244
ACAGAAAAAGAAACAT,244
ACCAACTTATTATAGG,244
AGACTAAAATCAAAAA,244
ATATTAGTATAAGACG,244
CACTCCTATTTAGAAA,244
CTAGCAGAGTGGATCT,244
CTGGCCTGAACATAGA,244
GAAGATTGTACCATCG,244
GAAGTCTAATGACTGA,244
GATCAAGGTCACAACA,244
GCGTAAGCCACATAGA,244
GTATTTGAAAATCAGC,244
TACAATCCCTTTAAAG,244
TAGGACATGGAGGTCC,244
AAAACAAAATTCTCAA,243
AACAACTGAGGCATCG,243
AGACTTAACGTCTAAG,243
AGGCTGCACTGAGAAT,243
AGTGCCATCACATAAA,243
CTAAAATCCCGCCGCA,243
GCCGGCCGATTGTTCA,243
GTATAAGACCTTAAAC,243
TAAGAAACATTAAAGG,243
TACCAGATATTAACAC,243
TCGAATCGCCAGCTAT,243
TCGGTAAAATTGTTAC,243
TGTTAAAATTTTGCCT,243
AAAAAAAGAAACCTAG,242
AAATCCCTCACTCTGG,242
AACTTTACACAGGAGA,242
AACTTTGCACATTCAA,242
AATACCTAAAATGCTG,242
CTCACGAAGTATAAGA,242
GGGCAGCAACGTAAAA,242
TAGGAATGAACAGCCG,242
TCCGCCACGACATTTG,242
TTTAGCGCCCGTAGGT,242
AAAGCAACCTCGACGA,241
AAATCGAATTCATCTC,241
AAGGAAAATTAGTCAT,241
AATCTGATTGAAAAAA,241
AATGTCGAACAACTTT,241
AGACAAGAGAGGCCAA,241
AGGCATCCGATACATA,241
ATAAAATGCCAAATCC,241
ATACTTACTGACACCA,241
CCCGATCTCTAGTAAA,241
CGAAAATCATAAAAAC,241
CGATATAACTAACCAT,241
GAAGGTTTCTATTAAA,241
GATACTGATGCAGATC,241
GATGATTGGGTACAGA,241
GATTGTTGTGTCTAGA,241
GTAAAGTCTGAAGGGA,241
TAGATATTTAAGCACG,241
AAAACGTCGTTGCGCG,240
AATCGACCTCCCAAAA,240
CACAACGCTAGAGTTA,240
CTGATATTAAACCCTT,240
GAGCATACTGGATGCC,240
GTCATAATAATGGCTA,240
TAGCCGTAATGTCGCA,240
TCAAAAACCCGAGAAC,240
TGCAAAAAGAAACTTT,240
TGTAAAATCCAATAAC,240
TTAAACCCACACGAGA,240
AACCGAGAATAGCCCA,239
AACTAAAAAAATTGCG,239
AACTATGCTATAGACC,239
AACTTTCGGTAGAAAG,239
AATATCCAGGTATTTA,239
ATAGCCTTTTCGCAAC,239
ATTTTTATCGATCAAA,239
CAAGGTACAACGGAAA,239
CAAGTTCGAATCTTCC,239
CACGAATCATGGATGT,239
GGTCCTCTTCTATATA,239
GTTAACTGGATTGGAC,239
TAATTTGTAAATGAGA,239
TCAACTGATGAGTATA,239
AAACAATGAGGATACG,238
AACGCATAAATGGCTC,238
ACCGTAATCGTCCCGT,238
AGAAAAAAGCAGGAAG,238
AGGCTATAAAGTTAAC,238
ATCTTCCTTTAGAATA,238
ATTATTTATAATTTAA,238
ATTCAAAGAACCATGC,238
ATTCAATCCTTTATAC,238
CATTAAAAGTTTACAC,238
GACTCTCAATATAGAA,238
TAAATTTTAGAAACAA,238
TCTGCACGGATACACT,238
TGTGCCAACCTAATCA,238
AAAAAAACGCCCTAAA,237
AAAATAAATACTTATT,237
AAACTTACTGCATAAC,237
AAAGACTAACCATTGA,237
AAATCTTAGCAATACC,237
AACATACCATGATACC,237
AAGTTTCACTGAAAAT,237
AGCCACAGATGCCATG,237
CATACCCTAAGGTTAG,237
CCAGAACGGTCTTACA,237
CCCGAGCAGAGTCGGG,237
TAAAGTTCAGCGCTGT,237
TAAGCTTAAACGACTT,237
TATAATATAAAAACCA,237
TCAGGGTCGTACTTAT,237
TCCGCTTATCCCCTAT,237
TCGCCAGGAATAACCG,237
TGTGATAGTCTGACTA,237
TTAATATTAACTACTC,237
TTCTAGAACACTTAGA,237
TTTGTATCACCGTGTT,237
AAAAAGTTAGTGGAAA,236
AACCTATACGAATTGA,236
AAGACCAACAGACTAA,236
AGTAATTATAGAAATA,236
ATGCCACTAGTCAACT,236
CAAAAGTATCAATAAC,236
CACCAAAAAAACCGTA,236
CCACTTTTCACTGCGA,236
CTCTAAAATCACTTAA,236
GAGAGCATGGTTAAAA,236
GCGGCCAAAATACACA,236
TAAATAATTAATACGA,236
TAACGTGGGACTAACA,236
TTACACGGCTTACACT,236
ACATGTCTCAAAATAA,235
AGATTTCAAGGCCGCT,235
CTATAACTGAGCAACA,235
GACTCCCCGCGACTAT,235
GGACACCCCGCGTTGC,235
GGATACGTATTTATTC,235
TAAAGTCTGGCCCAAA,235
TAACCACGGCTTTAGT,235
TAACCTTTGTAACAGC,235
TATATAGTAAAAAATC,235
TATATGACACATAACA,235
TCCCCATGCGCATTTG,235
AACACGCATACCCAAT,234
AAGCCAGGAGAACACC,234
ACGCACACCTCTAAGC,234
ACTACGCTATCGATAA,234
ATTATGATACTCCGTA,234
GCAAGAAACCCGTACT,234
TCAAATTTTTACACAA,234
TCGGCATTATGGTTAT,234
TCTAATTTGCTGACAT,234
AACAATCTCGAGGAGT,233
AAGAAAATATTTTGAC,233
ACATATTGCTGAAAAT,233
ATAAACACAGGATTCT,233
CATATCATAGATCAAG,233
CGATATCTACAGATAA,233
CTTGAAATAAGACAAC,233
CTTGGACTCCCAAGGT,233
GAATAACCAGAAAAAG,233
GCATCTTCCCCAAACA,233
GCCACTGCCGCTATCA,233
TAATATTCCTCCGACT,233
TCATATCGAGGCATGC,233
TGGGGAAATATCGAAC,233
AAACCGAGTTAACTAC,232
AAATAACCAGCTATAT,232
AACCAAATCAAATAAG,232
ATTAATTCCAACCCCT,232
CCTCCAACTCCATAAT,232
CGGGTACGACACCCTA,232
GCGACTATCGACATTC,232
TATAAATCTGAACGAC,232
AAAGCTCGTCAAGACC,231
AAGATTAAATCCACAC,231
AATTAATATCTCGCCT,231
AGTCCGATATGACGAA,231
AGTGGAGTATCTTTAA,231
ATAAGCCAGAAAGAAC,231
CAAGATACGAAATTTC,231
CGGACATGCACAGAAT,231
GAATTGGTGAAATATA,231
TACCATTAAACAAATC,231
AATCTAAATAAGCACT,230
CCAAATTGACCGAGGA,230
GAAGACTAGGAATGCC,230
TATATTGAATGCATCT,230
TGCCCCAGATTTGCTT,230
TGCTTGTTCCTTTACA,230
TTATAAAATAGTTATC,230
AAAAGGTTCATAACGA,229
AAACCGCAAAGAACAT,229
AAATTTACTATGGGTA,229
AATCTGGCTTACCACT,229
AGACTTGGATAGGGGC,229
CAGGCTAGACAACGGT,229
CCCCCCCCGATAAACC,229
CGCTAATATTTAAACG,229
GACAAGTATTGACCAT,229
GCGTTATAGCTACAAA,229
GTCGTTATCTAATAAG,229
TAAGTTGACAATGAGC,229
AAAGAGAAAGCTGATC,228
AAGGAAGCTCTATGCT,228
ATCGAGATAGTAGAGA,228
ATCTCACTTTATACGG,228
CACTTGAATTAACTTA,228
CCAGTCATCCTAACGC,228
CTTATAATCTCAGAGC,228
GATAAGAAAACGGCTT,228
GCAACCAAGGACATAA,228
GTCGTGAATTCCTTCT,228
TCTGCCCATATTCACA,228
TTTAGACGATGGGTCC,228
AAGATTTGATACGGAA,227
ACAGTGTTGAACCTCA,227
ATCCAAGTGCTGAAAG,227
CAAAAATAAAGTCACA,227
CCAACGGCCTCTTTTG,227
CCTACTGAAATTAAGA,227
CGTGGAAAAAATAAAA,227
GAACCTATCGTTGCAG,227
GGTGCCCCTTTCAACC,227
GTTATTTATTAAAATC,227
TATTCAACGTTAAGAT,227
ACAGTTTAGGATAAGT,226
AGGAAGGAAACCCAAA,226
GTCCATAAGCGACACC,226
TTAAGACGGCTATTAT,226
TTAGCGAACTCGGCAA,226
TTTGTTGCCTTCTGGT,226
AACGACCGGTCGATTT,225
ACATGTCAACATAGCT,225
ATCTATTAGTAGATAT,225
CAAACGTGAACTAGTG,225
GAACATAGGGTTATAA,225
GGACACTTTAATACAA,225
TATAACGAAAGTTGAC,225
TCAAAAATATAAAAAA,225
TCAGGCAGAGCCCCCA,225
TCGGAATAAGTCTTGT,225
TCTGAGGCGTAGTTCC,225
TGCCGCTATGCGAACT,225
ACCAACATCACGAATT,224
ACGGGGCGGGCACCAC,224
AGACACCTACCACCTG,224
AGATACACAGTACAAA,224
GAAGATCGAGACAACT,224
GATCAATATTAAGGCG,224
GCTAGATGGGACTGGT,224
TAAACGTTTTTGCAGT,224
TCCGAAAGTATGTGAC,224
AAAAACTAAAAGAAAC,223
AAGGTTTAAAAATAAT,223
AATAGCAAGGAAATAT,223
ATTCGAATAACTAACT,223
CACTTGAATAGGCATC,223
CTCTATAAATAAAACC,223
GAATTTTGTACGTTTA,223
TAACAAAAAAATAAAT,223
TGCAAAAGTCTGTAGG,223
TGCACAAAAAGGGTCC,223
TGGCACCCTTTTCGAG,223
TTATCATGAAGCAAAT,223
AAATCTCCCCAAGCCG,222
AACGTATCCGTGGCGT,222
ACGGCATGTATTTAGA,222
ACGGGGTCTTATCAGC,222
ACTTTTCTTAAACCAA,222
GAGAAGGAGCTCTACA,222
GGCTAAAATCTTAACT,222
GTAAAATAAATCAAGT,222
GTTAGTGCAAGATCAA,222
TACAAGAGCAAAATGT,222
TTCCAAGCTCTAGAAC,222
AACTAAAACGTCCCCT,221
ACAAAAGCTTAACTTA,221
AGATGGACATTCTAGG,221
CAAAATTAACAGAACC,221
GTTCATTATCATATTA,221
TATAAATGACTGTTCA,221
TTATCAGGCGCTCTAT,221
AACTATTAATACTAAT,220
AAGACTTGTAAACATT,220
AAGTATGAGTACCCGA,220
ACACATGCACCGAAAT,220
AGATCGATGCTTCCCA,220
AGCCCCAAGGTCTAGC,220
ATCGATAATTTATAGC,220
CTAAAACCAGAGTACG,220
GCACTTGAGAAACTGA,220
TACCTTACGGTGTTGC,220
TTAAACGTCAAGTAAA,220
AAACTTGCCATCAGTA,219
AACAATCGCAAGGAGA,219
CACCCGGAACAATCGA,219
CCAAGCTAATGCCCAT,219
CCTACCGATAAGAGAA,219
TAGAAATAGTAACCTG,219
TCACATACGTTGAAAA,219
TCAGTCTAAAAACCAC,219
TTCCAATTACGTATCG,219
TTTTTCCGCGTAAATA,219
AACAACTGTTAGTGGC,218
AACGCCATAACAAACA,218
AGAAGGTATAGTTGCT,218
AGCAGCTAATCTTGAC,218
AGCCGGAGTCCACTAT,218
CAATGCGATATTCTAA,218
CTTTTAGTATTACAGC,218
GCTAAAAACAACGACT,218
GGCATGCCGAACACCA,218
GTATTATAAAAAAAAC,218
GTCCACCTACCTGATA,218
TCATGATAATTTAAAG,218
TCTTAGCCCAGCAATC,218
TTAATTAATATTACAA,218
TTGTGAGCGAGCAACA,218
TTTTTAAAGGTTAGGT,218
AAATTACCGTACCCCG,217
AACAAATTATTATGAC,217
AAGGCTAAAAGGACTA,217
AATTCTTCAGACAGAT,217
AATTGATATACACAGA,217
ACTTTAAACGCTGGCC,217
AGCACCCCTCTAAAAA,217
AGTCGATCAAAAATCC,217
AGTTCATCAATGCTTA,217
CCAACACATATGTACT,217
CGTAAAATGAGGGTAC,217
CGTAAACACACAAACT,217
CTTATGAAGCTGTCAC,217
GAGCTTGCCTCAACAA,217
GGTTTCAATCATTCAT,217
TCTTCACTACCAAGGC,217
AAAACTCCCGGACAGA,216
AATAGATAACAAAAAG,216
AATCATAATAACCCCC,216
ACCCCCGAACGCTCAC,216
AGATTACATGATGAAT,216
ATATGAGAAGCATCCG,216
CAAACAGATGAGTGGA,216
CAGTAACTGAACTATA,216
GAAGAAATATATACCC,216
GAAGAGCTTCTCGGCT,216
TACCTAATGCTTGCAC,216
TTAGTGATACACTCTA,216
TTTGAAAAAAGACGCT,216
AAATCCTTGCGGGTTG,215
AAGCGAGACTTTGGAA,215
ATACTATTAACACAGG,215
CACTAAGAATAAGTTA,215
CATATCAAATTCCATA,215
CCGTTAAGCCGAATGG,215
CGACACGTTATTTAGC,215
CGTAAATCTCAATACT,215
CTATCACCACAGAATA,215
GTAAGCCTTAGGAAAG,215
TCAATGAGTCTGGATG,215
TGAATAGACAGCTTGG,215
TTAGACTTCATTGAGC,215
AAAATTCAAAATCCTT,214
AGGGAAACGAACATAA,214
AGTGTTTCAACTCCTC,214
ATAAATAGAGGGCCAT,214
ATATTAATGTATAAAT,214
ATTAATGTCAATATGT,214
CTACCAACACTTAAAT,214
GACTCATTTAAGCTTT,214
TAACCGTGCTAAAAAG,214
TAGTATGGAGATTTTT,214
TTAATCTTTTGCATAC,214
TTCAGTTAGACACAAT,214
TTGTTTTGAATAGACT,214
AGGAAAAAATTTAAAA,213
CAAAATGAGTTGACAA,213
CAATTACTATTCAAGA,213
CGGTGCTTGCAAAAGG,213
GTCCCGATACAACCAA,213
TGATGTTAAGAGAACT,213
TTACCACGAACCGCTT,213
TTATCCAACCATGCGC,213
AAAATACCACATAAAC,212
ACACTAAATAAAGGCG,212
ACAGGAAGCAGCGAGA,212
ACCGTCATTAATCGAA,212
ACCGTCGGAAATGTGG,212
CATGGCCGGAGTAGTA,212
GCACTTTCTTGGGTTT,212
GGGAAGAGAATATTCA,212
GTAATCCATATTATAT,212
GTTAAACGAACGACAA,212
TATACTACTAGTGGAA,212
TCGTCTGATAACAATA,212
TTAATAAGAAATCTTT,212
AAAAATTGAATACGGT,211
AAAACGTTACGAAAAC,211
AAGAAGCTATTTGTAA,211
AATAGCCCATAAGTAC,211
AGAATACAGCAGCGAT,211
AGCCCTAGTTATGCAC,211
AGTAAGACCACCTTGA,211
AGTTTCCTGCCAATAA,211
GAAATTGCCTACTATT,211
GAAGCCACGGTAGACA,211
GTACGCCTGACTCCTT,211
TATCTGCGCATACCAC,211
TGTTAACCAATCGGAC,211
TTACAACCGTAACTAC,211
AAAGCTAAAAACACCA,210
AAAGTTAATAAGGTTT,210
ACATCAGACGTAAATA,210
ACATCAGTTATCCACT,210
ATACAACATCTTAAGC,210
CTAGATTTAGGCAGAG,210
GTAGTTATAATGCTAA,210
TATTAAGAATCAGGTT,210
TTATACAAAATCTCAT,210
CATCTGTTACAATTTA,209
CTAGATTACACACATG,209
GAAAGACAAATACAAG,209
TAAACCACTGTCCTAA,209
TCAATCGTGATATGCG,209
TCAGATCAATCCACTT,209
TCCATCCTCTAGGTCC,209
AATGAGTCCCATCAAC,208
ACCCCTAAAACACTTT,208
AGACAAACAAGGCATG,208
AGCACCCAAAGTTCCC,208
GATATTTGTAACCACT,208
GATCGATTGTCGTTAA,208
TACTTAAAGTAATAGA,208
TCTGTTAAATTTAGAA,208
TTCCCGTGACAGATAG,208
AAACGACGTTGCGCGC,207
ACATAACCTTTTGCAA,207
CAACAAACCTAACATC,207
CCTACTTATTCTCATT,207
CGTTGTATAAGCCGAA,207
CTGTTGAACGGAATAT,207
GCGGAACAAGACGGAG,207
GGACCTACATGGACAA,207
TAGAAAAATGATGAAA,207
AAATATTACAGTAAAT,206
AATAGTCCTCCACTAC,206
ACGTCAGGGAATAATG,206
ACTAATAGGCTGCATG,206
AGTAAAGTAACGAAAC,206
CAAAACATTTTCAAGT,206
CTCGAATAGAAATCAT,206
GACCTAATATACCGTA,206
TAGAAAATTTCATAAA,206
TGTTGAAGATTTTAAA,206
TTAATTACGAACCCCC,206
AAAAATTGGAGAGCGT,205
ACCCCAACAACCATAC,205
AGTACGGAGCGGACAG,205
CAGATAACATAGTCGC,205
CGATACATTACTAACA,205
GCGATAAAGTACGCAG,205
GTAATCATAGGACCGA,205
TAATGCTAGCATTCAT,205
TGGCGAGGTTTTCCAC,205
TTCTCCCGCCATATAG,205
AAAAAAGCACAAACAA,204
AACGACGAAGGTCTGT,204
ACAGGGATATCACGGA,204
AGCATAAGATAATATC,204
GCAATGGTGGTATAAT,204
GCACGTACGATCTATA,204
GCGGAATAATACGACC,204
GTAACACGCACTTATC,204
TAGATATTCTTTATAG,204
TAGCTGCGCCCAATCA,204
TTAATAACAAGATATA,204
AACTCTTTGAATCATA,203
ACCTGTGAATCAACTT,203
CGAATAATTAGCACAC,203
CGTAACTAAAGACTAC,203
CTAAACCAAGACCTCT,203
CTACGGAACAGAGTGA,203
GCCGTCATTCACCCCG,203
GCTCATATTAGAACAG,203
TGGCATTTGACCAAAA,203
AGAAAAAGTGATAATC,202
ATTTATTATGGGCGCA,202
CCAGTGCTTACAAAGA,202
CCCTCTTGGAAACTTG,202
CCTCATAGCTATACAT,202
CGAGAACTAATGCTCC,202
GGGTTATGTCCACTGA,202
AACATACTATGAAAAC,201
AACATCTGCCTTGAAA,201
AACTTAACTGCCAATT,201
AGAACTCCGTCATGAG,201
AGCCCCTTAAACCAAA,201
ATAGAAACTTAGGATA,201
CAAGATCAGCGTGGAT,201
CAATTAATCTAAAAAA,201
CTTTCCGATACAGAGA,201
GACCTTAAAAACTACA,201
TCGGCATACGAACCCA,201
TCTCTGAATTGGTACG,201
TGATTTACCTACATTC,201
AAGAGTACATAAGGAA,200
AGCTAACTCAGTTTCA,200
CTATCAGTGAAATTAT,200
GATGACACATTATGCA,200
TAGAATGTTGGTTCCA,200
TATCGGAAACCAAAAA,200
TCGTAGCATACTTCGC,200
TCTCACAAAATGTAGG,200
TGTTATTGATTAACGC,200
AAACGTGAACACATAC,199
AAGACTACACAAGAGC,199
AATAGCCCTGTCGCTA,199
AATAGCGCCTCAACCA,199
AGAGAAAATTATATTT,199
ATAATGACCCCAGCCA,199
CCCCACCAAACGATAT,199
CGACCTTCAAAAACCA,199
GATTTTGCAACCGCAC,199
GCCCCCAAACTTAAAT,199
TTTACTAAGACCTACA,199
TTTTTAAAACCGTCAA,199
AAAAAAGGAACCCAAA,198
AAACATCAAATGCCCC,198
AAAGGCATCACAGTTG,198
ACTAACGTAGACACCC,198
ACTCCACCTCGCGCGA,198
AGTCAACAATAAAGAG,198
CTATGCGGTGGCAACA,198
GACAATTTTTTCGTCC,198
GCACAGATCCGTGTCC,198
TACCACAGAGAGACCA,198
AACGACATAAACAAAT,197
AATATATAACCATATT,197
AGGACTATCACTAATG,197
ATAGAATTCAGCTCCA,197
CAAAATTTACGCCCTG,197
CCAACGCAGAAATTAT,197
CCTAAAGAGATAACAC,197
CTGCAGACTTGTTAAC,197
CTTTCATGGACAGACG,197
GAAAAACCGACCTACA,197
GGTTCAATTTCATCAA,197
TAATAAAGAGTGCTCC,197
TTGGCTGGTTTCAATT,197
AAGAGAAATTTAACCA,196
AGAGTCGCAAAACTCG,196
AGGGTATTGAGCATTA,196
ATTAACAACATGGCAG,196
CCTATATTAAACACAC,196
GATGCGTCGCTCTACA,196
GCAAAGCTCAAGACAG,196
GGCGTGAGAATGTTCG,196
TATCCCTTAATCTTGT,196
TGGAACCGTGACTCCT,196
TTATGATCTTGAACTA,196
AAAGACTTTGTCTCGC,195
AAGACCAAAATTCGAT,195
AAGATAGGAGCAATAG,195
GAAGAGAAACCACAAG,195
TAATACAACCATTCTA,195
TATAGTTATTAGTCAC,195
TCGGTCTCAATTTAGT,195
AACTACTCTACTTTCG,194
ACACGCTTGCTCACTA,194
ACTCTGAAGCAATCCT,194
ATATGAAAGATGAAAC,194
CCACAGAATGTTGAGC,194
TACAAGAAATCTGATC,194
TACTTAGTCCCAGAAC,194
TCTAACAAACCTACAG,194
AAAGTCTGTCTCACAA,193
AACAATTACCTTCTAA,193
ATGATCTATCACGCAA,193
CAACCCATCCCTCCAG,193
CACGTTCACTATTCCG,193
GAATCAGAATTCTTTT,193
GTGATCGGCCTTCGTA,193
GTGTAACTATACAATA,193
TAATCGAATGAAAATT,193
TGTCCTCTCTCTACCT,193
TGTGCGAGAACGGGAA,193
AAAGCTTTACAATGCA,192
ACGAATGGTAATAAGT,192
AGCAAAAACAAAACAA,192
CTAAATCCTACTCACA,192
GATAAAACATTAGCCC,192
GATCGCAACAGTAATC,192
GCCTCCATCCTAATGA,192
TACATTATTACTGGAT,192
TACGTATATAATCCCA,192
TTAGAAAACCTAATCT,192
TTGTCAACGCGGTGAA,192
AGTCGGAGATACTGAA,191
ATGACAACGACCATTT,191
CCCCCGTGATTTAAAT,191
CGATTCATGCCGGCTG,191
CTTAGGTTAAGTGCAG,191
GATCCTGGTTTAACGG,191
TAAAAGAAGAGTAGTT,191
TAAGAAAACTTCTGAC,191
TGCATTCAAATAATGG,191
TTACCATACCAATACC,191
AAATACATTGTACACT,190
AACGAAATAGCTCTAT,190
AATAATATAAGAGCGT,190
ACATAACCAAGGGAGG,190
ACTCTAAACTCCTTAA,190
AGTGGCGAGACCATTG,190
ATAAGAATTCCAATTG,190
ATCGAAAGCACACGTT,190
ATCTTCGGACAAGTCA,190
ATGTGACATGACTCAG,190
CCCAACGTCATTTCCC,190
CTAATATTCGACACGG,190
CTCTAATCTATAAAGT,190
CTTTGTATGCATGATG,190
TGGTTGAAGCGTCCTA,190
TTAAACGATCACTACA,190
AAGAACACTGTTTACC,189
AGTAGATTTCCGAAAC,189
ATAGATCAATGCCGTG,189
GGAATCACTGAAGTTC,189
GGAGCTAAAAAGTCCT,189
GTCACACATCAATAGA,189
AACAAAAGTATCCCAA,188
AACCAACGATACGTGG,188
AACCTGACCAACTCCT,188
ACTCATATAATGAAGT,188
AGATATGCCTTATATA,188
ATTTTGATACAAACCT,188
CCGACAGAGAAGTCGC,188
CCTCCCCCTTTTGGAA,188
GAAAATTCTTGAATCA,188
GAGAGTTCCGAAAGCG,188
GCAGGTCTATAATACG,188
GCATTCAGACATATTT,188
GGTAAACAACCGCGTC,188
GTATGGTCTTGTTGGA,188
TAAAACGGGATCACCG,188
TCTGTGAATTATGAAG,188
TGATTAGGCAGGTTAC,188
AAAACGTGTTTGTCTT,187
AAGTAAAACGCACAAA,187
AAGTCACAATACACTT,187
ATTGACATAACTTTAT,187
CAATTTAGAGATACGA,187
GGTGCAATATTATAAA,187
TGCCCGACCAACGGAA,187
AAACCGGCACCCACCA,186
AACCACAGAAACTACT,186
ACTTTAGTAGACAGCA,186
AGCTCTAAACAAGATA,186
AGGTACGCTGGTCGGA,186
AGTATATACTTCCCTT,186
CCAAGGACATAAATAT,186
CCCTCATTCATGTCCA,186
GATTGACTACGGAATT,186
GCAAAGTTCCCAAATT,186
GCATAATTTACGGTAT,186
GCCGAAAAACAATGCA,186
GGACCAAACTAAAACA,186
GTCTAACCGATGACGC,186
TTCAGCAACATACTAT,186
TTGACACCTCGATGAG,186
TTGGTCTCTAGGCTAA,186
ACTATGGACGCAGGTC,185
AGTCTGCCGATGGTGC,185
CTAAACCCGGACTGGT,185
GAACTTTACTTATAGC,185
GAATTGAAATTTCCGA,185
GCGCGGAAACGCGTTT,185
GGACCAACCGACGTCA,185
GTCCCATGAAAATCAA,185
TGTACAAATCAACAAG,185
TTCTAGAAACAGCCCG,185
ACAAGGCACAAAAAGA,184
ACGTACCACGAGAATT,184
AGCACTAAACGGACAT,184
AGTGTGCTTACACATT,184
CCACAGCTGATTGACA,184
CGGACTCACGACATAA,184
GACGAGGATCGCTAAA,184
GTCCAGAAATTTCTAA,184
TAAACAATATCTAATT,184
TAATATAATTAGCTAA,184
TAGATAACTGCGTCAT,184
TATTCGTATTAATAGT,184
TCAAAACAACGGGACA,184
AAGGCACTAACTACCC,183
AAGTAAGGACCTGACT,183
ACCGCACGCTGGCACA,183
ACTCTTTAAACAGCGG,183
AGCCAGGCAAATTGTC,183
CAAATGTAGTGACATT,183
CATACTAGACTAGCAA,183
CCCTATCAGTGACATT,183
CCTTTTATGACAAGCT,183
CGCGACACCAAATCCC,183
GAATTTAGACTTTCCA,183
GCACAGCAAAATAGCC,183
TGACTGGTGCGTCTGT,183
TTAACAGGGTATAATG,183
TTCAAAAGAGATACCC,183
ACGCTTTACAAAAAAT,182
GACACGAGCTTTCGAT,182
GCGACCCACTAAGACT,182
AAACTTGTGCGCAGTA,181
ATGATTTTGACCTCTA,181
ATTGATACAATAATAC,181
CAAGATCGACTGGGTT,181
CACAGCAGAGATACAA,181
CGTCGAATTCATTCCA,181
CTCTTTTAACGGATGA,181
GCATGCCAGGTAACCA,181
GCGTTACAACCCAGGA,181
GGCGGGGTCGTGCCCT,181
GTAGAACACTCTACAC,181
TTAGGAGTAGAACTGA,181
AGTATAGTAATGATCC,180
GAACCTAGCCTTTGTT,180
GGGTAACGTCAAAAAT,180
GTACTGCAGACCCCAA,180
TCGAAGTTCGGATATA,180
TGTTCCATGTGACGCT,180
AAGAACCATTAGCCAC,179
AGTAGCGAACACTATG,179
ATAATAGAAACAAATC,179
CCCGAATTACAGATTA,179
CGGAATTTCTATAAAT,179
CGTGCAGATTTAATCA,179
GATAACATCAGCCCCG,179
GGAAATACGCCACTGA,179
TATAAATAATACTAAA,179
TATAGATTTAAATATA,179
TCAACAAATTCCACCT,179
TGTTTTAAAATATAGA,179
ATGGCGGCGATTTAAT,178
CCATTGAACATTAATA,178
CTACTTGGAAAGGAGC,178
GAATGCTTGCGTATCA,178
GCACCATTACCCAACG,178
TAGATATTATAGCCCA,178
TAGTATTGTCACGTAC,178
ACCAAACTGGGGATGA,177
AGACTAGATGTAGCTT,177
ATACGATAATATACGA,177
ATCGAAAACGCGCAGA,177
CCACGGACCCATCAAA,177
CTCAATACACAAGCGG,177
GGGGCGATAGTTTTAT,177
TATTGAAGAGCGATGC,177
AAATCAATTACCATAC,176
ATCTTCTTATAAATAT,176
CACGTATCAATCTAAA,176
AATGCCTCTGAATAAC,175
AATGGGAACCTCAAGC,175
ACCCAGCAATTTAAAA,175
ATTTAATCAGATAGAC,175
CCCATTCCAAATATTT,175
GACACCCATTATTGAA,175
TCCGAACAATGTTGAA,175
ACAAGTTCAAACCACG,174
CCAGACACATTCTCTT,174
CTGAGGAACCATGGCT,174
GCAAATGTTCAAATAA,174
GCAAGATTCACATACT,174
TATTCAATTGACTATC,174
CATCGGATCTTCCAAA,173
CCAAAATTGTATCAAA,173
CCTAGATCATAACGTC,173
CTTAAGGTGTACACTC,173
GACTATACATTAAAAT,173
GCGATAAATTACTGTA,173
TAAATACTCTAGGACC,173
TCTTTTCGCGCCCGCT,173
TTTCGGATATTTTCTT,173
ACGAAACAATAGAATT,172
ACTAAGTTTTCGTAAA,172
AGAACAGACAACCACA,172
CTTATAGAGTGTTCAG,172
TAGATTGAGTTGTTCG,172
TCTTTATATACACGTA,172
AACGACTTAATATTTA,171
AACGGACACATTGAAA,171
AGGAGTTATCTTAATA,171
CTCGGACAGAAGGAAA,171
GTCACTGCAATGAACA,171
TTCAGTCACCGATACT,171
TTCCAAAACTAAAGCA,171
ATAACAGTTCCTGGAG,170
CACAAAACACCGCAAG,170
TCAGCGTGCCGTCCGT,170
AATTAAATTTCCCGAC,169
AGGCGGGTATATAAAG,169
ATATGAACAAGTAGGA,169
GCTATTTAGCCGATAT,169
TAAGTATTAGGCATCA,169
TACAGTGCGTGGCCAC,169
TATTATAAACTACACC,169
TCGATGACCCAAAAAG,169
TGATGACCACTAATCT,169
TGCTACAGAACTGCAC,169
AACATAGGCGCGAGTT,168
ATCCTAAAAGATTCTC,168
GCGATAAAGATTACCA,168
TACACGATATATTATT,168
TTCAAAATAGCAACTC,168
AACACGCTTTCGAGTG,167
AACGCCATTAAGGTTC,167
AAGGCTGTGGAAGTTG,167
ACTAATCAATTTAGTG,167
ACTGAGTATATAATTT,167
CAGCACAAATCGCTAG,167
GAAAAGAAAGGCGAGG,167
TGATGAGTAGATACTG,167
AACAATCGACAACGTT,166
AACCTAACTAAGCCAA,166
ACTACCAAACCAACTC,166
ATCGTATTTACCTGGA,166
CCCATTCTCCGGTCAC,166
CTATTTGTCATAGATT,166
CTGGCCGTGTTAAACT,166
GTGACTTAAGGGCGCC,166
TGCATAGAGTACAACG,166
TGGGTGCAGTTGCCGA,166
AGGCCGACAACTAGGC,165
ATAATCGACATAAAGT,165
ATATATCACCTTCAAC,165
ATTAGAGGCCAACGAA,165
ATTTGCCCCGCTTTTC,165
GCTCCCTCACCGATAA,165
TACGACAAACATGAAC,165
AAGCACTGTACCAGAT,164
AATTGTCCAGATATGA,164
ATACCCTATTTTGATA,164
CGCGATATGAGGATGG,164
CTACTCATAGAGCCAA,164
CTTCTGAGCAAGTAAC,164
GCGATAACAAGGCTCA,164
GCGTGATGTATTTTCA,164
TAAAATCCGACCATAA,164
TATGATCAAACCAGAA,164
TGCTTAAACATTGTCA,164
TTTAAAAACACGGAGA,164
CCAGCAGTTCATGACA,163
CTATGGTAAGCACGAA,163
CTTTAAGTTGGCAACT,163
GCAACACACTATAGAG,163
GTAGTCAAATCAGCCC,163
AAAATTTCAACCTAGC,162
ACGCAAAACGAATACG,162
GAGAAATTCGAAGAGC,162
GAGGTCATACAACAGC,162
ACTAAAAATCAATAAA,161
CACAGACTGGAGTCAC,161
CAGCACGCTAAAAAAA,161
CCTTGCAGGGGACAAT,161
CGAACACGCTTCAGCC,161
GGTTACGACCACCACC,161
TTACCTAAGATTAACA,161
TTCTAATGATCCTCGT,161
ACTAATACACAGCAAT,160
CTTCATCCCAGAATTT,160
GCTTAGGATTGTCAAC,160
TAAAAAAAAAGACGAG,160
TACTACATTAATTAAG,160
TATTGTTAAGACAACT,160
AATTTACAACTACATT,159
AGGGGGCAGGCCGAGC,159
CAAGGCCCGACTGATC,159
CGAATATTTGAAATGA,159
GATCCACGGTAATCAC,159
GCGGATAGTGCATAGA,159
GGGGTGCCAGCAGATA,159
TCTATACCAAAATAGA,159
AGGATAGCCCATCTCG,158
ATATAACAAAGTTCTA,158
CACAAGATCAGGGGTA,158
CCGGGACAAAATTATA,158
CTAACAAATAATACAT,158
CTCAACTTGATCTCAA,158
CTGCCTTATGCTTAAA,158
GCAGACCAATATCCCA,158
GCCCTTATTGACATCC,158
TAATAACACAATTAAA,158
TAATACTCACCTGCTT,158
AGCCTAATTCCGAAAC,157
CGAAAGTAACGAAATC,157
GAATTACCTTTAAGAT,157
GACAAAGACGACAGAT,157
GAGTGATTAAAGTGTC,157
GGAAAGTTCTACAGAA,157
TATAAGCCCATTATTG,157
TCAGAGTCAACCAAAA,157
TCTGGTGCCCGCCCTT,157
ACTCAGAAAGTTAAGA,156
CGACACAAACGCAAAT,156
CGGTTCGATCCTTATA,156
GGACTAATTAGTAACG,156
GGGGGCCACAACACAG,156
TTTTAGACGGTTTTTC,156
AAGCCTGTGGGCTATC,155
ACAGTTGGCAAACTCT,155
ATCTAAGTGAAAACAA,155
TATCTAAGTTTGCGGT,155
TTGGACACCAAAAACA,155
ACACTGACGAGGTAAC,154
ATACGAACAGATAATT,154
ATCATGTCTAATTAAT,154
CAACAAAAAAAAAACC,154
CCCAACTAATTTCAGA,154
TACCTTATGGAATGTA,154
TATGGATCCATGATAG,154
AAAAATTCGACACACA,153
AAATAACCGACCTGGG,153
AATCCTACGTTAGGCA,153
GCATCTACGTATTCAG,153
GCCATCCGGGATACTC,153
TCACAGATTAACGACT,153
TTCACGGAAAAAGGGA,153
AAATAAGAATAGCAGT,152
ATAATGCTCCAAATTT,152
CAGTTCGTTACATCAT,152
CTTGAACAATCGAACA,152
TTAAATACCGTTGCAA,152
TTCTGGAAACTGCACA,152
TTGCATTACCGCCAAG,152
ACCGCAAGGCTACTGA,151
ACTACACGATGGAGCG,151
ACTGCAGTAACCAACT,151
ATACCACAAGAAACGG,151
ATCTTCTGAATGATAC,151
GAATTTCTCACAATTC,151
GACTTACGAATTAGGG,151
TAGCTCCCAAGAAAAG,151
TTACGGAATCGTAAAA,151
AAAGATAATATATTAA,150
AGAATTGGACGCACTG,150
AGATCGATCTAAACCA,150
ATAATACCAATGGCGC,150
CAATATACCGCATCGG,150
GTCCAGTAGTGTGTGA,150
TAAGATAATCATAGGT,150
TATAGAATAGAGAAGG,150
TTTAACCCCGTCTAAC,150
AAACACCCCCGGTCAA,149
ATCACTAAAATTTGAA,149
CATAACCTACTTCACA,149
CCCTCGATGTTCATCG,149
TTCTAAAATAGACAAT,149
ACACACTTAAAGACAT,148
CAGACAGTTTTTGACC,148
GACGCATCATGCAAAA,148
AACATTTTATAACATC,147
ATAAAAGGGGGGAAAT,147
ATTGATGAAAGGAAGG,147
GCCGCCGTCCCGGGCA,147
TACTTATGCGATACCA,147
TAGAGACGACTCGAGC,147
AGGTCACAAAAACAAA,146
ATTGAAAGACACCAAG,146
CGTTGAATCAAGACCG,146
GGGACAAAGTAAGGTA,146
TAAGGAATAAATTGCT,146
TATTATGCTAAAGAAT,146
TCATATCTGTTAACCA,146
AAACATCAAAGTTTAA,145
ATTAATTGTTATCATA,145
CACTAGAGAGTTAAAC,145
CTAGAGAACATCACCG,145
CTATCGCCATCTCTTT,145
CTCCGCCAGATAAACT,145
GACTAAATGGAGAAAG,145
GTCGGGACGGGGGTCC,145
TCCTTGAGTTCTCCAT,145
TTTAGCCCATAGAAGG,145
ATAAATCTACAGTATT,144
GGTATACCTGCTTATC,144
CAAGCATAAATAGTGT,143
CAAGTGTGAGTATTGT,143
GGCTCATGACGCTGCT,143
TTTCTAACCCATTGAT,143
AGACGCGGAAAAATGG,142
GCCTCTCTATATTATT,142
TTAAGGATTCTAGCCA,142
ACGTTGATATAAGAAC,141
ATAACAGCATACTAAA,141
CGACACTCGTTTTGAA,141
GACATGAATGTTTTCA,141
ACTCAGCCAACATAAC,140
GTCCTGATAACTGACA,140
TAACATACATTGGCAA,140
TTATTTCACGTAGCGA,140
AGTATTATTTAGTGTG,139
CATCAATTATACCAGC,139
TATATAAATAATAAAG,139
ACAAAATTCTGATACC,138
ACACGCAATATAAAAA,138
ACGCAAATCCCTTTAA,138
AGCACAATATTAACAG,138
CTCTCAGTGAGGCATA,138
TAGGATAATTTTTGAA,138
AAGTCACTGATTGCTG,137
ATTCTATATCCTCGTA,137
GCAACTAACCCAGCCA,137
GTAATGGCTCCCGAAC,137
TAAACATCAACTGTAC,137
TGAGAAATGATGTATA,137
AAAAATTATAATGTTT,136
CAAACACACATCGGAA,136
CAACAAATAAAATTTT,136
GTATGTAACACACTTG,136
TTATGAATAACTCATT,136
AATGCTGGTATTTCCA,135
ATAAAGAATATGTTTA,135
ATCGTATCATATAATA,135
GTAATAAATCTAAAAT,135
TCCAGATCGATTAAAT,135
TGTATAAAAACCTATT,135
TTTTTATATAAACTCT,135
AAAAACCCAGACGGCT,134
AGACACGTAAGATTGC,134
CCATGCTTCCAGGATC,134
CGCAGTCCCAATTTTC,134
TGTCAATTATTTTGCC,134
ACTAAAAACGTTTGGA,133
CCATTCAGGCGCAGCA,133
CGGAATACAGCTATTA,133
CTACGAGCAAAGATAC,133
TAAAAAAAGACAAAAA,133
TACAATGCCGATAGAA,133
TTATACATTAAAAACA,133
GCCGTTCAATTAATGG,132
AATTGCTCACGATTTG,131
CCAAGATTACAAAATC,131
CGACATAAACAATGAC,131
AAAAATCAAAAAGACA,130
AACCGATTTTACAAGG,130
AACTGTACGAAAAAGC,130
AGAGCCTTGCGATATG,130
CTAATTTCCTACAATA,130
ACTCTCTCCAAGATCA,129
CCATATATAACAAATT,129
CTCGCATACCCAATTG,129
GATGCTAACGGTCAGT,129
GCACAAATTAGGAAGC,128
TATTAAAGGCGGTGCC,128
AGTATCAAGTAATGCC,127
ATGGCTAACCGTAGGC,127
CATCCCTATCTAGACA,127
CCCACGTACGATATAT,127
TATAGTATTGTGTGAA,127
AAAGATGAAGGTACAC,126
AAGACAGGATACACGC,126
AGCTTTGAAGTACCTA,126
ATAAATTAAGTTTTTC,126
CAATATTATAACCTTA,126
AAATCATAAAGCTTCT,125
CCAAGTACTGTATATC,125
AATCTGAAATGATACA,124
AGATACCTAACCCTAA,124
AGCTGTCACACTCACC,124
CTTACGACTGACTGGA,124
GTCCATCGGGGATGCC,123
TTTGAGAAAATACGCG,123
AATACAGTACAAATCG,122
TTCTCCGAAGACGCAA,122
AAATACACAAATCCAC,121
ATAAGGGACCTGACCT,121
CCGCGTTGGTACTTTC,121
CCTTTCCGCGTAAACC,121
GATTTTGATCGATTCT,121
GTTTACCAGCGATAAT,121
AAACCACATCGAGTAA,120
ATAATAGGCATTTGTG,120
CCCTCCCTGTTGATAT,120
GAGAACCGTGGTCGCC,120
GCCGTATATACAAACG,120
ATAAGTGGACCCGAAT,119
GAATGAACTAAAATCA,119
AACAAGAAAGTCATGA,118
GTACGCAATATCCTAT,118
AGTAGGACTGTCGACC,117
CCTTAGACGCTGAACT,117
GATGTCGATTCCTCGT,117
GCACCCGAGCATAAGA,117
AGCGTTTAACTCTTGA,116
CTTTCACAAAAGAAGG,116
GAATAAATCCTCATAC,116
GACCAATCAAATCCCA,116
TCCTTACCGATGAACA,116
AAACCACCAGATGCAA,115
CAACCATCCACAGCAT,115
TAAGGTCGTCCGAACA,115
TCAATAACAAGGCTCA,115
AACCAAGGACGATACT,114
CTTACGAGCATCCTCC,114
GAACAATTTCGCACTA,114
TACCTAACTTTAGATA,114
TTTAGTTGGGCGAAAA,114
GAAGCCGCTAGAATAG,113
GTCCAGACCAACTTGC,113
TAAAATTGATCCAATC,113
TAAATGGTCCATCTGA,113
CATTTCATCTATAGGC,112
TAACTGGTTATTCGCG,112
TAAGCACCTATCGAAG,112
TAGCCTCCAGGCAAAC,112
TCTGAAACATGACAAA,112
TGAATGTATTAACACC,112
CCTGGAAATAACCCGA,111
AAGTCACCAACTAAAC,110
CAAACACAGAAGATTC,110
CCTCTGGCCTTCTAGC,110
GCCCTTGACCGCATCA,110
GGGAAACAACACATCA,110
TTCAATGCTTATTTCT,110
AAAATAGCGGATGCTC,109
AAGATTACACGACCAA,109
AATGTGCAGACATGTA,109
AATGGGTTAGAAAATA,108
ACACCCCAACATCGAA,108
AGCAATAGGTACCACG,108
GGATATGCCCTGAATA,108
GTCGCTACTGATGAAA,108
AGTGTCGTTTATTAGT,107
ATAAAAAATTGTCCAC,107
TATATATGCGGCTGAC,107
ACTCAATGGTAAGAAA,106
ACACGGCTGCATACTG,105
AGAATAAATAATAGAC,105
AACACTCGACATAATA,103
AGGCAGCAACACGATA,103
AGGGCTGTATGCCAAA,103
CGATTGTGCTCCAAAC,103
TGCCGTCAAGATCAAT,102
ACACACCTATTAGATA,101
ATTAATGCTCACTTAT,101
CATCGTATCCATTTTA,101
CTATATTTCAACTAGG,101
TTAAGTATTATAATAA,101
AAGATAATTACAACAG,100
CGGTCCGACATGACCA,100
GCTGTTGCCCAATTAT,100
GTTATTAATAAATTCA,98
AGTTCTCACGTTTAGT,97
CTATATCGATAGCTCC,97
TTTATCATGCTTTGGC,97
AATTGGAAGTAAACAT,96
TCGAAGAAGGACCGAA,96
CCTCTTTTGCAACCTA,95
ACGTCCCAAACGACAA,94
CGAGACAAAGACTTGA,94
GAATCGGAGAGCTAAC,94
TACAGTAAAAACTGGA,93
TACGAAGCCCCGACAT,93
CACTGGCAAATGATTC,92
CCTTTCCAATGCCCAG,92
TCCAGCTTTCACCGCC,92
CTAAAACACTGAAGCT,91
TCTCTCACTAAAAGCA,91
ACGGTAATACAAATAC,90
AGATTTAAACAACCAT,90
CTGTGGCGTTTTCCCC,90
GGAGATCAACTCCCAC,90
AAAAATCATGAACCCA,89
AAGCCTCAAAACGTGC,89
GTTCACACAAGCTTGC,89
AGTTTATACCTTGTAA,88
CCTAAATAACTTAAAA,88
GCCAACGCTCCGGATG,88
GCTCCCTTTATTCATA,88
CATTGTGAATTGCTTA,87
CTAGATAGAGTAACTA,87
CTCCATTTGATCAAAA,87
TTAAAAGGAGTCGCAT,87
TATAATCTAAAGATAC,86
TTACTAGAGTCGAAAA,86
ACAGGAGACATGTACA,84
CCGAAAGCAACACAAA,84
CCGCTGTGACCCTCGT,84
TAGAGGAATCAGTATA,84
AAGTCATAAGCACTCG,83
GAAGATCTACTTAATC,83
CAAAGTGAAGGAGCAG,82
CCAAAATCATTGAAAA,82
GTCCGTGTTGTTATGA,82
AGCTGTCGTTTTCACA,81
GTGTCACCCACACAAT,81
TCTATGGGCTAGAAAA,81
GAGGATTAATAAGACT,80
TAATTGCTTCCAGGAG,80
ACGATTGGTGAAAGCA,79
TATAACATGAAGTCAC,79
CTAAAAGGCGAAAACA,78
GATTACGATCCTGAGC,77
GCAACTCCTAGATGCA,77
AAACACGCTAATTACT,75
GACCTTCCCCCTTTTA,75
GATACCCTCGCCACTA,75
TCGGATCCCTAGCCCA,75
CGAGGGAGAAAAAAAG,74
GTATAAAACTATGAGG,74
TACGACATTTTTGAAA,74
CCAGCACGGTATAACA,73
AAGGCACCCTGATGGC,72
CGCCATAGTGTAATAT,72
GAAAATCCTCCATAGA,72
TGGTAAGTAGTAAAAA,72
AAAACTCTGTTAAGGC,71
TATGAACGACCCCACA,70
AATAGGCTTAATTGAC,69
ATATATCCCTCACATC,69
CAAAAAATGTACACGG,69
AAGTCGAGTGTAATCT,68
AATCTGGAATAAACAA,68
AATGATCTCATAGAGT,68
AAACAAAATTACTGCG,67
AACCACCTATATAAAG,67
AAAAACTAACAACCAA,65
CACAGTTACTATACAT,65
GCCTTTGATCCCAACA,65
TATATCAGCGGCAACC,65
GAACCGAAGAGACAGA,64
GGTTAATCCAATATCC,64
ACCGTGGTGGATTTGC,63
ACTACACAATCCCCCC,62
ATACTCATCGACTTAC,61
CACAAATTTAAACGTG,61
ACGAGTATCTGACAAA,60
ACGCATAATATAACAA,60
ATGAATGTCTGAACAC,59
ACTTGTAAAAAACTAC,58
AAGTTGTACTAAACAG,57
CAAATACCCGAATTAC,57
GGTCTAAATAATAAAG,57
TTGAACTCAACCGGAC,55
GGTTGTTAACCTAATA,54
TAAAACTACGAATAAG,54
TAGAGACACATACATA,52
CCTTTACCCAGCATCC,51
TAAACAGCGCCAGGGC,49
CTACATTTTTATTGAA,48
ACTGCCTGTTCCCCCT,47
TTAGTAACGATACATT,47
AATCGAAAACATTGAA,46
CATCCCGGACGATTGC,46
CGCCCGGGATCCTAAA,46
GAGTAACACAAATGAA,45
TCTGTCCCTAAATCAT,45
AAGTAATCGAATACCG,44
GAGAATCAGGAATGAC,43
TTACATGTCTACTAGG,43
ATAAAAAAAGGTGTTT,41
GCCTACCCTATGGCAC,41
TAACTAAGCGAAAGGA,41
ATAAAATAAACTCTCA,40
CCCAATTACCAACTCA,40
CGAGCCTCTAGACTGC,40
GTCCAGTTCAAAGTGG,39
TACATATGACCCAATC,36
ACAAACTTATGCCTTA,34
ATAGATTATAATAACT,34
ATTGCTGCGAAAATTT,33
TTGCCACAAAAACAAG,33
TTTCGCGTAGCAACAA,33
CTGTCGTAGAAAAACA,32
TCTGATAAACAAGATG,32
AATATCGTATAGTTCT,31
CTCCACATCATGCTTC,30
GCTTCCTGCAGATGGT,30
AGTACAGTCATGAGAA,29
ATACCAATGGACATGA,29
CCAGGAATTTAACCAA,29
ATGGCAGCCGTCGATA,28
CGGTAGCTCACATTCT,28
TAAATCAACGAAAATT,28
GGACCACTTTTACGGT,27
ATTACTTCATTCGTTA,26
GCAAGGAGTCTATTTA,26
CTAAAAGCGTATACGG,25
GTTCGGCTAAACTGAC,25
CAGACGGCCCGACTTA,24
GTGTCTATCCCTAACT,23
TACCGAAGTCCTTGAT,22
TACTGAACTGGCACAC,22
TCCAACAAACCCTATT,21
CAACAAACTAATATAG,20
GGCGTGACATACATCA,20
GGGTACAGCTCTCCTC,20
TGGTATACTCATCAGT,20
ATCGATAAGACTCATT,19
TCGGTGCACTACCTAC,19
ACGGTAAAGTACAGTA,18
GATCTACATGGTTCGC,18
TTCCGGTGTGAAAGTA,18
AACCCCCCTAGTCCCG,17
TCTAAACCTATCCCTA,17
AAAAAATAAAACCACA,16
ACAAACTTTAAGTGTG,16
CCCGCAATTGATAAGC,16
TGAGCTATGGTTCAAT,16
AACCCGTAAATAAAAC,14
AGATGAGTGATCTGCG,14
CCTCCAGATCTGGCGG,14
GAATCAGCAACTCTAG,14
GACAAATACGGTCGTG,14
CCTCAGACGGGATTAG,13
AACGTATTTATAACGA,12
CATACCATATACTTTT,12
GGTTAACCAGGAATAA,12
TTCCTTCCTTGCAACT,12
ATTAATGATACTAACG,11
GAGTTATATGACGGAA,11
GGCCACTTCTGAATAC,11
ACCCGACGCTTATATA,10
ATCAAACGCATAATTG,10
CGCGTTATAAAGCAAC,10
GAAGGTCTAAAGAGCC,10
GACTAGCTTTCTCATA,10
GTACTCTAAGAGAAAA,10
GTTCCATCACTCTCTT,10
TGTCCGAAGCTACACC,10
AAAGATGGTTACTACT,9
CGCACATTGTCGCAAA,9
CTCCGCTGATTGCCCC,9
TTAATGACTACTCAAC,9
AAACTCCATGAATGGC,8
ACGACACCCTGTAAAA,8
CAATATAAAACAAGTG,8
CTGTCGAGGCATAATC,8
CTTGATAATCAGGCAG,8
TGCTTTAAAGAAAAGT,8
TTGTTCAACAAAAGAT,8
ATCATGTAATGCAACT,7
CAAACCCCAGACGGAT,7
AAAACCATAATCTCTC,6
AATATGATATGAGTGA,6
ATACCCTAAAAAAAGA,6
CAGAAACGACAAGCTT,6
CCCAATAATGCTTGTG,6
CCCAGGTGGCGACTTA,6
GAGGATGCAATTATTC,6
GGGCGAGATTGAACTC,6
TTCTACTAGAACAATA,6
TTGGCCACGCAACTCG,6
ACTAAAGACGATCAGA,5
ATCTTTTTGGCAACAA,5
CCGTATATAAATTTCA,5
CGAGTCTATTTTAAAT,5
CTTTTTTGCAAACTGT,5
GACCCACACAAACAAC,5
GAGATCAGGATAACAT,5
TTACTTGCAAAAGCCC,5
AAAACGGGATACAGGA,4
AATTTACCCAAGTATT,4
ACAACTTATGCCACAA,4
AGTTAGCCTGGTAACA,4
GAGGGTGCGGCTGGTG,4
GTAGATAGTAAGTACC,4
GTCTGGCAGCACTTCA,4
TAGGACAAAGTGAAAA,4
AAAAGCACGGACATAT,3
AAAATTTAAGTTTCAA,3
AACTCGATACGCACAC,3
AATAGTAGAAAGTAGT,3
ACACATGACCAAAGGC,3
ACAGATGTTCCGATCA,3
ACATAGGCAACCAGAT,3
AGAGGGATTAAGAATC,3
AGGACCAAATTCCGCC,3
ATGATAACCATATGCC,3
CAATAAAGAATCACCA,3
CGAATTATGTGTGACA,3
GCAATCAGAATCTAAT,3
TAACATGGGGAGGTGT,3
TCAAGTGATGCAACCA,3
TCGAACACCCAAAATC,3
TCTAATACTGAGTAAA,3
AACGTCTATATAGATT,2
ACATTTTCAAAAAATG,2
ACCAAATCCAAAGGAA,2
AGTTCAGCCACTTGCT,2
ATCCACAAGAAAGAAA,2
ATTCTGCGACGGTGCC,2
CAATTAATCTAGATGA,2
CCAAAGCAAACCTAAG,2
CCCCAGTGGAGATCAA,2
CTAAACGAATACGTAA,2
CTATCGAGGGGCTCAA,2
GACAACAAAATAAACT,2
GATCACCCAGCCGAAC,2
GATTGTATAAAGCGCG,2
GCTTACTTACAATACT,2
GGAGACGTAAACGATA,2
TAGACAAAACTCACAG,2
TAGGTACAACCTACAG,2
TATATTGATAGCCCGG,2
TCTAATATGCAATGTA,2
TCTGTGCATAGATTCA,2
TGTAATAAGGAATCAA,2
TTCGATTAGTTTAATG,2
TTCTCTAGCATTCAAT,2
AAACGCTAAATCAAAC,1
AAAGACGTAACAAAGC,1
AAAGGACATTTATGTG,1
AAAGTGCCCTAAAATA,1
AACAACTTTAATTTTG,1
AAGAAGCAATGCAACT,1
AAGACAAGACGAGTAC,1
AAGACGGTATATATAA,1
AAGCGATTGCCGTTAT,1
AAGGGACGAGATAAAC,1
AAGTTCAGAACCCAAG,1
ACACAGCATTAAGAAA,1
ACAGGTGATATCCACG,1
ACATCTGCAGACCTTC,1
ACATTAATGTCAACAT,1
ACCACCTAGACCGTAC,1
ACCATTTCATTTAAAC,1
ACTCGGGACATAAACA,1
ACTCTGATCTGAATAA,1
AGAATCACCAGGAGAT,1
AGCTCTTTCTTTACCA,1
AGGTTTTGAAGGACAG,1
AGTACGAGTACTAAAT,1
AGTATTGCACATACCT,1
ATAGATGAAAGTGCAT,1
ATAGTGATTATGAAGA,1
ATTCAGACTACTTTCA,1
CACAAGATAAAAAATA,1
CACAATAACCACCCCA,1
CAGAATTATTGATATT,1
CAGCAAGGTCTCATTA,1
CATATAAAAATACCGC,1
CATCCTACACAGACCC,1
CATTTCCTGCAGAATT,1
CCAGCAGATGGGTCCC,1
CCAGCATAAATGCTAC,1
CCCCCCCTGGCGACAC,1
CCCTCCTAACGACTGA,1
CCGACCCTGGTAATAA,1
CCGGTATATCTGGACT,1
CCGGTCCTCCACCAGT,1
CCGTCGATTCAAGCGT,1
CCTACATTACATAGGA,1
CCTCGCCCTTAACGAT,1
CCTGCACTCGAGTCAG,1
CGCGACCATAGGATAT,1
CTGACCATTAACTCCG,1
CTTAGCAACAAGAGTA,1
CTTCAGACGCCCACCC,1
CTTGGACAGCAAAACA,1
GAAAAGCTGAGGCTGA,1
GAACAGGCCCTCGAAT,1
GAAGAAGTATACAAAG,1
GAATACCTAGATATGA,1
GAATGATACAGATCAT,1
GACCCACAGATCCGGA,1
GACCTTCTATCTAAAC,1
GATAAATACATCCACA,1
GCAGCAATTTTAAAAG,1
GCGGAGTAACGGAAAT,1
GGAAGGTTAATTAGCA,1
GGGCGCACTTGAATTA,1
GGTTTCACCTCGACCA,1
GTATCGCAGCTTCAAA,1
GTGTGTGCTGCTCTAA,1
GTTACAATAATTTGCT,1
GTTACTACTCTGGCAA,1
TAAAAAAGCGGACTGA,1
TACCCAATGGAAGACT,1
TACGTTTACACCAGTA,1
TATAAGGAAACATGGG,1
TCAAAAGGGCCGATCA,1
TCTGGTGAAACCCCAT,1
TGACGCGCCGATGAGA,1
TGCAGACATTAAATAT,1
TTCAAATATAATTCTC,1
TTCAACAAACCACAGT,1
TTCGCTTTACAACTTG,1
TTTAAAATTACAACAA,1
TTTAGACGGGAAGGAT,1
TTTGCAGCATGCGATA,1
AAAAAAAAATGCAAAC,0
AAAAAAAACACAATGA,0
AAAAAAAAGAAGAAAT,0
AAAAAAAAGGATATTT,0
AAAAAAACAATCTAAC,0
AAAAAAACCCATGAAA,0
AAAAAAACGCGTCCCG,0
AAAAAAAGAGACGTAC,0
AAAAAAAGTAAGACTA,0
AAAAAAATTTTTAAAA,0
AAAAAACAAACAGGAA,0
AAAAAACAAACTACTC,0
AAAAAACAAGCCCGAA,0
AAAAAACAAGTGGGGA,0
AAAAAACAGCCATTAT,0
AAAAAACGTAAACAAG,0
AAAAAACTATGCCATC,0
AAAAAACTCTGAACGC,0
AAAAAAGAATTGTACG,0
AAAAAAGAGAATATGT,0
AAAAAAGGCGCCGATA,0
AAAAAAGTCTAACGTA,0
AAAAAAGTTCATTCAA,0
AAAAAATAAAAACGGA,0
AAAAAATAAATGAACT,0
AAAAAATACCTTATTA,0
AAAAAATAGCCTAAAA,0
AAAAAATATCAAAACC,0
AAAAAATATTGATATC,0
AAAAAATCAACTATTA,0
AAAAAATCATCTGCAA,0
AAAAAATCCGATTTAA,0
AAAAAATCGGTTATTT,0
AAAAAATGTTTGAACG,0
AAAAAATTACCAGCCA,0
AAAAAATTGCTATATA,0
AAAAAATTGGTTACAG,0
AAAAAATTTCGCCACC,0
AAAAACAAAGACAGTA,0
AAAAACAAGACGAATG,0
AAAAACACAAGCGCGC,0
AAAAACACAGAATAGT,0
AAAAACACCAAATCGA,0
AAAAACACGATTGCTA,0
AAAAACATATACACAA,0
AAAAACATCATTACCA,0
AAAAACATGTCGACCA,0
AAAAACATTTACTGCA,0
AAAAACCACATAACCA,0
AAAAACCGTCCAGTTG,0
AAAAACCTAAAAGGCT,0
AAAAACGACTAGTTGA,0
AAAAACTACTTAACTT,0
AAAAACTATACCATGA,0
AAAAACTCACTTTGCC,0
AAAAACTGCCTTGATC,0
AAAAACTGCTAAGATC,0
AAAAACTGGGTTTATG,0
AAAAACTTATTACTAT,0
AAAAACTTTGATTTCT,0
AAAAAGAAGACCCTGG,0
AAAAAGAATAGCCGAA,0
AAAAAGACGTAAGGGT,0
AAAAAGACTCCGTAGG,0
AAAAAGAGAATCCCAG,0
AAAAAGATTCAATACG,0
AAAAAGATTTACAATT,0
AAAAAGCCACTATATA,0
AAAAAGCGATACCGCA,0
AAAAAGCTCAGTTCAA,0
AAAAAGCTGAGCAAAA,0
AAAAAGGCGTTGACTG,0
AAAAAGGTAGTTGATA,0
AAAAAGGTCACGAACT,0
AAAAAGGTTGCCACGA,0
AAAAAGTAAAAAAATA,0
AAAAAGTAGAGATTTA,0
AAAAAGTTAGATACAG,0
AAAAAGTTTCTATCAT,0
AAAAATAAGAACCTAC,0
AAAAATATTCGACAAA,0
AAAAATATTGCGGGTA,0
AAAAATCCACGTTGGA,0
AAAAATCGGAGCAGAG,0
AAAAATCGGCAGCCTG,0
AAAAATGACATGCTGA,0
AAAAATGTCTTAAGAC,0
AAAAATTAAGGACCAC,0
AAAAATTCAAACTTTA,0
AAAAATTCAAATATAA,0
AAAAATTTAAAAAGGA,0
AAAAATTTAGCGACTT,0
AAAACAAACTATACCA,0
AAAACAAATACTCCAC,0
AAAACAAATATTGGAA,0
AAAACAACCATCAATC,0
AAAACAACTTAAACAA,0
AAAACAAGCAACCGCA,0
AAAACAATATCAATTA,0
AAAACACATGTAACTG,0
AAAACACATTGAGATT,0
AAAACACCTATAACCC,0
AAAACACCTCGTATAT,0
AAAACACGAAACGCGC,0
AAAACACTCAAATAAA,0
AAAACAGACCAAGAAT,0
AAAACAGAGTAATCTT,0
AAAACAGTATTGGGAC,0
AAAACATATTAGCGTA,0
AAAACATGAAACGCTA,0
AAAACATGCCCAGATA,0
AAAACATGGAGATATT,0
AAAACATGTTCCGATA,0
AAAACATTAGTATATC,0
AAAACATTTAGCCAAT,0
AAAACCAAAATAAATT,0
AAAACCAATCAAATGT,0
AAAACCACACATCTGA,0
AAAACCATGGAAGATA,0
AAAACCCAAGACTTCT,0
AAAACCCATCTACCAT,0
AAAACCCCCCCGTCAA,0
AAAACCCCGTTTATTA,0
AAAACCCGACATACCA,0
AAAACCCGATGATAGA,0
AAAACCCTGGCGTAGG,0
AAAACCGGACAATGGC,0
AAAACCTAACTAATTA,0
AAAACCTCACTGAAAT,0
AAAACCTGAGATACAA,0
AAAACCTTTGTCGGAC,0
AAAACGACCGACTGAG,0
AAAACGATTATAGGGG,0
AAAACGCTGTAGAACT,0
AAAACGGAAGATAACC,0
AAAACGGATAAATAAA,0
AAAACTAAACCTTAAG,0
AAAACTAAAGGGTGTA,0
AAAACTAAAGGGTGTG,0
AAAACTACAAGTTGGA,0
AAAACTAGGCTTCGAA,0
AAAACTAGGTTTACGA,0
AAAACTCTGAGAAAAC,0
AAAACTGCAATCAATT,0
AAAACTGCATACAGGG,0
AAAACTGGCTAAACGG,0
AAAACTGGTATCCAAC,0
AAAACTGTACTAAATA,0
AAAACTGTAGGAAAAT,0
AAAACTGTTAGATTCG,0
AAAACTGTTGAGAATA,0
AAAACTTAATTGCCAA,0
AAAACTTACTGAACGA,0
AAAACTTAGATGATAC,0
AAAACTTGCTCGAGAG,0
AAAACTTGGACACGGG,0
AAAAGAAAACATAGTG,0
AAAAGAAAGCAGCAGA,0
AAAAGAAATAATAGAA,0
AAAAGAACAATTATCA,0
AAAAGAACCCCGCTGA,0
AAAAGAAGAAAAATTA,0
AAAAGAAGCAACCAAC,0
AAAAGAAGGAAAGCTA,0
AAAAGACAGATGAACA,0
AAAAGACCCGGAAGCT,0
AAAAGACTAAGCTGAT,0
AAAAGAGACTAGACGC,0
AAAAGAGACTTATTAA,0
AAAAGAGGTATAAAGA,0
AAAAGAGGTCACAGGT,0
AAAAGAGTTATTATAG,0
AAAAGATGATTAACAG,0
AAAAGCACGGACCGTG,0
AAAAGCAGCTATGAGT,0
AAAAGCATTCATAAAT,0
AAAAGCGAGTTGGAGA,0
AAAAGCTCCCCTAAAT,0
AAAAGCTGGGTTTAAA,0
AAAAGGAACGTATCTG,0
AAAAGGAAGCTAAGTG,0
AAAAGGATAATTTCCT,0
AAAAGGATAGACTGTA,0
AAAAGGGCAGAAATTT,0
AAAAGGTACCCGACTC,0
AAAAGTAACCGGGCAA,0
AAAAGTAATATTCAAA,0
AAAAGTACACAAAACG,0
AAAAGTACATATCGGC,0
AAAAGTATAACCTTGT,0
AAAAGTATTAGAAACG,0
AAAAGTCCATGCTAAA,0
AAAAGTCGCCGAACCC,0
AAAAGTGCAAGATACG,0
AAAAGTGCCGCATTGA,0
AAAAGTTACAGAAACG,0
AAAAGTTTTAACCGAC,0
AAAATAAAAAATGGTC,0
AAAATAAACATAGATG,0
AAAATAAACTCTTGAA,0
AAAATAAATTTACACT,0
AAAATAACAACAAGGA,0
AAAATAACAAGATTTT,0
AAAATAACATACCACA,0
AAAATAACATGAGTAA,0
AAAATAACTATTCGTA,0
AAAATAAGTCACCTTT,0
AAAATAAGTTTCTATT,0
AAAATAATCTAAAATG,0
AAAATAATGAAATGAG,0
AAAATACAAGAAGTAA,0
AAAATACACCAACCTA,0
AAAATACCATCCCTAC,0
AAAATACCTCTGATAC,0
AAAATACTTTACAGCG,0
AAAATAGATGAAACAC,0
AAAATAGATTTAAATG,0
AAAATAGCACATTTAA,0
AAAATAGTGCCACACA,0
AAAATATCAAAGTTAA,0
AAAATATTACTTAGAG,0
AAAATCAAAACTTGAT,0
AAAATCACAAAGCACC,0
AAAATCACAACTAACT,0
AAAATCACTATTGAGC,0
AAAATCAGAAAGGCAA,0
AAAATCATACTGTGCG,0
AAAATCATCAATCGGT,0
AAAATCATCCGGAGTA,0
AAAATCCAAAACGCGG,0
AAAATCCCACACCAAA,0
AAAATCCCTAACACAA,0
AAAATCCTAAGGAAAA,0
AAAATCGAACAGATAT,0
AAAATCTAAAATATCA,0
AAAATCTATGTGGAGA,0
AAAATCTTTTGGGACA,0
AAAATGAACCTGAACA,0
AAAATGATTAAATGCT,0
AAAATGCTATGCAACA,0
AAAATGGTCAATTCAC,0
AAAATGTGATTCAGAG,0
AAAATGTTAAGAAAAG,0
AAAATTAAAATAAAAT,0
AAAATTAACAGTAGCG,0
AAAATTATTCCGACAA,0
AAAATTCAGAACTACA,0
AAAATTCATTCCCGTT,0
AAAATTCCATTAGATG,0
AAAATTCCTCTATGCG,0
AAAATTCGGAGAGTGT,0
AAAATTGTAAAAAAAT,0
AAAATTGTGGTCAATC,0
AAAATTGTTACTGAGA,0
AAAATTTACCACTTGT,0
AAAATTTACGGGAAGC,0
AAAATTTGTTGGAACA,0
AAAATTTTATTCCCCG,0
AAAATTTTGACACTCA,0
AAACAAAAAAAATCCA,0
AAACAAAAATCACTAT,0
AAACAAACAATTTCTA,0
AAACAAACACATAGTA,0
AAACAAACAGTCACAA,0
AAACAAAGGAAATGCT,0
AAACAAATCGACCTAA,0
AAACAAATTACGCGTT,0
AAACAACACATCCCAG,0
AAACAACTTTTTCAGC,0
AAACAAGAATAATCAT,0
AAACAAGCGCGCATCA,0
AAACAAGGACCCACTC,0
AAACAAGGAGGATTAC,0
AAACAATAACCTCTAA,0
AAACAATCCTATGAGG,0
AAACAATCTAAGTATA,0
AAACAATTTAATCGGC,0
AAACACAGGCCAGACC,0
AAACACATAATGGGCA,0
AAACACATACATTCAA,0
AAACACCAGATTGCGA,0
AAACACCGCTTCCTAA,0
AAACACTCGATGTTAC,0
AAACACTCTAGAGCAA,0
AAACACTGGGACATAT,0
AAACACTGTATACTTT,0
AAACAGAACGAGTCAG,0
AAACAGAATTAAGTAT,0
AAACAGAGTAAACCAG,0
AAACAGAGTGCAAATC,0
AAACAGCAATCCCGAA,0
AAACAGCACAATTGAA,0
AAACAGGCGAAGAGAA,0
AAACAGGGAATCGCTG,0
AAACAGTAAAATCAGA,0
AAACAGTAGGCGACTT,0
AAACAGTTACTACTCG,0
AAACATAAAACTCTTA,0
AAACATAATAGAGTAC,0
AAACATACGGTCGAAT,0
AAACATCAATAGGACT,0
AAACATCAATTACCAT,0
AAACATCACAGATACA,0
AAACATCAGTTTATAC,0
AAACATCGGTAGGAGG,0
AAACATCTAATGCATT,0
AAACATCTATGGGATT,0
AAACATGAATACGTCA,0
AAACATGACGGTTTTC,0
AAACCAAATGCTTGAT,0
AAACCAACAGTAATTA,0
AAACCAATAATACTGG,0
AAACCAATAGAAATAG,0
AAACCACATAACCAAT,0
AAACCAGAATATGAGA,0
AAACCAGACTTCTAAG,0
AAACCAGCAATAAAAT,0
AAACCATAAAAAATAA,0
AAACCATACATATGGA,0
AAACCATTAAAGCATC,0
AAACCATTGACATCAT,0
AAACCCACCAAATCGA,0
AAACCCACTAGCCTTT,0
AAACCCAGAACACCAG,0
AAACCCCCAAACCGTA,0
AAACCCCTGAAGGGAG,0
AAACCCGAAATTACGT,0
AAACCCTAAAAGGTCA,0
AAACCCTAACGATATT,0
AAACCCTAGATTTTAA,0
AAACCCTCAGACCCAT,0
AAACCGAAATCACACC,0
AAACCGACTATGAAGT,0
AAACCGCCAAACATCA,0
AAACCGCTCATAAACT,0
AAACCGCTCCTCGAAC,0
AAACCTAAAAAGCACT,0
AAACCTAACGTGAAAT,0
AAACCTATTTTCAATA,0
AAACCTCAGATGTGGT,0
AAACCTGTAGATCTAT,0
AAACCTTAGTCCAAAA,0
AAACCTTCAAATTAAA,0
AAACCTTCCCATTCTA,0
AAACCTTCGAAGGTAA,0
AAACCTTGCAAAAACT,0
AAACGAAACGAAATTG,0
AAACGAAGCAACTCTC,0
AAACGAATAAGTACCT,0
AAACGAATAGAGGATC,0
AAACGAATGACCCCCC,0
AAACGACACTCCCACA,0
AAACGCATAATGGACA,0
AAACGCCACCGGTCAA,0
AAACGCCAGATGCACC,0
AAACGCCTAAACTTTG,0
AAACGCGAAGTTAACC,0
AAACGCGCATATACAT,0
AAACGCTAAATTCGCT,0
AAACGGAAGTTAAGAT,0
AAACGGACACTCGTCT,0
AAACGGACACTGCAGG,0
AAACGGACCTCATCGT,0
AAACGGAGACCAGACC,0
AAACGGAGAGATCACT,0
AAACGGCGAAACGAAC,0
AAACGGTACTAGCATT,0
AAACGTCGGCAAAACA,0
AAACGTGATGACCGCC,0
AAACTAAAAAATCATA,0
AAACTAAACACCAAAG,0
AAACTAAATTTGTCTA,0
AAACTAAGAAACAGAG,0
AAACTAAGAAGTCTTA,0
AAACTAAGGTCCGAAA,0
AAACTACACTATTCCG,0
AAACTAGACAAATAAC,0
AAACTATACCAAAGCA,0
AAACTATCACATCACT,0
AAACTATCATGCCGAA,0
AAACTATTAAACCCTA,0
AAACTCAACAGTCTCC,0
AAACTCAAGGACAAAA,0
AAACTCACAAACTACC,0
AAACTCACCTTTACCC,0
AAACTCCGAATTCTTT,0
AAACTCTAAATCGGGG,0
AAACTCTGGAAGAGCT,0
AAACTGAATGAGTTAG,0
AAACTGACTATAATAC,0
AAACTGCCATTTAATA,0
AAACTGCCTCGTAGAC,0
AAACTGCTAGTTTTAG,0
AAACTGTACTAAACAA,0
AAACTTAACTGATATT,0
AAACTTGAACTTAAAG,0
AAACTTGGTCAAGTTG,0
AAACTTGTTTATCTCA,0
AAACTTTACGTAGCAG,0
AAACTTTCCAACTCTA,0
AAACTTTCCATACAAG,0
AAAGAAAACACGAGTA,0
AAAGAAAACTATAACA,0
AAAGAAACATTAGTAC,0
AAAGAAACGAGTCAAA,0
AAAGAAACTAAAATAA,0
AAAGAAAGGTATACCT,0
AAAGAAATCTATTTAA,0
AAAGAAATCTTCTCTA,0
AAAGAACAAACCGTCA,0
AAAGAAGAGAGAAATT,0
AAAGAAGTACAACCGA,0
AAAGAATAAGAAATTT,0
AAAGAATGAAACACCT,0
AAAGAATTATATTGAT,0
AAAGAATTGCCCCAAC,0
AAAGACAAGGGTAAAA,0
AAAGACACAATGCTAG,0
AAAGACACATTGTATG,0
AAAGACGCTAAATCAA,0
AAAGACGGCCAAACCA,0
AAAGACTCGGAGACCA,0
AAAGACTGGCTCTGAA,0
AAAGAGAAAACAAGAG,0
AAAGAGAAATCCCGAA,0
AAAGAGACCCGTTCAA,0
AAAGAGTAGAAAACCA,0
AAAGATATAATCCCCG,0
AAAGATGACCTCAACT,0
AAAGATGAGGAAGACG,0
AAAGATGTAAACTAAT,0
AAAGATTAAAGCATGC,0
AAAGATTACCAGGACC,0
AAAGATTCCAAAGCAG,0
AAAGATTCCAACATTA,0
AAAGATTCCATGATAC,0
AAAGCAAAAACTACTA,0
AAAGCAAAAGGACCGT,0
AAAGCAACTCAAATAC,0
AAAGCAAGGGACAATA,0
AAAGCAATATGTACTT,0
AAAGCAATTTCCTAAA,0
AAAGCACTCAAATGAG,0
AAAGCAGGATACTATG,0
AAAGCCAAGTGTATTG,0
AAAGCCAATGCACAAA,0
AAAGCCTAATGGAGCC,0
AAAGCCTAATTGCAAA,0
AAAGCCTAGAGATAAG,0
AAAGCGAATTAAATTA,0
AAAGCGATCTAGCAAA,0
AAAGCGCACAGACAAG,0
AAAGCGTATACATACG,0
AAAGCTAACCGTAAAT,0
AAAGCTAAGTATATCC,0
AAAGCTGATACAACGA,0
AAAGCTTCGAAGGCTG,0
AAAGGAAACCAAAATT,0
AAAGGAACCATAGCTG,0
AAAGGAATCTAGGCTG,0
AAAGGAATTAACCAGA,0
AAAGGAATTCTACACA,0
AAAGGACAGTGATATT,0
AAAGGACGCATTTTGT,0
AAAGGAGACGCCAGAT,0
AAAGGAGCGTATAAAA,0
AAAGGATCATCGAAGC,0
AAAGGATGAGTTTAGC,0
AAAGGATTGGACTCGC,0
AAAGGCAACAAAAACT,0
AAAGGCAACCCTGATG,0
AAAGGCACAGAAAGAA,0
AAAGGCACTCGAGTGC,0
AAAGGCCCCCAAAATA,0
AAAGGCGTTAAAACAA,0
AAAGGCTACTTTCGCA,0
AAAGGCTGAATTACCA,0
AAAGGGAATAAAGATC,0
AAAGGGACCATAATGG,0
AAAGGGTAAAATGCAG,0
AAAGGGTAGAATAACG,0
AAAGGGTGCTAAACAC,0
AAAGGTAGATTGAACT,0
AAAGGTATAAACGCAC,0
AAAGGTGGATGACTAG,0
AAAGGTTCATGCAGTT,0
AAAGTAAAGTTAAGCG,0
AAAGTAAGTGTTTGCA,0
AAAGTAATCAAAGGTG,0
AAAGTAATCAGAGTAA,0
AAAGTAATTATCATGG,0
AAAGTAATTGTCTAAT,0
AAAGTACCGGTGTTAA,0
AAAGTAGAACACTCGG,0
AAAGTAGCACTCGCCA,0
AAAGTAGTAAAACTAA,0
AAAGTAGTCAACTATT,0
AAAGTATCATGGCGCG,0
AAAGTATGTAAGCGTT,0
AAAGTATTAACAACTA,0
AAAGTCAACGCCCACA,0
AAAGTCCCTGGGTAAA,0
AAAGTCCGTTTAATCA,0
AAAGTCCTGAAAGAGT,0
AAAGTCCTTCTAAAGG,0
AAAGTCGCCTAATACC,0
AAAGTGACCGTATAGA,0
AAAGTGATTGAGATCA,0
AAAGTGGGAAGCCGCG,0
AAAGTTAACAGCCGCC,0
AAAGTTATAGCGAGAT,0
AAAGTTCTATTGTGGA,0
AAAGTTCTTACTGGCA,0
AAAGTTGAATAACTCT,0
AAAGTTGAATCGGGCC,0
AAAGTTGTCATACTAG,0
AAAGTTTCCCTCACTA,0
AAATAAAAACGTAGTA,0
AAATAAAACGCATAAT,0
AAATAAAATAAATCGC,0
AAATAAAATACGTGTA,0
AAATAAAATGGGGACT,0
AAATAAAGGGCGAATG,0
AAATAAATGATATATG,0
AAATAACAGATAACTT,0
AAATAACATAAGTACA,0
AAATAACCAATCCGAT,0
AAATAACCCTCAATCA,0
AAATAACGCAGAAACA,0
AAATAACGGATGATGT,0
AAATAACTATGCCCTT,0
AAATAAGAAGAGACAA,0
AAATAAGACCAAAGAT,0
AAATAAGGAAGGTTCG,0
AAATAAGTCACTTCAT,0
AAATAAGTCCTCAATG,0
AAATAAGTGGGTCTCA,0
AAATAAGTGTTATGAT,0
AAATAAGTTCTGGCGT,0
AAATAATAACTCCAAG,0
AAATAATAATTAGATT,0
AAATAATACGGAAACC,0
AAATAATACTACACTA,0
AAATAATGAGACACCG,0
AAATAATGTTATAATT,0
AAATAATTATATTGAA,0
AAATAATTTCGTCAGG,0
AAATACAGAAAAGCAT,0
AAATACCGATAAGTAA,0
AAATACCTCGAATGCA,0
AAATACTAAAATGTAC,0
AAATACTAACGGAAGG,0
AAATACTAATGAAGTT,0
AAATACTCAACCTCCA,0
AAATACTCAGCATACT,0
AAATACTGATGGCTTA,0
AAATACTGATGGTAAC,0
AAATACTTTTTCTTAA,0
AAATAGACCCTACAAA,0
AAATAGACTGGAAGGT,0
AAATAGATGACTTATT,0
AAATAGATGTATAGCA,0
AAATAGCGACCCATTA,0
AAATAGCGACCCTGTA,0
AAATAGCTTAAAGAGT,0
AAATAGGTGGGCCAAG,0
AAATAGGTTTAAGATC,0
AAATAGTCAATTTAAC,0
AAATAGTCAGATCATA,0
AAATATAAGTAACTAA,0
AAATATACAACGCAGA,0
AAATATATGCCTTATA,0
AAATATCACACCGATT,0
AAATATCAGAATACGG,0
AAATATCATAACTGGA,0
AAATATCCCCGCCTAA,0
AAATATCTGAAACTAA,0
AAATATGACAACCCAA,0
AAATATGCATGAAATA,0
AAATATGCGTACTACA,0
AAATATGTACTATTAA,0
AAATATGTATCCATAC,0
AAATATTTTTCATCAA,0
AAATCAAAAGAAGGGG,0
AAATCAAACCCAAAAA,0
AAATCAAATATAACTA,0
AAATCAAGTAAGATCC,0
AAATCACAACGAATAA,0
AAATCACATTTTAAAA,0
AAATCACCTGAACCGC,0
AAATCACGTTTCTAAA,0
AAATCAGAACGAAGAC,0
AAATCAGACAAGATTT,0
AAATCAGACGCATGTA,0
AAATCAGCACGGCACG,0
AAATCATAACGAAAGG,0
AAATCATAATTTGCGA,0
AAATCATGTTCACATT,0
AAATCATTGACATAGC,0
AAATCATTTACCTATG,0
AAATCCAAAATTTTAG,0
AAATCCAAAGGTCCAA,0
AAATCCAACGAATGCA,0
AAATCCACATTTAAAG,0
AAATCCACCGCCAAAA,0
AAATCCAGTATACACA,0
AAATCCATATATTTAC,0
AAATCCATCCTACCCA,0
AAATCCATTCTTTAGA,0
AAATCCGAGAGCGAAG,0
AAATCCGATACCTAAC,0
AAATCCGATTGCAATG,0
AAATCCGGCAGTTGCT,0
AAATCCTGAAATCTAC,0
AAATCCTTACCTCTTC,0
AAATCGAACCACAAAC,0
AAATCGAGTCGCAGCA,0
AAATCGATACCAATAT,0
AAATCGCTGTGCTCTA,0
AAATCGGAAGCAATCC,0
AAATCGGTCAAAACCA,0
AAATCGTACGAGCCTA,0
AAATCTACAATTACAC,0
AAATCTCTCAAACCAG,0
AAATCTCTTCATGAAT,0
AAATCTGACCACCCTT,0
AAATCTGATGAATATA,0
AAATCTGATTCCTAAT,0
AAATCTGCTATAACTC,0
AAATCTGGAAACTGAG,0
AAATCTGTCACGAAAG,0
AAATCTGTTTGAAGTA,0
AAATCTTCCCTTATGA,0
AAATCTTGATACCGAT,0
AAATCTTGATCATATC,0
AAATGAAACAAGACTG,0
AAATGAAGGACACGCT,0
AAATGAAGTTATCCTA,0
AAATGACGATTTTAAA,0
AAATGAGAAAATTCTT,0
AAATGAGATCCCATCC,0
AAATGAGTTCTTAATC,0
AAATGATTCAATTTGG,0
AAATGCAAACCACCGT,0
AAATGCAATGCAGAAT,0
AAATGCAATGGTAAAA,0
AAATGCATGCACTCTA,0
AAATGCCAACGCGGAG,0
AAATGCCATGAACCAC,0
AAATGCTTGGGGAATA,0
AAATGGAACTGAAGCG,0
AAATGGAATAATTCGA,0
AAATGGAATCAACTGA,0
AAATGGCAGCTTCCTT,0
AAATGGCTAAGTCGAT,0
AAATGGCTCCGAAGTC,0
AAATGGGCCCACTCGA,0
AAATGGGGACGCTCTT,0
AAATGGTAAAACCACG,0
AAATGGTTGTAGACAC,0
AAATGTAACATAACCA,0
AAATGTAACATGCTCT,0
AAATGTCACCAATAAA,0
AAATGTCTGAAACCGG,0
AAATGTGTAAATCCTG,0
AAATGTGTACCATCAT,0
AAATGTTACTCAGGAT,0
AAATGTTATAGGGAAA,0
AAATGTTCTCTATCGA,0
AAATGTTTTAGAACCT,0
AAATTAAAAAAAGACT,0
AAATTAAAGCTCACCA,0
AAATTAAATGGCCGAA,0
AAATTAACTGCCCAGG,0
AAATTAATAGAAAATG,0
AAATTAATCAATTACT,0
AAATTAATGAAATACA,0
AAATTACAAACTTTTA,0
AAATTACCGACTTTCA,0
AAATTACGCTATGATG,0
AAATTATAACAGCTCT,0
AAATTATTAAAAATAT,0
AAATTCAATGAATGTA,0
AAATTCACTATAACGG,0
AAATTCCAATATATAG,0
AAATTCGTAAGACGCG,0
AAATTCGTAGTTCTAG,0
AAATTGAAATGAAGCC,0
AAATTGAAATGGAATA,0
AAATTGAACAAAATGA,0
AAATTGAATCCATCAT,0
AAATTGACTGCATTTA,0
AAATTGATCTATACTA,0
AAATTGCGAATTAGTA,0
AAATTGCTCCAATGTG,0
AAATTGGGTAGAGTTT,0
AAATTGGTTCAAAAAA,0
AAATTGTATAAAGCAC,0
AAATTGTGTCTGATTG,0
AAATTGTTACAAAGTA,0
AAATTTAATAATACTA,0
AAATTTAATCAGTTCC,0
AAATTTATCGTACACA,0
AAATTTATTAGAAAAA,0
AAATTTCGATTCAATT,0
AAATTTCTGGGGAATA,0
AAATTTGACGTCCAGA,0
AAATTTGCAAAAATTA,0
AAATTTGCTAGCTAAC,0
AAATTTTGTTATCTAA,0
AACAAAAACCTACTGA,0
AACAAAAAGCCTAACC,0
AACAAAAATATAACGT,0
AACAAAACAAAAAGGT,0
AACAAAACATACTCGT,0
AACAAAAGGCCTTGGC,0
AACAAAATGGAACTGT,0
AACAAAATTAATGGCT,0
AACAAACTACGGAGAA,0
AACAAAGAAGTACAAT,0
AACAAAGCACTTGAAC,0
AACAAAGTGCGAGCAA,0
AACAAATAAATATACC,0
AACAAATAACCCTCCT,0
AACAAATCGAGCAATA,0
AACAAATGTCTGGAGG,0
AACAAATTTATGTCAT,0
AACAACAGCTTACAAC,0
AACAACATACGGAAAA,0
AACAACATAGATTTAG,0
AACAACCAATAATTCA,0
AACAACCATAGTTGTG,0
AACAACGATACAGACC,0
AACAACGTTATACCAT,0
AACAAGAATAATAAGT,0
AACAAGAATCTACAAA,0
AACAAGATCTGAGTTC,0
AACAAGCCTTCCCAAA,0
AACAAGCTAAAACTAG,0
AACAAGCTGTCATACA,0
AACAAGGAGGGACATG,0
AACAAGGATAGTGAAC,0
AACAAGGATTCTTTTA,0
AACAAGGGACCGGGCT,0
AACAAGGGTCAGGTTA,0
AACAAGTAACTGCAAA,0
AACAAGTTTAATGAAT,0
AACAATAAACAATAAT,0
AACAATAAGAAGGTCA,0
AACAATAAGCCGGTCA,0
AACAATAATCTCTGAT,0
AACAATACAATTATTA,0
AACAATAGAACACGAG,0
AACAATATAATCACAA,0
AACAATATTTCTGCCT,0
AACAATCATCTAAACG,0
AACAATCCTCGTACGA,0
AACAATCTAAATGCCC,0
AACAATGCATGAATCC,0
AACAATGGTAAGCCGT,0
AACAATTAATAAGACG,0
AACAATTAGTACTTAA,0
AACACAAATGAACGTA,0
AACACAACCAAACAGA,0
AACACAACTAGTAATA,0
AACACAATAGGTAATA,0
AACACACAAGACATAA,0
AACACACGAACCTATA,0
AACACAGAGGTTTGCT,0
AACACAGATAATTCAC,0
AACACAGTAGTTTCTT,0
AACACATAACACGTTA,0
AACACATCCCCCAATT,0
AACACATCTTAACGAG,0
AACACATGGAACACGA,0
AACACCAACATTCATC,0
AACACCAATATCTTAC,0
AACACCACCACGAGTT,0
AACACCCCCGGATTCC,0
AACACCCCTAAAGATC,0
AACACCCGCTACTAAG,0
AACACCGCCAATACCA,0
AACACCGTAATCTACC,0
AACACGAACTTAGACA,0
AACACGAATATAATGT,0
AACACGACATATATCC,0
AACACGACATCTAATG,0
AACACGATCCATGCCG,0
AACACGCAAAATGACG,0
AACACGCGTACTCCTT,0
AACACGGAAAGCGGCA,0
AACACGGAACGATGTG,0
AACACGGAGCGTGGAT,0
AACACGGGCCAGAATG,0
AACACGTTAATCTTAA,0
AACACTAATGTCCTGA,0
AACACTATTAGTAGGG,0
AACACTTCCTCAGATA,0
AACAGAAATCTCCAAA,0
AACAGAATTATTTCTG,0
AACAGACAAGCACCTT,0
AACAGACCAATGAAAT,0
AACAGAGTGGGGTAGC,0
AACAGATAAAGCGGAC,0
AACAGATCTTCGCAAG,0
AACAGATTACTAGAAG,0
AACAGCAACTATAGCT,0
AACAGCACTGACCTCA,0
AACAGCAGTAAGATAT,0
AACAGCATTGCCATCA,0
AACAGCGAACATCTTT,0
AACAGCGAACGCCATT,0
AACAGCGACAAGACAA,0
AACAGCGACAGAATGG,0
AACAGCGCTTAACACT,0
AACAGCGTCGATAAGG,0
AACAGCTAATAACTAC,0
AACAGCTACTGGTTAC,0
AACAGCTATCATTGAT,0
AACAGCTTTAGAAACC,0
AACAGGCATAGAAAGC,0
AACAGGTTGACAAGAA,0
AACAGGTTGATAACTA,0
AACAGTACTGCAAAAA,0
AACAGTCGAACCAGCA,0
AACAGTCGGTAACGAT,0
AACATAAAAGCTGTGA,0
AACATAAGAGCTGTGA,0
AACATACAATAAACCG,0
AACATACACCAACCTT,0
AACATACAGGTTAATC,0
AACATACAGTTGTAGA,0
AACATACCAAATCACA,0
AACATACTACTCACCG,0
AACATATCTCTAGTGC,0
AACATATCTGCGGGCA,0
AACATCAAATTGAGAA,0
AACATCAAGCTAACCA,0
AACATCACCTAAAAGA,0
AACATCGATCTGCTCT,0
AACATGAATAATGAAC,0
AACATGAGCGTTCATT,0
AACATGATTAACAGTA,0
AACATGCCAAAACAGA,0
AACATGCCCCTCCACA,0
AACATGCCCTGAAGAC,0
AACATGCTCAGTGCAG,0
AACATGGGGATTGAAA,0
AACATGTAATTAAACT,0
AACATTAACTACGTCA,0
AACATTAATTAGACGC,0
AACATTACGTAATACA,0
AACATTACGTAGTTTG,0
AACATTATCACCGATA,0
AACATTATCGATCCGC,0
AACATTCAAATAGTTG,0
AACATTGCAGAAAAAA,0
AACATTTCATGTACTT,0
AACATTTTGAAGTGTT,0
AACCAAAAATAATGCT,0
AACCAAAGAACAAAAC,0
AACCAAATGACGTTCG,0
AACCAACACGTAAAGT,0
AACCAACATTCATATA,0
AACCAACCAGGGTTGT,0
AACCAACTAGACCGGT,0
AACCAAGACAAACGAT,0
AACCAATAAAACAGAT,0
AACCAATAACACACTA,0
AACCAATGGTCGTGAC,0
AACCAATTAATGACCG,0
AACCACAGTGTGGCGG,0
AACCACCAGAGTACTA,0
AACCACCATGGCAAAA,0
AACCACCCACTTCAAA,0
AACCACCCAGGCCCTC,0
AACCACGCAGTCCACA,0
AACCACTATGTCAATT,0
AACCACTGCAATACAG,0
AACCAGAACCCTCGGT,0
AACCAGAATAGGAATC,0
AACCAGCCTACCACAA,0
AACCAGGAAGGGGTTT,0
AACCAGTTAAAGGAGT,0
AACCATACAACAACGC,0
AACCATATGCACCCCG,0
AACCATATTCAATTAC,0
AACCATCTTTAATTGA,0
AACCATGACACAAAGA,0
AACCATTATTACACAC,0
AACCATTCTAGATTGA,0
AACCCAAATACGACAA,0
AACCCAACGGCTCAGA,0
AACCCAATGTTCCCTT,0
AACCCACATGCACACA,0
AACCCACATTACAAAC,0
AACCCACCAACCAGCG,0
AACCCAGACTAATATC,0
AACCCATAAACGGTAC,0
AACCCATGATCTCAGC,0
AACCCATGCACACCTC,0
AACCCATGGTAAACCT,0
AACCCATGTTATACTG,0
AACCCATTTCTAGTCC,0
AACCCCAACTCTTTAT,0
AACCCCGCACACCAAG,0
AACCCCGCCTAACACC,0
AACCCCTCGGCGTTCG,0
AACCCGAAAGACCCAA,0
AACCCGATATGATGGC,0
AACCCGCAATAAAATA,0
AACCCGCCCTAACACT,0
AACCCGCTATACTTTT,0
AACCCGTGGATAATTC,0
AACCCTAAAAAAAGGC,0
AACCCTAAAAAAGGGC,0
AACCCTAATTACCTAG,0
AACCCTACTGCAATCC,0
AACCCTATAAGAGAAC,0
AACCCTATAGTCAAAT,0
AACCCTATTATCCACA,0
AACCCTCGTATCTCAT,0
AACCCTGAAACGTAAA,0
AACCCTTGACAAATAT,0
AACCCTTGGACGCTAA,0
AACCGAAACATAGTAA,0
AACCGAATTAGTATTA,0
AACCGAGAGTCTTTGA,0
AACCGAGTGCGGTTTT,0
AACCGATAAAGTTTAG,0
AACCGATCATCAAGAT,0
AACCGATGAGTCTGAA,0
AACCGCAAGTCGCCTT,0
AACCGCACAAAGGAGC,0
AACCGCAGCCGTAGCC,0
AACCGCGATCACACTC,0
AACCGCGTCACGATTA,0
AACCGCTAATCCAGCC,0
AACCGGCGATATGAGT,0
AACCGGTATAACGTCT,0
AACCGTATATAATCAC,0
AACCGTTAATGAAGCA,0
AACCTAAAAAGTGGAC,0
AACCTAAACGAGCTCA,0
AACCTAAACTCGGGAC,0
AACCTAACAGAAACTA,0
AACCTAACGCAATAGT,0
AACCTAATCAAATAGA,0
AACCTAGACGGGTTAA,0
AACCTAGTTCTTCGTA,0
AACCTATAATTCCTGC,0
AACCTATAGACTTACG,0
AACCTATTTAAAAAAA,0
AACCTCAACTCACACC,0
AACCTCAATATACCGA,0
AACCTCCCACCAGAGG,0
AACCTCCCATTGGCTT,0
AACCTCCCTTCTGTAA,0
AACCTCTCATTACGAA,0
AACCTCTGATACTTGT,0
AACCTGACATATCACA,0
AACCTGACCCGCAGCC,0
AACCTGTGGATAACGA,0
AACCTGTGTTCATTCT,0
AACCTTAAAATTATTA,0
AACCTTAAGCCACGAA,0
AACCTTAAGTTATAGC,0
AACCTTGCAAAACGTA,0
AACCTTGCAATGAAAA,0
AACGAAAAACATAGAC,0
AACGAAAATATAACGT,0
AACGAAACTGAATCTG,0
AACGAAACTGCAAAAA,0
AACGAACCTCTATGCA,0
AACGAATCAACTAATA,0
AACGAATCTTAGACGA,0
AACGAATGAAATGTAG,0
AACGAATTAACTCCAC,0
AACGACAAGAAATGGT,0
AACGACAAGACTACAG,0
AACGACAGAAGACGGC,0
AACGACAGTCTCTGTA,0
AACGACCTGGATGTTG,0
AACGACTCTCTCAAGA,0
AACGAGAATATCATTA,0
AACGAGAGTACATTAA,0
AACGAGAGTTCTACCA,0
AACGAGGACTATATGA,0
AACGATAATCACAATA,0
AACGATACCTACATCA,0
AACGATACGATATTGA,0
AACGATATAAATGAAG,0
AACGATCAAACATGAC,0
AACGATCAAACTATCT,0
AACGATCAAAGGCTCT,0
AACGATCCTAGCGGCT,0
AACGATCCTGCCGAGA,0
AACGATCGTAGAGTTA,0
AACGATGGATTTCATG,0
AACGCAAAAATGAGTG,0
AACGCAAATGCCTTTA,0
AACGCACATACTATAT,0
AACGCAGAGTAGGAAA,0
AACGCAGGTACAACAA,0
AACGCATCTTCAAACG,0
AACGCCCAACCTTAGT,0
AACGCGATCAACAAGC,0
AACGCGTAGTCCTTTT,0
AACGCGTGCAATACTC,0
AACGCGTTATAGATAA,0
AACGCTACCTAATATC,0
AACGCTGACCGACGGA,0
AACGCTGTAATCTAAA,0
AACGCTGTACACCGAA,0
AACGGAAAAGAAATAA,0
AACGGAAGGCCATACA,0
AACGGAATACTGATAG,0
AACGGAATCTAGACAA,0
AACGGACAACCGACTT,0
AACGGACAAGGTACGA,0
AACGGACAGAACCATC,0
AACGGAGTAATACAAT,0
AACGGAGTGTGAGGAC,0
AACGGATAGCGCGGAA,0
AACGGCCGCCCTGAAA,0
AACGGCGCTATATATT,0
AACGGCGGACTGCACA,0
AACGGGACAGCTACTA,0
AACGGGAGATGAATTG,0
AACGGGCGCCGTATCA,0
AACGGGGCCCATTAAA,0
AACGGGGGTGATTTAG,0
AACGGGTTTGAATCAC,0
AACGGTAATCGGGCGT,0
AACGGTGGCTGAACGC,0
AACGTAAAGCCTCTTC,0
AACGTAACAAACTACA,0
AACGTATGAAGACTAC,0
AACGTCATAGTCCGAC,0
AACGTCCAGAACACAC,0
AACGTCCGCATAAATA,0
AACGTCTCCCGCTTAA,0
AACGTGGTTACTCGGC,0
AACGTGTGGTAAAATA,0
AACGTTAAAATACTCA,0
AACGTTGAAATGTATA,0
AACGTTGAGGTCATTC,0
AACGTTTAAAATAGTA,0
AACGTTTGCTCAATTG,0
AACTAAAAACTCATCC,0
AACTAAAAAGTCTAGT,0
AACTAAAATACCCAGT,0
AACTAAAATGAAGCCC,0
AACTAAAATTTCGGTA,0
AACTAAAGAAGTGCTA,0
AACTAACCAAAATTCA,0
AACTAATGGAACTCAA,0
AACTAATTATCCACAG,0
AACTACGCGATCACTT,0
AACTACGTATGTCACC,0
AACTACGTGACGGTCC,0
AACTAGACGGACACGA,0
AACTAGACGTGAAAGT,0
AACTAGAGAATCAATA,0
AACTAGCCGGACGTGA,0
AACTAGCTTTGACAAG,0
AACTATAAGATCAAAT,0
AACTATACAACCGATA,0
AACTATACACTATGGC,0
AACTATACATTAGCCG,0
AACTATACCACGAGTA,0
AACTATACGAACTCCG,0
AACTATAGGAAGTGGA,0
AACTATAGTCGAGTAG,0
AACTATATGTTCATCC,0
AACTATCAAGGTAGTC,0
AACTATCAGATTGTAA,0
AACTATCTACAAGCCA,0
AACTATGATATTGATT,0
AACTATTACTACTTCA,0
AACTCAAATTGCAACC,0
AACTCAAATTGTCACA,0
AACTCAATCAGGTTAA,0
AACTCACCGTTACGCA,0
AACTCAGGACAATGTT,0
AACTCATTTCACATAT,0
AACTCCATGGCTGAAT,0
AACTCCCACAACACCT,0
AACTCCCAGGAAAATA,0
AACTCCCTAAAATAAT,0
AACTCCTATTCGCTAC,0
AACTCCTTCTGAATTA,0
AACTCGATGATACTAA,0
AACTCGGAAATAAACC,0
AACTCGGAAATGAACC,0
AACTCGTCAGCTAACA,0
AACTCTAACTTATAAG,0
AACTCTAAGTGCACAG,0
AACTCTAGTCCCAAGT,0
AACTCTATTGCCGATA,0
AACTCTTGCTCGGTAA,0
AACTGAAAAACTCTAA,0
AACTGAAAACACTGCA,0
AACTGAAGAAATAAGC,0
AACTGACAATTTACTC,0
AACTGACACCATGCCG,0
AACTGCAAGTAGAAGC,0
AACTGCAATCCTTCAC,0
AACTGCATGTGGCCAT,0
AACTGGATAGAAAATC,0
AACTGTAATTTACCAA,0
AACTGTATCTACCCAA,0
AACTGTGTTTATCTAA,0
AACTGTTCCACACCCG,0
AACTTAATGTATTAAA,0
AACTTACACCGAACAA,0
AACTTACAGTCTTAAA,0
AACTTATCTACATCAT,0
AACTTATTGGTGCTAA,0
AACTTCACAGTTAAAG,0
AACTTCAGAAGAAGCC,0
AACTTGACAGCGAATT,0
AACTTGATAAACGAGG,0
AACTTGCAGAAAGCCA,0
AACTTGGAGCAAAAAT,0
AACTTGGCGACACTTG,0
AACTTTATCAACGATT,0
AACTTTCAACATGGCC,0
AACTTTGCTACGAATT,0
AACTTTGCTACTCATG,0
AACTTTTAAATCTTAT,0
AACTTTTACACACTTC,0
AAGAAAACATCAAAAA,0
AAGAAAACATTTTAAT,0
AAGAAAACCCTGTTCA,0
AAGAAACCTCAGTAAC,0
AAGAAACCTCTATGAC,0
AAGAAAGAAATGAAAT,0
AAGAAAGACGCTAAAA,0
AAGAAAGATAATAGAA,0
AAGAAAGCAGGCTACA,0
AAGAAATAACGTGACC,0
AAGAAATACACAATCA,0
AAGAAATACATAACAA,0
AAGAAATACTACATAG,0
AAGAAATCAACCGGGG,0
AAGAAATCCTCTACAT,0
AAGAAATGAAAAAACT,0
AAGAAATGATCATATC,0
AAGAACACAATACCTA,0
AAGAACACCTCTCAAC,0
AAGAACATAATTAAAA,0
AAGAACCAGAATCGTT,0
AAGAACCTGACCTCAA,0
AAGAACCTGTGTTGCA,0
AAGAACGATGACATAT,0
AAGAACGTTACCGACC,0
AAGAACTGATCGGTCG,0
AAGAACTGCACCCGCC,0
AAGAACTGGTAACGCC,0
AAGAAGAAGGACATAG,0
AAGAAGACATTACAAA,0
AAGAAGAGACTAAGAC,0
AAGAAGGAGTAGGCGA,0
AAGAAGGTCCAGGAGA,0
AAGAAGGTGATCCAAG,0
AAGAAGTAAACTCAAA,0
AAGAAGTAATACCCAT,0
AAGAAGTCTTGGGGAC,0
AAGAAGTGTCTGAAAA,0
AAGAAGTTAGCTATGC,0
AAGAATCCATCTGCAA,0
AAGAATGGATAAACTT,0
AAGAATGTACACACGT,0
AAGAATTAAGCCTATC,0
AAGAATTCAGGATCCG,0
AAGAATTCTCGGAACA,0
AAGAATTTAACAGAAA,0
AAGACAAAATCAGACT,0
AAGACACCTCCCGAAC,0
AAGACAGAACAACCAA,0
AAGACATGCTAAACTA,0
AAGACCAAGCTATGTT,0
AAGACCAATTCATAAA,0
AAGACCACGAGCGCAC,0
AAGACCAGTGCTTACT,0
AAGACCAGTTGATTAA,0
AAGACCCATCATTATG,0
AAGACCCTACGGATGA,0
AAGACCGAGAAACAAA,0
AAGACCTACAATAAAA,0
AAGACGACAACAACAG,0
AAGACGATATGGGACA,0
AAGACGCCTTGGTACA,0
AAGACGTAAAGTAAAA,0
AAGACTCAGGAAAATA,0
AAGACTCATTAGTCGG,0
AAGACTGAAACAAAAA,0
AAGACTTAGCACTCAT,0
AAGACTTGAGTTCCAA,0
AAGACTTGTACCGGCA,0
AAGAGAAACATTCTGC,0
AAGAGAAATGGGCTAT,0
AAGAGACACTACATTT,0
AAGAGACCATTTCAAA,0
AAGAGAGAAGTCAACA,0
AAGAGATAGCCTCGAC,0
AAGAGCAGGCATTGAG,0
AAGAGCGAACAACGGG,0
AAGAGGACAAAAGACT,0
AAGAGGACATAACAAA,0
AAGAGGCAATACAAAA,0
AAGAGGTAAAATTGAT,0
AAGAGTCAATACTATG,0
AAGAGTCATTACCGGG,0
AAGAGTCCATACATCT,0
AAGAGTGAACTTAACC,0
AAGAGTGGAAAATTAT,0
AAGAGTGTGTCTATAT,0
AAGAGTTATCGCAACA,0
AAGAGTTCGACTGAAC,0
AAGAGTTCTCACTTCA,0
AAGAGTTCTTGCAATC,0
AAGATAAAGCGATAAA,0
AAGATAACACATAACT,0
AAGATACAACCCGCAA,0
AAGATACCCAAAATAC,0
AAGATACGACATTGTA,0
AAGATACTTACCTAAC,0
AAGATACTTGTGGGCG,0
AAGATAGTTAACCAGC,0
AAGATATAAATAAAGC,0
AAGATATCCATTAGTG,0
AAGATATGAAAAGAGA,0
AAGATCAAACTTAAAC,0
AAGATCAACAAAATAC,0
AAGATCATGCATTGAT,0
AAGATCCGATCTGACC,0
AAGATCCTGGCCTGTA,0
AAGATCTATAACCAGC,0
AAGATCTTGATTAATC,0
AAGATGAACTATAAAA,0
AAGATGCTAGTAAACT,0
AAGATGGGATCTCCCA,0
AAGATGTCACACTACT,0
AAGATGTGAAACAGTT,0
AAGATGTTATAGAATT,0
AAGATTCGGTCGTCGC,0
AAGATTGAATCCTCTG,0
AAGATTTTTAAATGAA,0
AAGATTTTTTGACTAC,0
AAGCAAAAATCCCAAA,0
AAGCAAACCTTCCCGA,0
AAGCAAACTACACCAC,0
AAGCAAATAGAAAGTA,0
AAGCAACACGAGCATT,0
AAGCAACCTAAAGATA,0
AAGCAAGACTAGTTCC,0
AAGCAAGCCCTCGGCC,0
AAGCAAGGTGGAACCT,0
AAGCACACACAAACCC,0
AAGCACATAGTTACCA,0
AAGCACCCCGACTACA,0
AAGCACGGACATGCTG,0
AAGCACGTACATTGTC,0
AAGCACTCTAAATTAA,0
AAGCAGAGCCACTAGA,0
AAGCAGATAGAGCTGG,0
AAGCAGCATAATTAAC,0
AAGCAGTAATACCTGA,0
AAGCAGTAGGCACCAG,0
AAGCATACCCATTAAT,0
AAGCATACGAGTCTCC,0
AAGCATATCTACTAAC,0
AAGCATCTTCATATAA,0
AAGCATTGCAGCACAT,0
AAGCCAAAACTGCCCA,0
AAGCCAAGAAACACCA,0
AAGCCAATACACCTAA,0
AAGCCACTCTATCACA,0
AAGCCAGCATTCTTCT,0
AAGCCAGGAACGTGCC,0
AAGCCAGTACCCTAAG,0
AAGCCATACCAAATAG,0
AAGCCCAAAATAGTAA,0
AAGCCCATCTAAAGAG,0
AAGCCCGATCGCCAAA,0
AAGCCCTCGCCCCAAT,0
AAGCCCTGCTGAGTGA,0
AAGCCCTTAACACAAC,0
AAGCCCTTCAACCCCC,0
AAGCCGAGCGCAAACA,0
AAGCCGGAGTAGCAGG,0
AAGCCTAAACATGAAT,0
AAGCCTAAATCACACA,0
AAGCCTAGCGATGCCA,0
AAGCCTTACATTAAAC,0
AAGCGAACCTCGCATA,0
AAGCGACCCAGGCTGC,0
AAGCGACCTCGGCATA,0
AAGCGACTAAAACGGC,0
AAGCGACTAACCCACT,0
AAGCGAGCCGGCCGCT,0
AAGCGAGGTATGTTGC,0
AAGCGAGGTGATACGA,0
AAGCGATATCCAGAAA,0
AAGCGCACTTAAGTAA,0
AAGCGCCGAAGAGCGG,0
AAGCGGTAAAAGAACG,0
AAGCGTAGTGCAGCGC,0
AAGCGTCCATGAAAAC,0
AAGCGTTCCTCACGAC,0
AAGCGTTGAGCTAACC,0
AAGCTAATTAATATAC,0
AAGCTACATTGTCAAT,0
AAGCTATAACTGCTCA,0
AAGCTATAATAATTAC,0
AAGCTATAGATAACTC,0
AAGCTATTCCACAAAT,0
AAGCTCACTATTAACC,0
AAGCTCATCAATAAAC,0
AAGCTCGAACCGGATG,0
AAGCTCGTCGGTGCTG,0
AAGCTCTCTACGAATA,0
AAGCTCTGTTCGTCCG,0
AAGCTGAAGATGGGAC,0
AAGCTGACCATCGAAG,0
AAGCTGATCACAACAG,0
AAGCTGTCACCGAAGC,0
AAGCTGTTAATGGATC,0
AAGCTTACAGACACTT,0
AAGCTTCGCAGTTGTA,0
AAGCTTGACACGATCT,0
AAGCTTGCCGAGTCTA,0
AAGCTTGTTCTTGCAA,0
AAGCTTTTACAATCCT,0
AAGGAAAATTCGCAAA,0
AAGGAAATTTTAAGTC,0
AAGGAACGTAAGCTCA,0
AAGGAAGTAACAGAAA,0
AAGGAATCTGTTAAAG,0
AAGGAATGATATGATA,0
AAGGAATTTAAACGCA,0
AAGGAATTTCCCGGAA,0
AAGGACACATGTTTCC,0
AAGGACACCGTCAGTC,0
AAGGACATGATTATAG,0
AAGGACCACCGTGAGA,0
AAGGACCGGCGCACGG,0
AAGGACCGTCAAATGT,0
AAGGACTCCTGGACGT,0
AAGGAGATGACCTAGG,0
AAGGAGCTGCAGAGAT,0
AAGGAGGTTAACAAAT,0
AAGGATAAAAAATCTA,0
AAGGATACTCAATGTT,0
AAGGATAGTGTATCGT,0
AAGGATATGTCAAAAG,0
AAGGATCAAGAGGCTT,0
AAGGATCAGTGACTAC,0
AAGGATCCTGACTTGC,0
AAGGATCTGACAGAAG,0
AAGGATGTGTCCGAAG,0
AAGGATTGGAGCCATC,0
AAGGCAAAAGCCCTAA,0
AAGGCAAAATGGTAAT,0
AAGGCACCACGCCACG,0
AAGGCCAAGCGTTTAA,0
AAGGCCCTTACCTGGC,0
AAGGCCGTGGGCGCAC,0
AAGGCCTAACCAATAC,0
AAGGCGACTTTAAGTG,0
AAGGCGAGCCATTACA,0
AAGGCGCTTGAAATAT,0
AAGGCGGTCTCGGATA,0
AAGGCGTGAGAGTGAT,0
AAGGCTACGTAGTCAC,0
AAGGCTCCAACTCCAA,0
AAGGGAACCGAGAAAG,0
AAGGGACACCATTCAC,0
AAGGGACCATAGTGCC,0
AAGGGAGAATGCATGC,0
AAGGGAGATAATAAAA,0
AAGGGAGTAAGCTAAT,0
AAGGGATATACAGCTA,0
AAGGGCACGTACGAGC,0
AAGGGCCATATACATT,0
AAGGGCTTAAATGAAA,0
AAGGGGGCGCACGATA,0
AAGGGTCACAAACATT,0
AAGGGTTTAACAATAA,0
AAGGTAAAATCCTTCC,0
AAGGTAAACAGCTACG,0
AAGGTAATAATATAGG,0
AAGGTAATACCCTTGC,0
AAGGTACACTGACCAA,0
AAGGTACCTCCACGCA,0
AAGGTACGTGGAACAA,0
AAGGTAGCACCATAAG,0
AAGGTCCTCGTAAATG,0
AAGGTCTCAATCATAC,0
AAGGTCTCTGTTACAA,0
AAGGTGAAAAGGTGCA,0
AAGGTGGCAAGAACAA,0
AAGGTGGGACCTAAAA,0
AAGGTTAGAGTAGAAA,0
AAGGTTAGAGTCCGAG,0
AAGTAAAATATCGTCA,0
AAGTAAACCCTACTAA,0
AAGTAAAGCTCCCCTG,0
AAGTAAAGTCTAAAAT,0
AAGTAAATAATTCTGT,0
AAGTAAATGCACGAAA,0
AAGTAACTGAATGCAA,0
AAGTAAGAACCTGAAT,0
AAGTAATGCACCGGTC,0
AAGTAATGGCCCATAA,0
AAGTACAACATGCTCG,0
AAGTACAACCACCGTT,0
AAGTACAATTGCGAAA,0
AAGTACACTCACTACA,0
AAGTACCACCAATGCA,0
AAGTACCTACTACATT,0
AAGTACCTATAGCTAA,0
AAGTACCTTTAAACGG,0
AAGTACGTACAAAGGA,0
AAGTACGTCTTTCACT,0
AAGTACTAGTCGTACG,0
AAGTATAATCCAAAAC,0
AAGTATCAAACAAATT,0
AAGTATCAGCAGAGGC,0
AAGTATCATGGACCAA,0
AAGTATTATAAAAGGC,0
AAGTCAAACATGTATT,0
AAGTCAAACCTCGCTC,0
AAGTCAAACTTATAAT,0
AAGTCACTATTCTGAG,0
AAGTCAGATCTAAGAT,0
AAGTCAGGGATGTTGT,0
AAGTCATAACAAAAAC,0
AAGTCATCTAGCCAAT,0
AAGTCCAGGGCTCACA,0
AAGTCCCTTGAATTCA,0
AAGTCCGCCAAACGAT,0
AAGTCCGGCATGCCTT,0
AAGTCGACAGTCATAC,0
AAGTCGCCGGTGTGAC,0
AAGTCGTTCACTCGGA,0
AAGTCTCAACCGTAAA,0
AAGTGAAACGAATAAA,0
AAGTGAAATGGAGAAA,0
AAGTGAACATGCGGTG,0
AAGTGAAGAAATCAAT,0
AAGTGAATTTTTAGAC,0
AAGTGAGATGGCTAAA,0
AAGTGATTGAGACACC,0
AAGTGCACCCACTATA,0
AAGTGCCCAACCTGAA,0
AAGTGCCTCACCAGGA,0
AAGTGCTGTTCTAACC,0
AAGTGGAAAGGGTTTC,0
AAGTGGCGTCGTTGAG,0
AAGTGTATAATCGGAC,0
AAGTGTCGAAATCTGT,0
AAGTTAAATCCGAGAT,0
AAGTTAACAAGAACTC,0
AAGTTAATAACGGTTA,0
AAGTTAATAATAAACA,0
AAGTTAGCGGAATGGA,0
AAGTTATAACGGATAA,0
AAGTTATATAGCTTAG,0
AAGTTATCGGCCGGGA,0
AAGTTATGCACACTGG,0
AAGTTCAACCATGAGA,0
AAGTTCCACAAGCCGA,0
AAGTTCCTTCATTACA,0
AAGTTCTACAGTCCAA,0
AAGTTCTAGTGCCCGG,0
AAGTTGAAAAGATCAA,0
AAGTTGAAGAATGCAC,0
AAGTTGACCCGGACTA,0
AAGTTGCCAGTTTGGT,0
AAGTTGGCGTTCCACC,0
AAGTTTATAAAAACCG,0
AAGTTTATAATGAACA,0
AAGTTTCACATTTGAA,0
AAGTTTCCCGCAGTGC,0
AAGTTTCCTAGCCAAA,0
AAGTTTCGGAGAAATG,0
AAGTTTCTCAATGTAA,0
AAGTTTGCAACGATGT,0
AATAAAAAAGAAATAG,0
AATAAAAAATGATGTC,0
AATAAAACAAATTCTG,0
AATAAAACCTCAACCT,0
AATAAAACCTCACTGG,0
AATAAAACTCTTTGGG,0
AATAAAAGCACAATAT,0
AATAAAATACTAGCCT,0
AATAAAATCAGTGCGG,0
AATAAAATTTGGATAA,0
AATAAACAAAAATAGA,0
AATAAACAATCCGGTA,0
AATAAACCCTCAGTGC,0
AATAAACGCAATAGAA,0
AATAAACTCTAATACA,0
AATAAAGAGAAAGTCA,0
AATAAAGGAACTAACC,0
AATAAAGGACCTGCCA,0
AATAAAGGCTCTAATG,0
AATAAATAGCACATAG,0
AATAAATATTGAGCAT,0
AATAAATTAGGAATCA,0
AATAACACAGTGGATA,0
AATAACAGATTTCAAC,0
AATAACAGCAATCCGT,0
AATAACAGCTGGTTAC,0
AATAACATCTTATAGT,0
AATAACGCGACGAAGT,0
AATAACGTTGATGTTT,0
AATAACTAAGGACACT,0
AATAACTAAGTTCCAC,0
AATAACTAATGCGAAA,0
AATAACTGACTATTCA,0
AATAACTTAGTTAGAG,0
AATAAGAATTTCTTCA,0
AATAAGACTCTGATAA,0
AATAAGACTTCAGCAT,0
AATAAGATTTAACCAA,0
AATAAGCGCCGTGATT,0
AATAATAAAAAAAAAA,0
AATAATAAAGCCGGAA,0
AATAATAAATTATAAA,0
AATAATAAGTTTGACA,0
AATAATACCTTGGCTA,0
AATAATCACTCAGCAC,0
AATAATCAGACTCCAC,0
AATAATCCACCTAACG,0
AATAATCCTTTATTAA,0
AATAATCGCTTACGAA,0
AATAATCGGAAACGTG,0
AATAATGAAATAAACT,0
AATAATGAAGGATTCA,0
AATAATGCAATAGCTG,0
AATAATGCCACAAAAC,0
AATAATGCGATGCCAC,0
AATAATTCAGAAGTAA,0
AATAATTCAGCCTACA,0
AATAATTGAAGAATGT,0
AATAATTTTGATACGG,0
AATACAATAAAACCCA,0
AATACAATATGGGGTC,0
AATACAATCCCAAGGA,0
AATACAATCCCCAATG,0
AATACAATGAAGAAAC,0
AATACAATGCTATAGC,0
AATACACATTTCTGAA,0
AATACACGATGGAACT,0
AATACACGTACACCAT,0
AATACAGAAGTATGAG,0
AATACATAACATAGAG,0
AATACATAACCACTGA,0
AATACATATGACAAAA,0
AATACATTAAGACGGC,0
AATACATTAATCTGAA,0
AATACCATTATCAAAG,0
AATACCCTCTTAAGGC,0
AATACCGAGACCAGTT,0
AATACCGTCGATCTGG,0
AATACCTCCCAAACAA,0
AATACCTTGAATGTGA,0
AATACCTTTCTAACCG,0
AATACGAACCCCAGCG,0
AATACGACACAACGTA,0
AATACGCACTTAAGAT,0
AATACGGTACATCTAT,0
AATACGTATTAGAAAA,0
AATACGTTCAAAAAAA,0
AATACGTTGTTGTTTG,0
AATACTAATACACAAC,0
AATACTCATGGTAGCG,0
AATACTCTTTACAAGA,0
AATACTGGAATCGAGA,0
AATAGAAAGCCTGAAT,0
AATAGAACCTCAGTGT,0
AATAGAACCTGTAAAC,0
AATAGAAGAAACCTCA,0
AATAGAATATGAGATG,0
AATAGACAGTAAAAAT,0
AATAGACGGAATAAGG,0
AATAGACTGGATGAAA,0
AATAGAGGAGAAAATG,0
AATAGATATTTAAAAC,0
AATAGCACAGTAAAAC,0
AATAGCACTACGCAAA,0
AATAGCACTCTCGAAC,0
AATAGCGTTCGGTAGA,0
AATAGCTACATTGTAT,0
AATAGCTCTTGTTAAA,0
AATAGGAAACGGGTAC,0
AATAGGAAGGAATAAT,0
AATAGGAGGACTGAGC,0
AATAGGATTAGATTTG,0
AATAGGTTTTTTAATT,0
AATAGTAAAGAGATCA,0
AATAGTAACTTAAAAA,0
AATAGTCAATTCTCTT,0
AATAGTCATTCTTGCC,0
AATAGTCCTAATTACC,0
AATATAAAAATACCCC,0
AATATAAACAAGTATA,0
AATATAAACCAACTTA,0
AATATAAATTACCGAC,0
AATATAAATTGCAAAT,0
AATATAACAGACCCAA,0
AATATAACCTCGGTAC,0
AATATAAGTACACTAG,0
AATATAATACTTCCGG,0
AATATACAATCTAGTA,0
AATATATAGTATAGGC,0
AATATATATGTCTACC,0
AATATATCTATCTGTC,0
AATATATGTCCCAACA,0
AATATCTCAGCCACTA,0
AATATGAAAACCCCCG,0
AATATGACTACCTTAG,0
AATATGATAGATTTCC,0
AATATGCTACCTTCTT,0
AATATGCTATGTCCTA,0
AATATGGATACACAAA,0
AATATGGGAAAACTAC,0
AATATGGGATTGAGTC,0
AATATGTGAAATCGTA,0
AATATTACTGTATACT,0
AATATTCACTGCTAGC,0
AATATTCAGAGTATTG,0
AATATTGCCGCAGACC,0
AATATTGGAAAATTAT,0
AATATTGTCATGTCAA,0
AATATTTCTCAACATC,0
AATATTTGAACTAGCA,0
AATCAAAACCGAATAG,0
AATCAAACAGCGTCGC,0
AATCAAACTCTTAATC,0
AATCAAAGAGATCAAG,0
AATCAAATTTTATAAT,0
AATCAACATTAAGTTA,0
AATCAACCTATTTCAC,0
AATCAAGCGAAATAAC,0
AATCAAGGCCAGCACC,0
AATCAAGGTCTTATAA,0
AATCAAGTCAACAACG,0
AATCAATACATGTGTA,0
AATCAATATAAGAAAA,0
AATCAATATGAATAAG,0
AATCAATGAAATGCAG,0
AATCAATGAGCTTATG,0
AATCAATTATAAACAT,0
AATCACATCCTGCTCG,0
AATCACCGATAACGGT,0
AATCACGCAAAATTTT,0
AATCACGCATGCGAAC,0
AATCACGCTCGGAACA,0
AATCACTAATTCAATT,0
AATCACTAGTGCATTT,0
AATCAGACAGATGCCC,0
AATCAGAGAGCTTTTA,0
AATCAGAGTAGTGAAC,0
AATCAGATTATTTAGG,0
AATCAGCTCATAGAAT,0
AATCAGGAACAAATTA,0
AATCAGTAAACCCAAA,0
AATCATAATAAGGCTG,0
AATCATCAGTAGATAA,0
AATCATGTTAATATAA,0
AATCATTAACCGGAAA,0
AATCATTGACATTCGG,0
AATCCACAACTATAAA,0
AATCCAGGCACACTAT,0
AATCCAGTAATAGGCA,0
AATCCCTCCACTTACG,0
AATCCGAAGGGAGTTA,0
AATCCGATAAACACAC,0
AATCCGCTTCGATAGC,0
AATCCTAAGTCCAGTG,0
AATCCTAGAAGTAAAC,0
AATCGAAAAACTAAAA,0
AATCGAAGAGATCGTT,0
AATCGACTATTCCACC,0
AATCGATATGATTATA,0
AATCGCCACAGAAAGG,0
AATCGCCTGACCAGCT,0
AATCGCTACACGGATT,0
AATCGGGAGTCTGTAG,0
AATCGTATCGCCCAGA,0
AATCGTCGTTGCATGA,0
AATCGTGTTTTGACCA,0
AATCTAACGATTACAA,0
AATCTAAGGACACGCG,0
AATCTAATAGTCCTCA,0
AATCTAGCAATCACAC,0
AATCTATAATTATGCT,0
AATCTATCGACAATGG,0
AATCTATTACTATTCT,0
AATCTCAAGGGAGGCT,0
AATCTCCCAAGAGCAA,0
AATCTCGCTAAGAGAC,0
AATCTCGTTAGTAAAT,0
AATCTCTACCCCGGTA,0
AATCTCTAGCTAGCAC,0
AATCTCTCAAAAAGGG,0
AATCTCTGCTGATGGT,0
AATCTGAAAAACACTA,0
AATCTGAAAGGACATC,0
AATCTGAAATGGAATT,0
AATCTGACCTATATTT,0
AATCTGAGACATAGTG,0
AATCTGATGTTGATAT,0
AATCTTAAACATATAG,0
AATCTTCACACTGACC,0
AATCTTGTATAATCTA,0
AATCTTTCATTCCACA,0
AATCTTTGAGACGTTA,0
AATCTTTTAGTATGAT,0
AATGAAAATAGAATAC,0
AATGAACAGGATACGC,0
AATGAACCATGCAACC,0
AATGAAGAAGACAGGC,0
AATGAAGAGTTCAACT,0
AATGAAGCAACAAGAC,0
AATGAAGTTTGCAACA,0
AATGAATTACTTCAGC,0
AATGACAAAGATGATA,0
AATGACAGACTTCACT,0
AATGACCGCTTAAGAT,0
AATGACGCACAACCAT,0
AATGACTCATTCAGTG,0
AATGAGAACTCGAACA,0
AATGAGATGTCCCAAA,0
AATGAGCACTGATAGT,0
AATGAGGGGAAAGGCC,0
AATGATAATAAATCAT,0
AATGATACAAGGGACA,0
AATGATCAAAGGACCC,0
AATGATGTATACTCAC,0
AATGATTACAAGCTGA,0
AATGATTTACACCTGT,0
AATGCAATAAATAATC,0
AATGCAATGAGGTTTT,0
AATGCACAAATAGACC,0
AATGCACTCATAGGAC,0
AATGCACTTAATCCCA,0
AATGCAGTTTACTGAA,0
AATGCATAATGAATCA,0
AATGCATAGAGACCAC,0
AATGCATTCAATACGC,0
AATGCCAGAGTGGATA,0
AATGCCGACTATAACG,0
AATGCGAACAGTCTGA,0
AATGCGAGCACGATAT,0
AATGCGCAATCTCTAG,0
AATGCGGACCCGACGA,0
AATGCGTACAAGATCC,0
AATGCTAAAACATTGC,0
AATGCTAGATGAACTA,0
AATGCTATAAATATCT,0
AATGCTCGGTGCTCAA,0
AATGCTGACCCAAGAT,0
AATGCTGCGTGATTAT,0
AATGCTGTAAACTTGA,0
AATGGAAATTGCGACT,0
AATGGAATAGCCCCTC,0
AATGGATATTGTGTCA,0
AATGGCAAAGACACGA,0
AATGGCAGCTATACTC,0
AATGGCCGATCACCCT,0
AATGGCTCATACACGT,0
AATGGGACGTTCAAAA,0
AATGGGATTGCTATTA,0
AATGGGGATCCGTTTC,0
AATGGTAAATAATAGC,0
AATGGTAATACGGAGG,0
AATGGTAATTGGCTGT,0
AATGGTACGACGGAGC,0
AATGGTATAAACAGAG,0
AATGGTCATAACGTGG,0
AATGGTGACCAACCTT,0
AATGGTTTTACTATTT,0
AATGTAAACGCTTCTA,0
AATGTAAGCAATAATC,0
AATGTACACGTACTAG,0
AATGTACCTGCAAGAA,0
AATGTATCCTTTATTG,0
AATGTCTATACAGCTG,0
AATGTGACCAAGGATT,0
AATGTGACCAAGTCCA,0
AATGTTAGTCCCCTAT,0
AATGTTCCGAAGATGT,0
AATGTTCGATTGCTCA,0
AATGTTCGCACACCTT,0
AATGTTCGTTGAGCGT,0
AATGTTCTTCGTGAAT,0
AATGTTGTCTGGAAAC,0
AATGTTTAAAATAAAA,0
AATGTTTATAATAAAC,0
AATGTTTCTCACACAA,0
AATTAAAAGCACTGTA,0
AATTAAAATATAAATG,0
AATTAAAATCAAATCA,0
AATTAAATCATGAGAG,0
AATTAAATTACCACTG,0
AATTAACAACCAAGAA,0
AATTAACAATTAGTGA,0
AATTAACATGTGTCTG,0
AATTAACCAGCAGCAT,0
AATTAACGATATCCCC,0
AATTAACTAAGGTATT,0
AATTAAGAAAACAGAT,0
AATTAATATGTCTCAA,0
AATTAATCCTATAAAT,0
AATTAATGACTATTCA,0
AATTAATGATGTTTAG,0
AATTAATTAAAATCTG,0
AATTACAACGTGTTCC,0
AATTACAATCGCCCTT,0
AATTACACATACAAGC,0
AATTACATTATATCTC,0
AATTACCCTCCTAGGA,0
AATTACCGGCTTGTCC,0
AATTACCGGTAAACTT,0
AATTACCTAAGAAATG,0
AATTACGACAAAACCA,0
AATTACGCATTAGATT,0
AATTACGTAATTCGGC,0
AATTACTCTACTGAAG,0
AATTAGACCAAGCGGG,0
AATTAGAGCCAATCAA,0
AATTAGATACTTTCCA,0
AATTAGGTCAGGACAA,0
AATTAGTAGGGGTTAT,0
AATTATAACGGACGCA,0
AATTATACTCTAGTCT,0
AATTATATGGTGAAAT,0
AATTATCAACCTAATG,0
AATTATCACAATCCAG,0
AATTATGGTAAGAATT,0
AATTATTGAAGCGATG,0
AATTATTTACGGCAAC,0
AATTCAAAAACCATGA,0
AATTCAAAATGCAATA,0
AATTCAAACAGCCACC,0
AATTCAAACATTAGTA,0
AATTCAAGATTCCACT,0
AATTCAATAGCGGTGT,0
AATTCAATGGCTAAAT,0
AATTCACAAGATCAGA,0
AATTCATAGATTCACA,0
AATTCATTTAATAGCT,0
AATTCCAACACCCTTT,0
AATTCCAATAGGATCA,0
AATTCCATGCCCGAAT,0
AATTCCCATTAAGAAG,0
AATTCCCGACGGTTAC,0
AATTCCCGGTATATAA,0
AATTCGACAATATGAG,0
AATTCGAGACATGCAA,0
AATTCGCCGGATGTAA,0
AATTCGCGCGAAATCT,0
AATTCGTACAACCCGC,0
AATTCTAGTGAACCTC,0
AATTCTCGTTATGGAA,0
AATTGAATTAATCCGC,0
AATTGAATTGTTATAA,0
AATTGACAAATTTGAA,0
AATTGAGATACAAAAC,0
AATTGATCGTAATGAA,0
AATTGCACAACCAATA,0
AATTGCACCAAAATCA,0
AATTGCATAACACTAA,0
AATTGCGAACTCTGAC,0
AATTGCTCCAAGACTC,0
AATTGGAGGAGCAGAT,0
AATTGTACAGATCTCA,0
AATTGTCAACTGTATC,0
AATTGTCCCCTATGTT,0
AATTGTTAGCACTAAG,0
AATTGTTTAGTCACCG,0
AATTTAAGGACTATTA,0
AATTTAATAGTCTAAC,0
AATTTAATATAAATCA,0
AATTTAATTATAAGTC,0
AATTTAGTTAAAAGGC,0
AATTTAGTTACACAAA,0
AATTTATAAAATTTGG,0
AATTTATAAGATCCGA,0
AATTTATTCAACTTCA,0
AATTTATTTGATTTAA,0
AATTTCCATGACCCTA,0
AATTTCCGGTGCAAAC,0
AATTTCGATCTACCAC,0
AATTTCTTTATACAGA,0
AATTTGAAATCCGTAC,0
AATTTGAAATTGTTTG,0
AATTTGAGGCAGTAAT,0
AATTTGCCGAGGAAAA,0
AATTTGCTTATGTTTA,0
AATTTGCTTTATAACT,0
AATTTGGACACAGGAA,0
AATTTGGATATGAGTC,0
AATTTGGTTACACATC,0
AATTTGTAGAATCATA,0
AATTTTCACCTGCATG,0
AATTTTCCAAATGCTC,0
AATTTTGGTGCAGTAA,0
AATTTTTACTTTAGCA,0
AATTTTTGATTATAAC,0
AATTTTTTTAAAAAGA,0
ACAAAAAATGCCTACA,0
ACAAAAACATTCAATG,0
ACAAAAAGAGTAACCT,0
ACAAAAATAACAAAGC,0
ACAAAAATAACATGAA,0
ACAAAAATTAACTGTA,0
ACAAAACCCGTAATAA,0
ACAAAACTAAAAACAG,0
ACAAAACTATACCTTA,0
ACAAAACTTGGAAGAA,0
ACAAAAGAGGCCTGGA,0
ACAAAAGATACAAATC,0
ACAAAAGCACACCGAA,0
ACAAAAGCGGTCCTAT,0
ACAAAAGCTACACTAA,0
ACAAAATAGAATTTAA,0
ACAAAATGCAATACAT,0
ACAAAATGCGTTCAAG,0
ACAAACAACGTTACAA,0
ACAAACAGCACATATG,0
ACAAACAGCTACAGAA,0
ACAAACCACAAGACTC,0
ACAAACCACTTTACCA,0
ACAAACCCACCCAATC,0
ACAAACCCGCATGACA,0
ACAAACGAGCACACAA,0
ACAAACGGACAGGACG,0
ACAAACTAAAATTGTG,0
ACAAACTACATTCCCA,0
ACAAACTCATACGAGT,0
ACAAAGAATACGCGTT,0
ACAAAGATAGGTGATA,0
ACAAAGCCATTTTGCT,0
ACAAAGGAATAATGAA,0
ACAAAGGAGATGTACA,0
ACAAAGGGCTACCGTT,0
ACAAAGTACCACCTGT,0
ACAAAGTCTCAATCTT,0
ACAAAGTGAAGGGAGC,0
ACAAAGTGAGCAGGTA,0
ACAAAGTGGTGTCCAA,0
ACAAAGTGTTTAAGAA,0
ACAAAGTTAAATAATC,0
ACAAAGTTACTTGGCC,0
ACAAATAAAAAAGCTT,0
ACAAATAAACTTACCA,0
ACAAATAACAATCTTA,0
ACAAATATATGGCAGA,0
ACAAATCACGCTTAAC,0
ACAAATCACTTATCAA,0
ACAAATCGTGTTTCTC,0
ACAAATGAAGCTATTT,0
ACAAATGTTACTGAGT,0
ACAAATTCTCCTAAAA,0
ACAACAACTTCCCGGA,0
ACAACACCGTGAAACA,0
ACAACACGCACAAACA,0
ACAACAGAGGACCAGA,0
ACAACAGCAGTTACCA,0
ACAACATCCCATCCAA,0
ACAACATTGACTCGGA,0
ACAACCATATAACAGA,0
ACAACCGAAAACCTAT,0
ACAACCGAAGAAAATA,0
ACAACCGGAAGAAAGG,0
ACAACCTGGACCTTGG,0
ACAACCTTTACATCCG,0
ACAACGAAAGTTTATA,0
ACAACGCTACCAAACA,0
ACAACGTAAATCCACA,0
ACAACGTTCGCGGAAA,0
ACAACTACACAAAGAC,0
ACAACTATTAAAGCAG,0
ACAACTCTATCCCATA,0
ACAACTTAAGGCACTT,0
ACAACTTATACTTCCC,0
ACAACTTGCGGAAAAT,0
ACAAGAATCAATTACC,0
ACAAGACCAGACTAAC,0
ACAAGAGCACACCCTA,0
ACAAGAGTATAATAAT,0
ACAAGATAATTTAAGA,0
ACAAGATCGTAACATA,0
ACAAGATGAACCAGTG,0
ACAAGATGCCTGCTTG,0
ACAAGCAACCACTTGA,0
ACAAGCAATAAAAGTA,0
ACAAGCGAACGCTTGA,0
ACAAGCGACCTTACCG,0
ACAAGCTTTTCATGGG,0
ACAAGGCTAGATGCAG,0
ACAAGGGTCGATCATA,0
ACAAGGTTCCTAAGCT,0
ACAAGGTTGTATGTGT,0
ACAATAACCCAAGAAC,0
ACAATAAGATATTAGA,0
ACAATAAGATGCGACG,0
ACAATAAGCGACAAGC,0
ACAATAAGCGCAATAC,0
ACAATAATGTGACACT,0
ACAATAATTCTCTTAA,0
ACAATACACCCTTGGA,0
ACAATACATGCCTTGA,0
ACAATACCATAACCAA,0
ACAATACGATTATTAG,0
ACAATACTTAATCTAA,0
ACAATAGTAGAGCGAA,0
ACAATATTTCTTCAAG,0
ACAATCAAACGCTAGT,0
ACAATCACATTAACAG,0
ACAATCATCATGCTCG,0
ACAATCATTGTATGTA,0
ACAATCCACATTTATA,0
ACAATCCGACGTATCA,0
ACAATCCTATCCCCCG,0
ACAATCCTCCCACTTG,0
ACAATCGTCGCTCGTT,0
ACAATCTAACTTCCCC,0
ACAATCTAAGAAAGCG,0
ACAATGACAAGACTTA,0
ACAATGAGCTGAGTAC,0
ACAATGCAAGCCTAAG,0
ACAATGCCCGCTCTAA,0
ACAATGCTGCTGATAC,0
ACAATGGCCAATAGCA,0
ACAATGGTTACCCTTC,0
ACAATGTAGCAACTGC,0
ACAATGTTGTACTTTC,0
ACAATTATAAGAAAAG,0
ACAATTATCGTTGATA,0
ACAATTCCGATGCAAC,0
ACAATTTAAGTCTTAC,0
ACAATTTGACTTTCTG,0
ACACAAAATACAAACT,0
ACACAAACTTCATTAT,0
ACACAAAGGTAACTAA,0
ACACAAATGACTAAAC,0
ACACAACAACTAGTTT,0
ACACAACCAGTTCAAC,0
ACACAAGACCGTAAGA,0
ACACAAGATTCCGAGC,0
ACACAAGTCAATAATG,0
ACACAATATACAGACC,0
ACACAATATGTAGGAC,0
ACACAATGATTGTGTA,0
ACACACACCTGATACC,0
ACACACAGAAGAAAAA,0
ACACACGCCAAGGCCT,0
ACACACTAAGGATTCG,0
ACACACTACTGGCTTG,0
ACACAGTCATGTGGAG,0
ACACATAGTCCAATTA,0
ACACATAGTTGCCGCA,0
ACACATATCGAGTGGT,0
ACACATATTATACATG,0
ACACATCATCCAGACA,0
ACACATCGAGACAAAG,0
ACACATTAATAAATGC,0
ACACCAAACAGATAAG,0
ACACCAACGGGACCAG,0
ACACCACCCTTATCGA,0
ACACCAGATAGCACTT,0
ACACCAGGCAACGAAA,0
ACACCATCGTCCGTTC,0
ACACCCAATGACCAGG,0
ACACCCAGCGAACACC,0
ACACCCTCTAAGAAAC,0
ACACCGAGCTTTAACC,0
ACACCGCTGACGAGAA,0
ACACCTATTACGAAAT,0
ACACCTCCAAACTGAC,0
ACACCTCCATATTATT,0
ACACCTGGTTCCGCAG,0
ACACCTGTCGTTAAGC,0
ACACCTTACAATGGGT,0
ACACCTTAGTCTAAGC,0
ACACCTTCTAGCCAAC,0
ACACCTTTAGGCACAT,0
ACACGAACAACATCTG,0
ACACGAATGCTGACGA,0
ACACGACCTTAGAATG,0
ACACGATGAAGGCCAG,0
ACACGATGACCTTAAA,0
ACACGATGAGTACAAT,0
ACACGATTAAAATTTG,0
ACACGCAAAACTTATA,0
ACACGCCTCAATAGAC,0
ACACGCTCCATCCGGC,0
ACACGGTTCTCACGAA,0
ACACGTAGTTTCACGC,0
ACACTAAAACAGACGC,0
ACACTAAACTAACGGG,0
ACACTACAATCTGATT,0
ACACTACTCCAGGGAA,0
ACACTATACAGGATGA,0
ACACTCATGCGAGAAA,0
ACACTCCCAAACATAC,0
ACACTCGCCAAGATAG,0
ACACTCTGTCGCAATA,0
ACACTGGCATATAACC,0
ACACTTATACTACCGA,0
ACACTTTCCTCCCCCC,0
ACAGAAAAATAATACC,0
ACAGAAACCTATAATA,0
ACAGAAACCTATTCCG,0
ACAGAAAGAATGAAAT,0
ACAGAAAGTAACGAAA,0
ACAGAAATAACAGGAT,0
ACAGAAATGAAAAACA,0
ACAGAAATTTCCGTGG,0
ACAGAACAAAAAATAT,0
ACAGAACAAGAAGAGT,0
ACAGAACGAGATATCT,0
ACAGAAGGGAAGAGTA,0
ACAGAAGTTACAAATA,0
ACAGAAGTTCGACCTC,0
ACAGAATTACATTAAT,0
ACAGACGTTTGGTACC,0
ACAGACTATGCGCCAC,0
ACAGACTTTAACTGCT,0
ACAGAGCTAAGTCAGA,0
ACAGAGGATAAACCAT,0
ACAGAGTAATTCCACA,0
ACAGAGTCAATTTCGC,0
ACAGATAATGAACTGA,0
ACAGATATATAGTTAC,0
ACAGATCCGAAGGCGG,0
ACAGATCGGAACCTTC,0
ACAGATTCGTCCCGGA,0
ACAGATTTACGCATGG,0
ACAGATTTGAAGACGT,0
ACAGATTTTTGACATC,0
ACAGCAAAAGCAAAGA,0
ACAGCAAACAAATGTG,0
ACAGCAACTATTTACA,0
ACAGCAAGTGGTCCGT,0
ACAGCAGCCAGCTCAA,0
ACAGCCAAAAAAAGAA,0
ACAGCCAAGAGGACTT,0
ACAGCCCCACGAGGAA,0
ACAGCCGGAAAGCTTT,0
ACAGCCTTCAGGTCTT,0
ACAGCGAAACTCCGAA,0
ACAGCGAAGAAACGTA,0
ACAGCGATAACGGATC,0
ACAGCGCATTAATACC,0
ACAGCTCCGTTACAAT,0
ACAGCTTCATACTCCA,0
ACAGCTTTGTCAACAA,0
ACAGGAACCGATGCAG,0
ACAGGCAAACAAATAA,0
ACAGGCATAGATAAAA,0
ACAGGCGTAGGGCCAT,0
ACAGGCTTTGTGCACC,0
ACAGGGATAGACCAGA,0
ACAGGGTCTAACATAT,0
ACAGGTACCATAAGTA,0
ACAGGTAGCCTATTTA,0
ACAGGTCACACATCAA,0
ACAGGTCACACGTCAA,0
ACAGGTGATATACCCA,0
ACAGGTGGACTCACCC,0
ACAGGTTGAACCTTAA,0
ACAGTAGACTGTGCAG,0
ACAGTAGAGTATCAAA,0
ACAGTATATATGCAAT,0
ACAGTATCAGGACACT,0
ACAGTATTAAATATAC,0
ACAGTCACACGGCTCA,0
ACAGTCCGTACTGTCA,0
ACAGTCCTAAATGCGG,0
ACAGTCTCACAAACAT,0
ACAGTCTCGCGCACTG,0
ACAGTGACAATCATCC,0
ACAGTGGCTTAATTAC,0
ACAGTGTACGACTACC,0
ACAGTTAAGAATAATT,0
ACAGTTAGCTAACCGA,0
ACAGTTATCATCTCAT,0
ACAGTTCACTCACCAT,0
ACAGTTGTTGATATAT,0
ACAGTTTGAAAAAATA,0
ACATAAAAATAAGTCC,0
ACATAAAATTTCAAAC,0
ACATAAAGCACTTAAT,0
ACATAAATACCAGAAA,0
ACATAAATCACACACT,0
ACATAACATGATACAG,0
ACATAACCAATTAACA,0
ACATAACGGAACCTGA,0
ACATAAGTTCAAATAT,0
ACATAATAAATCCAGA,0
ACATAATAAGACCAAC,0
ACATAATACATTTACG,0
ACATAATACTCTGCCA,0
ACATAATCACTAACAC,0
ACATAATGGGGCAAAA,0
ACATAATTCAAGTATA,0
ACATACAACCTATTTA,0
ACATACAACGCATTCC,0
ACATACCATCATGGCT,0
ACATACGAATCCGTTA,0
ACATACGTATTGTTCC,0
ACATACGTTGCACCCC,0
ACATACTAAACGGAGT,0
ACATAGAAATGGATAA,0
ACATAGAATAAGTCTA,0
ACATAGAATAGAACCT,0
ACATAGATTAGTTGTT,0
ACATAGGATATGTTTC,0
ACATAGGCATAATTAC,0
ACATAGGTCACTGCCC,0
ACATAGGTCCTTATTA,0
ACATAGTGGTCCAACG,0
ACATAGTTTACGAACT,0
ACATATAAAAAGAATA,0
ACATATATCCGAATGA,0
ACATATGGCTACACCG,0
ACATATGTCACCATAG,0
ACATATTCGCGTAAGG,0
ACATCAAATTTCTACC,0
ACATCAACTTCACAAT,0
ACATCAGATAATTTAA,0
ACATCATCGATACCCC,0
ACATCATCTTCCTTCA,0
ACATCCAAGCGAGCAA,0
ACATCCACAATAAACT,0
ACATCCACTAGATAAT,0
ACATCCCTGACCGGAC,0
ACATCCCTGCTTCTCG,0
ACATCCGAGTTGGAAA,0
ACATCGGTAAAACCCT,0
ACATCGTTACTTCCTG,0
ACATCTACCAAAGCTT,0
ACATCTAGAGACATCA,0
ACATCTGATCTGACTA,0
ACATCTGCAAAGGACA,0
ACATCTGCTAACAATA,0
ACATCTTTCGAAGTAA,0
ACATGAAAAAACACCC,0
ACATGAAAAGATGAGC,0
ACATGAAACATCGAAT,0
ACATGAACACAGATCA,0
ACATGAACATGTTGAG,0
ACATGAACTAGGCAAT,0
ACATGACAATCCCGTC,0
ACATGACGCACGCCTA,0
ACATGAGAGATCGAGC,0
ACATGAGGACTTGAAC,0
ACATGATAACTGAAAT,0
ACATGATACCATACTA,0
ACATGATGAAATGTAC,0
ACATGCACATTGGAGT,0
ACATGCCTACGGATAA,0
ACATGCTCTGGCCCCT,0
ACATGCTGATGAATAA,0
ACATGGAGTTCCAACA,0
ACATGGATACGGTCAT,0
ACATGGCACCCTTTTC,0
ACATGGCCCAGCTTAA,0
ACATGGTCCCACACTG,0
ACATGGTCTAAGCGAC,0
ACATGTATACCAATAG,0
ACATGTATATACACAC,0
ACATGTTTGCGGAGCC,0
ACATTAATACAGAGAT,0
ACATTACGTCAATCTG,0
ACATTACTTCCGCAAA,0
ACATTATAATTAACAA,0
ACATTATACTGTGTCA,0
ACATTATGAGTCCTAC,0
ACATTATGGTAGCGAT,0
ACATTATTAGAACTAC,0
ACATTCAACACTGCCG,0
ACATTCAATATTTCCT,0
ACATTCAGTTTAAACG,0
ACATTCATCCAAAGAA,0
ACATTCCGATATTCGT,0
ACATTCGGTCACCAAA,0
ACATTCTTAAGTACAT,0
ACATTGCATACAGAAA,0
ACATTGTTCATTCACC,0
ACATTTATCTGAAAAC,0
ACATTTCATTAACATT,0
ACCAAAAAGCGTGGGC,0
ACCAAAAATACATATA,0
ACCAAAAATGGCCAGT,0
ACCAAAAGGATAAGTG,0
ACCAAACACAACAAAA,0
ACCAAACATGACCGCA,0
ACCAAACCATGCCATC,0
ACCAAAGCTATTTGCC,0
ACCAAAGGATGAGTGA,0
ACCAAATACATCAGCA,0
ACCAACCAGAAATACA,0
ACCAACCATACCGTCA,0
ACCAACTATGATTCAG,0
ACCAACTATTTAGCGA,0
ACCAACTCAATGGTTC,0
ACCAAGACGCTTGATT,0
ACCAAGACTACATGAG,0
ACCAATAATAAGGGGA,0
ACCAATTCAATCAATC,0
ACCAATTTTTATATCC,0
ACCACAACCTACTGTG,0
ACCACAACTCAAACCG,0
ACCACAATTAAAGTCA,0
ACCACACGTCTTATTC,0
ACCACACTCACTATTT,0
ACCACAGGGTTTCGAA,0
ACCACAGGTAATGATT,0
ACCACCGCCATCTCTA,0
ACCACCTAAATTAAAT,0
ACCACGACACGGAATT,0
ACCACGCCCAAAAAAT,0
ACCACGGAAATAACAT,0
ACCACGGGTATTTGAC,0
ACCACGTCCTATAGCA,0
ACCACTACGAACAAAC,0
ACCACTACTCAACAAT,0
ACCACTGTCAATTTCA,0
ACCACTTATCCGTGGT,0
ACCACTTGCGTGACTG,0
ACCACTTTAATCGGCA,0
ACCAGAACAAGCACCT,0
ACCAGACATACCCTTA,0
ACCAGACATGCAGATG,0
ACCAGACGAATGCCAA,0
ACCAGACGTGAGTCAA,0
ACCAGAGCCATGGTCA,0
ACCAGATAACAGAAAA,0
ACCAGATAAGAGGAAC,0
ACCAGATTGTGAGGCT,0
ACCAGCCCGACAAAGA,0
ACCAGCCGTCTACTCA,0
ACCAGCTCTAACAGCT,0
ACCAGCTGTACATACG,0
ACCAGCTTGACACTAA,0
ACCAGGATCGGTACAG,0
ACCAGGATTTGTTAGA,0
ACCAGTAAGACAAGAT,0
ACCATAAAACAATTTC,0
ACCATAACCACTTGTC,0
ACCATACAAAACAAGC,0
ACCATACCCGTAACAG,0
ACCATACTGTCTTTCA,0
ACCATAGCGCGCAACC,0
ACCATCTAATAACTAA,0
ACCATGAAACGTTTCA,0
ACCATGAAGAATGCTG,0
ACCATGCACCGGATTA,0
ACCATGTAAATACTTA,0
ACCATGTCCACCATTA,0
ACCATGTTTTGACTTT,0
ACCATTACCGTCTAGA,0
ACCATTAGAGAAAGGC,0
ACCATTTAAACTACGA,0
ACCATTTCAGGAACGG,0
ACCATTTGTCAGTTGA,0
ACCCAACCATGTACAG,0
ACCCAAGCAAAGGCGC,0
ACCCAAGTACGGTTCA,0
ACCCAAGTGATGAAGC,0
ACCCAATACGATGAGC,0
ACCCAATACTATAGGC,0
ACCCAATAGACGCCTC,0
ACCCAATCCCCGACAG,0
ACCCAATTGACTACCC,0
ACCCACACGAACAAGC,0
ACCCACATATGATCAG,0
ACCCACTTGATTCTAC,0
ACCCAGGCGATGACTC,0
ACCCAGTCCTAGTAAA,0
ACCCAGTGCTGATTTT,0
ACCCATACCGATAAGG,0
ACCCATCCCGAGAGTG,0
ACCCATTGAAATGAAA,0
ACCCCAACTTAAAATA,0
ACCCCAATATTGGTGA,0
ACCCCACGTAGGATCC,0
ACCCCACTTAACAAAA,0
ACCCCAGCAGGATGGA,0
ACCCCAGTAACGTTTC,0
ACCCCATAAGGGATAT,0
ACCCCATAATGCATAA,0
ACCCCCAATTTAGACT,0
ACCCCCACACCTCTTG,0
ACCCCCCCGTATTAGG,0
ACCCCCCGCTGAAAGA,0
ACCCCCTTCAGACGGG,0
ACCCCGGACTAATGTG,0
ACCCCTTACCACACAG,0
ACCCCTTTGTAGACGT,0
ACCCGAACAGATGGTA,0
ACCCGAACCAAAATAG,0
ACCCGAAGAGCAATTA,0
ACCCGAAGCCTGAACT,0
ACCCGAATGATGATCG,0
ACCCGAATTTTTTGCA,0
ACCCGAGCGTATCGGC,0
ACCCGATAAAGCCAAT,0
ACCCGATATTGATCGA,0
ACCCGATCGTAACCTG,0
ACCCGCAATTTAATAA,0
ACCCGCAGTACATAGT,0
ACCCGCATACGGGCGC,0
ACCCGGATCCTTACTC,0
ACCCGTACTTAGCGAA,0
ACCCGTCCAAACTGAC,0
ACCCGTGGCAAATGCC,0
ACCCTAATTATACAGG,0
ACCCTACGTAGGTCAG,0
ACCCTATGAGACACAA,0
ACCCTGAGATGCACAT,0
ACCCTGATAACACCAT,0
ACCCTGCGAGACACGC,0
ACCCTGTACGCCAGAC,0
ACCCTGTGATAATAAG,0
ACCCTGTGCCCTGAGA,0
ACCCTTAAACACTAGA,0
ACCCTTAAACATGAGT,0
ACCCTTGACCTAATTG,0
ACCCTTTGGTAAAACA,0
ACCGAAAGGACGGCCA,0
ACCGAACTAGCCATAC,0
ACCGAAGTACTACACC,0
ACCGAATAAACTTCTA,0
ACCGAATAGTTCTGAG,0
ACCGACAAAAATAGGA,0
ACCGACATTGTTAACA,0
ACCGACCTTAGCATTT,0
ACCGAGGTAGCACGCA,0
ACCGAGTAAGTCGAGA,0
ACCGAGTTTACAAAAG,0
ACCGATGAGAACATAG,0
ACCGATGTATAAATAC,0
ACCGATTGATATAATG,0
ACCGCAGCGCAGCTAG,0
ACCGCATTCTAATCCC,0
ACCGCGGACCCTCCCT,0
ACCGCTCCAAAGATTT,0
ACCGCTGGTGTATTTT,0
ACCGGACACTTCTTAC,0
ACCGGAGAATACAACT,0
ACCGGATCAGAGTAAA,0
ACCGGATGAACAAGCT,0
ACCGGTATAGGCGAAG,0
ACCGGTTGGCTCTAAT,0
ACCGTAAATGATATCT,0
ACCGTAACACACCCCA,0
ACCGTAACCGGAAAGA,0
ACCGTACATCAGAAAG,0
ACCGTATCTCCGTACG,0
ACCGTCTCTTCGTAGT,0
ACCGTGACCAAATGAC,0
ACCGTGCGCCTGAACC,0
ACCGTGGTGCAACCTA,0
ACCGTTACCTTCATCA,0
ACCGTTACGATTGATC,0
ACCGTTACTCACACAC,0
ACCGTTGCACAAAGGA,0
ACCGTTTGAAAAGAAA,0
ACCTAAAATGGCAAGG,0
ACCTAAACCATTTGGG,0
ACCTAAACTATAGAAA,0
ACCTAACACACAAAAA,0
ACCTAACACCAAAATA,0
ACCTAACGGATCACTA,0
ACCTAAGAATCGAAGA,0
ACCTAAGACGTTTAAA,0
ACCTAAGTCAGCTCAT,0
ACCTACACGATTTAAT,0
ACCTACAGTAATGAAA,0
ACCTACCACCAGAATT,0
ACCTAGAATAAAACCA,0
ACCTAGAATACACTAA,0
ACCTAGTCCGGAGTAC,0
ACCTATACTAAAGAGC,0
ACCTATCAGACGAGAG,0
ACCTATCCCTAATCCT,0
ACCTATCGACAATGGT,0
ACCTATCTATGAATGT,0
ACCTATGAACAAAGCA,0
ACCTATTTTACACAAA,0
ACCTCAAACAGATCAG,0
ACCTCAACGATCATGT,0
ACCTCACCAAGAAGTC,0
ACCTCAGAGTCGTGGC,0
ACCTCAGGGTAATCCC,0
ACCTCATATTAGAGTT,0
ACCTCATGTTGTCAAC,0
ACCTCCAATAGATATG,0
ACCTCCTACTCCATTC,0
ACCTCTATTGCAGCAA,0
ACCTCTCGGCATCTGG,0
ACCTCTGAGTGAGTAA,0
ACCTCTGGCGCCGTGT,0
ACCTCTTCCATCAGAT,0
ACCTGAAAATACTACT,0
ACCTGAAAATTGATAC,0
ACCTGAATACACGAAA,0
ACCTGATATAAAACGA,0
ACCTGGGTAAAATTAG,0
ACCTGTCTCGACACCC,0
ACCTGTGATTAGAAAA,0
ACCTGTGGTCAACGAA,0
ACCTGTGGTCACACGT,0
ACCTGTTTTACTCTTC,0
ACCTTAAAGAATCAAA,0
ACCTTAACAATAGCTG,0
ACCTTACCGAACCACT,0
ACCTTAGTGAAAAACT,0
ACCTTATTGCCAGCAA,0
ACCTTCAATTTAGGGA,0
ACCTTCTAAAGGTTCA,0
ACCTTCTACCAATTAT,0
ACCTTGAATCAACAAG,0
ACCTTGATCGTCAAAA,0
ACCTTGGAATAAAATA,0
ACCTTGTGGGTCTTGT,0
ACCTTGTTTTCTGAAA,0
ACCTTTATGATAAATG,0
ACGAAAAAGAGACGCC,0
ACGAAAAAGCGTGCAT,0
ACGAAAACCACATAAT,0
ACGAAAACGAAGCATT,0
ACGAAAACTCAAATGT,0
ACGAAAATTGAAACCG,0
ACGAAACAATAAAATT,0
ACGAAACCCGCGCTGA,0
ACGAAAGCAACAGCCA,0
ACGAAAGTACCCACAA,0
ACGAACAACTCGCCAG,0
ACGAACACGTAGTGGA,0
ACGAACATACGCTGGA,0
ACGAACCAAACCATGT,0
ACGAACCCAAAAATCT,0
ACGAACCCACCCACAA,0
ACGAACCTTTGCCTTA,0
ACGAACGAATATAAAT,0
ACGAACGATCCATAGT,0
ACGAACTATCCTCCGT,0
ACGAAGTTTCCCTTGT,0
ACGAATCAAGGCGACC,0
ACGAATTACTAATCGT,0
ACGACAATAACGTGTG,0
ACGACACAATTTACCT,0
ACGACAGTCAAGAAAA,0
ACGACCCTACAAACAA,0
ACGACGTAAAGGCCCT,0
ACGACGTAGATCCTAG,0
ACGACTATGCTCGCGC,0
ACGACTGATAAGATGA,0
ACGAGAAAAAAAAGTG,0
ACGAGAACTTTAAGAT,0
ACGAGAAGGCTAACTA,0
ACGAGAGAATGTATCA,0
ACGAGAGTTCAATCAA,0
ACGAGCGACGGATTGT,0
ACGAGCTTCTCCACTA,0
ACGAGGACAATTAATA,0
ACGAGGCCTTATATAA,0
ACGAGGCTCTATCCAC,0
ACGAGTCGGCATGAAA,0
ACGATAAAAAAATAAC,0
ACGATAACCCCACAAT,0
ACGATACCAAACACAT,0
ACGATACTGAAGATAA,0
ACGATCAAGACAATGG,0
ACGATCGCCTAAAGAG,0
ACGATCTAAGAGCCGC,0
ACGATCTGATACCCCG,0
ACGATGAAAACGAATA,0
ACGATGATACATACAA,0
ACGATGATGAATCACG,0
ACGATGCCAAAAAACA,0
ACGATTAATACCACTG,0
ACGATTAGGCTAACAC,0
ACGATTATAGCCTATA,0
ACGATTTGTGTGAATA,0
ACGCAAAAACCCAATT,0
ACGCAAAATTAAGCAT,0
ACGCAAACTAAGTTGG,0
ACGCAAAGATAAGGGC,0
ACGCAAGAAGATGTCG,0
ACGCAATTATGTCAGT,0
ACGCACCATAGTCGTT,0
ACGCACCTGCATTACG,0
ACGCACTCTAGCAGTC,0
ACGCACTGTTCCGTCA,0
ACGCAGAAGGCACTTA,0
ACGCATAATCAACCGA,0
ACGCATACGCGGATTC,0
ACGCATCCGTCAATCC,0
ACGCCAACTTAATGAC,0
ACGCCACCTTATAGAA,0
ACGCCACTGTCGATTC,0
ACGCCAGCGGAATCCC,0
ACGCCCGACCACCGTG,0
ACGCCCGAGTAAGCTG,0
ACGCCCTTAGTCTCCG,0
ACGCCGGAGAATTACA,0
ACGCGAAACAATTGCA,0
ACGCGACAACATCTCT,0
ACGCGCCGGATCAAAT,0
ACGCGGACAGTTGAAA,0
ACGCGGTGTGATAGCG,0
ACGCGTTCACCTATAA,0
ACGCGTTGGTCAATCA,0
ACGCTAGAATAACAAT,0
ACGCTCTAATCTGCCA,0
ACGCTGCGCAAGAAAC,0
ACGCTGTGCTGCACGT,0
ACGCTTAAAGAACTTT,0
ACGCTTCGGATCCAGT,0
ACGCTTGCGTACTCGG,0
ACGCTTTCCATGGCAA,0
ACGGAAAAACAGTAAT,0
ACGGAACAGTAAGATT,0
ACGGAAGACACATTCA,0
ACGGAAGAGAGCAGCT,0
ACGGAATGCAAGTACT,0
ACGGACAATAACTTGT,0
ACGGACGACAAAATCC,0
ACGGACTACAGCGATC,0
ACGGAGCAAGATATCT,0
ACGGATAACCATATAA,0
ACGGATAATATCAATT,0
ACGGATAGTCTGCCCG,0
ACGGATCGATTAACAC,0
ACGGATTAAAAGGGCT,0
ACGGATTAGGTGGAAT,0
ACGGATTCGACGTACA,0
ACGGCATTTAATCCTC,0
ACGGCCGTTGAAAGAC,0
ACGGCGAAGCACATAA,0
ACGGCGATACCACGGT,0
ACGGCGCTTTATAATT,0
ACGGCGGGCACAAGTG,0
ACGGCTGATGGGAGAT,0
ACGGGACACTTTCCAA,0
ACGGGCGACTTGAATA,0
ACGGGCGTTCAAAGAC,0
ACGGGTTAAAAAAAAC,0
ACGGTAAAGGTCTAAA,0
ACGGTAATTAAATACG,0
ACGGTACCAAAAGTCT,0
ACGGTACGGACTACTA,0
ACGGTATCTGATACCA,0
ACGGTCAGAAGGTGTT,0
ACGGTCGGAGCTTGCG,0
ACGGTGTATTGGGAAC,0
ACGGTTAAATTCACCC,0
ACGGTTTTGAAAAAGA,0
ACGTAAAACTAGAATA,0
ACGTACACTACGCCAT,0
ACGTACATAAACAATT,0
ACGTACGGAATGATCA,0
ACGTACTAAGCGGGTA,0
ACGTACTTACCTCTCT,0
ACGTAGCAGTGCGTAA,0
ACGTAGTGAGCTTAAA,0
ACGTAGTTGGGCCCTT,0
ACGTATATACAAACGG,0
ACGTATATCTGTTTAC,0
ACGTATGCTAAAACAA,0
ACGTCAAGGGACGAAT,0
ACGTCACAAAAGCCAA,0
ACGTCAGAGCATCCAT,0
ACGTCATGATTTAACC,0
ACGTCCAGGTATGAAT,0
ACGTCCTGTCAACACG,0
ACGTCGACAATAGACC,0
ACGTCGGTTGCCGTAT,0
ACGTCGTAAATCTTAA,0
ACGTCTAAGATAAGAT,0
ACGTCTATGAACATCT,0
ACGTCTCTTAGCCACA,0
ACGTGAAATGACTCAA,0
ACGTGAATTGTGTTAA,0
ACGTGACACTTCTACC,0
ACGTGAGATTCTACTT,0
ACGTGATAGCACTTCC,0
ACGTGCAAAAAACAAA,0
ACGTGCACACGTATGC,0
ACGTGCCGTGTCTACA,0
ACGTGCCTTATAAAAT,0
ACGTGCGATCATGTCA,0
ACGTGCTATACAATAA,0
ACGTGCTGCAATACCG,0
ACGTGCTTAAATAACT,0
ACGTGGCAAGCCGTCG,0
ACGTGGGCAAACAAGC,0
ACGTTACATAGATTAA,0
ACGTTATATTATACGA,0
ACGTTATCTTCATTTT,0
ACGTTCAAATAAAAAA,0
ACGTTCAATAGTTTAG,0
ACGTTGTACAGAACAA,0
ACGTTGTATTACTCAT,0
ACGTTTAACGAACAGT,0
ACGTTTAGTAGTTAAT,0
ACGTTTTCATGAAACG,0
ACTAAAAACGGAGTGC,0
ACTAAAAAGATCCTCC,0
ACTAAAAATAATCCCG,0
ACTAAAAATAGCAAAG,0
ACTAAAACTAATAACA,0
ACTAAAATATGAAAAC,0
ACTAAAATCATGAAGC,0
ACTAAAATGTAATGAT,0
ACTAAACACAGATAGC,0
ACTAAACCATCTTCCA,0
ACTAAACTACAACATC,0
ACTAAAGTCTGCAATT,0
ACTAAATAAACGTTTC,0
ACTAAATAACGAGAAT,0
ACTAAATAGAAACAAA,0
ACTAAATCCGAAGTTA,0
ACTAAATCGCGTTAAC,0
ACTAAATCTGTGGAGA,0
ACTAACAAATAATGCT,0
ACTAACAACCAACAAC,0
ACTAACAATCGAACAA,0
ACTAACAGCATCATCG,0
ACTAACCACCCTAGAC,0
ACTAACCAGCGATGAC,0
ACTAACGTGCGAATCG,0
ACTAACTGACGCTCTT,0
ACTAACTGCACCTAGT,0
ACTAAGATAAACAGGC,0
ACTAAGATTCTAGCGC,0
ACTAAGGCATGCATAC,0
ACTAAGGGCTATTACC,0
ACTAATAATAACCATA,0
ACTAATAGTGGAATAT,0
ACTAATCCAGATAGTC,0
ACTAATCCTATTGAAA,0
ACTAATCTACAACTTT,0
ACTAATCTGAACTGGC,0
ACTAATTAGCCCACAA,0
ACTAATTAGGCAACGA,0
ACTAATTCGATCAAAC,0
ACTAATTGCTCCTGGA,0
ACTAATTTCTACTAGA,0
ACTACACAAAAGCAGA,0
ACTACACATAGTTAGA,0
ACTACAGATACAATCA,0
ACTACAGCAAAAACAT,0
ACTACATCCTTTGCGA,0
ACTACCGCAATTCACA,0
ACTACCGTCGAGGCTT,0
ACTACCTCTTTCCAGT,0
ACTACGACAGACGTAA,0
ACTACGACCTGTCTAA,0
ACTACGCGCACAAAAG,0
ACTACGCGGACAGAGC,0
ACTACGCTAAGTGTGC,0
ACTACGTATTCCCTGC,0
ACTACTAAAGGTAAAG,0
ACTACTAACTGTAAGT,0
ACTACTCACCCCCTAC,0
ACTACTCAGAAATTAA,0
ACTACTCATAATGCCC,0
ACTACTCGAAACTTTA,0
ACTACTGTATCTCCTA,0
ACTACTTGATTTTCCG,0
ACTAGAACTGAGCCTC,0
ACTAGAATATTTTTTT,0
ACTAGAATGTCAGTAT,0
ACTAGAGACGATAATA,0
ACTAGATTTCCCATCT,0
ACTAGCACCCATGTTG,0
ACTAGCATGGATGACA,0
ACTAGCGATCAAACAG,0
ACTAGCGTCAATCTAA,0
ACTAGCTGCTGATAAT,0
ACTAGGAAAGCGAATG,0
ACTAGGAGCTTTGTTC,0
ACTAGGATGGACTGAC,0
ACTAGGCCTTCAAAGG,0
ACTAGGTCCTTAAACT,0
ACTAGGTTCCTAGCCT,0
ACTAGTAATCACCGGG,0
ACTAGTATTAATTCCT,0
ACTAGTATTGGCTCCA,0
ACTAGTTAACGTTCGT,0
ACTAGTTAGATAGAAA,0
ACTATAAGATCAACAA,0
ACTATACACAACTGAA,0
ACTATACCTACTTGAG,0
ACTATAGGTCAAAATA,0
ACTATATCAATGCCCG,0
ACTATCATAGTAGTTC,0
ACTATCCAATTGGCGA,0
ACTATCTAATTCTCAA,0
ACTATCTCTATTTTAT,0
ACTATGAATATATGAT,0
ACTATGAGATAATTCC,0
ACTATGTCCAGCGCGC,0
ACTATTAACAAAAAGT,0
ACTATTAACTAGAGAA,0
ACTATTAGTTATGCGT,0
ACTATTCACGATTACC,0
ACTATTGGCCGTACAA,0
ACTATTTCTATATGAG,0
ACTCAAAAAATTTGAA,0
ACTCAAAAATATATTT,0
ACTCAAACACGGATCA,0
ACTCAAATGATAGCAT,0
ACTCAACATACTACTA,0
ACTCAAGGTTCACGGC,0
ACTCAAGTCTCAACTT,0
ACTCAATGTCTTTAAA,0
ACTCAATTACCGACTT,0
ACTCACAACACAATTA,0
ACTCACACCAAAAACC,0
ACTCACCAGATAAATC,0
ACTCACGTCGTCAGTC,0
ACTCAGTGCTATGACG,0
ACTCATAAACTCCATC,0
ACTCATAACAAATAAC,0
ACTCATGATCTTAACT,0
ACTCATGTGCTAGAGC,0
ACTCATTCATCCCACT,0
ACTCCCATATCTGATT,0
ACTCCCATGAACGACT,0
ACTCCCTTAAACCGAT,0
ACTCCGATAACAAAAT,0
ACTCCGCAACAGAACC,0
ACTCCTACGAATCACA,0
ACTCCTCATACGCCCC,0
ACTCCTGTCGCGACAA,0
ACTCCTTCAATACAAT,0
ACTCCTTCCACAAAAC,0
ACTCCTTGGGACGAGG,0
ACTCGAATAATTACGT,0
ACTCGAGTCGTCGTAG,0
ACTCGCAAAAATTTAA,0
ACTCGCAATCAGATCC,0
ACTCGCATCAAATAAG,0
ACTCGCTCGTAGGAGC,0
ACTCGCTTCACTCAGA,0
ACTCGGTAACGTTAAA,0
ACTCGGTTTATTAAAT,0
ACTCTACTAATGGCAC,0
ACTCTATATTTATCCA,0
ACTCTCAGGAATATCC,0
ACTCTCGTGAAAACTC,0
ACTCTGACGGACATTC,0
ACTCTGACTCCTAATG,0
ACTCTGCCTCCTCCTT,0
ACTCTGTTATGGTCTA,0
ACTCTTTATGGTACGG,0
ACTGAAAAACAGGCGC,0
ACTGAAAAGCTTTCCT,0
ACTGAAAGTGGAATCC,0
ACTGAACGTTAATTGT,0
ACTGAAGGTCACATTG,0
ACTGAATCGTCGCAAA,0
ACTGAATGGCCACCAA,0
ACTGACCTGATAATAG,0
ACTGACGAAATGGTGC,0
ACTGACTTTGTTAATA,0
ACTGAGATATCAAGAT,0
ACTGAGTAAACAACCG,0
ACTGATAAAAGTAGCA,0
ACTGATTAAAACAAGA,0
ACTGCAAACCAGGAAC,0
ACTGCAAAGAGCATTG,0
ACTGCACTGTCTTAAC,0
ACTGCCCGATACGTCT,0
ACTGCCTGAATGGTGA,0
ACTGCGAAGTGCAAAT,0
ACTGCGAATGACTATG,0
ACTGCGCACACAACCC,0
ACTGCTATCCCGCACT,0
ACTGCTCCGATAACGG,0
ACTGCTCGGCACTAAA,0
ACTGCTGACGAGTGCA,0
ACTGCTTATTTAATCC,0
ACTGGAAGCCAGGTGA,0
ACTGGATTCTAATTCT,0
ACTGGCAAAAGAAGAC,0
ACTGGCAGGCGAGGTC,0
ACTGGCCACATCTAAT,0
ACTGGGAATCTGGATT,0
ACTGGGTCAGTCGTCA,0
ACTGGTCCGGGCGATA,0
ACTGGTTCAAAGCCAC,0
ACTGTAATCGTCAGGA,0
ACTGTATCCTTACACC,0
ACTGTCAGTAGCGCAA,0
ACTGTCCGATCATATT,0
ACTGTGGCATCAAAAG,0
ACTGTGTTTTACCAAG,0
ACTGTTATTATATTAT,0
ACTGTTGCCAACAGCA,0
ACTTAAACGCAGAAAT,0
ACTTAAATACTACTTG,0
ACTTAAGTTAAAACCT,0
ACTTACAAATATTTCG,0
ACTTACAAGCGAGAAA,0
ACTTACCACGATCCCT,0
ACTTACGCGCCGGATT,0
ACTTACTAGACTTTAT,0
ACTTAGCGCCACGCAA,0
ACTTAGCTCAAGAGCT,0
ACTTAGCTTTGAAAGT,0
ACTTAGGGGTCCTATA,0
ACTTAGGTCAACGGTA,0
ACTTATAAGTGGTAGA,0
ACTTATAATCGATTGC,0
ACTTATATTTCATTGG,0
ACTTATGAACTAAACA,0
ACTTATGACAACCATT,0
ACTTATTGCCACTCTC,0
ACTTATTGTATCCTGA,0
ACTTCAGATCGTAAGA,0
ACTTCATAGGCCCCAT,0
ACTTCATGGGACGACG,0
ACTTCATTTTACGAAG,0
ACTTCCCACCCCCAAT,0
ACTTCCGCCTGGTACC,0
ACTTCCTATTTCTTTC,0
ACTTCGACTGATGAAA,0
ACTTCGAGGAGACATA,0
ACTTCGATGTATACTG,0
ACTTCGATTGTAAAGC,0
ACTTCGTTACAACGAG,0
ACTTCTAATTACCATT,0
ACTTCTACTGCACATC,0
ACTTCTAGATCGAAAC,0
ACTTCTATACCTCATT,0
ACTTCTATGCTCAAAG,0
ACTTCTCTATATGTGT,0
ACTTCTGTTCCCATGG,0
ACTTGAATGGTTACGT,0
ACTTGAGCATATGAGT,0
ACTTGATCAGATTCGC,0
ACTTGCATAACACCCC,0
ACTTGCCTACGCACAA,0
ACTTGCTAGCGATACA,0
ACTTGGAGTACAGCAT,0
ACTTGGTAATTGGCTA,0
ACTTGTATATTATTTC,0
ACTTGTCGTCAGTGGG,0
ACTTGTCTTTTACAGA,0
ACTTGTGTCTGGCCTT,0
ACTTTAAACTTAAAAC,0
ACTTTAATAATTTTAC,0
ACTTTACTGCATCGGT,0
ACTTTACTTAAAGTAA,0
ACTTTAGTATTACTGC,0
ACTTTCGGTTATCTAT,0
ACTTTCTAACATCACT,0
ACTTTGAACACGGGAA,0
ACTTTGAACATGGCAT,0
ACTTTGATGGAAATCC,0
ACTTTGCAAACCAATA,0
ACTTTTAACGCTTTAG,0
ACTTTTAAGCCGGGCA,0
AGAAAAAAAGCCCTGC,0
AGAAAAAAATAAAATT,0
AGAAAAAAGACACAGA,0
AGAAAAACCGGTTTCT,0
AGAAAAAGGAACAAAT,0
AGAAAAAGGTCAATAC,0
AGAAAAATAATAAATT,0
AGAAAAATATAAAATC,0
AGAAAACAAAGAAACA,0
AGAAAACAATTCGTAC,0
AGAAAACCAACGATAA,0
AGAAAACTACTGTCAT,0
AGAAAACTAGTTAAAG,0
AGAAAAGTACAAAACA,0
AGAAAATAAATTATGT,0
AGAAAATCATACATAT,0
AGAAAATTGACATCAG,0
AGAAACAAACGAAGAA,0
AGAAACAGAACTCTGC,0
AGAAACAGTATGTTGT,0
AGAAACATGCTAAGAT,0
AGAAACGTTCTAGGAC,0
AGAAAGAAACATACCG,0
AGAAAGAACAAATATC,0
AGAAAGCAGAAGTAAT,0
AGAAAGTAACTAAAGT,0
AGAAAGTACCTGATAG,0
AGAAAGTAGTTAGCTG,0
AGAAAGTCCCATTAGA,0
AGAAAGTCCGTGATCG,0
AGAAAGTGCGATGGAA,0
AGAAAGTTGACAACCA,0
AGAAATAACGTACCCC,0
AGAAATACACTCCAAA,0
AGAAATAGCATATATA,0
AGAAATATCTTACAGA,0
AGAAATCGAAATACGT,0
AGAAATGCCGCGAACG,0
AGAAATGCGTTATTCA,0
AGAAATTAAATAAAAA,0
AGAAATTTAAACAAAA,0
AGAAATTTACAACGCC,0
AGAACAAACGTTTAGT,0
AGAACAAAGTATGTCA,0
AGAACAACCATATGTC,0
AGAACAAGAGCTTCCA,0
AGAACAATATTGTATA,0
AGAACACACGAACCAT,0
AGAACAGCACGCCTTC,0
AGAACAGCAGGGGAAA,0
AGAACAGCGAAGGGAG,0
AGAACATAGACCAAAC,0
AGAACATGGCACCATC,0
AGAACATTAAACATTA,0
AGAACATTCATAAATT,0
AGAACCCAGCCCTTGG,0
AGAACCTCATATCAGT,0
AGAACGCGTCCATTGG,0
AGAACGGATAACAACG,0
AGAACGGTGGGAAAGC,0
AGAACTAAAAATCGGA,0
AGAACTAAAACATCGC,0
AGAACTAAAATAACAC,0
AGAACTAACGACGTAT,0
AGAACTAATTACCTCA,0
AGAACTACTGATACGG,0
AGAACTACTTCTTTAA,0
AGAACTATATCATCCA,0
AGAACTCAAATAAGAG,0
AGAACTCATTTTGAAA,0
AGAACTCCAATCCAAT,0
AGAACTCCAGGCTATC,0
AGAAGAAAAAAAATGC,0
AGAAGAAAAGTGTAAA,0
AGAAGAAATCATTTTT,0
AGAAGAAGTTTTACCC,0
AGAAGAATTAATAAAA,0
AGAAGACATGAACTTA,0
AGAAGACCAAGAACTC,0
AGAAGAGACTCTCTGT,0
AGAAGAGTGCTCGCAG,0
AGAAGATTAGCAAATC,0
AGAAGCAGATCCCAAA,0
AGAAGCCACTAAGAAC,0
AGAAGCGATGAAGGGG,0
AGAAGCGGACCCTTAA,0
AGAAGGAATCACAGCC,0
AGAAGGCAATTCCTAC,0
AGAAGGCAGAAAATAG,0
AGAAGGGTGACTGGAA,0
AGAAGTACGCCCATTA,0
AGAAGTGAATCGCAAC,0
AGAAGTGATAACATCA,0
AGAAGTTCCTAAATCA,0
AGAAGTTGCTTACAAA,0
AGAAGTTTTACTCAAC,0
AGAATAACCGCGTCCT,0
AGAATAACCTCAAAGA,0
AGAATAAGACTATGAG,0
AGAATAAGCTATCTAA,0
AGAATAATCTAAAATG,0
AGAATAATGAACTCAG,0
AGAATACAACTTGGCC,0
AGAATACAGTTGGCAA,0
AGAATACCAGTCCAAC,0
AGAATACGAAGTTCCC,0
AGAATACGTCCCATTG,0
AGAATACTTACGAGCG,0
AGAATAGTAAACGCGC,0
AGAATATAACACAATC,0
AGAATATACCGATTAT,0
AGAATATGATCACGAG,0
AGAATCAATTAATATT,0
AGAATCACCGTACGAT,0
AGAATCCCAGATTCGG,0
AGAATCCGAATTACTG,0
AGAATCGGCAATGTAT,0
AGAATCTATATTTATA,0
AGAATGAAGCATTGGC,0
AGAATGAGTTTCAAGT,0
AGAATGATTGTCTCAG,0
AGAATGCATTTAAATC,0
AGAATGCGAGCACTAA,0
AGAATGCTGTACGAAA,0
AGAATGGTCGTAGAGG,0
AGAATTAAGAACGTAA,0
AGAATTATACCGAACA,0
AGAATTATCACCCGGC,0
AGAATTGGCCTAAATG,0
AGAATTGGTTAGACTG,0
AGAATTGTAATCACTA,0
AGAATTTATAACCTTG,0
AGAATTTGAGTACAAT,0
AGACAAAAACTCATTT,0
AGACAAAATACATTCG,0
AGACAAAATTACGCAA,0
AGACAAAGACCAGAAA,0
AGACAACTAACTGTGG,0
AGACAAGATGGATATT,0
AGACAATAAGACAGTT,0
AGACACACGACATGCA,0
AGACACAGAACGCATG,0
AGACACCACACCAATC,0
AGACACCTATACCATT,0
AGACACCTGAGACAGT,0
AGACACGCCGGAAAAT,0
AGACACGCGAAGGTGC,0
AGACACGGCCAAGGCT,0
AGACACTCCCATCACA,0
AGACACTCCGCCCACC,0
AGACAGAAGGAATAAG,0
AGACAGGGGAAAAACT,0
AGACAGTAGCCTTAGA,0
AGACAGTATGTCTCCG,0
AGACAGTTTTTTTAGT,0
AGACATAAAAGTACAA,0
AGACATACAGTGAGCA,0
AGACATACGACCGAAA,0
AGACATATTTAAGATG,0
AGACATATTTCACAGA,0
AGACATCAGTCACATC,0
AGACATCCAAATTAAA,0
AGACATTCTACCTCTC,0
AGACATTGTCATTTAA,0
AGACCAAATTAATGAT,0
AGACCAACACAGTAAC,0
AGACCACAAAGAGCAT,0
AGACCACAGTACAAAA,0
AGACCATCATTATAGA,0
AGACCATCCCCAACAG,0
AGACCCAAACTAGTAG,0
AGACCCAAATCAATGA,0
AGACCCTAAAGAAAAA,0
AGACCCTCATATATCC,0
AGACCCTTTGACAACT,0
AGACCGGACCAGCCTG,0
AGACCTAGATTGAACT,0
AGACCTAGTACAAAAT,0
AGACCTATATCTCGAT,0
AGACCTGCGGACCAAT,0
AGACCTTAAGTAGTAT,0
AGACCTTATCCATTGG,0
AGACCTTCGAAGGGGC,0
AGACCTTGACAATCGC,0
AGACGAACAAATCGGT,0
AGACGACAGTGCCGCG,0
AGACGACATGCCCGCA,0
AGACGACCAGACTATT,0
AGACGACCCCTTCTAG,0
AGACGAGGGATTATTC,0
AGACGCAAAACTACGG,0
AGACGCACAGATTCCC,0
AGACGCTAAATCTTGC,0
AGACGCTTCAATAACA,0
AGACGGACCAAAAGTC,0
AGACGGATCATTGAGT,0
AGACGGCCTCACAACG,0
AGACGTACAACCCAAA,0
AGACGTCGATAAAAAC,0
AGACTAAAAGTACAAC,0
AGACTAAAATCGAAAA,0
AGACTAAGACTATATT,0
AGACTAGTAGAACGCG,0
AGACTATACCGGGCGA,0
AGACTATTTATCCGAC,0
AGACTCAAATTTGCTG,0
AGACTCACCTTAAAAC,0
AGACTCAGTAGTGGAG,0
AGACTCCCAAGTAGCG,0
AGACTCCGGAAACGTT,0
AGACTCGACTCGACAG,0
AGACTCGGCTAAGATA,0
AGACTGAATGCCAAAG,0
AGACTGACCCCTTTTC,0
AGACTGCAGCCAATGA,0
AGACTTAAAACATCGG,0
AGACTTAACCCATATG,0
AGACTTACACAACCGG,0
AGACTTATCTTGTAAA,0
AGACTTGGCAAGATAA,0
AGACTTTATAACACAG,0
AGACTTTATAATACAG,0
AGAGAAACCTACCAAC,0
AGAGAACTACATAAAA,0
AGAGAACTCAATGATA,0
AGAGAATTACTTAGAA,0
AGAGACAGATCTGATG,0
AGAGACGCAGAGAACG,0
AGAGACGGGTCCCAAA,0
AGAGACTCTCATTAAT,0
AGAGAGAACATGTACA,0
AGAGAGAATAAAAAGC,0
AGAGAGACATATCTCA,0
AGAGAGCAAGAAGCAT,0
AGAGAGCCAGAATAAT,0
AGAGAGCGAATCAATG,0
AGAGATAAAGCAGCCA,0
AGAGATCAGATGTCAG,0
AGAGATCAGTTTGAGT,0
AGAGATTAATTGGAAT,0
AGAGATTCCTCGGGAA,0
AGAGCAAATTAAATGC,0
AGAGCACGCGAGAGCT,0
AGAGCCAGCGTTACAA,0
AGAGCCATCGTAAATT,0
AGAGCCCGGGCCGTAA,0
AGAGCGCGGCAACTAC,0
AGAGCGGTAACAAGCG,0
AGAGCTGTTTTACTAC,0
AGAGGAATTCAGGCTT,0
AGAGGAGATAGTGATC,0
AGAGGCACTGCGCATA,0
AGAGGCGTTCATACGA,0
AGAGGCTCGCCAGAAA,0
AGAGGGAAGGGAACAC,0
AGAGGGTTTAAGTGGT,0
AGAGGTACCGCAAAAA,0
AGAGGTACTTGGGCGA,0
AGAGGTAGATTCCAAA,0
AGAGGTTCGTTTACCG,0
AGAGTAAGAAAATCAA,0
AGAGTAAGGCCCACTT,0
AGAGTACGAGATATCT,0
AGAGTACGCAACCATC,0
AGAGTACTAGACGAAG,0
AGAGTACTTTTATCGT,0
AGAGTATATCAGGTCT,0
AGAGTCAACTAGAGAC,0
AGAGTCTTAGTCTTTT,0
AGAGTGAAAAGGTCAA,0
AGAGTGGAACCCCAAA,0
AGAGTGGTCACTGTTA,0
AGAGTGTCGGAATCAT,0
AGAGTGTGATCTACAA,0
AGAGTGTGGCAATCGG,0
AGAGTTGAGCACTGTT,0
AGAGTTGGCACTCTTC,0
AGATAAAAATTTACCA,0
AGATAAACGTTCACGC,0
AGATAAAGACTGCAAC,0
AGATAAATCAAAAAAT,0
AGATAACGATCTATCA,0
AGATAACTTATGTAGA,0
AGATAAGAATCGACGA,0
AGATAAGTACCACAAC,0
AGATAAGTAGGCACTC,0
AGATAATAATCCCAGG,0
AGATAATAGCTAAGCA,0
AGATAATCAATACCAG,0
AGATAATCTACGAAAG,0
AGATACAAGCTATTCA,0
AGATACAATATCACCA,0
AGATACAGACACAAGA,0
AGATACATCAACATCA,0
AGATACCGTACTGGTC,0
AGATACGATATATTGT,0
AGATAGAAAGCCGGTT,0
AGATAGAACTCGGCCA,0
AGATAGACCTCCCAGA,0
AGATAGAGTCTTAACT,0
AGATAGAGTGGAAAGA,0
AGATAGCAACCTATAA,0
AGATAGGAGTACACGA,0
AGATAGTGAGATTCAC,0
AGATATAATACATTTG,0
AGATATACCAACGTCT,0
AGATATCCCGTAGTAA,0
AGATATGACAATGAGC,0
AGATATGGTAACATAA,0
AGATATTAACAGGCAT,0
AGATATTCATTCTGCA,0
AGATATTTGCTAAACT,0
AGATCAAAGAGCTATG,0
AGATCACATCATGTGA,0
AGATCAGATACAAGGA,0
AGATCAGCAACCGACA,0
AGATCATAAACTTAAA,0
AGATCCAAAGTAAAGT,0
AGATCCAACAGACGGT,0
AGATCCGAAAGCTTAA,0
AGATCCGATTAATATA,0
AGATCCGGTACAGTAG,0
AGATCCTAGAATTAAA,0
AGATCGACCCATGCTG,0
AGATCGATGTAACACA,0
AGATCGATTAGCCCTC,0
AGATCTAGATCTATAT,0
AGATCTGTGAGATATT,0
AGATGAAGATTTTAAG,0
AGATGACTCAAAAAAA,0
AGATGAGAGCCAGCTA,0
AGATGCAATACCATAG,0
AGATGCAATTATAAAT,0
AGATGCACACGGCTAT,0
AGATGCCTCGAGACCA,0
AGATGCCTGTCGCAGG,0
AGATGCTCATAATCAC,0
AGATGGGAACCGGTCT,0
AGATGTACACAATAAA,0
AGATGTACATCGTAGG,0
AGATGTCAGAAAAGCC,0
AGATGTCCACAAAGAT,0
AGATGTCTTTCCTTTT,0
AGATGTGGTATCAATA,0
AGATTAAATCCGTATT,0
AGATTAACAGGCTTAC,0
AGATTAACTAACCTTT,0
AGATTAAGAAACATAA,0
AGATTAATTACACAGA,0
AGATTAGAGAGTAGCC,0
AGATTGAATGAAATAG,0
AGATTGATAAACATTT,0
AGATTGGACAGAGATG,0
AGATTGTTCGTAACAA,0
AGATTTAGCGAGTTTA,0
AGATTTATCCGAAGCG,0
AGATTTCGAACGCAAT,0
AGATTTGATCCCCAAT,0
AGATTTGTGCAAGGAA,0
AGATTTTAACTGACCT,0
AGATTTTTTTCGCAAA,0
AGCAAACACGCGCAAT,0
AGCAAACATGATAGAT,0
AGCAAACCCGGATTAC,0
AGCAAACTATCTCAAT,0
AGCAAACTGAGTTGTG,0
AGCAAAGATCGTGTTG,0
AGCAAAGATTACTCAG,0
AGCAAAGCATCGCTGA,0
AGCAAATATAACAAGA,0
AGCAAATGTCATTAAA,0
AGCAACCAGTTTTTCC,0
AGCAACGTTTCAAGAA,0
AGCAACTGTTCACTCT,0
AGCAAGAGAGAAAGGT,0
AGCAAGCCAAAACCAT,0
AGCAAGCTAGTGCAAA,0
AGCAAGGCTACAAGTA,0
AGCAAGTCAGCCCTAG,0
AGCAAGTTAGCGAACA,0
AGCAATAACTACATCT,0
AGCAATAGCAGAGCGA,0
AGCAATATATCGCGCG,0
AGCAATTAATCCAATG,0
AGCAATTCATCGCCGA,0
AGCAATTGAAAACTGC,0
AGCACAACACATAAAA,0
AGCACAACACATAGAA,0
AGCACACAGTTCCAAA,0
AGCACACCAAAAGGTA,0
AGCACACCTAATATGA,0
AGCACACTGTAAGACT,0
AGCACACTTACAATCG,0
AGCACAGAACCCCATT,0
AGCACAGTTATCTTTT,0
AGCACATTTAGCACAA,0
AGCACCAAATATCAAA,0
AGCACCCACTGAGAAG,0
AGCACCCGAATCAGAT,0
AGCACCTGCAAGAATT,0
AGCACGATAAACAACG,0
AGCACTAGTTAACGTG,0
AGCACTGTGTATTAAA,0
AGCAGAAAACTCAATT,0
AGCAGAGGTAGGCGGT,0
AGCAGATGTAAAAAAT,0
AGCAGCAATTGACCAG,0
AGCAGCCTAGCGAGAA,0
AGCAGGCAAACGGTGC,0
AGCAGGGAGATGGCAA,0
AGCAGGTTATAAATCC,0
AGCAGTATAACCCGCG,0
AGCAGTGCCACGAGAG,0
AGCAGTTCAAAGGCCA,0
AGCATAAAGGAAGATT,0
AGCATAAAGTAACAAT,0
AGCATAATAAAAGCCT,0
AGCATAGCAGAGCGAC,0
AGCATAGGCAAACAGT,0
AGCATATAAATCAGCA,0
AGCATGATGGATGAAC,0
AGCATTAACAATCCCT,0
AGCATTACAATTTTAT,0
AGCATTATTTCCCTCA,0
AGCATTGAAAATTAAA,0
AGCATTGCGGATTTAG,0
AGCATTTATGCTGTAA,0
AGCCAAATATACATAC,0
AGCCAAATGAACGAAT,0
AGCCAACCGAATAGAA,0
AGCCACGCCTAACTCC,0
AGCCAGAGGATACGTA,0
AGCCATTAGCTCTTAT,0
AGCCATTGTCATACTC,0
AGCCCAGAAGCAGACG,0
AGCCCCTAAAATCTTA,0
AGCCCCTCAACGAGGT,0
AGCCCCTGCTAGGCTT,0
AGCCCGCGTAATACCA,0
AGCCCTAGACACTGTA,0
AGCCCTTAAACCGTCG,0
AGCCCTTCAACCTTTC,0
AGCCGAAGCCCCTTTC,0
AGCCGACATTCCGCGA,0
AGCCGACGGGACACAT,0
AGCCGAGGCGCACGTA,0
AGCCGATTCGTCAACA,0
AGCCGCCACCAAACCA,0
AGCCGCGCCCAGCGCA,0
AGCCGGACTAAGACTG,0
AGCCGTAAGGAATTAC,0
AGCCTAGACAGTGCAG,0
AGCCTAGAGACAAACG,0
AGCCTATCTACTGCCG,0
AGCCTCCTTTCGTAAG,0
AGCCTGAATAATTTCC,0
AGCCTGGTGAATGAGA,0
AGCCTTGACAGCCTTA,0
AGCCTTGATAAAAACA,0
AGCCTTTCGAGAATGG,0
AGCCTTTCGTGACTCT,0
AGCGAAATTACTGACA,0
AGCGAACAAGTATTTA,0
AGCGAACGGCTGATCT,0
AGCGAAGAAAGCGCCA,0
AGCGAAGGAAATATCT,0
AGCGAAGTGACGTACA,0
AGCGAATTACTAATGA,0
AGCGACGCTTTTCGTG,0
AGCGAGATGTCACAAT,0
AGCGAGGTACCAAAAA,0
AGCGCACTACAAACTC,0
AGCGCACTGCATGCAG,0
AGCGCAGATCTCAGAT,0
AGCGCAGCTCCGATAG,0
AGCGCCGATTGACCAT,0
AGCGCCGCACCTTGAG,0
AGCGCCTACTAGATTT,0
AGCGCTAAACATTCTT,0
AGCGCTTCTTCAGAGG,0
AGCGGAACGTTGACTG,0
AGCGGATATACTTGTG,0
AGCGGCAGTATCTGCC,0
AGCGGCTCGGCGTCCA,0
AGCGGGACGGCGGCTA,0
AGCGGTGATCATTATT,0
AGCGTAAATATATATG,0
AGCGTAATCTGCTTAA,0
AGCGTAGAGATCCGGT,0
AGCGTAGGTCCACATT,0
AGCGTATGGGCTCTGC,0
AGCGTCAAGTGATTTC,0
AGCGTCGACCTAGCTA,0
AGCGTCTAACAAAGCA,0
AGCGTGAACAAGTAAT,0
AGCGTGAGTCTCCGGG,0
AGCGTGGTCGTGTCAA,0
AGCGTTCAGCAACGTA,0
AGCGTTTGAAGTCAGA,0
AGCGTTTTCCCATGAA,0
AGCTAAAAAACCATTA,0
AGCTAAAAATACTAAA,0
AGCTAAAATTAATATA,0
AGCTAAAGAAACCATC,0
AGCTAAATAGCGAAAA,0
AGCTAAATTATAATTC,0
AGCTAACGGTCCCTTG,0
AGCTAAGCAAATGGCT,0
AGCTAATAAATAAACA,0
AGCTACAGCACAACTG,0
AGCTACGCCCCTGAAG,0
AGCTACTCGACACAAA,0
AGCTAGCATAGCAGAA,0
AGCTATAAACAATTTA,0
AGCTATAGCATCTCTT,0
AGCTATTAAGAAGAAG,0
AGCTCAACTGAATCCA,0
AGCTCAATCGGAGACA,0
AGCTCACCAATTGAAA,0
AGCTCACTTCCTACTA,0
AGCTCCATAAGCCTAA,0
AGCTCCCTGAATTTTC,0
AGCTCGCCCCTCCACT,0
AGCTCGCTCACAGAGT,0
AGCTCGGTTATAGAAC,0
AGCTCGTACGAAGCCA,0
AGCTCGTACTAGTGAA,0
AGCTCGTAGAGTTTGT,0
AGCTCTTAAATCGAAG,0
AGCTCTTATTGCTCAG,0
AGCTCTTTGCAGAGAG,0
AGCTGAAAAAAAACAA,0
AGCTGAAATCAAAAAT,0
AGCTGAACCCTTATGA,0
AGCTGAATCGCTTCCG,0
AGCTGACGACAGGCGC,0
AGCTGAGAAGATTATC,0
AGCTGATAGTGATTAC,0
AGCTGCAAAGGGAGCA,0
AGCTGGCTCATAAGTC,0
AGCTGTTAGATCAATT,0
AGCTTAAACCAAAATC,0
AGCTTATATTCGTGTT,0
AGCTTCAATAATAACA,0
AGCTTCCGTATTATCT,0
AGCTTTACATCCTCAC,0
AGCTTTGCAGACTAGA,0
AGCTTTTCGTGAGAAT,0
AGCTTTTCTCGCAACA,0
AGGAAAAGTGCAACTA,0
AGGAAACAAAACGCTG,0
AGGAAACAAGTATCCG,0
AGGAAATACCCTTAGA,0
AGGAAATGATACTAGA,0
AGGAACACCTGAGATC,0
AGGAACCTATGCTAGT,0
AGGAACGTCAGCTGCG,0
AGGAAGAGGAAAAAGC,0
AGGAAGATGGTTTCAA,0
AGGAATAACATAGTGA,0
AGGAATGATCGTTTAT,0
AGGAATTATACAACTT,0
AGGAATTTAAATTTAG,0
AGGACATAACACATTC,0
AGGACATGCTATCGAC,0
AGGACATTGAATCCTT,0
AGGACCACACTTGGCT,0
AGGACCCTCGATAAAT,0
AGGACCGTAATGATGA,0
AGGACGAAATACCTCT,0
AGGACGACAAAACTAT,0
AGGACGGCTATGAGCC,0
AGGACGTAACAGGAGA,0
AGGACGTCCGTTGATA,0
AGGACTAAAATCTAGA,0
AGGACTAAACTGGGCA,0
AGGACTAATCACCGTT,0
AGGACTACGAGACAAG,0
AGGACTTCGGTCTCAA,0
AGGAGAAGACTGCTTA,0
AGGAGACAAGTTACGA,0
AGGAGATGTGCCGCTA,0
AGGAGCAACTAATCAA,0
AGGAGCACCAGATTGA,0
AGGAGCCACGTAATTG,0
AGGAGCTAGTCACAAT,0
AGGAGCTTACTCTAGT,0
AGGAGCTTGATGGACC,0
AGGAGGAACTTTCCGG,0
AGGAGTACACCCATTT,0
AGGAGTCTCGAATGCA,0
AGGATAAAGTTTTATT,0
AGGATAACTACCGGCA,0
AGGATAACTGCAACTG,0
AGGATATAACATCCCT,0
AGGATATCACAGAACC,0
AGGATCAAAAGTGGTG,0
AGGATCAAACATAATG,0
AGGATCCACTATCAGA,0
AGGATCCCCGACTATG,0
AGGATCGACCCTTATT,0
AGGATCGGGAGCCGTT,0
AGGATGACTAGAGTGC,0
AGGATGAGTATGGGTT,0
AGGATGCAATAGAATA,0
AGGATTAAACTTAATG,0
AGGATTCAAAAAATAT,0
AGGATTGCGAACGTAG,0
AGGATTTTGACCCGGA,0
AGGCAAACCAATCGCC,0
AGGCAACCAAGCACTG,0
AGGCAAGGATAATCCA,0
AGGCAAGGCGGTTGTC,0
AGGCAATATCATGCAG,0
AGGCAATCAAGCGCGG,0
AGGCACAAGTCATAGG,0
AGGCACCATGAAGACG,0
AGGCACGAGAATAGAA,0
AGGCAGTGCGACACGC,0
AGGCAGTTTATGCACA,0
AGGCATACGGCCAGCA,0
AGGCATATTTCACACG,0
AGGCATCAACAAGAAG,0
AGGCATGCTCGTACGA,0
AGGCCAATTAAATGAC,0
AGGCCACAGTCATTAT,0
AGGCCAGCCTGCGTGG,0
AGGCCCAATGATCTGG,0
AGGCCCCATACTGAGA,0
AGGCCGAGTTATACCG,0
AGGCCGCATTATTCAC,0
AGGCCGTGATATCCTT,0
AGGCCTAAACTGAATA,0
AGGCCTAACATAAACT,0
AGGCCTCTGGATGACC,0
AGGCCTGCAAAAGCTG,0
AGGCCTTTTACACAGC,0
AGGCGAACTTATGTAC,0
AGGCGAGATGATCTTC,0
AGGCGATGATAAAACT,0
AGGCGCAAATTGAACT,0
AGGCGTCCCCGGAATC,0
AGGCGTTAAGAGACCG,0
AGGCTAACTTATCATA,0
AGGCTAAGACCCAACG,0
AGGCTATCATGGCAGT,0
AGGCTCCCTTAACATG,0
AGGCTCCGCATATGTA,0
AGGCTCGGCACAATCT,0
AGGCTGTGTGTCGACG,0
AGGCTTAAAACGTACA,0
AGGCTTAATTAGGCCT,0
AGGCTTATAGATTGCT,0
AGGCTTGATACGCGCT,0
AGGCTTTCATAACACG,0
AGGCTTTGAATGCTCA,0
AGGCTTTTCATCCAGG,0
AGGCTTTTGCTAGTAG,0
AGGGAACCTAAGCAAT,0
AGGGAATACAACATAA,0
AGGGACCCTATTAGAT,0
AGGGACGTTTTCCTAA,0
AGGGACTGATAGTTCA,0
AGGGAGAAAATCTCTT,0
AGGGATAAACCACTTT,0
AGGGATCGTACTACAC,0
AGGGATGCAGAATTTC,0
AGGGCAAACTCGGCAA,0
AGGGCATGACGCAAGG,0
AGGGCCGATCCACTAC,0
AGGGCCGCAGAATCAA,0
AGGGCCTCGAGTAACG,0
AGGGCGAAAGCTGGGT,0
AGGGCGTAACTAGCTA,0
AGGGCTAACCACATGC,0
AGGGCTGTCTTTCTCG,0
AGGGGAATTAAATCCT,0
AGGGGAATTCAACTAT,0
AGGGGCTCTACTCGGT,0
AGGGTCTCAGTTTAAC,0
AGGGTGAGTGCAAGAC,0
AGGGTGTTGGATCGCC,0
AGGGTTATAAAAACAA,0
AGGGTTATATTGGGAT,0
AGGGTTCCCGCGCTTC,0
AGGGTTTACTTGGCAA,0
AGGTAAAACACATAAG,0
AGGTAAAACACTTTTT,0
AGGTAAAATACACTAT,0
AGGTAAATATCATACG,0
AGGTAATACCAATACT,0
AGGTACACTAAATATA,0
AGGTACCGACACCAAA,0
AGGTACGCCTGACCAA,0
AGGTACTATGGTAAAG,0
AGGTAGAACAAATATA,0
AGGTAGAAGATCTCCG,0
AGGTAGCAGGATTGAT,0
AGGTAGTCAAATAAAA,0
AGGTATAGCAAAACAA,0
AGGTATGATTAGAACA,0
AGGTCAACGCTATCCG,0
AGGTCAAGAAATTATT,0
AGGTCACGTAAAACAA,0
AGGTCATAGCAATAAG,0
AGGTCATATCGAAAGG,0
AGGTCATATTATCATG,0
AGGTCCATAGGACTCG,0
AGGTCCCCTCTTCGGC,0
AGGTCCGTAAGTTTAT,0
AGGTCGAAAAATTGTA,0
AGGTCGACCACCTATT,0
AGGTCGCTAGAAAGAT,0
AGGTCGTAATACACCA,0
AGGTCTAATTTTTTAT,0
AGGTCTGAGACCACCA,0
AGGTGAAAAATCTTAA,0
AGGTGAATACCGGAAC,0
AGGTGAATCGTTTGAA,0
AGGTGCACTTATACAC,0
AGGTGCCACTCTGCTA,0
AGGTGCCCAGTTCAAC,0
AGGTGCTGGATGAAAT,0
AGGTGGTATGACTTTA,0
AGGTTACGAGGGACTA,0
AGGTTAGTCCATCTAG,0
AGGTTCCGGGAGAGTG,0
AGGTTGACCCATATCA,0
AGGTTGACGATAGGTT,0
AGGTTGCTAAATTAAT,0
AGGTTGTGCAATGCAC,0
AGGTTTCTCACCTCCG,0
AGTAAAAAGCAGCGTT,0
AGTAAAACTTAATTTA,0
AGTAAAAGTCGCGAGT,0
AGTAAACTAAGGAATA,0
AGTAAACTTACGATTA,0
AGTAAACTTTCATAGA,0
AGTAAAGCAAAGCAAA,0
AGTAAAGGGTACAAAA,0
AGTAACAACCAAAGTG,0
AGTAACACAAACTGGT,0
AGTAACACATTAAAAA,0
AGTAACCACTCGAGAA,0
AGTAACCGACAAGAAA,0
AGTAACGTAAGTTACA,0
AGTAACTAACTTTCTT,0
AGTAACTTATAATGAC,0
AGTAAGAATCTCCTAA,0
AGTAAGAGACACGCAG,0
AGTAAGGAACGCCACA,0
AGTAAGGTCATTAAAA,0
AGTAATAAATCCGTGA,0
AGTAATAATAGTAAGA,0
AGTAATAGATGACTAG,0
AGTAATCAGACGAAGC,0
AGTAATGAAGTCGTAT,0
AGTAATTCCAAGCTAC,0
AGTACAACTAATGGGC,0
AGTACACATTTATAAG,0
AGTACACTCCTAAGGT,0
AGTACACTGATTACGT,0
AGTACAGGGCTCTCAA,0
AGTACCTCCTAAAGCG,0
AGTACGAGCCCGGTTT,0
AGTACGCACTCACTTT,0
AGTACGTCTGCGCGAT,0
AGTACTCCTACTAACC,0
AGTACTGAGAGCCAAG,0
AGTACTGTTATTGCAA,0
AGTAGAACATTAAGTA,0
AGTAGAACTCAAGACA,0
AGTAGAATTGATTGTA,0
AGTAGACGACATGGTA,0
AGTAGAGCACGAAATA,0
AGTAGATAATGGCATG,0
AGTAGATAATTTAAAA,0
AGTAGATATCGTACCA,0
AGTAGCACAGTACCTA,0
AGTAGCCCGTTTACCT,0
AGTAGGACCAAATCAC,0
AGTAGGCGATTCATTG,0
AGTAGGCTCTAATCCC,0
AGTAGTAAGTAGTCTC,0
AGTAGTGCTTGCAATT,0
AGTAGTTACGAACTGT,0
AGTAGTTAGATAGAAA,0
AGTATAAAACGCAATT,0
AGTATAACATGTTTTT,0
AGTATAACTCTCGGGC,0
AGTATAAGGTATAAAA,0
AGTATAATCAAAGTTA,0
AGTATACACCCGACGT,0
AGTATACGCTTTAAAG,0
AGTATACGTATGTCCG,0
AGTATAGAACCAGGAT,0
AGTATAGAGTCTGTCG,0
AGTATATACCCCTGGG,0
AGTATATCTGTTGCTA,0
AGTATATGCTATTCTA,0
AGTATATTATTTGACG,0
AGTATATTTCACAAGG,0
AGTATCAACAATTACG,0
AGTATCTAATAAGATA,0
AGTATCTTACGGCCCG,0
AGTATCTTTCAAAATC,0
AGTATGAGAATCCTAA,0
AGTATGAGCGGTTACG,0
AGTATGAGGTTGATAG,0
AGTATTCGCATGAGTA,0
AGTATTCGGATCGTGG,0
AGTATTGAAAAAAACC,0
AGTATTTACCCAAATA,0
AGTATTTGACAATATC,0
AGTCAAAAAACATCGG,0
AGTCAAAAACTAAAGA,0
AGTCAAATCCGGAGCA,0
AGTCAACGAGGTGAAA,0
AGTCAAGAGTGGCGTT,0
AGTCAATAAAACACCA,0
AGTCAATACACGACGG,0
AGTCAATACACGATCT,0
AGTCAATCCTCGAATA,0
AGTCAATCGCTGACTT,0
AGTCAATTCCCTACGT,0
AGTCACAAATTAAGTG,0
AGTCACACTGAAATGC,0
AGTCACAGTCCCGATC,0
AGTCACCACTAAAACC,0
AGTCACCATCCTTGTA,0
AGTCACGAGACTTAGG,0
AGTCAGAACCACTTCA,0
AGTCAGAATTTCGCTA,0
AGTCAGAGCAGGGTTT,0
AGTCATGTTTACGTTG,0
AGTCATTTAGCGCTGT,0
AGTCCAAACTAACGCT,0
AGTCCAATTAACGTTA,0
AGTCCACCTCACCGCA,0
AGTCCAGAAATAATTA,0
AGTCCAGCCTACTCGA,0
AGTCCCTACTCTTGGA,0
AGTCCGGTCCTCATCA,0
AGTCCGGTTAAAGCTA,0
AGTCCTAAAAAAGGAC,0
AGTCCTACACAGGCAT,0
AGTCCTATTGCCATAG,0
AGTCGAAGTCACCGTA,0
AGTCGAATTTTAGATC,0
AGTCGATATATACTCC,0
AGTCGCGATTTGGTAT,0
AGTCGCTAACGAATTG,0
AGTCGCTCTTATAGTT,0
AGTCGGAACATTACAA,0
AGTCGGAACATTAGAG,0
AGTCGGAGGTTAATCA,0
AGTCGTATACCTGGAG,0
AGTCGTGATACTTTCA,0
AGTCGTTTTACGAGAC,0
AGTCTACAGAGATTCA,0
AGTCTACATCACAGCC,0
AGTCTATTATCATCTG,0
AGTCTGACTAAACATC,0
AGTCTGCATGCCATCT,0
AGTGAAAAATGATGCG,0
AGTGAAAAGACATCTA,0
AGTGAACTCAGAGCAG,0
AGTGAAGAACTCTAAT,0
AGTGAATCTAACTATA,0
AGTGACAGACGTGAAA,0
AGTGACATCAATCATA,0
AGTGAGACGCCGGTTG,0
AGTGAGTAATCATCTC,0
AGTGAGTCATGTATAT,0
AGTGATGATTCACCAG,0
AGTGATGTATCTCGCA,0
AGTGATTTATTGCATG,0
AGTGCAATGACACCCA,0
AGTGCAGTACAAGAGT,0
AGTGCCGGTTCAAACA,0
AGTGCCTTCGTTGCGA,0
AGTGCGCAAACAACCA,0
AGTGCGCATAGATCTC,0
AGTGCGCCGAGACAGA,0
AGTGCTAATCACGCAT,0
AGTGCTGTGGCCCGAG,0
AGTGGAAAATAATCTC,0
AGTGGAATGACTACCC,0
AGTGGACAGAGCATAT,0
AGTGGACGGTAGCCCA,0
AGTGGATTGATAGCGC,0
AGTGGATTGGAGCATG,0
AGTGGCTTGGGCGGTC,0
AGTGGGCACATGTTGT,0
AGTGGTCGGCATAACT,0
AGTGTAAAATCTTTTA,0
AGTGTAAAATGCGGTG,0
AGTGTATCACACTGAT,0
AGTGTATCGTCAAGGG,0
AGTGTATCTAATAAAA,0
AGTGTATTTGATGTCC,0
AGTGTCATTAAAGACA,0
AGTGTGAAAAATATCA,0
AGTGTTGAAATCAAGC,0
AGTTAAACTCTTATAA,0
AGTTAAAGACATGTCC,0
AGTTAAATATAGTAGC,0
AGTTAACTGTAAGAAA,0
AGTTAATCACGAGCCA,0
AGTTACAACAATTCCC,0
AGTTACACGTAACAGA,0
AGTTACACTAACGAAA,0
AGTTACAGGTCGCTAG,0
AGTTACCAGTATCCAT,0
AGTTACGATTAACTTG,0
AGTTACTCAACATCTC,0
AGTTAGGGAGCTTATA,0
AGTTAGGGTGTAGCAA,0
AGTTATAACATGTCAA,0
AGTTCAACACCAAATA,0
AGTTCAACAGGAACAA,0
AGTTCAGAAATATTTT,0
AGTTCATAATAGGCAA,0
AGTTCCAAAGTAGTTC,0
AGTTCCAGGTGCGGAT,0
AGTTCCGATGAACCAT,0
AGTTCGCGCCCATAGC,0
AGTTCGGATAGACGTC,0
AGTTCGTCAAGCCATG,0
AGTTCGTCTTGAACCT,0
AGTTCTACTGCACATG,0
AGTTCTCTTTTACAAA,0
AGTTCTTCAATACAAG,0
AGTTCTTCCCGTAGAA,0
AGTTGAAAGGTATGGA,0
AGTTGAAATAACACCA,0
AGTTGAGCAATAAACT,0
AGTTGAGGTACCTAAA,0
AGTTGATCACGTTCTA,0
AGTTGCACGAATGTCA,0
AGTTGCCTCCATGCGA,0
AGTTGGACCGATGAAA,0
AGTTGGCACTACAAGT,0
AGTTGGTTATAATCCA,0
AGTTGGTTTAACTCTA,0
AGTTGTATCAAAGATT,0
AGTTGTTCGAGATAAA,0
AGTTTAAACCAGCATT,0
AGTTTAAGAACGGTTA,0
AGTTTAATGTGAATCG,0
AGTTTACAGAACAGTT,0
AGTTTACCTTTATTGT,0
AGTTTAGGAAACCGAA,0
AGTTTATTAACACTCT,0
AGTTTCAGCTCTTCAG,0
AGTTTCAGTAATAAGG,0
AGTTTCCTAGTCGCGC,0
AGTTTCTCCAGAGAGC,0
AGTTTGAATTCAAACA,0
AGTTTGAGACAATAAA,0
AGTTTGCATAAAGAGG,0
AGTTTGTATCACTAAC,0
AGTTTTAACTGTGTCG,0
AGTTTTATAAATATAG,0
AGTTTTCAATAATAGG,0
AGTTTTCACAGTAACC,0
AGTTTTGTGCGACCAA,0
AGTTTTTCAAAATAAT,0
ATAAAAACAAAAATAT,0
ATAAAAACCAACTCCC,0
ATAAAAACTGATAGTG,0
ATAAAAAGAGATTCCT,0
ATAAAAAGTGAAATAG,0
ATAAAAATTCTCTAAA,0
ATAAAACGCTCGAATA,0
ATAAAACTAAATTGAA,0
ATAAAACTATTAAATA,0
ATAAAACTGGGACTTA,0
ATAAAACTTATCGACA,0
ATAAAAGTGAGTCAAT,0
ATAAAAGTTCGAAATT,0
ATAAAAGTTGGAGCAT,0
ATAAAATATGTACAAG,0
ATAAAATCGTATTACA,0
ATAAAATGAAACAATG,0
ATAAAATTAATTTTTA,0
ATAAAATTTACTGCTA,0
ATAAACAAAAACCCTT,0
ATAAACAAACAACTTA,0
ATAAACACTTAAAATT,0
ATAAACCAAAACGGTC,0
ATAAACCACATGTCAA,0
ATAAACCCCCAATTTA,0
ATAAACCGCACGCTTA,0
ATAAACCTTTCAGATT,0
ATAAACGTTGCAACTA,0
ATAAACTAACACCTCT,0
ATAAAGACGACTACCG,0
ATAAAGAGAGACCTGA,0
ATAAAGAGGCGCAGTC,0
ATAAAGATTCCAAGAC,0
ATAAAGCATTAGGTGG,0
ATAAAGTTATAGACCC,0
ATAAATAATAATCAAG,0
ATAAATAATTATTAGT,0
ATAAATACAAGTATCT,0
ATAAATACTAGACAAG,0
ATAAATAGGGTTGAAT,0
ATAAATATATGCCCTG,0
ATAAATATGAAAGTGA,0
ATAAATCGAATCATCT,0
ATAAATGCCCTGTTAA,0
ATAAATGGTACGATTA,0
ATAAATTCTAAAATAT,0
ATAAATTTAAAAGACA,0
ATAAATTTAGGGCTGC,0
ATAAATTTGGCCCAGG,0
ATAACAACAGCCTGTA,0
ATAACAACCTAACATG,0
ATAACAAGATTCTCCC,0
ATAACAATTCTCATAC,0
ATAACACACAAATATA,0
ATAACACCTAACTCTA,0
ATAACACGATGCTTAG,0
ATAACAGTTGATAAAT,0
ATAACATAAATAAATT,0
ATAACATAACGGCGTA,0
ATAACATTGTTACTTA,0
ATAACCAAACAACCGA,0
ATAACCAACCATCAAA,0
ATAACCACCCTGTCGA,0
ATAACCAGCTTCCATT,0
ATAACCATTGGAATAA,0
ATAACCTAACGTCCTA,0
ATAACGAGAATTTAAC,0
ATAACGAGTGCAGTAC,0
ATAACGATTCAGCGAC,0
ATAACGCAAATGATGC,0
ATAACGCACTATTCGT,0
ATAACGCATGCTTCGG,0
ATAACGGATAGTTGTT,0
ATAACGGGAGGCTGCA,0
ATAACTAATTGGAGCA,0
ATAACTACTGTGGCAA,0
ATAACTGAAAGGGCCT,0
ATAACTGGACAAAGTA,0
ATAACTTCCTTTTCCC,0
ATAAGAAATGCTAAAT,0
ATAAGAACTACCTACT,0
ATAAGAAGCGACCTTA,0
ATAAGAAGGAAAGCGT,0
ATAAGAATGACTATAA,0
ATAAGACAAGCACGAG,0
ATAAGACCAGATTAAA,0
ATAAGAGAATTGATAC,0
ATAAGAGCCCGGTATT,0
ATAAGAGCTACTCAAA,0
ATAAGATTTAAATTAG,0
ATAAGCGCCAGCATAC,0
ATAAGCGTTTCCCAAA,0
ATAAGCTCGCCTAATA,0
ATAAGCTGCAAATGAA,0
ATAAGGATTAATCTCT,0
ATAAGGCAAAACTTCA,0
ATAAGGCATAAACTCG,0
ATAAGGCGATTGCAGT,0
ATAAGGCTAGTGTTCA,0
ATAAGGGCAACGCTAA,0
ATAAGGTTACCGTGTA,0
ATAAGGTTCTTACGTA,0
ATAAGTAAAGCAGTGG,0
ATAAGTAACCGGAGTA,0
ATAAGTACGATCTGTG,0
ATAAGTACTAAGGAAT,0
ATAAGTACTCGATGCA,0
ATAAGTATGTAAAATC,0
ATAAGTCAAAACCATA,0
ATAAGTCAACCCGCTG,0
ATAAGTCTAAGTGAGT,0
ATAAGTGATCAAGATT,0
ATAAGTGATCACTCAT,0
ATAAGTTCCTGAATAA,0
ATAAGTTCTGGCGGAG,0
ATAAGTTTCAGGTATG,0
ATAATAAAATTGGTAC,0
ATAATAACAGACACGA,0
ATAATAAGTCGCAAAC,0
ATAATAATACTTGCAT,0
ATAATACATCCCGTTA,0
ATAATACATGGAGTTT,0
ATAATACATTAAAATG,0
ATAATACCACAAGCAA,0
ATAATACCGCATACGG,0
ATAATACGTTTCACCC,0
ATAATACTAAAACTAA,0
ATAATAGAACGCACTT,0
ATAATAGATTCAATCC,0
ATAATAGCACGTAGTT,0
ATAATAGGCATCCAGG,0
ATAATAGTACAATACA,0
ATAATAGTACAGAGAA,0
ATAATAGTAGATCATC,0
ATAATATAGATACCTT,0
ATAATATATACAAGGT,0
ATAATATATTTAGAAC,0
ATAATATCCGTTCATC,0
ATAATATTCCTTTATA,0
ATAATCAGCCGCCAAA,0
ATAATCAGTTTTATAA,0
ATAATCCTCCCGTAGA,0
ATAATCGACGTTAGAT,0
ATAATCGATTAATACT,0
ATAATCTCGTGATCCA,0
ATAATCTCTCGCGAGC,0
ATAATGCCTATAACAG,0
ATAATGTAACCCAAAA,0
ATAATGTCAATAAATG,0
ATAATGTGTCATAAAG,0
ATAATTAAAATCATCA,0
ATAATTACACTATCGG,0
ATAATTACGTACTTGC,0
ATAATTATCGGATCTC,0
ATAATTATTTTAAACG,0
ATAATTCCCTGTCCAA,0
ATAATTCCTAGTGATC,0
ATAATTCGCCTATTCT,0
ATAATTCTATTTCCCG,0
ATAATTGATACTACGC,0
ATAATTTGTGACTGAG,0
ATAATTTTTCACTCAT,0
ATACAAAAGTATTGAA,0
ATACAAACCCGATGCT,0
ATACAAAGATCTCCCT,0
ATACAAATAGCCGAAG,0
ATACAAATGTAGTGTA,0
ATACAACAGCCCTATA,0
ATACAACATCGACAGA,0
ATACAAGAAACGAGGT,0
ATACAAGTGTGGACCT,0
ATACAATAAATACCTA,0
ATACAATACCCAACTG,0
ATACAATAGCACATCC,0
ATACAATCTTTAAACT,0
ATACAATGGGATAATA,0
ATACAATTGTAACAAC,0
ATACACACCAAGGCCT,0
ATACACAGCCAAACCC,0
ATACACATATAAGAAT,0
ATACACCAATACTGAA,0
ATACACCCTATAAGTC,0
ATACACCCTCTGAACC,0
ATACACGAGTAATGCC,0
ATACACGGTGTTCGTT,0
ATACACTGGTAAATAC,0
ATACAGATTTAAAAAT,0
ATACAGCTAACAAGAT,0
ATACAGGCAGAAAGGG,0
ATACATAAAAATAGGC,0
ATACATAAACAGAATT,0
ATACATAAAGAGCATA,0
ATACATAACCTGGCAA,0
ATACATACCAAGCTTT,0
ATACATATCATGGACA,0
ATACATCAAAACCCCA,0
ATACATCATTCTAAGA,0
ATACATCTCTAATTGA,0
ATACATGTGGCATAAA,0
ATACATTAAAGAATCA,0
ATACATTGAGACAGAT,0
ATACCAAAAGGTCCTA,0
ATACCAAACACTCCGG,0
ATACCAAACGGCGTGC,0
ATACCAACAAGTTAAT,0
ATACCAATAATTATAA,0
ATACCAATCATGCTCT,0
ATACCACAAGGGAAAC,0
ATACCCAAGACACGGC,0
ATACCCCACCCGCTTG,0
ATACCCGCTTATACTA,0
ATACCCTAAATCGCAG,0
ATACCCTCAGATGTCT,0
ATACCCTCTCTTGTCA,0
ATACCGACTCAGCCGT,0
ATACCGTAATCCGTGT,0
ATACCGTATATTGAAA,0
ATACCTAGCGAAAAGT,0
ATACCTCAAACGCACT,0
ATACCTCGGAGAAAGT,0
ATACCTGAAAAGGTTA,0
ATACCTGATTATAAGC,0
ATACCTGCAATAGTAG,0
ATACGAAAAATGGTCA,0
ATACGAACCCTAAATA,0
ATACGAACTTCCGACC,0
ATACGACAAGAAACTC,0
ATACGACAGGACCTAC,0
ATACGAGTTGGTTTAA,0
ATACGATCGTAAAATC,0
ATACGCAACGGCTTAT,0
ATACGCCCGTGTATAA,0
ATACGGAGCCAACACA,0
ATACGTATCCATCGAC,0
ATACGTCACCCAACAC,0
ATACGTCTCAGCAATC,0
ATACGTGAGATACAAT,0
ATACGTTAGGACTTAG,0
ATACGTTGCCGATATC,0
ATACGTTGTACGAAAA,0
ATACGTTTACAAAAAC,0
ATACTAAAAAACGTGG,0
ATACTAACTGCGCATG,0
ATACTAAGACTGAGGG,0
ATACTACAGAGTGGAA,0
ATACTACAGTAGCATT,0
ATACTACCCGAAACAC,0
ATACTAGTATTTGAAT,0
ATACTATGACGTTCAG,0
ATACTATGGACAAATT,0
ATACTCCTACCGCAGT,0
ATACTCTCAAGATTTC,0
ATACTGACTAATCGTA,0
ATACTGCACTAATCAC,0
ATACTGCTAGCTACCC,0
ATACTGTAGCATCCAA,0
ATACTTAAATAATAGC,0
ATACTTAATTCAAGCT,0
ATACTTACCTAACATA,0
ATACTTAGAAATTGTA,0
ATACTTAGATAGGCGT,0
ATACTTAGTATGCGGG,0
ATACTTGTCTTACAAG,0
ATAGAAAGAAATCCGC,0
ATAGAAATGTTTAACC,0
ATAGAACACCAAAATT,0
ATAGAACACGACCGGT,0
ATAGAACATTAAGAAA,0
ATAGAACTAGCTTGGG,0
ATAGAACTTAGCTGCG,0
ATAGAAGCCCCTCTCG,0
ATAGAATATTGATACT,0
ATAGAATCAAAAAACT,0
ATAGAATCAAACTTAA,0
ATAGAATCTAAAATTT,0
ATAGAATGGAATCTCA,0
ATAGACACTTCCAAAA,0
ATAGACCAAACGTTAG,0
ATAGACCGATTCAAAC,0
ATAGACCTAACGGGAA,0
ATAGACTCTCTAGCCA,0
ATAGACTGGAGCTCAT,0
ATAGACTTGTGCCATG,0
ATAGAGAAGGATTCCA,0
ATAGAGAATTTGGAAA,0
ATAGAGACAGTATTCA,0
ATAGAGAGACTAGACA,0
ATAGAGATAACCGAGG,0
ATAGAGATGACCTCCA,0
ATAGAGGTCCAAATTC,0
ATAGATACACATAGTT,0
ATAGATATTATACTAA,0
ATAGATTCAATCCATA,0
ATAGATTGAATTGATC,0
ATAGCAAAAAATACCA,0
ATAGCAAAAACTTTAT,0
ATAGCAAAATGTTAAC,0
ATAGCAATATGCCTGA,0
ATAGCAATGTATACTT,0
ATAGCACCAGAATAGG,0
ATAGCCAATCATCCTG,0
ATAGCCACAGTCAACC,0
ATAGCCAGTCCCAAAA,0
ATAGCCGCCAAAAACA,0
ATAGCCGGGCGATTGA,0
ATAGCCGGGGTCGCGA,0
ATAGCCTGCTCTAACG,0
ATAGCGACACTTAATA,0
ATAGCGAGAAGAAAAC,0
ATAGCGTCTTTTTATC,0
ATAGCTAGATGACAAA,0
ATAGCTAGTCCCATGA,0
ATAGCTCGAGTCTTGT,0
ATAGGACCAAGAAATA,0
ATAGGACTCACAATAG,0
ATAGGAGAAATCAAAT,0
ATAGGAGCATATGCGG,0
ATAGGCAAATTCGAAA,0
ATAGGCAGCCTACCTT,0
ATAGGCTCAATAAATG,0
ATAGGGATACGATACA,0
ATAGGGCGAATCAAAC,0
ATAGGGGACACCCATA,0
ATAGGGTTAGACGAAA,0
ATAGGGTTCAAGCCCT,0
ATAGGGTTTGGGCATT,0
ATAGGTATATCCAAGT,0
ATAGGTTATTCTCGCC,0
ATAGTAATAGTGTGCC,0
ATAGTACGTTAATTTC,0
ATAGTACTACCAAAAG,0
ATAGTACTACGTAACA,0
ATAGTATAAGGTTCCA,0
ATAGTATACGAAACTC,0
ATAGTATGCCTGATAA,0
ATAGTCACATCGGTTT,0
ATAGTCGAAAAAAAAC,0
ATAGTCGAACTTGCCT,0
ATAGTCGCCGCATATG,0
ATAGTCTTGACGTCTG,0
ATAGTGCACAATTTCA,0
ATAGTGCGCAAGAGTT,0
ATAGTGCTAGGTCTTA,0
ATAGTGGCATCTTAGC,0
ATAGTGGCTGAAACCC,0
ATAGTTAGTAACCCTG,0
ATAGTTCAAAGTCAAT,0
ATAGTTCGTAAGGAAT,0
ATAGTTCGTGTCGACT,0
ATAGTTTATCTTCCAT,0
ATAGTTTCGCCAGATG,0
ATAGTTTTTTCACCAA,0
ATATAAAGCACCACAC,0
ATATAAATACTGCAAC,0
ATATAAGAAATAATTT,0
ATATAAGAGAAATGTT,0
ATATAAGTAAGCTTAT,0
ATATAATAAAGTATAT,0
ATATAATACGAAACGA,0
ATATAATTCATGGCGC,0
ATATACAACACTTCAG,0
ATATACAGCCCAAAAT,0
ATATACAGCTATGAAG,0
ATATACCACACACGAT,0
ATATACGCTATCAGAA,0
ATATACTAAGTCAAAC,0
ATATACTCGACATCTT,0
ATATAGAATATTTGAA,0
ATATAGACTGGCGGGT,0
ATATAGAGACCGTCCA,0
ATATAGATTATATTTA,0
ATATAGGCGAAGCTAA,0
ATATAGTAGTTGAGCG,0
ATATATCAATCTAAAA,0
ATATATCACGGACCTT,0
ATATATCGAACACAAG,0
ATATATTAACAGATAT,0
ATATATTATCCAATGT,0
ATATATTATGGCATTT,0
ATATATTTAAGTCCTC,0
ATATATTTATCCCACA,0
ATATCAATCTATTCTT,0
ATATCACAATATGTGG,0
ATATCACACACTGGAG,0
ATATCACATCCTTAAT,0
ATATCACCATTAAGGT,0
ATATCACTTGGGTGGA,0
ATATCAGAAGTTCAAT,0
ATATCATAGTGCAACA,0
ATATCCAAAGTAAATG,0
ATATCCAGGTCCCTTA,0
ATATCCATCAAACCGC,0
ATATCCATGTTGATAG,0
ATATCCGTGTTCATAA,0
ATATCCTAACACTAAA,0
ATATCCTTATTCGAGT,0
ATATCCTTTTAAATGG,0
ATATCGAGATAGCCAT,0
ATATCGCTATACAATA,0
ATATCGTCAATTTGCC,0
ATATCGTCGAAAAAAG,0
ATATCTACTAGTTCCC,0
ATATCTCGCCGAATTT,0
ATATCTCTTCGTCCGA,0
ATATCTTTGTCTTTGC,0
ATATCTTTTAATTACA,0
ATATGAAATTAAATCA,0
ATATGAACCGCTCTAC,0
ATATGACGACTGTAGT,0
ATATGACTCCGCTAAA,0
ATATGAGACCACCAGA,0
ATATGCTGCACGTATT,0
ATATGGAACGTAGTAA,0
ATATGGAACTTGTAAG,0
ATATGGGGACATCGCG,0
ATATGGGTTTGCCTGA,0
ATATGTACGTAAGGAA,0
ATATGTCACCATTCAT,0
ATATGTCCAGCCTTGG,0
ATATGTCTCAGTAGAA,0
ATATGTTACACGAAGA,0
ATATGTTGCAGAACCT,0
ATATTAAATGTGACAA,0
ATATTAACCTTGTACA,0
ATATTAACTATTTCAA,0
ATATTAAGAAAGCTAA,0
ATATTAATCAACAATG,0
ATATTACACAAGAAAA,0
ATATTACTTAATAGAG,0
ATATTAGCGCTATCTT,0
ATATTAGTAATAGTCT,0
ATATTCACCCGTTCCT,0
ATATTCACCGAATAAT,0
ATATTCATTTCGGAAT,0
ATATTCCTTATGAAAA,0
ATATTCCTTCTAATGG,0
ATATTCGGCAACAATA,0
ATATTGACATCGGTCA,0
ATATTGACTAGACAAA,0
ATATTGCCTAAGGCCA,0
ATATTGCCTCAGAAAC,0
ATATTGCCTTGTAATC,0
ATATTTAGGCGAAACA,0
ATATTTATATAGAGGA,0
ATATTTGACGTTGTCT,0
ATATTTGATACGCCAA,0
ATATTTTCCAACAATA,0
ATATTTTGTCATAAAC,0
ATATTTTTGTAGCTTA,0
ATCAAAAAGATATGGT,0
ATCAAAACTTCGAAGC,0
ATCAAAAGAACTAGAG,0
ATCAAAATAGAAAAAC,0
ATCAAAATTGAGCCTA,0
ATCAAACAACCCAAAG,0
ATCAAACACGAGCTTG,0
ATCAAACATACATTAC,0
ATCAAACCAAAGTACT,0
ATCAAACGTGAAACCT,0
ATCAAAGAAGATTTCA,0
ATCAACAAACGTTGTG,0
ATCAACATCGGTAAGA,0
ATCAACCAAAGCCAGT,0
ATCAACCCGGAAATAA,0
ATCAACGCTCCAGCAG,0
ATCAAGAATCATAGAA,0
ATCAAGCACCAGCGTA,0
ATCAAGGTTCCAGACA,0
ATCAAGTGAACTGCAC,0
ATCAATAGATACCATC,0
ATCAATCCAAATCACA,0
ATCAATCTCGACTCTT,0
ATCAATGTCCATAGAA,0
ATCAATTCATATAACG,0
ATCAATTTATAGTTTA,0
ATCACAAATTGTCGCC,0
ATCACAAGATAGACTT,0
ATCACACCCCCTGTGC,0
ATCACAGGCCGCTCCA,0
ATCACAGTGGTCATAA,0
ATCACATAGAGCCAAG,0
ATCACATAGATATCAA,0
ATCACATGTACTCTAA,0
ATCACATTCAATAAAA,0
ATCACCAAAATAGTAA,0
ATCACCAAATTACTAA,0
ATCACCAAATTCGTCT,0
ATCACCAACACTTCTC,0
ATCACCCCCTAAGGAG,0
ATCACCCTTAGCGATT,0
ATCACCTAATTCAATG,0
ATCACCTATTGCAGAA,0
ATCACGAGTTGTCATA,0
ATCACGGGAGGTGATG,0
ATCACGTAACAATAAG,0
ATCACGTATCCAGCCA,0
ATCACTAAAACCAAGG,0
ATCACTAAAGAAAAGA,0
ATCACTAGATACAAAT,0
ATCACTGTACTCACAC,0
ATCACTGTTTGGTCCG,0
ATCACTTCTTATATCA,0
ATCAGAAAGCGACGAT,0
ATCAGAATAGCCACCC,0
ATCAGAATCACATCAA,0
ATCAGAGCATAATCTG,0
ATCAGATCAATCTAGC,0
ATCAGATCACATATAA,0
ATCAGATCCGTAATTG,0
ATCAGCACCGTAACAA,0
ATCAGCTATCCAATCA,0
ATCAGGGTAAAAATCC,0
ATCAGGTCAATCGTCA,0
ATCATAACTAAGCGTA,0
ATCATAAGCAAAACAA,0
ATCATAATCCCATATA,0
ATCATAATGCACCTGT,0
ATCATACAAGAAAAGC,0
ATCATACCAGATCTAT,0
ATCATACGACATTATC,0
ATCATAGAACTAAATC,0
ATCATATAGATGGCGT,0
ATCATATATCGCAAGC,0
ATCATATCAAAGGAGT,0
ATCATATGTATGTCAG,0
ATCATCGGCATTGCGT,0
ATCATGACAATGCGGA,0
ATCATGATGAAAAGAT,0
ATCATGCTAGAATCAA,0
ATCATGTTCACGCGAT,0
ATCATGTTTGTTACCC,0
ATCATTAATATATCAG,0
ATCATTACCGGTACTT,0
ATCATTTAACACTGCT,0
ATCATTTGATACATAG,0
ATCCAAAAACGCGTTC,0
ATCCAAAACTTTTTTA,0
ATCCAAAGCCATCTCA,0
ATCCAAATATGTCCTT,0
ATCCAAATTACAGTGG,0
ATCCAACATTCACACA,0
ATCCAAGAAGTGAACA,0
ATCCAAGTACCCGAAG,0
ATCCAATAACAACGAG,0
ATCCAATAACGTCTCC,0
ATCCACATAAGCACTG,0
ATCCACCGACTACAGC,0
ATCCAGCGGAAAAAGT,0
ATCCAGGACAGACTTA,0
ATCCAGTACAAGTATT,0
ATCCATAAATGGGTCA,0
ATCCATAAATGTCAAG,0
ATCCATAACCATTTTA,0
ATCCATAAGAAAATAT,0
ATCCATAGACAGGCAG,0
ATCCATAGGGTTAACA,0
ATCCATCGCATTGCAT,0
ATCCATTCAAAAGAAA,0
ATCCCAATACTCTGTG,0
ATCCCACATAACTATA,0
ATCCCACGCCAGTGAA,0
ATCCCAGATGGATACA,0
ATCCCAGTATCTCTTT,0
ATCCCCCCTCTGGTGA,0
ATCCCGCCCGGTGACC,0
ATCCCGTAAAGGTCCT,0
ATCCCTCCTTTCCGAA,0
ATCCCTTCTGATGAAA,0
ATCCCTTGCGTTAAGA,0
ATCCCTTTAGAGGGCC,0
ATCCGAAGTAATTGTA,0
ATCCGACATAGAAATA,0
ATCCGAGGATCTTGGA,0
ATCCGATACTTTCCAA,0
ATCCGCACTGCAACGT,0
ATCCGGCAAATCACTG,0
ATCCGGCTGTAACCCA,0
ATCCGGTTATCCTAGG,0
ATCCGGTTTAGTACCA,0
ATCCGTGATGTTAGAC,0
ATCCTAAAACTGGCAT,0
ATCCTAAGCAAAACAG,0
ATCCTAATTAAGAACA,0
ATCCTACAGCTTGCAT,0
ATCCTACTGACTAGAA,0
ATCCTATTAACTTAGG,0
ATCCTATTTTAACTCT,0
ATCCTCACCGAAGTAA,0
ATCCTCCAAATACTAC,0
ATCCTCGAATTATGAT,0
ATCCTGGAACATCCCG,0
ATCCTTAACCCTGATC,0
ATCCTTGAACTACAAC,0
ATCCTTTACATTGTAA,0
ATCCTTTATAGCAAAT,0
ATCGAAGAGCCCAAGA,0
ATCGAATTTATCATAT,0
ATCGACAGCACGGTCG,0
ATCGACCACCTACTCC,0
ATCGAGACTAGAGCTA,0
ATCGAGCACTTACGTT,0
ATCGAGGATACTTTCA,0
ATCGAGGGGCTCCGAT,0
ATCGAGTCCCTCACGG,0
ATCGATAGGCAATATT,0
ATCGATCAGAAAATAT,0
ATCGATTGTCTCAATT,0
ATCGCACTGAATAGAG,0
ATCGCATACAGAGAAT,0
ATCGCCACATACATCC,0
ATCGCCACCCACTCAA,0
ATCGCCGTCGCGAACA,0
ATCGCTAATACGCTCT,0
ATCGCTCTTTATCGTA,0
ATCGCTTAATTATTAC,0
ATCGGAACCTACCTAA,0
ATCGGACGAACATGCA,0
ATCGGAGGCGGTTCGA,0
ATCGGCTAATGACGAC,0
ATCGGCTCTACGTCCG,0
ATCGGGTAAATAAATC,0
ATCGGTAACCCCGGTT,0
ATCGGTCTCACAACGC,0
ATCGGTGAGATTACTG,0
ATCGGTGTATGCATAC,0
ATCGTAAAACTTAGAT,0
ATCGTAACTTAATCTG,0
ATCGTAATACTGTACA,0
ATCGTAATCGTTAACG,0
ATCGTAGCAATGTTAA,0
ATCGTCATTATTTGGA,0
ATCGTCCGGTGAAACT,0
ATCGTCGTTAACTAGT,0
ATCGTGAGTCTTTACG,0
ATCGTGTGTTAATTGT,0
ATCGTTACGAACTGCC,0
ATCGTTCAGAGTTCCT,0
ATCGTTGCAAATAAGA,0
ATCTAACGAGTGAAAC,0
ATCTAATCGAGTAGAA,0
ATCTAATGTAACAGAA,0
ATCTACCTTTCCTGTA,0
ATCTACTCATCAGAAA,0
ATCTACTTCGAAATGA,0
ATCTAGAATAAGGATG,0
ATCTAGAGATTATGTG,0
ATCTAGATCAAGACCC,0
ATCTAGCTTGTCCTAC,0
ATCTATAGTACCTGAT,0
ATCTATATACAAATCA,0
ATCTATGCTAGGTCAA,0
ATCTCAAAGATAAGGA,0
ATCTCAATGCCTAGTT,0
ATCTCACTTTAAGTTA,0
ATCTCCCTTTACAATA,0
ATCTCCTAAGCGCTAC,0
ATCTCCTAAGTCAGCT,0
ATCTCGATATCGGCTA,0
ATCTCTCAAACCATTA,0
ATCTCTCAGACATCCC,0
ATCTCTCGTGCAGAAA,0
ATCTGAAGCCTAGAGG,0
ATCTGACAACAAAATA,0
ATCTGACCGTTCTCGT,0
ATCTGATTAGTTCCAT,0
ATCTGCATCACCCAGT,0
ATCTGCATGGTAAATA,0
ATCTGCCGACCCACAC,0
ATCTGGCCCATATCCA,0
ATCTGGGTCGTGCAAA,0
ATCTGTCCAGAACCAC,0
ATCTGTTTTATAGACC,0
ATCTTAAAATAGCACG,0
ATCTTAAGACCCTCAC,0
ATCTTAATATGGACAT,0
ATCTTACATTCCAACA,0
ATCTTCAGTTCCACCA,0
ATCTTCCTCCGCTAGT,0
ATCTTGAAAGTAGCAA,0
ATCTTGCATCGCGATC,0
ATCTTGCTATCATCAC,0
ATCTTTTAGGCAAGGC,0
ATGAAAAAAATCTCTC,0
ATGAAAACTACACGTA,0
ATGAAAATCTCTATAA,0
ATGAAAATTTAAACAA,0
ATGAAACAAAAATGAT,0
ATGAAACATAAGTTAT,0
ATGAAAGCAGGAATAA,0
ATGAAATGGAAGAGCT,0
ATGAAATTTACAATAT,0
ATGAACACAGACGTCT,0
ATGAACCCAATAACGC,0
ATGAACCTCCAGAATC,0
ATGAACGGTAACGTAT,0
ATGAACGTAAAATCTA,0
ATGAACTATGCGTATA,0
ATGAACTGAACAAATT,0
ATGAACTGCCAAACAT,0
ATGAACTGTGAGCCAG,0
ATGAAGAAACACAGTC,0
ATGAAGAATGGGCAAT,0
ATGAAGACGAGACACC,0
ATGAAGCCCTTTTCAT,0
ATGAATGACCGGGTGA,0
ATGAATTACCCTGACA,0
ATGAATTTGTCCCATG,0
ATGACAAAAATGCAAT,0
ATGACAAATCCAATAT,0
ATGACAAATTCGAACG,0
ATGACAACCCGCCCTA,0
ATGACACGTCTCGTTA,0
ATGACACTTTGCCTCA,0
ATGACAGATCCATAAA,0
ATGACATAGTAAGGTC,0
ATGACATGATAGACAA,0
ATGACCCTGTAACTGA,0
ATGACGGCGCGCAAAT,0
ATGACGGGCCGGTAAC,0
ATGACTAAATACAACT,0
ATGACTGAACTAAATT,0
ATGACTGCTCTGAAAT,0
ATGAGAAAAGCCTGTA,0
ATGAGAAATTAGCAGC,0
ATGAGAACACAGAAAA,0
ATGAGAAGATTGTAGC,0
ATGAGAATAATACCAA,0
ATGAGACAGAAATGGG,0
ATGAGACTATGGTGGA,0
ATGAGAGAAGTCGTTG,0
ATGAGCAGTTGAATAA,0
ATGAGCGCCATCTTGC,0
ATGAGCGGAATCAAAA,0
ATGAGCTCACTTTAAG,0
ATGAGGATCGCACTCA,0
ATGAGTATGGTTTTTT,0
ATGAGTCAGTATAGCT,0
ATGATAAAACATAACA,0
ATGATAAAGGACCTGC,0
ATGATAAATTTCTTAC,0
ATGATAAGTTCCAAAT,0
ATGATAATAGGGGATA,0
ATGATACGAGTTCCCA,0
ATGATAGTTCTAATTG,0
ATGATATACATTGTAA,0
ATGATCAAGAAATAAA,0
ATGATCAAGATACTGA,0
ATGATCACGCCTGATC,0
ATGATCATACGCCACT,0
ATGATCATACTGTAGA,0
ATGATCCAGTAGCGCA,0
ATGATCCCCTATAACT,0
ATGATCGGACTCCACG,0
ATGATCGTTCATCCTA,0
ATGATCTCCAAAAAGA,0
ATGATCTCGGCATACA,0
ATGATCTGCCCGACCT,0
ATGATCTGCGCATAAA,0
ATGATGAAATACTCGT,0
ATGATGACATAATAGT,0
ATGATGAGCCCGTTAT,0
ATGATGCGCTGCAAAA,0
ATGATTATCTTACTGA,0
ATGATTGAGAGGCTAC,0
ATGATTTACAAAAATG,0
ATGCAAGAACCGCTTT,0
ATGCAAGACCTAGAAA,0
ATGCAAGGTAACTGGA,0
ATGCAATAACAAAATA,0
ATGCAATTACAAATCT,0
ATGCACAATTAATGCG,0
ATGCACTAGTTTACCT,0
ATGCACTCGATATTCT,0
ATGCAGTTAGGGCGAT,0
ATGCATAAGACGTATT,0
ATGCATAGACATGTAA,0
ATGCATATGACGAAAC,0
ATGCATCCAAGAATTC,0
ATGCATTGAAATATCA,0
ATGCATTTACTACTAG,0
ATGCATTTCCGTTGTT,0
ATGCCAAATACTATTT,0
ATGCCAATTCGATCAC,0
ATGCCATAGATACGGG,0
ATGCCATAGCTATAAG,0
ATGCCATGGCCCAACG,0
ATGCCATGTAGGTACC,0
ATGCCCAAGATCACTA,0
ATGCCGACTATATGAC,0
ATGCCGAGGCCAAAGG,0
ATGCCGTTAAATACAA,0
ATGCCTAAGCCTATAT,0
ATGCCTACCTATCTCA,0
ATGCCTACTCATGCTT,0
ATGCCTCATGAATTAA,0
ATGCCTCCTGAGATCT,0
ATGCCTGACGCATTGT,0
ATGCCTTACAGATATG,0
ATGCGAAGGGCTGGCT,0
ATGCGACCCAGCAGCT,0
ATGCGACGTAATTACT,0
ATGCGAGCTCTGACTT,0
ATGCGCCGATACCGTG,0
ATGCGGAACAATTATA,0
ATGCGGCACAGCGCCA,0
ATGCGGGGCATCTTTT,0
ATGCGGGTTGGGGGCG,0
ATGCGTATGCCTCGTA,0
ATGCGTCCCTAAAAAA,0
ATGCGTGAGGATAATA,0
ATGCTAAATCAACCAC,0
ATGCTAACCGATTTCG,0
ATGCTACAAAAATCAC,0
ATGCTATCCTTCGAAA,0
ATGCTATCGGTATAAA,0
ATGCTCCATACTCTTT,0
ATGCTCTTTAGATACA,0
ATGCTGGGTAGCCAAA,0
ATGCTGTACACACAAG,0
ATGCTGTGATTCATTT,0
ATGCTTGACCCACCAA,0
ATGCTTGCCCACACGA,0
ATGCTTGCCGCCTAAT,0
ATGCTTTGGTGTAACT,0
ATGGAAAAACGAAAGT,0
ATGGAAACAGTTACAT,0
ATGGAAGTGAGAACAA,0
ATGGACAAGGCCAGAT,0
ATGGACCTGTTATTAC,0
ATGGACTAGTAAATCA,0
ATGGACTGGTGACTCA,0
ATGGAGTTCGCAGAAC,0
ATGGATAATGTCCCTA,0
ATGGATCGCGCGACCC,0
ATGGATGACAATGAAC,0
ATGGATTTCATGTTGT,0
ATGGCAACCTACTTAA,0
ATGGCAACTGCTGCCC,0
ATGGCAACTGTAAAGC,0
ATGGCACATCGATCAC,0
ATGGCAGTATTATGTT,0
ATGGCATGAAACCGAG,0
ATGGCCCAAAAAAAAA,0
ATGGCCGAAAGGTCAT,0
ATGGCCGTACGAAAAG,0
ATGGCCTGGTAAAATT,0
ATGGCGCAATATATAG,0
ATGGCGCTAAGTACAC,0
ATGGCGGCAAACCCTC,0
ATGGCGGTGTGGTGCT,0
ATGGCGTTCCCACTAA,0
ATGGCTAACTCCCTCT,0
ATGGCTATACACAACT,0
ATGGCTATATTTACAA,0
ATGGGAAATAACAGAT,0
ATGGGAGACTTCAGTG,0
ATGGGCAAAATGACTT,0
ATGGGCACAATCCCCA,0
ATGGGCTGAACGAAAA,0
ATGGGGATTTGCTGAC,0
ATGGTAAAAGGCCTGT,0
ATGGTAATGGCCCAAC,0
ATGGTATAATATATAT,0
ATGGTATACAGAAATT,0
ATGGTATTGAGACCTA,0
ATGGTCAAATTTTGTC,0
ATGGTCTTAATGCGGA,0
ATGGTGCTAAAAGCAA,0
ATGGTTACCATCCAAT,0
ATGGTTATTGACTTGC,0
ATGTAAAAACAAGACT,0
ATGTAAAACTGCTGAA,0
ATGTAAAATCTATCGG,0
ATGTAAATAAAAACCA,0
ATGTAAATCAAAAATA,0
ATGTAAATCACACGAA,0
ATGTAAATTACGACTC,0
ATGTAACACGCCTTTT,0
ATGTAAGAGTAAACTT,0
ATGTAAGCAGACAATA,0
ATGTAATCCGCCAGCT,0
ATGTAATTAGAAAAAC,0
ATGTAATTATCACATA,0
ATGTACAATGAAGGGT,0
ATGTACACTCTTGTAA,0
ATGTACATCTCCGAGG,0
ATGTACGGCAGCTATA,0
ATGTAGACGAGCCATC,0
ATGTAGCCGACTATAG,0
ATGTAGCTCTCACAAT,0
ATGTAGGATCTTTTAA,0
ATGTATATCGCACTGA,0
ATGTATGACAACGTTT,0
ATGTATGCGCCACTCA,0
ATGTATTGTGCAATAT,0
ATGTCAAAGCCACATG,0
ATGTCACCTTTCGCCC,0
ATGTCCAATGGCCATG,0
ATGTCCATTTCTCTTA,0
ATGTCCGGCGAAGATT,0
ATGTCCGTAAATAGGC,0
ATGTCCTCAGTTAAAA,0
ATGTCGTAATCATAAA,0
ATGTCTAATCGGACTG,0
ATGTCTACGAGTCTTA,0
ATGTCTGAACAAAAGA,0
ATGTCTTCTACCACAC,0
ATGTGAAACAGGGGAG,0
ATGTGAATCGCAAAAG,0
ATGTGACACCTAGATA,0
ATGTGAGCCTCATAAT,0
ATGTGATCCGGATAGA,0
ATGTGCACATTTGCTG,0
ATGTGCATTATAATAA,0
ATGTGCTTAGCTTCAC,0
ATGTGGAAGTCCGTAG,0
ATGTGGATATGAACAT,0
ATGTGTCGGTATGCGT,0
ATGTGTTAACCGAGGT,0
ATGTTAAAACATTAAC,0
ATGTTAATAAACTGAA,0
ATGTTAGAAACCGGCC,0
ATGTTATGATTAACCC,0
ATGTTATTCTAACAGA,0
ATGTTCAACCGTTCAG,0
ATGTTCCCCTGCAACT,0
ATGTTCCGCGGGCAGG,0
ATGTTCCTAGAAACAT,0
ATGTTGACTTTCCCCG,0
ATGTTGGTATACAGAA,0
ATGTTGGTATACAGGA,0
ATGTTGTACTGCACGT,0
ATTAAAAAAAAATTAC,0
ATTAAAAATTAAAGAT,0
ATTAAAAGCGGTACAC,0
ATTAAAAGGTGTATAA,0
ATTAAAAGTGCTAGAC,0
ATTAAAAGTGGCCCAA,0
ATTAAAATAGCACAAT,0
ATTAAACCTAGTCCTA,0
ATTAAACTAAAATTAA,0
ATTAAACTTCAGCATT,0
ATTAAAGTATAAAGTA,0
ATTAAAGTTCATGGGT,0
ATTAAATAAAAGATTA,0
ATTAAATAGATGCATA,0
ATTAAATAGTATTCCC,0
ATTAAATATAAACATG,0
ATTAAATTAGGGATAG,0
ATTAAATTATCCTCCG,0
ATTAAATTCACTGTAC,0
ATTAACAAAAACAAGA,0
ATTAACACGAATAACT,0
ATTAACAGGAACAAGA,0
ATTAACAGGACAATAC,0
ATTAACCAAATCTGGA,0
ATTAACCATGCCTCGA,0
ATTAACCTGCAATTTC,0
ATTAACCTTTAAAACC,0
ATTAACGCTTCTTGAA,0
ATTAACTAGTGTCACG,0
ATTAACTATCAAAAAG,0
ATTAACTGTATGATAG,0
ATTAACTTATAATTAC,0
ATTAAGACAACACTTA,0
ATTAATAATTTATTGT,0
ATTAATACGTCTCTTC,0
ATTAATATCGTCCAGA,0
ATTAATCCCCCGTAGC,0
ATTAATCGACATAATT,0
ATTAATCGATCAACAA,0
ATTAATGAGGGCAAAT,0
ATTAATGGGGATAGGG,0
ATTAATTTGCAACACC,0
ATTACAATAAAATGAG,0
ATTACACAACTTATAT,0
ATTACACGTCCTGTTG,0
ATTACATTCAGAGTAC,0
ATTACCAAAACCCACT,0
ATTACCAAAATCTGAA,0
ATTACCAAATCTGTCC,0
ATTACCCTACAGGGCT,0
ATTACCGAAATCCAAG,0
ATTACCGGGTTAAGGA,0
ATTACGACATATCGCG,0
ATTACGACTGACCACC,0
ATTACGGCAAGAAAGA,0
ATTACGTAAGGCGACG,0
ATTACGTTCCTAGCAT,0
ATTACGTTTGCGGGGT,0
ATTACTAAAGTACAAG,0
ATTACTAACAGGCCCC,0
ATTACTAGCTCACCTA,0
ATTACTCACACTAGTA,0
ATTACTCATGACTGCA,0
ATTACTCTAAATATGC,0
ATTACTGGAACAGGGC,0
ATTAGAAAAATTAGAT,0
ATTAGAAACGGTAGTA,0
ATTAGAAGAAATAAAG,0
ATTAGACAACCATAAA,0
ATTAGACAGAAACTTC,0
ATTAGATAGTCCATTG,0
ATTAGCAGCAATTTAC,0
ATTAGCCAGGTGATTA,0
ATTAGCGATGACTTCA,0
ATTAGCGTCGGGTCCG,0
ATTAGGAGTACAATTA,0
ATTAGGCAACAGTCAT,0
ATTAGGCAACTACATT,0
ATTAGGCGATACATTC,0
ATTAGGGCTGATAAGA,0
ATTAGTACCAAATATA,0
ATTAGTCCACTAGCAA,0
ATTAGTTCGTGCTAAG,0
ATTATAAATAGGTTTC,0
ATTATAACTGTTCATA,0
ATTATAAGGAGGGGAC,0
ATTATACGAGCTGATT,0
ATTATACGCATTGTTG,0
ATTATAGCAAGCACGT,0
ATTATAGGCGTTCAAA,0
ATTATATAATATAGTT,0
ATTATCAGTCATCCAC,0
ATTATCGTTTGATGAA,0
ATTATCTAATAAACCG,0
ATTATGATGAACTGAT,0
ATTATGCTTGCTAGAG,0
ATTATGGTGTCAGGAC,0
ATTATGTCAAAATATA,0
ATTATGTTTCCGCTTA,0
ATTATTAATTGTGTGT,0
ATTATTACCCACTTCA,0
ATTATTACCGAACTGA,0
ATTATTCCGGCTTGGA,0
ATTATTCTTATTCGAC,0
ATTATTGAAAGATAGC,0
ATTCAACAATAAATTC,0
ATTCAAGTCCAATGAC,0
ATTCAATAAGCACGTA,0
ATTCAATCGAGTTGGT,0
ATTCAATGTATCATAG,0
ATTCAATTATAGATAA,0
ATTCACAAGCTTGAAC,0
ATTCACCGGGCTTAAT,0
ATTCACCTCTAGTGCA,0
ATTCACGTACTCGACA,0
ATTCACTAGAGTTGCG,0
ATTCACTGACAGGTTT,0
ATTCACTGTAAGGATG,0
ATTCACTTATGAAAAA,0
ATTCAGCTACGTCCGA,0
ATTCAGCTGGGTAGGA,0
ATTCATAGAACAGGCT,0
ATTCATAGTAGCAGAT,0
ATTCATATAAAATCCC,0
ATTCATCAATTCTGAT,0
ATTCATCTATCGGCCG,0
ATTCATCTGGTCCTAA,0
ATTCATGTAACGATAT,0
ATTCATTAATTTGCAC,0
ATTCATTCCTTACTAA,0
ATTCATTGGCACCTAA,0
ATTCATTTAACCATTT,0
ATTCCAAAAGCCACTC,0
ATTCCAAATACATAGG,0
ATTCCAACCAACTCAG,0
ATTCCAATCCCAAAAT,0
ATTCCATAGACTTGTA,0
ATTCCATCTTCTACAT,0
ATTCCATGTCCTGTGA,0
ATTCCCAGCAGTAAAT,0
ATTCCCGTATAGTCTC,0
ATTCCCTGATCCCGTA,0
ATTCCGAACGCGCAAA,0
ATTCCGAGGATGTGCG,0
ATTCCGCCTCAGGCCA,0
ATTCCTACACCGAGTC,0
ATTCCTAGGAAGGAAG,0
ATTCCTTACGAAGTAA,0
ATTCCTTAGCCCGGAG,0
ATTCGAATAAGCTCCA,0
ATTCGAATTTAGAATA,0
ATTCGACACTAGGAAC,0
ATTCGCATAAAGATAA,0
ATTCTAAACCAGGATA,0
ATTCTAACATGGGCGA,0
ATTCTAGGAAGATCAG,0
ATTCTATACAGACCGT,0
ATTCTCAAAAGGGCGA,0
ATTCTCACAACAACAC,0
ATTCTCAGCAAGGGTG,0
ATTCTCCCAATGAAGA,0
ATTCTCGATATCAACA,0
ATTCTCTCGGGCGATT,0
ATTCTCTGAAGATAAG,0
ATTCTGAATCGTAAAT,0
ATTCTGCAATTTAAGA,0
ATTCTGCTTTATTTGA,0
ATTCTGTCCATATCTG,0
ATTCTGTCCATTAAAA,0
ATTCTTAGAAATGAAC,0
ATTCTTCAGCGACTAC,0
ATTGAAAAACTTGACA,0
ATTGAAATAATATGAA,0
ATTGAACAAACAGGAC,0
ATTGAACAAGCGAAAA,0
ATTGAAGATCAATGTT,0
ATTGAAGGTTAAATAA,0
ATTGAATAGCTATGTG,0
ATTGACACAAAATCCC,0
ATTGACCATTGTCATA,0
ATTGACCGGCCGCCCA,0
ATTGACCTATTCCAGA,0
ATTGACTGAAGATTAC,0
ATTGAGGTAGGCTAAG,0
ATTGATGGATAAAGCA,0
ATTGATGGGTTCCGGA,0
ATTGATTATGATGATG,0
ATTGCAAATCATCTAA,0
ATTGCACAACACTAAC,0
ATTGCACGACGATTTT,0
ATTGCAGAAGGTCCCT,0
ATTGCAGAGCGCTGGA,0
ATTGCATAAGGTAGTT,0
ATTGCATTCGACTGCG,0
ATTGCCATTTTTAAAT,0
ATTGCCCTGAAATACT,0
ATTGCCTCAATCTCCA,0
ATTGCGAGCGAAATGC,0
ATTGCGCAAAGCGCAG,0
ATTGCGTAAACTTAAC,0
ATTGCTATATGTATTT,0
ATTGCTCATGATGACA,0
ATTGCTCGGATGGTCA,0
ATTGGAAGACTAACCC,0
ATTGGACTAGCAGACG,0
ATTGGAGGCGTATCTA,0
ATTGGATGTATCGGAT,0
ATTGGATTCCGGTATG,0
ATTGGATTCTAATATA,0
ATTGGCAACGGAGGAA,0
ATTGGCACCGTCATCC,0
ATTGGCAGTATTACCT,0
ATTGGCATACTAGCAC,0
ATTGGCCACTCAAGAA,0
ATTGGGCCAAGCTCTT,0
ATTGGGCTCCACTCTA,0
ATTGGTAATTGAAACC,0
ATTGGTACGGGTTTAA,0
ATTGGTCTTTCTGTCA,0
ATTGGTGGCACATAAA,0
ATTGGTTAACCGACCT,0
ATTGGTTATACCGGTC,0
ATTGTAAATTCAGTAT,0
ATTGTACAATGGCTTT,0
ATTGTACCAAAGCACA,0
ATTGTACGCCCAACTT,0
ATTGTAGCAAATCGAA,0
ATTGTATAAAAAAAAT,0
ATTGTATCTTTAACGA,0
ATTGTATGCAGATAAG,0
ATTGTATTCAACTGAT,0
ATTGTCCCGGAAGACT,0
ATTGTTAATCTTACTC,0
ATTGTTATTGTCTTAA,0
ATTGTTTATAACCTAA,0
ATTGTTTTGCCACAAG,0
ATTTAAAAAAGCTTCT,0
ATTTAAAATATTGAAA,0
ATTTAAACATGGTTCT,0
ATTTAAACTGTCAGCA,0
ATTTAACACAACGCTG,0
ATTTAACACTCAACCA,0
ATTTAACCGAGTCCTG,0
ATTTAAGACCAAAAAT,0
ATTTAAGACGTACTTA,0
ATTTAAGCGCCAACTC,0
ATTTAATAATCCACAA,0
ATTTAATAATCTGCCA,0
ATTTAATCCAGGCGGA,0
ATTTAATGAAATATTT,0
ATTTAATGTCAGGGCA,0
ATTTACAAAAAAGGCT,0
ATTTACAGTACGCATC,0
ATTTACATTTATTGAC,0
ATTTACGAAGAAACAC,0
ATTTACGATCAAACAA,0
ATTTACTTCTGACGCG,0
ATTTAGAAAACACAAA,0
ATTTAGAGAAATCACG,0
ATTTAGAGAATAATTG,0
ATTTAGCATACGAACT,0
ATTTAGCGATACTGCG,0
ATTTAGTAACAAAGAA,0
ATTTAGTAGTGCTAAT,0
ATTTAGTCTTCAGACA,0
ATTTATTATAAACATG,0
ATTTATTTTAAAAAAA,0
ATTTCAACATAAAGCC,0
ATTTCAATCAGAGAAC,0
ATTTCATAAGATACCA,0
ATTTCATATGTATACA,0
ATTTCCACACAATACC,0
ATTTCCACCTGACAAA,0
ATTTCCATAAGGGGGA,0
ATTTCCGTCCGCCCAA,0
ATTTCCTGAGCAAAGA,0
ATTTCCTTAATGGCTC,0
ATTTCCTTGAGACCTT,0
ATTTCGATAGCCGACA,0
ATTTCGCCAATCACAT,0
ATTTCGTAATGAAAGA,0
ATTTCTTCAACCCCGA,0
ATTTCTTTGGCATCCT,0
ATTTGAAACACGACAA,0
ATTTGAAACCCTATAG,0
ATTTGAAATAAGCATA,0
ATTTGAACCTCCAATA,0
ATTTGAACTCACAATG,0
ATTTGACACTCTACTC,0
ATTTGACATAACTGAC,0
ATTTGACCATCACTCA,0
ATTTGAGACTCCCAAG,0
ATTTGATATAGGTGAC,0
ATTTGATATGCCAATA,0
ATTTGCAAAAAGGTTT,0
ATTTGCACCCAGTAAA,0
ATTTGCCTGAACATGA,0
ATTTGGACTTGATACC,0
ATTTGGTGGCTCGCTG,0
ATTTGTACCCACTAAC,0
ATTTGTGAACCATAGC,0
ATTTGTGTAAGCAAGC,0
ATTTTAAACGAATAGA,0
ATTTTAACACAGGCCA,0
ATTTTAGAAGAAGTTC,0
ATTTTAGTGATAAAAT,0
ATTTTCAGCCCTTTCA,0
ATTTTCAGGTTCATTA,0
ATTTTCTACAGAATCT,0
ATTTTCTTCCAAATAT,0
ATTTTGAATCTAACCT,0
ATTTTGACTCAAAAGT,0
ATTTTGGCAAAGTTGT,0
ATTTTTAAATATATTC,0
ATTTTTTACATTAAGT,0
ATTTTTTACTCAGTTG,0
CAAAAAAGAATATTAA,0
CAAAAAATCCCTTCGC,0
CAAAAAATTCCGACTT,0
CAAAAACACAATATTA,0
CAAAAACCAAAAAACA,0
CAAAAACCAGTCAATG,0
CAAAAACCTTTGAAAG,0
CAAAAACTGACTCAAA,0
CAAAAAGATCAAATGG,0
CAAAAAGCCTTATTCG,0
CAAAAAGGGATCTTAG,0
CAAAAAGTAGCGAAAC,0
CAAAAAGTTACCAAGA,0
CAAAAATACTCCGTCC,0
CAAAAATCAAACCTCT,0
CAAAAATCAGAGGGAA,0
CAAAAATGCTACTGCA,0
CAAAAATTGCAGAATA,0
CAAAAATTTTCCTTTG,0
CAAAACAACTTTCCGA,0
CAAAACACCAAACTAC,0
CAAAACAGTCCCCATC,0
CAAAACCCCAAAAGCT,0
CAAAACCTGACTAGTC,0
CAAAACGCGTTGGCCG,0
CAAAACGGTCTACCGG,0
CAAAACGTGGTGTCTA,0
CAAAACTAAGGGTGAC,0
CAAAACTACGCCCAAG,0
CAAAACTAGTCCTACA,0
CAAAACTATAGTTAAC,0
CAAAACTATGACTAAA,0
CAAAACTCACGAAGTT,0
CAAAACTGATTTGAAA,0
CAAAACTGCTTAACGT,0
CAAAACTTCCGAACGC,0
CAAAACTTTGTCTTCG,0
CAAAAGCTATAGAAAT,0
CAAAAGGAGGGTAACC,0
CAAAAGGCAATAAAAC,0
CAAAAGGCTACCACCC,0
CAAAAGGGCGGAAAAG,0
CAAAAGTCAAAATGTA,0
CAAAAGTCGGCCATTA,0
CAAAATAAACGAAGAT,0
CAAAATAAACTTTAAA,0
CAAAATAACAACTCGA,0
CAAAATAAGCAGAGTA,0
CAAAATATACTCATAC,0
CAAAATCACCCGGATA,0
CAAAATCATAATCTTC,0
CAAAATCATCTATGCG,0
CAAAATCTAAACTCAA,0
CAAAATCTCTGCTTGT,0
CAAAATGGAAAACAAG,0
CAAAATGGATGAGAAC,0
CAAAATTGTGATCGCG,0
CAAACACACAATAACG,0
CAAACACATTTCGACT,0
CAAACACGTGAATCTG,0
CAAACACTAATCACAG,0
CAAACAGAATCAGAGT,0
CAAACAGACTATTCAA,0
CAAACAGTAATGTGAA,0
CAAACATACGACAAAG,0
CAAACATATACACGAT,0
CAAACATTCGTAGAGA,0
CAAACCACACCTTATT,0
CAAACCATCACACACC,0
CAAACCCTTCGTGTGG,0
CAAACCGATCAATCAT,0
CAAACCTAAACAGACT,0
CAAACGAGAAATAATA,0
CAAACGAGTAGCATTA,0
CAAACGGAAACCTACC,0
CAAACGGAACAGTCCA,0
CAAACGGAGATACTAT,0
CAAACGTCAAGCCAAA,0
CAAACGTGCACTCTCT,0
CAAACTCACGAGATTA,0
CAAACTGGCACTGAAG,0
CAAACTTATTAAAATC,0
CAAACTTTATAAATTC,0
CAAACTTTGGACTAAA,0
CAAAGAAAAAGACTTA,0
CAAAGAAAAATGTAAG,0
CAAAGACAATATGAAA,0
CAAAGAGATTCAAGAA,0
CAAAGATACCAGCCGC,0
CAAAGATCACATACCA,0
CAAAGATGAAACCCAC,0
CAAAGATGAGAAATGA,0
CAAAGCCCGTCGCCTT,0
CAAAGCTACTGCAGAA,0
CAAAGGAACCGACAAA,0
CAAAGGACAGTCCCAT,0
CAAAGGATAAATACCT,0
CAAAGGATTTTAGGAC,0
CAAAGGCGATCATTTC,0
CAAAGGGACACGAAAG,0
CAAAGGTGTAATCAAC,0
CAAAGTAAAGTGTCCA,0
CAAAGTAACCCTACCG,0
CAAAGTAAGAGCTCGA,0
CAAAGTAAGGTAAAAT,0
CAAAGTACAGAACAAA,0
CAAAGTCGAGACAAAT,0
CAAAGTTATTATTCGA,0
CAAAGTTTTTCTAAGT,0
CAAATAAACAATAATT,0
CAAATAAACGATGCCC,0
CAAATAATATTCCCCG,0
CAAATACCGTATACAG,0
CAAATACGATTATAAT,0
CAAATACGTGAACTAT,0
CAAATCAAAATGGTCA,0
CAAATCATACACAGCG,0
CAAATCCGCTTATTAT,0
CAAATCTCCAATGATC,0
CAAATCTTTAGCTGAC,0
CAAATGAAACCCTTCG,0
CAAATGAACACATTAT,0
CAAATGATTTGCGAAA,0
CAAATGCATCATTGTG,0
CAAATGCGAAGAATCG,0
CAAATGCGTGACGAAG,0
CAAATGGATGCTTCAA,0
CAAATGGCATGCTAAT,0
CAAATGGTGCGTTGTA,0
CAAATTAAAGCCCCTT,0
CAAATTAAATGCTGAT,0
CAAATTATTAACCTCG,0
CAAATTGGAAGTGAAA,0
CAAATTTACAAGAAGA,0
CAACAAAAGTGTAACT,0
CAACAAAGAGATCCTA,0
CAACAACACCTACCAC,0
CAACAACCTTCTTCGT,0
CAACAACGCCTTTGTA,0
CAACAAGAGTACCATA,0
CAACAAGGATGAAACT,0
CAACAAGGTTTATTAC,0
CAACAATAACACAACA,0
CAACAATGATCTATTA,0
CAACAATTGCTCATTA,0
CAACACAAAACCCAGA,0
CAACACACATACCGAA,0
CAACACCCTTGGGTTC,0
CAACACCGTTAAGTAT,0
CAACACTTATCCATGC,0
CAACAGACCTGTGGCT,0
CAACAGCCAAAAGTAA,0
CAACAGGTATCCCGCA,0
CAACAGTACAAAATCC,0
CAACAGTTATAACGGT,0
CAACATAATGCTCATT,0
CAACATAGTTTATTAT,0
CAACATCATGACAAAG,0
CAACATCGATTAACGG,0
CAACATTGTATGAGTT,0
CAACCAAATTCTGAGA,0
CAACCAACCCAAAGAG,0
CAACCAATTACTCAAG,0
CAACCACACCGAAATA,0
CAACCACCCTCCGTCA,0
CAACCACCTTGCACCC,0
CAACCACGCCTCCCAT,0
CAACCACTTAATGCGA,0
CAACCAGAATGCGTGA,0
CAACCAGTCACCAGGC,0
CAACCATAGGAAGTGA,0
CAACCATATCTCCGGA,0
CAACCATCAGCGAATA,0
CAACCCATAAAAAAGT,0
CAACCCCAGCATAGAA,0
CAACCCCAGCATAGGA,0
CAACCCCCTTATAACG,0
CAACCCCTGGAGAATG,0
CAACCGACTAGGATAA,0
CAACCGAGACCATCCA,0
CAACCGCATTTAATAA,0
CAACCGCCCCGCTCCT,0
CAACCGCCCTAATACT,0
CAACCGCTCTACGAAC,0
CAACCGGACGCATAAG,0
CAACCTAGGGCAAAGC,0
CAACCTATTCCACAAC,0
CAACCTCACGTTTGAG,0
CAACGAAAGATACGGA,0
CAACGAAATAAACACG,0
CAACGAATTTTCCATA,0
CAACGAGTCCACTCTT,0
CAACGATAATAATAAG,0
CAACGATGCAATACAA,0
CAACGATTGAGTGGCA,0
CAACGCATGTTTATTC,0
CAACGGACATTTAACA,0
CAACGTAAATTAGCGC,0
CAACGTAATCGTTAAA,0
CAACGTATAAATGGAC,0
CAACGTCTTCTCGACT,0
CAACGTTCAGAGACTA,0
CAACTAAACTAACATT,0
CAACTAACAAACCCTC,0
CAACTAACAAACTATA,0
CAACTAACAAATGACT,0
CAACTAATACCCTTTG,0
CAACTACAGACGTTCA,0
CAACTATACCTGACCC,0
CAACTCAACAACCGAC,0
CAACTCACAATCACTC,0
CAACTCAGCAACTTTA,0
CAACTCGTTCTATCGG,0
CAACTCTAAACGAACT,0
CAACTCTAAGACAGTA,0
CAACTCTCGCACATTA,0
CAACTGAGTTGAGGCC,0
CAACTGCTGATGGTAT,0
CAACTTACCATAGATT,0
CAACTTGAAATCTGGC,0
CAAGAAACACAAATAC,0
CAAGAAAGACTGCGCC,0
CAAGAACAGAAGCAAG,0
CAAGAACGCTATACAT,0
CAAGAAGGCTCCAATT,0
CAAGAATGAAATTTCT,0
CAAGACAGAGTGAGTT,0
CAAGACCAAATCTAGT,0
CAAGACCAACTACTCT,0
CAAGACCCCATGGAAA,0
CAAGACCCCCATTACT,0
CAAGACTATGTGGGAA,0
CAAGAGAAAAGATTCG,0
CAAGAGAAATCCTGGT,0
CAAGAGACACCCTACG,0
CAAGAGACCTACATCA,0
CAAGAGAGCAGAATGC,0
CAAGAGCACATTAGCA,0
CAAGAGCTGTGTTGCC,0
CAAGAGGACGATCCAG,0
CAAGATACCTATATGT,0
CAAGATAGCAATCTAT,0
CAAGATCGGACCGTCC,0
CAAGATTACCTCCACA,0
CAAGATTCTACTGCCC,0
CAAGATTTAGACGAAG,0
CAAGATTTGCACAAAA,0
CAAGCAAAAAGTGCGG,0
CAAGCAGCACCTCCCC,0
CAAGCAGTAAGCATCT,0
CAAGCATAAATACGTA,0
CAAGCATACGCATTCT,0
CAAGCATGTCTGCAAC,0
CAAGCCAAACCTCGCA,0
CAAGCCAAAGTTCTAA,0
CAAGCCAATCCCATAT,0
CAAGCCCGCGGACCGA,0
CAAGCCCTTGGCCAAC,0
CAAGCCTGACCAAAGA,0
CAAGCCTTAAACGAGA,0
CAAGCGAAATCTTCCA,0
CAAGCTAACCTAGTAT,0
CAAGCTAGAGAACTCC,0
CAAGCTCACCAGCGCA,0
CAAGCTCGACGCAGAG,0
CAAGCTGACCACTGTC,0
CAAGCTTAAAAGGTTG,0
CAAGCTTATCACAAGC,0
CAAGCTTTAAGACCTG,0
CAAGCTTTGATTATTT,0
CAAGGAAGCGCCCCAT,0
CAAGGAATCTAGACCA,0
CAAGGCAAAATACTAA,0
CAAGGCCAGTGCCGAA,0
CAAGGGCAGGATTTAA,0
CAAGGTAACAGGGTTT,0
CAAGGTATACTGATCT,0
CAAGGTTTTCAGCAAC,0
CAAGTATGCTATTTAG,0
CAAGTATTACAGTGCC,0
CAAGTCATAACAAACT,0
CAAGTCATTACAGTAG,0
CAAGTCCCGCGCCATC,0
CAAGTCCTTCAAATGA,0
CAAGTCGAGATCTTAA,0
CAAGTCTACTAAAAGC,0
CAAGTCTCCTGAATGT,0
CAAGTGAGTATATAAA,0
CAAGTGCAGCAGAACA,0
CAAGTTAAGCATTGGG,0
CAAGTTCAGGCTCCAT,0
CAAGTTGAAAGTATAA,0
CAAGTTGTCAAAAAGA,0
CAATAAAAGCAAACAC,0
CAATAAATCAATTAAA,0
CAATAAATGCTAGAGC,0
CAATAACACAAGAATA,0
CAATAACCCATACATC,0
CAATAACCCATATGAT,0
CAATAACTCATCAAGA,0
CAATAAGCAGAGCTAA,0
CAATAAGGTATCAGCG,0
CAATAAGTCAAATCCA,0
CAATAATCAAAAACCC,0
CAATAATTTACTAAAA,0
CAATACAACTGCAACT,0
CAATACAAGCCTGCTT,0
CAATACCAATGCCAAT,0
CAATACCTGTCTTACG,0
CAATACGACTCATTAT,0
CAATACGGACTGAATG,0
CAATACTAACACTTAG,0
CAATACTATCTTAAAC,0
CAATAGACAAACGACT,0
CAATAGACGGCGAAAT,0
CAATAGAGTAAAAAGG,0
CAATAGATTATGAGTG,0
CAATAGCATTGCTTAA,0
CAATAGCCGTGGCACA,0
CAATAGCTACGTTACC,0
CAATAGTTCTTAAAGC,0
CAATAGTTGAACTACC,0
CAATATACCATATGGA,0
CAATATAGCGTTCTTT,0
CAATATATGTACCCAG,0
CAATATGAATCGTCAC,0
CAATATGACACGATTG,0
CAATATGATGATTCTC,0
CAATATGCAAATTAAC,0
CAATATGCCATATTCA,0
CAATATTAAACTAAGC,0
CAATATTGCATAAGTC,0
CAATCAAGGGGCTCAC,0
CAATCAGCTAAGAAGT,0
CAATCATCATAAAAAC,0
CAATCATTGGCTTGAT,0
CAATCCACAGTGCCCA,0
CAATCCGATAAAGCAA,0
CAATCGACCGTAAGAC,0
CAATCGATAAATTGAA,0
CAATCGCCCTGATGTA,0
CAATCGCCGGCAACCC,0
CAATCGCGAGGGCTAT,0
CAATCTAATAGTAAAA,0
CAATCTACTGGACAAA,0
CAATCTATTTAGGCGT,0
CAATCTCTCATGTAAA,0
CAATCTGTAACTATGC,0
CAATCTTAAAGAAAGG,0
CAATCTTAATGGCAAG,0
CAATCTTAATTGGATA,0
CAATCTTACCACTATG,0
CAATCTTACTAATACT,0
CAATCTTAGCAAATGC,0
CAATCTTATGTTCTAC,0
CAATGAAAATTTCTTA,0
CAATGAAATGCAGGGT,0
CAATGAATTCATTGCT,0
CAATGACCTTTATAAA,0
CAATGAGAGATAAATT,0
CAATGAGATAGGAATG,0
CAATGAGCTCATAGAT,0
CAATGATAAATGGTAT,0
CAATGATAATGCACCG,0
CAATGATATCGACGCT,0
CAATGATTAGGGCGCT,0
CAATGCCAGGCGACAT,0
CAATGCTACTAGAGTT,0
CAATGCTTTAAAGAAT,0
CAATGGAATTCTCAGT,0
CAATGGACCTCACTTT,0
CAATGGAGCTGTACGC,0
CAATGGCGCAGGACAA,0
CAATGGTAAATTGACT,0
CAATGGTATGGCCAGA,0
CAATGTAGGTCGACTG,0
CAATGTAGTGATGGCG,0
CAATGTATGGTTTTTA,0
CAATGTATGTTCAAAT,0
CAATGTCAGCTCGACT,0
CAATGTCGAAGTCAAG,0
CAATTAAATGATGTTT,0
CAATTAACAGAATTTA,0
CAATTAACTTATTAAT,0
CAATTAAGCACTATAC,0
CAATTACGAGTGCGAA,0
CAATTAGATCAATCTG,0
CAATTATACACTACAT,0
CAATTATAGGATCCGA,0
CAATTATATGTTAAAT,0
CAATTATCAGGCATTT,0
CAATTATTCAGTTAAA,0
CAATTCAGACACATCC,0
CAATTCAGAGGACACT,0
CAATTCATATTAGCTA,0
CAATTCATCTTTGACT,0
CAATTCCGAACTAACC,0
CAATTCCGTTTAACTC,0
CAATTCGATATAAGGT,0
CAATTCTACTAGGGAT,0
CAATTCTGACTTTCGA,0
CAATTCTTGTCTCACT,0
CAATTCTTTAGGTTAG,0
CAATTGAATTGAACCA,0
CAATTGATTACTCCCA,0
CAATTGCACTCCTACA,0
CAATTGGTTTTACAAA,0
CAATTGTCCTTACAAA,0
CAATTTAATGTCTTGT,0
CAATTTCAACTTTATA,0
CAATTTTGCCAGCTTG,0
CAATTTTGTTCACCCA,0
CAATTTTTTTCGACTT,0
CACAAAAAAAAAATAG,0
CACAAAAAACTCCCAG,0
CACAAAAAAGGGTGTT,0
CACAAAAAGCGTTGAA,0
CACAAACAAGAAAGGG,0
CACAAACCTCCGCAAA,0
CACAAACTTGCTCTTG,0
CACAAAGAATGAACGG,0
CACAAAGCACCTCTCG,0
CACAAAGCATCAAACC,0
CACAAAGGCCATATGG,0
CACAAATAATGATCGA,0
CACAAATAATTCACAT,0
CACAAATACCAAGTAA,0
CACAAATACGGCAGCA,0
CACAAATATGTACAAA,0
CACAAATGAGACAATG,0
CACAAATTCGACTGTA,0
CACAACAAGCAATATG,0
CACAACCACCCTAAGG,0
CACAACGAATTGTTGA,0
CACAACGACCACTTGT,0
CACAACTTGTGTCAAC,0
CACAAGAACGAGCAGA,0
CACAAGAATTACAGTG,0
CACAAGGCAAATAAAA,0
CACAAGGCGCCGGCAT,0
CACAATAAAGATAAGC,0
CACAATAACTACTGCT,0
CACAATAGGCTGACAA,0
CACAATCGTCATCGAA,0
CACAATCTTCCACGTA,0
CACAATCTTTATTAAT,0
CACAATGACTAATATG,0
CACACAATTAGAAATA,0
CACACACAAAAGATGT,0
CACACACACAGTATCA,0
CACACACGAGCTGGAG,0
CACACAGCTGATAATA,0
CACACAGTAAGACACG,0
CACACAGTGATTAGAC,0
CACACATATTTTTATA,0
CACACCAAGTAAGCAT,0
CACACCAATATCGCTA,0
CACACCAATGAATTTG,0
CACACCGACTATACGA,0
CACACCTAGCCTATAC,0
CACACCTAGCGCGTAG,0
CACACGAATTAATTTC,0
CACACTACCGTCAAAG,0
CACACTACTAACTTTA,0
CACACTATAATCCGAG,0
CACACTGCTTAGCGTA,0
CACAGAAGTGTCAAAC,0
CACAGACACCTGGAGA,0
CACAGACAGTTTCAAA,0
CACAGACCACCACCTG,0
CACAGACGCTCGGGAT,0
CACAGACTTCCTCCGA,0
CACAGATTCGGAAGTA,0
CACAGATTTGCATGTA,0
CACAGCAAAGATACAA,0
CACAGCGATCACCACC,0
CACAGGAAACCGGAAA,0
CACAGTACAAACTAAT,0
CACAGTGTTACTAAAA,0
CACAGTTCAAAACCCG,0
CACAGTTGAAAACACA,0
CACATAAAACACGTCT,0
CACATAACAGAGCAGA,0
CACATACCTAATTAGC,0
CACATATGCCTGTCAT,0
CACATATTGATAGCCA,0
CACATCCCTATTTGCC,0
CACATCCCTGCCATAC,0
CACATCCTATAAAAAC,0
CACATCTAAAAAACTC,0
CACATCTAACAATGCG,0
CACATCTATGTCATTT,0
CACATCTATTGGGCGA,0
CACATGGACTACAACA,0
CACATGTCTAGTGAGA,0
CACATTCAATTTTGTT,0
CACATTGGGATTTACG,0
CACCAAAATAACCGGA,0
CACCAAAATTGCCATA,0
CACCAAACTCAACTAG,0
CACCAAATCGAGAACA,0
CACCAACCTTTATTTA,0
CACCAATAAGACTCCG,0
CACCAATAATTCACGT,0
CACCACAGTTTACGTC,0
CACCACATGAACTATT,0
CACCACCGAATACAAG,0
CACCATAATTGAAGGG,0
CACCATGAATCAAAGT,0
CACCATTTAGCGCCTT,0
CACCCACCTTTACATA,0
CACCCACTAAAAACAC,0
CACCCACTGTGGAACA,0
CACCCACTTCCCAGTT,0
CACCCAGGCCCAACCT,0
CACCCCAAAATTGGCT,0
CACCCCACTCTTTAGA,0
CACCCCGATAATTCAT,0
CACCCCGTGCCTCGCA,0
CACCCCTTTAACCTGA,0
CACCCGCTTTGATAAT,0
CACCCGTTGTTATCCT,0
CACCCTAATAGGGAAA,0
CACCCTACAATGCAAA,0
CACCCTCTGGGAACAT,0
CACCCTGTTCATTAGG,0
CACCCTTAAAGACGAT,0
CACCGAACAACATGAA,0
CACCGAACTCTATCCC,0
CACCGAACTGAGAAAA,0
CACCGACGCGGTGAAG,0
CACCGACGTCAAAACC,0
CACCGAGGCTCCAGAT,0
CACCGATCCGGTAACA,0
CACCGCAGAAAGGCCA,0
CACCGCGCGAAAACTA,0
CACCGCTCAATTAAGA,0
CACCGGTGCGATCCTG,0
CACCGGTTTGAGCTCC,0
CACCGTCTACTTGTTA,0
CACCGTTGGAAGACTT,0
CACCTAATCAAAACAA,0
CACCTAATGACAAAAT,0
CACCTACGAAAATTGC,0
CACCTATAAAAGACAC,0
CACCTATGAAAAAAAG,0
CACCTCGCCGCCAAAT,0
CACCTCGGGGACTAGC,0
CACCTGCCCATAAGCA,0
CACCTGTCTACAAACG,0
CACCTTCAGGCATCAA,0
CACCTTGTTTAAGGAA,0
CACCTTTACCCTTTTC,0
CACCTTTACCGGTAGA,0
CACGAAATAAGATACA,0
CACGAAATTCATAATA,0
CACGAACGGAGTCAGG,0
CACGAATAAAACATGT,0
CACGAATGCATTGTTT,0
CACGAATTATAATATT,0
CACGACATGCCTGCAT,0
CACGACCACAGTTTCA,0
CACGACCATGGTTAAA,0
CACGAGAAATAAAAAG,0
CACGAGAAATCAGACA,0
CACGATAAAGCCATTG,0
CACGATACAACCAGGC,0
CACGATACGTGCTCCA,0
CACGATCACTTGAAAA,0
CACGATTTAGACCGGG,0
CACGCAAATATTCTGG,0
CACGCACTACAATTTA,0
CACGCCACTTTCACCC,0
CACGCCATATTACCTG,0
CACGCCCGAGCAATGT,0
CACGCCCGGTAGAAAT,0
CACGCCTATAATGATG,0
CACGCGAATATAAGAT,0
CACGCGCTACAAGGAT,0
CACGCGGACCGCAGCT,0
CACGGAAACGGCGATT,0
CACGGACAGCCGAACC,0
CACGGACATGAGTCCA,0
CACGGCATGTAACGCT,0
CACGGGTACAACAGTA,0
CACGGGTTGACCCATT,0
CACGTATTATCCTCAA,0
CACGTCATCCTTAATA,0
CACGTCATTGCGGTTA,0
CACGTCGTAATCAGTA,0
CACGTCTAGCAGCGCA,0
CACGTGACAAACAACA,0
CACGTGGACGCCTTCC,0
CACTAAACAAAATCAC,0
CACTAAAGATGTAGAG,0
CACTAAATTTGTACCA,0
CACTAACAACACTGTT,0
CACTAACCACGGAGTC,0
CACTAACCGTGTTCCA,0
CACTAAGATTGGCCCC,0
CACTACATCGCTTGTC,0
CACTACCACGCAATCC,0
CACTACTGCAGCCCAA,0
CACTAGATCAAGAGCA,0
CACTAGCCCGGCTTCC,0
CACTAGTAGAAGATGA,0
CACTATAACAAGGTTG,0
CACTATAATCTAAAAA,0
CACTATACTAAGACTG,0
CACTATAGAGGCCAAA,0
CACTATAGTGTACATA,0
CACTATATGCCGCTAT,0
CACTATTGACCTTAGT,0
CACTCAAAAAACGTTG,0
CACTCACCGTCGTTTT,0
CACTCACCTAGCTACC,0
CACTCACTAATGGCGG,0
CACTCACTGCATTAAT,0
CACTCATAATATATCT,0
CACTCCATCCACCAAT,0
CACTCGATAGCGAACA,0
CACTCTAAATGGGATA,0
CACTCTAACGGGGAGA,0
CACTCTCAGGCAAAGA,0
CACTCTTTGATGGCAG,0
CACTGAAAAGACTTGG,0
CACTGAAATTCATGAC,0
CACTGAACCATTATTT,0
CACTGATAGAACATAT,0
CACTGATAGATCACTG,0
CACTGATATGAGGGGC,0
CACTGATCTATACATG,0
CACTGATTCACAGCCT,0
CACTGCGGAGCTCGAC,0
CACTGCTTACCGCAAC,0
CACTGGAAACTGACAT,0
CACTGGCGAATAAAAC,0
CACTGGTGAATTTTAA,0
CACTGTCAACGACGCT,0
CACTGTGACTAAGACC,0
CACTTAACATACTCGT,0
CACTTATAAGACGACT,0
CACTTCAACATCATTT,0
CACTTCACAAGGAAGT,0
CACTTCCGAAAAAATA,0
CACTTCTTTTTTACAC,0
CACTTGGCCCTGTGAT,0
CACTTGTAACCAGCCA,0
CACTTTGACAAAGAAA,0
CACTTTGATACTGAAC,0
CACTTTTACCTCAGGG,0
CACTTTTCGCCGATCA,0
CACTTTTTTTATTATT,0
CAGAAAAAAACGCCGA,0
CAGAAAAAATACAACT,0
CAGAAAACAACAGTTT,0
CAGAAAAGAATACATA,0
CAGAAACAGATGCTGC,0
CAGAAACCACCCCAAC,0
CAGAAACTGGCAAATC,0
CAGAAACTGTAACAGG,0
CAGAAACTTACCCTAA,0
CAGAAATACTACTAAC,0
CAGAAATCAATAGATT,0
CAGAAATCTCACCCGG,0
CAGAAATGGATCGAAA,0
CAGAAATGGGACTAAT,0
CAGAAATTTTTGAGAG,0
CAGAACAAAACTCTAG,0
CAGAACAGGGAACAGC,0
CAGAACATAGGAACAG,0
CAGAACCCTGTCGGAG,0
CAGAACCTCTCGCAAC,0
CAGAACGATATGGAAT,0
CAGAACGGGTAAAAAT,0
CAGAACGTAATTAGGG,0
CAGAAGAAAGCGAATT,0
CAGAAGATAAGCGTTA,0
CAGAAGGGGTACAGTA,0
CAGAAGTTAGTGATGT,0
CAGAATACCTCCACTC,0
CAGAATATATGCATCT,0
CAGAATATCACTCCGG,0
CAGAATCCATGCTAAC,0
CAGAATCCTTAATTAA,0
CAGACAATAAAGAGTT,0
CAGACAATAGCATCCA,0
CAGACAATTTAGGACC,0
CAGACACTAAGATGTT,0
CAGACCAAGAAAATCT,0
CAGACCGCAGAGTAGT,0
CAGACCTGAACATTAG,0
CAGACGAAAACAACAT,0
CAGACGTCCCTATACT,0
CAGACTAAATAAATGG,0
CAGACTCTAAACGAAT,0
CAGACTTTATGTACGC,0
CAGAGAAGACGATCCC,0
CAGAGAATAGCGTAAT,0
CAGAGACTCCGCTCAG,0
CAGAGAGATTCGAACG,0
CAGAGCCCTTAATGAA,0
CAGAGCGATCACAATT,0
CAGAGGCACCAATTTC,0
CAGAGGTTGGATCCTG,0
CAGAGTAAGAATGTGC,0
CAGAGTACTCTTGCCC,0
CAGATAAAGAATCTAC,0
CAGATAAAGGTTCGAG,0
CAGATAAATTAACCTT,0
CAGATAAGAAGGTACA,0
CAGATACGAAACTGTA,0
CAGATACGTGGAAAGC,0
CAGATACTACTAGGTA,0
CAGATATCTCGTGACA,0
CAGATCCCCTGTTAGA,0
CAGATCGACACAGAAA,0
CAGATGCCCTCGGAAA,0
CAGATTAACGCATCGA,0
CAGATTACAGCATTGA,0
CAGATTACATAAAAGA,0
CAGATTTATACAGAAA,0
CAGATTTGTTCTAATT,0
CAGCAAATACCAAGCT,0
CAGCAACACGAAGAAA,0
CAGCAACTACAATACA,0
CAGCAATTAAAGCCGT,0
CAGCAATTCCTAATGA,0
CAGCAATTTGCCGACG,0
CAGCACCTTGTGTGAC,0
CAGCACGAAACGGCAA,0
CAGCACTGATTAGAAA,0
CAGCAGAAAACGGATC,0
CAGCAGGACGGTCAAT,0
CAGCAGGCACTATTCC,0
CAGCAGGTCAGTCCAT,0
CAGCAGGTGCTAGAAT,0
CAGCAGTTTTAAGGGC,0
CAGCATAGGAACCACC,0
CAGCCAAATGAAGAAA,0
CAGCCACCGATCAGTC,0
CAGCCACGACAGCAGT,0
CAGCCACTTAATTCTT,0
CAGCCCGCCAACACTA,0
CAGCCGAAAACCATCC,0
CAGCCGAAGGATCAAT,0
CAGCCTACCCCAAACT,0
CAGCCTAGAAATTGAA,0
CAGCCTTTAATTAACC,0
CAGCGAACTCGTTAAC,0
CAGCGAGAATCCTATA,0
CAGCGAGATTCGGCGA,0
CAGCGCGCCCGAGAGC,0
CAGCGTAACTTAAATC,0
CAGCGTAGCGTATACG,0
CAGCGTCTGGGTGTTT,0
CAGCGTTATAACAGTA,0
CAGCTACTCGCGCCTC,0
CAGCTATTAGTGGAGC,0
CAGCTCACAACAGATT,0
CAGCTCACTACAGTAG,0
CAGCTCTGGGAGAACC,0
CAGCTGAAATGTCCGT,0
CAGCTGAAGAGTTTAA,0
CAGCTGGCACACTAGC,0
CAGCTGTTGTATACAT,0
CAGCTTAAAGACCATC,0
CAGCTTCCCAAGCAAA,0
CAGCTTGAGCATAAAA,0
CAGCTTGCTCTAGCGC,0
CAGCTTGTAATAACGA,0
CAGCTTTAAGCATACA,0
CAGGAAAAAAACAACA,0
CAGGAAAACGCAACGC,0
CAGGAAGGCCACACGT,0
CAGGAATGGCCTTAAA,0
CAGGACAAGTAGATCT,0
CAGGACCAATGCAAAA,0
CAGGACTATGTATCAC,0
CAGGAGCGTGGACCAA,0
CAGGAGTAAAGGTAGA,0
CAGGATGCGTCAAAAT,0
CAGGCAACTTACACAC,0
CAGGCAAGTTGCATCA,0
CAGGCACCTATAAATC,0
CAGGCCAGAAACGCAA,0
CAGGCCTTGGGCATTT,0
CAGGCTAACAGAGCCA,0
CAGGCTGTTAATGCTT,0
CAGGGCAAACATGAAA,0
CAGGGCCATAAGAGCT,0
CAGGGGATGGGAATCC,0
CAGGTAAAGTAACACT,0
CAGGTAATAGCTGAAA,0
CAGGTACAAACGATCC,0
CAGGTAGAGATAATTA,0
CAGGTAGAGTAAGGAG,0
CAGGTGCTACCCACAA,0
CAGTAAAAACTCAACT,0
CAGTAAATCATGAGGA,0
CAGTAAATTCCAGCCC,0
CAGTAACTCATGGATC,0
CAGTAACTCCCAAACT,0
CAGTAAGTAATGATTA,0
CAGTAATAAAACTAAT,0
CAGTACAAGGTAACCA,0
CAGTACAATAGGACTA,0
CAGTACCTAGGCAGCA,0
CAGTACGTTTCGAAGA,0
CAGTAGAATTACAAAC,0
CAGTAGGACGCTATTA,0
CAGTATAATGTGAAAG,0
CAGTATACAACGAAGC,0
CAGTATATAATGGGAC,0
CAGTATCCATCTCTTA,0
CAGTATGAGCTTCTTT,0
CAGTATTAATTACTTC,0
CAGTATTAGAAGGATA,0
CAGTATTCGTATGTTA,0
CAGTCAAATCAACCGG,0
CAGTCAATACGCATCA,0
CAGTCACAAAACCTCG,0
CAGTCACAATCAATGG,0
CAGTCACAATTAAACT,0
CAGTCATACAACAAAC,0
CAGTCATCGTCAAGCA,0
CAGTCCGATACGGATA,0
CAGTCCGGACAATGCA,0
CAGTCCTCGTATTAAT,0
CAGTCGAGTCGATTAG,0
CAGTCGCTAGGATGCC,0
CAGTCGTCCAGAAGAA,0
CAGTGATTCCTTAAAA,0
CAGTGGAAAAACAACA,0
CAGTGTTCAAAGTGTA,0
CAGTTAAAAATCTATA,0
CAGTTACGGGTTTGTA,0
CAGTTACTCCATCCTT,0
CAGTTATCCCCTGATC,0
CAGTTCTCTAATAAAA,0
CAGTTGAGGTATACGA,0
CAGTTGCTAACAATTA,0
CAGTTTACATCTATTG,0
CAGTTTCAACGGCCCC,0
CAGTTTGAAAACAGAA,0
CATAAAAAAGAACAAC,0
CATAAAAACACCCAAA,0
CATAAAAGACTATCCG,0
CATAAAATGATGTAAT,0
CATAAAATTGTCTTAT,0
CATAAACAAAAACGAA,0
CATAAACAAATAGGCA,0
CATAAACAGCGCTGGA,0
CATAAACGACATTTTT,0
CATAAAGTGAATAAAA,0
CATAACAACCAAACAC,0
CATAACAACTGATGTA,0
CATAACAATCCATTCC,0
CATAACAGCAGCAAGA,0
CATAACATACGGATGG,0
CATAACATGCGTAAAT,0
CATAACCCCACACTGA,0
CATAACGAAAGAATAT,0
CATAACGATCAGCCGG,0
CATAACTAGATTGCGG,0
CATAAGAACGGATAGT,0
CATAAGAATAACCAAA,0
CATAAGACGCATGAGT,0
CATAAGCAAGAAACGC,0
CATAAGTCGATGAAAA,0
CATAAGTGTTCAGGAA,0
CATAATAAACTAAAAC,0
CATAATACAAGTGTCT,0
CATAATCATACGCTCG,0
CATAATCCCATTATTA,0
CATAATGCCAGTACAT,0
CATAATGCCATAGCCT,0
CATAATTGTATAATGT,0
CATACAAATCTAAGAA,0
CATACAACAAAATACA,0
CATACAACACCGAACT,0
CATACAACCCGAAAGC,0
CATACACGTCAGTAAA,0
CATACATATAACGGAA,0
CATACATTAAGCTAAT,0
CATACATTGGACAATA,0
CATACCAACGAAATCG,0
CATACCATCCAAAATC,0
CATACCTGAATTATCT,0
CATACCTTTCGTGCCG,0
CATACGAAATTTACAA,0
CATACGAAGACGATTT,0
CATACGACTTTCATGC,0
CATACGCCGGATGCGC,0
CATACGGATGAATGCT,0
CATACGGGGAAGTAGA,0
CATACGTAAGAGATGA,0
CATACGTGCTCTACAC,0
CATACGTTACAGAGAT,0
CATACTAATGATTACT,0
CATACTAGGGAGAGGG,0
CATACTATAGATACTT,0
CATACTCTAAAACATA,0
CATACTCTTGCTACAC,0
CATACTGTGAAGTTTC,0
CATACTTCCTTGAAAG,0
CATAGAAGTGAAAAAC,0
CATAGAATACTTCATA,0
CATAGAGAGATCTATC,0
CATAGAGCTAAAAAGA,0
CATAGCTGGAATTTCC,0
CATAGCTTTATGACCT,0
CATAGGCAAATATAAC,0
CATAGGTAATGCAGAA,0
CATATAAAATGAACGG,0
CATATAACAAATTAAT,0
CATATAACATCCGCAC,0
CATATAATAATTACCT,0
CATATACATACACTCA,0
CATATAGATGACTACT,0
CATATAGATTCGTTTC,0
CATATAGTCCCACCGC,0
CATATATACCAGCATG,0
CATATATTAGATTAGC,0
CATATATTCTCACCTC,0
CATATCAAAGCTTATT,0
CATATCACCGAAAAAT,0
CATATCACTTATCCGA,0
CATATCCAAACTAAAG,0
CATATCCCTACCATAC,0
CATATCGAAACCGCGA,0
CATATCTGGGACATAT,0
CATATGAATCGAAGCT,0
CATATGATAATGGGAC,0
CATATGATATGAAGAA,0
CATATGATTTGTGCAA,0
CATATGCATGCGCTCC,0
CATATGCTGTGTCTCT,0
CATATGGAGCAGGATG,0
CATATGGCATGCTTAC,0
CATATGGCTAACACAT,0
CATATGTAATGGGACG,0
CATATTAAATTATCGC,0
CATATTACACAAAGAG,0
CATATTCATTACATGA,0
CATATTGCACTGTTTG,0
CATATTTTTTATGCCG,0
CATCAAACACGTGACA,0
CATCAACTCTCCTTGC,0
CATCAAGAATACCCTA,0
CATCACAACCTATAGT,0
CATCACAACTCTACTA,0
CATCACATCCGATGCT,0
CATCAGAAATAAGCAA,0
CATCAGAAATACGTGT,0
CATCATATAACTGGAT,0
CATCATATTGAGCAAC,0
CATCATGAACCCGATA,0
CATCATGAAGCGGTCA,0
CATCATTATTCAAATG,0
CATCATTTATAATCCC,0
CATCCAGATTCCAATG,0
CATCCCAGGAAAGTAG,0
CATCCCCAGATACCGA,0
CATCCCCCTTCCCGAC,0
CATCCGAATGGGCTAA,0
CATCCGCTGCCTAGAC,0
CATCCGTAGTAGGCCA,0
CATCCTATGATATCGT,0
CATCCTGGCATTATCA,0
CATCCTTACTCAACTT,0
CATCGAACCACTAAAG,0
CATCGATGAAATTAAC,0
CATCGATTAGACCGTT,0
CATCGCCAAGTATGAC,0
CATCGCCTACACTTTA,0
CATCGGCTACTTCAGA,0
CATCGGGAATTAACGT,0
CATCTAACCTAATGGA,0
CATCTCAAGGGGTAAG,0
CATCTCAGGGGACGTA,0
CATCTCCTGCAATACG,0
CATCTCGATAGCTACT,0
CATCTCTCTTTATACG,0
CATCTGACTTAAACTC,0
CATCTGCGAACGAATT,0
CATCTTAACTATGTTC,0
CATCTTAAGCGAATAC,0
CATCTTCAAGCCTAAC,0
CATCTTTTTGTCATCG,0
CATGAAAAACTCTGAG,0
CATGAAATATCAGAAA,0
CATGAACTAACAAAAA,0
CATGAAGATGAGCCAA,0
CATGAAGTCTTCGGAC,0
CATGAATAGGCTGCTA,0
CATGACAACATTCCGA,0
CATGACATTAACACTG,0
CATGACCATGCTAAAT,0
CATGACCCCAAAAAGA,0
CATGACGATATCTCAT,0
CATGAGCTGTAAACAT,0
CATGAGTACGACATCG,0
CATGAGTCGTAACAAA,0
CATGATACTAATAATT,0
CATGATATAATAACCG,0
CATGATATATACCAGC,0
CATGATCGAAGCATAA,0
CATGCATAAGCCATAT,0
CATGCATCAATAATCC,0
CATGCATGATCAAAGT,0
CATGCCAGAAGATACG,0
CATGCGAGACCTCCAA,0
CATGCGAGGAATTTAA,0
CATGCGGATATTCCTG,0
CATGCGTTACGTCAAT,0
CATGCTAATTTTTTGT,0
CATGCTCGTCTAAGTC,0
CATGCTCTATACTGCA,0
CATGCTGTACCAAACA,0
CATGCTGTCGACGAAG,0
CATGGAAATTGGTGAC,0
CATGGAATTAAGGTCG,0
CATGGAATTCTCGAAA,0
CATGGACTACTACTTT,0
CATGGCCCCCTGGAAG,0
CATGGCCCTAACGAGA,0
CATGGCCTGTTGGAGT,0
CATGGCCTTATGGAAA,0
CATGGCGAATAACGAG,0
CATGGCGGATCCGTCT,0
CATGGCTACTCAAGGA,0
CATGGCTAGGAGCTAT,0
CATGGGATTTTAGATA,0
CATGGGCACTTATACA,0
CATGGTGTTTCAGCGG,0
CATGGTTAAACCAAAA,0
CATGTAAAAATATGTT,0
CATGTAATCGACATCA,0
CATGTACTAACACATG,0
CATGTCCCCCCAGCGG,0
CATGTCCGATTGACCT,0
CATGTGAATGCAAGAG,0
CATGTTAAAACCTCAA,0
CATGTTAAGCGTCTGT,0
CATGTTAATACCCACA,0
CATGTTCCTATCTAAA,0
CATTAAACCTGGAAGA,0
CATTAAAGCGTTGGAT,0
CATTAAATAGCAGCAG,0
CATTAAGATGCAGGTA,0
CATTAAGGCTTTTAGA,0
CATTAATAACGGGACG,0
CATTAATAGGCATGAA,0
CATTAATCCCATTGTT,0
CATTAATGATCGCCCG,0
CATTACAAAAGTTAAT,0
CATTACAAATAGACTG,0
CATTACAATACAGCAT,0
CATTACACAAATGCAA,0
CATTACTAATCATATA,0
CATTACTCAGGCGAAA,0
CATTAGAAATCAGACA,0
CATTAGAGGTATTCGA,0
CATTAGATCTCGTGCA,0
CATTAGGCTAACACAT,0
CATTATAACATTCAAA,0
CATTATAGATACCTAC,0
CATTATCAACTTGTCA,0
CATTATCAGACCGACC,0
CATTATGAACACTTGT,0
CATTATGACAGGAAGT,0
CATTATGAGGATTATT,0
CATTATTCACACGGGT,0
CATTCAAATCTCGAAG,0
CATTCAACAACATAAA,0
CATTCAATACAACACT,0
CATTCACAAGATCAAG,0
CATTCACTGTACATAC,0
CATTCAGCAATCATTA,0
CATTCCGGGCGTAATG,0
CATTCCTAAAGATAAA,0
CATTCCTTGTCCACTC,0
CATTCGAGCTTCCGTA,0
CATTCGCGAAACTTAT,0
CATTCGCGTATCGATT,0
CATTCGCTTTACTTTA,0
CATTCGGAATAAGTCT,0
CATTCTAGCCCCCCTT,0
CATTCTCAGTAGTTCT,0
CATTCTGGAGACTCCG,0
CATTCTTAAGTAAATG,0
CATTCTTCTGCTCGTC,0
CATTGAAATATAATGC,0
CATTGAACTAGACGTA,0
CATTGATGAGACGGGT,0
CATTGCCCATCTAAAA,0
CATTGCCTAAAATCAG,0
CATTGCCTGGTAACCT,0
CATTGCCTGTAGAGCC,0
CATTGCGCTATGACTG,0
CATTGGTATTTCAAAC,0
CATTGTATAACTAGGA,0
CATTGTCATAAGAAGA,0
CATTGTCTAGCGTGGT,0
CATTGTGATGCAACAA,0
CATTTAAGATCCAAAC,0
CATTTAATGAGCAGAT,0
CATTTACACACTGAAT,0
CATTTAGAATCCAAAA,0
CATTTCACTCGGGACC,0
CATTTCCATGCACCTG,0
CATTTCGAGTCAATTC,0
CATTTCTCGACAACTG,0
CATTTGACGCAAACGT,0
CATTTGATTTAGGACA,0
CATTTTAAAACAAATG,0
CATTTTAACAAGTAAA,0
CATTTTCGACTCCACC,0
CATTTTGACCACAGAC,0
CCAAAAAAAGATGTTA,0
CCAAAAAACGGTGCAT,0
CCAAAAAAGTAGCTTT,0
CCAAAAAATACAGAAA,0
CCAAAAACCTTCGAAA,0
CCAAAAACTAAGTCTC,0
CCAAAAAGCTGAAATG,0
CCAAAAAGGGACCTAA,0
CCAAAAATAGTTCAAT,0
CCAAAAATATTATACT,0
CCAAAAATTGTAAGAA,0
CCAAAAATTTGAACTT,0
CCAAAACATCTCTAAG,0
CCAAAACATCTGTGTT,0
CCAAAACTCAATCGTT,0
CCAAAACTTGTCACAA,0
CCAAAAGACAACCGAA,0
CCAAAAGTGCGACACT,0
CCAAAATAGCCCAGCA,0
CCAAAATAGTGTAAAT,0
CCAAAATGCCCTTTTA,0
CCAAAATTGGTGAACA,0
CCAAACATCACCACAT,0
CCAAACCTGATTATTG,0
CCAAACGACGGAGATA,0
CCAAACTCAAAGACAG,0
CCAAAGCTACTGTGAA,0
CCAAAGGAAGAGAAGA,0
CCAAAGGGAAAAATGT,0
CCAAAGTACTCCCATA,0
CCAAAGTTAGTGAAAA,0
CCAAATAAGAGATCGG,0
CCAAATAAGTCCCTCG,0
CCAAATAGGAGACTAA,0
CCAAATCAAAAACATC,0
CCAAATCTAAGGGACC,0
CCAACAAGAGACGATC,0
CCAACAAGGTGTACCT,0
CCAACACACCTAGCTC,0
CCAACACCTTAACTTC,0
CCAACAGAATATATGG,0
CCAACATTAAAACGGT,0
CCAACCAAAAACCCAA,0
CCAACCAAGTATGATA,0
CCAACCATGTTGAAGA,0
CCAACCCCAGGTCTTC,0
CCAACCCGTTGTTAAC,0
CCAACCGAGCATTGCG,0
CCAACCTAACATATAA,0
CCAACCTGTAACTGGC,0
CCAACCTTGGAAAAGG,0
CCAACGCCAAATTTAA,0
CCAACGCGCACAATCA,0
CCAACGTTCTCTCAAG,0
CCAACTAAATCTAATC,0
CCAACTAAATGGACCT,0
CCAACTACCCAAACCA,0
CCAACTCATTCCCTCA,0
CCAACTGGCGAAACTC,0
CCAACTTCTGTTGTGC,0
CCAACTTTTGGGACAG,0
CCAAGAAAAAATAGTT,0
CCAAGATTAACTAGCA,0
CCAAGCGACACTGCCC,0
CCAAGCGTATACTACA,0
CCAAGCTAAGAATACA,0
CCAAGCTCAACTTTAA,0
CCAAGCTGACGCAGAT,0
CCAAGCTTTATGTTTT,0
CCAAGGATAGTATTTG,0
CCAAGGTTAAAAACAT,0
CCAAGTAAGATATTGC,0
CCAAGTACAATGATCT,0
CCAAGTACCTACGCTA,0
CCAAGTAGGAATTAGA,0
CCAAGTCTGGTGACTG,0
CCAAGTTACTGATAAG,0
CCAAGTTTCACTAAAC,0
CCAAGTTTGAACTAAT,0
CCAAGTTTGCTATAAT,0
CCAATAAAGAATAAGC,0
CCAATAACAGCACAAC,0
CCAATAAGATTTTCAC,0
CCAATAATTCGCCACC,0
CCAATACAGTGAAAAC,0
CCAATACGTCAACGTG,0
CCAATAGCAAAACACA,0
CCAATAGTATATAACA,0
CCAATATAAGCGAACA,0
CCAATCAAGGCTTCAT,0
CCAATCAGCTACCCTA,0
CCAATCCCACAAGCGA,0
CCAATCTTACATGACC,0
CCAATGAAAGCCATCT,0
CCAATGTTCGCAAATC,0
CCAATTAAAATATATC,0
CCAATTAAGAGCAACC,0
CCAATTAGCTCATAGG,0
CCAATTATCTAACAGA,0
CCAATTCGCGATACAG,0
CCAATTCGGAAACAAG,0
CCAATTCTATGCAGCT,0
CCAATTTGTCACGGAC,0
CCACAAAAAAAAAGTT,0
CCACAAAAGTTAAACT,0
CCACAAACCAACGCCT,0
CCACAACTCGCAAGGG,0
CCACAAGAACTTGCTA,0
CCACAATGTTAATCCA,0
CCACACGCTATCAAGG,0
CCACACTTCTGCCAAT,0
CCACAGACAAGTAAGT,0
CCACAGCATCCTGTCT,0
CCACAGGGGCACCCGG,0
CCACAGTATTAAAGAG,0
CCACATAAAGATAAGG,0
CCACATATTGAGCGAA,0
CCACCAACCCTCTCCA,0
CCACCACGCACAGATC,0
CCACCAGGAAGTTGAA,0
CCACCAGTTAGCGCGG,0
CCACCATTTTGCGGAG,0
CCACCCCTGGACTGAA,0
CCACCCTACATGAATT,0
CCACCCTTACACAGAT,0
CCACCGTTGCAACGGT,0
CCACCTAAGGTACGAG,0
CCACCTATAATAAAAT,0
CCACCTTGTAAGCTCA,0
CCACGAAATACGCTAG,0
CCACGAATAAAAGCAA,0
CCACGACGAACCGAAA,0
CCACGATAAGTTTAGG,0
CCACGATGACATCCAA,0
CCACGCCAGCAAAATC,0
CCACGCCATAATAAAC,0
CCACGGAATAGAACTG,0
CCACGGATTGCAAGTT,0
CCACGGCTACATGTAT,0
CCACGGTAATGTGTAC,0
CCACGTATAGTCTGCA,0
CCACGTCCTAAGTGAA,0
CCACTAAAAACACGCA,0
CCACTAAGTATACGTA,0
CCACTAATATAGAGCA,0
CCACTAATTTATTAAC,0
CCACTAGAGGCTTAAG,0
CCACTAGCTCAAACGA,0
CCACTATGACGTATCA,0
CCACTCACTCAAAGGT,0
CCACTCATTCCTACCT,0
CCACTCCACATAGAAT,0
CCACTCGAATTAAAGC,0
CCACTGACTTATCAAC,0
CCACTGAGATGAAATA,0
CCACTGCAAGAAGTTA,0
CCACTGCTGAAAAACG,0
CCACTGTAGCATACGG,0
CCACTGTTAAATCAGA,0
CCACTTAAAATATTCT,0
CCACTTAATAAATAAC,0
CCACTTATGTCTAAAA,0
CCACTTGATTACTATG,0
CCACTTTGACAACACG,0
CCACTTTTTAATCCTC,0
CCAGAAGGACCCCCTG,0
CCAGAATATGCGCCCC,0
CCAGAATTAGTCTTCG,0
CCAGACCAGTTTGGGA,0
CCAGACCCCAAGACTA,0
CCAGACGATAACTCAG,0
CCAGACGCTAGGCTAT,0
CCAGAGAACCGCGAGC,0
CCAGAGACAATCTCAA,0
CCAGAGGTCGGTGTAT,0
CCAGAGTACTAGTCGA,0
CCAGATATATATGCCT,0
CCAGATCAAGTTAGCA,0
CCAGATCCACCATCAT,0
CCAGATCGAAGGGTCA,0
CCAGATTACCAAGTTA,0
CCAGCAAGGTGCTTCG,0
CCAGCAGCACCTCCCA,0
CCAGCATAACATCTTT,0
CCAGCATTACTATATG,0
CCAGCCAAGTTCCAAA,0
CCAGCCACCTTGGACA,0
CCAGCCAGTAAACAAA,0
CCAGCCGCGGAGGAAT,0
CCAGCGATGGAAACAC,0
CCAGCGATTTGGCGTG,0
CCAGCGCACACAAGAA,0
CCAGCTGTTCCAGCTA,0
CCAGCTTTCTTCGATA,0
CCAGGAACCAACTAAA,0
CCAGGACTATATAGTC,0
CCAGGATCTGTTCTAG,0
CCAGGCCGTGCGCCGG,0
CCAGGCGTGATACGTA,0
CCAGGCTATAGGCCCC,0
CCAGGCTATTATAATC,0
CCAGGCTGGCACTAGG,0
CCAGGGAATACCAGAA,0
CCAGGGCAGCGCACTC,0
CCAGGTAACGCACAAA,0
CCAGTAAGCCAGCTGC,0
CCAGTAATCCTCTTTA,0
CCAGTAGACAATAGTC,0
CCAGTAGCCACAAGTT,0
CCAGTATCACAGGTCA,0
CCAGTCCAATATATGG,0
CCAGTCGGTGAAACAC,0
CCAGTGATAAAATCAG,0
CCAGTGGACCGCACAT,0
CCAGTGTATCAGTAGA,0
CCAGTGTTGAAAGGAG,0
CCAGTTACTAGAAATG,0
CCAGTTCGTGGGCATC,0
CCAGTTGTAAAAAATA,0
CCAGTTTCCATGATCG,0
CCATAAAACTATTTTG,0
CCATAACGCATTCGTA,0
CCATAAGAACAAAAGC,0
CCATAATAAACCTGCG,0
CCATACAATCGGATGC,0
CCATACCATTTAATGA,0
CCATACCGTCAGTTGT,0
CCATACCTCTATACAT,0
CCATACTAATGACCAT,0
CCATACTGCTGCCAAA,0
CCATAGAATAACAGAA,0
CCATAGAATTTGAAAG,0
CCATAGACATGAGACC,0
CCATATATGGACCTAT,0
CCATATCGACATATGT,0
CCATATCGACTGGCAT,0
CCATATGTCTGCGGTT,0
CCATCAACCGAACAGG,0
CCATCACCAGCTTCAA,0
CCATCACCTTACGGTG,0
CCATCACTATCTTCCG,0
CCATCAGTATCAGCCA,0
CCATCATCGTCATTAC,0
CCATCCTGAGATAGGC,0
CCATCGAGCCTTATCA,0
CCATCGCAAATAAATC,0
CCATCTATGGTCGAAG,0
CCATCTCGCATATTGA,0
CCATCTTCATTCGATC,0
CCATGAAAACATTCAT,0
CCATGAACGCTCTGTA,0
CCATGAAGACAATACA,0
CCATGACCAAAAGACA,0
CCATGACGCTTTCCGT,0
CCATGACTTCAACTCG,0
CCATGAGTTACCCTCG,0
CCATGCGTTGAATATG,0
CCATGCTAATGGCCTC,0
CCATGGCCAAAATAAC,0
CCATGGCTCTTTAGCA,0
CCATGGGACACTCTAT,0
CCATGGGATATGTCTA,0
CCATGGGTAATAGGAA,0
CCATGTCTCATAAGCA,0
CCATGTTTACAAACAT,0
CCATTAAAAGAACAAA,0
CCATTACAGCTCATCA,0
CCATTACGCAACTGTT,0
CCATTAGGTAATAAGA,0
CCATTATATGTTATAT,0
CCATTATTCACGAAAC,0
CCATTCAAAATTTAAC,0
CCATTCGACCGGTGAA,0
CCATTTAATTCGATTC,0
CCATTTAGGCTACAAA,0
CCATTTGTCAATACAA,0
CCATTTTATTCCTATG,0
CCATTTTGAACTAGTA,0
CCCAAAACGAAGATAT,0
CCCAAAATAGTGAGAG,0
CCCAAACCTCACACCT,0
CCCAAAGAATGTCCAA,0
CCCAAAGTACATCACC,0
CCCAAATCTAAAAAAA,0
CCCAACAAGCAAAGGC,0
CCCAACACAAGAGGTT,0
CCCAACAGGTGCAGTA,0
CCCAACAGTCATGACA,0
CCCAACCCTTCCCCGA,0
CCCAACGAAGACTCAC,0
CCCAACGGGCTTAACG,0
CCCAACGTGGTTATAA,0
CCCAACTGGAAAATTT,0
CCCAAGAAAACGCAGA,0
CCCAAGAGATCTATCG,0
CCCAATACGCGATACT,0
CCCACAAGGACGTGCA,0
CCCACAAGTCAAATTT,0
CCCACAGGAAAAATTA,0
CCCACAGTATTCCAAT,0
CCCACCCAACAGCCTT,0
CCCACCTAACCGCCCC,0
CCCACCTGGTGACAAT,0
CCCACGCACTTACAAC,0
CCCACGGACAAAACCT,0
CCCACGTAATAGAAGA,0
CCCACTCACGGTAATA,0
CCCAGAAAACAATAAG,0
CCCAGAATTAAGAACC,0
CCCAGACAAGCACTAA,0
CCCAGACAGTGCACTC,0
CCCAGACTCCATACTG,0
CCCAGAGTCGCTCCCT,0
CCCAGATACGATTCAA,0
CCCAGATGGTGAGTGA,0
CCCAGCCTAAAAATGA,0
CCCAGCTCACTGTGCA,0
CCCAGCTGCAGAATAT,0
CCCAGTAATTAATCTG,0
CCCAGTAGTCCAATAG,0
CCCAGTCAGTTAGATC,0
CCCAGTGGACTCTAGA,0
CCCATAAGAAAGAGAT,0
CCCATAGTTGCAACCG,0
CCCATAGTTTAACCGC,0
CCCATATGGTGATCCG,0
CCCATGTAGCCTGGTC,0
CCCATGTTCTAAGAGC,0
CCCATTAAATTTACTT,0
CCCATTAACTTAACCG,0
CCCATTAATCATTTCT,0
CCCATTACCTGAACCA,0
CCCATTCCGGTCTGCG,0
CCCATTGCAAGGTAGT,0
CCCATTTTCAACGCTA,0
CCCCAAAGAAAACAAT,0
CCCCAAAGTGGTACCG,0
CCCCAAATAAGGAGGT,0
CCCCAATCACCACAAA,0
CCCCACACAGAAAAAC,0
CCCCACACCGTGACGG,0
CCCCACCGCAGCATTA,0
CCCCACCGTACCCATC,0
CCCCACCTGAAAGCCA,0
CCCCACGCTTAAGTAA,0
CCCCACTAAGACTATT,0
CCCCACTCTTTTCTTT,0
CCCCAGGGCTCCTCCG,0
CCCCAGTATACAGTAG,0
CCCCATACTGCGACGA,0
CCCCATGGCTAAAAAC,0
CCCCATTGTTAGCGGC,0
CCCCCAACAACGAAGA,0
CCCCCAGCAAAGAGCA,0
CCCCCAGCTCTACCCA,0
CCCCCCGTGACACGAC,0
CCCCCGCCCATGGAAT,0
CCCCCGGGACACTAAA,0
CCCCCTGACCTCGGGA,0
CCCCGAAACATCGATG,0
CCCCGAATGAGGGATA,0
CCCCGAGAACAAAACT,0
CCCCGATCACATAAAA,0
CCCCGCATGAAACTAG,0
CCCCGCCACGGACTAA,0
CCCCGCTTGTGGCATA,0
CCCCGGAAGTGTCGAG,0
CCCCTAAATTTCATAC,0
CCCCTACGCAGGTAGC,0
CCCCTAGCAGAGCATC,0
CCCCTCAGGGTAGAAG,0
CCCCTGCATTGTATTC,0
CCCCTGCGAGGGCGTG,0
CCCCTGCGCCTAAAAG,0
CCCCTGTATGGGTCAG,0
CCCCTTCACAGATCCC,0
CCCCTTCCCTTGACAC,0
CCCGAAAGCGGATAAA,0
CCCGAGATAATCACCA,0
CCCGAGTATAAGACCT,0
CCCGATAGAGACAGTG,0
CCCGATCCAAGAACCA,0
CCCGCAATACTCAGTG,0
CCCGCACACGTCGCTA,0
CCCGCTAGGTAAATAA,0
CCCGGACAGAATTGAC,0
CCCGGCACAATTGAAA,0
CCCGGCGATGTCTGGA,0
CCCGGCTCGCCATTTC,0
CCCGGGACAGACAAAT,0
CCCGTAAAAAAAGAAA,0
CCCGTACAAGAGGCAT,0
CCCGTAGACTTCACCT,0
CCCGTGAATTCCTGCC,0
CCCGTGACGTCTTGAC,0
CCCGTGCCTCCTTAAT,0
CCCGTGGCTAGACCAG,0
CCCGTTAAACTTCGCC,0
CCCTAAAAAAACTATA,0
CCCTAAACTCTGTTAA,0
CCCTAAATAACTAATA,0
CCCTAACACCCAGCAA,0
CCCTAACAGTCACACG,0
CCCTAACCCCTGTGAT,0
CCCTAACTTATTATCA,0
CCCTAATAAAATAATG,0
CCCTAATTCACCAAAC,0
CCCTACAAAACCACCC,0
CCCTACACTTGAAAAA,0
CCCTAGTAAGATTAAC,0
CCCTAGTCTCCCTGAA,0
CCCTATAGATGATCAG,0
CCCTATCACCATACGA,0
CCCTATTCAATTTGCC,0
CCCTCACATCTACTTA,0
CCCTCACCTACATCAC,0
CCCTCACGGTACGATT,0
CCCTCGGATTTAGCCG,0
CCCTCTTCGATACTAA,0
CCCTGAAAAGGCCCAT,0
CCCTGAATAAGTACTC,0
CCCTGAATAATCTTAA,0
CCCTGACTACTTGAAA,0
CCCTGCTTAGTTTCCG,0
CCCTGGACAATAGGGA,0
CCCTGGATCATTGTGC,0
CCCTGGGAACAGAAAA,0
CCCTGGGGCCACAATC,0
CCCTGGTTCACTAAGC,0
CCCTGTAGATCAATAT,0
CCCTGTATGATCGCGC,0
CCCTGTCTTTCAGACT,0
CCCTGTTAAAACAAAA,0
CCCTGTTCAATTAATC,0
CCCTTAAGCTGAAATC,0
CCCTTAGTTATCGTTC,0
CCCTTCGCGATGGCAG,0
CCCTTGAAACGCTCGA,0
CCCTTGAGAAGACATA,0
CCCTTGTAAGACGTAA,0
CCCTTTCAAGTACGAG,0
CCGAAAAACATAAGAC,0
CCGAAATTACACATGT,0
CCGAACACAAATCGAT,0
CCGAACGAATAGCGTA,0
CCGAACTGGAGATTCA,0
CCGAACTTCCAACAAT,0
CCGAAGACTGAGGCCA,0
CCGAAGATCGAGGTAG,0
CCGAAGCTAGCTGTGA,0
CCGAATAAAAATCCGT,0
CCGAATAAGAACTAGT,0
CCGAATCACGACTCCT,0
CCGAATCATTAATCCT,0
CCGAATCCCAACCCCT,0
CCGAATGCGAGAAGCG,0
CCGAATGGAATTCTCT,0
CCGAATTAGAAGACAA,0
CCGACAGCTCAAGCGG,0
CCGACATGACCAATTA,0
CCGACCCACCATACCA,0
CCGACCCAGCAGACAA,0
CCGACCCATCCACAAT,0
CCGACCTCAGACATAG,0
CCGACGTGCGTCACGT,0
CCGACTCTCACGCATA,0
CCGAGAACAAATGATT,0
CCGAGAATCACTAGAA,0
CCGAGACTGGCGTTTG,0
CCGAGAGACTTCAACT,0
CCGAGCAAGCCCGGAA,0
CCGAGCCGCTCAACGG,0
CCGAGGGCTGAATTGA,0
CCGAGTACAGCTCAGT,0
CCGAGTCTTCTAAGGG,0
CCGAGTGCCTGAACAG,0
CCGATAATAGTACACA,0
CCGATAATCATGGATT,0
CCGATACTGAGATGAA,0
CCGATCATAAGAATTT,0
CCGATCCAGTCATCGG,0
CCGATCTGGCGTGTAC,0
CCGATGCCCAACCGCC,0
CCGATTACTCGGGTCT,0
CCGATTCCGGAATGTA,0
CCGATTCTACACGGCA,0
CCGATTGAGTAATCAA,0
CCGATTGATTGTGCTA,0
CCGATTTAAGCCAAGC,0
CCGCAAAATCTACCCT,0
CCGCAAATTTTACTAT,0
CCGCAGCTTGGGCTCC,0
CCGCAGGCCCCCCTAA,0
CCGCATAAAACATACG,0
CCGCATCAGTATACCT,0
CCGCCACCGAACATTT,0
CCGCCACCGTACTCCG,0
CCGCCACGTAACAAAA,0
CCGCCATCTCTGTTAA,0
CCGCCCATCTGGACAT,0
CCGCCCATTGCCACAA,0
CCGCCCTAGCCGATGG,0
CCGCCGAGAACAGGAA,0
CCGCCGGTGAGCCGTC,0
CCGCCTCAATGAATCG,0
CCGCCTCTGTATGGTC,0
CCGCCTGCCTATTAAT,0
CCGCGAACATAAGCAG,0
CCGCGCCACCCACTAA,0
CCGCGCCCCATAGAAT,0
CCGCGCGGTTGTCTGT,0
CCGCGGAGATACCTAA,0
CCGCTAAAGAGGTAAT,0
CCGCTAATCCGCATCA,0
CCGCTATAATGGCTGG,0
CCGCTCAAAAGTGAAT,0
CCGCTCATAAACATTG,0
CCGCTCATGATAGAAA,0
CCGCTCGTGGTTCCCC,0
CCGCTGCCCCCGAGTC,0
CCGCTTAACCAGGTCT,0
CCGCTTGCCTGATCAC,0
CCGCTTGTAGTATAAG,0
CCGCTTGTGACAGACA,0
CCGGAACTAATCTAGC,0
CCGGAAGTATACTCTA,0
CCGGACAATGTCAACC,0
CCGGACAGCAAATCTA,0
CCGGACCATTCCTAAT,0
CCGGACTCTCTGCAGC,0
CCGGACTTATGAGGAA,0
CCGGAGCACTAAAACT,0
CCGGAGGTATTGCAGA,0
CCGGATAGTCGCTAGA,0
CCGGCACCCACCCTCG,0
CCGGCACTTGAAGAGT,0
CCGGCAGCCCAAGCGA,0
CCGGCATTAAATTGTC,0
CCGGCTCATGACGCGC,0
CCGGGACTCATTGAAA,0
CCGGGCATTACTTAAA,0
CCGGGGTTTCAAAATA,0
CCGGTAACATTACTGT,0
CCGGTACACCTAATAA,0
CCGGTACACGAGTATG,0
CCGGTACAGCGTTGAT,0
CCGGTCAAATTAAAAG,0
CCGGTCAGTAAACAAA,0
CCGGTGAATGACATGA,0
CCGGTTGTTTACGCAA,0
CCGGTTTTCTACAGGT,0
CCGTAATAAATAAGCT,0
CCGTAATCTGGGGATT,0
CCGTAATTCACAGAAA,0
CCGTAGGCCCATATTA,0
CCGTAGGTTATCATAT,0
CCGTATAGTCAAATTG,0
CCGTCAAGCAAGGGTA,0
CCGTCCGCAAGCTGAA,0
CCGTCGAGTTAGTCAT,0
CCGTCTCTAAGAAATT,0
CCGTCTGGAACACTGC,0
CCGTGAACCTCTGAGT,0
CCGTGACAATACTATG,0
CCGTGATAAAGTAAAA,0
CCGTGCCGCAGTGAAG,0
CCGTGGTATTGTCCGA,0
CCGTGTGACCACCCCC,0
CCGTGTGTTTGGAGAA,0
CCGTTCAGAAGATAGT,0
CCGTTCTTAAGATAGC,0
CCGTTGATCTTTCTAA,0
CCGTTGATGGCTAACA,0
CCGTTTAAAATTACTA,0
CCTAAACAACCGTCAA,0
CCTAAACCCGATAGTC,0
CCTAAACTTTGACATT,0
CCTAAAGAAGCCAGTC,0
CCTAAAGACGTACATT,0
CCTAAAGCGGACGCAA,0
CCTAAATAACGCTTGT,0
CCTAAATGGAAGAATC,0
CCTAAATTAGATACCT,0
CCTAACAATAAACGGT,0
CCTAACCCTCGGCAGT,0
CCTAACCTATTTATAG,0
CCTAACCTCTAAGGAT,0
CCTAACTCGTACGCTA,0
CCTAAGGTATCGGCCT,0
CCTAAGTAACCCGATA,0
CCTAAGTTTAATTGGA,0
CCTAATAAAAGGGCGG,0
CCTAATCGACCCGACA,0
CCTACACACGTAAAAT,0
CCTACAGGTCCATGAC,0
CCTACATCAATCCGAT,0
CCTACATGACACCTTA,0
CCTACCAGGATCTAGC,0
CCTACCAGTTTCGCAA,0
CCTACGCATGAAATCA,0
CCTACGGTACGGAGAA,0
CCTACGTCCCCCCGGT,0
CCTACGTTAGGTCCGA,0
CCTACTACTTGTTTAC,0
CCTACTCGCCAAACAA,0
CCTACTCTGTCTAAGG,0
CCTACTTAATGCACAT,0
CCTACTTTAGTCAAAA,0
CCTAGAACCATTATGA,0
CCTAGAACTTTATTTC,0
CCTAGACCTTCAATCG,0
CCTAGCAGTCGTAACG,0
CCTAGCCGACTTACAT,0
CCTAGCGTGTCCTAAC,0
CCTAGCTCCTAGAGTA,0
CCTAGGCCGTCTAAAG,0
CCTAGTTAGAAGTAGA,0
CCTATAAGAACTCATG,0
CCTATAATCAATCGTT,0
CCTATACCATAAGACT,0
CCTATACTTAACAATT,0
CCTATAGAGTAAATGA,0
CCTATATCATATTGAA,0
CCTATATGTAGGCGCA,0
CCTATATTAAATTCTC,0
CCTATCAACTTAAGAA,0
CCTATCGCACCACAAC,0
CCTATCTATAGCATCA,0
CCTATGGGACCATATT,0
CCTATGTTGACGGACG,0
CCTATTACCGCGAACA,0
CCTATTATGAAACTAC,0
CCTATTGTGCATAACA,0
CCTATTGTTCCTCAAA,0
CCTATTTATCAAGTTG,0
CCTCAAAAGCAAATAA,0
CCTCAAATAGATTCCG,0
CCTCAAATCCGATAAC,0
CCTCACCGTACGTTCT,0
CCTCACTTAAATTGAC,0
CCTCACTTGCATACTC,0
CCTCACTTTACACTGT,0
CCTCAGATGGAATGAT,0
CCTCAGTAGTACGATT,0
CCTCCCAATCTAATGG,0
CCTCCCGCACTTACAA,0
CCTCCCGTAAAGATCT,0
CCTCCGAATCGACAAG,0
CCTCCGATAGAGACTA,0
CCTCCTAATAAGTAGC,0
CCTCCTCGGAGATACG,0
CCTCCTGAACAAGCCA,0
CCTCGAAGAACCAACC,0
CCTCGAAGCCCACTAC,0
CCTCGAGAGGGCTACG,0
CCTCGCACTCCTGAAT,0
CCTCGCCAAAACCATC,0
CCTCGCCATCCACAAT,0
CCTCGGAGACAAAAGA,0
CCTCGGGTAAATCCAG,0
CCTCGTGGTTAGAGCT,0
CCTCTAAAACTGCAGT,0
CCTCTAGACAAAACGA,0
CCTCTATGTTGAGCAA,0
CCTCTCTCTCGACCGC,0
CCTCTGAATTTAACGT,0
CCTCTGCCAGCTACGA,0
CCTCTGGTCGTAAAGG,0
CCTGAAAAACGTGGCT,0
CCTGAAAAGCTCCTAT,0
CCTGAAATACACAAAA,0
CCTGAACTCAAACGTT,0
CCTGAAGTCAATCTCC,0
CCTGAATAACGTTAAA,0
CCTGAATCTATATCGG,0
CCTGACACGCAAGCGC,0
CCTGACCGAATTCGCC,0
CCTGACCGCTGAAAAC,0
CCTGAGAAGAAGCCAA,0
CCTGAGACTGGCGGTC,0
CCTGAGTTATTGCACA,0
CCTGATGCCCGCGAAT,0
CCTGCAAAAGGCCCTT,0
CCTGCCACGCATTCGC,0
CCTGCCATAAAATTTG,0
CCTGCCCAGACTTCGA,0
CCTGCTAATACCAAGG,0
CCTGGAAATCTAAAAG,0
CCTGGACGGTTTAAGG,0
CCTGGATAAACTGCGA,0
CCTGGGCAGCTTCACT,0
CCTGGGGGGTACCAGG,0
CCTGGTAGTGCCAGCA,0
CCTGGTCAGATTGAAA,0
CCTGGTTCGGCAGCAC,0
CCTGTACACACAATCA,0
CCTGTCACTCAAAAGA,0
CCTGTGTATAACTGCG,0
CCTGTTAAAGGAATCA,0
CCTTAAAAATATTTAG,0
CCTTAAACTCTACACA,0
CCTTAAATTTTACACA,0
CCTTAAGGCTGCTGAG,0
CCTTAATCAGAAAAGA,0
CCTTAATCTAAATCCG,0
CCTTACACCAAACGCC,0
CCTTACTAAAGCTGAT,0
CCTTAGAGCACGGAGA,0
CCTTAGCGATGAGACA,0
CCTTAGTTCAGAGCCT,0
CCTTATAAGGTTTCTG,0
CCTTATATATATGAAC,0
CCTTATGGCACATTGG,0
CCTTATTCCTAATAGT,0
CCTTATTTCCATGTCT,0
CCTTCAAACGGATCAT,0
CCTTCAACAGTTCAAA,0
CCTTCAACGTGCCAAG,0
CCTTCACCTGGAGAAA,0
CCTTCACTATTTGCTC,0
CCTTCATATATGCCAC,0
CCTTCCAACTCCTACA,0
CCTTCCTCGACCAGGT,0
CCTTCGTAAGCCTCGT,0
CCTTCTCCGGCTGAGT,0
CCTTCTCTGATAGCGA,0
CCTTCTGTTCTGTCTA,0
CCTTCTTTTGCACTGT,0
CCTTGCATACTGGAAC,0
CCTTGCTTCCCTTACA,0
CCTTGCTTGCTTGTGG,0
CCTTGGTTAACACTAT,0
CCTTGTTGTAACATGT,0
CCTTTAAGTGACCGAG,0
CCTTTAATATTGTGTA,0
CCTTTACCTTCAACAA,0
CCTTTACTAGAGCACC,0
CCTTTACTAGTACTAT,0
CCTTTCCCCTAAGGAA,0
CCTTTCTCGCATGGTA,0
CCTTTGAAATTTTAGT,0
CCTTTGCTCCTCAACC,0
CCTTTTAATTCCGCTA,0
CCTTTTACTATATCCT,0
CCTTTTAGGAAGCCTA,0
CCTTTTGAACTAGATT,0
CCTTTTGAAGTTAATT,0
CCTTTTGCCTGTAAAA,0
CCTTTTTAAAGAAGAT,0
CCTTTTTCCAGGTGTA,0
CCTTTTTCTTACATTA,0
CGAAAAAACCCAACTT,0
CGAAAAAACTATCATT,0
CGAAAAAGAAAACCAC,0
CGAAAACAAATCTATT,0
CGAAAACGGTTTTAAC,0
CGAAAACTAGTAGGCG,0
CGAAAACTATAAAAAA,0
CGAAAACTGTATCATC,0
CGAAAAGCAAAGCAAA,0
CGAAAAGGATAAATTA,0
CGAAAATAAGCAAAAT,0
CGAAAATAAGTTAATA,0
CGAAAATAGAACGTGA,0
CGAAAATTCCTATCTA,0
CGAAACAGCCTGAATA,0
CGAAACCAAACGTCAA,0
CGAAACCCCCTAAAAA,0
CGAAACGCCTGGAATA,0
CGAAACTATCGTTACA,0
CGAAACTCTAATAACC,0
CGAAACTTCCAAACAA,0
CGAAACTTTGTATATC,0
CGAAAGAACAACACTC,0
CGAAAGATCCCTGGAG,0
CGAAAGCATAACAATA,0
CGAAATAAGACGCTCA,0
CGAAATACGGAAGTGA,0
CGAAATATACAGGACG,0
CGAAATATATTTTACG,0
CGAAATTAAACCATAT,0
CGAAATTATGCGAGAC,0
CGAAATTGATTAAGGA,0
CGAACAAAAGTATCTT,0
CGAACAAACTATTCCT,0
CGAACAACCATACATC,0
CGAACACAGACATCTT,0
CGAACACCCACTCCCT,0
CGAACAGAAGGGTCAA,0
CGAACAGCTACAAAAA,0
CGAACATATCTTCACA,0
CGAACCACTACTCACT,0
CGAACCAGAAGAATAG,0
CGAACCCCCTTCTTAT,0
CGAACCCCGTAGGTAG,0
CGAACCCGAAAGAAAA,0
CGAACGACAAAATGAT,0
CGAACGCAAACAGTAA,0
CGAACGTTGAACTACG,0
CGAACTACCAAACAGA,0
CGAACTCCGAATAATG,0
CGAACTCGCTTCGCTA,0
CGAACTCTAGCTCCCT,0
CGAACTGAAAGCGGTA,0
CGAACTTCTCGAAAAA,0
CGAAGAAAAGAACAAA,0
CGAAGAACACAGCACT,0
CGAAGAACCATAGATG,0
CGAAGAGAGCGACTAG,0
CGAAGATGAACAGCCC,0
CGAAGGATCAACTTAA,0
CGAAGTAATCTGCACA,0
CGAAGTCAATAGCTCA,0
CGAAGTGAAACGACGC,0
CGAAGTGCACGGAACG,0
CGAATAACCAATAGAA,0
CGAATACAACTCCCAT,0
CGAATAGCGTGACTAT,0
CGAATAGGACATCCCA,0
CGAATATAGTACAACA,0
CGAATATTCCCTACTA,0
CGAATATTGCCCCCGC,0
CGAATCACACTAGTAG,0
CGAATCATTGCTGAAA,0
CGAATCCTCTAACATT,0
CGAATCGCGAACTCTA,0
CGAATCTAAGGTAATA,0
CGAATCTCCGCCCTTT,0
CGAATCTCGCAATATC,0
CGAATGAAAATTGAAA,0
CGAATGAGCGCTGCTA,0
CGAATGCAAATGTAGT,0
CGAATGTACCTACGCT,0
CGAATGTCCGTACTCA,0
CGAATTAATGAACGGA,0
CGAATTACGTGTATCT,0
CGAATTCTCTTTATAC,0
CGAATTGATTTTCCTA,0
CGAATTGGATACAAGT,0
CGAATTGGTCATAACA,0
CGAATTTGTGGTAGGA,0
CGACAAAACCTATAAA,0
CGACAAATAAGCCCAA,0
CGACAAATGTAATACA,0
CGACAAGAAGTCCCTA,0
CGACACCGATACTAAA,0
CGACACTTTAAGAACT,0
CGACAGAAAGGTGCCT,0
CGACAGATAATCGGGC,0
CGACAGCAATGGATCA,0
CGACAGCCTGTGCCTA,0
CGACAGGATGCGACGA,0
CGACAGTCCTCCGTCC,0
CGACATCAATAGAAGA,0
CGACATCAATCTGATG,0
CGACATTAACAACGCA,0
CGACCAATAAAACGAC,0
CGACCAATGCTCATGC,0
CGACCAATGTGATGCA,0
CGACCACGAAATTCCC,0
CGACCCCCAACTGCAC,0
CGACCGGTTTTACATT,0
CGACCGTATGCCCTGT,0
CGACCTAACCATACCT,0
CGACCTATTAAGAAAG,0
CGACCTCATAGTCAGC,0
CGACGAAATAAGCATG,0
CGACGAATCCTAACAA,0
CGACGACAAATTAGAA,0
CGACGATGGACGTTTT,0
CGACGCAGCACCCCTA,0
CGACGCGAGTCCCCTT,0
CGACGTGACGAGTTTA,0
CGACGTGCCTAGGATG,0
CGACTAACCTAGTAAT,0
CGACTATTAAATCGAC,0
CGACTCAACAACTACG,0
CGACTCAAGGTGTTAG,0
CGACTCAGCGATGCAA,0
CGACTCATAGTTCGTA,0
CGACTCATATCCCACT,0
CGACTCTGATGAAACC,0
CGACTGGGGGACACCC,0
CGAGAAATTTCAAAGA,0
CGAGAATCCATGAACA,0
CGAGAATTAATGAACA,0
CGAGAATTTAGAGTCA,0
CGAGACCACTCCTTCG,0
CGAGACGATTGGAATT,0
CGAGACTATAGGACAG,0
CGAGACTCTTGAGTAT,0
CGAGACTGTATCCGTC,0
CGAGACTTGGATAATG,0
CGAGAGATTTTATAAA,0
CGAGAGTATGGACAAT,0
CGAGATAAAGATGTGA,0
CGAGATACTAACCTAA,0
CGAGATAGGTACAGCA,0
CGAGATCAGCATCCGG,0
CGAGATTTACCGGAAG,0
CGAGCAACTTGTAAGG,0
CGAGCATCCGACAATA,0
CGAGCATGCGGAACAG,0
CGAGCCCGCCATAATG,0
CGAGCCTTTTGCTCAT,0
CGAGCGATTTAATAGA,0
CGAGCTCGGAAAGTAG,0
CGAGCTTAACGTAAGA,0
CGAGGAAGTAAAACCA,0
CGAGGACTACCGTCCA,0
CGAGGGGAACTATAGA,0
CGAGGGGGCAGTCCAG,0
CGAGGGTCACCACTAA,0
CGAGGTATAGTAGCAA,0
CGAGGTCATGAAGAGC,0
CGAGTAAAATACACAT,0
CGAGTATCCTTAAACT,0
CGAGTATCGCTCGCTC,0
CGAGTATTCGTTTTAC,0
CGAGTCAGAATAAACA,0
CGAGTCCCATATAGGA,0
CGAGTGACCCCCAGCT,0
CGAGTTCCAAATTCAC,0
CGAGTTGACACATAAA,0
CGAGTTTCATTTTAAG,0
CGAGTTTGATTTACAA,0
CGATAAAAAGTACCCG,0
CGATAAAGATGACGAA,0
CGATAAATTCCGTGCC,0
CGATAACTTTTAAAAC,0
CGATAAGACAGTAATC,0
CGATAAGTTCAGAGGG,0
CGATAATTTTGTTTCA,0
CGATACAAAAATCAAC,0
CGATACAAGGTCATAC,0
CGATACAATTTACCTT,0
CGATACACCTTTATAG,0
CGATACTATGACTCAA,0
CGATAGAAATCGTCAA,0
CGATAGATAGCAAAGA,0
CGATAGGAATAATTTA,0
CGATAGGTAAGACTTA,0
CGATAGTCTTAAGGCC,0
CGATAGTGACCACTAG,0
CGATATAAAATAAAGG,0
CGATATAACATCAAAC,0
CGATATGTAAACACAT,0
CGATATTCTACGCCCA,0
CGATATTCTCTGTACG,0
CGATATTTTAATCACA,0
CGATCAAAAGTCCGAT,0
CGATCAAAGATGGAAT,0
CGATCAAGGGCCTGCC,0
CGATCAATACATTGTG,0
CGATCAATTCCTTAAT,0
CGATCACAGTCTAGAT,0
CGATCACCAAACATAC,0
CGATCACCAACAATCG,0
CGATCATGTAACAGGT,0
CGATCCTGATACAGAC,0
CGATCGATACTTAGAC,0
CGATCTAAAAGCTGAT,0
CGATCTCAGTCGTCTC,0
CGATGACGAAAACACG,0
CGATGCAACTTAGCGT,0
CGATGCAAGTGCTACC,0
CGATGCGGACCATAAT,0
CGATGCGGTATAATAA,0
CGATGGGTCTTGAATA,0
CGATGTAAAGGCGTAC,0
CGATTAAGACACTATC,0
CGATTAATATGGTATG,0
CGATTACTTGTTCCGT,0
CGATTAGGAATTTACG,0
CGATTATGTAGCCGAC,0
CGATTCGTCGTTGCAA,0
CGATTGAAGGCTTTAG,0
CGATTGACCCTGCCAA,0
CGATTGCAAAAAACGC,0
CGATTGGTCCTATAAC,0
CGATTGTGAGCCTAGA,0
CGATTTATAAATCCAC,0
CGCAAAAACCCACGCA,0
CGCAAACAATTGTACG,0
CGCAACGTATGCAAGA,0
CGCAATATCATTAATT,0
CGCAATCCCTGTTATA,0
CGCAATGTGCACCATC,0
CGCAATTCACAGTATT,0
CGCACACAATTGAAAA,0
CGCACAGACCGTAGAG,0
CGCACATAAATCCCCT,0
CGCACATTGCACCCTA,0
CGCACCAGTAAACAAA,0
CGCACGCCTGAAAAAA,0
CGCACGGAATTCTTTC,0
CGCACGGCTAATTTTG,0
CGCACTGAGACAAAAA,0
CGCACTTAGAGAGCTA,0
CGCAGAAAACATACAC,0
CGCAGCATCTTAACCC,0
CGCAGCTCATCAACTT,0
CGCAGGACCTATAATG,0
CGCAGTGCCCCAATCG,0
CGCATAAGTAAGCCTG,0
CGCATAAGTTCGCACA,0
CGCATATGCGCAGTGC,0
CGCATCGCTATTAGCA,0
CGCATCTTTCGTATTG,0
CGCATCTTTTTGATTG,0
CGCATGAGGCTTTAAC,0
CGCATGCACAGCATGG,0
CGCATGTATGATCAAA,0
CGCATGTATTATAAAT,0
CGCATTCGGATGTCAC,0
CGCCAAAGGCCACGCT,0
CGCCAAGAATAACAAA,0
CGCCAAGATATGCTTA,0
CGCCAATTAATTTAAG,0
CGCCACCTGGACAACT,0
CGCCACTTCTGAACGG,0
CGCCAGCTGACGAGAC,0
CGCCAGTCACCAGTCA,0
CGCCATCAGTACAGCA,0
CGCCATTATCTAAGCA,0
CGCCCAAATCTAACGA,0
CGCCCATCGCCATGAA,0
CGCCCCAAAGTAAATT,0
CGCCCCACACTGTACT,0
CGCCCGAACCAAAAAT,0
CGCCCGATAGACGAGT,0
CGCCGATAAATTGTTT,0
CGCCGCAATTTTACTG,0
CGCCGTGAACCCGAGG,0
CGCCGTTATATCCCTT,0
CGCCTAAGAATTAGCA,0
CGCCTAATAGAATTAA,0
CGCCTATAATACTAAA,0
CGCCTCAAAGAAGACC,0
CGCCTCATCAAAAAAA,0
CGCCTCCGGTAGAACT,0
CGCCTGATGTATAGTG,0
CGCCTTGGTATTTTCC,0
CGCCTTGTAATCACGA,0
CGCGAAGCCGCGGATA,0
CGCGACAACTGGGGCT,0
CGCGATACAGCGCAAT,0
CGCGATAGAAATTATA,0
CGCGATAGCAACAGTA,0
CGCGATCCCTCTTAGA,0
CGCGCAAAAGTCGAGA,0
CGCGCCAATCGTTCTC,0
CGCGCGCTAGGCTAAT,0
CGCGCTGCTCAATAAA,0
CGCGGACTCCTATATG,0
CGCGGAGCTTAAGAAT,0
CGCGGATAACTGAGTG,0
CGCGGATTGAGATGAA,0
CGCGGGACTTCGTAAT,0
CGCGGGTTATTCCGGG,0
CGCGGTTCGGAGAGTA,0
CGCGTAAAGGACCGAA,0
CGCGTAACAATATCAC,0
CGCGTCAAGAGTAGAA,0
CGCGTGTTCTGAATTG,0
CGCGTGTTTTACTATT,0
CGCGTTCGCGTTATCT,0
CGCGTTGGAATACTTC,0
CGCGTTGTCAGCCTGA,0
CGCTAAATATCCTAAA,0
CGCTAATATAAGATAT,0
CGCTAATGAGCTATCA,0
CGCTACAAATCAATAA,0
CGCTACTACTTCCTCA,0
CGCTAGAATGTAATGC,0
CGCTATCAGGAGTCAA,0
CGCTATCGGCCACTGA,0
CGCTATGACTATTCGA,0
CGCTCAAATGGTGCTA,0
CGCTCCAAGGAGCATA,0
CGCTCGAAAGTATTTA,0
CGCTCGACGGTCAAAC,0
CGCTCGAGCTCACACA,0
CGCTGATAATGCTCGC,0
CGCTGCCCTATAAACT,0
CGCTGGCAGAATCCAG,0
CGCTGGCTACAATCAA,0
CGCTGGTATCTAAAAG,0
CGCTGTAATAATTTGG,0
CGCTGTTCGAATAAAT,0
CGCTTAACTATGAATC,0
CGCTTAGAAAAATCCT,0
CGCTTCATAGAAGAAA,0
CGCTTCCATCCCGCAA,0
CGCTTGCGTGCAGAAA,0
CGGAACCATAACAAAA,0
CGGAACTCTGGAGCGG,0
CGGAAGCCGTATGAAA,0
CGGAAGTCTGCTATCG,0
CGGAATGGCTCATCAA,0
CGGAATTCATACTAGC,0
CGGAATTTTCGTACTC,0
CGGACCCACCTTCGCT,0
CGGACCCGACCCAAAC,0
CGGACCGTTCACACAT,0
CGGACTAAAACAGTCT,0
CGGACTAGAGAGATCC,0
CGGACTCGCCGCAATA,0
CGGACTCGCTTGCCTT,0
CGGACTGGATCCTTAT,0
CGGACTGTGCAGCCTC,0
CGGACTTACAGGCATG,0
CGGAGAGAAGGCAATC,0
CGGAGCCGATATGGTC,0
CGGAGGATCAAAGACT,0
CGGAGGCACACTAAAA,0
CGGAGGGAGACACAAA,0
CGGAGTAAAATATAAC,0
CGGATAACAGCCCGCG,0
CGGATCACCACGCCAA,0
CGGATCGACAACATGT,0
CGGATCTAAAACGATA,0
CGGATGAAGAATACTA,0
CGGATGCACACACATC,0
CGGATGTGGTAGATTT,0
CGGATTATGACATGCA,0
CGGATTATTACAAAGA,0
CGGATTGTTCCTGCTC,0
CGGATTGTTGCATATC,0
CGGCAAAGTGAAAAAA,0
CGGCACATACGAGAAT,0
CGGCACCTTCTCGGAT,0
CGGCACGCTACACCTA,0
CGGCAGGCTACAATAG,0
CGGCATCTGAATGGTT,0
CGGCCACCCAATATTT,0
CGGCCAGACGACTATC,0
CGGCCCAGGTAGTACG,0
CGGCCCTAAGGTAACT,0
CGGCCTACAAACCGAA,0
CGGCCTATAAAGTACT,0
CGGCCTCAAAGACTTC,0
CGGCCTGGAGATAGTA,0
CGGCGAAATAGAAACA,0
CGGCGCTTCCCCCGCC,0
CGGCTACAACCCAAAG,0
CGGCTCATTAAATTGC,0
CGGCTCCGACTATAAG,0
CGGCTCTTAAGTCCTA,0
CGGCTGACAAAGTTAT,0
CGGCTTCTCACAAAAA,0
CGGGAACACTCTCAAC,0
CGGGAACTATCTAAAG,0
CGGGAAGGTTGTATCA,0
CGGGACCTTTCGAATA,0
CGGGACTGACTATTAT,0
CGGGAGCGTAATCGAT,0
CGGGAGGAAACCGAGA,0
CGGGATCAATACACTA,0
CGGGATTCGAATACCG,0
CGGGCACAAAAAGCAA,0
CGGGCACCTACGCATC,0
CGGGGCATATGTCTAT,0
CGGGGCCCAATATAAA,0
CGGGGGATTTTGCGAA,0
CGGGGTGCACAGTACC,0
CGGGTCTATTTATTTT,0
CGGGTGAGGGGGTTGA,0
CGGGTTAACAATTGTC,0
CGGGTTCTATAATTGT,0
CGGGTTGAGAGAACCA,0
CGGTAACCACAATAAG,0
CGGTACACAATCCGTC,0
CGGTACTAAATTAAAG,0
CGGTACTTTACTTCAA,0
CGGTAGAAAGTTAAAT,0
CGGTAGAATTTTAACC,0
CGGTATAGTACAAATT,0
CGGTATGAACACGCCA,0
CGGTCCTGGAAAACTT,0
CGGTCGAGGTCTGGAA,0
CGGTCTAATGCACCAC,0
CGGTCTACCTCCATAC,0
CGGTCTGACACCGTAA,0
CGGTGACCGTTCTAAC,0
CGGTGAGCATAAAATG,0
CGGTGTGAATGACCCA,0
CGGTGTTAACATATAT,0
CGGTTAAAGGAGCTGG,0
CGGTTAAGTCTTTATG,0
CGGTTATAGCCTTAGG,0
CGGTTCGTTAATGCGC,0
CGGTTGTACCATACAG,0
CGGTTGTATTATATTC,0
CGGTTGTCCGCCGAGA,0
CGGTTGTGATAAGACT,0
CGTAAAACACAAGTTT,0
CGTAAACATTCTACTC,0
CGTAAACCCTTTGTTG,0
CGTAAACGCACTATCA,0
CGTAAATTACTATAAG,0
CGTAACAAAGAGACAT,0
CGTAACCAGCACATTT,0
CGTAACCATGTTTACG,0
CGTAACTAATAATTAA,0
CGTAAGAATCGCAGTA,0
CGTAAGCTCCCGGACC,0
CGTAAGTGTATTTATT,0
CGTAATACATATAACT,0
CGTAATCTTAATTTTC,0
CGTAATGCCAAATTCT,0
CGTAATTACACGGACG,0
CGTAATTATAAAGTGG,0
CGTACATACCGCTTGG,0
CGTACATATTATACTT,0
CGTACATGACAATAAT,0
CGTACATGTTTATACA,0
CGTACCGTAATTGACA,0
CGTACGACGTTTATGG,0
CGTACGCAAACGATTA,0
CGTACTGCTAGAACAT,0
CGTACTTATGCCAACT,0
CGTAGAAAAATGGTGA,0
CGTAGAAACCGAAGCA,0
CGTAGACCTTCGCTAA,0
CGTAGAGTAACACATC,0
CGTAGATATTACGTAA,0
CGTAGATCCAGACAAA,0
CGTAGCAATAAACAAT,0
CGTAGCCTATACAACC,0
CGTAGTCACTTCATCC,0
CGTAGTCCAAGACCTT,0
CGTAGTTCCGAGGGGG,0
CGTATACACGAACGCT,0
CGTATAGCACGGATCG,0
CGTATCACAAAATGAT,0
CGTATCCAAAACTAAG,0
CGTCAAATCCGTACTT,0
CGTCAATCGGTCCCAT,0
CGTCACCAACGAATAC,0
CGTCACGATTACATAC,0
CGTCACTGTAATCCGG,0
CGTCACTTTTCGCAAA,0
CGTCAGTCGTCGCACA,0
CGTCAGTGATAGGTTG,0
CGTCATAGAGATGCGC,0
CGTCATATCAGAATGC,0
CGTCATCCGCGGAAGA,0
CGTCATTTACTATACT,0
CGTCATTTCTACGTTC,0
CGTCCAAAAATCTCAA,0
CGTCCAAATATGCATA,0
CGTCCATAACTCATAA,0
CGTCCCAGAACGGATT,0
CGTCCCGAATACGGGA,0
CGTCCCTTAATTAGAC,0
CGTCCGCTGGCGACCT,0
CGTCCTCTCGGCAACT,0
CGTCGAAGATCAGAAC,0
CGTCGATGGACCCAAG,0
CGTCGGAAACAAAAAC,0
CGTCGGCTACTGGACA,0
CGTCGTTAAGCCCTCG,0
CGTCTAAATAACCCAC,0
CGTCTAACGATACTTA,0
CGTCTGAGACTCGCCA,0
CGTCTGCACCATAGGC,0
CGTCTGGACAAAACCT,0
CGTCTTGGCATCAAAG,0
CGTCTTTGTGTAACAA,0
CGTGAACAAAAGTGAT,0
CGTGAATATTATCACT,0
CGTGAATTAATCAGAC,0
CGTGACAAAATAAAAT,0
CGTGACACTAAAGTTA,0
CGTGAGTCCCTTAAAT,0
CGTGCAACAATTCGAT,0
CGTGCATCATGCACGC,0
CGTGCTGATCAAAGTA,0
CGTGCTTTTGAAAGTT,0
CGTGGTGAGCTGGTTC,0
CGTGGTTTAGAAACGA,0
CGTTAAGAAAAAAAAA,0
CGTTAATTAAGCAAAG,0
CGTTACAACCGTACAA,0
CGTTACGTTTTGATTG,0
CGTTACTAGTGGGGCA,0
CGTTACTGCTAGAAAC,0
CGTTACTTAAAGGCTT,0
CGTTAGCCCCCAATAC,0
CGTTAGCCTGAGACAT,0
CGTTAGGTACAAGCAT,0
CGTTATAATGACAGGG,0
CGTTATCTTATTCCCC,0
CGTTCAATGATAAGCG,0
CGTTCAATTAGATTCA,0
CGTTCACGTCCACATG,0
CGTTCTAAGGATAGCC,0
CGTTCTGCTCGATTGA,0
CGTTGACCTTCTGAAC,0
CGTTGCATCATAAATG,0
CGTTGGCCAGTTCTTG,0
CGTTGGTACTCAAAAA,0
CGTTGTACGAGTCAAG,0
CGTTGTGCACACAACT,0
CGTTGTGCTCGTCTCG,0
CGTTTAGAAGGTAAAA,0
CGTTTATCGCTGAACC,0
CGTTTCGCGCCCGCGA,0
CGTTTTACTTACGAAT,0
CGTTTTCATAGCGGGA,0
CGTTTTTCAATCAACC,0
CTAAAAAAAAAAACAG,0
CTAAAAAAATGAGTCC,0
CTAAAAAACTCCAGAA,0
CTAAAAACGAGAGAGT,0
CTAAAAAGACAGGATG,0
CTAAAAATCAAAAATG,0
CTAAAAATGGAAGTAA,0
CTAAAACATTAGCTCT,0
CTAAAACGATCGACCA,0
CTAAAACGCACATGCC,0
CTAAAACGTAGTGCCA,0
CTAAAAGCCGCTTATC,0
CTAAAAGCTTATTAAT,0
CTAAAAGCTTCCAGCC,0
CTAAAAGGTCTACAAA,0
CTAAAAGTAAGAAATA,0
CTAAAATAAAGGAAAT,0
CTAAACAATATTTACA,0
CTAAACAGCAAGTTAT,0
CTAAACAGCTCGCATG,0
CTAAACCAACCCACAC,0
CTAAACCAATTCTTAT,0
CTAAACCAGTCCCCAG,0
CTAAACCCATTACCAT,0
CTAAACCGCTGTGGAA,0
CTAAACCTCCCAGAAA,0
CTAAACGACACTACCA,0
CTAAACGTCAACAGTG,0
CTAAACGTGTTCATCT,0
CTAAACTCTCGGTTAA,0
CTAAACTGGGCAGAAA,0
CTAAAGACTATAGAGT,0
CTAAAGGACACCTCGA,0
CTAAATAATGGTCGGT,0
CTAAATACTAATAAAG,0
CTAAATCATAATTTTT,0
CTAAATCCAAAGAGTG,0
CTAAATTAACCCGAGC,0
CTAAATTATAAGGGCT,0
CTAAATTCAAATTATT,0
CTAAATTCAGAGAACC,0
CTAAATTGCCAACACT,0
CTAAATTTCGTGAATA,0
CTAACAAAACAGGTAG,0
CTAACACAATGGACGG,0
CTAACACCAACTAATT,0
CTAACAGAGAAAAGAA,0
CTAACATAAAAAACGC,0
CTAACATTAAAAAGTT,0
CTAACCATACTCTATC,0
CTAACCCATTACCAAA,0
CTAACGAGAACGTTAA,0
CTAACGATTTGAGTTA,0
CTAACTCCAAGCGAAT,0
CTAACTCCAGGAGACT,0
CTAACTGAGGCAAATC,0
CTAACTGATTTATGAT,0
CTAAGAACATACGAGA,0
CTAAGACAGTCTAGCA,0
CTAAGCGACGAACAGG,0
CTAAGCGCGACGGTCT,0
CTAAGCTAGAATAATC,0
CTAAGGCAGCAATGAA,0
CTAAGGCTTGCCGTTT,0
CTAAGGGCCACATTCA,0
CTAAGTCCAAGTAACG,0
CTAATAAACGGCATGT,0
CTAATAATGGATCAAG,0
CTAATAGGGTCACCAA,0
CTAATATTAATGTAAT,0
CTAATCAACACCTGGG,0
CTAATCACAAACGCAA,0
CTAATCCACGGACCTT,0
CTAATCCTAGAAGTAA,0
CTAATCGCGGACAGTC,0
CTAATGACAGTAAAAA,0
CTAATGATAACTCTTG,0
CTAATGCTCATTCATA,0
CTAATTAAAAGAAATA,0
CTAATTATAGCAACCC,0
CTAATTCAGAATGGGA,0
CTAATTCCATAAAAAG,0
CTAATTGAAAAGCATA,0
CTAATTTAGGACACGA,0
CTAATTTTTCAATCAA,0
CTACAAAATAAAGAAT,0
CTACAAAGAAAGGAAA,0
CTACAACGCCTGAAAT,0
CTACAATAGAACAACC,0
CTACAATCGAACACGG,0
CTACACAGTCCTGAAG,0
CTACACCATATCCTAA,0
CTACACCGTATAGTAC,0
CTACACGTACCCTTAA,0
CTACACGTGTCACAAC,0
CTACAGCATCGGGGAA,0
CTACAGCTATAGTCAC,0
CTACAGGTCCCACTGC,0
CTACAGTAATAGAATC,0
CTACATAAACTCAATT,0
CTACATAATCTTTAAA,0
CTACATCGACCCTACT,0
CTACATGCATTTCAGA,0
CTACCAACAGGAGAAG,0
CTACCATAAGAAGCAA,0
CTACCCTAAGACGGAA,0
CTACCGAGGACATAAG,0
CTACCTACATCGCATT,0
CTACCTTATCTACCGG,0
CTACCTTGTTTGTGCT,0
CTACCTTTGGCAGCTG,0
CTACGAAAAGATATGA,0
CTACGAAAATCGTATC,0
CTACGAAGTACCACAT,0
CTACGAATCTAAAGTT,0
CTACGCCGCATACGAT,0
CTACGGTCACACGACC,0
CTACGTCCTGCATAAG,0
CTACGTGCGCTTTTCA,0
CTACTAACGACTGGTA,0
CTACTACATGAACAGA,0
CTACTACTCTAAAGGA,0
CTACTACTTCGCAGAT,0
CTACTAGACAAATTTA,0
CTACTCATTATCATTT,0
CTACTCGAGTAGGAGT,0
CTACTGAAAGGATGCA,0
CTACTGATACTTATTA,0
CTACTGCACCCTTGTG,0
CTACTGCGTCATTCGG,0
CTACTGGGAACAAACT,0
CTACTTCAACATTTCT,0
CTACTTCACGCTTCCC,0
CTACTTCGTTGACGGC,0
CTACTTGATTACACTT,0
CTACTTTACTCCTAGA,0
CTAGAAAGCCTCGGTA,0
CTAGAACAAAGCGATG,0
CTAGAACAGTTAGCAT,0
CTAGAACTTTTAGCTA,0
CTAGAAGTAACTTGAT,0
CTAGACAAGAAATGGC,0
CTAGACACATAGTCGT,0
CTAGACAGATCTTGCT,0
CTAGACCCCTAAAGGT,0
CTAGACCGGATTCTCC,0
CTAGACGCAAGCGCTA,0
CTAGACGCAAGTTTGC,0
CTAGACGGAATCCCGC,0
CTAGACGTAAGCTGCG,0
CTAGACGTTAGGGGCG,0
CTAGAGAAACCACTTT,0
CTAGAGAATGAGTGTA,0
CTAGAGCCGAATACTT,0
CTAGAGCTAAGAGTCG,0
CTAGAGTGGATATACA,0
CTAGAGTTTTACTTTG,0
CTAGATAACAGCAGCA,0
CTAGATATGAAAACGT,0
CTAGCAAACGCTAGAG,0
CTAGCAATATTTGAAA,0
CTAGCACACTTAAATA,0
CTAGCATAGGTTCCTA,0
CTAGCCAAATTCTTAG,0
CTAGCCAGTATCTGGA,0
CTAGCCATTATAATTG,0
CTAGCCCGGATCAAAC,0
CTAGCGACAGTCCTAA,0
CTAGCGATTTCTTCGT,0
CTAGCGCAGATTCCAA,0
CTAGCTCGGAAAATAT,0
CTAGCTTAAACTTGAC,0
CTAGCTTTAAATCATG,0
CTAGGAACAGACCCCA,0
CTAGGAAGTACTGTTC,0
CTAGGACACTTATTCA,0
CTAGGATACGCAAGAT,0
CTAGGCACCTAACCCA,0
CTAGGCGATTCAATTC,0
CTAGGCGTTAGACACT,0
CTAGGCTGATATGCAG,0
CTAGGTAAGTGGACTT,0
CTAGGTAGATACTGAT,0
CTAGTAAGAAGTACCT,0
CTAGTACAAAATCCAG,0
CTAGTACAAGGGAGTG,0
CTAGTAGAAAAAAAAC,0
CTAGTATTATTAACAC,0
CTAGTCTGCCAAATGA,0
CTAGTGGCGATTAATA,0
CTAGTGTATTAAGTCC,0
CTAGTTGAGAGAATAT,0
CTATAAAAAAAAGTAC,0
CTATAAAATAACTACC,0
CTATAAACACAGACCA,0
CTATAAACAGTGCAGA,0
CTATAACTCACTCTTA,0
CTATAAGTGATTAGGG,0
CTATAATACCGAATAC,0
CTATAATCCTCGAAGA,0
CTATAATGGGCCCCTC,0
CTATAATTGGGTAGCT,0
CTATACACTAATCCTA,0
CTATACAGATTGTAAT,0
CTATACCACCTGTCAC,0
CTATACCAGATCCACC,0
CTATACCATTACATTA,0
CTATACCCGGGATAAT,0
CTATAGAAATAAAAGC,0
CTATATACATCCGTGA,0
CTATATATGCTAGCAG,0
CTATATCAATACACCC,0
CTATATCACAATTGAC,0
CTATATCCGGTATCAT,0
CTATCAAGACTCCGTA,0
CTATCAAGCCATCCAC,0
CTATCAGCCAGGTATG,0
CTATCATGCCTGCAAT,0
CTATCATTGAGTATAT,0
CTATCCCTTCGGTCGC,0
CTATCCGAGCCGTAAT,0
CTATCCGTAAAGCATG,0
CTATCGATACCTTGAT,0
CTATCGCATACTCGGA,0
CTATCGCATACTCGGG,0
CTATCTAAGATGTGTA,0
CTATCTCATCGTTGTA,0
CTATCTGTTTAGAATA,0
CTATCTTATGACGAGA,0
CTATGAACTAATCCCA,0
CTATGAATCAAAACTA,0
CTATGACAAAAACATT,0
CTATGACCAACGATGA,0
CTATGACGAAACAACC,0
CTATGATAAGCACTCA,0
CTATGCAAAAATATTT,0
CTATGGACTTCTAAGA,0
CTATGGATCAAATTCT,0
CTATGTAACAAAAAAT,0
CTATGTATTCCTATCA,0
CTATGTCAGCATTGAC,0
CTATGTCGACTAAACA,0
CTATGTGACTAAAACT,0
CTATGTTCAGAGTGAT,0
CTATTAAAAAAAAAAG,0
CTATTAAAAAGCTAGA,0
CTATTAAAATTATATC,0
CTATTAACTAATATAG,0
CTATTAGCCGACCACG,0
CTATTATCATTATTAT,0
CTATTCAATATAGGTA,0
CTATTCATAAAAAAAA,0
CTATTCTCCATTTAGA,0
CTATTGTCACAGATGT,0
CTATTGTTGAGAGCTA,0
CTATTTACCCAGAAAA,0
CTATTTAGCACCAACT,0
CTATTTCTAACAATTG,0
CTATTTCTACCAAGTC,0
CTATTTCTGTATTTAC,0
CTCAAAAATGGACCAA,0
CTCAAAACAATGCGAC,0
CTCAAAACGTTAAAAC,0
CTCAAACGGATGTTAG,0
CTCAAAGTTCGCGAGT,0
CTCAAATATGCTACTT,0
CTCAACAGATCCTCGG,0
CTCAACATCTCACCCA,0
CTCAACCGCATTGATC,0
CTCAACTCTCACGGAG,0
CTCAACTGCCGCACAC,0
CTCAAGAACATCCTCT,0
CTCAAGCCTTTATCAT,0
CTCAAGGGTCACAATT,0
CTCAAGTAAGTCCTCT,0
CTCAATCGCAAAGATT,0
CTCAATCTCAGCATAT,0
CTCAATGATTGTCTTG,0
CTCACAAAACGATCAT,0
CTCACAAACTCAGAGG,0
CTCACACATATGTAGG,0
CTCACATCACTCAGGG,0
CTCACCACGGTTAGTA,0
CTCACCCTTGTGCATA,0
CTCACCTATAGGACAT,0
CTCACGCATCAAAAAT,0
CTCACTAAATTATTGG,0
CTCACTTGTATTAACG,0
CTCAGCTATAGTTAGT,0
CTCATAACGAATCATA,0
CTCATATCCCTCTGGA,0
CTCATCAAAAACTTGT,0
CTCATCCGAGGTCCAG,0
CTCATCGATCCATTCC,0
CTCATCTGCCAGGTAA,0
CTCATCTTAGCCCATA,0
CTCATGAGTTTCCACA,0
CTCATTCCTCTAAGAC,0
CTCATTTTACTGCAGT,0
CTCCAACACAAAAAAT,0
CTCCACAAAGATCAAT,0
CTCCACACGCAGCTAC,0
CTCCACGCTGAAAGTT,0
CTCCACTTAATTTTAA,0
CTCCATAAATCGCCAA,0
CTCCATAAGAACAAAA,0
CTCCATCCTAACCGCG,0
CTCCATGATTTATCCA,0
CTCCATTCCTGAAATA,0
CTCCATTCTACACTGT,0
CTCCATTTTAATCCAA,0
CTCCCAAGCAACGTGC,0
CTCCCACCAGGCGATA,0
CTCCCATATTAGTATA,0
CTCCCATATTTACAAA,0
CTCCCCCGACAGGGGC,0
CTCCCCGACGAGCACA,0
CTCCCCTATTACTCAA,0
CTCCGAACCAATCAAT,0
CTCCGCAATGCGGAAT,0
CTCCGCGACGACTAGG,0
CTCCGCTTAACCTCAT,0
CTCCGGGTGCTGAAAA,0
CTCCGTATTTCTTATT,0
CTCCGTTAACACGAGG,0
CTCCTATTAAGGTCGA,0
CTCCTCACAGAAAATA,0
CTCCTCAGCTCATCAC,0
CTCCTCATTTGCGATT,0
CTCCTCCGTACCGGTC,0
CTCCTCGGTGATATAA,0
CTCCTGCAATTCCACA,0
CTCCTTAAACGCAAAA,0
CTCCTTCAACCCAGAA,0
CTCGAAGAAGTTTCCC,0
CTCGAAGACCTCAATG,0
CTCGAATGGTCTGTCT,0
CTCGAATTGAATCCAA,0
CTCGAATTTATACTTG,0
CTCGACAAACCATTGT,0
CTCGACAGAAGGGACG,0
CTCGACATTATTAAGG,0
CTCGACGACAGTGCCC,0
CTCGACTAAATAGATA,0
CTCGACTAATTTATAC,0
CTCGAGCTTTTTTAAA,0
CTCGATATATGTTATA,0
CTCGATGTTGCGATTA,0
CTCGATTAAACAAGTG,0
CTCGCCACACTAGGTG,0
CTCGCCATCAAAGTGA,0
CTCGCCATCAGCAACC,0
CTCGCCCTCCCAGTTA,0
CTCGCTAGAATATCTT,0
CTCGCTGACGCTTATG,0
CTCGCTTACCGTAGCT,0
CTCGCTTACGAAAAGG,0
CTCGCTTGTTTTACCC,0
CTCGGCACTTGCCCCA,0
CTCGGCCGCGATACGC,0
CTCGGGAACCGTCTAA,0
CTCGTAAGGCAAAATA,0
CTCGTACAATAAGGAC,0
CTCGTACTTGCACAAG,0
CTCGTATGCGTGCTAC,0
CTCTAAACACACTTAA,0
CTCTAAACAGCGATCA,0
CTCTAATGTCGACCCA,0
CTCTAATTGTACAATG,0
CTCTACAACGATTAGA,0
CTCTACAAGAATCCGT,0
CTCTACGTATATGCCT,0
CTCTAGCATTAACCTA,0
CTCTAGCCCGTCAAAG,0
CTCTAGCCTTACGTTT,0
CTCTAGTTCTAGACGC,0
CTCTATATAAGTATGA,0
CTCTCACGACCCCTCC,0
CTCTCAGATATAAGAC,0
CTCTCATATCTTTTCA,0
CTCTCATCATAATCCG,0
CTCTCCCTGAGACAAC,0
CTCTCCGATCATCAGA,0
CTCTCCGTAGATCTAT,0
CTCTCCGTTCAATCAA,0
CTCTCTCCATGCACTA,0
CTCTCTGTATCTGATA,0
CTCTCTTTTCGGGAGC,0
CTCTGAAGATACAAAA,0
CTCTGAGACCCAACCA,0
CTCTGAGGAAGTAAGA,0
CTCTGCCTTACAAATC,0
CTCTGGACTAAAGCGA,0
CTCTGTATTTTTAGGA,0
CTCTGTCATAGCTGCA,0
CTCTGTCCATAGATAT,0
CTCTTAAAAATATAAA,0
CTCTTAAAGCTCATAA,0
CTCTTAAGCTGCATAT,0
CTCTTATTGTCCCAGA,0
CTCTTCCAATCCATAG,0
CTCTTTACTGGGAAAC,0
CTGAAACAAAGACTAC,0
CTGAAACACAAATTCC,0
CTGAAACGTACAACAG,0
CTGAAACTGGTGTTAT,0
CTGAAAGTATATTGTG,0
CTGAAATAGCTCCGAT,0
CTGAACAAAACACAAA,0
CTGAACAGATTGACCG,0
CTGAACCGTAGTAAAA,0
CTGAACGAAAGCATAA,0
CTGAACTGTCATTACC,0
CTGAAGGAGCACGTGG,0
CTGAAGTATAAGCAGA,0
CTGAATAAATAAGGGT,0
CTGAATAATTTTCCGA,0
CTGAATCGTCTCTTTA,0
CTGAATGTGCCAGATC,0
CTGAATGTTGTTCACC,0
CTGAATTGACAAAACT,0
CTGACAAAAAGTAATC,0
CTGACAACTAGTGAAA,0
CTGACAAGATCCACCA,0
CTGACAATGACCGATG,0
CTGACAGTAGCTGTAG,0
CTGACATAGCAAATGG,0
CTGACCCAATTATACT,0
CTGACCGACACCAGGG,0
CTGACGAATGAACGGA,0
CTGACGTGTAAACGCA,0
CTGACTACAGCATAGT,0
CTGACTAGATAAGTTG,0
CTGACTCCCCATTCAG,0
CTGACTGTTGCACAAA,0
CTGAGAAAATCGCCTA,0
CTGAGACCGTGGTCCC,0
CTGAGACGACGAAATA,0
CTGAGAGGCTGAACCG,0
CTGAGAGGGTGTGTAC,0
CTGAGCCACCTACCAA,0
CTGAGCCCCCTAAAAG,0
CTGAGGATAAAGTAGA,0
CTGAGGGCATATTAAG,0
CTGAGGTATATATCCT,0
CTGAGTAGCCCTACAA,0
CTGAGTTGACAAAAAA,0
CTGATAACTGGAGAAA,0
CTGATAGGTAAATAGA,0
CTGATATTCCATTAAC,0
CTGATGAAAGAAGAAC,0
CTGATGCAACACTAGG,0
CTGATGCAGAGTTCCA,0
CTGATTCGACTTCCAC,0
CTGCAAAAAATAAACC,0
CTGCAAAAGCCAGGTC,0
CTGCAAGACACATCGG,0
CTGCAATGTTTATGAG,0
CTGCACATATCCAACA,0
CTGCACGACTGACAAA,0
CTGCAGAAAAGACGAT,0
CTGCAGTAATTAGGTG,0
CTGCATAAACTCGCTC,0
CTGCCACGATAAAAAA,0
CTGCCGAACGACATGG,0
CTGCCGCGAATGGATC,0
CTGCCGTATACAATCG,0
CTGCCTGTTTGGAGGG,0
CTGCGAAATGACAAAA,0
CTGCGCTTGGCCAGGC,0
CTGCGGTATTCCCGAG,0
CTGCGTCTGAAAACAT,0
CTGCGTTAGATATTGG,0
CTGCTAATCAAAGATG,0
CTGCTACATAGACGGC,0
CTGCTACCTTCAGCCT,0
CTGCTGACAGCTCTAC,0
CTGCTGACTTACCGCA,0
CTGCTGAGAGTGACAA,0
CTGCTGGCACGAAGGT,0
CTGGAACGTATTAATA,0
CTGGAATAAAAAATTT,0
CTGGAATCCACAGCGC,0
CTGGAATTAATGATCA,0
CTGGAATTGCGACTTC,0
CTGGACACAACAACAT,0
CTGGACCCCTGACAAT,0
CTGGAGTCTATGTAAG,0
CTGGATAAAATGGAAA,0
CTGGCAAACAACAATG,0
CTGGCACTCTAAATAA,0
CTGGCCAACGTTGCAC,0
CTGGCCCTGGTTAGTC,0
CTGGCCGACCGGAACT,0
CTGGCGAAACATTTTA,0
CTGGCTTTTGTCCAAC,0
CTGGGAGAGACGCCAA,0
CTGGGGGTGATCGATA,0
CTGGTACCTATTAAAT,0
CTGGTCCAAAGAACAC,0
CTGGTGGGTCCAATAA,0
CTGGTTAAATAATCAA,0
CTGGTTAGCCACCCGC,0
CTGGTTATAAACGAAC,0
CTGGTTCTGGACCGAT,0
CTGTAAATACTAGTAA,0
CTGTAATCAAGCCGCA,0
CTGTACATTAAATGAT,0
CTGTAGAAACGGCTCA,0
CTGTATACGAGGTGTA,0
CTGTATATGTCCTAAC,0
CTGTATTTTTGTGGGT,0
CTGTCAAAATCGTCGG,0
CTGTCACCGATACTGT,0
CTGTCACCTCACGCCC,0
CTGTCAGATGTGGCTA,0
CTGTCATCTGATAAAT,0
CTGTCCCAGGATGCGA,0
CTGTCCCCCGATCCAA,0
CTGTCGGATCCATAAA,0
CTGTGAACTAAGCGGG,0
CTGTGACAAGTTGAAA,0
CTGTGATCAACACAGT,0
CTGTGATTCCCTAAAT,0
CTGTGCCCGGTGGGCA,0
CTGTGCTGAAGACGAA,0
CTGTGGCAGCCCCGAT,0
CTGTGGGAATAGCGAA,0
CTGTGTTAAAACTTAA,0
CTGTGTTGATAAAAAA,0
CTGTTAATAGGAGCTT,0
CTGTTACACTTGGGTT,0
CTGTTCATACTGTGAA,0
CTGTTGCGTCCCTCGA,0
CTGTTGCTATGCAAGT,0
CTGTTTAGTTTGCTAC,0
CTGTTTCATAAGCGTA,0
CTGTTTCGCAATTAGA,0
CTGTTTGTACAACGAA,0
CTGTTTTAATTACAAA,0
CTTAAAAACAGAACAC,0
CTTAAAAACCGTCACG,0
CTTAAAATAATTGATT,0
CTTAAAATATAAACTA,0
CTTAAACAAAGCATCG,0
CTTAAACCGAACTATA,0
CTTAAACTCCTATACT,0
CTTAAATATACGTTTT,0
CTTAACACAAGTTAAA,0
CTTAACACGTAAAGCG,0
CTTAACTAAAGGAGGG,0
CTTAAGAAACCAGTAA,0
CTTAAGATGTTGGGAA,0
CTTAAGCCCACCCTTC,0
CTTAAGCCTTACACGC,0
CTTAAGCTGCCTCCTG,0
CTTAAGGAAAAATTCT,0
CTTAAGTCGATCTAAA,0
CTTAATAAACCAAATC,0
CTTAATCTACGACAAG,0
CTTAATGGGGTCCCCA,0
CTTACAAATGCCCCTC,0
CTTACAGAGTTACATA,0
CTTACAGGATTCAGTC,0
CTTACATCTACTAAGT,0
CTTACATTAAGACATT,0
CTTACCATAATATTGA,0
CTTACCCCAGGTACGA,0
CTTACCCCGGGAGAAG,0
CTTACCGTGGTTCCAA,0
CTTACGCAACTCGGCG,0
CTTACGCTATTACACT,0
CTTACTACATAATCGA,0
CTTACTGTAACATTTT,0
CTTAGAAAGACCATGA,0
CTTAGACGTGAAGAAT,0
CTTAGATACATATTTA,0
CTTAGATCCCTTACCT,0
CTTAGATGCCATACCA,0
CTTAGGGTACTTCGAT,0
CTTAGGTGTTAAAATT,0
CTTAGTAACAAAAGCT,0
CTTAGTACCCTAATAC,0
CTTAGTCACGGTAATG,0
CTTAGTGAGGATTTTC,0
CTTAGTTCAAGAAGTT,0
CTTATAACATCCTCGA,0
CTTATCAAGCACATAA,0
CTTATCGAATTACGCA,0
CTTATCGCTTGATATT,0
CTTATCTACTATAGCT,0
CTTATCTTAACCTACT,0
CTTATGCAAGCAACCC,0
CTTATGCATAGGAAAG,0
CTTATGTTGAAATTAC,0
CTTATTAAGAAAAAAC,0
CTTATTCATCGATACA,0
CTTATTCCTCTCACTC,0
CTTCAACACAACGGGT,0
CTTCACAAACTGTTTT,0
CTTCACTACGAAGTCC,0
CTTCAGACATTGGTAA,0
CTTCAGGAAAAATCCA,0
CTTCAGGCGATGCACA,0
CTTCAGTCCAGGTCAT,0
CTTCAGTGACCTGAAT,0
CTTCATACTTCGTATA,0
CTTCATATCCGCCCAA,0
CTTCATCGTTTGCGAG,0
CTTCATGCTTCCTAAC,0
CTTCATTCCAACGCTA,0
CTTCATTCTGGCTTCA,0
CTTCCAGATTGCTATG,0
CTTCCAGGAAATAACG,0
CTTCCCAACCTTGCTT,0
CTTCCCCCCGATCCAG,0
CTTCCGCCTATAGTTA,0
CTTCCGTACAAACCCA,0
CTTCCGTTAAATAAGC,0
CTTCCTCGGGTTCTCG,0
CTTCGAAAAAGTCAGA,0
CTTCGACCGGACGTGC,0
CTTCGAGCAGTCAAGC,0
CTTCGATAAATTTTGC,0
CTTCGATTGCAAACAC,0
CTTCGCAGATAGTACG,0
CTTCGCAGATATGAAA,0
CTTCGCGAGCAAACCC,0
CTTCGTGCATACCATG,0
CTTCTAAACAGCAGGC,0
CTTCTCACATAGAATT,0
CTTCTCATATCGCTCT,0
CTTCTCCTCTATCGCA,0
CTTCTCGAAACCCAGA,0
CTTCTCGGATCCACAG,0
CTTCTGGTAGCACTGA,0
CTTCTTAGTCACTCAT,0
CTTCTTGATAGCCGAC,0
CTTCTTTAACCTGCGG,0
CTTGAAAGATTCAAAA,0
CTTGAAGAGAGTAAAA,0
CTTGAATATTAAGCGT,0
CTTGAATCAACGGCCG,0
CTTGAATTCGTACTTA,0
CTTGACCTTATTCAGA,0
CTTGACGAAAACATCA,0
CTTGAGAATCCTGTGA,0
CTTGAGTAAGATCCAG,0
CTTGATAACCGGTTAC,0
CTTGATATCCTCGCAT,0
CTTGATCCCAATAACC,0
CTTGATGCCTAGTTTA,0
CTTGATGCTCCAGAGC,0
CTTGCAAGTAGTTTAT,0
CTTGCACCAAAACCAC,0
CTTGCACTCACACTCC,0
CTTGCATGACGAATCA,0
CTTGCCACGCAGAATG,0
CTTGCCGCATTGGTCA,0
CTTGCTAATTTCCTTA,0
CTTGCTGTTCAAGACA,0
CTTGGAAACTCCTCCT,0
CTTGGAAGGAATTTGT,0
CTTGGATAATCTCATT,0
CTTGGCATGTCATCTT,0
CTTGGCATTTGTGGGG,0
CTTGGGTGCAAGTTAT,0
CTTGGTTCGGCAGCAC,0
CTTGTAACTATCCTAT,0
CTTGTATAAGACGGAG,0
CTTGTATGAGACAGGA,0
CTTGTCTACTTGATAA,0
CTTGTGTAAAAGTGAC,0
CTTGTTAACCCAGAAA,0
CTTGTTAGCACACTTG,0
CTTGTTCCAAGAGGCG,0
CTTGTTCCGTCAAACA,0
CTTGTTTACATATCCA,0
CTTGTTTGACAATGTC,0
CTTTAAAGGAGCTTTA,0
CTTTAAGGTTCAACTC,0
CTTTACATCACTTACG,0
CTTTACCACCAAGTAA,0
CTTTACGCGTCGTACT,0
CTTTACTCTTCGAATA,0
CTTTAGAAAAAGGCAA,0
CTTTATCCATCTGGGA,0
CTTTATTCGAATTCGT,0
CTTTCAACCTCGAACA,0
CTTTCAATCCGTAACC,0
CTTTCATCTCGAAGTG,0
CTTTCCCAGCGTCCCA,0
CTTTCCCCAACCCGTG,0
CTTTCCCTCGCTATCA,0
CTTTCGGCCAGATAGC,0
CTTTCGGGACCAATTA,0
CTTTCTACGCATAAAT,0
CTTTCTAGCCTTTGAC,0
CTTTCTTGACACATAG,0
CTTTGACAGACCCAAT,0
CTTTGACTGTAAAAAT,0
CTTTGATATAAAACCA,0
CTTTGATATAATCTTC,0
CTTTGATATTATGCCC,0
CTTTGATCATGTGCGG,0
CTTTGCCCATTTGATC,0
CTTTGCCTATGGCCGC,0
CTTTGCGCGACACGGC,0
CTTTGTAAACTAGAGT,0
CTTTGTATTCCGAAGA,0
CTTTGTCCATGCAGCA,0
CTTTTAAATAACTATT,0
CTTTTAAATTACATCG,0
CTTTTATATTTTCCTT,0
CTTTTCAATGGTAAAG,0
CTTTTCCCTATGAGTT,0
CTTTTCGCACGTCGAG,0
CTTTTTACGCTGTTTT,0
CTTTTTTCAAAACCAC,0
CTTTTTTCTGAATGCG,0
GAAAAAAAATCATATA,0
GAAAAAAACCCGCAGG,0
GAAAAAAAGATGAGTC,0
GAAAAAAAGCCCACCA,0
GAAAAAAGGATACACA,0
GAAAAAATAAAAAAAT,0
GAAAAAATATCAAAGC,0
GAAAAACAACAATGGC,0
GAAAAACATCAACTAC,0
GAAAAACATGAGCCCA,0
GAAAAACCGCAGAACA,0
GAAAAACGGGTTTTGA,0
GAAAAACTCGCTGGGA,0
GAAAAAGAGTCACTAA,0
GAAAAAGCTCCCGTGT,0
GAAAAAGCTTCAAAGA,0
GAAAAAGTACGAAATA,0
GAAAAATACGAAGGAG,0
GAAAAATAGAAAACAA,0
GAAAAATCATAAAAAG,0
GAAAAATCCACACTGC,0
GAAAAATCCAGAATGA,0
GAAAAATGAGAGATCT,0
GAAAAATTATCATTTA,0
GAAAACAAAACAAACA,0
GAAAACAAACTACATC,0
GAAAACAAGCATCACT,0
GAAAACACATGTGATC,0
GAAAACACCCATGTTA,0
GAAAACACGGGGTAGC,0
GAAAACAGACCCAAAC,0
GAAAACAGAGTGCGGT,0
GAAAACATAAAATAGT,0
GAAAACCCCTCACACC,0
GAAAACGCCGTTTACA,0
GAAAACGCTTAAGAAA,0
GAAAACTACAGAGGCT,0
GAAAACTAGTAAGAAT,0
GAAAACTATAAAAGTA,0
GAAAACTGTAAAATGG,0
GAAAACTGTAACAAAT,0
GAAAAGAAATCCAGAT,0
GAAAAGAACGAACACA,0
GAAAAGAACGGATATG,0
GAAAAGAACTAACTGT,0
GAAAAGAATCGAAAAC,0
GAAAAGACGATCTAAA,0
GAAAAGATAGTAGATA,0
GAAAAGCCAGATCACT,0
GAAAAGCGCATACAGT,0
GAAAAGCTTCATAACC,0
GAAAAGGGCGTGAATA,0
GAAAAGTCCCACGTAC,0
GAAAAGTCGCCACCCC,0
GAAAAGTGTAACTCGC,0
GAAAATAAAACAGAAC,0
GAAAATAACTGAGACC,0
GAAAATACAAGTACAG,0
GAAAATAGATATCACG,0
GAAAATATAATAAAAA,0
GAAAATCACGCGTAGC,0
GAAAATCGGATCTTAT,0
GAAAATCTCATTCCGG,0
GAAAATGACTAGTAAG,0
GAAAATTCTCCAATTT,0
GAAAATTTTGCATGGT,0
GAAACAAAATCAAAAA,0
GAAACAAACTGTAAGC,0
GAAACAAAGAATGATC,0
GAAACAAAGCACCCCT,0
GAAACAAATATTTTAA,0
GAAACAACTAGAATAA,0
GAAACAATACGAACAA,0
GAAACAATATTCAACA,0
GAAACACACTAACTAG,0
GAAACACACTGCATTA,0
GAAACAGCCTCCCTCT,0
GAAACAGTAGCATAAC,0
GAAACATTTCCCTAGT,0
GAAACCAGTAAATCAA,0
GAAACCCTACTAAGAC,0
GAAACCGCGATCAAGC,0
GAAACCGGACCTCTTC,0
GAAACCTATATTAAGC,0
GAAACCTGATAAATCC,0
GAAACGACCTTACACG,0
GAAACGATTAGTCAAC,0
GAAACGGCCAGAAAAG,0
GAAACGGCTATGGACT,0
GAAACGGGAACCTTAA,0
GAAACGGGTCTATCAT,0
GAAACGGGTTTTTAAA,0
GAAACGTACTTATAAA,0
GAAACGTAGGTCCTTG,0
GAAACTATATCTGTGC,0
GAAACTGAGATGCCAG,0
GAAACTGGGGTGCACT,0
GAAACTTAATAGACAA,0
GAAACTTGCTTTTCTG,0
GAAAGAAAAGTAAACC,0
GAAAGAAATTACACTA,0
GAAAGAACATCATTCT,0
GAAAGACATCCGTACA,0
GAAAGACCTTCTATAA,0
GAAAGACTATATGAAA,0
GAAAGATAAATCACCA,0
GAAAGATGTCTTGCCT,0
GAAAGATTTCAAACCA,0
GAAAGCACTAAGATTA,0
GAAAGCATATCCCCAA,0
GAAAGCCAGATACTTG,0
GAAAGCGCAGATTGGC,0
GAAAGCTAACAATCGG,0
GAAAGGGTATACCCTA,0
GAAAGGTCACCAAACA,0
GAAAGTAAAAGCTCGC,0
GAAAGTAGGACGGTAT,0
GAAAGTCTCAGTTACG,0
GAAAGTGACGAATGAT,0
GAAAGTGAGGGGGTAC,0
GAAAGTTCTGATAATA,0
GAAAGTTTCGCCTTTA,0
GAAATAAAAATAGGTT,0
GAAATAAGCAAACTAA,0
GAAATAAGTTAATTAG,0
GAAATAATTATACTTA,0
GAAATACAGATGGATG,0
GAAATACATGCATTAA,0
GAAATAGGTCTTAAAG,0
GAAATAGTCGAGTAAC,0
GAAATATCATGGCATT,0
GAAATATCCTTAACAC,0
GAAATATGCGAGATGT,0
GAAATATGGACTGGTA,0
GAAATATTCCTTCCCA,0
GAAATCAAAACAAATC,0
GAAATCACTCTCTTTA,0
GAAATCAGAAATAGCA,0
GAAATCAGTCACAAAA,0
GAAATCGAATTCTGGG,0
GAAATCGGAGTACAAT,0
GAAATCGGCAAATCAG,0
GAAATCGGCACACAAC,0
GAAATCTCGTGATACT,0
GAAATCTGCCACGATC,0
GAAATCTTATGACCCG,0
GAAATGAACTATTATG,0
GAAATGAGATATCACC,0
GAAATGATAGGACCGC,0
GAAATGATAGTATAGG,0
GAAATGCGAAAAGGTA,0
GAAATGCGAATTAGTA,0
GAAATGGGACATTAAC,0
GAAATGTAATTACATA,0
GAAATGTATGGTACGA,0
GAAATTAATTCGCTTA,0
GAAATTCATCACAGAA,0
GAAATTCATCCTAAAC,0
GAAATTGATTCTTCAC,0
GAAATTGGATGCCGTG,0
GAAATTTAAACTAAAA,0
GAACAACACGATTATT,0
GAACAACTGACCTTGG,0
GAACAAGAATATCGTC,0
GAACAAGTTACATGCA,0
GAACAATGAACCTATA,0
GAACAATTTGAAAAAA,0
GAACACAATAGCAAGA,0
GAACACATCTAAAAGT,0
GAACACCCTATCGAAT,0
GAACACCCTTTTATAT,0
GAACACCGCTGCACCT,0
GAACACCTTGATGTAA,0
GAACACTCTATCATAT,0
GAACACTCTGTGGTCT,0
GAACACTGTAGGAGAC,0
GAACACTGTTCTTATT,0
GAACAGGTATCTAGAC,0
GAACAGTTAACAAAAG,0
GAACAGTTGGAGGACT,0
GAACATAAAAACAGTA,0
GAACATAGTAGGATAG,0
GAACATCAATTGGAAA,0
GAACATCTCACGGTAA,0
GAACATCTTTCTAGTA,0
GAACATGAACGCGATA,0
GAACATGAGAACTTGA,0
GAACATGGGCTGCTCC,0
GAACATGTCTAGTGCC,0
GAACATTGGGCCTAAG,0
GAACCAAAATCCTTAG,0
GAACCAAAGGCAACAA,0
GAACCAAGTAAAGATA,0
GAACCATAAGGTTTAT,0
GAACCATGAGCAGAGC,0
GAACCCAGTTTATGTG,0
GAACCCATCGAGAACT,0
GAACCCCAACCAGAAT,0
GAACCCCGCAACGTAA,0
GAACCCCTTTAACATT,0
GAACCCTTGAAAGTCA,0
GAACCGCTCGCAAGCT,0
GAACCGGTATTATATC,0
GAACCGTAAGTTAACA,0
GAACCGTGAGCTATGC,0
GAACCTAGAGGATAAG,0
GAACCTCTCGCGAACA,0
GAACGAAACGAAAGAC,0
GAACGAAATCATAATG,0
GAACGAACAAGTAATG,0
GAACGATGAAGAAGTT,0
GAACGCAAGTGACTCG,0
GAACGCCAGCAGGATG,0
GAACGCGGGCAAAAGA,0
GAACGCTAAGCAAAAT,0
GAACGCTGACCGTATT,0
GAACGGGAAATGATAC,0
GAACGGGGTAGCCAAT,0
GAACGTATGTGCTGCG,0
GAACGTGCCAGAGGGC,0
GAACGTTATGGAGTCG,0
GAACGTTCCTCATGTT,0
GAACGTTTAGGCGATT,0
GAACGTTTTGAGCTTA,0
GAACTAAAATAGGTAA,0
GAACTAAATGAAGCAG,0
GAACTAAGCACAAACT,0
GAACTAATATATAATT,0
GAACTAATGAGACCAG,0
GAACTAGCTACTCAAT,0
GAACTATACAGTGCCA,0
GAACTATTAAGTAAAC,0
GAACTCAACGAGTAGA,0
GAACTCGATGCAGCAG,0
GAACTGAAAATACACA,0
GAACTGACAAATTGAT,0
GAACTGACGTTGACAC,0
GAACTGGGAAACAATC,0
GAACTTATTCGCTATA,0
GAACTTCAGATCAGTT,0
GAACTTTGCGCGGTTC,0
GAACTTTTATGGTGCG,0
GAAGAAAAAATTTAAC,0
GAAGAAAAACAAACAT,0
GAAGAAAAATATCCTT,0
GAAGAAAACAAAACTG,0
GAAGAAAAGAATGAAG,0
GAAGAAAGTGCAACCG,0
GAAGAAATAAACGCTC,0
GAAGAAGGAGAATACA,0
GAAGAAGTATCATCTA,0
GAAGAATACATTGTCC,0
GAAGAATGAAATTACA,0
GAAGAATTCTAAGAAT,0
GAAGAATTTAGGACTC,0
GAAGACAAATGGAATG,0
GAAGACAATCTACCCG,0
GAAGACAGTGTCAGGC,0
GAAGACCATATACCCT,0
GAAGACCCGTCGCAAA,0
GAAGACCGAAAGCATG,0
GAAGACGTGGATGACG,0
GAAGACTCTGTACCAA,0
GAAGACTGAGATCGGT,0
GAAGAGAACGAATAGC,0
GAAGAGAGAACCGCTA,0
GAAGAGATTCAAGGCT,0
GAAGAGCTAACAACAT,0
GAAGAGGCATAAATAA,0
GAAGAGTACTACTAAT,0
GAAGAGTCAATAAACG,0
GAAGAGTTAAAACCTA,0
GAAGATCAACGACCCA,0
GAAGATCCCATACTCA,0
GAAGATGAAGGCAATT,0
GAAGATGGATAAATTT,0
GAAGATTCCACTTGAA,0
GAAGCAGATTAGTCGA,0
GAAGCAGCTTCCAAGA,0
GAAGCCCAATACCCAG,0
GAAGCCCGAATTAGAG,0
GAAGCCCGCAATAGAA,0
GAAGCCCTTCAACATC,0
GAAGCCTAACACTACC,0
GAAGCGAAATATAGTG,0
GAAGCGAAGGAATAAA,0
GAAGCGACCAATATCT,0
GAAGCTAGTACGCTGC,0
GAAGCTATTAAATAAT,0
GAAGCTATTTAATACA,0
GAAGGAATAATCACTG,0
GAAGGACCACAAAATT,0
GAAGGAGAAAAAAGAC,0
GAAGGCAATTGCCAGA,0
GAAGGCCTAACCGATC,0
GAAGGGCTTGTAATGA,0
GAAGGGGAAACTACGA,0
GAAGGTCCGCGCGCCA,0
GAAGGTGAAAAGAGCA,0
GAAGGTTGAAAGATAT,0
GAAGTAACACGGGACT,0
GAAGTAATTCTGGGCC,0
GAAGTAATTGGTTATA,0
GAAGTACACCACACCG,0
GAAGTACGAAACAAGT,0
GAAGTAGAATCAGATG,0
GAAGTAGGTAGACTTT,0
GAAGTAGGTCTTATAT,0
GAAGTAGTTAAGTATG,0
GAAGTATACAGTAACT,0
GAAGTATACGAACACA,0
GAAGTATATCGTAATA,0
GAAGTATCGTTAAACG,0
GAAGTATCTGCATCAG,0
GAAGTATTCATATGAA,0
GAAGTCCAAAGAAGAT,0
GAAGTCCAAGCTAACC,0
GAAGTCCTACGAAGAC,0
GAAGTCTGTAATAGTC,0
GAAGTGCATCATGAGT,0
GAAGTGCCGAGTGCAA,0
GAAGTGCGTTAGCAAA,0
GAAGTGCGTTCATACC,0
GAAGTGGGTCCCGGCG,0
GAAGTTATTTTCAATG,0
GAAGTTGCGCTATAAA,0
GAAGTTGTAGCTATCA,0
GAAGTTTCAAATACAA,0
GAAGTTTCAACGGTCC,0
GAATAAAAAACTGGGA,0
GAATAAAATAGAATAC,0
GAATAAAATTAAATTG,0
GAATAAAATTAACATA,0
GAATAAATTGTCATAT,0
GAATAACAACTTAGGG,0
GAATAACCAGGAAAGC,0
GAATAAGACACACGTA,0
GAATAAGACATGGGTA,0
GAATAAGAGGCTGAGC,0
GAATAATACATCTCAT,0
GAATAATACTGTGTAG,0
GAATAATCGATCTGGA,0
GAATAATGACTTCCGG,0
GAATAATTATGGCAAT,0
GAATAATTGTTTGACA,0
GAATACACCCAAGATC,0
GAATACCAATCTCAAC,0
GAATACCGCGCTTGGA,0
GAATACGAGAGGACGA,0
GAATACGTAAAAGCTG,0
GAATACTATATCTAAC,0
GAATACTGAATCAAAA,0
GAATAGAATAATGTTA,0
GAATAGACGTAAATGA,0
GAATAGGGGAGCTTAA,0
GAATAGTACGCAACTA,0
GAATAGTGGGTCCTTT,0
GAATATAGCAATGACG,0
GAATATCCTGTTTCGG,0
GAATATGGAGCAATCC,0
GAATATTACCACAAAA,0
GAATATTATTTCTACC,0
GAATATTCCAATCACG,0
GAATATTGTAACTCCC,0
GAATCAAAACAGCAGC,0
GAATCACAGATGTAGG,0
GAATCACTGAATAATT,0
GAATCAGAATACTATG,0
GAATCATACGTCCACT,0
GAATCCAGAAACCGCA,0
GAATCCCATCACCACA,0
GAATCCGACCCACGAG,0
GAATCCGTCTAAATCA,0
GAATCCTCTACGAGCG,0
GAATCGCGGAGAACAG,0
GAATCGCTCACCGATT,0
GAATCGGATTAAGTTC,0
GAATCTAGATTCGGAG,0
GAATCTATTAGCTCAT,0
GAATCTGGGAAACACG,0
GAATGAAACCATAGAG,0
GAATGACACTTATCTA,0
GAATGAGGCGGAAAGG,0
GAATGAGGCTAGTATG,0
GAATGAGTTCGTCAAT,0
GAATGATGTATGGAAA,0
GAATGCAAACAGCAGT,0
GAATGCAAGAACAAAT,0
GAATGCACATGAACTG,0
GAATGCCTAAATGCAG,0
GAATGCCTGCATCTTA,0
GAATGCTGTTAAATCT,0
GAATGGACAGCCATGA,0
GAATGGTAAACCTTAG,0
GAATGTAACCCAAACT,0
GAATGTCCTTTAATAA,0
GAATGTTCTATAAATA,0
GAATTAACGAGTCCTC,0
GAATTAACGCAGTCAT,0
GAATTAATATGTGTAT,0
GAATTACAACGTAGCA,0
GAATTACATACAAAAA,0
GAATTACCGAAGGGAG,0
GAATTAGACCAGCCCC,0
GAATTAGCGACCACGA,0
GAATTATAAAATGAAC,0
GAATTATAAGGTCCAG,0
GAATTCATCCCTATGT,0
GAATTCCATTAGCAAA,0
GAATTCCTTCGAAATA,0
GAATTCTAATTGGTAA,0
GAATTGACTACTTCCG,0
GAATTGGGTGCAAATT,0
GAATTGTAATAAATAT,0
GAATTGTAGTATAAGC,0
GAATTTAACTTTTCCC,0
GAATTTACTATAAGGG,0
GAATTTCATATACTGT,0
GAATTTCCGTTCTAAA,0
GACAAAAACTCCGCAA,0
GACAAAACCTTGACAT,0
GACAAAAGCCAAATCT,0
GACAAAATACCTATAA,0
GACAAACCATGTACTT,0
GACAAACCTCGATCTA,0
GACAAACTCTGGACAA,0
GACAAAGAGAAATTAA,0
GACAAAGCGGAGAAAT,0
GACAAAGTTAAATCAA,0
GACAAATAAGCACATC,0
GACAAATACAATAACC,0
GACAAATTAAAGACGC,0
GACAAATTAACCAATG,0
GACAACAGCCAGTGGA,0
GACAACATTGAGTTAC,0
GACAACGCTCCAGGCA,0
GACAACGTCGATCGAC,0
GACAACTGGATACCAC,0
GACAAGAATTAAGCAA,0
GACAAGACTCTATTTG,0
GACAAGCAATTTAAGA,0
GACAAGGAATTAAGAA,0
GACAAGTTTGTTCATT,0
GACAATAGAGACATCC,0
GACAATAGTTTGATAA,0
GACAATATACGCACGC,0
GACAATATAGTTCGAA,0
GACAATGACTAAATAG,0
GACAATGCACTGATCA,0
GACAATGTGATTCATA,0
GACAATTAGTTAATGG,0
GACACAATAGAGCGTT,0
GACACAGTTTTCTCTC,0
GACACATATCCATTTA,0
GACACATCCTTCCTAT,0
GACACCCTGGTCCAAA,0
GACACGAAAGTTACAA,0
GACACTATGTGTGCGT,0
GACACTGTGCAAAGAA,0
GACACTTCCCTATTCA,0
GACAGAATGGTGAAAC,0
GACAGACGGAGGTGAA,0
GACAGATGTCTAAATG,0
GACAGATTCAAACGGA,0
GACAGCAAGCTGCCAA,0
GACAGCAATACGACGC,0
GACAGCGAGGTATTCG,0
GACAGCTCGCAGAGGA,0
GACAGGAATATAAGAC,0
GACAGGAATTTCATTA,0
GACAGGGCGGACAACC,0
GACAGGTAAAGAAAAA,0
GACAGGTACCCAAAGG,0
GACAGTAGAAATTAAA,0
GACAGTCCAAGTACAA,0
GACAGTCCGACACCAA,0
GACAGTGAAACGAATT,0
GACAGTGAAGCAGATT,0
GACAGTTAAGAATACT,0
GACATACAGTAATCTA,0
GACATACGAGGAAAAG,0
GACATAGAAAATCTCC,0
GACATAGTAGAGGAGT,0
GACATAGTTACCTGTA,0
GACATATAATATGTAA,0
GACATATGGAACAAAC,0
GACATCAGCTAGATTT,0
GACATCCACAGTAACT,0
GACATCCAGGTCTTCC,0
GACATGAACTAATACT,0
GACATGATTAGACAGA,0
GACATGCAGTATCCAG,0
GACATTAGACTGTGCG,0
GACATTATCAATTCCA,0
GACATTCACGAGTGGT,0
GACATTTTGGGGGCTC,0
GACATTTTTTTCTCTT,0
GACCAAACCAAAACTG,0
GACCAAATGGACTATA,0
GACCAACAACAGAGAA,0
GACCAAGATAAGTTTA,0
GACCAAGGGATTCAGC,0
GACCAATCACTCCCGC,0
GACCAATTTCGGATAA,0
GACCACAAATAAAACT,0
GACCACACTAGTAGAG,0
GACCACCAAGTTTAAC,0
GACCAGTCAACACGAA,0
GACCAGTGCCTCCCTC,0
GACCATACATTTACTA,0
GACCATACCCACTTTA,0
GACCATACGCTATCTA,0
GACCATACTTTACGTA,0
GACCATAGGCGTGTCC,0
GACCATATTACATATT,0
GACCATATTTAGCGAG,0
GACCATCGAATGTAAT,0
GACCATTCAATCCGAG,0
GACCATTCACATAGCC,0
GACCCAAAACACACGA,0
GACCCAGCCCCCTCGT,0
GACCCAGTCCCGATAC,0
GACCCAGTGAGGTTTA,0
GACCCATCAAGCCCAA,0
GACCCCCAGTCTAAGA,0
GACCCCCGTCCTGGTA,0
GACCCCGTCCTCCGTT,0
GACCCGTTAATCAAAT,0
GACCCTAAACGAACAA,0
GACCCTCAGGAGGACA,0
GACCGAAAAGAGACAG,0
GACCGAATACTACGTT,0
GACCGCCCTAAACATC,0
GACCGGCCTTGCATAC,0
GACCGTACATCTGATA,0
GACCGTCTATGGCGCT,0
GACCTAAAATCAAATA,0
GACCTAACAATTTGAT,0
GACCTAGACTCAGACT,0
GACCTAGATAACCAGT,0
GACCTAGGAGACAGAC,0
GACCTAGTTAATCTTA,0
GACCTCAGTGCAATAT,0
GACCTGAGGATTGAAC,0
GACCTGATAATTTCAC,0
GACCTGCATCCCCGGA,0
GACCTTACTATGATGG,0
GACCTTACTGCCGATA,0
GACCTTCCAAGGAACA,0
GACCTTTGAGACCGCG,0
GACCTTTTCACCACCC,0
GACGAAAGAAAGAAAA,0
GACGAAAGAGACAATT,0
GACGAAAGGCTTGCCA,0
GACGAAATGGATATCT,0
GACGAAATGTGCTCCT,0
GACGAACAATGTGAAA,0
GACGAACAGGCTACGG,0
GACGAAGTTCACTATT,0
GACGACAAATATACAC,0
GACGACAACGTCTCCC,0
GACGACACAGACTATA,0
GACGACATTTCGGTCA,0
GACGACCAAAATCCCT,0
GACGACGATATGCTTT,0
GACGACTCGCCATTAC,0
GACGAGTAATTTCTGA,0
GACGAGTCTAGCTGCA,0
GACGATAATAAAACGA,0
GACGATAATAGCCAAT,0
GACGATCCCTGCCTCA,0
GACGATGGTGCCCATT,0
GACGCACCTGATCAAA,0
GACGCACTAATACGCG,0
GACGCACTCGGGACCG,0
GACGCACTCTACAAAT,0
GACGCCACGTCCAATT,0
GACGCCGAAGGCGCGA,0
GACGCGTAATAGATAA,0
GACGCGTTTGGATTGT,0
GACGCTACAATTGTAC,0
GACGCTACAGCTCAAA,0
GACGGAATGGCCCCGA,0
GACGGAGAAAATCTGC,0
GACGGAGGGTGTGATC,0
GACGGATAGTATAGTG,0
GACGGCAATTAGTCAC,0
GACGGCCAGGATTAAC,0
GACGGGTACTAGCACT,0
GACGGGTTAGCTTACG,0
GACGGTAGATGTAGTA,0
GACGGTATAGTAGTGT,0
GACGGTATGTCACTTA,0
GACGGTTCAAACACTT,0
GACGTAAAATACAGTT,0
GACGTAATCTTGGAAA,0
GACGTAGTAAAGGACT,0
GACGTAGTAACATCAC,0
GACGTATACAGAGCCA,0
GACGTATTGGAAAACA,0
GACGTCCCAATGCCAC,0
GACGTCTAATCCTTAA,0
GACGTGCGCCAGCGCT,0
GACGTTACTGGAATTG,0
GACTAACAATATAGCG,0
GACTAACACTATAAGG,0
GACTAACCTTTCTAGT,0
GACTAAGAACAGTACG,0
GACTAAGGAAGTGAAG,0
GACTAATAGCATTAGT,0
GACTAATAGGATTCCA,0
GACTAATTTCTCACCG,0
GACTACAAAAAACCTA,0
GACTACATTAAAACAG,0
GACTACGAATACCGAT,0
GACTAGGACTAACACT,0
GACTAGGCACGATAAA,0
GACTAGTTTGACTTTT,0
GACTATAAATATGTAA,0
GACTATACAGACCATA,0
GACTATACTAAGCACA,0
GACTATCAGAGGACAA,0
GACTATCGTACAACTC,0
GACTATGTATACCGCT,0
GACTCAAAAAAGAAGG,0
GACTCAATACCAAGAG,0
GACTCAATTCCAGCCC,0
GACTCACATATTAATA,0
GACTCACTCATGGTGA,0
GACTCCAATCGAGATC,0
GACTCCACGGCTGACA,0
GACTCCAGCCCGCAAC,0
GACTCCCACCCTTGGT,0
GACTCCCCTGACATCC,0
GACTCCCTATTCAGTG,0
GACTCCGAAAGCACTC,0
GACTCGGAGAAAATTG,0
GACTCGTAATCGCATA,0
GACTCTAAATCGTTTC,0
GACTCTATGAATAACA,0
GACTCTCATGTGATTC,0
GACTCTGAGTCTGTTA,0
GACTCTTCTCCACTAA,0
GACTCTTTACGAACCA,0
GACTGAAGTTAGATAG,0
GACTGACAGACGGAAT,0
GACTGACTTTTCTCAA,0
GACTGATACTTTAGCT,0
GACTGATCAAAAAAAG,0
GACTGATCGATAGATT,0
GACTGCACACTGATGA,0
GACTGCTGCTCAGTAG,0
GACTGTACTACCCAAC,0
GACTGTCTCACTAAAA,0
GACTTAACACATTGGC,0
GACTTACATTATGAAA,0
GACTTACCCCATTCAA,0
GACTTAGACCTCCTGA,0
GACTTAGATACAACCC,0
GACTTAGTGGACAAGA,0
GACTTATCATGTACAA,0
GACTTATGATCAGTGA,0
GACTTCATCCACAGAC,0
GACTTCCTTAAAAAAC,0
GACTTCTGAGCCACGA,0
GACTTCTTATCTAATA,0
GACTTGAACGTCCGGG,0
GACTTGAACTAACCAT,0
GACTTGTTAAAAAATC,0
GACTTTAGAGGAATGC,0
GACTTTAGGAACACTG,0
GAGAAAAAACTGTTTA,0
GAGAAAAGACCAACAA,0
GAGAAAATACGTAAAC,0
GAGAAAATTCAGTAGG,0
GAGAAAATTCTTAACA,0
GAGAAAATTTCCCGAC,0
GAGAAACAATTTATAC,0
GAGAAACAGTGAGTGG,0
GAGAAACATGAAACTT,0
GAGAAATCTCACGCGG,0
GAGAACACACAGCAGA,0
GAGAACATGAGGTTTT,0
GAGAACCCTGTTTGGT,0
GAGAACCTGATACTCA,0
GAGAACGATACATCAA,0
GAGAAGAACCTGCTGA,0
GAGAAGAAGGATCTCT,0
GAGAAGAATTTTTAGT,0
GAGAAGCGTTTTGTAG,0
GAGAAGTATACGCACC,0
GAGAAGTGATAACTAA,0
GAGAATAGTAGAAAAC,0
GAGAATATAAAGGATA,0
GAGAATATAGTTACCC,0
GAGAATCAAGAGTACG,0
GAGAATGAATGTCTGA,0
GAGAATGCCCCGCGAA,0
GAGACAACCAGATTTG,0
GAGACAACTTATAAAG,0
GAGACAATAAATAATG,0
GAGACACACGTCACGA,0
GAGACACGTAAAGGCA,0
GAGACAGACCGCCCAA,0
GAGACAGCTGGGATTG,0
GAGACAGGCAGAATAT,0
GAGACAGGGCTCAAGT,0
GAGACATCAATCAAGA,0
GAGACATCTTGCCGAG,0
GAGACCAAGAACATTA,0
GAGACCAAGAAGACAA,0
GAGACCAAGTGGAAGA,0
GAGACCCGTCATACCC,0
GAGACGGGACGGTAAT,0
GAGACGTAAATAAAAA,0
GAGACGTTTCATCAAT,0
GAGACTAAGGTAACAA,0
GAGACTCATGACGATC,0
GAGACTGACTCGAACC,0
GAGACTGTAAACAGAT,0
GAGACTTATTATCTCT,0
GAGAGAAATGCCAGAA,0
GAGAGAAATTACAACT,0
GAGAGAGCATTTCTTA,0
GAGAGATCGGAAGAAG,0
GAGAGCAGGCACAAAA,0
GAGAGCCGGATTAAGA,0
GAGAGGAATTAGTCAA,0
GAGAGGTAGAACCTTA,0
GAGAGTACCAAAACAT,0
GAGAGTGTTTTGTATG,0
GAGATAAAGCACCAAC,0
GAGATAAATGGTGTAT,0
GAGATAACATACTAAG,0
GAGATAACTAGTTGAT,0
GAGATAAGACTCACTC,0
GAGATAATAGTCTCGA,0
GAGATACAATCCTAAT,0
GAGATACACAGCTTAA,0
GAGATACTCTGCAGAT,0
GAGATAGGGGCAATAT,0
GAGATATCTAATTGTT,0
GAGATCGCTGACAGGA,0
GAGATCTCAAATACGG,0
GAGATGCAAAAACTAA,0
GAGATGCCATAACAAT,0
GAGATGCCCAGAGGGA,0
GAGATGCGATGGCTGT,0
GAGATTATAAAATCCC,0
GAGATTATCGTGGGCA,0
GAGATTCCATTTAAGA,0
GAGATTCGCTCCATAC,0
GAGATTTAAAAGAAAA,0
GAGATTTAAACGTACA,0
GAGATTTTGGGAACAC,0
GAGCAACAAAAACAAC,0
GAGCAACTCACTAATC,0
GAGCAAGATCGTAAAG,0
GAGCAATACTTAGGTC,0
GAGCACGAACATGAGC,0
GAGCACGATTGATATT,0
GAGCAGGAATATAAGA,0
GAGCAGTAGGCGAATA,0
GAGCATTACCACTTCT,0
GAGCCAACGCACTTAA,0
GAGCCAAGCATTCTAC,0
GAGCCAAGCCAAACAT,0
GAGCCAATGAAACTAA,0
GAGCCACCCCCACTTA,0
GAGCCACGCGATAAGC,0
GAGCCAGCATAGGTTA,0
GAGCCAGCCAAATGAC,0
GAGCCAGTGCAACACT,0
GAGCCCCACCTTCCCA,0
GAGCCGGTAACAGTAA,0
GAGCCTTATGTAAAGC,0
GAGCGACAACTGGAAC,0
GAGCGACGCTCTAGGC,0
GAGCGAGAAGTAAGAT,0
GAGCGATATCAGAAAT,0
GAGCGCTGCTAGTAGA,0
GAGCGTACAAGAAGAC,0
GAGCTAAACAAATCAC,0
GAGCTACAATGAAGTT,0
GAGCTACGGTAGCGAG,0
GAGCTATAAAAGCTAC,0
GAGCTCATTACTTCAC,0
GAGCTCCAATTGTAAA,0
GAGCTCGCCAGGCGCA,0
GAGCTCTCAGCTATCT,0
GAGCTGGGTTGAGTAA,0
GAGCTGGTTCAACTAA,0
GAGCTGTCATCCCATA,0
GAGCTGTGCTCAAACG,0
GAGCTTCTAGTAATAA,0
GAGCTTCTGCACAAAT,0
GAGCTTGAAAAAATCG,0
GAGCTTTTGGAGGGGA,0
GAGGAAATAAGAATAT,0
GAGGAAATAGTCGGAT,0
GAGGAAGTAAATCTAA,0
GAGGAAGTTCAAACTA,0
GAGGAATATTACCACC,0
GAGGAATGTTGCAATT,0
GAGGAATTAAACTTAT,0
GAGGACAATCTACATA,0
GAGGACCACCTGTTCG,0
GAGGACGTGATACGAA,0
GAGGAGTCACAAAAGC,0
GAGGAGTGTAAATATG,0
GAGGCACTGAGTGTGC,0
GAGGCCAAATTTGTGC,0
GAGGCCCTTGTGCGAT,0
GAGGCCGAACCTAGCA,0
GAGGCCGTTAGGACAA,0
GAGGCGGAAAAAATGC,0
GAGGCTCGACTAACAC,0
GAGGCTGTGGATGTAT,0
GAGGGACATGAACAAG,0
GAGGGCAAATCTATGT,0
GAGGGCGCTGCCCTGC,0
GAGGGGATCACGTTGA,0
GAGGGGTCTTCCTTAA,0
GAGGGTAATAAAACGA,0
GAGGGTCCCTGATCGG,0
GAGGGTTAAATCCTTT,0
GAGGGTTATTTCCATG,0
GAGGGTTCAATAAGGA,0
GAGGTAAAAATAATGG,0
GAGGTAAGCTAATATC,0
GAGGTACAAAGTACGA,0
GAGGTATATATTTTTT,0
GAGGTGGAAATTTGCA,0
GAGGTGTTTCTTACCA,0
GAGGTGTTTGTTACAT,0
GAGGTTATTTTCATTA,0
GAGTAAAAAATTAACG,0
GAGTAAACTGGGTATT,0
GAGTAACCAGCATATC,0
GAGTAAGATCCTAATA,0
GAGTACAAATTCGTCT,0
GAGTACTAATAGGGCG,0
GAGTAGGAGCTTACAT,0
GAGTCAAGGCAACGTG,0
GAGTCACATATAAATT,0
GAGTCAGATATTCAAG,0
GAGTCATGCTCCCTAA,0
GAGTCATTTACCAAAA,0
GAGTCGAACAAGACAA,0
GAGTCGGACTATACGC,0
GAGTCGTTTCTCGACA,0
GAGTCTCTTTGTGACA,0
GAGTCTTATTAGAAGT,0
GAGTCTTCCCGCAAAC,0
GAGTGATCAACATGCT,0
GAGTGATTTCAACTTG,0
GAGTGCAATGCCTGAC,0
GAGTGCCAATGCGGAG,0
GAGTGCCTTACCAAGC,0
GAGTGCTAAAAAAAAC,0
GAGTGCTCGTTCGAAT,0
GAGTGGAAAAATTGCC,0
GAGTGGATAAGACAAC,0
GAGTTAAATGCTACCC,0
GAGTTAATGTGTTTCT,0
GAGTTACCTCCTTCTC,0
GAGTTATCGGGAATGC,0
GAGTTATCTATGATAA,0
GAGTTCATATTTAACG,0
GAGTTTCGTAATTTAA,0
GAGTTTTTACTGACAT,0
GATAAAAACAAATTAT,0
GATAAAAAGTATTCCC,0
GATAAAACCACTATCG,0
GATAAACAAAAACAAT,0
GATAAACCTGGGCATC,0
GATAAACGTAGAAGTA,0
GATAAAGCACAAACAA,0
GATAAAGGACTTGGCT,0
GATAAAGGAGTTTTCA,0
GATAAAGTTGATAAAA,0
GATAAATCAACGAGTG,0
GATAACACAGAACCGA,0
GATAACACGTTATCGA,0
GATAACAGCCCGTTAG,0
GATAACATTCGCTTTT,0
GATAACCATCTACTTA,0
GATAACCCTAATCTTC,0
GATAACGAAGCAAGAC,0
GATAACGGCTCCGTAC,0
GATAACGTAAAAAACC,0
GATAACGTGAACACCT,0
GATAACTGCGAAATAT,0
GATAACTGTCGAAGTA,0
GATAAGAAACACTTAT,0
GATAAGAAACATGGTA,0
GATAAGAGAAGCATCA,0
GATAAGAGATAATACA,0
GATAAGCATTTCCTAA,0
GATAAGCCCGAGGCAT,0
GATAAGCGTTCATTAT,0
GATAAGCTGCAATAGC,0
GATAATAAAACAGAAC,0
GATAATAAGGAACAAT,0
GATAATAATTAATAAG,0
GATAATACGGCAACAT,0
GATAATAGCTTAGCAA,0
GATAATATGCATTAAA,0
GATAATCGGGAAGAAA,0
GATAATTAAACTAGCA,0
GATAATTCCACCGAAT,0
GATACAAAATAAGACT,0
GATACAAATTCATAAA,0
GATACACCCATACTAC,0
GATACAGGATGCTTCT,0
GATACAGTTTACAAGA,0
GATACATAGGCTTGTA,0
GATACATATTATACAA,0
GATACCAAGATCTAAT,0
GATACCATTCCACAAT,0
GATACCGAATCTATCC,0
GATACCGGAATTTAAT,0
GATACCGTGATATAAA,0
GATACCGTTCAATCAC,0
GATACCGTTGCCAAAC,0
GATACCTTAATTAATA,0
GATACGAAAACCCGTA,0
GATACGAACCCATTAC,0
GATACGCTTTATTAAA,0
GATACGGCCTATCAAA,0
GATACGGCGCTAAAAG,0
GATACGTTTAGTCGTA,0
GATACTAACAAAATGA,0
GATACTAAGGTAGCAA,0
GATACTATAACAGATA,0
GATACTATATATTTTA,0
GATACTGTTAATGTAC,0
GATACTTCTATAATAC,0
GATACTTTCCTAAGAC,0
GATAGAAAAACACATT,0
GATAGAAAACAAAATC,0
GATAGAAAATGGTGTA,0
GATAGAACAATGTTTG,0
GATAGAGGCAACAAGA,0
GATAGATCTAGGTAAC,0
GATAGCACAAAATTAG,0
GATAGCCGACCCGATT,0
GATAGCGCGTCTGCGA,0
GATAGCTACCGTTTGA,0
GATAGGTGAAGAATCA,0
GATAGTATAGCCTTAA,0
GATAGTGATCTCATAC,0
GATAGTTTGGGAGGTG,0
GATATAACCCTATCAA,0
GATATACACAGGTGAT,0
GATATACACATAGTTT,0
GATATACAGTCGTCAC,0
GATATAGAGGCCCATA,0
GATATAGATATAAATA,0
GATATATCTGGTGACA,0
GATATATGTAGGTTAA,0
GATATCCGCACTCATG,0
GATATCGCCATTAAAC,0
GATATCTACTCAAACG,0
GATATGAAACCCAAGA,0
GATATGAAATGTCTGG,0
GATATGAATCTACGAG,0
GATATGACAAAAGATA,0
GATATGACTTCAAGGT,0
GATATGCAAACTTAAA,0
GATATGGAATTAAGCT,0
GATATGTAATCATACA,0
GATATTATATATGTGA,0
GATATTGACTTACCAT,0
GATATTTAAGAAAACA,0
GATATTTTCGGCGAAA,0
GATCAAAAACAGATAT,0
GATCAAAAACCCCGAG,0
GATCAACTGTATCATT,0
GATCAAGCAAAAAGAC,0
GATCAATAGCTAACAA,0
GATCAGAAAAATCCTA,0
GATCAGAGTAATAGAA,0
GATCAGATTCCAAGAA,0
GATCAGCATTATTAGC,0
GATCAGTATAATGTAA,0
GATCAGTTTCAAAAGT,0
GATCATATATTCGTGG,0
GATCATCCTTGACACG,0
GATCATCTTAGACTCT,0
GATCATGATCAGCCCA,0
GATCATTTAGATAGCG,0
GATCCAATACAATTAG,0
GATCCACCTACGATTC,0
GATCCACTAAATGTCG,0
GATCCATTAATATTTA,0
GATCCCAGAAGGGTTA,0
GATCCCATGTCTAGAA,0
GATCCCATTCCCTTTG,0
GATCCCGAAAGTTCAA,0
GATCCCGCTGCCAATC,0
GATCCGACTATTTCCC,0
GATCCGGCTGTTCGCT,0
GATCCGTTGTACAATA,0
GATCCTAAATTTAAGT,0
GATCCTCCTGGCTTTC,0
GATCCTCGAAAGACTG,0
GATCCTCTTATCTAAA,0
GATCGAATCTAATAAG,0
GATCGACGTACGCGTA,0
GATCGATTATCTCCGT,0
GATCGCAGAACATTAA,0
GATCGCGATTAAGACC,0
GATCGCTGCTCAATCA,0
GATCGGAAGCCTGTTA,0
GATCGTAATTGCTGAA,0
GATCGTACGATTCCAA,0
GATCGTATAACCACCC,0
GATCGTCAATAATGAA,0
GATCGTCGGAATGAAA,0
GATCGTCGTTGCCGAC,0
GATCGTCTTTCAAGAA,0
GATCTAAGAAGCTGGT,0
GATCTAAGACCCCAAA,0
GATCTAAGCAGTCGAG,0
GATCTAATCTGAAAGC,0
GATCTATAAAACGCCA,0
GATCTATACTAATTTT,0
GATCTATATCTGCCCC,0
GATCTATCAGTGCTTG,0
GATCTCACGTACTCAT,0
GATCTCATTCGATCTC,0
GATCTCCAAAGGAAAT,0
GATCTCGTAGCGTTCA,0
GATCTCTCAATATTAA,0
GATCTCTCCTGTGGAT,0
GATCTTAATTTTATCA,0
GATCTTCAAATTTCCA,0
GATCTTCTTTCACACA,0
GATGAACAGACGGCAT,0
GATGAACATTATAATT,0
GATGAACCACTTCACA,0
GATGAACGAAATGGTC,0
GATGAACGTGAGATTC,0
GATGAAGCACGCGTGC,0
GATGACAAAGTCGATT,0
GATGACACAACTCAAT,0
GATGACCTTGAAAAAA,0
GATGACTCACACTGTA,0
GATGACTGAACGACTA,0
GATGACTTGACTTAGA,0
GATGAGCAACCCTAGA,0
GATGATAGTGAAAACT,0
GATGATATCAAGAAAA,0
GATGATCACTCTTACC,0
GATGATGTATATAAGT,0
GATGCAAGGCAGATAC,0
GATGCACAAATCTATG,0
GATGCACCCTGACCAG,0
GATGCAGGCAAGCACC,0
GATGCATAAATACACA,0
GATGCATAGCAAATTA,0
GATGCCCCAGACTACA,0
GATGCCGCCTCCCGCT,0
GATGCCTAGAGATAGT,0
GATGCCTTGAACACGG,0
GATGCCTTTGCCCAAA,0
GATGCGAACAAACACA,0
GATGCTTTAGTATCTC,0
GATGGTAGCCAAAAGG,0
GATGGTCAACACATGT,0
GATGTAAATAGCTCAA,0
GATGTAACCTTGTCCG,0
GATGTAGTGTTCAAGA,0
GATGTCATTACTTATA,0
GATGTCCAATTAGACA,0
GATGTCGCACACCGTA,0
GATGTCTAACTCTGAT,0
GATGTGAGCAGGTTAC,0
GATGTTAATGAATCAA,0
GATGTTACACTCTACC,0
GATTAAAATCAGGGAA,0
GATTAACAGTTATGAA,0
GATTAACGAAAGTTGG,0
GATTAACTTTAAGGTA,0
GATTAAGAGAATACCA,0
GATTAATTAAAGCCGA,0
GATTACAATGACTGCT,0
GATTACAGGCCCCGAG,0
GATTACCAAAGAATTC,0
GATTACGTGGGACATA,0
GATTACTGTTCAACTC,0
GATTACTTCCCTGTTG,0
GATTAGCAACTCAAGT,0
GATTAGCTAAACGACC,0
GATTATAGTCCAGGAG,0
GATTATATCCTTAATG,0
GATTATCATTTGCTAA,0
GATTATCCTCCCCGAT,0
GATTATTAATTCTAAA,0
GATTCAAAAGATTGTA,0
GATTCAACAAAAGCAA,0
GATTCAACTACATTGC,0
GATTCAAGTGTGAATA,0
GATTCACCCGGGCTTA,0
GATTCAGGACTCAAAC,0
GATTCAGTAAAAAACT,0
GATTCATGAGCTCGTA,0
GATTCCAGGTTTAGTT,0
GATTCCCAAGTCTAAT,0
GATTCCCACAGCGTCC,0
GATTCCCCCTCACAGA,0
GATTCCGACCTAAGTA,0
GATTCCGCCACTGAGA,0
GATTCCTTGAAAGACA,0
GATTCGTAAAAAAGAT,0
GATTCTCACCTCGTGG,0
GATTCTGTCAACGCAT,0
GATTCTTTCGATATCA,0
GATTGAAGCATAAGCA,0
GATTGACCAAAGCAAC,0
GATTGACCATCACATA,0
GATTGAGGTTCCCAAT,0
GATTGAGTCATAAGAG,0
GATTGATTGGAACTTT,0
GATTGCACGACGCAAC,0
GATTGCAGGGTACAAC,0
GATTGCCATTATAAGA,0
GATTGCGAACTTTAAC,0
GATTGCGCCTGAATAC,0
GATTGGCCCTTTTCTT,0
GATTGGGCCTTCCATT,0
GATTGTCAAACATAAG,0
GATTTAAAATAACCAA,0
GATTTAAAGTGTACTA,0
GATTTAACAACCAGAT,0
GATTTAATTCTTAGCG,0
GATTTACGAGCTGCCA,0
GATTTACTAACCATTG,0
GATTTATATTACCGAG,0
GATTTATTTAATATCC,0
GATTTCAATAATATCT,0
GATTTCCTATTACAAC,0
GATTTCTATATAACCA,0
GATTTCTTTGATTAAT,0
GATTTGATCTAAAGAA,0
GATTTTAAAACTCACT,0
GATTTTAACTAACTAA,0
GATTTTCACACTGTGT,0
GATTTTGGAATTACGT,0
GATTTTGTTTACCTAA,0
GATTTTTCCCAGCCAC,0
GATTTTTGAATTATAC,0
GCAAAAAACCCGGCAT,0
GCAAAAAATACTACAG,0
GCAAAAACCAACCTTC,0
GCAAAAAGTGAAAGCG,0
GCAAAACACACAAGGG,0
GCAAAACCTCAACCAA,0
GCAAAACGGGCTATCG,0
GCAAAAGCCCTGAAGT,0
GCAAAATACATTTTCC,0
GCAAAATCAACTTCGG,0
GCAAACCGATGGAACA,0
GCAAACCTGCCACATT,0
GCAAACGATTGGCCTC,0
GCAAACTCAGAGGTGT,0
GCAAACTGAAACCTTA,0
GCAAACTGTAAAAAGT,0
GCAAAGAATTCTACAC,0
GCAAAGAGACACGAAA,0
GCAAAGAGCTCGGTTC,0
GCAAAGATTATATAAT,0
GCAAAGCTCTCAAGAT,0
GCAAAGTCAACCAGGG,0
GCAAATAACGAATGTG,0
GCAAATAAGATCTTCC,0
GCAAATAGTTTCATTG,0
GCAAATATAAATATAT,0
GCAAATCACCGCTACA,0
GCAAATGTTGTACCTT,0
GCAACAAAAAAAACAA,0
GCAACAAGGTTCTGAA,0
GCAACAGGGAACCAAT,0
GCAACAGTGTTTTCTA,0
GCAACATAACCTGGAA,0
GCAACATGCCACTCGA,0
GCAACCATCTTACAAC,0
GCAACCCGTCCAGTAT,0
GCAACCCGTGAGAGTA,0
GCAACCCTAAGGCGAA,0
GCAACCTCCCAGTACA,0
GCAACCTTTACTCTCG,0
GCAACGAGTTTTAAAT,0
GCAACGATACAATTAG,0
GCAACGCACAGTCACA,0
GCAACGGCATCAGTAA,0
GCAACTGTTCATACCA,0
GCAACTTAACGACGAC,0
GCAACTTTAAACAACC,0
GCAAGAAGGGAAGAAT,0
GCAAGAATAAACCCGC,0
GCAAGACCACGGCCGA,0
GCAAGATAATACCGAG,0
GCAAGCCATATGCACT,0
GCAAGCCTGTAATTCT,0
GCAAGCGCACATGAGC,0
GCAAGGTTCTATTATA,0
GCAAGTAATCACCCAA,0
GCAAGTCACGTCTAGA,0
GCAAGTTACATGCATG,0
GCAATAAGTAAAGTTT,0
GCAATAGATAACCTTG,0
GCAATATAGGCCAGCA,0
GCAATATCCTGAATTT,0
GCAATATTACCTTATA,0
GCAATGAAAGCACTTG,0
GCAATGAGAGCAAACC,0
GCAATGATCTGATCCC,0
GCAATTAAAGAGTCTG,0
GCAATTATCAAGTAAT,0
GCAATTCAAAATCGAC,0
GCACAAAAACTAAACC,0
GCACAAAAGAGAAAAC,0
GCACAACCTAAGAGAG,0
GCACAATGACAAATTC,0
GCACAATTTCTACAAT,0
GCACAATTTGTTACCC,0
GCACAATTTTATTTGT,0
GCACACAAAGAGGTTT,0
GCACACACGGTGATTA,0
GCACACATAAATGACA,0
GCACAGCCTTATAACA,0
GCACAGGCTACACGGC,0
GCACATAGTGAATAAA,0
GCACATCACGGCATAC,0
GCACATGTTGCTAAAT,0
GCACATTCACAACTTG,0
GCACATTCCGTTAGTC,0
GCACATTTAATGCCCA,0
GCACCACCACTATACC,0
GCACCACGAAAATAGG,0
GCACCCAATGAGAGTG,0
GCACCCACGCTCAAAG,0
GCACCCGATATAACAT,0
GCACCCTAGAATAACT,0
GCACCGCAAGATATAA,0
GCACCGCGACCTACGT,0
GCACCGCGTTATAAAG,0
GCACCTAAAAAGGATT,0
GCACCTAAAATGCTAT,0
GCACCTAACCTATCTG,0
GCACCTGAATTCTAGA,0
GCACCTGCGTTTGGAA,0
GCACCTTACCCACATG,0
GCACCTTATACGTTTG,0
GCACCTTATCATTTTA,0
GCACGAACGTATAGAA,0
GCACGATAATATGAAG,0
GCACGCCGTTCTGGTG,0
GCACGCTACATGAACC,0
GCACGGCGTCCCCCGG,0
GCACGGGGTACGCCTG,0
GCACGTTAAAAAGCTT,0
GCACTAAAAAAACGGT,0
GCACTAAAAAACGTTT,0
GCACTAACAATCAATT,0
GCACTAATTTTACAAG,0
GCACTACCGGGAACTA,0
GCACTCTCTAAAAATT,0
GCACTCTCTAAATAAA,0
GCACTGAAAAATCACG,0
GCACTGACAAGAAATA,0
GCACTGTACACCCCCC,0
GCACTGTTTTGTAAAT,0
GCACTTCCTGTGAAAA,0
GCACTTGAAGGCATGA,0
GCAGAAAAACCTTGGA,0
GCAGAAACAAACTGAG,0
GCAGAAAGAAAATAAG,0
GCAGAAAGAACAGCAA,0
GCAGAACTGAAAAACA,0
GCAGAACTTATACTCA,0
GCAGAAGAAGCAATTT,0
GCAGAAGCTGTTCACT,0
GCAGAATGCACCAATC,0
GCAGACATGGCAATAA,0
GCAGACATTTATCCAA,0
GCAGACCAATACCAAA,0
GCAGAGGACTATTCCC,0
GCAGATAAATAACGAG,0
GCAGATACAACATGTG,0
GCAGATATTCTGTCAA,0
GCAGATCCAGGAAAAA,0
GCAGATCGCCGAGAGC,0
GCAGATGGCGACTTAA,0
GCAGCACAAACGGGTT,0
GCAGCAGACCAACAGT,0
GCAGCAGATATTGAAA,0
GCAGCAGTAAAGTGCG,0
GCAGCATAAGTGCTGT,0
GCAGCCACTAGATGAA,0
GCAGCCCTGAAGCAAG,0
GCAGCCGTAACGTATT,0
GCAGCTCCAAATACTG,0
GCAGGAAACTGCCCAG,0
GCAGGACGGTATACAT,0
GCAGGAGGGTTATTTG,0
GCAGGCTTAATGCAAC,0
GCAGGTCGGCCGCATA,0
GCAGGTTGAATTACAT,0
GCAGTAAAGGAAACAG,0
GCAGTAAATATCGACT,0
GCAGTACTGCCAGAAT,0
GCAGTATATCAAAATG,0
GCAGTCACCGATGCAG,0
GCAGTCATAAAATGAC,0
GCAGTGGACAGCTACG,0
GCAGTTAACGCATAAT,0
GCAGTTCTACCATCAC,0
GCAGTTGAGAGATCCA,0
GCATAAAGACCCCACC,0
GCATAAATTCCGCCTG,0
GCATAACACAGTAACC,0
GCATAACATTGGCAAA,0
GCATAAGCCATAAATA,0
GCATAAGGACCATCAC,0
GCATAAGTAAAGTCAG,0
GCATAATATATGGAAA,0
GCATAATTATACGCTC,0
GCATACCCCATTTACG,0
GCATAGAACTATAGTG,0
GCATAGCTGACCTAAT,0
GCATAGCTTAATTTGA,0
GCATAGGTACATAACA,0
GCATATACATGGAAAG,0
GCATATACCGACTCTG,0
GCATATATATCCGGTA,0
GCATATATCGACGAAA,0
GCATATTAGAAAAGCA,0
GCATCAAAGCATAATT,0
GCATCAAGATTAAAAC,0
GCATCAGAAAAATACA,0
GCATCAGCCGGACACG,0
GCATCAGCGACGCATC,0
GCATCAGTGTTAATTG,0
GCATCCATAACTAATG,0
GCATCCCATAGCGCAA,0
GCATCCCCGCATTTTA,0
GCATCCGAACGAAAGT,0
GCATCCTACGCTGTGC,0
GCATCGTACAATTACA,0
GCATCTATTCGTCTCC,0
GCATCTCCATTTACGG,0
GCATCTTAAATTTGAC,0
GCATGAAATAGTTGAA,0
GCATGAATCCCAAAGA,0
GCATGACTGGTGCGCG,0
GCATGAGACAGGATAA,0
GCATGATAAGTCACCT,0
GCATGATATTACCTTG,0
GCATGATTCGCACATA,0
GCATGCAAAAATTAAA,0
GCATGCACAGACAAGA,0
GCATGCATCCTAACCC,0
GCATGCCCGACATAAA,0
GCATGCTATTATGAAT,0
GCATGCTTCACCGCTA,0
GCATGGGACACTAGAT,0
GCATGTATCATTGCTC,0
GCATGTCCTATAGATA,0
GCATGTCGATCACAGC,0
GCATGTGTTACCTAAG,0
GCATGTTGCACCTTTG,0
GCATTACAAAGTCTGA,0
GCATTACTCGATAGAT,0
GCATTCAGCAGAGCGC,0
GCATTCATTACAAAAG,0
GCATTCCAAGCTATAC,0
GCATTCGATTGGATTA,0
GCATTGAGCAGGTGCA,0
GCATTGAGTTTAACGG,0
GCATTGCAAAAGTTAG,0
GCATTGTCCACTCATG,0
GCATTTACAAAAGGTA,0
GCATTTTGATCTGTAT,0
GCCAAAAAGGGTAACT,0
GCCAAAAATATTCCAT,0
GCCAAAAATTGAGATT,0
GCCAAACAACAAACAT,0
GCCAAACCGCTACTAG,0
GCCAAACGGTAGACAC,0
GCCAAAGGGACCATGA,0
GCCAAAGGTTATCTAA,0
GCCAAATCCGCGGTAA,0
GCCAACAAATAATACG,0
GCCAACATTCCATTGG,0
GCCAACGCTAGCTAAC,0
GCCAATATAAAGGATA,0
GCCAATATTTTGGGAA,0
GCCAATCATTAGTCAT,0
GCCAATGAGGTACCAG,0
GCCACACGTACGCTAC,0
GCCACACTAAAACTTC,0
GCCACACTGAAAAGAC,0
GCCACATGCTTGTAAG,0
GCCACCCGCGACTAAT,0
GCCACCTAAGACACAC,0
GCCACCTCAAAAATTC,0
GCCACTAACCCCACCC,0
GCCACTAAGTCAGACC,0
GCCAGAAACTAAACAT,0
GCCAGAAATATAAATT,0
GCCAGAAATTATTTTT,0
GCCAGAATTTTAAGGT,0
GCCAGAGACCAGGAAC,0
GCCAGCCCTTCCTTAC,0
GCCAGCCGCCACTAGT,0
GCCAGCTGAACAGACT,0
GCCAGCTTCTCAAACA,0
GCCAGCTTGCCGGATA,0
GCCAGGCTTACAGAAA,0
GCCAGTCAATATAACA,0
GCCAGTGTAATCCGCG,0
GCCATAAGAAGACTTA,0
GCCATAGGACACAGGC,0
GCCATCTGATGAATCG,0
GCCATGGTGGAAGTCT,0
GCCATTACAACAACGA,0
GCCATTTGCAAACCGC,0
GCCATTTGGCGCAAAA,0
GCCCAAAAAATCGACT,0
GCCCAAAAATAAACCT,0
GCCCAACAAAGAATGT,0
GCCCAACAGCTGCAAG,0
GCCCAATACGCCATCT,0
GCCCACGTGAGTAAAA,0
GCCCACTTGTGAAAAC,0
GCCCAGAAAGAAAAGA,0
GCCCAGCTATTGAATC,0
GCCCAGTGGACGTAAT,0
GCCCAGTGTTATGATT,0
GCCCAGTTAGGGGTCT,0
GCCCAGTTTGATAGAA,0
GCCCATTGGAATTCAC,0
GCCCCAAAAACCATAA,0
GCCCCAAGAAAGAATA,0
GCCCCAAGCTGATAGG,0
GCCCCACTCGAGAGCA,0
GCCCCATGGGGTGAGC,0
GCCCCATTTAAATCTC,0
GCCCCATTTGAATCTC,0
GCCCCCAAGCTGATAA,0
GCCCCGGGAACTCGGC,0
GCCCCGTAAACAAAGG,0
GCCCCGTAGTGTCGAT,0
GCCCCTAGGGGCGGCC,0
GCCCGCTGCGAAAAAA,0
GCCCGCTGGCTGGGCG,0
GCCCGGCCAAGTGTAT,0
GCCCGGGCACAGCTTC,0
GCCCTAAATTGGGAAG,0
GCCCTAAGAGAACCAA,0
GCCCTCGATACACCCG,0
GCCCTGATCATACCAA,0
GCCCTGGCCTGTGTAT,0
GCCCTTATTCAAAAGC,0
GCCCTTCAAGTCCACG,0
GCCCTTCGAATTACCA,0
GCCCTTTTGCTCATAA,0
GCCGAAAGCTCTGCGC,0
GCCGAACGGGATTGAT,0
GCCGACACTTCCACCA,0
GCCGACGAGTGCCCGG,0
GCCGAGAATCCAGTCA,0
GCCGAGAGTTTAACTT,0
GCCGAGGCCCACACTT,0
GCCGCGGCGCCGTTGA,0
GCCGCTATATAGGCAA,0
GCCGCTATGACCGACT,0
GCCGGAATCCGCATTA,0
GCCGGGAACACAAAAC,0
GCCGGGTCAATGTTAC,0
GCCGGTCATAGCAAGC,0
GCCGTACCTAAGATTG,0
GCCGTACGTACCAACT,0
GCCGTGACTGCTGACC,0
GCCGTGTATGAAAAAA,0
GCCGTTTAAGAAGCCA,0
GCCGTTTCAAAGCAAT,0
GCCGTTTCATGCCAAT,0
GCCGTTTCGCAAAAAA,0
GCCTAAACAAATAAAG,0
GCCTAAATGTGCATCG,0
GCCTACACTCCCGGGA,0
GCCTACCACAACTAAT,0
GCCTACGACGCTTACC,0
GCCTACGATCGCTCAC,0
GCCTAGCCTCGTAACA,0
GCCTATAAGTAGAGCA,0
GCCTATGGACAAAATT,0
GCCTATGTTAGCCATA,0
GCCTATTTTACCGAGG,0
GCCTCAATATACAGTA,0
GCCTCAGAAGGATTCT,0
GCCTCCATAGCAGAAT,0
GCCTCCCATTCGTATA,0
GCCTCGGCTGTTAATA,0
GCCTCTAAAATACAGG,0
GCCTGAAACCATACCC,0
GCCTGACCCCTGCGCT,0
GCCTGCGTTTACTATT,0
GCCTGGAAGATGAAAC,0
GCCTGTGATTCATAAT,0
GCCTTAAATACGCGAC,0
GCCTTATGTAATGAGA,0
GCCTTATTCAAGATAG,0
GCCTTCAATAAGACAG,0
GCCTTCAGTAAGAAAT,0
GCCTTTCTTGAAGTTA,0
GCCTTTGATAGACCAC,0
GCCTTTTCCTAATACG,0
GCGAAAATTAGGTTTT,0
GCGAAACGCGAACGCC,0
GCGAAACGGAAAATGA,0
GCGAAATGAACCTAAA,0
GCGAACCCTTTGCAAG,0
GCGAAGCACTAATTCG,0
GCGAAGGACAACAGAA,0
GCGAATACTCTTAAAG,0
GCGAATGACATGGTGG,0
GCGAATTAATTATATT,0
GCGAATTTGGTAGTAA,0
GCGACACACTGTGATC,0
GCGACACCTGGCCATC,0
GCGACATAACAGCATT,0
GCGACATCAAATTATA,0
GCGACATTAAGCTTAG,0
GCGACCAAATCTAGTA,0
GCGACCAGAAGTCAAT,0
GCGAGAAAACTCATGA,0
GCGAGAAGGCCTCACA,0
GCGAGCAGGGTGCTCG,0
GCGAGCCGACGGAGAT,0
GCGAGCGAATTTCCCA,0
GCGAGCTTAGATTTTG,0
GCGAGTCGCAGCACGT,0
GCGAGTGTAACTCGTG,0
GCGAGTTAAAATCCGC,0
GCGATAATACGCATTG,0
GCGATAATACTCAAAA,0
GCGATAATCTTCAAAA,0
GCGATATATATGCTGT,0
GCGATGCCACCCACAT,0
GCGATGCTTATATGTT,0
GCGATTCCGTATAACG,0
GCGCAAAAAATACGAG,0
GCGCAAAATTTTCTAC,0
GCGCACAATTTACGCC,0
GCGCACATTAACCATA,0
GCGCACGAACCTGAAA,0
GCGCACTCATGTTGCC,0
GCGCCCATCAATCAAA,0
GCGCCCGGAGATATAC,0
GCGCCCGTCCAGTCTG,0
GCGCCCTAAAATAAAC,0
GCGCCTCACCAAGGTA,0
GCGCCTTTAGATCGAA,0
GCGCGACTGTTTAGAA,0
GCGCGAGACCTCGCCT,0
GCGCGATCGGATTTTG,0
GCGCGCGCTGGAGCGT,0
GCGCGTAATTTTACAC,0
GCGCGTCACATGACCA,0
GCGCGTGACTACCATG,0
GCGCTAAAACCTGATG,0
GCGCTAAGTAGGCGCA,0
GCGCTCCACACAATGG,0
GCGCTGAAAGAACTGG,0
GCGCTGGTATGTTAAA,0
GCGCTTCACGAATATG,0
GCGCTTTACCCAACCC,0
GCGGAAATTCTATAAA,0
GCGGACAAGCGCAAAG,0
GCGGACTAATTAAGAA,0
GCGGACTAGGACCGTA,0
GCGGCACATACTATTG,0
GCGGCCCGATAAAGAG,0
GCGGCTAACTAAGGAT,0
GCGGCTTAAATGTTTT,0
GCGGGATTATTTGACG,0
GCGGGCTAGTAGAGTG,0
GCGGGTAGTGGAAAAA,0
GCGGGTTTTTGGGAAT,0
GCGGTATAGTCATTAA,0
GCGGTCGAGGCCAACA,0
GCGGTCTCGTAGCCAG,0
GCGGTGGGCTTAAATG,0
GCGGTTACTTTCCGCA,0
GCGGTTTGAATCGCTT,0
GCGGTTTTCAAATCCT,0
GCGTAACGGGTATAAA,0
GCGTAAGTAATCGAGC,0
GCGTACTCGTAATCCG,0
GCGTAGAACATGATTA,0
GCGTAGCTATAAAAAT,0
GCGTATTATATACACT,0
GCGTCAAACCACCATT,0
GCGTCAAGGCTATGAT,0
GCGTCATATAAATGCT,0
GCGTCTCATACACCTG,0
GCGTCTTACAAAAGTA,0
GCGTGAAAGTAATTCG,0
GCGTGAGTTAAAAGGA,0
GCGTGGACCCGATGAG,0
GCGTGGCAAAGTTATC,0
GCGTGGCAGCATAATA,0
GCGTGTGCTGTTAATC,0
GCGTTAATAATAGGCA,0
GCGTTACACCTGAAAA,0
GCGTTATCAAACGATT,0
GCGTTCAACCCGTAAT,0
GCGTTCCGAACAGCTA,0
GCGTTCCTATCGGACG,0
GCGTTGCCAATTAAAA,0
GCGTTGCTCTGGTATT,0
GCTAAAAACCGCGACC,0
GCTAAAAAGTCAACCG,0
GCTAAAAGAAATATAG,0
GCTAAAATTTCTGAAC,0
GCTAAACACAATCCTA,0
GCTAAAGACTAACAAA,0
GCTAAATATTACTGAA,0
GCTAAATGAGCTGTGG,0
GCTAACATATACCAAA,0
GCTAACCATTAAGGAC,0
GCTAAGATACCCCAAA,0
GCTAATCAATAGTCGT,0
GCTAATCATCATAATC,0
GCTAATGACTATTAAG,0
GCTAATTATTCTAGAA,0
GCTAATTTACCCACTT,0
GCTAATTTATCCTAAA,0
GCTAATTTGTATCTTG,0
GCTACACAATCCTATA,0
GCTACATAGAAAAAGA,0
GCTACATTTATTCAGA,0
GCTACCGAAATAATCG,0
GCTACCTCCGACAAAG,0
GCTACGCGACAATTTT,0
GCTACGGCATCTCGAT,0
GCTACGTATCTTCCTT,0
GCTACGTCCTAAAGTC,0
GCTACTATTTCCCTAT,0
GCTACTCCTCACGCTC,0
GCTACTGTGACTGGCT,0
GCTACTTAGCTAAACA,0
GCTACTTTACCCAATG,0
GCTAGAAGCTTTAGGC,0
GCTAGATACAATTCCT,0
GCTAGATCCGCGCCCA,0
GCTAGCATTAACACGG,0
GCTAGCTTTCTCTCAT,0
GCTAGGATGATATACT,0
GCTAGGGTTAGAAAAA,0
GCTAGTCAAGTCATGT,0
GCTAGTGGAATGCTTC,0
GCTAGTTGAACTCACA,0
GCTATAAATAAACGCA,0
GCTATAAATTAAGTGT,0
GCTATATTCTAATAAA,0
GCTATCAATGTTCCTT,0
GCTATGTCACATGTCA,0
GCTATTCCAAACAATT,0
GCTCAAAAGGATCCTA,0
GCTCAAACTAACTAAA,0
GCTCAACGCCAGTTGA,0
GCTCAAGTTCCATAAT,0
GCTCAATCGTTACATT,0
GCTCAATTAAGCTGAA,0
GCTCAGAAATAACTTT,0
GCTCATCACGCACGTT,0
GCTCATCATGTATCAC,0
GCTCCATCACGCACAA,0
GCTCCCACATATCCCT,0
GCTCCGATAAATCAGT,0
GCTCCTAAAAGTCGTG,0
GCTCCTGGAAGGCACG,0
GCTCCTTGCAAAGAGC,0
GCTCGAGTCGCGATAA,0
GCTCGATCATTAACAA,0
GCTCGCACGAACACGC,0
GCTCGCCTTGTCTTTG,0
GCTCTACATTACACGT,0
GCTCTATATATAGACC,0
GCTCTATGAAGGTCCT,0
GCTCTGAGTCCTACCA,0
GCTCTGGAGCCACCTG,0
GCTCTTAATTGCGAAA,0
GCTCTTACTCCATAGA,0
GCTGAAACCAATATTT,0
GCTGAAACTGTTACTC,0
GCTGAACAGAGACTAT,0
GCTGAACAGGACCATT,0
GCTGAACCGTCGAGAT,0
GCTGAATAACTACACA,0
GCTGAATTTAAAAGAG,0
GCTGACAGGCTCACCC,0
GCTGAGACAGAGGACT,0
GCTGAGGTACGCCTCA,0
GCTGAGTAATTGCCTA,0
GCTGATAACGACCTTG,0
GCTGATACGGAAGGAA,0
GCTGATGCAGCTCAGT,0
GCTGCAAGAAGTGGTA,0
GCTGCACCTAATGAAA,0
GCTGCATTATCGTGTG,0
GCTGCCTATTTTCACA,0
GCTGCCTGCACATGAT,0
GCTGCGGCCGTCGTCA,0
GCTGCGGTAGCCCCTT,0
GCTGCTCGCCGATATA,0
GCTGCTGATAGTATCT,0
GCTGGGACCCTCTCCA,0
GCTGGTCACTCGGAAT,0
GCTGGTCAGTAGACTT,0
GCTGGTGTTTGGTGAA,0
GCTGTCTACGATGTAA,0
GCTGTGATGCAGCTAG,0
GCTGTTAAATCAATGG,0
GCTGTTAACACCCGAT,0
GCTTAAACTCAAACCT,0
GCTTAAGCAAAACGTG,0
GCTTACATGCTAAAGA,0
GCTTACCAAACTGGTC,0
GCTTACTACATAAAGA,0
GCTTAGCAAGACTCCA,0
GCTTATCCCATATGTA,0
GCTTATCTCCTAAAAA,0
GCTTCACAAATACTCA,0
GCTTCAGAACACAAGA,0
GCTTCATAAGGCAAAT,0
GCTTCATTCAACGGTC,0
GCTTCCAAAATAAGTA,0
GCTTCCCGTGATACAC,0
GCTTCGGAGCTCGCAC,0
GCTTCTAAACGCGTAG,0
GCTTGCATTACCTATT,0
GCTTGGACAAAGCGTT,0
GCTTGGAGGCCTTGGA,0
GCTTGTACCACACTAG,0
GCTTGTGGGAGTCTGC,0
GCTTTAACACCTCACA,0
GCTTTAAGTTTCAAAC,0
GCTTTACACAAGTCGG,0
GCTTTAGCACGCCAAC,0
GCTTTATAACGTTTCC,0
GCTTTATATCGAAGCA,0
GCTTTCCTGTAGACGG,0
GCTTTCGTAACGTGCA,0
GCTTTGACATATACGG,0
GCTTTTCACAGCAACT,0
GCTTTTTGACTCCAAA,0
GGAAAAACACGCAATA,0
GGAAAAAGTACCTTCG,0
GGAAAAAGTGAGAATC,0
GGAAAAATAAGATACC,0
GGAAAACTCCAATGCT,0
GGAAAATCCACACCGC,0
GGAAAATGATTCACAA,0
GGAAAATGGCGATCCA,0
GGAAAATTGAAGTACG,0
GGAAACATCTTAATAC,0
GGAAACCACATACAAA,0
GGAAACTAAGCATAAT,0
GGAAACTTAATCAACA,0
GGAAACTTCAAATGAG,0
GGAAAGAACCGATCCT,0
GGAAAGGTATTCCAAT,0
GGAAAGTGAATAAACG,0
GGAAAGTTTTCAAGAT,0
GGAAATAACCATTGGT,0
GGAAATAACCTTTGTC,0
GGAAATAATTCGGATC,0
GGAAATATGCGGGATA,0
GGAAATGCCACAGGGA,0
GGAAATTAAGAATTAT,0
GGAAATTTAATTCCCT,0
GGAACAACACACAATG,0
GGAACAAGCAAAAAGT,0
GGAACAATGGCTAGAT,0
GGAACACAACACGCAA,0
GGAACATCCAAGACAA,0
GGAACATCTCCTTTGT,0
GGAACATGAGCCCAAC,0
GGAACATTATAGACCA,0
GGAACCACTAACACAG,0
GGAACCATAAATATGA,0
GGAACCATAGAACGTA,0
GGAACCATGGGAGCAA,0
GGAACCGTTTCGTTAC,0
GGAACCTAGATCAACA,0
GGAACGACTTACTAAG,0
GGAACGATGCTGTACT,0
GGAACGCTGGCACAGA,0
GGAACGGGGTCTATCA,0
GGAACTAAACCAGGCA,0
GGAACTAGTAGATAAT,0
GGAACTCCTCGGAGAC,0
GGAACTCTCGCTATGT,0
GGAACTTAAAACACCG,0
GGAACTTATAAAGTTA,0
GGAAGAAAAACAGGAC,0
GGAAGAAGCTAATCTG,0
GGAAGAATAAGCAAGG,0
GGAAGACCCTGGTCTA,0
GGAAGATCATTCGGCA,0
GGAAGATGCACTTACC,0
GGAAGATTTAAGACCA,0
GGAAGCATCTAGCATC,0
GGAAGCGCACGGAAAG,0
GGAAGGCAGTTAATAG,0
GGAAGTGACTACTACC,0
GGAAGTGTACAGACGA,0
GGAAGTGTTCACCTAA,0
GGAATAAATCTATAGA,0
GGAATAACAGAATAAC,0
GGAATAACTAATCAAG,0
GGAATAATAAAAACCA,0
GGAATAATAGAAACCA,0
GGAATACTCCGAGTAT,0
GGAATAGAAAACAAAC,0
GGAATAGCGGTATTGC,0
GGAATATCAAACAAGT,0
GGAATATTCAACGTAC,0
GGAATCACATCATCAA,0
GGAATCTTCTAGTTTT,0
GGAATGAAATATCACC,0
GGAATGTTCTTAGGAA,0
GGAATTACACTCGGAT,0
GGAATTACCGTGTGTA,0
GGAATTAGTCTAATGT,0
GGAATTATACGACGGA,0
GGAATTGAGAAGTCAC,0
GGACAAACGTCTTCGC,0
GGACAAATAACCAAGT,0
GGACAAGATGAAAACA,0
GGACACGCCTGAAAAC,0
GGACACGTAAGGAACA,0
GGACAGTTCGATGCTA,0
GGACATACGTTACCCT,0
GGACATACTAGTTCAA,0
GGACATAGAGTCGTGG,0
GGACATAGCCACGACG,0
GGACATCATATCAAAT,0
GGACATGCATTGGCTC,0
GGACATGCTGTCGCAT,0
GGACATGTAACCTCGA,0
GGACATTTATAACCAT,0
GGACATTTATCCGCCG,0
GGACCATAGGTATAGA,0
GGACCATTGGTCGAGA,0
GGACCCTATGATATGC,0
GGACCGGAGTTTGCCG,0
GGACCGGGGTCGTACG,0
GGACCGTTACTGATAC,0
GGACCTTAAGTACCAA,0
GGACCTTCGACTCATC,0
GGACGAAAAATAACCA,0
GGACGAAAATAAAATT,0
GGACGAAGGTCACCAT,0
GGACGAATTTTTCAAA,0
GGACGACTGTTCCACA,0
GGACGATTGAGCGGGT,0
GGACGCACCCTCGAAC,0
GGACGCGGACCGCGGT,0
GGACGTTGTTAACAAT,0
GGACTAACGATTCCAT,0
GGACTACGCAGGGATA,0
GGACTCAACACGTCAA,0
GGACTCACGAGATCCA,0
GGACTCATTTAACAAC,0
GGACTCCAGAACCGGA,0
GGACTCGCCCACTAAA,0
GGACTCTCAAAAAGCA,0
GGACTGATGAAAAAGA,0
GGACTTAATCTTGGAA,0
GGACTTCAAACGTTGA,0
GGACTTCAACACCGAA,0
GGACTTGGGTCAGAAA,0
GGACTTGTCCCTACTC,0
GGAGAAATAACATTAC,0
GGAGAACCAGACTCCC,0
GGAGAACCTTAAAAAT,0
GGAGAACGCAGAATAG,0
GGAGAAGAAAATCCCC,0
GGAGAATTGAAGTACG,0
GGAGACAAAATGTAGC,0
GGAGACAACTTCAGAC,0
GGAGACCATCGTAGCA,0
GGAGACGCCCATACAA,0
GGAGAGTGGAAAATAT,0
GGAGATAATCAGAATT,0
GGAGCACGTACACAAC,0
GGAGCAGGTATGGGCC,0
GGAGCCACTAAGACAA,0
GGAGCCAGGCATTGGC,0
GGAGCGACCATAGCAA,0
GGAGCTGAGGATGGAG,0
GGAGGAAAAATCCGTA,0
GGAGGACGTACACAGG,0
GGAGGAGCAGATGTGA,0
GGAGGTGATTGAACGT,0
GGAGTGACGAACGCTA,0
GGAGTGACGTCGACAA,0
GGAGTGATAGTTAACC,0
GGAGTGTACTAGATAA,0
GGAGTTGGGCAAACAA,0
GGATAACCAAAACCAC,0
GGATAACGCCATCGGA,0
GGATAACTTTATCGGA,0
GGATAAGGTAATTCTC,0
GGATAATAAGGACCCA,0
GGATAATCTTGCCGGT,0
GGATAATGGCAGGGCT,0
GGATACAAAATTGTCG,0
GGATACAAATTATCTT,0
GGATACAACAAAATAC,0
GGATACAGCATTAAGA,0
GGATACCCTCTCTAAC,0
GGATACGTAAAAAAAT,0
GGATACTGCATACGAT,0
GGATACTTGCCCGGAA,0
GGATAGACTAAAGCCG,0
GGATAGAGGGTGCGAG,0
GGATAGCCGAGGTGTA,0
GGATATAACCCCTGGA,0
GGATATAATAAGAAAA,0
GGATATACTCGGGCCC,0
GGATATAGAACCCGAT,0
GGATATATACACAATT,0
GGATATATTAAGGTAT,0
GGATATCACCGCAATA,0
GGATATCCCCGATCAA,0
GGATATTAATGGCGCA,0
GGATATTACTCAATCA,0
GGATATTCACATTATT,0
GGATCATACTCCGAAA,0
GGATCATGAACTTCAC,0
GGATCCAAGAACCCAC,0
GGATCCATCCATAAGT,0
GGATCCGCGACCGAAG,0
GGATCCTTGCAAACAG,0
GGATCGATAATCTAAA,0
GGATCTAATTTAACAA,0
GGATGAAGAGGAGCCA,0
GGATGACGCGAATTTA,0
GGATGAGCTGCCCGTT,0
GGATGCATGTGGGATA,0
GGATGCTGTAGGTGAT,0
GGATGGCAGATGCACT,0
GGATGGTATGTTACCA,0
GGATGTACTTACATAC,0
GGATGTCCAAATACTT,0
GGATTAAAAATAATGT,0
GGATTAAAACCGTGAG,0
GGATTAAACCTAATAG,0
GGATTACTAACCCCAC,0
GGATTATATGGACAGG,0
GGATTATCATCACCAT,0
GGATTATTATATATCA,0
GGATTCGCAAGTGGAT,0
GGATTGAACTAGCCAA,0
GGATTGACGGCCTCGA,0
GGATTGCATAAACCAT,0
GGATTTGAAGCTGTGG,0
GGATTTGAGAATAACA,0
GGATTTGCGACTATGG,0
GGCAAAACATAACAAA,0
GGCAAACCAGGAAAAC,0
GGCAAACGACTGAAAA,0
GGCAAACTTTGAAAAG,0
GGCAAAGAACGCATAC,0
GGCAAAGTGGGTTTAG,0
GGCAAATAAACACAAA,0
GGCAAATGCACACTCA,0
GGCAACAAGATTTACA,0
GGCAACAATTACGCTG,0
GGCAACTATAACTACC,0
GGCAACTCCCAATAAC,0
GGCAACTTCTAAAGAA,0
GGCAAGAAAGGTTACT,0
GGCAAGCCCGCTGCTC,0
GGCAAGTGCACGCTTA,0
GGCAAGTTCCGCACCG,0
GGCAATTTACCTAGTC,0
GGCACAAATGACATCC,0
GGCACACAACAAAGTA,0
GGCACACAGCCTTTAT,0
GGCACACCCAAAAACC,0
GGCACAGGGCCAGGCA,0
GGCACGCGTTTCCAAA,0
GGCACGGAAGAGAATT,0
GGCACTACAAGCCCAA,0
GGCACTCTTCACATAA,0
GGCACTTATGGTCAAA,0
GGCAGACTCACTAGAA,0
GGCAGATTTATTACGG,0
GGCAGGAGAGTTAAAA,0
GGCAGGCTCTCACTCA,0
GGCAGTCGATATTCTG,0
GGCATAATTCCACCCA,0
GGCATCAATCCAAAAG,0
GGCATCAATGGGCACG,0
GGCATCGCAATCAGAG,0
GGCATCTAACATCTTA,0
GGCATGAACAACCATA,0
GGCATGGCAAGTGAGA,0
GGCATGGCGCACATAT,0
GGCATGTTATGTATCC,0
GGCCAAACAGAGCGTA,0
GGCCAAACAGCATAAG,0
GGCCACCAGACATAAC,0
GGCCACCCATTGTAGA,0
GGCCACGCATAATTTT,0
GGCCACTATGAATCAA,0
GGCCAGAACATTTGAA,0
GGCCATTAATTAACAA,0
GGCCCACGGGAAACTT,0
GGCCCCCAACAAAACG,0
GGCCCTGATCGAAACG,0
GGCCCTTAACTCCATA,0
GGCCCTTACTCGACTG,0
GGCCGCAATGACATAC,0
GGCCGTAACCTATAAA,0
GGCCTCACGCAGAAAA,0
GGCCTGAGTACCTATA,0
GGCCTGCTAATACGAA,0
GGCGAAACGTAAAAAA,0
GGCGAAGAACTTTGTC,0
GGCGAAGTTAACTAGC,0
GGCGACAAACCGACTT,0
GGCGACTAGACGTGCC,0
GGCGATAGTGCGCTTT,0
GGCGATCTGGTAGATC,0
GGCGATCTTCCACACT,0
GGCGATGACAAATACA,0
GGCGATTCTTACCAGT,0
GGCGCAATAAACCATT,0
GGCGCATAGGAAACTA,0
GGCGCCGACATACTAG,0
GGCGCCGTCAACAGAA,0
GGCGCGACCCATGTGT,0
GGCGCTTTATACGTGA,0
GGCGCTTTCCGAAAGT,0
GGCGGCTTGTTATAAC,0
GGCGGTAGAATTTTGC,0
GGCGGTGCTACCAAGA,0
GGCGTCAGCAGGCATT,0
GGCGTCATAGCGCTAT,0
GGCGTTAAGTGTATAA,0
GGCGTTAATTAAAGAT,0
GGCGTTATCAAAAAAC,0
GGCGTTCAAGCACTAA,0
GGCGTTGACTATAGGG,0
GGCTAATAGACGAACT,0
GGCTACCCCACTTCAA,0
GGCTACGTCTACATAC,0
GGCTAGAGGAAATCCC,0
GGCTATAATCATACTA,0
GGCTCATCGCACGAAT,0
GGCTCCAACTGACCTT,0
GGCTCCGAATACAGAC,0
GGCTCCTCAACGAAGT,0
GGCTCCTTTGGTGACT,0
GGCTCTATACGACAAC,0
GGCTCTCGAAACGGTC,0
GGCTCTCTAAACCACG,0
GGCTCTTTAAAGCGAC,0
GGCTGAACCATCAAAT,0
GGCTGCATTAGTTCAA,0
GGCTGCGCTGAGCAGA,0
GGCTGTAAAAGCTCAA,0
GGCTGTATAACGTTAA,0
GGCTGTCTGCAACATT,0
GGCTGTTTGGCACTAG,0
GGCTTACCTTTTAAAA,0
GGCTTACGCACTCCCT,0
GGCTTAGAAAATATGA,0
GGCTTCTGTCCTGTTA,0
GGCTTCTTAGGATAAA,0
GGCTTGATATAGTACG,0
GGCTTTATTAAAGTAA,0
GGGAAAACCTACAATA,0
GGGAAAACCTTACACT,0
GGGAAATCTTCCTACT,0
GGGAACAGGAAGCTTA,0
GGGAACGGGGCCAGAC,0
GGGAACTGTTGGCAAA,0
GGGAAGACCCGATCAG,0
GGGAAGATAAAGAGAA,0
GGGAATACCGACGCGA,0
GGGACAACACATAAAC,0
GGGACCCAACCAAATA,0
GGGACCTTCAACACTA,0
GGGACGATTCATAAAA,0
GGGACGGACACACTCT,0
GGGAGAAAAATGAATA,0
GGGAGAATGAACTCGG,0
GGGAGAGTCTACCTAC,0
GGGAGGCGAATAAGCT,0
GGGATAAGTGATGCAT,0
GGGATAATTAGCCAGT,0
GGGATACATAAAGACT,0
GGGATATGGTATCTCA,0
GGGATCCTGAGCGAAA,0
GGGATCGAACATCTAA,0
GGGATCGGCATTTTGA,0
GGGATTATAAGATATT,0
GGGATTCAGATTGAGT,0
GGGATTCGCTTAAAAC,0
GGGCAAAACATACTCT,0
GGGCAAAACTAAGCTT,0
GGGCAATAAAGTAACC,0
GGGCACCGATTAATAA,0
GGGCCAAACACGATAG,0
GGGCCCTTTTATAATA,0
GGGCCGTGAAAGATAA,0
GGGCCTACTCCAAAGA,0
GGGCGAATAGTAAAAC,0
GGGCGATGAAATGACT,0
GGGCGCACGTTGGTAG,0
GGGCGGATATAACAAC,0
GGGCGGTATAAGCTAG,0
GGGCGTGAAAGTAGGT,0
GGGCTAACTTGGAATA,0
GGGCTATGGAAAATGT,0
GGGCTATTGACCCTTA,0
GGGCTCCTTTCTCACC,0
GGGCTGACTATTGAGA,0
GGGCTGATCGAATCGA,0
GGGCTGGTGACTGACG,0
GGGCTTAATTTCCATA,0
GGGCTTTCAATTACAC,0
GGGGAACATCATACTA,0
GGGGAACTAACAAAGA,0
GGGGAATTCGAACACA,0
GGGGACGAGATGAAAC,0
GGGGACGTCTTGCAAT,0
GGGGACTGGGAGACAA,0
GGGGAGTGATTGACTC,0
GGGGATTCTCTTACTT,0
GGGGATTTAAATCGAA,0
GGGGCATTGATCTCGC,0
GGGGCGGAGATACCTC,0
GGGGCTCGCCGTTACA,0
GGGGCTCTCTAAGCGG,0
GGGGGACTACCGGTTA,0
GGGGGCACATACCTTA,0
GGGGGGTAAAACAGAG,0
GGGGGGTGTAAAAACG,0
GGGGGTAGTTTTGGCG,0
GGGGGTATAATCAAAA,0
GGGGTACATAGTCAAA,0
GGGGTATGGGACTGAC,0
GGGGTCATAAACGAGA,0
GGGGTTTCAAAATCTA,0
GGGTAATCAAATACCC,0
GGGTACAAAAATTAAC,0
GGGTACAAGTCCAGGT,0
GGGTACAGGCCATCAA,0
GGGTACTAAGAACAAT,0
GGGTAGACACTCGCAT,0
GGGTAGCGAGTACCAA,0
GGGTAGTCCACTATTT,0
GGGTATAAGCCCCATT,0
GGGTATCGAAAATACA,0
GGGTCAGAGCCGATAG,0
GGGTCCACAACAAATT,0
GGGTCCACTTGTCTTT,0
GGGTCCAGTCTATCAC,0
GGGTCGGAGAGCTCGT,0
GGGTCTGACGAACCTG,0
GGGTGATAATATCACA,0
GGGTGATATATATAAC,0
GGGTGCCATTCGAGTG,0
GGGTGGCATATCAGGG,0
GGGTTACCTTATCACA,0
GGGTTCGATATATGCG,0
GGGTTCTTATTATTAC,0
GGGTTTTAAGTCTGAA,0
GGTAAAACACGCAGCC,0
GGTAAAAGACAATAGG,0
GGTAAAGATTACAACG,0
GGTAAATAAATTTAAA,0
GGTAACAGTTAGTTAT,0
GGTAACTGGCGGCACA,0
GGTAAGATCACAATCC,0
GGTAAGGTTTGCACTT,0
GGTAATAACTAATACT,0
GGTAATAAGAGGTTAG,0
GGTAATCTCAATATGT,0
GGTACAACCCAAGTGG,0
GGTACACCACACACAA,0
GGTACACGGGTACGAT,0
GGTACATTCCGTGACG,0
GGTACATTGAAACTAA,0
GGTACCAAAAAGCTTC,0
GGTACCAAGAATGAAC,0
GGTACCAAGCTAAAAC,0
GGTACCAATAGATGAT,0
GGTACCAGTCGCGCGT,0
GGTACCATGACAAAAA,0
GGTACCCAAAGATTAA,0
GGTACCCGTTCTTAAA,0
GGTACGACATTTTCCT,0
GGTACTCCATATTTAC,0
GGTAGAACAGACCCTG,0
GGTAGAATGTATAAAA,0
GGTAGACAGATGGTCC,0
GGTAGATGGCTAGGCT,0
GGTAGCAAACATTCAA,0
GGTAGTGTTAAATACT,0
GGTATAACCACTAGAC,0
GGTATAACCGCACACT,0
GGTATAACGTTTCAGT,0
GGTATAGAATATCCCT,0
GGTATATAAAGTTTAC,0
GGTATATGACTCCGGC,0
GGTATCGATTGCCTTA,0
GGTATCTCTTAAGTGG,0
GGTATGCGGTTGAAAA,0
GGTATGGGCATCTTCG,0
GGTATTTAATAACGCT,0
GGTATTTTCTCATTAC,0
GGTCAAAATCATAAAG,0
GGTCAAGGTTAAGCTG,0
GGTCAATCACCATACT,0
GGTCAATCGTATCACA,0
GGTCAATTAACCTCAC,0
GGTCACAAAAAATATA,0
GGTCACAAAAGCTTTG,0
GGTCACAAGAATGCAA,0
GGTCACAGCAAAGTCT,0
GGTCACGTAAAGAAAT,0
GGTCAGCTCGCCATGT,0
GGTCATAGCATTCGTG,0
GGTCATCTCCCATATC,0
GGTCATTCCACTCCTA,0
GGTCCCAAGTAAACGA,0
GGTCCCATACGATAGC,0
GGTCCCGGTGATACTT,0
GGTCCGTCCCAAAATA,0
GGTCCTAAAGACGTAT,0
GGTCCTCAATGCGTGT,0
GGTCGAACCAAATTAT,0
GGTCGAATGAACCGCT,0
GGTCGCTATTCCACCG,0
GGTCGGCACACTACAT,0
GGTCGTGCATCTATTC,0
GGTCTAACCTCAACAT,0
GGTCTGAAATAGGACA,0
GGTGAATCTTGGTTAC,0
GGTGAGATCGTGTTAG,0
GGTGATAGTATTAACC,0
GGTGATGATAAATGAA,0
GGTGCAAAGCACAGTG,0
GGTGCATCACAACATA,0
GGTGCCTAGCTCTATT,0
GGTGCCTATGAGCGCC,0
GGTGCGATGATCATTC,0
GGTGCGCATTGCAACA,0
GGTGCGCTCGAGGTGT,0
GGTGCTATGAAAACGC,0
GGTGCTCTGGATACCT,0
GGTGGATACCCTCGTC,0
GGTGGATAGAAAGCTT,0
GGTGGCGCGATGTACA,0
GGTGGGGTGCCTTATC,0
GGTGGTACAAAGTGAC,0
GGTGGTACCTTCTAAG,0
GGTGTAACAAGAACGC,0
GGTGTACAACCCTCGA,0
GGTGTACTAGTTAAAG,0
GGTGTACTATCAAATA,0
GGTGTGCTGTCAAGGC,0
GGTGTTCAACAACGCA,0
GGTTAAAAGAAATTGC,0
GGTTAAAATTTAGAGA,0
GGTTAAACCAACGTAG,0
GGTTAAACTTTTCCAA,0
GGTTAAATAATCCGTA,0
GGTTAACACCAAATCC,0
GGTTAATAGCGTTTCG,0
GGTTAATAGTACAATT,0
GGTTAATCAGCGAATC,0
GGTTACAATTAACCTG,0
GGTTACCACCAAATCT,0
GGTTACTATATAACAA,0
GGTTAGAAGCGTGGAA,0
GGTTAGACCTAGTACA,0
GGTTAGATACGAATAT,0
GGTTAGGCGGCACCCA,0
GGTTAGTAAGTAGACA,0
GGTTAGTACCACCAAA,0
GGTTAGTGAACCATAG,0
GGTTATACAGCTTTAA,0
GGTTATCATGAAAAGT,0
GGTTATCCCAACCTTT,0
GGTTATGATGGGCATA,0
GGTTCACAAACCTAGA,0
GGTTCACACGACTTCT,0
GGTTCATCAAGGTGGG,0
GGTTCCATAAAAATCC,0
GGTTCCTCTATCCCCA,0
GGTTCGAAGCCCCCAC,0
GGTTCGATATACATAA,0
GGTTCGTGCAAAAAAA,0
GGTTCTCCTCTAGACG,0
GGTTCTGCCACTGATA,0
GGTTCTTAAATCACAT,0
GGTTGAAATCTGTTTA,0
GGTTGAACCGTGTCAA,0
GGTTGACTCTAATAGA,0
GGTTGAGTAAATCGGA,0
GGTTGATAGGGCGCGA,0
GGTTGCAACTAGTAAA,0
GGTTGCACTATGCTAA,0
GGTTGGTCTTTCAAGT,0
GGTTGTCCAGCAAGAA,0
GGTTTAATTAATCAGG,0
GGTTTGAAAAAAGTAC,0
GGTTTGAGTCAGCGCG,0
GGTTTGCCCTAATTAG,0
GGTTTGCCTATATCTG,0
GTAAAAAACTCATTCT,0
GTAAAAACAGCCATAT,0
GTAAAAACTTACCTAA,0
GTAAAAAGGAAACTAT,0
GTAAAACAAGAGCCAG,0
GTAAAACCTAAACCCC,0
GTAAAAGAAGAAAACT,0
GTAAAAGACGCTTGTA,0
GTAAAAGATCTAAGTT,0
GTAAAAGCGAGTGAGA,0
GTAAAAGGACCCGGAG,0
GTAAAATACTCTAGTA,0
GTAAAATCAGATGCTA,0
GTAAAATGAGTTAAGC,0
GTAAACAAACTATATG,0
GTAAACAGATAAGGCT,0
GTAAACATCTTCAAAG,0
GTAAACGCTAGCGTAT,0
GTAAACTGCCTGCTAA,0
GTAAACTGTATGTGTG,0
GTAAACTTTTGGAGTT,0
GTAAAGAACAAAATCA,0
GTAAAGAATGATGAGA,0
GTAAAGATAACTGCAC,0
GTAAAGCATGGACATA,0
GTAAAGCCGCAAATAT,0
GTAAAGTCAACCACAA,0
GTAAAGTTGCCAGAGA,0
GTAAATACAATGTTCA,0
GTAAATATACTTAAGT,0
GTAAATCCAAGAGGGG,0
GTAAATCGTTGAAAGT,0
GTAAATGAAACCATTT,0
GTAAATGGAAGAATTC,0
GTAAATGTCTTTGGGT,0
GTAAATTGATTAAAAT,0
GTAAATTGCAATTAAC,0
GTAACAATACATGTAA,0
GTAACAATGGGCCCTG,0
GTAACACGAAAAACAA,0
GTAACAGAACGCTAAC,0
GTAACAGCCTTTAGCC,0
GTAACCACCAGGAGTG,0
GTAACCATGTTCCTTA,0
GTAACCCACGGTAACT,0
GTAACGACTCCATGGA,0
GTAACGATATAACAAC,0
GTAACTACCGGTGGTA,0
GTAACTCCCAAGCTTG,0
GTAACTGAAGCACACA,0
GTAACTTACCACAACT,0
GTAACTTTAAATCTTT,0
GTAAGACAACTATTTT,0
GTAAGATGTCCACATC,0
GTAAGATTACCAACGG,0
GTAAGCAGAATATCAA,0
GTAAGCCACAAAGAGC,0
GTAAGCGCAATTCCTA,0
GTAAGCGTGACAATAA,0
GTAAGGCAATCTTAGA,0
GTAAGGCATATTTTTT,0
GTAAGGTACTACGAGG,0
GTAAGTCTTTTATAAT,0
GTAAGTGAGAAACAAG,0
GTAAGTGGATACAAAC,0
GTAAGTGTGCAAGCCC,0
GTAAGTTCGAATATTG,0
GTAATAACCGGCACAG,0
GTAATACAGGACTGAA,0
GTAATACCCTAAAAGG,0
GTAATACTGTTTCAAT,0
GTAATAGTCATCATGC,0
GTAATATAGATTCAGA,0
GTAATCAATAATCGAC,0
GTAATCACTACGGATT,0
GTAATGAGACTTAACG,0
GTAATGCGGTTAATCT,0
GTAATTAAGTTATAGT,0
GTAATTATTGGACTCT,0
GTAATTCATTAAATAG,0
GTAATTCCACAGACTA,0
GTACAAATACAAAATC,0
GTACAACCATCAGCGT,0
GTACAACTAGATTCTG,0
GTACAAGAGATACCTT,0
GTACAAGTAGATTACC,0
GTACAATAAACTGATA,0
GTACAATACGTACATG,0
GTACACCTGAATTCCG,0
GTACACTAAAAAGGCA,0
GTACAGAACGAACATT,0
GTACAGAAGGAACCCC,0
GTACAGACATAAATGA,0
GTACAGCTACAGTAAT,0
GTACAGTACTCAATTC,0
GTACAGTTTGGAGCAC,0
GTACATATTCATACAC,0
GTACATGACAGCAAAA,0
GTACATGTGCACAGCA,0
GTACATTACCTCTAGA,0
GTACATTAGTGGGAAC,0
GTACATTCATAAGCAC,0
GTACATTCTTTGCCAT,0
GTACCAAAAAATGAAG,0
GTACCAGAGCCAAAAC,0
GTACCATAATCCGTTA,0
GTACCATCTACAACGC,0
GTACCCAATCATCCAG,0
GTACCCCCTATGTCTG,0
GTACCCGGGTATGCAC,0
GTACCTAATCTTCGAC,0
GTACCTGCGGTCTAAG,0
GTACGAACATTTCAAT,0
GTACGACACGATAAGA,0
GTACGACCATTCAAGC,0
GTACGATAACGTCCGT,0
GTACGCTACAAAAAGC,0
GTACGGGTTTCACGAA,0
GTACGTGGCACAGACC,0
GTACTAAAAGGCAATA,0
GTACTAACTAGCTAAA,0
GTACTAAGTCATCCTA,0
GTACTCCAACAGCAAC,0
GTACTGGCTAACCCGA,0
GTACTGTTCGGAGGCA,0
GTACTTACTTTTTATT,0
GTACTTCGCCAACACC,0
GTAGAAAAAATTAATT,0
GTAGAAAAACCAATAT,0
GTAGAAAACGTGTTGA,0
GTAGAAACCTCTATTA,0
GTAGAAATCACCTTAG,0
GTAGAACAAGATCATG,0
GTAGAACCTAAACCCC,0
GTAGAACTGAAACGAA,0
GTAGAATAAACCGATG,0
GTAGAATTAGTGTCGC,0
GTAGACACTACTGACA,0
GTAGACCCCGGTGGAA,0
GTAGACCTAGAGCATC,0
GTAGACGGCTGATCCC,0
GTAGAGCAATTTTTCT,0
GTAGATATCGCTAACG,0
GTAGATCAGTTCCCTT,0
GTAGATCTCTATCTAG,0
GTAGCAACACATAGGA,0
GTAGCAATAGACAAAT,0
GTAGCCTATTGTGGAA,0
GTAGCTTCACGAAAAG,0
GTAGGACTGCGTTCTG,0
GTAGGATAACATATAT,0
GTAGGCCCAGCCGATT,0
GTAGGCTTTGACCTGC,0
GTAGGTAACGCCCTAT,0
GTAGGTGCAACAAACC,0
GTAGTACCAAAAACGG,0
GTAGTACGCTGCGCGA,0
GTAGTCAAAGACTTTT,0
GTAGTCGAATATAGAT,0
GTAGTTACGAATCACT,0
GTAGTTCACCAAGAAC,0
GTAGTTGGTGTTTATG,0
GTATAAAAACATTAGA,0
GTATAAACCAAATAAT,0
GTATAAAGAATATACG,0
GTATAAATCCACCCTG,0
GTATAACAAATTGAGA,0
GTATAACAGATTAGTT,0
GTATAACATCGGACAC,0
GTATAAGTATTATCAA,0
GTATAAGTTCCACGCA,0
GTATAATAATCAGTGT,0
GTATAATATATGTGAT,0
GTATAATGGTCGAAAA,0
GTATAATTACCGTACT,0
GTATACAAAGATTCCA,0
GTATACAACTACACCG,0
GTATACACAAAACGTT,0
GTATACACATGTCTTG,0
GTATACCCAGTTTAAA,0
GTATACCGCAGTGGGT,0
GTATAGCAAAAACCAT,0
GTATAGCGTCAGAGAA,0
GTATAGCTGGAACAGT,0
GTATAGTCTAAATTAA,0
GTATAGTCTGCCGGCG,0
GTATAGTTTCCCAGAC,0
GTATATAAAAATGCCA,0
GTATATAGAAGGATCT,0
GTATATCAGAATCGAA,0
GTATATGACGAGAACC,0
GTATATTACCAGCACT,0
GTATATTAGTTGGTCG,0
GTATCAAACAAAGCCT,0
GTATCACCATGTGAGC,0
GTATCACCGTGCATGA,0
GTATCAGGCTTTTTCC,0
GTATCATACCACCGAT,0
GTATCATGTACCGAGA,0
GTATCCATAATGTTAT,0
GTATCCTCGGTTTATA,0
GTATCGGTCCGTCTAG,0
GTATCTAAAAGATCTA,0
GTATCTGCACGAAAGA,0
GTATCTTACCCCCTCT,0
GTATCTTCGGTAATAT,0
GTATGACAAAGTCAAT,0
GTATGACCGGAATCCT,0
GTATGGATTCTAACCG,0
GTATGGCACCGTTTCA,0
GTATGGCCAAAGCCTG,0
GTATGGGTGAACGGTT,0
GTATGGTCTGCGTCCT,0
GTATGTAACCTAATAA,0
GTATGTAATGAGAAAG,0
GTATGTCAACAATTCT,0
GTATGTCCCTGCGAAA,0
GTATGTTAATACATTC,0
GTATGTTAATATAACA,0
GTATTAAGTATGTAAT,0
GTATTACCATAGATAC,0
GTATTACTAATTAACA,0
GTATTATAATAACGCT,0
GTATTATTTATAAGAC,0
GTATTCATACAATGCA,0
GTATTCCAGCACTTCA,0
GTATTCCTGGCAATTT,0
GTATTCTTAAATTAAA,0
GTATTCTTTATAGCGC,0
GTATTGAAACATACCT,0
GTATTGCTTTGAGAGT,0
GTATTGTCTAAAATAG,0
GTATTTGAAAGCAGTC,0
GTATTTTCTATTAACC,0
GTATTTTTGAAAAACT,0
GTCAAAAATAGTAATT,0
GTCAAACCGCACACAG,0
GTCAAACCGTGCAGTT,0
GTCAAAGTTCATTGGG,0
GTCAAATTACCGAATC,0
GTCAACAAAAATACTA,0
GTCAACCAAGTATGTC,0
GTCAAGAAGTTATCTA,0
GTCAAGACTGAAACTC,0
GTCAAGATAATCAACT,0
GTCAAGATTTTCGAGT,0
GTCAAGCACAAAATCA,0
GTCAAGGTAGGTTAAA,0
GTCAATGTTGCATAAA,0
GTCACAAATTATACCG,0
GTCACACCGTCATCAC,0
GTCACATTGTTGGTTA,0
GTCACCATGCTATTAG,0
GTCACCCGCTCGCACG,0
GTCACCGAACACTGAC,0
GTCACCTATATTATGG,0
GTCACGACCAGACGGG,0
GTCACGCCTTAACTTA,0
GTCACGTCCCGAAGAC,0
GTCACTCCAAGTTCAT,0
GTCACTCGTGCATCAT,0
GTCAGAAAGTTGCTAA,0
GTCAGAACATTAAGGA,0
GTCAGAAGCGTCACAT,0
GTCAGACATATTATTA,0
GTCAGAGAACGACAAG,0
GTCAGAGCCAACTACA,0
GTCAGCAGCGAGAAAT,0
GTCAGCATCGTTAAAA,0
GTCAGGCATAAAACTA,0
GTCATAAAGCAGGCGG,0
GTCATACATTACAGCG,0
GTCATACTGGTGAATG,0
GTCATAGAGGGAACCC,0
GTCATATAAAAAAGTG,0
GTCATATGCAGAGATA,0
GTCATCAACCCGCAGT,0
GTCATCTGAAATGTTT,0
GTCATGAACTGTTATC,0
GTCATGACGTACCCAG,0
GTCATGGACGAAAAGA,0
GTCATGTCGCTTAAAT,0
GTCATGTGAGTAAAAC,0
GTCATTAAGACTTTAG,0
GTCATTACGTCAAACA,0
GTCCAAAAATCAATTT,0
GTCCAAAATGGAAACC,0
GTCCAACGATAACCTT,0
GTCCAACGCCCTTATA,0
GTCCAATAAGAGCGGA,0
GTCCAATCGGAAGTTC,0
GTCCACACCCATATTT,0
GTCCACCTACCTGATT,0
GTCCAGACCTAGAGAA,0
GTCCAGCAAAGTACTT,0
GTCCAGCGTAAATGAC,0
GTCCAGTACGCAATAC,0
GTCCATAACACAGCCT,0
GTCCATAGCGAAACGT,0
GTCCATGACACCTAAA,0
GTCCATGAGCCCCTTC,0
GTCCATTAGGCCAGAT,0
GTCCCAGATTGTGCAT,0
GTCCCAGTTTTCATCG,0
GTCCCCAACCGTAAAA,0
GTCCCCGCGCTGCAAT,0
GTCCCCTCAAATCTAC,0
GTCCCGAATTCGTACA,0
GTCCCGCCGACAACCA,0
GTCCGATAATGAATTC,0
GTCCGATATAGAACAA,0
GTCCGATTCCTGTGAG,0
GTCCGCCACGTATCAA,0
GTCCGCCCCAACTTCA,0
GTCCGCGCCTAGAAAA,0
GTCCGCTTATTTAGTA,0
GTCCGGACTGCACCAT,0
GTCCGTTGAAATACCT,0
GTCCGTTGGAATACCT,0
GTCCTAAAGTCCGACT,0
GTCCTCTGTAATGCCC,0
GTCCTGCAACTACCCA,0
GTCCTGGAACCAGCAG,0
GTCCTGGCTCCAGCAT,0
GTCGAAACCGAATCAT,0
GTCGAACCACAGTTAA,0
GTCGAACTAAGAAGCT,0
GTCGAATCCAGGGGAG,0
GTCGACAAAACCTTCA,0
GTCGACTCAGATGTCA,0
GTCGAGCTTACGCTGA,0
GTCGATCTTACGCATA,0
GTCGATGCACACTGAT,0
GTCGCAAATACCACCC,0
GTCGCAACATATTACC,0
GTCGCACGATCGTGCC,0
GTCGCAGTTACACCAT,0
GTCGCCAATTCGATTG,0
GTCGCCATAATAATGG,0
GTCGCCTATAGTGCGC,0
GTCGCGAAATTACATG,0
GTCGCTCAATTGCAGG,0
GTCGGAAAAAACCGAC,0
GTCGGACAGGTTTGTG,0
GTCGGACCGTAGTAAT,0
GTCGGACTCTGAAAAC,0
GTCGGATACGGCTAAC,0
GTCGGCAAACTGCCCA,0
GTCGGGCCTTAAATTC,0
GTCGGGGGCAGCGAGT,0
GTCGTAAGATAGACCT,0
GTCGTACACCGAATGT,0
GTCTAAAATAATGCAA,0
GTCTAACGAACTCGCT,0
GTCTAACTATTTGAAA,0
GTCTAACTGGAAAAAA,0
GTCTAATGTGAGACAT,0
GTCTAATTTCGACGTA,0
GTCTACGAGGTATATT,0
GTCTAGAACCGTATAT,0
GTCTAGATTATCAAAT,0
GTCTATATCAACATAA,0
GTCTATGTCCCTCCGA,0
GTCTATTGCCGTAAGT,0
GTCTCATTTCCAGCCG,0
GTCTCCAAGTGTATGC,0
GTCTCCAGTCTTCTGC,0
GTCTCGACTACATCTC,0
GTCTCGTAAATGCTAC,0
GTCTCTGGGATCTAAC,0
GTCTGACTATCCTAAA,0
GTCTGCATAACGCGTA,0
GTCTGCCGACAAGAAG,0
GTCTGGTCGTACGAAT,0
GTCTGTATACTATCCT,0
GTCTGTTCCGAAGAAA,0
GTCTTAAGCTGTGGGT,0
GTCTTACAGTAGGTGA,0
GTCTTACGAGACAACC,0
GTCTTAGCACAAACGC,0
GTCTTATAAAAAACTA,0
GTCTTCCAAGAGGTAC,0
GTCTTCCTCGAATTCA,0
GTCTTGAAGCAAGAGG,0
GTCTTGACTAGGCCTT,0
GTCTTGCAAATGGCAA,0
GTCTTGCCACAGTCAC,0
GTCTTTGTTAAGCATA,0
GTCTTTTGCCCATTAT,0
GTGAAAAAACTTAGCT,0
GTGAAAACTCTAATTG,0
GTGAAAGATCTTTGAG,0
GTGAAAGCTGTATCTA,0
GTGAACACATAAGCTA,0
GTGAACGAGTTTTGAA,0
GTGAAGACCCGATAAA,0
GTGAAGCGCTTGTGCG,0
GTGAATAAGAGTGGGT,0
GTGAATAAGTGACCTC,0
GTGAATAATTTAGTGC,0
GTGAATAGGATGTGTA,0
GTGAATGACAACAGCA,0
GTGAATTATAACACAT,0
GTGAATTTGTGAATGT,0
GTGACAAAGAAGTTCA,0
GTGACAAATTGTTGCC,0
GTGACACTAAAACACA,0
GTGACCCATATACCCT,0
GTGACCTATGCCCCTT,0
GTGACCTCTTGAAGTC,0
GTGACGAGAGGGTGTG,0
GTGACGGGCAAATAGT,0
GTGACGTTTGATCTGC,0
GTGACTAAATAGAGTA,0
GTGACTATGGTAAGGT,0
GTGACTGACTTTAGAT,0
GTGACTGGCATAGCCA,0
GTGACTGTGCCTAGAT,0
GTGAGACAACATAAGA,0
GTGAGACTGTAGACAC,0
GTGAGCAACATAAGAC,0
GTGAGCCACAACTCGT,0
GTGAGGAATACTTAGC,0
GTGAGGGTAGCATATC,0
GTGAGGTCAACCTAAA,0
GTGAGGTTGTATAGTG,0
GTGAGTACCCCCTCAA,0
GTGAGTTTCAGACCAG,0
GTGATAAAACACTTAG,0
GTGATAGAGGCACCCA,0
GTGATAGATGCACGGA,0
GTGATATGCCCGTAAA,0
GTGATCAAAATACAAG,0
GTGATCACTTGAGATG,0
GTGATCCACCTTAGTT,0
GTGATGCCCCCTCTGG,0
GTGATGCTAACATGAG,0
GTGATTGGAGTCAAAT,0
GTGATTTCAATCGAAA,0
GTGCAACCCATTCCGA,0
GTGCAACCCTCAACAA,0
GTGCAAGTACGTAATC,0
GTGCACATGAGTTCCC,0
GTGCACCACTCACCTT,0
GTGCAGATAATCAAAT,0
GTGCATAAACTGGAAC,0
GTGCATATAATAAGAT,0
GTGCATATCTTCGATC,0
GTGCATGAGTTTTTTG,0
GTGCCACCAATCTGTC,0
GTGCCAGATGCCCCTA,0
GTGCCATAACCAAAAT,0
GTGCCCACGGAAAATC,0
GTGCCGAATTACCATC,0
GTGCCTAGATTCAAAA,0
GTGCCTATAATAACCA,0
GTGCCTCCGAGATCCA,0
GTGCGACTTAACGAAT,0
GTGCGTCCGACTTAGC,0
GTGCTCAACTTTGCCT,0
GTGCTGACATGCAGAA,0
GTGCTGATCTAAATAT,0
GTGGAAATAGTATTCC,0
GTGGACAATCAAAAAG,0
GTGGAGGTTGAATCAT,0
GTGGAGTGTTACAAAA,0
GTGGATGAGCAAACCA,0
GTGGCACGAAGGTGTA,0
GTGGCACGCATGTCTA,0
GTGGCACGTCAGCCCC,0
GTGGCCCCATACTATT,0
GTGGCGTTACTCGTTT,0
GTGGGAACAGGCGGTA,0
GTGGGACCTATCAATC,0
GTGGGACTGAAGTAGT,0
GTGGGCAATTTAGGCT,0
GTGGGTTCGATTTACT,0
GTGGTAGCCTGAGGAA,0
GTGGTATCCTGGTTTA,0
GTGGTCAACGAAACAT,0
GTGGTCAATAATAAGG,0
GTGGTCTAAAGTGTGT,0
GTGGTGATGCACGTGA,0
GTGGTGCATAAAGACT,0
GTGTAACAAACTATAA,0
GTGTAACGATACTGCA,0
GTGTAATGCTAGGCGC,0
GTGTACTCTAATATTC,0
GTGTACTGGTATCTAT,0
GTGTAGCTTGAACTCT,0
GTGTAGTGCATAGTAA,0
GTGTAGTTGTACTGGA,0
GTGTATAAGTTCGAAA,0
GTGTATGATGCGATTA,0
GTGTCACTCATCTTCT,0
GTGTCATGAATAACTG,0
GTGTCCCATATTGACA,0
GTGTCCTTAATCGAAA,0
GTGTCTTGCTTTTGAA,0
GTGTCTTGCTTTTGCA,0
GTGTGAGGCTAAAACA,0
GTGTGATTTGCCCAGC,0
GTGTGCGGTTGTTCAT,0
GTGTGGGACATATAAA,0
GTGTGTAAAAACATAG,0
GTGTGTAATATTCAAA,0
GTGTGTCTGATACTCG,0
GTGTTAAATGCCCGAC,0
GTGTTAAGAGATGAAA,0
GTGTTACGAGTAATCA,0
GTGTTACGGTTTCAGG,0
GTGTTAGTCTCCACCA,0
GTGTTATATTGCGAAC,0
GTGTTCAATGAAGTCT,0
GTGTTGATTGTACTTA,0
GTGTTGTCTTGTGTAG,0
GTGTTTAATATCATTT,0
GTGTTTAATTGGGACT,0
GTTAAAAATCCAAAAT,0
GTTAAAACATGCTAAG,0
GTTAAACGATAATGAA,0
GTTAAAGTCATCAAGA,0
GTTAAATGCGTATTAA,0
GTTAAATGGAATACAA,0
GTTAAATTACCAACAA,0
GTTAAATTACGTTTAG,0
GTTAAATTATTTGAAT,0
GTTAACATCAACACAA,0
GTTAACCATGGGACGA,0
GTTAACCCGAGATCTC,0
GTTAACCTCGAACAGA,0
GTTAACGACACAAAGT,0
GTTAACGAGCATTGGG,0
GTTAACTTCATATGGA,0
GTTAAGCAACGTACCA,0
GTTAATACATCCGGAT,0
GTTAATATAAAAAAGG,0
GTTAATCAAGGTCTGC,0
GTTAATCCAGATGAGA,0
GTTAATGATATAATAC,0
GTTACAAAATAAATAA,0
GTTACACAGCAGAAGG,0
GTTACACGTTCTCATG,0
GTTACACTTTAATCAG,0
GTTACATCAATGGCAC,0
GTTACATCCGGCGAGA,0
GTTACCGCAAACCCAA,0
GTTACCGTTTTAAAGG,0
GTTACCTAGTTTTAGA,0
GTTACCTATCTTGGAA,0
GTTACGAGAGCTCGCT,0
GTTACGCTGAGTCAAG,0
GTTACGTGAAAATGAA,0
GTTACTAACATATAGT,0
GTTACTACACAAGTTA,0
GTTACTATGCCGCCTG,0
GTTACTCTCAACTGAC,0
GTTACTCTTCGACAAC,0
GTTAGAACTAGTTACA,0
GTTAGAATCAAGGGTC,0
GTTAGACCACTTGAAT,0
GTTAGACGCTCGCCAA,0
GTTAGATCTTGATCTC,0
GTTAGCCAACTAAACA,0
GTTAGCCAATGAAACA,0
GTTAGCCCTCCCTTTA,0
GTTAGCCTATCCTATA,0
GTTAGTAACAACTTCA,0
GTTAGTCCTATGTGAA,0
GTTAGTTATCGTGACA,0
GTTATAAACCGTGCGT,0
GTTATAATGACGCAGA,0
GTTATAATTACCAGAT,0
GTTATACAAATAACTT,0
GTTATATCAGGTGAAC,0
GTTATATCCAGTGCAC,0
GTTATCAAAAAGAAGT,0
GTTATCCAACATCCTA,0
GTTATCGCACAGGCCC,0
GTTATCGCATCCAGCA,0
GTTATCGCATTCCGAC,0
GTTATGAAGGACTAGC,0
GTTATGATACGCTCCC,0
GTTATGGTATTGGATA,0
GTTATGTATTATCTAA,0
GTTATGTTACCGCAAA,0
GTTATTAGACGTCCAA,0
GTTATTCAGGAACAAT,0
GTTATTGCGATCTTTA,0
GTTATTTTAAACTTAG,0
GTTCAAAGCGACGCCT,0
GTTCAACATTTTGTCT,0
GTTCAACTCTCTGATA,0
GTTCACAAAAAAATAG,0
GTTCACCATTACATCC,0
GTTCACCGATATGCAC,0
GTTCACTTGGCATAAT,0
GTTCAGAATGGGAGCT,0
GTTCAGAGATGATAAA,0
GTTCAGCAAATTCATC,0
GTTCAGCACGCAGTTG,0
GTTCAGCCGGCCATTT,0
GTTCATCAATCTCTGA,0
GTTCATCTTTCACGTG,0
GTTCATGATGGTGGCA,0
GTTCATTACCGTATTT,0
GTTCCAAAAAACCCAT,0
GTTCCAACACCATTCC,0
GTTCCACAGTGTACTC,0
GTTCCAGCTTACAGCA,0
GTTCCATGACCAACAG,0
GTTCCCTTGTGGGACG,0
GTTCCGGGAAGTCCTG,0
GTTCGACTACACGATA,0
GTTCGACTAGTCAACG,0
GTTCGATTAACCACAG,0
GTTCGATTTGATAACC,0
GTTCGCAAATCCCTCC,0
GTTCGGACTCTTACGT,0
GTTCGGAGACCATATC,0
GTTCTAGCTGTCAACG,0
GTTCTCACACAAGCTC,0
GTTCTCACTGAAAGCA,0
GTTCTTAAACCGGCCA,0
GTTCTTAAACTACCGA,0
GTTCTTAAAGAAATAA,0
GTTCTTGTACACCCGC,0
GTTGAAACGAACGTGG,0
GTTGAAACTTAAAGTA,0
GTTGAACAAAGAATCA,0
GTTGAACAACCCAGGT,0
GTTGAATATCCCCCGG,0
GTTGACAGAAGAAACG,0
GTTGAGATCGAACACG,0
GTTGAGCAAACCTACG,0
GTTGAGTTGAACTTAA,0
GTTGATTATGTTCAAT,0
GTTGATTCTATACTAC,0
GTTGCAACTAAACCGA,0
GTTGCAACTGCAACCA,0
GTTGCAGTGGAACCTC,0
GTTGCCCCTTTACCCC,0
GTTGCCGCACTAATCA,0
GTTGCGTGAGGCCCAA,0
GTTGCTAGGACTAGCA,0
GTTGCTTGTGATAAAT,0
GTTGGAGAACTCTTTC,0
GTTGGATATGCACTGC,0
GTTGGCCCTATTAAAA,0
GTTGGCTAATGCACAT,0
GTTGGCTTGAACGGGC,0
GTTGGGCCGTGCCAAT,0
GTTGGTTGCTATTAAG,0
GTTGTACAGTTGGATA,0
GTTGTAGTAAGAAGCA,0
GTTGTATGAGCACGGC,0
GTTGTGATAAATTATA,0
GTTGTGCACTTAATAC,0
GTTTAAAAATAGATAT,0
GTTTAACATTGAAACT,0
GTTTAACCCGTAAACC,0
GTTTAACCCTATTTAG,0
GTTTACGCACAAGATT,0
GTTTACGTAGGGTTTA,0
GTTTAGACCTTTAAAA,0
GTTTAGCGTTCATATG,0
GTTTAGTATCAAGACA,0
GTTTATCAACACACGA,0
GTTTATCGAGTAAGCT,0
GTTTATGCAAATTAAC,0
GTTTATTAAATGTCAG,0
GTTTATTACACACCAA,0
GTTTCAAAGCAAAAGC,0
GTTTCATTACCGCACC,0
GTTTCCCCAGTACTAG,0
GTTTCCCCCATTTTAA,0
GTTTCCGAATCAAAGA,0
GTTTCCTGTTGCCTTG,0
GTTTCGAATGGATCCC,0
GTTTCGTAAAGATAGT,0
GTTTGACCCTTTGGCA,0
GTTTGACTATTTACTA,0
GTTTGAGAGTGAGTAC,0
GTTTGATAATTAGTAG,0
GTTTGATCGCGACGAA,0
GTTTGCTGATAAGTAA,0
GTTTGGAATCCAATGG,0
GTTTGTATAAGACCTT,0
GTTTGTGCAACCAATT,0
GTTTGTTTAGAATGTT,0
GTTTTAACGAAACTTA,0
GTTTTAACTCGCGGCC,0
GTTTTACCTTAAGATC,0
GTTTTCAACTATACTA,0
GTTTTCCTGAATATTT,0
GTTTTGCCCTCCGCTA,0
GTTTTTGACCAACCAT,0
GTTTTTTAAAGGCAAA,0
TAAAAAAAAAACTGAA,0
TAAAAAAAAGAGAGAG,0
TAAAAAACGGTGGATG,0
TAAAAAACGTTTACAC,0
TAAAAAACTAAGAACT,0
TAAAAAACTCTCGTTG,0
TAAAAAAGAAGTCATC,0
TAAAAAATGGACACCA,0
TAAAAAATTATGTCAT,0
TAAAAACAAAATAATC,0
TAAAAACAAAGAGATG,0
TAAAAACAGCTCGTTG,0
TAAAAACGTGGACTGG,0
TAAAAAGATAAAATCT,0
TAAAAAGCCCTATTTA,0
TAAAAAGCGTTTAACA,0
TAAAAAGCTATCGTAA,0
TAAAAATCGCAAAAAT,0
TAAAAATCTTTAATTA,0
TAAAAATGTGTCAGTA,0
TAAAACACAATATATC,0
TAAAACACACAGCAAA,0
TAAAACAGCGGTCAAG,0
TAAAACAGGGGACTAG,0
TAAAACATCAATGCCG,0
TAAAACATTGTACAGT,0
TAAAACCAGCTACAAA,0
TAAAACCGGCTTAGTC,0
TAAAACCTAATCGAAA,0
TAAAACGCGCCTTATC,0
TAAAACTAGAATGACA,0
TAAAACTATAATTGGA,0
TAAAAGAGCGACAGCC,0
TAAAAGGACAACAGGT,0
TAAAAGGCCATGCTCC,0
TAAAAGGTCCTTCCAA,0
TAAAAGTGATGCCCTC,0
TAAAATAAAATGTTGC,0
TAAAATACAGACCTAA,0
TAAAATACATGGCTAG,0
TAAAATAGACAATGAC,0
TAAAATATCGACAGTA,0
TAAAATATGAAATCTG,0
TAAAATATGAACGCTA,0
TAAAATATGCAAAAAG,0
TAAAATGATATCGTGA,0
TAAAATGTACTTACCT,0
TAAAATTAAATAGATT,0
TAAAATTATTTTAGTA,0
TAAAATTTATGTTTTA,0
TAAAATTTTACTACTA,0
TAAAATTTTGATTCTT,0
TAAACAAAATTTAACT,0
TAAACAAGTGAGATAT,0
TAAACAATAAATTATG,0
TAAACAATACGGCATT,0
TAAACAATATGCATAC,0
TAAACAATCTACAAAA,0
TAAACACGCCTAGTAC,0
TAAACACGTCCCGATA,0
TAAACAGATCCAGCCC,0
TAAACATAATTTCACC,0
TAAACATAGGTCCGCT,0
TAAACATGTTTCCCGT,0
TAAACCACAGAGTAAA,0
TAAACCCAGTCCAGAA,0
TAAACCCTGTACACTC,0
TAAACCGAAGACAAGA,0
TAAACCGTAGATACCA,0
TAAACCGTCACCAATA,0
TAAACCTAAACTCCCA,0
TAAACCTAAACTTTTT,0
TAAACCTAACCTCCAG,0
TAAACCTACTTAAGTA,0
TAAACCTATCCCCTAC,0
TAAACCTCACTAAGCA,0
TAAACCTTCGAAAAAA,0
TAAACGAGAGGGCACG,0
TAAACGCATTCGGATC,0
TAAACGCGTCACATCA,0
TAAACGGAGCTTCGGA,0
TAAACGTACAATAACA,0
TAAACGTAGATTGGAA,0
TAAACGTTACGGGGGC,0
TAAACGTTTAAAATGC,0
TAAACTAAAACAAGCT,0
TAAACTAAAGTACACA,0
TAAACTGAAGGGTTAC,0
TAAACTGACAGATCAT,0
TAAACTGCAAGTTTAC,0
TAAACTGCTTATATAA,0
TAAACTGGCAACGCAT,0
TAAACTTATAGGAGTC,0
TAAACTTCATCATTCT,0
TAAACTTTAAAAAGGA,0
TAAACTTTTGACACGC,0
TAAAGAAACTAAAGAT,0
TAAAGAACACTTTGAT,0
TAAAGAATATTGAATG,0
TAAAGAATGTTAGCCA,0
TAAAGACATTACCCCA,0
TAAAGACCCGGTAAAA,0
TAAAGAGAACCAAGAC,0
TAAAGAGAGGTAAGTG,0
TAAAGAGATGCTCATA,0
TAAAGAGTTAACCGGG,0
TAAAGATAACTTAATG,0
TAAAGATTTATGACCA,0
TAAAGCAAGGCCCGAA,0
TAAAGCATTAGTAAAA,0
TAAAGCGGAACTTACG,0
TAAAGCTACCATCGGA,0
TAAAGCTCTTAAAAGC,0
TAAAGCTTACATCGCG,0
TAAAGGCATAAAACCA,0
TAAAGGGAAATGTGAA,0
TAAAGGGCTTGTTAAA,0
TAAAGGTAAAGCTAAT,0
TAAAGGTAGTTCTGGA,0
TAAAGGTTATATCAAT,0
TAAAGGTTCGAGATAT,0
TAAAGTACACCTTGCT,0
TAAAGTAGTCTACCTG,0
TAAAGTATTGAAAGGG,0
TAAAGTCAAATGACCA,0
TAAAGTCGGATCCGGT,0
TAAAGTCGGTTGGCTC,0
TAAAGTGTATGATCTT,0
TAAAGTTTTTCCTAAA,0
TAAATAAAAATGACTT,0
TAAATAAAACGGGGGT,0
TAAATAACACGCCTTT,0
TAAATAACCTAACTGA,0
TAAATAAGCAAAAAAC,0
TAAATAAGTATAACAC,0
TAAATAATCCACAAAG,0
TAAATACCTACATGCC,0
TAAATAGTTGCAGTGA,0
TAAATATAATCGACCA,0
TAAATATATGCACCTC,0
TAAATATCACACTTAC,0
TAAATATCATAAATGT,0
TAAATCAAATGATTTG,0
TAAATCATAACTAATA,0
TAAATCATAAGCCTTA,0
TAAATCATTTTACACA,0
TAAATCCACAGGTTAG,0
TAAATCCTTAGCGACG,0
TAAATCTAGATAAAGA,0
TAAATCTATAATGCTT,0
TAAATCTTCAGGTTCT,0
TAAATCTTCCGTCAAT,0
TAAATGATATCTGTAT,0
TAAATGATCTTAAAGA,0
TAAATGATTACGTGCG,0
TAAATGATTCTAGATA,0
TAAATGCACTGCCAGT,0
TAAATGCATTGATATA,0
TAAATGCCGGAGGTTA,0
TAAATGCCGTTAGGAC,0
TAAATGCGTGTAAAAT,0
TAAATGCTAATTAGGG,0
TAAATGCTACATTGCT,0
TAAATGGATAAACAAC,0
TAAATGGCTATAGTCG,0
TAAATGGGGCTAGTCA,0
TAAATGGTTTACCTAC,0
TAAATGTATTTTACCC,0
TAAATTAAAAAATATC,0
TAAATTAAATAAAACG,0
TAAATTAACTACAACA,0
TAAATTAATCAACGTT,0
TAAATTCACGATGTGT,0
TAAATTCGGGACAGGC,0
TAAATTCTGGCCCAGT,0
TAAATTCTTATATGTG,0
TAAATTGCTCAGGTAG,0
TAAATTGGGCCCTCAG,0
TAAATTGGGCTATGAA,0
TAAATTGTCGGTACCA,0
TAAATTTGACGTGCTC,0
TAAATTTGGCATTAAA,0
TAAATTTTGCATATTT,0
TAACAAAAATGTCAAA,0
TAACAAAAGATTCTCA,0
TAACAAAATTAGAACC,0
TAACAAACACACAGGA,0
TAACAAAGATATAGCA,0
TAACAAAGCGACTTTC,0
TAACAACCGTGCTCAG,0
TAACAACGGCATACAA,0
TAACAACTTTTCGGGC,0
TAACAATGGCGCATTT,0
TAACAATGGTATACAA,0
TAACAATTATAGCGAC,0
TAACAATTTAACATAA,0
TAACAATTTGATAATT,0
TAACACAAAAGGTCGA,0
TAACACACGGGTACTC,0
TAACACGAACAGATTA,0
TAACACGACACAGTTT,0
TAACACGCTAAACATA,0
TAACACTCACCATAGG,0
TAACACTCAGATCTAT,0
TAACACTCGTAATAAT,0
TAACACTGGTTGGTAA,0
TAACAGAACATTTAGG,0
TAACAGAAGAAGCCCC,0
TAACAGAAGTGGTGAA,0
TAACAGGAGTATGTAA,0
TAACAGGTAACACACA,0
TAACAGGTTATGACCA,0
TAACAGTGCAGGACAT,0
TAACATAACAGATTCT,0
TAACATCTAGCCTACA,0
TAACATCTCCGAAGCT,0
TAACATGGCTGCATAG,0
TAACATTACAATAAGC,0
TAACCAAAACGCGGAA,0
TAACCAAACACATGGA,0
TAACCACACTATCTTC,0
TAACCACCACGCTGGC,0
TAACCACGCATACAGC,0
TAACCAGAAGCACAGG,0
TAACCAGATCAAGAGC,0
TAACCAGTTTAACTAA,0
TAACCATTGAGGGATA,0
TAACCCAAAAATCATT,0
TAACCCAAAGGAAGCA,0
TAACCCAAATCACGGA,0
TAACCCATCCGGATAA,0
TAACCCATTATAATGT,0
TAACCCGAAAGTAAAG,0
TAACCCGACCATCAAG,0
TAACCCGCCAACAAGC,0
TAACCGGCAGATGAAC,0
TAACCGTCAATGCAAC,0
TAACCTAACCATAAAT,0
TAACCTAGATACTTCT,0
TAACCTCACTACGGGA,0
TAACCTCCCAAGAGGG,0
TAACCTCTCGAGGATT,0
TAACCTGCACGTCCAT,0
TAACCTGTAAGTTGGC,0
TAACCTTGTGATGAGC,0
TAACGAAGAGCGATAA,0
TAACGAATAAGCTGAC,0
TAACGAATCGAACAAC,0
TAACGACAATCAACTG,0
TAACGACACAAATGAA,0
TAACGACATACCAGTA,0
TAACGACTTACAATTG,0
TAACGAGCAAGACACA,0
TAACGAGCACTATACG,0
TAACGAGGATGGTCGC,0
TAACGATATTTCCTGG,0
TAACGCAAAAGAAAAG,0
TAACGCACTACTGATC,0
TAACGCCAACATGCCC,0
TAACGCGTAGACCTTC,0
TAACGGATCCTACGAT,0
TAACGGCAGCCAGAAA,0
TAACGGCCCCAATATA,0
TAACGGTAATAACTAA,0
TAACGGTACAAAACAC,0
TAACGTAGTATCACAA,0
TAACGTATATTAACTA,0
TAACGTGCGGTTGTCA,0
TAACTAAGTATCTCTG,0
TAACTACTATATTGTG,0
TAACTAGCCTGGACGA,0
TAACTATGTAGTCAGA,0
TAACTCAACCTCAACT,0
TAACTCCAAGCGAGTA,0
TAACTCCATTAAACAT,0
TAACTCCATTGGTAAT,0
TAACTCGTAAGCCCGT,0
TAACTCTACACTACCA,0
TAACTCTTAAAGTTGA,0
TAACTGAACTCAAATC,0
TAACTGAGCCGTTCTC,0
TAACTGTTGAGGCGAC,0
TAACTTATAGAACGCG,0
TAAGAAAAGAATCTAG,0
TAAGAAACATACAATA,0
TAAGAAAGACTTAAAT,0
TAAGAAAGTACGAGAC,0
TAAGAAATCTTTATAA,0
TAAGAAATGGTACTTC,0
TAAGAAATGGTCTTCA,0
TAAGAACATACCCTGT,0
TAAGAACCCTAATAAC,0
TAAGAACCGTTGCAAC,0
TAAGAACGCCATAAGA,0
TAAGAAGGCAGGCTTA,0
TAAGAAGTTGATGAAC,0
TAAGAATATATCTACT,0
TAAGACATAATGCTCA,0
TAAGACATGCATCCTC,0
TAAGACATGTCCCTGG,0
TAAGACTAGCCACCCA,0
TAAGACTGATCAGATT,0
TAAGATAATTAATAGG,0
TAAGATACAAAAATGA,0
TAAGATATCCAAATGT,0
TAAGATCTTATATATT,0
TAAGATTACCGTGAAA,0
TAAGCAACCTGCCATA,0
TAAGCAAGGAGAATAC,0
TAAGCACAAATAACCT,0
TAAGCAGCGTGGGGGA,0
TAAGCATCTAAGAAAC,0
TAAGCCAAGTTGTGAT,0
TAAGCCACTAGGATAT,0
TAAGCCATTACGCTGA,0
TAAGCCGAGCCTATCT,0
TAAGCCGCGAGATCAC,0
TAAGCCTTAAACCTGA,0
TAAGCGATAAAATAAA,0
TAAGCGGCTAAATGAT,0
TAAGCGTAATAGCACG,0
TAAGCTCATTAACCCA,0
TAAGCTCCATCAGCTG,0
TAAGCTTCTCTAAATC,0
TAAGGAAATACACTCC,0
TAAGGAATCTAACACT,0
TAAGGACCAATAAGCG,0
TAAGGACTCAACCGGA,0
TAAGGATCCGTTACGC,0
TAAGGATCCTATAAGG,0
TAAGGATTCGACTCGA,0
TAAGGCCAGAATATAC,0
TAAGGCGAAGCGTTGC,0
TAAGGCTGCACAAGGC,0
TAAGGTACAAATCGAA,0
TAAGGTATAACGATAA,0
TAAGGTCAGAAAACAA,0
TAAGGTCCTACCCCTT,0
TAAGGTGAATGCATCG,0
TAAGGTTATAGATAGA,0
TAAGGTTCTTAGGATT,0
TAAGGTTTATGATAAT,0
TAAGTAACATACAAAT,0
TAAGTATAGGTGATGG,0
TAAGTATGCCAACCGA,0
TAAGTCACTACTGAAT,0
TAAGTCAGCAAAGGGC,0
TAAGTCCAGACGACGT,0
TAAGTCCCACGGTAAC,0
TAAGTCCTATCAGACA,0
TAAGTCTGAAGGCACC,0
TAAGTGCCCCCGCGGT,0
TAAGTGGTCACAGATC,0
TAAGTTAAATAACTTT,0
TAAGTTAAGGTCCAGT,0
TAAGTTAATCATGAAT,0
TAAGTTAATTATCACG,0
TAAGTTACTTGAACCA,0
TAAGTTATGCTAGAAA,0
TAAGTTCGCCACAGTC,0
TAAGTTGAGCAGAAAG,0
TAAGTTTGACCAAAAA,0
TAATAAAAAAAATAGA,0
TAATAAAGATAGGAAG,0
TAATAACCCTTTAATA,0
TAATAACTCTTAAATC,0
TAATAAGACCCGGAGA,0
TAATAAGATTAACAAG,0
TAATAAGATTGGGGTT,0
TAATAAGCGAAAAAGA,0
TAATAAGCTGTACAAT,0
TAATAATAACCTAACA,0
TAATAATCAAACACAA,0
TAATAATGAATCGCCG,0
TAATAATGTGTACATG,0
TAATACAAGCAAATGT,0
TAATACACTGTTAGAT,0
TAATACATACAGACCG,0
TAATACCCATTCGCCC,0
TAATACCCCAGCAGCG,0
TAATACGATTGCATTA,0
TAATACGTTAAGCCGA,0
TAATACTAAAAAGTAC,0
TAATAGAAAACAACAC,0
TAATAGATCAAAACAA,0
TAATAGCACTTATTAG,0
TAATAGCCAGGCCGTT,0
TAATAGGAATACAATA,0
TAATAGTGCCGTCGCA,0
TAATATAGCAACAACT,0
TAATATAGTCTCTAGG,0
TAATATATATAAAGCA,0
TAATATCAAATGAAAA,0
TAATATCACCATGGCC,0
TAATATCATATTCTGT,0
TAATATCATTACTAGC,0
TAATATGTCTGGGCCA,0
TAATATTATAGACCTG,0
TAATATTATTAAAGAA,0
TAATCAACCTACTTCC,0
TAATCAAGCCCGCTGG,0
TAATCACCGCTAGCGC,0
TAATCACTTCGGCCAA,0
TAATCAGGCCTGGGGG,0
TAATCAGTGAATTACA,0
TAATCATATCACTACT,0
TAATCATCGCGATATA,0
TAATCATCTTAATTGC,0
TAATCATTAAACCGGC,0
TAATCATTAACCCTAC,0
TAATCATTCAATATGT,0
TAATCCAGCCACCCAG,0
TAATCCAGGTGAACAG,0
TAATCGACTAGATCCA,0
TAATCGAGTCCTCAAA,0
TAATCGATATCCACTT,0
TAATCGCTAAGAGTTA,0
TAATCGGACATCATAC,0
TAATCTAAGTTCACAT,0
TAATCTAATTAAACAC,0
TAATCTAGCAAGAGCC,0
TAATCTGAATCAATGA,0
TAATCTTCATTACATC,0
TAATCTTGCATTAAAA,0
TAATGAAACATTTATA,0
TAATGAAATTAAGCTG,0
TAATGAATCACATGAA,0
TAATGAATGTTAGTTA,0
TAATGACGGAATTTAT,0
TAATGACTGCCTGCCC,0
TAATGAGATCACCATC,0
TAATGAGCGAATATAT,0
TAATGATCCATCTAGA,0
TAATGATCGGCCCGCA,0
TAATGATGACCACTGT,0
TAATGCAATAAAAAGC,0
TAATGCCGACCAGCTA,0
TAATGCGAGATGTGCA,0
TAATGGAACCTCAACA,0
TAATGGAATTCTAGCA,0
TAATGGACACAGAAGT,0
TAATGGACCTCTCACC,0
TAATGGTACAACCAAC,0
TAATGGTATTACTATT,0
TAATGTACACCTCAAC,0
TAATGTATCAAATAGC,0
TAATGTGTCTTGTCAT,0
TAATGTTGCTGAAGGG,0
TAATGTTGTGCACCCT,0
TAATTAAACACTTATG,0
TAATTAACGTAGAAGC,0
TAATTAACTCACACCC,0
TAATTAAGACTATCAC,0
TAATTACCATATATTT,0
TAATTACTTCAGAAGT,0
TAATTATTACCCGGAG,0
TAATTCAAAAGTAAAG,0
TAATTCCCATATCACA,0
TAATTCCGTATTAGGT,0
TAATTCTGGTTTGTTT,0
TAATTGAGAAGATTCG,0
TAATTGCAGTGCATTC,0
TAATTGCATCTACCTT,0
TAATTGGGAGGACCCA,0
TAATTGTTACATGTCT,0
TAATTGTTCGCCCAAC,0
TAATTTAGGCTAGCCG,0
TAATTTATCCACTAAC,0
TAATTTCAGACTGATG,0
TAATTTCATCTACGAC,0
TAATTTCATTTTAGTT,0
TAATTTGATGGATCCC,0
TACAAAAAAAAAAAAT,0
TACAAAAACCATGCCC,0
TACAAAAACTTAAACA,0
TACAAAAAGCAAATAA,0
TACAAAACACGTATGC,0
TACAAAACCATAGTAA,0
TACAAAAGCGCCTTTC,0
TACAAAATTAAGACGA,0
TACAAACCTTTAGCGC,0
TACAAAGCACTCCATA,0
TACAAATAAATCCGAT,0
TACAAATAGCTACAAC,0
TACAAATGACGAGGCG,0
TACAACAAAATATGAA,0
TACAACATCGGTTAAT,0
TACAACATCTTTACCC,0
TACAACCTATCAACGC,0
TACAACCTCACCTAAA,0
TACAACGAATATCCGT,0
TACAACGACAGCCCCC,0
TACAACGGAAACGATA,0
TACAACTGATACTTTC,0
TACAAGAACCAAGACG,0
TACAAGATATTTGAGT,0
TACAAGTAAAGAGAGC,0
TACAAGTAGGTTCTAG,0
TACAAGTCCGCTTCGG,0
TACAATAATATGGTTG,0
TACAATACGAAGATGT,0
TACAATACGAGGTAAC,0
TACAATGAGCATGTAT,0
TACAATGTTCCACATA,0
TACAATTAAATTTTGT,0
TACAATTCCTGATGCA,0
TACACAACTGCCCATT,0
TACACAAGTCTATTTA,0
TACACAATCATCAAAA,0
TACACAATCCTATGTA,0
TACACAGGGCGTACCA,0
TACACCAGACATCCGC,0
TACACCCCAAGTACCG,0
TACACCGCAATCTCAC,0
TACACCGGTGTGGCCA,0
TACACCGTCTTCGATT,0
TACACGAGATATTGCT,0
TACACGCTTCACATAG,0
TACACGGGGGCAATAA,0
TACACTCTTTTTAGAT,0
TACACTGGAATATTCG,0
TACACTGTGATTAAGT,0
TACACTTTAATGAGTA,0
TACAGAACAAGTGGCA,0
TACAGAACAGGACCAC,0
TACAGACAATGTCACG,0
TACAGACTAAGTTATT,0
TACAGAGTTAAGGATA,0
TACAGATACACTATAG,0
TACAGATATCATAAAG,0
TACAGATCAAACATTA,0
TACAGATTGAGACTTA,0
TACAGCAACAGGTTGC,0
TACAGCATAGACAACA,0
TACAGCCGACAAATCA,0
TACAGCGAAGAGTACA,0
TACAGCGCTCTTCTAT,0
TACAGCTATGTCCGTT,0
TACAGGAAAGTACACT,0
TACAGGTCTAGTAGGA,0
TACAGGTGAGACTGTC,0
TACAGGTGATTGTCAA,0
TACAGGTTTAAAACAG,0
TACAGTCAATAACGCA,0
TACAGTCTAGTACACT,0
TACAGTTGACACAACC,0
TACAGTTTCATCACCT,0
TACATAATATAAAGGA,0
TACATAATCAACTGCC,0
TACATAATTCATATGC,0
TACATACTAAAAACAG,0
TACATACTGTTAAAAA,0
TACATATAACTAAAAC,0
TACATATACATGATAT,0
TACATATATCCAACTG,0
TACATATCAAAATCAA,0
TACATCAACGATCAGC,0
TACATCCCATGACCTT,0
TACATCCTTACCTTTA,0
TACATCGGATAATAAA,0
TACATGAACCATTAAC,0
TACATGAATTATAAAT,0
TACATGGACTCCAACC,0
TACATGGATATTGTAC,0
TACATGGATGTGATTA,0
TACATGTCTAAACATT,0
TACATTATGAAATCTA,0
TACATTCTCAATAAGG,0
TACCAAAAAAGCAAGA,0
TACCAAAAGTTCAGGT,0
TACCAACTAGATAGAT,0
TACCAAGGTCAATATA,0
TACCAATCATTCCGTA,0
TACCAATCCGAGGTCC,0
TACCAATTAAGCAGAT,0
TACCAATTATAGGAAA,0
TACCACCACAATTTGT,0
TACCACGCGCGGAGTA,0
TACCAGACCCAGCTAT,0
TACCAGAGGAAAGCAG,0
TACCAGATATACTCTG,0
TACCAGCTGATTCTAC,0
TACCAGTAAGTATATT,0
TACCAGTATTTAGAGC,0
TACCAGTTTAATTTTA,0
TACCATAAGCATAAAA,0
TACCATACGATGCCTT,0
TACCATTAACCCAAGG,0
TACCATTCGCCCAGCG,0
TACCCACAAACCTTTC,0
TACCCACCTCTTTGTC,0
TACCCACGTAGCAGTC,0
TACCCAGAGACCGATT,0
TACCCAGAGGTAAATA,0
TACCCATATCTCCCGA,0
TACCCCCTTTCCATAT,0
TACCCCGTGTCTAAAC,0
TACCCGAAACCCCAAT,0
TACCCGCAAAAGAAAA,0
TACCCGCCTTAAAGGA,0
TACCCGGCGAATCCTT,0
TACCCTGCAAGGTCGA,0
TACCCTTAGTGGGTTT,0
TACCGAAAATCTATAG,0
TACCGAGCCATCGAAA,0
TACCGCCTGGGTCGAC,0
TACCGCTCCTCAGAAG,0
TACCGGGACCCGACCT,0
TACCTAAACCCCTAGA,0
TACCTAAGAGTGTCCT,0
TACCTAATCAAGTAAT,0
TACCTAGGTTGTTAGC,0
TACCTATAGCACATTG,0
TACCTATATAGCGACT,0
TACCTATATCATAATG,0
TACCTATCTCACCTGT,0
TACCTATGTAAAAACA,0
TACCTCATTAAGAAAG,0
TACCTCCGATCAGATG,0
TACCTGACGATTGAAA,0
TACCTGCAGGATTTTT,0
TACCTGCGCCTGGGTT,0
TACCTGCTCAATCCTA,0
TACCTGGCACCCCTAG,0
TACCTTAAGCCCAGAT,0
TACCTTTTATCATCGG,0
TACGAAAAAATGATAC,0
TACGAAAAGCCATAAT,0
TACGAAAATAATTGAC,0
TACGAAATAAAAAAAA,0
TACGAACAAAACGCCA,0
TACGAACAGATGCAAA,0
TACGAACATGTATACC,0
TACGAACCAGAGGACC,0
TACGAAGATCGAGGAA,0
TACGAAGGATACTTAA,0
TACGACATAAAGAAAT,0
TACGACCAAGCTAATA,0
TACGACCAATCATTAG,0
TACGACCGGACCTTGC,0
TACGACCGTCCGTGTT,0
TACGACGAATGATCAG,0
TACGAGAAAATAATAA,0
TACGAGAACAAAAAAA,0
TACGAGAACAATGCCA,0
TACGAGCAAACCAGCA,0
TACGAGCGAGGTAGAG,0
TACGAGCTTGGTACAA,0
TACGAGTTCGTATGGA,0
TACGATACATGTTGTT,0
TACGATCCAAGGGGAA,0
TACGATCCTACCTTGT,0
TACGATGGGCTAGCTG,0
TACGATGTGCCCAGAA,0
TACGATTAAATTTATA,0
TACGCAACCAAACAAA,0
TACGCAACTTATGTAC,0
TACGCACAGCAATACA,0
TACGCACTATGTTGAC,0
TACGCATAGCTAAAAT,0
TACGCCAAGACTAACA,0
TACGCCAAGTGAATTC,0
TACGCCGAAGCACAAT,0
TACGCCTCCATTCGTG,0
TACGCCTGATATACAA,0
TACGCGAAGAATCGCG,0
TACGCGAATCTGCAAT,0
TACGCGACAGACAGCA,0
TACGCGATCTGTGAAC,0
TACGCTGGTAATAACC,0
TACGGAACTAGCAACC,0
TACGGAATTTGCCATA,0
TACGGAGCTATTCTCC,0
TACGGCACTTATGCTA,0
TACGGGATGGGATAGC,0
TACGGGGACTTGGGTT,0
TACGGGGCGTCACTTT,0
TACGGGGGGGACACAC,0
TACGGGTTCCAGTCTG,0
TACGGTATAAGTGGCA,0
TACGGTCCATCCCACT,0
TACGGTCTGGAATATC,0
TACGGTTCCCCATCAA,0
TACGTAAACACTAGCA,0
TACGTAATGATCCGCT,0
TACGTAGAAAACTGAT,0
TACGTATTTATCACGA,0
TACGTTAGTGATAAAA,0
TACGTTCACTGTAAAA,0
TACGTTTAAGAGACCA,0
TACTAAAAAACTAAAA,0
TACTAAAATGTAGTTC,0
TACTAATACGACCTAT,0
TACTACAGTACAATAT,0
TACTACCTCTCAGGCG,0
TACTACTATTGTTTCA,0
TACTACTCCCCCTATC,0
TACTAGAGATCATGAG,0
TACTAGTAATTCATCA,0
TACTAGTCAAATGGCG,0
TACTATAAACACACAA,0
TACTATAACGAAAATT,0
TACTATCATTAATGAA,0
TACTCACACTTCCCGG,0
TACTCAGTTCCCCTAG,0
TACTCCGGTAGCAAAA,0
TACTCCTAAAAAAGAC,0
TACTCCTCAACAAGAT,0
TACTCCTGGATCCAGT,0
TACTCGAAGAGGACTA,0
TACTCTATTTGTTGAA,0
TACTCTCTCAAAACAG,0
TACTGAAAAATTTTAC,0
TACTGAACTAAAACTG,0
TACTGAATAAAATCTG,0
TACTGACAGTTGGCAT,0
TACTGAGACAAAACCG,0
TACTGATTTCACCTGA,0
TACTGCGAAATGCCAA,0
TACTGGCAGCTGCTTA,0
TACTGGTTGCTGGGAA,0
TACTGTAAGAAGTCCA,0
TACTGTCGTAGATTAA,0
TACTGTTGAAACACAA,0
TACTTAAACACTATCT,0
TACTTAAATTAAAATC,0
TACTTAAGACTGAAAC,0
TACTTAAGCGGGAGTA,0
TACTTAAGTTGAACAT,0
TACTTAATATAAATAA,0
TACTTACGTCAAAGCA,0
TACTTATGTAGCTTGA,0
TACTTCATACGTCCTT,0
TACTTCCTATATTAGT,0
TACTTCGAAAAATCGC,0
TACTTCGGTAATAAAA,0
TACTTGATCTCTAAAT,0
TACTTGGAGCGTAGAC,0
TACTTGTCAACGAAGT,0
TACTTGTGCAATTCAC,0
TACTTTAAGGTTTCAA,0
TACTTTCACTAAGTAC,0
TACTTTGCTAAATGAA,0
TAGAAAAAAAATTCGA,0
TAGAAAAAACGAGATG,0
TAGAAAAATGAAAACC,0
TAGAAAACCAAGAAAT,0
TAGAAAATTCACAAAC,0
TAGAAAATTGTTAAGA,0
TAGAAACACATTCTAC,0
TAGAAACATAATCCTT,0
TAGAAAGAATGCTGAA,0
TAGAAAGATAATGAAA,0
TAGAAATACTAAACAA,0
TAGAAATTTCAGAAAA,0
TAGAACATTGAGATGC,0
TAGAACCTAATCCCGA,0
TAGAACCTGATCCCGG,0
TAGAACCTGTCAATAA,0
TAGAACGGACGCTTAA,0
TAGAACTAATAAGTTA,0
TAGAACTCACAAAGGC,0
TAGAACTCTAGACAGT,0
TAGAACTCTTCATACA,0
TAGAAGCAAACGATTG,0
TAGAAGCCACTAAAAC,0
TAGAAGTCCAACATAT,0
TAGAATAAACCTCCAA,0
TAGAATACCCGCTGTT,0
TAGAATAGCACCCGGT,0
TAGAATCCCCCATGAG,0
TAGAATGGCTGAGACG,0
TAGAATTCGATATGAA,0
TAGACAATGAACATTT,0
TAGACACGACATTACT,0
TAGACAGATCATTTTA,0
TAGACATACATGAACT,0
TAGACATTAAAACTGA,0
TAGACCAGCCCCTAAC,0
TAGACCAGGCAACCAG,0
TAGACCCATAAAAGAG,0
TAGACCCCATGGCACT,0
TAGACCTATAACTCTC,0
TAGACCTTTTGCTGCA,0
TAGACGATTGAGCCAT,0
TAGACTAACCTTAAAG,0
TAGACTAGTGTCGAAC,0
TAGACTCTCTTACTGG,0
TAGACTGTAACGGCAG,0
TAGACTGTCGATAGCT,0
TAGACTTAAGATTTCT,0
TAGAGAAATGTGGATA,0
TAGAGAACGCAAAATC,0
TAGAGAAGGTACGGGG,0
TAGAGAAGTTAAAGAG,0
TAGAGAATTTCTAGGC,0
TAGAGACAATTCAGTA,0
TAGAGACACTGTACAT,0
TAGAGACTGCGCTAAA,0
TAGAGAGCAATGTACA,0
TAGAGAGTTCAACATC,0
TAGAGATGGAAAAGTG,0
TAGAGATGGTATCTGC,0
TAGAGCTAGTCGCAAC,0
TAGAGCTTAGGGTACA,0
TAGAGGACAACAGGTA,0
TAGAGGAGAACCACGG,0
TAGAGGATATGCTGGG,0
TAGAGTAACCTTCCTA,0
TAGAGTAGATACATCA,0
TAGAGTATAAAGAGTA,0
TAGAGTATTACCTTCA,0
TAGAGTCGGGTAAGGT,0
TAGATAACCCGTTACA,0
TAGATAAGCTGCAAAT,0
TAGATAAGGTCTCCTT,0
TAGATAGCACTACCCT,0
TAGATAGTGACCGAAG,0
TAGATATATCGAATAC,0
TAGATCATGAAGTACT,0
TAGATCCAAAATCAGC,0
TAGATCCCCAACTTAA,0
TAGATCCCCAATCACC,0
TAGATCCGTATTCATC,0
TAGATCTAGGCCCACA,0
TAGATCTATACGAGAG,0
TAGATGACACATCACT,0
TAGATGAGATAAGTTC,0
TAGATGCATTACTAAG,0
TAGATGTAAAGGGAGT,0
TAGATTAAGTATTAAA,0
TAGATTACTTTCAAGC,0
TAGATTATGAGAAATT,0
TAGATTCTTCCTTACT,0
TAGATTGCGAGCACCT,0
TAGATTTAGATAATAC,0
TAGCAAAAGTATTTAA,0
TAGCAAAGGACGGCAC,0
TAGCAAATATCTGATT,0
TAGCAAATTAATAACC,0
TAGCAACTATTTACAG,0
TAGCACATTCAAACCT,0
TAGCACCAGATCAACA,0
TAGCACGCAAACCTCA,0
TAGCACTAGAAATAAT,0
TAGCAGGCACAGTACT,0
TAGCAGTAAAATCTCA,0
TAGCATATCGGAAACC,0
TAGCATCACATCATAT,0
TAGCATCTAACTATCA,0
TAGCATGGGTGTAATC,0
TAGCATTCCGTCCAAA,0
TAGCCAAAATATAACA,0
TAGCCAAACTACACAG,0
TAGCCAAAGACCAAAA,0
TAGCCACGTTCCATAG,0
TAGCCAGAGCGTGTTA,0
TAGCCCCAATTCAAAG,0
TAGCCCCCAAAACTGG,0
TAGCCCCCAGTGCTCA,0
TAGCCCCGTATCGCAA,0
TAGCCCGATCCCTATG,0
TAGCCCTAGAGAAGCA,0
TAGCCCTCCGGAATTA,0
TAGCCGGAGATACTCA,0
TAGCCGGTTAATAAGT,0
TAGCCTGCCCGACATG,0
TAGCGATCTCTAGTCT,0
TAGCGCCAAATTAAAT,0
TAGCGGGATTAATGAC,0
TAGCGTAGCCAGGATC,0
TAGCTAAAATCGGCAC,0
TAGCTAATCGGAGCGT,0
TAGCTACAAAAAGGAC,0
TAGCTACACGTAGCTT,0
TAGCTAGATAATATAA,0
TAGCTATAAGTGAAGC,0
TAGCTCACCGTTTCGA,0
TAGCTCCACACCTCCC,0
TAGCTCCGTTCCCCTT,0
TAGCTGCTACAGCTAG,0
TAGCTGGGCACATACA,0
TAGCTGTAAACTTCGA,0
TAGGAAAAAACCGTGG,0
TAGGAACCTGGTCGAT,0
TAGGAATATTATCAAC,0
TAGGAATTTCATTGAC,0
TAGGACCACTGAAGGT,0
TAGGACCCATTAGTGG,0
TAGGAGCTCCTCACTC,0
TAGGAGGAAGATGGTT,0
TAGGAGTACATGATGC,0
TAGGATCCACACGGTC,0
TAGGATGAGTCAGCTT,0
TAGGATTGCATATACC,0
TAGGCAAAAAATAATT,0
TAGGCAAAAACCTCGA,0
TAGGCAAATAATCTGC,0
TAGGCAAATACCCGTT,0
TAGGCAACCTCGCGTG,0
TAGGCAATAAACATAA,0
TAGGCAATCAAACTCG,0
TAGGCCATTCCACACA,0
TAGGCGCAAAAACCCT,0
TAGGCTGAAAGCCGAG,0
TAGGCTGATGACACGA,0
TAGGCTTGGAATCTAC,0
TAGGGACTTGCTTCGT,0
TAGGGAGTTGCACATA,0
TAGGGCATCAACCATT,0
TAGGGCCGTAAAAGAT,0
TAGGGGCGAGCACATC,0
TAGGGGGAAGCCTATA,0
TAGGGTAACGAAGTTC,0
TAGGGTACATAATAAT,0
TAGGTAACATCTATTT,0
TAGGTATAAATTTAAA,0
TAGGTATCTAAACTTA,0
TAGGTATGCAAACCTC,0
TAGGTATTGACTACTA,0
TAGGTCAACTATACGC,0
TAGGTGAGCTTCTTAA,0
TAGGTTCCCCATATTA,0
TAGGTTGAATACAGCG,0
TAGGTTGATACTAATT,0
TAGTAAAAGTGACATT,0
TAGTAAAATGAACAAC,0
TAGTAAAGACCGATGG,0
TAGTAACATTTACATG,0
TAGTAAGAGGTGCAGT,0
TAGTACAGACAGTGAG,0
TAGTACAGTAATTGAT,0
TAGTACAGTTTGGCAA,0
TAGTACATCTGCAATG,0
TAGTACGAAACAGGTA,0
TAGTACGTCAAACAAT,0
TAGTACTACTCTTTGC,0
TAGTATAAGGGCGCTT,0
TAGTATACTGAGAAGC,0
TAGTATAGAAGAATAA,0
TAGTATCACATATAAA,0
TAGTATCATGATAAGA,0
TAGTCAAATCGTACAC,0
TAGTCACACATCGTTC,0
TAGTCAGAACAAAACC,0
TAGTCCATTGAGTTGT,0
TAGTCCTCATTATTTC,0
TAGTCTACATAAGCAA,0
TAGTCTCTCAGAAACT,0
TAGTCTTGTCTAAAGT,0
TAGTGAACGACTAAAT,0
TAGTGAACGGTGCAAC,0
TAGTGAATTGCCCTCT,0
TAGTGACCTCGTCACT,0
TAGTGATACAAAAATG,0
TAGTGCCTATTATATA,0
TAGTGGACCCTCCAGG,0
TAGTGGAGTTAACTTA,0
TAGTGGATTAACATGT,0
TAGTGTGTAACCCCGC,0
TAGTGTTTTGAGCCTT,0
TAGTTAAATGCTAAGA,0
TAGTTAAGGAAGTCCG,0
TAGTTAGCAGTACACG,0
TAGTTATACCTCACAT,0
TAGTTATAGCAACTAA,0
TAGTTATTGAGGTGGA,0
TAGTTCCAAGGCAAGA,0
TAGTTCTAGGAAATTT,0
TAGTTCTGACTCTCAA,0
TAGTTGTTTAAGCAGT,0
TAGTTTAAAAATGGAC,0
TAGTTTAAAACGTGAC,0
TAGTTTCTTGATGTTC,0
TAGTTTGCAAAATGAA,0
TATAAAAGACAGAGCA,0
TATAAAAGCAGAGTCT,0
TATAAAAGCTCTCCAG,0
TATAAACACAAGACCC,0
TATAAATATCTATCGT,0
TATAAATATTATACAT,0
TATAAATTAAAATTTC,0
TATAACACTAATCAAG,0
TATAACATACTCTCCT,0
TATAACCAACAACTAT,0
TATAACCAGAATGTAC,0
TATAACCGGTTTGACA,0
TATAACGCTATTGGTA,0
TATAACGTATCCGAAA,0
TATAACTTTGTCCTTT,0
TATAAGAACCGATTCT,0
TATAAGCCGAGCCTGA,0
TATAAGCCGTAGCGTC,0
TATAAGTAAACTCAAT,0
TATAAGTAAGCGATTC,0
TATAAGTACAAAAACA,0
TATAATAACCGTCCAG,0
TATAATACACAAGACT,0
TATAATACGGATGAAA,0
TATAATAGATTACGAA,0
TATAATATGGAAAATA,0
TATAATCGTCGGTTGC,0
TATAATGCAATAAACC,0
TATAATGGCGAATTGC,0
TATAATGTACAATACA,0
TATAATTGCATGACGG,0
TATAATTGGACTTTAC,0
TATAATTTGGTGGGCT,0
TATACAAGGTAATAAG,0
TATACACAAGAATATG,0
TATACACGGCGCATAG,0
TATACACTTAGCTATC,0
TATACATCACATTTTC,0
TATACATGAAGTATTG,0
TATACATGATAATTTG,0
TATACATTACTCTACC,0
TATACCAACACTACAA,0
TATACCATACACTGAT,0
TATACCCAATGTAAGT,0
TATACCCGTAAGACAG,0
TATACGAGACTTTTAG,0
TATACGAGAGTAACAA,0
TATACGCAGGTAAGAA,0
TATACGGACAGGGTCT,0
TATACGTAAACGAGTT,0
TATACTACAGAATTCG,0
TATACTAGCAGGAATC,0
TATACTGACCGTTAAT,0
TATACTGGGCTTAAGG,0
TATAGAACACCTTAGG,0
TATAGAACCCTACAAC,0
TATAGAGATTTAAATG,0
TATAGAGTGGAAACCA,0
TATAGATGTGATAAAG,0
TATAGCTACCACAGCT,0
TATAGCTCCCTTTGAA,0
TATAGCTTACGCAACA,0
TATAGTAGCCAAGACC,0
TATAGTAGTTTTCAGA,0
TATAGTTCCATGAAGG,0
TATAGTTCCCGGGTAC,0
TATAGTTGGACGGAAT,0
TATAGTTTACAACCAT,0
TATATAAAAACAGAAA,0
TATATAACAATCGTCT,0
TATATAACATAAAACG,0
TATATAACCTTAAGAT,0
TATATAAGAGACTGAG,0
TATATACAAAAACTGC,0
TATATACACATAGATA,0
TATATATCTCGAAGTT,0
TATATCAAGGCGACAC,0
TATATCATATAGAGAG,0
TATATCGATAAACAAC,0
TATATCGATAACCGAA,0
TATATCGCCTAAAACA,0
TATATGAGAGTAATAT,0
TATATGATTGGTGTAA,0
TATATGTAAGATAGTA,0
TATATGTGCCCACCCC,0
TATATTAAAGGCAACT,0
TATATTAAGAAAAAGC,0
TATATTACCTAAAACA,0
TATATTCAATGCGCGA,0
TATATTCAATGTTCTC,0
TATATTGATTACTACT,0
TATCAAAATACCGTCT,0
TATCAAACCGTAATTA,0
TATCAAATTCATCCAA,0
TATCAACCTAGCATTT,0
TATCACACATACCTAC,0
TATCACACGTTCCGTA,0
TATCACATGTAAATAG,0
TATCACCAAGTCCCGA,0
TATCACCTAGCTTAAA,0
TATCACGAATTCTAAC,0
TATCACTCACAAAGTT,0
TATCAGATGATGTATC,0
TATCAGTGTACCCTAT,0
TATCAGTTGATCTCAT,0
TATCATAATAACAGAT,0
TATCATACAATAAAAA,0
TATCATACCTCCTAAA,0
TATCATCCTGCGTGCA,0
TATCATCGAGCCTATT,0
TATCATCGGTTAGAGG,0
TATCCAAACCCCGTAT,0
TATCCAAGACAACCTA,0
TATCCAAGTTTGCTTC,0
TATCCAATAAGAGCGG,0
TATCCACAAGTGAAAG,0
TATCCATTCCTCTGAT,0
TATCCCAAGATCCAAA,0
TATCCGAATAAGACAA,0
TATCCGCGGGAACCAG,0
TATCCTCAGTTCAACT,0
TATCGAAGAATTCACA,0
TATCGACCAATAACAC,0
TATCGATCGTTGCGAG,0
TATCGCAAGCAAATTA,0
TATCGCCACTTTAGTC,0
TATCGCCATACAAAAT,0
TATCGGAAATCCAAGC,0
TATCGGGACTCTATAC,0
TATCGTTCGACTACGA,0
TATCTAAACGTACAGA,0
TATCTAACGAATAGGA,0
TATCTAGAATTAACCC,0
TATCTAGTATAAATGA,0
TATCTCAACCGCTGGT,0
TATCTCGGAGAGTAAT,0
TATCTCTTATACAAGT,0
TATCTGAGAATACAAA,0
TATCTGAGCTTGCCTA,0
TATCTGAGGAATGGCG,0
TATCTGATAAATAGCT,0
TATCTTAAGTCCACAC,0
TATCTTAGTAGTTTGA,0
TATCTTCCAGCTTGTC,0
TATCTTGCGATATCAC,0
TATCTTTACCTAATCA,0
TATCTTTTATCCTCGA,0
TATGAATGATGAAGTC,0
TATGAATTGAAGCAGA,0
TATGACACTAAACCAT,0
TATGACATGGCATCCT,0
TATGACCCAATAGTTA,0
TATGACCGTCCAACAC,0
TATGACCTTTATATCA,0
TATGACTCACACTGTA,0
TATGAGAAACACTTAT,0
TATGAGAGCGGAACGA,0
TATGAGCAGACTCGAT,0
TATGAGTCAAATCGAC,0
TATGAGTGAGCAAACT,0
TATGAGTGTTCTCTGC,0
TATGAGTTAGTACTAG,0
TATGATAATAATCAAA,0
TATGATCAAAAAATTT,0
TATGATTACCCTTAGC,0
TATGATTACGCTTGAG,0
TATGCAACCCATAACA,0
TATGCAAGGTTACACG,0
TATGCACCCCACAACA,0
TATGCATCAAAACCAT,0
TATGCATCTGATCCGG,0
TATGCCATATACCAAC,0
TATGCCCACTCAGTTT,0
TATGCCCTAAGTATAA,0
TATGCCCTCAACAACA,0
TATGCCGTAATGCAAT,0
TATGCTACCGAGACAT,0
TATGCTCCCCTGCTAC,0
TATGCTCCGGAAAACA,0
TATGCTGAGTCTGGTA,0
TATGCTGATTATAGTG,0
TATGCTTGACGCAACG,0
TATGGATCTGGGCAAC,0
TATGGATTACTAAATA,0
TATGGCAAAAAACCGC,0
TATGGCAATCAGTCCT,0
TATGGCACAACGTGTT,0
TATGGCAGTTTAAGGA,0
TATGGGACCATCCATA,0
TATGGGGTTGATAAGA,0
TATGGTCCCGTATTAA,0
TATGGTCTGAAAGCTG,0
TATGGTGGCCAACCGA,0
TATGGTTAAATCAAGA,0
TATGTCAAGGACCAAT,0
TATGTCAGGACCTACA,0
TATGTCATGTCCTCGA,0
TATGTCCCCAAGGCAC,0
TATGTCCTAGCAGAAC,0
TATGTCCTATCCTGCA,0
TATGTCTAAAGAGCAT,0
TATGTCTAATTACTTG,0
TATGTGCACTGCATTA,0
TATGTGCATATAGTGT,0
TATGTTGTTTTGGCCG,0
TATTAAAAAAAATAAC,0
TATTAAACCGCACTTT,0
TATTAACCCACGGCAG,0
TATTAACGAATACCAC,0
TATTAACGCAACACAC,0
TATTAACTATTTAGAA,0
TATTAACTGATTATAA,0
TATTAACTGTACGGAC,0
TATTAACTTGTCGTAA,0
TATTAAGATACAAGCA,0
TATTAATAAAAATGTC,0
TATTAATACCTTTTCA,0
TATTAATCTAAGGGCG,0
TATTAATTTGCCGTAT,0
TATTACACATGGTTAC,0
TATTACAGATAACGCG,0
TATTACATAAGATAAC,0
TATTACATCAAATACC,0
TATTACATCCCAACGC,0
TATTACGTCGAAGAAC,0
TATTACTAGGCTGCCG,0
TATTACTCATTTACCC,0
TATTAGAAGCTATGGA,0
TATTAGATTTGATGCC,0
TATTAGCAAAATGAGC,0
TATTAGGCCGAATCTT,0
TATTAGGGCGACAATG,0
TATTAGTACGACAGCT,0
TATTAGTGCTTTGGAA,0
TATTATAAACACACCA,0
TATTATAACTCTAACC,0
TATTATACTTAGCCTG,0
TATTATAGAGCCTCAT,0
TATTATAGATAGATAC,0
TATTATCAGATCCAAT,0
TATTATCAGGATTGAC,0
TATTATCCCTAGTATA,0
TATTATCTAATAAAAA,0
TATTATGAGGCGCGAT,0
TATTATGCGTCTTAAT,0
TATTCAATACTGAGCG,0
TATTCAATGATTGCCA,0
TATTCACACTGGCAGC,0
TATTCCAACCGGATGA,0
TATTCCAGTAGACCGA,0
TATTCCGCATGCAATA,0
TATTCCGTTTGCAGAG,0
TATTCCTAGCGATACA,0
TATTCGCACGTTGAAT,0
TATTCTACCACTCATT,0
TATTCTATACAGTATA,0
TATTCTCAACAAACCA,0
TATTCTTTTAAAGGCC,0
TATTGAAAACTTAGTA,0
TATTGAACATAGATTA,0
TATTGACAACGACCGA,0
TATTGACGTTCTATTA,0
TATTGACTTGATAAAA,0
TATTGAGCCTACAAAT,0
TATTGATCCTATGACA,0
TATTGATGACTAAATA,0
TATTGCAACTACCGGA,0
TATTGCATATAAATCG,0
TATTGCCTGAAAACGA,0
TATTGCGAAGCCGGAA,0
TATTGCGTAACCCCAC,0
TATTGGAAACCGAATC,0
TATTGGGGTGCAGAAG,0
TATTGTAATTATACCC,0
TATTGTATTTAAGCAA,0
TATTGTGCTGTTGCAG,0
TATTTAAACAATGACC,0
TATTTAAACACAGTAT,0
TATTTAAACGACTTTC,0
TATTTAAACGATAGTA,0
TATTTAAGTCTAATAT,0
TATTTAATATAAGGCG,0
TATTTACACCTTTTAA,0
TATTTACAGTTGGGTT,0
TATTTAGTCTAGCTAA,0
TATTTCAGGTAACACG,0
TATTTCCCATAACTGA,0
TATTTCGCGAATTTAA,0
TATTTGCAATATCAAA,0
TATTTGTAAATCGGAA,0
TATTTTACAAAACCCA,0
TATTTTAGCTGAGTCA,0
TATTTTCAGGTAAATC,0
TCAAAAAAAAGGTTCC,0
TCAAAAAACTACATAG,0
TCAAAAACTTCCTTTC,0
TCAAAAAGAAATAAAA,0
TCAAAAATACCAGTCC,0
TCAAAAATCAGTTCCC,0
TCAAAAATCATACGTA,0
TCAAAAATTTAACACT,0
TCAAAACAATACAAAA,0
TCAAAACAATCTACCA,0
TCAAAAGCTAGAATCA,0
TCAAAAGCTGCAGACC,0
TCAAAAGTTTTAAGTG,0
TCAAAATAAAGGAGAT,0
TCAAAATAATGTTGTT,0
TCAAAATATAAACAAT,0
TCAAAATCGCTAGAAC,0
TCAAAATTAAATAGCA,0
TCAAACAAAACTGACT,0
TCAAACATAGGTTTCA,0
TCAAACATCAACATTC,0
TCAAACCACTTCTAAA,0
TCAAACGGAAATTATA,0
TCAAACGTTCATGTAC,0
TCAAACTATACCCCTA,0
TCAAACTGAAAGTGCC,0
TCAAAGAAAAACTTAT,0
TCAAAGAAAATATCCG,0
TCAAAGACATGATCCA,0
TCAAAGCCATTAGTGA,0
TCAAAGGCTAAGAATC,0
TCAAAGGGGACAAATT,0
TCAAAGTAGTCAGGAC,0
TCAAATACATCTATAT,0
TCAACAAAGATGACCT,0
TCAACAGAAACTAACC,0
TCAACAGATACGCTTT,0
TCAACAGGATTTACTT,0
TCAACAGTCGATCAAG,0
TCAACCAGTTTCAGGG,0
TCAACCATCAATACTA,0
TCAACCGTGGGAACCT,0
TCAACCGTTCGCAGCG,0
TCAACGAGATATAAGA,0
TCAACGCCAGAGGCTA,0
TCAACGGATTTACAGT,0
TCAACGGCACGCTGAA,0
TCAACGGGTATGACGA,0
TCAACTAAGTATCTCT,0
TCAACTACAGATACAA,0
TCAACTACTGTCACCT,0
TCAACTATCCCCAGGG,0
TCAACTCAATTTTTAT,0
TCAACTCGTCATCACT,0
TCAACTGACCACACAC,0
TCAACTGACCACTCAC,0
TCAACTTAAAAACCAT,0
TCAACTTCAGACGAAC,0
TCAACTTTACAGAGCC,0
TCAAGAATAACGATAA,0
TCAAGAATTTATTCCA,0
TCAAGACCAACAGTAC,0
TCAAGAGATGTATCGG,0
TCAAGAGGCCACAGAA,0
TCAAGAGGCTTTAAGG,0
TCAAGATAAACAATTC,0
TCAAGATATGAAAACA,0
TCAAGCCGCGTTCAAG,0
TCAAGGGCGTCGTGAT,0
TCAAGGGTCCTTATAA,0
TCAAGGTAAAAATACA,0
TCAAGGTATAAGAGAA,0
TCAAGTATATATTTCT,0
TCAAGTGAACAGACAC,0
TCAAGTGGAAAACTCT,0
TCAATAAAGCTTCTTA,0
TCAATAAAGTAGATGA,0
TCAATAAGCGCAAGAA,0
TCAATAATATTAGGCA,0
TCAATAATTATGAAGC,0
TCAATAATTTTTACTG,0
TCAATACATGAAACAA,0
TCAATACCTAGCCCAA,0
TCAATACGGTAGTTTT,0
TCAATACTATATGATT,0
TCAATAGAAGGTACTC,0
TCAATAGACTGGCACA,0
TCAATAGCCCCGAGAT,0
TCAATATCATAGTCAA,0
TCAATATTGTGGGGTA,0
TCAATCAATCGGAAAC,0
TCAATCACACCCTTAG,0
TCAATCAGGCAAATCA,0
TCAATCCAACAAAGAA,0
TCAATCCCAAAGACTT,0
TCAATCTACCCTGGAC,0
TCAATCTCCCTAACAT,0
TCAATGACATAGGAAT,0
TCAATGAGCCCATCCG,0
TCAATGCATAAGTTAG,0
TCAATGTTTAGAGGCC,0
TCAATTAATAATAACC,0
TCAATTATACCGTACG,0
TCAATTCACTCATTAA,0
TCAATTCACTGCACCA,0
TCAATTTACCCTCTGT,0
TCAATTTTCTAACAAT,0
TCACAAAAGGCTTGCT,0
TCACAAAATAGTAATA,0
TCACAAACCCCAACCT,0
TCACAAAGACTGTATA,0
TCACAAGCCATTCTCA,0
TCACAATAATTATACT,0
TCACAATAGTTGAAGT,0
TCACAATATAATAAGT,0
TCACAATCTCAGGTGA,0
TCACACACAATCCCCT,0
TCACACGGCAAAATCA,0
TCACACGTGATCTGGT,0
TCACAGAACACCATGA,0
TCACAGCTTAAAACTG,0
TCACAGTTAACAAATA,0
TCACATAAAGTTGACG,0
TCACATAAGCTTAGTG,0
TCACATAATGCAATCA,0
TCACATACACACGGCA,0
TCACATAGAAATGAAT,0
TCACATATCAAAACTA,0
TCACATCAGATCTACG,0
TCACATCCCGCTGTCA,0
TCACCAATAAAGATAC,0
TCACCACGAATGAGAA,0
TCACCACTTTATGCTA,0
TCACCAGGTTCACAAG,0
TCACCATAAACGCTGG,0
TCACCATGACAAAAAA,0
TCACCCCTACACGCCT,0
TCACCCTCCGAGCCAC,0
TCACCCTGACGTACGT,0
TCACCGCAGGTAAAAG,0
TCACCGTCAGCGGCTG,0
TCACCGTTTGAATACT,0
TCACCTAACGTAATAC,0
TCACCTAATCACCGCA,0
TCACCTCGTAGAATTA,0
TCACCTGTAGTTGTAG,0
TCACCTTTTCGATACC,0
TCACGAAATAATCAAA,0
TCACGAACAATAGTTA,0
TCACGAGGAACTCTAA,0
TCACGCTCATACGAGC,0
TCACGGAAAATTAAAT,0
TCACGGGCCCTTGTTA,0
TCACGTACCATGCGTG,0
TCACGTCAGGCCGACG,0
TCACGTGGCACCCGCT,0
TCACTAAATTACATTA,0
TCACTAATCCGACTAG,0
TCACTACTGACATCCT,0
TCACTATAAAGCGATA,0
TCACTATATATTAATA,0
TCACTCACGATATCGA,0
TCACTCCTAAGACCAT,0
TCACTGACAACCCCCC,0
TCACTGACGCGCGGGG,0
TCACTGTAAATGCTTG,0
TCACTGTTACACACGA,0
TCACTTCGCGGTATAC,0
TCACTTGAAGTGAAAT,0
TCACTTTAATAGAACC,0
TCAGAAAATACTCGCT,0
TCAGAAAGTAAACTTA,0
TCAGAAATGCCGCTGA,0
TCAGAACAGTAAGCAA,0
TCAGAACTGGGGAGTA,0
TCAGAAGCAGTATTAT,0
TCAGACAAGTGTTTTA,0
TCAGACACTTAGAAAT,0
TCAGACCGATAATTCT,0
TCAGACGTCGTTCATC,0
TCAGAGAATCTGTAGA,0
TCAGAGACTTCAGGAG,0
TCAGAGCCACTACTTG,0
TCAGATAACAATCGGG,0
TCAGATAACCCTATTA,0
TCAGATGAACTGTTGT,0
TCAGATTCCGCCAGCC,0
TCAGATTTGAAAAACA,0
TCAGCAAATCCTGAAA,0
TCAGCAATAGACTCCC,0
TCAGCAATCCAACCCA,0
TCAGCAGATGACAAAC,0
TCAGCAGGTCTAGCCT,0
TCAGCATAAACTAGCG,0
TCAGCATAACTATCAA,0
TCAGCCAGCAACAAAA,0
TCAGCCCTAGAAGGAC,0
TCAGCCTATCTTCGCG,0
TCAGCGGATAAATCGA,0
TCAGCTGGAGACTCGT,0
TCAGCTTACCTCAACA,0
TCAGGACCGATCGGAA,0
TCAGGACTGCAGAAAG,0
TCAGGATAAAGTTATT,0
TCAGGATAAGTACAAA,0
TCAGGATGCAACCGCT,0
TCAGGCCAACTACTAA,0
TCAGGTAATGCTCCTT,0
TCAGGTTACCCTGTGA,0
TCAGTAAATTCTTATC,0
TCAGTATCTCGAATCA,0
TCAGTCGAAAAAAATT,0
TCAGTCTGACCAGCCA,0
TCAGTGCAAAAAACAG,0
TCAGTTACTGAACAAC,0
TCAGTTTGGTCCGCAA,0
TCATAAAATGGGTAAC,0
TCATAAAGTACAACTA,0
TCATAACAGTCGCAAG,0
TCATAACGATTTATCA,0
TCATAACTGAAAAGAT,0
TCATAATGAGACTAGA,0
TCATAATTTTACAGAC,0
TCATACACATGCGCGG,0
TCATACCCAAGGATTG,0
TCATACGGTTGGTCGA,0
TCATACTGTGACTTGA,0
TCATAGAAGTGAAGAC,0
TCATAGACTCATCTGG,0
TCATAGCAGTACTGAC,0
TCATAGCCCACAACTG,0
TCATAGCCGACCACAA,0
TCATAGCCGTTTTTGT,0
TCATAGTAATTTTCAA,0
TCATATAAAAAATCAA,0
TCATATAAACTAATAC,0
TCATATTTAAGTAGAA,0
TCATCAAAAAGTCTCA,0
TCATCAACAGTGTACG,0
TCATCAAGAAATTCCA,0
TCATCAAGATAACCAA,0
TCATCACTTAACCATG,0
TCATCAGCCTGTTAAT,0
TCATCATCTTATGCAC,0
TCATCCACCTCTGGGT,0
TCATCCTCGTGCTGTG,0
TCATCCTTACACTTGT,0
TCATCGCGCACAGAAC,0
TCATCTAGACCCAAAC,0
TCATCTCGGTGTTACA,0
TCATCTTACATCGCTG,0
TCATCTTTGGTTGAAG,0
TCATCTTTGTTATGGA,0
TCATGACGAAGACGTA,0
TCATGACGGACACACA,0
TCATGACTCTCAACAC,0
TCATGATACAATACAG,0
TCATGCAAGAAAATAG,0
TCATGCATTATAATAC,0
TCATGCCAGGTCTTCT,0
TCATGCGATCTGAATC,0
TCATGCGCCGTCCCCG,0
TCATGCTGCAATCGTC,0
TCATGTACCCGAGGGA,0
TCATTAACATCAACCA,0
TCATTAACGAAAGATA,0
TCATTACATTTAAGCG,0
TCATTACTCACACCAT,0
TCATTCCATTGATAAA,0
TCATTCGATTACAAAA,0
TCATTGAAGTTCCCGA,0
TCATTGCGGGAGACCT,0
TCATTTCCATTCAAGT,0
TCATTTGGTGAACTCA,0
TCATTTTGTTTGAACT,0
TCCAAAAAACAAAAGA,0
TCCAAAAAAGATCAAC,0
TCCAAAAATTGACAAT,0
TCCAAAATTATGTTGC,0
TCCAAACGAAAGGGGA,0
TCCAAACTCATTTCCA,0
TCCAAACTGAGACGTC,0
TCCAAACTTAAAAAGC,0
TCCAAATAATCATTTA,0
TCCAAATCCAACTAAA,0
TCCAACAATGTCAAAT,0
TCCAACATACCCTCAT,0
TCCAACATGACCTAGC,0
TCCAACCGTTCATGTT,0
TCCAACCTGTAATAAC,0
TCCAACGAGTCTCAGT,0
TCCAAGCGCACCATCT,0
TCCAAGCTAGCCCCGA,0
TCCAATAGACGTCAAT,0
TCCAATCGATCCCAGT,0
TCCAATGCTCTAATAT,0
TCCAATTACCCCGACC,0
TCCAATTATTGTTGTA,0
TCCACAACCCCGCTTA,0
TCCACAATCCTGGTCA,0
TCCACAGCGACTGAGC,0
TCCACCAGCAAGGAAG,0
TCCACCCAGGGACAAA,0
TCCACCTACCCGAGCC,0
TCCACCTACTGCGCGC,0
TCCACCTCGCATACAT,0
TCCACGACAAAAACTA,0
TCCACGATACGTTCTC,0
TCCACTAAGGTACTTA,0
TCCACTCCCAACGCTG,0
TCCACTCGTAACCAAA,0
TCCACTGAAACGATAC,0
TCCACTTAAGTAATGA,0
TCCACTTAGCTAAAAA,0
TCCAGCATCCTACCTT,0
TCCAGCTCAAAATAGT,0
TCCAGGCCAGACATAT,0
TCCAGGTTTTTGACGA,0
TCCAGTCATCCGTTTA,0
TCCATAAAAACACTTA,0
TCCATAAAAACGAGCG,0
TCCATAAAGGGAAAAA,0
TCCATACAACTCGATT,0
TCCATACATCAACAAT,0
TCCATACATTAACCTT,0
TCCATAGAGACATGGA,0
TCCATATAAACCCTTT,0
TCCATATAGAAATGAC,0
TCCATCAAATGTTTCC,0
TCCATCAACTATTCGC,0
TCCATCCCCTCCGAAC,0
TCCATTAGAAACTCTT,0
TCCATTCTAGGTTACA,0
TCCCAAACCTTAGTCT,0
TCCCAAACGCACGTAA,0
TCCCAACATCGACATT,0
TCCCAACTTTAAGAAC,0
TCCCAAGGTCCTAGGG,0
TCCCACCCACATTGAA,0
TCCCACGAAGCCTAAA,0
TCCCAGAGCTAATAAT,0
TCCCATACCCGACTCA,0
TCCCATATAAAGACGC,0
TCCCATCACCATCATT,0
TCCCATCTGTTGTCGG,0
TCCCCCATAAAAGATG,0
TCCCCCCTTAAATCTA,0
TCCCCCGCGAAACTTC,0
TCCCCCGCGAAAGCAT,0
TCCCCGCAAATGCTAG,0
TCCCCTAGATCTACAC,0
TCCCGAAATCCAAGCA,0
TCCCGATCATAAACTT,0
TCCCGCACATACAATC,0
TCCCGCATGGATTTAC,0
TCCCGCCGGCCTGGAA,0
TCCCGCCTAGGTACAC,0
TCCCGCGTACATTACA,0
TCCCGGGGCTTAAACA,0
TCCCGGTAAGTACACA,0
TCCCGTACTCAGACCT,0
TCCCTAGCGGGATCCG,0
TCCCTATAGAGGAGTG,0
TCCCTCAAGATGGAAG,0
TCCCTGGACTAAAGTG,0
TCCCTGGACTAGAGTG,0
TCCCTGTGTTTTGACT,0
TCCCTTACGGAACCAA,0
TCCCTTCTAATCACAG,0
TCCCTTTTTTAGACCA,0
TCCGAAAAAGTTCATA,0
TCCGAAAGCTAGTTAT,0
TCCGAAATATGACGCC,0
TCCGAAGGCGCTATTT,0
TCCGAATCTTAGAACA,0
TCCGACAATACCTATA,0
TCCGACATAACATGAG,0
TCCGACCGATAAAATG,0
TCCGACCGATCGCTCA,0
TCCGACCTGGATTAGA,0
TCCGACGTTACTCCTA,0
TCCGAGAACCCAAAAT,0
TCCGAGATGGCAGAAC,0
TCCGAGATGTAAAGCG,0
TCCGAGGTGCTCTTGA,0
TCCGATACAATCGTTA,0
TCCGATAGATTCGGAC,0
TCCGATGGTGATTCCA,0
TCCGCAACTGGGTTCA,0
TCCGCACACCCCTCTA,0
TCCGCCAAGAAAGGTT,0
TCCGCGAATTAGCCGC,0
TCCGCTGGCCGAAACT,0
TCCGCTTGCACGCCAC,0
TCCGGAAACTTTCAAA,0
TCCGGAAATTACCCGC,0
TCCGGCCGAAGAAATA,0
TCCGGCGCTACTTATG,0
TCCGGCTATCAGAGCC,0
TCCGGTCCGACCCCAC,0
TCCGGTCTAAGAGGGA,0
TCCGGTGGTTTTGGAG,0
TCCGGTTCTGTTAATG,0
TCCGTACAGAGAAGAC,0
TCCGTATCATTGCCTA,0
TCCGTATTGGCGGAGA,0
TCCGTCCGCCTCGACC,0
TCCGTCTGCGCAGTGA,0
TCCGTGCAATGCCTTA,0
TCCGTTAAACGACTAG,0
TCCGTTAACCCTTATT,0
TCCGTTAACTAGCAAC,0
TCCGTTCAATTTACAT,0
TCCGTTCACATACAAA,0
TCCGTTGAGTCGTGCA,0
TCCTAAAAAGCTAGAT,0
TCCTAAATAAGAGACC,0
TCCTAAGAATTTTATC,0
TCCTAAGGTCGTAATG,0
TCCTACCAACTTTCGG,0
TCCTACCAGTAAAGGC,0
TCCTATAAGTAAGTTG,0
TCCTATATCGACTACG,0
TCCTATTAACAGATTA,0
TCCTCAAACTCCACAA,0
TCCTCAGTTAAGTGAT,0
TCCTCCTAGACGTGAC,0
TCCTCGACCTGGGCTA,0
TCCTCGCCCAATCAGC,0
TCCTCTATCACGTTCA,0
TCCTGAAATTCTGTCC,0
TCCTGAGGACGCCAAA,0
TCCTGCGGGGGTCAGG,0
TCCTGCTCGATCACAT,0
TCCTGGAGGCATATAT,0
TCCTGGCAACCCTAAG,0
TCCTGGCCGTTAAGAA,0
TCCTGTGAAGTCCAAA,0
TCCTGTGACTCTCTGT,0
TCCTGTTTGCAAATAA,0
TCCTTACCACCAGAGC,0
TCCTTAGTGAATAAAT,0
TCCTTATCGTAATAAA,0
TCCTTCACGAATTCAG,0
TCCTTCCAAACAATGG,0
TCCTTCGGTGGGAGCA,0
TCCTTGATAGAAGAAT,0
TCCTTGCAAGTGTGAC,0
TCCTTTCCAGTCATCT,0
TCCTTTCTGAACGTCG,0
TCGAAAAACGCAGCCC,0
TCGAAAACTACTACGG,0
TCGAAACACAATAGAA,0
TCGAAATGCAACGTTC,0
TCGAACAAACAAAAAA,0
TCGAACAACACCAACA,0
TCGAACAGCCCGTACG,0
TCGAACCAGTGCGAAT,0
TCGAACGATCTTAATT,0
TCGAACTTTCATGAAT,0
TCGAAGATAAGGCTAC,0
TCGAAGCGATACTAAC,0
TCGAAGTTCACGAAAA,0
TCGAAGTTGGAAAACA,0
TCGAATAGTAAGCCAC,0
TCGAATCATCGTCCCT,0
TCGAATTCACATGCAA,0
TCGACACCAGGCAGCA,0
TCGACAGACCCATAAT,0
TCGACAGTAACAACAA,0
TCGACATCTATTTCTA,0
TCGACATTAAACTATA,0
TCGACCCTATACTAGT,0
TCGACCGCGAAAGTAC,0
TCGACCTATATGGAAA,0
TCGACGAGATCCCGGG,0
TCGACGCAGTCGGAAA,0
TCGACGTCCAAATAAG,0
TCGACTAAGGGGATTT,0
TCGACTGCGTTCACCT,0
TCGACTGGGGACGTGC,0
TCGACTTTGTCAATCC,0
TCGAGAACGAAATCCA,0
TCGAGAACTAACCAAT,0
TCGAGAACTATAAGAT,0
TCGAGAATGTGCCAGA,0
TCGAGAGTAAAAAACA,0
TCGAGATACCAAATAG,0
TCGAGATGAAGCTTGG,0
TCGAGATTTGTATTTC,0
TCGAGCACAGTATTCA,0
TCGAGCCCTATACATG,0
TCGAGGCGTACACAAC,0
TCGATACCAGAAACCG,0
TCGATATCACCGCATG,0
TCGATCACTATTATGT,0
TCGATCGACTCCTTAG,0
TCGATGATTCAACGGA,0
TCGATGGAACCTTCCA,0
TCGATTAAGCAAGTAC,0
TCGATTCTTACATAGA,0
TCGCAAAGCGCAAAAG,0
TCGCAACTGCTCGAGA,0
TCGCAACTTGTTGGGC,0
TCGCAAGTAGAATTAT,0
TCGCAAGTTAGCTGTC,0
TCGCACGATATTAACT,0
TCGCAGACCTAAACTC,0
TCGCAGATGAGGACAA,0
TCGCAGTGGACCAAAT,0
TCGCATACTCAATTCA,0
TCGCATAGTAAAGCAA,0
TCGCATCAAAGTTTAC,0
TCGCCAAGTCCGGCAT,0
TCGCCAGTCAACGTAG,0
TCGCCATAGCGTACCT,0
TCGCCATCGCGCGCTC,0
TCGCCCGAATATCGTA,0
TCGCCCGTAATTCGGC,0
TCGCCCTCCCGGAGTC,0
TCGCCGAACCTGGTAT,0
TCGCCGACATGTAAAA,0
TCGCCGGATACATTAA,0
TCGCCTAGATCCTTTT,0
TCGCCTCATAGTAAAG,0
TCGCGGAAATCCCAGA,0
TCGCGGACATTCAGGC,0
TCGCGGAGTAAAACCT,0
TCGCGTGGAGATTGTG,0
TCGCTAAATCTTGCTA,0
TCGCTACTTGTTAACA,0
TCGCTAGCGAGGACCA,0
TCGCTGAAAGCCTACA,0
TCGCTGAGCTTAGAGA,0
TCGCTGATATAATTGA,0
TCGCTGTATTTGGTGA,0
TCGCTTAATACCATTA,0
TCGCTTAATTAACTGG,0
TCGCTTGCCTAATCCA,0
TCGCTTGTGCGTTATC,0
TCGGAAACATTCTAAT,0
TCGGAACAGAGAGGAG,0
TCGGAAGTGATTAGCA,0
TCGGAGCGCGGCAACT,0
TCGGAGTGTGTAACGT,0
TCGGATAACCTGAAGA,0
TCGGATAATAGATGTT,0
TCGGATAATGGCCGGC,0
TCGGATAGTTCCGCAG,0
TCGGATGATTTACCAC,0
TCGGCCAACCAGATCA,0
TCGGCCCTACGACCAT,0
TCGGCGCATCCTTGAA,0
TCGGCTCAACCAGACC,0
TCGGGAACGTTGAGAA,0
TCGGGCACCTGTGAAC,0
TCGGGCAGTGCCCTTC,0
TCGGGCTATACTTGGG,0
TCGGGGCTCACTAAAA,0
TCGGTAACTTACTAAG,0
TCGGTACCGATAAAAA,0
TCGGTAGACGATTAGA,0
TCGGTATGAAGGGTAA,0
TCGGTCTATACCGAAC,0
TCGTAACCCACTCAAT,0
TCGTAATTATACTAAA,0
TCGTACTCAGCCTATA,0
TCGTACTTGTGTACAA,0
TCGTATCTCACTCAAA,0
TCGTATTGATGAGGAT,0
TCGTCACAGATGAATT,0
TCGTCCACCTAGGGAC,0
TCGTGCACTCAGGGGA,0
TCGTGCCCTGCGCATC,0
TCGTGCTTAAAACTTT,0
TCGTTCGAAATGCATC,0
TCGTTCGTGTCTCCCT,0
TCGTTGCCGGAACTTG,0
TCGTTTAATGAAATTA,0
TCGTTTTCTTCTGCAT,0
TCTAAAAAAAGGACAA,0
TCTAAAAATAACAGGC,0
TCTAAACTAATTGGGT,0
TCTAAAGCTCTTGACA,0
TCTAAAGTGCCAAATA,0
TCTAAATAACAATGGG,0
TCTAAATAAGCGCATT,0
TCTAAATATAGGGCGC,0
TCTAAATTTAACTAAA,0
TCTAACACATATTTCA,0
TCTAACAGCACACGAA,0
TCTAACCCTGGCGAAT,0
TCTAACCGCATGTAGC,0
TCTAAGAGCAGCCCCA,0
TCTAAGATAACATTTG,0
TCTAAGCATAGACACT,0
TCTAATCATGCAGAAT,0
TCTAATCGGCTTAAAA,0
TCTAATCTCTAAAACG,0
TCTAATGAGCATGTGA,0
TCTAATGCGCTCCAAG,0
TCTAATGTACCTTACA,0
TCTAATTATACCCGCC,0
TCTAATTCAAATTCCA,0
TCTAATTCAGATCAAA,0
TCTAATTCATCCCCAC,0
TCTACAAGTCGAAGAT,0
TCTACAATACGTCGTT,0
TCTACATACAAAACTG,0
TCTACCTGGTATCTCA,0
TCTACGTACCCGCCGC,0
TCTACGTCTCCTTAAT,0
TCTACTAAGATTTGAT,0
TCTACTAGTGAATAAT,0
TCTACTCGGAACTAAA,0
TCTACTCTAAAACCGA,0
TCTACTGAGTTCAAAC,0
TCTAGAACCATAATAC,0
TCTAGAAGAGCAATAT,0
TCTAGAAGATTAGTTC,0
TCTAGCCAAAGCCGAA,0
TCTAGGCAAACGACAT,0
TCTAGGCAAACTGCAA,0
TCTAGGCATCCGTGTT,0
TCTAGGGTATACACAC,0
TCTAGTAAGTACAAAC,0
TCTAGTAGAAGGGTGG,0
TCTAGTCCTCCATCCC,0
TCTAGTTGTAGGTATA,0
TCTAGTTTGCTTATCA,0
TCTATAAAGCGGATTA,0
TCTATAACACTAGATT,0
TCTATACAATTCAAGT,0
TCTATACAGTTGGGAT,0
TCTATACCAAAATCGA,0
TCTATAGGACTAACTT,0
TCTATCATAGATGAGG,0
TCTATCCCTGTAAGCA,0
TCTATCTGTCACGAAT,0
TCTATGATTTCACAAG,0
TCTATGCAATTACTAC,0
TCTATGTATCCCAAGA,0
TCTATTCTTTGTTCAA,0
TCTATTTGCAGAACCC,0
TCTCAAAGATTAAGTA,0
TCTCAACCTTGTCCTA,0
TCTCACCACCCAGCCG,0
TCTCATAAAGAAAACT,0
TCTCCACTGTAGAAGT,0
TCTCCATTCACAACAG,0
TCTCCCCTTACAAGTG,0
TCTCCCTAAATTTAAT,0
TCTCCCTCCGATTTAT,0
TCTCCGCAACCTAGTC,0
TCTCCGTTACGAAGCG,0
TCTCCTAAAAGATGAT,0
TCTCCTGAGTGAGCCA,0
TCTCCTTGTCTATCCT,0
TCTCGAGACTAATGAA,0
TCTCGCAAGGCAGGGC,0
TCTCGGGTGAAGTGAC,0
TCTCGGTCGTAACAAC,0
TCTCTAACATCTCTAT,0
TCTCTAGTAATAAACT,0
TCTCTATTGATATTCA,0
TCTCTCCAAAAATACG,0
TCTCTTTTGACTTACA,0
TCTGAAACAGGATACG,0
TCTGACAATTCTCAAC,0
TCTGACATCGACGACC,0
TCTGACGATAATACAC,0
TCTGAGAAGCCAAGTC,0
TCTGATGTACATGCCC,0
TCTGCACAAGGTGTAC,0
TCTGCTCCGGGTTACC,0
TCTGGAAAGACACGTA,0
TCTGGAATAGTAACTC,0
TCTGGACAGACTCTAA,0
TCTGGACCCACGACAA,0
TCTGGAGATATATAGT,0
TCTGGCAAACAAATAG,0
TCTGGTAAGTAACTTC,0
TCTGTAACTGAAAACG,0
TCTGTAATATACGCAG,0
TCTGTACAATACCATA,0
TCTGTCAGCGCATTCA,0
TCTGTGGTCGCTACCA,0
TCTGTTACTTAACACG,0
TCTGTTATCCTTTCAG,0
TCTGTTCCTTCGATAC,0
TCTGTTTTCTACGAGG,0
TCTTAAACCGGTTTAC,0
TCTTAAACCTTATCAT,0
TCTTAAACGAGGTCGA,0
TCTTAACATTGAATCC,0
TCTTAATAGAATAAAC,0
TCTTACACACCAGCAC,0
TCTTACCACCATTGCT,0
TCTTACGCTACATGAT,0
TCTTACGTCATGTCTT,0
TCTTAGACGACACTTT,0
TCTTAGAGCATTGAAC,0
TCTTAGCCGAAAATGC,0
TCTTAGCGGAAGCAGA,0
TCTTAGCTCTGAAAAT,0
TCTTAGTTAATCGCCC,0
TCTTATACGAACGAAG,0
TCTTATGACTTATAAA,0
TCTTATGAGCCAACAG,0
TCTTATTCACTGAAAT,0
TCTTCAATCGTTCCGC,0
TCTTCACACCGAAAAA,0
TCTTCATAACCTATAG,0
TCTTCATTCGCCGAAT,0
TCTTCCTGACAACTCA,0
TCTTCGACCCCCGACA,0
TCTTCGACGGATGGAT,0
TCTTCTACATGTGATG,0
TCTTCTCAACATTCAA,0
TCTTCTCCCAGCAAGG,0
TCTTCTGCGAAAATCC,0
TCTTGAACCCGGACAA,0
TCTTGACCGGAGATCC,0
TCTTGACGATTCGGCT,0
TCTTGCATGACGATCC,0
TCTTGCCTAAAGTGTA,0
TCTTGCTAGAGATGTT,0
TCTTGGACTCATTAAA,0
TCTTGGTCCGAAAAAC,0
TCTTGTACCGGTCACC,0
TCTTGTAGACTGTCTA,0
TCTTTACATAAGAAGA,0
TCTTTAGTAAACATAT,0
TCTTTCGAATCAGGAA,0
TCTTTGGACTACTATA,0
TCTTTTAAATATTGCA,0
TCTTTTCAATAGATTA,0
TCTTTTCCCTTCAAAG,0
TCTTTTTCTACCCTAT,0
TGAAAAAAGCAATCTT,0
TGAAAAACCATAACCA,0
TGAAAAATTGACTCCA,0
TGAAAACAGGCCGCGC,0
TGAAAACGGAGTAGAG,0
TGAAAACTATGAGGTA,0
TGAAAAGGAGTATAAT,0
TGAAAAGTCCGATACT,0
TGAAAATAGATTGACC,0
TGAAAATTGAAAGCAG,0
TGAAAATTTTCTACTA,0
TGAAACAATACTACGC,0
TGAAACACGATAGCGG,0
TGAAACGTGAATAGTT,0
TGAAACTAAAACTCTA,0
TGAAACTATCTCCCAT,0
TGAAACTATGACCATG,0
TGAAACTCATACGATT,0
TGAAACTGACCCTTTA,0
TGAAACTTAATTCGAT,0
TGAAACTTGCAGTCGG,0
TGAAAGAACACCATTA,0
TGAAAGAATGCCCGGA,0
TGAAAGCCGTTCACAC,0
TGAAATAACAATCTTG,0
TGAAATCAACGTTAAG,0
TGAAATCACTAGAAAC,0
TGAAATCACTTTAAGC,0
TGAAATTATATGAATG,0
TGAAATTCATATTATT,0
TGAAATTTTATCAAAC,0
TGAACAAATGCCTCAA,0
TGAACACAACTGAATA,0
TGAACACAGGTACATT,0
TGAACAGTATAACCTA,0
TGAACATATGCCCAAC,0
TGAACCAGCTAGCTAA,0
TGAACCCAAAAATACA,0
TGAACCCCATAAACTT,0
TGAACCCGACACGCCA,0
TGAACCCGAGAGCACA,0
TGAACCCTTTAACAGT,0
TGAACCTTATTAGTTG,0
TGAACGCCCAACTCCA,0
TGAACGTATACCCGGG,0
TGAACGTTTTGAACTA,0
TGAACTAACCATTAAT,0
TGAACTACATGTCGAA,0
TGAACTAGACCACTTT,0
TGAACTATAACATATT,0
TGAACTTAATGATACA,0
TGAACTTACATTAAAA,0
TGAACTTATTGGCAAG,0
TGAAGAACAAGGTGAA,0
TGAAGAATCTCACTCT,0
TGAAGACGAAAGCACG,0
TGAAGAGAGATAATAC,0
TGAAGAGTCCACCCAG,0
TGAAGCAGTTACCGTT,0
TGAAGCATAAAGCACA,0
TGAAGCCAAAGCATCT,0
TGAAGCGGTCCGCCAA,0
TGAAGGGCATACACAG,0
TGAAGGTGTGCGGCCA,0
TGAAGTAGCGCCTAGG,0
TGAAGTCTGTGACAAA,0
TGAAGTGTGGATTAAG,0
TGAAGTTATATATGAA,0
TGAAGTTGACCGCGGA,0
TGAAGTTGAGAATACG,0
TGAATACAATCTATTC,0
TGAATACAGAACAAAA,0
TGAATACGCATATTCC,0
TGAATAGTTGCAGTGA,0
TGAATATACCTTTTGC,0
TGAATATACTATACAA,0
TGAATATGATTGGCAT,0
TGAATCCATAAACATG,0
TGAATCCGTCCCTGAT,0
TGAATCTATAAAGCGA,0
TGAATCTGACACTATA,0
TGAATGAACTATCTAC,0
TGAATGAAGACAAAAT,0
TGAATGAGGGCTGATG,0
TGAATGCTGCAATCCG,0
TGAATGTAACTCATCG,0
TGAATGTGCCAACGAG,0
TGAATGTTACATTGAT,0
TGAATGTTCATTGCAA,0
TGAATTAAAGACTGAA,0
TGAATTATAAAGCACA,0
TGAATTCAACAAACAT,0
TGAATTCAGATTACAT,0
TGAATTCCTCTGGCAA,0
TGACAAAAAAACAGCT,0
TGACAAAACCAGTTGT,0
TGACAAATCTCAGAGG,0
TGACAACTAAACTGAA,0
TGACAATACGTCGAAC,0
TGACAATCCTATGAGG,0
TGACAATGACAAGCAC,0
TGACACATTAGCGTTT,0
TGACACCGCGCCTAAA,0
TGACACTATACCTCCT,0
TGACAGAAATACTTTT,0
TGACAGAACGCGCCAA,0
TGACAGAGAACGAATA,0
TGACAGCTCCAATTTA,0
TGACAGCTTGAGGCGA,0
TGACAGGACTTATAGC,0
TGACAGTCGTAAAGTC,0
TGACATACTAATGCGG,0
TGACATGAGATATCTC,0
TGACATGCCAGAAGAA,0
TGACATGTATAAAAGT,0
TGACCAAACACCTAAG,0
TGACCACATATCTTAC,0
TGACCACCTCACCTTT,0
TGACCATAGTGACTAG,0
TGACCATCAACTATGG,0
TGACCCCCGAAACACG,0
TGACCCCGGCTAATTG,0
TGACCCCGTTGCTCTA,0
TGACCCGCACTGCCTG,0
TGACCCTAATGCGTAA,0
TGACCCTGCGAGTAGG,0
TGACCCTGTCGCCACC,0
TGACCGACTAGATAAA,0
TGACCTAACCTCAATC,0
TGACCTATTCGCGTAA,0
TGACCTCAGTCCGCGG,0
TGACCTCCGCAATGAA,0
TGACGAGAGCCCACTA,0
TGACGAGTATAAGCTA,0
TGACGCAATGACGCCA,0
TGACGCTTAAACGACA,0
TGACGTACAAAGAAAG,0
TGACGTCATCTTTCGT,0
TGACGTTAACCGTCTC,0
TGACTAATAGACAAAG,0
TGACTACGCGAAAGTA,0
TGACTAGACTCACACT,0
TGACTAGCAGATTGAT,0
TGACTAGGAATAAAGG,0
TGACTCATGTTTCACG,0
TGACTCCAGACTTTAC,0
TGACTCGCGATAGTCC,0
TGACTCGGGGGTTACA,0
TGACTCGTCCAACAAA,0
TGACTGTGATAAGTTA,0
TGACTGTGATCTCGTA,0
TGACTTAAATCAGCCA,0
TGACTTCAGCATTGTG,0
TGACTTCCACTTGTAG,0
TGACTTGGCATGGGTG,0
TGAGAACTCAAAAAAT,0
TGAGAATGTAGCAGCT,0
TGAGACTGTAAAATCC,0
TGAGACTTATGGGGAG,0
TGAGACTTCCGACTAC,0
TGAGAGACACCTTAAT,0
TGAGATACAATAAAAT,0
TGAGATATAGGAACAC,0
TGAGATCTTCACGCTA,0
TGAGATTAGGCATAGT,0
TGAGATTCGGTCAATG,0
TGAGATTTCACGACCC,0
TGAGCAAAAGATGCCG,0
TGAGCAACGGAATAAG,0
TGAGCAGAATAAGTGG,0
TGAGCAGACATTAAGC,0
TGAGCAGGTGAATGTA,0
TGAGCATAAAAACTGA,0
TGAGCCAATTCAGACA,0
TGAGCCATAAAATTAA,0
TGAGCCATATGCGCTT,0
TGAGCGTAGGTTCTGT,0
TGAGCGTCCGTGTCTA,0
TGAGCTAAAAGTACCG,0
TGAGCTTGATTTTCCG,0
TGAGGAAAGATATCCA,0
TGAGGAATCTCCCGAT,0
TGAGGAGTATGAGGAC,0
TGAGGCCACAACCATA,0
TGAGGCCCCGATAACT,0
TGAGGCGACCGACTTA,0
TGAGGGAATATAGGGC,0
TGAGGGGATCATCACC,0
TGAGGTAACGGGATAT,0
TGAGGTTGATACAAAG,0
TGAGTAAAATAAAGAA,0
TGAGTAGATCAATCCG,0
TGAGTCCTTCCTGTAG,0
TGAGTCGATACCAAAA,0
TGAGTGAAGAATTATA,0
TGAGTGATTTGGAAAC,0
TGAGTGGGCCAATCTC,0
TGATAAACTATATTAC,0
TGATAAATGTATTATT,0
TGATAATAGTCGCCAT,0
TGATAATTTCGAAGAT,0
TGATACATTATCGCCC,0
TGATACATTGGAAAAT,0
TGATACCTGCAATAGT,0
TGATACGCCTATGCGG,0
TGATACGGGATCAAGA,0
TGATACTAGCTAGAAT,0
TGATAGAAAATACCAA,0
TGATAGACTCATATCC,0
TGATAGAGACTAAATT,0
TGATAGCTCTAAACCG,0
TGATATACATCTTCCT,0
TGATATACCAAAATGA,0
TGATATATCCTGCCGA,0
TGATATTTACTATCCC,0
TGATCAAGTACAACAC,0
TGATCACAGCGTCTTA,0
TGATCACTCTTCCACC,0
TGATCAGGCCTAGATC,0
TGATCAGTATCATGAA,0
TGATCATGCTATTTTA,0
TGATCCAGAGCGAATC,0
TGATCCCAATTTACAA,0
TGATCCGGACCACTGT,0
TGATCGAACACAAGGA,0
TGATCGTAACTACAAT,0
TGATCGTCTCACAAGG,0
TGATCGTGTTTCAAAT,0
TGATCTAACTTCCTAT,0
TGATCTACACTCGACG,0
TGATCTTAAGAAGTAG,0
TGATCTTGAAATAAAA,0
TGATGAAAATGTTGAT,0
TGATGACACAGCGAGT,0
TGATGACTGGCCCGTG,0
TGATGAGTCTAAAACA,0
TGATGATAAACTCCAG,0
TGATGCGAGTTTTAAA,0
TGATGCTCGCACGTCA,0
TGATGGAACAAAAACG,0
TGATGGCAACCGACCA,0
TGATGGTAACAGGAAC,0
TGATGGTGTACATAGC,0
TGATGTATTCTAGAAT,0
TGATTAACAAATGACA,0
TGATTAATGTGAAAAG,0
TGATTACCTGTGAAAA,0
TGATTACGTCCGGATG,0
TGATTACTATATGTAT,0
TGATTATGCTTGATAA,0
TGATTCATCGACTAAA,0
TGATTCCCAATGACGC,0
TGATTCGTTGTGCAGA,0
TGATTGAATAACTGCA,0
TGATTGACGGGAAAAT,0
TGATTGAGTACGGTTT,0
TGATTGGAGCATAGAA,0
TGATTTGCGATTGGCT,0
TGCAAAAAAATACCAT,0
TGCAAAAAGAAGAAAT,0
TGCAAAACCAGAGAGG,0
TGCAAAATGGGTATCA,0
TGCAAACCCGTAACCC,0
TGCAAACTGTTTAACC,0
TGCAACCCTTTACGAC,0
TGCAACGAAGATTGGA,0
TGCAACTTAACCTTTC,0
TGCAATAAGACAATTC,0
TGCAATATGCAGATAT,0
TGCAATCCCAGTAGTT,0
TGCAATCCTTAACCCT,0
TGCAATCGCGTTATTA,0
TGCAATTCAATTATTA,0
TGCAATTGATCGATAT,0
TGCACAGTACAGAAAT,0
TGCACATATCACGAAA,0
TGCACCAAGTGAAACG,0
TGCACCAGGTCTGAAC,0
TGCACGCAAATTACAC,0
TGCACGCCAAAATGCG,0
TGCACGGGGCACTAAT,0
TGCACGTCAACAATCA,0
TGCACTAAATCCGTAT,0
TGCACTAATGTCTGAA,0
TGCACTTACCCGATTA,0
TGCAGAAGTCTTCTAT,0
TGCAGAATTAGATTAC,0
TGCAGACAGCCAACAC,0
TGCAGCCTACTAGAGG,0
TGCAGCTAAAACTACT,0
TGCAGCTGTGTGAGCA,0
TGCAGCTTCAGACCTG,0
TGCAGGCTCCAAATCA,0
TGCAGTTGACGAATGT,0
TGCATAACCAGATGCC,0
TGCATAATATATACCT,0
TGCATACATGACATTA,0
TGCATCCAATAACTTA,0
TGCATGAGCTCTTACA,0
TGCATGGGCCATATAC,0
TGCATTAGTGGTCTGT,0
TGCATTATATGGAACG,0
TGCATTCAAATACCAG,0
TGCATTCTTACAAAAA,0
TGCATTTACTGATTCA,0
TGCCAACACGCTCGAT,0
TGCCACACAGTCCTTA,0
TGCCACAGGCTTCCTC,0
TGCCACCGAAGTTTAT,0
TGCCACTATACACTAA,0
TGCCACTTATTACCAA,0
TGCCAGAAAGAACAAG,0
TGCCAGAAAGCCAGAA,0
TGCCAGTGAACATATG,0
TGCCATCTAATACGCT,0
TGCCATTATCCTACTA,0
TGCCATTTACATAACA,0
TGCCCAAGACCTACCA,0
TGCCCCGTTAAACAAA,0
TGCCCGGATATGATGT,0
TGCCCTTGACGATATG,0
TGCCGATACACCGATA,0
TGCCGATTCCTAAAGA,0
TGCCGCATAATAAAGT,0
TGCCGCTGTCAGACTT,0
TGCCGTCTAGAACAAA,0
TGCCTAAAATTGTATA,0
TGCCTAGAACTAACCC,0
TGCCTATCCATATAAC,0
TGCCTCCCTCACACTC,0
TGCCTGTCGAGAAAAA,0
TGCCTTAGTAATAAAT,0
TGCGAAACCCCAGGTT,0
TGCGAAATTAATGTAC,0
TGCGAAGATTGACCCA,0
TGCGAATATTCGATCA,0
TGCGAATTTAAACGTT,0
TGCGACAAGACCCTGC,0
TGCGACGAACTCCGCG,0
TGCGACGTCCAGTCCA,0
TGCGACTCTTGGCAGA,0
TGCGAGAAGCTTATAG,0
TGCGATCGCACGTAGA,0
TGCGATTTAGTCTGTA,0
TGCGCATATCCAAATC,0
TGCGCATCGAAAGTGA,0
TGCGCCCTAGTCACAA,0
TGCGCCTCAAAACACC,0
TGCGCTCACTAATACA,0
TGCGGCTCATGGTCTT,0
TGCGGTGATAAGCTTA,0
TGCGGTTTCCGTAACG,0
TGCGTCAATCTCTACA,0
TGCGTCCGGTAAGAAC,0
TGCGTGCGTTATTATA,0
TGCGTGCTGACCCCGT,0
TGCGTGTTAAACTCTC,0
TGCGTTAGCCGCAATG,0
TGCGTTCGCCATAGAC,0
TGCGTTTACCCGATTA,0
TGCTAAAATTACTGTG,0
TGCTAAAGGATTATAT,0
TGCTAACAACTTAGTA,0
TGCTAACTACCCTACC,0
TGCTACACTCGAGTAG,0
TGCTAGCCGCGTAACC,0
TGCTAGCGCAAGATGA,0
TGCTAGCGTTAAGTCA,0
TGCTATATTACTTAAT,0
TGCTATCTGAGATACC,0
TGCTATTCAAAAACCA,0
TGCTATTCGTCCTTCT,0
TGCTCAGAATTTGTGA,0
TGCTCCATTTTAAAGA,0
TGCTCCCTAAAAGGTA,0
TGCTCCGCGTAAACGC,0
TGCTCTAAAAAATGCT,0
TGCTCTTTTACTATGA,0
TGCTGAACGGCAGTCT,0
TGCTGCCGATGAGTCA,0
TGCTGCGTATCGGAAG,0
TGCTGTTAGCAAATAA,0
TGCTGTTATGACAGAC,0
TGCTGTTTAGCCTAGC,0
TGCTTAAAAAACAATC,0
TGCTTAATCCTCGGGA,0
TGCTTACCTCTAAATA,0
TGCTTCCAATCCAAAA,0
TGCTTCCCCACTTGAA,0
TGCTTCGCACAAATCC,0
TGCTTCTATCTATGAG,0
TGCTTCTCCGATACCT,0
TGCTTGACCCACGGAT,0
TGCTTGATACATCGAC,0
TGCTTGATCAACTCTC,0
TGCTTTACCAACACCA,0
TGCTTTCCAAGAGGAG,0
TGCTTTCGATAATATC,0
TGCTTTTACAATATGT,0
TGGAAAATTAAAAGTC,0
TGGAAACAACAATACC,0
TGGAAATCGACCGTCT,0
TGGAAATCTAAATGAG,0
TGGAACATCGCATTCT,0
TGGAACTATAGTTTCC,0
TGGAACTGACAATTTC,0
TGGAACTTAACGCTAG,0
TGGAAGGGTCTTTCTT,0
TGGAATAAAGAAAAAG,0
TGGAATGATACACACC,0
TGGACACATCCTACGA,0
TGGACACGTAAAAAGT,0
TGGACACTAAAGTGAC,0
TGGACATACGAACTTG,0
TGGACCACAGAGTGTC,0
TGGACCGTTCACAAAA,0
TGGACGAAGATAAAAA,0
TGGACGGCAGAAGACT,0
TGGACTCCTGACCGGA,0
TGGACTGCCGAGATTA,0
TGGAGAACGTTCGCTC,0
TGGAGAATTCCATGCT,0
TGGAGCAGTGGACAGA,0
TGGAGCCAATCCTACA,0
TGGAGCCGGTTGATAT,0
TGGAGCGAAATTGCAA,0
TGGAGCGAATTTCCAC,0
TGGAGTAACAATGATA,0
TGGAGTAAGAATGGCA,0
TGGAGTACGATGCGGA,0
TGGAGTTCAGACAGCC,0
TGGAGTTGACTCTATA,0
TGGATAATTAATATCA,0
TGGATAGCGGGAAAAC,0
TGGATAGTAAGAACCT,0
TGGATCACTTACTACC,0
TGGATCGAATATATGA,0
TGGATGATATACTCTA,0
TGGATGATCATGTTTT,0
TGGATGCCATAGTCTG,0
TGGATTGGATCTAATA,0
TGGATTGTAACACCGC,0
TGGATTTCTCTTTATT,0
TGGCAAACTCAGACTC,0
TGGCAACAAAAGAAGC,0
TGGCAACCGATTTCAA,0
TGGCAAGATTAGGGTC,0
TGGCAAGCGCCTGCAG,0
TGGCAAGCTTGATAGA,0
TGGCAAGGCTCAGCAA,0
TGGCAATCAAGCGACC,0
TGGCAATCCAAAACAA,0
TGGCAATGACTTATAA,0
TGGCACAACGGTACAA,0
TGGCACATGGAAATGC,0
TGGCACCAAAAATGGC,0
TGGCAGAAATACGCAA,0
TGGCATCTGTAAGAAA,0
TGGCCACAGCGCTGAA,0
TGGCCAGGGAAGTGTC,0
TGGCCATCGGCCCTGT,0
TGGCCCGTCTATCGAG,0
TGGCCGACCAGTGTAT,0
TGGCCGTGATAAGACA,0
TGGCCTTAATTCAAAG,0
TGGCCTTCCCTTGACA,0
TGGCCTTTATCGACAA,0
TGGCGCATAAGCTATA,0
TGGCGCCTTAACAGTA,0
TGGCGGCAGGTGATCT,0
TGGCGTCCCATAATTA,0
TGGCGTGACTGTAAAG,0
TGGCGTTAATCTGTAA,0
TGGCTACCCTATGAGA,0
TGGCTACTTATATGCC,0
TGGCTCAATTTTTAAA,0
TGGCTCTGTGAATCTC,0
TGGCTCTTAGCATCTA,0
TGGCTGGAATTGCCTC,0
TGGCTGTAGGTTCAGA,0
TGGGACACCCTAAAGA,0
TGGGACATAGATTAAG,0
TGGGACATGAATAACT,0
TGGGACGTAGCAGATA,0
TGGGATTGCTTCTAAG,0
TGGGCATGGAACCCGT,0
TGGGCCACGACATAAA,0
TGGGCCATCTTTAACA,0
TGGGCGCCTCTGAATG,0
TGGGCGTGTGTGTCTA,0
TGGGCTGCACTAAAAA,0
TGGGCTTACCAACTTT,0
TGGGGAAGTGGTCATG,0
TGGGGACACCAATAAT,0
TGGGGAGGACACTCAA,0
TGGGGGCATTTCCATA,0
TGGGTAACTGAAAGTC,0
TGGGTACACATATGCT,0
TGGGTACCACTAACAG,0
TGGGTATTGAAACTAT,0
TGGGTCTTAAAACCGA,0
TGGGTTCTAAAACGAC,0
TGGTAAAAAGCTAAGC,0
TGGTAACAAAATGAAG,0
TGGTAATTAAAATGTA,0
TGGTACAATTTGCAAT,0
TGGTACCCATGAGGTT,0
TGGTACCCCTGGACAG,0
TGGTAGAGACTTCGGC,0
TGGTATAAAAGATCAG,0
TGGTATACAAAACCGT,0
TGGTATCCACTAATCT,0
TGGTATCCCTTAATCT,0
TGGTATCGAACTAAGC,0
TGGTATGCTGGTTCAC,0
TGGTATTTTCCGAATT,0
TGGTCAATGAATAATG,0
TGGTCAGCGATATAGG,0
TGGTCCACAAAATATA,0
TGGTCCAGTCAAACAT,0
TGGTCCGAACCCAGCC,0
TGGTCCGATCGATCTG,0
TGGTCTGGATGATTAG,0
TGGTCTTTACAAACAA,0
TGGTGAATCCAGAATC,0
TGGTGAGGAGGTAATA,0
TGGTGATATTCATGCT,0
TGGTGCCAGACCCCAA,0
TGGTGCTAATTATACT,0
TGGTTAAATTTCTTAG,0
TGGTTAACACCTTAGC,0
TGGTTAGCTTATTAAA,0
TGGTTAGTAGCCTCTA,0
TGGTTATACCAAGCCT,0
TGGTTCCATAAAAACA,0
TGGTTGCAAAACCGAA,0
TGGTTTACAGATCATG,0
TGTAAAAAAGCGTTGA,0
TGTAAAAAATGGGTTA,0
TGTAAAACGACCGCGA,0
TGTAAAACTTAGAGAG,0
TGTAAACGAATCGGTT,0
TGTAAAGAGCAGTAAA,0
TGTAAATAGAGAAGGT,0
TGTAACACAATTCTAG,0
TGTAACGAAAGCAATA,0
TGTAAGCCTTAAAAAT,0
TGTAAGCGAAATCGTC,0
TGTAAGCGAGATCGCA,0
TGTAAGCTGATGAATA,0
TGTAAGGCCTATTAAT,0
TGTAATTAAGACAGTT,0
TGTACATAAAGCATAC,0
TGTACATATATCCATA,0
TGTACCCGGAATACAG,0
TGTACGCTCCACGTCT,0
TGTACGGCCCTAGCAA,0
TGTACTAAAAACGAAC,0
TGTACTCATAGGGCTA,0
TGTACTTTAACTCAGA,0
TGTAGCAATAAATGAT,0
TGTAGCACCAAAGAAA,0
TGTAGCCAATAAAAGT,0
TGTAGCCAGGAGAACA,0
TGTAGCTGAATTTATT,0
TGTAGGACATGACATC,0
TGTAGGACGCCAAATC,0
TGTAGTTCATTCCGAC,0
TGTAGTTTTAGGAAAT,0
TGTATAAATGTCAAAG,0
TGTATAACGGAATAAA,0
TGTATACATAATCACA,0
TGTATACCAAAGGTCA,0
TGTATATCACCACTAA,0
TGTATCATTAATCAAG,0
TGTATCCTAACTAATT,0
TGTATCCTAATGAAGC,0
TGTATGAAAGACAAAC,0
TGTATGAAGTACCGTC,0
TGTATGAGCCGACGTC,0
TGTATTAAGTGATCGA,0
TGTATTATGCAAACAA,0
TGTATTCCGACTTGAT,0
TGTATTCCGTGGCACC,0
TGTATTCTCAATGAAA,0
TGTATTCTGAAGAAAG,0
TGTATTGATCATGGTC,0
TGTCAAAGATTGAAGA,0
TGTCAAGTGGATTACT,0
TGTCAATATAAGATCG,0
TGTCAATGAAGAACAA,0
TGTCACAGTGAATACA,0
TGTCACGGAAATCAAT,0
TGTCACTAAAACACCG,0
TGTCAGCGATAAAACG,0
TGTCATAATCATTGTT,0
TGTCATAGTTGCGTTC,0
TGTCATCACATGTGCA,0
TGTCATTCACCAATAC,0
TGTCCAAGATACATGT,0
TGTCCACATCAGATAG,0
TGTCCAGGAGTTAGGT,0
TGTCCAGTGCGTAAGA,0
TGTCCAGTGTTACCAG,0
TGTCCATACCTGCGAT,0
TGTCCATCGTGCGTAC,0
TGTCCATGGTAGCAAG,0
TGTCCGACAAATGCTA,0
TGTCCGTATGGCTACC,0
TGTCGAACCTCACTAA,0
TGTCGAACCTTATGCC,0
TGTCGACTATGAAGCC,0
TGTCGAGTTATCGTGA,0
TGTCGCTAATACAGGA,0
TGTCGCTTTAATGGAA,0
TGTCGTCAGAGAGAGA,0
TGTCTAGCATCTAGTG,0
TGTCTATTCTATACTT,0
TGTCTCCATTTATTAT,0
TGTCTCGCCAATTGCG,0
TGTCTCTACCCAAGAG,0
TGTCTCTTAGCACCAC,0
TGTCTGACCCGAACAT,0
TGTCTGCCATTTGAGA,0
TGTCTGGGAGTTTAGT,0
TGTCTTAGCACCAAAC,0
TGTCTTATGTATGCAG,0
TGTCTTGAAGATTACT,0
TGTCTTGAGATGAACA,0
TGTGAAAGATACATCT,0
TGTGAAATGCTATGGT,0
TGTGAACAAGAAAGAT,0
TGTGAACTTTTCTGCC,0
TGTGAAGCGACCTCTA,0
TGTGAAGTAAAAAGAC,0
TGTGAATGTAACGCAC,0
TGTGACGCAAGTCCTA,0
TGTGACGCAATCTACT,0
TGTGACGGTAGCGTGT,0
TGTGAGGTACAACAAA,0
TGTGATAACGTAAAAA,0
TGTGATACTTATGAAC,0
TGTGATATTACGAAAA,0
TGTGCCAATACTCGAT,0
TGTGCCATTAATATAA,0
TGTGCCGAATTTCGGA,0
TGTGCTAAATAAATAA,0
TGTGGACACATATCAT,0
TGTGGAGTGTTAAGAC,0
TGTGGCACGATTAAAT,0
TGTGGCAGGAAACTAA,0
TGTGGCCACATCGACA,0
TGTGGCCTCTGGAAAT,0
TGTGGCTTTCCTGCCT,0
TGTGGTTCTCATCTTA,0
TGTGTGTTAAAATAAT,0
TGTGTTAATGGCGAAA,0
TGTGTTGTACAATGTG,0
TGTTAAACATAAAAAA,0
TGTTAATACACGACTA,0
TGTTACAACGTAACTA,0
TGTTACAGAAGGATAA,0
TGTTACGACACCAAGC,0
TGTTACTAACCTTATA,0
TGTTACTCATTACTAC,0
TGTTAGGCCAAAATGC,0
TGTTATAGATGATTTT,0
TGTTATCCCAAGAACG,0
TGTTCAAGAGGGCCGT,0
TGTTCACTACTTATTT,0
TGTTCCACTACATAAG,0
TGTTCCAGTCACACAA,0
TGTTCCGAGAACGCCC,0
TGTTCCGTATAATATA,0
TGTTCTAATAGGAAAA,0
TGTTGACCCGTTCGAA,0
TGTTGATAATATTTTG,0
TGTTGATATAGAGACC,0
TGTTGCCAAGACATCT,0
TGTTGCTGCGATTATC,0
TGTTGGCTTTAAATAA,0
TGTTGGTTTTGCCAAG,0
TGTTGTTGCGTATTTC,0
TGTTGTTTAGCTTAAT,0
TGTTGTTTCTTAGAAA,0
TGTTTAAAGTTAAAGA,0
TGTTTACGATTCCGCA,0
TGTTTAGACTTCTCAC,0
TGTTTCAGAGATGGTT,0
TGTTTCAGTCTCACGC,0
TGTTTGTACGGGCCCT,0
TGTTTTAAGAAACCAG,0
TGTTTTAATCCATCGA,0
TGTTTTAATGATACTC,0
TGTTTTCACTAATCAT,0
TTAAAAAAAAAAGAAC,0
TTAAAAATATACCAAC,0
TTAAAAATGACTTTGA,0
TTAAAACAAGACGAGG,0
TTAAAACAAGCTCCTA,0
TTAAAACTGGTAACAC,0
TTAAAACTTCCTAACG,0
TTAAAAGATTATTCCA,0
TTAAAAGCTTCGCAAC,0
TTAAAAGGAACAGGTA,0
TTAAAATGATATGCCG,0
TTAAAATTGTCGGAGC,0
TTAAAATTTACACTAA,0
TTAAACAACAAATAAA,0
TTAAACAATGCGACAA,0
TTAAACACCTGATATG,0
TTAAACATTTGTTTCG,0
TTAAACCACCTGTACA,0
TTAAACCAGAACGAAT,0
TTAAACGAAGTGCTTA,0
TTAAACGACAACCCTG,0
TTAAACGATTAGTAAT,0
TTAAACGGGTGGAGAG,0
TTAAACTAAGCAACCG,0
TTAAACTACCAGAAAT,0
TTAAACTAGATGAATA,0
TTAAACTATTGCATGA,0
TTAAACTGAAACTTAA,0
TTAAAGAAAATGCTTC,0
TTAAAGCACCCGTATT,0
TTAAAGCATAACAAAA,0
TTAAAGCCCTAATCTT,0
TTAAAGCCCTACTAAG,0
TTAAAGTCCCACTTCA,0
TTAAAGTCTGATATCA,0
TTAAATACAAGATTCA,0
TTAAATATTATAGACA,0
TTAAATATTTATAGAG,0
TTAAATCAGCTACTAT,0
TTAAATCTAACTAAAA,0
TTAACAAAATAAACCC,0
TTAACAAACACTTTCT,0
TTAACAAACATCATTA,0
TTAACAAAGATGAAAC,0
TTAACACACTAGCACC,0
TTAACACATTCAATTT,0
TTAACACTTTCATACC,0
TTAACAGAAAAACTAA,0
TTAACAGCACCCCAAA,0
TTAACAGTAAAAAGGC,0
TTAACATAATTATAAA,0
TTAACATACCGGCTAG,0
TTAACCAAATAGTAGT,0
TTAACCAGCGCTAGAC,0
TTAACCATGATGCATA,0
TTAACCCATCCTACCA,0
TTAACCCTAGCCACGG,0
TTAACCGTGCGAGGGA,0
TTAACCTGCGTACATT,0
TTAACGCTGAATACGA,0
TTAACGGAGGATAGAC,0
TTAACGGCAGAAGTAT,0
TTAACTAAGGAAGCAA,0
TTAACTACTAGTTTAC,0
TTAACTAGGAGTCTTT,0
TTAACTATAATGATGC,0
TTAACTCCGTTACAGC,0
TTAACTTACTGCCGCT,0
TTAAGAAATGATTGAA,0
TTAAGAAATTAAATAT,0
TTAAGAGAAAAGCTAA,0
TTAAGAGAATACGATA,0
TTAAGAGAGGTCTCAC,0
TTAAGAGGAAGCATTT,0
TTAAGAGTCTTGTATA,0
TTAAGATATCACCCAA,0
TTAAGATATCTCAAAC,0
TTAAGATGTAAGAAAC,0
TTAAGCACTACCCAAA,0
TTAAGCACTGGGACTT,0
TTAAGCCTCTTATACC,0
TTAAGCTTGCCCTAAT,0
TTAAGGGATAACAAGT,0
TTAAGTACTAAGTGAA,0
TTAAGTTAATAGACCA,0
TTAATAAAGGCAAAAA,0
TTAATAAAGGTTTCTC,0
TTAATAATCCTTGGAA,0
TTAATACCTCTAGAGG,0
TTAATACTTCTTCCCC,0
TTAATAGATAAACATG,0
TTAATCATGTTTTAAA,0
TTAATCCCCTGCCAAA,0
TTAATCGATAAGAGGG,0
TTAATCTAGCTCAGGC,0
TTAATGCACACCCGTG,0
TTAATTACTGAGACTA,0
TTAATTCTAAAAAGTG,0
TTAATTCTGAATATAA,0
TTAATTGTCGAATCGC,0
TTAATTTATAGGTTGA,0
TTAATTTTAACATAAT,0
TTACAAAAAGGCCAGG,0
TTACAAAACTAAAGCG,0
TTACAAATCCCAGAGC,0
TTACAACACATTCAAT,0
TTACAACCAAGATGAT,0
TTACAACCGAGCAGAT,0
TTACAATCATCAGCGA,0
TTACACATCTACCTTT,0
TTACACCATCCATGAA,0
TTACACCCAACACAAC,0
TTACACCCTCAAACGC,0
TTACACCGGTCCATTG,0
TTACACTAGCTAATGT,0
TTACAGAATATATGCT,0
TTACAGATAAAAAGGA,0
TTACAGTAAAGCTGTT,0
TTACAGTGAATGACCA,0
TTACAGTGATATGCAC,0
TTACATAAAACCAGAA,0
TTACATAATCTTAAGA,0
TTACATAATGATTGCA,0
TTACATATTTTGTACG,0
TTACATGCCATAACCA,0
TTACATGCCGTAACCA,0
TTACATTACTGGTGCA,0
TTACATTGAGGGCCTC,0
TTACCAAGCACAGAAC,0
TTACCACAGTGAGCTA,0
TTACCACGCCGATCCT,0
TTACCATTAGAACTAC,0
TTACCCAGATAAAATA,0
TTACCCAGATGAAATA,0
TTACCCCAACACTAGA,0
TTACCCGCAGTTAAAC,0
TTACCCTGTTTCCGGC,0
TTACCGAAGGTGAGAA,0
TTACCTAGAAAATGCT,0
TTACCTATGATATACA,0
TTACCTCAACTATACG,0
TTACCTTAGCGTAATT,0
TTACGACATTACACAC,0
TTACGACTCCGACTAC,0
TTACGAGAACGCAGAA,0
TTACGAGGAGTATAAT,0
TTACGATTCGTCCCAA,0
TTACGCAGCGGATAAC,0
TTACGCTCTCGACGAA,0
TTACGGAAACTAGGCT,0
TTACGGCAATATTTGT,0
TTACGGCTATCCGTCC,0
TTACGTAGGCTTAAGA,0
TTACGTCACAAGGTAT,0
TTACTAAACTGGTTCC,0
TTACTAACATGAGGCA,0
TTACTACACTGTAAAA,0
TTACTACGATAAAGCA,0
TTACTCCAGAATAAAT,0
TTACTCCTAAATTATA,0
TTACTCCTATTCAACA,0
TTACTCGGAAACACAC,0
TTACTCTCCAAAAACA,0
TTACTGAATGTAAGTC,0
TTACTGCTGCTTCTAC,0
TTACTGCTTATGCAGA,0
TTACTGTTATTAAGAA,0
TTACTTAGTGTAATCT,0
TTACTTCAAATCAAAG,0
TTACTTGAGCCCCACC,0
TTACTTTTCCATACCC,0
TTAGAAAACATGTTCA,0
TTAGAAAATCGAAGTT,0
TTAGAAACATATTCAC,0
TTAGAAACTGAACTAT,0
TTAGAACACATAGAGC,0
TTAGAAGCAAAATAAT,0
TTAGAAGCTACACAAA,0
TTAGAAGTCTACGGAT,0
TTAGAATATGATATAT,0
TTAGAATTGGACTGAC,0
TTAGACACATTTACAG,0
TTAGACTAGACGAGGC,0
TTAGAGAAAAAGAGTC,0
TTAGAGCTCATAAACT,0
TTAGAGGAATGTTAAA,0
TTAGATGAGCGAAATT,0
TTAGATTAGTAACCAA,0
TTAGATTGGCAGTCGT,0
TTAGCATACCAATGGC,0
TTAGCCATAAACTCGC,0
TTAGCCCCATAAGTTT,0
TTAGCCCTTGTAAAAG,0
TTAGCCTGACAATTGG,0
TTAGCGCTGAAATTAT,0
TTAGCGGATAAACGCA,0
TTAGCGTGACACAGCA,0
TTAGCTAACGCACAAA,0
TTAGCTACAAACCACA,0
TTAGCTATGAGGATCG,0
TTAGCTCAGGGTACGC,0
TTAGCTTTATAAGAGA,0
TTAGGAAACCCTTGTT,0
TTAGGAAAGTATACAA,0
TTAGGACGGGAACGAA,0
TTAGGAGTAACTAAAA,0
TTAGGAGTACACGTCA,0
TTAGGCACTACCTTTA,0
TTAGGCCTGGACAATC,0
TTAGGGCCTATACATC,0
TTAGGTGCCACCACAG,0
TTAGGTTACCGTTCTA,0
TTAGTAAACTCAGTTA,0
TTAGTAACCAAATAAC,0
TTAGTACATTTTAAAT,0
TTAGTAGCAGTTAAGG,0
TTAGTAGTATGAATAA,0
TTAGTATTAACGCATA,0
TTAGTCAATATGGGAT,0
TTAGTCCAACATAAAG,0
TTAGTCTAATGATACT,0
TTAGTCTACCAATACA,0
TTAGTGATTTCAGCAA,0
TTAGTTGAGCGTCTTG,0
TTAGTTGTTAAAAATC,0
TTAGTTTATCGGAGTT,0
TTATAAACAATGGCCA,0
TTATAAATATTAATCT,0
TTATAAGAACCCCGGG,0
TTATAAGAACGAAAAT,0
TTATAATAAAACTACT,0
TTATAATAATGAATAG,0
TTATAATACACTAAAG,0
TTATAATACTAATGTA,0
TTATAATTCAAGTAGC,0
TTATACATAGTATAAT,0
TTATACCATGTGCAGA,0
TTATACCGTGTTCACA,0
TTATACCTTGCCTTTG,0
TTATACGACAGTATAG,0
TTATACGATGTCCCGA,0
TTATAGAAAAGACTAT,0
TTATAGAACTGGAGTA,0
TTATAGCGGTCATGAT,0
TTATAGCTACACTGGA,0
TTATAGTTAATTCTAT,0
TTATATCAAAACTCCT,0
TTATATCCGTCACAGC,0
TTATATCTGAACGTGA,0
TTATATGAAGTATACA,0
TTATATGTTTGCGATA,0
TTATATTCAGTGCAGA,0
TTATCAAATCAAACAC,0
TTATCAATGCCGATGA,0
TTATCACACGGGCAAA,0
TTATCACCTACTAGGA,0
TTATCAGTTGAACCGC,0
TTATCAGTTGATGTGC,0
TTATCCAATTTAGCAC,0
TTATCCCAAGACAGAC,0
TTATCCCGCTTAAGGT,0
TTATCCTAAATATAAA,0
TTATCGACGGGACTCT,0
TTATCGAGAAAACTTG,0
TTATCGATACATAAAA,0
TTATCGCTTGAATAGT,0
TTATCTACACAGAGCT,0
TTATCTCGATATGATA,0
TTATCTGACAAAACAA,0
TTATGAAAACATAACA,0
TTATGAAAGCTCACAT,0
TTATGAATATTAATCT,0
TTATGAATTAGCAAGT,0
TTATGATGTCAACATA,0
TTATGATTTTAACTAC,0
TTATGCAAATTTAAGT,0
TTATGCAATTACCAAT,0
TTATGCATATCTATTG,0
TTATGCCAGCCTTAAA,0
TTATGCCCTCAAGGGT,0
TTATGCTACAAGTCTA,0
TTATGGAATGGAAGCT,0
TTATGGACGTTCGAAA,0
TTATGGGTCTATCTCG,0
TTATGTTTTAAGCAGA,0
TTATTAACAGGAGAGC,0
TTATTAATGGGACCCC,0
TTATTAGAATCGGAAA,0
TTATTAGCTATTCAAT,0
TTATTAGCTGGTATTT,0
TTATTAGGGATAATAG,0
TTATTATGGTTGGTCT,0
TTATTATTCCCCAACA,0
TTATTCAATTCTACGG,0
TTATTCCGCCACTTTC,0
TTATTCCTGTGACACA,0
TTATTGCCACAATCGC,0
TTATTGCGAGCAGTTG,0
TTATTTACACGAATAA,0
TTATTTCAATGCAGTG,0
TTATTTTACGAACGCT,0
TTCAAAAAACGCAGCA,0
TTCAAAAATTGATCTT,0
TTCAAAACACGATAAA,0
TTCAAACTGAACGCTG,0
TTCAAAGAATGCGAAA,0
TTCAAAGATTACACTA,0
TTCAAAGATTTTGTAA,0
TTCAAAGCTCGGGTGA,0
TTCAAAGTACAAAGAC,0
TTCAAATACGTCATTC,0
TTCAAATATTAGCGAC,0
TTCAACCAAAGAAATC,0
TTCAACCAGCGCGTAT,0
TTCAACTAATATTTCT,0
TTCAAGCGCTGTGGAC,0
TTCAAGGAAACGAGAC,0
TTCAATAAGGGGTTAG,0
TTCAATAATTAATAAA,0
TTCAATCAAATGAATA,0
TTCAATTAAGGAAAAA,0
TTCAATTTACATTAGA,0
TTCACAACGGCAGGAA,0
TTCACAAGAAACAAGA,0
TTCACAGACTTCCTCA,0
TTCACAGCTATGACTG,0
TTCACAGTTACCAACT,0
TTCACATAACTGATGC,0
TTCACATCTGTACATT,0
TTCACCGACAAAATTA,0
TTCACCGAGGACCGCA,0
TTCACCTCCTTTGCTC,0
TTCACGGTGGACACAA,0
TTCACGTACTCCCATG,0
TTCACTGCTTAATGTT,0
TTCAGAAGTCGAATTG,0
TTCAGAATAGCCCTAC,0
TTCAGAATGACGCAAC,0
TTCAGAGGTAATCCGC,0
TTCAGAGTGGCATAGA,0
TTCAGCCAAGAAAGGA,0
TTCAGGAAACAAAGTA,0
TTCAGGCGAACAAGGC,0
TTCAGGTCCGTTCAAA,0
TTCAGTAAAATAGTAG,0
TTCAGTAATCATTGAA,0
TTCAGTGCCGGGTGGT,0
TTCAGTTTCTAATTAT,0
TTCATAAATCACACCC,0
TTCATAACGGATGAAA,0
TTCATAACTGAACCCT,0
TTCATACATCTGCCAC,0
TTCATACGAAACTGAA,0
TTCATACGAAGATAAA,0
TTCATACTCCTTGACC,0
TTCATAGAAGTAAAAT,0
TTCATAGTAACCTAAT,0
TTCATCCTATCCATCG,0
TTCATGCAAACAGAAG,0
TTCATGCCTCCTTGAG,0
TTCATGCTGTACACTC,0
TTCATGTCCTAAAATT,0
TTCATGTCTGCCCACA,0
TTCATTAAAATAATTC,0
TTCATTACCCTAAAAT,0
TTCATTAGAAAAATAA,0
TTCCAAATAATGTAAA,0
TTCCAACCTACAATCA,0
TTCCAACTAAACTAAT,0
TTCCAACTTAACTAAT,0
TTCCAACTTCACTCTA,0
TTCCAAGAGTCAATAG,0
TTCCAAGTACATAGCA,0
TTCCAATGCACGATAA,0
TTCCAATGGACAAACC,0
TTCCACAACATAGACA,0
TTCCACAGCCAAGACA,0
TTCCACCAAATACCGC,0
TTCCACCCGGACCCTT,0
TTCCACTAATTCAACC,0
TTCCAGATGAGATACC,0
TTCCAGATGGTGAATA,0
TTCCATATGGTGGTAT,0
TTCCATCATACTCGAT,0
TTCCATCTTTAAAACC,0
TTCCATGGCGCACTGA,0
TTCCCACTATGAATAC,0
TTCCCACTCACGACTA,0
TTCCCAGAAAGAATCA,0
TTCCCAGGACCACCCG,0
TTCCCATCTTCAAGAT,0
TTCCCCAACTGCTAAC,0
TTCCCCCCAATGGTCC,0
TTCCCCCGCCAAAGCA,0
TTCCCCCTTAACCACC,0
TTCCCCGACTGTGATG,0
TTCCCTCTGTAAAACG,0
TTCCCTGTACCAGTGA,0
TTCCGAAAGTTGTGTC,0
TTCCGAATAATAATGA,0
TTCCGCATACCGACCA,0
TTCCGCTCATTCAAGA,0
TTCCGGACTATTAACA,0
TTCCGGAGTGGAGGTG,0
TTCCGTCAGGGCTAGA,0
TTCCGTCTTATTCTAG,0
TTCCTACATCTAGCAA,0
TTCCTCTGCTTAACAA,0
TTCCTGATCATAAGTG,0
TTCCTGCCATCAAACT,0
TTCCTTACGTATAGAC,0
TTCCTTCCATACACGT,0
TTCCTTGCCAGTAGGT,0
TTCGAAAACTTTTACC,0
TTCGAAACAATCTTTA,0
TTCGAAACCTAGCACC,0
TTCGAACCAAAAATCA,0
TTCGAAGATTTCACAA,0
TTCGACAAAAAGTAAG,0
TTCGACGATGTCACAA,0
TTCGAGTACAAGTTCA,0
TTCGATCGACTAGTAA,0
TTCGCAAAAGGCTTAT,0
TTCGCAAAATCTTATA,0
TTCGCAACGTTTTACC,0
TTCGCAATGGTTGTTG,0
TTCGCAGAATGAAATT,0
TTCGCGAGTCCTAGGC,0
TTCGCGCCAAGACACT,0
TTCGCTAATTTTAAAA,0
TTCGCTCCTAAATGCC,0
TTCGCTCTAGAGTACT,0
TTCGGACGTCAGCTAA,0
TTCGGAGGATAATTAC,0
TTCGGATCAAAGCGCA,0
TTCGGCACTCAAAAGG,0
TTCGGCCAAATCCCCC,0
TTCGGCCAAGCAATAT,0
TTCGGCTGTCAGAATA,0
TTCGGTAGCTAAACTT,0
TTCGGTATCTATAGTT,0
TTCGTAAAATTAAACA,0
TTCGTAAACCAAAAAC,0
TTCGTCCGGTACCCGG,0
TTCGTCTAATTGTCAT,0
TTCGTGAATCTATTCG,0
TTCGTGACATAATGAT,0
TTCGTGGTAAAAACTG,0
TTCTAAATACTGACTA,0
TTCTACAATGACGGCC,0
TTCTACACATAAACAA,0
TTCTACAGGTAACCGA,0
TTCTACCAAGTCCTGA,0
TTCTACGAAAATGGCC,0
TTCTAGATCGGGATCC,0
TTCTAGCATACCAACA,0
TTCTAGCCTTGCCTGA,0
TTCTAGTAGTACTTTC,0
TTCTAGTCACAACCGA,0
TTCTATCCATCTCCCG,0
TTCTATGCCTCGAGAT,0
TTCTATTAACGACCAA,0
TTCTCAGATAGCCACA,0
TTCTCATCTACCCAAA,0
TTCTCATCTGTCCATG,0
TTCTCCAGTCCAACTG,0
TTCTCCCGAACACGTC,0
TTCTCCTACCAAAGTT,0
TTCTCGAATTCACAAC,0
TTCTCGCAAGAAAAAT,0
TTCTCGCCGAGAGACC,0
TTCTCGGCCGTGGTAT,0
TTCTCTACTAAATACC,0
TTCTCTAGAAAAATGT,0
TTCTCTCTAACACTTC,0
TTCTCTTGAAAGCCGT,0
TTCTGAAATTATGAGA,0
TTCTGAATTACCAACA,0
TTCTGAGGTCTCGAAA,0
TTCTGGACGCAGCCCA,0
TTCTGGAGGGCTTCCT,0
TTCTGGATTTAAAAAG,0
TTCTGTAACTCTGTGC,0
TTCTGTATGTACAGGG,0
TTCTGTCGAAAAGACC,0
TTCTGTGTCCATTTAA,0
TTCTTAACACGAGCAC,0
TTCTTAATCGAATGCA,0
TTCTTACCCGACAGTG,0
TTCTTACGGTTATTAC,0
TTCTTAGGCCTAGGAA,0
TTCTTATCGCAAGTCC,0
TTCTTATGGCATCAAT,0
TTCTTCAGAGTAGTCA,0
TTCTTCCTGTGAACTT,0
TTCTTTAAACCAGATG,0
TTCTTTGTAAACAAGC,0
TTCTTTTAAAAATGAC,0
TTCTTTTTGTAACGGT,0
TTGAAAACTTATACGG,0
TTGAAACCAAAATAAC,0
TTGAAACGACGACCTC,0
TTGAAATATCAAAAGT,0
TTGAACATCATTAGTG,0
TTGAACATCCAGGTCG,0
TTGAACCGACCTACTG,0
TTGAACTGACACAATA,0
TTGAACTGTATAGGAC,0
TTGAAGACTCATCTGC,0
TTGAATATAAAGTTGG,0
TTGACAATTCAGTTGC,0
TTGACATATTTTGAGT,0
TTGACCACGTACAACT,0
TTGACCCAAGATGCCA,0
TTGACGAAGAAATAGG,0
TTGACTCGATGAGGAG,0
TTGACTGCAGGTGCTT,0
TTGACTGTAATATAAA,0
TTGAGAAAATGTGGTA,0
TTGAGATATCATTAAC,0
TTGAGATGACAGAACG,0
TTGAGCCGTTGAAGCC,0
TTGAGCGAGACCAAGT,0
TTGAGCTACATGAACC,0
TTGAGGGCGTAGAGTA,0
TTGAGTAAAAACCCTG,0
TTGAGTCAGAGACATG,0
TTGAGTCATACTCCAA,0
TTGAGTCCCCTAGAAC,0
TTGATAACACTCACCT,0
TTGATACAATGATGAG,0
TTGATACATGCTATCC,0
TTGATACGTATCGCGT,0
TTGATACTGCGTCATG,0
TTGATATACAGTTATA,0
TTGATATGACCTGCAG,0
TTGATCAAATAGACAA,0
TTGATCGCCTGACGGA,0
TTGATCTCCCTGAGCT,0
TTGATCTTAAAAATAA,0
TTGATCTTTAGAGAAA,0
TTGATGCGCTCCAGCT,0
TTGATGGTGCACGACT,0
TTGATTAGAGCCTAAA,0
TTGATTATAATATAAA,0
TTGATTCTGACATATT,0
TTGATTTACAAGTGCG,0
TTGCAAACATAACTCG,0
TTGCAAAGAAAAGGCA,0
TTGCAAATATTAGCTG,0
TTGCAACAATAACTAA,0
TTGCAACCAAAATTCG,0
TTGCAACCCCTCTTCC,0
TTGCAACTGCCTATAT,0
TTGCAAGCTTTGAACT,0
TTGCAAGTTAATTCAT,0
TTGCACCGACGAATGA,0
TTGCACTCGATTCTTT,0
TTGCAGCTAAGAATAC,0
TTGCAGGAGAAAAGCA,0
TTGCATAAGCGTCACG,0
TTGCATTTCGGTACAC,0
TTGCCAAATTAAATTA,0
TTGCCACGAGAAAAAT,0
TTGCCACGTCAAATCC,0
TTGCCACTATTCTCAA,0
TTGCCAGAGCAAAACC,0
TTGCCATTAGTCCACA,0
TTGCCCAGAATTTTAC,0
TTGCCCGAAAACGTAT,0
TTGCCGCGTTCTCACC,0
TTGCCTAACGACTTCA,0
TTGCCTACAGGCTACA,0
TTGCGAAGTATACAAT,0
TTGCGACAAATAATAA,0
TTGCGACAAATGAAAT,0
TTGCGAGCAGCAGCAA,0
TTGCGGCGTCTATAAA,0
TTGCGGTTAGATATCA,0
TTGCGTAAATGCCAGT,0
TTGCGTTCACTGCACT,0
TTGCGTTGTGCACAGA,0
TTGCGTTTCTAACCCG,0
TTGCTAACACATGACC,0
TTGCTACCCATATGCC,0
TTGCTATTTGACAGTC,0
TTGCTCCTGATACCTC,0
TTGCTCTACACGTGCA,0
TTGCTGCTAGAAATTC,0
TTGCTTGGGAGGTTCA,0
TTGGAAAAATAGCAAC,0
TTGGAAAACACACCTG,0
TTGGAAAAGAAGTGAT,0
TTGGAAAAGCATTTCA,0
TTGGAAACATACCGAA,0
TTGGAAACTGTGCACG,0
TTGGAAATAGAGCAAA,0
TTGGAAATATTAACTA,0
TTGGAAGCGCAAATTG,0
TTGGAATTATCGCTCA,0
TTGGAATTGATAACTC,0
TTGGACTATCTTCTAC,0
TTGGACTGCACGTAAT,0
TTGGAGTGTCATTCCA,0
TTGGATAACTACTTAC,0
TTGGCACAGAAGATCG,0
TTGGCCCCGGAGGATA,0
TTGGCTACCTTTCAGA,0
TTGGCTGCATTACAAC,0
TTGGCTGTCCAAGGAA,0
TTGGGACAAAATACTA,0
TTGGGACTTACCTTAG,0
TTGGGCCAACTCGCCT,0
TTGGGGAAAATTTGAG,0
TTGGGGGACACCATAT,0
TTGGGGTACAAGTCAA,0
TTGGGTGAGAACGCTG,0
TTGGTAACGGCCCTGA,0
TTGGTACCACGTATAC,0
TTGGTCAGTTAGCGCA,0
TTGGTGAGCTTTACAT,0
TTGGTGTATAAAACCA,0
TTGGTGTTACTGTGGC,0
TTGTAAATATAAAAAT,0
TTGTAACAACCAAAAG,0
TTGTAACCCAATTATA,0
TTGTAAGAATTAGAAA,0
TTGTAATTGACATAAA,0
TTGTACAAATTAGAGG,0
TTGTACACAACATCCC,0
TTGTACAGACACCCAG,0
TTGTACGCGGCTATAT,0
TTGTACGCTAAAATAA,0
TTGTATCAGAAGATGA,0
TTGTATCGTTAAACCA,0
TTGTATTATACCCCTG,0
TTGTATTTAAAAACGA,0
TTGTCACGAGCAGGGA,0
TTGTCAGATAAACAAA,0
TTGTCAGATTTAAACG,0
TTGTCATATAATCTAT,0
TTGTCTTTGAACGCCA,0
TTGTGAAAGGCGATTG,0
TTGTGAGAGCTAACAT,0
TTGTGCATTCTATCGT,0
TTGTGCGACAGGGGGA,0
TTGTGCGGCCACGTCC,0
TTGTGCGTGCGACTGC,0
TTGTGCGTTCCGCCGG,0
TTGTGCTAGCGGTCTA,0
TTGTGGACACACACTT,0
TTGTGGTATATCCCAA,0
TTGTGTAAATGCGGGT,0
TTGTGTTGTAACTGCG,0
TTGTTACAATATTGAT,0
TTGTTACCAACAAATG,0
TTGTTAGACCTTTACT,0
TTGTTATATAACCATG,0
TTGTTCACCACAGGAT,0
TTGTTGGATGAAACAA,0
TTTAAAAAACTTACCG,0
TTTAAAACCGAACAAT,0
TTTAAACAAGCCGGAG,0
TTTAAACATTAGTTCA,0
TTTAAACTTGCAGATA,0
TTTAAAGCCTATACTT,0
TTTAAAGCGGCTTGGC,0
TTTAAAGGGTCATAAA,0
TTTAAAGTAAGTAAGC,0
TTTAAAGTAGTGTTAA,0
TTTAAATAGCAAAAGC,0
TTTAAATGGGTCCTGT,0
TTTAAATGTGATGATT,0
TTTAAATTAATATGTT,0
TTTAAATTGCTTAAAG,0
TTTAACAAGCAAGTAA,0
TTTAACCTCGGATGCG,0
TTTAACGCAACAAACA,0
TTTAACGCTACAATCC,0
TTTAACTAAAGATTAA,0
TTTAACTAGGATGAAG,0
TTTAACTTGAACTAAA,0
TTTAAGACATTTATCA,0
TTTAAGATTATTAGTC,0
TTTAAGCCTTGCGCAC,0
TTTAAGCTGACATGAT,0
TTTAAGTAGACTAGAG,0
TTTAATCCACGAATAG,0
TTTAATTAATCGCGAT,0
TTTACAAATATAAAAG,0
TTTACAATATCTAGCG,0
TTTACAATTTTGCTTT,0
TTTACACCCCAACACT,0
TTTACACCCGTACACC,0
TTTACACCGCTAAAGG,0
TTTACACTAAAGCGCT,0
TTTACACTATTAGCAC,0
TTTACAGGGTTTTGCA,0
TTTACCAAGCTACCAG,0
TTTACCATAATTCAAG,0
TTTACCGCATCTCACC,0
TTTACCGTCATTTCAG,0
TTTACGACATTAATGT,0
TTTACTAATATCTAAT,0
TTTACTAGACGAGAAC,0
TTTACTCAAGAGAAGT,0
TTTACTCGTAACAACA,0
TTTACTGCGCCTAGGA,0
TTTACTTAATGAATGT,0
TTTACTTCTCTACTGA,0
TTTAGAAACTCTAAGA,0
TTTAGAAATTGTGATG,0
TTTAGAACAGGACGAC,0
TTTAGAACCCAGATTT,0
TTTAGAAGCTTGGTAT,0
TTTAGACAGTTACTGA,0
TTTAGAGAAGTACAAT,0
TTTAGATTACGAAATA,0
TTTAGCAAGGAAACTT,0
TTTAGCTATTTAGAGA,0
TTTAGGATTTGACTAG,0
TTTAGGTACAGATCAC,0
TTTAGTAATAATAAGG,0
TTTAGTACCTGGATCC,0
TTTAGTCAGCGAAAAG,0
TTTAGTCTGCACAGAC,0
TTTAGTGCTCATATGT,0
TTTAGTGTTTATCTGA,0
TTTATAAAATACCGAT,0
TTTATAACTTACCAAA,0
TTTATATAAGAACCAT,0
TTTATATACACGTAGC,0
TTTATCCCTCATGACC,0
TTTATCGCATGTACAA,0
TTTATGACCGTGGTGC,0
TTTATGCAAAACAGGG,0
TTTATGCCCGCAATCA,0
TTTATGCGAAACCTGC,0
TTTATGTATAAACGGA,0
TTTATTGCAATAGTCC,0
TTTATTTAAGAGTAAC,0
TTTCAAACAAAGCACC,0
TTTCAAATAAGGAATA,0
TTTCAACAGGATTGGT,0
TTTCAACGATCAGGAC,0
TTTCAACGCAAAAAAA,0
TTTCAACTAACAAATT,0
TTTCAATGCAACTTTG,0
TTTCAATTAGAAGACG,0
TTTCACACCAGTCTAA,0
TTTCACACCGCTAGTC,0
TTTCACCTTACGCCAT,0
TTTCACTCAAGGTAGT,0
TTTCAGAAGGATTAGT,0
TTTCAGAGAACCGTGT,0
TTTCATAGAAATTTTT,0
TTTCATAGACAAAATT,0
TTTCATCCTAAATCGG,0
TTTCATCCTGACGCTA,0
TTTCATTATACTGAGC,0
TTTCCACTCCAGGATA,0
TTTCCAGAACGCAAGA,0
TTTCCATACGCTAAAG,0
TTTCCCAGTGATTAAG,0
TTTCCCATCCTCACAC,0
TTTCCCGAACGGCTCA,0
TTTCCCTTATATACGG,0
TTTCCGCCGCTATGCT,0
TTTCCGCGCATTATTA,0
TTTCCGTAAAACCGTT,0
TTTCCGTATTCTAATT,0
TTTCCTAACAAAGCCA,0
TTTCCTAATAACTATG,0
TTTCCTCAAGGAAAAT,0
TTTCCTTGTATACTAT,0
TTTCGAGCTAACGACG,0
TTTCGATAAAACGAGT,0
TTTCGATGACGAGCCA,0
TTTCGCCTCTCCCTGA,0
TTTCGCTTACACGGGT,0
TTTCGGCAAAAAGAAA,0
TTTCGGTACATAACCA,0
TTTCGTAGCCGAACGA,0
TTTCGTCTCATTAAAG,0
TTTCTACTCTAATCAT,0
TTTCTAGCAATCATTA,0
TTTCTATATCTCTACT,0
TTTCTATCCTGTTCCA,0
TTTCTATTGCCTAAAA,0
TTTCTCCCTCACAACC,0
TTTCTCCTGATACTGA,0
TTTCTCGACGCAGCGA,0
TTTCTCGCAACCACGT,0
TTTCTGCGTCGGTATG,0
TTTCTGTTGTTATACC,0
TTTCTTCGAATTCCCT,0
TTTCTTTTATAAAGCG,0
TTTGAAAACCAGACTT,0
TTTGAAACTATAGCGC,0
TTTGAAACTCGAAACG,0
TTTGAACCGCCAAAGT,0
TTTGACAACCCATCAG,0
TTTGACAGTGATGGTA,0
TTTGACATCCATGTTA,0
TTTGACATTTGTTATC,0
TTTGACTTAGTCTCGT,0
TTTGAGATGGGCATAC,0
TTTGAGCAAAATTGGC,0
TTTGATTCCCTACCGA,0
TTTGCAAGATCGATGA,0
TTTGCCAAGGTCCGGA,0
TTTGCCCAATTTAAAA,0
TTTGCCTTAACTGAAA,0
TTTGCCTTCCATTGAA,0
TTTGCCTTTCAGAATT,0
TTTGCGATAATAGTCC,0
TTTGCGGAAAGATAGC,0
TTTGCGGACAGCGTGG,0
TTTGCGTGCACAAATC,0
TTTGCTAAACATTCAA,0
TTTGCTTAAGAAAACG,0
TTTGCTTAATAAACTA,0
TTTGGAAGTGCAGAGC,0
TTTGGAGCCATTGAGA,0
TTTGGCAGATACCTGG,0
TTTGGCCTAAAGAACC,0
TTTGGCGAGTAGGACT,0
TTTGGTGTTTGACTAA,0
TTTGGTTGATGTTATT,0
TTTGTAAATAACCCAT,0
TTTGTAGGCTAGAAAA,0
TTTGTCGGAGCATAAT,0
TTTGTGCTCCTCTGAC,0
TTTGTTGACAAACGCT,0
TTTTAAACATGGGAAG,0
TTTTAACACTACCCCT,0
TTTTAAGTACTTGTTC,0
TTTTAATAAAGTTATA,0
TTTTAATAGAACACGT,0
TTTTAATTGTATCGCG,0
TTTTACAAATAACGTT,0
TTTTACACCCCACGTA,0
TTTTACATGGTAAAAA,0
TTTTACCAAGAATTGA,0
TTTTACGCCAAGCTTA,0
TTTTAGCCTTGTATGC,0
TTTTAGTTAAGAGAAT,0
TTTTATAGGTCATGTT,0
TTTTATCATCTTCGAC,0
TTTTATCCCGAATAGA,0
TTTTATTATGCGAAGC,0
TTTTCAATACTGCCAT,0
TTTTCACTGAGTTGAA,0
TTTTCATTGAAGGCAA,0
TTTTCCAAAATAGAAG,0
TTTTCCAAAGTATAAG,0
TTTTCCAATTCTGGAG,0
TTTTCCCCATGAAGGT,0
TTTTCCCTTAATAGTG,0
TTTTCGAAAAAATAGG,0
TTTTCGCATGAACTTT,0
TTTTCGCCATCTTAAA,0
TTTTCGGAACACACAC,0
TTTTCTTGTTAATCCT,0
TTTTGACGGATTCGGA,0
TTTTGCAAATGGAAAA,0
TTTTGCAACAAAAGCA,0
TTTTGCGTATTAACAT,0
TTTTGGGGTGTACCGA,0
TTTTGGTAACGATACA,0
TTTTGTTTGAACTATA,0
TTTTTAACCCCCTTCA,0
TTTTTAGGGTTTACAA,0
TTTTTAGTAGACAATC,0
TTTTTATGTACGTACT,0
TTTTTCAGGAACGACT,0
TTTTTCATCCCTCAAA,0
TTTTTCCATTTTGAAA,0
TTTTTCCCAAACATGA,0
TTTTTCCCCGTTCATG,0
TTTTTCCCTTATATAT,0
TTTTTCCTTGCTAGCA,0
TTTTTCTTCCCTCTGC,0
TTTTTGCCAAGGTCAC,0
TTTTTGGTTTAGCAAA,0
TTTTTGTCACGAAATC,0
TTTTTTAAAATCCGCT,0
TTTTTTAGTAACTGCA,0
TTTTTTCGTTTTATCG,0
TTTTTTGCGACGTAAA,0
TTTTTTTCAGATAAAA,0
