barcode,count
GTGCAGTAGTAAAGTA,1940461
CCATCTAGTGGCTAGG,1845366
AGTAGACTCCCTCCAT,1756693
TACGTCGCAATGGTCC,1746962
GCGATTCACGCGTTGG,1525882
TACCCATGGATACGAT,1446614
ATATAGACACGTGACC,1267194
CGTGGCGTTTACACTA,1167667
TCCTGAAAAAAAAATC,173465
AATTCCTATTCAGAAC,107455
CCTGGAATTCCATTTG,103246
TCCAAAGTCTCACGAC,96323
TATCACTATATGTCAA,95133
TCCTCAGTGGACAAGA,85405
GAACTATACGGCTAAC,83672
TTTTGACACAGATGTT,80829
ACTATACTTGCTACCC,68181
TAACCAAAAGTCCCAC,66544
TCTTATATGCTATGGC,59148
CACTGAGATCATTGCA,58287
TTGCGCTGGCTTTATC,56512
CTGGTTAATCCCACCA,53407
CGTCTCAAAAAGGTGG,50146
TGTACCAGTGTACCAC,50024
CCTGAGATAATATGGC,48685
ATTACGACCCGGACTT,47561
TATTGGTCTGGACGAA,46986
TAGATAGCTTATTCCG,44421
TCCTAAGTATCAAACT,42844
TTCGTAATAATTCGGG,42072
AAGGATAAGCTAACAG,41541
CTATAGAGAACAAAAA,40667
CTGTGCATATCCAAAA,38450
GGAATGATTCCTCCAT,37528
CGGAATGAATCAATCA,36762
GTGGTAACAAATATTA,35297
GCAACCAAGTAAATTC,34509
TTCCTTTCTAACCTCA,33937
CAAGTTAACTGAATGG,33412
AAGAGCATAACTGTAG,33086
TTGATCTCGATGCACT,32486
AGATCGCTTACCACCA,32311
GAACATGAATACTAAA,32301
TCGTATATTAAAATGC,32069
GGATATTCCTACATAA,31370
CAAGCCCGAAAGGACC,30953
ATGAACATGAGTAGGA,30757
TTACGCTACCGATCCG,30321
AATAGTGACCAAATCA,29933
AGAAATGTTGAAACAC,29928
TGAGCGACAGGAATCT,29260
CCGTTAAGTTTATACA,27899
GTAAATAATAGAAAGT,27753
GGCATATAGTACAAGT,27080
CAATACAAATATAGTC,26295
CGTTGATATAAATGGA,25537
GAATGTGTAAACACGC,25343
AGTTTTAGCTCACAGT,25230
AAACAAGATACCTGGC,25088
GCTGATATAATGCGAG,25034
TACAGAGCTGAAACAC,24560
GGGTGTCCGAATGAAA,23967
AAAAAAAAGACGCACC,23855
GAAAAGCAGCTATATC,23740
GAACTTAGAATTCCTA,23613
AATGGAAATGAAGGAC,22554
GCGGGCTCTCGGGCCA,22046
CAATGTAATACACGGG,21681
TTAGCTCATCATTGCG,20981
AAACATCCAACGGCGT,20747
CTTAAAATTGATTAAA,20695
TTACGCATACTAGTTA,20683
TGTAAAATTCAGTGAA,19984
ACAATATTGTTGATGT,18706
AAGTCTTACACCGATA,18473
CTTGGAGAATAGCACG,18460
GACTATCGACAGATCG,18282
AAGTATGCATTACAAA,17983
GTGCCACCAACGACGC,17974
ATAAAATACGGTATTT,17647
ACGTGTTACCATCTGG,17540
GTGACTAGCGTTTGCA,17157
AAACAATTCAAGTGGT,16908
TCTCTACCAAACCCTT,16876
AGATTCAAAACTTACA,16744
ATGTTTAAATTTGATA,16446
CCCGCGCACCACCTAC,16358
AAGCCTGAAAAATAGG,16335
TGCAGTGGCGATATCG,16089
CATAAGGAAGAGATTA,16058
AATTGATGTTTGTTAA,15904
ACACACCACTAAGAAC,15491
CGAATACTCAAGAGCA,15427
ATTTATCGGGAATTCG,15308
GAAGGCATGGAATGCA,15283
TTAAATCAATATCAAC,14477
TCCTGTGTTACCAGAA,14194
TAACGAAACATATGAG,13937
AACACAAGCTAACCCA,13841
CTGTCGATATTCAACT,13717
TAGTAACACAAATATA,13497
TGATTTATCGTAAATC,13275
GAGAATGAATATGAAT,13031
TGAGCAATGATGTCAA,12890
GGTCTACCCGTGACTG,12887
CAAACGAATTATCGTG,12489
TATATTAACCGCAAAA,12439
TACACAAATGGTATAT,12087
CACTCACCTTAATGAG,11989
CGTCGCACATAATCTG,11979
GGCATACATTTAACAT,11865
TTTACCTACACAGCCA,11826
ACTCCGTATAAATAGT,11712
TGAACATGTCAAGGAG,11639
TGATACTCTAAGATGA,11357
AACAGATTCCAAGGGA,11160
CCTTGGGAAGCATCTG,10966
TACGATAATGAGAAAG,10837
GCTTATGCCACACTAA,10826
GAAATTTCCGCTGCCT,10403
CTAAACCCATTACATA,10316
ATAGGAATACATAACA,10291
GTTACTTAAACCCAGG,10170
GCCGACGAAGGGCAGC,10143
TTAAAAAGCTGACCTT,10043
GAATAATCATTCAACG,10011
GTAGAACCCCGTGAAG,9997
TTTGACAAGAGTCATA,9975
CAATTCAGAAGTAGCG,9969
ACAAGGACAGAGCGAA,9958
GCATAATAGCTACAGA,9800
TATCTTATGTCCATCC,9682
CTATGAACCATTACGA,9657
AAGAGAGTGCCAGAAG,9441
TAACTTAAGATCATTC,9099
TTATATCAGCTAAAAA,9048
TGTAAAAGTATGACCA,8991
CCCCTGATATCTACTG,8940
ACCGGCAGATCCTGGA,8927
TGTTGGATCCTGAGTA,8914
GACTGTGCGTAGTCAT,8854
GTCACGGACTAAATAG,8782
CCCATGGTATATTGAC,8679
CACACCTACTATTTGG,8673
AGACATGGTTGTTTGA,8584
GATCCACGAATCTAAT,8566
CATCCTCAAAAAAATC,8556
ACCACCACTCAAACTC,8525
TGATGAACAATGTTTT,8512
GATACTTACAGCCACT,8494
GGTTACATATAGAACA,8487
GGAGTCCGACAAATGT,8475
TGCCTGCAATCTCTAC,8429
CAATTGCACGTGAAGG,8408
TCAAGCCACGTCAATT,8395
GAGATGAGAAAAATAT,8354
TGAATAAATGCTCTAA,8350
ACGACGCGATAACTAA,8264
GAAAGTCAAGCTTTAG,8242
ACCCATTTGTCACCCT,8225
TACTAACACCACAACC,8161
TACCGGCCAGCAACGC,8144
CAATGTAAATTAATCA,8130
ACTGTGGATACTACAA,8068
CCAGGGATGAGAGATA,7999
TCTATGATGCAAGACG,7977
CACTAACGAGGTAAAC,7954
ACCAACCCATAAAGGA,7946
GCTCTAACTCCCTTAT,7933
ATATTAATAAACAAAA,7826
AAACACTATTCAATCA,7818
GATATGCAAAGCAAGG,7746
CTATGACCAACATGAT,7552
TTGATACAGCCCTAAG,7530
GCAATACCAAATAAAG,7486
TACGCGCATTTTCGCG,7465
GAGAGTTTAGTTTCCT,7448
TGAAGATCACAACAAA,7429
AACTAACGTATGTTAG,7279
AACCTCCTATGAAAAG,7264
AATGAAAGATTCACTC,7254
ATATATAAATTCAGTC,7222
GTTTTGTTACAGACTA,7215
ATGGCAGCATGTTCCG,7200
TAGTAACATTTGGTCA,7193
GCCAGGAGGTAATGGC,7169
AGCCGAAGTGACCATG,7152
CTATCGTCCATTAAAT,7145
CTGTCGCCTACCTCAC,7138
GCAAACCTTAGCCAAT,7124
GGACTGTTCTCCAAAT,7087
AAATTCTATATGAAAA,7053
GCTAATAAAAGAGTAT,7036
AATGCACCATACGCAC,7003
TTCACGAGAATGGCGC,7003
ATATAACGACGCAATT,6996
TTGGCGTTACCTTGAC,6993
AATAGGATTCGATAGT,6931
ATATACTCTAGATACC,6919
CTGCATCCACTATCTC,6918
CTATCGGCTGCACTGC,6882
CCATTCCAATAGATGA,6880
CGACCAGTAGAATTAT,6871
GCTCAGATTATAATTA,6866
CGAAGTGTTCGTTACG,6845
AGCCGGCTCATATTTC,6800
ATCAGAAACATATATC,6798
TTCGGGAGAACATCCA,6752
CAACGCACACCATGGA,6743
TTCAACACAAAAAAGT,6737
ACAAAAATGCAGTCAA,6724
GAATAGGCTTCACCCG,6717
GGACCCGTACATGGAA,6710
AGAAGCATTTCCGCAG,6665
CATTGATCTCATCTGA,6640
GGATTAAACAGACTGC,6619
TCATGACTCTGATCAT,6611
GCCCAGCAGTGATAGA,6606
ACTCTAACTTTCTCCA,6599
GCATAATGATAATGCC,6599
TCACCATAAAGATATT,6574
AAACGATAGCTGCTGA,6572
AAAACCTACCGTAGAA,6551
GAATAAAAGAAAACGG,6543
ACGGAAATAGGTTCAC,6513
GAAAGACCCTACCTAA,6500
TAGCACTGATCATTTG,6496
AAAAACAGCTTTAAAC,6478
AGTGTTTCACCGGTAA,6474
AGATAGCCTAGCTAAA,6470
ACTGTCCATCTAGCAC,6455
ATCCAGGTCCACGACT,6453
CATTAGCAATAGAGTT,6451
TTCAATGGTGTTCAGA,6449
ATATCTGAAAACCTTA,6420
CGCTCTGAGTGAAAAA,6397
CACTATCTATTGCACC,6367
GAACTCCCCACAAAAG,6364
CTTGCCACTAATCCAA,6361
ATGACAATTAGACAAG,6333
GTCTACATAGGTGTAT,6310
TTTGGACATCGTCAAT,6291
AACAAGCATCCACACT,6279
TTGTGGGAACGCGACT,6261
CCAAAATCATTTTGAA,6229
TGAACGAATGGATGCA,6227
TAGGCCATAATCCGCG,6215
GAATGTCTCGACTAAA,6207
TAAAAGGTAGAAATTC,6195
CATTCTAATTCAAAAA,6193
CAGACTAAAAGATATA,6168
GCAACAAAATATTACG,6166
ACATTAGCGACAACAC,6165
CTAGACGCTACCGAAG,6154
TCCATAACATAAAATC,6148
CATTTGACCCATCAGG,6147
GCATTTACAAAGAGCA,6142
TTATTGGATGACTGCA,6120
TGACCACGACTTAAGC,6085
TGAAAAGCTACATATG,6071
AAACCTATTCAAGTTG,6055
AAAAGGCATCTAAATA,6052
TTAAATCCGTAAACAT,6045
GAGCCAAAAGCAAATA,6030
GTCCTCACTACCTTAA,6027
TCTCATATCCTTGAAA,6016
CAAACCCGCATAGCAT,6015
CACCTTCCTGACGTCC,6004
ATAAACAGGGGAGTGA,5986
ACTAACAATCCATTTC,5974
TCCGCTATCTCGACCA,5954
ATGCTCTTAATCGATA,5951
GATCCATATGCACTAA,5943
CCCCCGAACATCGCAA,5941
CTAAAGCGGTGAGATG,5903
CACCCCGAAATAGTAT,5892
GAACACTCTCGTTGCT,5859
ATTAAAAGCGACACAC,5849
CTAACATATAGCCGAT,5848
TCGAACCGCGCTGCCC,5847
AAGAAAGCGATGTCAG,5817
TATAACAAAAAACAAA,5805
AACTTGTCGAATCTTG,5804
ACAAGACGCGCAGTAT,5803
AAAACTACCAGAGCAC,5788
AGAACTTCTGCAAACT,5756
ATCTTAAAGCCCCATT,5753
AAGTCAGCCATCAACG,5732
CTTCTACCAATACCAA,5722
TGAGGCCTAACAATTG,5716
TGCGCGCTCCAGCACC,5701
AGAAGGTTAAAAATAC,5686
TCCGACTGGAATGTGA,5679
CGGTAAAACGGACCCC,5676
CTTTGTGCTAATAACA,5662
ATGCTTGATCGCCAAG,5660
TAATTCGAAGCTCGCA,5653
GGATATATCGATTTGA,5642
TCTTCAGGGTAAGGTT,5635
CATGCAACTGAGGGAC,5623
GCGTCAGACCAAGAAG,5622
TAACGGACTGAGCAAT,5607
GCTGAGTAACATATCA,5594
GGAGAACAGAGAAACA,5593
AGTGCTAATACAAAAT,5592
GATAAATCACATAAAG,5585
CCCCATCAAATAAACC,5579
GTACGACGTTTACAAA,5566
TCATTCCAAGAATAGA,5561
TCAATGAATTCCACTA,5557
GGGACTGAATATTTCC,5539
ATAACATAATTTAACG,5538
TTGCCCCACATAAAGA,5534
ACAAGACACGCGATCT,5526
AACGTTAATAGAATAC,5506
ATCAGGATAGTGAGTC,5491
GATGTGAGAGACATAT,5478
AGGTCTGACACTTCTA,5452
ATGTCCGGACTACGAA,5446
GTACCCTGACGAGAGG,5436
GTCGTACTTACAAAAA,5436
GCGAAGCTAATAACAT,5434
AAAAGTGAATGCCTCA,5433
GGTCAACCATGGGAAA,5402
GATACTCTCAAACCAC,5371
CCTCTCATCGACATCT,5353
CAGACACCACTGTACA,5347
GGTTTAATTCACTCGT,5346
TTTGCTCACGATCACT,5327
GCGAATAACCGAGACT,5324
GCCAGCGACAGCGAGT,5270
TGTAACGCGCCTGAGT,5270
ATGGTTTAGTTAGTAA,5260
GACCTGGAAGCATTAG,5258
TACATAAATAATCAGG,5257
TCTATACATACAGAAC,5255
TAAAAAAATGCAGAAC,5231
AATAGTCACCTCTCTA,5230
AAATCTAATGGATAAC,5196
CCCTTAGATACCTACC,5188
ACACACGAATAATAGT,5187
ACTCACAGCGGCCTTG,5170
GGTTTTTTACCAAACA,5162
CAGGCGGTGGCATAAG,5161
GAGGTTGGTCCCTCCC,5147
TGATACGGCCAAAACA,5125
TGCTATTTTCTTCAAT,5119
TAAAAGTCACACGAAC,5115
CACTAGACTTATAGTT,5113
AACGAGCTACATCTTT,5099
GAAAATAATCGAGGAA,5094
TGTATTCTCAACCAAT,5089
AAGGTATTAAGTGACC,5072
TAAGGATCGGTATAAC,5071
ATTAATGTTCCTACAA,5069
TGATCATATCCTAATA,5069
AGTGCAAATTAAGTAC,5059
GCACATCGTCACCCAA,5058
GCCTTTAAAGTCGGTG,5046
GTTCTTGAAACTTCAA,5038
TAAAAAAATACTAACC,5036
GTAATGAGTGACTATT,5035
TCGAGATAAGCGTATT,5033
AAGCCAAAAATAGATT,5029
CAAAAGACAATTCCTC,5027
TGGAAAAAAACCTACC,5027
TCAACCTCGTGGACTG,5010
AATCAATTATCCAGCG,5005
TAATCGGAGTCGCACC,5000
TAACGGCTAATAGACC,4997
ACCAACTGAGATAAAC,4993
GACAAGCAACGCAACT,4984
CAATAGCCTAAAAAAC,4981
TTAAATATCGGTTTCC,4969
AGCTTATCATCGCCAA,4952
AACTCTGATAGACATT,4944
ACTAAGAACCCATTAA,4930
AAAAAAGTTGCATATT,4927
ATCCTCAATACACAGG,4926
ACACTACTAAAACGCA,4918
AGCAAACAGAAAATCT,4910
GGCAACGAGTTCATTG,4895
AACGATCCAGTCTTTA,4892
TAATCCGTGTCTAATC,4889
AGTAAACACATACCCA,4867
GAAAACAATTATTAAC,4861
GACGCAAATAGAGTTA,4859
AAATGCGGAGGCGGTT,4858
AGTATGTAACGATAAA,4855
AGACACCAAATTGCCA,4853
CGCGCCATCAAGAATC,4853
GATCAATTACTGGTAC,4841
TCTCTAATAAGCACGC,4828
ATGAAACCCAAGTTAG,4827
GGGCAAAACAAACCGA,4822
ACTCTAGCAGACAGCA,4816
AGAGTATAACACTTCA,4812
GTTGAAACCAATGAAC,4807
CCTACCACAATTGGGC,4806
GATATCCCATCTTACC,4802
CTGGAAGATCGATATT,4801
AAAATTACGAAAAAAA,4797
AGATAACTACATCATG,4791
AGTCGCCTACGGTGAA,4775
AACAATAGTGACTGAC,4773
CATTAGCAACACTAAT,4770
TACGAGAAATGTTCAC,4765
TTAAAACGGTCTAGCT,4765
CAGTACTGTTTCAAGA,4764
GAGGAAGTGGAATAAG,4762
TACCTAATAAAAATGT,4761
TGAAGTAATCCAAAAT,4749
GTATCATTCGAGCAAC,4745
CCCGTGGAGCCCCTGG,4741
ACCCATATTCAATCCC,4740
TAGGCGTAGCCAAATA,4738
TGCTCAGATACAACAA,4737
CAAAGACATGGGACTA,4735
TCTATACCAACGCGAA,4726
TCCCAGACGCAAACCA,4720
CAATATACTTATTATA,4714
GTTTGACGTCGAGGCT,4697
TTATACCCACAAAATC,4695
GACAATGACCTCGGCA,4690
TATTGAATAACTAGGA,4678
TGGGCAAAATGCATGC,4673
ACATTCAGGACCTAAA,4666
AAAAAAGACTTGCTAT,4663
AAGACAGTGCTCGACT,4660
CCGCCAAGGATGTCGT,4655
TACTGTCTCTTGGATA,4648
GAAACCTAAGATAACA,4641
AGTATGTTTAGTATTA,4638
TCTAAATATACCTTAA,4625
GCCCAGCTGTGGTCGT,4623
AACACCGTAGTGAACC,4599
AACACCCAGCTCGATA,4592
TAAAAACTGCATTTGA,4583
TATTGAAACAGTGCAT,4579
TTTGAGGAATAGAGAC,4569
CAACAATAAGTTAAGA,4560
ATCCGCGCTTACTAAT,4543
TAAACAACATCCCAAA,4538
GCCTTTTCTGACAAAC,4536
AGAATACTTGTAAGTC,4533
AGATAACCAACCCCGA,4533
AAATATAAAGGAATAA,4529
TTCCAAGTACCCACTG,4527
GGTTATGTCCAGAGAA,4522
ATATGCCCATGCATGT,4520
CAACAATATGGAGTAA,4519
GAATGAACTATAACAG,4517
ACCGGAACCGTCGAAC,4513
ACCCCATGAGCACTAT,4499
GCTGGAATACTCGGCA,4499
GTAAGACAACTCATAA,4492
GAGAGACCTAACTGAT,4488
TCAATAACGTGCATTG,4488
GTAGCGAAGCACCGTC,4487
ATATACGGAAAGTAAG,4486
TGATATGGCGCTTCTA,4484
AGCAGTAACCACACAA,4473
CCCTATTACCGGACAT,4472
TTGGTAGAACAAACAT,4470
CAGATACCAGGTCTCA,4461
ATATTCGGTCATAGAA,4457
GGACACACCCATGCGT,4451
CCATGACCGTGAACTG,4446
GCTGTACCCAACACAT,4445
ATGAAACATAAGCTAC,4443
TAATAAGCGGGTCAAA,4443
GATGAATACCCGACGG,4440
CAAACGCTAAGACCAA,4437
TTACTCCTTCCGATAG,4437
CAGACTCGGAATGATA,4433
CAGTCCAAATAGAACG,4433
AGTATGAACTTCCGAA,4424
TAAAAATCAATTCCAA,4423
TGCCAAAAAAGTGCAT,4420
CATACGCCGGATCTAG,4417
CAAACGAAGGCATAAC,4409
CACGGATGAAGATCAG,4406
ACACCTCTCTTCCCAA,4405
ACTCAATATTTACGAT,4405
AGTTGAACAACCAATA,4399
AAATAACGTACATAAT,4393
TTCGTCCCTACATATT,4391
TACACGTGGTAGTACG,4380
GACAGAATCTATCGGC,4377
TAAAAACATTCTCACC,4372
CGACAAACCGCGCCAT,4371
AGTTCCACGCTAACGC,4363
AAAGAATGCAAAAAAA,4355
AACTCCGACCTATGTA,4352
ATTCAGCAGACAAGAC,4352
CTGGTCCCTATGTCGC,4347
GCACGGCCTAGTTATG,4342
GATAACGAATAAGCTA,4335
TTCAACATTAACGCAA,4335
GGCACCCCCCACCCAT,4327
TCTGGCTCAGAGGCTT,4325
AAACTCAGATCAATGA,4317
TATACATGTAGATAAG,4301
AGCTTACTAAACCCAA,4291
CACCTAGACTGCTAAC,4289
TAAACACATACAGTAA,4283
AAAGACGTAGAACCCA,4280
GTGTTAATTGTCAAGT,4276
AAATAAAGCGTAAATG,4270
GCCATTCTGGACATCA,4270
GATGACAATACCAGAA,4269
TTAAAGCCGATAATGG,4263
AGTCGGTTACACCTGT,4258
TATCTACTGCTTGGGA,4258
TCGGAAGTGTGTTACA,4258
TTCCACTGAATGAACT,4258
ACCAGCCCACATACCA,4253
CCCTCATCACTTGACG,4253
TCGAACACGTACTAAT,4245
AATGTCGCCATTAGGC,4244
TAGCTCTGTTCAGAAC,4240
TGATGTAACCTCAATG,4234
GCGTCCCTTCGTACAC,4224
TGCTCCTTGTTACAAC,4222
TACGAACATTCAGAGG,4219
GATTATTTGACATCTT,4217
TTAAGACGTATACTCA,4217
TACAATACCACTTTAG,4210
AGGTATATTGTCTAGA,4200
TTCTTCAGAGTTCAAA,4200
ACCCCATGAGGTTCTC,4197
GAGAACAATAAGAGAG,4194
GATACAACATCCCCAC,4192
AAGGGTTCAAGCCTAG,4188
GATGCATGCGTAAACT,4186
CGATTGATTAATCCCC,4183
CCCGGTTATTCCATTT,4177
ACTCATGCAAATATTG,4176
GCCAGCCCGCAATAAA,4175
AGTAGTTCTACCCCTT,4172
CAACGTCGCGCGAAAA,4170
CAAGTATACATTTTAA,4169
CGAACCTAACTACTTA,4165
GTGAACTTAACACCGT,4165
CATCCACTCATCAACA,4163
GATACGAGGACACGCG,4161
AGAACTTTATCTATAC,4160
ATCTGTGCAAGACCCC,4160
CCTGAATATAATCCAT,4159
TGGAGACCATAACTAC,4153
CATAAAAAAAACTGAA,4152
ATCTGCTAGGAGAATA,4146
GAATCAACAAAATAAG,4141
AGCTAAAATCTACACT,4140
ATAACAGACATGACCA,4137
GAAACTTTAAGGTGGC,4131
CGAAGCTTAATCAATC,4121
GGGACACACCTAGCAC,4115
AGTTGGCTGCCTGCAT,4113
AACGCCCATACTTGTC,4112
GCTGCTACGTAATGCA,4110
TCAGTCAGACTAGTGA,4106
AAAAAGCAAAAACAAC,4102
CAATGAACACTATTAA,4091
AGCCGACGAACTGAAC,4087
CACCATACTAATCAGT,4087
AGGCACCTCAAAAACA,4086
TGTCGTTCGCCGATGT,4085
GGTGGCCTCACCATCG,4084
ATACTAATTAGTATAT,4080
CGAAGGAAAACAACAA,4078
AAGTCCAACATAATCA,4066
AGCGGCAAATGTATAT,4065
TAAGAGGCAAATCAGT,4064
AAAGGAACACTAGACT,4058
CCAAAAACCCGTACCA,4054
GACAATAAGAACAAAA,4053
GAAATTATATTAACTC,4051
AGATATATTCGAGAGA,4048
AAAGAATCCGACGAAT,4043
ACTCGAGGACCAATAA,4042
CGTAGAAGTGGGACAA,4035
ATGCCCATACAACGAA,4034
ACACTACTTTCGATAA,4024
CGGTTCTGCCAGTAAA,4024
AAAGTCTAGGAGAGAA,4022
TTCAAGTGATGCAGTC,4021
ACTCTACACACTGATC,4018
ACAATGCGCGGAGTTA,4014
AGTGGTATAAAGACCT,4012
ATAGATATCATCAAAC,4007
CCCACGCCACGATACA,4003
AACTTATAAACATGGA,3999
ACACACAAATATTGTC,3992
GGCCTGCGACAATATA,3992
CAATACCTTACAAATA,3988
GTCCAATAATAATCGT,3985
AGACCGAAAAAGTAGA,3983
CTAAAGTTTACGAGTC,3979
CGACTCAAGGACACTG,3978
TTTATTTATGTCCCGT,3978
AAGACTCAACGAGCGC,3976
CTCCCGTTTTACTACC,3974
GTCACTTCGGAAACCA,3972
GTTCGAGCCTCCAATA,3960
CCTACCCATTTCTGAT,3957
AGTAAATACCCGACAG,3950
ACGGGTGGTAACAAAC,3949
CGGTTAATGCAACAGT,3946
TAATCTCAAATATCGT,3941
CAATACGAAAGGAGAA,3932
TGATAAATACTGGAAC,3932
CGTGCTTAATAAAATC,3919
ATAGTTACTATGGGAG,3913
AAACACGCCAGGAACT,3910
CAAAAGCAGGAATGCG,3909
CACGATTGATGCTAAG,3900
ATATGAGTAGCTTACC,3898
TGTTGTAATATACTAA,3895
GAACAAAAGAGGCAAA,3893
GGACAACACCTTAACG,3890
TTAGACTGTTGTACAC,3889
CGTTGTGCTTTAATGG,3888
ATCTAGAACACCGTAT,3885
GTCAGTCGAACGCTGT,3885
TAAGCATTCTAGGATC,3884
TGACCTAACTCTCATA,3884
TTTTATGGTCTCGGAC,3883
TCGGCACCAACATATG,3877
CATAAAACGCTACCGC,3871
ATGAACATACACACAA,3869
CTTAAACTTCACACAG,3867
GGCACCGTAGAATGCT,3867
GTCGTCTTCGAGATTC,3866
TTCCAGAAGGTAGACT,3864
CAGACCTCGATTTACG,3863
ATGGAAATAAATATAT,3861
CCCCTGAATGATTAAC,3859
AAGCCAAAGCAGTAAC,3851
TAGCTAAAGAAAATTA,3851
CCCAGATATATACGAA,3847
TTTTAATGTGACTAGC,3845
ACTCTCTCGCTAATCG,3842
CTGTTTAATTGGAATC,3840
CACTATGACTATAGAG,3839
AATGAATGACAAAAAA,3835
TACAACATACGATCTC,3831
ACTCATCCCAGCCACT,3829
AGAGGAAGTTTAACTA,3826
AGCCTTGGAGCCCTAA,3824
GTCCAAAATCCAGCTA,3823
CAGCTTTTTCGGCGAT,3822
TCAGGACGTATTTCTT,3819
ACACCAAAAGTGTATC,3814
TCTCCCACGACCACCT,3811
ATTAAAACCTAATAGG,3809
TGCATTAGTGCGGCAG,3809
CGACGGCAGCCCGAGA,3808
CCAGGTTCTACAACTA,3802
CTAAAGTACCCCCGTA,3802
AGGGGATGTCGATATC,3797
GCAACGAGACGATCAA,3796
TGGACCCACGAGCGAG,3796
ATTTGTGTGTGTAAGA,3790
GACGAATTATCTTTAC,3790
GCGTTAACCCTGAGCT,3790
GCGTATATCGGGATCC,3787
TATCAGAATACATACA,3784
TAAAGACACCACATAA,3780
AATCCATGAAACGCGA,3778
ACTATCATCATTAACA,3777
ACAAAGTGACGCCAGA,3773
TACACGGTTTTGAGCC,3773
TACGGGGGAAGCTACC,3771
TAATTAGTCCCCCCGA,3770
CGACGGCCATACAGCC,3757
CATGGCTTGGTACCTC,3753
GAGCTACCTTCAACGT,3753
CAAGCGCGCGGTTAGA,3752
ACGAAAGAAGTAAATG,3751
CGTATTTCATAGATAT,3750
GAAGTCGGGTTGAACG,3749
GCACTATGTAAGTGAG,3748
GCATGTTAATAGGAGT,3747
TAAATCGTCAAAATCC,3744
AACCACCAACCAGCTT,3741
TGCTTGTGGAGCACGC,3741
AGGATACTCAACAGAC,3740
CAATTAAACACGTCGT,3738
GAACCCGAAGCTATAA,3737
ACGCAAGGGGCGTTCC,3735
TCACCGTCCAAAGCAA,3735
CACACACTCAGAAACT,3734
TTATCGATGAGAACCC,3731
ATACCAAAGCTCTTGC,3729
TGTATCCAAACGCTGA,3729
ACAAAGTTCAGTGAAA,3728
AAGAGGTTCAATTAGT,3726
TCATACAAGCAAAGCG,3725
AAACCTCTGTCTTAGT,3722
CACAGGCTTGTAATCA,3719
ACCTCTTCTACGGGGA,3718
ATGTTTCCTGACTATG,3712
AGCGCCGAAGTACTTC,3711
ACAGTCACAAGCCTGA,3709
AGCCCTAAAAGTAGAG,3707
CATACACACTCTAAGG,3706
CCTAGTACTCCTAAAA,3704
AAGTCCGGATTAAAAC,3701
ATTCAAACTGAATTTG,3701
TACAAGACACAACTCT,3700
AGGCTGGATTAACCGG,3699
ATCGATAGTTATTCTG,3699
AAAAATAAACTGGTAC,3698
GAACTAAATTTGAAAG,3695
TTCCCCTCTTTCCACC,3690
AATATAAGAGATCTAT,3689
ATCGAACCATCAGTCA,3685
GAAAATGTGCAGATTA,3681
CTGTGCCTCACTAGCA,3678
GAAGTCAAATACCAAC,3677
GAATGAACGTACAACT,3671
GCCGCCAACCCGATCA,3671
AAGGCGACTGCAAACT,3670
TACTAAAATCGCAAGG,3669
AAGTGCAAGCAGGACA,3658
TCCCGGCAATAGATCA,3658
TACAGACACAAGTACT,3654
AAAAAAATGCTCATCA,3653
TACACGGGTGAGCCAT,3651
TCATACATATAACGTA,3649
GAACATTATCCAATCA,3646
GACATATTTCATACTA,3638
TCCCGCGTAAACTACG,3638
CGGCTAGCCGAGGTAT,3634
TAAGATTAAAAATTTA,3634
GCTTGAAATACTTATT,3629
AGGCTTATAAAGCAGT,3622
TGGGTGCCCTAAAACT,3622
TTGACATTAAAAAATA,3622
AACCTCAGGACAGCAG,3619
AACGGGATATATAAAC,3617
ATTAAATGAGGCGTAC,3616
TCATTTGCATATCAAA,3605
GGCACTAGAAAACTCA,3604
CAAACTAATTATTACG,3601
GACCCCTTCAATAAAT,3599
GGATATCGGCTAAGGA,3598
AACAGTAATGGGTCAA,3596
AGCCCTGTTTCCGTGG,3593
CAAAGCGTTCAGAAGG,3593
TTAACCAAATTTATAG,3592
TCATATAAGAACAAAG,3591
CTTTGAAAATCCCCCA,3590
AAATGAGGCTACTACC,3589
GTCAACAATCGGCTTG,3588
GGGGTGATCTTTCACC,3587
GATGACTTTTTCTTCG,3586
TAAAACGCAGCAAGAC,3586
GATGATTAGTATCACG,3584
ATTTAGGAGTCTGTGT,3583
CCAACACCTGGGAGGA,3581
GCCCACCTGATAGCCT,3581
TGAATGATGAAAAAGG,3580
TCGTAAGAGGAAGATA,3578
AGGAAGACATTCATCG,3576
CCATTGGACTATGGAG,3576
TTATCGAAACCTGACG,3576
TGGTAAACCCACTATC,3571
CGATACCCAGGACCTT,3569
ATAACGAAGGCCAAGT,3564
GAACGATGAAAAACAC,3561
ACTTGAGTGTTCCCAC,3558
ACTAAACGGCCATCTA,3556
AACTACAATCTACCAA,3551
GGACCGCAAGATGAAC,3551
TCCAGAAACATTGCTC,3551
TTCTCGCTGGACTCAT,3550
ACACGAGATAAACATC,3549
CTAGGATGATAATTCC,3549
AGACCAACGTCAATAT,3548
GGTCGCCCAGACGCAC,3548
ACTTCGCCGTTCTTGT,3547
GGCTAGCGCTCCGAGC,3546
AGAATATTAATACCCA,3545
GAGCAAAGAAGGATAG,3545
GCCCAGCCCATGAAAA,3545
TATACCATAACAAATT,3545
CCAACCCAACCATTTA,3543
CGACACTTTTAAACAA,3543
GGTCGGTGCGAAAACC,3542
GTGACACTTACATTAC,3539
GAAACGCGAAGACCGT,3537
CCACACGTTACTTGAA,3536
AAAAGGTCTTCAGTTT,3534
TCGGCTAACATTCCTT,3533
AGCTTATATTAAAAAA,3528
GAAAATACTGGAAATC,3528
GGATCGAAATAGTGAG,3528
ACGTTCAAGGATGTAG,3525
TATATGAGCTGGGGCA,3523
TATGTCAACGGAATAG,3523
AAACATACGATCTTAA,3522
AACATTTTTAACCCTA,3521
CTTGTCTTCCCCGTAA,3518
AAAACACAAGAAACAA,3517
CCGGTGCACTCATTTT,3517
TGATGCCTTTTGATTA,3517
CAATAATCCCTATTCA,3516
GCGATAACAAAAGCCG,3515
TAGGACGTAGGGTAGT,3511
TAATAGTAAATTTATG,3509
TCTACTTGACGCATGT,3508
TTTGATGTGCAAACCA,3508
AGAAACTATTGAACCG,3507
GACCGGTAACATTATG,3507
GGATTCGCACACCTAT,3503
TCAAGACATCTACACA,3501
ACTCGTAAACTTCCTC,3500
AAACAGGTGAAAGACT,3498
GAGGGGGTCTGGCTTA,3498
ATAGCTAAGGAGATCC,3496
CCGGGAGAACGAACTG,3495
CGCTCTATAAAATGAA,3494
CTGATCTTGATGGAAC,3493
TCTTTTATAAATATGT,3490
TCAGATCGCGCACAAC,3488
TAAATATGCACTCGGA,3484
ACGCTAACATTATGCA,3477
CGACTTTCAGCGGAAA,3476
GCCCCGAAAAACTCAA,3474
GCCACATAGCTCTAGA,3472
CGGACTATATACCGCT,3470
TTAGGTTACAATTCAA,3468
ACTTTCCAAACAAAAC,3466
AATAGATCCTTCCAGC,3465
ATTAAACTACATTGAC,3462
TGTAAGGAGCAACAGC,3460
AATACGGCTATACATA,3459
AGGAATTTGCCGGATC,3459
AAAATCCCTTAAATAC,3457
ATTGGGTTAGGAGGAA,3456
CTTAGAAATTACAATT,3456
ATTCCATGGCCACAGC,3452
GTCAACAATCTCTACT,3451
AGAGCGAAGCTGTATT,3450
AGGTAGATAAAATCGC,3450
TATGTACCTTAAATTA,3450
CAGCAGTCCTATCCGA,3446
TCGACTGTTCTTCTTA,3439
TTAGGAGAATGGAATG,3439
TACTCGAGTGTAACAA,3437
TTTACCCACAAATAGA,3437
AGGTGTTTAAAGGAGT,3435
AAGCTAGACTAGAGAA,3430
TGGCTACATAACGAAC,3430
ACCTACCGCCAAACAA,3429
CCGGGCTGAAGATGAA,3426
GTAATAAGCTTTACGG,3420
CCAAGGGGCCGAGCAG,3419
AACGTTGAAGATAGCA,3418
CTAACATAAGGCACCT,3416
AGCCGAAGTCCAAACA,3415
CCGAACACCAGATAAT,3414
CGACCATAACATCCAA,3414
GATATTGACACGTGCA,3410
TCACAGATTTAGTACA,3409
AAGGCATGAAGATACT,3408
ACTTTCTGATCCGCGT,3406
AAAAATGATCGGAGAC,3404
TCTCACACCAAGATCC,3402
GACAACGCGATGAGCC,3401
CACCACCATCCGAGAA,3392
GGTGCACTTCCCCCGC,3392
ACCAAGCAAAAGATCG,3389
ATTCACACTCTTCCAA,3387
ATCTTTTTCCATCAGG,3386
GAGAATATTTTCTAGC,3386
CACAGCGACTTACCTT,3385
ACTAATCATATCAAGG,3380
ATAGATTGAGTTATTA,3379
CGTACTTGAGAAGTAG,3377
GAAGTTTAAAGAACAC,3377
GATTCTCTGCTCACTG,3377
AACCCGAAAAACTATG,3376
AAAGACATTGATACAA,3375
TAACATGACCCTTGAG,3373
CCTCGCTCTCAGAGAA,3366
GAGACATCAAACCTCC,3366
TCGCAACATGATGAAA,3365
AAAGAACCAATTCGGC,3361
TTCGTAAATACTGAGA,3361
ACAGATGACCTAGACG,3360
ATGCAAATTACGATTC,3359
AAGACATACAGAAAGG,3357
TACTTAGAATAACCTC,3356
ACCGCCAATCACAATA,3355
AACCACATGAAAGTAA,3353
ATAGTAACCACGAACA,3353
GCTGGACATATATAAA,3348
GACATCAACAAAAATT,3346
CACCCTGCTCTACGAT,3345
TTTGCTGGATTGCTGC,3345
CTAAACTGAGGCTTAA,3343
TAGACTCTGAGATGAA,3343
ATACGAACAAATACGT,3341
GACTCAAGCTAGAAGC,3341
TTAAGATATAAATGGT,3340
CTCTGAAATAACTAGC,3339
GATGCTAATAAACCAA,3339
GAACGGCGGCGTTGAA,3337
CTGACGAAAAGAATCA,3336
CCCTGCAACTTATCGC,3335
CTCTCGCGAGCTACCT,3334
ACAAATGCTCTATACC,3333
GTCCTAGGTTCCGAAC,3333
TTGAACAAACATAACG,3333
TACCAGCTGACGGAAA,3332
CCCCAGTTCTACGAAC,3331
GCTTGTGGAAGAAGAA,3328
CAGCCACAGACTAAAA,3327
CGTCAAAGTGTAATTA,3327
GAGAAATAAAGAGAAG,3326
AAAGAACACCCATCAA,3325
TTAACATTGAAAACCA,3320
GACTTATTCAAAAGTG,3317
GACTTGCTAACCGGGC,3317
ACCACAACATAGAATC,3316
TAGTCCACCTATACTT,3316
GGAAAAATAGCGACCG,3315
AAAACCAAACCGGCAG,3314
TATCGCATGATGAATC,3314
CGTAAATCCTACAGTC,3312
CCCGGTGAGAACAAAG,3310
GGAAGCGACAGACCAG,3308
GCAGGCTCCTATTTAC,3307
ATTCCCTACAAACAGA,3306
GATATTGAGCCGCTGA,3304
ACTCATTATGAAAAAT,3303
CTATCATTGCTCTCAT,3303
TAGTTCAACTCTGGTT,3302
TTTCGTAGATGCACAA,3302
ACTGTATGCAAACAAT,3301
TCAAACCTAACGAGTC,3301
TTTGGCCAGCCACTGG,3294
TAAAGAACTGGAGTAA,3293
AAAAGCACACTCAACA,3291
CTACGTTCGTGAAACC,3290
GAAATGACCGATGCAC,3287
TGGACTCACCTACAGA,3286
AACTTTATTCCACCAT,3284
TGGAGTTCACGCCAAA,3284
CCACAAGCCCAACCTC,3282
GAAAAAACATCTTAAT,3280
ATTTATTATCACAATT,3279
GTAAGAAGTCGATAGA,3278
AAAACCGTACTTTGGA,3276
ACTGGTTAGCACTAAA,3276
ACCGGATTATGAGCAC,3272
GGTTTCACAATTAAAT,3272
GTAAGGATACGACATG,3272
AATCTACGTATGGACT,3271
TTCTATTATCATGGGC,3270
AACTTAAACGCATAAA,3268
AATGAAAGTACGTAAC,3268
GGTGTATCCCATAATA,3268
CCACATTATAGTACAA,3266
CCTTCCAACAACCTTA,3264
GACCTAAAAAAACTAT,3264
CACTTATACGCCATTT,3262
TATGCCTCCGTTAAAA,3262
AGACAATACCGATGAG,3261
GATTTTCACTGCTGAT,3260
ACAATGCCTACCAGAG,3256
AAAATTGCTCACCAAT,3255
ACATCGAAAGGACCGC,3255
CTCTCAACTACACTAG,3255
ACCGAAGGCGCACCTA,3253
GGAAAAACACAGTCAC,3253
ACCTTTTAAAATATGA,3250
AGAACAGCTACTAACG,3250
AACATAGTAGTTCAAT,3247
AGAATCTTACAGTAAC,3244
AGTATCGACGGTAGAT,3244
ACCCAACAGGTTTTCC,3242
TGACACTGCACCATCT,3241
TATACTCAGAAGCCAT,3240
TGGAAATCCTCCTTAA,3240
TAACCAAATAAACATA,3238
AAACAAAACTGGTCAA,3237
CGCAAAACCCCAGCCA,3234
AAGCTATAAATCAATA,3232
GTTTGTGCTTGTTTCA,3232
TGTGGATCGTTAGATT,3232
TCCTCGCCGACGAAGA,3230
CTTACTTACATAACAG,3227
GTTCTTGCCAGATCCT,3227
ATCAAATCTAACAATG,3225
ATTAAACGAGACATTT,3225
CAATCATTTTTTAGCC,3224
CTTATGAGTGCGTAAC,3224
GTTCTTCCGGAGCAAA,3222
CACGATAGCCTCGTAA,3221
CCCGGTACACACATAG,3221
TAGCGAAACTGATCTC,3221
ATACTACCGAAAAACA,3219
GAAAGTAAACGCTCTG,3218
ATATCACTGTGGTATA,3217
CAAACATGATAATGCC,3217
AAAACTTCTACCTGAA,3216
GCGATCTGAAAATTGC,3216
AACCATCTCTTGCTAC,3215
ACAATAAAAGCAGAAA,3215
ACATTCTAATGAACTG,3215
CGTAGTAGCCAATACA,3215
AACCATGTCATAGTTA,3214
ACATACTCGACAAGTA,3214
TGCAAAGCCCCGACTG,3212
CCCTTCTCATCTTACG,3211
AACAGATAGCAAGGCG,3210
ACCACGCCTAGCCGTT,3210
GAACAATGTATAAACC,3210
GCACAATCTGCTCCAT,3210
ATATATCGAATATAAG,3207
CAAACAACGAAGCACA,3207
ATCGCACAAACCCTGC,3206
ATTACACATTGCCAGC,3206
TCAAACTAACACGCCC,3200
ATATACACATAAACTA,3199
CCCCGCACCTACAACG,3199
TAAATGTTGGAGAAAT,3198
GAGAGTGGAGCTGACA,3197
CAAGATATGCCTTTCT,3196
TTAGCTTACAGGTCAC,3196
AGAGGCAGTGCGATTA,3193
AATTCCGGAACAATAC,3191
TCGGAGACTACGCAAC,3191
CATAACCAACGGAGTT,3189
GTTAACATAGAATTAC,3188
ATTCCATTGCAGCAAA,3184
ATTGAAACATTCGCTT,3184
AATGAAGCGTCAAACA,3183
ATACCGAGAAGAACTT,3183
GAATACAAACATGCAT,3181
ACATCCAGATGTAACA,3180
AATAAACAATACAACA,3174
TTGCTCGTTCGAGGCT,3174
CACGAAGTATACAATG,3173
ACCATGAGTCCCATGC,3170
AAACCACGACGTGATT,3169
CTAAGTCATTCTATAG,3169
TAAAACAAAACAGTTA,3167
ATATCTTTAGTTACGG,3166
ATCCACCCAACGTACT,3165
AGTAATTATCCAACAT,3164
CTGCACGTGTGTTAGC,3164
TACAACCAACCCTCAA,3164
AATACAAAGACACTAC,3163
ATCTACAAGCGAAGAC,3159
TTAAGACGTACATCTC,3158
CGATGATGAATCGTCG,3155
TCGCTGCGGGAATTAG,3155
AATAACCTTAGCTCCC,3153
AAGCGTGAGAGCCCGC,3152
CTCAAAAGAGACTGAA,3151
ACATAACTATAAAAAA,3149
AACTTAAAATGAATGT,3147
CATCCTCACTTTGAAC,3143
GGAGTCAGATCTCGGA,3143
ATGGCTCCCTCTACAT,3141
ACTAACGCGGGCACAA,3140
CTCACTACTTTAAACC,3140
AGGGGTTAGTGAAATG,3138
CGAGTTTGTGTTTGCT,3138
TATCAAAACAAATACA,3137
GATCCTATTATGTACC,3135
GAAGCAATATCTGCAT,3134
GGGTATACAAAGTAGA,3134
GGACGCCGAACTAATC,3132
AGCTGCATCGCCAGCA,3130
CAGAGATGGTCACAAG,3130
CCCTGTTGAATAGAGC,3130
ATGGACATAAAATGAT,3129
GACCGAGGGAGCTAAA,3126
GCAAGATATGTTTAAC,3124
GCGACGATTAGCCTGA,3124
CTGTGAGTGAGACATA,3123
TGAACTCGAACTCAGG,3123
AAACTATGAGTTTTCA,3121
GGACAATGTCTAAATC,3121
CGAAGGACAAGCGTGG,3120
TTATTTAACAGAATCT,3120
AGCTGTAGGATAAGAA,3119
CCCACGCATGAGAACC,3119
TCAAGTCAGACCCGTA,3119
AAGGCACGTTACTAAC,3117
AAAAGTACTGATTTTC,3116
GAAGAACAGCTCTATT,3114
GATGCTTCTGAAGAGG,3110
GATCAAGCAGATTTGT,3107
TGATTGTCGCAAGGAT,3106
TAAATTAATGAAACCA,3104
CTATTTTCTTAAACGT,3103
GTACTTTAGCTCAGTA,3103
CACGGTGTAGGTTCAT,3102
TAATCTAGCGAGATTA,3102
CCCCCACTGTTAACAA,3099
TGGTAGTTAACAAAAC,3099
CTTTTAAAGAGATTGG,3097
TGGCATGTTTAGATAC,3097
AAAAAAAACTTAACAA,3096
ACTCCACTCTCAAAGA,3096
TACACTACATGAAACC,3095
AGTTCAAATTGGCCCT,3091
CTCCTCCGAGGCACTT,3091
AGATGGTGGTTATCGA,3089
AACGTATATTGCCCCC,3087
AACAGGGGTCTACATA,3085
TAAGAGTCAAGCGCTC,3085
AATGACATGTCTACTC,3084
AAGCAGACTAAGCAAA,3082
ATTATAAATGAGAGTT,3082
TTACAAGCTAACATAG,3082
TTTAAAGTAATCCAAG,3082
AGACCTCTAACTTTGG,3081
TTATAGTCGTATGTAA,3081
CTTTAGACGCGACGCC,3079
TAACACAATCAAAAAA,3078
ATGCGATATTCAATCA,3076
AAAACCCATCAGTTCC,3075
AGTCCTATACCTAGTG,3075
TAGGGAAACACGAAGA,3068
GATAACCACTAGAAAT,3067
TTAGTTAATCTTCTCC,3066
ATGTACGTTATACCGC,3065
ACGCCACGTAGTGGAA,3064
GAAACGGTCAGTAGGA,3064
GAGCACAAGACGTACA,3064
TCCGTGATGTTGTACA,3063
TAACTAACTCGGGATT,3062
AGAATCTATGAACTTT,3061
CCCCACATATAACCTC,3061
GGGGTAACGTTCAGCC,3059
TCACATCCGAGCGATA,3059
GGAAGATTCACCTAAA,3057
AACTCATTAAACGCCA,3056
ATTCCATCATGCAAGG,3055
GCAAGAATAATCCCTA,3052
TTGAGGGTAGCAGTGG,3051
AACAGCTCAACCGTCC,3050
ACCCAAAACTTGTGTT,3050
ATTCGTTGTCGCCAAA,3049
TTTACCCGAGCATAAC,3048
ACTTCGATTCAATATG,3046
TCGAGTCCAGACAGAC,3046
TGCAACAGACCTACAT,3046
TTCCATACCTGTGTAC,3046
AATCGAAGAATATAGT,3044
GGCTACCCATTCATAA,3041
GCCCACAACAGACATA,3039
AGATAAAATCACTGGA,3038
CCCAGCCAATTGTCGA,3037
TCGACGTGCAAACATG,3037
AATTTAAGAGTCAGGA,3036
CTCGCAGAAAAATTAG,3036
ACAAAATCGGCAACAA,3032
AACCGAATACGGGCTC,3030
GTGGTACCACACATAG,3030
CTACCAGTCTTACTTC,3026
CCGACCCGCGCGAGCA,3025
GCACGTAAACGTTACA,3025
TGAGATATCAAAACAA,3025
CAAGTAACAGCAAATC,3024
ACCTAAAACAATTGAT,3018
GTCTAAGGATACACAG,3018
TATGTAAATATCAATA,3017
AGCATGCGGATCTACA,3016
TACAACTAGAACTATC,3016
TTTAAACTTTTATCAG,3016
GAGGTCCTTTCCGTTC,3013
TAAATGCTCTTGATAT,3013
CGGAAATCTTGTGAAT,3011
AGCTTCGCCTCCCACA,3008
CTTACACTGAGCTATA,3008
CCAAAATGATCGATGG,3006
GACTTGATGCGCTTTC,3006
AACAAGGGGATGTTTT,3005
CGATTTAGTCACGGAA,3004
GAACCCGGATCGCTAG,3004
CCCAAGCAAGAATACG,3003
GGTGAGAACTGCGAAT,3003
GTTAGAAAAACTTTTA,3003
TTACCCAGCTTTTTAT,3003
AATAAAAAAATTGGAC,3000
GCGCAGAATAATAACT,3000
CTGGGCACCATTTATT,2999
TAACAAATATAGTAAC,2999
CAAAGCCTGTCCTGAG,2998
GTTACATAAATATAAG,2998
ACTCCCTCATACGACA,2996
CAAGGCGATAACCAGT,2993
GTAGTCATATCTTATG,2991
TCACCTGTTCAATAAC,2991
GAGTATGAAATCTAGC,2990
AACATATAAGGTATGA,2988
ACAATTCCCGCGATTA,2987
GCTATCAATAAACACA,2987
CATGCTTAGTGTAACA,2984
TCACTCCAGCGCGTAT,2984
AAGCGACCCATCATTC,2983
CCACAACCCAGTCCTT,2981
GCGTTATACTATCCTC,2981
GAAGCCTTAAGTCGTG,2979
GCAGTCTGAAAGTACT,2979
GAAGACATTAAATGCA,2976
AACGAAACTTTTCCAC,2975
AACGCAATATACCAAA,2974
CCACAATCTTGTAACA,2974
ACATCAAAATAAAAAA,2973
ACGCATAAAATCGTAT,2971
ATGTTGACCTGACTTA,2971
GACCAGTGAGACGAGA,2971
TGGAAAAGCGATCCAT,2971
AAAAATCAAGAGGTAT,2969
ACGGGATACTACCGCT,2968
TCATAATTTCAAATAT,2968
TCTTGTATCTCAACAC,2967
GCATTGCCCTAGCGCA,2964
GCCTACTTGGGGGAGG,2962
ACAATCAAGACAGGTA,2961
CGCTGAATGCCTACCG,2959
TCATTAGTGTCTTAAC,2958
TTTAACAGTCGTGTTA,2958
ACGCCAACCAGAATTA,2956
ATGCTCAGGAATGTGA,2955
CTAACCGTACAGAATA,2955
TAGTAAATGTTCTACC,2955
ATTTCGATAACTCTCA,2953
CTCTACACTAGTACCG,2953
GTAAACATGAAGTATG,2952
GCTAAAAACTAATAAA,2951
TGGAGCTAAACGAATA,2951
GCCGGGCAGATTCGGC,2950
GGAATGTTATTAGTCC,2950
CGAACCCAGTAGCGTG,2949
AAACCGAACGTCGTCC,2948
CCAATTTTGTATATGG,2947
GTAATCATCGACCTAG,2947
GTTGTGCTCAACCGAG,2947
GGCTATAGTACAACAT,2946
AATGAATGAGCCAACT,2942
TGGTTAGAGTAGGTAC,2942
CTACATTTGCTGGCAT,2940
TAGGCAGATTAGAGAG,2940
TCACTAATACCTCGCT,2940
AGCGATCAACACAGAA,2938
AAGCTCAAGTTGAAAT,2937
TCTTCCCACACCCTAC,2937
TGAGCATATAGCCAGT,2935
TGTGGACAACGCAACA,2933
ACAATCATAAAGTTCG,2932
TAGAAGTCCCCCAACA,2932
AAGCAATGGGCAAGCG,2929
ATTACCGGCACAATAC,2929
CACATTAACCTGCAAT,2929
CACGAATACCCGGCAG,2929
ATTAACCAACCTCAAT,2928
CTTCACATGGAAAACT,2928
TTAGGACCGTGTAAAA,2926
TTATCAATAACCCTAT,2925
CCACACGGGCATCGTG,2924
AAAAACAAATACGGTG,2923
ATCTACACCGGAATCA,2922
TATGAAGATGCCTAAG,2922
CATCATTGCCCAGTCC,2919
TTGTGCATTCTCTGTT,2919
GAACAGATGCCAAGTA,2918
AATAGACTTCATACAG,2917
TACCTAAAAAATAAAG,2917
CCCCGGAAAAACAAAA,2915
AACTCAATACTCTCGC,2914
CGACTGTTGTCGCAAC,2914
GTGAAATTAAAACACT,2912
GTGTTACCTGGAGGCG,2912
GGTGATATGTGAACCG,2911
TAGATATGTCCTCTTC,2911
TATGCGAAGGTAAATG,2908
TTGCAGCGCCTTGGCT,2907
CATTACCGTTTTGATA,2906
ACTTCATGGGTAATCA,2905
CGACCGCCAAACATGA,2905
CGCATCAACATGACCG,2905
CAACGTTCACAACCTT,2903
AACTATGCTCTTGTAA,2902
AGTCAGCATACCGAAA,2902
CGTTGACGTTTAATAG,2902
CTGGATTTCCCCTCGT,2902
ACCTTACACCTAGAAC,2901
ATAATCTACCGTAAGA,2901
CCATTACAGTACTCGA,2900
TCTTACTATATGTATA,2900
AGAAAACATAATAATT,2899
ACTCCGACAGTGATTT,2898
TCGAACGCTTAAAAAC,2898
ACGGATCCGCTGCAAC,2897
CCCATGGAAACTCCTG,2897
TAAACCGACCAAACGC,2896
AGCCAGACTCTTGTAT,2895
ATAAACTGACCAGGGA,2891
GGCACGCGTGAAAATG,2891
CGTCCTAGCAATACAG,2889
GTTCATTCTACAGGAG,2889
TTAGCATAATGTAGAA,2889
TAATGTTGTCTCTTTC,2888
ACGGAGATTCGCGCAA,2887
TACACGGGATCGACAT,2887
GAACATCTCATCCTTC,2886
AAAGCATCTGTGTCAA,2884
AACTGTAAAATATTCT,2884
ATTAAGCGACGCACTT,2884
TGGTGACCCGTATAGA,2884
AAACAACGTTTACTAA,2883
AGAATTCCAGCTAGAA,2883
AGTACATTTAAGGAAA,2883
AGTCTAATTAAGTAAC,2883
TGCAGTGTTTAAATCA,2882
CGCCACTGTGTTGTAA,2878
TCCTACAATCTGAACT,2878
ATCACTCGTTGAAATA,2877
TAAACTACTGCCATAA,2875
TAGACAAAGAAGTCCA,2875
TGGGATAAAAGTTGGT,2873
TACTACATTCAGTCAA,2872
TTCGTTAGAATTCTAC,2871
GACATCGAGGCTACGC,2870
TCACAGAAACAATACG,2869
ACTACTACCAACGGAA,2866
CCGAGAATTGTATGTG,2866
ATTTCCAATAAGCATT,2865
GACACTTCAACACGTC,2865
TGACCAGTTAATACTC,2864
AATCTTAGAAGAAGGC,2862
CACCAGAAACTACCTT,2862
GTGGCGTGGAATACCA,2862
AATCCAGAGATAGGTA,2861
ACCCTGAATATAGAAA,2859
AATTAATACATTTCAG,2858
AAACTACTCTACTAGA,2857
AAAGCATCCTTAATGT,2857
CCCACAATAACGTACT,2857
AGTATGATCTACAGAT,2855
TCGCCACTGGTATTTT,2855
CATTGACAATCCTCTA,2854
GCCCGTTGGCAATCTC,2852
TATCGGATGAGAGGTA,2852
AGAAAACCTCCCTTAA,2847
AGCGCGGCAAGCAGAA,2847
CTGAAGTCTAGGGCTC,2847
ATTTGCTATATGAAAA,2844
TTCCTTAACCGCATTA,2844
AAATGGTACTATACCC,2841
TTAGATCCAGATACAA,2841
AATTAACAATTAACTC,2838
CATAGCACTAAGTCCA,2837
ACACATACACATATAA,2834
ACACACATTATCGCCA,2833
CCATTACTGTACCCGT,2833
TATACGTCAAAGTACG,2832
AGCAACGAGTTTGAAT,2831
TAAGAAGACTCCAATC,2830
CAGACGGCTAGTCATA,2829
AACGTAGATCCCCGTA,2828
AAGAAGCTAACTGAGT,2828
AAAACTCAAAAGATGT,2827
CAGACGAATAGTTTCT,2827
CAATTTAACGCAATGA,2826
ATACACGGCATAAACA,2824
TCAACCTCACACGGCC,2823
CAATACTATGCAGTTC,2822
CTTAAACGAACGGATC,2822
TGGGTTCACGCAGTTT,2820
TCATCCTAAATTGTGA,2818
AGTTCTGGATTCCTTT,2817
TGTTGCCTGGGAACGC,2817
TACATAACAAGGGAAC,2816
GCACGATCTTGTTACG,2815
AGCACTTAAAAATTAA,2812
CACCAATACAATAATG,2811
GGCCAGAAGAGATATC,2811
TACGTAATCTCAAATT,2808
AATATGCCGGTTAACC,2807
TAACTTAACAACCTGC,2807
ATTATCATTCAAACCC,2806
GAGACCACGATAAAAC,2804
AAGAAAGATACCATTG,2803
GATATTTAATGACTAA,2803
GTAAATTTAACTTAAT,2803
TCGTAAAGTCAAATAC,2803
ATAATTATTCTCAAAG,2802
AAATGAAAACGCTAAA,2798
GATAGCAAAGAATAAA,2798
AAGTACCCATTTTCCC,2797
CGAGACTGACCGTACA,2795
AACGAGTAGCGACGAA,2793
GGCAGCACACCCAATA,2793
ACCAATATTACATAAG,2792
AGACTCCCAACAGAGG,2792
CGCTAGCAGCCCAACC,2792
CTCACAAGCTAGTCAT,2792
GTGGAAGCAAAGCATA,2792
TATAACTGGAAGGCGA,2792
GCTCCTCCGTTGGAGC,2791
ACGCAAAACATATCTC,2789
CGAAAGATGTCTGCAC,2789
CCGCTAAACATTGAGC,2788
GAACCCAAAGAAATGG,2788
ACTTTCACTCAATCTG,2787
AGCACCTACAAAAAAA,2786
ATTAGCGCCCGTGATA,2786
TAAATAGCTGATTACA,2786
GATCTACACACACCCA,2785
TGAGTAACCTGTTGAA,2785
TTAGAAATTTTTGCGC,2784
ACAGCGCGACTCTCCT,2783
TCAATAACTCAGTGCA,2782
TGCATTTTTATCCCAT,2782
TTGGATAGTGCATATA,2780
CAAGCCCAAGCTCGTA,2779
TTCCCCATGACTACCT,2779
GTCAGTAATCTAATGT,2778
AGAGAAGACAGGAAAA,2777
GACTAGTTCGTGGTAG,2777
ACCTTGATGTCCGAAA,2776
CGATACAAGACTACCC,2774
AATCCTTGAGCAATCA,2771
AGTACGAATACATAAT,2770
TGAAATACTTACTTCC,2770
ACGGTAAGTTCTAAAT,2768
CTTCAAGCCTCAATGA,2768
GGTAAAAAACGTGAAT,2766
CCGAACCTAAGTTAAT,2764
TAATATGCCCTCAAAC,2764
TGTACACTAAACACGG,2764
CGTGATTATATTATAA,2763
TGCGCTAAGAAGTAAC,2763
ATAAATTAAAACATGG,2762
CACACACCCGTAAATG,2761
CATGAATTGGGTAAAA,2761
GAGTGTGCACACTATG,2761
ATTCTAATAGTCATTG,2756
GATAAAAACATAGTTA,2754
TTGAGATTGGTAGGAG,2754
CAAGGATCCCATTATA,2753
GGTCTTACAACAGCGC,2751
ACAATGAAGTCCTCTA,2747
TTGAAATGCTAAATTT,2747
ACTAACCAAACTAAAA,2746
GTTCCCATGATATAAA,2746
CATCTGCGCTGGTGAA,2745
CGAATACAATAAATTC,2745
ACGATTAAAATAAATC,2743
CATATGCTGCAAATGA,2743
AATAGCAGTAACTCAA,2742
CTCATTACGGTGCAAT,2742
AACACTACATTCCAGG,2741
CTTAAATTGATAGATA,2741
AACCAGAGATACATTG,2740
CAAGAGCACCTGTCGA,2740
CACAATCCAGCTACAC,2740
TCCCGATGTAACAGCC,2739
CAAAACGGCAACAAAA,2738
TCCATTGTCGTCCTAA,2738
AAACTATTCTTCTTCG,2737
TGAGCGTGAACCATAA,2737
CCAACTATTTCAGGGT,2735
CCCCGCCATACCAAGG,2735
ACTGGTCAAGTGAGGA,2734
ATCAGCCCGCAACAAG,2734
CACCCTTCCACCGACT,2733
GACTCCTGGTCTCAAC,2733
GTATCACAAGGAACGC,2733
GTATTGTTAATACCCT,2733
ATTGTGTATAAAAACT,2732
GTCCAAGATTAACCTT,2732
TTTAGTTGCTGGAATA,2732
AAGAGTTTTACTCTGT,2731
AGGATTCGAGTCCCCT,2730
TATTCTCTAATGCGTG,2730
AACACTACTAAGTCAA,2729
ACTCCCTGTACCTTGT,2728
AAGCGTTTCCGTACTG,2727
GCCTGAGCGAAGTTGA,2727
TACTCTCTTTAAAGTA,2727
AGGAATGCCCGTTAAG,2726
GGCATGGTCCCACATT,2725
CATAGTACTGAGTTCT,2724
GAGCTAATGGGCCCGT,2724
GTATAATAGCAACATA,2724
AATTCATAAAATCCTC,2722
AACTTGAGCTTACCCC,2719
CACTTACCGTTGGCCG,2719
TTATCTATGAATACAC,2719
ATCATGGCGCAATTGA,2718
TGTGCCGCCATTTGCG,2718
TTTGCCCAGCAGATCC,2718
CCCTTATTTAATTGCC,2716
CTACAACCTTCATAAC,2716
ATACAGACTGTGCAGT,2714
CAAAGCCACTATCGTG,2714
CACGGATCATGACCGG,2714
CTAGCACCAGGCTTAT,2714
ACACAAAAAGTTCCGG,2712
AGGTCCTACGAAAAAT,2710
TCTTTTGACCGTTGAC,2710
AAGCAAACCACCTAGA,2709
ATTGAGATATGAAAAG,2706
AGTCATCAAGTCAGAC,2705
TACAAATAACTATCGA,2705
CAACGAGATAATTTCT,2703
GAAGAGTTCTATACTA,2703
GATTGACACGATGACC,2703
GCGATGATCCCCGGAT,2703
TTAATAACTTTCAAAA,2703
AAAGTACGGTGCCAAT,2701
AGCCCTGTACCAAACC,2698
ATAACCTTGTCGAAAA,2698
GACGCTTCGATGCCCA,2698
GTAGTTATTACTTATT,2698
ACAATAAAAGTCATAT,2697
CACCCGTCAGGCTTTG,2697
AGGACAGGCGGGGCTT,2696
TCGTCCAGTGTGAATA,2696
TCATATAACGAATGGT,2695
ATACAATACTCATCTG,2694
ATGTTTAGCAGTAGAT,2692
ATTCAGATATCATCCC,2692
TGACCGCATATGTGAC,2692
TATACAAATGCCCGAG,2691
GAACACAAAGTAGAAT,2690
CAGTGGCACTCAAGTA,2688
CTTATCATATCCAATT,2688
AAAGTCTCGGGGTAGA,2686
TTCTCGACCGCTTTGA,2686
AATTACGACAGAATGT,2683
CGTAAAACCAACCTTT,2682
AATAAAATACCCCTTA,2680
AAACCGAAGGACGCAG,2679
AAAGAGAAGACGACAC,2677
ACTTACCCTATGACAC,2677
GAAGAACGTCGTAGAG,2676
GGCAGTCAACATATAT,2675
GCAATATAACACGACA,2674
TATGAAAGACCGAGAT,2674
AGATTAAAATCAAACA,2673
GTCACTCTATAAATCA,2673
TAATTAAACTTAAGCG,2673
AGGTCTTTGGCAACTA,2671
TCATGATCAAGTACAT,2667
ATCCAGATCTTGTTTC,2664
GAATACTGTAAGCAAA,2664
TCTCGGGGTGACTATC,2664
CAAATTCGCTAGGTTG,2663
GTAGGAAACTATTAGA,2663
TCCGGAGTTTAGGGTG,2662
TGGCAAAACGTCATAA,2662
ACACCAAGATCATATG,2659
AGCCATATTAAAACAA,2658
CACGGTCTCCGAACTT,2657
CGTCATTGAAATAACG,2657
TAAAGTGATTAGATGA,2653
CAAATAATGGAAAGAC,2651
AGCTTATAACGATAAT,2650
TACCGCACAGTCGTGA,2650
AAACATTCATTTCCTA,2649
ATCGGTAATGAAGAAA,2649
TAAATAAAACGCACAG,2649
AAATAATAATCGAGTA,2648
AGCGCACACCGGTCGC,2648
GAAATTTCCCGGTACT,2648
ACTGAACCCAGTCTTC,2647
TAACAATCAGGCATAT,2647
AATATCAATACACTAT,2646
GCGAAACCAAGCGCAA,2646
CGACACTTCTGAGGAT,2643
CGGACAAACTAGAACA,2643
TTAATTGCAATCTCAC,2642
TTTAAATGGTAGGCCA,2641
CCTATAAATTTGCCTG,2638
CCGCCTGCGTGTATAC,2637
TACTGTAATTCATGAT,2637
CGTAAAAAACTCATTA,2635
ACCTACACACTGCGCA,2634
CGTTTTGTGGATAATG,2632
TCCTCTTTCTCCTTTA,2631
TACAATTATACAAATG,2630
TATTTGTATTCTACGG,2630
ATACATAAGCTAGGAT,2628
ATGCTTTAACCCTTGC,2626
GCCCCCCGACGCAAAA,2626
GGTTTACGCTGCAGCA,2626
TGTAGTTGGTATTGTA,2626
CAAAACTAAGAACCGC,2625
CAATGCCAAAAAACGC,2625
ACAATTGTAATGAAAA,2621
AGATACCAGATGTATT,2621
TTCAAACCATCATTTG,2620
TGAATAATAAATCCAA,2619
TCCAGTGACCCACCAT,2617
TGGTGAATTCGATTAA,2617
ACGATAAAATATAGCA,2616
CATGTTATACGATGTA,2616
TTAACTAGTATGTAAA,2616
GCGCAAAACGGACCCA,2615
TAAGACCCAATCCCGC,2614
TAATACCCATGCCCAT,2614
AAACTCGACAAACTAT,2613
GTCCCATACCATCTAA,2613
AGGATAGGGTAGAAAA,2612
TGGATCTAGGTATTAA,2612
CGTATTTATTCATGAC,2608
GAATAATAGCGTCCTA,2608
GCAGATACAACTAGAG,2608
TATTCGAATATACAAT,2608
GAGGTAGTATTAAACG,2607
TAGCAAAATGTTGAAC,2606
AACACAATACAGAACG,2605
GCAATTACCTTAGCCT,2605
CAGCCGAAGCCGGAAC,2604
TGAACGTAATTCAAGA,2604
AATTGCACCGTTATGA,2603
TCCAAGGCAGGCATAG,2603
GATAATGTACATGAGA,2602
TTCCTCAAAAAGCACT,2602
AGTAGAAACCCTCTTA,2601
ACCTTTAGACCACCCA,2600
GGATGTCTGAAAACAC,2600
GGGTATGATCACACAT,2600
AGACACTGATGTGGTT,2599
AGCCGGTCCAACATTA,2599
TCATACTGAACACTTG,2599
TCTACATGCCTCACTT,2599
TAAATTATGGTACTCA,2598
CTCAAACGCTTGGTAC,2596
CATATCATGGACGAAT,2595
ACCGAGAGTAAAGTCA,2594
CTAAACAACTAAATCA,2594
TATCCCCGAATTCTAA,2592
ACGGAATTATTACGCG,2591
GAAGCTTATTCTACTG,2589
AAGCTGCAGGAAACAA,2587
ATTGCCTAGATCCTAT,2587
TAGTAAGGGACAAGAC,2587
TGAGAGGACACCGTAA,2586
GCTTGGTCTTAACCTG,2583
TGTATATGCGACCAGC,2581
CAGGTCATAGGGTTAT,2580
CTATCAAACAGTACCT,2578
GGGACATGCGGTAATC,2578
TAAGATTTTGCTACCA,2578
GTGGCACATTTAGCGT,2577
CTGGCAGTACATCGGC,2576
TAATCTACCATAAAAA,2576
GGGATAGAATGCAGAG,2575
GGCAGTCTGTAATGCG,2574
GAGTATACTAGGACCA,2573
AAAAGTACTCCCCTGA,2572
GATCCAGTAAATTGAT,2572
GTCCTGCGTATTCCCT,2572
ATTTGGATCAAAAACC,2571
GCCCATCCAGTACCTT,2570
ACCTCCATTGTGCCCA,2569
CAATTTGTTTCCCAGA,2567
CTGAGACACCCGATCA,2567
TAGCGATACAAAAATG,2567
CAATCACTGGGTCCTA,2566
TTAAAATGAATTTTAA,2566
AATAGGATAGTACTCC,2564
CCATAATCAAAACAAT,2564
AATTCCAAAACAAACC,2563
ATAACAACCACACACA,2562
GATTAGTAACCCCGAC,2562
TAACCCCTTGACAATT,2562
ACTAATGCAAGTATAA,2560
ATTAAACATCAATAAG,2559
TATCTGATTCCCACGG,2559
TACAAACCCATGATAA,2558
TCCCTAAACTCGTGGC,2556
TCGTCTATGGGTAATG,2556
GCAGCCGCGAAGTTCT,2555
TCGATGAGACTGATTG,2555
AATGGGGTGAGACGAA,2554
GCCAAAGTACACACTG,2554
TAGAATATTTGATCAG,2554
CATCTTACCCGCCTGT,2549
GCTTATGAGGTGACAT,2549
GGCCCATAGTCTTCGC,2549
AAATCTACATATTACT,2548
TCGAAAGCTCCTTGAC,2547
TTACGATGCAATAGCG,2547
ACCAAGGTACCTAAAA,2546
CCCTTCGAAACTTTCC,2546
GTGGCTATACGATGAC,2545
AATTGCCACATTAAAA,2543
AGACACGAACCTAAAT,2543
TGGGAAGAGAGCTGTA,2543
GAATTGAGCTAATCTT,2542
ATTAGGCCTGCCCTTC,2539
CGGTAAGGAGTCAATA,2538
TCTTACTGTTTCCACT,2537
TATATTTGCAACCCGC,2535
AGGAGAGCTACGACGC,2533
TACCGCCCTAAAACCG,2533
AACTTTATGGTCGTCC,2532
AGCTAAACATAATCTA,2531
CAACTGAAGAGGTACG,2531
GTACGCAGACACAAAA,2531
TATCCATCAGATCCCT,2531
TTAAAAGAGAGCCTTC,2531
AGAGCCAAATCTGCCT,2528
CGATAAATTTTTCAGA,2528
CACCACACCCCAGTTC,2527
CAGTATTAAGATTAAC,2525
CGACGCACCGACATCT,2525
GAATGGTGAATAAAGA,2525
CAGTACGAATGAACAC,2520
GATTTCTTCGCTGTTT,2520
AAATCTAAAGGCCAGT,2519
ATCTACCAGGTATACC,2519
CGGAATTGGGCTGAAC,2519
GAAAGTTATCTTTCGT,2519
ACGCGCCCCTCTAATC,2518
ATTCATTTACCCATTA,2518
GTCGAATAACTGACGC,2518
ACCAACGGCCAACTAC,2517
GCGCTGAATGGCGTTC,2516
AAGAAGGGTCGCACAT,2515
TTTAAATCCCCAAAAT,2514
AATTAGCACTCTAAAA,2513
CACAGACGCTTCAAGC,2513
CCAAGCACGCTAGCTC,2512
ACGTCTTAAAGCCATG,2510
AGAACTATATCATAGA,2510
CACGTAAACTTGGGTT,2509
TACAGCAGCACATACC,2509
GATAGACGTGTTCCTC,2507
AGATTAAAGCCAACAC,2506
CATATCGCTGAAAAAA,2506
GTTGTCCTCCTAAGTG,2506
TACACAAAGAGATATT,2506
TATTTCAAGACAGAAT,2506
ACTGACAGAACGTTCA,2505
ATCAGTTTTTGAATAT,2505
ACTCTTGTATTTTAGT,2504
CTAACTTAGTAACATC,2504
CTTGACTTTCAGCTAT,2502
AGCTAGTATCTCTCCC,2500
CCTACCGATGTAAAAT,2500
ATGTCGTATAACGATG,2499
GAACTTACACGTGAAC,2499
GGAGGCCGCAAGTTAA,2499
GGTCCTAACACAAGTA,2498
AGCTGGCCAGAAACTA,2497
AACATCGGAATCGTAA,2496
CATATAGGCTCCTCAA,2494
AAAGATAGGAGTAAAA,2492
GGAGAAGCGGCTTATC,2492
ATTAAATAGGACTATG,2491
AAATGGCCCGAAGCTC,2490
CGTTTGGTCTTCTGTC,2489
GTGAACTCACTACCAA,2489
AGCCAACTTTAGGTGC,2488
AGGATATAAAAACTAC,2488
GCACTCAAGAGTTGAT,2488
AAGTCCTCTTCCTACC,2487
AAAAAACGTCATAAAT,2486
ATGCACGACGTGTCTT,2486
GTATTTGTACCAAGAA,2486
GTTGCCTTCACTGGTT,2486
ATGACCTTACCGCAAG,2485
CGTCACCCCGGGAAAT,2485
TCTATGATTTTGCACA,2485
TCTTTAGAGCTACATC,2485
TCACAGACGCGTGACA,2483
GTTCTTAATGACTAAT,2481
ATAATGAATAAGAAAC,2480
CTCGAAAGAAAAATCC,2480
AAGGGAGTAGGAAATA,2479
ATTCTATCGCATTTAG,2479
GGTAACTCGGTGAGCA,2478
GTCATCCCATCGGAGA,2478
ACACTGAGTGGTCATC,2476
CACTAAAACCTAATTG,2476
TAAAAACTTCTTTAGT,2476
ACTGTCGGTTGCCATT,2474
ACTTCGTAGTGGGCGT,2474
AGGGTTTTGTAATCGT,2474
AAGCCCCTACATCGAT,2472
CCACCCCACTGACAAA,2471
TTGTCGAAGACAAATT,2470
GAAAAACTATTATTAA,2469
ATATATTTGTTCTATG,2465
ACCCAATAAAGGCGAA,2464
ACTCTGCATCGGGCCC,2464
ACCGGCGAATCTAATC,2463
ATTTGTGACGAGACCC,2463
TTCCACATATATTTGA,2463
GTAAGGAACCAATACT,2462
TAACCAAGCCCCAATT,2462
TACTTCATAAGATACT,2462
AATATAGGTATTCATA,2455
TTAAATGCCCTTTCTT,2455
TTGGGCCACCGTTGTG,2455
CAAGACCTATGTGATA,2454
TAGAAGATTTTTAACG,2453
TAGGGATCACCACCCG,2453
CATTATTCGGACCTAA,2452
CTTTATGAATAGACCA,2452
GTTGTTACAATAAAAA,2452
TCAACTCATCATTTGG,2452
CGATTGCCATATCCTT,2451
TCCTAATATCTAACTT,2450
TTTTAATGTTATCAGT,2450
AAGACCAACAATTATC,2449
ACGCAGGGGATGACAA,2449
CAATGGCAACCACAAT,2449
TACAGCTCCTGCACAC,2447
AACACCCCAACTTAAT,2446
ATACACCTGCTCTACG,2446
CCATAAAACCCCTCTA,2446
AATAGGCCTGCCTAAT,2445
TAAAAGTGTTTGAAAA,2444
TCTTACGTCTTGAAAC,2443
CGAGATACCGTCCGCT,2442
ACAACATAAGATGATA,2440
AATATGGTCTGCGAAA,2439
GTGACGACTACAAATG,2439
ACAACACTGAAGTACT,2438
ATACTAACCTGACAAA,2438
CGTGGAAAATTGTCCG,2438
TTACAGAATGGCCTTT,2438
ACAGACGATAGAACAA,2436
ACATTAAAAAAAAGAT,2436
AGTTAAAGAAGGCAAT,2436
CGATGGATCTTTCAGT,2436
TAGACGTTAAAAAGAG,2436
TAGTCGACTCATTTGG,2436
CAAGAAAACAAAAAAC,2434
CTAATTGGTTGCTACA,2433
GTCAAGAGAATTAGAT,2433
AAATGACTACACAGCA,2431
AGTCATTGAAGTATCT,2429
ATAAACTCGGAGCATA,2429
AGCTTGACGTCGATTT,2428
CTGTAGCCCCATATAG,2428
CATCTACCACAATTGC,2426
GTCATGATACAAGGCC,2424
AGACACAAGACACAAT,2423
GAACTACTACCCAATA,2422
TAGACTTTATAAATCT,2422
AAGCACATGATTATAA,2420
AAGCCTCGATATCGAC,2420
ACCTCACTTCTGAACC,2420
CGCGACAGACCATCTA,2420
AGGTAACAACTTATGG,2419
CATTACCTAGAAACAC,2418
TGATAGCATGAGTGAA,2418
ATTACTTAAAAATAGG,2417
TTCCCACCACTACTGA,2416
AGAAGGGAGGAAAACG,2415
AGAAGTCTTGGTTGAC,2415
CTTTCGTGGCACATTG,2414
CAGAATCGCTAAGCTG,2412
ATAGGCCGACCAACCC,2410
CCCAATGAGTATTCAA,2410
GTAAAAAAACCAGAAT,2409
TATTGACTGGAACCGC,2409
AAACTACGTCTCTTCG,2408
TTCGATAAAATGATAT,2408
CGCAGTTAGAGACAAA,2407
GCATGTAACTACAAGT,2407
GTGATGCATACGGCGT,2407
TTGTATGACCCTAAGT,2407
AAGCTGGTTACCAACA,2406
CAGAGCGGTAATCCCT,2406
ACATAATACTAAGTTT,2404
AAGAGTGCGGTACGTC,2403
CTCCAGACTAAAAGAA,2402
AAATAATCAGCCTTTT,2400
TCGCCAATAATATAAC,2400
TAAAAGTGTTAAATTG,2398
AAATCTATACAAAAAT,2397
ACTAACAAAAGTAGAA,2397
TAAGGCGGAAATATTT,2397
AAGGCCATTGAGTTAA,2396
CCCGCGGAACTGTAAA,2396
CCTAAAATTCTTGAAT,2396
ACACAACACCTAAATA,2395
ATAGGCGATTCAGTTA,2395
ATCCAGATGCGCTTAA,2395
AACCGATTTAATAAAG,2394
ACCATACACCCCTTGA,2394
CTTGACAGAGATACGT,2393
CAATATCTGTGATGTA,2391
CGTATAAAGTATAAAA,2391
CAAGATTATGCGGACG,2390
ACAATAGAGCAGTGAC,2388
ATCCAAATTACCACAA,2387
CCACGCGTTTAGTCTT,2387
AAAAGTTTCTTATAAT,2386
GAAGATAAAGCAGAAC,2386
AACTGCCTATTTGAGC,2384
ACAGTCCCTTAAGCCT,2384
CACCTCCAAAATGGCA,2384
CGTGAAATGTCCAAAG,2384
TGTTGTATACTAAGCA,2382
AGATCGGAGCCTATGA,2381
CGGAAAAAAAAACTCG,2381
AAGGGTGATTGCTATT,2380
CCTTTCTTGCGATGTA,2380
ACTATTTGGAAGCTAC,2379
TTTGTGTATTCGTCCG,2379
ATTCCTAAAATACCGC,2378
ACACGAACATCACGAC,2377
AACCCTGTTGCAGCAG,2375
AATGTTTAGCATTAGT,2374
ACTTCAAAGTCTTTGA,2374
AAAAACAGGCATCTCC,2373
TGTTAAACCGTCGAAT,2373
ACACAAAAATCTTGCA,2371
CGACTCTACTTTTCAT,2371
GCCTCCTTAATTATAA,2371
GAAATATTGCTTAGTC,2370
ACAAAACCACATAAAT,2368
AACGAAACGTTCAAAA,2367
AGAATCACAAACGGCC,2367
CCCGTAATACTAAGCC,2366
TATCAGCAAAACTATA,2365
ATAGCGTTAAAATTTA,2364
TCACACCTACAATTTT,2364
TTTCTAATCGTCACAA,2363
CATTGCGCCCTACCGG,2362
CGACAAAGGAATACAT,2362
AAAAAGTTAGTAAAGA,2361
GGACCATCTTTGAATA,2360
ATACATTAGATTTGCC,2359
ACGGGGATCGTAAATA,2358
TACCTTAAACTCTCAA,2358
ACACAATATAGCAAAA,2356
ATTGCCTCAGGTCAGT,2356
CGAAGAAACGGCCGGT,2356
AAGACTTTCCAATTGT,2355
ACTGACATCGATAATT,2355
GGAGAGTATTCAGGGC,2355
CGATTGGATCCTATCC,2354
GGGCATAGACGACACC,2354
GGTTAAATGCACCTAT,2354
GTTTTATGCCCTGACA,2354
ACAAATGGGACACACC,2353
AGTTTCAGTTGTGTCT,2353
CATCGTCGTTGAAAGA,2353
CAAAACTGCCATCTCG,2352
CTTTTGAATAATTTTA,2352
GTAAAAGAGGTAGTCT,2352
GTGCCCCCCAGTAATG,2351
CGACAAGACACAGAAC,2350
AAGTAGACTCACGCCA,2348
TATTCTATCTCTCATA,2347
TTACGAATTACATGGC,2345
CTATAGACCAGATCCA,2344
ACTTAGTGGTTTAGAA,2343
CCGAATAGCGTTACCG,2342
AAAAATAACGCTGCAA,2341
AATCGCATGGAACCCG,2341
CACGATTCGTAGGAAT,2341
CTAGATACTACTCATG,2341
CTCAGCACTAATAGTC,2341
CGCCCGTTCTATATGT,2340
TACTAAGCGGTACACC,2340
ACCTTGTATTGACCTC,2339
TCTCAATAACAATCTA,2338
ACATTAAATTCAGCGC,2337
CCGACACACCCCCGAA,2337
CGACCCCCTCAGGGTG,2337
ACCCCGAACACCGCGA,2336
ACTTGTTACAATTAGT,2336
AAAAACAGGACCATAG,2335
CATGCGGGAACGCAGA,2333
AAAGGCAAACATTAAC,2331
AAGAAATCCTGCAAAA,2330
CGTCGGTTATCGTATG,2330
TTATCGCTACACTGAA,2329
AACATTTCAATTTACG,2328
GGGTCAATATACACAA,2328
AGCCCAAACCATGAAA,2327
GGAGGACTACCTCCGA,2327
TGCATCTACGAGAACA,2326
CAAACAGGCTTTTCCT,2325
GATTGTCATCAAAGAA,2325
CTCTGCCCCAATACCA,2324
CCCAATTATGTAACAG,2323
CCGATATGGCGCTGTT,2323
GTACACATCAAACCGC,2322
TTAGTTTGTCACTACG,2322
AGACCACGCTCACGGA,2321
ACACTTAGTAAGAGTT,2320
ATCGCCCATCTGAAAC,2320
ACTGAAAAGCACCCTT,2319
GGTAGTATTGAATTAT,2319
CTACTACTGAGGAATA,2318
AATCATCTTGAAGCAC,2317
CAGTCAAACGGTCTAG,2317
TACATTTAAGTAAGAG,2315
CCATAGCCAGTACACT,2314
TCCCCTGCGCGGACAA,2311
CCAGAGGTCACCAAAC,2310
GACGTATCAGCGACAA,2310
AGGAAAAACCGAGACG,2308
TGAAGCTAGTTCAAAG,2308
GCGTAAACTGGGTAAA,2307
GTTGATCGTTACAGAT,2307
TAGTTGACAGTTGACC,2307
TAACCGTACACCACAT,2306
TGAACACGGAAGAATA,2306
ATAACAGCCTCAACGT,2305
GTGCGATGTGACGTGC,2305
TCGGGACAGTGAAACC,2305
AAAGGATCCACTGGCT,2304
CCCAGAGGCCGATAAA,2304
TAGGTTCACACAATAT,2304
AAACAATAAATTAGTA,2303
AGTAATCACCGAAATA,2303
ATCACTCATATCGGAG,2303
GAGAAATGCCGTTTAA,2302
TATCTATTTCTGTGCA,2301
ATGAGCAGCGACCGGA,2300
CTAACCGATGATAAAG,2300
ACATTAACCTCTTGTC,2299
CAGCAAAAAGGGTTTT,2298
CGTGTTTTGTTAAAAA,2298
GATATAACCTCCAAAA,2298
GCTGGTAACGTATAGA,2298
AGTAACGAGACTGACC,2296
GATATCATAGACTCAG,2296
GGAGGAGACTAGACAC,2296
GCAGGAATGAGAGCTT,2295
AAAGTGCGGGACCGAT,2294
TGCCTGACTAAAATGT,2294
AAGCATTAACTTTAAT,2292
AGGCGACTCTATAAAT,2292
GGAAAATTCATGAGGT,2292
GTAAATCATCTTACAG,2292
TTAAGCTCACGATCCG,2292
ACAGAAAATACATACC,2291
CACCTTATAGAATCCT,2291
GACATAATACTGTGGA,2291
AACTGCGTAATACAAG,2290
ACGAAACCGAACGCGA,2290
GCATCATAAGGTCCCT,2290
CTGAACAGTACAACCT,2289
TGAACTAGTCAAATTG,2289
AGTACAGAGATTCCGG,2288
TCAACAATCCAAGACC,2287
TTTAGCCTCCGACTCA,2287
AAGAATAATCGCATAC,2286
GACCTAAGCCGCCTTG,2286
GGTCGTACAAGCACTG,2286
ACTACTGTATGGTAGA,2285
GCTCTTGAAATCCTGA,2285
GTTGTTTAAAGAGCAT,2285
ACAGCCTACAATTACG,2283
TCTCCCATCCGATATA,2283
AAATATACAAAACATA,2282
ATCCGGCGTGTTCTCC,2282
TCATGCGTTGAATCGT,2282
TGAGTATAAAAGAGTA,2280
ATTGTCTTCTCGACCG,2279
CAGAATAAAATTGACT,2279
TCATCATAGTATGACA,2279
CTACAACGATCTGATA,2277
GTCACATCCTAAAATC,2277
AGACAATTACACTTTA,2276
TAAACCCCGTCTCGAA,2274
ACCATAGAATGTACCA,2273
GATTTTACGATGTGTA,2272
TGCATAACTTGTCCTA,2271
TTCATGGATAAAATCA,2271
ACTTTCTATCGCTAGG,2269
CAAGCTCAATGCACAG,2268
CAGTCTTCCGTTACAG,2268
CATATACCCGCCAGAG,2268
CTAATTACTCGAGTTA,2268
ATCCATAATTATAACT,2267
GACGCGTATTAAAATA,2267
AGCCCATGTAAAGTGT,2266
ACCACCCCATTTGACC,2265
AGACAGGTAATAATAT,2265
AGTGACCGCACTGGCA,2265
CAATTCAAAACAAGTT,2265
GCAGCCAACGCAGCGA,2265
GTAGATTGCGAAACGG,2264
AAATCGCCTCTCAAAG,2263
CATGAGAGACCTGGAT,2263
TTCACCTAAACCACGA,2263
AACCAACGTCCTCGAC,2262
AAAAGCCAACTCGATA,2260
TTCGTGAACTAAAATG,2260
GACACTATTTGAAAAA,2259
CAGGGACGATTTGTAT,2258
GTCAGGGAACCTACCG,2258
TGTATATGCTTTATTT,2258
TTTAAGCACTACGACT,2257
TCTACCTATATCTGCT,2254
CTAGGCGGACATATAT,2253
TCTGAATACAAAAATT,2253
TGCCGAAATATAGGAC,2253
TTGACGGACAATCCAA,2253
ACACGCTGGTATGGCA,2252
ACTGCTTTGTGAGTAA,2252
ATGTTGACTACGCTTA,2252
TGACCTCTAAAGCGCA,2251
TTAAACGACATTAGAC,2251
TAGTTAAAGTTCTTAC,2250
CCTTAACCGTACAAAT,2249
CTTGTACGACGCATAT,2249
TCAAAAGATGCTACAA,2249
TTGAACTCCGTTATTC,2249
GTCGAGATACCCCGCG,2246
TACCATCATAAATGGA,2246
AGCCTACACCCTGCCC,2244
CTGCACTTTGCTCCGA,2244
GACCGCTCAAAATTTC,2244
TGTTAATAACGGTTCC,2244
TATGTGCAGACCTCTA,2243
GGTAATATATTAAAAT,2242
GTCATCGGCTCTGAAA,2242
TCTCGCAATCTACTCT,2242
ATAGAATCGGTAAACG,2241
GCTACGCTTGCCAGTA,2241
GGCGGCAATAACATTC,2241
GAGCAAGAACTCCCAT,2240
ATACCCATGCAACCCT,2239
TGATGGCATAATAAGA,2239
TTAAATTAGGCAGTAT,2237
AGTCACACGGACAGTC,2236
CACACTCAAGGAAACA,2236
CCAGGACTATCCTACA,2235
AAGAGAAATTATGGAG,2234
ATGGCAATCCCATAAT,2234
GCTTGTTATGAACGCG,2233
GAGAGGAGACCCAAGT,2232
AATTAAAGAAAAGTAC,2231
CACGTTTGTAACACAT,2230
GCCTCTGCAACATATT,2230
GTACAGACCCCACTCT,2230
AAATATACGGTCCCGG,2229
CTCCCATCGTACCGGA,2229
CTTAACCATTCACCGC,2227
ATAGCCCCTATTAACC,2226
CCCCTACCTAGAATCG,2226
GGGTACCTAAATCTTC,2226
GTCGTAAAACCAAAAC,2226
AAGGTAAAATAATCTA,2225
ACAAGAAAATTAATAT,2224
GATGATGTCCGGACGA,2224
GGATACGGCCTGTACC,2224
TTATTTGGACACCAAG,2224
TGATGAGGGCGATTAC,2223
TTAAATACACCTACCC,2223
AAATCGACATTAGGAA,2221
ACGAATCAGGCATTGA,2221
AGGCCAATTCCAGTCC,2221
AAAAAAGTTAGCTGTG,2220
AAAACTTAGGGCCACA,2219
ACCCCAAACTGTTCAG,2219
CACAAAACGCAAAAGC,2218
CCGAAGCAGTACCCAC,2218
TGTCAGACACAATTTG,2218
ACAAACTAACAGATGG,2217
ACACCCTTGTCTTCTC,2216
ACAGGTATATGGTAAG,2216
AACTCACAACAAATCA,2214
GAGTTACGTGCTACCT,2213
AAGTTCCAATCCAGTA,2212
ACCGGCTTCACCCGTG,2212
GTGCTGGCACGACCTT,2212
ATCCCAAAATAGTCTT,2211
CTAAGGACAAACACCA,2211
CTACAAACCATCACAG,2211
TTCAAACGTTGGCAAA,2211
ATAGGAACTTAGAACA,2210
CCCAAAATACTAGTAA,2209
GTAGACTTTCAAACTA,2209
TTCCACTCACAAGGAA,2209
TTCGAACGCATACTGT,2209
ATCGTCAATCCTACAG,2208
TGTGCATTCGAATATC,2208
TTATCCATTTAACTTG,2208
TTTTTCTCTGCCGTAG,2208
CCGGTGATCCAGTAAA,2207
AGCAAAAAGCGAACCT,2206
TAAAATAGCACGTAGG,2206
AAAATTTAGCAGTCGG,2203
ATGCTCATTAGATCCA,2203
CCTTCCAAATGGCCGT,2203
CGAAACACTGCAGTCT,2202
CTACAAAACTATAGAG,2202
GGTGACCCGTGTGATT,2202
AAGAAGCCTGCACAGC,2201
AAGTTCGGGTCTACAA,2201
ACGAACCTTGCCTTAA,2200
ATAATTTTGTCTGTAA,2200
AACTGAGCTCATTTGT,2199
AACGACAAACTGGCTA,2198
AATAAGTGTACTTTGA,2198
ACGATGCACGACCGAC,2198
CCGCGTAATATATACA,2198
CGTCATGAAACTAATG,2198
AAAAACGCATCACTAA,2197
GTAGATACATGAAATT,2197
ACTTCGACACTCGTAG,2196
CGTACATTATAATAGA,2196
TACAGGTGTCCAACAT,2196
ACGATAGCCTTTAAAT,2195
CACAGCCTAATGTACC,2194
CGGCGACAATAAGGCG,2194
CAGTTTGTATTGTCAG,2192
AAGAGATGTTTCTCAT,2191
TAAATATGTAAAAATA,2191
AACCAGGACAAGAATT,2189
ACCACATGCCTACCTA,2189
ACGGGAAGTTCCGGAC,2189
GTCTGAACGCTCAAAA,2188
AAGAACATAGTAGATG,2187
ACCTCGATACCTGATT,2186
ATCCGTACAATTTCAT,2186
TGTACTCCAAGCGACA,2186
AGTGAACTACTCTACT,2185
ATACTCAATATACCTA,2185
ATTTCTCAGCACCCAT,2185
TAGCCGCTAGCAGTAA,2185
AGGTGTCCAATAACAA,2184
CCAAAACAATTCCGAT,2184
GAAGAACAACATACCA,2184
AACATAAATCAAGCAG,2183
AATACACGCAAAGAGC,2183
GGTGCCCTTTCTAACA,2182
TGTAAAAGCATCCGAA,2182
ACGATTCATTACCCGG,2181
ATACGACTATACTTAA,2181
ATCCGCATGCTTCTGA,2180
AACTAACTGGACAAGA,2179
GATCTTGTTCATCGAG,2179
TAAACGTTTAAAAAAA,2178
TGTGACACCCACACTC,2178
ACTAGCTCCGGGGGTG,2176
TGAAAGAAAACTACTA,2176
GAATAGACTTCAGCCA,2175
GCAGTTTACCCAGGCG,2175
GATTTTTATGCATAAA,2173
ATATTGCCCAATTTGC,2172
CCCAGGGACGTTCGCG,2172
GTAACGAAAAGAAAAC,2172
AGGCAGCAAATAATCA,2171
CGGAAGATAATGTCAA,2171
CTACAACTAAAAGCAC,2170
GAATTCTATGATATAC,2170
CCCGGTTTGAGCACAT,2169
GACGGGCTAAAATGCA,2169
TAACTAATTCGCAATA,2169
AATTCAGTACCCATAT,2167
TGAGAAATGAGCGACA,2167
CTGTCGCAGTTCAGTA,2166
GGTTCAAACACTAGCA,2165
CGAACCAGGAAGAAAA,2164
TGTCTGAATGTGACCA,2164
CTGCCCAGTGTAATCA,2163
AAGTTTAATTTGTTTG,2162
AATATATCCCCATCCC,2162
ATCAGTAGAGGAACAG,2162
TAAATCAGCTAGAACA,2162
AGCAACCCAGTTACAA,2161
TCCGAAGAACGATCTA,2160
TCTAACCACAATGTCT,2159
GAAACGCATATTCTAT,2158
GCTTTTTTATTGTTAA,2158
TAATCATTATAATTAA,2158
TAAAATTCGAAAAAAG,2157
AGAGAGTACAGCAATA,2156
GACAATAAAATCAGGA,2155
TAGACGAACAATACCG,2155
ATATGAAGCTTTAGAT,2154
GACAAGCTATCGGTGG,2154
AACCAGATATAATCGA,2153
AAGGCGAACTAACACG,2153
TACATCTTTACCGTCG,2152
GCGGAAGACTGATGAT,2151
AGGCAGTGGTTTTACC,2150
CGTATTACACACATGC,2150
CTAGGAAGGGAGTTAA,2150
GTAGCTCACCCAAGAA,2150
TTATACTCACGCTCGT,2150
AGATCAGCTCTAGGAG,2149
GCATATAGCGACATGC,2149
GCATGACTCAGTCCGA,2148
TATCTGTGTAAGCTCT,2148
TTGGGGCATCATACTC,2148
ACTATCTCGACGCCTT,2147
CAAAAAACACTCAGGG,2147
GATAGCTTCCATAGGA,2147
ATCTTAAAAATCTGTA,2146
TAACGTTCCAAGGATA,2146
TGTACTTAAAGCAATG,2146
TATGACTAGCTTAGTT,2145
AATATCGGGCTACGCC,2144
TATGACTAGTGGAGAT,2144
ATATATAAAGCACCCC,2143
GACTAACTTCATTGCC,2143
TATGGAACAGAAGTAA,2143
ACACCTGATTGAGATG,2142
AGCTAAAACGGGTCGT,2141
CTTCAAGTCCCACCCC,2141
AAGCGGACAAATAAAA,2140
TGTAAAGGTCTGATAT,2140
AAAAATTTATACCGAG,2139
CAAATCACTCTGAGAC,2139
CCTCATCTTACTCGGT,2138
CAACTCAAAAAAGTAT,2137
CGACTTGACGTGCGGG,2136
TAAAAGGTACAGATTC,2136
TGCCTATAGGCGAGCG,2136
ACACGGACTCGACGAA,2135
TTAACCATGTTACACG,2135
GTGTTCGATTGTCCTT,2134
TCACACCTACTCAATG,2134
TTATAGGTTATAGACA,2134
GGGAAGTACTTCCTTA,2133
ATGCAACCTTACCTCC,2132
AAGCTGCTGGACGATG,2131
AATCCGCGAATCACCC,2130
GCATTATTCACCAAAA,2130
AATAGAACATAATGAA,2129
ATAACCCATCAGGACG,2129
CTTACAACAAAATAAG,2129
AAGGTGAACTCAAAGG,2128
AGTCACTTACTCCGCG,2128
CAGGTATAATGATGCT,2128
CCATTGACTCAATCCC,2128
CTTATACAAGAACCTC,2128
TCTGTAGAAGCTTAAA,2128
AGCGAAACAAACTTTC,2127
GCAACAACGTACACTT,2127
GATTTTGATATCCAGT,2124
TCTTTCATTACTTCGT,2124
ACTAAACTAAGGGAAT,2123
AGAAATACAAACCCGA,2123
CCCCTACACATCTGTC,2123
GGAGCACCTGACAAAG,2123
CACTACCGCCCTTCAC,2121
TGATAACTATAAGTAG,2120
CTTCCACTACGCTACA,2119
TAACAAACACGGAGAA,2119
AGACTTGCTGGGTTCG,2118
CCTCTATTTATCGACT,2118
CGGACTAATTAGCATG,2118
GATCCCACTAGGTTAC,2118
TCCACTGATTAAATGG,2118
ACTACACATTCCTATT,2117
CGTAATTAAAACGCAT,2117
AAAGGTACCATGGAAT,2116
CGTTAATCTTCTAATG,2116
TCAAATTGCCACCGTA,2116
ATCCGTTGAATACAAC,2115
CCCGCAAGCTAAGGGC,2115
AAATCGTCTCCCAATG,2114
AGATCTCCCTCCCAGC,2114
AAGCCCTCCCGGGTAG,2113
TATGACATATAAGTAT,2113
AATAGCCACTTACCGC,2112
CCCTAGACACACGATA,2112
TGGTAGACTGCACAAT,2112
CAATCATTACCCAGTA,2111
GCGTTATCGCAGTTGA,2111
GTCATCTCTGTCCGTA,2111
GTTGATATACCTAACA,2111
TGACTCAGTGGCGATG,2110
AACCCCTAACTCTAAG,2109
CAGCCGAAACGAACCA,2109
GGTCGCAAGTATCTCC,2109
GAATGTTAACTCTCGG,2108
GTACAATCAACAGAAA,2108
TAAATCATTAGTTGTC,2108
GTTTCGAGGATTCCTC,2107
TAAACTGAAGGCTAAT,2107
AAGTCAAAAAGATGTG,2106
ATTTTTCTAAGATGCA,2106
CCTATCAACAGACCGT,2106
GTGCTTTATGATATTC,2106
TACAAACTTAAACCAA,2106
CAAAAAACACAAAAAG,2105
GTCTGTCAACCACAGG,2105
TCATTTGGTTAGATGC,2105
GAGTCCACAACTTGAA,2104
GCTTTCGATTTCATTT,2104
AAAACAGGTACTTTTT,2103
ACATTGCATAGGATAG,2103
ACTAAACGTACCTCGG,2103
CAAGTCGCAGCACAAA,2103
CACCTTAAACAAGATC,2103
GGAGGTCAAAATGACC,2103
AATATCCGCACCAGGC,2102
GCAGTAAATGAGTATG,2102
AAATCCTGGCCTGCGA,2101
ACGCTTAACCACTAAG,2101
ACTTGAATTTAGTTAA,2101
AGGTTACATTCCACAC,2101
TAAAAGAAATCTGATA,2101
CATCTTCTCAACATAA,2100
ATTTTCTAAACAACGA,2099
GTGGTCCAATCGTCCA,2099
TAATGCAAGTAACCCA,2099
AATGGCGAAATCCGTC,2098
AATGAAGCGTAATACC,2097
AAGAGGGCGCTAACGC,2096
CACACTCGGAGGCTAG,2096
CCCCCCAGTAATTTAT,2096
CGTCTCCAGGAACCGG,2096
TTGGTACATTTAAAAA,2096
AACCTGCATTAGAGCG,2095
GACGCAGACTTAGCAA,2095
AACTTGATAATCCCGA,2094
TAACGCCGGTACTTTA,2094
AAGTTGATAAGTGCTA,2093
CCCGTTCCACGACCTA,2093
ACAGAAGATGAACAAA,2092
AATAGTGAAGTAGTAT,2091
ATTAAACGAATGTCAT,2091
GCCGAAACATCGAACT,2091
CAAAAAAGTGTTAAGC,2090
TAACGCACTCACACAT,2090
AAAAAGTGGACATAAA,2089
AATCCTTGCAGCGGTG,2089
CATAAGGAAAATATCT,2089
TGAGGCAACACAAATT,2089
AACGCACAAGTATACC,2088
ACTAGGTGGGAACTTA,2088
CCGGACCCAGCTGCGA,2088
GAATAAATCAAAAAAC,2088
TAGGCACATGCCGATA,2088
AAAATCCGAGTGACAA,2087
CTGTCACTGACGCTGA,2087
AAACCTTAAATCCCGC,2085
AACCAGATGCTCTGTT,2085
GACTACTATTTTCAGA,2085
CGACCAAACTGAGGCC,2084
CTATAGATTTAGAATA,2084
TAAAGAGACTTAAAAT,2084
TAGTTGAGTTGCTTGC,2084
ATGTCTCTGGCTATAT,2083
CTGATCATTAAAACTA,2083
TATCTGGCCCAAATAA,2083
AATCATCTGTCCAGCA,2081
GAAAGAAATTCCTGGA,2081
GATAGGATAGAACCAT,2081
AACATCCCACTCATAA,2080
ATAACCCAAAATCGCG,2080
CCGACAATAGCCTAAG,2080
TAAGATACCAGCGACT,2080
CAGGAAGAGATTAACA,2079
AGTGATTCATCGTCAA,2078
ATAGATATCTACCCAG,2078
CCAGTGGATCAACAAA,2078
GACGGAAGTAAAAAGA,2078
GATCACACTAGAATAG,2078
TGAACATCACTAAGAG,2078
TGTGGGGGTTATCCTT,2078
ATATGGTCAACTAACC,2077
GAACCTCTAGTTAAAC,2077
GAAAAGACACAAGTGC,2075
AGATCCAGGCACTCCT,2074
AAACTACATTGTAGCC,2073
AGGTCAATAAGTATTT,2073
CGATATAAGTAATTAG,2073
TATGCAGGACAACCTT,2073
CACGTGAACTCTTAAA,2071
TACCCATAGAGATTAA,2071
AACTAGTGAGCTTTGC,2070
GATTTGCAAGTTAATT,2070
TTTACCAGCGCACAAA,2070
AAAAACTAAACCCCTG,2069
GGTCAGCAAGACCGGA,2069
TAGGATAGCCTCGCAA,2069
CCAAGAATTGACAGAG,2068
TAAAGTGCTAGAGGAA,2068
AAAGATGGCTAAACAC,2067
AAAGCAATAATAGACT,2067
AATTTGCATCCAAATT,2067
GATACGATCAAGTAAA,2067
TCTACTACCATAGCAA,2067
AGTAATGGCCATCAGG,2065
CTCAGCCTTATTCAAA,2065
TCTGAGCACTCCGTGC,2064
TGGATATCAGGGTGGC,2064
TTAATACTGTAAAAAT,2063
AAGCGTAACAAATTAT,2062
ACATGCCCTTCTAAAG,2062
GAATAAGTACCCTCAC,2062
TCACTTCTTTTTTGAA,2062
GTCGTTCGCTTTAGCG,2061
ACATCAATAAAATTAC,2060
ATAAACAAAGGTGACG,2060
ATAGAGCTCGTATTAT,2060
TGCAAAAAAACTAGAT,2060
TGCTGGCCTGTGACGT,2060
AACCATCTTGAGGTTA,2059
AGATACTCACTGAATG,2058
AGTTCACAAAACGCAG,2058
GGCAAAAGGTTTTTGG,2058
TCCCTGACCCATTCAT,2058
AAACTCAACGAAGACA,2057
TAACGTTAGTATGGAC,2057
TAGAACCTGCTATACT,2057
ATACACAAAATTTGCC,2056
CAACGCTTAGTGCCCG,2056
ACATCATTACAAATCC,2055
GGTTAGGGCGTAAGAA,2055
TGTATTACTCTCAAAT,2055
AATCGTCAGACGATGC,2054
ACTTAACAGACGTACC,2054
ATCTCGGAAATTAACG,2054
CAGTGACATCGTCACC,2053
TACATGGAAGTACATG,2053
TGGCGGAACTTACGCT,2053
ACATGCGTTGCCTCGT,2052
TGTTGAAGAATAGTCA,2052
CAAAAGCACATTACCC,2051
TACGCATCTAATCGTA,2051
ACAGTAATCCAGCGCT,2050
CATGCCGTAGTACCTC,2050
CTGCTACAAAGACCCA,2050
GAATGTAAATTCGGTC,2050
GACAGACATGACTATA,2050
TGTTCAATTTGGTGAA,2050
CACACCCAATCACCAC,2049
GTTACTCACCAATAGA,2049
CACAAATTTTAGCATG,2047
GCCACCGTCGACCACT,2047
GGGGTGATCAGTGAGA,2047
GTGTGCTCCGAATACA,2047
TGTCGAAAACAAAGAA,2047
TTAGTGTAACTAGCCC,2047
TTGGTAACTTTCAGGA,2047
TTTTTGGAAATCCCGA,2047
AAACACGCTAGAATGA,2046
AGGAGAGAGCTCCTTC,2046
ATAAATGCAGGACACG,2045
ATAATTCCATTTAACC,2045
GGACTAAAGGAACAAC,2045
GTGGTCCGTATTGCGG,2044
TAATGAGCGCACTAGC,2044
TGCTCTACTCCCCTAA,2044
CAGCCGCGTAAAGCTG,2043
CTAATCCACATTATAG,2041
AGAGAAACGCTTTTTT,2040
ACCATCTCTCCTAAGG,2039
GTATATTAGACAGAAA,2039
TAGCGTCATTAAAACA,2039
ACACATGAATCAGCTG,2038
GCGACTCTATAAAAGA,2038
AATTAATCTCTGCGAT,2037
ACTACCGAATGTGTCA,2037
CGAGTCCAATCTATTA,2037
TGAAAGGCTCCGCTAG,2037
AAATTGGTGTCCTACA,2035
ATATTGGTCTACTCAA,2035
TTGCAAAGTCTGACCC,2035
TTTATAGCTAAGAGCA,2035
AGAATCGGTCACACCG,2034
ATATTTCAAGGGTGAA,2034
CCAAGCATGTAAGTCA,2034
GAGACGTACGGAGCCT,2034
GCAAACATCTACCCTG,2034
ACCGACAGAAATCCCA,2033
GAGCAGAGTCATTGAA,2033
ATTCTAGTACAAAAGG,2032
CCCTCGTAAGCAGGTT,2032
CCTATACATTCGAATA,2032
ACTAAACGTCCAGGAA,2030
TAAAACTATAACACAC,2030
TCAAAGGCATTATATG,2030
ATTTGCGTCGATTGTG,2029
GAATTAACAAACAAAC,2029
GCGCTAGGAAACCAGG,2029
ATCTATAAGAATTACA,2028
ATTCCGGCCTAAATAT,2028
CATATGGACAATTATG,2028
AGCCGTGCTTCGGATA,2027
CAGCCTTAGTACAGCC,2027
TATGCTCAGCAAGGTC,2027
AAATTGATCGGAAAGC,2026
GTAAGCAAAACTAAAG,2026
TTAGCGTGAAATAAAA,2026
TTGGTTCACCTTAACA,2026
GCGTTAAAAACCCACA,2025
GTCTAATAGCGCAATT,2025
TAGTTATACAAGAAAA,2025
CCAATACCAATGGTAC,2024
GACCTTATACGCAGTG,2024
GCTACGAAATGCTACA,2023
ACTTAAACAGGCAAAT,2022
ATGCCAAGTTTAAACG,2022
GACTTGAATGGCAGAG,2022
AAGGTGCCGGCTACGA,2021
ACATGACAGAGGCCGA,2021
ACGTTAAAAAGAACTA,2021
AGACGGAATTAGGAGA,2021
CCGAGGGAGCGCACAA,2021
CGTAACAACTCCAAGC,2021
CTGTAAAACATATAAA,2021
GGCGCCTCAGTATATC,2021
GTGCAGAAGCACGTTC,2021
AAGTAGTAAGAGCTGC,2020
CAGCGATCCAGATATA,2020
GAACTCAAAACTAACG,2020
GCGGATGCAAAACCAA,2020
ACAATGAAGTCAAAGA,2019
CGAAGAAATATATACA,2019
TATAATAGAAAAACAA,2019
TTAATTCAGGAAAGAA,2019
AATTCCACCCTCCATA,2018
ATGGCCTAGGATTCTC,2018
GATCCTTAGTCTGTAA,2018
TCTATAGAACATCATA,2018
CAGTGCGGCTGAAACT,2017
CCAGGTATTCGTTAAT,2017
CCCGACCGTTTTTGAC,2017
GGAAAGTGAAGGCTAT,2017
TACTACATTAAATTCA,2017
TCCCAACATTGTCGAG,2017
CACTACGTGTTAATAC,2016
GCACTACTAAATGCGA,2016
GGTTAAGATTATTTAT,2016
AAGCTCGAACAACGCT,2015
GACATGAAAAAACGTT,2015
AAGGGGGGTTAGTGAT,2014
AATTGCACTTGTGTGT,2014
CCATGCCTAGAAGACA,2014
CTAGACGCATTTCACT,2014
TGTACATAGGTGATAC,2014
CAAAATCTGAACTCAC,2013
ACACCCATTCTAAATT,2012
ACGGGGATAACCTGAT,2012
CATCGCGACAGATCAT,2012
CGACCATACCACTCTA,2012
TCCCATGGACTCTAAA,2012
TTGAAGCATAAACATA,2012
AAGTGTAAAGTAATGG,2011
CAAAAGCAAAAAGTTA,2011
TAACGCGCACGCCCGG,2010
CCGCAAACAAACATTT,2009
AAGTAAGAGTAAAAAG,2008
ACTAATTCCACGCTTA,2008
TAGACCGTTCAGATAA,2008
AGAGGTACGGTCATAA,2007
CAGCAAGAAGGCCACG,2007
ACCAATCTTAACAGTG,2006
ACCATCCCTCCTATAT,2006
ATAAGCCAGCAATAAA,2006
CCGAGTTGAAGCAATC,2006
CGTATATTTTCTTAAG,2006
TAGGAAATTAAGAGAA,2006
CACGCATACATAATTC,2005
CATATATAACCGGTGC,2005
CCTTCGTGGCTCATTT,2005
GGACTCCGATTATCAT,2005
GTAGTGCCGCTTACAG,2005
AAGGCGGCTAATGACG,2004
AAGTTGAAGCCGCAAC,2004
TTCCAAACCCTAACAG,2004
AATCCCATTTTGTCTT,2003
ACCCTCCTACCACCAA,2003
ACGAAAAGGGGCAGCG,2003
ATCATAATATCATCGG,2003
GATTCCATTATGCACG,2003
ACCCTCTCAATGAAAG,2002
AGAGCATTTAGACGCG,2002
ATTTTCAGACTTCTCA,2002
GAACAGATAAAGTAGC,2002
GACAAAGTGAGTGCAA,2002
GGGACAAGACAACTGT,2002
ATCCCTCGCGGGACAA,2001
CTCTAAACAACGCTGC,2001
TCCGTTCGTATCCTTT,2001
ATTGATAACCAGTCCA,2000
CATCCTTAGGACAGAG,2000
ACGTAACTTATCCAAT,1999
TACGGTGGATACGACG,1999
TGACCGAGTAAAAATT,1999
TGACTAGCCTTTGAAC,1999
GGAAATAATCAAGTAA,1998
GGAGTGTTACAACCAC,1998
TGCGTTTGTGATCTAT,1998
AACAGGAACCTACCGT,1997
ACACAATATCCTATAT,1997
CTCGGATATTAATGCC,1997
GTAAGAAGCACGATAA,1997
TGTGGCTTTCATACAG,1997
ACGACAGATTAGCTTG,1996
TGTCACGCATCTCCAC,1996
GGTTATTCGGACAAAG,1995
AATCAGATGACACTAA,1994
CAAATATGTTATGATC,1994
CAAATTCACTCTTAGG,1994
CACGCAGCACCTTCTC,1994
CTGTGCTTGCGGACAT,1994
GATCTGAACCTAATGG,1994
GCACACGTACGCTTGT,1994
AATTAGCAGTCCGCAA,1993
TATTTAGACTCCAAAT,1993
TTTAATACAACTGTTA,1993
AATATAACTCACATTA,1992
CAGGCCGCCTAAAACG,1992
TGAACTTGGTTCTAAG,1992
TGCTGAATGCGAAGAA,1992
CTATTCTACCATTTCA,1991
ACTAGTACTATGACAA,1990
CTAAGGTACCATATCC,1990
CTTAAGCAACAGGTAT,1990
GCGCAAGAATATAACC,1990
ACCCAGGATCAAAAAC,1989
ATTTGTATCCTACATT,1989
AACCAAGAACTCTGCG,1988
CAGATAATATACGCTC,1988
CCAATCATAACAAAAT,1988
CTCATTACTAGGGTAC,1988
GGTTTTAAGAGTCAGA,1988
ATAAACTCCGAACGCA,1987
CTCGCACGAAGATAAA,1987
GAGCTAATCAGACCAG,1987
ATCCAATAATACTAGG,1986
CCCCCAGGATAGAATT,1986
CGAAAGATGGCAGCAA,1986
TCTTAGGCGACTAAGG,1986
GCCTTTATTTTGGATG,1985
TAACGTAAATGATTGT,1985
TATGTCGCATACTAAC,1985
ACAGGGAGGGTAGAAT,1984
ACATAATGCCTTTGAA,1984
AGCAATACATGACTCA,1984
AGTAAAAAAAATTACT,1984
GCAAGAAATGTTAGAT,1984
TCATCCCATGTATGGC,1984
TACACAACTAATCAAC,1983
AAGTATGTAGACCATT,1982
AATCTTATACACATAC,1981
CATCAAAAGGCCCAAC,1981
TTCTTCCTCTTCCAAA,1981
AATATAAAGATAGCGT,1980
ACATAAACCGCTAAAG,1980
ACCGTCTTATAGCTTG,1979
ATTGCCCCTACTAATG,1979
GATCAAACTGAGGTGT,1979
GTTAGATCAACCGGCG,1979
TTGAACACCAGCGAGA,1979
AGGCGTTGAGTTATCC,1978
ATAACACTAAGAAGCA,1978
TCTAAGCAACGGACAA,1978
CCCAAACAAAAAAGAA,1977
CCCGGAACTGGTACTC,1977
CGGGATCCACGAACCT,1976
CTTGAACATATGGAAA,1976
ACAACATAGCCGGATA,1974
TTAAAACCATCGTCGC,1974
ATAAAATCCAACAAAA,1973
GCATCAACAGAACAAC,1973
TCGGGCCTACCTTTTG,1973
GCAATCGCTGATCCGA,1972
GCTTTCAGCATTAATT,1972
TACAGATTGAGTAAGA,1972
TGTTAAAGACGTTTTT,1972
TTGAAAACTGAAAACA,1972
ACATAGGCAACCTACC,1971
CATTGGAAACTAGACA,1971
AAAAACTAACAATGTT,1970
CAATTGCCGAATATGG,1970
TAGAAACCTGACCAAG,1970
TTGTAGAACCAATCTT,1970
AAATAACACCCGCAAA,1969
GCTATTCCTTTGACCT,1969
GGGCTGTCAAATTCAG,1969
AAAATAGAGATGCACA,1968
AACCGTTATCCAGCAA,1968
AACTCCCAACTCCTAG,1968
AATGGAGATCCGTTTC,1968
CACTGAGTTCGGCAAA,1968
TTCAATGTTTGCAGAC,1968
AGTGGTCGAAGGCAGA,1967
CCTAATTAGAAACATG,1967
CGCATTGTGGCGAAAT,1967
GATAACTGGTGCCAGC,1967
ACGGAAACCACCAGCG,1966
AGCGGAACCGCAAAAT,1966
GATTCGGCGCAAGCTA,1966
GCATACTTGCTGTGGT,1966
GCCACAATGAGAAACG,1965
GTTAAAACCCGGATCC,1965
TGTCTAACATGCATCC,1965
AATGTGGAGATGCACG,1964
ATATAGAGGGCAACCC,1964
CCAGGTTCCTCATGCA,1964
TGAGAAGCTACGCTCC,1964
TTCTCATGTATAATAC,1963
ATTAACCAGCGTTCTA,1962
CCATTTAAGTGATTGA,1962
TGGACCGAGTACTCTG,1962
AACAACTAAAGCAAGA,1961
CCAGGCATACACATTT,1961
CTAAACGCTACATTCT,1961
TTTTACTATAAATATT,1961
AAGGTTGTAAAACCAT,1960
AAGTTATGCATCTCAC,1960
GAGTAAAGACGGTTCT,1960
TGACCAGACATCGCGT,1960
TTGAATCACGTGACAT,1960
GCAACTGCAAGGTTAC,1959
AGTTGTCTGGTCCCGA,1958
ATGAAACTTTAATGCT,1958
CGGGATGATCTAGTAT,1958
GAACATAATAATAAAC,1958
AGGGACCATAGCAGAA,1957
ATGAATAAATTTCAGT,1957
CTAGAACGGTAGACCT,1957
GGTCTCTAGTGATCCC,1957
TAAAGTCTCTCCTAGA,1957
TAAGCCATCATGACGT,1957
ATAATCCGAGATGTAT,1956
ATAGAGAAACTGAACA,1956
GCAAACCCGAGATGTA,1956
AACTTGAACAGGCCAT,1955
AGTATAACTTCTATAA,1955
CTGGAATATGGCCTCT,1955
TTCCACGTTCTGCGTG,1955
ATATTATGTCTATCAG,1954
ATGATATCGTAAGCGA,1954
CAAGCCTATGAATCCC,1954
GTACATATAAAATCAA,1954
TCGAACATAGCTACTT,1954
AACTACGTGACTATAG,1953
ACATGTAGTTTTTGAT,1953
TATCCTCCATCCATCA,1953
TGACGCGGTGTAACAC,1953
TGCCCATGTTACGAGC,1953
AGAAAACCAGAACACT,1952
CCAAACGTACTGGACA,1952
CGCAAACAATGGACAC,1952
GCAGTCGCAAAGGATA,1952
TGCTAACAACAGACAT,1952
TTAGCGTGTGATTCTT,1952
GCAAAGACAGCATGCC,1951
GCATAATTAATAGATC,1951
TCTTGCTTCCGAGTCC,1951
GGAATAAAGAAAGTTC,1950
TAACCGGTTAGCCATT,1950
ATCGTAATCGCTCCTT,1949
AACACGTTCCACCTAT,1948
AAGAGCTGTAAATGAT,1947
AATGCCCATTAACTAT,1947
GCCTTAAAATGCGGAG,1947
TTAGCCACACGATCGC,1947
ATCACTAAACATCAAC,1946
CAACGGGGAAAAAATA,1945
GGCCCAACTAAATGCC,1945
AGGTGTCCCTATTTAC,1944
TAGCCACTATTAGAAT,1944
TGCTAGCCCAAGAAGG,1944
AAAACACTATCATCAG,1943
CTCCCAAAACTTTACA,1943
GTAAAAAATATCCTAT,1943
AAACCGATAATACGGA,1942
CCAATTGCGCTAACCC,1942
GCATCCACCTATATAC,1942
AAACTGCGTGCCTCAT,1941
ACGAATCCCAGACACA,1941
ATGCCACTCATATAAG,1941
CATAATCCATGATAAT,1941
CATGCTTAAAGGACAC,1941
GCTAGCTAAAACAAGT,1941
AACAGCATTTGTCCGT,1940
ACGACACTTGAAAAAT,1940
GGAAGGTTAACAATCT,1940
TTGCGACGGTTCGCAC,1940
AATATCGAAAACAGAA,1939
ACACCACAAAACCTAC,1939
AGGCCATTTTCACATT,1939
TAACCGGAAAAAAAGG,1939
TCTCCCATACACGGTG,1938
TTAAATATAACTCCAT,1938
GGCTTCCTCAGAACAT,1937
GGTAAAATCATAGTAT,1937
GTGGAACAGTATCAAA,1937
TAAATCTCACAGATAA,1937
TAAATTTAGCATTCCC,1937
TCACCGCAAAGCTCAT,1937
TGAAAGTGGCAGAAAT,1937
ACGTAAGAACCGTTTA,1936
TGCGAACTTTTTCGTA,1936
AATATACGTTGGACCT,1934
CCGATGATTTTATTCA,1934
CTAGAGAATGATATAC,1934
CTATCCCTAAATTACG,1934
GTATAAAGGTGAACAA,1934
TATTATATATTAAAGA,1934
AATCTCACCGAGAGCA,1933
ACTAAGTGCCAATACA,1933
AGTTTTTAGTTGAAAA,1933
CAAAATAATGGATCTC,1931
CCTACCCAAAAACTCA,1931
GACATTGACGTGATAT,1931
AAGGGAGTGTGGTTAG,1930
AGAGCAAAGTGACGTA,1930
ATAACTCAAACCCGCC,1930
CCGATAAGTTACCGGG,1930
CTAATACAAAACTTGG,1930
TGGCATCCTATAACAC,1930
CAACACTCAATCGATG,1929
CCAGCATATCATAGAG,1929
ATTTGGCCTATGACCT,1928
CTCTGGCTCCATGAAC,1928
GTATAGCTCCTGCCTA,1928
TACCCTGCTGAACCAG,1928
TAGGTTTAGAACGTCC,1928
TTCGCCTTAAAATGCC,1928
AACGCAATATCTCCAA,1927
TTACGTTCCAATCGCA,1926
AATCCTCTATAGAAGT,1925
ATGTTATGGGGGTAGC,1925
CCGACACGAAAGATGA,1925
GACACCAAGGGCAAAA,1925
ATCGCCAAACCCGTAT,1924
ATCTGGAACGAGTAAT,1924
GGTGGTATCCAAGCGC,1924
TGCTGCAATAACCCGC,1924
GGCGCTTGAATCAAGC,1923
ACGATGAGATTAATAC,1921
ACTCGCATGCTGCATA,1921
TAAAGCCCCACAAATA,1920
TCAATTTTACAACCTC,1920
CTACTATAAATGTCCT,1919
GATCAAAAGATATTTA,1919
GGGTGCTATTCGACAT,1919
ATCTGAACGGACTGAA,1918
AACGGACCCCTATACC,1917
AATACTGTGTAAATTA,1917
AGTACGGATTGATAAA,1917
CTAGTACAACTAATAG,1917
GTATACACCAGAGTCA,1917
CCACGGTTAATGAGAT,1916
CGCGATCAGTCCAAAC,1915
TGCGAGCCAAGACTAA,1915
AATACTAGCCTTCTCA,1914
ACAGGTCTTGAAGATC,1914
CATCTAGTATATCCAT,1914
CCTAGCTAGACGGGTA,1914
TCTCCTTCACGGACAA,1914
ATTATGGTGCACAATT,1913
CGTCAGACTAGAAGTA,1913
ATGTGTGAAGGATGAA,1912
AAGTAAGATACCAGAC,1911
GCCAGATCAATGCCAA,1911
TCATTCTTTCCAAAAT,1911
TCCAATAGCGAGGACC,1911
TGCATCTGGTAAAGTG,1911
AATACTTCTGGGGACC,1910
GACCAAATAATATTTA,1910
AAGGGTATTATTGGAA,1909
CCACGCACTGCGCTGC,1909
GTAAGAGCCGAGTCAT,1909
CGCATTTCACGATAAA,1908
GAAACAACATACGCGG,1908
TTTATACGGGACCTCT,1908
AACAATCTGGCTTTAA,1907
CCTGTCACTTGGCTTT,1907
CGGGAGTTAAGTTTAA,1907
AATAGACTTACATAGG,1905
AATGACCAGAAATAAC,1905
ATCAACAGAAGTGTGG,1905
CGATGCTTAAGTTGAT,1905
GGATAGGAAGAAAATA,1905
AACTGGCACCCTTTAG,1903
AATTACTATACGATAC,1903
AGACAAAGAGTCGAGA,1903
CCCAATACCTTTTCGG,1903
TTATTTACACAACAAT,1903
AATTGTCCATCCAGGA,1902
GATCCCCCATACGGTA,1902
AGTACCTGTTGACCTC,1901
GCTCAATAACGCACCG,1901
AGCAAACGCTATAAGT,1900
CTCACCAATCTATACA,1900
GTCATCCGTAAAAATT,1900
GTTATAAAGAGAGATT,1900
TTAGGAAGGACAGTAA,1900
TCAATTTTAGGAAGCC,1899
TTAGCCAACAAATTAA,1899
AAAATCTCCCTACAAT,1898
GAGGACTATGCAGGGG,1898
GCGGAAACAATTAGCT,1898
AGAGACATTATACTAT,1897
ATGTACTAAATTGAAG,1897
CTTGCGTTATTTTTGT,1897
GTTTTGACTACATCCA,1897
ACAGCCATCGTGAAAA,1896
GCCTGCTGACTCGCAA,1895
GTAACTAGTAACTTAA,1895
TATTTGACTGCCCTAA,1895
TCTAGATCATGATTAA,1895
AAGTTATAGGTAGAAC,1894
GAATACCAACCGACTA,1894
AGAAAATAATACAGCC,1893
CTCCACATGAATCAAT,1893
TTCCACTAACAAACCG,1893
AGACTCCCGTCCTAGT,1892
AAGAAGTAGCCCAATG,1891
CCAATAATTTTAAGAC,1891
TCGCTCTATTAGCAGA,1891
GCACACAATCAATTAA,1890
TCTTACTGATAAGCCG,1890
TGAAAACTTCAGAGAG,1890
CCTAAAAACAAGCACC,1889
GAATAAATACGCCTAT,1889
GAATGTTATTTAACAT,1889
AAACCCAAGAGCGACA,1888
GGTGGGGTTGACTTGA,1888
TGAAAACCCCATGAAG,1888
ATTGATTGAGTCCCAA,1887
GAACCAAAAAAGGGGT,1887
TGAAAGCATAAATCTC,1887
AATCCACAACACCTAT,1886
ACTAAATTAACCGCAA,1886
TGACCCACTAACAGCC,1886
AAAAAGAAAAATTATA,1885
AAAGGGTTTAGATAAA,1885
AACTTCACATAAATTG,1885
CTAACCCTTACTAATT,1885
ACCCAACGGCACCTGT,1884
ACGCATTCCCTAATAA,1884
GTACCGCAACACACAA,1884
TAAATACACGAAATCT,1884
TAGAGCTATAGCACGT,1884
TTACCTTTACCAAAGA,1884
AACACAATTTCATGGA,1883
ATGGATTAACAAATGT,1882
ATGTCGATTCTAGGTT,1882
CGAGTCCACGAATAAA,1882
AATTGCTAATACCCGT,1881
TAAACGTATAAGTGGT,1881
TCCTGGCTAATCTAAC,1881
ACCCAGTAAATCCTTG,1880
CTTACTGAACGTTGCA,1880
GCCAAAAGCCCTTCAC,1880
TTGTGCGGTTAATACA,1880
GTAAATGGGCATAAGG,1879
GTACTAAGTTAGTGAA,1879
TCCTCCAATAATGAGC,1879
ACGGGCTAGTAAAAGC,1878
CAATATAACATCCTAT,1878
ATAGGTACTTATCTGA,1877
CCTTGTTAAATAGATT,1877
TCTCGTATTAGAAGCA,1877
GACCATTATAAAATAT,1876
TGAGCACACACAATTT,1876
TTTCTGTGAAAGTCAC,1876
TTGCAAACAAGCTTAG,1875
TAAAGTATGCATGGTG,1874
TTAACCAAGATCTAGA,1874
AGATGATACAACGAAA,1873
ATACCAGATAGACTAC,1873
ATTTGCGTAACATAGC,1873
GACTTCTTAATTGACG,1873
AACAATAACAAGCCAA,1872
CAAGCATAGAAATCCA,1872
AACGGGTTATCAAGGC,1871
AGTGAAATTACCGATA,1871
AGTTGCTGTCACACAA,1871
GCATAGGCTAAGGTCT,1871
TACGAACCATAGAGAG,1871
TTAGATGGCGTAAAGT,1871
TTTTGTGGAGACTAAA,1871
CCGAGATTTGGGGAAG,1870
TCAAAGTGACAGACAG,1870
AAAGTCACGTTAATTA,1869
ACGAATCTTTCATAGA,1869
CAATCAGACCCTATAT,1869
CACAGGTCGGTGTGAA,1869
TAACAATTATCGCTAC,1868
AGAACGCCATTATCAA,1867
CTATATAAAACTGGTG,1867
GAAAGAAATAATGTGC,1867
AGACTATGAGGGATGT,1866
GCGTAGATAGCCGGTT,1866
TAAATATCTACAACTA,1866
GACAATTTACTACGGC,1864
TTATGGCTAGACCTGC,1864
CATTCAAATAATGGCA,1863
CTAAACTACGGACATC,1863
GACAGTACAAGTGACA,1863
GATTGACGCAGTGCGT,1863
TTGATTGGTGTCCCCC,1863
AAGATAAAACCTATAG,1862
GAACTAGTGCCAGCAT,1860
AGTATCCCTTAATCAC,1858
ATCGCATAACAATGCT,1858
CTTAGGTCATTTGCAA,1858
AAGCGAGAAGCCCGGC,1857
ATCGACACTCAAGCGT,1857
CTGCCCAGATAATTTT,1857
GATGGGGAGAACATCG,1857
AAGCACACCAAACGAT,1856
GCGTCCAGACAGATGT,1856
TAGGGTACATTTGTCC,1856
GACTATTTCTTTCGAA,1855
AATATATTAATGCAAA,1854
CAAAGCTTTACTGGAC,1854
CCACAACAAAAATTAG,1854
GCTAATCGATGCCTAA,1854
ATAACAAAGGACAAAA,1853
ATTTGATAAATGACCT,1853
CATTCACGGAATAGTA,1853
CTGAACTTATGATTAT,1853
GTGGATCACATATATA,1853
CTCATAAGCAGTTTGA,1852
GCAATACCCAAGTTGA,1852
TAACATATCAACCATG,1852
CACAACCCGTTTTAAA,1851
GCAAACAAATGTAATA,1851
ATCTACTAAGAAAACA,1850
CATGGGGATATTCCTG,1850
CATGTTTCAGAAGCCC,1850
CCATCCTACGGTGTAA,1850
GCCACGCTATGCCCAG,1850
TGCAACGAATAAGACG,1850
TTACATTCTATGAAGA,1850
CGCTGTGTTTCCTAAG,1849
TAACAATAACTCTTTA,1849
AACATTGGGATCACAG,1848
CAATTAATACCATTCA,1848
TGAGTGGACTTACATG,1848
TTAATCCGGTATAGCA,1848
AGTAGCTAATAAGAGA,1847
ATTTCGCCAAGAACAG,1847
CACGAGATTTCTAACT,1846
TATCTAAGATGTATGA,1846
TTAAATTGGTTAACCA,1846
AAATCACTAACAAGCT,1844
AATATTAGCCACCCTG,1844
CCCTTAAAAGACCATG,1844
AGCCGCTTAATAAGCT,1843
GAGACTAACACAAAAG,1843
TTAACCTCTTCTTGCT,1843
TTCCCTTACAATGATG,1843
TAAGAATACAATTCAT,1842
TGACACACTCCGACGA,1842
TTAATTGTATGCGTAT,1842
ACAAATAAGGTATCTC,1841
ATTCACCTTCGAAAAA,1841
TTGCACTAAGACTATC,1841
AAAGAGTTAATTAAGC,1840
ACCAATTAACACAACA,1840
AGCAACGAGTTTTTCG,1840
GCGAGTGTCTGCTTAA,1840
GGGCGGATATGAAGTG,1840
ACGCAGAAATACCAAC,1839
AGAAAAAAACAACAAA,1839
AGATGAGCAATACAAA,1839
GGTACGTCAGTTTGAC,1837
ATAACTGTCTCGAAAA,1836
GAAATCGAGATATAGG,1836
AAAGACTGCAGCCTGA,1835
AATGTGCCAACGACAC,1835
CACTATTGAGTTTTGC,1835
GCTTCTTTAATGAGAC,1835
TAAACTTGCAATTATA,1835
TGAACCACCCTACGAA,1835
ATGCTGCCTTATAGGC,1834
ATGCAGCGGGACTAAT,1833
CTTAACAAACTTGCAG,1833
GATGGATTAACGCTCA,1833
TTTCAATCATCACTAT,1833
CCTAGTTACTAATCTT,1832
CTCATAGCTCTTCGCC,1832
GGAAACCCTGTCCAGA,1832
GGACCTCGAAATGATT,1832
TCTTTGCACGGAGGAA,1832
ACGTATACTGTTAACC,1831
ACTAGCTGGTAACTTA,1831
GACAGTACATTCAGGG,1831
GTTACAGTTGTCGCTT,1831
TATAACTGATAGTACA,1831
GTACACTAACCCACAA,1830
TTGTACGTTAATTGAA,1830
GACATATCCCCAGACA,1829
TATCAATTTAGAGCTG,1829
CCCTAGGTGGTACTCG,1827
CCTGTCACCGGGGTTC,1827
CGACGCACTCTTACAA,1827
GACTGTAATTGAAGGA,1827
TCCAAATGTAACACAT,1827
ATAGAGTCTGCACAAT,1826
GAAATGCTCTGACAAG,1826
GCCCCGCTTAAACGCA,1826
TGTACCTAAGTACAGT,1826
ACCGAATGAAATTCGA,1825
AGGAAGCGTTTAAGAT,1825
CAAAACATTAAAAAAC,1825
CCCTTAAATGTGAAAT,1825
GACGCAACCTTCAAAA,1825
TAACCTCTAATCATAC,1825
TTAGATCATGTCGATC,1825
AAACACAGATCATATA,1824
AAAGTGATAAGCACAG,1824
GACGATACGCCCGATG,1824
GGTATCTATACAACTA,1824
TAGGATATAAAACTAG,1824
TCCATGAAATCAATTT,1824
ACAGCTAAAAAAACTA,1823
ACCTAGACATCTAGCG,1823
CACCGATACTTCATAG,1823
AACTCTCTGGTATTCA,1822
ATTTAAACGCTTCCCA,1822
AACTCTACTACATCCA,1821
ACTGTTTCATTAGTGA,1821
GAGACTATCAAAAACT,1821
AAACTACGAGGTCTCC,1820
AACACCACTATTTCGC,1820
ATTAAAGAAAACGGAT,1820
ACCAAGGAGATGATAT,1819
TACTACCTGCATTCTA,1819
AAGTGAAAGGACAGAG,1818
TCATATAGTCAGTTCT,1818
TTCTTTACCTTTCCAC,1818
AAACAAGTCAATAACA,1817
AAGGTTACGAATTTTA,1817
GACACACTCGTTCAAA,1817
CACCTTTGAATCCGAT,1816
TTACGTCCTTGTGATG,1815
AGATGTTTTGTAATTG,1814
CATGTATTAACTAGTG,1814
ACTAAGAAGACACACA,1812
CTGAGATCGTGATGCC,1812
CTTTAACAGTAAAGCG,1812
GAAACGTTAGGGAAGT,1812
AATCAGTTGATTGTAA,1810
CAAACCCGTCGCTAAC,1810
TAACTAATCCTATCTA,1810
ACAGAATCAGTACCAA,1809
GAAACTGGAGCAAAAG,1809
AAAACTACGAATGAAG,1807
AAGTGATTGAGAGTAG,1807
AATAGAAAAGTAGAAT,1807
CCGGTCAATTTCGAAG,1807
AATCGTTCAATCCAAC,1806
CCCAAAAGGCACTAAG,1806
CTTGGGGTCCGTAAAG,1806
GACGAGCATGAAAGGC,1806
ATACAACGTTGAAACC,1805
GCCAAAAAGATAGTAA,1805
TGACTGTCGACCAGAG,1805
ATCAATCGGAGATATA,1804
GATAAAAAGATGCATG,1804
GATTTACAAATGAGAA,1804
GGTTTTATGCATTCCT,1804
TGCCGCTGAATCTGTC,1804
ATGGCGTATGAGACAA,1803
GCGATGAGGCGCCTTA,1803
TAGATATAGTGACGTA,1803
TACATATACTGGTGGA,1802
ACATGACGCAGCCAAG,1801
GATAACGCCAGAACCA,1801
GCAATTTAAAAGTTTT,1801
GGGTTCATCACTGGAC,1801
TATCATACGTCAGCAA,1801
TTAGAAAATTCTTGCT,1801
GTGGAAACGGGTAAAT,1799
TTCACGGATCCATAAT,1799
ACTGATCACGCCTACT,1798
TTCATTCCTATAACTT,1798
CCATAGGTCGATAAAA,1797
GAACCATCCAAAACAA,1797
AAGAGTCGTCCATACG,1796
ACAGTATAACGCTCTA,1796
CGCTACTGAATAACCT,1796
TTACAATCCCCAAGTA,1796
TTGAACACAAAATTAT,1796
AATGAACATATGCAAA,1795
ACATAACTTTGCCTAA,1795
AGATATTCCGTTAGAA,1795
ATCTATAGCAGTAAAA,1795
AATATGAATACAACGG,1794
TTAGGATCGCGAATAT,1794
CAGCGGGCGGCATCTG,1793
AATAAAAACAATTAAC,1792
GATTTGACGCTGCAAA,1792
TAAAGAACTACCGAGG,1792
TACAGATAATACCACT,1792
ACTAGTAAAAGAAACA,1791
TCCTAGGCCCAGCAAT,1791
AAATATTCGTAAAGCT,1790
AATTTCGCTTACGCTA,1790
CTAGACGTGAACTCTA,1790
GAGCTAAACCAAAATG,1790
GTACAGATAACATTAT,1790
TCCAGCTTCGGAGCCA,1790
CAAAAACTATATCATA,1789
CACAATAAATAAAAAG,1789
TACCTAATTGAGACTA,1789
TGGAAAGCTATTAATT,1789
AAATACCATAATAGAA,1788
CAATCGTATAATACTC,1788
CCTAATTGCCTAGCCT,1788
TCTCGTTGAACTATTC,1788
AAAAAATTCGTGCATG,1787
AGTGCTATTGCCAGGA,1787
TTCTACAGCAATTTTC,1787
AAAGCCTACAGTATCC,1786
CTAGTTCCTCATGAGG,1786
GCAGCTTAAGATAAAA,1786
GTTTACCTATTTAGCA,1785
TCGGTGGAGAGAAAAT,1785
GAATCTCATTTCTGAT,1784
GATTTTTAATACGATG,1784
TAAGAACCGCACGAAA,1784
AAACAAGTAGCCCACT,1783
AAGCTGAACATAGCAA,1783
ATGAGCGTCCGCATGT,1783
CAAGAATAGCAGGGAA,1783
TTAGAAAGCTCAAACG,1783
GAATCTCAATCTTACA,1782
TACACCCCCCAAGAAA,1782
ATTATCTACTGTAACG,1781
CGCCTAAAGGATTAAA,1781
TACACTTGGGCAGCAC,1781
TCGTGAATGGGTAGAA,1781
ACTGGAGACACGAATT,1780
GCTACAAATATAACCG,1780
GGTAGACCTTGATTAA,1780
ACTAAGAACCATTATA,1779
ATGCCGTAGCAAGTGC,1779
GGGCGGGCGGACAAGG,1779
TGAAGACGCATAGAGA,1779
CCGTCTCAGAAAATTG,1778
TAAATGTACATTCCTC,1778
ATGCTAGATACCATGC,1777
ATTGTACCTAGCTTAA,1777
GAACCTACAAGTTAAC,1777
TCAGCATCATAAAATC,1777
ATTCTATAGGGGGACA,1776
AGCATCGTATTGACAA,1775
CAAACATGCGTAAACC,1775
CTCTGCACTACCTGAA,1775
GGTGGCACTGAACTGG,1775
CAAGCTTCCCTCTACA,1774
CCTGAGATGCTATAAC,1774
GTACCGAAAATTAAAC,1774
AACAATATAAACCCTA,1773
ACTCCCGTGCGATAAT,1773
ACTTACCAAACTCACA,1773
ATGTAAAGGTGGGTTA,1773
CCCTACCCTTGCCGGG,1773
GATTCAGAAGCTCAAG,1773
AACTCTGCGATTAATG,1772
AAGCCATAGAAGATCG,1772
ACAAACATATCACAAT,1772
TCAAAGAAGTGAGAAT,1772
TATCGCGGTCAAAACA,1771
TGAGATAGTACGAAAA,1771
AAACTGATAGACGCAT,1770
ACTATCTTTACACAAT,1770
ATATAGCGTCCCCAAG,1770
CATTTAAATAAGAGTT,1770
CGCAGAACACGATCCG,1770
GTCCGACTGCTTAAAC,1770
TAATCAGGGGTTCTGG,1770
TACATCTATGATAAAG,1770
TCGGAACCCGACATTG,1770
GGCAGCGAATCTATAT,1769
TACCAACAAAAAACCG,1769
TACCAGACCGCAGAAA,1769
TTAATGGAGCGGCGTC,1769
CTAAAGGATAGCACAT,1768
TCAGCCACTCCTTCAG,1768
ACATGAGAAAACATTA,1767
AGACCTTTACAAATTC,1767
CAATCTCGCATCCAGA,1767
CGAAATATGAGAAAGA,1767
CGTCCTACTCGCGATA,1767
GACCTTATACGGATTA,1767
AGGCTATGAATAACCT,1766
ATTCCACTGAGCCCTA,1766
GGACAATGCGGAAAGC,1766
GTATCATTAAGTGATA,1766
TGGCTGCATCAGCGTA,1766
ATTTCTTTACCTGTAG,1765
GAAAACCAGTTAAGTA,1765
AACGCAAAACTGAAAA,1764
GGTGTTCCAAACATAA,1764
TGATCTAGACTGGAAA,1764
CGACAAAGCTTGAATT,1763
CTCCTACGTGATCGCA,1763
GGTCGAGTAACTGGCT,1763
AAGAGTAGAAGCGAAG,1762
AATGACTTAACACGAG,1762
AGAACATACCTGTGAC,1762
ATACGCCGATTGAGAT,1762
CAAGCCGATTTAGTGT,1762
CTTGTATGATCGACAA,1762
GACAACCATTGCACAT,1762
TCACGAGAAAGTACAA,1762
TGATAACCTCTCCCCA,1762
AAAACAATTACAACAG,1761
CATACATACCTGTATC,1761
CCTATAGACGTACAAA,1761
CGGGCCATACGCCAAA,1760
GCATTGATTGAACATT,1760
AAACGTAAAACCTAGA,1759
ATAGATTAAGCTCGAT,1759
GTAAAAAGAATATTGG,1759
TACAAGGACACATACA,1759
TAGACAATATCCCATT,1759
CAAGAACCTCATATAG,1758
CTCCTTACTCAAGTAC,1758
CTGAAAATTTCTATAC,1758
GAGCTGACATAGCCAT,1758
ATAAACCAAACAGCAT,1757
CGAGATCGATTGGCCA,1757
TATAAAAACCAAAGAT,1756
AGATCTCTTGCGCATA,1755
CAATGAGGACCGCTCT,1755
CTAACCAACCCTTGTG,1755
GAAGATTCTCAACAAT,1755
TATAAAAATCTACTAG,1754
CAAATCTTAGGACAAA,1753
GCAATATGAAGGGTAT,1753
ACAATTCAGAACTGTA,1752
CACGCATGTGTCTAAA,1752
CGCACCGTAAAATAAT,1752
GCGACTACAAAAGCCT,1752
TCCATATCTGCCCCAA,1752
TTGCTAGGAGCTCAGC,1752
AAGAGTGCATTGTGAG,1751
ATGCAATCAATACCAC,1751
GATCCAGATATTGCAC,1751
GTCATCAAGCAGATCA,1751
AAATGATCGTCGGCAA,1750
AACGGATCCGCTTCTG,1750
GATATCATAACGTTAA,1750
TCAGGGGATTGTAAAT,1750
AAGTCCTATAACAAAT,1749
AGAGTCTAACTATTAT,1749
CTAAATGCGAGATTGT,1749
GAATTGAAACAATGAC,1749
GGCATAAAAATCTAAA,1749
TAAACTGTGTTAGCGA,1749
TATCCTTGCTGACGCA,1749
GACAATATCATCCGAG,1748
ATAACTGGCCGTAGAT,1747
ATAGGCGGTAACCACT,1747
GTTCCTGAAATTTATT,1747
AGCAACTAAACCTCTA,1746
ATAAAATTGAAAAAAA,1746
GGACAAAACTTAATTT,1746
ATTAGACAAATGTCTC,1745
CCTAGCAGGCCCCCCG,1745
GAACTGATTATCATCC,1745
TAAGAAAACGTCCACC,1745
ACAGACTAGTGACAGA,1744
CTCAACATAACCCCGG,1744
CTGTAATGACAAATAA,1744
CTTTGTGCGCCTAATT,1744
GGCAAAATGGATCTGA,1744
GTATCTGATAACTTCG,1744
TATGGTGCTAATAACA,1744
AGAAAGACGTTTCGTT,1743
CACTATAAAATGATTA,1743
CTAGTTATTTTCAAGA,1743
GCGATTAACACTAACA,1743
GGTAAACAACCATCAT,1743
AACAAACGAATATCTA,1742
ACGTCTTGATAATGTA,1742
TAACATCGACATCCCC,1742
TATACTGAAGATATAT,1742
GAAGGCTTCAATCACA,1741
TCAAAAACTATGTTGA,1741
AAAACAAGGGTAAGTC,1740
AACGGAAGTCATACCT,1740
ACTTAAAAGATTAAAA,1740
ATGCCTGTGATCATCG,1740
CCTCCAGGATCAGTAG,1740
CTTACTCAATGACTGT,1740
ATAAAGTTACCAACCT,1739
GGAAACGATGGATTGG,1739
GGAGTATATACACGCT,1739
TAAAGCGTTTCCAACA,1739
TCTTCAGACTTTCGGG,1739
TGAACTCGGGGGTTGA,1739
ATGAACAACAATAGAT,1738
TTAAGGACAAACACTT,1738
TTCACAATAGCTATTT,1738
ATTCCGGTATCTACGA,1737
CCAAGTCAAAAATTTA,1737
GCACGCAGGTTCAACC,1737
GGACACATATATCAGC,1737
AACACGTTGGCACCGT,1736
ACCTATCCACACCAGG,1736
CCCAATTTAATATGAT,1736
CGATCCATCGCGCATG,1736
ACAGTCCAAAGGACTA,1735
ATTACGCGATACCAAT,1735
CAGAACCGTGGTCCGA,1734
GCTCTCCCGCCCCACT,1734
TGCACAAACCTGACCG,1734
TGGAAAGAAAACTAAT,1734
ACCAGCATAAATCAAC,1733
AAAGCTAGGCCGCAAA,1732
CATCCAACACAGGGTC,1732
GCGATATTCGTGTCAA,1731
TTAGCAAGCGGGATAC,1731
GTAAAAAGTGTTCGTG,1729
TTAAACAATGGAGAAT,1729
TTACCATTCGGCCCTA,1729
TTTCACCTTAGACTTG,1729
GATTTCCACAGGTACT,1727
TAACACCTGATGGGTG,1727
TAAGCACCCTTCCTCA,1727
AGATAAGAACATTCCC,1726
AAAGGCGCGAATTGAC,1725
GAGCCAAGCAACAACG,1725
TCCCTGCACATGTACG,1725
ATCGACAGCATTGTCC,1724
TGCTGCAGAAAGACAT,1724
TAATCCTAAAACATCA,1723
TCCAAGACGTAACCAG,1722
AAAGACGCGGATCAAT,1721
CTCACACATAATGACA,1721
TACAGTCATGAATGTA,1721
TCCGTGGCTACATTCC,1721
AAGGAGATGTTCAGTT,1720
ACCTATTGAAGGTGCA,1720
GAAAAGACAAATACAA,1720
ACCCTGTTGCATTTCT,1719
GTGTGAAGCAATATGA,1719
TAACGGAAGTCCATTT,1719
CAATGCGCGACAATCT,1718
GGGGAGGAAACTGCCT,1718
ACTATTACTATTAAGA,1717
ATATTAGCCTCCAATC,1717
CTATTCGTCAAATCGC,1717
GCATCGGCGCCATTAG,1716
GGTCTAATCTCAAATA,1716
TAATGTGAGCAACAAC,1716
TTGACAATGTTTTAAA,1716
AAAGAAACTTATGTAT,1715
ACTCGTATAAATTGAT,1715
GTGGTATTGAGAGAAA,1715
GTTAACAACGCCGGGA,1715
TGTTGAAAAAACAATA,1715
TTTATGACCAAGTACG,1715
AAACCCCCGGAGAATA,1714
AAACTTTAATCACAAT,1714
AAGCACTACCTAAAAA,1714
GACTTAACAGATTTGT,1714
TATCCACCTTAAAAAG,1714
GACGGGGCCCATAGAT,1713
GTTAGCTTTAGGATCC,1713
AACCGTGATACATTAC,1712
AAGTAATCGCACTTTA,1712
ATAACAAGATGGTCAA,1712
CCACTTGAACGTGTGA,1712
GACCATAATATGGCAC,1712
GCAAGACCAACTCTTA,1712
ACTAACGCCGCAACTT,1711
GACATAATCAATAACG,1711
TACGACTTATACGTCG,1711
AAAATCCCCCCTTTAT,1710
CCCTTGGATAACATTT,1710
TAGGAATATCGAATCT,1710
ACAGAATTTCTTTCAT,1709
AGGAACGACGATCCCC,1709
AATAAGGTTCAAGCTC,1708
GAAATTCAAGACCCGT,1708
TGACGAACACTATAAT,1708
AACAATTAAAGAGTCT,1707
GCATCATAAGGAGTCT,1707
GTAGCGAATGAAACAT,1707
TCCCATTAGTTTGAAA,1707
TTGGCGACTTTTATAA,1707
AAAACTAATATTCCTG,1706
AACATGACTGACAACA,1706
CGTAGCCAATACACAT,1706
GTCGGGGTAATCACCC,1706
AGAAGATAAAAGGTAT,1705
ATAATGAGTTTAAGAC,1705
GAATGGGTTTCCCCTG,1705
TAATAAGCAAGTTAAT,1704
ATGAACAAGTTGGAGT,1703
TAAAATCCGAATTGCG,1703
TGCCCCCCAATTAAGA,1703
GTAATCTTCAAGTCAC,1702
AAAATGAACAACCGAC,1701
GAAACGTATGAAAGAG,1701
TCAATCCATAACCTGT,1701
GAAATAGGTTATTCTA,1700
TCACGCAGGTGACCAA,1700
TCGCGGTATCCGATCA,1700
CCATCTTGTGGCTATT,1699
CTCAGAAAAGGCCGGA,1698
TAAAATTAAGCATACG,1698
TAAAGCAACTCTGAGA,1698
TTCGTCCATAGACAAT,1698
TTTAGTTGCAACAATA,1698
AAATGCGAGGGGAAAA,1697
CGCGCCTAGCGTACAA,1697
GCGACGCATTATATTC,1697
TGCAAAATAATCAATT,1697
TTAGACCGTGTCTCTT,1697
CGAGTTAGTAGTGTAG,1696
CTTGTCTCCGAATCAG,1696
GATAAATACTACAAAA,1696
ACCCCAAGTAGACTAA,1695
CGCATTTGATACTTAC,1695
CGGTCTCATCGGGATC,1695
GGGAGAGCGTAAAAAC,1695
TATAATTGCCAACCAA,1695
AAGCATGCGCCGTACT,1694
CGTAGAATTGAGTTAA,1694
CGTCAAGAGGGAATTT,1694
TTAGCTGATGTCAACA,1694
GCAGTGATGAATAACG,1693
CCATCTAACCCTTTTA,1692
TAGTCCGGATACTAGT,1692
ACACGCCATCAAAGCG,1691
AGAGCGATAGGCACAC,1691
CGTACAAGAGCCTAAG,1691
TCCTCCGCCCTCTACC,1691
GCCATATACCCACACT,1690
TAGTAATCTGATAACA,1690
TAGTAGAACCGACTGT,1690
TTATCGCGTAATAACG,1690
ACAACTTCTAACGCTT,1689
CTCTGCAGAAAGCTTC,1689
TAGGGCTTCGCATAGT,1689
AATATTATTTCATGGA,1688
ACAAGCAAGATCGCCA,1688
ACTTCCCGCTTTAGCA,1688
ATCAACAGCATTATAA,1688
CTCTAGAGTAGTGCCA,1688
GATATTAACATATTCC,1688
GGTTCTAACGAAATAC,1688
GTATATAACATCACAC,1688
GTCTGAAATCAGCATT,1688
TTCGGTAAATCCAAAA,1688
AACTGTCAATTCATCA,1687
ACAGTTACGGTGGACG,1687
ACCGAACTTATCTTAC,1687
ATTTGTCAGATTCTGA,1687
GTCAAATTCTCAAAAG,1687
CAATTAGAACTCGATT,1686
GAAACAGCCGCCGTCC,1686
GATACGATAGAGAAAC,1686
GATAGTTAAGAAATAA,1686
ACCACGAGAAATAATC,1685
ACCATAAAATACAGGT,1685
GGAGCCGAAGCTCACG,1685
TAACTATGTCTACATT,1685
AATTAACGGCTGTGTC,1684
ATCCTTAATGGCCGGT,1684
TCAAAATAAAAATTAA,1684
TGAACCAATAATGCGA,1684
AATGAAGTGTACCATC,1683
CGCTCTTAACCAATAG,1683
GGACCCCAACAGAAAA,1683
AACGGGCTGGTGGCTA,1682
CAGATCCGGACCTGGA,1682
CTTCTGAACGGAGTAT,1682
GCTAGAATACAAATGA,1682
GTAGCCCTCCTTGACC,1682
AATGATGATGAGATAT,1681
ACTATAGTGAATTTCC,1681
AGGTGACAATAAACTT,1681
CCTAGCCTTAGGGCAC,1681
CGTTGACTACAGCAGG,1681
CTAGTCCTCCATGACC,1681
CTGCGAACCCACTAAG,1681
GAACTGCTTAAATAAT,1681
GACACCATGAGTCACA,1681
GCGATCTTCTACAGAA,1681
GGCCATCTACTAACCG,1681
TTTTGAATCCGGATAA,1681
CGTGGCATGTTTAAAA,1680
TCGAGTGGACCCTCTA,1680
TTGATTAGTAAACATA,1680
ATAGAGAGAACAGTAT,1679
CAGATGATAAATACAT,1679
GTTGCATGCTATAGTA,1678
AAGATACTAAGATGGT,1677
AGAAGGAAACCATTAA,1677
ATTCAGAATACATCTA,1677
GACTAGGGTCAAACAT,1677
GCAAATACCCTAAAGT,1677
TTAAATAAGACAAGGC,1677
AACGACTAGTAAGTCC,1676
CACTGTACACACTTGA,1676
GCAGCGAGTCTTGCTA,1676
TACAATAACTCACAGT,1676
TATAACGGGCATAGAC,1676
TCACTACGTTCTGCTA,1676
TTGCGGTCAGTAAGCT,1676
CTACTCCCGCCAGATG,1675
GATACGTTGAAGGCCG,1675
AAGAAACTAATTATCA,1674
AATTTAAAGAACCTGA,1674
AGACGAGAGATCGCAT,1674
GGCCACTGTGGACCAA,1674
TCCATTTAAAGATATG,1674
TGTACATAAAGGGCAT,1674
ACGCTGAACTTAAAAG,1673
GACGATACTACGTAAA,1673
TAATCGACCAGTTCAA,1673
TAGTAACTTTTCTTAA,1673
TGTAGAACTGAAGCTG,1673
AATGAACACACGGAAA,1672
CAAGTCCTCAGAGACG,1672
CACAGGAAACGTAAAA,1672
CATAACATCTCGAACA,1672
CATAATCCCCGTCACC,1672
AGAAAGGCGCTTTGAA,1671
AGAATCCTACTTGCTG,1671
AGTCTGCTTAACCAGA,1671
TTTTTAGAACATAATA,1671
AACAGATGAAAAAAAG,1670
AGTAGTCCCCATCATC,1670
CTTTCGCTGAGATGGT,1670
TCTTACAATTTTGTCG,1670
TTATTGGGCCTGACCC,1670
AACAGGGCATAACAGT,1669
GCCATGCAAAACACCC,1669
AACTAGGAGAACAGTG,1668
AACTTCGCATCAAATC,1668
CTGTAAAATCTCCGAC,1668
GGGAAAAACTGAGGAC,1668
ACCCTGGTAGATGAAC,1667
AGAATTATAATCAAAC,1667
AGCCCATATACGCACA,1667
AGGCTATATGAACTAG,1667
CTAATGATTAATCCGT,1667
GCTTTGACCCCAACAG,1666
AGACTAATCAACCACA,1665
TTACGGTTTTACGGGG,1665
ACAAACTCGGAATACA,1664
ATTTATTCTGACCATG,1664
CGATATAAGAGCCTCA,1664
TGTAAAAAATCCCTTC,1664
CGTAACCGCACAAATT,1663
CTACCCCATCGGATAA,1663
GGGAGCTGAGGATATA,1663
GTGATCGTAATTATAC,1663
TAGTTACAGCTAGAAC,1662
AACCCATCAGGTTATT,1661
ACGATCGAGCACTAGA,1661
GATATCCATATGAAAC,1661
AAAAGCCAATAATTTC,1660
AAACATTCACAGACTG,1660
CAAATACAAACCGAAA,1660
TTAACTGGTCTTTACT,1660
CGGTATACAAACAACC,1659
ATATTCTAAGACTACC,1658
CTCCAGGCTCCAGATA,1658
GTCTTTGCATCATCTG,1658
TTGCCCACTATTCTTC,1658
CTAAAGCGAATAATAA,1657
TTCAAAGAAAAATTAC,1657
ACCTAAACACAAAAAC,1656
CGCAAGTATCTATAAA,1656
TTACTGAGCAATGACC,1656
AATACTAAGCCAAAGT,1655
CGTCTAAATACACAAT,1655
ATGCTAAAACGCAATT,1654
GCTAAATGCGAATTTT,1654
TATATAGCTCGGGTCG,1654
TGTCCCGTTAAAACTG,1654
AAAGTTAAAGCAAGTT,1653
AAATGAGCAAGAACGC,1653
CATTCAAAGGTACCCT,1652
GAGCAACGGACGTTCA,1652
GATGCTCCGGATCCTA,1652
GCTAGTTTGAACGTTG,1652
CTGTCCCCATTGAGAT,1651
CAAAAGTCACATTGTT,1650
GAGCTTTGATAGCAAA,1650
ACATTTTCAATAACAG,1649
AGTGAGAAACTATGTG,1649
CCATCTTATGAAAAAT,1649
CTCTATATTACCACCT,1649
GAACGCAAGATCTCCA,1649
GAATGTGCCGCAAAAA,1649
GAGTTCAGATGATATG,1649
GGCATAGGCAACCCCG,1649
AAAAATACTATCTAAA,1648
CAAAAATAAGGCTATA,1648
CTGCAAGAGATGCAGG,1647
GACCATCTCGCCAACA,1647
ACTTCCTGTAAATAAC,1646
ATATCACGGACGCTCA,1646
TAAACAGTAGACTGCG,1646
TTACACATAAGATTAA,1646
AGCTACAGGACCAATC,1645
TCGATATGAGACCACC,1645
CAGGAGAAGGAGTAGT,1644
CGACGATTTTGAACTA,1644
TATAGACATTAACTCA,1644
TCACATCTTCTTAACT,1644
ATTACGCTTTTCACCG,1642
AACATTTACGCATCCC,1641
AAGTCGTAGCAGACAA,1641
CGATGATACCAATTGC,1641
GCAATCTGCACTCGCC,1641
GTAATTGTAATTATAT,1641
ATTGCAAAGAATCCTT,1640
CGCACTCTCAAAGGCA,1640
CTAAAACGGCTACGTC,1640
ACCAAAAATTTTACAT,1639
AGATTAACTAAGACCT,1639
GCTTTTTGAACATGAA,1639
AAAGCCAGTTATGAGC,1638
ACAGACATCTAGAATC,1638
CGAATCCTGTATCAAT,1638
CGGCCTATTTCGGATT,1637
TGGTTTCAATATTTAC,1637
AGCCCGTCATTCACTA,1636
ATACATTATGGAATTC,1636
CGCTGCACTACGTCTT,1636
ACTTAAGTCATATACC,1635
CAACTTACTAAATTCT,1635
GAGATTAAAAAACTTT,1635
GTAGTGTCATTAGTCT,1635
AGCATATTAATGCAAG,1634
TTATAAAGGCGTAGAG,1634
AAATGAACAAAATCTA,1633
AACCTATCAGCCCTCG,1633
ATAAAGAAAATAATAT,1633
ATGAGTGTATCCTGAT,1633
CTTGACGCATCAAGCC,1633
GGTGCTACGAAATGCA,1633
AATACTATGAAGTGCT,1632
TAGAAGTCGCTCCGCC,1632
ATAACCCCTTTCCGAT,1631
TAAACCGTGCAAATTA,1630
AAGGATCGGGGACCAA,1629
AGTATATACATCCTCC,1629
ATCCATTCCCTCGTGG,1629
CCACTCTTTCTAATTC,1629
GAAACGTTTATTAACA,1629
AATTCATCATAATGCT,1628
TATTCACATCTTTAAG,1628
AACCACATTTACGCCA,1627
ATGCAAACTTAACCGA,1627
GCGGATCCAGTTAAGA,1627
TATTGCCATCTAAAGG,1627
ACTTAGTCTACAGACA,1626
ATGGGCTACCGTTTGC,1626
GCGGCTCGTCTGGAGT,1626
TAACACAATACCAGCA,1626
TAATTTTCCTTGTTTA,1626
AACTACATAACTGATC,1625
GTTGTTTTCGGTAAAA,1625
TAACGGCGCTTCAGGT,1625
AAAAGTCTGACGGCTA,1624
ATTATTACTATAATCC,1624
CACGAACCATACACTG,1624
CGAACAATCGAACAAC,1624
GGAGCTTCACAGAATG,1624
TTCAACAGATGCAGTC,1624
TAAACACGATAACGAT,1623
TGGCCTTATAAGCACA,1623
TTCCTGTAAACACGAC,1623
AACACCAAGTGTCGTT,1622
GAGAAGTAAACAAAGA,1622
GAGAATCCAAGGACAT,1622
GATTATAAATTTCAAA,1622
TAAAGGCTGCAACAAA,1622
TATAAGCCAAGAACAC,1621
AAAAATGCCATTTCAA,1620
ATGGTGCTGCGGTTTT,1620
GAATCATTAATCAGTA,1620
GTCGCCCATCATAGAC,1620
GGATTCAATCAACATC,1619
TGTCCTGATCATTACA,1619
CTCAAACAAAAAATCG,1618
CTCTCCTTTTAATACA,1618
GAGGATGGACTTAATC,1618
GGCTACTCCCGAATAA,1618
TATAATACTACAAGGC,1618
TTTAGACCAAATCAAC,1618
AAGAGAAATAGACTAC,1617
ATAAATTTATGAACCC,1617
GTATACAGAAAAAAAG,1617
TACCTTCAGGGAATCG,1617
TCGAGATTAGGATTTA,1617
CGACAGGACGTAGATA,1616
CTGGTGAACTGGCATA,1616
TCGCCTGTTATCTCTC,1616
AATCTCTCGGCATTAA,1615
AGACATTAATCATGCT,1615
CTATGGCTTTATTACA,1615
GTATTCCAGCACCATG,1615
ACTGGGGACAAATAGT,1614
CAGGATGATGTTGCGA,1614
TACGGGAGAAGGAGCA,1614
TTTGCAGCCTTCAAGC,1614
ATTGGGTATCAAAACG,1613
GAAAAGATACCGGTAA,1612
GCATATTTGTAATTGT,1612
ACACCACTCTTAGATA,1611
CAATAAGTTAGCCGCG,1611
CCCACAAAGTTAATAA,1611
TGCAGACCAAAATAAT,1611
AACTCAAAACCTGCAA,1610
ACGCTATAAAGATACG,1610
CCGGGTCATATCGCCA,1610
GACCGGGGTACTGAAT,1610
GTCGGGCACCGGACAG,1610
AATACATAAAATAACC,1609
ATACGAGATACCTCTC,1608
CAAAACGGGTCAATAA,1608
CAAAATCCAAATATGG,1608
CGACCCCTAATTTCTA,1608
CGACGGAGTCAATAAC,1608
CGGTCGGGCGAGACTT,1608
TAAAGAAAGTACGAAA,1608
TAACGGTGTTGACTAC,1608
AATCTGACGTATCAGA,1607
ATCTCGAATCTTACCA,1607
CACTTACCCACATTGC,1607
TAATTCAGAAGTCAAA,1607
TCACTTCATATATTAA,1607
TAAAAAGGCAACCCTA,1606
AAAAAAAAAAGAGAGA,1605
ACACCTACGAGGCTAA,1605
GGATCTACTAATTTAA,1605
TTCGATACTTCAATAA,1605
CTCCGTAAATAACTAC,1604
GGAAAATAAAGATGGA,1604
GTTTACGCAGAACCCT,1604
TATGTCTCTATGATGG,1604
TTAAACAAAGTTCATC,1604
ATTGGACTCTATACTG,1603
GGAATGAAACGTCAAA,1603
TTAATAATAGTGCACT,1603
TTACCGACGTGAGGCT,1603
ATTTCTGAAATAATCA,1602
GGCGTGTCCATACGTG,1602
TGCTGTCTTGAAACCC,1602
AACCCAAAGCCCATGA,1601
AACCTCTAATAAGACT,1601
AAATAAACTATACTGC,1600
ACAGCTAACGGGTTTG,1600
GTTAAAATGCTGCTGA,1600
TTAATGCAGCGGTCTG,1600
CATTGGAGCATATATA,1599
CGAAAGAATATTTGCA,1599
CTGTCCTGGCCTAAAT,1599
GAGATATTATTTAAAT,1599
CGTGACAAACGTGAAG,1598
TCAAATAGGTCTAATT,1598
TGTAACCATAAGGACT,1597
TTACGCGCGACAGCAC,1597
ACTGTTATAGTTTTAA,1596
ATAAGTTTCCCACTCA,1596
CAAGCATAAATTCAAT,1596
GAGATAAAGACAGATC,1596
GTAAAACATATCTACG,1596
TACAAGAAAGTGTGTA,1596
AACTTAATGCAGGTCT,1595
AGAAGGAAGCTTCGCA,1595
AGTACACCTTGTAACG,1595
CACATCGTGCAACTGA,1595
CTATAACCACCCGCCT,1595
GATATAAATAACCAGA,1595
TACTGATCCTAATCAC,1595
TAGATTAGATGCTCAA,1595
AGAAATATAAAGGTCC,1594
CCAATAGTCTTAAGCG,1594
CCAAACAAGGTCACAT,1593
CTTAGTTTGGGATCAA,1593
GCAGTTCGTGCAATAT,1593
TAAACAACTCTTCAAA,1593
AGATATACTTTCCTAA,1592
CGGAAAACATGCTGAA,1592
GACCCGAACTCGAAAA,1592
GCAATGACCGATAGAT,1592
AAAGCCACTACCAGTT,1591
AAATTACACTATCAAG,1591
AATATATCACCTAAAC,1591
ACAAACTACACTCTGG,1591
ATTGGTCGAACAATAT,1591
CAGAACCCGCCACAGT,1591
GCGGAGATGTACCAAA,1591
GTGTACCATAGTAGAA,1591
CTAACACGAGTCACAC,1590
GAGGAGACAATCCATG,1590
TAAGCCATTCTTGCAT,1590
TATGCAGCAAGAATAT,1590
CTATAACTTATAAACA,1589
GAACAACATATTGAAA,1589
GAAGAATCAGTACTAG,1589
TACTCAAAATCCTATA,1588
TGCCTGGTAACGTTCC,1588
GAGAATCTACGAATCA,1587
TAACTACTGTAAATTA,1587
TCTGCAAAAGTTTGGC,1586
AAATAATTAGTAACAC,1585
AATGGGTAATGATACA,1585
CTCAAAAATCACTCCA,1585
GCAAAGACGAAGCCAG,1585
GCCCACTACATTAAAT,1585
GCTGTGCCTTGTGATA,1585
TACATCCAGCACGTTT,1585
AACAATTTATCCACAG,1584
CAGAGCCGTCAATCCA,1584
GCAATTCAATGTGCAT,1584
TCTTTGGGTAAAAATA,1584
AAGTACAGTAATTGTA,1583
GTAAACAAGTGCCCAT,1582
GTGCAGGAAACTGCAC,1582
ATGATCCAACATATTA,1581
TCCCGTTAGAGCGATC,1581
TGCTTTATAGTCTCAT,1581
TTACTCTAAATAGTTC,1581
AACGCATAACAATAGA,1580
CGCTAGAACTCGACTC,1580
GCTGAGATCAAACCGC,1580
ACTCGAGAAAAATCAA,1579
ATTATTACGAGACGTA,1579
CAAAAAGTAAAATTTA,1579
CTGTATTTTGACTTTA,1579
GGGGTATTCCTGGGGA,1579
TAAAACCGCCCGCATT,1579
TTAAGTTAATCCCCTA,1579
AACTGATCACTTTCCT,1578
ACAAATATTATTTCTC,1578
ATTCTTATCTTAGAGT,1578
GCAAGTAACGACTATC,1578
GTTTAATAGATTATGT,1577
AGGTTTTAAACCGATG,1576
CATAAATGACTACAGA,1576
ACTCGCACTGAAGGGC,1574
CTAAATTCGGTTAAAA,1574
CTAGAATGACTACTAA,1574
TAAGCAATCTCCGTTT,1574
TACCAGTGTTGCTAAC,1574
AAACACAAAAAATAAG,1573
TAACTTCTTGACGGCA,1573
GATAGTACCCTCTATA,1572
GATCAGACCAACTGAA,1572
TATATGGGAGAATAAC,1572
AAATCTAACAATTCGA,1571
AACCGAGCCAATTGAC,1571
ACCAAAGCCAAGATCG,1571
AAAAAAACAAGAAGGA,1570
AAATCCTTAGCAACTC,1570
CTCGACAGGAAATCCC,1570
ACAGGGAGATTTATTA,1569
ACCCAAGGCTAGATGA,1567
ACTTATGCCTAACCTC,1567
ATGATCCGTGGCCGGG,1567
GTCCTTATACAGAATG,1567
CTTACGTACGATTTAC,1566
GGGGGGTGATTGTAAA,1566
AAGCAATATGCATAGC,1565
ACGGAACGACCCATCA,1565
ATATAGGCACATAGGC,1565
CATCCTTGGAGGCTAT,1565
GTACTGAGTCACTGCA,1565
ACAACTGAAACGAAAA,1564
GATGCTTTATGCTGCT,1564
TTGGTTTTGGAACCAA,1564
ACAAGTGTCTACAAAC,1563
ACGGATTAAACTTAAT,1563
AGTGTAGAATATCGTG,1563
GCAAAATGCGATTTAT,1563
GACGAATAATATACTA,1562
GCACAAGTAGGTGGAC,1562
AATGAAAGCATTAAAA,1561
GTCCTGACGGAAGCGC,1561
ATATCCTCAACAACGA,1560
CACTTGAACCTCACTA,1560
GAAAGGAAGACCATAA,1560
GCACCCCTTCAACGCA,1560
CGCAATGACAAACTAA,1559
CTAACGAAACTGTTTA,1559
GTAGTCCGCTACCAGA,1559
AACGCTTCAGACCTCA,1558
AGTAATAATAAAAATA,1558
AGTGAACTTGAGCCCG,1558
CCAACCAGTTCAAGGT,1558
CTCATGTGTATTTCCA,1558
GAGTAACAGTAGCTCA,1558
TCCTGAAGCTGAAATT,1558
AAAAAAGAAGGTGGCT,1557
AGCATATTAATACCAT,1557
CTGTCTTATGAGTAAG,1557
GTGATAACCAATTATC,1557
GACCGATACGAACATT,1556
ACTTACTGTCTACAGC,1555
GAGAACGATATGGCAC,1555
CCCAGTGTACAATTTA,1554
TATTTACTAAGTACTT,1554
ACGGTATGGTAGCAAA,1553
CAGATCGAAATTCTTC,1553
GCGATCAGCTGGGTGT,1553
GGTTGAACATTTGAAA,1553
GTTTTAAAGGATCGAT,1553
GTACAGCAATGAATAG,1552
TAAGAAGAATCCTGAC,1552
TTAATATGTGTAACTA,1552
AATTCCGACATCCTAA,1551
GAAACAAAAAGGGATC,1551
TGAATACTGGTTTCTT,1551
ACTTTTTATGATCAAT,1550
AGTTGTCTAAATATGA,1550
ATCGTTGACAGGAGAC,1550
GTAATCAGAAACCGAG,1550
TATTCCGAGGCACGCT,1550
AAAATAATTAAGGAGG,1548
ATAAAACACACACTCC,1548
TACAGTGCCTGATCAG,1548
TGCAATATGACGGGCA,1548
CACTCATACATGACAT,1547
CTGTATATAAAATAGG,1547
AGAGACGAGCAGACTG,1546
CTGCGAATAAGCTGGA,1546
TTTAGCAAATTATGCT,1546
ATTACAACAAGCCTGA,1545
GCACCACTACACCGAG,1545
GGATTGTAAAATTGTA,1545
GTGTGACCAGGATAGA,1545
TGTGTATCGCAATCTA,1545
ATAAACGGGAATAGGC,1544
TAAAAATTTTCTCGGG,1544
TACTATAACTCCAAAC,1544
ACAGGACCACCAGCAT,1543
CATTCATACTGAGTAC,1543
GCAACTTCAGACCGAG,1543
TATTCTTGACCTTATA,1543
AATATTAATAGCCGAG,1542
ACATAAACATTCAACC,1542
CAACAAACAATTGGTT,1542
TCAACTACCCACATTC,1542
TACTATGTCACATTAG,1541
TATGGTCTAATGACAA,1541
AATAAATATATAACAC,1539
CAGTCGTTGCAGTATA,1539
CGTATTTCGAAAAGAG,1539
GGAACTGTGGCGCTCA,1539
TCTTCTACCGTTATAA,1539
TTCGGTTAAGACATAC,1539
AGCCTGGAATATTATA,1538
TCACTTTAACATAGGA,1538
TCTCGACTAAGAATCG,1538
AAGAACAATTACAATA,1537
AATGTTACTCAAGTAA,1537
CATTATAGCTGAGGCG,1537
ATTATGCGAAGCCGAA,1536
GAACGCCATAAGCCAG,1536
TCCTCGCGTAGAAAGA,1536
CAGGTTTTACTAACTT,1535
TGATGTAACTACTCTA,1535
TTGGGGGAGAGTTGAC,1535
ATAAACAAATCAGGTG,1532
GTACGCAAAGCTATTA,1532
AAAATCTGAGTCCCTG,1531
AATTTACCTCCAATAT,1531
ACACTCTTATATTCGC,1531
CAGAACTAATCAGGAT,1531
CCTTGTTTATCTATGG,1531
CTCACGATCATATAAA,1531
GTAAAAACTCACGAGA,1531
TTACTCAATGGATCTC,1531
GACGGTGCATTTATCT,1530
GGTTTGAACATATACC,1530
GTAGATACCTATACAT,1530
TAGTAATGACTAATGC,1530
GACGCTGCCAGCAATG,1529
GGTTTGGCATGGGAAC,1529
TCCAAAGCATACGTGC,1529
AAATTTGTCCAATTGG,1528
AATATGTGCATAGCAG,1528
GGATGGACTTTCTCCT,1528
GTAAATCTATTACAAT,1528
TATAGACCCGGAAGGG,1528
AAACCAAAGATGCCGA,1527
AAGCGGTGCGTTCTTT,1527
GCTTGGTCATTAATAA,1527
TACCCGGCAATCTAAG,1527
TAGCTCAAGGTCGGGT,1527
TGACTGATATAATACC,1527
AATTGGTGAACCTGAA,1526
CCCACCTCATATTACG,1526
TAGCTCCCTGTCATTA,1526
ACCTCATCTTCAATAA,1525
CACCATATAATTAATA,1525
AAGGAAATGGGCTATA,1524
ACCCCCGTGATAAAGA,1524
TAATGACCAATCGGCA,1524
TTAAATCCCTTAACCA,1524
ACATAAATAGTGGCAC,1523
ATATCGCCTGAATCAA,1522
CACATCATAAGTAGTA,1522
CAGCAAAAACTAAACG,1522
TGGGATCAATCCGGAT,1522
AACACTTAAGCTTCCA,1521
GATGCCCCAACCGAAA,1521
TGACTGAGACAAAGTA,1521
TAATCATCAACAACAC,1520
TCACACGGTCAAAGCG,1520
ACCCAATAAGGATCAC,1519
AGAATTGTAACCATAG,1519
CAGCCTCCTGGAAACG,1519
TCGATTGTTAACTTAA,1519
CAGGTCATACCAGAAC,1518
AAGTAATGCGCGTAAG,1517
ATTGAATTCTCATCTA,1517
CGAAAGCAAGTTATTA,1517
TCGACAAAATAAGAAG,1517
TGACCTATTTAACGTG,1517
ACGAATAATGTAGGTT,1516
GACGAAAGAAAATAAA,1516
GGAAACAAAGGCCAAC,1516
TACATGCTCACAACAC,1516
AACATAACAAAACACA,1515
AATTTAGTCAAGTTGT,1515
GAAAATCACTAACTGA,1515
TGATCCGAACACGCAC,1515
CCCTCTAGAGCCATGA,1514
TGATGACTGATAACTT,1514
AATGCATCAGCTTGAA,1513
AGGCACAAGGCGAGTT,1513
ATGGCCAAGACGGTAC,1513
CAGAACAAGTCGTGGA,1513
TCCTGAGCACACGATA,1513
TATTCAAATCCTCGAC,1512
AACCTGCTCAGTGCCT,1511
CCGAATGTACTCTCAA,1511
CTACCGTTTAAACCAA,1511
ACAATATTGTATCCAT,1510
AGACCGCATTGGAGTG,1510
CAGGACGAAAATATTT,1510
GTTAAGGATACAAGTC,1510
TACCCAATTAATGGTG,1510
AATCAGAGTCAATTGT,1509
ACTGTACGTTTTATTT,1509
AAACCAATTAAACTGA,1508
AAATGCATTGAGGATT,1508
AATATCTGTACACAAT,1508
ACTAAGGACAGATATC,1508
CAACGCCCCGTTTGAA,1508
TTAGGTCCATCACTCT,1508
CAACCTTTATAAAAAA,1507
GTGATAGGCGTTGACC,1507
TAAAATGTATACTGAT,1507
TCTCAATCAACCAAAA,1507
AAGATTCCGTTGCTGG,1506
GAAAACAAATACCTAT,1506
GCCGGCATAACCCATA,1506
ACCGGACGTGCCTTTT,1505
AGGGTCTTTAGGAATA,1505
CACATAGCTATATTAT,1505
CAGTAACAAAGCGTAG,1505
ATATTCCAACATAGCC,1504
ACCTGTAGATAACCAC,1503
CTGTGCTGCACGTATC,1503
TTCCGGTTGTCGAAAC,1503
AAGGGCTCTACATTAT,1502
AGATATAAATCTCTCC,1502
ATCCCAGATTTATCAA,1502
GACCAAGACGAACTAG,1502
AAACGCCTAAAATAAC,1501
CATCGATTTATATATT,1501
GACACATATGACTCGC,1501
GATGTTTTATTAAAGA,1501
AACGATCCAAGATCAT,1500
CCAAGACTTAAACTTT,1500
GAAGATTAAAAAGTGG,1500
TGGGCACTGCCCGGCG,1500
GAGCCCTAGCATATAA,1499
TCAAAAAATTAAACTG,1499
AAACAACGGGCGAACA,1498
AAAGAGATTTAAATCA,1498
ATAAAAGAAAATTGAA,1498
AACCCCTGTTTTAAAC,1497
AATCTCTTAGAATACT,1497
CAAAATAATTACGGAA,1497
GTGACACAGAAAACCA,1496
AAAGTAAGGACTTCAA,1495
AATCAGACGAACGTCA,1495
ATAAACAAACGAACAC,1495
ATCAAACGAATCGTTT,1495
GCTCTAATAAAACGAT,1494
TCACACAAAAAAGACC,1494
TGAGTACGCGCGACAG,1494
TGTGCAAAGGCTAAAT,1494
AACATAGAAAGTCGCT,1493
AGTTCGCAAACGTAAC,1493
ATACTCCTCAGATGTT,1492
GACTTTAAGCTCACCC,1492
CCGTTAGCGTACTGAC,1491
GCGACTGTAACTCCTG,1490
ATTAGTTAGATTATAT,1489
CTAAGCCAACGTCCCC,1489
GAAGGTCATTTTCATT,1489
TTTGACATCACATATC,1489
CGATAAGTTTAGCCAA,1488
CTCGAGTGATGAATCG,1488
ATACCAACATTACAGC,1487
CGATTTCGTTTGGAAG,1487
GCAACAACATAGGAAT,1487
ACTCGTAGTCCGCACC,1486
AGCCCTTTATAGTACT,1486
ATCAGCCTTACTCAAC,1486
ACGTAGAATAAGCTTA,1485
CAACAACAATTTGTAA,1485
CACACCTATTGAGTAC,1485
CAGATAATATAATTTG,1485
TCGCTCTATCAGAAGA,1485
AACAGGATCAGTTCGA,1484
CACATTGCCTTTCGGC,1484
CCCTCAAGCGCGACGC,1484
ACCGATTACGGGGCCC,1483
CTTTCCAATTTGAGAT,1483
TTTACTCGAGCAGTCA,1483
ATAGCAAAATCTTAAG,1482
AAACTACATCTTCACA,1481
ATAACAGTGAATTAAG,1481
GTCAGCTTGGTAGTCC,1481
CTGAACGACAGGACAA,1480
AGCACAGCGTGTGCTG,1479
AGTATATCTGTTGATG,1479
GCGTTATGAGCTAAAT,1479
CTGAAGGATTTCTAAA,1478
CCGAAACCTCAGAAAC,1477
TAATCTTCTGGGGCTC,1477
TGTGACTCTTTTACAT,1477
TTTTTGTCAGCCACAT,1476
ATAAATATAATATCGA,1475
CAAACTCCGATCATGT,1475
CCAAACATTATACGTA,1475
TCACTGGAAAGTTAGT,1475
GCTTACAACTATTAAA,1474
TAAGGTATAAGGCATG,1474
TCAATAACACATCCGC,1474
TCTTCGTGAATAAATA,1474
AGTGATTATATAGGCC,1473
ATAGGGCACGGCGTTT,1473
ATGCCTTACCCTTCAA,1473
GTGTTTTGAGCGACGC,1473
AACCGAAAGTGCGAAA,1472
GGAAATGACGCTCAAA,1472
GTTTAAAATGAGCCCG,1472
TCTTCACGTCAATCAG,1472
AAATTCCAAGGGGTCA,1471
ATATTCCCGGAGGCAT,1471
ATCCCCCTACGGTGGA,1471
GAATAAACCACCCTAA,1471
GCACTAAGAACAATAA,1471
TAGTCACCATACTCGA,1471
AATCAATCCTCACTTA,1470
GATAAATTAGAGGTAA,1470
ACAGGTCGCCCGCTTT,1469
ATATAATCAGTACGTT,1469
GGTCGAAAACTATAGT,1469
TAAACTAAACGGAATT,1469
TGACTAAAGGTATACA,1469
TGTTGTGAGAGAACCG,1469
AAAATACCGTACCAAA,1468
ACCCTTGAATTTAATA,1467
GTCACAACAAATGACC,1467
TAATTAATATTTGAGA,1467
AAACCCTTATGCATTA,1466
TTTTCCCGAATGCAAA,1466
GCTAGGACATTCTGAG,1465
GACAACGCGTAATACA,1464
GGATCACAACATATAG,1464
AACCCGTATACTAAAA,1463
AGAAAATAACCGAATA,1463
CAACATGAAGAAACGC,1463
TAATTTTTAAATGTAA,1463
GTGCGACGCTAATCCG,1462
TAAAACTATAAACAAT,1462
TGAATATAATGCCGTC,1462
ATCATAACCTGCTATA,1461
GTATCCAGAGTCACGT,1461
CAGATAACAACGGAAC,1460
GAAGATCTGACAACGA,1460
GATACGATCTCCATCA,1459
CACTTTAGCAGAATGT,1458
TTATAGCCTGTCCAAT,1458
TATTGCGGATCTTTCC,1457
TTAATTAGTACAAAAA,1457
AAAATCGTAATCAACT,1456
AGCTATTAACGATGCG,1456
AGGAACATCAATAAAA,1456
AGGCAAATTATTTACA,1456
ATTAACACAGAAAGTA,1456
CCGTTAGGTTAAGCTG,1456
ATCACCTAAGAAAAAA,1455
ATTAAAACACCGTCCT,1455
CAGAAAATGAATTCGA,1455
GCCCACCTTACGGAAA,1455
CTGAACGAAGGCATCA,1454
TGAGCTTAAAAAGAGT,1454
TTAGAACCAACACTCC,1454
CACGAATTGCTTTACA,1453
CATTACTCTCTCAGAG,1453
ATCACTCACTGGCACC,1452
GGGCCATCTAAGATAA,1452
CCATGTAACCCAGACA,1451
TCACCTCTCATATTCC,1451
GAGTAAATTAGAGTCT,1449
GTGCAACCCACTCGCA,1449
CAGACTTATGTCAACC,1448
CGTCCTACACCAGGTT,1448
TATGACGATCTGAGAG,1448
ACAAGATAACTACATA,1447
ATATATTCGCACGATC,1447
ATTTACATCAATGTAT,1447
CCGGTACATATCCCGA,1447
AATATAGTAGTGAACC,1446
ACACCGATAGAAACAA,1446
ATTGATATTAGTTACC,1446
CGCAACTGCACTGCCC,1446
TTACTAAGCGTCTCCA,1446
ATATACTTAAGAAAGG,1445
AGCGTGCAGTTTGTGC,1444
CAAAGGTATTTCTCGA,1444
TTCAAAATACTCCCAG,1444
ACAAATGGATCCAATA,1442
ACACAGACACTAGTGT,1442
CGAAACATTTATAACC,1442
CTCACGAGGTGAAACC,1442
GCAGAGCGTATACAGG,1442
AACAGTTGGCTGAAAA,1441
AATATTATCCAAAAAA,1441
AATTATTGGGACCCTC,1440
AATTGGATTTCACAAA,1440
ATATTCAAAAGCCGTA,1440
CCAACTTTACGGAATT,1440
CCTAATAACTATCATT,1440
GGTAGGATACAAAGGA,1440
TTACGAAGAACCTAAG,1440
ACAACGATGACGCGCA,1439
CGCGGCAATGACCTCA,1439
CTAAGACATCCACAAA,1439
CTATTTCCTCTGATCA,1439
GAGGCGCCAATGGCCT,1438
CACCGAATAAGCCCCA,1437
CGAGGTATACATTTGG,1437
CGCTCTTCAAAATTAC,1437
GAGGAAAAATGCTTCC,1437
AAGTAAAGTTAACCAA,1436
ATAACAAGCCCTATTC,1435
CGCCCGAAGATCCCTT,1435
GCCCCTTGCAAAGATG,1435
AAGCAAACTGATATGA,1434
GATCAATAGCTCATAT,1434
ACATTAAACAGGATTA,1433
CATCGTCGTCAGGTAT,1433
GACATGGTCTCTTCTT,1433
TATAGCATTCAGCACT,1433
TCAATCTATATCACGT,1433
AATGGGTTTCTCTTTA,1432
ACCAGCACGAGAAAAC,1432
ACGAACAGCATCTAAA,1432
CGAGATTATTTGTTAC,1432
GAGACGATCTATCAAC,1432
TAATGAAAACGCCACA,1432
AAGGCATCCAAGTCTG,1431
AATTATTTACACCTCA,1431
GGACCAACTGACCTAA,1430
TTAGCTCGACCAACCA,1430
AGAGGGGTGGGCGGGA,1429
TAAGAAACGCAGGAAA,1429
TCGAGACGCAGTGTTC,1429
TTTCCACCCGTCCACC,1429
ATCACATAAAAAATAT,1428
ATTAACCACTCAATAT,1428
CAAAACCAATCCCGGT,1428
GTGTTTCAAAGATACG,1428
CAAAAATCTCTACAGC,1427
CAATAACTAGTAAACA,1427
TAAGAAACATGCCTAA,1427
CCGCACCTAGTGTAAG,1426
CGTCACCAAGTATCTG,1426
GCTATCAAAACAATAT,1426
AGATGGTGCAGAGATT,1425
GCATGCGAAGTAAACA,1425
TTAAGCGGAACAGATC,1425
ACAACCCCTCTATAGA,1424
ACTTCTGACTAAAACA,1424
CCAAAATACTCAAACC,1424
TCGATCTCGTAATACA,1423
TTTGCGTATAGCACCG,1423
AATTAAAATTCAAGAA,1422
ATGGACCCCTTCAAGG,1422
ATTGAACACCAAAGTG,1422
TATGGATATCTTAAGA,1422
ACACGCTTCTCAAGAG,1421
TCACCTTCACGGCACG,1420
AATCGTTTCACCGCTG,1419
CACGTGTAATAATCAA,1419
CATCAAATATACAATT,1419
GATTATGACGATAACT,1419
TAGTTCGTCTCATAAG,1419
AAATTGTTAAAAGTGC,1418
AACTATAATAGTTGAA,1418
AGGCCTAATCCGAAAA,1418
TGGATGAATTCGCACT,1418
CGGACTATGGATCGAT,1417
AAGGATAACCCGTCAT,1416
CTCCGAACAACCTTAA,1416
GCACAGACAGATGAGG,1416
TCGCATTCAAACAAGA,1416
AAAATAAGCGTTATGC,1415
ACCCTCAACCGTACGT,1415
AGTTTTTAAAATCTAT,1415
CCAGGTTAATAAATAA,1415
TCGAGAAAATCTTACA,1415
AGCGGGGTCTTGTGTA,1414
ATAAACCCAAATCAAA,1414
CAATTCCATGACACCT,1414
CCAATCAGGCAACGGA,1414
CTAGGTTACGCTACGC,1414
TTGTCAAACAAGATAA,1413
TATTAACGTCCCCAGA,1412
TGACCCAATCCAGGCT,1412
ATATCACAATAAGGGT,1411
TGCAAACATATACCCT,1411
ATTTATACTCTCAAAT,1410
GGCAAAAAATGAACAA,1409
TCATAGACACCTCTAG,1409
TTACGACGATAAATGG,1408
ACAAAGTAAGTAGCTT,1407
AGAAAGATCTCTAAAA,1407
CTGTGAAATTTACCTT,1407
GATCCGATAAACTCTA,1407
TGGCCCTCCCGCTACA,1407
ATGATGTTGTAGGTTT,1406
CTAGATACGATAATAC,1406
TGGTTTAACAACGTTA,1406
AAGCATTGATTTAGAG,1405
ACTGGTACCGAACCAA,1405
CAATCAAGGGAACCAT,1405
TAGTCCAAATACGTTA,1405
TGCTGACCCTGAGAGA,1405
CATTTTTGCCATACGC,1404
AGAAGTCACCTCTCAG,1403
AGCACAGTGGAAATTT,1403
TGACGCTAAAATGAAA,1403
CCAGATAGGTAAAATA,1401
GAATTGGAAAAGCCAA,1401
ATTGTCGTAGTCTGCA,1400
TTGACTCTCAATCACA,1400
ACAGAGGCCTCTCGCT,1399
CACCGCAATTCTTACC,1399
GAAAGAAAAACCTATG,1399
GTTACATAAGCTACAT,1399
TCATTGATCTAATTAA,1399
AACATTCCAAATAACT,1398
CCAAAACATTAGTCTC,1398
CCAATTCGAGCCATTC,1398
TACCATCTAACCTATC,1397
TCTCGAAGACTTCCAC,1397
AGAAGGACTAATTACC,1396
GAATATACCAGAACAT,1396
TGATTCCCTGTCCCAA,1396
GCTATTGAAATTTTGG,1395
TCGAGTTGGTCAAAAA,1394
AAAAAAAACACATTAC,1393
ATCTGAGATCGTACAA,1393
ACTCAAACCACGCTAA,1392
TATTGTTAAACTACAC,1392
CAAGACAATACGAATC,1391
CTCGCCGGTCAGTATT,1391
AAAAAAAACATAAAAT,1390
CTGCATCTAGAGGCCA,1390
GTATAATGGAACCACC,1390
GATCAAATACCTACAT,1389
ATCTCTACCCAATCAG,1388
TAGCCAAGATACAATG,1388
TTGATATGCACCATTA,1387
TCCGACCTATCTAAGG,1386
GCCATCTGTACAGCAC,1385
TATTCACATTAGAGCA,1385
ACACATTGACACTATT,1384
ATAATATTGCTTTGTA,1384
TAGGCTAACATGTTCA,1384
CCTACACATCAGCAAG,1383
GAGAATGCCATACACA,1383
TAGCGGTCTAAACTTT,1383
CCGCACCACCCTTACT,1382
AATACAGAAATATTAA,1381
CATCGAGAATACTTAA,1381
CCGTCCACTTCTAGAG,1381
GCGAAACTAAAATACT,1381
AAGGTATACGAGGCTC,1380
AAGTAGTAAGTTCAGT,1380
GAGCTAGAGATTAACC,1380
GGAAAAAAACGCGGAT,1380
TTGATACGTGAACAAA,1380
AATCAAGTAAAACCGA,1379
TATACCACTTGCAACC,1379
AAGGTTTTGAACAACA,1378
CACGGTTTATAAAGTT,1378
CTTACCCCTGACTAAA,1378
GTTTAAAAGAAACACC,1378
TCTATCAAAGCACACC,1378
AACTGAGAACGTCAAA,1377
ATAAGTTCCACTATTA,1377
GCGGTCAAGAAAGCTA,1377
TTCCAAAAAGTTATGT,1377
CCGATTTAATTAGCCA,1376
CTCATTCCATACAACG,1376
AGCATAGAGGGCGTTA,1375
TTAGGATACACGTTTA,1375
GAAATACCCCGCAACA,1374
GTCATAACGACACGTA,1373
ATTTAAAACCAGTACA,1372
TGACAAAGAAAAAGAA,1372
TGTCATTGCTGATGCA,1372
ATGTACAAAATTATGA,1371
AACCAAGCTAATGTCG,1370
TGATTTAATACAATGC,1370
ACACTCTATAGTACCA,1369
AGTAGTTAAAATATAC,1369
CCTTTTCTTGAGGAAG,1369
TACAACAGAATGGAAA,1369
CCTGACCGAGCGAAAT,1368
CGATGATTACAAACCA,1368
GAACATAATTATGGAG,1367
TTAAAACTACTCACTG,1367
AGACTATCCACTGCTG,1366
AGATACTGAAATCAAA,1366
ATCCGGAAACATACTT,1366
GCTAAAGCAATACGAT,1366
TAACAAGCAAAAAATC,1366
TGTAAGATTAATAATG,1366
AAAGGAGAGACCTATG,1363
AGAACACATGTCAGTT,1363
CAACAAAGCCACTATC,1363
CGTTGCTTAAAAGTCA,1363
TAAATAATCGTGCCGT,1363
AGTCCTAATATGGGGG,1362
ACTCATCCTCACTCAC,1361
ACTTTGCTTCGTATGA,1361
AGAACTAAAAATCACC,1361
AGGTGTACAAGCAGCA,1361
ATCTAAAGGCGACCCG,1360
CCACAGTACACATAAA,1360
CTAAACCTAACTGATT,1360
GCATATATTAGGCTTC,1360
GTTATTTATATTGAAT,1360
TATTAATGATTAAAAA,1360
TATTTTGATATTTCCA,1359
ACAGAAATTGGACGCG,1358
AGCTGCATTGGCCACC,1358
CTCTCCGAAACTCAAA,1358
GATTGCTAAATGGTCA,1358
TGGAATATCAAAAATG,1358
CCAAACTGACAAACCA,1357
GAAGATATAAATATAA,1357
GAGCGGTTCCACCAAG,1357
AAACATGATCATCTCT,1356
ACCGGACGAGGGAGGG,1356
AAACCATTATTAAAAC,1355
AAAGATATAAGACCTA,1355
AAATAAGTGTCCAAAA,1355
AATCAGTAAATTTGTA,1355
ACGGTTGATATGTATA,1354
AGAATCTCGTACCCCT,1354
GATTTCCTAGATTACG,1354
GCATTGAAGCAACAAC,1354
GTCGATACTGCGTTAA,1354
GTTAGAAACAATGTAA,1354
TCATAGAAGTATATAG,1354
ATATAAAATTAACTAT,1353
GAGAATGAGTGGCATC,1352
TCCTTATAGATCCACG,1352
CAACCGTACTGATCCA,1350
CAGCGCACACCTTTCC,1350
ACTATTAACTGTATAA,1349
ATACTAAAAGAGAGAT,1349
TCCCTCATGCTACAAC,1349
TCGCATTAATGAGTCC,1349
CGCTTTTTTATGAACC,1348
AATACACGTTGATGTA,1347
GCGAAGTTTGGAAGAG,1347
TTGACATCTCATAAAC,1347
ACATAGTATTACCAAT,1346
ACCCGTCTGATAGGGC,1346
AGAACGAAAAAAAACA,1346
AGAAGTGTGAAACCGT,1346
GAGGACGACGAAAACT,1346
AAACCAGTCATGTGCC,1345
AATATTTTTGATGAAC,1345
CCCTGTAACTCTAACT,1345
TCAAACCACTAACCTA,1345
TCCGAGATTAATGCGG,1345
CCGAGCTAGCTTTAGA,1343
GTGTTACGTATAATGT,1343
TCACAAGCCCTGTCCA,1343
TCCTGGTTACGTTTCA,1342
ACGGATGGTACGGGGC,1341
CAAATCATACGTAACA,1341
AATGAATCTCCAACCT,1340
ACATAATTCTTAATAC,1340
AGGTCACAACTCAAAG,1340
TAATATTCTTACCTCC,1340
AAGTTCTAAGGCCAAA,1339
ATTGCCATGGCCGGGT,1339
GAACAAGGAGTTCAAA,1339
TACATCCGGATAAAAG,1339
AGTCACCCTGGGTAGG,1338
CCAAAATATAACTGAG,1337
TCCTAGGGGTGTGATT,1337
AATTCCAACATGGTTA,1336
ACCCGTATAACAACAA,1336
ACATTAGCAGCTCCAG,1335
ACTCAGGCGGATGTTG,1335
AGGACCCTTCTAAGAA,1335
GAAAGATGTGGAAATC,1335
TAGTTCTTATAAAAAC,1335
AGACCGATAGTCTCGA,1334
ATTGCAAATATGAGTA,1334
GATACGCCGAAAGTTC,1334
AAATCAATGGATAACC,1333
TAATAAACCTGTGAAC,1333
TGTCACAACGGCTGGC,1333
CAGAGCAGTATGCAAT,1332
CTTAAATACCTCCCTG,1332
GTTGCGTCAACCTCTC,1332
TAAGCCCTAGGCTGTA,1332
TAATTCACGCAGTGAG,1332
AACCTATCAAAAATGC,1331
ACCCTAAACAATTAAT,1331
ATGAACCTATAACAAA,1331
CATACTCAACGCAAAC,1331
CTAAGTGTGGAATAAA,1330
TCTCAAAAATATGATT,1330
CAAACTACAGGATGCA,1329
GCATAGATACCAAGAC,1329
ATAAATGAACGTAACA,1328
TTATCCATGTTAAAGA,1328
ACATACACCTGCCCAA,1327
AGCTACTCTAATAACC,1327
ATGACGCAGTAAAACA,1327
GGGGCTTTATTTGGAA,1327
AACATAGTAACAACAT,1326
AGAGACCTGAGAGAAC,1326
ACAACTCTCGGTGTAA,1325
ATATCCACCGACATAG,1325
ATCATAATTTCCCCCT,1325
GAAAATACCCACAAAC,1325
GATGGGTTTACATTCA,1325
TCAAGGAACTCTATCA,1325
TCGAGGTCTAATAAAA,1325
AAGGAACTAAAATTTC,1324
TTCAGTTATATCTAAT,1324
AACACTGCTGAAGAGT,1323
ATGTTAAATCGGGAAT,1323
ATTTAATTATTGACGT,1322
GTGAGTTACACAAAAC,1322
CGAGAGCTATGATACT,1321
TCGCCTAGCGACAGCA,1321
CGTAACTCAGATCAGA,1320
GCCCCCTCGCCGGCTT,1320
GTGTGATACTCTTTAC,1320
ACACAAAGAACTAACG,1319
TACTCGATAGGCGACA,1319
GTACTTCTGCTATACG,1318
TATGATCCGGGTATCG,1318
AGAGCGTTACTTAAGC,1317
AGTTCATGTAATTGAT,1317
GAACCGCCCATTGATA,1317
GTATTAAATACAGGAT,1317
TAACAGGCCAGCGGAC,1317
AATAATACCAAACCTC,1316
ACAGAACCAAAAGAGA,1316
ACGCACGACACTAAGA,1316
ATCCCTGTCGCGCTAG,1316
CACTAGAAATATATAC,1316
GATTATGACACAGACT,1315
TGCGTTTCACTAGCTA,1315
AGATACAAATACAAGA,1314
TATTTTATTACAGAAT,1314
AATAATAGGACCACTA,1313
AGAAAAAAAGACAGAT,1313
AGAACATTAAATGAAG,1313
TAGTGGTTAAGCATAC,1313
TTGCAGCAAATTATAT,1313
CAACTATCATAGATTT,1312
CATATGATTCAATAAT,1312
TAATAAGGCAGTGATT,1312
TACTAAATAGTATACA,1312
AAAAAATTAAAGAACA,1311
AAATGATTAACGTATA,1311
AACGATGCTTCCACCG,1310
AGAAAATTTAATTTGA,1310
GATTGTCAAGCTCAAG,1310
TAGAAAGAATGACAAA,1310
ACCCTATACGGCCCTG,1309
ATACGGAAATTAATAT,1309
CTATACACCACCCCGA,1309
GCGGTCAAAAAATCTA,1308
CTGAGCGAACACTACT,1307
GCATAAGCATACATCC,1307
AAGTTTGTAACCCCTC,1306
AGCGGTTTATGTCATG,1306
CAAGGTACACTTTGTG,1306
ATTCAAGACGTCATGA,1305
TACGAATCTACTTCCG,1305
AGTAATATTCTGGCAA,1304
AGTGACTGGCTATCCC,1304
CTCACTAAACATACGA,1304
GTCTCATTACCAAAAT,1304
TATTATATAATTGATT,1303
AGAAGCCTCTCACCAA,1302
ATTAGCCCCCGGTAGA,1302
AGGACGTGAGGCACAT,1301
ATCCCAAGTTTATATC,1301
CAAACGCAAAATCAAG,1301
GACGCAACTAACATTA,1301
AAGACAGTGAAGCAGA,1300
CTAAGCATTCCCATGA,1300
CTATGGGTTCACATTA,1300
GTGCATCGAGATTATT,1300
AATGTACCTTCTAAAA,1299
CATACTCTCTCAAAGA,1299
GCAACAATGGCGTGTC,1299
AAAAAACTGATTACCC,1298
ACTACTAGGGCCTCAT,1298
ATCATCCCCACTTCAC,1298
CAATTCATCGAGAGAA,1298
CACAGGAGTATGTCAA,1298
CAGTGTATAATCTGAC,1298
CCCCTGCGAAGGGTTT,1298
TGCATATACTATCCCG,1298
TGTAACCGTGAAATTT,1298
AAGGTGGTGAAGCAGA,1297
ACAAATTGAATGGAAA,1297
ACATAGAACTAAAACG,1297
AGATAACATCGCGTAC,1297
CTCTCAGCGAACATAA,1297
TATCTTCGAGTAATAT,1297
CAAGAAGGGGATGCTA,1296
CAGACATACCATTTGA,1296
GAAAAAGCTCCACACA,1296
TCGCAGGGTTGAAGAA,1296
TTAACCCAGATTAACG,1296
AAAAGGACACTTCTCG,1295
CCTAACTGTATCTACG,1294
GGGCCTAACTGCACAG,1294
TCCTATGCACCTTTAC,1294
TGTTAATTAAGCTTTC,1294
TTACGCAGGGCTAATT,1294
TTTGAATGGACGGCCT,1294
AAACTAGATGTCTGAT,1293
ATCTCAACATAACGTA,1293
CAATCCAATAGCCACA,1292
CTAGGTATATTCAACT,1292
CTTATTAGGACGTAAC,1292
GCTCTCCGGCTGACAG,1292
TTCAATATAAACCTCT,1292
ACTGTCAATATAGAAT,1291
CGATGTTCACGCGCAC,1291
GTACCGATAAGTAGAG,1291
TAATATAACCATCATT,1291
GAACATCGTACTTAAC,1290
GAGTCATAATTGATGG,1290
TATGGTTGCGTCAGCG,1290
TTGCGCCAAACAGCCG,1290
TTTTTTGCGATCAATA,1290
AAATTAAAGATTATAC,1289
AAGATGAAGCACCATA,1289
TTTGAAATATCTTTGG,1289
ACAGAACAGCAGGCAA,1288
ATACCTATGCTGCATA,1288
CCGATAAAGGCGGAAT,1288
CGAAATGTGACGCCCA,1288
CTCCCCACCCATATCA,1287
CTCTAAACTGAATTAC,1287
GGATTTGCGCCCTAGC,1287
TTATCATCTCAAAAGA,1287
ATGAGCAACAATAATA,1286
CATAGAATTCAAAAAA,1286
GAAGTCACTAAGGAAT,1286
GAGGTACTGATTACCA,1286
TCACAACATACAGCAA,1286
ATATATAGATTCTGCA,1285
ATGGCTCGAGAGCAAG,1285
CCATTGTAAGCACCAA,1285
TAATAATCCCGCATCC,1285
CACCTACTAATAAGTT,1284
CCCATACTTGATTGAT,1284
CGTCACGCGTAAGACG,1284
TCTCTCATGACGCACC,1284
TTAATCATAAAATACC,1284
AATATGTTTCCCTTAT,1283
CGGATGAATATAAAAA,1283
GTTATGCTTCAAAACA,1283
TCTAACAAACTTGTAA,1283
AAACCAGGTGATGAAA,1282
ACGCGCCAATGTAAAT,1282
TCATAAACTAGCACAT,1282
ACTGCGGTAAAAATGA,1281
CAATGGCGATAAACGG,1281
CATTTCGCTAAGTCGA,1281
GCGGAGAATAGCCATC,1281
GTAACTCGACCAAACC,1281
GTCGATGTCATCCTTG,1281
AGATACGCATTCAGAC,1280
CCGGCGTCTAACTAAA,1280
GGTGGTGTTAACCAAC,1280
ATTACGCTTGAAGCGC,1279
CCGTCGAGCCAAAAAT,1279
TAAATATACCCAATAT,1279
AGACAACTTGCGGTCC,1278
GCCCATGGACTGAACG,1278
TATCGATAACCGAGCC,1278
TCTAGACTATTAAGGA,1278
AAAATTGTATATAGAA,1277
AAATGGCAAGACTTAT,1277
AGCACCGACCCAGTCA,1277
CATTAAAGCCCAACTA,1277
GCAACTGGGCCCGTTC,1277
TTCTCTATTTCCCGCT,1277
AAGATATCGGACTACT,1276
CCCCGTGGGATTGTAA,1276
CTAGAATGCCACAAAT,1276
GAAGCTCTACCGCATG,1276
GCCGTTTGATAACCTA,1276
TAATCGCAATGCTAGA,1276
ACATTACGGACTGTCA,1275
AAAGTAACCTATAGAT,1274
AACCCACTACTTACTA,1274
AGGTAAACAGAGACTA,1274
GCTACAGTAATTAGTA,1274
GTAACTCTTCCTTACT,1274
TTATGAAAAAACACTG,1274
CTCAAAGGCAGCCTTG,1273
CTTAAGGTATGGCGTT,1272
GGATTCGACATATTCA,1271
ACGGTCTTGCGAGAGG,1270
ATAAGCTGTCCACCGA,1270
ATAAGGTACGCGTTGT,1270
CAGAAAATAATTTCTA,1270
CCAGCACCCAAGTGCC,1270
TTCTGACTGCCAAGAC,1270
AGCTAAGCCTACTCCT,1269
TACCAGCTGGCAATAC,1269
AATTATGCGCTCAGGG,1268
ACTCGCCATCAAACAG,1268
AGAGTCAACAATAACG,1268
ATATATGACAATATAG,1268
GCTGGGGCTAAATGCA,1268
TTTTAATTGGGTAAGG,1268
AATCCTTTATGCCCAA,1267
ACGTCAAAACTCAAAT,1267
ATGAGGCATATTAAAG,1267
CTACACGAAGATCAGA,1267
TCTTGAATGTATCCCA,1267
TGCCAAGAGAGAATGG,1267
ATGCTTCGACATCGTA,1266
GAAATCAGAACAACAG,1266
AGGCTCTATTCGCCCC,1265
AAGACTACCCCATCGA,1264
ATGCAATTGACTACCA,1264
CAGGCCGAACAAACTT,1264
GGAAATACGTAATAAT,1264
AATAACACATTACACA,1263
AGGACATCCGAGTCAG,1263
ATTCACGCTTACTCAT,1263
TACCAAACGAAGACGG,1263
CTGAAATCCCTATTAT,1262
GTGTGTATGTAACAAT,1262
TAAAATGTATATTTGG,1262
TCACCGTTATACCACG,1262
TGCGCGGGGCCATGAA,1262
AAACGACGGGACTAAA,1261
CACAGGTAACGGTACG,1261
CCCGCGATCGGCACAT,1260
GAGTACTGAGCCTCAC,1260
TTACCAGTCAACATTC,1260
ACTAAAACTCTCAAAA,1259
ACTCAAAACCACTTCC,1259
ATCAGACCGACTACTC,1259
GTTTTTGAATACAAAG,1259
TAGCATGAAGTCATGC,1259
AAGAAAAGAAATCGGA,1258
TAGACCTACTCAGACC,1258
ACGTATAACAGTAAAC,1257
GAAGAAGTCTGAAAGT,1257
TCAATCGCACTCCTAC,1257
TTTCGAATCACGAGAA,1257
AATGAGTAAATGATTA,1256
ACAAAAAAAAGCTGGT,1256
AAAATTCGATACCGAT,1255
AACAATAGTCCACCAT,1255
AGATCCAAAAATCTAA,1255
AAACAGAACGAATCTA,1254
AGTAGTTCGACACAGG,1254
CACATCCCAATAGATC,1254
CGTGGGGGCCTTTAAC,1254
TCCACCCCTGCTATCA,1254
AACTGGGCAATGGATT,1253
AAGAGTTATATAAACC,1253
AGCGTATATCCGAAGC,1253
CCATCATGGTTGAGAT,1253
CTAGAAAATCTAAAAG,1253
CATAACCTTCCCACTT,1252
CCAACTCAAATAAACC,1252
GTTAGCTCCGCATTCA,1252
TATTCATGATTTTCCG,1252
AAGGACGTCGGAAAAT,1251
ATATGAAAGGAGAACC,1251
CCTCGCAAGGAATCCC,1251
GCAGCTCGGATGAAAA,1251
GCCAAAATTAGCATGT,1251
GGTAACGCTAACTATC,1251
GTGCAGATCGAAACAC,1251
TGCACTCGCAAGTTAA,1251
ATTGGCGCGGGATAAG,1250
CTCCAATGCCTCTATG,1250
GAACGAAAAATGCGCA,1250
TACTAGGAACCCCAAC,1250
TCCGTATAAACGCGGC,1250
AAATCTCAATCGCAGC,1249
ACATGGCTAATATGAA,1249
ACTTTCCTCCGCGAAC,1249
AGATCGAACAGTACAC,1249
TTTGGCTTCAATGGAC,1249
AAAGTCTAACAAATCC,1248
AAATAGCGCCAGGGCG,1248
ATAACAAGCAGACATC,1248
CATTTTTGGAAACCAG,1248
CTAAGACGACCATAAT,1248
GTAGGTGTCTACCTGT,1248
TAGAAAAAGTAACTTG,1248
ATCCACGATATTAAAA,1247
ATTACTCACAGACACA,1247
CACTTACTAAACTCAA,1247
CTAGATATTGAAAGGT,1247
GAAGGTAAAAAGAAAT,1247
TGTAACCAGCACAACT,1247
TGTGAACACAATTAAC,1247
AAAGAATCTTAGCCCG,1246
CTATAACACGCCGGGC,1246
GTGAACTATTTATAGA,1246
TACCCTGACATAATGG,1246
TGCAAACGAAGGACTA,1246
AGAACACTGAGGGTCC,1245
AGATAATAACTATGAT,1245
CAACACTCTCGGAGTC,1245
CAAGCGACGCATCCCC,1245
CCACATAACCAAGGCA,1245
CACCTGACAGCAAATC,1244
AACCTTACGACTCACT,1243
GCACTCTATGAAAAAA,1243
GTAAGCAAACTTTATT,1243
TACGATGTATCACAAC,1243
TAGGTTACAAATAAAC,1243
ACAGGAGGCACGACAG,1242
CATCAAAGTCTGTCCC,1242
GACAGAATCGACGAAA,1242
GTATTGCCCTGTCTCA,1242
TCCGGAGGTACCACAA,1242
CAAAAGAACCTCCGAC,1241
CGGGCGAAAAATCTAC,1241
CTACAGAAGCGATAGT,1241
GACGTAAGTGGGTCAA,1241
GACTAAACCGCCATTG,1241
GCGCTAGAAAACGTCA,1241
GGGATAACCGATATCT,1241
ACGCCCTGAACAATGG,1240
ACGCTGGTAATATTCG,1240
ATCACACAGTGTGATA,1240
CAAGCAAAATTTCCCA,1240
CAGTAAGGTAAGTCCA,1240
CCAAAAACTCAATGAT,1240
TAACTGAGAGAAACCG,1240
TTAATGATAGGCATCA,1240
AAAGTACTATTAATTC,1239
ACCGTGAATCTTAGCG,1239
ACGAGCCGTGACCCGG,1239
CGAGCAATCATCACGG,1239
CGGATACATAAAACTC,1239
TCTTCCATTAATTCAC,1239
TGATGCGTTGAGAGAA,1239
AACAATTGATAGCCCA,1238
CAAAACGCGATAACGA,1238
CATGGCCCACATCGCG,1238
CTCAAAGAACGTGTAC,1238
GACGTTTGAATATGGA,1238
GATCCAGCTCAATTCT,1238
TGACACACCGAGCATA,1238
ATTAACCAAACCGCGC,1237
ATAGACGGTAAACTAG,1236
CGTAGTTTGTCTTCTA,1236
AACTCAAGTAGGATAG,1235
ACAGCCACAACCTGTA,1235
CTGATTCCTTGGAATG,1235
GAGTGCTCCACGAGAC,1235
TCTACCACATATCGGT,1235
AATCCTGATTTACAGA,1234
ACCTTAACATTTACAT,1234
AGACCGAATGCTACGA,1234
ATCTATGAAGATTTTC,1234
TCTTACTACAGTCTAC,1234
TTTTGCACACCCGGTG,1234
CTAAAAATACAGTATT,1233
AACTGATAATTTGACA,1232
CAACAGACCGAAGGTC,1232
GCCCAAGCCAGTTGCT,1232
TACAGACTGAAGACAC,1232
AGACTGGAACAATCCA,1231
CACGCTAGATAAGCAA,1231
GTACGCTAATCGGTTT,1231
TGTTACTGGAACAAAA,1231
ACTCGACGGATGGCAC,1230
CCCAAGGACAAAAAGT,1230
GGCGAGAGCTGCAAGC,1230
AAATGACGATCCAGGG,1229
AAGAACAAATAAAATG,1229
ATGGTATAAACAAAAC,1229
ATTCGATGAACGAATG,1229
CTAATCCGTCGGATAA,1229
CTATCAGTGATTTCAT,1229
GAATACTTAATAATAA,1229
AACCGGGCAGCTTTTA,1228
CAAGAGATTATATCCT,1228
CACACAGGCAACGAAC,1228
CTACTTTGTAAGAACC,1228
CTATTATCATATTGTA,1228
TTACGGGGGAATCCAC,1228
ACAAAGTGCTGCCCTC,1226
ACCAATATATACACAA,1226
AGAAAATACAGTGATT,1226
AGCCCGACTAAAGCGC,1226
TGCCGGTATGTCTGAT,1226
ACACGCAAGGCTTACA,1225
TACATCTTTCTTGGCG,1225
TTTTGATACCTCTGCT,1225
ACAGACCTTGATCACA,1224
ACCTTAATTAAGCACA,1224
CAGATCTATTTTTCAA,1224
GATGAAGTATAAACAA,1224
GCGTTAATGCGACAGG,1224
CAACATCCAGGTGACG,1223
CCCAATAGTATTCCAC,1223
CCCCAATTACTAGAAC,1223
GTATCAATCTGGTAGC,1223
ATATAATTATAGTGAA,1222
CAATTACGCTTAAAGC,1222
CACCAACTAAATGCAA,1222
ATTTGTGACATCTGGG,1221
GATCTAAACGGTGGAC,1221
GTAAAAAAATATTGGG,1221
TACCCGCTCCCATTTC,1221
CGGTGACACCACATTT,1220
GCTTGCGAGAATACTA,1220
GTGCAACCTTGAAAAG,1220
TAGTTATCGAATTCCC,1220
ATAATCGGAACTAAAT,1219
CAAATCGAATACTAGA,1219
CTATTTCACACACACC,1219
TCCGGATTACGGCAAT,1219
TGGAAGGGTACGCCAG,1219
AGTAATCAAAAACTTA,1218
CCGTGAACAGCAAAGT,1218
CGCAAACACTGTTCAT,1218
GGTCCGCCCTTAAATT,1218
TAGATGTATCAATGCT,1218
TATATTGACCCTATAG,1218
TCTCCACTGATCAAGT,1218
ATTGAGGTTCTCCCCA,1217
CTGCTTTTCAAATATC,1217
CTGGACTCCCAGCTAA,1217
GAGCTTCTTCAATCGC,1217
CGGATCTGAAAAGTAT,1216
GCCCAAATGGACCGAG,1216
TGCATCGGTTGCAAGC,1216
CGCCTCTATATTCGCA,1215
GTCTTTCACTTGACAC,1215
CCACGTCAGGGCAATT,1214
GGATGGCTGCACAGCA,1214
CAACCTGGGACCTAGA,1213
CACGAGATGACGAGAT,1213
CTACACTAAGTATTAT,1213
GTAGGTACTATGCGTG,1213
TACCACTTTCACTTTA,1213
ACGGCAAAATTTCCAC,1212
AGATTCCAAAGCTTTA,1212
AGTAAGTCAGACTATC,1212
AGTTTGTTGGCTGTAA,1212
ATAAATCACATATCAC,1212
CGACGCCGGTGAGAAC,1212
TAGCAGTGTCATGTAT,1212
AAATGATCAAGAGCGA,1211
ACAAAGAGCGATTCCA,1211
CCCACATAAAAGCAAG,1211
GAGAGAGATTCAGCGA,1211
GATGAAATAACTGCAA,1211
GCTTTCGATGCATTAG,1211
GGCTTCAACACCTAAT,1211
TCCATTGTCAATTAAA,1211
ACCAAATACGCGTAAT,1210
AGACTGCAAAGCCACA,1210
CTATGTAATAAAATAG,1210
GAGCGAACTCGAACCA,1210
GGAGTTCCAGGACATC,1210
TATTCATGGAAGTCGC,1210
TCTTACTGGCCCCATG,1210
TGACTAGTGCCGCGTA,1210
TTTACATATTACACAC,1210
AGACGAGATCAAAAAC,1209
GAAAACGACGGTTACT,1209
GACCAACCGAGTATTT,1209
GAGAGAGCCTAACAAC,1209
GTGTGATGACATAATA,1209
TAATAACGAACCATGG,1209
TGCTTTCATTAACTGT,1209
ACACGAATTTCTTGTG,1208
ATATGAACAATCTGCA,1208
ATTAGATAACAATAAG,1208
ATTCAATCTTTCATTA,1208
CGAAAGTCCCAGATGA,1208
CTGCTTGCGAATGCAA,1208
GAGGAATAATTGTGGA,1208
GTCTGCAATAATGATG,1208
TTGTAGAACTTCCTTA,1208
AGGAGAGTTCAACAGA,1207
ATGACCAAACACCTTT,1207
CAAAATGACTACAGTG,1207
GCTGCGCTTCCATCCC,1207
TGCTACGCAGCCCGAG,1207
CATTCACCCCCACCGA,1206
GAAGAACATCCAGGCG,1206
GTCTTTTGACCAGAGA,1206
TCATTGTCAAAACGCT,1206
TGAAATTACATTATAG,1206
ACATTCTCAGCAAAAC,1205
ACTTCGTACTTAGAGC,1205
CAAGTAACACAGATAA,1205
CACCCTGACTACTTGC,1205
CAGAACTATTTTCCTG,1205
GACCAGAAATGCTAAA,1205
TAAAAGAAATGAATCT,1205
ACAAAGACCCTAAGAC,1204
CCGTTATGGACCACAA,1204
AAATTGGAAGAGATAT,1203
AATAATATGGAATTTC,1203
AGAACCCAGGGATACC,1203
AGGAGAACTAATAACT,1203
ATAGTTGCAAGAAATC,1203
CTTCCTCAAGCATGAG,1203
GATTGAATCTCGTCTT,1203
GTATCATATGTTACTA,1203
TGACACGAAGGTTTAA,1203
AGCATGTCATAACAAT,1202
CACATCCAAAGGACAG,1202
GGAAGACTCTAGTCAT,1202
TTTATCAACATGGCGT,1202
CAAAGTTATTCAAAAA,1201
CGGATGGATACGGACG,1201
GTACGACAGGCCACAA,1201
AGGCTACTAGGGTACA,1200
ATGATTTGACAATGGA,1200
GGCAGGTACCGAAAGA,1200
TGAGAAACACTCTCCT,1200
TTTAATTAACGAGAAG,1200
AAAGACTTAAATCCAA,1199
GGCGAGTGCTCCCCAT,1199
TCTCCCACAAACAGCA,1199
TGCTCTTCCTGAAAGA,1199
ACGTACCTCAACATTC,1198
CATACGCAGTACGTGC,1198
CATAGAATACCCTACA,1198
GCTCGAGTAAGACTAA,1198
TACCAATAGGACTCGC,1198
TTAACAAGTGCACTCA,1198
AACGTCGTACTTGCAT,1197
ACAAGCAATTATGCTT,1197
AGCACCAAAGAAATCC,1197
AGGAAGTGCATTTCTT,1197
AGGTAGGCTTCCGCCA,1197
ATAAAATAGAGTAAAA,1197
GCTATAACAAAAGCCT,1197
TGAACAGGATTGAGTA,1197
AAAAGGTATATTCAAA,1196
ACAGTCATACAAGAGA,1196
AGTTGTGTCGACCCAA,1196
ATTACTCCATGCAACA,1196
CACTGCCGTGAATAAA,1196
CTTGACCCAACCACGG,1196
CTTTCACAACACATTA,1196
GGGCATTCCGGGCGTC,1196
TTATACTCTATAATTC,1196
TTCAAAGAAGGGTGAA,1196
CATGAATACGAATCAT,1195
CCAGGGGGTTTATCCG,1195
CGTTTCGACAATTAGA,1195
GTTCCAAACGCAGCAC,1195
TACAATGTGTCTAATG,1195
TGAACAAACACAAGGC,1195
AAACCCTAAAACGTAC,1194
GAAAATTACTACAGAA,1194
GGCCGGCGTAACTAAT,1194
GTGCTCCGATCCTAAC,1194
TCCGGACGCGATGAGG,1194
TTGACCCTCCATGTAC,1194
AAGGTCTTAAAGTGGT,1193
CAAACACCGAAGAACC,1193
CAGTTTAAATTTTATG,1193
ACGGAACCTAGACAGC,1192
AGCGGCAATATTTGAC,1192
CCCTCGTAGTATACAC,1192
GAACGAGTACTAAAGT,1192
AAGGATAGAGAGCCGC,1191
AGACAGACCTGGCGAC,1191
AGCTGGCGAAAGACAT,1191
GATTTTCCTAACTCTT,1191
GCGAATCTGGCAATTG,1191
TAAAACATCACATACC,1191
TACAGTTATGTAGAAT,1191
TCAGGAGCAAAGGCTG,1191
TGATTCTTAACAGGTA,1191
AAAATTAACCCGATAA,1190
ACAATCGCAATATCGG,1190
AGCCTTAGTTACATCA,1190
AGGACGAGTTGATGAA,1190
TGATAAACTGCTCTAT,1190
CGACTACTAGTTATAC,1189
CGAGTGTGATTGCTAT,1189
CGGGTCTAATGATAAC,1189
CGTACTTACCTTAATG,1189
GACCATATTATAATTG,1189
GACCATCACAACTAGA,1189
GATCAATTAACATTGT,1189
TCCTAAGGCAAAATAG,1189
TTAAACAAATAAGCAG,1189
AAATAAGCGATCAAAA,1187
CAGAGAAGGCGCAAGG,1187
CGAAGGTTCGGAGAGA,1187
TCCAAGGTCTCTTCTC,1187
AAACGGCTTAACTTAT,1186
AACTTGAAACCATAGA,1186
AGCTCATCGGGACACA,1186
ATCGTTCAACTTCTAC,1186
CTAAAAGTTCGATCCA,1186
GTCACAGTGGGATCGC,1186
ATAATCACAGATTGCT,1185
ATTAAAAATAAATTTC,1185
CCGTTATGAAACAACA,1185
CTGACGATAGGCAGTC,1185
CTTATATACGTTACGT,1185
GAGCCACAAACCCATA,1185
TGTTAATACAGGTAAC,1185
AGCACCCAGTCACAGG,1184
CGATGAGACTGAAAGG,1184
GAGACACCCAAATTGA,1184
TGATCCTCCCGTTCGT,1184
TTCTGGTGGTCGATTC,1184
ATAACACGACCTCGCA,1183
GCGGAGTCAATGACAA,1183
TCCATAAAGAATTTCA,1183
TGTAACAAAAAAAATT,1183
TTCCCCTGCTAATCTA,1183
AACATTACTCCCACTG,1182
AAGAGACGAAGCAACC,1182
AATATCACACCTACTC,1182
ACTAACGAAGAGCGAC,1182
CTAAAACAATAGCCTC,1182
GATGGCACTGCCATAA,1182
GCAACTGTGGGTTCCT,1182
TAAAGACTAACCGTGA,1182
TGCTAACTCGAAAAAA,1182
ACCGATTAGGAAGTTA,1181
AGTTCCAAAAGCACGC,1181
CCGACACAATAAAACA,1181
GCAGCCAAAAAAACTT,1181
TCCTTTGCTGAACCTA,1181
TGCGCCACGTAAACAA,1181
TTATAGTAAAACTCTG,1181
TTTTTTACCTCAATCA,1181
AAAAGGCTAACCCCAC,1180
AAAATCCTAGAATCCT,1180
CAATATCCTCATACCG,1180
CATGCTAGCAGTCATC,1180
CGGAATACAGTCTATA,1180
CTAAACGATAAAAGGA,1180
CTACGCTATATCTTTC,1180
GAATCTTCAAGGCATG,1180
GCTTGCGCTTAAATGA,1180
TCAGTAAAACAACAAA,1180
TGCGTAATGAAATCGA,1180
TTTTGAAAAGGGCCGA,1180
AGCCGAAGCAAAAAGG,1179
ATATATACATGACCCT,1179
GGTTCGAAACTAATAA,1179
ACGGATCATATTCCGC,1178
ATACTGCGCGAACTAT,1178
CCGCCCAAAAAAGCAC,1178
GACATAAAACAGTAGT,1178
GATGGCTATAAAGCCC,1178
GTATTAAAACGAGTCA,1178
TAAGCAAAATCTTACT,1178
TCAGCTCCAGAATCCA,1178
TTTCGAAAATTCCACC,1178
AGCGTCCAAGGTAGGC,1177
TACTCTCCCACCGAAG,1177
TAGACTGCATGCATGT,1177
ACAACCTAGCCGGCTT,1176
ACAAGACTGCCCCTTG,1176
ATCCAATGTAAGATTG,1176
TTGCCACCAAAACACA,1176
AGTCAAGCAAATACCA,1175
CAAACCTCAGTTATTT,1175
CTGCTAGGAGGCATGT,1175
GAAGAAGTGAAGGAGA,1175
ACGGACTAAGCCAGTG,1174
ACTGACTCAATAACAG,1174
AGATCCAGTGAATATT,1174
AGTTAGGTTACGGGGA,1174
CCTAAGCAAGCCGGAC,1174
GACGCCGGCTTATGAC,1174
GTAACCACTAATCTTA,1174
GTTAAACCAATACTCA,1174
TGATTATCCACAGTAA,1173
TGCGTTATTCGATGAT,1173
AATGCGAAAAGTCACA,1172
ATGAGAATCTAGAACG,1172
CCTAACATCTCATCCA,1172
CGTGGTCACTTAAAAA,1172
CTAGCGAACACTAGAT,1172
GAAATAACGCAAACGA,1172
GCCTACCTTCCACTAA,1172
TACTTAGCGAAACTGC,1172
TTACCGGGTCTGATTC,1172
CCTAAAGGGCACGTAC,1171
TACAACCCAGACTTGG,1171
TTGTTGAGACCACCCT,1171
AAAGTCCGATCTCCTT,1170
AATGAACTAGCATACA,1170
CAATTTCATGTAAAGT,1170
CCAATAGCCTAGGTCT,1170
GACGACAATTAGGTCG,1170
TAAACGAAAACGCTGA,1170
TACAAACAACACAATT,1170
TCAATGACACCATCTG,1170
TCACTCATCAGCGGAT,1170
TGGAGGCTAGATAGTG,1170
ACATAGAATGTACACA,1169
ACTAGCACAAACAATA,1169
ATATCCAGGTAAACGC,1169
ATTAAAAATAGCACAT,1169
GAAAACGTCAGAGGAC,1169
TGCAAACATACAGTTA,1169
AACAGTTCCTAACGCA,1168
CAAAGCCAAAAAAATT,1168
CCATCTTAGATTGAAT,1168
CCTCACTTGAGTAATG,1168
GGACTTCCGAATTGAC,1168
TCCTCAACGGTTGGCC,1168
TGTTCCCACGAAAACC,1168
AAATTTCGTCCCGAAC,1167
AGCCAAAAAGGTAGTT,1167
GGTAGTACATAATAGC,1167
GTGTTAGTCCATAAAT,1167
TATGACACTAAATACT,1167
CACTTGGTTATTGGCC,1166
CGGATAGAATACATTA,1166
CTGGCATAAACCAATA,1166
GAACCAATACAAGAGC,1166
GACCACCATACATGGA,1166
GCTTCAATCAGAAAAC,1166
TCATGAACTCGATCCA,1166
TTAGCTCATACACAAA,1166
AAACCCCTTACTATCA,1165
AGATAGTAACATTACT,1165
CACCAAGCTCGGATTC,1165
GATTAAAGAATATTGG,1165
GGAAATAAGATGAGGA,1165
GGTCACCTGCTATCAG,1165
GGTTCGGACACATCAA,1165
AACTGGTGATCTCGGC,1164
AAGGAATTTATAAAAT,1164
AGGCCAACTCGATAAT,1164
AGGTGCGTTTTACTAC,1164
ATAAGCTAACTCTGCA,1164
CACCGAGTCTCGGTAA,1164
CACGTCATAGCAAAGC,1164
CCCGTCCCCCCCAACA,1164
AATCGGGGTTGTGCGA,1163
AATGGGACGAAATGAT,1163
AGATATCTAGGAATAT,1163
ATCTAACACGGAGTAA,1163
GAGTCACATTACAGAC,1163
ATACCCCGATGATGAC,1162
CCAATCCTATCCGACC,1162
GAAATTCCGTGAAACA,1162
GACAATTGATCATATC,1162
TCGCCTGCAGTCTGCA,1162
ACCCATTGAGTACCCT,1161
CAAAGATAAGTTCAGG,1161
CATAAGGTTACGCACA,1161
CATTATATTTGTAATA,1161
CCACTGAAATTACAAG,1161
CGCTTAGCTATAATAT,1161
CTACTTGTAACAACCA,1161
GGGAAATGGACGCTCA,1161
AAAGGAACATGGATGA,1160
AACCAACACACGATAG,1160
AAGAATTAAATACATG,1160
ATTACTTTGTAGAGTA,1160
TCCTACGAATAATCCC,1160
TTCTGGTTTTCCACTA,1160
AGAAATTCCTCCCGTA,1159
ATTTGCCAACTCAAAC,1159
CAAGCGTCTTAACGCA,1159
CACACGCACCGCACTC,1159
CGAACACCCAATGTGA,1159
CTGGGGATGTAACGGT,1159
TGGACCAAATTATACA,1159
TTTTGTGTGTTCATGA,1159
GGAGAATTTTAAGCAA,1158
TACGCCAGCAACGTCC,1158
AAGAAACGTTGACAAG,1157
ACGTGCGTAAAATACA,1157
ATGGCAGCTGAACTTT,1157
TCAATACATGCGCTTT,1157
AAATCTTGCAAGCCGG,1156
AAGAGCCAGGTAAACC,1155
AGATAAAGCGGTACTG,1155
AGCTAAATAGCGACAA,1155
TAACACAAACTACCCC,1155
TTACACAGAAGAGTAA,1155
AACCTACTAACTAGTG,1154
ACATCCAGCCGAACGA,1154
ACTGAAATAATTAAGC,1154
ATTCTTATCGGGCTAA,1154
CAATTTAAGTGTGGTC,1154
CACTCATGATGTATTC,1154
CTGGAAATACAAACGA,1154
TAGAAATTGACTAGAC,1154
AAAATGTGCACCTCCA,1153
AATAACTCCACAGTAG,1153
ATACTTCCGATTAGTA,1153
CAAACCAATCATTGAG,1153
CCCTAACTACTTACAA,1153
CCGGGAAGACAACGAC,1153
CGGTCTTATCAACTGA,1153
CTACATTCTGAGTCGT,1153
GACACCGGAACTAAAG,1153
GCTCAAACGGATCGTT,1153
GTTAACCGGTTAAATA,1153
AAACACAGCATTTTGA,1152
AAAGGGATTACGAAGC,1152
TGGAATAAAATCTCAA,1152
AGCAAACGTGCCCTAC,1151
CAGCATCTACTTGCAG,1151
GCCGGTTTAAAAACGC,1151
TGGGCTGTGCCAACTT,1151
TTCCAATGAAGACAAA,1151
CACCGGGTCTAATTCC,1150
CTCAGCCCTAAATACA,1150
CTCATATCATTAAAGA,1150
GAGATCCATACTGCGC,1150
GCCAGAAAGTACCTCT,1150
GGGTTCCTAGGCTAGA,1150
TTAAAGCTGCAAACTT,1150
AATGCGTAAAAAAAAA,1149
AGATCTTATGCACCCA,1149
ATCGGCAGTACTATGT,1149
CCACCGATGTATACGC,1149
GACTAGGGATCTGAAA,1149
GCGTCAAATAGACTAG,1149
TGGACACAACTTAAGT,1149
AACAAACTCTAGTAGC,1148
AACACAATAACGCAGA,1148
AAGAAAGGGGTGTTAA,1148
AATACCCCCTGATTGT,1148
CAATACGGTAACCAAG,1148
CTATTGACTGCAAGGG,1148
GAAGAAGCACAATTCA,1148
TACAGGCGCTAGACGA,1148
TATATAACTAGCACTA,1148
CACGGACGACCAGAGC,1147
CCGACCAAGCACCTAG,1147
CCTACAATTAACAGGG,1147
GCCGGTTCCCAAAACA,1147
GTTCATAATGAATCTC,1147
GTTTAGTGAGCCTATA,1147
TAAAAATCAGGACGAC,1147
TACGAGCTGAACCGAA,1147
ACAGAATGGCACTAAT,1146
AGTTCAGGATTTTCTG,1146
ATGACAGCGCTAAAAA,1146
CCCGATACAAGCACCT,1146
CCACGTCCCTACATGC,1145
TAGGCACGGTTATGCA,1145
AGCCACATTTGATGTA,1144
ATCTTGCCGTCTTTGG,1144
CAAATCCTAAACAACA,1144
CGGACCCTCAACCCTA,1144
GCAACACCACTATCTG,1144
GTAACCGGTTTTTCAT,1144
GTAAGTGATCCGAAAA,1144
AAACGATGAGTGCTAA,1143
AAAGAAATCACGCCTT,1143
AACATGACGGCATTGA,1143
AGAGAGGAAGAGAATC,1143
ATTACATATAGTTTGG,1143
CAGAATCAATATATGA,1143
CCCGATTGTCCTATTG,1143
GCTTAATGCGGTGAAA,1143
GGTTTATACCAAAAAT,1143
TGACCAAAAAACGACG,1143
AAACTTGTAAACCTCA,1142
AATTTAGTTCAAGCTG,1142
CAAACTAGGGTGCTGT,1142
CACCTCTTGAGATAAA,1142
GAAGCGAAGGTGGCTG,1142
GCATCACGAATCAAGC,1142
TGAAATCAATGTAGAC,1142
TGCCTGTAAAAAAGGG,1142
CGAACCTTGCGGGAAA,1141
GATTAATGAGCATCTG,1141
TGGACAATACACCGTC,1141
AACCTAAAATTCCTCA,1140
AGCATGACTTGAAATT,1140
AGGCCGTCTTAGACAA,1140
CCGATAAATATTTTAA,1140
GGATTTGAAACAACTA,1140
GGGAGGCAAGGTAAAC,1140
TTCCATATCTCAAAAG,1140
AAACATTAGAGCCAAT,1139
AGCCGATACGCCGGAT,1139
ATTCAAAAAAACTTTA,1139
CATCATAAATACAGAA,1139
CGTTCATCACAACCTT,1139
GACCAATTTAATTTAT,1139
AAGTAAACATAAATTG,1138
ACCATAAAAAACAAAT,1138
ATCGCAACCTCGGTAC,1138
CATATACCTACTACAA,1138
CCCAGAATCCACATAA,1138
CGTGGACAATTCCGGC,1138
GGATATTAAATTAATC,1138
TACGAGCCTGTCCGCC,1138
TCATACACGAGATGAA,1138
TCCAAGCAGTGCAAAC,1138
TTAATAACCGAAAGGA,1138
AAAAAAACCGTGGGTA,1137
ATCGAAGCCCTCGAAA,1137
CACTCTATCTAATAAG,1137
CCTAAAAGCAGAATGA,1137
CGGAAACAATAAGAGT,1137
TCCTGAAGTATGCTCA,1137
TCGCGGCAATGCACCG,1137
TTTAAAAATACTGTTT,1137
TTTAAATATTACACCT,1137
ACATCTAAGACCCCAA,1136
AGATGTCATCACCCTG,1136
CCCACAGTAATTAAGA,1136
CTAGGTGAAATAAACC,1136
GAAGTAGCATATGACG,1136
TAACAACAACGTGGGG,1136
TAAGCAAATCGAATAC,1136
TCGTCAGGAAACCAAT,1136
AACACGGTACTATACT,1135
AACCCCAACGGGCGTA,1135
AATTTGACCAGTAAAA,1135
ACGGGCATATAAATAT,1135
AGCTGATCAACAACAC,1135
CACTCAGCGAATACTC,1135
GAGTCCATTAACAGAA,1135
GATTACAAATACACCG,1135
GTCGAACAGAAATAAG,1135
AATGCACAAAATTGAG,1134
AGTACTCTAAGCGAGT,1134
AGTTTTAGTATTTACC,1134
CGGCTTGCGCTACCAT,1134
TTTTATTTACCATACA,1134
AAACCTAAGCCACTAA,1133
AATAGCTACACCAATC,1133
ACTTCAACAAAGTACC,1133
CACGCCTACCAGCGAT,1133
CTAGGTTCGGGACTAG,1133
GCAACTTGAAGTGACC,1133
TATTCCATAAACCGTA,1133
TATTTACGACTCACTA,1133
AGCCACGTATCTCAGT,1132
CCATCCCCAAACCCCC,1132
GGTGGACAAGTGACAA,1132
GTCTTGCAATCATTTT,1132
TGATGTCACTTATAAG,1132
TTGGAATTTAAAATTT,1132
AATGGATTCGTATAGT,1131
AGAAGACCAAGCAAGT,1131
AGCTGTAAAAATATCC,1131
ATACGGAAAACCGAGG,1131
ATGCCGCACAAATTCA,1131
CAAAAGCACTAATGAC,1131
CAGTTCTGACTTAACG,1131
TTCGTATTTCGGACGG,1131
TTCTCGACCTAGTGTA,1131
AAAACACACCACATGA,1130
AAAGACATCCACTAGA,1130
AAGCCTCAAACTTGAC,1130
ACAAAAATAGGGTCGA,1130
AGCCTAGACTCCTCGA,1130
CTTGACCAGCCTTTTA,1130
CTTGTTGCTCTGCCAG,1130
GTAAAGATTCCCAAGC,1130
TAAAATTGTATTGCTA,1130
TGAATAGCTGAGAGGT,1130
AGAACACCAGAAGACG,1129
ATAACGTCCCAACTGT,1129
TTCGCCCCATTGCTAA,1129
CCAGCGTCTTAAGACA,1128
CCGCAATAGAAAAAAG,1128
TAGACCCATCCTTTTG,1128
TATAAACTGGACCCAT,1128
TCTGAATACAGTCTGC,1128
TTCGAAGTCTATTAAA,1128
TTTAAATGTCAATGAA,1128
TTTCCAGCCAGCCCTT,1128
ACAGCGTGCATAACTG,1127
ATCAAGAAATAGTCAT,1127
CAAGAACTAAAACCGA,1127
CCGATCAAGGCTTGCA,1127
CTTATGGAATTCTCGG,1127
GAACTAAGCTTATCTG,1127
GGCAAAATGAGACCTG,1127
GGTTACTGTCTGACCA,1127
TTACATGAGACTATGC,1127
AATGTTACAACTGCTC,1126
ACGTTCCGCAAGTAGA,1126
AGGTACCATATAGGAT,1126
AGTGATAAAGACGCTG,1126
CGAAAACTTAACGCTG,1126
GCCAATCATTTTATCT,1126
GTTACCAAATGGTAGA,1126
TTGAATTGCTCGAAAC,1126
AATGAATCTACCGGTC,1125
ACAAATAATTGAGTTA,1125
ACAGCCACGCCTATAG,1125
AGAGGTGTACGAAATT,1125
CAGCTTTACATATTAA,1125
CGCACTACTCCAAACG,1125
CTTAACCGCCACGCTG,1125
GAGCGCAATAATTCTG,1125
GATAGCATACCATACT,1125
GATGCAAAATCCGCAG,1125
GCTTAAGGCCCAAAAT,1125
TACCGACACGGCCACC,1125
AGCGATCAATAGAGGG,1124
AGCTGTTTCACGTAAA,1124
CGTGATTTGTACTATA,1124
CTACATTAAATGTTTC,1124
GCTTTTATAAAGCCCA,1124
GTAAGCATTTTATAGC,1124
GTCATATCCACTGTTC,1124
TAACTATGCTTTAATT,1124
TACAGCCCATCCCTCC,1124
CACAAGTGATATGAAC,1123
CGACAACAATGACCAA,1123
GCATCAACCATACATG,1123
TGCTACATAGGGATAG,1123
AAAGCATGAATCACTG,1122
AAGTACGTCTCAGAGC,1122
CGAAGTTGTCCGTACA,1122
GAGATTGAGTGTAAGC,1122
GCGTGGCTGAATTAAC,1122
GCTCACTGGCAACGAC,1122
GGACCTACTAGAGCAC,1122
GGCGTGCCTTAACAGA,1122
AGGGTTTCCTGGAATA,1121
CAATAGTAAATTGTAC,1121
GATTATTACCGATCAG,1121
ACGCCTTTTTTGTGTA,1120
ACGCTGAGCCCTTTCC,1120
ATCTAACATCTCACAC,1120
CCATTACTATGTTAGA,1120
CGCAAAAGAGCTTGTA,1120
GTCTCCAAAGATGAGG,1120
TTAATAACAGGTACGA,1120
AGTAGTTAAAGAACAT,1119
CGCTTCCCTTGCTGCT,1119
GTAGCGGACTGGGACG,1119
TACTTCCCGGTTTCCT,1119
AGTCAAGCAGAAATGT,1118
ATCACTTACTCAATGC,1118
CAAACTTTATCAAGTA,1118
GATCAAGGTTCCTGAC,1118
TAAAGTAGAGAACAGA,1118
TAATCTGAGTAATTAA,1118
TCCGAATTCGAAAACT,1118
ATAGACTGTAGCACAT,1117
CATTTTCTCATGGCTC,1117
GATATCGAACTCAAAA,1117
GCAACTCAGGTCCGAA,1117
TGCCCACCCTGATGAC,1117
AAATGAACATGGTGAA,1116
AGATCTATAGCCGACA,1116
TTATTCAAATCTGTCT,1116
AATTGTACAAACCTCA,1115
CATTACCCATGACAAC,1115
CGACATCGATCTCGCT,1115
CGAGGATGAAAACTGT,1115
GCTATACGTATTTCAA,1115
GGTAAAAACCTACACT,1115
GTCATATATCTGGCCG,1115
GTCCATTGAAACCCCA,1115
GTCTGTCGTAAGATGA,1115
TAGACACTACGTAAGT,1115
AAATTGCCTAGACCCC,1114
CGCCCCGGCATTAGGC,1114
GCAAACAGCCCGCGCG,1114
TTAAATGTGAAATATC,1114
AAAGACCGGATGACAA,1113
ATGTGATTTTACGACG,1113
CAATTCGCGTCCTAAC,1113
CCAGTAGCTGATTAAT,1113
CCTTTCTCGTCTAGAG,1113
CGGGACGTCATAATCT,1113
GATGATAAATGCTGGT,1113
GCCTCGGTGAATCCTC,1113
TACGAGTGAAAGGACA,1113
TAGAATATTAAAAATA,1113
AAAAAACCCAATATAA,1112
AATTATACAGTCAGAG,1112
CACTCTTTCCAACCAA,1112
CCGAGCAGAGCAAAAC,1112
TACGAGTTCGACGACG,1112
TTAAACAAAAAAATCA,1112
AACTTTGTTAAAAAAA,1111
AAGCTTCGACATGTTG,1111
AAGTCGGTACTGTTGC,1111
ACAGCAGCCATACCTT,1111
ACATGTGAAGGACGAA,1111
ATCAGAAGAGTATACA,1111
CCCACCTCCTCCAGCC,1111
GTCCAAATTGAACCCA,1111
TATAAGATACGAATGG,1111
TATTGTCTGAATCCAC,1111
AACCTGTGCTACTAAA,1110
AATCTTGTAGTCCCGA,1110
ACTTGCGTAAGAAGCA,1110
AGGGAAAGCTATCATT,1110
CCACTCGCTACACCTT,1110
TGACAGAGTAACAGCC,1110
TTAGATCTGAAAAAGA,1110
CGATACCTTTACTAGG,1109
CTTGCTTTCCCCAAAT,1109
GCAAATACGAGAAACC,1109
GCATATCAGCTAGACC,1109
GGTAGCTACCTACAGT,1109
GTACTCCCTGAAGGGC,1109
ACAAGTATCTTCGCCA,1108
ACCGTGGTGAAACTAA,1108
AGGGAAATCATCTGAC,1108
CATCTTAAACGAGATT,1108
CTGGCCTACTGAAAAA,1108
TAACTTACGCTATTAC,1108
TGCTTTTGCCATAGGT,1108
TTGCGCACGTACGGAA,1108
AAATGGGACCATGGAC,1107
AACCATGAACACTGTA,1107
AATTCCAGATAGAAAA,1107
ACCATTTAGTAAAACC,1107
ACTCAACTCAAAGGTG,1107
AGCAACAGCCAATACG,1107
ATTAGCAGAACCCTGG,1107
CATTAAATAGCCAAAA,1107
CGACAATTTAATCCTA,1107
CTTTAACTTCGTAACT,1107
GGGCGTTCAATTACGC,1107
TTCGATGCCGCACGCG,1107
AAAGTCTTACGATAGG,1106
AATTACCTACCCGCCA,1106
ATCATTTCACAGCCTG,1106
CAACCGGAGATGCGAC,1106
GACTTTTCTATTCATT,1106
TACTCGTGGCACAATC,1106
TGCCCCTTAACGGGAC,1106
TGGATTTAGGCCTTAG,1106
TTGTCTAGGAGGGACA,1106
GACCTGTCTGTTTCAA,1105
GATAAAATGATATACA,1105
GATCTTCACCTCGCTA,1105
GCCCACAAGCCCACCC,1105
GTAAAAGATGAGTCAG,1105
GTCCGGACGGAGGACT,1105
TAACCCAGAGACGTCT,1105
AAACATCTATTGAGAT,1104
CCTAACCGCATTGAAC,1104
GACCAATCCTTACTCC,1104
TACCAAGACCACCATG,1104
TATCAGTGTTGATAGC,1104
TCATTCCTGTTTGAAG,1104
TGGAGTTAGTGAACCA,1104
ACAGACGACTTCCCTT,1103
ACATAGGACAGAATAT,1103
ACTTAGATTTAGACAA,1103
GAAGCCCAAGTGTCTA,1103
GAGATCTACGCTCAGA,1103
GGGATTATCAAGTTGA,1103
TTCTAAAGTACAATGT,1103
TTTGTACCGACACCAA,1103
AACTGAGTATGCAAAA,1102
AATTGTAAAGTCATGA,1102
ATGAAATAGGTGTAAA,1102
GGCAGATAAGAACACG,1102
GGTTCGTTAGTTTGCA,1102
GTACTTCCCCTAGACA,1102
GTGCCGAAAATGCGTC,1102
TAAACAGGAAAAATTG,1102
ACAAAAAGATAACGAA,1101
CAGCAAATGAATACCA,1101
CCGCATTGTTAAAATA,1101
CCTCTGGAATATAGAG,1101
CTCAAGTTCGCTTAAA,1101
GACGACTGTTGCGTGT,1101
GCCGAAAGACCGCTGT,1101
TACACAAATACAACGC,1101
TCCAGGCCAGCAGGGG,1101
TCCTCTCTGCAACACG,1101
AAGTACAGTTGCTGAA,1100
CACTGTGATGCCCGAG,1100
CGGTTACGAGAGCTAT,1100
TCATGGCTATATTTGG,1100
TCTGTGCGTCTTACAG,1100
TTCCAGTGGGTCATGG,1100
AAAGTAACAACCCCTT,1099
AAAGTGCATCAAGTCA,1099
AACTATTTAACGAACG,1099
ATCTAAAACTCTCAGC,1099
ATTAAGCATTAAAAAA,1099
GGAACTGGACAGATAA,1099
GTAATTATAAGACAAA,1099
TAAATTACGATTTAAC,1099
TAATACACTTCACGGG,1099
TACACCAATAGCTTTG,1099
TATATAACCCGTCACG,1099
TCTCAAAGCTTACTAA,1099
TGAAGCCCCCTAACTA,1099
AAATGCATCGGGAATA,1098
AGGAGTTTACGAGCGC,1098
CCATGAACAGTTCCGG,1098
CGAAAGGTTTTCACCT,1098
CTACTAGAAGAACCAA,1098
GCACCAGACCATGCGT,1098
GGGAATACTCGCTATT,1098
TAGCTCGACTTCAAAA,1098
TCAAGTATACAATGAA,1098
TGCTACCACTCTAAAA,1098
TGTGGCAATTAATGCA,1098
AAATAGTCAAAGAATG,1097
CAAAAAGCAGTAGTAT,1097
CAATAAAAAGATAACT,1097
CGATAGATAATCGAAT,1097
GAATAATGCTTTGAAA,1097
GACAGAAACACCCTAG,1097
GAGAGCTGAGAGAGGA,1097
GGTTTTCACAATGCTG,1097
GTAATTCGCTCCATGA,1097
AATGACGAAACTAACT,1096
ACAAACACTAATCGAC,1096
AGAGTAACCTAGACGG,1096
CAATGGCCGGGACATA,1096
CTATTTAAGGAACACG,1096
TTTAGATTATGCATAA,1096
AGTATAATTACATACT,1095
ATCTGAAGTAAGCGAA,1095
CAATAAGAACCCTCCC,1095
CCTGATCCTGTGAGTC,1095
TACCAAAAAGACACTA,1095
TGACCGTTGAATATCT,1095
AACCAGATTGACTGAA,1094
AGTAGAAACGTAAATA,1094
CACGACTATGATATTA,1094
CCAGAAGAACGTGCAT,1094
GAAAAGGTCACATATC,1094
GGCGAGACATAGAGCA,1094
GTGCACACGGATATAC,1094
TAACATTTACATAATA,1094
TCGTGAACACAAGGAA,1094
TCTCATTGTCTTATTG,1094
TTTCGTAGACCTACCA,1094
AGAACGAAATTTCCCG,1093
ATGGCTAAAAGACCTT,1093
GCGGCAAGGAAATAAC,1093
TGACCCTAGCGACAGT,1093
TTACGATGCCGGAAAC,1093
AAATCTGACTACACAA,1092
AACACCAGGAAGGACA,1092
AACGAAGGAACTAAAA,1092
AAGAGTTACTGACTAA,1092
ACAAGAACCGCAAATA,1092
ACGCAAATAATGAGAA,1092
ATCACGTGAGCAATGG,1092
ATTCGCTATAGATACG,1092
CACACTGAGTGCGAAC,1092
CCGAGCACGCCCTGAA,1092
CTTTAACAGACTGGAA,1092
GAAATGAGATTCATAC,1092
GAAGTGAAACTCTAGT,1092
GAATGAACCATTATAT,1092
GAATGGGTCCTTCGTG,1092
GTCGATTGCACGCTAT,1092
TATAAGCCCAAGAAAA,1092
TCATTAGTTAACACGC,1092
TTGAGACTACTATAAG,1092
AACGTAGATAAACCTG,1091
AAGCAAAAATGATGCT,1091
ACGTACCCCTAGTTTT,1091
AGTTACCAAACCTAAA,1091
AGTTGCTTGATGCGCT,1091
ATGACGCCGCGGCCTA,1091
CGGGAACAGCCATAAC,1091
GCATGCGCAGTGCATT,1091
GGATTAACCAAAGTCA,1091
TAAATCCATGTCTCAA,1091
TTAGACGAAGAAGATA,1091
TTGTGTAAAACCCTAA,1091
AAACCAGTAGCCCGAC,1090
AAATCAACCGGTTCAA,1090
ACAACCTCGCTTTGAC,1090
ACACGTTAACATCTCT,1090
AGATCAAAAATCACGC,1090
ATTATGATCGAGACGC,1090
CCACGCTGTGTTAGTA,1090
CCTAATTAGATACGCC,1090
GTACGTCACCAGGGTA,1090
TAAGCCGGAAGGTTCT,1090
TGATCATCCTAATGAC,1090
AAAGACCAGAATAGGC,1089
AAGGCCTAATGGTACG,1089
AGTTTAACAACCGTAA,1089
ATCGCCATTAATTCAC,1089
CGGCTCCAACCCAGAC,1089
GCAACGAACGTTCATT,1089
GGGTATACAATTAAAC,1089
GGTAACTCCACCTTGA,1089
TAAATATGTGTACTAT,1089
TCAATCAAATTGTCGA,1089
AATTGACATGTACTCA,1088
ATATCTAGCAGATCTG,1088
CGCCGATTACACCATT,1088
GAATTACAGACCAACA,1088
TAACGATTTCAGTTTG,1088
TGAATAAACATCTGGG,1088
TGTTAAACAAACAGGC,1088
TTAAAATCACTTAACC,1088
AAACTAATGAAACGTA,1087
AAAGATGCTATGTGAA,1087
AATCCCAACATGTACT,1087
ATTGAGAAGACCACAA,1087
CAGTTCCGACCGGTAA,1087
GAAGACTAGCTCCAGA,1087
GATCGGATTCCATCAT,1087
GGCTAAAGATTAGATC,1087
TGATGATCGGCAACAC,1087
TTTCAAGTCACGCTAA,1087
AAAAAGACTAAACGAT,1086
AACTGCATTACCAATC,1086
CAAATTAAAATCTTAA,1086
CAATATTCCTGGATAA,1086
GAACAAAACCAATACC,1086
GAACCTACACCTGCAT,1086
GCTAACAAGGACTGAA,1086
TATTATCCTCTTAAAA,1086
TTAGAGACAGTACCCT,1086
AAAACAACTTAGTATA,1085
AACTAGCCCGCACACA,1085
ACACCGAAAAAAGACA,1085
ACATTCAAAAGCCCCA,1085
ATCTTGCAACGGCTAT,1085
ATGCCCTGAGAAGACA,1085
CCACACCAAACTCGAG,1085
CGGCCTTTATCCAGAA,1085
TCCCGACCATCCGGCG,1085
TGTTAAAACAAAGGCA,1085
AAACCGGCATCAGTGG,1084
AATCCTGACCTCTCTA,1084
ACCCAAGGAAATAATC,1084
ACGTAGTTAGCATGCG,1084
ACTGCAACTCTGAGTC,1084
ATACAATCAGGTTGCT,1084
ATACTACAAGTAATTG,1084
ATAGCAACTACCGCCA,1084
ATCATCAAACCGAAGA,1084
ATCGCATAGTGTCGCT,1084
CAACATAGCAGCATTC,1084
GAATCTGCTTGGAGAC,1084
GCCTTATGCCAGTAAT,1084
GCTATGAAACCCGGTG,1084
TACCAAGATATCAGCA,1084
TCGCTCGATAAAATAC,1084
TTTAACTCTAACCTTA,1084
AAACTAAATAACAGAA,1083
AGGCAACTCATAAAAA,1083
ATCTCTGGGACTAACC,1083
TAATACCCGTTACGCA,1083
TCCGTAACCGATTACA,1083
TCTACAACGTAAGACT,1083
TGAGAAAAATGGCGTA,1083
TTGCGGTACATCCAAT,1083
AACCTAATTAGTGATC,1082
AAGACATGAAAATACT,1082
ACATCAAACCACGGTG,1082
ATCCTCGAAACAGACA,1082
ATCGTACATGCACGCG,1082
ATGCCTCAAGGACGGA,1082
CGATATCGAAGACAAA,1082
GGAAGAAAATACTAAG,1082
TAACTCGCATAGCACG,1082
TAATGTGCAACTACGT,1082
TCAACCATGCAGATTG,1082
TGGTACGGAGACTGAC,1082
TTCCAACCCATTAAAG,1082
ACATATGCAAATCACC,1081
ACTGGTTAGTGAATCA,1081
AGACGAACAGGTGAAA,1081
CACTTCAACCATGACT,1081
GTGCCTTAAACCATGT,1081
TGTACCGTTATTGGTA,1081
ACCAATTGTAGCTACC,1080
AGCACAATCAATTAAA,1080
ATAGATAAACCTAAAT,1080
ATTTACTAAGAGACGA,1080
CTCTGCGACAGGGGTG,1080
GAAAGCCGAGATGTTG,1080
GACAACTAACCAAGAG,1080
GAGTACATATTAATCA,1080
GATCGGGACCGCATCC,1080
GCTGCCGCTCGATCTA,1080
TACCGAACCAACTTAT,1080
TCTTACAGCAGTGAAT,1080
AATAGGGTGTGCACAC,1079
AATCATCCGCACCATT,1079
AATGCTAACACAGTTT,1079
AGTATATAAATTAGCA,1079
CACATCTCATCATGCT,1079
GTAGCAACACCTATTT,1079
GTGGGCTAATTAACAT,1079
AAACTTTATGTTATAG,1078
AAAGAAGAGTCCCATG,1078
AGCAAACCAAAGTTAT,1078
AGGGCTTATCACGAAC,1078
CAAACACAATTTGATT,1078
CAGTCGGGGAAACTTT,1078
CTGACAGACGCTCGAA,1078
GGACAAAAGCAACCCA,1078
TCGTATCTGACGTGAG,1078
TCTTGTTATAACACCT,1078
ACATCTCGACAAAAAT,1077
AGCCTCGTAGTAAAAC,1077
CAGTTTCTAAAATAGG,1077
GATCCCGCGGCTGTTT,1077
TCAAAAGCAAAACACG,1077
ACCGAAAGTGGACAAT,1076
AGGAATCCAAACACTA,1076
AGTCACTGGACACATA,1076
AGTTTAGACTAACTTC,1076
ATAGCTTCTCAAACAG,1076
ATTGCGATAGAAAACA,1076
GAACATAGCATAAATA,1076
GATAAACCTAGAACAA,1076
GGACCTTCAAAAAAAG,1076
TATTATATCAATCCAC,1076
AAATGCTACACTCCTA,1075
AACGCTACCTATACAA,1075
AGCGATACCCCGGTAA,1075
CAGAATATCGATATAC,1075
CAGACGTCAAGTTATG,1075
CTGCCTGCAGGTCCGA,1075
CTTGAAAGTAAGTTAC,1075
GCTTTCGGTTAAAAAG,1075
GGGAGACCGCAAAAGA,1075
AACCGATCGGATGGTA,1074
ACATTTTTGATGATTA,1074
ACCTTACCAACAACAA,1074
ACTCCCTTTTCATTTT,1074
AGGTATCAACCACCCC,1074
ATCTAATTCCTAAAGG,1074
CGAACCAGGAGTTACA,1074
CGATGGTGGCTACCTT,1074
GGTGGTAAAACTCCAA,1074
GTCTCCAGGCTAAACT,1074
TAAAATACAGACGGCT,1074
AAATACACACAATACA,1073
AACCAGAACTACTGCA,1073
ATGCGAACGGGGACCG,1073
CTACAACCCCACACCA,1073
CTATAATAGTCCAAGC,1073
CTGTTGGAGGCAGAGG,1073
TATCCACCGGGTTGGC,1073
TTGAATAGTTCTTTAA,1073
AACCCCCACCATAAGT,1072
AACTCGTTCTTGTATG,1072
AAGAAATACAGCGAAA,1072
ATTGAACAGGATTGGG,1072
CAGATTCACATAACCC,1072
CTAATCAGCCTTTACT,1072
GAATGAGTACAAAATA,1072
GTTCTAGGCATGGAGA,1072
TCGATCCATGAGAAGT,1072
TTTAGAAAACTTTGAT,1072
AAATTAAATAACGAAC,1071
ACATCAAAAAATTGTC,1071
AGGCAGACCTGGAAGA,1071
ATATGCATGTAGAAGA,1071
CAACATAGATCTGTAA,1071
CGTAACACTCGTAAAC,1071
TCAATATACCGTCGTA,1071
AAATATAGGCAAGCTG,1070
AACAGGATTTCCGGTG,1070
ACTAGCAAAGCAATGA,1070
CAGACCGTTATTCTCC,1070
CCATACAATGTGAGTG,1070
CCTATACGACTTTTAA,1070
CTACGGCCTTAATGTA,1070
CTAGTATCTCATAACA,1070
GAACGAGAGACCAACA,1070
GACAGATTGCTTGGGA,1070
GCCATTGGAGATAACA,1070
GCGCAGGCTCCGTTGT,1070
GTAGCGGTCTTGAGAC,1070
TAAACAAATACCTATG,1070
TCCACAAGAGCTGACG,1070
TCGAGTTAAGGACTCA,1070
AAAATAGTATATAAGA,1069
CGTCCAGATTCGGAAA,1069
GACGCCTTATACCAGA,1069
GGACTTACTTAAACAA,1069
TCAGTTCCCACAGTAG,1069
TCTGATAAGAATGAAG,1069
TTAAAATTGCCCAAGA,1069
AAAAGACGATTTAAGA,1068
AAAGGTCGCGACTTTA,1068
ACATCTAGTGCAGAAA,1068
ACCTCTCAGCATCTAT,1068
ACGGCATCTGGTTTCA,1068
ATAGATCAATACGTCT,1068
CACTTCATATTTAAAT,1068
CCTAGGCATTCCTGAT,1068
TGTGAGAGCTTACGTA,1068
TTCTTATAAGTGTAAC,1068
AAAATGCCCCAAAGAA,1067
AGCTTAAAGAATTACT,1067
CTCAAACAAGAACTAG,1067
GACACAGCACCAAGGA,1067
GGATTAATAGCGACTA,1067
TCAATGAATACCCGAC,1067
TCTAGGCCCGGATTAA,1067
TGATTACGCGAGAGTG,1067
AAATAGTAAATAGTGT,1066
AGCTGAAGAATAAACT,1066
AGCTATGTATTGGATA,1065
ATCAGATGACTAATAA,1065
CCAGACAGCGTGTTAT,1065
CTAAGATAGCATCACC,1065
GACCCTGAATAATGCA,1065
GACTAGAATGATAGTC,1065
GTTAAAAAAGTTGGTT,1065
AAAAAATCAAACCATT,1064
AGCGTTCTCGACGGAT,1064
ATACGTCTGAAGCAAA,1064
CTGCCATTACGTATAG,1064
GAATTTACATATGATA,1064
TAATACTACCGGGAAC,1064
ACAAGAGATCTGAGAC,1063
ACTCACCTTAGAATTT,1063
AGTTCGATCGCACGGA,1063
GTGCAAATATGTATAC,1063
TAAAACAATTACTCAT,1063
TAAGCGCCAAACTGGA,1063
TATAGACTCAAGGTTC,1063
TCCATTAATATAACCT,1063
TGCCATGATTGCAGCA,1063
TGTAAACCCACAAGAC,1063
AATCCGAATCTCAATG,1062
CAGTAAAACCTTAAAT,1062
CGTGAACACGAGGCCT,1062
CTTCTCTACCCTTTGT,1062
GCCGATTTAAATTATT,1062
GCTCATGCTATTTGGA,1062
GGACTAACGGTTAGTT,1062
TGCATCCGGAGCCGCA,1062
TTAACTGTCTGAACGA,1062
TTCCTATTACTATTTT,1062
TTGCTTCTTACATCAT,1062
TTGTGTAAACCGTAGG,1062
CTCGAAACGTTTGTGC,1061
GACCGAGCGTAGCCAA,1061
GCCACAAGGGTAAATA,1061
GTACCACGTTATAGGT,1061
TATAAAAGATAGGACC,1061
AAAATATACACTTGTA,1060
AACAATCCCATGCGGC,1060
AAGACGCCTATGTAGA,1060
ACGTTACCTTAGATTT,1060
ATGAGGACCTATCCCT,1060
CACGTTGCGAAACTAA,1060
CCCTTGAGTTACCAGT,1060
CTGTGAACTCTTCAAA,1060
GCCGCACTCGTTATAC,1060
GTGTCGAAGACCCTTA,1060
TACCGTAGCAACAGAA,1060
TCACCCGCGGCAAGAA,1060
TGAAACACAGTGGATT,1060
TTCGTGACCCAGACAG,1060
AAAAATCGATTAGACT,1059
ACACAAAAGAATACAA,1059
ACGAAGATAAGATCTG,1059
ACTAGCTTCTTACGAA,1059
ACTGCCACTAAGAGAC,1059
ATAAGCATACGTAAAC,1059
ATCACCCCACGGACGG,1059
ATTGAACCGCACCGCG,1059
CACTGACCAACAGAGT,1059
CAGCTGAGTAGTTACC,1059
CATTCTCGCGCCAAAC,1059
CTAAGATTAGTAAATA,1059
GCATAAAGATATTTAT,1059
TAGCCTCCATCATAGT,1059
TCCAAATCTCCTTGCG,1059
TGAGAATAAACAGTTA,1059
ACCATACAGTTGTCGG,1058
AGTATTTCGGTAGGAC,1058
ATATTACCTAGCACAA,1058
ATTAACATTGGAATTT,1058
CAAGCGTACGAATCCA,1058
CAGTCGCTATAGCACT,1058
CCACTAATCACTATTG,1058
GAGTGGTACCAGCCAA,1058
TCACAAACACTAATCT,1058
AAAAAACAAAGACTAA,1057
AAATCATGACAACCTA,1057
AACGTTGTAGCTATCG,1057
AATGATAACTTGGCAC,1057
CCGACATAAGTTGATG,1057
CTCGCTGGAAGCAGGA,1057
GTAAACTAATTTCGTC,1057
TACTAAATAGACTCCC,1057
TCATCTTATCGAACTA,1057
TGTTTCAAGCACTGAT,1057
ATCTTCAATTACGAAC,1056
ATTAATCTAGAATGAA,1056
CAACTGAGCACGCCAC,1056
GGAATTGACGATACTT,1056
TGTAGTGATCAAGCTT,1056
AAAATAGCCTTAAAGG,1055
AAAGAGCTTATCGCTG,1055
AACCAGAACAGGATAG,1055
AACTTTTCAGTTAAGA,1055
AGGCTCTAGCCCCTTG,1055
CAGAGTAAAATCATAA,1055
GACTATACAAACTTTA,1055
GCCGTATTCATAACAA,1055
GGCGTTCAACGAGAAT,1055
TACAGTCGTAACCTGC,1055
TCGAAAACTTAAACTG,1055
TTATATTAGACCACAC,1055
CGATATCCAAACACTT,1054
CGCACTCGAAGTAAGA,1054
GACAAACATTCGGGAA,1054
GCCCTGATTTAGACCG,1054
TAACGAAGCAATTTTA,1054
TCTCTCGTTATTTTCT,1054
AACAAATTATGCAATT,1053
AACCTGAAATGTTTAC,1053
ATTGTACTATAGAATG,1053
CATCATCCCATAGTTC,1053
CCCTGCGGACGCATAA,1053
CTATAATCATAACACC,1053
TACTATTAGACACAGT,1053
TGCTTTTAGAATATCC,1053
AATTACGCTCGTCCTG,1052
ACCACTGAGAAGAACT,1052
ACCGAATGAACAAAAG,1052
ATCATCCATTTAAACT,1052
CAAGCCAAAACTTGAA,1052
CTATTAGTTATCCGAG,1052
GAAAACATAGGAGGGG,1052
TAAGTGATTGGTTTCA,1052
TCAAACGTCCAAATAT,1052
AAAAAATGTGTACACT,1051
AAGTGTTAAACAACAT,1051
AATAATACTTCCCCGA,1051
ACGAAGCAGCACGGCT,1051
ACGGACCGACTCCATA,1051
ATCAAATGTAACATAT,1051
CAATAAATCCACTTAC,1051
CCATGAAGTAAGTTAA,1051
CGGCTGTTCAAACAAA,1051
GAGGAATCTAAAGCAT,1051
GATCGTACAATTTATT,1051
GTACCCAAATACCACC,1051
TCTACCAAGGGCACGC,1051
TTATAAATCTATGGTA,1051
AAACCAAGAATTAAAG,1050
AAGTCACGATAACATG,1050
ACCCTCTTTACGTGGC,1050
AGAAGTACAAGCTACC,1050
CAAAACCTGACCGCTT,1050
CCAAAAAGAACAAGTT,1050
CCACATTGAATCGACA,1050
CCATGTAAATGATCAT,1050
CTAACAGAAAATTGAC,1050
CTAAGGAAGATAAATC,1050
GCACTAATCTCACCAA,1050
GCTGAATCCTCATCAA,1050
GGTCTAGAGCAATGAA,1050
TCTCTTCAAGTCCCCA,1050
ACGGCGAACATGACCA,1049
AGGATAAGCATATAGA,1049
AGGGAATATAAACGAT,1049
ATTGAAAAAGCACGCT,1049
CCACGCGACTTACGCC,1049
CGAGCAGCACCACAGT,1049
CGCAGAATAAACTTAA,1049
CTAGACATTCATCAAG,1049
GAAAAACACCATACAA,1049
GAACGATATGGCTAGA,1049
TGAAAATGATGCGAAA,1049
AAGTTGTACGAGTAAG,1048
ATACACACATTTGCCA,1048
CCATCATCTCCCTGGC,1048
GGCGAGAGGCTCCAAA,1048
TAATAAAGTCTCCCTA,1048
TACCTAAAGACTTGCA,1048
TCACAACAACTGCTAA,1048
TTCTTGTACCTGGCCT,1048
AATCCCAATACGATGA,1047
ACAAAGGTGTTCAAGA,1047
AGCACACATACCCTTA,1047
AGTCCTAGAACGCTCA,1047
ATACACAAAGTAATCC,1047
ATACGCATAAAGGAGC,1047
GTAGTTAATGCATAGG,1047
TAAATCGCAATAGCCG,1047
TAACGTCAAATCCAGA,1047
TACACTATTTCCATGA,1047
TCCGCCTCGACTCCAT,1047
TCGGCTCTGAGAACAT,1047
AAACTTCCAGACTAAA,1046
AATGAACCATGACACT,1046
AGAAAATTAGGTCGAA,1046
AGAACGCATGCAGGAT,1046
GTTTAAGCGACTATCT,1046
TAAACACTGGGCTGTC,1046
TTAAGCCCTTCAAGAG,1046
TTAATGGAGGGTCGCA,1046
AAAACAAACTATACCA,1045
AACCGATTTAATATGA,1045
ACCAAACTCAACAGGC,1045
ACGCTATGTCACATGA,1045
AGCAGGACGTAACCAA,1045
CGTCATAATCATACAT,1045
GAACAAATCTTAAACC,1045
GGACTAAAAACTGAAC,1045
GGTTAAAAGATGAAAG,1045
GTCTTAACTTAGTAGC,1045
TAGCACAAAAAGCCAA,1045
TCAAGAATATTATAAG,1045
TTAAAAGTTCACAGTT,1045
TTCGAACAATCTACGT,1045
AAAACAGTCACAGGTT,1044
CCTTCCAACAGAGTGT,1044
GATTTTGTCCACAAAC,1044
TCCACGTTAATGGAAA,1044
TTAAATTGCGTCCTGT,1044
AAACTAGTTATTTCAC,1043
AAAGCTACGGATAGAA,1043
ACTTATAAAATTCAAA,1043
AGAGTCACTCAGTTAA,1043
CGATCAATTTACAAAT,1043
TAACAAAAAAAAGCCG,1043
TACGATGCAGATAGAG,1043
TTCGACGACCGAATTT,1043
ACATATCCCCAAGCAC,1042
ACTCTAAGAGACCGAC,1042
CATACCCCAAATGACA,1042
CGAGGTGAGTTGACGA,1042
GTCTTCTTTACAATGA,1042
TACCTCCGCCAGTCAT,1042
TTTACAAATTTATCAG,1042
AAGTGCAAGTTAGGAA,1041
CGACATGTTGGTCCAT,1041
GAAGAGGTTAAGTACA,1041
GACTGGTCCCTGGTAC,1041
TCATAACCGGCTGCGC,1041
TTAGAACAGCATGAGT,1041
AACTTGTGATGAAGAT,1040
AATAAAGTCAAAGAAT,1040
AATTAGATATCACATT,1040
ACAAAGTTATGTACTC,1040
AGATCTAAGCAACCAT,1040
CAAATACCTACATTCC,1040
CAAATTTCACAATGAA,1040
GCTAGCAATGCTGGTA,1040
TAACCTCATAGACCGA,1040
TAATCCCTTAAATCCA,1040
TACTAAGCAAACAATT,1040
TCAAGTAGCTATCAAA,1040
AACGATCAACTAACAT,1039
AAGCAACAAGAAAGAT,1039
ACAAGGGTTATAATAG,1039
ATACAAGACATCTTCC,1039
ATACAGCACCGAAAGC,1039
ATATTCGAGTTTAAGA,1039
CACCGCAGCAAACCTC,1039
CCATCTGATGCTTTAA,1039
TAAAATTATATCATAC,1039
TGCATCGCATCATAAT,1039
TTCAAAGATGAAGCGG,1039
AAAGTATAGACCGAGG,1038
AGAGACATAAGACAAG,1038
AGGACCGATTGTAAAA,1038
GACTACCATATCCCCT,1038
GGACAACTTATAGGTG,1038
TGTAGATGAGAAATGA,1038
AAACAAATTCAAGCGA,1037
ACCCTTCAAATAGATA,1037
ACGAATAAAACAACAC,1037
AGCGCAAGGTCCAAAG,1037
CAATCCGTAGTACTAC,1037
CGGTGATACGTTCATC,1037
CTGTAACTATAGCAGA,1037
GCGACATGAAGCACGT,1037
GGAACAGTGCACGAAA,1037
GGGATTTCCAAAAATC,1037
GTCACATTATATCACC,1037
TAGATCAATTACGCAG,1037
TATAAAATTGCTAAAT,1037
TGATAATCCGAAAACT,1037
AACCCTCACCCATCCT,1036
ATAAAACATGCATACC,1036
ATACACACAGACCCAG,1036
ATATGTAAGGCGTTTG,1036
CGTCTAATAACAAACG,1036
CGTTAGAATACCATCA,1036
GACAAAGTAAATAGTT,1036
GGACAGCCGAATGAAG,1036
TAACGCCAAACCATAT,1036
TATACATGAAAATAGC,1036
TTAGACCATGTCTTAA,1036
AAATAACTGTGAACCA,1035
CACCATAACAACCCGG,1035
CTTATACGACACCACT,1035
GAATGCATACATTGCT,1035
GACATCTAACTAGCTA,1035
GCAAATCTTAACCATC,1035
AATATCATTTCAACGA,1034
ATAGTTTGGCAATGCT,1034
CATCGCATACAGACGA,1034
CGCCCCGAAGTCAAGA,1034
GTATAATCGTATATAT,1034
TAAGTGCGCAACTAAC,1034
TAATACGAAAAACCTG,1034
TCTGGAACTGACCAAA,1034
AAACTACTTCTATAAA,1033
GACACACATACGTCTG,1033
TAAGGTCAAACTGAAA,1033
TTAGTGCTAAAGTCCA,1033
ACAAGTCATAGGAAAT,1032
AGCGTGTCTACACATA,1032
CAAATAGGTTGAACGA,1032
CACGACATCTTACTGG,1032
GAAAAACCCAATAATT,1032
GAATGTCTGGTTTACG,1032
GCAAACTACCAAAAAA,1032
TAAATATGAATTATTG,1032
TCCATAAAGGGCGCTC,1032
AAATCGAATAAAAAAA,1031
AACATACGACCGACTA,1031
CGATGCACCGAGCAAC,1031
GCATTGCAACAGAAAG,1031
TTGACTATATCTAGAA,1031
AATGATCTGATGGGCA,1030
AATTTGATGATATACG,1030
AATTTTATACATCAAT,1030
AGCCATCTGGATATTT,1030
AGCTTTAACGCCCGCC,1030
ATACCTTGACAGGGTG,1030
ATCGACAAGTCTTGCC,1030
ATTTTAAATCACAGAA,1030
ATTTTGAGAGTATTCA,1030
CAACAAGAATTTTCAA,1030
CCATCAAACGAGCCAC,1030
CTATCTGACATAACCC,1030
GAACTCCGCTGGTCCA,1030
GATAGTTGTCTAGAGA,1030
TAAGACATGGGACCAG,1030
TAGAAAATAGATGTGG,1030
TGAGCAAAATCGAACT,1030
TGATACGCTTACGGTA,1030
TGATATTATCGAACAC,1030
AGTTATGTTCATCTAT,1029
CTAACGATGGAATCCA,1029
CTGGTTAAGTATCACC,1029
CTTAAGAAGTTCACCG,1029
GATCGTTAAGTGAACC,1029
GGGTTACATGTTCTGA,1029
TGTCAATTTAAGACAC,1029
TTGTATTCAAATAACC,1029
AAACAAGAATTATTTG,1028
AGAATTAACAAGATGG,1028
CGAAGTCCGTTAGTAC,1028
CGGGGTTCAGGAGTCG,1028
CTCGTAACAGTCACAG,1028
GCAACGTACCGCTCAA,1028
TGAGTTAAATACCAAC,1028
TTGATATGCAGTAAGT,1028
AAATCACAGCTTTGCT,1027
AAGACCTCATATATGG,1027
ATGGAAAATCCCCTAT,1027
ATGTCCTTAAGAATTT,1027
GTTATACAACAATGTC,1027
TATAATAACATAAAAA,1027
TATATATGTCACTCGA,1027
AAAATAGTAAATCTCC,1026
CACTCGACTTTTTAAC,1026
CGGTTGAGGTTATAGA,1026
GTAACCAGAAGAGTAA,1026
GTGAATGCCCTAGTAT,1026
AATATCAAAAAGGGCA,1025
ACAATAAGTAGAGTTT,1025
ACCGGATACGAACTTT,1025
AGCGCGAAATTTATAC,1025
ATGCTGATAACCCTAA,1025
CAATGGGGAAGCTAAT,1025
CATTAATAATAATACA,1025
GGAAATATCTTAAGTG,1025
GTAGCCACACTAGGCA,1025
TAGCTAACTTATACCC,1025
TATTTGAAGTAACAAT,1025
TTGTGTCACTTAGATT,1025
AACGTCTTTGATGTCC,1024
AAGTTAAAGGCCATGT,1024
AATGTATTCAGTTGGA,1024
ACTCATTCAACGATCC,1024
AGGATGGCATAACAAT,1024
ATAGCATGGTTCGTGC,1024
GAGATATGTTTAATCT,1024
TAAACTTTATACACTA,1024
TAAAGTAAGAAAGCAC,1024
TACGGTATCCAGCCAG,1024
TCGGTTAGTGACAAGT,1024
AAAACCTGGGGACCGA,1023
ACTTAGGAATACACAC,1023
AGGACATTACAATATT,1023
ATGGACTTACTTACGA,1023
ATTTAAGGGTCAAAGT,1023
CAACTCAGCTCTGGCT,1023
CCCAGCCGTAATTAGA,1023
CTCGTTCAAATGCCTA,1023
GAAGCATAAACATCCC,1023
GACAACTACTGGACGT,1023
GAGCGCTCGCTAAGCA,1023
GCATGAAATTAAAAGA,1023
GTGAACCCTCACTCCA,1023
TACAGAATCTCGATAA,1023
TAGCTAAGAAAGTCAC,1023
TATGCTAAGATATTTG,1023
TTACTTTGTGTAAATA,1023
AATTGTAGAATACCCG,1022
AGCCAAACGTCAAATT,1022
AGGATTGCCTTATCTT,1022
ATCCAATGCCCAAAGC,1022
CATGTGTTGGTAAAAT,1022
AAAAAATTGCCGACTG,1021
AAAAATTACGTCCAAG,1021
AAATACATAAAGATAT,1021
AAGAGCCCACAATTAC,1021
AGCATCTTAGTCCTGT,1021
CAAATGCCACACACTT,1021
CACCCCGACCTAATTG,1021
CCACCACTTCCTCATG,1021
CCACCGAAATGAAGGG,1021
CTCTCAAGCTGTAAGG,1021
TGTTACGCCTTGAGGC,1021
AAATAGAAAAAGAAAC,1020
AAGATAATACCATAAC,1020
AATTCAATGCGATTAG,1020
CATGGGGACTTAAATT,1020
CTATGCGCTTACGAAA,1020
GAACGTCTTAAATTCT,1020
GACAGACTGATACTTA,1020
TAGGATCGCGTGCGAA,1020
TCATATGACGGGACCT,1020
TGCCACGGGCAAAGTA,1020
TGTCGAGAACTCTCAC,1020
AATGCCCTACTACTGA,1019
ACAATGAAAGTCTAAA,1019
ACAGAATTCGACCGCC,1019
CAAGCGTTGCCACCTC,1019
CGACTAGACAGAGTCC,1019
GGATGCAGAACGACCA,1019
TAACCGGCAGCAAAGT,1019
TCGATCCTAAGATTAA,1019
ACCAGGACATAGTTAT,1018
ACGCTTAAAGAGCATA,1018
AGTAAAGAAATCACAT,1018
ATACTTGCAACCTGTG,1018
CCTACTGGGTCTACCT,1018
CCTCACTCTATGACTA,1018
TATAACCCAGCTAAAG,1018
TATTCTCAGGCGAATC,1018
TGATATGAAATCTACT,1018
TGGATCTAGTACGTTT,1018
AGACCCAATGTTATGA,1017
ATACCCACACTGTGGT,1017
ATTGTCCGGGGCTAAG,1017
CGACCGCATTTTCGAT,1017
CGCGTGACAACGTGAA,1017
CGGGTTTATGCTTGTC,1017
CTCAGAGGAAAGATAC,1017
CTGGGCTCAAAACTTA,1017
GAACCAGTACATTAAC,1017
GATAGCCCAGAGTGCC,1017
TAAATGAAGTTGCCGA,1017
TACCCGGTCTTCATAT,1017
TACTCGGTTTCTCGAC,1017
TCCGTTAGAGCTCGAT,1017
TCGCCAAGGTCAAAAA,1017
TGCAGATAAAACATGA,1017
AATATACATAAGTAGC,1016
ACACAGAAAAAAGACA,1016
AGAGGATTGCGGTTAT,1016
CAGATAGCTTATCTAC,1016
CTACACATTGGTATTG,1016
CTCGAACGATAACTGG,1016
CTTACATGCAACCAAG,1016
GCCGATAGCGATTTCG,1016
GTACTATTCTAAACTG,1016
TACGGTTTTGTCATCA,1016
TAGTTTGAGTTATCTA,1016
AACAAAAAAGTCTAGA,1015
AATGAAAAAACAGTGA,1015
AGAGTAAGCTAAGACA,1015
CACAGCATATAATATA,1015
CCTCAGAACAACATAC,1015
CTGTCCGGAATCACCA,1015
GCATAGCGTTTAATGG,1015
GCATTCTCAATAGCGA,1015
GCTTGTGTAATGACAA,1015
TAACGAATGAGTAGAT,1015
TAGTAGTGTGTCACCA,1015
TCATCATACACTGTTG,1015
ACACAAGAATAGCAAA,1014
AGGTTAATCCAGGGCT,1014
ATATCTAGTCAAATCA,1014
ATGGTAAAAAACCAAT,1014
CAAAGAGTGTCCCTAC,1014
CAACGAATATTCTCAA,1014
CAGTAACACAAGTGAT,1014
CATAAAGCGGTTGATA,1014
CGCTTCAGTAGGTTAT,1014
CTCTGGGCCACAATGC,1014
CTTCCCTAGTACAATT,1014
GAGGGGGACCATGGAA,1014
GCCAGAACGTACAAAT,1014
TAAAGTAAAATAGCCA,1014
TCGGTGATCAAAAGAG,1014
TTACTTTCAAAATATA,1014
ATACAGACCAAGAAAA,1013
ATCCTAAAACCAACTT,1013
ATTCCACACTCATTGT,1013
CCGATACGGGTCCCGC,1013
GCAGGCACCTTCCCAA,1013
TATAGTGCCATGCGCT,1013
AACTTCACCTAAGAAG,1012
AGAAAAAAAAAGTCAT,1012
AGAACCTGCCCTATGA,1012
AGCGGACGGATATTAT,1012
ATCATGCATAACGCGT,1012
CAAATATCTTATCGTA,1012
CAGATTACATCCGGCA,1012
TATCGTGAGCACTAAA,1012
AAAGGAAAAAAATGGG,1011
ACGGCATGTATCACCA,1011
AGAGCCGAAACATACG,1011
ATCATCGTAAGTTCTT,1011
CACCACGAGATCCCTA,1011
GAATAGATATGTACTA,1011
GTGACATATTGGTTAA,1011
GTTAACAGCTCTCCGC,1011
TATAATTTCCTGACAC,1011
AACACAGAAATAGCGC,1010
AAGATTAACTGAACAC,1010
AGAGTATTGTCTAAAT,1010
CAACTATTGGCAGGGA,1010
CATAAGCATGACAGCA,1010
CCAACTACATGATAAG,1010
CCGGCTATCCCATGTT,1010
GAGTATGAGCGCAATA,1010
GATAGAGTGCCATGCG,1010
GGGTCCGTTAAGCAAC,1010
TAACCCCGTCCCAACG,1010
TATATTTCTGTCTTCC,1010
TTTTAACGATTCCCGA,1010
AAATTAAATTCAAAGG,1009
CACTACAAACTATAAC,1009
GAAGTCACAAAATAAC,1009
GACTTGTCCCTCTCTT,1009
TAGAGAAGACTCGTTA,1009
TCATCTGGATGCTAAA,1009
AACCAAAGTGAAAAGC,1008
AACCAACATCATAACG,1008
ACGACAACCCACTACA,1008
ACTTCAAATCGCTAAT,1008
CAGGTGACGCACAATA,1008
CGAGAGCACACAATGA,1008
GATAATCAAGAAATCC,1008
GGATTCCCGACCATAG,1008
AATTATTCATCACAAC,1007
ACCAACAGCGAGATGT,1007
ACCGCTGAAGAAACAA,1007
ATTGATAATGTGGATC,1007
GTGCACAAAATTCTGA,1007
TATCGTTGTAAAAAGT,1007
ACCCGCATCACTCTCG,1006
ACGTTTGCCTGTTGGA,1006
ATCAACCTACATGAGA,1006
ATCAGCATAAGCGCAC,1006
ATGTGCAATTACTTGA,1006
CGAGCTTAACAGAATG,1006
CTCCCACTTACTCAAC,1006
CTGTGCCAAGAACAAA,1006
GAAGTATGCTTTTTAG,1006
GAATCACATAGATCGC,1006
TTAACGCATGCAAGAG,1006
TTTTTGCGGGAGTCGA,1006
AAGGAAATCTATCCAA,1005
AGAACGTACTACAGCT,1005
ATAAGATTCGAAGTTT,1005
CACAAAGATACAAGGC,1005
CATAGAACAGTGGATG,1005
GAATATACGAGAACGA,1005
GCGATACCGAAACTCT,1005
GGTATTAACAATGTCA,1005
TCACAGCGCAAGACAC,1005
TGATGTTCACAACCTA,1005
TGTGAACGCCAAGGTC,1005
TTAATCTCAGAATATA,1005
TTTAACTCCTCACTGG,1005
TTTCACCAAAGAATGA,1005
AAACCCAGACCTAGAT,1004
AAATAGAAGGCACGCT,1004
CACACAGTATAAATTA,1004
CCAATACTCGAATGGC,1004
CCGCACCAAACAAATA,1004
CTGCTGGACCAAAAGT,1004
CTTTCGGCGCAAAAAA,1004
GGCTTGAAAAGGAGAG,1004
TTCACAGACAAGTACA,1004
ATTTAACATGAAGCCC,1003
CAAGCATTCGTGGCTA,1003
CCAAGCAGCTTTAACA,1003
CCATATTTCGATAAAA,1003
CTTTACTAAACCACGC,1003
GCAATGGCCTACGTGG,1003
TAACGCCACCTACCAT,1003
CAGAAAATGAGTTAGT,1002
GAAGAATAGATATAAG,1002
GTACAGAGGTACCCTT,1002
TACAGCCGTAAAAGTA,1002
AAGTTATGAACCGGAA,1001
AATTGACCAAGAAACC,1001
ATTTGATTAGACTACG,1001
CCGATATCCGCTACCT,1001
GAAATAGTTTACGTAG,1001
TAAGGCTAAGGTACAG,1001
TATGACCTCTATTTAC,1001
TCCAGGTATCCGAAAA,1001
AAGCAATAGCAATAAT,1000
TACGGAAATACTTTAC,1000
TGATGGGGGCCCGTAC,1000
ACGGTAATTTACTGTA,999
AGGGGACCCGAAGACG,999
CCGAAATTACCGTACA,999
CCTACCACAGCGGGAT,999
GAGAAAGTATGAGGGC,999
AAATAAACTAACGCCA,998
AATGAAAGGGCATAAA,998
CGAATACGTTTACACA,998
CTGAATAAAGAATAAA,998
GCAATCGTAAATGATA,998
GTTCCAGATAAAAATT,998
TGCTATTAGAACGTAC,998
AAAGTCACGTGAACAG,997
AAGCGGGTCATTCTCA,997
ACCTCCAAAAGGCACA,997
ATATACGTACGAATTT,997
CAAAAGACTAGACGCC,997
CATATAATTCCTTAAA,997
CCAATGTCATAATGGG,997
CTCACTTAACCATAAT,997
GAAAAGTATATTTTGC,997
GATGACGTTTTACGTG,997
GCGGAAAGTGACACGC,997
GGCGTTAAGCCCGCAG,997
TTAAACATCGTATTGT,997
ACATCACCCATCCGGG,996
AGGCATTGAACAACAT,996
AGTAGCCACGATTAAT,996
CAACCTAACCTAGCCA,996
CAATCAAAAGTCAATT,996
GATCTAGTTAAGACGA,996
GCAAAACCTAACATCT,996
GGTACCCAGCGTAACG,996
TATCTATAACACACAA,996
TTAGTCCAACACCAGG,996
AATACATCTAAGAAAT,995
AATCTTTGTCACACTA,995
AATGTAATGCAATAGG,995
ACACAGCAACCTCAAC,995
CCAAAAGGAGAAACCC,995
CCGCAAATATATTCTC,995
GGATGCTGATCATCCC,995
TAACGAGCACTTTCCG,995
TAATCCAAAAAACAGG,995
TATTTCTCGCACAACA,995
TGATCGATTGACTGTT,995
TTGCACTCCTTAAAAA,995
AAGCCCACTAGCAAAT,994
AATAACAATAATAAAA,994
ACTGTCCCCAACCTAC,994
AGACTAGTCTATCCAC,994
AGTGAACACTGAAGCG,994
ATCCAAACCAACATAT,994
CTGATCACATATTAAT,994
GAACGGAATAACAATA,994
GATCATCTATCCAAAC,994
GTACCATGTAAAACCC,994
TCGTTCGATATCACTC,994
AATCATAACGCTGGAG,993
AGAAACCTATTCTCAA,993
GAATGCTGTCAGTGAT,993
GCATATCGTTTCATAA,993
TCTGCAACCAACACAG,993
TGCTGCAAAGCTTGAA,993
TTAAACACATTATGCA,993
TTAATCCAACAACAGC,993
AAGAGAGCACCGAGCA,992
AATCCCTTCTCATAGT,992
AATGTCCGCTCACTTT,992
ACAGACACCGATAAGC,992
ACAGCAAAATGTTTTT,992
AGAAAAAGTCGATGTA,992
AGATCCAGTATGTGCA,992
AGATTAAGCCCCTAGA,992
ATAATCCATCTAACAA,992
ATCGCATAAAAGAGTT,992
CATCAAACATATAAAT,992
CGGTGTATTAGAGAAT,992
GAACCGGAAGAGTATT,992
GCCCGGGACGTAACGT,992
ACATCTGACCTCAGAC,991
ATCTCAACCCCAACAC,991
CAGCAAAATGGTGACA,991
CCATCACTTACTTCAC,991
CTAGTAACTATTCAAA,991
GAGATCACATTACAAG,991
GCGCGAACTCGTTGAT,991
TACCGAGTAATGCACC,991
TATAATGCTAACATAC,991
TTAAACTCACACAATA,991
ACATTTGTAAAAAACG,990
ACCGATCGGACATTGA,990
CCCATCTAATGGGACC,990
GTCGACTAAATAAGCG,990
TATCTACGGGTGGATA,990
TGTAATAGGAATCCAG,990
TTTCAAAGGATGTAAA,990
AAAGCTAACCCTTGCC,989
AAATACATAATTCCAC,989
ACATCAACCAGGTAGG,989
CAACAGTGCTTAGAAC,989
CCATTAAGACACACAA,989
GGCTACCATTAAAGAA,989
TCGATGGATTTTGCGA,989
TGGCAAAAGTGAAAGT,989
TTCCTAACGGATCTAG,989
AACTTAAAATTTGCTC,988
AAGTATATAGCAAAAT,988
AGATTGGCTTTAGAAA,988
AGTCCCTAGATATGAT,988
AGTTAACCTTTATACA,988
CACACACACGGCATAC,988
CTGAGAGCATATGTAG,988
CTTGAGACGTTCACAC,988
GCTTGAGGCTTATTCT,988
GGGTCAAAATAAGAAC,988
TAACCCTGGCTTTTAT,988
TCAACTCTATCTCAAT,988
TCGACTAACAATCGAT,988
TGTGTATTGGGACCAA,988
TTAAGCTCGTGAAGAG,988
ACTGCTCCAGTAAGTG,987
AGATGGGGCGTCAACT,987
CAAGGAGCCATGACAC,987
CAAGTAACAGAATGTT,987
CACAACATCACCCAAC,987
CATATTCCTAAGAGGA,987
CGGATCAGCAGCTGGC,987
CTCTAAGAGTAAGCGC,987
GGAAGACTCTAACCAA,987
GTAAGCAGAAGTCAGG,987
TACAAATCCCCTACTG,987
AAAGACTTGACTAGCT,986
ATAAGAGTAGAAAAGA,986
ATTTCATATACTCCAA,986
CATTATTGCTCGTCAG,986
CGATTGAATTCCAAAG,986
GACAGACTAACATGAA,986
GTTATACCTTTATCAC,986
GTTGTACACCATAGTG,986
AAAAGCTCGGAATACG,985
AAAATAAGACGCATGA,985
CAAACCCATGCAAGCA,985
CTACTATATCTAAAGG,985
CTGCTCTAACGAGTTG,985
CTTAAAACGAATCGTA,985
TAAGAATTATAAGGGT,985
TGAATACCAGTAACCT,985
AAATAGTACTGGGGCT,984
ACTTGACATGGGAGTC,984
AGAAAAGACCAAAAAA,984
AGATATTAATGATGCC,984
AGTATGTACGTTGACC,984
ATGCCAACAAGTAACC,984
CCTTTGCTGCTACAAT,984
GAACGGCTAAAAGACG,984
GAATTAAACTCAGGGA,984
GGAAGATCCATGACCA,984
GGTCAAGCAATTCCAA,984
TCATTTCAAATACATA,984
TGACCCTCCAATTTAT,984
TTACAGGACAGTGACT,984
AAACACAACAATGATC,983
AGAAGGTAAACTTAAC,983
CCGCAGCAATTGGCAG,983
CTCTGAGCATGTGAGG,983
GAATAACAGGGACTTA,983
GACGCGTATGTTTACA,983
GAGCAGAAGTGACAAT,983
GGATATAATTCGACAA,983
GGCCTACCATAATGCA,983
TACTCGTAAGAGTTAT,983
ACAAGCATTTCAATAA,982
ACGAATCATCCGTGTA,982
ACTTTTTTTTAGCAAA,982
ATCAAACTATCCAGAG,982
ATTAAACGTAAGTGAA,982
ATTTTGGCGAGAAAGG,982
CAAGAGTGGCTGCTTT,982
GAGCCCGGTATGCGGG,982
GGTTGAAGTACGTTAG,982
GTCTCATACGAAGAGT,982
TTGGTTACGTTGACTT,982
AATCGGAAGTTGATAC,981
ACAACATGAACATGCC,981
ACTGGATCAAATGGAC,981
AGCTGATCCTAGAAGT,981
CAAAGGAGCCGTTCAA,981
CATCCAGCTGCAGACA,981
CCCTAACGCTACCTAT,981
CTAGCAGGTGACACTC,981
GACTGACAAAGTAATA,981
GATACAAATAGAGATG,981
GCGGAACAAAGCGCGG,981
GGAAATTACATCGGCA,981
GTGAATTGAGATTCTT,981
TAATAGGAGGGGGATA,981
TACCAGATAGTTAACC,981
TCAACATTTCACGTGT,981
TCACACCAAAAAGGAC,981
TCCGCTCCTTTCGAGA,981
TCGAGAAAGTGCACTA,981
AACTTACCTGTAACGC,980
ACCGTAACCACGAGGT,980
ATACAGAAATCAAATA,980
CAAAACAGACAATGAA,980
CAAACGATGCATATAC,980
GAAACCAATCATGCCA,980
TAACAACACAAGTATC,980
TAACCGTCGCTTATAG,980
TGAGAAGCGAAGGATG,980
AAATCCCCTGCTTTGG,979
AAGTACCGATCTGCTT,979
AAGTATTTGAAACACA,979
AATGTACCCCCCTAAT,979
CGAGAATCCAAAAATA,979
CTCTTTGAGAACTTCA,979
GCCATTCAAACAGACC,979
TAAAATGCGCAAGGAA,979
CCTTATAGGACACTAC,978
CTATAACAAGCAAGAA,978
GCTTATTAAAAGAACG,978
TAATTAGGAAGGATCT,978
TTAAAAGATAAAATAA,978
TTCGGTTTCAAATTAG,978
AAACTGCCAACTAACT,977
AAGAAAGTTAGTATAT,977
CACGAAGTCAAAAACA,977
GAAAGTCTGTATTTCT,977
GCAAAAACCGGCCAAA,977
GTAAGATTAGCATGCA,977
GTCGGTAATTCTATCA,977
TAGAAATCTGCCTCGA,977
TCTATAACCAACACCA,977
TTGTTGCTAGAACTTC,977
ACCATACGCTAGGCAG,976
ACGAGTACTTCAGTGG,976
ATAAATTAGCGTTCAG,976
ATTAATAAAAAATCAA,976
CAGCTCAGCAAAACCG,976
CATCGAAGCTTATACT,976
CGCATCCAATTTAGTC,976
TCGCTGTTTCGCGTTC,976
AACATATATCTTATTC,975
CACCCGTATAATGAAA,975
CCAGCTTCTAACTCCT,975
CGCATGCAAACGAAAG,975
CTTCAGGTCCCAAATG,975
CTTGATTAGTGTATAC,975
GACGTGTGTCCTGTTA,975
TCGAAAACCAGGATGG,975
TCGTAAGGAATCAGAT,975
TGAGCTGCCTATCACG,975
AAAATTGCATATAAAA,974
AATATCTCCAGAAGTA,974
ATAATATCGAGTACGA,974
CAAAACTCAGTTAATA,974
CCTCATCGGATCACTG,974
CGATGAACAAATTAGA,974
CTAAATTGATAAAAAA,974
TAGCCTCATACAAAAA,974
TGTGAATAATATAACT,974
AAATAACAGCGTTACG,973
ACTCTCAAACATGAAC,973
CAACAACAGGCTGGGC,973
CCATGTAACCTTCGAT,973
CGCTGTTCTCATAGCC,973
GAGTACACACGACACA,973
GGACATCAATACTATG,973
GTCATGGGGCTAAGAA,973
TCTGATTGAATCGTAG,973
TTATTATTAACACCGT,973
AAATGTGAGATACGTA,972
AAGCAATACTACATTA,972
AATATGGACGTATTAG,972
ACGCAGCTGTCATCAA,972
CACGCTAACATCTGTC,972
CCGAATCTATTTGAGG,972
CTCCCCCTGCGTTAAA,972
CTTAAACTGTTCAAGA,972
GAACTACTTAATCAAA,972
GATCCCATAACAACAA,972
GGTTTGTCCAAACACA,972
GTCGTAAACACTATTA,972
TAACTGCTCCAGTAAT,972
TATTAGAAGAACGTAC,972
AAACGAACCCGCTAAA,971
AAACTATAGCGGGGTG,971
CGGAAGATTAGAAAAT,971
TAAATTAGAATATCGA,971
TATCGCTTTGAGATAA,971
TCGACGCTTAACCGTG,971
TCTCGGTCACACCGTC,971
TGACGTATATTAAGAA,971
TTGTCCCACTTCAAAT,971
ACCGAGATACATCTAA,970
ATCGAATGAGAACTTG,970
ATCTAGACATAATTCT,970
CCAAAATGATTCACCA,970
CTCACTCGGTTATAAA,970
GATCGATACTCTCATA,970
TCAGTGTTCGATATAA,970
TTGGAACTAACGAAGT,970
AACGATCGCGTCAGTT,969
ACCACCACCGTATCAC,969
ATAAGACACCTGCTCC,969
ATAGACAAAGATCACT,969
ATTATATACATGTAAC,969
CAGTGAAGCGGAATAC,969
CATTTTAATCTAAATT,969
CCATGATCCGATTCGT,969
CCTGCAAGAATCCAAC,969
CGTCTTGCGGTTTAGT,969
GACGTTGCGAATAAAA,969
GCTTGGATATACGGAA,969
TCGTATAAATTAGACT,969
TTTGTCTCTGCAACAA,969
AACTAAATACGATTAG,968
AAGTCAAAGCATATTG,968
ATTACACTTGGTGAAA,968
CAAGGTTTGATTCGTC,968
CAGACATGCTGATCCA,968
CGATACAAAAAACGAA,968
CGGTAGACAAGCCCGG,968
CTAGCAAAAGGAATAA,968
GGCATTATAAGATGAT,968
GTAATAACAAACCCAT,968
TCCAATCGCTCTGTAA,968
TCGAAGGATGAAATGT,968
TCTGAGTTGCTAGTTC,968
TGAAGAGGGCTCAAAG,968
AAAATAATCTGATAGG,967
AAAATATATTAGGCAC,967
AAATTTCACACCCTCA,967
AACAAGAGCCAGGATG,967
ATACCGAACCGCAAAG,967
ATAGAATGAAAACTCT,967
GGACAGCCACCGACCA,967
TACACAGTGGAGCCAA,967
TAGAAACCCGATACAT,967
TCTGAATCAGAAACGC,967
AAATTAAATTTAAGGT,966
AGGACCGCAAAACCCG,966
CTACCTAGTCTAAAAA,966
GGACCAGTAGCTACCG,966
TAAACCTCTAAGCCAT,966
TCAGAACCTTGCACCA,966
TCTACTTGTAAACGCA,966
TGCTCATAATCAAGGG,966
AAGTTTGTAGAACAAT,965
AATTAAAGAGACGAAT,965
ACACGAACATGCAGCC,965
AGCAGCCTGATTACTC,965
CATCCTGCTTAAAAAG,965
CGTATGAAAATAATAC,965
GTTAATAACCTACTAT,965
TACTACATCTCGAGAC,965
TATGAAAGATAGACGG,965
TGTACCTGAGCTATCA,965
AAACACGGAGTTTAGG,964
AAATGCAATAATGTTG,964
ACCCGTTCGACATCTT,964
CCCTTCCCCCTGAAAC,964
CCGAGTGTCTCCCTCA,964
CGTTGTTAAGATATCA,964
GACATAACCAAAACGG,964
TAACCGATGACTTAAT,964
TGACGATACAATTCGT,964
ACTTACAATACTGTGA,963
AGACAAGCGAAAATGA,963
CCAGTTATCATATACC,963
CTAGCTCTGTAGAACA,963
GTGTTTGGCTGACAGC,963
TAAAGTGGTTGTCCGA,963
TAACCTAGCGCAACGG,963
TTATGAAAAGTCTTTA,963
TTGGTCTTTAACGATG,963
ACGGCGAATTGTGATC,962
ATCGTCATTAGAAAAT,962
CAAGTATGATGGGGAT,962
CTAAATTATCCTAGTA,962
CTCCTCTTATATTAGA,962
GACACACGACAGTGTC,962
TAGTCTCATGTATCCA,962
TATATAGTGGAACATA,962
TTAAATAGTGTACCTG,962
AAAACAGATGGTCTCA,961
AAGATATGGGATGTAC,961
ATGGATAAGAAAGTAT,961
CACTTTTATAAACAAC,961
GCTATGCTACAAGCCT,961
TGATGGAAATCGGTAA,961
AATAAGAGGAATATAT,960
AGGCCCTTAGGGCATC,960
AGTCTTAAATCCTTCA,960
ATACTAGCCATACGTC,960
CCAGTGGAGGTTACGG,960
CCATAAGGGCAATCTG,960
CGCATCCTTTGATATT,960
GAAAGAGTTTGTAAAA,960
GAATAAACGAAGAGAA,960
GGTTAAAATTTGTCGA,960
GTAGAAATACACAAAG,960
TTTTCACACAAAGTAC,960
AAAGAACGTCTAACGT,959
ACATACCTCGTCAAAC,959
ACTTTCAACGTTGCTT,959
AGCAACCCAATAGTTC,959
AGGCATGAAGGACCGG,959
GACAGCCCGGAATAGC,959
TGTCTGATTACGTGGA,959
TTAATAAACTGCCGAA,959
TTACTGTAAGAGAAAT,959
AAAGAATATCCTATAG,958
AAATAAGGTTACAATA,958
AAGTATCCTCATATAA,958
ACATTTTCACCTCAAA,958
ATTCATTTTGTTTTAC,958
CAAAGGATTACCCAAA,958
CGCCACGGCTTCGTAA,958
GCTTACAGCGATAAAA,958
GGAAATAACCTACGAA,958
GGTAGAAAAAAAATAT,958
ACTGATTACCCCTTGC,957
AGAGTATAACGTGAAC,957
ATGCTCGCTTATCACC,957
ATGTCACTACTGGTAA,957
ATTACTACATCGTAGT,957
CCAATATTTACCTAAG,957
CCACACGAGTTTTTCT,957
CCATCTGATGTCGCTG,957
CGATATCAGTTCCCGA,957
GAATACCACGAGAGCG,957
GAGCGCAGCAAATAAA,957
TAATATTGTTTAACTG,957
TAATTAATCAGTACCA,957
TAGAGGCCGATCCTTC,957
TCAACTGATTGAAATT,957
TCCTTTGAATCCCTCT,957
AATAACGTAAACTTGT,956
AATTCATTTTCCATTA,956
ACCATTCGTAAGACAT,956
ACTGACATACAAACGA,956
ATTATCTAATAAAAAA,956
CAGAACGATGCTACTA,956
CATGAACATTAACGAC,956
GTGATTCAGATTAACG,956
TCGAGAAGATAGAGAC,956
TGATAACACCAGCTAA,956
TGTAAGCGACGTGCAT,956
TTCGTTTCTGACTGGT,956
AAATCGCCATTTACAA,955
AGTGGCATGAACTAAA,955
CACATTCAAGTTGTAT,955
CTCCCGAGCGAACAAC,955
GCACCCCTGCCATATA,955
TTGTACGATCTTGACA,955
AAATCCGGACCCAGAG,954
AAATGGAACGTTGTAC,954
AACGCACTGACCTTAA,954
AATTTAGATAATCGTT,954
AGGTAACGGCGCCGTA,954
CATCCGTATATATCAA,954
CCATGGAAGGACAGCA,954
GGATATCCCTGCTTAC,954
AACCTCAAAGAAAGAC,953
AATACAAACATGTTAT,953
AATGAATATATACGAG,953
ACATTCGGATTAACTA,953
ATAGCAAGTAATAAGA,953
CAAAGGAAACGGGCGA,953
CATTTGAGACATGTCA,953
CTCTGCCAATACATAT,953
GACTATCTCCCTCGCC,953
GATGCGACCATATAAG,953
GTGACAAGAATCTTGT,953
TAAGGCAAACATAGCC,953
TAATAGTTTGCGGCGG,953
TCAGACTGCAAGGATT,953
TGAACTACATTGTGAG,953
TTTCCAAGAGGGGGAG,953
AAAATGTATTGATACT,952
AAATCTTTATATCAGA,952
AACCATAAAACAGGAT,952
AATTTAAAATGCCTAT,952
ACTGCATCATCTACCC,952
ACTTGAATTCAAAATA,952
ATGCGTAATCAAGTTA,952
CGTTTCCCTGTCACCA,952
CTACTCAGTCGGAACG,952
CTAGACGGTCCCCTGG,952
GATAAAAGCAAGGAGG,952
GATCTGGGAGACTTCC,952
GATGTTACCGTGAGAC,952
TAAATCTGATGCTCGC,952
TACGAGCTCTCTTAAA,952
AACATACCTAAAACCA,951
AGAGATCCCACAGAAA,951
AGTATCACATTAACTC,951
CCAATCGGTCCATGGC,951
CTATTATCTGAAAGAA,951
GAGGACGAATTATGAC,951
AACGATCTAACTAACC,950
AGGTGCGCTGGGAAGC,950
CAATTCGGGCTAATGA,950
CCGACAGGACGATGTT,950
CGGCTCCCCACTCAGA,950
GAAAAGTGAGGCTGGA,950
TAAAACTAGACACATT,950
TCATCTAGGTTAGCCT,950
TGACAGTCATGTGCAG,950
TTTTGCGATTCCACCC,950
AAAAGGCACCAAGGAA,949
ACCGCTACGCGCGACT,949
CATACAAAATGTCCTG,949
CCTTATCTTACAATAC,949
CTAGTTAACCCACAGT,949
GATTACTAAGTATCTC,949
GTGTAAAAATCATAGA,949
TAATCTTTGCAAACGA,949
TACCTCGAGGATAATT,949
TCATATGCTAACGGTT,949
TTAGAGCAGCGGTAAA,949
ACGTTAAGAAATCCTA,948
ACTATAATACACTCAT,948
ACTATTTCATACAGTA,948
AGAATTCTAGCCTAGA,948
AGCAACTACATCCCAC,948
AGCCAGGCAATACAAT,948
AGTGAGTTAGCGGACG,948
ATGACAATGAACCGTC,948
ATTAAACAAAATAGCA,948
CATAGGTATGCCGATT,948
CATCTTTTCAGAATGA,948
CCATACTCTGCAAAAT,948
CCCGCCGGAGTTTATG,948
GAAAGCTACACGTACG,948
GCGTGAACAAGGGAAC,948
TCTATTATGAGAGGTG,948
TTAGGGCCCAGAGGCT,948
ATAGAAGCCCAGACCA,947
CATAACATATCTAAAT,947
CGAGAACACAATTGAA,947
CGTATGCGAGGGTTAA,947
GAAATTTATCCGAAAG,947
GACACTAGTCTTTCCC,947
GAGGTGCACAGAAGAG,947
TCCAAACTTGAACTTG,947
AAAGACAGCGCATTAA,946
AAATTGTACTACTCTT,946
AATACCTTAGTTACTT,946
ACTAATAGGTGGTTGT,946
AGCAACAGGACTGGGT,946
CACGACATTGAGAATA,946
CCCGAATATGACTCAA,946
CTATAAAAATGAATTA,946
GAACCCTTGAAATCAT,946
GAGAGTTGATAATGAG,946
TAGTTCTAATTAAAAA,946
TCCTAGTCTGGTCAAT,946
TTAACCCAGGACTAAC,946
AAACTGCCTTAGAACA,945
ACGGTCAAAAAACCAC,945
ACTAGACTTCACAACC,945
ACTGGTCCTATATCCA,945
CCATTATAAGGCAATG,945
CTCAACTTGCATGGGT,945
GAAACTTGAGCATAAC,945
GAGGACATCATTAGAT,945
GTGTCTAGATTCACTC,945
TGAAACGACCCTATAG,945
TTAGGAACAACCCCGA,945
AGGAATATATTGTCAA,944
ATAAGAGGTAGAGTAT,944
CCACGCATACCTAGAT,944
CCCTAAAGAGCCGGAA,944
CGCCTGCATAGTTGCA,944
GAGGGTTTATATCAGC,944
GCAAACAGTTGCAATT,944
GTTAAAAAAAATCATA,944
TCACCACATCTCGTCA,944
TCAGTGGAAATGCGCA,944
TTAATTTCTGATAGAC,944
AAACATTGTCAATTAG,943
ACGCGACACACAACAC,943
ATACGCTAGAATACGC,943
CAAAGGCGGACCACGA,943
CTCTAATAATGAAATA,943
GAAGAGCCAAAAGCTG,943
GATTACTAATTCACCA,943
GGTTTAAGACCTAATT,943
GTAGGTCCAAAGACTT,943
TTAATACGAACTCAAA,943
TTATACAGAGAGACCC,943
TTGATCTCTTTAACCC,943
AAACCCGGATACATGT,942
AAGTGGGCAATGTAAG,942
AGCAGAAGAGCACTAC,942
CGGTGTATGCCTGGCG,942
CTGTATAACGTGTTTG,942
GAAAGACAAGCTTCGA,942
GAATTCATGGTCACCC,942
GCGTTACTGCTAAAAC,942
GTCTGAAGCAACAAAT,942
TACAAGGGTCTACAGG,942
TACGATAACTTACCCG,942
TATTTCACCTGAATAA,942
TCGAGAGAACGAGGTC,942
TGCATAAGTGTAAAAT,942
ACTATATGAATAAATG,941
ACTCGGGCCATACGGC,941
CAAAGAAAGTAATGTG,941
CAACCTAAGTTACTCA,941
CCAATGTGACTCTGCG,941
CGTGGATCTTCGATAC,941
CTAACTTACCAAAAGA,941
CTCAGTGTGCTAAAAG,941
CTTTATTAACGGTATA,941
TGATTCCAGGGCATAA,941
TGGTAATGAAACCTTG,941
TGTACTTGTGCTCCTG,941
TTTGATTCCAAGTCCA,941
ATAAGGCCTCACAAAA,940
ATTTGGTCCGCCCACG,940
CACAGCCTCTGACCCA,940
CAGAGAGCGGCCAAAT,940
CATAAATTCTAAATAA,940
CCGCGGAAGTTCAGGA,940
CGTTTACAATAAAAGA,940
CTCATAAACTATTAGA,940
CTTGAAAAATTAAGGT,940
GAACCTTAGCCTCCTG,940
GTCACTGTTAATACAA,940
TATATAATATGCAAGA,940
TGAATATTCGCATAAT,940
TTAGTAACGATGATTG,940
ACACCCAGATGGCCTC,939
AGATCATAAAATCACA,939
AGTCCTACTTGCCAAG,939
GCCTTAAAAAACACAA,939
TGTGCTAACTACATTA,939
TTTAAATAACTTTCTT,939
TTTCAAGGAACTAATC,939
AAAAATGACTGCAAAC,938
AATACCTAACTGCGCC,938
ACGCCTCACGTCAGGG,938
CATGCACATATCTAAC,938
CTGAAACTACCACCGA,938
GATTCATCAATTACCA,938
GCGTCTTGAATCAATA,938
TTGAATAACCATGTGA,938
TTTAACCCAACGAAAT,938
ATACTATCTATTCTGA,937
ATTAAAAGACATTCAA,937
CGCCCTGTCCTATATA,937
GACGTAAATTACAAAT,937
GTACAAAACATTTCCG,937
TAACTAGTAATCTGCG,937
AAGCAACATATTACAA,936
AAGGCAGGATATCTAA,936
AAGTGAAGGACTCATA,936
ACACATACTAAACAAC,936
ACGCCGTCTACCAGTA,936
CAAAATGCATTACTAA,936
CTAATATGCAACATAG,936
CTTTAACGTACTTCAA,936
GTAAGTTTCCGAATCT,936
TAAGCCAGTTGGAGTC,936
TATTGGACTAGAATAG,936
ATATAACAAGCAAAAT,935
CAGGGAGATTAAAAAA,935
CCATAATCACTGGATT,935
CTGCCGTTCCATTCCG,935
GATCAGCATATAACCT,935
GTACTTTAAAAAAACT,935
TTCCACAATGAAGATA,935
AACCAAAGGTTCACAA,934
AACGCCACATACGGTA,934
AGGAGATATAGCACTA,934
AGTATACTACACATGG,934
CCCCGGAAAGTATCCA,934
CCTAATCGCACATCTA,934
GAATATAAGAAATGTG,934
GATGGATAAAATTCAT,934
GCCCGTAGAATGCACC,934
GGTACTCGGACTACTC,934
TGCGAAATGTTAGAAG,934
TTAGATCCATGGTGAC,934
TTTAACTACTAACACT,934
AAACCAGCAACAAGAA,933
AATAACAAGATAATTG,933
AGGTTAAACAGCTACC,933
ATCATAAACCCAGCGT,933
CCAGTAATTTTTCCAC,933
CGCACACAAAACGGCG,933
CGGCTTCTCAAAAACT,933
CTCATAATATGTCCAC,933
AAATTTTGTTCATAAC,932
CACATCGCAGCACATA,932
CTTCCAATAGGTAAAA,932
GGCGCTCTATACCTCA,932
TCGTCTACATTCCCGC,932
AACAAGACAAAATCAA,931
ACCATCAGTATAGAGG,931
CTTGAAAAAAACGTGT,931
GGGCGTAGATATAAAA,931
TGTTTTGTCACTGGAG,931
TTCGAAATGATATAGC,931
ATAAACATTAAATCCT,930
ATGCGAGACCCACATA,930
ATTGAGCCGATTCACC,930
GACAAGCCCCTAATCA,930
GCCGCAATGGGTGACG,930
TTGCTGACTCTCCAAT,930
TTGTGTCTGCTCCTAC,930
AAATTTGTGTAGCATT,929
AGCACTAATGACACGT,929
ATAACTCCTCTAGCCA,929
ATAAGACATCATATTC,929
CGACAACACCCTGACT,929
GATAGCAGACTTCTCT,929
GTACTCCCTAATTAAG,929
TCACGAGACAGGAAGG,929
AACGCCCATCACTATC,928
ACATATCAGAAACCCT,928
AGACGCTGACAACACA,928
CAACGACCCGCTATAC,928
CAGTAATTCATCAGAT,928
CCAACTGGATTCAAGC,928
CTCTATTTCAAAAAGT,928
TACCAAAGGCTGATCA,928
TTACTCAAAATTCACA,928
TTATGAGTAAACCACA,928
AAATAAGTGCTACATC,927
ACAGCAATATAACATA,927
AGAATGCAAAGGCCAT,927
AGCACAAAGATAGAAG,927
ATTGCCCCGATCATGG,927
CACAGAGGATTGACCA,927
CTGACTACAGGACACA,927
GAATATTTTTATTCGA,927
GAGTGAATATAATGAC,927
GTAACCACAATACTCT,927
TAAAGAACTACCGACC,927
TACGTTCACGTTTGAT,927
TCAAAGAGGTTAGGAA,927
TCCTAAACGGTATAAG,927
AAGCACAAGCGACTCG,926
CAGTCGTTTTCGCCAC,926
CTAAATCTATCCGGAT,926
GTTGAAAACTTTTGTA,926
TTAGGACGAATAAGAT,926
TTCGGATGGCATAAAT,926
AATGCATGCAAAATTT,925
ACATGTTTTCTTGAAC,925
ACCTATACGCCTGATA,925
CAACGTACAGAGCCCC,925
CATTTCATCGCTACTA,925
CCACGCCATACACACT,925
GAAAGATAATTCTGCA,925
GAGAACCGTTGATCGC,925
GATTGGCTCATAAATT,925
GGGTAATTCTATGCAG,925
GTGCACGTGATATAAT,925
TATGCCAGTTCCAACG,925
TCATGCGCAATAAGGG,925
TGAAGCCGATCATGCC,925
TGTATCTAGTTGAATT,925
ACTCGCGAATCCATTA,924
ATAAGAAAGTGAGAGA,924
ATGCGAAAGTCTTAAG,924
CGCAGAAGGAGCCAGA,924
GGCTCCAATCGCCAGT,924
GTGGACCTATATCAGA,924
TCCCAACCATGATCAC,924
ACAAAACAACTCAAAG,923
ACCAGGCAATAACGAT,923
ACTAACATTACCAATA,923
CAAGATCCATTCGCGC,923
CACCGAGAAAGGTAAC,923
GCTTACTGTTCTAAAT,923
TAAGTTAACATAAAGG,923
TATGACGTCCACACGA,923
TGCATAACTAAAGGAA,923
TGGTATTATAAATGAG,923
AAACCACGCTCTGCAT,922
AACCCTCTTAAGGTGG,922
AAGACGATTTTGCTTG,922
AAGGGCATAGCGTATT,922
ACACGTGTGGAACATC,922
AGATGTCATACATTTT,922
TGATACACATTATCGC,922
TGGACCGTATTGCAAA,922
GCAATATCTGTCCAGA,921
TACTTCACTCCTCTAC,921
TATGAATTCATAATGA,921
AAATCATAGTAGGCAG,920
AATCCATATCAACTTA,920
AGCCTGGAGTAAGACC,920
CAGTGATAAACCTCGT,920
CTGTAAAGGGCGGTGA,920
GAATGTACTCGAGATT,920
TAACGTCATCAACATA,920
TTTAGAACCCAATCGT,920
AATGGATTTGGCACAC,919
ACAGACTCCAATGTTT,919
ACGACACCGTCAACCG,919
CCAAAAGCTCACAGAT,919
CCAGCACGTGAGTTTG,919
CGAGATATAACACAGC,919
GCACAATACGGAAACA,919
TACCACTTACACGTTT,919
TCGTCTTCACAGTAAC,919
TGACCCTTGAACTTCA,919
TTCATAAAACTTAAAC,919
AAGCGGACACCCGCCA,918
AATATAGACTACAATA,918
CATCAAAAAACAACAA,918
CTAAAAACCCTTCCCT,918
CTAGATACAAGTAAGC,918
GAAATAACTGACAGAT,918
TAGCGACGGATTGGGC,918
TATCCGAGATTTAGCA,918
TCTTTTAAATACACTC,918
TGTAGCTTTGTCCTAT,918
TTTGTATTTATATTGG,918
AAACGGAATAGCGGAT,917
ACGACCTAAGTTTAGT,917
CAAGATACTACATGCT,917
CAGGCCGGTTTTCACG,917
CTTACTTAAAAGAATT,917
GATGCCAACGTGGTTA,917
GTCAAACAAACCGCTC,917
TACTGCAAGATGTTTG,917
TCCGAACTTCAAAGGT,917
TCCTGTTTACCAGAAA,917
TGTCGATCCGATAATT,917
AACTTATCACCTGGTC,916
AATTCTATGTAGCAAA,916
ACCTTTGATAAAAACA,916
ACGCAAAATAATGAAG,916
ATAGTCACAGTTTACG,916
ATCATACAAGAAACAA,916
ATTTAAAAAAGGTTAC,916
CGTCGCATTAGTTCAG,916
CTATTGCTATAACTAA,916
CTTTCATACACCTTTG,916
GATCACAGAATAATAG,916
GGCTAAAGCAATCTTA,916
GGCTCACGTACCTACT,916
TACGTTCAGTACGGGC,916
TGCCAGGATCTTAATT,916
TTCTTTATAATTCTAG,916
AAAAGAGTGTCAAAAC,915
AAATACAGGACAAGAG,915
AAGTGAGAAGCTAGAC,915
CAATCGTAAAGGAAGA,915
GCGAGAAGGTATATAT,915
GTCCAGGGAGCTATGA,915
TAAACTGTAACATGGA,915
TGGAACAGCTCAGATG,915
AATAAGGGTTCAGACT,914
AGCCCCTAGACGGCAG,914
CGAACCTTTACAGATA,914
CTTTACAAAGGTGCAG,914
GAACCGTGCAACGGTT,914
GGTAGCCATCGGTGCC,914
GTAATCCTGAAGAACA,914
GTAATTTAACCACCAA,914
GTACCTTTACGGTCTA,914
TATGGAAGAGTAATAA,914
TCATTAAGAGTGTCGA,914
AAAAAACTCTGTATGA,913
ATGACTTACACCTCTA,913
ATTGAAGTTTCTCTTG,913
CAAGAATTAAATGGAA,913
CACACCTAATTAACAA,913
CACGCACGCACTTATA,913
CCATAACATGTTAGAA,913
CCTAAATTTCTAAACT,913
CGGTCAAATATCATTT,913
GAGTACTGCCGTACAG,913
GGTAAATGTGATTAAA,913
TCAGCCCTGCTTTAAA,913
TGATAAAGCTGATTAA,913
ACAATGGTCAACACAA,912
ACTTAGATCATGAGGC,912
AGCGTTGCATTAAAAT,912
CAACACGTTAGAAAAG,912
CATACAAGACATAAAA,912
GAAGCTTAAAATTCGA,912
GATAAAATATAGTGAA,912
ACCAACACTAGGGATT,911
AGCGCCTTAAACCATA,911
CACTACCAGGCTCACC,911
CTTGAACAAAGCGGGG,911
GACTCGCTACTCAACT,911
GATAAACTTTTAATAA,911
GCCCCAAACGTCACAA,911
TCAGCCCGTATAATCA,911
TGCTTATGACACACAA,911
AAAATATATTATCTGG,910
ACCGGCTCCAAAGAAG,910
AGACAAAGCAATACCA,910
ATAACTGTTTGAAACT,910
CAACGCGTATGCTTCC,910
CAATAACAAAATGATA,910
CCTTCCGAAAGGGGCA,910
CGACTAATAAACGCCT,910
CTTTAACACTTTGGAG,910
CTTTGCAATAGAAAAG,910
GAATTCACGAAGTATT,910
GAGGTAAATGGACTAC,910
GATCATCCTGTAAGGC,910
GATCTCTCAGATGCGT,910
GCAAGGACGTGATATG,910
GGACCACAAGAGATAT,910
GGCCCACCTGCCACAC,910
GGCGTTACAATCTCGC,910
GGCTCGGTCTTCCTAT,910
GTTCAAGTTACTCCCA,910
TAAAAACATGAAAGAA,910
TAACGATACTACAGAC,910
TAACTGGTACGGCAAC,910
TCCAAGCCTACTCAAC,910
TTCGTCATTAAGACCA,910
AAAAGGTCAAAGATTA,909
AACGCGTCCATCTCTT,909
ACTACGTCTTAGATAC,909
CAGCTGGCCGGGTTAC,909
CATGTACTTAACACGT,909
CTACCAATCCTAGGAT,909
GAGACCAGATAGACAA,909
GTATTGACCCTCACGT,909
TACTAACCACATCCGA,909
TCACACGTAGAGTGCT,909
TGTGAGGCTAGTAGAA,909
AAAAACTTACCAAAAA,908
AAACAGTCTCTATTAT,908
ATCTAAGCGTTAAGAA,908
CCGCTCTGAGAATATA,908
GCCGTACCGCATTGAT,908
GGCGGACAAATGTGTT,908
GTGGAAGGATAGTGAG,908
TATGCTGTCATGAGGT,908
TATTAACCATAAAGTA,908
AATAATAATCTCTTCA,907
AGGCATGAAATGCTAA,907
AGTGAAAATCGGATCA,907
GATTTGCGTTTTCTGC,907
GCGGTTACGTTTAAAG,907
GCTATTACAAGAATCC,907
GTTAGTAACACGACGC,907
TAATCCGAGAATCTCC,907
TATCTAAGGTCTTACA,907
TCAAGGGTACTTAGAA,907
TCCTAATATCATATAC,907
TTAAGGCAGTATCGTT,907
AAATGAGACCGGGTAA,906
AACTTGAAAGGTACAG,906
ACGTTCGGAAATGATA,906
CAAATTACACTTCGGA,906
CCACTTGTACTACAAT,906
GAGCACCACCTGTGTG,906
GTAATTTTTCCCCAGA,906
AGCCCTATGCACATGT,905
CAACTGGTCATCATCT,905
CAGATAAATGGTAGCA,905
CAGTTCGGGAGATCAC,905
CCCAACTCCAACCACG,905
CGTTAGTTAAAATCGG,905
TGAAACAAGAAACGTC,905
AAATCTAAGCACACCT,904
CGATTATAAATAAAGA,904
CTTGTTTGCAGCCAGA,904
GCAACGAGACTTGGCC,904
GTAATAATAAACAAGC,904
GTGCAACAAGGTAATA,904
TATACAGCAAACACCA,904
AACGCAAAATAACGTT,903
AGCATGTATAATATTA,903
CAATTTAACTTTAAGC,903
GTTCCTTAGAAAGCCA,903
TAATTCCGGAGACCGT,903
TCACCACAAAAAATTG,903
AAAAATATCTTCTATC,902
ACGACTCCGATAATAA,902
AGAACCCCCCATAAGC,902
AGAGCCTAATTATCTG,902
GACAGAAAGTATAAAT,902
GGCATTCGGTCACTAA,902
TCAAAAGCAAACTACT,902
ACAGCAAGCACAATTA,901
ATGACTGAATGAGAGA,901
CCGACAAGGAAATAAA,901
CGCAAAGAAAGATAAT,901
CTGACCCATATGACAC,901
GAGAGCGTGTCACTGT,901
GATCGTAAAACATTGC,901
GGCCAGAAACTAAAAA,901
GTAGATCCTATATAAC,901
TACTTCGGGTCCGAAG,901
TTAATAGACATAAGCC,901
ACAAAACATAGAAGCG,900
GGGTATAAAAGCTAAG,900
TAACTGTGAACGCGAT,900
TACAGGGATGGCACCA,900
TCAACACGAGTAATAT,900
TGCTAAGCTACGGGCG,900
AAAAAAACCACGATAC,899
AAGTATTGTTCCCTTA,899
ACCGAGGAGCACCCCC,899
ACCTTGACACGGCACG,899
ACTTTTATTAACAATG,899
CTCCATAAAGGTCATT,899
GACAAGTCCATATATG,899
GAGAACATGAATAGAA,899
GATAATAGAATACTAA,899
GCATTAAATTCAGAGT,899
TCAAAAGCCAAACATG,899
TTCCGCCATCCCTAAA,899
ATGGGACGGTCCCCTT,898
CAACAAAAAAGGCAGA,898
GTTACAGTATGCATAT,898
TAAGGAATCGGCTATC,898
TGAACCGCTTATACAA,898
ACGAACCCAGAAGGAG,897
AGACAGAGACTAGAAA,897
AGGGTTTTTCCTCATT,897
GATCCGGGCGCAAAAA,897
GGTCTCATATCTAGGG,897
GTCAGGCTAGCTGATG,897
TGCTTCCGCCAAATGC,897
AACAATGATACGCAGG,896
AAGACATGTCAGACTT,896
AGACCATGAGACGTGA,896
CATGGGAGCGGAATTT,896
CTTATTAAATACATGT,896
CTTATTACCCTTTCCG,896
GTCATATCAATGCATT,896
TCATACAATCGCTCAA,896
AATGTCTCTAGAACCC,895
ACCATCTTTCACCAAC,895
ACGAACAATAAACGAT,895
ATATTGAAGATCTTAC,895
GTCCAGCGCTACAACC,895
TACTGCGAATTTGGAA,895
TTGAAAAACAAGAACT,895
TTGTATACCTAAGATA,895
AATAGCAAAAAGAAGA,894
ACATGACCTATAAACA,894
ACGCTCGAAACCGAAT,894
CGGCAATGCTAACGCT,894
CGGCCGCACAATCTTA,894
CGGGCACTATAAGAAA,894
CTTTTATTCACCGATC,894
GCTTATCCATAACCGT,894
TACACATGACTTCTAC,894
TAGACAACAGAATCTC,894
AACAACTACGATAAAT,893
AGCAAATGCGATAATC,893
ATAACCAACCACAAGC,893
ATAGACTTCTTAGCCT,893
CGTAAAAGAGGCTTAA,893
CTAAGGACAGAATCAA,893
GATCCTAGCCAGAGAA,893
GCGGAAAAAAACATAA,893
GTCAGACTTCCACACA,893
TACCAAGCTTGCACGT,893
TATACACAACCGTTTC,893
TGAGTACGCCATTTCC,893
TGATAATAACATAGTT,893
TTCTGGAAAAAAACGA,893
TTTTCGAAAAATCCAG,893
AGATTGCCAAAACTCA,892
AGCTTAACAATTGTCA,892
GTTTCATACCTCTAAT,892
TAAAGTCTGTTATGAC,892
TATGCAATTGCATGAG,892
AACGGTAACTAGATAG,891
CAACTGTATCCAAAAC,891
CACTTAAGAGTAACCC,891
CGGTTTCACATCACTT,891
CTCGATCCAAAAAATC,891
GACCGCGAACGGGCAT,891
TTTGAGATTTTATATC,891
ATAAAGAAACAAACGA,890
GTCGAGAAAATTAGAC,890
TGGAAATATCACTTAA,890
AGCCAGGATAAACATA,889
AGCGAACTAACAAACT,889
AGTGGGCTCGTCAAGT,889
ATAAATGTCGAGAAAA,889
ATATCCCAACAATAAT,889
ATCGCAAAGATATTGC,889
CGAACGACCATAAACT,889
CGTACTACGTAGACTG,889
GTTAAAGAATTGTCAA,889
TACCTTCCTAAAAGTT,889
ACGGAACATTGCTTAG,888
ACTTCTAAATACTCTA,888
CAAAGGATAAATTAGA,888
CAATCATGAATCCTAT,888
CCTTTCTAGTAACAAA,888
CGTAAACGTATCCAAC,888
GAACATAGCTTCCCTG,888
GAACGCGGATAGACCA,888
GATCCTACACCCTACT,888
GATCGCACGGAACGAA,888
TAAATCTACGGACTAC,888
TGGAATACATACCAGC,888
AAAGTCATACCTTAAA,887
AATAACATCACTATTA,887
ATACATTAAACGGACA,887
ATATGAGTAACGTTAT,887
ATCACGAGACACTTGT,887
CAGGTCAAATAGACGT,887
CCATTACCAACCATAT,887
CCTGTAACCTATTAAG,887
CTGTGACGTGGGAGAA,887
GAAATTACTCCTATTA,887
GTACAATACTGCATAA,887
GTAGTTGTTCACCACA,887
TCTGGATTTTTGAGGC,887
TTACTAACACCGAATA,887
AAATTGTCGAAAGTTA,886
AATAAGGACAGAGAGT,886
AGTTACAGACGTGCAA,886
ATAGTGGATAGCCTAC,886
ATGAGGAGACATGGTC,886
ATGTATTGCACACCTG,886
ATTACCATTATTAAAG,886
CCTCGAAACGGGTTTG,886
GCAATTAATTAGAGAA,886
TAACTGCCAACGAAAA,886
TATTGTCCCATAAAAG,886
TCAGATCATCCCATAA,886
TGTTATAACGGCACTG,886
TTCATCAAAGCGAAAA,886
AATATGAGAAAATTGA,885
ACAAAGCCATTACCGA,885
AGTCCCGTCTTATAAA,885
TCACTGACTGTGTTGT,885
AAAAGCGTAGAGGCGC,884
AAAGGATGTTCCAACC,884
AACGGGACGCTACTTA,884
AACGTATCCAATCACC,884
AAGGACAGTACAAAAG,884
ACAATAAGGCTAAAAC,884
ACACGACAACCGTTTG,884
ACAGCCAGTAGGAGGG,884
AGAAGTCCTTCAAGCT,884
AGTTCCGGGTCAGTAA,884
ATGCGGCTTACCACGA,884
CAACTATCACCCCAAA,884
CCCAGACATGTCGGTC,884
GACTGACATTAGGTCG,884
GTACGATACCCTGAAC,884
TAATAAACACTTGATC,884
TCTAGAGACCAAAAAT,884
TGAACTAAAAAAATGA,884
TTAAATAGCCGGGGAC,884
AATCAAAAAAACTTGC,883
AGTGATAACTATATAA,883
CAAAGCAAAGTCTTGT,883
GAACGCTATCCAAAAA,883
GAGACCACAAATACAA,883
GCTAGGCATTAGTATA,883
GTTGGACCATGTACAA,883
TAGTAACAATCGCCCA,883
TCAAACGGCGATGAGC,883
TCTTATGCAGCAAGAA,883
TTATCTATAGTCCTTT,883
ACAACCGTTGATAATC,882
ACAAGGGACACCAAGT,882
AGCTCCCCCTCCATTC,882
AGTTTCTACGCTTCAA,882
CATCTCAAATAAAGAA,882
CCGAGTTCATCTGAGG,882
GCCGGAGGTTATCACG,882
TGGCGCATAGGATAGA,882
AAGTAAGAACGCTACT,881
ATTTAGATCATTGAGC,881
CCATCCTGGACAAAAT,881
GTCTGCACGTTTTTCA,881
TAAAAAACTTTTCATC,881
TCATACGATCATAACA,881
TCCCAATGATTGACCC,881
TGCTAATAGGCAGGAA,881
TGTGACGATGCAAGGC,881
CCTTTAAAGACATAGT,880
GACGAGACCGCTGCTC,880
TAATTGTTATAGAATA,880
TCATACACAAAATCTG,880
AAGGCTGCTAAACCAT,879
AATAACAATGGTATGT,879
ATTAAAAAGACGCATA,879
CAAGGTCGCGATCGCC,879
CACAGAGAAAATACAA,879
CATTCATACCATACAA,879
CCGGCAACAAAAATTT,879
CCTACGAAGATATCTA,879
GACCAAATCATAATGT,879
GGTTTAAATAGGGAAG,879
GTCCAAAAATCGAATC,879
TCACCCCGTGATACGT,879
TCTCCACCAATTTATT,879
TGAAAGAATAAAATCG,879
TTATATACATCCGTCA,879
AACACGATCGGCACCA,878
CAATTAGAACATTTTA,878
CAGCCACTGAAATACG,878
CGGAATAATAAACTCT,878
CGTACTCAATATGGTC,878
CTCTAATTGTCTCTGG,878
GCTACTTGACATTTCT,878
TACCGATCCCACGACG,878
AAATACCATGTCCGGG,877
ATCCTTCAACAAAGAG,877
ATCGTAGAATAAAATG,877
CAGTCCATTAAAGAGA,877
CATAATGAAAAACCGG,877
CCACTCGAAGCTGGTC,877
CGAAGCTACTAATCCG,877
CGATACAATATGAACA,877
CGTTAGTTTTGTAACC,877
CTGAATTACGGGACTC,877
CTTCACAACTTTTCGA,877
GATTGTTCTGTATCAG,877
GCTAGATTGCACCAAA,877
GGGCTCCTCTGTTAAG,877
TATAACTGATGAAAGT,877
TCATTATAGAAAGAAT,877
AAGTCACTTATAGAAA,876
ACAGACTAAAACTTTC,876
ACGCATGAACACGCCA,876
AGCAAAGTGAGGACCA,876
ATTCAGACCCCGGCAG,876
GAACAAAACCTGCCTC,876
GAATGACAAAGGCTGG,876
GTACCGAAAAGAGAAT,876
TAAATAGAACACTTGT,876
TAAATGTGTCTAAAAC,876
TTGAAATTCATTATAT,876
AACAGAGCAGAAAATG,875
ACTCATTAGACAACAA,875
ATATTTCCATATCTAA,875
CAGGCATACAGGAGGA,875
TACGAAAGCGCGAATC,875
TAGGAGAGAACAATAT,875
TTGAGTATGTAACCTA,875
ATTGGCACCATAAACC,874
CGAAATTCATGCAATG,874
CGTGAGTTTTTATGTC,874
GACAAAGTAAGATAAA,874
GACAATGCTGTAACAT,874
GCAACAACAAAACCTG,874
TACGGAGTAACTGATG,874
TATCCCTCAATGCATT,874
TATTATGGCAAATAGG,874
TCTTTAGAATTAGTCG,874
AATACATGAACGGTCC,873
ATAATCACTAATGTTA,873
ATGTCCCGATACACCA,873
CGGCTACTGTATACCT,873
CTTGCTCAGTAGACCT,873
GAAACAGATGGAGCTG,873
GTATCCGTAGGTGTAC,873
GTTTTATACTACTATA,873
TACAAAGATATTCTCT,873
TTCTCGCGGCCCGGAT,873
AATAGCCTACCTAAAG,872
AATCTTTCAAGATATC,872
ACGACGTATCAAACCG,872
AGACCCCATAGCGGTT,872
ATAGAACTCGCGGAAA,872
CACTACCCTAACGGAG,872
CATGAAATCAAGAATA,872
GAGCATCGAAATATAA,872
GAGCGTAGACAATCCC,872
GCAATGTAACATATGC,872
TAAAAATGACTGATAT,872
TCAATAGACAATTATA,872
TGCTATACGTAGTTCG,872
TTAAATTGGGTCAATA,872
ACTTACAATTTGAATT,871
ACTTGTAGACCCAGGG,871
ATTGGACACCTCGAGA,871
GGGGGGCGGTTGATCC,871
GGGTGGCTGGCGCCAA,871
GTAAACGCAGTCCTAG,871
GTATAAAGACATTGAA,871
GTGCTACCGTATCAAT,871
TAGACAGAACCAACGT,871
TCGGACTTTAATGTAA,871
TTAAAGCACCATCAAT,871
AAATAAATGGAATACA,870
AACTCCAACATATGAG,870
ATCGCTTTTATAAAAG,870
GAATGTGTTAATCCCG,870
GAGACGTTGTTATAAA,870
GGATCCAACGATTCTA,870
GGGAATTAAACATGGG,870
TAAACACACAACGCAG,870
TACATCTACCACCAAC,870
TACCAACGAGTAATCT,870
TCCTGCCTCTCTAAAC,870
TGAAAATCAAACACAG,870
TTTAACAATAGGTACA,870
AACACAGAAGGCATAA,869
ACAACTGCACACGTTC,869
ACGTTGGTCCCGATAA,869
ATCTATCTCAGAGTTT,869
CAAATCCTTGTGCAAA,869
CCTAAATGGACAGTTA,869
GACCACTAATATACCC,869
GCAATTAACAAAACCA,869
GGCTAACATCAACTGC,869
GTCGCGGATCTAAAAC,869
TAAATTAGTCGAATAG,869
TGACAAGCGCTCCAGA,869
AAAAAAACGAACAGAG,868
AAAAAGGAAGACGTTT,868
AAATTGCATACCGTGG,868
CAACCCACTACATATC,868
CTATGGATGAATAATG,868
GGAATTGCTAAAGGAG,868
GTTAAAAAAAACCACA,868
AGGTAGGTCGTAGGCG,867
AGTTAATCAATTCAGA,867
CTGGCCGCATTAAATA,867
GAAATATAACCGAGTA,867
GTTGTAAGACCTCTCC,867
TCATAACTTATTTCAG,867
TCGCGATGAAGTAATA,867
TCGGGCTATGGATACC,867
AATCCGAACAATCCCA,866
AATGGTGTGCATTCCA,866
ATTCGGTCAAAAAAAA,866
CCTTGTCTAGATTCCA,866
GACCGAGGAGAGAAAA,866
GAGGACTCCGCTCAAG,866
GCCCACATAATTGAAA,866
TAATTGGACGATCTGA,866
TAGCCCACAAAATGAA,866
AAGAAAGTTTCCAGAA,865
AATTTCATAACCACAA,865
ACCAGACTTTATTAAT,865
AGGAAACATGTAACGA,865
ATAACTGAGGTTCCTT,865
CAAGAGTCTTAAACCA,865
CCTGCCGAAACTAATT,865
GCAATAAAAGAATACC,865
GGCGGATCGTTCACAG,865
GTGAAATATCACGAAG,865
TATACAGTAATAACCG,865
TGGATGAAACCGGAAG,865
TTAGCTGTATACCCCT,865
AAGAGAGCTACACAAA,864
CAATACAGTATACTAA,864
CCTACTCTTTCAAATA,864
CTCCAAAGAAGTAGTC,864
TATAACAAGTTGAATG,864
TGCACATGGTCTACCA,864
ACCGTTATTACTTTAA,863
ACTCATAACTGATATG,863
ATGGCAAATCATGAAA,863
CTAAAGTTTACTTTTG,863
CTCTTGATATAATAAC,863
GAGAAATATCGCGTGA,863
GATATAAGAAACAGCC,863
GCACCACACAAAAAAA,863
TGAAAAAGTGCAAACG,863
TTATAACCGACCTGCC,863
AAAGAAGCAACTTTAG,862
AACGAAATAAAATTAA,862
AAGACGTTTTGACATC,862
ATATCGGCAGCAACAG,862
ATTAATTGCAGTTTAT,862
CCTCAAAGAGCTAGCG,862
CTCCTCCAACGTTAAC,862
GCATACTTGGGTATGT,862
GGACGCGTAATGGAAT,862
TACCGATGCGGCTTAT,862
TTCAGTAAACCCTCAT,862
AATCTGAACGATAAAG,861
ACTATAAGAAACTTGC,861
ATTTGTTTTTCCAACA,861
CAATTGTTGATAACTT,861
GAAAAATCTCTAGAAC,861
GGAAAAACACGGGCTT,861
GGCCAGCTCTCTTAGA,861
TAAGCATAGCTCCTTG,861
AAATCCCTTCACAGCC,860
CAGAAAAACAGTTAAC,860
CCAAGCAACTTAAAGT,860
CCTAAATAACCAACTG,860
CGAACGCCGCCAAAAT,860
CTGACGTCCCCAGGAA,860
TAAGCACAAAAACTCA,860
TACAATACACTTATGG,860
TGGTCGGCTCCCACCT,860
AATAACACTATTTTAT,859
AGTTGTTGGAAACCCG,859
ATCAGTGAACTATATT,859
CGAAACCGATTACCAT,859
GCAACAAGGTATGATC,859
TCCTGAGAACCCCTGC,859
AACAGTTTAAACCTGA,858
AATTTGGGAAACCAGA,858
ACCACAATAGTATCAT,858
GCGTTTAGTCACAAGA,858
TCTCTCTACAAAACCT,858
TGAAATTAAGACCCAG,858
AAACCACATAAAAGTT,857
AAGCAAAGGTAAAATA,857
ACCAAACTATCCCGTA,857
CAACATACATTTTAGA,857
CAGACACCGAACTGAA,857
CCTTGAGTAAGGAGCA,857
CTTCAGAGCCTATTCT,857
GATGTGTAACTAAAAT,857
GTTAGCCGAATGCTAC,857
TAGACAAAGATACTAG,857
TTGAGTAAACCTCGAG,857
TTTCCAGGTTATTGCA,857
ACGACATACCATACCT,856
ATGCCAAAGTGGCGGG,856
CATACAATAATAAAAT,856
CTATGCTCAAGAGTAC,856
GCAAAATGACAGCGAA,856
TAGCTAACTCAGAAGA,856
TCTGATATGTAACATA,856
AAATTAAAACATATAG,855
AATCCTACGGTACGCA,855
ACCCAACCTTCAAAAG,855
ATCCACATCGACAATT,855
ATTTACAATTCATCGT,855
CATACCGAATCGAGCA,855
CATAGTGGTGCCTTAT,855
CCCCTCATTCGTACCC,855
CTTCCTATACCACGCT,855
TATAACAGCGCGTGCA,855
AGAATATAGACGTGGC,854
ATGCTCAGCATAGAGT,854
ATGTCTTAAAATTTTC,854
ATTGCCTTCGAATCTT,854
CAACTACAAGCCTATT,854
GATTAATAAAAAAAGT,854
GGCACGCCCTCAAAAC,854
TAGACAACGAAATGGT,854
TGTATATCACTAAGCT,854
AAACGACTTTTCAACT,853
ACGATGTGGAAATTGC,853
AGACTGTCACGGACAA,853
TGAAGAAATTTCAGCA,853
TGCATTAATATAGAGT,853
TTAGTAATCATATAAC,853
AAAAACTAGTATCCAA,852
AAACCAAATTGGTATA,852
ACGGGGTATATGGTCA,852
AGATGCTGCTACACAC,852
ATGCAACGCATTGAGG,852
CCTTCACTGGATTGTA,852
CGAGCCCAAGACGATC,852
CGTCTCCAGCGGGCAC,852
TAAAAATAGACTTGGT,852
TATCTGTGAGTACTAG,852
AAACACATCTTTATTG,851
ACACAGATTTATCGCA,851
ACACGAAAGAATCGAT,851
ACTTATTTCTAAATGG,851
AGTAAACTTACAAAAC,851
ATCATTCCGAAAACAA,851
ATCCGATCATCCTAAG,851
CGACTACAATAAATAA,851
GAAGATACCAAAGTTA,851
GATACCACTCCAAGAC,851
GCAGCCCAGAATCTAA,851
GGAAGGGTCTGTTAAA,851
GGTCCGAGCGTACAAA,851
GTTTATACTTGCTACA,851
TGAAGTTTAGGTTAAG,851
TTGTCAACGAGTCATA,851
AAACCTCGAGTGGGGA,850
ACGGAAAGGATACCCG,850
AGCCACTTTCTACCCA,850
CAAAAATAACCCGTAG,850
CTGGCTCTTATTTGAA,850
GAAATTCTCCAAGAAA,850
GAGCGGGTTAAAACCA,850
GATAGTGGACAACACA,850
GTAAAAACTGATACAA,850
GTAAATAGTAAGAATA,850
GTAACTGCATAGTCTC,850
TACCGTAACTCAAGAC,850
TGCCTAAAGTGAAATC,850
TTACACATTAGACCTG,850
AAGGTGGAGCAATAAA,849
ACACAATACCCCAACT,849
ACTATGTCTTATTTAG,849
AGGAACGAGATATTAT,849
GAGCAATTAGTAATTT,849
GAGTTTATTAGACCAT,849
GTTTGCATACCTCAAA,849
TACCATAAACTAAGAA,849
TACGTTATCTCCAGTT,849
TCAATTTGCGATTGCA,849
TGGCTGAGAGCCACAA,849
AAAATATCGTGAAGAA,848
AACTAGGAGTTCCTTA,848
AATATACCTTGCTTCA,848
AGTTAATGAGTCTACT,848
CGCGTGTGATACCCAG,848
GAACAAGTCCGGTGGC,848
GAAGCTTAGTCGTGAT,848
TAGAGAAAATTATATA,848
AACTAGAAAAAAACTA,847
AGTTCATGGACCCGAT,847
ATACTATGAGTTATAC,847
ATATTCCCTGCATCTT,847
GGAACCCTCCAAGGCC,847
TAAATCAAAACGTTGA,847
TGGTGCACTAAATTTT,847
TTAATGACGGGGATAC,847
TTCGCAGCACGAAGAC,847
AAATGAGAGAAGACCA,846
ACGGAAGATTCTTAGC,846
ATCAAATGAATTTCGT,846
CACGGCATGCGTACAT,846
CCCATACAAATTACAG,846
CGCGCTGAAACCTGAA,846
CTAGTAGATCCCTAAC,846
CTGAAGAACACCTATC,846
GAGTAGACCACGTCAT,846
GCAGTGCCTAAATTGA,846
GTTCGTACAATTATTT,846
TAAAACGAGCACAAAA,846
AAAACATTTACGCAAT,845
AACGTGATGATCATAA,845
ACCGTAGATGCCAAAT,845
AGATAGAGGGATCATA,845
CTTTCACACCGGCGAA,845
GACACACCATAACGAA,845
GCACACCAAGTGCGCG,845
GGGGCGAAATTTACAT,845
TACTAATACCAAAAAC,845
TGAGATCGTAGACTAC,845
TGTACAAAACAACACG,845
TTCCACAACAGCGTCA,845
AAGGAGGAAAAATGAC,844
AGAAGCACATAGATGA,844
AGATCAAGTGTACTTC,844
AGCGCAGTAACTAAGC,844
CGGTACATACACATCA,844
CGTCAGACGTTCAAAA,844
CTACCCACTTTGCTTC,844
TACATCAAATATCCAC,844
TGAACCTTCATCGCTG,844
AACAATCAGAGCAGGT,843
ACATCACGCAATACGA,843
CAAAATTAGACATAGC,843
CCGTAAAACGCTTCTT,843
TCAGGGCAGGCAATCT,843
TTCACACTACACCACC,843
ATTAATTATCCTAATA,842
CTGAGAATTCCATAAT,842
GCATTGAGAATGCTAC,842
GGAACTATTTCCACCA,842
GTACGGCGTGTCCCTT,842
TCACACGTTTGTAAAG,842
TGAAACCGATCAACCA,842
TGAGCCCTCACACAGG,842
TTCTTTTCCTTACTAC,842
AAAGGTACTCCGATCA,841
ACCTAAATTATGAACT,841
ATGCAGAAAATCCCCT,841
CTCCTATAACACAGAC,841
CTCGTACGTACCCTAA,841
GAATAAAAAATTCCGA,841
TATCATAAAAAATTTA,841
TTACACCGAACTCAGT,841
TTTCGATCACGCTCCC,841
AATCACAAGATACCTC,840
AATGGACGCCTAAACA,840
AATTAGTGCCGGAGAG,840
ATGTCACAATACAGAA,840
ATTAACGACCGCCTTG,840
CCCATTTTCTGAAATA,840
CCCGTCATTTTTAAGC,840
CCTGTAACGTCTTTTC,840
CGTACACACAATGGTA,840
GAAAGACATATTCCTA,840
GCAATTGTGATACGAC,840
GTCCAATAACTCTTTT,840
TTCATAATGTGATTCA,840
ACAGCTGAAAGAGAGA,839
ACAGGCATTTAATTAA,839
ACCAACTTTTTTGACA,839
ACGGATAGCTCCAAAA,839
ACTAATTAGTACGACA,839
ACTCATTGACATTATG,839
ACTTGAAAATGAGCTA,839
ACTTTTACCAGGAAGT,839
ATAACTTCTTCAAAGA,839
ATACGCTACCTTAACC,839
CTGAATACCAGCTAAG,839
GACTAATTGAAAACAT,839
GGTGGAGCCGGGTCCC,839
TCTAACTTCAAGAAAC,839
TGACCTTGTAAACTTA,839
TTAATCTCTCGACCTT,839
AAAGACCTAGCTTATA,838
AATCATCGTATAAATC,838
ACCGTCGGAATTTATT,838
ACGACCACAAATGACC,838
CAGGTTACCTAGAGAC,838
CGTCACGGCATTACTC,838
TAAGCTGACGTGTCCA,838
TACCGCATTTCTCTCC,838
TGTTGACGAAACTTAC,838
AACTTGCTCGAGCCCG,837
AATTTAGAATTCGTGG,837
ACGGAGGCGTACAAAG,837
AGTTATAAGAAACTTT,837
CCAACGACCAGCAAAA,837
CCCCCCTTAAAATTGT,837
CGCAAGGTCAGGGTCG,837
GACGCTAAAAGTAAGG,837
GCATCCCAAGGAGAAA,837
GGATGGCTCACTGAAA,837
GTCATACCTTCAGGCC,837
TATCGGTAGGACAGTC,837
TGGACATAGACTAAGA,837
AAATATATGTGGTAAT,836
ACTGCCAACTTTAAAA,836
CAATAGGTTCTCCTAA,836
CACTAACTGCCTGTAA,836
CCTCGCACACATACGA,836
CGGTGCAAGGATCTCA,836
GAGATGTCGCAAAAGG,836
GCCCCATTGCGTTAAA,836
GCTCCAGACCATCCGT,836
AATTATTTAAAGCATT,835
ACTCAGGTGACATAAG,835
ATCTCACTTCATGGAT,835
ATGGGTCATAGAAAAC,835
CAGTATAATAATGCCG,835
GATACAAAACGACCTA,835
TAGGCAAATTACGACA,835
TTAACGACAGGCAGTC,835
TTTTTAGCTCATCCTA,835
AAGCCAAACGCGGACT,834
ACACGTATAATACTTA,834
ACGTATAATATGATGA,834
AGACCGTTACTTAGGA,834
CTAAAAAGCCACATAG,834
GCCTTACCGCGACAGA,834
TATCTTAGGAAGTGAC,834
TGAGCAGCTTAAAACT,834
TTCAAATCGCAGATGA,834
AAGTGATTCCATACTT,833
AATATTATCCCTGCCA,833
ACCAAGCAATTTAATG,833
ACTGATGATAAACGGC,833
AGAAGAGCTTCTTTAC,833
AGAGATTGAGTAAATC,833
AGATTGAGAACAAGTC,833
CTTGAAAACTATGTAA,833
GACCGCAGATGGATGC,833
GAGGTTCACTTTGAAG,833
GCGTTAACGCACCTTT,833
TAAATCATAATTGAGG,833
TGCCCTAGATCAAGTA,833
AATTAAAAAGAAGCGT,832
ACACAGCACTTATGCA,832
AGGAATTAACAAAAAA,832
CTAAGGTCCAACAATA,832
CTCTCGTGAAACCCAT,832
GAGATACGAACTGGAA,832
GTAAATGGTAGTTTAT,832
TAAATCCTCACCGATG,832
AACTGTCGCTTATATT,831
AATAATATAAGAAGCG,831
ACCTATATGGGACAAC,831
ATAACATAACGTGTGT,831
ATACCGTTATAAGACT,831
ATTATAGATGAAAATA,831
CAACAACCTAAGAAAA,831
CATCACAATATCAGTT,831
CCACGCACGATCATAT,831
CCCACTCCAACGCGAT,831
CTAACTATGGCCGTCA,831
GAACCATTTGGCAATA,831
GATCTGGCTTCACCAA,831
GCATTCTTTACGGGTA,831
GCGACGCTTAACCGGC,831
GTTAGAATTACATACC,831
TACGGATAGACTGGTG,831
TCTTCCACCTTCCACA,831
TTAAACACGCAGCAGG,831
TTTTTCTAAGCCAGCC,831
AAAATACCAAGATTAC,830
AACAGGAGGATAACCG,830
AATACCCTCGGTAACA,830
ATATTTCCCTAAATCT,830
CGCTTAGCTCCGTAAG,830
GTCATGATATAAACAG,830
TTGCCTATTCAAAACG,830
AAATATTCAACCCTGG,829
AAGATACCACCCAAGC,829
ACATCTCGTGGACACC,829
AGCACTACAAGATGCC,829
AGCATTTTAGAACTAT,829
CACGAAGAAACATAAA,829
CACTATCACTGTAGTA,829
GAAAAACAGGAATGGA,829
GAACACGGTTATTATA,829
GGTTGCCTAAGATTGG,829
GTAGGAGTACAAGGGC,829
TCGAGATATAGCTTAC,829
AAAAGAACGAAGTATA,828
AAATTATAGAATCAGA,828
AATGATTTTGAGATAA,828
ATAGAAGGGTCACCAT,828
ATGATGATTTAAATGG,828
CTGGCTAAACGCGTTA,828
GAAACGGCATTCGAGG,828
GCATAACATTAATGAC,828
TACTCATATTGTCGGG,828
TAGACTGATGGCAAGT,828
ATGAGCTCTCAGATTA,827
CCTAAAAAAATTTAGT,827
GGAAGGATACGAGGCA,827
GTAAGCTGTGTCAAAG,827
TCCGTCGATAAGCTAC,827
AATCTTCCACTAATAA,826
ACATAGGAGGCCGCAG,826
AGCACCTTATAAACTG,826
ATGGCAATAAACAACA,826
CAAATACTACCTGCTA,826
CTATTCAGTAATTGGT,826
TAGAAATTGTAGATTG,826
TCGTAACTATAATTAT,826
TTGCCGGCCATAGCTA,826
CAAGTGGAGCTAATTA,825
CGTTTGCCGCTGTTAA,825
TACCCAACTTCTAGCA,825
TGAAATTTAATATACA,825
TGAATTATTCTCCCGT,825
AAAAAGGGAACATTAA,824
AACGCGACATAATAAC,824
ACGTTTGTTCAGCTTG,824
CATCTAAACCGTATAA,824
CCTCTATATAGTATTC,824
CTGTAAGGGTGTGATC,824
GTTAAGAAATGTAGCG,824
GTTGACAACGTTACCC,824
TACATGTTATCATCTG,824
TCACATATTAAACTCC,824
TGCATCGTCAGTGCAC,824
AAATGAAATAACAAAA,823
AATAACCTGATCACAC,823
ACATACCGCCTAGAAA,823
AGATACAAAATACGTT,823
AGGTATTCAATATGCA,823
ATTCTGTTGATATATT,823
CATATCAAGTCGGAGA,823
CGAGGATACGTGATTT,823
CTACTTATTAGACACA,823
GATTGTAACGTCGCAG,823
TCTCTACCAGGCACCC,823
TGCCATCTATACATAT,823
TTTAAGCCATGTCAAA,823
AATAGCAACGTTATGA,822
ACAAAACAAAATTTTT,822
ATGCTAGAAGAAAGAA,822
ATTATACTATGCTGTT,822
CCGGTATATACTATCG,822
CCTGGGCGTTTAGAAC,822
GAAGAAGTAGAAAAGG,822
GACGTGGACGATCATT,822
TAAAAAATAGCAAAGA,822
TACATAGATCACGTAA,822
TCAACTTAACATACAT,822
TTATTTTAATACAGAA,822
AAATAATTTTCCTATT,821
AACAGTGTGGATAGAC,821
ACCGTTTAGGAGTCCA,821
ACCTAAAGTACAATCA,821
ACTGAGTGACAAACCA,821
AGTTGAATGAAATTAT,821
CGTAAGTCTGTTTCAT,821
CTAATAATATGTGGTT,821
CTATAATTGGAGTACA,821
GGTCCGACGTATAAAA,821
TACCTACTGGCGACAC,821
TTATCCAATGAATTGA,821
TTTCAGATATACACCA,821
AAACGACGCTAGCTAC,820
AAGTTATATCCGTTCA,820
AATCCTGGTTACTAGC,820
AATGGACCTGATCAAG,820
AGTTAAGACATATTAA,820
CGATAATCTTAACTAT,820
CTCGAGCCGAGGTCCA,820
TACATAGTTAGTACAA,820
TACGTGCAGACCATTT,820
AAAAGGGTAGAGAAGT,819
AAATTAGACGGAACTT,819
AAGTATCCTGATACGT,819
AAGTGGCTGAAACGAC,819
ACCCACTACAAATATT,819
ACTTTTTAAAATTAAG,819
CACCTGCTCTGTATTG,819
CTCCACCATACTAGAT,819
CTGACACAACAATCAC,819
CTTTAATGTAGCTACG,819
GACGATTTTTTAGCAA,819
TAGATTGTCGTTCTTT,819
TTTAGACCTGCCGATC,819
AAATTATAAAATTAGG,818
CCAGTTAATTGTCTAC,818
CGGATAGAGATCCCGC,818
CGGTAACCTGACTTTG,818
TGCAGTTAACCTTAAA,818
TGTTAATAAACTGACA,818
TTTCTATACAGTACAA,818
TTTCTTTAGCTAGGCA,818
AAATATGAATCTTCAT,817
AAGGACAAAAGCCTAT,817
ACGTGAACATTCTACA,817
AGATATGGTTGCGTCT,817
AGCCCGTACCTGGACA,817
CATAAGCAAAGATCAT,817
GTTGCACAAACAGAAA,817
TATTCGACCCTATCGG,817
ACAGACGGCCATAGAA,816
ACATCTTTTATGTAAC,816
ACCCTTAATAACTTAT,816
AGTTAACCGATGGATA,816
CCATTTGAGAAATAGA,816
GTAGCCGGAAAGTACT,816
TCACAGTCAGACCTAT,816
AAGCCTTTGAACCAGA,815
AATCGAGCTTGCAGAA,815
ACTTTTTAGTACAAGG,815
CCTCTATTCTTATCTG,815
CTGCTACCAGAACTAT,815
GAAACTGCATAAACCC,815
TATAAAAACATACAAC,815
AATACCGATATCTACT,814
CATAGTGATGTAAACT,814
CATCAGCGCGGGACAA,814
CCAAACTTTGATTACG,814
CTTATGCGCTTTAGAC,814
GAAAACACACATTAAT,814
ACCACCAACAATGAGG,813
ATAACATACCTGACAG,813
CACACTAAATCCAAAA,813
CACTTGCGCGCGCTCA,813
CATGACGCTCATACAG,813
GGCCAGACGACGCCAT,813
TTCAGAATACTAACAA,813
TTTTGTAGTCCTACAT,813
AAATCAATGTTAATGT,812
AACCAAACAATTTAAC,812
AGATTATAATTAGATA,812
TCAGAAGAAGATTTAT,812
TCGTACCGCTCCTTCA,812
TTCTATGGCAACCAAA,812
AAAAAGGGGCCAAAAT,811
AAAACTCAAATTGAAG,811
AACAGTAAGCTCCACA,811
ATTATTCAAACTGATC,811
CAAAAAAACCAAACTT,811
CCGTTAATGTTCTATA,811
GAGAGCCTCAGTTCGT,811
GAGTAAAACGACACAT,811
GTATACATTTGATGAA,811
TTATATTACAGTGTTT,811
TTTACACGTAAAATAT,811
AAAGCACAGCCATATC,810
GAATCCAAATGCTTTA,810
TCCCACACAAGATTGA,810
AATTAAAGACAATGAC,809
ACCAAGACCAAACATA,809
ACTTAACCAACATGAG,809
ATATTGAAAGTTCTAT,809
CAAGTCTTTTAGTAGA,809
CGTTGAAGCGTCCATA,809
GCCTTCCATTGCTTTG,809
TCAGTAGATAAAACAT,809
TGCTGATTTATAAAAG,809
TGTAATGGCGTACCGG,809
TTGTATAGCACATACG,809
ACGTAATGAAGGCATA,808
ATGTGGAGAGATGGAA,808
CAGATATGAAGCACTT,808
CATTCTAAGCTTGATA,808
CCCGTTCACAGGACTC,808
GTCCCCTTGGATACTA,808
AAAAAAGTCATAATAA,807
ACCCCCGGAGACAGGT,807
ATTATTAGCCAGCCGG,807
ATTGTTGAAGGAAGCA,807
CATTACGACCCGTCTA,807
CCGTTGTATTAAAATG,807
GAGGACGAGCGCCTTA,807
GCAATTCCCAAAAGTC,807
TAACGCCTATATGAAC,807
TAATTGGACACGCTCT,807
TCATGCCGTTGATATC,807
AATAGAAAAACTCCTG,806
CGCGCACAAATAACAG,806
CGCGTGATCTTACCGT,806
GCTTCCAATGTCTGTG,806
GGGACTAGTCACCTAT,806
TAAATAAAAACTATAC,806
TCCCCCAAGATGAGAC,806
TCTTAGAAACACTCGT,806
TGAACGCAAAACGCGG,806
TTTAGTTACTTCGTGA,806
AATACCCACTTAACCG,805
AGATCTTATCGGAACA,805
AGCACAAATGATGGGT,805
AGGACCCAACTATTGC,805
ATCATTGGTACAAATC,805
ATTATGGGGTCAAACG,805
CCAGCCTTCCATAGAC,805
CCCAATTGTTATTTAC,805
CGAAAAGCTGGACTAG,805
CGTAAGACCATAGAAA,805
GAGGACAGAGTAAGTT,805
GCACCCGAACCTCTCC,805
GTGCAAACTATTTGAT,805
GTTGCTGCATTACACA,805
TAATACAACCCATATT,805
TCATTACAACCTTCGA,805
TGCCGATCGACGTAAG,805
TTATACAAAAACTACA,805
AAGTTGCTTTCAATGA,804
CAAAAATAATGCTGTT,804
CGAGCCCACAGGGAAC,804
CTTTTAGATTTTCCTT,804
GCGACTAATTTGTGAC,804
GGCTAAGAAGAGAAGA,804
GTCCGCTAACCAACAA,804
TTGAACATCCACTTAC,804
AAGAATCTCTTTTGCA,803
ACATGATTCTTAACAC,803
ACCATGCTATGGTCTC,803
CAACATCATCTGTTTT,803
GATCTCCCGATGGCAC,803
GCAAATATAGTAGTCT,803
GTAATCACGGGAGTTG,803
GTGTTTATTAATGAAT,803
TAATTAATCGAGGCGT,803
TGAGATAAACAAATAG,803
TTCCGCCCTAACAAGC,803
AAACCCCACCTAAAGA,802
AATAGTGAAACACATT,802
AGAATTGAATAGTGTA,802
CGAAGGAGCCGAGGGC,802
CTCAACTATGGAATAA,802
ACTGATACCTATCTAT,801
AGCTACGATATAATCG,801
GTTATAACTTAATGGA,801
TAACACCTGCTTAGTC,801
TAATTCTGTCTATAAC,801
ACACATAGCTATTCTT,800
AGTATAGTGTTACCCC,800
ATCAAATAGTTCAAAT,800
ATTGCAACGTTTCACA,800
CATTCAAAGCTAGAAA,800
CCCAGAAATTGATCAC,800
CGATAGAAACAACACC,800
CGTTCCCAACAGTTTA,800
GCAGGAAACACAGTGT,800
GCGAAGAAATACCATG,800
GTTGGTGCTAGTCCTA,800
TAATAACAAACAAAAA,800
TACACGTTTATATACT,800
TAGGTAACAATCAACA,800
TATATGGCAGGGAATG,800
TGAATGAGCCTCATTG,800
AACTTGGAGTGATAGA,799
AAGATTATCACCTTTA,799
ACTAAGCCTGACATAC,799
AGAACAATATATTCGA,799
AGAATAAAATCTTGAC,799
ATCTGAGATGCAAACT,799
GAGTGCATGACAACGT,799
GATCTAATAGGAAAGG,799
GGGGTTACCTCCGGAA,799
GGTCCACCAATGCGCC,799
TAAAGACCTTCATGTT,799
TATACTTGTCACAGAA,799
TGCAACAATCAATAAC,799
TGGAGCTATTAAAGCA,799
TTATTATTATAATTCA,799
AACAAAGGTCGTTATA,798
AACATTCCTAAAAAGG,798
ACAACATTAGTAAAAA,798
CAATGACAATTTAAAT,798
CCAAGAGACCTTATCA,798
CCGACAATCACACCGC,798
CGAAAACTTTGTCCTC,798
CGACTACCCCAACAAT,798
GTCCTTTACTCATATA,798
TATACCGTTAAAGATT,798
TGATATAGTACAACTC,798
TGATCCATTATACGCT,798
AATACTAATCAAAAGC,797
ATAACAAATATCATCA,797
ATCGCTGACTGATATG,797
CAGTGATGGATAACCT,797
GTGGCGCGTACAAGCT,797
TAGACACATTCATATA,797
TCCCGGGTGAACTATA,797
TGGAAACCAGCCAGTA,797
TGGATACCAAACATAA,797
AAGTACTACCTGTATA,796
AGAGTATTTATCAATT,796
ATAATAGGTAGCCATG,796
ATAGCATTTGTTTACA,796
ATGTGTTAACTAGGTA,796
CCAACCAACGATATGC,796
CTTGAGACACGCAAAC,796
TGTATCAGAAGGCAGT,796
TTAGGTAGATATGATC,796
AACGAACGAGATCGTA,795
AGCACCATTCCTTAAC,795
AGTTAGTGACTGTCGG,795
ATACCATCAAAAAAAC,795
CCACATGTGTTTTAAC,795
CGAAACAATATTAACG,795
CGCAAGCTCTCATCTA,795
CGTTTGACCTATTCCA,795
CTTTCAGAATGGCTTA,795
GAGATCGGACGATATA,795
TAAAGCCGAGCTGGAC,795
TAACCCATACGCGTAT,795
TAATACGCGATATATG,795
TTAACGTCGAATCCGA,795
TTACAATCTAAGACAG,795
AATATACAGGTAAATA,794
AATCTGCCCAATTCTT,794
AATGCATCTGACTATG,794
ACCAACAATTCTAAGG,794
ACCATCACAACGGGGT,794
AGTACACGATGGTTAA,794
ATTCAAATTGTCCGGC,794
CTTACCTGTACTCAAT,794
GATCGGCTTCTCAAAA,794
GGTAATGGCAACGGAC,794
TAGGGCCCGGACCACG,794
TATACAAAAAGACTAT,794
TGACGTTCTGGGCTAA,794
AAACATTAAAATCTCC,793
AAGACAGGAACAGATC,793
ACATGAAAGTTGAGGA,793
ATCAAACGCTAATAGT,793
CACACTCCGACAAAAA,793
CATCCAGACCGTTTAA,793
CGTACACATTTTGAGT,793
CTAGCTACATTGCGAT,793
GCAAGAACAAAGGGAG,793
GTGTACTTTCAAGCAT,793
CTTCCCCATCTAATGT,792
GCGCCTATAGGCCGCT,792
GGAATCTATAATGCTG,792
GTTTATATAAGCAGAT,792
TATAAACCGCACCTAC,792
TCCAGTACACTCTTAC,792
TCTATTTTAGGTGACC,792
TTGGTTCACTTAATAA,792
AAAACTTGATTAATAA,791
CATAGAGCCTTACATC,791
CGTTGAATTTATTACG,791
TACCAAATGACCTAAA,791
AACGGACACGAAAGTG,790
ACAGCAGTCGGGAATT,790
AGATGCAATATCTCCG,790
AGCCAATGATTCTACA,790
AGGTTATCTTCGGACC,790
ATAACGCATACAAGAA,790
CAGTAAATTCAGGTGA,790
CCAGAAAATTATACCC,790
CGAATGCAGACCAGTC,790
AAACAGCTATTGTCTA,789
ACCGTAGAACCAGAAA,789
AGAATAACTGAAAATG,789
AGAATTCATGACTGAT,789
CAAAATTTCCAGTCGG,789
CAAGGGATAACTGAAT,789
CAGCTATTTCCATGGG,789
CGTTATACCACATATT,789
GAAGCCACTAAAAACT,789
GAATAGACATACCACA,789
GATGAACCATATCCAA,789
GCACAGAAGCAGCCCC,789
GTAGCGTCCCCGTGTC,789
TACGATGACATGGTTA,789
TGAGAGTCCCAACCTT,789
AAAAAGAAAAACCACC,788
AATACACGTCCACACT,788
ACTCAGAACCGTGATA,788
AGCGGAGCTATAATAA,788
ATATAGAAGTATCCCT,788
ATATTATTATCATCAG,788
CGTCTAGAAATACTTC,788
CGTTGTCTGCACTAAC,788
GCTAGCATCTAGCGAT,788
GGTTAACGGCAGAATT,788
TAACTACTTAATGATC,788
TACGTAATCAGTACAG,788
TGGAGATACAAAATGC,788
TTAATCCTGATTTATA,788
AGCCTTTATTTTTAGA,787
ATCACAGATAATCACA,787
CATGACAAAGTTGGTA,787
TAAGGGTTTAGGGAAA,787
AAATTATTTCACCCAC,786
AATTCAAGAGTGTCAA,786
CACAAAGGGTTTTCTT,786
GCAATATGCCCCAAAG,786
GGTTTCACTAACTCAT,786
TACGGCGGCCGAGAAA,786
TTAACAAAAATAAGAT,786
TTTCACTATTACAAGA,786
AAAAATATTGAGATGA,785
AAGAGATCTAACCACA,785
AAGATGAAATTAAAGA,785
ATTAAACGCAGCTCAC,785
CCAAAGGATCGATATA,785
GAAACAAAACATTCCT,785
GTTGAAGAAAAAAACC,785
TATGAAATGCGTAAGA,785
TTACACTCCATGGTAA,785
AAGATGATCACACCTT,784
ACCCGGACCACTTCTG,784
ACTGTTTCTAGATGTT,784
ATACATCGGCCGACCA,784
ATTCTTGCACCTTGTA,784
CGCACATGCGTAGACA,784
CTAGTCGTGAGAATCC,784
GAATGTACAAATGGCG,784
TAAACTTTTTTTGTTA,784
TCAGCCCGCTAATATA,784
AATCTGGCTACTCCCG,783
AATTCAACTCACCAAG,783
ACGAACAAAGAGCAGT,783
ACGATTGTCGAAATAA,783
ATGTAGCCTGACATAA,783
CCACGGATGGGAGTAG,783
GCCCAGTTTCTAACAA,783
ATACAAGAAGAAGCTT,782
ATGCACCGTTATGGAT,782
AAATCTCGCGCATGTT,781
AGGTTAGTCAGAGTTA,781
ATAATCTGCCTAATCT,781
GAGAAAAAAAGTATAG,781
GCGTTCAGTGTGGATA,781
TAAAATCAAAAACCGA,781
CAAGTGTATTACAATT,780
CATGCAGAGCCCCTAG,780
CCACAGATAAGCCAGA,780
CTCTAAAAACTTCATG,780
CTGAATGGGATGGTCA,780
TAACAGATTACAGGAA,780
TACCACCTAAAATACA,780
TGAGTGTCCAGTATTG,780
AACCTCGAGCCGTACA,779
AATTCTTGAAAAACCA,779
ATATACATGCCAATGT,779
ATCATGCAATTCCTGA,779
CCTATCACACGTAACA,779
CTATATTAGTTAGGTC,779
GTTAGGTCGTCCGTGA,779
TAGATAATTTATACAA,779
TATGACCAATGTCACT,779
TATTGGAAGTCGGACT,779
TTTTTTCTAACTGAGA,779
AACTTGAGTTGAGCAA,778
ATCCCCACCCGCCGAG,778
ATGATTAAAACCGACT,778
CTTAATTTTGTCGGGA,778
GACGAGGTCCTTAGTG,778
GTGTAGTAAGAGTTAT,778
TACTTAATGACACTTT,778
TTATATATCTACAAAC,778
ACACCCCCGATAAGTT,777
ACTATTTCATCAATCT,777
CCAACATGAAACAGCA,777
GCAAAGAAATTAACAT,777
GTACATCATATAGTAA,777
TTTCCACGCGTACTGC,777
AAATAGTATAGTCAGC,776
AAGGCGACCCAAACGA,776
AAGTGTGTTTTTATGG,776
ACTAATCAATAATACT,776
AGGATCTGTGGCTAAC,776
CATTGTCTATGTTCTT,776
CGTAGGAACGTTGAAA,776
GCTCAAAGGACTTTTT,776
GGGCCAGTATTTGCAA,776
TAACCTTAGAACCATG,776
TAAGGAACCTCCTTAC,776
TGAATCTGATAAACTC,776
TTTTATAAACGCACAG,776
AAGTCTAGGAATAGCC,775
ACAAAACACAAAAATT,775
CATGCAAAGCAAAAAC,775
CGCATAAATGATGCTT,775
CTGGTGCTACCAGCCT,775
GATGCAATGCAATTTA,775
TAAAACTTGTTTTTGC,775
TAAGGGTACCCCTGGA,775
AACCTAATATGCCAAC,774
AATTTGGTCCAATAGA,774
ACAATATCAAAGTAAA,774
AGGTCTATCCAACACC,774
GAACACGATAAGTTTA,774
GCAGTCTTATTAACGT,774
GTAAATAGAGAGAGCC,774
TATATCTAAAACGTTA,774
TCATTTCCTAGAGTCT,774
TCGACTCCTTGGTTGA,774
AAAACCCCAGAGGAGT,773
AACATACACATGGTTC,773
AATATGGAACACCGCT,773
ACAGTTATCACTACAC,773
ACCACTTATAAATGTC,773
AGATCAAAAAAAACCT,773
ATCTTTAACCATCAAT,773
CCGCCTAACAAACTTG,773
CGATACCATCTAAGCC,773
GCGAATGACCAGTAAT,773
GTGAAAGCGACGCTTA,773
TGGAGGTATCAATCTC,773
AAATCTCAAAATCGCA,772
AAATTTTCTAGCACTA,772
ATCATTTACGCCCTCA,772
CATCCGTCATATTTAC,772
GAAAAAAAATCCATAA,772
TAGCAACCATTATCCT,772
AGGTATTACCCAAAAG,771
ATCGGATAACCAACAG,771
CAATGAATATTATCAA,771
GGCAGCGAGTCTCTTA,771
TAAGAAGATATTTAAT,771
TAATTAGAATAAAAGG,771
TCACGCCTTAATTACA,771
AACAACTAAAGGAATC,770
ACTACCTTTGGTCCTA,770
ATATAATGCATAGAGG,770
ATCAGTATCCAACACA,770
ATGAAGTAATGAAACT,770
ATTTGGGACCCTGAAA,770
CGGAACAGGTATAAAT,770
GACTGCAACGAAAATG,770
TCCGGAACCTGACAAT,770
AATATTCACTTCTTGG,769
ACCTAGCAAATGGAGT,769
AGATCGACCTAATTCC,769
ATCGCCTCAACACCTT,769
CCCGGTAACTGCTGAT,769
GAGAAAAAAACTATAT,769
GTAAATAGACAGCATT,769
GTAAGGCTTCAGGCCA,769
GTACTAGAGATTCCGA,769
GTTTGATGTAATGAGA,769
TAACAGATAGGACTCT,769
TAAGAGGGTGGGTCAG,769
TATACCCCGTTGGAGG,769
TTAACAATTAACACGC,769
AAACCGCCTTCATAAC,768
AAGACCGACACCTAGC,768
ACTTATAATGACAGAA,768
GACAGTATTATAAACA,768
GCCGTTACTACACTAT,768
GCTTAAACAATACAAG,768
GCTTGCGATTATTGAA,768
TAAGTCAAACACCAAA,768
TATACTGATCAGAATG,768
TGCATTGCACTTGATG,768
AAAGACCTATTATATG,767
AACACAGCTAAAAAGT,767
ACCGAGAGGAACAAGT,767
ACCTAGACCGATAACG,767
AGGTGATGCATGAATC,767
CAAAAAGAAAAACCAA,767
CAAATGGAAACATTAT,767
CCGTTATGGCGGATAC,767
GAAATGTTTATTCGGA,767
GGTTAATGAAATTAAC,767
GTCGGCCCAAGAACGG,767
AAAAATCCTAATAAAA,766
AAAGAGCCTAATACAT,766
AACCCTTGAACATAGA,766
ATAAAAGTATCAATTG,766
CAATAAACTATTAGTC,766
CTACTTTGGACGTTAG,766
TGAAACTCTACGAAAA,766
AATATGCACGGTACGT,765
ACACGCAAAATGTGTA,765
GAGAGCTTCAACTCCC,765
GCGTGACCACATAGTT,765
GGTCGATACAACATGA,765
AAGCACTAACTTGCCT,764
AATATCCGCGAGAAAG,764
AATCCGCAATGTGAGA,764
AGCTAAAACTCGTAGA,764
ATAAGGACCTATTGCC,764
ATCAAGCGCTTAAATA,764
ATGTATTACTAAAAAA,764
CAGAGCTAATTCATCA,764
CATCACCAATCCTAGT,764
CGCGACCCCCAGTGCT,764
CTAATTCAAAAAGAAG,764
CTTAGAAATTCGCTGA,764
CTTCCACACTACCCAC,764
GAGAATGTAAGGGGCA,764
TTAGCTTAGCTGACAT,764
AAACACAAGACAGAGT,763
CGCACAACAGAAAAAA,763
CTTATACCACCGCCAT,763
GAAATTAATAGATCAA,763
GCGAGGATAATTGGCT,763
GGAAACTTCTCTGCGA,763
GGTTATTTTATCACTA,763
TAATTAGATATATGTT,763
TACCTAAAGATCCTTC,763
TATGGAACCACACTTT,763
AAAAAGCCACCATATC,762
ATCCCACAGAATTCGC,762
CAAACTCAAATGCTCA,762
CAACTCCTAAAAAATG,762
CACCGTGTAACCGAAT,762
CCTTCACCAACTACAG,762
CCTTCTGACACCACAT,762
GGAATCTAGTAGATTC,762
TAATAGCTGACTATCT,762
TAGATATATTGTAGTA,762
TTGTACCAATAGTAAT,762
AAGAATTCTTAGCAAA,761
AATACACAAAAGAAAT,761
CCTCCTCTATAGTAAT,761
CGACCTAGGTGTTCAG,761
CTAACAGAAGACTAAC,761
GAGCACTTGCTTTGTT,761
TAAAGTCGAACATTTG,761
AATCCCACATTTATAA,760
ACCCGGTTGCAGCTCA,760
CTAAAAACCAAACAGA,760
TAAAAAAAACGGCGTA,760
TAAAGAGACTTAACCA,760
TAACTATGGCCAGGGC,760
TCCCATAACCACACTC,760
TGAAGAAGGTTCCAAT,760
TGAAGATTCGACATTG,760
AATTCATGAAGCGTAC,759
ATATTACTTTACTAGA,759
CCATTTCACTTCAACA,759
CTATTGCCTAACTACA,759
GACTACCCTAATTCCA,759
GATATATAGTGACCAA,759
TCGTCAGCACGCTTAA,759
AATCTACGATTGCACG,758
ACACACGCAATAAAAA,758
ACACAGAATACGCCCC,758
CAATGACAATTGCTAG,758
TATGAAAGGCTCTGGT,758
AACATGACGACGAAGT,757
AACGGAATTAATAAAA,757
ACTCAGGATGACGTAG,757
CATTACGCCCAGCCTC,757
CCTAAGAGCATGGACT,757
CTCTTTCTTGTGACGT,757
GAACTAAAAGTTTGTA,757
GGAAACGTACACCTGT,757
GGATGCACCAGTAAAC,757
TAAACAACCTAAACAG,757
TAGACAGGCTTAGCTA,757
TATAAATCTCTGACAA,757
TTCTAGTCAAATGGTT,757
CACAGATACGGACAAA,756
GCCAGCCCTGCACCGA,756
TACACAGGAAACGAAA,756
AACTTGAGCTAGCCTA,755
AATAAAGAATTATAAA,755
AGTAGCGCGTGATACA,755
ATAGCAAAACTTTTAA,755
CATGTACCGCCCTAAA,755
CCGGCCTTCATTGCTA,755
GACACTACCGAGATCA,755
GGAACATCTCTTACCA,755
TAATTTAGTGGTCGAC,755
AACAACCATACGAAGA,754
ACGTGCTGTTACGAGT,754
ATTTAAATGAACCAGT,754
CCAGTATTACTATATT,754
CCGATTGGTTTGTTGC,754
GTCACTATTAAGCATC,754
TGTAAGTTCGCCAAAA,754
AAGTAACCCACGTCAT,753
CATGAACAATAATAAC,753
CCACGGAGTCGTCCCT,753
CCCAAGAAAATGTTCT,753
CGAGACACACACGAAA,753
GTAGAATAAAATATAA,753
GTTAGATCAGCTCCCA,753
TTATAACGAGAACCTA,753
ACTCTATTCGATTTAA,752
CCCGGGCTGTGAGGAT,752
GCCACGATCACGTTCA,752
TAATATATTTGGATCC,752
TTAACGTTTCCCAGGG,752
TTTCATAAGCCGAAGA,752
AACGGGCAAAGAATTC,751
AATAAGGGAACTATTC,751
AATTTCGTAGAAGACC,751
ACGGTAGACACTCTCT,751
CAGACAGCTACCCTTA,751
GAAAAGAAATAACACT,751
GGATTGCTATGTCTAT,751
TAGATAATATATGCAA,751
TCAGCTCTGAGATAAG,751
TTAGGCATATATACGA,751
ATGAAAGGACTCATCG,750
CCCGATGGAGAATAAC,750
CGAATGAAGAGGATGC,750
GCCGAGTTCTAACGCC,750
GCGCAGCAACGCCCCC,750
TCAGTAAAGTTGGACA,750
AAAGTAGTTTTCTAGG,749
AACGAACGTCATAATA,749
AATACAAGACAACAAT,749
ACAGGGTCATCGTGCC,749
AGGAGAAGGTGAGTTC,749
ATATTCGATCCAATAT,749
ATGTTGGCTAAAGCTG,749
CAGATAGCAAAAGGAA,749
CTAGATCGGCACCACA,749
CTATTAACAACAAGAA,749
GCTGCGATGCTACTAC,749
TAAACTGACAATTTAA,749
CCACTAAGAACAGTTC,748
CTGAAAACTTTTTGAG,748
GAAGCCAATTACTTAC,748
GTCACCGAAAACATCG,748
TGGTAAAATCACATTA,748
AAAATGACAAGTTGTT,747
AACATGGCCCTTACGC,747
AAGACGAATGATGCTG,747
AAGCAAAGTGCAAACA,747
ACGAATGAAATAATAG,747
AGCTAGTAGCCAGTCC,747
ATTGATAGATTTAGGT,747
CATATAGGAACGGGAG,747
CCGCTAAGAGCGCGAT,747
CCTAGTGGAGACTTGA,747
CCTTAATATTAAACTC,747
CGTAATTCTATATGAA,747
GAGAACTTAACTTAAT,747
GCCACACAACAGCGTC,747
TAGGTGGCCGACAAAA,747
AAATCCGAGATCTGAG,746
AACGCTCAATTGATAC,746
AATGCCCAAGCGTTTT,746
ACACCCCCAAACCTAT,746
AGTAATACTAAGACTG,746
CACGAGTCGAAGGAAC,746
CATTTTCGGGTTTCAC,746
GCTTGCTATTGACGGC,746
GGTAGGATGCATATAG,746
GTAAATTAACACATAA,746
TATGTTAGATGTACGA,746
TCTAAAAATAAAGGAT,746
TGATTTATACCATTCT,746
TTAGACTGTTGGAAAA,746
TTCAATATAGAATGAC,746
AAATGACTTTTAACAG,745
AAGTAGTGTGTTCTCC,745
AATGGTCACCAACTAG,745
ACTTACATCAATCCCA,745
ATTATGTGAGCGATAT,745
GAAATATGGTTCCGAG,745
GCCATAACCACGATTG,745
GGATGGAACAGTGTAG,745
AGTACTCTAATTGCAC,744
CATAGTTCGTCAGTAA,744
GAAACAATATGAAGTT,744
GCTACATATAATAACG,744
TAATCTATCCGAGATA,744
TGGCAAGATGCTGCCG,744
AATCATAGGTATATTT,743
AATGCCAGTTATAATA,743
ACGAGCTTGATCCAAG,743
ATATATTAAAGATTAA,743
ATGATTAAAATGATGA,743
ATGTTAAAGTTGTCAG,743
CTTTCGACAGTGTTTC,743
GGATCTCTTATCCTTA,743
TAATAGTGGATAAATA,743
TACTTTTACCTCGGAA,743
TAGAAATGCTGGTTTT,743
TCCTACACTTATAATA,743
ATGTAAATACTTACCT,742
CAATATACACTCAGTG,742
GATTCTAGGCAAATGG,742
GCAGTACGACAAACAT,742
GTCAAAGATAATGGCA,742
TTATAAATACCGATAT,742
TTGATCAATAGAATTC,742
AACGTTAGCGCAATAC,741
AAGAATAGAGCCCCAA,741
ATATCACAAAATTACA,741
CCAGTCACCTTAAATT,741
GTGCAATATAAAACAA,741
GTTAATATGTCTCGAA,741
TAATCTGCGCAGATGG,741
TTGATGCCTATTCTGA,741
TTTAACCTAGTAAAAT,741
AACAATAAAAGAATAG,740
ACACATACTTCAACTA,740
AGAGATTAAACACCAC,740
CACGCCCGGATCTCTG,740
CCGTTGTACACTGTTC,740
CGAGGCCTGCAACACC,740
GAACACACAGACAGGC,740
GGCATGTCACTGGAGC,740
TGAAGCCGAATGAACA,740
ATTATATGAGACTCAG,739
GCATCATTATATTATA,739
GGGCTCCTTATTAAGA,739
TAAGTGAGAATACTTG,739
TAGAGTGCAAAGAAGT,739
TCAGCTCCAAAATGAC,739
GTATCAAATTTATAAG,738
TATTGCCTTTACCTGT,738
TCTATCTTATAATTGA,738
TTGAATTGAGATATCA,738
AAAACCTCCAGATATT,737
ACCAACCTGTTTAACT,737
AGTAGTGATGCTTGGC,737
ATCAATCAGCTAAAAT,737
ATCTCTACACCAATAG,737
ATGGTAGATAATCGGT,737
ATGGTAGCCCTCCATT,737
CAAGTTGAATTCTCAC,737
CCTATTGGAGTAACCG,737
CTGTATTTTATAGATA,737
CTTCGTCATATAATTG,737
GACAAGGTATACAAAT,737
GCACAAGCACGCCTTC,737
GGCCACACGTGGGCAC,737
TGTTTACAGACTACAT,737
AAACTATTAATTAAGG,736
ACGGGCTCACGATCCT,736
AGACTATAAGCCTAGA,736
AGCATAAATTCTACAT,736
ATCTCTTTCCGAACGT,736
CACGAGAAGACCATTT,736
CCAGTGAGCCACAAAC,736
GCTGAAAACGCGGCGA,736
GTTCCGGCCATAACAC,736
TAAGTATGTAACTTAT,736
TACCAAGGCAAGTATT,736
TCACCGATTCTGAACT,736
TTCAATGAAATTTGTT,736
CAGGCAGTTGATTGAA,735
CCCGACTACATTAGAA,735
GGATAGTCAACAATCT,735
AAAGTGATTAGAATAT,734
ATAATTTTCAAATTCA,734
ATCAGAAGGAAACACA,734
CAACCCAAAATATATA,734
TTCCTTTTTCAATAAA,734
TTCGCACCTAAGAAAC,734
TTGTCACCAAGTTATG,734
AAATTATTCAACACAA,733
AAGTACCTGACAGACA,733
ACGAGCTCCGAACTAC,733
ATAAAAACAAGTAATA,733
CCGACAAATTTCCGCG,733
CCTGGCCAACTTCGTT,733
GACCCTAAATTCTATA,733
GGAAGAAAAAAACGCA,733
GGTTCTGCATATAGAC,733
TAAGCGAAGCACCTAT,733
TAATTCATAAAAAGAA,733
TTTCAAAAATGAAAAA,733
AATGCTAAACGAATAG,732
AGGCGACTAAATGAGC,732
ATAGAATTCGGAACGC,732
CCAGGATTTAAGTGTA,732
GAAACGACCCCTAAAA,732
GACACCCCCATGCCAC,732
GAGGACATGCGCGGTA,732
TATGGAATATAAAGCC,732
GACACGGGATACAAAA,731
GACAGGAACCTCTATA,731
GACTCATAATTGAAAT,731
GCGATCCAACAAAAGC,731
ACATTCACGATTACGG,730
CAAACCGTGACGGTAT,730
CGTTCCATACCAGTGA,730
GCAACCAGCCCGAGCC,730
TGTAGCAACTTTACCA,730
AAAGTACGTAACCCAA,729
AAGAGGCAACCGAAAC,729
ACCCATCCTCGCTAAG,729
CAGATGTTATGATCAA,729
CAGTGAAGTGCAGCAA,729
CCTCCAACTGCAAAAC,729
TAAGAAACAAACGTAT,729
TACAGATAGCACTTTC,729
TGCTTCAGACCGTAGA,729
TTTTAATACAAAATTA,729
AAGAGTATTAAAGTCA,728
AGAAAGAGTGAATATT,728
CCAACCACTCAAGTCT,728
TAGCGCGAGTTCTCAT,728
TTCTTGCAGAGCTAAA,728
AAAGGATTAACCGCAT,727
AATCTCAACGATTCTA,727
AATGTGCCCCCTATTT,727
ATAAACTTTGTGTGCT,727
ATCTGTCAAGGAAATG,727
ATTATAAGTGATAAAC,727
CTAAAAGCCAGAAGCA,727
TCATGGACATGAGAAT,727
TTGCAGCTTACCGAGG,727
ACATAGCTTTTTAGTG,726
ATAGAAGATAGCATTC,726
CAAGCTCTAAGGGTTA,726
CTTCCCAAATAGCCTA,726
TAATCAGTATGTTTCA,726
AGTGCTCCACCAAGAG,725
ATTTACAAAGGGACTG,725
CCTGGTCGTTGCTGAT,725
CGCCCGATTTAATTGT,725
TACGAAAAACGCTGAC,725
TCCCCCGTACCCACTT,725
TCCTCATCTAAAATTT,725
TTCAACAAACATCTTC,725
AATAAGGTTCCTGGAC,724
AATCATAATTGATGCG,724
ATAAAATTCGAACTCT,724
GCGTCACTCCACGGAT,724
GGACAAATAGTTACGG,724
TACAACGATCCTGTGA,724
TATAATGACAATAAGA,724
ATTATATTATTTGCCA,723
GCACCCCAATTCCAGA,723
GCTATGATACTTTTCA,723
AGAAGCCATACAATTC,722
ATCTGATAACCGCAGA,722
CACGTTAAACTCTAGT,722
CAGAAATTCATGACGA,722
CTCCTACTAGCAAATA,722
GATATGATCCCAATTG,722
TAAAGATAAATATCTG,722
TAAGAAGCAACATTGA,722
TGCGCTTATTAAAGGA,722
AATCAACACACTCTCG,721
ACTACGGTATTATATC,721
AGAGGGTATGCCGTCC,721
AGCCATTAATGAGACA,721
ATAAAAACAGCTCGCA,721
CCAAGAGTCACACTTT,721
CCGAAATGCGACAACA,721
CGTCCCATTTGTCACA,721
CTACAACAGAAAAGCC,721
GAAAACATCCGGACCA,721
AACTTAACGGTGCATA,720
ACTCACGCTCTGACCT,720
ATGCTACTTCGGCTGA,720
ATTTAAAGGGTGACAC,720
CCAGATAAAATATTGA,720
CCGACCAATTAGAAAC,720
GATATTAAAATTTAAT,720
GGAACGGATTTACGTT,720
ATCTAATTGACCAGGT,719
GTGCACTGACACCGAT,719
AAACCAGAGATACAAT,718
ACACCCGGATTAAATC,718
AGTTCCAGTAGTGTCG,718
AGTTTATGCGTAATCA,718
CATATAAAAGACGAGT,718
CTAAAAAGACCCATGC,718
TGATTTTAGATTAATT,718
TTTAACATTATCCATT,718
AAATAATTACAAATTC,717
AGAACAAAATGATGTC,717
CGAATACAACCGAAAA,717
CGCACTTAAAGTACAC,717
CGCCTCCATCTCCAAA,717
GAACCGAAATGAGAAC,717
GAGGAAATAAAAATAT,717
TTAAAATACTTATATG,717
AAGTACTTCCATGACT,716
AGAAATTGACGAAATA,716
AGTGAAAAACGCAAGA,716
GGCGGTGGGCGGTGCT,716
GTCACTCAAAAACTAT,716
TACAAGTTACCGACAG,716
AATCTACCGTATACAG,715
AGTCTCTTGAACAAGG,715
CAGTGCGTTATAATCA,715
CCCATTGCAGCATAAC,715
GAACTGATTTACCATG,715
GGGCTCTAGAAAGCCG,715
TCAATACGTTAGTCAC,715
TTATGTTTTTCTTTAC,715
ACCTAAGGCGAGATGA,714
ACTAAAAGAAACCTTA,714
ATAACGGGCATTAATA,714
CAGATCAATCGACTGA,714
GACCGGGAGCCTGTCT,714
GAGGAAAATTTCAAGA,714
GGGAGAGGTAGTGTAG,714
TAACTTAGCACGATTG,714
TGACCCCAAGGCGAGT,714
AAACAATGCTTGTCTA,713
AACGGCGGAGTTATAA,713
CAATACAAAATAGACA,713
CAATCCATAAAATAAT,713
CATACCTCTACACGGT,713
CGGCCTCACTAATTCT,713
CTTAAAAAGCCCCTGC,713
GAGAGTAAAGTGAACG,713
TCTTTAAGACACAATG,713
AAAGATAGGCAGAAGT,712
ACATTAACCCCAATTA,712
CTAAAACCTACATCAT,712
GCAATGATTCCCACTT,712
GGTGTCCAATTCTCGA,712
TAATACAAATCATACC,712
AAAATATCCTGACCAT,711
ACCAAGATATAAAATA,711
AGCCTTTCTCCGCGAG,711
CAAAAAGAGCTCGGCC,711
CAATTATATTTCACTC,711
CCAAGGTCCAAATGAA,711
GCTGTCATCCAGTCTG,711
GGAAGCGGACTGTGAT,711
GGGGTCTCTAACAATA,711
TAATACGTAAATACCA,711
TATAGTATTGTAATAT,711
TCAGAAGAGCGAAAAC,711
TCAGATTACATAATCA,711
TGAACAAAAGGTTACC,711
AAGGATAAACGTTTTA,710
ACTTTCAGATAATCCT,710
GACGTGAAGAAGAAAG,710
GACTAGGCAGGTACTG,710
GATTAAACAATAACGT,710
GGCTTTCTGTGAAGAC,710
TACGTGTAATCCCATT,710
TCTCTTCTAAGCACGA,710
TGGTATCCTTGGTCGA,710
AACGATCGCTTATAAA,709
AATGCGCTCACAGTCA,709
ACACTGTCCCCTAAAA,709
ACCCTAGACAATCTTT,709
AGCTCTAGCGGTCAAT,709
CAATACGCCTCCTAAA,709
GAACACCATCCCTAAT,709
GCCCATTATACTTTGG,709
GGAAATTAATTTTATA,709
TAAAAGCTCTAACCAA,709
AACTCACACGAGGATG,708
ACGTATAGATAGTTGC,708
CTAAACCGGTGTTAGT,708
GAATTAAATTAAAGGT,708
GTACCCGAACTGTCCA,708
GTCACTCTATAATATA,708
TAACCACTACACAAGT,708
AAGATTCATACCTCAA,707
ACAATATATGCCCATT,707
AGGATAAAATAATCAG,707
ATAGGAAAACATAATA,707
ATTTGTTTATAGCACA,707
CAAGCATACGCGGAGT,707
TAAAAGTCTGAAAAGA,707
TTCGACCGCACACGTC,707
AACAGAATAGTGGAAT,706
ACCCACTTTTTTCACA,706
ATAGATGACTGTTTCC,706
CACCACCTGCGGATAA,706
GATTAGTCAAAATTAA,706
AACGCATCAAAATACA,705
ATAGTAATTGAATTGT,705
CCCAAAGCACAGCATC,705
CCGAGTAAACAACCCA,705
CCGATCATACAAACTT,705
GTAAGGTGCCTGAAAC,705
GTTGCGTCACACTTAA,705
TCTCATCATCACATCA,705
TTTTACAACCTAAGCA,705
AAGCCCACACACAAAG,704
AGGAAGTCGCAACTAC,704
AGTCCATCGTTAACAT,704
ATAGCCTGAATGATAA,704
ATAGTTCTGAGAAAGC,704
CTGTCCGTGCCTCGGG,704
GAACAGACGACTCCCA,704
GACTATCTAAACAATT,704
GAGACGGACTATAAAA,704
TAGACAAATCAAACAA,704
TGTAATATGCTATATG,704
AACAAGTTGTGTACAT,703
ATAGGGCGGTACACTG,703
CAATCTGTACATAACA,703
CGAGGAAGAGGTTATC,703
GAGATAAAAAAGGAGA,703
GGGTAGATCAAAGTAG,703
TATCTTAACGCTACAA,703
AAAATTGAAATCTAAA,702
AAACCAAGTCAGGCAT,702
ATTCTGGGGAGGCACA,702
ATTGACCAACCGCCCG,702
CTACATGCTAAACAAA,702
GCTCCTCAGCAAGATC,702
TTCGAGTTTGCTATTT,702
AACCTACCACACAACC,701
ATTCTAGAACACTATA,701
CAAAGATTGAAGAAGG,701
CCGAGAATATGAGGTT,701
GGCGCCCGACAACCAA,701
TTATATGCCCGACCAC,701
TTTTGGGAAATGTGCA,701
AAATCTCTTGTCGACA,700
ACCCAACAACCCTAGA,700
ACTAAACGCTACCCGA,700
CCCAAGTTCTACGCAA,700
GAACAAATTGACAGGG,700
GTATCTCCCCGGTTGT,700
TGTCCCACAAATAAAA,700
TTATAGAAATAGCTAT,700
AGAGCGAATACTGAAA,699
ATACTTCGCAGTGCCT,699
CAGATAAAAAAACCTA,699
CCATGCCATAAAGTCA,699
CTCAATTTAAAAGATT,699
GAAAGATGTTTAATAT,699
GCAGCCGACATAATAA,699
GGTCGAGTTCCGACTC,699
TATACCGAGTTACCGT,699
TGTAAACTGATAACTA,699
ATCCAGACCCTATTAC,698
GCCACGAACACTAACT,698
GTCATGATCCATTGTA,698
GTCCTATACACAATAG,698
TAACATCACTTCGATA,698
TTTATCTAATTACGAT,698
AAAGGTATATCCTCCT,697
AACGAGTCCCCATACA,697
AAGCATATAAAGAACG,697
AGCTTCGCGGCAATCT,697
CACTGTTAGGATGGAA,697
GAAGATACATACGCAA,697
GAATCGATATGAGGAT,697
TATCTTCTGGTTAAAC,697
AAACTCAGAAAAAATT,696
AATCTGGTATTACACC,696
ACACATGTCTGTGTAC,696
GACTGCCAACCTACAA,696
GCGCCGCAACGTAAAG,696
AGCCAAATGTGTGGCA,695
AGGCAGCAACCAAAGG,695
GACCCCGTTAACTGAA,695
GCCGCAACCGTCGGAC,695
GGTATTGGATATAATA,695
GTAAGAGAACTGTGAC,695
AAGACGTACACCTTGC,694
AAGCATGCTAACATAC,694
ACTGAATAATTTAAAC,694
AGTAGCCCTCAATCAA,694
ATAACCTATCGTATAC,694
GAAAGCACAGTAAAAT,694
GAGTCACATCATAAGA,694
TAAAAAATTCAGAATT,694
TCATCTTAAACAAAAG,694
AAAATACCAATGGAAC,693
ACGGGCGATCATCTAA,693
GCCTACCAAAGCTATT,693
GTATGGTCACACTCTA,693
TAATAAGATTACAAGC,693
TCCTACGCTTCCCATA,693
TGTATGGCCACTCAAT,693
TTTAAGAATGAAAAGA,693
AAATAAGTACTTAAAA,692
AAGCAATGTATACTAC,692
AGCGGGGACAAATAGG,692
ATGTGTCCAATGTTTT,692
CTAGGAAATTGCCAGG,692
GTAATTACGAACTAAC,692
AAACTTGTTTCATCCA,691
AGTACTTTGACCCTGA,691
ATATAATATAAAGCCC,691
ATCACCAAAAAACTAT,691
CTTAGGCGTCACGCCC,691
GAGTTAGAATTTAAAC,691
TAACCAACAGAGTCGA,691
TATGATGGCAAAATTT,691
TCCTTAACAAAGGCAG,691
TTAGGTGTAAGATTAA,691
AATAGGAATTCATAGC,690
CTATCAATTCGAACGT,690
GTATGCCGAGTTAATC,690
TAAGTTAACAATTAAA,690
TATAGTCGTAAGGGCA,690
TATCGATGGCCATTAT,690
TCTTTTCTAGTCTCGA,690
TTAGAAGAAATATCAT,690
TTAGCCTATTCAGAGG,690
AAAATGAGTTAGTTAA,689
ACTAATGATGTGGTTT,689
ATAATATCAATTTAAG,689
CAATCAAGAGGACTAA,689
CGCTTCTACTACAAAT,689
CTGCAGTTCAGAGTAA,689
GTAAAATACCCGCAAG,689
TATGACCATGAGAAAT,689
TTGTCCAAATTCATCA,689
AATGCAGACACCATAA,688
ATCAATTAGCACCATT,688
ATGGTCCTTGCAGGTT,688
CTCCCATAAATGCTCC,688
GTGAAATCGAAAGATT,688
AGGTGCTAGTCGAGCA,687
CCATAAGATTTAACTT,687
CCCATTGCTAAAGAAC,687
CCCTCTCGCGCACACA,687
CGCTAAATAATCACGG,687
GATACCCAATAGCTCG,687
GCAGAAGAACTAATCC,687
GGCATACGCGTCAAAA,687
TAAAAAAAGAGATCAC,687
TAACTTTCACATGATT,687
TGCAGGAAAAAAAAAA,687
ATTATATGAGACAGTT,686
GCGAACGCAAGACCAG,686
GGGAAGCAACCCCGTT,686
AATACAAAGATCTTGG,685
ATCCAGGAACGCATTA,685
ATTCACAAAATGTTCA,685
CAACGAGCCAAAAATT,685
CCGAACTTGCATAACT,685
CGAAGGGTATAATCAC,685
TCGATATGGGCCGGTA,685
ACAATCTGTTACAGTT,684
CCATCTACTCGGAAAT,684
TGAATTCAGCACAGAA,684
TTTTGGACCATTCGAT,684
AAAACCGTTCAAGATG,683
AAATGGATACACTCAC,683
AACCAACCGTAGAATC,683
AACGAATGCCGACTAA,683
ACGCGTATCAGCTGTT,683
ATCTTTTATTGCTCTA,683
CATGAGATCGGTACGT,683
CGCTTATCTCAGGGAA,683
GAATTTAAATGCTGTC,683
GATGTAACTTCAGCAA,683
TACCCCTGTAATTGCT,683
TTAAGGCAGAAAATTG,683
AATAAACATTAATCTC,682
ATAATAGACAACAAAC,682
ATATATTATCCAGTCG,682
ATTAATCGATACCCAA,682
CTAGTAAGAGTCTAAA,682
CTGGTTACGGCTAATC,682
AAGCTACTCTTGATTC,681
GAATTTTAAATGTATT,681
GATACCATAACAGCTC,681
GGACAGTTCCATTAAC,681
GTAAAAATCAGCCCTC,681
TTTTGTTAGAGTTGCA,681
AGCGTTCTCCAACCGC,680
CACTTAGCTTAAAAAC,680
CGAAAGCTCCTTCACT,680
GTGGGAAAACCAAACG,680
TCGGTCACATAATAAA,680
TTTAACCGGGCTTGAA,680
AACGAGCCACTTTACC,679
CTAGTCCAGTTCAAGG,679
GGAACTGGATTTACCA,679
GGAGCGAAGCACACAA,679
TTATCTACCTACCGGG,679
ATTTATCTACTTGGTG,678
CTAATAACGCTAAGAA,678
GAAAATTTTCTACAAT,678
GATATAGATTCAAATA,678
GGAGACATAGCGAGAA,678
GGCGCTTCACTTGAAT,678
GTTGTCCTGACAGACC,678
TCAACGCAACCAAATG,678
ACAATACCTTATCTTA,677
ATGTTTGATTGTCGAC,677
CCTTGTTTAATTTTAG,677
CGCTTAATAAGAGCGA,677
GGTTTTACCTGGAGAT,677
TAATCGAAAGTGACTA,677
TAATTCTCTATTCAAA,677
TGAGCAGTAGATGGAA,677
AAGTAGACTAGAAATA,676
AATATGATATCTGATG,676
AGTCGTGATCAACCGG,676
CCAGACCAATAGGGTA,676
CCCGAAGGCTCCGACT,676
GGACCATGCCCATACA,676
AAAAGAAAAACTTCAG,675
ACGCTGCTATGAAGCC,675
AGAAGACGACGTCACT,675
ATCCCGCTACAAAAGC,675
CCATGGTGTGAGGCGT,675
CTGCGACGAAATATTT,675
TCCTTGCCGGCGTAGA,675
ACAAGCCAACATTCAG,674
AGCGATCCTGATAGGT,674
ATAAATTGTAATAAAT,674
ATGTATGATAAAGAGA,674
CCAAAGATGAGAGGCA,674
CCGGTCAGGCTAGAAG,674
CTCTTACTCCTAGCAT,674
AAACAAACTATGACAC,673
ACATGATCGCTCTATG,673
ATGACCCTCCGAAAAC,673
CTTGTCCCATCCGCAA,673
TACCTAAAGACTAGCC,673
TATATTGGATTTAACA,673
AAATAAACCAATATAC,672
ACAATACTCCAATTGA,672
CACAACAAACCACCAA,672
GACAAGCATCACCCCG,672
GCAACTTAATGAACAA,672
TAAAAGTAATTTAAAA,672
TAGCTTCAGTGACCAC,672
TCACTCTGTCCTTATT,672
AAAAAACATGGGATTA,671
ACAGCCTGATGAAAAG,671
ATTAATAAAACGCACG,671
CAGATCCTATTAGGTG,671
CCATATACAATCCTAC,671
CTACCCCGAATCGCAA,671
GAATACTACGCATTAT,671
GACTCATATCAAAGTC,671
GTACCCCGATGATTAA,671
TAAAGCATAAGTATCG,671
TAGAACTAGATAGCCA,671
TGCATACTAAGCATAC,671
TGGCCTATGTATTGCA,671
AATCGACAAAAACTTT,670
AGCGGTATTGACTGAG,670
AGGTAAGCAATGCCCA,670
ATCGGACGAAAAAAAC,670
CACAAACCCAAGTGTA,670
CGGATAATTCCAACCA,670
GAGCCATGCAATAGCT,670
GATTACAAACAAATAA,670
GTCCAGAATAACAATC,670
TAAGATTAAATAAAAT,670
TTCCAATGTGTGACTA,670
AAAATCTATTAAAGCC,669
CTAACGTGAATGCATA,669
TAAACAATAAGTGAAC,669
TCAAAATTCAAAAAAT,669
CCCGAACTAGTCGAAA,668
CCCTGGAAAAATACCA,668
CTAAAGCGAGACAGTC,668
TTACCAGACCCTATGA,668
TTCAATTATCACTGAA,668
TTGCATTAAGTTGTCT,668
AAATAGACACAACTAA,667
CACGTAACAATTGTGA,667
CAGCGCAGAAAAGACA,667
CGTCTCAACCAGGAAT,667
GACTATCTGCGACTGT,667
GCCTTTAATCTGCGAT,667
TACGGCAACTTACACA,667
TATCACCTTCCGTAGT,667
AAAGGCTCACCGCACT,666
ATTATCGCCATAAGTT,666
TCTTAATGTAACCCTA,666
TCTTACATCGGTGGAG,666
AGAGCCAAAAGAACCA,665
CAGCTAACGTACGTCA,665
CTCCATTATCTTGCAG,665
GCTCGCTTTCAAACGG,665
ACGATAACAATTAAAA,664
ATCACGCCGATATAAA,664
ATGTCGCTAGACGCAT,664
CTACCAACAAGTCCAC,664
CTCTGACGATTACGTA,664
CTGATACGGAAGCACA,664
GCAACATGTTATGAAA,664
AGAATACCATTTCAAA,663
GGTACAGAAATACATA,663
GTCCATCAAGATCTAA,663
AATGGAACATTAAGTC,662
ATGGTAATGCGTACAA,662
CAATTTTAGCTAATTC,662
GATGACAGCATCGATA,662
GCATCGATATTACGTA,662
TACATAGCTACATTCC,662
TACTCGCAATTCTGGT,662
AAACCGACGAACGAGA,661
AACACAACACATCCAA,661
AACATCCCCTGAACCA,661
AAGTACAATCACAAGT,661
CAGCACACTATCGCAT,661
CCAAAATATTAAAACG,661
CCCTAGATCCACTTAA,661
GGGTAACGTCTTTGGG,661
TAACGCAGGCAGCTCA,661
TCGCAATCGAATTATG,661
TTAACCGACCATAGAC,661
AATTACACTTTATTGG,660
ACATGAAGCTGCAGAT,660
AGAGCCAGATTACAAA,660
ATATATGTACTTCATA,660
CAGACTATTTACCCGA,660
CATAATCTGAAACAAC,660
CTAAATAGCGTATCTA,660
CTCAAAAAATCCCGTG,660
TCCGAGACAAACCGAC,660
TTAACGAGAAGTCAGC,660
TTCAACTCTTCCAAAA,660
AAAATATACCCAACAC,659
AAATAGTAACAAACGC,659
CACCGCATTACTCTGA,659
CATCTAAGAAGAGAAT,659
CTAATCATGTCAGACC,659
GGACGTAAAAGCAGTA,659
TCCTGCAAGACGAAGT,659
TTTACCCAAGTGACAC,659
AAAACATTCACTCACC,658
AACCCGTCTTTTGATT,658
AATAAACACTAAAAAA,658
AATTTGACTTAATAAA,658
ACCAGCTTGACCAAAG,658
CAACTGCACACCAACA,658
CACATTCTTCACATAC,658
CTCCCTTGCACTTTTT,658
ACATGTTTCGTAAGAA,657
ATGGCACATCCTATTC,657
CGCCGAAGAGGGCTGC,657
TAACATTCGCCATGTT,657
TCCATAAGGAATCTGG,657
TCGGTGTATTAGCAGT,657
TGCAAAGTGGAATAGT,657
ATGAAGAAGATTATGC,656
ATGGATAAAAATACGA,656
CACGACCCAGCTCTTT,656
CAGATGAAAGCTGACA,656
GGGGTCTCGAGTTGAT,656
TAGGAGATCAATGATA,656
AGCGGATCTAGACGCC,655
CGTGGACTTACACCCC,655
CTTAACGAGATGACTA,655
GCTACAACAAGATAAG,655
GGAGTTCAGGACCTAG,655
TAAAGCATAAATGATA,655
AAGGAGACCGACTCGT,654
ACATGAAAATTCTTAA,654
ACCAGAACGCTACAAT,654
AGTACGGCAGCTGCCG,654
ATAATACTTCCAGTAA,654
CCAAACCCCCCAGAGG,654
CGGGCGCGCAGTGTTA,654
TTATAGTACACTATCA,654
ACTAGAAAAAATGAAT,653
ACTTGATCTCGCAAGG,653
AGTAGGCCTAGCCCAC,653
ATGTACCTGGTACCAT,653
CAGGCTGTGTGAAAGA,653
CCGTCACACATGTAAT,653
TTATAGCCACATTGTC,653
TTGAGTTAGAGAAACA,653
AAAAATATTACAAGAA,652
AATTAAAGTATACTAA,652
ACTATTATGTAATCCC,652
ATAACAATTGTTTCCG,652
ATTAACTCAATCGTAA,652
ATTATAGAAAGCATAT,652
CAAGGAAGTAACACCA,652
GTATGCTCAGGTCAGC,652
TCTGATTCAATGAGTC,652
ACGTGAGTCCAGGTAA,651
ATTCAATTGCGAAATT,651
CCCCCCTGCCACCCAT,651
CGGATCAAGGGTACCC,651
CTACTTTGAGGACCCC,651
GACTTCCGTTCAAAGT,651
GTCACTCTACCTTAAC,651
GTCGAGAGTGCGGTCT,651
TATAAAAACCACCAAG,651
TTTCTAAGTCTCTCTC,651
ACAAAGCCAAGAGGGA,650
CAAAAATCAATCAGTG,650
GCGCAAGTAACTGATG,650
GGACGGGCATCACAAT,650
GTCTAGTCTAACAGTG,650
TACCATTTACAAAACT,650
TCACAGGGCTCAAAAG,650
AATACTTGTACTTAAG,649
ATACAACGTAAAAACA,649
CACAATTATCCATATG,649
CGATCTACCGAATGAG,649
GGAACTGATAAAGCTT,649
TCCCAGAATTGGGCAC,649
AGAACACAGTAATGCT,648
ATATCCAATGGATAAC,648
CCGGTCAGGGCAACGG,648
TAAAGGTGATTCAATT,648
TAACCCTAGCGCAGTC,648
TATGCGTCCCACATAC,648
TTAGACTAATACACTC,648
ACACTATCCTATACTA,647
CAACCACCCGCGATAA,647
CAATGGCATACGTAAA,647
TGCCCAACCTCTTCGA,647
TTAAAACTGCTAATAC,647
AAATGACTACCTAATG,646
ACAAAACCAAGTCAAA,646
ACGTCAGAACTAAATA,646
GCTTCATGGAAATGGT,646
GGATCTTTCAACAGGT,646
TCTTGGACGCGGCCGT,646
TTATAAACAGTTACCA,646
TTGAATGGCTCAACAA,646
AAAGATCTTCAGGCCG,645
AAGCTGCTGACCACAG,645
TCAACGTCATGTGAGC,645
GACGAGAGAAACTGTG,644
GTAAATAAGTTCAAAA,644
GTCCAAAACCCTTAAA,644
TAATCCGAAAAAAATA,644
TAGAACCTGCTACCAA,644
TGAAAAAATTTCACAT,644
TTAAAAAAACCATAGA,644
TTTAGCGGAATTGTTT,644
AAACTTCAACGTGGAA,643
AATACAAAAACAGAGT,643
ACACTTAATTCTCGCT,643
ACGACCCACTAAAAGG,643
ATTAACAAGATCAGAG,643
CTCAGCAACCAACTAG,643
TGATAAGTTGGCAAAG,643
TGCCCGATCACCAACA,643
TTCATCACAGTACCCA,643
ACAAGCTGTTAATGCT,642
ACTTCTAGACAGGTAG,642
AGAAGCGCATTAGAAT,642
ATTCGAGGAAGATAGA,642
CTTTCCGAGAATAGTA,642
GAACGGCCGATGCACA,642
GCTATATAATTTACCA,642
TTTAAATTCCGAGCTT,642
AAGTTATACTTTAGTG,641
AATAAATTGCCAACGA,641
AATTGACTCGGACATG,641
ACTCAAAAGATCAATG,641
AGGACCCACTCCCTGG,641
CGAACTCTGCATTCGA,641
GTAGAACGAACGTGCA,641
GTCTTAACGTCGTAAT,641
TTAAGTATATTTGCTA,641
AAATAAACTGAAACTA,640
AAATAATTTATTTGTC,640
AACTTAGTAATAATAC,640
ACAAGAAAAGATTTAG,640
ACCCGGGCTACACGGG,640
AGAAACTCCTATAGTA,640
ATAAACCCCTCTTTCA,640
CCAAATAGTTTCACAT,640
CCGCTATGCCATACAA,640
CGCAGAACAATAACTC,640
GGAAATAATCAATAGG,640
TAGTAATACTACCGAG,640
TTCGCCCACACCAACA,640
TTTGACACTGAACTTG,640
AAATACTTATCTATAT,639
ACTAACGGAGACTCTC,639
AGAAAAAAAATGAGGT,639
AGCCAGAACAAAAAAA,639
CATCGTTTTACGTAGC,639
CATTTCCCAATTAAAT,639
TTTTAATTCATAACTA,639
ATAATCAAACATACTA,638
CGGCTGATCGCATCGT,638
TATATATTCGTGCAAA,638
TCCAACAAACACGATA,638
ATCATGTTACTACTGA,637
ATTATAGGTTCCATAA,637
GAAACTGACTAACACC,637
GAATGCATTCTGTGCC,637
TAATAATCCCCTACAA,637
AGGTTAACCTGCTATG,636
AGTCACTAAAGCAGAT,636
CATATTCAGAGTATTA,636
GATCAACTTTCAGACC,636
TAATCTTAGATAACAT,636
TATCAATGATAAATAT,636
TGTATAATGGTCACAG,636
TTTACATCGCAGCTGA,636
AGAACGCTAGACTGCA,635
AGCCTTAGCCAACCCC,635
ATTATAGACGTCCTAA,635
CAATGCTAGGCAAATA,635
CGCCAAAGTCAACTTT,635
GTTTCTCCGGATGTAC,635
TTTACGAGGAACACAG,635
TTTCAATGATCGATGA,635
ACAAACCATCTCAGAC,634
AGGTCTAGTACTTAGT,634
GAACCCTATAACTTCC,634
GTGCATGCAAAAAGCA,634
ACATTAACGAATTTAA,633
AGCAAGACATGTATTC,633
ATATCTTACACATTCC,633
CAAAAGTCACGGCAGT,633
CAGGATTCATCATTTC,633
GAAAAAAAAACCACCG,633
GGTCCGTAAACTTCTA,633
GTAAATCCGGTCCAAA,633
GTTTACGAACACTACA,633
TAAGTACATCACAAGG,633
TAGGACTTATACACAA,633
TCATGAATGAGTAAAA,633
AATTATACACAGCATT,632
AAATCACGCCAGAATT,631
ACAGAATTAAACCCAG,631
ACCTCAATAAGATTAA,631
AGTCGCTGCGGATTAC,631
ATACCCCCCAGATATT,631
GAATCACATACCACAG,631
GATCGAAAGTCGTAAC,631
TGCATTTCACACGGTA,631
TTAATGAGACGGTAAT,631
AAATGCACAAGGACAA,630
AACCAGAAACTCATTT,630
AACGTTATGTACAATT,630
AATCCACCACATAGCC,630
ACCCCGGATTCCATGA,630
AGGTGGATGAAAGGGC,630
AGTATTCTGCAGCTTA,630
CATCTCAAAGAATATT,630
GAATTTCCAATCTCCA,630
TTCAATCTTAAGGCTC,630
AAGACATTCAATGACG,629
ACACCACCGTCAATTC,629
ATAATGTCCTCGAACG,629
CATGTTTACAGCCAAT,629
ACAATCAAATGCATGA,628
AGAACCGGGCCTGCTC,628
AGGACATCGACGGCTA,628
ATAAACATCCATACAA,628
GCCGAACACCCCGGTC,628
TAGATTGGGAACACTC,628
TCTCAAAACCCGGGGA,628
AAAGCTTACAACAGTT,627
AATGCAATATCCACCC,627
CGACCAACACCAATCA,627
GTCGATGAAGCAAGAT,627
TGTTCCCTAAGATTTG,627
CCGGAGGCTAAATTAA,626
GAGCACTAGTGTGCTA,626
GTATTTGTTCAACTTA,626
TAAAACCCATCTTAAA,626
TGTTTTTGACTGGCAC,626
TTTTGTGATTAGGACC,626
ACTTGATCTAATTACA,625
AGAAATAAATAAAACT,625
AGAACCGAGTCTAGGA,625
ATAAATCATGTTAAGG,625
ATACAATCCACAGGCT,625
CAATCTGTGCAATAAA,625
CGTACATGATAAGTCA,625
TGGAGGCGCTGTAAGG,625
AAGCAAAGAATCGAGA,624
ACAAGTTGGGATCTAG,624
AGAACAAATCGATCCG,624
GGCTAAACACCGTCCA,624
ACATGCGAGCTCTATT,623
ACGTCACAAAAGACCA,623
CTCAATCCACGGCGTT,623
CTGTGGACCTAGGTCC,623
GAGACTAAGTCATTGG,623
TAACAAAATCGCAGGA,623
TATCTACATATTCCAG,623
AAAGCAGGCCAGAATG,622
ACGCCTGAACACAACC,622
TGATTACAGTCCACGT,622
AAATATCCGGTATTAA,621
CAACTCTCATCAGTAT,621
CAAGCTCGTAGTCATA,621
CCTCATTTAGAGATAA,621
GAATTATAACAGGCAA,621
TCTTACCATCAGCCTA,621
TGATCTCTCCTCAAAA,621
AGATACTCACATATTA,620
ATGACCAAGCCGAAGC,620
CTTCCCGAAACCATGA,620
GAATGATTTTAAATGT,620
GTTAAGATGCAAGCTG,620
TGCTGACCGATTAATG,620
ACGTTTTTTAGTGTTT,619
CGATCATTGAGTTTTA,619
GATGTTGACGGACATT,619
TAAAACCTGTTTTTAT,619
TGACCATGAGAGTCTT,619
ACAAGGAAACACGGGT,618
ATATAAAGGTTTTATT,618
CGCATAGCTTCTACGA,618
CTAAAAATCACGCCGC,618
GGTAGTAACTTCCATA,618
GTTCAGCCAAAAAAAC,618
AAAAATCATATCTGCG,617
ATAACATACTGTATTA,617
CCTTACGAAATTGTCC,617
GTGAAGCCCCCGAAAA,617
AATAACTCTGTCCTAC,616
AATACTGATGATGCGC,616
AATATAAAAAAAGAGT,616
ACACGGACATGAAAGC,616
ATTCGACTAGAAAAAA,616
CATGATTTTAGGAAAG,616
CCACAAAAAGATTTCA,616
CCCATCTAGTAGGCAG,616
GACCCTCGATACTATG,616
GCAAATTAATACTTAG,616
GCACACAAAGTGGAAT,616
TTATCCTATATCTTCG,616
ATCATTGTATCGGTAC,615
ATGCAATAATTACGTC,615
ATTTCGAACGGGACCA,615
CGGACTTCAAGAGGTT,615
GCTAGGGTTGCATGAA,615
GGAACCTCAAAAGTTA,615
GTGACTTGAGATTTAC,615
GTGCTAACATGACAGT,615
TCTTACGCTGGCTTAA,615
AAACACCAAAATATAA,614
AAAGTCCACGCCCAGA,614
AATTTCAATAATTAAC,614
AGCTCCAATGTCGGAA,614
ATACCAAAAACGTTAA,614
CACGCCTTGCACGACT,614
CCGATCTATCGATACC,614
GCGCACTAAATTCTGA,614
GGGAGAATGCAAACAG,614
GTAGCCAGCGAATACA,614
CTATAATAAATCATTA,613
CTTAAGCTTGTACCTC,613
CTTGAGTCCAAAGTAT,613
GACATTACAATACTTA,613
GCAGTTGTGCGATACA,613
GTGTGCCACGCACTAA,613
TTCAGCTTTGCACTTA,613
ACGTGTTTTGATGAAT,612
CAGTCTTCGTAAAGCG,612
TGAATCACTGTAGTAA,612
TTATCACTATTGCTGA,612
TTTACCGTCACTAAAA,612
ACACTTCAAACGCCAT,611
GCTAAGCTCAATAGAA,611
GCTAGTTTAAATTTAC,611
GGGATTTACATGGAGT,611
TAACTATCCATTCGAT,611
TAGGAAGAAGTGGCTC,611
AGACGATGAAATTGGA,610
AGGAGTCCCGAGACGG,610
CCATACAGAGCCAGCC,610
CGACAAAGTCCTATTA,610
CTCACATGTTCAGAAG,610
TCTAAGCTACATACTC,610
TTACTCTGAATCAATT,610
ACAAATTAGCAGTTCT,609
ACAGACTAGCTAATAA,609
AGGGCGCGAAGCGCAA,609
CGTCTATGAACTACAA,609
CGTGGATCGAACCCTT,609
GGGCTAACAAAGGTGA,609
TAAAACCCAGCAATTT,609
TCATAAAGGACTACCT,609
TTGTGAGTGAGACCGT,609
ATAAATCTGATACTGA,608
ATCAAGCCCCAGTAGC,608
CAGAAGAGGAGACGTC,608
CGAATGCCCCAGAACT,608
CGGATAGGTTAGACAA,608
TAACTACAATCAATCT,608
TAGGTCACCCGCGAGA,608
TATGTAAATCACATTA,608
TCCGCCTACGAGACCC,608
TTATATAGCTGAGAGT,608
AACGACAATGTAAAAC,607
CGAAACCAAATAAATA,607
CGATAATCGCACAGTA,607
CGGATTACCAAGTCAT,607
GATCGGAAAAAGTGTA,607
GCGTAATCATCGACAT,607
TACGAACTAGCAGAAC,607
ACCTGCCGATCGAATC,606
CCATCTCAAATCCCTA,606
GAAAAACTAAAATCAA,606
GACTAAATACACCAGC,606
GTGTACTCTCTCTCTC,606
AAACTATAAACTAACT,605
AGCGAAGAATCTATTA,605
ATCCCATATAATGAGA,605
GACTACGTACATCCTG,605
GGAAGAGTATTTCCAT,605
AAGCTATAAAGTAGAA,604
ACAAGCACCCAAGCTG,604
ATCACAAGACCTACGT,604
CATATAATAAACTAAG,604
CTATCTAATATCATAA,604
GAAGTTTAACAACGGC,604
GATCTGAAATTATAAA,604
TCTATTAAATATCTAA,604
AATTAAGGAATCCTCA,603
ACGCTACATAACACCT,603
ATTATCATAATTGCCA,603
ATTTTTGATGACAGAG,603
GGCCTTAATAGTGAAC,603
TCCGGGAATATTTTTT,603
AAATAGAACTTACGAA,602
ACTATTTTGAGGATCA,602
ATAAGAGTTCAGGGAC,602
CAATACTAAACATACC,602
TTACGTTAAAAATTTA,602
TTCAACTTGTCACTTA,602
AGGCAATCAGCCAAAC,601
CACTAACTCATTGTTT,601
GCAGGCGGGACAAAAG,601
TAAACAAGTAGTATGT,601
TTAGATCCAACGGTGA,601
TTGCCGTTATGTAAAC,601
AAATAGTCGTCCCTTC,600
ACCTAAGACACTTACA,600
AGAACGTAAAAACATG,600
AGCGACCCATAAATAA,600
ATATGAAAAATATTCA,600
CGTCCGAACGGATTTA,600
CTTACTATAATAAGTC,600
GTAAACTCCGCTCTGT,600
TTACGATCGCAGACCA,600
TTCCGGAAAGCCAACA,600
CAAAAGAAATTGTATA,599
CAGACCCCCTTGTGAC,599
CAGTTTGGCATAAGTT,599
GACTGAAAATAAACTT,599
GTATACAAAAGTCTCG,599
TGCATAATCATTAAAG,599
AAAGGTGGGTTTATTT,598
AAATTTGCAACTTTCT,598
AACAGAATACCTGCAG,598
ACCGGATGAGGCAATA,598
GAACTGCATTCGTAGG,598
TGACGAATAAAACAAC,598
TTCCCTAACCAGTTCA,598
AAAACGTAGACTACTT,597
AGAAAATTTGGCCGGC,597
CAAACAATGACCGTTG,597
CAGACATTTAGAAGTG,597
GAAGTCATAATTGGAT,597
GAGTTGAAAAGGGATA,597
ACCCCTAGAAATCCCT,596
ACGAGAACAAAGAACA,596
CCCCCATACTGAATAC,596
CCCCTCCAAGCATCCA,596
CGATAATGCCAAGAGC,596
GATTACACTGAGAGAT,596
GCTGTGCAGTAATTCA,596
TAACTGCAAGCCTACA,596
ACAATGACACTCATAA,595
CTAGTAGGAAACATAG,595
GTATGAATCTTAAGAT,595
TCACACGTTCTACCCG,595
AATTAAAATACCAACA,594
ATAGATACGTATCCGA,594
GGCAGTAATTCTTACT,594
TCAAGGGTAATCCACT,594
AAAATACCAAACCCGG,593
AAATTTAAGAATCGAT,593
AATGCTACGATCTGTT,593
CACACACACAAAACTT,593
CACATAAGCTTATAAT,593
GAGCCGTTCCCTATTC,593
TATAATACGTCTAAAC,593
ATACAATGATAAAAAG,592
CAATTGATTAACCATA,592
CCCAAATTCAGCGGGT,592
CTGGGCAGGTTTTAAC,592
TTCCCGAGTATGGGCT,592
TTTCTACTAGGGACTG,592
AAAATATTGCAACCAT,591
AAGATACCAGAATCTT,591
AGCTACACGTATTTCA,591
CGACCAAACGTAACCG,591
GAAAGGTTCAGAGTTC,591
TGTCGCTACATGAAGT,591
AAAGACGGACTGAAGC,590
AAATCACATTTCTCGC,590
CGTATATAAACACGTA,590
GTCATTGGGTCAAAAG,590
AAGGCACAAAGAGCTT,589
AGGTAATAAATAAAGG,589
ATACCTATGATAATGA,589
CCAAACCAGTTTCTTT,589
GGAGTTACTAGATTCC,589
TAGAGACTTAACAATG,589
TCCACCGCTATGTCGG,589
AAAATGACAAGAGCAC,588
AAGCATATTTGAAGCT,588
CAGTATTCCGACCGCT,588
GGCCTGCTATGAAGCA,588
GTCCATCCGGATGCAT,588
AATTAGTCAAAACCGA,587
AGCATCTCACACAATA,587
ATGTTATTAGAAGCCT,587
GATATAGTTTGTGTTA,587
GATCCAAATTTTTTAA,587
TACCGAGGTAAACCTT,587
TCTGTATTGCCATCTA,587
TGTGAATGAAGCACGA,587
AAAAAACATAATCCTG,586
AGCGCTAAACTTCATC,586
CTTAACATTACAACTT,586
TCGCGACCCCGTTCAG,586
TTCCTTCCCACAATAG,586
AAATTTATAGATGGCA,585
AACTACTTGCATACCT,585
ACCCCATATTCGCTAA,585
ACGATAGAGCAGTCCT,585
ACGGTAGGAGACGACA,585
ACGTGAGATATTTAAG,585
AGTAATCTGCTTGAGT,585
ATTGTAAGGCTAAATT,585
CATTCAAATCTATTTC,585
CCAAAAGAAACGCTAC,585
GACCACTGGGATCGGC,585
TACTAGTTAACCAATT,585
TTGCCAAATGTAAACA,585
AAAAAGTCCATCGCTA,584
ATGCTCATCACTACCA,584
CGTGAGCATAATACTC,584
CTAATTATGAAGGAAA,584
GATCAATTCTTTCCAT,584
GCCTATGAAGCGTAAG,584
GGGACCGAAACTTTAA,584
TACTATGGCAACACAC,584
AAAATTTAGATCTTTG,583
AAGACTGTTGTCTCAA,583
AATCCCTAAAGAGATA,583
ACAATAACAATTTATT,583
ACTTGACAATATACTG,583
ATCCGCCCATTAGATT,583
CAATAGACATGTTTTA,583
CCGTTATTATAGGATA,583
CGTGAATTAGCCTACA,583
ACAACCATATTCGGAA,582
CTTGAACAAAATGGAT,582
GAAATAAGTTTAGCGT,582
GTCCCTTGTTTAGAAA,582
GTGGAAGAATCTAAAC,582
TGGCTACAACGGAGAT,582
TTATGTAATTTTCGAA,582
ACCGGTGAGCGGGTAC,581
ATTAAAGTTGGTCACG,581
ATTAACCACAAGTGTT,581
ATTTATTGCTTTCGGG,581
CCCAACTGCATTTACT,581
CTAAGATGTACATATG,581
TAAATTAGTTTAAAAT,581
TTTTAGGGACGCTTAA,581
AGCGCACTGAACTCAA,580
GAGGTACAAAAATCTC,580
GTTTAGATAAATGACA,580
TGGACCTATATCGGTC,580
AAATAAAAGAGACTCA,579
ACCCTTCTATCAGATA,579
CTTAGATTTCACTGAA,579
GAGCAGAATAAAATAG,579
GAGCTATTAACTCATT,579
GATACAAAACAAAAAC,579
TAACCGTTTATAAATC,579
ACAAGCAATGACGAAA,578
ATTAAGACTCAGTGCC,578
CCTCCGAACGAAGATA,578
CTATAACACCGGCAGT,578
GCTACTAAGCTGCGTA,578
GTACTATCCAATGGGA,578
GTGTTTTACCACGATT,578
TTTATACAATAATAAG,578
AAGACATTGATCAAAT,577
AGACTTAAGGTGAACA,577
ATTACACACATACGTT,577
CATGCGTATGCGTCAC,577
CTTCCTGACATGCATA,577
GGCAAAAGTTAATGGA,577
GGCCTACCTAGGGCAG,577
TAACCAAATAAACTGC,577
TGATTTAACAAATCTC,577
TGTGACAATAATGGCT,577
TTGACCATAGAGTTCC,577
ACAAAACACAACAATA,576
ACTCCTCTACACTGGC,576
CTCCACCATAATACCA,576
GACACCGAATAACACT,576
GGGACACACCACAAGT,576
TATCAAAACTAGGCAC,576
ACAAACCCAGTAAAGA,575
ACAGACACATACGAGT,575
AGAATAAAAACAAAAA,575
CATTGGTCTAACACTC,575
CGGGCGTAAGGAACAA,575
CTGCTTTCATTGCAAA,575
GAATTTCGTGGACTTA,575
GGGTAATAGTATCTGG,575
TAACGAGATAGGTATT,575
TGCTTAAAAAGAACTT,575
TTATTCTGACTCATTC,575
AAAAGGACCGCGTAGC,574
ACCGAAAAACTCTCTT,574
ATCAAAAGAACCTATT,574
CAAACTGACAACATCA,574
CTTGTCGGAAGATTGG,574
GCTTTGAGAGAATCAC,574
AAACAATTGCCGGGAT,573
AAAGCTACGCAAAAAG,573
AAATTAATGGCATAAA,573
AGTGAACAATCGTTCT,573
ATAATTCTACGATGAA,573
CAACATTCACTCGAAT,573
CTGCTAAGATAATTAA,573
TGTGAACTGGGCCTTT,573
AAAACTTAGTACGAAC,572
ATACCCTTCCTCTATT,572
CACGATAGCAAATTGG,572
GATTCCAATACCTCTT,572
AGTTATTATACATTAA,571
CTAACCCTACAAAGAT,571
GGCTATCCACGCAACG,571
TAGTGCCGGAGACGAG,571
TCCTGGCTATGATGGT,571
AACATGAATGGACCGG,570
ACGGATGCAATTAGTT,570
AGACCTGTCTATCTAG,570
CTTGATACCAAAATTG,570
GATGCGATTAGGGTAT,570
GTGCCGGCTTAAAAAA,570
GTGTTAAACACATTCA,570
TATAGCCAATCTAATA,570
AATACATTGTCTACAA,569
AATATGAGAGGCTAAC,569
ATGAAGATCAACACAT,569
CCTGTACGTTTATGAA,569
CTAACGACAATAAACG,569
GCACATCGACAAAATA,569
AACCCTGTTCCCCGTC,568
ACACAAATGCATAAGG,568
GGGTCTGAAGTAAGGA,568
GGTTCGAATATAGAAC,568
TCGCGTGTATATAAGT,568
AGAAGAATTTCCCAAG,567
CAAACCTAACATAAAA,567
CGTTCAGACAAATACA,567
GAAGGTAAAAACTCAG,567
GTAATATACCCTCAAT,567
GTTCAAAATAGCATAA,567
TAAATTGAAGACCGAG,567
TAACAACGAAAGCAAA,567
TAATCTTGGCCAGGCA,567
TCAGGCATCCCTACGA,567
TTCAGCACCGCATCCA,567
TTTGCGACCAATAGTA,567
AAACCGAAATAAAATA,566
AATATGCTTTTGAAAA,566
AGCCGATGTCGAGTAC,566
AGGAACAAGCACTCAA,566
ATCCACACCCTCTACC,566
ACAAGAAGATTAGATT,565
ACTTTCTCGCAAAACA,565
GAAGTAATAGACATCA,565
TAAACGAACTAGACTC,565
TAAATCCCCGTCAGCA,565
ACATAAGTTGGCAAGA,564
AGAAGAAAGTAACGCA,564
AGATAATGCACGTTTG,564
ATTTAAAAGACTGGCG,564
CAACTGACCAACAAGA,564
CACAACAGTAATAAAA,564
CATAATATAAATCAGG,564
CCTACATCGCATCCGT,564
CTGAGACACAACCCTG,564
CTTCTACAGCAAGTCT,564
GCTACGGCTTGAAGAC,564
TTAAATACTCCCGAGA,564
AACACATTTTTTTACT,563
ACGATACATCGTTCAC,563
ACTTATACATACCAAC,563
AGTAGAAATAAAGAGA,563
CAACAATATCTTAGCG,563
GAATAGTAGTCAACAG,563
GCGTCACGACGAAATA,563
GTAAACGGCAACAATA,563
GTAAATTAAAGCGCAA,563
TTTGCGATACAAATCT,563
AAACTCGATACACAAG,562
AACCAGCGTAAACACG,562
ACACACTCCCTGATGC,562
ACACCCATATCACAGA,562
ACATTGATAATCAGAC,562
AGACAGAGACCGAGGA,562
ATATAAACAATTACAA,562
ATTAGTGACTATGATA,562
CATAAAAAAAATGAAA,562
CCGGCTACCGTGGACC,562
GAGTTCCTTTGGTCAA,562
TGGGATTTATACAACC,562
TGTCGAGCACTTTGAT,562
TTACGGAATATGATGG,562
TTGGGATCTTTAGCAA,562
ATTACTGATACTAGGA,561
CACAAGGGTACGTAGA,561
CATAATACGAATTCGT,561
GAAAAACTAATCACAT,561
TATTTACCAATAGATC,561
TGTTATAACAAACTAT,561
TTCATTCCAAGCATTG,561
AAATCGTGCGTAAGGA,560
CATTAAAGGAGACCAT,560
TTAATTACCGAATTTT,560
AAAATGAGAAAAAACT,559
AAGCCCACAAATAAAA,559
ATTTTGTAACTATTTA,559
CAAGGATCTACACCAA,559
CTCGAAGAACACTACT,559
TACGACGTTGATAACC,559
TTTGATAAGAAAACTC,559
AAAGGGTATAACATAT,558
ACATCCAGTGACAACC,558
ACTAATGAGCTAAGGA,558
AGAACGAATAAATGAA,558
ATCTCCGAAGTTCCAC,558
CACAAAACTTATATTG,558
CTAAGATTGGTAACTC,558
GAAGAATCCACCTAAC,558
GATAAGTATTGCAATA,558
GCTCAATAATCGATTT,558
GGAGGGGCGACTCTAA,558
TATATATGGCTCTGGA,558
TGTACTAATTAACCTG,558
TTAATAGCAGGCCGAA,558
AAATGCTGAAAGTCAA,557
CTCCGGCAGACGCGAC,557
GGCTAGACACAAAAGA,557
TATCGTACTCAAAGTA,557
GAATTTGGTCAGAAAA,556
TAGCCCCGCTTTACGT,556
TCAACCACATGAAAAA,556
TCACGAAAATCTTCGA,556
CGATCGCTATCTTAAG,555
CTCAACCAATTTTAGC,555
GACGACAATACGTGAT,555
GTCACCGCATATTAAA,555
TAACAGGATTAAAATG,555
AGGGCTTAAAGAATTC,554
AAGATAATATTTAAAG,553
AATAGCGCAGGTCTTT,553
ACTTTGGTAATAAACA,553
CGCAAAAAATTGCCCA,553
CGGACATAAACATGCG,553
CTTTAAATATAAGAGA,553
GTGAACTACTATGGCA,553
TACCATAATTCCCTGA,553
TGCAATTGGCTATTCA,553
AACGTTTGATAACCAA,552
CATCACAATAAAGATA,552
TAACGCCATTGAGACA,552
TGAAAATCCTTGAAAT,552
CAAGTTCAGCGAGAAT,551
CACCAACGCGATAACC,551
CATGCGGAGCACCGAC,551
GTTTTACAGCCTAAAT,551
TCAGACCATATTAATC,551
ACGACTATATACGACA,550
AGAAACAGGTTGAAGT,550
CCATGTCGAACATAAC,550
GTATTTAAAGTTGAAC,550
TGAAAAGATCAGCAAT,550
ATATCAGCATGGAAGC,549
ATCGTAGAGGCGAGCC,549
CACATAATCATGTTAA,549
GGGAATGTAGGGGGAA,549
TGCAAACATCTTAAGC,549
AAGGATCAAGAATAGT,548
CACTAACTGCCGAAAA,547
CCCCGTACATAGAAAA,547
GGGCCAAGCTAGATCG,547
TTAAAACTAAGTGCTC,547
GGCGGTACGGGTGTTA,546
ACCTTGCACCAAAAGC,545
AGATATATAGAACAAT,545
CAGAAACTTGTAAAAT,545
CTCACAAATTGGATTA,545
GGAGATAGACCAAAGT,545
GTACGGGCTGATCATG,545
TACCTTGTCAGAAAAA,545
TTGAAAAATCATTTAT,545
AAATCTAATGATAATC,544
ACAAACAGCTAAGAAA,544
ACAAATCAAAAGAAAA,544
ATTCATTACATTTTAT,544
CCCTTCGGCAAGTAAA,544
CCGGCACCTATGATGA,544
CGAAAATAAACTGTGA,544
GCATCCCAAACACGTT,544
TATAGATAAGTTGCTT,544
TGCTAACTTCCTAAAC,544
AAATTGTATATTATAC,543
AAGGATTATGGGATAC,543
ACGGTACTTGTATACC,543
ATTATCAAACTAACTG,543
CCAATGTCAAATAACA,543
ATTGATTGGTTTAAAG,542
CCTGTCGCTCTCAGGC,542
CTCAAGCGATCCAGGA,542
TAATCGGCCTACTAAA,542
ACGCTATTAAAAGCAA,541
ATAGACTGAAAAACAG,541
ATATGACCATCGCCGT,541
TAAGAGTAAGCAAAAT,541
TATAATAAAGCGCTGA,541
AATCGAGTGGATCTAA,540
ACTACTAACACAGATA,540
CACTTGATTCCGAAAA,540
CAGAGATTTAAAGAAA,540
CCACTAATAGCAGCAT,540
CTCAAACTACTCAGAT,540
TCCTAAATTGATGTAA,540
TTAATCTTCAAAGCCG,540
TTTAAATCACCTGATA,540
AAAATTTGAAACACAC,539
AGTTATATTTAAGCAC,539
ATCCATGGTTTTGTAA,539
CGACGTCCTAGCACAT,539
CTTAGCGGGATGACTC,539
GAAATAAATGTCACAG,539
GTAACGTATGCCAGCG,539
TCATCAAATCATGAAG,539
TTGTAAATAGCCTGTG,539
AAATGAGAAATTATGG,538
ATAATGAAGGCAAAGG,538
ATACAACAATGAAAAG,538
ATTCCAAAAAACCATC,538
CTGCGAGGAAACACTT,538
GAATATATCAGAATTC,538
GGTAATGGCCTCGGGA,538
GTGTTTTCTCTGACGC,538
TGATGAACACATTAAA,538
TGATTCGCCTAAGGCG,538
AACAGTCCAAGTATGA,537
AATGATTCCTACCCAA,537
AGACTAATCTAAACTG,537
AGGAACCCCATCAAAA,537
ATCGAGGGTCTAAACT,537
TTCTACAATACAAGCC,537
TTGGATGGTGCTTAAC,537
AATATAGTAGTTCTTT,536
ATATAAAGGGAATAAT,536
CGTACCAATAATAGGA,536
CTAATATTCCACAAAA,536
TAACTCAGCCACTAAT,536
TATCATCCTTTATTCA,536
AAGATGACGCAGAATT,535
AGCCGAGTACAAGTGT,535
CAACAAAATCATTTAG,535
GAATTTTGTTTAAGTA,535
GATAATCGTTAGCCAA,535
GCACTCATGTTCAGGG,535
TACAGGTAAATATCCC,535
AACACTCGGAGTATCG,534
ACAGCTATACTATAGA,534
ATAAAATAAAATTATA,534
ATAGAAAATTTAAGTG,534
ATTAATCTCGTGATTG,534
GCGGAGAAATGACAAC,534
TATCAAAATCAAAACT,534
AATTGTGTCTAAAGTG,533
ATAAAAAAAAGTTCGA,533
CATTCCCTGGCTATGT,533
CCGACTCAAAAAAGGA,533
GACTAAGAGCTAGCAT,533
ATCTTACTGATATGCA,532
ATGTAATAGAAAATGC,532
CTAATAAGCCAATATT,532
GTATTAAAAACAATTT,532
TACTCCAAATCATCAT,532
AGTTTACGATATAAGT,531
CCTAAGACCTTATACT,531
GAAGTACAAGCAAGAC,531
GACTTCCCTGAAAAAC,531
GGAGAAAATTCGTTAA,531
GGCAATGCAATATAAA,531
GTTTTGTGTAATAAAA,531
TGAAAATTTTACATTT,531
TGATCATTTTAAGGCT,531
AGAGCTATCTGGACTA,530
CAAAACGCCAACTCAC,530
CCATCCTGGTTCTGTT,530
CGGTAAGAAAGCAGTA,530
TCACCGCGGTCTAATG,530
AATTACACCTAGTGTC,529
CTGTTGCAGAAGTACA,529
GGAACTCGAATTTTCT,529
GTGAGGATTGACAAGC,529
TAAGTGACAACAAAGC,529
TATATAATACACTATA,529
TCTGATATATAAGTCC,529
TTAAGCCCGTCAAAAA,529
AACAATGCAATAATAA,528
CACGGGACTAAAGGAA,528
CTTACAATCGCGGCTA,528
GAAGTCCCTTCAGTTA,528
TAGCAATGGACGCCTA,528
TCCTGGCTTTCTTATC,528
AGAAATTAACGTATAA,527
ATGTTACCATAGACAA,527
CCGCAGGACAACCCTA,527
GAAAAAGTCTATCTTG,527
GACCCCAGAGCCTCTT,527
GATCTATAACAATGCA,527
TCTTCCTGCGGAACTA,527
TTACTAAAAATAAAAA,527
TTTGGTCCCACAATAA,527
ATGAATTAGGGTCATT,526
CCCCAAATTGCACTAA,526
TAATAAGTTATCTCAA,526
TATCCGCTGACAACCT,526
TGTCTCTTAAATGTGT,526
TTTAAATCGACTTTTC,526
ACTAAATATTTGACAA,525
AGAGCGTCACGTTAAC,525
AGGGCTCTCCATCTGC,525
CAATTACACTATAAAT,525
GACGCCCGAATAACAA,525
GGAGCAATGACGAAAC,525
TAAAATGGGTCGTATC,525
TTAATGCGTCTGGAGT,525
TTATTAGATTTAGTAA,525
TTTGAGTTTTTCTGGG,525
CAAATGTCCATCAAAT,524
CACCTCCCACAGAGAA,524
CGTAGAGATGATGCGC,524
CTGATTTTATAAGCGC,524
GCATTAATCACAGGTA,524
TAGTAAGCATATGTAT,524
TTTACTGACCCTGTCT,524
ACACAAAAGTGGCCTG,523
ACTCAAAACTGATTAA,523
TTTATTGAAGATCGAA,523
AAAGATATTTATGGCA,522
AATCATGATTATTAAA,522
ACATCATCATGCCTCT,522
ACATCGCAAGCGAACT,522
AGTAGATCCTATTCCA,522
ATGCTCTCAATTGTTC,522
CTTTAATCCATATCGC,522
GTGTGTTTAAGCGGCA,522
ATAATCGCCAGCAAAA,521
ATTCAAACGATATTAA,521
CAAGTTGCTACTAGAT,521
CAATCATTAGTGGGAT,521
GAAAGAAACCACAGGG,521
GCAACTCCGTATAGGA,521
TAAACCGTCCAAAAAG,521
TTCTAGTTGCTACCCT,521
TTTTAAAAGCTCGCGA,521
TTTTAATGCTCGAGAA,521
AACTACCTGCGTCAAA,520
ATATCGTCCACGTGGA,520
ATCATATTCACTACAA,520
CACCCTGTATTTATCC,520
CCTACAACTCAATATT,520
TGCCTGATCATGACAC,520
TTACTTGTACTTATTA,520
CGCCACCTATACCCAA,519
GACTTTATGAATACTG,519
AAAAGCACCAGCCATG,518
AATGATACGATATTAT,518
ACGAACGGACCACAAA,518
ATACATTATTATACAC,518
CTACAATGGTCGTAAT,518
GTAGAGGAATTGGTCA,518
AGATGACTTATGTAAA,517
AGCCGATTCAATCTCT,517
AGTTATCGTTAACAGC,517
CATGAACCTTGTACTG,517
CTTACAACTCTTGTGT,517
GAATGTCTTAACGGAT,517
GATAGCTACTTCACAA,517
GCACGGACGAAAACAA,517
GGTTTAATAGAACAAA,517
TAAGCAAATTTTGGTA,517
TAAGGACTATTATTGG,517
TTCCCAATGCCAGCAC,517
TTGAAAATAATGAACT,517
AAACGAACTTAGACGC,516
AAGTGATGCGAATTGA,516
AGGATAAAGTAGTGGT,516
GAACAAATTATTAGCC,516
ACGATGATGAAAATGA,515
AGTTTCAAATCAATAA,515
CTAGAAGAAAGAACCT,515
GCAATGGATCTTGTGT,515
TAAACTTCAACTCTTA,515
TAAAGAATCAGGCTTA,515
TTCTAATTAAAGGATC,515
AGACATAAAGAAATAG,514
GTTATAACTCATGGAT,514
TGACAACAACACTCAA,514
AAAGTTTAAACACCAT,513
ATCCTGATTTCACTAA,513
CACATGTATAGGTCCT,513
CACGAGGCTAACGACT,513
CGTGAATACGTTTTTG,513
CTTTGTTCTCCATATA,513
GAATCTAAGCAATAGA,513
GCAGTCCAAAATCCCA,513
GTCGTCGAAGAGCTGC,513
TATTAAAACATAATGA,513
AGAATAGAAGGCTGCA,512
ATGGTGATTTGCTCTA,512
GGATAAAGCGTACAGT,512
GTAAGAGACAAACTAA,512
GTAATCACTATCAACA,512
TCATGCAATACGGATA,512
TTAATCAGGATATGCA,512
TTAGTCCGGACGTGAT,512
TTATGTATAGAACCCT,512
AAAACAGAGACTGTTC,511
CAAAGACGCTTACAAT,511
CCCTACCGTCCCGCAA,511
CGACACCCTTATGGTT,511
TGACCTACCCGACTGA,511
AAGGGATTTTACGTTC,510
ATAACTATACAAATTA,510
ATACTCAAGTCAATAT,510
GCATATACCAATAATG,510
TCCCAATACTAAAAAG,510
TGATTACTTTAAAACT,510
ACGGGTGACACGAATA,509
AGCGTGCTAAAGATAA,509
AGTCAACTGACCATGA,509
ATAAATCCATCATATA,509
CAGCGAGACGATTAGG,509
CTAGAGTTTTTACTTA,509
GATTCTCTAAACATAT,509
GTAACCAGGGTGTTTT,509
TGATTAGACATAATCT,509
CAAAATACGAATGAAA,508
CGCGAGCGAAACGCTC,508
AATATACACCAAAAAA,507
GATATTAATGGTAGGT,507
GCATCCTTACTATGAG,507
TTATAACAAGTGTATC,507
AAACCATGAAACACCT,506
TTTCTAGGTACGAAGA,506
AGCCAATATTTCCCTG,505
AGCCTAACAAATAAGG,505
CATCAAGAATAGTAAG,505
TAAAGTAAAGAGTCAG,505
TATTATGCAACGCGCA,505
TCATAAAATGCTAGAA,505
AAAAATTATTATTGCT,504
AACGTTTCATGGGTAA,504
GACTCCATAATTTTAA,504
GACTTAAAAGGACGGC,504
GATATGAAGTTCCACA,504
GGAACCTTAGCACCTA,504
GGTGTTCTAAATAACA,504
TACAACAGTTTATCGC,504
TATAAGTATCCCTAAC,504
CATTTTTGTTAAATCT,503
GTATTCAGTGTACGCA,503
TAATCCTTATAAGTGA,503
TGAGCACAATACGTGA,503
TTGTGCTAATATTACT,503
ACAAACTCAGAGAATG,502
AGAACCAGGCTTCCCC,502
CACGTATATTTGTAAA,502
CTATCTTTACTTTTTA,502
TAAATACTCATAACTT,502
GACAACCGCAGTACGG,501
GGATGACGGTCAACCG,501
GGCTGTGCGTGTATAG,501
TGCAATGCCCGGTGCA,501
AAGAAGTAACTGATAA,500
AAGAATTGCACATTAG,500
ATCCAAGTTACATTAA,500
CAAGTGTTGATCAGTT,500
CGGTTAACATAGGCTA,500
CTACAATATGGACAAT,500
TACCACGCATCAGAAC,500
TGGGATGACAGAGTAA,500
AGTTGCGTCTAAATGG,499
ATCAATTGTCAAGAGA,499
CAGACCACTAGGAAAC,499
CCTTCCGAACAAAAAT,499
TACACATGTAGTCATT,499
TTAAGAAGATCGAGGA,499
TTATTCACGACTACTA,499
TTCATTCAACAATTGA,499
AATACATGCTCGAGAG,498
AGGTATTCAAAGAAGA,498
CGCATGAAAAATAACT,498
AACGACTGGATGACCG,497
AAGATCTACCTAGTGA,497
AATATACAGATAATAC,497
ACAACAGTATTTGCCA,497
ACCAGCGCAATAGTCC,497
CGGCGAGTGTTAATCA,497
GAATCGAACTGGATCT,497
GCGAAGGGTGGTAAAC,497
GTGTCTACCGCAACGC,497
TTTTTCACTCCATATA,497
AAGAGCTCAGACGTTT,496
ATCGATCCAAAACGCC,496
CCCTGCACAAACAAGT,496
CGAGCAAGAAACAGCA,496
CTTAAGTTACTGCTAC,496
TCTAGCGCAGATAATA,496
AGTGTCATCACCTAAT,495
ATAAAAAATCATAGCG,495
CCGTTAAATTGCCACG,495
AATCGGCACTCTCCAT,494
AATTATTAATTTCACT,494
ATTTCATATACACAAA,494
CAGCATCCTTTCCATT,494
GTAAATACTGTTACAC,494
TACCACGGTCGGGCTA,494
AATAATTACCCGGAAG,493
ACAAACCGCTACAAAT,493
CATAATTTTCCAGTCA,493
CCGAGAGAACCGGATC,493
ACGCAAATTAGCCTAA,492
ATAATGAGCGGATTTC,492
GATAAAATAGTACTCG,492
TAAATTTAACTTATGT,492
TACTTAATTTAACGAA,492
AATAAAAACCGCAACC,491
CATGAAAGTAGATTGA,491
CGATGACGGCCTCTGA,491
GAAGATGGAGACAATA,491
TTGACATTACTAACGA,491
AAAATCACGATATCTA,490
ATCGAAGACACACACA,490
GCGCTAGCTAGCAGAT,490
TCCATTATATTGCCGA,490
TTAATACGCATTTCCT,490
AGGGCGAGGACATGTG,489
ATAAACTTTCGATGAA,489
CCCATGTCCGAGGCAC,489
GACTTCCAACGCACAA,489
GTGCTGTCACAATCAA,489
TGGACGCCAAAATTTA,489
AAGCTAACTTTAATAC,488
CACACGACAAAAAAAA,488
CCTGATAGCTAAAAAG,488
CGTCAATCATATGCAT,488
CTGGAACCAACGGAAT,488
GCACCGCATAGGACGC,488
TAATATGGTGTTTCAC,488
TATGCATACGAACTAA,488
AAACAAACCCAAACTG,487
AGATCTGACAGCATTG,487
ATAACGGGACAAGCCA,487
GCCCTAGACACTGTAG,487
TATTAGTGTCACAAAA,487
AGTAGCCAAAGGGTAG,486
AGTTTTAATCACCAAT,486
CAGAGACAAGTCAAGA,486
CCTCATTCAGGGTTGT,486
GAGCCTGTTTAAAAAG,486
GATAGCACGGCAACCA,486
TTGAAAAGATTAAAGG,486
ACCTGATATATCGTAT,485
AGTCCCCTGACTCGGC,485
ATATGAAAGAGAAACA,485
CTTAATTTAGTAGATC,485
GAAGTAACTCTACCAG,485
AAAAATTTGAAGATGT,484
ATCCCAATGAAGATTT,484
ATCTCAATTGATAAAG,484
TATCGCCTTATCCACA,484
TGAACCTAATTCTCAA,484
AACTTGCTAAACTTCT,483
AGGTCTGCTGTCTTCA,483
CCCGTACTAACTTTAA,483
CTACCTAAAGTTCGCG,483
AACGCCGGCAACTGGA,482
AAGTCACTAGGACAAG,482
ACCCACCGGTTGAAAT,482
AGCCGTTTAAACACCC,482
ATATTTACCATCTTCA,482
ATTTCACTCACACAAG,482
CCGACTTCTCGGTAAA,482
CTAAATTCCCATAGCT,482
GAATATGTACCCGAAT,482
TAAGCATGGGATAGCG,482
TCTTAAGTTAAACACT,482
TGACGACAAGATGCCA,482
AATAATACTCAATAAA,481
AATACCAATACGAAGA,481
AGGAATTTAGTGTTGG,481
ATTTCTTGTAAAATCA,481
CCATTATTGATGTTAC,481
CCATTCATTTCTCAAT,481
CGCCCTGACTATCATA,481
TTCAGGGATATATTAA,481
AAGGGAAACTCCAGCG,480
AATACATGCCCTTACA,480
CGACTAACAAAGACGA,480
TACGCGTGACTCCAAC,480
TTGCCAAACTCGTCTT,480
AAATAAGGAATCCAAA,479
GAAAATCCGAAATTTG,479
GAAGCAGAACCCGAGC,479
GAGTACTTTACACAAT,479
GCTGTATGCCCATAAG,479
TGATGTAAATAAGTGC,479
TTCAAGTAAAAATGTT,479
ATAAGTGAAATCATCC,478
GAATCTATACTCATAC,478
TTAATGGGGTAAAACA,478
AAAGCCTATATACCCA,477
ACCTTTATCAATAAGA,477
AGTAAAAGAGTATTAC,477
GAGAACGCAACACTGT,477
GCTAGGACCTAAGAGT,477
ACAACAACATAGTGGA,476
ACTAAACGCACACAAA,476
AGACGCTTTGATTGCG,476
ATAATATAGAATTGAT,476
TAATACGAAAAACTGA,476
AAGGCCCACAAGGACA,475
CTCCGTGATATAACGC,475
GAGATAAGTTTGTAAT,475
GAGGTATATTTACACG,475
AAAAACAAGATCCCCT,474
ATACAGTTATTCTAAA,474
ATTTTGAAATATTACC,474
CTGCGGCTAGTAAGCT,474
GAACGATCCAGTTGTT,474
GAATCGAGAAATTACC,474
GGTGTCGTCCCCGGGA,474
TTCTTACCAAACTGTT,474
GATGCTGACTTGATCT,473
GGATCACCACATGCTT,473
GTAAGCCTACTCAACA,473
TCTGTAATCTTCTCCC,473
CAAGAACAAGTGAACG,472
TCATTGGAATATATAA,472
TCCGGCCTAAAAATAG,472
AGGACCGAGAGCTGAC,471
ATTCAATTACCAATAT,471
GAAAATAATGGCGTGA,471
AACTTTAACGTAGCCT,470
AATACCATTAAGTATC,470
CTAACGGATAGAGTAA,470
GAAACATCACTAAATC,470
GCTCAAAAAAGCACAT,470
GCTTTGGAGGAGCGAT,470
GGAAGTAACAGATAAC,470
TCAAGCGCATAAGGTG,470
AGCAATGTAATCCCGA,469
TTCTAATTTAATTGTA,469
ACAACATGACATCTGC,468
CATATTGACATCACCA,468
GGCAATAGGATCAACA,468
TAGAATACGGGCTAGG,468
CCAACTTTACTACTCA,467
CCTAAAATAAAGATTA,467
CTTAACAACCGAGTAA,467
AATAGCTTTAGTGTTG,466
ATATCCATGTCACGCC,466
ATCAAGACTTAATAAA,466
CACACGAAATCCAAAA,466
CGATACGCATAGAAAA,466
AGAAAGAGAAACCGAA,465
AGCCTTGGCTAATGAA,465
CTAGCATATAAGCTAT,465
TTACCACATGTAACTT,465
AAGGCATGAAGAAGGA,464
GACTGAAGCCCGCAGA,464
ACATCGCGCTGGACAT,463
CAACAGAAATTAAGCA,463
CTATATGAGCCCCTAC,463
GAATGCATTCCTTCAG,463
GCATTGGTAAAAGCTA,463
TTGTTAGATATAAATT,463
ACAAAACAAAGCTTAA,462
ACTGATCAACTCCGAC,462
ACTTACACGCTTCTGT,462
GTCATTCGTTTTAATA,462
TGATTATTACGTCTAT,462
TGTCTTAGTCCTTATA,462
TTATTAACAAACTAGA,462
AAACATGGAGTGTTAA,461
ACGTATTGAAACACGT,461
ATCTATAGATTGATAA,461
CAACACCACATAACAA,461
TTACTAAACTACAAAT,461
AGAACTAAAGCTCGTA,460
CTCGGACGCGGCCTAC,460
TAAATTAAATGAAAAA,460
TTAATCAAGACACTAT,460
ACCGGTTCAGCCCCAA,459
ATTACCAAAAACAAAA,459
CAGCAAGTTTAGTTGT,459
CTGAATCAAAATTTAG,459
GATTTTCAACAGCAAC,459
GGAATAGTAAGATTTA,459
GTCGTCGTCCTAATAA,459
GTGTCCCCCACAGCAG,459
TATTGCACCATCATCC,459
AAAATAACAATTATAA,458
ACCATGACACTCTATC,458
ATGAAGAACCTATACA,458
TCCACCTTGCTAAATT,458
AAATTGCAACATAATC,457
ATTCGTGATGAATTAC,457
CCCCCGTCAGTGGAAT,457
CTAAACACACAAACCA,457
TCACCTAAAAGACCTG,457
TGTATCTAAGGAACCG,457
AAAGAACGTTTTGATA,456
ATGGTAACCAAATTCT,456
GGTGTAAATACCATAC,456
TCCGAAATCAATACCA,456
AAACACAACACGGTTT,455
AATATAATATCATTAT,455
TCTAACAAATTTACGA,455
TAAATGTAGACTAAGA,454
TAGACCCATAATTTAG,454
TATATTGATTAGATTG,454
TGTAGCCTTCATTCCA,454
TTAAGACAATATCTAC,454
TTAGTATCCATGAGGT,454
AATTATACTACAACAT,453
ATTACTTATTATGATA,453
ATTCTTACAAAGTCCA,453
CCACGCCTAGAAAAGT,453
GAAGCTCAAGCGCAAA,453
TCATATTTGAGATAGA,453
TCGTTTTAAATACCAA,453
TCTCCGTGTCTACCAT,453
ATACCTTTCAATAAGG,452
ATGATATTATGCTGAT,452
AACAGACCCTAAACTG,451
AAGTATGAAACATACA,451
ATCTGTTATACGTCTC,451
GTAGCGACAGGATCAT,451
AGAGTCAAGACTGCTA,450
CCAGAAAACGACGGCC,450
CCAGCGTTTTCACTAA,450
TAAGAAACCGAAATGA,450
TTTAAGTTACCAACAA,450
AGTCTTATACCATTCA,449
CAAGAAGTAACATTTG,449
CGAAACTACTGGACAC,449
TATGTCTATGACAACT,449
TTACATTCAGCCCTGA,449
AGGATAACAAGTCATA,448
CAACCACTCAAAGCTA,448
CAATATCATTCATCTG,448
CATCAACTCTAAACGC,448
TAATAACTACTGTGCC,448
TGATATTCAAAGGGAC,448
TGGTCCATAATAGGCA,448
ACAGGACGATAAAGCA,447
AGGGACCATATTAAAT,447
CAGGATAGAATATAAG,447
GAGGCTTAGTATACAC,447
GTAGTAAATTAAGAAC,447
AAACAAGGGAATACGC,446
CGAACAGGCGACTATG,446
TTAAACGCAAAGACTC,446
TTTCAATTGGGATCGT,446
AGCAAATACCCGGTGT,445
CTGAATCGGAGAAATT,445
CTTACACGAGAGAGAA,445
TCGGAGAGGGCTATCC,445
ATAGGATATTTTATAT,444
CAAAGAAAAATTATTT,444
CTAGACAAAAATCCGG,444
CTCAGCATAGACATAC,444
CTGAGTGTCTACCACT,444
GTGGATGAAACGAATT,444
GCAGTCGAACGCACAC,443
TGCTTTCTAGGCCTTT,443
AACTAATATAATAGAC,442
AGACGTATAAAATTCA,442
CGACGTATGCGCAGCC,442
CGGATGCCGACGATCA,442
CGTAACAAGATGAAAA,442
CTAGAGTACTGTACAA,442
TAAAATACTTCGACTT,442
AACACGAATTCCTTAA,441
AATTTAACTTATACCG,441
ATAAATACAAAGCGAA,441
ATAACACATCAGATGA,441
TAAATAGAATATAGTC,441
TACTGGGTATTGTGAA,441
TTGAATAAAAAGCAAG,441
AACGCGGACAGAAAAA,440
ACAATACTACATAAGT,440
ATAAACGATGTATGAT,440
GATTGAACAAATGACA,440
AAATTTTTTAAGACCG,439
ACTAACAAAATATGTC,439
ACTATCAGATATAGAA,439
GATGTCCAATTTCTAA,438
GGCCACGACAGGTTTC,438
GTTAGAGACAAACCCA,438
TCCAATTGATAATACA,438
CACCAAACAGAACTGA,437
TAGAAAATCTTTGAAA,437
TCTATATTATAACGAC,437
TGAGCATAAGTGTCCC,437
TGATAATAATAGTATT,437
TGATACTCTATGAGAC,437
AGCAACTGAAAGAATA,436
ATAATAAACCATGTCC,436
CTGGCTACCTCACGTA,436
CTGGTTCTGAAACCAC,436
TATAAAAGTACATCAT,436
TATATTAACAAGAAGA,435
GAGAAGCATAGCTGGA,434
GGAGCAAGCGTTCTAG,434
TTAGTTAGATTGTATC,434
CCCAGACAACTTTATC,433
GAGCAAATGTCCTTTG,433
AAATTTGATATACAAA,432
CAAACGAACTTCAAGT,432
CACGCGCGGCCCGGAG,432
GCGCGGGTGTGAAAAA,432
TATAAATGACGCTTCA,432
CGTTATAAATAGACGA,431
CTGTCTTCACGTCCTG,431
GCACCTCCTTCCAAGA,431
GGAGAAGTTCAACATA,431
TATTAAAATAGCATTC,431
AAAACCCGATTCTAAA,430
AAAGTCGTGCATAAGG,430
ATTGGTTATAGCTGTC,430
CTAAGCAGACAGGTAT,430
TATACGTTCGTTGCAC,430
AAAGAGATGCGACCTG,429
AAGCCGCGAAGCGACC,429
AATGGTTGTACGTAGA,429
AGCGAAAACGGGCTAT,429
GAGTTCATCGAGTTCA,429
GTAACACTCGGTCTAG,429
TCAAGATAGGTCGTCT,429
TTACACTGTAAGCTCA,429
AAATCACACATAAATT,428
ACCAAACATGAGAGAC,428
GCCTCTAGACCAGTCA,428
GGTTATGCATCCCCAA,427
AAATAAATTAGACTAA,426
CCTATGTTGAAATAAG,426
CTCCCAGCCCTGCACA,426
GTAAAACTATTTATTG,426
ATTAAACCTCACCTCT,425
GAGTCACCCCATTACC,425
GTTCCCAACATCCAGG,425
TGTATGGCAAGTGCAA,425
TTCCTCCTAGAGCCCT,425
AATACGTGAGCTATGA,424
CCATAAACCAAAACGG,424
GCTCTAAAAAAGAAAA,424
ATACCACTATGTGAAA,423
ATTGAATTACTGAAAG,423
CATACAAAATTAAGAA,423
GAACATCCCTTTCACA,423
TAAGTTTGATTCCCTA,423
TACTACGTCGGAGCCC,423
TAGCAAACGAATTCCG,423
AAATTCAAGTTAGCGT,422
GTGACAAGAAAATTAC,422
AAATGTTTGTAGGCTC,421
AGACTGTAGACTGATC,421
ATAAAATCTGTACCAC,421
TCACATTATAGACCAA,421
TCCAAGAACTATGCCC,421
TGTAGCGTGTCAACAG,421
TGTCGAACGCAGGGTG,421
AAAACGGAGTCCACTG,420
AAACCTAATCATCGAG,420
AATGAATATATTAGCG,420
AGTTACATAATAGTCA,420
ATTAGCCTTTTACATT,420
TACGCAAACTCCGCTA,420
TTTATAAATAAAAAGA,420
AACACACTATGGAAAC,419
AGTAAACTTTACTTTC,419
GTGGCGCATTCTTTAC,419
AAGTATATGGAATCTT,418
ACATTTAACATTGTGA,418
ACCAAAATTCCAGTCT,418
AGGTACCCGCCCTTTA,418
ATCATGCCTAATACTC,418
CACTATAAATTCGAGA,417
CCATGTAATACTCCAA,417
TAAATCCATTGACCCT,417
ATAAAAAAAAAGAAGC,415
CAAACTTGCGAAACCA,415
TGAATAAAATAGGGAT,415
TGAGGTCCAACAACCG,415
ACGTCGACGCACTTCG,414
ATTGCCATTTAGTAAT,414
CACTTTACTACGGATT,414
GAGCATGCGAAATTGA,414
TTACTCACGTGAGAGC,414
AGTTTATAAAATCCAT,413
GCCATATATATAATAT,413
GTCCCGGGGGCTCGAT,413
CTAGAGGTCTGCCTTG,412
GGTCCCTCATTACAGC,412
TAAACTATTCCCTCGA,412
TAATAAATGCCAACTG,412
ACACACAGGACCCCCT,411
TTCAAATCAAGAAAAC,411
AGGGGATAGTACGGTT,410
CACAACGTCTGTACAG,410
TTATAAAATATACTTT,410
CAAGGAACGACGTCTC,409
TCTGTTTAATATATTG,409
ACACAAAATGCCAGCT,408
ATTAAAATGAACTTGT,408
CACCACCTCAAAGTCT,408
CGACGGAAGATAAACT,408
GCAGTCTATCCAGAAG,408
TAAAGTCGATTACCTG,408
TACAAACAAAAACAAA,408
CCAAACTCCATGTTGT,407
TTAAGGCTTGGATTTT,407
TTGATTACCTTAGACT,407
CGTATTATCAGTGTGC,406
TAGATTCCTCGTAAAT,406
ATAAGTAGAAGCAAAC,405
CAACGAACATCCGTAA,405
CGGAGTGAGCCAAAGG,404
GATCAGACATTAGTAC,404
GCGTATAGAGCATTGA,404
TGACCGTGAACACGAT,404
AACTCAGTCGTAAAAT,403
ATATTCAACTCGCCAG,403
TATCAGTACAAAGGGC,403
ACTTAAAAACCAATAA,402
CCGGCGCAGAACTAAG,402
GGGAAGGAATTTACTT,402
AGGGCATTTACACGTC,401
GAATTCGACATATAAA,401
TACACGAGATCGTAAG,401
AAAACCATATGGCAAT,400
ACCAATAGTACCAATA,400
TCAGATAGTGCCACAC,400
AGTTTACTATTAAAAA,399
ATTATCGCACAGCCAC,399
GCATACCTATCGATAA,399
CCGGGATTCTAAAAAT,398
CGTCGATGAAACATTC,398
CTAGATCTCCTTCAAA,398
GCTATAAAGATGGATT,398
TTTGTACCTTATACCC,398
AATAGACTCCCGTGAC,397
TTAAGTAGATAACTAT,397
CAGATCTCTCACGTTT,396
CCTTCTTCATTCACCA,396
GTTACCAAGCATCGGC,396
CAGAAACGTCCTGCTC,395
CTTTTACATAAAATGA,395
GAATAATTGGCGCCCA,395
TCATATATGAACCAAG,395
TCGCGAAGCTTATCAT,395
AACACTGTAAAGCTTT,394
ATCACGGTATTCAAAC,394
CTCGCCCCGTGAATCC,394
CTTAGCTAATAAAAAA,394
CGAGCATAATCACTCA,393
GAACAAGCCTATGACA,393
TAAGCAGCAAAAGAGG,393
TACACGCAAAAACAGA,393
AGTCATGGAACATAAT,392
ATACTTTTTCGAATCC,392
ATGCGAGCGAGCACTA,392
ATTAAAATCGATCTTC,392
ATTATAATAAAAATCA,392
CATGCCCATAAAATTT,392
GTCCAGGTGTAGATTC,392
TAAAACGAGAAAGATC,392
TAGCTGACGCTGAAAG,392
ACAATAACGTATTCTC,391
ATAAAAATTATAGTCT,391
ATCAGAACTCCGCAAA,391
CCATCTTATTGTTAAA,391
CTAAATAGTCAGCAAA,391
GCATGTAAAACGAGAT,391
TATGAGATAAACGCTA,391
TCTAACTGCCTATTTG,391
ATGGAATGTTATAACG,390
ATGTGATCACTTACGC,390
GATAGTAAGAGCAAAT,390
GCAAAATATATGATGT,390
TCTAGTGCTTAATTAA,390
ATATCAGGATTCTCGT,389
CTGACTGAGGCCCTCT,389
TTAGCCTGGGTATAAA,389
TTATGGACTAAACCTA,388
AAATACGCTTAAAACT,387
ACCCTAGGCGATAATT,387
CTTAGTCGGCCCTTTA,387
AATGCATTAAGGGAGA,386
AATTAAACAAGAGGCT,386
CATCATTACCAGAGCT,386
TCCTAATAATCACGAC,384
TTCACTCTAACAGGGC,384
TTGCCCAAAACCCCTG,384
AACCAGAATGTAAGGG,383
ACGCAAACTACACAGC,383
AGCCTTAAAAACTAAT,382
ATAAATGAAAGAACCG,382
ATGTTTGCGAATTACG,382
CATACCTCGATTCCCG,382
GAGGAAACGGCTACAT,382
TTACTACCCAACCCAA,382
AAATAAGGAGGAGGCT,381
AGTGGCACACCTAGAT,381
ATTGAAAATAAATAAA,381
AAAAGTCGTAAACATC,380
AAGGGCTTGAGACTTC,380
GGCTCTTCATTGAATC,380
TGTTGAATATAATGAC,380
GGCCCCCACAGAAAGT,378
GGTCCACAGCTTCTAT,378
TTTAAAAGTTATTACT,378
AAAAAAAGCCAATATA,377
GAGATAACTCACCACT,377
GAATCCCCCCTAAAAC,376
TCTAAAAAATGAAAGG,376
CAGATAAGAAAGTTAA,375
CTCTGAAGACAAAAGG,375
GGTTTCATACACCAAA,375
GTAACAGAACAGTATC,375
TTGATGATGTTCTCAA,375
TTTACCGTTGTTAAAA,375
GGTGCTCCGAAACGTA,374
TATAGTCCTATCATAG,374
AAAAGCAAAACTGGAA,373
ATAAATAAGTGGATAT,373
CACACAGTAATAGGAA,373
CGGCTACACAATGAAC,373
GCATTGATCTTACACA,373
TAAACTTGCTTAAGTT,373
TCCGGGCTTGGGCACT,373
ACAGGCAATATAAAGA,372
AGCATTTGAATTTCTC,372
GAAAGATTCATCCCAT,372
GGCGTTCCGACCATGC,372
GGTATGAAATATATAT,372
CGACCGACGTAATAAA,371
GATGATATTATAACTT,371
TGTTAATATTTAGGAT,371
AACGTCTCATTCAAGA,370
ACATTAATTCTCAATA,370
AATGCACGCATGATAG,369
CCAGAAGGACCGAACT,369
GAGGGTTACCTCCGCC,369
TACTAAACTTCTAGCT,369
AATTATAAGTCCTAAA,368
AGTAAAATATATATAA,368
ATAAACGGTAGCTAAA,368
CCCAAAGAACTAAAAA,368
GAACTTCGCTTTAACA,368
GACTCGCATCTAGTAC,368
GCAGGTCCTACTAGTT,368
GCTCTATACCCCTTGA,368
TTATTGTAGAGGATAT,368
AATATTAAATCAATGA,367
ACTGACAGTTTAGGAA,367
TACCGTGACAAAACAG,367
TGTTGAATAAGTATTA,367
CATTCTGTGCTACAAA,366
CGCTTAGGAAAACTGA,366
TAGAAAGTTTGTCAAC,366
TGAGAGCTATCGAATT,366
TTTGGACGAATTAATC,366
AATTAATGACATAACT,365
ATGATGATATTACACG,365
ATTAATCAAACCCGCT,365
TCATAATTCAATAATT,365
TTCCCCAACATCAGAT,365
AACCCGAAAAACCTAT,364
CAGAATAATTGCATCA,364
CGCCTAAGAAAGATAT,364
TATTGCACATCAATGG,364
TTAAATTGAATTAGGG,364
ACCGAACAACAGTGCA,363
CCCTAGTATGTCTATC,363
CTAAATGCTATAGAAA,363
GAAACACTTGACAAAA,363
AAATTATAAATTTAAC,362
ACTGACCCACGCAGCC,362
GTTAATAAATTGAAGA,362
TTTTCGGTAAAGTACG,362
AAATTAAAATACTGTT,361
TAGTCACTGGTTTAAA,361
AAAATTGAAGTACTGT,359
AACCTAACGAGGTCTT,359
AGGATTAATGAGAGTC,359
ATCGAGCGTGATACCC,359
TCAATATACCCGGGTA,359
ACGCTTCTGCACACTG,358
CAATGCACATAAATTA,358
CCGCAATGTGATAGTA,358
CGGACAAACTACAATA,358
ACTATAAACCACTTAA,356
ATTCTCCCCTATATAA,356
CTTGGAACCTTATAGA,356
AAACGATACGCCTGGA,355
AACACCCCACGCGACC,355
ACTGAAGTCGTAAAAT,355
CAAGACAAAGTCTAGG,355
TATAAAAAAATAACCT,355
ACAATCCAGAAATAAT,354
CAAATGAACTAAAATC,354
CGATCTCATTGCCACG,354
GAAGATCTGTGTGAAA,354
ACATTGCTGATGGTCT,352
GGAGAATGAGTGACAA,352
TGTTGATATTTGTGAA,352
AAGATTAGGCGAATTC,351
AATAAACTAGGATAGC,351
ATACCAAACCGGCCAA,351
CGACATGTCTTAAAGT,351
CTAGGAGTTTGAACGT,351
TAAGAAGTTCGTAATC,351
AGTAGTGAAAATACAA,350
CTATAGCTGTAATGCT,350
TTAAGCTTGATGGTCT,350
AACATTAAATGAAGAC,349
ACAAGAAGAAATTAAA,349
ATCGTGACAAAGAGTT,349
CAAAGAGCCTGTCTCA,349
CACTCCGCAGGACGTG,349
TTTACTATGGCTTGCT,349
AAGTTACTATACAACT,348
ATAAATAACCATAGAT,348
ATATCCACCAATAAAG,348
ATCAAAGTTAAGACAA,348
ATTAAATGAGGAACTA,348
GAGAGATCTTGGAAGG,348
TACCAACCCTCACGGA,348
TATCCCGCGGTAATGC,348
TCAAAAATTTCAATGC,348
TTTAAATAAACAAAAC,348
AGAGGAGGCAGAAACG,347
CTGTGCTTCATTCTGA,347
GAGTGTTCTTTAATCG,347
GATTGCGGTAGCCTAA,347
TATAGCTCAGAATAGT,347
AACACATCAAAGGCAC,346
AACATGTACTAAGTCA,346
TCTAAGACATAAGTCA,346
ATAAAGAATACCCCAA,345
GATGCTCGACAGAACA,345
GGGGACATTATAAAGT,345
TGAATCCTTAAGTTAC,345
TTAGGCACTTATTTCT,345
AACATGGTGACCCGCA,344
AGTAATTATCTCGCAG,344
ATTACAAACAAGCGCA,344
TCTGCCAAAGACTCAC,344
TTAGTTGTTCTTATTT,344
AAGCAAAACAGAATCT,343
GACAGGTATTAGCTCA,343
CTCCATTAACTGTCTT,342
GATTGCAAAAACTACG,342
TCATTCCATTATCCCA,342
TGATGGCTCCGCAAAT,342
TTTCAAGTATTAGCAT,342
AGATAACTGCTCGAAC,341
ATGGGATAAGTTAGTT,341
ATTACAAACCCAAATC,340
CAGACCCGGGTGAAGA,339
CTTGGTTAAAAACAAA,339
TGTCTTTTCTTCTGAA,339
AACCTGTATAAAATTC,338
TGACAATAGCGAATAT,338
ACAGATCAGGCGAACC,337
ATAAAACTATCAAATA,337
GAGAGATAAGCTGAAA,337
TACTTAGAGCTCGTTA,337
TAGTATAAGACTAGAT,337
AAATAATACAGACAAT,336
CACCAAAAGGCAATAG,336
GGAGAGAACCGCTAAT,336
CAAACGGTCACAGCCC,335
GCAAGATATCATTCAA,335
ATACTTCCTCAAGCAA,334
CACGCAAAAGTGCATT,334
AAGGAAGGTAATTCAG,333
CCTTGGTCTTGAGACC,333
CTTTCGAGATTGTATC,333
TATTGACCATAATGCA,333
TTAGTATCTAAACACC,333
CTAAACTAACATGTAA,332
GGAATATGTCTCAACG,332
TACAATCAAAAGGGAC,332
ACTTGAACTAGGTGAA,331
CACAATCTAGTTCCTT,331
GACGCTAGATCAGCAC,331
ACTTGATAGTTTACAA,330
AGCGGTTGCATTTGCA,330
ATGAGTTGTCCAAAAT,330
CTCCAATAACCAACTG,330
ATCTCTGGCAGGTATA,329
CGTTTTCTGAGGATGA,329
GAACTGCAGATTTCAG,329
TAAAAATTATTCTTTA,329
AGTACGACACACACGA,328
ATATACCTAAAGAATT,328
AAGTTCTTACCAGTCC,327
AACTCTTCTGTCGATT,326
TGGACTATTATATAAA,326
AAATAACATGCCGTAT,325
ACATAATCCCTTCAAG,325
CCAAACCCCTTACGAA,325
GCATCAATTATAATAG,325
GCCGTACACCTACAGA,325
ATTTAAAAAGTATAAT,324
GGCTGTATTAAATGTC,324
TCGATGAAGCACACGA,324
ATCACAAAAATCCTAT,323
CGGATAGAAATCCAGA,323
TTAACAACTTAATTAA,323
AAACTGGTACAAACTT,322
ACATTTAGTGCTATGA,322
ATAAGAATGTTCAAGA,322
GCAAGCGGTACCAAAA,322
GGCAAAACATGAACTG,322
ACTTCGTAAAATTCCT,321
GACGGATATTAGAAAC,321
TTTTACCGTGCCCAGA,321
AAAAGACCAGTGAGTT,320
AAAGGAGTAGAGCACT,320
ATTTGTATCCGGTACA,320
GGGTCACAAGGCGAAT,320
TGTGCGGCGCTCATAC,320
GCCACCATAAGATTTT,319
TTACCAGGTTTTCCAT,319
AGGGACGTCGAGACGA,318
GACTAAGCGGATAACT,318
TTCAGCATTACAGACC,318
GACTAGACGCCCTTGA,317
GAGATTATGAAGAACG,317
TAAAGTTATCCATAAA,317
TATTTCAATAGGAAGA,317
TGTCATGAATACTAAT,317
ATGGCCGTAACAGAAA,316
CCAGATAAATATACCT,316
ATTGAAAAGATGGTGA,315
CTTTCTTTGAGATTCT,315
GGTAAAGGCCTCACGC,315
TAATAATTTTGATTGA,314
TACAGATTTGATGAAA,314
TACTGACTAGCACACA,314
TGAATATTCAAAAAGC,314
CCAGTGGGCTCCGAAC,313
GTATTAATGTATATTA,313
CTGCCTCGTTCTTATT,312
TGGGCTACAAAAGATT,312
AGTTGTATCTCGTGAA,311
CAACTAAGAGAAGCGA,310
GACACTAGTTGGTGCG,310
ACTTACGACAGACAGG,309
AGCAAACGTAATCTGC,309
AGATCAAAGCCTGAAA,308
ATCTAAGCGAAAACCA,308
GGTATACGATATCACG,308
AGACGGAAATGGAACC,307
CAAAAGCAGGACAATC,307
GGCACTAAATAGAACA,307
TGGCACCTTACATGTA,307
TTATGATGCATGCGCA,307
TAGCGGAACTCGTAAA,306
ATCCGACATTTTTACG,305
CAGACCATACGCGATA,305
CTGCTGTGCCACTTCA,305
TAAATTACGCAGGAAA,305
TCAGTCAAATGCAGTG,305
ATAGCGATATTATTAT,304
ATTACAGACAGCCGGT,304
AAGTATGACAAATTTT,303
ACTAGACACAAGCTCA,303
GTAACCAATAAATCAC,303
TGGCGAGTCTGTTACG,303
AAAAGGTCTTTGACCG,302
ACTTTCAAGACATATA,302
GATGAAGGAGAGCAGG,302
ACTTCCCGATATATAT,301
TATAAGATTTCAAGTA,301
AATGTGTAGATTAAAA,300
GCGATGCTGATAACCC,300
CGGCAATGAACACCTT,299
GCCGGATGTAAGACCA,299
TATCCCTTTACATGTA,299
AAATGAGATTCTTAAA,298
CTGGCAAAAAATATTT,298
TTGAGAGTTTTATGCA,298
CGCCAGAAAACAAAAT,297
TCGTTTCTAGGTCCTA,297
TGCGCAGGTGATTCGC,297
TTGACTAAAACATGAA,297
CGTGCTGTCATAAAAG,296
GGAATTCGGAAGCAGC,296
TAATCCATATTACATT,296
TCCATGTATCCATGAA,296
CTTTCTACAAAACTAC,295
GACCTTCAACACTTAA,295
GCGGCAAAATACTAAA,295
AAATTCCTTCATCAAT,294
AGACCAATCGGTCCTT,294
ATTACTGCCATCATGC,294
CTCTATATATAAATAT,294
GAGGAGACTATATACA,294
ACCTCGCGTTTGTCAC,293
AAATGCACGCAGCCGA,292
ATGCTAACGAAGAACC,292
TAGCAACCTCGGGGCC,292
TATTAAGAAGTAGGAA,292
TTTGAAGTCGCAGAGG,292
CGAGGGCATGTACATA,291
TAGCGGTTTACCTACT,291
TATACGGCAAATAAAT,291
TTCGAGAACAAGTAGC,291
ATGATAATAGCTCATC,290
CAATCAGCAGTCATCA,290
GAATATTCGCTAAGTA,290
TTCAAAGGAACCAATA,290
ACCAAAAAAAAGACGC,289
CATGGAACATACAGTT,289
CCAACCAAGGAGTAAT,289
CTTCGATTTGTCTTCA,289
CCCAACTTGGGACACA,288
GCCAGAGAAGACACCC,288
CACACCTACCCGAGTG,287
CACCACAACGAGGTGA,287
CTAACCCTCATCCCTT,287
CTGGATCACTTAAAAT,287
AAAAGTCCCCCATACA,286
CACAGACTATGAGAAT,286
ACTAAGCCACAGAAAT,285
TACTCACCATACAAAT,285
TTGAATAAATCTGTTC,285
AAGAAAGTCGAGACAT,284
CTAGAAAGAGATGATG,284
TTACGATTTATATATG,284
AATATCATCCGTCACC,283
ACGGTGACAACTGCTT,283
TCCGTCAATACTCACG,283
TTTTTGACTGCAACGA,283
CAAATGTTGCTTGGAT,282
CTTCATCGCGGACCTC,282
GATAAAGTCCTTACCG,282
TACCATATAAAGTCTG,282
TCGATATAGTTGAGCA,282
ATTATCAAAACCGAAC,281
CCGGTGCTTGCCTCTA,281
GTAGAGAGTAACAAAA,281
ATAGGACGTACTCTCG,280
AAACTAGCACTACTCA,279
CTCTATTATAAAAATG,279
AACCGAAGTTGACCCA,278
CCACGAAAAAATCAGC,278
GTATATTGCCAGGTGC,278
ACGTAACAACGAACTC,277
GCGCGCTTCCAAGGAC,277
TATTAACAACCCAGCC,277
TATAAACTACCACCCC,276
TTTGTGTACTAGCTTT,276
CCCCTCGGAACACTAG,275
CTTTTCCCTCTGCTTA,275
GGCGAAATCGTTTAAA,275
TCCAATTCGCAATGAA,275
TTGAACAGAATTAAAT,275
AAACTCTTTAACAAGG,274
ACATCGGTATGGGGAC,274
TAAAACACCAGGGCAC,274
TATGTGAATGCAGCGA,274
AGAGTGTTTAAGAATG,273
CCTTATAATCCCTAAA,273
CGTAATCTCCCATTAA,273
GAGCAACTAGTACATA,272
GTTAAAACTGTCATAC,272
TAACCTACACACCTCA,272
TTCCTATAGCCTTAAG,272
CATTAATGAAAATTTC,271
AATTAAGATGAGGTAG,270
CTACAGCGTCAGATAC,270
GGTAGGATAGATTCGT,270
AATAGGGCTACAGCAT,269
CTTCCTATACAAACTC,269
GGAATTTTAAATTTTA,269
TCTCCTTTATACCTAG,269
AAAAGTATTTAAAGAT,268
TAAATACTCACTAATG,268
TCAACAATGCTGTTTG,268
TAGGTCTGTGGAGAGG,267
AACATGATTACATTAC,266
GATGCCAATTTAATTA,266
GAATTTAAGAACATCC,265
TATAAATATATTTTTT,265
GCAAAGCGAATTTACT,264
GTCCGTCTAAGTCTAT,264
TACGGGACCCGTGGAC,263
AATTTATAGTAAAAAA,261
CCCTGACAAATATATC,261
CTAAAATATCATCCAC,260
GCAAATAACTTGTATC,260
CATGACAAAAAGAATA,259
TTCTTATGGTCCTTAC,259
CCTTAGAAATTAAATT,258
CTGAGAGCACCTCGAA,258
CTGCTATCTAACCAGA,258
CCTTTCCTATTGGACT,257
CCACTGAAAAACCTCC,256
CCGACTATAACAACCC,256
TCCTCGATTTATTAAC,256
TGCTCATACAGGCATG,256
TCCAAGTTATCATAAT,255
AAGTTACACAGCATAC,254
ATACGTAAATATGCTC,254
ATCCGAGCAACGTTCT,254
CCGGCGTGTGCTATAT,254
CTGGAGTTCAGATATC,254
GTAGAAATAGAATAAA,254
TGATATAACAAACCAG,253
TTTCTGCTTAAACGTT,252
ACATCAATACAGTTAG,251
ATAAAATCGAACGCCG,251
GACCAAGGTATTTTGT,251
GGTTCCCAACTCAAAT,251
CCATTCACAAAACTTA,250
GTGATCGGTCTAACAG,250
TGGAAAAGCACCCGTT,250
AAACAGTAACATTATT,249
GATTATACGAAAACCC,249
GTCTTTATATGTCAGA,249
TCACATCACTTTATAC,249
TTGCGTGTCAATGTTA,249
AGCAAAAACTAAATCT,248
CCAATAAACACAGGAA,248
GAAAAACAACGCCATT,248
GAGACCGGGATGGGCT,248
TCATGAAGGCAAACCA,248
AATAGGATTTATACAA,247
GGACATGACCTTTCCA,247
ATATAATGCACAAACA,246
GAAGAGTATACTAGCT,245
GACTAGGTCCCTAACA,245
TATCAGACAATGGGGC,245
AAAGAAGCTTTATGTT,244
CAGTTGACAAAATATT,243
AAAAAAAAATGTTATA,242
AGATGAGAACGAAAAG,242
AGTTCTTGTTTAAGAT,242
CATTTACCACTGACGT,242
GACTTGTGATCAATAT,242
TAGGGGCGTGCCTTGC,242
AAATGTCCATGAAGTT,241
ACCGCCCACGCACAGC,240
TAAACAATACATGATG,240
TGTGGCTAAATTATCA,240
TTAACTCAGATGATTG,240
TCTCGATAGCAACTGA,239
ATTCAAATGATTCCTA,238
TCATTTGGAATGGAAC,238
CACTACAAGTATGCAT,237
GACAATTAAATCCTCT,237
CACACCTACAGTAACA,236
GATTTTCGACGCTCAT,236
CGAATAGCATAAAAAT,235
TATTACACAAGTGCAG,235
TCTACAACTGTAATCA,235
AATGAAACACTCTAGT,234
ACAACAATTTCCTTGA,234
CCGAGCTCATACTGAA,234
CTGAAAATGTAGCTAT,234
AAAAAGAATGACACTT,233
TCATTTACATTGATTA,233
AACATAATATTAGAAG,232
CCCCTAGCAAAAGTAA,232
GGATACCATTTCTACG,232
ATCTGTAACTGGAACC,231
GATAGAAATTCGGATT,231
TTTATATCATTATAAA,230
AGATACTTACATATGA,229
ATAAATTAAATATGTA,228
TAGGATTTCACGGAAC,228
ACTTTAGCAAAGTCAC,227
CATATCATACCGTATA,227
CGGTGATAAAGCGTCT,227
GGATACATACCCTGAC,227
TATAGTCCTGACTGAA,227
TTAAATAAAAAGTCAA,227
GTTCGCCAAGAACATT,226
TTAATAATAATGAAAT,226
AGATCGACCAAGAAAG,225
CAATAAGGCCAACAAC,225
GGAAACAAGCTGCGCG,225
GAAAGTAAGAAACCAA,224
ATGACAGTCCTCGAGT,223
CGGTTTAGACATGTCC,223
GAAAAAACGGGCATTT,223
ATGCATTAGATAAAGC,222
CGTATAAATTAAATTA,221
GACAAAAGGAATACTT,221
GAAATTAGTCTTTCTT,220
AGTCACAGAAACACAG,219
GGCACCCCATATTATG,218
AACTATCAACAGCATT,217
AATTCTTAAAAACCAG,217
ATATATCTGAACCAGG,216
CTCAATCGCAATGACC,216
CCCCCGTATAAACGTC,215
AAGAATAACAAAGGAT,214
AATATTAAAATCTTTC,214
ACACATAGATCGGCCG,214
CGGCCCATACGTACTG,214
GTGGTTCCGTTTGCAT,214
AAATAGTAATACTGCA,213
TCCAAAGGCAGTTTCA,213
GCAAATTATATCAAAT,212
AAGGCAAATTATAAAG,211
CTTACACTCCCGGTTA,211
TAAGAATATTTAACGG,211
TTACATCAGACGCCTA,211
AGGCTAAAGTTCCTCG,210
ATGTATGCTGTAAATA,210
GCGTAATTCACCTAAC,210
GGGTCAACGCTCTAAG,210
TAAACCCCGTTCGGAG,210
TTAAACTTATATTGCA,210
GAAGTCTCCTGAAAAG,209
GTAACGGTAGAACTCC,209
TCGTTTTCTAACATCC,209
ACATACATGGAAATAC,208
ACCACACGAACCGCAT,208
TTTCCTTAAACTCCCT,208
ACCCTGTCGAATAAAT,207
CCAGAATTCGCACCCC,207
GACTAGGGCTCCCATA,207
TCAAACCCTACTGGCA,206
AACTACACAAAACCAC,205
CTAATTATATAAAAAT,205
GCACCGATAACCTTGT,205
TGAATATCCCGAAAAC,205
TAATATCTGGTAATTA,204
AGTGAAGACCCGATAA,201
ATTATGTAATCAGATC,201
CGGCGGTCTTATGATG,201
GGGCCTATTCGATACA,201
AAGATGATACTGGACC,200
GTATAAAAACCACCGT,200
AGGCAAAAGAGCTAGA,199
AGTCAAATCAATTAAT,199
AATACTCACCAAAACA,198
AGATAATCAATTGACT,198
TATACACCCTGCAACC,198
TGAATAAATAGTCTAG,198
CGATTTCGTTCCCGAC,197
ATAACGCATAAAGTTG,196
ACAAAAAGTAATGCTC,195
ACTATAAGGCTACTGG,195
TCTCTCCAATTACCGC,195
AACACCAACACGAACT,193
AAGTAAGTAGAAAACG,193
AGCGCAGTTAGAACCA,193
CCGGGGCACCAAGAGG,193
AGCAAAAAGATTCCAT,192
ATGTACTTAACATCAA,192
AAAATGGTTTATAGAA,191
GCGCCAGACTGATGTG,191
AGTAACCCTAAAACCA,190
CCCGTTACACTGGTCC,189
ACCGGAATGCTGAGAG,188
CATAAAATCAATTCAA,188
ATCTGGGTAATTTATT,187
CGCGACTCTTGAATAT,187
TCTCGGACTGCCGTAT,187
CTATGCACATGTCTCG,186
GGTTTATTTACCGCTC,186
TTACCTGGACCAAACA,184
AAATAATTGAAAACGG,182
ATAAATTGCATTAACT,182
TTGCCCAAAAGGAATC,182
AGCTACGATTTTCAAA,181
TAAAGCACTACAATAA,181
GCGACATCAATCCGAC,180
GCGAGCCGAATTCAGC,179
ACCGTGAAGTAAGCCC,178
AAAATGCGACATGGTT,176
AAAGTAAAGCCTATAT,176
CAATTAGTTTGGCAAG,175
GATCTACGTGAACATC,175
TGTCTACTAAGTAGCG,175
TGAATTTCTGACTCAA,174
AAAACGCGTCACAATG,173
AAACCACGATTCAGCT,173
AAAATGTATAGTTATC,172
ATTATTCGAGTACTCA,171
CAGGATAAATCCAGGC,169
GTTCGCATTACCAAAA,169
AAAAAAACAGGGGCCC,168
CCCAAAAAACTCAGCG,168
GGTCATTCCTGACAAG,168
AACGGTATGAGATCGT,167
CGAGAGTATTACCCTC,167
AAAACATAAAGTCCGA,166
AACAAGAAGCCGCAAA,166
ATATCACACTAGGTGA,166
CAAAAAGTCGCACCGA,165
CGTATCAAGGATATTC,164
GAAGTTCATCTGATCC,164
TCAGTCTTAGAAAGAA,164
TCTGCCGTTTCCTGGG,164
AAAACCTTAATAAGTT,163
AGACACACACGAACCG,163
GAAGGTCAATACAAAT,161
ATAGAGGACAGAACAA,160
AAAGCCGTCCATAGCC,158
AGTATCATGAAGTGTA,158
ATATACTCTCTAACAC,157
ATTCCTGAACAACCAA,157
TCACAGCCAAACGAGA,157
AGGATAATATCAAAGA,156
GATCCAACATAGAATC,156
ACGAACAATACATTAT,155
ATATCCTCACTGAAAA,155
GCTCCTAAAGGGTGAA,155
AACTCTTAAAAAATTC,154
ATAGTGGTACAAAAGG,154
ACAACAAATAGCCCCC,153
AATGGAAACAGATATA,152
AATTTAATTCAAGTTT,152
GCACATCGCGCATAGA,152
GCGCACCGTCAATTGT,152
AAAACGACAATCATGA,151
TATATATGATAGGAAA,151
AGGTAAAATGTATTGC,150
CCATCTAAGTACATGT,149
CGGAATCAGAAAGAGG,149
GATACCTTTGTAAGAC,149
GGAGTTCAATGCTATA,149
CTAAGTAACAAGTGTT,147
GGAAACTAGATAACTC,147
TTTTAACTTTCTACAA,146
CGGGGTCGAGAACGTG,144
CTGAAATGATCAAAGA,144
AAACGACCGGTGGTCC,143
ACTAGAACAAAAATCG,143
CAGATAAAGAAGGCCT,143
GATCACAACACAATGT,143
TCTTTCGGAGATTCGT,142
AAGGCATTAACGGAGA,141
AAGTAGTATCATCGCT,141
GCCAGCGAAAAAATCT,141
AATGATAGTCATCAGG,140
ACTAGTCCGCGTAGAC,140
CAGGGCTTCTCACTCC,140
GACTAGAGCTCCTCTG,140
ATCAGTACACTGGAGT,139
CAATGGAATCTAATAA,137
CATATTGACTCCAAGA,136
CTAAACAACACTGAAC,136
AAATCCGTTCTCAAGA,135
AGCGGGTCGTGGAGCA,135
GATCCGTACCAGGTGA,135
GTAAGAATACCCTATA,135
TAATCATCGGTTTAAC,135
AGTGTAATCTTCTTAA,134
ATGCATAGCAAACGGG,134
ATGGAAGCACTTTTCA,133
TGTGACAACTAAAGAA,131
CACAGACTGAAACGTT,130
GCCAATTATAGACATT,130
GTAAACATAGGAGAAA,130
ACCAATGCTAAAGAAG,129
ATCCGTTATAGCCATG,128
GCTCTGACTAAAAGAC,128
GGAACTTCAACAATAT,127
GCGCATTAAAATATTT,126
CCGACTGTGCGTTAAA,125
TATAAAGGGACGACCG,125
GGCACAAAACTTACTT,124
TATACACCTTTATCAA,124
CCCTGTTAAAATCCAC,123
CGTCATTTCCTGGCAA,123
AAAGACCTCTTTTGGC,122
CTATAGCACTGTTAAT,122
GTCATTAGTATACAAC,122
GACGAACGCAAGCACC,120
GGTTAGCACATAAAGA,119
TAGACCCAATAAATAC,119
GAATATTAAGGAGAAA,118
GACCCTTCTAGACCTT,118
TCCTCTGACGTTCACA,118
AAGAGCTGTTTGACTT,117
CAGAGATGACTCTGAA,117
TATATCCATAAACCCA,117
GGCTGGAAGGAACAAA,116
TTGACACGAATTAACG,113
ATATGCAAGAGAGCCT,112
CAAGACACAACTAAGC,112
TGACCCTATCTAATCT,112
ACCGAATACGTCCGAA,110
GAAGATCTAATGACGT,110
GAGACAAGGCTCCCCC,110
TAAACCTAGCATATCG,110
AACAATGAATTAAAAA,109
GTCTAGAAAGGATAAA,109
GAGAATACCTGATAGA,108
GCGGCCATGCGCGAAC,108
TATCGTTACTCACAAG,108
ATCGTGAGACAATAAT,107
AAAATTGCAGGGCTAG,106
AGAACAAAAGATCAAA,106
GGACCGATATAACCCG,106
ACTTATATGACAGCGA,105
TTAAATCGAGTAAAGT,105
ATTTGAAACTAACATA,102
CGGAATATACCGGGCA,102
TGAATACAGGCCAGTA,102
AAATTAACCAGGGATG,101
ATATTATACGTGGATT,101
GAGCCATACCAGCTCC,100
GCGCATTACTGCGCCC,98
TTCACGTACCTCGACT,97
TATTTTGCTGATGTCG,95
ATTGTCTAGTGCATTA,94
TTCATTACATGTACAG,94
CCTCACAACAAGCGAA,93
CGATGGCACCGTATCA,93
AAGGGCGAGAAGCGCC,92
CCTTATAAACATACAT,92
GATCATGAATACCTGA,92
AGGACTGACTACTGGA,89
AGTTGAGCAGGGTGGC,89
TAAAAGTCAATATATG,89
TATTCCCGTAGTCGGA,89
CTGGGGAAGCTGTGAA,88
GCGCTACGTCATCGCC,88
TGTCGCACGTTAGCAA,88
ACCGATTACACGCCCA,86
CTCGTTATCCGATAAA,85
GACCGAGACATACTAT,85
GGAACGATATAGTGAC,85
TGCAGTACATATAAAT,84
AACATAAACTAAGGTA,83
CAACGCTCAATTCAGG,82
TGAGATCAAACCATTA,82
AATGCGCTTTACCTAA,79
TCAAGTTAACATAACT,79
TCTAGAAACGTGAGAA,79
AGGCGGACCTAACCCA,78
CTCTTAACATTGTATG,78
GCGTTGTTGCCCCTTC,78
TATAACGATGATTGTA,76
TCGAGGATAACTAACA,76
TATTCAGAACCACTAT,75
ACAAGGCCCGTACGGT,74
GGCGGTATGGGAGTCT,74
TGCTTATTAAGAATCG,74
CGGGAACGAACCTATT,73
GATAGAGTGTTAACGA,73
TTGCTGTTTGTAAAAA,73
AATCTCTAATAGGAGG,72
CCCGTTAAGGAGTTGG,72
CTCATATAATAAGCGT,72
AGCTCCCCCACGTGGC,71
CCACTTGATGCCGAAT,71
TAACAGAGCTAAGAGA,71
TATCAAGCTTAGCAAT,71
TTCAAAGTGTAAGAAA,71
TCTGACTCTAACACTC,70
TGACAGTACAAAAGTT,70
AGGCCTGCACAATCGA,69
TCTGACATCTAGTTAC,69
AGAAACCTAGTAAGAT,68
CCTATCACCCCAGGTG,67
AACCAAACTCCCGGTT,66
CCTGACATTCAGTCAA,66
GCTACACAAGTAATAT,66
GGATCAATGATCGTAG,66
CAATCCTGTTAACGAT,64
CTAATGAGTAAAAAGG,64
TAGCCACTGTTACTCT,64
CGTCTGCATTACCGTA,63
TTAACCGACCCAAAGC,63
CCACAAAACCAAAATG,62
CTGGCTTTTCGATCGT,62
CGTATCGTTTGAGAAG,61
CTATACTGAACTAAGG,61
GACTACGCAAACAAAA,61
TTATCACATCATTAAA,60
CGAAACTCAGGCTTTG,59
TAAGCAAGGCATATAA,59
ATTGATTTCCTTTCAG,58
GGACAACCACTGCGCC,58
GAGCGCTCACCATTCG,57
AGCTTAAAGCAGATGT,56
ATGCGACAGTATCACA,56
CAGACCCCCGCCACCC,56
TAACTCTTTTTGCAGA,54
ATACTAAATTGCCCAA,53
GCGCTGATCCACCAAA,53
TTGATGTCAAGATAAG,53
ATATAATCTGAGACCA,52
AACTCACATAAACTAA,51
TCTATACCCCAGTTGA,51
TCTCTTTTAACTGTGA,51
CAAAACCAATCAGCAG,48
ATGCCCTAGTATAAAT,47
GACACTTTGGAAACCT,47
AAATGTTAAGGTGCCC,46
AACCACCCGAAAGAGT,46
TCAGGGACCGTAAACG,46
AGGACACAGAACAGAA,45
GGAGTGTAGCGCTATC,45
TCAAGATCTGAAAAAG,45
ATGTGAGAAAGAAATC,44
CAGAACACTCCTTAAT,44
TAGAATTACCGATCTT,44
TCCGTCAGTAACGATG,44
ACCATTCAAGTAACGA,43
GACATCTAACTACTAG,43
ACGACTAGACCTGTTG,42
AGGATTGTTTTTTCGT,42
CCCTTATAGCGGCGAA,42
CGGTAATAAACCATTC,42
GATAATAAATTTACAC,42
TATAGCACGCTAATTG,42
TCCGCAACGGAAAAAC,42
ACGAGTTATGATTATT,41
AGACAGGGACGGACCC,41
ATAACACTGAGCCCAA,41
CTTCAATATTGATACT,41
GGAGAATCCTAAAACG,41
ACGATGAGCCAAGGTG,40
CCGTACCCGACACGAT,40
CGTCTAAAATACCCAA,40
TATTCCTTGTCATGAA,40
CACTCGTATATATAAT,39
CATGACTAAAAATCCG,39
CCTCCCTAAATTGAAT,39
CGTAAGGATCGACATG,36
CTAAAGACGAATCAAC,36
TATGAAAAAAAAAGTA,36
TCCCACTTGGAAGAAA,36
AATATACAACACCGTG,35
CAACTCAACGCCACAG,35
GAACTCACCACCCAGG,35
GCAGTATTATATTCTA,35
GGAACATCGATTCCTA,35
CGGACCTGCCAACAAA,33
TTTGGTATATCGGCAG,33
ACCCATCCGTCCCCGT,32
AAGTTAAACACCACGA,31
AGACAATACATGCGTA,31
GATTCTAATGAGATTC,31
TACGTCGTTACGATAA,31
AAGTCTCTTACTTCCC,30
ACGTCATCTATATACA,30
CATTTTCCTCATCCGT,30
GGTGCTAGACAAACTT,30
AATTGTTTGTTGGTAA,29
GTGGGTAAGGATAAAT,28
TATGTAAAGATAACCC,28
TCACTCTAGACACAAT,28
ATTATATACTAAAACT,27
CAAGACCGTTCTGAAG,27
TACACGGCCATACTGG,27
AAATTTCGCAGAAGAT,26
AACAACTAAATTCAAA,25
CAAAAAAAATTTAACA,25
CATAACGAACAGCACA,25
CGTTTAGGTACCTATT,25
CTACCTCTTCCTTTCA,25
CTACTCCTTTTGTTAT,25
GTCCCTTGTGGACATA,25
TAAAACCTAGAACAAA,25
TAGTAGTACGGTAAGC,25
TGTAACAAAATACGGA,25
ATTAAGATTAGGAATA,24
GAACAGTATTAATGAC,24
AACAATAACAATAAAT,23
GACAACAAACGTTCTA,23
TGAATTCAAAACGAGC,23
TGACCAAAAAAAAAAT,23
AACCTAAAAATAACCA,22
AAGCAATATATTCAAG,22
AGCACTCGCTTCGCGA,22
CTGATATCATGTAAGA,22
GCATAACATGGAGCAA,22
CTACTCTACTCAAAAT,21
GATATGAATCTATAAG,21
TGAGTTAATTTCAGTT,21
CCCCATCCTCGTCGAA,20
GCAGGAGCATCGTATA,20
TACAATACTTTGGGCC,20
TATAATGAGTGGGAAA,20
GCAATATTGACACTAA,19
TATCGGTTCGATTAAT,19
TGTCTTGATCCAATAC,19
AAGACATCAACGATAC,18
AGAAGCCCATTGAATT,18
CGTAAACAGACAAAAT,18
GCTACAATAAGAATAA,18
GCTACGTCTAAACATT,18
GCTGAGGCCATGAAAA,18
GTTCGTGTTTCAGACT,18
TACACCTGTAACAAAC,18
AAAATTTGAAGTATCA,17
ACCCTGTATTGCATGT,17
ACTATAGGATACAACA,17
TAAAAAAAAACAAAAT,17
TATCCGAAAAGAAGTA,17
TCCATCGGACAACCTT,17
TCGTTAAAATCCGTAC,17
TTTATAAATGTGAATC,17
TTTATAAGCCAAGTGT,17
AAACTGACTAACACGG,16
ACCGCATTCACATAAG,16
CGTAGATCATCCCAAC,16
GTCCATGAAGGCTCCT,16
TAACGAACACACACCA,16
TTAATAAAGTTAAAAG,16
CACATAGCGCGCACCA,15
CACTTGGTGAGTCAAG,15
CAGCCCTAAGCTACCC,15
CGCTCGAACTTGCTGG,15
AAGCCGGAATCAAACC,14
ACTACTAAAAGTGTTA,14
ATATAGTAAGTCTGAA,14
CACCTTCATCAATATA,14
GAACTAGCATAATCTG,14
GCCAATATTTATAAAA,14
TTAGCTGGTGGGTCGA,14
TTCAGAGTAAACCATT,14
TTGTCGAAAACCTCGC,14
ACCGTTACCTTGAAGT,13
ATCCCAGTGAAGGTAG,13
CCCCTGATCAAATACC,13
GAAAAACCAGAATTCA,13
GCCCTACGCTAAGAGG,13
TTACGGAAAGAATTGA,13
CCGGTCATCATACGCG,12
GGATCTAACTAATGCG,12
TCTGTTACTAATGTGA,12
ACAAAAACAGAAGAGC,11
CGACAAACAATTTAGT,11
GATCAGACCGTACTAA,11
GGGGAAACACGGTACT,11
TTTTGAACCCTCACTA,11
AACATACAGAAAACAA,10
CGCTACCGACAAACAC,10
TAACAAACCGTAAAGG,10
TTAGATAGGAGCACGA,10
AAAAGTAAGGCTTCAT,9
AAGGAGAAGCGTATGT,9
AAGTGTTTACGACTAA,9
ACGTTAATTCTTTGAC,9
ACTGTAAAATGTACAA,9
ATAATTTTTGGGCAAA,9
ATCTAAAGAGTCGATC,9
ATTACATTTAATAAGC,9
CCATTTAGTTGACGCA,9
CTGTGTGAGATGGTGC,9
GCCCCTCTAGCGCCAA,9
TAACACTCAACCAAGG,9
TAACAGACTAGGCGCT,9
TAACCAAATATACCAA,9
TAATGCGGAATAAACT,9
TTAACTCAATTAGGCG,9
TTGTGCATTATTAATA,9
AAAACCTTTATCGGTA,8
AACCATCCAAGCTAAA,8
AAGCGGAAATTAACGA,8
CGCTTGAACTAACTTC,8
CTTATTAACAATGGCC,8
GACTTGAAAAAAACAG,8
TAATATATTTCATGCG,8
TACAAACTTCCAAAAT,8
TAGTCATCACATCGTA,8
AAGTACTCATAACCAT,7
ATGACCCTCCAGACAC,7
CTCGGGTACATATCAT,7
GACTTCTTATTGCGAC,7
TAATCCGAAATAAACT,7
TATAAAAGCAATAATT,7
TCCACCAAAACCCATT,7
TCTAGGAGGACAACGT,7
ACACAGGAAAAAGTGA,6
ATAACCGTCATTAAAA,6
CCAATGGCACACAGGG,6
CGATGATTACTCGTGC,6
CTCGATAACAGGGTTG,6
CTCTTTTACGTACAAC,6
GAAAAGTATTTTCACC,6
GACCCATTCTTATTAT,6
GAGTGATAAGTAGAAA,6
GGCCCTGGGACATATT,6
TAAGAACGCTGCCGGT,6
TAATAAAAGAGCTTGG,6
TAATAGAACAAATGCC,6
TCAGCTTCAAACCGCG,6
TCTAAACTATATCCTG,6
TGCGAAATAGCACACA,6
TTATCTAAAAGCTCCC,6
AACAAACCGGGACAGG,5
AACAATATAATTAACA,5
AAGATCTGTAGGACTA,5
ACCTAAACACCCTACG,5
ATAATTGTAACCGTAC,5
CAACTCAAACTCCCAG,5
CAAGAGGCAAATCAGG,5
CATACGGCAAAATAAG,5
CCGTTGCCAGCATGTT,5
CTCTCTAGTGTAATCT,5
GGCAGATGCCTTGAAG,5
TACCCGTACTCACGAA,5
TCCATGTCTTGATTCC,5
TGAAACCATTCTGATC,5
TGCGAATGGCGATATC,5
TTACGGCACAGGAATA,5
AACAAGGCAAGCATAA,4
AACAAGTGCAATACTT,4
CCATCTGCCTATGCAG,4
CCGAGACTACTAACGC,4
CTTTAACACACAAATA,4
GAATAACTTCTAAACT,4
GACGTATAGACCCAAT,4
GATATGTGTATTACGA,4
GCAATTAATAAACCAC,4
GGACTTAGAGAGCCCC,4
GTCTAGCAAACGAGAA,4
TCAATGGCAAACGCTC,4
TCTCCAGCACACGGCG,4
TTATTCAGCCATTAAA,4
AAGCTAGGCTACCGAA,3
AAGTTTGAAACAAATC,3
AATAAACATCACAATC,3
AATAGCTAGACTTTTA,3
ACGATCGGCGAAAAAA,3
ACGCGTATCAGATCCA,3
ACTCTCAAATGAATCA,3
AGATTTGAAAGTCGTC,3
AGGAAAGGCGGGGCTT,3
ATCTTATTTAACGTTA,3
CAATGCCTAACAACAC,3
CACGTCTTCCACATTT,3
CAGAAAATAAGAGTCA,3
CGTTGAGACCATGCGG,3
CTTGCAAATAATGCGA,3
GATAGAATGATGATCA,3
GATGCAAGAAGTGTCC,3
GATGGAAATAGGCGCA,3
GGAACCTTCAGTCTAA,3
GGAGATACAAAAGCCA,3
GTAAAAATCAAATAAA,3
GTGAGGCGCTGTTAAC,3
TAACAGCCAATCATAA,3
TAAGTATCAAGATATA,3
TCATCATAACTTTACT,3
TCCGAATCTTTGAAAG,3
TCTGGCAAACAGGATT,3
TCTTCCTAAGCCCCGT,3
TTACGAAACATCGGAC,3
AAAACACCATATACAA,2
AAAACTCAGTGGCCCG,2
AAACAAGTTGATCGCG,2
AAACCCTCTAAGACTT,2
AAAGCTTTATACTATG,2
AACACCCCGACCAGTC,2
AAGCCTCAACTACACC,2
AAGGAACTAGAGCTTC,2
AAGTCCGAAAATAGGT,2
AATATAATATACCCTT,2
ACAAGGCTTGCCGTAT,2
ACCTAACCAAAAAAGC,2
ACGAGCAGTTATTAAC,2
AGGAAATGTATAGTTT,2
AGTACACTGTAGCAAT,2
ATAACCACTATCTGGA,2
ATAACTAGAGGCAGGC,2
ATACTAGAAGATGATG,2
ATTAAAATCTTGACGA,2
ATTCCAAATTAAATCA,2
ATTGATCTCAGTCACA,2
ATTTCATGAGTAGTTG,2
ATTTTCGGAACAACGA,2
CACCTCCATCTGACTA,2
CATTATACAAACAAAC,2
CATTGTCTGACAACTT,2
CCAACCCAGTTAATAA,2
CCCCAGAGAATCACAT,2
CCCGCATACGAATTAT,2
CGACCGTAATAGTAAA,2
CGGCTAAATCATAAGT,2
CGGCTAATTTCATATC,2
CGGCTCTTAAATAAGA,2
CTAATGTACCACCATA,2
CTGAATAACGGCATCT,2
CTGCCAGTCCAGAATT,2
GACAAATAAACCAAGA,2
GACTAATTTCAGAAAA,2
GAGCGGTAGAAAACAT,2
GATCCCGCAAAAGTGA,2
GATGCAGATTCGAAAA,2
GCAATATATAGACGAT,2
GCTATCATTCGGCACC,2
GGAAGAAGTAAATGCT,2
GGGATGACGTAATTTT,2
GGTTGGTCGTATTGTG,2
GTAGACGATGCGATCA,2
GTGATGTTGCCTACAT,2
TAAAGATAAAATATTT,2
TAAATAAATGCTCTAA,2
TAACGAAAAGTTAACC,2
TACCGTGAGACTAACT,2
TATCAATAACCACTTC,2
TATCGACAAACCAACA,2
TCCCAGCCAATTACCA,2
TCGCATAGGCCCGGTG,2
TCTAAGTTAGCTCACC,2
TGAATACAATCATATG,2
TGACACTATTACACGA,2
TGAGCCCGGGCGACCT,2
TGTAGTCAGCCAAAAG,2
TTCAACTCCGTCAAAA,2
TTGATTCGTACCAGGG,2
TTGTATTAAGATGCTA,2
TTTAATCTATAAGTGC,2
AAAAACAGCTAACAAA,1
AAAAATTCACTGACTG,1
AAAACAACACAGAACT,1
AAAATCAATTCACACT,1
AAAATTTGAAATCTAC,1
AAACATGTATCAAGGC,1
AAACGAATAATGAATA,1
AAACTACTTATGCATA,1
AAACTTTATGCAGCTA,1
AAAGAAAAAAACAACG,1
AAAGATGATTTGCCTA,1
AAAGCCACACAGGAAA,1
AAAGCCCTTTACCGTC,1
AAAGCTCTATAACTGT,1
AAAGGGGTAGTTAGTC,1
AAATACTCGATGGAGA,1
AAATACTGTAAGCAAA,1
AAATAGATATGTACTA,1
AAATCTACAGCTCATT,1
AAATGAGGATGGGTTC,1
AAATTTAGAATCCTAC,1
AACAAATCAAACACCA,1
AACACGCCAGACATGC,1
AACCATCGGCTAAACT,1
AACCTCTTCTGTATCG,1
AACTAGAACGGGTGAT,1
AACTGAACATCCTATG,1
AACTGCAGCGGTTAAC,1
AACTGCATTCAAATTC,1
AAGAATATAAGCTGGT,1
AAGACAATATTATGAC,1
AAGACGTCACGGTTCG,1
AAGATCAGTGGCGGAC,1
AAGATTAACGTAGTAT,1
AAGCAAAAATTTGTCC,1
AAGCACCGATATGACT,1
AAGCGGCCTATGCAAT,1
AAGCTCTTATTAGAAT,1
AAGGAAGGAGCCAGAA,1
AAGGGTCTTTAGCACA,1
AAGGTCAGGAATCAAT,1
AATAACCTGCCTCAAA,1
AATATATGAAACTTTT,1
AATATGACAGTAGATG,1
AATATTGTATAGACTT,1
AATATTTAGACAAAAG,1
AATCAACCAATCCAAT,1
AATCGAGATCATCAAC,1
AATGGCATTTTGATAT,1
AATGGTATATGGTGAC,1
AATTATACGACGCTCC,1
AATTCTGCAACTTACC,1
AATTGCCTATCCCCTC,1
AATTTATACACGGGAA,1
ACAACAGCATGCTATC,1
ACACAAAGCCGCTTCA,1
ACACAAAGCGGATCTA,1
ACACCACACCTCAGAG,1
ACACGAAAAACTGAAA,1
ACACGAACTAATAGAG,1
ACAGCAACACTGGAAA,1
ACAGCAGGGCACACGG,1
ACAGCCGTCGCGCCCC,1
ACAGTAATTTTTTCTT,1
ACATAAAAGCGAGACT,1
ACATAGATGCCCACAT,1
ACATGTATGGGCCAGC,1
ACATTGCCTCATACAC,1
ACATTGCCTTCTGGAT,1
ACCAAAGAGCTTCAAA,1
ACCCAAACCTAAAGTT,1
ACCTACCTAACAAACC,1
ACCTATGCAACTAGGA,1
ACGAAAAAGCAATCCG,1
ACGAACCTAATAGCCG,1
ACGAAGTGCGAAACGA,1
ACGACGATACTGTACC,1
ACGCTAAGGCAAAACT,1
ACGGAACTATTTCTAT,1
ACGGATCAAGTGCCCG,1
ACGTACATACTTCCTC,1
ACGTACCATCATGTCG,1
ACGTTAACAAATCAAA,1
ACTAAATGAAATGTCT,1
ACTAGCCACAACTTAT,1
ACTAGTTTCTACGTAT,1
ACTAGTTTTGTGAAAG,1
ACTATAATGTCCGTGA,1
ACTCGTCGCTTGTGCT,1
ACTGAGCCCCAAATTG,1
ACTGATTACTCTCTCT,1
ACTGGCTCCACAAGAA,1
AGAAAAGTGGTTATGC,1
AGAAAGAATATGTTTT,1
AGAAGTGATAAAATGC,1
AGAATAACTAAAAATG,1
AGACTGAGTACTAAGC,1
AGAGGAAATCACAGCA,1
AGAGGACGAGAAAACG,1
AGAGTCTACATCGCAA,1
AGATAAAAACAGAATG,1
AGATAACAAACAGGGA,1
AGATGGTGAGCAAATA,1
AGATTAAGTCGCCAAA,1
AGATTGCCTCAGGAAA,1
AGCAAAATATTAAGTC,1
AGCAACGAGCAGTTTT,1
AGCAACGAGTTTAAAT,1
AGCATAATTCATCCAG,1
AGCCATATTGAGATAA,1
AGCCGATACAAATGAT,1
AGCCTTTAACAAAATC,1
AGCTAGTCCGAGAGTC,1
AGCTTCACCACCGCAA,1
AGGAATAAAAGTGTAA,1
AGGACTTGAACCTATG,1
AGGCTCACACCGAAAC,1
AGGCTCTAACTGTAAT,1
AGGCTGAATTAACCGG,1
AGGCTGTAACCAGGAC,1
AGGTAAATATACACCG,1
AGGTGTTTTTAGGGAA,1
AGGTTACGTTAAACTT,1
AGTAATTCGAAACCGC,1
AGTAGAGTATTTCCGT,1
AGTATGCTAAGATAGT,1
AGTCAAGATAGTTCGT,1
AGTGACAAATTCATCG,1
AGTTCGATACTAAACA,1
AGTTTCAACCGGGACC,1
ATAAAAAACAAAACTG,1
ATAAAGTGTTGCAAGT,1
ATAAATCACCCCAAAG,1
ATAAATGTGCCTAGTG,1
ATAACAATCAGTAAAA,1
ATAATATAGGCTAGTA,1
ATACACACCCAAAGGC,1
ATACGTGTCACTAGCA,1
ATACTTACTAGTAATT,1
ATAGTGCCTTATACTA,1
ATATAAGCCACGCACT,1
ATATACCATAAAGCAA,1
ATATAGTTATGGAATT,1
ATATGGATATCAAACA,1
ATATGGTGCCGTTATG,1
ATATGTTAGTGGGTTA,1
ATATGTTCTCCAAACG,1
ATATTAAGAGCCACCA,1
ATCAATTATAAATTCA,1
ATCATAGAATACAAGA,1
ATCATAGTGAGACATG,1
ATCATCGCCGGAGCGG,1
ATCATGACTGGTCAAT,1
ATCATTACACGACCTA,1
ATCCATACCTGAAATA,1
ATCCTCCATGATAGTC,1
ATCGGACCCAAACAAC,1
ATCTAACATATGAAAT,1
ATCTATCTAAACTACT,1
ATCTCCCCAGGGATTA,1
ATCTCCCGTGCTAATA,1
ATCTCTTTTGAAAAAC,1
ATCTGCACGAAGCGCG,1
ATCTTAAAGATTCGGG,1
ATGCTAGCGTTGAATA,1
ATGGGAGAAAAGATGT,1
ATGTAACGCAATCTAT,1
ATGTAGAAACATGTGC,1
ATGTATACAGATAAAA,1
ATGTCAGAATACAAAA,1
ATGTCCACCTGACGGA,1
ATGTTAAAGAAGTAAT,1
ATTAAAGGAAAAACCA,1
ATTAGAGCACCTCCCA,1
ATTCAGGATCGCTTAA,1
ATTCTTGCGACATTTA,1
ATTGAAACGTCGGCCA,1
ATTGCATATGAATTTT,1
ATTTACATGATCTGGA,1
ATTTCTCAGAAAGTCT,1
ATTTTGACCTATGACG,1
CAAAACCCCTCACCTG,1
CAAAAGACTCAATCCA,1
CAAACACCGCAGTTGC,1
CAAATACCAAATCAAA,1
CAACAAAATAAAGAGC,1
CAACACATTTATCCAA,1
CAACGCGAAGTCTAAA,1
CAACGGAGTTTGAAAA,1
CAACTCACCGGGAATT,1
CAAGGACATGTAAGTT,1
CAAGGGGTGACCATGC,1
CAAGTGAAACAGTAGA,1
CAATAAACATCACCAC,1
CAATAGCACATAAAAG,1
CAATATATGTAAATTC,1
CAATATCATCAAACTT,1
CACAAAGCACGGCACT,1
CACACGACCGGACGCC,1
CACATGAGTATGAAAT,1
CACATTAATGACTTAC,1
CACATTCTGTCTTCTC,1
CACGGATTCTAAAATT,1
CACGGGAGTCATAATA,1
CACGGTCACTAAGCTC,1
CACTGTATCCGGTATC,1
CAGAATACAATAGTGA,1
CAGGCGCGATTTAATG,1
CAGGGTGAATAAGTAT,1
CAGTCCATTCATACAC,1
CAGTGAAGACCACGGG,1
CAGTTACCTGGATACA,1
CATAAACTGTGCACTG,1
CATCCATCCCACACGT,1
CATCTATCGCATGATA,1
CATGACGTCGGCGATC,1
CATTGTGAAAAGTAAA,1
CATTTGCGTAAGGAAA,1
CCAAGAAGGCCCATCC,1
CCAAGTTTATGTAGCC,1
CCACAAATTTTTCATG,1
CCACCACACGGATGTT,1
CCACCTATGTCGGAGA,1
CCACCTGAAAAGATGG,1
CCAGTACTAAGAGAAA,1
CCAGTAGACGAGAATA,1
CCAGTCCTGGGAACCC,1
CCATGTATGTGTGCCT,1
CCCAGAGATATCTCCA,1
CCCATGGAATTGAGAT,1
CCCGCATAGTAACGCT,1
CCCTAAGCTTTCTGAA,1
CCGAACCCCTGAGTGG,1
CCGAGAGCCGGGACCA,1
CCTAACTCAATACTAA,1
CCTAAGTTATGTACTA,1
CCTCCCAACCAACAAA,1
CCTGAAAGAACGCCTA,1
CCTTCAGCGTGTTTGG,1
CCTTCCTCGATGGATG,1
CCTTGAAAATGGCTTA,1
CGAAAGATGCACAATG,1
CGAACGAAACTATCAC,1
CGATATATGATCACGT,1
CGATTAGAAAACGTAA,1
CGATTAGTAATTATCC,1
CGATTCCATTTACTCC,1
CGCATATGACGCAAGA,1
CGCCCACAACAGCTGT,1
CGCCCACCTTAACAAT,1
CGCGTTTAATGACAGA,1
CGTAACTTCTAAGCTA,1
CGTCGAAGCATACGCA,1
CGTCGATAAACTAATT,1
CGTTAAATCAAATCTA,1
CTAAAGATTAACAAGT,1
CTAACGATCAGCCAAG,1
CTAAGTTAAGCCACAC,1
CTAATTTAATAGACAC,1
CTACAGTTTTGGGTAG,1
CTACCATTAGCTTTTA,1
CTACTTAGCGATTGTA,1
CTATATAAACCAGGGA,1
CTATGAAAATCAAAAA,1
CTATGCTACAAGAAGT,1
CTCCAATCTAATGGGC,1
CTCCCTTCCAATAATG,1
CTCGCCCTACAGAAAA,1
CTCTGGTATAGACAAA,1
CTGAAATAGTATAAGT,1
CTGAGACTACGAGCAT,1
CTGTACGAGGAAAATA,1
CTTAAGATACACCAAG,1
CTTCCACCTGCTCGCT,1
CTTCCATTTTCTCTGG,1
CTTCTACGGTTGTGAA,1
CTTTGAACTGAGCATC,1
GAAAAAAAAAGTATAG,1
GAAAAAAAATCTTAAC,1
GAAAACAGAACTTCAT,1
GAAAAGTACAAGATGA,1
GAAAATTCTAGTCGAC,1
GAAACAAAGAAGGCAG,1
GAAACCACAAAATAAC,1
GAAACGTATGCAGTAA,1
GAAATCAAGACAAGGG,1
GAACAACCTCTCATGA,1
GAAGAAGACCATGAAA,1
GAAGAATTAATGGAGT,1
GAAGTGTAAGCTATAC,1
GAATAACGGTACTGAT,1
GAATAATCGAAATGTC,1
GAATATTAAATTAATC,1
GAATCAAACGTGACGA,1
GAATTGATGATTCAGA,1
GAATTTAACAAACCAT,1
GACAAACTGTATTCGG,1
GACAACATGCCTGCAG,1
GACAGCAACTCATTGC,1
GACATGAATAAGCAAA,1
GACATTTGATACATGT,1
GACCGCCAAATAGCCT,1
GACCGGATAGATGCGG,1
GACGGTGTTTCGAAAG,1
GACTATCAGTACCCGG,1
GACTCCCTAGGATAAA,1
GAGAAACCTCCAAATA,1
GAGATAATAACTTAGC,1
GAGATGTAATTGGTTA,1
GAGCCATAACAACTGC,1
GAGTAAAAATAAAAAA,1
GAGTATACAGTTTACA,1
GATAAATAGTGCCGTA,1
GATAAATTTAACTAGA,1
GATCACTCTACTTGAG,1
GATCGAAATCGATCAG,1
GATGTGAAGTGTCTTG,1
GCAAAGCTACGCAGAC,1
GCAACTATCTTACTTG,1
GCAATGAATCGATCTA,1
GCACAATCATGGTTGC,1
GCAGGACTAGCGAAGC,1
GCAGGGCCGTTAGACA,1
GCATAAAAAAAGTCAC,1
GCATATTTGCCTTTTC,1
GCATCATCCAAATGCC,1
GCCATACACGGGGAGA,1
GCCATTTAACAAAGCC,1
GCCCCAAATGTCACAA,1
GCGTCCCAGAGCTCGC,1
GCTACAGTATGTATTC,1
GCTAGACATTTAAATA,1
GCTATGAATTTATCCT,1
GCTTAGGACACGGACA,1
GCTTGAAACTAGGAAC,1
GGAAAATACACCTCAA,1
GGAAGATGCCAAAGGT,1
GGAAGCATGCAAACAA,1
GGACTGAAAAGACCTA,1
GGAGTCTAGATGCCTG,1
GGATAGGTCCATGCCC,1
GGATATTCAATCTCCA,1
GGATCAGACTATGCTA,1
GGCACATGGGTTCCTC,1
GGCACCAACCCGGTTC,1
GGCTGAACCGACCGAC,1
GGCTTTAGACAACTCG,1
GGTAATCTCACCAGAC,1
GGTTTAAACGTAACCA,1
GTAACCCACCAGATTC,1
GTAAGAAACGTAGAGG,1
GTAAGACCAAAAAAGT,1
GTAAGCTTACAATGTT,1
GTAATCAGGAACCGCA,1
GTACATCTTAATCAAC,1
GTATTCAACAACAAAA,1
GTATTTCACTAAGAAG,1
GTCACACTGAACCGCT,1
GTCAGATTACGGGAAG,1
GTCCCCTGGACGCTCC,1
GTCCTCTCTATCATTC,1
GTCTTCGAATTAGGAC,1
GTGAAACAAGTCCGAG,1
GTGAAAGGCTCATAAG,1
GTGAACATTACGTCGC,1
GTGCGGCTTCATTCTA,1
GTGCTTATTAGGTAAT,1
GTGGATGGATAACACA,1
GTTAAAACCATAGAAC,1
GTTAAGCCCAGCGTAA,1
GTTAGAATCGTAATCA,1
GTTAGATAACCATAGA,1
GTTCAAGTGAAGTAGT,1
GTTTTGTCTTGCACTT,1
TAAAAACTGCCGAGTG,1
TAAACCATTATGTCTA,1
TAACCAGACAATCGCA,1
TAACTAGCACGGCTAA,1
TAAGAGCGGTTGTCCA,1
TAAGGCGAAATTCGGA,1
TAAGTTTGCCCATACA,1
TAATAAATGAAGTAGA,1
TAATAGGAACATGAGA,1
TAATTAGGCGAACCCT,1
TACAAATCTTGAGAGT,1
TACAAGGTGGTATAGG,1
TACATTAAACACCTGT,1
TACCAATCCTAACCTC,1
TACCTAGGATAGTCTG,1
TACGAAAGAACTAAAT,1
TAGAAATTAAATATAA,1
TAGAATAAAGAAAGCA,1
TAGAATTTAGGTAATT,1
TAGACAGTTACAATAT,1
TAGACCAATGCTCAAT,1
TAGAGCGTTTAAGATG,1
TAGATAAAAAAGAAAT,1
TAGATTTAGCTATCGC,1
TAGCAATAAAAAGACA,1
TAGGTCGCCATGCATA,1
TAGTGACCATCCGTAC,1
TAGTGAGAAGGCCAAA,1
TAGTGGTTCATCAAAG,1
TATAAAGGGCAAATGG,1
TATAGATTTATATCAG,1
TATCGGCAGGCATCCT,1
TATGTTAAGCACGTAT,1
TATTGAATTGTAGTCA,1
TCAAACTCGAATAGAA,1
TCAAAGAAAAGTGGCG,1
TCACCATACCTCCATC,1
TCACCCAGTCTTTCTA,1
TCAGCAACTAAAACTT,1
TCAGCGCAACTCGCAC,1
TCATACCCATACTCCA,1
TCATATCCCACTCCTA,1
TCCAACGCAAACGAAG,1
TCCAGCGGTAACTTGT,1
TCCATGGATGAACGTT,1
TCCGAGACCACGACAA,1
TCCTCATGCTACAGTC,1
TCCTTACATGTATCCG,1
TCGAAACAACATTAAT,1
TCGAATGCGTATCTCA,1
TCGACCATACAAAAAA,1
TCGTACTCACCGGCAA,1
TCGTTTAACCAAGTTT,1
TCTACCAATATCCAAA,1
TCTATACAACCGTTAA,1
TCTGGAACCATTATCG,1
TCTTTCACGGGAACAA,1
TGAAAAGTCTTCATGA,1
TGACAAAATAGCTAGT,1
TGACAGGACCAGGCGA,1
TGACCAGCTGAATGAC,1
TGACCCATACGTATAT,1
TGACCCGAAAAACCAC,1
TGACGTGCAGTAAGTA,1
TGCACACATTGGTCGT,1
TGCTGATAAAATGACT,1
TGGACTCCTTTAATTA,1
TGGCCTCGTACCCCCA,1
TGGGCCGGCAACCCAC,1
TGGGCTTAACTTCCTC,1
TGTACAACGCTGAACT,1
TGTACTTCCCATGACA,1
TGTCAAAGAAAAAAAG,1
TGTCTTAAATAATAAC,1
TGTGCTCAACCGGGAT,1
TGTGGATCCATGTAAT,1
TGTGTCCGCACTACAC,1
TTAAATTTACACGATC,1
TTAACGCATATGTCCA,1
TTAAGCCTATTCACCA,1
TTAAGTAGAGTCCGAA,1
TTACAACACAACGTAT,1
TTACATCCTAACGCTC,1
TTAGAACGTAAAGTAG,1
TTAGCATATCAAATGG,1
TTAGGGGGATACAGAG,1
TTATCTATAAAGAGTT,1
TTATTGGAAGTATTAG,1
TTCACAGATTACGGAT,1
TTCTACTCAACATATA,1
TTCTATACGCGGAAAT,1
TTCTCGAACAAAAATT,1
TTCTGCATTTAAGATA,1
TTGACATTCACAGCAA,1
TTGGCGACAGCAGTTG,1
TTGTCCTTCATGCCTA,1
TTGTGCTCGCGCGAAT,1
TTTAGTTAGCTGAAGC,1
TTTATGTGTCAACCAT,1
TTTCTATGAGGATTAT,1
TTTTGGGTGCAGTACT,1
AAAAAAAAAACTCCCG,0
AAAAAAAAAATGTTCT,0
AAAAAAAAATACTAGT,0
AAAAAAAAATGCTACA,0
AAAAAAAACAAACAAA,0
AAAAAAAACAGACAGA,0
AAAAAAAACCGGCACT,0
AAAAAAAAGCGGGGTC,0
AAAAAAAATATTATAA,0
AAAAAAAATTGAAGAT,0
AAAAAAACAACTTCGA,0
AAAAAAACAAGGCAGG,0
AAAAAAACAGACATAA,0
AAAAAAACATAGGCTT,0
AAAAAAACTAATAATA,0
AAAAAAACTTTGTTAG,0
AAAAAAAGAAATGTGG,0
AAAAAAAGAAGTGGTC,0
AAAAAAAGATCGCCCA,0
AAAAAAAGGATAATAA,0
AAAAAAAGGCGTGTAT,0
AAAAAAAGGTAGCCTC,0
AAAAAAATAGGTGAAG,0
AAAAAAATGGCTCTAC,0
AAAAAAATGGTTTAAT,0
AAAAAAATGTATGCGT,0
AAAAAAATGTCGTAAT,0
AAAAAAATTAATTGAG,0
AAAAAAATTACAGTGA,0
AAAAAAATTAGAAAAC,0
AAAAAAATTAGACAAC,0
AAAAAAATTGAAGATC,0
AAAAAACAAATAAGAG,0
AAAAAACAACATGACT,0
AAAAAACAACGAGATG,0
AAAAAACAACTGTACC,0
AAAAAACAGATGCAGA,0
AAAAAACAGCCACTGC,0
AAAAAACATCTAATAA,0
AAAAAACCAAAAACGC,0
AAAAAACCACATTATA,0
AAAAAACCTGAAAAGT,0
AAAAAACGAACGATAA,0
AAAAAACGAGTTTGAC,0
AAAAAACGCATGCTTA,0
AAAAAACTAACAAAAT,0
AAAAAACTCAATAAAC,0
AAAAAACTCGGTCTCA,0
AAAAAACTCTTAGCCG,0
AAAAAACTTAAGAGGC,0
AAAAAACTTAAGAGGT,0
AAAAAACTTTGGTATA,0
AAAAAAGAATCTCTTA,0
AAAAAAGACGTCTATC,0
AAAAAAGATCAGCGCA,0
AAAAAAGCAAAACTTA,0
AAAAAAGCACAAATAT,0
AAAAAAGCACAGGGTC,0
AAAAAAGGGCTCCTTG,0
AAAAAAGTTCAAGAGG,0
AAAAAATACATGAGAA,0
AAAAAATAGCGGGATG,0
AAAAAATATGAGGATT,0
AAAAAATCCACCGAAA,0
AAAAAATCCGATCACC,0
AAAAAATCCGGAGACA,0
AAAAAATCGAAAGCCT,0
AAAAAATGACTAAGCA,0
AAAAAATGATTTAGCA,0
AAAAAATGGTGAACTC,0
AAAAAATTAAAAAATG,0
AAAAAATTATTTTACA,0
AAAAAATTCTAGCATT,0
AAAAAATTGATATTAA,0
AAAAAATTTGTCAACT,0
AAAAAATTTGTTTAAC,0
AAAAAATTTTTAAGAG,0
AAAAACAAAAGGCGAT,0
AAAAACAAACATACCA,0
AAAAACAAGGGTTATA,0
AAAAACAAGTCCAATA,0
AAAAACAATTTTGAAA,0
AAAAACACATCCGCTA,0
AAAAACACGAATATAA,0
AAAAACACTATATACA,0
AAAAACAGATGTATAA,0
AAAAACAGTAGACCGA,0
AAAAACATTAAGCGAA,0
AAAAACATTATGAACG,0
AAAAACATTCTTAGAC,0
AAAAACATTTTGGGTC,0
AAAAACCAACCCGTCA,0
AAAAACCAAGATGTCA,0
AAAAACCAATGAAAAT,0
AAAAACCAATTCACAC,0
AAAAACCCGTACTGAA,0
AAAAACCCTCATAGCC,0
AAAAACCCTTCCTGAT,0
AAAAACCGCTCAGGTC,0
AAAAACCGGGATTAGA,0
AAAAACCTCGGCCACG,0
AAAAACGAATACCTAT,0
AAAAACGCCAACCAAG,0
AAAAACGCTAGCTGCG,0
AAAAACGTGTAAAAAC,0
AAAAACTAACATTGCA,0
AAAAACTCCACAGCAA,0
AAAAACTCGGACCAAG,0
AAAAACTGAATGATAG,0
AAAAACTGCACCATAG,0
AAAAACTGTTCCAAGG,0
AAAAAGACCCCCACAA,0
AAAAAGACTCCCAACT,0
AAAAAGAGCGCTTAAT,0
AAAAAGAGGCTTCCCA,0
AAAAAGATAGTGAACA,0
AAAAAGCATACATTGA,0
AAAAAGCATCAAAAGT,0
AAAAAGCCATAGACAA,0
AAAAAGCCCGCAGACA,0
AAAAAGCCTTGATATC,0
AAAAAGCGCAAAAATT,0
AAAAAGCTTCAACCAT,0
AAAAAGGAAAAATGGT,0
AAAAAGGAATTAGCTT,0
AAAAAGGACAAAAAAG,0
AAAAAGGGTAAGTTAG,0
AAAAAGGTATTGAATA,0
AAAAAGGTTTGCGATA,0
AAAAAGTACTCTTTTA,0
AAAAAGTATATTGACG,0
AAAAAGTGACAGAATA,0
AAAAAGTGATATTAAC,0
AAAAAGTGCCAGCATT,0
AAAAAGTGCCTAATAA,0
AAAAAGTTTTTCATTG,0
AAAAATAAAACGCCAG,0
AAAAATAAAAGGCTAA,0
AAAAATAACAATCTAA,0
AAAAATAACTAATATC,0
AAAAATAACTATAGAA,0
AAAAATACACCAAAGT,0
AAAAATACGAACGCAC,0
AAAAATACGATGGAGA,0
AAAAATAGGCACAAAT,0
AAAAATAGGCATAGTC,0
AAAAATAGGGTTCATA,0
AAAAATATCCATGGGA,0
AAAAATATTATGGCAA,0
AAAAATCAAAAATAAC,0
AAAAATCACAATTCAG,0
AAAAATCGCACAACAA,0
AAAAATCTCTAATGTA,0
AAAAATCTTCCGGTGT,0
AAAAATCTTGCGTCAG,0
AAAAATGAAAATAAGG,0
AAAAATGAAATACGGG,0
AAAAATGAACAAGCAA,0
AAAAATGAACCGGAAG,0
AAAAATGACTAGAGCA,0
AAAAATGTATGATTAT,0
AAAAATTAAGAGATAA,0
AAAAATTATACACAAA,0
AAAAATTCGAGCAAAA,0
AAAAATTCGCGTACAC,0
AAAAATTGAGATGCGA,0
AAAAATTGATAACGAA,0
AAAAATTGTCCTGTAA,0
AAAAATTGTTAATTGG,0
AAAAATTTGCATTACG,0
AAAACAAAAAATAACC,0
AAAACAAAAGAAAGTT,0
AAAACAAAAGATTCGT,0
AAAACAAAAGTAGTAC,0
AAAACAAAATAAATCC,0
AAAACAAACTTAAACC,0
AAAACAAAGAACGCAA,0
AAAACAAAGCCGTCAC,0
AAAACAAATAAAACAT,0
AAAACAAATAGTAGGT,0
AAAACAAATGGAGATC,0
AAAACAACAGAGCGGC,0
AAAACAACCTGTCATA,0
AAAACAAGATTTTGAG,0
AAAACAAGGTTTTCCC,0
AAAACAAGTATAGAGT,0
AAAACAATAACCTTAC,0
AAAACAATACACTAAA,0
AAAACAATAGGATTTC,0
AAAACAATGATGCGAT,0
AAAACAATTACAATTC,0
AAAACAATTCAATAAA,0
AAAACACAAATTATGA,0
AAAACACACTAACAAT,0
AAAACACACTCAAGAA,0
AAAACACATGCACAAG,0
AAAACACCCAAGTGCG,0
AAAACACCGCAAGAAT,0
AAAACACGAGAAGGTA,0
AAAACACTCGCTGACG,0
AAAACACTGAAGTGCT,0
AAAACACTGCAAGAAA,0
AAAACACTGCTGGGAG,0
AAAACAGACCCCAGAT,0
AAAACAGATACCTTTG,0
AAAACAGATGCACTAC,0
AAAACAGCAAACACGG,0
AAAACAGTACAAACTA,0
AAAACAGTACAGACAC,0
AAAACAGTTCATGAAA,0
AAAACATAACCACCAC,0
AAAACATACACATCGT,0
AAAACATAGCAACCGG,0
AAAACATATGCAGTAT,0
AAAACATCAATAATGC,0
AAAACATCAGCTAGGT,0
AAAACATCGATTTTGC,0
AAAACATCTTAGCTTC,0
AAAACATGACTGGGCC,0
AAAACATGTGCTTAAT,0
AAAACATTACAATTCC,0
AAAACATTCGAGCAGA,0
AAAACATTTATAAAAA,0
AAAACCAAAGATTTTT,0
AAAACCAAAGGGCATC,0
AAAACCAACATGGTCC,0
AAAACCAACGCAGAGT,0
AAAACCAAGACTAACG,0
AAAACCAATAATCCTC,0
AAAACCACATTCTAAT,0
AAAACCACGAAGGTCA,0
AAAACCACTTCCCCGG,0
AAAACCAGAAGCTTCG,0
AAAACCAGACAAGTTT,0
AAAACCAGAGATATAG,0
AAAACCAGCGCTACAG,0
AAAACCATACAAGCAA,0
AAAACCATTCCAATCC,0
AAAACCCATACGTCAG,0
AAAACCCCATCGTAAA,0
AAAACCCGTTTTGGTC,0
AAAACCCTACAAAAAG,0
AAAACCCTGCCATCAA,0
AAAACCCTGCCCTGAT,0
AAAACCCTGCGTATGC,0
AAAACCCTTACGATTC,0
AAAACCGGCCTAATAA,0
AAAACCGTTCAAATAA,0
AAAACCTCAAAGCCCT,0
AAAACCTGGCCAGATA,0
AAAACCTTCGAAATAT,0
AAAACCTTGCAAGACT,0
AAAACCTTTATTACGA,0
AAAACGACACACGTCC,0
AAAACGACTCCCCTTA,0
AAAACGAGCCTACAAG,0
AAAACGCAACAACTTT,0
AAAACGCCCAACAGAA,0
AAAACGCGTTACAATT,0
AAAACGCTATTTGCCA,0
AAAACGCTCAACTCCC,0
AAAACGCTTTATATGA,0
AAAACGGCACAAAATC,0
AAAACGGCAGCCAAAA,0
AAAACGGTGAAATCCC,0
AAAACGGTGATCCTTC,0
AAAACGTAGCTAAATG,0
AAAACGTCGCTCTGAA,0
AAAACGTCTGCTACAT,0
AAAACGTTAGAACTAC,0
AAAACGTTGCTTAAAC,0
AAAACTAAAACATATA,0
AAAACTAACTGCGCCT,0
AAAACTACAAAAAACA,0
AAAACTACAGAAGCCA,0
AAAACTACGAATAAAG,0
AAAACTAGCCCCTGTG,0
AAAACTAGTGTACAAC,0
AAAACTATAAAAACCG,0
AAAACTATAAATGTCA,0
AAAACTATATTCATAA,0
AAAACTATTAACTAAC,0
AAAACTCAAAAATCAT,0
AAAACTCCGAATACGA,0
AAAACTGCCGGAACCG,0
AAAACTGTACCAATTA,0
AAAACTTAACGTTTAA,0
AAAACTTAAGCGGGCA,0
AAAACTTAATATTGAC,0
AAAACTTAGCCAAATT,0
AAAACTTCAAGCACTA,0
AAAACTTCATATATAG,0
AAAACTTTATATGCCC,0
AAAACTTTGAACGTTT,0
AAAAGAAAATAAACAG,0
AAAAGAAAGGAGATAT,0
AAAAGAAATAAGAAGA,0
AAAAGAAATGGCCTCA,0
AAAAGAACAAACGAAC,0
AAAAGAACCGTTCCTA,0
AAAAGAATAATGCAAA,0
AAAAGAATATTCCGTT,0
AAAAGAATCAAATCAT,0
AAAAGAATCTTTAAAA,0
AAAAGAATGAGGCAAC,0
AAAAGAATGATAAGTC,0
AAAAGACAAGGTACTC,0
AAAAGACAATTCATAT,0
AAAAGACAGTATGACA,0
AAAAGACCAAGACCTG,0
AAAAGACCTCTGGAGA,0
AAAAGACGTATTCAGC,0
AAAAGACTAAACCTAA,0
AAAAGACTTAACTAAT,0
AAAAGAGAAAGGCTTC,0
AAAAGAGGGCATGTTC,0
AAAAGAGTGATAGGTG,0
AAAAGATAAAAAGTCT,0
AAAAGATACAATATAA,0
AAAAGATAGACTACTA,0
AAAAGATATATGGGAC,0
AAAAGATCCTATAAAA,0
AAAAGATTAATGTCTG,0
AAAAGATTCTTGGAAG,0
AAAAGCAAAGCCTCAA,0
AAAAGCAAGTGGCAGC,0
AAAAGCAATAAAAACA,0
AAAAGCATAATCCAAT,0
AAAAGCGAGCAAAACC,0
AAAAGCGGACAAACTA,0
AAAAGCTATGTTTTAT,0
AAAAGCTCGAATGCAA,0
AAAAGCTTAGACAAGT,0
AAAAGGAAACATAGAC,0
AAAAGGAAACGATCAG,0
AAAAGGAACATTGAAT,0
AAAAGGAAGAAACAAA,0
AAAAGGAAGTTCTACC,0
AAAAGGAATAAAGTAA,0
AAAAGGACCGTCCAAC,0
AAAAGGAGCGACTAAC,0
AAAAGGCATAATTAAG,0
AAAAGGCATCCAAACC,0
AAAAGGCTAGATTAAG,0
AAAAGGGTCAATAAGT,0
AAAAGGGTCATAACGT,0
AAAAGGTAACACAGTC,0
AAAAGGTCAAAATCAT,0
AAAAGGTCTAACGATG,0
AAAAGGTGTCATTGCA,0
AAAAGTAAAACCGATA,0
AAAAGTAAGGCACAAT,0
AAAAGTAAGGGGTGAA,0
AAAAGTACAGCAGTAA,0
AAAAGTACGAAACCAT,0
AAAAGTAGAAATAAAC,0
AAAAGTAGACCAGCTA,0
AAAAGTAGCGCTGTAG,0
AAAAGTAGGTGATCAG,0
AAAAGTATAAAATAAC,0
AAAAGTATAGACAAAA,0
AAAAGTATCGGTTACC,0
AAAAGTCACGTGACAC,0
AAAAGTCATAATGAAA,0
AAAAGTCGGGAGTCAG,0
AAAAGTGCAAAATCCA,0
AAAAGTGCAGGCCCTT,0
AAAAGTGCATCAACGA,0
AAAAGTGCCGCCCCAA,0
AAAAGTGCTAAATGAT,0
AAAAGTGCTCAGTGCC,0
AAAAGTTAATATATGT,0
AAAAGTTAATCCATGC,0
AAAAGTTCACAAATAA,0
AAAAGTTTTCGTGAAT,0
AAAATAAAACTAAAGA,0
AAAATAAAAGTTAAAT,0
AAAATAAAATACCTGC,0
AAAATAAACAACGTCT,0
AAAATAAACCATGGCC,0
AAAATAAACCGATTGG,0
AAAATAAACTTTATTG,0
AAAATAAAGCTTCTAC,0
AAAATAACAAAAATTC,0
AAAATAACATGTCCTA,0
AAAATAAGAATGATAT,0
AAAATAAGCTTTGTCT,0
AAAATAAGTGTCAGTA,0
AAAATAATAAGAAACA,0
AAAATAATAATTAGCA,0
AAAATAATGGGAAGAC,0
AAAATAATTAAATATT,0
AAAATAATTAGATGCG,0
AAAATAATTCCCAAAG,0
AAAATACAAGAAGAAA,0
AAAATACAATCAAGTG,0
AAAATACAATTCTCAC,0
AAAATACAGGTTCTTG,0
AAAATACATTTTTAAC,0
AAAATACCACAAACTT,0
AAAATACGAAATTGGA,0
AAAATACGATCTCTCC,0
AAAATACGGAAAACCG,0
AAAATACTCAAATTAT,0
AAAATACTCGGAAACA,0
AAAATAGAATGCTCCC,0
AAAATAGATGATATAC,0
AAAATAGTATGTCTGA,0
AAAATAGTGTATCACA,0
AAAATATAAATCAATC,0
AAAATATAATAAAATA,0
AAAATATACAAGAATA,0
AAAATATATGTAAAAT,0
AAAATATCAGGAGCCA,0
AAAATATCCTTAGGTA,0
AAAATATGACATTATG,0
AAAATATGACGCTAAG,0
AAAATATTATTTCCCA,0
AAAATATTCAATCGTT,0
AAAATATTCGAGTTGC,0
AAAATATTTTTTCATA,0
AAAATCAAACAAAAAG,0
AAAATCAAATAACCAA,0
AAAATCAACAACTTCA,0
AAAATCAAGAGCTTCA,0
AAAATCAATACCGATC,0
AAAATCAATATCTTCC,0
AAAATCAATTTAGGCA,0
AAAATCACGTACAGCT,0
AAAATCACTCCCTCTA,0
AAAATCACTGTTAATC,0
AAAATCAGAAACTCAA,0
AAAATCAGCAAACAAC,0
AAAATCATCGGTTGTG,0
AAAATCATTAATCTCT,0
AAAATCCACGGAAACA,0
AAAATCCATTAAAGCC,0
AAAATCCGAGTTGTCT,0
AAAATCCGATAGCGAT,0
AAAATCGAATGCCGGA,0
AAAATCGATCAGGACA,0
AAAATCGATGCCTTAT,0
AAAATCGGCCACCTAC,0
AAAATCGTCTAACATA,0
AAAATCTAAAGGAACT,0
AAAATCTACCATTCAA,0
AAAATCTATGGTAAAA,0
AAAATCTCCTGCCAAT,0
AAAATCTGGCTAACTT,0
AAAATCTGGGCGCCCG,0
AAAATGAAAGCAAATA,0
AAAATGAAATTAATTG,0
AAAATGACAAACCGCA,0
AAAATGAGACTGCCAT,0
AAAATGAGATGTCTAA,0
AAAATGCAGATAACGA,0
AAAATGCATGTAGAAC,0
AAAATGCCTAAGTACA,0
AAAATGCGAGCTAGCT,0
AAAATGCTAATACCAC,0
AAAATGCTGGGGGAGG,0
AAAATGCTTACAGCAT,0
AAAATGGCACGTTGCT,0
AAAATGGGGGATACTA,0
AAAATGTAAGATGGAT,0
AAAATGTATAATTGAC,0
AAAATGTATAGACCAA,0
AAAATGTTAGTTCTTA,0
AAAATGTTCAGTCAGC,0
AAAATTAAACCGCACC,0
AAAATTAAACCTGAAG,0
AAAATTAATGCACGGC,0
AAAATTAATGCAGTAT,0
AAAATTACATCCTCTA,0
AAAATTACCAGTCCAT,0
AAAATTACGAACCTAG,0
AAAATTACGAGAGTGC,0
AAAATTACTAATTTGA,0
AAAATTAGCGGGGGTA,0
AAAATTAGTCACCCTT,0
AAAATTATCTACTACA,0
AAAATTATGACCGATG,0
AAAATTATTTAAAAAA,0
AAAATTCACGTTTCTA,0
AAAATTCACTCTAATA,0
AAAATTCAGAAAGAGC,0
AAAATTCAGACTTCAC,0
AAAATTCAGTAGTACA,0
AAAATTCCGTAGCCGA,0
AAAATTCGAAACGTAC,0
AAAATTCGAGTCATGT,0
AAAATTCTAGAAAAAA,0
AAAATTGAAGATTGAA,0
AAAATTGGAAAATCCA,0
AAAATTGGATTCACTC,0
AAAATTGGCAAGGACC,0
AAAATTGGTTGGACTG,0
AAAATTGTCAATACAA,0
AAAATTTAAGTTCGCA,0
AAAATTTACAATGACG,0
AAAATTTACGGGTGAT,0
AAAATTTCGCGGGTAA,0
AAAATTTTCGCTGGCA,0
AAAATTTTGATCCGCA,0
AAAATTTTTATCGCGC,0
AAACAAAAACAATTAT,0
AAACAAAAACATATTC,0
AAACAAAAATAGTAGC,0
AAACAAACTACAGACA,0
AAACAAAGATCATAGG,0
AAACAAAGGCCAGAAT,0
AAACAAAGTCAGCTTG,0
AAACAAAGTCGTAAAT,0
AAACAAATCACACTGC,0
AAACAAATCTATAAAG,0
AAACAAATGTAATGTT,0
AAACAAATTGATAACT,0
AAACAACAAAAAAGCG,0
AAACAACAAAAGTGGA,0
AAACAACCAGCAACCT,0
AAACAACCCGAAAAAG,0
AAACAACCTAAAAGAA,0
AAACAAGAAAGCAAAT,0
AAACAAGACCAATTAG,0
AAACAAGAGTTAGTCG,0
AAACAAGATCCAAACG,0
AAACAAGCATATTACA,0
AAACAAGTGAGCCTCA,0
AAACAAGTTCGAGATA,0
AAACAATCATTAATAA,0
AAACAATGTTCGAAAT,0
AAACAATTATCGGTGG,0
AAACAATTTGACGATT,0
AAACACAAGAGGGACA,0
AAACACAAGGAGCAGA,0
AAACACAATCCATCAG,0
AAACACACATCACCCG,0
AAACACACGCGTACCC,0
AAACACAGCCAGGAAA,0
AAACACATCGAAAGCT,0
AAACACATGGCAATTA,0
AAACACATTAACTGTA,0
AAACACATTGACCGAA,0
AAACACCAAATGCTAC,0
AAACACCAAATTTCTC,0
AAACACCAATCAAAAA,0
AAACACCAATCAATAC,0
AAACACCAGAGACGCC,0
AAACACCCTCACGACC,0
AAACACCGAATAAGTC,0
AAACACCTATCAATAA,0
AAACACCTCATAAATT,0
AAACACGAGAAATTAC,0
AAACACGAGAATAGTT,0
AAACACGATAGCTGCT,0
AAACACGGGACCATGA,0
AAACACTATAGTAACA,0
AAACACTCAACAAATA,0
AAACACTGGAGAAGGA,0
AAACACTTAACAAGTT,0
AAACAGAAAAAAAAAG,0
AAACAGAAAAGGAAAC,0
AAACAGATCAATATAA,0
AAACAGATCAGTGACA,0
AAACAGATTGCTCGAA,0
AAACAGCAAACACTTC,0
AAACAGCAACGACGAA,0
AAACAGCCTTGACCGA,0
AAACAGCTAAAATCGG,0
AAACAGCTACCATTGA,0
AAACAGGCTAATCCAC,0
AAACAGGCTGATGTCC,0
AAACAGGCTTGAAACT,0
AAACAGGTAGACACGC,0
AAACAGTAACAAGGCA,0
AAACAGTAGGTATAGA,0
AAACAGTATAGCATGA,0
AAACAGTTGGAACACA,0
AAACATAAAAATATAC,0
AAACATAAAAGGGGGC,0
AAACATAAATGTGTAT,0
AAACATAACTTCACGG,0
AAACATAAGGAACTTT,0
AAACATACTCAACGAG,0
AAACATACTTCATCGG,0
AAACATAGAAAATATC,0
AAACATAGATCAGTTA,0
AAACATAGTTCCACGC,0
AAACATATTAAGAGTT,0
AAACATATTCTAAACT,0
AAACATCCCTAAAAAT,0
AAACATCGAAAGTCAA,0
AAACATCGTAGAATTT,0
AAACATGGGATGATCC,0
AAACATTAACACTCGA,0
AAACATTACAAAGCAA,0
AAACATTAGTGAACCG,0
AAACATTCCACCCTTA,0
AAACATTCTAGAACTC,0
AAACATTCTTACAATT,0
AAACATTGACTTAAGA,0
AAACATTGAGTGGCCT,0
AAACATTGGTTCTTCG,0
AAACCAAACAATTGAA,0
AAACCAAACATTTGGA,0
AAACCAAATTAATCCG,0
AAACCAACTACCAGAG,0
AAACCAAGCTATAATT,0
AAACCAAGTTTTGTTA,0
AAACCAATAATTACAA,0
AAACCACAATACCTTT,0
AAACCACAGCAAGTGG,0
AAACCACAGTAAACAT,0
AAACCACCCACTGGCG,0
AAACCACGCCCCAATG,0
AAACCACTTATTATCC,0
AAACCAGACGAAGGGA,0
AAACCAGCATAATCTT,0
AAACCAGGAGCTGCCA,0
AAACCAGGATAGAACT,0
AAACCAGGATTAGATG,0
AAACCATAATACCCAT,0
AAACCATATCATCAGA,0
AAACCATATCCACGTC,0
AAACCATTACAGTACA,0
AAACCATTATGCGTGC,0
AAACCATTTCTTTGAT,0
AAACCATTTGCGTGAG,0
AAACCCAAAAACACCG,0
AAACCCAACACTTGCA,0
AAACCCAACCCACAAG,0
AAACCCAAGCCAATTT,0
AAACCCAATCGAACTA,0
AAACCCACCAAGGAAA,0
AAACCCACGGATATTA,0
AAACCCACTAAACATC,0
AAACCCAGTAACCTTA,0
AAACCCAGTCAGGTAT,0
AAACCCCCGAACGATT,0
AAACCCCGGGACGAGG,0
AAACCCCTAAAAACAG,0
AAACCCGATAGAAAGT,0
AAACCCGTGAGATCAA,0
AAACCCTACTGTGAAG,0
AAACCCTATGAGAAAT,0
AAACCCTCAAGAATAA,0
AAACCCTCACGTAATT,0
AAACCCTCGGAGGTCC,0
AAACCCTGACCGGTAG,0
AAACCCTTCTTTATAC,0
AAACCCTTGAGATTCC,0
AAACCGAACCCACCTT,0
AAACCGAGAACTAGCC,0
AAACCGAGCCAACGTT,0
AAACCGATGAGCACCA,0
AAACCGCAATAATTAA,0
AAACCGCCGATCCAGA,0
AAACCGCTACGTCCGA,0
AAACCGCTCTGCCCAA,0
AAACCGGAAAACTCTG,0
AAACCGGACTAGTCGT,0
AAACCGGAGCCCATAG,0
AAACCGGCTCAAACTA,0
AAACCGGTCATTCATC,0
AAACCGTAAAGTCCAT,0
AAACCGTAATGAAATG,0
AAACCGTAGTGCGCGT,0
AAACCGTATTTGATGG,0
AAACCGTTAATCCTGG,0
AAACCGTTTGTCGACA,0
AAACCTATAACGAAAG,0
AAACCTATCCGAAATC,0
AAACCTCGTCGTCATT,0
AAACCTCTCCATTCGA,0
AAACCTGAAGAAGTTT,0
AAACCTGACAAACAAT,0
AAACCTGCCGCAAACA,0
AAACCTGGATATGAAA,0
AAACCTGTTCTGTATA,0
AAACCTTAATAACGCA,0
AAACCTTCACATAATC,0
AAACCTTGCGGCCCAC,0
AAACCTTGCTACAGTA,0
AAACGAAAATCCCGAT,0
AAACGAAACTCACAAA,0
AAACGAAAGAACTAAG,0
AAACGAAAGACTTCGT,0
AAACGAAAGTTTTTAA,0
AAACGAATAATTTAGT,0
AAACGAATTCAGCTGA,0
AAACGACAAAGGGACG,0
AAACGACACGGGTATT,0
AAACGACGAATCGTAT,0
AAACGACTAGGCTCAC,0
AAACGACTTAAAAGAA,0
AAACGACTTAGCATGT,0
AAACGAGAATAAGTTG,0
AAACGAGACAATGCAA,0
AAACGAGCCCGACTCA,0
AAACGAGCTCTGTCAA,0
AAACGAGTTGGGGATG,0
AAACGATACTCTGGTA,0
AAACGATAGCGGACCC,0
AAACGATATATTTAAT,0
AAACGATCGACGTACT,0
AAACGATCGTTCCAAA,0
AAACGATTCATCTCAG,0
AAACGCAACTAGCCGC,0
AAACGCAAGAATAGTG,0
AAACGCACAATATCAA,0
AAACGCACAATCAAAG,0
AAACGCACGACGTCTC,0
AAACGCATATCACTTA,0
AAACGCCAAAACTAGA,0
AAACGCCCACGCCCTT,0
AAACGCCCCCTGTATT,0
AAACGCCTTGAAAACC,0
AAACGCGACTCTTTAG,0
AAACGCGAGATTTACG,0
AAACGCGAGCACTCGC,0
AAACGCGATTACAGGA,0
AAACGCGCAAAACGTA,0
AAACGCGCACATTTTC,0
AAACGCTCACTGCCAA,0
AAACGCTTACAGAGAA,0
AAACGGAAACCTTCTA,0
AAACGGATCACCCCTT,0
AAACGGATCGACGTAT,0
AAACGGATTACCAATA,0
AAACGGCAAATATTGC,0
AAACGGCGGTTGATCC,0
AAACGGCTAATAAAGG,0
AAACGGGATAACGACG,0
AAACGGGCCCACGATA,0
AAACGGGTAATCGACA,0
AAACGGTATGAGCCAC,0
AAACGGTTACTTTAAA,0
AAACGGTTGACCACTT,0
AAACGGTTGCTAACAT,0
AAACGTAATCCAAATG,0
AAACGTAATGTTACTA,0
AAACGTACCCAACCTG,0
AAACGTACTCTAATTC,0
AAACGTAGACCTTTTA,0
AAACGTCAGAATCATG,0
AAACGTCATACTAATC,0
AAACGTCTAGCCGTTA,0
AAACGTGAGGAAATTA,0
AAACGTTAATACTAAC,0
AAACTAAAAACAATAG,0
AAACTAAACCTCTACA,0
AAACTAAACTACGAAG,0
AAACTAAACTTGAAGT,0
AAACTAAAGCTTGCAA,0
AAACTAACACCAATTA,0
AAACTAACCGAGGTAG,0
AAACTAACTCAAAGAG,0
AAACTAACTCTATACA,0
AAACTAAGGTCGGCCT,0
AAACTAAGTAATGTTG,0
AAACTAATAAATGAAG,0
AAACTAATATGATACA,0
AAACTAATTAACTAGC,0
AAACTACCAAGCCTCA,0
AAACTACCCAGATAAA,0
AAACTACTTAAACGTG,0
AAACTATAAGGCAATA,0
AAACTATACAACAAAA,0
AAACTATAGATAGATG,0
AAACTATATGTCAGTC,0
AAACTATCACAACAAA,0
AAACTATCAGAAATCA,0
AAACTATCAGACTGTA,0
AAACTATTATTACGAG,0
AAACTATTGATACATT,0
AAACTCAAATGCCGAG,0
AAACTCAACAAATCCT,0
AAACTCAAGCATTCCT,0
AAACTCACCAACTCAC,0
AAACTCACGTAGAATC,0
AAACTCAGTGTTACCC,0
AAACTCATAACCTAAA,0
AAACTCATCGACACCG,0
AAACTCATTAATTGTT,0
AAACTCCACTAGATGC,0
AAACTCCCAGCCGAGC,0
AAACTCCCTAAGCAAA,0
AAACTCCGGCACATGA,0
AAACTCGATCAACCAA,0
AAACTCGCACGAAACA,0
AAACTCGGAAACTCGA,0
AAACTCGGAATCGTCA,0
AAACTCTAAGCCGGCG,0
AAACTCTCACTTAAAA,0
AAACTCTTAAAATTTT,0
AAACTGAAAACACATC,0
AAACTGAATTGAGTTA,0
AAACTGAATTGGGCCA,0
AAACTGACTCGTGTTT,0
AAACTGAGAAGGCCAG,0
AAACTGAGACAAAGTT,0
AAACTGAGATCCAATC,0
AAACTGAGCACCTCTT,0
AAACTGCAACACATTA,0
AAACTGCCGTTGCAGC,0
AAACTGCGCTAAATCA,0
AAACTGCGGGGTGGAT,0
AAACTGCTCAGCACAG,0
AAACTGGCATAAAATG,0
AAACTGTAATTTTGAA,0
AAACTGTAGAATCTAC,0
AAACTGTATCAATCAT,0
AAACTGTCATTGTTAA,0
AAACTGTTAAACTGTT,0
AAACTTAAAGAGAAGA,0
AAACTTAATGCAAGTG,0
AAACTTACAAACCCTT,0
AAACTTAGCGGACGTA,0
AAACTTATCTTGGTGG,0
AAACTTCCCAAAAGCA,0
AAACTTCCCCTAAATT,0
AAACTTCGGTATCCTG,0
AAACTTCTGTTAACCA,0
AAACTTCTGTTAGTAA,0
AAACTTGCCGTAAACC,0
AAACTTGCTATCACCG,0
AAACTTGGATCAAATT,0
AAACTTGGGAACCAAA,0
AAACTTGGTGACAGGG,0
AAACTTTAATTTTCCA,0
AAACTTTACATGCGAG,0
AAACTTTATAAATGAC,0
AAACTTTTAAATCGCA,0
AAACTTTTAACGTTAA,0
AAAGAAAACTGGATAG,0
AAAGAAAAGGCAATAT,0
AAAGAAAATTAAGCTA,0
AAAGAAAATTAGAATT,0
AAAGAAACACATTATT,0
AAAGAAACCAAAAGTT,0
AAAGAAACTAATTAAC,0
AAAGAAAGATAGTAAA,0
AAAGAAAGTTTTCCTT,0
AAAGAAATACTATATA,0
AAAGAAATTAACCTTA,0
AAAGAACAATGCGGAA,0
AAAGAACACTACTAAC,0
AAAGAACAGAAAATCA,0
AAAGAACAGAACAAAT,0
AAAGAACAGACCGAAT,0
AAAGAACAGAGGATCT,0
AAAGAACATGTACGAA,0
AAAGAACCGATACGAA,0
AAAGAACCTAATCTCT,0
AAAGAACGTCAACTGG,0
AAAGAAGAAACATGCG,0
AAAGAAGAGGAATTCA,0
AAAGAAGCAAACAACT,0
AAAGAAGCGCTGGTTC,0
AAAGAAGCTGTAGCCC,0
AAAGAAGTGTACAAAG,0
AAAGAATAACAAACAT,0
AAAGAATATAAAGTAC,0
AAAGAATCATACTAGA,0
AAAGAATCATATGATT,0
AAAGAATCCTTCGTCA,0
AAAGAATCTAACTTGC,0
AAAGAATGTAGATGCA,0
AAAGACAAACACAAAG,0
AAAGACAAACACACAT,0
AAAGACAAATATAGTC,0
AAAGACACAAACCAAA,0
AAAGACAGATCCATTT,0
AAAGACAGCCTAGTGG,0
AAAGACATCATAATAG,0
AAAGACCATACAGAAT,0
AAAGACCATCAAATAA,0
AAAGACCGAGGATAGG,0
AAAGACCGGATAAACG,0
AAAGACGAGCAAATGG,0
AAAGACTAACAAACAA,0
AAAGACTATCCATATA,0
AAAGACTCTCGCAACC,0
AAAGACTTAAATTGGG,0
AAAGACTTTCCTTGTT,0
AAAGACTTTTACCTAT,0
AAAGAGAAGAAAGAAC,0
AAAGAGACAAGACCGC,0
AAAGAGATAACCAAAA,0
AAAGAGCAATCACCCA,0
AAAGAGCACTAAAAAC,0
AAAGAGCATGCTATTC,0
AAAGAGCGAGGAACCC,0
AAAGAGCGCTAGAATA,0
AAAGAGGATAGAATCC,0
AAAGAGGATAGATAGC,0
AAAGAGGCTTGAAATT,0
AAAGAGGGGTCTGTAA,0
AAAGAGGTATTGATCA,0
AAAGAGTCCACCCGGG,0
AAAGAGTCGTTCCTCT,0
AAAGAGTCTAATGGAA,0
AAAGATAAATTGACCA,0
AAAGATAGCGAATTGG,0
AAAGATATAAACCCCA,0
AAAGATATGACTAAAC,0
AAAGATCATCTAATCA,0
AAAGATGGTAAACTCA,0
AAAGATGTCAGGTCTA,0
AAAGATTATTTGGACA,0
AAAGATTGATAGTCAG,0
AAAGATTGGCCTCATA,0
AAAGATTTCTTGAAAT,0
AAAGCAAAAAACCGGT,0
AAAGCAAAGTTTTCGG,0
AAAGCAATTCGTACAA,0
AAAGCACACTATGGGG,0
AAAGCACATGTCCTAA,0
AAAGCACCCTCATCAA,0
AAAGCACTGGCCTGCT,0
AAAGCAGAGTTGCATA,0
AAAGCAGCATTTCTCC,0
AAAGCATAGATAACGA,0
AAAGCATCTTTCAATG,0
AAAGCATGATAGAAGT,0
AAAGCATTCCAAACCG,0
AAAGCCAATAAGATTA,0
AAAGCCACATAAAATA,0
AAAGCCACGGTATTCT,0
AAAGCCAGATAACTCA,0
AAAGCCATGGTCATGA,0
AAAGCCCACACAAAAT,0
AAAGCCCACCACACCA,0
AAAGCCCATACGAAAC,0
AAAGCCCTTCCCCCCA,0
AAAGCCTCACTGTATT,0
AAAGCCTGAACCAGCA,0
AAAGCGAATAGTAAGA,0
AAAGCGAATCGGACAC,0
AAAGCGCCTTACTGGA,0
AAAGCGCTGCAATACG,0
AAAGCGGGCTTCACCC,0
AAAGCGTACGTTAAAA,0
AAAGCGTATGCTCATC,0
AAAGCGTGGCTAAAAT,0
AAAGCTAACATGAGAA,0
AAAGCTAGCATTCACC,0
AAAGCTAGGACAAAAC,0
AAAGCTAGGTAATAAT,0
AAAGCTATCACCAAAA,0
AAAGCTATCCATTGCG,0
AAAGCTCACTCAAGCA,0
AAAGCTCTCGTAGAAT,0
AAAGCTGATGACTGGT,0
AAAGCTGGCCGTACTC,0
AAAGCTGGCGCTTACA,0
AAAGCTGGGAAAAGCT,0
AAAGCTGGTACCCAAT,0
AAAGCTTAGTGGGGGG,0
AAAGCTTATCTAATGA,0
AAAGGAAAACGTAACA,0
AAAGGAAAGCTCATGA,0
AAAGGAAATATAAATA,0
AAAGGAAATTGAGAAC,0
AAAGGAACACTCCCGT,0
AAAGGAACGCTGATAC,0
AAAGGAACTTTAATGA,0
AAAGGAAGGTGCACAT,0
AAAGGACAAAATACTA,0
AAAGGACAGCATTTGA,0
AAAGGACCCCTATAAA,0
AAAGGACGACAAATTC,0
AAAGGACGGGGTTACA,0
AAAGGACTAAACCTCG,0
AAAGGAGACTTTGTTC,0
AAAGGAGATGGAGTAG,0
AAAGGAGGCAAAAACT,0
AAAGGATAGTAATTCG,0
AAAGGATCATAACAGC,0
AAAGGATGGCATAGAA,0
AAAGGATGGGAAGATC,0
AAAGGATGTATACGCG,0
AAAGGATGTTTCGAGC,0
AAAGGATGTTTGATGA,0
AAAGGATTATTCAGCG,0
AAAGGATTCCCCGCAC,0
AAAGGCAAACGGCTAG,0
AAAGGCAACGAAAAAC,0
AAAGGCACACCAACCA,0
AAAGGCATTGAGCAGC,0
AAAGGCCGCGCTATAA,0
AAAGGCGAACGTTTAA,0
AAAGGCTCCGTGCTAA,0
AAAGGCTCTTCACATA,0
AAAGGCTTGGCACCAA,0
AAAGGGAATAATTATA,0
AAAGGGAATTGCAAGA,0
AAAGGGACCTCTCCAG,0
AAAGGGACGCAACAGA,0
AAAGGGACGGAAGTCG,0
AAAGGGCTCTTAGTGA,0
AAAGGGGAAGCATTAT,0
AAAGGGTACATAATCA,0
AAAGGGTCAGGACCAA,0
AAAGGGTTGAACCCCG,0
AAAGGTAACACCTCAC,0
AAAGGTAACTACTAAA,0
AAAGGTAATCCACATG,0
AAAGGTATGAATATTT,0
AAAGGTCACGACCTAT,0
AAAGGTCATGAATTAT,0
AAAGGTCATGGATGTC,0
AAAGGTGATCTGGTAT,0
AAAGGTGGAAGAAATA,0
AAAGGTGGACACGAGG,0
AAAGGTTAATAACGAT,0
AAAGGTTAGGTCCTGC,0
AAAGGTTCAAAAGCCT,0
AAAGGTTCGATACACT,0
AAAGGTTGTCTCTTTT,0
AAAGGTTTAAAAAAGT,0
AAAGTAAACCCAGTTA,0
AAAGTAAAGATGGAGA,0
AAAGTAACAAACACTC,0
AAAGTAACACTGGTAG,0
AAAGTAATCAAAAAAA,0
AAAGTAATTGTTCAAA,0
AAAGTACCTGTTTATC,0
AAAGTACGCCAATTCG,0
AAAGTAGAGATTACCC,0
AAAGTAGCTACGGGGT,0
AAAGTAGTGTGCGACC,0
AAAGTATAGGCGTGCG,0
AAAGTATTTCGATGAA,0
AAAGTCAAATGATATA,0
AAAGTCAACGTATGAT,0
AAAGTCAGAAATCCCT,0
AAAGTCAGTACGGCCT,0
AAAGTCAGTGTATAAC,0
AAAGTCAGTTCAACAT,0
AAAGTCCTTTAAAGGC,0
AAAGTCGTGACTAACT,0
AAAGTCTTGCCTACAT,0
AAAGTCTTTCCATCAC,0
AAAGTGAAAAACGGTC,0
AAAGTGAACACTTTCG,0
AAAGTGACAATCATCC,0
AAAGTGACCAAAATAC,0
AAAGTGCTCAACAAAC,0
AAAGTGGCTACAAATC,0
AAAGTGGTATAGCGAA,0
AAAGTGTGAGAAACTA,0
AAAGTGTTCAACTTAG,0
AAAGTTAAAAAGCGGA,0
AAAGTTAATAAACATG,0
AAAGTTACGCTTCATT,0
AAAGTTAGAACTAATA,0
AAAGTTAGTATTTTTC,0
AAAGTTATACCTGTTC,0
AAAGTTCAAAATCCTA,0
AAAGTTCATGACATAA,0
AAAGTTCCGAAGTGTT,0
AAAGTTGAGATCCATT,0
AAAGTTGATTTTTCCA,0
AAAGTTGTATTCCGTG,0
AAAGTTTGACTCGATG,0
AAATAAAACAAACAAT,0
AAATAAAAGAGTGGCG,0
AAATAAAAGATCCCCG,0
AAATAAACACAATTAA,0
AAATAAACATTTGCAA,0
AAATAAACGAAGTCAT,0
AAATAAAGATAATTGG,0
AAATAAAGTCTCAGAG,0
AAATAAATCAGTCTGG,0
AAATAAATGTGCTAGT,0
AAATAACACAGCCGGT,0
AAATAACAGAGCTCCC,0
AAATAACAGATAAAAT,0
AAATAACCAACGGCAA,0
AAATAACCACCGCTGG,0
AAATAACCAGTGTTGT,0
AAATAACCATTTAACC,0
AAATAACCTCTATCAT,0
AAATAACGATGGTGTC,0
AAATAACGATTAAAAA,0
AAATAACGGGCTTGTA,0
AAATAACTAAGATAAG,0
AAATAACTGAAGCAGC,0
AAATAACTGCGAAATT,0
AAATAAGAAACTAATA,0
AAATAAGAATATAATT,0
AAATAAGACCATCCGA,0
AAATAAGACTCCGTGT,0
AAATAAGGCAAATTAT,0
AAATAAGGTAAAAAAA,0
AAATAATAAATGTACC,0
AAATAATAATTAGTAT,0
AAATAATAGGGATCTA,0
AAATAATAGTAACGAA,0
AAATAATATAAATACA,0
AAATAATATATATCAA,0
AAATAATATTCTGTCC,0
AAATAATCCGAGTACA,0
AAATAATGTGGCCTCA,0
AAATAATTTCGCGCAC,0
AAATAATTTCGTTTAC,0
AAATACAACCAAAAGG,0
AAATACAAGTAACTCC,0
AAATACAATAGCAGTA,0
AAATACACATGTTTCA,0
AAATACACTCGAGAAA,0
AAATACAGATAAACCA,0
AAATACAGCATCTCGA,0
AAATACATAATGAATA,0
AAATACATACAACCAA,0
AAATACCATGAACACA,0
AAATACCCTCAATTTC,0
AAATACCGAAACCAGA,0
AAATACCTTTTCCAAC,0
AAATACGACCAGACTT,0
AAATACGAGGAGACAA,0
AAATACGATATAGTGT,0
AAATACGATTTCAGAT,0
AAATACGCAAAATTTA,0
AAATACGCACACCCGT,0
AAATACGCGGCAGTTA,0
AAATACGCTGACACGT,0
AAATACGGAACAATTT,0
AAATACGTACACGACT,0
AAATACTTGATCGTAC,0
AAATAGAAAACCGATG,0
AAATAGAAGGTCCGAG,0
AAATAGACACAACTAG,0
AAATAGACCCAAAAAA,0
AAATAGACGGAATTCT,0
AAATAGAGTGGAATGT,0
AAATAGATACAGTAAG,0
AAATAGCAAAACAAAA,0
AAATAGCACGAAACTG,0
AAATAGCTATAGGTAT,0
AAATAGCTGCCAAAAC,0
AAATAGGAAAGTTTTT,0
AAATAGGAATGTAGGA,0
AAATAGGACTGGCGCC,0
AAATAGGCCGCCCAAC,0
AAATAGGGGTAAAATA,0
AAATAGGTAGTGGAAC,0
AAATAGGTGAACGCGC,0
AAATAGGTGGCAGGCC,0
AAATAGGTTTACATTA,0
AAATAGTTCCTTGAAG,0
AAATATAATCTCCATG,0
AAATATAATTAACGCA,0
AAATATACTCTGATAC,0
AAATATAGAGATAAAG,0
AAATATAGCCAACATC,0
AAATATAGCTATCACT,0
AAATATAGTACGCAGG,0
AAATATAGTCTGGACC,0
AAATATAGTTGAACCA,0
AAATATATAATGAGCG,0
AAATATATACCAGGCT,0
AAATATATCACGCTGC,0
AAATATATGAAATCCG,0
AAATATATGGTGGCGC,0
AAATATATGTAGCGTC,0
AAATATATTTGAGAGG,0
AAATATCAAGGCTGGA,0
AAATATCAATTCCCTC,0
AAATATCATAGTAGGC,0
AAATATCATAGTTGCC,0
AAATATCCAAGCACAG,0
AAATATCCACAAACCT,0
AAATATCCACACTGGC,0
AAATATCCCCATGAAA,0
AAATATCGAAACAGTG,0
AAATATCTCTACCCTT,0
AAATATGACTCCCAGC,0
AAATATGATCTGCCAG,0
AAATATTAATAGATGG,0
AAATATTACACTAGAA,0
AAATATTAGGAAAAGA,0
AAATATTCAAAGTGCT,0
AAATATTCCACTTAAA,0
AAATATTGACTAAAAA,0
AAATATTGCCAACGGA,0
AAATATTTAAATTTCA,0
AAATATTTCTTCGCGG,0
AAATATTTTAAGGTAA,0
AAATCAAAATAGATAA,0
AAATCAAATAGGTACC,0
AAATCAAATATTCACA,0
AAATCAAATGGACCTC,0
AAATCAACAGAATCGG,0
AAATCAACTGCACACA,0
AAATCAATATACGGAA,0
AAATCAATTGCCACTG,0
AAATCAATTTCTCGTT,0
AAATCACAATTTAACG,0
AAATCACATGAAGAGG,0
AAATCACTTAACACGT,0
AAATCAGACGCCATAG,0
AAATCAGAGATACAAT,0
AAATCAGATAGTTTGA,0
AAATCAGGACTATGCT,0
AAATCATAAATCATAG,0
AAATCATAAATGAAAT,0
AAATCATACCTTCACG,0
AAATCATGCCTACTAT,0
AAATCATGGACCAAAT,0
AAATCATTCACTGGAC,0
AAATCATTCAGAGCTA,0
AAATCATTTGAGTTCT,0
AAATCATTTTTCTGGA,0
AAATCCAAAACAAGTG,0
AAATCCAAGTATAACG,0
AAATCCAATCATACAT,0
AAATCCAGAGTGAACA,0
AAATCCATTAAAATCA,0
AAATCCATTCCTGATA,0
AAATCCCAAACGCCTT,0
AAATCCCGGCGCCCCC,0
AAATCCCTATTTTAGG,0
AAATCCGCAATCGAGC,0
AAATCCGCCTACAGGT,0
AAATCCGGGTCTCATA,0
AAATCCTACTTCAGAG,0
AAATCCTCTTATAAAT,0
AAATCCTTATCAACTT,0
AAATCGAAATTCGTGG,0
AAATCGAGCCCTTATT,0
AAATCGATGGGATCGT,0
AAATCGCAAATTTCAA,0
AAATCGCTGTGGTCAA,0
AAATCGGACCAGAGAA,0
AAATCGGGCGTCAATA,0
AAATCGTAGCTCCTGT,0
AAATCGTAGGTATCAC,0
AAATCGTGTTAATTAA,0
AAATCGTTAAAGTAGG,0
AAATCGTTACATAACA,0
AAATCTACAAAAATGG,0
AAATCTACAAGTAACG,0
AAATCTAGAGAATGAA,0
AAATCTAGCGTTACAT,0
AAATCTATAAAGCTGC,0
AAATCTATCGAAAATG,0
AAATCTCCCGCATTGA,0
AAATCTCGAGGTCTGC,0
AAATCTCGCCACGTAT,0
AAATCTCTTCGATCTT,0
AAATCTGACAGGTACC,0
AAATCTGACTCTCAAG,0
AAATCTGAGAACAGCT,0
AAATCTTCCCTATCCG,0
AAATCTTTCAAGAGTT,0
AAATGAAAAAATAACC,0
AAATGAAAATTAACCT,0
AAATGAAATAAAGACC,0
AAATGAAATCGTGCTG,0
AAATGAACAAACGGCC,0
AAATGAACAGGATTTC,0
AAATGAACCCGTGGAA,0
AAATGAACTAAATCAC,0
AAATGAAGCAAAGTAT,0
AAATGAAGTAAATGGT,0
AAATGAAGTATATACC,0
AAATGACACATCTAAC,0
AAATGACCGGATTAAT,0
AAATGACGAGACGAAC,0
AAATGACGCATTCTTC,0
AAATGAGAACTGTAAG,0
AAATGAGAGAAATATT,0
AAATGAGAGAGTGGGA,0
AAATGAGATCGCAACA,0
AAATGAGATTGCCACA,0
AAATGAGCGCATGTGC,0
AAATGATACGGAAATA,0
AAATGATACTACAGGA,0
AAATGATATTGTGCTG,0
AAATGATCGGGCAAGA,0
AAATGATCGTTAGGGC,0
AAATGATCTAATACAT,0
AAATGATGTAAAAGGC,0
AAATGATGTGTCTGAG,0
AAATGATTAACCAAAT,0
AAATGATTACACATAG,0
AAATGATTACTTCACG,0
AAATGCAAAACCGCAT,0
AAATGCAAGAGAAAAT,0
AAATGCAATACTGAAA,0
AAATGCAATCCCCTTT,0
AAATGCAGTCGAAGAA,0
AAATGCATAAAAACGT,0
AAATGCATCAATATTT,0
AAATGCCAACGATTAT,0
AAATGCCCAAATGGCC,0
AAATGCCTCCTTCCCA,0
AAATGCCTTTTGGTTT,0
AAATGCGACATGACAA,0
AAATGCGTAGCGACGC,0
AAATGCTCTGCTGAGT,0
AAATGGAAACGTACTG,0
AAATGGAACCAATATA,0
AAATGGACGTTAGGCT,0
AAATGGCATGCACGCA,0
AAATGGGTATTAAAAT,0
AAATGGTATTCTCCTA,0
AAATGGTGCTTGATCA,0
AAATGTAAACGGAAAA,0
AAATGTAACAAACAGG,0
AAATGTAATAGACGTA,0
AAATGTACTAGGACTA,0
AAATGTAGCCCGAAAA,0
AAATGTAGTGCTGTTC,0
AAATGTATCTCTGATA,0
AAATGTCCCGAATCAT,0
AAATGTCGAACAGACA,0
AAATGTCGAGGGTTCA,0
AAATGTCGCACATTAG,0
AAATGTCTTGCTGAAC,0
AAATGTGCATACTTTT,0
AAATGTTAAACCACAT,0
AAATGTTAAAGATGGA,0
AAATGTTGGCCACTAC,0
AAATGTTTAAAGTATC,0
AAATGTTTAGGTTCGC,0
AAATGTTTTCATTAAA,0
AAATGTTTTTATTTAA,0
AAATTAAAATGTATAT,0
AAATTAAATGTTGGGA,0
AAATTAAATTCGATGC,0
AAATTAACAAAAAGTG,0
AAATTAACAAATAGAT,0
AAATTAACTAAGGATA,0
AAATTAACTGCGGGTT,0
AAATTAAGGAATTGAC,0
AAATTAAGGACAAATC,0
AAATTAAGGGCGCGCC,0
AAATTACACGCTATGA,0
AAATTACCAGCCTAAC,0
AAATTACCCAGATTTA,0
AAATTACCTACCGCAG,0
AAATTACTAACCAGCG,0
AAATTAGAAATCCATT,0
AAATTAGACAATGGTC,0
AAATTAGATTGACTCG,0
AAATTAGCAAACCACA,0
AAATTAGGAACTTACA,0
AAATTAGGATCCTCAA,0
AAATTAGGCCGCAATC,0
AAATTAGGGACTGTAT,0
AAATTAGTCAGGTGTA,0
AAATTATACAATTGAA,0
AAATTATACAGAAAGT,0
AAATTATCACACTCAG,0
AAATTATCACGGTTCG,0
AAATTATCCACAATTC,0
AAATTATCCATCTAAA,0
AAATTATGAACCAGTG,0
AAATTATGATGTAAGT,0
AAATTCAAATAAGAAT,0
AAATTCAACAGATGGT,0
AAATTCAAGTCTCGGA,0
AAATTCACAAAAAAAT,0
AAATTCACATGAGCAG,0
AAATTCAGATATCCAC,0
AAATTCAGGTATAAAA,0
AAATTCAGTCACCTCT,0
AAATTCATAAACCACC,0
AAATTCATAGTTTTAT,0
AAATTCATCAACGTGA,0
AAATTCATGGAAGGTA,0
AAATTCATTAGTATGA,0
AAATTCATTGAGTCTC,0
AAATTCCAAATATGGT,0
AAATTCCAGGTATAAT,0
AAATTCCATTTCTATC,0
AAATTCCCAAATAGAC,0
AAATTCCCCACAAGAA,0
AAATTCCTGGAGAAAA,0
AAATTCCTTAAACGAT,0
AAATTCCTTAAATCCT,0
AAATTCGAATGTAGCG,0
AAATTCGCAATCGGGG,0
AAATTCGCCCCACTTT,0
AAATTCTATAATTCAA,0
AAATTCTGTCAACAAA,0
AAATTCTTATTAAGAC,0
AAATTGAACTTAATAA,0
AAATTGAATTTTTATA,0
AAATTGACAGTGCAAA,0
AAATTGAGGGAACGAA,0
AAATTGCATCAGACTA,0
AAATTGCCACAACACT,0
AAATTGCCTCAGAAAA,0
AAATTGCTAATTACAA,0
AAATTGCTACAGCTAT,0
AAATTGGACCACAAAC,0
AAATTGGCTGTAGACA,0
AAATTGGGATGAGTGA,0
AAATTGGTTGAAGCTC,0
AAATTTAAACCAACAT,0
AAATTTAAACCTTTAA,0
AAATTTAAATAGAGAT,0
AAATTTAACGGGTAGC,0
AAATTTAATAAGTTTC,0
AAATTTACAAGGTTAA,0
AAATTTACCGATTATA,0
AAATTTACCTATAAAA,0
AAATTTACGAAATAAA,0
AAATTTACGAACAAGT,0
AAATTTACTCACGCAG,0
AAATTTATAAATAAAA,0
AAATTTATAAATAACC,0
AAATTTATTTGTAAAA,0
AAATTTCAGTGAGCCT,0
AAATTTCATCCGTACT,0
AAATTTCCTTTAAAAT,0
AAATTTGATGCACCAG,0
AAATTTGCAAATTTAT,0
AAATTTGGGAATTAAA,0
AAATTTGTAGAGCCGC,0
AAATTTGTCATCAGGA,0
AAATTTGTTTCAAAAC,0
AAATTTTCAAGATCTA,0
AAATTTTCAGCAGCTT,0
AAATTTTCCGTGACCT,0
AAATTTTGCATAACTT,0
AACAAAAAAGAGTGAA,0
AACAAAAAATCTCAGA,0
AACAAAAACACGGGAT,0
AACAAAAAGCATTAAA,0
AACAAAAAGGAGAATT,0
AACAAAAATCTTGATT,0
AACAAAACACACCCTT,0
AACAAAATCACTAAGT,0
AACAAAATCTTAGAAA,0
AACAAAATTCCCACAA,0
AACAAACAAATTAGAA,0
AACAAACACCCAGGGT,0
AACAAACATACAAAGC,0
AACAAACATCACGAAT,0
AACAAACATTTCAAAC,0
AACAAACGCAATTTTA,0
AACAAACGGAAAGCGT,0
AACAAACTACCCCAAC,0
AACAAACTACTAGGGA,0
AACAAACTCTTGATTA,0
AACAAAGACCTAATGT,0
AACAAAGACTGCAACC,0
AACAAAGCTCTCGTGA,0
AACAAAGGACTCGTAT,0
AACAAAGTAAACGAAT,0
AACAAAGTTGATCAAT,0
AACAAAGTTTAACAAA,0
AACAAATAAAAAAAGA,0
AACAAATAACCCCCCC,0
AACAAATAATACTTAA,0
AACAAATACCAGGACC,0
AACAAATACTAAATAA,0
AACAAATAGTCCTTTC,0
AACAAATATTATGTAC,0
AACAAATATTCAACGA,0
AACAAATCAAAATGTA,0
AACAAATCCAGAACCT,0
AACAAATCTTAAAGTA,0
AACAAATCTTTCTATA,0
AACAAATGAAAATTTT,0
AACAAATGCATGTCTC,0
AACAAATGCCGTCCCG,0
AACAAATTAAAGAACC,0
AACAAATTACGAGGGC,0
AACAAATTTGAATCTT,0
AACAACACACCTCAAT,0
AACAACATACAGTGCA,0
AACAACATACCCTCTT,0
AACAACCAAACATCTC,0
AACAACCAAATTGAGT,0
AACAACCAACGCCAAT,0
AACAACCACCCCTTGG,0
AACAACCAGAGTACAG,0
AACAACCAGCTCGCAA,0
AACAACCTACACATTA,0
AACAACCTATGTCATA,0
AACAACGACGGAAAGT,0
AACAACGCATAATAAC,0
AACAACGCCGTATTTC,0
AACAACGCGTCATCTT,0
AACAACGTTGCCCCCG,0
AACAACTAACCGTAAC,0
AACAACTCCAAACCTG,0
AACAACTGACGCATGA,0
AACAACTTACTCGCAG,0
AACAAGAATTAAGATA,0
AACAAGACACAAAATC,0
AACAAGACACCACTTA,0
AACAAGAGAATACAAA,0
AACAAGAGTTCATAGT,0
AACAAGATAGGATCCC,0
AACAAGATCGACCCGA,0
AACAAGCAATTCTAAA,0
AACAAGCCACCCTCGG,0
AACAAGCCGAGGATAC,0
AACAAGCCGATAGAAT,0
AACAAGCGAGCTGAGA,0
AACAAGCTAACGCGAC,0
AACAAGCTAAGAGAGA,0
AACAAGCTACGAGGCT,0
AACAAGCTACTACTTG,0
AACAAGCTTAACTCAT,0
AACAAGGAAGATGAGG,0
AACAAGTACGCTAGCC,0
AACAAGTCGCATAAAA,0
AACAAGTCGGACAAAA,0
AACAAGTGGCGTAACC,0
AACAAGTTTCTAAACG,0
AACAAGTTTCTTCTGT,0
AACAATAAACTGGTAA,0
AACAATAATTCAAATA,0
AACAATACTGGTCCCG,0
AACAATAGCTAAACCG,0
AACAATAGGCCACTAA,0
AACAATAGTAATCCCA,0
AACAATATAAAAAATC,0
AACAATATAAAAGACC,0
AACAATATACTATAAC,0
AACAATCAACGGGGAA,0
AACAATCACAAAGGAG,0
AACAATCACTTGAAGT,0
AACAATCGTAGAGCTG,0
AACAATCTACACGCAC,0
AACAATGAGACAGTAA,0
AACAATGATAATAGAA,0
AACAATGATTTAAACC,0
AACAATGCACCAGCAT,0
AACAATGGAGAGAGAA,0
AACAATTCTCTGAAGA,0
AACAATTTTAATTCAG,0
AACACAAAAAGTCCGC,0
AACACAAAATCCAAAA,0
AACACAAAGGGAGTGG,0
AACACAACCTTGAACA,0
AACACAACTTAGGCCC,0
AACACAAGCTCATACT,0
AACACAAGGATACCAA,0
AACACAATCATAACAA,0
AACACAATTTATGACA,0
AACACACATCAGTCTA,0
AACACACCATAGAAAA,0
AACACACTTAACTAAA,0
AACACAGATGATTGAC,0
AACACAGGAAGCATGA,0
AACACAGGGAAAAAGT,0
AACACAGTAAATTCCT,0
AACACATAAATTTCTG,0
AACACATAAGTAACGC,0
AACACATATACAAAAA,0
AACACATCCCTCTGCA,0
AACACATGATAAGCCG,0
AACACATGCAAACGGA,0
AACACATGGCCCGTAC,0
AACACATTATGACCCT,0
AACACCAACATACACA,0
AACACCAACCCCACCA,0
AACACCACCTAGATCT,0
AACACCACGTCTTTCC,0
AACACCAGGACAAAGG,0
AACACCATCTGATGGA,0
AACACCATTAAGCCTT,0
AACACCCCAAATTAAA,0
AACACCCCACCAAGAT,0
AACACCCGCTCTCTCG,0
AACACCGTCGGATGGA,0
AACACCTAAAGACACT,0
AACACCTGTGTCACTG,0
AACACCTTCAACACCC,0
AACACCTTGCTGCTAC,0
AACACGAATTATTCGA,0
AACACGACCAATATGC,0
AACACGAGAACCGGGC,0
AACACGATAATATCAC,0
AACACGCCGTAATTCT,0
AACACGCCTAAGAAAA,0
AACACGCTGAACCCGA,0
AACACGCTTAGGGGTC,0
AACACGGAATCATGTC,0
AACACGGAGATGCTCT,0
AACACGTGATATGTCG,0
AACACTAAAACTGGAT,0
AACACTAAATGACACG,0
AACACTAAATGTTCAC,0
AACACTAATAACGTGA,0
AACACTACATACTTGG,0
AACACTAGAAAGAACC,0
AACACTATACTAAAAT,0
AACACTATACTGTGGA,0
AACACTCAAAAGATCA,0
AACACTCCGATGGAAT,0
AACACTGAAGATAAAT,0
AACACTGAATAACAAA,0
AACACTGACATTCATT,0
AACACTGACTATAGAT,0
AACACTGATGCAAATA,0
AACACTGCCTTACCTA,0
AACACTGTTTGCACAA,0
AACACTTACATGACTA,0
AACACTTCCAACTTTT,0
AACACTTGAAATTTCC,0
AACAGAAAACTTGCGA,0
AACAGAAAGAAACAGC,0
AACAGAACAAAGAATT,0
AACAGAAGTATCATAC,0
AACAGAAGTTTTGTAA,0
AACAGAATGAATATAA,0
AACAGACAATAATGCC,0
AACAGACACTCATATC,0
AACAGACATGCTCGCA,0
AACAGACCCAAGATAG,0
AACAGACCCACCGAAA,0
AACAGACGTTCAATCG,0
AACAGACTAATCCCTT,0
AACAGACTATATACTA,0
AACAGACTATGTAAAT,0
AACAGAGGACCATGAT,0
AACAGAGTTTCTAAAG,0
AACAGATATTTCATTG,0
AACAGATTACCTCTAA,0
AACAGATTATTTAATG,0
AACAGATTCAATCCAA,0
AACAGCAAAGTGTGAT,0
AACAGCACTAAGAAAG,0
AACAGCACTAGCTGTC,0
AACAGCATGGGGGCTT,0
AACAGCATTTATCTAA,0
AACAGCCCATATACAG,0
AACAGCCCGGAGTGTC,0
AACAGCCGGTTCCAAA,0
AACAGCCTTCGTGGGG,0
AACAGCGACGGCCCCG,0
AACAGCGGCAATTAAA,0
AACAGCTCAAACTACC,0
AACAGCTGAGGCGAAA,0
AACAGGAAAATAATAT,0
AACAGGACCGTATAAA,0
AACAGGCTTCCATTAG,0
AACAGGGAAGTTAATT,0
AACAGGTGACGTATGT,0
AACAGTAAGCCGAATA,0
AACAGTACTTGAAACG,0
AACAGTATCGTATGTA,0
AACAGTCAATGGAACT,0
AACAGTCATAGTAACT,0
AACAGTCGATGACAGG,0
AACAGTGCTGAGCTGT,0
AACAGTGTAAATCATC,0
AACAGTTCCCAGCTAG,0
AACAGTTGAGCAGAAA,0
AACAGTTGATAGATCT,0
AACAGTTTTAAAGCAC,0
AACATAAAAAATTTTG,0
AACATAAAGATTACAG,0
AACATAACAACAAGAC,0
AACATAATACTCCGCA,0
AACATAATGGTAAAGA,0
AACATACACTAAACGT,0
AACATACTTATGTACT,0
AACATAGAAAATGACA,0
AACATAGAGACGATGC,0
AACATAGCAGAGACCA,0
AACATAGCATCAGTCC,0
AACATAGCCGAAAAAA,0
AACATAGTGGGGGCAA,0
AACATAGTGTGAAATG,0
AACATAGTTGCCACCG,0
AACATATAGAGAGTGG,0
AACATATATGCAAACA,0
AACATATCGAAAAGAA,0
AACATATCGCGAATAA,0
AACATATGAATTCAAA,0
AACATATTACACTTGA,0
AACATATTGCCGCTAC,0
AACATATTGTCATGAA,0
AACATCAAAAAACCGA,0
AACATCAACACCGCAT,0
AACATCAATCGAAAGA,0
AACATCAATTACGTTG,0
AACATCAGGAGTGACG,0
AACATCATCACACAGG,0
AACATCCTGGACTAGC,0
AACATCCTGTGGACTA,0
AACATCGAACCATAAG,0
AACATCGTTAACATGT,0
AACATCTATCATTACA,0
AACATCTCTGGTCCCA,0
AACATCTGGAAAATCC,0
AACATCTGTAAAACCT,0
AACATCTTTTAAAGAT,0
AACATGAAAAAAAAAG,0
AACATGAAAATGTTCG,0
AACATGAATGATAACG,0
AACATGACACTTTAAG,0
AACATGACCACAGCCG,0
AACATGACGACAGGGG,0
AACATGAGAACCCTAA,0
AACATGATCCGAGCGT,0
AACATGCAAATACGAC,0
AACATGCATAAACCGG,0
AACATGCCCTATTCTG,0
AACATGCCGAACGATT,0
AACATGCCTTATTAGT,0
AACATGCTCGGATCTA,0
AACATGGTAATGCTTG,0
AACATGTGGATGGGCA,0
AACATGTGTCAATTAA,0
AACATTAACTAATGGG,0
AACATTAATGCTACAC,0
AACATTATTCAATATA,0
AACATTCACATCAACA,0
AACATTCCATCACAAG,0
AACATTCGAATAATGA,0
AACATTCTAACATTAT,0
AACATTCTGAAGACTA,0
AACATTGAGAGAACGC,0
AACATTGATCTTGATT,0
AACATTGGCCCAAACT,0
AACATTTAACTGTTGA,0
AACATTTAATCTCAAC,0
AACATTTATTGCCGCG,0
AACATTTGCATTCACA,0
AACATTTTACAGTTGA,0
AACCAAACAACACCTT,0
AACCAAAGCACGTGAA,0
AACCAAAGTAAAGTTT,0
AACCAAATCGAAGAAG,0
AACCAACAAAACCAAC,0
AACCAACAGTTTAAAT,0
AACCAACATAACCAAT,0
AACCAACCTAAGCACG,0
AACCAACGAGATGTAG,0
AACCAACTCACGCAAG,0
AACCAACTGAATAACA,0
AACCAAGAACAAACTA,0
AACCAAGAGGTGGTAA,0
AACCAAGGGTTGGAAA,0
AACCAAGTATGTGAAC,0
AACCAAGTGTGGTTCA,0
AACCAAGTTAAACGCT,0
AACCAATAAGTTTAAC,0
AACCAATAATGAGCTG,0
AACCAATCCACTACCC,0
AACCAATGACCCAATA,0
AACCAATTACTATGCT,0
AACCAATTTCTCATGC,0
AACCACAATCTGTCCA,0
AACCACAGACTACGTA,0
AACCACATATGTGCAC,0
AACCACCAAGACGGTT,0
AACCACCAGTATCGAT,0
AACCACCCCCTAGATG,0
AACCACCCGTAAATAT,0
AACCACCCGTATTGAG,0
AACCACCTAACTTCGC,0
AACCACCTCTTAAGAT,0
AACCACGAAAAGCGCT,0
AACCACGATTACGCAA,0
AACCACGGATCATGGT,0
AACCACGTTACAAAGA,0
AACCACTAGAGGACTC,0
AACCACTATTTAATGG,0
AACCACTCATCAAAGG,0
AACCACTGACGTCTTG,0
AACCACTTGAAGATTC,0
AACCAGACATACAATC,0
AACCAGACATCCCGAG,0
AACCAGACCACCACCA,0
AACCAGACGTTGAATC,0
AACCAGATTTAGTTTT,0
AACCAGTAAGCATTCA,0
AACCAGTAGTACAAAG,0
AACCAGTAGTCAACAT,0
AACCAGTCATTCGAAC,0
AACCAGTCTCACAATT,0
AACCAGTTAGCATTAA,0
AACCATAAACCACTAG,0
AACCATAATGCAAACA,0
AACCATACAGTAGATT,0
AACCATATGTTTTAAT,0
AACCATCTAGAGCAAT,0
AACCATGAATTAACTC,0
AACCATGTAAAAAGAT,0
AACCATTAATCTCAAA,0
AACCATTCTTGACTAA,0
AACCCAAAAAAATTTC,0
AACCCAAACGCCTTCC,0
AACCCAACTATACTTT,0
AACCCAAGATCATACA,0
AACCCAAGCGCTGGAG,0
AACCCACATAAACACA,0
AACCCACATTATTCTA,0
AACCCACGCAGGCTTC,0
AACCCACTTACCGTGC,0
AACCCAGAAACACATA,0
AACCCAGACAAAGATT,0
AACCCAGGTAGAATCT,0
AACCCATAAAAACTGT,0
AACCCATAGTTCAGCC,0
AACCCATTTTATCCTG,0
AACCCCAACTGTCATA,0
AACCCCAAGGAATAAA,0
AACCCCCGGAGTATTG,0
AACCCCCTTCAGGAAA,0
AACCCCGGTAACTGCG,0
AACCCCTAGCTCTAAG,0
AACCCCTATAACAACA,0
AACCCCTCCAAGTTCA,0
AACCCCTTTGATAATG,0
AACCCGAACCTACAAT,0
AACCCGAATCACAAGA,0
AACCCGAATCCTGAAC,0
AACCCGATTTATGGAA,0
AACCCGCCCAAACGTG,0
AACCCGCCCGGATGAG,0
AACCCGGAACAATAAC,0
AACCCGGCAAGGTGCT,0
AACCCTACCATCACCC,0
AACCCTACCCTATTAC,0
AACCCTAGGCTGAACA,0
AACCCTATACGGACCT,0
AACCCTCCCTAAACAT,0
AACCCTCGGGTAGTAG,0
AACCCTGAAAAGGAAC,0
AACCCTGTTACCACAT,0
AACCGAAAATAAATAT,0
AACCGAAAATAAGGAG,0
AACCGAAAATACAAGA,0
AACCGAAATAATTGGT,0
AACCGAAGAAGGAAAA,0
AACCGACCACAAATAA,0
AACCGACCCCCTCAAC,0
AACCGACCGCGGACGT,0
AACCGACCTTTAACCA,0
AACCGAGAAATAGTGC,0
AACCGAGATCGCCCTT,0
AACCGAGCACAGACGT,0
AACCGAGCCCATTATA,0
AACCGAGCTTTATAAG,0
AACCGATCGTTACCAG,0
AACCGATCTAGTATCA,0
AACCGATGAAGAATAT,0
AACCGATGTTAAATTA,0
AACCGCCGCACAAGAC,0
AACCGCGAACCCTAAA,0
AACCGCGTGATCCATC,0
AACCGCTCACCATCTC,0
AACCGCTCATAATACT,0
AACCGGCCAGAACCTA,0
AACCGTAACTTATGAA,0
AACCGTAATGCTAAAC,0
AACCGTAATTATAGGA,0
AACCGTACCTTAATAA,0
AACCGTATATGCAAGA,0
AACCGTATGAACATAA,0
AACCGTCAACGACCCG,0
AACCGTCCTAGAGTAC,0
AACCGTGAAACGTACA,0
AACCGTTCGTGGGCTA,0
AACCGTTGGTCGCCGA,0
AACCGTTTGACCTTTG,0
AACCGTTTTAACTGAC,0
AACCTAAAACCGTCGA,0
AACCTAACATTGCACC,0
AACCTAATTTGACTCT,0
AACCTACAATACAATC,0
AACCTACCAAAAGGCA,0
AACCTACCAGGGATAT,0
AACCTACGCGTACTGA,0
AACCTACTGCTAGTTT,0
AACCTAGCACCAATTC,0
AACCTAGTCAAACTTG,0
AACCTAGTTTAGCTCC,0
AACCTATATTACATAA,0
AACCTATCACATCTAC,0
AACCTATTCCGTTCGC,0
AACCTCAATCACGGCA,0
AACCTCATAAATGTTT,0
AACCTCCCAACTGTAA,0
AACCTCCCCAGAAGCT,0
AACCTCCCCGGATAAC,0
AACCTCGTTGATAAAA,0
AACCTGACAAACGTGA,0
AACCTGACAATACCTT,0
AACCTGACTCAACACC,0
AACCTGCCCAAAGTAA,0
AACCTGCTCCAAAGAT,0
AACCTGGCTGTGGGAC,0
AACCTGGGTCAAAAAC,0
AACCTGGTGCCACTAT,0
AACCTGTACCGGAAAA,0
AACCTTAGCATATCAC,0
AACCTTAGGAAGACCT,0
AACCTTATACAACCCA,0
AACCTTATATGAAAAG,0
AACCTTCAGTGATTTA,0
AACCTTCTAACTGAGT,0
AACCTTGGAGGAATCT,0
AACCTTTCTAATATCC,0
AACCTTTGTAAGATAT,0
AACCTTTTACTTAGAT,0
AACGAAAACTGCCAAG,0
AACGAAAATGTTTACT,0
AACGAAACCATATTAT,0
AACGAAAGAAACACAT,0
AACGAAAGACCAAGAA,0
AACGAAAGGAACAGAC,0
AACGAAAGTTGAGAGG,0
AACGAAATACTAAATT,0
AACGAACAATAACCTA,0
AACGAACACACGAGAG,0
AACGAACAGTAAACCG,0
AACGAACGAACTGATC,0
AACGAACGTTATAAAA,0
AACGAAGAACACCCAG,0
AACGAAGACAGATAAG,0
AACGAAGATGCGAACA,0
AACGAAGTAAGTGATG,0
AACGAAGTGACTACTA,0
AACGAAGTTAGTGAAA,0
AACGAAGTTATCAGTC,0
AACGAATCGCAAAAGA,0
AACGAATTGGTCAGTT,0
AACGAATTTTAACAAG,0
AACGACACCCTATTCC,0
AACGACACGATACAAA,0
AACGACACTAAACACA,0
AACGACAGTGTTGGAT,0
AACGACATAACGACAT,0
AACGACCAGAAAAGAA,0
AACGACCTAATTGGAA,0
AACGACCTATGAAACG,0
AACGACCTCGTAGCCT,0
AACGACGAAATCTGTG,0
AACGACTAAGAATCTA,0
AACGACTCATCATATT,0
AACGACTCCACGAGAA,0
AACGACTGAATTGTAT,0
AACGAGAAGGACGAAA,0
AACGAGAAGTCAATAT,0
AACGAGACAACTAATT,0
AACGAGCATAGGCACA,0
AACGAGCCACATCAAA,0
AACGAGGATTCGCCCC,0
AACGAGTAAAGACCCC,0
AACGAGTACATAGGGG,0
AACGAGTCGTTTAGTG,0
AACGAGTGTGCGTTTG,0
AACGATAAAGCACGTT,0
AACGATAAGGCCCACT,0
AACGATACAATGCCAG,0
AACGATAGAAGTAGCT,0
AACGATAGAGGTCATT,0
AACGATAGCAGACCTT,0
AACGATATCCTTTAAA,0
AACGATATTACACCAT,0
AACGATCGCACCAAAG,0
AACGATGATAACTGAA,0
AACGATGGAGACGCAT,0
AACGATTATCCGAAAT,0
AACGATTGACTTAACC,0
AACGCAAATAGAATAC,0
AACGCAAATTATGAGA,0
AACGCAAATTATGGCA,0
AACGCAAATTCCTTTA,0
AACGCAAATTTAAGAC,0
AACGCAAGTTAATACA,0
AACGCACCTTGGCATG,0
AACGCAGCAGCTACAG,0
AACGCAGCGGTTACAC,0
AACGCAGTAAAATAGG,0
AACGCAGTAGCACGGA,0
AACGCATATTAATTCC,0
AACGCATCAAAGATCA,0
AACGCATCGAGATTAC,0
AACGCATGTCTACATA,0
AACGCCAAAATAAAAA,0
AACGCCACCAGCAACT,0
AACGCCACGGAAACGC,0
AACGCCAGAGGGCCTT,0
AACGCCATGAAGCCTA,0
AACGCCCCATGTCTTA,0
AACGCCCGGAGCGAAA,0
AACGCCTGAGAAATAC,0
AACGCGAACACGCCAA,0
AACGCGACATGGTAAC,0
AACGCGATCATAAGAA,0
AACGCGATTCATAACG,0
AACGCGCCTAAAAGAT,0
AACGCGCTAACCTGTC,0
AACGCGTTACCTAATT,0
AACGCGTTGACAAAAG,0
AACGCTAAAATTTTAC,0
AACGCTAACAAAGGAA,0
AACGCTAGAGAAGTAT,0
AACGCTATACTAGACA,0
AACGCTATCGCGAAGA,0
AACGCTATTAACATGC,0
AACGCTGCAATGGTAA,0
AACGCTGCATCATTTG,0
AACGCTTACCACACTC,0
AACGCTTGGACATTCA,0
AACGCTTGGTGTCGTT,0
AACGGAAATATACGCT,0
AACGGAATGCAAAATG,0
AACGGACGATAATCAG,0
AACGGACGCTCATCCG,0
AACGGACTCAGAAATC,0
AACGGAGCGCGAGGCC,0
AACGGAGGCATAAAGC,0
AACGGAGTAAAACCCT,0
AACGGATAGCATAAGA,0
AACGGATAGTCTGACA,0
AACGGATCAGGTAAAA,0
AACGGATGATATATAA,0
AACGGATTAGTCCGTG,0
AACGGATTGCTTCGAA,0
AACGGCATGAGTATAA,0
AACGGGAACTGTTAAA,0
AACGGGCAGAAACTGA,0
AACGGGCCATGCCAAA,0
AACGGGGCACAAATTG,0
AACGGTATCCCAAATA,0
AACGGTCAAAATATAG,0
AACGGTGAACGACGAC,0
AACGGTGCTCAATCTA,0
AACGGTTCACGCTACG,0
AACGGTTCCTAAATGG,0
AACGGTTGTACACAAA,0
AACGTAAAACAAAGAG,0
AACGTAAAACCTTAGC,0
AACGTAAACGTTTTCC,0
AACGTAAAGCTTCCAA,0
AACGTAAAGTTTTTAG,0
AACGTAACACTTACAC,0
AACGTAACTTTTGAAG,0
AACGTAAGAGATGATC,0
AACGTAAGGTTCTCCG,0
AACGTAATTAGATCCA,0
AACGTACAACATGAAC,0
AACGTACAACTCCATG,0
AACGTACGATAGACAA,0
AACGTACGTTCAGAGG,0
AACGTAGACTCTACGT,0
AACGTAGATACTTATT,0
AACGTAGTAGTGAAGA,0
AACGTATCCAACTATC,0
AACGTATCGAAAAAAC,0
AACGTCATTAGCCTTT,0
AACGTCGATCAAAAAA,0
AACGTCTGGCAGATCC,0
AACGTCTGGCTTGATC,0
AACGTCTGTTATGACG,0
AACGTGAAAATCGTGA,0
AACGTGAACCCAATTT,0
AACGTGAAGCCGATGC,0
AACGTGAGCCTGATCC,0
AACGTGCGCGTTTAAA,0
AACGTGCGGAAGCATT,0
AACGTGCGGGTCACAT,0
AACGTGGAACTTCTTA,0
AACGTGTATAGTGATC,0
AACGTTAACAGGTACT,0
AACGTTACAATAAATA,0
AACGTTACTAACGATG,0
AACGTTATAAATTACT,0
AACGTTCAAGATCTGA,0
AACGTTCAAGGACCAG,0
AACGTTCAATACTTAT,0
AACGTTCAATTTTGGG,0
AACGTTCACCCGACCA,0
AACGTTCTCGATAGAA,0
AACGTTGTTAGAGACA,0
AACGTTTAGAGCGGGA,0
AACGTTTCCACCGGGT,0
AACGTTTGAATGCCAA,0
AACGTTTGCTATGGGA,0
AACGTTTTGGTTAATA,0
AACTAAAAAGCGAACT,0
AACTAAAAGATGACCA,0
AACTAAAATAAAAAAT,0
AACTAAACTCAAAACC,0
AACTAAAGAGATCTCC,0
AACTAAAGGCATACTA,0
AACTAAAGTGCAAGAA,0
AACTAAATCTGTAACT,0
AACTAAATGATGTCAC,0
AACTAAATTAGAGAGA,0
AACTAAATTTTATGAG,0
AACTAACACAAATCAA,0
AACTAACAGGATCTGT,0
AACTAACCATTCTGAC,0
AACTAACCGAAATCGT,0
AACTAACCTTATGTTT,0
AACTAACGTCCGATTC,0
AACTAACTCGTGCCCA,0
AACTAAGAAAAACCTA,0
AACTAAGCACCTTTGA,0
AACTAAGGTCTCCCAT,0
AACTAATAAGTAACAT,0
AACTAATACGCACGGA,0
AACTAATGTTGGACAT,0
AACTAATTAAATACTT,0
AACTAATTGATCACGA,0
AACTAATTGTGGAATG,0
AACTACAAACGTGAAC,0
AACTACACAGCGAAGG,0
AACTACACATTAAACA,0
AACTACACTGATTGTC,0
AACTACAGTGAATCTT,0
AACTACATAACGCCAC,0
AACTACATTATAGCAA,0
AACTACATTGGCAGTA,0
AACTACCAGAGGGGCA,0
AACTACCCCCAACAAT,0
AACTACCCGGGACATG,0
AACTACCTTAATGTAG,0
AACTACGGTAAGGCGT,0
AACTACGTAGCAAGCT,0
AACTACTAAAATCTAC,0
AACTACTAATAAAAAT,0
AACTACTACACACCGC,0
AACTACTCCATAAAAC,0
AACTACTGAAGAGGAT,0
AACTACTTCTATCAGC,0
AACTACTTTGACTATT,0
AACTAGAACATATAAG,0
AACTAGAACGAAAGAC,0
AACTAGAATATAGACC,0
AACTAGAATGATGGAT,0
AACTAGATGCCGTATA,0
AACTAGATGCTTATAG,0
AACTAGATTTCACGAA,0
AACTAGCCCATAAGAT,0
AACTAGGACACGATTC,0
AACTAGGCAACATCAA,0
AACTAGGTAGAGTACC,0
AACTAGGTCGTAAAGG,0
AACTAGTAAAAGTTAC,0
AACTAGTCGATAGACC,0
AACTAGTTTTCTTGCC,0
AACTATAAAAATTACC,0
AACTATAAATCCAAAG,0
AACTATAGATTCCAAA,0
AACTATATAGCACGCC,0
AACTATATATAGGATT,0
AACTATATCTAAAACA,0
AACTATATGTATCATT,0
AACTATCCCCCGGACA,0
AACTATCCTCAATAAA,0
AACTATCTGCCTGCAA,0
AACTATGACAAAAAAC,0
AACTATGACGGTCCAC,0
AACTATGGATATGCAC,0
AACTATGTCAAAAACG,0
AACTATTATATCAATA,0
AACTATTCACATCTTA,0
AACTATTGAGTGCTTT,0
AACTATTGCTAAGGCA,0
AACTATTGTTAAACCC,0
AACTATTTAAACAAAA,0
AACTCAAATTTGACCT,0
AACTCAACATAGACTC,0
AACTCAACCTAGCGGA,0
AACTCAAGACCAAGTA,0
AACTCAATGTTTGAAC,0
AACTCACTACCCTGGT,0
AACTCACTTAGATCCA,0
AACTCAGCACTACTGC,0
AACTCAGCATAGAAGA,0
AACTCATACCTTCCTG,0
AACTCATAGTGATGCC,0
AACTCATCGATCAAAA,0
AACTCATCTATCCTAA,0
AACTCCAAAGGAAAAA,0
AACTCCAAGCAAACGT,0
AACTCCACAACAAAAT,0
AACTCCCCGACCGGTT,0
AACTCCCCTTACACAT,0
AACTCCTAGGTCATTT,0
AACTCGCAATCCTGAC,0
AACTCGCAGTAGTACC,0
AACTCGCAGTTGCGAT,0
AACTCGCATAACACTG,0
AACTCGCATTCTATCC,0
AACTCGCCCCCACACG,0
AACTCGCTCGTAAGTA,0
AACTCGCTCTTAACAA,0
AACTCGGCCTGCGTGT,0
AACTCGTATGGGATAA,0
AACTCTACTGTTTTTG,0
AACTCTATAACGAACA,0
AACTCTGACTTAACCC,0
AACTCTGTTCTCCCCT,0
AACTCTTAGAATCGAG,0
AACTGAAAAATTCACA,0
AACTGAAATCATTCAA,0
AACTGAACTATCGAAG,0
AACTGAACTCACGCTG,0
AACTGAACTGATCCAG,0
AACTGAAGTCCAACAA,0
AACTGAATGAATGACC,0
AACTGAATGCAATCTT,0
AACTGACACAGGGTAC,0
AACTGACGTAGTAAGT,0
AACTGACTGAGCGTAG,0
AACTGAGTAATCACCA,0
AACTGATATAAGGGTC,0
AACTGATTACCGAAGC,0
AACTGATTATAATGCT,0
AACTGCATAAATTGCT,0
AACTGCATATGTCCTC,0
AACTGCCAAGTGCTGT,0
AACTGCCGATGGCAAG,0
AACTGCGATGACGAAG,0
AACTGCGTAATCACAA,0
AACTGCGTCTTTCATG,0
AACTGCTAGATTAGCA,0
AACTGGAGAAGCGGGA,0
AACTGGATGTTTGACA,0
AACTGGCAAAATGGTT,0
AACTGGCACACCGCGG,0
AACTGGCGCATTTGCT,0
AACTGGCTAATCGCAC,0
AACTGGGAGTTTCAGA,0
AACTGGGATAAGTAAA,0
AACTGGGCCTGTCGAG,0
AACTGGTGCACCAAAC,0
AACTGTCACTAAACAC,0
AACTGTCCCTTACATG,0
AACTGTCTGTGCAATT,0
AACTGTGAATTTGAAG,0
AACTGTGACGACATAA,0
AACTGTGCAGGTTCGA,0
AACTGTGCGCTTATTT,0
AACTGTGCGGGCACCT,0
AACTTAAAAAAACGAC,0
AACTTAAACTTTGTGA,0
AACTTAAAGTACAGTG,0
AACTTAAGGATGAACA,0
AACTTAATTCATTAAA,0
AACTTACAGGACGGTT,0
AACTTACGAATATTGG,0
AACTTACTGTGGTGAA,0
AACTTAGACTCTGTTT,0
AACTTAGCAGTAAGCG,0
AACTTAGGAAAAAGCT,0
AACTTATCGAGCCATT,0
AACTTATCGGCCTGGA,0
AACTTCAACGTAACGA,0
AACTTCACAATCCTGA,0
AACTTCACTAATATGG,0
AACTTCAGCAATGTCA,0
AACTTCCAACGTACCA,0
AACTTCCATACCTGAC,0
AACTTCCGGTAAAAGT,0
AACTTCGACAGAAAAT,0
AACTTCGCGCACAGAC,0
AACTTCTAACATCCCT,0
AACTTCTAAGACAATG,0
AACTTCTGGCCCTCCA,0
AACTTCTTATAAAGCC,0
AACTTCTTCGTCCATT,0
AACTTGACTGTTAGCT,0
AACTTGAGAGAGTTAT,0
AACTTGAGGACAACGA,0
AACTTGATTTCATGCG,0
AACTTGCCGAATCGCT,0
AACTTGTAACAGAGAA,0
AACTTGTCATCTAATC,0
AACTTGTGAACGCATC,0
AACTTTAACAAATTAA,0
AACTTTAGCACAATAA,0
AACTTTAGTAGTGTCC,0
AACTTTATATGATAGC,0
AACTTTATTAAGACAC,0
AACTTTCAACAAAGCT,0
AACTTTCCATATTGAT,0
AACTTTCCTACTACGC,0
AACTTTCGGAGAACAA,0
AACTTTGAAATACTTA,0
AACTTTGAGTAAAAAA,0
AACTTTGATGACCGTG,0
AACTTTGCGGCGGCCC,0
AACTTTTTGCGATATG,0
AAGAAAAAAGATCTAA,0
AAGAAAAAAGTGTTAG,0
AAGAAAAAATCACTTG,0
AAGAAAAATAAACAAC,0
AAGAAAACATGCGTAA,0
AAGAAAACCGAACCTC,0
AAGAAAACTAACCAAG,0
AAGAAAATAAACTAAA,0
AAGAAAATAACACAGG,0
AAGAAAATGAAAATTT,0
AAGAAACAAACAAGAA,0
AAGAAACCAATTGAAA,0
AAGAAACCATTCTGTA,0
AAGAAAGACAAACTAA,0
AAGAAAGACCTCCGTT,0
AAGAAAGATATCATAA,0
AAGAAAGGACTAATCA,0
AAGAAAGTAAATTAGG,0
AAGAAATCAAGCATAG,0
AAGAAATCCGTCGAGC,0
AAGAAATGAAATCGAT,0
AAGAAATTACGGGGTA,0
AAGAACAAAGGACTAC,0
AAGAACAAGTCCAACC,0
AAGAACAATTGTATAT,0
AAGAACACAACTCACA,0
AAGAACACGGATTACA,0
AAGAACATAACGTACA,0
AAGAACCAACTAAATA,0
AAGAACCAGGAGTATA,0
AAGAACCTTGAGACTC,0
AAGAACGAGCGCAGAC,0
AAGAACGGAAGAGCAA,0
AAGAACGTAGTGCCAA,0
AAGAACTAACACTTAC,0
AAGAACTAACCTAAGC,0
AAGAACTATACAGGCC,0
AAGAACTATTGTTCGA,0
AAGAACTCTCCTACTG,0
AAGAACTCTTAAAGCT,0
AAGAACTGAGCAACCA,0
AAGAACTTAACCCCAG,0
AAGAACTTTTTACCAA,0
AAGAAGAACCTTGCCA,0
AAGAAGAATGTATGTC,0
AAGAAGACACCGTTAA,0
AAGAAGACTCAACCAG,0
AAGAAGAGCGATCAGG,0
AAGAAGAGGTTTCCAA,0
AAGAAGATTATCAATT,0
AAGAAGCGAATGATAA,0
AAGAAGGGCAATTAAA,0
AAGAAGTCGCCCCTAG,0
AAGAAGTCTTAGCTCG,0
AAGAAGTCTTCTGCTC,0
AAGAATAAGTATACTT,0
AAGAATAATACTTTGA,0
AAGAATACCGTGACTT,0
AAGAATACGCCATACC,0
AAGAATACTAATTCAT,0
AAGAATACTTACTATA,0
AAGAATAGGCGAGAGA,0
AAGAATAGTTTTCTTA,0
AAGAATATATAAAAAT,0
AAGAATATCCCCTAAT,0
AAGAATATGACTAAAT,0
AAGAATCCCCCTGATC,0
AAGAATCCTAATTACT,0
AAGAATCTCCAGACTA,0
AAGAATCTCGAGTTTT,0
AAGAATGAAGAGCCGA,0
AAGAATGATGCTGAGA,0
AAGAATGGACAAGTAC,0
AAGAATGGCCTGTTCC,0
AAGAATGTACCCACGA,0
AAGAATTAGACGACAA,0
AAGAATTTGGACTTTA,0
AAGAATTTTACGTATT,0
AAGAATTTTTGTACTG,0
AAGACAAATCCTATGT,0
AAGACAACCATTTTTA,0
AAGACAACGCCTCTAG,0
AAGACAATAATACCCG,0
AAGACAATACAAACCC,0
AAGACAATATGCAACA,0
AAGACACACCCACGAT,0
AAGACACATATCAGAC,0
AAGACACGGTAAAGAA,0
AAGACACTGGACAAAC,0
AAGACACTTTAACCCA,0
AAGACACTTTACACGA,0
AAGACAGAAAGGTTTG,0
AAGACAGATACAAGAC,0
AAGACAGGATATAATA,0
AAGACAGGCTACCAAA,0
AAGACAGTATAAGGTA,0
AAGACAGTCTAATAGA,0
AAGACAGTGTAAAAAC,0
AAGACATACACCTACT,0
AAGACATGAGGGTACA,0
AAGACATGCGAAACAC,0
AAGACATGGCAACCGC,0
AAGACCAACCGACCAG,0
AAGACCAAGGGAAAAG,0
AAGACCAGCAGACACG,0
AAGACCATAGTTTTAT,0
AAGACCCATAGACACA,0
AAGACCCGTCAACGGC,0
AAGACCGAACCGAGCT,0
AAGACCGTCCTTCGAA,0
AAGACCGTTCCATTCT,0
AAGACCTAATCTAGGA,0
AAGACCTACGTACCAC,0
AAGACCTATTATATCT,0
AAGACCTGAAAGTAAA,0
AAGACGACCATGACGA,0
AAGACGAGAGAGCAAC,0
AAGACGCAATAGAAAG,0
AAGACGCCATTAAGGA,0
AAGACGCCGATGGTGC,0
AAGACGGTAAGAGCTA,0
AAGACGGTTGTCTAAT,0
AAGACGTCGATGGCAC,0
AAGACGTGATATTTCA,0
AAGACGTTCAATGATA,0
AAGACTAAAGCGTGCC,0
AAGACTACACCAAATT,0
AAGACTACTTCAACGA,0
AAGACTATAATGATGT,0
AAGACTATATTTAAAA,0
AAGACTATTTCAAGCA,0
AAGACTCCAAACTAGA,0
AAGACTCCTCTATTGG,0
AAGACTCTTTCAAGAC,0
AAGACTGATGTTCGAG,0
AAGACTGCCAACTGTT,0
AAGACTGTAAATCCTC,0
AAGACTGTTAAATTCT,0
AAGACTTACCAGACAC,0
AAGACTTAGCCGAACC,0
AAGACTTATGATCATG,0
AAGAGAACTTCTAAGG,0
AAGAGACAAACCGAAG,0
AAGAGACAATCGAAAG,0
AAGAGACCTAAGAACT,0
AAGAGAGAAAAAACAA,0
AAGAGAGAAAATGGGC,0
AAGAGAGCCGTTGGAC,0
AAGAGATAAAATACTT,0
AAGAGATCGGCAAATC,0
AAGAGATTATACTATA,0
AAGAGATTGAAACAAT,0
AAGAGCAAATTTCCAG,0
AAGAGCAATATCTCCT,0
AAGAGCACTAGTCCGC,0
AAGAGCGAACCCAAAC,0
AAGAGCGTGCTCCATT,0
AAGAGCGTTTAGAATA,0
AAGAGCTCGTAAACAT,0
AAGAGCTTTAAAAAGT,0
AAGAGGAAGATAAAAC,0
AAGAGGATGAATACAC,0
AAGAGGCAATTAGGGG,0
AAGAGGCTGACCTCAC,0
AAGAGGTTATATTAAT,0
AAGAGTAAACAAGCGT,0
AAGAGTAAAGATAATC,0
AAGAGTAAATGGTATC,0
AAGAGTAAATTTTATG,0
AAGAGTATACCAGAAC,0
AAGAGTATGTTTCATA,0
AAGAGTCAGATACCAA,0
AAGAGTCCATACCCCA,0
AAGAGTCGAATCAAAA,0
AAGAGTCTTAACTATA,0
AAGAGTGACTACCGAC,0
AAGAGTTAACTAACTA,0
AAGAGTTCTGAATACG,0
AAGAGTTGAAACATCG,0
AAGAGTTTGGTAAATG,0
AAGATAAAAACTAGTC,0
AAGATAAAACTAAAGA,0
AAGATAAAAGTGCCAT,0
AAGATAAATTTTCAAT,0
AAGATAACAACCAATC,0
AAGATAACACAATGCT,0
AAGATAAGCGAATCAA,0
AAGATAAGCTAGAACA,0
AAGATAATGTTAGCAT,0
AAGATACCCCGTGTAT,0
AAGATACTAAGCTTCA,0
AAGATAGATCCCTAAT,0
AAGATAGATGGATTGC,0
AAGATATGGATATCGG,0
AAGATATGTCAGATGC,0
AAGATCAACGTTTCTT,0
AAGATCAAGACTAAAG,0
AAGATCACAAAAAATG,0
AAGATCACCACGTCCT,0
AAGATCCCTGCAAGAT,0
AAGATCCTCTTCACAC,0
AAGATCGTCCACCTTG,0
AAGATCGTTAACCGAC,0
AAGATCTCATTCATAT,0
AAGATCTTCTAACCGT,0
AAGATGACAATTAATT,0
AAGATGAGTAACATCT,0
AAGATGATAAAATTAA,0
AAGATGGGAACAGTGC,0
AAGATGTAATGATAAC,0
AAGATGTGAGTAACCG,0
AAGATGTTAGACAAGA,0
AAGATTAAAGAACGCT,0
AAGATTAAATTCCGCA,0
AAGATTAACCATCCTT,0
AAGATTAACGAAGATA,0
AAGATTAATATTTTAA,0
AAGATTAATTGCGAAA,0
AAGATTACCGTCAACA,0
AAGATTAGGCAATTAA,0
AAGATTAGTGCGCTGA,0
AAGATTATACACGATG,0
AAGATTCACCAAAATA,0
AAGATTCATGCTGCCG,0
AAGATTCGAGGTAATT,0
AAGATTCGCGCTTACG,0
AAGATTCGCTATACGT,0
AAGATTCGGAATTTCT,0
AAGATTCTAGATCCAA,0
AAGATTCTGACTTCGG,0
AAGATTGATAATTACG,0
AAGATTGCATCAACTA,0
AAGATTTAAAAGAGCT,0
AAGATTTACAATAACC,0
AAGATTTACCCAAACT,0
AAGATTTCGGAACAGT,0
AAGCAAAAAACCCCAA,0
AAGCAAAAACGGCACC,0
AAGCAAAAACTAGAAC,0
AAGCAAAAATCACCGC,0
AAGCAAAACAAGACGC,0
AAGCAAAACCGTACAT,0
AAGCAAAATTACTAAG,0
AAGCAAACAAACTCAG,0
AAGCAAACGATGAGTT,0
AAGCAAACTAATACAT,0
AAGCAACATAGAAGAA,0
AAGCAACCCTCGATTG,0
AAGCAACGAACTTGCA,0
AAGCAAGAAAAATATA,0
AAGCAAGAAGGCGCTC,0
AAGCAAGACTCTGGCC,0
AAGCAAGAGTCTGGCA,0
AAGCAAGCCTTGTCCC,0
AAGCAAGTGTGAAAAA,0
AAGCAAGTTTAAATTC,0
AAGCAATAAGAACGCC,0
AAGCAATAAGTATAGA,0
AAGCAATCAAAGGTCG,0
AAGCAATCCTGTCTTA,0
AAGCAATCTCGCATCA,0
AAGCAATGGAAGGCCG,0
AAGCAATTACCTCAGG,0
AAGCACAGAACTGCTC,0
AAGCACAGTCTAGCTT,0
AAGCACCGTCGGCGCA,0
AAGCACGAAATGACCT,0
AAGCACTAACATGTAA,0
AAGCACTAAGAAAAAA,0
AAGCACTATATGTATA,0
AAGCACTGCCATAAAA,0
AAGCACTTTAACATCA,0
AAGCAGAACTTTCTTA,0
AAGCAGACGACCAGGA,0
AAGCAGGAGCATTACA,0
AAGCAGTAGTCACAAC,0
AAGCATAAATACTGAC,0
AAGCATACTAGAAGAA,0
AAGCATCAACTAAAAA,0
AAGCATCAGTTTAACA,0
AAGCATCCGTCGCTTA,0
AAGCATCGCAATGCCA,0
AAGCATCGTACATACA,0
AAGCATCGTTTCGAGT,0
AAGCATCTAAAGGTGA,0
AAGCATTAGGTAATAA,0
AAGCATTATACTATCG,0
AAGCATTCCCTGGAAG,0
AAGCATTTACAAGCCT,0
AAGCCAACACCAAACT,0
AAGCCAACTAAATCAC,0
AAGCCAAGCTACTAAC,0
AAGCCAATAAGACAGC,0
AAGCCAATATCCTTAT,0
AAGCCACACGCAGATT,0
AAGCCAGTCCACAAGA,0
AAGCCATACCCGCGTT,0
AAGCCATCAAACTCGC,0
AAGCCATCAACAATTG,0
AAGCCATGCATATCAA,0
AAGCCATTAACGTGTC,0
AAGCCCACACCAATAT,0
AAGCCCACCGTTTGCG,0
AAGCCCATCTCCTCGC,0
AAGCCCCATAAGTGTG,0
AAGCCCCGATATCCTT,0
AAGCCCCGGAATGCGC,0
AAGCCCCTGATGTGCA,0
AAGCCCGGGTTTAAAT,0
AAGCCCTATCATACAC,0
AAGCCCTCACCCATAA,0
AAGCCCTCTCTAGACT,0
AAGCCCTTCGACCGGC,0
AAGCCGAGATTTACAG,0
AAGCCGCCAAATCATG,0
AAGCCGCTTTAATCAA,0
AAGCCGGCCTCTCGCT,0
AAGCCGGGCAATTGCT,0
AAGCCGGTACGAAGAC,0
AAGCCGGTCTTGAAAC,0
AAGCCGTAAAAATGGC,0
AAGCCGTCACTACATA,0
AAGCCGTTACCACAAT,0
AAGCCTAAACCAGTAA,0
AAGCCTAAGCAATACC,0
AAGCCTAATACGTCCA,0
AAGCCTAATGAGATCA,0
AAGCCTAGATAATCTA,0
AAGCCTATTTTAGAAA,0
AAGCCTCTACAGAAAC,0
AAGCCTGAAAGAATAA,0
AAGCCTGCCAATTAAG,0
AAGCCTGTTTAAAAAG,0
AAGCGAAAAACTTTAT,0
AAGCGAAAACTTGCAC,0
AAGCGAACCAGTTAAA,0
AAGCGAAGTAGCCACA,0
AAGCGAAGTATATATT,0
AAGCGACAAATGACGA,0
AAGCGACATCACCAAA,0
AAGCGACGATTGCCCC,0
AAGCGACTATTAAAAA,0
AAGCGAGTGAAAACAA,0
AAGCGATAAACATGGG,0
AAGCGATAGAACTAAC,0
AAGCGATGGGATTATG,0
AAGCGCCAACATGCTT,0
AAGCGCCAGTGAGGAA,0
AAGCGCGAAAATACAT,0
AAGCGCTAACACATAT,0
AAGCGCTTAGGGAACA,0
AAGCGGAACGTCACCG,0
AAGCGGAGAATGATCC,0
AAGCGGCGGCCATAGG,0
AAGCGGGCAGCACGAA,0
AAGCGGGGAGCATCAC,0
AAGCGTCAGCAACTCA,0
AAGCGTGATTGTGCAC,0
AAGCGTGCGCCCGAAT,0
AAGCGTTCGAGCTGGT,0
AAGCGTTCTAATAAAG,0
AAGCGTTTACAGAAAA,0
AAGCTAAACCATGCTT,0
AAGCTAACGGATCTAT,0
AAGCTAATGTCCGTAA,0
AAGCTACAAGAACGAG,0
AAGCTACCGAGCACGC,0
AAGCTACGGAGAAAGC,0
AAGCTACTAAAGGAGG,0
AAGCTAGTACGTAACC,0
AAGCTAGTATTGGACT,0
AAGCTAGTCTATACGC,0
AAGCTATGAGATTTGG,0
AAGCTATTACTACTAC,0
AAGCTCAATAAATCCT,0
AAGCTCAATTACATTC,0
AAGCTCACGAATCACA,0
AAGCTCCATCGCAAGT,0
AAGCTCGATGACCCTC,0
AAGCTCTGTGCCCCCC,0
AAGCTCTTCGATTTAC,0
AAGCTGAAATCACCCG,0
AAGCTGAATTGACTTA,0
AAGCTGACACTCGCCC,0
AAGCTGACCAACCGCA,0
AAGCTGACTTGACGAA,0
AAGCTGAGAGCCACAT,0
AAGCTGCAAATTCAAG,0
AAGCTGCCTAGTATAC,0
AAGCTGGAGCGAACAT,0
AAGCTGGTGACCAGAT,0
AAGCTGTGAAACCTGA,0
AAGCTTACCGGACATC,0
AAGCTTACGCATCTGC,0
AAGCTTCTAGGATCCC,0
AAGCTTCTTAGGCGCC,0
AAGCTTGGATAATAGC,0
AAGGAAAACAAACATC,0
AAGGAAAACCCTTCTC,0
AAGGAAAAGCTCATAG,0
AAGGAAAATACCAATA,0
AAGGAAAATGCAAGAC,0
AAGGAAAATTGAGTTA,0
AAGGAACAAGAGCATA,0
AAGGAACCTACACGCA,0
AAGGAAGAACTGATAC,0
AAGGAAGCCATGTTGA,0
AAGGAATGTGGATCAA,0
AAGGACAGCGCTCGAA,0
AAGGACAGTTCTGTCG,0
AAGGACCGAATAAAGT,0
AAGGACCGAGATAACA,0
AAGGACGAAATACATT,0
AAGGACTACGCCGTTC,0
AAGGACTTATTGGGGC,0
AAGGAGACGCACAAAC,0
AAGGAGCTATACAAAG,0
AAGGAGCTGGGTATGA,0
AAGGAGTAAAAACATA,0
AAGGAGTTACATCGAA,0
AAGGATAACAATGGAC,0
AAGGATAATCTACTCA,0
AAGGATACACCCTCGG,0
AAGGATAGACAGACAA,0
AAGGATATAAGCATCC,0
AAGGATATGGGTCTCT,0
AAGGATCACAGATAAA,0
AAGGATCTTCCGTATG,0
AAGGATCTTTAAAAAG,0
AAGGATGACCTGTCAA,0
AAGGATTAACGCTAAT,0
AAGGATTTTGTATGAC,0
AAGGCAAAACCTTATG,0
AAGGCAAAAGTAAACA,0
AAGGCAAAATCCTAAG,0
AAGGCACAATAAGATC,0
AAGGCACACAAAATGT,0
AAGGCACCCTATTATG,0
AAGGCAGCAAGATGAG,0
AAGGCATAAACTGCTT,0
AAGGCATACGCCCTTA,0
AAGGCATCCTTCCGGT,0
AAGGCCACCAACCACT,0
AAGGCCACCACCTAAC,0
AAGGCCACCATTCCCG,0
AAGGCCATGGTGGGAG,0
AAGGCCTAGAATGGAA,0
AAGGCGCAAGAAGTAG,0
AAGGCGTGTCACACCT,0
AAGGCTACACAAGACT,0
AAGGCTACGGGTCCCT,0
AAGGCTAGGTAACAAA,0
AAGGCTAGTACTGATA,0
AAGGCTCACATTTCTG,0
AAGGCTCCCTTTAACT,0
AAGGCTTCGTTATAAA,0
AAGGCTTCTCGAGTTA,0
AAGGGAAGGATAGCTA,0
AAGGGACAGCAAAGAA,0
AAGGGACTCATTCTAG,0
AAGGGAGAACCGCAAA,0
AAGGGAGTTGCACTCT,0
AAGGGATGCTCATCAT,0
AAGGGATTACATGGAA,0
AAGGGCAAATGAGCAA,0
AAGGGCCGGCAGGATT,0
AAGGGCGTTATCCCCC,0
AAGGGCTTAAAAAGAT,0
AAGGGGAATTCTATCG,0
AAGGGGGGTTGACCAA,0
AAGGGTAATTGCTATA,0
AAGGGTAGAGCTCCTT,0
AAGGGTAGGTGACGAT,0
AAGGGTCAGACATAAG,0
AAGGGTCCAAGTATAC,0
AAGGGTCGCAACACCT,0
AAGGGTGCTCTAGGCC,0
AAGGGTTAAAAGTTCA,0
AAGGGTTTCACTGGCT,0
AAGGTAAAAGAATGTA,0
AAGGTAAATTGGATGT,0
AAGGTAATAAGAGTTA,0
AAGGTACCATTAATTC,0
AAGGTACTAGCAGTAA,0
AAGGTACTGACAAATG,0
AAGGTAGAAAGATAAT,0
AAGGTAGGCTCCGAAC,0
AAGGTATAGATCCCAT,0
AAGGTATGTTCAAACG,0
AAGGTCAACAAATACG,0
AAGGTCAAGAATAAGT,0
AAGGTCAGAACCGTTA,0
AAGGTCAGAATCTACA,0
AAGGTCCGAAAAAACC,0
AAGGTCGCGCATTAGT,0
AAGGTCTTATCTAATT,0
AAGGTGACACCAGAAG,0
AAGGTGATCATCACCT,0
AAGGTGCCCGTGAGAT,0
AAGGTGGCCAATAATG,0
AAGGTTACAGACACCC,0
AAGGTTCGCGAGAATA,0
AAGGTTGAAACTTAAC,0
AAGGTTGACACTTAAT,0
AAGGTTGCTCTTCGAA,0
AAGGTTGGTGATTGTT,0
AAGGTTGTCAAATAGA,0
AAGGTTGTGCAGCAAG,0
AAGGTTTATTACTTAA,0
AAGGTTTTAACGGTGA,0
AAGTAAAACAAGGCAA,0
AAGTAAAAGCGTGGTC,0
AAGTAAAAGCTACATC,0
AAGTAAAATCTTTCAT,0
AAGTAAACACACATGT,0
AAGTAAACGGCAGTAG,0
AAGTAAAGAAACATCT,0
AAGTAAAGACCAGTAA,0
AAGTAAAGACCCGGCT,0
AAGTAAATAAAGTTGC,0
AAGTAAATACTTGTCT,0
AAGTAAATCTGAATTC,0
AAGTAACAACTTGACG,0
AAGTAACACGGGTGCA,0
AAGTAACGAAATAGGC,0
AAGTAACGGGACCAAG,0
AAGTAACTAAATCCAA,0
AAGTAACTTTGCACAG,0
AAGTAAGGTTTGGAAT,0
AAGTAAGTAATATAGG,0
AAGTAATACCAGACAA,0
AAGTAATAGAATGAGG,0
AAGTAATTACAGGCAT,0
AAGTAATTACCATTTG,0
AAGTACAAACACCCCG,0
AAGTACAACAACTCAA,0
AAGTACAAGTGTCATA,0
AAGTACAGGAACTACC,0
AAGTACATAGTATGCC,0
AAGTACATATTCCAAA,0
AAGTACCAATAGTACA,0
AAGTACCACGCCAGAC,0
AAGTACCAGAAAAGGT,0
AAGTACCAGAACTCCC,0
AAGTACCATCATAGAG,0
AAGTACCCGTAGATCG,0
AAGTACCGATAGTTTA,0
AAGTACGAACCAGCCC,0
AAGTACGATCTTATGA,0
AAGTACGGTAGTTCAC,0
AAGTACTAGAAATAAA,0
AAGTACTCCCTCGCGA,0
AAGTACTGCTGTACCA,0
AAGTACTGTCATTATC,0
AAGTACTGTTATAGCT,0
AAGTAGGCAACAATTA,0
AAGTAGGGGCCTTAGA,0
AAGTAGTAAATGAGAT,0
AAGTAGTCACCCCACA,0
AAGTATAACAACACCG,0
AAGTATAACATCCTAA,0
AAGTATAACGGACTCG,0
AAGTATAACTGAAAAT,0
AAGTATACCGTACATA,0
AAGTATACTCCTCACG,0
AAGTATATACATAACC,0
AAGTATATAGGATCGA,0
AAGTATATCTCCCAAC,0
AAGTATCAAATTTCCA,0
AAGTATCAGAAGTAAA,0
AAGTATCAGGCGATGG,0
AAGTATGAAAATTAAT,0
AAGTATGTGTCTTAGT,0
AAGTATTAATTCCCCC,0
AAGTATTATACCAAAC,0
AAGTATTCCAGGAAAC,0
AAGTATTCCATCCAAT,0
AAGTATTGAGGCACTA,0
AAGTATTTGATACTGT,0
AAGTCAACCCCGTCGA,0
AAGTCAATTCAATCTT,0
AAGTCACCAAAGACAC,0
AAGTCACCTAAGTCTT,0
AAGTCACGCCGTGCCC,0
AAGTCAGCCAAAAACA,0
AAGTCATACTAACATC,0
AAGTCATCTACTATGT,0
AAGTCCAACATTCTCT,0
AAGTCCACCCAAAACA,0
AAGTCCACGGACGGAT,0
AAGTCCATGTTAAATA,0
AAGTCCGATGGAGCAC,0
AAGTCCGCAAACATGC,0
AAGTCCGCGATCCCAC,0
AAGTCCGTAAATCCTG,0
AAGTCCGTCAATAATA,0
AAGTCCTAGTGTCGGG,0
AAGTCGAACGTACGTT,0
AAGTCGACCGGTTTAA,0
AAGTCGCAATATATCA,0
AAGTCGCACACAAGAT,0
AAGTCGTACTCGGACC,0
AAGTCTAAAAAAAGAG,0
AAGTCTAAGGGAGCTA,0
AAGTCTAGCCGGAAAT,0
AAGTCTATAATCTTGA,0
AAGTCTCACGAAGAGA,0
AAGTCTCGTACCCAAG,0
AAGTCTCGTAGTAGCA,0
AAGTCTGACAAAAAAC,0
AAGTCTTGAAAGTAAA,0
AAGTCTTGGTGCACGT,0
AAGTGAAAGATCTTAT,0
AAGTGAACAAGACAAA,0
AAGTGAATACTGTTAT,0
AAGTGAATATCGACAT,0
AAGTGAATTAAACATA,0
AAGTGACACCAGCAAA,0
AAGTGACATAAAACTC,0
AAGTGAGAAGAGACAA,0
AAGTGATATGCGTCCC,0
AAGTGATCTCGACGTG,0
AAGTGATTTAAAGGAG,0
AAGTGCATAATTAAAA,0
AAGTGCGATGTTACTC,0
AAGTGCGTGGGAATAC,0
AAGTGCTATTGCCAGG,0
AAGTGCTTACAGTTCT,0
AAGTGGAGTTACGAGT,0
AAGTGGCATACAGCGC,0
AAGTGGCTAAAAGCAC,0
AAGTGGGAGAACAGAC,0
AAGTGGTCAGAACGGT,0
AAGTGGTTATAGCAAA,0
AAGTGGTTCAGCCTGC,0
AAGTGTAAATAAGCAA,0
AAGTGTAACCCTATGA,0
AAGTGTACTACATACG,0
AAGTGTTAGAAGGCAT,0
AAGTGTTGTAAGAATG,0
AAGTTAAACAAAAGCC,0
AAGTTAACTAAGACGC,0
AAGTTAATGATGTATT,0
AAGTTAATTCGTCGCG,0
AAGTTACAACCCAGCT,0
AAGTTACTTAATCTCT,0
AAGTTAGAATGGTAAA,0
AAGTTAGCTACTGTCG,0
AAGTTATCCTGCTCGC,0
AAGTTATGAATATAAG,0
AAGTTCACAACAATTT,0
AAGTTCATGACATCCA,0
AAGTTCCTACATAAAT,0
AAGTTCGGTACAAGTT,0
AAGTTCTAAGTGATGA,0
AAGTTCTACGCTTCCA,0
AAGTTCTGCAACTCCC,0
AAGTTGAAAAAGAAGT,0
AAGTTGAAGAACTATT,0
AAGTTGAGTTTCAGCC,0
AAGTTGCCAGTCGAGA,0
AAGTTGCTAGACGGAA,0
AAGTTGGACAGGTATA,0
AAGTTGGGATTTACAG,0
AAGTTGTGTTTATCAT,0
AAGTTGTTACCCGAGA,0
AAGTTGTTCGAAGTAA,0
AAGTTTAACCGAGTAG,0
AAGTTTCATCTTTCCT,0
AAGTTTCCTAAATATC,0
AAGTTTCGAACTTAAC,0
AAGTTTGAACAAATAG,0
AAGTTTGATACCTGTT,0
AAGTTTGTAGTTTAAG,0
AAGTTTTACAAGTCCA,0
AAGTTTTACCTCGGCC,0
AAGTTTTCTCACCATT,0
AAGTTTTCTGAGGATT,0
AAGTTTTTGAACAAAC,0
AATAAAAAAGATTAAA,0
AATAAAAAAGGTCACT,0
AATAAAAACAAGATTA,0
AATAAAAACAGGAACT,0
AATAAAAACTTGGTTC,0
AATAAAAAGAACTAGG,0
AATAAAAAGGTAAAGA,0
AATAAAAAGTCTCGCT,0
AATAAAAATTTGCCGT,0
AATAAAACGGAACATA,0
AATAAAACTTATAACG,0
AATAAAAGACCGTCAT,0
AATAAAAGAGAACTAA,0
AATAAAAGATATGACT,0
AATAAAATAGGATTTC,0
AATAAACAAAAAAGCC,0
AATAAACAAGTCTCGA,0
AATAAACAATAATTCT,0
AATAAACACCAGCTGG,0
AATAAACACCCCTCAT,0
AATAAACCAGTAAGGA,0
AATAAACCTCGACTTC,0
AATAAACCTTAGTGAA,0
AATAAACGATAGGCCG,0
AATAAACGTATGGCTC,0
AATAAACGTTAAATGT,0
AATAAACTTTACGTTC,0
AATAAAGAAAATCAAT,0
AATAAAGCCAACCGTG,0
AATAAAGGATTACCAA,0
AATAAAGGGAAATGTA,0
AATAAAGTGCGCAAAC,0
AATAAATAAACGTTGC,0
AATAAATATTCCAATA,0
AATAAATCACAGAAGC,0
AATAAATCGGAGACTA,0
AATAAATCTAGTTTTC,0
AATAAATGCCTCACCT,0
AATAAATTATTAAGGA,0
AATAACATATCAGCGC,0
AATAACATCTCTCCGG,0
AATAACCAGCAAAAAT,0
AATAACCAGCTTACCT,0
AATAACCATAATAGGG,0
AATAACCCACTATCCA,0
AATAACCCATATGCAT,0
AATAACCCGTAATTAT,0
AATAACCCTACAATGT,0
AATAACCCTTGTGATA,0
AATAACCGAGTATAAA,0
AATAACCGCTTAGCCG,0
AATAACCTATACTGGA,0
AATAACCTCTTACTTT,0
AATAACGACCTTGTGC,0
AATAACGAGCTACTTT,0
AATAACGAGGACTATA,0
AATAACGATGAGAGAG,0
AATAACGTATCATAAA,0
AATAACGTGACATATG,0
AATAACTAAAAGGACT,0
AATAACTAAGTATCAG,0
AATAACTAATGCAGAT,0
AATAACTACAGTAAAC,0
AATAACTACTACACAA,0
AATAACTATGACAGCC,0
AATAACTCAATCCAAG,0
AATAACTGAAGAACAG,0
AATAACTGAATCACAC,0
AATAACTGATAATTTG,0
AATAACTGGCAGGACT,0
AATAACTGTTGTGTTT,0
AATAAGAAAACCTCCA,0
AATAAGAAACACCTAA,0
AATAAGAAAGACTATA,0
AATAAGAAGACACCTC,0
AATAAGAAGTAAAAAT,0
AATAAGACGATGATAG,0
AATAAGACTCAACTAA,0
AATAAGAGCAACAGCT,0
AATAAGAGTATAATCA,0
AATAAGATAATGACTA,0
AATAAGATGTCCCAAC,0
AATAAGATTGAGTTGG,0
AATAAGCAACGCACCC,0
AATAAGCACGTCATAT,0
AATAAGCCCGATGCTA,0
AATAAGCGGGCAATAT,0
AATAAGCTCAGAAGAG,0
AATAAGGTATGTAATT,0
AATAAGGTTAAAGTGC,0
AATAAGGTTACTAGCC,0
AATAAGTAAACCCCTA,0
AATAAGTCGGATGCAA,0
AATAAGTTATACAATC,0
AATAAGTTGGTAATAC,0
AATAATAAAAACATCT,0
AATAATAAAATTAAAT,0
AATAATAAACAATTCC,0
AATAATAAACGAAGAT,0
AATAATAAAGGCTCTC,0
AATAATAACGAGACGT,0
AATAATACTTTATAGA,0
AATAATAGGAGTTTAC,0
AATAATAGTTGCACAA,0
AATAATATGAGGCGCC,0
AATAATCAGTATATAA,0
AATAATCATACAGATG,0
AATAATCATGACAAGA,0
AATAATCGACAAAAAC,0
AATAATCGACTCTTAC,0
AATAATCGTAAATCAG,0
AATAATCTGAAAGAGC,0
AATAATCTGGTTAAGG,0
AATAATCTTAACAACC,0
AATAATGAAATAAACG,0
AATAATGAACACCATG,0
AATAATGACCCAACAA,0
AATAATGATCCAGGTC,0
AATAATGCTTTTAGAC,0
AATAATGGATTCTATA,0
AATAATGGCTGCTAAA,0
AATAATGGGAAATGCC,0
AATAATTAGAAAGTTC,0
AATAATTAGATTTAAA,0
AATAATTATGCACACG,0
AATAATTATTGAAAAG,0
AATAATTCGCTTTGGG,0
AATAATTGGTCATTGT,0
AATACAAAATTGAACC,0
AATACAAAGTACTCAC,0
AATACAAGCAAACTAA,0
AATACAATAATTCCAA,0
AATACAATATAGTAAC,0
AATACAATTATCAACA,0
AATACAATTTGCAAAG,0
AATACACAAAATTTAC,0
AATACACAGGGGACGA,0
AATACACAGTGGAGCG,0
AATACACATCGTAACG,0
AATACACCCAGCCTCA,0
AATACACCCGACTACA,0
AATACAGAATGGTGAA,0
AATACAGAGGACCGCC,0
AATACAGATACGCCGG,0
AATACAGCCAAAATGG,0
AATACAGTTTATAAGA,0
AATACATCCAGTTTAG,0
AATACATCTAGTCAAA,0
AATACATCTGCTATTC,0
AATACATGAACTAATA,0
AATACATTCTGAAAAA,0
AATACATTGCCCGTTA,0
AATACATTGGAATCTG,0
AATACATTGGAATGAC,0
AATACCAAAACTCATG,0
AATACCACTACCTTAC,0
AATACCCAAAAATGGG,0
AATACCCAAATACATG,0
AATACCCATCCGAATG,0
AATACCCCCTATAACC,0
AATACCCTGGACATAC,0
AATACCGTATATTAAC,0
AATACCTCACTGTCGG,0
AATACGAGAAGCCGAC,0
AATACGATATTACAAA,0
AATACGATGACTCGTA,0
AATACGCAACCTAGAC,0
AATACGCACGAAGATC,0
AATACGCCGAGGATCA,0
AATACGCCTCATACTT,0
AATACGCTATGGTATA,0
AATACGGCAAAATTTT,0
AATACGGGCAAAAACG,0
AATACGGTCATAGGGC,0
AATACGGTTTGCCTAC,0
AATACGTAAAGCTCTC,0
AATACGTCTTAATAAT,0
AATACTAAATTAAAAA,0
AATACTAACTAATACG,0
AATACTAAGGTTACCT,0
AATACTAATTGAAATC,0
AATACTAGATACAAGA,0
AATACTATATATTGTG,0
AATACTCAATTAAGGA,0
AATACTCACAGTCAAA,0
AATACTCAGAATGAGC,0
AATACTCTAGACGCAA,0
AATACTGAAACTTCCT,0
AATACTGAGGGGAACA,0
AATACTGCCAACAAGT,0
AATACTGGAGTAAATT,0
AATACTGGTTATGATC,0
AATACTGTTAAACAAG,0
AATACTTAAGAAAGCT,0
AATACTTAAGATTAAC,0
AATACTTATAGATGAT,0
AATACTTTGCTCCATA,0
AATAGAAAATATCCAA,0
AATAGAAAGGATAGCG,0
AATAGAAGGACGGATT,0
AATAGAAGGAGTACTC,0
AATAGAATAGGACGGA,0
AATAGAATGCAGAGCC,0
AATAGAATTTGAGCAA,0
AATAGACACATGGGCT,0
AATAGACGACGGTGGC,0
AATAGACGCCATAGGC,0
AATAGACTATGTGGCG,0
AATAGACTTTCGTTCC,0
AATAGAGACACTAGCA,0
AATAGAGACGTGAATG,0
AATAGAGCTAACAGTA,0
AATAGAGGCTGATTAA,0
AATAGAGTAACAGCCA,0
AATAGAGTACTAAAGC,0
AATAGATACACAAACT,0
AATAGATGATAACGAC,0
AATAGATTCAGGCTCA,0
AATAGATTTAGAAATT,0
AATAGCAAAACTATCT,0
AATAGCAAATCAGAAA,0
AATAGCAAGGTACCTG,0
AATAGCAGACTTTGAG,0
AATAGCAGCTGAATCG,0
AATAGCAGTTTACATA,0
AATAGCATCTTATGCC,0
AATAGCATTAACGAAA,0
AATAGCATTTACCTCC,0
AATAGCCTACGTACTA,0
AATAGCGCTAAAAATG,0
AATAGCTACATACTTA,0
AATAGCTGAAACCAAA,0
AATAGCTGGTACGGAA,0
AATAGCTTAAATTACT,0
AATAGCTTCATCACCT,0
AATAGGACAACATTCC,0
AATAGGAGAAGTATCA,0
AATAGGATAATGAGTG,0
AATAGGCGACATGAAG,0
AATAGGCGTTGATCGA,0
AATAGGGACCATTCGC,0
AATAGGTAAAAGAACA,0
AATAGGTCCACAGCTA,0
AATAGGTTTAAAAATC,0
AATAGTAAATAGAACA,0
AATAGTAATACTTATA,0
AATAGTAGCATACATT,0
AATAGTATGATATCTA,0
AATAGTATTTGGTTGC,0
AATAGTCCATATAGAA,0
AATAGTCCGGTAGCTT,0
AATAGTCTACCCGCGT,0
AATAGTTTGATTAGCG,0
AATATAAACCCATTAG,0
AATATAAAGGAAATAA,0
AATATAAATCTGAACC,0
AATATAACGTACCATC,0
AATATAACTGTACAAA,0
AATATAAGATAGTCTC,0
AATATAAGCGGGCCCG,0
AATATAATAGCGTAGC,0
AATATAATCTACACAG,0
AATATACAAGATCCAT,0
AATATACACACCCATG,0
AATATACACGAAGAGA,0
AATATACATTCGAGCC,0
AATATACCATGGTCAA,0
AATATACCGTACGACA,0
AATATACTCTAGGTTC,0
AATATACTGAACGAAA,0
AATATACTTCTCTAAG,0
AATATACTTGCTGCGC,0
AATATAGAAGAAGACT,0
AATATAGACAAAAAAA,0
AATATAGAGATCACTG,0
AATATAGCGTCCCCGA,0
AATATAGCTCACAAGA,0
AATATAGGCGGGACGA,0
AATATAGTCTGACTAA,0
AATATAGTGCCGTTAC,0
AATATATAAATAGGTA,0
AATATATAACACTTAT,0
AATATATAAGCCCCCA,0
AATATATAAGTAATGC,0
AATATATATCCGGGAA,0
AATATCAAAAAAATTG,0
AATATCAAACATTAAT,0
AATATCAGAAAATTAT,0
AATATCATAACCAAAT,0
AATATCATACGGTGTA,0
AATATCATATCACGTT,0
AATATCATTTAACTTA,0
AATATCCAAAAAGAAA,0
AATATCCAAGTAAGAA,0
AATATCCCGAGAAAGA,0
AATATCGAACGTCTAT,0
AATATCGAGTGAGGTA,0
AATATCGGAGGGCTAA,0
AATATCGGCAAGCGCA,0
AATATCGGTTAGAGCG,0
AATATCTGCTATTGTG,0
AATATGAAAAGTACAA,0
AATATGAACAGGATTA,0
AATATGAAGATTATGA,0
AATATGAAGTACACAC,0
AATATGAATAACCTCA,0
AATATGACCAGTTACA,0
AATATGAGACATGTCT,0
AATATGAGTTACCCAA,0
AATATGATAAAACACA,0
AATATGATACCGCCTG,0
AATATGCCAAAGCGAC,0
AATATGTAACTTGAAA,0
AATATGTAAGCCTAGA,0
AATATGTAATAAAAAA,0
AATATGTTAACGTACA,0
AATATTAATGCAGCCA,0
AATATTACATAGGATG,0
AATATTACCAAAATTA,0
AATATTATATCACTAG,0
AATATTATTAAACAAT,0
AATATTCACTGACGAG,0
AATATTCCTAAGTATC,0
AATATTCTACATCCAA,0
AATATTGAAGTAACGT,0
AATATTGCAACTAACA,0
AATATTGGAGAATAAG,0
AATATTGGTAACAAGA,0
AATATTGGTCACGTAT,0
AATATTTAAGTTACAC,0
AATATTTAATTTAAGG,0
AATATTTGCTCATCCA,0
AATATTTGTCTATAAT,0
AATCAAAAAATTGCGG,0
AATCAAAAACATCATT,0
AATCAAAAGGTAATTA,0
AATCAAAATAAAATAC,0
AATCAAACGGACTCGG,0
AATCAAAGAATGGCAA,0
AATCAAATGATAACTT,0
AATCAAATTAGTATCC,0
AATCAAGATAGCAAGG,0
AATCAAGCAAGTCCAA,0
AATCAAGCGTTCGCAA,0
AATCAAGCTGGCTTAA,0
AATCAAGCTTTTTGAA,0
AATCAATAAATAACAA,0
AATCAATAATTAACCC,0
AATCAATACATCTCAA,0
AATCAATGACCATGTT,0
AATCAATTAAAATATC,0
AATCACAAGATTCAAT,0
AATCACACACAACAAA,0
AATCACACCGTTGCTC,0
AATCACACTTACTACC,0
AATCACAGTGACTCCC,0
AATCACCAAAGGGATT,0
AATCACCCTCGACGCC,0
AATCACCTATGTAGCC,0
AATCACCTCGAATTTA,0
AATCACGAGCAGTACT,0
AATCACTACGACTCAA,0
AATCACTGCCTTGCAC,0
AATCACTTGCGCCCAA,0
AATCACTTGGGTCGGC,0
AATCACTTTCAGAACA,0
AATCAGAAATAAGGGA,0
AATCAGCAAAAGTATC,0
AATCAGCAGTCCTATG,0
AATCAGCTTAACGAAA,0
AATCAGGTCAGACTCT,0
AATCAGGTGCGACTGG,0
AATCAGTCAAAAAGCC,0
AATCATAAAATAATTT,0
AATCATAAACAATTAC,0
AATCATAACCAGAAGT,0
AATCATAAGCTAGTTG,0
AATCATACCCTTTATA,0
AATCATATAAGGAGCT,0
AATCATCAACAAACTA,0
AATCATCATCGGATTA,0
AATCATCCATACGGGC,0
AATCATCCTAACGACC,0
AATCATCCTATAGACT,0
AATCATGAAAAAATTT,0
AATCATGACACCTCGA,0
AATCATGCCACACTAA,0
AATCATGCGTTTAATG,0
AATCATGGACGTTATT,0
AATCATGTTGTGTGTC,0
AATCATTAACCAATCA,0
AATCATTAACCTTGCA,0
AATCATTATAAAGACG,0
AATCATTCCAAATAGG,0
AATCATTCCACAAAGC,0
AATCATTCCGATGGCC,0
AATCATTCTCCTTACT,0
AATCATTTATCCATTC,0
AATCCAAAGCGGAACC,0
AATCCAATAAAGCATG,0
AATCCAATGACACTGC,0
AATCCAATTCAGCCAC,0
AATCCACAAGCTAAAT,0
AATCCACCAACATATT,0
AATCCACCGTTAAAAA,0
AATCCACGCTGTGCGG,0
AATCCACTAGATGTAC,0
AATCCACTCCTGACAT,0
AATCCACTCGACAGGG,0
AATCCAGACTCAAATC,0
AATCCAGCTATATAGT,0
AATCCATACCCCCAAG,0
AATCCATCATATACAT,0
AATCCATCGAAAGCAT,0
AATCCCAACAACATAT,0
AATCCCAATGACCTCT,0
AATCCCCAGATGCCTT,0
AATCCCCCATAACGCA,0
AATCCCCTCCACCACA,0
AATCCCGCCTCCGACA,0
AATCCCGCTCCTGCAA,0
AATCCGAACGAATAAA,0
AATCCGAGTACCATGT,0
AATCCGCGACCAAGAT,0
AATCCGCTACCGAAGC,0
AATCCGGCCACCTTGC,0
AATCCTAAAAGGTTGC,0
AATCCTAACTTGGATC,0
AATCCTACCTCGACTC,0
AATCCTAGACACACGT,0
AATCCTCATCAGTTCG,0
AATCCTCGGCAAAATC,0
AATCCTCTAATTTCAT,0
AATCCTGACAGTGCCT,0
AATCCTGGTGAGACCT,0
AATCCTTAACACGGAT,0
AATCCTTAATTTGGCC,0
AATCCTTACCTCACAA,0
AATCCTTCCGAGTGAT,0
AATCCTTCCGATGTAC,0
AATCGAACACCCCCTA,0
AATCGAATTGCACGCG,0
AATCGACCCTGATTAT,0
AATCGACGCTAATAAT,0
AATCGACTCTCAAGAC,0
AATCGAGAATCACCAC,0
AATCGAGGCCCGCTCC,0
AATCGAGTTACAAGAA,0
AATCGATAGGTTCATA,0
AATCGATATATATAGC,0
AATCGCAAATACGGTA,0
AATCGCACAGTGTCGG,0
AATCGCCACATGAGCT,0
AATCGCCTTCTATAGC,0
AATCGCGAAATCATCT,0
AATCGCTACAAAAAAA,0
AATCGCTATAATAAGG,0
AATCGCTCAACATCGT,0
AATCGCTTAAAAGCCA,0
AATCGCTTAAGAGGCT,0
AATCGGACCGTTATCA,0
AATCGGCAGACTTAAA,0
AATCGGCATCTGTTTC,0
AATCGGCTTCGCCCTC,0
AATCGGTAACGCAAAA,0
AATCGGTAAGATATAA,0
AATCGGTAATATATTC,0
AATCGGTGGCGCTCAT,0
AATCGGTTTTATAGGA,0
AATCGTACTCTAGAAT,0
AATCGTATAAACAATT,0
AATCGTATAAGACCTA,0
AATCGTCAATAACCCA,0
AATCGTCGATAAACAC,0
AATCGTGAGTAACGGA,0
AATCGTGATCCCACTT,0
AATCGTTACGTTCACT,0
AATCGTTGCCCCCTAG,0
AATCGTTTTTGATGTA,0
AATCTAAACCTACGAA,0
AATCTAACAAAATTCT,0
AATCTAAGAATACTTA,0
AATCTAATAAATAACA,0
AATCTAATCTAGTAAA,0
AATCTAATCTATTATA,0
AATCTACAAATTATGG,0
AATCTACACTATGTTT,0
AATCTACATTTTGAAA,0
AATCTACCAAAAATTT,0
AATCTACCATGATGAA,0
AATCTACGGGGCCCAA,0
AATCTAGATACAATCA,0
AATCTAGGCCGAGACT,0
AATCTATATCTGATGG,0
AATCTATCGAAGAATA,0
AATCTATCTATAGGAA,0
AATCTATGGGAGTCCT,0
AATCTATGTACATCCT,0
AATCTATTACGAAACT,0
AATCTCAAATATCGGA,0
AATCTCACATTAAAAT,0
AATCTCACCGCAATGA,0
AATCTCCCCCATCTAA,0
AATCTCGAGCGCAATT,0
AATCTCTGGCCGAGAG,0
AATCTCTTGGGTAATA,0
AATCTGAATCAAGGTA,0
AATCTGCATAGATAAA,0
AATCTGCGCGAGCTCT,0
AATCTGCTAACCACGA,0
AATCTGGCGGCAACTC,0
AATCTGGCGTAATAAG,0
AATCTGGTAATCCTAG,0
AATCTGTAAACCCCTG,0
AATCTGTAGTCTAAGG,0
AATCTTAAAGGTCTTC,0
AATCTTAATGGAATAG,0
AATCTTAATTATTAGT,0
AATCTTACGAGTATGC,0
AATCTTACTGAACATT,0
AATCTTATGAGCTAAG,0
AATCTTCACCCGCCGA,0
AATCTTCCATCAATAT,0
AATCTTGATAATAAAC,0
AATCTTGGCCAGACCC,0
AATCTTGTATGCTTAT,0
AATCTTGTCGTCCTAG,0
AATCTTTCGCATCAGT,0
AATCTTTTAGAATGGA,0
AATGAAAAAAGCTTGG,0
AATGAAAAAATCATTC,0
AATGAAAAACACAGTA,0
AATGAAAACAGTTTAT,0
AATGAAAATAAACACA,0
AATGAAAATGATCGTA,0
AATGAAACCAAAAAGC,0
AATGAAAGAGGAATTG,0
AATGAAATAAAAAAGT,0
AATGAAATTGAATCCC,0
AATGAACAATGTACAT,0
AATGAACCGGCGAAAA,0
AATGAACTAGGTATGG,0
AATGAAGAAGTTGTGA,0
AATGAAGATAGCACCT,0
AATGAAGGTTTTAAAA,0
AATGAAGTCACAAGCG,0
AATGAAGTTGCGGCAG,0
AATGAATAAGCGAACA,0
AATGAATAATAAACAG,0
AATGAATCACAGGAGC,0
AATGAATCCTAACCCT,0
AATGAATGCTGAAGAA,0
AATGAATTTTGACCAT,0
AATGACAACATCAACA,0
AATGACAATAGAATAA,0
AATGACACACTCATAT,0
AATGACAGATAAGTCA,0
AATGACATCATAAACA,0
AATGACCGGAGAAGAT,0
AATGACGAGTAGTTCA,0
AATGACGGCAAACCAA,0
AATGACGTAGAAATAA,0
AATGACGTTACACAAG,0
AATGACTAAAATTCCA,0
AATGACTAAATCCTCA,0
AATGACTACGATGATA,0
AATGAGAAACAATTTT,0
AATGAGAATCAGATAA,0
AATGAGACACGAAAGT,0
AATGAGACACTTATAC,0
AATGAGATACTAAGCC,0
AATGAGATGCTATCCT,0
AATGAGATGGATGACA,0
AATGAGCGACGTACAA,0
AATGAGCTAGACCCAA,0
AATGAGGGAGGCATAA,0
AATGAGGTAATAACAA,0
AATGAGTGCTTTTACA,0
AATGAGTGTAAATTCG,0
AATGAGTGTATATGAC,0
AATGAGTTAGAAGTAG,0
AATGATAAACATTCCG,0
AATGATACACTTTATA,0
AATGATAGCATAGGAT,0
AATGATATATGAAACA,0
AATGATGAGCCATAAT,0
AATGATGCATCGCTGC,0
AATGATGTCCTTGGTT,0
AATGATGTTCACACAC,0
AATGATTAACAGTCCC,0
AATGATTAGCAAAACC,0
AATGATTAGTGTAACG,0
AATGATTCTCTTACGA,0
AATGATTGTAGGCAAA,0
AATGCAAAGGGTATTG,0
AATGCAACTCGTAAAC,0
AATGCAAGAACTAAAA,0
AATGCAAGATACAGGA,0
AATGCACAAATGAACA,0
AATGCACCGTAACACT,0
AATGCAGAAAGCACCA,0
AATGCAGAGGTGCACA,0
AATGCATACCCGCTTA,0
AATGCATATACTTTGA,0
AATGCATTTATAAAAG,0
AATGCCAGAGCCATCC,0
AATGCCCAAGGGTAAA,0
AATGCCCACCTAAAAC,0
AATGCCCACGAATCCA,0
AATGCCCTAAATGGAC,0
AATGCCGAGGTCCGCA,0
AATGCCGTTATAACCG,0
AATGCCTAGGTGTAGA,0
AATGCCTGAAGTCATC,0
AATGCCTGCAATACCA,0
AATGCCTGTTATCAAA,0
AATGCCTTTTCTATTT,0
AATGCGGTTTTACGTG,0
AATGCGTAGATATAGA,0
AATGCGTTTAAGGCTA,0
AATGCTATCAAGTAAA,0
AATGCTCAGAGGCTGA,0
AATGCTCATCGGCAGA,0
AATGCTCCCCTAAGGC,0
AATGCTCTGTACCGCG,0
AATGCTTACTAAAAAA,0
AATGCTTCACAAAGAG,0
AATGCTTTCGCATCTT,0
AATGCTTTCTTAACGA,0
AATGGAAAACTAGGAA,0
AATGGAACTTAGTACT,0
AATGGACTGTTAGATC,0
AATGGAGACGATGTTC,0
AATGGAGCCTTGACCT,0
AATGGAGTATAGCAAT,0
AATGGAGTTTCCAATC,0
AATGGATATATCGGGC,0
AATGGATTGCATAAAC,0
AATGGCACGCGACAAC,0
AATGGCCACATAGAAT,0
AATGGCCACTAACAAC,0
AATGGCCACTGAATAG,0
AATGGCCGGTAGATGA,0
AATGGGAGGCCTCCAG,0
AATGGGGTATAATGCT,0
AATGGGGTCCGAAAGC,0
AATGGGTCTATAATAG,0
AATGGGTGCACACGAA,0
AATGGTAAATATAACA,0
AATGGTACTCCAATAC,0
AATGGTGAGGGCTAAA,0
AATGGTTACCAACACT,0
AATGGTTTAAAGAGGC,0
AATGTAAGGCTACAGA,0
AATGTACCTATGAAAC,0
AATGTACGATACACTT,0
AATGTACGTCATACCA,0
AATGTAGATTGCTGTA,0
AATGTAGCGGTAACAA,0
AATGTATAACGAAACA,0
AATGTATACGGTTCTT,0
AATGTATATCTAAATC,0
AATGTATCTAAGAGAC,0
AATGTATCTAAGAGGC,0
AATGTATCTATCAATA,0
AATGTCAACACCACCA,0
AATGTCACATTGTGAT,0
AATGTCAGATAATTGA,0
AATGTCAGTCATCCTA,0
AATGTCCAAGGCATCA,0
AATGTCCAATTATATT,0
AATGTCCCCAGCCAAA,0
AATGTCTACAAGGTAA,0
AATGTCTATTCCGCGT,0
AATGTCTTACACACAC,0
AATGTCTTGCGCACAC,0
AATGTCTTGCTACTGT,0
AATGTGAACAGACTTC,0
AATGTGCAAAAAGATG,0
AATGTGGCCCTAAAAA,0
AATGTGTCTACGTGTC,0
AATGTTAAGCTGCACC,0
AATGTTAATACAAAAC,0
AATGTTACAACAAATG,0
AATGTTATGTAATCCT,0
AATGTTCAAGGGCATG,0
AATGTTCCAACACACA,0
AATGTTCTGCCCGCCC,0
AATGTTGATCTGTTAA,0
AATGTTGGAGCTGAGG,0
AATGTTTTAATACACT,0
AATGTTTTACCTTTAT,0
AATTAAAAATCAGACC,0
AATTAAAAGAGACTGG,0
AATTAAACCCTATATA,0
AATTAAACGACAAAAG,0
AATTAAAGGTTGAAAT,0
AATTAAAGTTCAATAA,0
AATTAAATAGAACTAA,0
AATTAACACGTTGTAA,0
AATTAACAGTAACAAC,0
AATTAACATATATAAT,0
AATTAACCAAAAAAGT,0
AATTAACGATCGTGGT,0
AATTAACTTGGTCTAG,0
AATTAAGAGGATCACC,0
AATTAAGAGGCTGCTC,0
AATTAAGAGTAACGTT,0
AATTAAGATCTGGTTT,0
AATTAATAAATTTTTG,0
AATTAATAGCAGCATT,0
AATTAATATAATGACT,0
AATTAATCATCCCAAG,0
AATTAATTCACTAAAA,0
AATTACAAAAAAAATG,0
AATTACAAAGAGATTA,0
AATTACAACCTACTTA,0
AATTACAATAATGTGC,0
AATTACAATGAACCGG,0
AATTACAATGACGCAA,0
AATTACAGGGGATTTT,0
AATTACATATGACAAA,0
AATTACATCCCACACT,0
AATTACCAATCAACCA,0
AATTACCATTAGCATG,0
AATTACCCACAACGAG,0
AATTACCCCAGTGCTC,0
AATTACCCCATAAAAT,0
AATTACCCTATTACAT,0
AATTACCGAGACCGTG,0
AATTACCTCACCACCT,0
AATTACCTTGCAAGTT,0
AATTACGAGCCAGCCT,0
AATTACGGAGGTATCA,0
AATTACTAAAAATCTA,0
AATTACTAAACCTAAG,0
AATTACTAAACTAACA,0
AATTACTAAGCTCGAT,0
AATTACTACCCCTATA,0
AATTACTACGAGAAAT,0
AATTACTCATGCTTTC,0
AATTACTTACGTAAAC,0
AATTACTTATGCACAG,0
AATTAGAAAACCCCTT,0
AATTAGAAACCTACGA,0
AATTAGAATCTTTTGC,0
AATTAGACCCAACTCT,0
AATTAGACGATCAGTG,0
AATTAGAGTCGAAAGA,0
AATTAGAGTGTCCAGT,0
AATTAGCAATACTGCG,0
AATTAGCGAGCATGAG,0
AATTAGGAACATGCCT,0
AATTAGGTAACGAATA,0
AATTAGTAAATTGAGA,0
AATTAGTTGGGTCAAT,0
AATTAGTTTTTGAATA,0
AATTATAAAACCTACA,0
AATTATAAAATATATC,0
AATTATAAACATAATA,0
AATTATAACTAAGACC,0
AATTATAAGTGCAGTC,0
AATTATAATATATAAA,0
AATTATACACTACCTA,0
AATTATAGAGAAAGGT,0
AATTATATTAAAGATT,0
AATTATCACCGTTTGT,0
AATTATCCATAGCGGT,0
AATTATCGATATTGAG,0
AATTATCTATATACAT,0
AATTATGAGGACTAAC,0
AATTATGATTTAGACA,0
AATTATTATTAAAAGT,0
AATTATTCGGTTAAAA,0
AATTATTGAACTTTTG,0
AATTATTGCAGATAAG,0
AATTATTTAGGTTGTA,0
AATTATTTTGAAAAAT,0
AATTCAAAAACATGAT,0
AATTCAAAATCGAGTC,0
AATTCAATACCCGCCC,0
AATTCAATAGGAGCAA,0
AATTCAATATACCAAT,0
AATTCACAAACAGAAA,0
AATTCACTATAACACG,0
AATTCACTCAATCTTA,0
AATTCACTTACTGTAG,0
AATTCAGGAGATATAA,0
AATTCAGGTGATACGG,0
AATTCAGTACGCGGTG,0
AATTCATAAAAGCATT,0
AATTCATAGCATAATG,0
AATTCATCAAACATAA,0
AATTCATCTTCGTTCT,0
AATTCATTGACGCGTA,0
AATTCCAAAAATCCGG,0
AATTCCAACAACAAAA,0
AATTCCAACCTTGAAA,0
AATTCCAATAGAATAA,0
AATTCCAATTATATAT,0
AATTCCACTTTCAAAA,0
AATTCCCAAAGAAACG,0
AATTCCCATACGCCAG,0
AATTCCCCCGGCGGGC,0
AATTCCCGACAGCTCC,0
AATTCCCTCATAACCT,0
AATTCCGTGTGACCGG,0
AATTCGAAAAGGCACT,0
AATTCGACCAATTTAC,0
AATTCGAGATGCAGAT,0
AATTCGAGATTCCCGA,0
AATTCGAGGGACCAAC,0
AATTCGCGAAAAAATT,0
AATTCTAAATTCTAAG,0
AATTCTAACCACTGAG,0
AATTCTACGCAACCAC,0
AATTCTCAATGGCAAT,0
AATTCTCCAAACCATT,0
AATTCTCCTGATGTTC,0
AATTCTCTTTGAGTTT,0
AATTCTGACTCGCCCT,0
AATTCTGGGGACGCAC,0
AATTCTGTGAGTCTTC,0
AATTCTTCATCAATTC,0
AATTCTTGAGTGTAGG,0
AATTGAAAACGAATAA,0
AATTGAAAAGTACTTT,0
AATTGAAATAATTCCT,0
AATTGAATAATAAAAT,0
AATTGAATACAAGGAT,0
AATTGACAGGCGACAT,0
AATTGACAGTCTGATC,0
AATTGACCGCTTTGCG,0
AATTGACTAAGTACCA,0
AATTGAGCTTAAATTT,0
AATTGAGGCATAGACA,0
AATTGAGGTCACCATC,0
AATTGAGTCTTTAGTC,0
AATTGATAGGCTTTAT,0
AATTGATATACCATTT,0
AATTGATCTAGCATAC,0
AATTGATGAGAAGCGT,0
AATTGCAAAGCAAAGA,0
AATTGCAACCGACGCG,0
AATTGCACCTCGGTAT,0
AATTGCCCAACCAGCT,0
AATTGCTGAAAGAATC,0
AATTGGAAACCCATGA,0
AATTGGATGGGTTCAA,0
AATTGGCGTAAACTTT,0
AATTGGCTAGCTCAGG,0
AATTGGGACCATAAAG,0
AATTGGTAACAAAATT,0
AATTGGTCGGTAGATT,0
AATTGTAGAACTCGGA,0
AATTGTATACCCTGGC,0
AATTGTCTACGTAAAA,0
AATTGTGCATGCAGTA,0
AATTGTGTACCTTTAA,0
AATTGTGTGTCTCCGA,0
AATTGTTAATATAAAA,0
AATTGTTCATGTTGAA,0
AATTTAAAGGCAATAC,0
AATTTAAGAATTACAA,0
AATTTAAGCACCACAA,0
AATTTAAGCTCTAGCC,0
AATTTAATACCTCACA,0
AATTTACAAAATCGGG,0
AATTTACATATACAAT,0
AATTTACCATTAGGAT,0
AATTTACCCTTTACTT,0
AATTTACCTATATCAC,0
AATTTACTAGGAAGTA,0
AATTTACTCACGACTA,0
AATTTAGAAAGTGTTA,0
AATTTATCAATATAAC,0
AATTTATGCTTATAAA,0
AATTTATTTTAATAGA,0
AATTTCAATATATATC,0
AATTTCACCATCTAGC,0
AATTTCACCTGCAGGG,0
AATTTCACTCTTAAAA,0
AATTTCAGGATACTTT,0
AATTTCATCAAAAAAA,0
AATTTCATGGGCAATC,0
AATTTCCAAAGAAAAG,0
AATTTCCATCAACGTT,0
AATTTCCGCTCTGCTA,0
AATTTCCTAAAGATGG,0
AATTTCGAAATCAAAA,0
AATTTCGAATTATTAA,0
AATTTCTATGACACTT,0
AATTTCTCTTTGAGAT,0
AATTTGAAAAATCACA,0
AATTTGAAAGGTTAAA,0
AATTTGAATAACTGAC,0
AATTTGACGGTAGTTG,0
AATTTGAGAAATCACA,0
AATTTGCAACTTAGAT,0
AATTTGCATGCCAGAC,0
AATTTGCCCCTAAGGC,0
AATTTGCCGGTTCGAT,0
AATTTGCCTATCCTTT,0
AATTTGGCCAACTAAA,0
AATTTGGCTGCACAAA,0
AATTTGTGGAAGTATA,0
AATTTTAAATAAGCCC,0
AATTTTAACCAGCTGC,0
AATTTTAGCGCCTTCG,0
AATTTTAGCGTCTATG,0
AATTTTATGACCGTTC,0
AATTTTCACTAACCGG,0
AATTTTCCACAAATAG,0
AATTTTCCCTGAAGCA,0
AATTTTCGTACACAAT,0
AATTTTCTACAACAGA,0
AATTTTCTACCCACCT,0
AATTTTGAAATGCTTT,0
AATTTTTATATCGGGA,0
AATTTTTATCGTGCAT,0
AATTTTTGGGATTAGC,0
AATTTTTTAGTTATGT,0
ACAAAAAAAAGAGTTT,0
ACAAAAAAACTCTATT,0
ACAAAAAACAACGTAT,0
ACAAAAAACACTCTCA,0
ACAAAAAACATAAGTT,0
ACAAAAAACCTCCGTG,0
ACAAAAAAGGCAATAA,0
ACAAAAAATAATTAGA,0
ACAAAAACAAATGAAT,0
ACAAAAACAATCAGCC,0
ACAAAAACATATACTT,0
ACAAAAACTATGAAAT,0
ACAAAAAGCAGAGAAT,0
ACAAAAATCTATTTTA,0
ACAAAAATGGATCTAC,0
ACAAAACAAACCGGAC,0
ACAAAACACATCTTGC,0
ACAAAACACTCAAGAC,0
ACAAAACATCAGCCTC,0
ACAAAACATGGCTGTT,0
ACAAAACCATAGTAGT,0
ACAAAACCTAAATAAG,0
ACAAAACGACAACCCC,0
ACAAAACGATTAGTGC,0
ACAAAACGCAAGCGAC,0
ACAAAACGTTATCCAG,0
ACAAAACTACAATGAC,0
ACAAAACTAGATATTT,0
ACAAAAGAACAGTAAT,0
ACAAAAGCCGCCCGCA,0
ACAAAAGCTGTCCAAA,0
ACAAAAGGAATAAAGC,0
ACAAAATAACGGTCTT,0
ACAAAATCCATAGGCG,0
ACAAAATCTACATAAA,0
ACAAAATGACAATTCA,0
ACAAAATGCAACCCCA,0
ACAAAATGCTACTACA,0
ACAAAATTTCCTACAA,0
ACAAACATGGGTACTT,0
ACAAACCAAAAGGCCT,0
ACAAACCACCGCAAAT,0
ACAAACCGTAACGTAA,0
ACAAACCTATGAACAT,0
ACAAACCTCAATGGAT,0
ACAAACCTCCTCAGTA,0
ACAAACCTGTGAGTGT,0
ACAAACGACCGGTCCC,0
ACAAACGATGGTCTCG,0
ACAAACGCAAAAATTA,0
ACAAACGCACAATCAT,0
ACAAACGCTAACGTAA,0
ACAAACGGATACCACA,0
ACAAACTCCAGACAAA,0
ACAAACTCTATGTACA,0
ACAAACTTTACGTTTA,0
ACAAACTTTCAGTCCT,0
ACAAACTTTTGAAAAT,0
ACAAAGAACACTCTTA,0
ACAAAGAATACAACGC,0
ACAAAGAGATCCAGAC,0
ACAAAGAGGCCAGCCG,0
ACAAAGATAACAAAAT,0
ACAAAGCGGCCTTACT,0
ACAAAGCTGCAGACGT,0
ACAAAGGCGAAGCTTG,0
ACAAAGGTAGAAGCAC,0
ACAAAGTAGCAATGAT,0
ACAAAGTCCACAGCAT,0
ACAAATAAAGAAAAAC,0
ACAAATAAGAAGCACT,0
ACAAATACAACCCTTG,0
ACAAATACAGCAACAT,0
ACAAATAGATATTACA,0
ACAAATAGGAAGACAA,0
ACAAATAGTCAGAGAA,0
ACAAATATAATAGGAA,0
ACAAATATGAGTGCCA,0
ACAAATATGCAGTCCA,0
ACAAATCAGACGTAGA,0
ACAAATCATGGCCAAT,0
ACAAATCCATAAAATC,0
ACAAATCCTGTTGTCC,0
ACAAATCGTTGTATTC,0
ACAAATCTACTGTATA,0
ACAAATCTTTAATAAG,0
ACAAATGACCACACAC,0
ACAAATGATAAGAACC,0
ACAAATGATAGCTACT,0
ACAAATGGATGACATT,0
ACAAATGGTGTCTAAA,0
ACAAATTAAATTATAA,0
ACAAATTAACATAAGT,0
ACAAATTAACCCGTTT,0
ACAAATTAAGAAGCGG,0
ACAAATTAGCCTACTT,0
ACAAATTCAACTATTG,0
ACAAATTCGTATGAAC,0
ACAAATTGAGGCTCGG,0
ACAAATTGCAAATTGG,0
ACAAATTGGTTGTACA,0
ACAAATTTCCCGTAAT,0
ACAAATTTTGATAACA,0
ACAACAAACCCACCAA,0
ACAACAAACGACGTAG,0
ACAACAACTACATTAG,0
ACAACAATTATCATAG,0
ACAACACACACCCGCA,0
ACAACACAGTCAATAC,0
ACAACACCCAAACTTT,0
ACAACACCGCTTTATG,0
ACAACACGAATGTTAA,0
ACAACACGCCCTGAAA,0
ACAACACGGATTCGTA,0
ACAACACGTGTGGGCG,0
ACAACACTAACAACAC,0
ACAACACTCATCGCTA,0
ACAACAGACAACCAAA,0
ACAACAGATACACCAG,0
ACAACAGTAAATTGTT,0
ACAACAGTAGCTTCTT,0
ACAACATCGAACCTTC,0
ACAACATGAGAAAACT,0
ACAACATGGAACTTAT,0
ACAACATTAGGCGTGA,0
ACAACCAAAAATGACC,0
ACAACCAAACAATCCA,0
ACAACCAAACATCGTT,0
ACAACCAATAGCAAAT,0
ACAACCAGAAACATGA,0
ACAACCCGTCGTCACC,0
ACAACCCTTCAAGAAA,0
ACAACCGACTAGCGTG,0
ACAACCGATTCTTTCC,0
ACAACCTAATACTAGT,0
ACAACGAACGTTAATC,0
ACAACGAAGCATCGAA,0
ACAACGAAGTCGCGGT,0
ACAACGAGTTTGAGAC,0
ACAACGCACCTTTCTC,0
ACAACGCAGATAAGAT,0
ACAACGCATTAAAATG,0
ACAACGCGCTCCACTA,0
ACAACGCTAAGAAAAC,0
ACAACGCTGAATAAAT,0
ACAACGGCCTAGGCCA,0
ACAACGTGCCCTTTGC,0
ACAACTAAAAAAGACT,0
ACAACTAAAGAGACTG,0
ACAACTACAAGAAACT,0
ACAACTACGATACTTA,0
ACAACTACTCTGACAC,0
ACAACTCGAACCGCCA,0
ACAACTGGACAAAACA,0
ACAACTTAAAAAAACA,0
ACAACTTAACAGAGAC,0
ACAACTTCTATGAAAT,0
ACAACTTCTGGTTACT,0
ACAACTTTCAATCTTT,0
ACAAGAAAGAAAATCC,0
ACAAGAAAGTGGACGT,0
ACAAGAACAAGTAGGA,0
ACAAGAACATGACGCG,0
ACAAGAACCCCGGTTA,0
ACAAGACAAGTGATCT,0
ACAAGACATAACGAAG,0
ACAAGACTAATAACTA,0
ACAAGAGAGACCGCTA,0
ACAAGAGGGGTTATTA,0
ACAAGAGTATGCCCCA,0
ACAAGAGTCGGAGTGA,0
ACAAGAGTTATAGTTA,0
ACAAGATACCTAAAGA,0
ACAAGATTAACAATCA,0
ACAAGATTACCGACGA,0
ACAAGATTTGACTAAA,0
ACAAGATTTTATGCGA,0
ACAAGCAACGAAGGCT,0
ACAAGCCGAACACATC,0
ACAAGCCTACTAGTGT,0
ACAAGCGTATTGTAAA,0
ACAAGCGTCTTCAAAC,0
ACAAGCGTGGTAATCT,0
ACAAGCTCCAACAAAT,0
ACAAGCTGTGATCGGC,0
ACAAGGAATGAACATG,0
ACAAGGACATCTGTTG,0
ACAAGGCATATAACAA,0
ACAAGGGAAGGGTGCT,0
ACAAGGGGCTTGATAG,0
ACAAGGTCACATCCAT,0
ACAAGGTCGACGCAAA,0
ACAAGGTTTTGTAAAA,0
ACAAGTACTTTGAACT,0
ACAAGTAGAACTTAAA,0
ACAAGTAGTCACATTT,0
ACAAGTATTAAAAAAG,0
ACAAGTCACATTTAAT,0
ACAAGTCTTTTGAAGT,0
ACAAGTGACTTCAACT,0
ACAAGTTACCGGAACA,0
ACAAGTTATCGTAAGC,0
ACAATAAAAACCTGGA,0
ACAATAAAACATCCAT,0
ACAATAACCCCATCTC,0
ACAATAACGTCCAAAG,0
ACAATAAGTAAAGACA,0
ACAATAATTTTTGGAA,0
ACAATACCCTTTGGAT,0
ACAATACTTCAGTAAA,0
ACAATAGATTACCCAA,0
ACAATAGCGTCAACAG,0
ACAATAGGACAACTGA,0
ACAATATAATGAAAAA,0
ACAATATACCTCACAG,0
ACAATATAGACTACAC,0
ACAATATATCATACTT,0
ACAATATGTTCCCCCC,0
ACAATATTTGGTAAAA,0
ACAATCAAATAGTGGT,0
ACAATCAATTGCCAGA,0
ACAATCACAGAACGAG,0
ACAATCCAATACCGTA,0
ACAATCCAGACTCCCC,0
ACAATCCCAAACGAAC,0
ACAATCCGATAAAAAC,0
ACAATCCTTTCGTAAA,0
ACAATCGATACAACAA,0
ACAATCTATGTCATTG,0
ACAATCTGTCAACCTG,0
ACAATCTTTTAATAAT,0
ACAATGAAAAAATTAA,0
ACAATGAATCAACAAC,0
ACAATGAATTAGTCAA,0
ACAATGAGCCCCTCTT,0
ACAATGCACCGTAATT,0
ACAATGGATCCATAAG,0
ACAATGGCTTTAGACC,0
ACAATGGTGTGAATCG,0
ACAATGTATTATGTGC,0
ACAATTAAGACTGACT,0
ACAATTAATACAACAG,0
ACAATTACGAAAAAAT,0
ACAATTACGCAGGGTT,0
ACAATTATCTGACACC,0
ACAATTATTCATCTTT,0
ACAATTATTCATTAAT,0
ACAATTCAATTATACC,0
ACAATTCACTCTCGTA,0
ACAATTCAGCCAGACA,0
ACAATTCATACAACTA,0
ACAATTCGATAGCCAC,0
ACAATTCGGGAAGTAT,0
ACAATTGATATAAAAT,0
ACAATTGCACATCAGC,0
ACAATTGTAAATTAAA,0
ACAATTGTTCGTTGAT,0
ACAATTTAGCTCTCTT,0
ACAATTTATCCTAACC,0
ACAATTTGGTATAATA,0
ACACAAAACATATCAA,0
ACACAAACGCATATCA,0
ACACAAACGGAGTCCA,0
ACACAAACTCGATCAA,0
ACACAAAGCCCTACAA,0
ACACAAATGTACTAGG,0
ACACAAATGTTGTATC,0
ACACAAATTAAGCGTC,0
ACACAAATTCTAGCGT,0
ACACAAATTTAATCAC,0
ACACAACAAAATCAGA,0
ACACAACACCATGAAA,0
ACACAACATGGGTTAA,0
ACACAACATGGTCCCA,0
ACACAACATTATCAAA,0
ACACAACGAGTCTGTT,0
ACACAAGAACGCGTAC,0
ACACAAGAAGACTACA,0
ACACAAGAAGTATTCT,0
ACACAAGACGTATAAC,0
ACACAAGCATAAAGTC,0
ACACAAGCCATATATA,0
ACACAATAAAACACCC,0
ACACAATAAATACACC,0
ACACAATCAAACTAGA,0
ACACAATCTTTGATTG,0
ACACAATGTATAGAAT,0
ACACAATTCAATAAAT,0
ACACAATTTGCTTTGC,0
ACACACAATAGGTCGC,0
ACACACACAACGAACA,0
ACACACAGGCGTTCAT,0
ACACACAGGTAATAAT,0
ACACACATAAACCCCG,0
ACACACCCAATTTAAA,0
ACACACCGAGCTCGGC,0
ACACACCGTAGAATCT,0
ACACACGAAAGCAAAG,0
ACACACGCGCTAACGT,0
ACACACGTGGCGAAGT,0
ACACACTAGCTCGGTA,0
ACACACTCGCGAGTAA,0
ACACACTTCTAACCAT,0
ACACAGATAGGCAGTT,0
ACACAGATTACCGTCA,0
ACACAGCCAGACATAC,0
ACACAGCCGTAAGATC,0
ACACAGGCTCTAAGTG,0
ACACAGTAATATATCT,0
ACACAGTAGGGCCTGA,0
ACACAGTCGACATTGA,0
ACACAGTCGTTTAATT,0
ACACATAAGGAAATAC,0
ACACATCACTATTGAG,0
ACACATCAGGTCTCAA,0
ACACATCTTAGTCTTA,0
ACACATCTTTCCAATC,0
ACACATGAAGAAAAGA,0
ACACATGATAATCACT,0
ACACATGGAATACATA,0
ACACATTATGACAAAT,0
ACACATTATTAATTGT,0
ACACATTCAAGAATCT,0
ACACATTCTATTACCG,0
ACACATTTAAACTGAA,0
ACACATTTGCCGAGAG,0
ACACCAAAAAGCGAGA,0
ACACCAAAACTGTACG,0
ACACCAAACTACAAGA,0
ACACCAAGGTTTCGGT,0
ACACCAAGTGAATTTT,0
ACACCAATCATAGCAC,0
ACACCACAAAAATATC,0
ACACCACAGTGTTACG,0
ACACCACATGCCTATT,0
ACACCACGAAAATATC,0
ACACCACTATAAAATC,0
ACACCAGAGGATTGGA,0
ACACCATCAAAGTCCA,0
ACACCATTCATCTAAT,0
ACACCCAAGGTCTTAA,0
ACACCCAATTTGAAAA,0
ACACCCATAATCGAAA,0
ACACCCCGAATGAAAA,0
ACACCCCTCCTAATAA,0
ACACCCGAAAACCCTA,0
ACACCCGTAATTAGAA,0
ACACCCTAACACATCA,0
ACACCCTATCTTGGTC,0
ACACCGATCCCTCGGA,0
ACACCGCTCCGTGGGG,0
ACACCGCTGAAAACCC,0
ACACCGCTTTGAAACT,0
ACACCGTCAAAAAGCC,0
ACACCTAAAACTAGAA,0
ACACCTAATATGCAGA,0
ACACCTAATTGGTAAC,0
ACACCTAGTATCGGGC,0
ACACCTAGTTTGCTAG,0
ACACCTCATTGCAAAA,0
ACACCTCCTTGTTAAA,0
ACACCTTAATCCACCT,0
ACACGAATACTTACTA,0
ACACGACGAGAAACTA,0
ACACGACGCCAAGCAT,0
ACACGACGGGATTGTG,0
ACACGACTATCTAACA,0
ACACGAGCCTTATATT,0
ACACGAGTGTTATATC,0
ACACGAGTTAGATACA,0
ACACGATAGTTCAGGT,0
ACACGATCCTGGTCAA,0
ACACGATTGGTAATAA,0
ACACGCATCGCACTAC,0
ACACGCTACCAATATT,0
ACACGGACTAATCCCT,0
ACACGGACTCCCGCAC,0
ACACGGATACGAAAGC,0
ACACGGGACTCAGTAT,0
ACACGGGTTAATAAAG,0
ACACGTATATCACTTA,0
ACACGTCCACAAACAC,0
ACACGTGAAATGCAAG,0
ACACGTGCAGCATGAA,0
ACACGTGCGTGACAAA,0
ACACGTGTCTTCATTA,0
ACACGTTCTGCCCATA,0
ACACTAAAACCTAACA,0
ACACTAAAGAACACAT,0
ACACTAAATACAAATA,0
ACACTACATCCTTACG,0
ACACTACATGCATTCA,0
ACACTACCATTAGTGT,0
ACACTACCTAGCCGAT,0
ACACTACCTCGTTGTA,0
ACACTACGTTTTTTAA,0
ACACTACTGGGAAACA,0
ACACTAGACAAATCAT,0
ACACTAGCGTAAAATT,0
ACACTATAAAATAGAG,0
ACACTATAAGATGGCG,0
ACACTATAGGTACGGA,0
ACACTATATACTGCAG,0
ACACTATCAAGAACTG,0
ACACTATGGACTCTTG,0
ACACTATTCCCTCTAA,0
ACACTCAAAAACAGTT,0
ACACTCAACCACCCCC,0
ACACTCACATGATACT,0
ACACTCACTGGGGACT,0
ACACTCACTTCCACTG,0
ACACTCAGAACGAGCA,0
ACACTCAGATGCCAAG,0
ACACTCCGCGTTTCAG,0
ACACTCCTTAATCCCG,0
ACACTCGACATCGGCA,0
ACACTCGAGGACCATA,0
ACACTCGGTCTAGGAT,0
ACACTCGTACAAAACG,0
ACACTGACACCCTATA,0
ACACTGACCGTATATA,0
ACACTGACTGACGAAA,0
ACACTGAGAATACCGC,0
ACACTGAGAGGACTGT,0
ACACTGCACCAAGAAA,0
ACACTGCCGATGCAAT,0
ACACTGGACCTCCGGG,0
ACACTGGTCCTGTACA,0
ACACTTAACACCCAAA,0
ACACTTAACCTCTGAC,0
ACACTTAAGAAGCATA,0
ACACTTAGAGAGGACA,0
ACACTTATAAACGAAG,0
ACACTTATATACTGCC,0
ACACTTATATGCACTA,0
ACACTTCATCTACCAA,0
ACACTTCATTTTAATC,0
ACACTTCCACCATATT,0
ACACTTGAATAACTTG,0
ACACTTTGCTATTAGT,0
ACAGAAAAAGCCTAAG,0
ACAGAAAAGCCTGTAA,0
ACAGAAAATTCATAAG,0
ACAGAAACTGAGTAAA,0
ACAGAAAGTAATCTGC,0
ACAGAAAGTTACTGGA,0
ACAGAAATATGGGAGA,0
ACAGAACAAGTGAGAA,0
ACAGAACCCTAGGCGA,0
ACAGAACGCGAAACGA,0
ACAGAACTACTAAGCC,0
ACAGAACTCCAGCCAC,0
ACAGAACTTTACTCCT,0
ACAGAAGATATTAATA,0
ACAGAAGCATCTCGGG,0
ACAGAAGCCGTAGACG,0
ACAGAAGCGTTTCCAA,0
ACAGAATATTTCATCT,0
ACAGAATGCGTCACTA,0
ACAGAATTACCAATAG,0
ACAGAATTATGATAAG,0
ACAGAATTGGGAACTT,0
ACAGACACAGCAGCAA,0
ACAGACAGACTGGTAG,0
ACAGACAGAGGGGGAG,0
ACAGACAGTCACGCAA,0
ACAGACATTTCCCCGT,0
ACAGACCAAGGTGGAC,0
ACAGACCCCCACACTA,0
ACAGACGTTGTGCATA,0
ACAGACTCACGAACGC,0
ACAGACTGAAGTATTA,0
ACAGACTGCACCAGGA,0
ACAGAGAACCCCTCAC,0
ACAGAGAACTGAGTCA,0
ACAGAGAATAACGAAT,0
ACAGAGCACTCATTCG,0
ACAGAGTGAACTTCGC,0
ACAGAGTGCTAAAAAT,0
ACAGAGTGTTATAGCA,0
ACAGATAAAAATGTAT,0
ACAGATAAAACATGAC,0
ACAGATAATACTACGA,0
ACAGATAATATGCATT,0
ACAGATACAAATTGAA,0
ACAGATATATGCTCCC,0
ACAGATCAAACAAAAA,0
ACAGATCAATCAATAG,0
ACAGATCACCGTCCCA,0
ACAGATCTACCAGGTT,0
ACAGATGAAACCAAGT,0
ACAGATTAACGACGAA,0
ACAGATTAATGCTGCC,0
ACAGATTCAACCCTAT,0
ACAGATTTGCGCAAGG,0
ACAGCAAAAAGAACTC,0
ACAGCAAACACTGATC,0
ACAGCAATATACCGAT,0
ACAGCACCGTCTTACC,0
ACAGCAGATGTCTGGA,0
ACAGCAGCAAATCATA,0
ACAGCAGGATTACAGT,0
ACAGCATTAAGAGTTG,0
ACAGCATTATGTGAAA,0
ACAGCCAATCCACAAA,0
ACAGCCATCCGGCTAA,0
ACAGCCCCCAAGAGAA,0
ACAGCCCCCATTTAAA,0
ACAGCCCTCGCCCAAA,0
ACAGCCCTTTTCCGCT,0
ACAGCCTTCGAAACTC,0
ACAGCGAAACAATCGA,0
ACAGCGAAGATTAATA,0
ACAGCGAGGATAGTAA,0
ACAGCGCTACAGCACG,0
ACAGCGCTCACCATGC,0
ACAGCGGAGATCTAAT,0
ACAGCGTAACCTTCAG,0
ACAGCTACCCACGGAT,0
ACAGCTATGGATAGCA,0
ACAGCTGACGTTGGCC,0
ACAGCTGCCCGTTAGA,0
ACAGCTGCTACAACCT,0
ACAGCTGGTTACCTAA,0
ACAGCTTATCCCCGCA,0
ACAGCTTTAGCAAAGA,0
ACAGGAACAGGGGATA,0
ACAGGAAGACAAGGAT,0
ACAGGACTCTTTGACA,0
ACAGGAGTCAAAAGAC,0
ACAGGATTAAAATACA,0
ACAGGCAAACCGGGAA,0
ACAGGCACATAGAATA,0
ACAGGCACCGGGGCTT,0
ACAGGCCATCTGGTAA,0
ACAGGCCCTACAGAAC,0
ACAGGCCTCACCGGCA,0
ACAGGCGCGTAACGTA,0
ACAGGCTACATTTGAA,0
ACAGGCTCAGATCACC,0
ACAGGCTCCGGGCCAA,0
ACAGGGAGGCGTTTCA,0
ACAGGGCGAGAAAAAT,0
ACAGGGGCCTGATTGC,0
ACAGGGGTTTATGTTA,0
ACAGGGTTAAAAGCGG,0
ACAGGGTTAACTTCCT,0
ACAGGGTTTAATATAA,0
ACAGGTATGGTGCCCA,0
ACAGGTCGGAATACGA,0
ACAGGTGAAATTAGAT,0
ACAGGTGCTAACCCCC,0
ACAGGTGCTTAAACCA,0
ACAGGTTAATGAAATA,0
ACAGGTTACAGAAAAG,0
ACAGGTTACAGGTTAT,0
ACAGGTTACGAATACA,0
ACAGTAAAAGGTGCCA,0
ACAGTAAAATAGCAAA,0
ACAGTAACCAGAAATT,0
ACAGTAACCTGACATA,0
ACAGTACAGCTACAAG,0
ACAGTACAGTGCACAG,0
ACAGTACCAATTTAGA,0
ACAGTACCCTTACCGC,0
ACAGTACCTCGTGGCT,0
ACAGTAGCAGAGTTCA,0
ACAGTAGGCCTAGTGA,0
ACAGTATAGCGGCTAG,0
ACAGTATATATCCCGT,0
ACAGTATCCAAATGGC,0
ACAGTATCCGTCCCCA,0
ACAGTCACATAAAACA,0
ACAGTCATAAATCACA,0
ACAGTCATGACCTGTA,0
ACAGTCCAAGAAGTAA,0
ACAGTCCTAATACTAA,0
ACAGTCGCGAAGTCAC,0
ACAGTCGTCTCAACAC,0
ACAGTCGTTTCTGTTT,0
ACAGTGAATTAATCTT,0
ACAGTGCAATCGTGTG,0
ACAGTGGGGTTACTAA,0
ACAGTGTAAGATTGCA,0
ACAGTTAAATTAATAA,0
ACAGTTAACAAGAACC,0
ACAGTTAAGTTAATGA,0
ACAGTTGAGAAAAATA,0
ACAGTTGATTACAATG,0
ACAGTTGCGACACAGC,0
ACAGTTGGTAAACGGC,0
ACAGTTTCCGGTTGGT,0
ACAGTTTGTCTATGAG,0
ACATAAAAAACAATAC,0
ACATAAAAAGGCACAA,0
ACATAAAGCCGGGGAG,0
ACATAAATGTCAGTCA,0
ACATAAATTGCTCAAT,0
ACATAACAGTATAAAG,0
ACATAACCTAGCCTTA,0
ACATAACCTGCCTACA,0
ACATAACTTATTACGG,0
ACATAACTTTAACGTG,0
ACATAAGAGCATAACC,0
ACATAAGATCCTGATG,0
ACATAAGGGATTAATT,0
ACATAAGTATGTATCA,0
ACATAAGTTAATAACA,0
ACATAAGTTACTCGTC,0
ACATAATACCCCAAAA,0
ACATAATAGCATAATC,0
ACATAATATATGCGCA,0
ACATAATCATAACAAA,0
ACATAATCCGGTAAAG,0
ACATAATCCTAAAATA,0
ACATAATCGCCGTAAA,0
ACATAATTGCGCAAGT,0
ACATACAAGCTATAAT,0
ACATACAAGTCACCTG,0
ACATACAATAGAAAAA,0
ACATACACCGATACTG,0
ACATACACGAAGGATT,0
ACATACATAAATGATG,0
ACATACATCCTCTACC,0
ACATACATTCCTTTAT,0
ACATACCATTTTACCG,0
ACATACCCGGGTAAAA,0
ACATACCCTATAAATC,0
ACATACGAGAAAGACG,0
ACATACGTATTAACCT,0
ACATACTCAAACGACC,0
ACATACTGATGCAATA,0
ACATACTGGCATATGC,0
ACATACTTGGCGCCGA,0
ACATAGAAAAATATCC,0
ACATAGACACCGATCG,0
ACATAGACTAAGTCTT,0
ACATAGAGTCCATATA,0
ACATAGCACTTTCTTT,0
ACATAGCAGCTCAAAA,0
ACATAGCCACTTGCTT,0
ACATAGCCTTATGAGA,0
ACATAGCTCAATGTTG,0
ACATAGCTTTCTACAG,0
ACATAGGTATAAATCG,0
ACATAGTCACACTATA,0
ACATAGTGCCCTCTTC,0
ACATAGTTGTACCATT,0
ACATATAACTAATTAT,0
ACATATACTAAAGCGC,0
ACATATACTGAGAGGA,0
ACATATACTGCTAATG,0
ACATATCCTCAATAAG,0
ACATATCGGGGACGAA,0
ACATATCTAAATACAG,0
ACATATCTATCACAAT,0
ACATATGAAACAAAAC,0
ACATATGAATGCGTCG,0
ACATATGGACATATAT,0
ACATATGGGGCCAATA,0
ACATATGGTAATTAGA,0
ACATATTATAAACTTT,0
ACATATTGAAAAACTA,0
ACATATTGCCTAGGGG,0
ACATATTGTACCATAA,0
ACATCAAAATAAATTA,0
ACATCAAAATACACTA,0
ACATCAACATTCCAAT,0
ACATCAACGACCACAA,0
ACATCAAGTGTGATGA,0
ACATCAATGTAATTAA,0
ACATCACAAAAGAATC,0
ACATCACATGTCAATA,0
ACATCACCAAACTACG,0
ACATCACCGATAAACA,0
ACATCACCGTGGCACC,0
ACATCACGCCCGATCT,0
ACATCACTGAGAGTTC,0
ACATCAGAGCAGGTAA,0
ACATCAGGCTAAACCA,0
ACATCAGGTAATGCTA,0
ACATCATACGTCAGAC,0
ACATCATATGTCCAGT,0
ACATCATGTGTTAAAC,0
ACATCCATATAAAAAA,0
ACATCCATGGCAACCT,0
ACATCCATGTTGAATA,0
ACATCCCTGAAAATGG,0
ACATCCGAGTAACGAC,0
ACATCCGCAGTTAGGG,0
ACATCCGGGTCACAAA,0
ACATCCTCTCAGCACG,0
ACATCCTTATTAGCTG,0
ACATCCTTGAATGAAA,0
ACATCGAAACCCAACA,0
ACATCGAACCTGAATA,0
ACATCGAATATCATCA,0
ACATCGACAAGCGGGT,0
ACATCGACGAGGCCCC,0
ACATCGCCCAGCCAGG,0
ACATCGCCTACAGTTT,0
ACATCGCTGCGGATCA,0
ACATCGGCACACAAAA,0
ACATCGTACTATACCA,0
ACATCGTTATCACCAA,0
ACATCTAAAAACAGTA,0
ACATCTAAAAGTGACA,0
ACATCTAAAATCCGTG,0
ACATCTAAATTTAATA,0
ACATCTAATTAGGCTC,0
ACATCTAATTCTGCAA,0
ACATCTACAAATCACT,0
ACATCTACAGATAGTA,0
ACATCTAGAAGTGCAT,0
ACATCTATACACATAG,0
ACATCTATTACTTAGG,0
ACATCTCAGGCAGTAG,0
ACATCTCATATACCAA,0
ACATCTCATTAGAAAC,0
ACATCTGAGGAGCTAT,0
ACATCTGGACCATATC,0
ACATCTGTATTCATAC,0
ACATCTTGGAATAAAG,0
ACATGAAAAATCACTG,0
ACATGAAACACAAAAA,0
ACATGAAACATCTACT,0
ACATGAACCATACTAC,0
ACATGAAGAATACCAC,0
ACATGAAGCAAAACGC,0
ACATGAATATCCCAAA,0
ACATGAATTAGGCCAT,0
ACATGAATTTAACTAC,0
ACATGACAAAGATAGA,0
ACATGACACCAAAAAA,0
ACATGACAGGTGGTCA,0
ACATGACTTATAACAA,0
ACATGAGTATACCAAC,0
ACATGATATATAACTC,0
ACATGATGGATTATTG,0
ACATGATTGCAAATAA,0
ACATGCAAAAGCGAAG,0
ACATGCAACGCTGAAT,0
ACATGCACAAATACTC,0
ACATGCACCCGTATAC,0
ACATGCACCTGAAAGC,0
ACATGCATAGCAAGTC,0
ACATGCATCACGACCT,0
ACATGCCCGCGGACAT,0
ACATGCCGTATGTGCA,0
ACATGCCGTTTTAAAT,0
ACATGCTTCAAACCAC,0
ACATGGACAGAAAAGC,0
ACATGGAGTTAGAATC,0
ACATGGATAGTGTGAA,0
ACATGGATCCACTATC,0
ACATGGCTAAACCTTA,0
ACATGGGCACCTGGGT,0
ACATGGGCAGACAAAA,0
ACATGGTACATGTAGA,0
ACATGGTACTCTAGGC,0
ACATGGTATCCCTTCT,0
ACATGGTCCCAGTATT,0
ACATGTAGTATCCACA,0
ACATGTAGTCCTGATT,0
ACATGTATGAGCCCCA,0
ACATGTCACAAGAATA,0
ACATGTCACCCCGTCA,0
ACATGTCGGGTGAGAC,0
ACATGTTTGTACTTTC,0
ACATTAAACAACGTAA,0
ACATTAAATGCAAATC,0
ACATTAACTCTTTCAA,0
ACATTAATCACGAGCG,0
ACATTAATCATCCCTA,0
ACATTACAAGCAAATG,0
ACATTACCAAGGATCG,0
ACATTACCATAGGACG,0
ACATTACCCAGTCCAT,0
ACATTACGCGAACAAG,0
ACATTACGGTTTGATG,0
ACATTAGATAAAGCAC,0
ACATTAGGCTACAAAG,0
ACATTATCATGGACTT,0
ACATTATGTTTTAATC,0
ACATTCAAGCTTTTCC,0
ACATTCAATAAGTATC,0
ACATTCAATAAGTGAC,0
ACATTCACATATATGA,0
ACATTCACTCATAAAT,0
ACATTCAGGATAATCT,0
ACATTCGCCAATTTTG,0
ACATTCTAGCAAGGCT,0
ACATTCTTAACACCGA,0
ACATTGAAAATGGACA,0
ACATTGAACAGGGCAG,0
ACATTGAGCAGACAAA,0
ACATTGATAGATGGTT,0
ACATTGATCGGGATAG,0
ACATTGATGTCAAGAA,0
ACATTGCACCTAACAC,0
ACATTGCAGATATATG,0
ACATTGCAGGAGCGCT,0
ACATTGCATATGTGAT,0
ACATTGTCTGAGTGAA,0
ACATTGTGATTAAATG,0
ACATTGTGTAAGGGCA,0
ACATTTAGTGTCCAGA,0
ACATTTATCCGAAGAA,0
ACATTTCGGAGAGTCT,0
ACATTTCTGCACAGGC,0
ACATTTCTTTCGACCC,0
ACATTTTAAAGTCACA,0
ACATTTTACTGCCTAG,0
ACATTTTCATCTAGAT,0
ACCAAAAAAAAACTCA,0
ACCAAAAAATAAAATG,0
ACCAAAAACATTCTCA,0
ACCAAAAAGACAATAA,0
ACCAAAAAGACATTAA,0
ACCAAAAATCAGCATA,0
ACCAAAACGGGCGTAG,0
ACCAAAACTACAGTAT,0
ACCAAAAGAATTGAGA,0
ACCAAAATATAGAACA,0
ACCAAACAAAAACAAC,0
ACCAAACAAATCTGAA,0
ACCAAACAACTCAGTA,0
ACCAAACATATGCAAT,0
ACCAAACATTTCGCGA,0
ACCAAACCAGATTGAT,0
ACCAAAGAAACGGTCA,0
ACCAAAGACAGACCAC,0
ACCAAAGAGCCTAGTC,0
ACCAAAGATACCATGA,0
ACCAAAGCCTAGCACG,0
ACCAAAGGAATCAGGA,0
ACCAAAGGACAAAGCT,0
ACCAAAGGATCGGGGT,0
ACCAAATAATCCTAAA,0
ACCAAATACTAATAAA,0
ACCAAATCTAAAAATA,0
ACCAACAAACCTTAGA,0
ACCAACAAAGGAAAGT,0
ACCAACAAGAGTCAGT,0
ACCAACAGTTGCTCCC,0
ACCAACCAAATGCTAA,0
ACCAACCGACATATGT,0
ACCAACGAAATCAGGC,0
ACCAACGACACTATTA,0
ACCAACGATCCGGTCT,0
ACCAACGTGTAGAAAA,0
ACCAACGTTTCTTCAA,0
ACCAACTACCTAGCGC,0
ACCAACTTAATCAACT,0
ACCAAGACAAGCAACA,0
ACCAAGAGAATCAAAC,0
ACCAAGATATTCATCG,0
ACCAAGATTCCCCGTT,0
ACCAAGCATGACAAAA,0
ACCAAGCCTTTAGTGA,0
ACCAAGCGAACATTAA,0
ACCAAGGATCGGTGGT,0
ACCAAGGCTCCAACAC,0
ACCAAGGGGGTTTACT,0
ACCAAGGGTACGCGGC,0
ACCAAGGTTTGTACTG,0
ACCAAGTCTGGTCTAG,0
ACCAATACTACTTATT,0
ACCAATAGCAACCTAT,0
ACCAATAGCCAGCAGT,0
ACCAATATACCAACCC,0
ACCAATATCGTATGTA,0
ACCAATCACATGAAGA,0
ACCAATCACCAAATCC,0
ACCAATCACCAATAAC,0
ACCAATCAGAAGGGTG,0
ACCAATCCCGTATCCC,0
ACCAATGACAGTGTGG,0
ACCAATGCACTCACTA,0
ACCAATGCAGTAACGA,0
ACCAATGTCATGGATT,0
ACCAATTCTAAAGAAA,0
ACCACAAAACTACGAA,0
ACCACAAATCCGGGAT,0
ACCACAACAACATAGA,0
ACCACACACTACTACT,0
ACCACACTCATTCCCG,0
ACCACACTTCTCAAGT,0
ACCACAGAAGATTTAA,0
ACCACAGAGTCCTGAT,0
ACCACAGATATTGCGT,0
ACCACATACATAGGAG,0
ACCACATATCCGAAGG,0
ACCACATCTACAAGAT,0
ACCACCAAAACTTATA,0
ACCACCAAGATCTTAC,0
ACCACCATATGTAACC,0
ACCACCGCTAAAAAAT,0
ACCACCTCCCGGATGA,0
ACCACCTCCTAAAGCT,0
ACCACCTGAAGGAGTA,0
ACCACCTGGAGTTGCG,0
ACCACGAGAAACAACT,0
ACCACGCACCTATCCG,0
ACCACGCCTTGATACA,0
ACCACGGACCCATCAA,0
ACCACGTAGCAAAAAA,0
ACCACGTTACTGTGAA,0
ACCACTAAATATAAGA,0
ACCACTAAGGATCCGA,0
ACCACTCATATACACC,0
ACCACTGAAAAGATAT,0
ACCACTTAGCTAGACG,0
ACCAGAATCAAATCGG,0
ACCAGAATGATTATTT,0
ACCAGACCCTATGCAC,0
ACCAGATAGCTGCAGG,0
ACCAGATCCATCCGAC,0
ACCAGATCGCGTACAA,0
ACCAGCAAATAAGGAT,0
ACCAGCAATGGAAGAG,0
ACCAGCCTACAGTCTG,0
ACCAGCCTGAAGAGAG,0
ACCAGCTTAATGATAC,0
ACCAGCTTGGCAATGA,0
ACCAGGAGTAAAACTG,0
ACCAGGCATAGTGACG,0
ACCAGGCGATCAATCA,0
ACCAGGGGCCAAACCT,0
ACCAGGGTAAGCAAAC,0
ACCAGGTAAAATCGTT,0
ACCAGGTTGAACAAGT,0
ACCAGTAAGCAAACCA,0
ACCAGTACATATGGAG,0
ACCAGTACGAACGCTA,0
ACCAGTAGACACACGT,0
ACCAGTATATTCAGCA,0
ACCAGTATCTATGCGT,0
ACCAGTCCAAAGGCAT,0
ACCAGTCGACTCTGCC,0
ACCAGTGTGAAGCTGT,0
ACCAGTTATGGGTGTA,0
ACCAGTTGGGGAGCCC,0
ACCAGTTTGTTCCCCA,0
ACCATAAAAAAATTAC,0
ACCATAAAAATCTCAG,0
ACCATAAAACTACAAA,0
ACCATAAAATGCAATA,0
ACCATAAAGTATACAA,0
ACCATAAAGTATGGGA,0
ACCATAAATACTGAGA,0
ACCATAAATTTGGACT,0
ACCATAACCATCATAT,0
ACCATAAGCTTCTATC,0
ACCATAATAAACAAAT,0
ACCATACAAGTGCTCC,0
ACCATACAATGACCAA,0
ACCATACTTGTATTAC,0
ACCATAGTTCATGCCA,0
ACCATATACACACGTA,0
ACCATATCACAAACCG,0
ACCATCAAAAGAGACC,0
ACCATCAACCAGGGTA,0
ACCATCCAAAACGATC,0
ACCATCCAAAGTCAAA,0
ACCATCCGTGAAAACC,0
ACCATCGACCCCAAAT,0
ACCATCGAGGGATTTA,0
ACCATCGTAACGTGTA,0
ACCATCTAACACGATT,0
ACCATCTTGTTAGCTG,0
ACCATGAAATGTAGCT,0
ACCATGACAAAAATAG,0
ACCATGAGAATCCCAC,0
ACCATGATAAGGTGTG,0
ACCATGATGTATATTT,0
ACCATGATTACCAACA,0
ACCATGCCAAATTTGA,0
ACCATGTAAATACGTC,0
ACCATGTCCGGACGTT,0
ACCATTATTCTAAAAC,0
ACCATTGCACACAATC,0
ACCATTGCGGTAATGG,0
ACCATTGTGGTAATGG,0
ACCATTTAATTCGTCA,0
ACCATTTCCAGTAAGT,0
ACCATTTGAAAAAGTC,0
ACCATTTTGAGCCTGA,0
ACCCAAAATATGCTAA,0
ACCCAAAATTAAGATT,0
ACCCAAACGGATGAAC,0
ACCCAAACTAGAACCG,0
ACCCAACGCTGGGCAA,0
ACCCAATAAAAATCTC,0
ACCCAATACCAGCACA,0
ACCCACAAAATCTTAG,0
ACCCACAAATTATGTA,0
ACCCACAGATATTAAC,0
ACCCACCCATTTATTA,0
ACCCACCGCGCGAAAA,0
ACCCACGCAGCAACTT,0
ACCCACGTACTAACTA,0
ACCCACTATGTAATTA,0
ACCCACTCGACATGAA,0
ACCCAGAGGGCTGAAC,0
ACCCAGCAATAGATGG,0
ACCCAGTTATAAATTT,0
ACCCATAAGCTTGAAA,0
ACCCATCCTATTACCA,0
ACCCATGACATGAAAT,0
ACCCATGTAAGAGAGC,0
ACCCATTAATTCCAAT,0
ACCCATTCCTAACATC,0
ACCCCAAAATATTATA,0
ACCCCAAAGACAAGAA,0
ACCCCAAAGGAAAACA,0
ACCCCAACTACTCTGT,0
ACCCCACCAATAATAC,0
ACCCCACCCGAACACA,0
ACCCCACTTCTACAAA,0
ACCCCAGTATACACTG,0
ACCCCAGTGCAAGTAT,0
ACCCCCAAGTATCATG,0
ACCCCCAATTCGATTC,0
ACCCCCAGTCAACAAA,0
ACCCCCCAAGTATCAT,0
ACCCCCCACTACGAGC,0
ACCCCCCGTTCGCACT,0
ACCCCCCTAATCCGCA,0
ACCCCCCTGTTCGAAC,0
ACCCCCCTTAAGTAGG,0
ACCCCCTGACAACAAC,0
ACCCCGAAATATTAGA,0
ACCCCGAACGCGCGGC,0
ACCCCGATTCGTGTGT,0
ACCCCGGACGCAAAAG,0
ACCCCGGGTGAGACCA,0
ACCCCGTACGACAAAT,0
ACCCCGTGACACAAGA,0
ACCCCGTTTTGTATCA,0
ACCCCTAAATTTCAGC,0
ACCCCTAACCAACCTA,0
ACCCCTGTTTAATGGG,0
ACCCCTTAATTATCTA,0
ACCCCTTCTACGCAGA,0
ACCCGAAAAAAACGAG,0
ACCCGAAAACACTGTT,0
ACCCGAACAAAGTCTA,0
ACCCGAAGCCCTCAGA,0
ACCCGAATAGAACACG,0
ACCCGACACAGAAAGT,0
ACCCGAGAAAATTCCT,0
ACCCGAGACCCATGAA,0
ACCCGATTATAGCATG,0
ACCCGCAAAGTAGACG,0
ACCCGCGGTACGACAA,0
ACCCGCTAACGTAATT,0
ACCCGCTAGGCCCCAA,0
ACCCGCTATGGCCATA,0
ACCCGCTCATTATCAT,0
ACCCGGACCTTCAAGT,0
ACCCGGCAAAGTGAAG,0
ACCCGGCACATTCAAA,0
ACCCGTAATAATTAAC,0
ACCCGTAGAAATATAC,0
ACCCGTAGAATGAGCA,0
ACCCGTAGTCAGAAGT,0
ACCCGTTATTCGTACG,0
ACCCGTTGAGCTTCTC,0
ACCCGTTGGATATGAA,0
ACCCGTTTGCCGCACA,0
ACCCTAACCCTGCCGG,0
ACCCTAACCTGACTCA,0
ACCCTAACTAACAGAC,0
ACCCTACACGACTATC,0
ACCCTACATGAGAAGA,0
ACCCTACATTAATACC,0
ACCCTACCATTTATTT,0
ACCCTACGAAACTAGA,0
ACCCTAGAACTTACTT,0
ACCCTATTAAAAATGG,0
ACCCTATTCTCTAAGA,0
ACCCTATTTCCAACTG,0
ACCCTCAAAGAGCTTA,0
ACCCTCAAAGCACCAA,0
ACCCTCAACTCCCTCA,0
ACCCTCACCGTAATAG,0
ACCCTCAGTGGCACGA,0
ACCCTCCATGAAGCCT,0
ACCCTCGCATGTGTAA,0
ACCCTCGGCCCGATGG,0
ACCCTGAAGAAAAACT,0
ACCCTGACCAATTAGG,0
ACCCTGATCTCAACCA,0
ACCCTGCAAAGACGAC,0
ACCCTGGGACGTACAC,0
ACCCTGGTGTGAGAGC,0
ACCCTGTTCATGAGAC,0
ACCCTTACGTCGGACG,0
ACCCTTAGAATAATAG,0
ACCCTTAGTTGAGATA,0
ACCCTTGCAAGGTAAT,0
ACCCTTTACACCTAAT,0
ACCGAAAAGTCCGTTG,0
ACCGAAAATGCAGTTT,0
ACCGAAATAATTCACA,0
ACCGAAATCTCGGTTT,0
ACCGAACAAAATATCC,0
ACCGAACACACGCTCT,0
ACCGAACCAAATCCCA,0
ACCGAACCTAAAATTA,0
ACCGAACGCCCAAACA,0
ACCGAAGTTCCAAGAC,0
ACCGAATAAACGCGCG,0
ACCGAATTCGATCTAA,0
ACCGACAAGAAAAAGG,0
ACCGACAATACTGGAA,0
ACCGACAGAAATCGTA,0
ACCGACAGTACAATTG,0
ACCGACATATTTAATG,0
ACCGACCAACCGAAAG,0
ACCGACCATACAATAC,0
ACCGACCTCTTCACCA,0
ACCGACGCACACAAAA,0
ACCGACGTTTTCAGCG,0
ACCGACTTGCAAGACA,0
ACCGAGAATTGTTGAA,0
ACCGAGAGTACACTAC,0
ACCGAGCTGAAGAATA,0
ACCGAGTAAGCATAGG,0
ACCGAGTCGATTCATC,0
ACCGAGTCTCTAGGAC,0
ACCGAGTTATAACAGA,0
ACCGAGTTTACTCCGT,0
ACCGATAAAATGTCGC,0
ACCGATAGATCCGAAT,0
ACCGATAGCTCCTCCA,0
ACCGATATGTGCCTCA,0
ACCGATATTAATTAGG,0
ACCGATCATAAATAAT,0
ACCGATGTCGAAATCT,0
ACCGATTAACGTGAAA,0
ACCGATTGTCATAAGA,0
ACCGCAAAAAAAGGTC,0
ACCGCAAAAACGAAGC,0
ACCGCAACGTTGAGAG,0
ACCGCAAGAGCACGTT,0
ACCGCACCCTAGGTTC,0
ACCGCACGTACTGCCA,0
ACCGCACTGAACCGAA,0
ACCGCAGGACGATATA,0
ACCGCAGGACTCATTA,0
ACCGCATCCAGGAACG,0
ACCGCATGACACAGAA,0
ACCGCCCTTACAATTT,0
ACCGCGACAGAGAACC,0
ACCGCGATCCAGCTAA,0
ACCGCGCCTTTATTTT,0
ACCGCGGATGCGATTT,0
ACCGCGGGCAGGTGAC,0
ACCGCGTGTTGAATAC,0
ACCGCTCACATACCTA,0
ACCGCTGATCCCTAGT,0
ACCGCTGCCTCAATAA,0
ACCGCTGTACGTTCTT,0
ACCGCTTACATGATTG,0
ACCGGAAAACCAATTA,0
ACCGGAAACTCACTCC,0
ACCGGAAACTCTTACC,0
ACCGGAAGAGTAACCA,0
ACCGGAAGGTGTAAGA,0
ACCGGAATCCTAACAC,0
ACCGGACAAATATATA,0
ACCGGACCGTACCTTT,0
ACCGGATCTGACCATC,0
ACCGGCCCCATGCTGG,0
ACCGGCCCTAATCTGT,0
ACCGGCTTATCTAGAG,0
ACCGGCTTCGTAGCTG,0
ACCGGGACCAGCCGGG,0
ACCGGGATCCCATCGA,0
ACCGGGCACTCACTTC,0
ACCGGGTTGCCTCTAC,0
ACCGGTAAAGGGATTA,0
ACCGGTACATCTAGTA,0
ACCGGTACCCATTAGA,0
ACCGGTCACGCAAGAA,0
ACCGGTCACTAGGACA,0
ACCGGTCGCAACTCCG,0
ACCGGTGCTCATAAAC,0
ACCGGTGTTAAAATAA,0
ACCGTAAAACATCTCC,0
ACCGTAAGACAAAAGC,0
ACCGTAAGGCCCTTCC,0
ACCGTACCCTTATTAT,0
ACCGTACGAAGGTGCA,0
ACCGTATAGAGACTGT,0
ACCGTATATGCCATAA,0
ACCGTATGAGAACAGA,0
ACCGTCAATGGAGCGC,0
ACCGTCCCCAAAACAC,0
ACCGTCGTCCCATCCG,0
ACCGTCTAACTAAGAC,0
ACCGTGACAACAACAT,0
ACCGTGAGTCCTTATA,0
ACCGTGTTCCAGAAGC,0
ACCGTTACTCGTTGAT,0
ACCGTTACTGATAAAG,0
ACCGTTGTGGGTGTTG,0
ACCGTTTCGACCCTTG,0
ACCTAAAAATTATACA,0
ACCTAAAACCTTATAA,0
ACCTAAAAGGACACCG,0
ACCTAAACACAAATAG,0
ACCTAAACCGTGGAAT,0
ACCTAAACGAGTCAAG,0
ACCTAAATATTAACAG,0
ACCTAACATCTCGAAA,0
ACCTAACCAAATACCA,0
ACCTAACCACACAGGT,0
ACCTAACGCCACAAAG,0
ACCTAACTCAAAATAT,0
ACCTAACTGTTAGGCA,0
ACCTAAGAGAATCAGT,0
ACCTAAGGCACCGATC,0
ACCTAAGGCGTAATTA,0
ACCTAAGGGAAGCCTT,0
ACCTAAGTGCTTCAAA,0
ACCTAAGTTAAATTGT,0
ACCTAATAACAAGATT,0
ACCTAATAAGTTTTAG,0
ACCTAATAATGACATA,0
ACCTAATCATACCACG,0
ACCTAATCGCTGGGTA,0
ACCTAATGATTCTCAT,0
ACCTACAACTATAAGT,0
ACCTACAATGTAAGCG,0
ACCTACAGATTGGAAA,0
ACCTACCAACAGACCC,0
ACCTACCTAAGCCCTA,0
ACCTACCTGATATAAA,0
ACCTACGAAGCAGTGA,0
ACCTACGAGCTTTCTC,0
ACCTACTGACAATCGA,0
ACCTACTGTCAAAAAA,0
ACCTACTGTCACCATA,0
ACCTACTTACCTACAA,0
ACCTAGAGCAAGAACA,0
ACCTATAAAACGTGTC,0
ACCTATAAATGTTAAT,0
ACCTATAATTCATACC,0
ACCTATACTGAATAAG,0
ACCTATAGCGCCTTAC,0
ACCTATATAGGCGAAC,0
ACCTATCACTGAGTTA,0
ACCTATGCTACTCAGG,0
ACCTATTCCAATTCAA,0
ACCTATTGAACATAAA,0
ACCTATTGGCATCTCA,0
ACCTCAAGACTAAAAT,0
ACCTCACCACGAACGC,0
ACCTCAGAGAAGTCAT,0
ACCTCAGTCATAAAAA,0
ACCTCCAAACCCTGAG,0
ACCTCCACTAAGCGGA,0
ACCTCCAGGGTTTCAA,0
ACCTCCCCAGTTACAG,0
ACCTCCCCCACTATCG,0
ACCTCCGTAAGAACGA,0
ACCTCCGTAGTTGCTC,0
ACCTCCGTTAACTAAT,0
ACCTCCTTCTACACCC,0
ACCTCGTATACTGCAC,0
ACCTCTATTATCACGG,0
ACCTCTCAACCTGCAA,0
ACCTCTCATTGTGAGG,0
ACCTCTCCGCAGCATT,0
ACCTCTGAGGACCATT,0
ACCTCTGTAGTAACAC,0
ACCTCTTATTCTTATA,0
ACCTGAAAATGCCGCA,0
ACCTGAACTACCTCGT,0
ACCTGACAGCTACTGT,0
ACCTGACTAATATAAA,0
ACCTGACTCCATATTC,0
ACCTGAGATATCTCGG,0
ACCTGAGGTGAAACCG,0
ACCTGATATCATCCAC,0
ACCTGATCACAATACC,0
ACCTGATCACCTATAC,0
ACCTGATCGCTACAAA,0
ACCTGATGCAGCGAGG,0
ACCTGCAAGCATTAAA,0
ACCTGCAATAAAATAC,0
ACCTGCGAAAGCAAAA,0
ACCTGCGTCGGAAGTA,0
ACCTGCTTCTTAGGTT,0
ACCTGCTTTCAGGATC,0
ACCTGGAGCCAATTAG,0
ACCTGGATGGGATGAA,0
ACCTGGCATCCTTGAA,0
ACCTGGCCAGTAGCCT,0
ACCTGTAAAGATAACC,0
ACCTGTAATTACCTCA,0
ACCTGTACAAATCCGG,0
ACCTGTGGACTAAGGT,0
ACCTGTTAAGTTTAGA,0
ACCTGTTATATGCCAA,0
ACCTGTTCATGATTAA,0
ACCTTAAAGGAATGGT,0
ACCTTAAATTAAAATT,0
ACCTTACACAACAAAT,0
ACCTTACATATAAAGA,0
ACCTTACCCACAAAGA,0
ACCTTACGTGAAATTC,0
ACCTTACTCAACCAAA,0
ACCTTAGACATGAGGT,0
ACCTTAGATAATCTGA,0
ACCTTAGCACACAGTT,0
ACCTTAGGCGAAGGAA,0
ACCTTAGTACTAGAGC,0
ACCTTATGAAGGAAAC,0
ACCTTATTTGCCCACG,0
ACCTTATTTTGTTTCC,0
ACCTTCAAACGTCGTT,0
ACCTTCACCACTGGAG,0
ACCTTCTACGAAAGTT,0
ACCTTGAAGAATTCAC,0
ACCTTGACTCTGGTAA,0
ACCTTGATTTATAAAT,0
ACCTTGCATGCGTACC,0
ACCTTGTAAGTAAGAG,0
ACCTTTACACACGACA,0
ACCTTTCAGTAATTTT,0
ACCTTTCATGAAACTG,0
ACCTTTCCAGGATTAA,0
ACCTTTGACCACTAGC,0
ACCTTTGAGAACCACA,0
ACCTTTGTAATACTTG,0
ACGAAAAACATAAACC,0
ACGAAAAATAAAATCC,0
ACGAAAAATTCAAATC,0
ACGAAAAGACCTACAG,0
ACGAAAATGAGATGTA,0
ACGAAACAACCATGTT,0
ACGAAACATCATAAGA,0
ACGAAAGAAAACGATG,0
ACGAAAGAATACTGGT,0
ACGAAAGGAACTGGGC,0
ACGAAAGTAAGTCACC,0
ACGAAATAGCACGATC,0
ACGAAATATCAATCTA,0
ACGAAATCAATGACGC,0
ACGAAATTAATTTGAT,0
ACGAACAACAAACCGC,0
ACGAACACCATGATTT,0
ACGAACATAGAAATCC,0
ACGAACATCCTTCTCC,0
ACGAACCAAAGTAAGG,0
ACGAACCAAGAGCCAA,0
ACGAACCTAATAATCA,0
ACGAACGAAGTACATA,0
ACGAACGGCTCACTCA,0
ACGAACTCGAGTCCAA,0
ACGAACTGAATCATAT,0
ACGAACTTATACTCGT,0
ACGAAGAAAACTAATT,0
ACGAAGAAAGAAACTT,0
ACGAAGACTAAGTCGT,0
ACGAAGAGAAGCAGCG,0
ACGAAGATCCTATAAA,0
ACGAAGATTAACGTGA,0
ACGAAGTGTGTGTAAA,0
ACGAATAAAACCGGAT,0
ACGAATAACCATGACG,0
ACGAATAAGAGTTCAC,0
ACGAATAGTACTAACC,0
ACGAATATTCCGTCTC,0
ACGAATCAACAGCAAC,0
ACGAATCAACCCGTAT,0
ACGAATCAACTAACGG,0
ACGAATCAGCCTAATC,0
ACGAATCCAACTAAAG,0
ACGAATCCAATTAGAA,0
ACGAATCGAGCTGTAC,0
ACGAATCGATGCATAG,0
ACGAATGATTGTCAAC,0
ACGAATGCCTAATCTA,0
ACGAATGCTGCTAACC,0
ACGAATTACGGCATAT,0
ACGAATTTTTAAAGAT,0
ACGACAAAAACATACC,0
ACGACAAAGGGTATGG,0
ACGACAATCAATGCGG,0
ACGACATCCGCAAAAA,0
ACGACATCTTATTAAT,0
ACGACATTACGCATCT,0
ACGACCAAGACATAGA,0
ACGACCCTCATGTGTG,0
ACGACCGGGCGTTCCC,0
ACGACCGTAAACGTCA,0
ACGACGAATCCCTGAA,0
ACGACGCAATACAAAC,0
ACGACGTAATCCAGAT,0
ACGACGTTGAACTGTG,0
ACGACTACACAATTAT,0
ACGACTCAACAAAGGA,0
ACGACTCGCGTTACTC,0
ACGACTCTATAAAATA,0
ACGACTGATAAGTAAA,0
ACGACTGCTAAAAGAA,0
ACGACTGCTTATTCCA,0
ACGACTTCCGTGTGTT,0
ACGACTTCCTCAAAGA,0
ACGACTTCTTATATTT,0
ACGACTTGTGAAGAAT,0
ACGAGAAAAAGTCTAA,0
ACGAGAAAACATTACC,0
ACGAGAAACGCCGAAA,0
ACGAGAACTGCCGGTG,0
ACGAGAATAATTACAA,0
ACGAGAATTACAGGCC,0
ACGAGACCAAAATTCG,0
ACGAGACCGGTTAAGC,0
ACGAGACTCATTAGCA,0
ACGAGACTGTTCAAAC,0
ACGAGAGATATCAATG,0
ACGAGATAACCAGATT,0
ACGAGATCGAAATATT,0
ACGAGATGCCACCCGG,0
ACGAGCAACATAGACC,0
ACGAGCAGAGCTCTTA,0
ACGAGCAGGAAGTACC,0
ACGAGCCAAATATGTA,0
ACGAGCCGTGCACCTA,0
ACGAGCTAGAGAACAC,0
ACGAGCTATATCTACA,0
ACGAGGACAATGTTTA,0
ACGAGGCAAGCTTACC,0
ACGAGGCACAAGAACT,0
ACGAGGCCATAAGAAC,0
ACGAGTAACAGAGCCT,0
ACGAGTATTTGAAAGG,0
ACGAGTCACTAATGCA,0
ACGAGTCCGTAATCAA,0
ACGAGTTACAACCTTC,0
ACGATAACTTCATCTA,0
ACGATAATTCGAATAG,0
ACGATACTCAATCTAA,0
ACGATAGGAAACCTGG,0
ACGATAGGCTTTCTAT,0
ACGATAGTCTCAGGAT,0
ACGATAGTTCAGGACA,0
ACGATATACGTAGTCA,0
ACGATATGTAAATCAT,0
ACGATCACCAAGCAAG,0
ACGATCCCGGCATTAA,0
ACGATCGAAGTTTCAA,0
ACGATCGACACATTCC,0
ACGATCGCAGACACGT,0
ACGATCGTACTAAATC,0
ACGATCTGAAATAAGA,0
ACGATCTGACATAGTA,0
ACGATCTTCACGATGC,0
ACGATCTTTAACTACG,0
ACGATGAAAAGGCGGC,0
ACGATGAAAAGTATTA,0
ACGATGATATCTACGG,0
ACGATGCCACCCTATG,0
ACGATGTCGCAGACAC,0
ACGATGTGAAAATTGC,0
ACGATTAACTGAGCGA,0
ACGATTAATGTACAAT,0
ACGATTACACATAAAG,0
ACGATTAGTATCAACA,0
ACGATTATAATCACTA,0
ACGATTCCACAACTAT,0
ACGATTCCGAATATAA,0
ACGATTCTTCATTGTA,0
ACGATTGATGATAACG,0
ACGATTGTACCTGGCA,0
ACGCAAATTATATTTA,0
ACGCAACAAACTATCG,0
ACGCAACCACTTTTAA,0
ACGCAAGGTATCCTGG,0
ACGCAATGCATGATTA,0
ACGCAATGGCTCTGAA,0
ACGCACAATGAGAGAT,0
ACGCACAATGTATTGG,0
ACGCACACGATGAAAT,0
ACGCACATTGAACACG,0
ACGCACCGAAGGCAGC,0
ACGCACGACCGACCAC,0
ACGCACGTTCGACGTC,0
ACGCACTTGTGCAAAA,0
ACGCAGACAGTTGCTA,0
ACGCAGACTACTTCGG,0
ACGCAGACTTATCTAT,0
ACGCAGATTCCAATAT,0
ACGCAGCAAACTAAGT,0
ACGCAGCAAATGGAAG,0
ACGCAGCCACATGCCC,0
ACGCAGGTTATCGTAA,0
ACGCAGTACGACGTCA,0
ACGCAGTCTTCTAATC,0
ACGCAGTTCCAGGATA,0
ACGCATAACAAGAACC,0
ACGCATATCAACTTGC,0
ACGCATCCCTCATTTT,0
ACGCATGCACAAAATT,0
ACGCATTCAACTAAAG,0
ACGCCACCAAATAGAA,0
ACGCCACCCTCCAAGC,0
ACGCCACCTTCCGTGT,0
ACGCCACTTATAAGGT,0
ACGCCATGGTAAAATA,0
ACGCCCAAAGGAACTT,0
ACGCCCAGTATGACTA,0
ACGCCCATTATATGCT,0
ACGCCCCAATTCAGTC,0
ACGCCCCCCCAGCGAC,0
ACGCCCCTCCAAAACC,0
ACGCCGATTAAAAGAT,0
ACGCCGTCTAATTCTC,0
ACGCCTAATATGGGGT,0
ACGCCTACTAAAATTC,0
ACGCCTCATTACTCGA,0
ACGCCTGGTACAAAAA,0
ACGCGAAAGGACCATT,0
ACGCGACAGATTTAAA,0
ACGCGACTTGAAACGG,0
ACGCGATTGCATATAA,0
ACGCGGAGCTTACACT,0
ACGCGGCTTATCGCAC,0
ACGCGGTTTTGTATCC,0
ACGCGTATTCATGCAA,0
ACGCTAAAAGAATATT,0
ACGCTAAAATAACGAT,0
ACGCTAAAATTAGCTC,0
ACGCTAAAGCAAGTCA,0
ACGCTAAATGAGAACC,0
ACGCTAAGATGGCTTG,0
ACGCTACAATAGTCAT,0
ACGCTACCGTCTTTCA,0
ACGCTAGATCTAAAAA,0
ACGCTAGCATAACAGC,0
ACGCTAGTCAACTTGA,0
ACGCTATATAAGCTTA,0
ACGCTCTGAAGCATCT,0
ACGCTCTGCTCTGGAT,0
ACGCTGAAAGCTCAAT,0
ACGCTGAGCGAAACGA,0
ACGCTGCACTATCCGC,0
ACGCTGGTATATATTG,0
ACGCTTAACCCAAAGA,0
ACGCTTACCATATGAA,0
ACGCTTCAAAAGTATC,0
ACGGAAAAGATTCTCC,0
ACGGAAAATAAACAGA,0
ACGGAAACACCCATCA,0
ACGGAAACGGGGACAA,0
ACGGAAAGAATCGATA,0
ACGGAAATCGTCCATG,0
ACGGAACAGTGCCCGG,0
ACGGAACTAACCGAGC,0
ACGGAAGAACTTAAGT,0
ACGGAAGAGAGACTGT,0
ACGGAAGATCTCTACA,0
ACGGAAGGTCGACCCG,0
ACGGAATAACTCACGT,0
ACGGAATAGCCCTTTT,0
ACGGAATCAGATTCTT,0
ACGGAATGTTTCAAAT,0
ACGGAATTGGAAGAGC,0
ACGGACAAAGCAACAG,0
ACGGACAAATATTGAT,0
ACGGACAGCACCAATC,0
ACGGACCACAGAACTT,0
ACGGACCTTGTACAGT,0
ACGGACTTCAGAGCTT,0
ACGGAGAACGACACAA,0
ACGGAGGAAATGTTGG,0
ACGGAGTTAAGCGAAT,0
ACGGATAACGACTTAA,0
ACGGATCATAGAGCCG,0
ACGGATCATGGCAGGA,0
ACGGATGCTAACACAT,0
ACGGATTATTATTGTC,0
ACGGATTTACGGAAGT,0
ACGGATTTGACAGCTA,0
ACGGCAAATAATTAGA,0
ACGGCAACCAACCAAG,0
ACGGCAAGGAGGACAT,0
ACGGCAGAGCGGAATC,0
ACGGCAGTTAGCCTCA,0
ACGGCCAATGAAGCCT,0
ACGGCCAGACTTGATT,0
ACGGCCATCCAACTAA,0
ACGGCCCATTGAACAA,0
ACGGCCGACATATAGG,0
ACGGCCGATGAAGCCT,0
ACGGCCTAGTACTTTT,0
ACGGCCTTACTTACTG,0
ACGGCGAAAACGAGCG,0
ACGGCGAACTAAAACC,0
ACGGCGAAGTCTTAAG,0
ACGGCGATATCGGTAT,0
ACGGCGGTAGCTGCGA,0
ACGGCGTCGTGATCAC,0
ACGGCGTGCGCGACGG,0
ACGGCTAAGTCTCAGA,0
ACGGCTACTCTGATTT,0
ACGGCTATTGCTCAGA,0
ACGGCTGCTGGTATAT,0
ACGGGAAAAACAAACA,0
ACGGGAGGAATTTGGG,0
ACGGGATTAAGAAGCA,0
ACGGGCAATAAAAACC,0
ACGGGCCAGGACAGAT,0
ACGGGCGCGACCATTA,0
ACGGGCGTCCGCGGGA,0
ACGGGCTACAAATCGG,0
ACGGGCTGATTCTTAT,0
ACGGGGCGTGCACAAC,0
ACGGGGTCAATCTCAT,0
ACGGGGTTAACAAAGC,0
ACGGGTAAGATGGATA,0
ACGGGTAAGGACTGAG,0
ACGGGTAATTATGACG,0
ACGGGTCAATGTTAAT,0
ACGGGTTTTATATCCA,0
ACGGTAAATCAATGTT,0
ACGGTATAAACATGGT,0
ACGGTATGTCCTATAA,0
ACGGTATTCAAACAGT,0
ACGGTATTGGCTACCT,0
ACGGTCAATTTCACAA,0
ACGGTCACATGTGACT,0
ACGGTCAGATAACGCT,0
ACGGTCCAAGTTAGAT,0
ACGGTCCTAAAATAGC,0
ACGGTCTATCTTGATA,0
ACGGTGACTTAGGCCC,0
ACGGTGGGTTAAATCA,0
ACGGTGTTAAGACGCT,0
ACGGTTAATCTAAGAA,0
ACGGTTCGCACAAATT,0
ACGGTTGATCTTGAGT,0
ACGTAAAAAAACGTCC,0
ACGTAAAAATAGACTC,0
ACGTAAACATTGACAG,0
ACGTAAACTCAAATGA,0
ACGTAAATAACAACTA,0
ACGTAAATCCAATACT,0
ACGTAAATCGTTAACT,0
ACGTAACACATTAACG,0
ACGTAACCCCAACCGT,0
ACGTAACTTGGATAAT,0
ACGTAAGCACTCAGAC,0
ACGTAAGTACGTACAA,0
ACGTAATATACTAAAC,0
ACGTAATCTAGGCATT,0
ACGTAATGAACCTTAT,0
ACGTACCGACTCCGGT,0
ACGTACCGTCCTAAAA,0
ACGTACGACACCACTT,0
ACGTACGATCCGCGTA,0
ACGTACTACAACCTGA,0
ACGTACTCCACCAAGC,0
ACGTACTGCCAATAAA,0
ACGTACTGTTGCGCTG,0
ACGTAGAACAGACATA,0
ACGTAGACAAAGGCAA,0
ACGTAGATAACAAATA,0
ACGTAGATCACTTATT,0
ACGTAGGAAGGTTGGA,0
ACGTAGTAATCATCTC,0
ACGTAGTCATAAATAA,0
ACGTAGTGAAGGTATG,0
ACGTAGTTCACCTCAA,0
ACGTATACAACGAGCC,0
ACGTATATTTGGCTCT,0
ACGTATCTCGCAGCGA,0
ACGTATTCTACGTAGC,0
ACGTATTGATACCTGG,0
ACGTATTTAAACTCCA,0
ACGTATTTAACCTGGT,0
ACGTATTTCAATGATA,0
ACGTATTTTTAGTAGT,0
ACGTCAAATATCGCAA,0
ACGTCAAGATATTAGT,0
ACGTCAAGCATCAGTC,0
ACGTCACCCGTTCACC,0
ACGTCACGTTGTACCA,0
ACGTCAGCAGAGTGGA,0
ACGTCCAAGTTTACGA,0
ACGTCCCATTTACATC,0
ACGTCCCGCTATCTCT,0
ACGTCCGTCATGCAGA,0
ACGTCCTTATCATAGC,0
ACGTCGTTCTTCCGGA,0
ACGTCTAATGTTGAGC,0
ACGTCTACAGAACACC,0
ACGTCTACTAACAACG,0
ACGTCTCATATCCTTC,0
ACGTCTCGATAATTAC,0
ACGTCTGCAACCATAT,0
ACGTCTGTCGCTCGGA,0
ACGTCTTAATTATTAC,0
ACGTCTTTACCTTGGG,0
ACGTGAAACTGTCCTT,0
ACGTGAACACATTAAA,0
ACGTGAACCACTCACG,0
ACGTGACTAAGCCGTA,0
ACGTGAGAGCCATTGC,0
ACGTGATAGCCTCTAC,0
ACGTGATATCTCTCCC,0
ACGTGATGACGGAAAA,0
ACGTGCAAAGGTAAAA,0
ACGTGCACAATCTAAT,0
ACGTGCCCTTGCACCG,0
ACGTGCGTTTAAGATA,0
ACGTGGAATGGAGTAA,0
ACGTGGATAATAACGA,0
ACGTGTAAATTAGAGG,0
ACGTGTCAACTAGAGA,0
ACGTTAACCAAGAGTA,0
ACGTTAACCAAGAGTC,0
ACGTTAAGACACTCCG,0
ACGTTACAAAACATGA,0
ACGTTACCTACACACA,0
ACGTTACTGGCCCATA,0
ACGTTAGGATGCCAAC,0
ACGTTATCAATAGATG,0
ACGTTATGAAATGAGA,0
ACGTTATTTCTCAATT,0
ACGTTCAAATTTTAGG,0
ACGTTCACATTCTTAC,0
ACGTTCCCCATAGGAA,0
ACGTTCCGAGTGGGTT,0
ACGTTCCTTAATAAAA,0
ACGTTCGCGGCTAACT,0
ACGTTCTCCATAGGGC,0
ACGTTCTGATATTCGG,0
ACGTTCTGCATTATAG,0
ACGTTGAATACTCAAA,0
ACGTTGAGTTTTCCAT,0
ACGTTGATGGTGCACA,0
ACGTTGATGTATCTAA,0
ACGTTGCACCCGACCA,0
ACGTTGTGTAACGTGA,0
ACGTTTAACCTAGTGA,0
ACGTTTACTCTGTGCA,0
ACGTTTCTCAAGCGAA,0
ACGTTTGAAATACCGT,0
ACGTTTTCAAGCAAAA,0
ACTAAAAAAAGCAAGC,0
ACTAAAAATCCTAACG,0
ACTAAAACTCACAAAC,0
ACTAAAACTTTGATCG,0
ACTAAAAGAAACCCAC,0
ACTAAAAGTAAGTTAG,0
ACTAAAATAAGTCCTG,0
ACTAAAATACGCTTAT,0
ACTAAAATTGGAACTC,0
ACTAAACAAGAAAAAG,0
ACTAAACAATCATACG,0
ACTAAACAGAAACCTG,0
ACTAAACCAACGGAGG,0
ACTAAACCAACTAAAG,0
ACTAAACCATGGATTA,0
ACTAAACCCAAAATCA,0
ACTAAACCCGTAGGAA,0
ACTAAACCTGACCATA,0
ACTAAACGCCCTAACC,0
ACTAAACTACGGTTCG,0
ACTAAAGCAACTCCCA,0
ACTAAAGCCGTTGTCA,0
ACTAAAGCGAAGTTTC,0
ACTAAAGCGGGGACTG,0
ACTAAAGCTGAGATTC,0
ACTAAAGGATCACGGC,0
ACTAAATAAAAAGTGA,0
ACTAAATCGTATAAGA,0
ACTAAATCTAGATTTT,0
ACTAAATCTATTAAAA,0
ACTAAATGTCAAAACC,0
ACTAAATGTTGCATAT,0
ACTAACAAGGGCATAT,0
ACTAACAATATATTAT,0
ACTAACATCGTAAAAA,0
ACTAACCCAGCCGGTG,0
ACTAACCCTTACACCA,0
ACTAACGAACAGACTA,0
ACTAACGAGTCTACCA,0
ACTAACGTCGCGCAGT,0
ACTAACGTGACTCGAG,0
ACTAACTAAACTGTTA,0
ACTAACTATTTCAAGA,0
ACTAACTTTAAAACAC,0
ACTAACTTTATGAAGC,0
ACTAAGAACAGAAAGG,0
ACTAAGACGCATGACG,0
ACTAAGATAAATGTTG,0
ACTAAGCCAAATCCAT,0
ACTAAGCTTAGGATCA,0
ACTAAGGACTGAAACG,0
ACTAAGTATGCGAATA,0
ACTAAGTCAATCCTTC,0
ACTAAGTCAGCTTAAA,0
ACTAAGTGGTCGCAAC,0
ACTAAGTTTATTAGGG,0
ACTAATAAGCAGCTAA,0
ACTAATACAGTCACAG,0
ACTAATACTATTAGAC,0
ACTAATATACATTATA,0
ACTAATCAGTGTTCAA,0
ACTAATCGGTTCAGGA,0
ACTAATCGTTAACTTT,0
ACTAATGCACCGAAAT,0
ACTAATGTACACCTGG,0
ACTAATGTCCTAATAA,0
ACTAATTAAAATAACA,0
ACTAATTATCAAGCAA,0
ACTAATTGTGATGCAC,0
ACTAATTTTAAAGACC,0
ACTAATTTTGAGACAA,0
ACTACAAACAACACAA,0
ACTACAAACTGACCAA,0
ACTACAACATATAACC,0
ACTACAACGCAATTGC,0
ACTACAAGAACGCAAC,0
ACTACAATACAAAACA,0
ACTACACATAAGGATA,0
ACTACACATTAAGTGC,0
ACTACACGCTTCGGTT,0
ACTACACTTAACTTTG,0
ACTACAGGATAGGTAT,0
ACTACAGGTATCGGTC,0
ACTACAGTAAAACATA,0
ACTACAGTAACTAATC,0
ACTACATAAACTTCGA,0
ACTACATCATATCGTT,0
ACTACATCATATTAGA,0
ACTACATCCTGAAGAG,0
ACTACATGCGCGACTT,0
ACTACATGTATGCCTC,0
ACTACATTGTTCCCCA,0
ACTACCAATAAGTAAA,0
ACTACCCGCATACCTC,0
ACTACCCTATCTCTCC,0
ACTACCGTGCTCTCCA,0
ACTACCTATCCACACG,0
ACTACCTCTGTAGTCC,0
ACTACCTGACGAAATA,0
ACTACGCTACGATTAC,0
ACTACGCTATGTCTGA,0
ACTACGCTTCCTCGCG,0
ACTACGGCAGTGCTTG,0
ACTACGGGTCACTAAT,0
ACTACGGTTGAGCGAA,0
ACTACGTAGATTCAGT,0
ACTACGTTATAATAAC,0
ACTACGTTCTTTTAAT,0
ACTACGTTGGTTACTT,0
ACTACGTTTACTACAA,0
ACTACTAAATCGAGAT,0
ACTACTAATATATAAA,0
ACTACTACACGGAATA,0
ACTACTATACAAAAAC,0
ACTACTATGTTATCTC,0
ACTACTCAGAGAGGAC,0
ACTACTCTACAATGAG,0
ACTACTGACACGGGAC,0
ACTACTGGTTTCGGAA,0
ACTACTGTGGCATACT,0
ACTACTTAGGAAGATA,0
ACTACTTCTCCTGTAC,0
ACTAGAAAAGACCCAG,0
ACTAGAAAGTGCATGA,0
ACTAGAACGCACTTCG,0
ACTAGAAGACTACAAT,0
ACTAGAATGTATCCGC,0
ACTAGACTAAGTCGCC,0
ACTAGACTTAACAAAG,0
ACTAGAGAAAAAAAAA,0
ACTAGAGACAGCTCTC,0
ACTAGATGCCCGGGTG,0
ACTAGCATGATACATT,0
ACTAGCGTAATAAGAT,0
ACTAGCTAAATAAAAC,0
ACTAGCTACTGCAAGG,0
ACTAGCTCGAGTTATG,0
ACTAGGAAGGCGAATA,0
ACTAGGAATGTCACTT,0
ACTAGGCAAGGTATTT,0
ACTAGGCAATGCAATG,0
ACTAGGTCGCTGCAGC,0
ACTAGGTTCACCTTTT,0
ACTAGTAAACGCTTTT,0
ACTAGTAAATCACAGC,0
ACTAGTAACAAAGAGA,0
ACTAGTAGAATCTTAC,0
ACTAGTAGATAACCGT,0
ACTAGTCATGGCTAAT,0
ACTAGTCCACATTTTT,0
ACTAGTCGATCCCGTG,0
ACTAGTCTCAATAGCT,0
ACTAGTGAAAACGTTC,0
ACTAGTGGCTTATGAT,0
ACTAGTTATAATAAAA,0
ACTAGTTATTTCCCTC,0
ACTAGTTCGACAGAGA,0
ACTATAAAAGAGCTTA,0
ACTATAAATACAATAA,0
ACTATAACACATAGGT,0
ACTATAAGATTTGTAG,0
ACTATAATCATTTGCA,0
ACTATACAAGCACCAT,0
ACTATACCAGACGATG,0
ACTATACCGACGGTAG,0
ACTATACCGGTTATGA,0
ACTATACTGAACAAAA,0
ACTATAGAATCGACGT,0
ACTATAGATTCGAACT,0
ACTATAGGTATAACAT,0
ACTATATAGGCCTCAA,0
ACTATATCTCAAAGTA,0
ACTATCAACACTACTA,0
ACTATCAGTCAAGATA,0
ACTATCATACTATCAG,0
ACTATCATCTTCCATT,0
ACTATCGCAATGGACC,0
ACTATCTGTAGCAATA,0
ACTATGAGCGAGAATG,0
ACTATGATCTGACAGG,0
ACTATGATGATTCGAT,0
ACTATGATGTCAACCA,0
ACTATGATTATAGTAG,0
ACTATGCAAATATCGG,0
ACTATGCACCAAGAAA,0
ACTATGGGAGTATACG,0
ACTATTACAGTTCCAT,0
ACTATTACCTATTCTG,0
ACTATTACGGTTAACA,0
ACTATTAGCGATCATC,0
ACTATTATACTTTAAA,0
ACTATTCATATCGCAG,0
ACTATTCATCTTGCCA,0
ACTATTGCACGAACAA,0
ACTATTGGGCGACTAA,0
ACTATTTAATTATCCT,0
ACTCAAAAACAATACT,0
ACTCAAAATCAAGCAC,0
ACTCAAACATGTACGT,0
ACTCAAAGTTCTTGCA,0
ACTCAAATGAAAAATA,0
ACTCAACCTGAGACAT,0
ACTCAACTTGCACTAA,0
ACTCAAGACCATGCAA,0
ACTCAAGACGTACCAA,0
ACTCAAGATGGATGGG,0
ACTCAAGATTCCGATT,0
ACTCAAGCCTAGCACT,0
ACTCAAGTTGACCCTA,0
ACTCAATAAAACATGA,0
ACTCAATATCAAAAAA,0
ACTCAATGATCTTCCT,0
ACTCAATTGAAAGACT,0
ACTCACACAGCCCCTA,0
ACTCACACAGCGGGAA,0
ACTCACACTAGCAAGG,0
ACTCACCTATTCCCCC,0
ACTCACTAAAGCCCTA,0
ACTCACTCGAGTGAGT,0
ACTCAGAAATAAATGG,0
ACTCAGAATTAAAGAA,0
ACTCAGACACGGTGTG,0
ACTCAGACCAAATTAC,0
ACTCAGATTGGTATTC,0
ACTCAGCCTACTAAAC,0
ACTCAGCTGACGATTC,0
ACTCAGCTTGCTCTGA,0
ACTCAGGACCCCAGGG,0
ACTCAGTGACGGCAAA,0
ACTCAGTTAGCGGAGA,0
ACTCATAAACCTCGCA,0
ACTCATAATACAGCGG,0
ACTCATATATGACATG,0
ACTCATATGCCCGCAT,0
ACTCATCAAATCCCAA,0
ACTCATCATTCATAAA,0
ACTCATCGCAGCCGAT,0
ACTCATGACTTATAGA,0
ACTCATGCTTCGTCGC,0
ACTCATGCTTTGTCTC,0
ACTCATTAAAGGTGTC,0
ACTCATTAGTTAACTA,0
ACTCATTATGCAAAGG,0
ACTCATTCACAAATAC,0
ACTCATTGAGGTATTT,0
ACTCATTGATACCAAA,0
ACTCCAAAAATCAGAA,0
ACTCCAAACCAATTAC,0
ACTCCAAAGGTTGCAA,0
ACTCCAAGAAATTGCC,0
ACTCCAATTACGGATG,0
ACTCCACACCAAGCGT,0
ACTCCACGGAGCAAAT,0
ACTCCAGTTGCGTTAG,0
ACTCCATTGCGTTAAC,0
ACTCCCAAAAGCAGAA,0
ACTCCCAAGAAATAAA,0
ACTCCCAATACAACCT,0
ACTCCCAGACAAGTAG,0
ACTCCCTAATACGGCA,0
ACTCCCTCTTGAAAAG,0
ACTCCTCAAAACCGAA,0
ACTCCTCCGTGTCAAT,0
ACTCCTCTTAACCAAC,0
ACTCCTGAAGTTGTGC,0
ACTCCTGATCCTATAA,0
ACTCCTGATTCCGACG,0
ACTCCTGGTTATGCCA,0
ACTCCTTTACCACCTA,0
ACTCGAAGAGATCCCG,0
ACTCGACCAATATCTT,0
ACTCGAGCCCCTATAA,0
ACTCGAGGCCAGCAGA,0
ACTCGAGTGAGCCTTT,0
ACTCGATCTGTGAAAC,0
ACTCGATTTGGCCATA,0
ACTCGCAAGTAAGACA,0
ACTCGCACAACATGGA,0
ACTCGCACCTATTCAG,0
ACTCGCTATTGACCTT,0
ACTCGGATTGGCCCAA,0
ACTCGGGAATATATTT,0
ACTCGGTTTGTTTAAA,0
ACTCGTACAATATCAA,0
ACTCGTCCTAAATGTA,0
ACTCGTCTATTATTTA,0
ACTCGTGATGTGTGGA,0
ACTCGTTCAAGTTAAA,0
ACTCGTTCGAATAGAG,0
ACTCTAAAACAATTGA,0
ACTCTAAATTCCATAC,0
ACTCTAATAAACAATG,0
ACTCTACACAGATCAA,0
ACTCTACCTATACCTG,0
ACTCTAGAAATGGACT,0
ACTCTAGACAAATCGG,0
ACTCTAGTAAGCAGGA,0
ACTCTATAATTGTCCT,0
ACTCTCACTTAGAAAG,0
ACTCTCATACTTATGA,0
ACTCTCGCTCCGCCTC,0
ACTCTCTCAGGCTGCC,0
ACTCTCTTAAACCCGA,0
ACTCTGCAAAGGGGAC,0
ACTCTGCATTCGACGG,0
ACTCTGCTCTTAACTA,0
ACTCTGTAGAGTACCA,0
ACTCTTAACGCAAAGT,0
ACTCTTAGATAGAGAT,0
ACTCTTCTACGACACG,0
ACTCTTGCCAAAAGGG,0
ACTCTTTTTCACCCTG,0
ACTGAAAAACGTTGTT,0
ACTGAAAACAAAAACT,0
ACTGAAAACGAACAAG,0
ACTGAACACCTACGTT,0
ACTGAACAGCCTGAAT,0
ACTGAACCACCACGAA,0
ACTGAACCCCCGTGAA,0
ACTGAACGAAGATTGT,0
ACTGAAGAAAGACCTT,0
ACTGAAGTAATATCAA,0
ACTGAAGTGAATATAC,0
ACTGAATAAATTCACT,0
ACTGAATACTTGTAAG,0
ACTGAATAGTGACATG,0
ACTGAATCATTACTAC,0
ACTGAATTTGACACGC,0
ACTGACACTACAATAA,0
ACTGACCACACATCAC,0
ACTGACCATAAAATTT,0
ACTGACCTCTGAGAAG,0
ACTGACCTTAACGTAG,0
ACTGACGCACGTAATG,0
ACTGACGTTCTGCCTT,0
ACTGACTGAGTACTGC,0
ACTGACTTCGATATCA,0
ACTGACTTTGACTAAA,0
ACTGAGAAAAACACAA,0
ACTGAGAATATAACAA,0
ACTGAGAGAAGCATAA,0
ACTGAGATACCTTCAG,0
ACTGAGATCCATATTT,0
ACTGAGATTATGAAAT,0
ACTGAGCCATATTTAC,0
ACTGAGGAACGACAAT,0
ACTGAGGGTCCCTAAT,0
ACTGAGTTTGGCTCGA,0
ACTGATAGAGTTGCCT,0
ACTGATGCCAAATATA,0
ACTGATGGTGAAAGTA,0
ACTGATGTAGAAGAGA,0
ACTGATTAAACCCCAC,0
ACTGATTACAGTGTTT,0
ACTGATTCATTACAAC,0
ACTGATTTCAATACCC,0
ACTGCAAAAGCCGACC,0
ACTGCACTAAAGTAAT,0
ACTGCACTAGTACGGC,0
ACTGCAGTCGAATGCA,0
ACTGCCAACCACCATA,0
ACTGCCAGCGTGACAA,0
ACTGCCGGGGTGATAC,0
ACTGCCTCAGACATAC,0
ACTGCCTCATACGGTC,0
ACTGCCTCGATACTAT,0
ACTGCCTGCAGAGTAA,0
ACTGCGAAAAAAACAG,0
ACTGCGACTGGAGACC,0
ACTGCGCAATCTGCTA,0
ACTGCGTATACATCCT,0
ACTGCGTTAGAATAGT,0
ACTGCGTTATAGTCTT,0
ACTGCTAAATCAAAAC,0
ACTGCTCAGCTAACAA,0
ACTGCTCTATCAAGTA,0
ACTGCTGCATCAAAGC,0
ACTGGAAGACTAGCAA,0
ACTGGACAGTGACAAC,0
ACTGGATCAAATATTA,0
ACTGGATCAAGATTAC,0
ACTGGATGCCTTTCAA,0
ACTGGATTACATAAAA,0
ACTGGCAAATAATCTC,0
ACTGGCAGAAAGTCCG,0
ACTGGCCCGCCTAAAT,0
ACTGGCGCATAATGGC,0
ACTGGCGCGAAGGATT,0
ACTGGCTCAGTTTGCA,0
ACTGGCTCCATAATTA,0
ACTGGCTGTATGTTAC,0
ACTGGGCAAAACACGC,0
ACTGGGCAAACCCGCG,0
ACTGGGCATGGCATCA,0
ACTGGTAGCGACTCTT,0
ACTGGTCATTGTAACT,0
ACTGGTTACCTGATAT,0
ACTGTAAAACCAGAAA,0
ACTGTAAAGTCTTACA,0
ACTGTAACATCCAACC,0
ACTGTAACGAGTCGCC,0
ACTGTAAGCAACAAGA,0
ACTGTAATCTTCTACC,0
ACTGTAATTCTCTAAT,0
ACTGTACTTTTACTTA,0
ACTGTAGTATAATCAC,0
ACTGTAGTTTGTCTTT,0
ACTGTATGATAAGAAT,0
ACTGTCACTCACAAGG,0
ACTGTCCCCTAGTCTA,0
ACTGTGACGAATCGTT,0
ACTGTGACTGATTACA,0
ACTGTGAGAAGTACTC,0
ACTGTGATACATAAGT,0
ACTGTTATAATGAATC,0
ACTGTTCACAGTACTG,0
ACTGTTCAGATTTACA,0
ACTGTTGTGAGGACCA,0
ACTTAAAAAAACACCC,0
ACTTAAAAAGATTTTC,0
ACTTAAAAGGGTACGA,0
ACTTAAACGCTGCAAC,0
ACTTAAATTATCAGGG,0
ACTTAACCGGATTCAC,0
ACTTAAGAAAGGAGAA,0
ACTTAAGGTAAATCGA,0
ACTTAAGTAATCACCA,0
ACTTAAGTAGTCATAT,0
ACTTAATAAAATGTAT,0
ACTTAATAACCACGAG,0
ACTTAATACTACTAAA,0
ACTTAATAGTCTACAT,0
ACTTAATCAAGCAAAG,0
ACTTAATGGCAAAATT,0
ACTTAATTAAAAAAAA,0
ACTTACAACAGGCTGC,0
ACTTACAATATGTTTC,0
ACTTACAATCAGGCCG,0
ACTTACATATATTCAA,0
ACTTACATCGTTCCTG,0
ACTTACCCTCAACATT,0
ACTTACCCTTAATAAA,0
ACTTACGAAAAAAAAA,0
ACTTACGGATAAATCT,0
ACTTACGGATCCATAG,0
ACTTACGGTGCCCGAA,0
ACTTACGTAAACCTTT,0
ACTTACGTACTGCCTC,0
ACTTAGAAATCTTGAA,0
ACTTAGAGTCTACACG,0
ACTTAGATCCGATCTA,0
ACTTAGCGTCTAAAAT,0
ACTTAGGTTAGCCCCA,0
ACTTAGTAGTCCCAAT,0
ACTTAGTGGTATACCC,0
ACTTATAAAAACCGGT,0
ACTTATAAACGCTTAT,0
ACTTATAACAATCTAA,0
ACTTATACATGAATAA,0
ACTTATACCCAAATGA,0
ACTTATACGGGTCATA,0
ACTTATAGTCTTGTTA,0
ACTTATATGATCTGTA,0
ACTTATCTATATATAC,0
ACTTATCTTTAATGGT,0
ACTTATGGCAGCTCCT,0
ACTTATTCCAATGTCT,0
ACTTCAAAAAATTCTA,0
ACTTCAAAACTTACTA,0
ACTTCAAACCCTAGGT,0
ACTTCAACAACATCTT,0
ACTTCACGTGAGTTAA,0
ACTTCAGAAGCATAAG,0
ACTTCATGACTCACAA,0
ACTTCCAAATACTGTA,0
ACTTCCAATTCGATCG,0
ACTTCCACAGAATGCT,0
ACTTCCAGTACCCGTA,0
ACTTCCGATATACAAA,0
ACTTCGAATGATCAGG,0
ACTTCGACGCAATCAA,0
ACTTCGCTTGGTCCAC,0
ACTTCGGCTCTCACCT,0
ACTTCGGTACAGGGCT,0
ACTTCGTATCACAAGG,0
ACTTCTAAAAATGATA,0
ACTTCTAAAAGCAATA,0
ACTTCTCTCTGGCAAA,0
ACTTCTCTTATATGTA,0
ACTTCTGAGTTTCCAA,0
ACTTCTGATGCCTGGT,0
ACTTCTGCCATAGCGA,0
ACTTCTTAGATCAAGG,0
ACTTCTTGTCCGAAAA,0
ACTTGAAACATCAATG,0
ACTTGAAACATGTAAC,0
ACTTGATAACAACCTT,0
ACTTGATCTACCGAGC,0
ACTTGCAACCCGTTAT,0
ACTTGCAGCGCCCTCA,0
ACTTGCATTCCACCTG,0
ACTTGCCTTGGCCGAA,0
ACTTGCGAGACACTAA,0
ACTTGCTAGTATGAGA,0
ACTTGCTATAGAATTA,0
ACTTGCTCCTCGCTAG,0
ACTTGGATCACCTCAT,0
ACTTGGATTGAAGCAA,0
ACTTGGCACTGCGTTG,0
ACTTGGCTCCTGTCGA,0
ACTTGGTAGCACTCCA,0
ACTTGGTCAATGTGAA,0
ACTTGGTTCAAGGACC,0
ACTTGTACACAAATGA,0
ACTTGTACTCCACTGG,0
ACTTGTCAGGATCATA,0
ACTTGTCATCCTGCAA,0
ACTTGTCCCAAAAAAA,0
ACTTGTGACAAGGGCA,0
ACTTGTGAGGGACTTC,0
ACTTGTGCGCCCTAAA,0
ACTTTAAAACCCCAGA,0
ACTTTAACATCTAATT,0
ACTTTAACGACAATTT,0
ACTTTAACGCCCTTAA,0
ACTTTAACTTCCTCTT,0
ACTTTAATTGTGAACA,0
ACTTTACCAATCATGA,0
ACTTTACCATAGTTTA,0
ACTTTACGGAAGGAGG,0
ACTTTAGACAATTTCC,0
ACTTTAGATGACCTAT,0
ACTTTAGCAGTATGGA,0
ACTTTATATAAACGCA,0
ACTTTATATCCAGTGG,0
ACTTTATGACTAAACC,0
ACTTTCAAAAGTTAGT,0
ACTTTCCAAAATGCAA,0
ACTTTCCAACTGAGGT,0
ACTTTCCCTGCGACCT,0
ACTTTCGGAATACAAT,0
ACTTTCTAGTAAATTA,0
ACTTTCTGTGATACAA,0
ACTTTGAACTCTTTGA,0
ACTTTGAATTACACTC,0
ACTTTGACATTTAAAT,0
ACTTTGAGCACACCTA,0
ACTTTGATCAAGGAGA,0
ACTTTGCGAGACAATA,0
ACTTTGGCGGTAAATT,0
ACTTTGTATCAGCCTC,0
ACTTTGTTAAATTCAT,0
ACTTTGTTAGGATAAA,0
ACTTTTAACCCAGCTA,0
ACTTTTACCAAATATA,0
ACTTTTCCTGAAGCTA,0
ACTTTTGTCAGATTTA,0
ACTTTTTCATATCTCA,0
AGAAAAAACCATGAGC,0
AGAAAAAAGTACCAGT,0
AGAAAAAATTAAGTAG,0
AGAAAAACACGTCACC,0
AGAAAAACATTGTGGG,0
AGAAAAACCCACTTAA,0
AGAAAAACCTTCGTAA,0
AGAAAAACGTCCAGAA,0
AGAAAAACGTTCATTG,0
AGAAAAACTGGACAAT,0
AGAAAAATAGGTAGTT,0
AGAAAAATCACAGAAC,0
AGAAAAATCATTTCCA,0
AGAAAACAAAAATACA,0
AGAAAACAATGAAGCG,0
AGAAAACATATGATAA,0
AGAAAACATGCCTAGG,0
AGAAAACCGCTTCGTT,0
AGAAAACGAAGATCTC,0
AGAAAACTGTTAAGGA,0
AGAAAAGAAAAAGAAC,0
AGAAAAGAGCCGTTTA,0
AGAAAAGCACACTAGT,0
AGAAAAGGGTTATGGA,0
AGAAAAGTTCGATACA,0
AGAAAATACGCCATTA,0
AGAAAATAGCTTGGAG,0
AGAAAATAGTACTATA,0
AGAAAATCAAAGTACA,0
AGAAAATCAGAGAAAT,0
AGAAAATCGAGGACGC,0
AGAAAATCTTCACAAT,0
AGAAAATGTGATTTGC,0
AGAAAATTACCAAATG,0
AGAAAATTACCGATCA,0
AGAAAATTATGATATA,0
AGAAACAACGCATCGC,0
AGAAACAACTGGCCTG,0
AGAAACAAGACCCTTC,0
AGAAACAAGATTACTA,0
AGAAACAATAGCCTAG,0
AGAAACACGCCCTTGA,0
AGAAACCCTTTAATCA,0
AGAAACCTAAACTTAA,0
AGAAACCTACGAAGCT,0
AGAAACGGTACTTCAC,0
AGAAACTCAGATGAGT,0
AGAAACTGCTAAAGGT,0
AGAAACTGGATAGCCC,0
AGAAACTTAGCCAGCG,0
AGAAACTTGAAAACAT,0
AGAAAGAACCCCGCAA,0
AGAAAGAATAGAGTCA,0
AGAAAGAATCCAGTTC,0
AGAAAGACATCAGGAC,0
AGAAAGATAACGAACA,0
AGAAAGCAATAATTAC,0
AGAAAGCAATATTCAG,0
AGAAAGCAGCAAAAGC,0
AGAAAGCAGGGATGAT,0
AGAAAGCAGTTTTAAG,0
AGAAAGCGATCCAATA,0
AGAAAGCTCGCACACG,0
AGAAAGCTCGGATTTA,0
AGAAAGGACGAAATTC,0
AGAAAGGTTCAACATG,0
AGAAAGGTTTGAAACT,0
AGAAAGTACTGCAGAG,0
AGAAAGTATAGGAATA,0
AGAAAGTTCTTAAGAC,0
AGAAATAAAAACATGT,0
AGAAATAAGATAACTG,0
AGAAATAATTAACTCA,0
AGAAATAGAGCAAGAC,0
AGAAATATTTCTGTGA,0
AGAAATCAAAACTTAC,0
AGAAATCATTATATTC,0
AGAAATCATTGCGATT,0
AGAAATCCTCAAGAAA,0
AGAAATCGACTTGTCC,0
AGAAATCTGGACAGTC,0
AGAAATCTGTGTAGTC,0
AGAAATGAAAGGAGAT,0
AGAAATGAACTAACGA,0
AGAAATGAACTACAAC,0
AGAAATGCCCGCAAGC,0
AGAAATTAAAAATATT,0
AGAAATTGAATTAGCC,0
AGAAATTTACAAAAGG,0
AGAAATTTATCATCTA,0
AGAAATTTGTAGCAGC,0
AGAACAAGAAGCGAGA,0
AGAACAATAGACATTG,0
AGAACAATATTAATCG,0
AGAACAATCCACCGAG,0
AGAACACAGCGGGGAC,0
AGAACACCAGACAAAC,0
AGAACAGAAAGCCCTC,0
AGAACAGAAGTTCCTG,0
AGAACAGCATCAGAGG,0
AGAACAGCTAAATCAA,0
AGAACAGTTTGATTCA,0
AGAACATAAGGGCCAC,0
AGAACATCACATGACA,0
AGAACATGCATTACAT,0
AGAACATTCCAAGGTG,0
AGAACCAGAAATATGC,0
AGAACCAGAGCACACA,0
AGAACCCATGATGTCA,0
AGAACCCCACTTATAT,0
AGAACCCCATCTCCTG,0
AGAACCCCTGCTGGTC,0
AGAACCCTAAGCGAAA,0
AGAACCCTTACTATAT,0
AGAACCCTTTAACCCC,0
AGAACCTATTTTCAAA,0
AGAACCTCAACACAGT,0
AGAACCTCTTATAAGC,0
AGAACCTTTAAACCGT,0
AGAACGACACCCGCAC,0
AGAACGAGACTATGGG,0
AGAACGGTATGACCGA,0
AGAACGTAAAAATCCT,0
AGAACGTAAGCAGATT,0
AGAACTAAAACCTAAA,0
AGAACTAAGTTCCAAT,0
AGAACTAATTGAATGA,0
AGAACTAGTGAATGAG,0
AGAACTCAGAGTGAAC,0
AGAACTCTAAGCAGAC,0
AGAACTGATGTCCTTA,0
AGAACTGCACACCCAG,0
AGAACTGCGACACAGC,0
AGAACTGTACACCCAA,0
AGAAGAAATGTAAACA,0
AGAAGAAGAAAATAAA,0
AGAAGAAGAGTCATTC,0
AGAAGAATGTCGACAA,0
AGAAGAATTTCAAATA,0
AGAAGACAGCAACTCT,0
AGAAGACAGCTCTTTA,0
AGAAGACTTTATGCTG,0
AGAAGAGACCCGCCAG,0
AGAAGATGCATAAAGC,0
AGAAGCAATAAGTTAC,0
AGAAGCACCCATAAAC,0
AGAAGCAGAGGAAATA,0
AGAAGCATCAGAGCAA,0
AGAAGCATGAAGCTGT,0
AGAAGCATGGCTCTCA,0
AGAAGCCACTTATCCT,0
AGAAGCCAGTGTCCTT,0
AGAAGCCATAGCCTAA,0
AGAAGCCGTTTTAGCG,0
AGAAGCGAAGCCCAAC,0
AGAAGCGACAACAAGA,0
AGAAGCGACTAGGGCA,0
AGAAGCTATGATGTTG,0
AGAAGCTCAGGAGGGT,0
AGAAGCTTATCTAGAA,0
AGAAGGACCGAAGCAA,0
AGAAGGATAACGCACT,0
AGAAGGGACTAACGGG,0
AGAAGGGCAAAATATG,0
AGAAGGTAAATGTCGA,0
AGAAGGTACCCGCGCG,0
AGAAGGTCAATCGAGA,0
AGAAGGTCCAATTATA,0
AGAAGTAAAAGCTAGA,0
AGAAGTAGACAACGGC,0
AGAAGTATACACACCC,0
AGAAGTATTCTTTGCA,0
AGAAGTCATACCGAGT,0
AGAAGTGCGTGTGTCC,0
AGAAGTTAAAGTCCTA,0
AGAAGTTTAAGTACAC,0
AGAAGTTTCGCAAAAG,0
AGAAGTTTCGGAGTCT,0
AGAATAAATTAATAAG,0
AGAATAACGGGCTGTA,0
AGAATAATTGCACGAA,0
AGAATACCACTATCAT,0
AGAATACCGACATCCA,0
AGAATACCTTCCTTGA,0
AGAATACGCTTGAAAA,0
AGAATACTAATAAGTC,0
AGAATACTTCTCTTAA,0
AGAATAGGCAACAGAA,0
AGAATAGGTGAAGTGG,0
AGAATATCCATATACT,0
AGAATATCCCTAGTAT,0
AGAATATGCCTAGCTA,0
AGAATATTATGAAATG,0
AGAATATTGAGAAGTC,0
AGAATATTTCGATCTA,0
AGAATCAATTGAACAA,0
AGAATCCCAATAAAGT,0
AGAATCCCCTCGGCGA,0
AGAATCCGTTAGGGGA,0
AGAATCCTATTGTATA,0
AGAATCCTTACGAAAT,0
AGAATCGCACTATAAA,0
AGAATCGCTATGTATA,0
AGAATCTACAGCCCAA,0
AGAATCTTGCAAAGAA,0
AGAATGAAACACATAC,0
AGAATGAAATGCGAAC,0
AGAATGAACAATACAG,0
AGAATGACGAACTCTA,0
AGAATGATCTCAAACA,0
AGAATGCAAGAAAATA,0
AGAATGGAGCAGTTGA,0
AGAATGGTACTGCACA,0
AGAATGTACGTTTTTC,0
AGAATGTTAACGCATC,0
AGAATGTTCGCAAGAT,0
AGAATTAAGATTTCTA,0
AGAATTACTTCACGGC,0
AGAATTATCTAACCTG,0
AGAATTATTACGTCAC,0
AGAATTCAAAGGGCAG,0
AGAATTCAGCTATTTG,0
AGAATTCCAACTACTA,0
AGAATTCCTTACGAAA,0
AGAATTCTCACAGAAG,0
AGAATTGAATCGTACC,0
AGAATTGCACACCTTT,0
AGAATTGCCCGTTAAC,0
AGAATTGGGGACTATC,0
AGAATTTAATGAAGAA,0
AGAATTTACAATGACG,0
AGAATTTACTTCCCTA,0
AGAATTTAGGCAAGGC,0
AGAATTTATATTGAAA,0
AGAATTTATCACACAG,0
AGAATTTCGTATAAAA,0
AGAATTTGTATCCCTT,0
AGAATTTTGGATAAGC,0
AGACAAAAATTGGGCA,0
AGACAAAAATTTAAAT,0
AGACAAAATGCTGGAG,0
AGACAAACGAAATTGA,0
AGACAAACTAAGGTAA,0
AGACAAATATGTTTGT,0
AGACAAATGTAATAAA,0
AGACAAATTAAGACCA,0
AGACAACACACAGACT,0
AGACAACTAACGGGAG,0
AGACAACTTTATACAA,0
AGACAAGACGCGGTCC,0
AGACAAGATAGAAACT,0
AGACAAGATCTTGGCG,0
AGACAAGGCAAACCAA,0
AGACAAGTATTCCCGT,0
AGACAATAGTATGTAA,0
AGACAATTAAGGCGCA,0
AGACAATTAGGATCTG,0
AGACAATTATACGGAA,0
AGACAATTGAGCTCAT,0
AGACACAAATCTTTAA,0
AGACACAAGACTCCTA,0
AGACACAAGCCACGGG,0
AGACACAATATATTCG,0
AGACACAATTACACCT,0
AGACACAGAATACGAG,0
AGACACATGGGTTTAA,0
AGACACATTAACGACA,0
AGACACATTATTGTGA,0
AGACACCAAAAATTTA,0
AGACACCCAAACACCA,0
AGACACCGAAAAAACT,0
AGACACCTATACTGTC,0
AGACACCTCGTCAATT,0
AGACACGCTAACACGC,0
AGACACGCTAGAATGA,0
AGACACGGCGATACCC,0
AGACACGTAGTTGGTA,0
AGACACTATTGCACCA,0
AGACACTCCTGCCGAC,0
AGACACTCTAAGTCAC,0
AGACACTTATCAGCAA,0
AGACAGAAGAATATAA,0
AGACAGACTCTGAAGT,0
AGACAGAGATTAACCA,0
AGACAGATTTGCTCTG,0
AGACAGCGCTATTCTC,0
AGACAGCGGATTAAAT,0
AGACAGCGTTAGTACG,0
AGACAGGGGTTTGGCT,0
AGACAGGTGCATTCTG,0
AGACAGTAATGTATTT,0
AGACAGTAGTGGCGAT,0
AGACATAATAAACGAA,0
AGACATACAATGATAG,0
AGACATAGATTGATAT,0
AGACATCATCGCGTAC,0
AGACATCCCGTACGAG,0
AGACATCTCTCAGACT,0
AGACATGCGATCGTGC,0
AGACATGCTACATGAG,0
AGACATGGACAGTTTG,0
AGACATTACAACAAAA,0
AGACATTACGACTCGT,0
AGACATTCTGCCTAAA,0
AGACATTGTGAAAGTG,0
AGACCAAACCGGTCCT,0
AGACCAAAGGTGGTCA,0
AGACCACAATCTATAC,0
AGACCACATGTTTAAT,0
AGACCACGCAGTCTAG,0
AGACCAGATATCATCT,0
AGACCAGCAAAAACTA,0
AGACCAGGTTAAGGGC,0
AGACCAGTGTCCCCAT,0
AGACCATAAAAATATC,0
AGACCATATTAAAGTT,0
AGACCATCACTACAGA,0
AGACCATGAAGAATAC,0
AGACCCAATTCAAGAT,0
AGACCCAGACCCTACT,0
AGACCCCAACTAATGG,0
AGACCCCGAAGTATGG,0
AGACCCCTCCCCAACC,0
AGACCCGAAGCGACCC,0
AGACCCGAGCATAGCC,0
AGACCCTAAAATTACA,0
AGACCCTAGGTAACTC,0
AGACCGAAGCACGAAT,0
AGACCGACGGACGCTA,0
AGACCGATTTTGACAG,0
AGACCGGAACAACGCG,0
AGACCGGATTAAGCAT,0
AGACCGGATTCCTACT,0
AGACCGTAATGAAATT,0
AGACCGTGACATGCCA,0
AGACCGTTGGCTAAGA,0
AGACCTAGAGAAAGCC,0
AGACCTAGGCCTGCTA,0
AGACCTCGAAAAATTA,0
AGACCTCGTAGCATAG,0
AGACCTGTAGTTCGAG,0
AGACCTTGAGTTCTAC,0
AGACCTTGCATTCTAA,0
AGACCTTGCTGGAATC,0
AGACCTTTACCACATT,0
AGACCTTTGGCTAAAG,0
AGACGAAATTTCGAAA,0
AGACGAAGTAGGTTCA,0
AGACGAATATCATTGA,0
AGACGATGTCAATTAG,0
AGACGATTTGGTGCTA,0
AGACGCAAGTAAGAAT,0
AGACGCAATAGCTCAG,0
AGACGCGAGTAACGCA,0
AGACGCGGAAGATCAT,0
AGACGCTAAATATTAC,0
AGACGCTTTACGGACC,0
AGACGGAAGCGATCAC,0
AGACGGACGCTTGGTT,0
AGACGGCAATCCGCGC,0
AGACGGCGGGTTTTAA,0
AGACGGTCATAAGATA,0
AGACGGTTGCAGCGTC,0
AGACGTAGTGTCATGG,0
AGACGTCTAAGAGTGC,0
AGACGTCTTTAATAAG,0
AGACGTGCCTCCTACC,0
AGACGTTAAACAAAAA,0
AGACGTTATCCAGCGC,0
AGACTAACACTCATTA,0
AGACTAATAGATTCCC,0
AGACTACAAAGTCACA,0
AGACTACCAAGAGAGT,0
AGACTACTATTCAAAA,0
AGACTAGAAAAATTCA,0
AGACTAGCAATCAAGT,0
AGACTAGCACAAGGAG,0
AGACTAGCTGTCACTA,0
AGACTAGTAACATGAG,0
AGACTATCACTAATCT,0
AGACTATTTTACACAA,0
AGACTCAATGCACCAC,0
AGACTCACATACATAC,0
AGACTCACCATATCTT,0
AGACTCATTTACTATA,0
AGACTCCCGTTAAAAG,0
AGACTCTAAACAGCGA,0
AGACTGGATGAGGATT,0
AGACTGTAAACGATGC,0
AGACTTAAAAATCAAA,0
AGACTTAAGACAAAAC,0
AGACTTAATAAGCTCG,0
AGACTTAGAATTAACT,0
AGACTTCTCAAGAAGA,0
AGACTTGTGCATGACC,0
AGACTTTATATAATTA,0
AGACTTTCAGACAGTG,0
AGACTTTTTGTCGAAT,0
AGAGAAAAAAGCTCGA,0
AGAGAAAAATTATCCA,0
AGAGAAACAAATGAAG,0
AGAGAAAGAAACACAG,0
AGAGAAAGCCCTCAAT,0
AGAGAAATAAAGACGA,0
AGAGAAATCGGCCAAT,0
AGAGAACAAACATAGA,0
AGAGAACCTACATCAA,0
AGAGAACTAATGGTAT,0
AGAGAACTACAATAAG,0
AGAGAACTCTTCTTAG,0
AGAGAAGAAAAAACAC,0
AGAGAAGGTATCCACA,0
AGAGAATGACACAGCC,0
AGAGAATTAATTACCA,0
AGAGAATTATTACGGA,0
AGAGACAAAATACCCA,0
AGAGACACATGCCACT,0
AGAGACAGCGCGCCTT,0
AGAGACCAAGCGTCAT,0
AGAGACCAGCAAACGA,0
AGAGACCATTGAGGAG,0
AGAGACCCAAAACAAG,0
AGAGACCCTTGGACCT,0
AGAGACCGAGCGAAGG,0
AGAGACGAATATACCC,0
AGAGACGGACCCTACT,0
AGAGACGGCCTGCATA,0
AGAGACGTGCTATCAT,0
AGAGACTAATGGTCAA,0
AGAGACTGGTAAAAGA,0
AGAGACTTGCGGCGCA,0
AGAGAGAAGATTGTCA,0
AGAGAGCACCCAAAAA,0
AGAGAGCAGATTAAAC,0
AGAGAGCTCATCCGCT,0
AGAGAGGATATTGTGT,0
AGAGAGGCAGAGATTA,0
AGAGAGGCAGTAGCAT,0
AGAGATAACGAATCCT,0
AGAGATAACTCGACAC,0
AGAGATACAGCAGTAC,0
AGAGATACTCGATAAT,0
AGAGATCAGCCCAGCA,0
AGAGATCCGAAATTCG,0
AGAGATGATGACGGAG,0
AGAGATGCTCGATCTA,0
AGAGATGTAAATGAAA,0
AGAGATGTTATTAAAA,0
AGAGATGTTTAAAATA,0
AGAGATTAAACAATAC,0
AGAGATTACGAACCAC,0
AGAGATTCGAGCCAAA,0
AGAGATTCGTAATAAC,0
AGAGATTCTAATAAAG,0
AGAGATTGCGCTACGT,0
AGAGATTTCTATAAAA,0
AGAGCAAAACCGCAAG,0
AGAGCAACCAAATTTG,0
AGAGCAATATTCAGAA,0
AGAGCACACAATAAGA,0
AGAGCACTAAAACGTC,0
AGAGCAGGAGGATATC,0
AGAGCAGTAACTATCG,0
AGAGCATATTGGCAAA,0
AGAGCATTTAAAAGTA,0
AGAGCCAAAGAATGTT,0
AGAGCCAATCACACTT,0
AGAGCCACCACTACAA,0
AGAGCCAGCTGAATAG,0
AGAGCCCAGCAGTTAA,0
AGAGCCTTTTATGACG,0
AGAGCGCCTATGTTTA,0
AGAGCGTAAACAAAAT,0
AGAGCGTATCCAATAG,0
AGAGCGTTCCGCATAT,0
AGAGCTAATATAATAA,0
AGAGCTCCTCGGAGTG,0
AGAGCTGGAATTAACA,0
AGAGCTGGGATTTATA,0
AGAGCTGTCAATGATA,0
AGAGGAATAGATAAGA,0
AGAGGACAATACAGTT,0
AGAGGACATGGTGATT,0
AGAGGAGCATTATTAT,0
AGAGGAGCCTAATAAA,0
AGAGGATATCGAGTGA,0
AGAGGATCGACACCAA,0
AGAGGATCTAGTTAAG,0
AGAGGATGTCAATAAG,0
AGAGGATTCCTAGCGT,0
AGAGGATTCTTTGCAC,0
AGAGGCAAATTAAGTT,0
AGAGGCAATTGGAACA,0
AGAGGCATATACCAAA,0
AGAGGCGAGCAGACTG,0
AGAGGCTATTTCAGGG,0
AGAGGCTGCAAGATTT,0
AGAGGGCCGATATAGT,0
AGAGGTATATCTGTGA,0
AGAGGTATCTGGAAAG,0
AGAGGTATGTTATGGA,0
AGAGGTCAACCAGACC,0
AGAGGTTACTAACTAC,0
AGAGTAACAACTGAGA,0
AGAGTAAGCACAAATG,0
AGAGTAAGTATCAAGA,0
AGAGTAATAGATCATT,0
AGAGTACAAGAACAAT,0
AGAGTACAAGCACCGT,0
AGAGTATTGAGACCTC,0
AGAGTCAGAGCGGACC,0
AGAGTCCGCACTTCAG,0
AGAGTCGTTCACAACT,0
AGAGTCTAGAATCTGC,0
AGAGTGAATTGGATAA,0
AGAGTGATAAATGGAG,0
AGAGTGCAAAATATTA,0
AGAGTGTACTATCTAA,0
AGAGTTAAATGCCGAC,0
AGAGTTAAGTCAGATC,0
AGAGTTACCACCACGT,0
AGAGTTAGGCCTTTTT,0
AGAGTTCAATCCTAGC,0
AGAGTTCGCACGGGAT,0
AGAGTTGAAAGACGAC,0
AGAGTTGCCATAGAAA,0
AGAGTTGTATAAATGC,0
AGAGTTTGTCTCAAAC,0
AGAGTTTGTGACAAAC,0
AGATAAAAATACGAGC,0
AGATAAAACTTCATTC,0
AGATAAAATGGAATAT,0
AGATAAAATGTCTCGA,0
AGATAAATTAAAGAAT,0
AGATAAATTTATTAGC,0
AGATAACACGTATTTA,0
AGATAACAGATCTCAT,0
AGATAACATATTACCC,0
AGATAACATCAGAACA,0
AGATAACATCCAGGTA,0
AGATAACATTACCCTC,0
AGATAACCAATTGGAT,0
AGATAACGGTGAATAT,0
AGATAAGACAAACTTT,0
AGATAAGATCAAAATA,0
AGATAAGGGCCAGGAA,0
AGATAATAAAAATAAA,0
AGATAATAATGCATCT,0
AGATAATAATTTCCCA,0
AGATAATATACATATC,0
AGATAATCTTGCCTTG,0
AGATAATGCCATACAA,0
AGATAATTTATATAAA,0
AGATAATTTCTAATAC,0
AGATACAAGAAATTAA,0
AGATACACGGAACTAT,0
AGATACACGTTCCAAG,0
AGATACACTAACTAAA,0
AGATACCTCAAAATGA,0
AGATACCTGCCAATTT,0
AGATACGACGAATTAT,0
AGATACGATGTGCTAC,0
AGATACGTCCGTAAAA,0
AGATACGTGCACAAGA,0
AGATACTAAATATCTG,0
AGATACTTTCAAAGTG,0
AGATAGAAAGTAGACC,0
AGATAGAACGACGCGA,0
AGATAGAAGAAGATAC,0
AGATAGACGAAGCCGA,0
AGATAGATAAAAATGT,0
AGATAGGCAACCCATG,0
AGATAGGGCAAAAGAA,0
AGATAGGTTGGGTATT,0
AGATAGTAAGGAGGGG,0
AGATAGTAATTTGATC,0
AGATAGTTGTATTCAT,0
AGATATAAAACATATT,0
AGATATAAGAGGGTGA,0
AGATATAAGATCCAGG,0
AGATATAAGGGTAAAT,0
AGATATAATTAATCAC,0
AGATATACTCCAAGGA,0
AGATATCAGGAGAAAT,0
AGATATCCATACTAGG,0
AGATATCTTGTTTCCT,0
AGATATGACAAAATTC,0
AGATATTCCTTAAGAA,0
AGATATTCTTGCCCAA,0
AGATATTTAAAATTGC,0
AGATATTTACAGTCAT,0
AGATATTTATAGACAT,0
AGATCAAAATACGTAG,0
AGATCAAACAAGACTA,0
AGATCAACAAATGTAA,0
AGATCAACATATGCGA,0
AGATCAACTCATGACA,0
AGATCAAGCCCTAAAA,0
AGATCAATTAATGCCT,0
AGATCACAAAGAACAA,0
AGATCACATACTCCAA,0
AGATCACGTTCATGGC,0
AGATCACTCAGCCAAT,0
AGATCACTTGGTAGTT,0
AGATCAGACGGATCAA,0
AGATCAGATAGCCACG,0
AGATCAGCGAGCGAGA,0
AGATCAGTCTATAACT,0
AGATCATAAGAGAAAA,0
AGATCATACGACCAAA,0
AGATCATAGCAAAACC,0
AGATCATCTACTAATG,0
AGATCATGAAGCACCG,0
AGATCATGATTTAGAA,0
AGATCATTTTGCTAGC,0
AGATCCAATAAGTATC,0
AGATCCATATACTGCT,0
AGATCCATATATCCAT,0
AGATCCATTGCTGTGT,0
AGATCCCACCCAGGAT,0
AGATCCCAGAACTTAA,0
AGATCCTAAAGAAAGG,0
AGATCCTGATGTGCGG,0
AGATCGAGATCTGCAA,0
AGATCGATAGGAAGAT,0
AGATCGATCCCATTTT,0
AGATCGGTCGATAGTT,0
AGATCTAAGATATCAA,0
AGATCTAATGCCGACC,0
AGATCTAATTCAGATA,0
AGATCTACTTGGCAAA,0
AGATCTAGAACTTTCC,0
AGATCTGGATCAAAGG,0
AGATCTGTAACAAGCT,0
AGATCTTAGAAAGACT,0
AGATCTTTTCATAGAC,0
AGATGAAATTTGTTGC,0
AGATGAAGCTAGTAAA,0
AGATGACAAAAGCTTT,0
AGATGACATTGAAATT,0
AGATGACCTTGATGAC,0
AGATGACGACACCACG,0
AGATGACGTAGATAAC,0
AGATGAGATTCCTCTT,0
AGATGAGCCAGATGTT,0
AGATGATAATAGTTCT,0
AGATGATTATATGCCG,0
AGATGATTATCCGGAA,0
AGATGATTTCAAGTCT,0
AGATGCAAAAGATTGC,0
AGATGCACCTCACCCA,0
AGATGCCAGATCTAAT,0
AGATGCTTAAATCCAA,0
AGATGCTTTATGCAAC,0
AGATGGAAAACAGTTA,0
AGATGGATACTTCACA,0
AGATGGGCCGATTCTG,0
AGATGTAACAAAATGA,0
AGATGTAGAAGCAAAT,0
AGATGTAGATACAAAA,0
AGATGTCCGATAAAAA,0
AGATGTCTTATAATTA,0
AGATGTGGATACATTC,0
AGATGTGTGATATCGG,0
AGATGTGTTATCAAAA,0
AGATGTTCAACGGAAG,0
AGATTAAAGAGAAAGA,0
AGATTAACACGTGAAA,0
AGATTAACAGATATAC,0
AGATTAACGGGGGTTT,0
AGATTAACTAAACGGT,0
AGATTAAGCGATAGGC,0
AGATTACACCAGAATC,0
AGATTACCCAAAGCCG,0
AGATTACTAGAACTAG,0
AGATTACTCGCATCTC,0
AGATTAGACAGAAAAT,0
AGATTAGTATATGTAA,0
AGATTAGTGGAAGATT,0
AGATTAGTTAGATTTC,0
AGATTATAGCAAGACG,0
AGATTATAGGACCAGC,0
AGATTATATGATTCGG,0
AGATTATTTGCTGCCA,0
AGATTCCAAAAAGACT,0
AGATTCCAAGTAATAT,0
AGATTCCTAACTGATA,0
AGATTCGCTCGCAGCA,0
AGATTCTCATTAAATG,0
AGATTCTCTGTTTGTC,0
AGATTCTGCTCCCACG,0
AGATTCTTAAATTAAC,0
AGATTGAATCTCTTCC,0
AGATTGACAAAAATAT,0
AGATTGATCGGCTACC,0
AGATTGCAGAAAAATA,0
AGATTGCCGCCCTCTT,0
AGATTGCTAAATGCCA,0
AGATTGGAAGGTGATC,0
AGATTGGATTGCGGGA,0
AGATTGTAAACATATC,0
AGATTGTAGGACAAAT,0
AGATTGTAGTAAGCGA,0
AGATTTAGAAACAAAC,0
AGATTTCAGATACATC,0
AGATTTCAGCTAACTC,0
AGATTTCGCCTAACTA,0
AGATTTGAAATTACCC,0
AGATTTGAATATATCG,0
AGATTTGGAGCGATCA,0
AGATTTGGCTTTACGA,0
AGATTTGTGGATGAGT,0
AGATTTTGATAATTAG,0
AGATTTTTCATATATC,0
AGCAAAAAAACAATTG,0
AGCAAAACAACAAACA,0
AGCAAAACATCGAAAG,0
AGCAAAACTGTTCCCA,0
AGCAAAATCAACATGT,0
AGCAAACAAAACGTCT,0
AGCAAACCAGATACGC,0
AGCAAACCGATTGCGT,0
AGCAAAGCAGCCAAAA,0
AGCAAAGCCTTGAAAG,0
AGCAAAGGTGGTATAT,0
AGCAAAGTAGTTTCTA,0
AGCAAAGTATAATTTA,0
AGCAAATCAAGGCTTA,0
AGCAAATCATTACCTT,0
AGCAAATCCCAAAAAG,0
AGCAAATGATATTAGA,0
AGCAAATTGTTAAAAA,0
AGCAAATTTACTAGGT,0
AGCAACACAAACAGTT,0
AGCAACACCTCTATGA,0
AGCAACAGCAGATTTA,0
AGCAACCGAAAGAATA,0
AGCAACCTAAGGTAGC,0
AGCAACGAAAAATATG,0
AGCAACGACTGATTAC,0
AGCAACGTCCGCGGCA,0
AGCAACTACTACTCCC,0
AGCAACTTAACCCAAA,0
AGCAACTTAGCCATAG,0
AGCAACTTGGACTTAG,0
AGCAAGAAAAAAAATT,0
AGCAAGAAATAAAAAG,0
AGCAAGATGAGACAAT,0
AGCAAGCAAGTTAAGC,0
AGCAAGCTCTTGTCTC,0
AGCAAGTTCCTGAGAT,0
AGCAAGTTCGTGGCAG,0
AGCAATACAGTAAAGT,0
AGCAATACTTTCATGT,0
AGCAATAGAAATAGGT,0
AGCAATATCTTTACAC,0
AGCAATCACCCCCCAG,0
AGCAATCCATTTTCCC,0
AGCAATCGCACCTAAC,0
AGCAATTAGTCCCATT,0
AGCAATTCGTGAACAA,0
AGCAATTGCATGGACA,0
AGCACAAAAATAGAAG,0
AGCACAAAGTTAGAGT,0
AGCACAACAGTCCGTC,0
AGCACACAAGTACGAA,0
AGCACACACAGAAAAT,0
AGCACAGAAAGGGAAA,0
AGCACAGAATAGCCAA,0
AGCACAGACTTGAACG,0
AGCACATCCATAGCCA,0
AGCACCAAAAAGTGCA,0
AGCACCACCACATAAC,0
AGCACCAGCAGCCCCT,0
AGCACCAGTCGGGAAC,0
AGCACCATTTCTTATA,0
AGCACCCACGTTAATG,0
AGCACCCTATAGCCTG,0
AGCACCCTCGGAGGCA,0
AGCACCGGGAGGAAGA,0
AGCACCTTAAGGTTAA,0
AGCACGACTTCTGAGC,0
AGCACGAGATGCCCAC,0
AGCACGCTACCATCGC,0
AGCACGGTAACAAAAA,0
AGCACGTAGGTATCCA,0
AGCACTAACAAGGATT,0
AGCACTACTCAGAAAA,0
AGCACTCATTTCTAAA,0
AGCACTGATGTACACA,0
AGCACTTATAAAAATC,0
AGCACTTGAGACAACA,0
AGCAGAAAAAGCGTCT,0
AGCAGAAATTGTCAAA,0
AGCAGAACAAGGTTGA,0
AGCAGAATCATTGGCG,0
AGCAGACGCACAATCC,0
AGCAGACGGGTGGACG,0
AGCAGATAGAACTGAA,0
AGCAGCAAAATGAACG,0
AGCAGCAAAGTAACGT,0
AGCAGCAAAGTTATTA,0
AGCAGCAGGAGGTGAT,0
AGCAGCAGTACATAAT,0
AGCAGCGTACAAACAC,0
AGCAGGCCACACAAGA,0
AGCAGTACATACCAAG,0
AGCAGTAGGTATCTTA,0
AGCAGTCCCACAGCAT,0
AGCAGTCTACTAGAAC,0
AGCAGTGGCGGAGAGC,0
AGCAGTTTCAGCTGTG,0
AGCATAAACACCCACC,0
AGCATAAATGCAACGA,0
AGCATAACAAATAGTT,0
AGCATAACACGTTATG,0
AGCATAAGCCGGACCG,0
AGCATACAACAAAACA,0
AGCATACAACATAATG,0
AGCATACATATTGCAA,0
AGCATAGAGACTCCGC,0
AGCATAGATTACATTT,0
AGCATAGCTATCAATT,0
AGCATATAAGTTGTTT,0
AGCATATATATGCCGT,0
AGCATCAATGATAAAA,0
AGCATCATTTTGATGT,0
AGCATCCCCAGAACGG,0
AGCATCGACCAGATTA,0
AGCATCTATTACCTAC,0
AGCATCTGACGCGATG,0
AGCATGAACCTTACGT,0
AGCATGAACTCCTCTC,0
AGCATGGTACCAGCAG,0
AGCATTAAAACATCAG,0
AGCATTAAACAGATTG,0
AGCATTAAACCCCCAA,0
AGCATTAACTCAATCT,0
AGCATTAACTCAATGT,0
AGCATTAGGGATGCAA,0
AGCATTCAAACCAGTT,0
AGCATTCTTTAATAAG,0
AGCATTGACTGCCAGA,0
AGCATTGTCGAACAAT,0
AGCATTTAACAAACAA,0
AGCATTTGTGACTAAG,0
AGCCAAAAAACATCAT,0
AGCCAAAACAATCATA,0
AGCCAAAATACTAATA,0
AGCCAAACTCAACGAA,0
AGCCAAATATGTTCGT,0
AGCCAACATGATGCTC,0
AGCCAACGCTAACACG,0
AGCCAACTGCCTCAAA,0
AGCCAAGAAGTACCAT,0
AGCCAAGGAATACCAA,0
AGCCAAGGACACCTTT,0
AGCCAATCAGTATAGC,0
AGCCAATTAACCACTA,0
AGCCAATTTGTATTCA,0
AGCCACAATATCTCGC,0
AGCCACACATGCGCTA,0
AGCCACGAGAGGTAGG,0
AGCCACTCATCGCAGA,0
AGCCAGACCAAATAAA,0
AGCCAGCAACGTCCCA,0
AGCCAGCATTTCTAGA,0
AGCCAGCTGAACGGGA,0
AGCCAGGAAAAAAAGC,0
AGCCATAATAATTGAA,0
AGCCATCTTAGGTCCT,0
AGCCATGACTTCCAAA,0
AGCCATGCCCAATCTT,0
AGCCATTATAGTCTAC,0
AGCCATTGAATCTGGT,0
AGCCATTGGGTAGCAA,0
AGCCATTGGGTGGACA,0
AGCCATTTTTCCTACG,0
AGCCCAACAAAATACA,0
AGCCCAACAAAGAAAA,0
AGCCCAACGTATCTGA,0
AGCCCATCCAATACAT,0
AGCCCATTAAGCCATT,0
AGCCCCCTGTAATGGA,0
AGCCCCGATGAAACAC,0
AGCCCCTAAGTAAAAA,0
AGCCCGAACAGCATAG,0
AGCCCGTATTGAAGAG,0
AGCCCGTTGTGCACTA,0
AGCCCTATTGTATGAA,0
AGCCCTCATCGGTAGA,0
AGCCCTTCAACGGACG,0
AGCCCTTCTTCTTAGA,0
AGCCGAAAACATAGGT,0
AGCCGAAAGAGTCATG,0
AGCCGAATAAGTGCCA,0
AGCCGACAACAAGGGG,0
AGCCGACGAAAGTAGG,0
AGCCGACTATCGTCCA,0
AGCCGAGACACCAAAC,0
AGCCGATTAAACGTTA,0
AGCCGCACCAAAATAA,0
AGCCGCCCTGTTACCA,0
AGCCGCTAGATGTCAA,0
AGCCGGACGCCGGGTC,0
AGCCGGGATTATAAAA,0
AGCCGGGGAAATCAAA,0
AGCCGTATGCGCGACC,0
AGCCGTCGATCCGTTT,0
AGCCGTGCACGCAGAA,0
AGCCTAAAAAAACGAC,0
AGCCTAACGTTCCGGA,0
AGCCTAAGAACCCTAA,0
AGCCTAATAAAAATAG,0
AGCCTAATAGACAGTT,0
AGCCTACAAAAGTTTT,0
AGCCTACACTCATGAG,0
AGCCTAGGTACAGTTA,0
AGCCTAGTCCTCATCT,0
AGCCTATAACGGGACG,0
AGCCTATATCAAAAAC,0
AGCCTATATTCTCCGC,0
AGCCTCAGTAGTCAAT,0
AGCCTCAGTGAAGGTT,0
AGCCTCCATGCACGAA,0
AGCCTCCATGTCATAA,0
AGCCTCCCCTCATCAA,0
AGCCTCTCATTTTACA,0
AGCCTCTTTTTGCTCA,0
AGCCTGAGAGACGGAG,0
AGCCTGATCACAACTA,0
AGCCTGATGGATCCGA,0
AGCCTGTAGAACCCGC,0
AGCCTGTGCCATTTTG,0
AGCCTTAAATCGAGCT,0
AGCCTTATGCTTATAC,0
AGCCTTCAATATACTA,0
AGCCTTGTTACATTTT,0
AGCCTTTCCAGAGGGA,0
AGCGAAAAAACGTCAA,0
AGCGAAAAGCAAAGGC,0
AGCGAAATCGTTTGAC,0
AGCGAACCGATATCTA,0
AGCGAACTAAAACATT,0
AGCGAACTCTGTTAGA,0
AGCGAAGAGAACCACT,0
AGCGAATCACAAGCAC,0
AGCGACAAACTTTAAT,0
AGCGACAGTGATGCGC,0
AGCGACCAGTCGATAT,0
AGCGACCTATGGGTAG,0
AGCGAGACAGAATCTG,0
AGCGAGACCCAGTATT,0
AGCGAGATATCGAAAT,0
AGCGAGCGAGGGATTC,0
AGCGAGGCTTAGGGTC,0
AGCGATAAAAATATCG,0
AGCGATAAACATCTCC,0
AGCGATAAAGACTCTC,0
AGCGATCAAAGCTCAT,0
AGCGATCGGAAACTTT,0
AGCGATGCATATAGTT,0
AGCGATGGCTTAAAAA,0
AGCGATTATATAAAAC,0
AGCGATTTAAAATAAC,0
AGCGCAAAAACCACGT,0
AGCGCAAAATACATAC,0
AGCGCAAAATCTTAAA,0
AGCGCACGCGCAATCA,0
AGCGCACGCGTCTGAT,0
AGCGCACTAGAAAACT,0
AGCGCAGAGTACCTCT,0
AGCGCATAACATATTA,0
AGCGCATTTACTGGTT,0
AGCGCCCGTAAAGCTA,0
AGCGCCGAAACCGCGC,0
AGCGCCTGTCGCGCGG,0
AGCGCGAATAAAAAAA,0
AGCGCGCCCAATTTAT,0
AGCGCGGACTTTTAAT,0
AGCGCGTCCCCCAACA,0
AGCGCGTTTTTGGATC,0
AGCGCTCAGTGTATAA,0
AGCGCTCCAATACTAA,0
AGCGCTCGTCGCGATA,0
AGCGCTCTCGAAACCA,0
AGCGCTGAAAGTTACA,0
AGCGCTTAGCATTACG,0
AGCGCTTCATAAGAGC,0
AGCGGAGATGTATCGC,0
AGCGGAGATTTCTGCA,0
AGCGGAGTTCGAATAC,0
AGCGGATACAGTGCTA,0
AGCGGATACCATTGTA,0
AGCGGATTTTCATGAA,0
AGCGGCACGGTCATAG,0
AGCGGCCGACATGAAT,0
AGCGGCGCTTGGTCGT,0
AGCGGCGTAGCCCGGA,0
AGCGGCTCAAGCACTT,0
AGCGGGAAAAAAAACA,0
AGCGGTCACCAATACT,0
AGCGGTTAGGGATAAT,0
AGCGTAAAAAAGCAAA,0
AGCGTAAAACAGACCT,0
AGCGTAAGAGTTTATC,0
AGCGTAAGCAGCAAAA,0
AGCGTACTACACGGAT,0
AGCGTAGCATTATCGT,0
AGCGTAGCCACTATAA,0
AGCGTAGCTACTAGTT,0
AGCGTAGTCTTTAAAA,0
AGCGTATAAAACAGAC,0
AGCGTCAAAACATTAT,0
AGCGTCCAAATACTAA,0
AGCGTCGATTAAATGA,0
AGCGTTACCCACGATT,0
AGCGTTCAAGCACCTC,0
AGCGTTCCATTGATGA,0
AGCGTTGGAACAGTGT,0
AGCGTTTACCGTAAAC,0
AGCGTTTCGCCCTTGT,0
AGCGTTTGAATACCTT,0
AGCTAAACAGACCAGT,0
AGCTAACAATATAAAC,0
AGCTAACACTAAACGC,0
AGCTAAGAAAACAAAC,0
AGCTAAGTGCCCGGGA,0
AGCTAATAAACAAATA,0
AGCTAATACACCACAC,0
AGCTAATCTAAAACTA,0
AGCTAATGTTACGATC,0
AGCTAATTTGAATGCC,0
AGCTACAAATACACAA,0
AGCTACAAGAGTCAAC,0
AGCTACACCTCTTGGA,0
AGCTACAGATAGCATG,0
AGCTACATACGCCGAG,0
AGCTACATACTAAGTC,0
AGCTACATATTGAAAA,0
AGCTACCAGCCTTAGC,0
AGCTACGATGACATCA,0
AGCTACGGCCGATATG,0
AGCTACTCAGACACAA,0
AGCTAGAAAGCTACGC,0
AGCTAGAAAGTCACTA,0
AGCTAGAACATTAGGC,0
AGCTAGAAGCGAAACA,0
AGCTAGCACGACGTAC,0
AGCTAGGCCGAATGTA,0
AGCTAGTTCACGCCGA,0
AGCTATAAAGTATACT,0
AGCTATCACAATTTGA,0
AGCTATCTTCATACTT,0
AGCTATGCGCCTATAC,0
AGCTATTCCATGAGGG,0
AGCTCAAACTCATACA,0
AGCTCAATGGCTCATG,0
AGCTCACAGAGCTTTA,0
AGCTCACATCAAGACA,0
AGCTCAGCTTCCAATG,0
AGCTCAGTTCGAGTCC,0
AGCTCCAACCTACGCC,0
AGCTCCCCGGAATAGA,0
AGCTCCCTTGGCAGTG,0
AGCTCCGCTCGATCTT,0
AGCTCCTAGATGGCCA,0
AGCTCCTCCACCAATA,0
AGCTCCTTGAATGAGC,0
AGCTCGACGTGTAAAA,0
AGCTCGAGCGCCGGAG,0
AGCTCGCAATACAAAA,0
AGCTCGCCGAGGGACA,0
AGCTCGCTTTCCGTCT,0
AGCTCGGTATGCACCA,0
AGCTCGGTGAAAACAA,0
AGCTCTATAAAAGTTC,0
AGCTCTGCCTAAGAAA,0
AGCTCTGTAATACCCC,0
AGCTCTGTATCAGAAT,0
AGCTCTTAACTAGAGT,0
AGCTCTTAATAACCAA,0
AGCTGAAAGAAGCTGT,0
AGCTGAACGGCGTCGC,0
AGCTGACAGAACGAAT,0
AGCTGACTGCTGTAAG,0
AGCTGAGGAAATTTAC,0
AGCTGAGTTCTTGCCT,0
AGCTGCATTAGTACAG,0
AGCTGCCTAATGATTA,0
AGCTGCCTCTCACGCA,0
AGCTGGAATCCGAGTC,0
AGCTGGACCAAAGATA,0
AGCTGGAGAGAAGACA,0
AGCTGGCCCAGTCTGA,0
AGCTGGGTCAGTGAGA,0
AGCTGTATGTCCTACA,0
AGCTGTCCACCGACGC,0
AGCTTAAAACATCTCA,0
AGCTTAAAAGTAGCCA,0
AGCTTAAAGCACTTGT,0
AGCTTAAATAGTGGAT,0
AGCTTAAGAATACAAC,0
AGCTTACGCTAGACGT,0
AGCTTACGTTGACTAC,0
AGCTTACTGAAGTAGA,0
AGCTTACTTATGAGCA,0
AGCTTAGTCAACGGAA,0
AGCTTATCTAACACCA,0
AGCTTATGCGCGTCAG,0
AGCTTCACACTATGAT,0
AGCTTCAGTCTTCGCG,0
AGCTTCATCCCAACTT,0
AGCTTCATTTTGTCGG,0
AGCTTCCAATAGACTT,0
AGCTTCGTTAAACTAA,0
AGCTTCTTTATAAGCG,0
AGCTTGAATAATAGGT,0
AGCTTGCCTGGATCAG,0
AGCTTGCTATGCAATA,0
AGCTTGGTTTGTAACG,0
AGCTTGTCATCATGAA,0
AGCTTGTCCGAAAATT,0
AGCTTTAATCAAATCT,0
AGCTTTACAGAAACGT,0
AGCTTTATCGTTAAGC,0
AGCTTTCAGAACGACG,0
AGCTTTCTGCAAAGTG,0
AGCTTTTGTACCAAAA,0
AGGAAAAACACACTCG,0
AGGAAAAATCTACCGA,0
AGGAAAACAAGCGGGG,0
AGGAAAACACAGCAGT,0
AGGAAAAGCAAGAAGA,0
AGGAAACAAAAGAGAA,0
AGGAAACCAAATTCTT,0
AGGAAACCGCTATGTA,0
AGGAAACCTAACTCCT,0
AGGAAACTACAGAAAA,0
AGGAAACTGTAGATAG,0
AGGAAACTTTCACAAT,0
AGGAAAGCGAAATAGT,0
AGGAAAGTAATCTAAC,0
AGGAAATAAAGGATAG,0
AGGAAATACTAAATGC,0
AGGAAATCATGGATTA,0
AGGAAATTTTGATGAA,0
AGGAACAATCGTCTCC,0
AGGAACCAACTAACTT,0
AGGAACCGTGTGTTTT,0
AGGAACCTAACGATGG,0
AGGAACCTCGGATTTT,0
AGGAACGCCCCTCCAG,0
AGGAACGTATAAAACG,0
AGGAACGTTTTGGTTT,0
AGGAACTCGCACGAAA,0
AGGAAGACAATCAGAA,0
AGGAAGAGAGTGATGA,0
AGGAAGCACTACTGAG,0
AGGAAGCGAACGTTTC,0
AGGAAGCTAAGTAAGT,0
AGGAAGTGTCAACAAA,0
AGGAAGTTCCTAATGT,0
AGGAATAACTTTGACC,0
AGGAATAAGATTACAG,0
AGGAATACTATACGGA,0
AGGAATAGTATACCCA,0
AGGAATATACATATAA,0
AGGAATCTCCCACTAG,0
AGGAATGAGAAACACC,0
AGGAATTATACTTTAA,0
AGGACAAAATTCAAAA,0
AGGACAAGCTCCGATC,0
AGGACACAACATTTTG,0
AGGACACTAACGCACT,0
AGGACAGAAAGTAGGT,0
AGGACAGGAGCCTCAG,0
AGGACATATACAATGG,0
AGGACATCACAAGGAT,0
AGGACCACCATGCATG,0
AGGACCATTACTCAAA,0
AGGACCCAATGACTAG,0
AGGACCCACTCACCCA,0
AGGACCCCTTCTTGAG,0
AGGACCGACTTTTTGA,0
AGGACCGCCATGCATG,0
AGGACCTAAATCCTAG,0
AGGACCTAACAAAATA,0
AGGACCTAACCAAAGT,0
AGGACCTATCGGCTAG,0
AGGACGATTTGAGATA,0
AGGACGCCTATATGGT,0
AGGACTAACAGATATA,0
AGGACTACATAACAGA,0
AGGACTACGTATACCA,0
AGGACTCTTACCAATC,0
AGGACTGAGTTACACA,0
AGGACTGTAACTAGAA,0
AGGAGAAAAAATGCAA,0
AGGAGAAGGCTCCAAA,0
AGGAGACCCTAAACCT,0
AGGAGACTAAAATCAC,0
AGGAGACTAAGGCATC,0
AGGAGATACGATAGCT,0
AGGAGATATGATATCC,0
AGGAGATGAGAAAAGA,0
AGGAGCATATACTCAC,0
AGGAGCCCAAGGAAAC,0
AGGAGCCTTTTCCAAA,0
AGGAGCTCACACCATC,0
AGGAGCTTCTACTAGT,0
AGGAGCTTGTAGATTT,0
AGGAGGATTGGAAAAT,0
AGGAGGGCGTCTCAAT,0
AGGAGTAACCCATAAA,0
AGGAGTCCCCCCAATG,0
AGGAGTCTTATACTAC,0
AGGAGTTGAAGCAGAG,0
AGGATAAACCATCTCC,0
AGGATAAAGACGTATG,0
AGGATAAAGGTTCCCA,0
AGGATAAATGATAGGA,0
AGGATACCTGCTGTAA,0
AGGATAGGGAGAACAT,0
AGGATAGTTTAAGGAA,0
AGGATATACCGGGGAC,0
AGGATATAGCTCGATT,0
AGGATATCCAGCCGAT,0
AGGATATGAGTACCCA,0
AGGATCACTCCCTACT,0
AGGATCATGAAACCAA,0
AGGATCCAATCTAGCG,0
AGGATCCAGTAGGAAT,0
AGGATCCTTGAGGATA,0
AGGATGAAAAGACCCA,0
AGGATGAGACCCTGAA,0
AGGATGGGATGAGGGA,0
AGGATGGGTTCTCAGG,0
AGGATTAAATACATAT,0
AGGATTAACTTACTCG,0
AGGATTATCATACATG,0
AGGATTATGGGTTATA,0
AGGATTCAATGAAGCA,0
AGGATTCAGCATCCTA,0
AGGATTCGACGCCTGG,0
AGGATTCGCATTTAAA,0
AGGATTTCCTGAATCC,0
AGGCAAAGATTAACAG,0
AGGCAAAGCACTGACC,0
AGGCAAATACGTAATG,0
AGGCAAATTTTAACAT,0
AGGCAACAATGGTGAA,0
AGGCAACAGCAATAAT,0
AGGCAACCGCTCACGA,0
AGGCAAGCCACTTAGA,0
AGGCAAGCTCAAAAAA,0
AGGCAAGTAACCCAGT,0
AGGCAATAACACGTGC,0
AGGCAATTGAACATCT,0
AGGCAATTTGCACATC,0
AGGCACAAAAAGGACT,0
AGGCACAAAATACTAG,0
AGGCACACGAGAAATA,0
AGGCACATTAGCCCCC,0
AGGCACGTAACACCAA,0
AGGCACTAATCCTGAA,0
AGGCACTCCCAGACAC,0
AGGCAGCTGACATATT,0
AGGCAGGAAACCCGAG,0
AGGCAGGACACGCTCA,0
AGGCAGGATGACCAAA,0
AGGCAGTTAGAAGGTT,0
AGGCATAGATAGGCGA,0
AGGCATATAACTCCTG,0
AGGCATATCCGAAAAC,0
AGGCATCGTATAAAAC,0
AGGCATGTCATTCTAA,0
AGGCATTAAAATCACC,0
AGGCATTATCCCAAGG,0
AGGCCAAATAGATAGT,0
AGGCCAATAAGTTATA,0
AGGCCACGTATATATA,0
AGGCCAGCCTCCTGAA,0
AGGCCATTTGCAATAA,0
AGGCCCAAATTGGCTT,0
AGGCCCGAATAATGAC,0
AGGCCCTGATGAACAG,0
AGGCCGAGTCAATATA,0
AGGCCGATAATCGCCA,0
AGGCCGCACTGATAGA,0
AGGCCGCTAATAAATT,0
AGGCCTAAATAGAACA,0
AGGCCTCTTACCGTAC,0
AGGCCTGTATGTCAGA,0
AGGCCTGTGACAACAG,0
AGGCCTTAGATATTAA,0
AGGCGACAAACCAAGT,0
AGGCGAGGCTACATCC,0
AGGCGATAAGAGATGT,0
AGGCGATATCGTCGTA,0
AGGCGATTTTTCGACC,0
AGGCGCAACAGATGAT,0
AGGCGCAGAGACGCGA,0
AGGCGCCTACGGCTCA,0
AGGCGCTTGAAGCAGT,0
AGGCGGAGTGAGTTCT,0
AGGCGGCCACCAGTTC,0
AGGCGGTAGTTATGCA,0
AGGCGTAAGAAGATAA,0
AGGCGTACTTCAGAAT,0
AGGCGTCTTGCATGCC,0
AGGCGTTGTCAAAGAT,0
AGGCTACCTCTGTGAG,0
AGGCTAGAGGGCCCGT,0
AGGCTAGCTCACCGTG,0
AGGCTATAAGTCGAAA,0
AGGCTATATAATTATA,0
AGGCTATGAACTCATA,0
AGGCTATTAACATGCC,0
AGGCTCATGTATATAC,0
AGGCTCTGCCTTGAGC,0
AGGCTCTTCCTATGCT,0
AGGCTCTTGTTCACAG,0
AGGCTGCTCTACGTAA,0
AGGCTGGACGCGCTGT,0
AGGCTTAAATAGACAT,0
AGGCTTCAGCTTATGC,0
AGGCTTCCGAGCTGGA,0
AGGCTTCGAAAACAGC,0
AGGCTTCGGTATTAAA,0
AGGCTTCTCAAACAGT,0
AGGCTTGGTCGGCCAT,0
AGGCTTTTAACAGGTA,0
AGGGAAAATTATTATG,0
AGGGAACCGGACCACT,0
AGGGAATTGAAAACAA,0
AGGGACACGAGATTCT,0
AGGGACAGTACCGGAT,0
AGGGACCCGAAAACAA,0
AGGGACCTGTAACTAA,0
AGGGACCTTTCGCACC,0
AGGGAGATATTTACGG,0
AGGGATGGGATGATCC,0
AGGGCAAATACATCTA,0
AGGGCACAATTTACAG,0
AGGGCACTCACGCACT,0
AGGGCAGACCTTATCA,0
AGGGCAGAGTTGACAA,0
AGGGCAGTCCCACGGA,0
AGGGCATACCTACATC,0
AGGGCATCAAGACCAA,0
AGGGCATTCTGTACAG,0
AGGGCCACGTTGCCTA,0
AGGGCCATAAATCAAC,0
AGGGCCTGCAAAATTA,0
AGGGCGACGAATGTAT,0
AGGGCTCGGCAAATAA,0
AGGGGAAAACGCATTT,0
AGGGGAAATTGCAAGG,0
AGGGGACAACAGACCT,0
AGGGGACCGATACTAG,0
AGGGGACCGGCTACAA,0
AGGGGACGCCCTTCGA,0
AGGGGAGAAAAAAAAC,0
AGGGGATGTGTCACAT,0
AGGGGCAAACCCATCA,0
AGGGGCACGACGTAGA,0
AGGGGCAGTCTCACCA,0
AGGGGCTAATCGTCAA,0
AGGGGCTTTTCGATAT,0
AGGGGTTAAAAAGCTC,0
AGGGTAACAAATTGGT,0
AGGGTACGCAAGCCTA,0
AGGGTACTATAGCTAA,0
AGGGTATAAACGTACG,0
AGGGTATTAAATTAAG,0
AGGGTCAAAGAAACGA,0
AGGGTCCGTTAATGTA,0
AGGGTGATAATTAAGA,0
AGGGTGATTCTGAACG,0
AGGGTGCGCCGAATAC,0
AGGGTGCTTTAATGAC,0
AGGGTGGTGCGCTACT,0
AGGGTGTGCTAGTGAA,0
AGGGTGTTTATGGAGG,0
AGGGTTACGAGACCTG,0
AGGGTTTAGAATATAA,0
AGGGTTTTACAAGAGG,0
AGGGTTTTACGCCTTT,0
AGGTAAAACTTATCTA,0
AGGTAAAGCGTTCCGA,0
AGGTAAATAATCGAAT,0
AGGTAACAACATGTTA,0
AGGTAACATCTACTAC,0
AGGTAACATGAATACA,0
AGGTAACCAGGCAAGT,0
AGGTAACTTCATCTAG,0
AGGTAAGACTTTATAG,0
AGGTAATAAATCACCC,0
AGGTACAACTAGACAA,0
AGGTACACACCCTAAG,0
AGGTACACGATTGTAA,0
AGGTACAGAAATAGAC,0
AGGTACCGACACCAGA,0
AGGTACCGGCCTGATT,0
AGGTACTGTACCTTCC,0
AGGTAGAAGCGTATCA,0
AGGTAGAATCTGCCTG,0
AGGTAGAATTCTATTA,0
AGGTAGATAAACAGGA,0
AGGTAGATATAATAGC,0
AGGTAGGTCGCTATAT,0
AGGTAGTAAAAAAGTA,0
AGGTATACTACAGCCC,0
AGGTATCACACGGCAC,0
AGGTATCTCAGAAGTA,0
AGGTATGAACGAAATA,0
AGGTATGAATTTGAAT,0
AGGTATGCTGGTAAAC,0
AGGTATTACGAGTGAT,0
AGGTATTGCATGAACA,0
AGGTCAAGACCTTTTA,0
AGGTCAGAAGTGCACA,0
AGGTCATTAGTCTAAT,0
AGGTCCATTTAAGAAG,0
AGGTCCCATGTCCCTC,0
AGGTCCTAAACTTTAA,0
AGGTCGAACTGAGGAA,0
AGGTCGACGATAAGGA,0
AGGTCGATAGCGGACT,0
AGGTCGCAAATTAATG,0
AGGTCGCTATATCTAA,0
AGGTCGTGGTCTAATG,0
AGGTCTACTCGCTCGA,0
AGGTCTAGCACCCACG,0
AGGTCTATATTATGAC,0
AGGTCTCTGACAAACA,0
AGGTCTGCCATGGTAA,0
AGGTCTTGGTAACGCG,0
AGGTGAACCATCACAA,0
AGGTGAACCCGTACGC,0
AGGTGAAGCAAGATTC,0
AGGTGACACAATACTT,0
AGGTGACAGTATTGTG,0
AGGTGAGTTGGCCAGA,0
AGGTGATAAAATATAT,0
AGGTGATATGAAACAG,0
AGGTGCAATGAGCGGT,0
AGGTGCGCAATAACCT,0
AGGTGCGCTAGGCAAG,0
AGGTGCTAACAACGCG,0
AGGTGCTATCTGTATA,0
AGGTGGAAGAATTTGA,0
AGGTGTAATGGCAGGA,0
AGGTGTATAGGCACGA,0
AGGTGTCACAGCTACT,0
AGGTTAACTCCAACAT,0
AGGTTAGACAGACATC,0
AGGTTATAAGCTTCAC,0
AGGTTATATAGATCAT,0
AGGTTATATGCTAATA,0
AGGTTATTCAACCATT,0
AGGTTCTCGCAGTCAA,0
AGGTTGAAACAGTAAA,0
AGGTTGATACCCGGAT,0
AGGTTGCAAATAAACA,0
AGGTTGCAGGGGTAAA,0
AGGTTGGGTAATCAAA,0
AGGTTGTAAAGGTCTT,0
AGGTTGTTCTTGTCCA,0
AGGTTTGTACGATTAA,0
AGGTTTGTCCACAAGA,0
AGTAAAACAAACCAAC,0
AGTAAAATACCGAAGC,0
AGTAAAATCAATAGTT,0
AGTAAAATTTACCTAA,0
AGTAAACATAGGCAAT,0
AGTAAACGATATTGGT,0
AGTAAAGACACACAAG,0
AGTAAAGATTGGTGAG,0
AGTAAAGGAACTCTAT,0
AGTAAAGTATAGATCT,0
AGTAAAGTGTACAAAG,0
AGTAAATCGCTATGGA,0
AGTAAATTCCCCCTAT,0
AGTAACAACTACGTCT,0
AGTAACACCGAGGGTC,0
AGTAACCAAAAATACA,0
AGTAACCAAGAGTATT,0
AGTAACCACCGATACA,0
AGTAACCAGAATATAA,0
AGTAACCCCCTTACCG,0
AGTAACCTTAGCCGTT,0
AGTAACGACACACGAG,0
AGTAACGTAACTAAAC,0
AGTAACGTACTATGTG,0
AGTAACGTGGTCACAA,0
AGTAACTATTTGACGA,0
AGTAAGAAGAATAACA,0
AGTAAGACCTCGCCCG,0
AGTAAGACGAGCCACC,0
AGTAAGCATTTTGCTC,0
AGTAAGCGCAAATTAC,0
AGTAAGCTTCTACGCA,0
AGTAAGGAGTAAGGGA,0
AGTAAGTAACCAAAGA,0
AGTAAGTCGACTCGAG,0
AGTAAGTGACCACTAT,0
AGTAATAATATTTTGC,0
AGTAATACCGTCTAAC,0
AGTAATACGTCCTAAG,0
AGTAATAGAAGACCGT,0
AGTAATATGCAGCTAG,0
AGTAATCATTTGATTT,0
AGTAATGGACGTACCC,0
AGTAATGTTGGTGCGG,0
AGTAATTATCCGCCAA,0
AGTAATTGGAGACTCG,0
AGTAATTTTATATAAC,0
AGTACAAAATCACATA,0
AGTACAAATCAAAATT,0
AGTACAACAATTGCAT,0
AGTACAACACAAATCA,0
AGTACAAGAAATGGCT,0
AGTACAAGAGAGGAGA,0
AGTACAAGGCACCAGG,0
AGTACAATCAAAGTCG,0
AGTACAATCATGCAGC,0
AGTACACAAAAGAAAA,0
AGTACACAAAATGCCA,0
AGTACACAATTCTACA,0
AGTACACCTACGTACT,0
AGTACACTATAGACTA,0
AGTACAGTCCACCGAT,0
AGTACATACTCGTAGT,0
AGTACATAGCTAATTT,0
AGTACATATGAAGTCA,0
AGTACATCGTCAGGTT,0
AGTACCAGTGCTAAAA,0
AGTACCCAACTATGAA,0
AGTACCTCGCTAACAA,0
AGTACCTCGTTCGATA,0
AGTACCTGCGAATAAG,0
AGTACCTGTGATAAAC,0
AGTACGAATAAGACGT,0
AGTACGACACCATTAC,0
AGTACGAGGATCATAA,0
AGTACGCGTAATAAAA,0
AGTACGTTTAAGTCCG,0
AGTACTAACCGATTCA,0
AGTACTAGACTTTAGC,0
AGTACTAGGTAATATC,0
AGTACTCAGTAATGCG,0
AGTACTGGTCCTAAAC,0
AGTACTGTGCAGTCTC,0
AGTACTTAGAACAGAG,0
AGTACTTCGGACAACC,0
AGTACTTGGTCAAACT,0
AGTACTTTTGCGATAC,0
AGTAGACAATTATAGG,0
AGTAGACTCAACGGTA,0
AGTAGAGATTCCCTAA,0
AGTAGATCTTACCGAA,0
AGTAGATCTTTGCTGT,0
AGTAGATGGCTGAAAT,0
AGTAGATTTAAACGCG,0
AGTAGCAGAGTGTACA,0
AGTAGCCGTCAAATCT,0
AGTAGCGATATAACGA,0
AGTAGGTAACTTAAAG,0
AGTAGGTAATATTGTC,0
AGTAGGTGGACACAAA,0
AGTAGGTTATGAAAAC,0
AGTAGTAAGGCGCTGA,0
AGTAGTCACCATGGTC,0
AGTAGTTAATCAGATC,0
AGTAGTTCTGAGCTTC,0
AGTATAAAAACTTGTC,0
AGTATAAAAATCTATG,0
AGTATAAAACAAACTA,0
AGTATAAAATGGCTCA,0
AGTATAAACGTCATGG,0
AGTATAACAACACCAA,0
AGTATAATAAGTCAAC,0
AGTATAATGATCTACA,0
AGTATACACAAAGATG,0
AGTATACTCATGGAAT,0
AGTATAGCATCCATTC,0
AGTATATCAAGTCTCT,0
AGTATATCAGATATAA,0
AGTATATGTCAAAACC,0
AGTATATTAATACACC,0
AGTATCAATCACTATG,0
AGTATCACCCGTTCGA,0
AGTATCCAATACAAGT,0
AGTATCCTTCTTAGCT,0
AGTATCGACCAATAAG,0
AGTATCGACCCAGGGC,0
AGTATCGCGCCAACTG,0
AGTATCGTTATCAGAT,0
AGTATCTAAGTTAACT,0
AGTATCTACTGATACT,0
AGTATCTATATATTGC,0
AGTATCTTATCCGTGA,0
AGTATGAAATCCAGGC,0
AGTATGAACTCGCAGT,0
AGTATGCCCAGAAAAA,0
AGTATGCTTTTTCCAC,0
AGTATGGCTGAGAGGT,0
AGTATGTAGCTTTAGC,0
AGTATTAACAAACGGC,0
AGTATTACTATAGTCA,0
AGTATTAGTCGCATAA,0
AGTATTAGTGGCTTAC,0
AGTATTCAGATATAGC,0
AGTATTCAGGGTTGTC,0
AGTATTGCGGCCTCCT,0
AGTATTTCATTGTCTG,0
AGTATTTTATACCTCT,0
AGTATTTTGGCCATAT,0
AGTCAAACAAAGTTTG,0
AGTCAAATATCCATCC,0
AGTCAACCTCAATTTA,0
AGTCAAGAAAAAATGC,0
AGTCAAGCATGTCATA,0
AGTCAAGCTAAAAGTT,0
AGTCAAGGGGACGTAT,0
AGTCAATAAATTACGC,0
AGTCAATATTCCGATG,0
AGTCACACAACTTGCA,0
AGTCACACCGAAAATC,0
AGTCACACGGGGTGTT,0
AGTCACAGAATCGTTC,0
AGTCACCACACACGTG,0
AGTCACCACTACCCTA,0
AGTCACCCGTATCTAA,0
AGTCACCGCCTGTATT,0
AGTCACGAATGACCCC,0
AGTCACTTTACACAAT,0
AGTCAGAGCTGAATTA,0
AGTCAGCAAAACAATA,0
AGTCAGTTGACAGGAC,0
AGTCATAATATATTTG,0
AGTCATACCGCTATCC,0
AGTCATAGTATAAACC,0
AGTCATCCCGTAATGG,0
AGTCATCCCTACATCA,0
AGTCATCGATAAATTC,0
AGTCATGGTCCTGGTT,0
AGTCATTAACTGGTTG,0
AGTCCAAAAAAACCAA,0
AGTCCAAACTCCAAAC,0
AGTCCAACCGAAATCC,0
AGTCCAACGACGGGTA,0
AGTCCAAGACCCCAAG,0
AGTCCACAAGCTTACC,0
AGTCCACGCTAAACAT,0
AGTCCAGTTCCAACTA,0
AGTCCATTAATTATCC,0
AGTCCCAACGAAATAG,0
AGTCCCAGGAATAACA,0
AGTCCCATTTGATTAC,0
AGTCCCGACGATAATA,0
AGTCCCGAGGAATTCA,0
AGTCCCGCCTGGTAGG,0
AGTCCCGTAGACAAGT,0
AGTCCCTAGCCCGCAC,0
AGTCCCTTGCAATATA,0
AGTCCGCACAAAAGGC,0
AGTCCGCAGACTAATC,0
AGTCCGCAGTCATACC,0
AGTCCGTCGGGCAGAT,0
AGTCCTACAAAATCAA,0
AGTCCTCTTTGGTGTT,0
AGTCCTTGAAAATAGT,0
AGTCCTTTAATAATTC,0
AGTCGAAAATCTATCG,0
AGTCGAAGACCTGGCC,0
AGTCGAATAAAATTGT,0
AGTCGAATGTTCTCGG,0
AGTCGAATTAACGATT,0
AGTCGACATTATGACA,0
AGTCGACGTCAAAGAC,0
AGTCGAGGCTACCCCT,0
AGTCGCAAAATACAAA,0
AGTCGCAAACCACAGC,0
AGTCGCAAATATCGGC,0
AGTCGCACGGTTATCG,0
AGTCGCGTTAATCGAA,0
AGTCGCTACCAATAAA,0
AGTCGCTAGACATAGA,0
AGTCGCTATTACGCCA,0
AGTCGGAAAATGAAGA,0
AGTCGGCAAAAAACCT,0
AGTCGGCAAACTGTTA,0
AGTCGGGGGTGATAAG,0
AGTCGGGGGTGATGAG,0
AGTCGTCGGTGAGACA,0
AGTCGTCTACGAGTAT,0
AGTCGTGGCCACGAAT,0
AGTCGTTTTGAAACGA,0
AGTCTAAAAATGAACA,0
AGTCTAAATATCGAGG,0
AGTCTAACCAACTAAG,0
AGTCTAATCGAGTACG,0
AGTCTACCCCTCGATT,0
AGTCTACTCTGATAGA,0
AGTCTAGAAACAAACA,0
AGTCTAGATCTCCTAC,0
AGTCTATACCAACTGT,0
AGTCTATACTTGCTCC,0
AGTCTATAGTTAATTA,0
AGTCTATCCCGACAGT,0
AGTCTCAACAACGCTA,0
AGTCTCCAAATCATGT,0
AGTCTCCAATTCCAAC,0
AGTCTCTGAACCTATT,0
AGTCTGAGACTTAAAC,0
AGTCTGAGGTATGTGA,0
AGTCTGCCATATTCTA,0
AGTCTGTATGGGTGGT,0
AGTCTTAGGCGCGGAA,0
AGTCTTCGCTAACATC,0
AGTCTTGCATGACGGA,0
AGTCTTTGACTGAATC,0
AGTGAAAATGCCAATG,0
AGTGAAACTTTACGAA,0
AGTGAAATCTTTAACT,0
AGTGAAATTTAAGTAA,0
AGTGAACATCGAGAAC,0
AGTGAAGAAAAATGAT,0
AGTGACAATAAACCTC,0
AGTGACAATACAGTTG,0
AGTGACAATCGCGCGC,0
AGTGACAGATATTGAA,0
AGTGACCAAAAGGTAA,0
AGTGACCACTCCAAGC,0
AGTGACCCAAGGACAA,0
AGTGAGAGCGATTTTA,0
AGTGAGATAGCACTAA,0
AGTGAGCGCCGATCAT,0
AGTGAGGGGAAATTTC,0
AGTGAGGTTCTAACAA,0
AGTGAGTAAGAGCTTC,0
AGTGAGTGTCTATCTG,0
AGTGATAAAAAAGATG,0
AGTGATAGTAGGTGGA,0
AGTGATATCATTCCAA,0
AGTGATCGATCCCGGA,0
AGTGATTAATTTTTCA,0
AGTGATTCCTATGTGA,0
AGTGATTCTAATTCCA,0
AGTGCAAAAGCTTGGC,0
AGTGCAAAGGGTGTCC,0
AGTGCAACCATTATAT,0
AGTGCAAGAAGGGCCG,0
AGTGCAGAATAGAACC,0
AGTGCCATTCATCCCA,0
AGTGCCCACTACTTAA,0
AGTGCCGAATGAATCC,0
AGTGCCTCCTCAAAAT,0
AGTGCGATCATAACGC,0
AGTGCGGCCCACTTGA,0
AGTGCTCGCAACCGAA,0
AGTGCTTAAAGTGCCG,0
AGTGCTTACGCTAGAC,0
AGTGGAAAAATTTATA,0
AGTGGAATACAGAAAA,0
AGTGGAGAAATTTATA,0
AGTGGATATGCAATGG,0
AGTGGATGGGGTTACG,0
AGTGGCCCGAATCGAG,0
AGTGGCTTTATAGGAA,0
AGTGGGACAATAGACT,0
AGTGGTAAAGACACCC,0
AGTGGTATAAGGCAGA,0
AGTGGTTAACATAACT,0
AGTGGTTATTAATCCT,0
AGTGGTTCCATTGACT,0
AGTGTAATTGCTAGAC,0
AGTGTACAGAAAACAA,0
AGTGTACCACTTAATG,0
AGTGTACTCCAAGAAA,0
AGTGTACTTGGACTCT,0
AGTGTATTAAAAGCGC,0
AGTGTCAAATATTACT,0
AGTGTCACAGCTACCA,0
AGTGTCACTACTAAAT,0
AGTGTCAGTCAAAGGA,0
AGTGTCCCAGGGGCGA,0
AGTGTCTAAACAATAG,0
AGTGTCTAAACAATGA,0
AGTGTGAAATGCTAAC,0
AGTGTGGCAGAGAAAA,0
AGTGTGTATATCCTAA,0
AGTGTGTTTAATCTCT,0
AGTGTTACACATCTAT,0
AGTGTTATCCTAGGGG,0
AGTGTTCACTAACACT,0
AGTGTTGATTCGCTAG,0
AGTTAAAAAAAGTACT,0
AGTTAAAAACAGCGAG,0
AGTTAAAAACATACCA,0
AGTTAAAACTAACCAA,0
AGTTAAAAGTCTCAGC,0
AGTTAAAATACACACT,0
AGTTAAAGAACGTTGT,0
AGTTAAAGAAGTATGA,0
AGTTAAAGACATGTTA,0
AGTTAAAGCTGCAGAC,0
AGTTAAATGCGGACCA,0
AGTTAACAGACTAATC,0
AGTTAAGCTTATATGT,0
AGTTAAGGGCAGCATT,0
AGTTAATACTGAGCAC,0
AGTTAATGCTAAAGAG,0
AGTTAATGTACACATT,0
AGTTACAACAAAGATC,0
AGTTACAACTTGCAAG,0
AGTTACAATCGAATAA,0
AGTTACATAGGTCTTA,0
AGTTACATGAGCGAGT,0
AGTTACGCCTTACCTT,0
AGTTACTACCACTTAT,0
AGTTACTACTAATTAA,0
AGTTAGACTCGGGAAA,0
AGTTAGGCAAACCAAT,0
AGTTAGTACGGTTGAA,0
AGTTAGTCATGAAGAA,0
AGTTAGTGCTAGCCTG,0
AGTTAGTGGCGGTCCC,0
AGTTATACCAGGTCTG,0
AGTTATATTACTCGGA,0
AGTTATCACCTTATTA,0
AGTTATCAGGTTGATT,0
AGTTATCGTTGTTAAT,0
AGTTATCTACTCTTGA,0
AGTTATCTTATAAGAC,0
AGTTATCTTTAAACAA,0
AGTTATGAAAAGGTGC,0
AGTTATGATCCAATCC,0
AGTTATGTCTTGGGTA,0
AGTTATTTCCTGTCAC,0
AGTTATTTTCGGCCGG,0
AGTTCAAACGGTCCCA,0
AGTTCAAATCATGGCA,0
AGTTCAAGTTAGCGGC,0
AGTTCAGCACAAGTGC,0
AGTTCCATGGCAACCA,0
AGTTCCTAAGATAGGC,0
AGTTCCTTACCGACTA,0
AGTTCGACGTGTATAA,0
AGTTCGCGCATATGCA,0
AGTTCGGGGAGCTTAC,0
AGTTCTAACATTCTGT,0
AGTTCTAACCTACGCT,0
AGTTCTAAGGCGAACA,0
AGTTCTAGATAGACGC,0
AGTTCTATCCTTGATA,0
AGTTCTCTTCGACCCA,0
AGTTCTGTGCTACTCG,0
AGTTGAAAACACAATC,0
AGTTGAAACAAATTTT,0
AGTTGAACCAGATAAC,0
AGTTGAAGTTTGTGGA,0
AGTTGAATTAAAACCT,0
AGTTGACCAGGCAAAA,0
AGTTGACGCTAAAGGC,0
AGTTGAGCTCAAACTG,0
AGTTGAGCTTATATGT,0
AGTTGATAGAACCGTT,0
AGTTGCCAGTACTCAA,0
AGTTGCGAGTAAGATT,0
AGTTGCTAGTTAACTT,0
AGTTGGATTAAGTCCT,0
AGTTGGTAGGACAAAA,0
AGTTGTAAACAAACTT,0
AGTTGTAAATTCAGAC,0
AGTTGTAAGTGTCGTG,0
AGTTGTCCCCTGTAGC,0
AGTTGTCTAATATACA,0
AGTTGTCTATGACCCT,0
AGTTGTGAGCCCACAA,0
AGTTGTGATTTCCACC,0
AGTTGTTCATTGTGCA,0
AGTTTAAATTGTCGAG,0
AGTTTACCACTAAGCC,0
AGTTTACCCCATTTTG,0
AGTTTACTAATCCTGG,0
AGTTTATGTCTACATC,0
AGTTTCAACGCCTCTG,0
AGTTTCAAGATTGTAC,0
AGTTTCACGACACAAT,0
AGTTTCATCTCAGTAA,0
AGTTTCCCTTGGCCAC,0
AGTTTCCGAAAGAATC,0
AGTTTCGAATAATTAG,0
AGTTTCTAAGGGCACA,0
AGTTTGAAAACGTAAC,0
AGTTTGAATTGTCGAG,0
AGTTTGAATTGTCGCA,0
AGTTTGATAAACCATT,0
AGTTTGCGAGTTTCTA,0
AGTTTGTAACGTGATG,0
AGTTTGTACAAAAACA,0
AGTTTGTATCAGGCAG,0
AGTTTGTCCTATGCAT,0
AGTTTGTGTACTAAAT,0
AGTTTGTTCTAAATTC,0
AGTTTTAAAGAGGTGA,0
AGTTTTAGAAACACAA,0
AGTTTTATCATTTAGC,0
AGTTTTGAACAGAGTT,0
AGTTTTGCAATATGAG,0
AGTTTTGTAGAATCGC,0
AGTTTTTAAAAAAGAT,0
AGTTTTTTCGCCAAGG,0
ATAAAAAAAATAAAAA,0
ATAAAAAACAGACACA,0
ATAAAAAACGTAGAGG,0
ATAAAAAACTTATAAA,0
ATAAAAACAAAGTCTG,0
ATAAAAACCTCGAAAA,0
ATAAAAACGGGTCAAT,0
ATAAAAACTGCTGTGA,0
ATAAAAACTTGCGACC,0
ATAAAAAGCGGATACA,0
ATAAAAAGCTGAAAAA,0
ATAAAAAGTACAATAC,0
ATAAAAAGTACACTGT,0
ATAAAAAGTAGTGGTC,0
ATAAAAAGTCGACAGA,0
ATAAAAATAGCCATGG,0
ATAAAAATCTCAAGCT,0
ATAAAAATTTTTATGA,0
ATAAAACAACCTAGAG,0
ATAAAACAAGTTGATT,0
ATAAAACAATAAACAG,0
ATAAAACAATCATTTA,0
ATAAAACACCAGAAAT,0
ATAAAACCAAGGCCAG,0
ATAAAACCGGTTCCGA,0
ATAAAACGTTTCATTA,0
ATAAAACTAAGAAAAG,0
ATAAAACTACATTAAC,0
ATAAAACTCACGTCTA,0
ATAAAAGAAATGCAAG,0
ATAAAAGAACACCAAT,0
ATAAAAGAAGTCCAAA,0
ATAAAAGAGTATTGCC,0
ATAAAAGATACAATCA,0
ATAAAAGATAGCTAAG,0
ATAAAAGATATACCAA,0
ATAAAAGATCAAAAGC,0
ATAAAAGCAAATGGCG,0
ATAAAAGGAAGTCGGT,0
ATAAAAGTTAGGATAT,0
ATAAAATAAAGTTAGC,0
ATAAAATAAATTCAGT,0
ATAAAATAACATAATT,0
ATAAAATACAGACCGG,0
ATAAAATACCACCCCA,0
ATAAAATACGGACACT,0
ATAAAATCCAAATAGG,0
ATAAAATCCCAACGCC,0
ATAAAATTACCTCACA,0
ATAAAATTGCCAAACG,0
ATAAACAAAAACAGTT,0
ATAAACAAGACGCCAA,0
ATAAACAATCACTGAC,0
ATAAACACAAAAGGAG,0
ATAAACACCCATAATT,0
ATAAACACCTTTTACT,0
ATAAACAGACTTTAGC,0
ATAAACAGGACCCAGA,0
ATAAACAGTCAATAAG,0
ATAAACCAAATTGAAT,0
ATAAACCAAGGTGACA,0
ATAAACCATAAGGACA,0
ATAAACCCACACATCA,0
ATAAACCCACGATAAT,0
ATAAACCGATATATGA,0
ATAAACCTACACAGAC,0
ATAAACCTGCTTGTTG,0
ATAAACCTTCGACGAA,0
ATAAACGATGCGGGGA,0
ATAAACGCGTGAAGTC,0
ATAAACGTATAGAGTT,0
ATAAACGTTGACTGGC,0
ATAAACTACACCTAAG,0
ATAAACTATTTAATAA,0
ATAAACTCTCCTCCAG,0
ATAAACTTCATTAGAT,0
ATAAACTTGAGTGACA,0
ATAAAGAAATCTTACC,0
ATAAAGAAGTATATAA,0
ATAAAGACCGTAGATT,0
ATAAAGAGAATATCTA,0
ATAAAGATACCAAATC,0
ATAAAGCATATTGTTT,0
ATAAAGCATGGCAAAT,0
ATAAAGCCAATAAGAA,0
ATAAAGCCGCAAATAG,0
ATAAAGGAAAAAAACA,0
ATAAAGGAACTTTACA,0
ATAAAGGGTTGTAGCA,0
ATAAAGGTTAGTAGGC,0
ATAAAGTAGATTACAA,0
ATAAAGTGAAACGTAC,0
ATAAAGTTTGACATGA,0
ATAAATAACACGAACA,0
ATAAATAACTCTAAAA,0
ATAAATATCATCAAAC,0
ATAAATATTCCACAGC,0
ATAAATATTGCTCAAT,0
ATAAATATTTTGAGCT,0
ATAAATCAAAATGAAA,0
ATAAATCAAGATCAGA,0
ATAAATCACCTTGCGA,0
ATAAATCATAAAAAGA,0
ATAAATCCAACGCGCA,0
ATAAATGAATAGACTT,0
ATAAATGAGTCATGAA,0
ATAAATGCAGCCAGCA,0
ATAAATGGAAGACAAC,0
ATAAATGGCAAATTTT,0
ATAAATGGTACTTTAA,0
ATAAATGGTATAGTGC,0
ATAAATGTGCTCATCC,0
ATAAATTAACAATAAA,0
ATAAATTACACACGAG,0
ATAAATTAGGCAAGCG,0
ATAAATTATATCAACT,0
ATAAATTATCCAGCGG,0
ATAAATTGCACTATCC,0
ATAAATTGGTTGGGAC,0
ATAAATTTAAATTGAA,0
ATAAATTTCCTGCGAA,0
ATAACAAAAATGACGT,0
ATAACAAAAGCACATG,0
ATAACAAAGGTCCCGC,0
ATAACAAAGTACAATT,0
ATAACAAAGTTCGGTG,0
ATAACAAATGCTTAAG,0
ATAACAACCATTTATA,0
ATAACAACCCTCAGCC,0
ATAACAACGATTAAAG,0
ATAACAATAAATAAAC,0
ATAACAATTCCACTAA,0
ATAACACATACTTTAT,0
ATAACACATTACGATG,0
ATAACACCACACCCTC,0
ATAACACTACGCATCC,0
ATAACACTCCCCTCGT,0
ATAACACTGAAACAAA,0
ATAACACTTACATAGA,0
ATAACACTTAGTAATG,0
ATAACAGAGTAAGAAC,0
ATAACAGCCTGAATTA,0
ATAACAGGATAGCATC,0
ATAACAGGCTACAAAG,0
ATAACAGTAATTAGGT,0
ATAACAGTATTCAGTA,0
ATAACATATTACTGAA,0
ATAACATCATGGCAAA,0
ATAACATCGGATATTG,0
ATAACATTCAACCTAA,0
ATAACCAAGTAATAGG,0
ATAACCAATGGGCGAC,0
ATAACCAATTGCAAAA,0
ATAACCACAGCTGGTC,0
ATAACCAGAACTTCCG,0
ATAACCAGTGAGGACT,0
ATAACCATACTGCTGT,0
ATAACCATATCTTACC,0
ATAACCATGAATATAA,0
ATAACCCAACAGGGGC,0
ATAACCCAATAACGTA,0
ATAACCCACATCTATC,0
ATAACCCTATTCACCA,0
ATAACCGATATGTAGA,0
ATAACCTCTGCCAGCG,0
ATAACCTTATGCGACC,0
ATAACGAACACATCAA,0
ATAACGAGATATGCAG,0
ATAACGATAAACACAA,0
ATAACGATAGCTCGTA,0
ATAACGCGTTGCGATG,0
ATAACGTAAAATTGCT,0
ATAACGTACATATGAC,0
ATAACTACTATGAGAA,0
ATAACTAGAATTTTTT,0
ATAACTAGACAGCACT,0
ATAACTAGGAAGGAGT,0
ATAACTATTTTGAAAT,0
ATAACTCAATGGATAC,0
ATAACTCACCATCATA,0
ATAACTCTACAAGTCC,0
ATAACTCTGTTAACAT,0
ATAACTGGCTTAATAT,0
ATAACTGTATTAGATT,0
ATAACTTAATACTCAA,0
ATAACTTACCCTAGAC,0
ATAACTTATATGAGCG,0
ATAACTTCTGATTAAT,0
ATAACTTGGAAATATT,0
ATAACTTGTTTTAAAT,0
ATAACTTTACATCGTA,0
ATAAGAAAAAAAAAAA,0
ATAAGAAAACAACTTT,0
ATAAGAACCAACAAAA,0
ATAAGAAGCACCCGAA,0
ATAAGACAGAAGTATC,0
ATAAGACAGAGAGTCA,0
ATAAGAGCACAAACAA,0
ATAAGATAATTCCCCA,0
ATAAGATATGTTTCAA,0
ATAAGATGATTATCAG,0
ATAAGATTCAACATTC,0
ATAAGCAACAAATAGA,0
ATAAGCAGGTTCTCCA,0
ATAAGCAGTCTCGACA,0
ATAAGCATTATGTACC,0
ATAAGCCAAATTCCAA,0
ATAAGCCCAAAGTCAT,0
ATAAGCCGGAGTGAAT,0
ATAAGCCTAACCTATT,0
ATAAGCCTCCAGCATT,0
ATAAGCTAATGCAAAA,0
ATAAGCTAGATGCATT,0
ATAAGCTCAATAATAC,0
ATAAGGAACCGAAAAC,0
ATAAGGAACTAGTCCC,0
ATAAGGAGCAATTATA,0
ATAAGGAGCTCTTGGG,0
ATAAGGGGAGCGAAAA,0
ATAAGTAACAGGTATA,0
ATAAGTAAGGACAAGA,0
ATAAGTAATTACCCAG,0
ATAAGTATAATCTCTC,0
ATAAGTATCCCAAAGT,0
ATAAGTATTACTAATC,0
ATAAGTATTACTGTAG,0
ATAAGTATTCCTTCAC,0
ATAAGTCAACAACATC,0
ATAAGTCAGGATGTGA,0
ATAAGTGACCATGTGA,0
ATAAGTGATCACAGCG,0
ATAAGTGCCACCCTAA,0
ATAAGTTGCCTTGCAA,0
ATAATAAAAATTTCAA,0
ATAATAAAACATGTCC,0
ATAATAACAGATATAT,0
ATAATAACATACTTAA,0
ATAATAACATGAAATT,0
ATAATAACCTATCTCT,0
ATAATAAGAAAATCAC,0
ATAATAAGAACCCAGA,0
ATAATAAGACGCCCGC,0
ATAATAATAGCTCGTT,0
ATAATAATATCGGAAA,0
ATAATACAAAATGATG,0
ATAATACAATAACAAG,0
ATAATACAATATCCAC,0
ATAATACAGAAAGAAC,0
ATAATACATAAATATA,0
ATAATACATTGTTCAA,0
ATAATACCCTAGCTTA,0
ATAATACGGGGAACTC,0
ATAATACTATTTTTAT,0
ATAATAGACAGGCTTA,0
ATAATAGCAGATGAGT,0
ATAATAGCAGCCCAGG,0
ATAATAGCGGGACCCC,0
ATAATAGGACGGCCAC,0
ATAATAGGATATCAGC,0
ATAATATAAAGCTATC,0
ATAATATACAAACATC,0
ATAATATACTAAAATA,0
ATAATATAGAAACATA,0
ATAATATAGCGCTTAG,0
ATAATATAGGCGATAA,0
ATAATATATGTAATAA,0
ATAATATCATATGATG,0
ATAATATCCGGGAAAA,0
ATAATATCTATCCCAT,0
ATAATATGAAAATTAT,0
ATAATATGCCAGCAAT,0
ATAATATGGCCAGATA,0
ATAATATTATCAAAAA,0
ATAATATTGGAATATC,0
ATAATCAACGATGATC,0
ATAATCAAGAAACAAT,0
ATAATCAATGATTAAT,0
ATAATCATCACTCTTT,0
ATAATCATGCCGATAA,0
ATAATCCAAACAATAT,0
ATAATCCGAGGACAAT,0
ATAATCCGCGTCACTA,0
ATAATCCTCCCCCAAC,0
ATAATCGGCCTCATAA,0
ATAATCGTCATCAAGA,0
ATAATCTACTATGACA,0
ATAATGAAAAATAAGT,0
ATAATGAAATGCCACT,0
ATAATGACTACACTTA,0
ATAATGATATCAGGCA,0
ATAATGATCCGGAGAT,0
ATAATGCAATATATTC,0
ATAATGCACCAATATA,0
ATAATGCACCCGAGCC,0
ATAATGCACTCAAGAA,0
ATAATGCCACCCACAA,0
ATAATGCTGTCACACA,0
ATAATGGAACATACAC,0
ATAATGGTTATCTACA,0
ATAATGTAATGACTAG,0
ATAATGTAGATAGATG,0
ATAATGTGAATCTTTC,0
ATAATGTGACTGGATA,0
ATAATTAAATTTATCG,0
ATAATTAAGCAACCGT,0
ATAATTAATACACGTC,0
ATAATTACGTATAGCT,0
ATAATTAGAACAAGCG,0
ATAATTATAATGACCA,0
ATAATTATCGCACTCA,0
ATAATTATGAACTATT,0
ATAATTATTTAAATAC,0
ATAATTCACAGTAAAA,0
ATAATTCCTTCGTGCT,0
ATAATTCGGCATGGGT,0
ATAATTCTAAGACTCG,0
ATAATTGCAGTATGAG,0
ATAATTGCGTTATGTC,0
ATAATTGTACCGAGAA,0
ATAATTGTTCTAATTT,0
ATAATTTATGCAACAC,0
ATAATTTCCTGCAATA,0
ATAATTTGGAGTATCA,0
ATACAAAAACAGAATT,0
ATACAAAAAGGATTAG,0
ATACAAACAACCGGGT,0
ATACAAACACGATTCT,0
ATACAAACAGACCCCA,0
ATACAAACAGTCTAAT,0
ATACAAACATAAAGAA,0
ATACAAACTTTAGATG,0
ATACAAAGATGGATGG,0
ATACAAAGGATTAGAT,0
ATACAAAGTACAAAAT,0
ATACAAAGTTTGATAA,0
ATACAAATTCTCCGGT,0
ATACAACACTGGAGTA,0
ATACAACAGACAACAC,0
ATACAACATATCACAG,0
ATACAACCTTTCTTTA,0
ATACAAGAAATGCAAC,0
ATACAAGAAGGCAATT,0
ATACAAGGAGGAGTTA,0
ATACAAGGTAGTTCGA,0
ATACAAGGTTGAAGGA,0
ATACAAGTCCAAAGCT,0
ATACAATAATGAATTT,0
ATACAATACAGTATTC,0
ATACAATACCCACGAT,0
ATACAATACTCCTAAA,0
ATACAATCAAATAAAT,0
ATACAATGAAGGAAGG,0
ATACAATGATATTGCA,0
ATACAATGGAAAAATG,0
ATACAATTACACGTCC,0
ATACAATTATGAAGGG,0
ATACACAAGCCCAAGC,0
ATACACACTCGGTAAC,0
ATACACACTGGGTGCG,0
ATACACATCGCGTATT,0
ATACACCCCGGTTCTG,0
ATACACCCTTTGCAGA,0
ATACACCGCTACATAG,0
ATACACCTCCATAGGC,0
ATACACGTTTTGAGCG,0
ATACACTAAAAATAAA,0
ATACACTCCGTCCTTT,0
ATACACTTAGAGAAAA,0
ATACAGAACCGCAAGG,0
ATACAGAAGCAAATCA,0
ATACAGACTCGCATGC,0
ATACAGACTTTATGGG,0
ATACAGATGCACTTAG,0
ATACAGATTAATACCG,0
ATACAGCGGCATGCCG,0
ATACAGCGGCCATAAG,0
ATACAGCGTTTCTCTT,0
ATACAGGCCCCTCCAC,0
ATACAGGTGCCGTAAG,0
ATACAGTAATCAGATA,0
ATACAGTTAGGTGGAA,0
ATACATAACGAATCAA,0
ATACATAAGAATTATA,0
ATACATACAGTCAGAC,0
ATACATACCTTATGCC,0
ATACATACTAAAACCA,0
ATACATAGCCGGGTTA,0
ATACATAGCTAGTCAG,0
ATACATAGGGCTAACG,0
ATACATATTAGCTTTA,0
ATACATCCTAATGTGA,0
ATACATCTCAAATGTA,0
ATACATCTTTACCTAT,0
ATACATGATCGAATCG,0
ATACATGATTCAACTC,0
ATACATTAAAAATTAA,0
ATACATTAGAGTATCA,0
ATACATTATCTCGATC,0
ATACATTGACGAGCAA,0
ATACATTGATGGTATT,0
ATACATTGTGGACGGC,0
ATACATTTTACAGCGA,0
ATACCAAAACGTTCAC,0
ATACCAAAATTAGAAT,0
ATACCAAGCTGTAAGA,0
ATACCACAAAATACTT,0
ATACCACGGTGCTTAG,0
ATACCAGAAGAAAGAT,0
ATACCAGAATTCAAAA,0
ATACCAGCAGATTGTA,0
ATACCATCTAACAATT,0
ATACCATCTGCTCGGA,0
ATACCATCTTCTTAGC,0
ATACCATCTTTTTTGC,0
ATACCATGAATAGCAA,0
ATACCATTCAGATTGT,0
ATACCATTGCTAAAAC,0
ATACCCAAAATACGAT,0
ATACCCAAAGTAAGCA,0
ATACCCACTCAACTTA,0
ATACCCAGGGCAGATG,0
ATACCCCGAGCCCAAA,0
ATACCCCGCAGATATG,0
ATACCCCTTGAGAGTA,0
ATACCCGGGTCCGGGC,0
ATACCGAGCTCACAAA,0
ATACCGAGGCCCAGTC,0
ATACCGAGTCATCCGG,0
ATACCGCAAAATCTTT,0
ATACCGGTCAGATAAG,0
ATACCGTAATTCTCAC,0
ATACCGTAGCGACACC,0
ATACCGTCAGAACATA,0
ATACCGTGGTAACCAC,0
ATACCGTTAGTAGGGA,0
ATACCTAACGAGTTAC,0
ATACCTAAGTACAAAT,0
ATACCTAATACGTAGG,0
ATACCTACCGCAACAC,0
ATACCTAGAATTGACA,0
ATACCTAGTCATTAAG,0
ATACCTAGTTTATAAA,0
ATACCTCAAGATGCCG,0
ATACCTCAGAGACGGG,0
ATACCTCCCGACAAGT,0
ATACCTGAGCTTAATT,0
ATACCTGCTATCCTGG,0
ATACCTGGAAACTATC,0
ATACCTGGGAATAAAT,0
ATACCTTAATTCTTCC,0
ATACCTTCACATAACA,0
ATACCTTCGACTTGCG,0
ATACGAAAACCACCAC,0
ATACGAAACACTCAAG,0
ATACGAAACGATATTT,0
ATACGAACGGTCTTGG,0
ATACGAAGACGAAAAT,0
ATACGAAGTGAGGCAC,0
ATACGACATATTAAAG,0
ATACGACCCTGAACAA,0
ATACGACCTGCATAAG,0
ATACGAGAAAAGATAA,0
ATACGAGATAGTCCGC,0
ATACGAGCGACTCTCC,0
ATACGATATATCAACA,0
ATACGATCCCTCCCGA,0
ATACGATTCATCAGTT,0
ATACGCAAAAGTGCTT,0
ATACGCACTCTGTAAA,0
ATACGCAGATCTAACG,0
ATACGCCCTCTTTAAA,0
ATACGCGCCGTTGTAG,0
ATACGCGGTATAGAAT,0
ATACGCTTCGACGCTG,0
ATACGGACCATCGCAG,0
ATACGGACGAAAGGCA,0
ATACGGACTTCAGACG,0
ATACGGGTAAAAGCCA,0
ATACGGTAGTTTTTTA,0
ATACGGTGGGCGTATG,0
ATACGTAAAAACTACT,0
ATACGTCCATTCGGGA,0
ATACGTGGAATCCACG,0
ATACGTTAATACCTCC,0
ATACGTTCAGAGAAAA,0
ATACGTTTCGCTTTGT,0
ATACTAAAAGAGAAAT,0
ATACTAACAATATAGT,0
ATACTAACCCGATCGG,0
ATACTAAGACTCTATC,0
ATACTAATAAGTATCC,0
ATACTAATAATCAAAT,0
ATACTAATTGCTTTAT,0
ATACTACATAAAGAAT,0
ATACTACATCCAGTCA,0
ATACTACATGATGCAC,0
ATACTACATTTTGAAA,0
ATACTACCAGCTCACT,0
ATACTACCCAACTAAG,0
ATACTACTACGCCCAG,0
ATACTAGGATGAGTTA,0
ATACTAGGTACCATAC,0
ATACTAGTAGCACCCT,0
ATACTATAATGGACAG,0
ATACTATACGTACCAC,0
ATACTATATAAAGATG,0
ATACTATCATATTGAG,0
ATACTATCGGAATTTT,0
ATACTATGATAACTCT,0
ATACTATGCTAAAGTG,0
ATACTATTAAAAAAAG,0
ATACTATTTTGAACAA,0
ATACTCAGCTTATCGT,0
ATACTCATAACGAAAT,0
ATACTCATATATGGAA,0
ATACTCATGATTAAAT,0
ATACTCCAATGATTAA,0
ATACTCCATCAAAACC,0
ATACTCCCTCAATCGA,0
ATACTCCTAAAGGTAG,0
ATACTCCTCTAAATAA,0
ATACTCCTCTTGATTG,0
ATACTCGACACGTAGC,0
ATACTCGTAAGAAATC,0
ATACTCTAAGATTGAG,0
ATACTCTATAAAGATT,0
ATACTCTCATAATGCT,0
ATACTCTGACGAGGAG,0
ATACTGAAAACAACAA,0
ATACTGAACAATAGTC,0
ATACTGAACCCACCGC,0
ATACTGAGACACCAAT,0
ATACTGAGCCAAGCAC,0
ATACTGATTTTAAAAC,0
ATACTGCAACACTAGG,0
ATACTGCATGTCTATA,0
ATACTGGAATAAGCGC,0
ATACTGGACGGCTCGA,0
ATACTGTAACTAACGG,0
ATACTGTACAAGAATA,0
ATACTGTATTGACACA,0
ATACTTAATCATAGAA,0
ATACTTAGGAGGAGGT,0
ATACTTAGGTAAATGG,0
ATACTTAGTGCCCAAT,0
ATACTTAGTTCCTATG,0
ATACTTATAGCCCACG,0
ATACTTCACCGAAACG,0
ATACTTCTAGACTCGC,0
ATACTTCTCAAACTCA,0
ATACTTGGTCCAACGC,0
ATACTTGGTTAGGAAT,0
ATACTTGTTAAAATTT,0
ATACTTGTTAAGCAGA,0
ATACTTTGGGACTCTC,0
ATACTTTTATACAATG,0
ATACTTTTGGAAATAA,0
ATACTTTTTCCAAAAG,0
ATAGAAAAATCACAGT,0
ATAGAAAACATGAACC,0
ATAGAAAAGACAACCG,0
ATAGAAAATCTGATCT,0
ATAGAAAATGCTGGTC,0
ATAGAAAATGTCTCCG,0
ATAGAAACACACTGCA,0
ATAGAAACCATTAGTA,0
ATAGAAACGCATTTGT,0
ATAGAAACTCTGAACT,0
ATAGAAACTGTTCCCT,0
ATAGAAAGTGATCCTC,0
ATAGAAATAACGGAAA,0
ATAGAAATGGTAAAAA,0
ATAGAACATAAAGACG,0
ATAGAACCGTTACGGA,0
ATAGAAGAGTAGTCTA,0
ATAGAATAATAGCATG,0
ATAGAATAGGAATCTT,0
ATAGAATAGGCATGAG,0
ATAGAATCAGGTCTCC,0
ATAGAATCTAGATGTC,0
ATAGAATGCAGAACGA,0
ATAGAATGCCACATAA,0
ATAGAATTTATCAGGA,0
ATAGAATTTATTCATA,0
ATAGACAACATCAATA,0
ATAGACAACTAGTTTA,0
ATAGACACAAATGACC,0
ATAGACACACCTACTA,0
ATAGACACATTACCAG,0
ATAGACATCTGTTTAG,0
ATAGACCGAAATCGAA,0
ATAGACCTCTAGCACA,0
ATAGACCTGAACGCAC,0
ATAGACGAAACTTCGC,0
ATAGACGTGGAACCGA,0
ATAGACTAAACCTCAT,0
ATAGACTACGGGATGT,0
ATAGACTCGCACCATA,0
ATAGACTTCGCAAAAG,0
ATAGAGAAAATAATAT,0
ATAGAGACTCTTCTGA,0
ATAGAGATAGTCTAAT,0
ATAGAGCGAGGGAAAT,0
ATAGAGCGAGTAGAAT,0
ATAGAGCGCTGCAAAA,0
ATAGAGCTCATGACGC,0
ATAGAGGCGTACTGAA,0
ATAGAGGTTTGGATTT,0
ATAGAGTACACCATAA,0
ATAGAGTCTGATTGCA,0
ATAGAGTCTTAAATCC,0
ATAGAGTGAAGGAACA,0
ATAGAGTGGACCAACA,0
ATAGAGTTATTTTATT,0
ATAGATAACGATGAGG,0
ATAGATACAACAGCGT,0
ATAGATACCACATGCT,0
ATAGATATCTATGAGC,0
ATAGATATGGTTGTTG,0
ATAGATATTAAGACAC,0
ATAGATCACTCGGACC,0
ATAGATCATCACGCAA,0
ATAGATCGAAAAACGT,0
ATAGATCGTCTGAAGT,0
ATAGATCTGCGATGTA,0
ATAGATCTTAGGTGAT,0
ATAGATGACGGGGTGC,0
ATAGATGAGATTTTTA,0
ATAGATGGTTGACTAC,0
ATAGATTGGCCCAAAG,0
ATAGCAAAGTCTCATT,0
ATAGCAACAAACCTTC,0
ATAGCAAGGAATGGGT,0
ATAGCACCCAATAGCA,0
ATAGCACGCTAATTTA,0
ATAGCACGTTGATGAA,0
ATAGCAGGCCCAGAAA,0
ATAGCATCAATGTTAT,0
ATAGCATTATTGACCA,0
ATAGCCACGTTAGAAT,0
ATAGCCAGACAAAGTA,0
ATAGCCATCTTAACCA,0
ATAGCCCAGAGCCGAG,0
ATAGCCCTTCGCGGTC,0
ATAGCCGACCTATAAT,0
ATAGCCTACGGACAAA,0
ATAGCCTGGTCAATGA,0
ATAGCCTTCAGAAAAT,0
ATAGCCTTTAAAACAA,0
ATAGCGAAGTGTGCAT,0
ATAGCGAGGCAGGTAA,0
ATAGCGCCCTCGTGTC,0
ATAGCGTATATTTACC,0
ATAGCGTCCTCGAAAC,0
ATAGCGTCTCTACCCA,0
ATAGCGTGAATGACGC,0
ATAGCGTGCATCATCA,0
ATAGCTAACAAAAAAC,0
ATAGCTCATCGATCTA,0
ATAGCTGTTGCAACAG,0
ATAGCTTACGAGCGAA,0
ATAGCTTCTCTGTATA,0
ATAGCTTGAACTGGCG,0
ATAGGAAACAACTGTG,0
ATAGGAACAAAGTATC,0
ATAGGAACCCTCCTAC,0
ATAGGAACTAATAAAT,0
ATAGGCCAGATATATC,0
ATAGGCCAGGACACGG,0
ATAGGCCAGTTAATGT,0
ATAGGCCCCCTTTTCC,0
ATAGGCCGAAAATGTC,0
ATAGGCGCCCTACGTC,0
ATAGGCTAAATCACTT,0
ATAGGGCACGGGTGAT,0
ATAGGGCTGCAAAATA,0
ATAGGGGTGAGCAATT,0
ATAGGGTTAGGCTTTC,0
ATAGGTATAATACATG,0
ATAGGTATGTTCTATT,0
ATAGGTCACATAGGAC,0
ATAGGTCACGGCAGGC,0
ATAGGTCCGAGGGACT,0
ATAGGTCGCTACGTCA,0
ATAGGTGCTACCCCTA,0
ATAGGTTAGAAGCAAT,0
ATAGGTTATCCCGGGG,0
ATAGTAAAATGAGTCA,0
ATAGTAAACCTCGGTC,0
ATAGTAACCTATGGCC,0
ATAGTAACTAAAAATC,0
ATAGTAAGATAGATAC,0
ATAGTAATAAAATTTT,0
ATAGTACCTAACTAGG,0
ATAGTACGTTTAGTCG,0
ATAGTACTTCTCGAGT,0
ATAGTACTTTTCGATC,0
ATAGTAGAAAAACTAG,0
ATAGTAGCAAAACACT,0
ATAGTAGTAATCGCAA,0
ATAGTAGTGTAAACAC,0
ATAGTATACTACTGCA,0
ATAGTATAGGCAGTTA,0
ATAGTATATTTCCACT,0
ATAGTATGAGGACACC,0
ATAGTATGGTATGCCA,0
ATAGTATTAAACACCA,0
ATAGTATTAAGAAACG,0
ATAGTCAAAGGGTGCT,0
ATAGTCAAAGTTACAG,0
ATAGTCACTCCGGAGC,0
ATAGTCCGTGCGAGGA,0
ATAGTCGAAAAAAACT,0
ATAGTCGTATACCGTA,0
ATAGTCTCACCTAATT,0
ATAGTCTCACTTCTCC,0
ATAGTGACATATATGC,0
ATAGTGATCAGACGAC,0
ATAGTGCCTGAGGCCA,0
ATAGTGCTAGCTAAAA,0
ATAGTGCTCCATCCTT,0
ATAGTGGAAACCAGAG,0
ATAGTGTACGTACCAT,0
ATAGTGTCGTCACATT,0
ATAGTGTCTCGCCATT,0
ATAGTGTGATCTGCCC,0
ATAGTGTGGGACAACC,0
ATAGTGTTTCATTGCG,0
ATAGTTAAAATTGTTA,0
ATAGTTAAACAGTTTA,0
ATAGTTAGAGAGGCCT,0
ATAGTTAGATAAACAA,0
ATAGTTCTTTATAGCC,0
ATAGTTGATAGACTAT,0
ATAGTTTACTTGTGAA,0
ATAGTTTGACATCACG,0
ATATAAAAAACTGAAG,0
ATATAAAAAAGACTCA,0
ATATAAAAGAAGTAAC,0
ATATAAAATAATCCAC,0
ATATAAAATTCGCAGA,0
ATATAAACACAAATAA,0
ATATAAACATATGAAG,0
ATATAAACGCGAATGG,0
ATATAAACGGAGTAAA,0
ATATAAACTGGTTTTC,0
ATATAAACTTGTATGT,0
ATATAAAGGACTGAAG,0
ATATAAAGTGCAACAG,0
ATATAAATAAAGCCTA,0
ATATAAATACTGAGGA,0
ATATAAATAGCAAAAT,0
ATATAACAACGAACCT,0
ATATAACCATATAACA,0
ATATAACGAAAACGAA,0
ATATAACGAGAACACT,0
ATATAACGCCCTCCAT,0
ATATAACGCGTCTCTG,0
ATATAACTAAAAATTC,0
ATATAAGAATGTTCGC,0
ATATAAGATATACAAA,0
ATATAAGGAGGGCACG,0
ATATAAGGGCTAAACA,0
ATATAAGGTGCCCATC,0
ATATAAGTACAACACT,0
ATATAAGTGATCTCTA,0
ATATAATCATACCTAA,0
ATATAATCCAAATAAT,0
ATATAATCCCTATGGA,0
ATATAATGAAAATAAA,0
ATATAATTAACAACTG,0
ATATACAAAATTAAAA,0
ATATACAAGTTTACTA,0
ATATACAATCAACCCT,0
ATATACACAAATAATT,0
ATATACACGTCCCCCA,0
ATATACATCCTGAATA,0
ATATACCGACGAAAAC,0
ATATACCGTGAGCTTA,0
ATATACCTAGGCCACA,0
ATATACCTATTCTAAC,0
ATATACCTCCTAAATA,0
ATATACGAAGATATCG,0
ATATACGAGCATGGCA,0
ATATACGATTCCCCAA,0
ATATACGCCCTATACC,0
ATATACGCCTGCGAAA,0
ATATACTATAAGACGT,0
ATATACTGTTGGCCCC,0
ATATAGAATTGTTGGT,0
ATATAGACATTGAGAG,0
ATATAGAGGTTAATAC,0
ATATAGAGTTGTTGAA,0
ATATAGATGCCACGTA,0
ATATAGATGGGAAACA,0
ATATAGCTAAGAGTTT,0
ATATAGCTGGAGAAGG,0
ATATAGCTGTTCATGT,0
ATATAGTCGCGGGGGA,0
ATATAGTTCTCAGCAA,0
ATATATAACATTTTAG,0
ATATATAAGTGTGCCT,0
ATATATAATCATGGAC,0
ATATATACGCACCTCC,0
ATATATATTAATATCA,0
ATATATCAGTGCCAAA,0
ATATATCCATTTGTAC,0
ATATATCCTAATGCTA,0
ATATATCTATCCACAT,0
ATATATGAAAAAATTA,0
ATATATGACCAGACGA,0
ATATATGACCAGTAGA,0
ATATATGAGTTACCTG,0
ATATATGTCCCGGGCC,0
ATATATTAGGAAATTT,0
ATATATTAGGAACACT,0
ATATATTGTCGGGTTC,0
ATATATTTTTGCCTAC,0
ATATCAAAACTGTCCA,0
ATATCAAAGATATCAC,0
ATATCAACAACACTAG,0
ATATCAACTAACAGAG,0
ATATCACGACTAACCA,0
ATATCACTGGCTAATA,0
ATATCAGATGAACAAT,0
ATATCAGCTCCGTCAA,0
ATATCAGGCATTCATG,0
ATATCAGGTTCCCTCA,0
ATATCAGTAACGCTAA,0
ATATCATATGTGACGC,0
ATATCATCTCTCATTT,0
ATATCATTATGAACTG,0
ATATCATTCTGAGGTT,0
ATATCCAAATTGCCTA,0
ATATCCAATTTTCAAT,0
ATATCCACAATACACC,0
ATATCCACACACACAC,0
ATATCCATTTAGGCTT,0
ATATCCCAATGGCCGC,0
ATATCCCCTACACACT,0
ATATCCCGTGTCAACA,0
ATATCCCTCTGAGCCC,0
ATATCCCTGAGCCCTA,0
ATATCCCTGCCTACCG,0
ATATCCTATGATATAG,0
ATATCCTCAAATAGGT,0
ATATCCTGCCAACTAA,0
ATATCCTGTGCTTTTT,0
ATATCCTTCTATTGAA,0
ATATCGAAAAGAACCA,0
ATATCGAACAGACGGT,0
ATATCGAATGAAAATA,0
ATATCGACGAAGGAAA,0
ATATCGAGTACACCAA,0
ATATCGCTTTGAGAGC,0
ATATCGGCGCGAAAAA,0
ATATCGGTCCTTTGGA,0
ATATCGTAGACCATTA,0
ATATCTAATGAAATAT,0
ATATCTATAACAAAGC,0
ATATCTATTTAGAGTT,0
ATATCTCCTATCCGAA,0
ATATCTCCTGATTAAA,0
ATATCTCGAAGTCCCA,0
ATATCTGAACAAAACT,0
ATATCTGAGTCTTAGA,0
ATATCTGGAATAGCCA,0
ATATCTTGAAACGAGG,0
ATATCTTGAGTCTTTC,0
ATATGAAAATGTGCCA,0
ATATGAAACTTTACTA,0
ATATGAACAAGTCATC,0
ATATGAACATTCATTA,0
ATATGAAGCGATTGCC,0
ATATGAATGCCTACTT,0
ATATGAATGGAGGGGG,0
ATATGACAACAGTAAA,0
ATATGACAGGACAAAA,0
ATATGACTGAAGAATG,0
ATATGAGAGTGGTGAT,0
ATATGAGTTCCTGGGG,0
ATATGATCAGGAGTGA,0
ATATGATCCAAGCGTT,0
ATATGATTAGGACCAC,0
ATATGCAAAAGTGAAT,0
ATATGCAAGTAACACC,0
ATATGCATAGTCTCCA,0
ATATGCATATTCACAA,0
ATATGCCACAATTATC,0
ATATGCCTATACCAAT,0
ATATGCGCACCAAACT,0
ATATGCGCAGGCTGGA,0
ATATGCTAGGCACATC,0
ATATGCTCGAACACAG,0
ATATGCTTATCCTTAT,0
ATATGCTTATGACGTA,0
ATATGGAATTATGCAA,0
ATATGGACTCGTGCCT,0
ATATGGAGGAAGATTT,0
ATATGGCGTTGAGACC,0
ATATGGGAACGTGAGC,0
ATATGGGTAAAATATC,0
ATATGGGTACATGTGA,0
ATATGGTCATGGGACG,0
ATATGGTGAATATATG,0
ATATGTAAATTTCAGG,0
ATATGTACCTCGGATG,0
ATATGTAGACAACTAA,0
ATATGTCACTAATCCT,0
ATATGTCCACAGAAAA,0
ATATGTCTTCAGTTAC,0
ATATGTGAAAAATGTA,0
ATATGTGAGAACTAAG,0
ATATGTGGTCCCGAAA,0
ATATGTGTAAGACAGC,0
ATATGTTAATACAAGC,0
ATATGTTTGGGGACCT,0
ATATTAAAAATTATAA,0
ATATTAACTAAGTCTA,0
ATATTAACTTGTTATG,0
ATATTAAGTACTTCAG,0
ATATTACACCTGGACC,0
ATATTACACGGAACTA,0
ATATTACACTCTCCCA,0
ATATTACCATTCCCAT,0
ATATTACGCCCATCAG,0
ATATTACTATACATCA,0
ATATTACTCCGAGTTT,0
ATATTACTGGAGAGTG,0
ATATTAGAAAAATAAA,0
ATATTAGCCAGCTAAA,0
ATATTATAACCGTATA,0
ATATTATAGCTCGCTA,0
ATATTATCCACGAATA,0
ATATTATGGTAGACTT,0
ATATTATTACTATGGC,0
ATATTATTCACCTTGA,0
ATATTCAAAGGAAATC,0
ATATTCAACGCCTGCG,0
ATATTCAAGCATGCAT,0
ATATTCACAGAGCGGT,0
ATATTCAGGACACAGC,0
ATATTCAGTGGATTAC,0
ATATTCATTGTGAACT,0
ATATTCATTTCGATTA,0
ATATTCCAAAATTGCT,0
ATATTCCAATATAGCC,0
ATATTCCATGTATAAC,0
ATATTCCGCACGCGGA,0
ATATTCCGTTACCGTC,0
ATATTCTAAACAATCC,0
ATATTCTAAATTTCAC,0
ATATTCTCCTTCAAGC,0
ATATTCTGGTACAAAG,0
ATATTCTTAGCCCCGT,0
ATATTCTTCCATTGTT,0
ATATTCTTCGTTAGGC,0
ATATTCTTGTGAAGAA,0
ATATTGAGATAATCAG,0
ATATTGATACGAACAT,0
ATATTGATCATCTAAT,0
ATATTGCACTGCCACT,0
ATATTGCCACCATTGT,0
ATATTGCGTTGCAGAG,0
ATATTGCTAAAGATAC,0
ATATTGGCAAAAATAG,0
ATATTGGTATCCTCTG,0
ATATTGGTGTTTAATT,0
ATATTGTAATAGGAGA,0
ATATTGTATATAACTG,0
ATATTGTGTCATTAAT,0
ATATTGTTATGAGAAC,0
ATATTTAACTTCGTAC,0
ATATTTACCAAAACTG,0
ATATTTACGAACCATT,0
ATATTTACGTGGTTAT,0
ATATTTACTGTTATTA,0
ATATTTAGAAGAGCGT,0
ATATTTATTCGATCAG,0
ATATTTCACAAGGCTG,0
ATATTTCAGACCATAT,0
ATATTTCCCCTTTGTG,0
ATATTTCTGTAACGCA,0
ATATTTCTGTTTCATC,0
ATATTTGAGAATACTC,0
ATATTTGCAACTTACA,0
ATATTTGGAGTACTCA,0
ATATTTTTATAACCGA,0
ATCAAAAAACTATCCA,0
ATCAAAAAATAGGTTG,0
ATCAAAAAATGCCAAC,0
ATCAAAAACAGGTTGT,0
ATCAAAAATACCATAG,0
ATCAAAAATCTGATCA,0
ATCAAAAATTAGGTTG,0
ATCAAAACACATGCCG,0
ATCAAAACAGATACGT,0
ATCAAAACCATAATGC,0
ATCAAAACTAATCCAT,0
ATCAAAAGACAAAATT,0
ATCAAAAGATTTAATA,0
ATCAAAATCAGACAAC,0
ATCAAACAAGACACAG,0
ATCAAACAGGCAAGGT,0
ATCAAACCATCAAAAT,0
ATCAAACCCTGCAAAC,0
ATCAAACGATGACAGG,0
ATCAAACGCGCCTACA,0
ATCAAACTCAATGGAA,0
ATCAAAGACGACGGAT,0
ATCAAAGCACAGCAGC,0
ATCAAAGCCAGGAAAT,0
ATCAAATACTAACAAA,0
ATCAAATCAAAAAATC,0
ATCAAATGGGAGGAAA,0
ATCAAATTCTAAGAGA,0
ATCAACAACACCCATT,0
ATCAACACCATAGCAT,0
ATCAACACGCTCTTTG,0
ATCAACAGACATACAA,0
ATCAACATAGAACGAA,0
ATCAACCAACGTGAGG,0
ATCAACCAAGACACCT,0
ATCAACCAGGCCACTA,0
ATCAACCCCAAGGGGA,0
ATCAACCCTAGCATTT,0
ATCAACGCAAATCGGA,0
ATCAACGGGCACGAAG,0
ATCAACTCATGAACAA,0
ATCAAGACGTTACCGT,0
ATCAAGCTTCAAAACG,0
ATCAAGGGAACACTTA,0
ATCAAGGTAACTCAGC,0
ATCAAGTCAAATGCAG,0
ATCAATAAACCGATCT,0
ATCAATAAACGGTCGG,0
ATCAATAAGGTAGGGC,0
ATCAATATATCACACA,0
ATCAATCAATGGAACA,0
ATCAATCCTATCATTC,0
ATCAATCGTTTAGCCG,0
ATCAATCTAAAGCCAT,0
ATCAATCTTCTCAAAG,0
ATCAATGAGGGCTTCC,0
ATCAATGATAAGCTTA,0
ATCAATGTCAAGGTAT,0
ATCAATTAGAACCATT,0
ATCAATTGGACCCGGA,0
ATCACAAATGATCTTA,0
ATCACAACCTCCGAAG,0
ATCACAAGCTTAAGAC,0
ATCACAATTGTAAAAG,0
ATCACACACGATGAAC,0
ATCACACAGGATGTCG,0
ATCACAGCACATGCGG,0
ATCACAGCACGGGAAT,0
ATCACATAAAGGAATA,0
ATCACATATCTCTGTC,0
ATCACATATTGCAAAC,0
ATCACATGATAATAAT,0
ATCACATTAAATCCAC,0
ATCACATTGCGATCCC,0
ATCACCAATTGGTAAT,0
ATCACCACCTGCATCA,0
ATCACCAGAAATTAAT,0
ATCACCCATATTAAAA,0
ATCACCCTAGATGCGA,0
ATCACCGGATCATATT,0
ATCACCTTACCTCGTG,0
ATCACCTTATTTGACA,0
ATCACCTTTCATATTA,0
ATCACGAATTATTGCA,0
ATCACGACACAAACAA,0
ATCACGACGATTGGGC,0
ATCACGACTAGATTAC,0
ATCACGCTCGCAGCCG,0
ATCACGGAAAATATCA,0
ATCACGGAGTTCAAAG,0
ATCACGTAACCGAAAC,0
ATCACGTGAAACACAC,0
ATCACGTGAACTACCG,0
ATCACTACCCACACAA,0
ATCACTACGTGATCGA,0
ATCACTAGTACTAGTA,0
ATCACTAGTCAGTCCA,0
ATCACTAGTTGTGTGC,0
ATCACTATTGCAACCA,0
ATCACTGAATTATGTT,0
ATCACTGTGAACTCAT,0
ATCACTTGAACATAGA,0
ATCAGAAACTAATTCT,0
ATCAGAACCTAGCCAT,0
ATCAGAACTTACAGTT,0
ATCAGAATTCCTACAA,0
ATCAGAATTTGACAAT,0
ATCAGACCAAACGAAT,0
ATCAGAGATAAACCAT,0
ATCAGAGGCTCCGTGT,0
ATCAGATGAAACTTTA,0
ATCAGCAATTTGATGT,0
ATCAGCACAACCGATA,0
ATCAGCACCGCATCAT,0
ATCAGCAGCTTAAGAA,0
ATCAGCTTCCGTCCAT,0
ATCAGGCGCCAATATC,0
ATCAGGGTTCATTAGA,0
ATCAGTATATTACTAA,0
ATCAGTATTATTATTG,0
ATCAGTCAAAGTCGAC,0
ATCAGTCACGGATGCA,0
ATCAGTCAGCAAACAG,0
ATCAGTCCACCTAATC,0
ATCAGTCCCAAATAAT,0
ATCAGTGAGAATGTGT,0
ATCATAAAAATACCTG,0
ATCATAAACCTATTAT,0
ATCATAAATATCTTTC,0
ATCATAACATTTATGA,0
ATCATAAGCCGTCATA,0
ATCATAAGTGCCGCTA,0
ATCATAATTATCTAAT,0
ATCATACATATGGGCG,0
ATCATACCAACTAGAT,0
ATCATACCCAATTTAA,0
ATCATACGCCGAACGA,0
ATCATACGTTCTCCCA,0
ATCATAGAGGAAAAGC,0
ATCATAGATTCACAAA,0
ATCATAGGGTGACCAA,0
ATCATATAATCACCCC,0
ATCATATACAAAAGAG,0
ATCATATAGGAATCAC,0
ATCATATCAATATCAT,0
ATCATATGGAGAAAGC,0
ATCATATTTAGTTCCT,0
ATCATCAAAACAACCC,0
ATCATCAATTTTGATT,0
ATCATCATGAACGATC,0
ATCATCCCGATCTATA,0
ATCATCTAATAAACAT,0
ATCATGACAAAGATTA,0
ATCATGAGCCAAGCCT,0
ATCATGATCTTATAAT,0
ATCATGCCACTAATGT,0
ATCATGCCGAACTGTA,0
ATCATGCGGCAACTCT,0
ATCATGGATATGCCAT,0
ATCATGGATCCCTTTT,0
ATCATGGGCGAACAAT,0
ATCATGGTGGACTAAT,0
ATCATGTAAGTATAGA,0
ATCATTACTGAGGTAG,0
ATCATTATGCCGGTAC,0
ATCATTCAGTTCACAC,0
ATCATTCCCGAAAGGT,0
ATCATTCGGCACCACG,0
ATCATTCTAATTAAAA,0
ATCATTCTTACTATAG,0
ATCATTTCATCTTACA,0
ATCCAAAAAAATGAAG,0
ATCCAAAAACAATAAA,0
ATCCAAAATAGTACGA,0
ATCCAAACATCACTTT,0
ATCCAAACTAAGTAAT,0
ATCCAAACTATGGAGA,0
ATCCAAAGTAACAACA,0
ATCCAAATCATCAAGC,0
ATCCAAATGACCTACC,0
ATCCAACACTAAGAAA,0
ATCCAACCAAGATCAT,0
ATCCAACGATCATCCA,0
ATCCAACGTACGATAA,0
ATCCAACTACTGTAAA,0
ATCCAAGAAAGTCCTG,0
ATCCAAGAAATTACAA,0
ATCCAAGAACGCACCT,0
ATCCAAGAGTAGATTC,0
ATCCAAGATTCACATA,0
ATCCAAGCAAAATTGG,0
ATCCAAGCCCAAAACC,0
ATCCAAGCCCTCTCTA,0
ATCCAAGTGACCGCCG,0
ATCCAATATGAATACA,0
ATCCAATCAAAACCCA,0
ATCCAATCATAAAACA,0
ATCCAATGAAGACAGG,0
ATCCAATGAAGATCAA,0
ATCCAATGCAAACTCG,0
ATCCAATGCGACCATC,0
ATCCACAATTTATAGA,0
ATCCACCAATCAGCTA,0
ATCCACCTATAAAGCC,0
ATCCACGTTCACGCCA,0
ATCCAGAACAAAATGA,0
ATCCAGAAGACTAAAT,0
ATCCAGAAGCTTACTA,0
ATCCAGAATAATACTT,0
ATCCAGATGCTTGAGT,0
ATCCAGGACGATGCAA,0
ATCCAGGACGATGCAT,0
ATCCAGGATTAAAAAC,0
ATCCAGGTAACACTAC,0
ATCCAGTATTATTAAT,0
ATCCAGTTACCCATTT,0
ATCCAGTTGCACATAA,0
ATCCATAAATTCCTTT,0
ATCCATACCCAGTCCG,0
ATCCATCAAAAGAAGC,0
ATCCATGCACTTGATG,0
ATCCATGTTTCGCACA,0
ATCCCAAAATGAGGGA,0
ATCCCAATAAAATACG,0
ATCCCAATCAAAGGAG,0
ATCCCAATTGTTGATA,0
ATCCCACACCATCCAA,0
ATCCCAGCGCAAGACG,0
ATCCCAGCTACTATGC,0
ATCCCAGCTTACGCTA,0
ATCCCCAAGACCATCT,0
ATCCCCAATTAAAACA,0
ATCCCCAGCCAGAGGA,0
ATCCCCCGGACAGTAC,0
ATCCCCCGGGATCACC,0
ATCCCCGGAACCACAT,0
ATCCCCTAAATAACCT,0
ATCCCGAAATGATTCA,0
ATCCCGACGATATGCA,0
ATCCCGAGTACGATGT,0
ATCCCGATACGATCGC,0
ATCCCGCGTAGATACA,0
ATCCCTACATGGATAG,0
ATCCCTAGACCTATCG,0
ATCCCTCAATTTAACT,0
ATCCCTCCTCCCCGAA,0
ATCCCTGAATTAACAC,0
ATCCCTGATAACGGCT,0
ATCCCTGCCCTACGAT,0
ATCCCTTAAAAAATGC,0
ATCCCTTCTCTAACAA,0
ATCCCTTGTCATCACT,0
ATCCGAAAAGTGGTAC,0
ATCCGAAACCGGGTAC,0
ATCCGAAATTAGCGAA,0
ATCCGAATGAACACGT,0
ATCCGAGAAAACATTG,0
ATCCGAGACGTTAAGA,0
ATCCGAGTCGGGGTAA,0
ATCCGATGCACAGATT,0
ATCCGCAACGGCGCTA,0
ATCCGCAAGTAGAAAA,0
ATCCGCAATACTGTAG,0
ATCCGCAATGAGTAAA,0
ATCCGCAGGCCATGCA,0
ATCCGCGGCAGTACTT,0
ATCCGCTCACGATTCG,0
ATCCGGAACAAAAATA,0
ATCCGGACTTTAACAA,0
ATCCGGAGAATCGATC,0
ATCCGGCAGGATATAC,0
ATCCGGTTTGATTACT,0
ATCCGTAAATAATTAG,0
ATCCGTACATTCTTAA,0
ATCCGTCCTATATGCA,0
ATCCGTGGATAAACTT,0
ATCCGTTATTGCTTGC,0
ATCCGTTCGAAAATAG,0
ATCCTAAAACGGTCAC,0
ATCCTAAAGAAACTAA,0
ATCCTACAATGAAATA,0
ATCCTACACCGAGGAG,0
ATCCTACCAATAGAAT,0
ATCCTACCGATCACTA,0
ATCCTAGAATGAATTG,0
ATCCTATCTATTAAGG,0
ATCCTATTATAAGACC,0
ATCCTCAAAGGGTAAA,0
ATCCTCAACTTAGCCA,0
ATCCTCATACTTTCCC,0
ATCCTGACTCCTAGAA,0
ATCCTGATCCTAACAA,0
ATCCTGCGCAGACAAA,0
ATCCTGGCCTATGGAT,0
ATCCTTAAAAAACGAT,0
ATCCTTCTCCATGATC,0
ATCCTTCTTTAACTTT,0
ATCCTTGACCCTTCCT,0
ATCCTTTGAAATTTTA,0
ATCCTTTTACAGAAAT,0
ATCGAAAGACAAACAC,0
ATCGAAATAATAATAC,0
ATCGAAATGTCACGAC,0
ATCGAACAAAAACCTA,0
ATCGAACAGTACCTCT,0
ATCGAACTTAAGCTGT,0
ATCGAAGAGTAACTGA,0
ATCGAAGCTAAAGGAT,0
ATCGAAGCTACAGTCT,0
ATCGAAGTAACGTATT,0
ATCGAAGTTGTAACCA,0
ATCGAATAAATATCAA,0
ATCGAATATTATACGC,0
ATCGAATCCAAAATTA,0
ATCGAATCTCCCCCCA,0
ATCGAATGAACCCAGA,0
ATCGACAGAAAACCTA,0
ATCGACAGCCTACTGG,0
ATCGACCAATCCGTTC,0
ATCGACCTGATCTTTT,0
ATCGACGTATGTGGGT,0
ATCGAGAAACATACAT,0
ATCGAGGACATCCAAA,0
ATCGAGGCCATAATTT,0
ATCGAGGCCCGTTTCC,0
ATCGAGTATGAACAAC,0
ATCGAGTCAAACATCT,0
ATCGATAACAGAGCGT,0
ATCGATACTGGAATAC,0
ATCGATGGCTATTCTA,0
ATCGCAACATACGGGT,0
ATCGCAACGTAAAATT,0
ATCGCAACTCCACATA,0
ATCGCAAGTAACCGCG,0
ATCGCAGAAGACGTTT,0
ATCGCATATAACAACT,0
ATCGCATCTGTATAGA,0
ATCGCATTACCCACAT,0
ATCGCCGCACCAGGTC,0
ATCGCCGCATACTTAG,0
ATCGCCGTACCGTAAA,0
ATCGCCTAAGGTAATT,0
ATCGCGAAAAAATAAC,0
ATCGCGCTCTCTCAAA,0
ATCGCGGGTGATGCCA,0
ATCGCGGTACCACCGA,0
ATCGCGGTTCCCCGGA,0
ATCGCGTCCTACAGCT,0
ATCGCGTCTGAGCGCA,0
ATCGCTACCTTACACT,0
ATCGCTCATTGGGTTC,0
ATCGCTCTGAAATTCA,0
ATCGCTCTTCGCCACA,0
ATCGCTTCCTTTGAGT,0
ATCGGAAATAAAACGC,0
ATCGGAACCAACTGAC,0
ATCGGACAGCTTGACA,0
ATCGGACCGAATCAAC,0
ATCGGACTTCTATACT,0
ATCGGACTTGACAATA,0
ATCGGATGTCTACGAT,0
ATCGGCACTCAGAGTC,0
ATCGGCATATTAATAA,0
ATCGGCATTTTCCTAA,0
ATCGGCCTAGTGCCGG,0
ATCGGCGGAAGAGGTT,0
ATCGGGATAGCCTATC,0
ATCGGGCAAAGCACGG,0
ATCGGGGGGTCGTCTT,0
ATCGGTACTTCGCTGA,0
ATCGGTAGAGTTGGGC,0
ATCGGTATTAGCTGTG,0
ATCGGTCACCACTGGT,0
ATCGTAAAACTACTTA,0
ATCGTAATCAAAACGA,0
ATCGTACATGAGACAA,0
ATCGTACGTGAGACCG,0
ATCGTAGTCCTTATAT,0
ATCGTATCAACCACCT,0
ATCGTATCAGATTAAT,0
ATCGTATCATATTAAT,0
ATCGTATGGTGCATCA,0
ATCGTATTGTATCGCG,0
ATCGTCAAGCCGAAAA,0
ATCGTCAATCCGTGCT,0
ATCGTCACTTTTACTG,0
ATCGTCCCAAATAATA,0
ATCGTCGAATAAAAAA,0
ATCGTGACCCTTCAAG,0
ATCGTGCTCTAGTGAA,0
ATCGTTAGTGCGAAAG,0
ATCGTTCCCATTAGTA,0
ATCGTTCGACGATGGC,0
ATCGTTTGAGAAACAA,0
ATCGTTTGCACAGAAC,0
ATCTAAAGATAATAAT,0
ATCTAACAAAAAGAAT,0
ATCTAACACAAAAACA,0
ATCTAACACTACAACG,0
ATCTAACCACAACGAA,0
ATCTAACTCTTCCTAG,0
ATCTAAGAGTAAGGAG,0
ATCTAAGCCTCGTACC,0
ATCTAATACATCAAGG,0
ATCTAATATAGTAGAC,0
ATCTAATCAAAACATA,0
ATCTAATCCCTAGAAA,0
ATCTAATCCTACTTTT,0
ATCTAATCTACTCAAC,0
ATCTAATTAATTGATT,0
ATCTAATTATTTAACG,0
ATCTAATTTACACATA,0
ATCTAATTTACTGAGC,0
ATCTACAACGATCAGA,0
ATCTACACAAACTAAA,0
ATCTACATTAAAAGTC,0
ATCTACCTCATTATAT,0
ATCTACTAAATCCGCT,0
ATCTACTAATGTATAC,0
ATCTACTACCAAAAGG,0
ATCTACTGTAGCATCG,0
ATCTAGAACCATTGAA,0
ATCTAGACGACTCTAC,0
ATCTAGACTTAATGAT,0
ATCTAGATCGCCAACC,0
ATCTAGCAACATTGAA,0
ATCTAGTCACTAAGTT,0
ATCTAGTCGTACCAAC,0
ATCTATACCAATAGCT,0
ATCTATACGGGCCTCA,0
ATCTATACTACCAGAC,0
ATCTATATGCCAGTCA,0
ATCTATGAGCTGTACA,0
ATCTATGAGCTTCGTG,0
ATCTATTCGTTCTCCG,0
ATCTATTGTAACCAGC,0
ATCTATTGTAACGACA,0
ATCTCAAGTTATAGCC,0
ATCTCAATCCCAACGC,0
ATCTCAATTGGCTAAT,0
ATCTCACAGTCAGGCA,0
ATCTCACATTGTCGTT,0
ATCTCACGTCCTATAC,0
ATCTCAGAATCAAAAT,0
ATCTCAGCCGCTACTA,0
ATCTCAGTTTCTTTTA,0
ATCTCATATGCACGAC,0
ATCTCCATACAAAAAT,0
ATCTCCATAGCCCAAT,0
ATCTCCATGAGAAACA,0
ATCTCCCGGTCATAGA,0
ATCTCGCAGTGATTAT,0
ATCTCGTAATGTCAAG,0
ATCTCTATGGTATAGC,0
ATCTCTATTATGGACA,0
ATCTCTCCGAGTAAAT,0
ATCTCTCGTTTGGATA,0
ATCTCTGTTGAGCTTT,0
ATCTCTTCAACGTTGT,0
ATCTGAATACGACATA,0
ATCTGAATGGCTAGAT,0
ATCTGACAAAATCCAC,0
ATCTGACGGCTCCGGC,0
ATCTGACGTACTGGAT,0
ATCTGACTCGCTACCG,0
ATCTGAGCGAAGTATT,0
ATCTGAGCTAAAGCAG,0
ATCTGAGGCATCTCTA,0
ATCTGATACTTCCAAA,0
ATCTGATTAATACACC,0
ATCTGCACGACATAGA,0
ATCTGCAGGAAACTCT,0
ATCTGCGACTTACCCA,0
ATCTGGCACACACGCC,0
ATCTGGCTAACAGCAT,0
ATCTGGGGCATTCCTC,0
ATCTGTAAATAATACT,0
ATCTGTACATGTCTGA,0
ATCTGTATGGATGTTC,0
ATCTGTCACCACCCAA,0
ATCTGTGCACGACTAC,0
ATCTGTTGTGCGTCTG,0
ATCTGTTTTGCGCAAT,0
ATCTTAAAGGCACAAT,0
ATCTTAACACATTTTC,0
ATCTTACCTAGATCGC,0
ATCTTACGACAGCATG,0
ATCTTAGAACAATAAT,0
ATCTTAGAGACGATGG,0
ATCTTATAAAAATAAA,0
ATCTTATCCGTACAAA,0
ATCTTATGAATCTACA,0
ATCTTCCATACTGACT,0
ATCTTCCCAACCGTTA,0
ATCTTCCCGGTCAGAA,0
ATCTTCCCTGACACAT,0
ATCTTCTGGCAAAAAG,0
ATCTTGATTATGGAAT,0
ATCTTGCCCAAATACA,0
ATCTTGCTCTAATTAC,0
ATCTTTAGCGATACCG,0
ATCTTTGTTTATATTT,0
ATCTTTTCACTTAGAA,0
ATCTTTTTGGGGGTCG,0
ATGAAAAAAGACCTGG,0
ATGAAAAACGCCACAG,0
ATGAAAAACGGATTTA,0
ATGAAAACAAGCGTAG,0
ATGAAAACGCGATAAT,0
ATGAAAACTCCCTGCT,0
ATGAAAAGTTGGATAC,0
ATGAAAATAATACTAG,0
ATGAAAATGCTTATAC,0
ATGAAACACCCTTAAG,0
ATGAAACGCAATAACA,0
ATGAAACTCGGGATCG,0
ATGAAACTTGCAGCGT,0
ATGAAAGAGAAGTAAA,0
ATGAAAGCACCAGTAC,0
ATGAAAGCGCTGATTA,0
ATGAAAGGCTATGACA,0
ATGAAAGTTACCAGCC,0
ATGAAAGTTCCTTTGC,0
ATGAAATAAGCCCACG,0
ATGAAATACTTACAAA,0
ATGAAATAGACGTGGA,0
ATGAAATAGATATGGG,0
ATGAAATCAAAACCAA,0
ATGAAATCAGAAAATA,0
ATGAAATTATTGCCAT,0
ATGAAATTCGACGACT,0
ATGAACAAAGTGGGCA,0
ATGAACAAGGCTACGC,0
ATGAACACCATGCACT,0
ATGAACACCTAATCTT,0
ATGAACAGACGACGGA,0
ATGAACATCAATATGT,0
ATGAACGAATGAGTTA,0
ATGAACGCGAAAGCAC,0
ATGAACGTCACTTTAA,0
ATGAACTATAATGGAA,0
ATGAACTATTGAATCA,0
ATGAACTCGAAATAAG,0
ATGAACTTAAAAGCTA,0
ATGAACTTCGGCGACA,0
ATGAACTTTGCTGAGT,0
ATGAAGAAAAATTAGT,0
ATGAAGACCTATGGAA,0
ATGAAGCATATCTTGA,0
ATGAAGCCGTTTTCAA,0
ATGAAGCGACATACCA,0
ATGAAGCTCATAAGTA,0
ATGAAGCTTTGTAAAT,0
ATGAAGGTTATCAACC,0
ATGAAGTTCGCTATAC,0
ATGAATAAGGTCGTTC,0
ATGAATAAGTACCAGT,0
ATGAATACATGGTTTC,0
ATGAATACTAAAGCAG,0
ATGAATACTAAGGCAA,0
ATGAATACTAGGACAA,0
ATGAATAGGTTTATTC,0
ATGAATAGTTAAGGCC,0
ATGAATATGACGAAGA,0
ATGAATATGCCAAATC,0
ATGAATCAGGCTATTA,0
ATGAATCCACCTTGGG,0
ATGAATCCTAGCCATA,0
ATGAATCCTTTACTAC,0
ATGAATCGACCGGCAG,0
ATGAATCGCGTCTAAG,0
ATGAATCTGTTGAAAA,0
ATGAATGAAAAGAAAA,0
ATGAATTAAGGAGTAT,0
ATGAATTAGGTAAAAC,0
ATGAATTGTATTAAAA,0
ATGAATTTTAAAGCGT,0
ATGACAAAATACCAGG,0
ATGACAAACTCGAACA,0
ATGACAAACTTAACAA,0
ATGACAACACCAAAAA,0
ATGACAACTGAATCCC,0
ATGACAAGACACTAAA,0
ATGACAAGGGACCGAA,0
ATGACAATATTTTACC,0
ATGACACAAAAGTGCA,0
ATGACACAAATTATAA,0
ATGACACACTATCTTA,0
ATGACACTACAGTATT,0
ATGACAGTACAGGTAA,0
ATGACATAACGTCATG,0
ATGACATAGTTAAACT,0
ATGACATTGAGTTAAC,0
ATGACATTTAAATAGC,0
ATGACCAGAAGTACCT,0
ATGACCAGATCGGCGT,0
ATGACCCGAACATTTA,0
ATGACCCTAGCTAGCC,0
ATGACCCTCCGGTGAT,0
ATGACCGAACTCCCTG,0
ATGACCGCAAATAACC,0
ATGACCGCTCGTAACT,0
ATGACCGTAAATGTCT,0
ATGACCTCGCTGAAGC,0
ATGACGAAGCCGGGCA,0
ATGACGAATCCCAGAG,0
ATGACGAGGTTAACTC,0
ATGACGATTCCTACTG,0
ATGACGCGGTATAATG,0
ATGACGGACCGCCCAC,0
ATGACGTCAAAGCTGT,0
ATGACGTCGATACACG,0
ATGACGTGATCTAGAC,0
ATGACGTTACCCCGAG,0
ATGACGTTTAAATACA,0
ATGACTAAACTTACAC,0
ATGACTAACCCGAGTA,0
ATGACTATGAATATTA,0
ATGACTGCTCGTCGGC,0
ATGACTGTAACTCGTT,0
ATGACTTCGGAGTGGC,0
ATGACTTCTCTGGCAT,0
ATGACTTGCGACTGCA,0
ATGAGAAAACGGGATA,0
ATGAGAAAGAAAACGG,0
ATGAGAAATAGTTATA,0
ATGAGAAGTCTAATGT,0
ATGAGAATAGAAATAA,0
ATGAGAATAGCCATAA,0
ATGAGACCGCGCATCC,0
ATGAGAGCCTGAAGCG,0
ATGAGATAACGCTGAA,0
ATGAGATAGTGTAGCT,0
ATGAGATCCTATAACG,0
ATGAGATGAAAGTCGC,0
ATGAGATGTTTATTCC,0
ATGAGCAAACTCCAAT,0
ATGAGCACACCGGGGA,0
ATGAGCCAGGTTTATT,0
ATGAGCCAGTAGTATA,0
ATGAGCCGAAACTATT,0
ATGAGCGTAAGTAACA,0
ATGAGCGTGCTGAGAC,0
ATGAGCTAATCTGTTA,0
ATGAGGAGGGGGACAA,0
ATGAGGATAACCTATA,0
ATGAGGATCCAACTTA,0
ATGAGGATTTTTAAGA,0
ATGAGGCACAATCAAT,0
ATGAGGGAGTTCCCTC,0
ATGAGGTCCTGAACTT,0
ATGAGGTGAAGTCTAA,0
ATGAGTAAAAAATAGT,0
ATGAGTAATAAACTTA,0
ATGAGTAGACTAAGTA,0
ATGAGTAGGCCAGGCT,0
ATGAGTCTTCGTAAAC,0
ATGAGTGAAAGTTCGA,0
ATGAGTGTTGAGTCGG,0
ATGAGTTACGAACTAA,0
ATGAGTTCACTGTTAT,0
ATGAGTTCCTTGTGGC,0
ATGATAAAAATTAAAT,0
ATGATAAATTCACGTA,0
ATGATAACGATGCTTA,0
ATGATAACTTTCCATT,0
ATGATAATAAACCAGT,0
ATGATAATAAATTGGT,0
ATGATAATATTACACG,0
ATGATACGAAATCTTT,0
ATGATACGCCAATCTC,0
ATGATAGAAGAGTGCC,0
ATGATAGGGGGTGAAA,0
ATGATATAATGCATAG,0
ATGATATATATTTACA,0
ATGATATCGTAGCACG,0
ATGATATCGTCCAGCA,0
ATGATATCTGAATGTG,0
ATGATATGGGCGATAA,0
ATGATCAAACCCTTCC,0
ATGATCAGATTGTTAC,0
ATGATCAGTTATACTA,0
ATGATCCCAATTACAC,0
ATGATCCGGTTGTATC,0
ATGATCGACGCTTTTG,0
ATGATCGAGCCTCAAA,0
ATGATCGTCTGTGAAT,0
ATGATCGTGCGAAACT,0
ATGATGAAGAAAGATA,0
ATGATGAGACGATTGA,0
ATGATGAGATAGTGAC,0
ATGATGCGAGCACAAA,0
ATGATGTCGGACCTGT,0
ATGATTACCTCTTTAC,0
ATGATTAGAAGAATCT,0
ATGATTAGTATTGTGC,0
ATGATTCAAACAGCTT,0
ATGATTCATCGAAAGT,0
ATGATTCCCAGAATAC,0
ATGATTGACAATTAAA,0
ATGATTGGAAACTAAG,0
ATGATTTAAATGACCA,0
ATGATTTACACCTTTG,0
ATGATTTAGATGTATG,0
ATGATTTGATCCACAA,0
ATGATTTTAAATATTG,0
ATGCAAACCATTGTGT,0
ATGCAAACGTTAACAT,0
ATGCAACAAGGAATGG,0
ATGCAACAGAAATTAA,0
ATGCAACCACTCAAGA,0
ATGCAACCAGTATGAT,0
ATGCAACGAGATGTTC,0
ATGCAACTCGTTAACT,0
ATGCAACTGCTCTGTG,0
ATGCAAGAAATTTCCG,0
ATGCAAGTAATCCACG,0
ATGCAAGTCATCGAAA,0
ATGCAATTAGCCATGA,0
ATGCAATTTTGGCCTA,0
ATGCACATAATATGAG,0
ATGCACATATCCTAAT,0
ATGCACTGAACTATCT,0
ATGCAGACATTTCCTA,0
ATGCAGACCATACCAA,0
ATGCAGAGAGAAACAG,0
ATGCAGTAACCTTGAA,0
ATGCAGTAGTAAGAAA,0
ATGCAGTATTTCTACA,0
ATGCATACCTTAAGTC,0
ATGCATATTTTAGCCA,0
ATGCATCATATATGTG,0
ATGCATGAAGCCTCAA,0
ATGCCAAATCGGTAAC,0
ATGCCAACAACTCCAG,0
ATGCCAAGGGCATGCG,0
ATGCCAATAGATATCA,0
ATGCCACGTAGTCCCC,0
ATGCCAGAACCAGATA,0
ATGCCAGAAGCCCAAT,0
ATGCCATAAAACCGCG,0
ATGCCATACTATATAA,0
ATGCCATATATAACTA,0
ATGCCATCCACACTTA,0
ATGCCCAATCAGAGGA,0
ATGCCCAATGCCCAAG,0
ATGCCCAGACGTAGAA,0
ATGCCCAGTAACGAGC,0
ATGCCCCACTGCACCC,0
ATGCCCCACTTCAATA,0
ATGCCCCTCGACATCG,0
ATGCCCGAACATATAA,0
ATGCCCTATCTTGCTT,0
ATGCCCTCATTCTAAA,0
ATGCCGCCCTAGGTAT,0
ATGCCGCCTACACGGC,0
ATGCCTAACATAAAGG,0
ATGCCTAAGAAACACG,0
ATGCCTACACTAATGC,0
ATGCCTACTGAGAAAT,0
ATGCCTACTTACCGTC,0
ATGCCTATGCATTAGT,0
ATGCCTCAAAAACTCC,0
ATGCCTCATCTAACCG,0
ATGCCTGAAAACCCTG,0
ATGCCTTACAGGATAC,0
ATGCGAAACGTTGAAT,0
ATGCGAAACTCGCCAG,0
ATGCGAACTCTGTCTC,0
ATGCGAAGAGGCATTT,0
ATGCGAATATTAACTG,0
ATGCGACAGACTGCCG,0
ATGCGATCCTGCTGTC,0
ATGCGATGGCTCAAAC,0
ATGCGCATGGGTATCT,0
ATGCGCGACCAATGAG,0
ATGCGCTGAGCTACCC,0
ATGCGGTCGTATCGAT,0
ATGCGTCACCCATAGA,0
ATGCGTCATCTAACCA,0
ATGCTAAAATGCGTAT,0
ATGCTAAGAACAAGGG,0
ATGCTAAGCGTTCCTA,0
ATGCTACAACATCAAG,0
ATGCTACAATAAAACA,0
ATGCTACCCAACTAGA,0
ATGCTACTGATAGCCT,0
ATGCTATAAACGGGAA,0
ATGCTATTATCGATAG,0
ATGCTCATGATTCTAA,0
ATGCTCGCAACAATTA,0
ATGCTCGTATAGTGAA,0
ATGCTCTTAATTCAAA,0
ATGCTCTTCCCCAATG,0
ATGCTGACAAGTAAAT,0
ATGCTGCAACAGCACC,0
ATGCTGGGAATAATAA,0
ATGCTGGGGACTTGAA,0
ATGCTGGGTACAAAGA,0
ATGCTGTATTTAACCC,0
ATGCTGTGTATACACA,0
ATGCTTAAATCTGTGA,0
ATGCTTAGCACTAGGA,0
ATGCTTATGCATTAAT,0
ATGCTTCTCTTTAAGA,0
ATGCTTGAAAATACAG,0
ATGCTTGAGCAAAGAA,0
ATGGAAAAGAAGCAAG,0
ATGGAAACGATTTGCC,0
ATGGAAATAATTTAGT,0
ATGGAAATCCCAATAA,0
ATGGAACGACATCCAG,0
ATGGAACTAAATAACG,0
ATGGAAGAAAAACATA,0
ATGGAAGAAGTTACTA,0
ATGGAAGCAGAACAAA,0
ATGGAAGCGTTGCTGG,0
ATGGAAGTCCTAGCCA,0
ATGGAATTATAATACA,0
ATGGACATAAAAACTT,0
ATGGACATATAGGATT,0
ATGGACATTTACAGAA,0
ATGGACCGAACGAGGA,0
ATGGACGCAAGGTTAA,0
ATGGACGCATTACACA,0
ATGGACTCACTCACGT,0
ATGGACTGGACTCAGG,0
ATGGAGAAGTAATATA,0
ATGGAGATATCGCCTA,0
ATGGAGCCTGCCAGGC,0
ATGGAGTATTCGCATG,0
ATGGATAAATAACTTG,0
ATGGATATACTAATGT,0
ATGGATATGGTACTTG,0
ATGGATATTACAACAA,0
ATGGATCAATTACCAA,0
ATGGATCCTGAATAGT,0
ATGGATCTCATAACTA,0
ATGGATTAATCTGGGT,0
ATGGATTAATTTACAC,0
ATGGATTACTCTTCCG,0
ATGGATTGAGAATTCC,0
ATGGCAACAAAAAGTG,0
ATGGCACAGTGACATC,0
ATGGCACCAAGAAGTA,0
ATGGCAGAAAGCAGTG,0
ATGGCAGATGGAGTTG,0
ATGGCAGTCGAGCAGA,0
ATGGCAGTCTCAATTA,0
ATGGCATAAGACCAAA,0
ATGGCATTTCACGGTC,0
ATGGCCAAAAGTATAA,0
ATGGCCCCATATTGAA,0
ATGGCCCCCTGTCACT,0
ATGGCCCCTTGATGCG,0
ATGGCCGATATCCCAA,0
ATGGCCGCCGCAGGCT,0
ATGGCCTGCATAGGTC,0
ATGGCGCGGCTCAAGA,0
ATGGCGCTAGACCTCA,0
ATGGCGGTGCCCTCAA,0
ATGGCGTAATTTTACA,0
ATGGCTACCTCTTTAG,0
ATGGCTACTATCTATT,0
ATGGCTATATAAAGGT,0
ATGGCTCTTTCGTATG,0
ATGGCTGGTAGACGAG,0
ATGGCTGTCTTTTCCG,0
ATGGCTTGATGACGCA,0
ATGGCTTGTCTCATGT,0
ATGGGAAGTCTCATGC,0
ATGGGAGGCTTTGTGT,0
ATGGGCACACTGTGTG,0
ATGGGCTAAAGCGTTT,0
ATGGGCTAAATACATC,0
ATGGGCTTAACATGAT,0
ATGGGGATAGTACACG,0
ATGGGGCAAGACTAGA,0
ATGGGGCTAAAACTCA,0
ATGGGGTACTCTAAAT,0
ATGGGGTGCGAAAACT,0
ATGGTAACGTGTAACT,0
ATGGTACAAGCTTAGC,0
ATGGTACGACTGCTGA,0
ATGGTACTGGAGTCCA,0
ATGGTATACGTTACAA,0
ATGGTATCTAACTAAA,0
ATGGTCAAATGTGCAG,0
ATGGTCAGAGAGTAGA,0
ATGGTCAGCAGTAAAT,0
ATGGTCAGTGACAGGG,0
ATGGTCCATAAAGTAG,0
ATGGTCCCAATTTATA,0
ATGGTCTGATTTACAA,0
ATGGTGCCGCGCCGTT,0
ATGGTGTAAACCATCA,0
ATGGTGTGATACATAA,0
ATGGTTAAAATCCAGA,0
ATGGTTAATATTAAAA,0
ATGGTTACGCACGATT,0
ATGGTTACTACATTTT,0
ATGGTTCGTAGAAATA,0
ATGGTTCTTGGCCACA,0
ATGGTTGAATCTGTAT,0
ATGGTTTATTGTTTCT,0
ATGTAAAAAACAATAG,0
ATGTAAAACTTGGACC,0
ATGTAAAAGCACTATG,0
ATGTAAACTACTTTAT,0
ATGTAAAGGGGTGTCA,0
ATGTAACATAACAGCC,0
ATGTAACGACTGAACA,0
ATGTAACTAGGAGGCA,0
ATGTAAGATATCTTCT,0
ATGTAAGCAGACGGGA,0
ATGTAATTGACACTCC,0
ATGTACAAAGCGAGCA,0
ATGTACAACATTACCT,0
ATGTACAATACTGTGA,0
ATGTACAGCTGAAAAA,0
ATGTACATCAGAAACA,0
ATGTACCATCTCATGG,0
ATGTACCATTAAACGG,0
ATGTACTACGATAGGC,0
ATGTACTATACCGCCC,0
ATGTACTTCAAATCGG,0
ATGTACTTGTTAAAAG,0
ATGTAGAAGTAGGTAT,0
ATGTAGCTGAATATCG,0
ATGTAGGCTGAGGCCA,0
ATGTATAAGTGGCTTC,0
ATGTATCATATTTAAT,0
ATGTATCCCTCGGTGA,0
ATGTATCTAGCGCATA,0
ATGTATCTCCAGTGTA,0
ATGTATCTGAAACTGA,0
ATGTATCTGATCCTAT,0
ATGTATGGACACCCCA,0
ATGTATTAACTTGGAG,0
ATGTATTCGCTTGAGC,0
ATGTATTTAGGAACGA,0
ATGTATTTATGAAGGT,0
ATGTCAAAATCAATGA,0
ATGTCACAAAAATTTT,0
ATGTCACCATGAAATG,0
ATGTCACCGCTTTATG,0
ATGTCACCGGATCTAT,0
ATGTCACGCAGCAAAA,0
ATGTCACTCTATATAA,0
ATGTCAGAGACTTATA,0
ATGTCATCTAATGTAT,0
ATGTCCAAAATATTTC,0
ATGTCCAACTTAGGGG,0
ATGTCCAAGGTGTTTT,0
ATGTCCCTTCGACCAC,0
ATGTCCGATAATTTGA,0
ATGTCCTACCTACAGG,0
ATGTCCTCAAACAAAC,0
ATGTCCTCAATTCTAG,0
ATGTCCTTCAGCATTA,0
ATGTCGACCATGCTCG,0
ATGTCGCTGTAATAAG,0
ATGTCGGCGAACTATT,0
ATGTCGTCAAGAATGG,0
ATGTCGTCTATCTACA,0
ATGTCTAATACAGTTC,0
ATGTCTACAATCGTCT,0
ATGTCTAGTTCAGAAC,0
ATGTCTCAACAAGATC,0
ATGTCTCCTACAGAGA,0
ATGTCTCGAGTATAAT,0
ATGTCTGAAACTTTTC,0
ATGTCTTGGTCACGGC,0
ATGTGAAATGGCCTTA,0
ATGTGAACGAGGTCAC,0
ATGTGAACGCAGAGGC,0
ATGTGAACTAATCATT,0
ATGTGAAGCCCTCTCT,0
ATGTGACAAATTGCGA,0
ATGTGACAGGGCACAA,0
ATGTGACCAAGCGCCC,0
ATGTGACCCTTGCAGA,0
ATGTGACCGGATACCT,0
ATGTGAGCGTAATGTT,0
ATGTGATGACGGTGCT,0
ATGTGATTACTTGCCC,0
ATGTGATTTGCTAACC,0
ATGTGCAAAGCCAGGA,0
ATGTGCGAACGGAGAG,0
ATGTGCTACTGACGAC,0
ATGTGGATTTGAGGGG,0
ATGTGGCGACCAAATA,0
ATGTGTAATCATGAAT,0
ATGTGTAGCTTCGCTT,0
ATGTGTGGAATCTTGA,0
ATGTGTTAATAACTGA,0
ATGTGTTCACCAGGAA,0
ATGTTAAAAAAAATCT,0
ATGTTAAAGCCCCTGA,0
ATGTTAACTTCGGGTG,0
ATGTTAAGATGGTTTA,0
ATGTTAAGCGATCAAC,0
ATGTTAATTGCTCCAA,0
ATGTTACGGAATTGCA,0
ATGTTACTATGAACGA,0
ATGTTAGAAGCTACTT,0
ATGTTATAATCCAGCA,0
ATGTTATTAGAAACGT,0
ATGTTCAAGTTAGCAA,0
ATGTTCACACTGTGGA,0
ATGTTCACGCCAAAAG,0
ATGTTCATACCGAAAC,0
ATGTTCATCCAGCTAG,0
ATGTTCGGTTTTAAAA,0
ATGTTCGTAACACCAA,0
ATGTTCTACAACCGGA,0
ATGTTCTATGCCAATC,0
ATGTTCTCGGATTCAG,0
ATGTTGAAACGCCTCC,0
ATGTTGCTTATCATCC,0
ATGTTGGACAGTGGCC,0
ATGTTGGACCGATCGG,0
ATGTTGTACAGGTTGG,0
ATGTTGTATTCCGTCA,0
ATGTTTACAAGGTCCA,0
ATGTTTACACCGTCTA,0
ATGTTTACTCGGAAAA,0
ATGTTTAGAAATCCGG,0
ATGTTTCTAAGAATTC,0
ATGTTTCTGACGAGTC,0
ATGTTTTGAGCCAAGT,0
ATGTTTTTACTATAGT,0
ATTAAAAAAATGGCAT,0
ATTAAAAAACCCACTG,0
ATTAAAAAATAGCTGG,0
ATTAAAAACAAATATG,0
ATTAAAAATACCGATT,0
ATTAAAAATCTGATCA,0
ATTAAAACAAATAAAT,0
ATTAAAAGAATTTATG,0
ATTAAAAGAGCACGAA,0
ATTAAAAGTAAGAGTA,0
ATTAAAAGTATGAACA,0
ATTAAAAGTTACGGGG,0
ATTAAAATCATTTCAC,0
ATTAAAATCCAGTAAA,0
ATTAAACAAGGCCGTA,0
ATTAAACATGGGCTAA,0
ATTAAACCAACAACCT,0
ATTAAACGCGAAATTT,0
ATTAAAGAAAAATATT,0
ATTAAAGCGCAAATCA,0
ATTAAAGGACACATTG,0
ATTAAAGGATAGCACT,0
ATTAAAGTTGAGATGT,0
ATTAAATAACATCGAG,0
ATTAAATATCAAATAA,0
ATTAAATATGGGGGCG,0
ATTAAATGCTCTATTC,0
ATTAAATGTGTGCCTC,0
ATTAAATTAGAAATGG,0
ATTAAATTCATTCCTA,0
ATTAACAATTACAGCT,0
ATTAACACGTGGAACA,0
ATTAACAGCATATGGA,0
ATTAACATATGACTAA,0
ATTAACCCCATCGAGT,0
ATTAACCCTAAATCTG,0
ATTAACCGCAAATATC,0
ATTAACGACGATTGAT,0
ATTAACGATATACCAA,0
ATTAACTAAAAAACAG,0
ATTAACTAGTACAGGG,0
ATTAACTCGGAAAAGA,0
ATTAACTGGTCAAGTT,0
ATTAAGAAGTAAAAAT,0
ATTAAGAGAAGGGAGC,0
ATTAAGATAGTTAGGA,0
ATTAAGATCCACAAAA,0
ATTAAGCAATTGCCTC,0
ATTAAGCACAGATCCG,0
ATTAAGCGTACCTATC,0
ATTAAGCTTGCCACTA,0
ATTAAGGATAGAGCTG,0
ATTAAGGGTAGCGTAA,0
ATTAAGGGTTGAATAG,0
ATTAAGTAATGAGGCT,0
ATTAAGTAGAACAAAG,0
ATTAAGTATACTACTC,0
ATTAAGTCTACAAATC,0
ATTAAGTTAATTTCAT,0
ATTAATAACGTGACGA,0
ATTAATATAAAACATC,0
ATTAATATCACGTAAT,0
ATTAATATCTATCACA,0
ATTAATATTAAACGCA,0
ATTAATCAATATAAAA,0
ATTAATCAGCGAACTA,0
ATTAATCGCGATAGCG,0
ATTAATCTGTCTACTG,0
ATTAATCTGTGAACAG,0
ATTAATGGGACTTTCA,0
ATTAATGGGTCCTATG,0
ATTAATTAGCTCTCTA,0
ATTAATTATCTACACA,0
ATTAATTCAAAGAAAC,0
ATTAATTCTATTAAGT,0
ATTAATTGAGACTTCT,0
ATTAATTTACTTGTCA,0
ATTAATTTGTTTCGCA,0
ATTAATTTTGGCGAAA,0
ATTACAAAAAGCTGGA,0
ATTACAAAACGAAAGT,0
ATTACAAAATTCCCCG,0
ATTACAAAGCCATAGA,0
ATTACAAATGAAACAT,0
ATTACAACGTCTGCCT,0
ATTACAATGAAATCCC,0
ATTACAATTCATCTTT,0
ATTACACCATCATATA,0
ATTACACGTTCTTTCA,0
ATTACACTGTGAAATT,0
ATTACACTTGAAGCGG,0
ATTACAGTAAATAAAA,0
ATTACAGTATAACTGC,0
ATTACATAACCGAATG,0
ATTACATATAATGAAA,0
ATTACATGCCTACTCC,0
ATTACATTGGAAGAAC,0
ATTACCAATAGAGGAT,0
ATTACCAATTAACCTC,0
ATTACCACAAAATTAA,0
ATTACCCGCTGATGGA,0
ATTACCGAGAAAACGC,0
ATTACCGTCACTAGAT,0
ATTACCGTCTACCCCT,0
ATTACCTATCATACTT,0
ATTACGAACGAGTAAT,0
ATTACGAATTACTCCT,0
ATTACGCGCCATCAAC,0
ATTACGCGGGCAAGCG,0
ATTACGCGTTAAAGGA,0
ATTACGCTATAAGTCC,0
ATTACGTACATTATCA,0
ATTACGTCCCCCCGCA,0
ATTACGTGTTACAACC,0
ATTACTAAGATTGAAG,0
ATTACTACAGCCAAGA,0
ATTACTATGTATACAA,0
ATTACTCGATGTCAGT,0
ATTACTCTACCTATCT,0
ATTACTGAACAAGCTC,0
ATTACTGAATTTATCG,0
ATTACTGCACAGGGCA,0
ATTACTGGGTTCTTAG,0
ATTACTGTTTCCTCTC,0
ATTACTTAAACAATTT,0
ATTACTTAAGGCAAAT,0
ATTACTTATCGTGCAG,0
ATTACTTTCTTTCAAT,0
ATTAGAAGCCTATCCA,0
ATTAGAATTCAGAGCC,0
ATTAGAATTTGAGAAC,0
ATTAGACAAAAAGTGA,0
ATTAGACTTGTAGAGA,0
ATTAGAGAAAATGACT,0
ATTAGAGAGTGTAGAA,0
ATTAGAGCCCGAGATG,0
ATTAGAGTACACGAAC,0
ATTAGATCGACAATCC,0
ATTAGCAAAACCCGGT,0
ATTAGCAAACTACTAT,0
ATTAGCAGTATAGATT,0
ATTAGCATATTTCTTA,0
ATTAGCCGGAGTTATC,0
ATTAGCGGTAACGCTT,0
ATTAGCGTTGCATCAA,0
ATTAGCTCCCACTAAC,0
ATTAGCTGCCGGATCC,0
ATTAGCTTCACGACGT,0
ATTAGGAATAAATAAA,0
ATTAGGACAAACGTCA,0
ATTAGGTAAAACCAAA,0
ATTAGGTATAACTTCC,0
ATTAGGTCGTTGAAAG,0
ATTAGTAACAGTTGCT,0
ATTAGTAACGAATGCA,0
ATTAGTATACACCGGA,0
ATTAGTCAGTCCTGAA,0
ATTAGTCATGACGCGG,0
ATTAGTCATGCTTACA,0
ATTAGTGTCTGCAGTC,0
ATTAGTTCATGTAAAA,0
ATTAGTTTTTTAGAGT,0
ATTATAAAAGACTCTT,0
ATTATAAAATATTGCG,0
ATTATAAAATCTCCTA,0
ATTATAAACACCAGAC,0
ATTATAAAGTAAGAAC,0
ATTATAACATCAAAAA,0
ATTATAACTTAGTTGT,0
ATTATAAGAAAGAAGA,0
ATTATAATACCTAAAT,0
ATTATAATGATGGATA,0
ATTATACCTGATGAGT,0
ATTATAGAATAATAGT,0
ATTATATACAAAATGG,0
ATTATATAGACCCAAA,0
ATTATATATGCACAAA,0
ATTATATCATGGAATT,0
ATTATATCTAAAGGAA,0
ATTATCAAAAACGCCT,0
ATTATCATTTAGAAGC,0
ATTATCCATATAACCG,0
ATTATCCATTAAAGAA,0
ATTATCCGACAGATCT,0
ATTATCCGTAGAGGCA,0
ATTATCCTCTACATTT,0
ATTATCGGTATGACCA,0
ATTATCTCGTACAAGC,0
ATTATCTCGTTACATA,0
ATTATGAAAAGAAAAA,0
ATTATGAAATCGAGTC,0
ATTATGATACTAAGGT,0
ATTATGCCTTAGTAGC,0
ATTATGCGATGTATGC,0
ATTATGGAATACATCC,0
ATTATGGGCTATATAC,0
ATTATGGGTAAAAAAC,0
ATTATGTATTTAAACA,0
ATTATGTCAAAAGAAG,0
ATTATGTCATTGTTGA,0
ATTATTCATTACCCAG,0
ATTATTCCAAAACTTA,0
ATTATTCTAGAAGTTA,0
ATTATTGCAAATCCCA,0
ATTATTGGAGCTCTTT,0
ATTATTGGGTCAGACT,0
ATTATTTAGCCTAACT,0
ATTATTTCAGTTGGGA,0
ATTATTTGGTGCATCT,0
ATTATTTTCAAACTGG,0
ATTCAAAAAAGGAACA,0
ATTCAAAACCATCCTT,0
ATTCAAAAGATCACTA,0
ATTCAACCGAGATAAG,0
ATTCAACTGAATACTC,0
ATTCAAGGACGATACC,0
ATTCAATGCTAAACCA,0
ATTCAATGTGCCACAG,0
ATTCACAAAATCTAGC,0
ATTCACAAATACTGTC,0
ATTCACAAATTACAAA,0
ATTCACAACAATAAAA,0
ATTCACAAGCGAAAAG,0
ATTCACAATTACGTGC,0
ATTCACATAATACCCT,0
ATTCACATAGTCCACA,0
ATTCACCACCGGTCCC,0
ATTCACGAACAACAAC,0
ATTCACGTCGGACTAA,0
ATTCACTAAAGGACAT,0
ATTCACTAGCGATCTG,0
ATTCACTCCGCAGAGC,0
ATTCACTGTTAGTCCA,0
ATTCAGAAAAAGATTC,0
ATTCAGAAGAGACAAG,0
ATTCAGAGCTTCTACT,0
ATTCAGATAGTCCTTT,0
ATTCAGCTCGTAACTC,0
ATTCAGGACCATTCTT,0
ATTCAGTAACAAGCGA,0
ATTCAGTGCGCGTCAG,0
ATTCATAACTTTGATT,0
ATTCATAGTACGGAAA,0
ATTCATATAAATCAAT,0
ATTCATATATGTTCCA,0
ATTCATATTATCGAGG,0
ATTCATCCTAAAAGCT,0
ATTCATCGTAAATCGG,0
ATTCATTATGAATAGA,0
ATTCATTCTCAACGTT,0
ATTCCAAAGAGTTCTA,0
ATTCCAAGGTTACACA,0
ATTCCAATATTCTGCA,0
ATTCCAATTAAACCAT,0
ATTCCACCTCTCTATA,0
ATTCCACTATGTAATA,0
ATTCCATACGAATTTA,0
ATTCCATATAACACCT,0
ATTCCCAAAACATTGA,0
ATTCCCAGACGTACAA,0
ATTCCCCTATTGACGC,0
ATTCCCGGCATGTACA,0
ATTCCCTATAAGTTAT,0
ATTCCGAAGCTGGCAT,0
ATTCCTAATTATCATT,0
ATTCCTACCGAGTCAC,0
ATTCCTAGAAATTTAA,0
ATTCCTATGATAAATA,0
ATTCCTCAACAAAGCA,0
ATTCCTGGGACCTCGA,0
ATTCCTTCTAGATAAG,0
ATTCGAAACAATCAAG,0
ATTCGAATGAATAAAA,0
ATTCGACCAGGACAAT,0
ATTCGAGAACATATGC,0
ATTCGAGACAGTACTT,0
ATTCGAGATGTCATCT,0
ATTCGATATAATTAGT,0
ATTCGATCAAAGTCTC,0
ATTCGATGCATTAAAG,0
ATTCGCACATAAACGG,0
ATTCGCCAAAAACACA,0
ATTCGCCCATTAACAG,0
ATTCGCCGATATAAAG,0
ATTCGCGACCAGCAAC,0
ATTCGCGACGAGTGCC,0
ATTCGCGAGGCCCAAC,0
ATTCGCGTACTATGTT,0
ATTCGCTTCATAGAAT,0
ATTCGGAAGCAAGACC,0
ATTCGGAGGTCCACAA,0
ATTCGGGCTTTCCCTG,0
ATTCGTAAGCTAAATA,0
ATTCGTATTCAAGTCG,0
ATTCGTCAACACACAA,0
ATTCTAAACATACTAC,0
ATTCTAAACTAGTCGG,0
ATTCTAACGCCAGTAC,0
ATTCTAAGTAATCATA,0
ATTCTAATGTATGATG,0
ATTCTACCACAATGTG,0
ATTCTACCCCAATTTA,0
ATTCTACTACTTTTCT,0
ATTCTAGACATGGACA,0
ATTCTATATTCATTTA,0
ATTCTATCGTAAACAG,0
ATTCTATGAATCAAAA,0
ATTCTATTACGTTCGA,0
ATTCTATTTACCTAGT,0
ATTCTATTTGTCGAAA,0
ATTCTCAAGACTAAAA,0
ATTCTCAATATGCAAA,0
ATTCTCCAAACACTCA,0
ATTCTCCCCAAACACG,0
ATTCTCGCGAATTATA,0
ATTCTCTACTCGCGAA,0
ATTCTCTAGGATATGA,0
ATTCTGCTAGCTGTAT,0
ATTCTGGAGAGCAAAT,0
ATTCTGTAAACAAGAA,0
ATTCTGTTACTAAGCC,0
ATTCTTAGAACGTTAT,0
ATTCTTAGACGAATGA,0
ATTCTTAGGTGAAAAA,0
ATTCTTAGTTAATTGA,0
ATTCTTATCACAAGTA,0
ATTCTTATCCGTATTG,0
ATTCTTATGCACATAC,0
ATTCTTCAGGATACAT,0
ATTCTTCTAAGAAACC,0
ATTCTTCTGAGAGCCC,0
ATTCTTCTGGATGTGA,0
ATTCTTTCCGAGTAAA,0
ATTCTTTTCCGACCAA,0
ATTGAAAACACCAAAC,0
ATTGAAAAGTGTGAAA,0
ATTGAAAATAATCAGT,0
ATTGAAAATTACATAC,0
ATTGAAAATTCTCGGT,0
ATTGAAACCACAACCA,0
ATTGAACAAAGTATGA,0
ATTGAACATGTTCACA,0
ATTGAAGTTTTAACAC,0
ATTGAATGCGCACATT,0
ATTGAATTAGGAGATA,0
ATTGAATTCCAATACA,0
ATTGACACATGTAATG,0
ATTGACACGTAATAGG,0
ATTGACAGTGGCCAGA,0
ATTGACATAGCGCTTG,0
ATTGACCAGGCAGATC,0
ATTGACCCGCTCAGTA,0
ATTGACCGCAGCGAAC,0
ATTGACGAATGAATAT,0
ATTGACTGGACTGATT,0
ATTGAGCCGCTATGGA,0
ATTGAGCGTGGGATCT,0
ATTGAGCTAGTCAGAG,0
ATTGAGGTTATATGGT,0
ATTGAGTAAAATTCAC,0
ATTGAGTAATCGTTTT,0
ATTGAGTCAAAAGTGC,0
ATTGATATTTATGACA,0
ATTGATCAAATGATAA,0
ATTGATCTTAAGTGAA,0
ATTGATGATTGCTTAC,0
ATTGATTAAATTACAC,0
ATTGATTACAGTAAGG,0
ATTGATTGCCAGAACT,0
ATTGATTTTACACATC,0
ATTGCAAGGATTACGT,0
ATTGCACAATTTAGTT,0
ATTGCACCGAGAAGGT,0
ATTGCACTAACAAAGC,0
ATTGCATAACACCGGG,0
ATTGCATAATAGACAT,0
ATTGCATGCTTGACAA,0
ATTGCATTAAGCCCGG,0
ATTGCATTTACACCAC,0
ATTGCCACACCCGATA,0
ATTGCCACGAACTAAG,0
ATTGCCCATTGGGCGA,0
ATTGCCGATAACCACA,0
ATTGCCGTGCATTCTG,0
ATTGCCTACTCATGAC,0
ATTGCCTGAATGAGAG,0
ATTGCCTTAAAGAAAA,0
ATTGCGAAACTCGAAT,0
ATTGCGATCCGAATCA,0
ATTGCGCAATAGAATC,0
ATTGCGTACCGCGCCC,0
ATTGCTATGAGAAGCT,0
ATTGCTCCAGACACAA,0
ATTGCTTTACTCCAAC,0
ATTGGAAATCCGACTA,0
ATTGGAATGGGGGGCC,0
ATTGGAATTCATTCGT,0
ATTGGACAAGAAGGAA,0
ATTGGACCTTCTGTGA,0
ATTGGATATAATGTTA,0
ATTGGATTAAACACGA,0
ATTGGATTATCCCGAA,0
ATTGGATTTTAATCGC,0
ATTGGCAAAACTCATG,0
ATTGGCAAGTATATCC,0
ATTGGCATTTCCCATA,0
ATTGGCCATTGAGGTC,0
ATTGGCTATGAGATTT,0
ATTGGCTTACAAAGCA,0
ATTGGCTTTTATCTGA,0
ATTGGGACTGTACGCT,0
ATTGGGCAAGTATAAA,0
ATTGGGCCGGAGAATT,0
ATTGGGCGTAGAACAC,0
ATTGGTAACAAACTCA,0
ATTGGTAGAATGTCAG,0
ATTGGTCCACACGAGA,0
ATTGGTTTACAGGCAG,0
ATTGTAAAATCTAATT,0
ATTGTAAGCTGACGCA,0
ATTGTAATCACCAATA,0
ATTGTACATAAGAGAC,0
ATTGTACCTGCGATCA,0
ATTGTACTTCCTGATT,0
ATTGTAGCAGGTTGCG,0
ATTGTATAACAGAAAT,0
ATTGTATATTGCCTAT,0
ATTGTCAACCGATATA,0
ATTGTCAAGGGTTGGT,0
ATTGTCACAATAAGCT,0
ATTGTCATTGTGCCGG,0
ATTGTCCCAGTTCTTA,0
ATTGTCTTGCAACACC,0
ATTGTGACCTTAGCTG,0
ATTGTGCGCAAATAAG,0
ATTGTGGAACACTTCT,0
ATTGTGGTCCAAATAG,0
ATTGTGTAAAATACCT,0
ATTGTGTGATCATCTT,0
ATTGTTAAAATAAACA,0
ATTGTTAAAGCGCACT,0
ATTGTTAACCATCCTA,0
ATTGTTACGTTTCTGA,0
ATTGTTCCTCATCCGA,0
ATTGTTTACTCATCTA,0
ATTGTTTAGACGGAAT,0
ATTTAAAAAAACACTT,0
ATTTAAAACAGTAACT,0
ATTTAAAACCGATGAC,0
ATTTAAAAGTAAATCA,0
ATTTAAAAGTAATAAA,0
ATTTAAACAAGGATTC,0
ATTTAAATGCAACAGA,0
ATTTAACAATTACCAC,0
ATTTAACACTACTGTG,0
ATTTAACATGCGAAAC,0
ATTTAACTGCAGTTAG,0
ATTTAAGAGGTTGTAA,0
ATTTAAGTTGGCACAG,0
ATTTAATCCCCATGGA,0
ATTTAATCCTAATACA,0
ATTTAATCTTGAGACA,0
ATTTAATTGTAGAGAT,0
ATTTAATTTCAGATGG,0
ATTTACACCAAAGAAC,0
ATTTACCAAGGAGAAC,0
ATTTACGACACGCACG,0
ATTTACGCTCTTAACG,0
ATTTACGGTGACCGGT,0
ATTTACTATCGCAATT,0
ATTTACTGACCAGGCC,0
ATTTACTTTGGTCAAT,0
ATTTAGAAGAGGCGTA,0
ATTTAGATTAAAAACA,0
ATTTAGATTCGGTCAC,0
ATTTAGCGCAAAAAAG,0
ATTTAGGACCGACGAA,0
ATTTAGTAGTGACGTC,0
ATTTAGTGACAAGCTA,0
ATTTATAAAACAATAA,0
ATTTATAACATCAAAG,0
ATTTATACATCATGTC,0
ATTTATATAATGCCCC,0
ATTTATATCGATCCTA,0
ATTTATCCGAATTAGG,0
ATTTATGACCTGGAGA,0
ATTTATGGTTATCTAA,0
ATTTATTAGATAGTTT,0
ATTTATTCCATAAACT,0
ATTTCAACCCCTAATT,0
ATTTCAAGAAGACTCA,0
ATTTCAATCAGCAATC,0
ATTTCAATCTCTACTT,0
ATTTCAATGCAATAAA,0
ATTTCAATTCATTAAC,0
ATTTCACATACTACAC,0
ATTTCACCACCACGCT,0
ATTTCAGTCCCCAATA,0
ATTTCATACAAAGACA,0
ATTTCATATGACTTGC,0
ATTTCATCTATCATGA,0
ATTTCATGAACTGCGA,0
ATTTCCATAGCACTCT,0
ATTTCCCAACAACTAA,0
ATTTCCCAAGCTATTA,0
ATTTCCCCGCCACGCT,0
ATTTCCGTTGCCATGT,0
ATTTCCTATTTTTAGA,0
ATTTCGAGCATACAAT,0
ATTTCGCAACCCACAC,0
ATTTCGCAGACATCAC,0
ATTTCGGGTTATTCAT,0
ATTTCGTTTAACTAAA,0
ATTTCTAAGACTACTG,0
ATTTCTAATAATTTTT,0
ATTTCTCATTGTCACA,0
ATTTCTGCATCAAGTT,0
ATTTCTGTTACGCCAT,0
ATTTCTTCCATCTGAA,0
ATTTCTTGACTGACTG,0
ATTTGAAAAATATCAG,0
ATTTGAAGGCATATAG,0
ATTTGAAGGCCGCCGC,0
ATTTGAATGATTTACA,0
ATTTGAATGCAACAGA,0
ATTTGAATTCCATTAT,0
ATTTGAATTGGTCGAT,0
ATTTGACCCCGCACCC,0
ATTTGAGACATGATAA,0
ATTTGAGGGCACCGTA,0
ATTTGAGTACCCGCCT,0
ATTTGATAAGACTCGG,0
ATTTGATAATGAAAAA,0
ATTTGATCGAGCTATA,0
ATTTGATCGCGGAAGA,0
ATTTGATTAATTGCGC,0
ATTTGATTTATGGTAT,0
ATTTGCAGATATCCAG,0
ATTTGCTACCACACTC,0
ATTTGCTACCGGCCCT,0
ATTTGGAATAACCGAC,0
ATTTGGACAACAAGAC,0
ATTTGGACTTTTAACT,0
ATTTGGATCTATAGGT,0
ATTTGGCAGTTAAATG,0
ATTTGGGTCTTCAATG,0
ATTTGGTAAGCCCTAC,0
ATTTGGTTAAATGACC,0
ATTTGTAAGCAAGGGT,0
ATTTGTAATGGGTTTA,0
ATTTGTACATAATAAG,0
ATTTGTCTCCTACGAA,0
ATTTGTGCTACAAGTC,0
ATTTGTTTCAAACATT,0
ATTTTAAACACTATCA,0
ATTTTAACAGCACCTG,0
ATTTTACATAAAAGTC,0
ATTTTACCAACACTAC,0
ATTTTACCATCTCGTG,0
ATTTTACGGTTTCGAC,0
ATTTTAGACCAAACTT,0
ATTTTAGCGCCCAAAC,0
ATTTTAGGCCGTATAC,0
ATTTTATAGCATCATA,0
ATTTTATATCTAAATT,0
ATTTTATTCGGTTGGA,0
ATTTTATTTCAGGCAC,0
ATTTTCCAAACTACTC,0
ATTTTCCAAGAAGTTG,0
ATTTTCCCAATGATAA,0
ATTTTCCCTTAATATT,0
ATTTTCCTTATCTAAG,0
ATTTTCCTTCAACGCT,0
ATTTTCGTAAAAGTAC,0
ATTTTGAAAAAGTCAA,0
ATTTTGAACACAATGC,0
ATTTTGAGGAAGCATG,0
ATTTTGTATATTTTTA,0
ATTTTTAAATAATCAA,0
ATTTTTAAGCCGGCCT,0
ATTTTTACAAGGATGA,0
ATTTTTATCTCGTACA,0
ATTTTTCCCAGATCAT,0
ATTTTTCGTCTTGGAT,0
ATTTTTGACAACCATA,0
ATTTTTTCGCAGAATA,0
ATTTTTTTACATTATC,0
CAAAAAAAAACAGACT,0
CAAAAAAAAATAGCCC,0
CAAAAAAACATTGTTG,0
CAAAAAAATCTAAAAC,0
CAAAAAACTAAGTTTA,0
CAAAAAAGCACAAGTG,0
CAAAAAAGCTCAAAAC,0
CAAAAAAGGACAGATT,0
CAAAAAATACGTCACT,0
CAAAAAATCGTAATAA,0
CAAAAAATTGGACGAA,0
CAAAAACAAGCATTGG,0
CAAAAACACGAATACA,0
CAAAAACAGACACTAA,0
CAAAAACATGGCCATG,0
CAAAAACCATATATTG,0
CAAAAACGAATAATGC,0
CAAAAACGGTAATATA,0
CAAAAACTTTATCTAA,0
CAAAAACTTTTCGAAT,0
CAAAAAGAACTCAAAT,0
CAAAAAGCAACGATAG,0
CAAAAAGCGAAGCCGT,0
CAAAAAGGTCCGAAAA,0
CAAAAAGTCTGGGTTA,0
CAAAAAGTGTAGAATC,0
CAAAAATAAGCAAACT,0
CAAAAATAGATAGAGA,0
CAAAAATATTAGCCAG,0
CAAAAATCGGGAAATG,0
CAAAAATGGGATTGTG,0
CAAAAATTAAAGCACA,0
CAAAAATTAAGACCTG,0
CAAAAATTACGCCGAA,0
CAAAAATTCTATAATC,0
CAAAAATTTTACGATT,0
CAAAACAACAAACGCC,0
CAAAACAATCTGCTAA,0
CAAAACACAACAGACG,0
CAAAACACCCGGATAC,0
CAAAACACCGCGAAGA,0
CAAAACACGATGTCAG,0
CAAAACCAAAGTCGCA,0
CAAAACCAGCCGCCAA,0
CAAAACCCGCTAACAC,0
CAAAACCTTCGCGTGG,0
CAAAACGACGATCTTT,0
CAAAACGTTGATAACT,0
CAAAACTAAGTTTAAT,0
CAAAACTCAAAAATAG,0
CAAAACTCAGTTCCGA,0
CAAAACTCATACAAAA,0
CAAAACTGACCTCGAC,0
CAAAACTGGGGACCTA,0
CAAAACTGTGCCTTTA,0
CAAAACTTTACAAATG,0
CAAAAGAATGCTTGAA,0
CAAAAGACAGGCACCA,0
CAAAAGACTATTTATG,0
CAAAAGAGCAATAGTA,0
CAAAAGATAATGCTTA,0
CAAAAGATACTATTAT,0
CAAAAGATCAGTATCC,0
CAAAAGATCTTAATCA,0
CAAAAGATTACAATCT,0
CAAAAGATTCAAGTAT,0
CAAAAGCAGAACACCT,0
CAAAAGGATGGGCTAA,0
CAAAAGGTAAATTGTA,0
CAAAAGGTGTCGCGCC,0
CAAAAGGTTTGGCATC,0
CAAAAGTTTACTTAAA,0
CAAAATAAAAATTCTA,0
CAAAATAAGAAATTTA,0
CAAAATAATTTGCGTT,0
CAAAATACAAAACGCT,0
CAAAATACAAGCTCAC,0
CAAAATACGGGAACCA,0
CAAAATACTAACATGC,0
CAAAATACTAACGTAG,0
CAAAATAGAAATCGCG,0
CAAAATATGCAGTGTA,0
CAAAATCAAGAGATTA,0
CAAAATCAGATGATCA,0
CAAAATCATATAGCCT,0
CAAAATCATTATGATA,0
CAAAATCCTGTACTGA,0
CAAAATCGAGACATCT,0
CAAAATGAAGAATTCC,0
CAAAATGACTACAAGA,0
CAAAATGAGATCCTTG,0
CAAAATGATTAACCTA,0
CAAAATGCAGCGACCA,0
CAAAATGCCCTAGTAT,0
CAAAATGGACCTACAA,0
CAAAATGGTAAACTCG,0
CAAAATGTCTAGAACA,0
CAAAATGTTTACATAT,0
CAAAATTAAAGAATTG,0
CAAAATTAGTCAGATG,0
CAAAATTAGTCGCAAT,0
CAAAATTATGCTTAGC,0
CAAAATTCATCTAACC,0
CAAAATTCCACTATCT,0
CAAAATTCTGACTAAG,0
CAAAATTGTAAGAACA,0
CAAACAAAATCCCTAC,0
CAAACAAAGAAGGATC,0
CAAACAAAGCTTCGAA,0
CAAACAAATCTCAATA,0
CAAACAACATACAGGT,0
CAAACAACATTTACGA,0
CAAACAACCCACGTCA,0
CAAACAAGATACGCCC,0
CAAACAAGTGCGTTGA,0
CAAACAATATTTTCGC,0
CAAACACAGGCGAACC,0
CAAACACCAAAGCCAA,0
CAAACACCATCATGAA,0
CAAACACCGTTTAACT,0
CAAACACTTCAATGAA,0
CAAACAGAAGGAAATC,0
CAAACAGACCTCCTGT,0
CAAACAGTAAACCCAA,0
CAAACATCATTCGAAT,0
CAAACATGATGAAGCA,0
CAAACATGGTGGCTAC,0
CAAACATTACGTTGGG,0
CAAACCAAACATAGAA,0
CAAACCAAATACTTAA,0
CAAACCAACCCCGTAA,0
CAAACCAATAAACTCC,0
CAAACCACAACGAGTA,0
CAAACCATAAAATTAA,0
CAAACCCATTATCATC,0
CAAACCCGCTGTATGA,0
CAAACCCTGTCGAGAA,0
CAAACCGAATACTTAA,0
CAAACCGAGCCTATAA,0
CAAACCGCCCAATATT,0
CAAACCTTCGATTTCG,0
CAAACCTTCGCTAGAA,0
CAAACCTTCTTCACCG,0
CAAACGAAACGGGTGA,0
CAAACGACAACTCCAA,0
CAAACGAGCGCTTCAA,0
CAAACGATAAATCCGA,0
CAAACGCAAAATGCTA,0
CAAACGCAAAATTAAA,0
CAAACGCCAAGAAGTA,0
CAAACGCCACGCAAAA,0
CAAACGCCCTAGTATG,0
CAAACGCTCCAAGTAA,0
CAAACGCTCCATCAGA,0
CAAACGGAACAGGAAC,0
CAAACGGATTACGAAC,0
CAAACGTACCCTATTA,0
CAAACGTATTAACAAC,0
CAAACGTCCATCTGCG,0
CAAACGTGGACATACG,0
CAAACGTTCCATGGCC,0
CAAACTAAATACAAAA,0
CAAACTACTCCGTATT,0
CAAACTATCGTCCTTC,0
CAAACTCAAATCATAA,0
CAAACTCGTGACTTAA,0
CAAACTCTATGACCCG,0
CAAACTCTCTATGGCG,0
CAAACTGATACTGAAA,0
CAAACTGTACAATCGT,0
CAAACTTACCCGGAAA,0
CAAACTTCAACAAGAG,0
CAAACTTCTATTTGCG,0
CAAACTTGTCCTTTGC,0
CAAACTTTCAATTGTA,0
CAAACTTTTATAAAGA,0
CAAAGAAAATTCTTAA,0
CAAAGAAAGTTACGAA,0
CAAAGAAATACCACGT,0
CAAAGAACTCAGAAAA,0
CAAAGAAGACATAGAA,0
CAAAGAATGAGAGCAA,0
CAAAGACAAGAATAAG,0
CAAAGACACAGGATTG,0
CAAAGACACCTTCAAT,0
CAAAGACCATTACTAA,0
CAAAGACCGGAAACAT,0
CAAAGACCTCAGCGGA,0
CAAAGACGCCTCCTGC,0
CAAAGAGAAAATAGAC,0
CAAAGAGAACCCAATC,0
CAAAGAGCTGATGCCA,0
CAAAGAGGTTTTAATA,0
CAAAGAGTTCATACGT,0
CAAAGATAACATAAAC,0
CAAAGATAATGCGATG,0
CAAAGATACGGCTTAC,0
CAAAGATAGGCAGAAA,0
CAAAGATCACTATACG,0
CAAAGCAATGAACCAT,0
CAAAGCACTTCGGCAC,0
CAAAGCAGAGGTACTC,0
CAAAGCAGTCATATTG,0
CAAAGCAGTTTTTAAA,0
CAAAGCCCAGATGAAA,0
CAAAGCCTCCTCAGCC,0
CAAAGCGGCATTTGTA,0
CAAAGGAAAGTACAGG,0
CAAAGGACCTTGCGCA,0
CAAAGGACTCTCATAT,0
CAAAGGACTGAATCAG,0
CAAAGGAGCAATAATT,0
CAAAGGATAAGAACGG,0
CAAAGGATACCCGAGT,0
CAAAGGCGTAGAACCT,0
CAAAGGCTAGGGATAG,0
CAAAGGCTCATACAAG,0
CAAAGGGACTGGAAAA,0
CAAAGGGATAAAAGCA,0
CAAAGGTAGTTGAAAC,0
CAAAGGTGGTCACTCG,0
CAAAGGTGTTGTCTCC,0
CAAAGGTTAAAAGTTT,0
CAAAGTAAACCTGAAA,0
CAAAGTAACTCATAGT,0
CAAAGTAAGATAATTG,0
CAAAGTATGTAACATA,0
CAAAGTCACTTTTGCC,0
CAAAGTCATTAACCTA,0
CAAAGTCCATGCTGCG,0
CAAAGTGAATACCCCT,0
CAAAGTGCACACCGAA,0
CAAAGTGCACTAACAA,0
CAAAGTTAGCTTAAAC,0
CAAAGTTATATATGGT,0
CAAAGTTTACTCTACA,0
CAAAGTTTCTCTCTAC,0
CAAATAAAAATTGTAA,0
CAAATAAAATATTGCG,0
CAAATAAACAGTCATC,0
CAAATAAAGAATACAG,0
CAAATAAATACCGCCC,0
CAAATAACCTCGCTAG,0
CAAATAAGTTGAGCAT,0
CAAATAATGATTACGT,0
CAAATACAAGAGGTGT,0
CAAATACATTATAGTT,0
CAAATACCACAAATTA,0
CAAATACCACGGAGTT,0
CAAATACCGGCAAGTT,0
CAAATACCGGTATAAC,0
CAAATAGACAGGATCA,0
CAAATAGGTTTAATGA,0
CAAATAGTAGTTCACG,0
CAAATATACGCAGTTA,0
CAAATATATAAAACGC,0
CAAATATCAAAACGTA,0
CAAATATCCCATTTCA,0
CAAATATCTGACATGG,0
CAAATATGCAATTCTC,0
CAAATATTCCAGCGTG,0
CAAATCAGGTTTCGAC,0
CAAATCATTTATTGTG,0
CAAATCCAATAGTACT,0
CAAATCCGGATCAGAG,0
CAAATCCTCCCCAGAC,0
CAAATCCTTATTAGTG,0
CAAATCGACAAACATC,0
CAAATCGAGATGTGAA,0
CAAATCGCCACAAACT,0
CAAATCGTCGAAAACT,0
CAAATCTAATGATTTC,0
CAAATCTATTGTAAAC,0
CAAATCTCGAGAAATG,0
CAAATCTTAGATTTTA,0
CAAATGAAAACCTTCG,0
CAAATGAAAAGCACAC,0
CAAATGAACAAATACA,0
CAAATGAAGTAAAACA,0
CAAATGACCATATAAA,0
CAAATGATTAGAGAGA,0
CAAATGCAGACTACTC,0
CAAATGGACGCATGGG,0
CAAATGGGTAAGAATC,0
CAAATGTATACAAACC,0
CAAATTAACCTTGCAC,0
CAAATTAATCTTATTG,0
CAAATTAATTAAGACT,0
CAAATTACATCGAAAA,0
CAAATTACCGGTCATG,0
CAAATTACTCCCTGAC,0
CAAATTAGAGCTATTA,0
CAAATTAGGGTGAATC,0
CAAATTATCGTCTCAA,0
CAAATTCACCTGTGCA,0
CAAATTGCACGAATAC,0
CAAATTGGAGACAACA,0
CAAATTGGATATTGAA,0
CAAATTGGATTCGTGC,0
CAAATTGGCCCAGATG,0
CAAATTGTATCCACAA,0
CAAATTGTCAGCGGTC,0
CAAATTGTTGATGCTA,0
CAAATTTACCCTAAAG,0
CAAATTTAGGCGTGCC,0
CAAATTTCAGCAGTGA,0
CAAATTTGATAAAACT,0
CAAATTTGCTTGACAC,0
CAAATTTTTCCCTTAC,0
CAACAAAAACGGGACT,0
CAACAAAATAGACCAT,0
CAACAAATGAAACCCT,0
CAACAAATTCCGAATA,0
CAACAACATCATAGGG,0
CAACAACATGACGGAA,0
CAACAACCGTAGATAC,0
CAACAACCTAACTAGA,0
CAACAACTATCCACAA,0
CAACAACTGTAAAGCC,0
CAACAACTTAAACCGG,0
CAACAACTTATAAACA,0
CAACAAGAATAAATTT,0
CAACAAGATCAAAGTG,0
CAACAAGCCAAGATTT,0
CAACAAGCCGTAACCA,0
CAACAAGGGACTTATC,0
CAACAAGGGATGCAGG,0
CAACAAGGTAACATAT,0
CAACAATACACCCCCC,0
CAACAATACCCATCTA,0
CAACAATATCTTAAAT,0
CAACAATCTATATACG,0
CAACAATGCTATTAAC,0
CAACACAATCTAAGTT,0
CAACACCAAGCCAATA,0
CAACACCACAGTTAGT,0
CAACACCTATCTCCCC,0
CAACACGACAAATCGT,0
CAACACGACTACGTCC,0
CAACACGATACATAGC,0
CAACACGATTCATGTG,0
CAACACGCATAAATGA,0
CAACACGGCATGACCC,0
CAACACGTACTGAGAC,0
CAACACTATTGCCATA,0
CAACAGAACGGTTTAA,0
CAACAGACGGTATGGT,0
CAACAGACTAGCTTAA,0
CAACAGTAAAAATTCA,0
CAACAGTAAGGGCTGG,0
CAACAGTACAATACTT,0
CAACAGTTGGCTTTAC,0
CAACATAAACAGGGAT,0
CAACATAAATGGCGAA,0
CAACATACCAAGAATA,0
CAACATAGTAATAATG,0
CAACATAGTACATCCA,0
CAACATATAAACCCAG,0
CAACATATATCAAAGA,0
CAACATATCTGTTAAC,0
CAACATCACGCATTAC,0
CAACATCTTGAGTCCT,0
CAACATGAAATACTTC,0
CAACATTCCCAGGAAG,0
CAACATTGTCCTCGTT,0
CAACCAAAAAAAGACA,0
CAACCAATAGGTGTAT,0
CAACCAATTCCCTATC,0
CAACCAATTTATTAAA,0
CAACCACAATTACAGC,0
CAACCACAGACCAGTG,0
CAACCACCGAGCAAGA,0
CAACCACGATGAGCAG,0
CAACCACGCTCTATGT,0
CAACCACTGTGTATGG,0
CAACCAGATTATAGCG,0
CAACCAGGAAATGGGA,0
CAACCAGTGTCGTAAC,0
CAACCAGTTTAAACTA,0
CAACCATACAGCAGAC,0
CAACCATATAAGATGG,0
CAACCATGGCCACAAA,0
CAACCATTTTTATTTA,0
CAACCCAAGGAAATTC,0
CAACCCACCGAAACGC,0
CAACCCAGAGTAATAC,0
CAACCCAGTTTGCCAA,0
CAACCCATCTTACAAT,0
CAACCCATGGTTCTTC,0
CAACCCCATAAAATGT,0
CAACCCCATATCCACC,0
CAACCCCGCCTGATAA,0
CAACCCTGAATACACG,0
CAACCCTTTTTACACC,0
CAACCGAAAAGGTTTG,0
CAACCGACCAATCGAC,0
CAACCGACCGGCCCCG,0
CAACCGACGTGAGACC,0
CAACCGATAACTCGGA,0
CAACCGATCCAAATTG,0
CAACCGATTAAAAACC,0
CAACCGATTTAACTTT,0
CAACCGATTTTATGTC,0
CAACCGCCCCATACCT,0
CAACCGGATGATGATA,0
CAACCGGTTCAAAAAA,0
CAACCGTAAACAACAG,0
CAACCTAAATGACCGT,0
CAACCTACAACATGAC,0
CAACCTACATTTATGA,0
CAACCTACTGAATCCA,0
CAACCTCAAAACCGGC,0
CAACCTCAGCGCGTCA,0
CAACCTGTATCAGGAC,0
CAACCTTAACCAAACC,0
CAACCTTAGCAAGATT,0
CAACCTTATTTATCTA,0
CAACCTTCACTTACTA,0
CAACGAAAAATCTTCC,0
CAACGAAAAGCAACTA,0
CAACGACAATGCATGG,0
CAACGACACTCCAGAA,0
CAACGACAGCTTATAA,0
CAACGACCGTAAGACT,0
CAACGAGACCGCATGC,0
CAACGAGGAAAAGTAC,0
CAACGAGTCAAGTAAA,0
CAACGATAAGACCACA,0
CAACGATCAGAATGAA,0
CAACGCAGGCAAATAT,0
CAACGCGACCTGAATA,0
CAACGCGCTGGGCGTC,0
CAACGGAAGTACAGAG,0
CAACGGACGCCGAGTC,0
CAACGGACTTAGCGGT,0
CAACGGCCCCACACTG,0
CAACGGGCCTATAAAC,0
CAACGGTGGATTGAGG,0
CAACGGTTCCCGAACT,0
CAACGGTTGTCATTTC,0
CAACGTATAAAAGCCA,0
CAACGTCCCGTATCAG,0
CAACGTCCTTTTTGCC,0
CAACGTCGAGCCTTAT,0
CAACGTCGATGGACGC,0
CAACGTCGCAGCTTAT,0
CAACGTTAAGGTATGA,0
CAACGTTACATCTGCC,0
CAACGTTTCTCATTAG,0
CAACTAAAATTATACC,0
CAACTAAACCTCACAC,0
CAACTAAAGTATAGGG,0
CAACTAACAGGAAAGA,0
CAACTAATCCATTGGA,0
CAACTAATCTTACAGC,0
CAACTAATGTTGAGTA,0
CAACTACCAAGATACC,0
CAACTACCATTCATTG,0
CAACTACCCTTATTTA,0
CAACTACTCTTGCACC,0
CAACTAGTGGGTCCTC,0
CAACTATAGGAATATC,0
CAACTATTAACGACCA,0
CAACTCACACAGATGT,0
CAACTCATTTAAATAA,0
CAACTCCAACATGGAG,0
CAACTCCACGCCAGTA,0
CAACTCCACTAAATGT,0
CAACTCCCATCAAAGT,0
CAACTCCTACTCACAC,0
CAACTCCTTACAGGCA,0
CAACTCGAGCGTCAAT,0
CAACTCGCACAAATAC,0
CAACTCTACAAATTAT,0
CAACTCTCTCGACAAG,0
CAACTCTGTTCACCTA,0
CAACTGAAATTTGCGA,0
CAACTGAACCGATTAG,0
CAACTGAATAAACTCA,0
CAACTGATATACCTGT,0
CAACTGATTACAAAGT,0
CAACTGATTATTTTCC,0
CAACTGCAAAAATCGC,0
CAACTGGCCAACATTT,0
CAACTGGTACGCCAAC,0
CAACTGTTAGCATATG,0
CAACTGTTTTTCTAAC,0
CAACTTAACATCGTCA,0
CAACTTAACTGAACAG,0
CAACTTAAGTAATTGT,0
CAACTTAGGAAGGACT,0
CAACTTCAAGACCCGG,0
CAACTTCGACTACCCG,0
CAACTTCGATTGATAC,0
CAACTTGATGCTATAT,0
CAACTTGTAACAAGTC,0
CAACTTTAACGAATAA,0
CAACTTTACTTGCGTT,0
CAACTTTCGGTTTTAG,0
CAACTTTGAGATCTCT,0
CAAGAAAAATGATGGA,0
CAAGAAAATCCTATAA,0
CAAGAAACATTGACGA,0
CAAGAAACTATTGGTA,0
CAAGAAAGACAACACC,0
CAAGAAAGGAAACCCA,0
CAAGAAAGTCCTCAAA,0
CAAGAAATATCGGCCC,0
CAAGAAATTCAATAAT,0
CAAGAAATTGAACGCG,0
CAAGAACAAAGTACGA,0
CAAGAACGATTATCTA,0
CAAGAACTACCAGCTA,0
CAAGAACTAGCAATTA,0
CAAGAAGCACAAGAAC,0
CAAGAAGCCTACACAT,0
CAAGAAGTACGATAGA,0
CAAGAAGTTACGGCCT,0
CAAGAAGTTTCTTTGC,0
CAAGAATTAAGTAGCC,0
CAAGAATTGAAAAATA,0
CAAGAATTTATAGCGC,0
CAAGACAACCCAAAAA,0
CAAGACACAATTGGCC,0
CAAGACACGTATCAAT,0
CAAGACAGGATAATTA,0
CAAGACATATCGAGAC,0
CAAGACCAATGATTCA,0
CAAGACCAGGGAACCG,0
CAAGACCTAAGATGCG,0
CAAGACGATCAGATCG,0
CAAGACGCCAAAAAAA,0
CAAGACGGTTAAAGAG,0
CAAGACTAGAACCTTG,0
CAAGACTAGTACGTGA,0
CAAGAGAGGTGCCAAC,0
CAAGAGATACGAGACG,0
CAAGAGATAGACCTGA,0
CAAGAGGAACGCGACA,0
CAAGAGGAAGTATCAC,0
CAAGAGGCATACTTTC,0
CAAGAGGCGCGCCTTG,0
CAAGAGTACCACAAAT,0
CAAGAGTATACGGTGA,0
CAAGAGTCGCCCAAAT,0
CAAGAGTGCGAGGAAG,0
CAAGAGTTTCAAGCTA,0
CAAGATACTCACCCTT,0
CAAGATCAACTTACGC,0
CAAGATGAACCACATC,0
CAAGATGAATTCATAA,0
CAAGATGCACTGAAAA,0
CAAGATGTTACTAAAA,0
CAAGATGTTGCAAAAC,0
CAAGATTAAAATAGTT,0
CAAGATTGGGAGATCT,0
CAAGCAAACTTGTCGC,0
CAAGCAATGCATACGT,0
CAAGCACCCGAAAAAA,0
CAAGCAGAAGCAAAAA,0
CAAGCAGATCTTGGTG,0
CAAGCAGGGGGAATTG,0
CAAGCAGTAAACTGTT,0
CAAGCAGTATCGGACC,0
CAAGCAGTGCATGTAC,0
CAAGCAGTTACTCCCG,0
CAAGCATGATAGATGT,0
CAAGCCACGTCTCCCA,0
CAAGCCATCACTGATG,0
CAAGCCCCCACATGCG,0
CAAGCCCGACCCCATC,0
CAAGCCCTGAACGGTA,0
CAAGCCGGTGCATAAA,0
CAAGCCTAATAAGCGA,0
CAAGCCTGGTATAATA,0
CAAGCCTTATCATACA,0
CAAGCGACCTGCCTCA,0
CAAGCGGAAAAACCAT,0
CAAGCGGAGCAACAGG,0
CAAGCTGAATTGCTTG,0
CAAGCTTATATCTGAA,0
CAAGCTTGACACACTT,0
CAAGCTTTTAAATGAG,0
CAAGGAAAGGCGACAT,0
CAAGGAACCTACTACA,0
CAAGGAAGCCGCCTTA,0
CAAGGACAAGTGCGCA,0
CAAGGACAATGTCAGA,0
CAAGGACAATTTGGAA,0
CAAGGACATGAGGGCC,0
CAAGGACCATTGATCC,0
CAAGGACGGACGTTAA,0
CAAGGAGATCTTTAAC,0
CAAGGAGCCATTACTA,0
CAAGGAGGCAAGGATT,0
CAAGGAGGTTACTAAA,0
CAAGGAGTTTTTTTCA,0
CAAGGATTAGGGACAT,0
CAAGGATTCTAGATCT,0
CAAGGCAAAACATAGC,0
CAAGGCAATACCTGAC,0
CAAGGCAGACCAAAAA,0
CAAGGCAGCACGTTAA,0
CAAGGGATAAACCTCT,0
CAAGGGATGGTCACCG,0
CAAGGGCTTCTTATTT,0
CAAGGGGAGGCACCAT,0
CAAGGGTATATAACAC,0
CAAGGGTGGCTATCTA,0
CAAGGTACGAAAATAA,0
CAAGGTCATATGTAAG,0
CAAGGTCATCCCTGTC,0
CAAGGTCCAGCGTAAA,0
CAAGGTCGGGCCGTAC,0
CAAGGTGTCCGAGCAT,0
CAAGGTGTTAATCACA,0
CAAGGTGTTAGTACGA,0
CAAGGTTGTCGCATCT,0
CAAGTAAAAATTGCAA,0
CAAGTAAAGTATTGGC,0
CAAGTAAGCACTTCTC,0
CAAGTAGCAAAAAGCT,0
CAAGTATATGCACATT,0
CAAGTATTCTCAAGTA,0
CAAGTCACCATATCTC,0
CAAGTCAGACGATTTA,0
CAAGTCATTAGTAAGA,0
CAAGTCCGCATGTGTA,0
CAAGTCTCATCTAATT,0
CAAGTCTCTGTCTACG,0
CAAGTCTCTTATTAAA,0
CAAGTGAAGACACAAT,0
CAAGTGACCGCCACCA,0
CAAGTGAGAACAACTG,0
CAAGTGAGCATTACCA,0
CAAGTGCTCTATAATG,0
CAAGTGCTGAATATAA,0
CAAGTGGACCGATTAA,0
CAAGTGGACTATGGGT,0
CAAGTGTTAAAATAAG,0
CAAGTTAATAAAATCA,0
CAAGTTAATGTGGACC,0
CAAGTTAATTAATGAC,0
CAAGTTAGCCTTACCG,0
CAAGTTAGCTTGTAAT,0
CAAGTTCCCGCATGTA,0
CAAGTTCGAAACGAAC,0
CAAGTTGAACTCGACA,0
CAAGTTGAGAAGTAAT,0
CAAGTTGATTATATTA,0
CAAGTTGCTAGAAAAA,0
CAAGTTGGTAAAATCA,0
CAAGTTGTAATAGGAA,0
CAAGTTGTCGGAGACG,0
CAAGTTTACAAGTGGT,0
CAAGTTTTATGTTCGC,0
CAATAAAAAAAATAGA,0
CAATAAAAACAACGAT,0
CAATAAAAATGCAGTG,0
CAATAAAACAGGGCCA,0
CAATAAAACCGATGAG,0
CAATAAAACCGGAAAA,0
CAATAAAACTCAATAA,0
CAATAAACATCAAAGC,0
CAATAAATTAACATAT,0
CAATAAATTTATAACA,0
CAATAACACTAACTGT,0
CAATAACAGACTGACG,0
CAATAACAGTACTCGC,0
CAATAACAGTCGAACG,0
CAATAACATCCCAAGC,0
CAATAACCTAGAGATG,0
CAATAACGAGAACAAA,0
CAATAACGGCGTCAAC,0
CAATAACTAACATAAA,0
CAATAACTCAATTAAG,0
CAATAAGTAAGCCTAA,0
CAATAATACATTTACT,0
CAATAATAGAATAATA,0
CAATAATCACCCATAT,0
CAATAATGAAAAAATC,0
CAATAATTCACTAACC,0
CAATAATTTAATGTCT,0
CAATACAAACTAAGGG,0
CAATACCGCCGCAGGC,0
CAATACGATAAACCGA,0
CAATACGCATCCATAC,0
CAATACGCTGCATAAT,0
CAATACTAAACATACT,0
CAATACTAGAGAGGCA,0
CAATACTATATTCCTC,0
CAATACTGACTGCACG,0
CAATACTTACAACTAG,0
CAATAGAAAACAGCCC,0
CAATAGAACAACTAGC,0
CAATAGAAGCTTTGGA,0
CAATAGACTAGTGGAC,0
CAATAGAGAGGGGTTC,0
CAATAGCAACATTGCT,0
CAATAGCAATTTAGTT,0
CAATAGCATATCTGGA,0
CAATAGCCCTTTGAAT,0
CAATAGCTGGATTATA,0
CAATAGGTTAATGACA,0
CAATAGGTTGATCAGG,0
CAATAGTAAACGATGG,0
CAATAGTAACCAAGTT,0
CAATAGTAATAAAAAG,0
CAATAGTCCAGGATGA,0
CAATAGTGGGACAATT,0
CAATAGTTTAAATGAA,0
CAATATAACGACCAAA,0
CAATATAATGTATGCC,0
CAATATATAACCCAGA,0
CAATATATGCACAAAA,0
CAATATCAAACGTACG,0
CAATATCACAGAGGAC,0
CAATATCCTTCGTCTA,0
CAATATCTCTGATGCA,0
CAATATGCACGTGATC,0
CAATATGCTGCGACAT,0
CAATATGGCTCGATTA,0
CAATATGGTTGCCATC,0
CAATATGTGGCTAAAC,0
CAATATTAAGACAATG,0
CAATATTACTAAGAAG,0
CAATATTAGTAATGTG,0
CAATATTCGAACGAGG,0
CAATATTGCCATGAAA,0
CAATATTTACTCTTAT,0
CAATCAAAGCTAAACC,0
CAATCAACAGCCTTTC,0
CAATCAACTTAGGGAA,0
CAATCAATAGATCTAC,0
CAATCAATCAGCCTCA,0
CAATCACAGTTCACTA,0
CAATCACCCTCTGGAA,0
CAATCACCTGTGACAA,0
CAATCACGTCAATTCT,0
CAATCAGAACCAATAC,0
CAATCAGAATAATCCA,0
CAATCAGACGAATTTC,0
CAATCAGCATACATAA,0
CAATCAGGCAATCCGA,0
CAATCAGTACAATTAT,0
CAATCAGTAGAGCCTT,0
CAATCATAAGCTCGAT,0
CAATCATATTATCTAG,0
CAATCATCGAAAGTAC,0
CAATCATCGCTCACAA,0
CAATCCAGGTTATGAT,0
CAATCCCGATCACCTC,0
CAATCGAAATAGTGTC,0
CAATCGAACAGATGCG,0
CAATCGAAGCATTAAC,0
CAATCGATAGACATAG,0
CAATCGATCTCCGCAA,0
CAATCGATTCACAAGT,0
CAATCTACAGTTGTAG,0
CAATCTACTGGAACAA,0
CAATCTATACTAACAA,0
CAATCTCAGGTATATT,0
CAATCTCCAAGACCGA,0
CAATCTGATAACTGGC,0
CAATCTGATCCAGAAA,0
CAATCTGCTGCCCAGG,0
CAATCTTCGCGGTGTG,0
CAATGAAACGCTAAAC,0
CAATGAAATACCAACG,0
CAATGAAATTCGAAAA,0
CAATGAACCCTGGACG,0
CAATGAATATTGAAAG,0
CAATGACCCTTATGCG,0
CAATGACCTTACATAA,0
CAATGACCTTCCCTAG,0
CAATGATAATGAACCA,0
CAATGCATAAATGAAC,0
CAATGCCAACACGATA,0
CAATGCCCTCAATAGT,0
CAATGCCGTCTATAGT,0
CAATGCGAGCGAGCGC,0
CAATGCGAGCTAAAAC,0
CAATGGACTCTTATGC,0
CAATGGAGCAATAAAA,0
CAATGGATGTTGTGGC,0
CAATGGCTAAATGGAG,0
CAATGGGATCGTATCT,0
CAATGGGTAAACCGAC,0
CAATGGTAAGAAATAC,0
CAATGGTCTCAAAAGC,0
CAATGGTGAAATCACT,0
CAATGTAAAAATGCCA,0
CAATGTAACACGAAAC,0
CAATGTAAGAAAGCCT,0
CAATGTAGGCTAGACC,0
CAATGTATAATTATAC,0
CAATGTGACTAATTTG,0
CAATGTGCCCCTTTCA,0
CAATGTGTTTCGCTAA,0
CAATGTTCAGATATTG,0
CAATGTTCCAAAACAT,0
CAATGTTTTTGGGACC,0
CAATTAAAAAAAACAA,0
CAATTAAACAGCCAAC,0
CAATTAAATCATTCAG,0
CAATTAACAACTAGTA,0
CAATTAACGTAAAACA,0
CAATTAAGCATCACCA,0
CAATTAAGTAAATAAC,0
CAATTAATAACCCGGT,0
CAATTAATCACAGTAA,0
CAATTACGTACCATAT,0
CAATTACTTACGAGCA,0
CAATTAGCCCTCTAGG,0
CAATTAGCTAGGCGAA,0
CAATTAGGCCTATAAA,0
CAATTATACAATACAA,0
CAATTATCCGTAATAA,0
CAATTATTGTTGTTCC,0
CAATTCAACACCCAAC,0
CAATTCACCAATTGTA,0
CAATTCACGTCGCTAT,0
CAATTCACTACATAAA,0
CAATTCAGAATGACAC,0
CAATTCATCCCAAACG,0
CAATTCATCGGAAATA,0
CAATTCATTCATTGAA,0
CAATTCCTAGGTGCAT,0
CAATTCCTTCTTATAC,0
CAATTCGAGATTTAAT,0
CAATTCGTCCATTTAC,0
CAATTCTAAAAGAATT,0
CAATTCTAAAAGACAA,0
CAATTCTAAAATCCAG,0
CAATTGAAAAAGCAGA,0
CAATTGAGCGCAAAAG,0
CAATTGATGAATATAC,0
CAATTGGACTATGCGT,0
CAATTGGGCAATTAGA,0
CAATTGGTAAAAAATC,0
CAATTGTTAAAGTAAG,0
CAATTGTTAATCTTAA,0
CAATTTAAAATTCTGT,0
CAATTTAACAACGATG,0
CAATTTACACATTGTG,0
CAATTTGAAATTTGTA,0
CAATTTGAGTCTATTC,0
CAATTTGATCAGCATC,0
CAATTTGCCCTACCTC,0
CAATTTGGTAATCTCC,0
CAATTTTATGTCTATA,0
CAATTTTCAGAAGAGA,0
CAATTTTGGACTAACA,0
CAATTTTGTTCGAACC,0
CACAAAACAGCGCTCC,0
CACAAACATAGTTGAA,0
CACAAACCCGTAAATT,0
CACAAAGCAGTTGATC,0
CACAAAGTAAAAACGC,0
CACAAATAACAACCCG,0
CACAAATAATAAAGAT,0
CACAAATCTTGATAGC,0
CACAAATGAATTGCCC,0
CACAAATTACAGGCAA,0
CACAAATTACCAAAAT,0
CACAACAAAAAGCTAG,0
CACAACAAAAATACAG,0
CACAACACTAGGAAAC,0
CACAACCCACATAATA,0
CACAACGAAATGGATC,0
CACAACGCAATAAAGC,0
CACAACTAAAACCTCA,0
CACAACTCTGGTAATA,0
CACAAGATACGTATTA,0
CACAAGCAAGAATTGC,0
CACAAGCTACTCCGAT,0
CACAAGGAAGGGGAGT,0
CACAAGTAGCCAAAGG,0
CACAAGTGAATAACTC,0
CACAAGTTACTCATCC,0
CACAAGTTATTCAAGC,0
CACAATAAAGTTTTAA,0
CACAATACAACCGTCC,0
CACAATACCTACTAAG,0
CACAATAGATTACATT,0
CACAATAGGCACAGAC,0
CACAATCGAATTCCTG,0
CACAATGGCCCAGTCA,0
CACAATGTGAGATGAC,0
CACAATTACCTTCTCA,0
CACAATTTTAGCGAGA,0
CACACAAACCAGTCAA,0
CACACAAAGCAAAGTG,0
CACACAACATTAACCT,0
CACACAATAATTCTTG,0
CACACACATGCTTGGC,0
CACACACCGTCGCAGA,0
CACACACGAAGGCCAG,0
CACACACGGGGCTTAC,0
CACACACTATGAAAAG,0
CACACAGATAGAAAAA,0
CACACAGCTAACTCCT,0
CACACATAATGGGGGG,0
CACACATATCCTAGTC,0
CACACATCGAAAATAC,0
CACACATTACAACCGA,0
CACACATTCGCCATCG,0
CACACCAAAGAAGAAA,0
CACACCAAAGAATATG,0
CACACCAAGAATGACC,0
CACACCAGTTCCAATC,0
CACACCATGTCTTCGA,0
CACACCGATAAACTGA,0
CACACCGATTGAATTT,0
CACACCGCCGAGACAC,0
CACACCGGAGACCTAA,0
CACACCTGCACAACAA,0
CACACTAATAGGTCTC,0
CACACTACAGAGGAAA,0
CACACTAGTTTGTGAG,0
CACACTATCAACAGCC,0
CACACTGAAGGCCACT,0
CACACTGTGATGAAAA,0
CACACTTTAAACTCAG,0
CACACTTTTAAAAGAG,0
CACAGAAAAGATTGAA,0
CACAGAAGTCTTACAT,0
CACAGACAGATGATTA,0
CACAGATTACAAGCCG,0
CACAGCAAACTGTAAT,0
CACAGCATAGTCAATG,0
CACAGCCGAATATCTA,0
CACAGCGATCCTGTGT,0
CACAGCTATAAGCCCC,0
CACAGGAACAAATTGT,0
CACAGGAAGAGCTAAA,0
CACAGGAGACAAAGCA,0
CACAGGAGCTTCGACC,0
CACAGTAGCACACGAA,0
CACAGTCTCGCACCTG,0
CACAGTTGCAATATTT,0
CACATAACTAATCGTA,0
CACATAATATTAACAA,0
CACATAATCAAAAGGG,0
CACATAATCAATTTAT,0
CACATAATTGTAGACT,0
CACATACAATCTATCG,0
CACATACATACAAATG,0
CACATACCGGTCGGAG,0
CACATAGAACCGTAGG,0
CACATAGAATATTACA,0
CACATAGGCTTCCACT,0
CACATCAAATCATTCG,0
CACATCAGGACCTAGA,0
CACATCATTTCGCGCT,0
CACATCCAGCTGATAA,0
CACATCGACACAAATC,0
CACATCGTACATGAAA,0
CACATCTAGAGCCGTC,0
CACATCTCACAATCTG,0
CACATCTTTAAGTATT,0
CACATGAACTGCAAAA,0
CACATGAACTGTATCT,0
CACATGAAGCCTTGAA,0
CACATGAGACGCTCAT,0
CACATGAGACGTTAAA,0
CACATGATTGTCTAAT,0
CACATGCATCAGACGG,0
CACATGCGACGTATCA,0
CACATGTAAGTTCCTA,0
CACATGTACATAGCGT,0
CACATGTCCCAAGAAA,0
CACATGTCTAATATTA,0
CACATGTTGGCAAAGT,0
CACATGTTTTGATACC,0
CACATTACAGACGATA,0
CACATTACTGACAAGT,0
CACATTCATACAAAAG,0
CACATTCGACCGCAAA,0
CACATTCGTACGTAGC,0
CACATTGAATAAGATT,0
CACATTGCGGCTATTT,0
CACATTGTAACTCAAC,0
CACATTGTACTGAATA,0
CACATTTAGTAGCTAG,0
CACATTTAGTTCGAGT,0
CACATTTGACTCGCTA,0
CACCAAAAAAGGCTAT,0
CACCAAAAATATCGAT,0
CACCAAAATGCTTGCC,0
CACCAAAGCGCCAGCC,0
CACCAAGAAGCACCTC,0
CACCAAGACACGCATG,0
CACCAAGTTAGCAGAG,0
CACCAATAATATTGAG,0
CACCAATACTGAGATG,0
CACCAATGGGCTCTGA,0
CACCACAAACAACCCT,0
CACCACAACCTTGTTT,0
CACCACACAACTACTA,0
CACCACATAAAAAGTC,0
CACCACATCCAACTAC,0
CACCACATGAATGAAG,0
CACCACATTAAAGGCT,0
CACCACCCTGGCGCAC,0
CACCACTACTAAAAAC,0
CACCACTGTAAAACTT,0
CACCACTTTAAATTTA,0
CACCAGAAGGAAAACA,0
CACCAGAATAAAATAA,0
CACCAGAGAACTAGAG,0
CACCAGAGAATAACAT,0
CACCAGCGAACCTGTA,0
CACCAGTCTTGAAGTT,0
CACCAGTGATATGACA,0
CACCAGTTATTGCTCA,0
CACCATAAGATAAACA,0
CACCATAATTACTTTA,0
CACCATACCGCTAATG,0
CACCATACTTAAAAGC,0
CACCATAGATTAGGAA,0
CACCATAGTAGGAAAT,0
CACCATAGTATGTATA,0
CACCATATCCAATTAT,0
CACCATCAAGACCAGG,0
CACCATCCCGAACACC,0
CACCATCCGATTCCAA,0
CACCATCGCTTCTGCT,0
CACCATGAACACCAAA,0
CACCATGAATCACGCA,0
CACCATGACAATAACC,0
CACCATTAAACAACGA,0
CACCATTAACAGCAAA,0
CACCCAAACTAGCTTT,0
CACCCAACAAACTAAA,0
CACCCAACCAAGTCTG,0
CACCCAACCCCGAACT,0
CACCCAATAAGAAGAA,0
CACCCACAGCATAAGA,0
CACCCACTTTCACCCA,0
CACCCAGGATTACACA,0
CACCCAGGCATTTATG,0
CACCCCAACACAAACG,0
CACCCCACACCGTTAT,0
CACCCCAGCTTTTCCA,0
CACCCCAGGCAGGTCC,0
CACCCCAGTAGATAAC,0
CACCCCGTGACTCTAA,0
CACCCCTAAATTCTAG,0
CACCCCTATTCACAAT,0
CACCCGAATCTTACTA,0
CACCCGACTAAGTGAT,0
CACCCGGACCCCGTAC,0
CACCCGTATAGTAGAA,0
CACCCTCAGAGTAACA,0
CACCCTTTAAAAATAT,0
CACCGAACTAGGACAA,0
CACCGAAGGATCGACT,0
CACCGAATCACATCAG,0
CACCGACTACTCCAAG,0
CACCGAGGATGCGGGT,0
CACCGGAACTTTAGAT,0
CACCGGCAAAATTTAG,0
CACCGGCAGTTTACGA,0
CACCGGTGCGGTACGC,0
CACCGGTTCCATAAGC,0
CACCGTAACCTTGGTC,0
CACCGTAGCAGGCAAG,0
CACCGTATAAGTCATG,0
CACCGTATGTTCCCAC,0
CACCGTTCCTATAGAC,0
CACCGTTTATGTTAAA,0
CACCGTTTTTACATCA,0
CACCTAAAAAAATCTA,0
CACCTAAAAACAAGAC,0
CACCTAAAACTATATA,0
CACCTAAAATCCGTCG,0
CACCTAAAGAACCTAA,0
CACCTAAATGCTGAAG,0
CACCTAAGCAAACATG,0
CACCTACCAAATTTAT,0
CACCTACGAGCACGCA,0
CACCTACGATACACAC,0
CACCTACTAAAAAGGA,0
CACCTACTATATTTAG,0
CACCTAGTACCCACGT,0
CACCTAGTCAGAGTTT,0
CACCTATCCGCTAACT,0
CACCTCAATAAGAGGC,0
CACCTCACGAGCTTGG,0
CACCTCGCTAAAAAGT,0
CACCTCTCAACCCATG,0
CACCTCTGAACAGGTC,0
CACCTGAGAAAATTAT,0
CACCTGCTCTATTGTG,0
CACCTGGTACCGTACA,0
CACCTGTAAAGCAGGT,0
CACCTGTTTATTATCC,0
CACCTTACCCGTGAAA,0
CACCTTACTAGTGTAT,0
CACCTTAGTGTACTAA,0
CACCTTCACACCCCGA,0
CACCTTCCAAAGGACA,0
CACCTTTATAATATTT,0
CACCTTTCAACTGACC,0
CACCTTTTTCTAAAAT,0
CACGAAAAATCTCCAC,0
CACGAAATACCTCACT,0
CACGAAATATCCACTC,0
CACGAACAAGATAAAT,0
CACGAACAGGAGACAG,0
CACGAACATTCTAATG,0
CACGAACCCAAAATAA,0
CACGAACGGGCAGGTC,0
CACGAACTTTAACATA,0
CACGAAGATCAAGTAA,0
CACGAAGTCTTAAAAA,0
CACGAATAGATCGTAG,0
CACGAATAGCAACAAT,0
CACGAATATGACTTTT,0
CACGAATCAGAGGCGT,0
CACGAATGACAAAAAC,0
CACGACACAGTCATCT,0
CACGACATACGTAGTC,0
CACGACCTAAAATTTT,0
CACGACTAATTTGGCG,0
CACGACTCAACCCATA,0
CACGACTCAATCATGC,0
CACGACTCTTCACTCT,0
CACGAGAAAGTACCCC,0
CACGAGCAGCAATAAA,0
CACGAGTAGAACTTTA,0
CACGAGTGTATATGAC,0
CACGATAAAGATTCCC,0
CACGATAGAAAATTGA,0
CACGATAGAGACGTAG,0
CACGATCATAAGCTTG,0
CACGATCTAATGTACA,0
CACGATTACACTCGTA,0
CACGATTACCGGAGCC,0
CACGATTCGGCGTTGC,0
CACGATTGAAAACATC,0
CACGATTTCTCCATGA,0
CACGCAAACATCTGTC,0
CACGCAAGAAATTACT,0
CACGCCAACATGCATC,0
CACGCCACCCCTGATT,0
CACGCCAGGTAAGCTC,0
CACGCCCCAATTTAGG,0
CACGCCCCCACAGATC,0
CACGCCCCCTTACACC,0
CACGCCCTGAGTGGCT,0
CACGCCGATCAAAATC,0
CACGCCGTATGTAAGC,0
CACGCCTAGAAACTCT,0
CACGCCTGAAATTGTC,0
CACGCGATAAAACCGA,0
CACGCTAGCGTAATAC,0
CACGCTCACCTATGGT,0
CACGCTCTGTGTCACC,0
CACGCTTACACAATCG,0
CACGGAAAAACAACGA,0
CACGGAACAAGATTGA,0
CACGGAACAGTCAAGA,0
CACGGAACTGGTCGAC,0
CACGGAAGTTACCCAA,0
CACGGACGTATAACAC,0
CACGGACTCATATACA,0
CACGGACTCTCAAATA,0
CACGGACTGATAAAAC,0
CACGGAGATGATGAAA,0
CACGGATCAAACTAAT,0
CACGGCCACCTTCAGG,0
CACGGCGCAGAGAAGC,0
CACGGCGCCTCTATCA,0
CACGGCGTAATCTCTA,0
CACGGCGTCAAACTGG,0
CACGGCTACTATTAAT,0
CACGGCTCGTTACAAA,0
CACGGGAACACATCGT,0
CACGGGAATCCAATAC,0
CACGGGAGTCCAACCG,0
CACGGGATTCGCCAAA,0
CACGGTAGTAGAAAGT,0
CACGGTTGTACTCCGA,0
CACGTAAACCCCCTCC,0
CACGTAAGACATGGTA,0
CACGTACTGCACCTGA,0
CACGTAGCAGCGTTTC,0
CACGTAGCGATTGTGC,0
CACGTAGTCGAATTTA,0
CACGTATATAACGCAA,0
CACGTATCAGAGGGGG,0
CACGTATCCAAACCAA,0
CACGTATTTGATTACA,0
CACGTCAACAGGTCTA,0
CACGTCCTTAGCCTTA,0
CACGTGGGAGGTTCTT,0
CACGTGTCCCAAGATG,0
CACGTTACATGACACA,0
CACGTTATAACTAACA,0
CACGTTATAATACCTT,0
CACGTTCAAGATGATG,0
CACGTTCTAGTTCGCT,0
CACGTTGAAAAATTAA,0
CACGTTGACCCATAGA,0
CACGTTGCGGAACAAA,0
CACGTTGGCACTATGT,0
CACGTTGTGTTTAAAC,0
CACTAAAAAGTTAAAG,0
CACTAAAAATCCACTG,0
CACTAAAAGCAAACAC,0
CACTAAACGAGGTCAT,0
CACTAAAGAACTATAC,0
CACTAACCAGTTTACA,0
CACTAACCGTACCGAA,0
CACTAACCGTGCATCT,0
CACTAACTCGAATAGC,0
CACTAAGGGTTAACAC,0
CACTAATAATCAAACA,0
CACTAATGATTTGATA,0
CACTAATTCATCGGCG,0
CACTAATTCTCGACGT,0
CACTACAAGGATTGCT,0
CACTACAGCTGAGAGC,0
CACTACCCGTGTACAC,0
CACTACCTATGTTACC,0
CACTACGATACATCAA,0
CACTACGCCAGGGAAC,0
CACTACGCCCCTAACC,0
CACTACGGTTTTACGG,0
CACTACTATCCACCAC,0
CACTACTCCGTTAGAG,0
CACTACTTAATACAAT,0
CACTACTTGTCTAACA,0
CACTAGAAATACATGT,0
CACTAGAATGGCTTTA,0
CACTAGAGGACCTATC,0
CACTAGAGTAAAATCA,0
CACTAGATAGGCAACC,0
CACTAGCAGAAGACCG,0
CACTAGCATGTACAAC,0
CACTAGGAGTAATAGT,0
CACTAGGGTATTACAA,0
CACTAGGTAGCCGAAT,0
CACTAGTATATTAATT,0
CACTAGTGCAAGAATT,0
CACTATAAAAATACCA,0
CACTATACTACATTAT,0
CACTATATGATCTCAG,0
CACTATGAGGTCCCGA,0
CACTATTATAGACATA,0
CACTATTCTTGCAAGG,0
CACTCAATGGCGTAGA,0
CACTCACACATCAGTA,0
CACTCACATATTTAAA,0
CACTCACCTAATCACC,0
CACTCAGGAATTGAAC,0
CACTCAGTCTAATCCG,0
CACTCATAATATCCGA,0
CACTCATAGGTAAGAC,0
CACTCATAGTCGACAC,0
CACTCATCAAAACCGA,0
CACTCATCACATATTA,0
CACTCCAACATATACA,0
CACTCCAGTAGAAACA,0
CACTCCTCCCCGACAA,0
CACTCCTGATAGTCAT,0
CACTCGAGGGGTAGAA,0
CACTCGAGTAAAACAA,0
CACTCGAGTACAATAC,0
CACTCGCACCAACCAC,0
CACTCGCGAGAACCAG,0
CACTCGGAATACATTT,0
CACTCTAAGCGGGCTG,0
CACTCTACAGGCAACA,0
CACTCTCCGGTTCGCT,0
CACTCTCGCTCGGATA,0
CACTCTGGAACGGTAA,0
CACTCTTACGAACGTT,0
CACTCTTATGATACAC,0
CACTGAAAAATTAATA,0
CACTGAAACCAGACCA,0
CACTGAAACCCACTAT,0
CACTGACACTTAGACT,0
CACTGAGATTAAATAT,0
CACTGATCCAAAAACA,0
CACTGCACCTACTGGC,0
CACTGCACGCTCAGAT,0
CACTGCACGTTTGAAA,0
CACTGCGCTTACTAAA,0
CACTGCTGATCTTCGA,0
CACTGGAAAGCGATTG,0
CACTGGATGTGCATAA,0
CACTGGCCATAATTAG,0
CACTGTAATGACTACG,0
CACTGTACCTCAGCCC,0
CACTGTCCAATAACTA,0
CACTGTGGCTACGCAT,0
CACTGTTGGCACAAGT,0
CACTTAAAGAATAGCA,0
CACTTAAAGTAAATCG,0
CACTTAACCGTTCTCA,0
CACTTACATAGTAACT,0
CACTTACGAGAACTCA,0
CACTTCCGCCCTATCC,0
CACTTCGGACAGTAGC,0
CACTTCGTGGACAAGA,0
CACTTCTGAATAAGTC,0
CACTTGACCGGAATCT,0
CACTTGAGAATGACCC,0
CACTTGCAATAACAGT,0
CACTTGCATATCCGGC,0
CACTTGCCTAAGACAA,0
CACTTGGCTTCCGACT,0
CACTTGTACAAACGCA,0
CACTTGTCCACGGCTA,0
CACTTGTCTACGCATA,0
CACTTTAACTTCTACG,0
CACTTTATAACAAGAC,0
CACTTTATACTAATTA,0
CACTTTCACAAATTCG,0
CACTTTCGAAAAGCGT,0
CACTTTCGGTATATAT,0
CACTTTCTAATTTGTG,0
CACTTTGAAAGACAAA,0
CACTTTGAATGCCAAA,0
CACTTTGTCGCCCACG,0
CACTTTTCATACCTCA,0
CACTTTTGAAATAGCT,0
CAGAAAAAAAGTGGAC,0
CAGAAAAATCAAAACA,0
CAGAAAAATGAAGAAG,0
CAGAAAAGTCAGAATG,0
CAGAAAATAACGAGAT,0
CAGAAAATAATTACAC,0
CAGAAACAAACTTTGT,0
CAGAAACCAACGAACA,0
CAGAAACCCAGAAGTC,0
CAGAAACCGTTGAATA,0
CAGAAACGACAAATCT,0
CAGAAACGTAGCGACT,0
CAGAAACTCCCTAGTA,0
CAGAAAGAAACCTACA,0
CAGAAAGACGAAGAAA,0
CAGAAATACTAAGAAC,0
CAGAAATCTAGATACA,0
CAGAAATGAAAAGCAG,0
CAGAAATGTAAATTTA,0
CAGAAATTGTACCGCA,0
CAGAACAATAAGCCAC,0
CAGAACACGGATGACG,0
CAGAACAGATGCAAAA,0
CAGAACAGCGAAATAT,0
CAGAACATACTTTCAA,0
CAGAACATCAAAAAGT,0
CAGAACCAATCCCCAC,0
CAGAACCGACACGCTA,0
CAGAACCGCGTTTGCA,0
CAGAACCTTTGACCAC,0
CAGAACGGCATACTCA,0
CAGAACGTAAATATAA,0
CAGAACTAAAGAGGAC,0
CAGAACTAAGAAGACG,0
CAGAACTGAAGTGATA,0
CAGAAGACTAAGATCA,0
CAGAAGATAAAATACT,0
CAGAAGCAAAAACGAC,0
CAGAAGGGTCACACCA,0
CAGAAGTGAAGAAGAA,0
CAGAAGTGGGTATCAA,0
CAGAAGTTAAACAATG,0
CAGAATAAATAAGTAT,0
CAGAATAACTGACCAT,0
CAGAATAAGATAGGAT,0
CAGAATAAGCTCGAAG,0
CAGAATAAGGGCCCCA,0
CAGAATACCATGAAAA,0
CAGAATACCATGTTAG,0
CAGAATATCTCAATTA,0
CAGAATCAATCGCTTC,0
CAGAATCGATAAGAAG,0
CAGAATCGTCAAACCT,0
CAGAATCTCGGCGCTA,0
CAGAATCTTATTATAA,0
CAGAATGATGGGATAT,0
CAGAATGCGCGATTAA,0
CAGAATGGTTGTCTAC,0
CAGAATGTCTATCGGG,0
CAGAATGTGCTAAAAG,0
CAGAATTCCCCCGGGC,0
CAGACAAAATCCCATC,0
CAGACAAATGCTACAG,0
CAGACAAATTTACATC,0
CAGACAACGACGTCCA,0
CAGACAACGATTTAGT,0
CAGACAACGCCTATCC,0
CAGACAATAGTTGTCC,0
CAGACAATTAATTATA,0
CAGACACAACTTAAGC,0
CAGACACCGTTAAACA,0
CAGACACGTAATGAAA,0
CAGACACTGAACGTTC,0
CAGACAGATAAATTGT,0
CAGACAGATTCTCGTC,0
CAGACAGCCTTATTAA,0
CAGACAGCTATAATAA,0
CAGACAGTACAAAATG,0
CAGACATATGGGAAGC,0
CAGACATCAAGCCCAA,0
CAGACCAAGTGAGAAA,0
CAGACCAATTTACAAC,0
CAGACCACAGATATTA,0
CAGACCACTCCCCAAA,0
CAGACCAGAATCAACA,0
CAGACCATACAGATCA,0
CAGACCGTCTCTCAAA,0
CAGACCTCTGTATTCC,0
CAGACGAACATTGCTC,0
CAGACGAAGCAGACGT,0
CAGACGATGACCCAAA,0
CAGACGCAAAGCAAGG,0
CAGACGCCCCTAAGCA,0
CAGACGCTTAATACGC,0
CAGACGGTAATAAGAT,0
CAGACGTAGTCAAAAC,0
CAGACGTCATGATAAG,0
CAGACTAAGAATCACG,0
CAGACTCAAAAGAGAT,0
CAGACTCAGTTTTCAA,0
CAGACTCTCACTTCCT,0
CAGACTGCGATATGAG,0
CAGACTTAAGCGACCG,0
CAGACTTCGAATATAG,0
CAGAGAAATTTAGTGA,0
CAGAGAACATATAAAT,0
CAGAGAAGCTAAACTA,0
CAGAGAATCAAAGTCG,0
CAGAGAATGTACTTAC,0
CAGAGACATATAACAA,0
CAGAGACCGATCACAG,0
CAGAGACTAAAACCTA,0
CAGAGACTAAAGACAA,0
CAGAGAGTATATTCAG,0
CAGAGAGTGTTCAATA,0
CAGAGATGGAATAAAA,0
CAGAGATTATGTATAG,0
CAGAGATTCAATTATT,0
CAGAGCAAAAGATCCA,0
CAGAGCAAGGAAATCG,0
CAGAGCATGATAAATG,0
CAGAGCGGACCCACGC,0
CAGAGGATGTGAACGA,0
CAGAGGCCCGTGATAG,0
CAGAGGGTCACATCCT,0
CAGAGTATTGGGCTGA,0
CAGAGTGTTAGAATCC,0
CAGAGTTATAGAACAA,0
CAGATAAAAAATCAAA,0
CAGATAAATGAATAAG,0
CAGATAAGAATACCGT,0
CAGATAAGTGAGTTCA,0
CAGATACAACCAGCAT,0
CAGATACGATGATATA,0
CAGATACGCTTTAAGT,0
CAGATACGTATAGTGT,0
CAGATACTAACATTCC,0
CAGATACTCGAATTAG,0
CAGATAGAGTTTTTCT,0
CAGATAGCCGTTTCGA,0
CAGATAGCTTTTTAGT,0
CAGATCAAGCATGTGC,0
CAGATCACCACAAACC,0
CAGATCCAGAAATGAA,0
CAGATCGGAGGGACTC,0
CAGATCTACAACAAGC,0
CAGATCTGGACGAACA,0
CAGATGAACTCTCTCA,0
CAGATGACACATGCTT,0
CAGATGACACATGTTT,0
CAGATGATAAAGACCT,0
CAGATGCACAATGTAA,0
CAGATGCACGTAATAC,0
CAGATGGATTAAGTAG,0
CAGATGGCTTGTATCC,0
CAGATGTTTTAGTGAC,0
CAGATTAAACCAAGTT,0
CAGATTAACGGAAATC,0
CAGATTATACGCTCAG,0
CAGATTATACTATTCA,0
CAGATTATCAGATGAG,0
CAGATTCCGCAGTCAA,0
CAGATTCGAAGGCCTA,0
CAGATTCGTGTAATCT,0
CAGATTGACAGTGTGT,0
CAGATTGCGTTGCTAT,0
CAGATTGGCTACACCT,0
CAGATTTAATAAACTA,0
CAGATTTCGTCACATA,0
CAGCAAAGTCTTCCAT,0
CAGCAAAGTGTACATG,0
CAGCAACACCGCTATA,0
CAGCAACATGATCGAA,0
CAGCAACGCAGGGGAA,0
CAGCAATCTAGCCGGC,0
CAGCACCATGTGACTG,0
CAGCACCGAATCCAAT,0
CAGCACCGGCCTAAAC,0
CAGCACCTCATGATTA,0
CAGCACGCAGGGTGGC,0
CAGCACGGGGACATAA,0
CAGCACTCCCGATTAC,0
CAGCAGAAGGAAGTAG,0
CAGCAGGAGATAAGTA,0
CAGCAGTAATGGCAAT,0
CAGCATCCCTAACACT,0
CAGCATGGTCCAAAAT,0
CAGCATGTAAAACCTA,0
CAGCATTAAAAAGCGC,0
CAGCATTAAATAAAAC,0
CAGCATTATCTGAGGA,0
CAGCCAAAAACAAATG,0
CAGCCACCGGGCGGAT,0
CAGCCACTGAATGAAT,0
CAGCCAGACCCGCCTT,0
CAGCCAGATACTCCTT,0
CAGCCATATAATCCAT,0
CAGCCCAAAGAACGGA,0
CAGCCCAACAAAGAGT,0
CAGCCCATATCCTTTA,0
CAGCCCCCCAACAATG,0
CAGCCCGCCACAACAT,0
CAGCCCGCGTGGATTC,0
CAGCCCGTAGCCAAAT,0
CAGCCCTTTCCGTACG,0
CAGCCGAACAATACGT,0
CAGCCGAAGAAGAAAC,0
CAGCCGACACGAAGCG,0
CAGCCGATATACAAGC,0
CAGCCGCTTTGGCTTA,0
CAGCCTAATCCAAAGA,0
CAGCCTATGCTCAAGC,0
CAGCCTTAAACCACGG,0
CAGCCTTGCTGGATAT,0
CAGCGAATAACAATTA,0
CAGCGAATTGTACCTG,0
CAGCGACACGCCTAGC,0
CAGCGAGTTATCAGTC,0
CAGCGATCGAAAATGA,0
CAGCGCTAGAAACATC,0
CAGCGGAAAAACGCAA,0
CAGCGGACCGCCAAAC,0
CAGCGTAGATTGGAGC,0
CAGCGTCACTGCCCTT,0
CAGCGTGAGCGCAGAC,0
CAGCGTGCATAAGAAT,0
CAGCGTTGTTATTACC,0
CAGCTAAACTAATAAA,0
CAGCTAAGTAATGGGT,0
CAGCTACTTGATAATT,0
CAGCTAGATGAACGTC,0
CAGCTATAATGTCGAA,0
CAGCTATCACGCGAAC,0
CAGCTCAAACAATGAT,0
CAGCTCACGGGTGTTA,0
CAGCTCACGTGCTCGG,0
CAGCTCATAACGTAGG,0
CAGCTCTTAGGGTGTT,0
CAGCTGATGAGACAGA,0
CAGCTGCATAGAATAA,0
CAGCTGGCCGTCCCTT,0
CAGCTTCACCCTATGT,0
CAGCTTCCATATGTAG,0
CAGCTTTGCTTACCCA,0
CAGCTTTGTATCTGTC,0
CAGGAAAACTTATCAA,0
CAGGAAACATGAAGAT,0
CAGGAAATAAACTAAA,0
CAGGAACCGCATTGAC,0
CAGGAACGGAGTGAAT,0
CAGGAACTACTCGTCT,0
CAGGAACTTCTTAGGA,0
CAGGAAGACGGATAGC,0
CAGGAAGTCCAGCCTA,0
CAGGAATACATCTATA,0
CAGGAATGCCTTAAGG,0
CAGGACAAAATGAACA,0
CAGGACAAGATCTGTA,0
CAGGACACATTATATA,0
CAGGACACCCCAGTTA,0
CAGGACCCGATCATTG,0
CAGGACGCGATTGCCA,0
CAGGACTCAGAAAAAG,0
CAGGACTTCCCATGGA,0
CAGGAGAACCCTGTAA,0
CAGGAGCTCAAAACAA,0
CAGGAGGCCTTGAACC,0
CAGGAGTCAGGTCCCT,0
CAGGATAAAACCAAGA,0
CAGGATAATTCGACTT,0
CAGGATAGCATACAGA,0
CAGGATATCGCCCGAG,0
CAGGATATCGGCCACC,0
CAGGATCTTTGTTGTC,0
CAGGATGGATAGAGCG,0
CAGGATTAATTAAATA,0
CAGGCAATACAGTTAT,0
CAGGCACCGGCTTAAA,0
CAGGCACGATGAAAAA,0
CAGGCAGTTGCCCCCG,0
CAGGCATATAGCACCA,0
CAGGCCACCATAATAT,0
CAGGCCATGAATATGC,0
CAGGCCTCAGCACGTA,0
CAGGCGATATTCATTG,0
CAGGCGCATTCGACCT,0
CAGGCGCCTTCCACGG,0
CAGGCGGGCCAGTATC,0
CAGGCTAATTGGACAT,0
CAGGCTAGACTTTCTG,0
CAGGCTATGCAAATAA,0
CAGGCTCAGAGGCAGA,0
CAGGCTGCAAAATTGT,0
CAGGGAAAAACGTTCA,0
CAGGGAATCACTATAG,0
CAGGGATCAGATCGGA,0
CAGGGATCCGATGTCA,0
CAGGGCCAGAACAAAC,0
CAGGGCGACCCTTTAT,0
CAGGGGAAGCTCGTTA,0
CAGGGGAGGGCACTAT,0
CAGGGGATTTGCCTCC,0
CAGGGGTCGCAACATT,0
CAGGGGTGACAAAAAG,0
CAGGGTAACACACCTA,0
CAGGGTAGCAACCACA,0
CAGGGTTACTGGCGAT,0
CAGGTACAAAGCACTA,0
CAGGTACATCATTTAT,0
CAGGTACTAAGAGAGT,0
CAGGTAGCCGAACTCC,0
CAGGTATTACCTACTT,0
CAGGTCAGGCCAGGTT,0
CAGGTCCACTAGACTT,0
CAGGTGAAGGGCCAAT,0
CAGGTGACACAATAAT,0
CAGGTGGCGAGGAGTT,0
CAGGTGTACTAGAGAA,0
CAGGTTAACCTGATCA,0
CAGGTTAGGCACTGTC,0
CAGGTTATAAACTAGG,0
CAGGTTATCGTTCACC,0
CAGGTTATGCCCTGTA,0
CAGGTTTAGTGATTAG,0
CAGTAAAAATAGGCTG,0
CAGTAAAACTGATACA,0
CAGTAAAATGCCACAT,0
CAGTAAACTCATCTCA,0
CAGTAAACTCTGATGC,0
CAGTAAGAGGTCTAAC,0
CAGTAAGTAATCATAA,0
CAGTAATACTAAAAGA,0
CAGTAATCCTTCGCGC,0
CAGTAATCGACTTAAA,0
CAGTACACAATGATCT,0
CAGTACCATTAACATA,0
CAGTACCCCGAGCGTA,0
CAGTACGCCGACTACC,0
CAGTACTATATTTATG,0
CAGTACTCAAGAAACG,0
CAGTACTGCATGCAGC,0
CAGTAGCAATTGCACA,0
CAGTAGGAGGGGATTA,0
CAGTAGGATCGGACTT,0
CAGTAGTACAATAGAT,0
CAGTAGTCTGCGCTAC,0
CAGTAGTGGATTAAAA,0
CAGTATAATTCCACAA,0
CAGTATATATGTACCA,0
CAGTATGAATACCAAT,0
CAGTATGCGTCTCAGA,0
CAGTATTAATAAAGAA,0
CAGTCAATTCAGTGTT,0
CAGTCAGCTAAAGCAT,0
CAGTCAGGCCCGAACG,0
CAGTCATAAGCCCCGA,0
CAGTCATTATACTACA,0
CAGTCCAACGGTCGTC,0
CAGTCCAATAAATGAT,0
CAGTCCAGGTACTCAC,0
CAGTCCCCACCACTAA,0
CAGTCCCCGCTGACCC,0
CAGTCCGCTTATTTAC,0
CAGTCCTTGAACAGAC,0
CAGTCGAGTATTATAA,0
CAGTCGCACGCTCAAG,0
CAGTCGCATCGGTGCA,0
CAGTCGTATACAAAAT,0
CAGTCTAAGGGAATTC,0
CAGTCTCCATAGTTAC,0
CAGTCTTATAGACTCA,0
CAGTGAACCGCTTTCC,0
CAGTGAACCTGAATCC,0
CAGTGAGAGAAATGGA,0
CAGTGAGGCCTAGTAC,0
CAGTGAGGTCCCATTT,0
CAGTGATAGGATATAC,0
CAGTGATTCCTCACAG,0
CAGTGCAGACTTAGGT,0
CAGTGCCGATGGTTTC,0
CAGTGCCTCATTAGGA,0
CAGTGCCTGAAAAACG,0
CAGTGCGTCATCATGC,0
CAGTGGACCTTACTAA,0
CAGTGGGCCCGATCCG,0
CAGTGGTCTCATAGAG,0
CAGTGGTGGAGGAAGC,0
CAGTGTATAATCTAAC,0
CAGTGTCTAAGTCCAA,0
CAGTGTGCATAAATTG,0
CAGTTAACACAAATTC,0
CAGTTAATAGTATACA,0
CAGTTAATGCTTCTGA,0
CAGTTACTCAGTGGGC,0
CAGTTAGAGTGTAGTA,0
CAGTTAGCCAGTAACT,0
CAGTTATCTAGAGTAT,0
CAGTTCAACAATGAAG,0
CAGTTCAGCGAAAATA,0
CAGTTCGGTGCTATGT,0
CAGTTCTTGAATCGAC,0
CAGTTGCCATAGTGGT,0
CAGTTGCTCGATGATA,0
CAGTTGTCCCAAAACT,0
CAGTTTAACTTAATAA,0
CAGTTTACCAAGTCAA,0
CAGTTTACTTCATCTA,0
CAGTTTCATCTTTGGG,0
CAGTTTGTCAGTAATA,0
CATAAAAAGACCCAAC,0
CATAAAAAGGACGGTC,0
CATAAAAATATGAATT,0
CATAAAAATATTAACT,0
CATAAAACGTATACGA,0
CATAAAAGACGTTAGT,0
CATAAAAGAGTGTCCC,0
CATAAAAGATATAAGA,0
CATAAAATGTACACAA,0
CATAAACAAACACAAA,0
CATAAACAACGATATC,0
CATAAACACGACGTAC,0
CATAAACATCATCAAA,0
CATAAACATTGTAAGT,0
CATAAACCCATCAACC,0
CATAAACGCCCACTAA,0
CATAAACTAATGCACA,0
CATAAACTGGAAAAAA,0
CATAAAGAAGATATAA,0
CATAAAGACATTAAAA,0
CATAAAGCGAGCATCT,0
CATAAAGCGATCGGCC,0
CATAAAGCTAGCCATA,0
CATAAAGCTCACAATG,0
CATAAAGCTCTATAAC,0
CATAAAGTAATACACA,0
CATAAATAAACTCATC,0
CATAAATAAACTTCTC,0
CATAAATATAACTAAC,0
CATAAATATATCTTAT,0
CATAAATCGCCTATAA,0
CATAAATGCTCAAACG,0
CATAAATTGGGCCATA,0
CATAAATTGTTGAACT,0
CATAAATTGTTGTTAG,0
CATAACAACGGGGATT,0
CATAACACAAATCGAA,0
CATAACACACCCATTT,0
CATAACACGAATGCCC,0
CATAACAGAGAACTCT,0
CATAACATAACCAGAA,0
CATAACATGTATCGAT,0
CATAACATGTCTAGGG,0
CATAACCAGCCATGTA,0
CATAACCGACACCACC,0
CATAACCGTATAGAAA,0
CATAACCTATAAAATA,0
CATAACCTATAACAAA,0
CATAACGAGATTGAAG,0
CATAACTATTCCCACC,0
CATAACTCGGCGCGCA,0
CATAAGAATCCCAAAA,0
CATAAGAGAAAGTAAA,0
CATAAGAGGTTTGAGA,0
CATAAGCACCTCAAAC,0
CATAAGCACGAAGCGG,0
CATAAGCCCAGTAACC,0
CATAAGGATGTCAGTT,0
CATAAGGCCTTTGGTA,0
CATAAGTGGGCTGATA,0
CATAAGTGTTCTGGCA,0
CATAATAACACGCGAT,0
CATAATAACATAGGGG,0
CATAATAAGTGAAGCG,0
CATAATAATGATAAAG,0
CATAATACACAGAAAG,0
CATAATACTCAAGAAA,0
CATAATACTCCAAAAA,0
CATAATATATACGGGG,0
CATAATATCGCTCTAA,0
CATAATATTTTGACAT,0
CATAATCAGCCAGACT,0
CATAATCATGATTGCT,0
CATAATCCTACAAAAG,0
CATAATCTTCCACTAA,0
CATAATGAAAAGGTAC,0
CATAATGTATGAAGTC,0
CATAATTAGACAGACT,0
CATAATTCCAAAAAAT,0
CATAATTCGTGACCAC,0
CATAATTGAAGTAGTC,0
CATAATTTGTGAAACG,0
CATACAAAAAACCTAC,0
CATACAAAAGGGAGAC,0
CATACAAAATGGTTCG,0
CATACAAACTCGAACA,0
CATACAAATTATACCT,0
CATACAAGCCGCAAGC,0
CATACAAGCGAGGAAG,0
CATACAATAGTACACA,0
CATACAATCACTGGTA,0
CATACAATTAGTTAAT,0
CATACAATTTATACGA,0
CATACACAGAAGGTTA,0
CATACAGATGGTTCCA,0
CATACAGGCCTCATCT,0
CATACAGTAATTATTG,0
CATACATATTACGAAG,0
CATACATGATTGTTAC,0
CATACATTACCCAAGC,0
CATACCACAATACCCT,0
CATACCACCAGCCATT,0
CATACCACGTCTACGT,0
CATACCATTTCGAACA,0
CATACCCAGATACAAT,0
CATACCCCGCTCACTA,0
CATACCGTAATTAAGT,0
CATACCTAACTAGTAT,0
CATACCTATATACACC,0
CATACCTTCACGAAAT,0
CATACCTTCGTACAAC,0
CATACGAAACCAACGC,0
CATACGAAATAAATCA,0
CATACGACGTGCAACT,0
CATACGATAGAAATAA,0
CATACGCAGATAGCAA,0
CATACGCCACTCGCGC,0
CATACGCCGCATACCA,0
CATACGGTTAGCCGTT,0
CATACTAAAAATAAAC,0
CATACTATGGGCAGAA,0
CATACTATTTCTATAA,0
CATACTCAAAACGTTG,0
CATACTGAAAAATGAC,0
CATACTGATACTTACA,0
CATACTGGACATACAG,0
CATACTGGTGCTAGTT,0
CATAGAAAGACCCAAC,0
CATAGAAATGTCAAGT,0
CATAGAACCATTTACT,0
CATAGAAGATCAATTA,0
CATAGACACGCTTCTA,0
CATAGACCAGACTAAG,0
CATAGACCATCCCAAT,0
CATAGACTATATAATA,0
CATAGAGACAGGAAAC,0
CATAGAGACTACATAA,0
CATAGAGCGTAAACGA,0
CATAGATAGGTGAAAT,0
CATAGATATCGACCGG,0
CATAGCAAAATATATA,0
CATAGCAAATACAAAT,0
CATAGCAAGTGAAAAT,0
CATAGCACTCACTAAA,0
CATAGCATCTTGAAAA,0
CATAGCCAATAGATGT,0
CATAGCCCTTTACCCT,0
CATAGCCGAAGTCATC,0
CATAGCCTATGTACGC,0
CATAGCCTTTAACACT,0
CATAGCGCAGTAACGG,0
CATAGCTCAATCTCCA,0
CATAGCTTTACGGGCC,0
CATAGGACGTTCCTGC,0
CATAGGACTTAAACGA,0
CATAGGAGCCATCCCA,0
CATAGGCTTTCTTAAA,0
CATAGGGACGTTACAG,0
CATAGGGCATGACTCG,0
CATAGGTACGAAAACT,0
CATAGGTCGCATACCT,0
CATAGGTCGTCTGACC,0
CATAGTACTAATGGAG,0
CATAGTAGCTTCTTAA,0
CATAGTCGAACAAACA,0
CATAGTCTGACAAAAC,0
CATAGTGCGTTACTCA,0
CATAGTTGTTGTGTAC,0
CATAGTTTCACCCTAA,0
CATATAAAAAAACCAT,0
CATATAAAAGGCGTAA,0
CATATAAAATGGCCGT,0
CATATAACAGAATCGT,0
CATATAACGTATACGT,0
CATATAAGACAAGATA,0
CATATAAGAGACCTTA,0
CATATAAGGCGAGTAG,0
CATATACAAAAACTCC,0
CATATACATAACTCGA,0
CATATACATTATGTTA,0
CATATACCATCTGATT,0
CATATACTTAGACCAA,0
CATATAGCCCCCCCGC,0
CATATAGTAAACAACA,0
CATATAGTCCCACGAC,0
CATATCAATCAGTGAC,0
CATATCACGAATACTC,0
CATATCATGAATGCCG,0
CATATCCCCCTCCGAA,0
CATATCGGAGGTTTGA,0
CATATCGTGACTGAAG,0
CATATCTAATGGAAAA,0
CATATGACACGTAACA,0
CATATGACATAAAAAG,0
CATATGACCAATTAGA,0
CATATGACTGCTAAAG,0
CATATGAGAATCTACA,0
CATATGAGACTCTGAA,0
CATATGAGATTGAGTA,0
CATATGAGCAACGGTT,0
CATATGATAACGTCCC,0
CATATGATAATATGTG,0
CATATGATATTAGGAA,0
CATATGCCCTGGCAAA,0
CATATGCTTATCTACA,0
CATATGTCGATAAGTT,0
CATATGTTAATTACTT,0
CATATTAAATCAAATA,0
CATATTAACACAACAA,0
CATATTACAGATCTTA,0
CATATTAGGACTCAGT,0
CATATTATTATGTGCT,0
CATATTCAACTGGCAA,0
CATATTCCTCAACCCG,0
CATATTGAAAACTACT,0
CATATTGCAATTACAA,0
CATATTTAAACCGATA,0
CATATTTAGTGGCAGA,0
CATATTTCTCTAAAAT,0
CATCAAAAGGGTCAGC,0
CATCAAAATCGTGGGA,0
CATCAAAGACCAGTAC,0
CATCAAAGTCGATCTG,0
CATCAACAACCTATAT,0
CATCAACACGAAATGC,0
CATCAACAGCTTTTCC,0
CATCAACGTACCGTTA,0
CATCAACTCAAACAAA,0
CATCAAGAATGATATT,0
CATCAAGATGACGCCC,0
CATCAAGCAATGCCTC,0
CATCAAGGAAATTAAG,0
CATCAAGTATACACGG,0
CATCAATCTCCAATGA,0
CATCAATTCTATTATA,0
CATCACAATAGAGTCC,0
CATCACAGACATGAGT,0
CATCACCTACCCCGGT,0
CATCACCTGCACAACC,0
CATCACGAAATGCCAT,0
CATCACGAAATTCCAT,0
CATCACGAAGATGACA,0
CATCACGACAAAACCA,0
CATCACGACAGCTCGA,0
CATCACGATATGTAGA,0
CATCACGATCCCCAAT,0
CATCACGCAAAGGGAA,0
CATCACTAGATAAACC,0
CATCACTTCGACTACG,0
CATCAGACTATAGTGG,0
CATCAGAGTAACAACA,0
CATCAGATTTTACTTT,0
CATCAGCCAATGAGCC,0
CATCAGCTCGAACTTT,0
CATCAGGAACAAGGCG,0
CATCAGGATACACCCA,0
CATCAGGCAACTCACG,0
CATCAGGGCCCACTAA,0
CATCAGGTAGATTTTA,0
CATCAGTATTTAACCG,0
CATCAGTCACTATTTA,0
CATCATAAGAGCATTA,0
CATCATACTTAGCTGC,0
CATCATACTTTACTCT,0
CATCATAGCTTCATCA,0
CATCATCGTTTGAACC,0
CATCATGATACAGTAG,0
CATCATGGCCGAAAAC,0
CATCATGGGACCCGCA,0
CATCATGTACCAAGCA,0
CATCATGTTGTACGAT,0
CATCCAAACAACGATA,0
CATCCACCCAACGTGA,0
CATCCAGGATTGGAAA,0
CATCCAGTAACTCCTC,0
CATCCAGTGATCGGAG,0
CATCCATACCAAGCAC,0
CATCCATAGAGAGGAC,0
CATCCATGAAGGCATC,0
CATCCATGACTGACCG,0
CATCCATGCCTTGACA,0
CATCCCATACTTGTCA,0
CATCCCATCTACCGCT,0
CATCCCATTAACGACT,0
CATCCCATTAAGAAAA,0
CATCCCCACATGATAA,0
CATCCCCACTACATAG,0
CATCCCCGACTTATAT,0
CATCCCGCGATTTCCA,0
CATCCCTACCAAATCG,0
CATCCCTAGTCTTTAA,0
CATCCCTTACACGAGC,0
CATCCGAGACCAACAC,0
CATCCGAGTGAGTTGG,0
CATCCGGACCCACTCG,0
CATCCGGCGCCTCCTG,0
CATCCTAAGTCTTAGA,0
CATCCTACAAATAAGC,0
CATCCTATCAAAAATA,0
CATCCTATTAAAAAAA,0
CATCCTATTAAAAAAC,0
CATCCTGTAGAAGTAA,0
CATCCTTGAAACAGAT,0
CATCGAAAACCTCGTA,0
CATCGAAAATAAATGG,0
CATCGAACAACGAGCC,0
CATCGAAGTAACACAA,0
CATCGAATTCCCCACA,0
CATCGACATGACCGAC,0
CATCGACGCCCTACAC,0
CATCGAGTAAAGGAAG,0
CATCGATACGCACGCA,0
CATCGCAGGTCAAGAA,0
CATCGCCACTTTACCA,0
CATCGCTCTACAGCTG,0
CATCGCTTAACAACGT,0
CATCGCTTTTTAAGAC,0
CATCGGACCAATCTCT,0
CATCGGGATGAATAAC,0
CATCGGGATTCAAACT,0
CATCGGGATTTCGTTG,0
CATCGGTATGTCACCC,0
CATCGTACTAATAATA,0
CATCGTAGAGTAGAAT,0
CATCGTTGGCAATACA,0
CATCTAACACATACCA,0
CATCTAACACGTAGAC,0
CATCTAACGGACGGAG,0
CATCTAAGAACGGTTA,0
CATCTACTTATTGATG,0
CATCTACTTTATGCTC,0
CATCTAGAAAGCTGAA,0
CATCTATACAAACATA,0
CATCTATTCCATAGGT,0
CATCTCAACTAATCTC,0
CATCTCAAGCAATATA,0
CATCTCCCGATATTCG,0
CATCTCGCTTACGGTA,0
CATCTCGTAACTATTT,0
CATCTCTATGTAGGCA,0
CATCTGAACCAGGATG,0
CATCTGATCTTAGCAA,0
CATCTGCAAACCAACT,0
CATCTGCACGCCGACT,0
CATCTGCTACGCAGCG,0
CATCTGTAATCTAGCT,0
CATCTGTGTAGTCTGA,0
CATCTGTTATAATGGC,0
CATCTTAAAAGGTATG,0
CATCTTAAACAAGATC,0
CATCTTAAACCCTGAC,0
CATCTTAACGGGAGCT,0
CATCTTACCGACCTCT,0
CATCTTACCTTAAATA,0
CATCTTCCTGCTATTT,0
CATCTTTAAGATATAC,0
CATCTTTACACCGTGG,0
CATCTTTCGAAAACAA,0
CATGAAAAATCACCAT,0
CATGAAAATATTATTC,0
CATGAAACCACGAGCA,0
CATGAAACTCAAGCTA,0
CATGAAATCCATAAAC,0
CATGAACAGAAACCCC,0
CATGAACTAAGTAGGG,0
CATGAACTAGAAGAGG,0
CATGAACTTGTTGAGG,0
CATGAAGCGTAAACTG,0
CATGAAGGAGAACAAG,0
CATGAATAAATAACTG,0
CATGAATCAATCTCAG,0
CATGAATGAAATAAGA,0
CATGACAAAACAACCT,0
CATGACAATAGAAGGA,0
CATGACCAAGAACATA,0
CATGACGAGGGGACCT,0
CATGACGCCCCGGGAT,0
CATGACTAGGATCATA,0
CATGACTAGGTGAAGA,0
CATGACTCGATCAGCC,0
CATGAGAAACTTCCAA,0
CATGAGAACATCCATA,0
CATGAGAAGTAATGCG,0
CATGAGAATACTACAT,0
CATGAGAGCGTGTAAT,0
CATGAGATATATAGAA,0
CATGAGCAATCGGGAG,0
CATGAGCATCACAATT,0
CATGAGGCTGTTGAAA,0
CATGAGTATTACATAA,0
CATGAGTGAGCAAAAG,0
CATGATAAAAACATCT,0
CATGATAATAAGATCA,0
CATGATATTACAAGGC,0
CATGATCCCTTCAAGT,0
CATGATGAAGGTTAGA,0
CATGATGTAAAAGTAA,0
CATGATTCTAAACAAA,0
CATGCAAAAACTAGGA,0
CATGCAATCAAAAGAC,0
CATGCAATTGCTATGT,0
CATGCACATATGCGGA,0
CATGCACATGGCTATG,0
CATGCACTCATAAAAC,0
CATGCACTCATCAGAG,0
CATGCATTATCCGGAT,0
CATGCATTCCATGCCA,0
CATGCCAACTGTAAAA,0
CATGCCAATTGAGTGG,0
CATGCCCACATAAGCA,0
CATGCCCGGAACCTAC,0
CATGCCCTAAGGGGGT,0
CATGCCGCTGCTATTC,0
CATGCGAAATGGACCA,0
CATGCGACAAATTGAC,0
CATGCGACACTATGGT,0
CATGCGCAAGACTAAC,0
CATGCGCTCAGATACC,0
CATGCGCTCGATAAAT,0
CATGCGGCATTGCTAC,0
CATGCGGGAGATATGA,0
CATGCGGTGATTGTGT,0
CATGCTAACCGGAAAA,0
CATGCTAATAATAATC,0
CATGCTAATCCACTTC,0
CATGCTATTGTACGCT,0
CATGGAACTTCAACAC,0
CATGGAATGAACTAAT,0
CATGGACACCAAAGTG,0
CATGGACAGTCGAAGA,0
CATGGACGGTAGTTGA,0
CATGGAGCATACAGAG,0
CATGGAGTGCATTATG,0
CATGGATCGGTAACCG,0
CATGGCAATTCACGCT,0
CATGGCTAAAATACAA,0
CATGGCTCCATCCACG,0
CATGGCTTTGAAAAAT,0
CATGGGAAAATTTATC,0
CATGGGAACAAAATGC,0
CATGGGACACGAGGTA,0
CATGGGACCCCATCGC,0
CATGGGTGAACTCCTC,0
CATGGTAAACAAACTG,0
CATGGTAAATGCAAGC,0
CATGGTAACCTGGTGC,0
CATGGTACCGTGCCAA,0
CATGGTAGAAACTATC,0
CATGGTATTTAACCTC,0
CATGGTTATGCCTCAA,0
CATGGTTGAACATAGC,0
CATGTAAAGAGAACTT,0
CATGTAAAGGGACCAA,0
CATGTAAATGAATAGG,0
CATGTAAGGGATTCAA,0
CATGTAATCCGGCTAC,0
CATGTAATTAGACTAT,0
CATGTACACGCAATGA,0
CATGTACAGCTGAGCA,0
CATGTACATAAATAGT,0
CATGTCCCATAGAAGA,0
CATGTCGAAGAGGAAA,0
CATGTCTACAACAAGC,0
CATGTCTTCACCTCAA,0
CATGTGAAACTTTGCA,0
CATGTGAAAGGTAGAT,0
CATGTGCAAGTTACAT,0
CATGTGCGCTAAAATA,0
CATGTGGAGGCTAAAG,0
CATGTGGGAACGTGAG,0
CATGTTCGATTCTCAA,0
CATGTTCTATAATCTC,0
CATGTTGCGAACCTAT,0
CATGTTTAATAGGTTT,0
CATGTTTACAGACAGG,0
CATTAAAAAAAACCAA,0
CATTAAAATCACGTAA,0
CATTAAAATCATGGTG,0
CATTAAACATTCGGAC,0
CATTAAACGAAGTGAC,0
CATTAAAGCACAACAC,0
CATTAACACAACGATC,0
CATTAACACAGAAGAT,0
CATTAACTAGCAAACA,0
CATTAACTCAACCAGT,0
CATTAAGAAACATGTT,0
CATTAAGAAATTTTCC,0
CATTAAGAATCCCCAA,0
CATTAAGAATCTGCTA,0
CATTAAGTCAAAGGTT,0
CATTAATAAACGTTAT,0
CATTAATCATATCCCA,0
CATTAATCCTATCTAC,0
CATTAATTCGAAATTC,0
CATTACAAATAACCAA,0
CATTACACAAAGTGAG,0
CATTACAGTTTCTTTC,0
CATTACATCATACTTG,0
CATTACATTCAGATAC,0
CATTACCGTTATGACC,0
CATTACGGAAGCTTAA,0
CATTACGGAGTGGACA,0
CATTACGGTTTAGGTA,0
CATTACTTAACAACCG,0
CATTAGAACAATTGCA,0
CATTAGAGCTGTGAGA,0
CATTAGCATAGATCCA,0
CATTAGTTAAAAGCCA,0
CATTAGTTGCAAACAG,0
CATTATAAAAAGACGG,0
CATTATAAGACACCCA,0
CATTATATGGCAGGCA,0
CATTATCACATATGGG,0
CATTATCATAGCGTAT,0
CATTATCATTGCAGAT,0
CATTATCCAGAACCAT,0
CATTATCCGATATGAG,0
CATTATCGAATCTGGG,0
CATTATCGTCTCATAC,0
CATTATGACACTGCAA,0
CATTATGGAGGATTAA,0
CATTATGTAAATCCCG,0
CATTATGTTAGAATAA,0
CATTATGTTTAACACG,0
CATTATTCGTTTGGAC,0
CATTATTCTCGATTCA,0
CATTATTGGCTTTATA,0
CATTATTGTAAGATAA,0
CATTCAAAATAGCTAA,0
CATTCAACAAAATTAC,0
CATTCAAGCCATGCAC,0
CATTCACGCATAACAG,0
CATTCACTCATAGGAG,0
CATTCAGAGCGAGAAA,0
CATTCATTATCCAAGA,0
CATTCATTTCAGCTCA,0
CATTCATTTTTCCATG,0
CATTCCAATAACTCAT,0
CATTCCCACATGCTGA,0
CATTCCTAAGTCCTTA,0
CATTCCTGGCGACCTT,0
CATTCGCTAACGATTA,0
CATTCGGACGAATATT,0
CATTCTAAGCTTGGCA,0
CATTCTCAAAAGGGCG,0
CATTCTCGCCCGATTG,0
CATTCTCTTATAACAC,0
CATTCTGTGCTACGCA,0
CATTCTTTACGCAGTT,0
CATTCTTTGTATATGA,0
CATTGAAAAAATCACC,0
CATTGAAAAAATTGGA,0
CATTGAACCCAAACCT,0
CATTGAACTGGCCTGA,0
CATTGAAGATGGGTTA,0
CATTGACGGAACAGTA,0
CATTGATAGAGTCCAA,0
CATTGATCTGTTCGAC,0
CATTGATTAGATGTAT,0
CATTGATTCGGTTTGT,0
CATTGCCGCTGTTAAA,0
CATTGCGAACTACCAA,0
CATTGGCTACAGGACT,0
CATTGGGAGAGAAGAA,0
CATTGGTAAAACAAAA,0
CATTGGTGATCCGAAG,0
CATTGGTTTAAGAACC,0
CATTGTACAATCGACT,0
CATTGTAGAACGGTCC,0
CATTGTAGGACATAAA,0
CATTGTATAATGCTCC,0
CATTGTATAGATCTTG,0
CATTGTCGCTTTTCAC,0
CATTGTCTCATGAGTA,0
CATTGTGAAATTAACG,0
CATTGTGATAAGATGA,0
CATTGTTGATACTACG,0
CATTGTTTTTACCCCG,0
CATTTAAAAAATCCCA,0
CATTTAAAATCCTGGA,0
CATTTAAACCCTCAGT,0
CATTTAAAGAAAGCCA,0
CATTTAAATAAACCCG,0
CATTTAACCTCGACAC,0
CATTTAACTCGTACAA,0
CATTTAAGAGAATCTG,0
CATTTAAGCCTGAAGC,0
CATTTAAGGATTGCAA,0
CATTTACCCATCATGA,0
CATTTACCCTAACCCG,0
CATTTACTATAGATGA,0
CATTTAGTAGAAGCAC,0
CATTTAGTCAAGTCAC,0
CATTTATTGCGCACCC,0
CATTTCAAAGGAATTA,0
CATTTCAAATAAATCA,0
CATTTCACTTGACTTA,0
CATTTCAGATATGCCA,0
CATTTCAGCTTAAAGA,0
CATTTCCACGTCACCG,0
CATTTCCATGAGTTCT,0
CATTTCCTTCTCATGG,0
CATTTCGGGCGGTCCA,0
CATTTCTACTTCAAGT,0
CATTTCTGCATGCTGC,0
CATTTGATTGCTCTCC,0
CATTTGCCTGGCTCCA,0
CATTTGTAAGAGAGAA,0
CATTTGTAGATACAAC,0
CATTTTAAATACCCAA,0
CATTTTAGCCATCCCT,0
CATTTTATATAGGTGT,0
CATTTTCAGAGATATT,0
CATTTTGAAGCTAACC,0
CATTTTGCTCTATATG,0
CATTTTGGATCACCAT,0
CATTTTTGATATATTA,0
CCAAAAAAAAGCACAT,0
CCAAAAAACGTAGATT,0
CCAAAAACGTGCAACT,0
CCAAAAAGAACTCCTA,0
CCAAAAAGAGGCGTAC,0
CCAAAAAGCTACGTCC,0
CCAAAAATATTGAAAA,0
CCAAAACAAAAACAAA,0
CCAAAACAAGTCATAG,0
CCAAAACTCAATTCCC,0
CCAAAACTGGAAAATT,0
CCAAAAGAACTGATAC,0
CCAAAAGACCAGACAA,0
CCAAAAGATTAAGCCA,0
CCAAAAGCAATCCGCA,0
CCAAAAGTAGACTCGT,0
CCAAAAGTCGGGGAAA,0
CCAAAAGTTGAAATCG,0
CCAAAATACTATAAAA,0
CCAAAATATGTCGACA,0
CCAAAATCGATTAGTA,0
CCAAAATCGCAATAGC,0
CCAAAATGCCTCATCC,0
CCAAAATTACATAACG,0
CCAAAATTCTACATAC,0
CCAAACAAAAAACACT,0
CCAAACAAACTAAATG,0
CCAAACACACTTGGGA,0
CCAAACACGTATTTAA,0
CCAAACAGTGTATTGC,0
CCAAACATTATCCTAA,0
CCAAACATTGCGGTCG,0
CCAAACCAAACCACGA,0
CCAAACCGACCGAACC,0
CCAAACCTGATCAATC,0
CCAAACGCGTAGTCCG,0
CCAAACGTGCTAGTCG,0
CCAAAGAACTCAACAG,0
CCAAAGAATCAAACTT,0
CCAAAGACACCGTAGA,0
CCAAAGAGCCTAATAA,0
CCAAAGAGGCAGCCTA,0
CCAAAGAGGTTCCTTG,0
CCAAAGCACAATCACT,0
CCAAAGCATAAGAAAA,0
CCAAAGCCCGTTAGCG,0
CCAAAGGCAAATGATA,0
CCAAAGGCGGCGTAAA,0
CCAAAGGCTCCTAATT,0
CCAAAGTAAACGCGAC,0
CCAAAGTCCTAAATTT,0
CCAAAGTTCGTATGTT,0
CCAAATAGTTAGAAGT,0
CCAAATCCAACAACAT,0
CCAAATCCAATAAGAT,0
CCAAATCGAAAAGTCC,0
CCAAATCGCCGACTTT,0
CCAAATCGTCACACAA,0
CCAAATGATGTAAAGT,0
CCAAATGCACGCCGCC,0
CCAAATGCCTTAAGGG,0
CCAAATGCTACTCATT,0
CCAAATGTTCCATATC,0
CCAAATTATAATTACA,0
CCAAATTTCAACATTT,0
CCAACAAAAACAACCA,0
CCAACAAACATCCGCT,0
CCAACAACCAATGCAG,0
CCAACAACTGTACCAA,0
CCAACAAGCATAAAAC,0
CCAACACAAAGCAAGG,0
CCAACACACATGTTAT,0
CCAACACAGCTTAACG,0
CCAACACGCTGTATTA,0
CCAACACTAGTTCGGA,0
CCAACACTCCAAGGGT,0
CCAACAGAGAAGGACT,0
CCAACATAATAAAGAC,0
CCAACCAAAATTATGC,0
CCAACCACACCATAGC,0
CCAACCACACTGTTAC,0
CCAACCCAAAATAAAC,0
CCAACCCAGAGATTAA,0
CCAACCCTCGTCAGAG,0
CCAACCGTTGCTATAC,0
CCAACGAGAAACTAGA,0
CCAACGGAAGAACCAC,0
CCAACGGAGGCGACCG,0
CCAACTAGAGAGGCCA,0
CCAACTATAATCCGGC,0
CCAACTATTGGGCACT,0
CCAACTCAAGACCTGG,0
CCAACTCCCTCGGAAA,0
CCAACTGCACACGAAT,0
CCAACTGGACAAAAAA,0
CCAACTTACGTTAGAG,0
CCAACTTAGCCAATAG,0
CCAACTTATATCATGG,0
CCAACTTCCCGGCAGC,0
CCAAGAAACATTAAAA,0
CCAAGAAATAATCGAA,0
CCAAGAAGTCATAAAT,0
CCAAGAATAACACCTC,0
CCAAGAATATATATAT,0
CCAAGAATTCAGAAGG,0
CCAAGACAAGGATGCC,0
CCAAGACGGTTCACAA,0
CCAAGACGGTTTAAGT,0
CCAAGACGTCAGCAGG,0
CCAAGAGGTTGCCTAC,0
CCAAGAGTATAGCACA,0
CCAAGAGTGTTATCTC,0
CCAAGATCAAAAAATA,0
CCAAGATCTTCATTAA,0
CCAAGCAATGAGTTTA,0
CCAAGCACGGTACCTA,0
CCAAGCATTCGATTGG,0
CCAAGCCGACGACCCT,0
CCAAGCCTTCTCGCGC,0
CCAAGCGAAGGCGTTT,0
CCAAGCGACATGCGAC,0
CCAAGCGTCAAACATT,0
CCAAGCTCCAGACTTG,0
CCAAGGAAATCAAATT,0
CCAAGGAACCCCCAGA,0
CCAAGGATCCAGTTAA,0
CCAAGGCATGATAGCC,0
CCAAGGCGACAACAAT,0
CCAAGGCTGTCGGACC,0
CCAAGGCTGTTTACCA,0
CCAAGGTCTCATGGAA,0
CCAAGTAATGTAATAC,0
CCAAGTAGTATCAACG,0
CCAAGTAGTTTGGTCG,0
CCAAGTATCTGTCAAG,0
CCAAGTCATCGAAACA,0
CCAAGTCATTAAACAT,0
CCAAGTCCTCTGTCAC,0
CCAAGTCTCCGCAGGA,0
CCAAGTGTTAGTCCAT,0
CCAAGTTGCCTGTAAC,0
CCAATAAAATGAACAT,0
CCAATAAACCAATGTT,0
CCAATAAATTTACTTT,0
CCAATAACTAATATAG,0
CCAATAACTAATGGAC,0
CCAATAATTTTTTCAA,0
CCAATACAAGCTCTAA,0
CCAATACCCGAAAACA,0
CCAATAGAACCTTAAC,0
CCAATAGCCACCTACT,0
CCAATAGCCGAAACAG,0
CCAATATAAACGACTG,0
CCAATATAATACAAAG,0
CCAATATCAACGAACA,0
CCAATCAAACGTAACG,0
CCAATCACAAAACTAT,0
CCAATCACATCATGGG,0
CCAATCATCACTTACA,0
CCAATCCAAAATTTAA,0
CCAATCCCACTTTTTA,0
CCAATCCCAGACACCG,0
CCAATCCCCTTTTATG,0
CCAATCCTCCCATCCC,0
CCAATCGAAAACGTAA,0
CCAATCGATTCGCCTG,0
CCAATCGTTGTGCTAC,0
CCAATCTAAAGCCACT,0
CCAATCTCCCAAAAAA,0
CCAATGAAAAGTTCCC,0
CCAATGAAACTTTCAG,0
CCAATGACTAACCAGT,0
CCAATGAGTGACCCGG,0
CCAATGATGGGTCATC,0
CCAATGCGGTAAGCTA,0
CCAATGGCCCTACCCA,0
CCAATGGGAACACCAC,0
CCAATGTAAGGGCACA,0
CCAATGTATACACACC,0
CCAATGTCATACGTAT,0
CCAATGTCGATTCCGA,0
CCAATGTTGCAACTAA,0
CCAATTAAAGAACCTC,0
CCAATTAATATACTAA,0
CCAATTACACTATAGA,0
CCAATTATAGTCTCCA,0
CCAATTCCACATGTCA,0
CCAATTGAAAACCAGT,0
CCAATTGCTAACTGGG,0
CCAATTTGTAACATAG,0
CCAATTTTGCAAACAT,0
CCACAAAAAAAAAATA,0
CCACAAAAGCAATGAC,0
CCACAAAATGTTGTTA,0
CCACAAACACCGAGGA,0
CCACAAAGATAACCCA,0
CCACAAAGTGAAAGGA,0
CCACAAATAAAAAACA,0
CCACAAATAACAGCCT,0
CCACAAATAATTCAAG,0
CCACAAATTTGCTTCT,0
CCACAACCTAAGGTGA,0
CCACAACTGATCAACC,0
CCACAAGCCACTTAGA,0
CCACAAGGGAGAATAA,0
CCACAAGTATTTGAGC,0
CCACAATAATAGTCTT,0
CCACAATACCTTATTA,0
CCACACAACAGATCTA,0
CCACACAAGAATCAAA,0
CCACACACGCACCTAG,0
CCACACAGCCTATGAA,0
CCACACATTGCGTTAG,0
CCACACCAATAGCAAT,0
CCACACCACCTACAAC,0
CCACACCCTAATGTCA,0
CCACACGAATACTAGG,0
CCACACGCAGTTTGGG,0
CCACACGTAATCTCAT,0
CCACAGAAAGTCTAGG,0
CCACAGACAATCAAAC,0
CCACAGAGCAACCATG,0
CCACAGGAAAGGAGAG,0
CCACAGGGCACCTTTC,0
CCACAGTATAAGTGAA,0
CCACAGTCCCAAGCAT,0
CCACATAAGTTACTCA,0
CCACATACAAGATTGA,0
CCACATACGCTACACG,0
CCACATCAACTCGCAA,0
CCACATCGATGTTGGT,0
CCACATCTAATTCTCT,0
CCACATCTTAACATAC,0
CCACATGAAGGATGCC,0
CCACATGTTCCAAGTC,0
CCACATTGCAATACAA,0
CCACATTTAGAGACAA,0
CCACCAACCTCAACAA,0
CCACCAAGCATGCCCA,0
CCACCAATGGATAATT,0
CCACCACCTAGACTAC,0
CCACCACGTCTCCTAG,0
CCACCAGACGTACAAC,0
CCACCCACATACGAAA,0
CCACCCGACTGGGGCC,0
CCACCCGTACTTCCCA,0
CCACCCTGAGTACTAC,0
CCACCGCTTCATTAGC,0
CCACCGTTCCCACCCT,0
CCACCTAAAATTTTCT,0
CCACCTATTTTCTGAG,0
CCACCTCCTGGGATCC,0
CCACCTGATTTAAAAA,0
CCACCTGCGCATGCCC,0
CCACGAAAATACTCAA,0
CCACGAAACATCCTCA,0
CCACGAACAGCCAACG,0
CCACGAACTTATTTCC,0
CCACGAACTTGTTACC,0
CCACGAAGGAGCGAAG,0
CCACGAAGGGTTAGAC,0
CCACGATACCCTCGCA,0
CCACGATTAGCACTAA,0
CCACGCACATATCGCG,0
CCACGCCATCTAGAAG,0
CCACGCTCACACTCAA,0
CCACGGAAGTGATGGC,0
CCACGGACTTGGTGCT,0
CCACGGAGAATAAAAC,0
CCACGGCGTAATAGTC,0
CCACGTAGTCGAACAT,0
CCACGTCAGGACAATT,0
CCACGTCCGTGACTGG,0
CCACGTCTTTACAAGA,0
CCACGTTATTCATACC,0
CCACGTTCCAGTCACT,0
CCACGTTTAAAAAGAT,0
CCACGTTTAGATGCAA,0
CCACTAAATATAGACA,0
CCACTAACATGTTTAG,0
CCACTAACTATACGAT,0
CCACTAATAATCCCTT,0
CCACTAATGTCGCCGA,0
CCACTACAACCATAGG,0
CCACTACACGCTCAGA,0
CCACTACATGCTTGAT,0
CCACTACGTACAAATG,0
CCACTACTATCCAGGC,0
CCACTACTGCTAAGTG,0
CCACTAGGAATTCGAA,0
CCACTAGTAAAATTCG,0
CCACTAGTAAACCGAT,0
CCACTATCGAGTAACA,0
CCACTATTCCGACTAC,0
CCACTATTTGATCGCC,0
CCACTCAAGATACCAG,0
CCACTCCTCGTGCATG,0
CCACTCCTGATATCAT,0
CCACTCGAACGTCACC,0
CCACTCTCAATTAGAA,0
CCACTCTCATAGTCAG,0
CCACTCTTAAATAGTC,0
CCACTGATGAAGTCAG,0
CCACTGCACCCTTATC,0
CCACTGCATAACGCGA,0
CCACTGGCATAGCTTA,0
CCACTGTACCGCTGAG,0
CCACTTAAATTAGCTG,0
CCACTTCACTAAGTAC,0
CCAGAAACTAGCCAAC,0
CCAGAAAGGAAAAAAA,0
CCAGAACGACTACATC,0
CCAGAAGAACAACTAA,0
CCAGAAGTGACTCATA,0
CCAGAATCGTTCGGAA,0
CCAGAATTACCATGCA,0
CCAGAATTCTAATAGG,0
CCAGACACTGCGCCTT,0
CCAGACAGTAAGGTAA,0
CCAGACATATATACAC,0
CCAGACCAAATAACCG,0
CCAGACCACCTAAGGG,0
CCAGACCCTCTACTGG,0
CCAGACCCTTTAAGAT,0
CCAGACGCATTGAGCA,0
CCAGACGGAGAGAGCT,0
CCAGACTAAGGGTACC,0
CCAGAGACCACAATTG,0
CCAGAGCAATTGAAAA,0
CCAGAGCTTAAAGCTC,0
CCAGATAAGGTTAATA,0
CCAGATACTATGTGTT,0
CCAGATAGTAATCTGA,0
CCAGATATTGTGACTT,0
CCAGATCCGTCCTTGG,0
CCAGATGATGCCTAAA,0
CCAGATTAAAAAAGAA,0
CCAGATTCGAAATGAT,0
CCAGATTTGTGTCTAG,0
CCAGCAACGTCTCATA,0
CCAGCAATATGAGACC,0
CCAGCACCGACAAGCC,0
CCAGCACGAACGCAAT,0
CCAGCACGACTTATCT,0
CCAGCACTACTCGCAT,0
CCAGCAGACGTATGGC,0
CCAGCAGCTGAAAAAC,0
CCAGCATACTTGGTAA,0
CCAGCATATAAAAGCA,0
CCAGCCAACGACCTGA,0
CCAGCCAGAACAATGG,0
CCAGCCCCTTGTAAAG,0
CCAGCCCGATTAAGCA,0
CCAGCCTCTTTAATTT,0
CCAGCGTACTATCACC,0
CCAGCTAATAATACCA,0
CCAGCTACCTTGTACA,0
CCAGCTCCTTACTCAA,0
CCAGCTTTCTATAGCA,0
CCAGGAAGAAAACCTT,0
CCAGGAAGAACTAAAT,0
CCAGGAATAGAATACA,0
CCAGGACCTGCCCACA,0
CCAGGACGCCCTAGGC,0
CCAGGACTCAACAGAA,0
CCAGGATCCTAACAAT,0
CCAGGATCGTCAGATC,0
CCAGGATCTCTTAAAA,0
CCAGGCAAAAGTAATG,0
CCAGGCAAACTTAAAG,0
CCAGGCACTGGCAAAA,0
CCAGGCATACAGATTT,0
CCAGGCCAAACGTAAA,0
CCAGGCCAATGATGTC,0
CCAGGCTCGTCCGATA,0
CCAGGGAATTGACCTA,0
CCAGGGAGGCAAAGTA,0
CCAGGGGCAGCCATAA,0
CCAGGGGCTTAGATAA,0
CCAGGGTACAATTATT,0
CCAGGGTTCCTTCGCA,0
CCAGGTATTACCATCA,0
CCAGGTCATATGACCG,0
CCAGGTGATTGATATA,0
CCAGGTTACAGCTCAA,0
CCAGGTTCGACTCAAT,0
CCAGGTTTACTAAAGA,0
CCAGTAAACCGATGTG,0
CCAGTACCCTAATCAA,0
CCAGTACGTGAGAAAA,0
CCAGTACTTATCTCCA,0
CCAGTAGACCTCCATA,0
CCAGTCACCGAAAATG,0
CCAGTCATGTTAAGGA,0
CCAGTCCCCCGTTTAA,0
CCAGTCCTTTGCCTTT,0
CCAGTGAAAAAACAAT,0
CCAGTGGAATATAACA,0
CCAGTTACAACAGAAA,0
CCAGTTAGATTAAACA,0
CCAGTTCCAACAAGGC,0
CCAGTTTTTCCGAAAG,0
CCATAAAAAAACATAG,0
CCATAAAAAAATCACG,0
CCATAAAACAAGAGTG,0
CCATAAACTACCGGGC,0
CCATAAAGGGAGAAGT,0
CCATAAATTTATGTAG,0
CCATAACAAGCTAAAT,0
CCATAACAATTACATG,0
CCATAACCCCCTTACA,0
CCATAACTTTCCATAC,0
CCATAAGAACGTCCAT,0
CCATAAGAACGTTTTC,0
CCATAAGACTATTCAA,0
CCATAAGTACTTTGGA,0
CCATAATTTTATACGG,0
CCATACACGACTAAAC,0
CCATACCAAGGAGGAT,0
CCATACCATGACGAGG,0
CCATACCTCAACATTG,0
CCATACGGTATACCTG,0
CCATACTACTCCAACC,0
CCATAGAAGCCAAGCC,0
CCATAGACTCTCACCC,0
CCATAGAGTCACTCTC,0
CCATAGATTCATCAAA,0
CCATAGGAAGACGACA,0
CCATAGGCCGCGACTA,0
CCATAGTTTCAATATC,0
CCATATACTCTAAACG,0
CCATATAGCAGCGGCG,0
CCATATCACAGTACAA,0
CCATATCGAACTACAG,0
CCATATCTCGACCAAT,0
CCATATTACTAAAGAA,0
CCATATTAGAAATACG,0
CCATATTCGAGGTCCA,0
CCATCAACAAGGCAGT,0
CCATCACACATTGCAG,0
CCATCACATACGGATG,0
CCATCACATCAACGGG,0
CCATCACATCGTCATA,0
CCATCACCCCTCCCAA,0
CCATCACCCGTTAACC,0
CCATCACTATAAGCGA,0
CCATCAGAAGATGAAA,0
CCATCATATACTATAA,0
CCATCATTGTGGCAAA,0
CCATCCCATAACTCTC,0
CCATCCCATCCGGCCA,0
CCATCCCCAATACCAG,0
CCATCGAATGAAAAAT,0
CCATCGATGTACTTCA,0
CCATCGGACCATAGGT,0
CCATCGGGGCACGCCA,0
CCATCTACTAAAGCAT,0
CCATCTCTTCAGTTTC,0
CCATCTGAAATACTTA,0
CCATCTTAGTACTTCA,0
CCATCTTGGCAAAAAA,0
CCATGAAAATCCAGGA,0
CCATGAACGTAAACTA,0
CCATGACTACAACTAT,0
CCATGACTCTATAGAT,0
CCATGATAAAGTGAGC,0
CCATGCAACCACAAAC,0
CCATGCATTTATCGTA,0
CCATGCTAATAGTCGG,0
CCATGCTATTGTCCGA,0
CCATGCTATTTCATAG,0
CCATGGAAAGTATATC,0
CCATGGAATTTATCCC,0
CCATGTAAAAACAGTA,0
CCATGTACGCTCATAT,0
CCATGTATCCAAGCAC,0
CCATGTGAACAGCATA,0
CCATGTTATACACCTA,0
CCATGTTGTAATGAGA,0
CCATTAAACCTAAATC,0
CCATTAAATGATATCC,0
CCATTAAGACGTAATA,0
CCATTAAGGAAACCAA,0
CCATTAATTGAATTGA,0
CCATTACAACCCCCAA,0
CCATTACCTACTCTCG,0
CCATTACTCACCTGAC,0
CCATTAGAAGGATTAT,0
CCATTAGAGTGCAAAC,0
CCATTAGCCTCCCATT,0
CCATTATAAAATCGCG,0
CCATTATAAAGATAAA,0
CCATTATCCGTTGATC,0
CCATTATCGTCCATAG,0
CCATTATTTTTTAGAG,0
CCATTCAAAATTATAC,0
CCATTCAGTATAATCA,0
CCATTCATATAAGAAG,0
CCATTCATTAAGAACG,0
CCATTCGACAGCTGCA,0
CCATTGAAATACGTAT,0
CCATTGAACAAGCTGC,0
CCATTGAATACGATGG,0
CCATTGATTGACGTAC,0
CCATTGGGGAACTACC,0
CCATTGTCAGATCATA,0
CCATTTAACCTTCTAG,0
CCATTTATAATGTAAT,0
CCATTTCAAACACACG,0
CCATTTCCAAACGAAA,0
CCATTTCCGTAATAAG,0
CCATTTCTGCAGTTAA,0
CCATTTGGTAGTTCAC,0
CCCAAAAACCACGAGT,0
CCCAAAAATATTATGA,0
CCCAAAAGTCTCGTTA,0
CCCAAAATCCCAAACA,0
CCCAAACCATATTATT,0
CCCAAACGGAGCTACC,0
CCCAAACGGTAACTAA,0
CCCAAACGTCACTGAG,0
CCCAAACTACAAAACT,0
CCCAAACTTAAGACAC,0
CCCAAACTTTATATAC,0
CCCAAAGATATCTTAT,0
CCCAAAGCGTATGACT,0
CCCAAAGGTTCAATTT,0
CCCAAATCAAAAAAGA,0
CCCAAATTTAGCTGTA,0
CCCAACAACCTATAAA,0
CCCAACATATACAGCT,0
CCCAACATATGAACAA,0
CCCAACCATCAGATGA,0
CCCAACCGAGGCCGCA,0
CCCAACTAGCTCATTA,0
CCCAACTTCGGTATTT,0
CCCAAGACCTACATGA,0
CCCAAGATGTAAACTG,0
CCCAAGCAAGTACTTA,0
CCCAAGCCAGTGGAGC,0
CCCAAGCTGCAGCCCA,0
CCCAAGGTCCCTTACT,0
CCCAAGGTTAGTGATT,0
CCCAAGTAGTCTCATA,0
CCCAAGTGCTAGCACA,0
CCCAATAATGGTGTAT,0
CCCAATATATAAATTG,0
CCCAATCCCTTCCGCC,0
CCCAATCGGACGGATT,0
CCCAATGTTCAGTACT,0
CCCAATTTTATATACG,0
CCCACAATGGAGGGCA,0
CCCACACAAAATGTCA,0
CCCACACTTTGAACGC,0
CCCACAGACCTTGCAC,0
CCCACAGAGTCACCAG,0
CCCACAGCAATATCTC,0
CCCACATGCATATAAA,0
CCCACATTATACGACC,0
CCCACCAACAGTCTTC,0
CCCACCACACAGCTGT,0
CCCACCAGATCTCACA,0
CCCACCATAGCTGGGG,0
CCCACCGAGCAACCCG,0
CCCACCGTCTGCCAAT,0
CCCACCGTTATGACCA,0
CCCACCTATTCCGAAC,0
CCCACGCATGAAAACC,0
CCCACGCTTTGTAAAG,0
CCCACGGACTGTGTGA,0
CCCACGGATAGAGGGA,0
CCCACGTACCATGAGA,0
CCCACGTCTGTTGACC,0
CCCACTAAATCAAGAC,0
CCCACTACGATCGTAC,0
CCCACTCCTAACAAAG,0
CCCACTGTGGCAAAAA,0
CCCACTTGTAATCCGT,0
CCCACTTTAACACAGT,0
CCCAGAAACGTGCAAG,0
CCCAGAAATGCAACCA,0
CCCAGAAATTTAAAAT,0
CCCAGAAGTCCGTTTT,0
CCCAGACATCTCTGGG,0
CCCAGACTTGCCTTCA,0
CCCAGCAACCATCAAG,0
CCCAGCCCGACTTCAA,0
CCCAGCGACCGTTCAA,0
CCCAGGACGAATCTAA,0
CCCAGGATAAACCGGT,0
CCCAGTCACTATCCGG,0
CCCAGTGCATCGAGTA,0
CCCAGTGGATCTCCTT,0
CCCAGTTCACGTTATT,0
CCCAGTTTACACTAAC,0
CCCATAAAAGGCGCAA,0
CCCATAAACACAAGCA,0
CCCATAAACTCCAGTA,0
CCCATAATAATCAAAA,0
CCCATACGATAAAGTT,0
CCCATACGTGGATTAT,0
CCCATACTCTCTAGCT,0
CCCATAGATGAACTAA,0
CCCATAGCCCCGTACA,0
CCCATAGCTATGCTAT,0
CCCATATATATATTGC,0
CCCATATTCATGTAAG,0
CCCATCAGAGTCTTTA,0
CCCATCCCGACAGAGA,0
CCCATCGACATATTTG,0
CCCATCGTGACCTAGC,0
CCCATCTATATGGTTA,0
CCCATCTCAATTTTAA,0
CCCATCTCGACAAATA,0
CCCATCTTATAAAGTT,0
CCCATCTTCAGAGATT,0
CCCATGAGGGGAAACA,0
CCCATGATACTGCCTC,0
CCCATGGATAAAGCTA,0
CCCATGTCCACACTAC,0
CCCATGTCCGAACAAG,0
CCCATTATTTAATGAA,0
CCCATTCCGTTCTCAG,0
CCCATTCCTAATAAAC,0
CCCATTTGCATAGCGA,0
CCCATTTTAGTCAATT,0
CCCATTTTCATATCGC,0
CCCCAAAAGCGAGCTT,0
CCCCAAATGTCTAAGG,0
CCCCAACATAAATGTT,0
CCCCAACCCGAGGTTT,0
CCCCAACGAAACACCA,0
CCCCACAACGAGCCTG,0
CCCCACCATGTGAGTC,0
CCCCACCCCAAACTAG,0
CCCCACCCTATTGTGT,0
CCCCACGGCATTATAT,0
CCCCACTAACAGAGGA,0
CCCCACTACCGAATAC,0
CCCCAGAAAACGCAAA,0
CCCCAGACCACGTGTC,0
CCCCAGACCTCCTTTC,0
CCCCAGGAAACATCCA,0
CCCCAGGGGCAGCAAC,0
CCCCATATTCTCAACT,0
CCCCATGGCAACCATC,0
CCCCATGGTGAAACAA,0
CCCCCACCATCGCGAC,0
CCCCCACCTATGATAA,0
CCCCCACTATAGTAAT,0
CCCCCAGGAAATTACT,0
CCCCCATAACTGAAGT,0
CCCCCATCTTCACACG,0
CCCCCATTCCAACTCC,0
CCCCCCAAGTTGATGC,0
CCCCCCACAGCTCTCT,0
CCCCCCACGCCCCATG,0
CCCCCCCAATCAAAAA,0
CCCCCCCTCAAATCGC,0
CCCCCCGAATTGTCAC,0
CCCCCCGCCAGCAAAT,0
CCCCCCGTCTTATGAT,0
CCCCCCTTTGAGGCTA,0
CCCCCGAAAGTCCACC,0
CCCCCGATCTAACTAA,0
CCCCCGTCTAGCATAT,0
CCCCCTCATACCAGTG,0
CCCCGAAATGCGTCAC,0
CCCCGAACACGCTGAC,0
CCCCGAATTTGATAAT,0
CCCCGACACGTTATAT,0
CCCCGAGCTAAGACCG,0
CCCCGAGTCAATGGCT,0
CCCCGATTAGAAACTG,0
CCCCGCAAATATCATA,0
CCCCGCACACATATTT,0
CCCCGCCTTGCATGAC,0
CCCCGCTACTATTATT,0
CCCCGCTGTGGTCTAA,0
CCCCGGAACACGGCCG,0
CCCCGGATAGTTAACT,0
CCCCGTAAAATAAATA,0
CCCCGTAAAATCTAAG,0
CCCCGTAAAGACACCG,0
CCCCGTAAGATTGTAA,0
CCCCGTAAGTTCAGTA,0
CCCCGTAGACCGCTAT,0
CCCCTAAAAATATCCT,0
CCCCTAAACGACCAGT,0
CCCCTAACCTGAAATC,0
CCCCTAAGTTAGGACG,0
CCCCTACCACAAAATC,0
CCCCTAGTCCCTTATG,0
CCCCTATAAAGCACAC,0
CCCCTATACAACCCTG,0
CCCCTCCAAATAACGT,0
CCCCTCCAAGGTACCC,0
CCCCTCCCAATACGTT,0
CCCCTCGAAATAACCG,0
CCCCTCGTCCACACGC,0
CCCCTCTTTACTTACT,0
CCCCTCTTTTGACAGT,0
CCCCTGAAAACGGTTA,0
CCCCTGATGATTAAAG,0
CCCCTGCAAAGCCTCC,0
CCCCTGCGTCCAGAAG,0
CCCCTGGTACCCATAT,0
CCCCTGTAAGTAATAA,0
CCCCTGTGCTATCTGC,0
CCCCTTAATATTACAT,0
CCCCTTCAACATAGTG,0
CCCCTTTTATCATAGT,0
CCCCTTTTTATTAACA,0
CCCGAAAAGTAGACCC,0
CCCGAAAATCTAACAG,0
CCCGAAACCGCGACTA,0
CCCGAAATTCCTGGAC,0
CCCGAAATTGGTTCAA,0
CCCGAACAAAGTAATC,0
CCCGAACACAGCTTAT,0
CCCGAACACTGGAGTT,0
CCCGAACAGTGATCAA,0
CCCGAACCTGAAGGAT,0
CCCGAACTAACTCATA,0
CCCGAACTGCCATTAG,0
CCCGAAGGTCCTAAAT,0
CCCGAATAAAAAACCT,0
CCCGAATAAAAACAAA,0
CCCGAATCAATGCCAT,0
CCCGAATGAAAAACCT,0
CCCGAATTAAGAAGAC,0
CCCGAATTCCGCTAGA,0
CCCGAATTCTAATTTA,0
CCCGACAGTAAAGGTA,0
CCCGAGAATATCGCCT,0
CCCGAGCTAAATTAAA,0
CCCGAGGAAAACAGGA,0
CCCGAGGTGCCCCAAC,0
CCCGAGTCTTAAAAGA,0
CCCGATAACCCGCATA,0
CCCGATCTAGCACAAC,0
CCCGATTCTAGAACCC,0
CCCGCAAGACCAGCAA,0
CCCGCAATATCTTACA,0
CCCGCACTCAGCAAAA,0
CCCGCAGTATTAGACT,0
CCCGCATATGCACCTT,0
CCCGCCAGATGTGCAA,0
CCCGCCCACGTAAATT,0
CCCGCCGGTAAAATAA,0
CCCGCCGTATAAGATC,0
CCCGCCTAGTTCGACA,0
CCCGCCTGAGCGTAAT,0
CCCGCCTTCAATGACG,0
CCCGCGACCACGACAC,0
CCCGCGAGCGCATCTA,0
CCCGCGGACTTACAAC,0
CCCGCGTGCCGCCATA,0
CCCGCTACCCCATTCT,0
CCCGCTATCCTAATGG,0
CCCGCTCCCAACCCCG,0
CCCGCTGCTAAAGAAC,0
CCCGGAAACCAAAAAA,0
CCCGGAAATTATTCCG,0
CCCGGAGGCTTTTACT,0
CCCGGATCATCCTGAT,0
CCCGGATGAATCTCGC,0
CCCGGCCTTGCAATCA,0
CCCGGCTAAATAGGAA,0
CCCGGCTATATCATTA,0
CCCGGCTATTAAAACT,0
CCCGGCTCGACATAAC,0
CCCGGGAATAAAAAGA,0
CCCGGTTAGATAAGGT,0
CCCGGTTAGTAACCCG,0
CCCGTAACTCAAAACA,0
CCCGTAATCATGCGTC,0
CCCGTACTCACAACCC,0
CCCGTAGATCAAGGGG,0
CCCGTAGATCATGCAT,0
CCCGTAGCAGTACTGA,0
CCCGTAGCTATTCTAG,0
CCCGTATATCAGATGG,0
CCCGTATGACAAACAA,0
CCCGTCGAAGAGTCAG,0
CCCGTCGACTACCTCT,0
CCCGTGCGAATACTAC,0
CCCGTGCTAAAAATAC,0
CCCGTTAAAAACAGTA,0
CCCGTTAATAACATTA,0
CCCGTTACAGAACTAT,0
CCCTAAACTCACTCAC,0
CCCTAAAGAGAATTTT,0
CCCTAAATAACGTAAT,0
CCCTAAATAGATGCAA,0
CCCTAACGAATCCTTT,0
CCCTAACGTCATACAC,0
CCCTAAGAAGCCATAA,0
CCCTAATAGGGCAGAC,0
CCCTAATATCACCATG,0
CCCTAATCAGCCATTA,0
CCCTAATCATATTTGC,0
CCCTAATGCTCAGGGT,0
CCCTAATTCATACCAA,0
CCCTAATTCTTTATTC,0
CCCTACACAATCAACA,0
CCCTACATGATCAACT,0
CCCTACCGACAAACCA,0
CCCTACCTTGTTAATC,0
CCCTACGAGGGCCAAC,0
CCCTACTAAGAAATTG,0
CCCTAGAAAATCAACA,0
CCCTAGAAGTGACAAA,0
CCCTAGATCGAACCGA,0
CCCTAGATTCAGATAC,0
CCCTAGTCCGAAAAAT,0
CCCTATGGATAAGTGA,0
CCCTATGGCAAAAAAA,0
CCCTATTTACGAACAT,0
CCCTCAAAAGGACTAT,0
CCCTCAAAGGGAGTAT,0
CCCTCAATGACTGCCA,0
CCCTCACGCTTATAGA,0
CCCTCACTACGGATTA,0
CCCTCAGGTTCCAATT,0
CCCTCATAGGAAGATG,0
CCCTCATCAAAAATGT,0
CCCTCATCGAATTCCG,0
CCCTCCCTTGGTACAC,0
CCCTCCTGAAACAACA,0
CCCTCGAAACAGTTTA,0
CCCTCGATCAACAACC,0
CCCTCGATGACGATCA,0
CCCTCGATGTATTTAA,0
CCCTCGCGAACCGAAA,0
CCCTCGTGCATGACAC,0
CCCTCTACTCTATCCA,0
CCCTCTCCCGTTACAG,0
CCCTCTGAAGAACGGA,0
CCCTCTTACCACGAGT,0
CCCTGAACGGTATTGT,0
CCCTGAATATACCCAT,0
CCCTGACACAATGCTA,0
CCCTGACAGACGAACC,0
CCCTGATAAAAAAATA,0
CCCTGATCGACAGATT,0
CCCTGCAAAACCTGTA,0
CCCTGCCCAGACAATG,0
CCCTGCTGCTTTATAA,0
CCCTGGCGCAACAACT,0
CCCTGGGGTTTATATA,0
CCCTGGTGCTCATAGC,0
CCCTGGTTATGCTTCC,0
CCCTGGTTGTGGCGAT,0
CCCTTAAAAAAACGAA,0
CCCTTAAAGAACCGCA,0
CCCTTAAATCATAAAT,0
CCCTTACAGGTATATT,0
CCCTTACATCATGTTA,0
CCCTTAGATTTGACTA,0
CCCTTATCATATACCA,0
CCCTTATCGACGTGTG,0
CCCTTATTAAAGCCAC,0
CCCTTCCTGGCCAGTG,0
CCCTTGAAAACCTAAA,0
CCCTTGAAATCACCGA,0
CCCTTGTTAATTCTTT,0
CCCTTTAACCATGTTA,0
CCCTTTAAGAAAAAAC,0
CCCTTTGACTATCACA,0
CCCTTTTAACAACTTG,0
CCCTTTTAAGGCTCCG,0
CCCTTTTAGGTTCGGA,0
CCGAAAAAGTGGAAAT,0
CCGAAAATGGCTAAAG,0
CCGAAACACGAAAATA,0
CCGAAACACTCTGAGG,0
CCGAAACCACGGTTAT,0
CCGAAACCTCTTTAAT,0
CCGAAACGTGGAACCT,0
CCGAAACTAAATAAAA,0
CCGAAACTATTGAATT,0
CCGAAAGCATTATTAG,0
CCGAAAGGCCCAACGT,0
CCGAAAGGCTCAAGGT,0
CCGAAATAAAAAGATA,0
CCGAAATCATTACGAA,0
CCGAAATCCTTCTGAC,0
CCGAAATCGTTGAAGG,0
CCGAAATTCAGAACCT,0
CCGAAATTCCTTGTTG,0
CCGAACAAGTTGACCA,0
CCGAACACACAATAAC,0
CCGAACACATTATTAA,0
CCGAACATACGACAAT,0
CCGAACCGGTACTCAG,0
CCGAACGTGACACCAT,0
CCGAACTGCTATATTA,0
CCGAAGACATAGCGGT,0
CCGAAGATCTGAGAAT,0
CCGAAGCCAATATTGA,0
CCGAAGCCTAAACTCA,0
CCGAAGCTACGAAGCT,0
CCGAAGGATACAAAAC,0
CCGAAGTCTGAATAAA,0
CCGAATAAACAGCATA,0
CCGAATAATTACTTTA,0
CCGAATACTCCCGAGA,0
CCGAATACTTATTAAA,0
CCGAATCAAGAAAGGG,0
CCGAATCACCCCAACG,0
CCGAATCCAAGTCACG,0
CCGAATGAAATAGTCT,0
CCGAATGATAAAGTAG,0
CCGAATGGCACGAAAC,0
CCGACAAAACTAATCT,0
CCGACAAAATTTAACA,0
CCGACAACGCATAATT,0
CCGACAATACTGAACA,0
CCGACACTCTGCAACT,0
CCGACAGCTCACTGCA,0
CCGACAGGCAACCTAC,0
CCGACATATATAGAAA,0
CCGACATCCTGCTACC,0
CCGACATGGCGTAATA,0
CCGACCAAGGGCATAG,0
CCGACCATCCTACCTC,0
CCGACCCCAGCTTTGA,0
CCGACCCGCGCCACAA,0
CCGACCCTGAGCGCTA,0
CCGACCTCAAAATATT,0
CCGACCTTCGAGTCAA,0
CCGACGAACATAATTA,0
CCGACGAAGAGCCAAC,0
CCGACTACTATAGTAC,0
CCGACTACTATTACGC,0
CCGACTAGTTGTTTAC,0
CCGACTCACTATGTGG,0
CCGACTCCCTTAAGCC,0
CCGACTTACTGAGCAA,0
CCGACTTGCGTCTTTC,0
CCGAGAAATTCACAGG,0
CCGAGAACGAAACTCA,0
CCGAGAAGCTCCCCGC,0
CCGAGAAGTAGTTACA,0
CCGAGAGGGGGACCTC,0
CCGAGCACTTTCCGCA,0
CCGAGCATGACCAAAC,0
CCGAGCCTAATATCAA,0
CCGAGCCTAATATGCT,0
CCGAGCTGACAGGACG,0
CCGAGGATTTTGCTAG,0
CCGAGGCTAAACGAGA,0
CCGAGTCCTAAAAAGA,0
CCGAGTCTTAAGATTA,0
CCGAGTCTTGAAACTA,0
CCGAGTGTACTCTTTC,0
CCGATAACTGAAAATA,0
CCGATAAGAGTCGCAC,0
CCGATACCACAGAAAA,0
CCGATATAAACTAATC,0
CCGATATGATACATAA,0
CCGATCACATCAGACC,0
CCGATCAGGGTTCCTG,0
CCGATCTATAGTGGAG,0
CCGATCTCCAAGGAAT,0
CCGATCTGATGCATGA,0
CCGATCTTCCAAGAAG,0
CCGATGACCTCTCTTC,0
CCGATGCCGATGACTT,0
CCGATGTAACTTTACA,0
CCGATGTCTTTATCGA,0
CCGATTAGGAAAAGCG,0
CCGATTCCTTGTGAAA,0
CCGATTTCACAAGCCA,0
CCGATTTGCCGTACGC,0
CCGCAAAAAAGCCACT,0
CCGCAAAGGAATGAAA,0
CCGCAAATATAAAACT,0
CCGCAACACTTAGTGA,0
CCGCAAGAGAAACAAA,0
CCGCAAGCTCATCTAG,0
CCGCACCGTCAATAAA,0
CCGCACGATAACCATA,0
CCGCACGTTAATTCAA,0
CCGCACTAAATTCATT,0
CCGCACTAGTTTATAA,0
CCGCAGACAAGTTACG,0
CCGCAGATCTCACAGA,0
CCGCAGCCGGGTAAAA,0
CCGCAGCCTATGCCAT,0
CCGCAGCTAGACGATA,0
CCGCAGCTATCTCCAC,0
CCGCAGTATGGTTCAT,0
CCGCAGTATGTTGTTC,0
CCGCATCCACAGGTGC,0
CCGCATGATAGGAGCG,0
CCGCATTATCGGGACT,0
CCGCCACATAACATAT,0
CCGCCACCACAAAAGA,0
CCGCCACCCGTCGCAG,0
CCGCCACGGTGTCTCC,0
CCGCCATCAGACTGGA,0
CCGCCCAGGACCATAT,0
CCGCCCCGACAATTAG,0
CCGCCCTAAGACAAAT,0
CCGCCGATGAACAAGT,0
CCGCCTCGGGCTATAC,0
CCGCCTGCTTTGAGCA,0
CCGCGACATAAAGCGA,0
CCGCGAGGATATAAAG,0
CCGCGAGGTCCAATGC,0
CCGCGATACAAACAAA,0
CCGCGCGATGCTGCCG,0
CCGCGCTTAACAGCAA,0
CCGCGGCTCTCGCCGA,0
CCGCGTAAGCACTCTG,0
CCGCGTCCATTCAAAA,0
CCGCGTGGTGCTTTTA,0
CCGCGTTGAAACACAA,0
CCGCTAAAGACGCAGG,0
CCGCTAAAGTATGTCA,0
CCGCTAACAGCTCCTC,0
CCGCTAAGAATATCCG,0
CCGCTACAATCGGACG,0
CCGCTACACAGAATGT,0
CCGCTACGGCCTTCAA,0
CCGCTACGGGTGCAAA,0
CCGCTACTAAGGTGCC,0
CCGCTAGTCCAACGAA,0
CCGCTCAAAAAGTTTA,0
CCGCTCAAATTTGTAT,0
CCGCTCTAATAAGATG,0
CCGCTGACATACGGCG,0
CCGCTGCAAGACTACC,0
CCGCTTAAAACATGTG,0
CCGCTTAGAAATAGTG,0
CCGCTTAGAATATAGT,0
CCGCTTTATCAAACTG,0
CCGCTTTCGCAAGCAA,0
CCGGAAAAGAACTTTT,0
CCGGAAACGAACCGAC,0
CCGGAAAGCCCCACAT,0
CCGGAACATACTGAGA,0
CCGGAACGCTTTGTTT,0
CCGGAAGAGCTCATTT,0
CCGGAAGTAAAAGAAC,0
CCGGAATACAATGCTT,0
CCGGAATGACCAACAC,0
CCGGAATTAATTGTCA,0
CCGGACACGGTTTAGT,0
CCGGAGATGGCGTCCA,0
CCGGAGCCAAACCGTA,0
CCGGAGCTTACATTTA,0
CCGGAGTGCCCAAGAT,0
CCGGATAAGAAGAGAG,0
CCGGATATGTCCTAAA,0
CCGGATCAGAACTATT,0
CCGGATCAGAAGCACT,0
CCGGATGTGGGTATAT,0
CCGGATTAACAGATGA,0
CCGGCAGATTTACATA,0
CCGGCCAATTGCCACT,0
CCGGCCCTAATCCTTT,0
CCGGCCTAATACAGAG,0
CCGGCTAATGGTAAGT,0
CCGGCTCCATTCGTTA,0
CCGGCTTAAAAAATCA,0
CCGGGAAATAATAATA,0
CCGGGACTTGCCCTAT,0
CCGGGCTCTCATGAAA,0
CCGGGGGAGTACTCGA,0
CCGGGGTCAACGGCAT,0
CCGGGTATCTCCACAG,0
CCGGTAAACTCTTTCT,0
CCGGTCCCCACTTAAT,0
CCGGTGAATTACGTGC,0
CCGGTGACCGCTCTAC,0
CCGGTGATGTTCTTAC,0
CCGGTTAACTACCTGA,0
CCGGTTACATATCATA,0
CCGGTTTAATCACGAC,0
CCGTAAAATAATCATA,0
CCGTAAAATCCAGTAA,0
CCGTAAACAGAAGATG,0
CCGTAAAGAATCGAAC,0
CCGTAACAATGTGGTG,0
CCGTAAGACGTGAACC,0
CCGTAAGAGCAGACAC,0
CCGTAAGAGGATAAAC,0
CCGTAAGATTGAGATC,0
CCGTACCAGACAAGAT,0
CCGTACGTAGGTTCCA,0
CCGTACTTTTTAACTA,0
CCGTAGAAATCCGGTC,0
CCGTAGAATAGAAAAT,0
CCGTAGTACAAAAGAT,0
CCGTAGTTATCTAGCC,0
CCGTATATCGAATCTG,0
CCGTATCAGGTCATTC,0
CCGTATCAGTTGCAAA,0
CCGTATCCACAAGAGG,0
CCGTATGAATGGTATA,0
CCGTCAACAAAAACGC,0
CCGTCACATGAACAGT,0
CCGTCCATCAGCATCC,0
CCGTCCCAATATCTAT,0
CCGTCCCGAAATAGCC,0
CCGTCCGAGAATTAAA,0
CCGTCGAAGATAATTT,0
CCGTCGATTCCCATGA,0
CCGTCGCACTGAAGAA,0
CCGTCGCCTTATTGGA,0
CCGTCTAGAATGAAAG,0
CCGTGACCTCAGAAAG,0
CCGTGCATACCTACCA,0
CCGTGCCCTATGCCTG,0
CCGTGCTAATATGTTG,0
CCGTGGTTAGAAAAAA,0
CCGTTAATTTTAAAAC,0
CCGTTACAAATCTAAA,0
CCGTTACAATACAACG,0
CCGTTACCAAGCAATA,0
CCGTTACCGAAATAGC,0
CCGTTACCTGGAGAAG,0
CCGTTAGAAATCACTG,0
CCGTTCAATATTTGAA,0
CCGTTCATTTTTCTGT,0
CCGTTCCTATTATATC,0
CCGTTCGCGGAATACC,0
CCGTTCTTTACTAGCA,0
CCGTTGAAATCGATAC,0
CCGTTGCTCTCACGCC,0
CCGTTGTGAATTTGAT,0
CCGTTTAAACTTGGTT,0
CCGTTTCACCAAGCGA,0
CCGTTTCGCAAGACAT,0
CCGTTTTAATATCTAT,0
CCGTTTTATGAAAACC,0
CCGTTTTCGGTACCGA,0
CCGTTTTCGTATGTAG,0
CCGTTTTGAAGGCATT,0
CCGTTTTTTTGCGGCT,0
CCTAAAAAACCTTCTT,0
CCTAAAAATCGCCTTC,0
CCTAAAACGGGCCATG,0
CCTAAAACGTGCTGCG,0
CCTAAAACTATCCAAC,0
CCTAAACGGCCCCACG,0
CCTAAACTAAGCGATA,0
CCTAAACTCCAAATGG,0
CCTAAAGAATCCGAAA,0
CCTAAAGACTAATTTA,0
CCTAAAGATCCACGAC,0
CCTAAAGTCGGGGAAA,0
CCTAAATCTCACTAAA,0
CCTAAATGTGAGAAAA,0
CCTAACAATAAAAAGA,0
CCTAACAGAAACCGGA,0
CCTAACAGTAATAACT,0
CCTAACATAAGAGCAA,0
CCTAACATAATCCCGC,0
CCTAACCACTCCCCAA,0
CCTAACGACCACACAG,0
CCTAACGTTAGGCACC,0
CCTAAGATACACGTGA,0
CCTAAGATTGGCCACG,0
CCTAAGCAGCTTAGCT,0
CCTAAGCATGTGACAC,0
CCTAAGGACAGGAGAC,0
CCTAAGGGCACAGCTC,0
CCTAAGGTACCCCAAA,0
CCTAAGTTCCGACAAA,0
CCTAATAAAGGAATCT,0
CCTAATACCCGGCGAT,0
CCTAATATAAAGTATA,0
CCTAATATTCCGACAC,0
CCTAATATTCGTTGCT,0
CCTAATCGACCTGAAA,0
CCTAATGCGGTAAAAG,0
CCTAATGTAAATACCC,0
CCTAATGTTAGGAGCC,0
CCTAATTAACCAGGAA,0
CCTAATTTCTCCCCTT,0
CCTACAACAGTCAACT,0
CCTACAACATCTAAAA,0
CCTACACCCCACATCT,0
CCTACAGAATAAATAC,0
CCTACAGTCAGGGCTA,0
CCTACATCTAGACCAC,0
CCTACATGAAAAAAAC,0
CCTACATTTGACTATT,0
CCTACCAAACAAAACC,0
CCTACCCAATTAAAAT,0
CCTACCCGATCCCTAT,0
CCTACCGAAATGGCAT,0
CCTACCGGGTCCCCTC,0
CCTACCTCAAAACACA,0
CCTACGAACTATTCCA,0
CCTACGCAATCTAAAC,0
CCTACGCCCGCACAAA,0
CCTACGGCTTAATTTT,0
CCTACGGTAGTATTTA,0
CCTACGTCCTCGTAAA,0
CCTACGTTTTACTCAG,0
CCTACTAAACTTGAGC,0
CCTACTAACACAAGTC,0
CCTACTAAGTGTAACG,0
CCTACTACGCACAAGA,0
CCTACTCACAGATAAC,0
CCTACTGAGCACCTAA,0
CCTAGAACCGACTATG,0
CCTAGACGTCCGATTG,0
CCTAGAGATACGCCAC,0
CCTAGATCAAGAGAAT,0
CCTAGATCCCTAAAGA,0
CCTAGATTTAAAACGA,0
CCTAGCAATAATAAAC,0
CCTAGCAGCAGATCCA,0
CCTAGCATCCTTTGGA,0
CCTAGCGATACTTCTC,0
CCTAGCGGTATTACCA,0
CCTAGCGTTGTCAAGG,0
CCTAGCTGATTGAAAA,0
CCTAGTAACTAACCTT,0
CCTAGTAGTTAAAGAA,0
CCTAGTCACCTGTGCA,0
CCTAGTCTACGAGGGG,0
CCTAGTCTTACAACCC,0
CCTAGTGACTAAAAGT,0
CCTATAAAACTAATCC,0
CCTATAAAAGACGCCT,0
CCTATAAACCGATCGT,0
CCTATAAATCATGAAC,0
CCTATAATCGTTTGCT,0
CCTATAATGATCATAT,0
CCTATACACGGGAGTG,0
CCTATAGACACAAAAA,0
CCTATAGAGCTCCTTA,0
CCTATAGGAACCCACG,0
CCTATATAAACTTAAT,0
CCTATATCCCATGCCT,0
CCTATATCTTTCGCAC,0
CCTATCAAATTCGCCA,0
CCTATCACACATGTAA,0
CCTATCACATTTTGTT,0
CCTATCTCGAGAATAT,0
CCTATGAAATTATACC,0
CCTATGCTTAACTGAA,0
CCTATGGCTTTGATAA,0
CCTATGTCATGATAAA,0
CCTATTAAATTGTGCA,0
CCTATTAGTATCAGAT,0
CCTATTATAGAACAAA,0
CCTATTCATACAAGAG,0
CCTATTGATCATACCC,0
CCTATTTGCTAAACTC,0
CCTATTTTAAGACTGA,0
CCTCAAAAATGAATTA,0
CCTCAAAACAACAACT,0
CCTCAAAATGAGATCT,0
CCTCAAGATTGCAATA,0
CCTCAAGGCAGCAAGC,0
CCTCAAGTTAAAAAGA,0
CCTCAATGGAACGGGC,0
CCTCACATGCTTTATC,0
CCTCACCACCTACAAT,0
CCTCACCACCTCGCGC,0
CCTCACCCGAAAATAG,0
CCTCACGAATAGAAGC,0
CCTCACGTCGAGTAAT,0
CCTCACTAGAATACAG,0
CCTCAGAATAGTACAC,0
CCTCAGACAGGATGCA,0
CCTCAGAGATACAGCC,0
CCTCAGCGACACGTTA,0
CCTCAGTCAATTTCGT,0
CCTCAGTCATCCTTAT,0
CCTCAGTTACAAGATG,0
CCTCATAACTATAACA,0
CCTCATAATCAGAATG,0
CCTCATATACCAGCTA,0
CCTCATCAAGAAACCC,0
CCTCATCATGAAACGC,0
CCTCATGAAAAGGTGA,0
CCTCATGAACTGCGAC,0
CCTCATGAAGCAGCAG,0
CCTCATTACATTATGA,0
CCTCATTTGCCCTACG,0
CCTCCAACGGGATAAA,0
CCTCCAATAATAGATG,0
CCTCCAATGAATGACT,0
CCTCCAGAAAATAACT,0
CCTCCAGATAGACCCT,0
CCTCCATCTGAGATAC,0
CCTCCCAAATCCAACA,0
CCTCCCAGCAGCAACT,0
CCTCCCCCTACATACA,0
CCTCCCCGAAGCAAAC,0
CCTCCCGATATATATC,0
CCTCCCTTGCGTTCTC,0
CCTCCTAGGACAAGCA,0
CCTCCTATGGGCTCAA,0
CCTCCTCGACTGACCG,0
CCTCCTGACTACCCCA,0
CCTCCTGCCGGTAAAG,0
CCTCGAAACCGACTAA,0
CCTCGAATCTTAGTAG,0
CCTCGACAAATAACTT,0
CCTCGAGAGCATCAAT,0
CCTCGAGCCTGTAAGC,0
CCTCGGTCTTAACGAG,0
CCTCGTGTGGAGCATC,0
CCTCGTTAATCGGCAA,0
CCTCGTTGTTCCCATA,0
CCTCGTTTAATAAAAT,0
CCTCGTTTAGGATAGA,0
CCTCTAAAAATCTTCG,0
CCTCTAAGGGCAAGTT,0
CCTCTACGAACAAATT,0
CCTCTATAATCATTAA,0
CCTCTATATAGAGAAA,0
CCTCTATTTCACGGGG,0
CCTCTCAAACGTAAAA,0
CCTCTCACCTCGAAAG,0
CCTCTCGACAAAAAGC,0
CCTCTGAAGTCCGACC,0
CCTCTTACGATGTTCT,0
CCTCTTAGACACCACG,0
CCTCTTAGACCCAACT,0
CCTCTTCACTTGAAAT,0
CCTGAAAACTGGAGCA,0
CCTGAAAAGAACACTC,0
CCTGAAAAGCAAATAC,0
CCTGAAAATACCAATA,0
CCTGAAAATTACATAT,0
CCTGAAACCATACGCG,0
CCTGAAACTGTGAGAG,0
CCTGAAATCCACATCA,0
CCTGAACAGTAGCTCC,0
CCTGAACATCCAAACA,0
CCTGAACCCTACACAT,0
CCTGAACTGAATTTCC,0
CCTGAATAACTATTAT,0
CCTGAATACTGGCTTT,0
CCTGAATATACACAAC,0
CCTGACCATGGAATGG,0
CCTGACCTCAATTAGA,0
CCTGACTCGTTCATCT,0
CCTGACTCTAGCGGCA,0
CCTGATAAACTCAAGT,0
CCTGATAAGAAGTGAA,0
CCTGATCAAGCAATGA,0
CCTGATGCAACAACCT,0
CCTGATGGCAAAAACG,0
CCTGATTCCATAACCT,0
CCTGATTGCCAGCCCA,0
CCTGATTTATATTGAG,0
CCTGCAAACTCAGTAT,0
CCTGCAATTAAGACCC,0
CCTGCAATTACTGTTA,0
CCTGCACAACGGGCAC,0
CCTGCATGTCATCCCA,0
CCTGCATTAACAGTGT,0
CCTGCCAGCCAACAAA,0
CCTGCCCCACTCACAC,0
CCTGCCTGAAAGTTAA,0
CCTGCGACATCAAGCT,0
CCTGCGCACAGCAAAC,0
CCTGCGGTTCGCGCTT,0
CCTGCGTGCAAATCAT,0
CCTGCTAAGATTAGAG,0
CCTGCTTGTTAGTTCA,0
CCTGCTTTACTTCAAT,0
CCTGGAAATGCATGCA,0
CCTGGAACTGTCGATG,0
CCTGGAAGTCTTTTAG,0
CCTGGAATTTCAATAT,0
CCTGGACAGATGTATG,0
CCTGGAGACAACCATA,0
CCTGGATTACTGACCA,0
CCTGGCAAAACACTGC,0
CCTGGCCACTCCCATT,0
CCTGGGAAGCACGAAG,0
CCTGGGGACTATTTAT,0
CCTGGTGTTACATGAC,0
CCTGGTTTTGTCGGCA,0
CCTGTAACGCGTCAGT,0
CCTGTACTTCAACATT,0
CCTGTATAACAATGGA,0
CCTGTCCCATAGTTAA,0
CCTGTTAACTTCAAAA,0
CCTGTTACAACTTAGG,0
CCTGTTCCCCTAAAAT,0
CCTGTTTAATATACAT,0
CCTTAAAAATCAAACA,0
CCTTAAAACTACACGC,0
CCTTAAACCGGCAGAC,0
CCTTAAAGTACAACGA,0
CCTTAAATCTGATCCG,0
CCTTAACCTTATAAAG,0
CCTTAACTGACTACAG,0
CCTTAAGCACTAATTT,0
CCTTAAGGTGACCCAA,0
CCTTAATAATTTTTGC,0
CCTTAATCCGTTTTAA,0
CCTTAATTTAAGCCTG,0
CCTTAATTTAGTTATG,0
CCTTAATTTCTCTAAT,0
CCTTACACTGTCTATA,0
CCTTACAGAGACACAG,0
CCTTACAGTAATGAAT,0
CCTTACCAAGTAGGAG,0
CCTTACCAATAGATTT,0
CCTTACCCGACCTCAA,0
CCTTACCGACTGAGCA,0
CCTTACTATTATAACA,0
CCTTACTCACATAATT,0
CCTTACTCATTATCTG,0
CCTTACTCGTGAATCA,0
CCTTACTGAGTTGGCA,0
CCTTACTTGCAATCGC,0
CCTTAGCAATTCACAT,0
CCTTAGCTGATGTTAA,0
CCTTAGGCGGGTTAAT,0
CCTTAGTCAAATTGAT,0
CCTTATAAATTAATCA,0
CCTTATAACGAACAAC,0
CCTTATAAGCTGGTTT,0
CCTTATATCCCATTCC,0
CCTTATCCTATCCGCG,0
CCTTATGATTGAAAAA,0
CCTTATGCCACCCTAA,0
CCTTATTGAAAATCTT,0
CCTTATTTTGCTCCCG,0
CCTTCAAGAATGTAGC,0
CCTTCAATCAGGTTTA,0
CCTTCAATGACCGAGA,0
CCTTCACAGATATCAT,0
CCTTCACGACACCCCT,0
CCTTCACTTCTACACA,0
CCTTCCAGAGTAACAG,0
CCTTCCATCCAGTTAA,0
CCTTCGAGACCACTGA,0
CCTTCGAGGGCTGCGG,0
CCTTCGATACTTCGCA,0
CCTTCGGTGATAATTT,0
CCTTCGTAGTAGTGAT,0
CCTTCGTTATCTGGAT,0
CCTTCGTTGAAACGTA,0
CCTTCTACATTTCATT,0
CCTTCTAGAAGTGCAA,0
CCTTCTATTCAATAAA,0
CCTTCTGCACAAATAA,0
CCTTCTGTTTTATGAC,0
CCTTGAACGTGGATCG,0
CCTTGAAGCGAAGACA,0
CCTTGAATAACGAGGA,0
CCTTGAGATATATACA,0
CCTTGAGCTTGGATTT,0
CCTTGAGTAAATCGAT,0
CCTTGATCACGACGCC,0
CCTTGCCCCACCCCCG,0
CCTTGCGAATCTTTCC,0
CCTTGGGCGATCATGA,0
CCTTGGGTTATGTGGA,0
CCTTGTATTAGATCTG,0
CCTTGTCCCTCCGGAA,0
CCTTTAAAGGAAAATA,0
CCTTTAACGCACTTAA,0
CCTTTACAAACTCTGC,0
CCTTTAGACATCGATG,0
CCTTTATAAGATTAAA,0
CCTTTATAAGTCACGC,0
CCTTTATGTAAGACCT,0
CCTTTATTCAAGCCTA,0
CCTTTCAATCATGAAA,0
CCTTTCACTAATTAGA,0
CCTTTCCAGCCTACAA,0
CCTTTCCGTTTCATCT,0
CCTTTCGGCCAAATAA,0
CCTTTGCCATTAAATT,0
CCTTTTACACCGGCAA,0
CCTTTTCCGAAACGTA,0
CCTTTTTACAGGAACG,0
CGAAAAAATAATCGGT,0
CGAAAAACTTTGCCGA,0
CGAAAAAGACCATTTT,0
CGAAAACAAAAATAAT,0
CGAAAACAATCCAGTA,0
CGAAAACATAAGCTAA,0
CGAAAACCAACACTGA,0
CGAAAACCAGTAAACT,0
CGAAAACCTATGTAGC,0
CGAAAACCTGGTTCGA,0
CGAAAACTATAAGTCT,0
CGAAAACTCTAGGAAT,0
CGAAAACTTGGGTACA,0
CGAAAAGAGTCTGTGT,0
CGAAAAGCAAGCTTTC,0
CGAAAATAAGGCGAAG,0
CGAAAATACCGATCAA,0
CGAAAATCGATACCAC,0
CGAAAATGCTTGAAAA,0
CGAAAATTCTGGCGCG,0
CGAAACACCAACCCGT,0
CGAAACAGGTAAACTC,0
CGAAACATAATATAGC,0
CGAAACCCAATCACAC,0
CGAAACCGACAATTAA,0
CGAAACCTCAGCATCC,0
CGAAACCTCGATAATA,0
CGAAACGTATATAGCT,0
CGAAACTCATTATACG,0
CGAAACTGCGGTCAAA,0
CGAAAGACCATCTGAA,0
CGAAAGACGCGCGGTT,0
CGAAAGACTTCCACCA,0
CGAAAGGAGTCCCCAT,0
CGAAAGGCAACTGTAA,0
CGAAAGTCAGATTAAC,0
CGAAATAACGAGTCGA,0
CGAAATAACTTACCAA,0
CGAAATCCTTAAAAAA,0
CGAAATCTAGAAGTAA,0
CGAAATGCGAAAATAA,0
CGAAATGGCCGAGCCC,0
CGAAATGGCTAATACT,0
CGAAATTAGTACCCTT,0
CGAAATTCATGGACTT,0
CGAAATTGTAAAAGAA,0
CGAAATTTCTTGTAGC,0
CGAACAAAAAAATAGG,0
CGAACAAAACAAGTAA,0
CGAACAACGATTGAAT,0
CGAACAATTAATCACC,0
CGAACACAAGGAACAA,0
CGAACACCTGAATCTT,0
CGAACACGCTTGTAAC,0
CGAACAGTAATGAAGG,0
CGAACAGTGGTAAAAT,0
CGAACATCATAACCAT,0
CGAACATTGGAGTCTT,0
CGAACATTTAATATCA,0
CGAACATTTCAATTGC,0
CGAACATTTGAAACCT,0
CGAACCACGATCGTCA,0
CGAACCAGAGAATAAA,0
CGAACCATAATGTTAA,0
CGAACCCGAGTCTCAA,0
CGAACCCGGGTCCGGC,0
CGAACCGCGCAAAGAG,0
CGAACCTAACCACCCA,0
CGAACCTAGAGGGAAT,0
CGAACCTAGCGACCGG,0
CGAACCTGAGTTACAA,0
CGAACGCATACATCGG,0
CGAACGCATCAACCGA,0
CGAACGCCAATTACAA,0
CGAACGCTACAGATCA,0
CGAACGTAACTATCCT,0
CGAACGTGTCCCAGTC,0
CGAACTAATACATCAA,0
CGAACTACTACTACTC,0
CGAACTACTTATACAG,0
CGAACTAGGCTATGAT,0
CGAACTATTAATTCAA,0
CGAACTCAGTCACACT,0
CGAACTGTAACAAAAA,0
CGAACTGTTATATGTA,0
CGAACTTGTAAATTTA,0
CGAAGAAGAACAACCA,0
CGAAGACAAAAAACTT,0
CGAAGACGAAACACCA,0
CGAAGACTAAGCAAGA,0
CGAAGACTTGAGACAG,0
CGAAGAGATTCTATAG,0
CGAAGATTATCATTAA,0
CGAAGATTGCATACTG,0
CGAAGCAAACCAATAC,0
CGAAGCACAAGCAGTA,0
CGAAGCACTAAACAAG,0
CGAAGCCAGTCACTAC,0
CGAAGCCTATAATTAT,0
CGAAGCCTCTGTAAAT,0
CGAAGCGCATAATATG,0
CGAAGCTCGCATCAAT,0
CGAAGGAATGTCGCTC,0
CGAAGGACAAACAAGA,0
CGAAGGACTAAAAGCA,0
CGAAGGCACAATAATG,0
CGAAGGCCGTACAGAA,0
CGAAGGCCGTGGATAG,0
CGAAGGCCTAAGTGAT,0
CGAAGGTTAAAACGTA,0
CGAAGTAAGGATCAAG,0
CGAAGTGAAAAACTTT,0
CGAAGTTATGAATACT,0
CGAAGTTCAAAACAAG,0
CGAATAAACAGAACCG,0
CGAATAACTAGCTAAC,0
CGAATAAGCTGAGAGG,0
CGAATACAACGGGTAG,0
CGAATACCATAACATA,0
CGAATACCCAGACTTT,0
CGAATACCGGACTCAG,0
CGAATACTATAGCCTC,0
CGAATAGATTCAACTG,0
CGAATAGCTGATGCTA,0
CGAATAGTAAAATGCT,0
CGAATATAAAGATTAT,0
CGAATATGCAACAAAC,0
CGAATATTTAGAGAAC,0
CGAATCAATTGACCAC,0
CGAATCCGCATACCAT,0
CGAATCGGACATCTCA,0
CGAATCTATCACAGTC,0
CGAATCTCGTGAATCC,0
CGAATCTGTAATAAGT,0
CGAATGAATTTATAGT,0
CGAATGAGTACTGAAT,0
CGAATGATGACCGGAG,0
CGAATGCGATTGTAGG,0
CGAATGCGTGATAACC,0
CGAATGGTGTTATTTT,0
CGAATGTATGAGCACA,0
CGAATGTCACTTGTAG,0
CGAATGTCATAACCAT,0
CGAATTACTTGCTAAT,0
CGAATTAGATACAAAG,0
CGAATTAGTTTTGCAT,0
CGAATTCATCCCTAAA,0
CGAATTCGCGAAATGC,0
CGAATTGCTAAGCAGC,0
CGAATTGGAAGATAGC,0
CGAATTGGCTTCTAGT,0
CGAATTGTTCAAGAAA,0
CGACAAAACTACGCTC,0
CGACAAACAAAAATAC,0
CGACAAACAAACACCT,0
CGACAAAGAATAGTCT,0
CGACAAATGAGATCGA,0
CGACAACTATATAATC,0
CGACAAGTCATCGAAA,0
CGACACAAAAATGGCG,0
CGACACAACGGGGCGC,0
CGACACAAGACTATGA,0
CGACACAATCAAGTAA,0
CGACACACGATCTATG,0
CGACACATACCGTCGC,0
CGACACCTTTAAACAG,0
CGACACTGGGACCGCG,0
CGACACTGTCAAAATA,0
CGACACTTTACCCCTA,0
CGACAGATTTAAAGGG,0
CGACAGCATCTAAGTC,0
CGACAGGAACACCACG,0
CGACAGTGACACACTT,0
CGACAGTTCCATGTCC,0
CGACATACAATCTGAC,0
CGACATAGGTCATATA,0
CGACATCCGACCTGCA,0
CGACATGACAAAGATA,0
CGACATGCTCAGAGTG,0
CGACATTACCACGATG,0
CGACCAAAAAGCAACC,0
CGACCAAAAGTAGTTA,0
CGACCAAAATTCTTCG,0
CGACCAAACAGCATGC,0
CGACCAAATCAGCCAT,0
CGACCAATCAATATAA,0
CGACCACTATTACTAC,0
CGACCAGAGGATACGA,0
CGACCAGAGTACAATG,0
CGACCATAAATGTCCA,0
CGACCATAACAGTTAA,0
CGACCATATCACTCTT,0
CGACCCACAGCGACGC,0
CGACCCCCCCAAGACA,0
CGACCCCTTTTTAATA,0
CGACCCGTCTACAATC,0
CGACCCGTTATACACA,0
CGACCCTTCATCACAA,0
CGACCGAGAACGCACA,0
CGACCGAGCATATGTC,0
CGACCGAGCCGCACAT,0
CGACCGATTGTGTACG,0
CGACCGGGTAATCATC,0
CGACCGTAATCAGCGT,0
CGACCGTTGATGCATT,0
CGACCTACCAACCATG,0
CGACCTAGGATCGGGG,0
CGACCTTTACATACCC,0
CGACCTTTCCGACGGC,0
CGACCTTTTACCCGCA,0
CGACGAAAACTAAGGA,0
CGACGAAACCCATTTA,0
CGACGAAATCATACGA,0
CGACGAACCAAAGCCT,0
CGACGAGATATAGTCA,0
CGACGATGTTTATACC,0
CGACGATTCTCGAAAA,0
CGACGCACACCAAAAT,0
CGACGCAGATTCTTAA,0
CGACGCCACACAACGA,0
CGACGCCGGTAAAAAC,0
CGACGCTGAAATGACC,0
CGACGGCAGAATGTGT,0
CGACGGCCCTGAAATA,0
CGACGTACAATTAAAT,0
CGACGTATTAAGACCG,0
CGACGTCCCCGAATGC,0
CGACGTCGAATCAGCC,0
CGACGTCTGCTTAAAA,0
CGACGTGATAACCCCC,0
CGACGTGGGTTACTCC,0
CGACGTGTCCATAATG,0
CGACTAAAGATAAACG,0
CGACTAACATGCCATA,0
CGACTAACTCATTGTG,0
CGACTAACTTAACTTC,0
CGACTAAGGCGATTTC,0
CGACTAATAACCCGAC,0
CGACTAATACAAACAG,0
CGACTACATATAGAGA,0
CGACTACATCTGGTAC,0
CGACTAGGAGGAAAGA,0
CGACTATGGCCGTCTA,0
CGACTATGTGAAAGGA,0
CGACTCAAACGCACCA,0
CGACTCAAACGTATTA,0
CGACTCACATTGGCCC,0
CGACTCACCAACGTAA,0
CGACTCCACAAAGATA,0
CGACTCCGTTGTAATT,0
CGACTCGGAGAATAAT,0
CGACTCGGAGGATACC,0
CGACTCGTCTCGGTGG,0
CGACTGCACCACTCGA,0
CGACTGCTCATCCAGT,0
CGACTGTCGTCATGTA,0
CGACTTAACCTGGAAT,0
CGACTTACAATATGAT,0
CGACTTAGAAGACAAA,0
CGACTTCCACAAGTAG,0
CGACTTCCCAATTATT,0
CGACTTCGAGACTACC,0
CGAGAAAACGACTAAC,0
CGAGAACGAAACCGAC,0
CGAGAAGCAAAACTCA,0
CGAGAATTAACCTAAT,0
CGAGACCAGTGACGAC,0
CGAGACGAATTATCAC,0
CGAGACGGCCAACTTA,0
CGAGACTAAATCGTCC,0
CGAGACTATGGTAGTC,0
CGAGAGAAAAGGACTT,0
CGAGAGAGCCTAAATT,0
CGAGAGATTTGTGTTC,0
CGAGAGTCCACAGGGG,0
CGAGAGTCGCATTTAA,0
CGAGATAAGCCCAATA,0
CGAGATAATGTGCCTG,0
CGAGATAGTGACAACA,0
CGAGATCGTAGAAGGA,0
CGAGATGAACCGCTGG,0
CGAGATGATCGATCCA,0
CGAGATGTAAGATCTA,0
CGAGATTACCAACGAA,0
CGAGATTTCATAAAAG,0
CGAGATTTCATCGGTA,0
CGAGCAAGAAGATATT,0
CGAGCAAGATACATGC,0
CGAGCAATGGGGACAT,0
CGAGCACAGATACAGT,0
CGAGCACATTGATCCG,0
CGAGCACCTGATGAAT,0
CGAGCAGGCAACAGCG,0
CGAGCAGTTATTGATT,0
CGAGCCAGGCCACGAC,0
CGAGCCATAAAGAATA,0
CGAGCCCAAAGAAGAT,0
CGAGCCGATAGAATAT,0
CGAGCGAAAAATGTAC,0
CGAGCGAAGTAAACAG,0
CGAGCGACCTTAACAC,0
CGAGCGGATTAGGGCC,0
CGAGCGTATGATTTTG,0
CGAGCTCAAGCACAAT,0
CGAGCTTTTAAACTTA,0
CGAGGAAGAGCCTCGA,0
CGAGGAAGATGGTTTG,0
CGAGGAAGTGTACCCA,0
CGAGGAATACACTCTT,0
CGAGGATAGCATGAAC,0
CGAGGATCACCAACTC,0
CGAGGATCCGAACAGT,0
CGAGGATGCTGTATCG,0
CGAGGCAACGTTACAT,0
CGAGGCACCTCCTCTT,0
CGAGGCATGCTCTTTC,0
CGAGGGCAAGTTCGAT,0
CGAGGGGCTTTCCACA,0
CGAGGGTTTATAGCAA,0
CGAGGTCATATAATAT,0
CGAGGTGGGTGTTTCC,0
CGAGGTGTTCCGCCAC,0
CGAGGTTAATGACTAC,0
CGAGTACCGAGACGAC,0
CGAGTACTACTGACAA,0
CGAGTAGAAACAAACA,0
CGAGTATAAGGGTTTC,0
CGAGTATATATGGGGA,0
CGAGTATTCACTTCTT,0
CGAGTCAGACATAAGG,0
CGAGTCCCAAGGCGAC,0
CGAGTCCCGTACGATT,0
CGAGTCGACTGGCTCC,0
CGAGTCTCTCCCATGA,0
CGAGTGAAATAACATA,0
CGAGTGATGGGATTGC,0
CGAGTTAAGTTATTAG,0
CGAGTTAGAAACACTA,0
CGAGTTCCGCAAACAG,0
CGATAAAAAAAAGTAG,0
CGATAAAAATAAGTAA,0
CGATAAAACACAGGTG,0
CGATAAAGAATCATAC,0
CGATAAAGACCCAAAG,0
CGATAAATCCATTATT,0
CGATAACAAATAAAAA,0
CGATAACCCTGAGTAT,0
CGATAACGCACTTCCT,0
CGATAACTCAATTCAA,0
CGATAAGAAGACTGAA,0
CGATAATAAATGAGGA,0
CGATAATACCTCAACA,0
CGATAATATAAAGCTA,0
CGATAATCAATAGAGG,0
CGATAATGGGAGTCCT,0
CGATAATGTGACAACC,0
CGATAATTATCTATCA,0
CGATAATTCCATCACA,0
CGATACACTCAACAAG,0
CGATACATAGCTAAAT,0
CGATACATGGTCAGGA,0
CGATACCCAAACGAGA,0
CGATACCTTGAACCGG,0
CGATACGATATTGAAT,0
CGATACTTAACAGTGG,0
CGATAGACACAGTAGA,0
CGATAGCAGTTGCCAA,0
CGATAGGCATCTTTAA,0
CGATATACTACGATGG,0
CGATATATTATTGTTG,0
CGATATCAAAAGTCAC,0
CGATATCAAATAAATA,0
CGATATCATACATCCG,0
CGATATTATAAGATTA,0
CGATATTTAAGAATAA,0
CGATATTTGCCACACC,0
CGATCAAGATAACCAG,0
CGATCACAAAGCCCGT,0
CGATCACAATCAAAAC,0
CGATCAGTTGATCAAA,0
CGATCATAAGACTACG,0
CGATCATAATAACCAT,0
CGATCATTAATAGAAC,0
CGATCCACCAACTCAA,0
CGATCCCCAGAATACG,0
CGATCCGCTACCTAGC,0
CGATCCTAACTAGCAA,0
CGATCGGAGCGCTATA,0
CGATCGGGATTTTACA,0
CGATCTAACAAGATAG,0
CGATCTCCATAGCCTA,0
CGATCTCCCTAGGAAT,0
CGATCTCGAATTTCAA,0
CGATCTCTTAAAACCT,0
CGATCTCTTGGAACAG,0
CGATGAAATCAAAAAG,0
CGATGAAGACACCAAA,0
CGATGAAGAGAAACAC,0
CGATGAAGTTTAGAAA,0
CGATGACGAAAACATA,0
CGATGACGATAAGAGC,0
CGATGAGATGGTGCGG,0
CGATGAGGTAATCCTT,0
CGATGAGTTATTCCCG,0
CGATGAGTTATTTACT,0
CGATGCACTTTAAAAA,0
CGATGCATCTCAACAG,0
CGATGCCTTTCACTCA,0
CGATGGAAAAAGTATT,0
CGATGGATAAATAGCA,0
CGATGGCAGTAAGACC,0
CGATGGTAGTAAGACC,0
CGATGTAAGGATAGAA,0
CGATGTTATATACCGG,0
CGATGTTATATCAACA,0
CGATTAAATAAGTATG,0
CGATTAAGGAAATAAA,0
CGATTACCGAAAAGGC,0
CGATTACCGGTTAGCA,0
CGATTACGCACAGTGA,0
CGATTACTAGATGCTA,0
CGATTACTCCCACCCG,0
CGATTACTTAGAGGAG,0
CGATTAGGCCCAGATC,0
CGATTATTCGATAGTA,0
CGATTCAACAAACAAA,0
CGATTCACTACTTCAT,0
CGATTCAGAAATAAAT,0
CGATTCCGAAGGCACC,0
CGATTCCGTCACATAA,0
CGATTCTAACATCACC,0
CGATTCTATCAGCTCG,0
CGATTCTCGGCATTTA,0
CGATTGACTACGAAAC,0
CGATTGCAATAACTAC,0
CGATTGCTAACGGTGT,0
CGATTGCTCACCCGAA,0
CGATTGTTAAACATGC,0
CGATTGTTGATTGTAC,0
CGATTTAAACTCTAAG,0
CGATTTAACATCGGAC,0
CGATTTCTCTGTAACA,0
CGATTTGACAATGAGA,0
CGCAAAAGAAAAATTG,0
CGCAAAAGGTTGTTAA,0
CGCAAACAATACACTG,0
CGCAAACCGGTAACCG,0
CGCAAACCTGTTCGAG,0
CGCAAACTTGGATAAC,0
CGCAAAGTACCCTAAA,0
CGCAAAGTGATCTGTT,0
CGCAAAGTGCAAATCC,0
CGCAAATACCATTAAA,0
CGCAAATCAAACTTTG,0
CGCAAATTGCAGAGAG,0
CGCAACAAATGACTTC,0
CGCAACCATTATCTAA,0
CGCAACTACAGGCAAA,0
CGCAAGAATATATCAA,0
CGCAAGACGAATAGTT,0
CGCAAGTGGCTGGTGA,0
CGCAATACACACTGAA,0
CGCAATACAGAGGTGA,0
CGCAATACTCCAGTTA,0
CGCAATAGGGCAACCA,0
CGCAATCAAACTGACC,0
CGCAATCCAAAGAGAC,0
CGCAATCGCTTCCATA,0
CGCAATCTAAGGTAAC,0
CGCAATGAGTAAAAAG,0
CGCAATGCACACGGCC,0
CGCAATTAAAAAGGAT,0
CGCAATTCGCGCGTAC,0
CGCAATTTGAAATAAC,0
CGCACAAAACGAAATA,0
CGCACAAAATGTGCGC,0
CGCACAACACGATCGC,0
CGCACAACCAGGACCA,0
CGCACAATAAATCGAC,0
CGCACACAAACACAAG,0
CGCACACGAGCTTGGC,0
CGCACAGAACAAAATA,0
CGCACATAAAAAATAT,0
CGCACATACACGTTCG,0
CGCACATACCGCGCTA,0
CGCACATACTTAAACA,0
CGCACATGACAGACCT,0
CGCACCACGCGACTAC,0
CGCACCCGATGACAAC,0
CGCACCCGTTACCTTC,0
CGCACCGTTCGCCAAC,0
CGCACCTACGTCCATG,0
CGCACCTTAGCTACTA,0
CGCACGAATCTTGATG,0
CGCACGACGAAACAGC,0
CGCACGAGTCTCGGAA,0
CGCACGTATCACGAGT,0
CGCACTAAAAATCCAC,0
CGCACTAAGCCTTGTA,0
CGCACTAATACCTCGT,0
CGCACTGCAGTGTTCT,0
CGCAGACCTGTCCGAA,0
CGCAGAGCCAGATAAT,0
CGCAGATCACGCTAAT,0
CGCAGCCGAGCTCCTC,0
CGCAGCGGCTACGAAG,0
CGCAGGCCGCAATTTC,0
CGCAGGCGAGGTCAAA,0
CGCAGGTCAATACATT,0
CGCAGGTTCAGACGCC,0
CGCAGTTCGTCCCGCA,0
CGCATAAATCGTCTTC,0
CGCATAAGAAACGTAA,0
CGCATAGCATATAAGG,0
CGCATATATCCTTCTA,0
CGCATCCAACATAGGT,0
CGCATCCGCTAGAAGA,0
CGCATCGACATACCAA,0
CGCATCGAGACAACGC,0
CGCATGAACAGATCAC,0
CGCATGAAGTTATTTC,0
CGCATGACGCACTGAC,0
CGCATGAGAGCATCCC,0
CGCATGTATTACGAGT,0
CGCATTAACGAGGGTT,0
CGCATTAGGTAAAAAT,0
CGCATTGCTAAGCTTT,0
CGCATTTTACCCTACA,0
CGCCAAAAAGAACTTG,0
CGCCAAAGACACATCT,0
CGCCAAATAGTACGAA,0
CGCCAACTAGTTTACA,0
CGCCAAGACATCAACT,0
CGCCACGACGTATGAC,0
CGCCACGTACTGGTTT,0
CGCCAGTAAAAGCGTA,0
CGCCATAAACAGCAAT,0
CGCCATAAGAGATATC,0
CGCCATAATATCTTTA,0
CGCCATTGCCCGTAAA,0
CGCCCAAAAATTACAA,0
CGCCCAATGTACGAGG,0
CGCCCATAATAAAGGC,0
CGCCCATACTGGCCAC,0
CGCCCCACAACCCTAT,0
CGCCCTACGCCCGTTA,0
CGCCCTAGTAGAAGGA,0
CGCCCTTACGAACAAG,0
CGCCCTTATTTATTAG,0
CGCCCTTTCTCAATGC,0
CGCCGACAATCAACAA,0
CGCCGACTAGACTCAG,0
CGCCGACTCTACCCAT,0
CGCCGCCACTAAGTTT,0
CGCCGCCCAATGCCTT,0
CGCCGCTTGACTCTCA,0
CGCCGGAAGATCTTTT,0
CGCCGGCAGAACAATG,0
CGCCGGGGGTTCAACT,0
CGCCTAAAATGGTAGA,0
CGCCTAAACATTATGA,0
CGCCTAAACGAAGTTT,0
CGCCTAACAAAAAGGG,0
CGCCTACGCCAGCCTA,0
CGCCTCACTTGCCGAC,0
CGCCTCTGTTAAGTAC,0
CGCCTGGCAGCTCATT,0
CGCCTGGTGTCCACAA,0
CGCCTTAAAAGATATA,0
CGCCTTAATATATTTT,0
CGCCTTACTTATGCCA,0
CGCCTTGCACTTACAC,0
CGCGAAACATGCTGAT,0
CGCGAAATTAAATATT,0
CGCGAACAACTACCAA,0
CGCGAACACGCAGTTC,0
CGCGAACCAGACTAGC,0
CGCGAACGTGCTACTT,0
CGCGAACTTCAGTTAG,0
CGCGAATATTAATAAA,0
CGCGACCAAGAGTTGA,0
CGCGATAGTTTCCAAA,0
CGCGATCAAAAACTGT,0
CGCGATCACTATATAT,0
CGCGATCCAAAACACA,0
CGCGATGAAACGGTGT,0
CGCGCAAACACCACTA,0
CGCGCATGGAGTCGTT,0
CGCGCCAAACCGAGGC,0
CGCGCCACAGCTTGCA,0
CGCGCCATCACACAGA,0
CGCGCGAATCTACAGA,0
CGCGCGATAAACCATC,0
CGCGCGTGAGACTTTC,0
CGCGCTACGTATCGAG,0
CGCGCTCCTCAACACC,0
CGCGCTGTGCGAGCTA,0
CGCGGACATAGAGGTT,0
CGCGGACCAACTGAAT,0
CGCGGCACGTCCATCA,0
CGCGGCTTAATTTACC,0
CGCGGCTTGGGCTCGA,0
CGCGGGCTGGCGAACA,0
CGCGGTTACCCTTTAA,0
CGCGTAAATCATGATT,0
CGCGTATATTATTCTA,0
CGCGTCCAATAAGCTA,0
CGCGTCTTAGCATAAC,0
CGCGTGATACACTTCT,0
CGCGTGCAGAAAATGA,0
CGCGTTACATGTGATT,0
CGCGTTACTAGTACAG,0
CGCGTTCCTTGACGCA,0
CGCGTTGGTAATCTCC,0
CGCTAAAATACATACG,0
CGCTAAACAGGTTAAC,0
CGCTAACATAGTATAG,0
CGCTAACCAGCATCTA,0
CGCTAATCACGCACAT,0
CGCTAATGAATATGAC,0
CGCTACACATAGTGGA,0
CGCTACCATGAGGCAA,0
CGCTACCCTATCTGGC,0
CGCTACGTTGTGATCG,0
CGCTACTGCACAAGCA,0
CGCTAGACCTGACCGT,0
CGCTAGCTACCATTAC,0
CGCTATATAAGAACTT,0
CGCTATCAGAACAAGG,0
CGCTATCCATGCACTT,0
CGCTATTAGGAAAAAA,0
CGCTATTATCTGTAAA,0
CGCTATTATTGGTGCG,0
CGCTCAAAACGTAATT,0
CGCTCAAATTGCTACC,0
CGCTCAATATAGAGAT,0
CGCTCACAAATATTCT,0
CGCTCATGAGTATGCA,0
CGCTCCAATCAGCAAG,0
CGCTCCCATTTACCAT,0
CGCTCCCCGTAAGGTG,0
CGCTCCTAGAAAGGTA,0
CGCTCGAAACCGGTTG,0
CGCTCGAACCGTGTTT,0
CGCTCGGGCCGGTATA,0
CGCTCGTAGTTCCTAC,0
CGCTCGTATGCTTTTC,0
CGCTCGTCGTTGATTT,0
CGCTCTGATAAAACCC,0
CGCTCTGCAATCGCAA,0
CGCTGAAGAATCATCA,0
CGCTGCGGTTTAAGGT,0
CGCTGCTCAAACATCC,0
CGCTGGGCATAAATCC,0
CGCTGTCCGCATCCCC,0
CGCTGTGGAAGATCAT,0
CGCTGTTATTTGTAAC,0
CGCTGTTCAATTATGA,0
CGCTTAACTACTCAAT,0
CGCTTACTACAACAAG,0
CGCTTATAGTACTCAG,0
CGCTTATATATTACAT,0
CGCTTATCGACCAGTG,0
CGCTTATCTCAGGAAA,0
CGCTTATGTGATTCCA,0
CGCTTCTGCGCTCGCT,0
CGCTTGGACCATAAGT,0
CGCTTGTCATGAACTA,0
CGCTTTAATACCATTT,0
CGCTTTACCCACGAAC,0
CGCTTTATCTCACTCT,0
CGCTTTGTTTATTGTA,0
CGCTTTTAAAACCTTT,0
CGGAAAACCCTAGAGA,0
CGGAAAAGTTTATCCC,0
CGGAAAAGTTTGGAAA,0
CGGAAACCATGATGTA,0
CGGAAACGAACCTATT,0
CGGAAATAACTGACGG,0
CGGAAATCATTGCGAG,0
CGGAAATTCGTACGTT,0
CGGAACAAAAAACAAA,0
CGGAACAGCTTTGGAT,0
CGGAACAGTATGTATC,0
CGGAACCGAAACGAGC,0
CGGAACTGTCGCCGTA,0
CGGAAGCAAAAATATA,0
CGGAAGCCAACGGCGG,0
CGGAAGCGTCACTACA,0
CGGAATAACTCGCATT,0
CGGAATGCAAATTGGA,0
CGGAATGCGTTTTAGA,0
CGGAATGCTCCAGACT,0
CGGAATTCAGAAAGAC,0
CGGAATTGTTTCTATA,0
CGGAATTTTATAAAAG,0
CGGACAAACAACCCAA,0
CGGACAACATAGTTCC,0
CGGACAACCGCTACAA,0
CGGACAAGGAAGAATC,0
CGGACAATTTCGTGTC,0
CGGACACAACTAGTGT,0
CGGACACTGGATTCAT,0
CGGACATAATTTTCCA,0
CGGACCATTACTCCTC,0
CGGACCCACTTGTGAT,0
CGGACCCTAGATTATA,0
CGGACCTTCTTCACCT,0
CGGACGACGTATAACA,0
CGGACGAGTCCATTGT,0
CGGACGCCTGAAACAG,0
CGGACGGCCTTAGAAA,0
CGGACTAGGAGACCCC,0
CGGACTCGCCAATGCC,0
CGGACTGAATCTAAAC,0
CGGACTGGCTACGACC,0
CGGACTTGATGTAAGA,0
CGGAGAATAGCAACCC,0
CGGAGACACTCACATC,0
CGGAGACGGACTCTGC,0
CGGAGAGGGGGGCAAC,0
CGGAGATGTTTAGATT,0
CGGAGCGCGCGAAGCC,0
CGGAGCTTATATCTGA,0
CGGAGTAAATATTACG,0
CGGAGTAATACACGAG,0
CGGAGTACAAAACATG,0
CGGAGTGACCGCAGTA,0
CGGAGTTACAGCGGAA,0
CGGATAAAGTAAAAGA,0
CGGATAACTAGCCCAG,0
CGGATAAGAGTTTAAA,0
CGGATAATTAATGGGT,0
CGGATACCATCGTACT,0
CGGATACTGTCTGCCA,0
CGGATAGGATGTCCAC,0
CGGATATACTACCCGT,0
CGGATATTCTCAAAAT,0
CGGATATTTATTGCAA,0
CGGATCGACGCAGTAT,0
CGGATCTAAAGCAAAT,0
CGGATCTGCCAGACGG,0
CGGATGGTAAATAGAT,0
CGGATGGTGAGCGATA,0
CGGATGTACCCATATA,0
CGGCAAAACTGGGTAA,0
CGGCAACCACAGACGG,0
CGGCAACCAGAATATC,0
CGGCAAGTTTAGAACA,0
CGGCAATCATGCTAAA,0
CGGCACACGTGGTAGC,0
CGGCACAGACGCCAGG,0
CGGCACATTCACGACA,0
CGGCACGTGTGTCACC,0
CGGCAGAAATGCCTTA,0
CGGCAGATTATAGTTA,0
CGGCAGATTTCTGCGC,0
CGGCAGCACTGAAAGA,0
CGGCAGCATATCCTGC,0
CGGCAGTACGTGCAAG,0
CGGCATACTAAGATAC,0
CGGCATTTACTTCCCC,0
CGGCCAAACACATACA,0
CGGCCATACAGGATTA,0
CGGCCATCGCACACTG,0
CGGCCCATGTAAGATA,0
CGGCCCTGCAGTAAAC,0
CGGCCGACTACTTGAA,0
CGGCCGCATTCGCGCG,0
CGGCCGGACCGAGCGT,0
CGGCCGTCAATTCGTA,0
CGGCGACCGTAAAATT,0
CGGCGACGAAGTCCCG,0
CGGCGAGGTAGGTATA,0
CGGCGATTGGTATTTT,0
CGGCGGCCTCTGCTCC,0
CGGCGGTTCTCCATCG,0
CGGCGTAACAGACCGA,0
CGGCGTATCAATATTA,0
CGGCGTTCAGCTGTCA,0
CGGCTAAACGGCTGTT,0
CGGCTATCAAAGTTTA,0
CGGCTCGTTTATGCCA,0
CGGCTGAACTCACTAG,0
CGGCTTGCTAGCAGCG,0
CGGCTTTACTTACGGC,0
CGGCTTTCGATACAAA,0
CGGGAACTGACGAAAC,0
CGGGAAGCACAAAAAC,0
CGGGAATGAGTGTACG,0
CGGGAATTCAAAGGTA,0
CGGGACCCTACAAGCT,0
CGGGAGACCAGTAAGC,0
CGGGAGAGAACCGGGC,0
CGGGAGCCAGACAACA,0
CGGGAGGAATAATGGC,0
CGGGAGTACAGCACGA,0
CGGGATAGATGCCTTG,0
CGGGCAACCTCTCGGA,0
CGGGCCACGAAACTGT,0
CGGGCCGTGATCGCCT,0
CGGGCGGAAAATCTAC,0
CGGGCGGAAATTCATT,0
CGGGGACGTTGTAAAC,0
CGGGGATTCACAAAAA,0
CGGGGCGTACACATTG,0
CGGGGCGTAGTATCGT,0
CGGGGCTATCTCAACA,0
CGGGGCTCAAGTATGG,0
CGGGTAAACAGATATC,0
CGGGTAAAGTACTTTT,0
CGGGTCCTTCCGTATG,0
CGGGTCTCCTACCTGC,0
CGGGTGACACAACCTA,0
CGGGTGCGGCATTTCG,0
CGGGTGCTGCCAATAA,0
CGGGTGCTTTATTAAC,0
CGGGTGGCCTACCAAT,0
CGGGTTCATAAGGTAA,0
CGGGTTCTCCGGCCAT,0
CGGGTTGCTACAGGAG,0
CGGGTTTATCTATACA,0
CGGTAAAATGATGGCA,0
CGGTAAACAACAAAAA,0
CGGTAAAGCAAGGGAA,0
CGGTAAATGTTTCAAC,0
CGGTAACCGCAGTTTT,0
CGGTAAGCTTATAAAG,0
CGGTAATTAAGGAAAA,0
CGGTAATTTTAAGCCG,0
CGGTACACCTCAAAAG,0
CGGTACCATAGACGTG,0
CGGTACCCAAATTCCA,0
CGGTAGAGAAGACAAG,0
CGGTAGCCTTACGTAA,0
CGGTATATTACAACTG,0
CGGTATCAGATCTCCG,0
CGGTATCATGTAAATA,0
CGGTATCTGGGCAGTA,0
CGGTATGCCATTCCGT,0
CGGTATTAGCGGACCA,0
CGGTATTGGTTAAAAA,0
CGGTCAAAAAATGGTA,0
CGGTCAAAATGTACTC,0
CGGTCAACAAGGGATA,0
CGGTCAACAGCTTTGT,0
CGGTCAAGCTCTCCAT,0
CGGTCCAAAGCCAGTG,0
CGGTCCAATAAGAGAA,0
CGGTCCGCGATATATC,0
CGGTCGGAGTACCGCA,0
CGGTCTAAATGTCTGA,0
CGGTCTAAGCAAAGGG,0
CGGTCTGAATCCGGTA,0
CGGTCTGATGAACGAA,0
CGGTGACAGGACTCAA,0
CGGTGATTTAAAAAGC,0
CGGTGGTTCGAAACCA,0
CGGTGTAAGATAATGT,0
CGGTGTACAACACCAA,0
CGGTTAAGGTAAATGA,0
CGGTTCCTAATGGACT,0
CGGTTCTATCCAAACG,0
CGGTTTAATAACTCAC,0
CGGTTTAGAAGTATCG,0
CGGTTTTAAGGTACGC,0
CGTAAAAATGATAAGT,0
CGTAAAACACTTTCAC,0
CGTAAAACGTGAATCC,0
CGTAAACAGACTCGGA,0
CGTAAACCGAGAGTAT,0
CGTAAACTACTTGGCT,0
CGTAAACTCACGACAT,0
CGTAAACTTTCGGTCC,0
CGTAAACTTTCTTTGG,0
CGTAAAGCAATGATCA,0
CGTAAATACTTATAGA,0
CGTAAATCCTTTGTGA,0
CGTAAATGTATTTCTA,0
CGTAACAAACCAAACT,0
CGTAACACTTATGCAC,0
CGTAACAGTAAGATTT,0
CGTAACCACGAACAAC,0
CGTAACCTGTGGCAAG,0
CGTAACGTCAAGCAAC,0
CGTAACGTGCTTGCAA,0
CGTAACTAGGTGTACT,0
CGTAACTATCTCTGAA,0
CGTAACTTAGGGGTGA,0
CGTAACTTTTTTGATG,0
CGTAAGACGATATAGT,0
CGTAAGCAATAAACCC,0
CGTAAGCCACAAAGTA,0
CGTAAGTTTGCTGAAT,0
CGTAATAACAACTAGC,0
CGTAATACGCTAATCT,0
CGTAATCCAGCCCATG,0
CGTAATCCGGCATATG,0
CGTAATCTCTTTCCAT,0
CGTAATGCACCACCAA,0
CGTAATTCAGACCCAT,0
CGTAATTTCTGAATTA,0
CGTACAAAAGCGCTAA,0
CGTACAACCCCAACAA,0
CGTACAACCTTTGAAA,0
CGTACAACGATAACCC,0
CGTACAATCCCAAGTC,0
CGTACACATAGGGATA,0
CGTACAGCAACTGACT,0
CGTACAGTATAGCCCA,0
CGTACAGTCTATATAA,0
CGTACATTGCCCGCAA,0
CGTACCACTCGGACCT,0
CGTACCCAATTCTCGC,0
CGTACCTTACGGTGAA,0
CGTACTAAAATGAGAT,0
CGTACTATCACACTAC,0
CGTACTGCGTTAGCAA,0
CGTAGAAAGATGTTCG,0
CGTAGAAGTGTTAACG,0
CGTAGAATATACAGCG,0
CGTAGAGCGACAAATG,0
CGTAGAGTAAAGGTAG,0
CGTAGATCCCCTAGGT,0
CGTAGCCGGAAAGATA,0
CGTAGCGATATCCCCT,0
CGTAGTAATGGTAACA,0
CGTAGTATCATAGGTT,0
CGTAGTCTAAAATACA,0
CGTAGTTAACTACTGT,0
CGTAGTTAAGACGATC,0
CGTAGTTGAACCAATC,0
CGTAGTTGTTGCTAAT,0
CGTATAAGTTGTGAGG,0
CGTATAATAACCCCTA,0
CGTATAATCCGACCAA,0
CGTATAATTAGAGCAA,0
CGTATACTATAGTCAT,0
CGTATACTCCCCTGAC,0
CGTATACTCGCTAAGG,0
CGTATAGTATACTCAA,0
CGTATATAACATAATT,0
CGTATATCATGGTGAT,0
CGTATCAAGAATTCGA,0
CGTATCAGGTCTTAGC,0
CGTATCAGTATGAGTG,0
CGTATCTAACTAACAT,0
CGTATCTACCCGAGAA,0
CGTATGAAATATACCA,0
CGTATGAACTAATGAA,0
CGTATGACTTCGATGA,0
CGTATGATAGAATAGG,0
CGTATGATTAAACATC,0
CGTATGCACATTACCA,0
CGTATGCTTATGGTAA,0
CGTATGGCAGCCAAAA,0
CGTATGGTAAACGCAA,0
CGTATGTACCTCAAAT,0
CGTATGTATAGAGCTT,0
CGTATGTTTAAAGACC,0
CGTATTACAGTTAACT,0
CGTATTCAGTCAGTAG,0
CGTATTCCGGGTTATA,0
CGTATTTAACATTATC,0
CGTATTTCGAAAAGAT,0
CGTATTTTCCGCTGCC,0
CGTCAAAAAACATTCA,0
CGTCAAAGAATCGCAG,0
CGTCAAATGTAAAGAA,0
CGTCAACTAACAGGAT,0
CGTCAAGGAAGATGCA,0
CGTCAAGTGAACCAAG,0
CGTCAATAAATTACCA,0
CGTCAATAGTTTCCCA,0
CGTCAATATGGATGCA,0
CGTCAATGGTCTACCA,0
CGTCACAACTATTGGG,0
CGTCACACAACCATAG,0
CGTCACACGCCTTACA,0
CGTCACCCCGCCAAAA,0
CGTCACTATAAATCCC,0
CGTCACTTTGGTCACT,0
CGTCAGAAAAATTTAC,0
CGTCAGATCCAGTTAA,0
CGTCAGCAAAGAGTTT,0
CGTCAGCCGACGCCTA,0
CGTCATAAACTGTGAA,0
CGTCATACAAACTAAG,0
CGTCATAGTCTAACAG,0
CGTCATATTTAAAAAA,0
CGTCATCTTGATCCCT,0
CGTCATGGAGGTCCAG,0
CGTCATTAATTCTCGA,0
CGTCCAAATACTTTTG,0
CGTCCACAATAAACAA,0
CGTCCACGCGCGAAAC,0
CGTCCAGAATCACAGA,0
CGTCCATGTTTCACTT,0
CGTCCATTAAAGACTT,0
CGTCCCGGAGGTGCGA,0
CGTCCTAAAGAGCACC,0
CGTCCTAATGCAAACA,0
CGTCCTCAAAAACTGT,0
CGTCGAGATACCCCCA,0
CGTCGCCAAGAAATTC,0
CGTCGCCTATATGCCG,0
CGTCGCTTCTCCCACT,0
CGTCGTAACTCAAACA,0
CGTCGTTTTCATGAAC,0
CGTCTAAAGGCCACAG,0
CGTCTAAAGTAAAAAA,0
CGTCTAACGCCACTAG,0
CGTCTACAAATAGTGT,0
CGTCTACTTCAGATAG,0
CGTCTATAACATGCCA,0
CGTCTCCAAATATCTA,0
CGTCTCCAACTCGGGA,0
CGTCTGATAAGAGCGC,0
CGTCTGTCAATGCGAT,0
CGTCTTCACCAACCAC,0
CGTCTTCACGACCTCG,0
CGTCTTCCACAAAAAC,0
CGTGAAACCAATGCCT,0
CGTGAAACCATAATTG,0
CGTGAAACTGTCAAAG,0
CGTGAAAGAACCATTT,0
CGTGAAAGTTTCTCTA,0
CGTGAAATAGTTATAT,0
CGTGAACGAAGTAGTT,0
CGTGAAGAAGAGCCGA,0
CGTGACACATGAGAAG,0
CGTGACTAAGAATTCA,0
CGTGACTGAAGTTTAA,0
CGTGAGTACTCACATG,0
CGTGATTGATGCATGA,0
CGTGCATTCAAAGTTT,0
CGTGCCATATCTTTCT,0
CGTGCCTAGTAATCAT,0
CGTGCTAATGTGCACA,0
CGTGCTCACCGATGCC,0
CGTGCTGAAATTAATT,0
CGTGGAGCCGACGAAC,0
CGTGGATAGCCTCATT,0
CGTGGCACATCGACTT,0
CGTGGCCTTGTAAGCT,0
CGTGGCTGGAAGGGGT,0
CGTGGCTTCTCGAAGC,0
CGTGGTAGTAATCAAA,0
CGTGTACGTCGTATAT,0
CGTGTCCACCGACCAT,0
CGTGTTATCAATACCT,0
CGTGTTGCATTGCTTA,0
CGTTAAAAATAATGGT,0
CGTTAAATGCTCGTTC,0
CGTTAACATCGACACT,0
CGTTAAGGATAAAAAA,0
CGTTAAGTCCAAGTCC,0
CGTTAATATCGGCGCC,0
CGTTAATCAAAGATTA,0
CGTTACAAAAAGTACA,0
CGTTACAAAATAGAAC,0
CGTTACAGTCTTTCAT,0
CGTTACAGTTCCTTCG,0
CGTTACTGCACTCCAA,0
CGTTAGAAGAACCCAT,0
CGTTAGACACAGCCCC,0
CGTTATGCGGTCCTAA,0
CGTTATGCTCTGTAAC,0
CGTTATGGAAAAAACT,0
CGTTATGGCATTTGCG,0
CGTTCAAACCAATGTC,0
CGTTCAATAGTCGTAT,0
CGTTCACTAGGACAAA,0
CGTTCAGAAGTAGGCC,0
CGTTCATCGCTGCCCA,0
CGTTCATGAAACACTA,0
CGTTCCGCCTTTGTTT,0
CGTTCCTGCCATGCCT,0
CGTTCGATAATGTAAA,0
CGTTCTAAAAAAATGT,0
CGTTCTAGCTAGAATG,0
CGTTCTCACAAAGAGA,0
CGTTCTTCATAAATAA,0
CGTTGAAAACAAACGA,0
CGTTGAAAAGAACCTT,0
CGTTGATATAAGCCCT,0
CGTTGCAACGTGAGGA,0
CGTTGCTAGTACACCT,0
CGTTGCTCCGTCCACT,0
CGTTGGCAGCAATTAA,0
CGTTGGCTCATGCTGT,0
CGTTGTTGCGAGCAAC,0
CGTTTACTCAACCGAT,0
CGTTTCATACCTAACA,0
CGTTTCGCCCATTAAA,0
CGTTTGAATACGAGTC,0
CGTTTGGGAGCTTCCT,0
CGTTTTACAGATCAAA,0
CGTTTTCGGACAGATT,0
CTAAAAAAATAACCTC,0
CTAAAAACATCAATCC,0
CTAAAAACCAAATGTA,0
CTAAAAACGAACTCCC,0
CTAAAAACGCACGAAT,0
CTAAAAACTGAATTAC,0
CTAAAAAGACACTTTG,0
CTAAAAAGCGTCGAAT,0
CTAAAACAAAGGCATC,0
CTAAAACTTGAGTCAC,0
CTAAAAGAAACGACAT,0
CTAAAAGAGTTAACAA,0
CTAAAAGGAAAAAAAA,0
CTAAAATAACACTAAT,0
CTAAAATATATAAAAA,0
CTAAAATCAAAGAAAA,0
CTAAAATCAAGGGTAC,0
CTAAAATTATTATTAA,0
CTAAACAAAAGCACAA,0
CTAAACAAACATATCG,0
CTAAACACAACCTGTG,0
CTAAACACATAGAATC,0
CTAAACACCCATCACC,0
CTAAACACGAGATACA,0
CTAAACAGACTATCCT,0
CTAAACAGCCAACGGA,0
CTAAACAGGACCACCC,0
CTAAACCAAAGAAATG,0
CTAAACCCTGCGAGAA,0
CTAAACCGATGAAACA,0
CTAAACCTCCGCGTTA,0
CTAAACGAAACCGAGG,0
CTAAACGAGACAATGA,0
CTAAACGCAAACTTTT,0
CTAAACGGCGCTTGCT,0
CTAAACTACTACAAGA,0
CTAAACTGACACCTTC,0
CTAAACTGATTATAGA,0
CTAAACTTAAAACGTA,0
CTAAACTTCACAACCT,0
CTAAACTTCGACCCGT,0
CTAAAGAACCTAGAAA,0
CTAAAGAAGTAAGACC,0
CTAAAGACTTATTACA,0
CTAAAGAGCGTAAAAG,0
CTAAAGATCCTTTCTA,0
CTAAAGATTCGTTTGG,0
CTAAAGCTCTATTGAA,0
CTAAAGGAACGAGGAA,0
CTAAAGGATGCAGCAG,0
CTAAAGGGAGGCTAAA,0
CTAAAGGTCCATAAAC,0
CTAAAGGTGCATAAAG,0
CTAAAGTAATATTGAC,0
CTAAAGTGCAACTCCT,0
CTAAAGTTAAAAACAC,0
CTAAATAAAATGACTC,0
CTAAATAAACCTTGTG,0
CTAAATAAGCTGGACT,0
CTAAATACCCGTGTAA,0
CTAAATAGAAGGGGTC,0
CTAAATAGGTAATGAT,0
CTAAATAGTCCATGCG,0
CTAAATAGTTCTTGAG,0
CTAAATCACAGAAGCA,0
CTAAATCACGTCGACC,0
CTAAATCCACATACAT,0
CTAAATCTCACGCTAT,0
CTAAATCTGACATTTA,0
CTAAATGTCGTTGGAG,0
CTAAATGTGACTATAA,0
CTAAATTAAATTCGGA,0
CTAAATTAACAGTAAG,0
CTAAATTACAATTACC,0
CTAAATTGAAGTTCCC,0
CTAAATTGACACATAC,0
CTAAATTTAAACGTCT,0
CTAAATTTCACATAAC,0
CTAAATTTTTTAAATG,0
CTAACAAAACATGAAT,0
CTAACAACCTCAACCA,0
CTAACAATAAACAAAT,0
CTAACAATATGGTAAA,0
CTAACACGAATTGGTA,0
CTAACACTCTATTCAC,0
CTAACACTTTGAAGCG,0
CTAACAGAACCACCAA,0
CTAACAGCAAATTCGC,0
CTAACAGGATCACCTA,0
CTAACAGTCCTTTACT,0
CTAACATCCAAGACCA,0
CTAACATTGCATACCG,0
CTAACCAAATAATAAA,0
CTAACCAATAATTTCT,0
CTAACCAGTGCGCGCT,0
CTAACCATGCTTGCGA,0
CTAACCCGAAGTTAGG,0
CTAACCCTAGTACCAA,0
CTAACCCTCTCCTCCC,0
CTAACCGACTAGGTGC,0
CTAACCGATGAACACA,0
CTAACCGTTATTCAAA,0
CTAACCTAAATCTTCA,0
CTAACCTCGTTAAATT,0
CTAACCTTAACATGCT,0
CTAACGAATCAAAATA,0
CTAACGAATCAATTGG,0
CTAACGACATTAAGGG,0
CTAACGATAATAGTCG,0
CTAACGATATAAAACT,0
CTAACGCAACGAAACC,0
CTAACGCCAAAGCTAA,0
CTAACGTATTTACAAA,0
CTAACTAAAACTGGTA,0
CTAACTAAACTTCTCT,0
CTAACTATACAAAGAT,0
CTAACTCAACTCAAGG,0
CTAACTGCGCAAATAG,0
CTAACTTAAATAGACA,0
CTAACTTAACAACTTG,0
CTAACTTAACCAAGCG,0
CTAACTTAGACATCAC,0
CTAACTTGTAAATTAA,0
CTAACTTGTTCGTTTC,0
CTAACTTTAAACGTGA,0
CTAAGAAACAACACAA,0
CTAAGAACACAACGTT,0
CTAAGAACACTGAATC,0
CTAAGAACTATTTTCA,0
CTAAGAAGAGCCTCTA,0
CTAAGAAGTTTTTAGT,0
CTAAGAATTGTCTTGA,0
CTAAGACAAGGTGTAA,0
CTAAGACCTACAAGCC,0
CTAAGACTCGGTAGTG,0
CTAAGACTGCAAGCAA,0
CTAAGAGACCTTAAAA,0
CTAAGAGATTAGAAAC,0
CTAAGAGGTACATATA,0
CTAAGAGTAAAATCAA,0
CTAAGAGTACCGAATC,0
CTAAGATATCGTTAAA,0
CTAAGATATGTTCATT,0
CTAAGATGAACGAACT,0
CTAAGATGATGACGCG,0
CTAAGATGTTTAAAAA,0
CTAAGATTAATAACAC,0
CTAAGCAACATTTTGC,0
CTAAGCAAGTTACGAT,0
CTAAGCATCCCCTCCC,0
CTAAGCCAATTACTAT,0
CTAAGCCGAAGACGCA,0
CTAAGCCGGGAACTGA,0
CTAAGCTACTAAAGAA,0
CTAAGCTCTCTTCGGC,0
CTAAGCTTCGCACTCC,0
CTAAGGAAGTACTTTT,0
CTAAGGCGAGCCTTCC,0
CTAAGGCTATCGTGTA,0
CTAAGGCTTCTAACAT,0
CTAAGGTATACAAATT,0
CTAAGGTCCGGTTCAA,0
CTAAGTAACTGAATAT,0
CTAAGTACATAGAAAT,0
CTAAGTAGTTATCAGA,0
CTAAGTATAAGACGCC,0
CTAAGTCTACCGAATT,0
CTAAGTCTCACGAAGA,0
CTAAGTTCTCTACCAA,0
CTAATAAAAACTTGCG,0
CTAATAAATCGCTAGT,0
CTAATAATCGTATCTA,0
CTAATAATCGTATCTG,0
CTAATAATTGGCATTT,0
CTAATACATTACGGAA,0
CTAATACCACATGCTG,0
CTAATACCCCTATAGG,0
CTAATACCTCTACAAC,0
CTAATACGGATGCCCA,0
CTAATACTGAATACAA,0
CTAATACTGCAACAGA,0
CTAATAGAATTAACCC,0
CTAATAGCAGCCCGGA,0
CTAATATATATTAATG,0
CTAATATCATAGACAC,0
CTAATATGGCCATCAA,0
CTAATATTCATACGAC,0
CTAATCAAATGAAAAA,0
CTAATCACAGGATTGA,0
CTAATCACATTTAATG,0
CTAATCAGACAAAATA,0
CTAATCAGTAGAATGT,0
CTAATCATTTAATATC,0
CTAATCCAGGTAACTA,0
CTAATCCGACAATGAG,0
CTAATCCTCTATGGTT,0
CTAATCCTGTTAAATA,0
CTAATCCTTGAGAGAT,0
CTAATCGGAGCTCGAG,0
CTAATCGGGTAACGTC,0
CTAATCTAACGAAGCG,0
CTAATCTAACTAGTTG,0
CTAATCTCCCTTGAGC,0
CTAATCTCCGATAACA,0
CTAATCTGCAACAAGC,0
CTAATGAATGAACACA,0
CTAATGACAGACACCG,0
CTAATGAGAATCCACC,0
CTAATGATGATGGCTG,0
CTAATGCGATACGAAA,0
CTAATGCTATTATGTT,0
CTAATGCTTGGTAAGT,0
CTAATGGCTTTGTTAG,0
CTAATGGGCCATCACT,0
CTAATGGGTAGTAACT,0
CTAATGGTATTATTAG,0
CTAATGTGCAGTCGAG,0
CTAATGTTTTAGAATG,0
CTAATTACGATTAAAC,0
CTAATTCAAAATGAGA,0
CTAATTCCCGATTTCG,0
CTAATTGATAGAAATC,0
CTAATTGATGAAATGA,0
CTAATTGGACTATAAC,0
CTAATTGGCTTCCTCA,0
CTAATTGGGTATGGAA,0
CTAATTTACACGGTAC,0
CTAATTTAGCAGGGTC,0
CTAATTTCATCTTCTA,0
CTAATTTCATGAACCC,0
CTACAAAACTGACAGA,0
CTACAAAAGGTCATGA,0
CTACAAAATTCATAAA,0
CTACAAAGTAACGGTC,0
CTACAAATAGTAATGA,0
CTACAAATATGTACTT,0
CTACAACTGCCGCCCG,0
CTACAAGCTTAATAGT,0
CTACAAGTGCCTAACT,0
CTACAATACTTTCGCT,0
CTACAATATCAAGACA,0
CTACAATCGTGCGCAC,0
CTACAATGGGTCAAGA,0
CTACAATGGTTATAAC,0
CTACAATTATCCATAG,0
CTACACCATCACGGAT,0
CTACACCATTGGTATT,0
CTACACCGAGCGAAGT,0
CTACACGACAGAGAAC,0
CTACACTAGTGATCGA,0
CTACACTGTCGACGGG,0
CTACAGAAGAATTTCT,0
CTACAGAGAATACTCA,0
CTACAGCACACGGCCG,0
CTACAGCCAAAGCCGG,0
CTACATAAAACGCCTC,0
CTACATAACAGAAATT,0
CTACATAACTAGTGTA,0
CTACATAATTCTCTAC,0
CTACATACCAAACTGT,0
CTACATAGATGCTGTG,0
CTACATAGGTACTCAG,0
CTACATATACCCCATT,0
CTACATCGGAATCAAG,0
CTACATGAGACATATT,0
CTACATTAGACTTATC,0
CTACATTTTACAAAAA,0
CTACCAAGATGCAATA,0
CTACCAAGCCCTAAGA,0
CTACCAATGGGAAGCC,0
CTACCACAATGAGTAT,0
CTACCACCACTTACAT,0
CTACCAGCCGGATATC,0
CTACCATACACAGAAC,0
CTACCATATACCGCTG,0
CTACCATCTGCAGCGA,0
CTACCATTCAACTTGG,0
CTACCCAACCGTATCT,0
CTACCCATATTGAGGA,0
CTACCGCAAACAAAAC,0
CTACCGCAACAATACA,0
CTACCGGATGGGAATG,0
CTACCGGTGTAACCGG,0
CTACCGTACAAACTAC,0
CTACCGTATGAAATTT,0
CTACCGTCCGCTGATT,0
CTACCGTTAAACACAA,0
CTACCTAACTCCACGG,0
CTACCTCCGGAAATAA,0
CTACCTGCCCACGCTG,0
CTACCTTAACGGCAAT,0
CTACCTTTTGGCAACT,0
CTACGAACTTCTAAGA,0
CTACGAAGACTCAAAA,0
CTACGAAGATATGAGG,0
CTACGAAGTCAATACA,0
CTACGACATTCTATGA,0
CTACGAGAAACTATTA,0
CTACGAGAGTCTAATT,0
CTACGAGTATTAACTG,0
CTACGATAAAACATAA,0
CTACGATAAAACTAAA,0
CTACGATAGAGCCTAT,0
CTACGATCAGTAAACG,0
CTACGCAATCACACAA,0
CTACGCACAATTGGTA,0
CTACGCACAGAATCAA,0
CTACGCAGTTAAAGAT,0
CTACGCCGAAAGTTTA,0
CTACGCTAGAAATAAA,0
CTACGGATTCGTATAG,0
CTACGGCTGTAAGTAT,0
CTACGGTATTAAACAA,0
CTACGTACCTATAAGC,0
CTACGTACTCCTAACG,0
CTACGTAGTCCACTCT,0
CTACGTATTGATCCCA,0
CTACGTGGCAAAACGA,0
CTACGTGTATAGAATA,0
CTACTAAACAGAGCAT,0
CTACTAAACGCAGATG,0
CTACTAAAGATACTAT,0
CTACTAACATATGGAG,0
CTACTAACGAGTCGGT,0
CTACTAATGTATAGGA,0
CTACTAATTATAATAG,0
CTACTACTGAGAAATA,0
CTACTAGCATATGGAA,0
CTACTATACATAGGCA,0
CTACTATGCGATTTAT,0
CTACTATTTTCTTACC,0
CTACTCACTTACACAT,0
CTACTCCTGCATCACC,0
CTACTCTCAATACGCT,0
CTACTGTGTTACGCCA,0
CTACTGTTGGCTCGGA,0
CTACTTATATAGTACG,0
CTACTTCCATGTCATA,0
CTACTTCCCCCTTACC,0
CTACTTCCGTGTAATA,0
CTACTTGACAGACCTA,0
CTACTTGGGAGTCTTA,0
CTACTTTCCGATATTC,0
CTACTTTGAAAGCATA,0
CTAGAAAAACGTTCGC,0
CTAGAAAACGGATATC,0
CTAGAAAAGGATAATT,0
CTAGAAACAATCGAAG,0
CTAGAACACGTAAAAG,0
CTAGAACTACGACACG,0
CTAGAAGCCCACAAAA,0
CTAGAAGTGTCACTTA,0
CTAGAATCTGACTTTA,0
CTAGACCGAAGAAGGC,0
CTAGACGAGTGTCTTC,0
CTAGACGATCTTTTAC,0
CTAGACTGCCACGAGA,0
CTAGAGAATCCGGACT,0
CTAGAGAATTACGTGG,0
CTAGAGAGACGTCCCC,0
CTAGAGATACAGACCC,0
CTAGAGCAAACTGAAT,0
CTAGAGCGTTAACAAC,0
CTAGAGCTAAACCAGC,0
CTAGAGGAAGCATTAA,0
CTAGATAAATAATAGA,0
CTAGATAATCGAACAA,0
CTAGATCAACATCTTG,0
CTAGATCACAGTTACG,0
CTAGATCAGGAATTCG,0
CTAGATCTTAATCTAG,0
CTAGATCTTATATATA,0
CTAGATGAGAAGACTA,0
CTAGATGATCAGTCGA,0
CTAGATGGTTTTATTT,0
CTAGCAAACCTAAGTC,0
CTAGCAACACGGAAAT,0
CTAGCAAGGGTTGAAC,0
CTAGCACATCAAAAAT,0
CTAGCACGTAACATAT,0
CTAGCAGCCGTTCCAG,0
CTAGCAGTGAGTTTAC,0
CTAGCATAATAGTACC,0
CTAGCATGATCCACTG,0
CTAGCCAGAATAAATC,0
CTAGCCAGTATCAACT,0
CTAGCCCGAAAAAAAA,0
CTAGCCTAACTAGTCA,0
CTAGCCTACGACACCT,0
CTAGCGAAGAGCCGAT,0
CTAGCGAGACACAGAA,0
CTAGCGATGAGTATTA,0
CTAGCGGACCTTCAAC,0
CTAGCGGTATCGGTAC,0
CTAGCTAAAATTGCCT,0
CTAGCTAAGAACGTTA,0
CTAGCTGAATCCGATC,0
CTAGCTGAGAGATTAA,0
CTAGCTTATAAGACCC,0
CTAGGAAAACGTACAT,0
CTAGGAATGCAGCAAG,0
CTAGGACCCTGTGAAC,0
CTAGGAGCGCATCGCA,0
CTAGGAGGGACGGTCC,0
CTAGGCAAATAATCCA,0
CTAGGCAACTATAACT,0
CTAGGCACCGTATAAC,0
CTAGGCTCCGGGTATT,0
CTAGGCTTGCTTTCAG,0
CTAGGGACCAGAACCG,0
CTAGGTACACCTTCGC,0
CTAGGTATACCCTCAA,0
CTAGGTTACTGTTTGA,0
CTAGGTTCAATGGGTT,0
CTAGTAAAACATCGGG,0
CTAGTAATATATACAA,0
CTAGTAATTCCAAATA,0
CTAGTACACTCCTAGT,0
CTAGTACATCAGTGAC,0
CTAGTACCACCCCACA,0
CTAGTAGTGTCATTAA,0
CTAGTAGTTACCATTA,0
CTAGTCAATATCACGG,0
CTAGTGATGAAGGCAA,0
CTAGTGCAAAGGACTG,0
CTAGTGCTTGAATAAC,0
CTAGTGGATAAATTAA,0
CTAGTGGCACAGTTTC,0
CTAGTGGTAAAACACT,0
CTAGTGTAAACACATA,0
CTAGTTAAGCAATAGG,0
CTAGTTCAGAACATAT,0
CTAGTTGAGCGACTTA,0
CTAGTTGCACTCAGCA,0
CTAGTTTAGCAACGGG,0
CTAGTTTTCGTGCACA,0
CTATAAAAAAGTATGA,0
CTATAAAAATTAGCCA,0
CTATAAACGTACAATC,0
CTATAAACTTATTAAA,0
CTATAAACTTCAGGAG,0
CTATAAAGATCTATCC,0
CTATAAATACATTGGT,0
CTATAAATTAGACCCT,0
CTATAAGCAAACAGTG,0
CTATAATTAGGATTGA,0
CTATAATTCAAGATAT,0
CTATACAACAAGCTAA,0
CTATACAACATAAATG,0
CTATACACATCAATGC,0
CTATACACGAGATGGA,0
CTATACACGGGTCACT,0
CTATACACTCAATAAA,0
CTATACACTGTCTCAA,0
CTATACAGATTCCCAA,0
CTATACCATCATAAGA,0
CTATACCCGATTCATA,0
CTATACCGGAGAATTA,0
CTATACGTTAACTACA,0
CTATACTAATTATCGC,0
CTATACTATGTTGAAC,0
CTATACTCCGTCCCAA,0
CTATACTGTACCACGC,0
CTATAGACAAGTACAC,0
CTATAGAGTTTGAACT,0
CTATAGATGGGAACTT,0
CTATAGCTGACTACTC,0
CTATAGGAGTCTAGTC,0
CTATAGGATCGGCAGA,0
CTATAGTATAAATCCA,0
CTATAGTCAGTTCTTC,0
CTATAGTGACAGTAAG,0
CTATATAAAATTAGAG,0
CTATATACATAAATAA,0
CTATATACCAAACCTA,0
CTATATAGGGTTCTAT,0
CTATATAGTAAGGAAA,0
CTATATATTAGGGATG,0
CTATATCCATACAAAA,0
CTATATGCTATCAGCC,0
CTATATGTAATGGGCA,0
CTATATTAATTTGACA,0
CTATATTGGTACCGTA,0
CTATATTTAGAGTGAG,0
CTATATTTCATTTCCA,0
CTATCAAACCGGCTCC,0
CTATCAACACCGTTAA,0
CTATCAATCCCGAGAT,0
CTATCACGGATTAACT,0
CTATCACTAATCTCAA,0
CTATCACTTAGGCTTA,0
CTATCAGAACAAGCCG,0
CTATCAGACATTAGGG,0
CTATCAGTCGTATAAT,0
CTATCCAATAAGACAA,0
CTATCCACACAGATTC,0
CTATCCCAAGTAGGAG,0
CTATCCCCTGATGCAG,0
CTATCCCGTTAAAGAA,0
CTATCCTAAATAAAAT,0
CTATCGACAGAAGTTA,0
CTATCGAGATCCCGCA,0
CTATCGCCTCCAACTC,0
CTATCGGGAACAGGAA,0
CTATCTAAAGTTGTAA,0
CTATCTATCACACTGG,0
CTATCTATGGTTAATT,0
CTATCTCCGGCAAAAA,0
CTATCTCGAACCGACC,0
CTATCTGAGGGGTCGC,0
CTATCTTACACTCAAA,0
CTATCTTGACGTCTCA,0
CTATCTTTAAACAAGA,0
CTATGAACATGTAGTG,0
CTATGAAGAGACACAC,0
CTATGAATTCACTATC,0
CTATGACCTAATAACA,0
CTATGACGATTAGTTA,0
CTATGACTTGGCAATC,0
CTATGAGAACATAACC,0
CTATGAGACAAAGTTT,0
CTATGAGTAAACTGAA,0
CTATGATAATTATAAT,0
CTATGATATCATATAT,0
CTATGATCAGCCGGTT,0
CTATGATGCGGACAGT,0
CTATGATTAACACCTT,0
CTATGCAAAGATAGAG,0
CTATGCATTAGACTTC,0
CTATGCCCGACTGGGG,0
CTATGCTAAATCGCTG,0
CTATGCTTGTCAATTG,0
CTATGGAAAAAACAGG,0
CTATGGAAGGACATAG,0
CTATGGACTCAACCGT,0
CTATGGATGCTGATTT,0
CTATGGATTAACATAA,0
CTATGGCTTTAACGGC,0
CTATGGTCCAAACTAA,0
CTATGTACCTCTGACG,0
CTATGTCTTTAAAATA,0
CTATGTGGTCCTAAGA,0
CTATGTGTTCAGAATT,0
CTATTAAATAAACTAG,0
CTATTAAATGTCCTAA,0
CTATTAACAGGGCAAC,0
CTATTAATCTCCGTAG,0
CTATTACGGGCATCTT,0
CTATTACGTAGGACAG,0
CTATTACTAAAGCGTT,0
CTATTCAATCGATCCC,0
CTATTCAGTGACAATA,0
CTATTCATCAGATTAT,0
CTATTCCAAAGCTGAT,0
CTATTCCTATATAACA,0
CTATTCGATGTCTGCC,0
CTATTCTATGTCATTC,0
CTATTGAAGCTCGCTG,0
CTATTGACCTACCGGA,0
CTATTGAGTTTACATC,0
CTATTGATAAAGATCA,0
CTATTGCCCTGTAGAA,0
CTATTGGACATCTTTA,0
CTATTGTCTCTCTCCA,0
CTATTTAACAACTAAG,0
CTATTTAGATTCTGAA,0
CTATTTAGCCGACAGC,0
CTATTTCACCCCCGTG,0
CTATTTCCAATGTGAT,0
CTATTTGATGAGTGTA,0
CTATTTGATTCCAAAG,0
CTATTTGCATGCAGCG,0
CTATTTGCTTAGCCAA,0
CTCAAAAAGAAGAACG,0
CTCAAAAAGACAAGCC,0
CTCAAAACCTTTGTGA,0
CTCAAAACTAAGGATT,0
CTCAAAAGGCAAAAGA,0
CTCAAAGAATCGACTT,0
CTCAAAGCCGTTTTGT,0
CTCAAATAAAAAAACA,0
CTCAAATAACACAATT,0
CTCAAATATCCGCTAT,0
CTCAAATCGATTAAAA,0
CTCAACAAAAAAACGA,0
CTCAACCGGAATTTAT,0
CTCAACCTTATTCAAA,0
CTCAACGAGAACGACC,0
CTCAACGAGAGCGAGA,0
CTCAACGGGATACGAA,0
CTCAACTAGAATTTCC,0
CTCAACTATTTAGGAA,0
CTCAAGAGTTCGATCG,0
CTCAAGATTATGAACA,0
CTCAAGCTGATAAATT,0
CTCAAGGTTTACCTTT,0
CTCAAGTAATTAGTGC,0
CTCAAGTATAGTACAA,0
CTCAAGTGATACCAGC,0
CTCAATAATGGGCTAT,0
CTCAATACGCAAATAC,0
CTCAATAGCAAAGGAA,0
CTCAATCCTCACATCA,0
CTCAATCTACCGTAAA,0
CTCAATGAAAAGGCAT,0
CTCAATTAACAATCCG,0
CTCAATTACTCGTAGA,0
CTCAATTTTATGCACG,0
CTCACAAAGGGACCTA,0
CTCACAAATGGTCCAC,0
CTCACAAGATAAACCT,0
CTCACAATAGAAAAGA,0
CTCACACACGGTTCCA,0
CTCACACTAGGTGTCT,0
CTCACAGCGACCGAAT,0
CTCACAGCTGTTAAAC,0
CTCACATCAATAAACA,0
CTCACCACCAGCGTAT,0
CTCACCAGGTTCTGAT,0
CTCACCCAAATGAGTT,0
CTCACCCACCAGATTT,0
CTCACCGACATCACAC,0
CTCACCTCACAGGATA,0
CTCACCTGTCCACCGA,0
CTCACCTTCAGAGTTA,0
CTCACGAACGTTCCCT,0
CTCACGACCAGCTATT,0
CTCACGGAACAGGAGT,0
CTCACGGGCTGTGAAC,0
CTCACGTGCGAATTCA,0
CTCACTACACTGAACG,0
CTCACTACCCCAAAGT,0
CTCACTACTCCAAACA,0
CTCACTTACAAAAAGT,0
CTCACTTTGAGTCACG,0
CTCAGAACGCGAAACC,0
CTCAGAACGCGAAATG,0
CTCAGACCAAAGTCCA,0
CTCAGACGCCTGCAGC,0
CTCAGACTAAGCCCGC,0
CTCAGAGACCACCGAT,0
CTCAGAGGGTTTAGGT,0
CTCAGATAAATATTAA,0
CTCAGATTAATCTCAG,0
CTCAGCAAATCGTGTT,0
CTCAGCACTAACTCAT,0
CTCAGCATAAAAAAAG,0
CTCAGCGAAAGTCTGA,0
CTCAGCGAGTAGTATT,0
CTCAGCTTGAGCAAGA,0
CTCAGGCGCGCCAAAG,0
CTCAGGCGCTACAAAT,0
CTCAGTAACCCAGTTA,0
CTCAGTAACTCGTATG,0
CTCAGTCTGACTGGTA,0
CTCAGTGAAAATAAAA,0
CTCAGTTGTGTTGTTA,0
CTCATAAAAGAAAGAC,0
CTCATAAACTTCTTTA,0
CTCATAACTGCACCCG,0
CTCATACACGATGTTC,0
CTCATATAATTACAAA,0
CTCATATACAAAGAAT,0
CTCATATCTTGAGTCA,0
CTCATATGCGATCTCG,0
CTCATATTATAAAAAT,0
CTCATCAAAAACCATT,0
CTCATCAAAACGCCGA,0
CTCATCAAAGCACAGT,0
CTCATCAAATACTAAT,0
CTCATCAGAAAGAAGA,0
CTCATCATCGACACTC,0
CTCATCCAAGAAAGCA,0
CTCATCCTAATAGGGC,0
CTCATGAAAATGCTGT,0
CTCATGAAAATTAATA,0
CTCATGATGGTTTAAA,0
CTCATGCTAGAGGAAT,0
CTCATGTAAATTTAAC,0
CTCATGTCCCCGTGAA,0
CTCATGTTTAATAACT,0
CTCATTACAATAGTCT,0
CTCATTCCCTCGAGCC,0
CTCATTCCGGAGAACA,0
CTCATTGTGACCTAAA,0
CTCCAAAATTCAAATG,0
CTCCAAATACTGTTTT,0
CTCCAAATTTGAAAGT,0
CTCCAACAAATTGACC,0
CTCCAACCGAACCAAC,0
CTCCAAGAGTCGCTCT,0
CTCCAAGTTTCCATAA,0
CTCCAATATCCCGGCA,0
CTCCACACCCATTCCC,0
CTCCACATGGCATCCG,0
CTCCACCACCGTAGCA,0
CTCCACCCAGACTACA,0
CTCCACCCCATCGCCA,0
CTCCACGAGTTGATTC,0
CTCCACGCAAAAACAC,0
CTCCACGCGCTACTAC,0
CTCCACTTACTCATTC,0
CTCCAGACCGTATAGC,0
CTCCAGAGAGCTACAT,0
CTCCAGCATATAGAAT,0
CTCCAGCCGTGTTAAT,0
CTCCAGTAAAACACTT,0
CTCCAGTAAAATCACT,0
CTCCAGTTTGTGTTAA,0
CTCCATACCCAATCAT,0
CTCCATACGTTATACC,0
CTCCATAGGGGGCCAT,0
CTCCATATCAACCAAT,0
CTCCATGATCCTAAGC,0
CTCCATGTCGATCGTT,0
CTCCATTATTAAAATG,0
CTCCATTTTTTACAAG,0
CTCCCAAAATATTTTA,0
CTCCCAAAATCACCCA,0
CTCCCAAGAAATGTCC,0
CTCCCACAAAAAAATA,0
CTCCCACAACACTACT,0
CTCCCACAACGCGTTC,0
CTCCCACAGACAACGC,0
CTCCCATCAGAAGAGC,0
CTCCCATGTGAGTATT,0
CTCCCCCTGTTCAAGA,0
CTCCCCGCAACAAGAC,0
CTCCCGAGCACAGTCA,0
CTCCCTCAAAACAGCG,0
CTCCCTCATACAAATT,0
CTCCCTCGAAGTATAA,0
CTCCCTCTAAAGGTAG,0
CTCCCTGATCAAATGA,0
CTCCCTGGACAGAATC,0
CTCCCTTAGCCAGAAC,0
CTCCGAACAAACATAT,0
CTCCGAAGGCCCTTCT,0
CTCCGAATCTCTTTGC,0
CTCCGAGATGTCAATG,0
CTCCGATAGCAACGAA,0
CTCCGATGGAATTAAA,0
CTCCGATTCCGTCATT,0
CTCCGCACCAAGCAAT,0
CTCCGCCAGGAGGCAA,0
CTCCGCCGGACGAAAA,0
CTCCGCTAGCGCACAC,0
CTCCGGATTAAACACC,0
CTCCGGCAGATAGCAT,0
CTCCGGGCCATTTTGA,0
CTCCGGTGAAAACAAG,0
CTCCGTGATAGCATAG,0
CTCCTAAGCAGTATTG,0
CTCCTAATATGAAAAA,0
CTCCTAGTACGTAACC,0
CTCCTATGACGCCTAC,0
CTCCTATGATATCCAT,0
CTCCTATGTTACTAAT,0
CTCCTCAACCGCACGG,0
CTCCTCCAAAAAGTGA,0
CTCCTCCAGGAGAGGA,0
CTCCTCCTGATTCTCT,0
CTCCTCCTGTCCCGTA,0
CTCCTCTTAGGTACCT,0
CTCCTGAGTCATACCC,0
CTCCTGCCATTAATGA,0
CTCCTGCCCGTCTCAG,0
CTCCTGGGCCAATTTA,0
CTCCTGTTTGGATGCA,0
CTCCTTAATAGGGGAG,0
CTCCTTAATCCAGAGA,0
CTCCTTATCTGTCAAA,0
CTCCTTCCGCGGCTAG,0
CTCCTTGCAGTTTGAT,0
CTCCTTGGATTAACCT,0
CTCCTTGTATTGTAGA,0
CTCGAAAACTATACGT,0
CTCGAAAATCCGTGCG,0
CTCGAACCACTTAACA,0
CTCGAACCCAGGAGCA,0
CTCGAAGGAGAACCTA,0
CTCGACAATCGAAGCT,0
CTCGACATTCAACCTA,0
CTCGACCCGTACAGGA,0
CTCGACTAGACAAAAA,0
CTCGACTAGGTCACGT,0
CTCGACTTCTGAAGCC,0
CTCGAGAGTTATATTA,0
CTCGAGCTCAAAGTCC,0
CTCGAGGACCTAAAGA,0
CTCGAGGACTGAACAC,0
CTCGAGTCATTCGCAA,0
CTCGAGTCTGAACCAG,0
CTCGATATCAAACTAA,0
CTCGATATTATCTAGC,0
CTCGATATTTACCTTG,0
CTCGATCCACACGAGA,0
CTCGATCCCCGATTTT,0
CTCGATGGTCCAAAAT,0
CTCGATGTGAGAAAGT,0
CTCGCAACATTGTATA,0
CTCGCAAGGCAACATC,0
CTCGCAATAACTGCAG,0
CTCGCAATGTAAGATC,0
CTCGCACAAACTTTTT,0
CTCGCACCACCACCAA,0
CTCGCATTGTGGTTAG,0
CTCGCCATACCGCTCG,0
CTCGCCCAGCACCTGG,0
CTCGCCTGTGGGGCGG,0
CTCGCGAAGTAGTTCA,0
CTCGCGGTCGTACGTG,0
CTCGCGTCAACCTTTG,0
CTCGCGTCCCCCAGGT,0
CTCGCGTGACAAGGAA,0
CTCGCTATAGCCTACT,0
CTCGCTCCAAGTTTAG,0
CTCGCTTGAACCAGCG,0
CTCGCTTTGGCTGGCC,0
CTCGGAACCGATGCCA,0
CTCGGAACTAGACAAA,0
CTCGGAAGGCATAACA,0
CTCGGAATACATTCCC,0
CTCGGAGGCCGGGCGA,0
CTCGGAGTCTAAAAAC,0
CTCGGATTAAAGGTAA,0
CTCGGCCAATGCAAGT,0
CTCGGCTAAAAGTGAC,0
CTCGGCTACCAAACGG,0
CTCGGCTATATCTATA,0
CTCGGGCCATCGTACT,0
CTCGGGCTAATTAACA,0
CTCGGGGGAAGATGCC,0
CTCGGTCAAATAAAAT,0
CTCGTAAGACTTGTGC,0
CTCGTACCTAGGAAAC,0
CTCGTACTGTCGCGAT,0
CTCGTCACGTAACGTT,0
CTCGTCAGCGCGTCCA,0
CTCGTGCACTAGCATT,0
CTCGTGGTTACCCCAC,0
CTCGTTAAAAAAAAAA,0
CTCGTTAAAGCTCTAA,0
CTCGTTCAACAAAAGC,0
CTCGTTGCGATTCAAA,0
CTCGTTTTCATAACAT,0
CTCTAAAAATTGACCT,0
CTCTAAAATCGTGCAA,0
CTCTAAAGTACACGAA,0
CTCTAAAGTTTAGTGA,0
CTCTAAATAAACTGGT,0
CTCTAACAACCCCTCA,0
CTCTAACAAGGAAATC,0
CTCTAACAGGCCAAAA,0
CTCTAACCGCGCCCAC,0
CTCTAAGAAAAATGAT,0
CTCTAATATAAGAATC,0
CTCTACATACAACGTC,0
CTCTACCCTTCTTATT,0
CTCTACGAAATAAAAA,0
CTCTACTATCTAGGTG,0
CTCTAGATCATTAACA,0
CTCTAGCAATTCAACG,0
CTCTAGCGATCTAATT,0
CTCTAGCTAGTTACTC,0
CTCTATACTTATAAGC,0
CTCTATAGTAATAAAT,0
CTCTATCAGTTTAAGA,0
CTCTATCGCATAATAA,0
CTCTATCTCCCCTTGT,0
CTCTATTAAGATACCC,0
CTCTATTTACCTGACT,0
CTCTATTTTCCGTACA,0
CTCTCAAAAAGGCATC,0
CTCTCAACGTATTCGT,0
CTCTCACCATACGAGA,0
CTCTCACTAGCATTGG,0
CTCTCAGTATTAAGTC,0
CTCTCATAATAGGACC,0
CTCTCATTAATGAATT,0
CTCTCATTATTATATA,0
CTCTCATTGTCAAAGT,0
CTCTCCACAGACTTAA,0
CTCTCCGGTAAGCAGA,0
CTCTCCGTATAGACCT,0
CTCTCCTAATTATTCG,0
CTCTCCTCGAAATGCA,0
CTCTCCTGCCGTACAC,0
CTCTCCTGTTTACTGA,0
CTCTCGCTAAAAAGAC,0
CTCTCGTAAAAACAAC,0
CTCTCTAAAAACTAAC,0
CTCTCTGTGCTGTCAT,0
CTCTCTTCTAGTTAAA,0
CTCTGAACCTAGACTA,0
CTCTGAATTTGATCCA,0
CTCTGAGTCATAATAA,0
CTCTGATTAGAGGCGA,0
CTCTGCAATAATAGTC,0
CTCTGCATACCACTCA,0
CTCTGCCATCGCAGCG,0
CTCTGCTCACGGGTGG,0
CTCTGCTCGTTTAGAG,0
CTCTGCTGACACAATT,0
CTCTGGACGTACGAAT,0
CTCTGGACTTTAGAAG,0
CTCTGGAGCTTCCTCC,0
CTCTGGCAAAGTTCCA,0
CTCTGTATCAAAGCAG,0
CTCTGTGGTCCCCCAA,0
CTCTTAAAGCTACGGG,0
CTCTTAAATAGAGCGG,0
CTCTTAAGAAGTCATC,0
CTCTTACATTCCCCCA,0
CTCTTACCAAGAATTT,0
CTCTTACGAGGTATAT,0
CTCTTAGAAATGAAGA,0
CTCTTATAAAAGCAAC,0
CTCTTATATCACCTGT,0
CTCTTCATTTAACTAA,0
CTCTTCCAAACTTCTA,0
CTCTTCGTCCGCACTA,0
CTCTTCTGGACACATA,0
CTCTTGAAGGCGCGAA,0
CTCTTGCAGGAGACTT,0
CTCTTGCCATGAATAC,0
CTCTTGTTTATTAACT,0
CTCTTTAGGAACTTTA,0
CTCTTTCAACGGGTAG,0
CTCTTTCTAGTCTACG,0
CTCTTTGAGCACAAGA,0
CTGAAAAAAGGCTAAA,0
CTGAAAAACATACAAA,0
CTGAAAAAGCGTCAAT,0
CTGAAAACAAATCAAA,0
CTGAAAACACCATAGA,0
CTGAAAATTTATACCG,0
CTGAAACCACCAGATG,0
CTGAAACCAGGACAAC,0
CTGAAACGAATTCCTA,0
CTGAAACTGCATCTCA,0
CTGAAAGCCCCCAACG,0
CTGAAAGGTCAAGTGT,0
CTGAAATACGAATTCT,0
CTGAAATCCTACTTCT,0
CTGAACCAACTCCTTG,0
CTGAACCCACAAATGA,0
CTGAACCCTAAGGTAA,0
CTGAACTAATAAAAAA,0
CTGAACTGACTTTTGG,0
CTGAACTGCAGGCTAC,0
CTGAACTGGAAAACTA,0
CTGAACTTAGATTAAT,0
CTGAAGAAAATTAGAA,0
CTGAAGAAATGAAGAC,0
CTGAAGACATCTTACG,0
CTGAAGACGATATAAC,0
CTGAAGCACGATTTGG,0
CTGAAGCTGAACGAGT,0
CTGAATAATACTGAAT,0
CTGAATGCCTGGTTGG,0
CTGAATGCTACTCTAG,0
CTGAATGTGCTGTTAA,0
CTGAATTACTTACCCT,0
CTGAATTCTATATAAC,0
CTGAATTTGACCTCTA,0
CTGACAAACACACAGC,0
CTGACAAGAGAGTTAC,0
CTGACAGTACGTGATG,0
CTGACATAACATCAGA,0
CTGACATACTAGAAAC,0
CTGACATGTCTATCTC,0
CTGACCACCTATTAGC,0
CTGACCACTTCATTGC,0
CTGACCAGAAGGTGCC,0
CTGACCATCTGCAGGT,0
CTGACCCAATCATCAG,0
CTGACCCGTCCAGAGA,0
CTGACCGAAATCACCC,0
CTGACCGCCGAATCCC,0
CTGACCTGCTAACCAG,0
CTGACCTTTCCCCCGA,0
CTGACGAATAATATGA,0
CTGACGAGCTAAAAAT,0
CTGACGAGTAATGAAT,0
CTGACGCTTCAAGAAG,0
CTGACGCTTTACATAT,0
CTGACGGCGTACAGAA,0
CTGACGTCCGCATTTC,0
CTGACTATTTAATAAC,0
CTGACTCTCCCATAAT,0
CTGACTTATACAAATA,0
CTGACTTTTTGCACGT,0
CTGAGAAAGAACCTTG,0
CTGAGAACGAGCTCGA,0
CTGAGAAGACGAGAAG,0
CTGAGACAATTTGTTA,0
CTGAGAGAACAAAGCA,0
CTGAGAGCTGAGACTA,0
CTGAGATACATAATAA,0
CTGAGATGATAAAATC,0
CTGAGCACTAAGACAT,0
CTGAGCCCAATGTAAA,0
CTGAGCTGAGTATGAT,0
CTGAGCTTAAAAACAG,0
CTGAGGACTATCATAT,0
CTGAGGAGACTTCCTC,0
CTGAGGCACTAATAAC,0
CTGAGGCTAACCCAAT,0
CTGAGGGTCCAAAGGA,0
CTGAGTAATCGGCAAA,0
CTGAGTAATGGAAGCA,0
CTGAGTACAATCCTAC,0
CTGAGTAGACACCAGC,0
CTGAGTGAACTGTGTA,0
CTGAGTTAAGCAATTC,0
CTGAGTTAATCTGAAT,0
CTGAGTTCAATTTAAA,0
CTGAGTTCCCCACGCG,0
CTGAGTTGTATACTGG,0
CTGAGTTTCCGTCGCA,0
CTGATAAAGACGCATA,0
CTGATAACCATTTTTT,0
CTGATAATACCGTAAT,0
CTGATACCAGAAAATA,0
CTGATACCGAGTCCCT,0
CTGATACTAAACCAAT,0
CTGATAGAATTACCTA,0
CTGATATTTGTTCGAG,0
CTGATCAAAGGCGCAC,0
CTGATCACAAAGCTTG,0
CTGATCATAATCGGCA,0
CTGATCCCTCCAGGTC,0
CTGATCGCAAAACGAT,0
CTGATCTATCCTGTGA,0
CTGATCTTGAGTTGAG,0
CTGATGACGAAGACAT,0
CTGATGACGTTTGTAC,0
CTGATGAGTCATATGA,0
CTGATGATGCACGAAA,0
CTGATGCAATTGTTGC,0
CTGATGGCATTAGATC,0
CTGATGGTCCTAACCT,0
CTGATGGTGCTAAAAA,0
CTGATGTACTAAGTTA,0
CTGATTATATTATAAA,0
CTGATTCCCTAAAAAA,0
CTGATTTAGACAGCTT,0
CTGCAAAATCTACACA,0
CTGCAAACAGGGATGC,0
CTGCAAACCGATTTAG,0
CTGCAACAAAACAAAC,0
CTGCAACAGCCAGTTA,0
CTGCAAGATTACCTTA,0
CTGCAAGTTATGACCC,0
CTGCAATATGAAAAAA,0
CTGCAATGTGACCTCG,0
CTGCACCCGCGTACGT,0
CTGCACCTCACAACTC,0
CTGCACCTTAGAGCGG,0
CTGCACTACTCAAAGG,0
CTGCACTATTGATCAT,0
CTGCACTGAAATTGAA,0
CTGCAGAGGAGCGTAA,0
CTGCAGGAAATAATGG,0
CTGCAGGAGCAACAGT,0
CTGCAGGTACATGGCT,0
CTGCATAAACACCTAA,0
CTGCATACGGGTCACA,0
CTGCATCACACCTGTG,0
CTGCATCTACAGAACC,0
CTGCATGAAACTATTA,0
CTGCATGAAGGTCTTA,0
CTGCATGCAAAAATTA,0
CTGCCAAAATGCGTTG,0
CTGCCAAGTACCCTTA,0
CTGCCACAATAAAACT,0
CTGCCACTCAACAACA,0
CTGCCCAACTATACAA,0
CTGCCCCATAATTCTT,0
CTGCCCCTCACATCCC,0
CTGCCCCTCCCCGGCT,0
CTGCCCGCGTGCTAAC,0
CTGCCGTAATGACAAG,0
CTGCCTAATCACGCAC,0
CTGCGAAAAAAATAAA,0
CTGCGAACACCGATAT,0
CTGCGAACTGGATCTA,0
CTGCGAATACAAGATA,0
CTGCGACATACAAGAT,0
CTGCGATACTGCACGC,0
CTGCGCATAAGAGTGT,0
CTGCGCTACACACATA,0
CTGCGTACGAGCAAGA,0
CTGCGTGAAAACGTAT,0
CTGCGTGTGTCGACAG,0
CTGCTAATAAATAACA,0
CTGCTACTACGTAATG,0
CTGCTATATGAAAATT,0
CTGCTCAACAAGGAGT,0
CTGCTCCTAATAAGAC,0
CTGCTCTAAACCAGAG,0
CTGCTCTCCAAATGAA,0
CTGCTGAATGCAACGG,0
CTGCTGGTAGTAGACA,0
CTGCTGGTTAAGTCTC,0
CTGCTTGACGAAACTG,0
CTGCTTGGATCTACGA,0
CTGGAAAAGGTCACCG,0
CTGGAAATTAAGGTAA,0
CTGGAACGCGAAATTT,0
CTGGAAGGCTACAACC,0
CTGGAATAACAGACGG,0
CTGGACAAATAACAAA,0
CTGGACACTCACAAAA,0
CTGGACAGTACAATTT,0
CTGGACCGGTGGGTTA,0
CTGGACCGTAAATCAT,0
CTGGAGGAAATGCAAG,0
CTGGAGTAAAAAAGCC,0
CTGGAGTGAAAATTTA,0
CTGGATACAAGTAGAA,0
CTGGATACCTAAATAA,0
CTGGATCAGTGGCCCG,0
CTGGATCCTAATTGGT,0
CTGGATGGCTTTATGA,0
CTGGATGTAGAGGATT,0
CTGGATTTTGATCTCG,0
CTGGCAACTATCAAAG,0
CTGGCACTGTCTAAAC,0
CTGGCCCATACTGAAC,0
CTGGCCCATTAGCTAC,0
CTGGCGTTACAGTAGA,0
CTGGCTACACGTTCCA,0
CTGGCTACAGCAAACT,0
CTGGCTCACCTACGCT,0
CTGGCTCTAAGTCCCT,0
CTGGGAACACAAAAAA,0
CTGGGAACACTTCGGA,0
CTGGGAACATTTTAAC,0
CTGGGAACCATTTTAG,0
CTGGGAACCTAATAAG,0
CTGGGAACCTAATAAT,0
CTGGGAACGCACAGGT,0
CTGGGAATAGTCCTCA,0
CTGGGAGAACAATTAT,0
CTGGGATAAACGACAG,0
CTGGGCTAACATTCCT,0
CTGGGCTCCTCGAACA,0
CTGGGGATACGGTTAT,0
CTGGGGATTCAAAAAC,0
CTGGGGTCAAGCAACT,0
CTGGGGTGACCGGACA,0
CTGGGTATGCAATTTA,0
CTGGGTCAAGCTGATC,0
CTGGGTCAGCATACAT,0
CTGGGTTATGATACAC,0
CTGGTAAATAATTAAT,0
CTGGTACCAAGTAAAG,0
CTGGTACTGACAAACT,0
CTGGTCAATCCACCAG,0
CTGGTCCCGAAAATAT,0
CTGGTCGGATAGTCGA,0
CTGGTGAATAAGCTTA,0
CTGGTTAGTATACGGG,0
CTGGTTATCATAACCA,0
CTGGTTGAGCTCTCAC,0
CTGTAAACAATAACAT,0
CTGTAAATAAGCTCAT,0
CTGTAACAAGAATACA,0
CTGTAACATTCGTTCA,0
CTGTAAGACATACCGT,0
CTGTAAGCCTGAAGTG,0
CTGTAAGGACCCGGAT,0
CTGTAATAATCGGAAA,0
CTGTAATTTATTATAT,0
CTGTACAATATACAGA,0
CTGTACACACATCTGT,0
CTGTACCATGTAACTT,0
CTGTACCTATTAGTCA,0
CTGTACGTCACTCCAC,0
CTGTACTCATAGGCAG,0
CTGTACTCTGTAGAAA,0
CTGTAGATTAATCTAA,0
CTGTATAAAACTACTA,0
CTGTATAACGAATTAT,0
CTGTATACAGTTTACA,0
CTGTATACCCGATCAA,0
CTGTATACGCAAATCC,0
CTGTATATGAAGGTCA,0
CTGTATATGCTCCAAT,0
CTGTATCAGATCACTA,0
CTGTATCCGATACACG,0
CTGTATGACGAACGAA,0
CTGTATGCAGGCAAAT,0
CTGTATTGTGAGCTAC,0
CTGTCAAAAACAGGAT,0
CTGTCAACGTCCAACC,0
CTGTCAAGGCAGTTTT,0
CTGTCAATTCAACATC,0
CTGTCACCTAAAGTAG,0
CTGTCCAAACCGCAAA,0
CTGTCCAGACTTCCTT,0
CTGTCCAGAGAGTGAC,0
CTGTCCATACATTGGA,0
CTGTCCCCTAAGACGA,0
CTGTCCTCACAGGGTA,0
CTGTCGAGCTCATCTA,0
CTGTCGCCTGAAGACC,0
CTGTCGTACGAAGACA,0
CTGTCTTCACAGTTAA,0
CTGTGAAGAAAATAAC,0
CTGTGAAGAGGAAAAA,0
CTGTGACTTGTGCTAC,0
CTGTGCTAATAATCGT,0
CTGTGCTTTTAAGGCA,0
CTGTGGATCACCAATC,0
CTGTGGTGAACCTAAC,0
CTGTGTTTTACTTTAT,0
CTGTTAATGTATTGGA,0
CTGTTACAACCGCATA,0
CTGTTACGCGCTGATT,0
CTGTTACTACAAAAAA,0
CTGTTACTTCAACAAA,0
CTGTTAGACTATGGCA,0
CTGTTAGCGAGCGACA,0
CTGTTAGCTTGGACCT,0
CTGTTATTTACCGTGT,0
CTGTTGACATCCAAAA,0
CTGTTGCCTTGCTCAG,0
CTGTTGTCTGCTTGAC,0
CTGTTTACGTAAGGAT,0
CTGTTTCATAAGTCAT,0
CTGTTTCCACCCAACA,0
CTGTTTGAAGAGTCCA,0
CTGTTTGTGACAGCAA,0
CTGTTTTACTTGTCGA,0
CTGTTTTATAACTACT,0
CTTAAAAAAAAAATAA,0
CTTAAAAAAACAAAAC,0
CTTAAAAAACGTCACC,0
CTTAAAAACTTTATAA,0
CTTAAAAATCACATCC,0
CTTAAAAATTGATAAG,0
CTTAAAACGGAGTATT,0
CTTAAAACTGACACTG,0
CTTAAAAGCTCGAATG,0
CTTAAACAAAAACTTC,0
CTTAAACCTTAACCTC,0
CTTAAACGAGTCTACT,0
CTTAAAGAAATACAAA,0
CTTAAAGAGTGAAAAC,0
CTTAAAGTTCGATAAC,0
CTTAAATACTCCACTA,0
CTTAAATGGAGTCAGA,0
CTTAAATTAATAGACT,0
CTTAACACGAAATAAA,0
CTTAACAGGGACATCG,0
CTTAACATCCAAACAA,0
CTTAACCCAAAATATT,0
CTTAACCCGCAAAACT,0
CTTAACCGCCTTAGAA,0
CTTAACCGTGGGCAAA,0
CTTAACGTCAACAAAA,0
CTTAACGTCAACACAC,0
CTTAACTTATTCGTAT,0
CTTAACTTGACGAAAT,0
CTTAAGACGTACGCGC,0
CTTAAGACTCTTTTGA,0
CTTAAGAGTTTATTCG,0
CTTAAGATGCACTGTA,0
CTTAAGCGAATCTCGG,0
CTTAAGCGTCACGCCC,0
CTTAAGCTTAAGCTTT,0
CTTAAGGCATATTACA,0
CTTAAGTGACCACAAA,0
CTTAATATACACGGAC,0
CTTAATATATATACGT,0
CTTAATATTCGGCATT,0
CTTAATCTGATATGAC,0
CTTAATCTGCTTCATG,0
CTTAATGATCGAGAAA,0
CTTAATGCATATAAAG,0
CTTAATGCTACCATCA,0
CTTAATGCTCCAAAGA,0
CTTAATGCTGTGAAGG,0
CTTAATTACAAAGAGC,0
CTTAATTGCCAGCACG,0
CTTACAAAAACCTCTT,0
CTTACAAGATTAAAAA,0
CTTACACACTTTGACT,0
CTTACACAGGCGAAAC,0
CTTACACCCCCTGCAT,0
CTTACAGTCAAATTAC,0
CTTACATAGACGAAGT,0
CTTACATTCTGCTATG,0
CTTACCACAGCTCTGA,0
CTTACCATGAAAAATG,0
CTTACCGACCAGTTCC,0
CTTACCTGGACCCTTC,0
CTTACCTGTCCAGGAT,0
CTTACCTTGCCCTATT,0
CTTACGCCTTCGATAG,0
CTTACGGATTAAACGC,0
CTTACGGCTATAAAAC,0
CTTACGGGCCCCTACA,0
CTTACTGAATACTGAA,0
CTTACTGAATATCGTA,0
CTTACTTGTGACGATC,0
CTTAGAAATCGTTACG,0
CTTAGAACCCTAACAG,0
CTTAGAATAAAAAAAG,0
CTTAGAATAAAGCCAT,0
CTTAGAATTAATTCCC,0
CTTAGACCCAATAAAA,0
CTTAGACTACCATATC,0
CTTAGAGACCAAAGAA,0
CTTAGAGTAACCCAGC,0
CTTAGATAATCCACTT,0
CTTAGATCAGAACGAT,0
CTTAGATTGACCATTA,0
CTTAGCACGACATCGC,0
CTTAGCATGGCAAGAC,0
CTTAGCCGCCCTCATG,0
CTTAGGAGAGGCAAAG,0
CTTAGGCAAATAAAAG,0
CTTAGTAACACGCAAT,0
CTTAGTACACTGCAGT,0
CTTAGTCCCGTACTAT,0
CTTAGTCCGGGCAACA,0
CTTAGTGAATTGGTAG,0
CTTAGTTAATTAAGCG,0
CTTATAAACCTCGGAG,0
CTTATAACCTCAAAAG,0
CTTATACCACCGTAAG,0
CTTATACTAAATGACA,0
CTTATACTCCACTTAA,0
CTTATAGCATAATGGC,0
CTTATAGCTTGAAAAC,0
CTTATAGTTCACCCAA,0
CTTATATAAATTCATA,0
CTTATATAAGTGGCAT,0
CTTATATGAAAACTTG,0
CTTATATTCAAATACC,0
CTTATCAAAACATAAG,0
CTTATCACTCACTTAA,0
CTTATCCGTGGTGGTT,0
CTTATCGTCTGCTGCG,0
CTTATCTCATGCCATT,0
CTTATGCATTGCAAAA,0
CTTATGTGGGAACCAT,0
CTTATGTGGTCCTTAT,0
CTTATTAAAAGACTGT,0
CTTATTACGGTAGCTG,0
CTTATTAGTGTCGAAT,0
CTTATTCAAATCCCAA,0
CTTATTGCGGCGACAA,0
CTTATTGGGGCATTGA,0
CTTATTGTAACCAAGA,0
CTTATTGTATTCCAAG,0
CTTATTTGCCCCCGTT,0
CTTCAAACAAGATGGT,0
CTTCAAACCATAACAC,0
CTTCAAACCCGTACCA,0
CTTCAACGAGTCCAAA,0
CTTCAAGATCAACAAT,0
CTTCAAGGCCCAGATG,0
CTTCAATATTTGCCAA,0
CTTCAATCAAAGTCTC,0
CTTCAATTAATTGATA,0
CTTCAATTATGAAGGA,0
CTTCAATTATTTCAAG,0
CTTCAATTCGCCAAGC,0
CTTCAATTCTCAAATT,0
CTTCACAAACTACTCT,0
CTTCACCAGCCCTGAC,0
CTTCACCTTCACCATG,0
CTTCACGTCATTACAA,0
CTTCACTATACGTACA,0
CTTCACTTACTGTTGA,0
CTTCAGAAACGGGCAT,0
CTTCAGACCCGTAGTC,0
CTTCAGACTTTCCACC,0
CTTCAGCAACAAAATA,0
CTTCAGTAAAGACTCG,0
CTTCAGTGTTTTAATT,0
CTTCAGTTGGGTATTA,0
CTTCATACAAAAATAT,0
CTTCATAGCTCGAGTT,0
CTTCATCCCGATACGC,0
CTTCATGAACTTGAGG,0
CTTCATTGCTGTTAAT,0
CTTCCAACAGCCACCC,0
CTTCCACTAGAGAGAA,0
CTTCCAGACCTCCCTT,0
CTTCCAGACTATCATG,0
CTTCCAGTACAACAAG,0
CTTCCAGTCCTTTAAT,0
CTTCCATAATCGATAG,0
CTTCCATGAAATTGTG,0
CTTCCCACATGTGGTA,0
CTTCCCAGATTAATAA,0
CTTCCCATAAATCCAA,0
CTTCCCGGCCGATTTG,0
CTTCCCTGCCAAAGAG,0
CTTCCCTGTGAGAATA,0
CTTCCCTTTGCAAGAA,0
CTTCCGATTCTAACAA,0
CTTCCGATTTTGCTAC,0
CTTCCGGATGTTTGTC,0
CTTCCTAAAAGCTAAC,0
CTTCCTAGTCTGGCTA,0
CTTCCTCTTATGGCCG,0
CTTCCTGGCTTATCGC,0
CTTCCTGTGCTATATT,0
CTTCGAAACCACAATA,0
CTTCGAACTAAAATGA,0
CTTCGAATTATAACAA,0
CTTCGAATTCACGCTC,0
CTTCGAGCCCACTAAG,0
CTTCGATATTATAAGC,0
CTTCGCAAGTTACTCA,0
CTTCGGACCATATAAA,0
CTTCGGATCTACTGAC,0
CTTCGGCAAACTGATC,0
CTTCGGCTAATCCACG,0
CTTCGTATTAAAATTT,0
CTTCGTGAAAGTCAAA,0
CTTCGTTAGTTTGAAA,0
CTTCTAACCTAGATCA,0
CTTCTAAGTGGCTTTA,0
CTTCTACACCTAACAT,0
CTTCTACGATCAAAGC,0
CTTCTACGCGAAGAAA,0
CTTCTACTCTTATTCT,0
CTTCTAGCATCCCTTG,0
CTTCTAGTAAGCTGCG,0
CTTCTAGTTGTTAACC,0
CTTCTATAGCGAAATG,0
CTTCTATGCGAACCAT,0
CTTCTCAGAGTTCTGG,0
CTTCTCTTAGACAACC,0
CTTCTGAAACCATTCA,0
CTTCTGATTGAATTAA,0
CTTCTGGCCGCCTAGA,0
CTTCTGGGCGAAGATG,0
CTTCTGTCTCAAATAT,0
CTTCTTCAGTCAGGGC,0
CTTCTTCATCCCCCGG,0
CTTCTTCATTGCAGCA,0
CTTCTTCGGACCACAA,0
CTTCTTTGTAATTGCC,0
CTTGAAAAAAATGTAC,0
CTTGAAAATACATTGA,0
CTTGAAAATTAGCTGA,0
CTTGAAATATCAGATG,0
CTTGAACTACCTACGC,0
CTTGAAGAACCTATAA,0
CTTGAAGCCGTAATAT,0
CTTGAAGTCCGATTGA,0
CTTGAATACAACTGAT,0
CTTGAATCAGTCTCTA,0
CTTGAATGAGATCATC,0
CTTGAATTGATTCAGA,0
CTTGACACAGAAGAAG,0
CTTGACCGTACATATG,0
CTTGACTAAACGGTTT,0
CTTGAGAATATAACAT,0
CTTGAGCTCGGATTAT,0
CTTGAGCTTTTAATAG,0
CTTGAGGATATCGATT,0
CTTGATAAAAGTGGAC,0
CTTGATGAACTCAGAT,0
CTTGATTAAAAAGAAA,0
CTTGATTAAAACTACC,0
CTTGATTATACTCCCG,0
CTTGATTGAGGTATAA,0
CTTGATTGTAATCTTT,0
CTTGCAACCTGCTAAA,0
CTTGCAAGGATCGACA,0
CTTGCACTAAGTACTT,0
CTTGCATACCAAAATA,0
CTTGCATTTCATATAA,0
CTTGCATTTTGACACC,0
CTTGCCACCCACCGAT,0
CTTGCCACTGAATAGG,0
CTTGCCCATTGGACGA,0
CTTGCCCGTGGAGACA,0
CTTGCCTCGAAAATTT,0
CTTGCCTGCAAACATT,0
CTTGCGCCCCTCTATA,0
CTTGCGTCCTAGATAC,0
CTTGCTAGAAGCAGTT,0
CTTGCTGACTTAATAC,0
CTTGCTTCCCACACCG,0
CTTGCTTCTCAGGAGG,0
CTTGGACGTAGCATTA,0
CTTGGATGTGAAAACA,0
CTTGGCACTCAGCAGT,0
CTTGGCGAAAAAATAT,0
CTTGGCTCACAGGACA,0
CTTGGCTCTTTGAACC,0
CTTGGGACCTTTACAC,0
CTTGGGCCTCGTTACC,0
CTTGGGTATACGATGA,0
CTTGGGTTACACCAGA,0
CTTGGTAGTATCTTTT,0
CTTGGTCTTACACTTC,0
CTTGGTTAGGTAACCA,0
CTTGGTTTGACGTAAA,0
CTTGTAAAACATCCAA,0
CTTGTAAAGAGCGAAA,0
CTTGTAACAGAATGAG,0
CTTGTACCCCCACAGA,0
CTTGTAGAATTAACCC,0
CTTGTATACGAGAGGT,0
CTTGTATACTATGTGT,0
CTTGTATATATAGATT,0
CTTGTCACAATTAAAA,0
CTTGTCAGATAGTATA,0
CTTGTCCCATGAGCTC,0
CTTGTCTAAACTTCCA,0
CTTGTCTAACATAAAA,0
CTTGTGAATCAAATCT,0
CTTGTGATATACCACC,0
CTTGTGGTAAGAAAGT,0
CTTGTGGTACCAAATC,0
CTTGTGTAAACCTGGA,0
CTTGTTAAAGAAAAAC,0
CTTGTTAGTAAAATAC,0
CTTGTTCTTGATATAT,0
CTTGTTGATGCGAGTT,0
CTTGTTTAAAATTTGT,0
CTTTAAAAAAAACACA,0
CTTTAAAAGATTCTAC,0
CTTTAAAAGTTTACGC,0
CTTTAAAATTCTACAC,0
CTTTAACCTCCTCTTT,0
CTTTAAGACCCCGGAC,0
CTTTAATAACCGCTGA,0
CTTTAATCACAGAGTC,0
CTTTAATGGAATTTAA,0
CTTTACAAATGATCAT,0
CTTTACAAGACTAACT,0
CTTTAGAGATTTCCAA,0
CTTTAGAGCAACTCTG,0
CTTTAGAGGTATACAC,0
CTTTAGATAAAAGTGC,0
CTTTAGATGACACTGG,0
CTTTAGCATTTAAGAA,0
CTTTAGCGCTTATAAT,0
CTTTAGGTAATACACG,0
CTTTATACAATATATT,0
CTTTATACCCGAGGAA,0
CTTTATACTTAAGGAA,0
CTTTATAGACGTGCCA,0
CTTTATCATAGAGATC,0
CTTTATCCAGCAACGA,0
CTTTATGTCCTTTGAT,0
CTTTATTAAAAAAATA,0
CTTTATTATGCCTAAA,0
CTTTATTGATGAACCG,0
CTTTCAAACCATACAA,0
CTTTCAAACCTCACTT,0
CTTTCAACACCAAGCG,0
CTTTCAACTTACCTAA,0
CTTTCACAGAGATACG,0
CTTTCAGATAATTCAA,0
CTTTCAGCACTACAAG,0
CTTTCATATAGAATAG,0
CTTTCATATAGTTAAT,0
CTTTCATGCCACTACT,0
CTTTCCAAGTAATCTT,0
CTTTCCAGATTGCGTG,0
CTTTCCATTTATTACT,0
CTTTCGCGGTAAAACG,0
CTTTCTATGTTGTTCG,0
CTTTCTGGTAATTTTC,0
CTTTCTTCGGACACCC,0
CTTTGAAACGTATAAA,0
CTTTGACACCCATAAA,0
CTTTGACCCCGATCTC,0
CTTTGACCTCCATTAC,0
CTTTGACTAGTCTTAC,0
CTTTGACTTCTACTGT,0
CTTTGCAAATCAAGTT,0
CTTTGCAAGCTTACCT,0
CTTTGGCATTTGATTG,0
CTTTGGGAACCCACCA,0
CTTTGGGCAAATACAC,0
CTTTGGGTGAACAAGC,0
CTTTGTAAGTCTACAA,0
CTTTGTAGTAACCTTG,0
CTTTTAAATCCGAAGC,0
CTTTTAACAGCAAAAC,0
CTTTTAATGAAGAGCA,0
CTTTTAATTGCCGCAA,0
CTTTTACAAGAGGGTC,0
CTTTTACAATAGAGAC,0
CTTTTACAGAACCAAG,0
CTTTTACATCCGAAAA,0
CTTTTACGGTGCAAAG,0
CTTTTACTATGCCCTG,0
CTTTTCGAATACCTAA,0
CTTTTGAAACCTTCGC,0
CTTTTGACGAAACTCA,0
CTTTTGAGCTATATTT,0
CTTTTGGGAGGACACC,0
CTTTTGTAGTAGTCCA,0
CTTTTTAATGAGGTTC,0
CTTTTTACAAAATCAA,0
CTTTTTGCAAACTGAG,0
GAAAAAAAAGGAACAG,0
GAAAAAAACAAATATT,0
GAAAAAAACGGGAATA,0
GAAAAAAAGTAAATGA,0
GAAAAAACACCAATGT,0
GAAAAAACTCAATGAA,0
GAAAAAAGAACTGAGT,0
GAAAAAAGTCGACCAT,0
GAAAAAAGTCTAATCT,0
GAAAAAAGTGGCAGTT,0
GAAAAAATCGACGCGC,0
GAAAAAATGATGAAGA,0
GAAAAAATGTCCGGCG,0
GAAAAAATTTTCTTCC,0
GAAAAACAACATTTAC,0
GAAAAACAATTATTAA,0
GAAAAACACCCAACGA,0
GAAAAACACGAATATT,0
GAAAAACATGATGACG,0
GAAAAACCATTTCTTT,0
GAAAAACCGAATCATA,0
GAAAAACGAAGGAAAG,0
GAAAAACGTCTTAAGA,0
GAAAAACTTCAATCAT,0
GAAAAACTTCATGCTT,0
GAAAAAGAAACCTGAA,0
GAAAAAGAACCTAACA,0
GAAAAAGAGAAAGGAA,0
GAAAAAGATAATGTTG,0
GAAAAAGATGAAAAAG,0
GAAAAAGCCAGAAGAT,0
GAAAAAGTAAAGTTCG,0
GAAAAAGTAGCATTAG,0
GAAAAATAAACGTAAT,0
GAAAAATACCCTAATA,0
GAAAAATCACAAATAG,0
GAAAAATCTGATACCG,0
GAAAAATCTTATATAT,0
GAAAAATGAACGATAT,0
GAAAAATGATAAAATA,0
GAAAAATGATGTCGTG,0
GAAAAATTAATGCTGT,0
GAAAACAAAATGACGG,0
GAAAACAAATAAAGGT,0
GAAAACAACCGGACGA,0
GAAAACACCACGAATC,0
GAAAACAGCCTCCCAT,0
GAAAACAGTTTTCGAA,0
GAAAACATACAACTTA,0
GAAAACATCTGTACTA,0
GAAAACATGGCAACCG,0
GAAAACATTCTACCGC,0
GAAAACATTGAATTAT,0
GAAAACATTTCATTAA,0
GAAAACCAACGCAAAA,0
GAAAACCAACGCAACG,0
GAAAACCCACCTCTTC,0
GAAAACCCCCCGTACA,0
GAAAACCCGGACACAG,0
GAAAACCCTTCTCAAT,0
GAAAACCTCAAAATGG,0
GAAAACGAAAAACAAG,0
GAAAACGACAAGAACG,0
GAAAACTATTAAAAAA,0
GAAAACTCGGGCTAAA,0
GAAAACTGAATCAACC,0
GAAAAGAAGTTTGCAG,0
GAAAAGAATTTCCCCC,0
GAAAAGACACATTTCA,0
GAAAAGAGAAAAATGA,0
GAAAAGATTCCACACG,0
GAAAAGCAGACGTCAC,0
GAAAAGCTCTCGCCCG,0
GAAAAGGAGATTGTAT,0
GAAAAGGCAGATACAT,0
GAAAAGGCCCAGACCA,0
GAAAAGGTCACAAGAC,0
GAAAAGTACATTATAT,0
GAAAAGTAGTAAAGGT,0
GAAAAGTCGCTCTAGC,0
GAAAATAAAAATGCCA,0
GAAAATAACACAAAGG,0
GAAAATACCTTTGTCA,0
GAAAATAGGACAAATA,0
GAAAATATAAACCTAT,0
GAAAATATCCTAACGG,0
GAAAATATTAAAAGTA,0
GAAAATCCAGCTGATT,0
GAAAATCCATTGCCAA,0
GAAAATCTAGAGACTA,0
GAAAATGAATCTATGT,0
GAAAATGATAACAATC,0
GAAAATGATACCTTCC,0
GAAAATGGCCACCGTT,0
GAAAATGGTCCGTTGA,0
GAAAATGGTTGTGGGG,0
GAAAATTAAACGACCA,0
GAAAATTAATGCGTAA,0
GAAAATTACATTTTAT,0
GAAAATTATAAAGGTA,0
GAAAATTATACCGCAA,0
GAAAATTATTCTAACT,0
GAAAATTCACATAAGC,0
GAAAATTCCTGTTTAT,0
GAAAATTTCATTCTTT,0
GAAAATTTGCAAAGTA,0
GAAACAAAAACTCGGT,0
GAAACAAAATTAATGA,0
GAAACAAAGTTTTTCA,0
GAAACAAATAAGACTA,0
GAAACAAATAGATCTA,0
GAAACAACAAAAACCT,0
GAAACAATAGATTTGA,0
GAAACAATGGACTTTA,0
GAAACACAGTGCCTAT,0
GAAACACATAAAACCA,0
GAAACACATTTGAACT,0
GAAACACGAGCACACC,0
GAAACACTATGCAATT,0
GAAACACTCAAAAAAA,0
GAAACACTCAACTGCA,0
GAAACACTGGACTAAC,0
GAAACAGACCGTTCTC,0
GAAACAGATGTAGGAA,0
GAAACAGCCCATGAAG,0
GAAACAGGTTAAATGA,0
GAAACAGTAGATAAAT,0
GAAACAGTTTATGCTC,0
GAAACATATGCAGTAA,0
GAAACATATTAAACGC,0
GAAACATCTAAGGCTA,0
GAAACATTCCGCTCAA,0
GAAACCAAAGGTGTTG,0
GAAACCACGAATAGCA,0
GAAACCACTTTGTAAA,0
GAAACCAGCGTGTTAA,0
GAAACCATCCTAGAAT,0
GAAACCCACCCTATCC,0
GAAACCCATACTGAGA,0
GAAACCCGTCCAGTCT,0
GAAACCCTCGAGCGAC,0
GAAACCCTCTTCAACA,0
GAAACCGAACGGTCCA,0
GAAACCGACAATTCAT,0
GAAACCGAGACAAGAC,0
GAAACCGCCCAATAGT,0
GAAACCGGATGATCAT,0
GAAACCGGGCAAGCAG,0
GAAACCGTCCGATCAA,0
GAAACCGTGTTAAAAA,0
GAAACCGTTCCAATAG,0
GAAACCTATAGAGGCA,0
GAAACCTCACACAATC,0
GAAACCTCTCATTACA,0
GAAACCTTCCTTTTCA,0
GAAACGAACTGGGACG,0
GAAACGAGCCCCGAGT,0
GAAACGCAAAAACTAC,0
GAAACGCCAAATAACT,0
GAAACGCCCGAGTCTC,0
GAAACGGAACAATATT,0
GAAACGGTAGCAACAG,0
GAAACGGTTTCATGTC,0
GAAACGTCACTGGAGG,0
GAAACTAACAGACTTA,0
GAAACTAAGGACTTGT,0
GAAACTAATCCAACGA,0
GAAACTAGCCTCTCAA,0
GAAACTAGTATCACAC,0
GAAACTATAATACGGA,0
GAAACTATCCAAATTT,0
GAAACTCAGAAGAAAT,0
GAAACTCCACGTTAAA,0
GAAACTCCCTTGACTT,0
GAAACTCTATACGAGC,0
GAAACTGAAAGTTTTG,0
GAAACTGAACAGACAA,0
GAAACTGAATCGTCTC,0
GAAACTGCAAAAAAGC,0
GAAACTGGATACAATG,0
GAAACTGTCAACGCAC,0
GAAACTGTTAACCACG,0
GAAACTTACGTCAAGG,0
GAAACTTCAATTAAAC,0
GAAACTTGCATTGAAA,0
GAAACTTGGTATTATC,0
GAAAGAAAAAAATAAC,0
GAAAGAAAAAATAGGC,0
GAAAGAAACGGCCCTG,0
GAAAGAAATTATAACT,0
GAAAGAACCTATACAC,0
GAAAGAACTTAAAAGA,0
GAAAGAAGGATCTGCA,0
GAAAGAAGGTAAAAGA,0
GAAAGAATATATCGCC,0
GAAAGAATGTCAATGA,0
GAAAGACAAACCTTAC,0
GAAAGACAAAGAACCC,0
GAAAGACCGTATCATA,0
GAAAGACGACCAGATT,0
GAAAGACGTTAAGCCT,0
GAAAGAGCTTATCGGA,0
GAAAGAGTCAAGTTAT,0
GAAAGAGTTAAGAACA,0
GAAAGATACAATACGT,0
GAAAGATCAGCCACCA,0
GAAAGATCCTTTAAAA,0
GAAAGATGAATGGAAC,0
GAAAGATGATAAATCT,0
GAAAGATGATTTAAAC,0
GAAAGATTCCTCTATT,0
GAAAGCAAAAGTCGTG,0
GAAAGCAAGATTTTAA,0
GAAAGCCAATTAAAAC,0
GAAAGCCGCAAGACAG,0
GAAAGCCGTGAACGTT,0
GAAAGCCTCCTCAGAC,0
GAAAGCGCATCAGAAG,0
GAAAGCTAAAAATTCA,0
GAAAGCTACCAAATAT,0
GAAAGCTTAATATAGA,0
GAAAGGAACTAAAAAA,0
GAAAGGACCTCGTTCC,0
GAAAGGCCCGAATACT,0
GAAAGGCCGTACGCTA,0
GAAAGGGAGTAATGAC,0
GAAAGGGGCAGCAAAC,0
GAAAGGGTCATAAGAA,0
GAAAGGTGGGGTCAAG,0
GAAAGTAATCAACCTG,0
GAAAGTAATGCCCTCT,0
GAAAGTACAGATAGAT,0
GAAAGTAGAATATAAA,0
GAAAGTAGAGTAAAAA,0
GAAAGTAGTCGCTAAA,0
GAAAGTCATTTAAAGA,0
GAAAGTCCAACGTGCT,0
GAAAGTGCACAAATAA,0
GAAAGTTACTTCATCT,0
GAAAGTTGGTAAAGAA,0
GAAAGTTTTACTAATT,0
GAAATAAACAAAGGTT,0
GAAATAAAGCATAACA,0
GAAATAAAGCTAAATG,0
GAAATAAAGTGCGTGT,0
GAAATAAATTCACAGA,0
GAAATAAATTGGAGCA,0
GAAATAACAACTTGAT,0
GAAATAACGAACAGCA,0
GAAATAACGGGACGGA,0
GAAATAACTATAAATG,0
GAAATAAGGAGCCTCC,0
GAAATAAGGCAAAATC,0
GAAATAATATAAAGAT,0
GAAATACACATTTTAA,0
GAAATACATAATCTGT,0
GAAATACCCGCGAAAG,0
GAAATACCGAACATTA,0
GAAATACGTCCATAAT,0
GAAATACTACACGGAA,0
GAAATACTCTCATGGT,0
GAAATAGAACTTTCCC,0
GAAATAGAGCAGTCAA,0
GAAATAGGCCTCTTGC,0
GAAATAGTACATTCAA,0
GAAATAGTTAAACCGC,0
GAAATAGTTGAGACAA,0
GAAATATAAAGCCAAA,0
GAAATATAAGAAAACA,0
GAAATATAATTAAACA,0
GAAATATCTCTGCGTC,0
GAAATATGATATCTTG,0
GAAATATGCGGCTTAA,0
GAAATCAAAAACGTAA,0
GAAATCAATGACCAAC,0
GAAATCACGCGAAGGA,0
GAAATCAGGTTGACGT,0
GAAATCCAATTTAGCG,0
GAAATCCATCTTACTG,0
GAAATCCGGAAAACCG,0
GAAATCGCTCCTACTG,0
GAAATCGCTGTAAAAA,0
GAAATCGTATCACATT,0
GAAATCTAAAATCCGA,0
GAAATCTCCAATCCTT,0
GAAATGAATATAAATT,0
GAAATGACCGGGCAGG,0
GAAATGACGTATCGTA,0
GAAATGAGCGCACAAG,0
GAAATGATAGCTACCC,0
GAAATGATCGCCTAAG,0
GAAATGCACGTAGTCA,0
GAAATGCATTCTCAGA,0
GAAATGCCATAAAAAA,0
GAAATGCCCCGATCGG,0
GAAATGCTTCTCGATG,0
GAAATGGATTAAACTG,0
GAAATGGTAATTCATG,0
GAAATGTGAAAGCCCC,0
GAAATTAAACCAACAC,0
GAAATTAAAGACCAGT,0
GAAATTACGTCTTGAA,0
GAAATTACTCACCCTC,0
GAAATTAGAAACATAA,0
GAAATTCAAAAATATG,0
GAAATTCAAAATGTAT,0
GAAATTCAGAAATCTA,0
GAAATTCCGATCATCA,0
GAAATTGAAACCTCTT,0
GAAATTGACGAAGTTC,0
GAAATTGAGTGTCAAT,0
GAAATTGCACTCTTCG,0
GAAATTGCTAGACGAG,0
GAAATTGGCCATGCAA,0
GAAATTGTATCAATGC,0
GAAATTGTTCACAGGA,0
GAAATTTAACGTTTTA,0
GAAATTTACCTTTCAA,0
GAAATTTATAGTATCA,0
GAAATTTCAAACCGAC,0
GAAATTTCCCAAGCAA,0
GAAATTTGGAAAGACT,0
GAAATTTGGGATTATA,0
GAAATTTGTGGAATCG,0
GAAATTTTCTAAGTAC,0
GAACAAAAAACAAGTA,0
GAACAAAAACATCTCT,0
GAACAAAATACAGGAT,0
GAACAAAGCCTCTCAA,0
GAACAAAGGATATCGG,0
GAACAAATGGACATAA,0
GAACAACAAACAACAT,0
GAACAACAACGCTCTA,0
GAACAACAATCACTTA,0
GAACAACCTTGCAAAG,0
GAACAACTCAAAGAGG,0
GAACAACTGTCGTGAT,0
GAACAACTTGTATTAA,0
GAACAAGTAGGCTTAT,0
GAACAATGAGTGTTAA,0
GAACAATTTAATCCGG,0
GAACAATTTTCAACAT,0
GAACACCATCAAGAAT,0
GAACACCCAAAGATCC,0
GAACACCGACAAAAAA,0
GAACACCGGCGAATTT,0
GAACACCTAGATATAA,0
GAACACGTGAGTGCTA,0
GAACACTAAGCCTACC,0
GAACACTAGTATAGAC,0
GAACACTCATATATTA,0
GAACACTTTACTCACG,0
GAACAGAGAAAGCCTA,0
GAACAGATTAAGACTA,0
GAACAGCAAACTCAAC,0
GAACAGCGACACCTGA,0
GAACAGGCACGGCCCC,0
GAACAGGGCAGATCTT,0
GAACAGTTGTATCCAG,0
GAACAGTTGTCTTACA,0
GAACAGTTTAAATACG,0
GAACATAAAGAGACCA,0
GAACATAAGGTAGTAG,0
GAACATACAACTAGAT,0
GAACATACAGCCGGTC,0
GAACATATAACACCAA,0
GAACATATACTTAGCG,0
GAACATATTACAGACA,0
GAACATATTAGTATAA,0
GAACATCAGAGGTCCG,0
GAACATCATATCATCC,0
GAACATCCAGCGTACA,0
GAACATCCGGACGGTC,0
GAACATCGACATACAA,0
GAACATGTCAACAATT,0
GAACATTAAAATTGAA,0
GAACATTAAAGAGAAA,0
GAACATTACGATTCGC,0
GAACATTATGAGTTGA,0
GAACATTCCATACTTA,0
GAACATTGTTATAATC,0
GAACATTTAAACAGTC,0
GAACCAAAAATCGGCA,0
GAACCAAAACACTATA,0
GAACCAAATAGTATTG,0
GAACCAAATGATCCAA,0
GAACCAAGAAAACTCG,0
GAACCAAGCCAACAGA,0
GAACCAAGTTAGCGAG,0
GAACCAATAACAAAAA,0
GAACCAATACGAAAAT,0
GAACCAATCCACACGC,0
GAACCAATCGTGGTTG,0
GAACCACCCCTATAGT,0
GAACCACGCTAACACT,0
GAACCACGCTTAATAG,0
GAACCACGTGTAATCA,0
GAACCACTAACATTTT,0
GAACCAGAAAATTCAG,0
GAACCAGAGGGTCACC,0
GAACCATATAGCAGTT,0
GAACCATATTAAACTC,0
GAACCATCTTCTACAA,0
GAACCCAAAGCATCAA,0
GAACCCAACAGAATCC,0
GAACCCATTTGTTATA,0
GAACCCCCAACCGAAT,0
GAACCCGGCGGAATAG,0
GAACCCGTGACAAGTC,0
GAACCCTACCCCAAAA,0
GAACCCTCTCCATATA,0
GAACCCTGACTGGAAA,0
GAACCGGACCATCTCT,0
GAACCGTACCACCCCA,0
GAACCGTATTACTAAT,0
GAACCGTCCTTCCGAA,0
GAACCTAATACTCACG,0
GAACCTAGGTTTAAAA,0
GAACCTCCAAAAAGAT,0
GAACCTCCTTTTGCTA,0
GAACCTCGCTATTCAT,0
GAACCTGAAATACAGA,0
GAACCTGTCGCGAAAT,0
GAACCTTAAGCTAAGC,0
GAACCTTAATGTTTAG,0
GAACCTTATAGCTTAA,0
GAACCTTATGCCCAAA,0
GAACCTTTACTTAGAA,0
GAACGAACAAACCACT,0
GAACGAACTAGAGCAA,0
GAACGAAGTAGTAAAA,0
GAACGACTTTACACAA,0
GAACGAGAATATACCA,0
GAACGAGCACACAAAT,0
GAACGAGCCATGCGAA,0
GAACGATACACCCGGG,0
GAACGATCCGATACGC,0
GAACGATGCTGAATTC,0
GAACGATGTTCATGGA,0
GAACGATTCAGTCCCG,0
GAACGCAAAAATATTG,0
GAACGCAACTACAGCA,0
GAACGCAGTCTAACCT,0
GAACGCATCACTCCAA,0
GAACGCGATTAACCGA,0
GAACGCGGAACAGTTT,0
GAACGCTATCAAAATT,0
GAACGCTATCAAAGCA,0
GAACGCTTTCACATCT,0
GAACGGAAAACGTAAT,0
GAACGGAGCTTGATGT,0
GAACGGCATTCCATAA,0
GAACGGCTCGATCGCA,0
GAACGGCTCTAAGCAA,0
GAACGGGCGTACTAGT,0
GAACGGTTGCAAACTA,0
GAACGTAAAACAAGAA,0
GAACGTCATATTTGAA,0
GAACGTCCAATCATCA,0
GAACGTCCTAGTAAAT,0
GAACGTCCTATTTTAA,0
GAACGTGGGAGACAGC,0
GAACGTGTACTCCGGT,0
GAACGTTGTACTTGCT,0
GAACGTTTATAGACAA,0
GAACGTTTTACGATGA,0
GAACTAAATGATATCT,0
GAACTAAGTCTTGTGA,0
GAACTAATAAACGAGC,0
GAACTAATAATGACAC,0
GAACTAATATTTTACC,0
GAACTACAACAAGTAT,0
GAACTACCCTTTATCA,0
GAACTACTCGTAGTTT,0
GAACTAGTAAAGTGAT,0
GAACTATTAACCAAAT,0
GAACTATTGAAGTACA,0
GAACTCAGAACGACTT,0
GAACTCATGAACGCTG,0
GAACTCCTAATAACCC,0
GAACTCGACTGCAATT,0
GAACTCTAAGATCTAT,0
GAACTCTTCTATAACC,0
GAACTGAAAATAGGGA,0
GAACTGATGAGGCAGA,0
GAACTGGTACGTTAGT,0
GAACTGTGACCAAAAA,0
GAACTTATACACTAAG,0
GAACTTATATTTACAT,0
GAACTTATCCCAAAAC,0
GAACTTCGAAAGGGCG,0
GAACTTCGATTATAGT,0
GAACTTCGGTGTTCCT,0
GAACTTGAACCAAAAT,0
GAACTTTACGGAGATC,0
GAACTTTTCGGACTAT,0
GAAGAACAAAACAAAC,0
GAAGAACAAGAAGCAT,0
GAAGAACAGCAAAAAA,0
GAAGAACATACGGAAC,0
GAAGAACCCAAGTAAT,0
GAAGAAGTAAAAAAGG,0
GAAGAATAAAACCATG,0
GAAGAATAAAATAGTT,0
GAAGAATAGATAACTT,0
GAAGAATCGACTAAAT,0
GAAGAATTACAATGTA,0
GAAGAATTGAAAACTT,0
GAAGACAAAGATCCAT,0
GAAGACACGAAGAATT,0
GAAGACCAAGGACTGT,0
GAAGACCAGGGGGCAA,0
GAAGACCATACAAAGT,0
GAAGACCCCCTCATTC,0
GAAGACCGTCGCTGAC,0
GAAGACCTGTATATAA,0
GAAGACGAAATATAAA,0
GAAGACGACCTGAGTA,0
GAAGACGAGCGAATGT,0
GAAGACGAGTCCAATT,0
GAAGACGATCACGGTA,0
GAAGACGGATATAGGG,0
GAAGACGTGAACGATC,0
GAAGACTAACCGGGCC,0
GAAGACTCTGATGCAC,0
GAAGACTTAACACAGT,0
GAAGACTTCGGCCGCG,0
GAAGAGACGAAGAATG,0
GAAGAGAGCATTGGAC,0
GAAGAGAGCTGGATGA,0
GAAGAGATCCATAAAT,0
GAAGAGCCTTAATCTC,0
GAAGAGCGGAGTATGC,0
GAAGAGCTGACACTTC,0
GAAGAGGGATCGGACA,0
GAAGAGTCAGGTCTTT,0
GAAGATAAAGTACACC,0
GAAGATAATATACTCC,0
GAAGATCAAGAGCCCA,0
GAAGATCACTTGTTAT,0
GAAGATCCTCTAGCTC,0
GAAGATCTAAACTGTG,0
GAAGCAAAGGAATCGT,0
GAAGCAAATCATTAAA,0
GAAGCAACGCACAAAG,0
GAAGCAACGGGGCGAG,0
GAAGCAATAGCCTTCA,0
GAAGCAATCTCTAATT,0
GAAGCACATACTCTTG,0
GAAGCACGGCGCTCTA,0
GAAGCACTAACCATAG,0
GAAGCACTGATCTGAA,0
GAAGCACTTCTTCAAT,0
GAAGCAGCAACTAAAG,0
GAAGCATATGCATCAA,0
GAAGCATCTACCAGGT,0
GAAGCATTGTCAGACC,0
GAAGCCAACAATTTTG,0
GAAGCCAAGGTACTAT,0
GAAGCCAAGTCAGAAA,0
GAAGCCATAAAAATAA,0
GAAGCCATCACAGCAT,0
GAAGCCGATCTAAGTC,0
GAAGCCTACGCTAGGT,0
GAAGCCTTAAAACTTA,0
GAAGCGACTACAAATT,0
GAAGCGAGGCGAGGAA,0
GAAGCTAAAGGAAACG,0
GAAGCTAAGTTACTTA,0
GAAGCTACAAAAAGAT,0
GAAGCTAGACAAAGAC,0
GAAGCTGAATATTAAA,0
GAAGCTGATGAACAGC,0
GAAGCTTCATACAGAG,0
GAAGCTTCCCTCGTTA,0
GAAGCTTGGAGGTCGT,0
GAAGGAAATTTCTCTA,0
GAAGGAACAGGTATCC,0
GAAGGAAGTTTTGTAT,0
GAAGGACACATAGAGA,0
GAAGGACTCTAATAGA,0
GAAGGAGTCTAAAAAC,0
GAAGGATAAAGCTAAT,0
GAAGGATACGGAGATG,0
GAAGGATGGGAACCAC,0
GAAGGCAATGGGGATA,0
GAAGGCATGGTGGCCC,0
GAAGGCCGTAAAAGAC,0
GAAGGCTCATGGTACC,0
GAAGGCTTAAAGGAGA,0
GAAGGGATATCGTTTC,0
GAAGGGGAAAACCATT,0
GAAGGTATAAATTACA,0
GAAGGTCCACCTCGCG,0
GAAGGTGCGGGTCACC,0
GAAGGTTAACACAAGG,0
GAAGGTTATAGATAAA,0
GAAGGTTTGTACCATA,0
GAAGTAAATAGAAACC,0
GAAGTAACAACGTTAA,0
GAAGTAACTGAGCATA,0
GAAGTAAGTATCATGA,0
GAAGTAATACGTTTAT,0
GAAGTACATAACTCTC,0
GAAGTACGACACGACT,0
GAAGTACGATTCCGGA,0
GAAGTACTAGTATACA,0
GAAGTATGTTTATTAA,0
GAAGTATTAATTGATG,0
GAAGTCAGGCTATTTT,0
GAAGTCCAAATACACA,0
GAAGTCTGAACAGTCG,0
GAAGTCTTAAAATTAA,0
GAAGTCTTTGGATGAT,0
GAAGTGACATTTACTA,0
GAAGTGAGGAGGACAT,0
GAAGTGAGTGAAACGA,0
GAAGTGCCTCAGGGAG,0
GAAGTGCGACCATTAA,0
GAAGTGCGCAAAAAGG,0
GAAGTGTGTACCAAAT,0
GAAGTGTTTCAATCAG,0
GAAGTTACATGAATCC,0
GAAGTTACCATCTACC,0
GAAGTTATCATACGAA,0
GAAGTTGCAGAGAATA,0
GAAGTTTCATCGCTCA,0
GAAGTTTCTGAAATGA,0
GAAGTTTTACGATCTC,0
GAAGTTTTAGAGATTA,0
GAATAAAAACTACGGC,0
GAATAAAAATCAGAGT,0
GAATAAAACTGGGCGG,0
GAATAAAATGGTCTAG,0
GAATAAACCTCAAACT,0
GAATAAACGAGCAAAT,0
GAATAAATATGTTTCA,0
GAATAACAGCCAACTA,0
GAATAACCACAGACAG,0
GAATAAGGGATAGACT,0
GAATAAGTAAGTAATC,0
GAATAAGTTCATAATG,0
GAATAAGTTCGTGATC,0
GAATAATATATAAGTA,0
GAATAATGAGGACGTT,0
GAATAATGATGTTGAT,0
GAATACAAAGCCTAAG,0
GAATACAACTTGACCT,0
GAATACACGAGCACGG,0
GAATACACTGCCAGAA,0
GAATACATGTGGTAAG,0
GAATACCCGTAATATA,0
GAATACCGAAATCTTA,0
GAATACCGCACTCCTA,0
GAATACCTAAATTGAA,0
GAATACGGGATGTTTG,0
GAATACGTTTAGCCGT,0
GAATACTATCGAACCC,0
GAATACTCCGTAGCTA,0
GAATACTCGCATCACC,0
GAATACTTAATGCTAA,0
GAATAGAGTTGCTTAA,0
GAATAGCACTTTACTA,0
GAATAGGAGGAAGCCA,0
GAATAGGGCAACAGCC,0
GAATAGTATTCTTTGC,0
GAATAGTGACGTCATA,0
GAATATAAACTACATA,0
GAATATAACAGATTTG,0
GAATATACAAGTGACT,0
GAATATATGAATGTGT,0
GAATATCAAGTTGAGT,0
GAATATCATAGATATA,0
GAATATCGTTGGAGAC,0
GAATATCTAGCAGATA,0
GAATATCTTATAAAAT,0
GAATATCTTCACATAT,0
GAATATGATCAATCTA,0
GAATATGGTATAGAAT,0
GAATATTAGCCTAATG,0
GAATATTCTAAATGAA,0
GAATATTTGTACTTCC,0
GAATCAAACTCTTCCA,0
GAATCAAATAAAAGGT,0
GAATCAAATCGGACTG,0
GAATCAAGTAACAATA,0
GAATCAATCTCAAGGA,0
GAATCAATGAATACGC,0
GAATCAATTGACAAAT,0
GAATCACGAATCATCC,0
GAATCACGAGTGGAAG,0
GAATCACGTAAAAAAT,0
GAATCAGAAAGGATAG,0
GAATCAGGCAAGAAAA,0
GAATCAGGCAAGGAAA,0
GAATCAGTATGAAATA,0
GAATCAGTGAGTCATC,0
GAATCATATCACCAAC,0
GAATCATATTGAGAAC,0
GAATCATTCAATATAC,0
GAATCATTTAATATAC,0
GAATCCAAATAAAGAA,0
GAATCCACATTTATCT,0
GAATCCCAAAGATTCG,0
GAATCCCAAATAAATC,0
GAATCCCTGCGTGAAT,0
GAATCCGCAAACCCGA,0
GAATCGCCTATATTCA,0
GAATCGCGCTTCTGAC,0
GAATCGGCCACTCCCT,0
GAATCTAATTAATATA,0
GAATCTACGTTACAAT,0
GAATCTAGAGCCTTAT,0
GAATCTCAAATATGAG,0
GAATCTCCAAACACTC,0
GAATCTGAAAAGACAA,0
GAATCTGTGTACGAGC,0
GAATCTTTTTTGCAAC,0
GAATGAAACAATCCTC,0
GAATGAAACCGTAAAC,0
GAATGAAAGCTAGCCG,0
GAATGAACCGCAACTT,0
GAATGAACTAATACTA,0
GAATGAATAGCAACCT,0
GAATGAATAGCACACT,0
GAATGAATATACCTAA,0
GAATGAATTTGAAACG,0
GAATGACCTTCAAATT,0
GAATGACGATTTCAGA,0
GAATGACTTTGGTATC,0
GAATGAGGTATAGCAT,0
GAATGAGTGCTCTATC,0
GAATGATAAGGAGTGG,0
GAATGATCAGTATGTA,0
GAATGATTATGGGCCG,0
GAATGCACACCAATGG,0
GAATGCACATAAATGG,0
GAATGCCGAACGACAA,0
GAATGCGTAAACGCGT,0
GAATGCGTGCATCGGA,0
GAATGGAATCGCCAGC,0
GAATGGACGATACAGG,0
GAATGGATATCCAAGT,0
GAATGGCAATAGATTA,0
GAATGGCAATCCTACC,0
GAATGGCAATTGTAAA,0
GAATGGCAGCAACAAC,0
GAATGGCGTAAAATAT,0
GAATGGGCAAGACAAC,0
GAATGGTGGCACTAAT,0
GAATGGTTGATCCGTG,0
GAATGTAATCTCATTC,0
GAATGTACAGTGAGGA,0
GAATGTCATAGCTCTA,0
GAATGTCTCACAAAGT,0
GAATGTGACACACTTT,0
GAATGTGGATTTCAAA,0
GAATGTGTACTACGTG,0
GAATGTTAAACATCCC,0
GAATGTTATTGACCAT,0
GAATGTTCAAATAAGT,0
GAATGTTTATGCTCAG,0
GAATTAAAAAAGTAAA,0
GAATTAAAAATCAATA,0
GAATTAACAGACAAGC,0
GAATTAACCGTAAAAT,0
GAATTAAGCGTCCCTC,0
GAATTAAGCTTATACA,0
GAATTAATGACTGTCT,0
GAATTAATTAAATGGA,0
GAATTAATTAACGTTC,0
GAATTACTCCATCTAG,0
GAATTACTGGAAGAGA,0
GAATTACTTGAGCAAA,0
GAATTAGAAAGAAAAA,0
GAATTAGAGTGAACTG,0
GAATTAGCTCTGAATC,0
GAATTAGTAAATTATA,0
GAATTATACAAAAGGC,0
GAATTATATAGTATCT,0
GAATTATCTTGACTTC,0
GAATTATGGGAAACCA,0
GAATTCAAATCCAAAA,0
GAATTCAATATAAACC,0
GAATTCACAAGTATTG,0
GAATTCACCACGAAGA,0
GAATTCACCCCGGGAA,0
GAATTCAGAAATGTCT,0
GAATTCAGACCGTTTT,0
GAATTCAGCATACGTA,0
GAATTCCAAGGACTCC,0
GAATTCCATGACCAAA,0
GAATTCCGTCTGCTTA,0
GAATTCGAAGGTTACC,0
GAATTCGTATGAAGAA,0
GAATTCTAACAAACAA,0
GAATTCTATCGAGATC,0
GAATTCTCAACAGTAC,0
GAATTCTCTTCAAATA,0
GAATTCTGTAAAGATA,0
GAATTCTTGTCCCGTT,0
GAATTGAAACAGTCGA,0
GAATTGAATAGACAGG,0
GAATTGATAGATATAA,0
GAATTGCCAACAGTCA,0
GAATTGTCAGAATTTA,0
GAATTGTCCGTGTGAT,0
GAATTGTTCCACTCAG,0
GAATTTAATGGAAAAC,0
GAATTTAATTAGGATA,0
GAATTTACCAAGAAAT,0
GAATTTAGGACGCAAA,0
GAATTTAGTTCAAGAA,0
GAATTTATCGTTAACG,0
GAATTTCATTTCCACT,0
GAATTTGCCAGAAAAG,0
GAATTTTAACAATTAT,0
GAATTTTATGATTAAA,0
GAATTTTATTGCATTT,0
GAATTTTCGATTCCCA,0
GAATTTTGGTCTAACG,0
GACAAAAAATTATAAT,0
GACAAAAATCATATTA,0
GACAAAAGACACACCC,0
GACAAACACGCCCTAT,0
GACAAACGACACGGAT,0
GACAAACGAGCAAGAC,0
GACAAACGGTCTAAGC,0
GACAAACTAATAGACT,0
GACAAACTACAAATAA,0
GACAAACTAGACTAAA,0
GACAAACTATGATAGC,0
GACAAACTTGGCAGAC,0
GACAAACTTTACTCTC,0
GACAAAGCCCAAGACT,0
GACAAAGGCTTGAAAG,0
GACAAATATAAGAATC,0
GACAAATTAATGCAGG,0
GACAAATTCAACCATA,0
GACAAATTTGCGACAC,0
GACAACAACACAGATG,0
GACAACAATACCTGGC,0
GACAACACGACCACGC,0
GACAACATACTCGGAC,0
GACAACCAGATTCAAA,0
GACAACCCGATGACAG,0
GACAACCCTGCTAGCA,0
GACAACCGGCACTTGT,0
GACAACGTCCACATCC,0
GACAACGTTAGCTCTT,0
GACAACTACCTAAACG,0
GACAACTGAGGCAAGC,0
GACAAGAAGCACAACA,0
GACAAGACGTACCTGG,0
GACAAGACGTGACAAA,0
GACAAGAGAATGTATA,0
GACAAGATTAAATAGT,0
GACAAGCCAGGACACA,0
GACAAGCCAGTCGTCC,0
GACAAGCGAATACCAG,0
GACAAGCTTGTACCAG,0
GACAAGGAGAAATAGT,0
GACAAGGATGGTACCT,0
GACAAGGGCGTGGGTG,0
GACAAGGTATGGGGAG,0
GACAAGTAAGTCGGCA,0
GACAAGTACTCTCATT,0
GACAAGTCACAAAGAG,0
GACAAGTCCACGATAC,0
GACAAGTTATCGAACT,0
GACAATAAACAAAATT,0
GACAATAACAAAAGAA,0
GACAATAACATCCTCA,0
GACAATACAAATGATT,0
GACAATACACCAAATA,0
GACAATAGATATACAA,0
GACAATCAAACATTTC,0
GACAATCATTGTCACA,0
GACAATGAAGCAATAC,0
GACAATGGCAATGTTA,0
GACAATGGTTAGACCA,0
GACAATGTCGAACATC,0
GACAATTACCATGTTA,0
GACAATTGTCTCGTGA,0
GACACAAAAAAATAGA,0
GACACAAAACATTCGT,0
GACACAACACACGACA,0
GACACAAGAATTAGAA,0
GACACACAACAGCAAA,0
GACACACCATAAGTAC,0
GACACACCCACGACCT,0
GACACACGCCGATACT,0
GACACAGCAGTAGCAA,0
GACACAGTCTGTCCAG,0
GACACATATAGAGACG,0
GACACATTCATTCTTA,0
GACACATTCTAAACTA,0
GACACCAATCCCGTCA,0
GACACCACATGATTTG,0
GACACCATCATAGGTG,0
GACACCCAGAATAAAC,0
GACACCCAGGTTAAGG,0
GACACCCCCCGCGTTG,0
GACACCCGAAGGACCC,0
GACACCCGGTTAAAGT,0
GACACCCTAGATAAAC,0
GACACCGATACCCAGA,0
GACACCGTAACCAAAT,0
GACACCGTCATGGCCG,0
GACACCGTCGGCTACA,0
GACACCTGACGCAGTA,0
GACACCTTTGCTGTAT,0
GACACGACTTTACCAA,0
GACACGCTAATAATAA,0
GACACTCAAAATAGAT,0
GACACTCATTAGCCTA,0
GACAGAACAATAACAA,0
GACAGAACCAAAAGCT,0
GACAGACCAGCAGACA,0
GACAGAGGAAAAACAA,0
GACAGAGGACTGAACC,0
GACAGAGTATAATGTA,0
GACAGAGTATGAATAA,0
GACAGATAAATTATCA,0
GACAGATAACGTATAT,0
GACAGATTAGACTTGT,0
GACAGCATCAATCAAT,0
GACAGCATCTAGCACT,0
GACAGCCATACGAATG,0
GACAGCCCGTACTAAC,0
GACAGCGAACATCAAA,0
GACAGGAAGACCTAGA,0
GACAGGAATAAGTTCC,0
GACAGGATACCAATTC,0
GACAGGCAACATATAA,0
GACAGGCACTCCCCAA,0
GACAGGCGTAAGCGTG,0
GACAGGTTAGTTCTTA,0
GACAGTACTGATGCAA,0
GACAGTAGGAATAGTC,0
GACAGTAGTTCAGGTA,0
GACAGTCCCTCGTTTT,0
GACAGTTAAAACAACA,0
GACAGTTGGAATGACC,0
GACAGTTTCTTGAAAT,0
GACATAAAAAAAAGTG,0
GACATAAAAACCTCAA,0
GACATAAAAGATACCC,0
GACATAAACTCTACCT,0
GACATAAAGGAAATTG,0
GACATAAGCTATATCA,0
GACATAATATGTACCA,0
GACATAATCGGAAGAA,0
GACATAATGACCAACA,0
GACATAATGACGTATA,0
GACATAATGCATTACA,0
GACATACAAGAAAGTC,0
GACATACAGTATTCAG,0
GACATACCGCTACCTT,0
GACATACGTGAGAATA,0
GACATAGTGGGACGTT,0
GACATAGTGTACTCGG,0
GACATATACTCCAGGA,0
GACATATGCCGCACGA,0
GACATCAAAAAAAGGA,0
GACATCAAACACAGTG,0
GACATCAATTAAACCG,0
GACATCACACAGAACC,0
GACATCACAGAACACT,0
GACATCACTATTCGCC,0
GACATCGGGAAAAAAC,0
GACATCTCAACAATGC,0
GACATGATCAAAATGA,0
GACATGATCCAGCTAG,0
GACATGCGAATACTGT,0
GACATGCGGTACCGGA,0
GACATGCGTATAATCT,0
GACATGTTAAAAACAC,0
GACATTCTTTAAAGAA,0
GACATTGATACGATTT,0
GACATTGCAAGCGCAA,0
GACATTGGTCTTAACC,0
GACATTTTCTTAAGTT,0
GACATTTTTATAACGA,0
GACCAAAAAAATCCAC,0
GACCAAAACTTTGAAT,0
GACCAAAAGAGTATGC,0
GACCAAAATAGGTCTC,0
GACCAAAATCATAGCC,0
GACCAAACGCCATTTG,0
GACCAACCAGATAACA,0
GACCAACGTCGCCCCG,0
GACCAACTAGGAGTGG,0
GACCAACTGTATATAG,0
GACCAACTTTGAACTT,0
GACCAAGAATAAACCA,0
GACCAAGAGGGTCAAG,0
GACCAAGCAATGTAGA,0
GACCAAGGAACACCGA,0
GACCAAGGAGAGAAAA,0
GACCAATATCTCATGA,0
GACCAATCAGAAAATA,0
GACCAATGACGTGCAC,0
GACCAATTTCATCAAT,0
GACCACAACACCCCTG,0
GACCACAAGAGAAGAA,0
GACCACAAGTTTGCGC,0
GACCACATATCAACTC,0
GACCACATTATATCAT,0
GACCACCCATGAGAAC,0
GACCACCTGAAATTAA,0
GACCACCTTGGACGGA,0
GACCACTAATGATTAT,0
GACCAGAAACCCATCA,0
GACCAGACAAGTTTAA,0
GACCAGATACCACCCA,0
GACCAGATACTACTAA,0
GACCAGCCACTAGGCC,0
GACCAGCTATTAACCC,0
GACCAGGAAGCAATAC,0
GACCAGTATCACCCAG,0
GACCAGTCAAGTCCGG,0
GACCATAAATCCCAAA,0
GACCATATGGCGTTGG,0
GACCATCCGTCTGACC,0
GACCATGGTCACTAAC,0
GACCATGTCAATAGCG,0
GACCATTAACTCACAT,0
GACCCAAAAGAACACC,0
GACCCAATTAGGCCAT,0
GACCCAATTGATACAA,0
GACCCACCTGTTTTCT,0
GACCCAGACTCGCTAA,0
GACCCATACCTCCGAC,0
GACCCATGTACGAGAC,0
GACCCCAAAAATCAAC,0
GACCCCATAGAGATGG,0
GACCCCCAAGAACATC,0
GACCCCCCCACTAACA,0
GACCCCGAACATGTCC,0
GACCCCTAACAACATA,0
GACCCCTCTAGTATTT,0
GACCCCTGGAAACGTA,0
GACCCCTTACGTAAAC,0
GACCCGAAACAGCGAA,0
GACCCGACAACGCATT,0
GACCCGCATGCATAAA,0
GACCCGGCTTAGGGCG,0
GACCCGGGCGAATCAA,0
GACCCGTAGCACGGCT,0
GACCCTACAACAACCG,0
GACCCTCAAAACCCTA,0
GACCCTGTGCGCATTC,0
GACCCTTAACAGCAGC,0
GACCCTTGGTCTACGG,0
GACCCTTTAACTACTA,0
GACCCTTTCATGGAAT,0
GACCCTTTTATCTATA,0
GACCGAAACTAACTCA,0
GACCGAAAGATCGAAA,0
GACCGAAGGCAGCCTA,0
GACCGACCAGAATCAT,0
GACCGAGAAATTAACA,0
GACCGAGCATCAAGCA,0
GACCGAGTAAGATCGG,0
GACCGAGTTAAGTCTT,0
GACCGATCTGCTGTCA,0
GACCGCACACCGGTTT,0
GACCGCATATATCCTC,0
GACCGCTTAAAATCAC,0
GACCGGACAACCTATT,0
GACCGGACCAATAGCA,0
GACCGGTACTTGCGAG,0
GACCGGTATTTTCACG,0
GACCGTAGAGTACTAA,0
GACCGTAGTACCGCTC,0
GACCGTATCATCAGGA,0
GACCGTGATGTCGATA,0
GACCGTGATTCATATT,0
GACCGTTAAGTTGAAC,0
GACCGTTTATAACCAA,0
GACCGTTTCTGGAATG,0
GACCGTTTGAACTTTA,0
GACCTAATAAACTGAA,0
GACCTAATACTGAAAC,0
GACCTAATTAAAGTTC,0
GACCTAATTTAGACTG,0
GACCTACACTAGCCTT,0
GACCTACTATACTGAA,0
GACCTACTTCACGCAT,0
GACCTAGAGGACCATA,0
GACCTAGCACGATTAT,0
GACCTAGGTCGAGTCC,0
GACCTATATACAACCC,0
GACCTATGAGCCGAGT,0
GACCTATGCTTTTGAG,0
GACCTATTTATTTCTG,0
GACCTCAACGTCTACT,0
GACCTCGACGTCACAT,0
GACCTCGATCTGTGAT,0
GACCTCTCATCGGTAT,0
GACCTCTCCGTGAAGA,0
GACCTCTCGATAGTTT,0
GACCTGACATTCGCAA,0
GACCTGCGGTATTAAA,0
GACCTGCTTCAGCACC,0
GACCTGGGTAACTAAG,0
GACCTGTAACAAGATT,0
GACCTTAATTGAGTCC,0
GACCTTCGAATTGTTG,0
GACCTTGTATACGTAT,0
GACCTTTTATCTTGGG,0
GACCTTTTTGTGCTCA,0
GACGAAAACAATCGGG,0
GACGAAAAGCCTTCGT,0
GACGAAAAGTGCAACA,0
GACGAAACCAACCTAG,0
GACGAAACTAGCTCGA,0
GACGAACTCAGGCCAA,0
GACGAACTCTAAAATA,0
GACGAACTGTGGTACT,0
GACGAAGATAGTGAAA,0
GACGAAGCGTCCAGGT,0
GACGAATGAATGATAT,0
GACGAATGGACACAAC,0
GACGACCTTAAGCCTA,0
GACGACGGCGATTGCC,0
GACGACGGGGGCCAAC,0
GACGACTCTAAACCTA,0
GACGACTGTTCCAGTT,0
GACGACTTATAGAAAC,0
GACGAGAACACCCACA,0
GACGAGAACTTTGCAA,0
GACGAGAGGTAACAAC,0
GACGAGCCCAAAGAGA,0
GACGAGCGCCTTAGAA,0
GACGAGGCCTCCATAT,0
GACGAGGGGACTGTTG,0
GACGAGTATAGCACCC,0
GACGAGTCGCAGTTTG,0
GACGAGTCGTTCCAAA,0
GACGAGTCTAGTTATA,0
GACGATAACAATATGA,0
GACGATACTTAAAAAA,0
GACGATATTGCATATC,0
GACGATATTTACGCAC,0
GACGATCACATGATCT,0
GACGATCCAATCCATA,0
GACGATCCTCCGGTTG,0
GACGATTCTATAACCT,0
GACGCAAAAATATGGC,0
GACGCAAGTCCACCTT,0
GACGCAATAGTGACAA,0
GACGCACAATGGACCT,0
GACGCACTGAAACAGG,0
GACGCAGACCAGTGCT,0
GACGCATCATTCAGAA,0
GACGCATTAAATCCGA,0
GACGCATTGGCGAAAC,0
GACGCCCTGCACCTCG,0
GACGCCGGAAATACAG,0
GACGCCTAGTAAAGAC,0
GACGCGACTATACTAG,0
GACGCGATACTAGAGA,0
GACGCGATTATAAGTT,0
GACGCGTACATGCCTG,0
GACGCGTACTCAAACA,0
GACGCGTGTCCTTAAG,0
GACGCTATAATTTAGA,0
GACGCTGACTAATTCG,0
GACGCTGTAAAGTCAT,0
GACGCTTGTAAACAGA,0
GACGCTTTACCAATCA,0
GACGCTTTATAAAATT,0
GACGGAAATAAACTCG,0
GACGGAACAAGAGCGA,0
GACGGAATGTAAAACA,0
GACGGAGTATCCCTGA,0
GACGGATTCGTCAACC,0
GACGGCAAAAAGTAGA,0
GACGGCAAAATGCGCC,0
GACGGCAAGGCCTATA,0
GACGGCACTGCTTGAA,0
GACGGCAGAAATAAGT,0
GACGGCATCATGTTAC,0
GACGGCCAATAAAGAG,0
GACGGCCTATACTCAT,0
GACGGCGGCCGACCTA,0
GACGGCTCGTCCTAAC,0
GACGGGAGTCATTAGT,0
GACGGGATCGGAATAT,0
GACGGGCATATTTCAA,0
GACGGGCCTGTCCACA,0
GACGGGTTTTGGCGGG,0
GACGGTACACATACAC,0
GACGGTTACAATTCCT,0
GACGGTTATAAAAAAC,0
GACGTAAACTCGACCT,0
GACGTAAAGGAAGAGA,0
GACGTAACCTTCAGCG,0
GACGTAACTATCATCG,0
GACGTACTCTGACTCT,0
GACGTACTTCTAATAC,0
GACGTAGTATAATGGT,0
GACGTATAATACTTAT,0
GACGTATACTAAAGTC,0
GACGTATTTGAAAGGA,0
GACGTCCAAGATCATG,0
GACGTCGCACTCGGTG,0
GACGTGACAAAATTGC,0
GACGTGCAGAGCTGCA,0
GACGTGCATAAATCAA,0
GACGTGCCTTAAGAAA,0
GACGTGGATAAAACAA,0
GACGTGGCCAATATAC,0
GACGTTAAAAAGCCCC,0
GACGTTAGCCTGGATA,0
GACGTTCCAGAGGTCT,0
GACGTTCCTTTTGGCC,0
GACGTTGTCTGATCAT,0
GACGTTTGCTATTACG,0
GACTAAAAGCGCCAGC,0
GACTAAAATCAGGGTA,0
GACTAAACACCTTCAA,0
GACTAAACTGACTAAC,0
GACTAAAGAAGGCAAT,0
GACTAAAGATTGTCCA,0
GACTAAATAAGGACAA,0
GACTAAATGCAAGTAA,0
GACTAACATAGAGAAC,0
GACTAACATCGAATGA,0
GACTAACTGTTGACTG,0
GACTAAGTAGCACGGT,0
GACTAATAACTCATAA,0
GACTAATAAGCATGTA,0
GACTAATACAAAGGCG,0
GACTAATATTCAATAA,0
GACTACAGAGAAGCTG,0
GACTACGCATTATTTT,0
GACTACTGTAGGAACA,0
GACTAGAAAACTCCCT,0
GACTAGAAACGCCAGA,0
GACTAGAAGAGTCTCA,0
GACTAGATATGCAAAT,0
GACTAGATCGAAAAAG,0
GACTAGCACCAAAGAT,0
GACTAGGCTATAAATC,0
GACTAGTATGATGGAT,0
GACTATAACATTTAGT,0
GACTATACAAAATACA,0
GACTATATAAAGACAG,0
GACTATATACATTGAA,0
GACTATATAGGGTCCG,0
GACTATATAGTTTGAT,0
GACTATATCAAATTTA,0
GACTATCGACATAATC,0
GACTATCTAATAGTAT,0
GACTATTAATGCCCGA,0
GACTATTAGTATATCC,0
GACTCAAAAAGCGACC,0
GACTCAAAATAAGATC,0
GACTCAAAGACCGGGC,0
GACTCAATGCAAGACT,0
GACTCACATCACCGCG,0
GACTCACCATTAGATC,0
GACTCACCCTCGAGGA,0
GACTCACTTACTTTCA,0
GACTCAGTATGGATCC,0
GACTCAGTTAGTAACA,0
GACTCATACGCTTAAA,0
GACTCATAGGCTCCCT,0
GACTCATAGTACGAGT,0
GACTCATCTCGTCTCA,0
GACTCATTATCTCAAA,0
GACTCATTGTGATACG,0
GACTCCCACAATCTTC,0
GACTCCGAATACGGTA,0
GACTCCGGAATCGAAA,0
GACTCCGTCCTGGGTA,0
GACTCCTAAAAAATAG,0
GACTCTAAGGAGGAGT,0
GACTCTACTAAGAAAA,0
GACTCTATGTGTTAAC,0
GACTCTCGAATCGGTA,0
GACTCTGCCCCTATAC,0
GACTCTGGAGTTAAAT,0
GACTCTTAAGACAGTC,0
GACTCTTAAGCAGTGA,0
GACTCTTGCTTGACGG,0
GACTGAAAGCGTGCAG,0
GACTGAATACACAGTA,0
GACTGACCATCGCTGA,0
GACTGACCTGCCGACA,0
GACTGATAAGATGTCC,0
GACTGCATTACGAGGT,0
GACTGCGATACGAAGG,0
GACTGCGCAACTATAC,0
GACTGCTATCTATAAT,0
GACTGTAAAATTCTAA,0
GACTGTAACAAATTCT,0
GACTGTAGACAAGAAA,0
GACTGTATAATACTGA,0
GACTGTCAGACCTTTG,0
GACTGTTTTGATGTTA,0
GACTTAAAAATCCAGA,0
GACTTAATTCCATCCT,0
GACTTACAATACACGT,0
GACTTACACTCTCCTC,0
GACTTATCAGAGGTAT,0
GACTTCAAAAAAAGAC,0
GACTTCATATGTAAAA,0
GACTTCCAGTAAGTGA,0
GACTTCCCAAGCAGCA,0
GACTTCCCTGTAAACC,0
GACTTCCTGTTGGTCA,0
GACTTCGAATGAAGCG,0
GACTTCTAGCCGCTTC,0
GACTTCTTCAACTACA,0
GACTTGACCAGACATG,0
GACTTGAGGGTCTGAG,0
GACTTGATTCCATTAA,0
GACTTGTATAGGTCGA,0
GACTTTAAACGGACAT,0
GACTTTACAACCTTCC,0
GACTTTATGCAATTAC,0
GACTTTTTATCCCTAA,0
GAGAAAAAATAAATAA,0
GAGAAAAAATAGTGGA,0
GAGAAAAACGACATGT,0
GAGAAAAATCATCGCT,0
GAGAAAAGAAATGATC,0
GAGAAAATAAATAATA,0
GAGAAAATAGAGCGCC,0
GAGAAAATTATAACCT,0
GAGAAAATTGGGGGCG,0
GAGAAACACGGGCGCA,0
GAGAAACCATCAACGC,0
GAGAAACGAAAAGATC,0
GAGAAACGACAAATTC,0
GAGAAACTCAAAATAA,0
GAGAAACTTACCTAAA,0
GAGAAAGAAACAGCAC,0
GAGAAAGACGACTGAG,0
GAGAAAGATGAGTGGA,0
GAGAAAGGACGTAGCA,0
GAGAAAGTTGTCGGTC,0
GAGAAAGTTTATTGTA,0
GAGAAATAAAAACTGA,0
GAGAAATGATGGAAAC,0
GAGAAATTGCCATAAA,0
GAGAACAAATTTAGAG,0
GAGAACAATGCGCTCA,0
GAGAACACACCTAATA,0
GAGAACACCGAAGAAA,0
GAGAACATGGGAAAAG,0
GAGAACATTGACAGCC,0
GAGAACCAACGAAGTG,0
GAGAACCAGCCCTTGT,0
GAGAACCATCCGCTGG,0
GAGAACCCTACCAAAG,0
GAGAACCGCAATTACA,0
GAGAACCGCCATATAC,0
GAGAACCGGAAACGCA,0
GAGAACGAAAATGGGC,0
GAGAACGTTTCCTATT,0
GAGAACTAGATGTATG,0
GAGAACTCGGAGAAAG,0
GAGAACTTAAATTAGT,0
GAGAACTTTGATAAAC,0
GAGAAGAAGCCACAAA,0
GAGAAGACAACTCACA,0
GAGAAGACTAAAATTT,0
GAGAAGATTAAGAACA,0
GAGAAGCCCTCTGGCA,0
GAGAAGCGACAACCAT,0
GAGAAGGTATATCGAA,0
GAGAAGTCAATTTATT,0
GAGAATAGAAAAGAAA,0
GAGAATAGCACCCAAA,0
GAGAATAGTAAAGACG,0
GAGAATATAAAACAGA,0
GAGAATATTCTTAGGA,0
GAGAATCAGCGTCAAT,0
GAGAATCCGGACGACC,0
GAGAATCGAAAAAATA,0
GAGAATCGCCCGCAAG,0
GAGAATCTAAATGTAA,0
GAGAATGGCTGTTTTG,0
GAGAATTAACACTAGC,0
GAGAATTCACTCTTAA,0
GAGAATTCTTAAAGGG,0
GAGAATTGACAATTGA,0
GAGAATTTGTAGGAAA,0
GAGACAAACATACAAA,0
GAGACAAACGAAATGA,0
GAGACAAGTTGCACGA,0
GAGACACTATGTTATT,0
GAGACACTGCTTGATA,0
GAGACAGATAGTATTG,0
GAGACAGGATACAAAC,0
GAGACATACGATACAC,0
GAGACATATTTAATGT,0
GAGACATCATATGACC,0
GAGACATGGTGGCGCC,0
GAGACCACGACTATTG,0
GAGACCGAAACTCAGA,0
GAGACCGAAGTCTGGC,0
GAGACCTACGCCCAAC,0
GAGACCTTAAATGTAA,0
GAGACGAAGCACCTAG,0
GAGACGCCAAATCAGC,0
GAGACGCCCAGGCAAC,0
GAGACGCTAGATGTGC,0
GAGACGTATTGTTGCA,0
GAGACTAACTAAGAAC,0
GAGACTAAGGACAGAA,0
GAGACTAGATCAATCG,0
GAGACTCTAGACCTTT,0
GAGACTCTCGGATATA,0
GAGACTGAAAATGTGA,0
GAGACTGCGATCAAGA,0
GAGACTGGTATTGACA,0
GAGACTGTCAGGACAG,0
GAGACTTGACGGCAGA,0
GAGACTTTAATACTCC,0
GAGAGAACGCGCCAAT,0
GAGAGAAGAGCCATAG,0
GAGAGAAGCTGATTTA,0
GAGAGACGAACTGAAG,0
GAGAGACTTAAAAGAA,0
GAGAGAGATACTGGAG,0
GAGAGAGCACTTAACG,0
GAGAGAGTAAAGAAAG,0
GAGAGAGTAGCTGAGA,0
GAGAGATATAACAAAT,0
GAGAGATTGAAAAAAT,0
GAGAGCACGAGAGCAA,0
GAGAGCAGGCAGAAAT,0
GAGAGCGTTACCATAT,0
GAGAGCTTCAAATGAA,0
GAGAGGACCTACGAAA,0
GAGAGGATGAAACCTA,0
GAGAGGCGGACGCTAA,0
GAGAGGGCGTTACTAA,0
GAGAGGTAATCGACTG,0
GAGAGGTGATGTTTAA,0
GAGAGTATCTAAGCAA,0
GAGAGTATGGACCCAG,0
GAGAGTATTATTTAAC,0
GAGAGTGATGGATCTG,0
GAGAGTGTGATTCGCG,0
GAGATAAAAAACCACT,0
GAGATAAAACTGGAGA,0
GAGATAACCCCAAAAA,0
GAGATAACGCACTGAG,0
GAGATAATGCATCCAT,0
GAGATACCAAATGACT,0
GAGATAGCGATGAACA,0
GAGATAGGCACGAGCC,0
GAGATCACCTATTCAT,0
GAGATCAGACCCATAT,0
GAGATCCTTTTAACAC,0
GAGATCTAACTATGGA,0
GAGATCTAGCATACCT,0
GAGATCTCAAATGGTA,0
GAGATGAACGTTCCTA,0
GAGATGATAGTCTAGT,0
GAGATGCCCTCATGAC,0
GAGATGGGCATACCGA,0
GAGATGTCAACCTCTC,0
GAGATGTTGTCCTACA,0
GAGATTAAGATAATAC,0
GAGATTAGCTTAAAAT,0
GAGATTATACGGTATA,0
GAGATTATCATTAACA,0
GAGATTCATTACGGTG,0
GAGATTCGAAGACTCG,0
GAGATTCGAATATGCC,0
GAGATTCTTATATCCT,0
GAGATTGAAAAACTTA,0
GAGATTGAACATATAT,0
GAGATTGCTACGCCAA,0
GAGATTGCTCACAACT,0
GAGATTGGTTTGGGAG,0
GAGATTGTTAAACCTA,0
GAGATTTAACTTAACT,0
GAGATTTATATTTCAT,0
GAGATTTCAGATGTAG,0
GAGATTTTCGAAAATA,0
GAGATTTTTGACCAAC,0
GAGCAAAAAAGAGCTA,0
GAGCAAAAAATTCTCT,0
GAGCAAAAGCGACCAA,0
GAGCAAAATTTACTAT,0
GAGCAAAGAATACTAC,0
GAGCAAATTGTCAAGA,0
GAGCAACAACGGTCCG,0
GAGCAACCCACTTTTA,0
GAGCAACCGCTCAGAA,0
GAGCAAGAACTACTGC,0
GAGCAAGATGGTATAT,0
GAGCAAGGATTCAGCC,0
GAGCAATACATCCACC,0
GAGCAATATTAGAAAT,0
GAGCAATCGCAATGGA,0
GAGCAATTCGCCTAAG,0
GAGCACAAGATAATAT,0
GAGCACAAGGAACACG,0
GAGCACAGAATACAAA,0
GAGCACAGCATATAAC,0
GAGCACCCAACGAACC,0
GAGCACGACCAAGTTT,0
GAGCACGATCTCTTTA,0
GAGCACGGTAAGGTAC,0
GAGCACGTGACATTGT,0
GAGCACGTTAGTTTCA,0
GAGCACTAGTAAGTTT,0
GAGCACTATAATACAT,0
GAGCACTGCCGATAGT,0
GAGCACTTAATAGCAG,0
GAGCACTTTAAATATC,0
GAGCAGATTAGACCTA,0
GAGCAGCAGGACCTTT,0
GAGCAGCGGTGGCAAG,0
GAGCAGTCGTGGTTTC,0
GAGCATAAAAAGAATA,0
GAGCATATAAAGTGAT,0
GAGCATCCAGAATAAT,0
GAGCATCCGCATCTAC,0
GAGCATCTAGTCAGGT,0
GAGCATCTGACATAAG,0
GAGCATGAAAATTAAA,0
GAGCATGATTGACGTT,0
GAGCATTCAAGCAACC,0
GAGCCACATCCCTTCC,0
GAGCCAGACAAGCATA,0
GAGCCAGACGGTGTTC,0
GAGCCATATGGCATAG,0
GAGCCATGCCTAAGGC,0
GAGCCATGTCAGGCTT,0
GAGCCCAAGACACAAT,0
GAGCCCACGACAATTA,0
GAGCCCGAACATTCCC,0
GAGCCCTATTCATCTT,0
GAGCCGAATGAATTAC,0
GAGCCGATCCACCCAG,0
GAGCCGATCTAACCCC,0
GAGCCTAGAGTCAACC,0
GAGCCTCTAACACATT,0
GAGCCTTCCAGTTCCA,0
GAGCCTTCTGGGTGTT,0
GAGCCTTTAATAACGG,0
GAGCGAAATGCGAAAT,0
GAGCGAACATATAACT,0
GAGCGAACCGAATTGA,0
GAGCGAATATAAGATA,0
GAGCGAATGGAACTAC,0
GAGCGACAACGAAAAC,0
GAGCGATTCTTAAATA,0
GAGCGCATCTCCCAAT,0
GAGCGCCTATAATGGG,0
GAGCGCTCACACAAGA,0
GAGCGCTTATAGAGGC,0
GAGCGCTTGTATAATG,0
GAGCGGAAAACTATCG,0
GAGCGGAACTTGTCAC,0
GAGCGGAGCGGGTTTC,0
GAGCGGCATATTAGAA,0
GAGCGGCGTCAGAAAA,0
GAGCGTATGCCGCGTA,0
GAGCGTCAATAGAATT,0
GAGCGTCTCGATGGAG,0
GAGCGTTATCATCAGG,0
GAGCTAACACTCCTAT,0
GAGCTAAGAAGTTCTA,0
GAGCTACCGAAAAATC,0
GAGCTACTCACCCCAC,0
GAGCTACTTGGAGTGA,0
GAGCTAGCTTCACAAG,0
GAGCTATTCATACCTT,0
GAGCTCAGTCAATAGT,0
GAGCTCGATATATAAA,0
GAGCTCGTACACAGAA,0
GAGCTCTGAAAGAAGA,0
GAGCTCTTTCTCAGTA,0
GAGCTGCAGTTCCAGC,0
GAGCTGCGCGATGGTA,0
GAGCTGGCACTTCCTC,0
GAGCTGTATAACACCC,0
GAGCTGTGATACCGAT,0
GAGCTTAAATCTGCCG,0
GAGCTTTGATAGATTG,0
GAGCTTTTTGACGCCT,0
GAGGAAAGTAACCACG,0
GAGGAAATAAATGGCG,0
GAGGAAATCATAGCGC,0
GAGGAACACGAATCAA,0
GAGGAACGACTTAGTT,0
GAGGAATATCCTGTAA,0
GAGGAATGACATTAAA,0
GAGGACATAGCGATCA,0
GAGGACCACAAGCGAC,0
GAGGACCGTGTGCGGA,0
GAGGAGACAAACCGGA,0
GAGGAGACAGTTCATC,0
GAGGAGCGTTCGCAGG,0
GAGGAGGACGCGTAGT,0
GAGGAGGCGTGCCTTT,0
GAGGAGTCCAAAAAGG,0
GAGGATAATACTTCCG,0
GAGGATATACACATTA,0
GAGGATATCGGTTTAT,0
GAGGATCAAACACACC,0
GAGGATTAACCTTACC,0
GAGGATTGAACGTCAG,0
GAGGCAACAATCGATT,0
GAGGCAATACAAGTTT,0
GAGGCAATATTGAACT,0
GAGGCACATCAAGAAA,0
GAGGCACTGAAATTTT,0
GAGGCATTTCATTAGC,0
GAGGCATTTGTGGACC,0
GAGGCCAAATTCTCAC,0
GAGGCCAAGCCTAAAA,0
GAGGCCATAAACAACT,0
GAGGCCGCATTAGGTC,0
GAGGCCGTGCTACTAG,0
GAGGCGCGAAGATGTG,0
GAGGCGTAAAAAGCGG,0
GAGGCGTAGAAAGCGG,0
GAGGCGTCCTAACATA,0
GAGGCGTTTCCAATAT,0
GAGGCTACGCCGTCGA,0
GAGGCTCTAAAAAGTA,0
GAGGCTGCAGCCCAAA,0
GAGGCTGTGTGCATTT,0
GAGGGAATTTAATTGG,0
GAGGGACCTACTTAGC,0
GAGGGACGCTACTACC,0
GAGGGAGATAGTTCTG,0
GAGGGAGTGAACCCTG,0
GAGGGAGTGCACCAAA,0
GAGGGATTAAGTTGCC,0
GAGGGCACCACGGATA,0
GAGGGCCCCAACAAAC,0
GAGGGCCTATAAGCCG,0
GAGGGGAAAAGCGAGA,0
GAGGGGATACAGAGTC,0
GAGGGGCATACAAAAG,0
GAGGGTAGGAGTACTC,0
GAGGGTAGTAAATTAA,0
GAGGGTCCTCAGTACC,0
GAGGGTTAACGCCGTA,0
GAGGGTTCTTCAGATC,0
GAGGGTTTGAGGAAAG,0
GAGGTAAACCTAAAAG,0
GAGGTAATATGTGATT,0
GAGGTACAGATGAAAT,0
GAGGTACCTGAGTCAT,0
GAGGTATACAGACTAT,0
GAGGTCAAATAAACTG,0
GAGGTCAGATGCTTAG,0
GAGGTCATACCACAGC,0
GAGGTCATACGAACAC,0
GAGGTCGTAATTGAGA,0
GAGGTCGTAGAGATTT,0
GAGGTGAATGCTAAGT,0
GAGGTGACGCTAATAT,0
GAGGTGGAAACGACTA,0
GAGGTGGTCTGCTAAG,0
GAGGTTAATCGTATCC,0
GAGGTTATCGCCAAGA,0
GAGGTTTATGTCCTCC,0
GAGGTTTTGGACAAAT,0
GAGTAAAACTATTTAA,0
GAGTAACCCGTTCTCC,0
GAGTAACTATCCTCGA,0
GAGTAACTCGCTTCGA,0
GAGTAACTTTTACCTT,0
GAGTAAGCAAATCACC,0
GAGTAATAGGTAATGA,0
GAGTAATATACGAATT,0
GAGTAATGTGGAAATG,0
GAGTACAAATGATCAC,0
GAGTACAATGGTAAGC,0
GAGTACAATTAGTAGT,0
GAGTACACGGGCGAAA,0
GAGTACAGCGAGTATT,0
GAGTACATTAGCAATA,0
GAGTACCAAACAGAGA,0
GAGTACCAGTGGGACG,0
GAGTACCATATGATTC,0
GAGTACCATGGAATAG,0
GAGTACCCTAGATTGT,0
GAGTACGATCCGGCGC,0
GAGTACTACTCAAAGA,0
GAGTATAAACACTTTA,0
GAGTATAAAGTGTCAC,0
GAGTATACCAATTCCA,0
GAGTATCATGTTGGTA,0
GAGTATCCACCCACAC,0
GAGTATCCTGCTAGGC,0
GAGTATCTGATACCAC,0
GAGTATGTCTGTACCA,0
GAGTATTAAAACCGCA,0
GAGTATTCATACGTCC,0
GAGTATTCCGACCCAA,0
GAGTATTTAAAACAAA,0
GAGTCAAGTACGACAT,0
GAGTCACTTAACAATT,0
GAGTCAGTCTTTAGCT,0
GAGTCATAGACCTACC,0
GAGTCATGTCCATTCA,0
GAGTCATTCACCACTT,0
GAGTCCAGACCGAGTT,0
GAGTCCGGATCAAATT,0
GAGTCGGACTAAGGCC,0
GAGTCGGTCGCTGCTT,0
GAGTCTAACAAAATAT,0
GAGTCTAACACTATAT,0
GAGTCTAAGATCCATA,0
GAGTCTCTGGTGATAC,0
GAGTCTTAGTGAATTA,0
GAGTCTTTACATTGAA,0
GAGTGAAAACCACTCG,0
GAGTGAAAAGCATTAC,0
GAGTGAATAGGTTCCA,0
GAGTGACAGATCTTAA,0
GAGTGACCTGAAGCCA,0
GAGTGAGATAGCAAAA,0
GAGTGCAAAGCCACTG,0
GAGTGCACGGGGTGCA,0
GAGTGCATGGTAGTTA,0
GAGTGCCAACAGCCGA,0
GAGTGCCGATATCAGT,0
GAGTGCCGATGCACGA,0
GAGTGGAAAACTCACT,0
GAGTGGACGCCAATTT,0
GAGTGGAGCGTTGATA,0
GAGTGGCTGTACCAGC,0
GAGTGGTAGTGTCCCC,0
GAGTGGTTCACAGACA,0
GAGTGTCCTAAAACAG,0
GAGTGTGCCACAACCT,0
GAGTTAAATGCGATCA,0
GAGTTAACAGGTAGCA,0
GAGTTAACCATCAGGT,0
GAGTTAAGAGTAAACC,0
GAGTTACAGTTTTTTA,0
GAGTTAGAAACCACGC,0
GAGTTAGAGAAAATCA,0
GAGTTATATACCCACA,0
GAGTTATTCACCACTT,0
GAGTTCAGTTCTACCC,0
GAGTTCATAAATAGAC,0
GAGTTCATATGACAAC,0
GAGTTCTCTGTGGCAA,0
GAGTTGAAAAAACCGA,0
GAGTTGAAATAACAGG,0
GAGTTGTGAAGAAAAC,0
GAGTTGTGATATCGCA,0
GAGTTGTGGGCTTACA,0
GAGTTTAGCTAAATAT,0
GAGTTTGAACTACTGA,0
GAGTTTGACACACACA,0
GAGTTTGATAGTCGAC,0
GAGTTTGCAAAAAGGC,0
GAGTTTGTAACCAAAT,0
GAGTTTGTATGGATAA,0
GAGTTTTACAAACCCT,0
GATAAAAAAAATAAGA,0
GATAAAAATATGAATG,0
GATAAAACATCTGGGA,0
GATAAAACGAAGAGTA,0
GATAAAACGAGAACGC,0
GATAAAACGGTCGGCA,0
GATAAAACTGCTCAGG,0
GATAAAATGCTAACTA,0
GATAAAATGTTTCACA,0
GATAAACAAATATTAA,0
GATAAACACACACTTT,0
GATAAACATACAAGTC,0
GATAAACCCACAACAT,0
GATAAACCCCAACAAC,0
GATAAACCTTCGTGTA,0
GATAAACGAGTACAAG,0
GATAAACTAAAGATGT,0
GATAAACTATATTAAT,0
GATAAACTGAATTGCT,0
GATAAAGAGGGTGTCC,0
GATAAAGGCCGCTACT,0
GATAAAGGTCGTTTAA,0
GATAAAGTCCATGCCA,0
GATAAATAGACGAACC,0
GATAAATCGTGACTGA,0
GATAAATGCTCACAAA,0
GATAAATGGGTACCCC,0
GATAAATTCTAGACTG,0
GATAACAACAACAGCA,0
GATAACCAGGGTGTAC,0
GATAACCCAAAAGCGA,0
GATAACCGAAGGCGTA,0
GATAACCTGCAATAAA,0
GATAACGATTTGCTGA,0
GATAACGTAAAGATAT,0
GATAACGTGGAAAAGG,0
GATAACTAGCCTTTGG,0
GATAACTCGTATTATT,0
GATAACTTCGCGATAG,0
GATAAGAAGCAAACGT,0
GATAAGAGCAATGTAA,0
GATAAGATGTATATGC,0
GATAAGATGTTAAAAT,0
GATAAGCCGAGCACCT,0
GATAAGCTACATCTAA,0
GATAAGGGTGTGAAAA,0
GATAAGTAATCAGAAT,0
GATAAGTATCTTTAAC,0
GATAAGTTACTTCAGA,0
GATAATAAAATTACTA,0
GATAATAAAGATATAA,0
GATAATAAAGGCATAG,0
GATAATAAATGACGCA,0
GATAATAACGTATTAA,0
GATAATACAAGACCTC,0
GATAATACGCAAAACT,0
GATAATAGTACAGAAT,0
GATAATATAAGTAGGT,0
GATAATATGAATAGTG,0
GATAATCAGATTAGCG,0
GATAATCCGAGAGCGC,0
GATAATCGCGAAAAAC,0
GATAATCGTATTTCAA,0
GATAATCTATAATTGG,0
GATAATGACACTTAGT,0
GATAATGACTAATCAA,0
GATAATGTAAACGTTT,0
GATAATGTTAAAAGTA,0
GATAATTACCAAAAAA,0
GATAATTGCAGTTCAG,0
GATAATTGCTCATCGG,0
GATAATTTAGACATTG,0
GATAATTTATGTGTAG,0
GATACAAATCTAGTAG,0
GATACAACAGAAAAGT,0
GATACAAGGGTATACG,0
GATACAAGTCTGCTTC,0
GATACAATATAAGCCA,0
GATACAATGCAATTTA,0
GATACACATAGTATGA,0
GATACACCAGCGCAGA,0
GATACACCCCTTCTGG,0
GATACACCCTGAGACA,0
GATACACTAAACAGAT,0
GATACACTGTAAGCCG,0
GATACACTTATTAACA,0
GATACAGGCACTGCTG,0
GATACAGGCCTGAACA,0
GATACAGTATAGAATG,0
GATACATCACGATCCA,0
GATACATCTAGCAAGC,0
GATACATGTTTATAAA,0
GATACATTACATAATA,0
GATACATTACGAACTG,0
GATACATTCTTCAATG,0
GATACCAAACATAATT,0
GATACCAATTTACTAC,0
GATACCAGTAACACCA,0
GATACCCCATATCTCG,0
GATACCGCAAAAATTA,0
GATACCGGAACACAAC,0
GATACCGGTTGAAACA,0
GATACCGTTAGAACCT,0
GATACCTCAGGAGAAG,0
GATACGAATCCCACAA,0
GATACGAATTTAAAGG,0
GATACGCGCTTTCTCT,0
GATACGCGGGCATACC,0
GATACGCTTGGAATTA,0
GATACGGCTTGCGCCA,0
GATACGGGATGGAAAG,0
GATACGTGCAACCGAT,0
GATACGTTATTGTAAG,0
GATACTAAACCTGATT,0
GATACTAAGGATCTGT,0
GATACTAATAACCGGA,0
GATACTACATCTAAGG,0
GATACTACCTGACAGC,0
GATACTACTATTCATT,0
GATACTAGGCTTGCCC,0
GATACTATATAAGACA,0
GATACTATGTTCTTCG,0
GATACTCAGATAAAAC,0
GATACTTAATACCTAC,0
GATACTTAGCCAGACT,0
GATACTTGACCTCTAA,0
GATAGAACTTACTATA,0
GATAGAATAATGCATA,0
GATAGAATCCCATTAA,0
GATAGACAATACACCC,0
GATAGACGAACTTGCT,0
GATAGACTTGGGTAGA,0
GATAGAGAAGACGATT,0
GATAGAGTGATGCGCT,0
GATAGAGTGTCCTGGA,0
GATAGATACTGAAAAA,0
GATAGATGAAAATAAT,0
GATAGATTGACCGGTT,0
GATAGCCTCTAATACA,0
GATAGCTCAAAACATG,0
GATAGGAACTTTCAGA,0
GATAGGCAAACATGCG,0
GATAGTAAACGAAATC,0
GATAGTAATTGTGATA,0
GATAGTAGGATGATGA,0
GATAGTATACAAACGA,0
GATAGTCGCATCCTAA,0
GATAGTCTGGAGCCAA,0
GATAGTTAAGCACTCT,0
GATAGTTAGAAAGAAA,0
GATAGTTATTAAAGAT,0
GATAGTTCAAAGTGAT,0
GATAGTTCGCACTCTC,0
GATATAAAGAAATGTA,0
GATATAACACTCAGCA,0
GATATAACGTACCATC,0
GATATACAAGAACTAC,0
GATATACAAGGCACCA,0
GATATACAGACCAGAA,0
GATATACATGAAACAA,0
GATATACCTTATCTTT,0
GATATACGCTGCGTAC,0
GATATACTCACCATAT,0
GATATAGTTCGCGAAT,0
GATATATAATGAAATC,0
GATATATAGAAACACC,0
GATATATGCAGTTCAG,0
GATATATTCCCAGTGC,0
GATATATTTTAGTGAA,0
GATATCAAGTACATTT,0
GATATCAGCTCAAACG,0
GATATCATATTGTTTG,0
GATATCCCCATGGATA,0
GATATCCTGAACCCTT,0
GATATCCTGGACTACT,0
GATATCGAGACCAAGA,0
GATATCTTCCATGCAC,0
GATATGAATAAAGACC,0
GATATGAGCATGACAC,0
GATATGCAAACATCTA,0
GATATGCAACCAAAAA,0
GATATGCCTGATACGC,0
GATATGCGCTTCGGCC,0
GATATGCTAGATCATA,0
GATATGGAAACGAGTT,0
GATATGGCGCCCCTAA,0
GATATGGTTTTATAAA,0
GATATGTCTCAAGAAT,0
GATATGTCTTAATTCC,0
GATATTACAATTCACG,0
GATATTAGTACGGTCA,0
GATATTATTTTTAAAA,0
GATATTCCCCACGTTT,0
GATATTGACCTGGCTT,0
GATATTGCATAAGGCC,0
GATATTGGACCAGATA,0
GATATTGGCTCCGCAC,0
GATATTGTTCATAAAG,0
GATATTTAAAAAAAAA,0
GATATTTGGTTATGGT,0
GATATTTTGTCACGTA,0
GATCAAAACTCCTTGA,0
GATCAAAATACACCAA,0
GATCAAACGATATGCG,0
GATCAAAGTAAAATAC,0
GATCAACAACGCGGAG,0
GATCAACTTCCTTGTT,0
GATCAACTTGTGTTCA,0
GATCAAGACGAAATTC,0
GATCAAGATTCTCGCA,0
GATCAATGTAAATAAA,0
GATCAATGTGAGATTC,0
GATCACAATTCGAATT,0
GATCACACTGTACGGC,0
GATCACATATACAAAC,0
GATCACATATATCAAC,0
GATCACATATTATAAA,0
GATCACATCTTACCTA,0
GATCACCACTAGACCG,0
GATCACCGTGAGAGAA,0
GATCACCTACATCACT,0
GATCACGAGAAATCAT,0
GATCACTCCCGTACTG,0
GATCACTCGCAATACA,0
GATCAGAGGCAACTAA,0
GATCAGATGTGCAGTC,0
GATCAGCAGTTTAGAA,0
GATCAGCTAACCCAGC,0
GATCAGCTTGATTAGG,0
GATCAGGACACATAAC,0
GATCAGGCACCCACTA,0
GATCAGTAAGTGCTTC,0
GATCAGTCCTTGCACT,0
GATCAGTGAGACGTCA,0
GATCAGTTCAGCAGTA,0
GATCATAAATACTGCC,0
GATCATCAGAAAACTC,0
GATCATGTTGCCTAAT,0
GATCATTATAACGCTG,0
GATCATTATACCTAAA,0
GATCATTGATGTGTGT,0
GATCCAAATTTAGGAG,0
GATCCAACCCGATGCT,0
GATCCACAAAAACGCG,0
GATCCAGAAAGACTAA,0
GATCCATAACCATTAT,0
GATCCATCAATATCCT,0
GATCCATCCAATATTC,0
GATCCATCCCAAATAT,0
GATCCATTTACACATA,0
GATCCCAAGTCGTAAA,0
GATCCCCACGAAGTCG,0
GATCCGATACCTAAAT,0
GATCCGGAGTTATTAT,0
GATCCTAAATCTAACG,0
GATCCTAAGTTTAACA,0
GATCCTCCATCTGACG,0
GATCCTCTGAATAATT,0
GATCGAAAGATTATCA,0
GATCGAAGGTGAAAAG,0
GATCGAATTGCTCAGA,0
GATCGAATTTAGTATA,0
GATCGACATGTATCTA,0
GATCGACGACCAAATA,0
GATCGACGCGACACGC,0
GATCGAGCACCGCTAT,0
GATCGAGCCGATGGAA,0
GATCGATAAAAACATA,0
GATCGCAGAATCCAAA,0
GATCGCATGAAGCACA,0
GATCGCTAGCCCTGAG,0
GATCGCTCATACTTTC,0
GATCGCTGCTACATTA,0
GATCGCTTCCTCCATA,0
GATCGGGACATGCGAA,0
GATCGGGAGCAGGACA,0
GATCGGGATCTAACCT,0
GATCGTAATTACAGCA,0
GATCGTACACGCTACA,0
GATCGTCAGGGTCTGC,0
GATCGTTAGTATGAGA,0
GATCTAACGTATCCTA,0
GATCTACACTAAAAAT,0
GATCTACCCTGCTAAG,0
GATCTACGCGAAAGAA,0
GATCTATCCGCAGGAG,0
GATCTCAATAACAAAA,0
GATCTCACATAAATCC,0
GATCTCAGTTCGGACT,0
GATCTCCAACAGACCA,0
GATCTCCAAGCCAGAT,0
GATCTCCCGGACATGG,0
GATCTCGCAATTAACC,0
GATCTCTGGTAATTAA,0
GATCTCTGTCGTCCAC,0
GATCTCTTAAATAGCA,0
GATCTGAATTAACCCA,0
GATCTGACGACAAAAT,0
GATCTGATCTAATCTG,0
GATCTGCAGCGAAGAA,0
GATCTGCGGTACGATA,0
GATCTGTCCTAATAGC,0
GATCTGTTCAAAATAG,0
GATCTTAACGGCATCA,0
GATCTTAATACCTTGG,0
GATCTTCCTGCATTAA,0
GATCTTGAACTTTAAA,0
GATCTTGCCGGATGTA,0
GATCTTGTCAGATGAT,0
GATCTTTAACCTCCTT,0
GATCTTTGAAACCAAA,0
GATGAAACAACGTAGT,0
GATGAAAGAATTTTAT,0
GATGAAAGTCGTAAGT,0
GATGAAATTCTTGATA,0
GATGAACAATACCCTC,0
GATGAACAATTAATAC,0
GATGAACGACTTTTCC,0
GATGAACGGGTGAAAA,0
GATGAACGTTAAAAAC,0
GATGAAGCACAACTAT,0
GATGAAGCTCGAGGGA,0
GATGAAGTCAAACGAG,0
GATGAATAAAAAGACT,0
GATGAATATTATTGAA,0
GATGAATGCCTCCTAG,0
GATGACACCCAGAAGA,0
GATGACAGATTTGACA,0
GATGACAGCAATCATT,0
GATGACATCGTACAAG,0
GATGACCAGTAAAGGT,0
GATGAGTAGTCCGGAT,0
GATGAGTTCCTGAATA,0
GATGATAACTCTCGTT,0
GATGATAATATTAGCG,0
GATGATACATGTCCGC,0
GATGATACGATTACAG,0
GATGATAGTAACGGTT,0
GATGATATGAGCCATG,0
GATGATATTGCAGAAA,0
GATGATCAAGCAATGC,0
GATGATGAATAGAATG,0
GATGATGATCAAAAAG,0
GATGATGCCCTCCATT,0
GATGATGGACTATTGA,0
GATGATGTTACGAGAC,0
GATGATTAAAGACTAT,0
GATGATTATACGCGTG,0
GATGATTGCTTTGATA,0
GATGATTTTAAATATG,0
GATGATTTTAGGTAAT,0
GATGCAAAAACGAAAG,0
GATGCAAACGAAAATG,0
GATGCAAGTTATCAAA,0
GATGCAATAGATTTGA,0
GATGCAATTAGGGTAT,0
GATGCACCAGTATAAG,0
GATGCACGAATAATGA,0
GATGCACGTGCGGCAG,0
GATGCAGAATTGACTT,0
GATGCATAACTATTGA,0
GATGCCAAGCCACACA,0
GATGCCAATTTAGTGA,0
GATGCCCAACGCTATA,0
GATGCCCCGCAACCAA,0
GATGCCTGACGATGTC,0
GATGCCTTGGTTGGCT,0
GATGCGCGCTCCATCA,0
GATGCGGCACCGAATC,0
GATGCGGGGATTCGAT,0
GATGCTAAACTGTATT,0
GATGCTAAGAAACTAT,0
GATGCTAGGAACTTAT,0
GATGCTATCAAAAACG,0
GATGCTCTATCTGAGA,0
GATGCTGAGAACCGTC,0
GATGCTGGAGAGAAAG,0
GATGCTGTAAGTTAAG,0
GATGGAAAATATGGGT,0
GATGGAACGAATTAGG,0
GATGGAAGAAACCCTG,0
GATGGAGCTCACCAAG,0
GATGGATTCAGCCCAT,0
GATGGATTTCACAGCT,0
GATGGCCCAGAGGCCC,0
GATGGGACAAGCGGTA,0
GATGGGACTGCTACAC,0
GATGGGAGGATCATTC,0
GATGGGGACAAATGGA,0
GATGGTAAGTAATTAG,0
GATGGTACAATCAATG,0
GATGGTGAATAAATCC,0
GATGTAAATAGCGTAG,0
GATGTAACTAACGCCA,0
GATGTAATCAGTAGTG,0
GATGTACAAACTACTT,0
GATGTACATATTGCAA,0
GATGTAGCATTTAGCT,0
GATGTAGTAATTAACT,0
GATGTAGTAGAACGAA,0
GATGTATCAAAAAGCC,0
GATGTATCTTCGTACC,0
GATGTATGACAAAAAC,0
GATGTATGTTAGAAGA,0
GATGTATTTGTGTAAC,0
GATGTCACCATTTACA,0
GATGTCCAAAACATCT,0
GATGTCCATGGGGTGG,0
GATGTCGATCCAAGCG,0
GATGTGCGCGAAATTT,0
GATGTTAAAAAACGAG,0
GATGTTACAATCAACC,0
GATGTTACAGAACAAC,0
GATGTTAGACCCTCGG,0
GATGTTCACCTTATAG,0
GATGTTCCAAAATAAA,0
GATTAAAAAGAAGCAC,0
GATTAAACGCATGGGC,0
GATTAAAGACTTTCTA,0
GATTAAATAAGTGTAA,0
GATTAAATATAGTTAT,0
GATTAAATGTCCAAGA,0
GATTAACAAACAAAGA,0
GATTAACTATATGCCC,0
GATTAACTGGCAATAA,0
GATTAAGATAGGGCTC,0
GATTAAGCAACACTCA,0
GATTAATAACAGAATT,0
GATTAATCGACACAAT,0
GATTAATGCAATAAAG,0
GATTACAAAGATCGTC,0
GATTACAAATCCAAAC,0
GATTACACAGGAACGA,0
GATTACACGATCTCTA,0
GATTACCCGGCGAAAT,0
GATTACCTGATAATCT,0
GATTACGAAATTACAC,0
GATTACGCGGTTAATT,0
GATTACTACTAATAAA,0
GATTACTATTGCCACA,0
GATTACTCCAACAGCT,0
GATTAGAAATACGATT,0
GATTAGAGTGTTACGA,0
GATTAGATACAAAACG,0
GATTAGCCACCGGACG,0
GATTAGGCGCATTTTA,0
GATTAGTATAAAATAA,0
GATTAGTTTTGAATAC,0
GATTATAATTATTTAA,0
GATTATAGTAAACCCA,0
GATTATATACGCACGA,0
GATTATATTAGGAAGA,0
GATTATCACTCCTACT,0
GATTATCTTTACAAAC,0
GATTATGATTCGTCTA,0
GATTATTAGGAAATCT,0
GATTCAAAAAAAAGTT,0
GATTCAACGGTGAATA,0
GATTCAAGAGAACTAC,0
GATTCAATCAAATTGA,0
GATTCAATCCAATTCT,0
GATTCACATAACAATA,0
GATTCACGAACTAGTC,0
GATTCACGCGGTCGTC,0
GATTCAGAGCTGACTA,0
GATTCAGATTTGCACC,0
GATTCAGGTCAAACTC,0
GATTCAGTCTAAATCC,0
GATTCAGTTTAACCGA,0
GATTCATCATCCAGGA,0
GATTCATGATTAGGCA,0
GATTCATTCAAACCAG,0
GATTCCACTCTAATCA,0
GATTCCATATACAACT,0
GATTCCATGTTGCAGC,0
GATTCCCGCCCGACAT,0
GATTCCGACACTATAG,0
GATTCCGCCTAGAGTG,0
GATTCCGCTTATGCCA,0
GATTCCGGTGTAGTAA,0
GATTCCGTATAAAAGA,0
GATTCGAGAGGTGATG,0
GATTCGCCAGGCGATC,0
GATTCGTGCGGCCACG,0
GATTCTATATAAGTGA,0
GATTCTCATTACAACA,0
GATTCTTACTCGCGTT,0
GATTCTTTATATAACC,0
GATTGAAAAGATAATA,0
GATTGAAACTCCACGG,0
GATTGAACCAAACGAC,0
GATTGAACCTGGACCG,0
GATTGACAATCAGCCT,0
GATTGACACATATACA,0
GATTGACCACATAGAT,0
GATTGACCCTAAGCAA,0
GATTGACGGCAGGATA,0
GATTGAGCAATGACCC,0
GATTGAGTACTGGATA,0
GATTGAGTTAAACGCG,0
GATTGATACGTTCACC,0
GATTGATTTTAGCACA,0
GATTGCAAAATTTCAT,0
GATTGCAACATTAGGC,0
GATTGCAACTACTAGA,0
GATTGCAATCGGAAGA,0
GATTGCATATCATATT,0
GATTGCGAAAAACAGC,0
GATTGCGTCCAACTAT,0
GATTGCTAACTCAAAC,0
GATTGGAATGCAATTT,0
GATTGGACAACAACAC,0
GATTGGAGGAATCACC,0
GATTGGCATTGTCGGT,0
GATTGGCGCCTAAAAT,0
GATTGGGTATAAAGAG,0
GATTGTAGCATCCCTA,0
GATTGTATGGTAATAA,0
GATTGTTAAGGAAAGA,0
GATTGTTCCCAAGCGA,0
GATTTAAACACGCACA,0
GATTTAAATACCAACA,0
GATTTAAATTACGCTG,0
GATTTAACCGTATTTT,0
GATTTAAGATATTCCC,0
GATTTAAGCAGTCATT,0
GATTTACCGACATACC,0
GATTTACTGGCTATCG,0
GATTTATTCATCGTGT,0
GATTTATTGCATTCCC,0
GATTTCAACACAAGAC,0
GATTTCACTTCCATTC,0
GATTTCCACACACCAA,0
GATTTCCTCTGAGATA,0
GATTTCTATTTAGTAA,0
GATTTCTGTCCAGATA,0
GATTTGAAAATAGAAT,0
GATTTGACAAGTCGAC,0
GATTTGAGACAAAGCT,0
GATTTGCTAGTAGGTT,0
GATTTGGTATATACAG,0
GATTTGTAACAGTGCA,0
GATTTGTTCCGTAACA,0
GATTTTAACCGTAAAA,0
GATTTTAATTACATTT,0
GATTTTACTCACTCTA,0
GATTTTCGTCGAGTCA,0
GATTTTCTTAGAGGAA,0
GATTTTGAAACACAAT,0
GATTTTGGCTACTGGA,0
GATTTTTAAAAGGCTG,0
GATTTTTAATATACAT,0
GCAAAAAAAGCTTCTT,0
GCAAAAAAGAAAATAA,0
GCAAAAAAGCAAACAG,0
GCAAAAAAGCCGTTAA,0
GCAAAAACCCCCTATC,0
GCAAAAAGAAAAAAAA,0
GCAAAACAAAAGTGTA,0
GCAAAACATTTAAAGA,0
GCAAAACCCGGAAATA,0
GCAAAACGTAAACTCC,0
GCAAAACGTATGATTA,0
GCAAAACGTTAAATTT,0
GCAAAAGTGAAGTGAA,0
GCAAAATACAATTGAA,0
GCAAACAAACTAGTAA,0
GCAAACATGGCCCAAG,0
GCAAACATGGTTCTAC,0
GCAAACCACGTTTACA,0
GCAAACCGCCGTATAG,0
GCAAACCGGCTAGTAA,0
GCAAACGCACACTAAG,0
GCAAACTGAAACGAGC,0
GCAAACTGATCCTCGA,0
GCAAACTTTTGACTTG,0
GCAAAGACAAGAGCAA,0
GCAAAGACTGCCGTAT,0
GCAAAGCTAAAGGAAA,0
GCAAAGCTAGCCACGC,0
GCAAAGCTGGATGTAA,0
GCAAAGGAATATGGAA,0
GCAAAGGTCTTGACGA,0
GCAAATAATAACGAAA,0
GCAAATAATGTACGTC,0
GCAAATATAGACAATG,0
GCAAATGATATCCAGC,0
GCAAATGATATTGTTG,0
GCAAATGCAGACATCT,0
GCAAATGTCATAACTC,0
GCAAATTCGATACCGA,0
GCAAATTCGGATAGAG,0
GCAACAAAATGGAGAA,0
GCAACAAAGTCACACA,0
GCAACAAATATCAATA,0
GCAACAAATATGGTAC,0
GCAACACAATTAGCGT,0
GCAACACATAAACTTG,0
GCAACACGACATAGAA,0
GCAACACTAAACAGTA,0
GCAACACTCTAACAAC,0
GCAACAGAGACACACA,0
GCAACAGATTGCAGAT,0
GCAACAGGCAAGCCAT,0
GCAACATGGTCGCACC,0
GCAACATGTTTACTAT,0
GCAACATTTGACAATT,0
GCAACCAAGAAGCAAA,0
GCAACCAATTCCAATG,0
GCAACCATATTAAAAA,0
GCAACCCAAAGAGGCT,0
GCAACCGGCACGGAGA,0
GCAACCTAACGTCCGC,0
GCAACGCAAAAAATAA,0
GCAACGCTCCACAAGA,0
GCAACGTAAGTCTGAC,0
GCAACTAACCACTAGA,0
GCAACTAATAAATAAG,0
GCAACTAGCGCTAACC,0
GCAACTAGGCAAAACA,0
GCAACTATAACTTCTA,0
GCAACTCGCCGCTGTA,0
GCAACTGCGCAACAAT,0
GCAACTTATACAAACT,0
GCAACTTATAGTCGAG,0
GCAACTTCAGGTATTG,0
GCAACTTCCTCCAATG,0
GCAAGAAAATTACTTA,0
GCAAGAATTTCAATTT,0
GCAAGACCAGTATTTT,0
GCAAGACCGAGCGTTA,0
GCAAGAGAGTGCGATA,0
GCAAGAGCGGACCCAT,0
GCAAGAGGATTCAATA,0
GCAAGATTATTACCAA,0
GCAAGCAACGCTCAAA,0
GCAAGCACCCTACAGA,0
GCAAGCACTAATGACT,0
GCAAGCATTAATTAAG,0
GCAAGCCACCGACTTA,0
GCAAGCCTAATCGTCT,0
GCAAGCTAGACTAAGA,0
GCAAGCTCAAATTACA,0
GCAAGCTCCCTTCGTT,0
GCAAGCTCTAATAGCG,0
GCAAGGAAGAAATTAA,0
GCAAGGAGAAGCACAA,0
GCAAGGAGGGATATTT,0
GCAAGGATATAAAACA,0
GCAAGGCTATTACAGG,0
GCAAGGGACCTAAACA,0
GCAAGGTCACTTGCTA,0
GCAAGGTTACCTGATA,0
GCAAGTAACGGCTTGA,0
GCAAGTAGCCACATTA,0
GCAAGTCCGATCGGTA,0
GCAAGTCTGCAGGATC,0
GCAAGTCTGTAACTGA,0
GCAAGTGATCTCACTT,0
GCAAGTTCCCTGCTAC,0
GCAATAAAGCTCTAAA,0
GCAATACCCCCCAAGA,0
GCAATACCTATGGAAA,0
GCAATACTGTTTTCGA,0
GCAATAGCAATATCAA,0
GCAATAGCTACACTAA,0
GCAATAGTCGAGGGAA,0
GCAATATCCCTTGCTA,0
GCAATATTCCTCAAGA,0
GCAATATTGAAACACA,0
GCAATCCAAGATATGC,0
GCAATCCACACGAACG,0
GCAATCCATCAACTTT,0
GCAATCGTAGACTCAC,0
GCAATGAAACCTCCGA,0
GCAATGATAAATTTAG,0
GCAATGATCGCACCTT,0
GCAATGCACGCATTCA,0
GCAATGGGTGCGAAAA,0
GCAATGGTACAAAGTA,0
GCAATGTTCACTCCAG,0
GCAATTAACATTACTT,0
GCAATTAATTATAACA,0
GCAATTAGAACATACA,0
GCAATTCCCGTAATGA,0
GCAATTCGCAAAGAAA,0
GCAATTTAGACGCGTC,0
GCAATTTGATAAGAAT,0
GCAATTTTTATATACT,0
GCACAAAAAAGAGCTT,0
GCACAAAACAGAGTTA,0
GCACAAAACCCAGATC,0
GCACAAAACCGCTGGA,0
GCACAAAAGCTTGGAT,0
GCACAAAATAAGGGAT,0
GCACAACCTTCCTTCA,0
GCACAACTCGAATGGT,0
GCACAATAGAGCTTAA,0
GCACAATATGTCCCTA,0
GCACACAAAGTGGGCA,0
GCACACAATGTTCATT,0
GCACACATATCCGGGT,0
GCACACTCCATTGGGC,0
GCACAGCAATTCGACG,0
GCACAGCGAAATTCGC,0
GCACAGGGAATGCATA,0
GCACAGGTATGCGACT,0
GCACAGTATATTTCAC,0
GCACAGTGCCATATTC,0
GCACAGTTAAACGACA,0
GCACAGTTCGAATCGT,0
GCACATAGACTTAGCT,0
GCACATATAAACTCCA,0
GCACATCATTATTCCG,0
GCACATGCAATTATAC,0
GCACATGCGCAAACTA,0
GCACCAAACCCCACAT,0
GCACCAAGACTTGTTA,0
GCACCAGAGAATTTCC,0
GCACCAGGCCTGAAAG,0
GCACCATAAGAGTATA,0
GCACCATCTGATCTAA,0
GCACCATGGTACATGC,0
GCACCCAATGATCTAG,0
GCACCCCCATAAACTA,0
GCACCCGAACTATATT,0
GCACCCGCCACGGATG,0
GCACCCTAGGAATTCT,0
GCACCCTCTGAGGCCT,0
GCACCCTTAAAGAAAT,0
GCACCGACCAAAACAC,0
GCACCGAGGGCTACAG,0
GCACCGCTTAAATTTC,0
GCACCGGTCATAGTCA,0
GCACCGTTAAAAAAAA,0
GCACCTAACTCCAGCA,0
GCACCTAATGAAGACA,0
GCACCTACAACCAGTA,0
GCACCTACTTGCGGTG,0
GCACCTATAAATATTG,0
GCACCTCAGTTCTCGC,0
GCACGAACACAGACAA,0
GCACGAAGTGCCCCCC,0
GCACGAAGTTCATACC,0
GCACGACATGGGACTT,0
GCACGATGGCCCGACT,0
GCACGATGTCCTAGTA,0
GCACGATTAATGGATG,0
GCACGCAACCCATGGT,0
GCACGCAATCTGATCA,0
GCACGCACTATGGACG,0
GCACGCATAACCCATC,0
GCACGCGGAAATGATC,0
GCACGCTTATACGAGC,0
GCACGGAACTGGAAAC,0
GCACGGTTCCATTAAA,0
GCACGTATAGCAGGCT,0
GCACGTCCGTAATTGC,0
GCACGTCCTACCAAGT,0
GCACGTCTCCCTGAAG,0
GCACGTGCATATGAGC,0
GCACGTTGGACGATTT,0
GCACGTTTACTATTAA,0
GCACTAAAAGCACTCT,0
GCACTAACCACGACGA,0
GCACTAATAAAGAACC,0
GCACTAATTACACAGT,0
GCACTACCCAATGGTC,0
GCACTACTCAGGAGTA,0
GCACTACTGCTACTTT,0
GCACTATGTACCTTCC,0
GCACTCAAGCAAATTA,0
GCACTCATGATACTCT,0
GCACTCATTATCAAGC,0
GCACTCCACACTCGTA,0
GCACTCGCCCTCAGCA,0
GCACTCGCTTACATCC,0
GCACTCTAAAGAATGA,0
GCACTCTCATGTTCAA,0
GCACTCTCCATGAGAC,0
GCACTGCTAAAATTGC,0
GCACTGCTTGTAAATC,0
GCACTGGAAACGTATA,0
GCACTGGCATACCAAT,0
GCACTGGCGACAATTA,0
GCACTGTGTATTGATA,0
GCACTTAAGATCTTAT,0
GCACTTATCGCTGGCC,0
GCACTTATGATGTCAA,0
GCACTTCCAAGTCTAG,0
GCACTTGCTAAAACTG,0
GCACTTTGTATATTCA,0
GCACTTTGTCGTGAAA,0
GCAGAAAACGCCAGCC,0
GCAGAAACGAAGCGTT,0
GCAGAAATATCTCACT,0
GCAGAACCAAAACCAT,0
GCAGAAGATACAGATC,0
GCAGAAGCGCAACAAA,0
GCAGAATACACACGTA,0
GCAGAATCTACGCAGA,0
GCAGAATTCTCTCGAG,0
GCAGACGGTAAGGCCG,0
GCAGACGTACCGTGTT,0
GCAGACGTCCTGATGT,0
GCAGAGAACTTTAGGC,0
GCAGAGAGTAGACTCT,0
GCAGAGATCAAAGATC,0
GCAGAGCAACCAAAAC,0
GCAGAGCATTGGCAAG,0
GCAGAGCCTTTCTGAG,0
GCAGAGCTGCACGCAT,0
GCAGAGGCGTCAGACA,0
GCAGATACAGATTGGC,0
GCAGATACCCATTCTA,0
GCAGATCCTTCCGTTG,0
GCAGATCGGGTCTGCG,0
GCAGATCGTGTATACG,0
GCAGATCTCTATTTGC,0
GCAGATGCGGATATTT,0
GCAGATGGCCTCTCAA,0
GCAGATGTTATTTGAA,0
GCAGATTAAAGGGACT,0
GCAGATTCTGTCTAGC,0
GCAGCAACGTTCTACT,0
GCAGCACCCGTCAAGC,0
GCAGCACTAAATATAT,0
GCAGCAGAGGGACAAA,0
GCAGCATGGTTATTGA,0
GCAGCATTGGCGGTCT,0
GCAGCCAACAACAACC,0
GCAGCCGTTGTAACTC,0
GCAGCTAGTGTGTGAT,0
GCAGCTCAGTGCCGTA,0
GCAGCTGCGCAAGTGC,0
GCAGGAAATATCAACT,0
GCAGGAACACCATGGC,0
GCAGGAACCGGGATTG,0
GCAGGAACTTTACGCG,0
GCAGGACGTACTTGTA,0
GCAGGACTCTTCGACA,0
GCAGGAGGACGCATAT,0
GCAGGATAGAGGGATT,0
GCAGGATAGCACACAG,0
GCAGGCACGTTCCTAC,0
GCAGGCACTAACGTTA,0
GCAGGCACTCGTTAGG,0
GCAGGCCTAACATAAT,0
GCAGGCCTGTCATAGC,0
GCAGGCTAGAGAAAAC,0
GCAGGGGCAAGATCCA,0
GCAGGTACTACGTACA,0
GCAGGTATTTGTAGAA,0
GCAGGTCAGGTCAGTT,0
GCAGTAAAAATTCACC,0
GCAGTAACAAAAATGG,0
GCAGTAACGGCGAAGT,0
GCAGTAATATAATTCA,0
GCAGTACCTGAACACG,0
GCAGTAGAGATCTAAT,0
GCAGTAGGTGGAAAAA,0
GCAGTAGTAGCTACAT,0
GCAGTAGTATTGAAGT,0
GCAGTATATGTCTCTG,0
GCAGTCAACTCTAGAG,0
GCAGTCGCTGACAGGA,0
GCAGTCTTAGATACCC,0
GCAGTGAAACTGGGTC,0
GCAGTGATAAATTTAG,0
GCAGTGCACATTAGAG,0
GCAGTGGCCTCTCTTT,0
GCAGTTACAACGATCT,0
GCAGTTCTAACCTTTA,0
GCAGTTGACGCCCCCA,0
GCAGTTTACTTGGTAC,0
GCAGTTTGAGGTTAAA,0
GCAGTTTGCCCCCTGA,0
GCAGTTTTAACGGTCT,0
GCATAAAACATATAGC,0
GCATAACAAAAATCAA,0
GCATAACAGAACACTA,0
GCATAACATTAGTTAT,0
GCATAAGACAAAGACC,0
GCATAAGACTCATCAA,0
GCATAAGAGGACTGTT,0
GCATAAGGATCTGCCA,0
GCATAATAAATTTACA,0
GCATAATAGCTATATT,0
GCATAATAGTCCACAA,0
GCATAATCAACGGCCA,0
GCATAATCGGCAAGAA,0
GCATAATGATAAAGAC,0
GCATACATGAACATGT,0
GCATACATGAATTTTC,0
GCATACGTACAAACAC,0
GCATACGTAGCCTAAA,0
GCATACTCATTACTTT,0
GCATAGCAAATAGAAA,0
GCATAGGAAGCTCAAA,0
GCATATAATTAAAATA,0
GCATATACACTCAAAT,0
GCATATAGTAGCCGTG,0
GCATATCCTGATTGCT,0
GCATATGAACTACGTA,0
GCATATGGATTCCATA,0
GCATATGTCACGAAAG,0
GCATATTCATTATGGA,0
GCATATTGTAAAACGA,0
GCATATTTACGAGCAG,0
GCATCAAAAATTAATT,0
GCATCAAAACTATATA,0
GCATCAAAATCAGTCC,0
GCATCAAATGCTCTTC,0
GCATCACACATTTACA,0
GCATCACCTAAATAAC,0
GCATCACGAATAACAA,0
GCATCACGAGGCGAAG,0
GCATCAGTATGTGCGT,0
GCATCAGTTGGCAGGT,0
GCATCCAAAGGGCATA,0
GCATCCAACTTAAGCT,0
GCATCGAAGACCTAAA,0
GCATCGAATTCAACAG,0
GCATCGCTCTTCTTTG,0
GCATCGGACCACTAGT,0
GCATCTGAAAATAACA,0
GCATGAACGCACTAAG,0
GCATGAATAGTCGGCA,0
GCATGACTAGGGACCG,0
GCATGAGATACCATGC,0
GCATGAGTCTCTGCCT,0
GCATGATGTTAAGGTT,0
GCATGCAAGCAAAGGT,0
GCATGCCACCAGATCT,0
GCATGCCACGAATATT,0
GCATGCCCCTCATACA,0
GCATGCCCTAACACGC,0
GCATGCGCTATTGGCG,0
GCATGCGTCAGTGTAA,0
GCATGCTGCCCCAACT,0
GCATGGACCGGGATCA,0
GCATGGAGGAAAGTAG,0
GCATGGCATCCATGGA,0
GCATGTAACTTCACTC,0
GCATGTACAAGCTCAA,0
GCATGTGCGGGTTAAC,0
GCATTAACGGATAAAC,0
GCATTACAAACACCTA,0
GCATTACAATAGAATA,0
GCATTATAAATAGTTT,0
GCATTATATAAGAAGC,0
GCATTATGAATGCTTG,0
GCATTCAAATTAAACT,0
GCATTCAGTAAAATAC,0
GCATTCATAATTAACA,0
GCATTCCACGACCTGA,0
GCATTCCATCCCACTG,0
GCATTCCTACAAAGCT,0
GCATTCGGGATATATG,0
GCATTCGTCCGAAATG,0
GCATTGACAGCCTTCC,0
GCATTGCCTCTTGATC,0
GCATTGTTCCAACATT,0
GCATTTAAATGCATAA,0
GCATTTCGAACCGCAT,0
GCATTTCGAATACGGG,0
GCATTTCGATAGTGCA,0
GCATTTGACGGTTTCC,0
GCATTTTAGCATCGAA,0
GCATTTTCATGCCGAA,0
GCATTTTCTAGAAGAG,0
GCATTTTTATAATGTT,0
GCATTTTTATCAGCAG,0
GCCAAAAAAACACCGC,0
GCCAAAAAGAGGGTTT,0
GCCAAAACGGTATTAG,0
GCCAAAACTAATGTAC,0
GCCAAAACTTCAAATA,0
GCCAAAAGCCCGCACA,0
GCCAAAAGCGCCGAAT,0
GCCAAAATATGTTAGC,0
GCCAAACAAACTGGAT,0
GCCAAACTGAAATGAT,0
GCCAAATATAGCCTAC,0
GCCAAATTGATGATAC,0
GCCAACACATAGACAT,0
GCCAACATACTAAAAC,0
GCCAACCAATAACAAT,0
GCCAACGATAAAGAAC,0
GCCAACTGAGCCTACA,0
GCCAACTTCACCTCTA,0
GCCAAGACTCAGAAGG,0
GCCAAGGCGCGTCAAA,0
GCCAAGTAAAAAGGTG,0
GCCAAGTTTGAGCGAT,0
GCCAATAACCGAAAAT,0
GCCAATAGTGACATGC,0
GCCAATCTATATCTTG,0
GCCAATCTCTATCGCA,0
GCCAATTCTCCACATG,0
GCCAATTCTTGTACCC,0
GCCAATTTGACTTGCA,0
GCCACAAATAATTAAG,0
GCCACAAATTACTTCA,0
GCCACAAGAGGTCAAG,0
GCCACACCACTTAAAG,0
GCCACAGTAGACAATG,0
GCCACATTATCCTGAA,0
GCCACCAACCGCAAGT,0
GCCACCATAGAAATAA,0
GCCACCATATCCCAAA,0
GCCACCATCTGTTGAA,0
GCCACCCACGATGTAC,0
GCCACCTTGACTTCAA,0
GCCACGACACTGCGCA,0
GCCACGACTGACCTCT,0
GCCACGAGAAAGTACA,0
GCCACGAGATATACAT,0
GCCACGCGGTAAAATA,0
GCCACGCGTGACTCGA,0
GCCACGCTATTTCACC,0
GCCACGTAACGTAGGC,0
GCCACGTAATAGGCTA,0
GCCACTAAGCAAGTGC,0
GCCACTCACATAGCCA,0
GCCACTGGAAAAACGT,0
GCCACTGTATCACCCA,0
GCCACTTTCAGTGGTT,0
GCCACTTTTCGTGACG,0
GCCAGAAAATCCCTGG,0
GCCAGAAACGCCATGT,0
GCCAGAACTACCGATT,0
GCCAGAAGTGCGTAAA,0
GCCAGAGATTAGTTTG,0
GCCAGAGCGTTAAAAA,0
GCCAGAGGTCCCTGCC,0
GCCAGCAAAGATGCGA,0
GCCAGCATAACATAAG,0
GCCAGCCGGGTTATCC,0
GCCAGCTGTAAGGCCG,0
GCCAGCTTGCCGTCCA,0
GCCAGGACTTACGCCT,0
GCCAGGCGGTCTTTTA,0
GCCAGGCTGTGTAAGT,0
GCCAGGGTACACAGCT,0
GCCAGTAAATATACAG,0
GCCAGTGAAGAAAGAA,0
GCCAGTTGCTTGGTAT,0
GCCATAACATTCCATG,0
GCCATAAGCGAAGCAT,0
GCCATACCATCCATAA,0
GCCATACCCATGGTTC,0
GCCATACGAACCTTAA,0
GCCATAGAATATATAG,0
GCCATATGTAAGAACT,0
GCCATATGTACAGAAT,0
GCCATCCAAACATGTG,0
GCCATCCAGCGGTCGC,0
GCCATCCCCAGCTACC,0
GCCATCCCGCTCCTCA,0
GCCATCCTGCCTATGG,0
GCCATCCTGTACTAAA,0
GCCATCTGCCACCAAC,0
GCCATCTTTACATAGT,0
GCCATGAGCGAAGCAT,0
GCCATGATAAGCCCGT,0
GCCATGTCACCTAGAA,0
GCCATTATGGAGCCCC,0
GCCATTATTATAGTAA,0
GCCATTCTGACCTAAC,0
GCCATTGAAACTCCGT,0
GCCCAAATTTTATTTC,0
GCCCAACCATCTAGAT,0
GCCCAAGAAAAGAATG,0
GCCCAAGAAGATTTAA,0
GCCCAAGCAACGTGAC,0
GCCCAATTCCGATGAC,0
GCCCAATTGCTGTACG,0
GCCCACAAACGACCAC,0
GCCCACACTTTAATTC,0
GCCCACGCCTAGCCTA,0
GCCCACTTTGCAGGAC,0
GCCCAGTATTTTGCGA,0
GCCCAGTTTAGGCTCA,0
GCCCATATTTGCAGCA,0
GCCCATGATATCTGGC,0
GCCCATGGGATAAATG,0
GCCCATTCACCCAAGA,0
GCCCATTCCCACACAG,0
GCCCCAAAGAGTTTCC,0
GCCCCAAAGTTTTTCT,0
GCCCCAAATATACATC,0
GCCCCAAGCCGCAACC,0
GCCCCATACTTCCGCT,0
GCCCCATATGCCCAGA,0
GCCCCATGAATGAACA,0
GCCCCATTATAGGTCT,0
GCCCCCACTAAACCAA,0
GCCCCCATCCGTTCAG,0
GCCCCCCGACTCTATA,0
GCCCCGAGGTACACGC,0
GCCCCGGAGGATTGGA,0
GCCCCTTAAACGCTTA,0
GCCCCTTATACAACAC,0
GCCCCTTGACTAGCCG,0
GCCCCTTGAGAAGCGC,0
GCCCGAACAATACGGG,0
GCCCGAACGAGAAAAT,0
GCCCGAACTAGATCGG,0
GCCCGACGGCCAGAAA,0
GCCCGATAACCATATA,0
GCCCGATACGTACATA,0
GCCCGATTCTTCGCGG,0
GCCCGCAACTCACTGA,0
GCCCGCCGGACAGAAC,0
GCCCGCCGGGACGCAC,0
GCCCGCGAGAAGATCC,0
GCCCGCTGGAACTGTC,0
GCCCGCTTAAAGAAAA,0
GCCCGGAACGACCGTT,0
GCCCGGAAGAATAACA,0
GCCCGGCTGTCACCTG,0
GCCCGGGGTGAATAAC,0
GCCCGTAAAATGCTAA,0
GCCCGTAACACAAATT,0
GCCCGTACATTTCAAC,0
GCCCGTGAAACACCGT,0
GCCCTAAAACACCGAC,0
GCCCTAAGTGATCTAA,0
GCCCTAATAGACTATG,0
GCCCTACCCAACCCTC,0
GCCCTACTACATAAAT,0
GCCCTATGAGGTTTAA,0
GCCCTCACCCCATACG,0
GCCCTCACTCCCACAA,0
GCCCTCAGATGACATA,0
GCCCTCAGCATCCAAC,0
GCCCTCAGGGTTACCA,0
GCCCTCTCGTTCACGA,0
GCCCTGGTGCGAAGTA,0
GCCCTGTTGCCCTAGA,0
GCCCTTAACTCTTAAA,0
GCCCTTACAAACCACC,0
GCCCTTAGGGAACAAA,0
GCCCTTCCCATCCGTA,0
GCCCTTGAAATCACTA,0
GCCCTTGGTTATCCAA,0
GCCCTTGTTGGATATG,0
GCCCTTTTTACACGAA,0
GCCGAACATCGAACAG,0
GCCGAACATGGCTAAA,0
GCCGAAGATTCGTTAG,0
GCCGAAGTTTAAACCT,0
GCCGAATAACAGACGA,0
GCCGAATACTAAACAT,0
GCCGAATACTAAAGAG,0
GCCGAATGCACTTCTA,0
GCCGAATGCAGTACAC,0
GCCGAATTATAGTGCC,0
GCCGAATTGTGTAACA,0
GCCGACAAATACCGGG,0
GCCGACAGATTTACAT,0
GCCGACGGACTTTCAT,0
GCCGACTATATTGCCT,0
GCCGACTATGATAGGG,0
GCCGACTCACGTCCCG,0
GCCGAGGCAGATCTAT,0
GCCGAGGTAGTAACAC,0
GCCGAGTCGTTAATTA,0
GCCGAGTTTTACCCTA,0
GCCGATAAAAACAAAA,0
GCCGATTTTGTTGGAA,0
GCCGCAACTAAATGCG,0
GCCGCACGTCAAGCTA,0
GCCGCACTGACACGCT,0
GCCGCATACAGATTAT,0
GCCGCATGATTTGTAC,0
GCCGCCGATAGAAGAG,0
GCCGCGGAGCCAAGCA,0
GCCGCGTAACTTTCCA,0
GCCGCTCCATAACGAC,0
GCCGCTTTTCGTTCAC,0
GCCGGAACACCTACAT,0
GCCGGAATTGCTAATC,0
GCCGGACACCCGAGTC,0
GCCGGACGCCTTACAA,0
GCCGGAGCAGGGACCA,0
GCCGGAGGTCAGAAGG,0
GCCGGATACACCGACC,0
GCCGGATGACAATCCC,0
GCCGGATGAGCAGTTA,0
GCCGGATTCTCGTACA,0
GCCGGCCTAGGCGCGA,0
GCCGGGACAAAAAAAA,0
GCCGGGAGCGTAAACG,0
GCCGGTAAAAATGACG,0
GCCGGTCACTTACTCA,0
GCCGGTCATAACATGG,0
GCCGGTGCCTACTTAT,0
GCCGGTTTATTTACGT,0
GCCGTAATTTTCTAAC,0
GCCGTAGATATCAGCC,0
GCCGTAGGCGATCTTG,0
GCCGTATCCCATTAAA,0
GCCGTATGTAGATTAG,0
GCCGTCAAACTAATTT,0
GCCGTCAAAGCGGAGA,0
GCCGTCAGGACTGAAT,0
GCCGTGGTATCTCGAG,0
GCCGTTTCAACAAGAT,0
GCCTAAACAACGCAGC,0
GCCTAAACTTAAATAT,0
GCCTAAAGGAAAATTA,0
GCCTAATCAACGTCAC,0
GCCTACCAATACATTA,0
GCCTACGTGCCATAAC,0
GCCTAGAAATTAAATG,0
GCCTAGACACCAGACA,0
GCCTAGCAGGGTTTGG,0
GCCTAGTATACTTTTT,0
GCCTATACTAAATAAA,0
GCCTATAGATCACCGC,0
GCCTATAGTCACTTAG,0
GCCTATATAAATCAAA,0
GCCTATGAGAACCCAA,0
GCCTATGTAAACCCCC,0
GCCTATTGACTATCTA,0
GCCTATTGTATTACAC,0
GCCTCAAACTGCTTAG,0
GCCTCAACACACCACT,0
GCCTCAAGCATGCACG,0
GCCTCACATGAAGTGC,0
GCCTCACGCGCTATTA,0
GCCTCACTCTTAGCAA,0
GCCTCAGGTGCAAATA,0
GCCTCCCACAGCCCGC,0
GCCTCCTCTCATACGA,0
GCCTCCTTCATAAAAC,0
GCCTCGATCACAGCCA,0
GCCTCGCATAGACTGT,0
GCCTCGGTCCTGACCG,0
GCCTCGTCTGTACGAC,0
GCCTCTACGTATAAAA,0
GCCTGAAAACTATACA,0
GCCTGAACCACTGTCA,0
GCCTGACAATGTTGAC,0
GCCTGACGAGTACAGG,0
GCCTGAGGACGCTACA,0
GCCTGCATATGTAAAT,0
GCCTGCTGGCTTGAAG,0
GCCTGGACTGTGTGAT,0
GCCTGTACAGCCAAAA,0
GCCTGTCACAGAGCTA,0
GCCTGTGAAATCGTAT,0
GCCTGTTGCGCAATCT,0
GCCTGTTGTAAAACTT,0
GCCTTAAATTATACCT,0
GCCTTATCTTGCAGAC,0
GCCTTCACTTGCCGGT,0
GCCTTCAGATATTCCA,0
GCCTTCCTCTTAAACA,0
GCCTTCCTGATACCTG,0
GCCTTCTGCCGCGTCC,0
GCCTTGAACAGAACCG,0
GCCTTGATTGGAATCA,0
GCCTTGATTTCCTGTT,0
GCCTTGCCGCAAAGAA,0
GCCTTGTAAGATATTA,0
GCCTTGTTCAACTGTA,0
GCCTTTACACCGCGGC,0
GCCTTTCGGAAACTTA,0
GCCTTTGCAGAAGGTA,0
GCCTTTTGACTCATAA,0
GCCTTTTTGTGTCCCG,0
GCGAAAATCACACCGA,0
GCGAAACAGACTAAAC,0
GCGAAACATGCACCTG,0
GCGAAAGAACGAGGAC,0
GCGAAAGAACGTTATG,0
GCGAAAGAGCCCAACT,0
GCGAAATACAAATATA,0
GCGAAATATCTGCGCC,0
GCGAAATATTCACATG,0
GCGAAATATTCTCGTC,0
GCGAACAACCTGTGTA,0
GCGAACGAAGAGAGTC,0
GCGAACGAGTTGGAAA,0
GCGAACTAACAAATCT,0
GCGAAGAAAATCGAAG,0
GCGAAGAAACTATGTG,0
GCGAAGAACATTAAGC,0
GCGAAGAGCAAATTCT,0
GCGAAGATTTGACGTA,0
GCGAAGCTACTGGACT,0
GCGAAGCTATGCCTAG,0
GCGAAGGAGTCGATCA,0
GCGAATAATTATTACC,0
GCGAATACCAAACTTT,0
GCGAATAGAATCTCCC,0
GCGAATCGCCGTCAAT,0
GCGAATGATGGTCTCC,0
GCGAATGATTAGGGGG,0
GCGAATGCGAACTTGG,0
GCGAATGGACGAAGGT,0
GCGACACCAGGTGACA,0
GCGACACTCTCCCGAC,0
GCGACAGCATAAATTG,0
GCGACCACAGAATTTT,0
GCGACCACTTGATAAC,0
GCGACCCGACTTATAT,0
GCGACCTAATAGTGTT,0
GCGACGTAAGTCGAGC,0
GCGACTAAAGTACAAG,0
GCGAGAACAAATTTAA,0
GCGAGAAGGTTGATCG,0
GCGAGAATCCTCACAT,0
GCGAGAGACCATAACT,0
GCGAGAGACTTTTTCC,0
GCGAGATAAAATACGC,0
GCGAGCCTTTCAAGCT,0
GCGAGGAACTAAACCA,0
GCGAGGATCCGAGTTG,0
GCGAGGGCAGATGTAT,0
GCGAGGTAAGCTAGGA,0
GCGAGGTCGCAAAGTT,0
GCGAGTACAATACCTA,0
GCGAGTAGCTCAAACA,0
GCGAGTCTTTTGAAGC,0
GCGAGTTAGGGTTCCA,0
GCGAGTTATCAACTAC,0
GCGATAATAACACAAC,0
GCGATACAGCAATTAA,0
GCGATAGAAGAAATAA,0
GCGATAGCCATCATTC,0
GCGATATTAATAACAA,0
GCGATCACAACCAATC,0
GCGATCCAAAATGTCA,0
GCGATCCACAACGGGA,0
GCGATGGCCCCCATCT,0
GCGATTACCAGGGCAA,0
GCGATTGGGTACTATC,0
GCGCAAAACATAACAA,0
GCGCAAAAGATAGTCA,0
GCGCAATAAAAATAAG,0
GCGCAATCCGGACAAC,0
GCGCAATGGCAGTAAC,0
GCGCAATTCAGCCTAA,0
GCGCAATTTGCCGAGA,0
GCGCACAACAGACATG,0
GCGCACAGAAGATGCT,0
GCGCACCAATAGATAC,0
GCGCACCGACTGAGAT,0
GCGCACTACGACCCAC,0
GCGCAGAACTTATAGA,0
GCGCAGATTATGAAAA,0
GCGCAGTTATATAACT,0
GCGCATAAATGGGATC,0
GCGCATCAATCATAAC,0
GCGCATGCAATCAGTA,0
GCGCATTTCAAAAAAT,0
GCGCCACTTTAGCAAC,0
GCGCCCTCACAACCAG,0
GCGCCCTGGATAGCTA,0
GCGCCGACAGTTGCCC,0
GCGCCGACGCGGAGAC,0
GCGCCTCTTACGGTAA,0
GCGCCTGAGTTTATCG,0
GCGCGAAACTTTGGAC,0
GCGCGAAAGAACTAGC,0
GCGCGAAGTTAAATAC,0
GCGCGACCTATACTTA,0
GCGCGATAGGCGAAAA,0
GCGCGCCTAGATGCAC,0
GCGCGGATTGTTAACA,0
GCGCGGCAACCTAAAT,0
GCGCGGCGCGGCGCAA,0
GCGCGGGGGGCAATTA,0
GCGCGTAAATCGATAA,0
GCGCGTTTTAAAGAAA,0
GCGCTAAACCCTCCAT,0
GCGCTAAGATACACCG,0
GCGCTAATAGAAAAGT,0
GCGCTACATGAAAATA,0
GCGCTATTTCGAATAC,0
GCGCTCCAGGGCGGAC,0
GCGCTCCGCAAAAAGA,0
GCGCTCGCCAGCTTAA,0
GCGCTGAATTCGGATG,0
GCGCTGATAATTTTAC,0
GCGCTGGCATGAAATT,0
GCGCTTTCATGATTGT,0
GCGGAAACGGTCCTCT,0
GCGGAACTTTCGCTGG,0
GCGGAAGACACAATAT,0
GCGGATAACGATCGAT,0
GCGGATTGCATTAAAT,0
GCGGCAAAATCTAGAA,0
GCGGCAAAATCTTAAG,0
GCGGCAACCGAGTGAA,0
GCGGCACCGCTAACTT,0
GCGGCAGACGATACTA,0
GCGGCCAACTGTAACA,0
GCGGCCACACACACCC,0
GCGGCCCGTAAAATCC,0
GCGGCCGCGATGGAAA,0
GCGGCGACTTACGTAG,0
GCGGCGCATTGTAACA,0
GCGGCGCCACACGCAC,0
GCGGCGCGACAAAAGA,0
GCGGGAAAATCATAAA,0
GCGGGACAAAATCCCA,0
GCGGGACCGATAAAGA,0
GCGGGATTCCAACAAT,0
GCGGGCAGTCCAGCTG,0
GCGGGCCTAACTCCAT,0
GCGGGGCCGAGACCCT,0
GCGGGGTTGCATTGAA,0
GCGGGTAATGTCCTCT,0
GCGGGTCACAATAACC,0
GCGGTAAACAAGTCGA,0
GCGGTAAATCGATACT,0
GCGGTAACGTGAAAGC,0
GCGGTAACTAAAATAG,0
GCGGTAACTCATCTTC,0
GCGGTAATTTGAGAAC,0
GCGGTACAATCAAAGC,0
GCGGTACCCCTCAACA,0
GCGGTCCGCCCTAGTA,0
GCGGTCGAACTGAAGC,0
GCGGTGCTAAACCTCA,0
GCGGTGGAATTATAAT,0
GCGGTTACATTCACAA,0
GCGGTTCAAAGTTGTT,0
GCGGTTTCGAAACATC,0
GCGTAAACGACTAATA,0
GCGTAAACGCTAGAGA,0
GCGTAACACTACGCCA,0
GCGTAACCGACCACAA,0
GCGTAGAAACTAAAAT,0
GCGTAGTAACTTAGCC,0
GCGTATAATTCATAGT,0
GCGTATGAGGATTACT,0
GCGTCAAAACGAGATG,0
GCGTCAAAGTGGATCA,0
GCGTCACATGAATCAT,0
GCGTCAGCCTCCGAAT,0
GCGTCCATAATTTCAA,0
GCGTCCTAAAGATGTA,0
GCGTCGGAGTAAGGCT,0
GCGTCGGCTTATAGCA,0
GCGTCTCGTATCGCTA,0
GCGTGACAAATGCGAG,0
GCGTGATTAAGACAGA,0
GCGTGGAAAACGTACT,0
GCGTGGTATTTTAGCC,0
GCGTGTAATACCTAAG,0
GCGTGTAATTTAATGT,0
GCGTGTAATTTTCATA,0
GCGTGTCTGAAATCGA,0
GCGTTAAACTAAGTCG,0
GCGTTACACAACCCCC,0
GCGTTAGACGAGTCTT,0
GCGTTCAAAAGAACCT,0
GCGTTGGAGCCACCGG,0
GCGTTGGGAAGATATA,0
GCGTTGTATTTCTTCA,0
GCGTTTAAACGCTTCC,0
GCGTTTCATATTCCAA,0
GCGTTTCGGTTCTTAG,0
GCGTTTGCACTGAAAT,0
GCTAAAAAATACAGCA,0
GCTAAAACACGTGCGT,0
GCTAAAACATCATGCT,0
GCTAAAATAAGTAATA,0
GCTAAAATGAGGAAAA,0
GCTAAACAATATAATC,0
GCTAAACACTACGGAC,0
GCTAAACCACCTCGCA,0
GCTAAACCTAAAAGTA,0
GCTAAACCTTACATGG,0
GCTAAACGCTTGCACG,0
GCTAAACGGGAACACT,0
GCTAAACGTATGCTAC,0
GCTAAACTGATATGAC,0
GCTAAAGAAAATCTAC,0
GCTAAATAACTAGCTT,0
GCTAACAATTCCCTCC,0
GCTAACAGCCAGCTTC,0
GCTAACATTCTCATAT,0
GCTAACCAATTCTTAA,0
GCTAACCACCCACATT,0
GCTAACCCGTAGTGCA,0
GCTAACGAACTGTCAT,0
GCTAACGTTAAGACAG,0
GCTAACTAATGAATTA,0
GCTAACTAGCGTGGAG,0
GCTAAGAAATGCTGAC,0
GCTAAGAATTTGTAGT,0
GCTAAGACACATATTA,0
GCTAAGAGACCTCTCC,0
GCTAAGATTGGATGCA,0
GCTAAGCATACTCTTG,0
GCTAAGCCTAAGTACA,0
GCTAAGTGACATCCTT,0
GCTAAGTGGCAAAATC,0
GCTAAGTTAACTATTG,0
GCTAATAACACGAGGA,0
GCTAATAATTAGGTTA,0
GCTAATACCATCCAGA,0
GCTAATACGCCACAAA,0
GCTAATATAAAAACAT,0
GCTAATCACATACTTT,0
GCTAATCAGTAAAATT,0
GCTAATCCGCTCTCCA,0
GCTAATGAGAATATAT,0
GCTAATGCACAACAAT,0
GCTAATTAACCATAAT,0
GCTAATTATGACCCTA,0
GCTACAAAAAATGCCA,0
GCTACAAACAATAACG,0
GCTACAACCCCTGTGC,0
GCTACACGATCGTCTA,0
GCTACACGCGACTTTC,0
GCTACATAAACATAAC,0
GCTACATAACCAAAAC,0
GCTACATATTGAGAAA,0
GCTACATGCGAATTTA,0
GCTACATGTGTAGTGA,0
GCTACCACATTAACCA,0
GCTACCCACGTAAAAT,0
GCTACCGTTAGTACGT,0
GCTACGACAATCATAA,0
GCTACGAGTACCGGCT,0
GCTACGATCTGAAGCG,0
GCTACGATGTTAGACC,0
GCTACGGAAATTAGGA,0
GCTACGGTGACGACAG,0
GCTACGTGATCAGACC,0
GCTACTACTCATCAAT,0
GCTACTCGACATGTGA,0
GCTACTGAGCTAAAAG,0
GCTACTTGAGTTGTAA,0
GCTACTTTCGTAACAA,0
GCTAGAATACGAATCA,0
GCTAGAATCAAAAGCG,0
GCTAGACATTAATATG,0
GCTAGACATTGACAAG,0
GCTAGACCTACCTAAC,0
GCTAGACTAGAAGCTG,0
GCTAGAGATCGTATCG,0
GCTAGATAGAGAACTA,0
GCTAGATCCTTGACAT,0
GCTAGCCTACCTATAG,0
GCTAGCGAGCCCTTAT,0
GCTAGCTAAGAGCAAA,0
GCTAGCTCCAACTAAT,0
GCTAGCTTAACCACGA,0
GCTAGGCGGTGTCGAA,0
GCTAGTAAAACCTATT,0
GCTAGTCCCCACTTTT,0
GCTAGTTAAAATCAGA,0
GCTAGTTGGGGTAAGA,0
GCTATAAAAAAAAGAT,0
GCTATAAATTGTAATA,0
GCTATAACTAGTATAA,0
GCTATAATGTAAGGTC,0
GCTATACGACCGAATA,0
GCTATACGGATGTATT,0
GCTATACTTCGGCATA,0
GCTATAGACGAAACAA,0
GCTATAGTGGTGCTTC,0
GCTATATACATCACGT,0
GCTATATTATGTTGAA,0
GCTATCAAACCTCAGC,0
GCTATCAATTTCTAAT,0
GCTATCAGGCATTAAC,0
GCTATCATCTACAAAA,0
GCTATCATTACCAATT,0
GCTATCCATTTATCTA,0
GCTATCTCCGGACCCA,0
GCTATCTTGACTAATT,0
GCTATGCCATATCAAC,0
GCTATGCTCGTGCACA,0
GCTATGGCCATCAACT,0
GCTATGTTGCTATTAG,0
GCTATTGGACCCCCTA,0
GCTATTGGACGGTGCT,0
GCTATTGGGCGATAAA,0
GCTATTTCCCAGTCCC,0
GCTCAAAATTTGAAGC,0
GCTCAACAGGCTCTGT,0
GCTCAACCTAAATACA,0
GCTCAAGAATATGGAA,0
GCTCAAGCGATTTTCC,0
GCTCAAGTATCCAGTG,0
GCTCAATATTACGCCA,0
GCTCAATCGCAGCCCT,0
GCTCAATGTAACGCAA,0
GCTCAATGTATCGCAA,0
GCTCAATTTAACAAAA,0
GCTCACGGTGAAGGGT,0
GCTCACGTAAATGCAA,0
GCTCACTTACACGGCA,0
GCTCAGAACATGCCGT,0
GCTCAGACGCAAATTA,0
GCTCAGCACAATCCAA,0
GCTCAGCAGTAATAAA,0
GCTCAGCTCCCCGCGT,0
GCTCAGTCCATACATC,0
GCTCATAATATTAGAT,0
GCTCATACCGAGAGTA,0
GCTCATTGGTGAACGG,0
GCTCCAAAGATCCTCA,0
GCTCCAACGTTCATAC,0
GCTCCAAGAGTAGAGC,0
GCTCCACACAGCAGAG,0
GCTCCACCCCACCGTA,0
GCTCCATACCATCTCC,0
GCTCCATCGCTACAAT,0
GCTCCCATCTGAGATA,0
GCTCCCCACACTAACG,0
GCTCCCCTTTGCTTAT,0
GCTCCCGCATTCCCAA,0
GCTCCCGGACATCACA,0
GCTCCGACTTAACGTT,0
GCTCCGATTATATGGC,0
GCTCCGCAGTACATAT,0
GCTCCGCATTAATTTA,0
GCTCCTACGACAATAT,0
GCTCCTAGTCGGATAC,0
GCTCCTATACTAGGAA,0
GCTCGAAGTGTTCAAT,0
GCTCGAGCAAATGCAA,0
GCTCGTAAAAATCTAG,0
GCTCGTACAACAGAAA,0
GCTCGTCTTTACGTCA,0
GCTCGTTCGAGTGTAA,0
GCTCTACAACAAACCC,0
GCTCTAGTTTGGAGGT,0
GCTCTCACAAATAATT,0
GCTCTCATATCTAAGC,0
GCTCTCGAGGTAACGA,0
GCTCTCGGTTCAAGAA,0
GCTCTCTCCGTTTATG,0
GCTCTGACATGCTAGG,0
GCTCTGATCCCACGAC,0
GCTCTGATGATAATCC,0
GCTCTGCCAATAGTCC,0
GCTCTTATTATCATCA,0
GCTCTTGATGAACAAC,0
GCTCTTGTAATCAACT,0
GCTGAAAACGGCCCGC,0
GCTGAAACAATTTTAC,0
GCTGAAACTACAGGAT,0
GCTGAAATGAACTAAA,0
GCTGAACATATTGTAT,0
GCTGAATACTGAAACA,0
GCTGACAGGAGACGAG,0
GCTGACCACCCTGATC,0
GCTGACCAGACATAGC,0
GCTGACCCTATATCCA,0
GCTGACCGCGCAGACT,0
GCTGACCTAGCGCTAC,0
GCTGACGAATATGAAT,0
GCTGACGTGATAGCCC,0
GCTGACTACAATTAAA,0
GCTGACTTAATTCTTC,0
GCTGAGAAAGGCAAAA,0
GCTGAGCGGTAAATTC,0
GCTGAGTACCACCTAA,0
GCTGAGTATAAAGAGG,0
GCTGATAACGTCAACT,0
GCTGATACACTATTTA,0
GCTGATATCTTACTGA,0
GCTGATTTGAAAGCAG,0
GCTGCATCCTAGCACC,0
GCTGCATGACAAAAAT,0
GCTGCCCCCTGTCCCA,0
GCTGCCCTTGCGCGAC,0
GCTGCCTATATGATGA,0
GCTGCTATATAAATGC,0
GCTGCTCGATCCATAC,0
GCTGCTGGACCTTAAC,0
GCTGCTTAATGGACAG,0
GCTGGAATTTCTTGGA,0
GCTGGACCACGAAACT,0
GCTGGACGTACATTGA,0
GCTGGACGTTAGGGGA,0
GCTGGAGAACGTACAG,0
GCTGGCCAGAGCACAG,0
GCTGGGAAATAACTAA,0
GCTGGGAGTCACAAAT,0
GCTGGGATTACCCGAG,0
GCTGGGCTCGCCCTAA,0
GCTGGTTCGAGCTCGT,0
GCTGGTTGCCTTTAGT,0
GCTGTAAAGTGCTTCA,0
GCTGTACAAACACTTT,0
GCTGTATACATATATA,0
GCTGTATGTTGAAGAA,0
GCTGTCAAAAACTTAT,0
GCTGTCAGCTTCTGTA,0
GCTGTCAGTGATCAGG,0
GCTGTTATTAAGCCTT,0
GCTGTTCTTAGTAACT,0
GCTGTTGAAAAAATAA,0
GCTTAAAAAAGACTAG,0
GCTTAAAAATCAATTG,0
GCTTAAAACTTAGCAA,0
GCTTAAAAGACTATCG,0
GCTTAAAATAATCAAC,0
GCTTAAACCTATCACA,0
GCTTAAATAGTGACCA,0
GCTTAACACCTAAACA,0
GCTTAACCGAAGACAC,0
GCTTAACGTGAGTTAA,0
GCTTAACGTTAACACG,0
GCTTAAGTCAGTACCT,0
GCTTAATAAGCAAATT,0
GCTTAATACAAATATC,0
GCTTAATATTAAATGT,0
GCTTAATGCACAGCTA,0
GCTTACAACTTAAACC,0
GCTTACAGAATTCTTT,0
GCTTACCAATCGTCAA,0
GCTTACCCTGGGATCT,0
GCTTACCTGCTTCACA,0
GCTTACGACGAATAAC,0
GCTTACGACTGAATCG,0
GCTTACTACACCAACT,0
GCTTACTCAAAGCTTC,0
GCTTACTTGAACCGAA,0
GCTTAGACATCAAACG,0
GCTTAGCCCCCCTGCC,0
GCTTAGTAAGGTTCAA,0
GCTTAGTAATAAGTGT,0
GCTTATAACGACACCC,0
GCTTATAGACAACAAA,0
GCTTATATATTACAAA,0
GCTTATATCCGACGAT,0
GCTTATGGTGTGAATT,0
GCTTATTCAATTTATC,0
GCTTATTGCACTATAT,0
GCTTCAGTCGTTGGAT,0
GCTTCATAAGAACCAC,0
GCTTCCATCCTGCTAC,0
GCTTCCATGATAATAC,0
GCTTCCCAACAGTTGA,0
GCTTCCCGTTGAAACA,0
GCTTCCGAAATCACTA,0
GCTTCCGATTCGATCT,0
GCTTCGATGCATTAAC,0
GCTTCGCTCAATGCCT,0
GCTTCGTCCTAAAGAT,0
GCTTCTAACATATCAC,0
GCTTCTAAGTTAAGGT,0
GCTTCTCAAAAAGCAT,0
GCTTCTCACTCAAGTG,0
GCTTCTCTCGGAATAG,0
GCTTCTTAAGGCTACA,0
GCTTCTTTAGGCACTA,0
GCTTGAAGATAGAAAA,0
GCTTGAAGCAATGCGA,0
GCTTGAGATTTTAGCA,0
GCTTGAGGACATTCCC,0
GCTTGATCCAACGGCG,0
GCTTGCATACTAAAAA,0
GCTTGCATTCTACGAA,0
GCTTGCGCTAATCATG,0
GCTTGGATGGTTCTAT,0
GCTTGTGCTAATGGAA,0
GCTTGTTAAATCACTC,0
GCTTGTTAACAAGTAC,0
GCTTTAATATCAATGT,0
GCTTTACTATCTCCGA,0
GCTTTACTTTAAACGA,0
GCTTTATAATCGGATA,0
GCTTTATACATACCTT,0
GCTTTCAATAGTCTCA,0
GCTTTCCAAGCCTTCC,0
GCTTTCCTTCATTCGA,0
GCTTTGACATGTTCCA,0
GCTTTGCTTCCACAGG,0
GCTTTGGTAGCCGGCA,0
GCTTTGTATAAGAATT,0
GCTTTTACCGTGCAAT,0
GCTTTTCAGTTAATAA,0
GCTTTTGATAATCTAA,0
GCTTTTGGCACTCTAC,0
GCTTTTTAAAACAGGG,0
GCTTTTTGCGTTAGCA,0
GGAAAAAAACCGATTA,0
GGAAAAAAGAGTAATA,0
GGAAAAAAGCTACCTG,0
GGAAAAAGAAGATTGT,0
GGAAAAAGGTCACTTG,0
GGAAAAAGTAAACGCC,0
GGAAAAATACAAACAA,0
GGAAAAATAGATGATA,0
GGAAAAATCACAATCC,0
GGAAAAATGTAATATA,0
GGAAAAATTAAAAATA,0
GGAAAACCAAGCAGAA,0
GGAAAACTATATAAGC,0
GGAAAACTCCATGGAC,0
GGAAAAGATGTTAGGC,0
GGAAAATACTGATGTA,0
GGAAAATCCTAAAACG,0
GGAAAATCGAGAATTC,0
GGAAAATTACCCCAAC,0
GGAAAATTACTAGAAG,0
GGAAAATTGAGGTATT,0
GGAAACAAAAATAAGA,0
GGAAACAGTAACAAAG,0
GGAAACCAAACAGTTA,0
GGAAACCCACTAACCT,0
GGAAACCCGAATGACT,0
GGAAACCTAATGAACC,0
GGAAACGATACGATGA,0
GGAAACGGAGTATGGA,0
GGAAACTAGCTGCACT,0
GGAAAGACACCACACC,0
GGAAAGGATAGTTAGA,0
GGAAAGGTTAGACCTA,0
GGAAAGTCACTAGCCC,0
GGAAAGTTTCCTAATA,0
GGAAAGTTTGCGATAT,0
GGAAATAACACGAAAG,0
GGAAATAATTGACATC,0
GGAAATAGTAAAAGAA,0
GGAAATATATAGAAGA,0
GGAAATATATCTACAA,0
GGAAATCCATAACGCT,0
GGAAATCTCAAGTGTC,0
GGAAATGAGCTATTCA,0
GGAAATGCACACTTCT,0
GGAAATGGGTGACAGC,0
GGAAATTACGAGAGAA,0
GGAAATTCTAATTTTA,0
GGAACAAATAACCGCT,0
GGAACAATAAAGCCTT,0
GGAACACAAGTCTTCG,0
GGAACACATCTCGGTC,0
GGAACACGATTATACA,0
GGAACAGAAAGTGTAG,0
GGAACATATCCACCGA,0
GGAACATGGTCCAGAA,0
GGAACATTAAACAATT,0
GGAACATTTTTAGCAC,0
GGAACCAAAAGATAAC,0
GGAACCACTGAAATTG,0
GGAACCAGTAAAAACG,0
GGAACCAGTAAACACA,0
GGAACCATACCTCCAA,0
GGAACCATTGACATCA,0
GGAACCCGCCAGAAAA,0
GGAACCCGCTTATCTA,0
GGAACCGCAATGCAGA,0
GGAACCTAGTCCGGGA,0
GGAACGCTATACTGCC,0
GGAACGCTCATCTACG,0
GGAACGTGGTCGAAGT,0
GGAACTAAACACCTGA,0
GGAACTAAACGAAATC,0
GGAACTAATGAATTTT,0
GGAACTCCTTAGCCTA,0
GGAACTGACATATACA,0
GGAACTGCTCATGCAA,0
GGAACTGTCAAGCAAA,0
GGAACTTAAGTAAAAT,0
GGAACTTAGTATAAAC,0
GGAAGACAACTCGCAC,0
GGAAGACCACAAACAT,0
GGAAGACGAACAAAGA,0
GGAAGACGTGAACTCG,0
GGAAGAGAAATGAGTT,0
GGAAGAGATCGGCCGT,0
GGAAGATAGCGCAACT,0
GGAAGATCCCTTCGCA,0
GGAAGATCTGCTAATA,0
GGAAGCCCCCAATGAT,0
GGAAGCCTGCAGACAG,0
GGAAGCTCCAGAAAGG,0
GGAAGGAGACTTAGCA,0
GGAAGGAGTATGCGCC,0
GGAAGGTTTTGAAACA,0
GGAAGTACACCCAAAG,0
GGAAGTCACTCGATGC,0
GGAAGTCCTCAGCAGT,0
GGAAGTCCTGAATAAC,0
GGAAGTCGAGAAAAAA,0
GGAAGTGGAAAATCAA,0
GGAAGTTATTAAACAT,0
GGAAGTTGCCATTGTA,0
GGAATAACATTCGGGC,0
GGAATAACGAGTTCTC,0
GGAATAATAGCACAAG,0
GGAATAATCTAAAATA,0
GGAATAATTAAACGCC,0
GGAATACAAAGAGAGT,0
GGAATACAAAGCTGAA,0
GGAATACCAAGGACTA,0
GGAATACTAGTTAGAA,0
GGAATAGGAACCGCAT,0
GGAATATGATACCAGA,0
GGAATATTGCCAGATT,0
GGAATCAATAGCAGGG,0
GGAATCACCAGGGTAA,0
GGAATCAGGAGATTAA,0
GGAATCAGTTCCTTTT,0
GGAATCCACTACGTCA,0
GGAATCCATCAAACAG,0
GGAATCCGGAGATGAT,0
GGAATCGACCTCCCTA,0
GGAATCGCCACAACTC,0
GGAATCGTGCGATGAG,0
GGAATGAGCTACCAGC,0
GGAATGAGGTTCGTAG,0
GGAATGCAAGAAAATA,0
GGAATGGAAGATAATC,0
GGAATTACCAGAACTA,0
GGAATTACTGTTTTGT,0
GGAATTAGCCGACATA,0
GGAATTAGGATATAGA,0
GGAATTGAACTCTCCA,0
GGAATTGAAGGACCAT,0
GGAATTTAATTATAGT,0
GGAATTTAGGAGGACA,0
GGAATTTCACGTTTAA,0
GGACAAAAACACAAAA,0
GGACAAAACATCCAGG,0
GGACAAATAATAGTTT,0
GGACAAATGAAAAGTA,0
GGACAAATTACTACCA,0
GGACAAATTTTCACCC,0
GGACAACTAAAGCGTA,0
GGACAATACCTCCGGA,0
GGACAATCGATTCGCT,0
GGACAATCTATATTTG,0
GGACACAAGCCACGGG,0
GGACACAATATGACTT,0
GGACACACGAACAGAC,0
GGACACAGACTTTGAC,0
GGACACCCCAAACTGA,0
GGACACCGTCCCGGAC,0
GGACACGACCATGAAC,0
GGACACTTACGCACAT,0
GGACACTTAGTATCCT,0
GGACACTTCCCACATG,0
GGACAGAATGAAACGT,0
GGACAGAATTTAAGCA,0
GGACAGCGATACATCA,0
GGACAGCGCAGCACAA,0
GGACAGGCACATGAGA,0
GGACAGGCTAAAGACC,0
GGACAGTAAAAATCAT,0
GGACATAAACACCCGG,0
GGACATAACCTCCCGG,0
GGACATAATGAGTGCA,0
GGACATATAAAAATGA,0
GGACATATATGGTAGA,0
GGACATCATATCTAGC,0
GGACATCCACAGCCGA,0
GGACATCCATTATCAA,0
GGACATTAGGAAGTAG,0
GGACATTCATATTAAA,0
GGACATTCGCTGTCTA,0
GGACCAAAAAATTCTA,0
GGACCAAGAGCCAAAA,0
GGACCAATGAATTAGT,0
GGACCAGTGTCACAGA,0
GGACCATGCCATGATA,0
GGACCCACCGGCCAGT,0
GGACCCAGAAATCACA,0
GGACCCCAATACAAGC,0
GGACCCCTTTAGATTG,0
GGACCGAGTGGGAAGC,0
GGACCGCTAAGGGTCT,0
GGACCTGTATTAAGAC,0
GGACCTTCTTTGAAGG,0
GGACGAAAACAAATCA,0
GGACGAACAACCAAAA,0
GGACGAACTAGATACC,0
GGACGAAGGGATTAGT,0
GGACGAGTAACACGAC,0
GGACGATACACCGCGT,0
GGACGCAATGAATAAG,0
GGACGCACATTCTTTT,0
GGACGCATCGAAAATA,0
GGACGCCATGTAAATT,0
GGACGGAGCAAAAAAG,0
GGACGGATGAATAAGA,0
GGACGGCGAGAACGTC,0
GGACGGGTGCCAATCC,0
GGACGTCCCAGATAGC,0
GGACGTTGACCTAATC,0
GGACTAAAGACACACA,0
GGACTAAGCTAATGGG,0
GGACTAATATGACTTT,0
GGACTAATTATCAATC,0
GGACTACCACCGCTAC,0
GGACTAGAACACTAAC,0
GGACTAGTATTTTGAT,0
GGACTAGTGAAATGCT,0
GGACTCACGACTGGAT,0
GGACTCCGTGTTAGCA,0
GGACTCCTTAGAAAGA,0
GGACTCTGGGCCGATT,0
GGACTCTTACCATTTT,0
GGACTCTTCAGCTACG,0
GGACTGGAGAACTGTA,0
GGACTGGCCTGACCTT,0
GGACTGTCTGATACGG,0
GGACTTACCCAAGATC,0
GGACTTATGGTAGAAT,0
GGACTTCATGCACGTC,0
GGACTTGAAAATCTCA,0
GGACTTGCCGGCTCCA,0
GGACTTGGATTAAGAA,0
GGACTTGTCTGGAGCG,0
GGACTTGTTGGTTAGA,0
GGACTTTGACATACAT,0
GGAGAAACAGTTAAGG,0
GGAGAAAGAGCGGCGT,0
GGAGAAATAGAGTGTG,0
GGAGAACACCACCGAT,0
GGAGAACGTGGTTGAA,0
GGAGAACTACAAACCG,0
GGAGAACTGAGCTAAC,0
GGAGAACTTTAGATTT,0
GGAGAAGATAATCATT,0
GGAGAAGATTCATCGA,0
GGAGAAGCAAGATATA,0
GGAGAAGTCATAATAA,0
GGAGAATCCTTCTTTT,0
GGAGAATTACTCTCTT,0
GGAGAATTGGACCACA,0
GGAGAATTTTAAACAG,0
GGAGACACATATGAGA,0
GGAGACATTTGATAGG,0
GGAGACCGAGGCATGG,0
GGAGACGATGAAACCA,0
GGAGACTACTAGATAG,0
GGAGACTTCCTGACAC,0
GGAGAGAAACTCTAAA,0
GGAGAGGATCCAATAC,0
GGAGATAATCAACCAA,0
GGAGATACCGAATAAC,0
GGAGATACTATTGACT,0
GGAGATCTGCTAAGTG,0
GGAGATGATTTGGCTC,0
GGAGATGTAATACTCC,0
GGAGATTAAATTTATG,0
GGAGATTTTTGTTATT,0
GGAGCAAAACAGGACT,0
GGAGCAACCCACTGCC,0
GGAGCAACCTGAAACA,0
GGAGCACGATAAATTT,0
GGAGCAGGGGCCACGT,0
GGAGCATAGGTCAATG,0
GGAGCATGCAGAGAAT,0
GGAGCCAAATGCATCA,0
GGAGCCAACAGCAACC,0
GGAGCCATCGAATAAT,0
GGAGCCCAGCCCACAT,0
GGAGCGAAAGATTGGT,0
GGAGCGAATAAGTTAA,0
GGAGCGTCCACAGAGA,0
GGAGCTGGCAAAAGAA,0
GGAGCTTACAGGACCC,0
GGAGCTTTATGTCGCT,0
GGAGGAAATTCAATAA,0
GGAGGAACGGAAACCA,0
GGAGGAATTTCATTTT,0
GGAGGACGTATCAAGA,0
GGAGGCACCGATGCCT,0
GGAGGTAAAGCAAACG,0
GGAGGTACGACCTCCC,0
GGAGGTCCAATAGATC,0
GGAGGTCCTGGACACT,0
GGAGTACACCTAAACA,0
GGAGTACCGCTCGAAA,0
GGAGTAGCACTTAAAA,0
GGAGTAGTTGGCGTTC,0
GGAGTATAGATTAACT,0
GGAGTATCCAGGCACC,0
GGAGTCATAACAAGAC,0
GGAGTCCAGTCGGCTA,0
GGAGTCCCCGACTTAA,0
GGAGTCGTCCCTACTA,0
GGAGTGCATAACCCGG,0
GGAGTGCTAGGAAAGC,0
GGAGTTAAGAATTATA,0
GGAGTTCAAATTAGGC,0
GGAGTTGCCAAAGCCC,0
GGATAAAAAAAACCAA,0
GGATAAAACTGGACAT,0
GGATAAACCAGGAGAT,0
GGATAAAGTTCACTCT,0
GGATAACAAGTATTAC,0
GGATAACACTCCCTGA,0
GGATAACGCCTATTGT,0
GGATAATACAGAAATG,0
GGATAATTAGGATGTG,0
GGATACAACTACTGAG,0
GGATACATAATTGCAA,0
GGATACATCAAGAACA,0
GGATACCAAATGACGA,0
GGATACCCAAAGCATC,0
GGATACCGCTTCCTAT,0
GGATACCTGGTGTACT,0
GGATACTCCAGAAGCA,0
GGATAGACACCAGCCG,0
GGATAGCGGAAATAAC,0
GGATAGTATAGAACCG,0
GGATAGTATGAACAAT,0
GGATATACAATTAATA,0
GGATATAGTAACTTCT,0
GGATATCCCTGCCTAC,0
GGATATGAATCAACCG,0
GGATATGAGCTATTGA,0
GGATATGAGTATACTT,0
GGATATGCATTGAGTA,0
GGATATGGCCGACCAA,0
GGATATTCTTTCTTCC,0
GGATCAAGAGAAAGCT,0
GGATCAAGCCCTGCAG,0
GGATCAAGCCCTTAAC,0
GGATCAATCAATTACT,0
GGATCACGAAGAAAAA,0
GGATCAGAGAAAAGGA,0
GGATCAGAGATAATCT,0
GGATCATATAACTATT,0
GGATCCAGCAGCCCCC,0
GGATCCAGTATGTTTG,0
GGATCCATAGATAACG,0
GGATCCCACAATGGAT,0
GGATCCCTTCACAATA,0
GGATCCGCCGTTATCG,0
GGATCCGCCTTATTGA,0
GGATCCTACGTCAAGA,0
GGATCCTGCCAAACGG,0
GGATCCTTGTGAAACG,0
GGATCGAGTTACCATG,0
GGATCGATAAATACAA,0
GGATCGATCCCTGAAA,0
GGATCGCTTCACATGA,0
GGATCGTATCATAAAA,0
GGATCTCCTAAACAAA,0
GGATCTTATAGGCTAC,0
GGATGAACACCTAAAT,0
GGATGAAGAAAGTCCC,0
GGATGACGAGTACTCA,0
GGATGATAGAACGTAA,0
GGATGATAGGCAGGGG,0
GGATGCAATAAAATAA,0
GGATGCTATTTGGCGC,0
GGATGCTTGAACCAAT,0
GGATGGAAAATGATGC,0
GGATGGAAAGTAATAA,0
GGATGGCAAATCCCGC,0
GGATGGCATTTTAGGC,0
GGATGGGTTCTCAAAT,0
GGATGTAATACGCGAG,0
GGATGTCAAGTAAATG,0
GGATGTCCTGGGTCAA,0
GGATGTCTTTAAATGT,0
GGATGTTAAATTAAAA,0
GGATGTTAATGTACAA,0
GGATGTTCAGTCGATT,0
GGATGTTTAGTTTAAA,0
GGATTAAATTCCAGGC,0
GGATTAACACAGCATG,0
GGATTAAGAATAGGAT,0
GGATTAATTTCAAGAA,0
GGATTACATTAAAAAA,0
GGATTAGACATAAACC,0
GGATTAGCAATTCACA,0
GGATTAGCGCAGAACC,0
GGATTCAAACGGAACG,0
GGATTCATTCACATCA,0
GGATTCGAAGATGAAC,0
GGATTCTATCTTTCCT,0
GGATTGATATTAAAGA,0
GGATTGCCCACCAGGG,0
GGATTGGGCACGCATA,0
GGATTGTCTGTGAACT,0
GGATTGTGATCCTCCA,0
GGATTTAATACACTAT,0
GGATTTATAATCAATC,0
GGATTTATTAAAAAAA,0
GGATTTTCGGGTGACT,0
GGATTTTTAAAAAGAC,0
GGATTTTTTACTAGCT,0
GGCAAAAAGTCAATTT,0
GGCAAAACAATGAACC,0
GGCAAAACTATGCTCG,0
GGCAAAAGTGTATAGA,0
GGCAAAATAGAGACTC,0
GGCAAAATTTGTTGAA,0
GGCAAACCCGTAAAAG,0
GGCAAAGAAGTATAAT,0
GGCAAAGACCACAAGT,0
GGCAAAGCATAATAGA,0
GGCAAATAATCTCGAC,0
GGCAAATCGGATTAGT,0
GGCAACAAACATGTGC,0
GGCAACAATAGATGGA,0
GGCAACACCTATACTT,0
GGCAACCAAAAAGCGA,0
GGCAACCGTCACGTAC,0
GGCAACGAACATAAGC,0
GGCAACGTTGACCCAT,0
GGCAACTGACATGCAC,0
GGCAAGATTGAGTTAA,0
GGCAAGTAAACTGACG,0
GGCAAGTAAATTTGAA,0
GGCAAGTACGCAGCTA,0
GGCAATAAACGCGAGA,0
GGCAATAACGAATATA,0
GGCAATATAAAAGAAT,0
GGCAATATGTCATTGA,0
GGCAATATTATCGTTT,0
GGCAATTAATTCTTTT,0
GGCAATTAGTTCTCTA,0
GGCACAAAACCAACTA,0
GGCACAAATCTACCAT,0
GGCACAATCATGTAAC,0
GGCACAATGCTAGCGA,0
GGCACAATTAAGATTG,0
GGCACACAATCACACA,0
GGCACACTAAGATTGA,0
GGCACATCAATCCCAC,0
GGCACATCTTGGCCCA,0
GGCACCACGCTCTTTC,0
GGCACCAGAGAGTCCT,0
GGCACCCAGTTCTAAG,0
GGCACCCCTCTCCGTC,0
GGCACGCAAACTAAAT,0
GGCACGCAGGGCAGAT,0
GGCACGCCGATTAGAC,0
GGCACGGAAAAATAAG,0
GGCACGGCAGCGCCAT,0
GGCACGTACGATATAA,0
GGCACTCCATTTCACC,0
GGCACTGGAAAGCTTA,0
GGCACTTCAGGACTAA,0
GGCAGAAACGATCAGA,0
GGCAGACACGGTCATA,0
GGCAGACCTCGTAATA,0
GGCAGATACCATAAAT,0
GGCAGATCTACAAACA,0
GGCAGATTTTAGATAT,0
GGCAGCCCCCAGTGAA,0
GGCAGCTATACACCTC,0
GGCAGCTGATAGAAGT,0
GGCAGGATGATCTCGA,0
GGCAGGATGGATGCTT,0
GGCAGTAATTCGTCCA,0
GGCAGTACTAACCACC,0
GGCAGTTACACGTCAA,0
GGCATACATGATGGGG,0
GGCATACTGAAAACCA,0
GGCATAGCTGGTGGCG,0
GGCATAGGTACAAATA,0
GGCATAGTCATTCAAA,0
GGCATATTGCTGATAG,0
GGCATCAATATAGTCA,0
GGCATCTCCCTGATTA,0
GGCATGCCACCTAGGT,0
GGCATGCCCGAACATG,0
GGCATGTATGACAAAA,0
GGCATGTGACGCCCCT,0
GGCATGTGATCTCGAA,0
GGCATTATTTATCACC,0
GGCATTGTCTGAAAGA,0
GGCCAAAAATTGTCAA,0
GGCCAAAGGAAACTCG,0
GGCCAAAGTCAATAAA,0
GGCCAAATCGATGCTA,0
GGCCAACTTGTTTAAC,0
GGCCAAGACTATACAT,0
GGCCAAGCTCGAACAA,0
GGCCAAGTCCACTACC,0
GGCCACAAATATAAGA,0
GGCCACCAATTCCGTC,0
GGCCACGCAAGACTGG,0
GGCCACTAGCGCCTGA,0
GGCCACTATTGTGCAA,0
GGCCAGTATAATCAAA,0
GGCCATAAAAAAATCT,0
GGCCATAACTACTTGG,0
GGCCATAGTAGAGATG,0
GGCCATCAATTCGACC,0
GGCCATCGCCCAATCA,0
GGCCATTCATACCACA,0
GGCCATTTACCTTACT,0
GGCCCAAATCGACAAT,0
GGCCCAATAGTTAAAA,0
GGCCCACACGAAAATA,0
GGCCCACCGTCCTAAA,0
GGCCCAGCAACGCGGC,0
GGCCCAGTTTTAGCCT,0
GGCCCATCGGTGCGAC,0
GGCCCATCTGTAAAAT,0
GGCCCCCCCCCAACAG,0
GGCCCCCGATTTACTT,0
GGCCCCCTCTCGACCA,0
GGCCCCCTGATGGACA,0
GGCCCGAGGGGCTCAC,0
GGCCCGGTACGCAGAA,0
GGCCGATCAATTCAAC,0
GGCCGATCATGTATTA,0
GGCCGATCTTCCGGTG,0
GGCCGATGCAACAATG,0
GGCCGATGTGATAAAC,0
GGCCGATTTATACCCG,0
GGCCGGTGACCGAACG,0
GGCCGTATTAAACGCA,0
GGCCGTCCTTGAAGCA,0
GGCCGTTAAGGGCACC,0
GGCCTAAGCCGCGTTA,0
GGCCTACTGCTAAGAT,0
GGCCTATATCATTCCC,0
GGCCTCCGAATTTTAG,0
GGCCTCTACTTACTAC,0
GGCCTCTGAGTCAATG,0
GGCCTGTACAAACCGA,0
GGCCTTACCACTCATG,0
GGCGAAACAAGAACAA,0
GGCGAAACACCATACA,0
GGCGAAATATGGGAAC,0
GGCGAAGCGATATCAT,0
GGCGACACGGTTGGAT,0
GGCGACATGCAAACAA,0
GGCGACGTATAAATGT,0
GGCGACTAGGTAGTAC,0
GGCGACTCTTTCCCGC,0
GGCGAGAAACAATTAG,0
GGCGAGAATGTCACAT,0
GGCGAGAGGTAACCAC,0
GGCGATGTTCCCAAAT,0
GGCGATTACCCCCCAG,0
GGCGCAATAAACGGTA,0
GGCGCACCAGTCGAGA,0
GGCGCAGGCTCGATAC,0
GGCGCATAGACTACTC,0
GGCGCATTCTAATGTA,0
GGCGCATTTGCTCCTT,0
GGCGCCATAATGATTT,0
GGCGCCGAGGAACTTA,0
GGCGCCTCTTTATCCG,0
GGCGCGATTAAAAAAC,0
GGCGCTCCTCTTAAAA,0
GGCGCTGCAGATAATC,0
GGCGGAAGATCCGAAA,0
GGCGGCATTACACAAG,0
GGCGGGACAAATTCAC,0
GGCGGTAAATCCAATA,0
GGCGGTTTTATAGGTT,0
GGCGTAAGATAAAACG,0
GGCGTACACATCAGAT,0
GGCGTACACGAGGGGA,0
GGCGTACTGGATATGA,0
GGCGTAGCAAAACCTG,0
GGCGTCTAGCCGTTTA,0
GGCGTGCCTGATTGAT,0
GGCGTTCAACTGACAT,0
GGCGTTCACATGAACC,0
GGCGTTTACGAATAAG,0
GGCGTTTCTTTAAAAA,0
GGCTAAAGAGTAGATA,0
GGCTAACCAAATAAAA,0
GGCTAACTACCCCTGG,0
GGCTAAGAAAATAGAC,0
GGCTAAGAACAACAAT,0
GGCTAAGACGTTATAC,0
GGCTAAGGAATCTACT,0
GGCTAAGGTTAAGGAC,0
GGCTAATCAGAAATAG,0
GGCTAATGGTAGAGAC,0
GGCTACAGCCACCCTT,0
GGCTACATCTGGTGCC,0
GGCTACCACTGTAACC,0
GGCTACCCTCCAATCT,0
GGCTACGCAGTTAAAA,0
GGCTACGGCATCAAAC,0
GGCTACGGTATCAACG,0
GGCTACGTAAGGCTAC,0
GGCTACTACCAGACAA,0
GGCTACTTTAAATTAA,0
GGCTAGAAGGCTTGTC,0
GGCTAGATCTTACAAC,0
GGCTAGCCTGTACACT,0
GGCTAGCCTTCAGATT,0
GGCTATAGAGGGTCGT,0
GGCTATGACACTAAGG,0
GGCTCAAAAAATTGAA,0
GGCTCAGACGGAACTT,0
GGCTCATGAACGTGCG,0
GGCTCCACTTACCGAT,0
GGCTCCCACCGAGCCG,0
GGCTCCGACGTTCTAT,0
GGCTCGCACAGACTAT,0
GGCTCTATTATATGAC,0
GGCTCTTCATTAAATC,0
GGCTGACACCGCTTTG,0
GGCTGACCGAACTACT,0
GGCTGACTGAATCAAC,0
GGCTGAGAAAACGAAA,0
GGCTGATATTGTAATT,0
GGCTGATCATACGACG,0
GGCTGCCGAATGGTGG,0
GGCTGTAAATTGACTC,0
GGCTGTAACCAGTGAC,0
GGCTGTTGCCTACATC,0
GGCTGTTTGATTTAAA,0
GGCTTAAAGAGGGATT,0
GGCTTAACCGAATTTC,0
GGCTTAAGATATAAAA,0
GGCTTAGAGACGGTAG,0
GGCTTAGCTAGCCAAG,0
GGCTTATACAAATAAT,0
GGCTTATGATAATCCA,0
GGCTTCTAGTACACCC,0
GGCTTGACCCGTCGGA,0
GGCTTGGCCGCTCCTT,0
GGCTTTAACGAATGAC,0
GGCTTTACCAGTCCCC,0
GGCTTTCTGGTTCTAC,0
GGCTTTTGCAACATTT,0
GGGAAAACCCACATGA,0
GGGAAACCTAAATAAC,0
GGGAAACTACGGCAAG,0
GGGAACAACTAGAATT,0
GGGAACAAGCTTCGAC,0
GGGAACGGATTAGCCA,0
GGGAACTCAACTAATA,0
GGGAACTTCGATCGAT,0
GGGAAGACAGCTAAAA,0
GGGAAGACCTCGTGAG,0
GGGAAGATTGCTCTTA,0
GGGAATAAGAGAGGAA,0
GGGAATACTCCAAGTA,0
GGGAATAGATCGAATG,0
GGGAATAGTAACCATA,0
GGGAATATTTTTGTGA,0
GGGAATCAACGCTAAC,0
GGGAATCATCCCACAT,0
GGGAATGTAATCACTA,0
GGGAATTAGGTAATAT,0
GGGAATTTTTACTTCG,0
GGGACACCACGTATCA,0
GGGACACCCTCGACCG,0
GGGACACCTCGAGACA,0
GGGACAGCAGTACACA,0
GGGACAGCGTAAATAC,0
GGGACAGTAACCAAGT,0
GGGACAGTAGCCGGTC,0
GGGACATTGTAAAGGT,0
GGGACCACGAATGGTG,0
GGGACCGAATGTACAA,0
GGGACCTACTGTACCT,0
GGGACGCCAACGGCAG,0
GGGACGGAAATGCACA,0
GGGACTAGATTATTTC,0
GGGACTATAAATCTCA,0
GGGACTATTTTTATGG,0
GGGACTGCAGAAGAAA,0
GGGACTGCGGCCCACT,0
GGGACTTATTGTAATG,0
GGGAGACTTGAATAGC,0
GGGAGAGAGGGACTTT,0
GGGAGCATAATCTGAA,0
GGGAGGCCCAGGTGAT,0
GGGAGGCTTAACTACG,0
GGGAGTCATAATCCTA,0
GGGATAAACTTATAAT,0
GGGATAAGATCACACC,0
GGGATAATGTGCGGAC,0
GGGATACATTAAAATG,0
GGGATATAATGCGGAC,0
GGGATATGAAGGAGAA,0
GGGATCTGCCTTAATG,0
GGGATGAGATCAATTC,0
GGGATGATGCAGACCA,0
GGGATGGCTCATATAT,0
GGGATTAAATTTTACA,0
GGGCAAATCGCACTCC,0
GGGCAAATGCCTCCGA,0
GGGCAACCATTGCATT,0
GGGCAAGAACTGCTCC,0
GGGCAATCTTACCACT,0
GGGCAATGGGGACCTC,0
GGGCACAAAGATGCCA,0
GGGCACAATACCAAGA,0
GGGCACTTAACGAATA,0
GGGCAGGGGAAGTGTC,0
GGGCAGTAACGGCAGT,0
GGGCAGTACGCTAAAG,0
GGGCATAAACGCGGAA,0
GGGCATAGACGCGACT,0
GGGCATGCACCGTATC,0
GGGCATGCTTACTATG,0
GGGCATTAGCAGCTTA,0
GGGCATTCTAACTGAG,0
GGGCCAAACCTAACCA,0
GGGCCAAAGAAACATG,0
GGGCCAATCCTAGGAT,0
GGGCCAGACCAAATGT,0
GGGCCAGTACGATACA,0
GGGCCAGTGACGGGCG,0
GGGCCATAATCGGTGC,0
GGGCCCCGAGCTGGAC,0
GGGCCCGAAGGGTGTA,0
GGGCCGAACGAAGAAC,0
GGGCCGAAGCCATAGT,0
GGGCCGCTATTTGCGA,0
GGGCCGTGGGACGTAT,0
GGGCCTCAAAACCCAG,0
GGGCCTCTGCTAAAAG,0
GGGCGACAAAAGAGAT,0
GGGCGACTGATTGGTA,0
GGGCGATTACAAAATC,0
GGGCGCAGAATGATGT,0
GGGCGCGACACAGACG,0
GGGCGCTAGTCCGCGA,0
GGGCGGACGTTGGTAA,0
GGGCGGTATTTGAAAT,0
GGGCGTCTTCTCGGCA,0
GGGCGTGCAACAATAC,0
GGGCGTTGCTGCAAGC,0
GGGCTAAAGATGATTA,0
GGGCTACCTTATGTGG,0
GGGCTAGACTGGACAT,0
GGGCTAGGTGCCAGGG,0
GGGCTATACGAATCAG,0
GGGCTATCTACTAGGA,0
GGGCTCCCCATCAAAA,0
GGGCTCCTATCTATAA,0
GGGCTGAGAAATTACC,0
GGGCTTACCCCTCCAA,0
GGGGAACAATTCTCAC,0
GGGGAAGATGAGCTTC,0
GGGGAGAAGACAAAAT,0
GGGGAGGTCCTACCCC,0
GGGGCAGGCACGTCGC,0
GGGGCCAGTAGGGCAA,0
GGGGCCGATATCCTAA,0
GGGGCCTCGCACCTAA,0
GGGGCTCAGTAACTGG,0
GGGGGAAGGCACTGCT,0
GGGGGACTATCGATTA,0
GGGGGCCGGCAGGATT,0
GGGGGCTCTACCACTT,0
GGGGGTCTCTTGATCA,0
GGGGGTGAGCAGTATC,0
GGGGTAACTAGGCGCC,0
GGGGTACACAATCCAC,0
GGGGTCAAACATTAGC,0
GGGGTGACACCTAGTA,0
GGGGTGACGTATTGAT,0
GGGGTGGCATCTATCA,0
GGGGTTCTGCCTGTTT,0
GGGGTTCTTAGAAGAT,0
GGGGTTTCATTAAACC,0
GGGTAAATTACGAATG,0
GGGTAACAAGTGGCAC,0
GGGTAACAATTGGAAT,0
GGGTAACCTATTATGC,0
GGGTAAGCCTGAAGCG,0
GGGTAATCGAACCAGC,0
GGGTAATTGATTGAAT,0
GGGTACATCAGCGATG,0
GGGTACCCGAAGTCAC,0
GGGTACGAGAGGAAAT,0
GGGTACTGTAAGGCTA,0
GGGTAGATCAATAATA,0
GGGTAGATTAAGAACA,0
GGGTAGGATGCAAACA,0
GGGTATATTAATGAAA,0
GGGTATCACACATGCA,0
GGGTATTAATTACAAT,0
GGGTCAACTGATCGAC,0
GGGTCATAGGTACAAA,0
GGGTCATGGTGTTCGA,0
GGGTCCGCTACAACAA,0
GGGTCCTAATAACAAG,0
GGGTCCTCTCTTATGC,0
GGGTCGATTCACCCAA,0
GGGTCTAAACAAGTAC,0
GGGTCTAATAGGCTTA,0
GGGTCTGAACCAAACT,0
GGGTCTGAATAAGTGA,0
GGGTCTTCAGAACTTT,0
GGGTGAAAATCAATTC,0
GGGTGAAGACTAAGCC,0
GGGTGCAGAAGCCCTT,0
GGGTGCCCACTAAAAA,0
GGGTGGCCACCCCCCG,0
GGGTTAAACCCGAACT,0
GGGTTACCCTAATCAA,0
GGGTTAGGACCATGAC,0
GGGTTATAAGATAGAA,0
GGGTTCTATAAATTAT,0
GGGTTCTTTCGTTTGC,0
GGGTTGAGTCCCAATG,0
GGGTTGATGGAAGCTT,0
GGTAAAAAGTAAAGAT,0
GGTAAAACGCAGATTG,0
GGTAAACAATAAGATA,0
GGTAAACCAATTCGCC,0
GGTAAACCAGCCAGAG,0
GGTAAACGGCTTACAC,0
GGTAAACTACCAGGGA,0
GGTAAAGATTCAAAAT,0
GGTAAAGGATCATCAC,0
GGTAAAGGGTAAACAG,0
GGTAAATAGAAGCATA,0
GGTAAATGTACTTCAG,0
GGTAAATTAAAATTTC,0
GGTAACAACAGGAACT,0
GGTAACAATTTAAATC,0
GGTAACACACCACTCA,0
GGTAACAGCCAAGCAA,0
GGTAACCCCCAGTGTA,0
GGTAACCGCAAAGTTG,0
GGTAACGACTACGAAA,0
GGTAACTAATAAGCCT,0
GGTAACTTAGACTCAT,0
GGTAACTTATATAATT,0
GGTAACTTGAAAGCAG,0
GGTAAGAATTTACCCC,0
GGTAAGACGACGTACG,0
GGTAAGGCCACCAATT,0
GGTAAGTATTAACCAA,0
GGTAAGTTTATACGTA,0
GGTAATATAGAATCTT,0
GGTAATATCCTTTCTG,0
GGTAATCGCCGAAAGA,0
GGTAATGAACTACACG,0
GGTACAAAATTCTGAT,0
GGTACAACATGTCGTT,0
GGTACAACATTTTCGG,0
GGTACAAGAAGCGATA,0
GGTACAATTAGCTAGG,0
GGTACACAGCCCGACC,0
GGTACACAGTTACTAA,0
GGTACAGCACCTACAG,0
GGTACATTAATACCAA,0
GGTACCGTCGAGTTCT,0
GGTACCGTGAATGGAC,0
GGTACGAAGTTAGGAA,0
GGTACTCAATTATACA,0
GGTACTCACTGTAGGC,0
GGTACTGCGGATTAAA,0
GGTACTTTAGTTTATA,0
GGTAGACACGTGGTAT,0
GGTAGAGTAAATGTAA,0
GGTAGAGTTGAGTCGA,0
GGTAGATCATATAAAG,0
GGTAGCTGGCTTCCCT,0
GGTAGGAAATCGGGCT,0
GGTAGGACACGCCTAC,0
GGTAGGACTATGCGCC,0
GGTAGGCACAAGGGAG,0
GGTAGGTGCCCGATGT,0
GGTAGGTTTAATCCAC,0
GGTAGTATAGCTAAAA,0
GGTAGTATCGCATATA,0
GGTAGTCAGACCAACT,0
GGTAGTCCAAAAATGT,0
GGTAGTTCCTAGAACC,0
GGTAGTTCGAAATTAC,0
GGTAGTTTACTCTAGT,0
GGTATAAATGCTAGGA,0
GGTATAAGACAGAAAA,0
GGTATAAGACCAAATC,0
GGTATAATAGCAGAAC,0
GGTATACGGGGTCCAG,0
GGTATATATTTTAATA,0
GGTATGAACTTGGATA,0
GGTATGAATAGACATG,0
GGTATGCTAATAAACC,0
GGTATGCTAATGAAGA,0
GGTATGGAATCTAGGA,0
GGTATGGTTAACAAAA,0
GGTATGTCATTTAAGT,0
GGTATTACAACAATCG,0
GGTATTTAGAGACAAC,0
GGTATTTTAAAGATGA,0
GGTATTTTATCCCTCG,0
GGTATTTTATTAACGA,0
GGTCAAACTTAAATCG,0
GGTCAAATTCAACTAA,0
GGTCAATAATCATTGT,0
GGTCAATACAGACCCA,0
GGTCAGAACACTAACT,0
GGTCAGATCGGACCTT,0
GGTCAGATTATTTTAG,0
GGTCAGCAACAAACAA,0
GGTCAGGCACATCATA,0
GGTCAGGGTTACCTTG,0
GGTCAGGGTTGGTGCC,0
GGTCAGTTTTGCTCAA,0
GGTCATAATAGTAATA,0
GGTCCAAGAAGAACGC,0
GGTCCAATCGTAGGTT,0
GGTCCAGACCGAGAGC,0
GGTCCATTTCTTCTCA,0
GGTCCCATTCCGCTCT,0
GGTCCCTGAGTAGATA,0
GGTCCGACCGCTCCGA,0
GGTCCTACCATATTTT,0
GGTCCTGCTGCCACGA,0
GGTCGAATGTGCTGAA,0
GGTCGAGGTATACATT,0
GGTCGCAATCAGGTGA,0
GGTCGCCGCGACCCAG,0
GGTCGTAAGCTTGCAA,0
GGTCGTATCATAATGA,0
GGTCGTCACCTGCTAC,0
GGTCGTCTCTTCACCC,0
GGTCGTTAACTTTCAA,0
GGTCTAATAGTCAGTT,0
GGTCTAATCTACCGGC,0
GGTCTACAGCGATCTA,0
GGTCTAGATGACATCA,0
GGTCTATGATAATCCA,0
GGTCTATGCCATTGAC,0
GGTCTATTAGCTCACA,0
GGTCTCCATATACAGC,0
GGTCTCCCTTTACCTG,0
GGTCTCGAATCGATCT,0
GGTCTTAATCAATAAT,0
GGTCTTACCGAATTAG,0
GGTCTTCAAGTAATTC,0
GGTCTTCGGCCGCACG,0
GGTCTTGTGACAGTGA,0
GGTGAAACGGAGAGAC,0
GGTGAACCATACGTAC,0
GGTGAAGACGAAATAC,0
GGTGAATTATCGGAAG,0
GGTGAATTTTTTGAAT,0
GGTGACCAAACTAGAA,0
GGTGAGAAGCCAAGAA,0
GGTGAGAATAACTATT,0
GGTGAGATGAAATATC,0
GGTGAGCTATCCCAAG,0
GGTGAGGTTACAAATT,0
GGTGAGTAATACGCTT,0
GGTGAGTCTTGTGCGT,0
GGTGATGTATCCAGTT,0
GGTGATTAATGTAAGC,0
GGTGCACAAGAGTCTA,0
GGTGCACCAAACAGTA,0
GGTGCAGCAGCAGAGT,0
GGTGCAGTTATAAAGA,0
GGTGCATAACTACCAG,0
GGTGCATAGTCCAATA,0
GGTGCCAAACGCATCT,0
GGTGCCCCGTTCTTGC,0
GGTGCCGCTTTAAATA,0
GGTGCGCCCGACGCGC,0
GGTGCGGACTGATTAT,0
GGTGCTATTGAATGTG,0
GGTGCTCTGCGACTCA,0
GGTGGACACGTCCTAC,0
GGTGGACCAGCCCACC,0
GGTGGAGACAAATTTC,0
GGTGGATATAAATAGG,0
GGTGGATCACCCATCG,0
GGTGGGAGGACAGCGT,0
GGTGGGCAATACTCTC,0
GGTGGGGTAATCTGGC,0
GGTGGTATATATCGTA,0
GGTGGTGGTCTGACCG,0
GGTGTCCACGTTCTCT,0
GGTGTGACTATCACCA,0
GGTGTGAGGTAGAGTA,0
GGTGTGCAGATTCACA,0
GGTGTGCTACTTATTC,0
GGTGTGTAATTACGCG,0
GGTGTGTCAAAAGCTT,0
GGTGTGTGCGTATTCA,0
GGTGTTAAAAGAGGAC,0
GGTGTTCCCCAGTGCA,0
GGTGTTTCGGTAAGGG,0
GGTGTTTGAATGGGGA,0
GGTTAAAACACCCAAA,0
GGTTAAAGCATTACGA,0
GGTTAAAGCGGTCCAT,0
GGTTAAGACATCTCCG,0
GGTTAAGAGGTTCTCA,0
GGTTAATACAACCAAA,0
GGTTAATTAGAATATA,0
GGTTACCCCTACTAAA,0
GGTTACTCATACACAC,0
GGTTAGAAATTCAAAA,0
GGTTAGATCCCCCAAC,0
GGTTAGCGAACTTGCC,0
GGTTATAAGACGGCCC,0
GGTTATACTGTTAAAA,0
GGTTATAGCGAACAGT,0
GGTTATTACTAATGCG,0
GGTTCACGGGGAACCG,0
GGTTCACTAATGATAA,0
GGTTCAGAAAGCAACC,0
GGTTCAGAACGGAATG,0
GGTTCAGGTTTGAAGA,0
GGTTCAGTCCAGTAAA,0
GGTTCATACAGGAGCA,0
GGTTCGCACACGATAA,0
GGTTCGCGAACTGGAA,0
GGTTCGGACCTAGTAT,0
GGTTCTAACTCGCGGG,0
GGTTCTAATGTAGCAC,0
GGTTCTACTACGGCGT,0
GGTTCTCTAGAAACGA,0
GGTTGAACGAATTAAG,0
GGTTGACAATTTAGCA,0
GGTTGACGTGATTATA,0
GGTTGACTGTAATTTA,0
GGTTGAGCAACACTTA,0
GGTTGATAAATACACT,0
GGTTGATAAATGGGCC,0
GGTTGATTCAGACCCA,0
GGTTGCATACTATAAA,0
GGTTGCATCCACCGCA,0
GGTTGCCTCCCCTCAC,0
GGTTGGACAATAGAAG,0
GGTTGGACCCCAATGA,0
GGTTGTAAACCTACAC,0
GGTTGTAAAGTTTTAT,0
GGTTGTAGACATCATA,0
GGTTGTTATACAATAA,0
GGTTTACGCTATTGGG,0
GGTTTACGTTAGTGAG,0
GGTTTAGTGCGGTACT,0
GGTTTATGTTAAACCC,0
GGTTTCCAAGAATGTA,0
GGTTTCGATAGCCACC,0
GGTTTCGTTACAAAAG,0
GGTTTCTAAGATTAAG,0
GGTTTCTTCCACTCAT,0
GGTTTGCAATGGGACT,0
GGTTTGGGCCCTATGA,0
GGTTTTATGAGTACAT,0
GGTTTTATTAAATGCG,0
GGTTTTCCCATTGACA,0
GGTTTTGCTAACCTGT,0
GGTTTTGCTTTCTGAT,0
GGTTTTTCTAGCGTGA,0
GGTTTTTTGTGAAGAG,0
GTAAAAAAAAGAAAGA,0
GTAAAAAAAGCATAAA,0
GTAAAAAATCGCCAAT,0
GTAAAAAATGAGGGTA,0
GTAAAAACATAATGGA,0
GTAAAAACCCAAGAAA,0
GTAAAAACCTTCACTA,0
GTAAAAATAAGAAGAA,0
GTAAAAATATGTACCA,0
GTAAAAATGACTGCAT,0
GTAAAACAACTTGCTA,0
GTAAAACAAGTATTGT,0
GTAAAACGAAGAACGG,0
GTAAAACGATGTCGGA,0
GTAAAAGAAAATTAGA,0
GTAAAAGATATGGACG,0
GTAAAAGCAAACTCGG,0
GTAAAAGGAATCAAAC,0
GTAAAAGGTTTCAGCC,0
GTAAAAGTCTGGGTCC,0
GTAAAATACGACCAAT,0
GTAAAATATGGATATC,0
GTAAAATTACTCCCGA,0
GTAAAATTTACCATGA,0
GTAAACAAAAGTCATA,0
GTAAACAAGCGATGCT,0
GTAAACAATGACATAA,0
GTAAACAATGTTTTCA,0
GTAAACATACCAGCGA,0
GTAAACCAATAAGATT,0
GTAAACCAATGGCATA,0
GTAAACCCGACCTTGT,0
GTAAACGAACGAAAAC,0
GTAAACGCTTGTATAT,0
GTAAACTACCCACCAA,0
GTAAACTAGACCTATG,0
GTAAACTATAAAACAC,0
GTAAACTTCGTCCCTT,0
GTAAAGAAACGAATAC,0
GTAAAGAGACTGCGTA,0
GTAAAGAGAGTTCGAC,0
GTAAAGAGTCTACGTT,0
GTAAAGCAACAAAAGC,0
GTAAAGCATGACACAA,0
GTAAAGCCAAGGGACC,0
GTAAAGGAAAGGCTGA,0
GTAAAGGGAATAATAT,0
GTAAAGTGACATCATG,0
GTAAATAACCTTACCA,0
GTAAATAAGGTGCAAT,0
GTAAATAATCTTCAAC,0
GTAAATACTACGGAAC,0
GTAAATACTCAGTGCC,0
GTAAATCACCATGGAA,0
GTAAATCCCTAATACT,0
GTAAATGATCTAAATC,0
GTAAATGCAATTATAA,0
GTAAATGTTCCCTCGT,0
GTAAATTCAAACGACA,0
GTAAATTGAACGATCC,0
GTAAATTTGCATGTTC,0
GTAACAAAACACTAAT,0
GTAACAAACAAGCAAG,0
GTAACAAATAAGTAGG,0
GTAACAAATTGATCTG,0
GTAACAAGCGAGATAA,0
GTAACACAATGTATTT,0
GTAACACAGATGCTTC,0
GTAACACAGCAAGGTA,0
GTAACACAGCATTGAA,0
GTAACACCCATTGACA,0
GTAACACCCCAAGTAG,0
GTAACACCCTAACGGT,0
GTAACACGAGCCTATG,0
GTAACACTAATCATCA,0
GTAACACTGTAATATA,0
GTAACAGGAGCTAAAA,0
GTAACATACCACTTAT,0
GTAACATCTGGCAGAA,0
GTAACCACTCTTAACA,0
GTAACCAGGTCTGGAC,0
GTAACCAGTGCCCTAA,0
GTAACCCAACAAGAAC,0
GTAACCCACGAAAGGA,0
GTAACCCCATTTGATT,0
GTAACCCGCAGTATTG,0
GTAACCGACCGTAACA,0
GTAACCTAGCTGACGT,0
GTAACCTATTGCAAGT,0
GTAACGAACTAACAAT,0
GTAACGACCTAAATCA,0
GTAACGAGGGCGACAG,0
GTAACGCAGGACTACA,0
GTAACGGATTTACCTA,0
GTAACGGGAGAAAACT,0
GTAACGTATGCTCTAT,0
GTAACTAAAATAAAGT,0
GTAACTAACAAAAAGG,0
GTAACTAACTACTATT,0
GTAACTAGACTGTGAC,0
GTAACTATACAAGAGT,0
GTAACTGAGAAGAAAG,0
GTAACTGCAGGCACTG,0
GTAACTGGGATCCTTC,0
GTAACTTAGACTAACG,0
GTAACTTCTCTATGTA,0
GTAACTTTGTGCCCAA,0
GTAAGAAAACCTTACC,0
GTAAGAAAGTCCGGAA,0
GTAAGAACTGATTGAT,0
GTAAGAATACACATCA,0
GTAAGAATCGTATTTT,0
GTAAGAATCTCTGCTA,0
GTAAGACCCCCACTAA,0
GTAAGACCTAAGCCCA,0
GTAAGACTACATGATG,0
GTAAGAGACGCTGACT,0
GTAAGAGCCTAGACGC,0
GTAAGAGGTTGATTAT,0
GTAAGATATTTGGATC,0
GTAAGATCTGTACGTG,0
GTAAGCAAAGAAATTA,0
GTAAGCGATTACCATT,0
GTAAGCGTTCATACCA,0
GTAAGCTACATCGAAC,0
GTAAGGAACACCAGCA,0
GTAAGGAATATATACC,0
GTAAGGTATTGAAAGA,0
GTAAGGTCAAGTGACA,0
GTAAGTAAAATATGAG,0
GTAAGTGATCCTGTGC,0
GTAAGTGGAAATTAGG,0
GTAAGTTACGAACCAG,0
GTAAGTTAGCCAAGCT,0
GTAAGTTTGGCCGGGC,0
GTAATAAAATCAAAAT,0
GTAATAAACCCGCTTC,0
GTAATAAAGAACACGA,0
GTAATAAAGCGGCCGA,0
GTAATAAATCAGACAG,0
GTAATAATAGTGTACA,0
GTAATAATATGTGCCA,0
GTAATAATCATATAGT,0
GTAATAATTTTTTAAT,0
GTAATACAGTTATACA,0
GTAATACTGCTAAAAA,0
GTAATAGCAGGCTAAG,0
GTAATAGGTTTAAGCA,0
GTAATATAGGCCGGCT,0
GTAATATCAAGGAAAG,0
GTAATATCCCAGGTCT,0
GTAATATCCTACCTAA,0
GTAATATGATCCCTAG,0
GTAATATTAACTGGTG,0
GTAATCAGCGATCAAT,0
GTAATCATATCAATAG,0
GTAATCATCAAAATCA,0
GTAATCCGTGCAAAAA,0
GTAATCGAACACAGGA,0
GTAATCGATAAATGTG,0
GTAATCTTGGAAAACA,0
GTAATGAACTCGTCTC,0
GTAATGAATAATAGAA,0
GTAATGATCTGCCGCG,0
GTAATGTCGTTGTACA,0
GTAATTAATTGATACT,0
GTAATTACGTCTGATT,0
GTAATTCCAAAAAAGA,0
GTAATTCCAACCGGTT,0
GTAATTCTCTGCAAAT,0
GTAATTCTTTGACAAG,0
GTAATTGAAAAATAAA,0
GTAATTGTGCAATAAA,0
GTAATTTACTATAGAA,0
GTAATTTTACTACCAT,0
GTAATTTTATTTAAAT,0
GTACAAAAAAGGCTCG,0
GTACAACACTGAACAT,0
GTACAACCCAGTAGCC,0
GTACAACCCCGCACAA,0
GTACAACGCCCGATTT,0
GTACAAGACCCCCGAG,0
GTACAAGCCAATTATG,0
GTACAAGGAAGGCCCT,0
GTACAAGGATCATAAG,0
GTACAATACCTTCCAA,0
GTACAATACGGGCGCA,0
GTACAATGAATCTGTA,0
GTACACACGACTAACT,0
GTACACATGAAAAAAC,0
GTACACCGCAAATGGC,0
GTACACGAGTTGGCCT,0
GTACACGATACGTTCA,0
GTACACGTTAAAACAA,0
GTACACTACTGAACAA,0
GTACAGACACAAATTA,0
GTACAGACGTCACTAT,0
GTACAGATGAAACATA,0
GTACAGGACTCTCCGG,0
GTACAGGCAGTGCAAT,0
GTACAGGGCAGGACCT,0
GTACAGGTGGACTAAT,0
GTACAGTAAATAAGAA,0
GTACATAAAAACTCGA,0
GTACATATCTGACCAA,0
GTACATGAGAGGTTTC,0
GTACATGCAAAAACGC,0
GTACCAAAAACTTCAC,0
GTACCAAGTAAAAAAT,0
GTACCAATGTACTCGC,0
GTACCACAAAACATAT,0
GTACCACTAAACTGTG,0
GTACCAGATCATGAAA,0
GTACCAGATGGGTGTA,0
GTACCATAGAGTCCAT,0
GTACCATCAAAGTGCT,0
GTACCATCGTTCAAAC,0
GTACCATGAAGAACTC,0
GTACCATTGACCTAAA,0
GTACCCAACAAATCAG,0
GTACCCATCGGACTGT,0
GTACCCCCCGAAGAAA,0
GTACCCCGAACGGACA,0
GTACCCCGTAAGCAGC,0
GTACCCCTAGAAACAC,0
GTACCCGACATAAGCA,0
GTACCCGCCTGAAAGA,0
GTACCCTACCTTGATC,0
GTACCCTGAAGCAAAT,0
GTACCGATAATTACAC,0
GTACCGCATAATATGC,0
GTACCGTATACATCAA,0
GTACCGTGACATTATA,0
GTACCGTTAGCTCTAT,0
GTACCTAAACAGAATT,0
GTACCTAACTGTATTG,0
GTACCTCAAGCCAGAT,0
GTACCTCGTTTTCGGG,0
GTACCTCTTGAGCCCC,0
GTACCTGTCACAAAGA,0
GTACCTTAGCTTCACG,0
GTACGAAAGTCACCTC,0
GTACGAACAGGACTTG,0
GTACGACAATATAACA,0
GTACGACTATCATGCA,0
GTACGATATCCTAAAC,0
GTACGATTTATAGTAT,0
GTACGCACCAGTTCGA,0
GTACGCCACGAACGGT,0
GTACGCCTCCTAAAAC,0
GTACGCGCGACCAAAG,0
GTACGGATAATTGACA,0
GTACGGCCATAAAAAC,0
GTACGGCCGTACTTGT,0
GTACGGGACGACGTGT,0
GTACGGTAAAGAAAGA,0
GTACGTAACTTAATAA,0
GTACGTAATTAGAGGA,0
GTACGTACTCATCTAA,0
GTACGTATACAGGTAC,0
GTACGTATCCAGGGCA,0
GTACGTCATTGTATAC,0
GTACGTTAATATATCT,0
GTACGTTATAATGAAT,0
GTACGTTTCCTCAAAT,0
GTACGTTTTGCAGGAC,0
GTACTAAAAAAGACAT,0
GTACTAAAAACTTCCT,0
GTACTAAACAGAGCTC,0
GTACTAAACTACCAGT,0
GTACTACACAGTTGCC,0
GTACTACGGCTCGCGA,0
GTACTAGCAAGCAAGG,0
GTACTAGGATCCAAAA,0
GTACTAGTGGACAAGG,0
GTACTATCCACTTTAT,0
GTACTATGGAAGTCCT,0
GTACTATTATACCGCC,0
GTACTCAAAATAATGC,0
GTACTCACTGTGCGGA,0
GTACTCTATGTCGAGT,0
GTACTCTTGCACATCG,0
GTACTGAACCTGGACT,0
GTACTGATGCTTTCCC,0
GTACTGGCCAGCACAT,0
GTACTGTCTAACGATC,0
GTACTTAACGAAGAGC,0
GTACTTATTAATCGCC,0
GTACTTCAGTTCCTGA,0
GTAGAAAAACCCACCT,0
GTAGAAAATACAACGC,0
GTAGAAAGGAGGAAAA,0
GTAGAAATCTGCAGGA,0
GTAGAACCTATGAGCA,0
GTAGAAGATAACGTAG,0
GTAGAAGATCCCTGCC,0
GTAGACACATAAGGTG,0
GTAGACATCTTTGAGG,0
GTAGACCAACGAATCC,0
GTAGACCATACAATCC,0
GTAGACCCTGATATAG,0
GTAGACCTGAACGAGC,0
GTAGACCTTGTGACTA,0
GTAGAGATACATTGAA,0
GTAGAGCGATAGAGAC,0
GTAGAGCTCCACACAG,0
GTAGAGGATTAGAAGA,0
GTAGATAACTTTAGAA,0
GTAGATATACGCCGGG,0
GTAGATGGGCCGGTAT,0
GTAGATTCCCCGGGCC,0
GTAGCAATTGACTTTT,0
GTAGCACGGTGACAGC,0
GTAGCAGCAGTCACTT,0
GTAGCAGTACCTTAAA,0
GTAGCCAGCCAGAGAT,0
GTAGCCTACAAATTTG,0
GTAGCCTCATGTCCCC,0
GTAGCCTCTATGCTAA,0
GTAGCGAGAGTCGGGA,0
GTAGCGCGACTCAATG,0
GTAGCGGACATATAAA,0
GTAGCGTACCTCAGCC,0
GTAGCTAAAACTCCAA,0
GTAGCTAATCATGCAT,0
GTAGCTCCGGATGATA,0
GTAGCTCGCGCACGCA,0
GTAGCTTAGTCAAGAA,0
GTAGGAAACAACGAGG,0
GTAGGACGATCACATT,0
GTAGGACTGCCAACGA,0
GTAGGATCATAGTCTT,0
GTAGGCATTTTTGCCT,0
GTAGGCCCAGATCCAT,0
GTAGGCCCCACTAATG,0
GTAGGCGGAGCCAGCA,0
GTAGGCTCGCATGCTT,0
GTAGGTCCAAAACGTG,0
GTAGGTGCTTGATAAT,0
GTAGGTTACTCTGCGA,0
GTAGTAAAAAAATTGT,0
GTAGTAAAATAAACAT,0
GTAGTAAAGGAGAAAT,0
GTAGTAACTTTATAAA,0
GTAGTACTAAACATAA,0
GTAGTACTAATTAATA,0
GTAGTATAACCGTCTT,0
GTAGTCAGTAAGAGGT,0
GTAGTGAATATATCCC,0
GTAGTGACAGCTACTA,0
GTAGTTCTGTCATTGA,0
GTAGTTTAATAAACTA,0
GTAGTTTCATAAACGT,0
GTAGTTTTAGTGAATA,0
GTAGTTTTCCAACGTA,0
GTATAAAATTCAGATA,0
GTATAAACACAAAGGG,0
GTATAAACTAGATATA,0
GTATAAACTCACATCA,0
GTATAAAGACATAGAA,0
GTATAAAGCTATACTC,0
GTATAAATATGAAGCC,0
GTATAAATGCAAAGCG,0
GTATAAATTGCATACG,0
GTATAACCTCTCTTAG,0
GTATAACGAATTAACG,0
GTATAACGATAGATAT,0
GTATAACGCTTCCAGA,0
GTATAACGTGAAGATT,0
GTATAACTAATATAAT,0
GTATAACTATACATTA,0
GTATAAGAGTGGCGAC,0
GTATAAGATACTTAAA,0
GTATAAGCGGATAAGA,0
GTATAAGCTTAGTTAA,0
GTATAAGTCTGTCATT,0
GTATAAGTTAAATTTG,0
GTATAATGAAAAACTA,0
GTATACACAAATAGTA,0
GTATACATCAGATCCG,0
GTATACGTAACAGTAA,0
GTATACGTACAAAATA,0
GTATACTCGCGGAGGC,0
GTATACTGCTTTGTAC,0
GTATAGACAGCTCATT,0
GTATAGCATATGCACA,0
GTATATAACATCATAC,0
GTATATACAGACAATG,0
GTATATACTTTAATCA,0
GTATATATAAACTGCC,0
GTATATATTTTCAAAA,0
GTATATCAAAAAAAAC,0
GTATATCATTGCTTCT,0
GTATATCGTAATTTGT,0
GTATCAACATATAACG,0
GTATCAAGGTTAATAG,0
GTATCACATAAACAGA,0
GTATCACGTACAGAAC,0
GTATCATAAAAGGGTT,0
GTATCATAATTTAGAA,0
GTATCATGAAACACGC,0
GTATCATGATAATTCC,0
GTATCCACCATACGCC,0
GTATCCGAAAAAGGTG,0
GTATCCGGCGATCAAA,0
GTATCCTCGTTGAACC,0
GTATCCTGTAACTGGA,0
GTATCGAAACAAAGCA,0
GTATCGAAGTGACCAC,0
GTATCGACCAGTGTTT,0
GTATCGCAATTTAGAG,0
GTATCGCGAGATGGAG,0
GTATCGGTTACTACAA,0
GTATCGTCACAACTAC,0
GTATCGTTGTAGTTTG,0
GTATCTAACGAATGAC,0
GTATCTACCGAGCGGC,0
GTATCTACGAGCAAAC,0
GTATCTATCCCAGCGT,0
GTATCTCATAGTGAGT,0
GTATCTCCAAAACATC,0
GTATCTGAAAGGCGAC,0
GTATCTGTCAAGTGTT,0
GTATCTTAAATAAGTA,0
GTATGAAAATAGACAA,0
GTATGAAACACATCGT,0
GTATGAAACAGTACCC,0
GTATGACGAATATTAT,0
GTATGAGTAACGCACG,0
GTATGAGTAATATCTC,0
GTATGAGTATCAGAGT,0
GTATGATAAATTTAAT,0
GTATGATCCAAACACG,0
GTATGATTTCTAAACT,0
GTATGATTTTTGAGCG,0
GTATGCCATCAGGGAA,0
GTATGCCCGTGCTATG,0
GTATGCGTATAGTAAA,0
GTATGCTAAACAATAT,0
GTATGCTTAACAGAGC,0
GTATGGAGCGCGTTGG,0
GTATGGATATATGTAT,0
GTATGGGGTTTGTGAA,0
GTATGGTCAGAGAACG,0
GTATGGTCGATGGGGG,0
GTATGTCCGATATAGG,0
GTATGTCTGATTTAAA,0
GTATGTTATGAAAACT,0
GTATGTTGCATAATCA,0
GTATTAAACTCGACGG,0
GTATTAATATAGAACT,0
GTATTAATCTACGTAA,0
GTATTAATTACGCAGG,0
GTATTACATACGCTTG,0
GTATTACTTCTCAGGA,0
GTATTAGATTTTAAAC,0
GTATTAGGAAGCCAAT,0
GTATTATAAATTCACT,0
GTATTATATTCGCCCT,0
GTATTCCAGAGTCAGC,0
GTATTCCTAGCTATTA,0
GTATTCGATTACATGC,0
GTATTCTACTCGAATT,0
GTATTCTCCATAATGA,0
GTATTGCTAGACGCGT,0
GTATTGTCAAGCGTTT,0
GTATTGTGGACCGAAA,0
GTATTTATCCTATTTA,0
GTATTTATTCTAGGCC,0
GTATTTCATACTGTCA,0
GTATTTCGTTGAATTC,0
GTATTTGCAAACATTC,0
GTATTTGCAAGGAAAT,0
GTATTTGTGGACCCTT,0
GTATTTTACGGATAAA,0
GTATTTTCCACCGAGG,0
GTCAAAAAACACATTT,0
GTCAAAAAATTATACC,0
GTCAAAAATAATAAAT,0
GTCAAAACGATGATGC,0
GTCAAAACTTAATATG,0
GTCAAAATGAAAGAAG,0
GTCAAAATTACGACTC,0
GTCAAATAAAGTGGTG,0
GTCAAATGAATAACAC,0
GTCAAATGAGCGCTCT,0
GTCAAATTTCCGTACT,0
GTCAACACAAGTCTTC,0
GTCAACATAACGCTGG,0
GTCAACATACTAACGT,0
GTCAACCCTTAGTCCA,0
GTCAACCTAGAGCACA,0
GTCAACCTCCCAAACC,0
GTCAACGGCAACCCTT,0
GTCAACTAAACGTGAA,0
GTCAACTATTGATAGC,0
GTCAAGGGATCCGTAA,0
GTCAAGTATCTTAAAA,0
GTCAATCACCTAATAC,0
GTCAATCGATGACACG,0
GTCAATGATACATTAA,0
GTCAATGATCAACAAT,0
GTCAATGGCACAAGGG,0
GTCAATGTTAAAAATA,0
GTCAATGTTGAAATGT,0
GTCACAAACTGAAAAA,0
GTCACAAATCTCCAAT,0
GTCACAACAATAAAAT,0
GTCACAACAGGCAGAT,0
GTCACACACAAAGGGT,0
GTCACATAGGATCTTA,0
GTCACATATCGGCATC,0
GTCACATCATAAGCAC,0
GTCACATTATACGGTT,0
GTCACCAAAAATACTA,0
GTCACCCCAAGCCCAC,0
GTCACCGAACATATAT,0
GTCACCGTGCCGTCCA,0
GTCACGAAAGGAAGCG,0
GTCACGAGTTTCACCA,0
GTCACGATCACTGGTC,0
GTCACGGTCAATCGAT,0
GTCACGTCAACGCGCA,0
GTCACTAATATTTGCA,0
GTCACTATCTGGTTCC,0
GTCACTATTTGCTATG,0
GTCACTCCCCACATAA,0
GTCACTGACGTTTTAG,0
GTCAGAAAAAATTGGG,0
GTCAGAAAACCATACA,0
GTCAGAACCGCAAAGA,0
GTCAGAAGAAAAATTA,0
GTCAGACATCACTCAG,0
GTCAGACGAATGGCGT,0
GTCAGACGAGTAGCTA,0
GTCAGAGACCGTTTAA,0
GTCAGATATCCCTAAA,0
GTCAGATCTACGTAAT,0
GTCAGCATCTCAAAAC,0
GTCAGCCCGATTGAAG,0
GTCAGGAATGGCAAGT,0
GTCAGGCATACCAACT,0
GTCAGTAATCAATCAC,0
GTCAGTAGATTTAAAG,0
GTCAGTCTATTGGCCA,0
GTCAGTCTGATCCAGA,0
GTCAGTTTCATCTGTA,0
GTCATAAAAGACTCAT,0
GTCATAAATCTCATAC,0
GTCATAAATCTCCGAC,0
GTCATACAGACGGAAG,0
GTCATACTACAGCAAC,0
GTCATAGCCTGACGCC,0
GTCATAGGACAAATCA,0
GTCATATGAGACACCG,0
GTCATATTTAGAGTAC,0
GTCATCAATGGCAGCC,0
GTCATCCAACCTCTAT,0
GTCATCCAATTTAAGC,0
GTCATCCAGCGGTTCC,0
GTCATCCAGGCTTTTT,0
GTCATCCCTGTCACAT,0
GTCATCGCATCACCTA,0
GTCATCTAAACGTGAC,0
GTCATGAGACTGACCA,0
GTCATGATTCAAAGAA,0
GTCATGGAAATGTCTA,0
GTCATTAACATTTTCA,0
GTCATTACTACTCTAC,0
GTCATTAGATGCATAC,0
GTCATTATATCAAAAC,0
GTCATTCAAAATTTTG,0
GTCATTCCCTAGCCTT,0
GTCATTGAACTAAAAA,0
GTCATTGTGCACTCAT,0
GTCATTGTTTATCCTT,0
GTCCAAAAATCATGCC,0
GTCCAAAGTTACAGAA,0
GTCCAAATACCTACCT,0
GTCCAACCACGGTCCT,0
GTCCAAGATAATTTCC,0
GTCCAATCTCGTAACA,0
GTCCAATGGATCATTG,0
GTCCACAAAAAACAGA,0
GTCCACGAGTCATATA,0
GTCCACTCTAAAAGAT,0
GTCCAGGCAACATCGC,0
GTCCATAAAAGCTCTA,0
GTCCATACACATTTAA,0
GTCCATACCTAGCTAA,0
GTCCATATCATACAAG,0
GTCCATCAAAAAATTT,0
GTCCATCGCCAGACTA,0
GTCCATTTATGCATAA,0
GTCCCAAGGCTTAAGA,0
GTCCCACCAAAAGTAC,0
GTCCCACGACGTATCC,0
GTCCCAGAAAGGGATC,0
GTCCCAGCAAACAGAT,0
GTCCCAGCTCCTTAGT,0
GTCCCATACCAATTCA,0
GTCCCATAGTGAGGTC,0
GTCCCATTAGGTTTTA,0
GTCCCATTCCAGTACA,0
GTCCCCAGAATTCATG,0
GTCCCCATCTGCAGAT,0
GTCCCCCAACGCAAGA,0
GTCCCCCCCCCCACCG,0
GTCCCCCGATTAGCTG,0
GTCCCCTAAACAATCA,0
GTCCCGATACTGCATG,0
GTCCCGATTCATATAA,0
GTCCCTTGACCGAGTG,0
GTCCGAACGTAAAGCC,0
GTCCGAAGCAGACACA,0
GTCCGAATTTGTCTCA,0
GTCCGACCTTGATTGT,0
GTCCGAGACGAATACA,0
GTCCGCCATTATAGAT,0
GTCCGCCCACCGTAAG,0
GTCCGCTGATTAGAAA,0
GTCCGGCGCGGGCTCC,0
GTCCGGCTGTTCGCCA,0
GTCCGTAAAGTCAAGC,0
GTCCGTAACTCATACG,0
GTCCGTAATACGAAGA,0
GTCCGTCGAAATGCAT,0
GTCCGTGAAAAGGAAG,0
GTCCGTGACCATTTGA,0
GTCCGTGACCCCTTGT,0
GTCCTAAAGAAAAACG,0
GTCCTAACCATATATG,0
GTCCTAACCATCATGT,0
GTCCTAAGGCTTAAGG,0
GTCCTAATCGTAACAA,0
GTCCTAGCTCCGAATC,0
GTCCTATGAAATAGTT,0
GTCCTCAAAAATTATC,0
GTCCTCACTCTAAAGC,0
GTCCTCCACTAAAGAA,0
GTCCTCTGTCATCGAA,0
GTCCTGAAAACCCCAC,0
GTCCTGACAAAAATCA,0
GTCCTGACCCGAGTTT,0
GTCCTGTTCGCGAATC,0
GTCCTTACAACGTTAA,0
GTCCTTACATCTATCA,0
GTCCTTAGAATCAAAT,0
GTCCTTGATTCGCACC,0
GTCCTTGCTATATAAC,0
GTCCTTTTGGACAATC,0
GTCGAAAGCAGCAGAA,0
GTCGAAATGAGATATT,0
GTCGAAATGCTACACC,0
GTCGAACAGAATTGGG,0
GTCGAAGGAGTACAAC,0
GTCGAAGGTGACTAAA,0
GTCGAATAACCCGACC,0
GTCGAATATATTAAAA,0
GTCGAATCGTATTAGG,0
GTCGAATGAGGTTCGA,0
GTCGACAAAAACCAAC,0
GTCGACAAAGCATTGA,0
GTCGACCACTTATTTA,0
GTCGACCAGTGCCACC,0
GTCGACGCAATACTTT,0
GTCGACGCTCAACTGT,0
GTCGACTCCGAAACAG,0
GTCGACTTGGTCCTTA,0
GTCGAGAAGATACGAT,0
GTCGAGAAGGATACAC,0
GTCGAGCGAGTAGATG,0
GTCGAGGGATTCCGAG,0
GTCGAGGGTACTCTAT,0
GTCGATAGATTTTATC,0
GTCGATATAATACGCC,0
GTCGATGACGCCGAGA,0
GTCGCAAACCCTACTT,0
GTCGCAAATATGCACA,0
GTCGCACAAAAGCTAG,0
GTCGCACATAAAGGAC,0
GTCGCCAAACGTTTTT,0
GTCGCCAAAGAGTGAT,0
GTCGCCTATTCAGCCA,0
GTCGCGTGTCTGGAGG,0
GTCGCTAATAATTCCA,0
GTCGCTACAATTTACT,0
GTCGCTCAAATAAGAA,0
GTCGGAAACCGCCCAC,0
GTCGGAACCGAAACTA,0
GTCGGATAAGAGAGTA,0
GTCGGATCACTACAAC,0
GTCGGCAGTACCAACT,0
GTCGGCGACTGGTACA,0
GTCGGGCAATTGGTAT,0
GTCGGGGATACTAAGT,0
GTCGGTCAATCACTGA,0
GTCGTAAATAAGCCTG,0
GTCGTAAATATTCCAT,0
GTCGTAAATGATAGGG,0
GTCGTAACGTAATGCC,0
GTCGTAGAACAAACAA,0
GTCGTCGGATTGAACA,0
GTCGTCGTTTGCCAGA,0
GTCGTTAACTTACCTT,0
GTCGTTATACCACTAA,0
GTCTAAAATCTTCAAT,0
GTCTAAAGAACAATTA,0
GTCTAAATAAGATTAG,0
GTCTAAATAGCGACAG,0
GTCTAAATCATGAGGA,0
GTCTAACCAAGCACAT,0
GTCTAACGACAAAAAC,0
GTCTAAGAGGCAGAAA,0
GTCTAAGCGTCAACAT,0
GTCTAATACAATAATT,0
GTCTAATACCACAGAT,0
GTCTAATTAGCATTAA,0
GTCTAATTTGACACCT,0
GTCTACAGGCAAGCTA,0
GTCTACGAACTTACAC,0
GTCTACGAGGGTGGTA,0
GTCTACGTGAAAATAC,0
GTCTACTACGAATTTC,0
GTCTACTTTGACCTCC,0
GTCTAGAAGGGTTCCT,0
GTCTAGCATACAGCGT,0
GTCTAGCCTTACAGTC,0
GTCTAGTCGAAAAAAC,0
GTCTATAAGTAAACGA,0
GTCTATCACATATTAC,0
GTCTATCAGATGCTTT,0
GTCTATTCCGGGCATA,0
GTCTATTCCTTTTTAA,0
GTCTCAAAACTTCGAA,0
GTCTCAACTAAGAAGG,0
GTCTCAATCCAAATTA,0
GTCTCCAAGAAAAAAA,0
GTCTCCAGAAAAACTG,0
GTCTCCCAACACTTTT,0
GTCTCCCCAATAAGGC,0
GTCTCCTAAGACAGAT,0
GTCTCGCGTCCTCTTA,0
GTCTCGTTTTAGGACA,0
GTCTCTTCTTCTCTAA,0
GTCTGAAAGGGATAAT,0
GTCTGAATTAAACGAT,0
GTCTGACATAAACAAC,0
GTCTGAGTAGTAGGAA,0
GTCTGATCACTAACTG,0
GTCTGATCCTCGAAAA,0
GTCTGATTGTAAAAGG,0
GTCTGCAAATTAATTA,0
GTCTGCGAAAACCTTT,0
GTCTGGACGGACACAA,0
GTCTGGGTAATAGTCC,0
GTCTTAAACCGAGAGC,0
GTCTTACATCCTGTCT,0
GTCTTAGCCCCATCCA,0
GTCTTATAAATCTTAT,0
GTCTTATAATCTTGAG,0
GTCTTATCTACGCAAT,0
GTCTTCAAATGCGTTA,0
GTCTTCAACATTCAAT,0
GTCTTCAAGAAGCCCC,0
GTCTTCACAGGATGGG,0
GTCTTCCGATCGGAAA,0
GTCTTCCTGAAAACAA,0
GTCTTCTGCCGGCCAA,0
GTCTTGAGCGATCTTA,0
GTCTTGGGAGTTGGAT,0
GTCTTGGGGTTCAGAC,0
GTCTTGTGCGCTATAC,0
GTCTTTAACACCATAC,0
GTCTTTAATCACCTCT,0
GTCTTTGCATCATCTA,0
GTCTTTGCGCCATGAT,0
GTGAAAAAAACTACTG,0
GTGAAAAATGTGGAAC,0
GTGAAAATCGTAGGAA,0
GTGAAAATGCCGATCA,0
GTGAAACAGCTAGCTG,0
GTGAAACCATGATCCA,0
GTGAAACTAAAAACAG,0
GTGAAAGGAACGTCTA,0
GTGAAATAGAGCAACC,0
GTGAACAAACGTCGAC,0
GTGAACACATTTCGAA,0
GTGAACAGTAGGATAA,0
GTGAACCATTCCCCAA,0
GTGAACCATTTAGCAT,0
GTGAACTAGGCGCAGC,0
GTGAACTCTCCCCTAA,0
GTGAACTGATATTTTA,0
GTGAAGAACCAATACT,0
GTGAAGCAGCACGCTA,0
GTGAAGCTCAATGGCT,0
GTGAAGGCACACTCAT,0
GTGAATAATAAAAAAC,0
GTGAATACAAAGCAAG,0
GTGAATATATATAAAT,0
GTGAATCAGCCCGTCC,0
GTGAATTCAGACCATT,0
GTGAATTCAGAGGACA,0
GTGAATTCATTCCCCG,0
GTGAATTTGGCCAAAA,0
GTGACAACGACGCATT,0
GTGACACCAAACCTAC,0
GTGACACCGGTACGTT,0
GTGACACGTAGCAAGT,0
GTGACACTAAATAGTC,0
GTGACAGAGGAAAATG,0
GTGACATAAAAGTGGA,0
GTGACATCCTGAGACA,0
GTGACCAATACGTGTG,0
GTGACCATCCTCATAC,0
GTGACCCATCTTAGAG,0
GTGACCTAAGTAACCA,0
GTGACCTACAACATTA,0
GTGACCTACATATAAC,0
GTGACGAAATCCTCTT,0
GTGACGAAGGAAAAAG,0
GTGACGAAGGAGAAAG,0
GTGACGACAAATCAGC,0
GTGACGACTATTAACA,0
GTGACGATCCAAAATA,0
GTGACGCTAATCACAA,0
GTGACGTACTCCCACA,0
GTGACTACTTCGAAAG,0
GTGACTATCACGGCCA,0
GTGACTCTGCAAAACT,0
GTGACTGAACCCAATC,0
GTGACTGGCACATGGA,0
GTGACTTCGGCTTGAG,0
GTGACTTTCAGGCTAC,0
GTGAGACTGGAGTACT,0
GTGAGAGGTAATTCCC,0
GTGAGAGTTAAGATCA,0
GTGAGATACCTGTCAA,0
GTGAGATCAATCGTGC,0
GTGAGATCATCCTGTA,0
GTGAGATCGCACGGGA,0
GTGAGATTATCTCGAG,0
GTGAGATTCAAATATA,0
GTGAGCGACCATCCCA,0
GTGAGGAATCCAGACA,0
GTGAGGATTGTAAAGC,0
GTGAGGTGCTCAAACT,0
GTGAGTAGCACTGCTG,0
GTGAGTAGGCTTCACG,0
GTGAGTCAGCTTATAC,0
GTGAGTCCCTGTGGCG,0
GTGAGTCTTAAGCCAT,0
GTGAGTGAGCCGCATG,0
GTGATAAATACGTTCA,0
GTGATAAGACATTTCC,0
GTGATAATATTTTAAT,0
GTGATAATGGAGACAT,0
GTGATACAATGTCCAG,0
GTGATACACCAAGGCC,0
GTGATACCTAAATCCA,0
GTGATACTCTACTTTG,0
GTGATAGAAAGATAAC,0
GTGATAGAAGGACCTA,0
GTGATAGATACTAAAA,0
GTGATATAACTCTATA,0
GTGATCAAAGATAAAT,0
GTGATCAATCTGATAA,0
GTGATCCAAAACCGGA,0
GTGATCCCTTAATAGA,0
GTGATCCTAAACATTA,0
GTGATCGACTTGATCC,0
GTGATCGATAAACCGC,0
GTGATCGGGTCTGAAA,0
GTGATCTTCCCCAAGC,0
GTGATCTTTATAAACA,0
GTGATGAAAATCATAA,0
GTGATGAGAACCGGTA,0
GTGATGGGAGGGATAA,0
GTGATGTTAGGGAAGG,0
GTGATTAAAAATACAC,0
GTGATTAAGATACAAG,0
GTGATTATACAGAATT,0
GTGATTATCTATTAAT,0
GTGATTATTTGAACGG,0
GTGATTGACAGGGGCG,0
GTGATTGAGTACCCAG,0
GTGATTGATGACAAGA,0
GTGATTGTTGCCAGGG,0
GTGATTTATACATGAC,0
GTGATTTTAACACAGT,0
GTGCAAAAAAACCCCG,0
GTGCAAACCTAGGACG,0
GTGCAAACGAGAGCAA,0
GTGCAAACGAGCGCTT,0
GTGCAAACTTTTACTT,0
GTGCAAGGCATACATT,0
GTGCAATAAACATCTG,0
GTGCAATTGCCTAGAT,0
GTGCACGCTGCATTGC,0
GTGCACTACGAACAGC,0
GTGCAGGTATTTCACC,0
GTGCAGTCAATGGGGT,0
GTGCATAGCGCCCAAA,0
GTGCATCGCTGAATAG,0
GTGCATGAATGAAGAT,0
GTGCATGTGTACTTTC,0
GTGCATTAAAACAATG,0
GTGCCAAACCTGCTGT,0
GTGCCAACATAATGAT,0
GTGCCACAAGTAGTGC,0
GTGCCACCAACATCGA,0
GTGCCAGACCCTCCCA,0
GTGCCAGATACATTAC,0
GTGCCAGATTTAGTAA,0
GTGCCAGTACGAGACA,0
GTGCCAGTTACCAGAA,0
GTGCCCAATGCGAACA,0
GTGCCCACAAAGATCA,0
GTGCCCATTACAAAAG,0
GTGCCCTATATAATAA,0
GTGCCCTCTTAATGAA,0
GTGCCCTGGTAACTCT,0
GTGCCCTTGAATAACT,0
GTGCCGACGTCCTCTA,0
GTGCCGATAACCTCGC,0
GTGCCGCAAAAATATT,0
GTGCCGCATCTGGGCT,0
GTGCCTACTATCCTAG,0
GTGCCTGAACTCATCC,0
GTGCCTGAGCAGACTA,0
GTGCGAAACTGAAGTG,0
GTGCGACAGAAACCAG,0
GTGCGAGTACATACAA,0
GTGCGCAAGAGAGACA,0
GTGCGCATTAGTGAAA,0
GTGCGCCACTCATGTT,0
GTGCGCTGTGCAATAC,0
GTGCGGCTTCAAACCC,0
GTGCGGTTTGAAGGCC,0
GTGCGTAAAGAACTAA,0
GTGCGTCACAATTTAT,0
GTGCGTTTATTCAAAT,0
GTGCTAAAAAAACAGT,0
GTGCTACCGAATGCAC,0
GTGCTACTCTGCAATA,0
GTGCTAGCATATTGAG,0
GTGCTATGGTATTCAC,0
GTGCTGATACCAATGA,0
GTGCTTATTGGACTAG,0
GTGCTTTAAGAATGAA,0
GTGCTTTGAAACTCGA,0
GTGGAAAATGACCCAT,0
GTGGAAGAACAGATTA,0
GTGGAAGCCACATCAA,0
GTGGAATAATTCGGAA,0
GTGGAATAATTTTCCC,0
GTGGACAGGTAAATAC,0
GTGGACCGGTGCAACT,0
GTGGACGAAGAGCGTA,0
GTGGACTAAAGTATAT,0
GTGGACTATCCTCATT,0
GTGGACTCTAAAAATT,0
GTGGAGACTCAAATTA,0
GTGGAGAGCGGTAAAC,0
GTGGAGGATATGAAAC,0
GTGGAGGCTAATATTC,0
GTGGAGTTCCCAAATT,0
GTGGATCACCTAAATT,0
GTGGATTACCGGGTGG,0
GTGGATTGTTATGCAA,0
GTGGCAAAGGAAAACG,0
GTGGCAACGTCAGATC,0
GTGGCACCAGGAACAC,0
GTGGCACGGATACCAT,0
GTGGCATATAACCGCG,0
GTGGCCAGTTAATAAT,0
GTGGCCTGTCTCGACA,0
GTGGCCTTGCAGTTAT,0
GTGGCTAAATTGACAC,0
GTGGCTAGTTATACAG,0
GTGGCTGCTAAAGACA,0
GTGGCTGCTGAGAGTG,0
GTGGCTGTACTCACGT,0
GTGGCTGTCCTCGAAT,0
GTGGGAATAAGGCCAT,0
GTGGGAATTGCGATGA,0
GTGGGAGTGGCGGTTT,0
GTGGGCAGGAATAACT,0
GTGGGCGATTGCTCTT,0
GTGGGCTGGATACGGG,0
GTGGGTATATCATTTA,0
GTGGGTATTATCGGTG,0
GTGGTAATCTTTCCTA,0
GTGGTAATTATCTACT,0
GTGGTACAAAGAGGTA,0
GTGGTACTGTGGAAAA,0
GTGGTCGCTAAAAAAT,0
GTGGTGATCGTGCATT,0
GTGGTGCTTTACGTGA,0
GTGGTGTAAGTTGTTT,0
GTGGTGTTATATTCTG,0
GTGTAAAAAATGCAAA,0
GTGTAAAGAATGTACG,0
GTGTAAGCAAGATAGC,0
GTGTAAGCACCCTTAC,0
GTGTAAGCACCTGATA,0
GTGTAATGCTAAATAT,0
GTGTACAGTCACTTCG,0
GTGTACTTCCATAGGA,0
GTGTAGACAATATGTG,0
GTGTATACGTATGTTG,0
GTGTATCAAATAAAAG,0
GTGTATCAAATTTAAT,0
GTGTATCACACAACCC,0
GTGTATCAGAGGACTG,0
GTGTATCGTGGTACAA,0
GTGTATTGCGGTGTCT,0
GTGTCAAAGCCAATTA,0
GTGTCAAAGTTAAAGG,0
GTGTCAAGTTCCAAAT,0
GTGTCACACCCAAGTC,0
GTGTCATGCCACTGCT,0
GTGTCCACCTCGACAC,0
GTGTCCGATATTGTAA,0
GTGTCGAAACGACCCA,0
GTGTCGACCAGACTTC,0
GTGTCGTCATTACAAA,0
GTGTCGTTTAATGGTT,0
GTGTCTTACTTTTCGT,0
GTGTGAGACCTTAATC,0
GTGTGCGATCCGCCTG,0
GTGTGGCGGGTACCGA,0
GTGTTAATTTCTATTA,0
GTGTTACCGAACCCGG,0
GTGTTAGTTAACTTAT,0
GTGTTATTAAGAGGAA,0
GTGTTATTTAAGGGCC,0
GTGTTCATACTATAAA,0
GTGTTCTCATCATACG,0
GTGTTGAGAACCCCAA,0
GTGTTGCCCAAGGTGA,0
GTGTTTAATAGAGAAC,0
GTGTTTATAGGACAGA,0
GTGTTTCGTATCCTCA,0
GTGTTTTCCGACACTA,0
GTGTTTTCTGGTAGCA,0
GTTAAAAAAAGTATTT,0
GTTAAAAAATCTTGTA,0
GTTAAAAACGAGTAAC,0
GTTAAAAATAATACTA,0
GTTAAAAGATGTGACA,0
GTTAAAATGCACAATA,0
GTTAAAATTGAGCTAT,0
GTTAAAATTTTTCAGC,0
GTTAAACACCAAGTGG,0
GTTAAACGAACGATTA,0
GTTAAACTAACAAAGA,0
GTTAAAGACAGCACAA,0
GTTAAAGATAGATTAG,0
GTTAAAGGCTTTCTAA,0
GTTAAATACCCCTTCA,0
GTTAAATATATAATGG,0
GTTAAATCTCTGGCAA,0
GTTAAATTGACCCTAA,0
GTTAACAACACGCGCT,0
GTTAACAAGTTCCAGA,0
GTTAACACACACAATT,0
GTTAACAGCCAGGATG,0
GTTAACCAATGAGACC,0
GTTAACCCGGTACCTT,0
GTTAACCCTAGTCTCA,0
GTTAACGCTTTGCAAG,0
GTTAACGGGTGATAAC,0
GTTAACTAACGTGATC,0
GTTAACTACCAAAATA,0
GTTAACTATTGCTGGG,0
GTTAAGAAAGTACATT,0
GTTAAGAATGAACTGC,0
GTTAAGAATTAAGGTT,0
GTTAAGACACGTACCA,0
GTTAAGACATTAACAA,0
GTTAAGACCCAAAGGC,0
GTTAAGCCGAACACCA,0
GTTAAGCGATCGTCCA,0
GTTAAGGACAGACAAT,0
GTTAAGGTCGGTTTTC,0
GTTAAGTTTTATCTAA,0
GTTAATACCCCTAAGC,0
GTTAATAGTATTGATA,0
GTTAATGACGCAGACT,0
GTTAATGGTCACTGTA,0
GTTAATTAGGAAGAAA,0
GTTAATTATGAAAGCA,0
GTTACAAATAATCTAC,0
GTTACAACCCGTTTAC,0
GTTACAAGAAGCCCTT,0
GTTACAAGTAACGAGG,0
GTTACAATACAATATC,0
GTTACAGACACCAGCA,0
GTTACAGCATATAATT,0
GTTACAGGCAGTATGA,0
GTTACATGAAGTAAAA,0
GTTACATGCATTCAAT,0
GTTACATTTGACCGCA,0
GTTACCACGCAATCGG,0
GTTACCGATTATTTGT,0
GTTACCGCAATTGTCA,0
GTTACCGCGGGCATAG,0
GTTACGAACTAACACC,0
GTTACGACTTAAGCAC,0
GTTACGCGCTGGTAAC,0
GTTACGTTTGTTCTAT,0
GTTACTCCATGGTTCA,0
GTTACTCCTTGTCACC,0
GTTACTGAACCATTCA,0
GTTACTGAAGGAACAT,0
GTTACTGAATGCGACG,0
GTTACTGATCAACTAA,0
GTTACTGCAAAAATGA,0
GTTACTTGAGATAAAA,0
GTTAGAAAGCATTTAG,0
GTTAGACGACGATAAC,0
GTTAGACGTAACATAA,0
GTTAGAGGACCGGTTA,0
GTTAGATCAACGCAAG,0
GTTAGCAAGGTTGAAC,0
GTTAGCAAGTATAAAA,0
GTTAGCGCTTGCTGAA,0
GTTAGCTAATGATATT,0
GTTAGGCTAATAGCCT,0
GTTAGGGCATGTGTCA,0
GTTAGGTACTGATATG,0
GTTAGTAGCTGATCAC,0
GTTAGTGAATCGGGCT,0
GTTAGTGACTACAAAT,0
GTTAGTGCTCACACAT,0
GTTATAAACCACAGGA,0
GTTATAAATGGATAAA,0
GTTATAACCTAATCCT,0
GTTATAATTGATCGGA,0
GTTATACAAAGGTGAT,0
GTTATACGCCGCCCAA,0
GTTATACGCCTTTTAA,0
GTTATACTGGGCATTT,0
GTTATAGCATTCCGAA,0
GTTATAGCTAGTTAGA,0
GTTATAGCTGCCGCCA,0
GTTATATGAAAATGTA,0
GTTATCAAAAGAGAAA,0
GTTATCAAGTAATTCC,0
GTTATCACTCAACTCC,0
GTTATCATAATACCAC,0
GTTATCATTCATATGA,0
GTTATCCGCCGAACAG,0
GTTATCCGTCCCTTAG,0
GTTATCCTTTACACCA,0
GTTATCGCCCGACGCA,0
GTTATCTACTTAGAGT,0
GTTATGAAAATAGAAA,0
GTTATGATTAGTTAAT,0
GTTATGCTATATAATA,0
GTTATGTGAAAATGTA,0
GTTATGTTTACGTAAG,0
GTTATTATCAAATACC,0
GTTATTATGCAGTCAG,0
GTTATTGAGCTTTGTC,0
GTTATTTAAACTGAAC,0
GTTCAAACCAAAGAAG,0
GTTCAAAGAAAAACAC,0
GTTCAAGACAAGAGAG,0
GTTCAAGGGCTACCCG,0
GTTCAATGATACTAGG,0
GTTCAATGGAAAATAC,0
GTTCAATGGAAGTTTT,0
GTTCACCAATGTCAAC,0
GTTCACCGGCATATTT,0
GTTCACTATATTGCGC,0
GTTCACTCATGGAGAC,0
GTTCAGAGAGGCAACA,0
GTTCAGAGTTGTATAT,0
GTTCAGGCTACGACAA,0
GTTCATAAAGAAACGA,0
GTTCATAATAACCTAA,0
GTTCATGTTTAGCGAA,0
GTTCATTCTAGTTCAT,0
GTTCATTCTCAGAAAA,0
GTTCATTTAGCATGCA,0
GTTCCACAGGTGACTC,0
GTTCCATAAGTCATTC,0
GTTCCCAAGCGCTTGA,0
GTTCCCCCTTCGCCAT,0
GTTCCCTACACGCCCA,0
GTTCCGATTAGCGGGC,0
GTTCCGTGATAACCGA,0
GTTCCTACGTCCTCAC,0
GTTCCTCACTAACGAC,0
GTTCCTGAGTTTGCAA,0
GTTCCTGCGTTTTCAA,0
GTTCCTTATGGGGACA,0
GTTCCTTGTTTGCCGG,0
GTTCGACAGCAACACC,0
GTTCGACATAGGGACT,0
GTTCGACCTACGAGCA,0
GTTCGACGGCATAAGA,0
GTTCGGAGCGGTTCAA,0
GTTCGGTGCAACCAAT,0
GTTCGTAAGTAAGCGA,0
GTTCGTCCAATTCGCA,0
GTTCGTTGACTGTCAA,0
GTTCTAAACTAGAATC,0
GTTCTAACAACAAGAA,0
GTTCTAATAACAGGTT,0
GTTCTAATGCTCCCAT,0
GTTCTAGACTGATTGA,0
GTTCTCAGAACTATGC,0
GTTCTCCGTTGAATGC,0
GTTCTCTGCATATAAG,0
GTTCTCTGCTACCGGC,0
GTTCTGAATATGCATA,0
GTTCTGGATAAAAAAA,0
GTTCTTAAAACTCCTG,0
GTTCTTAAATTCCAAT,0
GTTCTTCAACTAGACA,0
GTTCTTCTAAAGTTGA,0
GTTCTTGAGTACCTAT,0
GTTCTTTCACACACAA,0
GTTGAAAACGATGTTG,0
GTTGAAAAGAGCAAGG,0
GTTGAAAATACAACAA,0
GTTGAAAATTCCCTAA,0
GTTGAAAATTTAACGA,0
GTTGAAACGTTTATTA,0
GTTGAAATTTCTGTTG,0
GTTGAACAATAACGAA,0
GTTGAACTAAGATCTT,0
GTTGAACTTGGCTCCA,0
GTTGAAGTACATCCGT,0
GTTGACAGAGTTAAAA,0
GTTGACATAGCACGAG,0
GTTGACCGACAGCCCT,0
GTTGACTATTACTGAT,0
GTTGACTTCGAAGGTC,0
GTTGAGAACTTAAACA,0
GTTGAGACAAGCAACG,0
GTTGAGATAGCTACTC,0
GTTGAGCGAGGCTTAT,0
GTTGAGGGATAACCAA,0
GTTGAGTCAGAAACCT,0
GTTGAGTCTTAAAAAG,0
GTTGATAAATCTACTT,0
GTTGATACATTTTGGC,0
GTTGATCAAATGCAGA,0
GTTGATTAACAAAGCT,0
GTTGATTGCAGGTATA,0
GTTGATTTTGTCTTTT,0
GTTGCACAATACTGCA,0
GTTGCACCAGATTTTA,0
GTTGCAGACATTGTGT,0
GTTGCCTAACACCGGA,0
GTTGCCTTCCCTGGTA,0
GTTGCGACTGGGGTTT,0
GTTGCGCATGAGACCA,0
GTTGCGGCGCAGAACA,0
GTTGCTATCTATAGAT,0
GTTGCTCGAGAGATAC,0
GTTGCTCGAGATATAA,0
GTTGCTGAGCTGCAAT,0
GTTGCTTGATCAAAGT,0
GTTGGAAAACATCCAT,0
GTTGGACATAGTATAA,0
GTTGGACCTCAGTTTA,0
GTTGGAGAGACGACCA,0
GTTGGCGTGGTTTAAG,0
GTTGGCTAAAAAGAGC,0
GTTGGGCTACGTACTA,0
GTTGGGTGCTGCTTAC,0
GTTGGTCACAAATCTG,0
GTTGTAAAACAATCAC,0
GTTGTAAATTGAGGAT,0
GTTGTAACCACTCTGG,0
GTTGTAAGATGGACAC,0
GTTGTATTAATAGCCG,0
GTTGTATTATTCAGAC,0
GTTGTATTCTCTTCGA,0
GTTGTATTGCCAGCAA,0
GTTGTATTTCAGCGAA,0
GTTGTCTTCTGATTCC,0
GTTGTGACTGCAACCG,0
GTTGTGGCAGCAAGTA,0
GTTTAAAACCCGTCTT,0
GTTTAAAGGGGCAAAA,0
GTTTAACACTTCTAAA,0
GTTTAACCATGCCTCG,0
GTTTAACTCCTTGATG,0
GTTTAACTGTCTAAAG,0
GTTTAATAAACCAATA,0
GTTTAATAATGATATA,0
GTTTAATACTCTTTCT,0
GTTTAATCAAATGTTT,0
GTTTAATCGGGTCGAT,0
GTTTAATGGCGGACCG,0
GTTTAATTAAAAAATT,0
GTTTACAATCGGGCAC,0
GTTTACATTCCCCCTC,0
GTTTACCAACTTGTGT,0
GTTTACGAACAGAATG,0
GTTTACGAATCAGCCC,0
GTTTACGTATTGCTTT,0
GTTTACTACAAACGGA,0
GTTTACTTGATCAATA,0
GTTTACTTTCTTCAAA,0
GTTTATACGATATAAA,0
GTTTATAGACTCAAAG,0
GTTTATCAAGGTCATG,0
GTTTATGCACATAGTC,0
GTTTATGCCGAACGTA,0
GTTTATTATGTACCTC,0
GTTTATTCCCACAAGC,0
GTTTCAAAGTAAAACA,0
GTTTCAAAGTGCAGAA,0
GTTTCAAGCCATGATT,0
GTTTCAATGCTTCCCC,0
GTTTCACAAATTATGC,0
GTTTCACCAATGATCG,0
GTTTCAGGACTACTAC,0
GTTTCCAGCAGCCTGA,0
GTTTCCCGTTCAATAA,0
GTTTCCGGATGATAAC,0
GTTTCCGTACTCCCAC,0
GTTTCGACATATTATC,0
GTTTCTAGCCCATTGA,0
GTTTCTCAACTGATGC,0
GTTTCTCCGGTGAGAC,0
GTTTCTGAGATCTAGC,0
GTTTCTGGGCATCACA,0
GTTTCTGGTCATTCAA,0
GTTTCTTAATCGACCC,0
GTTTCTTGAACAACTG,0
GTTTCTTGGTAAACTC,0
GTTTGAAGGGATATAT,0
GTTTGACACTCCCCAG,0
GTTTGACCAACAGCGG,0
GTTTGACGATGGACGC,0
GTTTGATACTTTCAGA,0
GTTTGATGTCCAGCCT,0
GTTTGCCCACCCAAAC,0
GTTTGCCCCTGATTGT,0
GTTTGCGACGGTCCTC,0
GTTTGCTGTTGTCAAA,0
GTTTGGAGAGGCGATT,0
GTTTGGAGGTACATGA,0
GTTTGGTACTAAGTTA,0
GTTTGGTCGACAATTG,0
GTTTGTCTTGGGTCAA,0
GTTTGTTGCTATGAAA,0
GTTTGTTTACATAGCT,0
GTTTTAAAACATGAAA,0
GTTTTAACTGCTCCAT,0
GTTTTAAGGTTGAGCC,0
GTTTTACCAGATAAAA,0
GTTTTACGACACAAAC,0
GTTTTACGGTAAGAAA,0
GTTTTAGACACCAAAG,0
GTTTTAGGTATAGATC,0
GTTTTATATAGACCAT,0
GTTTTATCTTACATTT,0
GTTTTATGCCCAACTG,0
GTTTTCACGTATTGCA,0
GTTTTCTTAGGTACCC,0
GTTTTGAAATATCTAG,0
GTTTTGAGAAACTTCC,0
GTTTTGAGTATAACCG,0
GTTTTGCGAAGCACTT,0
GTTTTGGATGAAGAGC,0
GTTTTGGTAAGAAAAG,0
GTTTTGTTGGATGTTG,0
GTTTTTAGGCGAGGTA,0
GTTTTTAGGCGGACAA,0
GTTTTTATAACCTTAT,0
GTTTTTCACGACACAA,0
GTTTTTTAAGGCTAAT,0
GTTTTTTTCAAACCAA,0
TAAAAAAAAAAAACAA,0
TAAAAAAAAACGCACC,0
TAAAAAAAAAGTAACC,0
TAAAAAAACAAACGTT,0
TAAAAAAACAGGATAA,0
TAAAAAAACCGACCAA,0
TAAAAAAACGATACAT,0
TAAAAAAACGGCAGTA,0
TAAAAAAAGAATGTAA,0
TAAAAAAAGAGTTGAT,0
TAAAAAAATTAAAACC,0
TAAAAAACAAAATTCA,0
TAAAAAACACCACCTA,0
TAAAAAACAGTTTAGC,0
TAAAAAACCATTTTAC,0
TAAAAAACCTAAACCT,0
TAAAAAAGACCTTAAC,0
TAAAAAAGGATAATAA,0
TAAAAAAGGTTTGCGG,0
TAAAAAAGTGAGAAGA,0
TAAAAACAGGCTCGAC,0
TAAAAACCAATGCTAC,0
TAAAAACCACGGTGAG,0
TAAAAACCACTGCTAA,0
TAAAAACCCACTATAA,0
TAAAAACCTAACTGAA,0
TAAAAACCTCTAGAAA,0
TAAAAACTACACCAAT,0
TAAAAACTACGCACGA,0
TAAAAACTCTTCGGTG,0
TAAAAACTGCTTGTCC,0
TAAAAAGAATCATAAA,0
TAAAAAGCTCTCTCCA,0
TAAAAAGGCAACCACA,0
TAAAAAGTTGGTATCT,0
TAAAAATAATAATTCA,0
TAAAAATAATCGGCCT,0
TAAAAATAATTCTCCA,0
TAAAAATACGGGCTAC,0
TAAAAATACGTAACTT,0
TAAAAATAGCAGAAGC,0
TAAAAATATCTTAAAT,0
TAAAAATCAATTATGT,0
TAAAAATCCACGCCAT,0
TAAAAATCTGTTCTTG,0
TAAAAATGCATTATCA,0
TAAAAATGTACTGACT,0
TAAAAATTAATACAAA,0
TAAAAATTATATTCAA,0
TAAAACAAACTTACCC,0
TAAAACAAGTGTAAAG,0
TAAAACAATCAAAATC,0
TAAAACAGAAACGATG,0
TAAAACAGCTTAAAGG,0
TAAAACAGTATAACAC,0
TAAAACATATCCAAGC,0
TAAAACATCAAGACCG,0
TAAAACATCACTCTCC,0
TAAAACCAATTACCGT,0
TAAAACCACAAGAGCA,0
TAAAACCACTCTTGTC,0
TAAAACCACTGAATCA,0
TAAAACCATTACACCT,0
TAAAACCTCCCTATAT,0
TAAAACGACTAAAAGC,0
TAAAACGATATTTACA,0
TAAAACGCAACGCTTC,0
TAAAACGGATGTAACC,0
TAAAACGTATGATTAT,0
TAAAACGTGGAACAGG,0
TAAAACGTGGGGACTT,0
TAAAACTAAAGACTCG,0
TAAAACTAAGATCCGC,0
TAAAACTATAGTCGTA,0
TAAAACTCACCAAATG,0
TAAAACTCATTTCAAA,0
TAAAACTCGTAGTCAA,0
TAAAACTTCCTAAAGA,0
TAAAAGAACAACTCCC,0
TAAAAGAACAAGATAC,0
TAAAAGAACGAAGTGG,0
TAAAAGAATATATGTC,0
TAAAAGACTTGATCCC,0
TAAAAGAGCGCAGAGA,0
TAAAAGATAATGACCG,0
TAAAAGATCCAGTCAT,0
TAAAAGATTGGATTCA,0
TAAAAGCACTCTATTA,0
TAAAAGCAGTATACAA,0
TAAAAGCCAAATGACA,0
TAAAAGCCAGACTACC,0
TAAAAGCCCTGGGACC,0
TAAAAGCCGGGTTTAC,0
TAAAAGCGAACCTGTC,0
TAAAAGCGACAAGTAA,0
TAAAAGCTATTATGAA,0
TAAAAGCTTCCTTTAC,0
TAAAAGGGCAGAATCA,0
TAAAAGTAGACTGAAC,0
TAAAAGTATGAAGATC,0
TAAAAGTCTTCCCATA,0
TAAAAGTGAAAGTTGA,0
TAAAAGTTGGCCTAAG,0
TAAAAGTTTACCGCAC,0
TAAAATAAATAACTAT,0
TAAAATAAATCACAAA,0
TAAAATAAATCATTAA,0
TAAAATAAATGTGTAA,0
TAAAATAACCTCACAG,0
TAAAATAAGGATAAGC,0
TAAAATAATTAGAACT,0
TAAAATACGGCCCTAT,0
TAAAATACTACTAGTC,0
TAAAATAGAAACCAAA,0
TAAAATAGGCACAACA,0
TAAAATATAATCTAGA,0
TAAAATATACAGGGAC,0
TAAAATATGAGGAGTA,0
TAAAATATTTGCATAA,0
TAAAATCAACGAGATT,0
TAAAATCCCAAAGCTG,0
TAAAATCGTGGGTCCA,0
TAAAATCTAACAATGC,0
TAAAATGAAAAATATG,0
TAAAATGAGCACAAAA,0
TAAAATGAGGTTGTAC,0
TAAAATGCCATCTATT,0
TAAAATTAAAAGTCTT,0
TAAAATTACTGGAAAG,0
TAAAATTCATAGATTT,0
TAAAATTCCTGAAGTA,0
TAAAATTTAAACTACG,0
TAAAATTTAATATAGA,0
TAAAATTTAGAGTAAG,0
TAAACAAAACACCGAC,0
TAAACAAAATATCTCA,0
TAAACAAACTCCCTCA,0
TAAACAACATAACTCG,0
TAAACAACGAATACAA,0
TAAACAACTAACGTGA,0
TAAACAACTGACCAAA,0
TAAACAACTGTAGTCA,0
TAAACAACTTAGGGAA,0
TAAACAAGGTACGATT,0
TAAACAAGGTGAGAAC,0
TAAACAATAACCTTGT,0
TAAACAATACCCTATA,0
TAAACAATCAAATACA,0
TAAACAATGACAAAAT,0
TAAACAATTAGAGTCA,0
TAAACACAAATCCGCC,0
TAAACACAATCCTACG,0
TAAACACACCCCGAAC,0
TAAACACATAATAGCA,0
TAAACACATAGACCAA,0
TAAACACATTCAGGTC,0
TAAACACCAAAATATG,0
TAAACACCTAAGCAAA,0
TAAACACGGTTTAAAA,0
TAAACAGAGCTTGTCT,0
TAAACAGATATAAAGT,0
TAAACAGATGATCGAT,0
TAAACAGGCTAAAGGT,0
TAAACATAATATCTGA,0
TAAACATACATACGCA,0
TAAACATATTGCCAGC,0
TAAACATCCGAACCAA,0
TAAACATGCTTGTAGT,0
TAAACCAACATAAATA,0
TAAACCAAGGTAGCAA,0
TAAACCAATCAGTCGG,0
TAAACCACATCATGCG,0
TAAACCAGAGACCCAC,0
TAAACCCAACCTTAAA,0
TAAACCCCTATAAATA,0
TAAACCGACTTAACGC,0
TAAACCGGGCTAACTT,0
TAAACCGTACCTTACA,0
TAAACCGTCTTGCAAA,0
TAAACCTAATTCCTAA,0
TAAACCTAGGGTACAA,0
TAAACCTATCAAGATA,0
TAAACCTCAATGTCAA,0
TAAACCTTAGCTCTTG,0
TAAACCTTTGGAACAC,0
TAAACGAAGATACGGA,0
TAAACGACAGCTTCTT,0
TAAACGACCAGGCTAA,0
TAAACGATGGATAGAT,0
TAAACGCAGCTTATAC,0
TAAACGCATTTAAAAC,0
TAAACGCCCAAGAGTC,0
TAAACGCCTACTGAAC,0
TAAACGCTTAAAACAA,0
TAAACGGACCGAGGTA,0
TAAACGGAGGAAAGAA,0
TAAACGGGTGATATAA,0
TAAACGTATAATTTTT,0
TAAACGTCAAGCACAA,0
TAAACTAACTGTAGCA,0
TAAACTACAATATAGT,0
TAAACTATATATTACA,0
TAAACTATATTGTATG,0
TAAACTATGGGGAATC,0
TAAACTCCAGGTAGCC,0
TAAACTGAGCGCTGCC,0
TAAACTGTATCGATGT,0
TAAACTTACGTATTGA,0
TAAACTTCGGCCTCCC,0
TAAACTTTAGACTCAA,0
TAAAGAAAAACAAGAA,0
TAAAGAAACAATGGAT,0
TAAAGAAAGCCCCAAG,0
TAAAGAAAGGCACCAC,0
TAAAGAAGGAAATGCA,0
TAAAGAAGTTTTAGAG,0
TAAAGAATCAAAATAG,0
TAAAGAATGAAACTTT,0
TAAAGAATGTCAAACA,0
TAAAGACCGTACCACT,0
TAAAGACCTCTCTTAG,0
TAAAGACTCCAGTAGT,0
TAAAGACTTGAACAAT,0
TAAAGAGACTACTTTT,0
TAAAGAGCGCAAAATT,0
TAAAGAGCTAAGAGAA,0
TAAAGATACGGCCTGC,0
TAAAGATATGCTGGTG,0
TAAAGATCGAAGACGA,0
TAAAGATGCCCAATTA,0
TAAAGCAACATCACTA,0
TAAAGCACAGTTAGAG,0
TAAAGCACTCAGAAGG,0
TAAAGCCAATATTACC,0
TAAAGCCGAGACCCAA,0
TAAAGCGGACATCACA,0
TAAAGCGTATGCCAAA,0
TAAAGCTAACTATTAA,0
TAAAGCTATGGATAGA,0
TAAAGCTGGGAGAATG,0
TAAAGGAGTAAAATGA,0
TAAAGGATTGACCGCT,0
TAAAGGCAGAACCCAA,0
TAAAGGGAATGCACAT,0
TAAAGGGTTCACGAGA,0
TAAAGGGTTGAAACTT,0
TAAAGGTCAGTAAGGC,0
TAAAGGTTATCCGCAT,0
TAAAGTAAATTTGCTT,0
TAAAGTAACACAACTT,0
TAAAGTAACTTAAGTT,0
TAAAGTACCAAAAGAA,0
TAAAGTAGTATAGGCA,0
TAAAGTCAATTTCACA,0
TAAAGTCCAGAGATAC,0
TAAAGTCGTAGATGAT,0
TAAAGTGAACTTATAA,0
TAAAGTGAATTGGTGT,0
TAAAGTGAGAATGAAA,0
TAAAGTGCCCTAAGTG,0
TAAAGTGTTGAAAATG,0
TAAAGTTAGCTCTTGA,0
TAAAGTTTTAAACATC,0
TAAATAAAACAGAAAT,0
TAAATAAAATACCTCG,0
TAAATAAAGACGCAAC,0
TAAATAACTCATTATA,0
TAAATAACTCCTGAAT,0
TAAATAAGCCCCTGCC,0
TAAATAATAGGCTCTC,0
TAAATAATCAGAGACA,0
TAAATACAAAATATAA,0
TAAATACAGATTTCTT,0
TAAATACCAAGTTTAG,0
TAAATACGCCAACTAA,0
TAAATACGTGTGATTG,0
TAAATACTTCAACACA,0
TAAATACTTCAATCAA,0
TAAATACTTCTCACGA,0
TAAATAGAAGCAAATT,0
TAAATAGAGCAAAAAG,0
TAAATAGAGCAACAAT,0
TAAATAGATCATATTA,0
TAAATAGCAACCTAAG,0
TAAATAGCACGAATAG,0
TAAATAGCCACAGCAA,0
TAAATAGGGCTTAAAT,0
TAAATAGTTTGCTTCA,0
TAAATATAAGCAACGT,0
TAAATATCATACCATC,0
TAAATATGAAACCCTC,0
TAAATATGCAGTCTCA,0
TAAATATGCTAGGTAC,0
TAAATCAACCGCACAT,0
TAAATCAATTGATTTT,0
TAAATCACGATAATAT,0
TAAATCAGCGTGTTTT,0
TAAATCAGTAGTTGAA,0
TAAATCATCGGAGCGA,0
TAAATCCATATTGGAC,0
TAAATCCTAAATAATC,0
TAAATCCTATCCCTTC,0
TAAATCCTTATAGCCG,0
TAAATCGTACTAAACC,0
TAAATCGTTTAGAGCA,0
TAAATCGTTTTCAAAA,0
TAAATCTAAGAACTTC,0
TAAATCTCAGAACTTA,0
TAAATCTGGATTTCGA,0
TAAATCTGGCAAAACC,0
TAAATCTGTTGACAAA,0
TAAATGAATACTTCAG,0
TAAATGATCTTAAAAC,0
TAAATGCAGAATGGTG,0
TAAATGCGCGTAATAT,0
TAAATGCTTGGATACC,0
TAAATGGAACACCATT,0
TAAATGGAAGGTAACA,0
TAAATGGACCATCCAG,0
TAAATGGCCAATGACG,0
TAAATGTAAACCAAGC,0
TAAATGTAACTCAGCA,0
TAAATGTCCAGCTTTG,0
TAAATGTTAAATTAGA,0
TAAATGTTCAGTTCTG,0
TAAATTACAGTGTAGC,0
TAAATTACTCCACCAC,0
TAAATTAGTCCAACCA,0
TAAATTATACAAAAAG,0
TAAATTATTAATTATC,0
TAAATTATTAGGATGG,0
TAAATTATTCAAAGCG,0
TAAATTCAAGTTCTCC,0
TAAATTCAGGCTTGGC,0
TAAATTCCCCTACGAT,0
TAAATTCGGAGACTGA,0
TAAATTCGTGGAAGTG,0
TAAATTCTACGTTCTT,0
TAAATTGAATAGAAAG,0
TAAATTTACAAGAGAG,0
TAAATTTACCTTTCCA,0
TAAATTTAGGCAGCGA,0
TAAATTTATAGTCTGA,0
TAAATTTCCAGAAAAA,0
TAAATTTGCAGACAAT,0
TAAATTTTCAAGGTTT,0
TAACAAAAAAAACAGT,0
TAACAAAAAAACCAGT,0
TAACAAAAAGACGAAT,0
TAACAAAAATCTCCTC,0
TAACAAAAGATGCTGC,0
TAACAAAAGGGTACAT,0
TAACAAAATCTATGGT,0
TAACAAAATTTTAAGA,0
TAACAAACACAATCAT,0
TAACAAAGACGACTGA,0
TAACAAAGGCACATGG,0
TAACAAAGGTTCAAAA,0
TAACAAATATAATATA,0
TAACAAATCAGGATAT,0
TAACAAATTATTTCGG,0
TAACAACCAAAAACGG,0
TAACAACCAGCAAGAT,0
TAACAACGACTACACG,0
TAACAACTAGTTATAA,0
TAACAACTTGCCTAAT,0
TAACAAGAAACCGAAC,0
TAACAAGGACTATACC,0
TAACAAGGGTGACCCT,0
TAACAAGTACCCGTTC,0
TAACAAGTAGAGATAG,0
TAACAATAAGAATAAT,0
TAACAATATGCATACC,0
TAACAATCAAAAAGCT,0
TAACAATCACTAGAGT,0
TAACAATCTATCGCTC,0
TAACAATGCAATCAAA,0
TAACAATGTTCAGCAA,0
TAACAATTCAAAAAGG,0
TAACACACAGCACGAC,0
TAACACACATAGTCTG,0
TAACACATGTAACAAC,0
TAACACATTTTAAAAT,0
TAACACCTGCTACCAG,0
TAACACGTAGCGGAAG,0
TAACACTAAAAAACTG,0
TAACACTCAATAATTG,0
TAACACTTATAACAAC,0
TAACACTTTCCTACCA,0
TAACAGAAAACAACAT,0
TAACAGAACTGCAACC,0
TAACAGACTAATGACA,0
TAACAGAGGTTCAGGG,0
TAACAGATACAAATTT,0
TAACAGATCTAGTAAT,0
TAACAGATGGAAAATG,0
TAACAGCACTAAAAAC,0
TAACAGCATAAGACAA,0
TAACAGCTATTATAAA,0
TAACAGGACGTTACTG,0
TAACAGGATTAATAAT,0
TAACAGGGATGCGAAC,0
TAACAGGGTTCCATCA,0
TAACAGTAGACTCTAA,0
TAACAGTTGTTAGATA,0
TAACATAAACTGTTAC,0
TAACATAACAATTTTT,0
TAACATACAGTTATCG,0
TAACATACATCTAAGT,0
TAACATAGAATGCATG,0
TAACATAGCTTGACTT,0
TAACATAGTCCCTGCC,0
TAACATAGTCTACATG,0
TAACATCATTTAACAC,0
TAACATGACAAAGGAC,0
TAACATGATTAACCCA,0
TAACATGTACGCTTCT,0
TAACATGTAGCATCAC,0
TAACATTAATGTCGCC,0
TAACATTCATTAGAGG,0
TAACATTTAAAGACAG,0
TAACCAAAAACTAATG,0
TAACCAAAAATAATTT,0
TAACCAAAATCGCACT,0
TAACCAAACTCAACAG,0
TAACCAACGGGCGCGA,0
TAACCAAGCTCCAAAG,0
TAACCAAGGTATTTCT,0
TAACCAATAGGTAACC,0
TAACCAATGAACGACC,0
TAACCACTATACTCCA,0
TAACCACTGTCTCAGG,0
TAACCACTTAGGCGAA,0
TAACCAGGTCTGCTGT,0
TAACCATAGTCCTAGC,0
TAACCATAGTGTCGAT,0
TAACCATATCAGGACT,0
TAACCCAACTAAACAT,0
TAACCCACAGTAAAAT,0
TAACCCATATATCGAG,0
TAACCCATATGCCATG,0
TAACCCCATAGCAATT,0
TAACCCCATGAAGAAA,0
TAACCCGAAGTAACGC,0
TAACCCGTCGAATCTA,0
TAACCCTAAATCAATC,0
TAACCCTACACGAAAT,0
TAACCCTAGACTACCC,0
TAACCCTGACAATTAA,0
TAACCCTGTACTGACC,0
TAACCGAAATCACTCA,0
TAACCGAACTCAATTA,0
TAACCGACAACCGGTC,0
TAACCGAGTGCAAAAT,0
TAACCGATTACCCTCG,0
TAACCGCAAAACTTGT,0
TAACCGCAATCACGCC,0
TAACCGCACACATCCT,0
TAACCGCGACCAAGCC,0
TAACCGGGGCCCTATA,0
TAACCGTATAGTCAAA,0
TAACCGTCAACTGAAC,0
TAACCTAGGTATTACA,0
TAACCTATTAAATAAT,0
TAACCTCGGGGTTTGC,0
TAACCTGCTCAAACAT,0
TAACCTTAAAAAAGCT,0
TAACCTTAGAGAGCTC,0
TAACCTTAGGCCCCAC,0
TAACCTTGGAACTCAG,0
TAACGAAATACTAAAT,0
TAACGAACCTAAGGGC,0
TAACGAACCTTAACCT,0
TAACGAAGCGAGGCCC,0
TAACGACCACGTAATC,0
TAACGACGGTTAGATT,0
TAACGACGTATGTGCT,0
TAACGACTACAACTTA,0
TAACGACTAGTTCGAT,0
TAACGACTATAAATCA,0
TAACGACTATAAGAGC,0
TAACGAGACCCGGATC,0
TAACGAGACTGACTAT,0
TAACGAGATCAAATCC,0
TAACGAGCGACTGGAA,0
TAACGATAGTCAAGTG,0
TAACGATGTATTCCCC,0
TAACGCAAACAGCAGG,0
TAACGCAAGACCTCGA,0
TAACGCACCTGAAGCA,0
TAACGCATCACGTATA,0
TAACGCCCATAAGGAG,0
TAACGCTCGAAGATCA,0
TAACGCTGATATTTGT,0
TAACGGACATGCACAT,0
TAACGGCCAGTTTCAC,0
TAACGGGTTATGACCC,0
TAACGGGTTTTACCAT,0
TAACGTAACCATCACA,0
TAACGTCCCACGAATT,0
TAACGTGATTCCAACT,0
TAACGTGCAACACCCA,0
TAACGTGGCCGTTCTA,0
TAACGTTCTATAAGCT,0
TAACGTTGAGCTACTA,0
TAACGTTTGATTAACA,0
TAACTAAAGTACTCAC,0
TAACTAACTATGTGCC,0
TAACTAAGGCCTATCG,0
TAACTAATACCCGAAG,0
TAACTAATATCTCCCA,0
TAACTAATGCTTAAGA,0
TAACTACATAACACCT,0
TAACTACATAATACCG,0
TAACTACATGCAGCCA,0
TAACTACCGATAACCA,0
TAACTACGAGAACAAT,0
TAACTACGGACCTTCC,0
TAACTAGAGAAGACAA,0
TAACTAGAGTACTGCT,0
TAACTAGTTATCCCCA,0
TAACTATAAACGAAAA,0
TAACTATCAATAGCAT,0
TAACTATCAATAGTGG,0
TAACTATGATTGACAA,0
TAACTATTAATCGAAT,0
TAACTATTCGCATCAT,0
TAACTATTCTTGTATC,0
TAACTCAGAATATGGA,0
TAACTCAGACACCAAT,0
TAACTCAGGCCACTCG,0
TAACTCATCAACAAAC,0
TAACTCCCAGCTGTAG,0
TAACTCCGAAGCACAA,0
TAACTCGCGTACAACT,0
TAACTCGTACCAGGGA,0
TAACTCGTGTCATTAA,0
TAACTCGTTAATATAG,0
TAACTCTAAAAAAAAA,0
TAACTCTAAAACCTAC,0
TAACTCTAGAATTCAC,0
TAACTCTATGCCTTGA,0
TAACTCTTTCGTAGCA,0
TAACTGAACACACTTT,0
TAACTGAACTATACTG,0
TAACTGACCCGTATCG,0
TAACTGACGCTGCAAA,0
TAACTGACTCTAAACG,0
TAACTGAGAGAAGGAG,0
TAACTGAGCACTACTC,0
TAACTGAGTCGGGGAC,0
TAACTGCCCAATTAGC,0
TAACTGCTACTATTAA,0
TAACTGCTGGTTGCAT,0
TAACTGGACCCTCTTA,0
TAACTGGCATATACGT,0
TAACTGGCTTCTGGAG,0
TAACTGTGTTACTTCA,0
TAACTTAACATATCCC,0
TAACTTAGAACCCATC,0
TAACTTATGGACCTAT,0
TAACTTCACGATCTCA,0
TAACTTCAGGAGCATA,0
TAACTTCATAAAACCA,0
TAACTTCTGTCTGGCA,0
TAACTTTAAAACCTGT,0
TAACTTTACATTTCAT,0
TAACTTTATTCCTTAC,0
TAACTTTCTTAGCTCA,0
TAACTTTGCACAAGCT,0
TAACTTTTATTAAAAA,0
TAACTTTTTAGAAGGC,0
TAAGAAAAACCCAACA,0
TAAGAAAAAGACACAG,0
TAAGAAAAGATCTGCT,0
TAAGAAAAGGTGATTA,0
TAAGAAAAGTTGAACG,0
TAAGAAACTCCTCATT,0
TAAGAAAGAACTGGAT,0
TAAGAAAGGTTTTACC,0
TAAGAAATATTTTAGT,0
TAAGAACACAGTTCTA,0
TAAGAACACGAATATT,0
TAAGAACGTTGTTTAT,0
TAAGAACTAGAGCTAG,0
TAAGAACTCTCGACTA,0
TAAGAAGATAGCAATA,0
TAAGAAGCAACTATAC,0
TAAGAAGGAATATAAC,0
TAAGAAGTGTCGTTAA,0
TAAGAATAAACCACAA,0
TAAGAATAAAGAACGA,0
TAAGAATAAAGTGTAC,0
TAAGAATAATAATAAC,0
TAAGAATATGCGTTGC,0
TAAGAATTTGCTAAAA,0
TAAGACACTCGAGTCA,0
TAAGACAGGGGCCTGG,0
TAAGACCAGTTACACA,0
TAAGACCCAAAATAAG,0
TAAGACCGTAGATACT,0
TAAGACCGTTGTGAAA,0
TAAGACGTAACCTATA,0
TAAGACGTGTTTAGGA,0
TAAGACGTTAACCATA,0
TAAGACTAACGACCTC,0
TAAGACTCAAGAAAAT,0
TAAGACTCGGGATACT,0
TAAGACTGCATTCAGC,0
TAAGACTGGAAGTACT,0
TAAGACTGGTTTTGTG,0
TAAGAGACTAACATGA,0
TAAGAGATTTACGACT,0
TAAGAGCAACAAGAGC,0
TAAGAGCAGATGATTG,0
TAAGAGCCGGTAGAGG,0
TAAGAGCGTTTGCCCC,0
TAAGAGGATTAGTAAG,0
TAAGAGTATGCTAAAG,0
TAAGAGTGAGGAAAGA,0
TAAGATAAGGGAAAAT,0
TAAGATACCCAAGCAT,0
TAAGATAGTTGGAAGA,0
TAAGATATCTGTAGTT,0
TAAGATATTATACAAT,0
TAAGATCATCATACAA,0
TAAGATCCGAAGCCAA,0
TAAGATCGTTGAACTT,0
TAAGATTACATATTTC,0
TAAGATTCCGGGAAAA,0
TAAGATTGAGCTTGAT,0
TAAGATTGTACTATGA,0
TAAGATTGTAGGCTAG,0
TAAGATTTACTATCAT,0
TAAGATTTGTGGCAAC,0
TAAGCAAAAAGCACGC,0
TAAGCAAAACCTTTGT,0
TAAGCAACAAGACGAA,0
TAAGCAACATCCCGAT,0
TAAGCAACGTGACCTT,0
TAAGCAACTAACATCG,0
TAAGCAACTACTGCAA,0
TAAGCAAGATAACCTG,0
TAAGCACAAATAATGG,0
TAAGCACATGTCGTTA,0
TAAGCACCTAAGTTAA,0
TAAGCACCTCGAGGAC,0
TAAGCATCAAGGACTA,0
TAAGCATGCGGTTTTC,0
TAAGCCAATGTGACAA,0
TAAGCCAGACTGTCCA,0
TAAGCCAGGAAAATCT,0
TAAGCCATCCAGCCAA,0
TAAGCCCACTCACAGC,0
TAAGCCCAGGAAACGA,0
TAAGCCCGTGTCCCTT,0
TAAGCCCTAATCAACT,0
TAAGCCCTCCTCCTTA,0
TAAGCCGACCGCCACC,0
TAAGCCGGAAACATAT,0
TAAGCCGTACTTATAT,0
TAAGCCTCAACAAAAG,0
TAAGCGAATTAACCCT,0
TAAGCGATACTTTTTC,0
TAAGCGCAAGCTTCCC,0
TAAGCGCACTTCATAA,0
TAAGCGCCTAATATTT,0
TAAGCGCGGTAAAAAG,0
TAAGCGCTTGCGTGAA,0
TAAGCGGACTAAAGGG,0
TAAGCGTTGAAGTACG,0
TAAGCTCTTACAAGAT,0
TAAGCTGATTATCATG,0
TAAGGAAAACAAATAT,0
TAAGGAAATCAGAACC,0
TAAGGAAGCAAATTAA,0
TAAGGAAGGACCCCTG,0
TAAGGAATAAACCGAC,0
TAAGGACCCCCTCTAC,0
TAAGGACGAACCAAGT,0
TAAGGACTAAACTGAC,0
TAAGGACTTACTTCCA,0
TAAGGACTTTGATTCT,0
TAAGGAGCGCACACAA,0
TAAGGAGGAATTCGAC,0
TAAGGAGGAGTTGTAG,0
TAAGGATGGATAAAGA,0
TAAGGATTCAGGAGTA,0
TAAGGCACAAAAACAG,0
TAAGGCATAAGATTAC,0
TAAGGCATAGCGGAAA,0
TAAGGCCTAAAATACA,0
TAAGGCGACGATTAAG,0
TAAGGCGACGGTTCAT,0
TAAGGCTTAAACCTAC,0
TAAGGCTTAATCAAAG,0
TAAGGCTTAGGTTAGT,0
TAAGGGAATTCCTATA,0
TAAGGGGAGTATGTCA,0
TAAGGGTACAGATTCT,0
TAAGGGTCCAGAGAAT,0
TAAGGGTTTCATAGGT,0
TAAGGTAGTCAATAAC,0
TAAGGTGTACAAAGAA,0
TAAGGTTGCGGATACA,0
TAAGGTTTTAAGGATA,0
TAAGTAACCAAGAACC,0
TAAGTAACGAAAATTC,0
TAAGTAAGAAAGATAG,0
TAAGTAAGAAGTTTTT,0
TAAGTAATCGTTACTA,0
TAAGTAATCTTACTCG,0
TAAGTAATGAGAAAAC,0
TAAGTACAATAAAAAC,0
TAAGTACATAAAGATC,0
TAAGTACTTCGCATAG,0
TAAGTAGTGAGATTGA,0
TAAGTATAAAGAGGTG,0
TAAGTATAACACAATT,0
TAAGTATCCAGAAATA,0
TAAGTATTGCACAATA,0
TAAGTCAAATTAGATC,0
TAAGTCAGCGCGGTTC,0
TAAGTCATAAAAAAAC,0
TAAGTCATTAGTCTTA,0
TAAGTCCAAAGAACTA,0
TAAGTCCAACATAAAT,0
TAAGTCCGCAACTTGT,0
TAAGTCGCTCAGGTCA,0
TAAGTCGCTGGGATGT,0
TAAGTCTGGACAGCTA,0
TAAGTCTTACATACTT,0
TAAGTGAAAATAATCT,0
TAAGTGAAAATTACAC,0
TAAGTGAACTGTTACC,0
TAAGTGATAGTACTAA,0
TAAGTGCAACAAGATT,0
TAAGTGCACCAGTCTC,0
TAAGTGCCTAAAAAAG,0
TAAGTGCTATACTAGA,0
TAAGTGCTGGTATCTC,0
TAAGTGGAACTCTCGA,0
TAAGTGGAGTGAAACA,0
TAAGTGGATATTAGTA,0
TAAGTGTTAATAGTCC,0
TAAGTTAATTAGTAGC,0
TAAGTTATAATGAAAA,0
TAAGTTATGATACTTC,0
TAAGTTATTGTATCCT,0
TAAGTTCACATATAAG,0
TAAGTTCCCTCTCGAA,0
TAAGTTCGTTCGTTCC,0
TAAGTTGATATTCAAT,0
TAAGTTGTAGTCCTAT,0
TAAGTTGTTGAGTTGT,0
TAAGTTTACCTTTAAC,0
TAAGTTTCATCACTGC,0
TAAGTTTCCCTCCTGC,0
TAAGTTTTATCAAAAA,0
TAATAAAAATACATTA,0
TAATAAAAATTAGTAG,0
TAATAAAACAACCATG,0
TAATAAAACCAAGACT,0
TAATAAACCCATTCTA,0
TAATAAACTAAAAACA,0
TAATAAATACTCCAGC,0
TAATAAATGAATACCA,0
TAATAAATGTTCTTTG,0
TAATAACACTACATAA,0
TAATAACAGGATAAAC,0
TAATAACTCTCATCAA,0
TAATAACTTGGTAAGA,0
TAATAAGCGATCACAC,0
TAATAAGCTCGAAGCT,0
TAATAATAACAGTGAC,0
TAATAATAACGAGGTC,0
TAATAATACGTGTAGA,0
TAATAATCGGTATGAA,0
TAATAATGGCCGACCA,0
TAATAATGGTCGATAG,0
TAATACAACATGAGAA,0
TAATACAAGCCAAAAA,0
TAATACAATTATCATA,0
TAATACAGAGATGTAT,0
TAATACATAGTTTACT,0
TAATACCAACGCATGC,0
TAATACCACAACTCGA,0
TAATACCATAGGCTTA,0
TAATACGAAAACCATA,0
TAATACGAAAAGCTAT,0
TAATACGAGATCAGAC,0
TAATACGAGGCCAACC,0
TAATACGCAAATACCA,0
TAATACGCCTGGGCCT,0
TAATACGGACCACATA,0
TAATACTACCCAAGCC,0
TAATACTATTTAGAAT,0
TAATACTGGATATCGG,0
TAATACTGGTAAACCT,0
TAATACTTTCCCTCCA,0
TAATAGACACAACTCA,0
TAATAGAGAAAACCAG,0
TAATAGCATATATCCG,0
TAATAGCCCGGAGGTC,0
TAATAGCGACCTTTTC,0
TAATAGGTCTACTTCC,0
TAATAGTACCACATTA,0
TAATAGTAGCACATTG,0
TAATAGTGAACACGAA,0
TAATAGTGATACCTTC,0
TAATAGTGCTACAGCG,0
TAATAGTTATTACAGG,0
TAATAGTTTACTTATC,0
TAATATAAAGTGCTAC,0
TAATATAAATAGAGCT,0
TAATATAAATCTCATG,0
TAATATAACAAACATT,0
TAATATAACTCCTCAA,0
TAATATAAGATCACTT,0
TAATATAGGAAACTGT,0
TAATATAGGACGTCCC,0
TAATATAGTGATCAAC,0
TAATATCAAACGTTTA,0
TAATATCAAGCTTCAA,0
TAATATCATACAGCAA,0
TAATATCATTTATCCT,0
TAATATCGGGTAACGT,0
TAATATCTAAAATGGA,0
TAATATCTAAATGTAA,0
TAATATCTGTGTTTCA,0
TAATATCTTATAAAAG,0
TAATATGACCAAACCC,0
TAATATGCCGTACTAA,0
TAATATGGGCTCAAAC,0
TAATATTAGGCTCGGA,0
TAATATTCAAAAGCTC,0
TAATATTCAGGGCTGT,0
TAATATTCCAACACTA,0
TAATATTGGACTAGTC,0
TAATATTGTAATAGAC,0
TAATATTTTTAAATGA,0
TAATCAAAGACTCTTT,0
TAATCAAATTACCAGG,0
TAATCAAATTATATCG,0
TAATCAACGAGCAAAA,0
TAATCAAGGCGACGTG,0
TAATCAATACTTATAA,0
TAATCAATAGCATAAG,0
TAATCAATCACACCCA,0
TAATCACAAAGAAAAA,0
TAATCACAACTTAGTG,0
TAATCACAGAATTAAC,0
TAATCACCAAAAATGT,0
TAATCACGCTGTATTT,0
TAATCACGGGATAATT,0
TAATCACTAAAAGATC,0
TAATCAGGAGCGAACG,0
TAATCATAAAACCCAT,0
TAATCATAAGGGTACA,0
TAATCATGAGGTAGAG,0
TAATCATGATTATTTA,0
TAATCATTGCTATGCT,0
TAATCCAAATCGCTAT,0
TAATCCAATCTAACAC,0
TAATCCCATTAGAGAC,0
TAATCCCTCCGTGCCC,0
TAATCCCTTAAAACAA,0
TAATCCTAAAGTCTTT,0
TAATCCTAACCATACT,0
TAATCCTAAGTGACAA,0
TAATCCTGAGGTTATA,0
TAATCGAATAAAGTAA,0
TAATCGACCATACCCC,0
TAATCGACTACCCCTA,0
TAATCGAGAAGAAAAT,0
TAATCGAGAAGAGAAT,0
TAATCGCATGATTCAC,0
TAATCGCGAGAGGTTC,0
TAATCGCGCGTTCAAA,0
TAATCGCTCCATAAAT,0
TAATCGCTTCAAATCC,0
TAATCGTATGATAAAT,0
TAATCGTTAATTGTAC,0
TAATCTACCATCTGCA,0
TAATCTACCCCAGGGA,0
TAATCTATAAGTATCG,0
TAATCTATCATTCGTA,0
TAATCTGCGAATAAGT,0
TAATCTGTTAGTAACA,0
TAATCTTCTGCATCCT,0
TAATCTTTTAAGTAAC,0
TAATGAAAAGTGTCTC,0
TAATGAAATCGGAATG,0
TAATGAACAACCAAAC,0
TAATGAACCCTTTTAT,0
TAATGAACTCAGCAGC,0
TAATGAAGTACCGATT,0
TAATGAATTAGAGATT,0
TAATGACAATTCGACT,0
TAATGACATATCCGAA,0
TAATGACCCAGTCTCT,0
TAATGACGAAAACCAG,0
TAATGACGACGATACT,0
TAATGAGAGACTCGGC,0
TAATGAGAGCCTCAAC,0
TAATGATAAAAAGAGC,0
TAATGATATATATTTG,0
TAATGATCACGAACAG,0
TAATGATGCCGCTACA,0
TAATGATGCTAAAAAC,0
TAATGCAAATGACCGA,0
TAATGCAATCCGAAAT,0
TAATGCATTAAATTGG,0
TAATGCCACTACGAAG,0
TAATGCCACTTAGCCG,0
TAATGCCCCTGCAGGC,0
TAATGCCTACACACAT,0
TAATGCCTATGAATAC,0
TAATGCGAAACTAAAT,0
TAATGCGAAAGGATCA,0
TAATGCGCATCATGTT,0
TAATGCGCATTTAAGG,0
TAATGCGGCACGCCAA,0
TAATGCGTACAAATTG,0
TAATGCTAGGTGATGA,0
TAATGCTTACCATTCG,0
TAATGCTTGTTAAAAT,0
TAATGGAAACTAGAAA,0
TAATGGAAGGCTCACA,0
TAATGGATCTTTTACC,0
TAATGTAAAAATTAAA,0
TAATGTAAAACTAAGG,0
TAATGTCAACTAAAGA,0
TAATGTCGACACCGAC,0
TAATGTGAGTATCAAA,0
TAATGTGATCTGGTTT,0
TAATGTGCCAATAGCA,0
TAATGTGGGAATTTCG,0
TAATGTTCAGTCCATA,0
TAATGTTGATGCCGAT,0
TAATTAAAACAGCTTC,0
TAATTAAAAGAAGTCT,0
TAATTAAAATACTAAA,0
TAATTAAACTATGTAC,0
TAATTAAAGAGCGTTA,0
TAATTAACAAATAAAA,0
TAATTAAGACTTGCAA,0
TAATTAAGCGTTGAGC,0
TAATTAATCATCCTCG,0
TAATTAATGCCCCAGT,0
TAATTACAAGCGTAAA,0
TAATTACACCACAAAA,0
TAATTACATGTCAAAA,0
TAATTACGCACCCCAT,0
TAATTACTACTGGACT,0
TAATTACTACTTTTCG,0
TAATTAGACTCAACGG,0
TAATTAGTTCGCTGAT,0
TAATTAGTTTAAAAAA,0
TAATTATAATAAGGCC,0
TAATTATAGGAAACAA,0
TAATTATGATTAACTT,0
TAATTATTCGAACATA,0
TAATTATTTTTGCCTT,0
TAATTCAAAGTTTAGG,0
TAATTCAACGAAAAGT,0
TAATTCAAGCATCTGT,0
TAATTCAATTAACGTC,0
TAATTCACACAAATTA,0
TAATTCACACTTGACT,0
TAATTCATTATAGATT,0
TAATTCCATCAGTGCT,0
TAATTCGAATTCATAC,0
TAATTCGCCCCTCGGA,0
TAATTCTAAAAAAAAA,0
TAATTCTAAGATCGGT,0
TAATTCTACGCCAGGC,0
TAATTCTATTTTAAAA,0
TAATTCTCTAACTGTA,0
TAATTGAACAGACCGC,0
TAATTGAATTTTTCAG,0
TAATTGACAGGAAAAT,0
TAATTGACGAACATTG,0
TAATTGATACAATTCG,0
TAATTGCAAGGAAACT,0
TAATTGCACTCCCGAA,0
TAATTGCGTTAGGAGA,0
TAATTGTCCTTCAGTA,0
TAATTGTGTGGATCAA,0
TAATTGTTTATAATAA,0
TAATTTAATATCTCAA,0
TAATTTACAGTAAACT,0
TAATTTATAAAATCAT,0
TAATTTGAACTGTTGG,0
TAATTTGTGGATTAAG,0
TAATTTTAACCTCATG,0
TAATTTTCAAGCCTTC,0
TAATTTTCTTAAAGGA,0
TACAAAAAATTAAGTG,0
TACAAAAAGGCTCGAA,0
TACAAAAAGTAGGGGA,0
TACAAAAATGAAGCCC,0
TACAAAAGACTCAACA,0
TACAAAATCAGACCCC,0
TACAAAATTCAAAATC,0
TACAAAATTTGTTGTC,0
TACAAACCCATAACGT,0
TACAAACTACCAATAA,0
TACAAACTAGCCCTTG,0
TACAAACTGGTGCTAC,0
TACAAAGATCGCCTCG,0
TACAAAGGACCTAGCC,0
TACAAAGTATGAAAAC,0
TACAAATCTGAAGCAA,0
TACAAATGAAATAACC,0
TACAAATTCCGTTATT,0
TACAAATTGCCCCACT,0
TACAAATTTCCCCTCG,0
TACAAATTTGCAGACT,0
TACAACAAAAAAAAAA,0
TACAACAACACCACAA,0
TACAACAATAAAGTTT,0
TACAACAGTCGAAAAG,0
TACAACCAACCTAGCT,0
TACAACCCACCTATTA,0
TACAACCCATATCATA,0
TACAACCCCCAAGATA,0
TACAACCCCTAGGATG,0
TACAACCGTGGTGTGC,0
TACAACGAAAGTAACA,0
TACAACGCTAGATCGA,0
TACAACTAAGCCAGGG,0
TACAAGAAAAAATTGC,0
TACAAGAAAATAAACT,0
TACAAGAAACAGTTGA,0
TACAAGAAAGATATAA,0
TACAAGATGTATTAGA,0
TACAAGCAGTTAACGA,0
TACAAGCCCCAGCCTA,0
TACAAGCTATACTCTG,0
TACAAGCTTCAAACGA,0
TACAAGGACGTCAAGA,0
TACAAGGAGATGGTGT,0
TACAAGGCAGCATTAA,0
TACAAGGCCAGCAAAA,0
TACAAGGCCCATCGTT,0
TACAAGGTCTAATGAA,0
TACAAGTCCCCGGCAA,0
TACAAGTCCGTAGTCA,0
TACAAGTGCTAGACAC,0
TACAAGTTATCATATT,0
TACAAGTTGGTGGCAT,0
TACAATAAGCATGGTA,0
TACAATAGCAACCCCA,0
TACAATAGGTAGCAAT,0
TACAATATAAATAACC,0
TACAATATGTATCTAA,0
TACAATATTGCAAAGC,0
TACAATCAACAGCATA,0
TACAATCAATTTACGT,0
TACAATCTCTATCCAC,0
TACAATGAGAGATGTA,0
TACAATGTACTGCTAG,0
TACAATGTAGTCAACA,0
TACAATTATTTAACAA,0
TACAATTCCGAAAAAG,0
TACAATTGTATAATGG,0
TACAATTTCATACAAA,0
TACAATTTGAACAACA,0
TACACAAAAAGGACAA,0
TACACAAACGGGCAAA,0
TACACAACCTATCGCT,0
TACACAAGGAAAACTA,0
TACACAAGTGAAAGAC,0
TACACAATAACTCTTG,0
TACACAATGAATTAAC,0
TACACACAAGATAATG,0
TACACACCTTTACACG,0
TACACACTAAATCCAC,0
TACACACTGGCAATGA,0
TACACAGCGACAAATA,0
TACACAGTGGCCAATC,0
TACACATACAAGTGGC,0
TACACATACTGATAAA,0
TACACATATACCAAAA,0
TACACATATCATAAAG,0
TACACATGAGGTAGAT,0
TACACATGAGTTACGC,0
TACACATTCATTGTAC,0
TACACCACCGACATTG,0
TACACCACCTATTACA,0
TACACCGAAGACTTTT,0
TACACCGAATACATTC,0
TACACCGATGAAAATT,0
TACACCTTTGGGCATA,0
TACACGCCCTATCGCG,0
TACACGCCTGAATGCT,0
TACACGCGAACAGGCT,0
TACACGCGACAAACGC,0
TACACGGCGGTTCACG,0
TACACGTATACTATAA,0
TACACTAAAGTTACAT,0
TACACTAATATTTTCA,0
TACACTAGAATACAAT,0
TACACTAGACGATCGG,0
TACACTCAAAAAATGC,0
TACACTCATACTCTAC,0
TACACTCTTACTCACA,0
TACACTCTTTAAGCGC,0
TACACTGAGCAGAGAA,0
TACACTGCCTAGTCAT,0
TACACTTATACCGCTC,0
TACACTTCGTGGCATA,0
TACACTTTATGGTCCA,0
TACAGAAATATGAATT,0
TACAGAAGAGTAACCT,0
TACAGAAGCCCATATG,0
TACAGAATAACGTCAA,0
TACAGAATAGGTGACA,0
TACAGAATGTTTTGTC,0
TACAGACGTAAAGGCT,0
TACAGACTAAAATAAG,0
TACAGACTCATATTCC,0
TACAGAGTTCAACAGA,0
TACAGATGCTATTGAA,0
TACAGATTCAATGAGC,0
TACAGCCAGGACACTA,0
TACAGCGAGGGTATGC,0
TACAGCTATCAAAAAA,0
TACAGCTGATAAAACC,0
TACAGGACCCTCGTTA,0
TACAGGAGGTCCTAAG,0
TACAGGAGTCATGAAG,0
TACAGGATGTTGTGTA,0
TACAGGCTGAACGCTT,0
TACAGGGGCCCTTCTT,0
TACAGGTATTGTAAGA,0
TACAGGTGTGACACCT,0
TACAGTACAAACATCA,0
TACAGTATTAACCTCA,0
TACAGTCAATTTCTCG,0
TACAGTGGAACCCCCC,0
TACAGTGGACAGTGAG,0
TACAGTGTGCAAAGAA,0
TACAGTTAAACCCCGC,0
TACAGTTAATGGCTGA,0
TACAGTTCGAAATGCG,0
TACAGTTGATTAACAC,0
TACATAAAAAAAAGTC,0
TACATAAAGGCAATAT,0
TACATAATGAGCCATA,0
TACATACGTAGTAAAG,0
TACATACTAATGTGTA,0
TACATAGAATATGATA,0
TACATATAACATACAA,0
TACATATCCTAAAATT,0
TACATATGTATACATC,0
TACATATTCAAAATAT,0
TACATCAATTCCCGCG,0
TACATCACATGGATCC,0
TACATCATACTCACGA,0
TACATCCATTTACATA,0
TACATCGCTACACCCG,0
TACATCGCTTTTCGCT,0
TACATCGGCAAACTAA,0
TACATCGGCGTAAAGC,0
TACATCGTTGTAGCAT,0
TACATCTAGTAACTTA,0
TACATCTTAAAATGAA,0
TACATCTTATGCAAGA,0
TACATGCAAAATCAAT,0
TACATGCCAGCTATAA,0
TACATGGCACATTTAA,0
TACATGGGATCCACTT,0
TACATGGTACAGAGAC,0
TACATGGTTCATTCCG,0
TACATGTATAGTAAAA,0
TACATGTTACCTTCTT,0
TACATGTTTTTAGAAG,0
TACATTACATCAAATC,0
TACATTACCATACGTA,0
TACATTCATCAATAAC,0
TACATTCCTATTAACA,0
TACATTCTACAATCGT,0
TACATTTCTTCCAAAG,0
TACATTTTTTAATCCA,0
TACCAAAAAATATAAC,0
TACCAAAACAGTATAA,0
TACCAAAATAACTTAC,0
TACCAAAATTTGGCTA,0
TACCAAACGTAATTAT,0
TACCAAACTATAGGGG,0
TACCAAACTGTGATTA,0
TACCAACATGATAATA,0
TACCAACCAAACCCCC,0
TACCAACCTAAGTCGC,0
TACCAACCTTCATAAA,0
TACCAAGAACTGGTTA,0
TACCAAGAATCTACAC,0
TACCAAGAGAAATCAG,0
TACCAAGAGTGTAATA,0
TACCAAGATACCAGAT,0
TACCAAGGAACTCAAA,0
TACCAAGTGCTAACTT,0
TACCAATACGAGAGTT,0
TACCAATATTTAATGT,0
TACCAATTGAGAAAAC,0
TACCAATTTCTACGTA,0
TACCACAAACAGAACC,0
TACCACAAATTTACTG,0
TACCACCCAGTGGATA,0
TACCACGCACGCCTAA,0
TACCACTACCCGTAAG,0
TACCACTACTCTTACG,0
TACCAGAAGGTTCCAA,0
TACCAGAGAACTCAAT,0
TACCAGATCGAATTGG,0
TACCAGATTCAACTGG,0
TACCAGCAAGGGCCGA,0
TACCAGCAGTCTTGTT,0
TACCAGCCAGATAGTT,0
TACCAGCCCCGTGAAT,0
TACCAGGACTAAACAC,0
TACCAGGAGAAAACAT,0
TACCAGGCGTTCGATC,0
TACCAGTAAAATATAG,0
TACCAGTCAGACCAGG,0
TACCAGTGGAACAAAT,0
TACCATAACACCAGGA,0
TACCATCCTATCATGT,0
TACCATCTGATAAAGA,0
TACCATGAGTAGCCGT,0
TACCATGGGACATCAA,0
TACCATTATTCATAAC,0
TACCATTCCGCAAGTA,0
TACCATTCTCTTAGAT,0
TACCCAAAAATTTACT,0
TACCCAAAGACCAGCA,0
TACCCAACTATTGGTA,0
TACCCAAGCTAAAGCC,0
TACCCAATGCCCATAA,0
TACCCAATTGGATCCA,0
TACCCACAAGACTCAT,0
TACCCATAGAAGTCCA,0
TACCCATCGAAATAAT,0
TACCCATCTATACCAT,0
TACCCATTAGGTGTTT,0
TACCCCAAGTACATAA,0
TACCCCACGCTCCAGA,0
TACCCCACTGTATGAA,0
TACCCCCACATGACGA,0
TACCCCGCGGGAATTG,0
TACCCCTAAAAGGGAA,0
TACCCGAATTGAACCC,0
TACCCGATTTAGGTGA,0
TACCCGCTGCCAATGA,0
TACCCGTTTATATAAA,0
TACCCTACACGTAGTG,0
TACCCTACATTGCATA,0
TACCCTAGATACAATA,0
TACCCTATACGTGAAA,0
TACCCTATATCTTTCA,0
TACCCTTAAGCTTAAG,0
TACCCTTAATCCATGT,0
TACCCTTCCAATGCCT,0
TACCCTTCGGACTACG,0
TACCCTTTGATGACAT,0
TACCCTTTTAAATTGA,0
TACCGAAAATCAGTTC,0
TACCGAAAATGAAGTG,0
TACCGAAACCATAGAT,0
TACCGAAAGAACGTAA,0
TACCGAAATAAAGAAT,0
TACCGAACAAACGAGT,0
TACCGAAGTCAATCGC,0
TACCGACCGAAAACTC,0
TACCGACGACGCACCC,0
TACCGACTTGCTAATA,0
TACCGAGATGAAACGC,0
TACCGAGATGTTAACA,0
TACCGATATATCGAAT,0
TACCGATCCTGACTAC,0
TACCGATTGACTTGTT,0
TACCGCAGCGATAATG,0
TACCGCCACAAGGCTA,0
TACCGCCCATCATACA,0
TACCGCCCCTAACAGG,0
TACCGCCTTCTGCAAA,0
TACCGCTGTGGTTCAA,0
TACCGGATTCACAAGT,0
TACCGGCAACAGCCAG,0
TACCGGCAGAAGGCAG,0
TACCGGCATAACCCGA,0
TACCGGTCCCCCAATC,0
TACCGTAAAGGATTCA,0
TACCGTAACTAGCATG,0
TACCGTAAGACTCACC,0
TACCGTACCCATGTTT,0
TACCGTCAATGTATTA,0
TACCGTCAGAGGCACC,0
TACCGTCGGTACAAAA,0
TACCGTGAATACACCA,0
TACCTAAAATTTTGAA,0
TACCTAAAGACGAGGT,0
TACCTAAATTACATCA,0
TACCTAACAGAGAATG,0
TACCTAACTCGTCTAA,0
TACCTAATATCGGAAG,0
TACCTAATTTTTGGCT,0
TACCTACACGCCTTAA,0
TACCTACCACTCCAAG,0
TACCTACGGTAACTAC,0
TACCTATCAAACATTA,0
TACCTATTCAACACAA,0
TACCTCAACCACAAGA,0
TACCTCAACGAGCCCT,0
TACCTCAGACACACTA,0
TACCTCCGCAGCACAA,0
TACCTCCTTCGAGTCC,0
TACCTCGATGACCTGA,0
TACCTCTAATGGATCA,0
TACCTCTACCATTCAA,0
TACCTGAAACTGTGGG,0
TACCTGAAGTGAGGAC,0
TACCTGCCGCAGAGAG,0
TACCTGCGGCGCGACA,0
TACCTGCGTCCTTAGA,0
TACCTGTCCGACCACA,0
TACCTTAAAGTTACAA,0
TACCTTAACCTTAATA,0
TACCTTAAGACTCCTG,0
TACCTTATTAATCGCA,0
TACCTTGGCTGGATAA,0
TACCTTTACAAAAGAC,0
TACCTTTACTACGCCC,0
TACCTTTATTGGCAAG,0
TACCTTTCACACAAAG,0
TACCTTTCCATCTTTA,0
TACCTTTGAAAGCCCA,0
TACGAAAATAATCACA,0
TACGAAAATCATGACC,0
TACGAAAATCATTTAA,0
TACGAAACAGAATTGA,0
TACGAAACCTGGGAAA,0
TACGAAACGTAAAACC,0
TACGAAACTCATGCGA,0
TACGAACACAAAATAC,0
TACGAACCAGAGGACC,0
TACGAACGGGTCACAG,0
TACGAACTGGTATAAC,0
TACGAACTTAAAAAAA,0
TACGAAGAACTAGACG,0
TACGAAGCCCCAACTA,0
TACGAAGCGCGACCCT,0
TACGAAGTAGAAGTGG,0
TACGAAGTTTTACCAA,0
TACGAATAGCATACAT,0
TACGAATCAAAGACGG,0
TACGAATGCCACCGAA,0
TACGAATGCTGTTGGC,0
TACGAATTCAAACAAT,0
TACGACAGGTTTTGAC,0
TACGACCAGAATGTAT,0
TACGACCATCCATGGT,0
TACGACCCTAGAAAGG,0
TACGACCCTTAGTTTC,0
TACGACCGTACAAGCC,0
TACGACGAGTTCAACA,0
TACGACTTTAAGCCTA,0
TACGAGACTGCATCTA,0
TACGAGGAATCCTATG,0
TACGAGTCCGGTCCAT,0
TACGATAAAAAAGAAG,0
TACGATAAGAGTGCAA,0
TACGATAGAACTTGAT,0
TACGATATCCGCCCTA,0
TACGATCATCCGCATA,0
TACGATCCTGGCCTCT,0
TACGATCTGTTCTCCA,0
TACGATGATAACGTAG,0
TACGATTCGGTCCTCT,0
TACGATTCTGATCTGT,0
TACGCAATGTGACATC,0
TACGCACGAGTTACTT,0
TACGCATCAATTTAGT,0
TACGCATGAATAGAGG,0
TACGCCAGGATAAGCT,0
TACGCCTACTGAAAGC,0
TACGCCTTGTTAACGC,0
TACGCGAGCCTATCGT,0
TACGCGATAAAAGTAA,0
TACGCGTTCTAAAAAG,0
TACGCTACCTAAACCC,0
TACGCTACGAAATTCA,0
TACGCTATTCACTAAA,0
TACGCTTCCCCAGGGT,0
TACGGAAATATAGGAG,0
TACGGAAATCAGAATT,0
TACGGAACAATACTAT,0
TACGGAATATCATGAA,0
TACGGAATCTAGGACC,0
TACGGAGATCTGACCA,0
TACGGAGCCCGTACCA,0
TACGGATCCAAATATA,0
TACGGCTACAAAAGGA,0
TACGGCTAGTACAAAA,0
TACGGGACGGAATAAT,0
TACGGTACATACTTAG,0
TACGGTCGAATAGCCA,0
TACGGTGTATAAACAA,0
TACGGTTTGAAGACCA,0
TACGTAAAGTTTTGAC,0
TACGTAACAGAAAACA,0
TACGTAAGAAAGGAAC,0
TACGTACAAATCTTAA,0
TACGTAGAAGAAAAGA,0
TACGTAGCCTATAACT,0
TACGTATAGACAATTT,0
TACGTATTCTTGCAGT,0
TACGTCATATATGGCG,0
TACGTCGATCTCCCAT,0
TACGTCGATTCAAAAT,0
TACGTCGCACCGAGGA,0
TACGTCTACAGTCCCC,0
TACGTCTAGATCCAAC,0
TACGTGAGAAGCCGGG,0
TACGTGCGACAAAATC,0
TACGTGGAAACAACTA,0
TACGTGGATATTGCAT,0
TACGTGTTACGTTGCT,0
TACGTTAACTAAACCA,0
TACGTTAATTCGGACT,0
TACGTTACATACGGAG,0
TACGTTCAAATATTTA,0
TACGTTCGTAAATGAT,0
TACGTTGAAGTAATGC,0
TACGTTGAATAAAAGG,0
TACGTTGACTGTTCCA,0
TACGTTGTTAGACTGA,0
TACTAAAATCGCTGTT,0
TACTAAACAGCCGTGT,0
TACTAACAACAAAAAA,0
TACTAACACAGGCCTA,0
TACTAACATCAGTCTG,0
TACTAACCTCTCAAAT,0
TACTAACGCAAAAGTG,0
TACTAACTTTGTTCCT,0
TACTAAGGGGCCTGAT,0
TACTAATAAGAGATAA,0
TACTAATAAGCTAACA,0
TACTAATAAGTGAGCT,0
TACTAATACATAGGGA,0
TACTAATACCAGTTCT,0
TACTAATCTTAATTTA,0
TACTACATTCCCCATA,0
TACTACCAGTAGATGG,0
TACTACCCCGACACAG,0
TACTACCGACCCACTA,0
TACTACCGCTATCGAC,0
TACTACGGAAATACCG,0
TACTACTTACAAATAC,0
TACTAGAATCGTCGAG,0
TACTAGATGCTATAAA,0
TACTAGCCCACCCAAA,0
TACTAGGACCTACGAT,0
TACTAGTCTTAGCCCC,0
TACTATAACAGCTAAT,0
TACTATAACCGAAGAA,0
TACTATATTCGTATGC,0
TACTATCAAACTCGAA,0
TACTATCAGTAACCCT,0
TACTATCCCAAAACCT,0
TACTATCCGAGCGTTT,0
TACTATCCGTGACACG,0
TACTATCGCACCGTAG,0
TACTATGCCTAGTGGA,0
TACTATTTGTACTGTT,0
TACTCAAACATGGTCC,0
TACTCAAACCCACACC,0
TACTCAAATACAGACA,0
TACTCAAATGGAGTGA,0
TACTCAATCCTAGACC,0
TACTCACCCTCTCGGC,0
TACTCACCGCACCATT,0
TACTCACGACCATGTC,0
TACTCACTAAAGCTAA,0
TACTCAGTTTAACCAA,0
TACTCATAAACAATAT,0
TACTCATAATAAAGCC,0
TACTCATAATCACTCT,0
TACTCATATGAAATTG,0
TACTCCAAAATTCTGC,0
TACTCCACAAATGTAA,0
TACTCCACCTCCAAAT,0
TACTCCCATGTAAAAA,0
TACTCCCTGCAGACTA,0
TACTCCTCACTTGGAA,0
TACTCCTTGAATACAC,0
TACTCGAAACTCGAAA,0
TACTCGACGTCGTACA,0
TACTCGATTAGTGACT,0
TACTCGCCTAGTGGGC,0
TACTCGTAATACCGAA,0
TACTCGTGGCGCGGGT,0
TACTCTAAAGCGAGAT,0
TACTCTAACAAAAGGG,0
TACTCTAATTTGGAAA,0
TACTCTCCAGCTCAAG,0
TACTCTGAAAAATAAG,0
TACTCTGTATAAGGCT,0
TACTCTTATAATGTTC,0
TACTCTTATCGAAGTG,0
TACTCTTTAACTGCAA,0
TACTGAAAAAAAGGAG,0
TACTGAAATCACAACG,0
TACTGAAATCATCTGC,0
TACTGAACCATAGTTC,0
TACTGAAGCTAACGGA,0
TACTGAATAAGATCCA,0
TACTGACAAAAATAAA,0
TACTGACCCAATACTT,0
TACTGACCTCGTTTAA,0
TACTGACGGAACCCTG,0
TACTGAGCTGCGATAA,0
TACTGATAGCCTACAT,0
TACTGATGCGCTTTAA,0
TACTGATGTATCTGTT,0
TACTGCAACGCACCAT,0
TACTGCAACGCGAGCC,0
TACTGCACAAATGGCC,0
TACTGCATGATTCAGA,0
TACTGCCATGTGTCGA,0
TACTGCCCTGAATTAG,0
TACTGCCGTAACAAAT,0
TACTGCCTCCACCCAC,0
TACTGGCCGACCAGGC,0
TACTGGCTAGGTCTAG,0
TACTGTAAAACGACCA,0
TACTGTAATAAGCTAA,0
TACTGTAGGAAGCGAG,0
TACTGTCCCCAATAAA,0
TACTGTCGAGGGTCCT,0
TACTGTCGATATAATC,0
TACTGTCTCTTGAATA,0
TACTGTGGAGGAGACG,0
TACTGTTATAACTAAT,0
TACTGTTCACATTATA,0
TACTGTTCTTTGGACG,0
TACTTAAATAGAGACC,0
TACTTAACCCAATACC,0
TACTTAAGCCGTTACA,0
TACTTAATCGAGAAGG,0
TACTTAATCGTCATAA,0
TACTTAATTAGGGCTG,0
TACTTACATATAGAGT,0
TACTTACTCCTCGTTA,0
TACTTACTGTCGAACG,0
TACTTAGTTTCCTCGT,0
TACTTATAATTCAAAA,0
TACTTATCAGACTAAG,0
TACTTATCGGATACAT,0
TACTTATGAAAGAAAA,0
TACTTATGCTATAGGC,0
TACTTATTATACATGG,0
TACTTCAACGATACCA,0
TACTTCACCCCTGGAA,0
TACTTCAGAAACAAAT,0
TACTTCAGTTCCTCTA,0
TACTTCATTTACCCCA,0
TACTTCCCCTAGCGTA,0
TACTTCGCTAAAAGAA,0
TACTTCGTTCTGTGAT,0
TACTTCTAATACTACT,0
TACTTGACACTGAAAA,0
TACTTGAGACATGACG,0
TACTTGAGTAACATCC,0
TACTTGGCAAACAGAA,0
TACTTGTTCAAATGTT,0
TACTTGTTTTATCTAC,0
TACTTTAAGGAGTTAC,0
TACTTTAGACCGTACA,0
TACTTTAGATGGATAC,0
TACTTTCCTCTGCTGG,0
TACTTTGTTACATCAT,0
TACTTTTTATTCAGAT,0
TAGAAAAAAGATAAGC,0
TAGAAAAACATAACAT,0
TAGAAAAATGATAGAC,0
TAGAAAAATGGCTCCT,0
TAGAAAACAAAACTAT,0
TAGAAAACCTAAGCGT,0
TAGAAAACTGTCCGGG,0
TAGAAAAGACGGTATA,0
TAGAAAAGCTTACTAA,0
TAGAAAAGTTAGGGGG,0
TAGAAACAAAATGTCA,0
TAGAAACACACTCAGT,0
TAGAAACCAACAGAAA,0
TAGAAACGGGCAACGT,0
TAGAAAGACAAAAGAT,0
TAGAAAGCAGTATACT,0
TAGAAAGCATATAAAT,0
TAGAAAGGCCAGGAAG,0
TAGAAATCACCAATTT,0
TAGAAATTTAACATAG,0
TAGAAATTTGGCACTG,0
TAGAACAAAAACCGCA,0
TAGAACAAATATTGCG,0
TAGAACACATTAAGCT,0
TAGAACAGTTCACACT,0
TAGAACAGTTGCAGTT,0
TAGAACATAATATAAA,0
TAGAACATCTTTACCT,0
TAGAACCATATTATAG,0
TAGAACCTTAATCTCC,0
TAGAACGAATGAGATG,0
TAGAACGACGTTCCTG,0
TAGAACGATATAATAC,0
TAGAACGGGGGTCAAC,0
TAGAACTAAACGCTAC,0
TAGAACTACCTCGTAC,0
TAGAACTACGCAAACG,0
TAGAACTAGCTGTACA,0
TAGAACTGATCACGAC,0
TAGAACTTGAATATAA,0
TAGAAGAAACCTAGTA,0
TAGAAGAATTAAGCAA,0
TAGAAGATAAAGGAAG,0
TAGAAGATGTAATAAG,0
TAGAAGCAGTAATTTG,0
TAGAAGCGAATCTATA,0
TAGAAGCTCATCGTTT,0
TAGAAGTAAAGCGATC,0
TAGAAGTCGGCTCGTC,0
TAGAAGTCTAAGCACG,0
TAGAAGTTTTAATGGA,0
TAGAATAAATAATTTA,0
TAGAATAACCCACCAT,0
TAGAATAATTCAAATG,0
TAGAATACAAGCTCAC,0
TAGAATACGTAACCAA,0
TAGAATATGTAATCCA,0
TAGAATCCAAAGGTCA,0
TAGAATCCGCTGCGCT,0
TAGAATCTAAAACCCA,0
TAGAATGAACGGCGCG,0
TAGAATGATATCGGAC,0
TAGAATGCAGCAATAT,0
TAGAATGCAGCTGAAG,0
TAGAATGCCTAGTCAA,0
TAGAATTACATCAATT,0
TAGAATTGATCCGCTG,0
TAGAATTTCATACACT,0
TAGAATTTCGCAGGGT,0
TAGACAAACCCACAAT,0
TAGACAAAGCTTTGCT,0
TAGACAACCCGTAAGA,0
TAGACAACCTATCTAA,0
TAGACAAGTGTGACCC,0
TAGACAATAAAAAATT,0
TAGACAATCCAAATGA,0
TAGACAATTGTAAAAT,0
TAGACACATCGAACTG,0
TAGACACCGACTGGAA,0
TAGACACCTACAACCA,0
TAGACACCTACCAATC,0
TAGACACTACCTCGCA,0
TAGACAGAAAATTAAT,0
TAGACAGATGTATTTA,0
TAGACAGCAAAATAAG,0
TAGACAGGTATGCAAA,0
TAGACAGTCGATAAAG,0
TAGACATAACACAAGC,0
TAGACATACCACACAG,0
TAGACCAAAAGTGTTG,0
TAGACCACCGTTGTCA,0
TAGACCACTGGTCGAC,0
TAGACCATACCGTAAA,0
TAGACCCAAATTACAG,0
TAGACCCTACCTAGGT,0
TAGACCCTATAAACTC,0
TAGACCGATGATCGTT,0
TAGACCGATTAACCAA,0
TAGACCGGCTCGCTAG,0
TAGACCGTTCAAACCA,0
TAGACGAGTATAATAG,0
TAGACGCACAATTTCG,0
TAGACGCAGAGAGCCG,0
TAGACGGCCCTAAACC,0
TAGACGGCTCATAGCG,0
TAGACTAACTGTTGTA,0
TAGACTACACTTTCTA,0
TAGACTATAATATATC,0
TAGACTCAGAAGTGTT,0
TAGACTCAGCCGCATT,0
TAGACTGCTGGTATAA,0
TAGACTTATCATAAAA,0
TAGACTTCATCAGCTA,0
TAGACTTCGCACAAAC,0
TAGACTTCTATTCACT,0
TAGACTTGGGATTTAG,0
TAGACTTTACACAGTA,0
TAGAGAAAATCATAGA,0
TAGAGAAACCCGTGTA,0
TAGAGAAACTTTTCTA,0
TAGAGAAATTAAAGAT,0
TAGAGACCTTATCCAG,0
TAGAGACGTTTTCTGA,0
TAGAGACTGAGAGCCA,0
TAGAGAGATACATCAA,0
TAGAGAGTAGAACTAT,0
TAGAGAGTGCCCTCTT,0
TAGAGATAACAGGCGG,0
TAGAGATCCCAAATTC,0
TAGAGCAAATAGGAGA,0
TAGAGCAACTTCGATA,0
TAGAGCAGCATAGAGT,0
TAGAGCATACCTGCTA,0
TAGAGCCACACCTCAA,0
TAGAGCCCCTACTGAC,0
TAGAGCGACACCGTCA,0
TAGAGCGACCAACTAT,0
TAGAGCTGGTGTGCAC,0
TAGAGCTTCGAGCCAC,0
TAGAGGAGGCTTCATA,0
TAGAGGCAGAAGCTGA,0
TAGAGGTATCATTAAG,0
TAGAGGTGCGCTCCGA,0
TAGAGGTTATATTGCA,0
TAGAGTAAATTGGCGA,0
TAGAGTACCCTCATCT,0
TAGAGTAGCCCTTAAC,0
TAGAGTAGTATAATGT,0
TAGAGTATGAACCATT,0
TAGAGTCGTGTTCACA,0
TAGAGTCTGGATGACC,0
TAGAGTTAATTTATCC,0
TAGAGTTGATAGTATC,0
TAGATAAAAATAAACA,0
TAGATAAAACCCGTTT,0
TAGATAACGGGCTCAA,0
TAGATAAGCCAGAAAC,0
TAGATAATCTGGGGGC,0
TAGATAATTCATCCTA,0
TAGATACACTCTCAAA,0
TAGATACTATTAAGTA,0
TAGATACTTGAGCGCC,0
TAGATAGTCTAACTCT,0
TAGATATAAAAAAGAT,0
TAGATATAACGAACCA,0
TAGATATCTTAAATTA,0
TAGATATGATGTACCT,0
TAGATATGTATGTCAA,0
TAGATATTACTTAAAT,0
TAGATCAAAGTGGTCA,0
TAGATCAGATATCAGA,0
TAGATCAGTATACGTA,0
TAGATCCGGATATTAA,0
TAGATCTAAAAGCACT,0
TAGATCTAAGGGAACA,0
TAGATCTACACTTCAG,0
TAGATCTACATAAAAA,0
TAGATCTTACCTTGAA,0
TAGATGAAACATAAAC,0
TAGATGAAACTCAATA,0
TAGATGACAGGTATCA,0
TAGATGAGTCATGAGC,0
TAGATGATACATAACT,0
TAGATGCAAGTCATAT,0
TAGATGGAAGTTGGAT,0
TAGATGGCAACAACCA,0
TAGATGGGTTAATGAA,0
TAGATGTGGCAGTTCC,0
TAGATTAAAACTACAC,0
TAGATTAATTGTAAGT,0
TAGATTCCCTCACATC,0
TAGATTCGATGTGGGA,0
TAGATTCTAAACTCGT,0
TAGATTCTTGTACATT,0
TAGATTCTTTAAAGAA,0
TAGATTGCTTGTTCGC,0
TAGATTGGTACATAGA,0
TAGATTTAGGGAAGGA,0
TAGATTTATAGCAAGT,0
TAGCAAAAGCACTGGT,0
TAGCAAACGATCACGG,0
TAGCAAATACTATCAA,0
TAGCAACAACGATATA,0
TAGCAACCACTATTTT,0
TAGCAACGGGACGAAA,0
TAGCAACTAGGAGCTT,0
TAGCAAGACGCACTTC,0
TAGCAAGCAATATGAT,0
TAGCAAGCAGGCAAAT,0
TAGCAAGTCATATTTT,0
TAGCAAGTCTATCAAA,0
TAGCAATAAATAGAAT,0
TAGCAATCATTACGCC,0
TAGCAATTATGGAGGA,0
TAGCACAAAAAGAGAA,0
TAGCACAAATTAGATG,0
TAGCACAAGCCAATTA,0
TAGCACAAGGAGGAAG,0
TAGCACATAAAAGCTT,0
TAGCACCTACAGCATA,0
TAGCACGACGAAACTT,0
TAGCACGTAAAACCCA,0
TAGCACGTGTCAATGC,0
TAGCACTCTTGATGGA,0
TAGCAGAAACTATATC,0
TAGCAGAACTCTAGAT,0
TAGCAGACACACTGTC,0
TAGCAGATTTTAACAA,0
TAGCAGGACTTAATGA,0
TAGCAGGCTACGTCAA,0
TAGCATAGATACAGAC,0
TAGCATCAGAGTAAAA,0
TAGCATGAAGAATTTT,0
TAGCATGTAAACATGT,0
TAGCATTCACGGGTTA,0
TAGCATTGCATGTCAT,0
TAGCCAACTTTACACT,0
TAGCCAAGATCTAGCT,0
TAGCCAATCCAGGAAA,0
TAGCCAATGAGATGCC,0
TAGCCACCCTTTGTAA,0
TAGCCACGTACCCGTT,0
TAGCCAGCGCTATTCA,0
TAGCCAGGTATGCCAC,0
TAGCCATGCCGTAGAT,0
TAGCCCAAGCAAGCCA,0
TAGCCCATTTCCCGAT,0
TAGCCCCAGCTATATT,0
TAGCCCTTGAAAGCAT,0
TAGCCGAAATAGAGAT,0
TAGCCGAACTTTCAAG,0
TAGCCGATTGCAGGTA,0
TAGCCGCACTCACTAA,0
TAGCCGGTTACGATAT,0
TAGCCGTTTTGCACCT,0
TAGCCTAAATAGTACA,0
TAGCCTACAAAGACGA,0
TAGCCTACAATGTAAA,0
TAGCCTAGGAAATTAA,0
TAGCCTAGGTCCTTGG,0
TAGCCTCAGTTGAGGT,0
TAGCCTTTTTACTGGA,0
TAGCGAACCGTATTTA,0
TAGCGACGTGGCATGT,0
TAGCGAGAAAACTGAG,0
TAGCGATACAAACGGT,0
TAGCGATCAGATGACT,0
TAGCGATTCATCCTAA,0
TAGCGATTGTTGTTAA,0
TAGCGGCGCAAAGTAT,0
TAGCGGCTAAAACTAA,0
TAGCGGCTACGAGCGC,0
TAGCGGGACATATAAA,0
TAGCGTAACTTTAAGC,0
TAGCGTATCCGCCATT,0
TAGCGTCCACGACTCA,0
TAGCGTGAGTTTATAA,0
TAGCGTTCGCTGCCTT,0
TAGCGTTGTTACTCCA,0
TAGCGTTTTGCGACGT,0
TAGCTAAAAAGGAGAA,0
TAGCTAAATCAACTCC,0
TAGCTACCTATTTATC,0
TAGCTAGCACATAGTA,0
TAGCTATGCGATGAGG,0
TAGCTCCACCATTCAT,0
TAGCTCCCTGGTCCAT,0
TAGCTGATATAACATA,0
TAGCTGCAAAGCAGCC,0
TAGCTGCGATAGCACT,0
TAGCTGCTAATCTAAA,0
TAGCTTAAAACTTTTA,0
TAGCTTAACGGCGCTC,0
TAGCTTAACTTAGTTC,0
TAGCTTACAATTATCG,0
TAGCTTATAACTTCAA,0
TAGCTTATACGATTAC,0
TAGGAAAAAAGATAAG,0
TAGGAAACGGAACATA,0
TAGGAAATAAGTTTTA,0
TAGGAAATCACAAGTA,0
TAGGAAGCAACTCCGC,0
TAGGAAGCCGACAACA,0
TAGGAATCAAGGAAAC,0
TAGGACAAAGCTCGGT,0
TAGGACATATATTCAG,0
TAGGACCATTCTGCAA,0
TAGGACCGAAAAAGCG,0
TAGGACCGCACACGTT,0
TAGGACCGCACTATTC,0
TAGGACCTGGAACGCG,0
TAGGACGACCTCAGTG,0
TAGGACGTAGTGCCTA,0
TAGGACTATACTCAAA,0
TAGGACTCAAGCTTCG,0
TAGGACTCACGCTGAA,0
TAGGACTCATATCTAA,0
TAGGACTGAGTATGCT,0
TAGGAGATACTACCAA,0
TAGGAGGACCATTTTC,0
TAGGAGTCACCCCCTC,0
TAGGAGTGCCCAAACA,0
TAGGAGTTAAGGCCTC,0
TAGGATAACTGAAGTC,0
TAGGATACCACTCCAC,0
TAGGATCAAAGAGATG,0
TAGGATCGAAACACAG,0
TAGGATGCACCAAGGA,0
TAGGCAATAACCGGGA,0
TAGGCAATACGTTTAG,0
TAGGCAATGCATGAAA,0
TAGGCACTTTACGCCA,0
TAGGCAGGCTGTACTG,0
TAGGCATTGTACGGAG,0
TAGGCCCACCTCAAAA,0
TAGGCCGATCGGCTAC,0
TAGGCCGGAGTTGCCA,0
TAGGCGAGATACCCGC,0
TAGGCGGAGCAGCTAA,0
TAGGCGGCGTATGTGT,0
TAGGCTACAAAATTCG,0
TAGGCTACAGATATAT,0
TAGGCTCGAATTCACT,0
TAGGCTCGAGAAATCG,0
TAGGCTTACGTCCTCG,0
TAGGGACCTAGGCGGA,0
TAGGGACTCTCATATG,0
TAGGGAGGAGTTTCGA,0
TAGGGATCGGATCAAA,0
TAGGGCATCAATAACA,0
TAGGGCCAGGTCTGGA,0
TAGGGGACCTGACTTT,0
TAGGGGATCACCATAA,0
TAGGGGCTCAACAATA,0
TAGGGGGCAATCGTAC,0
TAGGGGTCATAATGGT,0
TAGGGGTTTTACCGCG,0
TAGGGTACAGAAGAAA,0
TAGGGTACAGAGTCTA,0
TAGGGTATCTTGCCCA,0
TAGGGTGGTCCCCAAA,0
TAGGGTTAATTTAGCC,0
TAGGTAAATCTCCCCC,0
TAGGTAACAAACTTAG,0
TAGGTACAGTGAGAGA,0
TAGGTATGTTAGGTCA,0
TAGGTCAAATACTACA,0
TAGGTCCAGGAATGTG,0
TAGGTCCCCGTGGGCG,0
TAGGTCGATTGTAACC,0
TAGGTCTTCATGAGCC,0
TAGGTGAATATCAAAA,0
TAGGTGACATGTTAAG,0
TAGGTGCAAATGCATA,0
TAGGTGCGAGAAGATT,0
TAGGTTAATGACCAAA,0
TAGGTTAGCATTAAAA,0
TAGTAAAAGTTGGCAA,0
TAGTAAACTAATACAT,0
TAGTAAAGCAAATAAG,0
TAGTAAAGGAGCTGAT,0
TAGTAAAGTAGCCGCA,0
TAGTAAATCAGCTTCA,0
TAGTAACAAAATATCT,0
TAGTAACAAGGCAACA,0
TAGTAACAGCCCCTTT,0
TAGTAACAGTACTTTG,0
TAGTAACTATACACCA,0
TAGTAAGAACCTGACT,0
TAGTAATAGTAAAAAA,0
TAGTAATCTAGATCCT,0
TAGTAATGGGAAGGAT,0
TAGTAATTCCTATCAG,0
TAGTAATTTTGTACCA,0
TAGTACAACATTCAGA,0
TAGTACAGGCAGCACG,0
TAGTACCACCCTCTGG,0
TAGTACCACGCTTATA,0
TAGTACCAGCACTTGC,0
TAGTACCCCTATCTCT,0
TAGTACGCAAGATATT,0
TAGTACGCTTACTACG,0
TAGTACGGTCAATTTT,0
TAGTACGTATACCGAT,0
TAGTACTGTAGCGCAC,0
TAGTACTTCGAACAGG,0
TAGTACTTGTTACAAA,0
TAGTAGAAATAATATT,0
TAGTAGCACCCCATCT,0
TAGTAGCCAAGGATAA,0
TAGTAGGCGTTAATGG,0
TAGTAGTGATGTAACT,0
TAGTATAAAAATGGTA,0
TAGTATATAAAAAATA,0
TAGTATATAGGATGCT,0
TAGTATCGATGCTCCT,0
TAGTATGATCACACGT,0
TAGTATGTATGATACT,0
TAGTATTCCGGGATTC,0
TAGTATTTATAGTTCT,0
TAGTCAAACAAAACAA,0
TAGTCAAATGGCGGAC,0
TAGTCAAGTCATATGA,0
TAGTCAAGTCGGTCCC,0
TAGTCACCGTCCGATG,0
TAGTCAGGAATCTCTA,0
TAGTCATACAGCCCTA,0
TAGTCATCGTACTTGG,0
TAGTCATTAGTAATCC,0
TAGTCCAGTAAAAGAA,0
TAGTCCCGAACCTGGT,0
TAGTCCCGCCTTGGTT,0
TAGTCCGAAAGCAAAT,0
TAGTCCTAAAGCAAGT,0
TAGTCGATGAACGAGG,0
TAGTCGTTTTCAAAAA,0
TAGTCTAGAACAGGAT,0
TAGTCTCAATAACCGG,0
TAGTCTGGATTAACCG,0
TAGTCTTGAATAAATC,0
TAGTGAAAAATGCTTA,0
TAGTGAACCCCACAAT,0
TAGTGAAGGTCGAGAC,0
TAGTGACGAAGCAATT,0
TAGTGATCAACCTTCT,0
TAGTGATCTATAAGTA,0
TAGTGATGGAGTACCA,0
TAGTGCAAGTTAACCG,0
TAGTGCTCAACAAAAA,0
TAGTGGATCGCCGACT,0
TAGTGGCAAAACAGGC,0
TAGTGGTACAATTTGG,0
TAGTGGTACGAACTCA,0
TAGTGTAACATCCCAA,0
TAGTGTAACTACTACG,0
TAGTGTAATAATGGAT,0
TAGTGTCGCCAATTAA,0
TAGTGTGTAATAACGT,0
TAGTGTTTAACTGCTG,0
TAGTTAAACTGTACGA,0
TAGTTAAGATTTCTTG,0
TAGTTAAGCCAGAGTG,0
TAGTTAAGCCGGTATC,0
TAGTTAATGAGCGATG,0
TAGTTAATTCAGAGCC,0
TAGTTACAAACTACCA,0
TAGTTACGAAAGATAA,0
TAGTTACTACCTTGCA,0
TAGTTACTACTGGCTG,0
TAGTTAGCACCAACCT,0
TAGTTAGGTTATAGAA,0
TAGTTCATGGTCTACT,0
TAGTTCCAAATTCACT,0
TAGTTCCGCTTATAAG,0
TAGTTCGGACAGAGCC,0
TAGTTCTTCAAGGGGC,0
TAGTTGAATTTAGGAC,0
TAGTTGATAGATCAAG,0
TAGTTGCCATACAACG,0
TAGTTGGACACCTAAA,0
TAGTTGTGATATTCAA,0
TAGTTGTTGTCGCGAC,0
TAGTTTAAAGTTGTCC,0
TAGTTTACGATGTAGA,0
TAGTTTATTACCAGCA,0
TAGTTTCTGCAGCTTA,0
TAGTTTGCGATTACAC,0
TAGTTTTATACAAAAT,0
TAGTTTTCCCTTTATC,0
TAGTTTTTTCTACGAG,0
TATAAAAAAGAACTGA,0
TATAAAAAATACATAC,0
TATAAAAAATTCGAAA,0
TATAAAAACCCCTACA,0
TATAAAAATCGGAATA,0
TATAAAAATGGACTAA,0
TATAAAACCCATGCGC,0
TATAAAACCTGACCCG,0
TATAAAACCTGATGTC,0
TATAAAACTCAAATGG,0
TATAAAAGAACTGTCT,0
TATAAAAGAGCTTGAA,0
TATAAAAGATATAGAG,0
TATAAACAAACATACG,0
TATAAACAATATGCTC,0
TATAAACAGACATAAC,0
TATAAACATTAGCACC,0
TATAAACCTTGCTTGT,0
TATAAACTAAACGTTC,0
TATAAACTAGGAGAGT,0
TATAAAGAAAAATTCA,0
TATAAAGAAACTTATG,0
TATAAAGAAATATAAT,0
TATAAAGACATGTAGC,0
TATAAAGAGGGGGAGT,0
TATAAAGCACCAGTTG,0
TATAAAGGAGACACTG,0
TATAAAGTGCACCGCA,0
TATAAATACGCATAAC,0
TATAAATACGCCACAG,0
TATAAATCAAAGTAAG,0
TATAAATCTAAGCCAG,0
TATAAATTAAACACGC,0
TATAAATTCGTTAACA,0
TATAAATTTGATGAGA,0
TATAACAATACGGACA,0
TATAACAATATAGATG,0
TATAACACGAAACTGG,0
TATAACAGACAATAGT,0
TATAACAGCCATTAGA,0
TATAACAGTATGAAGA,0
TATAACATATAGTAAA,0
TATAACCAAAAGGCAG,0
TATAACCACAAGAAAA,0
TATAACCACCTAACCA,0
TATAACCAGAGTGTGA,0
TATAACCAGTTAGGAT,0
TATAACCATGAACTCC,0
TATAACCCATAAACGG,0
TATAACCCTGTATATA,0
TATAACCGAACTACAG,0
TATAACCGACGTAGCC,0
TATAACGACCATTCTG,0
TATAACGTAAAGCTTG,0
TATAACGTCTGTACGT,0
TATAACTAAACATCGA,0
TATAACTAGCAATATT,0
TATAACTGGAAATATA,0
TATAACTGTGAGATAG,0
TATAACTGTTTAAAAG,0
TATAACTTTGGGCCCG,0
TATAAGAACTACCAGA,0
TATAAGAAGCTCCCCA,0
TATAAGAAGTTATACC,0
TATAAGACCCCAATAC,0
TATAAGATCAGTCGGC,0
TATAAGCAAACAAAAA,0
TATAAGCAAACGAAGA,0
TATAAGCAATAACCTT,0
TATAAGCCAAAATCAC,0
TATAAGCCAAAGGTTG,0
TATAAGCTCCAAAGTT,0
TATAAGGACGGTTGTG,0
TATAAGGCGTAAACTT,0
TATAATAAACAGCTTC,0
TATAATAATCCACAAA,0
TATAATACAACGTCTG,0
TATAATACGCAGGGAA,0
TATAATAGCCGTCTTA,0
TATAATATTACTCGAT,0
TATAATCAAGGTTGCC,0
TATAATCATCAAGACT,0
TATAATCCATAGCTAT,0
TATAATCGATCCTGAC,0
TATAATCTATGGAGAA,0
TATAATCTCTTCTATA,0
TATAATCTGGAGCTAT,0
TATAATGAACTCCGAA,0
TATAATGTACTTATAA,0
TATAATGTAGCTGCCT,0
TATAATGTGAATACCA,0
TATAATGTGTTTAATG,0
TATAATGTTACTCTCA,0
TATAATTAGGAGAACA,0
TATAATTCAGTAAATA,0
TATAATTGAATCATGA,0
TATAATTTAGGATACG,0
TATACAAACATACAAG,0
TATACAAGAACCAACA,0
TATACAAGACGGCTTG,0
TATACAAGAGCTAACA,0
TATACAAGTTTTGCAT,0
TATACAATATTGAGGG,0
TATACAATGGCTCCAT,0
TATACACACATCGTAA,0
TATACACATTGTACAA,0
TATACACGGCGTCAGT,0
TATACACTAGGTGAAC,0
TATACACTGACCATAA,0
TATACAGCAATGCATA,0
TATACATAGCCCATGT,0
TATACATCTTGATAGA,0
TATACATGATTATGTA,0
TATACATGGACAAACT,0
TATACATTTGAGTTAT,0
TATACCAAGTTAATAG,0
TATACCATGTCGTACC,0
TATACCCAACTATTAA,0
TATACCCCGCCAAGAG,0
TATACCGAAGGTAGCT,0
TATACCGTCATAATTA,0
TATACCTACAGACAAA,0
TATACCTATAGAACAG,0
TATACCTATTATAAAC,0
TATACGAAAAATAAAG,0
TATACGAAGCAAAAGA,0
TATACGATATGTACAT,0
TATACGCCATGTATGT,0
TATACGCTATGGATAC,0
TATACGGACCCTCCGA,0
TATACGTCCATGGTGC,0
TATACGTGCTATTATG,0
TATACGTTGCATTTAG,0
TATACGTTTTAACATT,0
TATACTATGACCTAAT,0
TATACTCAATTTAAAA,0
TATACTCATGTATTGG,0
TATACTCGACTTTATA,0
TATACTGAAAGACTGT,0
TATACTGGACCTCAGC,0
TATACTGTCTATACCA,0
TATACTGTTCTATTCT,0
TATACTTAATGCTGGA,0
TATACTTGATCAGGTC,0
TATAGAAACGGTCGAA,0
TATAGAAATGGGGACC,0
TATAGAACTGAGCATA,0
TATAGAAGACCAAACA,0
TATAGAAGACTCACAA,0
TATAGAAGCGTAAGAG,0
TATAGAATATTGAGGC,0
TATAGACAATAGACAA,0
TATAGACCATGGAACT,0
TATAGACGAGAATGGC,0
TATAGAGTCCAAGAAT,0
TATAGATACTAGAGTC,0
TATAGATAGTGGTTAG,0
TATAGATATTAAAAAA,0
TATAGATCAAATGTCC,0
TATAGATCCAGAGACC,0
TATAGATTATACCTCA,0
TATAGATTTGATGCGA,0
TATAGCAAAATCAGAT,0
TATAGCACAGCCCATG,0
TATAGCACAGGTCCCA,0
TATAGCAGGCGCGCCT,0
TATAGCATGCCAGTGA,0
TATAGCCTAAACTTGC,0
TATAGCCTAGACAGGA,0
TATAGCGGACAGAGTC,0
TATAGCGTCTGGATAA,0
TATAGCTAAGCGTAAT,0
TATAGCTTATAAGACC,0
TATAGGAAAACTATAA,0
TATAGGACCGTACTGC,0
TATAGGACGTTAGAGA,0
TATAGGATTCGGATAG,0
TATAGTAATATACCAA,0
TATAGTACTAAAGGGA,0
TATAGTACTTAAAGAA,0
TATAGTCAACAAGTCC,0
TATAGTCAAGAAACAA,0
TATAGTCCTGGCCCAC,0
TATAGTCGATACACAG,0
TATAGTCTAGTCTCTA,0
TATAGTGGTTGTCATG,0
TATAGTGTGCCGGCAC,0
TATAGTTGCCGACAGC,0
TATAGTTTGTCAAAGA,0
TATATAAAAATAGAGG,0
TATATAAACGGTTAAA,0
TATATAAATACAATGG,0
TATATAACCGAATCGT,0
TATATAACGTACACAC,0
TATATAAGCTTTACGC,0
TATATAATAACACTGG,0
TATATAATATACATAG,0
TATATACGGTTCTAGA,0
TATATAGCGTCAACAA,0
TATATAGCTAATAGTA,0
TATATAGCTTTTTAAA,0
TATATAGTATTAAACG,0
TATATATAATCGGACA,0
TATATATAATTGAGAT,0
TATATATCGATTAATC,0
TATATATGCAAAACAA,0
TATATATTACGGACAG,0
TATATCAAAATCTAAA,0
TATATCAATCCTTTGG,0
TATATCAGGTTCATAC,0
TATATCGAACGCTGGG,0
TATATCGACAAAACCA,0
TATATCGCAGTGACAC,0
TATATCTGTTAAAATT,0
TATATCTTTTTCAAGA,0
TATATGAAGCTTATAT,0
TATATGACAGCGCGAG,0
TATATGCCACAAGTCC,0
TATATGGAAACCAATT,0
TATATGGAAGATGAAA,0
TATATGGCACACCACT,0
TATATGGTCCGCTGTA,0
TATATGTCATAAAGTG,0
TATATGTGAAACATGA,0
TATATGTGTTTTCGAA,0
TATATGTTATGCAGCA,0
TATATTAACAACTTCA,0
TATATTAAGAAATCAG,0
TATATTAAGACCCGAG,0
TATATTAAGATCTTGC,0
TATATTACATGTGTAC,0
TATATTCACAAGACTT,0
TATATTCGGATTATCA,0
TATATTCGTATCAACA,0
TATATTCTAGAATCAT,0
TATATTTAAAGCTCCC,0
TATATTTTAACTAAGG,0
TATATTTTTCAAGGAA,0
TATCAAAAGACACTAC,0
TATCAAAAGTAGTGCC,0
TATCAAAATTTGGGTA,0
TATCAACAAGAATCGT,0
TATCAACACTCACCGG,0
TATCAACCTCTCAGAG,0
TATCAACGCCCCACCC,0
TATCAACTAGACCCAG,0
TATCAAGACTGTGACG,0
TATCAAGAGCACAAGA,0
TATCAAGGAGGCGCAG,0
TATCAAGTATCAAAAT,0
TATCAATACAAAGTAC,0
TATCAATTCAAACCGA,0
TATCAATTTTTAAGCA,0
TATCACAAAACAAAAT,0
TATCACAAATACCACA,0
TATCACAGAAATCAGC,0
TATCACAGACGATATC,0
TATCACATACCAATCA,0
TATCACCTATCAACCA,0
TATCACGGCAGACGAA,0
TATCACTAAATCTATC,0
TATCACTAGACAACTC,0
TATCACTCCCCAGACA,0
TATCACTCGTCCATGT,0
TATCACTTTGTAAGAT,0
TATCAGCCCGGTCATA,0
TATCAGGCAAGTCGTT,0
TATCAGTCTCAGCTCG,0
TATCAGTTGACCTCTG,0
TATCAGTTGCTAAGCC,0
TATCATACCTCGGATT,0
TATCATATTACTTGCC,0
TATCATCCAATTTGAG,0
TATCATCTATTCGAAC,0
TATCATGATGATGAAT,0
TATCATGGTCTATAGT,0
TATCATGTATAAGCTT,0
TATCATGTCATACAGA,0
TATCCAAATAGAAATG,0
TATCCAACGCCTTGTA,0
TATCCAAGCTCAATCC,0
TATCCAAGGACCACGG,0
TATCCAGAATGCCGAT,0
TATCCAGACGAAGATA,0
TATCCATACGCCGACC,0
TATCCATGGACCATGG,0
TATCCCAGCTAGATCA,0
TATCCCCACATGACGA,0
TATCCCGAAAAAAACA,0
TATCCCGGACCAACAT,0
TATCCCTAGGACAAGC,0
TATCCCTTAAACACCG,0
TATCCGAATGAAAAAT,0
TATCCGAGGGATTGCC,0
TATCCGGTCAAGAAGA,0
TATCCGTACAAGACTT,0
TATCCGTCCGTCTCAG,0
TATCCGTGCCATTGCA,0
TATCCTACTCCCAAAA,0
TATCCTACTGGACGCT,0
TATCCTAGTATAAGGA,0
TATCCTATACAATCAT,0
TATCCTGGGCCACGGA,0
TATCCTTCAGAACCAC,0
TATCCTTGAACGCCTA,0
TATCCTTGTGATAATA,0
TATCGAAACGGGGTTA,0
TATCGAAAGTTGCCAG,0
TATCGAACTATCGCAA,0
TATCGAAGATCGTAGA,0
TATCGACCAATACAAT,0
TATCGACGAAAACCCA,0
TATCGACGATTGGAAA,0
TATCGACGGATAATTA,0
TATCGAGACAAAGTTT,0
TATCGAGATTACAACG,0
TATCGAGGAGATATGC,0
TATCGAGTTTTCCGTC,0
TATCGATTCTAATGAC,0
TATCGCAAAAACAAGC,0
TATCGCACTTCGACCT,0
TATCGCCAAACATCCT,0
TATCGCGCTATGAAAC,0
TATCGGAATGCGTAAG,0
TATCGGACCGCTATAT,0
TATCGGCAATTAACGG,0
TATCGGCCTATTTGAT,0
TATCGGTGCCATAATA,0
TATCGGTTCTGAGCAT,0
TATCGTAATTTATGCA,0
TATCGTCTTCGTAATG,0
TATCGTTTTTTGTTCT,0
TATCTAAAATCATCCC,0
TATCTAAACCGACGTA,0
TATCTAAAGTAACCTA,0
TATCTAACTAAACGTA,0
TATCTAAGTATCATCC,0
TATCTAATAGATGGTC,0
TATCTACAAGATACCG,0
TATCTACATAAAAAGA,0
TATCTACGTCGATCTA,0
TATCTAGATGCAATAC,0
TATCTAGGTAAAACTT,0
TATCTATACAACCCAC,0
TATCTATAGACCAACT,0
TATCTATGATTCTGAA,0
TATCTATTAGTATCAA,0
TATCTATTTCGACAAT,0
TATCTCAAATACCAAG,0
TATCTCAAATAGAATA,0
TATCTCAAGAATTAAG,0
TATCTCAAGATTTAGA,0
TATCTCAAGTCAAAAC,0
TATCTCAAGTCTAATG,0
TATCTCAATAGAAATC,0
TATCTCAGCAAAAACC,0
TATCTCAGGCCACACC,0
TATCTCCACCAAGGAA,0
TATCTCCGGTAGAAGT,0
TATCTCGATAACCATA,0
TATCTCGGTTCCCATA,0
TATCTCTACGGAGGTA,0
TATCTCTATTTAGTTA,0
TATCTCTCATAAACGC,0
TATCTCTTACAGACCA,0
TATCTGAAAAGAAAAG,0
TATCTGATTGAATAAT,0
TATCTGCTTATAACAC,0
TATCTTAACAAGGAGG,0
TATCTTAATCCCAGGT,0
TATCTTAGGACAATAA,0
TATCTTATTCAACAAA,0
TATCTTGAAAAAGCTT,0
TATCTTGAACCAAAGC,0
TATCTTGTCCTAGACT,0
TATCTTTCCCAAAAGG,0
TATCTTTGACCAAAAA,0
TATGAAACATCTTTAT,0
TATGAAAGAAATCTAT,0
TATGAAAGAACAGCCA,0
TATGAAAGGATCAAAT,0
TATGAAATAACCTTTC,0
TATGAAATACGACTCA,0
TATGAACATTTTACAA,0
TATGAACCCCACGTCC,0
TATGAACCGATTCTCA,0
TATGAACCGTAAACGT,0
TATGAACTGGTGGCCT,0
TATGAACTTTAGAGTG,0
TATGAAGGTGATTAAA,0
TATGAATATAAGATGG,0
TATGAATCCTCTACGG,0
TATGAATTAGGCTAGC,0
TATGAATTATTTCGAC,0
TATGAATTTGAAAAAT,0
TATGAATTTTTACCCC,0
TATGACAAAAGCAACA,0
TATGACAAAATCCGAA,0
TATGACCACATAAACC,0
TATGACCCTAGGTTGC,0
TATGACGCTCCAAACG,0
TATGACTAATAGTTGA,0
TATGACTTTTGGGGCG,0
TATGAGACCCTCTAGG,0
TATGAGACCGCAAATC,0
TATGAGACTGACATTT,0
TATGAGATAAGTGTTC,0
TATGAGCCATTGTACC,0
TATGAGGGTATACGAT,0
TATGATAAAAAGTAAA,0
TATGATACGAAATCAA,0
TATGATACTACTCGGT,0
TATGATCACTCCATTC,0
TATGATCACTGAACTC,0
TATGATCATTCCACGA,0
TATGATGCTTATCTAC,0
TATGATGGCGGTATAA,0
TATGATTAGAAGACGA,0
TATGATTCAACCAGAC,0
TATGCAATACATAAAT,0
TATGCACCGGAACACT,0
TATGCACGATGTAGAA,0
TATGCAGAACAGGCAA,0
TATGCAGATCTTACCA,0
TATGCAGGACAGGGGA,0
TATGCATAACAATAAG,0
TATGCATACAACCCTA,0
TATGCATCCATCTAAA,0
TATGCATGACGTCTAA,0
TATGCCACTTTGTGCA,0
TATGCCATCGTCCTCT,0
TATGCCATCGTCTAGC,0
TATGCCCAAAATTCTG,0
TATGCCGAGGAGACTT,0
TATGCCTAATGGCTAA,0
TATGCCTCTACCTAAC,0
TATGCCTTTAAATATT,0
TATGCGAATGTGAGAA,0
TATGCGATGAAAAACG,0
TATGCGCCCTGGTTTT,0
TATGCGCTAAACAGCA,0
TATGCGTGACGCATGT,0
TATGCGTTTGCATACG,0
TATGCTAAAAGAGCGA,0
TATGCTAAATGGACGA,0
TATGCTATAAGACAAT,0
TATGCTCTGCAACTAC,0
TATGCTCTTAGATATA,0
TATGCTCTTTTTGACA,0
TATGCTGTACACATAA,0
TATGCTTGAAAACTTA,0
TATGCTTGTAACAGAA,0
TATGCTTTAGCCGTTG,0
TATGGAAATACAAACA,0
TATGGAAGAATAAAAC,0
TATGGAAGTAACGTGT,0
TATGGACTTCAACCTG,0
TATGGAGTCAGTTAAA,0
TATGGATCAAGGAGCC,0
TATGGATTAAGGTAAA,0
TATGGATTACACTATA,0
TATGGATTCAAAGTTA,0
TATGGCAAGTAAACAA,0
TATGGCACCCTTACAT,0
TATGGCAGAATGAACG,0
TATGGCATGACAAGTA,0
TATGGCGACAGACGTA,0
TATGGCGATGCCAATG,0
TATGGCTGACTCTTAT,0
TATGGCTGGACACCAA,0
TATGGCTTTACAATTT,0
TATGGGAATCCCTATG,0
TATGGGAGATAAAAAC,0
TATGGGAGCCTTGGAT,0
TATGGGCTAAAGTACA,0
TATGGGCTTAAATTAA,0
TATGGGTCCCAAATTT,0
TATGGTGGCGAGATAG,0
TATGGTTGAAAAACCG,0
TATGGTTGCGTCAGCA,0
TATGGTTTATAATGCA,0
TATGTAAACTGTACAC,0
TATGTAACCCTGCACA,0
TATGTACTTCGTCTTA,0
TATGTAGAATCGATGA,0
TATGTATAATCAAAAT,0
TATGTATATAATACAA,0
TATGTATTAACCGGGA,0
TATGTCAAATAGGAAT,0
TATGTCATTCCAACAG,0
TATGTCCAATGACTAA,0
TATGTCTTGTCCTCAA,0
TATGTGATAACTCACG,0
TATGTGATAATCCACA,0
TATGTGCAAATAATCA,0
TATGTGGCAAATAAAA,0
TATGTGTAAAAGTAGA,0
TATGTGTAGTAAAAAA,0
TATGTTAATCAAATTG,0
TATGTTGAATTTAGGT,0
TATGTTGTAAGATAAA,0
TATTAAAAACAAATAC,0
TATTAAAGAGTGGAAG,0
TATTAAAGTGTATGCT,0
TATTAAATAAGCAACA,0
TATTAAATGCGGTAGA,0
TATTAACATCGCATTA,0
TATTAACCAATCCAAC,0
TATTAACGAATCAACC,0
TATTAAGATAGTCAAC,0
TATTAATAGCATGCCC,0
TATTAATATTCTAATT,0
TATTAATCTTACTTAC,0
TATTAATGGACATTAG,0
TATTAATGGAGTAGAA,0
TATTAATTGTATGAAA,0
TATTACAAGCTTGAAT,0
TATTACAAGGGTTTAA,0
TATTACAATCTAATCA,0
TATTACATTTATGAAT,0
TATTACCCTTTCACAC,0
TATTACGAAAATACTG,0
TATTACGACTAAAGAA,0
TATTACGCTAAAGTCT,0
TATTACGTGCGAATCC,0
TATTACTTCGAAAACG,0
TATTAGAAACATCAAC,0
TATTAGAAGACACATT,0
TATTAGAAGGACGGGA,0
TATTAGAATGCCAAAA,0
TATTAGAGCTCAGTAA,0
TATTAGATGATATGCC,0
TATTAGCAAATAGTCG,0
TATTAGGATTACAAGA,0
TATTAGTTCTAAATTC,0
TATTATAACCCGGAGA,0
TATTATAGGAAATCAT,0
TATTATATAAGATACA,0
TATTATCAAAGAGCAG,0
TATTATCGCGGAGTAG,0
TATTATGAAAATATAC,0
TATTATGAATAACGGC,0
TATTATGATGCAGTTG,0
TATTATTAGACTGCAA,0
TATTATTATACAAAAT,0
TATTATTGTATGGGAA,0
TATTCAAAAATAATCG,0
TATTCAAAGTACCAGT,0
TATTCACCATAAGCAG,0
TATTCACTAACACCCC,0
TATTCACTTACTGACT,0
TATTCAGAACCGGCAT,0
TATTCAGAGAGGAACA,0
TATTCAGTAGAAGTAT,0
TATTCATACGTTTACA,0
TATTCATATGTAGGTG,0
TATTCATCAAATAATT,0
TATTCATTACATAAAA,0
TATTCCACAAATCAAA,0
TATTCCAGTCCCGGGG,0
TATTCCATCGTCCGGC,0
TATTCCCAGGGTTTGC,0
TATTCCGCCATGCAGC,0
TATTCCTATGCAATAT,0
TATTCCTCCAACGTAC,0
TATTCGCGGACTAGAT,0
TATTCTAATAGTTGAG,0
TATTCTCAACAAAAGA,0
TATTCTCACTATATCC,0
TATTCTGCACCTTTGA,0
TATTCTGCCGAGTCAA,0
TATTCTGTAGACTATA,0
TATTCTTGTTCTCGTA,0
TATTGAAAAGGTGTGA,0
TATTGAAAATCTCCCG,0
TATTGAACTTTTAACT,0
TATTGAATCCGCCAGC,0
TATTGAATCTCAGGGA,0
TATTGACGGCTCGAAT,0
TATTGAGAGATGGATA,0
TATTGAGCACAAGATT,0
TATTGAGTGCCTCAAA,0
TATTGATAATGGAGTT,0
TATTGATCAGCCCTGA,0
TATTGCAACAAATCTG,0
TATTGCACTAGGAGCT,0
TATTGCAGTGTTAGAA,0
TATTGCCTATAACTTC,0
TATTGCTTGACATTTA,0
TATTGCTTTGGATGTG,0
TATTGCTTTTCCTAAC,0
TATTGGAAAGACTATT,0
TATTGGAACAGTAACA,0
TATTGGCATATACATA,0
TATTGGGCAAATCGAT,0
TATTGGTCAAAAAGCA,0
TATTGGTGACGTCATC,0
TATTGGTTACAATCTA,0
TATTGTAAGCCAATTC,0
TATTGTTAAATTGTTT,0
TATTGTTGGGCAAACC,0
TATTTAAAAACACTCT,0
TATTTAAATATGAGTC,0
TATTTAAATGGAAGGT,0
TATTTAAATTACCAGC,0
TATTTAACTAAAGTAC,0
TATTTAAGCTAAGATT,0
TATTTAAGTAACATAT,0
TATTTAATAAAACAAG,0
TATTTAATGATTCAAA,0
TATTTACAAAAGCCCT,0
TATTTAGAAACATTCC,0
TATTTAGACACATATA,0
TATTTAGCCCCTAAGA,0
TATTTAGGCCCTAGGC,0
TATTTCAACAAAAGGC,0
TATTTCAACTTAGGGA,0
TATTTCACAAAGCAGA,0
TATTTCAGCTGAAGCT,0
TATTTCATATCCCCCT,0
TATTTCATTAAAAGGA,0
TATTTCCATTAAGTAG,0
TATTTCCCAACCAACT,0
TATTTCCCGCGGACCA,0
TATTTCTCCTGAAATA,0
TATTTCTGTTTATGAA,0
TATTTGAGGCCCATAC,0
TATTTGAGTAAGTCAA,0
TATTTGCCACTATGGA,0
TATTTGCCGCAATAAA,0
TATTTGCGAAGTCTTA,0
TATTTGGACAACATAC,0
TATTTGGACTGCGAGA,0
TATTTGTGCCTCCTGT,0
TATTTGTTCCCTGCAA,0
TATTTTAAGATCACCA,0
TATTTTACACTTTACA,0
TATTTTACGGTCTAAT,0
TATTTTATAAAACATC,0
TATTTTCAGAAGGGTA,0
TATTTTCATGTATAAC,0
TATTTTCGACTCTCAA,0
TATTTTCTTTGGAAAT,0
TATTTTGGCCCGAACA,0
TATTTTTATAACAAGA,0
TATTTTTCAAATCATC,0
TATTTTTCCTATTTGT,0
TCAAAAAAAAGGGCAT,0
TCAAAAAAATTGCCCA,0
TCAAAAAAGCTCAACC,0
TCAAAAAATTAAAAAC,0
TCAAAAAATTTCTCAC,0
TCAAAAACCTACGTAA,0
TCAAAAACTAGCTCGC,0
TCAAAAACTTTCCATT,0
TCAAAAAGAACCCGTG,0
TCAAAAAGAGGAATGA,0
TCAAAAATACGAATAC,0
TCAAAAATAGGTCTGC,0
TCAAAAATCCAAAATT,0
TCAAAACATGACAAGA,0
TCAAAACGAAAAACCA,0
TCAAAACTTCAGAACA,0
TCAAAAGAGAGCAAAG,0
TCAAAAGATGTTGAAC,0
TCAAAAGATTATTAAA,0
TCAAAATCCATCAAAA,0
TCAAAATCGGCATGGA,0
TCAAAATGTATGTTCA,0
TCAAAATTTATATGTA,0
TCAAACAAAGAAAGAC,0
TCAAACACACAAGATA,0
TCAAACACCAAGGTAA,0
TCAAACACCCATGATC,0
TCAAACAGGATGCGGA,0
TCAAACATATACTTAA,0
TCAAACCAAAAGTTCC,0
TCAAACCAACCACACG,0
TCAAACCACTCTTTGT,0
TCAAACCCCTGGGTCA,0
TCAAACCTAACAGTCA,0
TCAAACGCACGGGCAG,0
TCAAACGCAGCATCAA,0
TCAAACGGGTAGAAGA,0
TCAAACGTGGTCCTAA,0
TCAAACTATGTAATAT,0
TCAAACTTTCGTTTCA,0
TCAAAGAACCGCCCCC,0
TCAAAGAACGAGCGGC,0
TCAAAGAATAACTTGC,0
TCAAAGACTGTACATT,0
TCAAAGAGGCGCCGTC,0
TCAAAGCCAGCTTTAA,0
TCAAAGCGACTCCTGC,0
TCAAAGCTCCCTAACA,0
TCAAAGCTTTACACTA,0
TCAAAGGAGCTTTCGA,0
TCAAAGGCTAGTCCTA,0
TCAAAGTAAAAGAAGG,0
TCAAAGTAACTCATTA,0
TCAAATAATCTGCCCA,0
TCAAATACGAATAGCG,0
TCAAATACGCGGAGCC,0
TCAAATACGGTGAGTG,0
TCAAATACTGATAGGA,0
TCAAATAGAGGGCCAA,0
TCAAATATTAAAAGTA,0
TCAAATCTACTCGATA,0
TCAAATCTCCTACAAA,0
TCAAATCTGGCATAGT,0
TCAAATCTTAGGCCCA,0
TCAAATGGTTACGTAA,0
TCAAATGTGCAAGTTC,0
TCAAATGTTTCACTAT,0
TCAAATTAAACCAATC,0
TCAAATTAGCTGGTAA,0
TCAAATTATAACCCAA,0
TCAAATTATTCTGCAA,0
TCAAATTCCGACTATC,0
TCAAATTGTTGGATAG,0
TCAACAAACTAAAATA,0
TCAACACAATCGACAA,0
TCAACACACCAATTAC,0
TCAACACGAAATAAAC,0
TCAACACGTCTATAAA,0
TCAACACTAATACGAG,0
TCAACATATATATAAA,0
TCAACATGAGATCGCC,0
TCAACATGGAGGTATT,0
TCAACATTAAATATAA,0
TCAACATTAGGAGGAA,0
TCAACCAACGGGCAAT,0
TCAACCAACTAATTCT,0
TCAACCATTTGCCTCG,0
TCAACCCATATAACAA,0
TCAACCCCTGACTTTG,0
TCAACCCGTACCGACG,0
TCAACCGGGAGCAATC,0
TCAACCTTACATAACC,0
TCAACGAGAACAAGGC,0
TCAACGATAGTCAACA,0
TCAACGCAGAATAGCG,0
TCAACGCGACCCCATC,0
TCAACGGATAGCCGCA,0
TCAACGGCAAAATCTA,0
TCAACGTAAAAAAAAG,0
TCAACGTCATCGTCAG,0
TCAACGTTTGGGCTTG,0
TCAACTAAAAAAATGT,0
TCAACTAACAAACCGA,0
TCAACTAACCAAAGGC,0
TCAACTATCGTTTCCA,0
TCAACTCCCAACCCGC,0
TCAACTCTCCGTTCAC,0
TCAACTGAAAAAACAG,0
TCAACTGAAAGGTAAG,0
TCAACTGAACTAGGAT,0
TCAACTGTACCCCATT,0
TCAAGAAAAACTGTAC,0
TCAAGAAAAGGCCAAA,0
TCAAGAAATATATTTC,0
TCAAGAAATCGAATAA,0
TCAAGAACCTTTTATT,0
TCAAGAAGACTACCAG,0
TCAAGAATCAAAAGCA,0
TCAAGAATGCATCCAT,0
TCAAGACTATGATATA,0
TCAAGACTTAAGCTGT,0
TCAAGAGAAAAACCTA,0
TCAAGAGAGCATTAGA,0
TCAAGAGATCTTAAAT,0
TCAAGAGGAAAGGATA,0
TCAAGATTAAAAATGA,0
TCAAGATTCGTCATGT,0
TCAAGATTTCACTGAA,0
TCAAGCAAGATATTAT,0
TCAAGCGAGAAAAAAC,0
TCAAGCGCACGCACTT,0
TCAAGCTGCGGTCACC,0
TCAAGCTTGCACTCGA,0
TCAAGGAGGCTCATTG,0
TCAAGGATGAATATGC,0
TCAAGGATTGACGGGC,0
TCAAGGCCAGCGCATG,0
TCAAGGCGAATCTAAA,0
TCAAGGGCATACCTTT,0
TCAAGGTTAACTATTA,0
TCAAGTACCTTGAATA,0
TCAAGTGAGTAATAAG,0
TCAAGTTGGCGCCAAG,0
TCAAGTTTTATGAACC,0
TCAATAAAACCTAAAA,0
TCAATAAACAACTACT,0
TCAATAAGACCGTTAG,0
TCAATAAGCGGTTTCG,0
TCAATAAGGCACAAAG,0
TCAATACACAGAAAAG,0
TCAATACCAACTTTCA,0
TCAATACCGACTAGAT,0
TCAATACGAGCGATAG,0
TCAATACGGAACATTA,0
TCAATACTCATGAACG,0
TCAATAGACCCAAGGG,0
TCAATAGATAATCCCA,0
TCAATAGATCGAAAAG,0
TCAATATAACACAGAG,0
TCAATATTGAAGTTGA,0
TCAATATTTCGGCCTC,0
TCAATCAAACTGGCAC,0
TCAATCAAAGACACCA,0
TCAATCAATTAAGTTA,0
TCAATCAGGTCAAAGT,0
TCAATCATAGCATATC,0
TCAATCCCCGAGTACA,0
TCAATCTAGCCTGGCA,0
TCAATCTATCAATATA,0
TCAATGAACAAAACAC,0
TCAATGAAGAAGCTTA,0
TCAATGAATAAACCAT,0
TCAATGAATTGAAGAC,0
TCAATGACATAGTAAA,0
TCAATGCAAAAAATCA,0
TCAATGCCAAGACTGT,0
TCAATGCGCAAGTGCT,0
TCAATGCTGATTTACC,0
TCAATGGCGTGCAATC,0
TCAATGGGGCTATGGT,0
TCAATGTACAAGTTTA,0
TCAATTAATTCGAACG,0
TCAATTAGCCGATTGC,0
TCAATTATTTTTTTAT,0
TCAATTCAAAAACTCG,0
TCAATTCCAACTAACT,0
TCAATTCCTCAATAAC,0
TCAATTGATACATCCA,0
TCAATTGCTAGTAGAA,0
TCAATTGGAAATGAAT,0
TCAATTGGACACTAGG,0
TCAATTGGTTACATAT,0
TCAATTTCGTGCCCAG,0
TCAATTTGAATGCTTA,0
TCACAAAAAAATGCAA,0
TCACAAAACCGAACTC,0
TCACAAACCGACAGTA,0
TCACAAACCGATACAC,0
TCACAAACGCAACTAA,0
TCACAACACGCTGCAA,0
TCACAACCGAACTCAA,0
TCACAACCTAAAAGCT,0
TCACAACGCAGCCAAA,0
TCACAACGTTGGATAG,0
TCACAACTAACCTAAG,0
TCACAAGAACCATATC,0
TCACAAGAACTATGAA,0
TCACAAGCCTTCCTGG,0
TCACAAGGGGTAAGTG,0
TCACAAGTGCAAAGCA,0
TCACAATACGAACCTT,0
TCACAATGAGCCACTC,0
TCACACAAGACATCCA,0
TCACACAATGCAACCG,0
TCACACACGTGAACCA,0
TCACACCCTACTATAC,0
TCACACGAAAACATTA,0
TCACACGCCATGACGC,0
TCACACTGACAAGTAC,0
TCACACTGTATTACAC,0
TCACAGAAATTTGTAA,0
TCACAGAACGCCGTGC,0
TCACAGAGACAAATCG,0
TCACAGATATACTTAA,0
TCACAGCAACCCGGTA,0
TCACAGCACATTTCGG,0
TCACAGCATGAAAAAT,0
TCACAGCTTATTCCAC,0
TCACATATTGATAAGA,0
TCACATGGTATCGGAG,0
TCACATTTTAATATGG,0
TCACCAACCAGATACC,0
TCACCAACTCTAGGTA,0
TCACCAAGAAGGTCCT,0
TCACCAATGGACCAGA,0
TCACCACGTAAGTGGT,0
TCACCACTCCTATTCC,0
TCACCAGGTGAGGTAT,0
TCACCATAACTGCTCT,0
TCACCATAATTTAACT,0
TCACCCAGATGAATCC,0
TCACCCGAATCATAAA,0
TCACCCGAGCACTCCA,0
TCACCGATAAACTTAC,0
TCACCGGAAAAATAAC,0
TCACCGGTATCAATAA,0
TCACCGTTCCTGCGGC,0
TCACCTAACATGGATT,0
TCACCTAGAATGGGAA,0
TCACCTATTGTACGGA,0
TCACCTCTTTTTCGTG,0
TCACCTGATGTAACTC,0
TCACCTGGCCAACAAG,0
TCACCTGGCGTGATCA,0
TCACCTGTTTCGACTC,0
TCACCTTAACACCTCT,0
TCACCTTAAGATGTAT,0
TCACCTTAGTTATAGA,0
TCACCTTGGAAACAAG,0
TCACGAAGAAACTTAA,0
TCACGAAGAGATACCT,0
TCACGAAGTTCCAGAT,0
TCACGAATAACTTAAC,0
TCACGACAGCTTCCCT,0
TCACGACCCGTCAAAC,0
TCACGACTAGTTTAAT,0
TCACGAGAAGCAGCGA,0
TCACGAGCATCCTGCA,0
TCACGATAATAATATT,0
TCACGATAGCAGGCAG,0
TCACGATTCCAATTCG,0
TCACGATTGACCCAAA,0
TCACGATTTAAGAATT,0
TCACGCCGAGAAATCA,0
TCACGCGAAGTAGAAC,0
TCACGCTTATTGACTC,0
TCACGGCAAACCAGTA,0
TCACGGGCGATGATCT,0
TCACGGTACAGAATTA,0
TCACGGTACATAAAGT,0
TCACGTATGTCAAATT,0
TCACGTCACTGCAAAA,0
TCACGTCATCAAAATC,0
TCACGTCGTCAACCTT,0
TCACGTGGCATAAAAC,0
TCACGTTGTCATAGGA,0
TCACGTTGTGACATAA,0
TCACTAAATACCGTTC,0
TCACTAATATGGATTA,0
TCACTACAGGTATCGA,0
TCACTACTACACATGA,0
TCACTAGCGTATCGAA,0
TCACTAGCTAATGCAT,0
TCACTATAAGACAGAC,0
TCACTATACTTCCAAA,0
TCACTATTGCAATGCG,0
TCACTCAAAAAACGTG,0
TCACTCAAAATTAGCG,0
TCACTCAATTCTGAAG,0
TCACTCATGAACAACC,0
TCACTCCTTCACGATT,0
TCACTCGCAGTCGCGC,0
TCACTCTAGGAAGTAC,0
TCACTCTTGCACTTTA,0
TCACTGACGCATAATG,0
TCACTGGGTAAATACC,0
TCACTGGTACATAACA,0
TCACTTAAATTCAACA,0
TCACTTAGACTGGACA,0
TCACTTCAAAAAACCG,0
TCACTTGACTCATTCC,0
TCAGAAAAAGACACGG,0
TCAGAAAGGGACCTAA,0
TCAGAACGTATAAACC,0
TCAGAAGAATATATCT,0
TCAGAAGACTACCCAA,0
TCAGAAGATCGGCGGC,0
TCAGAAGGGACAACTC,0
TCAGAAGGGCAGATAT,0
TCAGAAGTGTAAACTC,0
TCAGAATACACACTCA,0
TCAGAATATAATGACA,0
TCAGAATTATGAAACA,0
TCAGACAAAAAAGAGG,0
TCAGACAGAAAGTCCA,0
TCAGACCTTATGCGTA,0
TCAGACGCGGGGCCCA,0
TCAGACGCTCAGCCAA,0
TCAGACTTCTAAAGAA,0
TCAGAGAACCATTCGT,0
TCAGAGAGATTCGCAC,0
TCAGAGCAATCATTAA,0
TCAGAGCGAAATATAA,0
TCAGAGCTCGTAGATT,0
TCAGAGGATATTCTAG,0
TCAGAGGCGGTACCAG,0
TCAGAGGTTACCTAGT,0
TCAGATAACAAATACG,0
TCAGATTCACTTGCTG,0
TCAGATTTATTATCTA,0
TCAGATTTGTATGACA,0
TCAGCAACATCTTTAA,0
TCAGCAAGACAGGACG,0
TCAGCACATTCGATTT,0
TCAGCATGTTAAACGA,0
TCAGCCGGAGTAAGGT,0
TCAGCCGGGTCAAATA,0
TCAGCGAAACATATCG,0
TCAGCGAATGCGTTAA,0
TCAGCGACCCCGAACC,0
TCAGCGCAACTTTATG,0
TCAGCTAAATACATTT,0
TCAGCTAAATCCAGTC,0
TCAGCTAGCTTGTAGG,0
TCAGCTATTTATAACC,0
TCAGCTATTTCAAGGA,0
TCAGCTCATAGTCTAA,0
TCAGCTGGCATTAAAG,0
TCAGCTTAACGATGTA,0
TCAGGAAGTCGAATAC,0
TCAGGACAAGCCCCTT,0
TCAGGATGCCCGATAA,0
TCAGGCAAAATACAAT,0
TCAGGCAACGATACCA,0
TCAGGCACCTATGCCA,0
TCAGGCCGCAGTCAAT,0
TCAGGCCGGTCCAACC,0
TCAGGCGAACTCATAG,0
TCAGGCGGAATTCATT,0
TCAGGCTTACACCTCA,0
TCAGGGATGACACGTA,0
TCAGGGGCTTTAGCAA,0
TCAGGTCTAATTAGCT,0
TCAGGTCTGAATATGG,0
TCAGGTTACCCTCAAA,0
TCAGGTTCGTGAATTT,0
TCAGTAACACAAGCGA,0
TCAGTAAGCACGGTGT,0
TCAGTAATATTTAAAA,0
TCAGTACGCAATTAAT,0
TCAGTACTATTCCCAG,0
TCAGTATATCGAATGA,0
TCAGTCACACAACACC,0
TCAGTCGGTTAATTTC,0
TCAGTCGTGAAAATCC,0
TCAGTCTATACTAATT,0
TCAGTCTATATGAAAC,0
TCAGTGACATCTGATG,0
TCAGTGAGACTTAATC,0
TCAGTGGGCGCAAAAA,0
TCAGTGTCTTGACAAG,0
TCAGTGTTAACTCCTC,0
TCAGTTAACGTGGAGA,0
TCAGTTATTTAATAAG,0
TCAGTTCATGAAATTG,0
TCAGTTCGAATCTCCT,0
TCATAAAAACCCATCA,0
TCATAAAACCTGTTTT,0
TCATAAAACTTAGGCG,0
TCATAAAATTGTCACT,0
TCATAAACTCGGTCAG,0
TCATAACCCGTCAGTA,0
TCATAACGAGATCGCC,0
TCATAAGATTGTTCCA,0
TCATAAGGTGAAAACA,0
TCATAAGTGTAAAAGT,0
TCATAATAAAATCTGA,0
TCATAATAACGCACCA,0
TCATAATAATTCACGT,0
TCATAATAGCCGCGGT,0
TCATAATCCCGTCTAT,0
TCATACATATTAGCAC,0
TCATACCAAGTATCAA,0
TCATACCCGTGAATTG,0
TCATACCTAATATACA,0
TCATACTATATAAAGC,0
TCATAGAAAAGAAACA,0
TCATAGATGTTATTTA,0
TCATAGCAGCCTTATA,0
TCATAGCTGATCTCTC,0
TCATAGTTGCACAACG,0
TCATATAACAAAATCT,0
TCATATCTGTTCGACA,0
TCATATGCACAAGGGT,0
TCATATGCATTCATAA,0
TCATCAAACCGACCTT,0
TCATCAACGAAATTAG,0
TCATCAACTAGCCGGA,0
TCATCACAAGTCAACT,0
TCATCACTATCTACTA,0
TCATCACTCGCTTTCA,0
TCATCAGATAAATATA,0
TCATCATGCGTAATTT,0
TCATCCATATGGGCAA,0
TCATCCCCCACATGGG,0
TCATCCGGACTGATGT,0
TCATCGAACAGGCGAC,0
TCATCGATAATTTGGC,0
TCATCGATACGGAATA,0
TCATCGCACTCAGAAG,0
TCATCGCATGATGCTA,0
TCATCGTCTCTGATAT,0
TCATCGTTAAGCAAGC,0
TCATCTAAACATACAG,0
TCATCTAAGTTACCCG,0
TCATCTACAAATTACA,0
TCATCTACGCACCGAG,0
TCATCTATCTAGGACA,0
TCATCTCTAGACCATA,0
TCATCTGAAAAAAGCG,0
TCATCTGCAACAATAA,0
TCATCTGCGTTCTAAA,0
TCATCTGGGTGCTCTC,0
TCATCTGGTTCAACCA,0
TCATCTTAATGACGAC,0
TCATCTTGTAAGAGAT,0
TCATGAAGAATCGATC,0
TCATGAAGCGTCATAC,0
TCATGAATATCCGGCT,0
TCATGAATGACTATGT,0
TCATGACCACAAAAAA,0
TCATGACGATTGATAA,0
TCATGAGACAGGAAGG,0
TCATGAGCAAGTGCCA,0
TCATGATAATTAGAGG,0
TCATGATCTGAGGCAC,0
TCATGCACAAAATCGT,0
TCATGCACAGCTAAGC,0
TCATGCAGACACCACG,0
TCATGGATGTAGTAAG,0
TCATGGGCGATAAAAC,0
TCATGGGGGGGGAGGA,0
TCATGTCTATAGCAGC,0
TCATGTGTTCCTGATC,0
TCATGTGTTCTTCAAA,0
TCATGTTATCCACACA,0
TCATGTTGGCATGAAT,0
TCATTAAAAATCAATT,0
TCATTAAAACGCTTTA,0
TCATTAAATCTCCTTA,0
TCATTAAGAAAAGGGT,0
TCATTAATGTAAGATG,0
TCATTACACATTAAAA,0
TCATTACAGAATGACA,0
TCATTACAGGAATACC,0
TCATTACCAGCATAGC,0
TCATTAGGGAACAAAA,0
TCATTATAGTAATCGC,0
TCATTATAGTCTAGGA,0
TCATTATTTAGGACCT,0
TCATTCCAAGAGAGTA,0
TCATTCCTGTTTAAAG,0
TCATTCGCACAAACAA,0
TCATTCGTAAAAAATG,0
TCATTGAGCCCTTCCG,0
TCATTGATACAGGGGA,0
TCATTGATGATCTCTA,0
TCATTGCATCAATCGA,0
TCATTGCCCTTTAAGA,0
TCATTGCGATCCGAGA,0
TCATTGCTTAAGTGAG,0
TCATTGGCCATCAGGT,0
TCATTGGTCGATTCAT,0
TCATTGTATGCTGATC,0
TCATTGTGCAACCGAG,0
TCATTTAATGCTAAGA,0
TCATTTATGACCTTTC,0
TCATTTATGGAACAAA,0
TCATTTCCGCCCACCG,0
TCATTTCGTTTTTGAA,0
TCATTTCTCTAATCTT,0
TCATTTGATCTAAGTA,0
TCATTTGTAAAAAACC,0
TCATTTGTCAAAATGC,0
TCATTTTACTAACTCA,0
TCATTTTGGTAATCAG,0
TCCAAAAGACCCATAA,0
TCCAAAAGGGACTATT,0
TCCAAAAGTATCGAAG,0
TCCAAAAGTCACACCC,0
TCCAAAATATCTAGCT,0
TCCAAAATTAACATAT,0
TCCAAACAAGATAAAG,0
TCCAAACATGTACACG,0
TCCAAACCAAAAACAC,0
TCCAAACTGCCATTCG,0
TCCAAATCCGTCCCGG,0
TCCAAATGGTGCAAAG,0
TCCAAATGTTAATCTG,0
TCCAAATTGTAAAATC,0
TCCAACAAATACTCAA,0
TCCAACATAAAACCCA,0
TCCAACCACATGTTAT,0
TCCAACCAGGCGCGTG,0
TCCAACCTCACACCTT,0
TCCAACGATCCCCAAA,0
TCCAACGCTGATCTGA,0
TCCAACTACGGACAGC,0
TCCAACTGGTACTTTT,0
TCCAAGCAAGACGTAA,0
TCCAAGCATAGAAAAA,0
TCCAAGCTACACACGT,0
TCCAAGGCACGGTACA,0
TCCAAGGTGGAAATGG,0
TCCAATAACTATAATC,0
TCCAATAATATGAATT,0
TCCAATACGAAATTTC,0
TCCAATAGATAAACAA,0
TCCAATATCTGATAAA,0
TCCAATCACTGCGGCA,0
TCCAATCGCTCAATAA,0
TCCAATGAATTGCATC,0
TCCAATGACTACAATG,0
TCCAATGTCGGATATA,0
TCCAATGTGGTTTGAT,0
TCCAATTCCAAATAAA,0
TCCACAAACTCACGGA,0
TCCACAACGAACAATC,0
TCCACACTATCTGCAC,0
TCCACAGGAAGCTAAC,0
TCCACAGTAAAAAAAC,0
TCCACAGTAACGACAA,0
TCCACATATGATACAT,0
TCCACATCCTGAAACA,0
TCCACATTCCTACCTC,0
TCCACATTTTGACTCA,0
TCCACCATACGCAATA,0
TCCACCATTTATAATC,0
TCCACCCAATTCATCC,0
TCCACCCGAACAATTA,0
TCCACCCGCAAGACTT,0
TCCACCGCGCTAAATG,0
TCCACCGTAAGGAGGG,0
TCCACCTCGGGTGTGA,0
TCCACGAACTAAACAA,0
TCCACGAGATCTGAGG,0
TCCACGCCCTAACCAA,0
TCCACGCCGTACTTAG,0
TCCACGTATTGAACCC,0
TCCACTAAGCCGATTG,0
TCCACTACACTGACCG,0
TCCACTACCAGGATTT,0
TCCACTAGTTTCAAGA,0
TCCACTATAACAATTT,0
TCCACTGAGTTATATT,0
TCCACTGTGAAACTAA,0
TCCACTTGAGTATAGT,0
TCCACTTTAGACCAGT,0
TCCAGAAAGTCTCCTA,0
TCCAGAATAACGAAGA,0
TCCAGACTTACTACTC,0
TCCAGAGAACTATCGA,0
TCCAGAGATCGCCTAT,0
TCCAGAGTAACAGTAC,0
TCCAGAGTGAACGAAC,0
TCCAGATATGGGCTGC,0
TCCAGCCAAACAAGAA,0
TCCAGCCGGAGTGCTT,0
TCCAGGGATCCGCTAT,0
TCCAGTAAACCAAGGA,0
TCCAGTACTTATAGGA,0
TCCAGTATAACACCAT,0
TCCAGTCTATATGTCA,0
TCCATAAAAAAAGAAT,0
TCCATAAATGACTTGA,0
TCCATAACACTTGAGT,0
TCCATAAGATATGTAA,0
TCCATAAGCGATTTCC,0
TCCATACCGCTGGGCC,0
TCCATACGCATCTAGT,0
TCCATAGATGGTAAAC,0
TCCATAGTACGGTATC,0
TCCATATGGAACATGT,0
TCCATATGTATCAACG,0
TCCATATTTACTAGAC,0
TCCATCAAACGCGAAC,0
TCCATCAAAGGCTCTT,0
TCCATCAGGGAATAAG,0
TCCATCCCAAGCGCAA,0
TCCATCCCTACGATCC,0
TCCATCCGAGTTGACA,0
TCCATCCTTGCACTTG,0
TCCATCGGACAACCAC,0
TCCATCTAATGCAGTT,0
TCCATCTCCTCTTAAC,0
TCCATCTGGCGCGTGC,0
TCCATGACACCTAGAT,0
TCCATGCGCCTTAATC,0
TCCATGGCAAGCTACA,0
TCCATGGGAAACGCAA,0
TCCATGTGTAAAAACC,0
TCCATTAACCTACAAA,0
TCCATTCGGTACTACT,0
TCCATTGGCCAGAAAA,0
TCCATTGTACTGATTA,0
TCCATTTATAAATCAC,0
TCCATTTGAGCTCTTT,0
TCCATTTTACATTTTT,0
TCCCAAAACAAACATC,0
TCCCAAAACGGAATCT,0
TCCCAAAATATGGTTA,0
TCCCAAAATATTCCGT,0
TCCCAAACGGCAGTCT,0
TCCCAAAGGCAGTCGA,0
TCCCAAAGTAAAATTA,0
TCCCAACATGTTAGAA,0
TCCCAAGAGTCGACCC,0
TCCCAAGATGTTTAAC,0
TCCCAATAATAAGCAA,0
TCCCAATATCCACTTG,0
TCCCAATATTCCCCAA,0
TCCCAATGAATGCAAC,0
TCCCAATGCGAAAGTG,0
TCCCAATGTCACAAGC,0
TCCCAATTGTCAAAAA,0
TCCCACAACTCTTAGA,0
TCCCACACCGAGAAAC,0
TCCCACATACTAGAGA,0
TCCCACCCGACAGCAC,0
TCCCACCGTCAATTTA,0
TCCCACGATCCATGTC,0
TCCCACGGGGGTACTT,0
TCCCACGTTATACCGA,0
TCCCACTATATAATAA,0
TCCCACTTTGTTGACA,0
TCCCAGAACTCTGAAT,0
TCCCAGGATCGAATTC,0
TCCCAGTACTGACAAA,0
TCCCAGTATAATATTT,0
TCCCAGTCTAATAAAA,0
TCCCATACCAGTTGAA,0
TCCCATAGGACTATGT,0
TCCCATAGTCTTATTA,0
TCCCATATAAAAAAAC,0
TCCCATCAAAGCTCAT,0
TCCCATCGTTCCCATG,0
TCCCATCTATCTACCT,0
TCCCATGCGATGGAAT,0
TCCCATTAGTTTTTTC,0
TCCCATTCTTAGTAAG,0
TCCCATTTCATAAACT,0
TCCCCACATCGATCCA,0
TCCCCAGCAATCTAAT,0
TCCCCATAAGAAACAT,0
TCCCCATGCAAATCAA,0
TCCCCCCACTGCACTG,0
TCCCCCCTCCACAGAC,0
TCCCCCCTTCCCTTGT,0
TCCCCCGACCGAGATA,0
TCCCCGACAATAAGCC,0
TCCCCGACTGGAATAC,0
TCCCCGTACGAAAAAA,0
TCCCCTATTAAAAGCA,0
TCCCCTCCCGCGAGTA,0
TCCCCTCTACAAACTT,0
TCCCGAAAACGCATAA,0
TCCCGAGAGCTGGCAT,0
TCCCGAGGTGCATATA,0
TCCCGCCAGAGATAGG,0
TCCCGCTCCGAATGTT,0
TCCCGCTTCATTGTAT,0
TCCCGGAGCATGAACC,0
TCCCGGTAAAAAGTTT,0
TCCCGGTGAGACCCAA,0
TCCCGTAGTCCCCATC,0
TCCCGTCAAAATATTA,0
TCCCTAAATTGCTACA,0
TCCCTAAGCTTCTCCG,0
TCCCTACAAGTACGGT,0
TCCCTACCAAGCTAAC,0
TCCCTACTATACATGC,0
TCCCTAGAACCGTAAG,0
TCCCTAGTATATTATT,0
TCCCTATAAGAACGCT,0
TCCCTATATATAATAA,0
TCCCTATGGAGCCCAA,0
TCCCTCACCATGGACA,0
TCCCTCCTCGAGTTGC,0
TCCCTGAGTCTACTCA,0
TCCCTGTCCCCTGCCC,0
TCCCTGTCTAGACAGG,0
TCCCTGTGTGAAATTA,0
TCCCTGTTCGACTTCC,0
TCCCTTACTGAGAGCA,0
TCCCTTTGATAACAGC,0
TCCGAAAACTATACGT,0
TCCGAAAAGAACAGGT,0
TCCGAAAAGAATAGAT,0
TCCGAAAAGAATAGCC,0
TCCGAAACAATTAACA,0
TCCGAAACATTCTTCT,0
TCCGAAAGGAAATTAG,0
TCCGAAAGGATCCAAA,0
TCCGAAAGTGCGTACT,0
TCCGAACAGAACCGAT,0
TCCGAACTGAACTGAC,0
TCCGAACTTTGCCCCC,0
TCCGAAGGTGAAGCGA,0
TCCGAAGTAATCAAAT,0
TCCGAATAAGATACGA,0
TCCGAATATTCCCAAA,0
TCCGACACGCTCAAAA,0
TCCGACATTGTAACAG,0
TCCGACCAAGTATGCC,0
TCCGAGCAACATTCAT,0
TCCGAGCACCTGATAC,0
TCCGAGCGTTAGAAGT,0
TCCGAGGAACGAGGCA,0
TCCGAGGACTATTATG,0
TCCGAGGCTCTACGAC,0
TCCGAGTAAATACGAA,0
TCCGAGTCTTATTCCA,0
TCCGAGTTTCCAAACG,0
TCCGATAAGTAAGCAC,0
TCCGATAAGTTCGTCT,0
TCCGATCAACCATAAA,0
TCCGATCATAATTCGA,0
TCCGATGCGTTACACG,0
TCCGATTAAGATGAAC,0
TCCGATTCAGTTATGA,0
TCCGATTCTCCAACTG,0
TCCGCAACAAAGTTGT,0
TCCGCAATGATCAAAC,0
TCCGCACGCAAACCCT,0
TCCGCCAGTTAGTAAC,0
TCCGCCATATACATAA,0
TCCGCCCGATGCCTAC,0
TCCGCCCGCCCTGTAT,0
TCCGCCTTGAAAGGTG,0
TCCGCGAGCCAATCGA,0
TCCGCGATGAATGGAG,0
TCCGCGGCTAAAAGCT,0
TCCGCTAATGCAAAAT,0
TCCGCTATTGGATAAA,0
TCCGCTCTACAAACGA,0
TCCGCTCTAGGTATGA,0
TCCGCTTTTGTCGTAA,0
TCCGGACAGTGGTCTT,0
TCCGGATCGTGATAAT,0
TCCGGCTAACTCATTA,0
TCCGGGAGATGTAACA,0
TCCGGGGTGATTACCC,0
TCCGGGTTGGTACACA,0
TCCGGTAACTCTAAAC,0
TCCGGTTAAATTAAAA,0
TCCGTAAACGCTAGAA,0
TCCGTAAGTTATCATC,0
TCCGTAATCAACCTAT,0
TCCGTACAGCCATGCA,0
TCCGTACGAACTTCTA,0
TCCGTACGTATCAACA,0
TCCGTACTCGCAATCG,0
TCCGTAGTAATAACAG,0
TCCGTATTAGGCATTT,0
TCCGTCCAACATCCGC,0
TCCGTCCATCAGCACA,0
TCCGTCTCACAGGATG,0
TCCGTCTTCCCCTACC,0
TCCGTGAAAACCTTCG,0
TCCGTGATTACATCGT,0
TCCGTGCCTCCCGAGC,0
TCCGTGCTTATAATTA,0
TCCGTTAAAGAAACAA,0
TCCGTTGATAACAGCT,0
TCCGTTTAGAAACTCC,0
TCCGTTTATCTATGAA,0
TCCGTTTCCAGTTCCC,0
TCCGTTTCGACCGAAC,0
TCCTAAAAACCACCGC,0
TCCTAAAGTCAGCCGG,0
TCCTAAATAACCCTAT,0
TCCTAACATTTCCTTA,0
TCCTAACCTAATGATA,0
TCCTAACGTTAAAGTC,0
TCCTAAGACCACAAAT,0
TCCTAAGATCACGAAA,0
TCCTAAGTAAAAGGAT,0
TCCTAAGTACCTCATC,0
TCCTAATACTAAACAG,0
TCCTAATTTAAGGACA,0
TCCTACAAACCGCCCT,0
TCCTACACATAGACAC,0
TCCTACATACGAACAG,0
TCCTACCGCGTCCGGA,0
TCCTACCTAAAACAAA,0
TCCTACGAAACCTTCT,0
TCCTACGAAAGGCGAC,0
TCCTACGATCAGCATG,0
TCCTACGCGGTCGGTA,0
TCCTACGGGAGATATG,0
TCCTACTCAGAGGTTG,0
TCCTAGAGGCTACTAT,0
TCCTAGATCTGGCTAA,0
TCCTAGCGACCCGATT,0
TCCTAGGACGCTAATT,0
TCCTAGGATTCACTGT,0
TCCTATACTCAAAGAG,0
TCCTATACTCGATCTT,0
TCCTATACTTGCAAAA,0
TCCTATATCATTCCAT,0
TCCTATGAACAGTTTA,0
TCCTATGACAAAGCTG,0
TCCTATGTCCTTAAGT,0
TCCTATTAACTATGTT,0
TCCTATTACTATAATC,0
TCCTATTAGTACGAGA,0
TCCTATTATAGGAGAG,0
TCCTATTCACGTAATA,0
TCCTATTCCAGATTAT,0
TCCTCAATCTCCGAGT,0
TCCTCACAAATATATG,0
TCCTCACCCCATCACA,0
TCCTCAGGCATAGTAA,0
TCCTCATACATCAACT,0
TCCTCATCCAATCCAC,0
TCCTCCATAAGATCTG,0
TCCTCCCACCCAAAGC,0
TCCTCCCATTCATCCT,0
TCCTCCGAAGCCATAG,0
TCCTCCGCCTGTTTCC,0
TCCTCCGCTTGTGTGT,0
TCCTCCTGCAAGGCTA,0
TCCTCGAAAATACAAA,0
TCCTCGAAATAGATAA,0
TCCTCGATATCTAACA,0
TCCTCGGAAGGGTAGA,0
TCCTCGTCCTAAGAAA,0
TCCTCTAATCACATCC,0
TCCTCTAATGGCTATC,0
TCCTCTATAATAACAT,0
TCCTCTCAAACGGCAG,0
TCCTCTCTTTGAAGTT,0
TCCTCTTAACACTGTT,0
TCCTCTTTATCCGCGT,0
TCCTGAAACATGTAGA,0
TCCTGAAAGAGTACAT,0
TCCTGAACCGGCACTT,0
TCCTGACATAGTCCTA,0
TCCTGACCATGAAGTA,0
TCCTGACTGTCGTTAA,0
TCCTGAGCAACGAACC,0
TCCTGAGTTACCATAA,0
TCCTGATCCTCCTCTA,0
TCCTGCACAATGTTCA,0
TCCTGCATTAACCAAA,0
TCCTGCCGCTGTTAGG,0
TCCTGGATCCTGCACA,0
TCCTGGCAGAGGATTG,0
TCCTGGCCACCGAATG,0
TCCTGGCTAACCACAT,0
TCCTGGTCACTACATA,0
TCCTGTCAGTGACAAG,0
TCCTGTCGGGCCTTTG,0
TCCTGTGCTAAGGATT,0
TCCTTAACACGTAAAA,0
TCCTTAATGCCTATCT,0
TCCTTACACCTATCAT,0
TCCTTATGACCACACT,0
TCCTTATGATAATAGA,0
TCCTTATGGGACCCGA,0
TCCTTATTGTTCTCAA,0
TCCTTCAAAATTACAG,0
TCCTTCAATATGAATT,0
TCCTTCACAAGAGCAC,0
TCCTTCATAGAAATAC,0
TCCTTCCAGTGATAAA,0
TCCTTCCTCACTAAAT,0
TCCTTCCTTGCATGTC,0
TCCTTCGAAAGTGACA,0
TCCTTCGGCCGAGTTA,0
TCCTTGACACCTCCTC,0
TCCTTTACAATAGTCC,0
TCCTTTCTCGTTAACT,0
TCCTTTGTCAATAGGG,0
TCCTTTTTAAATGCTG,0
TCCTTTTTAAGTAAGC,0
TCCTTTTTTCTTTCCA,0
TCGAAAAAGTTGGGAT,0
TCGAAAACAAGTTTAC,0
TCGAAAACCTACTGAC,0
TCGAAAACGAGGACAC,0
TCGAAAATAACTGTGG,0
TCGAAAATTGGCAAAC,0
TCGAAACCCTCTTGAG,0
TCGAAAGATTTCCTAT,0
TCGAAAGTCGTTAGTG,0
TCGAAATGATACATGA,0
TCGAACAAATGAATAG,0
TCGAACACAAACAACA,0
TCGAACATATAAAATG,0
TCGAACATTCAATCTG,0
TCGAACCTGGGATCCC,0
TCGAACGAAATAAAAC,0
TCGAACTGATAAACTA,0
TCGAACTTGCCCGGAG,0
TCGAAGAAGCTTTACT,0
TCGAAGAATACCACAA,0
TCGAAGAATAGCAGAT,0
TCGAAGAATAGCGCAA,0
TCGAAGACTGGCAAGG,0
TCGAAGCCCAGTTATG,0
TCGAAGTGATTCACCT,0
TCGAATAAAAACGATA,0
TCGAATACGCTTTCGT,0
TCGAATATTCACTAAC,0
TCGAATCACACGTATT,0
TCGAATCATACAAAGT,0
TCGAATGAGAGATCTG,0
TCGACACTTAAGTAAT,0
TCGACACTTATAATAC,0
TCGACAGGAGGGAGAA,0
TCGACAGTATAAAAAA,0
TCGACATTTGTTCAGA,0
TCGACATTTTTTTCAG,0
TCGACCAGAAGAGCAG,0
TCGACCAGGGGCATCA,0
TCGACCCAAAAACGTA,0
TCGACCCGAGAAGCCA,0
TCGACCGTTGCCGCAC,0
TCGACCTACGGCAGTC,0
TCGACCTACGTTAGAA,0
TCGACGCTACGTGATT,0
TCGACGGAACATACTG,0
TCGACGTTTTCAAAAA,0
TCGACTACTTAATACA,0
TCGACTCATTAACCGG,0
TCGACTTAAACTTACT,0
TCGACTTACCATGAAA,0
TCGACTTTAAGACATC,0
TCGAGAAGCGCGGATG,0
TCGAGAGACTGCGCAC,0
TCGAGAGCTTGTACGA,0
TCGAGATACAAATTCA,0
TCGAGATCCATTGTAG,0
TCGAGATCGAAATAAT,0
TCGAGCCTATAAAAAC,0
TCGAGCGTTCGACTTA,0
TCGAGCTATGCATCTG,0
TCGAGGAATAGAACAG,0
TCGAGGAATAGAGTAA,0
TCGAGGCGAATGTGTG,0
TCGAGGGCTTGCCTCA,0
TCGAGGTTAAAATACA,0
TCGAGTCATCAAGGAC,0
TCGATAAAAACCATGG,0
TCGATAAAACTGAACC,0
TCGATAACCCAGAACC,0
TCGATAACGGCGTGGA,0
TCGATAATAATGACAG,0
TCGATACAAAAAGGCT,0
TCGATACCACTTCAAG,0
TCGATACTGAGCAAAA,0
TCGATAGACCCCCAAC,0
TCGATAGCTCATCAAA,0
TCGATATTTATATAAG,0
TCGATCACAGACAAGC,0
TCGATCCAAAAAAGCC,0
TCGATCCAAACCTAGT,0
TCGATCCCTGGGTGAA,0
TCGATCCTAGTAGACT,0
TCGATGAACATTATGA,0
TCGATGACAAAGGCCC,0
TCGATGACGCGTTGGA,0
TCGATGATAGGCTATT,0
TCGATGCAAGAATAAG,0
TCGATGCAAGACTTGA,0
TCGATGCCAATTAAGC,0
TCGATGCGAGCATGCA,0
TCGATGGCAAAACGAT,0
TCGATTAATTAAGCTA,0
TCGATTACGTACTAAC,0
TCGATTACTCATCGTC,0
TCGATTCAGATTTTTA,0
TCGATTGAGGCCATAT,0
TCGATTTACAACAAAG,0
TCGATTTACCCTAATC,0
TCGATTTAGTGAACTT,0
TCGATTTCATCAGACC,0
TCGATTTCCCCAAGGC,0
TCGATTTCGCGACCTA,0
TCGCAAACGCCTAGCT,0
TCGCAAAGACTTAAAA,0
TCGCAACACTCTTACC,0
TCGCAATGCTTTTCTG,0
TCGCACAAAACGTTAA,0
TCGCACAAGTCCCTGT,0
TCGCACCCTCACAAGG,0
TCGCACGATATAAAAA,0
TCGCAGAACACATTTT,0
TCGCATAAACTCCTAC,0
TCGCATAACCCCACAC,0
TCGCATAAGGCATCTA,0
TCGCATGATTCCTCTG,0
TCGCATTAGACTTTTG,0
TCGCATTCCAAGTGGT,0
TCGCATTGTCTAAACA,0
TCGCCAAATACTCCAT,0
TCGCCAATAGTAGAAC,0
TCGCCCAATCTAGTAA,0
TCGCCCAATTGTATTT,0
TCGCCCCCAAAATTAA,0
TCGCCCCGTTAAAGAA,0
TCGCCCCTAATCCAAT,0
TCGCCCTACAGTAGCC,0
TCGCCCTCGGTTTCCA,0
TCGCCCTTATTAATAC,0
TCGCCGCAGCATACTT,0
TCGCCGGACGTAGCTA,0
TCGCCTACCACAACAC,0
TCGCCTAGTAAAATAA,0
TCGCGAAGAAGTGTTA,0
TCGCGATCGAGTATCT,0
TCGCGGCAGAGTCCTA,0
TCGCGGCATATCCCCT,0
TCGCGTAAATAAGAAC,0
TCGCGTCTGTCCCTAT,0
TCGCGTGTAATAGGCC,0
TCGCTAACAACTGATA,0
TCGCTATAACATTCGC,0
TCGCTCACTCATACTA,0
TCGCTCATCCATGACA,0
TCGCTCTAGTACAAAC,0
TCGCTCTGTACCCCTC,0
TCGCTGAATCACATAT,0
TCGCTTATTACATAAG,0
TCGGAAGAGAAAACGT,0
TCGGAAGAGATGCTTT,0
TCGGAAGTGTCAGATA,0
TCGGACAGACAATTAC,0
TCGGACATGCGCCAAA,0
TCGGACCAAACCCATT,0
TCGGACGATTACCAAG,0
TCGGACTAGGCAACGA,0
TCGGAGAATTATGATA,0
TCGGAGCTTAGTTCAG,0
TCGGAGGTTCATAAAG,0
TCGGATAGAGCTTGAC,0
TCGGCAAATCTACCAA,0
TCGGCAACGTTATATT,0
TCGGCATGGCGGAGAC,0
TCGGCCACAAAAGAAT,0
TCGGCCCAAATAAGTA,0
TCGGCCCTTATTAGAT,0
TCGGCCGGTGAATACA,0
TCGGCCTACTAGCGCA,0
TCGGCCTACTCCCAAC,0
TCGGCGATGCACATTA,0
TCGGCGCCTTGGTAAC,0
TCGGCGGTTTTATATG,0
TCGGCTTGGCAAAACC,0
TCGGGACGAAAGCGCT,0
TCGGGCAGATTACACT,0
TCGGGCTTGTAACGAC,0
TCGGGGACTTCCTACC,0
TCGGGGTCACAAACAT,0
TCGGGTTACGCGTACA,0
TCGGTAACGTAGTCAA,0
TCGGTAAGACAAACAT,0
TCGGTAAGACGTAGAG,0
TCGGTAATTTAAAGAC,0
TCGGTACATAAAACCT,0
TCGGTACATATTATGG,0
TCGGTCAACAAAAAGC,0
TCGGTCACCCAATTCA,0
TCGGTCTATATTTAGA,0
TCGGTCTGTGTCTCTA,0
TCGGTGGCATAGTATG,0
TCGGTTAGCCTGACCA,0
TCGGTTATATACACAG,0
TCGGTTGGTACGAAAA,0
TCGGTTTTATATCATG,0
TCGTAAAAGTCATAAA,0
TCGTAAAATAGATCAC,0
TCGTAAACATAATCAG,0
TCGTAAATAAAGCTTT,0
TCGTAAATCAACTCAT,0
TCGTAACAGAAACTCT,0
TCGTAACGAATTACGT,0
TCGTAACGGCGTGGAG,0
TCGTAACGGTAGACCA,0
TCGTAATAATATTACG,0
TCGTAATACTTGTGCG,0
TCGTAATATAGTGATT,0
TCGTAATCAAAGTACT,0
TCGTAATCAAGCATAC,0
TCGTACAATTAAGATG,0
TCGTACACTATTTAGA,0
TCGTACGAAACTCAAA,0
TCGTACTCCGATAAAA,0
TCGTAGACGTCTCGTA,0
TCGTAGCTTTCCATCT,0
TCGTAGGAAGAAGTGG,0
TCGTAGTGAGAAGGTG,0
TCGTATAACTTGGCAA,0
TCGTATTCATAACGTG,0
TCGTATTGGATAAATA,0
TCGTCAAAATTTGAAA,0
TCGTCAAGCAAGAAAT,0
TCGTCAATCAAGAACA,0
TCGTCAATCCTAGCGA,0
TCGTCACACGTACTCA,0
TCGTCACCGACAAAGA,0
TCGTCAGTTAGAGTTG,0
TCGTCCGAGTATGCCT,0
TCGTCGATCCTGACGA,0
TCGTCGATCTGCACCA,0
TCGTCGTAAGCGTGTA,0
TCGTCGTTAAGACAAG,0
TCGTCTCGTCGCAGTC,0
TCGTCTCTCACAGATC,0
TCGTCTTAGTACCAGG,0
TCGTCTTTTTGATAAC,0
TCGTGACTATAACCAT,0
TCGTGCATCCTAGCTC,0
TCGTGGTAAGACAAAT,0
TCGTGTAACAAATAGA,0
TCGTTAACAGTCAACT,0
TCGTTAATAGCCAACC,0
TCGTTACACACTTTTC,0
TCGTTACAGAAGTAAA,0
TCGTTACCAATTCCAC,0
TCGTTAGATAGCTGCA,0
TCGTTAGCAGAAAAAT,0
TCGTTAGCATGTCCAA,0
TCGTTCAAACCCCCAA,0
TCGTTCAATTGGCATT,0
TCGTTCACGATTTCGC,0
TCGTTCATATCAACTG,0
TCGTTCGAGAACCCCC,0
TCGTTCGTACTCACTA,0
TCGTTCGTACTTATTG,0
TCGTTCTCTACAACCC,0
TCGTTGACGATCCTAT,0
TCGTTGCAAACTAGAG,0
TCGTTGCCAAAACGCC,0
TCGTTTACCTATTACA,0
TCGTTTAGTCGTCACT,0
TCGTTTATAAAACACG,0
TCGTTTCCCCTAAAGA,0
TCGTTTTACGCTTAAA,0
TCTAAAAACTTTACAA,0
TCTAAAAGACTTTGGA,0
TCTAAAAGGAATCGAA,0
TCTAAAAGGGAAAACA,0
TCTAAAAGTGCGAGTG,0
TCTAAACAAAAGACCA,0
TCTAAACCAACTAAAA,0
TCTAAAGAATCAGTGG,0
TCTAAAGACTTCCGTC,0
TCTAAATAATGCTGGA,0
TCTAAATACAATCCTG,0
TCTAAATACTGTAAGG,0
TCTAAATTAACCACCA,0
TCTAAATTACCTTCAC,0
TCTAAATTTTGCCACC,0
TCTAACAATCAGTATC,0
TCTAACATAGTAAAAA,0
TCTAACTATAAAAAAA,0
TCTAACTCTAAAGGCG,0
TCTAACTGAAAACCAA,0
TCTAACTGCTACTTCG,0
TCTAACTTACCAACTA,0
TCTAACTTTAATTAAT,0
TCTAAGAAATAACATG,0
TCTAAGACACGTATTG,0
TCTAAGAGTCAAAATG,0
TCTAAGCACAAGTGGT,0
TCTAAGCCCTGCGTCC,0
TCTAAGGCGTAGAGAC,0
TCTAAGTTTACGGGTT,0
TCTAATAACTGCCATA,0
TCTAATACACTGTTAG,0
TCTAATATTAACTACC,0
TCTAATATTGACAAGT,0
TCTAATCCTATCTACA,0
TCTAATCGGAATTCCC,0
TCTAATCTAGTCAGAG,0
TCTAATCTGAACTATA,0
TCTAATGCTTACAGCT,0
TCTAATGGCACGGACA,0
TCTAATGTAAGACGTT,0
TCTAATGTCATAAACA,0
TCTAATGTGGAATACA,0
TCTACAAAAGTACTCA,0
TCTACAAACATGTGAT,0
TCTACAAACCATAAAA,0
TCTACAAATAACTTAA,0
TCTACAAATTTGCAAC,0
TCTACAAGGAAAAACA,0
TCTACAAGGATCTAGG,0
TCTACAAGTGCCGATT,0
TCTACACAGTAGACTG,0
TCTACACCGAAGATCA,0
TCTACACCGTGCACTG,0
TCTACACGTAGTTTAA,0
TCTACACTATAGACTC,0
TCTACAGATTATTGCC,0
TCTACAGCCTCCAATG,0
TCTACAGTTTTGTAGA,0
TCTACATAATTAATCT,0
TCTACATATCCTCAGG,0
TCTACATCGAACAGCA,0
TCTACATCTAACTGAG,0
TCTACATGGCACGGAA,0
TCTACATTGCCAAAAA,0
TCTACCAATTTCGATA,0
TCTACCACTGAATAAG,0
TCTACCGTGTTTTACA,0
TCTACGAATAACCAAT,0
TCTACGACTAAGCATA,0
TCTACGCCTTACAAAG,0
TCTACGCGGATATCTG,0
TCTACGTGCTGGGCCG,0
TCTACTAAACTCGCCC,0
TCTACTATACATAGGA,0
TCTACTGAAGAGGAAG,0
TCTACTGTCCGTCCGA,0
TCTACTTTTAAGCCTG,0
TCTAGAAAGGATGTTC,0
TCTAGAACCACAGACA,0
TCTAGAATTTCCGATC,0
TCTAGACCCCTCTACA,0
TCTAGATTAACAAGAT,0
TCTAGCCAGTAAATAT,0
TCTAGCGGACTTTCCT,0
TCTAGCTACTAATAGT,0
TCTAGCTAGCGACCAT,0
TCTAGCTCAAACTGCC,0
TCTAGGAATCTACATT,0
TCTAGGATCCAAAATT,0
TCTAGGTGCCAATTCA,0
TCTAGGTTTATTTTAA,0
TCTAGTAGACCAAAGA,0
TCTAGTCACCAGCCCG,0
TCTAGTCCCTGTATGT,0
TCTAGTCTGTATAGCT,0
TCTAGTTTGTAGTCAG,0
TCTAGTTTTCATGGCC,0
TCTATAAGTTTCGTAT,0
TCTATAATAAATATAA,0
TCTATAATTCATAGGT,0
TCTATACCACATTGAA,0
TCTATACTTTAACAGA,0
TCTATAGACAGATGTA,0
TCTATAGCAGGTCTCA,0
TCTATAGGACAATCAG,0
TCTATAGTTATAAATG,0
TCTATATCTACTAGAT,0
TCTATATGCCTGTGCA,0
TCTATCAATATGTGTA,0
TCTATCACCTGCATTA,0
TCTATCTATCATAAGA,0
TCTATCTTTATGCGAT,0
TCTATGACATATTACA,0
TCTATGCTCCGAACCA,0
TCTATGGTACTAGTTA,0
TCTATGTCGTTCTACA,0
TCTATGTGACGAGCCA,0
TCTATTAAAACAACAT,0
TCTATTAAAATGTGAG,0
TCTATTATATACGTCA,0
TCTATTGAAGTAATCC,0
TCTATTGTCAAGTCCG,0
TCTATTTATTAGGTAA,0
TCTATTTCTCCTACTT,0
TCTCAAAATAGAAGAA,0
TCTCAACATAGTTGTT,0
TCTCAACCAAAGGAAT,0
TCTCAACCAACTTCAC,0
TCTCAACTACAACACG,0
TCTCAAGGTCGGTAAT,0
TCTCACAAGCGATTTA,0
TCTCACACTTTAAAAC,0
TCTCACAGAGTAGCAA,0
TCTCACGAGTGATGCT,0
TCTCACGCCAGCAAAC,0
TCTCACTGGGCGATAA,0
TCTCACTGTTTAATAA,0
TCTCAGAAAAGCTCAA,0
TCTCATAAATCATGAC,0
TCTCATAATCAACCCC,0
TCTCATAATTTCAAGA,0
TCTCATAGGGCTCCTT,0
TCTCATATAAATAAGG,0
TCTCATCAATACCCGA,0
TCTCATCCCGGGGCTA,0
TCTCATTAATGCATCA,0
TCTCATTCGGCGAAAC,0
TCTCCAACCACTGAAA,0
TCTCCAATAAAGTAAC,0
TCTCCACTGCGGGGCC,0
TCTCCAGATACTGTTA,0
TCTCCAGCCGTCTTCA,0
TCTCCATACACTGTAA,0
TCTCCATGGAGACACA,0
TCTCCATTCACCTAAA,0
TCTCCATTGCACACAG,0
TCTCCATTTTTAATAG,0
TCTCCCAAACCTTAAC,0
TCTCCCATCATGCAAT,0
TCTCCCGAGGCACGAT,0
TCTCCCGGTCAAATAG,0
TCTCCGCTTATAAAGA,0
TCTCCGCTTCGGGCCC,0
TCTCCTAAGGGTCAAA,0
TCTCCTCAACGCATTA,0
TCTCCTGAAGACGCAG,0
TCTCGAAATTAGATGG,0
TCTCGAACATAAACGA,0
TCTCGAAGAATTTGAG,0
TCTCGAATACCGAGGA,0
TCTCGAATCTCCACCA,0
TCTCGACTATACCTCA,0
TCTCGAGACGTCAGTA,0
TCTCGAGGGATCCTGC,0
TCTCGATAAACACCGC,0
TCTCGATCAAACCAAA,0
TCTCGCAAAGTCTACA,0
TCTCGCGCTATGTAAC,0
TCTCGCTAAAGAATGT,0
TCTCGGTTGTTACCTA,0
TCTCGTGCTGTGATCA,0
TCTCGTGTCATCCATG,0
TCTCGTTAGAATACAG,0
TCTCGTTCTTAACAAG,0
TCTCTAGAAGCGAATA,0
TCTCTATATCTCATTG,0
TCTCTATTGCACCAGC,0
TCTCTCATATTAGGAA,0
TCTCTCCCTTGCTGAA,0
TCTCTCGGAGCACACT,0
TCTCTCGTAATCATTA,0
TCTCTCTTATTATTAG,0
TCTCTGAAAGGAAAAC,0
TCTCTGAATCGAGCCA,0
TCTCTGCGGTCGCCTC,0
TCTCTGGTTCCATACA,0
TCTCTTAAACATAGCA,0
TCTCTTAGATTCAGCA,0
TCTCTTAGCTCGGAAG,0
TCTCTTATCAGAATCA,0
TCTCTTCCGGAGGAAC,0
TCTCTTGTATACTTAT,0
TCTGAAACAAAGTCAA,0
TCTGAAAGGGTTGGCA,0
TCTGAACAACCCCAAC,0
TCTGAACCAAGCCGCC,0
TCTGAACCCAAAAACT,0
TCTGAACCTAGAATAA,0
TCTGAACTCAAAATTA,0
TCTGAAGCTAGAACTC,0
TCTGAATAACCCTAGC,0
TCTGAATAATAGAGCT,0
TCTGAATACTCAACAG,0
TCTGAATATTTGATAG,0
TCTGAATGCGAGAAGA,0
TCTGAATGTCAGATGA,0
TCTGACACTTGAAAAA,0
TCTGACCCAACTATGT,0
TCTGACCCACCAGTGT,0
TCTGACGAGTCAAATA,0
TCTGACGATCAAGTCT,0
TCTGACGGACTGGCTA,0
TCTGAGACGAGGTTAG,0
TCTGAGAGCGAACACG,0
TCTGAGCCATGAATAA,0
TCTGAGGGCAAACACT,0
TCTGAGTGAATTTACT,0
TCTGAGTTATTTAAAA,0
TCTGAGTTTCCCCGTA,0
TCTGATAAGATCCTGA,0
TCTGATATGACATGAT,0
TCTGATCCAGTTGTTG,0
TCTGATCCGACCAGGC,0
TCTGATGAACATCATG,0
TCTGATTTAAACCGCA,0
TCTGCAAAACATAGGA,0
TCTGCAACCAGGGACC,0
TCTGCAAGCCATATCG,0
TCTGCAATTTACCGGA,0
TCTGCATTAGTACCAC,0
TCTGCCAACATGATAT,0
TCTGCCAGACTGCGGC,0
TCTGCCTTAACAAATA,0
TCTGCGAAGTGTGATC,0
TCTGCGAGGAAAGTTA,0
TCTGCTATTTATACGC,0
TCTGCTGAACCGAACC,0
TCTGCTGCTCTAAGCA,0
TCTGCTTCATAAAGGT,0
TCTGGAAACGTCAGAA,0
TCTGGAATGTGACCAC,0
TCTGGAGAATCTTCAT,0
TCTGGATCTGGGCCGA,0
TCTGGATTGCAAACTC,0
TCTGGCATCCAAGATT,0
TCTGGCCTATCTCCTA,0
TCTGGCCTGGGATGGT,0
TCTGGCTTGAAAAACT,0
TCTGGGGAATACACAT,0
TCTGGGTCTAACCAGC,0
TCTGGTAAGTTCAAAC,0
TCTGTAAAAATGAATA,0
TCTGTAAATTAACCAG,0
TCTGTAATATACGCGC,0
TCTGTACCATAGGATA,0
TCTGTACTGCACAATC,0
TCTGTCCTTAAAAGAG,0
TCTGTCGCAAACTCGT,0
TCTGTCTAAGGAATAA,0
TCTGTCTACCTTTTCG,0
TCTGTGAACATACATA,0
TCTGTGATGAACCTCA,0
TCTGTGCCAGGACTAA,0
TCTGTGGAGAACAATA,0
TCTGTGGATAAGAAAA,0
TCTGTGGCCAAAATTG,0
TCTTAAACTAGACGTT,0
TCTTAAAGGAAGAGAC,0
TCTTAACCAGCGTTCC,0
TCTTAACGATTTCCCA,0
TCTTAACTTTGTAAAC,0
TCTTAAGAAACCGCGG,0
TCTTAAGATTTCTATA,0
TCTTAATAATTTAGAA,0
TCTTAATGTCTTGATT,0
TCTTAATTATGAGCTA,0
TCTTAATTTTATAAGC,0
TCTTACAAATCCTACA,0
TCTTACAAATCGGGGG,0
TCTTACCACCCTTGAG,0
TCTTACTCCGTCGGCT,0
TCTTACTCTAGAAGGG,0
TCTTAGCAGCTCACAT,0
TCTTAGCTAAATGCTA,0
TCTTATCGGACCCTAC,0
TCTTATCTATGTAGAT,0
TCTTATGATCCAAGCA,0
TCTTATGGAATCTTCT,0
TCTTATGGACGTTAAG,0
TCTTATGGTGAGAACG,0
TCTTATTACTAATTCT,0
TCTTCAAAACTGCCAT,0
TCTTCACAACATACAT,0
TCTTCACAGGTTATTT,0
TCTTCACAGTGAATGT,0
TCTTCACGACCTTAAA,0
TCTTCATACTAATTAA,0
TCTTCATATCCCAATA,0
TCTTCCCACTTTCGTT,0
TCTTCCCGAGTACAAG,0
TCTTCCGCAACATCGA,0
TCTTCCTGGTCCTTCG,0
TCTTCCTTAATGGCAA,0
TCTTCGGGAATATACG,0
TCTTCGTTATGCACGG,0
TCTTCTAACTTGACTA,0
TCTTCTCTCTGACGAA,0
TCTTCTTCGAATGTCT,0
TCTTCTTTTAAACTAT,0
TCTTGAAAACGTACGT,0
TCTTGAAACAAATCAA,0
TCTTGAAGTTTTTCAC,0
TCTTGACAGATTAGCA,0
TCTTGACCCAAATTAA,0
TCTTGAGTTAATTAAC,0
TCTTGATAGGTAACGA,0
TCTTGATATCAGTTTA,0
TCTTGATGAGAGAGAC,0
TCTTGATTAATGAAAT,0
TCTTGATTCACATAGA,0
TCTTGCAATCCAGCAG,0
TCTTGCATAAGGTGAG,0
TCTTGCTACCAATGAG,0
TCTTGCTGAAAAAAAA,0
TCTTGCTTTACAAAAC,0
TCTTGGAATCAGACGA,0
TCTTGGAGAGACATAG,0
TCTTGGCGTATTTCCG,0
TCTTGGTGTACTGTCT,0
TCTTGTACTTGACATA,0
TCTTGTCGGAGTGGGC,0
TCTTGTTGCATTGTAA,0
TCTTTAAATAAAGTCG,0
TCTTTAACGAGAAGAG,0
TCTTTACAACATATAC,0
TCTTTACAATGCTCCT,0
TCTTTACTCACCAATG,0
TCTTTAGCATATTCAT,0
TCTTTAGCGGAGCTAT,0
TCTTTAGCTTGAATAC,0
TCTTTAGTCTTTAAAA,0
TCTTTATTTGTATTTA,0
TCTTTCAAATAATAGC,0
TCTTTCGGTAGCACGA,0
TCTTTGACCTTTTTAA,0
TCTTTGAGGGGATAAT,0
TCTTTGCCAATACATG,0
TCTTTGGGATCTGCAC,0
TCTTTGGTAGAACTAG,0
TCTTTGGTTTAATTAA,0
TCTTTTCTCGCCTAAA,0
TGAAAAAAAGAGGTTA,0
TGAAAAAACGTATTGA,0
TGAAAAAAGATCTGGA,0
TGAAAAAATAAGGGAC,0
TGAAAAAATCATAGAA,0
TGAAAAAATTGATTTG,0
TGAAAAACCCAACTCT,0
TGAAAAACCCGAGGAC,0
TGAAAAACGCGATTAA,0
TGAAAAATATCAAACA,0
TGAAAAATCAACCTAG,0
TGAAAAATTTAAAACT,0
TGAAAACAAAGTAAGA,0
TGAAAACAAGACACGC,0
TGAAAACAAGGAATTA,0
TGAAAACACGCGGTGA,0
TGAAAACACTAATCTA,0
TGAAAACACTTCCAAA,0
TGAAAACATCCTAGAT,0
TGAAAACTAGATTGAA,0
TGAAAACTGTATACGG,0
TGAAAAGCAATAGAAT,0
TGAAAAGCAATAGGAT,0
TGAAAAGCTAAACCGA,0
TGAAAATAAAGTAACG,0
TGAAAATAGCACCCGT,0
TGAAAATAGGCACCTG,0
TGAAAATCAAGTGCAG,0
TGAAAATCACCCTTCA,0
TGAAAATCTCATTATA,0
TGAAAATTGAACAAAG,0
TGAAAATTGTAGATTT,0
TGAAACAAAGCCCAAC,0
TGAAACAAGGCCTGAG,0
TGAAACACTACAGCAA,0
TGAAACCACAGGCCAC,0
TGAAACCCCCGTGAGG,0
TGAAACCGGATTAAAA,0
TGAAACCGGGAAATGT,0
TGAAACCTTGCGATGG,0
TGAAACGACGCTGCTC,0
TGAAACGTTTCAATAA,0
TGAAACTAAAAATGCT,0
TGAAACTAGACTAAAA,0
TGAAACTCGTAAAGAT,0
TGAAACTGCATATCTG,0
TGAAACTTCCCTGAAA,0
TGAAAGAACGAGTGTT,0
TGAAAGAACGTGACCC,0
TGAAAGACAGACCTAT,0
TGAAAGATTCGCAAGC,0
TGAAAGCAATACGTAC,0
TGAAAGCATCTTAATC,0
TGAAAGCGCAACGCTT,0
TGAAAGGGTGTTTCTA,0
TGAAAGTAAAGATGAA,0
TGAAAGTCTCCGGGAA,0
TGAAAGTTAAGGGATA,0
TGAAATAGACACGTCA,0
TGAAATAGTGATTTAA,0
TGAAATATACGACGTG,0
TGAAATCACGACCCGC,0
TGAAATCATAAACGGG,0
TGAAATCCATACAGAG,0
TGAAATGACCGTTCGG,0
TGAAATGGGAGATCCA,0
TGAAATTATAGTAATA,0
TGAAATTATTACATAA,0
TGAAATTCGCGATAAA,0
TGAAATTCGTAAATAA,0
TGAAATTTGTGACAGA,0
TGAACAAAATTTCTAA,0
TGAACAAACACCGAAT,0
TGAACAAGTACTCCCC,0
TGAACACAACATAAAC,0
TGAACACTAATCATCA,0
TGAACACTGCTATCAA,0
TGAACACTTAAGCTCG,0
TGAACACTTCAAAAAT,0
TGAACATAAAAGATAG,0
TGAACATTGTAACACC,0
TGAACCACTATATGAA,0
TGAACCAGACATTATA,0
TGAACCCTCTGGCTGT,0
TGAACCCTTAAAGGAT,0
TGAACCGAGAGTTTAT,0
TGAACCGCTTACGATT,0
TGAACCGTCAAATAAT,0
TGAACCTAAAGATCAT,0
TGAACCTCTCTCTAAA,0
TGAACCTGGAAATAGA,0
TGAACGACGAAATCTA,0
TGAACGACGACTCATC,0
TGAACGACGATTGCGC,0
TGAACGCACAAGAGAT,0
TGAACGCTGATGCGGC,0
TGAACGGCTGGGAAAT,0
TGAACGTGCATGATGA,0
TGAACGTTGAGTTACA,0
TGAACGTTTACATTTT,0
TGAACTACTCTTCATT,0
TGAACTAGATCTAGAT,0
TGAACTCCACACGGGG,0
TGAACTCTCCAGAATG,0
TGAACTTCCTCCTTAT,0
TGAACTTCTAAAAATC,0
TGAACTTGTAGGATTA,0
TGAACTTTATCATATT,0
TGAACTTTGAAGTTGA,0
TGAAGAAGGAGTAGCT,0
TGAAGAATAAAATTGA,0
TGAAGAATATCAACTC,0
TGAAGAATATGAAACA,0
TGAAGAGCAGAACGCC,0
TGAAGAGTCCCACCGC,0
TGAAGATGCAGACGAC,0
TGAAGATGGTATTGTA,0
TGAAGATTCATCAATC,0
TGAAGATTTACGAACA,0
TGAAGCAAAGCAATGT,0
TGAAGCAATAGCACAG,0
TGAAGCACCTTATAAG,0
TGAAGCAGGTGCTTAT,0
TGAAGCATCCAGGCAT,0
TGAAGCATGAGAAACT,0
TGAAGCATGAGTTGCC,0
TGAAGCATGATACAAA,0
TGAAGCGATACACCCG,0
TGAAGCGATATAGCTC,0
TGAAGCTCCTTATTTG,0
TGAAGCTCCTTGAAAA,0
TGAAGCTTCGCTTCTG,0
TGAAGGAAATAGCACA,0
TGAAGGAACTTTATGA,0
TGAAGGCTACACAAGT,0
TGAAGTAATAGCGTGC,0
TGAAGTACATGCACAA,0
TGAAGTATCTCAAGCC,0
TGAAGTATGCGACTAC,0
TGAAGTATTGCAACAG,0
TGAAGTCAGATATAGC,0
TGAAGTCTGTGCCATG,0
TGAAGTCTTAACAAAG,0
TGAAGTTCAAATTATA,0
TGAAGTTTGACAATTG,0
TGAATAAAAATAGGGC,0
TGAATAAAACAGCACA,0
TGAATAAATCTGACAC,0
TGAATACATACTTTTT,0
TGAATACCCCTGGAAT,0
TGAATACCGTATGTCA,0
TGAATACTACCGATGA,0
TGAATACTATTACGAT,0
TGAATAGCCAACTTCA,0
TGAATAGCTGTGTATA,0
TGAATATAATAGGCTG,0
TGAATATACCTAAATC,0
TGAATATATATATGGA,0
TGAATATATCAAGCAC,0
TGAATATGAGAAAATG,0
TGAATCACCTTAATGA,0
TGAATCATCTATTATC,0
TGAATCATGAAATCCA,0
TGAATCCAAACTACAC,0
TGAATCCCATTAACAA,0
TGAATCCGCGCCTGAT,0
TGAATCCTTCCACAAG,0
TGAATCGACTGTCTCA,0
TGAATCGAGCATAGAG,0
TGAATCGGGGCAACCC,0
TGAATCGGTACACCCT,0
TGAATCGTTCTGGAGC,0
TGAATCTCAGTATACT,0
TGAATCTGGTTAGACA,0
TGAATCTTACGCACAA,0
TGAATGACCGTGACGT,0
TGAATGATTCGTGAAG,0
TGAATGATTTGCCTAG,0
TGAATGCCGCTCGCAT,0
TGAATGGGAACACCAG,0
TGAATGGTACCGACCA,0
TGAATGTCAAAAACCT,0
TGAATGTCATTAAACT,0
TGAATGTCCATATTGT,0
TGAATTAATCCTAATG,0
TGAATTATAAACATCA,0
TGAATTCGTGGAAGTG,0
TGAATTCTAACGCTCC,0
TGAATTGAATGACCAC,0
TGAATTGTGACACTAA,0
TGAATTTAAACAAGAC,0
TGACAAAACCCCTAGT,0
TGACAAAAGAAAACAT,0
TGACAAACGAAGAGAT,0
TGACAAAGGTAAGAAC,0
TGACAACAACAAGCTT,0
TGACAACCAGACTTTA,0
TGACAACCCATTGACA,0
TGACAACCTATAGAAA,0
TGACAACGGTCGCATG,0
TGACAAGAAACCTAAA,0
TGACAAGATTTTAAAT,0
TGACAAGCCCAATGCA,0
TGACAAGTAAACACGA,0
TGACAATAATGACAAA,0
TGACAATAGGAGGTAA,0
TGACAATGAGCCCAGA,0
TGACACAACAAAATGA,0
TGACACAAGTGAAGCC,0
TGACACAATCTACAAG,0
TGACACCAACATGAAT,0
TGACACCACATGTAAA,0
TGACACCTGAGAAAAT,0
TGACACTAATAATACA,0
TGACACTCAGGTTTCT,0
TGACACTCCCAATGAA,0
TGACACTCTAAGAACT,0
TGACAGAAGCAGTTTA,0
TGACAGACGTGGAATG,0
TGACAGATCCATAGAC,0
TGACAGCATGTGTAAT,0
TGACAGGAGCAGCTAA,0
TGACAGTATGTAACTC,0
TGACATAAGTGTTGCC,0
TGACATAGACAGACTC,0
TGACATCGCAAAAGAT,0
TGACATCGCAATAAAT,0
TGACATCTAACGCTGT,0
TGACATGACATGGAGC,0
TGACATGCATTGGAGT,0
TGACATTAAAAACACC,0
TGACATTAAAGAAAAC,0
TGACATTTATGAATGT,0
TGACCAATGATGGACA,0
TGACCACATCTTCAAA,0
TGACCACATTCTCACA,0
TGACCACTCGGAATAA,0
TGACCAGTTCTAACCG,0
TGACCATTTCGCAAAT,0
TGACCCAAAGTTCCAC,0
TGACCCATTAGTCGAA,0
TGACCCTACTTTGCAC,0
TGACCCTATAGTCGTA,0
TGACCGAAACATGATA,0
TGACCGCCACACACCT,0
TGACCGGCTAAGTAAT,0
TGACCGGGAGGACACT,0
TGACCGGTGAATCTAC,0
TGACCGTCCTACCTCT,0
TGACCGTCGCCAAACA,0
TGACCTACGTTGACCC,0
TGACCTAGAATTGGTC,0
TGACCTAGATAGGAGG,0
TGACCTATTGATAACT,0
TGACCTTGTTATTCAT,0
TGACCTTTCACTAATG,0
TGACGACCTGAAGGAG,0
TGACGAGCGAAAGTGT,0
TGACGAGGCATAGCAC,0
TGACGAGTTACTGAGA,0
TGACGATAAAATGCAT,0
TGACGATCTAAAAATA,0
TGACGATGTCGAAGGG,0
TGACGCACTTTAAAGC,0
TGACGCAGTCGCTAGC,0
TGACGCTACGGATATT,0
TGACGCTGAGCCTTAC,0
TGACGGAACAAATTGA,0
TGACGGAAGTCGCTTG,0
TGACGGATACGTTATA,0
TGACGGCGATCGAGCT,0
TGACGGCTAAGTCACA,0
TGACGGTTCGAGTAGA,0
TGACGTGAACCAACGA,0
TGACGTGGTAATAAGA,0
TGACGTGGTACCATGA,0
TGACGTTTTGGATGTA,0
TGACTAAAGGCTGATT,0
TGACTAACTAGAATGA,0
TGACTAAGAAAGATAC,0
TGACTAATCGTTGTTT,0
TGACTACATTCCACCG,0
TGACTACGATAGTAAA,0
TGACTAGAAGAACAAA,0
TGACTAGCGAAATATT,0
TGACTATCAGTATCCA,0
TGACTCAAGCATAAAA,0
TGACTCACAGACAGGC,0
TGACTCACATCCCACA,0
TGACTCACTATTCCTA,0
TGACTCAGAACCATAA,0
TGACTCATGGCTACAC,0
TGACTCCGACGCTACA,0
TGACTCGAAGCGGAAT,0
TGACTCGGCGAAGACG,0
TGACTCTAAAAGCTTG,0
TGACTCTATGAGTAAG,0
TGACTGACATCTACAC,0
TGACTGCACAGAAAAA,0
TGACTGCTTCGAGCGA,0
TGACTGTCACCAAGCC,0
TGACTGTTATTAATGC,0
TGACTTAGGATAAGCC,0
TGACTTATAACCGCAC,0
TGACTTGAGAGCACGC,0
TGACTTTCCGGAAAGA,0
TGACTTTTTTTCAACA,0
TGAGAAAATAAGACCC,0
TGAGAAAATCTCTTCC,0
TGAGAAAATGAGATAA,0
TGAGAAAGATACTCGA,0
TGAGAAATGTTAAACT,0
TGAGAACATCATCAAG,0
TGAGAACATTTAGGCC,0
TGAGAACTAATAAGTA,0
TGAGAACTACCGCTTA,0
TGAGAACTACTTCATG,0
TGAGAACTAGAGGCCT,0
TGAGAAGACAAATCTG,0
TGAGAAGACGACTTGA,0
TGAGAAGATCACGAGC,0
TGAGAATGAGAACTTA,0
TGAGAATGGAAGAATC,0
TGAGAATTATTTTTTG,0
TGAGACATAGAATACA,0
TGAGACCGAGGCTAAT,0
TGAGACCTCTATGCTA,0
TGAGACCTGTGGCTAA,0
TGAGACTACTAAAGTA,0
TGAGACTCACCCATGA,0
TGAGAGAACTTGATAC,0
TGAGAGAAGTTCTCGT,0
TGAGAGAATAAAGACA,0
TGAGAGATGAAAAACG,0
TGAGAGCTAATTCGCT,0
TGAGAGCTGAACTACC,0
TGAGAGGCGTTTTCGA,0
TGAGAGGTAAACCGTT,0
TGAGATAAATTGACAC,0
TGAGATAACGCCTCTA,0
TGAGATCGAATATGAT,0
TGAGATGATACTAGAT,0
TGAGATGCGAATCGCC,0
TGAGATTAAACGTGCA,0
TGAGATTGAACAAGAG,0
TGAGCACCCCTCTTAG,0
TGAGCACGTATCTTCA,0
TGAGCACTAAGTATAT,0
TGAGCAGAATCACATA,0
TGAGCAGAATGACATT,0
TGAGCAGACCTCGATC,0
TGAGCAGTTGCGTGAT,0
TGAGCCACATAATAGA,0
TGAGCCACGGCCAGCT,0
TGAGCCAGTCGCTCCC,0
TGAGCCCAGCAGTATG,0
TGAGCCGTAACATAAA,0
TGAGCCGTCTCACTCA,0
TGAGCCGTTCAGTATT,0
TGAGCCTAAATTAAAA,0
TGAGCGAACCCAATGT,0
TGAGCGCTACACTACG,0
TGAGCGTAAACTCATC,0
TGAGCTATATATAGAC,0
TGAGCTGAAGCTCAGA,0
TGAGCTGGGGTAAAGC,0
TGAGCTTGCTTGATTC,0
TGAGGAAGTAATAGAG,0
TGAGGAATAAGAATCC,0
TGAGGACATGTGTAAA,0
TGAGGACGTCTGACCG,0
TGAGGAGATTGCGAAG,0
TGAGGAGCGAGCGCTT,0
TGAGGATTATTGCTAA,0
TGAGGGGCTTCAACCA,0
TGAGGGTACCAGTTGA,0
TGAGGGTACTGAAATA,0
TGAGGTAAAACAAGAG,0
TGAGGTAAACACGAAC,0
TGAGGTTCCCCGGTAA,0
TGAGTAAATCCACGAA,0
TGAGTAACGGACAATG,0
TGAGTAATGTAATAGA,0
TGAGTACAAACAAATG,0
TGAGTACCGGTGTACC,0
TGAGTAGATTTTTGCG,0
TGAGTAGTATTATATT,0
TGAGTATGATAGACTA,0
TGAGTCCAACATTGCA,0
TGAGTCCTGAACCACT,0
TGAGTCCTTTCTAATA,0
TGAGTCGTAGATTAAA,0
TGAGTGCTGAAATCAC,0
TGAGTGGAGCGAAATT,0
TGAGTGTGAGATACTT,0
TGAGTGTGCGCTTTAG,0
TGAGTTAACCGACGAG,0
TGAGTTATAAGCCTAG,0
TGAGTTATAATGAAAA,0
TGAGTTGCTGCCCCGA,0
TGAGTTGTGTCCCGCT,0
TGAGTTTATAGCGTAC,0
TGAGTTTTAAACCGAA,0
TGAGTTTTAAGCTTAG,0
TGAGTTTTCTGTAATT,0
TGAGTTTTTTAAGTAG,0
TGATAAACATAACTTA,0
TGATAAACTGCCTTCT,0
TGATAAATGCCACGAA,0
TGATAACCATGGACTA,0
TGATAACTCTGTTTAA,0
TGATAACTGTATACTG,0
TGATAACTTCTCTTGT,0
TGATAAGTAGGTAACA,0
TGATAATAAGATCACA,0
TGATAATAGATGCCCG,0
TGATAATCAAGTCATT,0
TGATAATCGCTTTCTA,0
TGATAATGCGATAGTT,0
TGATAATGTCGATAAG,0
TGATAATTATCTGCAC,0
TGATAATTGGGATACA,0
TGATAATTTGAATACC,0
TGATACAACCCTCGAA,0
TGATACAGACAGGGGC,0
TGATACATGAGACACA,0
TGATACGCAACTATAA,0
TGATACTCTCTCATAA,0
TGATACTTATTCTTAC,0
TGATACTTTTGTGATC,0
TGATAGAAAATTAATG,0
TGATAGAAAATTGATG,0
TGATAGAAATGGTGTA,0
TGATAGACGTATCTTA,0
TGATAGAGTATTCAAA,0
TGATAGAGTGTTAAAT,0
TGATAGGCAACAAAAG,0
TGATAGGCCAAAGTAC,0
TGATATAATAGAAACA,0
TGATATACACACACTG,0
TGATATACCCTGTGAA,0
TGATATACCTCAGAGT,0
TGATATACTAGGAACT,0
TGATATACTGATTCAA,0
TGATATAGATGGGCCC,0
TGATATAGATTAAAGG,0
TGATATGAAGCTGACA,0
TGATATGGACGCCTCC,0
TGATATTGTAAGACTC,0
TGATATTGTAGAGCTA,0
TGATATTTCAAGAGCG,0
TGATCAAAGCGAATAC,0
TGATCAACAAACCGGT,0
TGATCAACACACTTAA,0
TGATCAAGACATATTA,0
TGATCAATAGATCCAG,0
TGATCACAAATGGCGG,0
TGATCACTATAGGAAT,0
TGATCCACCCCAGAGA,0
TGATCCCACCATCTTG,0
TGATCCCATCATATGA,0
TGATCCTCCCATTTAA,0
TGATCCTGTGTATGAT,0
TGATCCTTAAAAACGA,0
TGATCGTACATAATTC,0
TGATCTACAAACCGCG,0
TGATCTACCCAGTACC,0
TGATCTCCTTCACAGA,0
TGATCTGATCGATATG,0
TGATCTGATTGCCTAC,0
TGATCTTGCTACAGAA,0
TGATGAAAACTAGCCC,0
TGATGAAAGTCAGGCT,0
TGATGAACTTCGGGTA,0
TGATGAAGAAGTACTG,0
TGATGAAGATCTTTAC,0
TGATGAAGCCGGAGCG,0
TGATGAAGGATTGTCG,0
TGATGAATGTTCACAA,0
TGATGACTGGAACACC,0
TGATGAGCACGATTAA,0
TGATGAGGGCGAACCA,0
TGATGCAAGGTATTCC,0
TGATGCATATCATTGA,0
TGATGCCATGTTCGGT,0
TGATGCCCTATATCTG,0
TGATGCCGGTCAGACA,0
TGATGCCGTGACATAA,0
TGATGCGCACCCTGTA,0
TGATGCTAATACTAAA,0
TGATGGATTCGTATCA,0
TGATGGCCTACAAGAT,0
TGATGGCCTGATGATG,0
TGATGGGACCACCTCC,0
TGATGGGCCTTTGAGT,0
TGATGGGTATAAATAT,0
TGATGTAGATCAACTT,0
TGATGTATTCTGCCGA,0
TGATGTGCCCGAATGC,0
TGATGTGTATAGTTTG,0
TGATGTTACATGCCGA,0
TGATGTTCACCGAAAT,0
TGATGTTTCGAACCAA,0
TGATTAAAGTGATGAT,0
TGATTAAATATTAGGA,0
TGATTAACTACGCAAT,0
TGATTACAAAAAGTAA,0
TGATTACGGAACGTGC,0
TGATTACGGCATGACC,0
TGATTAGAGTTACTCA,0
TGATTAGATATACGTC,0
TGATTAGGTAACCTGG,0
TGATTATTGAATCAGA,0
TGATTATTTATGCACT,0
TGATTATTTTTGCCTT,0
TGATTCAAAAAGACGA,0
TGATTCAACAACTAAT,0
TGATTCCGAGCCCGGC,0
TGATTCCGGAATTCAC,0
TGATTCCTATCCAATC,0
TGATTCCTTTATAAGC,0
TGATTCGTGCACGAAA,0
TGATTCGTTGCTCTAA,0
TGATTCTCTGTTTTAA,0
TGATTCTTATCAGCAT,0
TGATTGACTGCTCAAT,0
TGATTGCGCAAACCCC,0
TGATTGGAAATACTAA,0
TGATTGGAGCGAAAGA,0
TGATTGGTTCATGTCT,0
TGATTGTACTCCCTAA,0
TGATTGTAGCCGCACA,0
TGATTTAAATGTCAAA,0
TGATTTATAAGAGGTC,0
TGATTTCAACTCGAAA,0
TGATTTCAGATATAAG,0
TGATTTTAAACTACTT,0
TGATTTTATAAGATCG,0
TGCAAAACGCCGACTC,0
TGCAAAAGTTTACTTC,0
TGCAAAATACAAAGAA,0
TGCAAAATATGATTAA,0
TGCAAAATCTTGCTAG,0
TGCAAACACAACGGGC,0
TGCAAACACCTGTGAA,0
TGCAAACGCTAAGCGG,0
TGCAAACTCCAATACC,0
TGCAAACTCCGTAAAA,0
TGCAAACTTCACAACA,0
TGCAAACTTTCCCCCG,0
TGCAAAGCAAAGACAA,0
TGCAAAGTTAAGGTAC,0
TGCAAATAATTAATTA,0
TGCAAATGCTCAACAT,0
TGCAACATGCCTAAAT,0
TGCAACCCCATTACAA,0
TGCAACCCTTCCTACT,0
TGCAACTAAGTTAGAA,0
TGCAAGACCTCAGATA,0
TGCAAGATATATTAGC,0
TGCAAGCAAAAAGTCT,0
TGCAAGCAAGCTGATG,0
TGCAAGCACCTAAATT,0
TGCAAGCAGATACCCT,0
TGCAAGCCATTTCAAT,0
TGCAAGCCTATTGACT,0
TGCAAGGGTGGACCTT,0
TGCAAGGTCCTTTGCT,0
TGCAAGTAATCATGAG,0
TGCAAGTCGCTTTTCT,0
TGCAAGTCTGTAAGAA,0
TGCAAGTGACTATTAC,0
TGCAAGTTCGCAAAAA,0
TGCAATAAACAAACAG,0
TGCAATAAATGACACT,0
TGCAATCCTGAATAGA,0
TGCAATCTATCGCCTG,0
TGCAATGACCTTTACG,0
TGCAATTACAACAGTT,0
TGCAATTGTTACATTA,0
TGCACAAACAAGAAAA,0
TGCACAAATGAATGAA,0
TGCACAAGTTAAATGG,0
TGCACAATCAATTCAG,0
TGCACAATTATGATAT,0
TGCACACAAGAACGAC,0
TGCACATTAGGGTGGC,0
TGCACCAACTGCACAA,0
TGCACCAGGATACTTT,0
TGCACCGTTTAACGAT,0
TGCACCTAAGCATCTA,0
TGCACGATTGTAAAAG,0
TGCACGCCAAGTGTCA,0
TGCACGCGTAACCGTC,0
TGCACGGCAACGGATT,0
TGCACGTTAATGGGCA,0
TGCACTATACTAGAGG,0
TGCACTATATGTGGTT,0
TGCACTCAGACCAGAG,0
TGCACTTACCTGAAAA,0
TGCACTTCCGAAATTA,0
TGCAGAAACCGGCTAC,0
TGCAGAAGACTCCAGT,0
TGCAGAAGATATAATC,0
TGCAGAAGCCCGACAC,0
TGCAGAATACCAAAAA,0
TGCAGAATCCGAATTG,0
TGCAGAGGATAACTGG,0
TGCAGATGGAAGGCGT,0
TGCAGCAACCCGAGCT,0
TGCAGCAGGTTGTACA,0
TGCAGCTAGTCAGAGA,0
TGCAGGAAACTATACC,0
TGCAGGAACAATACAT,0
TGCAGGAGATAATGAA,0
TGCAGGGAACCAAAGT,0
TGCAGTAAGTAATTAA,0
TGCAGTCTTGATTGCC,0
TGCAGTGACATATAGA,0
TGCAGTGCTACTCGTA,0
TGCAGTGGATCGAAGT,0
TGCATAAATAAAGCAT,0
TGCATAAGCAGACTTC,0
TGCATAAGTATACTAG,0
TGCATAAGTTAGCTGT,0
TGCATACCTCCAAATT,0
TGCATAGAGCATACAG,0
TGCATAGCTCATCAGC,0
TGCATATATTAGAACC,0
TGCATATGAGAAGTGA,0
TGCATATTTACCCAGG,0
TGCATCAAAATTGACG,0
TGCATCAAACCGAATA,0
TGCATCATGGGATGGT,0
TGCATCCAAATAACGG,0
TGCATCCGCTGAGCAT,0
TGCATCGAAAACATCG,0
TGCATCTCTATTGACA,0
TGCATCTTTTATCTTA,0
TGCATGAAATAACTCG,0
TGCATGACAAGATTAA,0
TGCATGACGCTATCAT,0
TGCATGGGATCGATAC,0
TGCATGTTAAAAACGA,0
TGCATTCATAAAGCTT,0
TGCATTCCTGCACGCT,0
TGCATTCGCTTCCATG,0
TGCATTCTGAGCTAAA,0
TGCATTGAATAATGTG,0
TGCATTGCTATGTTTA,0
TGCCAAAACACTAGAA,0
TGCCAAAAGTATCGGA,0
TGCCAAACCCCTCCCG,0
TGCCAAATAAAGTCGG,0
TGCCAAATAAGAATCA,0
TGCCAAGTAACTTTTT,0
TGCCACAGGAGGACCG,0
TGCCACAGGGAGAAGT,0
TGCCACCCCAAACAGT,0
TGCCACCTTTAATCAA,0
TGCCACTAAATAAAAG,0
TGCCACTACTGTTACT,0
TGCCAGCTCCTCTGGC,0
TGCCAGGAAGGAATCT,0
TGCCAGGCATTAAATA,0
TGCCATAAGATTGACG,0
TGCCATACCCTAAAAA,0
TGCCATACTAATATCT,0
TGCCATTAAAACAAAA,0
TGCCATTAGAAACGCA,0
TGCCCAATAAGACGAA,0
TGCCCAATACTGGCAT,0
TGCCCAATATATTTAT,0
TGCCCACGACGAACAA,0
TGCCCAGGTCCACCAA,0
TGCCCCACCGCTAAAC,0
TGCCCCCCTCTCGACC,0
TGCCCCTTGGATAAAA,0
TGCCCGCATAAAGACA,0
TGCCCGCATCACCAAT,0
TGCCCGCGGCTCCCCA,0
TGCCCGCTTGATCGAA,0
TGCCCGTACGATAGCT,0
TGCCCGTGCTGGACCC,0
TGCCCTAACTGCTCAA,0
TGCCCTAGGTATATAG,0
TGCCCTATATACCCTT,0
TGCCCTATTCAGGTTT,0
TGCCCTCGTCTAAAGG,0
TGCCCTTGCAGGCCTT,0
TGCCGAAAAATACAAC,0
TGCCGACACTCGTAAT,0
TGCCGACACTTTCCCT,0
TGCCGACATCAACGCT,0
TGCCGACCGACCGAAG,0
TGCCGACGATCGTAGT,0
TGCCGAGAGGCTTTCA,0
TGCCGAGTTGAGCATG,0
TGCCGCGACCAACTGA,0
TGCCGCTAATTACCAT,0
TGCCGGGCACAACGAT,0
TGCCGGTACTCCTATA,0
TGCCGGTCAACGACAG,0
TGCCGGTTCTGAAAAG,0
TGCCGTCTGATGTCAA,0
TGCCTAAATAGCGTTC,0
TGCCTAGCAAAAGTAT,0
TGCCTATACCTCTTAA,0
TGCCTATATTTCAACA,0
TGCCTATCGATTAAAC,0
TGCCTCAATCGAAAGC,0
TGCCTCCTTAAATAAA,0
TGCCTCTTAACATTCA,0
TGCCTGCTAAGATCGA,0
TGCCTTATGCCCAATC,0
TGCGAAAGAAGATTTA,0
TGCGAAAGGTTTGGTC,0
TGCGAACATATAGGAA,0
TGCGAACTATATAAGT,0
TGCGACATCGCGAGCA,0
TGCGACCACCACCAAG,0
TGCGACCGACCTCGGT,0
TGCGACGCATGCGCAG,0
TGCGACGGAAAACAGA,0
TGCGAGAGTACCAGCC,0
TGCGAGATATGCATAT,0
TGCGAGCCCTAACCGT,0
TGCGAGCCTACTAAGA,0
TGCGAGTGCTGGATCT,0
TGCGATAACAGTTGGG,0
TGCGATAACATGTGCG,0
TGCGATCTTATAATAA,0
TGCGATGCAATCTGAA,0
TGCGATGGTACTTATG,0
TGCGATGTGAGACATC,0
TGCGCAAGACATATAA,0
TGCGCAATTTGTCTAC,0
TGCGCACCCTAACGAC,0
TGCGCACGCTCACCGA,0
TGCGCAGGCCAACAAC,0
TGCGCCAATAACACCA,0
TGCGCCTAACGTTTTA,0
TGCGCGAGTCTAATAA,0
TGCGCGGTCAACAATA,0
TGCGCTAACAATGAGA,0
TGCGCTACGGGGTAGG,0
TGCGCTAGACCCTTCA,0
TGCGCTGATGAATGTG,0
TGCGGAAAGTTTAATT,0
TGCGGAACGCACTATT,0
TGCGGAACGGAAACAC,0
TGCGGACAAATAGTGA,0
TGCGGACACAGCCTAA,0
TGCGGATGAACTAACG,0
TGCGGGAAGTTATATC,0
TGCGGGAGTACCCGAT,0
TGCGGGCAACCCCTAC,0
TGCGGGCTACGTAGGA,0
TGCGGGGTTTACTCCG,0
TGCGGGTTTATCATAT,0
TGCGGGTTTCCAAAAT,0
TGCGGTACAAGCCATG,0
TGCGGTATCCTTTGAA,0
TGCGGTCGACTCTAAT,0
TGCGGTGTAGATTGAT,0
TGCGTAATGACAAACT,0
TGCGTACGGTATAGAT,0
TGCGTAGACTTCGGCT,0
TGCGTATTAGCCAATG,0
TGCGTATTCACACCAA,0
TGCGTCTGACGACAAC,0
TGCGTGACTACCAATT,0
TGCGTTAATCAGTTAT,0
TGCGTTGAAAACCCTA,0
TGCGTTGCTATGGAAA,0
TGCGTTGTATTAAAGG,0
TGCGTTTAGCAACACA,0
TGCTAAAACATCTAAA,0
TGCTAAATCTAGTCTA,0
TGCTAACATCTAAGAC,0
TGCTAACCACAACGAA,0
TGCTAACCTGGGTTAC,0
TGCTAACGGCACTAAG,0
TGCTAAGACCAATTAA,0
TGCTACAAGAGCCTAA,0
TGCTACATGCTCATTA,0
TGCTACCATGTGAATT,0
TGCTACCCATAATTAA,0
TGCTACGAAGTCTCAC,0
TGCTACTGGAGGACCA,0
TGCTACTTAAGAAAGT,0
TGCTAGATAGCCATCC,0
TGCTAGCCCATTTGCC,0
TGCTAGCCCTAATAGC,0
TGCTAGCTAACTGACC,0
TGCTAGCTTATAAGGA,0
TGCTATAAAAATCTAT,0
TGCTATAATACCTACC,0
TGCTATATATTAGGAT,0
TGCTATATTTACCAGA,0
TGCTATCTTTATAAAA,0
TGCTATGTACGCAGCA,0
TGCTCAAACAATACCA,0
TGCTCAACTGCTTACG,0
TGCTCAAGCGTATTAC,0
TGCTCAATATGTAAGT,0
TGCTCAATTTGGTCAT,0
TGCTCACCTCACTTCG,0
TGCTCACGTTAGACGA,0
TGCTCATAGTAGACTG,0
TGCTCATCGTGATCAT,0
TGCTCCACAATATAGG,0
TGCTCCAGTATCTGAA,0
TGCTCCCACGAGATAC,0
TGCTCCCCTAAACCGA,0
TGCTCCTCAACGTATT,0
TGCTCGCTTCAACAAA,0
TGCTCGTACTCAAAGG,0
TGCTCTAATTCTTTTA,0
TGCTCTAGATAACTAG,0
TGCTCTCCATTTGCTG,0
TGCTCTCTACTGAATA,0
TGCTCTGATAACGTCA,0
TGCTCTTGGTGGCGTT,0
TGCTCTTGTAATTTCC,0
TGCTGAAAATAACAGT,0
TGCTGAACTACCCAAC,0
TGCTGACCACCCTCAA,0
TGCTGATTCGTTCAGG,0
TGCTGCAATTATGAGC,0
TGCTGCCAAAAAGTAG,0
TGCTGCTAAGTTAACG,0
TGCTGCTGATGCCTAA,0
TGCTGTATCCTTTAGA,0
TGCTGTCCAATCTCCG,0
TGCTGTGAGATCAGAA,0
TGCTTAAAACACTATA,0
TGCTTATGATATGAGT,0
TGCTTATTTAACGCGA,0
TGCTTCAACCCGGTGT,0
TGCTTCTATAGTACCG,0
TGCTTCTTACCGAATA,0
TGCTTGAAATTTTATA,0
TGCTTGGGCTCGGCCA,0
TGCTTGGGTACATCAT,0
TGCTTGTCAGTCGTAT,0
TGCTTTAAAGCCAGCT,0
TGCTTTAAATAAGAAA,0
TGCTTTCACTAATGAG,0
TGCTTTGTGTGGTACC,0
TGCTTTTGTAAAACAT,0
TGGAAAAATACAATAA,0
TGGAAAACAAAGCAAA,0
TGGAAAACTACTCAAT,0
TGGAAAATAATGGATG,0
TGGAAAATACAGAGCA,0
TGGAAAATCGAACTTC,0
TGGAAACAGTGGCAAA,0
TGGAAAGAAAACAATC,0
TGGAAATAATGGCTAC,0
TGGAAATACGACGCAG,0
TGGAAATCTACATACT,0
TGGAAATTAGTTACCT,0
TGGAACAATTCACTCC,0
TGGAACAATTCGTCTA,0
TGGAACACTACGAAAA,0
TGGAACATACCTCCAA,0
TGGAACCCACCTAATA,0
TGGAACGGTTCAAAAC,0
TGGAACTCCTTCTCAT,0
TGGAACTTAATCGTTG,0
TGGAACTTCACAAAGA,0
TGGAAGAACCGAACAA,0
TGGAAGAAGTAGGCCA,0
TGGAAGCCGGACGGAT,0
TGGAAGTGCAAGAATA,0
TGGAAGTTTATCATTG,0
TGGAATAAATGTGGCA,0
TGGAATCATGTATACT,0
TGGAATGATAAAAATC,0
TGGAATGATAATAAAT,0
TGGAATGCTCATTACA,0
TGGAATGGACACCGTA,0
TGGAATGTATAAAACG,0
TGGAATGTGGAAAAAC,0
TGGAATTTTTACTAAA,0
TGGACAACAACAAAAA,0
TGGACAACACACGTAA,0
TGGACACCGATTCGAC,0
TGGACACGATACTAGC,0
TGGACACGCAAGGAAA,0
TGGACACGCTCGCGCG,0
TGGACAGATCCATACG,0
TGGACATGTCCTACAG,0
TGGACCAAAGCAGGTA,0
TGGACCAAGACGAAAT,0
TGGACCAATTTACTAT,0
TGGACGATACTAAAAC,0
TGGACGTATCACACTA,0
TGGACTAAGTAAGCTC,0
TGGACTACACATGGTG,0
TGGACTATCGCCTTAT,0
TGGACTCTATAAAGAC,0
TGGACTTTAAAATCTC,0
TGGACTTTTGATAGCG,0
TGGAGAACAATTTGAC,0
TGGAGAACGCGAACCC,0
TGGAGACACAATTTTC,0
TGGAGACGAAAAGGGA,0
TGGAGACTCCTTAAGA,0
TGGAGACTGTTAAAAC,0
TGGAGAGAGTGAGAGA,0
TGGAGATCAATGCTCG,0
TGGAGATGCATAGCAC,0
TGGAGATTCTGTATAA,0
TGGAGCCACCAATATT,0
TGGAGCCATTAGTCCC,0
TGGAGCGCAATCCTGA,0
TGGAGCTGTCCCGAAT,0
TGGAGCTTACATTCGA,0
TGGAGGACAATTGTCG,0
TGGAGGCACTGACTAC,0
TGGAGGCCTAAGTTTT,0
TGGAGGCTTCTGCCTC,0
TGGAGTACAAAAATAT,0
TGGAGTCAAGTAACGA,0
TGGATAAACCTAATGA,0
TGGATAAACGAGTAGA,0
TGGATAACAGATATAA,0
TGGATACAATTGTACA,0
TGGATACATATGAAGC,0
TGGATACCGAGCTAAG,0
TGGATATCATACGAAT,0
TGGATATTACAGTATA,0
TGGATCAAGAAAACTC,0
TGGATCAATCTAGCGA,0
TGGATCCCATTTAGAC,0
TGGATCTTTGTGACTT,0
TGGATGAAAATAGGCA,0
TGGATGAAAGTGTTAC,0
TGGATGAGATGTCCTT,0
TGGATGATCTATAAAA,0
TGGATGGAAACGTAAC,0
TGGATGTACCGTTGTT,0
TGGATGTCACCACTAA,0
TGGATTACATTCCAAC,0
TGGATTCGCATTCACG,0
TGGATTTCTGCTAAGT,0
TGGCAAAACTGCAATT,0
TGGCAAACAACTATTG,0
TGGCAAAGCAGTACCC,0
TGGCAAATGAGCCGTC,0
TGGCAATTAAATCTTG,0
TGGCACCTTAGCCAAA,0
TGGCACGGTAACTATC,0
TGGCACTCAGTAAATA,0
TGGCACTCGAAGAAAT,0
TGGCACTTTTCACCCC,0
TGGCAGAGGAACATAA,0
TGGCAGAGTCACAACA,0
TGGCAGCGTACCGGTT,0
TGGCAGGACCATAGCA,0
TGGCAGTAACGTCTGT,0
TGGCATGTCAGTAGAC,0
TGGCATTAATGCAATC,0
TGGCATTATTAAGGTC,0
TGGCCAATTCCCCTCC,0
TGGCCACTAATACCAA,0
TGGCCACTCTTACCCC,0
TGGCCAGAGCTATTAT,0
TGGCCATAGGGGATCG,0
TGGCCCGTGAGAGTGA,0
TGGCCCTCATACCGTC,0
TGGCCGATACATATTA,0
TGGCCTATCAAAACCT,0
TGGCCTGCAGGACGTG,0
TGGCCTTAACACGCCG,0
TGGCGAAAGATCATGT,0
TGGCGATCTCAATCTA,0
TGGCGCCACGGCATAG,0
TGGCGCGATACTTGCC,0
TGGCGGAATGAAATTA,0
TGGCGGCACCTTAAAT,0
TGGCGTAACAGATTTA,0
TGGCGTACCGCAAAAT,0
TGGCTAAATTGACCAA,0
TGGCTCGCACGAGCGC,0
TGGCTCTAAATACTCA,0
TGGCTCTCGCTAGTGA,0
TGGCTGATGCCCACAA,0
TGGCTGCCTATCATAC,0
TGGCTGTAGATTTACG,0
TGGGAACCCCGGCTGA,0
TGGGAACCCTTTATCT,0
TGGGAACTATGTATTA,0
TGGGAATATAATATCA,0
TGGGACAAACTATAAT,0
TGGGACAAGCACGTAC,0
TGGGACAGTGGCACGG,0
TGGGACCAACTCCTAT,0
TGGGACCGCGAGGCTA,0
TGGGACGCATCAAAGG,0
TGGGAGTTTTAGGTCA,0
TGGGATAACCCAAAGC,0
TGGGATAAGAGATTAT,0
TGGGATATGGAAAACA,0
TGGGATCCTCTTTTGA,0
TGGGATGTGCAAAAAT,0
TGGGATTTGAATTATC,0
TGGGCAAAACTTAACA,0
TGGGCAACACAACCTA,0
TGGGCATATTAAGCAG,0
TGGGCATGATATCCAG,0
TGGGCCGCAGACCTCA,0
TGGGCGAGGCTAACCG,0
TGGGCGGTTATAGATC,0
TGGGCTAAATGTCTGC,0
TGGGCTAATATACGCG,0
TGGGCTATTGCTCAAG,0
TGGGGAACTTCAACAT,0
TGGGGATATTTGTGAC,0
TGGGGCAATGTTGGAA,0
TGGGGGTGAATAATCA,0
TGGGGTGCTAGAAGAC,0
TGGGTAACTACTCTGA,0
TGGGTAGGTCGTGACG,0
TGGGTATGGCGTGCTT,0
TGGGTCCAAAATAATG,0
TGGGTGCAGTAATGGG,0
TGGGTGGAATGTCCTG,0
TGGGTTACCCTAACGA,0
TGGGTTATTCCAAAAT,0
TGGGTTGTATGAAGCC,0
TGGTAAAAAAAAAGAG,0
TGGTAAAATTTTACAG,0
TGGTAAACCAGACACT,0
TGGTAAACTTCTGTAA,0
TGGTAAATAATAATAA,0
TGGTAACAATAAATTT,0
TGGTAACCAATTATAG,0
TGGTAACGCAACTCCA,0
TGGTAACGTTATCCTA,0
TGGTAAGAGATCCGGA,0
TGGTAATATAAGAACG,0
TGGTACATTGACACAA,0
TGGTACCGTTTAATAG,0
TGGTACTTCGAAGCAT,0
TGGTAGATAACTGGGC,0
TGGTAGCGTGATACAC,0
TGGTATAGTAGCAGTC,0
TGGTATATGTAAGGAG,0
TGGTATCGATACACAT,0
TGGTATTGAGTACCAA,0
TGGTCAACTCAACCGA,0
TGGTCAAGCCCACCTA,0
TGGTCACAGAAAAGCT,0
TGGTCACTTAAAGCCA,0
TGGTCACTTCAAATGC,0
TGGTCATAACTATGGT,0
TGGTCATTGCGCATGA,0
TGGTCCAAACTTTAAA,0
TGGTCCACTCTGAGAA,0
TGGTCCCTCCCAGTTT,0
TGGTCGAACAGATTCA,0
TGGTCGTCAATACAAG,0
TGGTCTGATACTAGCT,0
TGGTCTGGACTCGTTA,0
TGGTCTTGATCATACA,0
TGGTGAAGTTTCACAG,0
TGGTGACTAAACCATA,0
TGGTGACTAATAAATA,0
TGGTGATAAATGACAC,0
TGGTGATAAGCATTTC,0
TGGTGATCACATTAAT,0
TGGTGATGCAGTACGT,0
TGGTGCAATAATCTGG,0
TGGTGGAAGTCGTAAA,0
TGGTGGACAGAAATTA,0
TGGTGGAGATGGATGT,0
TGGTGGTTAAAATATC,0
TGGTGTCCTGAACAGA,0
TGGTGTCTTTTAAACC,0
TGGTGTGCATAGCACA,0
TGGTGTTGATGAACGA,0
TGGTTAAAAAGTGAAA,0
TGGTTAAGTGATCTGT,0
TGGTTAATATGTGCAA,0
TGGTTACCCTTTTAAT,0
TGGTTAGGAGGGGGCA,0
TGGTTATCAAACCTGC,0
TGGTTATTGAAATTCC,0
TGGTTCTTATCGAAGC,0
TGGTTGAAGCCGTGGA,0
TGGTTGCCATTAAAAT,0
TGGTTTAGCAGCAAGA,0
TGGTTTGACCATATGT,0
TGGTTTTCACCCAAAA,0
TGGTTTTTAATATTTT,0
TGTAAAAAGATTTTGA,0
TGTAAAACAATGAGAC,0
TGTAAAACATAGTTTC,0
TGTAAACCCATGATAT,0
TGTAAACGTAGGGCAG,0
TGTAAACGTTATGTGA,0
TGTAAAGCAAATGCCA,0
TGTAAATACAGCAATA,0
TGTAAATATAACTGGA,0
TGTAAATGGGGTCGGC,0
TGTAAATTAAGCGCAA,0
TGTAAATTTACCAAGG,0
TGTAACAGTAATCGAG,0
TGTAACCAGACATGTC,0
TGTAACCCGATGAATT,0
TGTAACCTGATTGTAT,0
TGTAACGAACCTTCTT,0
TGTAACGGCTGACAAA,0
TGTAACGTAAAGGGCC,0
TGTAACGTCCTAACCC,0
TGTAACGTTAACAACC,0
TGTAACTAGAACTTTA,0
TGTAACTCAAAACCAT,0
TGTAACTTTAGTAGAA,0
TGTAAGAACCCCAACA,0
TGTAAGAATGAACTCA,0
TGTAAGAGTATCGGAC,0
TGTAAGATGGTATGAA,0
TGTAAGCCCTCGAATT,0
TGTAAGGTCACTTCAG,0
TGTAATAACTCCCCAT,0
TGTAATAGATATATAA,0
TGTAATCCCAAGCATC,0
TGTAATTATAACTGCA,0
TGTAATTCAACTAGAC,0
TGTACAAGCTCAATCA,0
TGTACAAGTCTAGCGT,0
TGTACAATAAACTTAG,0
TGTACACAATTAGAAT,0
TGTACACATTTGATAA,0
TGTACACCTAATCCAT,0
TGTACAGTTCCCGTAA,0
TGTACATCAATAAAGT,0
TGTACCCCTAGGGTGC,0
TGTACCCCTGCACAGG,0
TGTACGACAACCTCGA,0
TGTACGAGAGAGAATC,0
TGTACGAGTGGAAAGC,0
TGTACGCAAAGTTGGA,0
TGTACGCACGTTCCTT,0
TGTACGCGAAATACGC,0
TGTACGGATAAAATCA,0
TGTACGGCATACCAGA,0
TGTACGTGCTAAAATA,0
TGTACTATGAATGAAG,0
TGTACTGACAGGCTAC,0
TGTACTGCCAGATTAT,0
TGTACTGGCAATAACG,0
TGTACTGTGAAACACG,0
TGTAGACCAACTCCTA,0
TGTAGACTAACCCCGT,0
TGTAGACTTCCAGAAG,0
TGTAGAGCATGTTATA,0
TGTAGAGCCTCAACTT,0
TGTAGATCGACGGCTG,0
TGTAGATGGGTACTGT,0
TGTAGATTCGTGACTG,0
TGTAGCATATCTCCTA,0
TGTAGCCTGACAACGA,0
TGTAGCGATTGACATA,0
TGTAGCTCTCAGGAGC,0
TGTAGCTTTAGAAATG,0
TGTAGCTTTATCGTGG,0
TGTAGGCCTTATAGAA,0
TGTAGGTTATGTGAGA,0
TGTAGTACGCCTCGCA,0
TGTAGTAGCCATCATA,0
TGTAGTATAAACCCCG,0
TGTAGTCATTCAGTTA,0
TGTAGTCTGGCTACTC,0
TGTAGTTACTTGGACG,0
TGTATAATAACTTGCA,0
TGTATAATACATAGGG,0
TGTATACCAATCAAAA,0
TGTATACCGACTATCC,0
TGTATATCGAATCCCG,0
TGTATATTTAAATCCG,0
TGTATCCCTGCAACAA,0
TGTATCGAACGTCGAA,0
TGTATCGTAAAGGTAT,0
TGTATCGTAGCGTTTG,0
TGTATCTAAAGGTCCA,0
TGTATCTAACGTGCTA,0
TGTATCTATATTTTTG,0
TGTATGACCAAATAAG,0
TGTATGACTCCCATGT,0
TGTATGAGGTGAGCGA,0
TGTATGCTCAAGAAAA,0
TGTATGTAATGAGGTA,0
TGTATGTGTACCGGCT,0
TGTATTAAACAAAAAG,0
TGTATTAAAGGTCACT,0
TGTATTAACAGGCAGT,0
TGTATTAATCAACAAA,0
TGTATTTGGATAACAT,0
TGTCAAACCACACATT,0
TGTCAAACTTTCAGCA,0
TGTCAACGTAACATTA,0
TGTCAACTATTACGAT,0
TGTCAAGCACAGGAAT,0
TGTCAAGTTACATTGG,0
TGTCAATACGAGTTCA,0
TGTCAATATGGCAAGT,0
TGTCACAAATCCCGCA,0
TGTCACCAGTCTACGC,0
TGTCACCGGTAACGCA,0
TGTCACCTCTTCCTCT,0
TGTCACTACTATAAAC,0
TGTCACTTAATGATCA,0
TGTCACTTTAGAGGTT,0
TGTCAGAATAAAAACC,0
TGTCAGCTGCGCGAGT,0
TGTCAGTTTTCACTCA,0
TGTCATAAAACTTGTA,0
TGTCATAATTTAGAAT,0
TGTCATATCACAGTTG,0
TGTCATCAAAACCTAT,0
TGTCATTCTCATTCAA,0
TGTCCAAAATGTATAA,0
TGTCCAATTGAGCGAC,0
TGTCCACATTCATTTC,0
TGTCCACTTCTGTTGT,0
TGTCCAGTATTTTTAG,0
TGTCCAGTTTCAAATC,0
TGTCCATCTCCTAGCC,0
TGTCCCAATGCACATA,0
TGTCCCGTAAAGTGAG,0
TGTCCGAGCCACAGGG,0
TGTCCGATCCCGAGGC,0
TGTCCGCGGTTACGAG,0
TGTCCTAAGTCGAATG,0
TGTCGACCGGACCTAA,0
TGTCGATCCGTTCCTA,0
TGTCGCAGCATCAATG,0
TGTCGCATAGTAATTA,0
TGTCGCCTAGCTCATT,0
TGTCGTAAACGATATA,0
TGTCGTAACAATCGTT,0
TGTCGTATTGCCAGTT,0
TGTCGTCAATCATAAA,0
TGTCGTCCATTGACTA,0
TGTCGTTGCATGATTT,0
TGTCTACTTACCGCAA,0
TGTCTAGAACCACATA,0
TGTCTATCCGACCATG,0
TGTCTCTGGATCACAA,0
TGTCTGAAGTCTAGAG,0
TGTCTGAATACACCTA,0
TGTCTGCGAAGTGCAA,0
TGTCTGGTCTGATACG,0
TGTCTGTCAACAAATC,0
TGTCTTAATCCAACTT,0
TGTCTTTAATACAACA,0
TGTCTTTCATTATTAC,0
TGTGAACAAACTTCTA,0
TGTGAACAGGAGCTCA,0
TGTGAACTATGATATG,0
TGTGAAGCAAGTAAAC,0
TGTGAATAATAAACTA,0
TGTGAATAGGTTCCAT,0
TGTGACACGAACGCAC,0
TGTGACCTAGCCATAT,0
TGTGACGAACAGGGAG,0
TGTGACGAAGGGTCGC,0
TGTGAGGTCGGGTTTT,0
TGTGATAAAGATGAAC,0
TGTGATATTTGGCATA,0
TGTGATCTGACGGTTA,0
TGTGCACCAATTTAGA,0
TGTGCAGTCGTAGAAC,0
TGTGCATTTAACAACT,0
TGTGCCAAGATTCAAG,0
TGTGCCACAGGAATCC,0
TGTGCCAGCGGGAACC,0
TGTGCCTTGTAACACT,0
TGTGCGAACTACAGGT,0
TGTGCGGAACAGGGAT,0
TGTGCGTCACTTAGCA,0
TGTGCTTCAAACACTT,0
TGTGCTTGCTTGAACA,0
TGTGGAAAGGTGTAAC,0
TGTGGAAATGAGAATT,0
TGTGGAAGTAAGATGG,0
TGTGGACTATGATATA,0
TGTGGAGTAATAAAAT,0
TGTGGATAAGATACGA,0
TGTGGATACAAAGGTT,0
TGTGGCAAGTCCAAGA,0
TGTGGCGCACCCCAAA,0
TGTGGCTAACCGACTC,0
TGTGGCTCAGCGCGAT,0
TGTGGGCACTTAACAG,0
TGTGGGCATTGTCAGG,0
TGTGGTAAAACCAGAA,0
TGTGGTGGCGCCAAAC,0
TGTGGTTACGTAAAAT,0
TGTGTAAAACTCATAC,0
TGTGTACAAGAAAATA,0
TGTGTATAAATCAAAA,0
TGTGTCAAACAGACAA,0
TGTGTCAAGACAACTC,0
TGTGTCGCTAAAAACA,0
TGTGTGTATAACGACC,0
TGTGTGTCATCTATAT,0
TGTGTTATAGTCCAAC,0
TGTGTTGGTACTCCGT,0
TGTGTTTCTGTACACT,0
TGTGTTTTACAAATAG,0
TGTGTTTTACTGGCAA,0
TGTTAAAAATATCGTT,0
TGTTAAAATTGTCATA,0
TGTTAAACGAATATGC,0
TGTTAAAGAGATCAGA,0
TGTTAAATAGCAAATA,0
TGTTAAATCTTCAGGA,0
TGTTAACAAAATTCGA,0
TGTTAACTTGTATAGT,0
TGTTAAGAGGAAAGTC,0
TGTTAAGATAGCATCC,0
TGTTAAGATTGATTAC,0
TGTTAAGGCCACCTGT,0
TGTTAATAACCGGACA,0
TGTTAATAGTGGACCC,0
TGTTAATCACACCCGC,0
TGTTAATGACGCTTGA,0
TGTTACAACCCCAGTA,0
TGTTACAAGGGAAATC,0
TGTTACATCGCATTTG,0
TGTTACCAATTTTAAA,0
TGTTACCCTTAAATCT,0
TGTTACGGTCGCACAG,0
TGTTACTAATAAGTAT,0
TGTTACTCCGAGAATG,0
TGTTACTGACATATGA,0
TGTTACTTCCGTATAC,0
TGTTACTTTAATACCA,0
TGTTAGTAGTCTACCC,0
TGTTAGTATGCACAGA,0
TGTTAGTTATACCGGA,0
TGTTAGTTTAGCTTAA,0
TGTTATACTTGAACTA,0
TGTTATATACAAGTTT,0
TGTTATCCCAACAATT,0
TGTTATCGGACCCGAG,0
TGTTATGAGCAATAAC,0
TGTTATGTATATCCGA,0
TGTTATTTGTAAACGC,0
TGTTCAAAAGCGAAGA,0
TGTTCAATCACATAAA,0
TGTTCACACACTGATT,0
TGTTCAGACAAAACGA,0
TGTTCAGCCTCAAGAA,0
TGTTCCCATAAATATT,0
TGTTCCCCCACATAAT,0
TGTTCCCCTTCACATA,0
TGTTCCCTAAATGAGG,0
TGTTCCGGAGCTTTTG,0
TGTTCCTTTTCCAGCA,0
TGTTCGATTAAAGTAC,0
TGTTCGGAAGTTATCT,0
TGTTCGTTCTGAACAA,0
TGTTCTAAAATTATAC,0
TGTTCTCCGGCTATCG,0
TGTTCTTCCCGGAGTC,0
TGTTCTTTGCCTAAGG,0
TGTTCTTTTAGACCTT,0
TGTTGAAAACTATCAT,0
TGTTGAACGTGCCTGA,0
TGTTGAATTACATAAC,0
TGTTGAGAATAACCAC,0
TGTTGAGCAAACAATA,0
TGTTGAGCTGCACCCG,0
TGTTGAGGGTAAACGG,0
TGTTGAGTGGGATACT,0
TGTTGCACCCAATGGA,0
TGTTGCCGCATACCGC,0
TGTTGCCTCTCGGGAC,0
TGTTGCGATTACAATA,0
TGTTGCTTAATGCACG,0
TGTTGGCAATAAAAAC,0
TGTTGGGTTGGTTTTG,0
TGTTGGTCAAACATGC,0
TGTTGTAATCCCGGAA,0
TGTTGTGATTAATGAA,0
TGTTTAAAACTCTAAC,0
TGTTTAAATACTAGCA,0
TGTTTAACGTTTAATC,0
TGTTTAAGAACTGGCA,0
TGTTTACATGAGATTC,0
TGTTTATAGACCCACT,0
TGTTTATGAGGACTTA,0
TGTTTCATACGAAACG,0
TGTTTCATCCAGAGAT,0
TGTTTCGACTATTTGA,0
TGTTTCTACAACTTCG,0
TGTTTGTAAGAGGTCA,0
TGTTTTAAACAATCGG,0
TGTTTTATAAAAAACA,0
TGTTTTCAAAATCCAT,0
TGTTTTGAAATAATGA,0
TGTTTTTAATTCCTGA,0
TTAAAAAACAGGGCCC,0
TTAAAAAACGCCGCTT,0
TTAAAAAAGTGAAGCT,0
TTAAAAATATAAAAAA,0
TTAAAAATATAATTAT,0
TTAAAAATGGTCGTGA,0
TTAAAAATGGTTAGCC,0
TTAAAAATTCGGGATA,0
TTAAAAATTGCATATT,0
TTAAAACAACGGTCTT,0
TTAAAACATGTTCATT,0
TTAAAACATTAGATCT,0
TTAAAACCAGAAGATA,0
TTAAAACCATAATACA,0
TTAAAACGAAAAGCTC,0
TTAAAACGAGCGAAAC,0
TTAAAACGTAAGGTCG,0
TTAAAACGTCCCTAAA,0
TTAAAACTCCTACATC,0
TTAAAACTGAACTGGG,0
TTAAAACTGCGGTGAC,0
TTAAAACTTCTCAATA,0
TTAAAAGAACCATCAT,0
TTAAAAGAGCGACGCC,0
TTAAAAGCAAAAAAGC,0
TTAAAAGCTTTAAAAT,0
TTAAAAGGCAACGTTA,0
TTAAAAGTACATTTTG,0
TTAAAAGTACCATCCC,0
TTAAAAGTTAGTACTA,0
TTAAAATATGTTGACT,0
TTAAAATCAAAACTTT,0
TTAAAATCATAGAACG,0
TTAAAATGAATGCCTG,0
TTAAAATGATTAACGA,0
TTAAAATTATGTCCGA,0
TTAAAATTTAGTCTGC,0
TTAAACAACTAGTGAA,0
TTAAACAAGACTACAG,0
TTAAACAATAACATGA,0
TTAAACACCAATACTA,0
TTAAACACTAAGGTCC,0
TTAAACAGAATCCTAG,0
TTAAACAGACTCTATT,0
TTAAACATATCCAAAG,0
TTAAACCAATCCCACA,0
TTAAACCATCATTGGC,0
TTAAACCCACATGTGG,0
TTAAACCGAAAAACCG,0
TTAAACGAGTTATACC,0
TTAAACGCCGTTCTAC,0
TTAAACGTGTCTACTT,0
TTAAACGTTGTATAAA,0
TTAAACTCAGGAGTTC,0
TTAAACTGACCTAGCA,0
TTAAAGACACAGTGCT,0
TTAAAGACCGTCACAT,0
TTAAAGATAGACCAAG,0
TTAAAGATGAATCTCA,0
TTAAAGCACCACACTT,0
TTAAAGCCATTAATTA,0
TTAAAGCTGCTGATAG,0
TTAAAGGTCGCCAATC,0
TTAAAGGTCGTATTTA,0
TTAAAGTATATAAGAG,0
TTAAAGTATGACCCTA,0
TTAAAGTTCTTCAGAA,0
TTAAATAACCCAGTTA,0
TTAAATACAAGACATT,0
TTAAATACAATACCAA,0
TTAAATACCCAAAATA,0
TTAAATACTACCGATA,0
TTAAATACTTATCAAG,0
TTAAATAGTATGACTG,0
TTAAATATGGAGATTT,0
TTAAATCAATACTTAA,0
TTAAATCACACGTGTC,0
TTAAATCACGGTTAAT,0
TTAAATCATTCATCTT,0
TTAAATCCCACAAGAC,0
TTAAATCCCTATTGTA,0
TTAAATCTAAATGCGG,0
TTAAATCTACGGTAAC,0
TTAAATCTATGGGCTA,0
TTAAATCTCACAGTAT,0
TTAAATCTCTGAGGGA,0
TTAAATCTTACAAAAA,0
TTAAATGACGCGTAAT,0
TTAAATGACTCACGTA,0
TTAAATGGCCCCAAGT,0
TTAAATGGGACAACTG,0
TTAAATTAAAAATGTC,0
TTAAATTAAAACAAAT,0
TTAAATTCAAGTTGTT,0
TTAAATTCCCGCTAAT,0
TTAAATTCTGAAGGAA,0
TTAAATTGAATCGTCG,0
TTAAATTGATTGCACT,0
TTAAATTGTTGATAAC,0
TTAACAAAAAGAGGAA,0
TTAACAACACGCATAC,0
TTAACAACCATCAAGA,0
TTAACAACGATTAAAA,0
TTAACACAGTAACGGC,0
TTAACACCCAATAGAC,0
TTAACACGAGCCTCAT,0
TTAACACTGCTCCGAA,0
TTAACAGAAAAGATCA,0
TTAACAGACCATTGTG,0
TTAACAGACCTACCTA,0
TTAACAGATAGAAAAC,0
TTAACAGTGATCTGCT,0
TTAACATAGAAATAGA,0
TTAACATCGATATGAG,0
TTAACCAAAATTCGCG,0
TTAACCAGGTTCAAAC,0
TTAACCCAAAAAACCC,0
TTAACCCATGTAGAAA,0
TTAACCCTAAACTTAA,0
TTAACCGATCTAAAAG,0
TTAACCGATGAACCTA,0
TTAACCGATTCGACAC,0
TTAACCGCTAAAACCC,0
TTAACCGTCAAACTAA,0
TTAACCTGCCCTCAAG,0
TTAACCTGTGTCCATG,0
TTAACGAAGGGCCCTA,0
TTAACGACCCTGATTA,0
TTAACGAGTCTAACAC,0
TTAACGGGCCTACCAG,0
TTAACGGTGCTGTAGC,0
TTAACGGTTCACCGCC,0
TTAACGTAATGATTGG,0
TTAACGTTATCAGTAA,0
TTAACTAATTCTGCAA,0
TTAACTAGATCAATCA,0
TTAACTATTCACCCCC,0
TTAACTCACAAAACCA,0
TTAACTCACCAGTAGA,0
TTAACTCATGGACCGT,0
TTAACTCATTATCCCA,0
TTAACTCTAAGTCTGT,0
TTAACTCTTCCCAAGC,0
TTAACTCTTTCACCCC,0
TTAACTGACCAACAGA,0
TTAACTGACCGGTGAT,0
TTAACTGCCAGATCAA,0
TTAACTGGCGCAACCG,0
TTAACTTATACACGAC,0
TTAACTTTGAGTTGCC,0
TTAACTTTTATTCAAC,0
TTAAGAAATTAGTGGT,0
TTAAGAACCCCGGACG,0
TTAAGAACTGATAACA,0
TTAAGACAATGATCAT,0
TTAAGACACTATTACG,0
TTAAGACATCAATAAT,0
TTAAGACCCGCAGGTA,0
TTAAGACTCATGAACA,0
TTAAGACTTTTGTATT,0
TTAAGAGGCTAACTAA,0
TTAAGATAAATACTCT,0
TTAAGATAAGGCTAAC,0
TTAAGATCAGCTCATA,0
TTAAGCAACAAAGCAT,0
TTAAGCAAGGCAGAAC,0
TTAAGCAGGACGTTAG,0
TTAAGCATATATCCGT,0
TTAAGCATGACTATTG,0
TTAAGCATGCTTCTAC,0
TTAAGCATGTCCTAAA,0
TTAAGCTAACAAAGTG,0
TTAAGCTATCCTACCA,0
TTAAGCTCTTCAAAAG,0
TTAAGGCCACCTATAC,0
TTAAGGCCCTACGGCG,0
TTAAGGTAATCATCAT,0
TTAAGGTTAGCCGTGA,0
TTAAGTAATGTACAAG,0
TTAAGTAATTCACGAG,0
TTAAGTACCACTACAT,0
TTAAGTACCCAAAGAT,0
TTAAGTACGCAAGGTA,0
TTAAGTAGTTATATTT,0
TTAAGTCGGAGTCTCG,0
TTAAGTCTCACATACC,0
TTAAGTCTCTACGGCC,0
TTAAGTGACCTCATGA,0
TTAAGTTATGAAGGCC,0
TTAAGTTTTCAAGATA,0
TTAATAAAATACACTA,0
TTAATAAAGCTCCCAT,0
TTAATAAGGGTATAAT,0
TTAATAATAACACACA,0
TTAATAATAATTCAGG,0
TTAATACACCAGTAAA,0
TTAATACATATATCAC,0
TTAATACATTTGTACT,0
TTAATACCAGTAAGCT,0
TTAATACCTCTGACTA,0
TTAATACGCTAAGGTC,0
TTAATACGTGCAATTT,0
TTAATACTAAGTTTAT,0
TTAATAGAAACGACAA,0
TTAATAGACAAAAGAT,0
TTAATAGACCCGAAAA,0
TTAATAGACCTTAAGA,0
TTAATAGTCTGTACGA,0
TTAATATAACCAACAC,0
TTAATATAAGGAGACT,0
TTAATATCAAAATCAT,0
TTAATATCCAGTCTAA,0
TTAATATCGACTCCCA,0
TTAATATGAGTGGCAA,0
TTAATATTGCCTCAAA,0
TTAATATTTAATGAAC,0
TTAATCAAGATAACGA,0
TTAATCAATAGAGATC,0
TTAATCAATAGTATCC,0
TTAATCAATCATTTGT,0
TTAATCACCAACAAAA,0
TTAATCACGATGGAGG,0
TTAATCACTTCTAGAT,0
TTAATCCATTGACATC,0
TTAATCCCTGGACCTG,0
TTAATCGATACCTGAT,0
TTAATCGTTAATGTGT,0
TTAATCTAAAAATGCA,0
TTAATCTAAAGTAACT,0
TTAATCTGAAAATAAG,0
TTAATGAAACCTCCGC,0
TTAATGAAGTATTATG,0
TTAATGAATATAAATT,0
TTAATGACCACCCAAG,0
TTAATGAGCATCTCGT,0
TTAATGCATACGGATA,0
TTAATGCATTGTACCA,0
TTAATGCTACGATAGA,0
TTAATGGAGTTAATTT,0
TTAATGGGAAAAATAC,0
TTAATGTCGCGTGCAA,0
TTAATGTGAACACCCG,0
TTAATTAAACCGGTTC,0
TTAATTAAAGCCCAAT,0
TTAATTAAATCCATCA,0
TTAATTACCTCCCTAT,0
TTAATTACGTCAAATA,0
TTAATTATACCGTCGG,0
TTAATTATATAGTAGA,0
TTAATTCAACTCAGTA,0
TTAATTCATATCATAT,0
TTAATTCATTACATTT,0
TTAATTCCAAGGGCGA,0
TTAATTGACATCTGAA,0
TTAATTGACTTCCGCG,0
TTAATTTAAACCTAGG,0
TTAATTTAAATTATAA,0
TTAATTTAATAGAAAA,0
TTAATTTGGGAACGAA,0
TTAATTTGTCTGTTCC,0
TTAATTTTACTAAGTT,0
TTACAAAAAAAGGATC,0
TTACAAAAACTTGACT,0
TTACAAAACAGGTTTA,0
TTACAAAACTAACGAC,0
TTACAAAGCAGTTAAG,0
TTACAAATAGAAACAA,0
TTACAAATCATTATCT,0
TTACAACAACACGTTA,0
TTACAACATAAATCAA,0
TTACAACTAGCGTCAT,0
TTACAAGAAACAAAGA,0
TTACAAGTCTTAGGAG,0
TTACAATCGCCCAAGA,0
TTACAATCTTGACGCT,0
TTACAATGGGACCTAC,0
TTACAATTCATAGACA,0
TTACACAACGAAACCC,0
TTACACAGACTTAAGC,0
TTACACATAAACACCT,0
TTACACATAAACTATT,0
TTACACCAATATAGCG,0
TTACACCACCATAGAC,0
TTACACCTGAGGCACC,0
TTACACGACTGACCTT,0
TTACACGAGCAGAGCA,0
TTACACTAAAAAAAAA,0
TTACACTATAAAGAAC,0
TTACACTTTATTTCGA,0
TTACAGATAAACAAAA,0
TTACAGATGAAAACGA,0
TTACAGCAAGATTACT,0
TTACATAACACTCTAG,0
TTACATAATGATAGAA,0
TTACATACCCACTTGA,0
TTACATAGCGTAAAAG,0
TTACATATATACCGCA,0
TTACATATTTGGACGA,0
TTACATCCCATTCCTA,0
TTACATCTAACCAATA,0
TTACATCTATGCTTTC,0
TTACATCTCGCGAAAA,0
TTACATCTTAAAACGA,0
TTACATGACTAACCAA,0
TTACATTAAGTCCATA,0
TTACATTACATGTACC,0
TTACATTATGAGCCAT,0
TTACATTGAGTGTTAA,0
TTACATTTGCTTATAA,0
TTACCAAAAAAAGCCA,0
TTACCAAAAATCCCCG,0
TTACCAAAGAAATCTC,0
TTACCAACAGCACACT,0
TTACCAATTACACGGT,0
TTACCACATACATTTT,0
TTACCACCGCACAAAT,0
TTACCAGAAAACATTG,0
TTACCAGAAGTTAATA,0
TTACCAGAATCGCTAT,0
TTACCAGCGCAGATAT,0
TTACCATACCGAGCTA,0
TTACCATAGCAATTTC,0
TTACCATGGTAATACC,0
TTACCATGTGGGAAAA,0
TTACCATTTTGATTTA,0
TTACCCAATCTTACTA,0
TTACCCATCTGCCAAA,0
TTACCCCCGAGGCAGA,0
TTACCCCTCGGAGCGT,0
TTACCCTACCGGTTTC,0
TTACCCTATAATCTAA,0
TTACCCTTTGGCCCAC,0
TTACCGAACATATAAT,0
TTACCGACCGCACATC,0
TTACCGCTATGAATCT,0
TTACCGCTTATTTAGA,0
TTACCGGAAAGCAACA,0
TTACCGGGTAACTCGT,0
TTACCGTACTAACCTA,0
TTACCTAAGAAGTCGC,0
TTACCTACAGACGGAA,0
TTACCTACTTCAGAAA,0
TTACCTATAAAATGTG,0
TTACCTATAAGCCAGA,0
TTACCTATGACTAATC,0
TTACCTATTTTAATCC,0
TTACCTCCCACTGGAA,0
TTACCTGATTTTGTTA,0
TTACCTGTCAGCCCGC,0
TTACCTTAAGAGATTA,0
TTACCTTCATCTCTAG,0
TTACCTTTGCAGCAGG,0
TTACGAAAACCATATT,0
TTACGAAAGAGCAGAA,0
TTACGAAAGGTTTGCC,0
TTACGAACAAGTTATG,0
TTACGAACGCCTGAAA,0
TTACGAAGCCACGACC,0
TTACGAATAAAAAAAT,0
TTACGACATTTAATTC,0
TTACGAGACTTGACAG,0
TTACGAGTATCAGTAG,0
TTACGATAGCCTGAGG,0
TTACGATCAGATAAAC,0
TTACGATTTTATCATT,0
TTACGCAAAACTGCAA,0
TTACGCACAACTAATT,0
TTACGCACCTATTGGT,0
TTACGCAGGGAACTCT,0
TTACGGAAGATCGTGC,0
TTACGGACCTTGTAGC,0
TTACGGATCACACTAG,0
TTACGGGAATGGAGAA,0
TTACGGGTAGAAAAGA,0
TTACGGGTAGCCCAAC,0
TTACGTAGCCTGGGCA,0
TTACGTGCACGACCCA,0
TTACGTTAATGGGCAT,0
TTACGTTAGGAATTAA,0
TTACGTTGTTCGGTAC,0
TTACTAAAAGGCGACG,0
TTACTAACACATCAAC,0
TTACTAACTAAAAGAA,0
TTACTAACTAACTGGC,0
TTACTACGAGAAGTCG,0
TTACTATGGGCAGAAA,0
TTACTCAACGGCCCGT,0
TTACTCACCATTTTAG,0
TTACTCACGATCTCAA,0
TTACTCCCTGTACAGC,0
TTACTCCGGTACCCAA,0
TTACTCGCCCAACAAG,0
TTACTCTGCAAGACGG,0
TTACTCTTTGAGATTG,0
TTACTGACTTTCAACA,0
TTACTGAGTGAATTTT,0
TTACTGGAACCTCGAT,0
TTACTGGCGAATAACA,0
TTACTGTTTAACCCTT,0
TTACTTACCCACACGA,0
TTACTTATAAGCAATT,0
TTACTTCAAATTCGAT,0
TTACTTCCTTCAAATT,0
TTACTTCGTAGAAACT,0
TTACTTTATTAAGGGA,0
TTACTTTGAATGGACA,0
TTAGAAAAAACGCGTG,0
TTAGAAAAGTAAATAT,0
TTAGAAAATATACAAA,0
TTAGAAAATGTAAAAC,0
TTAGAAAGAATGTAAA,0
TTAGAAATACGGACTA,0
TTAGAAATGCCCGATG,0
TTAGAAATTAATACTC,0
TTAGAACACAAACCAA,0
TTAGAACACGTTGCGA,0
TTAGAACCATCAATGC,0
TTAGAACGCCACCTCG,0
TTAGAACTAGTCTAAC,0
TTAGAATCTGATCCTA,0
TTAGAATGAGATGAGA,0
TTAGAATTACCCTGGC,0
TTAGAATTAGCTATCC,0
TTAGAATTCCCATGGG,0
TTAGACAACTGTTAAA,0
TTAGACAAGGTCACAC,0
TTAGACAAGTGCGACA,0
TTAGACACACGGAAAC,0
TTAGACAGTGATTACT,0
TTAGACATTAACAGAT,0
TTAGACCAATTTTACC,0
TTAGACCCAATACTAT,0
TTAGACCCGTCATAAT,0
TTAGACCGCGTAAATC,0
TTAGACGACGAACTAT,0
TTAGACGCAAGTTACA,0
TTAGACGCTACATAAG,0
TTAGACTTATAGCTCT,0
TTAGACTTATCCAGCT,0
TTAGAGAAAGCTCCAT,0
TTAGAGAACCTAGCCA,0
TTAGAGCACATCACAA,0
TTAGAGCTACCATACC,0
TTAGAGCTGTGTAAAG,0
TTAGAGGAATGGCGTA,0
TTAGAGGAGGTCTTCA,0
TTAGAGTACCGGTACC,0
TTAGAGTTAAATAAGA,0
TTAGAGTTACCACGCC,0
TTAGAGTTTTTGTCGG,0
TTAGATAAAAGAAAAC,0
TTAGATATCGATAACA,0
TTAGATCAAATATACA,0
TTAGATCAAGGCGTTT,0
TTAGATCTATAATTGT,0
TTAGATGCGATTGTTA,0
TTAGATGTGCTCCTCT,0
TTAGATGTGGCCGGAA,0
TTAGATGTGGCTAGAA,0
TTAGATTCCACCAGAC,0
TTAGATTCTACTAGAC,0
TTAGCAAAAGATCAAT,0
TTAGCAAATACTCCAA,0
TTAGCAACGAACCTCC,0
TTAGCAATTTAGAAAC,0
TTAGCACATAAAGTGA,0
TTAGCAGAAGGAAAAC,0
TTAGCAGATCAAGGTC,0
TTAGCAGCCCCTTCAC,0
TTAGCCAATTCAGACA,0
TTAGCCATTCCCTCTC,0
TTAGCCCCATGGATAC,0
TTAGCCCTCCACATGG,0
TTAGCCGGTGAGCCCT,0
TTAGCCGTAAACTGAA,0
TTAGCCGTAAGGATAG,0
TTAGCCGTAGAAAATA,0
TTAGCCTCGGGGTCCC,0
TTAGCGAAGAGGAATT,0
TTAGCGACATAATGTT,0
TTAGCGACGTTCTGTA,0
TTAGCGACTCTCATAC,0
TTAGCGGATCGAATCA,0
TTAGCGGCCCGACTCT,0
TTAGCGTAACTACGAT,0
TTAGCTAACGAGAACC,0
TTAGCTAATTAAAAGT,0
TTAGCTACTGCTCAGC,0
TTAGCTCAGAAAGACC,0
TTAGCTGATGCACCGC,0
TTAGCTTAAGCCACAC,0
TTAGCTTAGAAGTTCG,0
TTAGCTTCGCCCGTGT,0
TTAGCTTCTCTATCGC,0
TTAGGACCGCAAAACT,0
TTAGGACGAATAACCT,0
TTAGGAGTAGAAAATT,0
TTAGGATGCCCTCTAA,0
TTAGGCAGGACAAACG,0
TTAGGGTACTACGTCT,0
TTAGGTAACTTTAGCC,0
TTAGGTACACTTAGTC,0
TTAGGTAGAATTTTCA,0
TTAGGTAGCTCATGAA,0
TTAGGTCCCTCTGTTA,0
TTAGGTCGACAGAATA,0
TTAGGTGATGCGGGCT,0
TTAGGTTATATACCAG,0
TTAGTAACTGAAATAA,0
TTAGTAACTTTGCAAC,0
TTAGTACAACAAAATA,0
TTAGTACTAGCAACAA,0
TTAGTACTTAGAACAA,0
TTAGTATCTAGGATGC,0
TTAGTATTGACCCAAT,0
TTAGTCAAAGTACTAG,0
TTAGTCCATGTGCCAA,0
TTAGTCTATGGCGTAA,0
TTAGTGAGCACAATGT,0
TTAGTGCTGTAAAAGG,0
TTAGTGGCGGTCCGAG,0
TTAGTGGGTACCAGCA,0
TTAGTGTACCAACTTA,0
TTAGTGTGCTCAGATA,0
TTAGTGTGCTGTATAC,0
TTAGTGTTCGAAATAC,0
TTAGTTCAACATGCAT,0
TTAGTTGTTTTTATTC,0
TTAGTTTGGCTAATCG,0
TTATAAAAAGTAATTA,0
TTATAAAACAGACAGG,0
TTATAAAAGTGATATA,0
TTATAAAATGTAAAGG,0
TTATAAAATGTTTATG,0
TTATAAACAAACCTAT,0
TTATAAACGAGCCAGG,0
TTATAAAGACTAGCAA,0
TTATAAAGCCAGCAAA,0
TTATAAATAAACAAGT,0
TTATAAATAAACAGCG,0
TTATAAATAAAGAATC,0
TTATAAATGATGCTTA,0
TTATAAATGTACCACC,0
TTATAACATAGTTTAA,0
TTATAACATGAATTAA,0
TTATAACTCCGTGCTC,0
TTATAAGGTCACCCGA,0
TTATAATAAGTCGAAT,0
TTATAATAGCCTGCAA,0
TTATAATCTATAAAGA,0
TTATAATTCATACTCA,0
TTATAATTGAAAAATG,0
TTATACAATGACTTAG,0
TTATACAGCTCTAAAT,0
TTATACATGCAACTTA,0
TTATACCCTCGGATAT,0
TTATACCGAGAAGTGC,0
TTATACCTGTATAAAG,0
TTATACGATCAATATT,0
TTATACTCTTTAGGAC,0
TTATACTTAAACCATA,0
TTATAGAAACCACTTT,0
TTATAGAAGTAATGAA,0
TTATAGCACTCACTGG,0
TTATAGCAGGAGCTAA,0
TTATAGCATACACGTA,0
TTATAGCCCCCTACTG,0
TTATAGTGTGACTGTT,0
TTATAGTTAGTAAGTG,0
TTATATAGGATGTAAT,0
TTATATATAGATAGCT,0
TTATATCAGGGGACGA,0
TTATATCATTCTCGTT,0
TTATATCCAACGATTA,0
TTATATCCCACAACAT,0
TTATATCGAAGGGCAA,0
TTATATCGTCCTGATC,0
TTATATCTAGCTCTCA,0
TTATATGATCAACTTA,0
TTATATGTCGGGTAGC,0
TTATATTAATTCAAAA,0
TTATATTGGAAGAGAT,0
TTATATTGGGTCGCAA,0
TTATATTGTAATAATA,0
TTATCAACACATCTTG,0
TTATCAACTGGTTGCT,0
TTATCAAGCGGGCCCA,0
TTATCAATATCAATAA,0
TTATCACCATTAATAA,0
TTATCACTATGATCGG,0
TTATCACTGTAATAGA,0
TTATCAGCGCTAAATG,0
TTATCAGTAATCAATC,0
TTATCATACAGGCGCC,0
TTATCATGCGTTTACT,0
TTATCATTACAAAATA,0
TTATCCAAAAAACAAA,0
TTATCCAATCTTTATA,0
TTATCCATCACACAAT,0
TTATCCCAGGAATTCC,0
TTATCCCTCGCCAATG,0
TTATCCCTGATCATAA,0
TTATCCGGCAGAAGTG,0
TTATCCTGACCTTAAT,0
TTATCCTGTATGAACT,0
TTATCGCCACTGAGAT,0
TTATCGGCGAATTACC,0
TTATCGGCGCAGATGA,0
TTATCGTACCAACGAT,0
TTATCGTTCCTAAAGA,0
TTATCTACGCTAAACT,0
TTATCTAGCATAGCTA,0
TTATCTCAAACGTGGG,0
TTATCTCAAGGTGTCA,0
TTATCTGATTACTTTC,0
TTATCTTTAAAACACA,0
TTATGAAACAAAAGCA,0
TTATGACAAATAAAAG,0
TTATGACGGCGCTACC,0
TTATGACTAGGAATCT,0
TTATGACTCTGACCCA,0
TTATGAGGTACATATG,0
TTATGATATGTATCAG,0
TTATGATCCTCGAACC,0
TTATGCAGTACTCTAT,0
TTATGCCAAAACGATA,0
TTATGCGATCCTATCG,0
TTATGCTACACAAACA,0
TTATGCTCTCCAAAAG,0
TTATGCTGAAGGGACT,0
TTATGGATACTTATAA,0
TTATGGCTCCCACAGG,0
TTATGGCTTCCGATCC,0
TTATGGGAAATCGGTC,0
TTATGGGCGACTACTC,0
TTATGGGGATAGACGT,0
TTATGGTAGATATTTA,0
TTATGGTGTCGGAACA,0
TTATGTATGTCTGCAA,0
TTATGTATTTAAGCTC,0
TTATGTCGGCCCGCCC,0
TTATGTGGGTTGTGAT,0
TTATGTTATCACGAAC,0
TTATTAAACGAATTAG,0
TTATTAAATCAACTGA,0
TTATTAACTATATCAA,0
TTATTAATAATATGCT,0
TTATTAATACTGAACA,0
TTATTACATACGTGCT,0
TTATTACTAACCTGGT,0
TTATTAGCATGTTCAC,0
TTATTAGCCGGAACCG,0
TTATTAGGCCCCTACC,0
TTATTATAAGAGAAAA,0
TTATTATATTATTCCC,0
TTATTATCGGTAATTC,0
TTATTATCTCAAATCA,0
TTATTCAAGGACCCAA,0
TTATTCACAACGTAGG,0
TTATTCAGAATTTCCC,0
TTATTCGAGCAAGTGA,0
TTATTCGCAAAAAAAT,0
TTATTCTAAACGAGCT,0
TTATTGAGACTTACAC,0
TTATTGATACGCCAAG,0
TTATTGGATCCGCAGA,0
TTATTGTAATGTGAAC,0
TTATTGTAGACAAATC,0
TTATTGTTGCAGGACA,0
TTATTGTTTCGTTTAC,0
TTATTTAAAAAATCAA,0
TTATTTAAAGGTAAAA,0
TTATTTACATAAATAC,0
TTATTTACCCAATGGA,0
TTATTTATGAACCAAC,0
TTATTTATTCACATAG,0
TTATTTCAAATAAAGA,0
TTATTTCAGCTTTAAT,0
TTATTTGAACTTATGA,0
TTATTTGCACATAAAG,0
TTATTTGCCGACTTTT,0
TTATTTTACTAATATA,0
TTATTTTCAGTCTGCA,0
TTATTTTGTTACTTGG,0
TTATTTTTTCACCAGT,0
TTCAAAAAGCAGTCAA,0
TTCAAAACGGCTATTA,0
TTCAAAACTTCTAGAA,0
TTCAAACAAAACGCCT,0
TTCAAACAAATTATTA,0
TTCAAACAAGTAGCGA,0
TTCAAACCATGTCATG,0
TTCAAACCGCATCATC,0
TTCAAACTGACCTCCA,0
TTCAAAGACACTTGAT,0
TTCAAAGACAGCCCAC,0
TTCAAAGGAATCCAAC,0
TTCAAAGGGTAAAACA,0
TTCAAAGTAACCTTAC,0
TTCAAATAAACCCAGA,0
TTCAAATAGACGAGCA,0
TTCAAATCAACCGAAC,0
TTCAAATGTAACGGAC,0
TTCAAATTATTGGCCC,0
TTCAAATTGACTTATC,0
TTCAACAAAATCGTCC,0
TTCAACACGTATAACT,0
TTCAACCTATAATCCC,0
TTCAACGCAGCGGTAT,0
TTCAACGGTCCAGCGC,0
TTCAAGAAAATGGATT,0
TTCAAGGTAAAGTTAA,0
TTCAAGTAAGCACGGA,0
TTCAAGTACGATAAAG,0
TTCAATAAAATTTGTT,0
TTCAATACAGGAACTG,0
TTCAATACATATGCCC,0
TTCAATACTAAGATAG,0
TTCAATATCTTAATCA,0
TTCAATATGACCTTCT,0
TTCAATCACTAATGGT,0
TTCAATCCATAAATAC,0
TTCAATCTGAGAACAC,0
TTCAATCTTTCAACCA,0
TTCAATGCATTGTTTC,0
TTCAATGCCGCTACTA,0
TTCAATTAACATCCCA,0
TTCAATTGGGGCCTGG,0
TTCACAAAAGTGTACG,0
TTCACAAAGTTGCCCC,0
TTCACAACCGGGTTCC,0
TTCACAATAAAACCCA,0
TTCACAATTGAGTTCT,0
TTCACACGGGTTATGA,0
TTCACACTGCGGCTTT,0
TTCACAGAACGAGGCG,0
TTCACAGACGCACCCT,0
TTCACAGCGCGAAATA,0
TTCACATAGCTTCCAA,0
TTCACATGGCTACTTA,0
TTCACCAGGATGTAGG,0
TTCACCCACGCCCCGA,0
TTCACCGAACAGATGA,0
TTCACCTTCATATAGA,0
TTCACGCGCATAGTGC,0
TTCACGGAAAAGCTAA,0
TTCACGGTGCTAGTGA,0
TTCACGTAATGGAACA,0
TTCACGTCACATTAAA,0
TTCACTAATAAACAGG,0
TTCACTGTAAGATTAT,0
TTCAGAACGAAGCATA,0
TTCAGAAGAAACTAGA,0
TTCAGACAACTACGGG,0
TTCAGACCTCAGGACC,0
TTCAGACTACATCTAA,0
TTCAGATCAAATGAAG,0
TTCAGCACAATCCTAA,0
TTCAGCACCACTACAC,0
TTCAGCAGCAAGAAGG,0
TTCAGCATTGGATTAA,0
TTCAGCCCCTCAACCC,0
TTCAGCCCGGTATTAG,0
TTCAGCGGAGTTACCT,0
TTCAGCGTTTTGTATA,0
TTCAGCTAATTGAGCA,0
TTCAGGCAGAAGCACA,0
TTCAGTAAGTAGCTAG,0
TTCAGTACAATCCAGA,0
TTCAGTATGCAGACAA,0
TTCAGTATGGCACTTA,0
TTCAGTCGGGCAACAC,0
TTCAGTGATTAAAGTA,0
TTCAGTGTTAGAACAA,0
TTCAGTTATGGTGATC,0
TTCAGTTTACAATTGT,0
TTCAGTTTTCTCGCGA,0
TTCATAAAAACACTTA,0
TTCATAAACTTCAAAA,0
TTCATAATAACCCAGA,0
TTCATAATGAGAAAAA,0
TTCATAATTAGTAAGG,0
TTCATACATATTGTAT,0
TTCATACCAACTTGGG,0
TTCATACCTCTTATTT,0
TTCATACTCCGGAAAA,0
TTCATAGATTTATAAG,0
TTCATATAGCTGGCAA,0
TTCATCAACATCTTGC,0
TTCATCAATAACATGC,0
TTCATCAATAATTTTT,0
TTCATCACCACACTCG,0
TTCATCGAGTATAAAT,0
TTCATCTAATATCTAA,0
TTCATCTGAAAAAATC,0
TTCATGACAACAATAA,0
TTCATGCGTAATAAGA,0
TTCATGGATATAATAG,0
TTCATGTAATTATTCC,0
TTCATGTTGAACCAAT,0
TTCATTAAGGTTTTAC,0
TTCATTAGACTAAGTG,0
TTCATTCGGACTTATT,0
TTCATTGCTTACTGGT,0
TTCATTGTTAAGAGCT,0
TTCATTTGGCCACTCC,0
TTCATTTGTACCCTAA,0
TTCCAAAAACGACATG,0
TTCCAAAAAGTAAACT,0
TTCCAAAATAGTCTGG,0
TTCCAAAGACACTTCC,0
TTCCAACACACCATAT,0
TTCCAAGAGGGGATAA,0
TTCCAAGCCACAACCC,0
TTCCAAGTGGAATGGA,0
TTCCAATACGGATGCG,0
TTCCAATAGAGCAATA,0
TTCCAATGAAAAAGAT,0
TTCCACAATTAGCCCT,0
TTCCACAATTATCCGA,0
TTCCACCACTAACTTC,0
TTCCACGAAATGTGTC,0
TTCCACTACACTTGCA,0
TTCCACTGTTGGAGCC,0
TTCCAGCCCCTAAGCG,0
TTCCAGCTTGATAATG,0
TTCCAGGCAAAAACTG,0
TTCCAGTAAAAGAATA,0
TTCCAGTAAAGTTTCA,0
TTCCAGTACATGCGTG,0
TTCCAGTTATGTTATC,0
TTCCATAGAGATTGTG,0
TTCCATATGCACTAAC,0
TTCCATCACGGATGTC,0
TTCCATGTACACAAAG,0
TTCCATTGGCTATTGA,0
TTCCCAAAAAGTAGCA,0
TTCCCAAACGTTAAAA,0
TTCCCAAGAGTCGGCG,0
TTCCCACAAGAACCGT,0
TTCCCACAGTCCACAC,0
TTCCCACCCCTATCAT,0
TTCCCAGCCGCAAGCC,0
TTCCCAGCGTCAAAAA,0
TTCCCAGTCAAAGCTG,0
TTCCCAGTCCCATCTC,0
TTCCCATCACTGTGAA,0
TTCCCATTCGCGCAAA,0
TTCCCCATGGTGGGTG,0
TTCCCCCATAAGGGCC,0
TTCCCCCGAAAATCAA,0
TTCCCCGCGAAAACCA,0
TTCCCCGTCCCCAAAA,0
TTCCCCTACTACGCCC,0
TTCCCCTTAGACAATC,0
TTCCCCTTGCCGTCAA,0
TTCCCGAACCTTCTTA,0
TTCCCGCAGATATAAC,0
TTCCCGCGACTTGCCC,0
TTCCCGCGGGCAAATA,0
TTCCCGGAGCCAGGAG,0
TTCCCTAAATTATATT,0
TTCCCTACAGCTCGAT,0
TTCCCTCGTAGACCAC,0
TTCCCTGTACAAGCGA,0
TTCCCTTGAAATGAGA,0
TTCCGAAAGACTCGGT,0
TTCCGAAAGCCACCCT,0
TTCCGAACTTCCCGTA,0
TTCCGACACCGTTACC,0
TTCCGACTATGTACGG,0
TTCCGAGAGGTCAAGT,0
TTCCGAGTACACTACT,0
TTCCGAGTACGTTAAA,0
TTCCGATCGAGTCACG,0
TTCCGCAGAAAACGGA,0
TTCCGCCAGAGTGACT,0
TTCCGCGACCAAGGTT,0
TTCCGCGTGCAGTGTA,0
TTCCGCTAAACCTAAA,0
TTCCGCTATAGAACAG,0
TTCCGCTCACGAAACA,0
TTCCGGCTTGACCACA,0
TTCCGGTCTACATTAA,0
TTCCGTAGATCTAAAT,0
TTCCGTCAACATAACC,0
TTCCGTGACAAACAGT,0
TTCCTAACTAATGGCA,0
TTCCTCAAATACAGAC,0
TTCCTCACCGAAATTC,0
TTCCTCCTATCATGCT,0
TTCCTCGCGTTAATTG,0
TTCCTCTACACTCGGT,0
TTCCTGAAAATCAATA,0
TTCCTGAACAGTCCTA,0
TTCCTGAACCCACACA,0
TTCCTGACGTTTGAAT,0
TTCCTGATCCAAGTGA,0
TTCCTGGCACACCCCT,0
TTCCTTCCATGCCGTC,0
TTCCTTGATTACTCGT,0
TTCCTTTCTAAGTACT,0
TTCCTTTTTCCGTCAA,0
TTCGAAAACCTAGCCA,0
TTCGAACACCTCGTTA,0
TTCGAACCAATAAAAC,0
TTCGAACGATTTATGT,0
TTCGAAGTAAAACGCG,0
TTCGAATAAACCCATT,0
TTCGAATCCAAAACAG,0
TTCGAATGAATGAGAT,0
TTCGACAAACGCCGTA,0
TTCGAGAATTCAGGTT,0
TTCGAGCTTGTACTGG,0
TTCGAGTATCATATTT,0
TTCGAGTGCACCCGAC,0
TTCGATAACGTGTAAT,0
TTCGATAACTTGCCAT,0
TTCGATACTTCCAGAC,0
TTCGATATCCTATCAC,0
TTCGATATGGGGTGCC,0
TTCGATCAAGAAGAAT,0
TTCGATCCACAGTGGT,0
TTCGATGACGCTCTGA,0
TTCGATGCACTAACGA,0
TTCGATTAGTTTAACA,0
TTCGATTTTGAGTTCA,0
TTCGCAAAAGATATCT,0
TTCGCAACGTAAATGG,0
TTCGCAAGGACAACAA,0
TTCGCAAGTAATCAAA,0
TTCGCAATCAAGCGTC,0
TTCGCAGAACTGATTA,0
TTCGCATGTAATATCA,0
TTCGCCCGCGTCTGTG,0
TTCGCGAAGTGACAGA,0
TTCGCGTTGCGATATA,0
TTCGCTAAAAGGGTGC,0
TTCGCTACTACAAGTC,0
TTCGCTCCTGACGACA,0
TTCGCTGAGTGAAATT,0
TTCGCTTACAGAACCA,0
TTCGCTTCGTTATGTG,0
TTCGGAACATATCTCC,0
TTCGGAAGCTACTTGG,0
TTCGGAGTTAAGTACT,0
TTCGGATCCACTTGAC,0
TTCGGCAAGACGCTTC,0
TTCGGCAGCTTTCCTA,0
TTCGGCCTTAGAGAAA,0
TTCGGGCCAAGGCTAA,0
TTCGGGGTTAATCCAA,0
TTCGGGTCAAGTGACA,0
TTCGGTAAGAAACCCT,0
TTCGGTATTATTACTG,0
TTCGGTTATCCAACCC,0
TTCGTAACTCTTCAAC,0
TTCGTACAAAGAGTAT,0
TTCGTAGCGTATGGTA,0
TTCGTATAACTCCGTA,0
TTCGTCAAGATGCCCA,0
TTCGTCCAGAACGAGA,0
TTCGTCCTAAAAAACG,0
TTCGTCGGTGGAATAA,0
TTCGTGACGAGATGCC,0
TTCGTGCTCACACCCT,0
TTCGTTAAGTGGCATC,0
TTCGTTAGAAGACTGT,0
TTCGTTATACTGCCAT,0
TTCGTTGTACTTAAAA,0
TTCGTTTACTTGATTT,0
TTCTAAAATTATGAAC,0
TTCTAAACCAAACTGT,0
TTCTAAACCCTGATCC,0
TTCTAAAGACAAGGTA,0
TTCTAAAGTGCACACT,0
TTCTAACACACTAGAC,0
TTCTAACCGGATGCAG,0
TTCTAACCTTAGTAAT,0
TTCTAACTACTAACAG,0
TTCTAACTGTAATGAG,0
TTCTAAGGACGTAACA,0
TTCTAATATGATAGTG,0
TTCTAATCTGTCCTTG,0
TTCTAATGACCCTATG,0
TTCTAATTATATTTAG,0
TTCTACACATGAAGAC,0
TTCTACACCAAAAGTA,0
TTCTACAGAACCATCC,0
TTCTACATATATGTGT,0
TTCTACCCGAGGTCAC,0
TTCTACCTAAACGATG,0
TTCTACGGTTCAATAA,0
TTCTACTATCAATTAA,0
TTCTACTATCTTCATG,0
TTCTAGAAACATGCTT,0
TTCTAGAGAGTGCCAG,0
TTCTAGAGTGATAGCT,0
TTCTAGCTAGGAAGAA,0
TTCTAGTAAAAAATAA,0
TTCTAGTACGTCACTT,0
TTCTAGTGAAAGGTAT,0
TTCTATATGTAAGTTC,0
TTCTATCCTCAAAGTT,0
TTCTATCGTTGCCCTT,0
TTCTATCTGTAGCATC,0
TTCTATGAAAAAAGAC,0
TTCTATGCTAACCCAC,0
TTCTATTTTTAGCTAT,0
TTCTCAAAATAACCAA,0
TTCTCAACGAAACTAA,0
TTCTCACAGATCGCCC,0
TTCTCACCAAACGGCC,0
TTCTCACGAGAATAGG,0
TTCTCATAACGTTTAA,0
TTCTCCACCAGTAATG,0
TTCTCCATAGAAAGCC,0
TTCTCCCGGGTATAGT,0
TTCTCCGAGCAAATGA,0
TTCTCCTTATCTGAGA,0
TTCTCGATGTCATGCC,0
TTCTCGTGCGATATAA,0
TTCTCTCAGGACAGGC,0
TTCTCTCTTATTAGAA,0
TTCTCTGCCACTCAGG,0
TTCTCTGCCGGACATT,0
TTCTCTTACATTATCT,0
TTCTCTTCGCCCAGGT,0
TTCTCTTCGCTAAAGA,0
TTCTGAAAAAAAATAG,0
TTCTGAATATATTGAA,0
TTCTGACCCGATACCA,0
TTCTGCAAACAAGTCA,0
TTCTGCAAAGATGAGT,0
TTCTGCAAATCCATAA,0
TTCTGCAGACCCATAC,0
TTCTGCCAATCAGGCT,0
TTCTGCCCCAACAATC,0
TTCTGCCGGGTAGCCC,0
TTCTGCGCGGGAGTGG,0
TTCTGCTTTAACAGTT,0
TTCTGGACCTCCTTTA,0
TTCTGGTTAAAACCAG,0
TTCTGTAGAAAGTCAA,0
TTCTGTATAAGTTATA,0
TTCTGTATAAGTTATC,0
TTCTGTCAGTATCAAA,0
TTCTGTGTGGAACTGG,0
TTCTGTTGCTATTTCG,0
TTCTTACACTAGTTTC,0
TTCTTACCGAAAGCTA,0
TTCTTACGAGCCAATG,0
TTCTTACGGCACGAAA,0
TTCTTATAAAACCCCC,0
TTCTTATACCACCGAA,0
TTCTTATGAGACCTTA,0
TTCTTATGTCTAGAAC,0
TTCTTCACCTGAAAAA,0
TTCTTCAGCTAACAGG,0
TTCTTCATACCGTCAA,0
TTCTTCGACATTCCGG,0
TTCTTCGTATCCTTCA,0
TTCTTCTCAACTCATT,0
TTCTTGAAATGCACTT,0
TTCTTGAACATCCTCA,0
TTCTTGCCGAAGTAGA,0
TTCTTGCTCATTTAAG,0
TTCTTGGAACAGGTGA,0
TTCTTGTCGCATACCC,0
TTCTTTAATCGCATGC,0
TTCTTTATAGCTAGAA,0
TTCTTTATTATAACGA,0
TTCTTTCAAAGAAAAT,0
TTGAAAAAAACTACAT,0
TTGAAAAACACTGATC,0
TTGAAAAAGCACATTG,0
TTGAAAAAGCCCCGCC,0
TTGAAAAAGTAGGTGA,0
TTGAAAAATTAACAAT,0
TTGAAAACAACCTAAC,0
TTGAAAACGGACAGCG,0
TTGAAAATTCTAGGAC,0
TTGAAACATACCACTA,0
TTGAAACATATACTAT,0
TTGAAACGGACCCCCA,0
TTGAAAGACTGTAATT,0
TTGAAAGTAGAGATTA,0
TTGAAATAATGAGACT,0
TTGAAATACCTTAACG,0
TTGAAATGTTTTCTTG,0
TTGAACAAATAAAACG,0
TTGAACAGACCCTGCC,0
TTGAACAGTCCCATAA,0
TTGAACATAAAAAAAG,0
TTGAACATCTTTACGG,0
TTGAACATTGTCTGGG,0
TTGAACCGATTTAAAA,0
TTGAACCTAATCCCAT,0
TTGAACGAACGATAAA,0
TTGAACGAACTACAGA,0
TTGAACGAATCATATC,0
TTGAACGATACCAAGT,0
TTGAACTAATAATGCT,0
TTGAACTTAGCTGAAA,0
TTGAAGAAAATCATTA,0
TTGAAGAGAGTCAACT,0
TTGAAGAGCAACGATT,0
TTGAAGATAGAATGAT,0
TTGAAGATTCAACGGC,0
TTGAAGCCCACCTATT,0
TTGAAGCCTGTATATC,0
TTGAAGGACAAACAAA,0
TTGAAGGCATAAAATT,0
TTGAAGGTCCGTGAAC,0
TTGAATAACTAACGAT,0
TTGAATACAATCAGCG,0
TTGAATAGAACAAGCG,0
TTGAATATAAATGGGC,0
TTGAATATAACAAGGG,0
TTGAATATACCAAGTC,0
TTGAATATCCAACCCA,0
TTGAATCAAAAAACAA,0
TTGAATCGAGGGATTA,0
TTGAATCTACATGCGT,0
TTGAATCTCCGGACAG,0
TTGAATCTGTTGTATA,0
TTGAATGGGAATTTAA,0
TTGAATTTAAAGCCAT,0
TTGAATTTCAATATGT,0
TTGACAAGTTAGACCC,0
TTGACAATGCATTACT,0
TTGACACACTGATTAG,0
TTGACACATAGGCAGT,0
TTGACACATGGTGAGG,0
TTGACACCAAATGCAT,0
TTGACACGGGGGTAAC,0
TTGACAGAGTCCCCCC,0
TTGACAGGTAACCGCT,0
TTGACCAACCTCATGT,0
TTGACCCGATCTAATG,0
TTGACCTTAAAAATAA,0
TTGACGAGGGGAGACT,0
TTGACGCAAACTCTGA,0
TTGACGCACAGGAGGA,0
TTGACGCGCATGTCTA,0
TTGACGTGAACTGAAA,0
TTGACTACAATAGTCC,0
TTGACTACCGAAGGAT,0
TTGACTTGCAGAGTAT,0
TTGACTTTACCCTATC,0
TTGAGAAACAGTGACA,0
TTGAGAACCTGACCTC,0
TTGAGAATCAATGTGA,0
TTGAGACGTCCTTACA,0
TTGAGAGAGAGAATGG,0
TTGAGAGGGCCACAAA,0
TTGAGATAAAATCGGT,0
TTGAGATAAATCGAGG,0
TTGAGATCCACACCCT,0
TTGAGCATAATTGACG,0
TTGAGCCAATCTATCA,0
TTGAGCCGCTGACTGG,0
TTGAGCCTCACCCATT,0
TTGAGCGCTATAAAGC,0
TTGAGGAACCCACTGA,0
TTGAGGATTATAAAGA,0
TTGAGGCGAATGAGCA,0
TTGAGGGAGCCTATAT,0
TTGAGTACATTCGTTT,0
TTGAGTACCGATCGAT,0
TTGAGTATGCGTCAAT,0
TTGAGTGTAAAATGAC,0
TTGAGTGTCAGCAGAC,0
TTGATAAATATTTTAC,0
TTGATAATAATACCCC,0
TTGATAATAGGCACTT,0
TTGATAATCCTGCACG,0
TTGATAATTTACAAAA,0
TTGATACAGCCGATAC,0
TTGATACATTAAGAAT,0
TTGATACCAGCCAGAA,0
TTGATACGTCCTCAGC,0
TTGATAGTATCCAGAG,0
TTGATATGCCAATAGT,0
TTGATCCCCACCAAAT,0
TTGATCCTCCCGAACA,0
TTGATCGCATCCGCAT,0
TTGATCGTGAATGAAG,0
TTGATCGTGGATGAAG,0
TTGATCTTGATCCATC,0
TTGATGACGTGAGTCT,0
TTGATGATACCCAGAA,0
TTGATGCTCATAAAAT,0
TTGATGCTGTTCAACC,0
TTGATTAAACATTCTA,0
TTGATTCTCCACACCG,0
TTGATTCTCCCCCCAA,0
TTGATTTATACATTGA,0
TTGATTTCCGACGATT,0
TTGATTTCGTTTTCAC,0
TTGATTTGTCCATAGG,0
TTGCAAACAAGAAAAA,0
TTGCAAACTCTAGTAT,0
TTGCAAATATATATAG,0
TTGCAACAGAGCGATA,0
TTGCAAGAAAATAAGG,0
TTGCAAGACATACTCT,0
TTGCAAGATAACACAA,0
TTGCAAGTTGAACAGA,0
TTGCAATCCAATGTGG,0
TTGCAATGATTGAAAA,0
TTGCACAAGATGGGCT,0
TTGCACACAAGCAACA,0
TTGCACGCCAAGTAAC,0
TTGCACTAATCAAAAA,0
TTGCACTATTCCGCAT,0
TTGCACTCCGGGCTGA,0
TTGCAGAATAACTCAT,0
TTGCAGACCGACGCCA,0
TTGCAGCCCCGATTAG,0
TTGCAGCTCAACTAGT,0
TTGCAGTACAAGGCTT,0
TTGCAGTATGCATTTG,0
TTGCATAAATAAGAAA,0
TTGCATACCACACTCA,0
TTGCATAGTGTAAAAA,0
TTGCATATAGGCTTTT,0
TTGCATATCTGACGAC,0
TTGCATCACTTAGCCC,0
TTGCATCGGGCCTCGA,0
TTGCATCTCTTTCCGT,0
TTGCATGCCCCTGACT,0
TTGCATGTTATCTTCC,0
TTGCATTGCCTACTTA,0
TTGCATTTGCGGATCA,0
TTGCCAAAGGACTCAC,0
TTGCCACAGTTGTATG,0
TTGCCAGTAGTTTACT,0
TTGCCCATTTAACATC,0
TTGCCCCTGATCACTT,0
TTGCCCTTTCTGTTAC,0
TTGCCCTTTTAACAAC,0
TTGCCGCAACGCTACT,0
TTGCCGGACGTATTTT,0
TTGCCGTCTTTGCCAA,0
TTGCCTATTTTAACTC,0
TTGCCTTGAAACGGTT,0
TTGCGAGATATGTTCA,0
TTGCGATAAATAACAA,0
TTGCGCAATTCTGGAA,0
TTGCGGACACTTGTGA,0
TTGCGGCTGAAAATCA,0
TTGCGGGGCTCTTGGT,0
TTGCGTAGACTGACCC,0
TTGCGTCCGAACTCTA,0
TTGCGTCTTAAAAGAC,0
TTGCGTTCCAACTAAC,0
TTGCGTTTTAGTTACC,0
TTGCTAAACGTGAATA,0
TTGCTAAATGGAAGAG,0
TTGCTAATAAGCAAAA,0
TTGCTAATTTAAAGAG,0
TTGCTACAATATGGAC,0
TTGCTACACATGTCGA,0
TTGCTACCTTCCAAGT,0
TTGCTAGCAACCGAGA,0
TTGCTAGGGCAAACAC,0
TTGCTATCCTCACCAA,0
TTGCTCAAATAAGATT,0
TTGCTCCTCCGTGCTC,0
TTGCTGAATAACCAAA,0
TTGCTGAATAACGAAT,0
TTGCTGAATACCACAA,0
TTGCTGACAACTACAG,0
TTGCTGACGCAAAAGT,0
TTGCTGAGTAATGGTT,0
TTGCTGCAAACAGCCA,0
TTGCTGCCAAGACGAC,0
TTGCTGTAATATAAAA,0
TTGCTGTAATGTCATA,0
TTGCTTACCAATCTTA,0
TTGCTTGTCAAATCTA,0
TTGGAAAACTAACCCG,0
TTGGAAAATTGAAAGA,0
TTGGAAACGACTGAGT,0
TTGGAAACTGCCTTAT,0
TTGGAAAGGAAAGAAA,0
TTGGAAATTTTGCATC,0
TTGGAACACAAACACC,0
TTGGAACGCGATCTAT,0
TTGGAAGACCTAACAA,0
TTGGAATCTCGAATGA,0
TTGGAATCTTTGTCAT,0
TTGGACAAATGCGAAA,0
TTGGACAGCCAACACA,0
TTGGACCCTACATAGA,0
TTGGACGCACGGAGTT,0
TTGGACGCGGGGGTCA,0
TTGGAGACTTATCACT,0
TTGGAGCAAAAACCGC,0
TTGGATAAACAATATA,0
TTGGATCCGAGAGAGC,0
TTGGATCTCCAACGAA,0
TTGGATTGGGATAATC,0
TTGGCCACCAAACACA,0
TTGGCCGAAAACCTTA,0
TTGGCCGTCGATGAAG,0
TTGGCTAAACCCTCAT,0
TTGGCTCACGGATAAA,0
TTGGCTCCCACAAAAT,0
TTGGCTCTCCAAAGGA,0
TTGGCTGTAGTCGCTT,0
TTGGGATAATGTACGA,0
TTGGGCTCTAGCAAAT,0
TTGGGGGCCATCAATA,0
TTGGGGGCTTAAAAGT,0
TTGGGTTAAAATAAGG,0
TTGGTAAGTCGAAACA,0
TTGGTAGCTTTACCTA,0
TTGGTATACTACACCT,0
TTGGTATAGACAGTGT,0
TTGGTCCGCATCTCCA,0
TTGGTCCGTAGCCATC,0
TTGGTCTGCTCTACAC,0
TTGGTCTGTACGACGA,0
TTGGTGAGTGTCACAT,0
TTGGTGGAAAGCTTCA,0
TTGGTGGCTATATCGG,0
TTGGTGGTGTCCCCCG,0
TTGGTTAACGTACACG,0
TTGGTTAATGTTGCCT,0
TTGGTTCGACCCTCAA,0
TTGGTTGAAGGAGACC,0
TTGGTTGGGGGTATCC,0
TTGGTTTATGAGAATA,0
TTGGTTTTTCTTCCAA,0
TTGTAAAAAAAACAGC,0
TTGTAAAAAAAGATTT,0
TTGTAAAAAGACAAAC,0
TTGTAAAAGCTAAATA,0
TTGTAAAGTTGAAAAA,0
TTGTAACAAAGAGGTC,0
TTGTAACCTGGATTTA,0
TTGTAAGGCGACTATA,0
TTGTAAGGGGTATTCT,0
TTGTAAGTTGGTAAAT,0
TTGTAATAATAAAACT,0
TTGTAATGCGAAGACT,0
TTGTAATTACACTCTT,0
TTGTAATTGATAAAAG,0
TTGTACAAACGAAAAA,0
TTGTACAGTTATAAGT,0
TTGTACCAATGATATA,0
TTGTACCCGATTTATG,0
TTGTACGTATCCCATC,0
TTGTACTAGACAGACA,0
TTGTACTTCGACAGCT,0
TTGTAGCAGACCGGAG,0
TTGTAGTACAAACCAA,0
TTGTAGTCCTGTAAAA,0
TTGTAGTCTCCAACCC,0
TTGTATAGTGAGGGTG,0
TTGTATCGCTGGACCC,0
TTGTATGATACAAACG,0
TTGTATTACACCCCAG,0
TTGTCAACTCACTAAT,0
TTGTCAATTACGTTGA,0
TTGTCAATTGAGAGGA,0
TTGTCACTGTAAAGCA,0
TTGTCAGACCCTACAG,0
TTGTCAGAGACGCGGT,0
TTGTCAGGCTTAAGAC,0
TTGTCATACTATTAAA,0
TTGTCATATGAATTGT,0
TTGTCATCCTGAGGGC,0
TTGTCCAGCAACAATC,0
TTGTCCCTCGACTACG,0
TTGTCCTAGTTGAATC,0
TTGTCGAACTTAGATT,0
TTGTCGACAATGATTT,0
TTGTCGGATACATCAA,0
TTGTCGGGTATCTTCT,0
TTGTCTCAAGGTCATA,0
TTGTCTCACTATGAAA,0
TTGTCTTGGCTGATGG,0
TTGTGAAGTATGTAGG,0
TTGTGACCAATATAGT,0
TTGTGACGGATTGTTA,0
TTGTGACGTACGGGCC,0
TTGTGAGAGCACTTTA,0
TTGTGATCTTGAGCGT,0
TTGTGATTGAACTGGG,0
TTGTGCAACGGATACG,0
TTGTGCATGCGAGCTA,0
TTGTGCCGAAGACCGC,0
TTGTGCTATTAAGACT,0
TTGTGGGTTTTAATTA,0
TTGTGGTATAAACTTT,0
TTGTGTAAGGTATACT,0
TTGTTAAACGTGAATT,0
TTGTTACAAGACAGAA,0
TTGTTAGCGACTAACC,0
TTGTTAGGAGTTCGAA,0
TTGTTATATCTTGCCC,0
TTGTTATCATGTTCGG,0
TTGTTATCTTTTTCGA,0
TTGTTATTGAAAAAAC,0
TTGTTCCCCATAGCCC,0
TTGTTCCGAAAGCCTC,0
TTGTTCTGTGGACTTG,0
TTGTTCTTACCAAGGA,0
TTGTTCTTGTACCAAA,0
TTGTTGAGAAGGACTA,0
TTGTTGGAATTAATAC,0
TTGTTTAAACTGTTCA,0
TTGTTTCATATACACA,0
TTTAAAAATATTAAAT,0
TTTAAAACAAAACAAA,0
TTTAAAACACGGTGCC,0
TTTAAAACTCCTAAGC,0
TTTAAAAGATGACTCT,0
TTTAAAAGCCCAAGTC,0
TTTAAAAGGCCTCGAT,0
TTTAAAATCTCTAATA,0
TTTAAACAAAGATGTA,0
TTTAAACATAACAACA,0
TTTAAACATCATGGGT,0
TTTAAACCGGGCAAAC,0
TTTAAACTTATAACGA,0
TTTAAACTTTGCAGGA,0
TTTAAAGAATCTAAGA,0
TTTAAAGATTATATAA,0
TTTAAAGGGAGTTTGG,0
TTTAAAGTCACCGCAA,0
TTTAAATAAATATCAT,0
TTTAAATAAGAACCAA,0
TTTAAATAATATGAAT,0
TTTAAATACACTGAAC,0
TTTAAATATCTACTGT,0
TTTAAATCCAAAGAAA,0
TTTAAATTCTTATGCA,0
TTTAAATTTTTTAATC,0
TTTAACAAAAACAACA,0
TTTAACAATTATAAAT,0
TTTAACATGGAAGCCC,0
TTTAACCAAATTCCCG,0
TTTAACCAGCATCACC,0
TTTAACCAGTAAAAAT,0
TTTAACCCAAGGAACT,0
TTTAACCGAACAAATC,0
TTTAACCGCTGGCCTA,0
TTTAACGAGAATCATC,0
TTTAACGGCTAAGGTA,0
TTTAACTCGCCAACAC,0
TTTAACTTCATCAAAA,0
TTTAACTTTAAGAGAA,0
TTTAAGAAATCTTATG,0
TTTAAGACAAAACTAC,0
TTTAAGAGAACAAATG,0
TTTAAGAGATTCTCGA,0
TTTAAGATAGCTATCT,0
TTTAAGATAGTAAAGT,0
TTTAAGATAGTAGAGT,0
TTTAAGCAAACAGACT,0
TTTAAGCAAAGTAACC,0
TTTAAGCTTGAGATTA,0
TTTAAGGAAATCAAAA,0
TTTAAGGCTCGCAGGC,0
TTTAAGTAACACTGAC,0
TTTAATAAAAATACAC,0
TTTAATACAATGAAGG,0
TTTAATACAGCGGATG,0
TTTAATATGAACCCTG,0
TTTAATCCGTTAACAT,0
TTTAATCCTTTGGCGA,0
TTTAATCTAAACCAGC,0
TTTAATCTCCTGATTA,0
TTTAATGGGTTTTTCA,0
TTTAATGTACCCTTAT,0
TTTAATTAAACTACCT,0
TTTAATTGTATAATGT,0
TTTACAAAGACTATGA,0
TTTACAAGTAAATTAC,0
TTTACAATTAATACAC,0
TTTACACAAAGACTTC,0
TTTACACAACTTCAAA,0
TTTACACGAATTGCGG,0
TTTACACTCCTGAGAA,0
TTTACAGCCAATTTAT,0
TTTACAGGGATGGCAG,0
TTTACATACATAACCA,0
TTTACATATAAAAGGA,0
TTTACATTTAATAGAC,0
TTTACCAGAGAAGCAA,0
TTTACCAGTTGGGAGC,0
TTTACCCAAAATCACA,0
TTTACCCTGCGATCAA,0
TTTACCTAACATAAAC,0
TTTACCTAGCACGGAC,0
TTTACGAAAAAGACAT,0
TTTACGAAATTTAGTC,0
TTTACGGCAAAACTTA,0
TTTACGTGAAATATTG,0
TTTACTACCACAGGAT,0
TTTACTATAATGGGAG,0
TTTACTCGTACAAGGG,0
TTTACTCTCAAAATAA,0
TTTACTCTTTGGGGAC,0
TTTACTGTATTCCCGG,0
TTTAGAAAAGGATTAT,0
TTTAGACCTGCATAAG,0
TTTAGACTCGCAAATA,0
TTTAGACTGGTATTTG,0
TTTAGCAAGCAAAATT,0
TTTAGCAGTATCCAGG,0
TTTAGCGATCATACAC,0
TTTAGCGATGCTAACG,0
TTTAGCGCTGAACCTT,0
TTTAGCTAGCGGCGCC,0
TTTAGCTTAATCACTG,0
TTTAGCTTAGGTCAAA,0
TTTAGCTTATAAGCGT,0
TTTAGGAAAATCGACC,0
TTTAGGAAGTCTTTTT,0
TTTAGGACAATAAAAC,0
TTTAGGAGTCAATCGT,0
TTTAGGCCCCGATCAG,0
TTTAGGCTGATCGATC,0
TTTAGGGACATGCAGA,0
TTTAGTAAAGAAAAAG,0
TTTAGTACGCTAAACC,0
TTTAGTCAATAGGAAG,0
TTTAGTCACTCGGGAA,0
TTTAGTCCCTCGATCT,0
TTTAGTCGTGAGATCA,0
TTTAGTGAAAGCTCAA,0
TTTAGTGAGATGAACT,0
TTTAGTGTCCAAAAGA,0
TTTAGTTATACTTTAG,0
TTTATAAAACGCCGAT,0
TTTATAACGACCACCG,0
TTTATAACGCTGACTG,0
TTTATAACTGATAACA,0
TTTATAAGGCTCCCCT,0
TTTATACCCAGGATTG,0
TTTATAGAAACCTAAA,0
TTTATAGCTCATTTCG,0
TTTATAGTCGTACCAT,0
TTTATATAAAGCGTGG,0
TTTATATATATATAAA,0
TTTATATATGAAACAT,0
TTTATATTAGATTCAA,0
TTTATCCAATTTGCAG,0
TTTATCCGACATCAAC,0
TTTATCGGACAAACAA,0
TTTATCTCTCTCTCTC,0
TTTATCTGGACGCTTG,0
TTTATGAACCCTCGCG,0
TTTATGACAGCAAAAG,0
TTTATGACAGCAGCCA,0
TTTATGACCAAATGGT,0
TTTATGCCAATCGGAA,0
TTTATGCCATTCTAAA,0
TTTATGCCCGAAAAGT,0
TTTATGCGATGCTCTG,0
TTTATGGACGTGTAAA,0
TTTATGTAACACCAAG,0
TTTATGTTCATCTATA,0
TTTATGTTCTGCCATA,0
TTTATTAATGAAACAA,0
TTTATTATACTTATAT,0
TTTATTATCCGTTACC,0
TTTATTCAGAGGACAA,0
TTTATTGATCGGCGAA,0
TTTATTTACGAACTTT,0
TTTATTTGGAACAAAG,0
TTTCAAAAATGAACTA,0
TTTCAAACCTTAATAG,0
TTTCAAATAATAACCT,0
TTTCAAATACGAAACT,0
TTTCAACCCCTCTAAA,0
TTTCAACTGATGAACT,0
TTTCAACTGGGCGAGG,0
TTTCAAGCCACTTAGA,0
TTTCAAGTACCGTGGA,0
TTTCAATACGAATCCC,0
TTTCAATAGGTGTCAA,0
TTTCACAAGTAAATCA,0
TTTCACACCTAGTTTG,0
TTTCACAGAACGCATT,0
TTTCACATGGATCCAA,0
TTTCACCAATTTCTCA,0
TTTCACCTGCTTTGGG,0
TTTCACGAACTACAAG,0
TTTCACTATCAAGATG,0
TTTCACTGACATTTCG,0
TTTCACTTACACAGTC,0
TTTCACTTCTGCATGA,0
TTTCAGCACGAACACA,0
TTTCAGCTGAGCTGTG,0
TTTCAGTACTACCATA,0
TTTCATAATCAAAAAA,0
TTTCATAATGTCACTC,0
TTTCATAATTAAAAAC,0
TTTCATACACGACTCC,0
TTTCATAGTCAAATAG,0
TTTCATCAAGCAGTCC,0
TTTCATCCCATAACAA,0
TTTCATCTCGACATAC,0
TTTCATGCCCATATGT,0
TTTCATTAACACCAGC,0
TTTCCAAAGCTTAGCG,0
TTTCCACGATAACTGA,0
TTTCCAGCCAAGCCCC,0
TTTCCAGTAGACGTGG,0
TTTCCAGTCTACGTGA,0
TTTCCATATATAAGAC,0
TTTCCATATCAAGCGC,0
TTTCCATCTATCCGTA,0
TTTCCCGGACATACCG,0
TTTCCCTTTGTCTGCG,0
TTTCCGACCCAGACCA,0
TTTCCTAGAATATACC,0
TTTCCTATTCGCATCC,0
TTTCCTCACGAAAACC,0
TTTCCTCGAGATGTTC,0
TTTCCTTTCATGATTG,0
TTTCGAAACAAAGCGC,0
TTTCGAAATCTAGCCT,0
TTTCGACGATAGTGGT,0
TTTCGATCAAATTCAC,0
TTTCGATTATGCCAGA,0
TTTCGATTTTTGCTCA,0
TTTCGCACACGCAATA,0
TTTCGCCAATCCACTT,0
TTTCGCCCGAATAAAG,0
TTTCGCGCAGCTCATG,0
TTTCGCTGAACAAACC,0
TTTCGGCCAGTTGTGT,0
TTTCGTAATCATAAAC,0
TTTCGTATAACTCCCG,0
TTTCGTCATTCCTTCA,0
TTTCGTCTCAATGTAT,0
TTTCGTGGACTTGCTA,0
TTTCGTTAGGATGAAC,0
TTTCGTTATATCACTC,0
TTTCGTTGATCGAGGT,0
TTTCTAAAGACTACAC,0
TTTCTAAAGTATTGAC,0
TTTCTAAATTAACTTG,0
TTTCTAACCCACTTGG,0
TTTCTAATAAGGGTCT,0
TTTCTCAAACTCTGGC,0
TTTCTCAACCCTACAA,0
TTTCTCCATCGATACA,0
TTTCTCGGCTTACCCT,0
TTTCTGAAACCTTCTC,0
TTTCTTACGATAAGCC,0
TTTCTTATGAACCATG,0
TTTCTTCTCTGTGGGA,0
TTTCTTCTTCCGGACA,0
TTTCTTGAACATACAA,0
TTTCTTGAAGCGATTA,0
TTTCTTTACAACTGCA,0
TTTGAAACACCTAATA,0
TTTGAAACAGTTACCT,0
TTTGAAACCACGGTGA,0
TTTGAAACCATAATAA,0
TTTGAAACTGTGATTA,0
TTTGAACAGCAATGTA,0
TTTGAACTACCTACAC,0
TTTGAACTTAGAAGTT,0
TTTGACAAAAAAGAGG,0
TTTGACAATTAAGTAC,0
TTTGACAGCAGTATTT,0
TTTGACAGGTTTGTTA,0
TTTGACATCATGCCCC,0
TTTGACTATTCTTAGT,0
TTTGAGAGGTACAAAA,0
TTTGAGATATGCAACA,0
TTTGAGCAAGATCCGA,0
TTTGAGGCTTAATAGC,0
TTTGAGTTGGTATTTC,0
TTTGAGTTTTGGAGCA,0
TTTGATAACTTATCCC,0
TTTGATAAGTCGTATA,0
TTTGATACCACCGGAC,0
TTTGATAGAATGAGAA,0
TTTGATCATAGGGGAA,0
TTTGATCTTAAAACTA,0
TTTGATTTCTATAACA,0
TTTGCAATACTAGCAG,0
TTTGCAGATATTCAAG,0
TTTGCATACAGTGTGG,0
TTTGCCAAATAACTGC,0
TTTGCCCAAAATATAC,0
TTTGCCTGTGAATCAA,0
TTTGCGATCCGAAGTC,0
TTTGCGCACATATGTC,0
TTTGCGGCAACCGTAC,0
TTTGCTTGTTTCCCTT,0
TTTGCTTTTACTTAGC,0
TTTGGAAATGCGTGAA,0
TTTGGAAGCGCCTCTT,0
TTTGGAATCACCTAGT,0
TTTGGAATGGGCGAAC,0
TTTGGAATTAATCTCG,0
TTTGGACCCGAGGCAG,0
TTTGGAGATAACCGGG,0
TTTGGAGATCAGGAAA,0
TTTGGAGGGGTTACAC,0
TTTGGATCGAAAATCA,0
TTTGGCAATTGCAGCT,0
TTTGGCATCCCATCTA,0
TTTGGCCGAATCCTAG,0
TTTGGCTCCCTGATCA,0
TTTGGGCAAATTACCA,0
TTTGGTAACACATAGG,0
TTTGGTAATCCATGAC,0
TTTGGTACAGTGCCCG,0
TTTGGTACCGAGCGTA,0
TTTGGTCTTTATCCAG,0
TTTGGTGAGGCTATCA,0
TTTGGTTACTTCCTGC,0
TTTGGTTCCGACCCAT,0
TTTGGTTCTAAAGCGT,0
TTTGGTTCTCGACAAC,0
TTTGTAAATAATGCGA,0
TTTGTAATTACCCGCC,0
TTTGTACTGCTGAAAC,0
TTTGTACTGTACAGGA,0
TTTGTAGACTATTAAG,0
TTTGTAGAGACCGATG,0
TTTGTAGCCTTACATT,0
TTTGTAGGCTATAGTG,0
TTTGTATAGTCGTATC,0
TTTGTATCCACGCGCT,0
TTTGTCGGTTAGGCTA,0
TTTGTCTATGAAACGC,0
TTTGTGAAACTACTGG,0
TTTGTGAAATGTCAGA,0
TTTGTGTATAAAACTC,0
TTTGTTCAACAAACCT,0
TTTGTTCATCCAGACG,0
TTTTAAAAACATAAAG,0
TTTTAAAAAGGTGCAG,0
TTTTAAAAGTAAGCCG,0
TTTTAAACAAAAAGCT,0
TTTTAAAGTAGGACTA,0
TTTTAAAGTCCCCCAT,0
TTTTAAATAACAAAAA,0
TTTTAACCAGTTGAAC,0
TTTTAAGAAGATCCTG,0
TTTTAAGAAGGATGCT,0
TTTTAAGAGGCCAGTC,0
TTTTAATGCTAAAACC,0
TTTTAATTCCGAGAGA,0
TTTTACAACGAAATAA,0
TTTTACACTGACTTAC,0
TTTTACAGGAAACCCA,0
TTTTACAGGAAACCTG,0
TTTTACCAACTCAGTG,0
TTTTACCAGGAAACCT,0
TTTTACCATCGCTGCG,0
TTTTACCCACAATATA,0
TTTTACCTGTACGAAT,0
TTTTACGAAAACCATC,0
TTTTACGAAAACTATA,0
TTTTACGCATAATGCG,0
TTTTACGTAACTTCAT,0
TTTTACTACTCACCAG,0
TTTTACTCTCCCCATG,0
TTTTACTTCATGAAGC,0
TTTTAGACGTTCGTAA,0
TTTTAGATTGATGAAC,0
TTTTAGCACTCAGTTG,0
TTTTAGTCAGATTACC,0
TTTTATAAAATGTCAT,0
TTTTATAAGATCAGTT,0
TTTTATAATATAATCC,0
TTTTATACCAAACGCA,0
TTTTATACCACCACAA,0
TTTTATATGCGTGACA,0
TTTTATCACAAGTCAC,0
TTTTATCCAACTCGAA,0
TTTTATCCGAAGAGTG,0
TTTTATGATTCTGACT,0
TTTTATTTAGGAGAAT,0
TTTTCAAAGTAAGACA,0
TTTTCAAATTCAACTC,0
TTTTCAAGCGCCGAAA,0
TTTTCACGAACCGACC,0
TTTTCAGAGTTGAAGC,0
TTTTCAGCATTCGCAA,0
TTTTCATACAATAGCT,0
TTTTCATTGCAGGCGT,0
TTTTCCAATACTTGAT,0
TTTTCCATATGTCGTT,0
TTTTCCCATAATGAGA,0
TTTTCCCCAGTTTAAT,0
TTTTCCGAAAGCTTGT,0
TTTTCCGAGAACAGAA,0
TTTTCCGTAGAAATTC,0
TTTTCCGTATCGTAAT,0
TTTTCCTGACCGAGAC,0
TTTTCCTTACTAGACA,0
TTTTCGACACGCCGTA,0
TTTTCGACAGTAGAAG,0
TTTTCGAGGCTCTATT,0
TTTTCGATCGACCGAG,0
TTTTCGCCTTACCGTA,0
TTTTCGTACACACATA,0
TTTTCGTCTGGATCCA,0
TTTTCTAGAAAGAATG,0
TTTTCTAGTAGTATAA,0
TTTTCTCAACCTTCGG,0
TTTTCTGACACAATAT,0
TTTTGAAACAATTTCT,0
TTTTGAAAGATAAGAT,0
TTTTGAAATCGCATCT,0
TTTTGAAGGAGCACAT,0
TTTTGAATAAGTGGAA,0
TTTTGACCTGTCCCCA,0
TTTTGACTAATGAAAT,0
TTTTGAGGCTTAAGAT,0
TTTTGAGTACCAAAAC,0
TTTTGAGTGCAGTACT,0
TTTTGATATAGCCTAC,0
TTTTGATGTTCGCGAT,0
TTTTGATTAACCAGCA,0
TTTTGCACCTAAACGG,0
TTTTGCCAGACCCTTG,0
TTTTGCGTTCACGCCA,0
TTTTGCTTGTCACTGG,0
TTTTGGATTAACATTA,0
TTTTGTCTCCATTATA,0
TTTTGTGATAACCATA,0
TTTTGTGATACGTCGG,0
TTTTGTGTTTTTGCAA,0
TTTTTAAAGTGCAAGA,0
TTTTTACAGACACCTA,0
TTTTTACCATCCTTAA,0
TTTTTACCCGGGACGT,0
TTTTTATACGTTCTCT,0
TTTTTATGTAAAGTCA,0
TTTTTCAGATGATAAA,0
TTTTTCATTCTTCCGC,0
TTTTTCCCGGCGTCGA,0
TTTTTCCTGCTAGCGA,0
TTTTTCTTTTAGTACC,0
TTTTTGATACGCTGTG,0
TTTTTGGAAAGTGATA,0
TTTTTTAAGAACTGGA,0
TTTTTTACTTATAACC,0
TTTTTTGGGACCACTG,0
TTTTTTTCCAAGGCCG,0
TTTTTTTGGTTACAAG,0
TTTTTTTTTCATTCTG,0
