barcode,count
TGAATAAATGCTCTAA,52811
TGTTGTAATATACTAA,37596
AGCCCTGTTTCCGTGG,36305
GGTCTACCCGTGACTG,34478
TGCCTGCAATCTCTAC,34022
ACATTTTCACCTCAAA,33402
ACAAGGACAGAGCGAA,32915
TATCACCTTCCGTAGT,30085
GCAATACCAAATAAAG,29174
TCGAACCGCGCTGCCC,27743
CCTAGTACTCCTAAAA,27713
ATTAATGTTCCTACAA,27139
CACTCACCTTAATGAG,26043
AGGAATGCCCGTTAAG,25624
TAGACCCATAATTTAG,25548
TACGAACATTCAGAGG,24729
ACCACCACTCAAACTC,24527
CGAATACAATAAATTC,24190
CGGAAATCTTGTGAAT,23174
CGCAAAACCCCAGCCA,23079
TCTATACCAACGCGAA,23078
TTGCTCGTTCGAGGCT,23055
ACCCATTTGTCACCCT,22551
ATTTGTCAGATTCTGA,22206
AAGACTTTCCAATTGT,22195
AAGTCAGCCATCAACG,22101
GGCAACGAGTTCATTG,22019
CGAACACCCAATGTGA,21888
ATATTTCAAGGGTGAA,21867
GCAACGAGACGATCAA,21743
CATTACCGTTTTGATA,21627
CCAGGGATGAGAGATA,21163
TGTTGGATCCTGAGTA,21113
CAAATATGTTATGATC,20997
ACCTTGATGTCCGAAA,20700
TACCGAGTAATGCACC,20690
TGGGTGCCCTAAAACT,20360
CTAAGATTAGTAAATA,20334
GAAGAATCAGTACTAG,20264
TCTTTTATAAATATGT,20107
AGCCCCTAGACGGCAG,19900
ACATTAGCGACAACAC,19644
CGGCTCCAACCCAGAC,19464
AAAGCATCTGTGTCAA,19418
TTGGACGCACGGAGTT,19326
TTCTGGTGGTCGATTC,19185
ATAATCTACCGTAAGA,19066
AAACAATTCAAGTGGT,18941
TATAGTCCTATCATAG,18906
GAAAAAACATCTTAAT,18900
TATCGGATGAGAGGTA,18837
CTAAAACGGCTACGTC,18323
GGTTTTTTACCAAACA,18292
CCGTCCACTTCTAGAG,18242
ACCAAGGTACCTAAAA,18217
ATAGATATCATCAAAC,18206
TCCGACTGGAATGTGA,18022
GGAGCAATGACGAAAC,17833
CCTTTCTTGCGATGTA,17816
GCATAATGATAATGCC,17809
TCCAAGCAGTGCAAAC,17774
CGACGGAGTCAATAAC,17765
CACTATGACTATAGAG,17748
TACGTAATCTCAAATT,17667
GAAACGTATGCAGTAA,17638
TGAGTTGTGTCCCGCT,17633
CCCATTGCTAAAGAAC,17619
CCTCAAAGAGCTAGCG,17552
TCACGAGACAGGAAGG,17449
CACTTACCCACATTGC,17329
CCATTACAGTACTCGA,17273
TGGTGACCCGTATAGA,17206
CAGAACCCGCCACAGT,17130
GGATATTAAATTAATC,17085
TATGGTTGCGTCAGCG,17082
ATCGCAACCTCGGTAC,17072
GCGGCAAGGAAATAAC,17049
ATGACAATTAGACAAG,16999
CCCCACATATAACCTC,16991
TACAACATACGATCTC,16762
GCGAAACCAAGCGCAA,16740
CTTGGGGTCCGTAAAG,16714
TCGATATGAGACCACC,16665
AGGATATAAAAACTAC,16644
TGATACGGCCAAAACA,16629
CTGTAAATAAGCTCAT,16583
AGCCGGCTCATATTTC,16508
AACACCGTAGTGAACC,16425
GGATATATCGATTTGA,16397
TGCAAAGCCCCGACTG,16147
TGAAAATCCTTGAAAT,16112
CGGGCGAAAAATCTAC,16088
TAACGGACTGAGCAAT,16030
ACCGTCTTATAGCTTG,15988
CTTTATGAATAGACCA,15955
AGACATGGTTGTTTGA,15927
ACTGCAACTCTGAGTC,15799
CTATCGGCTGCACTGC,15767
GATCGGAAAAAGTGTA,15727
GCCTTCCATTGCTTTG,15656
TGAACCAATAATGCGA,15638
ACTCAGGCGGATGTTG,15584
TTATACCCACAAAATC,15579
CATGACGTCGGCGATC,15546
TACACAAATGGTATAT,15543
CATTTCTACTTCAAGT,15456
CTGAGATCGTGATGCC,15437
ATGACGCAGTAAAACA,15368
ATATACACATAAACTA,15353
ACCGGCAGATCCTGGA,15328
TTCATTGCTTACTGGT,15315
AGCTTACTAAACCCAA,15309
CGGTTCTGCCAGTAAA,15292
CATCACAATATCAGTT,15262
AAAAGGTCTTTGACCG,15259
GCTGGGGCTAAATGCA,15256
CGGTCAAATATCATTT,15249
TTTGGACATCGTCAAT,15190
CCCTCAAGCGCGACGC,15158
TCGTCTATGGGTAATG,15156
TGCCAAAAAAGTGCAT,15155
GCACTATGTAAGTGAG,15063
GAACTTCGATTATAGT,14941
TTTGCTGGATTGCTGC,14867
TTTTAATGTTATCAGT,14848
TTAGCTGTATACCCCT,14833
AACTGTAAAATATTCT,14815
GTCAACAATCGGCTTG,14811
AGGAAGACATTCATCG,14708
AGGTCTGACACTTCTA,14593
CTACGTACTCCTAACG,14567
TGAACGTAATTCAAGA,14557
TAAAAACTTCTTTAGT,14553
TACCGGCCAGCAACGC,14534
ATAATTCCATTTAACC,14531
TCTACATGCCTCACTT,14518
AAGCATGCGCCGTACT,14502
AGGCGGACCTAACCCA,14501
CTCTCAACTACACTAG,14464
AGCCGAAGTCCAAACA,14446
CAATACCTTACAAATA,14417
TGCCGAAATATAGGAC,14379
ATATGGATATCAAACA,14378
GACTTGATGCGCTTTC,14325
TGGCTACATAACGAAC,14306
TTAAGCCCGTCAAAAA,14296
CTGCATCCACTATCTC,14237
AGCCGATTCAATCTCT,14206
GGACCATCTTTGAATA,14171
CACAGGCTTGTAATCA,14094
AACTCTCTGGTATTCA,14087
ATCCACACCCTCTACC,14082
GGTGCCCTTTCTAACA,14067
TTTTGATACCTCTGCT,14021
AAGAGCCAGGTAAACC,14009
CAGGCGGTGGCATAAG,13995
ATACAACGTTGAAACC,13954
GGCCTGCGACAATATA,13925
TCATCCTAAATTGTGA,13906
ACCTCTTCTACGGGGA,13900
TAAACAACATCCCAAA,13892
GGACATCAATACTATG,13883
CTAAAAGTTCGATCCA,13864
TCAAAGGCTAGTCCTA,13829
AATGCACGCATGATAG,13828
TCAACCTCACACGGCC,13826
CTAATCCACATTATAG,13821
GTCATACCTTCAGGCC,13802
AGAACTATATCATAGA,13798
TAGCTAAAGAAAATTA,13785
ATTTGGCCTATGACCT,13777
TGATACGCTTACGGTA,13772
GGTCGCAAGTATCTCC,13744
AGCTTCGCGGCAATCT,13740
ACACCAAAAGTGTATC,13734
GAGCAAAGAAGGATAG,13722
GTCGTCTTCGAGATTC,13669
GGTAATATATTAAAAT,13628
ATTTCTGAAATAATCA,13593
AACAGTTGGCTGAAAA,13587
TCAATATACCCGGGTA,13575
ACCCTTCAAATAGATA,13550
CAACATAGATCTGTAA,13536
CCCACGCCACGATACA,13525
TGCTAAGCTACGGGCG,13514
AATATGCTTTTGAAAA,13503
TCAGGAGCAAAGGCTG,13500
TAACCTTGGAACTCAG,13485
CTACTAGAAGAACCAA,13464
TATCTTAGGAAGTGAC,13456
AATGAAGCGTCAAACA,13450
AAGGATAAGCTAACAG,13433
CTGTGCCTCACTAGCA,13418
TGCTCAGATACAACAA,13407
ACCTTTAGACCACCCA,13386
AATGAATGACAAAAAA,13384
CCTGCCGAAACTAATT,13379
ATGCTTGATCGCCAAG,13373
CATAAGGAAAATATCT,13353
ACGGATCCGCTGCAAC,13323
AACATTTTTAACCCTA,13300
GCCCAGCAGTGATAGA,13293
CTACATTTGCTGGCAT,13277
ATACCCCCCAGATATT,13271
GTACGACGTTTACAAA,13263
AAAACTACGAATGAAG,13251
AAGCTAACTTTAATAC,13238
AACTAATAAGTAACAT,13202
GCACAATCTGCTCCAT,13200
CAGTAATCCTTCGCGC,13174
AACCGAATACGGGCTC,13173
GCAAATCTTAACCATC,13168
CCAATAATTTTAAGAC,13161
GCTCCTAGTCGGATAC,13138
ATATAATTATAGTGAA,13120
CTTAACAAACTTGCAG,13101
TTAGGCATATATACGA,13083
AACCATATGTTTTAAT,13077
GAGAAGCGACAACCAT,13074
TTTGTACCGACACCAA,13074
TTCGGGAGAACATCCA,13061
TCTTACAGCAGTGAAT,13051
ACATCATCATGCCTCT,12987
CAGTCCAAATAGAACG,12983
CTAGAATGACTACTAA,12948
AGCCCGTACCTGGACA,12919
ACCGGACGAGGGAGGG,12914
TTCAGTTATATCTAAT,12891
GGCTAGCGCTCCGAGC,12832
AAGTAACCCACGTCAT,12791
CATGGCTTGGTACCTC,12774
ATAAGAATGTTCAAGA,12733
TGTCGTTCGCCGATGT,12725
TAATATCTGGTAATTA,12721
TATTGAAACAGTGCAT,12694
CAACTCTCATCAGTAT,12674
CTTATACCACCGCCAT,12664
TTGGGGGAGAGTTGAC,12661
GTTATAACTTAATGGA,12648
TAAAGAACTGGAGTAA,12629
AAGACCAACAATTATC,12619
GCTTTTATAAAGCCCA,12609
ACAATACCTTATCTTA,12603
CCGAGGGAGCGCACAA,12601
AAAAGTACTGATTTTC,12567
ACCTAAAACAATTGAT,12558
AGAAGTACAAGCTACC,12553
CACTAAAACCTAATTG,12551
GTCCAAAACCCTTAAA,12510
GGATAAAGCGTACAGT,12492
TTCCATACCTGTGTAC,12491
TTGAAACATACCACTA,12471
AGAGACCTGAGAGAAC,12447
ACACGAACATCACGAC,12438
TTAATGACGGGGATAC,12436
ACAAGACGCGCAGTAT,12429
ATAGGTACTTATCTGA,12421
TCATGACTCTGATCAT,12415
ACACCTGATTGAGATG,12406
GGACTGTTCTCCAAAT,12393
TATTGGTCTGGACGAA,12362
AAGACTGTTGTCTCAA,12310
TCCATCCCTACGATCC,12262
GAAAACAATTATTAAC,12260
TCTGAATACAAAAATT,12260
GTAAAAGAGGTAGTCT,12257
ACTTATGCCTAACCTC,12227
GGCGGCAATAACATTC,12227
TAGGTTCACACAATAT,12223
AGTTCACAAAACGCAG,12214
CTGTCCGGAATCACCA,12213
TGGCACCTTACATGTA,12213
CAGTGCCGATGGTTTC,12184
AAATAGTAACAAACGC,12157
ACAGAAAATACATACC,12154
GCATTTACAAAGAGCA,12138
ACCCAACAGGTTTTCC,12135
GCGAATAACCGAGACT,12135
GTTTACGAACACTACA,12113
TCACAGTCAGACCTAT,12108
CTATATGAGCCCCTAC,12106
AAAAACGTGTAAAAAC,12101
CAGGACGCGATTGCCA,12097
GACACACTCGTTCAAA,12070
ACTGCCAACTTTAAAA,12061
AGCCCATGTAAAGTGT,12044
CCAAGGGGCCGAGCAG,12034
TTTGACACTGAACTTG,12018
GGTGGCCTCACCATCG,12005
ATTGAGCCGATTCACC,11992
CCGGAGATGGCGTCCA,11975
CAAGACACAACTAAGC,11959
GACTCAAGCTAGAAGC,11948
CCAGAGCTTAAAGCTC,11945
AGACAATACCGATGAG,11943
CAGAAAATGAATTCGA,11919
ACTGTCCATCTAGCAC,11893
GCGAAACAGACTAAAC,11875
AAAAAAATGTATGCGT,11869
CCACAATCTTGTAACA,11852
GAACCCGAAGCTATAA,11840
GCTTGGTCATTAATAA,11840
CACTATCTATTGCACC,11837
GTGACACTTACATTAC,11827
GCTGTACCCAACACAT,11823
GACCTTATACGGATTA,11796
TTCAATGGTGTTCAGA,11795
CAGTTCCGACCGGTAA,11790
AGAAGAATTTCCCAAG,11784
GGCGAAATCGTTTAAA,11770
GAATAAAAGAAAACGG,11767
AAGGTTACGAATTTTA,11745
AGCAACTAAACCTCTA,11712
CACCACCATCCGAGAA,11700
AGTAACCAAGAGTATT,11669
AACCTCAGGACAGCAG,11603
TGGTAGTTAACAAAAC,11577
CAAGCGACCTGCCTCA,11572
TCGGCACCAACATATG,11571
CAAGCCCAAGCTCGTA,11562
AGTGTCATCACCTAAT,11541
ACCAAGCAAAAGATCG,11496
GAAATCGAGATATAGG,11478
GAAACACTCAAAAAAA,11464
TCAATAGATAATCCCA,11464
CTAAAGTAATATTGAC,11434
TTGTGCGGTTAATACA,11419
TGATTGTCGCAAGGAT,11416
CCTACACCCCACATCT,11415
CCCAGAAATTGATCAC,11412
GCCCAGCTGTGGTCGT,11375
AGTCGGTTACACCTGT,11367
TGCAGTGTTTAAATCA,11351
ACTAACGCGGGCACAA,11346
CGTATTTCGAAAAGAG,11334
AGATAACTGCTCGAAC,11323
TAGAAGATTTTTAACG,11291
CAACACTCAATCGATG,11290
CATCTTCTCAACATAA,11286
TCACAGACGCGTGACA,11283
TCCCGCGTAAACTACG,11283
CCCGGTGAGAACAAAG,11282
AATCCCAATACGATGA,11276
TCACACAAGACATCCA,11266
CGAGGATACGTGATTT,11262
AAATGCACAAGGACAA,11257
ACTCTACACACTGATC,11252
GATATCCATATGAAAC,11242
TGAATAAACATCTGGG,11235
GGGGCGAAATTTACAT,11230
ATGGCAATCCCATAAT,11198
ACACAAAAATCTTGCA,11189
CGTCAAGAGGGAATTT,11187
CCATAATCAAAACAAT,11178
CCCTAGACACACGATA,11177
GGCATGGTCCCACATT,11174
ACATACTCAAACGACC,11171
CCATTCCAATAGATGA,11170
AGGTGCGCTGGGAAGC,11166
CACGAATACCCGGCAG,11152
CCGAGCCTAATATGCT,11134
GACTTTAAGCTCACCC,11127
AACTGGTGATCTCGGC,11112
GCTGAGATCAAACCGC,11110
CAACGAGATAATTTCT,11077
TTAGGTTACAATTCAA,11065
AACCACCAACCAGCTT,11057
AGTTGTCTAAATATGA,11049
CGACCAAACGTAACCG,11021
CGACAAAGGAATACAT,11011
GGGCTTACCCCTCCAA,10999
TAACGGTGTTGACTAC,10999
GTAAATGGGCATAAGG,10988
TAACTATGCTTTAATT,10981
TCTTTGCACGGAGGAA,10976
TCCTCTGACGTTCACA,10973
GTACAGACCCCACTCT,10970
CGCCTAAAGGATTAAA,10965
AGAACTTCTGCAAACT,10956
AACTTGTGATGAAGAT,10951
AGGTTTTAAACCGATG,10933
CGTAAAACCAACCTTT,10933
TTCTCGCTGGACTCAT,10930
TATGTAAATATCAATA,10918
ATTCGTTGTCGCCAAA,10899
CCACGTCCCTACATGC,10885
TACCCTAGATACAATA,10880
ACAGTCCAAGAAGTAA,10865
CTCTCCTGCCGTACAC,10861
CGTCGCACATAATCTG,10859
CGTCTAGAAATACTTC,10852
GACATACAAGAAAGTC,10851
AACCTATCAGCCCTCG,10850
CATTGCGCCCTACCGG,10842
ATATTACCTAGCACAA,10838
TTATCGCTACACTGAA,10827
TTTGTTCATCCAGACG,10818
GGGTAGATCAATAATA,10801
CCGTTAGGTTAAGCTG,10775
TATTCGAATATACAAT,10767
ACGAGTACTTCAGTGG,10763
CTTCACATGGAAAACT,10761
GCAGATCCTTCCGTTG,10753
ATTATCATTCAAACCC,10750
AATCCTTGCAGCGGTG,10749
AGTCACACGGACAGTC,10746
GGAAGATCTGCTAATA,10743
TCTAAGTTAGCTCACC,10730
GCCGAACACCCCGGTC,10729
CAATTGCACGTGAAGG,10723
CAAGAGGCAAATCAGG,10712
GCAAACCTTAGCCAAT,10692
AAGCGTGAGAGCCCGC,10681
TCAAAGAGGTTAGGAA,10681
TTACCATTCGGCCCTA,10658
AAACACATCTTTATTG,10654
TAGTCCGGATACTAGT,10652
TATACGTCCATGGTGC,10652
ACAATGCGCGGAGTTA,10650
TCCCAGACGCAAACCA,10638
TAAGCCCTAGGCTGTA,10636
AAGAGATGTTTCTCAT,10627
ATAAAAGAAAATTGAA,10620
ACGTCCAAGTTTACGA,10610
TAAAAACAGGCTCGAC,10610
AAGCATATTTGAAGCT,10585
CCCCTGCGAAGGGTTT,10569
CGTCCTACACCAGGTT,10562
TATCCAAGGACCACGG,10559
AAAATTACGAAAAAAA,10548
CTTGTTGATGCGAGTT,10536
AGGAAGTGCATTTCTT,10531
ACATTAACCCCAATTA,10502
GGCACGCGTGAAAATG,10494
CGGATCAAGGGTACCC,10488
ACCACCAACAATGAGG,10482
GGGACACACCTAGCAC,10469
ACTTAGTCTACAGACA,10458
GCGTAGATAGCCGGTT,10455
TACTGTCTCTTGGATA,10445
GACAAGTTATCGAACT,10439
CACCACAACGAGGTGA,10438
ACTTTCCAAACAAAAC,10425
ATGCTGCCTTATAGGC,10424
TAAAAGCGACAAGTAA,10405
CCCATGGAAACTCCTG,10402
GGCATACATTTAACAT,10400
GCATCGGCGCCATTAG,10399
ATATGAAAGGAGAACC,10386
TTGTGCATTCTCTGTT,10330
GGCACTAGAAAACTCA,10324
CAAAGATAGGCAGAAA,10323
GATTTGACGCTGCAAA,10321
TGTAGAACTGAAGCTG,10316
TTACTCCTTCCGATAG,10316
GAACTCCCCACAAAAG,10307
ACAGACGATAGAACAA,10303
GAATAGATATGTACTA,10296
TTTCCACCCGTCCACC,10292
AAACGGAATAGCGGAT,10288
CATCCACTCATCAACA,10276
ACCATAGAATGTACCA,10269
GTATGCTAAACAATAT,10269
CCTAGCAGGCCCCCCG,10261
ATAATACTTCCAGTAA,10254
GGTAGTACATAATAGC,10252
TCAAAAGCCAAACATG,10241
ATCGCCAAACCCGTAT,10231
CCGTCGAGCCAAAAAT,10230
CACCTAGACTGCTAAC,10228
TAGGAAATTAAGAGAA,10219
CACACTAAATCCAAAA,10214
GACCATCTCGCCAACA,10214
CGTAATCCAGCCCATG,10211
GAGACCACGATAAAAC,10210
TGAGGCAACACAAATT,10210
GCACTAATCTCACCAA,10208
AAAAACAGGCATCTCC,10206
TGGAAAAAAACCTACC,10190
CGAGTTTGTGTTTGCT,10183
TTGCTGTTTGTAAAAA,10177
TTGATACAGCCCTAAG,10175
TGGTAATGAAACCTTG,10170
CTTATCATATCCAATT,10161
CGAACCTAGCGACCGG,10151
AGCACTACAAGATGCC,10150
CGGACTATATACCGCT,10143
AGATAACTACATCATG,10111
TCTGTATTGCCATCTA,10106
GCTTTCGATTTCATTT,10088
ACATACACCTGCCCAA,10087
ACAGACATCTAGAATC,10071
TGAATTCGTGGAAGTG,10060
CGAAGGAAAACAACAA,10047
CCGAACACCAGATAAT,10007
GGCATAGGCAACCCCG,10004
TACGGGGGAAGCTACC,9993
AGAAGAAAGTAACGCA,9976
ATCCTCAATACACAGG,9940
CATCGGGATTTCGTTG,9940
AGATCTATAGCCGACA,9926
TCCTCCGCCCTCTACC,9921
TAGATTGCTTGTTCGC,9920
AAGAACAAATAAAATG,9919
TCACTCCAGCGCGTAT,9918
TAAAATGTATACTGAT,9914
ATGTGTGGAATCTTGA,9906
CAGACCTCGATTTACG,9878
CAGACGGCTAGTCATA,9874
AACATGACGACGAAGT,9873
AAATAATAATCGAGTA,9871
TGGGCAAAATGCATGC,9866
AAGTCCACGGACGGAT,9864
CAAAAGACAATTCCTC,9856
CGGCTAAATCATAAGT,9854
TCCATGGATGAACGTT,9852
AGTATGAACTTCCGAA,9845
ATCAAGCGCTTAAATA,9845
TCACACCTACTCAATG,9844
TATTGTCCCATAAAAG,9841
ATGCAACGCATTGAGG,9836
CGTGAGTTTTTATGTC,9832
GGCTAGCCTTCAGATT,9829
AACCCCCTTCAGGAAA,9822
TGGGAAGAGAGCTGTA,9820
GAAGAACGTCGTAGAG,9810
ACTGTCAATATAGAAT,9807
ATAACAACCACACACA,9806
CACCCGTCAGGCTTTG,9806
TATCATGTCATACAGA,9806
TTGTATTCAAATAACC,9806
ACCAACCCATAAAGGA,9804
CCTATCACCCCAGGTG,9801
TTTTGCACCTAAACGG,9801
ATGCTAGATACCATGC,9798
GTCGAGATACCCCGCG,9779
TGACCACGACTTAAGC,9772
ACTGCGGTAAAAATGA,9761
CCTAATAACTATCATT,9761
TGTGGCTTTCATACAG,9758
AGAATCTTACAGTAAC,9750
GCCTTTTCTGACAAAC,9750
TCAAAAAATTAAACTG,9740
AATCAGATGACACTAA,9736
GTGTTAATTGTCAAGT,9722
ACTAACAATCCATTTC,9707
CAAAATCTGAACTCAC,9704
AAGAATAACAAAGGAT,9698
CTGATCTTGATGGAAC,9696
CGTCTAAATACACAAT,9687
TAAAACAAAACAGTTA,9677
ATATTCCATGTATAAC,9671
AATCAATCCTCACTTA,9661
AAAGGATCCACTGGCT,9659
TAATAACAAACAAAAA,9658
CGTATTTCATAGATAT,9657
AGACCGTTACTTAGGA,9653
ATGCTCAGCATAGAGT,9649
GAGAAAAAAAGTATAG,9643
TTAGAACCAACACTCC,9641
GGGGAGGAAACTGCCT,9639
TGTTGAATATAATGAC,9638
GAGAAGTAAACAAAGA,9634
AACTGAGCTCATTTGT,9623
TTAAAATGAATTTTAA,9623
GTTCATAAAGAAACGA,9621
CTGAAGTCTAGGGCTC,9610
TTCAATGAAATTTGTT,9609
TACAAATCCCCTACTG,9603
GATAACGAATAAGCTA,9584
TACCGCCCTAAAACCG,9581
CGCCACGTACTGGTTT,9579
AACAAGCATCCACACT,9572
TAAACACTGGGCTGTC,9568
CACGGATGAAGATCAG,9566
CGGATAGAAATCCAGA,9562
GAATCAGGCAAGGAAA,9562
ACTCTAACTTTCTCCA,9551
TACAACAGAATGGAAA,9551
ATGGGCACACTGTGTG,9545
GAAACGGTCAGTAGGA,9542
TCACTCATCAGCGGAT,9534
TAACGGCGCTTCAGGT,9531
TTCAGAGTAAACCATT,9526
CAAGGCGATAACCAGT,9522
TGTGCAAAGGCTAAAT,9512
AAGACATGAAAATACT,9509
GGAAGTCCTCAGCAGT,9507
ACTACTACCAACGGAA,9503
AAATTGGTGTCCTACA,9498
CAGAATGCGCGATTAA,9494
AGAATTGTAACCATAG,9492
AAAGATCTTCAGGCCG,9465
TTTAAGCACTACGACT,9459
TACAAGTTGGTGGCAT,9458
TTGAACTAATAATGCT,9454
CTATAGACCAGATCCA,9448
AGCTACGATTTTCAAA,9447
TCTGAGCACTCCGTGC,9443
ACACCACCGTCAATTC,9442
GGACATTCGCTGTCTA,9435
ACCATCAGTATAGAGG,9426
ATCGGTAATGAAGAAA,9426
CAGAACCGTGGTCCGA,9426
CAAATAATGGAAAGAC,9423
AACTAGTAAAAGTTAC,9421
GACCCATACCTCCGAC,9420
TGCAATTGGCTATTCA,9418
TTGATCGTGGATGAAG,9413
AACCTGTGCTACTAAA,9411
AATATGAACAGGATTA,9409
CTAGAATGCCACAAAT,9407
AACGCTTCAGACCTCA,9404
CACCATACTAATCAGT,9404
GGCAGCACACCCAATA,9392
GTACCGTATACATCAA,9392
AGGAACAAGCACTCAA,9388
ATTAACCAACCTCAAT,9379
ACTGTTCACAGTACTG,9373
CAACCTAAGTTACTCA,9371
TCTATACATACAGAAC,9363
AAAGAACGTCTAACGT,9361
CTAGAATCTGACTTTA,9358
AAATTTCGTCCCGAAC,9357
ACAAATGGATCCAATA,9353
ATTCCCTACAAACAGA,9344
TAACCAAAAGTCCCAC,9344
GACAAGGTATACAAAT,9335
AGCGGCGTAGCCCGGA,9333
TGCAAACATCTTAAGC,9325
CTGACGAAAAGAATCA,9321
TTCACAGACAAGTACA,9317
CAGACTCGGAATGATA,9310
CACCGCAATTCTTACC,9306
AAAACTCAAAAGATGT,9295
TAATCCGTGTCTAATC,9290
TATCGCATGATGAATC,9289
ATTAGGCCTGCCCTTC,9281
TCATATAACGAATGGT,9277
TGCTATTTTCTTCAAT,9277
GTTTGACGTCGAGGCT,9274
GTTGTTACAATAAAAA,9273
ACTTGAGTGTTCCCAC,9267
ACACGACAACCGTTTG,9245
ATCCCAGCTACTATGC,9245
GCAGTCTGAAAGTACT,9243
CTACGTGTATAGAATA,9241
ATTAAGTATACTACTC,9240
CAAAAGACTAGACGCC,9239
AACTTAAAATGAATGT,9237
TCACCCCGTGATACGT,9237
CAAGCGCGCGGTTAGA,9220
GGATCCCTTCACAATA,9220
CCTACGAACTATTCCA,9219
GAGCGAACTCGAACCA,9219
CTGAGAGCATATGTAG,9218
GGACTAAAGGAACAAC,9217
TGAAAAGCTACATATG,9217
GAAATGACCGATGCAC,9215
AAAAATTTATACCGAG,9185
CATGAGAGACCTGGAT,9183
TGAGGTCCAACAACCG,9180
AACCAGTCATTCGAAC,9178
TAATGCCACTACGAAG,9177
TGCTTTTAGAATATCC,9175
TATGCGTCCCACATAC,9165
TACTAAAATCGCAAGG,9157
ATTCAGCAGACAAGAC,9156
CTAACCGTACAGAATA,9148
AGAATCTACAGCCCAA,9141
TACTCGAGTGTAACAA,9140
TAAAGCCGAGCTGGAC,9139
TTAGCCTGGGTATAAA,9136
CTCCGTGATATAACGC,9134
TACTACATCTCGAGAC,9127
ACATGACGCAGCCAAG,9121
CGAGACTGACCGTACA,9121
TAAACACATACAGTAA,9113
ATTCAAATTGTCCGGC,9112
TTGAAATGCTAAATTT,9112
GGACCTTCAAAAAAAG,9111
ACCCCATATTCGCTAA,9108
GTGGACCTATATCAGA,9102
CGGTCTCATCGGGATC,9099
CAAAACGCGATAACGA,9096
TCATTTGCATATCAAA,9092
TGAATATTCGCATAAT,9075
AGCCGACGAACTGAAC,9073
ATTCTATCGCATTTAG,9065
CATCCCATTAAGAAAA,9054
TTTTAATGTGACTAGC,9052
AGCTAGAACATTAGGC,9051
GAATGTCATAGCTCTA,9049
CTACATTCTGAGTCGT,9048
AAGATCCTCTTCACAC,9046
CCTATAAATTTGCCTG,9039
TCGTTACACACTTTTC,9035
GAAGTTCATCTGATCC,9026
GACACAGTCTGTCCAG,9026
ATACAGCGGCATGCCG,9018
CCCAAAATACTAGTAA,8995
CCCTGTTGAATAGAGC,8994
CGACCATAACATCCAA,8994
ATACGAGATACCTCTC,8987
TGGTTGAAGCCGTGGA,8987
TGGAGTTAGTGAACCA,8982
GTCAGGCTAGCTGATG,8977
TAATACCCATGCCCAT,8977
ATAAATTTATGAACCC,8975
CGACTAATAAACGCCT,8974
GAACGCCATAAGCCAG,8974
GAGCGTAGACAATCCC,8973
AGACAAGGCAAACCAA,8972
AGCCTTGGAGCCCTAA,8967
GATTAATGAGCATCTG,8946
TTAGGAGAATGGAATG,8926
CGAAACCTCAGCATCC,8920
CTGCACGTGTGTTAGC,8917
GCACGTAAACGTTACA,8911
GGAGAGTATTCAGGGC,8907
AGCTAAGCCTACTCCT,8905
TAATTTACAGTAAACT,8905
CAAGCTTCCCTCTACA,8904
CACGATTGATGCTAAG,8904
CAAATACTACCTGCTA,8903
TTCCGACACCGTTACC,8899
AAATGGCCCGAAGCTC,8897
CTGAAAATTTCTATAC,8892
CACAATTATCCATATG,8891
ACAAATGGGACACACC,8874
ATTTGATAAATGACCT,8873
TGAAAACCCCATGAAG,8872
ACGATACATCGTTCAC,8867
TATTTGTATTCTACGG,8864
ACAAACCCAGTAAAGA,8861
ATGCTCTTAATCGATA,8855
GTAATCACGGGAGTTG,8854
GCTACGAAATGCTACA,8852
CAAAAGAACCTCCGAC,8846
ACGGTCTTGCGAGAGG,8843
ACAAAGTGACGCCAGA,8839
ACAGGGAGGGTAGAAT,8838
TGAACTCGAACTCAGG,8834
TAATAACGAACCATGG,8826
AGCTCCCCCACGTGGC,8815
TTGAGAGTTTTATGCA,8814
TGAACACGGAAGAATA,8802
ACGTGTTACCATCTGG,8801
GCAACAACAAAACCTG,8801
GGAAAAAAACGCGGAT,8796
AGTACGAATACATAAT,8794
CAAGTCTCATCTAATT,8786
CTGAAATCCCTATTAT,8783
GAGGACTCCGCTCAAG,8780
CCATCTTATTGTTAAA,8770
TCGATGGATTTTGCGA,8769
GAGTAAAGACGGTTCT,8767
GAGGTCCTTTCCGTTC,8759
GTAGGTGTCTACCTGT,8759
ACTGTACGTTTTATTT,8756
AGAACCGGGCCTGCTC,8749
CGATGCTTAAGTTGAT,8746
ATACTAACCTGACAAA,8745
CAAAGAGAAAATAGAC,8740
GTGCACACGGATATAC,8736
CTTTAGACGCGACGCC,8726
GATTAAATGTCCAAGA,8725
AAGGTATTAAGTGACC,8724
TGGTGAATTCGATTAA,8723
TGAACCGCTTACGATT,8720
ATCTGACGTACTGGAT,8704
AACACACATCAGTCTA,8697
TCGGGCTATGGATACC,8696
ATTCATTTACCCATTA,8693
ATTTGTGACATCTGGG,8691
TTCCCTTACAATGATG,8672
GAACGATGAAAAACAC,8668
TGAATCCTTAAGTTAC,8666
AGTCAACTGACCATGA,8659
AAGCTCAAGTTGAAAT,8658
GGAAGATTCACCTAAA,8657
ATCTGCTAGGAGAATA,8655
GATAGAGTGTTAACGA,8654
AACTCAATACTCTCGC,8652
TGAAACTCTACGAAAA,8643
CCAAAATCATTTTGAA,8638
ATGGTAAAAAACCAAT,8629
ACAGGACCACCAGCAT,8624
TAAAAGTCACACGAAC,8622
TTATAATTCATACTCA,8622
TGCAAGTGACTATTAC,8619
GATACAAATAGAGATG,8618
GCTGAGAAAGGCAAAA,8618
CTAAAAATCACGCCGC,8614
GTAACACTCGGTCTAG,8614
GCCCGTTGGCAATCTC,8593
TCTTCCCACACCCTAC,8589
AGAATAACTGAAAATG,8586
CCAACCAGTTCAAGGT,8581
CGCAAGTATCTATAAA,8578
CGCCGATTACACCATT,8577
CCACAGATAAGCCAGA,8568
GCATCATAAGGAGTCT,8567
GGCATTCGGTCACTAA,8564
TCACAACTAACCTAAG,8557
CGAGCAAGATACATGC,8555
AGAACATTCCAAGGTG,8553
AGATCTTATCGGAACA,8542
GGACAACACCTTAACG,8540
GACTCGCTACTCAACT,8535
AAGCGAAGTAGCCACA,8530
TCTTAACGATTTCCCA,8522
CCACAAATAAAAAACA,8519
ACAAATTCGTATGAAC,8518
ACGAATCATCCGTGTA,8512
CAAACTCAAATCATAA,8512
ACCGAACTTATCTTAC,8498
GAACTAAATTTGAAAG,8492
TTGTCCAAATTCATCA,8492
AAACTCAAGCATTCCT,8484
GTCCCCCGATTAGCTG,8481
AGCACTTAAAAATTAA,8473
GACAAGCAACGCAACT,8463
TAAAAAAATACTAACC,8450
ACGTGAACATTCTACA,8443
GAGACAAGTTGCACGA,8441
CAATATTCCTGGATAA,8437
TCTGTAGAAGCTTAAA,8437
TCTTTAAGACACAATG,8436
ACATACCTCGTCAAAC,8435
TTGATGATGTTCTCAA,8435
TAAATTAGTTTAAAAT,8430
GCGACTCTATAAAAGA,8428
GCCGTTTGATAACCTA,8425
GACACTAGTTGGTGCG,8424
GTCCAGAATAACAATC,8416
GGACCGATATAACCCG,8415
ACTTTCTGATCCGCGT,8413
GCGCCTATAGGCCGCT,8411
AAAGTCTCGGGGTAGA,8410
AAATAGTCGTCCCTTC,8408
ATATACCATAAAGCAA,8406
CACTACCGCCCTTCAC,8406
AAATCGACATTAGGAA,8402
GAGAATGAGTGGCATC,8396
TTCCCACAGTCCACAC,8391
GAAGCCTTAAGTCGTG,8383
CAGCCTTGCTGGATAT,8367
TTAAATAAGACAAGGC,8366
TAAATCCATATTGGAC,8364
TTGACATCTCATAAAC,8364
CCGAGCTAGCTTTAGA,8363
ACATCAATACAGTTAG,8360
CACGACATTGAGAATA,8353
AGTTAAAGAAGGCAAT,8348
ATCACTCGTTGAAATA,8339
TGAACTTGGTTCTAAG,8336
CCGACACACCCCCGAA,8333
CGATGGATCTTTCAGT,8331
TGCCTGATCATGACAC,8330
AATAAAAACAATTAAC,8326
GATATCCCATCTTACC,8317
ATCGCTGACTGATATG,8303
GGGTATACAATTAAAC,8300
TACTGTAATTCATGAT,8290
TACCAAATGACCTAAA,8287
ATAGAAACACACTGCA,8286
AAACCATTTCTTTGAT,8280
TCATGGCTATATTTGG,8278
AAATAAATGGAATACA,8271
TTTGCTCACGATCACT,8270
AACCTTGGAGGAATCT,8268
TTGACATTACTAACGA,8268
GATTTGCAAGTTAATT,8263
GCCCACAAGCCCACCC,8254
TACTGCGAATTTGGAA,8248
CTCTGCGACAGGGGTG,8247
GAAGATACCAAAGTTA,8241
ACCGGCTTCACCCGTG,8239
GTTTGTCTTGGGTCAA,8239
CCTGAATATAATCCAT,8237
CAGGATCTTTGTTGTC,8230
CTACAACCTTCATAAC,8227
ACTGATTACTCTCTCT,8222
ATAACCTTGTCGAAAA,8218
AAGCCCTTCGACCGGC,8208
TACCCGTACTCACGAA,8204
TTAGTGTAACTAGCCC,8201
CACTAACTCATTGTTT,8195
CATATCATGGACGAAT,8191
ATGGCCGTAACAGAAA,8189
AGAACCCAGGGATACC,8187
TAACACATGTAACAAC,8187
AACCTCTAATAAGACT,8185
ACTCCAATTACGGATG,8179
CAACGACCCGCTATAC,8179
ATTATTCAAACTGATC,8178
TAACGATAGTCAAGTG,8173
AGTATCGACGGTAGAT,8165
ATAGAGTCTGATTGCA,8165
CTGGTCCCTATGTCGC,8165
CAACGCACACCATGGA,8153
CTACCATTAGCTTTTA,8152
GGGAATCAACGCTAAC,8147
AATGAACACACGGAAA,8142
GTAATCCTGAAGAACA,8141
CGACTGTTGTCGCAAC,8134
GAATCGAACTGGATCT,8133
CAACATGAAGAAACGC,8132
TATCTACTGCTTGGGA,8130
GTAGAGAGTAACAAAA,8127
ACAATAAAAGCAGAAA,8123
GAACATAATTATGGAG,8121
ATATGGACTCGTGCCT,8120
GTAACTCTTCCTTACT,8114
AGGAGCTTGTAGATTT,8112
GCGCAGAATAATAACT,8112
AGACTGTCACGGACAA,8111
GCTTCAATCAGAAAAC,8108
CTTTGTGCTAATAACA,8107
GAATTTAAATGCTGTC,8106
CTGTCGCAGTTCAGTA,8100
CCCTCATCACTTGACG,8099
ATTCAGAATACATCTA,8097
CAATAGCCTAAAAAAC,8097
GCCCTACGCTAAGAGG,8096
AGGCCAGCCTCCTGAA,8087
TTAGCACATAAAGTGA,8087
GAAATTTCCGCTGCCT,8078
TCATACAAGCAAAGCG,8068
TCATACCCGTGAATTG,8064
GATTTCTGTCCAGATA,8062
ACATTACGCGAACAAG,8061
AAAATGTATTGATACT,8058
CCAAGCATGTAAGTCA,8057
TGAAAGTGGCAGAAAT,8055
CTATGTAATAAAATAG,8053
CTTTAACAGTAAAGCG,8053
ATGAACAAGTTGGAGT,8042
TACAATTATACAAATG,8042
GTCCGGCGCGGGCTCC,8039
TATTTGAGGCCCATAC,8038
GACGATACTACGTAAA,8037
TCTTCAGGGTAAGGTT,8036
TTCTCGCGGCCCGGAT,8036
TCCAATTCGCAATGAA,8019
CCCATCGTGACCTAGC,8018
AATACAGAATGGTGAA,8013
AACAGATAGCAAGGCG,8010
ACAATAACGTATTCTC,8009
GGACAGTTCCATTAAC,8001
AGGATAACAAGTCATA,7998
AAATGAGGCTACTACC,7993
CCAACTGGATTCAAGC,7991
TCGGTGGAGAGAAAAT,7989
TGGACCGAGTACTCTG,7982
ATGGATTAACAAATGT,7975
AAGGGTCTTTAGCACA,7974
ACATCTAGTGCAGAAA,7974
TAAGATTTTGCTACCA,7972
GACCCCAGAGCCTCTT,7971
CGACCAGTAGAATTAT,7969
CGCTCTATAAAATGAA,7965
GCTCATAATATTAGAT,7965
ATCGTCAATCCTACAG,7963
TATTGACTGGAACCGC,7961
ATGAATTAGGGTCATT,7954
CCTTCCAAATGGCCGT,7954
ACCTAAAAATTATACA,7950
ATTCTTCTGAGAGCCC,7950
GGAATTAGCCGACATA,7949
AAGAACAATTACAATA,7943
GAGAGGAGACCCAAGT,7943
GTACACATGAAAAAAC,7940
TTTTATCCGAAGAGTG,7938
ACCAAATACGCGTAAT,7928
ATTGAGATATGAAAAG,7923
ACTTCGCCGTTCTTGT,7922
CACTCATACATGACAT,7921
TTCATTCAACAATTGA,7917
GGCGCCCGACAACCAA,7914
GGTTATGCATCCCCAA,7914
GTGTCGACCAGACTTC,7909
AACAAGGCAAGCATAA,7907
GATATTTAATGACTAA,7903
CCATCTCAAATCCCTA,7892
GCTGAAACAATTTTAC,7888
TAACATGACCCTTGAG,7886
GCATACTTGGGTATGT,7877
ACCAATATTACATAAG,7875
GACCGATACGAACATT,7873
AGTCGCCTACGGTGAA,7870
TCTATGATGCAAGACG,7869
GCGTCCCTTCGTACAC,7866
ACCATCCCTCCTATAT,7856
ATACCAAAGCTCTTGC,7846
TTTCCTTAAACTCCCT,7839
ACCCTCACCGTAATAG,7826
ATGGAATGTTATAACG,7825
CGCCAAAGTCAACTTT,7821
TTTACCCGAGCATAAC,7821
GGCAGCGAATCTATAT,7819
ATATATAAATTCAGTC,7810
ATAGAATCGGTAAACG,7808
CATTTCCCAATTAAAT,7807
TCCCGAGGTGCATATA,7807
AATATGCCGGTTAACC,7795
AAATTAAAGATTATAC,7794
CTCTTTTACGTACAAC,7794
TGTAGCCTTCATTCCA,7791
AACAATTAAAGAGTCT,7788
GGCAAAAAATGAACAA,7788
ACCGGCGAATCTAATC,7784
TTATAAACAGTTACCA,7783
ACCCATCCTATTACCA,7782
GAAAAACTATTATTAA,7781
CAGTGATTCCTCACAG,7779
TACACGGGATCGACAT,7777
TTACGCTACCGATCCG,7776
ATAAATATAATATCGA,7770
ACCGTACGAAGGTGCA,7768
AAGTAATTACAGGCAT,7764
ACGGGAAGTTCCGGAC,7764
GCAAGGACGTGATATG,7764
CAAATTTTTCCCTTAC,7763
TACATGCTCACAACAC,7754
AAAAATATCCATGGGA,7749
CATGTGCGCTAAAATA,7746
TGTATCTAAAGGTCCA,7744
AACTAACGTATGTTAG,7741
AACTAGGAGAACAGTG,7740
AACCGATTTAATATGA,7739
AGTAGCTAATAAGAGA,7735
AGCCAACTTTAGGTGC,7731
GCATTGCCCTAGCGCA,7730
ACAAGGCCCGTACGGT,7722
GACCTATGAGCCGAGT,7722
CAAGAGTCTTAAACCA,7721
GAGCTACCTTCAACGT,7713
GAACCCGGATCGCTAG,7712
AGTACAGAGATTCCGG,7704
ATAACCCAAAATCGCG,7704
GGAGAATCCTAAAACG,7703
CTCTATCAGTTTAAGA,7698
GCAGTAACAAAAATGG,7697
GAAACGCCAAATAACT,7695
CCGAATGTACTCTCAA,7691
CTGGGGATGTAACGGT,7682
AATCATGACACCTCGA,7680
ACAATATTGTATCCAT,7680
CTGTCCTGGCCTAAAT,7680
TTGATACGTGAACAAA,7680
AATGCGAAAAGTCACA,7677
AAGTACTGCTGTACCA,7669
TAGTCTCAATAACCGG,7664
ACCAGCCTGAAGAGAG,7663
CTAACATAAGGCACCT,7656
AAATTCCCAAATAGAC,7654
ATAGCAAGTAATAAGA,7651
TGACACTGCACCATCT,7649
CCTACCACAATTGGGC,7646
CCGTTAATTTTAAAAC,7644
AAAACACAAGAAACAA,7641
AAGGTAAAAGAATGTA,7636
AGTGAGAAACTATGTG,7636
TTCCTTTCTAACCTCA,7636
CCCACTTGTAATCCGT,7635
CCAAAAACCCGTACCA,7633
GCGCCGCAACGTAAAG,7633
AAACACTATTCAATCA,7630
ATTCCAAATTAAATCA,7630
AGTCACACGGGGTGTT,7629
CGAAATTCATGCAATG,7628
TCGGTGGCATAGTATG,7627
CTAGAACGGTAGACCT,7626
CACAGCGACTTACCTT,7625
TTTTGCACACCCGGTG,7618
CATATCGCTGAAAAAA,7609
ATGTTTCCTGACTATG,7605
ATTGAAAAGTGTGAAA,7604
AGGCAGACCTGGAAGA,7600
AGCTAATCTAAAACTA,7599
CCCGACTACATTAGAA,7592
GCACAGAAGCAGCCCC,7586
AAAATTGCTCACCAAT,7581
CACAGATACGGACAAA,7580
ATATCACAAAATTACA,7578
TCCACCAAAACCCATT,7569
CAAAACCAATCCCGGT,7561
AAATAACCAGTGTTGT,7559
TCACCTGTTCAATAAC,7555
TAAGTAACCAAGAACC,7552
ATCGTGACAAAGAGTT,7548
AAGGAAGGTAATTCAG,7547
ACGATGAGCCAAGGTG,7546
GTTCATAATAACCTAA,7546
CAGAAAAAAAGTGGAC,7543
TGAGTAGATTTTTGCG,7542
CTATCTCCGGCAAAAA,7541
ACCTACAACTATAAGT,7540
GTCTATCAGATGCTTT,7539
AGTCTTAAATCCTTCA,7536
CCACGCTGTGTTAGTA,7534
GCAGCCCAGAATCTAA,7530
TTCCACTGAATGAACT,7529
AAAGCTAGCATTCACC,7525
CTACACTAAGTATTAT,7520
TAAGAGGCAAATCAGT,7512
GCAAACCCGAGATGTA,7508
GCGACGCATTATATTC,7502
GGCGCTTCACTTGAAT,7502
ATCAGTTTTTGAATAT,7498
AAAAACCAATTCACAC,7496
ACAAACAGCTAAGAAA,7485
AAAGTCTAGGAGAGAA,7483
CCATCCTACGGTGTAA,7482
AGTAATAATAAAAATA,7479
AAGGCACGTTACTAAC,7475
GATTTTTAATACGATG,7472
TTAAGACGTATACTCA,7469
TTCAATATAGAATGAC,7469
TACGAACACAAAATAC,7468
TTCACGAGAATGGCGC,7467
TACTTAGCGAAACTGC,7466
TGACGTATATTAAGAA,7461
GATATAACCTCCAAAA,7453
AATATATCACCTAAAC,7451
TACCACTTTCACTTTA,7451
TATCTGTGTAAGCTCT,7446
ATAGGGCGGTACACTG,7445
ACATCAAAATAAAAAA,7443
GACAGGTATTAGCTCA,7441
TTACGATTTATATATG,7441
GGGCGGATATGAAGTG,7437
CTAGTACAACTAATAG,7434
ATATCCTCAACAACGA,7432
CCCCCAGGATAGAATT,7430
AGTAATCACCGAAATA,7428
GTTAAAAGATGTGACA,7426
TGTGGACAACGCAACA,7425
AAGACTCAACGAGCGC,7423
ACCAAAAAAAAGACGC,7421
TATTCACATCTTTAAG,7421
TAATGTTGTCTCTTTC,7419
ACACACGAATAATAGT,7417
ACATGTTTCGTAAGAA,7417
CTATACTCCGTCCCAA,7416
TACGTATTCTTGCAGT,7414
AGCTAAAATCTACACT,7413
ATTAAAAGCGACACAC,7412
AACAAACTCTAGTAGC,7411
ACGCTAACATTATGCA,7411
ATGCAAATTACGATTC,7411
GTCCAAAATCCAGCTA,7410
AAGACATGTCAGACTT,7408
AGATCAGCTCTAGGAG,7407
TTTCTCGGCTTACCCT,7406
CCAAAATGATCGATGG,7405
TAATCGGCCTACTAAA,7404
GCTTTGACCCCAACAG,7399
AGGGACGTCGAGACGA,7392
TTGAAATAATGAGACT,7391
GACACCCCCATGCCAC,7389
CTCGTTCAAATGCCTA,7387
ATTTACAAAGGGACTG,7383
TCCTTATAGATCCACG,7379
GAAAAACAGGAATGGA,7377
AACAGGGGTCTACATA,7375
AAGAGTGCGGTACGTC,7374
AACATTGGGATCACAG,7373
TTCTTTTCCTTACTAC,7371
GGGCAAAACAAACCGA,7370
CGATATCAAATAAATA,7367
CTTGAACTACCTACGC,7362
CACTTAGCTTAAAAAC,7359
TGCCATGATTGCAGCA,7357
TGTAAAGGTCTGATAT,7354
CTTGAACATATGGAAA,7349
ATGTACGTTATACCGC,7347
CGGAATACAGTCTATA,7347
TGTCCCGTTAAAACTG,7347
CAACTGAGCACGCCAC,7339
CCATAGGTCGATAAAA,7335
CACCTTCCTGACGTCC,7334
TGCCAAGAGAGAATGG,7333
GCACTGCTAAAATTGC,7329
CAAAGGTATTTCTCGA,7323
TACGACTTATACGTCG,7322
GTAACCACAATACTCT,7320
AGAGCGAAGCTGTATT,7319
TTTCGTAGATGCACAA,7316
ATTAAAACCTAATAGG,7313
TCTATCTATCATAAGA,7313
AGTTGCGAGTAAGATT,7308
GACCGCTCAAAATTTC,7308
CTAGTAACTATTCAAA,7300
TTCGAGAACAAGTAGC,7298
ACCCGGGCTACACGGG,7297
ACAATGGTCAACACAA,7296
AATTAATGACATAACT,7292
TAAGTATCAAGATATA,7292
ATTGCACTAACAAAGC,7291
TTAAATTAGGCAGTAT,7291
AATCGACAAAAACTTT,7289
TAGGTGGCCGACAAAA,7289
ACGTTTGTTCAGCTTG,7288
ATTAAATAGGACTATG,7288
AAACATTCACAGACTG,7285
CGAATGCAGACCAGTC,7285
TCTCACACCAAGATCC,7285
TGCATTTTTATCCCAT,7282
TGCAACAATCAATAAC,7279
AGGACCGATTGTAAAA,7275
CCGATATGGCGCTGTT,7275
TAAGAAGAATCCTGAC,7275
TTGCCAAAGGACTCAC,7274
AAAGCTACGGATAGAA,7270
CTAGTTCCTCATGAGG,7268
CTTGAATGAGATCATC,7268
ACTAATGAGCTAAGGA,7260
CTATATAGGGTTCTAT,7260
AAACTCAGATCAATGA,7258
ACATCGAAAGGACCGC,7250
TGGAAGAACCGAACAA,7250
CAAGCTTGACACACTT,7249
GGCCATCGCCCAATCA,7249
TGAATACTGGTTTCTT,7246
TGCAGTACATATAAAT,7246
GGGTTAGGACCATGAC,7240
AAAATGAGTTAGTTAA,7234
TAGACGTTAAAAAGAG,7232
TGAATGCCGCTCGCAT,7232
AGAAACTATTGAACCG,7230
CCTGACATTCAGTCAA,7226
CTTGAACAAAATGGAT,7221
CAACTGACCAACAAGA,7212
AAGAACACAACTCACA,7211
ATTGAACAAAGTATGA,7211
GAAGTCAAATACCAAC,7211
CCAACAAACATCCGCT,7209
AATTTGCATCCAAATT,7208
CAGGATAGAATATAAG,7206
TTATCTATGAATACAC,7202
TTATGTATAGAACCCT,7200
GGCGGTAAATCCAATA,7197
AAAACAAGGGTAAGTC,7196
AACTCATACCTTCCTG,7195
GAACACAAAGTAGAAT,7193
AGAGGACAATACAGTT,7191
AAAGTGCGGGACCGAT,7188
GGGGCTTTATTTGGAA,7188
CAGAGACAAGTCAAGA,7187
CTAGTACATCAGTGAC,7184
TGACCTAACTCTCATA,7184
CATTAGCAATAGAGTT,7179
TCATTATAGAAAGAAT,7179
TTTAAAATCTCTAATA,7176
CCATTTGAGAAATAGA,7175
CTCCAGACTAAAAGAA,7175
AAAGTCCACGCCCAGA,7174
TGGACACGCTCGCGCG,7171
ATCCACCCAACGTACT,7170
ATCCAGATCTTGTTTC,7170
CTAGAGGTCTGCCTTG,7167
CTACTCCCGCCAGATG,7166
TCCTACGAATAATCCC,7166
TTCCAACACACCATAT,7166
GAGCTAATGGGCCCGT,7163
CGCCACGGCTTCGTAA,7154
TCAATAACGTGCATTG,7152
CAACGGGGAAAAAATA,7149
GAGGAAGTGGAATAAG,7148
CCAGGGGCTTAGATAA,7147
GGTTTCACAATTAAAT,7145
ATTACACATTGCCAGC,7144
TTTTGACACAGATGTT,7143
AAACATAGTTCCACGC,7141
GGACTTAGAGAGCCCC,7141
TAAGTTTGATTCCCTA,7141
CACGAGATTTCTAACT,7136
AACGAGTAGCGACGAA,7134
TCAAACCAAAAGTTCC,7130
AAACACCAAATTTCTC,7127
TGACGCAGTCGCTAGC,7127
TTACATGAGACTATGC,7125
AAGTTGTACGAGTAAG,7124
ATCGAGAAACATACAT,7121
CCTACACATCAGCAAG,7119
GACAGACTAACATGAA,7117
GCAGGCTCCTATTTAC,7114
TTGCTTCTTACATCAT,7111
TAGACAAAGCTTTGCT,7106
AACATGACTGACAACA,7101
ACACGCATCGCACTAC,7101
CTAGAAAATCTAAAAG,7100
CACACCTACAGTAACA,7097
CCTCACGTCGAGTAAT,7093
CGCTTAGCTCCGTAAG,7093
GTTTAGATAAATGACA,7093
TAAATAAAACGCACAG,7093
GGGAAACCTAAATAAC,7092
AGTTTGTCCTATGCAT,7091
CGACATGCTCAGAGTG,7087
GGATCGAAATAGTGAG,7084
CTGGCAACTATCAAAG,7082
ACGGATCAAGTGCCCG,7074
ATAACGAGATATGCAG,7073
CGAGCGGATTAGGGCC,7071
CAAACGCTAAGACCAA,7070
GGCTCGCACAGACTAT,7069
ACAGGCAATATAAAGA,7066
AACATATTGCCGCTAC,7065
ACCTAGACATCTAGCG,7063
GATGCATGCGTAAACT,7062
AGGGGATGTCGATATC,7061
TAATTAGTCCCCCCGA,7061
TAAATAGTTTGCTTCA,7059
TAAGCCCTCCTCCTTA,7057
CCTTATCCTATCCGCG,7056
CTGTGAGTGAGACATA,7056
AACTTAATGCAGGTCT,7052
CAGGTTAACCTGATCA,7052
GTTACTCACCAATAGA,7050
TCGGCTAACATTCCTT,7049
ATGCTCGCTTATCACC,7048
CCGATCTGATGCATGA,7045
TGCGGAAAGTTTAATT,7045
GAGCCTGTTTAAAAAG,7044
GGAAGAGTATTTCCAT,7041
GGGATGACGTAATTTT,7041
AAGCAAAAATTTGTCC,7037
ACGAAAGAAGTAAATG,7036
ACTTTCGGAATACAAT,7033
ATTCAAGACGTCATGA,7030
CTACCTAAAGTTCGCG,7029
TTGAAGCATAAACATA,7028
CACGGATCATGACCGG,7026
GGTAGTATAGCTAAAA,7025
ACCAAAGAGCCTAGTC,7024
GGACCCGTACATGGAA,7024
ATCATTTCACAGCCTG,7023
CTAGCCAGAATAAATC,7022
GCAAGCGGTACCAAAA,7017
AATGGATTCGTATAGT,7012
AATCATAACGCTGGAG,7010
ATATCCAGGTAAACGC,7010
CTGCTATCTAACCAGA,7009
TGAGAAAGATACTCGA,7009
CAGATGACACATGTTT,7008
CGAGAATCCAAAAATA,7005
GACCTCTCGATAGTTT,7002
CCCGTAACTCAAAACA,7001
AGCCCAAACCATGAAA,7000
AACAATATAAACCCTA,6997
TCTTTTGACCGTTGAC,6996
AATCCTACGGTACGCA,6994
TACCGAGGTAAACCTT,6994
GACCGAGGAGAGAAAA,6990
AGAAGCACATAGATGA,6985
CCGAATCCAAGTCACG,6985
CGTACACATTTTGAGT,6985
TTCTTCATACCGTCAA,6984
GCGGATCCAGTTAAGA,6982
ATAGACTGAAAAACAG,6981
CAACGCGCTGGGCGTC,6976
TAAACACAATCCTACG,6974
TCACCACAAAAAATTG,6974
AACTAACTGGACAAGA,6973
ACTCTAGCAGACAGCA,6971
ATCCAAATTACCACAA,6968
GTAGTGTCATTAGTCT,6968
GATCCCCCATACGGTA,6965
TAAAGCCCCACAAATA,6961
ACTTAAACAGGCAAAT,6953
TAGCCACTATTAGAAT,6952
AGCACAAAGATAGAAG,6951
TAGTTACAGCTAGAAC,6947
TATATTGGATTTAACA,6936
GGAGGAGACTAGACAC,6935
TAAAGACTCCAGTAGT,6935
CGCCCTTTCTCAATGC,6933
AGTTAACCGATGGATA,6929
ACCGCCCACGCACAGC,6928
AGCAGTAACCACACAA,6928
CTCTCGCGAGCTACCT,6926
TAAAAACTGCATTTGA,6924
TATTAACAACCCAGCC,6924
AATATTATTTCATGGA,6923
TGGACCCACGAGCGAG,6918
TTGAAAGACTGTAATT,6916
ACAGAATTACCAATAG,6913
ATTGATTGAGTCCCAA,6909
ACAGGGTTAACTTCCT,6906
ATGACGGACCGCCCAC,6905
ACACTTAATTCTCGCT,6904
GCGTTATACTATCCTC,6901
AGCCCTATGCACATGT,6900
CACTACAAGTATGCAT,6900
GCAAACTACCAAAAAA,6899
TAACAGGCCAGCGGAC,6899
CGCCCCGGCATTAGGC,6895
AGCGTCCAAGGTAGGC,6892
TGAAACCATTCTGATC,6892
AATCAGTAAATTTGTA,6888
CATTACCTAGAAACAC,6888
TCTCCCACGACCACCT,6887
AGCAAAATATTAAGTC,6885
ACGCCACCCTCCAAGC,6882
ACGGGGATAACCTGAT,6880
CCCTACATGATCAACT,6880
TTTTTTTCCAAGGCCG,6880
CATTCAGAGCGAGAAA,6879
TCAATATTGAAGTTGA,6878
TCACCATAAAGATATT,6876
AAAAATGATCGGAGAC,6873
ACCTATACGCCTGATA,6872
TTATGAGTAAACCACA,6872
TCGTCAAGCAAGAAAT,6871
CGCCATAAACAGCAAT,6870
CTAAGATAGCATCACC,6870
AATAACCTCTTACTTT,6869
GAGTTAACCATCAGGT,6866
TACAACTAGAACTATC,6865
CGTGGACTTACACCCC,6861
TCTTATATGCTATGGC,6860
ACGGCCCATTGAACAA,6858
AGAAAATACGCCATTA,6858
CAGAATCAATATATGA,6853
TGATTATCCACAGTAA,6853
TACGAGCCTGTCCGCC,6852
TCAACTGATTGAAATT,6851
ATCGCCGCACCAGGTC,6849
TTACTAAGCGTCTCCA,6848
CGTCACGGCATTACTC,6845
AACTTGAGCTTACCCC,6844
AAACCTATTCAAGTTG,6840
CACCACACCCCAGTTC,6839
GCTGTCATCCAGTCTG,6839
GACAATAAAATCAGGA,6832
TCCAAACAAGATAAAG,6832
GGGCCATCTAAGATAA,6830
TTTACCAGCGCACAAA,6829
AGAGGCTATTTCAGGG,6823
ATGCAATAATTACGTC,6823
GAGGCGTCCTAACATA,6818
AAAGGAAAACGTAACA,6815
ACCCAAACCTAAAGTT,6815
CCCGACCGTTTTTGAC,6810
GCATCCACCTATATAC,6810
GATGACTTTTTCTTCG,6809
CTCGCAATGTAAGATC,6808
CCGGGAGAACGAACTG,6805
TTAAACAATGGAGAAT,6804
GATCTTCACCTCGCTA,6800
TCGATTTACAACAAAG,6799
AGGTGGATGAAAGGGC,6796
CAGATAATATACGCTC,6791
CCCCGAGTCAATGGCT,6789
ATCGCAACATACGGGT,6788
TCCGTGATGTTGTACA,6788
CGTGGAAAATTGTCCG,6786
CAAAAAGAGCTCGGCC,6780
CCTTGGGAAGCATCTG,6780
GGACCATGCCATGATA,6779
AACCCCCACCATAAGT,6766
GCCCATGATATCTGGC,6764
AAATGAAAACGCTAAA,6762
AAAAAAGTTGCATATT,6761
GAAACGCGAAGACCGT,6761
CTGTAATGACAAATAA,6760
TCTCGAACATAAACGA,6757
CAATATACACTCAGTG,6754
GGAACCCTCCAAGGCC,6749
CCTACCACAGCGGGAT,6748
CCTGTCACTTGGCTTT,6744
AAAGGAACACTAGACT,6743
AAATCTCAAAATCGCA,6742
TCGATGAGACTGATTG,6742
ATTCCACTGAGCCCTA,6731
AACTTTATTCCACCAT,6730
AGTGCTCGCAACCGAA,6726
CATCTTACCCGCCTGT,6725
TCAAAAGATGCTACAA,6725
AATGGTCACCAACTAG,6717
TTTCAATGATCGATGA,6717
AAAGCTAGGCCGCAAA,6714
TGGAGACCATAACTAC,6713
ACAAGACACGCGATCT,6706
AGAATCTCGTACCCCT,6703
GAAAGACAAGCTTCGA,6703
TACCCAACTATTGGTA,6702
TTCAGACAACTACGGG,6702
TTACTCAATGGATCTC,6701
AACCTGCTCAGTGCCT,6700
TCTGAGCCATGAATAA,6700
ATCGAACCATCAGTCA,6697
TAGTTATACAAGAAAA,6697
TTCCAAGTACCCACTG,6695
ATTTACTTTGGTCAAT,6693
CTAAAGACGAATCAAC,6692
TCCAAGGTCTCTTCTC,6692
TAATATGCCCTCAAAC,6691
CACGCAGCACCTTCTC,6690
GGATATAATTCGACAA,6687
CACTAAAAGCAAACAC,6686
TGCAGTTAACCTTAAA,6686
AAAGAGTCGTTCCTCT,6685
CATCATTGCCCAGTCC,6682
ATCGTATGGTGCATCA,6681
ATTCTATAGGGGGACA,6680
ACGGACTAAGCCAGTG,6678
TACAACGATCCTGTGA,6678
GCCGCAACCGTCGGAC,6677
CATTAGCAACACTAAT,6676
ATCTGACAAAATCCAC,6675
CACCGGTGCGGTACGC,6675
GCAACAACGTACACTT,6675
TACGGATAGACTGGTG,6675
GTCTGAACGCTCAAAA,6674
AAATTGATCGGAAAGC,6672
AGAATACCATTTCAAA,6671
CCCGTTCACAGGACTC,6671
AGCTTCGCCTCCCACA,6670
AGGGTTTTGTAATCGT,6670
TTCTATTATCATGGGC,6670
AAGCAACGAACTTGCA,6669
ATTCATTTTGTTTTAC,6667
CAAAGACATGGGACTA,6666
CGTTCATCACAACCTT,6666
TTACCTTTACCAAAGA,6663
TAATAGTAAATTTATG,6661
TAATTCACGCAGTGAG,6661
ACACGAGATAAACATC,6659
GACGCTTCGATGCCCA,6658
TACAGAAGCCCATATG,6655
TGGGATGACAGAGTAA,6653
ACTAAGGACAGATATC,6652
CAAAGGAAAGTACAGG,6650
CTCATATAATTACAAA,6650
ACCCGGACCACTTCTG,6646
AAGATAGATGGATTGC,6644
TGACGATACAATTCGT,6641
GAGCCCGGTATGCGGG,6639
GGTTGCCTAAGATTGG,6632
AAACTGCGTGCCTCAT,6631
TAACAGAGCTAAGAGA,6631
TCACAGATTTAGTACA,6631
ATCACACAGTGTGATA,6630
ACGCCAACCAGAATTA,6628
CAGCTAAACTAATAAA,6628
ACAACTCGAACCGCCA,6625
ATACCACTATGTGAAA,6624
TCTAACCACAATGTCT,6623
AAGCACACCAAACGAT,6620
AGAGGTACGGTCATAA,6616
CAAAGACACCTTCAAT,6615
GTTAGAAACAATGTAA,6615
GCCGACGAAGGGCAGC,6614
GTGGCGCATTCTTTAC,6614
GGAAACGTACACCTGT,6613
AGGGACCATAGCAGAA,6612
CTGCTACCAGAACTAT,6612
AAATCTTTATATCAGA,6610
ACAAAAACAATCAGCC,6610
CACATCGCAGCACATA,6610
TTTTAATGCTCGAGAA,6607
CTAGACGTGAACTCTA,6606
ATAGATGGTTGACTAC,6605
CCCGATGGAGAATAAC,6604
CTCAAATCGATTAAAA,6604
ATTCCTAAAATACCGC,6603
GTAATCTTCAAGTCAC,6602
TAACTTAACAACCTGC,6602
AAAGATAGGCAGAAGT,6601
AGAAACTTGAAAACAT,6600
CTCACCAATCTATACA,6599
GCAACAACATAGGAAT,6599
CCAACTACATGATAAG,6598
GCCGAGTTTTACCCTA,6598
CGATACCCAGGACCTT,6594
TGTAACAAAAAAAATT,6594
AGCGATCAATAGAGGG,6593
CGCAAACAATGGACAC,6591
TGGACCAAATTATACA,6591
CATAATCATGATTGCT,6589
GAAACGTTTATTAACA,6589
TCATCATAGTATGACA,6589
AATAAGGTTCAAGCTC,6585
AAATGATTACACATAG,6584
ACACTTCAAACGCCAT,6584
CACTAGTATATTAATT,6583
TCCATAAAGGGCGCTC,6583
GGGTATAAAAGCTAAG,6581
TTGGAATTTAAAATTT,6581
AAGCAATATATTCAAG,6580
CTACCTAGTCTAAAAA,6580
ACCGGATGAGGCAATA,6577
GGGCAATCTTACCACT,6576
TAGATAATTTATACAA,6576
AATCACCCTCGACGCC,6574
CTGCCCAGATAATTTT,6572
ACTTCGTAAAATTCCT,6571
TTAGATCCAGATACAA,6571
TTAAAACGGTCTAGCT,6570
ATAGGCCGACCAACCC,6569
ACGGGATACTACCGCT,6567
GATAGGATAGAACCAT,6567
TTACCCAGCTTTTTAT,6565
GGATTGTGATCCTCCA,6564
CAAGGAGCCATGACAC,6563
AATTGTTTGTTGGTAA,6561
GGGTGTCCGAATGAAA,6560
AATCTGCCCAATTCTT,6559
CGCCCTACGCCCGTTA,6550
GGCGAGTGCTCCCCAT,6547
ACCGGAACCGTCGAAC,6544
CCTTGTTAAATAGATT,6543
CTACGGTATTAAACAA,6543
GAACGGCGGCGTTGAA,6541
GGGACACCACGTATCA,6541
GAAACCAATCATGCCA,6535
CAAAGCCTGTCCTGAG,6533
CAACGTCGCGCGAAAA,6533
CCTGTCACCGGGGTTC,6531
AATAACACATTACACA,6530
GATTCTCTGCTCACTG,6526
TCATCAAATCATGAAG,6526
TCCAAAGTCTCACGAC,6521
GATATCCCCATGGATA,6520
AGGATGGCATAACAAT,6518
CGACTCTACTTTTCAT,6517
GACGAGTATAGCACCC,6517
AGAACGCCATTATCAA,6516
ATGGATATTACAACAA,6514
CAGTAATTCATCAGAT,6511
ACACTCAGATGCCAAG,6510
GAACATACAGCCGGTC,6509
GACGAGACCGCTGCTC,6509
TTGATCTCTTTAACCC,6505
GGGGGTCTCTTGATCA,6502
TAAACTACTGCCATAA,6501
ACAGCAGTCGGGAATT,6498
CGATATCAAAAGTCAC,6498
ATACCAAAACGTTCAC,6495
CAATAGAAAACAGCCC,6495
GCCAGCCCGCAATAAA,6492
GTGTGAAGCAATATGA,6492
CGCCACCTATACCCAA,6490
ACCCGTCTGATAGGGC,6487
TACAAATAACTATCGA,6485
TGACGCTAAAATGAAA,6482
AAAAAAATGCTCATCA,6481
AATAATCTGGTTAAGG,6481
TGACCTATTTAACGTG,6481
AAGTTGAAGCCGCAAC,6480
CGCTGTGTTTCCTAAG,6480
CTTTCAACACCAAGCG,6479
CAGTGTATAATCTGAC,6478
CTCGCAGAAAAATTAG,6478
GAACAAAACCTGCCTC,6478
ACTAAACGGCCATCTA,6477
GTGGGAAAACCAAACG,6470
AAAACACCCAAGTGCG,6469
CACCGATACTTCATAG,6467
GTATTAAAACGAGTCA,6467
ATGTGTGAAGGATGAA,6465
GAGTATACTAGGACCA,6465
AAAGCCTGAACCAGCA,6464
AAATGGTGCTTGATCA,6464
AAACCTCTGTCTTAGT,6460
GGCGCCGAGGAACTTA,6458
TAAAAATAGACTTGGT,6458
AATCCCTTCTCATAGT,6457
CAAGAGGAAGTATCAC,6454
TGTTCCCACGAAAACC,6452
GTGTTACCTGGAGGCG,6448
TGACCCTTGAACTTCA,6441
TTATCTCAAACGTGGG,6441
ACAGATGACCTAGACG,6439
GAACCTTAGCCTCCTG,6439
CTCACTTAACCATAAT,6438
TATCAATACAAAGTAC,6438
AGACATAAAGAAATAG,6436
ATCGTTGACAGGAGAC,6434
CAACTTGTAACAAGTC,6434
ATCCTAAAACCAACTT,6433
GTTTGACACTCCCCAG,6432
GCGAACGCAAGACCAG,6431
CAAACAGGCTTTTCCT,6430
CAAAGCAAAGTCTTGT,6429
CCCGTGGAGCCCCTGG,6429
CATCCTCACTTTGAAC,6424
GTGCAGATCGAAACAC,6423
GATTTGACAAGTCGAC,6422
TCTACCTATATCTGCT,6422
CAGACAATTAATTATA,6421
GCAATATAACACGACA,6419
GTTAGGCTAATAGCCT,6419
ACCTAAGAGAATCAGT,6416
ATATAACGACGCAATT,6416
AAACACATTGACCGAA,6415
CACAATTTTAGCGAGA,6413
TCATTCCAAGAATAGA,6412
TTGACGGACAATCCAA,6410
CCCTGCAACTTATCGC,6408
TACTAGGAACCCCAAC,6406
TCCAAAGCATACGTGC,6404
CAGCTATTTCCATGGG,6403
CTATAATTGGAGTACA,6402
AGCTGCATCGCCAGCA,6398
CGCTTATCTCAGGGAA,6398
GAACCGCCCATTGATA,6398
ATCAACCTACATGAGA,6397
CCCGATACAAGCACCT,6397
AATAAAAAAATTGGAC,6396
GTTTCCAGCAGCCTGA,6394
TAGTATAAGACTAGAT,6392
ATAACAAGCCCTATTC,6387
ACAGGCACATAGAATA,6385
TAATCGGAGTCGCACC,6384
CTAAAGCGGTGAGATG,6383
AAACAAGTCAATAACA,6382
CACATCTCATCATGCT,6382
AATTGTCCATCCAGGA,6380
AGGCCGTCTTAGACAA,6380
ACAACATAAGATGATA,6378
CAAAAATCTCTACAGC,6376
CCGAACTTGCATAACT,6375
AGATAGCCTAGCTAAA,6374
TGAAACGACCCTATAG,6374
AGTGGCCCGAATCGAG,6372
TAGCTAACTCAGAAGA,6370
AGAAGGTTAAAAATAC,6368
GGAAAAACACAGTCAC,6368
GCCCATTCACCCAAGA,6367
AAATGTTTAGGTTCGC,6366
AAGAAGGGTCGCACAT,6364
TATCCCTCAATGCATT,6362
ATAAATGGAAGACAAC,6360
GCAATTCAATGTGCAT,6359
AGAAAATTAGGTCGAA,6358
GAGGACTATGCAGGGG,6358
GAAGTTTAAAGAACAC,6357
GGAGTTCCAGGACATC,6357
ACCAGACTTTATTAAT,6355
ATGACTTCTCTGGCAT,6355
CGCTAAACAGGTTAAC,6351
TGCGCGCTCCAGCACC,6347
CCACTTGTACTACAAT,6346
ACATGAATTAGGCCAT,6345
CCAAAGAGGTTCCTTG,6345
AGAAAACCAGAACACT,6344
CCAGTGGATCAACAAA,6344
AAATAGTAAATAGTGT,6343
AACGCCGGCAACTGGA,6343
ACCAAAAATTTTACAT,6343
GGATCAGAGATAATCT,6341
AAAATGAGACTGCCAT,6339
AAAGACCATACAGAAT,6337
AATAGGATTCGATAGT,6337
ACAAAGTTCAGTGAAA,6336
CAGCCCAACAAAGAGT,6334
AAGTATGAAACATACA,6331
CACCGTAACCTTGGTC,6331
CTAAGACGACCATAAT,6330
GCAAAATATATGATGT,6328
TGACCAGTTAATACTC,6328
ACGGCAAAATTTCCAC,6325
ATTGCAAATATGAGTA,6324
CAATCATTACCCAGTA,6323
ACGCATAAAATCGTAT,6322
TTCAACACAAAAAAGT,6318
AGAACGAATAAATGAA,6316
TATAAGATACGAATGG,6309
GTATCATTCGAGCAAC,6308
CCACGGCGTAATAGTC,6307
AGACACCAAATTGCCA,6305
TACGTGTAATCCCATT,6305
ATTCCACACTCATTGT,6302
TTGGCGACTTTTATAA,6302
TACAAATCTTGAGAGT,6301
GCTATCAATAAACACA,6300
CTATTAACAACAAGAA,6297
CTCTTTGAGAACTTCA,6297
AAAATCAAATAACCAA,6296
AGTCAGAGCTGAATTA,6296
TAAACAACTGACCAAA,6296
TCCAAAATTAACATAT,6295
TTACTGAGCAATGACC,6290
AAAAATGCCATTTCAA,6287
CGTTAGTTTTGTAACC,6285
CTGTAAAATCTCCGAC,6284
ATTATAAGTGATAAAC,6282
GCTGGAATACTCGGCA,6276
TCCTCCGCTTGTGTGT,6276
TGCTATACGTAGTTCG,6276
TGTTAAACAAACAGGC,6276
CAAACTACAGGATGCA,6271
TATACAAATGCCCGAG,6271
CTCACACTAGGTGTCT,6270
GGATTCGCACACCTAT,6266
CGCACCTACGTCCATG,6265
TTTAAATGGTAGGCCA,6262
AAAGTGATAAGCACAG,6261
ACTGTCGGTTGCCATT,6259
AGTAGAAATAAAGAGA,6256
CCGCACCTAGTGTAAG,6255
TATACCATAACAAATT,6255
AACAGTAATGGGTCAA,6253
TATTCTCTAATGCGTG,6252
AATTCCAGATAGAAAA,6251
ATCCGTTATAGCCATG,6248
AGTACGGATTGATAAA,6246
ACGTTGGTCCCGATAA,6245
AATTGTAGAACTCGGA,6243
CCTCGAAACGGGTTTG,6242
GGATCTACTAATTTAA,6242
TATATGCCACAAGTCC,6242
TGTCACCAGTCTACGC,6238
TTAAAACTACTCACTG,6238
TGATTATTGAATCAGA,6237
CGGGCACTATAAGAAA,6235
TCGGTCACCCAATTCA,6235
TAAATATGCACTCGGA,6233
TAACTGCAAGCCTACA,6232
ATCGGCAGTACTATGT,6231
ACGAATCCCAGACACA,6228
ACACGAATTTCTTGTG,6227
ATATTGATCATCTAAT,6227
GTGAAAGCGACGCTTA,6225
AAAAAGAAAAATTATA,6224
GAATTGAAACAATGAC,6224
GACCACTGGGATCGGC,6224
GCGCTAGCTAGCAGAT,6223
CGTTGATATAAGCCCT,6220
CTGAAATCCTACTTCT,6219
GTATACACAAATAGTA,6219
AGATCCAGGCACTCCT,6217
GAACCCTGACTGGAAA,6211
AATACCTTAGTTACTT,6210
AATGGATTTGGCACAC,6209
TGAACGAATGGATGCA,6209
CGCAACTGCACTGCCC,6205
TTCCCCATGGTGGGTG,6205
GTGATCGTAATTATAC,6203
ACGTTAACCAAGAGTA,6201
TAATCTCAAATATCGT,6197
AATTCCTATTCAGAAC,6195
CCAAGAGTCACACTTT,6195
CGTTAAATCAAATCTA,6195
TGAGATATCAAAACAA,6195
GAGCACAGCATATAAC,6193
TAAGCGGACTAAAGGG,6192
CTATATACCAAACCTA,6191
GAAATGAGATTCATAC,6191
TACAGTCATGAATGTA,6191
AACCAGACATCCCGAG,6190
AACCGAGAAATAGTGC,6189
ACCCAGGATCAAAAAC,6189
TACACATGTAGTCATT,6189
GACCAACTGTATATAG,6188
CCCCCCGCCAGCAAAT,6187
GTGGCGTGGAATACCA,6187
ATAAGCATACGTAAAC,6185
CGACAAGACACAGAAC,6182
TTAGTTGTTTTTATTC,6178
AGCCAATATTTCCCTG,6177
TACAATACCACTTTAG,6176
CGGACAAACTAGAACA,6175
ACTCATGCAAATATTG,6172
GTTCTAATAACAGGTT,6163
CTACAACTAAAAGCAC,6157
GGTGTATCCCATAATA,6157
GCATATTTGCCTTTTC,6156
GCTATACGTATTTCAA,6156
ATCCGGCGTGTTCTCC,6152
GTGTGCTCCGAATACA,6152
GGAAACTAGATAACTC,6149
CAACAAAGCCACTATC,6147
CTAGATCGGCACCACA,6146
TATTCCTCCAACGTAC,6146
GCTAGGACATTCTGAG,6145
CTATAGATTTAGAATA,6143
GACGAGGTCCTTAGTG,6141
TGAACCTGGAAATAGA,6140
ACAGAAGATGAACAAA,6139
AAACTTTACATGCGAG,6137
CCATCATGGTTGAGAT,6137
AAACTCGATACACAAG,6133
ACACCCGGATTAAATC,6133
CACAAACCCAAGTGTA,6133
CTAATAAGCCAATATT,6133
GAAAATTTTCTACAAT,6132
CCGAAATTCAGAACCT,6127
TACCGATCCTGACTAC,6126
TCCTGAGAACCCCTGC,6124
AAATAATTTCGCGCAC,6123
CTAAAGTTTACGAGTC,6123
TATCAGAATACATACA,6120
CTATTTTCTTAAACGT,6118
GCCTACCTTCCACTAA,6116
ACCTACCTAACAAACC,6113
CGCTCGAACTTGCTGG,6112
GATTTTCAACAGCAAC,6112
AACCTGGCTGTGGGAC,6110
ATGAGTGTATCCTGAT,6108
AAAACAAATGGAGATC,6105
AGTGAACACTGAAGCG,6105
AACACTTAAGCTTCCA,6103
GGAAGTTATTAAACAT,6101
GGATTCAATCAACATC,6101
TAAGGTCAAACTGAAA,6099
TACCACCTAAAATACA,6099
ATACAATGATAAAAAG,6098
TCACAACCGAACTCAA,6098
TAGTGGTTAAGCATAC,6094
ATTAGAGCACCTCCCA,6093
GTTCTTAATGACTAAT,6092
TAACATTCGCCATGTT,6088
ACATAATGCCTTTGAA,6086
GTTCACTCATGGAGAC,6086
CAAAATCCAAATATGG,6085
GATAAACAAATATTAA,6080
ATAGATGACGGGGTGC,6077
GACCGGTAACATTATG,6074
TGATAACTATAAGTAG,6074
TAGAATTTAGGTAATT,6072
AGTATACTACACATGG,6067
ATGCTGGGAATAATAA,6067
CTAAAAGAGTTAACAA,6067
ATCAAATGAATTTCGT,6065
GACTAATATTCAATAA,6063
AACGGGTTATCAAGGC,6058
ACGAAGTGTGTGTAAA,6058
AACTATCTGCCTGCAA,6057
ATCTCGGAAATTAACG,6057
CGAAAGGTTTTCACCT,6057
GCCTGAGCGAAGTTGA,6057
ATGGGGTACTCTAAAT,6056
GAAAAACCGAATCATA,6055
ATCTGTGCACGACTAC,6053
GGATTCGACATATTCA,6051
GTGCAAACTATTTGAT,6049
AAATCACGCCAGAATT,6048
CGAAGTTCAAAACAAG,6046
ACTTATTTCTAAATGG,6042
TAAGTCCAACATAAAT,6041
TAAGTCTTACATACTT,6041
AGGATACCTGCTGTAA,6040
GATAACGTGGAAAAGG,6039
GGTCCACCAATGCGCC,6036
GGCCCAACTAAATGCC,6034
TGTGAGAGCTTACGTA,6031
TAGCTCTGTTCAGAAC,6030
TCGAGAAAATCTTACA,6030
ACATCCAGTGACAACC,6028
GTGTGTATGTAACAAT,6026
TGGTATTATAAATGAG,6025
TACCGCCCATCATACA,6024
TCAAGGAACTCTATCA,6023
TCTTACTGTTTCCACT,6023
TTGTACGTTAATTGAA,6023
TTACCCATCTGCCAAA,6021
CAAATCTTAGGACAAA,6020
CAATGGCGATAAACGG,6020
CCCAACTGCATTTACT,6020
CAACCCCATATCCACC,6019
ACCTCACCACGAACGC,6015
GTTCGAGCCTCCAATA,6014
TATCACTATATGTCAA,6014
GAAGAGCCAAAAGCTG,6013
AAACCCTTATGCATTA,6010
ACTTACATCAATCCCA,6009
ATCAATCTTCTCAAAG,6009
AATTCCGACATCCTAA,6007
TAGAAATCTGCCTCGA,6007
AACCGAAGAAGGAAAA,6005
CTAAAATAACACTAAT,6003
TTGTGCATTATTAATA,6002
TCGACGTGCAAACATG,5999
GTCTGTCAACCACAGG,5996
TTGTGGGAACGCGACT,5996
TTTATGTGTCAACCAT,5996
CGACGAAAACTAAGGA,5992
TATGTGCAGACCTCTA,5992
TCTCATTGTCTTATTG,5990
AACGAGCTACATCTTT,5988
AGAATAGAAGGCTGCA,5988
CACTAGAAATACATGT,5985
ATCAGTGAACTATATT,5983
ATTACAGTATAACTGC,5983
TAGAACCTGCTACCAA,5983
ACACTCCTTAATCCCG,5982
CAACTATTGGCAGGGA,5982
TCTTACCATCAGCCTA,5982
GGAGTTCAGGACCTAG,5980
ACAAATCCTGTTGTCC,5979
AATAAACGTATGGCTC,5978
CTACAGCACACGGCCG,5977
CCGATTCCTTGTGAAA,5973
CCTTCCAACAACCTTA,5973
ATAAACAAACGAACAC,5972
AATATGTGCATAGCAG,5971
GGGACCGAAACTTTAA,5967
AAAAAACGTCATAAAT,5966
GATGATATTATAACTT,5964
TACAGACACAAGTACT,5961
AATAGCTGGTACGGAA,5960
GTAGGAGTACAAGGGC,5960
TATCAGCAAAACTATA,5960
ACGAAGAAAACTAATT,5959
CCTTCCGAACAAAAAT,5958
CATAAGCATGACAGCA,5956
AACCGAAATAATTGGT,5954
TTCAGATCAAATGAAG,5953
CAAAAAACACTCAGGG,5952
TTTGAGGAATAGAGAC,5951
ACAATCCTTTCGTAAA,5948
TTGAAAAATCATTTAT,5946
AGTTTATGCGTAATCA,5944
GAACGCAAGATCTCCA,5943
CGGACTAATTAGCATG,5942
TTAATGCAGCGGTCTG,5942
GACAGGCACTCCCCAA,5941
TCCTAATATCTAACTT,5941
TTAGGCACTTATTTCT,5941
CCACAAATAACAGCCT,5939
GCAGGGCCGTTAGACA,5939
AAAATAGTATATAAGA,5936
AAACGCGCAAAACGTA,5936
TCCCCTGCGCGGACAA,5936
TCCGATTAAGATGAAC,5935
ATACGCCCTCTTTAAA,5932
AAACTATTAATTAAGG,5929
CCAACAACCAATGCAG,5925
TAAGCAAAAAGCACGC,5925
TGAGAGCTATCGAATT,5925
ATACAAAGTTTGATAA,5923
TATAAGCTCCAAAGTT,5923
ACATCGACAAGCGGGT,5922
AGACAGACCTGGCGAC,5922
ACCGATGTCGAAATCT,5921
ACGGGCGATCATCTAA,5920
AGACGGAAATGGAACC,5920
TCACGGGCGATGATCT,5920
AATGAAAGCATTAAAA,5918
CAACATTCACTCGAAT,5918
CACCAACTAAATGCAA,5918
CTGAATGTGCTGTTAA,5918
CTAAAAAGACCCATGC,5915
AGAAGTCCTTCAAGCT,5914
TAAGCCATCATGACGT,5913
GATCTCTCAGATGCGT,5912
ACACTACTAAAACGCA,5910
AATAGAACATAATGAA,5909
CAGAGCCGTCAATCCA,5906
CGAGGCACCTCCTCTT,5906
GCCTATGAAGCGTAAG,5906
ACAAAGGTGTTCAAGA,5905
CCAAGAGGTTGCCTAC,5905
ACATTGCATAGGATAG,5902
GTGATAACCAATTATC,5899
AAAGTCGTGCATAAGG,5896
AATGTTTAGCATTAGT,5896
GGTTTATGTTAAACCC,5895
TAGATAAAAAAGAAAT,5893
TCTGAGTTGCTAGTTC,5892
ATAATGAATAAGAAAC,5890
TTGCGGTACATCCAAT,5889
AATGAAAGATTCACTC,5888
AGGAATATATTGTCAA,5888
CACCAAAGCGCCAGCC,5885
CATTAAATAGCCAAAA,5884
GTCCTTATACAGAATG,5884
ATGTACAATACTGTGA,5883
ATCAATAAGGTAGGGC,5882
CACGGCTCGTTACAAA,5881
GAGACTAACACAAAAG,5881
CAGAAACGACAAATCT,5880
GTCACTTCGGAAACCA,5880
AAACGAACTTAGACGC,5879
GACAACGCGATGAGCC,5879
AATAGGCGACATGAAG,5878
GAAGTCGGGTTGAACG,5878
CCTAAAAACAAGCACC,5877
CCGCCACCCGTCGCAG,5874
GTAATCAGGAACCGCA,5874
TGAAGACGCATAGAGA,5874
AAAAACAAATACGGTG,5872
AGAAGACCAAGCAAGT,5872
TGCGCCACGTAAACAA,5871
ATCATGCCTAATACTC,5866
TGTCATTGCTGATGCA,5866
TAAAAATTATTCTTTA,5865
GCGAGGATAATTGGCT,5864
GTTCTTCCGGAGCAAA,5864
TCCATAAAGAATTTCA,5863
AATTCCAACATGGTTA,5861
GTACAATCAACAGAAA,5861
CTATGGATGCTGATTT,5859
GGTCTTACAACAGCGC,5856
CAAAATAATGGATCTC,5855
GTCGATACTGCGTTAA,5855
CATCGATTTATATATT,5854
TCTTACTATATGTATA,5853
AACTCCAACATATGAG,5851
GTATGCTCAGGTCAGC,5849
TAAAAGAACAACTCCC,5847
TTGACAATGCATTACT,5846
TAGCACTGATCATTTG,5844
CTTCCACTAGAGAGAA,5843
GAAATAGTTGAGACAA,5843
AGAATCTATGAACTTT,5842
ACAGTGTAAGATTGCA,5841
AACTTCACCTAAGAAG,5838
ATAATATCCGGGAAAA,5838
GAATACAAACATGCAT,5837
GGCGCCTCAGTATATC,5837
CCGATCAGGGTTCCTG,5836
TTATAAAGGCGTAGAG,5836
AGTTCCACGCTAACGC,5835
GCTAGAATACGAATCA,5835
GCAATGATTCCCACTT,5834
AAGTAAGAGTAAAAAG,5833
CCTACCCATTTCTGAT,5833
AATATCAAAAAGGGCA,5830
CTGCTTTTCAAATATC,5830
ACTTCTAGACAGGTAG,5828
AACAGGGAAGTTAATT,5827
AGCATAAATTCTACAT,5826
TCCCTGCACATGTACG,5825
TGAAACAAGGCCTGAG,5825
ATTAAGACTCAGTGCC,5823
GTCATCAAGCAGATCA,5823
AGTACACAATTCTACA,5820
ATGCATAGCAAACGGG,5820
TAATCATCAACAACAC,5817
AATGCTAAACGAATAG,5816
ATCCTACCGATCACTA,5816
CCGACACGAAAGATGA,5814
TGCCATACTAATATCT,5812
TCAATCCATAACCTGT,5811
GCGACTAATTTGTGAC,5810
AACTAGAAAAAAACTA,5809
AATTCCGGAACAATAC,5808
AGCAAATTTACTAGGT,5807
CCACCACTTCCTCATG,5806
ACAATGCCTACCAGAG,5802
AGTGGCATGAACTAAA,5802
CCAACACACATGTTAT,5802
CACATGTCCCAAGAAA,5799
CAAGATGAACCACATC,5795
TAAAAATCAATTCCAA,5794
TCCAAGGCAGGCATAG,5792
AGATGTTCAACGGAAG,5791
TCTCACGAGTGATGCT,5791
TGTACTCCAAGCGACA,5790
AAAATCTATTAAAGCC,5787
TAAAATGCGCAAGGAA,5784
TGAAACCTTGCGATGG,5782
GAACAAGTCCGGTGGC,5778
GACTGACAAAGTAATA,5777
ACTCGAGCCCCTATAA,5776
TACTCGATAGGCGACA,5776
TATTTTCTTTGGAAAT,5774
TGACCTTGTTATTCAT,5774
CCGAAACCTCTTTAAT,5773
CGTAGTAGCCAATACA,5772
CTACATTTTACAAAAA,5772
AAACAACGTTTACTAA,5771
AACTTGAAAGGTACAG,5770
AGCTCACATCAAGACA,5769
AAATAAAGCGTAAATG,5766
GATCGGATTCCATCAT,5765
TCCACAAGAGCTGACG,5765
AAGTAGTAAGTTCAGT,5764
CAAACGAAACGGGTGA,5761
TCATAATTTCAAATAT,5761
ATCAGAAGGAAACACA,5759
CGATACTTAACAGTGG,5757
GACTGTAATTGAAGGA,5757
AAAATATCAGGAGCCA,5756
AAATCTATACAAAAAT,5754
CCTCATCTTACTCGGT,5754
TTAGCTTACAGGTCAC,5754
AACTGAGAACGTCAAA,5753
GCGTTAACCCTGAGCT,5752
AAACCCAGACCTAGAT,5751
AAACCGATAATACGGA,5750
TAAAGAGCGCAAAATT,5750
TTATCAACTGGTTGCT,5749
CACGATAGCCTCGTAA,5748
TACAATCAACAGCATA,5748
ATTCGATGAACGAATG,5747
CAAGTAACAGCAAATC,5747
AGTATCACATTAACTC,5745
CTATTAGTTATCCGAG,5744
ACTAGTTATTTCCCTC,5743
CACAACATCACCCAAC,5742
TACTATCCGTGACACG,5742
TGCCCGATCACCAACA,5742
CAACAATAAGTTAAGA,5740
TAAGGGGAGTATGTCA,5740
AGAATCCTATTGTATA,5739
ATCGCAAAGATATTGC,5738
CCACGCACTGCGCTGC,5736
AAAACCTACCGTAGAA,5735
ATTGACAGTGGCCAGA,5733
AATTACGACAGAATGT,5731
CCATAAGATTTAACTT,5731
TACTGACAAAAATAAA,5731
ATAACAACGATTAAAG,5730
CGTAGAAGTGGGACAA,5729
CTCGTACCTAGGAAAC,5728
CTGTTTAATTGGAATC,5728
GAGTACTTTACACAAT,5728
GCAAACAGTTGCAATT,5728
CAGCACCGGCCTAAAC,5727
CGAAGCTTAATCAATC,5727
ATTTGGGTCTTCAATG,5726
CTAGGATGATAATTCC,5726
TAAGAGCGGTTGTCCA,5726
CTTATACAAGAACCTC,5720
TATGAATTTTTACCCC,5719
TCAATAGACAATTATA,5719
AATCCACAAGCTAAAT,5718
GTCACGATCACTGGTC,5718
CACCAATGGGCTCTGA,5715
CGCTGTTCTCATAGCC,5715
CGAAACACTGCAGTCT,5714
CCTCATCGGATCACTG,5713
AAGGGCGAGAAGCGCC,5711
AATAGACTTCATACAG,5709
TTCCCAGCGTCAAAAA,5709
TTCCCTACAGCTCGAT,5709
AGTTTAACAACCGTAA,5708
CAGAGCAAGGAAATCG,5708
TAAGCGAAGCACCTAT,5708
CAACTACAAGCCTATT,5707
TTCCTAACGGATCTAG,5707
TGATGAACAATGTTTT,5705
ACGGGCTAGTAAAAGC,5704
ATATTCACAGAGCGGT,5701
ACCCAAGGCTAGATGA,5700
CTCACTACTTTAAACC,5700
GCAGTAAATGAGTATG,5697
GGGGGTGAGCAGTATC,5697
CGTAGAGATGATGCGC,5693
TGACGAACACTATAAT,5693
AATGAATAAGCGAACA,5692
AAATGAGAGAAGACCA,5689
AACTCGCATTCTATCC,5688
ACTTATAACAATCTAA,5688
CAGGGATCCGATGTCA,5686
AGCCCTGTACCAAACC,5685
AAATCGTTACATAACA,5684
AATATCCGCACCAGGC,5684
AGTGATTCATCGTCAA,5684
CACGTCTTCCACATTT,5684
GCGGTCAAAAAATCTA,5683
AAGTGCAAGCAGGACA,5682
AAAGACCTCTTTTGGC,5681
CGAACCCAGTAGCGTG,5680
AAAAATTCACTGACTG,5678
ATGAAACCCAAGTTAG,5677
TAGCTCGACTTCAAAA,5677
ACATGGTATCCCTTCT,5676
TGAATAATAAATCCAA,5676
CCAGGGTTCCTTCGCA,5675
GTAGTTATTACTTATT,5675
CATAGCACTAAGTCCA,5674
GCAACTTAATGAACAA,5674
AACAAGACACAAAATC,5673
CAAATGCCACACACTT,5672
AGCTAAAACTCGTAGA,5671
CACTGTGATGCCCGAG,5669
CCAGCGTTTTCACTAA,5667
CTCTTTCTTGTGACGT,5667
ACCACAACAACATAGA,5666
CACAAAGATACAAGGC,5666
GAAAAATCTCTAGAAC,5666
ATTCAAATGATTCCTA,5665
TATCAATAACCACTTC,5665
ACTACTTCTCCTGTAC,5664
ATGATGATATTACACG,5664
AAGTCCGGATTAAAAC,5663
GATAGAAATTCGGATT,5663
AAAATTCTAGAAAAAA,5661
ACGTTAAAAAGAACTA,5661
CTCATTACTAGGGTAC,5661
CTCTAGAGTAGTGCCA,5659
GCAACCAGCCCGAGCC,5658
TAGTGAGAAGGCCAAA,5658
CGGCTACTGTATACCT,5657
TACTAAGCGGTACACC,5656
AAAAAAAAGACGCACC,5655
TATCCACCGGGTTGGC,5654
TCCAGAAACATTGCTC,5653
AATACATAAAATAACC,5651
GAACAGTTGTCTTACA,5650
TAAACCTCAATGTCAA,5650
TATTTACGACTCACTA,5647
AAGGCATTAACGGAGA,5646
ATAACTGGCCGTAGAT,5646
ACCCGTAGTCAGAAGT,5645
AGGTAGATAAAATCGC,5645
TATCGGCAGGCATCCT,5644
AATCGAGTGGATCTAA,5643
TAAATGTCCAGCTTTG,5641
TATTGCTTTGGATGTG,5641
ATATTCAAAAGCCGTA,5640
CGTATCGTTTGAGAAG,5640
TGTATATGCGACCAGC,5638
CCTAATAAAGGAATCT,5637
AATATCACACCTACTC,5636
TAAATCTCACAGATAA,5636
TCATAGCAGCCTTATA,5634
AATAACATCACTATTA,5631
CAAATCCGGATCAGAG,5631
AAGGCATCCAAGTCTG,5630
TCGTAAAGTCAAATAC,5629
TCTTCAGACTTTCGGG,5629
AAATATAAAGGAATAA,5627
ATCTAATTCCTAAAGG,5625
CGAAAGCTCCTTCACT,5623
CGAATACTCAAGAGCA,5622
TAAGATTAAAAATTTA,5622
TGCTGACCGATTAATG,5622
CAAATACCAAATCAAA,5620
CTACCGTTAAACACAA,5620
GTTTTTGAATACAAAG,5620
TTTCCATATATAAGAC,5619
AAGAATTTGGACTTTA,5618
AGTCCTACTTGCCAAG,5617
CTATTTCCTCTGATCA,5617
TTTCCACGCGTACTGC,5615
ACCGGATTATGAGCAC,5613
GCAGGATAGCACACAG,5612
ACAATTCAGCCAGACA,5609
AGTAATCAAAAACTTA,5609
ATACACCTGCTCTACG,5608
GAGATTGTTAAACCTA,5608
AAGCAGACGACCAGGA,5607
TTGTGAGAGCACTTTA,5606
AACGTCGTACTTGCAT,5605
AGAACATACCTGTGAC,5605
AGGGAGATATTTACGG,5605
TACTGCCATGTGTCGA,5605
TCGCCTGCAGTCTGCA,5604
CCCGAAAATCTAACAG,5600
ACTTTGAACTCTTTGA,5599
TAAGAGTCAAGCGCTC,5598
TGACGTGCAGTAAGTA,5598
GTCGCCCATCATAGAC,5597
AAATATATGTGGTAAT,5594
ATATGCCCATGCATGT,5590
CGTATGAAAATAATAC,5589
GCACCCCTTCAACGCA,5589
AGGTCTGCTGTCTTCA,5588
GTATAAAGGTGAACAA,5588
TTGGTACATTTAAAAA,5588
GCAGTATTATATTCTA,5585
TTAAACACGCAGCAGG,5582
CACTTATACGCCATTT,5581
GCCCCGCTTAAACGCA,5581
ATTAAACTACATTGAC,5579
AGGTAAAACTTATCTA,5578
TAAATATGTAAAAATA,5577
CTATTTAACAACTAAG,5575
TATGGAAGAGTAATAA,5574
CAAGAAGTAACATTTG,5572
CCACTGGCATAGCTTA,5571
GGAGCCGAAGCTCACG,5571
ATTAAATGAGGCGTAC,5570
TCTGATCCGACCAGGC,5570
TGATCATATCCTAATA,5570
GTAAATCTATTACAAT,5567
ATATGGTGCCGTTATG,5564
GTAGCCAGCGAATACA,5564
AATTAAACAAGAGGCT,5560
TATAAGCCAAGAACAC,5560
CAGACCCGGGTGAAGA,5559
TGTACCGTTATTGGTA,5558
CCCGTTACACTGGTCC,5556
AAACTAAACTTGAAGT,5554
ATGCTTATGCATTAAT,5552
TGATATACCTCAGAGT,5552
AGCACAAATGATGGGT,5551
CCCTTCTCATCTTACG,5546
GGTTCTAACGAAATAC,5544
AGCTACTCTAATAACC,5543
GGATGCAGAACGACCA,5543
CAAAACTAAGAACCGC,5542
TTGCAGAATAACTCAT,5537
GAATGTCTTAACGGAT,5536
TTCCATATCTCAAAAG,5535
GTATTAAACTCGACGG,5534
TACAAACCCATGATAA,5533
CGTATTTATTCATGAC,5532
AAGAATTAAATACATG,5528
CCCCGTACATAGAAAA,5528
AATAAGAAAACCTCCA,5527
CAACTCAGCTCTGGCT,5526
GCGTTTAGTCACAAGA,5525
GGACACAGACTTTGAC,5525
GTAACGCAGGACTACA,5525
TCGTTCAAACCCCCAA,5524
ATCGCCCATCTGAAAC,5521
AAGCCAAACGCGGACT,5520
CCGCAGCAATTGGCAG,5520
GATAAAACGAAGAGTA,5519
GTGGTACCACACATAG,5517
ATGCCTACTGAGAAAT,5514
GAGCACTTTAAATATC,5514
AAACTTTAATCACAAT,5511
AGCGCACTGAACTCAA,5511
CGGAATTTTATAAAAG,5511
TAGAAATTGTAGATTG,5510
ACTTTCAAGACATATA,5506
ATGGCAACAAAAAGTG,5505
CCTTCGTGGCTCATTT,5505
ACCACACGAACCGCAT,5503
GTCCATCCGGATGCAT,5502
TAAGATAGTTGGAAGA,5501
ACCAACAGCGAGATGT,5496
GGAAACCCTGTCCAGA,5495
CACGTAACAATTGTGA,5490
TTCAGTGATTAAAGTA,5490
GGAGCTTCACAGAATG,5489
ACGTACCATCATGTCG,5488
AACTAGTGAGCTTTGC,5487
TCCTGCAAGACGAAGT,5486
TTGTTAGATATAAATT,5486
CCATGGAAGGACAGCA,5485
AGACACATTAACGACA,5484
GACTTATTCAAAAGTG,5484
AGAACTAGTGAATGAG,5483
GTAAATAGACAGCATT,5483
TCAGTAAAACAACAAA,5480
CAGGACAAGATCTGTA,5479
TGATTCCCTGTCCCAA,5479
TTTAGCAAATTATGCT,5478
GTTAGGTCGTCCGTGA,5476
TGAGAACATCATCAAG,5475
CCTAAAGGGCACGTAC,5474
TACACTACATGAAACC,5474
TTCCTTCCCACAATAG,5474
AATTGGATGGGTTCAA,5473
ACGATTGTCGAAATAA,5472
AATACGGTCATAGGGC,5471
AACACCCCAAATTAAA,5470
ACCGTGAGTCCTTATA,5465
TATAAAGAAAAATTCA,5465
AAATCGTCTCCCAATG,5464
ATGTCATCTAATGTAT,5464
AAATATACAAAACATA,5463
GATAGCAAAGAATAAA,5463
ATTTTCAGACTTCTCA,5462
GCCCCTTATACAACAC,5462
CTAAAATCAAGGGTAC,5459
GCAAAGACGAAGCCAG,5459
CTATTTCCAATGTGAT,5458
GTGACTATCACGGCCA,5458
ACGGATGCAATTAGTT,5456
AACCTACCACACAACC,5455
TCATGCGTTGAATCGT,5455
CCCAAGGACAAAAAGT,5454
GAGACACCCAAATTGA,5454
TTAACCAAGATCTAGA,5454
TAAGCAACGTGACCTT,5452
AGTAGCGCGTGATACA,5449
AAAGCAATAATAGACT,5446
ATTTTTAAGCCGGCCT,5446
TCCTGGCTTTCTTATC,5446
TCGCAACATGATGAAA,5446
AAGCACCGTCGGCGCA,5445
GTCTAGTCTAACAGTG,5445
TCAGTCAAATGCAGTG,5445
GATACAAGGGTATACG,5442
TTAAGGCAGTATCGTT,5441
CTACAAACCATCACAG,5440
ACGCATATCAACTTGC,5439
AATCACCTATGTAGCC,5438
AATAAACACTAAAAAA,5437
AATCATCTGTCCAGCA,5437
ATAGTTGCAAGAAATC,5437
CAAGAGGCGCGCCTTG,5437
ACTCCACTCTCAAAGA,5436
TATTACACAAGTGCAG,5435
ACTGGTTAGCACTAAA,5431
AAATCTTTCAAGAGTT,5430
ATACAACGTAAAAACA,5430
ATATTTTTATAACCGA,5430
CGGGTTGCTACAGGAG,5430
GCAACAGAGACACACA,5430
ACTGCACTAGTACGGC,5428
ACAAACCGCTACAAAT,5423
GTAAAAGGTTTCAGCC,5422
GAAGAAGTAGAAAAGG,5421
AGAGGCAGTGCGATTA,5420
GCTAGCTAAAACAAGT,5420
CAGCGAGACGATTAGG,5419
TATTGAATAACTAGGA,5418
AAGAGCATAACTGTAG,5415
ACCATACAGTTGTCGG,5415
CACCAGTTATTGCTCA,5415
CTGCCTAATCACGCAC,5415
GACAGTACAAGTGACA,5414
CACGGAAGTTACCCAA,5412
ACGAATCTTTCATAGA,5411
GCAGCCGCGAAGTTCT,5409
TACGGAGTAACTGATG,5408
ATATATAAAGCACCCC,5406
AGCCCTAAAAGTAGAG,5405
GAAAAACAACGCCATT,5405
AGGTATTCAATATGCA,5403
ATAGCGTCCTCGAAAC,5403
TCTCCATTGCACACAG,5403
ATATCGTCCACGTGGA,5402
ACCCAAAACTTGTGTT,5401
GTCGTTCGCTTTAGCG,5401
AAAAATCAAGAGGTAT,5399
ACAAGAAGATTAGATT,5399
CTATCGTCCATTAAAT,5399
TAACTTAAGATCATTC,5399
TGTAACCATAAGGACT,5398
ACTTTCACTCAATCTG,5397
CCGAAGCAGTACCCAC,5395
AAAACCTGGGGACCGA,5394
GGCATGCCCGAACATG,5392
AAATTAAAACATATAG,5391
TCCAAGGCACGGTACA,5391
TGCTTGTGGAGCACGC,5391
AGATATATTCGAGAGA,5390
TTAGTCCATGTGCCAA,5389
ACTTAAAAACCAATAA,5388
GAAAGATCCTTTAAAA,5388
TCCTCCAATAATGAGC,5388
CTAAAAACGCACGAAT,5385
ATAAAAAGTCGACAGA,5384
ATTTTGTAACTATTTA,5384
CCGGCGTCTAACTAAA,5383
ATTAATTATCCTAATA,5381
AATAGCCACTTACCGC,5380
TTTCCATATCAAGCGC,5380
TGGCAAAACGTCATAA,5379
GCAATACCCAAGTTGA,5378
CATTAATAAACGTTAT,5377
AATGTTACTCAAGTAA,5376
TCTCGATAAACACCGC,5376
AAGTTGATAAGTGCTA,5374
ACTACCGAATGTGTCA,5374
TGAGAAGATCACGAGC,5372
CCCGGTTATTCCATTT,5370
TGGAGATACAAAATGC,5370
ACGGAGTTAAGCGAAT,5368
TTCCAGTGGGTCATGG,5368
CTTAGTTTGGGATCAA,5367
ATTGGGTTAGGAGGAA,5366
ATGGGATAAGTTAGTT,5364
TGGACTCACCTACAGA,5364
TACACGGGTGAGCCAT,5363
TTCTTACACTAGTTTC,5363
CAATAACTAGTAAACA,5361
ATTACGCTTGAAGCGC,5358
GTAAAGCAACAAAAGC,5358
TGGGATAAAAGTTGGT,5358
ACATTAAAAAAAAGAT,5357
ATTACAAACCCAAATC,5357
GAAAGATGTTTAATAT,5357
ATAACTGAGGTTCCTT,5356
GTCCTGCGTATTCCCT,5356
TTGATGATACCCAGAA,5355
AGAAAACATAATAATT,5354
ACAAAATCGGCAACAA,5352
TGACTAAAGGTATACA,5352
AAAAGCCAACTCGATA,5349
CAGAAAATAATTACAC,5349
CTGAGACACAACCCTG,5349
GAACAGATGCCAAGTA,5349
TGCGCTAAGAAGTAAC,5349
CGGATCTGAAAAGTAT,5348
CTTAAAGAAATACAAA,5348
TCTGACCCACCAGTGT,5346
TGACCGCATATGTGAC,5346
TTAAATTTACACGATC,5346
CTGCATACGGGTCACA,5344
TAATCACAACTTAGTG,5344
TCATTTGGAATGGAAC,5343
TTAAATACTCCCGAGA,5343
ACGGATGGTACGGGGC,5342
ATAGCTAAGGAGATCC,5342
CAGGCCGAACAAACTT,5342
ATTCACAAAATGTTCA,5340
CTATGCTCAAGAGTAC,5339
CATGTGTTGGTAAAAT,5338
TCGACGCTTAACCGTG,5338
TGTCACTTAATGATCA,5338
AAATTCCTTCATCAAT,5337
AGAGTATAACGTGAAC,5337
AGTACGACACACACGA,5337
ATTAGATAACAATAAG,5337
GACCGAGGGAGCTAAA,5337
TTGATGACGTGAGTCT,5337
CCAGTGAGCCACAAAC,5335
CTTAAACTTCACACAG,5335
ACTGACAGAACGTTCA,5334
AACAGTTCCTAACGCA,5333
GCTAGATTGCACCAAA,5332
TAGACAATATCCCATT,5332
CCCTATGGATAAGTGA,5331
ACATTCAAAAGCCCCA,5330
AGACCCCGAAGTATGG,5330
CTAATCCGTCGGATAA,5327
ATAACACTAAGAAGCA,5326
AATAACCCACTATCCA,5325
CAATCTGATCCAGAAA,5324
AAAAAAGAAGGTGGCT,5322
AAGATACCACCCAAGC,5322
ACTTCCTGTAAATAAC,5322
TAGCACGTAAAACCCA,5322
ATAACGTCCCAACTGT,5321
TCCTAACGTTAAAGTC,5318
CACGAAGTATACAATG,5317
ATATAATCTGAGACCA,5316
CGTATTACACACATGC,5316
GGAGGGGCGACTCTAA,5316
TAGCAGTGTCATGTAT,5311
CAATTAGCCCTCTAGG,5309
ATCTAATTAATTGATT,5308
GATCCACGAATCTAAT,5308
TGCCGATCGACGTAAG,5308
ATTTGGTAAGCCCTAC,5307
ATTTTGAAATATTACC,5305
GATCCTACACCCTACT,5305
TGCAGGAGATAATGAA,5305
CCAGGCATACAGATTT,5301
GACGAGAACTTTGCAA,5300
CCCCCGAAAGTCCACC,5299
CGACCAAACTGAGGCC,5299
CGATTATAAATAAAGA,5299
ACGGGGTATATGGTCA,5297
GTAAAAAAACCAGAAT,5295
AAACAAGTTGATCGCG,5293
TAGATCAATTACGCAG,5293
TAATAGGAACATGAGA,5292
ACCAGAACGCTACAAT,5291
GGCTTGAAAAGGAGAG,5291
TGCTAACAACAGACAT,5290
ACTATAGGATACAACA,5286
CTATCATTGCTCTCAT,5286
TCTTCCACCTTCCACA,5286
GAGAAAATTATAACCT,5285
CCTACTGGGTCTACCT,5283
GGCTACCCATTCATAA,5283
CGAAATAACTTACCAA,5282
GTTCCTTGTTTGCCGG,5282
TTAACGCATGCAAGAG,5282
TACCTAATAAAAATGT,5281
GGGAGAATGCAAACAG,5280
GCCGTTACTACACTAT,5278
GGCACCCCCCACCCAT,5278
GACCTTCGAATTGTTG,5276
CGACGCACTCTTACAA,5275
CCCCTGAATGATTAAC,5274
ACGAAAGAAAACGATG,5273
GTCAACAATCTCTACT,5273
TAAATTAATGAAACCA,5273
CCACTAATAGCAGCAT,5272
AATTTACCTCCAATAT,5271
ATAGAATTCGGAACGC,5269
ATGTACTTAACATCAA,5266
AAGAGCACTAGTCCGC,5265
ATTATTACTATAATCC,5264
CAAATATCTGACATGG,5264
CAAAACTGTGCCTTTA,5262
CGAGCCCACAGGGAAC,5262
CCCCAGACCTCCTTTC,5261
CCTGCGTGCAAATCAT,5261
GAGCAGAGTCATTGAA,5261
CATAGTAGCTTCTTAA,5259
CCAAATCGAAAAGTCC,5258
GGTTACATATAGAACA,5258
TCGATATAGTTGAGCA,5258
GTTTGATGTAATGAGA,5255
ATACGGAAATTAATAT,5253
TAATCAAATTATATCG,5253
AGTGCAAATTAAGTAC,5251
ACTAGAAGACTACAAT,5249
AGAAGTGTGAAACCGT,5249
CTCTGCAGAAAGCTTC,5249
GAGGAAAAATGCTTCC,5249
GGACCGCAAGATGAAC,5247
CCTCAGAGATACAGCC,5246
CCAGAAAATTATACCC,5244
GAACCCAACAGAATCC,5242
GAGACGCCAAATCAGC,5242
AAAGCGAATAGTAAGA,5241
AGGCCTGCACAATCGA,5241
GATGTCACCATTTACA,5239
ATTTGTGACGAGACCC,5238
GAAAGAAATAATGTGC,5238
ACTCAATATTTACGAT,5236
GAAATGCTCTGACAAG,5236
TAACTCAGCCACTAAT,5236
TTAAACTGACCTAGCA,5236
ACTTTCTATCGCTAGG,5234
CGCAAGGTCAGGGTCG,5233
CCCTCTAGAGCCATGA,5232
TGACCGTGAACACGAT,5232
AATAACACTATTTTAT,5230
ACACGAAAGAATCGAT,5230
GTAATCAGCGATCAAT,5230
AACGTAGATCCCCGTA,5229
GGTTATAAGACGGCCC,5225
ACAAATACAACCCTTG,5223
ATTGGTTATAGCTGTC,5223
CGTTATGCTCTGTAAC,5223
GAAGTAATAGACATCA,5223
CTACCTTTTGGCAACT,5222
TGGCTCTCGCTAGTGA,5222
TCGAGACGCAGTGTTC,5221
ACTGACAGTTTAGGAA,5219
ATCTGTGCAAGACCCC,5218
CTAAAAATACAGTATT,5218
CTCATTACGGTGCAAT,5217
GTTCGCATTACCAAAA,5217
TTAGCGTAACTACGAT,5217
CACGACTAATTTGGCG,5216
GAGGCTGTGTGCATTT,5216
GAGTACTGAGCCTCAC,5214
TGGAATAAAATCTCAA,5214
CTCTAATTGTCTCTGG,5213
TATAACAAAAAACAAA,5213
CACTGAGATCATTGCA,5212
AAACGAACCCGCTAAA,5211
ATAGGAACAAAGTATC,5211
TACGACAGGTTTTGAC,5210
AAAGTTGAGATCCATT,5208
ATCACATTAAATCCAC,5208
TCAAGGGTACTTAGAA,5208
AGACGGAATTAGGAGA,5206
CCATTTCACTTCAACA,5206
GAGATCTACGCTCAGA,5205
TAAAATAAGGATAAGC,5205
AAGTACAGTAATTGTA,5204
AAGTACTTCCATGACT,5203
CACAGACTGAAACGTT,5203
CCCCTCCAAGCATCCA,5201
CCCCAGTTCTACGAAC,5199
ATCTCGCAGTGATTAT,5198
ATAGACTTCTTAGCCT,5195
TAAAAGATCCAGTCAT,5194
AAACAAATCTATAAAG,5193
CTAATACAAAACTTGG,5192
TAGTAGTACGGTAAGC,5192
GAGCAGAATAAAATAG,5189
CTCACAAGCTAGTCAT,5187
CTCCTCCGAGGCACTT,5187
TAGAACATCTTTACCT,5187
GGCACCAACCCGGTTC,5186
GAACATAGCATAAATA,5184
TAGTAACTTTTCTTAA,5184
AAAAACAGCTTTAAAC,5183
CAACGTACAGAGCCCC,5183
ATGGAAATAAATATAT,5182
GACAGACATGACTATA,5182
GACCACAAGTTTGCGC,5182
TATACATGTAGATAAG,5180
CGCCCACAACAGCTGT,5179
GCGCAATGGCAGTAAC,5179
TATAAAAGTACATCAT,5179
ACGACAGATTAGCTTG,5178
CCGCCTAACAAACTTG,5177
CGTGGATCGAACCCTT,5177
AAAAATCGCACAACAA,5176
TCTTGGCGTATTTCCG,5175
CCCCCACTGTTAACAA,5173
AGTTTGAATTGTCGAG,5169
ATGTGGCGACCAAATA,5169
TTATAACGAGAACCTA,5169
CAAGCCTATGAATCCC,5168
CCTATAGACGTACAAA,5167
TATAGACATTAACTCA,5165
AAATGACACATCTAAC,5164
TCTCTTAGCTCGGAAG,5164
AATGTCCAATTATATT,5160
TGTGACTCTTTTACAT,5160
TCCAAGTTATCATAAT,5158
GGATGGCTGCACAGCA,5157
ATTAAAAATACCGATT,5151
AGGAATACTATACGGA,5149
CTCCTACGTGATCGCA,5149
TAGACAGCAAAATAAG,5149
TTAACTGTCTGAACGA,5149
TTGTCATACTATTAAA,5149
ACTAATTCCACGCTTA,5147
TACCAATAGGACTCGC,5147
CAACTTTGAGATCTCT,5146
AACACGATCGGCACCA,5145
GAGCGGGTTAAAACCA,5145
GATTTCTTCGCTGTTT,5145
CGATAATCGCACAGTA,5142
TGTGCATTCGAATATC,5140
AAACCACTTATTATCC,5139
AGCCAGACTCTTGTAT,5137
TGGGCTGTGCCAACTT,5137
TCTCGTATTAGAAGCA,5136
AATATCCCGAGAAAGA,5135
CTGAATGCTACTCTAG,5135
TAATCATTATAATTAA,5135
GGACATAAACACCCGG,5134
AGTTATAAGAAACTTT,5132
CATTCAAATCTATTTC,5132
GAGCGGTTCCACCAAG,5132
GTATTGTTAATACCCT,5132
TTCAAAGGAACCAATA,5131
TACCGTGACAAAACAG,5128
AGACTCCCGTCCTAGT,5127
CACCATAACAACCCGG,5127
CTTGATTATACTCCCG,5127
TTCACAATAGCTATTT,5127
ACGCTTAACCACTAAG,5124
ATTATAATGATGGATA,5124
ATTCAACCGAGATAAG,5121
AATCCCCCATAACGCA,5120
CCAAGTGTTAGTCCAT,5120
ATTAAATGCTCTATTC,5119
AGCTAGTCCGAGAGTC,5118
GTATGCTTAACAGAGC,5118
GTCATCCGTAAAAATT,5118
TAAGCCATTCTTGCAT,5118
TCCCGGAGCATGAACC,5118
AGGTACTGTACCTTCC,5117
AATGAATCACAGGAGC,5116
TTTGATTTCTATAACA,5116
CCGTTTTCGTATGTAG,5114
TACAGATTTGATGAAA,5112
ACAACACCGCTTTATG,5111
AGACCTTTACAAATTC,5111
CTCAAGTTCGCTTAAA,5111
AAATAAACTAACGCCA,5110
AAAGCATGAATCACTG,5108
GTAAAAAATATCCTAT,5107
TTTAGGAGTCAATCGT,5107
AGACCATGAGACGTGA,5106
CCTTAAACCGGCAGAC,5106
CTGTATACGCAAATCC,5106
AAGACAATAATACCCG,5105
CGACCAACACCAATCA,5105
TCAGTCTTAGAAAGAA,5103
CAATTCAAAACAAGTT,5101
AGGGTTTTACGCCTTT,5100
ACATCTAAAAGTGACA,5099
GCCGCACTCGTTATAC,5099
TGGCCGATACATATTA,5099
CATCATAAATACAGAA,5098
CGATCCACCAACTCAA,5098
TTAAACTTATATTGCA,5097
AAAAACCAATGAAAAT,5096
GACAAGAGAATGTATA,5096
AGAAGCATTTCCGCAG,5095
CCGTAAGAGGATAAAC,5094
AAGTTCTAAGGCCAAA,5093
AAATAACCAACGGCAA,5091
CATGAACATTAACGAC,5091
CGTGCTTAATAAAATC,5091
GGACTTACCCAAGATC,5091
TAATTCGAAGCTCGCA,5087
ACTTGATAGTTTACAA,5085
CCCAACTCCAACCACG,5084
GATCCTTAGTCTGTAA,5083
TTAGGTCCATCACTCT,5081
AGTAAAACAAACCAAC,5080
TATTCTGCACCTTTGA,5080
GTTGTACACCATAGTG,5079
TCAAGGGTAATCCACT,5078
CCAGTGGAGGTTACGG,5077
TAGATATGTCCTCTTC,5077
AAGCTGCTGGACGATG,5076
AGTTCCGGGTCAGTAA,5076
AATCGGTGGCGCTCAT,5074
AGGGAATTGAAAACAA,5074
TGTTGGCAATAAAAAC,5074
GTACAGATAACATTAT,5072
CATACCTCTACACGGT,5071
CTAACCGACTAGGTGC,5070
TAACAAGCAAAAAATC,5070
TGAGTAACGGACAATG,5069
AGCTTGCTATGCAATA,5068
TGGTTACCCTTTTAAT,5067
ATACCAAAAACGTTAA,5066
GTTAACCGGTTAAATA,5066
TAAATTCGGAGACTGA,5066
ATGACTATGAATATTA,5064
TTTGATTCCAAGTCCA,5064
CAGATCTCTCACGTTT,5062
GTAGTGCCGCTTACAG,5062
ACAGCCACAACCTGTA,5061
ACAGAACCAAAAGAGA,5060
ATATGGCGTTGAGACC,5060
AGCAAAAAAACAATTG,5059
ATAACTGTCTCGAAAA,5058
AAATTAATGGCATAAA,5057
AGGTAGTAAAAAAGTA,5055
TTTTGGACCATTCGAT,5055
AATATATTAATGCAAA,5054
CAGACGAATAGTTTCT,5053
TGTAACTCAAAACCAT,5053
AAATAATTTCGTTTAC,5052
AGCCACTTTCTACCCA,5052
ATCTTAAAGCCCCATT,5051
GGAAGATGCCAAAGGT,5051
AGATCAATTAATGCCT,5050
GCTCAGAACATGCCGT,5050
TATAGCACAGGTCCCA,5050
AAGTACCCATTTTCCC,5049
ATGACAGTCCTCGAGT,5049
TAACGATTTCAGTTTG,5048
AACCAATCCACTACCC,5047
CTGCAAGAGATGCAGG,5047
GAGAGCTTCAACTCCC,5047
GATCTTGTTCATCGAG,5047
GCCATTTAACAAAGCC,5047
CTCGGCTAAAAGTGAC,5045
TTGCAGACCGACGCCA,5045
ATGAGGCATATTAAAG,5044
AGTTTCTACGCTTCAA,5042
CGTGCTGTCATAAAAG,5041
TTATCGATGAGAACCC,5040
CAAGAGATACGAGACG,5038
TATGATACTACTCGGT,5038
ATGTTTGATTGTCGAC,5036
CCTCACTAGAATACAG,5036
CTTGATTAGTGTATAC,5036
CAACTGGTCATCATCT,5035
CCTTAACCGTACAAAT,5035
ACGAATGCTGCTAACC,5034
TCACTGGAAAGTTAGT,5033
TAGCCTCCATCATAGT,5032
TCGAGGTCTAATAAAA,5032
AAACTAAGTAATGTTG,5031
CGGGCGTAAGGAACAA,5031
GATTGCAATCGGAAGA,5031
GGAAATACGTAATAAT,5029
AAAAATTACGTCCAAG,5026
AAATCTCAATCGCAGC,5026
CACCTGCTCTGTATTG,5026
AGGTAAATAATCGAAT,5025
TCCCGGCAATAGATCA,5023
TGCCTAAATAGCGTTC,5021
TACATGGGATCCACTT,5020
TGTTAATAACCGGACA,5018
TACTATCCCAAAACCT,5016
TCATTGTATGCTGATC,5016
TGACCACTCGGAATAA,5016
CGACTCAAGGACACTG,5015
TAGGCGAGATACCCGC,5015
TTAATGAGACGGTAAT,5015
CAAATCTAATGATTTC,5013
TTAAATTCTGAAGGAA,5013
TTTATTTGGAACAAAG,5013
TACTCGGTTTCTCGAC,5012
TAGAACCTGCTATACT,5012
ATTGCCTAGATCCTAT,5010
CAAGCCGATTTAGTGT,5010
TAAAAACATTCTCACC,5008
ATAAAACACCAGAAAT,5007
GTCAAATTCTCAAAAG,5007
TTAAACATCGTATTGT,5007
CCGACTCAAAAAAGGA,5005
TATATCGCAGTGACAC,5005
ATGGGGCAAGACTAGA,5004
CAAAATACGGGAACCA,5004
CACCGGAACTTTAGAT,5004
TAGACAAAGAAGTCCA,5004
AGGGGTTAGTGAAATG,5003
AGAGAAGACAGGAAAA,5002
ATAATTATCGCACTCA,5000
CAGCCGAAGCCGGAAC,4999
AAAGACGAGCAAATGG,4998
AGTCAAGCAGAAATGT,4998
AATAAAGTCAAAGAAT,4997
AATACCCTGGACATAC,4996
CGTAAAAGAGGCTTAA,4996
ATACCGTCAGAACATA,4995
TTTTCGACACGCCGTA,4995
ACGCTAGATCTAAAAA,4994
TTAAGTATATTTGCTA,4994
ACTTACAATACTGTGA,4993
TAACCAAATAAACTGC,4993
CAGAATGATGGGATAT,4992
CAACGCTTAGTGCCCG,4991
AATAAATAAACGTTGC,4989
ACGAACTTATACTCGT,4987
CAGGGCTTCTCACTCC,4987
TTAACAACCATCAAGA,4987
AACCAGATATAATCGA,4985
CCCAACTTCGGTATTT,4985
TAAACCGACCAAACGC,4985
GAGTTTATTAGACCAT,4984
TCAATACATGCGCTTT,4984
AATTAGCAGTCCGCAA,4982
CAGTTTGGCATAAGTT,4980
TCATTAGTGTCTTAAC,4980
TCCCTCATGCTACAAC,4979
AAACACGCCAGGAACT,4977
ATACTAATTAGTATAT,4976
GAATAATGAGGACGTT,4976
TCATAAAATGCTAGAA,4976
CAAGGGGTGACCATGC,4975
AAATGCTGAAAGTCAA,4974
CGACAAACCGCGCCAT,4973
GCATTATTCACCAAAA,4973
GCTAAAGCAATACGAT,4972
AACAGCTCAACCGTCC,4968
CAATCACAGTTCACTA,4966
TCACCGTCCAAAGCAA,4966
CGATAAATTTTTCAGA,4965
TAAATACACGAAATCT,4965
ACTAAAACTCTCAAAA,4964
GCGCAGATTATGAAAA,4963
CCAGAGCAATTGAAAA,4962
TGGACAGATCCATACG,4960
TTACTAAAAATAAAAA,4959
TTCAATTAACATCCCA,4959
ATGCGATATTCAATCA,4956
GAGAGTGGAGCTGACA,4956
GCAGGAATGAGAGCTT,4956
CAAATGTCCATCAAAT,4955
CACACCAAAGAAGAAA,4953
AAAGACAGCGCATTAA,4951
ACGGGGATCGTAAATA,4951
GCAATGGCCTACGTGG,4951
CACACCTACTATTTGG,4949
AAAAGTTTCTTATAAT,4948
AAGGTGGCCAATAATG,4948
AGCTTAGTCAACGGAA,4948
ATTTCATATACACAAA,4948
CAAGTAAAGTATTGGC,4948
ACACAAACTCGATCAA,4946
AGATTAACTAAGACCT,4946
AGCTCTTAATAACCAA,4944
GATCAGTCCTTGCACT,4944
ATAACTTCTTCAAAGA,4942
CGACGAAACCCATTTA,4942
CAAAAGCAAAAAGTTA,4941
AATCCTACCTCGACTC,4940
CAGTCGGGGAAACTTT,4940
TATGCCTCTACCTAAC,4940
TGAGTGGACTTACATG,4940
ACAACTCTCGGTGTAA,4937
CGAGTCCAATCTATTA,4937
TAACGCTGATATTTGT,4937
ACATGAAAATTCTTAA,4936
ACGGGATTAAGAAGCA,4934
GTTTGTGCTTGTTTCA,4934
AAAGACCGGATGACAA,4933
GTCCTGACCCGAGTTT,4933
TGTTGTGAGAGAACCG,4932
GAAGTCTCCTGAAAAG,4931
CGGTACATACACATCA,4930
CATTCTAATTCAAAAA,4929
CTTCTACCAATACCAA,4928
ATTCACTGTTAGTCCA,4927
ATAAATACAAAGCGAA,4925
CATCAGCTCGAACTTT,4924
TCGACGCTACGTGATT,4923
ATACACACATTTGCCA,4922
AAAACCAGAAGCTTCG,4920
AACTAGATGCCGTATA,4920
AGATCCTAAAGAAAGG,4916
GTGCCAGATACATTAC,4916
CGGAGTTACAGCGGAA,4914
TAAGACTGGAAGTACT,4914
AGGATAGGGTAGAAAA,4910
AATCCGCGAATCACCC,4909
AGGTAGAATCTGCCTG,4908
GGTACTCGGACTACTC,4907
TGATCCATTATACGCT,4907
GTTCCTTAGAAAGCCA,4906
AAGAATATAAGCTGGT,4905
AGAGTGTTTAAGAATG,4905
TTCGTCATTAAGACCA,4905
TAAAAGAAATGAATCT,4904
AATAATAATCTCTTCA,4903
ACTCGTAAACTTCCTC,4903
GGTAACTTGAAAGCAG,4903
CTAATCACAGGATTGA,4902
CTTTCACAACACATTA,4899
GTGTTAGTCCATAAAT,4899
GCTCTCGGTTCAAGAA,4898
TTAACTCACAAAACCA,4897
TTCCCACCACTACTGA,4897
ACCCCAGTATACACTG,4895
AATCTCTTAGAATACT,4892
CAAGCATAGAAATCCA,4891
CGCTTATGTGATTCCA,4891
AGCAACTACATCCCAC,4885
ATGCAACAAGGAATGG,4885
GTCGAATAACTGACGC,4885
TACTCGCAATTCTGGT,4885
AACACCCCAACTTAAT,4884
CCAAAACATTAGTCTC,4882
ACCGGTGAGCGGGTAC,4879
CATGCCGTAGTACCTC,4878
CCACAACCCAGTCCTT,4878
GAGGAGACAATCCATG,4878
AAGAGTATTAAAGTCA,4877
AAAAAAGACTTGCTAT,4876
TGCAAAATAATCAATT,4874
ATAAATGAACGTAACA,4873
CCTTACTATTATAACA,4871
GATCTCCCGGACATGG,4871
GCGGCAAAATCTTAAG,4870
TTACGATGCAATAGCG,4868
GGTGCACTTCCCCCGC,4865
GTTGAAGAAAAAAACC,4865
CTAACTTACCAAAAGA,4864
AAAGTCACGTTAATTA,4863
GAGAAAATTGGGGGCG,4862
CCGAGAGCCGGGACCA,4860
GTATATCATTGCTTCT,4860
CGCAGTTAGAGACAAA,4859
TCAACAATCCAAGACC,4858
TCTCCCATCCGATATA,4858
AGTCATGGTCCTGGTT,4857
CACTAGGGTATTACAA,4857
CGGCTAGCCGAGGTAT,4857
GGTTTCATACACCAAA,4857
ATAATTGTACCGAGAA,4853
TAATTAATCGAGGCGT,4850
TCCATATTTACTAGAC,4850
AGCCTTTATTTTTAGA,4847
GACTCCCTAGGATAAA,4847
AACAGACACTCATATC,4844
AGATCTCTTGCGCATA,4844
ATAAAAACCTCGAAAA,4844
CGCTGAATGCCTACCG,4843
CTACTACTGAGGAATA,4843
GTAACAAGCGAGATAA,4839
ATAACATCGGATATTG,4838
GACAACGCGTAATACA,4838
GCTTACCAATCGTCAA,4837
AAGCAATAGCAATAAT,4836
ACAGCCATCGTGAAAA,4836
CGTTCAGAAGTAGGCC,4836
CTGAGATACATAATAA,4836
GGATGGCTCACTGAAA,4836
TCGCCAAGGTCAAAAA,4836
AATGCTTTCTTAACGA,4834
ATTAAAATCCAGTAAA,4833
GGCCTACCATAATGCA,4832
TTGAACCTAATCCCAT,4832
ACAAAACATCAGCCTC,4831
ACTGAGGAACGACAAT,4829
GGTTGAACATTTGAAA,4829
CCTAACAGTAATAACT,4828
GAATAAGTTCATAATG,4828
TACCAAGGCAAGTATT,4828
CAAAAGCACTAATGAC,4827
TTTCGAATCACGAGAA,4827
AGGAACATCAATAAAA,4826
TAAGCATCAAGGACTA,4826
AGGAGAGTTCAACAGA,4825
ATGGACATAAAATGAT,4824
CCAAACTCCATGTTGT,4824
CCCACAAAGTTAATAA,4824
TAAATTATTCAAAGCG,4823
TATCAATTTAGAGCTG,4820
CACTAGGTAGCCGAAT,4816
CCACTCGAAGCTGGTC,4816
GACGTGCATAAATCAA,4816
AGAAAAGTGGTTATGC,4812
GGATTCTATCTTTCCT,4812
TTTAAACTTTTATCAG,4812
AAGGTGAACTCAAAGG,4811
AACACGCCTAAGAAAA,4810
AAAAACAGTAGACCGA,4808
CAGATACCAGGTCTCA,4807
AAGGTCAGGAATCAAT,4806
AGTACATTTAAGGAAA,4805
CCGAAATTACCGTACA,4805
GAGGTTGGTCCCTCCC,4805
TCGAGTCCAGACAGAC,4805
CATATTGACTCCAAGA,4804
GAACCAGAAAATTCAG,4802
TGAGAGAAGTTCTCGT,4802
ACGATAACAATTAAAA,4798
AGCACAGTGGAAATTT,4798
ATATGAACAATCTGCA,4798
GACGCAAATAGAGTTA,4798
GATACTCTCAAACCAC,4798
TGCTGCAAAGCTTGAA,4798
GCCCAAGCCAGTTGCT,4797
TATACATCTTGATAGA,4797
TCTGATATGTAACATA,4797
CGAAAGCAAGTTATTA,4796
ACAATTTGGTATAATA,4795
GAGCGTCTCGATGGAG,4795
TTAAAAAAACCATAGA,4795
AGTTGAACCAGATAAC,4794
CATTACGCCCAGCCTC,4794
TGACCTTGTAAACTTA,4794
GTTAAGAAATGTAGCG,4793
GGCAAAATGGATCTGA,4791
CGTCCCGGAGGTGCGA,4790
CTCCCTTGCACTTTTT,4790
GGAGTCAGATCTCGGA,4789
TCCGCTATCTCGACCA,4789
TGAATATAATGCCGTC,4789
ACAGCAAAATGTTTTT,4788
GGCATAAAAATCTAAA,4787
GATACTATGTTCTTCG,4785
AATACCTCACTGTCGG,4784
CCGAATCACCCCAACG,4783
CTTAAGCAACAGGTAT,4783
ATTATAACATCAAAAA,4781
GACAAAAGGAATACTT,4781
ATGAAGAACCTATACA,4779
ATGGTTGAATCTGTAT,4779
TTAACCCAGATTAACG,4777
ACGACACCGTCAACCG,4775
ACTACTAACACAGATA,4774
CTTATCGTCTGCTGCG,4774
TTCTCGACCGCTTTGA,4774
GGAACTGGATTTACCA,4773
AACATCGGAATCGTAA,4772
AGGGCGCGAAGCGCAA,4771
CGACGGCCATACAGCC,4771
CGTGGACAATTCCGGC,4770
CTAGTGGCACAGTTTC,4770
TAATTGGACACGCTCT,4770
ATTAAAACAAATAAAT,4768
GGGGGCCGGCAGGATT,4767
AATGGTAAATATAACA,4766
ATATTTCCATATCTAA,4765
TCGCGGCAATGCACCG,4765
TGGCACCTTAGCCAAA,4764
ACGACCTAAGTTTAGT,4763
TGAACTAGTCAAATTG,4763
GAAGTAAGTATCATGA,4762
GCCATAACATTCCATG,4762
AGCGCACACCGGTCGC,4761
AAAACCCATCAGTTCC,4760
TACCTGAAGTGAGGAC,4760
CAAGGAAAGGCGACAT,4759
TTTTTGGAAATCCCGA,4759
TCGCTGCGGGAATTAG,4758
AGCCAAATGTGTGGCA,4757
CGCAGGTCAATACATT,4757
GACTAGTTCGTGGTAG,4757
TTCCAATGAAGACAAA,4756
CTATAGAGAACAAAAA,4755
TACAGTGGACAGTGAG,4755
ACTAATGCAAGTATAA,4754
AGAATTCAGCTATTTG,4754
ATCGCCATTAATTCAC,4754
TCCTCAGTGGACAAGA,4750
GAAGTCATAATTGGAT,4747
GGTTAGGGCGTAAGAA,4747
GTAACACAGATGCTTC,4747
GCGCAAAAGATAGTCA,4746
ATCAAAACCATAATGC,4744
ACAAAAGAACAGTAAT,4743
AAGGGAGTGTGGTTAG,4742
AGACCTCTAACTTTGG,4742
AGTTATGTTCATCTAT,4740
GAACATAATAATAAAC,4739
GAAGCTCAAGCGCAAA,4739
GAGAACGATATGGCAC,4739
GATAGACGTGTTCCTC,4738
ACTCCATTGCGTTAAC,4736
GTCATACTACAGCAAC,4736
AAGAAAGCGATGTCAG,4735
ATCCGGAAACATACTT,4734
ATCCTTAATGGCCGGT,4734
ATTTCGAACGGGACCA,4734
CTCAAAAGGCAAAAGA,4734
GAACAAAAGAGGCAAA,4734
GGCCATCTACTAACCG,4734
TACATCTTTCTTGGCG,4734
TGTCATCAAAACCTAT,4734
TACAGATAGCACTTTC,4733
CATTGTACAATCGACT,4730
CAGACACCACTGTACA,4729
CGGCGACAATAAGGCG,4729
ATCCGCCCATTAGATT,4728
CTTGCGTTATTTTTGT,4728
ACAGATGAAACCAAGT,4727
ACCAACTGAGATAAAC,4727
AAACAAGAGTTAGTCG,4726
GTTTCATACCTCTAAT,4726
AACATACACATGGTTC,4725
AGAAATTAACGTATAA,4725
ACAAACTCAGAGAATG,4724
CACGGGAATCCAATAC,4724
CTACTCAGTCGGAACG,4724
GCCCACAACAGACATA,4724
CCCAATTTAATATGAT,4723
GCATAATAGCTACAGA,4723
TATGTACCTTAAATTA,4723
TCCGAATTCGAAAACT,4723
AATTTCATGGGCAATC,4722
AGACTATTTTACACAA,4722
GGCTACCCTCCAATCT,4720
TAAAGTTATCCATAAA,4720
AAATAATTTTCCTATT,4719
GGGATTTCCAAAAATC,4719
TTTCAATTGGGATCGT,4719
GGATGTCTGAAAACAC,4717
AGCAGATAGAACTGAA,4716
GAGGAATAATTGTGGA,4716
AGACAGGGACGGACCC,4715
AAGACATTCAATGACG,4714
TGTTATAACGGCACTG,4714
CAAAATTTCCAGTCGG,4713
TGCCAGGATCTTAATT,4711
ACACCCATTCTAAATT,4710
GATGCCAATTTAATTA,4710
GTCAGTAATCTAATGT,4709
CGTATATTTTCTTAAG,4708
TCCTGGATCCTGCACA,4707
GATAATGTACATGAGA,4706
GGGAAGCAACCCCGTT,4706
TTATCGTACCAACGAT,4706
GGTCCGTAAACTTCTA,4705
TCAAACTAACACGCCC,4705
GAATGAACGTACAACT,4704
GTGGTCCAATCGTCCA,4704
AGACTATCACTAATCT,4703
GTAAGAAGTCGATAGA,4702
TCGTGAACACAAGGAA,4702
AATCCATGAAACGCGA,4701
AGTATGCTTTTTCCAC,4701
GTAAACTAATTTCGTC,4701
TGTATACCGACTATCC,4701
AATGAAAGTACGTAAC,4700
CAAACTTTCAATTGTA,4699
TGCAGATAAAACATGA,4699
AACCGAAAGTGCGAAA,4698
GACTCCGAATACGGTA,4698
GGTACGTCAGTTTGAC,4698
ATGTCTCTGGCTATAT,4697
CCATGAACAGTTCCGG,4697
AAAGTTTAAACACCAT,4696
CCATCAGAAGATGAAA,4695
TCACAAGTGCAAAGCA,4695
CCACACACGCACCTAG,4693
ATCTCTGGCAGGTATA,4691
TGTTAAACCGTCGAAT,4691
AACATGGTGACCCGCA,4690
GAACACCATCCCTAAT,4690
GCTGCTGGACCTTAAC,4688
AGTCGCTACCAATAAA,4687
GCTAGAATACAAATGA,4687
GGAGACGATGAAACCA,4687
TCTCGTTGAACTATTC,4687
ACATAGGAGGCCGCAG,4686
CAATGTAAATTAATCA,4686
AAATTTGCAACTTTCT,4685
TTAAAAGTTCACAGTT,4685
GACAGGAAGACCTAGA,4684
CATCCTGCTTAAAAAG,4682
CTATAGCTGTAATGCT,4682
TGGTTAGAGTAGGTAC,4682
AACCAGAGATACATTG,4679
GACTATTAGTATATCC,4678
CCAACACCTGGGAGGA,4677
GATCCAGTAAATTGAT,4677
TTACATTCAGCCCTGA,4676
GTATCTCCCCGGTTGT,4675
TCAAAGAACGAGCGGC,4675
CCAAGCACGCTAGCTC,4672
GTTACATAAATATAAG,4672
CAAAAAGTCGCACCGA,4671
GTCCCTTGTTTAGAAA,4671
TATTTACTAAGTACTT,4671
ATATATAACATTTTAG,4670
GGCTAGACACAAAAGA,4670
CCCAAAAAACTCAGCG,4669
AATCAAAAAAACTTGC,4668
CCTCATTTAGAGATAA,4668
TGACACTCCCAATGAA,4667
GTCATCCCATCGGAGA,4666
TCTAATCTGAACTATA,4666
ATTAAAAACAAATATG,4665
CGAAATATGAGAAAGA,4665
AGTCAAGCAAATACCA,4664
GTTGATCGTTACAGAT,4663
CTTGAGACGTTCACAC,4662
TCCAATCGCTCTGTAA,4660
AATAATTGGTCATTGT,4659
GATCCAGCTCAATTCT,4659
CCCAATTATGTAACAG,4658
TGATGTAAATAAGTGC,4658
AATGGCACGCGACAAC,4657
GTGTTTTGAGCGACGC,4657
TAAGCATTCTAGGATC,4657
TACCTAAATTACATCA,4657
GAGTGGACGCCAATTT,4656
TACGGGAGAAGGAGCA,4656
AGAAAACCTCCCTTAA,4655
CACCTTATAGAATCCT,4655
CATCCCTAGTCTTTAA,4654
ATTTAGGAGTCTGTGT,4653
CCTAACCACTCCCCAA,4653
GCGTGTAATTTAATGT,4653
TAACCACTATACTCCA,4653
ATGATGTTGTAGGTTT,4652
GCCAAAGTACACACTG,4652
TCTCCACTGATCAAGT,4652
CCGACTTACTGAGCAA,4650
TGGAAATAATGGCTAC,4649
TGATAAATACTGGAAC,4648
CCATAGGAAGACGACA,4647
AGTGAGGTTCTAACAA,4646
ATATTAATAAACAAAA,4646
CAATTAGCTAGGCGAA,4645
TCAAATAGGTCTAATT,4644
CCTGGAATTCCATTTG,4643
TAATTAATATTTGAGA,4643
GTAGTCATATCTTATG,4642
GTCTTAACGTCGTAAT,4642
GTGCCCTATATAATAA,4642
CACTACGCCCCTAACC,4641
GCTAGGCATTAGTATA,4641
AGATTTGAAAGTCGTC,4640
CAGGAAGAGATTAACA,4640
AAGATGACAATTAATT,4639
TCCGAACAGAACCGAT,4639
AATTGTAAAGTCATGA,4638
GTCGCGGATCTAAAAC,4638
AGCGATCAACACAGAA,4637
CGCAGGCGAGGTCAAA,4637
ACTTACCCTATGACAC,4636
ATGAGAATCTAGAACG,4636
TTCACAATAAAACCCA,4634
AAAAGGCATCTAAATA,4633
ACGCCCAGTATGACTA,4633
GTTTAAAAGAAACACC,4633
TCAACACACCAATTAC,4633
CAAACAAAGAAGGATC,4632
CTTACCATGAAAAATG,4627
CAGCTCATAACGTAGG,4625
TTAGAGTACCGGTACC,4623
CAGACCGTTATTCTCC,4622
ACACGCCATCAAAGCG,4621
ACAGCAAGCACAATTA,4621
TCCAAAGGCAGTTTCA,4621
ACAACATTAGTAAAAA,4620
GATTTTCACTGCTGAT,4620
TGAAATCACGACCCGC,4619
GAACCTCCAAAAAGAT,4617
CAATATCCTTCGTCTA,4616
TTGCACTCCTTAAAAA,4615
TTTTACCGTGCCCAGA,4615
AAATAGACACAACTAA,4614
CTGTAAGGGTGTGATC,4614
ACTGACCTCTGAGAAG,4613
CTCGAAGAACACTACT,4613
GGTTTTAAGAGTCAGA,4613
TGAAGTAATCCAAAAT,4613
AGTTCTGGATTCCTTT,4611
TCCTTCCTTGCATGTC,4610
TTGTAAAAAAAACAGC,4608
CCAGTTATCATATACC,4607
ATTAGCAAACTACTAT,4606
CTAAAGTACCCCCGTA,4606
CGGGAACGAACCTATT,4605
AGATTAAGCCCCTAGA,4604
CACTATCACTGTAGTA,4603
ACAAGGGTTATAATAG,4602
GAATATTTTTATTCGA,4602
TCCTAGGCCCAGCAAT,4602
TGGGTGCAGTAATGGG,4602
AAACAATTATCGGTGG,4600
GCCACCGTCGACCACT,4600
TATGGATTAAGGTAAA,4600
AAGAGCTGTTTGACTT,4599
CGCAAAAGAGCTTGTA,4599
ATAGAGAAACTGAACA,4598
TTTATTTATGTCCCGT,4597
GATGCAATGCAATTTA,4596
CGTGAAATGTCCAAAG,4595
TTAAAATACTTATATG,4595
AAGACCCATAGACACA,4593
ATTACTGATACTAGGA,4592
TAACCTCTAATCATAC,4592
CTGCGTGTGTCGACAG,4591
TCTACAACGTAAGACT,4591
CTGCTACAAAGACCCA,4590
GAGTGCTCCACGAGAC,4590
AAGAAAGTTTCCAGAA,4589
GTACGCAGACACAAAA,4589
GCAACTCAGGTCCGAA,4588
AGATGGTGGTTATCGA,4586
AAACAAAAATAGTAGC,4584
ACGGAAGATTCTTAGC,4584
CTCCTGTTTGGATGCA,4584
CACATCCAAAGGACAG,4583
GGGACACCCTCGACCG,4583
GTGACGACTACAAATG,4582
TATTTAAATATGAGTC,4580
AACAATGAATTAAAAA,4579
AAGTGATGCGAATTGA,4579
ACAAAACATAGAAGCG,4579
CATAGGTATGCCGATT,4579
CAATCATTAGTGGGAT,4578
TATGGAACAGAAGTAA,4578
TGTCGCCTAGCTCATT,4578
AAAATGAACAACCGAC,4576
TGAGTGGAGCGAAATT,4574
ATAAAATCTGTACCAC,4573
AGGCGGAGTGAGTTCT,4572
TTTGCATACAGTGTGG,4572
GTTAAAACCCGGATCC,4570
TCAGCTAGCTTGTAGG,4570
GAAGACATTAAATGCA,4569
CTTAGATTTCACTGAA,4568
TATAGATCAAATGTCC,4567
CCCTTCCCCCTGAAAC,4566
TAAAATTCGAAAAAAG,4566
ATACGATCCCTCCCGA,4565
CAAGTATTCTCAAGTA,4565
CCACGCGTTTAGTCTT,4565
GTCTTAGCCCCATCCA,4564
CCCGAACCTGAAGGAT,4563
CGGCAGCACTGAAAGA,4563
GATACGATAGAGAAAC,4563
AACGTTGTAGCTATCG,4562
GAAGGTCAATACAAAT,4562
GTGGAAACGGGTAAAT,4562
ACATATCCCCAAGCAC,4561
ACTAATGATGTGGTTT,4561
AATAGACTCCCGTGAC,4560
ACTTTCAACGTTGCTT,4560
ATAAAATCCCAACGCC,4560
CGGTGTATGCCTGGCG,4560
TAAATGCAGAATGGTG,4560
AAGAAAGATACCATTG,4559
ACTAGCTCCGGGGGTG,4559
TCCTAACCTAATGATA,4559
TTGTATTAAGATGCTA,4559
TTCGAACGCATACTGT,4558
TTGAGATAAAATCGGT,4556
AAGATAATACCATAAC,4555
AGCACTCGCTTCGCGA,4555
CTATAACCACCCGCCT,4554
AACCATGTCATAGTTA,4553
CCCGAACTAGTCGAAA,4553
GCAATCGCTGATCCGA,4553
TTTGAGAGGTACAAAA,4553
AAAAGTGAATGCCTCA,4551
CACCACCTCAAAGTCT,4551
GCCCTATGAGGTTTAA,4551
AAGTAAGTAATATAGG,4550
CTAATCACATTTAATG,4548
GAAACCATCCTAGAAT,4548
CCTCTTAGACACCACG,4547
CACGGCGTAATCTCTA,4546
AGCGTATATCCGAAGC,4545
ACACACTTCTAACCAT,4544
ACGCTAGTCAACTTGA,4544
ATTAAAAGACATTCAA,4542
AGAACTTTATCTATAC,4541
GGTGGCACTGAACTGG,4540
TAAATTGAAGACCGAG,4539
AAACGGCTAATAAAGG,4538
TGGGCACTGCCCGGCG,4538
AACCTACCAAAAGGCA,4537
ATAAATGGTATAGTGC,4537
GATTTCACTTCCATTC,4537
AATCCTTAATTTGGCC,4535
CTCATAACTGCACCCG,4535
CTTTTGGGAGGACACC,4534
GAGGACATGCGCGGTA,4534
GCGAAGAAATACCATG,4533
ATTGTCCCAGTTCTTA,4529
ACACTGTCCCCTAAAA,4528
CACGATTACCGGAGCC,4528
CATGGGAAAATTTATC,4528
TAATCGAGAAGAGAAT,4528
TCTTGAGTTAATTAAC,4528
ATGACGTGATCTAGAC,4527
AAACCGAAGGACGCAG,4526
AAGCTTCTTAGGCGCC,4526
ATAATAAAACATGTCC,4526
ACAACTTCTAACGCTT,4524
CCATTATAAGGCAATG,4524
GATACAATATAAGCCA,4524
AAGTAAACATAAATTG,4523
CGGATGTACCCATATA,4523
TGTACTAATTAACCTG,4522
ACCCCATGAGGTTCTC,4521
TTTAATATGAACCCTG,4520
AGATAGAGGGATCATA,4519
CCGAACCTAAGTTAAT,4519
AACGTCTTTGATGTCC,4518
CATTTCATCGCTACTA,4518
CTGCTGTGCCACTTCA,4518
CCCCAAATTGCACTAA,4517
TTACAGAATGGCCTTT,4517
GTACGATACCCTGAAC,4516
TTTCGATCACGCTCCC,4515
AGCTCATCGGGACACA,4513
ATGATGATTTAAATGG,4512
GACTAGGGTCAAACAT,4512
ATAAGTGAAATCATCC,4511
CCGAGAAGCTCCCCGC,4511
GTAGACCTTGTGACTA,4511
AGAGAACTAATGGTAT,4509
CATACAAAAAACCTAC,4509
CAGATGAAAGCTGACA,4505
ACCCCATGAGCACTAT,4504
TACCTAAAGACTTGCA,4504
ATAGAAAATGTCTCCG,4502
ATCGCTCTTCGCCACA,4502
CATCAAAGACCAGTAC,4502
TTGCAGCTTACCGAGG,4502
GGTTGGACCCCAATGA,4501
TATACCCCGTTGGAGG,4501
ACCTCCAAACCCTGAG,4499
ATCTATGAAGATTTTC,4499
CTTGCGCCCCTCTATA,4499
TAATCTGCGCAGATGG,4499
TTTGTACTGTACAGGA,4499
TAGACCCATCCTTTTG,4498
CCAGGTATTCGTTAAT,4497
CAATTAGAACATTTTA,4496
AGATACCAGATGTATT,4493
GATTAGGCGCATTTTA,4492
AATTGCACCGTTATGA,4491
CCAATCCCCTTTTATG,4491
AACAACCTACACATTA,4489
ATTCTTACAAAGTCCA,4488
GGAGTTCAATGCTATA,4487
GCCGGGCAGATTCGGC,4486
GGGCCGAAGCCATAGT,4485
AATGAGTTAGAAGTAG,4484
CGTGACTAAGAATTCA,4484
GTCCGTCTAAGTCTAT,4484
CGCCCTGACTATCATA,4483
GTACCGAAAAGAGAAT,4483
ACACGACGGGATTGTG,4482
GGCCCATAGTCTTCGC,4482
GGCGAGAGGCTCCAAA,4481
AGCGGACGGATATTAT,4479
CCACATTGAATCGACA,4478
AAGTATATAGCAAAAT,4477
ACTTTGTATCAGCCTC,4477
CGGGTAAAGTACTTTT,4477
CACACATAATGGGGGG,4476
GTCTGAAGCAACAAAT,4476
CATGCTTAGTGTAACA,4475
CCAGGTTCCTCATGCA,4475
TTAGCTGATGTCAACA,4475
TTGTCGAACTTAGATT,4475
AGTCACAGAAACACAG,4472
ACGAGGACAATGTTTA,4471
AAAAAACAAATAAGAG,4470
CAATATCTGTGATGTA,4470
TGGTGTCCTGAACAGA,4470
AATTGTGTCTAAAGTG,4469
CAAAAAAGTGTTAAGC,4469
GAACTATACGGCTAAC,4468
CCAAGTCCTCTGTCAC,4467
AGATGTTTTGTAATTG,4466
ACTCAGCTGACGATTC,4463
TAAGACATGGGACCAG,4461
GAATATTCGCTAAGTA,4460
AACTTGAACAGGCCAT,4458
TAGGCAATAACCGGGA,4457
TATAACCCATAAACGG,4457
CAAACGAAGGCATAAC,4456
CCGCTGACATACGGCG,4456
AACGGGACGCTACTTA,4454
TATTAAATGCGGTAGA,4454
AACAAGCCGATAGAAT,4453
TAATAGCCCGGAGGTC,4453
TCCGTAAGTTATCATC,4453
CGAGCTCAAGCACAAT,4452
TCACCTGATGTAACTC,4451
CAAAGCAGTCATATTG,4449
TACGTAATCAGTACAG,4449
TATAGTGCCATGCGCT,4447
GCGTAAACTGGGTAAA,4446
TACTTTTACCTCGGAA,4446
CCTATAAACCGATCGT,4445
GAGAACAAATTTAGAG,4444
TAACAAATATAGTAAC,4444
CCACTCTTTCTAATTC,4443
TAAGGAATCGGCTATC,4443
TAAAGAAAGTACGAAA,4442
TGCTTTATAGTCTCAT,4442
TCAGGCCGGTCCAACC,4439
AACCCTACCATCACCC,4438
ACTCGCAAGTAAGACA,4438
CAATCAGTAGAGCCTT,4438
AAGGATAGAGAGCCGC,4437
ACAACAGTATTTGCCA,4437
CATGACGCTCATACAG,4437
GGAGAAGCGGCTTATC,4437
TCAATTTTACAACCTC,4437
GGGTACCTAAATCTTC,4436
TGCAGGAAACTATACC,4436
AATCTTAATGGAATAG,4434
ACTAGTAAATCACAGC,4434
CGACCGAGAACGCACA,4434
TTAACGAAGGGCCCTA,4433
GGCCACGACAGGTTTC,4432
ACGAAAAGGGGCAGCG,4431
CTTAGAATAAAGCCAT,4431
GTCAGCTTGGTAGTCC,4431
TCAGATCGCGCACAAC,4431
AACTCTACTGTTTTTG,4430
ATCTGAATACGACATA,4428
CGAACGCATACATCGG,4428
AGTTCGCAAACGTAAC,4427
ATCTACTAAGAAAACA,4427
ACTACACATTCCTATT,4425
CCCTGGTTATGCTTCC,4425
TTGGTTACGTTGACTT,4425
TCATAATCCCGTCTAT,4424
TGCATCTCTATTGACA,4423
AACTTTAACAAATTAA,4421
ATAACCCAACAGGGGC,4421
GAACATCGTACTTAAC,4421
TACCAATCCTAACCTC,4421
TGAAGGCTACACAAGT,4421
AATTACTCATGCTTTC,4417
AGAGGAAGTTTAACTA,4416
GAGACTGAAAATGTGA,4416
GTCCATGAAGGCTCCT,4416
AGATGATACAACGAAA,4415
AGCAGTCTACTAGAAC,4415
CTTGGAGAATAGCACG,4415
CTGACGTCCCCAGGAA,4413
TGTAATAGGAATCCAG,4413
AACTTGGAGTGATAGA,4412
CGTACTGCGTTAGCAA,4412
TAGAATACGTAACCAA,4412
TCAATAACTCAGTGCA,4412
ATTGAAAATAAATAAA,4411
CCCTAGGTGGTACTCG,4411
TAAAATTAAGCATACG,4409
AATGCAAGATACAGGA,4408
GATATTGAGCCGCTGA,4408
AACTTCACAATCCTGA,4407
AATCTACGTATGGACT,4406
AGTAAACATAGGCAAT,4406
CCAAACCCCTTACGAA,4406
CTCAGCATAGACATAC,4406
ACAGCCTACAATTACG,4405
ACTGTAATTCTCTAAT,4405
ATTCAATGCTAAACCA,4405
CAGTAAGAGGTCTAAC,4403
ACATAATTCTTAATAC,4401
ACCATACTTGTATTAC,4401
TTCGAATCCAAAACAG,4401
CCCCGCACCTACAACG,4400
CACTTGCGCGCGCTCA,4399
CATGTACACGCAATGA,4399
CCGCGACATAAAGCGA,4399
TCTCGGACTGCCGTAT,4399
ATAGATTAAGCTCGAT,4398
TATCAGACAATGGGGC,4398
TGGTGACTAAACCATA,4398
TTATATTAGACCACAC,4398
TTGTAAATAGCCTGTG,4398
ACACGCTGGTATGGCA,4396
CTGCTCTAAACCAGAG,4396
AAAAATACTATCTAAA,4394
CTGACCCATATGACAC,4394
ACCAACAATTCTAAGG,4393
AGCGGCAAATGTATAT,4393
CGGATAATTCCAACCA,4393
TACCTTCAGGGAATCG,4393
GCTTGAGGCTTATTCT,4392
ATTTGGATCAAAAACC,4389
AAAGAATGCAAAAAAA,4387
CATAAAATCAATTCAA,4387
CACTACCAGGCTCACC,4386
TTACTTTGTGTAAATA,4386
CACACACCCGTAAATG,4384
ATGTATTAACTTGGAG,4383
GGATATTCCTACATAA,4382
ATTTATTATCACAATT,4381
CGCACTTAAAGTACAC,4381
GCCATACACGGGGAGA,4381
TGCTGGCCTGTGACGT,4381
CGTTCAGACAAATACA,4380
GTCCAGGTGTAGATTC,4380
TAACCGTACACCACAT,4380
ACATAATCCCTTCAAG,4378
GCGATAACAAAAGCCG,4378
AGACGCTTTGATTGCG,4377
AGGCGACTCTATAAAT,4377
AAACTGATAGACGCAT,4376
CGCCTAAGAAAGATAT,4376
ACCTCAATAAGATTAA,4374
CGAAAAGCAAGCTTTC,4374
AGATGCTGCTACACAC,4373
AGTGTTTCACCGGTAA,4373
CATTTTCCTCATCCGT,4372
TCATACAATCGCTCAA,4372
TCTCTCCAATTACCGC,4372
CCAAACATTGCGGTCG,4371
TGTCGATCCGATAATT,4371
AAACTATGAGTTTTCA,4370
ATCGATCCAAAACGCC,4370
CGAATTGCTAAGCAGC,4369
TTTCAAGTACCGTGGA,4369
CACGAGCAGCAATAAA,4368
GTACTCACTGTGCGGA,4367
TATAATAAACAGCTTC,4367
CACCAGAATAAAATAA,4366
GACCCTCGATACTATG,4366
TATGAACTGGTGGCCT,4366
CGAGATACCGTCCGCT,4365
AAGCGGACAAATAAAA,4364
ATATATGACAATATAG,4364
CCAGCACCCAAGTGCC,4363
GAAACCGTTCCAATAG,4363
GCTATCATTCGGCACC,4363
CAAACATGGTGGCTAC,4362
CGGCGTTCAGCTGTCA,4361
AACGAGTCCCCATACA,4360
AAATTTACGAAATAAA,4359
AACAAATTATGCAATT,4359
CCAGTTACAACAGAAA,4359
ATAGAGCGAGTAGAAT,4358
TCTTACTGGCCCCATG,4358
AAAATTTGAAATCTAC,4356
ACGGAATTATTACGCG,4356
AATAAAGAATTATAAA,4355
GAATGGTTGATCCGTG,4354
GCATAGGCTAAGGTCT,4354
GCCTGGACTGTGTGAT,4354
TCCCAAACGGCAGTCT,4353
TTAATTACCGAATTTT,4353
CCGCGTAATATATACA,4352
AAGAGGTTCAATTAGT,4351
CGGCCGCATTCGCGCG,4351
GGTACAGAAATACATA,4351
ACACTGAGTGGTCATC,4350
AGCCTTAGTTACATCA,4350
GTAGCGAAGCACCGTC,4348
TGGCAGGACCATAGCA,4348
ATAAACTGACCAGGGA,4347
GACAACCATTGCACAT,4347
GACAATAAGAACAAAA,4347
CGACTTCGAGACTACC,4346
TCCGTCAATACTCACG,4346
TTCGTATTTCGGACGG,4346
TATATAAACGGTTAAA,4345
CGATTGATTAATCCCC,4343
CTCCATAAAGGTCATT,4342
AAGCTTCGACATGTTG,4341
ATACAGAACCGCAAGG,4340
GATACGATCTCCATCA,4340
AATGAGTGTATATGAC,4339
ACGGCGAAAACGAGCG,4339
GTATTCAGTGTACGCA,4337
TATATGGCAGGGAATG,4337
AAGAATCTCTTTTGCA,4336
CAATATAACATCCTAT,4336
CCAATTGAAAACCAGT,4336
TATTGGTCAAAAAGCA,4336
CACCTTAAACAAGATC,4335
GAAAGCCAATTAAAAC,4335
GTTATAAATGGATAAA,4335
TGAGAAATGAGCGACA,4335
TGGCAGCGTACCGGTT,4335
ACAATACTACATAAGT,4334
CGAAGGCCTAAGTGAT,4332
ATCTAACATATGAAAT,4331
GAATTCATGGTCACCC,4331
GCTTACCCTGGGATCT,4331
TAAAACAGCTTAAAGG,4328
ATGATTAGAAGAATCT,4327
GAGCAATACATCCACC,4326
TGAATAAAATAGGGAT,4326
ATCCGAGCAACGTTCT,4325
TCATATCCCACTCCTA,4322
AATAGCTACACCAATC,4321
AAAGGACGACAAATTC,4320
GCCTCCTTAATTATAA,4320
AACACATAAGTAACGC,4318
GATACGTTGAAGGCCG,4318
TCGACTGTTCTTCTTA,4318
GTACGTCACCAGGGTA,4317
TCTGAATACAGTCTGC,4317
TTTGTCGGTTAGGCTA,4317
CACTTGGTTATTGGCC,4316
CTGTGCTTCATTCTGA,4316
TCCGAAATCAATACCA,4314
TATTATTAGACTGCAA,4313
TTTAGGACAATAAAAC,4313
CACTAGACTTATAGTT,4312
TAACCAAATAAACATA,4312
AACGGGCTGGTGGCTA,4311
ATTGATAATGTGGATC,4310
CAACGATAAGACCACA,4309
TCCCTAAACTCGTGGC,4308
AAACAGGTGAAAGACT,4307
ACACTTAGTAAGAGTT,4307
AGCGCAAGGTCCAAAG,4307
ATGGCCTAGGATTCTC,4307
GACTTTATGAATACTG,4307
AGAGACGAGCAGACTG,4305
CCATTCATTAAGAACG,4304
CCGTTATGGACCACAA,4304
CTCCCATCGTACCGGA,4304
TTAATATGAGTGGCAA,4304
CACCCCGAAATAGTAT,4303
AAGTGTTAAACAACAT,4302
AGCTAGAAAGTCACTA,4302
GAACGCTATCCAAAAA,4301
ATACACATCGCGTATT,4300
TGTTGTAATCCCGGAA,4299
TTCGATCCACAGTGGT,4299
AGCGAAATCGTTTGAC,4298
CTTAACGTCAACACAC,4296
TATGCAGCAAGAATAT,4296
AGGAAGTTCCTAATGT,4295
AACATAGAAAGTCGCT,4294
TCCATTTAAAGATATG,4293
TCTTACGTCTTGAAAC,4293
GTAAAGGGAATAATAT,4292
TCTAAACAAAAGACCA,4291
TGTAAGGAGCAACAGC,4289
CTCCCCCTGCGTTAAA,4288
GCGCTCCGCAAAAAGA,4288
AATATATCCCCATCCC,4287
GGCCGATCATGTATTA,4287
AAACCCCTTACTATCA,4286
CGAATGCCCCAGAACT,4286
AACTCCGACCTATGTA,4285
CGATCTCTTGGAACAG,4284
CCGGGATTCTAAAAAT,4283
ACTGATACCTATCTAT,4282
ACATCACCCATCCGGG,4281
AACGCCACCAGCAACT,4280
ACATGTCACCCCGTCA,4280
CTATACGTTAACTACA,4280
GAGAGACCTAACTGAT,4280
TGCGGGAGTACCCGAT,4280
CATCTTCCTGCTATTT,4279
TAGGCCATAATCCGCG,4279
CAGATAAGAAAGTTAA,4278
GCTAATCGATGCCTAA,4278
CGTTACAGTTCCTTCG,4277
GGGCTGTCAAATTCAG,4277
TTCGCCTTAAAATGCC,4277
ATCTCCCGGTCATAGA,4276
TTCAATTATCACTGAA,4276
ATGCGCGACCAATGAG,4275
GTACGTTAATATATCT,4275
CAGACGATGACCCAAA,4273
GAATACTGTAAGCAAA,4273
TTGACTATATCTAGAA,4273
ATGCTGGGGACTTGAA,4272
TCACGGTACATAAAGT,4272
CGTTTACAATAAAAGA,4270
CAATGCGCGACAATCT,4269
AAATCCGGACCCAGAG,4265
CATTCACCCCCACCGA,4265
GCGAAGTTTGGAAGAG,4265
GTCTTAACTTAGTAGC,4265
AAGGGGGGTTAGTGAT,4264
CAGATAGCTTATCTAC,4263
CTTAGAAATTCGCTGA,4262
TGAGGGGCTTCAACCA,4262
ATACATTATGGAATTC,4261
GCCACGCTATTTCACC,4261
TCTCATAATTTCAAGA,4261
ACACGCAAGGCTTACA,4260
AGCAACTTAACCCAAA,4260
GACAGAGGAAAAACAA,4258
GAGGAACGACTTAGTT,4258
ATGCCCATACAACGAA,4256
ATAATTATTCTCAAAG,4255
ATCCATGCACTTGATG,4255
TATCTGATTCCCACGG,4254
GCACTTAAGATCTTAT,4253
ATGACCAAGCCGAAGC,4252
CTAGCGAACACTAGAT,4252
AATTTAGTTCAAGCTG,4251
ATATGCAAAAGTGAAT,4251
TAAATCGTCAAAATCC,4250
TAGTAACATTTGGTCA,4250
AATGTTCTGCCCGCCC,4248
AGGTCTTTGGCAACTA,4248
CGGTAACCTGACTTTG,4248
TAATATGGTGTTTCAC,4248
TGTAGTTGGTATTGTA,4248
ACTAAAATACGCTTAT,4247
CTACAAAACTATAGAG,4247
CCGAGAATTGTATGTG,4246
CGCACCGTAAAATAAT,4246
TAAGAAGTTCGTAATC,4246
CGGAATCAGAAAGAGG,4245
GAGCGCTCGCTAAGCA,4245
TGATGAAGAAGTACTG,4245
TGGAAATCCTCCTTAA,4245
ACAACTTAACAGAGAC,4244
CAAAGATAAGTTCAGG,4244
AAAACTCAAAAATCAT,4243
GAAATCTAAAATCCGA,4242
GCGTGAACAAGGGAAC,4242
AACTAAAATAAAAAAT,4241
CCATTTAGTTGACGCA,4241
TCACAACGCAGCCAAA,4241
GCGGAAGACACAATAT,4240
ATTGCCCCTACTAATG,4238
CATTCTCTTATAACAC,4238
GGGAGGCTTAACTACG,4238
GTTTTATGCCCAACTG,4238
GAGGTTCACTTTGAAG,4235
AGCTGATCAACAACAC,4234
ATAAACAGACTTTAGC,4234
CTAGACGCTACCGAAG,4233
ACGCTTCAAAAGTATC,4232
GAGCGCAATAATTCTG,4232
AATAAACTAGGATAGC,4231
CCTCACCACCTCGCGC,4231
TAAATATACCCAATAT,4231
AATCCACAACACCTAT,4230
TGGAGACTCCTTAAGA,4229
AAGTAGACTCACGCCA,4228
AGCCGTTTAAACACCC,4228
GAAACGGCATTCGAGG,4228
TAAAACCGCCCGCATT,4228
GCAGTATATGTCTCTG,4226
TTCCCCTGCTAATCTA,4226
CAAAGAAAGTAATGTG,4225
TGAGTATAAAAGAGTA,4225
TTAAGATATAAATGGT,4225
ACGTTGCACCCGACCA,4224
GCTCCTCCGTTGGAGC,4224
GTGAATTGAGATTCTT,4224
TTCTATGGCAACCAAA,4224
CAGGTGACGCACAATA,4223
TCATTCTTTCCAAAAT,4223
TCTAAGACATAAGTCA,4223
AAAAATGACTGCAAAC,4222
ATGCTAAAACGCAATT,4222
CACATCATAAGTAGTA,4222
CTGGACACTCACAAAA,4222
TACATGGTACAGAGAC,4222
ACAGAAATTGGACGCG,4220
ATCAACCAACGTGAGG,4220
AAAAGGAAACATAGAC,4217
TAGACACTACGTAAGT,4217
AAAATAAGCGTTATGC,4216
AAGAATGGCCTGTTCC,4216
CTCAAAGGCAGCCTTG,4216
AAACTTCTGTTAGTAA,4215
AATAAAGAAAATCAAT,4214
ACGAAATTAATTTGAT,4214
GCATTGCAACAGAAAG,4212
TTAGACTGTTGTACAC,4212
CTAAACGGCGCTTGCT,4211
GAGTTGTGAAGAAAAC,4210
TGACCAGCTGAATGAC,4210
CAGACGTCAAGTTATG,4209
GCAGTCGAACGCACAC,4209
ACGTCGACGCACTTCG,4207
TCACACCAAAAAGGAC,4207
AACCATCTTGAGGTTA,4206
TCTCACTGTTTAATAA,4206
AATTTTAGCGTCTATG,4204
CACTCGCGAGAACCAG,4204
GACACATATGACTCGC,4204
TGACTCTAAAAGCTTG,4204
CATCATGGCCGAAAAC,4203
GGTCGCCCAGACGCAC,4202
TCTGACATCTAGTTAC,4202
ATACACAAGCCCAAGC,4201
CAAACAAAATCCCTAC,4200
TCAATTTCGTGCCCAG,4200
AAATGAGATTCTTAAA,4199
ACACATGGAATACATA,4199
CAAATTAAAATCTTAA,4199
CTTCCTCAAGCATGAG,4199
AAAGTTAGTATTTTTC,4198
ACACATTTGCCGAGAG,4198
TCCTAAGTATCAAACT,4197
ACTATAAGAAACTTGC,4195
TGCAATGACCTTTACG,4195
AGAGAAAAATTATCCA,4194
CATCGTCGTTGAAAGA,4194
GATTTTGTCCACAAAC,4194
GGCGTTCAACTGACAT,4193
AACGAAAATGTTTACT,4192
TAGCATGTAAACATGT,4192
TAGGTCAAATACTACA,4192
ACATACTCGACAAGTA,4190
ATAGTTACTATGGGAG,4190
CTCTGAATTTGATCCA,4189
CTTTAACTTCGTAACT,4189
ACAGAGGCCTCTCGCT,4188
CTGTAGATTAATCTAA,4187
GAAATATGCGGCTTAA,4187
AATCTGGCGGCAACTC,4186
ATGACAAGACACTAAA,4186
CAAATGGAAACATTAT,4186
CACTTGAACCTCACTA,4186
TTGTAAAGTTGAAAAA,4186
ATGCTCTCAATTGTTC,4185
TCATAGACACCTCTAG,4185
CAGCTAAGTAATGGGT,4184
GACTTGAATGGCAGAG,4184
GCCTTGATTGGAATCA,4183
AAGTTTAATTTGTTTG,4182
CCGTACCAGACAAGAT,4181
AGAAAACAAAAATACA,4180
AGACACTGATGTGGTT,4180
TCTACAAGGATCTAGG,4178
CAAATTTAGGCGTGCC,4177
TGCTACTTAAGAAAGT,4176
CCCACGGATAGAGGGA,4175
TCCAGTGACCCACCAT,4175
AAAACTTCTACCTGAA,4174
ACCAAAGGACAAAGCT,4174
TACGCAAACTCCGCTA,4174
GATGTCCAATTTCTAA,4173
GTGGGAATAAGGCCAT,4173
TACAAGAAAGTGTGTA,4173
AATACAAAGACACTAC,4172
AATATTTAATTTAAGG,4172
AATTCTTGAGTGTAGG,4172
ACATGAAGCTGCAGAT,4172
CATGAATTGGGTAAAA,4172
AATCATTCCACAAAGC,4171
CGAAACATTTATAACC,4170
CTTCCAATAGGTAAAA,4170
GAGCCAAAAGCAAATA,4170
CAGAGCGGTAATCCCT,4169
GTAATGAGTGACTATT,4169
AACCGATCTAGTATCA,4168
ATACTAAAAGAGAGAT,4168
ATCTATAAGAATTACA,4168
ATTGCCATGGCCGGGT,4168
CAATGACAATTGCTAG,4168
CACATCTCACAATCTG,4168
AAGCATGCTAACATAC,4167
ATCGTGAGACAATAAT,4167
GATTCACGCGGTCGTC,4167
AAATAATTACAAATTC,4166
ACCTGACAGCTACTGT,4166
ACGCCCTGAACAATGG,4166
AGCAAATGCGATAATC,4166
GATGCTTCTGAAGAGG,4166
TTTCGCGCAGCTCATG,4166
CAAGACGGTTAAAGAG,4165
CACTAACCAGTTTACA,4165
CAGCCTTAGTACAGCC,4165
GTAGCTCACCCAAGAA,4165
AAACCGCCTTCATAAC,4162
AAAGCTAACATGAGAA,4161
CTAAGGACAAACACCA,4161
GCTTCTCAAAAAGCAT,4161
TCTTCGTGAATAAATA,4161
AGTAGGTAACTTAAAG,4160
ATTATCTAATAAAAAA,4160
AGGTATCAACCACCCC,4159
CCAAACAGTGTATTGC,4159
GATTGCAAAAACTACG,4159
AGGCTGGATTAACCGG,4158
TAACCCAGAGACGTCT,4158
TCACGCCTTAATTACA,4158
AGGTAACATCTACTAC,4157
ATGCAATCAATACCAC,4157
CAACAACAGGCTGGGC,4156
GGTATGAAATATATAT,4156
CTTACGTACGATTTAC,4155
GCCGAGGTAGTAACAC,4155
AATTACTATACGATAC,4154
ATCTTGCAACGGCTAT,4154
CACAAGTGATATGAAC,4154
CGGCAATGAACACCTT,4154
ATCAAGGTAACTCAGC,4153
GAACCCTTGAAATCAT,4153
ATAGTACGTTTAGTCG,4152
ATTTAATTATTGACGT,4152
GTCAACCCTTAGTCCA,4152
TAAAAGAAATCTGATA,4152
TTTTCACGAACCGACC,4150
CAGGGACGATTTGTAT,4149
ACGTTACAAAACATGA,4146
TTAACAACACGCATAC,4146
ATCGGAAATAAAACGC,4144
CAGAACTAAGAAGACG,4144
GGTTTTATGCATTCCT,4144
AAACGGCTTAACTTAT,4143
TTAAACAAAGTTCATC,4142
AAGAAGCTAACTGAGT,4141
AGAGCCAGATTACAAA,4141
ACAGGTCGCCCGCTTT,4140
ATGGAAGCACTTTTCA,4140
GCACCCCTGCCATATA,4140
TTGGGGCATCATACTC,4140
GGGTAGATCAAAGTAG,4139
AAGGTCCGAAAAAACC,4137
AAGGATAACCCGTCAT,4136
TACACAAATACAACGC,4136
ACGTCTACTAACAACG,4135
AGAAAAGTTCGATACA,4135
CTAAAGGATAGCACAT,4135
TCGTCTACATTCCCGC,4135
TGAGTACGCCATTTCC,4135
GGTCCGACGTATAAAA,4134
TCCAGCGGTAACTTGT,4134
GCTAAACCTAAAAGTA,4133
ACTCAAAACTGATTAA,4132
CAATGCCAAAAAACGC,4132
TGCTGATTCGTTCAGG,4132
AAATGTTAAACCACAT,4131
TACACAAAGAGATATT,4131
AAAAAGTCCATCGCTA,4130
GGACATTAGGAAGTAG,4130
TGCCGCTAATTACCAT,4129
CTTCAGAAACGGGCAT,4128
GAAAATACTGGAAATC,4128
TGAGAGTCCCAACCTT,4128
ATCGAGTATGAACAAC,4127
CGACTAATACAAACAG,4127
TGCGAGCCCTAACCGT,4127
TTAAATCAATACTTAA,4127
CAAACAACGAAGCACA,4126
CCCTGGAAAAATACCA,4126
AGGTGGAAGAATTTGA,4125
TAGCAGAAACTATATC,4125
TCAACATTAGGAGGAA,4125
CATAGTGATGTAAACT,4124
AAAAAAACAGGGGCCC,4122
ATTGAAACGTCGGCCA,4122
CAAACGTCCATCTGCG,4122
GGCACGCCCTCAAAAC,4121
CGTCACGCGTAAGACG,4120
CGATTTCGTTTGGAAG,4119
TAGTTCATGGTCTACT,4119
GAATAGGCTTCACCCG,4118
TGTCAACGTAACATTA,4118
CGGGACCCTACAAGCT,4117
AAAATGACAAGTTGTT,4116
GATGAATACCCGACGG,4116
AATTATAAACATAATA,4115
CCAGCATACTTGGTAA,4114
CCTCGCTCTCAGAGAA,4114
GCGTTACTGCTAAAAC,4114
TTATAGGTTATAGACA,4114
CGGTTAAGGTAAATGA,4113
ATGCTACTTCGGCTGA,4112
TTGTGCTATTAAGACT,4111
ATACAAGGAGGAGTTA,4110
ACCCATATTCAATCCC,4109
GAATAGGGCAACAGCC,4109
AACCGATGAAGAATAT,4108
AGTGACCACTCCAAGC,4108
AAGTGGCTGAAACGAC,4107
CGACTTTCAGCGGAAA,4107
AACTATCAACAGCATT,4106
AACCCACGCAGGCTTC,4105
CTGGATCACTTAAAAT,4105
TAACTAACTCGGGATT,4105
TACGCATGAATAGAGG,4103
ATGACGAATCCCAGAG,4102
GTATTTGTACCAAGAA,4102
ATAGAGCTCGTATTAT,4101
GGGTGCTATTCGACAT,4101
ATAGGGCACGGCGTTT,4100
CGAGGCCTGCAACACC,4100
AGCAACGAGTTTGAAT,4099
TCCACCCAATTCATCC,4099
CACGCCAACATGCATC,4098
AAAGGTCGCGACTTTA,4097
ACCAATCACATGAAGA,4097
ACCGACATATTTAATG,4097
AGTCCTATACCTAGTG,4097
CACTTTACTACGGATT,4097
GGCTCCAATCGCCAGT,4097
TAATATTTTTAAATGA,4097
TAGAGTAGCCCTTAAC,4097
ACGAACAATACATTAT,4096
CCGAAGTCTGAATAAA,4096
TGGTAAAATCACATTA,4096
ATTATTTCAGTTGGGA,4095
CCAATCAAACGTAACG,4095
CATTCAAATAATGGCA,4094
CTGACGTCCGCATTTC,4094
GTCTCATTACCAAAAT,4094
TTGACCATAGAGTTCC,4094
TTCTTACCGAAAGCTA,4093
TTGGCGACAGCAGTTG,4093
AATAATGATCCAGGTC,4092
TGTGAACGCCAAGGTC,4092
ATCGTTTGAGAAACAA,4091
CACTGAGTTCGGCAAA,4091
GATGGGTTTACATTCA,4091
GAGCTACTCACCCCAC,4090
GTCAGACGAATGGCGT,4090
ATGGACTTACTTACGA,4088
GATATAAGAAACAGCC,4088
TTGGCGTTACCTTGAC,4088
ATAGGCGATTCAGTTA,4087
ATCGATAGTTATTCTG,4087
CAGAAAATAACGAGAT,4087
ATATTGCCCAATTTGC,4086
CACAAGGGTACGTAGA,4086
CGGTTACGAGAGCTAT,4085
GTCACGGACTAAATAG,4085
ACTTATATGATCTGTA,4084
GCGCATTTCAAAAAAT,4084
GGCAGGATGATCTCGA,4084
TGATCGATTGACTGTT,4084
CGTCTATGAACTACAA,4082
TAACAGGATTAAAATG,4081
ACATAAACATTCAACC,4080
CCGGGGTCAACGGCAT,4080
TTATTAGCATGTTCAC,4080
ATATTATCCACGAATA,4079
CACACGAAATCCAAAA,4079
TTAGTGTGCTGTATAC,4079
GCAGAGCGTATACAGG,4077
ACCAATAGTACCAATA,4076
GGTGGTGTTAACCAAC,4076
AAAGAGCCTAATACAT,4075
CTAGCAGTGAGTTTAC,4075
TCCATTATATTGCCGA,4075
TGTAGTCATTCAGTTA,4075
ACAAATAAGGTATCTC,4074
AGAAAGAGAAACCGAA,4074
CAATACAAATATAGTC,4074
TCACCCAGTCTTTCTA,4072
ATAGATATCTACCCAG,4071
ATCAGGATAGTGAGTC,4071
GTTTTGTTGGATGTTG,4071
AATTGCACTTGTGTGT,4069
ACACCCTTGTCTTCTC,4069
ACGTATTGAAACACGT,4069
TTCGTTAGAATTCTAC,4069
CAGTACGAATGAACAC,4067
CCCTAACGCTACCTAT,4067
CAAGTTGAATTCTCAC,4066
GAAATTTCCCGGTACT,4066
AGTAACAACTACGTCT,4065
ATATACGGAAAGTAAG,4065
TAAGACCGTTGTGAAA,4065
CCAGCACGTGAGTTTG,4063
AATACAGAAATATTAA,4062
ACCGAAGGCGCACCTA,4062
TAGACTGCATGCATGT,4061
TCGTTTTCTAACATCC,4061
CTGCGAATAAGCTGGA,4060
TAATCTATCCGAGATA,4060
TCCGCGGCTAAAAGCT,4059
CAAGGACATGTAAGTT,4058
CTGTATAACGTGTTTG,4058
TACCTAAAAAATAAAG,4058
CATATGTCGATAAGTT,4057
TAAATTACGCAGGAAA,4057
AATCCCAACAACATAT,4056
AAACGCCTTGAAAACC,4055
AAATAAAAGAGACTCA,4055
TCCGGAGTTTAGGGTG,4055
AAAATTTAGATCTTTG,4053
AACTTAGTAATAATAC,4053
ACTACTGTATGGTAGA,4053
TCTTTACAACATATAC,4053
AACGGGCAGAAACTGA,4052
ATATTCGGTCATAGAA,4050
ATCACTGAATTATGTT,4049
ATCCGATCATCCTAAG,4049
ATTCCGGTATCTACGA,4049
GAAATTATATTAACTC,4048
GTCAATCGATGACACG,4048
TCTCAACCAAAGGAAT,4048
TTTTATTTACCATACA,4048
TTGACAAGTTAGACCC,4047
CTCTGAACCTAGACTA,4046
AGGTGTTTAAAGGAGT,4045
TGGAGCTTACATTCGA,4045
ATCTGAACGGACTGAA,4044
CAGTTACTCAGTGGGC,4044
GACATAAAAGATACCC,4044
TATACTCAGAAGCCAT,4044
CCCGTAATACTAAGCC,4042
GTTTAAAGGGGCAAAA,4041
TAGACAAATCAAACAA,4041
TCCGCCCGCCCTGTAT,4041
AAATATAGTACGCAGG,4038
ACCTACACACTGCGCA,4038
GCCCCATACTTCCGCT,4038
TCGAACATTCAATCTG,4037
GTACTAAGTTAGTGAA,4036
TGAATACCAGTAACCT,4036
ATCCACCAATCAGCTA,4035
CCCCGTAGACCGCTAT,4035
AAAACCGTTCAAGATG,4034
AAACAAACTATGACAC,4034
AGCCAATCAGTATAGC,4034
CCGACAGGACGATGTT,4033
GTAACTCGACCAAACC,4033
TATACAGTAATAACCG,4033
TGAAAGATTCGCAAGC,4033
ATGAACATGAGTAGGA,4032
ATTAACTAGTACAGGG,4031
TATTTTTATAACAAGA,4031
TCTCGAAGACTTCCAC,4031
CCAAAACAATTCCGAT,4030
ACCCGTATAACAACAA,4029
GCCTCTGCAACATATT,4029
AAAGGAGACTTTGTTC,4028
TAAGGTATAAGGCATG,4028
TGTATCCAAACGCTGA,4028
GCACCAGAGAATTTCC,4027
TTGAACACCAGCGAGA,4027
AAAAATTTGAAGATGT,4026
ACTAACCAAACTAAAA,4026
GGAATAGGAACCGCAT,4025
TGAACAGGATTGAGTA,4025
TGTGCCGCCATTTGCG,4025
TTAGCTGATGCACCGC,4025
AAGTCCTCTTCCTACC,4024
ATCAAGCCCCAGTAGC,4024
CTAACGAATCAAAATA,4024
CCGGTGCACTCATTTT,4023
AAAATCATCGGTTGTG,4021
AAATGCATTGAGGATT,4021
TTAAATATCGGTTTCC,4021
CCAGGGGGTTTATCCG,4020
TTCCAGAAGGTAGACT,4020
ATACTATCTATTCTGA,4018
CTCTTGATATAATAAC,4017
TCATATGCACAAGGGT,4017
AAACGATAGCTGCTGA,4016
CTTTGGGCAAATACAC,4016
GATAAAACTGCTCAGG,4016
GCGACTGTAACTCCTG,4016
AAATCAATTGCCACTG,4015
GACCAAAAAAATCCAC,4015
GATGACATCGTACAAG,4015
AGGAATTTAGTGTTGG,4014
AGTGGAGAAATTTATA,4013
ATAGAGTCTGCACAAT,4013
GACGTTCCAGAGGTCT,4013
CATGCGTATGCGTCAC,4012
TAAGACCCAATCCCGC,4012
AACGGAGCGCGAGGCC,4011
ACGAGGCCATAAGAAC,4011
ATGCTGTATTTAACCC,4011
ACCGCAAAAAAAGGTC,4010
CCCAACATATACAGCT,4010
TATACGTTCGTTGCAC,4010
CCATCTGATGTCGCTG,4009
TAGCACAAAAAGAGAA,4009
CAAAAGGTGTCGCGCC,4008
ACGGCGAATTGTGATC,4006
GCGTTCAGTGTGGATA,4005
GCTCAATCGCAGCCCT,4005
CACGACCCAGCTCTTT,4004
TTAGGATGCCCTCTAA,4004
ACGAAACCGAACGCGA,4003
TGAAGCCGATCATGCC,4003
AGAAAATAATACAGCC,4002
CAAGACAAAGTCTAGG,4001
TACCGCACAGTCGTGA,4001
TTACAATGGGACCTAC,4001
ATTCAAACTGAATTTG,4000
AGTATTCAGGGTTGTC,3999
TAATCTTAGATAACAT,3999
TACATCCATTTACATA,3999
TCACTCTGTCCTTATT,3999
ACGCAAGGGGCGTTCC,3998
GACATTGACGTGATAT,3998
AGAACAAAATGATGTC,3997
CTACTTTGAGGACCCC,3997
CTCCAAATACTGTTTT,3997
TGGAGGCACTGACTAC,3997
ACCTTACACCTAGAAC,3995
ATTTAAACGCTTCCCA,3995
GCCACATAGCTCTAGA,3995
AAGTTTGAAACAAATC,3994
CAAGCATTCGTGGCTA,3994
ACAGCAACACTGGAAA,3993
CACGCTAACATCTGTC,3993
GACGGTGCATTTATCT,3993
GCTTGTGTAATGACAA,3993
TGAAGTATGCGACTAC,3993
TCAAGGCGAATCTAAA,3992
TGCTACCACTCTAAAA,3992
ACACCTCTCTTCCCAA,3991
AGCTGATCCTAGAAGT,3991
CCATGTAAATGATCAT,3991
CCGGGGCACCAAGAGG,3991
CGATATAAGTAATTAG,3991
TGACAGTACAAAAGTT,3991
ACGCAAAACATATCTC,3990
AGCAACAGCCAATACG,3990
CAAAGACCATTACTAA,3990
GTCCGTAACTCATACG,3990
ACATTGCCTCATACAC,3989
ACTTGTCCCAAAAAAA,3989
GAATGTGCCGCAAAAA,3989
TGAATATCCCGAAAAC,3989
ATAACATAACGTGTGT,3988
ATACCTTGACAGGGTG,3988
GAAAATCACTAACTGA,3988
GGCCCAGTTTTAGCCT,3988
AAAAAATGTGTACACT,3987
AAATTTCATCCGTACT,3987
TATCTAAGGTCTTACA,3987
CATCAAGAATAGTAAG,3986
TCATCACTCGCTTTCA,3986
ATACCGAACCGCAAAG,3985
GTTATAATTGATCGGA,3985
AAATGAAATCGTGCTG,3983
CAATCAACTTAGGGAA,3983
GCCACACCACTTAAAG,3983
GCCGTATGTAGATTAG,3983
ACACTCTTATATTCGC,3982
ATATAAAGTGCAACAG,3981
GCTTCATGGAAATGGT,3981
CCCATAGCTATGCTAT,3980
GCAAGATATGTTTAAC,3980
AAACCCAAGAGCGACA,3979
CAAACCATAAAATTAA,3979
CGCTATTAGGAAAAAA,3977
ATGAGCAGCGACCGGA,3974
AGAACAATATATTCGA,3973
TGTACCAGTGTACCAC,3973
AATCCCTAAAGAGATA,3972
CCATCTAAGTACATGT,3971
TAAACCAATCAGTCGG,3971
TTAGAAAATTCTTGCT,3971
AAGCTGCAGGAAACAA,3970
AATCCATATCAACTTA,3970
ACAGTTAAGTTAATGA,3970
CGCCACTGTGTTGTAA,3970
ACCTGATCACCTATAC,3969
ACGAGCTTGATCCAAG,3969
CTCAGCACTAATAGTC,3969
GATGGGGAGAACATCG,3969
ACGATCGACACATTCC,3968
CTGTAGCCCCATATAG,3968
CCATAACATGTTAGAA,3967
AACCGATTTAATAAAG,3966
GATGCGATTAGGGTAT,3966
AAGTGCTTACAGTTCT,3965
ACATCTAAATTTAATA,3965
TGAGCTGAAGCTCAGA,3965
ACTCAATATCAAAAAA,3964
AGTAAAGAAATCACAT,3964
CCATGTAACCCAGACA,3964
GCGGATGCAAAACCAA,3964
CGCCCCGAAGTCAAGA,3963
TCCCAATACTAAAAAG,3963
AGATCAAGCCCTAAAA,3962
TAACCGGTTAGCCATT,3962
TGTCTACTAAGTAGCG,3962
ACCAATAGCCAGCAGT,3961
TTCATAAAACTTAAAC,3961
ATGGCGTATGAGACAA,3960
CGTTTGGTCTTCTGTC,3960
GCACCCTCTGAGGCCT,3960
CAGGAGAACCCTGTAA,3959
CATCTCAAAGAATATT,3959
GTCTTTGCATCATCTG,3959
TAATTTAATATCTCAA,3959
TACAAGGGTCTACAGG,3959
AATCAAGCGTTCGCAA,3958
GAACATCAGAGGTCCG,3957
GCAAGTCCGATCGGTA,3957
TTGCTGACTCTCCAAT,3957
ATGTGAGAAAGAAATC,3956
GCGAAACTAAAATACT,3956
TCCGTACAGCCATGCA,3956
TCTCGGGGTGACTATC,3956
TTAAGCAACAAAGCAT,3956
GATGGCTATAAAGCCC,3955
CCCAGTGTACAATTTA,3954
GAATTATACAAAAGGC,3954
GGAAGTAACAGATAAC,3954
TACCTATTCAACACAA,3954
AAACAGCTAAAATCGG,3953
CCATTGTAAGCACCAA,3953
CGTTGTTAAGATATCA,3953
GGGAGCATAATCTGAA,3953
AAGACGCCATTAAGGA,3952
TATAGTCGTAAGGGCA,3952
TCACAAACGCAACTAA,3952
CCCGTAGCAGTACTGA,3951
TGAGTAGTATTATATT,3951
ATAGTCGAAAAAAACT,3950
CCGGCAACAAAAATTT,3949
GCCCTTACAAACCACC,3949
TTTGTCTCTGCAACAA,3949
CAACTAATGTTGAGTA,3948
CGCGTCCAATAAGCTA,3948
TTATGCTACACAAACA,3948
CATTGTGATAAGATGA,3947
ATGCAAACGTTAACAT,3946
GTTCAAGGGCTACCCG,3946
TATCCGAGATTTAGCA,3946
TGTGAGGCTAGTAGAA,3946
CATAACATCTCGAACA,3945
AAACCGAAATAAAATA,3944
CCAGACAGCGTGTTAT,3944
CCCAAAATCCCAAACA,3944
GTGAACTATTTATAGA,3944
TTAACCATGTTACACG,3944
AATAAGTGTACTTTGA,3943
CCACAGTACACATAAA,3942
GCCTATAGATCACCGC,3942
AGCCGTGCACGCAGAA,3941
CCCCATCAAATAAACC,3941
GATCACATATATCAAC,3941
TATATTTCTGTCTTCC,3941
TGTTAAAGACGTTTTT,3941
CAGTTTGTCAGTAATA,3940
TCCCATGGACTCTAAA,3940
TTACGCATACTAGTTA,3940
TTCAAGTAAGCACGGA,3940
AATTTAAGAATTACAA,3939
CCCAGAGGCCGATAAA,3939
TTGTAACCTGGATTTA,3939
AGTTGCTGTCACACAA,3938
ATAAACCATAAGGACA,3938
TACAAAATCAGACCCC,3938
ATAAATCAAGATCAGA,3937
TATCGCCTTATCCACA,3937
AAGGAAATCTATCCAA,3936
ACAGAATCAGTACCAA,3936
CGTGACAAACGTGAAG,3936
TTTGGTGAGGCTATCA,3936
TCTGCAATTTACCGGA,3935
AAAACAGGTACTTTTT,3934
AAATTTGTGTAGCATT,3934
AACCATGAACACTGTA,3934
GCGAATGACCAGTAAT,3934
ATAGTATTAAACACCA,3933
CATTAACTCAACCAGT,3933
GATTATTTGACATCTT,3933
AACAGCATTTGTCCGT,3932
AGCCTAAGAACCCTAA,3932
CATCCTTAGGACAGAG,3932
GATCAGACATTAGTAC,3932
AAAATAATTAAATATT,3930
CATTCAAAGGTACCCT,3930
ATAAGCTGTCCACCGA,3929
GATAATCGTTAGCCAA,3929
GCGCACTAAATTCTGA,3928
TAAGAGGATTAGTAAG,3928
AAGAACATAGTAGATG,3927
AATTTAATACCTCACA,3927
AGTAACCTTAGCCGTT,3927
ATTGATTTCCTTTCAG,3927
AACGTGAAGCCGATGC,3925
TCGCATAACCCCACAC,3925
AAACAAGTAGCCCACT,3924
ACGACTTCCGTGTGTT,3924
TTTTGGGTGCAGTACT,3924
AGAACCAGAGCACACA,3923
AGATGTAGATACAAAA,3923
GGGCTGAGAAATTACC,3923
AATTTAGTCAAGTTGT,3922
AGTTTTTAAAATCTAT,3922
ATCACCCTAGATGCGA,3922
GAATCATTAATCAGTA,3922
TGCAAACATATACCCT,3921
TGCCGGTTCTGAAAAG,3921
TTATTAACAAACTAGA,3921
AACGCGCTAACCTGTC,3920
CAGTCCAGGTACTCAC,3920
GTAGCAGCAGTCACTT,3920
AAAATAAGACGCATGA,3919
ATGCCTTACCCTTCAA,3919
CGGTCAACAAGGGATA,3919
CTCAGAACGCGAAATG,3919
TATCTATTAGTATCAA,3919
TCCTGACTGTCGTTAA,3919
GCGCTAGAAAACGTCA,3918
CACGTTATAATACCTT,3916
CTCCCACTTACTCAAC,3916
TGTCAGACACAATTTG,3916
GCGATTAACACTAACA,3915
TGGAGGCGCTGTAAGG,3915
AATTAGGTAACGAATA,3913
CGATGAAATCAAAAAG,3913
ACTGGCTCCATAATTA,3912
TTTCCAGCCAGCCCTT,3912
ATAGCAACTACCGCCA,3911
TAAATAGCTGATTACA,3911
AACCACCAAGACGGTT,3910
ACCGTGAAGTAAGCCC,3910
GAAGAACAGCAAAAAA,3910
TCACATCCGAGCGATA,3910
TCAGCGAAACATATCG,3910
AACACCCCGACCAGTC,3909
AGGTAACAACTTATGG,3909
GCCCCAAACGTCACAA,3909
GAGATAGCGATGAACA,3907
GGCAGTCTGTAATGCG,3906
TCGCGATGAAGTAATA,3906
ACACGTGTGGAACATC,3905
CGCCTAACAAAAAGGG,3904
GCTTACCTGCTTCACA,3904
AACATAGTAACAACAT,3903
CTAAATCTATCCGGAT,3903
AGCCTTTAACAAAATC,3902
ACAAAAACAGAAGAGC,3901
CAAATGGACGCATGGG,3901
GAAGAATCCACCTAAC,3901
TCACAATACGAACCTT,3901
TTCGAAATGATATAGC,3901
ACTAATTAGTACGACA,3899
AGGCTATAAGTCGAAA,3899
AGTGGATATGCAATGG,3899
CCCATAGCCCCGTACA,3899
TACCATGGGACATCAA,3899
TAGTGGTTCATCAAAG,3899
TTCGTAATAATTCGGG,3898
GATTAACAAACAAAGA,3896
AAGGGTGATTGCTATT,3895
AATATGCCAAAGCGAC,3893
TTTAAATCCCCAAAAT,3893
ATAACGCATAAAGTTG,3892
ATGAAGCTCATAAGTA,3892
TAAACAACATAACTCG,3892
AGAATACTTCTCTTAA,3891
AAAAGCTATGTTTTAT,3890
CACCATTAAACAACGA,3890
GGTAACTCGGTGAGCA,3890
AACGGGATATATAAAC,3889
AATGCGCTCACAGTCA,3889
TCCCGATGTAACAGCC,3889
ATGGGCTACCGTTTGC,3888
ATACTATCATATTGAG,3887
CTGACTACAGGACACA,3887
GATAGCAGACTTCTCT,3887
CATTCATACCATACAA,3886
GTCGGCCCAAGAACGG,3886
TATAACAGCGCGTGCA,3886
AGTTTCAGTTGTGTCT,3885
TATCACGGCAGACGAA,3884
TGGCCTATCAAAACCT,3884
ACTCCCAGACAAGTAG,3883
CCGATTTAATTAGCCA,3883
TAAGCAGCAAAAGAGG,3883
TACGGTATCCAGCCAG,3883
AAGTATGTAGACCATT,3882
AAGTCCAACATAATCA,3882
AGAGTAAGCTAAGACA,3882
AACGGACCCCTATACC,3881
AGTACACCTTGTAACG,3880
GGGCCAAGCTAGATCG,3880
AGTCCTAATATGGGGG,3879
TACCCGGCAATCTAAG,3879
TCAAGCGCATAAGGTG,3879
CACAAATTTTAGCATG,3878
AAGGCGAACTAACACG,3877
AAAATACAATCAAGTG,3876
GACCATTATAAAATAT,3876
GCGACATCAATCCGAC,3876
AAATTAAGGAATTGAC,3875
CGTACTCAATATGGTC,3875
CGAATAAGCTGAGAGG,3874
TCCCAACATTGTCGAG,3873
TCTACTTGACGCATGT,3873
ATCTACAAGCGAAGAC,3872
CAGGCTAATTGGACAT,3872
TAACCCCATAGCAATT,3872
ACTAACCCTTACACCA,3871
GAAACAGCCGCCGTCC,3871
AACCAGTAGTCAACAT,3870
ACTTCAAAGTCTTTGA,3870
AGAAGGGACTAACGGG,3870
TAAAAAGGCAACCCTA,3870
CGGAAGATAATGTCAA,3869
ACTTTCAGATAATCCT,3867
GCACTCATGTTCAGGG,3867
AATGATTAGTGTAACG,3866
AGAACGTAAAAACATG,3866
GTTAACATAGAATTAC,3866
AGTCATCAAGTCAGAC,3865
CAAAAAAGCTCAAAAC,3865
GGTGCTAGACAAACTT,3865
TGCCTGGTAACGTTCC,3865
AACCCGAATCACAAGA,3864
CGAAAACTCTAGGAAT,3864
AAATACAGGACAAGAG,3863
AGAATCCCAATAAAGT,3863
TAAAGAATCAGGCTTA,3863
TAGATAAGCCAGAAAC,3863
AACGCAATATACCAAA,3862
AGTCACCCTGGGTAGG,3861
TACCTCCGCAGCACAA,3861
TTGTAATGCGAAGACT,3861
CATGCGGGAGATATGA,3859
CTCAGTGTGCTAAAAG,3859
CACCTACTAATAAGTT,3858
GAAAGACAAACCTTAC,3858
AAGAACACGGATTACA,3857
CAAACGCCAAGAAGTA,3857
CTTATACCACCGTAAG,3857
GTAGACCAACGAATCC,3857
CACTTGGTGAGTCAAG,3856
CCTCCTGCCGGTAAAG,3856
AAAATATACCCAACAC,3855
ATGCTTTAACCCTTGC,3855
GTATGAATCTTAAGAT,3855
TAATCTGAGTAATTAA,3855
CATTCCTAAGTCCTTA,3853
GCGTCACGACGAAATA,3853
AGTGACCGCACTGGCA,3852
CAAATCATACGTAACA,3852
CATTTGACCCATCAGG,3852
CTGGGAATAGTCCTCA,3852
GCACAAGCACGCCTTC,3852
TACGTAACAGAAAACA,3852
CCGGAAAGCCCCACAT,3851
GGAAAAACACGGGCTT,3851
AAATCCTTAGCAACTC,3850
AATCTAGGCCGAGACT,3850
GGACAATGTCTAAATC,3850
TTACGAAGAACCTAAG,3850
ATAATCACAGATTGCT,3849
ATACGAACAAATACGT,3848
CTGGGAACCTAATAAT,3848
TGTCAAACCACACATT,3848
AAATATAGGCAAGCTG,3847
AAATTTCGCAGAAGAT,3847
ACATTCAGGACCTAAA,3847
CTTCAGGTCCCAAATG,3847
CCAGCTACCTTGTACA,3846
AATAGGGCTACAGCAT,3845
ATCCAGTTGCACATAA,3845
TAGTAATCTGATAACA,3844
AAGCCGTAAAAATGGC,3842
CAAAAGTCACATTGTT,3842
AAGACCGTTCCATTCT,3841
GCCGTCAAAGCGGAGA,3841
GGGACAGTAGCCGGTC,3841
AAGCGACCCATCATTC,3840
AGAGACGGCCTGCATA,3840
ACTGTGATACATAAGT,3839
TCAAAAAGAGGAATGA,3839
ATATATTTGTTCTATG,3838
TAAAGCACTACAATAA,3838
AGAGTCACTCAGTTAA,3837
CACCGCATTACTCTGA,3837
TTAAGACGTACATCTC,3837
ACCTAAAAGGACACCG,3836
CCCACAATAACGTACT,3835
TAATGAGCGCACTAGC,3834
GTATTTCGTTGAATTC,3833
AAAAAATTAAAGAACA,3832
TAAAAGGTACAGATTC,3830
AAACACAAAAAATAAG,3829
TCGATTTCCCCAAGGC,3829
TGTACTTGTGCTCCTG,3829
CTGACCCAATCATCAG,3827
TCACAGAAACAATACG,3827
TCTTTACAATGCTCCT,3826
AAAGTAAAGCCTATAT,3825
AATGTTTTAATACACT,3825
GTAACACTAATCATCA,3825
TACACAACTAATCAAC,3825
ACACCAAGATCATATG,3824
AATTACATCCCACACT,3823
ACAATTCAGAACTGTA,3823
GAGTTCATCGAGTTCA,3823
AACTAAATGATGTCAC,3822
AATAAACGATAGGCCG,3822
CAGTTCTGACTTAACG,3822
TCTTGAATGTATCCCA,3822
TTCGATACTTCCAGAC,3822
AACAAGAAGCCGCAAA,3820
AACAGAATACCTGCAG,3820
CAACGGCCCCACACTG,3820
CCCTAAGAAGCCATAA,3819
CGAGCGACCTTAACAC,3819
GTCAGATTACGGGAAG,3819
TGATGTTCACAACCTA,3819
TTTGACTATTCTTAGT,3819
AAAAAAAGCCAATATA,3818
AGCAAACGTGCCCTAC,3818
TACAAATGAAATAACC,3818
AACGAAGTGACTACTA,3817
AAGAGTCCATACCCCA,3817
GGTTGGTCGTATTGTG,3817
AAAGCGCCTTACTGGA,3814
AAGCGATGGGATTATG,3814
CAATCCAATAGCCACA,3814
GACGCTTGTAAACAGA,3814
GGTTGATAAATACACT,3814
TTCCATTGGCTATTGA,3813
AGATGAGCCAGATGTT,3812
TTAGCCAACAAATTAA,3811
ACAATAACAATTTATT,3810
ATCCAAGTGACCGCCG,3810
CACAATAAATAAAAAG,3808
CAGTTCTTGAATCGAC,3808
CGTAAACCGAGAGTAT,3808
GATTTAAGATATTCCC,3808
TCGAATACGCTTTCGT,3808
AGGCCAATTCCAGTCC,3807
GCGTTAAAAACCCACA,3807
TGGGTAGGTCGTGACG,3805
TTATTTACACAACAAT,3805
AGTGCTAATACAAAAT,3804
CTCGAAAGAAAAATCC,3804
TGTAGCCTGACAACGA,3804
TTAATGGGGTAAAACA,3804
ATGCCCAGACGTAGAA,3803
GTGCCGAAAATGCGTC,3803
TATTAACGAATCAACC,3803
CCCACCTCCTCCAGCC,3802
GACGTCGCACTCGGTG,3802
CCAATAAACACAGGAA,3800
TTCTTCAGAGTTCAAA,3800
AAATCATTCACTGGAC,3798
CGCAAAAAATTGCCCA,3797
GATCGCTCATACTTTC,3796
TCAGTCAGACTAGTGA,3796
AAATGACGATCCAGGG,3795
CACTGCCGTGAATAAA,3795
TATAGTCCTGACTGAA,3795
TCATCTTAAACAAAAG,3795
TGTTAATACAGGTAAC,3795
CAGTGAGGTCCCATTT,3794
ATAGCGTTAAAATTTA,3793
CCAATTCCACATGTCA,3793
CGCTGCACTACGTCTT,3792
GATCAAGCAGATTTGT,3791
TGTTGCCTGGGAACGC,3791
AGGACCCAACTATTGC,3790
AATAGGATTTATACAA,3789
AAAATTTTCGCTGGCA,3788
GGCTCGGTCTTCCTAT,3788
TTTTACAACGAAATAA,3788
AATACTAAGCCAAAGT,3787
ATTTTCTAAACAACGA,3787
AAGCTAGACTAGAGAA,3786
CTATTCCTATATAACA,3786
ACTATAATACACTCAT,3785
ATCTTGCCGTCTTTGG,3784
TAGAAAGAATGACAAA,3784
TAGCGAAACTGATCTC,3784
TTAATGATAGGCATCA,3784
AGGTACACGATTGTAA,3783
TATACATGAAAATAGC,3783
CCTCCCCGAAGCAAAC,3781
GTACCCCGTAAGCAGC,3781
ACTGCGTTAGAATAGT,3779
CTTGCTGACTTAATAC,3779
AATTAGATATCACATT,3778
ACCATGCCAAATTTGA,3777
CAAAAGCAGGAATGCG,3777
TATATTTTTCAAGGAA,3777
TGCTGCAATAACCCGC,3776
CAGGTTATGCCCTGTA,3775
CAGTACTGTTTCAAGA,3774
GCTAAAACATCATGCT,3773
CCATGCTATTGTCCGA,3772
TGTATATGCTTTATTT,3772
CGATCCATCGCGCATG,3771
GCTATACGGATGTATT,3771
GGACAGGCACATGAGA,3771
TATCGAGTTTTCCGTC,3771
AAAAGACCTCTGGAGA,3769
TATAATAACATAAAAA,3769
AAAGGGTTTAGATAAA,3768
CCAATTGCGCTAACCC,3768
TCTATACTTTAACAGA,3768
TGAGTAACCTGTTGAA,3768
AAGCCAAAAATAGATT,3767
CCCTTATTTAATTGCC,3767
CAGGCTGTGTGAAAGA,3765
AACTCATAGTGATGCC,3764
ACTTATAAAATTCAAA,3764
TAGCGATTGTTGTTAA,3764
AATCTCTAATAGGAGG,3762
TATACCGTCATAATTA,3762
AGAGCGAATACTGAAA,3761
ATATTAAGAGCCACCA,3761
GCAAACATGGTTCTAC,3760
TCCGGACGCGATGAGG,3760
ATTTCATATACTCCAA,3759
TGGCGAGTCTGTTACG,3759
AATCTTAGAAGAAGGC,3758
ATATGTAAGGCGTTTG,3758
ACTTAACAGACGTACC,3757
ATTCGCGACGAGTGCC,3757
TTCCCCGTCCCCAAAA,3757
TAATTCTATTTTAAAA,3756
TGACAAGCCCAATGCA,3756
ACTTCGGCTCTCACCT,3755
CGGAATGAATCAATCA,3755
GTAACACCCTAACGGT,3755
TCACCCGCGGCAAGAA,3755
AAACATGGAGTGTTAA,3754
CGTCATTGAAATAACG,3754
TCTCAAAGCTTACTAA,3754
CCTTGTTTAATTTTAG,3753
GACCTGCGGTATTAAA,3753
CCACCCGTACTTCCCA,3752
TAAGTGAACTGTTACC,3752
CAAACAACATTTACGA,3751
CCCACGCTTTGTAAAG,3751
GGTTTACGCTGCAGCA,3751
CTATTCTACCATTTCA,3750
GATCCGGGCGCAAAAA,3750
GTCATTGTGCACTCAT,3750
ATAACTAGAATTTTTT,3749
GAAGCTTAGTCGTGAT,3749
GGACCACAAGAGATAT,3748
TATGGATATCTTAAGA,3748
TGCATAACTAAAGGAA,3748
TTACCTTCATCTCTAG,3748
ACTCATCCTCACTCAC,3747
ATCCCTGATAACGGCT,3747
GGCTTTCTGTGAAGAC,3747
TAAAACAGTATAACAC,3747
TCAACTCCCAACCCGC,3747
GCCTTTAAAGTCGGTG,3746
TTTCTGTGAAAGTCAC,3746
ATCCAAAAAAATGAAG,3744
CTTCTTCATTGCAGCA,3744
TAGATGTGGCAGTTCC,3744
AAACAAAACTGGTCAA,3743
AAGCCTGAAAAATAGG,3743
AGAAGGACTAATTACC,3741
TGACAACGGTCGCATG,3740
AAACTACGTCTCTTCG,3739
CGCTCGGGCCGGTATA,3738
GGGGTAACGTTCAGCC,3738
CAAGGACAAGTGCGCA,3737
TCATTTATGGAACAAA,3737
AGCATAGAGGGCGTTA,3736
TCGTAAGAGGAAGATA,3736
AACGATCAACTAACAT,3735
ATTCTAGACATGGACA,3735
CGAGCCCAAGACGATC,3733
GGGTACCCGAAGTCAC,3733
TATTCCCGTAGTCGGA,3733
AACCCAAAGCCCATGA,3732
GTGGTACAAAGAGGTA,3732
TAAAACGCAGCAAGAC,3732
TCTCACACTTTAAAAC,3732
TAGGGAAACACGAAGA,3731
ACGAACCAAAGTAAGG,3730
ATCATGACTGGTCAAT,3730
CACAGGTCGGTGTGAA,3730
GAACGGTTGCAAACTA,3730
CATCACAATAGAGTCC,3729
GGGCTAAAGATGATTA,3729
TGAGACTACTAAAGTA,3729
TGTAGCAACTTTACCA,3728
CAAACATGATAATGCC,3727
CAAACCCGCATAGCAT,3727
CATGAATACGAATCAT,3727
TATACCGTTAAAGATT,3727
ACCGGTTCAGCCCCAA,3726
GTGACGACAAATCAGC,3726
AACCACATTTACGCCA,3725
TTAACGACAGGCAGTC,3725
GACGGTTATAAAAAAC,3724
AACGACTAGTAAGTCC,3721
ACCAGGCGATCAATCA,3721
CTTAAACGAGTCTACT,3721
GAACTAAGCTTATCTG,3721
GGCACAAAACTTACTT,3721
AAGCCCTCCCGGGTAG,3720
GGACAAAAGCAACCCA,3720
GAGGACATCATTAGAT,3719
TGATGTAACTACTCTA,3719
CATCGTTTTACGTAGC,3717
CTAATAAATCGCTAGT,3717
TCTTACAATTTTGTCG,3717
AAATGACTACCTAATG,3716
ACAAAAAGTAATGCTC,3716
TCTGGAACCATTATCG,3716
TTGCCCACTATTCTTC,3715
CACGATAGCAAATTGG,3714
GATAAACCTAGAACAA,3714
AAGGTGGAGCAATAAA,3713
CCAAACGCGTAGTCCG,3713
ACCGAGATACATCTAA,3712
GCAACGAACGTTCATT,3712
TATAATTAGGAGAACA,3712
AACCAGGACAAGAATT,3711
ACGGTATGGTAGCAAA,3711
ATTATCATAATTGCCA,3710
TCCAAATGTAACACAT,3710
GACGACAATTAGGTCG,3708
CATGAGATCGGTACGT,3706
ACTTGTTACAATTAGT,3705
TGTGGGGGTTATCCTT,3705
GCTAGATCCTTGACAT,3704
TAGAGAGATACATCAA,3704
TCGGACATGCGCCAAA,3704
AAAATAAGCTTTGTCT,3703
CCGAAGATCTGAGAAT,3703
GAATGTCTCGACTAAA,3702
GACTAGAAGAGTCTCA,3702
AAAAATGAAAATAAGG,3701
AATGCCAGTTATAATA,3701
AGACTTTCAGACAGTG,3700
TTATTGGGCCTGACCC,3700
TCAGATTACATAATCA,3699
ATGCGATGGCTCAAAC,3698
ATCTAGATCGCCAACC,3697
CCTGTAACGCGTCAGT,3697
CTAAACTGAGGCTTAA,3697
TAGGGGACCTGACTTT,3697
AGCATTAACTCAATGT,3696
GAGTACACACGACACA,3696
TAACTGAGAGAAACCG,3696
CCTGTCGCTCTCAGGC,3695
GCCTTATGCCAGTAAT,3695
ACTAAGGACTGAAACG,3693
AGAGTATAACACTTCA,3693
ATCTGTCAAGGAAATG,3693
CATAACCTATAAAATA,3693
CTTAACATCCAAACAA,3693
CCAGGACTATCCTACA,3691
TCGATCCTAAGATTAA,3691
AGTTACCAAACCTAAA,3690
GCAAACAGCCCGCGCG,3690
TGCCCAGGTCCACCAA,3690
TGCTTCCGCCAAATGC,3690
AATGTTACAACTGCTC,3689
ATAGATGACTGTTTCC,3689
TAAAACCTCCCTATAT,3689
ACAATCCAATACCGTA,3688
GCCTTTGCAGAAGGTA,3688
TGACTAGCCTTTGAAC,3688
ACTCCCTCATACGACA,3687
CCCTGCACAAACAAGT,3686
GGGCGTAGATATAAAA,3686
GGGTTCATCACTGGAC,3686
TATCATCCTTTATTCA,3686
TTCTCCGAGCAAATGA,3686
ATTAAGGGTAGCGTAA,3685
CGAAGAAACGGCCGGT,3685
GAATTCTATGATATAC,3685
AGCCCGTTGTGCACTA,3684
CATAAATGACTACAGA,3684
CCCCTACCTAGAATCG,3684
CTCAAACTACTCAGAT,3684
TAATCTAGCGAGATTA,3684
AAGGCTCCCTTTAACT,3683
TATATGTTATGCAGCA,3683
GCTAGCCTACCTATAG,3682
AATTAAAGAAAAGTAC,3681
GTCCAATAACTCTTTT,3681
GATCTACGTGAACATC,3680
ACCTATCCACACCAGG,3679
AGATCACTCAGCCAAT,3679
CAAAACATTAAAAAAC,3679
CTAGGAAGGGAGTTAA,3679
AAAGACATTGATACAA,3678
AATCGAAGAATATAGT,3678
AAATCTACATATTACT,3677
TCAAATTAGCTGGTAA,3677
AGAAAAAGTCGATGTA,3676
GTTTACAATCGGGCAC,3676
ACGTCTTAAAGCCATG,3675
ATAATATAGAATTGAT,3675
CCTCAGAACAACATAC,3675
TGTTGAAGAATAGTCA,3674
GCTGGACATATATAAA,3673
GTCACCGCATATTAAA,3672
TCTGATAAGATCCTGA,3672
GCTTGTGGAAGAAGAA,3671
GGATCTCTTATCCTTA,3671
TATCCTTGCTGACGCA,3670
ACAAATCAGACGTAGA,3669
TACTAAATAGTATACA,3669
AAATAGAACTTACGAA,3668
AAATGGTATTCTCCTA,3668
CACATTCTTCACATAC,3668
TAGCTAACTTATACCC,3668
TTAGACAAGTGCGACA,3668
TTCGTAAATACTGAGA,3668
ACAATATGTTCCCCCC,3667
CGTACCACTCGGACCT,3667
ATAATACAATAACAAG,3665
ATCGACAGCATTGTCC,3665
CGACCGACGTAATAAA,3665
GACGCATTGGCGAAAC,3664
CGATACCATCTAAGCC,3663
GACAGGCGTAAGCGTG,3663
TGTGAATAATATAACT,3663
TGTGCTAACTACATTA,3663
CATAAACATCATCAAA,3662
TCGCAGGGTTGAAGAA,3662
TTACCATGTGGGAAAA,3662
CACAGGAGCTTCGACC,3661
TGAACCTTCATCGCTG,3661
TTTTATGGTCTCGGAC,3661
ATGTGAGCGTAATGTT,3659
GTTAAAGGCTTTCTAA,3659
AAACACACATCACCCG,3658
AACACCACGTCTTTCC,3658
TCTTAGGCGACTAAGG,3658
AAATAACAGATAAAAT,3657
GCACAACCTTCCTTCA,3657
TATTCCTTGTCATGAA,3657
TTAGCAATTTAGAAAC,3657
AACCCCTAACTCTAAG,3656
AGAAAGATCTCTAAAA,3656
ATGGTAGCCCTCCATT,3656
CAGAAACGTCCTGCTC,3656
ACGAATCGAGCTGTAC,3655
CATATAGGCTCCTCAA,3655
CCAAAAAGAACAAGTT,3655
GGATAGGAAGAAAATA,3655
AGTTCTAGATAGACGC,3654
GACACCATGAGTCACA,3654
GTCCAGCGCTACAACC,3654
ATGGATCCTGAATAGT,3652
GATACAACATCCCCAC,3652
TAAGAACCGCACGAAA,3652
TATGAACATTTTACAA,3652
AAATTGGCTGTAGACA,3651
AACGATCGCGTCAGTT,3651
GAGAAATATCGCGTGA,3651
AACTACAATCTACCAA,3650
CGTAATTAAAACGCAT,3649
TTGTCTAGGAGGGACA,3649
AACTTCAACGTAACGA,3648
TATGAATTCATAATGA,3648
TGCAACAGACCTACAT,3648
AACCAACATCATAACG,3647
ACATTGATAGATGGTT,3647
AGGAGAAGGTGAGTTC,3645
ATATTTACGAACCATT,3645
TAACAAAATCTATGGT,3644
TCACCCGAATCATAAA,3644
AGCCGACGAAAGTAGG,3643
CAATTAGAACTCGATT,3643
CTGAGGGTCCAAAGGA,3643
GAAAAAGCTCCACACA,3643
TTCTACAGCAATTTTC,3643
ACTCAGGATGACGTAG,3642
AGAGCAAAGTGACGTA,3641
AGCATCCCCAGAACGG,3641
CTGATCTATCCTGTGA,3641
TCCAGAAAGTCTCCTA,3641
AGAAAAAAAATGAGGT,3640
TTACGTCCTTGTGATG,3640
CGCCCGTTCTATATGT,3639
TAGACAACGAAATGGT,3639
GCGCAATTTGCCGAGA,3638
AATTACCGAGACCGTG,3637
ATAGGAATACATAACA,3637
CCAGGCATACACATTT,3637
GATTGTCAAGCTCAAG,3637
GCAATGATCGCACCTT,3637
CTAACCCTTACTAATT,3636
CTACATTAAATGTTTC,3636
GGAAACGATGGATTGG,3636
ATAACGCGTTGCGATG,3635
GGAGGTCAAAATGACC,3635
TTACACCGAACTCAGT,3635
AAAAAACAACATGACT,3634
AATAAACAATACAACA,3634
GAACCCAAAGAAATGG,3634
GACGGCAAAAAGTAGA,3633
GTGCTTATTAGGTAAT,3633
TCCACCTCGGGTGTGA,3633
TTGAGGGTAGCAGTGG,3633
AAGGAGACCGACTCGT,3632
AGTGCTATTGCCAGGA,3632
AAACCATGAAACACCT,3630
CCCAGACAACTTTATC,3629
CTAAATAGAAGGGGTC,3629
TGTACACTAAACACGG,3629
AAAAGGTCAAAGATTA,3628
ATCATGTTACTACTGA,3628
CGTATAAAGTATAAAA,3628
TACTGATAGCCTACAT,3628
AAAACGTAGCTAAATG,3627
AACCTAAAATTCCTCA,3627
CAAGATACTACATGCT,3627
CGCACAACAGAAAAAA,3627
GCCGAATACTAAACAT,3627
TGACTCAGTGGCGATG,3627
AGGCTATATGAACTAG,3625
ATTTAAATGAACCAGT,3625
CTATCGCCTCCAACTC,3623
ATATCGCCTGAATCAA,3622
CAAAAATAATGCTGTT,3622
TGACTGAGACAAAGTA,3622
ACACATACTAAACAAC,3621
ATAAAAACGGGTCAAT,3621
CGACGTACAATTAAAT,3621
GAAAATTTCATTCTTT,3621
TGACCCAATCCAGGCT,3621
TTCAGCACCGCATCCA,3621
GCACAATCATGGTTGC,3620
TAAACACACAACGCAG,3620
AATTATACGACGCTCC,3619
GCCCTCACCCCATACG,3618
GGAAAATACACCTCAA,3618
GCAATAGCTACACTAA,3615
GTAAATTTAACTTAAT,3615
TTTACGAAAAAGACAT,3615
ATTGGACTCTATACTG,3614
GCTTGAAATACTTATT,3614
CTTCTTCGGACCACAA,3613
TGAAGGAAATAGCACA,3613
GTGGATGAAACGAATT,3612
AAAACATAGCAACCGG,3611
ATACTACCGAAAAACA,3611
TACCACAAACAGAACC,3611
CCCAAACGGAGCTACC,3610
CAATACTATGCAGTTC,3609
CTGAAGCTGAACGAGT,3609
GTAGATTGCGAAACGG,3608
AGTCACTTACTCCGCG,3607
ACACCACAAAACCTAC,3606
CCTGAGATAATATGGC,3606
GAATGGGTCCTTCGTG,3606
TCAACGTCATGTGAGC,3606
ACACCTACGAGGCTAA,3605
TCAGCAAGACAGGACG,3604
TGACCCTATCTAATCT,3604
TGATAATAATAGTATT,3604
ACGACAACCCACTACA,3603
TGTTATAACAAACTAT,3603
ACGAGACCGGTTAAGC,3602
AAGTTACACAGCATAC,3601
AGCTCACAGAGCTTTA,3600
CCGTTACCAAGCAATA,3600
TTCGTTATACTGCCAT,3600
AAGCAAGAGTCTGGCA,3599
TAGGTTACAAATAAAC,3599
TGCACTCAGACCAGAG,3599
AATGCTAACACAGTTT,3598
TACTTCAGAAACAAAT,3598
AAACTGCCTTAGAACA,3597
AACACGCTGAACCCGA,3596
GCAACTGCGCAACAAT,3596
GTGGTCGCTAAAAAAT,3596
TTAATGTGAACACCCG,3596
AATTTCGCTTACGCTA,3595
ACTCACTCGAGTGAGT,3595
AGAAAATACAGTGATT,3595
ATTAATATCACGTAAT,3595
CTTGGCTCACAGGACA,3595
GATCGGCTTCTCAAAA,3595
TAGGACGTAGGGTAGT,3595
CTCTCCTTTTAATACA,3594
CTATGACTTGGCAATC,3593
GACAATGGTTAGACCA,3593
TAGGACATATATTCAG,3593
TCGCGATCGAGTATCT,3593
GTGCCGACGTCCTCTA,3591
CATTTTCGGGTTTCAC,3590
TTAACATAGAAATAGA,3590
ACGCTACATAACACCT,3589
AGACCAACGTCAATAT,3589
CGAACCAGGAAGAAAA,3589
CTGGCTCTAAGTCCCT,3589
AAACTGACTAACACGG,3588
AATAGAATGCAGAGCC,3588
GGAGCAAGCGTTCTAG,3588
TTCAATACATATGCCC,3588
AAGCAAAACAGAATCT,3587
GAAATTAATAGATCAA,3586
AACTGAACTGATCCAG,3585
AAACTGTAGAATCTAC,3584
CTATACTGAACTAAGG,3584
GTGTCAAGTTCCAAAT,3582
AAATTTTTTAAGACCG,3581
GCTTATGCCACACTAA,3581
TGCTAACTCGAAAAAA,3581
GACGCACTGAAACAGG,3580
AATGAGCTAGACCCAA,3579
CAAGCATACGCGGAGT,3579
CCAGATGATGCCTAAA,3579
ACAGACGACTTCCCTT,3578
ACTCTCTCAGGCTGCC,3578
CTCGGAGTCTAAAAAC,3578
TCATCTAGGTTAGCCT,3578
TGGCATGTTTAGATAC,3578
AGGTAAACAGAGACTA,3577
TACGAACTAGCAGAAC,3577
AAAGATGCTATGTGAA,3576
GGCGAAACAAGAACAA,3576
TGATATGAAATCTACT,3576
AACCGATCGGATGGTA,3575
ACTACGTCTTAGATAC,3575
GACAATTGTCTCGTGA,3575
TCTGATTGAATCGTAG,3575
AAGAAAGGACTAATCA,3574
GAAGCATCTACCAGGT,3574
ATATCACTGTGGTATA,3573
AACAGCCCATATACAG,3572
CCCTTGAGTTACCAGT,3572
CGGATGAATATAAAAA,3572
AAGATATGGGATGTAC,3571
CAACTATCATAGATTT,3571
TATGAAGATGCCTAAG,3571
TTTTTTGCGATCAATA,3571
AGAACGTACTACAGCT,3570
CATGATAATAAGATCA,3569
GATAACCACTAGAAAT,3569
GATCTACGCGAAAGAA,3569
AAACGCTTACAGAGAA,3567
ACGATTCATTACCCGG,3567
ACTCGTAGTCCGCACC,3567
AGTCGCACGGTTATCG,3567
TACTACATTAAATTCA,3566
AAAAAACTTAAGAGGC,3565
ACGCTAAGATGGCTTG,3564
GTGACTGGCACATGGA,3564
AACTTCCAACGTACCA,3563
AATCAACCAATCCAAT,3563
TAACGTTTGATTAACA,3563
TTGTGGGTTTTAATTA,3563
GAAAACGTCAGAGGAC,3562
GATAAACCCCAACAAC,3562
TGATGGCTCCGCAAAT,3562
TCTCACGCCAGCAAAC,3561
ACCATGTCCGGACGTT,3559
CTACCAATCCTAGGAT,3559
AACGGATCCGCTTCTG,3558
CCAGAGGTCACCAAAC,3558
AAAATGGCACGTTGCT,3557
GAAATATAACCGAGTA,3556
ACAACATGAACATGCC,3555
AAAAATTGTTAATTGG,3554
GCCACAATGAGAAACG,3554
GTACCATCAAAGTGCT,3554
TGCATCTACGAGAACA,3554
AAGAATTGCACATTAG,3553
CTGTCAACGTCCAACC,3553
GAATCAACAAAATAAG,3553
AATCTCACCGAGAGCA,3552
AATGAAAAAATCATTC,3552
CTATTATCTGAAAGAA,3552
CTCCCGAGCGAACAAC,3552
GCGTTTCATATTCCAA,3552
ATATGACCATCGCCGT,3551
CATTGATAGAGTCCAA,3551
GGAATTCGGAAGCAGC,3551
ATAGGGCTGCAAAATA,3550
AATGTTAAGCTGCACC,3549
ATACCCAAAATACGAT,3549
CAACCACGATGAGCAG,3549
CCACTTGATGCCGAAT,3549
AGTCCCAGGAATAACA,3548
CCAGAAGAACGTGCAT,3548
GGGACATGCGGTAATC,3548
AAAAGAACGAAGTATA,3547
CACCGAAGGATCGACT,3547
CGCGCCATCAAGAATC,3547
GCGTCCTAAAGATGTA,3547
GGCAATATGTCATTGA,3547
TATACCCCGCCAAGAG,3545
TTCAAAGAAGGGTGAA,3545
AAGGCCTAATGGTACG,3544
ACTGCTTTGTGAGTAA,3544
ATGTTTAAATTTGATA,3544
TTGTTTCATATACACA,3544
AATGTCAGATAATTGA,3542
CGACGTCCTAGCACAT,3542
GGGCATGCACCGTATC,3542
ACAAAGACCCTAAGAC,3541
CACATAGCGCGCACCA,3541
TCACATTATAGACCAA,3541
AAACGAAACTCACAAA,3540
CTAAATAGTCCATGCG,3540
TTATATTGGGTCGCAA,3540
CGATGAGATGGTGCGG,3539
GCCTTCCTCTTAAACA,3539
GTCTAAGGATACACAG,3538
CCCACTCCTAACAAAG,3537
CTAGCTGAATCCGATC,3537
GACTCAAAGACCGGGC,3537
TAGTTATCGAATTCCC,3537
AGTTCATGGACCCGAT,3536
CGAAAATACCGATCAA,3536
ACGGATCATATTCCGC,3535
AGTAGTTAAAGAACAT,3535
ATTGGAATTCATTCGT,3535
GATTGATTTTAGCACA,3535
TCTTTCATTACTTCGT,3535
TGACAATAGCGAATAT,3535
TTCGCCCACACCAACA,3535
ACCGAAAGTGGACAAT,3534
CTTAACATTACAACTT,3534
TAACAAAAAAAAGCCG,3534
TTCCCGAGTATGGGCT,3532
ATAATGTAGATAGATG,3531
ATACTCCTCAGATGTT,3531
CCAAAGTTCGTATGTT,3531
GAACTTGAACCAAAAT,3531
GAGACATCAAACCTCC,3531
AGATCGCTTACCACCA,3530
TAGTCATCACATCGTA,3530
TGTAAAGCAAATGCCA,3530
ACCTACCGCCAAACAA,3529
AGTCATACCGCTATCC,3529
GTGATTGAGTACCCAG,3529
TGCTCATCGTGATCAT,3529
AGAACACTGAGGGTCC,3528
CACCAGAAGGAAAACA,3528
TTTTAATTGGGTAAGG,3528
CGTAACTTCTAAGCTA,3527
TCCTATGCACCTTTAC,3527
TGCCAGCTCCTCTGGC,3527
TTAAATCACACGTGTC,3527
ATTCTAATGTATGATG,3526
CACGAAGTCAAAAACA,3526
AATATAACTCACATTA,3525
CTGAGAAAGAACCTTG,3525
TTCGCAAGGACAACAA,3525
AAGAAACTAATTATCA,3524
GACAAGCTTGTACCAG,3524
AACTTCACATAAATTG,3522
ACATAAGTATGTATCA,3522
ATCCTAAAACGGTCAC,3522
CCAAAAAGCTACGTCC,3522
ATCTCGAATCTTACCA,3521
CTATAGAGTTTGAACT,3521
CTATATTAGTTAGGTC,3521
TACTCTAATTTGGAAA,3521
AAGGACAGTACAAAAG,3520
AATAGGATAGTACTCC,3520
CCCAGAGATATCTCCA,3520
GTAAGAAACGTAGAGG,3520
ATAGCGTGAATGACGC,3519
CATGAACAATAATAAC,3519
TTGGGCCACCGTTGTG,3518
ACTTACCAAACTCACA,3517
CCGGTCAATTTCGAAG,3517
AACTCTGATAGACATT,3516
ACCCCTAACCAACCTA,3515
GTGACAAGAAAATTAC,3515
ATTACCGGCACAATAC,3514
GAGGTTTATGTCCTCC,3514
GCGGTACCCCTCAACA,3513
TCCTACAATCTGAACT,3513
ATTAAAGCGCAAATCA,3512
ATTCGACCAGGACAAT,3512
TTGTATACCTAAGATA,3512
GGGACTATTTTTATGG,3510
TACACGTGGTAGTACG,3509
CACATGAGACGCTCAT,3508
TCTCATCATCACATCA,3507
AATAAATGCCTCACCT,3506
CCAACCCAACCATTTA,3506
GACGTTAAAAAGCCCC,3506
GGATCCCACAATGGAT,3505
GTCACTATTTGCTATG,3505
TCAGATTCACTTGCTG,3505
TTCATGGATAAAATCA,3505
TTTATACGGGACCTCT,3505
AATTAATCTCTGCGAT,3504
TACAAACAACACAATT,3504
AGTCACCACACACGTG,3503
CCACAACAAAAATTAG,3503
TAGTAGGCGTTAATGG,3503
AGAACACAGTAATGCT,3501
ATCTGTTATACGTCTC,3501
CGAACCTTGCGGGAAA,3501
GATTGACACGATGACC,3501
TAAAAACCTCTAGAAA,3501
CAGAAAAGTCAGAATG,3500
CTGACTTTTTGCACGT,3500
GCCATTCTGGACATCA,3500
TTATATTAATTCAAAA,3500
AAAAACTTACCAAAAA,3499
AAGAAGTAGCCCAATG,3499
CTTTAATCCATATCGC,3499
GGATTCGAAGATGAAC,3499
TAACGAAACATATGAG,3499
ATAACGGGACAAGCCA,3498
CGAAAACTTAACGCTG,3498
CTTGCTCAGTAGACCT,3498
TAAAAATTTTCTCGGG,3498
ACAGTATCCAAATGGC,3497
CCCTTAGATACCTACC,3497
GACCCTGAATAATGCA,3497
GCACTACTAAATGCGA,3497
CAATGGCAACCACAAT,3496
CACTCATCACATATTA,3496
GAACTGATTTACCATG,3496
CAAAAATCGGGAAATG,3494
CGATAATATAAAGCTA,3494
CGCTCCAATCAGCAAG,3494
GTGCAAATATGTATAC,3494
TAGACCGTTCAGATAA,3494
ACCACATGCCTACCTA,3493
TACCTTAAACTCTCAA,3491
AAACTCAGTGTTACCC,3490
AAGGCCCACAAGGACA,3490
TAATTCAGAAGTCAAA,3490
TTAATTGCAATCTCAC,3490
CAATACGAAAGGAGAA,3489
GCTTATGAGGTGACAT,3489
GGAGAACAGAGAAACA,3489
TGTGAATGAAGCACGA,3489
AAATATAATCTCCATG,3488
ATACGTGTCACTAGCA,3488
ATGACCAAACACCTTT,3488
CCCGTTCCACGACCTA,3488
CGTTTTCTGAGGATGA,3488
TTACATTCTATGAAGA,3488
CCTAGTGACTAAAAGT,3487
AGAAAATCAAAGTACA,3486
ATGATCCGTGGCCGGG,3486
AAATAGTCAAAGAATG,3484
ATGTACCTGGTACCAT,3484
TGATAATCCGAAAACT,3484
TTCTTTACCTTTCCAC,3484
AAGTATACTCCTCACG,3483
ACATAACTATAAAAAA,3483
GACGCATCATTCAGAA,3483
CAAAAAGCGAAGCCGT,3482
GATCCGTACCAGGTGA,3482
CGTTGACGTTTAATAG,3481
TTGGTAGAACAAACAT,3481
TAAAGATAAATATCTG,3480
AGAATGGTACTGCACA,3479
CACGGAGATGATGAAA,3479
TAACTATGGCCAGGGC,3479
AAGAATAATCGCATAC,3478
CTGCCTCGTTCTTATT,3478
CTTAAACTGTTCAAGA,3478
TCACCGATTCTGAACT,3478
GAAAATGGTTGTGGGG,3477
GCATCCAACTTAAGCT,3477
TACCAGATAGTTAACC,3477
AAGGAAATGGGCTATA,3476
ACAAGTGTCTACAAAC,3476
ACGAATAAAACAACAC,3476
AGGTAATAAATAAAGG,3476
GACTTGCTAACCGGGC,3476
GAGAATATTTTCTAGC,3476
AAAATTTAGCAGTCGG,3475
AATAAAATACCCCTTA,3475
ATTAAACGAGACATTT,3475
ATAAGCCCAAAGTCAT,3474
CCCACTACGATCGTAC,3474
GACAAACTTGGCAGAC,3474
GAGATTGGTTTGGGAG,3474
GGAATTTAGGAGGACA,3474
GGACGGGCATCACAAT,3474
AGCCATTAATGAGACA,3473
GAACAATGAGTGTTAA,3473
GAGGGGAAAAGCGAGA,3473
GATGCGACCATATAAG,3473
AGGCAGTGGTTTTACC,3472
GATGCAGATTCGAAAA,3472
AAACATCTATTGAGAT,3471
AACATAGTAGTTCAAT,3471
AACTAAAGGCATACTA,3471
ATGTTCATCCAGCTAG,3471
CATTTTCAGAGATATT,3471
CCTTCCTCGATGGATG,3471
ACCTTTGATAAAAACA,3469
GGAGTTCAAATTAGGC,3469
GGAAAATCGAGAATTC,3468
TAGACCTACTCAGACC,3468
CCACGCATACCTAGAT,3467
AAATTGGGATGAGTGA,3466
ATCCCCCGGGATCACC,3466
TAATAAGTTATCTCAA,3466
AACTCGTTCTTGTATG,3465
AGGTACCATATAGGAT,3465
TCAAAGGCATTATATG,3464
TCTAGGAATCTACATT,3464
TGCGGAACGGAAACAC,3464
AATATGGAACACCGCT,3463
CTAAAGAAGTAAGACC,3463
GGTGGTGGTCTGACCG,3463
CACTAACTCGAATAGC,3461
CTGCTTTCATTGCAAA,3461
TATCTAGATGCAATAC,3460
AGCGAGACCCAGTATT,3459
AGCGTAGCATTATCGT,3458
CCAACTCAAATAAACC,3458
CTTACACTGAGCTATA,3458
TAAAGTGATTAGATGA,3458
CGGCCGCACAATCTTA,3457
GACTACCCTAATTCCA,3457
GCGGATAACGATCGAT,3457
TGGTTAAAAAGTGAAA,3457
TCTATTAAATATCTAA,3456
ATCAACAGCATTATAA,3455
CATGAGGCTGTTGAAA,3454
CTAAGAACACAACGTT,3454
GAGTTTAGCTAAATAT,3452
TGGACTCTATAAAGAC,3452
CACAGGAAACGTAAAA,3451
CGTACATTATAATAGA,3451
TATAAGCCCAAGAAAA,3451
ATAAGGACCTATTGCC,3449
ACATACATCCTCTACC,3447
CCAAAAGGAGAAACCC,3447
TAAACAAGTAGTATGT,3447
ATAAGTAACAGGTATA,3446
ATTCGCGTACTATGTT,3446
CGTCATAGTCTAACAG,3446
ACCAAGGAGATGATAT,3445
CATGGCCCACATCGCG,3445
AACACTCCGATGGAAT,3444
AAGACACTTTACACGA,3444
ATAAACCCAAATCAAA,3444
CTCCCTGGACAGAATC,3444
GAGTTCAGATGATATG,3444
GCACAGTGCCATATTC,3444
AAATATTCCACTTAAA,3443
CCGAGAATATGAGGTT,3443
GTAAGCAAACTTTATT,3443
CTTCCCAGATTAATAA,3442
TCCACCGTAAGGAGGG,3442
AGAAGTTTCGCAAAAG,3441
CCGAATAGCGTTACCG,3441
CGGGGATTCACAAAAA,3441
AGAATCACAAACGGCC,3440
CAAGTTGTAATAGGAA,3439
GGGACTGCGGCCCACT,3439
TAGACACATTCATATA,3439
ATGAACAACAATAGAT,3438
CTTGAAAACTATGTAA,3438
GCTGATATAATGCGAG,3438
TAGCCAAGATACAATG,3438
TTAGCTCATACACAAA,3438
AAAACATCTTAGCTTC,3437
ACGGGTAAGGACTGAG,3436
CCAAAATATTAAAACG,3436
GACAATGCTGTAACAT,3436
ATAAAAAACAGACACA,3435
TAACACAATCAAAAAA,3435
AAAATTAGTCACCCTT,3434
GGCGAGACATAGAGCA,3434
AATAACCTGCCTCAAA,3433
AATAGCGCAGGTCTTT,3433
TCCTAAGATCACGAAA,3432
TGCTACTGGAGGACCA,3432
AGAGAAAGCCCTCAAT,3431
ATAGCTTCTCAAACAG,3431
CCTTGTTTATCTATGG,3431
GAACAACAATCACTTA,3430
ATGCAGAAAATCCCCT,3429
GCACCTCCTTCCAAGA,3429
GTAGCGAATGAAACAT,3429
TCTACTTGTAAACGCA,3429
AGTTGAACAACCAATA,3428
CCAGGTTCTACAACTA,3428
CCCAAGTTCTACGCAA,3428
CGAGGTATACATTTGG,3428
ACTTCCCGATATATAT,3427
CCTACTAAGTGTAACG,3427
CGACGGCAGCCCGAGA,3427
TGGATTTCTGCTAAGT,3427
ACGTAAGCACTCAGAC,3426
GTACTCCCTAATTAAG,3426
GTTATCGCCCGACGCA,3426
TACAAAGATATTCTCT,3426
TCGGCGGTTTTATATG,3426
TTGCCGTTATGTAAAC,3426
AGTTTTGCAATATGAG,3425
CTAGCTACATTGCGAT,3425
GGCCCACACGAAAATA,3425
AGTATAAAACAAACTA,3424
TATAACCGAACTACAG,3423
TTATGGGAAATCGGTC,3423
ACGACTAGACCTGTTG,3422
CGTCTTGCGGTTTAGT,3422
GCTAAGCTCAATAGAA,3422
ACCTGTAAAGATAACC,3421
CGGTTTCACATCACTT,3421
TCATATAAGAACAAAG,3421
TGTGTGTCATCTATAT,3421
TTACCTACAGACGGAA,3421
AACGATTGACTTAACC,3420
AGTTTCAACCGGGACC,3420
TGATTTAATACAATGC,3420
TTTGGCCAGCCACTGG,3420
GCCAGTTGCTTGGTAT,3419
TTACACATAAGATTAA,3419
TTGTATGACCCTAAGT,3419
CATACGCAGATAGCAA,3418
CTCCTCCTGTCCCGTA,3418
AGGATAAACCATCTCC,3417
TGCCGGTATGTCTGAT,3417
AATTCAATATACCAAT,3416
CCTCTCAAACGTAAAA,3416
CTAAGTTAAGCCACAC,3416
AAGTTCCAATCCAGTA,3415
CTCTCCGAAACTCAAA,3415
ACACGGGACTCAGTAT,3414
ACTTGTACACAAATGA,3411
TAAAACTAGACACATT,3411
TGTAGTGATCAAGCTT,3411
AAGGATAAACGTTTTA,3410
CTCAGCCTTATTCAAA,3410
TACGTCATATATGGCG,3410
AACAAGCTAAGAGAGA,3409
AAGTTATGAACCGGAA,3409
GAAATTGCACTCTTCG,3409
ACATCTGACCTCAGAC,3407
CTATCAAACAGTACCT,3407
GGGGAACAATTCTCAC,3407
TAACCCCGTCCCAACG,3407
TCAGAACCTTGCACCA,3407
ATTACTGCACAGGGCA,3406
AACTCAAAACCTGCAA,3405
GAGAGATTGAAAAAAT,3405
TCCAAATCTCCTTGCG,3405
TTGGGCTCTAGCAAAT,3405
CGAGAGTATTACCCTC,3404
TCACTAATACCTCGCT,3404
TTAAGCTCACGATCCG,3404
AAAAGGTATATTCAAA,3403
TGCGGACACAGCCTAA,3403
TTCAACATTAACGCAA,3403
AGACCAGCAAAAACTA,3402
GTGGACAGGTAAATAC,3402
GCGAAGAACATTAAGC,3401
GGACAAATTTTCACCC,3401
GGTAGACCTTGATTAA,3401
ACCGATCATAAATAAT,3400
CTCCACCATACTAGAT,3400
GAACAGACGACTCCCA,3400
GCCGACAAATACCGGG,3400
GTAAACATGAAGTATG,3400
TTAAGTAGTTATATTT,3400
ACATTACGGTTTGATG,3399
ACTCGTATAAATTGAT,3399
AGTTCTAACATTCTGT,3399
GCACAACTCGAATGGT,3399
CTAAGTCTACCGAATT,3398
TGAATTATTCTCCCGT,3398
AATATTGCAACTAACA,3397
ATATTCCCGGAGGCAT,3397
ATTGAAACATTCGCTT,3397
CGTATGCTTATGGTAA,3397
GTCAATGATCAACAAT,3397
TTAGCTTAGCTGACAT,3397
ACTAAAGGATCACGGC,3396
TCCACATCCTGAAACA,3396
CTGGTTAAGTATCACC,3395
CTTTTACATCCGAAAA,3395
GCGTCCCAGAGCTCGC,3395
TGATATGGCGCTTCTA,3395
TAAATACAAAATATAA,3394
TAATGACCCAGTCTCT,3394
ATGACGAGGTTAACTC,3393
GGTTAATTAGAATATA,3393
TCATGATCAAGTACAT,3393
ACCTAAGGCGTAATTA,3392
AGACCGGAACAACGCG,3392
AGAGGCATATACCAAA,3392
GCACATCGACAAAATA,3392
TAACCAAATATACCAA,3392
TACACGTATACTATAA,3392
TCAAAGACTGTACATT,3392
TTACGGAAAGAATTGA,3392
CTAGCTGAGAGATTAA,3391
CTGAAACTGCATCTCA,3391
CCAAAGATGAGAGGCA,3390
TCCCGTTAGAGCGATC,3390
TTGCCGGACGTATTTT,3389
ACCTTGAAGAATTCAC,3388
CTAATCAAATGAAAAA,3388
GATTTTGGCTACTGGA,3388
TATGGCAAGTAAACAA,3388
TATTCGACCCTATCGG,3388
GACCTAAAAAAACTAT,3387
GACGGCAGAAATAAGT,3387
GTAATCTTGGAAAACA,3387
GCCATGCAAAACACCC,3386
AGAAAAATCACAGAAC,3385
CTCGGGTACATATCAT,3385
CTTAATTTTGTCGGGA,3385
ATACATAAGCTAGGAT,3384
GGTAGGATACAAAGGA,3384
TCTCTACCAAACCCTT,3384
CAAAAACTATATCATA,3383
GCATCCAAAGGGCATA,3383
AAGTCTAGGAATAGCC,3382
ATCGCACAAACCCTGC,3382
CATGACTCGATCAGCC,3381
AGAATATTAATACCCA,3380
TTCCGGAAAGCCAACA,3379
CTATAAGCAAACAGTG,3378
GTCTGATCCTCGAAAA,3378
ACTTCTAAATACTCTA,3377
CAATAATCACCCATAT,3377
GGTCAGCAAGACCGGA,3377
CCGGAGGCTAAATTAA,3375
ATTGTCCGGGGCTAAG,3374
TGCTCTTCCTGAAAGA,3374
AAATAGACACAACTAG,3372
AAGTTGTGTTTATCAT,3372
AGAATTGAATAGTGTA,3372
TGGCGCATAGGATAGA,3372
AAATAAAAGATCCCCG,3371
AGATATACTTTCCTAA,3371
ATACCTATGCTGCATA,3371
ATAGAGAGAACAGTAT,3371
GGTCGTTAACTTTCAA,3371
AACGTAAGAGATGATC,3370
AGATCCAAAAATCTAA,3370
CCAATGTCAAATAACA,3369
CGAGGAAGAGGTTATC,3369
TGCCACCCCAAACAGT,3369
CACGCATACATAATTC,3368
CGTGGCATGTTTAAAA,3367
TACTGCCGTAACAAAT,3367
AAACCATTTGCGTGAG,3365
AGAGGTTACTAACTAC,3365
GATCCAACATAGAATC,3365
TTCCACTCACAAGGAA,3365
AGCCAGAACAAAAAAA,3364
GAATAAATCAAAAAAC,3364
AACGAAGATGCGAACA,3363
ATATATAGATTCTGCA,3363
AACAAACGGAAAGCGT,3362
ACAGAAGATATTAATA,3362
ACTTGAATTTAGTTAA,3362
CTATAAACGTACAATC,3362
CTGTGCCAAGAACAAA,3362
GCTAGCATCTAGCGAT,3362
TGAAAACTTCAGAGAG,3362
TTCGCAGCACGAAGAC,3362
CAGGTCAGGCCAGGTT,3361
GTAAGCAAAACTAAAG,3361
ATATCTCCTGATTAAA,3360
ACAGTCCAAAGGACTA,3359
TGCCAAAACACTAGAA,3359
ATGTGGAGAGATGGAA,3358
ATAATGAAGGCAAAGG,3357
CTCCTCCAAAAAGTGA,3357
GAAGCAGAACCCGAGC,3357
TAATGCAAGTAACCCA,3357
TAGACTGATGGCAAGT,3357
TAGGGTACATTTGTCC,3357
TGCTCCAGTATCTGAA,3357
GCTGCCCTTGCGCGAC,3356
AAAATCTAAAGGAACT,3354
AACCATCTAGAGCAAT,3354
ACAATCAAGACAGGTA,3353
CGGATCTGCCAGACGG,3353
ATCTAACACGGAGTAA,3352
AGTGGTCGAAGGCAGA,3351
CGGAGTAATACACGAG,3351
TGTCTAACATGCATCC,3351
CTAAACACAACCTGTG,3350
AGCTGGCCCAGTCTGA,3349
ATTTCCAATAAGCATT,3349
CAAAGATTGAAGAAGG,3349
CCAATCCCACTTTTTA,3349
TTAAGCTTGATGGTCT,3349
CCAAATAGTTTCACAT,3348
CAAGGCAATACCTGAC,3347
CTAATACTGAATACAA,3347
GGACTAATATGACTTT,3347
AAAGCTGGCGCTTACA,3346
ATAGGAACTTAGAACA,3346
CCATCTTATGAAAAAT,3346
CGGCTTCTCAAAAACT,3345
CTACAACGATCTGATA,3345
CCTTCCGAAAGGGGCA,3344
CTATACACCACCCCGA,3344
ACGAAGTGCGAAACGA,3343
ATAGACCGAAATCGAA,3343
TACCTAGGATAGTCTG,3343
TAGGGGATCACCATAA,3343
TCACTTTAACATAGGA,3343
TTTCGTCATTCCTTCA,3343
ATGTCGTATAACGATG,3342
GCAAACATGGCCCAAG,3342
TAATCCGAGAATCTCC,3342
AGGCTTCGGTATTAAA,3341
CAGTACTCAAGAAACG,3341
CTCTGGCTCCATGAAC,3340
AGTACAAGAGAGGAGA,3339
CGGGAGTTAAGTTTAA,3339
ATCACGGTATTCAAAC,3338
CACACAGCTAACTCCT,3338
GAATTGATAGATATAA,3338
GACATACAGTATTCAG,3338
CCGATTGGTTTGTTGC,3337
GGACTCTTACCATTTT,3337
CCATGACCGTGAACTG,3336
CGCATAAATGATGCTT,3336
GAGGAAAATTTCAAGA,3336
GATCAACTTCCTTGTT,3336
CCTGGTCGTTGCTGAT,3335
TAAACCGTACCTTACA,3335
TCAATAGACCCAAGGG,3335
CCCCTCGGAACACTAG,3334
AAAAAATTGCCGACTG,3333
AAACGAGCTCTGTCAA,3333
GTAAGACAACTCATAA,3333
TATTGAGTGCCTCAAA,3333
ATACAGCGTTTCTCTT,3332
GTAAGACCAAAAAAGT,3332
AAAGCCTATATACCCA,3330
ACAATGGCTTTAGACC,3330
GCGATGATCCCCGGAT,3330
GAAGGACTCTAATAGA,3329
TCCTAGGACGCTAATT,3328
TTTTGTAGTCCTACAT,3328
AAGCACTACCTAAAAA,3327
AGCCTCGTAGTAAAAC,3327
GCAATACCTATGGAAA,3327
TCCGGACAGTGGTCTT,3327
TGAAAGAAAACTACTA,3327
AAAATTTTGATCCGCA,3326
AAATAAACCAATATAC,3326
CCGTTTTATGAAAACC,3326
GAACATGAATACTAAA,3326
GACCGCCAAATAGCCT,3326
TACCCATTAGGTGTTT,3326
CCCTTCGAAACTTTCC,3325
TATCTCAAGTCTAATG,3325
AACTTACCTGTAACGC,3324
GCATAACATTAGTTAT,3324
GCCGGAATTGCTAATC,3324
GCTATCATCTACAAAA,3324
GTGCCGATAACCTCGC,3324
AAACCACGACGTGATT,3323
AGTGTGGCAGAGAAAA,3323
AACTTGAGTTGAGCAA,3322
ATTCTGGAGAGCAAAT,3322
CAGAAAAATGAAGAAG,3322
CTCAACCTTATTCAAA,3322
GACAATTAAATCCTCT,3322
AATATTATCCAAAAAA,3321
GCACATCGCGCATAGA,3321
GTCCGACTGCTTAAAC,3321
TAGATTGGTACATAGA,3321
TCTACGAATAACCAAT,3321
AACATTTAACTGTTGA,3320
CCCCATGGCAACCATC,3320
CTCATAAACTATTAGA,3320
GACGATAACAATATGA,3320
GCGCAGGCTCCGTTGT,3320
TATTTACCAATAGATC,3320
GCTCTCGAGGTAACGA,3319
TTTTATCCAACTCGAA,3319
AGAAGCCTCTCACCAA,3318
ATACAATACTCATCTG,3317
GGAATTGACGATACTT,3317
TTAGACCAATTTTACC,3317
TTAGGACCGTGTAAAA,3317
ATCTATAGCAGTAAAA,3316
CTTAAACGAACGGATC,3316
TAACGCGCACGCCCGG,3316
TTCATTCCAAGCATTG,3316
TTTAAAAGATGACTCT,3316
AGGGCTTAAAGAATTC,3315
ATTCAAAAAAACTTTA,3315
CACATAAGCTTATAAT,3315
CAAAAGACTCAATCCA,3314
GAGGCGTAGAAAGCGG,3314
GCCAAAACTAATGTAC,3314
ACGGGTGGTAACAAAC,3313
CCGCCGATGAACAAGT,3313
AAACCAGGTGATGAAA,3312
CACATTCGTACGTAGC,3312
TTTGGTTACTTCCTGC,3312
CGGACAAACAACCCAA,3311
ACACAAAGAACTAACG,3310
CGAGTCAGACATAAGG,3310
CGATTTAGTCACGGAA,3310
AAAATCGATCAGGACA,3308
AGAAAAAAAGACAGAT,3308
CACGGACGACCAGAGC,3308
CTAAATTAAATTCGGA,3308
TAAATTTAACTTATGT,3308
ACTTTCCTCCGCGAAC,3307
CCCACTCCAACGCGAT,3307
CTTGCTTTCCCCAAAT,3307
GATTTATTGCATTCCC,3307
AACATCTTTTAAAGAT,3306
AACGTTGAAGATAGCA,3306
ACACCACACCTCAGAG,3306
AGTGAAGACCCGATAA,3306
CCGCTCTGAGAATATA,3306
GAAAGGAAGACCATAA,3306
ACAAGAAAAGATTTAG,3305
AGCCTACACCCTGCCC,3305
CAATGAACACTATTAA,3305
CAGACTTATGTCAACC,3305
CCAATACCAATGGTAC,3305
TTTCACCTTAGACTTG,3305
AAATCGTTAAAGTAGG,3304
AAGTCACTTATAGAAA,3304
CCCTAATCAGCCATTA,3304
GAGACATGGTGGCGCC,3304
TGGTATCCTTGGTCGA,3303
CAAACATGATGAAGCA,3302
ACCCGTTTGCCGCACA,3301
CCTACTACGCACAAGA,3300
AAGAAATACAGCGAAA,3299
AATTTTCTACCCACCT,3299
GAAGAGCCTTAATCTC,3299
GTAAAAATCAGCCCTC,3298
GAAATAACGCAAACGA,3297
AACGTAGTAGTGAAGA,3296
AATGATCTGATGGGCA,3296
CCCGCCGGAGTTTATG,3296
GCGAAGCTAATAACAT,3296
AAAATAGAGATGCACA,3295
AAATCACTAACAAGCT,3295
AGAGCCAAATCTGCCT,3295
CATACGCAGTACGTGC,3295
CTGAACGAAGGCATCA,3295
TCCTCCTGCAAGGCTA,3295
CACTTTGAATGCCAAA,3294
GTAACAGAACAGTATC,3294
AAGAAAGACCTCCGTT,3293
AATACTGAAACTTCCT,3293
ACCGCTGAAGAAACAA,3293
ACGCCACGTAGTGGAA,3293
CACACAGTAATAGGAA,3293
CCTCTGGAATATAGAG,3293
CTAGAAGAAAGAACCT,3293
GTTCCCAACATCCAGG,3293
AAACTTGGATCAAATT,3292
AATACACGCAAAGAGC,3292
ACACATGAATCAGCTG,3292
CCAAATAGTTAGAAGT,3292
GAAGCTTAAAATTCGA,3292
TAGTCCACCTATACTT,3292
TTACACAGAAGAGTAA,3292
AACACTAATAACGTGA,3291
TAGAAACCTGACCAAG,3291
TTGTTCTGTGGACTTG,3291
GTTAAGGTCGGTTTTC,3290
CGAAAAACTTTGCCGA,3289
TTAACTTTGAGTTGCC,3289
ACTTAGCGTCTAAAAT,3288
ACTTTTATTAACAATG,3288
AGACCATGAAGAATAC,3288
GAAATTACTCCTATTA,3288
ATGCAACCTTACCTCC,3287
CGAATCTCGTGAATCC,3287
CCTAATTAGAAACATG,3286
CGCATGAAAAATAACT,3286
GAAAAACTTCATGCTT,3286
TAAACTGACAATTTAA,3286
ATCCCAATGAAGATTT,3285
CGGACAACATAGTTCC,3285
GCTACGGCTTGAAGAC,3285
GGTAATCTCACCAGAC,3285
CAAAGCCAAAAAAATT,3284
TAGTGTTTAACTGCTG,3284
TCCTACACTTATAATA,3284
ACCGTAGATGCCAAAT,3283
ATGCGGCTTACCACGA,3283
ATTTAAAAGACTGGCG,3283
CCACTCGCTACACCTT,3283
CCTAGATCAAGAGAAT,3283
TTCCTTAACCGCATTA,3283
AAGTGGGCAATGTAAG,3280
ACGACGCGATAACTAA,3280
CAAAAATAAGGCTATA,3280
CACGACATCTTACTGG,3280
CCACATCGATGTTGGT,3280
CCAGGCTCGTCCGATA,3280
TATCCCCGAATTCTAA,3280
TCCATAACACTTGAGT,3280
ACCCAACGGCACCTGT,3279
AGTAGAAACCCTCTTA,3279
TGATTCCGGAATTCAC,3279
ATTCGATATAATTAGT,3278
GGTTTAAATAGGGAAG,3278
TAATCCTAAAACATCA,3278
TGAAACAAGAAACGTC,3278
AGGTGCAATGAGCGGT,3277
GGTCGATACAACATGA,3277
TCACGATTCCAATTCG,3277
ATAAGCTCAATAATAC,3276
CTGGGCAGGTTTTAAC,3276
TGACAAGCGCTCCAGA,3276
ATATACTTAAGAAAGG,3275
CACCAGAAACTACCTT,3275
GGCGCTCTATACCTCA,3275
TAATATATTTGGATCC,3275
CACTAACCGTGCATCT,3274
GCCGATTTTGTTGGAA,3274
TTACGTTCCAATCGCA,3274
AAAGTAACCTATAGAT,3273
GACAAAGTGAGTGCAA,3273
AACAAAGACTGCAACC,3272
AGGAATAAAAGTGTAA,3272
AGGGCAGAGTTGACAA,3271
GAACAGGCACGGCCCC,3271
GTGGCAAAGGAAAACG,3271
TGAAAAGATCAGCAAT,3271
TGAAACCGATCAACCA,3271
TGATAGCATGAGTGAA,3271
AATATAACTGTACAAA,3269
AGACACAAGACACAAT,3269
ATATAAAAGAAGTAAC,3268
GCGAGTGTCTGCTTAA,3268
GTAAGGATACGACATG,3268
TTAAAAGCAAAAAAGC,3268
CAGCAAATGAATACCA,3267
CATGGTATTTAACCTC,3267
AAATACCTTTTCCAAC,3266
ACTCCAAAGGTTGCAA,3266
ATAACGAAGGCCAAGT,3266
GACACCAAGGGCAAAA,3266
TGATGGGGGCCCGTAC,3266
CGACCATAACAGTTAA,3265
TAGACAGGCTTAGCTA,3265
ATCCAATCATAAAACA,3264
CTTGACAGAGATACGT,3264
TTCAATCTTAAGGCTC,3264
TTCCACAACAGCGTCA,3264
AACTAAAGAGATCTCC,3263
ATTGCCTCAGGTCAGT,3263
ATTTGATTAGACTACG,3263
CTCCAACAAATTGACC,3263
ACACAAATGCATAAGG,3261
CATACTGGTGCTAGTT,3261
TAAGTGCACCAGTCTC,3261
AAAAGCCAATAATTTC,3260
AACGTGCGGGTCACAT,3260
GAAATACCCGCGAAAG,3260
ACAAAAATAGGGTCGA,3259
CCCCCGTCAGTGGAAT,3259
GATGGCCCAGAGGCCC,3259
GCATTCCATCCCACTG,3259
AAACCGAACGTCGTCC,3258
CCACTTCACTAAGTAC,3258
CGAAAGGCAACTGTAA,3258
CGAACTCTGCATTCGA,3258
TATACTGAAGATATAT,3258
TATAGACCCGGAAGGG,3258
TGACTCACATCCCACA,3258
ATGAACAGACGACGGA,3257
CACACCTAATTAACAA,3257
GCATTGAAGCAACAAC,3257
GTTGACAACGTTACCC,3257
TATTGCACCATCATCC,3257
TTTTCAGCATTCGCAA,3257
CAATCAGACGAATTTC,3256
CACCCACAGCATAAGA,3256
CGTGCATTCAAAGTTT,3256
TCAAACGTCCAAATAT,3256
ACCTTTTAAAATATGA,3255
CTCACAAATTGGATTA,3255
GTCTAACGACAAAAAC,3255
TCCAAAAGTATCGAAG,3255
TCCAATGTGGTTTGAT,3255
ACGCTGAACTTAAAAG,3254
GTATCAAGGTTAATAG,3254
TATTTTATTACAGAAT,3254
ATTAAGCAATTGCCTC,3253
TTGAAGCCCACCTATT,3253
AACGCGGACAGAAAAA,3252
TACAAACTTAAACCAA,3252
TGCGAATGGCGATATC,3252
CAAGGTTTGATTCGTC,3251
GGGAATCATCCCACAT,3251
TTTAAATGTCAATGAA,3251
CTACTATACATAGGCA,3250
GGACACTTACGCACAT,3250
AATTCTAAATTCTAAG,3249
ACTTAGGAATACACAC,3249
GATTTTGATATCCAGT,3249
TTCAACTTGTCACTTA,3249
CAAACAACCCACGTCA,3248
ATAATGGTTATCTACA,3247
CCGGGCTGAAGATGAA,3247
GTAACCACTAATCTTA,3247
TAATCCTTATAAGTGA,3247
AACCGAGATCGCCCTT,3246
ATAAAATAAAATTATA,3246
CAATAGCATATCTGGA,3246
AGAAAGACATCAGGAC,3245
AAAAACAGGACCATAG,3244
AGACGCTGACAACACA,3244
AGGAAGTCGCAACTAC,3244
GATAGCTTCCATAGGA,3244
CAAATATGCAATTCTC,3243
CACCTAAGCAAACATG,3243
GCCAGAACGTACAAAT,3243
ATATATCTGAACCAGG,3242
CAACAATCTATATACG,3242
CCACTACGTACAAATG,3242
CGATGTAAGGATAGAA,3241
AGCGACCAGTCGATAT,3240
CGACAGCATCTAAGTC,3240
TAAGGCAAACATAGCC,3240
CATAGAAAGACCCAAC,3239
GAAGAATCGACTAAAT,3239
TCGAAAACCAGGATGG,3239
AAGCCCTCTCTAGACT,3238
CACTTACCGTTGGCCG,3238
CGGCACATTCACGACA,3238
AGGCTTATAAAGCAGT,3237
GCAGCCAAAAAAACTT,3237
TGGCAAAAGTGAAAGT,3237
ATATTTAGAAGAGCGT,3236
AACACTGCTGAAGAGT,3235
GACTCGCATCTAGTAC,3234
GCAGTCTTAGATACCC,3234
TATGCAGGACAACCTT,3234
ACGGAACGACCCATCA,3233
TAATAAGGCAGTGATT,3233
ACTAGGCAAGGTATTT,3232
ACTCCTCCGTGTCAAT,3231
ATTTAGATCATTGAGC,3231
GTCACGAGTTTCACCA,3231
TACGATGCAGATAGAG,3231
TTAGGTTATATACCAG,3231
AAAAAACTCGGTCTCA,3230
AGGAGAGCTACGACGC,3230
TTGGTAAGTCGAAACA,3230
AACGGTTCACGCTACG,3229
AGTCATTAACTGGTTG,3229
CATAGACTATATAATA,3229
TCTACAAGTGCCGATT,3229
ACTAAAGCGAAGTTTC,3228
ACTAACGGAGACTCTC,3228
GATCTAGTTAAGACGA,3228
TGACCTCTAAAGCGCA,3228
AATCGGTAACGCAAAA,3227
CAAATAAACAGTCATC,3227
CCATTTAAGTGATTGA,3227
CTCGTAAGACTTGTGC,3227
CTGGAGGAAATGCAAG,3227
GATAGTTAAGCACTCT,3227
AACACAACACATCCAA,3226
GTTGCGGCGCAGAACA,3225
TTGCGCTGGCTTTATC,3225
AAAATACCAATGGAAC,3223
CAAACTTTATCAAGTA,3223
CCTATAGACACAAAAA,3223
GAAATTAGAAACATAA,3223
ACAAAGGTAGAAGCAC,3222
CAAAATACTAACATGC,3222
CACTACAAGGATTGCT,3222
CTTAAAAACTTTATAA,3222
GCTCACTGGCAACGAC,3222
TCGGAACCCGACATTG,3222
AATATCTGTACACAAT,3221
ACGGTCAAAAAACCAC,3221
CATCAGGCAACTCACG,3221
CATCGTCGTCAGGTAT,3221
CTATCTCGAACCGACC,3221
GTGATGCATACGGCGT,3221
GTTCAAGTTACTCCCA,3221
TACATCTTTACCGTCG,3221
AGTATGTAACGATAAA,3220
CCGGTCATCATACGCG,3220
GATCTCTGGTAATTAA,3220
TTATTATCTCAAATCA,3220
AAAAGAAAATAAACAG,3219
AAGTACATATTCCAAA,3219
AGTATCTTATCCGTGA,3219
TCGACATTTTTTTCAG,3219
TTCCAACCCATTAAAG,3219
AGTTACATGAGCGAGT,3218
GAGATGTCGCAAAAGG,3218
AATAACAATGGTATGT,3217
ACAAAACACAAAAATT,3217
ATTAATTGCAGTTTAT,3217
TTAGGATCGCGAATAT,3217
ATTCAGAAGAGACAAG,3216
CACGGTGTAGGTTCAT,3216
GCCCGTAGAATGCACC,3216
TTAGAAAAGTAAATAT,3216
AAGTCTTACACCGATA,3215
TAATTCTCTATTCAAA,3215
GGCTTAGCTAGCCAAG,3214
TGCCCCCCAATTAAGA,3214
ACAACACCCAAACTTT,3213
GCATCAACAGAACAAC,3213
GCGTCAAAGTGGATCA,3213
ACTAACGCCGCAACTT,3212
GTTGAAATTTCTGTTG,3212
AAAACGGAGTCCACTG,3211
ACAAAGCCAAGAGGGA,3211
ACGAGCAGTTATTAAC,3211
TTCAGCACCACTACAC,3211
GTTAAGCCGAACACCA,3210
ACCGTTTAGGAGTCCA,3209
ATACAATACCCACGAT,3209
CAGTGATAAACCTCGT,3209
GTCCAACCACGGTCCT,3209
AATTTTGAAATGCTTT,3208
CGTATACTCGCTAAGG,3208
ATCGTCAATCCGTGCT,3207
CATATGATTCAATAAT,3207
GGCTAAGAAAATAGAC,3207
AACTATTTAACGAACG,3205
AATGACCAGAAATAAC,3205
AGTAAATACCCGACAG,3205
TGCTTATGACACACAA,3205
TTTGGTAACACATAGG,3205
AAACAGATCAGTGACA,3204
CTAATTGATAGAAATC,3204
TCACATATTAAACTCC,3204
CCCTCGATGACGATCA,3203
GTTTTGTTACAGACTA,3203
TGACAACAACACTCAA,3203
ATACTTCACCGAAACG,3202
CTTTAACACTTTGGAG,3202
GCAACTAATAAATAAG,3202
CGTAAGTTTGCTGAAT,3201
GCTTGATCCAACGGCG,3201
GCACGCAGGTTCAACC,3200
TTTTAATACAAAATTA,3199
AAAACCTTCGAAATAT,3198
CAGGGGAGGGCACTAT,3198
GTAATCAGAAACCGAG,3198
AATCGCATGGAACCCG,3197
ATCAAACGCTAATAGT,3197
GGCGTACACATCAGAT,3197
ATGCCGTAGCAAGTGC,3196
CAACGTTTCTCATTAG,3196
TTGCATGTTATCTTCC,3196
AATCCTTTATGCCCAA,3195
GAATTACTGGAAGAGA,3195
GCCCTGGTGCGAAGTA,3195
TAAGAAATATTTTAGT,3195
TGAAGTATTGCAACAG,3195
CAAACCAAACATAGAA,3194
CCAATATAAACGACTG,3194
TAGAGACCTTATCCAG,3194
ATTTGATTTATGGTAT,3193
TGAAACACAGTGGATT,3193
TCAATAAGCGGTTTCG,3192
TTAAAGCACCATCAAT,3192
CCTCATCAAGAAACCC,3191
CTCCTTACTCAAGTAC,3191
CTTCCTATACCACGCT,3191
TACTCGTGGCACAATC,3191
TTGCCGGCCATAGCTA,3191
AGGTTATCTTCGGACC,3190
TGAAAACATCCTAGAT,3190
AATTCAATAGGAGCAA,3189
CCCTATTACCGGACAT,3188
CCTAGCTAGACGGGTA,3188
GACACTAGTCTTTCCC,3188
TGCCCAACCTCTTCGA,3188
TGCGTTTGTGATCTAT,3188
TGAGTTGCTGCCCCGA,3187
AACGGATTAGTCCGTG,3186
AGCAAAAAGATTCCAT,3186
ACAAACGCAAAAATTA,3185
GACTCAAAAAGCGACC,3185
GAGCACAAGACGTACA,3185
AAGCCCACCGTTTGCG,3184
ACTGAGATACCTTCAG,3184
ATCCGCAATACTGTAG,3184
ATTACTCACAGACACA,3184
CAGTAGTCTGCGCTAC,3183
GAATATAAGAAATGTG,3183
GTAAACTTCGTCCCTT,3183
TAATTACAAGCGTAAA,3183
TGTGGATCGTTAGATT,3183
ATCGGACCGAATCAAC,3182
CCCTAAGCTTTCTGAA,3182
TCAAAGTGACAGACAG,3182
AAGGAAGGAGCCAGAA,3181
ATGAAGAAGATTATGC,3181
CATGCTAATAATAATC,3181
ACACATACACATATAA,3180
AGAATAACGGGCTGTA,3180
CTACGTTCGTGAAACC,3180
TAAGTCAAACACCAAA,3180
TACAATGTGTCTAATG,3180
TACTGTTCTTTGGACG,3180
AGTAATATGCAGCTAG,3179
ATCTAAAGGCGACCCG,3179
CCTTCGAGACCACTGA,3179
GCACCCGAACTATATT,3178
GCGAGAAGGTATATAT,3178
GCTTTTTTATTGTTAA,3178
ATTCACAACAATAAAA,3177
CTAATTCCCGATTTCG,3177
GACCAGTGAGACGAGA,3177
TGCTGCAGAAAGACAT,3177
CAAGTATATGCACATT,3176
CTTCCACCTGCTCGCT,3176
TTAATCTCTCGACCTT,3176
ACTATGTCTTATTTAG,3175
AGAAGGTAAACTTAAC,3175
ATTGTGTATAAAAACT,3175
CTAATCATGTCAGACC,3175
GCTTATTGCACTATAT,3175
AGCACCTACAAAAAAA,3174
GTTAAGCCCAGCGTAA,3174
AAAACTTAGCCAAATT,3173
CAAATTCACTCTTAGG,3173
TGACCTACCCGACTGA,3173
TTCAGAACGAAGCATA,3173
AAGGGAGTAGGAAATA,3172
AGCACACATACCCTTA,3172
GGTAAACAATAAGATA,3172
TGCTCATAATCAAGGG,3172
AGAAATTGACGAAATA,3171
CTTCCCGAAACCATGA,3171
TTAGTTAATCTTCTCC,3171
ACGGTTGATATGTATA,3170
TGTCTGAATGTGACCA,3170
TTCAAGTGATGCAGTC,3170
TTTCGTAGACCTACCA,3170
AAAACAGAGACTGTTC,3169
ATAAAGGAACTTTACA,3168
TAACTATGTCTACATT,3168
AATAGAAAAACTCCTG,3167
TACACGAGATCGTAAG,3167
CTAGAAAGAGATGATG,3166
CTCGATCCAAAAAATC,3166
GAAGTTTTACGATCTC,3166
GACCAAGACGAACTAG,3166
TACGATGTATCACAAC,3166
ATATAATCCAAATAAT,3165
TACGAGCTCTCTTAAA,3165
ATCTCCATGAGAAACA,3164
CGCGTGTGATACCCAG,3164
TATCGAAACGGGGTTA,3164
AAAAAGTACTCTTTTA,3163
GAGTTCTCTGTGGCAA,3163
CACCGTTCCTATAGAC,3162
TTTCATCAAGCAGTCC,3162
AACAACCAGCTCGCAA,3161
GAGGTATATTTACACG,3161
CGATGAGACTGAAAGG,3160
GCACAGCGAAATTCGC,3160
TACGACCCTTAGTTTC,3160
CGCGCGAATCTACAGA,3159
GGACTACCACCGCTAC,3159
AAAGAGCATGCTATTC,3158
TAAAGCAACTCTGAGA,3158
TACTGACTAGCACACA,3158
AATGCATCTGACTATG,3157
ATAAATGTGCCTAGTG,3157
CATGAGAAGTAATGCG,3157
GAAATACATAATCTGT,3157
TTAACGAGAAGTCAGC,3157
TTGAGACTACTATAAG,3157
ATATGCCTATACCAAT,3156
CGACACTGGGACCGCG,3156
GAAGCTTCCCTCGTTA,3156
GGTCCCATTCCGCTCT,3156
TAAAAGTGTTAAATTG,3155
AAAAAATTTGTTTAAC,3154
CATGAAGGAGAACAAG,3154
AAGACGAATGATGCTG,3153
CCTAATCGCACATCTA,3153
TTGAACAAACATAACG,3153
AGGCGCTTGAAGCAGT,3152
ATATTCAACTCGCCAG,3152
ATTAGCATATTTCTTA,3152
CCAATCTAAAGCCACT,3152
GGAGTCCCCGACTTAA,3152
GTCGCAAATATGCACA,3152
AGGCTCTATTCGCCCC,3151
ATAAATCATGTTAAGG,3151
ATAAGATTCAACATTC,3151
CTACACGAAGATCAGA,3151
CTTTTGAATAATTTTA,3151
GGGACTAGTCACCTAT,3151
ATTAGTGACTATGATA,3150
ATTTAATCTTGAGACA,3150
CCCGGATCATCCTGAT,3150
CCGTATCAGTTGCAAA,3150
TAGGAAGAAGTGGCTC,3150
TGGATTTAGGCCTTAG,3150
AACAGACCCTAAACTG,3149
ACCAAACTCAACAGGC,3149
AGACCGAATGCTACGA,3149
ATCGGATAACCAACAG,3149
ATTTTGAACACAATGC,3149
GACCACATTATATCAT,3149
TGTAAAAGCATCCGAA,3149
CAAGCCATCACTGATG,3148
CATGGAACATACAGTT,3148
GCTCGAGTAAGACTAA,3148
ATACACAAAATTTGCC,3147
ATTGATATTAGTTACC,3147
CACAGCCTAATGTACC,3147
CACCGAATAAGCCCCA,3147
GCTCCGACTTAACGTT,3147
GTTTCCCGTTCAATAA,3147
TCAGGCATCCCTACGA,3147
ACCACTCATATACACC,3145
CGGACCTGCCAACAAA,3144
CTCGCCGGTCAGTATT,3144
TCAAGCCACGTCAATT,3144
ATAAATCCATCATATA,3143
ATATGTTCTCCAAACG,3143
CTGGTTACGGCTAATC,3142
GATGCACCAGTATAAG,3142
GTCGACCAGTGCCACC,3141
TGATTACGGCATGACC,3141
TACAAGGACACATACA,3140
CAATGAATATTGAAAG,3139
GGACGCCGAACTAATC,3138
AATCTCAACGATTCTA,3137
CATGAGCAATCGGGAG,3137
GAACGATGCTGAATTC,3137
GGCTAAAGAGTAGATA,3137
GGTTATGTCCAGAGAA,3137
GTTAGAAAAACTTTTA,3137
ATTTAACAATTACCAC,3136
CAATGCCTAACAACAC,3136
CGAAAAAATAATCGGT,3136
ATATCCACCGACATAG,3135
CGACACTTTTAAACAA,3135
CGTACACACAATGGTA,3135
TACCAAGTGCTAACTT,3135
TTTCAACTGATGAACT,3135
GGACGTAAAAGCAGTA,3134
CAAATCACTCTGAGAC,3133
CTAACTTAGTAACATC,3133
GATAAAATGATATACA,3133
TAATGAAAACGCCACA,3133
TTATTCTGACTCATTC,3133
TTGATTGGTGTCCCCC,3133
AGTCCGCACAAAAGGC,3132
ATCTCTTTCCGAACGT,3132
CAATGACAATTTAAAT,3132
CTCATGTGTATTTCCA,3132
AATATAAAGGAAATAA,3131
ATTAGCCCCCGGTAGA,3131
CAACACCAAGCCAATA,3131
CACTATTGAGTTTTGC,3131
GTACAAGCCAATTATG,3131
AAAAATACGAACGCAC,3130
CTAAGTAACAAGTGTT,3130
GTGGAAAATGACCCAT,3130
AACATGGCCCTTACGC,3129
AACTTGTCGAATCTTG,3129
ACGCTCTGCTCTGGAT,3128
GACTATCTAAACAATT,3128
GGTGTAAATACCATAC,3128
ACACTGCACCAAGAAA,3127
GCGAAGCTATGCCTAG,3127
GTACCTTTACGGTCTA,3127
AACTCGGCCTGCGTGT,3126
CTGTCACTGACGCTGA,3126
CGTCTCCAGGAACCGG,3125
GAATCTGTGTACGAGC,3125
GTTTTATGCCCTGACA,3125
TACACCACCGACATTG,3125
TATGCGAAGGTAAATG,3125
TTAAATTCAAGTTGTT,3125
AAGGAATTTATAAAAT,3124
CAAAAAAACCAAACTT,3124
GTGGAATAATTTTCCC,3124
CGAGATCGATTGGCCA,3123
GAAAGAGTCAAGTTAT,3123
GACAGAAACACCCTAG,3123
ACAAATGCTCTATACC,3122
CCGCAATGTGATAGTA,3122
TAAAGTAAAGAGTCAG,3122
TATGGTTGAAAAACCG,3122
ACAACAGATACACCAG,3121
GATGCAAAAACGAAAG,3121
TAGAATAAAGAAAGCA,3121
TAGGGTGGTCCCCAAA,3121
ATACTACAAGTAATTG,3120
CTATTCAGTAATTGGT,3120
GAAGAACAGCTCTATT,3120
TACCACTTACACGTTT,3120
AATCATAAAATAATTT,3119
AATCCTCATCAGTTCG,3119
TAAGAATATTTAACGG,3119
ACCATGACACTCTATC,3118
AGGTAGGTCGTAGGCG,3118
AACCCTCTTAAGGTGG,3117
ATATAGATGCCACGTA,3117
GATGACAGCATCGATA,3117
TCAACTACCCACATTC,3117
TTACCAGGTTTTCCAT,3117
ATCAAAAGACAAAATT,3116
GAGCTTTTTGACGCCT,3116
TAAGAATTATAAGGGT,3116
AAAGAATATAAAGTAC,3115
AACCAGCGTAAACACG,3115
ACAAGAACAAGTAGGA,3115
GATAAAAACATAGTTA,3115
TGTAAAACAATGAGAC,3115
ACGAACCTTGCCTTAA,3114
GGTAGGATGCATATAG,3114
AAGGTGACACCAGAAG,3112
GAGCACGTTAGTTTCA,3112
GTTCCTGCGTTTTCAA,3112
TCAAGATAGGTCGTCT,3112
CTCGCACGAAGATAAA,3111
CTTTGCAAATCAAGTT,3111
GATGATAAATGCTGGT,3111
GTCGTACTTACAAAAA,3111
TGAGCTGCCTATCACG,3111
GAGGGTAGTAAATTAA,3109
TAGGCAATGCATGAAA,3109
AAAAAAAGATCGCCCA,3108
ATATTCTAAGACTACC,3108
ATGGGAGAAAAGATGT,3108
CAGAATCGCTAAGCTG,3108
GCATGTTAATAGGAGT,3108
ATAGCATGGTTCGTGC,3107
ATGATAGAAGAGTGCC,3107
ATGTCCACCTGACGGA,3107
TCTATATTATAACGAC,3107
TGCATCGCATCATAAT,3106
AAGAAATCAAGCATAG,3105
ATCACCAAAAAACTAT,3105
ATTAATCAAACCCGCT,3105
TACCCAATTAATGGTG,3105
ACATAGCCACTTGCTT,3104
ATGCTTCGACATCGTA,3104
CGTGTTTTGTTAAAAA,3104
CTATAACTTATAAACA,3104
TATCGCGGTCAAAACA,3104
TGGAACCCACCTAATA,3104
TGTGACAACTAAAGAA,3104
AGTAGAAACGTAAATA,3103
CCGGTCAGGGCAACGG,3103
TACTTCATAAGATACT,3103
AAGGCATAAACTGCTT,3102
ATACTTATAGCCCACG,3102
CGAAACCGATTACCAT,3102
GACAAGCTATCGGTGG,3102
GGGTATGATCACACAT,3102
TATCGACGAAAACCCA,3102
TCTAAGCTACATACTC,3102
AAGGGTATTATTGGAA,3101
AGCGTTACCCACGATT,3100
ATATAGCTGTTCATGT,3100
CACGAATTGCTTTACA,3100
GCGATAATAACACAAC,3100
TTGCGATAAATAACAA,3100
CAAATAGTAGTTCACG,3099
GACGCAGACTTAGCAA,3099
GACTAGCACCAAAGAT,3099
GCAAGCTAGACTAAGA,3099
GCCCACATAATTGAAA,3099
TAACAGAGGTTCAGGG,3099
CCTAAAAAAATTTAGT,3098
GAACTCAAAACTAACG,3098
CGCAATTTGAAATAAC,3097
GTATACACCAGAGTCA,3097
GTCATCCAGGCTTTTT,3097
CTTCCATTTTCTCTGG,3095
GGACCAGTAGCTACCG,3095
AAATCAACTGCACACA,3094
ATAAATGCAGGACACG,3094
GTAGTCCGCTACCAGA,3094
ATGTATTGCACACCTG,3093
CAACGCGAAGTCTAAA,3093
TTTGTGAAATGTCAGA,3093
AAAGAGAAGACGACAC,3092
ACCCTCAACTCCCTCA,3092
GACATGTTAAAAACAC,3092
ACAACCCCTCTATAGA,3091
ATAGGACGTACTCTCG,3091
TGTATTAACAGGCAGT,3091
AAGCCCCATAAGTGTG,3090
AGAACTGATGTCCTTA,3090
GACCGCGAACGGGCAT,3090
TAGAAAAGCTTACTAA,3090
TGATTAGACATAATCT,3090
CATGCACTCATCAGAG,3089
GCACAGGTATGCGACT,3089
ACCCTGTTCATGAGAC,3088
ACTGATCAACTCCGAC,3088
GCTACAGTAATTAGTA,3088
TCATACGATCATAACA,3088
TCTCTCCCTTGCTGAA,3088
CGACTAGACAGAGTCC,3087
AAAATCGTAATCAACT,3086
AACTATATGTATCATT,3086
AGTAATACGTCCTAAG,3086
GCCGCTTTTCGTTCAC,3086
TCAAAAACTATGTTGA,3086
AATAATCTGAAAGAGC,3085
TGGTACCGTTTAATAG,3085
ATCCCAGCTTACGCTA,3084
AATACCAAAACTCATG,3082
ATCGCTTTTATAAAAG,3082
CTCGCGAAGTAGTTCA,3082
GGTTTAAACGTAACCA,3082
TAACATCGACATCCCC,3082
ACAAGAAGAAATTAAA,3081
AGACTGGAACAATCCA,3081
CACTCTTTCCAACCAA,3081
CCAGTAAACCGATGTG,3081
CGGGGCTATCTCAACA,3081
ATCGAAGACACACACA,3080
CGCGGCTTGGGCTCGA,3079
CGTAACTTTTTTGATG,3079
GAAAGGCCGTACGCTA,3079
GGCTACGTAAGGCTAC,3079
TACTATAACTCCAAAC,3078
TCGCCACTGGTATTTT,3078
ATAATAGCAGCCCAGG,3077
CCGGCTATCCCATGTT,3077
TCTAAACCAACTAAAA,3076
AGAATTATAATCAAAC,3075
GAAAGACCCTACCTAA,3075
TGACCCTACTTTGCAC,3075
ACTTATAATGACAGAA,3074
CCCCTGATGATTAAAG,3074
GCGTCAGACCAAGAAG,3074
GTCCGAATTTGTCTCA,3074
TAGCACGTGTCAATGC,3074
TATAAACAGACATAAC,3074
ATTCTTCTGGATGTGA,3073
AACGCCACATACGGTA,3072
ATTACATTTAATAAGC,3072
ATCAGAAACATATATC,3071
GAGTCCATTAACAGAA,3071
GCGGAACAAAGCGCGG,3071
TCTATAGGACAATCAG,3071
TTCGTGACGAGATGCC,3071
ACAGCTAAAAAAACTA,3070
CACAGAGAAAATACAA,3070
GCAGCTCGGATGAAAA,3070
TATAAATTAAACACGC,3070
AAGATACTAAGATGGT,3069
TGACATTAAAAACACC,3069
CCCATACTTGATTGAT,3068
AAAAATATTGAGATGA,3067
TATGTAAAGATAACCC,3067
TCCAAAATATCTAGCT,3067
TCCTTACATGTATCCG,3067
TTAAAAGAGAGCCTTC,3067
AGTAAAGTGTACAAAG,3066
CAAGAGTGCGAGGAAG,3066
CGACCCCTAATTTCTA,3066
GAGGGGCATACAAAAG,3066
CTATTGAAGCTCGCTG,3065
CTTGTCCCATCCGCAA,3065
TCCAAATGTTAATCTG,3065
AACTCGCAGTAGTACC,3064
ATATAGAGGGCAACCC,3064
ATCGCATAACAATGCT,3064
GATATCGAACTCAAAA,3064
TGACGATGTCGAAGGG,3064
AGTTCCATGGCAACCA,3062
GCTATCAAACCTCAGC,3062
GACGCAAGTCCACCTT,3061
TGATCAATAGATCCAG,3061
TTGCAGCGCCTTGGCT,3061
CAACGAATATTCTCAA,3060
CATACAAAATGTCCTG,3060
CATATTCAGAGTATTA,3060
AAAAAAATTAGACAAC,3059
AACTATTTAAACAAAA,3059
TAGTGCCGGAGACGAG,3059
ACGTAAACATTGACAG,3058
ATAACAAATATCATCA,3058
TGGACACGCAAGGAAA,3058
TGGGATCAATCCGGAT,3058
CAACAACATGACGGAA,3057
CATCACCAATCCTAGT,3057
AAATAATAAATGTACC,3056
AGAATATTATGAAATG,3056
AGCGAAACAAACTTTC,3056
CAAGGACGGACGTTAA,3056
CACACGACCGGACGCC,3056
AACTACACAAAACCAC,3055
AAGTAATCGCACTTTA,3055
AATCAAATTAGTATCC,3055
ACAGACACAGCAGCAA,3055
ATTGTCGTAGTCTGCA,3055
GACCAATCAGAAAATA,3055
TGGCTGCATCAGCGTA,3055
TTCGTCGGTGGAATAA,3055
ATACTAGCCATACGTC,3054
GTACGCAAAGCTATTA,3054
AGGCACAAAAAGGACT,3053
CATATGGACAATTATG,3053
CTAGTTATTTTCAAGA,3053
CTGATCTTGAGTTGAG,3053
GGAAAATAAAGATGGA,3053
GTTGTAAATTGAGGAT,3053
CAGTATTCCGACCGCT,3052
CTAAACAACTAAATCA,3052
GAAACCTAAGATAACA,3052
AACCTCAAAGAAAGAC,3051
GATCACACTAGAATAG,3050
TCGACTAACAATCGAT,3049
AACGGATAGCATAAGA,3048
CAGACACCGAACTGAA,3048
CGTACAGCAACTGACT,3048
GCACTCTATGAAAAAA,3048
GGTCAAGCAATTCCAA,3048
ACCCGTTCGACATCTT,3047
ATTGTTTACTCATCTA,3047
TCATAAACTAGCACAT,3047
AGTGGTAAAGACACCC,3045
ACCATAAGCTTCTATC,3044
AGTTGGCTGCCTGCAT,3044
CTTGTCTCCGAATCAG,3044
ACGCCTCATTACTCGA,3043
ATCCAAGTTACATTAA,3043
TCTAGAGACCAAAAAT,3043
CGCACTACTCCAAACG,3042
GCTCTAACTCCCTTAT,3042
AAAACTTAGTACGAAC,3041
CGGTAAGGAGTCAATA,3041
ACTTGTACTCCACTGG,3040
CGACGTATGCGCAGCC,3040
GATCAGTAAGTGCTTC,3040
GGGCTCCTTATTAAGA,3040
GGTTAAAATTTGTCGA,3040
AGAAGTAAAAGCTAGA,3038
CCGGAACGCTTTGTTT,3037
GTCTAATAGCGCAATT,3037
TTTTCTCAACCTTCGG,3037
ATACACGGCATAAACA,3036
CTAGAGAATGATATAC,3036
CAGTGCGGCTGAAACT,3035
TTGATATGCACCATTA,3035
TCTCTACCAGGCACCC,3034
ATACACACCCAAAGGC,3033
ATTCGACTAGAAAAAA,3033
TTTGGCTTCAATGGAC,3033
ACTTGGTAGCACTCCA,3032
AGGTTTGTCCACAAGA,3032
ATAGCAAAGTCTCATT,3032
GTACTATTCTAAACTG,3032
ACCTAACCAAAAAAGC,3031
ATACTCATGATTAAAT,3031
ATGAGGAGACATGGTC,3031
CATAGTACTGAGTTCT,3031
CGAGAGTCGCATTTAA,3031
TAGAGAGTAGAACTAT,3031
TCATTGTCAAAACGCT,3031
TGGATTACATTCCAAC,3030
AAAACGGCAGCCAAAA,3029
TGGGCTAATATACGCG,3029
TTGTAGCAGACCGGAG,3029
GACAAGCATCACCCCG,3028
GGATCAATGATCGTAG,3028
GGTCCTAACACAAGTA,3028
TTCAACCTATAATCCC,3028
AACCCGGAACAATAAC,3027
AGCTAGTATCTCTCCC,3027
GTAAGAGACGCTGACT,3027
TATGACTAGTGGAGAT,3027
TTACGACGATAAATGG,3027
TTAGCTCATCATTGCG,3027
ATTAGCGCCCGTGATA,3026
CTGCCTGCAGGTCCGA,3026
ATCCCCAGCCAGAGGA,3025
CAACGGACTTAGCGGT,3025
CCAAACAAGGTCACAT,3025
GATAGCTACTTCACAA,3025
TATGCTCAGCAAGGTC,3025
TTGGCTCTCCAAAGGA,3025
AGGAATCCAAACACTA,3024
ATGTCCTTAAGAATTT,3024
TACCCTGCTGAACCAG,3024
TCTACAGATTATTGCC,3024
AGTATGATCTACAGAT,3023
CATTCACGCATAACAG,3022
CGGTGCAAGGATCTCA,3022
GTACTGAGTCACTGCA,3021
TCATCATGCGTAATTT,3021
GAACTGGTACGTTAGT,3020
GATAGATTGACCGGTT,3020
TAACTTTCACATGATT,3020
TCTGCCGTTTCCTGGG,3020
ATAACACATCAGATGA,3019
ATAATGATATCAGGCA,3019
TATAAAGGGACGACCG,3019
ATATAAAATTCGCAGA,3018
ATCAAAACAGATACGT,3018
CGGTCAAGCTCTCCAT,3018
GGGTAATTCTATGCAG,3018
GTTACAGTTGTCGCTT,3018
TGATTTAACAAATCTC,3018
TAGACAACAGAATCTC,3017
GAGAAGCATAGCTGGA,3016
GATCATCAGAAAACTC,3016
GTATAGCTCCTGCCTA,3016
AACCTAATATGCCAAC,3015
CGCTTAGGAAAACTGA,3015
AAACATTGTCAATTAG,3014
AGATACTCACTGAATG,3014
CGAGCAAGAAACAGCA,3014
TAACTACGAGAACAAT,3014
TCCCTGTCTAGACAGG,3014
TTGACTAAAACATGAA,3014
CCCTACCCTTGCCGGG,3013
AATATACAACACCGTG,3012
ACCTTGATTTATAAAT,3012
AGGCGACTAAATGAGC,3012
ATGTGTTCACCAGGAA,3012
CTGTCTTCACAGTTAA,3012
TAAGTGACAACAAAGC,3012
AACCATGAATTAACTC,3011
CTCCATACGTTATACC,3011
GATGGATTAACGCTCA,3011
AAAAAACAACTGTACC,3010
AGACCCTAAAATTACA,3010
CAAACTAATTATTACG,3010
TGCAGCAACCCGAGCT,3010
ATAAAATCCAACAAAA,3009
ATAGGTCCGAGGGACT,3009
CAAACTGACAACATCA,3009
CTAGCCCGAAAAAAAA,3009
TACAACCCCTAGGATG,3008
TCTAACAAACTTGTAA,3008
ACCAGATAGCTGCAGG,3007
ACCCCTGTTTAATGGG,3007
CACGCCGATCAAAATC,3007
CCATATTTCGATAAAA,3007
GCTAAACCTTACATGG,3007
AGTAAAATATATATAA,3006
TCAAACCTAACGAGTC,3005
ATGAGCACACCGGGGA,3004
GGCAGTAATTCTTACT,3004
ACTGAGAATATAACAA,3003
AAATGAGCAAGAACGC,3002
ACAAGAACCGCAAATA,3002
ACCCAATAAGGATCAC,3002
CTAGCTCTGTAGAACA,3002
GAGATCTAGCATACCT,3002
TCCTACGGGAGATATG,3002
AATTACTACGAGAAAT,3001
ACCAATCTTAACAGTG,3001
TATCCAGAATGCCGAT,3001
TTTAATTAACGAGAAG,3001
AAATACCCTCAATTTC,3000
ACCGCCAATCACAATA,3000
TAATATTGTAATAGAC,3000
TAATGAGAGACTCGGC,3000
TGCTCGCTTCAACAAA,3000
TTATCCCTCGCCAATG,3000
AATATAAAAAAAGAGT,2999
ATCAGACCGACTACTC,2999
CACGGACTCTCAAATA,2999
CTGGCTTTTCGATCGT,2999
GAAAGCGCATCAGAAG,2999
GCCCACGCCTAGCCTA,2999
GCTATACGACCGAATA,2999
AAAACCCTACAAAAAG,2998
AAGGCTACGGGTCCCT,2998
TTAAGACAATATCTAC,2998
AGCCTAGTCCTCATCT,2997
GGGCTATCTACTAGGA,2997
CTAGACATTCATCAAG,2996
GATCCTCTGAATAATT,2996
GATTGCGGTAGCCTAA,2996
GCAGAGGCGTCAGACA,2996
TGTCCTGATCATTACA,2996
TTATATTACAGTGTTT,2996
TTCACCTAAACCACGA,2996
GCTGAGTAACATATCA,2995
TGATACTCTCTCATAA,2995
AATCATAAACAATTAC,2994
AGTATAATTACATACT,2994
CATAATATAAATCAGG,2994
GATCAAACTGAGGTGT,2994
GGAAATAACCTACGAA,2994
TCACACAAAAAAGACC,2994
TCCATATCTGCCCCAA,2994
TCCGTCAGTAACGATG,2994
AACAGGAGGATAACCG,2993
ATAAAAGTATCAATTG,2993
ATTGCAAGGATTACGT,2993
TGTAGTCTGGCTACTC,2993
TTGGGATCTTTAGCAA,2992
TTTTCGACAGTAGAAG,2992
AAATTAAATTCAAAGG,2991
ACGTACCTCAACATTC,2991
GCCGCCAACCCGATCA,2991
TCTCTGAAAGGAAAAC,2991
AAGGTGGTGAAGCAGA,2990
AATTTTTATCGTGCAT,2990
AGTATCCTTCTTAGCT,2990
CTAGATAAATAATAGA,2990
CTCTAATATAAGAATC,2990
GATGTTGACGGACATT,2990
GTACGGGACGACGTGT,2990
AATATAGAAGAAGACT,2989
GAATTCGACATATAAA,2989
GTAAAAATCAAATAAA,2988
TCTTCTTCGAATGTCT,2986
AATTGCCACATTAAAA,2985
GAAAACAGCCTCCCAT,2984
GAGGTGGTCTGCTAAG,2984
GTAACGAGGGCGACAG,2983
ACTTGATCTACCGAGC,2982
AGACGATGAAATTGGA,2982
AGGCAGCAAATAATCA,2982
AGGCAGCTGACATATT,2982
ATGTTTAGCAGTAGAT,2982
CCGTTATGGCGGATAC,2982
AATGTCTCTAGAACCC,2981
ACCTTCAAACGTCGTT,2981
CAATAGCTGGATTATA,2981
CCTATCACACGTAACA,2981
TTATAAATACCGATAT,2980
AAGGACCGAATAAAGT,2979
ACTCAATGATCTTCCT,2979
AGTTTCAAGATTGTAC,2979
CAACTCATTTAAATAA,2979
CTGGCCTACTGAAAAA,2979
TCGATATGGGCCGGTA,2979
TGGACAACAACAAAAA,2979
ACACTCGACATCGGCA,2978
AGACCACGCTCACGGA,2978
AGCAGGACGTAACCAA,2978
GTTGCGTCACACTTAA,2978
TATGAAATAACCTTTC,2977
AAGTATCCTGATACGT,2976
GAAATTCTCCAAGAAA,2976
ATTGGACAAGAAGGAA,2975
GTACCCCGATGATTAA,2975
TTATGACAAATAAAAG,2975
ACAACGCTAAGAAAAC,2974
AGTAAGCTTCTACGCA,2974
ACGTCTGTCGCTCGGA,2973
AGGCATGAAGGACCGG,2973
CTAGCACCAGGCTTAT,2973
CTCCGGATTAAACACC,2973
TAATATTGTTTAACTG,2973
TTACACTGTAAGCTCA,2973
ACGAGCTCCGAACTAC,2972
TTGATTTCGTTTTCAC,2972
AAAGGGATTACGAAGC,2971
AGACTCCCAACAGAGG,2971
ATTCCTACCGAGTCAC,2971
CGTAATCTCCCATTAA,2971
TCGTATCTGACGTGAG,2971
TGCACTCGCAAGTTAA,2971
GAAACTAGTATCACAC,2970
GTACGTTTTGCAGGAC,2970
TAATAACTTGGTAAGA,2970
ACACAGCCAGACATAC,2969
AGCATATTAATACCAT,2969
CACTAATGATTTGATA,2969
GACGTATCAGCGACAA,2969
AAGAGTCGAATCAAAA,2968
CAGTAAGGTAAGTCCA,2967
GAATTCCGTCTGCTTA,2967
ACATAACCTGCCTACA,2966
GCGATGCTGATAACCC,2966
CAGAGATTCAATTATT,2965
TGATCCGAACACGCAC,2965
TTCGTTTCTGACTGGT,2965
AACGGTGCTCAATCTA,2964
AATAGACTTACATAGG,2964
CCCACAGCAATATCTC,2964
ACTTCTGATGCCTGGT,2963
TACAGAGCTGAAACAC,2963
AAAAAGAAAAACCACC,2962
ATATTCATTTCGATTA,2962
AAATGATGTGTCTGAG,2961
TAACCCACAGTAAAAT,2961
AGGGTCTTTAGGAATA,2960
ACAGCGCGACTCTCCT,2959
CCTATCACATTTTGTT,2959
CCTTTCTCGTCTAGAG,2959
GGCCAGACGACGCCAT,2959
AGGCCTTAGATATTAA,2958
AGTTTTTAGTTGAAAA,2958
CCAGCGTCTTAAGACA,2958
CCTGCAAGAATCCAAC,2958
ACTGAATAAATTCACT,2957
AGCTATGCGCCTATAC,2957
CATAAACTGGAAAAAA,2957
TACCGCCCCTAACAGG,2957
AAAATTCGATACCGAT,2956
GAGATTAAAAAACTTT,2956
CCCCTACCACAAAATC,2955
AAAGTCAGTGTATAAC,2954
AAGAGTTACTGACTAA,2954
ATACAGTTATTCTAAA,2954
GTAACCTATTGCAAGT,2953
CCCGGTTTGAGCACAT,2952
AAGATTCATGCTGCCG,2951
GAACAATGTATAAACC,2951
AGTCACTGGACACATA,2950
TAAATAGCACGAATAG,2950
TTTGCGACCAATAGTA,2950
AAATCATACCTTCACG,2949
ACTACCGTGCTCTCCA,2949
AGAGGAGGCAGAAACG,2949
GCAAGAAATGTTAGAT,2949
TTACCTGATTTTGTTA,2949
TAAAGAATCAAAATAG,2948
TGATAATAACATAGTT,2948
ACAAGACATAACGAAG,2947
AGGGACCTGTAACTAA,2947
CACACCGCCGAGACAC,2947
GACGCTTTATAAAATT,2947
GTCCCTTGTGGACATA,2947
ACGCAACAAACTATCG,2946
GACGAATAATATACTA,2946
GACTGCCAACCTACAA,2946
ACGAGACTCATTAGCA,2945
AGGACACAGAACAGAA,2944
CCCCGACACGTTATAT,2944
CTAAGTACATAGAAAT,2944
AAAATGCCTAAGTACA,2943
CGTTGTTGCGAGCAAC,2943
TCAATGGCGTGCAATC,2943
TTTCCAAAGCTTAGCG,2943
ACAAGGCATATAACAA,2942
AGAAACCTACGAAGCT,2942
CTAAACAAACATATCG,2942
CTTTACAAAGGTGCAG,2942
GGTATTTAGAGACAAC,2942
ACTTTTTATGATCAAT,2941
ATCGTCACTTTTACTG,2941
AACTTATAAACATGGA,2940
CATAACATGTCTAGGG,2940
CATCACCTGCACAACC,2940
CCTTTAAAGACATAGT,2940
CGATAGATAATCGAAT,2940
CTAAAAAGCGTCGAAT,2940
GGTGCTCCGAAACGTA,2940
AAGAGCTCAGACGTTT,2939
AGACCCAATTCAAGAT,2939
ATTCTACCACAATGTG,2939
GGATCCTGCCAAACGG,2939
GGGCTCCTATCTATAA,2939
ATATTATTCACCTTGA,2938
CAGCCCTAAGCTACCC,2938
ACACACGTGGCGAAGT,2937
ACACTGCCGATGCAAT,2937
ACGTTATTTCTCAATT,2937
CGAGGGGCTTTCCACA,2937
CTTCTGGGCGAAGATG,2937
TGAAAGAACGAGTGTT,2937
CATACTCAACGCAAAC,2936
GGGAACAAGCTTCGAC,2936
TATGTTAGATGTACGA,2936
TTCCTGAACAGTCCTA,2936
ACTTAAAAAGATTTTC,2935
CAACACGTACTGAGAC,2935
CTGGATTTCCCCTCGT,2935
AATGTACCTTCTAAAA,2934
ATAAACATCCATACAA,2934
CGTCATTAATTCTCGA,2934
GAGAGCAGGCAGAAAT,2934
TGATGCCGTGACATAA,2934
CACGAGTCGAAGGAAC,2933
TAATAAACCTGTGAAC,2933
ATATGCTCGAACACAG,2932
GAGCACAGAATACAAA,2932
GCTAAACACTACGGAC,2932
GCTTTGGAGGAGCGAT,2932
AAAGTTATACCTGTTC,2931
AGTAAGTAACCAAAGA,2931
AGTCGGGGGTGATGAG,2931
CGACGCCGGTGAGAAC,2931
TACTACCGCTATCGAC,2931
TTCCTCACCGAAATTC,2931
AATTACAAAGAGATTA,2930
CGAAGTAAGGATCAAG,2930
GAATCTAAGCAATAGA,2930
TAAGTTAACAATTAAA,2930
AAAAAAGTCATAATAA,2929
ACACGGACATGAAAGC,2929
GGGGTCTCTAACAATA,2929
AATAACTATGACAGCC,2928
AATTTTCCACAAATAG,2928
CTAATTACGATTAAAC,2928
TCGAACGCTTAAAAAC,2928
AATATACATAAGTAGC,2927
ATAACCTCTGCCAGCG,2927
CGATAGAAACAACACC,2926
GACAACCCTGCTAGCA,2926
GTAATCATCGACCTAG,2926
TACAGCAGCACATACC,2926
ACTGGACAGTGACAAC,2925
AGACAGGTAATAATAT,2925
CTGTCGCCTACCTCAC,2925
GACCTGCTTCAGCACC,2925
TTCTTTATAGCTAGAA,2925
ACATGCGTTGCCTCGT,2924
CGCTACCGACAAACAC,2924
GCATAAGACTCATCAA,2924
GTGGCTGTCCTCGAAT,2924
ATCGCAACTCCACATA,2922
CGTTAACATCGACACT,2922
AAATTGAATTTTTATA,2921
ACCATTGCACACAATC,2921
ACGCTTAAAGAGCATA,2921
AGCTTAAAGCAGATGT,2921
CCAATGTGACTCTGCG,2921
CCTTCACTTCTACACA,2921
GGGCCCCGAGCTGGAC,2921
AGATCAACATATGCGA,2920
AGCAACTTAGCCATAG,2920
ATAAACCCACGATAAT,2920
AAACTATTCTTCTTCG,2919
AAATCACATTTCTCGC,2919
ACTTGTGAGGGACTTC,2919
TTGACAGGTAACCGCT,2919
AAACGCGCACATTTTC,2918
CAATCACTGGGTCCTA,2918
GATTAGTCAAAATTAA,2918
TCCCATAACCACACTC,2918
TTCGAGTTTGCTATTT,2918
ATAGCCTGAATGATAA,2917
ATTCTAATAGTCATTG,2917
CTCAATCCACGGCGTT,2917
TAGCAACCACTATTTT,2917
AAGAAATCCGTCGAGC,2916
ATAAACAGGGGAGTGA,2916
CTCCCACAGACAACGC,2916
GAAGGGGAAAACCATT,2916
GTCAGAGACCGTTTAA,2916
GTGGTAATTATCTACT,2916
TAACTGAGAGAAGGAG,2916
TCTACACAGTAGACTG,2916
CAGCGCACACCTTTCC,2915
CCTACTAAACTTGAGC,2915
GGGGCTCAGTAACTGG,2915
AATACCCCCTGATTGT,2914
CAACTGAAATTTGCGA,2914
TACCAGACCGCAGAAA,2914
GAGAAATAAAGAGAAG,2913
ACACCCAATTTGAAAA,2912
CAATATATAACCCAGA,2912
TCCAACGCAAACGAAG,2912
AACCCAAACGCCTTCC,2911
ACCCTCAAAGAGCTTA,2911
CACGCCTACCAGCGAT,2911
CTGTACCTATTAGTCA,2911
AACTCATCGATCAAAA,2910
AATTGTCTACGTAAAA,2910
ACAGCTAACGGGTTTG,2910
AGAAACTCCTATAGTA,2910
AACGGAAGTCATACCT,2909
ATTAGGTATAACTTCC,2909
GCAACACCACTATCTG,2909
TAGGGACCTAGGCGGA,2909
GCCTCGGTGAATCCTC,2908
TCTGAGGGCAAACACT,2908
AACTTCGCATCAAATC,2907
AATATGATATCTGATG,2907
ACCTAATAATGACATA,2907
AGTTTTGTAGAATCGC,2907
CGGCCTTTATCCAGAA,2907
TGACAGAGTAACAGCC,2907
ACGTAGAATAAGCTTA,2906
AGCTATTAACGATGCG,2906
CTCGGATATTAATGCC,2906
CTGGATGGCTTTATGA,2906
GAGCACTTAATAGCAG,2906
GAGTCACATTACAGAC,2906
GTGCACGTGATATAAT,2906
ATGGTGCTGCGGTTTT,2905
GTACCGCAACACACAA,2905
ACATTAACGAATTTAA,2904
AGATCAAAGCCTGAAA,2904
GCCTGTGAAATCGTAT,2904
TAGAAAAAGTAACTTG,2904
TTAGATCCATGGTGAC,2904
AATGCATCAGCTTGAA,2903
AATTAAAATACCAACA,2903
AGATGCAATATCTCCG,2903
CGAGATCGTAGAAGGA,2903
GATCCACAAAAACGCG,2903
GGTCGGTGCGAAAACC,2903
GTTTACTTTCTTCAAA,2903
TAGTGGTACGAACTCA,2903
TATAATAGCCGTCTTA,2903
AAAGCCGTCCATAGCC,2902
CTTGCCACTAATCCAA,2902
GCCTTGAACAGAACCG,2902
GTGATAGGCGTTGACC,2902
TAGTCCCGCCTTGGTT,2902
AGTAACGAGACTGACC,2901
ATCCTGATCCTAACAA,2901
CCACACCAAACTCGAG,2901
GACCCCTGGAAACGTA,2901
TACTCATAATAAAGCC,2901
AAACTGAGACAAAGTT,2900
ATACGAAAACCACCAC,2900
GACACCCAGAATAAAC,2900
TAAAAGTAATTTAAAA,2900
TCTGCCTTAACAAATA,2900
CCACGAACTTATTTCC,2899
AAATCTGACAGGTACC,2898
ACGAATCAGGCATTGA,2898
AGCATCAATGATAAAA,2898
GAACGGCCGATGCACA,2898
GCATTCGTCCGAAATG,2898
TCTCTCGTTATTTTCT,2898
TTATCAGCGCTAAATG,2898
ATTGCAACGTTTCACA,2897
TAATACAAATCATACC,2897
TAATTAAACTTAAGCG,2897
TCCTATACTCGATCTT,2897
ATCGGCACTCAGAGTC,2896
TCAGTAAAGTTGGACA,2896
CCTAACAGAAACCGGA,2895
GCACACGTACGCTTGT,2895
TACTTCGGGTCCGAAG,2895
TATTAACGTCCCCAGA,2895
CACTTCCGCCCTATCC,2894
TGACACACCGAGCATA,2894
TTCTGCGCGGGAGTGG,2894
AGACAATACATGCGTA,2893
ATGGCTCCCTCTACAT,2893
TTCCGCCATCCCTAAA,2893
ATAGTACCTAACTAGG,2892
CAAGCATAAATTCAAT,2892
CACTATTATAGACATA,2892
AGAATACTTGTAAGTC,2891
ATACCATCTGCTCGGA,2891
CCCACACAAAATGTCA,2891
CCTTATAATCCCTAAA,2891
CTTACCGACCAGTTCC,2891
TCGGAAGTGTGTTACA,2891
TTTCGGCCAGTTGTGT,2891
ACACACAAATATTGTC,2890
GCGGCGCCACACGCAC,2890
GCTTGGTCTTAACCTG,2890
TTGAGTAAACCTCGAG,2890
AAATATTACACTAGAA,2889
CAACATTCCCAGGAAG,2889
CATTCTCGCCCGATTG,2889
TGAACATGTCAAGGAG,2889
AAATAACTGCGAAATT,2888
AATTTCGAATTATTAA,2888
CGACTATGTGAAAGGA,2888
GAAATAAGTTTAGCGT,2888
GCATAAGCATACATCC,2888
GGTTGACGTGATTATA,2888
GTTTGCATACCTCAAA,2888
TTTTACGAAAACTATA,2888
AAATGTAAACGGAAAA,2887
AGGCAGGATGACCAAA,2887
CATGACAAAAAGAATA,2887
CCGCGCGATGCTGCCG,2887
CGGAAAACATGCTGAA,2887
CGTTTCGCCCATTAAA,2887
GTCCGACCTTGATTGT,2887
CACTATAAATTCGAGA,2886
AAAAGAAAAACTTCAG,2885
ACTTCAACAAAGTACC,2885
CGGCTACACAATGAAC,2885
GTGCTACCGTATCAAT,2885
TCCATATGTATCAACG,2885
AAGAACTTAACCCCAG,2884
ACCCTGAATATAGAAA,2884
GACGGGAGTCATTAGT,2884
GTTAAAACCATAGAAC,2884
ACTTGATCTAATTACA,2883
CGACCCCTTTTTAATA,2883
TTTTATACCACCACAA,2883
ACCATACACCCCTTGA,2882
CCTAGTGGAGACTTGA,2882
GGACCAACTGACCTAA,2882
GTTTATATAAGCAGAT,2882
TAACGAAGCAATTTTA,2882
TTCGTCCCTACATATT,2882
AGTGAACTACTCTACT,2881
GTAGCTCCGGATGATA,2881
AACGCGACATAATAAC,2880
ATTAATAAAACGCACG,2880
GTGTTAAACACATTCA,2880
TCCGCCTCGACTCCAT,2880
TTATGATCCTCGAACC,2880
AACAAACCGGGACAGG,2879
ACTCAAAAGATCAATG,2879
CCATCCCCAAACCCCC,2879
CTCTCAAGCTGTAAGG,2879
GACGAGCCCAAAGAGA,2879
GTATATAACATCACAC,2879
ACCTACAGATTGGAAA,2878
CTTGATACCAAAATTG,2878
GAAACAATATGAAGTT,2878
TGATGGCATAATAAGA,2878
ACAACATGACATCTGC,2877
TCCTTCAAAATTACAG,2877
CAAAATACGAATGAAA,2876
GAAAAAATTTTCTTCC,2876
GCTTTCAGCATTAATT,2876
GTAGTTGTTCACCACA,2876
AAAAGTACTCCCCTGA,2875
ATATTACTGGAGAGTG,2875
CAGTCCATTCATACAC,2875
CCCATTCCGTTCTCAG,2875
CTCCAGCCGTGTTAAT,2875
GAAGATCTAAACTGTG,2875
TCAGCTCCAGAATCCA,2875
AAATTGCATACCGTGG,2874
ACATACACGAAGGATT,2874
ACCCCTTCTACGCAGA,2874
CAATCAACAGCCTTTC,2874
ACCTAACCAAATACCA,2873
TACAAAGATCGCCTCG,2873
AGTCGTCTACGAGTAT,2872
GGGCGTTCAATTACGC,2872
TACATCGCTACACCCG,2872
TTAAAACTGCGGTGAC,2872
AGGTGATGCATGAATC,2871
CTTGAAAGTAAGTTAC,2871
TGCCAGGCATTAAATA,2871
AGGAGTTTACGAGCGC,2870
TTACATTAAGTCCATA,2870
ATAAAGTTACCAACCT,2869
CAATAGGTTAATGACA,2869
CTAGTCGTGAGAATCC,2869
TTCTAATTTAATTGTA,2869
AACGATATTACACCAT,2868
AAGACCGAACCGAGCT,2868
AGGGCTCTCCATCTGC,2868
ATCGGACGAAAAAAAC,2868
CAAAAAACACAAAAAG,2868
CATTCGGACGAATATT,2868
TTCCTCAAAAAGCACT,2868
CGATGGAAAAAGTATT,2867
CTAAACACACAAACCA,2867
GGACCATGCCCATACA,2867
ACGAATAACCATGACG,2866
AGCATAGATTACATTT,2866
AGCCAAATATGTTCGT,2866
CAATTGCCGAATATGG,2866
TCAGTACGCAATTAAT,2866
CGACCGCATTTTCGAT,2865
GTTCTAGGCATGGAGA,2865
AATCCTGATTTACAGA,2864
AGCCATTGGGTGGACA,2864
CCATCCTGGTTCTGTT,2864
TAAGAACTAGAGCTAG,2864
AAGTAAACGGCAGTAG,2863
CAAAATCATTATGATA,2863
CAACTGTTAGCATATG,2863
CGGGGTTCAGGAGTCG,2863
GGATTTGCGCCCTAGC,2863
TTATAAAATGTTTATG,2863
AAGCATTAACTTTAAT,2862
AATGAACATATGCAAA,2862
AATTACCTTGCAAGTT,2862
ACCGAAAAACTCTCTT,2862
ACTTATGGCAGCTCCT,2862
GAGCATGCGAAATTGA,2862
GTTCGCCAAGAACATT,2862
TAGACTTCATCAGCTA,2862
AGCTAGGCCGAATGTA,2861
GCACACAATCAATTAA,2861
TCAAGACATCTACACA,2861
AAACTAATGAAACGTA,2860
AACCAGATGCTCTGTT,2860
ATCATAGAATACAAGA,2860
CACTACCCTAACGGAG,2860
CCTGAAAAGCAAATAC,2860
GATGTAACTTCAGCAA,2860
GTTAAGCGATCGTCCA,2860
TGAAGTACATGCACAA,2860
CTCCGCTAGCGCACAC,2859
CTGCCATTACGTATAG,2859
GTAAGGAACACCAGCA,2859
TAAGCATAGCTCCTTG,2859
TATCAAAATTTGGGTA,2859
TCCCAAGATGTTTAAC,2859
AAGCAAAAACTAGAAC,2858
AATCAATAAATAACAA,2858
AATGTCCGCTCACTTT,2858
ATTAAGGGTTGAATAG,2858
GTATGTTGCATAATCA,2858
TAAAGTCGATTACCTG,2858
ATAAACGGGAATAGGC,2857
CCTCTCATCGACATCT,2857
GGCAGTCAACATATAT,2857
TCACAGCGCAAGACAC,2857
TTCCAAACCCTAACAG,2857
CACAAGTTACTCATCC,2856
CATGCACATATCTAAC,2856
CGCATAGCATATAAGG,2856
TAACCCTACACGAAAT,2856
TCTGCAAGCCATATCG,2856
AATAGAGTAACAGCCA,2855
CAACAAACAATTGGTT,2855
GACGGGATCGGAATAT,2855
ACAGCAGCCATACCTT,2854
TACGAAACAGAATTGA,2854
AATTAAGGAATCCTCA,2853
ACACAAATGTACTAGG,2853
TATGCTCTTAGATATA,2853
TGAAAGAATAAAATCG,2853
GCATCCCAAGGAGAAA,2852
TTCACGGATCCATAAT,2852
ACCACCACCGTATCAC,2851
CAGCAGTCCTATCCGA,2851
AAAATGTTCAGTCAGC,2850
AAACGTCATACTAATC,2850
ATAGAAAATCTGATCT,2850
CTGACCATCTGCAGGT,2850
GACAGATTAGACTTGT,2850
GTATCCTGTAACTGGA,2850
GTCGCACAAAAGCTAG,2850
TCCCAACATGTTAGAA,2850
AACAACTAACCGTAAC,2849
ACAATAAGTAAAGACA,2848
ACCTAAACCGTGGAAT,2848
CTATAACACCGGCAGT,2848
GAACACTCATATATTA,2848
TGCGCGAGTCTAATAA,2848
AGAAAATTATGATATA,2847
TAAACTGTAACATGGA,2847
TACGCACGAGTTACTT,2847
AGCCATCTGGATATTT,2846
TATTGCGGATCTTTCC,2846
TCGAGGCGAATGTGTG,2846
TGATTGGTTCATGTCT,2846
AACATCAGGAGTGACG,2845
AGGCAAATTATTTACA,2845
CATTTTGGATCACCAT,2845
CGCGGCAATGACCTCA,2845
GCATTATATAAGAAGC,2844
AAACAATAAATTAGTA,2843
AATACTATATATTGTG,2843
CTCTGACGATTACGTA,2843
GGTGATATGTGAACCG,2843
CGCAATGACAAACTAA,2842
AATCTGCATAGATAAA,2841
AGTCATGGAACATAAT,2841
ATCTCTACCCAATCAG,2841
GAGTGATAAGTAGAAA,2841
GTTCAGGCTACGACAA,2841
AATCCACGCTGTGCGG,2840
CCAACCAAAATTATGC,2840
CCATGACTACAACTAT,2840
TAAAATACTTCGACTT,2840
TAAGCCAGTTGGAGTC,2840
GGCGACATGCAAACAA,2839
TAGCCAGGTATGCCAC,2839
ACCTCCAGGGTTTCAA,2838
CGTAAAGCAATGATCA,2838
GTGTGATGACATAATA,2838
ACTACACATAAGGATA,2837
CTACTATAAATGTCCT,2837
CTTAAGATACACCAAG,2837
ACCGGATACGAACTTT,2836
TGAGCGAACCCAATGT,2836
AATTAGTGCCGGAGAG,2835
AGAGCAGGAGGATATC,2835
TGAAGAAATTTCAGCA,2835
ACAACTGGACAAAACA,2834
TATTTTGGCCCGAACA,2834
AGATTGAGAACAAGTC,2833
ATAATGAAATGCCACT,2833
CAGAGAACATATAAAT,2833
CGAATTCATCCCTAAA,2833
GATGTGAGAGACATAT,2833
TGACACACTCCGACGA,2833
CATAACGAACAGCACA,2832
AAAATACAGGTTCTTG,2831
ATGTCCTACCTACAGG,2830
AAATGCGAGGGGAAAA,2829
CCCAAGCAAGTACTTA,2829
CCGAGTGTACTCTTTC,2828
CTGGAACCAACGGAAT,2828
TAATAAAGTCTCCCTA,2828
AAATAGCACGAAACTG,2827
CGACCAAAAGTAGTTA,2827
GAACATCCGGACGGTC,2827
GGGCACAATACCAAGA,2827
GTCGAATGAGGTTCGA,2827
TCAATGAATTCCACTA,2827
ACACTTAGAGAGGACA,2826
GAAACCGCCCAATAGT,2826
TGCTGCCAAAAAGTAG,2826
AAATATATACCAGGCT,2825
CCGTTAGCGTACTGAC,2825
CGGATAGGATGTCCAC,2825
TTCGATAACTTGCCAT,2825
AAAGACGCGGATCAAT,2824
AAATGATCGTCGGCAA,2824
ATTTTAACAGCACCTG,2824
ATTTTCGGAACAACGA,2824
CCTTCACTGGATTGTA,2824
GAAGTCACAAAATAAC,2824
TCTCCCAAACCTTAAC,2824
TTTCGATCAAATTCAC,2824
TAAATAACTCATTATA,2823
TAATAATCCCCTACAA,2823
TACACAGTGGAGCCAA,2823
TGTATCTAGTTGAATT,2823
ACACTCGTACAAAACG,2822
ATACATCGGCCGACCA,2821
CAGATGCACGTAATAC,2821
AAACTGCAACACATTA,2820
TCAACCATGCAGATTG,2819
AAGCGACATCACCAAA,2818
AATCCTTAACACGGAT,2818
TGAAGTCTGTGCCATG,2818
TTGAAAAAAACTACAT,2818
ACATTAATTCTCAATA,2817
ATTAAGCATTAAAAAA,2817
TAAAGGGTTCACGAGA,2817
TCATTGATCTAATTAA,2817
AAACTCAACAAATCCT,2816
ACTTCCAATTCGATCG,2816
CACACATATCCTAGTC,2816
TCGTATTGGATAAATA,2816
TGCACGGCAACGGATT,2816
AAGGAACTAGAGCTTC,2815
ACAGCCGTCGCGCCCC,2815
ACGACGTATCAAACCG,2815
ATAACAGACATGACCA,2815
CTCTGGACGTACGAAT,2815
GAAATTCAAAATGTAT,2815
GATACCACTCCAAGAC,2815
AAAGCCACGGTATTCT,2814
CAATAAAAAGATAACT,2814
GCAAACCACGTTTACA,2814
GTCACAGTGGGATCGC,2814
TATTCAGAACCACTAT,2814
TTAGAGGAATGGCGTA,2814
AACTCAGTCGTAAAAT,2813
ACTGCAGTCGAATGCA,2813
TATTGCACATCAATGG,2813
GGGTCAATATACACAA,2812
TAAAAGAGCGCAGAGA,2812
TCGGAGACTACGCAAC,2812
TTATGGCTAGACCTGC,2812
AATTTGGTCCAATAGA,2811
AGTGCTTAAAGTGCCG,2811
TCCAATTGATAATACA,2811
ATTGATTACAGTAAGG,2810
CAAAAGCAGGACAATC,2810
CACGACTCTTCACTCT,2810
CCTAAAATTCTTGAAT,2810
GAATACATGTGGTAAG,2810
GTCGACGCTCAACTGT,2810
TACCGAAGTCAATCGC,2810
ACATAGTGCCCTCTTC,2809
ATTAAACATCAATAAG,2809
GGCTAACATCAACTGC,2809
AGGACCCTTCTAAGAA,2808
ATGCTATTATCGATAG,2808
TCGGTGATCAAAAGAG,2808
TAACTGCCCAATTAGC,2807
TTCTTTATAATTCTAG,2806
AGCGTTCTCCAACCGC,2805
CATTGGTCTAACACTC,2805
CCATGCCATAAAGTCA,2805
GTCCCTTGACCGAGTG,2805
GAAATATCTCTGCGTC,2804
GTACGCCTCCTAAAAC,2804
ATACTAAGACTCTATC,2803
CGAAGGCCGTGGATAG,2803
TACTAACCACATCCGA,2803
TTGCGGTCAGTAAGCT,2803
AGGAGCCTTTTCCAAA,2802
GAATCGATATGAGGAT,2802
GATCGAAAGTCGTAAC,2802
TCTGCCAACATGATAT,2802
AAGCCATGCATATCAA,2801
ATCGTTAGTGCGAAAG,2801
CCCTCGTGCATGACAC,2801
GGGCATAGACGACACC,2801
AAGCAATATGCATAGC,2800
AGCCATATTGAGATAA,2800
AGTCAAGAAAAAATGC,2800
ATTCAATTACCAATAT,2800
CTGACACAACAATCAC,2800
GCATATATTAGGCTTC,2800
GGAGCCAAATGCATCA,2800
TGTTTATGAGGACTTA,2800
CAGATGATAAATACAT,2799
CGACTCACCAACGTAA,2799
ATAACTCCTCTAGCCA,2798
CAACTCACCGGGAATT,2798
CCACTGAAAAACCTCC,2798
GATTGTTAAGGAAAGA,2798
GGCCTCTGAGTCAATG,2798
TAGTTCGTCTCATAAG,2798
TGAGCCAGTCGCTCCC,2798
AACCAACATAACCAAT,2797
CTAACCAATAATTTCT,2796
GCAGGTCCTACTAGTT,2796
GCATCTGAAAATAACA,2796
GTGTCCCCCACAGCAG,2796
TTCACCGAACAGATGA,2796
AACTGTCACTAAACAC,2795
ACATAATACTAAGTTT,2795
GTCTACATAGGTGTAT,2795
AAACAGGTAGACACGC,2794
ACCTGGCATCCTTGAA,2794
TATGTCGCATACTAAC,2794
ACCAACAAGAGTCAGT,2793
CAAACCCGTCGCTAAC,2793
GACCAGAAACCCATCA,2793
AAACATAACTTCACGG,2792
AATGCGCTTTACCTAA,2792
GTATGAAACAGTACCC,2792
TCAGGACGTATTTCTT,2792
TGGCACTCGAAGAAAT,2792
AGGCAATAACACGTGC,2791
GAGATAAAGACAGATC,2791
TACCATAAACTAAGAA,2791
TGTAAACTGATAACTA,2791
CAGATTCGTGTAATCT,2790
CGAACCTTTACAGATA,2790
GCTTCAGTCGTTGGAT,2790
TGGAGAACAATTTGAC,2790
ACATAGGACAGAATAT,2789
AGCGCAGTAACTAAGC,2789
CTGTCCGTGCCTCGGG,2788
GATGCCCCAACCGAAA,2788
TACTAACACCACAACC,2788
TTCAGCAGCAAGAAGG,2788
AACGGTTCCTAAATGG,2787
ACATTACGGACTGTCA,2787
GCAGCTAGTGTGTGAT,2787
TGATGAGGGCGAACCA,2787
AGACCTTTGGCTAAAG,2786
AGTTAATGAGTCTACT,2786
CCACATTGCAATACAA,2786
CCCACGCATGAGAACC,2786
CTTTCGTGGCACATTG,2786
GCAGTACGACAAACAT,2786
GCTACGTGATCAGACC,2786
TACGACCGTACAAGCC,2786
TGCATAATCATTAAAG,2786
CAAGGTCGGGCCGTAC,2785
AAAAAAATGTCGTAAT,2784
ACACTGGTCCTGTACA,2784
GTATAATAGCAACATA,2784
TTAATTCAACTCAGTA,2784
CTAAAAACCAAACAGA,2783
CTAATTATATAAAAAT,2783
TCCAGCCGGAGTGCTT,2783
TGAGCCCTCACACAGG,2783
AACAGGGCATAACAGT,2782
GTTACTTAAACCCAGG,2782
TAGTCGACTCATTTGG,2782
TTCAGGGATATATTAA,2782
ACCATCTTTCACCAAC,2781
CGAGGATGAAAACTGT,2781
CTCACATGTTCAGAAG,2781
GCTCCTCAGCAAGATC,2781
GTCAGCATCTCAAAAC,2781
GTCATTCGTTTTAATA,2781
TGTGAATAATAAACTA,2781
TGTTCCCTAAGATTTG,2781
ATGTTAAATCGGGAAT,2780
CATATCATGAATGCCG,2780
CCACATGTGTTTTAAC,2780
AACGACAATGTAAAAC,2779
ACTTCATGGGTAATCA,2779
CCCGCCAGATGTGCAA,2779
GAAACAGTTTATGCTC,2779
GAAAGGTTCAGAGTTC,2779
GCTATCAAAACAATAT,2779
TTAACCGATCTAAAAG,2779
ATACGACTATACTTAA,2778
GAAGATAAAGCAGAAC,2776
GAAGCTTATTCTACTG,2776
GTCGAAAGCAGCAGAA,2776
TTACGCGCGACAGCAC,2776
ACGAAAAAGCAATCCG,2775
AGAAGTGATAAAATGC,2775
GACGCCTTATACCAGA,2775
GTAAATAAGGTGCAAT,2775
TGACTACATTCCACCG,2775
AGCGTCCAAATACTAA,2774
GCACAATAGAGCTTAA,2774
GCTATTCCTTTGACCT,2774
CCTCCAACTGCAAAAC,2773
GAATAACAGGGACTTA,2773
GATTTTCGTCGAGTCA,2773
GTTAGCTAATGATATT,2773
AAGCCCTATCATACAC,2772
AAGTCGCAATATATCA,2772
ACGATAGCCTTTAAAT,2772
TCTATCAAAGCACACC,2772
AAACCATATCCACGTC,2771
AAAGGAGATGGAGTAG,2771
AACACTTACATGACTA,2771
CACATTGCCTTTCGGC,2771
CATTTGCGTAAGGAAA,2771
CTTGTTTGCAGCCAGA,2771
TACGAGAAATGTTCAC,2771
AATCCTGACAGTGCCT,2770
CCTAAGCATGTGACAC,2770
AAGTACGTCTCAGAGC,2769
ACTCTCAAACATGAAC,2769
GCAGTTTACTTGGTAC,2769
GGCACACAATCACACA,2769
TAACAAACCGTAAAGG,2769
TAATACCATAGGCTTA,2769
TCATGAATGAGTAAAA,2769
AGGTTAACCTGCTATG,2768
ATCGTAGAGGCGAGCC,2768
CGGCCCTGCAGTAAAC,2768
TACAACCAACCCTCAA,2768
AAACCCGGATACATGT,2767
TGAATTTCTGACTCAA,2767
TGAGAAAAATGGCGTA,2767
TTGCAAGTTGAACAGA,2767
AATGGGACGAAATGAT,2766
AGTTTTAGTATTTACC,2766
CCCCATCCTCGTCGAA,2766
CCGTTGTACACTGTTC,2766
TACCCAATGCCCATAA,2766
TAGATATAGTGACGTA,2766
ACCGGTGCTCATAAAC,2765
ATGTGATTTTACGACG,2765
CACGTATATTTGTAAA,2764
CGGAATAATAAACTCT,2764
GTCCTGTTCGCGAATC,2764
GTTCAAAATAGCATAA,2764
TGTGACACCCACACTC,2764
AATACCTAACTGCGCC,2763
CGGATAGAATACATTA,2763
GCTCCACCCCACCGTA,2762
TAGGTCGCCATGCATA,2762
TCGAGTTGGTCAAAAA,2762
AGCCCATATACGCACA,2761
CAACTGCACACCAACA,2761
TGATGGCCTGATGATG,2761
CTACTTTGGACGTTAG,2760
CTCGCGTCAACCTTTG,2760
CTCTGCTCACGGGTGG,2760
GAGCTGACATAGCCAT,2760
TAGTCAGGAATCTCTA,2760
TCCAAACCAAAAACAC,2760
TCTGTAATCTTCTCCC,2760
AAAACACTGAAGTGCT,2759
ATGAAATAGGTGTAAA,2759
CTTACAGTCAAATTAC,2759
GCAAAGCTACGCAGAC,2759
AAGCGGTGCGTTCTTT,2758
AGACTAGAAAAATTCA,2758
TCTAGTAGACCAAAGA,2758
CGATTGCCATATCCTT,2757
TACGTCTAGATCCAAC,2757
TCACGCAGGTGACCAA,2757
AAACTACGAGGTCTCC,2756
AGTGAGTGTCTATCTG,2756
AAGATTAGGCAATTAA,2755
CTCGCAAGGCAACATC,2755
CTTTTCCCTCTGCTTA,2755
TAAATTGAATAGAAAG,2755
TGACCCACTAACAGCC,2755
AGAAACAAGATTACTA,2754
CACACAGGCAACGAAC,2754
CACTAGAGGACCTATC,2754
GACTTGTCCCTCTCTT,2754
GTCGGTCAATCACTGA,2754
TTATGCGATCCTATCG,2754
AGAGGAAATCACAGCA,2753
ATCTCTGGGACTAACC,2753
ATGTCACAAAAATTTT,2753
CCTTAATATTAAACTC,2753
CGAAGTGTTCGTTACG,2753
GAAGAATAAAACCATG,2753
GAGGTCAAATAAACTG,2753
GGGTTACCCTAATCAA,2753
TAATTCTACGCCAGGC,2753
AATCTGACGTATCAGA,2752
GCCCTCACTCCCACAA,2752
GTTTATGCACATAGTC,2752
AAAACTGTACCAATTA,2751
ACTAGACACAAGCTCA,2751
CTGCTTGCGAATGCAA,2751
GAGAACAATAAGAGAG,2751
GCACGTTGGACGATTT,2751
TAAACCGTGCAAATTA,2751
TTGCTGTAATATAAAA,2751
TTTGAATGGACGGCCT,2751
TAGAAGAAACCTAGTA,2750
TGGCATTATTAAGGTC,2750
AACTGCATTACCAATC,2748
CATCTACCACAATTGC,2748
TTAGACCGTGTCTCTT,2747
CTAACTTAGACATCAC,2746
ATCGTAATCGCTCCTT,2745
CCTTACAGTAATGAAT,2745
GAAGTACAAGCAAGAC,2745
TATAAACTACCACCCC,2745
CTTTCTACAAAACTAC,2744
TCTAAATAATGCTGGA,2744
ACCGAAATAATTCACA,2743
AGTAAATTCCCCCTAT,2743
CCGACACAATAAAACA,2743
CTCTACCCTTCTTATT,2743
GATAAAATAGTACTCG,2743
GTAAGGAACCAATACT,2743
AACATCCCCTGAACCA,2742
AGAAAAGACCAAAAAA,2742
CCTCTTCACTTGAAAT,2742
CTATAGATGGGAACTT,2742
TATGCTGTACACATAA,2742
TCGTCAGGAAACCAAT,2742
AAATAACCATTTAACC,2741
TCTGATTTAAACCGCA,2741
CTTGGTCTTACACTTC,2740
GCCCACAAACGACCAC,2740
TTAAGCATGACTATTG,2740
ATTATGGTGCACAATT,2739
CTAAAGATCCTTTCTA,2739
GCATAAAAAAAGTCAC,2739
AAACACAACACGGTTT,2738
AAACTCAAATGCCGAG,2738
ACTGCATCATCTACCC,2738
AGGAACCCCATCAAAA,2738
CCACAAAAAGATTTCA,2738
TAATAAACACTTGATC,2738
TAGATCTAAAAGCACT,2738
TAGGCATTGTACGGAG,2738
CACAAATAATAAAGAT,2737
CCCATTTGCATAGCGA,2737
CCCCGGATAGTTAACT,2737
AGATACTAAATATCTG,2736
ATAACATATTACTGAA,2736
ATGCCTCATCTAACCG,2736
GCAAGTAACGGCTTGA,2736
TTTGAGTTTTTCTGGG,2736
AGCGCGTTTTTGGATC,2735
CTCCATACCCAATCAT,2734
GGGCCAGTATTTGCAA,2733
TAACTGGTACGGCAAC,2733
TCCCAATGAATGCAAC,2733
ACACAAGCATAAAGTC,2732
CACAACGTCTGTACAG,2732
CGCCGGCAGAACAATG,2732
GATTCATTCAAACCAG,2732
GCCAGTGAAGAAAGAA,2732
AAAATTGAAGTACTGT,2731
ACCCTAGAACTTACTT,2731
CACGGGATTCGCCAAA,2731
CTCTCTAGTGTAATCT,2731
GATCACGAGAAATCAT,2731
GGGTCCGTTAAGCAAC,2731
GGTGTTCCAAACATAA,2731
TAACTCTAAAACCTAC,2731
TCGCAACACTCTTACC,2731
ATATAAAGGTTTTATT,2730
GTGAACCCTCACTCCA,2730
AGGCGGCCACCAGTTC,2728
ATCTACCAGGTATACC,2728
GTAACAGGAGCTAAAA,2728
GTAGAGCTCCACACAG,2728
AAACTCACGTAGAATC,2727
CCTTACACTGTCTATA,2727
CGCAATAGGGCAACCA,2727
CGCCTCCATCTCCAAA,2727
GACATCTCAACAATGC,2727
ATGAGAGCCTGAAGCG,2726
CAGACCCCCGCCACCC,2726
TATTATCAAAGAGCAG,2726
AAAGGCTCACCGCACT,2725
ACTGATCACGCCTACT,2725
ATACGCTAGAATACGC,2725
CTCAAAAAATCCCGTG,2725
AACCTAGTTTAGCTCC,2724
ACGCTATAAAGATACG,2724
AGCTCCAATGTCGGAA,2724
CAATTCCATGACACCT,2724
GAGCAAATTGTCAAGA,2724
GCTATAGTGGTGCTTC,2724
ATCGCGGTACCACCGA,2723
AACCGTAACTTATGAA,2722
CCCTATGGCAAAAAAA,2722
ATATACTGTTGGCCCC,2721
CACCTCTGAACAGGTC,2721
GAAATAAGGCAAAATC,2721
GCTGCCGCTCGATCTA,2721
TCGGAGAGGGCTATCC,2721
TCTCCAGATACTGTTA,2721
AGGGCATTTACACGTC,2720
ATCAGCATAAGCGCAC,2720
GAAACAGGTTAAATGA,2720
GACTAGGTCCCTAACA,2720
AGAAGACGACGTCACT,2719
GAATTTACATATGATA,2719
GCCAGAGAAGACACCC,2719
TGTTAAATAGCAAATA,2719
AGGATAAAGTAGTGGT,2718
CAGCGCAGAAAAGACA,2718
AAACTATAAACTAACT,2717
CAGCCGAAGAAGAAAC,2717
CCGCCTGCTTTGAGCA,2717
CGAACCTAACTACTTA,2717
CGTTAATCTTCTAATG,2717
GACCGGTACTTGCGAG,2717
GCAGTCTATCCAGAAG,2717
GTACCCCTAGAAACAC,2717
TATTTAGACTCCAAAT,2717
AGACCACATGTTTAAT,2716
GTAATGATCTGCCGCG,2716
TTCGAGCTTGTACTGG,2716
CCGCTTAGAAATAGTG,2715
CGTTCTCACAAAGAGA,2715
CTCCTATAACACAGAC,2715
GCTTGCGAGAATACTA,2715
GGCAATAGGATCAACA,2715
GGGAGTCATAATCCTA,2715
TAAGAAACCGAAATGA,2715
TTATATAGCTGAGAGT,2715
ACTAGTAAAAGAAACA,2714
ACTGTGAGAAGTACTC,2714
ATTGGAATGGGGGGCC,2714
CACTCGACTTTTTAAC,2714
GCTTGGATATACGGAA,2714
GGATCGCTTCACATGA,2714
TGTGAACTATGATATG,2714
TTTAAATTCTTATGCA,2714
TTTTATAAACGCACAG,2714
GCCAGAACTACCGATT,2713
TGTACAAAACAACACG,2713
TTAACTCATGGACCGT,2713
AACAACTAAATTCAAA,2712
CATCCAGTAACTCCTC,2712
TCTAGGTGCCAATTCA,2712
AAAAAGACTCCCAACT,2711
TATAATTGCCAACCAA,2711
AACCACAATCTGTCCA,2710
GAACCCGGCGGAATAG,2710
TCAGGGGATTGTAAAT,2710
ATCGAGGGTCTAAACT,2709
CAAACGGAACAGGAAC,2709
CATAACTCGGCGCGCA,2709
ATAGGTCACGGCAGGC,2708
CCTCTCGACAAAAAGC,2708
GAGCGTCAATAGAATT,2708
ATAATCGGAACTAAAT,2707
CATGACAAAGTTGGTA,2707
CGTAACAACTCCAAGC,2707
TATCATACGTCAGCAA,2707
AACGATCTAACTAACC,2706
ACTACAAACTGACCAA,2706
GGAACTATTTCCACCA,2706
TACTAATAAGAGATAA,2706
AAAAACTAACAATGTT,2705
CTTGTCAGATAGTATA,2705
GTAGTTAATGCATAGG,2705
TAGACGGCTCATAGCG,2705
TCCGAGATTAATGCGG,2705
TGGGCTAAATGTCTGC,2705
ATGCGTAATCAAGTTA,2704
CGATGGCAGTAAGACC,2704
GAACGGAATAACAATA,2704
CAGCAGGAGATAAGTA,2703
CCCCCCAAGTTGATGC,2703
GACAAATATAAGAATC,2703
AGCTGCCTCTCACGCA,2702
ATAAAATCGAACGCCG,2702
CGTACAAGAGCCTAAG,2702
CTCCCACAACGCGTTC,2702
ATCCCACACCATCCAA,2701
ATTTGTTTATAGCACA,2701
AATCCCGCCTCCGACA,2700
ACATCTCGTGGACACC,2700
ACTGACGCACGTAATG,2700
CCCCCATTCCAACTCC,2700
GTTAGATCAGCTCCCA,2700
AGCTACAAGAGTCAAC,2699
CAGGAACCGCATTGAC,2699
ATTTGTTTTTCCAACA,2698
CAGTGAGAGAAATGGA,2698
CTAACAGAAGACTAAC,2698
CTTATGAGTGCGTAAC,2698
TGGTCGGCTCCCACCT,2698
AAAGCTTTATACTATG,2697
ACCCTCTTTACGTGGC,2697
CAATCATCGCTCACAA,2697
TTATGTTATCACGAAC,2697
AAATTTGATATACAAA,2696
GTGAGGAATCCAGACA,2695
AAGCATTTACAAGCCT,2694
CTACCGTTTAAACCAA,2694
TGTAAGAACCCCAACA,2694
AAACAGTAACATTATT,2693
CAATAAACTATTAGTC,2693
CGAACGCATCAACCGA,2693
GAGTTCCTTTGGTCAA,2693
TTGAGGATTATAAAGA,2693
TTGCCCCACATAAAGA,2693
AATTAAAAATCAGACC,2692
CAATCATGAATCCTAT,2692
GTCAGGAATGGCAAGT,2692
ACTAAACGTCCAGGAA,2691
CCTCCGAACGAAGATA,2691
GCCTGCTGACTCGCAA,2691
AGATTAACGGGGGTTT,2690
CTCTTGTTTATTAACT,2690
TTGCGACGGTTCGCAC,2690
ATGCTGATAACCCTAA,2689
ATGTACTACGATAGGC,2689
CAAGTAACAGAATGTT,2689
CGTAACTCAGATCAGA,2689
TATTTGTTCCCTGCAA,2688
TGCGTATTCACACCAA,2688
AAGTATTTGAAACACA,2687
AATCATAATTGATGCG,2687
ATATGCATGTAGAAGA,2687
CGTTCATGAAACACTA,2687
TACCACGGTCGGGCTA,2687
AATAGAGTACTAAAGC,2686
ATGGCACATCCTATTC,2686
CTCATCATCGACACTC,2686
ACGTTGATGGTGCACA,2685
AGACAGAGACTAGAAA,2685
AGACTGTAGACTGATC,2685
ATGCTACAATAAAACA,2685
CCTTGAAAATGGCTTA,2685
TGAAGCTAGTTCAAAG,2685
AAGTGATCTCGACGTG,2684
ACTAGTGGCTTATGAT,2684
CTGAACTGCAGGCTAC,2684
GAAACTAATCCAACGA,2684
GAGCCTTCCAGTTCCA,2684
GTGCCCACAAAGATCA,2684
TAACGGCTAATAGACC,2684
AATTAGCACTCTAAAA,2683
ATCATCGTAAGTTCTT,2683
GGGCTAACAAAGGTGA,2683
CTGTACCATGTAACTT,2682
GAACCTACACCTGCAT,2682
GAATCGAGAAATTACC,2682
TAGGGCTTCGCATAGT,2682
AACGTTCTCGATAGAA,2681
ACAAAAAGCAGAGAAT,2681
GAACAGTATTAATGAC,2681
GGAATAATTAAACGCC,2681
TTCATTCCTATAACTT,2681
AAGTGTTGTAAGAATG,2680
AATAGATCCTTCCAGC,2680
AATATTTAGACAAAAG,2680
ATACTTCTCAAACTCA,2680
CAGGACCCGATCATTG,2680
CTGAGAGCACCTCGAA,2680
GATACCTCAGGAGAAG,2680
TTGGATGGTGCTTAAC,2680
AAAACTACCAGAGCAC,2679
AACACCACTATTTCGC,2679
AGACGCTTTACGGACC,2679
TCATACTGAACACTTG,2679
TTAAAACTCCTACATC,2679
ATTCACCACCGGTCCC,2678
CTGCGAACTGGATCTA,2678
GCACACAAAGTGGAAT,2678
TTCGGTTATCCAACCC,2678
AAAAGAAAGGAGATAT,2677
CTAACGACAATAAACG,2677
GCAAAAGTGAAGTGAA,2677
GGGATATGAAGGAGAA,2677
ATACGCTACCTTAACC,2676
CCTGGACAGATGTATG,2676
ATAAAGAAATCTTACC,2675
ATTAAAAATCTGATCA,2675
CCATAGCCAGTACACT,2675
TAGGCGTAGCCAAATA,2675
TCTGCAAAAGTTTGGC,2675
AGCGAGACAGAATCTG,2674
ATCCCTTGTCATCACT,2674
CGAGATTATTTGTTAC,2674
CGTTCGATAATGTAAA,2674
AATAAAAACCGCAACC,2673
ACGCGCCAATGTAAAT,2673
AGTATAACTTCTATAA,2673
CCTAAGGGCACAGCTC,2673
GCACCACTACACCGAG,2673
GCGCGCCTAGATGCAC,2673
ATGAAATCAGAAAATA,2672
GATAAAGTCCATGCCA,2671
GCAGCCGACATAATAA,2671
GCTAACCCGTAGTGCA,2671
TTAAGGTTAGCCGTGA,2671
AAAGTAGTTTTCTAGG,2670
AAATAATAGTAACGAA,2670
CACTTCGGACAGTAGC,2670
ATCTACAACGATCAGA,2669
GCAGCTCAGTGCCGTA,2669
GCTACATATAATAACG,2669
TTTCATAAGCCGAAGA,2669
ACCCTCGCATGTGTAA,2668
ATTACTTTCTTTCAAT,2668
GATTTTAACCGTAAAA,2668
TATTCTCAGGCGAATC,2668
TTAATCTGAAAATAAG,2668
ACCATAAAAAACAAAT,2667
ACCTGATGCAGCGAGG,2667
ACTAATCATATCAAGG,2667
CACGAGAAAGTACCCC,2667
CCAAGCAACTTAAAGT,2667
CTGAAGAACACCTATC,2667
GTGAAAATGCCGATCA,2667
AAAGCTGGCCGTACTC,2666
AAAGGCAAACGGCTAG,2666
CAAAGACACAGGATTG,2666
CCATTCATTTCTCAAT,2665
TGATCATCCTAATGAC,2665
AAAAAACAAAGACTAA,2664
ATATGAATGCCTACTT,2664
ATCATGGATCCCTTTT,2664
GTCCAGGGAGCTATGA,2664
TAGCGCGAGTTCTCAT,2664
TAGGCAGATTAGAGAG,2664
AAAGTGATTAGAATAT,2663
CCTCACTCTATGACTA,2663
GCAAATACCCTAAAGT,2663
AAAACCAATAATCCTC,2662
CCCGCCTAGTTCGACA,2662
CCTTCACAGATATCAT,2662
CTACCAACAAGTCCAC,2662
GACATACGTGAGAATA,2662
AAAACGACACACGTCC,2661
AATGCATTAAGGGAGA,2661
ACAGGAACAGGGGATA,2661
ATGGGCTTAACATGAT,2661
CAAATGACCATATAAA,2661
GACTATTTCTTTCGAA,2661
GCATCACGAGGCGAAG,2661
GCCAAAATTAGCATGT,2661
TCCTACACATAGACAC,2661
GATACGAGGACACGCG,2660
TTAAAGCACCACACTT,2660
TTATCAATAACCCTAT,2660
TTTGTATCCACGCGCT,2660
AAGAAGTAACTGATAA,2659
ACCCTAAACAATTAAT,2659
ATAAGAAAGTGAGAGA,2659
ATAAGTTTCCCACTCA,2659
CGAATACCGGACTCAG,2659
GAAGTCACTAAGGAAT,2659
TCGAACTTGCCCGGAG,2659
AAGGTTTTGAACAACA,2658
AATACAAGCAAACTAA,2658
AATACTTCTGGGGACC,2658
AATTATACTACAACAT,2658
AGCCGAAGTGACCATG,2658
AGCTATAAAGTATACT,2658
CCGAAATCGTTGAAGG,2658
AAACATAAAAGGGGGC,2657
CATATAGTCCCACGAC,2657
CCTAAAACGGGCCATG,2657
AGTATACACAAAGATG,2656
GTAATTATAAGACAAA,2656
AGCCGCCCTGTTACCA,2655
ATGGTTCTTGGCCACA,2655
GTTGAAAATTCCCTAA,2655
TGTTACTTCCGTATAC,2655
AATTCAGTACCCATAT,2654
TTTTCTGACACAATAT,2654
CAGAACTATTTTCCTG,2653
AAGTCACGATAACATG,2652
ACGGCGATATCGGTAT,2652
AGCGCCGAAGTACTTC,2652
AGTTAGTGACTGTCGG,2652
TTCTTACCAAACTGTT,2652
AAGGGATTTTACGTTC,2651
CCAAACCAAACCACGA,2651
CGAGTGTGATTGCTAT,2651
GCATGCGCAGTGCATT,2651
GGAGTATATACACGCT,2651
GTCTGCAATAATGATG,2651
CACTGTATCCGGTATC,2650
CATCATGATACAGTAG,2650
CTCGGACGCGGCCTAC,2650
GATTCCAATACCTCTT,2650
TAGCCACGTACCCGTT,2650
AACAGAGGACCATGAT,2649
AAGCGGACACCCGCCA,2649
ACACAGATTTATCGCA,2649
ACTATTTTGAGGATCA,2649
AGTTTTAGCTCACAGT,2649
ATGAGAAAGAAAACGG,2649
GGTGGAGCCGGGTCCC,2649
GTAACCAGGGTGTTTT,2649
CACGAGATGACGAGAT,2648
GATCTGAAATTATAAA,2648
TGTAGGTTATGTGAGA,2648
ATTGAACCGCACCGCG,2647
GCCGGGAGCGTAAACG,2647
AAGCACAAGCGACTCG,2646
CATCCTTGAAACAGAT,2646
CCCTTGTTAATTCTTT,2646
CTAGGTATATTCAACT,2646
GCACCTACTTGCGGTG,2646
GCTCAAGTATCCAGTG,2646
CGTTCCCAACAGTTTA,2645
GCGCTACGTCATCGCC,2645
CGGTATATTACAACTG,2643
AATCTGGCGTAATAAG,2642
AGAGAAACAAATGAAG,2642
CAGATAATATAATTTG,2642
AAAATCCTAGAATCCT,2641
ACAGGGTCATCGTGCC,2641
GATCAGTTCAGCAGTA,2641
AACGATCCAGTCTTTA,2640
CATCATGGGACCCGCA,2640
TACAGTTATGTAGAAT,2640
TCTACGTGCTGGGCCG,2640
TGAACCACCCTACGAA,2640
AACGTAGATAAACCTG,2639
AATAATGAAATAAACG,2639
ACGCTATATAAGCTTA,2639
ATATAGAAGTATCCCT,2639
GTTTTATCTTACATTT,2639
TCCCCCGACCGAGATA,2639
CACCTGTAAAGCAGGT,2638
CAGTGGCACTCAAGTA,2638
CCCAAAGATATCTTAT,2638
GTATAACGATAGATAT,2638
ACGCGCCCCTCTAATC,2637
GATTTTACTCACTCTA,2637
TAATCAGGGGTTCTGG,2637
AAAAAGCAAAAACAAC,2636
AGTTGGTAGGACAAAA,2636
ATGCGAAGAGGCATTT,2636
CCAACCAACGATATGC,2636
GAGAGAGTAGCTGAGA,2636
TCAGCCACTCCTTCAG,2636
TGGTTTCAATATTTAC,2636
AGATGTCCGATAAAAA,2635
ATCATCAAACCGAAGA,2635
CAATGGACTCTTATGC,2635
TCCCTGACCCATTCAT,2635
ACAACGCTGAATAAAT,2634
ATCGTATCATATTAAT,2634
CCGTTCATTTTTCTGT,2634
ACAAATCATGGCCAAT,2633
TCACCGGAAAAATAAC,2633
ACGCAGCTGTCATCAA,2632
CGGCTAATTTCATATC,2632
CGTTAGTTAAAATCGG,2632
GACTAAGCGGATAACT,2632
GTGAAACAAGTCCGAG,2632
TGCGTTATTCGATGAT,2632
ACCTGCTTCTTAGGTT,2631
ATAAGTGATCACAGCG,2631
CAGCGCTAGAAACATC,2631
CCACAAGCCCAACCTC,2631
CCATGCTATTTCATAG,2631
CCCGAATTAAGAAGAC,2631
TAACGCCTATATGAAC,2631
TTAATATCCAGTCTAA,2631
AATTAACGGCTGTGTC,2630
CACACCTATTGAGTAC,2630
CACGACATACGTAGTC,2630
CATAACGAGATTGAAG,2630
TTGTACTTCGACAGCT,2630
TTTAACAGTCGTGTTA,2630
AAAATCGGCCACCTAC,2629
ATGCGAAACGTTGAAT,2628
CCAATAGTCTTAAGCG,2628
TACCAGTGTTGCTAAC,2628
ATACACACAGACCCAG,2627
GGGGTGATCTTTCACC,2627
GTCCTAAAGAAAAACG,2627
AAAAGCACCAGCCATG,2626
AAGTAAGTAGAAAACG,2626
ATATGAAGCTTTAGAT,2626
CAATTCGGGCTAATGA,2626
TCTACACTATAGACTC,2626
ATTCCATACGAATTTA,2625
GATTATGACACAGACT,2625
AGCCTGGAATATTATA,2624
GACACCGAATAACACT,2624
GCGTCTTGAATCAATA,2624
GTAAAAAGTGTTCGTG,2624
TATAAACCTTGCTTGT,2624
TGATCTCTCCTCAAAA,2624
TGCGTTGTATTAAAGG,2624
AAACTTTATGTTATAG,2623
TATCCCGCGGTAATGC,2623
TCATTTGTAAAAAACC,2623
TTCACATGGCTACTTA,2623
GCTGCATCCTAGCACC,2622
TCTCGAATCTCCACCA,2622
AGTATATAAATTAGCA,2621
CCACTCTCAATTAGAA,2621
CCCCCCTGCCACCCAT,2621
TGTGCTCAACCGGGAT,2621
CTACTAATTATAATAG,2620
TATCAGGCAAGTCGTT,2620
TTAAGCATGCTTCTAC,2620
AAAAAAGCACAAATAT,2619
AAAATCTACCATTCAA,2619
CCCGGGAATAAAAAGA,2619
ATGAAAGGCTATGACA,2618
GTCTCCAGGCTAAACT,2618
AAAAAGTGCCAGCATT,2617
AGCCATTGGGTAGCAA,2617
AGGAAACAAAAGAGAA,2617
AGGAAGCGTTTAAGAT,2617
CATCACGACAGCTCGA,2617
TAATCGCATGATTCAC,2617
AATGAAAAAAGCTTGG,2616
AGTTTTAGAAACACAA,2616
GTTGTCCTCCTAAGTG,2616
TACAATATGTATCTAA,2616
GAGAGCACGAGAGCAA,2615
TTTCAGATATACACCA,2615
AACTATGACGGTCCAC,2614
AGGTGCGCAATAACCT,2614
TGATACGCAACTATAA,2614
CGAAGTCCGTTAGTAC,2613
GAACCGGAAGAGTATT,2613
GATTTAAACACGCACA,2613
GTGAGATCAATCGTGC,2613
TTATACTCACGCTCGT,2613
AAGCATCAGTTTAACA,2612
ACGCTACCGTCTTTCA,2612
ATTGCCCATTGGGCGA,2612
CGATTACGCACAGTGA,2612
CTAGATACGATAATAC,2612
AATAAGGTTCCTGGAC,2611
ACCAGAATGATTATTT,2611
ACCGTCGGAATTTATT,2611
ATACTTGGTCCAACGC,2611
CACCCCAGGCAGGTCC,2611
CATAATCTGAAACAAC,2611
TTACGGGTAGAAAAGA,2611
AACACCACCTAGATCT,2610
ACTATCATACTATCAG,2610
ACTCCAAACCAATTAC,2610
ATCCCGCTACAAAAGC,2610
TGTCACGCATCTCCAC,2610
ATACCTCAGAGACGGG,2609
AAACTTCAACGTGGAA,2608
GGTTTAATTCACTCGT,2608
TGGAAAGCTATTAATT,2608
TGTGTGTATAACGACC,2608
ATAAACGATGTATGAT,2607
CGCCAACTAGTTTACA,2607
GAAATACCCCGCAACA,2607
TAAAGACCTCTCTTAG,2607
TAAGGCGACGATTAAG,2607
CCTGAATATACACAAC,2606
GCCAGAAACGCCATGT,2606
AGCACACACAGAAAAT,2605
CACATCTAGAGCCGTC,2605
CGTAGGAACGTTGAAA,2605
CCCCTATAAAGCACAC,2604
CTTCGATTTGTCTTCA,2604
GTATAACGAATTAACG,2604
TACATAGCTACATTCC,2604
TAGAAATTGACTAGAC,2604
TCATAGAAGTATATAG,2604
AGCGGGTCGTGGAGCA,2603
ATCTAGAACACCGTAT,2603
ATTTGCTACCACACTC,2603
CAGGCTCAGAGGCAGA,2603
TATTTAAGCTAAGATT,2603
TCCGGAGGTACCACAA,2603
AAATGGGACCATGGAC,2602
AACTTATCGGCCTGGA,2601
ATAGCAAGGAATGGGT,2601
CGAGCACCTGATGAAT,2601
CGGACTATGGATCGAT,2601
TACATAAAGGCAATAT,2601
TGTTGAGAATAACCAC,2601
TTATTCACAACGTAGG,2601
AAATGGACGTTAGGCT,2600
AAGCGCCAGTGAGGAA,2600
CCATACTCTGCAAAAT,2600
CCTTAATTTAAGCCTG,2600
GAGAACCGCAATTACA,2600
GCTCTTGAAATCCTGA,2600
GTCCAAATTGAACCCA,2600
TTTAAGTTACCAACAA,2600
AATGGGGTATAATGCT,2599
AGACTCACCATATCTT,2599
CTCGCCCAGCACCTGG,2599
GGGTTACATGTTCTGA,2599
TGGACCTATATCGGTC,2599
AGAACAGAAGTTCCTG,2598
AGTATATCTGTTGATG,2598
AGTGAAAAACGCAAGA,2598
CAAATCTTAGATTTTA,2598
TAACCATAGTGTCGAT,2598
TAATAGTTTGCGGCGG,2598
TCATCCGGACTGATGT,2598
GAAAACAGTTTTCGAA,2597
GACAAAGTAAGATAAA,2597
TTCCGTAGATCTAAAT,2597
ACGAAGATTAACGTGA,2596
ACTCACAGCGGCCTTG,2596
AGGCAGTTAGAAGGTT,2596
CTAGAAACAATCGAAG,2596
TCTGATATATAAGTCC,2596
ATGCTATAAACGGGAA,2595
CATAATACACAGAAAG,2595
CATTATGGAGGATTAA,2595
GACGATACTTAAAAAA,2595
TAGTCCGAAAGCAAAT,2595
TCATTGCCCTTTAAGA,2595
TGACTAAAGGCTGATT,2595
ATAAATCTGATACTGA,2594
ATGCAGACATTTCCTA,2594
CCCACCTCATATTACG,2594
CGGAAATAACTGACGG,2594
TGATGGCCTACAAGAT,2594
TTGCATCTCTTTCCGT,2594
ATAAGAGGTAGAGTAT,2593
ATAGATTGAGTTATTA,2593
CCATTAAGACGTAATA,2593
GAGAAGTCAATTTATT,2593
TCCGCCAGTTAGTAAC,2593
CATCAGCGCGGGACAA,2592
CGTTCAAACCAATGTC,2592
CGTAAGACCATAGAAA,2591
GGATCACAACATATAG,2590
GGATGACGAGTACTCA,2590
GTGCAACCCACTCGCA,2590
TCTTCCATTAATTCAC,2590
ATACCCACACTGTGGT,2589
CGTCTAATAACAAACG,2589
TGGATATTACAGTATA,2589
TTAAACACATTATGCA,2589
TTTGGCTCCCTGATCA,2589
AAAGCCCACACAAAAT,2588
ACAATAAAAGTCATAT,2588
ATAATACATTGTTCAA,2588
ATAGTAACCACGAACA,2588
CAGGGAGATTAAAAAA,2588
GAGCGCAGCAAATAAA,2588
GCAATACTGTTTTCGA,2588
TAAGTATGTAACTTAT,2588
TTCTTCAGCTAACAGG,2588
TTGGATAGTGCATATA,2588
TACAAACTGGTGCTAC,2587
TCAACGCAACCAAATG,2587
TGCGAGCCAAGACTAA,2587
TGTAGATGAGAAATGA,2587
AAATCTAAGCACACCT,2586
AAAAACACATCCGCTA,2585
ACCCATCCTCGCTAAG,2585
CACGAAGAAACATAAA,2585
CGCAGAAGGAGCCAGA,2585
GGCATTGTCTGAAAGA,2585
TTACACGACTGACCTT,2585
AAGGACCGAGATAACA,2584
AATAGTGAAGTAGTAT,2584
ATCGCCGTACCGTAAA,2584
ATCGGACTTCTATACT,2584
CACCTTCCAAAGGACA,2584
CCTTATAAACATACAT,2584
CTTGTTAGTAAAATAC,2584
GAGTCATAGACCTACC,2584
TTCCCCTTGCCGTCAA,2584
AACACGAATTCCTTAA,2583
CGGACGACGTATAACA,2583
GAATGCTGTCAGTGAT,2583
GAGTATTCCGACCCAA,2583
TAAACTTGCTTAAGTT,2583
AATACAAGACAACAAT,2582
ACATGAAACATCTACT,2582
AGAACCGAGTCTAGGA,2582
AGAATCCTTACGAAAT,2582
GACCGAGTAAGATCGG,2582
TACATCCAGCACGTTT,2582
TACGAAGCGCGACCCT,2582
TTAGATCTATAATTGT,2582
CAGTGAAGCGGAATAC,2581
CCCAGCCGTAATTAGA,2581
AACAAACGAATATCTA,2580
CCCAAAGCGTATGACT,2580
CTCCTCCAACGTTAAC,2579
AAACCGTATTTGATGG,2578
ACAGAACTCCAGCCAC,2578
ACTCCCGTGCGATAAT,2578
CTACAATGGTTATAAC,2578
GATCGATACTCTCATA,2578
AAAACGCGTCACAATG,2577
ATCACAAGACCTACGT,2577
ATGAGTTACGAACTAA,2577
ATGCTTAAATCTGTGA,2577
ATTACAAATGAAACAT,2577
CCGAAACCTCAGAAAC,2577
TGTATTCTCAACCAAT,2577
AGAAAAATCATTTCCA,2576
AGAAAATAACCGAATA,2576
ACTTTCTGTGATACAA,2575
AAAGTAACAAACACTC,2574
ACTTGTAGACCCAGGG,2574
ACTTTGCTTCGTATGA,2574
CAATACGGTAACCAAG,2574
CAGAAGTTAAACAATG,2574
CATAAACTAATGCACA,2574
CCACCGTTCCCACCCT,2574
GACTATACAAACTTTA,2574
GTCGGCAGTACCAACT,2574
TGGACTATTATATAAA,2574
AACATAACAACAAGAC,2573
ATATATGAAAAAATTA,2573
CTTCTACGATCAAAGC,2573
AAAACGCTCAACTCCC,2572
AGAAAAGAAAAAGAAC,2572
ATTCATAACTTTGATT,2572
GCACAGTATATTTCAC,2572
TCGATTTACCCTAATC,2572
AGTTTGTGTACTAAAT,2571
GACAGAATCTATCGGC,2571
GATTGCAACATTAGGC,2571
GCTAGTAAAACCTATT,2571
TCCTAAAGTCAGCCGG,2571
AACTACGGTAAGGCGT,2570
CAAAAGTCACGGCAGT,2570
CGATTGACTACGAAAC,2570
AGTGAAATTACCGATA,2569
CAGCGATCCAGATATA,2569
CATATTGCAATTACAA,2569
CCTTATAAATTAATCA,2569
CTTAAGGCATATTACA,2569
TATAAATATATTTTTT,2569
AATGTGGAGATGCACG,2568
CCAATTGCTAACTGGG,2568
TAAAACATCACATACC,2568
TTATCCAATGAATTGA,2568
AAATCACAGCTTTGCT,2567
CCACTTGAACGTGTGA,2567
CTTTTACTATGCCCTG,2567
TGATATAGTACAACTC,2567
ACCAAGGGTACGCGGC,2566
AGTTGAATGAAATTAT,2566
ATTTGAATTGGTCGAT,2566
CGGTCAACAGCTTTGT,2566
TCTATCTTATAATTGA,2566
TGACAGGACCAGGCGA,2566
AGCCACACATGCGCTA,2565
TAGGGGCGTGCCTTGC,2565
AACGAGCCACATCAAA,2564
AGCCACATTTGATGTA,2564
ATTATGCGAAGCCGAA,2564
ACGAATCAACCCGTAT,2563
GACATGATCAAAATGA,2563
GAGAACTCGGAGAAAG,2563
TTCACTCTAACAGGGC,2563
CAAAGCGTTCAGAAGG,2562
CGCAGAACACGATCCG,2562
TAAGTCATTAGTCTTA,2562
TATGCTTTAGCCGTTG,2562
CACTACGATACATCAA,2561
CAGATAACAACGGAAC,2561
CAGGCAGTTGATTGAA,2561
GTAGGCCCCACTAATG,2561
GTCATCGGCTCTGAAA,2561
TAAGTGCCTAAAAAAG,2561
TGAGAAATGTTAAACT,2561
AGATATAAGATCCAGG,2560
GAAATTTACCTTTCAA,2560
GAGCATATAAAGTGAT,2560
GAGTTCAGTTCTACCC,2560
GCTCTCCGGCTGACAG,2560
AGCTCCTTGAATGAGC,2559
ATAAATTTCCTGCGAA,2559
CTCTGAAGACAAAAGG,2559
CTGAGCGAACACTACT,2559
GAACCAATCCACACGC,2559
TACCGACCGAAAACTC,2559
TACTTCCCGGTTTCCT,2559
TATCCCGGACCAACAT,2559
ATTGCGATAGAAAACA,2558
CAACCGATTAAAAACC,2558
CTGCCCAGTGTAATCA,2558
GCCCGCAACTCACTGA,2558
GGTTTGGCATGGGAAC,2558
TAAACCATTATGTCTA,2558
CGCGCATGGAGTCGTT,2557
GATTCAACGGTGAATA,2557
GTAAATAACCTTACCA,2557
CTGATCAAAGGCGCAC,2556
GAAGTAACTCTACCAG,2556
GGCATCTCCCTGATTA,2556
GTTCCCATGATATAAA,2556
TCTTCACAACATACAT,2556
TGTCGATCCGTTCCTA,2556
AGCTCTGTAATACCCC,2555
CAGCCACAGACTAAAA,2555
GAGCACTTGCTTTGTT,2555
TCTTCCCACTTTCGTT,2555
TTAGACTTATAGCTCT,2555
ATACCGAGAAGAACTT,2554
CGTAAGTCTGTTTCAT,2554
TTTACGAGGAACACAG,2554
AAATTCAGTCACCTCT,2553
ACCTGAACTACCTCGT,2553
GAAGGCATGGAATGCA,2553
AAAGATATAAGACCTA,2552
GAATGTAAATTCGGTC,2552
TAGGCACATGCCGATA,2552
AACTGTCGCTTATATT,2551
ATCAGACCAAACGAAT,2551
CTATGAACCATTACGA,2551
GAACTCAGAACGACTT,2551
TCATAATAATTCACGT,2551
TGAGTTAAATACCAAC,2551
AAATGTTTGTAGGCTC,2550
AACGCATAACAATAGA,2550
AGGGAAAATTATTATG,2550
AAAAATAACTATAGAA,2549
ATCTAGAACCATTGAA,2549
CGTCAATCATATGCAT,2549
CTGTATAAAACTACTA,2549
TACATTTAAGTAAGAG,2549
TTAGCAAGCGGGATAC,2549
CTGTATTTTGACTTTA,2548
GCAAGTCTGCAGGATC,2548
AACTAAAAGATGACCA,2547
ACCACGCCTAGCCGTT,2547
TACCATAATTCCCTGA,2547
TGTAGAGCCTCAACTT,2547
ACTATTAACTGTATAA,2546
AGGCAATTTGCACATC,2546
CTATACCCGATTCATA,2546
CTGAACAGTACAACCT,2546
TAAATTACGATTTAAC,2546
AAAGAACACCCATCAA,2545
ACAACAACTACATTAG,2545
ATTCGCCCATTAACAG,2545
CGTATCAGTATGAGTG,2545
GATTATATTAGGAAGA,2545
TCGATAGCTCATCAAA,2545
TGAAGCACCTTATAAG,2545
ATGAAACGCAATAACA,2544
CTATTATCATATTGTA,2544
AGGAGACCCTAAACCT,2543
CAGAAATGTAAATTTA,2543
CCGCCTGCGTGTATAC,2543
AAGTGATTGAGAGTAG,2542
CATACAGATGGTTCCA,2542
GGCCTAAGCCGCGTTA,2541
TAAATAGAGCAAAAAG,2540
TCAATGACACCATCTG,2540
TTGAGAATCAATGTGA,2540
ACTGATGATAAACGGC,2539
ATAATAGACAACAAAC,2539
CTTCAAGCCTCAATGA,2539
GATAATACGCAAAACT,2539
GATAGCATACCATACT,2539
TTTACCGTCACTAAAA,2539
ACACCATCAAAGTCCA,2538
AGAGTCTAACTATTAT,2538
ATATCCATTTAGGCTT,2538
CCTATACGACTTTTAA,2538
GTATAACGTGAAGATT,2538
TGATAGAAAATTGATG,2538
TGTCTTAAATAATAAC,2538
AAGATGACGCAGAATT,2537
AATATAGGTATTCATA,2537
CCACATTATAGTACAA,2537
GAAACACAGTGCCTAT,2537
TAGAACGACGTTCCTG,2537
TCCATCTGGCGCGTGC,2537
AGTACTAACCGATTCA,2536
CACATTCAAGTTGTAT,2536
CACGAAGATCAAGTAA,2536
GAAAAGGTCACAAGAC,2536
GTAACCCACCAGATTC,2536
TCCGAAAGGATCCAAA,2536
ACATTCTAGCAAGGCT,2535
AGATAGTAACATTACT,2535
ATAAACCCACACATCA,2535
CATTGGAAACTAGACA,2535
CTCGCTTGAACCAGCG,2535
CTGGTCAATCCACCAG,2535
GGATTGTAAAATTGTA,2535
TAAACCAGAGACCCAC,2535
TCAAATAGAGGGCCAA,2535
TTAATAAACTGCCGAA,2535
AAATTTGTCCAATTGG,2534
AGAAAAACATTGTGGG,2534
CTAATCAGCCTTTACT,2534
GTATTTCACTAAGAAG,2534
TCGATAACGGCGTGGA,2534
TCTCAAAACCCGGGGA,2534
TTTCGTTGATCGAGGT,2534
AAAATTAACCCGATAA,2533
AGAAATGTTGAAACAC,2533
AGATCTAGAACTTTCC,2533
AGTGGTATAAAGACCT,2533
CCGATCAAGGCTTGCA,2533
GCAACAAAATATTACG,2533
GCCACGAGAAAGTACA,2533
AAGGGACTCATTCTAG,2532
CATGTACTTAACACGT,2532
AAATCAAATGGACCTC,2531
AATAAAAATTTGCCGT,2531
CCTCTAAGGGCAAGTT,2531
ATCCCCACCCGCCGAG,2530
GAACACTCTCGTTGCT,2530
GGCAAGTAAATTTGAA,2530
TATCCGTACAAGACTT,2530
AAGCCGGTACGAAGAC,2529
ACAGAGTGAACTTCGC,2529
GGTTCGTTAGTTTGCA,2529
GGTAACTTATATAATT,2528
AAAACCAAACCGGCAG,2527
AATAAGTTGGTAATAC,2527
ACATTAGGCTACAAAG,2527
GGTGCTACGAAATGCA,2527
TAAAACTATAAACAAT,2527
TGCAGTAAGTAATTAA,2527
TTCGCTAAAAGGGTGC,2527
CACCATAGATTAGGAA,2526
TAAGTATAACACAATT,2526
TTTCAAGTATTAGCAT,2526
ACAATGCACCGTAATT,2525
ACCAGCTTAATGATAC,2525
CCTCACCCGAAAATAG,2525
TTAAGATAAGGCTAAC,2525
ATGAGCGTCCGCATGT,2524
CTGGACCGGTGGGTTA,2524
GAATGAATAGCAACCT,2524
ACTATACTTGCTACCC,2523
ATAAACTCGGAGCATA,2523
CGATTGAATTCCAAAG,2523
CGGTCCGCGATATATC,2523
GAGAGGATGAAACCTA,2523
GATTCCCGCCCGACAT,2523
TCGCCCCGTTAAAGAA,2523
TTAGAAATACGGACTA,2523
CACGAGAAGACCATTT,2522
GACTAAATACACCAGC,2521
GGCCTACCTAGGGCAG,2521
GTATAATCGTATATAT,2521
TAAGAACGTTGTTTAT,2521
TTCCCCTCTTTCCACC,2521
TTGCTACAATATGGAC,2521
TTTAAACTTATAACGA,2521
CGCACTCTCAAAGGCA,2520
GAATCCCCCCTAAAAC,2520
GTAAACGGCAACAATA,2520
TATAACTGGAAGGCGA,2520
TGACAAAACCCCTAGT,2520
TTAAGTAGATAACTAT,2520
AAGACGTTTTGACATC,2519
CTCCCAAAACTTTACA,2519
CTAAACTGACACCTTC,2518
GAGGCAATATTGAACT,2518
GATAATGACTAATCAA,2518
GATTCCGTATAAAAGA,2518
AAAATACCAAGATTAC,2517
CAATTCACCAATTGTA,2517
CCGAAGGATACAAAAC,2517
CGGCCCATACGTACTG,2517
GCGTCCATAATTTCAA,2517
TTACCACCGCACAAAT,2517
TTTCAAAGGATGTAAA,2517
CAAACGATGCATATAC,2516
CCACGAAAAAATCAGC,2516
GGAGTCTAGATGCCTG,2516
TATCGACGGATAATTA,2516
AAATTGGAAGAGATAT,2515
AACTCCCCTTACACAT,2515
ACTAAGAACCATTATA,2515
ATAACAAGATGGTCAA,2515
ATAATAAAAATTTCAA,2515
GCGTTAAACTAAGTCG,2515
TACCGTGAATACACCA,2515
CGAAAGATGTCTGCAC,2514
GAATTGAAACAGTCGA,2514
GAGTTGAAAAGGGATA,2514
GGATGTTCAGTCGATT,2514
GGTTAAGATTATTTAT,2514
TAAATACTCACTAATG,2514
TCGGTTAGTGACAAGT,2514
AAACCGGAAAACTCTG,2513
ACTACTCTACAATGAG,2513
CAGTTTAAATTTTATG,2513
CGCTTTTTTATGAACC,2513
GGCTGATATTGTAATT,2513
GGTCGCCGCGACCCAG,2513
GTGAACAAACGTCGAC,2513
TACCTGCGTCCTTAGA,2513
TATCTGCTTATAACAC,2513
ACTCTTGCCAAAAGGG,2512
CCACATACGCTACACG,2512
AAAGGGCTCTTAGTGA,2511
ACAAGGCTTGCCGTAT,2511
ACCCAAACGGATGAAC,2511
AGGTAGAATTCTATTA,2511
ACTGAAATAATTAAGC,2510
GTGTGAGACCTTAATC,2510
TAGCAACGGGACGAAA,2510
AACAATCTGGCTTTAA,2509
AACGTTAATAGAATAC,2509
ATACAACCTTTCTTTA,2509
ATCTCTGTTGAGCTTT,2509
GATATGGCGCCCCTAA,2509
GTCAAGAGAATTAGAT,2509
CCTCCCTTGCGTTCTC,2508
GGTGTTAAAAGAGGAC,2508
TAAGGAATAAACCGAC,2508
TAATGAACTCAGCAGC,2508
AAACCTTGCTACAGTA,2507
ATTAAAGAAAACGGAT,2507
CTGCGAACCCACTAAG,2507
GCGGTTACGTTTAAAG,2507
ACCCATCCGTCCCCGT,2506
AGAGCTAATATAATAA,2506
AGGTGTCCCTATTTAC,2506
CAACCGGTTCAAAAAA,2506
TAGGAGAGAACAATAT,2506
CAAGCGTTGCCACCTC,2505
GCATCCTTACTATGAG,2505
GTGTTTTCTCTGACGC,2505
ACACAAAAAGTTCCGG,2504
ACTTAGATCATGAGGC,2504
ATGCTCAGGAATGTGA,2504
GCGAAGGAGTCGATCA,2504
TGATCTCCTTCACAGA,2504
AACCCTAGGCTGAACA,2503
ACTAAAGCGGGGACTG,2503
AGATGCTTTATGCAAC,2503
ATAATTGTTCTAATTT,2503
CCAGACTAAGGGTACC,2503
ACTTAAGTCATATACC,2502
ATTATAGATGAAAATA,2502
ATTTGCTATATGAAAA,2502
GAGCATTCAAGCAACC,2501
GCGTCCAGACAGATGT,2501
GTAAGAGCCGAGTCAT,2501
CTAATGTACCACCATA,2500
GTAATTGTGCAATAAA,2500
TATAATAGAAAAACAA,2500
AAAATAATTAGATGCG,2499
AAATGAGATTGCCACA,2499
CTCCAATAACCAACTG,2499
GCCAGGGTACACAGCT,2499
GGTAATGGCAACGGAC,2499
TCGACCCAAAAACGTA,2499
AACGTAAACGTTTTCC,2498
CACTGTTAGGATGGAA,2498
TAATCTGCGAATAAGT,2498
TGGATATCAGGGTGGC,2498
TTAGTGCTAAAGTCCA,2498
AGTTCAAATTGGCCCT,2497
ATACGTTAATACCTCC,2497
TCTTATGGAATCTTCT,2497
ACCTAAGGCACCGATC,2496
GGTAGGAAATCGGGCT,2496
AAAACTTAGGGCCACA,2495
ATGGTAATGCGTACAA,2495
TGTACTGGCAATAACG,2495
ACCATGAGTCCCATGC,2494
CAAGTCCTCAGAGACG,2494
CTTCAGCAACAAAATA,2494
TAATATCTTATAAAAG,2494
TTAGATCTGAAAAAGA,2494
TTCACAATTGAGTTCT,2494
CACATGATTGTCTAAT,2493
CTGCGCATAAGAGTGT,2493
CTGGCAGTACATCGGC,2493
GACTTGTGATCAATAT,2493
GCACAAAACCGCTGGA,2493
GGACGTTGACCTAATC,2493
TTAAAGGTCGCCAATC,2493
TTTATTGATCGGCGAA,2493
AGGAACTCGCACGAAA,2492
ATTATCGCCATAAGTT,2492
CAAAATGTTTACATAT,2492
CCGGTCAGGCTAGAAG,2492
TCCTGACCATGAAGTA,2492
TCTCCCACAAACAGCA,2492
TTTAGTTGCAACAATA,2492
CAATCATTTTTTAGCC,2491
TTAAACAAATAAGCAG,2491
AAGTATGCATTACAAA,2490
ACGACTTGTGAAGAAT,2490
GAATATAACAGATTTG,2490
CCCGAATAAAAACAAA,2489
CCTCTCACCTCGAAAG,2489
GCAATTTGATAAGAAT,2489
ATATCACAATAAGGGT,2488
TCATCTGGATGCTAAA,2488
TCCTCGAAATAGATAA,2488
TCTTGGACGCGGCCGT,2488
TGTTTATAGACCCACT,2488
TTACTCTAAATAGTTC,2488
TTTCAGCACGAACACA,2488
AAGTGCAAGTTAGGAA,2487
AATTATACAGTCAGAG,2487
ACGCTGGTATATATTG,2487
CAAGGGATAAACCTCT,2487
ACTCATTAGACAACAA,2486
ATTATATGAGACTCAG,2486
CTTGGTTAAAAACAAA,2486
GTGCATGCAAAAAGCA,2486
TACTAGTCTTAGCCCC,2486
CCAGGATTTAAGTGTA,2485
TCCTGTGCTAAGGATT,2485
TCTGCATTAGTACCAC,2485
TGAATGGTACCGACCA,2485
TTCTAAAGTGCACACT,2485
TTTAAGCCATGTCAAA,2485
ACAAAGAGATCCAGAC,2484
ACAGAATTAAACCCAG,2484
AGTTTACGATATAAGT,2484
ATTATGTGAGCGATAT,2484
GAAAAAAGAACTGAGT,2484
TGGACACAACTTAAGT,2484
CCCGTGCTAAAAATAC,2483
GAGAGTTTAGTTTCCT,2483
TACCCCGCGGGAATTG,2483
TAGAATATTAAAAATA,2483
TCTGCTGAACCGAACC,2483
TTTATACCCAGGATTG,2483
CCTTAAAACTACACGC,2482
GAAAACATTCTACCGC,2482
GCATAATTAATAGATC,2482
AGATGTGTTATCAAAA,2481
CCCCAGGGGCAGCAAC,2481
GAGACATACGATACAC,2481
TAAAGTAACTTAAGTT,2481
TCTAGAACCACAGACA,2481
AACAATGCAATAATAA,2480
TCATTGAGCCCTTCCG,2480
CCGACCCCAGCTTTGA,2479
CATACCTCGATTCCCG,2478
CCTTATTTTGCTCCCG,2478
CGAACTCAGTCACACT,2478
CTCTATATATAAATAT,2478
GACAGGAATAAGTTCC,2478
GACATATCCCCAGACA,2478
TACTACCTGCATTCTA,2478
TGTGGCTCAGCGCGAT,2478
AATAAGCCCGATGCTA,2477
TGTGGAGTAATAAAAT,2477
AAGAGAGAAAATGGGC,2476
ATATAAGCCACGCACT,2476
CCTGAAAGAACGCCTA,2476
GACAGATTGCTTGGGA,2476
TCTAGTCTGTATAGCT,2476
ACCCATTGAGTACCCT,2475
ATAAATTAACAATAAA,2475
CAATAACGAGAACAAA,2475
TTCCTTTTTCCGTCAA,2475
AATAAACCTTAGTGAA,2474
CAAAGAACTCAGAAAA,2474
CCAGAAACTAGCCAAC,2474
GGCAACGAACATAAGC,2474
ATAGACTACGGGATGT,2473
TGCCTAAAGTGAAATC,2473
TTTAATGGGTTTTTCA,2473
ATGGCTGGTAGACGAG,2472
CTAGAAAAGGATAATT,2472
TACTACCAGTAGATGG,2472
TCGTTGACGATCCTAT,2472
AGAGATTCGTAATAAC,2471
ATTTGAATTCCATTAT,2471
CGACCGCCAAACATGA,2471
CGGTATACAAACAACC,2471
GGCAAAAGTTAATGGA,2471
TAGGAGATCAATGATA,2471
TAGTACTTGTTACAAA,2471
AAAGAGATGCGACCTG,2470
AGATATAAGAGGGTGA,2470
ATCCCAATCAAAGGAG,2470
CAACCACCGAGCAAGA,2470
CACTACGTGTTAATAC,2470
CCAGCTCCTTACTCAA,2470
TAAATCTACGGACTAC,2470
TGATACTCTATGAGAC,2470
TGGGATATGGAAAACA,2470
AGGAAATCATGGATTA,2469
GATGAGTTCCTGAATA,2469
TGAGTGTCCAGTATTG,2469
AATTTTAAATAAGCCC,2468
AGAGCGATAGGCACAC,2468
CCTATAGAGCTCCTTA,2468
TACACTGAGCAGAGAA,2468
TTCAGAATACTAACAA,2468
CAAAAACACGAATACA,2467
CATAAAAGACGTTAGT,2467
GCAAAGCTAGCCACGC,2467
GCCTTCCTGATACCTG,2467
GTCACTCTACCTTAAC,2467
TACGAAACCTGGGAAA,2467
AAGGAAAACCCTTCTC,2466
GCATAATAGCTATATT,2466
GTCTAAAGAACAATTA,2466
AATTGCACCTCGGTAT,2465
GAAGTAACTGAGCATA,2465
GCGGATTGCATTAAAT,2465
GCTAAGTGACATCCTT,2465
GGTTCAGTCCAGTAAA,2465
TACCACCCAGTGGATA,2465
TATAGCCAATCTAATA,2464
TCGTATAACTTGGCAA,2464
TTTTGACCTGTCCCCA,2464
AAATTGAGGGAACGAA,2463
ACTAATGTCCTAATAA,2462
AGCTTATAACGATAAT,2462
CGTCACACAACCATAG,2462
TTATTATTAACACCGT,2462
TTGCGCACGTACGGAA,2462
AACGACAAACTGGCTA,2461
AAGAGTTTTACTCTGT,2461
ACAAGCAACGAAGGCT,2461
ATTGTCATTGTGCCGG,2461
TACACCCCCCAAGAAA,2461
TCGATCTCGTAATACA,2461
AAAATGCAGATAACGA,2460
AGATGCTTAAATCCAA,2460
AGTTTCACGACACAAT,2460
GCTATATAATTTACCA,2460
TCACGAAGAAACTTAA,2460
AAATAGAAAAAGAAAC,2459
AAGGTCAAGAATAAGT,2459
ACAATCGCAATATCGG,2459
CGCAGAACAATAACTC,2459
CGCATCCAATTTAGTC,2459
GCTAGCAATGCTGGTA,2459
TGATTTATCGTAAATC,2459
CTTAGCATGGCAAGAC,2458
AACGCTACCTATACAA,2457
ACACATAGATCGGCCG,2457
ACTGTAACGAGTCGCC,2457
GAAGCTGAATATTAAA,2457
GTGCTGGCACGACCTT,2457
TAACTTACGCTATTAC,2457
AGATAAGAACATTCCC,2456
CGATCACAATCAAAAC,2456
CTAACACGAGTCACAC,2456
TTACTAAAAGGCGACG,2456
CACTGGATGTGCATAA,2455
GATGTAATCAGTAGTG,2455
TCTTAGCTAAATGCTA,2455
TTCAAACCGCATCATC,2455
ATAACAAGCAGACATC,2454
GAAGCTCTACCGCATG,2454
GAGTATTAAAACCGCA,2454
TCTTAGAAACACTCGT,2454
TTGCCTATTCAAAACG,2454
TTGGACAAATGCGAAA,2454
TCACCCAGATGAATCC,2453
AAACCACGCTCTGCAT,2452
AAATAATCAGCCTTTT,2452
AAGGATTAACGCTAAT,2452
AGCCCGACTAAAGCGC,2452
ATTAGTAACAGTTGCT,2452
CAGAACACTCCTTAAT,2452
CAGTATAATAATGCCG,2452
AAATAGGGGTAAAATA,2451
AATTACCCCATAAAAT,2451
ATTCAGACCCCGGCAG,2451
CATATGAGCAACGGTT,2451
CGCAAATCAAACTTTG,2451
CTCTTAACATTGTATG,2451
GAGATGTAATTGGTTA,2451
GCTCAGCTCCCCGCGT,2451
TCTAAGCAACGGACAA,2451
AAATACAATAGCAGTA,2450
TGGAATATCAAAAATG,2450
CCGCTAGTCCAACGAA,2449
GAGATGGGCATACCGA,2449
GATCTAATAGGAAAGG,2449
TGGAAAAGCACCCGTT,2449
TTATTCTAAACGAGCT,2449
TTGCGCCAAACAGCCG,2449
CCCGCCGGTAAAATAA,2448
CCTGAAATCCACATCA,2448
CTTGAAATATCAGATG,2448
TAGACTCTGAGATGAA,2448
TCGGGACGAAAGCGCT,2448
TCGGGCCTACCTTTTG,2448
CACGTTAAACTCTAGT,2447
CGAAACATAATATAGC,2447
GACAGAGTATAATGTA,2447
ATTTAAGTTGGCACAG,2446
CCTACATCGCATCCGT,2446
CGACAGTGACACACTT,2446
TAAAGGAGTAAAATGA,2446
TTCAACAAAATCGTCC,2446
AATTAGACGATCAGTG,2445
ACGGTACTTGTATACC,2445
CTAAATTCCCATAGCT,2445
GCGGCTCGTCTGGAGT,2445
TATAAAATTGCTAAAT,2445
TCATTAGGGAACAAAA,2445
ATAATTAAGCAACCGT,2444
ACAGAACTACTAAGCC,2443
CAAGGAGGCAAGGATT,2443
CAGTTGTCCCAAAACT,2443
CCATTGGGGAACTACC,2443
GATACACTTATTAACA,2443
TCCATACGCATCTAGT,2443
TGATTCCTATCCAATC,2443
TTCTCTTCGCCCAGGT,2443
ACCTAATAACAAGATT,2442
CGAGCCAGGCCACGAC,2442
AGAAGCCCATTGAATT,2441
AGCATTTGAATTTCTC,2441
CAGTCCCCACCACTAA,2441
CCACGTCAGGGCAATT,2441
GGCTGTATTAAATGTC,2441
GTACCCTACCTTGATC,2441
TATAAAACCCATGCGC,2441
TGTAGCTTTGTCCTAT,2441
TTACGCAGGGAACTCT,2441
AGATCACATACTCCAA,2440
GGAAAAGATGTTAGGC,2440
ACCGAGTTTACTCCGT,2439
AGTTCAGCACAAGTGC,2439
ATATAAAAAACTGAAG,2439
ATGTTAAAAAAAATCT,2439
CACATGCGACGTATCA,2439
CCTCTATATAGTATTC,2439
CTGGTTATCATAACCA,2439
CTTAGTTAATTAAGCG,2439
GACATCAAAAAAAGGA,2439
GCATTCCTACAAAGCT,2439
GTGTGATACTCTTTAC,2439
AAGGTCAACAAATACG,2438
ATGCTACAACATCAAG,2438
GTGGCATATAACCGCG,2438
TCTTTAGCTTGAATAC,2438
TTGGCTAAACCCTCAT,2438
AACCGACCGCGGACGT,2437
AAGTCCGAAAATAGGT,2437
ATAACCATATCTTACC,2437
CATGGTAGAAACTATC,2437
CATTAATGAAAATTTC,2437
CATTATTCGGACCTAA,2437
GACTGAAAATAAACTT,2437
TAACAAAAAAAACAGT,2437
TACATCGCTTTTCGCT,2437
TTTTTCATTCTTCCGC,2437
AAATTATCCATCTAAA,2436
AATTTACTCACGACTA,2436
ACAAACATATCACAAT,2436
ATTTATTCTGACCATG,2436
CTACGAAGACTCAAAA,2436
GACCGGGAGCCTGTCT,2436
AAGCAAACTAATACAT,2435
AATGGTGTGCATTCCA,2435
AGTCTATCCCGACAGT,2435
CAACCCACCGAAACGC,2435
TCCCACGTTATACCGA,2435
AACTCTTAGAATCGAG,2434
AAGCTGCCTAGTATAC,2434
CAGTAAATTCAGGTGA,2434
GAACCATATTAAACTC,2434
TCTACGACTAAGCATA,2434
TGAGTAAATCCACGAA,2434
TTTAACCGCTGGCCTA,2434
AAAATAATTAAGGAGG,2433
AAACCACAATACCTTT,2433
AATGTAATGCAATAGG,2433
ATTGGCAAAACTCATG,2433
CACGAACGGGCAGGTC,2433
CAGGCGGGCCAGTATC,2433
CTGACTATTTAATAAC,2433
GGACCTTCTTTGAAGG,2433
AATCATTATAAAGACG,2432
ACTAAACCCAAAATCA,2432
TTTCGTATAACTCCCG,2432
AAAGGAGAGACCTATG,2431
ATTAATCTGTGAACAG,2431
GAAATAGTTTACGTAG,2431
GACCGAGCGTAGCCAA,2431
GCTGTGCCTTGTGATA,2431
GTAATTCTTTGACAAG,2431
GTGGCGCGTACAAGCT,2431
GAAAACAAAATGACGG,2430
GAACCTACAAGTTAAC,2430
TGATATAGATTAAAGG,2430
AAAATAGATGATATAC,2429
CATAAAAAAAACTGAA,2429
CCAACAACTGTACCAA,2429
CCAAGATCTTCATTAA,2429
TCGTAACTATAATTAT,2429
CTGAGACACCCGATCA,2428
GAAGGAAATTTCTCTA,2428
TCATGTGTTCCTGATC,2428
TGATGAACACATTAAA,2428
CACGGTTTATAAAGTT,2427
CAGAGCTAATTCATCA,2427
CCACCCCACTGACAAA,2427
TATTCAAAAATAATCG,2426
ACAGGCACCGGGGCTT,2425
ATGTAAAGGTGGGTTA,2425
CAACGTTCACAACCTT,2425
CTCCTACTAGCAAATA,2425
GATCTCCCGATGGCAC,2425
GGTAGCCATCGGTGCC,2425
ACCTTTACACACGACA,2424
GTTGTAAAACAATCAC,2424
TACTATGGCAACACAC,2424
TGGCAAAACTGCAATT,2424
TGTTGTATACTAAGCA,2424
AACATACGACCGACTA,2423
ACAAATCGTTGTATTC,2423
ATGCCCCACTGCACCC,2423
GCAAAGACAGCATGCC,2423
GCTGAGGCCATGAAAA,2423
AACGAACGTCATAATA,2422
AATTATACACAGCATT,2422
CAACGCGTATGCTTCC,2422
CATAAGGAAGAGATTA,2422
ATGCTCATTAGATCCA,2421
CAGAATACCATGAAAA,2421
CCTACCGATGTAAAAT,2421
TATCACAGAAATCAGC,2421
TCTTAATGTCTTGATT,2421
TGAGCAGCTTAAAACT,2421
ATACGGACTTCAGACG,2420
CAGTGAGGCCTAGTAC,2420
GAGATGAGAAAAATAT,2420
TTGACACATGGTGAGG,2420
ATAACACTGAGCCCAA,2419
ATAGCCCCTATTAACC,2419
ATGCACTGAACTATCT,2419
GACCTGACATTCGCAA,2419
ACAATGAATTAGTCAA,2418
CCGTCGCACTGAAGAA,2418
TCAACCATTTGCCTCG,2418
TCTCGAATACCGAGGA,2418
GCACAGTTCGAATCGT,2417
GTTGTAAGACCTCTCC,2417
TCCGAGGCTCTACGAC,2417
ACAACAATTATCATAG,2416
ACATTGCCTTCTGGAT,2416
GTGACGAAGGAGAAAG,2416
TTAATGACCACCCAAG,2416
CAACCTAACCTAGCCA,2415
TCCACGTTAATGGAAA,2415
AACCGTTCGTGGGCTA,2414
ACATAGGCAACCTACC,2414
ACCGCCCTTACAATTT,2414
TTGCGTCTTAAAAGAC,2414
AACCAACCGTAGAATC,2413
AGAAATATAAAGGTCC,2413
CATCAATCTCCAATGA,2413
GAGCTAGAGATTAACC,2413
TAACCCTGTACTGACC,2413
TATACGAAAAATAAAG,2413
TTCGCAAAAGATATCT,2413
ACACCACTCTTAGATA,2412
ACATAAAAGCGAGACT,2412
ATGAACTATTGAATCA,2412
GCAGAATTCTCTCGAG,2412
TTAATCCGGTATAGCA,2412
ACCTACTGACAATCGA,2411
AGGACCCAATGACTAG,2411
GTTTCTCCGGATGTAC,2411
TGCATCCGGAGCCGCA,2411
AAATTTATAAATAAAA,2410
AACTTAAAATTTGCTC,2410
ACCATCTAACACGATT,2410
AGCATCTTAGTCCTGT,2410
CCGTAAAATAATCATA,2410
GATTCAGAAGCTCAAG,2410
TAATATAGTGATCAAC,2410
TCTGTGAACATACATA,2410
TGGAACAATTCACTCC,2410
AATTTTATACATCAAT,2409
GAAATGTTTATTCGGA,2409
TAGTAAATGTTCTACC,2409
AATGCATTTATAAAAG,2408
ACGTTTTCAAGCAAAA,2408
CATAAATATATCTTAT,2408
CGATAATGTGACAACC,2408
TAAAGAAAAACAAGAA,2408
TGAGTTAATTTCAGTT,2408
ATGCGGTCGTATCGAT,2407
CTCCACATGGCATCCG,2407
TAAATCCCCGTCAGCA,2407
TACCCCCACATGACGA,2407
TACTGATCCTAATCAC,2407
TCCAGAGATCGCCTAT,2407
AAAGCCTACAGTATCC,2406
AAGAACGTAGTGCCAA,2406
GATGACGTTTTACGTG,2406
GCGGTCGAACTGAAGC,2406
TAAGTGAAAATAATCT,2406
CTAAATTACAATTACC,2405
GCCGTATTCATAACAA,2405
TGGCAAGATGCTGCCG,2405
GTAGTCAGTAAGAGGT,2404
TAACGTTCCAAGGATA,2404
TGCCGACCGACCGAAG,2404
TTTCTAAGTCTCTCTC,2404
CGAAAACCTGGTTCGA,2403
GCGTCTCGTATCGCTA,2403
ACGGCAACCAACCAAG,2402
TGGCCCTCCCGCTACA,2402
TGTAGATCGACGGCTG,2402
GAAGTGAAACTCTAGT,2401
TACAAGTTATCATATT,2401
TCCTGAAAAAAAAATC,2401
AGGTTGAAACAGTAAA,2400
CAAATTTGCTTGACAC,2400
CAAGAATTGAAAAATA,2400
CATAAGAGGTTTGAGA,2400
GACTAAAGAAGGCAAT,2400
TAGAAAACCTAAGCGT,2400
TATTTTACACTTTACA,2400
TACCCGGTCTTCATAT,2399
TTCATAAACTTCAAAA,2399
TTTGTGTACTAGCTTT,2399
AATACACGTCCACACT,2398
ATGTGTAGCTTCGCTT,2398
CAACAGTAAAAATTCA,2398
CAAGCTCTAAGGGTTA,2398
GACTGAATACACAGTA,2398
GGCGTACACGAGGGGA,2398
TATTGCCATCTAAAGG,2398
ACAAAGTTATGTACTC,2397
CCCTAATTCATACCAA,2397
CGTGATTGATGCATGA,2397
CTGTCGATATTCAACT,2397
GAACATACAACTAGAT,2397
GCGAGTACAATACCTA,2397
CACACAGTATAAATTA,2396
CTAGATACAAGTAAGC,2396
GCGCCACTTTAGCAAC,2396
GTGATTGTTGCCAGGG,2396
TCGTTTATAAAACACG,2396
TTCGGATGGCATAAAT,2396
GGCCGATGTGATAAAC,2395
GTCCTATGAAATAGTT,2395
AAAAGGTCTTCAGTTT,2394
AAATAATACAGACAAT,2394
AATCTCGAGCGCAATT,2394
ATAGGTATAATACATG,2394
ATTTCCCCGCCACGCT,2394
CTAATATGCAACATAG,2394
TATCTCTATTTAGTTA,2394
AAAAAGTGCCTAATAA,2393
CACAATACCTACTAAG,2393
CCATATCACAGTACAA,2393
CCGACATAAGTTGATG,2393
CTTATTGGGGCATTGA,2393
TACGTTAACTAAACCA,2393
TGTGTAAAACTCATAC,2393
AACACCCAGCTCGATA,2392
ACCTTTGTAATACTTG,2392
CACAGACTATGAGAAT,2392
AAATTGTTAAAAGTGC,2391
ACCTCGCGTTTGTCAC,2391
AGAATCGGTCACACCG,2391
GAATTAGCTCTGAATC,2391
GAGTGTCCTAAAACAG,2391
GATGCAAGAAGTGTCC,2391
GCCGTACCGCATTGAT,2391
TAGCGATTCATCCTAA,2391
AAATAGGTAGTGGAAC,2390
AAGGCGACCCAAACGA,2390
CACATAGAACCGTAGG,2390
CAGCGTAGATTGGAGC,2390
CTAAATAAACCTTGTG,2390
ATCAAAAGAACCTATT,2389
CAAAGAGTGTCCCTAC,2389
GGACCTCGAAATGATT,2389
TCCATTGTCAATTAAA,2389
TGCAGACCAAAATAAT,2389
AAATCTAGCGTTACAT,2388
AGGCGTTGAGTTATCC,2388
GGTACTTTAGTTTATA,2388
CACCTTTGAATCCGAT,2387
CTAATTCAAAAAGAAG,2387
CTTCACAAACTACTCT,2387
GAAAAGACACAAGTGC,2387
TTAACTGACCAACAGA,2387
CCCTTCGGCAAGTAAA,2386
GTTAAAGAATTGTCAA,2386
TTTTTTTGGTTACAAG,2386
CTCATAAACTTCTTTA,2385
GTGTGCCACGCACTAA,2385
TGACAGGAGCAGCTAA,2385
CAAGTTAATGTGGACC,2384
GATTATCTTTACAAAC,2384
GCTATTACAAGAATCC,2384
TAGAGACGTTTTCTGA,2384
TGTCGTATTGCCAGTT,2384
AACCCGAATCCTGAAC,2383
ACGGATTTGACAGCTA,2383
CAATCCTGTTAACGAT,2383
CGAGGCATGCTCTTTC,2383
TTGACAATGTTTTAAA,2383
AGTAAGTCAGACTATC,2382
CATCCGTATATATCAA,2382
GTAGCCCTCCTTGACC,2382
ACCAGCGCAATAGTCC,2381
AGGACAGGCGGGGCTT,2381
ATAATATAAAGCTATC,2381
GACCTCGATCTGTGAT,2381
GCCTGAGGACGCTACA,2381
AAACCCCCGAACGATT,2380
ATACGAACGGTCTTGG,2380
ATGTGATTACTTGCCC,2380
AAACGTACCCAACCTG,2379
AAATACTTGATCGTAC,2379
AACATCAATCGAAAGA,2379
AGATTGCTAAATGCCA,2379
TAGTTCAACTCTGGTT,2379
TCAACATTTCACGTGT,2379
ACCCCACCAATAATAC,2378
GCGGAAAGTGACACGC,2378
CATGTTTCAGAAGCCC,2377
CCATTATTGATGTTAC,2377
CGATACGCATAGAAAA,2377
CTCGAGTCATTCGCAA,2377
TAAACGTTTAAAAAAA,2377
TTAATAACCGAAAGGA,2377
AAATTAAATAACGAAC,2376
AACGTTTCATGGGTAA,2376
ATTCTAGAACACTATA,2376
CAGCCAGATACTCCTT,2376
CCAGCTAATAATACCA,2376
TACCGTCAGAGGCACC,2376
TTCTTGTACCTGGCCT,2376
AAAACAAAAAATAACC,2375
AAACTACATTGTAGCC,2375
ACTGCTCAGCTAACAA,2375
CGTGAATTAGCCTACA,2375
CTATGGATGAATAATG,2375
GAGGACCACAAGCGAC,2375
GCAGGCCTGTCATAGC,2375
GCTTCCATGATAATAC,2375
TAGAATATTTGATCAG,2375
ACTGGATCAAATGGAC,2374
AGACCTAGAGAAAGCC,2374
AGCATCGTATTGACAA,2374
AGCCTTAGCCAACCCC,2374
CACCATAGTAGGAAAT,2374
GAGTATACAGTTTACA,2374
TAAAATTGTATTGCTA,2374
TAGATAGCTTATTCCG,2374
TTTACACTCCTGAGAA,2374
AAACCGAGCCAACGTT,2373
ACCCTTGAATTTAATA,2373
CTAAACGAAACCGAGG,2373
TAAACCGTCCAAAAAG,2373
TATATGAGCTGGGGCA,2373
TTAAAAGTACCATCCC,2373
ATAGTGCCTTATACTA,2372
CATACACACTCTAAGG,2372
AATTGGCTAGCTCAGG,2371
CAGAAGCAAAAACGAC,2371
CTCGCTGGAAGCAGGA,2371
GACACCACATGATTTG,2371
TTATCAGTAATCAATC,2371
ACTAAGCTTAGGATCA,2370
ATTTCTTGTAAAATCA,2370
GGAAAGTTTCCTAATA,2370
GTATTAAATACAGGAT,2370
TATTACGAAAATACTG,2370
AACGATCGCTTATAAA,2369
CACCCGACTAAGTGAT,2369
TATTATCCTCTTAAAA,2369
AGCGGATACCATTGTA,2368
GGCCTGCTATGAAGCA,2368
ACACATAGCTATTCTT,2367
AGTAAAGACACACAAG,2367
CCAAACACGTATTTAA,2367
CGCACAATAAATCGAC,2367
TACCAAGAACTGGTTA,2367
AACCCTGTTGCAGCAG,2366
ACCTCCATTGTGCCCA,2366
CAATAAAACCGGAAAA,2366
GTGAGGATTGTAAAGC,2366
TACTGTCCCCAATAAA,2366
TAGGGCCCGGACCACG,2366
AAGGAGATGTTCAGTT,2365
AGGTAAAGCGTTCCGA,2365
ATCAGAACTTACAGTT,2365
CAAGGTCGCGATCGCC,2365
CATATGCTGCAAATGA,2365
ATAACTCAAACCCGCC,2364
CTTCTTTGTAATTGCC,2364
GTTACGCGCTGGTAAC,2364
TAGTACGTATACCGAT,2364
TTATAACAAGTGTATC,2364
ATGTATTACTAAAAAA,2363
GAATCTTCAAGGCATG,2363
GGGAAGGAATTTACTT,2363
TATTTAAATGGAAGGT,2363
CAAAGAGCTGATGCCA,2362
GAAACGTATGAAAGAG,2362
GAATAAGTTCGTGATC,2362
TAATTAGGCGAACCCT,2362
TCCAAGAACTATGCCC,2362
TCGCGAAGCTTATCAT,2362
TGTTGACGAAACTTAC,2362
AAGGATCGGGGACCAA,2361
AATGAGCGACGTACAA,2361
GAAGGAACAGGTATCC,2361
GATGGCACTGCCATAA,2361
ACCGCACCCTAGGTTC,2360
AGGACACAACATTTTG,2360
TACGCATCTAATCGTA,2360
TTTCCAGTAGACGTGG,2360
CAACATAGTACATCCA,2359
CATCAAATATACAATT,2359
AACTTTTCAGTTAAGA,2358
AAGCATAAATACTGAC,2358
AAGTAAAGTTAACCAA,2358
ACAAATGGATGACATT,2358
AGTCACTAAAGCAGAT,2358
ATAAGAGCACAAACAA,2358
GAAAATAATCGAGGAA,2358
AATATCTCCAGAAGTA,2357
AATGTTGGAGCTGAGG,2357
ACCACTTAGCTAGACG,2357
CCACAGAAAGTCTAGG,2357
CTACAAATAGTAATGA,2357
GGCTACATCTGGTGCC,2357
AAGTCCTATAACAAAT,2356
ACGATCGAGCACTAGA,2356
ATGGGCTAAAGCGTTT,2356
CCTTACCAAGTAGGAG,2356
CGAAATGGCTAATACT,2356
TAAAATGGGTCGTATC,2356
TGAGCGACAGGAATCT,2356
ACATAAATAGTGGCAC,2355
CATTGTCGCTTTTCAC,2355
CTCAACTATGGAATAA,2355
GAAATTTATAGTATCA,2355
GATGAACCATATCCAA,2355
GCATAAGACAAAGACC,2355
TTTGGTTCTCGACAAC,2355
ACAGCGAAGATTAATA,2354
ATAGTAAACCTCGGTC,2354
TATGCCAGTTCCAACG,2354
TCTTTATTTGTATTTA,2354
AACACGAATTATTCGA,2353
ACAAGCAATGACGAAA,2353
CATAGGACGTTCCTGC,2353
CATCTAAGAAGAGAAT,2353
CCCGAAACCGCGACTA,2353
GAGCTCAGTCAATAGT,2353
TCAAGAAAAGGCCAAA,2353
TCCCAATGATTGACCC,2353
ACCGACAGAAATCCCA,2352
ATATGAATGGAGGGGG,2352
AAGCGGCCTATGCAAT,2351
AGCAGCAAAATGAACG,2351
ATCCCGAGTACGATGT,2351
CCTTCCAGAGTAACAG,2351
CTAAGTCATTCTATAG,2351
GAAAAACAACATTTAC,2351
GCTCAATAACGCACCG,2351
TGCCGTCTGATGTCAA,2351
AAACGTAAAACCTAGA,2350
AACGCAATATCTCCAA,2350
ATGTTGACCTGACTTA,2350
GAATGGGTTTCCCCTG,2350
GGTAAATGTGATTAAA,2350
TCCATAACATAAAATC,2350
AAGGAACTAAAATTTC,2349
ATCGTAAAACTACTTA,2349
GAACTAGTGCCAGCAT,2349
GGACAATACCTCCGGA,2349
GTGACCAATACGTGTG,2349
AAACGAAAGACTTCGT,2348
AAACGCCCACGCCCTT,2348
ATTCAATTGCGAAATT,2348
CTGTAAAACATATAAA,2348
AAAAGGACCGTCCAAC,2347
ACCGAACGCCCAAACA,2347
CGCTAGCAGCCCAACC,2347
GATTGAACCTGGACCG,2347
GCAAATAACTTGTATC,2347
AACAAATCAAACACCA,2346
AACACCCCACCAAGAT,2346
ACTAGTCCACATTTTT,2346
CGACAAGTCATCGAAA,2346
CTTACAATCGCGGCTA,2346
GCATCAGTATGTGCGT,2346
TTTGCGGCAACCGTAC,2346
AATACAAAGTACTCAC,2345
ACCAAACTATCCCGTA,2345
ACCCCGTGACACAAGA,2345
AGATAGAAAGTAGACC,2345
CACGGTTGTACTCCGA,2345
CTCGATAACAGGGTTG,2345
CTCTAATAATGAAATA,2345
GCAAACAAACTAGTAA,2345
AAAATACAAGAAGAAA,2344
ATAATTATAATGACCA,2344
CAAACCAACCCCGTAA,2344
CTGCACTGAAATTGAA,2344
GACAATCATTGTCACA,2344
GAGGGGATACAGAGTC,2344
GCCGCGGAGCCAAGCA,2344
AAACCTTAAATCCCGC,2343
CAATCGTAAAGGAAGA,2343
GAGCGAACCGAATTGA,2343
TAGAAAACAAAACTAT,2343
AACGCTCAATTGATAC,2342
TAAACTAAACGGAATT,2342
AATGACTTAACACGAG,2341
ACTTCCAGTACCCGTA,2341
ATGTACAGCTGAAAAA,2341
CAACAAAATAGACCAT,2341
CTCATAAGCAGTTTGA,2341
TAAGGAGGAATTCGAC,2341
CACCTGAGAAAATTAT,2340
GAAAAGTATATTTTGC,2340
GCAAGCTCAAATTACA,2340
GTAACCAGAAGAGTAA,2340
TCAAGAGAAAAACCTA,2340
AGAACCTGCCCTATGA,2339
ATAGACTTCGCAAAAG,2339
TAAAAATCAGGACGAC,2339
AACTGCAGCGGTTAAC,2338
ATGATCCCAATTACAC,2338
CTGCAGGAGCAACAGT,2338
CTTCCTATACAAACTC,2338
GGTAATATCCTTTCTG,2338
GGTTCAGAACGGAATG,2338
TGACCCTCCAATTTAT,2338
AATTCATCATAATGCT,2337
ACAAGGGACACCAAGT,2337
CCGTTACCTGGAGAAG,2337
GCAGAGCAACCAAAAC,2337
GGTAACTCCACCTTGA,2337
ACAGAACAAGTGAGAA,2336
ACGAACGAAGTACATA,2336
CCTTGTCTAGATTCCA,2336
CGTATAATTAGAGCAA,2336
CTTTGCAATAGAAAAG,2336
TCCGGATTACGGCAAT,2336
ACCTCTCAGCATCTAT,2335
ACTGAAAAACGTTGTT,2335
CCGAGACTACTAACGC,2335
TTCAAACCATCATTTG,2335
ACTGTATGCAAACAAT,2334
ACTTTGATCAAGGAGA,2334
ATCAAAAGATTTAATA,2334
CTCCGCCAGGAGGCAA,2334
TGGGCGAGGCTAACCG,2334
AATCAGTTGATTGTAA,2333
ATGCGAACGGGGACCG,2333
CACACGACAAAAAAAA,2333
CGAGAGATTTGTGTTC,2333
CGGATACCATCGTACT,2333
AAGAAAATAACACAGG,2332
ACAAGCGTGGTAATCT,2332
ATGTTTCTGACGAGTC,2332
CCAATTTTGTATATGG,2332
CCTACGCAATCTAAAC,2332
TGCTTCAGACCGTAGA,2332
TTTGACAGGTTTGTTA,2332
AACACGACCAATATGC,2331
GCACTTTGTATATTCA,2331
GCAGAAGAACTAATCC,2331
ACTCCGACAGTGATTT,2330
AGGATTCAATGAAGCA,2330
ATGATTAGTATTGTGC,2330
AACGTGCGGAAGCATT,2329
AATATACAGATAATAC,2329
CACCCCGTGACTCTAA,2329
GAATTGGAAAAGCCAA,2329
GCATGACTCAGTCCGA,2329
GTAAACGAACGAAAAC,2329
AGGCCAACTCGATAAT,2328
GAACTACTACCCAATA,2328
GCATGCGAAGTAAACA,2328
ACAGACTAGTGACAGA,2327
ACCCTTGCAAGGTAAT,2327
CAACACGATACATAGC,2327
TAAATAGAACACTTGT,2327
TAGCAAGACGCACTTC,2327
AAAGCTCTATAACTGT,2326
AACTCGCCCCCACACG,2326
ACTCATTAGTTAACTA,2326
AGCCAAAAAGGTAGTT,2326
AGTATAAAATGGCTCA,2326
ATTACGACCCGGACTT,2326
CAACGAGTCAAGTAAA,2326
CGTACAAAAGCGCTAA,2326
GAACATCTCATCCTTC,2326
TCCTAAGGCAAAATAG,2326
CCAACATGAAACAGCA,2325
TCTCGTGTCATCCATG,2325
TTTTGAATCCGGATAA,2325
AATATCGGGCTACGCC,2324
ATCAACAGACATACAA,2324
GATTCTAGGCAAATGG,2323
TGAGAAGCTACGCTCC,2323
TGATAATTTGAATACC,2323
TTGGAAACGACTGAGT,2323
AATGGTTACCAACACT,2322
ACCAGCACGAGAAAAC,2322
ACGGCAGTTAGCCTCA,2322
TTAAATACACCTACCC,2322
TTATGGGCGACTACTC,2322
ACGAACCTAATAGCCG,2321
ATCAAGAAATAGTCAT,2321
CCCGCAATATCTTACA,2321
CCGAGAACGAAACTCA,2321
CGTACATGATAAGTCA,2321
CTCTATTTCAAAAAGT,2321
GAGTGACAGATCTTAA,2321
GTCCTATACACAATAG,2321
TACCTACTGGCGACAC,2321
TAGATGAAACTCAATA,2321
TGATAATAGATGCCCG,2321
AAAGAAACCAAAAGTT,2320
AATAGCTAGACTTTTA,2320
ACAGATAATACTACGA,2320
ACCCGAATAGAACACG,2320
CAAGTGGAGCTAATTA,2320
CAATCGATCTCCGCAA,2320
CACATTAATGACTTAC,2320
TGTATCAGAAGGCAGT,2320
TTACAAGCTAACATAG,2320
ACCACTAAATATAAGA,2319
ATGCATACCTTAAGTC,2319
ATGTAATAGAAAATGC,2319
CCTGTACGTTTATGAA,2319
GAACATCCAGCGTACA,2319
TACCAACAAAAAACCG,2319
TCGCATTCAAACAAGA,2319
AGGCATGTCATTCTAA,2318
GTTAGCCGAATGCTAC,2318
TCAAGGATGAATATGC,2318
CCTCATTCAGGGTTGT,2317
CGAATACCATAACATA,2317
CTGAAGAAATGAAGAC,2317
GAATTGAGCTAATCTT,2317
TTACTCACCATTTTAG,2317
AAGTAAGATACCAGAC,2316
AGAAGGGAGGAAAACG,2316
ATAACCCACATCTATC,2316
CAAAGAGCCTGTCTCA,2316
GCTCTAATAAAACGAT,2316
AGTGATATCATTCCAA,2315
CCTGGTGTTACATGAC,2315
GAATATATGAATGTGT,2315
GCTGACCGCGCAGACT,2315
TTATAACCGACCTGCC,2315
CCCAAGACCTACATGA,2314
CCTATCAACAGACCGT,2314
GTAACCACTCTTAACA,2314
TAAAGAAAGGCACCAC,2314
ACTCGAGAAAAATCAA,2313
ATCTAATTGACCAGGT,2313
GGTAAAGGCCTCACGC,2313
ATATGCTAGGCACATC,2312
TAATCGTTAATTGTAC,2312
AATCGGTAAGATATAA,2311
ACCCTTAATAACTTAT,2311
AGCACAGAATAGCCAA,2311
ATTATCTACTGTAACG,2311
CAAAACTGCCATCTCG,2311
CAGTTACCTGGATACA,2311
GTCATACAGACGGAAG,2311
TAAAGCGTTTCCAACA,2311
TACAAGTTACCGACAG,2311
AACTGGCACCCTTTAG,2310
AGCAGTACATACCAAG,2310
AGCATTAAAACATCAG,2310
CGCCCTAGTAGAAGGA,2310
CTAACGGATAGAGTAA,2310
GACCTTATACGCAGTG,2310
TATTTGGACTGCGAGA,2310
TTCATTTGGCCACTCC,2310
CAGCAAAAACTAAACG,2309
CTATAACACGCCGGGC,2309
GAATGACGATTTCAGA,2309
GACCCCTTCAATAAAT,2309
TAACCTACACACCTCA,2309
TCCTGAGCACACGATA,2309
TTGATCCTCCCGAACA,2309
TTGCATTTGCGGATCA,2309
AACCAATTTCTCATGC,2308
AATTCAAAATCGAGTC,2308
ATCACGTGAGCAATGG,2308
CAGATCCGGACCTGGA,2308
CCCGAATGAAAAACCT,2308
CGAATGTCACTTGTAG,2308
GAATGTGTACTACGTG,2308
GAGGCCGCATTAGGTC,2308
GGCATGTCACTGGAGC,2308
TTTAACGAGAATCATC,2308
CCTGAACTGAATTTCC,2307
GATGGAGCTCACCAAG,2307
TAACTGCTGGTTGCAT,2307
TAATCCTGAGGTTATA,2307
TCGAACACGTACTAAT,2307
CCGACCAAGGGCATAG,2306
CTAAGGAAGATAAATC,2306
GAAAAGATACCGGTAA,2306
TCGATGCAAGACTTGA,2306
TTAAGAACTGATAACA,2306
CGTCTCAAAAAGGTGG,2305
GAATTCACCACGAAGA,2305
GACGAACTCTAAAATA,2305
GCAGCCAACAACAACC,2305
TGCATCGTCAGTGCAC,2305
TTCTGGTTAAAACCAG,2305
AAGTACTACCTGTATA,2304
ACTCGCACAACATGGA,2304
ATGACAACACCAAAAA,2304
CACGAATAGATCGTAG,2304
GGGGCAGGCACGTCGC,2304
GGTAGAGTTGAGTCGA,2304
GGTCCAATCGTAGGTT,2304
TATACAAAAAGACTAT,2304
AAAAGGCACCAAGGAA,2303
AAATTACACGCTATGA,2303
ACAAACCTGTGAGTGT,2303
CGATCAATTTACAAAT,2303
TCAAAATCGGCATGGA,2303
AATGAAACCAAAAAGC,2302
AATTCCAACCTTGAAA,2302
CAACGCCCCGTTTGAA,2302
CGGCCATCGCACACTG,2302
GATGACAATACCAGAA,2302
TAGATATTACTTAAAT,2302
TCCACTGATTAAATGG,2302
TCTGTAAAAATGAATA,2302
AACAGAAGTTTTGTAA,2301
ATACAATCAGGTTGCT,2301
CAAACTCAAATGCTCA,2301
CACCTCTTGAGATAAA,2301
CCCCCCAGTAATTTAT,2301
CCCGGGCTGTGAGGAT,2301
GAAATAGGTTATTCTA,2301
GACTACGTACATCCTG,2301
GCCACGATCACGTTCA,2301
TATTATAGGAAATCAT,2301
TTTAGCCTCCGACTCA,2301
AGACAACTTGCGGTCC,2300
CCCAAATTCAGCGGGT,2300
GATTGGCTCATAAATT,2300
GCTAAATGCGAATTTT,2300
TAAAAGTCAATATATG,2300
AATACTAATCAAAAGC,2299
ATAATCCTCCCCCAAC,2299
GAATGCATTCCTTCAG,2299
GACCGTTTATAACCAA,2299
TCCTGGCTAATCTAAC,2299
TCCTGTGTTACCAGAA,2299
AAACGTAATCCAAATG,2298
GGACAAAACTTAATTT,2298
GGACGATACACCGCGT,2298
GTTCGGAGCGGTTCAA,2298
TCCGATTCTCCAACTG,2298
TCTGTACCATAGGATA,2298
GAAATAGTACATTCAA,2297
GGATATCCCTGCTTAC,2297
TACGTCGCACCGAGGA,2297
TAGCCTAGGTCCTTGG,2297
CAAGAACTACCAGCTA,2296
GACCAACCAGATAACA,2296
GTGTATCAGAGGACTG,2296
TACACTGCCTAGTCAT,2296
AAAATGAGATGTCTAA,2295
AGCAGCCTGATTACTC,2295
CGTTTAGGTACCTATT,2295
CTTATTAAATACATGT,2295
TCATTGATACAGGGGA,2295
AGACAATTACACTTTA,2294
ATAATAGGTAGCCATG,2294
CAAATTGTCAGCGGTC,2294
TATTTTATAAAACATC,2294
CAACCATGGCCACAAA,2293
GCGCAAAACGGACCCA,2293
GTACTAGAGATTCCGA,2293
AATTAAGAGGATCACC,2292
AGTTTTAAAGAGGTGA,2292
CAACGAAAAATCTTCC,2292
GCAGTCAACTCTAGAG,2292
TCTAATGTCATAAACA,2292
TGGAACGGTTCAAAAC,2292
AAATGGTACTATACCC,2291
ACATAAGATCCTGATG,2291
ATATGGTCATGGGACG,2291
CAATTGAAAAAGCAGA,2291
GATCTTTGAAACCAAA,2291
GCTAATGAGAATATAT,2291
TCTTTGGTTTAATTAA,2291
AATACTGTGTAAATTA,2290
CAAGTTTTATGTTCGC,2290
TGAATGTCATTAAACT,2290
ATATACGAAGATATCG,2289
CTCGGAGGCCGGGCGA,2289
TACACAATGAATTAAC,2289
AACTATAAATCCAAAG,2288
AACTTTATGGTCGTCC,2288
CAAACATGCGTAAACC,2288
CAGCAACATGATCGAA,2288
CGACGCCACACAACGA,2288
GATTCTAATGAGATTC,2288
GTGGAAGCAAAGCATA,2288
AAACCAGTCATGTGCC,2287
AAGTGTTTACGACTAA,2287
ACATAGAAAAATATCC,2287
CAGCAACACCGCTATA,2287
CTTCTATAGCGAAATG,2287
TATCTTAATCCCAGGT,2287
CACTCGCACCAACCAC,2286
TCATCTGAAAAAAGCG,2286
AAAGGACGGGGTTACA,2285
CAATGTAGGCTAGACC,2285
GACTAAAATCAGGGTA,2285
GATAGGCAAACATGCG,2285
GATGCTGACTTGATCT,2285
TCCGAAGGTGAAGCGA,2285
TCTAGATTAACAAGAT,2285
TTAATCCTGATTTATA,2285
AAATTTTCTAGCACTA,2284
AAGCACTAAGAAAAAA,2284
AATCCGAACGAATAAA,2284
ACTCACCTTAGAATTT,2284
CTGGCACTGTCTAAAC,2284
CTTGACTTTCAGCTAT,2284
GACAATATCATCCGAG,2284
GAGAGATATAACAAAT,2284
GGGATAACCGATATCT,2284
AAAATCTCCCTACAAT,2283
ATATCAGGATTCTCGT,2283
ATGTTAACTTCGGGTG,2283
CAACACTCTCGGAGTC,2283
GAAAGATAATTCTGCA,2283
GTAAATAGTAAGAATA,2283
GTGGTTCCGTTTGCAT,2283
TGCTACGCAGCCCGAG,2283
AAGACAGTGAAGCAGA,2282
AAGCACATGATTATAA,2282
AATCCAGAGATAGGTA,2282
ACGTATAATATGATGA,2282
AGTTCGATCGCACGGA,2282
CTGATTCCCTAAAAAA,2282
AAGCATCTAAAGGTGA,2281
ACTCAAACCACGCTAA,2281
ACAGGGAGATTTATTA,2280
ATAACAGCCTCAACGT,2280
GCCGAACATCGAACAG,2280
TAAAGAGACTTAACCA,2280
AACAGAGCAGAAAATG,2279
ACATAGAACTAAAACG,2279
ACTCTGCATCGGGCCC,2279
ATTATGGAATACATCC,2279
CATAGGTCGTCTGACC,2279
CGTCCTAGCAATACAG,2279
CTCAGGCGCTACAAAT,2279
GAAAATAGGACAAATA,2279
TAAGCCATCCAGCCAA,2279
AGTCTAGATCTCCTAC,2278
CATTGCCGCTGTTAAA,2278
TGACGACCTGAAGGAG,2278
TGATAAACTGCTCTAT,2278
AAACCAGAGATACAAT,2277
ACAAGTTATCGTAAGC,2277
ATTAACTCGGAAAAGA,2277
CATCAGCCAATGAGCC,2277
CCACTCGAACGTCACC,2277
GCCTATTGACTATCTA,2277
GCCTGAAAACTATACA,2277
GGGCGTCTTCTCGGCA,2277
TAGTACGCAAGATATT,2277
TCCGTAACCGATTACA,2277
TGAACTCGGGGGTTGA,2277
ACTGTTATAGTTTTAA,2276
AGCGAACTAAAACATT,2276
CAAAACGGGTCAATAA,2276
CACGTAAACCCCCTCC,2276
CCGCAGGACAACCCTA,2276
GCTCAACCTAAATACA,2276
GTGAGACTGGAGTACT,2276
GTTTATCAAGGTCATG,2276
TAAAAAACACCACCTA,2276
ACTAGTCCGCGTAGAC,2275
AGACCGGATTCCTACT,2275
AGTACAAGAAATGGCT,2275
ATATTCGAGTTTAAGA,2275
CCCCCTCATACCAGTG,2275
CCTTGGGTTATGTGGA,2275
CGAATCAATTGACCAC,2275
CGCTCCCATTTACCAT,2275
CGGTTTAGACATGTCC,2275
GCGCAAGTAACTGATG,2275
GTCACCGTGCCGTCCA,2275
GTCTGAAATCAGCATT,2275
TCTGGAGAATCTTCAT,2275
AAATGATTAACGTATA,2274
ACCATGATAAGGTGTG,2274
TGTAGCGATTGACATA,2274
AAACGGGCCCACGATA,2273
AAATTCATAAACCACC,2273
ATACATGATCGAATCG,2273
CAAAGTTAGCTTAAAC,2273
CCTAAAAATCGCCTTC,2273
CTCCAATGCCTCTATG,2273
GATACATCTAGCAAGC,2273
GATTCAGGTCAAACTC,2273
GCAGGCGGGACAAAAG,2273
GTTATCATTCATATGA,2273
TCAACGTTTGGGCTTG,2273
TGAAAATAGGCACCTG,2273
TATTCATGATTTTCCG,2272
TGTGTCCGCACTACAC,2272
ACATTACCCAGTCCAT,2271
AGGATTATCATACATG,2271
ATATGGTGAATATATG,2271
CCCTCTCGCGCACACA,2271
TGACTAGCGAAATATT,2271
AATAATAAAATTAAAT,2270
ACAAAACATGGCTGTT,2270
AGACACCCAAACACCA,2270
AGTGTACAGAAAACAA,2270
ATCCGAAAAGTGGTAC,2270
CTCGTCAGCGCGTCCA,2270
TAATCGTATGATAAAT,2270
TTTATGTTCATCTATA,2270
ACCTATGCTACTCAGG,2269
ATGTCCGGACTACGAA,2269
ATTATACCTGATGAGT,2269
CGATCATTGAGTTTTA,2269
GAACCTTTACTTAGAA,2269
AAAGGCGCGAATTGAC,2268
AAATACCATGAACACA,2268
ACAATTGTAATGAAAA,2268
CAATCACCCTCTGGAA,2268
TCCACCCCTGCTATCA,2268
TTTACTGACCCTGTCT,2268
CAAAGCCACTATCGTG,2267
AAATACGTACACGACT,2266
AGATGTGGATACATTC,2265
AGCTGGCCAGAAACTA,2265
CATGAATGAAATAAGA,2265
CGCAGAATAAACTTAA,2265
CGTAGCCAATACACAT,2265
CTTTAGATGACACTGG,2265
GAGGAATGACATTAAA,2265
TAGTAATACTACCGAG,2265
TCCCCACATCGATCCA,2265
AAGCCAAAGCAGTAAC,2264
ACCGCATTCACATAAG,2264
ACGCGGCTTATCGCAC,2264
AGACATCTCTCAGACT,2264
GAAAGATGATAAATCT,2264
GACAGTCCCTCGTTTT,2264
TACCGACGACGCACCC,2264
TAGGCGGAGCAGCTAA,2264
TCATGATAATTAGAGG,2264
CCCCGAATTTGATAAT,2263
GATTCTATATAAGTGA,2263
GGCAGCGAGTCTCTTA,2263
AAGAGTATGTTTCATA,2262
CTTAAAACTGACACTG,2262
GCGCTAAACCCTCCAT,2262
TGAAGAGGGCTCAAAG,2262
TGCCCAATAAGACGAA,2262
AAAATACTCGGAAACA,2261
CACTATATGATCTCAG,2261
GAACAAATTATTAGCC,2261
TAAAGTCAATTTCACA,2261
TACCCTACATTGCATA,2261
TAGATCCGGATATTAA,2261
TGCTTTCATTAACTGT,2261
AATCATGTTGTGTGTC,2260
AATCGTTACGTTCACT,2260
TTCTTCACCTGAAAAA,2260
TTGCGGCTGAAAATCA,2260
ACAAACTCGGAATACA,2259
AGGGTATTAAATTAAG,2259
AATAACCTATACTGGA,2258
AGCAATTCGTGAACAA,2258
AGGGAATATAAACGAT,2258
AGTAACGTGGTCACAA,2258
CCCTTATCGACGTGTG,2258
GAATTTATCGTTAACG,2258
TGCATAAGCAGACTTC,2258
AGATACAAATACAAGA,2257
ATCACTACCCACACAA,2257
CCCTCAATGACTGCCA,2257
CGCCCATAATAAAGGC,2257
CGGTGGTTCGAAACCA,2257
GCATAATCAACGGCCA,2257
GGAATGTTATTAGTCC,2257
ACCAATATATACACAA,2256
ACTTTTACCAGGAAGT,2256
ATTAAAAAATAGCTGG,2256
CAAAACCAGCCGCCAA,2256
TAGGCACGGTTATGCA,2256
AACGTAAAACCTTAGC,2255
AACTTTGTTAAAAAAA,2255
ATAAAGCATATTGTTT,2255
CTAGATGGTTTTATTT,2255
TAACTACTTAATGATC,2255
TAATTCTAAGATCGGT,2255
TGGTTTTTAATATTTT,2255
ATAATAAACCATGTCC,2254
CAACTCGAGCGTCAAT,2254
CCATAACTTTCCATAC,2254
GCGGAGATGTACCAAA,2254
AAGTTTGTAACCCCTC,2253
ACTATAAGGCTACTGG,2253
AGCGGCACGGTCATAG,2253
AGTGCCCACTACTTAA,2253
CTGGTGAACTGGCATA,2253
AAATTAAAATACTGTT,2252
ACTGGTTACCTGATAT,2252
ACGGAATTGGAAGAGC,2251
ATACTAAATTGCCCAA,2251
CTTAGTCCGGGCAACA,2251
ACTCGACGGATGGCAC,2250
AGTACATCGTCAGGTT,2250
CACATAACTAATCGTA,2250
CCGTTGTATTAAAATG,2250
CGCATCCGCTAGAAGA,2250
GAGCTAATCAGACCAG,2250
GATGCTCGACAGAACA,2250
TAAAGTAAAATAGCCA,2250
TGGAGATCAATGCTCG,2250
AACTGGCACACCGCGG,2249
ACAAATATTATTTCTC,2249
ATTCGAAACAATCAAG,2249
CAGATAGCAAAAGGAA,2249
CCCAAAGAACTAAAAA,2249
CTCACAAAGGGACCTA,2249
GACGGGGCCCATAGAT,2249
GGAAACTTCTCTGCGA,2249
GTGCCGGCTTAAAAAA,2249
TACAAAAAGTAGGGGA,2249
GGATCTTTCAACAGGT,2248
TCATACACGAGATGAA,2248
TTAAATATGGAGATTT,2248
AACACCAACCCCACCA,2247
CAGGTTTTACTAACTT,2247
CCCTGTAACTCTAACT,2247
CGCAGATCACGCTAAT,2247
GTCGATGAAGCAAGAT,2247
TACCTTTACTACGCCC,2247
TATGACACTAAATACT,2247
AAAGGAGTAGAGCACT,2246
AGATCAGCGAGCGAGA,2246
ATACAAGAAGGCAATT,2246
TATCCTTGTGATAATA,2246
TCGTATATTAAAATGC,2246
AGGTTACGTTAAACTT,2245
ATACTGATTTTAAAAC,2245
CGAACACCTGAATCTT,2245
CTAACGTATTTACAAA,2245
GCAATGAATCGATCTA,2245
GCACCACACAAAAAAA,2245
TCGAACATAGCTACTT,2245
AAACCACATAAAAGTT,2244
ATAAATGTCGAGAAAA,2244
GACGAATGGACACAAC,2244
TACGCGTGACTCCAAC,2244
TTGAAAACTGAAAACA,2244
GGGGGCTCTACCACTT,2243
TAAAATCCGAATTGCG,2243
TGGCTGAGAGCCACAA,2243
TTCATAATGAGAAAAA,2243
ACGCTTAACCCAAAGA,2242
CAGGACACATTATATA,2242
GAATAATCATTCAACG,2242
GTATCCGGCGATCAAA,2242
AAGTTGCTTTCAATGA,2241
ACAAGCAATTATGCTT,2241
CCAACACGCTGTATTA,2241
CTGTGCATATCCAAAA,2241
GTAGAGGATTAGAAGA,2241
CCAAAGAGGCAGCCTA,2240
CCCCATGGTGAAACAA,2240
TACAGATTCAATGAGC,2240
TACCGTAAAGGATTCA,2240
TCTTGGTGTACTGTCT,2240
AAGAGACAATCGAAAG,2239
ATGCACGACGTGTCTT,2239
CATTTAAACCCTCAGT,2239
CCCACTAAATCAAGAC,2239
CGACGAACCAAAGCCT,2239
CTCACTCGGTTATAAA,2239
GCAAAACGTATGATTA,2239
TCTTTTAAATACACTC,2239
AAATGCGGAGGCGGTT,2238
AATAACCTTAGCTCCC,2238
ACGGAGATTCGCGCAA,2238
ATTAAAATCATTTCAC,2238
CTAGGTATACCCTCAA,2238
CTGTATACCCGATCAA,2238
TCTTACATCGGTGGAG,2238
AGATAGAACGACGCGA,2237
AGTATGTTTAGTATTA,2237
ATATAAGGGCTAAACA,2237
GATTAGAAATACGATT,2237
AATAACGTATCATAAA,2236
ACGTTAGGATGCCAAC,2236
ATATCACGGACGCTCA,2236
GAATGAACCGCAACTT,2236
GGCGCGATTAAAAAAC,2236
TAAGAAACGCAGGAAA,2236
TGATATACTAGGAACT,2236
TGCATCGAAAACATCG,2236
AATTCAAGAGTGTCAA,2235
ACAATAGGACAACTGA,2235
ACGGAAGATCTCTACA,2235
ACTTAATAGTCTACAT,2235
ATGTCTACAATCGTCT,2235
CCGGACCCAGCTGCGA,2235
AATACACAGTGGAGCG,2234
AGAATGCAAAGGCCAT,2234
ATACTTGCAACCTGTG,2234
CACAAAGGGTTTTCTT,2234
CAGAATGTGCTAAAAG,2234
CAGCTGAGTAGTTACC,2234
GATTGACACATATACA,2234
TTCATCAATAACATGC,2234
AACACCAACACGAACT,2233
ACACGTGCAGCATGAA,2233
ACCTGTTAAGTTTAGA,2233
AGGCTTTTAACAGGTA,2233
TGAACGCACAAGAGAT,2233
TGGTCCATAATAGGCA,2233
ATAACTATTTTGAAAT,2232
GCTATGAAACCCGGTG,2232
GGCACAAATCTACCAT,2232
GTAACAAAACACTAAT,2232
TCGCCTACCACAACAC,2232
TTCAGTAAGTAGCTAG,2232
AAAATAGTATGTCTGA,2231
AAATGTACTAGGACTA,2231
ACGTGACTAAGCCGTA,2231
CTTTTAAAGAGATTGG,2231
GCCTTGATTTCCTGTT,2231
TGATCTAGACTGGAAA,2231
TTACTCTGCAAGACGG,2231
AATAGGCCTGCCTAAT,2230
AATGATGCATCGCTGC,2230
AGCTGTTTCACGTAAA,2230
CAAGGAGATCTTTAAC,2230
CGGGTGCTGCCAATAA,2230
CTGCTAGGAGGCATGT,2230
TAAGCCGGAAGGTTCT,2230
CAACTTTCGGTTTTAG,2229
ACCTAAACACAAATAG,2228
GGAACCCGCCAGAAAA,2228
GGTAAACAACCATCAT,2228
GTAACGTATGCCAGCG,2228
GTCAGTTTCATCTGTA,2228
TAAAGCATAAATGATA,2228
TAGACACATCGAACTG,2228
TTACCAGACCCTATGA,2228
AAGAAGTCTTCTGCTC,2227
GAGAATTGACAATTGA,2227
TAAGGTTTTAAGGATA,2227
TACTTTCCTCTGCTGG,2227
AGCGGGGTCTTGTGTA,2226
CCCGTATATCAGATGG,2226
CCGGTAAACTCTTTCT,2226
CTTGAATTGATTCAGA,2226
GGCCAAGACTATACAT,2226
TCTTGCTTCCGAGTCC,2226
AAACTACTTAAACGTG,2225
ACATGAAACACAAAAA,2225
ACTGAACCCAGTCTTC,2225
ATCCACGATATTAAAA,2225
CACAGCCGAATATCTA,2225
CACAGGAGTATGTCAA,2225
CTGGGCTCCTCGAACA,2225
TTGAAAAACACTGATC,2225
ACCAGCCCACATACCA,2224
CACCAGTCTTGAAGTT,2224
GCAAGCTCTAATAGCG,2224
TTCCGCAGAAAACGGA,2224
AAAAAACCCAATATAA,2223
CGGCTCTTAAATAAGA,2223
GGAATGATTCCTCCAT,2223
GTCCTAGCTCCGAATC,2223
GTTGTGCTCAACCGAG,2223
AAGTTGCTAGACGGAA,2222
ACAGTCGCGAAGTCAC,2222
ACTCTATTCGATTTAA,2222
CATATCCCCCTCCGAA,2222
CGTCTACAAATAGTGT,2222
GGGTAATAGTATCTGG,2222
TAAATCAGCTAGAACA,2222
CATTGGCTACAGGACT,2221
GACGCGTATTAAAATA,2221
GTGCCACCAACGACGC,2221
TAGCCCCGCTTTACGT,2221
TCCAACTGGTACTTTT,2221
TCTATCACCTGCATTA,2221
AACCATCTCTTGCTAC,2220
ACTTCGACACTCGTAG,2220
ATCCCTAGACCTATCG,2220
ATGGATTGAGAATTCC,2220
CAAAGGGACTGGAAAA,2220
CCCGACAGTAAAGGTA,2220
CTAAGCAAGTTACGAT,2220
TAATCTACCATCTGCA,2220
TAGTAGTGTGTCACCA,2220
TCTTATGCAGCAAGAA,2220
CTTCAATATTGATACT,2219
GAAACCTCTCATTACA,2219
AGACAGAGATTAACCA,2218
ATCTCCCGTGCTAATA,2218
CACCAATACTGAGATG,2218
CCCCGTAAAGACACCG,2218
GTTGCTATCTATAGAT,2218
GTTGCTCGAGAGATAC,2218
TCTAAAAATAAAGGAT,2218
AACGTTACTAACGATG,2217
ACAAATGACCACACAC,2217
ATAATGAGTTTAAGAC,2217
CGGTAAAACGGACCCC,2217
GCAACTTGAAGTGACC,2217
GGAGAAAATTCGTTAA,2217
AAAAACGCTAGCTGCG,2216
AATTAAGAGGCTGCTC,2216
ACCGTAAAACATCTCC,2216
AGCACATCCATAGCCA,2216
CTTCCACTACGCTACA,2216
GAAACGCATATTCTAT,2216
TTAAGGCAGAAAATTG,2216
TTACTCCCTGTACAGC,2216
TTGTACCAATAGTAAT,2216
AGCCGCACCAAAATAA,2215
AGTGAACAATCGTTCT,2215
ATATTCTTGTGAAGAA,2215
CCCTTCCTGGCCAGTG,2215
CTATTGATAAAGATCA,2215
CTCTCAGCGAACATAA,2215
TCACCAACTCTAGGTA,2215
TCCATACCGCTGGGCC,2215
ACGCCTCACGTCAGGG,2214
ATTTTGTATATTTTTA,2214
CATAGACCAGACTAAG,2214
TAGACATACCACACAG,2214
TATAAGGCGTAAACTT,2214
TGGTCCACTCTGAGAA,2214
ATAATATAGGCTAGTA,2213
ATACCGTGGTAACCAC,2213
CGGAACCGAAACGAGC,2213
TCTGAACCCAAAAACT,2213
ACGTTGAGTTTTCCAT,2212
AGCTGACTGCTGTAAG,2212
CGAAGGACAAGCGTGG,2212
GACAACCGCAGTACGG,2212
GATCATCTATCCAAAC,2212
GTAGGTGCTTGATAAT,2212
TAAAAACATGAAAGAA,2212
CACAGCATAGTCAATG,2211
CACCATACCGCTAATG,2211
CTCAAGCTGATAAATT,2211
GACCCGCATGCATAAA,2211
GACTGTAGACAAGAAA,2211
ATAAATTACACACGAG,2210
GGATATCGGCTAAGGA,2210
GGTAGCTACCTACAGT,2210
TAATAGTGGATAAATA,2210
ACAACGCATTAAAATG,2209
AGCGCGAATAAAAAAA,2209
ATAAAAGATATACCAA,2209
ATACTTTGGGACTCTC,2209
GAAACAGACCGTTCTC,2209
TCTTATGGACGTTAAG,2209
TTGTGACGGATTGTTA,2209
AAAAGACAATTCATAT,2208
ACAGACAGTCACGCAA,2208
ATCCTTCAACAAAGAG,2208
CAATAGTAAATTGTAC,2208
CAGTGAACCGCTTTCC,2208
GAAACCGTGTTAAAAA,2208
GAAAGCACAGTAAAAT,2208
TGTACGGCATACCAGA,2208
AACTGAATGAATGACC,2207
CCTGCCCCACTCACAC,2207
GCATAAAGATATTTAT,2207
TAAAGTATGCATGGTG,2207
AAAATATATTATCTGG,2206
AAATGATTACTTCACG,2206
AGAACGAAAAAAAACA,2206
ATTGCAAAGAATCCTT,2206
TTCGTGACCCAGACAG,2206
ACGAATCCAATTAGAA,2205
AGATCCCAGAACTTAA,2205
AGGTAAGCAATGCCCA,2205
ATCAAAAACAGGTTGT,2205
ATTAAAATCGATCTTC,2205
CATGATGAAGGTTAGA,2205
GGATACGGCCTGTACC,2205
TTAGCATAATGTAGAA,2205
TTCTTATAAAACCCCC,2205
AAAACCTCCAGATATT,2204
AAGATAATATTTAAAG,2204
CAGGGCGACCCTTTAT,2204
CTACATAACTAGTGTA,2204
AAGTAGTAAGAGCTGC,2203
ATCCGCGCTTACTAAT,2203
CTACCAGTCTTACTTC,2203
ACAGCTTATCCCCGCA,2202
ACTACGCTACGATTAC,2202
GAGCGGAGCGGGTTTC,2202
GCGGAGAATAGCCATC,2202
TAACTTAGCACGATTG,2202
AAACGTAGACCTTTTA,2201
AAGCCCCTACATCGAT,2201
GTGAGGATTGACAAGC,2201
TTGTTATTGAAAAAAC,2201
AAAGACAGCCTAGTGG,2200
ATTGGGCCGGAGAATT,2200
CAAGTGAGAACAACTG,2200
CTAAGGTACCATATCC,2200
TCTCCCATACACGGTG,2200
ACTTTCTAGTAAATTA,2199
AGGGCGACGAATGTAT,2199
GTGTCTACCGCAACGC,2199
ACCTTACTCAACCAAA,2198
ATACAAGGTAGTTCGA,2198
ATTCAATCTTTCATTA,2198
GAAAGTAAGAAACCAA,2198
GCGGTTTCGAAACATC,2198
GTCATATCAATGCATT,2198
GTGAGATACCTGTCAA,2198
GTGTTTTCCGACACTA,2198
TTTCCAGGTTATTGCA,2198
AACGTTATAAATTACT,2197
AAGTCGTAGCAGACAA,2197
AGGAACGAGATATTAT,2197
CCTGGAAGTCTTTTAG,2197
GAAACAACATACGCGG,2197
GAGTCCACAACTTGAA,2197
GGCCTCTACTTACTAC,2197
GTGGAAGAATCTAAAC,2197
TCAATACCGACTAGAT,2197
TTAGCGACGTTCTGTA,2197
TTAGCTGGTGGGTCGA,2197
AAAACCATACAAGCAA,2196
AAACGATAGCGGACCC,2196
ACTTCGATTCAATATG,2196
ATACCGTAATTCTCAC,2196
ATGACATAACGTCATG,2196
ATTCAATGTGCCACAG,2196
CATGTAAATGAATAGG,2196
GCAACTGGGCCCGTTC,2196
TTATTTAACAGAATCT,2196
ACTGTTTCTAGATGTT,2195
AGTGTTACACATCTAT,2195
CTAATTTCATGAACCC,2195
GCTTACTACACCAACT,2195
GTTGACAGAGTTAAAA,2195
TTATATCGAAGGGCAA,2195
AATTCAGGAGATATAA,2194
ACATCCGCAGTTAGGG,2194
ACGATCGCAGACACGT,2194
CGAATGTCATAACCAT,2194
GTGACACGTAGCAAGT,2194
TGGCCTTAACACGCCG,2194
CAGGAAGTCCAGCCTA,2193
TCTCAAAAATATGATT,2193
TGGCAATTAAATCTTG,2193
ACCCACCCATTTATTA,2192
ACGTCAAGATATTAGT,2192
ATAACAAAGGACAAAA,2192
CTAACCCTCATCCCTT,2192
GAGAAAGACGACTGAG,2192
GCGAATGGACGAAGGT,2192
TAGGGGTTTTACCGCG,2192
AAATTATTCAACACAA,2191
CAACTGAAGAGGTACG,2191
GCCGTTTCAACAAGAT,2191
GCTGAAAACGGCCCGC,2191
GGGCACTTAACGAATA,2190
TTTCACATGGATCCAA,2190
AAGACCTCATATATGG,2189
ACAAGTCATAGGAAAT,2189
ACCAGCAAATAAGGAT,2189
ACGTCTCATATCCTTC,2189
CAAGGTACACTTTGTG,2189
CAGCTCACGGGTGTTA,2189
CGAGATGATCGATCCA,2189
GTCTGATCACTAACTG,2189
CTGAGTAATCGGCAAA,2188
TTTATATCATTATAAA,2188
AGGAAATGTATAGTTT,2187
CACCGGGTCTAATTCC,2187
CGCGTGATCTTACCGT,2187
TGCATTCATAAAGCTT,2187
TTAAATCGAGTAAAGT,2187
TTGATTTGTCCATAGG,2187
ACGCCACTTATAAGGT,2186
CCTAGTTACTAATCTT,2186
CGCCTTGCACTTACAC,2186
CGGTATCAGATCTCCG,2186
CTAACAGCAAATTCGC,2186
ACCCACGCAGCAACTT,2185
CAAGAGTGGCTGCTTT,2185
GATTTTCGACGCTCAT,2185
TATAAAAGATATAGAG,2185
AGATCGACCAAGAAAG,2184
ATAAGAGTAGAAAAGA,2184
CAACGCTCAATTCAGG,2184
GAATGAGGTATAGCAT,2184
TTCGATGCCGCACGCG,2184
ATACGCACTCTGTAAA,2183
CATATGAGACTCTGAA,2183
GAATTTTGGTCTAACG,2183
TACGCCAGGATAAGCT,2183
TATTAGAAGGACGGGA,2183
TCGCTCTATCAGAAGA,2183
TGAAAAATATCAAACA,2183
TGAGCTTAAAAAGAGT,2183
TGATTTTATAAGATCG,2183
CAAGGATCCCATTATA,2182
GGATTAAACAGACTGC,2182
TAAACCCCGTCTCGAA,2182
TATACTTGATCAGGTC,2182
ATTATAAAAGACTCTT,2181
CAACCCTTTTTACACC,2181
CTCGAGGACTGAACAC,2181
CTGGTACTGACAAACT,2181
GGCTGTTGCCTACATC,2181
ACTATCATCTTCCATT,2180
CATTACACAAAGTGAG,2180
CATTCATACTGAGTAC,2180
GGTCTCTAGTGATCCC,2180
TATGGCGACAGACGTA,2180
TGGCGAAAGATCATGT,2180
TTAGCTCGACCAACCA,2180
TTGTGTAAAACCCTAA,2180
AACTCACAACAAATCA,2179
AGGCTGTAACCAGGAC,2179
CTCAAACAAGAACTAG,2179
CTTATTAGGACGTAAC,2179
GAAACGTTAGGGAAGT,2179
TCATTATAGTAATCGC,2179
ATACGCATAAAGGAGC,2178
TGATATACCCTGTGAA,2178
TGGGCCGGCAACCCAC,2178
GGGCATTCCGGGCGTC,2177
GTTCGTACAATTATTT,2177
TAAAATAAATGTGTAA,2177
ACGGCATCTGGTTTCA,2176
CCCAGACTTGCCTTCA,2176
GAAATAGAACTTTCCC,2176
GCGGTAACTCATCTTC,2176
AAATTGCAACATAATC,2175
AAGCACTATATGTATA,2175
ACACAAAGCCCTACAA,2175
ATTAACCAGCGTTCTA,2175
CAGTATTAAGATTAAC,2175
GATGCAAAATCCGCAG,2175
GCAACTGTGGGTTCCT,2175
TATTTAGACACATATA,2175
AGAATATAGACGTGGC,2174
ATATTATTACTATGGC,2174
CTTGTTGCTCTGCCAG,2174
TAAAATAATTAGAACT,2174
AAATGCATAAAAACGT,2173
AAGCCGGAATCAAACC,2173
AAGGCTTCGTTATAAA,2173
AGCAATTAGTCCCATT,2173
TGCATAGAGCATACAG,2173
TGCATGTTAAAAACGA,2173
TTCAACAAACATCTTC,2173
ACAACGCAGATAAGAT,2172
ATAAACTCTCCTCCAG,2172
ATGATCAAACCCTTCC,2172
CAGCATTAAATAAAAC,2172
GACCTTTTATCTTGGG,2172
GATAAACATACAAGTC,2172
GATTGAGTACTGGATA,2172
TACACATACAAGTGGC,2172
AATCCGAACAATCCCA,2171
ATCGGTACTTCGCTGA,2171
CCGAAATCCTTCTGAC,2171
CGGTGATACGTTCATC,2171
GCATTGATCTTACACA,2171
TAAATCTCAGAACTTA,2171
TATTCATGGAAGTCGC,2171
TCTTAAGTTAAACACT,2171
TGTATGCTCAAGAAAA,2171
AGGTTGCAAATAAACA,2170
CCTTTCCAGCCTACAA,2170
GATACCTTTGTAAGAC,2170
GTAATCGAACACAGGA,2170
TAACACCTGATGGGTG,2170
TAGCACATAAAAGCTT,2170
TGCAAGACCTCAGATA,2170
TTAATGTCGCGTGCAA,2170
ACTAGTTTCTACGTAT,2169
CCACACCACCTACAAC,2169
TTTAGGAAAATCGACC,2169
AAGGTATACGAGGCTC,2168
AATAGGGTGTGCACAC,2168
GAAAACATAGGAGGGG,2168
GCGCAGAACTTATAGA,2168
GGAATATTGCCAGATT,2168
GTTAGATCAACCGGCG,2168
TATAAACTGGACCCAT,2168
TTTTTGCGGGAGTCGA,2168
AATGAAGTCACAAGCG,2167
ACGCGTATCAGATCCA,2167
AGAATTCTAGCCTAGA,2167
AGCCTCAGTAGTCAAT,2167
ATAGAATAGGCATGAG,2167
ATTACTTAAAAATAGG,2167
CATCCATAGAGAGGAC,2167
CCCCGGAAAAACAAAA,2167
CCGAGTTCATCTGAGG,2167
GCGGCGCGACAAAAGA,2167
TATAACAATACGGACA,2167
TCGAAAACGAGGACAC,2167
TGTACTGCCAGATTAT,2167
AATAAAAAGGTAAAGA,2166
CAAAAGATCTTAATCA,2166
CGCAAAGTACCCTAAA,2166
CTGAAGACGATATAAC,2166
TTAATGCTACGATAGA,2166
ACGGATAGCTCCAAAA,2165
CTCTGCCAATACATAT,2165
CTTCCAGACCTCCCTT,2165
GAAAAACATGATGACG,2165
TCACATCTTCTTAACT,2165
CTCGAGCCGAGGTCCA,2164
CTTAGAAATTACAATT,2164
TATAAAAATCTACTAG,2164
TGAAAAATTTAAAACT,2164
AGACAGTAATGTATTT,2163
CAAAGACGCTTACAAT,2163
CCTGAAAACTGGAGCA,2163
AAATTCTATATGAAAA,2162
AGGAGAAAAAATGCAA,2162
CTAGAGTTTTTACTTA,2162
GCTTTCGGTTAAAAAG,2162
TTGAAAACAACCTAAC,2162
ACCCCGAACACCGCGA,2161
AGCTTATCATCGCCAA,2161
CACTTTCGAAAAGCGT,2161
CTCATTCCGGAGAACA,2161
GCCGACAGATTTACAT,2161
AAGGGTCCAAGTATAC,2160
AAGTCAAAGCATATTG,2160
ATTAAGTAGAACAAAG,2160
CCCTGAATATACCCAT,2160
TAATCAATACTTATAA,2160
TCCCATACCAGTTGAA,2160
AAAATCTGGGCGCCCG,2159
AAACATTCATTTCCTA,2159
AAGATTATCACCTTTA,2159
GAAAATGATAACAATC,2159
TACGGAAATACTTTAC,2159
TCAGGTTCGTGAATTT,2159
TGCAATAAATGACACT,2159
AATTAATACATTTCAG,2158
ACAAGTATCTTCGCCA,2158
AGCACTTATAAAAATC,2158
CTGCCACTCAACAACA,2158
TACAATAACTCACAGT,2158
TGAACCGCTTATACAA,2158
ACTTAGTGGTATACCC,2157
TCAAGATCTGAAAAAG,2157
TTGAGAAACAGTGACA,2157
TTTATGGACGTGTAAA,2157
CATTAGTTGCAAACAG,2156
CCTATGAAATTATACC,2156
CGCATATATCCTTCTA,2156
ATATGTGTAAGACAGC,2155
ATGCCAAAGTGGCGGG,2155
CGTAAAAAACTCATTA,2155
GAATGTTAAACATCCC,2155
TAAAACATATCCAAGC,2155
TATCCATGGACCATGG,2155
AGTCACAGAATCGTTC,2154
CCGCTAAACATTGAGC,2154
GAACACCGACAAAAAA,2154
GACATCACACAGAACC,2154
TAGCAAACGAATTCCG,2154
TCGCAGAACACATTTT,2154
TGCGACCACCACCAAG,2154
TGGGACGCATCAAAGG,2154
AATACGATATTACAAA,2153
ACTCTCTCGCTAATCG,2153
CGAGCCCAAAGAAGAT,2153
CTACGTACCTATAAGC,2153
CTTTCAAACCTCACTT,2153
GATCCAGATATTGCAC,2153
GGACGAAGGGATTAGT,2153
AAGTGCATAATTAAAA,2152
ACTACTATACAAAAAC,2152
AGAGCGTTCCGCATAT,2152
CTCTGCTGACACAATT,2152
GAGCAGAAGTGACAAT,2152
GCTCCAGACCATCCGT,2152
GGAACCAGTAAAAACG,2152
AACGCATCAAAATACA,2151
ACATGCCGTATGTGCA,2151
CATGGTTATGCCTCAA,2151
CCGTAGTACAAAAGAT,2151
ACTACATAAACTTCGA,2150
ACTATAAGATTTGTAG,2150
AGTAGCCAAAGGGTAG,2150
ATGGCTACCTCTTTAG,2150
CTAGAACACGTAAAAG,2150
TACTGGCTAGGTCTAG,2150
TCTCTATATCTCATTG,2150
TGATAGAAAATTAATG,2150
AAGGGAAGGATAGCTA,2149
ATAAAAAGCTGAAAAA,2149
ATAATTCTACGATGAA,2149
GATCACAGAATAATAG,2149
GCATACTTGCTGTGGT,2149
GGAATCTATAATGCTG,2149
TCAAGTTAACATAACT,2149
TGTGCGGAACAGGGAT,2149
AACCGCCGCACAAGAC,2148
ACCCTGTTGCATTTCT,2148
ATTCAGTGCGCGTCAG,2148
CCTCCTCGACTGACCG,2148
TTAAAACAACGGTCTT,2148
TTTACATCGCAGCTGA,2148
AACAGACTAATCCCTT,2147
ACTAGCCACAACTTAT,2147
AGTCGCTATTACGCCA,2147
ATAAAGACCGTAGATT,2147
ATCTGTAACTGGAACC,2147
CCACAAAATGTTGTTA,2147
CGGACCCACTTGTGAT,2147
TCCTTTCTCGTTAACT,2147
AAAAAAAACATAAAAT,2146
AAATATATTTGAGAGG,2146
ACAAGCCAACATTCAG,2146
AGCTAGAAAGCTACGC,2146
CACCTAAAATCCGTCG,2146
GCTTAGACATCAAACG,2146
GTAAATCACCATGGAA,2146
AACTGGCTAATCGCAC,2145
CCAGTCACCTTAAATT,2145
GAAATATTGCTTAGTC,2145
GCTTTCGATGCATTAG,2145
GTTTTCTTAGGTACCC,2145
TCAATCTATATCACGT,2145
TGACTGTCGACCAGAG,2145
TGCTAGATAGCCATCC,2145
ACTCTATAATTGTCCT,2144
AGGCAAATACGTAATG,2144
CTAAACCCATTACATA,2144
CTTACTTGTGACGATC,2144
GCAGATTCTGTCTAGC,2144
TGTTCTTTGCCTAAGG,2144
CCGTTAAGTTTATACA,2143
ACAGGTCTTGAAGATC,2142
AGAGCATTTAAAAGTA,2142
AGGTAAATATACACCG,2142
TACAGTCAATTTCTCG,2142
AACTTGTGAACGCATC,2141
AAGAGCCCACAATTAC,2141
AGACTCATTTACTATA,2141
GACAATTTACTACGGC,2141
GATAGATACTGAAAAA,2141
TATATAGCGTCAACAA,2141
TATCAAAAGACACTAC,2141
AAAATATATGTAAAAT,2140
AAAATCTGAGTCCCTG,2140
AGTACATATGAAGTCA,2140
CCCAGCAACCATCAAG,2140
CGGAAGCAAAAATATA,2140
GGAACTAATGAATTTT,2140
GTACGACAGGCCACAA,2140
GTTCGACGGCATAAGA,2140
TATTTCACCTGAATAA,2140
AATTACCTACCCGCCA,2139
CTCCGAAGGCCCTTCT,2139
TAACCGGCAGCAAAGT,2139
CAATAAGTTAGCCGCG,2138
GTGCATCGAGATTATT,2138
TTGCACTCCGGGCTGA,2138
AGAATAAAAACAAAAA,2137
ATACTCCAATGATTAA,2137
CAACATAGTAATAATG,2137
CACATTACTGACAAGT,2137
CACTAGCAGAAGACCG,2137
GTCCAATAATAATCGT,2137
TGAAAAGCAATAGGAT,2137
TTCTATATGTAAGTTC,2137
AACGCCCATACTTGTC,2136
ACATTCGGATTAACTA,2136
ACGAAGACTAAGTCGT,2136
TATAAACAATATGCTC,2136
TGATCTACCCAGTACC,2136
CGATACCTTGAACCGG,2135
GTCTCGTTTTAGGACA,2135
TGTGTTGGTACTCCGT,2135
ACAGCAGGGCACACGG,2134
ATCACAGATAATCACA,2134
CTAAAGCGAATAATAA,2134
GTAATAAAATCAAAAT,2134
TAGTCAAGTCATATGA,2134
ACTAGTACTATGACAA,2133
AGCCAAGGAATACCAA,2133
AGCCAGGAAAAAAAGC,2133
CTCTGGTATAGACAAA,2133
CTGAACTTAGATTAAT,2133
TGACAGTCATGTGCAG,2133
AAGTACGGTAGTTCAC,2132
ACCCACGTACTAACTA,2132
CACTACTTGTCTAACA,2132
TAGGATAGCCTCGCAA,2132
AACGCTATACTAGACA,2131
AGAGCAACCAAATTTG,2131
TAAGAAGGAATATAAC,2131
AAAAAGGAAGACGTTT,2130
CAATTTGGTAATCTCC,2130
CCATTACTATGTTAGA,2130
GACCGGGGTACTGAAT,2130
TCGTTCGTACTTATTG,2130
ACAATATCAAAGTAAA,2129
CCAAAATTCTACATAC,2129
CCCGCGATCGGCACAT,2129
GACTATCGACATAATC,2129
TCGTAAGGAATCAGAT,2129
TCGTCGTAAGCGTGTA,2129
TTGCTGCAAACAGCCA,2129
AAAACAACCTGTCATA,2128
AATCCTAAAAGGTTGC,2128
ACACCTCCTTGTTAAA,2128
CATAGAACCATTTACT,2128
GATGATCAAGCAATGC,2128
GTCACGGTCAATCGAT,2128
TAAAGAACTACCGACC,2128
AATAATAGTTGCACAA,2127
AATGTCTTACACACAC,2127
ACAAAACAAAGCTTAA,2127
AGATCGGAGCCTATGA,2127
AGTATATACATCCTCC,2127
CCCAAGGTTAGTGATT,2127
GAACAGAGAAAGCCTA,2127
GTTGGTGCTAGTCCTA,2127
TATGTGCAAATAATCA,2127
TCTAGGAGGACAACGT,2127
AGATGTGTGATATCGG,2126
AGCGTATAAAACAGAC,2126
AGTTAAAATACACACT,2126
CAAACGCCACGCAAAA,2126
CATTGATTCGGTTTGT,2126
TCCTCACAAATATATG,2126
TGAACGTGCATGATGA,2126
ACACACCGAGCTCGGC,2125
CAATAGAGAGGGGTTC,2125
GACCCTACAACAACCG,2125
TAAAACACCAGGGCAC,2125
TAAAACTAAAGACTCG,2125
TAATAGGAGGGGGATA,2125
TATAGATCCAGAGACC,2125
ACACAATATAGCAAAA,2124
CGATTGCTAACGGTGT,2124
TACCCATCTATACCAT,2124
TAGTGATGGAGTACCA,2124
TATGCATACGAACTAA,2124
TTTAACAATTATAAAT,2124
AACACACTTAACTAAA,2123
AGCAACAGGACTGGGT,2123
CAGGCATACAGGAGGA,2123
CCCAACTTGGGACACA,2123
CGTCCACAATAAACAA,2123
TCGACCCGAGAAGCCA,2123
TTAGCTTCTCTATCGC,2123
CATGTACCGCCCTAAA,2122
CCTAAGCAAGCCGGAC,2122
GAAGACACGAAGAATT,2122
GGTCACCTGCTATCAG,2122
TTTTCCGAAAGCTTGT,2122
AAACGTACTCTAATTC,2121
GAGGAGACAAACCGGA,2121
GGATTCCCGACCATAG,2121
ATCGACAAGTCTTGCC,2120
GACAGTACATTCAGGG,2120
GACGAAACCAACCTAG,2120
GCACATCGTCACCCAA,2120
GTAAAAGCAAACTCGG,2120
TCAACACGTCTATAAA,2120
TTAGAGGAGGTCTTCA,2120
AAAGGACTAAACCTCG,2119
ATACTACTACGCCCAG,2119
ATATATCGAATATAAG,2119
GAAGCCAACAATTTTG,2119
GATTACCCGGCGAAAT,2119
GCCGGATGTAAGACCA,2119
AAAGAGATTTAAATCA,2118
ATAGAATGAAAACTCT,2118
GTCTTTTGACCAGAGA,2118
TCGACGGAACATACTG,2118
ACATCATACGTCAGAC,2117
ACCTTAATTAAGCACA,2117
AGATAAAATCACTGGA,2117
GGCGGGACAAATTCAC,2117
TAATGTCGACACCGAC,2117
TCGATAACCCAGAACC,2117
AAATGGAACGTTGTAC,2116
GATCTATAACAATGCA,2116
TCTGATGAACATCATG,2116
AATAAACCTCGACTTC,2115
AGTACAGTCCACCGAT,2115
ATGAAATACTTACAAA,2115
CTATTTGCTTAGCCAA,2115
GAAAGAGTTAAGAACA,2115
GACGTGGACGATCATT,2115
AAGCAAAAATCACCGC,2114
ACCAAAGGATCGGGGT,2114
ACTCTCATACTTATGA,2114
AGCCGTGCTTCGGATA,2114
CAATAACAGACTGACG,2114
CGCATTGTGGCGAAAT,2114
GAAACAATAGATTTGA,2114
TTCTTATAAGTGTAAC,2114
AGAGAGGCAGAGATTA,2113
CACACTATCAACAGCC,2113
CATAAACGCCCACTAA,2113
TGCCCCTTAACGGGAC,2113
TTCTAACCGGATGCAG,2113
AAATCGGGCGTCAATA,2112
AACATTTAATCTCAAC,2112
AATGAATGAGCCAACT,2112
ATAAACTACACCTAAG,2112
CATCGACGCCCTACAC,2112
TGAATCATCTATTATC,2112
TTCACGTCACATTAAA,2112
AATCTTCCACTAATAA,2111
ACATGGAGTTAGAATC,2111
AGTTAGTCATGAAGAA,2111
CAGACCCCCTTGTGAC,2111
GACACAAAACATTCGT,2111
GGAAAAAGTAAACGCC,2111
TTGTCAATTACGTTGA,2111
ACGGGCTCACGATCCT,2110
ATGATTGACAATTAAA,2110
CTCAATTACTCGTAGA,2110
GACCAATCCTTACTCC,2110
GTTTAATCGGGTCGAT,2110
TAATTAAACTATGTAC,2110
TAGACTTGGGATTTAG,2110
TGCTAACTTCCTAAAC,2110
AATGCTTACTAAAAAA,2109
ACCACAGATATTGCGT,2109
ATCACCCCACGGACGG,2109
ATGTAGGCTGAGGCCA,2109
ATTTCATGAGTAGTTG,2109
CAGATAGCTTTTTAGT,2109
AACGAAATAAAATTAA,2108
AGCACGTAGGTATCCA,2108
CATGCAGAGCCCCTAG,2108
CGGAGTGAGCCAAAGG,2108
CGGTTAATGCAACAGT,2108
GTGGATCACATATATA,2108
AAATATGACTCCCAGC,2107
AAGGGCATAGCGTATT,2107
AGATAATAACTATGAT,2107
ATGGACCCCTTCAAGG,2107
CACAGTCTCGCACCTG,2107
GAATGATCAGTATGTA,2107
GATAACTGGTGCCAGC,2107
GCAGATACAACTAGAG,2107
TATAGTGTGCCGGCAC,2107
TTCGTTAAGTGGCATC,2107
AGTTGACCAGGCAAAA,2106
CAGGTCCACTAGACTT,2106
GACTTCCTGTTGGTCA,2106
TACCTCGATGACCTGA,2106
TGACTCAAGCATAAAA,2106
ACGTCTTAATTATTAC,2105
AGAGAATTATTACGGA,2105
AGGGTTTTTCCTCATT,2105
ATATGTTAATACAAGC,2105
CCTAGCGGTATTACCA,2105
CGAAACCAAATAAATA,2105
GACCAGACAAGTTTAA,2105
TAGCTCAAGGTCGGGT,2105
TTAACGGTTCACCGCC,2105
AAAGAACAGACCGAAT,2104
CACCCGTATAATGAAA,2104
GACCCGAACTCGAAAA,2104
GTTAGAGACAAACCCA,2104
ATATGGTCAACTAACC,2103
CAAGTCCGCATGTGTA,2103
CCGGGTATCTCCACAG,2103
CTTGATAAAAGTGGAC,2103
CTTTAATCACAGAGTC,2103
GACGCGATACTAGAGA,2103
TCTATTTTAGGTGACC,2103
ACGGTAAGTTCTAAAT,2102
ACTGAGTGACAAACCA,2102
ATGATAAAAATTAAAT,2102
CAACGGAGTTTGAAAA,2102
GAAAGATTCATCCCAT,2102
GATAGCCCAGAGTGCC,2102
GGGATGGCTCATATAT,2102
TGATACTTATTCTTAC,2102
TGCAATCCTGAATAGA,2102
AATCATCGTATAAATC,2101
ACTCCCTGTACCTTGT,2101
CTCCCAGCCCTGCACA,2101
TCCGAGGACTATTATG,2101
AGCACTAATGACACGT,2100
ATGAACGCGAAAGCAC,2100
CACAATACAACCGTCC,2100
CGAGCGAAAAATGTAC,2100
GTTTATACTTGCTACA,2100
TAATAACTACTGTGCC,2100
TTTTAGATTGATGAAC,2100
AGGTATTACCCAAAAG,2099
ATTAACCACTCAATAT,2099
CAATTAATAACCCGGT,2099
CCGGTGATGTTCTTAC,2099
CGATATCAGTTCCCGA,2099
GAATTAAGCGTCCCTC,2099
GCGGTCAAGAAAGCTA,2099
TGAAGCTCCTTATTTG,2099
CAACTGGTACGCCAAC,2098
CAATAAAAAAAATAGA,2098
CTTTATACCCGAGGAA,2098
GATAAGTATTGCAATA,2098
GCATTCTCAATAGCGA,2098
GGGCTCCTCTGTTAAG,2098
AAAACCACTTCCCCGG,2097
ACCAATGTCATGGATT,2097
ACGAGAACTGCCGGTG,2097
AGGTAGGCTTCCGCCA,2097
ATAAAATACCACCCCA,2097
CAAGAAGCACAAGAAC,2097
CGAAAGATGGCAGCAA,2097
GATAACGTAAAGATAT,2097
GTGCACTGACACCGAT,2097
GTTTAATAAACCAATA,2097
TACTCTCTTTAAAGTA,2097
TAGCCTCATACAAAAA,2097
TGTTCAGCCTCAAGAA,2097
AGTCTTCGCTAACATC,2096
ATACAATGAAGGAAGG,2096
ATTGATCTCAGTCACA,2096
CCTATGTTGAAATAAG,2096
CGCCGGAAGATCTTTT,2096
GAGGCGCCAATGGCCT,2096
TGTAAACCCACAAGAC,2096
ATTCCATATAACACCT,2095
ATTTGATAAGACTCGG,2095
CCGATAACTGAAAATA,2095
CGAAAACTTTGTCCTC,2095
TCAGACTGCAAGGATT,2095
TCTAATGTAAGACGTT,2095
ACTCAAGACGTACCAA,2094
ATGGTTCGTAGAAATA,2094
CCCAATTGTTATTTAC,2094
CTTCCCCATCTAATGT,2094
GGAATGCAAGAAAATA,2094
GGGGACATTATAAAGT,2094
TATGAATTATTTCGAC,2094
TCTCGGTCACACCGTC,2094
AAAATAATCTGATAGG,2093
AACCAGATTTAGTTTT,2093
CTCGCTATAGCCTACT,2093
TACCGAGATGAAACGC,2093
TCATTTGGTTAGATGC,2093
TGACTAAGAAAGATAC,2093
CAAAACACCGCGAAGA,2092
GAATCGCCTATATTCA,2092
GGAAAGACACCACACC,2092
TCACACAATGCAACCG,2092
TGTATAATGGTCACAG,2092
TTCCACTAACAAACCG,2092
AAGTGAAGGACTCATA,2091
AGCACCCAGTCACAGG,2091
ATGACTTACACCTCTA,2091
CCTCCCTAAATTGAAT,2091
CTCGAAACGTTTGTGC,2091
GAAGGATGGGAACCAC,2091
GAGATAATAACTTAGC,2091
TCAAAGTAAAAGAAGG,2091
TCAATACCAACTTTCA,2091
ATCCATAATTATAACT,2090
CCGAAATGCGACAACA,2090
CGTACCTTACGGTGAA,2090
CTCCACATGAATCAAT,2090
GACCTTAATTGAGTCC,2090
GACGAATTATCTTTAC,2090
GAGTGGAGCGTTGATA,2090
TTGTCAACGAGTCATA,2090
ATCAACACCATAGCAT,2089
CCATCACATACGGATG,2089
GCTACCGTTAGTACGT,2089
GTATACATTTGATGAA,2089
TCCCACATACTAGAGA,2089
TCGCACAAAACGTTAA,2089
GAAATGATAGCTACCC,2088
GTACGCTAATCGGTTT,2088
GTGACCCATCTTAGAG,2088
TAATTACTACTTTTCG,2088
AACCCAAGCGCTGGAG,2087
ACCAACGTGTAGAAAA,2087
ATTATGTCAAAAGAAG,2087
GGAAGCCCCCAATGAT,2087
TAAACCTCTAAGCCAT,2087
TTAGCCTCGGGGTCCC,2087
AAAAATTATTATTGCT,2086
CTATATTTAGAGTGAG,2086
CTGGCTAAACGCGTTA,2086
TTAGCCCCATGGATAC,2086
AAACACAATCCATCAG,2085
AACAGAATAGTGGAAT,2085
ATCATAGATTCACAAA,2085
ATCCCTTCTCTAACAA,2085
CTTTCACACCGGCGAA,2085
GAACCAATAACAAAAA,2085
GGTGTGTAATTACGCG,2085
GTACAGTAAATAAGAA,2085
ACAACCGTTGATAATC,2084
AGGTAGATATAATAGC,2084
ATCTTTAACCATCAAT,2084
CCTACCCAAAAACTCA,2083
GCTACAGTATGTATTC,2083
GGAGTCATAACAAGAC,2083
TTAAGGCTTGGATTTT,2083
AAATCGAATAAAAAAA,2082
AACACGTTCCACCTAT,2082
AATCTACCATGATGAA,2082
ATTAATATCTATCACA,2082
CACAAAGCACGGCACT,2082
GCTTCCATCCTGCTAC,2082
TAATTAGAATAAAAGG,2082
TCTCGCGCTATGTAAC,2082
TGCAAAAAAACTAGAT,2082
AACTGGCGCATTTGCT,2081
CATTCACGGAATAGTA,2081
GACCTTTTTGTGCTCA,2081
GTATCACAAGGAACGC,2081
GTTAACCAATGAGACC,2081
TCACAGGGCTCAAAAG,2081
AACACGTTGGCACCGT,2080
AAGCAAGCCTTGTCCC,2080
AGATCAAAAATCACGC,2080
AGCCAGGATAAACATA,2080
AGCGAACCGATATCTA,2080
GTCCACAAAAAACAGA,2080
GTTGCGTCAACCTCTC,2080
AGCTAAACATAATCTA,2079
GACGGCAAGGCCTATA,2079
GATCAGACCAACTGAA,2079
TAACAAAATCGCAGGA,2079
TATAGAAGACTCACAA,2079
AATAATAGGACCACTA,2078
ACAGAAAAAGCCTAAG,2078
AGGGTGCTTTAATGAC,2078
ATGTACTAAATTGAAG,2078
CAGAAAATGAGTTAGT,2078
GAAAAAAAAGGAACAG,2078
GGTGTTCCCCAGTGCA,2078
TAAGTGAGAATACTTG,2078
TCAATTTTAGGAAGCC,2078
AGAACAAGAAGCGAGA,2077
CAACGTCGCAGCTTAT,2077
CGTAACCACGAACAAC,2077
CTAGAAAACGGATATC,2077
GTACATATAAAATCAA,2077
AAAACCGTTCAAATAA,2076
AACACATCAAAGGCAC,2076
ACCGCAGGACTCATTA,2076
ACTCAAGACCATGCAA,2076
AGAGTATTTATCAATT,2076
TGAGATAGTACGAAAA,2076
AAAATCAAGAGCTTCA,2075
AATTAAGAGTAACGTT,2075
ACCAGTAGACACACGT,2075
ATACTGTATTGACACA,2075
CGCTCTGAGTGAAAAA,2075
GAACCAATACAAGAGC,2075
GTTTTGTCTTGCACTT,2075
TCTACTGAAGAGGAAG,2075
TCTCGGTTGTTACCTA,2075
TTGAAGAGAGTCAACT,2075
ATGGCAGTCTCAATTA,2074
CAATACAAACTAAGGG,2074
GCCATTATTATAGTAA,2074
TAACCTGCTCAAACAT,2074
TCGGTCAACAAAAAGC,2074
AATATGATACCGCCTG,2073
ACACATCAGGTCTCAA,2073
ACTCAAAACCACTTCC,2073
ACTTCTAAAAGCAATA,2073
AGCCACAATATCTCGC,2073
GGAGAAGTTCAACATA,2073
TGCATTCCTGCACGCT,2073
TTATGGTGTCGGAACA,2073
AATCCGCTACCGAAGC,2072
ACACAGCCGTAAGATC,2072
AGAATAGGCAACAGAA,2072
ATTGGCGCGGGATAAG,2072
CCTAATTAGATACGCC,2072
TAGACTTCTATTCACT,2072
AAATGACTTTTAACAG,2071
ACGCTATTAAAAGCAA,2071
ATGGCGCGGCTCAAGA,2071
TAAATATGTGTACTAT,2071
TCCAGATATGGGCTGC,2071
TGAGCTTGCTTGATTC,2071
TGTGGCAATTAATGCA,2071
AACCCCTATAACAACA,2070
ACATAGTTGTACCATT,2070
AGACCATAAAAATATC,2070
CACCAAACAGAACTGA,2070
CCGACTTCTCGGTAAA,2070
CGGACAAACTACAATA,2070
GTACAGGTGGACTAAT,2070
TACCGCTGTGGTTCAA,2070
TTGGTATAGACAGTGT,2070
AAGCTAAACCATGCTT,2069
ATTATAGGTTCCATAA,2069
CAAGGAAGCCGCCTTA,2069
TTCCACGTTCTGCGTG,2069
AATAGTCCATATAGAA,2068
AATGCAATATCCACCC,2068
ATGCCAACAACTCCAG,2068
CAGGGGTCGCAACATT,2068
CGAAAAGAGTCTGTGT,2068
CGTAAATCCTACAGTC,2068
GTGAAGCCCCCGAAAA,2068
TAAAATAAATCACAAA,2068
TGTAGCATATCTCCTA,2068
TTCCAAGTGGAATGGA,2067
TTTCTAAAGTATTGAC,2067
AGCCTGGAGTAAGACC,2066
CCAATGGGAACACCAC,2066
GAAACCCTCTTCAACA,2066
TGACTGACATCTACAC,2066
TGGATACCAAACATAA,2066
ATACCGGTCAGATAAG,2065
TGGAGCTATTAAAGCA,2065
TTAGCGACATAATGTT,2065
TTTTCCATATGTCGTT,2065
AGCTTTATCGTTAAGC,2064
AGTTGTATCTCGTGAA,2064
ATGCAGACCATACCAA,2064
CCCAATGTTCAGTACT,2064
CCCGCTCCCAACCCCG,2064
CTCCGGTGAAAACAAG,2064
TTACTTCAAATTCGAT,2064
ACCCCCGTGATAAAGA,2063
ATCACGGAGTTCAAAG,2063
ATTCAAAAAAGGAACA,2063
CGGGCCACGAAACTGT,2063
TGCGGGTTTCCAAAAT,2063
AAAACTCCGAATACGA,2062
ACCAACAAACCTTAGA,2062
ACCTCGATACCTGATT,2062
AGTGAGTTAGCGGACG,2062
CAATGCGAGCTAAAAC,2062
CAGAACGATGCTACTA,2062
CCAGATACTATGTGTT,2062
CTATAAAAATGAATTA,2062
GATCCATTTACACATA,2062
GCCAAAATATGTTAGC,2062
GCGTTTGCACTGAAAT,2062
GGATTTGAAACAACTA,2062
AAACACGGAGTTTAGG,2061
AAATTCACATGAGCAG,2061
ACTCATTGATACCAAA,2061
TATACCTATTATAAAC,2061
TTCCATCACGGATGTC,2061
AGCCAAACTCAACGAA,2060
AACTGATATAAGGGTC,2059
AGATTGTAGGACAAAT,2059
CAGAATGTCTATCGGG,2059
CCTCGCACACATACGA,2059
CGACGTCGAATCAGCC,2059
GTGGTATTGAGAGAAA,2059
TAAGGCTAAGGTACAG,2059
TCGAGATCCATTGTAG,2059
TGACTCTATGAGTAAG,2059
TTACGATCGCAGACCA,2059
AACGGAGGCATAAAGC,2058
CTGCTGGTAGTAGACA,2058
GTGTAGACAATATGTG,2058
TGAACTAAAAAAATGA,2058
TGCAAACACAACGGGC,2058
ACATCGAATATCATCA,2057
ACTCATTCAACGATCC,2057
ATGCCTACTTACCGTC,2057
ATTTCTGTTACGCCAT,2057
GACCAAATAATATTTA,2057
GTGTATCGTGGTACAA,2057
TCGCGTGTAATAGGCC,2057
AAATATTCGTAAAGCT,2056
AGGCGAGGCTACATCC,2056
CATCCATACCAAGCAC,2056
CCAACTTTACTACTCA,2056
CCCCTGAAAACGGTTA,2056
CCCTAGATTCAGATAC,2056
CTCTTCCAAACTTCTA,2056
GAGGGTTACCTCCGCC,2056
TAATTATAGGAAACAA,2056
TGCCGAGAGGCTTTCA,2056
TTTGAGATATGCAACA,2056
AATGATGAGCCATAAT,2055
AGTTTGAAAACGTAAC,2055
ATACCTTCGACTTGCG,2055
CTATTGACTGCAAGGG,2055
GATATACTCACCATAT,2055
GCAACACAATTAGCGT,2055
AACGGTATGAGATCGT,2054
AAGATCAAGACTAAAG,2054
ACCAGCCTACAGTCTG,2054
ATGATTCATCGAAAGT,2054
GAAAAGGTCACATATC,2054
TTGCTAGGAGCTCAGC,2054
TTGGATCCGAGAGAGC,2054
ACCGGCCCTAATCTGT,2053
ATATATTAAAGATTAA,2053
CAAATACAAGAGGTGT,2053
CAGCAACGCAGGGGAA,2053
CGAACCATAATGTTAA,2053
GTAAAAAAATATTGGG,2053
TAACGAACACACACCA,2053
TATCGATGGCCATTAT,2053
TGATGACTGATAACTT,2053
TGTTGCACCCAATGGA,2053
AATCTTTGTCACACTA,2052
ACTAATTTTGAGACAA,2052
CCAAACATTATACGTA,2052
CTCACGGAACAGGAGT,2052
CTTACTGAACGTTGCA,2052
TGTACCCCTAGGGTGC,2052
TTGCAGCAAATTATAT,2052
ACGCATCCCTCATTTT,2051
AGCAAGACATGTATTC,2051
CAAAAATTTTACGATT,2051
GAGTACATATTAATCA,2051
TAAAATTATATCATAC,2051
TATCTAGGTAAAACTT,2051
AAAAAGTTAGTAAAGA,2050
AACACAAGCTAACCCA,2050
AAGCACCGATATGACT,2050
AATAATATAAGAAGCG,2050
AGAGGAGCATTATTAT,2050
AGCAATACATGACTCA,2050
CAATGAGGACCGCTCT,2050
CACGCCCCCTTACACC,2050
CTAAGGTCCGGTTCAA,2050
CTCAAGTAATTAGTGC,2050
CTTTAACAGACTGGAA,2050
TCAACTGAACTAGGAT,2050
AAATTGGACCACAAAC,2049
ACAGTTAACAAGAACC,2049
ACTTAGTAGTCCCAAT,2049
GATTGGGTATAAAGAG,2049
TATCAATGATAAATAT,2049
TTAACGAGTCTAACAC,2049
ACGAACAATAAACGAT,2048
CATGTCGAAGAGGAAA,2048
GAAGGTAAAAAGAAAT,2048
GTCGCCTATTCAGCCA,2048
AAAACAGTACAAACTA,2047
AACAAATAAAAAAAGA,2047
AACCCAAAAAAATTTC,2047
ACCTCCCCAGTTACAG,2047
AGGGGAAAACGCATTT,2047
AGTCCAGTTCCAACTA,2047
ATAACACCACACCCTC,2047
CAAAGCCCAGATGAAA,2047
CCCATCTTCAGAGATT,2047
CGAGTCTCTCCCATGA,2047
GTACCATGAAGAACTC,2047
TACAAACTTCCAAAAT,2047
CATACAATAGTACACA,2046
TTTATCTAATTACGAT,2046
AAATGTCGAACAGACA,2045
CAGACACGTAATGAAA,2045
GTCAATGTTAAAAATA,2045
ACGTTTACTCTGTGCA,2044
ATAATCCATCTAACAA,2044
ATACTGCAACACTAGG,2044
CCTAAATTTCTAAACT,2044
CTCAATACGCAAATAC,2044
CTTCACGTCATTACAA,2044
TTGCTAGGGCAAACAC,2044
AGATAAAACTTCATTC,2043
ATCCAAGCCCTCTCTA,2043
CAATTAGTTTGGCAAG,2043
CATATACTTAGACCAA,2043
GCAATATATAGACGAT,2043
GTAAAAACTGATACAA,2043
GTCTGCACGTTTTTCA,2043
TAAGGAAGGACCCCTG,2043
TCAATAACACATCCGC,2043
TCACTCCTTCACGATT,2043
TTAAAACATTAGATCT,2043
AACTTGATAATCCCGA,2042
AGTGACAATACAGTTG,2042
ATTGCCTACTCATGAC,2042
CATTAAAGCCCAACTA,2042
TCTTTAGAGCTACATC,2042
AGACAGCGCTATTCTC,2041
ATTTACAATTCATCGT,2041
CCTGAGATGCTATAAC,2041
GAGTCACATCATAAGA,2041
GTCTAGAAAGGATAAA,2041
TAAAAAAAACGGCGTA,2041
AAGCTGGTGACCAGAT,2040
ACACAACATGGTCCCA,2040
CATGGACACCAAAGTG,2040
CCAAAACTGGAAAATT,2040
CCCGTATGACAAACAA,2040
GAAAAGGCAGATACAT,2040
GCGCAATAAAAATAAG,2040
GTGAACATTACGTCGC,2040
TAAAAAGAATCATAAA,2040
AGATCTGACAGCATTG,2039
ATATCAACAACACTAG,2039
CGAATACCCAGACTTT,2039
GCAGCGAGTCTTGCTA,2039
GTACAGGCAGTGCAAT,2039
GTCGACTCCGAAACAG,2039
TAAGGCATAAGATTAC,2039
AATGCCCTAAATGGAC,2038
ACCAACGATCCGGTCT,2038
ACTTCTGCCATAGCGA,2038
CTGCACTTTGCTCCGA,2038
TTATCTAGCATAGCTA,2038
AAAGCAGGCCAGAATG,2037
AATAGAGCTAACAGTA,2037
AGCAAAGTATAATTTA,2037
ATTTAAAAAAGGTTAC,2037
CCCGTAATCATGCGTC,2037
CGCTCTTCAAAATTAC,2037
GTACTTCCCCTAGACA,2037
AACAAATTACGAGGGC,2036
ACGTGTCAACTAGAGA,2036
AGGATTATGGGTTATA,2036
ATGACTTGCGACTGCA,2036
AACCTGACTCAACACC,2035
CCCAGCCAATTGTCGA,2035
GACATATTTCATACTA,2035
GTAAAAGGAATCAAAC,2035
TTAATACGTGCAATTT,2035
AATGGGTAATGATACA,2034
CCATACAGAGCCAGCC,2034
GGTGAGAACTGCGAAT,2034
AAACACCCTCACGACC,2033
ACGTACTCCACCAAGC,2033
AGACCGAAAAAGTAGA,2033
ATAAATTAGCGTTCAG,2033
ATCTGAAGTAAGCGAA,2033
CCTTTAGACATCGATG,2033
CGATTCACTACTTCAT,2033
CGGCTTGCGCTACCAT,2033
CTGTGCTAATAATCGT,2033
CTTACAACAAAATAAG,2033
TAAATTATGGTACTCA,2033
TAGAATACAAGCTCAC,2033
TTGAGTGTCAGCAGAC,2033
AACCAAGTATGTGAAC,2032
ATTCCATTGCAGCAAA,2032
CATAAGCAAAGATCAT,2032
CATCTATCGCATGATA,2032
GAAAGTTATCTTTCGT,2032
GACAAGAAGCACAACA,2032
TACAGGGATGGCACCA,2032
TCACAACATACAGCAA,2032
AAACCTTAATAACGCA,2031
CAGCCACTGAATGAAT,2031
CTTGGACGTAGCATTA,2031
GGTAAATGTACTTCAG,2031
ACGGTGTTAAGACGCT,2030
AGATAATTTCTAATAC,2030
CAAACCGTGACGGTAT,2030
CAACTAGTGGGTCCTC,2030
CAATGAAACGCTAAAC,2030
GGAAATTACATCGGCA,2030
TCCGACATTGTAACAG,2030
TGGAGACGAAAAGGGA,2030
AAGATAAAACCTATAG,2029
AATCAGACGAACGTCA,2029
AGATTAAGTCGCCAAA,2029
GAGTTCATAAATAGAC,2029
GCAATTAACAAAACCA,2029
ACAGTAATCCAGCGCT,2028
AGATTCAAAACTTACA,2028
ATTACACACATACGTT,2028
CGAGAAAACGACTAAC,2028
GAATCTATACTCATAC,2028
AACGGAAATATACGCT,2027
AAGGACGAAATACATT,2027
ACAATCAAATGCATGA,2027
AGACCAGGTTAAGGGC,2027
AGCCGGTCCAACATTA,2027
ATAAATGTGCTCATCC,2027
CATAGCCTATGTACGC,2027
GCCAAAACGGTATTAG,2027
GTGTCGTTTAATGGTT,2027
TGGGCTTAACTTCCTC,2027
TGTCAAAGAAAAAAAG,2027
TGTGTTATAGTCCAAC,2027
AAAGCATCCTTAATGT,2026
AACAGTTTAAACCTGA,2026
AGTCTGCTTAACCAGA,2026
GTCAGTCTATTGGCCA,2026
TGGGTTCACGCAGTTT,2026
CACACAAAGCAAAGTG,2025
TGTAACGTTAACAACC,2025
TTCATACCAACTTGGG,2025
AACCTGGGTCAAAAAC,2024
ACACGCAAAATGTGTA,2024
CCGTACCCGACACGAT,2024
CGCCGCTTGACTCTCA,2024
TAAATGTGTCTAAAAC,2024
TGACCGTCCTACCTCT,2024
AAATCAAATATTCACA,2023
AACCTTTGTAAGATAT,2023
AATAGAAAAGTAGAAT,2023
CCATGCCTAGAAGACA,2023
CTAACTTGTAAATTAA,2023
GAGACGTATTGTTGCA,2023
GAGGTACAAAAATCTC,2023
GTCTGATTGTAAAAGG,2023
TAATCCGAAATAAACT,2023
TCAATCTATCAATATA,2023
CCAGGATCCTAACAAT,2022
CGTATAAGTTGTGAGG,2022
GGAAGTGGAAAATCAA,2022
GGACGCATCGAAAATA,2022
AATTGTGTGTCTCCGA,2021
ACAACGAGTTTGAGAC,2021
ATCTTAAAAATCTGTA,2021
GAGGGTTAACGCCGTA,2021
TCCGCTCCTTTCGAGA,2021
AACATATATCTTATTC,2020
AAGCAACATATTACAA,2020
AGAGAAAGAAACACAG,2020
CCCGCCTGAGCGTAAT,2020
CGCGTTACTAGTACAG,2020
GACTTAACAGATTTGT,2020
GGTACCCAGCGTAACG,2020
GTTGCTGCATTACACA,2020
TAACTAGCACGGCTAA,2020
TACCTCCTTCGAGTCC,2020
TAGAAATGCTGGTTTT,2020
TAGTTCTTATAAAAAC,2020
AACTTTGAAATACTTA,2019
AGGCCGAGTCAATATA,2019
ATGATCCAACATATTA,2019
GTAAATTGAACGATCC,2019
GTGCGTTTATTCAAAT,2019
AATGAAAACAGTTTAT,2018
ACTAAGACGCATGACG,2018
ACTGGATGCCTTTCAA,2018
AGCAGAACAAGGTTGA,2018
AGTGGTTCCATTGACT,2018
ATACTCAATATACCTA,2018
CAAGAAGTTACGGCCT,2018
CCATGTTATACACCTA,2018
CCTCGCAAGGAATCCC,2018
CGTGGCACATCGACTT,2018
CTGAGAACGAGCTCGA,2018
GAACGACTTTACACAA,2018
TGTAACGCGCCTGAGT,2018
AGAAGAGCTTCTTTAC,2017
ATGTGAACGAGGTCAC,2017
CATACACAGAAGGTTA,2017
CGATATCATACATCCG,2017
CTCACGACCAGCTATT,2017
CTCGTAACAGTCACAG,2017
TCGTAATCAAGCATAC,2017
ATAAATAAGTGGATAT,2016
ATGGTTTATTGTTTCT,2016
CGTATGGTAAACGCAA,2016
GAAGGTGCGGGTCACC,2016
TTCTAACCTTAGTAAT,2016
AAAACCAGACAAGTTT,2015
ACGTTCCGCAAGTAGA,2015
ATTCTTGCACCTTGTA,2015
CAGCTATAATGTCGAA,2015
CAGTTAGCCAGTAACT,2015
TCTCACAAGCGATTTA,2015
TTCACGTACCTCGACT,2015
TAACGTAAATGATTGT,2014
AGGTCCTAAACTTTAA,2013
ATGCACATAATATGAG,2013
CAAGCCCTGAACGGTA,2013
CATTACTCTCTCAGAG,2013
GAAAGACGTTAAGCCT,2013
GATATGTGTATTACGA,2013
GTATCTGAAAGGCGAC,2013
TCATCTATCTAGGACA,2013
TTCTCTTACATTATCT,2013
AAACTAAATAACAGAA,2012
AAGTTATACTTTAGTG,2012
ACGAACAGCATCTAAA,2012
ACGGAAACCACCAGCG,2012
AGCGGATCTAGACGCC,2012
CAACGAGACCGCATGC,2012
CCTAAACTCCAAATGG,2012
TCTGGCATCCAAGATT,2012
TGATCCTGTGTATGAT,2012
AACTTGAAACCATAGA,2011
ACCTCATCTTCAATAA,2011
AGTGAGATAGCACTAA,2011
ATTAGCAGAACCCTGG,2011
CAAGATGTTGCAAAAC,2011
CTAAAGTTTACTTTTG,2011
AAAACTAAAACATATA,2010
ACATACAAGCTATAAT,2010
ACCTAAAGTACAATCA,2010
GACGACAATACGTGAT,2010
GATATATAGAAACACC,2010
GCAGAACCAAAACCAT,2010
TAACTGTGAACGCGAT,2010
AAAACACACCACATGA,2009
AAGATTACCGTCAACA,2009
ACCACGAGAAACAACT,2009
ATAAACCGATATATGA,2009
CAAGGTTGTCGCATCT,2009
CATAAGGCCTTTGGTA,2009
CGAAACCTCGATAATA,2009
GACTAGGCAGGTACTG,2009
GGACACAAGCCACGGG,2009
AACAAACAAATTAGAA,2008
ACGCCTGAACACAACC,2008
ATAGCTGTTGCAACAG,2008
ATGATTCCCAGAATAC,2008
ATTCCTAGAAATTTAA,2008
CAACCACAATTACAGC,2008
CACCGGCAAAATTTAG,2008
GAAAAGAAATAACACT,2008
GGTTAGATCCCCCAAC,2008
TAGAGCATACCTGCTA,2008
AAATAAATTAGACTAA,2007
AAGTAATTACCATTTG,2007
AATCATAGGTATATTT,2007
CAGGGTGAATAAGTAT,2007
CCAAGACAAGGATGCC,2007
CCACTGATGAAGTCAG,2007
CGGTCGGGCGAGACTT,2007
TTGGAAAGGAAAGAAA,2007
ACGGACCACAGAACTT,2006
ACTGGTCAAGTGAGGA,2006
GCGCAAAACATAACAA,2006
GCTTATCCATAACCGT,2006
TTGAGCCTCACCCATT,2006
TTGATGTCAAGATAAG,2006
AGTCGCGTTAATCGAA,2005
CAATAAACATCACCAC,2005
CAGAGTATTGGGCTGA,2005
CCTATAGGAACCCACG,2005
CGTACTAAAATGAGAT,2005
TAAATCGCAATAGCCG,2005
AACTTGTAACAGAGAA,2004
AGTAAACGATATTGGT,2004
AGTACGAGGATCATAA,2004
CAAGTCTCTTATTAAA,2004
CATGTATTAACTAGTG,2004
GAGAAAGGACGTAGCA,2004
GCCACACAACAGCGTC,2004
TAACCAAAATCGCACT,2004
AAAGCTTAGTGGGGGG,2003
AACCCGCCCGGATGAG,2003
AAGATTCACCAAAATA,2003
AAGTAAAATCTTTCAT,2003
CTAAACCGATGAAACA,2003
GCTCCGATTATATGGC,2003
GTACCGATAAGTAGAG,2003
TGAATCGTTCTGGAGC,2003
AACAGATTACCTCTAA,2002
ACTGACCCACGCAGCC,2002
ATACATAGCCGGGTTA,2002
ATGCTTGAGCAAAGAA,2002
CACTGTACACACTTGA,2002
TAGTTCTTCAAGGGGC,2002
AAATTTTGCATAACTT,2001
AATCCACCGTTAAAAA,2001
ACTCAACTCAAAGGTG,2000
CAAGCTTTTAAATGAG,2000
CGTATGACTTCGATGA,2000
CTAGTCCAGTTCAAGG,2000
TGAAAGCGCAACGCTT,2000
TTGCTGAATAACCAAA,2000
TTTAATCTATAAGTGC,2000
CCCTTATAGCGGCGAA,1999
GAGCCCTAGCATATAA,1999
TGATAATCAAGTCATT,1999
TTATAGTAAAACTCTG,1999
AACAACATACCCTCTT,1998
ATAACATCATGGCAAA,1998
ATAGTATACTACTGCA,1998
ATGACTGAATGAGAGA,1998
GCAATTAGAACATACA,1998
GCAGGATAGAGGGATT,1998
TAGATGGAAGTTGGAT,1998
TCATCTGCGTTCTAAA,1998
TTCCACTACACTTGCA,1998
TTTAGTTAGCTGAAGC,1998
ACCTATATAGGCGAAC,1997
AGTGTCCCAGGGGCGA,1997
TCAAAGCGACTCCTGC,1997
TTTACTGTATTCCCGG,1997
ATGTTTAGAAATCCGG,1996
CAAACATCATTCGAAT,1996
GTCCAATCTCGTAACA,1996
TTGCCTTGAAACGGTT,1996
AAAGACCAGAATAGGC,1995
ACAGCTACCCACGGAT,1995
CCCAATGAGTATTCAA,1995
CGTTCAATAGTCGTAT,1995
CTCATATCATTAAAGA,1995
TGATAACACCAGCTAA,1995
TGATAACTGTATACTG,1995
AAATTTACTCACGCAG,1994
AGATGTAACAAAATGA,1994
ATAGAATAATAGCATG,1994
CAAGCGACGCATCCCC,1994
CGCGAACTTCAGTTAG,1994
GTAACGACCTAAATCA,1994
GTAGTGAATATATCCC,1994
TAGCAACCATTATCCT,1994
TGCATCCAAATAACGG,1994
TTTAAAAGTTATTACT,1994
ACTAACAAAATATGTC,1993
CTCGACCCGTACAGGA,1993
GTGACACTAAATAGTC,1993
AAAATCACGATATCTA,1992
ACTCGTCCTAAATGTA,1992
ATATCGCTTTGAGAGC,1992
ATTAATCTGTCTACTG,1992
CTTCAAGATCAACAAT,1992
GAGAAATGCCGTTTAA,1992
GAGAAGATTAAGAACA,1992
TGATATGGACGCCTCC,1992
TGTACGACAACCTCGA,1992
AAAGAATCTAACTTGC,1991
AGCAACAGCAGATTTA,1991
GACGCAAAAATATGGC,1991
GGTAGTTCCTAGAACC,1991
AAAATCACTGTTAATC,1990
AGCTGCATTAGTACAG,1990
CAGTTCGGGAGATCAC,1990
GACGACTGTTGCGTGT,1990
GATATTAGTACGGTCA,1990
TTCCCGCGGGCAAATA,1990
AAAACACTGCAAGAAA,1989
AATTCGAGGGACCAAC,1989
ATAAGGAACCGAAAAC,1989
CTACCAGCCGGATATC,1989
CTGCGAATACAAGATA,1989
CTTCAAACCCGTACCA,1989
TTAATCCCTGGACCTG,1989
ATGCCCTGAGAAGACA,1988
CAAACCAATAAACTCC,1988
CAAGAATTAAATGGAA,1988
CTAATAATATGTGGTT,1988
GACGCTGCCAGCAATG,1988
TCAGTAAGCACGGTGT,1988
AATAATATGGAATTTC,1987
AGTAATTATCCAACAT,1987
CAAGTTGAGAAGTAAT,1987
CTAGCGGACCTTCAAC,1987
CTTGTATATATAGATT,1987
GGGTTCCTAGGCTAGA,1987
CCATGGTGTGAGGCGT,1986
TCATTTCCTAGAGTCT,1986
GAAGAGTATACTAGCT,1985
GATAGACTTGGGTAGA,1985
GTCAGACATCACTCAG,1985
TATCCAGACGAAGATA,1985
TTCCTGAACCCACACA,1985
AAAATACCAAACCCGG,1984
AACAGACATGCTCGCA,1984
CAAAACCAATCAGCAG,1984
CCCTAAACTCACTCAC,1984
GCCCCAAGCCGCAACC,1984
TGTACTTCCCATGACA,1984
TTAAACAGAATCCTAG,1984
TTGATTTATACATTGA,1984
AAAGACTGCAGCCTGA,1983
AAAGATAGGAGTAAAA,1983
ATAAAACTATCAAATA,1983
CCTACAGAATAAATAC,1983
GAAATAAATGTCACAG,1983
GAGGAAATAAAAATAT,1983
AAATTGCTAATTACAA,1982
ACCGAGAGGAACAAGT,1982
ATAAACGGTAGCTAAA,1982
GTGACTAGCGTTTGCA,1982
TTGCGTGTCAATGTTA,1982
ACCCTGATCTCAACCA,1981
CTAATTGGCTTCCTCA,1981
GCATGGCATCCATGGA,1981
GTCTTATCTACGCAAT,1981
TCGATGCGAGCATGCA,1981
TTACGGGTAGCCCAAC,1981
TTTTAAAAGCTCGCGA,1981
AATTATTGGGACCCTC,1980
ACACAAGAATAGCAAA,1980
ACTTAAAAGGGTACGA,1980
ATTGTACATAAGAGAC,1980
GGAGATAGACCAAAGT,1980
TCTCTCGGAGCACACT,1980
AACAAAGTTGATCAAT,1979
AATTTCATAACCACAA,1979
ACCTGGCCAGTAGCCT,1979
ATCAAATCTAACAATG,1979
CGATTGGATCCTATCC,1979
CGTCACCCCGGGAAAT,1979
GATATAAATAACCAGA,1979
TCCTATATCATTCCAT,1979
AAACTAGCACTACTCA,1978
CTGACAGTACGTGATG,1978
GAGGGGGACCATGGAA,1978
GCTCCACACAGCAGAG,1978
TCCTATACTTGCAAAA,1978
AAACGCGATTACAGGA,1977
AAATATTCAACCCTGG,1977
AACATGCCCTATTCTG,1977
AAGCGTGCGCCCGAAT,1977
ACGTCTACAGAACACC,1977
CATGACGAGGGGACCT,1977
CTAACAACCTCAACCA,1977
CTACGCCGAAAGTTTA,1977
GCCCTAGACACTGTAG,1977
GGTAAAAACCTACACT,1977
ACCAACGGCCAACTAC,1976
ATTCGCTATAGATACG,1976
ATTGAATTCTCATCTA,1976
CCCACGTACCATGAGA,1976
GTAAGCCTACTCAACA,1976
GTCACTCTATAAATCA,1976
TGGGGATATTTGTGAC,1976
AACGCGACATGGTAAC,1975
ACGTCCCATTTACATC,1975
ATTTTAGCGCCCAAAC,1975
CAGATCAATCGACTGA,1975
CATTGACAATCCTCTA,1975
GATCGTACAATTTATT,1975
TAGAGCCCCTACTGAC,1975
AAGAGAGCACCGAGCA,1974
AATTTATCAATATAAC,1974
CAGCAATCTAGCCGGC,1974
CTGAACTTATGATTAT,1974
GGGTAACGTCTTTGGG,1974
GGTTGCATACTATAAA,1974
GTAAGCTTACAATGTT,1974
TAGAATCCAAAGGTCA,1974
TATGCTTGAAAACTTA,1974
TGCCTATACCTCTTAA,1974
TGGTCACTTCAAATGC,1974
TTCAAAGTGTAAGAAA,1974
ACTATCGCAATGGACC,1973
AGGTTGTAAAGGTCTT,1973
AGTATATGTCAAAACC,1973
GACAAGTCCATATATG,1973
GAGATTCTTATATCCT,1973
GAGATTTTTGACCAAC,1973
TACTCTTATAATGTTC,1973
TTTTAATTCATAACTA,1973
AACAGCCTTCGTGGGG,1972
AGACGAACAGGTGAAA,1972
ATGACAATATTTTACC,1972
ATGCCAGAAGCCCAAT,1972
ATTTTCCAAACTACTC,1972
CCATAGTTTCAATATC,1972
CGAAAGAATATTTGCA,1972
CTATGGCTTTAACGGC,1972
GCGCGCTTCCAAGGAC,1972
TCAAGGGCATACCTTT,1972
AAAAAAAACACATTAC,1971
ACTTCGCTTGGTCCAC,1971
ATACTAGTAGCACCCT,1971
CAACTCGCACAAATAC,1971
CCACTAATAATCCCTT,1971
GAACGGAAAACGTAAT,1971
GAGCCATATGGCATAG,1971
TTAGTATTGACCCAAT,1971
AACTTAAACGCATAAA,1970
ACGATCTTCACGATGC,1970
ACTTCAAAAAATTCTA,1970
ATACAAGTCCAAAGCT,1970
CAAATCCTTGTGCAAA,1970
GCCCCTTAAACGCTTA,1970
GGTGCCCCGTTCTTGC,1970
ATTATAATACCTAAAT,1969
GCGCGAACTCGTTGAT,1969
GGAATTTTAAATTTTA,1969
TAACTTCAGGAGCATA,1969
TAAGACTGCATTCAGC,1969
AATGGCGAAATCCGTC,1968
ATAATATTATCAAAAA,1968
ATTCATATAAATCAAT,1968
CTATCTGAGGGGTCGC,1968
GAGAAACTTACCTAAA,1968
TGAACAAACACAAGGC,1968
TTCTGCCCCAACAATC,1968
AGATAAATTAAAGAAT,1967
CAGAAATGAAAAGCAG,1967
CCGAAAAAGTGGAAAT,1967
CTCCAGCATATAGAAT,1967
GCAAACATCTACCCTG,1967
GGGACTGAATATTTCC,1967
GTGGGTATTATCGGTG,1967
TACGAACTTAAAAAAA,1967
TGGAGACACAATTTTC,1967
AAATTGAACTTAATAA,1966
AACTATGACAAAAAAC,1966
TTAGCGTGAAATAAAA,1966
TTCGGTTAAGACATAC,1966
AACGTATATTGCCCCC,1965
AAGCATTGATTTAGAG,1965
AGTACCTGTGATAAAC,1965
CCAGATAGTAATCTGA,1965
CCGCTTAGAATATAGT,1965
GGTTATTCGGACAAAG,1965
GTATCATGATAATTCC,1965
GTGTGACCAGGATAGA,1965
AGCTCGACGTGTAAAA,1964
CCACACATTGCGTTAG,1964
CCACATACAAGATTGA,1964
CCTATACACGGGAGTG,1964
CTAGTACACTCCTAGT,1964
GGCTACTCCCGAATAA,1964
GTTTCTAGCCCATTGA,1964
TAGGTCCAGGAATGTG,1964
TCCAATTCCAAATAAA,1964
ATCGAATGAGAACTTG,1963
CAGCTCTTAGGGTGTT,1963
CTAACAAAACATGAAT,1963
CTAGTATCTCATAACA,1963
GAAGTGTAAGCTATAC,1963
GATATGCCTGATACGC,1963
TACCTCAACCACAAGA,1963
TAGCTTCAGTGACCAC,1963
TTCAAACGTTGGCAAA,1963
AAAAGTAAGGCACAAT,1962
CAGTCAAACGGTCTAG,1962
CATGGACGGTAGTTGA,1962
CTTTCGACAGTGTTTC,1962
GCACCGAGGGCTACAG,1962
AAATAACATGCCGTAT,1961
AGATCGACCTAATTCC,1961
ATACTGAGACACCAAT,1961
ATTATTCGAGTACTCA,1961
CGAGGTGGGTGTTTCC,1961
CGATCAAGATAACCAG,1961
CGCGAACACGCAGTTC,1961
GGTCAGTTTTGCTCAA,1961
ATCAATTGTCAAGAGA,1960
ATCCGGAGAATCGATC,1960
CTGTTACAACCGCATA,1960
GAGCACTGCCGATAGT,1960
GGAACAATAAAGCCTT,1960
TATGCTCTTTTTGACA,1960
TGGCCTTATAAGCACA,1960
AAATAATATAAATACA,1959
ACATTGATAATCAGAC,1959
ACGATAAAATATAGCA,1959
ATGGGAAGTCTCATGC,1959
GATTAGTAACCCCGAC,1959
TCCCTGTCCCCTGCCC,1959
AATTACTAAAAATCTA,1958
CAGTTTGTATTGTCAG,1958
CTGTTGCAGAAGTACA,1958
TCAACCAACTAATTCT,1958
AATCGCTTAAGAGGCT,1957
AGTTAATGCTAAAGAG,1957
CAAAGGATTACCCAAA,1957
CAATGTAATACACGGG,1957
CATAAAGCGAGCATCT,1957
CCCAATCCCTTCCGCC,1957
CTTTCACAGAGATACG,1957
TCTATTAAAATGTGAG,1957
ACATCTAAAATCCGTG,1956
AGATAAAAACAGAATG,1956
AGCTGGAGAGAAGACA,1956
GTTGAGATAGCTACTC,1956
TTAGTCCAACACCAGG,1956
CATTGTGAAAAGTAAA,1955
GAGGTACTGATTACCA,1955
CTTAATTGCCAGCACG,1954
CTTCAAGTCCCACCCC,1954
GATCTTAATACCTTGG,1954
GTTCTTCTAAAGTTGA,1954
TTATAGAAATAGCTAT,1954
ATCATACCAACTAGAT,1953
ATGATCGAGCCTCAAA,1953
CAGGCTAGACTTTCTG,1953
CCCAATCGGACGGATT,1953
GCAGGCACCTTCCCAA,1953
GTTAAACACCAAGTGG,1953
TAATGTGCAACTACGT,1953
AACACTAAATGACACG,1952
AATGAATATATTAGCG,1952
ACCCGTAATAATTAAC,1952
ATCGAAGTAACGTATT,1952
CCTACGAAGATATCTA,1952
CGTGGATCTTCGATAC,1952
GGGGAAACACGGTACT,1952
GGTGTCCACGTTCTCT,1952
TTAAGATAAATACTCT,1952
GATAAAGTCCTTACCG,1951
AATCTTCCATCAATAT,1950
ACATGCCGTTTTAAAT,1950
CTACTTTGTAAGAACC,1950
GCGTATAGAGCATTGA,1950
TATCAAAACTAGGCAC,1950
AGTATCCCTTAATCAC,1949
ATGAGGCACAATCAAT,1949
ATTAGACAAAAAGTGA,1949
CTACGATAAAACATAA,1949
GTAATACAGTTATACA,1949
AACCAACTCACGCAAG,1948
AACTACATTGGCAGTA,1948
ACAAGGACATCTGTTG,1948
ATATTGATACGAACAT,1948
CAACCTACTGAATCCA,1948
CACCATGAACACCAAA,1948
GGACCGCTAAGGGTCT,1948
TGACCGAGTAAAAATT,1948
TGGCCCGTGAGAGTGA,1948
TTATAAATAAACAAGT,1948
AAAAAACGAACGATAA,1947
AAATAATATATATCAA,1947
ATTTCAGTCCCCAATA,1947
CGCGACTCTTGAATAT,1947
GACTAACTGTTGACTG,1947
GAGAGAAGCTGATTTA,1947
TTGATAATTTACAAAA,1947
ACAAAGCTGCAGACGT,1946
CTATGATATCATATAT,1946
TAAACACGATAACGAT,1946
TTGGAGCAAAAACCGC,1946
AAATAGGAATGTAGGA,1945
AACTCTGACTTAACCC,1945
ACGTCAAAACTCAAAT,1945
AGAATACGCTTGAAAA,1945
CAGCCACTGAAATACG,1945
CTTAGTGAATTGGTAG,1945
TCTGTGGATAAGAAAA,1945
TCTTGTACTTGACATA,1945
ATGACGTCGATACACG,1944
CCGATACGGGTCCCGC,1944
GTAACCAATAAATCAC,1944
TAACCATATCAGGACT,1944
TGTATGGCAAGTGCAA,1944
TTTGAACTACCTACAC,1944
CAAACCCATTATCATC,1943
CATGCTTAAAGGACAC,1943
GGCACAATGCTAGCGA,1943
TCCATAAGATATGTAA,1943
AACACGGAGATGCTCT,1942
AATCAGGTGCGACTGG,1942
ACATAGCTTTTTAGTG,1942
ACGTACGACACCACTT,1942
ATAAGTTCCACTATTA,1942
GGCACCGTAGAATGCT,1942
GTTACTCCTTGTCACC,1942
TATTCCACAAATCAAA,1942
TCAAACACACAAGATA,1942
AAAATTTGAAACACAC,1941
AATATTAGCCACCCTG,1941
ACAAAACACTCAAGAC,1941
AGCGCACGCGCAATCA,1941
ATCGGTATTAGCTGTG,1941
CCGATGTAACTTTACA,1941
CTAGCCTACGACACCT,1941
AAGATTCGCGCTTACG,1940
ATGGAAACGATTTGCC,1940
CAAATCGAGATGTGAA,1940
GAAGCATAAACATCCC,1940
GATAAATTTAACTAGA,1940
GCGGAGTCAATGACAA,1940
GGCACTAAATAGAACA,1940
GGTATTTTATCCCTCG,1940
GTACCCTGACGAGAGG,1940
TAGGCAAATTACGACA,1940
TCGATACTGAGCAAAA,1940
AGCGTAAAAAAGCAAA,1939
ATTACTAAGATTGAAG,1939
CTCAGTAACTCGTATG,1939
GATACTACTATTCATT,1939
GTAAGAAGCACGATAA,1939
TGCATAACTTGTCCTA,1939
ACTGGAGACACGAATT,1938
ATCGGCCTAGTGCCGG,1938
CCATCAACAAGGCAGT,1938
TATGTCTATGACAACT,1938
TCAATCGCACTCCTAC,1938
TCTAGTCCCTGTATGT,1938
ACAATGAAGTCAAAGA,1937
ACTAACTTTATGAAGC,1937
AGATACCTGCCAATTT,1937
CAATATCATCAAACTT,1937
CGAAGGAGCCGAGGGC,1937
CGTACAACCCCAACAA,1937
CTACACCATCACGGAT,1937
GGAGATCTGCTAAGTG,1937
GTATCTGTCAAGTGTT,1937
GTATGAGTAATATCTC,1937
TAGGACTCATATCTAA,1937
TCTAGCTACTAATAGT,1937
CTACCGTATGAAATTT,1936
GACACTTCAACACGTC,1936
GGATGGCAAATCCCGC,1936
AAACGATGAGTGCTAA,1935
ACAGACACCGATAAGC,1935
AGAGACCCTTGGACCT,1935
AGGCACAAGGCGAGTT,1935
AGGTGCTAGTCGAGCA,1935
GCCATTGGAGATAACA,1935
TCGGTACATAAAACCT,1935
AAATGTTAAGGTGCCC,1934
ACCCACCGCGCGAAAA,1934
ACTAAGATAAATGTTG,1934
ATAAGCCAAATTCCAA,1934
TAAACGATGGATAGAT,1934
TAGTGTAATAATGGAT,1934
TGCAAGTCGCTTTTCT,1934
TTCCACGAAATGTGTC,1934
AAGGGAGAACCGCAAA,1933
ACAGATTCAACCCTAT,1933
ACATAGATGCCCACAT,1933
ACTTTAACGCCCTTAA,1933
ATTAACATTGGAATTT,1933
ATTTTTCTAAGATGCA,1933
CGAAGAAATATATACA,1933
GGATACATACCCTGAC,1933
GTCGAGAAGGATACAC,1933
TTAAAAGGCAACGTTA,1933
AACCAGACGTTGAATC,1932
ACGTCCGTCATGCAGA,1932
CAAACCTAACATAAAA,1932
CGATCTCTTAAAACCT,1932
GACATCACAGAACACT,1932
TCACACCTACAATTTT,1932
TGGAAAAGCGATCCAT,1932
ACCTACTGTCAAAAAA,1931
ACGTTCCGAGTGGGTT,1931
ACTAGAAAGTGCATGA,1931
AGCCATATTAAAACAA,1931
CAGAGATGGTCACAAG,1931
CTGAAATAGTATAAGT,1931
GGACTCCGATTATCAT,1931
TACCGAAACCATAGAT,1931
CATTTTATATAGGTGT,1930
GACGAGCATGAAAGGC,1930
GACTAACATAGAGAAC,1930
TCAACACAATCGACAA,1930
AATCGTTGCCCCCTAG,1929
ACGTTGATGTATCTAA,1929
TCGATGACGCGTTGGA,1929
ATAGCCCTTCGCGGTC,1928
CATCAAGATGACGCCC,1928
CCCCGCTACTATTATT,1928
CTTACTATAATAAGTC,1928
TCGACTCATTAACCGG,1928
TTAAGTAATTCACGAG,1928
AAGACTCCAAACTAGA,1927
ACTACAAACAACACAA,1927
ACTAGCAAAGCAATGA,1927
CAAATTCACCTGTGCA,1927
AACTTAACGGTGCATA,1926
CCTCTATTTCACGGGG,1926
CTTTTACGGTGCAAAG,1926
GGACTTCATGCACGTC,1926
TAAGGACCCCCTCTAC,1926
TATCTACGGGTGGATA,1926
TTTCAAAAATGAAAAA,1926
AACGATCCAAGATCAT,1925
AAGTATATACATAACC,1925
ACTTCGGTACAGGGCT,1925
TTGAATTGAGATATCA,1925
TTTGTAGGCTATAGTG,1925
GATCGTTAGTATGAGA,1924
TGATAAAGCTGATTAA,1924
TTAAAACGTAAGGTCG,1924
TTTAACCGAACAAATC,1924
AACTCTTAAAAAATTC,1923
ACGAATGAAATAATAG,1923
GCGTAATCATCGACAT,1923
GGTTTTCACAATGCTG,1923
TAAAGAAGGAAATGCA,1923
TAACAATTATCGCTAC,1923
TATACCTACAGACAAA,1923
ACAAGACTGCCCCTTG,1922
CACAGCGATCCTGTGT,1922
GAAAGCTTAATATAGA,1922
TAAATAGCCACAGCAA,1922
TACGATCATCCGCATA,1922
TTACTGGAACCTCGAT,1922
AAACCCAAAAACACCG,1921
ATTTGCGTAACATAGC,1921
CACGTAAGACATGGTA,1921
CAGTTTAACTTAATAA,1921
GAACTAATAATGACAC,1921
GCTTGCTATTGACGGC,1921
GTCATAACGACACGTA,1921
TAGATGTATCAATGCT,1921
TATAACTGATGAAAGT,1921
ATTAATCAATATAAAA,1920
GATACGGCTTGCGCCA,1920
GATTCCGGTGTAGTAA,1920
GTCCTGACGGAAGCGC,1920
TCGTCGATCCTGACGA,1920
ATTTAAAAAGTATAAT,1919
CCACCACGTCTCCTAG,1919
CCCTCCCTTGGTACAC,1919
CGCATTTCACGATAAA,1919
GAATTAACAAACAAAC,1919
GCGTATATCGGGATCC,1919
GTGAATGCCCTAGTAT,1919
TAATTAAAATACTAAA,1919
AACCAACCTAAGCACG,1918
AACCCACATAAACACA,1918
AATGAAGTGTACCATC,1918
ACAGCCATCCGGCTAA,1918
GGGGGAAGGCACTGCT,1918
TCTGCGAGGAAAGTTA,1918
TGATTCTTATCAGCAT,1918
TTTAAAGTAATCCAAG,1918
TTTAATACAGCGGATG,1918
AAGCGGCGGCCATAGG,1917
ACATTAGATAAAGCAC,1917
AGACATACAATGATAG,1917
CGGCTGATCGCATCGT,1917
CTAAGACATCCACAAA,1917
TCCCGGGTGAACTATA,1917
AAAATAGCCTTAAAGG,1916
AATCCAGCTATATAGT,1916
AGATTAAAGCCAACAC,1916
ATCGAACAAAAACCTA,1916
GTTCGACATAGGGACT,1916
TCAGTTCCCACAGTAG,1916
ATAACAGCCTGAATTA,1915
CATGAGATATATAGAA,1915
TAATCGCTCCATAAAT,1915
TAGTAATCTAGATCCT,1915
TGCCCGCTTGATCGAA,1915
AACATCTCTGGTCCCA,1914
ACATCTCATTAGAAAC,1914
ATTCACGCTTACTCAT,1914
CTCCCAAAATCACCCA,1914
TAACCAGACAATCGCA,1914
TTATAAACGAGCCAGG,1914
AGATAGACGAAGCCGA,1913
ATACAGACTGTGCAGT,1913
ATTACACTGTGAAATT,1913
TGTATGGCCACTCAAT,1913
AATCGAGGCCCGCTCC,1912
ATTCTACTACTTTTCT,1912
CAGACTATTTACCCGA,1912
GCAAGGTCACTTGCTA,1912
TCCTCTAATGGCTATC,1912
TTTGATAAGTCGTATA,1912
AAAAGGACACTTCTCG,1911
AAATGCCTTTTGGTTT,1911
AGGATATCCAGCCGAT,1911
GCATAGCAAATAGAAA,1911
TGAGCGTGAACCATAA,1911
AAAATTGCAGGGCTAG,1910
AAAATTGCATATAAAA,1910
AACGAAAGAAACACAT,1910
ATTCTACCCCAATTTA,1910
CGCGATGAAACGGTGT,1910
GACTGGTCCCTGGTAC,1910
AATATAATCTACACAG,1909
AGAGAGGAAGAGAATC,1909
CTGAAGACATCTTACG,1909
GCAAGAGGATTCAATA,1909
TACCTAATTGAGACTA,1909
TATCAATTCAAACCGA,1909
AAAATTACCAGTCCAT,1908
CTGGGAACGCACAGGT,1908
GAAATGCCCCGATCGG,1908
TCTTAATGTAACCCTA,1908
AAAATTATGACCGATG,1907
AAATAAGAAACTAATA,1907
AACCTAATTAGTGATC,1907
AAGCTGGAGCGAACAT,1907
AATATGTTTCCCTTAT,1907
ATCATTATGCCGGTAC,1907
CCAAACTGACAAACCA,1907
CCGGTTTAATCACGAC,1907
CGCAATACACACTGAA,1907
CTTAATATACACGGAC,1907
GTTCCAAACGCAGCAC,1907
ACTAGAAAAGACCCAG,1906
CAAAATTAAAGAATTG,1906
CACACACTCAGAAACT,1906
GACTTGATTCCATTAA,1906
GCTCGCTTTCAAACGG,1906
GCTTTACTTTAAACGA,1906
GGAACGATATAGTGAC,1906
GTCATAAATCTCATAC,1906
TACCAAGAGAAATCAG,1906
TGCGAAAGGTTTGGTC,1906
ACAGTCATGACCTGTA,1905
AGATTACACCAGAATC,1905
CTAAGGACAGAATCAA,1905
GCGTCGGAGTAAGGCT,1905
GTTTTTAGGCGAGGTA,1905
ATCTCAACATAACGTA,1904
CGATGAGTTATTCCCG,1904
GACATCTAACTACTAG,1904
GCTCTCACAAATAATT,1904
TTATACTTAAACCATA,1904
AGAGACATAAGACAAG,1903
AGCTTCATTTTGTCGG,1903
CAATGTGCCCCTTTCA,1903
CGTACTACGTAGACTG,1903
GACTCCATAATTTTAA,1903
TCAAATCTCCTACAAA,1903
TCACGTTGTCATAGGA,1903
AACAAAGGTCGTTATA,1902
ATTATATCTAAAGGAA,1902
CTTTACTAAACCACGC,1902
GGAATAAAGAAAGTTC,1902
GTTATGTTTACGTAAG,1902
TAGCCTACAAAGACGA,1902
GACTTCCCTGAAAAAC,1901
TGAGATAAATTGACAC,1901
ATCATAACCTGCTATA,1900
CAGAATACAATAGTGA,1900
ATAGCCTTCAGAAAAT,1899
ATGACGATTCCTACTG,1899
ATTACCGAGAAAACGC,1899
GATTAGCCACCGGACG,1899
GGGACGGAAATGCACA,1899
TACCAACCCTCACGGA,1899
TAGCCAGCGCTATTCA,1899
TCCATTTTACATTTTT,1899
AACTATCCTCAATAAA,1898
AATATACTTCTCTAAG,1898
ACCCACAAAATCTTAG,1898
CAGTACCATTAACATA,1898
CTTATTACCCTTTCCG,1898
TCAACTTAACATACAT,1898
TCCCTTTGATAACAGC,1898
TCGAAAGATTTCCTAT,1898
TCGATTCAGATTTTTA,1898
TCGGACCAAACCCATT,1898
AAAAAAACAAGGCAGG,1897
AACATGACGACAGGGG,1897
CGAGGTGAGTTGACGA,1897
GAAAAAGCCAGAAGAT,1897
GACGGGCTAAAATGCA,1897
AACTCAACATAGACTC,1896
ATCCTATTATAAGACC,1896
CAACATAAACAGGGAT,1896
CACGTGTCCCAAGATG,1896
CGGAGACACTCACATC,1896
CTTGAGTCCAAAGTAT,1896
GAAGTAATACGTTTAT,1896
GACAAACTTTACTCTC,1896
TATTAGTGTCACAAAA,1896
ATCACAAGCTTAAGAC,1895
CACAGCATATAATATA,1895
CAGCCACCGGGCGGAT,1895
GTAGATTCCCCGGGCC,1895
TAGGAAATAAGTTTTA,1895
TTAAATATAACTCCAT,1895
GAATAGTAGTCAACAG,1894
GGGATCTGCCTTAATG,1894
GTATCGTTGTAGTTTG,1894
GTGATGTTGCCTACAT,1894
TACTTCGTTCTGTGAT,1894
TATCAAAATCAAAACT,1894
TCTGAATAATAGAGCT,1894
ACTCGAGGACCAATAA,1893
AGTCGCTGCGGATTAC,1893
CACGAAATACCTCACT,1893
CATCTTAAACGAGATT,1893
GTAAAGGAAAGGCTGA,1893
TCAGGGACCGTAAACG,1893
AGAAAAAATTAAGTAG,1892
ATACAAACTTTAGATG,1892
CAAACGGATTACGAAC,1892
CTGGGCACCATTTATT,1892
GATGCTAATAAACCAA,1892
GCAACTAGGCAAAACA,1892
AGACCTTGAGTTCTAC,1891
AGCTTATCTAACACCA,1891
ATACCCATGCAACCCT,1891
ATATTTCCCCTTTGTG,1891
ATCAGCCCGCAACAAG,1891
CGACCGAGCATATGTC,1891
CGGCTTGCTAGCAGCG,1891
GGCTACAGCCACCCTT,1891
TAGCCCACAAAATGAA,1891
TATGCAATTGCATGAG,1891
AATATGAATACAACGG,1890
AGCTGTAGGATAAGAA,1890
CTCCGAATCTCTTTGC,1890
TAACAGATAGGACTCT,1890
TTAATCACCAACAAAA,1890
AAGTCTCTTACTTCCC,1889
AGATAACACGTATTTA,1889
ATTGAGCGTGGGATCT,1889
CCAAGTCTCCGCAGGA,1889
GCAACCAAGAAGCAAA,1889
GTAGAACCCCGTGAAG,1889
TAACGCACTCACACAT,1889
TAGATCAGATATCAGA,1889
TTAATACTGTAAAAAT,1889
TTTAGTGAGATGAACT,1889
ACACTAAAACCTAACA,1888
ATGAGCAACAATAATA,1888
CGGATGGATACGGACG,1888
GTTTACTACAAACGGA,1888
AAACATAAATGTGTAT,1887
ACTCAAACATGTACGT,1887
ATACAAGGTTGAAGGA,1887
ATCATGGCGCAATTGA,1887
CAAAGCTTTACTGGAC,1887
CACGCACGCACTTATA,1887
CAGATTCCGCAGTCAA,1887
CCCAGGGACGTTCGCG,1887
CTCGCACAAACTTTTT,1887
GAAAACTGAATCAACC,1887
GAATCACATAGATCGC,1887
GTTATGCTATATAATA,1887
GTTCCCCCTTCGCCAT,1887
TGTGACGAAGGGTCGC,1887
TTCTGTATAAGTTATA,1887
AAACATACTTCATCGG,1886
AATGAATATATACGAG,1886
GAGTCCAGACCGAGTT,1886
GCCTCCTCTCATACGA,1886
TACATTAAACACCTGT,1886
TACTCAATCCTAGACC,1886
TAGATACTATTAAGTA,1886
TCACACGTAGAGTGCT,1886
ACACCACATGCCTATT,1885
ATTAAATTCATTCCTA,1885
GCAGATCTCTATTTGC,1885
TCAGAAGGGACAACTC,1885
TTAAGAAGATCGAGGA,1885
ACCGATTACGGGGCCC,1884
ACGTATTGATACCTGG,1884
AGACACGGCGATACCC,1884
CAGTAGCAATTGCACA,1884
GATTGGAGGAATCACC,1884
GCACGTCCTACCAAGT,1884
TAGACCAAAAGTGTTG,1884
TATGGTCTAATGACAA,1884
AACAGGAAAATAATAT,1883
ACACACATTATCGCCA,1883
CATCCAGCTGCAGACA,1883
CATGGCTCCATCCACG,1883
GATTAATCGACACAAT,1883
GCGCCTCTTACGGTAA,1883
GCGTGGTATTTTAGCC,1883
TTCACAAAGTTGCCCC,1883
AAGTGCGATGTTACTC,1882
AGTATCGTTATCAGAT,1882
ATATCGAACAGACGGT,1882
GAAGAGTTCTATACTA,1882
GACAGTACTGATGCAA,1882
TATCTTTCCCAAAAGG,1882
TGTGTTTTACTGGCAA,1882
AAGTGCTATTGCCAGG,1881
ATGGAACTAAATAACG,1881
GAGATCTAACTATGGA,1881
GTTCCACAGGTGACTC,1881
TATTTTCGACTCTCAA,1881
TTCGAAGTCTATTAAA,1881
ACAGTCCCTTAAGCCT,1880
ATCATACCCAATTTAA,1880
CATCAACACGAAATGC,1880
GTCCATACCTAGCTAA,1880
ACAAAAAATAATTAGA,1879
CCGACCCTGAGCGCTA,1879
CGTCAAGGAAGATGCA,1879
GTTGAAAATTTAACGA,1879
TAGAACGAATGAGATG,1879
AAAAAAAACCGGCACT,1878
ACCACTGAGAAGAACT,1878
GCCCCCCGACTCTATA,1878
GCCTACCAAAGCTATT,1878
TCACTAATATGGATTA,1878
TGTTATATACAAGTTT,1878
CAATGCACATAAATTA,1877
CATCATCGTTTGAACC,1877
CGAAAACTTGGGTACA,1877
TAATATTCAGGGCTGT,1877
TTAGATGTGGCTAGAA,1877
CTCGAGTGATGAATCG,1876
CTGACAGACGCTCGAA,1876
GTTATAAAGAGAGATT,1876
TTTACCAGTTGGGAGC,1876
AAATCCATTAAAATCA,1875
AAGCCCACAAATAAAA,1875
ACCTTAACATTTACAT,1875
AGCGTTCTCGACGGAT,1875
CATCTAACACATACCA,1875
GAGAATGCCATACACA,1875
GGACTTACTTAAACAA,1875
TCTTTACTCACCAATG,1875
TTCAGCTTTGCACTTA,1875
CACCTTCATCAATATA,1874
CTCCTGGGCCAATTTA,1874
GAACGAGAGACCAACA,1874
TAGTTCTAATTAAAAA,1874
TCAGGCAACGATACCA,1874
AAACTTGGGAACCAAA,1873
AATCTGAATCAAGGTA,1873
AGGAAAAACCGAGACG,1873
ATTGAAAATTACATAC,1873
CATCATAAGAGCATTA,1873
CATTTCAGCTTAAAGA,1873
TCAATTGGAAATGAAT,1873
ACTGGTCCTATATCCA,1872
ACTTCTGACTAAAACA,1872
ATTAAAGGAAAAACCA,1872
CAAACTCGTGACTTAA,1872
CCCTACCTTGTTAATC,1872
GAGGAAAGTAACCACG,1872
TATACACGGCGTCAGT,1872
AACTTGAGCTAGCCTA,1871
AATACCATTAAGTATC,1871
ACGACTCGCGTTACTC,1871
AGAAATCTGTGTAGTC,1871
ATAGTATGGTATGCCA,1871
CATAACATATCTAAAT,1871
GAAAATACCCACAAAC,1871
GACGGGCATATTTCAA,1871
GATGCTGGAGAGAAAG,1871
GTAGCAATTGACTTTT,1871
TCTATAACCAACACCA,1871
TGGATGTCACCACTAA,1871
TTACTAAACTACAAAT,1871
AATACCCCCTATAACC,1870
AATACGGCTATACATA,1870
AGGATAAAATAATCAG,1870
ATCACATGATAATAAT,1870
GTGGAGACTCAAATTA,1870
TAAGCTGACGTGTCCA,1870
TGACCAATGATGGACA,1870
TGAGGTTCCCCGGTAA,1870
ACAGTCACAAGCCTGA,1869
AGATAGGCAACCCATG,1869
AGTCAGCATACCGAAA,1869
ATACCAACATTACAGC,1869
ATGTAACGACTGAACA,1869
CACCAAGCTCGGATTC,1869
CGCACAACACGATCGC,1869
GAATAATAGCGTCCTA,1869
GCTGATTTGAAAGCAG,1869
GTAAAACATATCTACG,1869
TATAAAAATCGGAATA,1869
TTAGTAACGATGATTG,1869
TTTAGTGTCCAAAAGA,1869
TTTTAGGGACGCTTAA,1869
AAGACTATAATGATGT,1868
AATGACATGTCTACTC,1868
ACATACTGGCATATGC,1868
ACTATAGTGAATTTCC,1868
CGGCGATTGGTATTTT,1868
GTAATTCTCTGCAAAT,1868
CATGGGACACGAGGTA,1867
CATTAAAATCACGTAA,1867
CCCGGTACACACATAG,1867
GAACGTAAAACAAGAA,1867
GCACACAATGTTCATT,1867
GGGAATAGTAACCATA,1867
TAAAAGAACGAAGTGG,1867
TCTCATTCGGCGAAAC,1867
TGCTGAATGCGAAGAA,1867
TTTCACAAGTAAATCA,1867
AAATACCATGTCCGGG,1866
AATGCAGACACCATAA,1866
ACCTTTGACCACTAGC,1866
ATAATTTTCAAATTCA,1866
ATACAATCCACAGGCT,1866
CAGTAAAACTGATACA,1866
CCTCCAGAAAATAACT,1866
CGGCTCGTTTATGCCA,1866
CTAGAAAAACGTTCGC,1866
GATTGCTAAATGGTCA,1866
GCAATGGTACAAAGTA,1866
GTAGAAAATACAACGC,1866
GTCCCCTAAACAATCA,1866
ACTACCTCTGTAGTCC,1865
ATCTAGACATAATTCT,1865
CATACTATGGGCAGAA,1865
GAGGGTAGGAGTACTC,1865
TCGTAAATAAAGCTTT,1865
TTATCACATCATTAAA,1865
AACCCTGTTCCCCGTC,1864
AACTCATTAAACGCCA,1864
AAGTATTCCATCCAAT,1864
ACTATCAGTCAAGATA,1864
GAGCCACAAACCCATA,1864
TAGGATACCACTCCAC,1864
TTAAGCCCTTCAAGAG,1864
AAACCGCTACGTCCGA,1863
CGTTAGACACAGCCCC,1863
TTACCAATTACACGGT,1863
AGATGGGGCGTCAACT,1862
CAATCTATACTAACAA,1862
TAAACAACCTAAACAG,1862
TACAGGTGTCCAACAT,1862
TAGGACCATTCTGCAA,1862
TATGAACCGATTCTCA,1862
TCATAAAACCTGTTTT,1862
AACTTAGACTCTGTTT,1861
GAGTTGTGATATCGCA,1861
GTTGACTATTACTGAT,1861
AAATCTACAGCTCATT,1860
ACAATTCATACAACTA,1860
ACCTTAGCACACAGTT,1860
ATGGGGTGCGAAAACT,1860
CCAAAAGTCGGGGAAA,1860
GAACCCTATAACTTCC,1860
GAAGAAGCACAATTCA,1860
GCTAGACATTTAAATA,1860
GGAATGAAACGTCAAA,1860
TAGACTTTATAAATCT,1860
TTAGCCATTCCCTCTC,1860
ATCCCCTAAATAACCT,1859
CAGGAATACATCTATA,1859
GATACAGTATAGAATG,1859
TATCGATAACCGAGCC,1859
TTAAGTTAATCCCCTA,1859
AACATTAAATGAAGAC,1858
AGAGGTATGTTATGGA,1858
CGAGAGCTATGATACT,1858
GCAACATGGTCGCACC,1858
GGGAATACTCGCTATT,1858
GTATCATAAAAGGGTT,1858
TTGACACGAATTAACG,1858
TTGATTACCTTAGACT,1858
ACAACAATTTCCTTGA,1857
ACGGCGAAGTCTTAAG,1857
CAGATACTAACATTCC,1857
CGACAAAGTCCTATTA,1857
GCTTAGCCCCCCTGCC,1857
GCTTCCAATGTCTGTG,1857
TCACTGACGCATAATG,1857
TCGATTGTTAACTTAA,1857
AACTCTATAACGAACA,1856
AAGACTTATGATCATG,1856
ACCGGCCCCATGCTGG,1856
ACTCGAGTGAGCCTTT,1856
AGATGGAAAACAGTTA,1856
CAACACGACTACGTCC,1856
CTTGGCACTCAGCAGT,1856
GCCAAGACTCAGAAGG,1856
TTTAACCAGTAAAAAT,1856
AAAACCCTGCCCTGAT,1855
AACCTCGAGCCGTACA,1855
AATGACTACGATGATA,1855
CATTCTCAAAAGGGCG,1855
GAAACGGAACAATATT,1855
GTAGGCATTTTTGCCT,1855
ACGCAGTACGACGTCA,1854
CAAATTGCACGAATAC,1854
CACCATAATTACTTTA,1854
CATAGGTACGAAAACT,1854
CTTAGGCGTCACGCCC,1854
TAAGTCCGCAACTTGT,1854
TACACTTATACCGCTC,1854
TCTTACCACCCTTGAG,1854
AACTTAAGGATGAACA,1853
AAGGACAAAAGCCTAT,1853
AGGCAATTGAACATCT,1853
ATTACACGTTCTTTCA,1853
CTATAACAAGCAAGAA,1853
CTCTCAAAAAGGCATC,1853
CTTGGGCCTCGTTACC,1853
CCAAATTTCAACATTT,1852
GAACCAAAAAAGGGGT,1852
GCAATGTAACATATGC,1852
GGAGAGAACCGCTAAT,1852
TAAAACTATAACACAC,1852
TACTTCAGTTCCTCTA,1852
TGAGAGGACACCGTAA,1852
AAGTAGTGTGTTCTCC,1851
AATCGTTTCACCGCTG,1851
AGAACAATATTAATCG,1851
AGACTATAAGCCTAGA,1851
AGAGTACAAGCACCGT,1851
GATTTGCGTTTTCTGC,1851
TCTACTACCATAGCAA,1851
AATTCACTTACTGTAG,1850
ATGTACTATACCGCCC,1850
GACACTCATTAGCCTA,1850
GATAAATGGGTACCCC,1850
GCTAGGACCTAAGAGT,1850
GGCCGATCAATTCAAC,1850
AATGGAGATCCGTTTC,1849
ACCCAAGGAAATAATC,1849
CACCCTGTATTTATCC,1849
CCGAGTAAACAACCCA,1849
GAAACCGACAATTCAT,1849
GAATTCTATCGAGATC,1849
AAAAGTCGTAAACATC,1848
AGTAATGGCCATCAGG,1848
GCGCAATCCGGACAAC,1848
GGGCGGACGTTGGTAA,1848
TCCCAATATCCACTTG,1848
AAGATTAGTGCGCTGA,1847
ACATTAGCAGCTCCAG,1847
ACTTACTGTCTACAGC,1847
CGCCCCACAACCCTAT,1847
GAAGGTCCACCTCGCG,1847
GTGCGACAGAAACCAG,1847
GTTCAAGTGAAGTAGT,1847
AAAACAGTCACAGGTT,1846
CTCCACCATAATACCA,1846
CTCTATCTCCCCTTGT,1846
GCAACCAAGTAAATTC,1846
GCTTGAAGCAATGCGA,1846
TTATTAGGCCCCTACC,1846
ACGAATAGTACTAACC,1845
AGCCAAACGTCAAATT,1845
CACTCCGCAGGACGTG,1845
CAGAAAATAATTTCTA,1845
GAGTTTTACAAACCCT,1845
GTTCCTTATGGGGACA,1845
TTGAAGAGCAACGATT,1845
AAAATCCCTTAAATAC,1844
ACAACAGTAGCTTCTT,1844
ACGTCAAGCATCAGTC,1844
ACTACACGCTTCGGTT,1844
AGGGATGGGATGATCC,1844
ATCCGTCCTATATGCA,1844
ATGCTCTTCCCCAATG,1844
ATTGAACAGGATTGGG,1844
CTGTGTGAGATGGTGC,1844
GGAACAGTGCACGAAA,1844
GGAAGAAAATACTAAG,1844
TTATCTCAAGGTGTCA,1844
ACGCCCATTATATGCT,1843
CTAAGAATTGTCTTGA,1843
GATAATAAAGGCATAG,1843
GCTGACGTGATAGCCC,1843
GGCAATAAACGCGAGA,1843
TCATCTTATCGAACTA,1843
TGCTGATTTATAAAAG,1843
TGGATGAATTCGCACT,1843
AAATATTGACTAAAAA,1842
AGTGCGGCCCACTTGA,1842
ATAGACACATTACCAG,1842
ATTCGCACATAAACGG,1842
CTCCCGTTTTACTACC,1842
TGAATTCAGCACAGAA,1842
TGACAACCAGACTTTA,1842
AAACTCGCACGAAACA,1841
AAGAGTCTTAACTATA,1841
AATCCCAACATGTACT,1841
GACCTGTCTGTTTCAA,1841
GCTATAACAAAAGCCT,1841
TAAGAAACTCCTCATT,1841
TCGCTCATCCATGACA,1841
AACTACAAACGTGAAC,1840
CCGTCACACATGTAAT,1840
CTTTGTTCTCCATATA,1840
TTGTTGAGAAGGACTA,1840
AATAACCAGCAAAAAT,1839
ATCCCGCGTAGATACA,1839
GAAAATTTGCAAAGTA,1839
GAGGGAGTGAACCCTG,1839
GATTTATTCATCGTGT,1839
GGAAACTAGCTGCACT,1839
GGTTCTACTACGGCGT,1839
TACCAAAATTTGGCTA,1839
AAAAATAACGCTGCAA,1838
AAATCTAATGGATAAC,1838
AAATTAACCAGGGATG,1838
AACAGACTATATACTA,1838
AATATTCTACATCCAA,1838
CAGTCTAAGGGAATTC,1838
CATACTCTCTCAAAGA,1838
TAGAAAACTGTCCGGG,1838
TCAATCAAAGACACCA,1838
AAAGCGTGGCTAAAAT,1837
AACTTCTAAGACAATG,1837
AAGAATACTTACTATA,1837
ACATCGCAAGCGAACT,1837
CGAATACGTTTACACA,1837
GACGGTGTTTCGAAAG,1837
GGGAGACCGCAAAAGA,1837
TAAGTAAGAAGTTTTT,1837
TTGAGGGAGCCTATAT,1837
AAAAAATCCGGAGACA,1836
AAACCTGCCGCAAACA,1836
AACGCAGTAGCACGGA,1836
AGTTCAGGATTTTCTG,1836
CAGACCGTCTCTCAAA,1836
CTCGCCCTACAGAAAA,1836
GGCTGTGCGTGTATAG,1836
TTAAGACCCGCAGGTA,1836
AATCAGAGTCAATTGT,1835
ACGAATAATGTAGGTT,1835
CAAATTGGAGACAACA,1835
CAGATACGATGATATA,1835
CAGTCGCTATAGCACT,1835
GATAAAAAGATGCATG,1835
GATATTGACACGTGCA,1835
GTAATATACCCTCAAT,1835
TACGAATCTACTTCCG,1835
TTTAAGATAGTAGAGT,1835
ACAACAAATAGCCCCC,1834
AAAGAAGAGTCCCATG,1833
CGATCTCATTGCCACG,1833
GCCTGACAATGTTGAC,1833
GGTAGGCACAAGGGAG,1833
TATATTCGGATTATCA,1833
AGAAAACCGCTTCGTT,1832
AGCACCATTTCTTATA,1832
ATATGGGAACGTGAGC,1832
ATCCCCCTACGGTGGA,1832
ATTTCTAAGACTACTG,1832
CAAAATCATATAGCCT,1832
CCGTGGTTAGAAAAAA,1832
CTTGTAAAACATCCAA,1832
GATTAGTTTTGAATAC,1832
GTAAATACTACGGAAC,1832
TATTGCTTGACATTTA,1832
TCAATGAAGAAGCTTA,1832
TCATGCGCAATAAGGG,1832
TTGTCATATGAATTGT,1832
AGATATGGTTGCGTCT,1831
AGTTTCAACGCCTCTG,1831
ATCTCTATTATGGACA,1831
CAACATGAAATACTTC,1831
TAGAAGTCCCCCAACA,1831
AAAAGGCTAACCCCAC,1830
ATAATTCACAGTAAAA,1830
ATCTATACCAATAGCT,1830
CACGGTCACTAAGCTC,1830
CAGAGTTATAGAACAA,1830
GAATTGTCAGAATTTA,1830
GAGCGCTCACCATTCG,1830
GAGGAGACAGTTCATC,1830
GGTTTAGTGCGGTACT,1830
CCATCCTGGACAAAAT,1829
CGCCGCCCAATGCCTT,1829
TAATAAGCGGGTCAAA,1829
AAACGAAAGTTTTTAA,1828
AACCACCAGTATCGAT,1828
AAGTGCGTGGGAATAC,1828
ACTCCCAAGAAATAAA,1828
CAGAAAAATCAAAACA,1828
GCATATAGCGACATGC,1828
ATAACCAGTGAGGACT,1827
ATAATAAGACGCCCGC,1827
ATAGTCAAAGTTACAG,1827
CGAGGATAGCATGAAC,1827
GATTACTAATTCACCA,1827
GCGTAATTCACCTAAC,1827
TACATATGTATACATC,1827
TGAAAATGATGCGAAA,1827
TTCATCAACATCTTGC,1827
AGAATAATTGCACGAA,1826
ATTAGACAAATGTCTC,1826
GGTTAAAAGATGAAAG,1826
GTGGCCTTGCAGTTAT,1826
TAACGAGCACTTTCCG,1826
TGAAGTCAGATATAGC,1826
TTGCAAACAAGAAAAA,1826
AGTCGGCAAACTGTTA,1825
TAATGCTAGGTGATGA,1825
TCTACTATACATAGGA,1825
TCTCTCTACAAAACCT,1825
TTTGCTTGTTTCCCTT,1825
AACACTCGGAGTATCG,1824
AAGATCAGTGGCGGAC,1824
ACCAGGTAAAATCGTT,1824
CCTTATTGAAAATCTT,1824
CGGGTCTCCTACCTGC,1824
GCTCTGACTAAAAGAC,1824
GTATCATATGTTACTA,1824
TAAAGTTTTAAACATC,1824
TAATACTGGATATCGG,1824
AATTAAAAAGAAGCGT,1823
CCCAGAAGTCCGTTTT,1823
GTAAAAACATAATGGA,1823
TACCCATCGAAATAAT,1823
TGTGTTTCTGTACACT,1823
ACATAACTTTGCCTAA,1822
ACGTCAAATATCGCAA,1822
AGGAAACCAAATTCTT,1822
AGGCGTAAGAAGATAA,1822
ATTAAGATTAGGAATA,1822
ATTTGAAACTAACATA,1822
CCAGATTAAAAAAGAA,1822
CTTCCAGACTATCATG,1822
GATGTTACAGAACAAC,1822
TAAACACATAATAGCA,1822
TAACGAACCTTAACCT,1822
TGTGATCTGACGGTTA,1822
AGCGACAGTGATGCGC,1821
GCAAAAACCGGCCAAA,1821
TAACTACATAACACCT,1821
TCTCGATCAAACCAAA,1821
TGCGGGGTTTACTCCG,1821
TGGCCTCGTACCCCCA,1821
AAGACCAGCAGACACG,1820
AAGAGAAATAGACTAC,1820
ATTATGAAAAGAAAAA,1820
CATAACCTTCCCACTT,1820
CTAAGCATTCCCATGA,1820
CTGATCATAATCGGCA,1820
TCTCCAGCCGTCTTCA,1820
TTATAAAACAGACAGG,1820
AACCTGCTCCAAAGAT,1819
AATACTCACAGTCAAA,1819
CGTATAGTATACTCAA,1819
CTTGTATGATCGACAA,1819
GATACACTGTAAGCCG,1819
TTTATAAGCCAAGTGT,1819
AAGGCTAGGTAACAAA,1818
CTGCGTGAAAACGTAT,1818
GGTCTTACCGAATTAG,1818
GTACCCAAATACCACC,1818
AATATACCTTGCTTCA,1817
CTTAAGCTTGTACCTC,1817
GATTGTCATCAAAGAA,1817
GGATCTTATAGGCTAC,1817
AAAGTGCATCAAGTCA,1816
ACGTGCGTAAAATACA,1816
ACGTTTCTCAAGCGAA,1816
ACTTTGACATTTAAAT,1816
CAAACACCGTTTAACT,1816
GACTTGAGGGTCTGAG,1816
GTTAAGATGCAAGCTG,1816
TGCCCTTGCAGGCCTT,1816
TGTTAGTTATACCGGA,1816
AATAGAAAGGATAGCG,1815
ACAACTGCACACGTTC,1815
AGCAACGAGCAGTTTT,1815
ATTTTTGATGACAGAG,1815
CTGCCAGTCCAGAATT,1815
GACCATGTCAATAGCG,1815
ATGAGGACCTATCCCT,1814
CACGCGCGGCCCGGAG,1814
CCCTGACACAATGCTA,1814
GATGATACGATTACAG,1814
GCAAACGCACACTAAG,1814
AAATACGCTTAAAACT,1813
CAAACAAATCTCAATA,1813
CCAACACTCCAAGGGT,1813
TAACACAATACCAGCA,1813
AACAAGAATTAAGATA,1812
AATGCACCGTAACACT,1812
AGCGCTCTCGAAACCA,1812
GGCAGGTACCGAAAGA,1812
GTAGCGTCCCCGTGTC,1812
AACGATAAAGCACGTT,1811
AATAATACTTCCCCGA,1811
ATAACAATTGTTTCCG,1811
ATTTCATCTATCATGA,1811
CAAATAGGTTTAATGA,1811
CCTATAAAAGACGCCT,1811
CGATAATGCCAAGAGC,1811
CTAAGATTAATAACAC,1811
CTCTACACTAGTACCG,1811
GAAAAACCCAATAATT,1811
GAGCTCTTTCTCAGTA,1811
GAGGGTTTATATCAGC,1811
TATGTGGCAAATAAAA,1811
TCTGACTCTAACACTC,1811
TTAGCCGGTGAGCCCT,1811
AAAGAAGCGCTGGTTC,1810
AGATAATCAATTGACT,1810
ATCAAAAAATAGGTTG,1810
CAACAAATTCCGAATA,1810
CGAAGCACAAGCAGTA,1810
GACGATACGCCCGATG,1810
GCTTTTTGAACATGAA,1810
TAAACCTTTGGAACAC,1810
TACAGCGAGGGTATGC,1810
TACCTCGAGGATAATT,1810
TAGGAATATCGAATCT,1810
TATAAACCGCACCTAC,1810
AAAACAACTTAGTATA,1809
ACGGGCAATAAAAACC,1809
AGTATCAATCACTATG,1809
AGTGTCAAATATTACT,1809
ATCCAACGATCATCCA,1809
ATCCTGATTTCACTAA,1809
CTAAGATGTTTAAAAA,1809
TACAGCTCCTGCACAC,1809
AAAACCCCAGAGGAGT,1808
AAAGACTTTCCTTGTT,1808
GGACGCGTAATGGAAT,1808
TCTTACTCTAGAAGGG,1808
AAAATTTTTATCGCGC,1807
AACGCGTTGACAAAAG,1807
ACTAAACTACGGTTCG,1807
AGCTATCACAATTTGA,1807
CAATAAATTTATAACA,1807
CATCAGTCACTATTTA,1807
GATTGAAAAGATAATA,1807
GGATACATAATTGCAA,1807
TCGGAGGTTCATAAAG,1807
AACACAAAGGGAGTGG,1806
ACCCGTAGAATGAGCA,1806
CCAAGATCAAAAAATA,1806
CTACGTGGCAAAACGA,1806
GAGATGAACGTTCCTA,1806
GATAGTACCCTCTATA,1806
ACATAGCCTTATGAGA,1805
ATCAATCAATGGAACA,1805
CACATGTATAGGTCCT,1805
GGAGTATAGATTAACT,1805
TCACACGGTCAAAGCG,1805
TCTTCCTAAGCCCCGT,1805
ACAACCAAACATCGTT,1804
ATAAATTAAATATGTA,1804
ATGTTAAAGTTGTCAG,1804
ATTTGAAGGCATATAG,1804
CCCAAACTTTATATAC,1804
GGCCAGAAACTAAAAA,1804
TGATATAACAAACCAG,1804
AAATCGTAGGTATCAC,1803
AACAAACATACAAAGC,1803
AACGAAAACTGCCAAG,1803
CTACCTCTTCCTTTCA,1803
TCGCGGCAGAGTCCTA,1803
AATCATGCCACACTAA,1802
GAATGTGTTAATCCCG,1802
GACTAAGAGCTAGCAT,1802
GACTTCTTAATTGACG,1802
GTGACGATCCAAAATA,1802
TCAAAGCCAGCTTTAA,1802
TCGTACAATTAAGATG,1802
TGCGGATGAACTAACG,1802
AAATAAACACAATTAA,1801
AAGTCATCTACTATGT,1801
AGAAAGGACGAAATTC,1801
CCGCAAACAAACATTT,1801
GAATCAAATAAAAGGT,1801
TTAGGGGGATACAGAG,1801
AAGCTTGGATAATAGC,1800
AATCTGCGCGAGCTCT,1800
ATTCAGAAAAAGATTC,1800
CAACGTCGAGCCTTAT,1800
GAACTGTGACCAAAAA,1800
TTACAACACAACGTAT,1800
AAGAAAACATGCGTAA,1799
ACAAAACACAACAATA,1799
ACCTAGACCGATAACG,1799
ATCCAGGAACGCATTA,1799
CAACCGTACTGATCCA,1799
CAAGCCCGAAAGGACC,1799
CGATGGCACCGTATCA,1799
TAACACACAGCACGAC,1799
AAATCTGACTACACAA,1798
CCAATCACAAAACTAT,1798
GAAGAAGACCATGAAA,1798
GAGTGTGCACACTATG,1798
GGATATGGCCGACCAA,1798
GGGGTTCTTAGAAGAT,1798
TAACATACATCTAAGT,1798
TGAAGCATGATACAAA,1798
AACATCCTGTGGACTA,1797
ACGCTACAATAGTCAT,1797
ACTACGTTATAATAAC,1797
CCTCACGAATAGAAGC,1797
CGAGACACACACGAAA,1797
GGTAACCCCCAGTGTA,1797
TTACCCCCGAGGCAGA,1797
AAACATGTATCAAGGC,1796
AAGCACGAAATGACCT,1796
AATCTGAACGATAAAG,1796
ACAAAAAACAACGTAT,1796
ACGAGGCAAGCTTACC,1796
AGTTGGATTAAGTCCT,1796
ATAACAGTAATTAGGT,1796
ATATGCCACAATTATC,1796
CCACATAAGTTACTCA,1796
CTATCTTTACTTTTTA,1796
GAAACTTTAAGGTGGC,1796
GCTGAATCCTCATCAA,1796
GTAGAGGAATTGGTCA,1796
TCCAGTACACTCTTAC,1796
TCGATGACAAAGGCCC,1796
TCGTTTAGTCGTCACT,1796
AAACACCAAATGCTAC,1795
ACCGAACAAAATATCC,1795
AGACACCTATACTGTC,1795
CAATAACAGTCGAACG,1795
GAGATCACATTACAAG,1795
CTACCCCATCGGATAA,1794
GTTTTAAGGTTGAGCC,1794
TAATTGTTTATAATAA,1794
AACCAATAATGAGCTG,1793
ATGGTAGATAATCGGT,1793
CCACCTATGTCGGAGA,1793
ACCAAAGGAATCAGGA,1792
ACTTAGATTTAGACAA,1792
TTCAAAACGGCTATTA,1792
AAATTGCCTAGACCCC,1791
AGCATTTTAGAACTAT,1791
TAAATAATAGGCTCTC,1791
TTAGTGTGCTCAGATA,1791
TTCTTGCCGAAGTAGA,1791
ATAAATCCAACGCGCA,1790
CACGATTACACTCGTA,1790
CCTTAATCCGTTTTAA,1790
CTAGATGAGAAGACTA,1790
GAATAAAAACTACGGC,1790
GATTAAAGAATATTGG,1790
GCTGATAACGTCAACT,1790
TCAATACGTTAGTCAC,1790
TTGAGCATAATTGACG,1790
ACACGCTTCTCAAGAG,1789
ACTTACAATTTGAATT,1789
CTTAGTCGGCCCTTTA,1789
TAAGAATAAACCACAA,1789
TATAGTACTAAAGGGA,1789
AACTAAATACGATTAG,1788
ATACTACCCAACTAAG,1788
TACTCTTATCGAAGTG,1788
ATGTAAGCAGACGGGA,1787
ATTTCAATTCATTAAC,1787
CCAAATGCTACTCATT,1787
CGAAACAATATTAACG,1787
TAGGGATCACCACCCG,1787
TTTTCATTGCAGGCGT,1787
TCGGCCCAAATAAGTA,1786
TGAGTCCTGAACCACT,1786
TTTCGTCTCAATGTAT,1786
AAGCCTCAAACTTGAC,1785
CCCGATTGTCCTATTG,1785
GGTATGAACTTGGATA,1785
AAACGACTTAGCATGT,1784
AAGTTTGATACCTGTT,1784
AGAAAAACGTTCATTG,1784
AGTCCCCTGACTCGGC,1784
ATTATACTATGCTGTT,1784
CTTAAGCTTAAGCTTT,1784
GAAAGAAGGTAAAAGA,1784
GCCTACTTGGGGGAGG,1784
GGCATGTGATCTCGAA,1784
GTGATCTTTATAAACA,1784
TTCTCGAACAAAAATT,1784
AGAGGATCTAGTTAAG,1783
ATTACGCTATAAGTCC,1783
GTATAAAAACCACCGT,1783
AAATCAGACGCCATAG,1782
AGCTTCACCACCGCAA,1782
ATGCTACCCAACTAGA,1782
GAATTTTATTGCATTT,1782
AAATATAGCCAACATC,1781
ATAAACGTATAGAGTT,1781
CCCGAATATGACTCAA,1781
CGGTCGGAGTACCGCA,1781
GATGCTATCAAAAACG,1781
TAAAAAAGGATAATAA,1781
TAAGCAAATTTTGGTA,1781
AAACCCAATCGAACTA,1780
AAGATCTCATTCATAT,1780
ACAACATAGCCGGATA,1780
ATAAGCCAGCAATAAA,1780
CAATAGCAACATTGCT,1780
CACACAAACCAGTCAA,1780
GACGCTAGATCAGCAC,1780
GCTGACCCTATATCCA,1780
ATTGTAAGGCTAAATT,1779
CCAAAATATAACTGAG,1779
GCGTTGTATTTCTTCA,1779
GGCGCTCCTCTTAAAA,1779
TATGGAGTCAGTTAAA,1779
AAAGAGGTATTGATCA,1778
ATCATCCCCACTTCAC,1778
ATCGAGTCAAACATCT,1778
ATGTATCTCCAGTGTA,1778
ATTTATATCGATCCTA,1778
CCGAGCACTTTCCGCA,1778
CGAACCAGGAGTTACA,1778
CGTCAGCAAAGAGTTT,1778
GCTAGCGAGCCCTTAT,1778
TCACTGGGTAAATACC,1778
TCCATTGTCGTCCTAA,1778
TTCTTGAACATCCTCA,1778
TTTACCCTGCGATCAA,1778
CACTTTCTAATTTGTG,1777
CCAACAGAGAAGGACT,1777
TGATACACATTATCGC,1777
TGATTAAAGTGATGAT,1777
TTAAGCCTATTCACCA,1777
AACAGCATGGGGGCTT,1776
ATCTTTTTCCATCAGG,1776
CAACGTTAAGGTATGA,1776
GGGAAGTACTTCCTTA,1776
TAGTGCTCAACAAAAA,1776
ACGGTTAATCTAAGAA,1775
ATAGTGGTACAAAAGG,1775
ATGTCCAACTTAGGGG,1775
CACACTTTAAACTCAG,1775
GGGTATACAAAGTAGA,1775
GGTAGTAACTTCCATA,1775
TCACACTGACAAGTAC,1775
TGTGAACAGGAGCTCA,1775
AAGAACTCTTAAAGCT,1774
ACTATCATCATTAACA,1774
ATCAGAGATAAACCAT,1774
CTCAATAATGGGCTAT,1774
GCAAGTCTGTAACTGA,1774
TCGGTAATTTAAAGAC,1774
AAGCTTCTAGGATCCC,1773
AATCTACCGTATACAG,1773
ACGATGTGGAAATTGC,1773
ACGTTTGCCTGTTGGA,1773
CTTAAAAAGCCCCTGC,1773
GGCTGAACCGACCGAC,1773
TAAACGACAGCTTCTT,1773
TCAGATCATCCCATAA,1773
TTAGATCATGTCGATC,1773
AACGATATCCTTTAAA,1772
AATATACCATGGTCAA,1772
ACTCCCTTTTCATTTT,1772
CTACTTCCGTGTAATA,1772
GAACTGATTATCATCC,1772
GAGATACGAACTGGAA,1772
GATCACTCCCGTACTG,1772
GTAAGAGAACTGTGAC,1772
TAACAAGTACCCGTTC,1772
TCGCATTGTCTAAACA,1772
AAAAGACAAGGTACTC,1771
AAGGCATCCTTCCGGT,1771
AATCTCACCGCAATGA,1771
AGTATAAAAACTTGTC,1771
ATACAATACTCCTAAA,1771
GACCACAACACCCCTG,1771
GGCAAACCCGTAAAAG,1771
GTTCTGAATATGCATA,1771
AAAATAAAAGTTAAAT,1770
TTAGGATACACGTTTA,1770
AACAACCAGAGTACAG,1769
AATACAAAATTGAACC,1769
AATCTATCTATAGGAA,1769
ACCCAGTAAATCCTTG,1769
CCGAACATACGACAAT,1769
GCAACAAATATCAATA,1769
GGCAATATAAAAGAAT,1769
TAACCAAGCCCCAATT,1769
TACCTTTGAAAGCCCA,1769
TCAAGGAGGCTCATTG,1769
TCACCTCTCATATTCC,1769
TCGATACCACTTCAAG,1769
TGCATAAGTGTAAAAT,1769
TGCTGTATCCTTTAGA,1769
AAAAAACATGGGATTA,1768
CAGCAAGAAGGCCACG,1768
GCACAATACGGAAACA,1768
TTCAAACCATGTCATG,1768
AAGAAGTCGCCCCTAG,1767
AGACCGCATTGGAGTG,1767
AGGAAACATGTAACGA,1767
CAGGAAAACTTATCAA,1767
CTCAAAGAATCGACTT,1767
CTGATGACGTTTGTAC,1767
TAATGAACAACCAAAC,1767
TTATGCTCTCCAAAAG,1767
AGAAAGCAATATTCAG,1766
AGATCGGTCGATAGTT,1766
CACTCGTATATATAAT,1766
CATGGCTTTGAAAAAT,1766
CCGCAAGCTCATCTAG,1766
CTAGGACCCTGTGAAC,1765
GAAAACACCACGAATC,1765
GAATCCCAAAGATTCG,1765
GCGGCAAAATACTAAA,1765
GGGTCCGCTACAACAA,1765
GTGCAACAAGGTAATA,1765
AACTTGCTAAACTTCT,1764
ACAACCTAATACTAGT,1764
AGAATCGCACTATAAA,1764
CCACACGAGTTTTTCT,1764
GTGTCTAGATTCACTC,1764
TCAACACGAGTAATAT,1764
TCGATTTCATCAGACC,1764
ACATCGCCTACAGTTT,1763
AGATCTTTTCATAGAC,1763
CCGGCTTAAAAAATCA,1763
GAGAATTTGTAGGAAA,1763
GCGATCAGCTGGGTGT,1763
TTTACACAAAGACTTC,1763
AACGTAACACTTACAC,1762
AAGTAAGGTTTGGAAT,1762
AATGATATATGAAACA,1762
ATTCGGAGGTCCACAA,1762
CACAAAACGCAAAAGC,1762
CTAATCCGACAATGAG,1762
GAACCGTGCAACGGTT,1762
GCTTACTGTTCTAAAT,1762
GGCTCAGACGGAACTT,1762
TTACCCTATAATCTAA,1762
CAAGAGCACCTGTCGA,1761
GGCGGCATTACACAAG,1761
TAAAACTTCCTAAAGA,1761
TAGAAGTTTTAATGGA,1761
TATGAGACCCTCTAGG,1761
TTTCACCAATTTCTCA,1761
AAAGAAGCAAACAACT,1760
AACTAAGGTCTCCCAT,1760
AAGACGGTAAGAGCTA,1760
ACACAAATTTAATCAC,1760
ACACCCCTCCTAATAA,1760
CACAATGGCCCAGTCA,1760
CGAACAGTGGTAAAAT,1760
CGATACAAGACTACCC,1760
CTGATCCCTCCAGGTC,1760
GTGATGAAAATCATAA,1760
TAGTCAAATGGCGGAC,1760
TCAACTAAAAAAATGT,1760
AAATTATTTCACCCAC,1759
ACAGAACCCTAGGCGA,1759
CAAACTATCGTCCTTC,1759
GATGCCAACGTGGTTA,1759
GATTAGTATAAAATAA,1759
TATGTTAAGCACGTAT,1759
AACTTAATTCATTAAA,1758
AATAAAAACTTGGTTC,1758
ACAAAGAGCGATTCCA,1758
ATGGCCAAGACGGTAC,1758
CCCGTTAAGGAGTTGG,1758
GAGCTGTATAACACCC,1758
GGCTACCATTAAAGAA,1758
TCAAGAATGCATCCAT,1758
TGACCCCAAGGCGAGT,1758
AAAATGAGAAAAAACT,1757
CTAACCCTACAAAGAT,1757
CTCCACGCGCTACTAC,1757
GACTATACAAAATACA,1757
GATAGAGTGCCATGCG,1757
TCGGCGATGCACATTA,1757
TTAACGTCGAATCCGA,1757
GTAACCGGTTTTTCAT,1756
TAAAACTTGTTTTTGC,1756
TGAAGATTTACGAACA,1756
AACAATCGTAGAGCTG,1755
ACATCCAGATGTAACA,1755
ACTTCCCGCTTTAGCA,1755
CACACCCAATCACCAC,1755
CGAATAGCTGATGCTA,1755
CGAGGAAGAGCCTCGA,1755
CTCGGTCAAATAAAAT,1755
GAAAAATCTTATATAT,1755
TTAAATTGAATTAGGG,1755
TTGTCGAAGACAAATT,1755
TTTACTATGGCTTGCT,1755
AGTTACATAATAGTCA,1754
GATAATAGAATACTAA,1754
TAATGCAATCCGAAAT,1754
TACTAATAAGTGAGCT,1754
TCCATCGGACAACCTT,1754
AAACTCGACAAACTAT,1753
ACTGAACGAAGATTGT,1753
ATCAAATAGTTCAAAT,1753
ATCCAGATGCTTGAGT,1753
ATGACAGTACAGGTAA,1753
ATTAATTATCTACACA,1753
CGAGGAAGATGGTTTG,1753
CTTGGAACCTTATAGA,1753
GAAGTGAGTGAAACGA,1753
TAAGTTTCCCTCCTGC,1753
AAAATACAATTCTCAC,1752
AAACGTAATGTTACTA,1752
ACGGATTATTATTGTC,1752
AGATCACTTGGTAGTT,1752
ATAAGCTAGATGCATT,1752
CGGAACAGGTATAAAT,1752
GGCACATGGGTTCCTC,1752
GGTAGAGTAAATGTAA,1752
TACCACGCATCAGAAC,1752
TTAACTCAATTAGGCG,1752
ACACCCGTAATTAGAA,1751
CCTACTCTTTCAAATA,1751
GCAATGACCGATAGAT,1751
TACTTTAAGGAGTTAC,1751
AGAGTAACAACTGAGA,1750
ATTGAACACCAAAGTG,1750
CAGGCCGGTTTTCACG,1750
CCTGCAATTACTGTTA,1750
GCCCGATACGTACATA,1750
GTAAGCTGTGTCAAAG,1750
TCCACGCCCTAACCAA,1750
TGTCCGAGCCACAGGG,1750
AGTCCATCGTTAACAT,1749
CTAAAGATTCGTTTGG,1749
TAACCGTTTATAAATC,1749
TATATGTGTTTTCGAA,1749
TGTAAAAGTATGACCA,1749
TTAACCAGGTTCAAAC,1749
AGACAAGCGAAAATGA,1748
ATGGAAGCGTTGCTGG,1748
CGTTCCATACCAGTGA,1748
GAAGCACTGATCTGAA,1748
GCATCAACCATACATG,1748
GTAAATCATCTTACAG,1748
GTACGAACAGGACTTG,1748
TAATTGCGTTAGGAGA,1748
ACAGGTTACGAATACA,1747
ACGACTATATACGACA,1747
CTCAAATAACACAATT,1747
GCACGGCCTAGTTATG,1747
GTTTACGAATCAGCCC,1747
TTTTACAGGAAACCTG,1747
ACTCACGCTCTGACCT,1746
AGGTCAGAAGTGCACA,1746
ATTTCGGGTTATTCAT,1746
CAGGGCCAGAACAAAC,1746
CCGGCCCTAATCCTTT,1746
GAGACTATCAAAAACT,1746
GAGGAGACTATATACA,1746
GCCGAGTTCTAACGCC,1746
GTTAGCTCCGCATTCA,1746
GTTGATATACCTAACA,1746
GTTGCAGACATTGTGT,1746
TCAAACGCAGCATCAA,1746
AACATCAACACCGCAT,1745
AATCTTGTAGTCCCGA,1745
AATGTTGATCTGTTAA,1745
ACTCTAAGAGACCGAC,1745
ATAAATTGCACTATCC,1745
ATAGCAAAACTTTTAA,1745
ATATACGTACGAATTT,1745
CAAATTGTTGATGCTA,1745
CAACAATATCTTAAAT,1745
GACACAAGAATTAGAA,1745
GCTCAAAGGACTTTTT,1745
GTCACTGTTAATACAA,1745
TAAGCCGGAAACATAT,1745
TAATCACGCTGTATTT,1745
TAGTCTGGATTAACCG,1745
TCTCTAATAAGCACGC,1745
TCTGAAACAAAGTCAA,1745
TTTTTTAAGAACTGGA,1745
AACTCACACGAGGATG,1744
ACGATGATGAAAATGA,1744
ATAAGACAGAAGTATC,1744
CAGCATGTAAAACCTA,1744
CCACACGGGCATCGTG,1744
CCACCACACGGATGTT,1744
CGTATGTTTAAAGACC,1744
CTCAAAGAACGTGTAC,1744
CTGTTTTATAACTACT,1744
GAGTAACCCGTTCTCC,1744
GCGCAGTTATATAACT,1744
GGATAAAAAAAACCAA,1744
TAGTGAACCCCACAAT,1744
TTCACACTGCGGCTTT,1744
ACCAATGCTAAAGAAG,1743
TGCAAGGTCCTTTGCT,1743
ACCAATGCAGTAACGA,1742
ACTACTGACACGGGAC,1742
GATATCGAGACCAAGA,1742
TAAGGAACCTCCTTAC,1742
TATCCATCAGATCCCT,1742
TATTTCCATTAAGTAG,1742
TGGGGCAATGTTGGAA,1742
AATCATGCGTTTAATG,1741
CTAGGCAAATAATCCA,1741
CTTCACAACTTTTCGA,1741
TCTAATACACTGTTAG,1741
TGACTCGGCGAAGACG,1741
TGTCGAACGCAGGGTG,1741
TTTAATCTCCTGATTA,1741
AACTCAAGTAGGATAG,1740
AATAATGCTTTTAGAC,1740
AGTAACCAAAAATACA,1740
CATTGGTTTAAGAACC,1740
TAAATCTGGATTTCGA,1740
TAAGAGACTAACATGA,1740
TCCAAATTGTAAAATC,1740
TCGACCAGAAGAGCAG,1740
AATATCCAAGTAAGAA,1739
AGCGTGCTAAAGATAA,1739
ATCGAGGCCATAATTT,1739
GATCGCAGAATCCAAA,1739
TAAATAGAGCAACAAT,1739
TGGTGATCACATTAAT,1739
TGGTTTAGCAGCAAGA,1739
TGTACGCAAAGTTGGA,1739
AACTGACTGAGCGTAG,1738
CATATTATTATGTGCT,1738
CGGAATGCAAATTGGA,1738
TAAAGACCTTCATGTT,1738
ACAAGAAAATTAATAT,1737
CTAAATTGACACATAC,1737
AAACTATAGCGGGGTG,1736
AACAATAACAAGCCAA,1736
ACCGACTTGCAAGACA,1736
ATACATAAGAATTATA,1736
CGTTGTGCTTTAATGG,1736
CTAGAGCGTTAACAAC,1736
GAAGTCTTTGGATGAT,1736
GAGTGGTACCAGCCAA,1736
GCATGAATAGTCGGCA,1736
GGAATCGACCTCCCTA,1736
GTACTGTCTAACGATC,1736
TAAAGACTTGAACAAT,1736
TAACATTCATTAGAGG,1736
TACATTCCTATTAACA,1736
TAGGTAACAATCAACA,1736
TAGTAACAATCGCCCA,1736
TTGGAAAACTAACCCG,1736
AACTTACTGTGGTGAA,1735
AGCCGATACGCCGGAT,1735
ATGTAACGCAATCTAT,1735
GAATAGACTTCAGCCA,1735
GGCTAGAAGGCTTGTC,1735
TTCCTGACGTTTGAAT,1735
TTTCACCAAAGAATGA,1735
AATTACACTTTATTGG,1734
ATACCTAAGTACAAAT,1734
CACCCTTCCACCGACT,1734
CCTGATAGCTAAAAAG,1734
CTATAATAGTCCAAGC,1734
GATATTGCATAAGGCC,1734
TAAACCAACATAAATA,1734
TTTCACTTACACAGTC,1734
CAAACACCGAAGAACC,1733
CGAAGGAATGTCGCTC,1733
CTCACTAAACATACGA,1733
CTTAACAACCGAGTAA,1733
CTTGGGACCTTTACAC,1733
GTATAGACAGCTCATT,1733
GTTTTACAGCCTAAAT,1733
TACAGTGCCTGATCAG,1733
TGAAGATTCGACATTG,1733
AGAGCATTTAGACGCG,1732
AGGAAACTACAGAAAA,1732
CAGCCTTAAACCACGG,1732
CATAGTTTCACCCTAA,1732
CATCTATTCCATAGGT,1732
GTAAGGCTTCAGGCCA,1732
GTAAGGTATTGAAAGA,1732
TGTTACTGACATATGA,1732
AATTTAAAGAACCTGA,1731
AGGGACAGTACCGGAT,1731
AGTATACTCATGGAAT,1731
AGTTATTATACATTAA,1731
CACGACTCAATCATGC,1731
GCCGGTTTATTTACGT,1731
TAACGATACTACAGAC,1731
TAGCAAACGATCACGG,1731
TTTTGCGTTCACGCCA,1731
AAATCGTGCGTAAGGA,1730
AAGAACTGAGCAACCA,1730
AAGCTCAATTACATTC,1730
AATACTAAATTAAAAA,1730
ACATTGCAGATATATG,1730
ATCACCCATATTAAAA,1730
CACGACCTAAAATTTT,1730
CGAAAGACTTCCACCA,1730
GACAGAACCAAAAGCT,1730
GCGACGCTTAACCGGC,1730
GTCTGGACGGACACAA,1730
TAAGTAGTGAGATTGA,1730
TATTATATATTAAAGA,1730
TCGTTCTCTACAACCC,1730
TGGAGCCATTAGTCCC,1730
TGTTTAAGAACTGGCA,1730
AATTGAATACAAGGAT,1729
ATGGTGCCGCGCCGTT,1729
CAGCAAAATGGTGACA,1729
CATGGGTGAACTCCTC,1729
CTAGGAGGGACGGTCC,1729
GAAAAACCAGAATTCA,1729
GTATAAGAGTGGCGAC,1729
AAGCTATAAATCAATA,1728
ACAGTACCAATTTAGA,1728
CAAGTAACACAGATAA,1728
CAGAGAGTGTTCAATA,1728
CTAATTCAAAATGAGA,1728
GGGCAAGAACTGCTCC,1728
TATCGAACTATCGCAA,1728
TTTTTCTCTGCCGTAG,1728
AAATAGTAATACTGCA,1727
GGATTAATAGCGACTA,1727
GTTAAGGATACAAGTC,1727
GTTGCCTTCCCTGGTA,1727
TCAATATAACACAGAG,1727
TGAAGATCACAACAAA,1727
TTATATCAGCTAAAAA,1727
AGCCTGTGCCATTTTG,1726
CTAGATATTGAAAGGT,1726
GCAACTCCGTATAGGA,1726
GGAACACGATTATACA,1726
TATAATGTGTTTAATG,1726
TCCTGTTTACCAGAAA,1726
AAAAGCTCGAATGCAA,1725
AAATAATATTCTGTCC,1725
AAATATATGTAGCGTC,1725
ACGAAAAGACCTACAG,1725
ACGACCGGGCGTTCCC,1725
ACGTATAACAGTAAAC,1725
ATCATTACACGACCTA,1725
GCGACACCAGGTGACA,1725
GGAACCTTAGCACCTA,1725
GTGGCCAGTTAATAAT,1725
TAGAAGCTCATCGTTT,1725
TGTAAACGTTATGTGA,1725
TTATAGTCGTATGTAA,1725
ACCCCGGATTCCATGA,1724
AGGACGTGAGGCACAT,1724
ATTAGAGTACACGAAC,1724
CAGAAACTTGTAAAAT,1724
CGTTAGAATACCATCA,1724
GGAAATATCTTAAGTG,1724
GGATGGAAAGTAATAA,1724
AAAGAAGCTTTATGTT,1723
ACAACCAGAAACATGA,1723
ATGTAGAAACATGTGC,1723
CAAAGTGAATACCCCT,1723
GTAACACAGCATTGAA,1723
TACATAGAATATGATA,1723
TGCAATAAACAAACAG,1723
CAGTCCATTAAAGAGA,1722
CCACCTAAAATTTTCT,1722
GAAAGTAAACGCTCTG,1722
GGTTTATACCAAAAAT,1722
TTCAATCTTTCAACCA,1722
AATCGTATAAACAATT,1721
CAATAAATTAACATAT,1721
CCTGTAACCTATTAAG,1721
CGATTCAACAAACAAA,1721
TGTCCACTTCTGTTGT,1721
AAAAGGTCAAAATCAT,1720
AAAATAGTAAATCTCC,1720
AAAGTAGCTACGGGGT,1720
AGGCGCAGAGACGCGA,1720
ATTATAGAAAGCATAT,1720
CAACGGAAGTACAGAG,1720
GAGTAATATACGAATT,1720
GATACATTACGAACTG,1720
GTTAAAGATAGATTAG,1720
TAAAATACAGACGGCT,1720
TACACATGAGTTACGC,1720
TAGCGGAACTCGTAAA,1720
TTGATTCTCCCCCCAA,1720
TTGCTACACATGTCGA,1720
AACACCTGTGTCACTG,1719
AGTAGAGATTCCCTAA,1719
ATACACTCCGTCCTTT,1719
ATGTTTGCGAATTACG,1719
CAACCCAGTTTGCCAA,1719
CAGGAACTACTCGTCT,1719
GTAAATGATCTAAATC,1719
TACCATTTACAAAACT,1719
TTCCTAACTAATGGCA,1719
TTGATAATCCTGCACG,1719
AAACTTAAAGAGAAGA,1718
AAGGGCTTGAGACTTC,1718
ACATTTTCAATAACAG,1718
AGTTTTAATCACCAAT,1718
ATTCGTCAACACACAA,1718
CTAAACTAACATGTAA,1718
GATAAACACACACTTT,1718
GATGTATTTGTGTAAC,1718
TAACACTCAATAATTG,1718
AAGTGTAAAGTAATGG,1717
CTTGAAAAATTAAGGT,1717
GACATCGAGGCTACGC,1717
TGAGTTAACCGACGAG,1717
TTAGATCCAACGGTGA,1717
TTTGCCCAGCAGATCC,1717
AATACCCTCGGTAACA,1716
CCATTTCTGCAGTTAA,1716
CCCTACCGACAAACCA,1716
GAATTTAACAAACCAT,1716
TAAATGCTCTTGATAT,1716
AAATGTCCATGAAGTT,1715
AAGTTCTACGCTTCCA,1715
ACATATCCTCAATAAG,1715
AGATGACCTTGATGAC,1715
AGGTAGAAGCGTATCA,1715
AGTTTTTTCGCCAAGG,1715
CTAGGCGGACATATAT,1715
CTCCTTGTATTGTAGA,1715
CTGATTTTATAAGCGC,1715
CTTCAAGGCCCAGATG,1715
GAGAACGAAAATGGGC,1715
GATAGTTCAAAGTGAT,1715
GCATGATGTTAAGGTT,1715
GCTGCGCTTCCATCCC,1715
GGGTATCACACATGCA,1715
TATTCCATCGTCCGGC,1715
TGAAGCATCCAGGCAT,1715
TGAGGACATGTGTAAA,1715
TGCGACGGAAAACAGA,1715
TTGATACCAGCCAGAA,1715
TTGGTTCACCTTAACA,1715
AAAAGTAAGGCTTCAT,1714
CCGCGCTTAACAGCAA,1714
GAAAGAAAAACCTATG,1714
GGAGTGTTACAACCAC,1714
GGCAGATAAGAACACG,1714
TAAAAAAACGATACAT,1714
TGGTGACTAATAAATA,1714
TTCCAGTAAAAGAATA,1714
ACATCCTTATTAGCTG,1713
ACTGGCCCGCCTAAAT,1713
CAATTGGTAAAAAATC,1713
CATAATGAAAAACCGG,1713
CCCAAACCATATTATT,1713
CCTCCTATGGGCTCAA,1713
TGAATGAGCCTCATTG,1713
TGTCGCACGTTAGCAA,1713
AAATAATTAGTAACAC,1712
AGTTAAAGACATGTTA,1712
ATATGATCAGGAGTGA,1712
CATTTAAAAAATCCCA,1712
CCAAAAGCTCACAGAT,1712
CTACCTAACTCCACGG,1712
GAAGAATTGAAAACTT,1712
GGGCAAATCGCACTCC,1712
GGTACAAGAAGCGATA,1712
TACCGTCGGTACAAAA,1712
TCCGACCTATCTAAGG,1712
AACCAACTGAATAACA,1711
AACGCTAGAGAAGTAT,1711
ATATCCCCTACACACT,1711
ATCGGCATATTAATAA,1711
CCATCTTAGTACTTCA,1711
CTGTATATAAAATAGG,1711
GAAACCGGATGATCAT,1711
GCCCCTCTAGCGCCAA,1711
AAAACCTTAATAAGTT,1710
TAATTTAGTGGTCGAC,1710
TTAAAAATTCGGGATA,1710
AACCGTTATCCAGCAA,1709
AGCATGAACCTTACGT,1709
CAAAACCAAAGTCGCA,1709
GCATAAAACATATAGC,1709
GGATACCGCTTCCTAT,1709
TAACGCAAACAGCAGG,1709
TTGAATAGTTCTTTAA,1709
AAACAACAAAAAAGCG,1708
ATAAAGAAACAAACGA,1708
CAAGGGGAGGCACCAT,1708
CCAACCAAGGAGTAAT,1708
TAAAAGTCTGAAAAGA,1708
TATGGGAGATAAAAAC,1708
TGAAAAAAAGAGGTTA,1708
AACAATCCCATGCGGC,1707
ATCACCTTACCTCGTG,1707
CAACTACTCTTGCACC,1707
GAGAATGGCTGTTTTG,1707
TAAAGTAAGAAAGCAC,1707
TAGAAAATCTTTGAAA,1707
ACAGAACGCGAAACGA,1706
ACGACTCTATAAAATA,1706
AGATAACATCCAGGTA,1706
ATAGGCCAGATATATC,1706
ATCGCATAGTGTCGCT,1706
ATTGAGTAAAATTCAC,1706
CGTGGTCACTTAAAAA,1706
GTTTGCCCACCCAAAC,1706
TAACGAAGCGAGGCCC,1706
TATCTCAAATACCAAG,1706
ACAACGAACGTTAATC,1705
ACTTTAACGACAATTT,1705
AGTTTTATCATTTAGC,1705
ATCATTCTAATTAAAA,1705
ATGCAAGAAATTTCCG,1705
GGCGTGTCCATACGTG,1705
GTTGAACTTGGCTCCA,1705
TTCTTATGGTCCTTAC,1705
AATGTGCCAACGACAC,1704
ATAGAGGTTTGGATTT,1704
ATAGTGTACGTACCAT,1704
CAATTACGTACCATAT,1704
CACACAACATTAACCT,1704
GTATAAACTCACATCA,1704
GTCTCATACGAAGAGT,1704
TAGTTTGCGATTACAC,1704
ACCAGGGTAAGCAAAC,1703
ACTGGCAGAAAGTCCG,1703
ACTTTCCAACTGAGGT,1703
AGAAATAAGATAACTG,1703
ATTGCTCCAGACACAA,1703
CGATTCCATTTACTCC,1703
GAACCTTAATGTTTAG,1703
GCATATACACTCAAAT,1703
TCTAATATTAACTACC,1703
AAAAGGACCGCGTAGC,1702
ATATCAACTAACAGAG,1702
TAAAGTGCTAGAGGAA,1702
TCCGGGAGATGTAACA,1702
AAATAGGTTTACATTA,1701
ACAGTAATTTTTTCTT,1701
ACTATCTCGACGCCTT,1701
AGAGCCTAATTATCTG,1701
AGGCAAAGATTAACAG,1701
CATGCGGCATTGCTAC,1701
CCATTATAAAATCGCG,1701
GTCATATATCTGGCCG,1701
GTCTTCTTTACAATGA,1701
TACTGTGGAGGAGACG,1701
TCTCCTTCACGGACAA,1701
TGATGGGACCACCTCC,1701
TTGCGAGATATGTTCA,1701
AAAGGTTAATAACGAT,1700
ACTGATGCCAAATATA,1700
ATCAAACGATGACAGG,1700
CTAGTCCTCCATGACC,1700
GAAGCAAAGGAATCGT,1700
TATTTGCCGCAATAAA,1700
TTAGAGTTTTTGTCGG,1700
AAAGGTATATCCTCCT,1699
ACATATACTGCTAATG,1699
ATATACTCTAGATACC,1699
CAATCATATTATCTAG,1699
GGGTGGCTGGCGCCAA,1699
TTAGCAGATCAAGGTC,1699
AAGAGGCAATTAGGGG,1698
ACAAAACAAAATTTTT,1698
ACTAACTATTTCAAGA,1698
ACTCAATAAAACATGA,1698
AGGTGTACAAGCAGCA,1698
ATTGAAAATAATCAGT,1698
CGAGTCCCGTACGATT,1698
GTCATGATATAAACAG,1698
TACACGTTTATATACT,1698
ACAGTAGGCCTAGTGA,1697
CCACAGGAAAGGAGAG,1697
GAAATAGAGCAGTCAA,1697
TAATGCGAAACTAAAT,1697
TTATCATTACAAAATA,1697
TTGATAATAATACCCC,1697
AAACTTAGCGGACGTA,1696
ATAGTCACTCCGGAGC,1696
CAAGACATATCGAGAC,1696
CAGGAAGACGGATAGC,1696
GGCGTTCACATGAACC,1696
TAACCCTGGCTTTTAT,1696
TAACTCTTTCGTAGCA,1696
TAAGTTATGATACTTC,1696
TAGGACTTATACACAA,1696
TCACGTTGTGACATAA,1696
AAACACTGGAGAAGGA,1695
ACGTAACCCCAACCGT,1695
AGCGTAGCTACTAGTT,1695
CAACTAATCCATTGGA,1695
CATAATAACACGCGAT,1695
CATGCACTCATAAAAC,1695
CGGCAGAAATGCCTTA,1695
CTCAAAAATCACTCCA,1695
CTTTCGGCGCAAAAAA,1695
TAGCCTAAATAGTACA,1695
TTAGGAAGGACAGTAA,1695
CAATGTGTTTCGCTAA,1694
CAGCAGAAGGAAGTAG,1694
CATTTACCCATCATGA,1694
CCAAGACGGTTTAAGT,1694
CTAACGTGAATGCATA,1694
CTAATGATTAATCCGT,1694
CTTCCCATAAATCCAA,1694
GAGGTAAATGGACTAC,1694
GTCCTCACTCTAAAGC,1694
TCCGATCATAATTCGA,1694
TTAAAGGTCGTATTTA,1694
TTCTAACTACTAACAG,1694
ACCCGAGACCCATGAA,1693
ATAAAATTGAAAAAAA,1693
GACGCTAAAAGTAAGG,1693
GAGTATGAAATCTAGC,1693
GTACACGATACGTTCA,1693
TCCATAAATGACTTGA,1693
AAAATAAACCATGGCC,1692
AACTTTCCTACTACGC,1692
ACCGTAAGGCCCTTCC,1692
AGATGGTGAGCAAATA,1692
GCTCAGTCCATACATC,1692
GGCATATAGTACAAGT,1692
TAAGAGTAAGCAAAAT,1692
TCCGAAAAGAACAGGT,1692
TTTGCAGCCTTCAAGC,1692
ACCTAAAACCTTATAA,1691
AGAGAATTAATTACCA,1691
CCCACCACACAGCTGT,1691
CCCTAATGCTCAGGGT,1691
GGATAATTAGGATGTG,1691
GGGCATAAACGCGGAA,1691
TACTAGTTAACCAATT,1691
TTATGCCAAAACGATA,1691
TTTAGCAGTATCCAGG,1691
AACAATAGTGACTGAC,1690
ACGATTCCACAACTAT,1690
AGCTAACAATATAAAC,1690
ATTCACAAGCGAAAAG,1690
GACTAAAAGCGCCAGC,1690
GGTAACAATTTAAATC,1690
GTGCTAACATGACAGT,1690
TGCTATAATACCTACC,1690
ATTTAACATGAAGCCC,1689
CAACATATAAACCCAG,1689
GTTAAAAAAAATCATA,1689
TACGGTGGATACGACG,1689
TATCAATTTTTAAGCA,1689
TCTGAAGCTAGAACTC,1689
ACTGCCTCGATACTAT,1688
AGATCGAACAGTACAC,1688
CCCAAGCCAGTGGAGC,1688
CTACTTGTAACAACCA,1688
GGTTTAATAGAACAAA,1688
TGCAGGAACAATACAT,1688
TGTAAATGGGGTCGGC,1688
AATGTGCCCCCTATTT,1687
CAGCGAATTGTACCTG,1687
CTTATTAACAATGGCC,1687
TACTTGAGTAACATCC,1687
TCCGTATTAGGCATTT,1687
TTCTGGAAAAAAACGA,1687
CCAAGAATATATATAT,1686
CGCAGCGGCTACGAAG,1686
CGCGATCACTATATAT,1686
CTCAATTAACAATCCG,1686
GCATATTGTAAAACGA,1686
GTCGACAAAAACCAAC,1686
GTGAAAGGAACGTCTA,1686
TAACTTCTTGACGGCA,1686
TCTACAGTTTTGTAGA,1686
TTCTTACGGCACGAAA,1686
TTTTTTACCTCAATCA,1686
AGCCGATACAAATGAT,1685
ATTGAATGCGCACATT,1685
CTTAACCGCCACGCTG,1685
CTTGCAACCTGCTAAA,1685
GATTCCGCCTAGAGTG,1685
GCTGTCAGCTTCTGTA,1685
TCTCGCAAAGTCTACA,1685
TTCATTGTTAAGAGCT,1685
ACCCCACCCGAACACA,1684
ACCGAGAATTGTTGAA,1684
AGACATAATAAACGAA,1684
AGTTCCTAAGATAGGC,1684
ATCCACATCGACAATT,1684
CATATAATAAACTAAG,1684
CGATTTAACATCGGAC,1684
CGTCCCATTTGTCACA,1684
GCTATAATGTAAGGTC,1684
TATCTCTCATAAACGC,1684
TCCTACGCGGTCGGTA,1684
TGACTTGAGAGCACGC,1684
TTCCACATATATTTGA,1684
TTCCTTCCATGCCGTC,1684
ACTGACGTTCTGCCTT,1683
ATAAGACACCTGCTCC,1683
CATCGAAGTAACACAA,1683
GAAAGCCGCAAGACAG,1683
GACCGGATAGATGCGG,1683
GTCCGGACGGAGGACT,1683
TAAAAAACTTTTCATC,1683
TTCTACCTAAACGATG,1683
AACAATGATACGCAGG,1682
AACCAGAAACTCATTT,1682
ATAGACAACATCAATA,1682
CAACCCAAAATATATA,1682
CTCTTAAAGCTACGGG,1682
TAAAAAATTCAGAATT,1682
TAAACAACGAATACAA,1682
TAAGCAAATCGAATAC,1682
TATAATGAGTGGGAAA,1682
TTAGCAAAAGATCAAT,1682
TTAGCCGTAAACTGAA,1682
AAATAAGGTAAAAAAA,1681
AATGCAAGAACTAAAA,1681
ACATCAGGCTAAACCA,1681
CAACTCCAACATGGAG,1681
GGGTACTGTAAGGCTA,1681
GTCCTAAGGCTTAAGG,1681
ACTTACAATCAGGCCG,1680
ATAACTTTACATCGTA,1680
ATAAGATTCGAAGTTT,1680
ATAGATCAATACGTCT,1680
ATGATATCGTAAGCGA,1680
CTAGGTTACTGTTTGA,1680
GGATGTTTAGTTTAAA,1680
TAGGTATGTTAGGTCA,1680
TCACAACCTAAAAGCT,1680
TCCTTCGAAAGTGACA,1680
TTCAATTGGGGCCTGG,1680
TTTACGGCAAAACTTA,1680
AGAGGTCAACCAGACC,1679
ATTCCAAAAAACCATC,1679
CGCCCGAAGATCCCTT,1679
TATCTCGATAACCATA,1679
TGTACTATGAATGAAG,1679
TGTTAATAAACTGACA,1679
AAAGTCCTTTAAAGGC,1678
ACCGCTGCCTCAATAA,1678
CAATTTAACAACGATG,1678
CCATTTATAATGTAAT,1678
CGAACAGGCGACTATG,1678
CGTCGGTTATCGTATG,1678
GACTTCTTCAACTACA,1678
GCAACGTAAGTCTGAC,1678
GGAGGCCGCAAGTTAA,1678
GGCAGCTGATAGAAGT,1678
TATAGTACTTAAAGAA,1678
AAGATTATACACGATG,1677
ATAGACTAAACCTCAT,1677
ATTATCAAAAACGCCT,1677
CACTAATAATCAAACA,1677
CAGATGTTATGATCAA,1677
CCCGATAACCCGCATA,1677
CCTTAGAAATTAAATT,1677
GACCCCTCTAGTATTT,1677
TAATGCCTATGAATAC,1677
TACCTACCACTCCAAG,1677
TCGAGATTAGGATTTA,1677
TGAAAAAATCATAGAA,1677
ATAGAGGCGTACTGAA,1676
ATCGTCCCAAATAATA,1676
CAAACCTTCGATTTCG,1676
CAAGTTAATTAATGAC,1676
TCAAACCAACCACACG,1676
TGAGGACGTCTGACCG,1676
TTCCATATGCACTAAC,1676
AACACGCCAGACATGC,1675
AACTAAAGTGCAAGAA,1675
AGCTCAAACTCATACA,1675
CAAAATACAAAACGCT,1675
TGACTCAGAACCATAA,1675
TGCATGACGCTATCAT,1675
ACTGCCTGCAGAGTAA,1674
AGTCTAAAAATGAACA,1674
ATAGAACCGTTACGGA,1674
GATCGTTAAGTGAACC,1674
TAAAACTCACCAAATG,1674
TAAGTTGATATTCAAT,1674
AAAATATACAAGAATA,1673
ACTTTGGTAATAAACA,1673
AGTATTAACAAACGGC,1673
ATAGAGCGCTGCAAAA,1673
ATAGCAAAATCTTAAG,1673
CCGTTAATGTTCTATA,1673
CCTAAGAGCATGGACT,1673
CTCCTTGGATTAACCT,1673
CTTTCAGAATGGCTTA,1673
GAGGTCAGATGCTTAG,1673
GGTGAGCTATCCCAAG,1673
TAAAGGTGATTCAATT,1673
TCTAAATTTTGCCACC,1673
TGAACTTCTAAAAATC,1673
AACAATTTTAATTCAG,1672
AAGATCGTCCACCTTG,1672
AAGATGATACTGGACC,1672
AATTAGAGTCGAAAGA,1672
AATTTGTGGAAGTATA,1672
CCCGTCATTTTTAAGC,1672
CCCTAGATCCACTTAA,1672
GATACTCAGATAAAAC,1672
GCTAACTAGCGTGGAG,1672
GGAGATTAAATTTATG,1672
GTATTTTCCACCGAGG,1672
TAAAGCTGGGAGAATG,1672
TAATATAAGATCACTT,1672
TGGGGTGCTAGAAGAC,1672
ACGCACGTTCGACGTC,1671
AGTTGACGCTAAAGGC,1671
CACATTCGACCGCAAA,1671
CCAAGGCGACAACAAT,1671
GAATGGATATCCAAGT,1671
TAAATACAGATTTCTT,1671
TAACAAAAGATGCTGC,1671
TCAGCGACCCCGAACC,1671
TGAACGTTTACATTTT,1671
ACTGCTAAATCAAAAC,1670
AGATCCATATACTGCT,1670
ATTGTGTAAAATACCT,1670
CGCTACGTTGTGATCG,1670
TTTATAAATGTGAATC,1670
AAAGAGAAGAAAGAAC,1669
ACACTGGACCTCCGGG,1669
ACTAAGTGCCAATACA,1669
ATTGTTCCTCATCCGA,1669
CAGAACCTTTGACCAC,1669
CTCCTATGACGCCTAC,1669
GATAGTTAAGAAATAA,1669
TACTCATAAACAATAT,1669
AAAAGTAAAACCGATA,1668
CGACTATGGCCGTCTA,1668
GCGAGATAAAATACGC,1668
TATGCGAATGTGAGAA,1668
AAACATTAGAGCCAAT,1667
ACACCCCGAATGAAAA,1667
AGCGCCGAAACCGCGC,1667
CCCATGGATAAAGCTA,1667
CGAGGGCATGTACATA,1667
GCAAGAATAATCCCTA,1667
GCCTCTAGACCAGTCA,1667
TCTAAAAGGGAAAACA,1667
TTTTGATTAACCAGCA,1667
AACTTGCTCGAGCCCG,1666
AAGGCAAAACCTTATG,1666
ACCAACTTTTTTGACA,1666
CAAGACAATACGAATC,1666
CGACCCGTCTACAATC,1666
CTGTCAAGGCAGTTTT,1666
GAATTAAACTCAGGGA,1666
GTGACATATTGGTTAA,1666
TGATATTGTAGAGCTA,1666
ACCACACACTACTACT,1665
AGCAAGAAAAAAAATT,1665
CGTCGAAGCATACGCA,1665
CTCATGATGGTTTAAA,1665
GCCCGTAACACAAATT,1665
TAAACTGTATCGATGT,1665
TAACGTTCTATAAGCT,1665
TAGTAGCACCCCATCT,1665
TCTCACAGAGTAGCAA,1665
AACCTATCAAAAATGC,1664
AAGGCAGCAAGATGAG,1664
ACGAGAAAACATTACC,1664
CAGATATGAAGCACTT,1664
CGAGTTAGTAGTGTAG,1664
GACTGACATTAGGTCG,1664
GGCAGATTTTAGATAT,1664
TCCACCTTGCTAAATT,1664
TCTACCAAGGGCACGC,1664
TGTGTATTGGGACCAA,1664
AACTAAATCTGTAACT,1663
ACGAACCCAGAAGGAG,1663
ACGGTGACTTAGGCCC,1663
ACTATTGCACGAACAA,1663
ATAGCGTGCATCATCA,1663
ATTTATCGGGAATTCG,1663
CCGAGCACGCCCTGAA,1663
CGGACCCTCAACCCTA,1663
CTCCAAAGAAGTAGTC,1663
GCTAAAAACTAATAAA,1663
AACTGCCTATTTGAGC,1662
ACAATCCAGAAATAAT,1662
ACTTCCACAGAATGCT,1662
CAAAGGACTCTCATAT,1662
CAAGTTGCTACTAGAT,1662
GCCGAAGATTCGTTAG,1662
TGAAAGCATAAATCTC,1662
AAGTGGCATACAGCGC,1661
ATATTAGCCTCCAATC,1661
CGCAAAGAAAGATAAT,1661
CGTTATACCACATATT,1661
GAACACGATAAGTTTA,1661
GTAATCCGTGCAAAAA,1661
TAGACAGGTATGCAAA,1661
AATGGGGTGAGACGAA,1660
AATTCAGTACGCGGTG,1660
AATTTTATGACCGTTC,1660
ACATGTAGTTTTTGAT,1660
AGGTACACACCCTAAG,1660
ATTGCCTGAATGAGAG,1660
CCTTTCACTAATTAGA,1660
GGCCGGCGTAACTAAT,1660
TAGGAAAAAAGATAAG,1660
TATAGCCTAGACAGGA,1660
TTGTCAAACAAGATAA,1660
AACATGACCACAGCCG,1659
AATGAGATGGATGACA,1659
AGTTGTGAGCCCACAA,1659
ATAGTTCTGAGAAAGC,1659
ATTCTTGCGACATTTA,1659
GAGCCAAGCAACAACG,1659
GCATTTTCTAGAAGAG,1659
ACACAGCAACCTCAAC,1658
CAATATGCACGTGATC,1658
GAGAGCGTGTCACTGT,1658
GCGTAGTAACTTAGCC,1658
TGCGAGCCTACTAAGA,1658
TTTATAGCTAAGAGCA,1658
AGGACATCCGAGTCAG,1657
CAAAAAGAAAAACCAA,1657
CCGACTTGCGTCTTTC,1657
CGGCGGTCTTATGATG,1657
CGGTGTATTAGAGAAT,1657
CTCGCTCCAAGTTTAG,1657
GGTATTTTATTAACGA,1657
TATATTTGCAACCCGC,1657
TCTTTAGCGGAGCTAT,1657
AACGATAGAGGTCATT,1656
ACAATTGCACATCAGC,1656
ACACAGAATACGCCCC,1656
AGTACCAGTGCTAAAA,1656
CATATAAGGCGAGTAG,1656
CATTGTCTGACAACTT,1656
CCCTCGCGAACCGAAA,1656
CCGTAGAATAGAAAAT,1656
CTCTGCTCGTTTAGAG,1656
GAGTCACCCCATTACC,1656
GATTGAATCTCGTCTT,1656
GCAATTAACATTACTT,1656
GCTACGAGTACCGGCT,1656
GTACTAAACAGAGCTC,1656
TACTAGCCCACCCAAA,1656
CAAAATTGTAAGAACA,1655
CACACTACAGAGGAAA,1655
CATCAACTCTAAACGC,1655
CGACCTTTCCGACGGC,1655
GGGACAAGACAACTGT,1655
GTAGACCATACAATCC,1655
TATACGTCAAAGTACG,1655
TATCAAGCTTAGCAAT,1655
AGTAGTCCCCATCATC,1654
CAACTTCGACTACCCG,1654
TGATTTAAATGTCAAA,1654
TTATACAGAGAGACCC,1654
CTACCCAACCGTATCT,1653
CTGTTTCCACCCAACA,1653
GGCGAAATATGGGAAC,1653
AAAGTAACACTGGTAG,1652
AATATTGTATAGACTT,1652
CCGAATCAAGAAAGGG,1652
CTTGAAAAAAACGTGT,1652
GAATAAAATGGTCTAG,1652
GAGTATCATGTTGGTA,1652
GCGATGAGGCGCCTTA,1652
TTGTCATCCTGAGGGC,1652
AACCCATCAGGTTATT,1651
AAGACCGACACCTAGC,1651
AGATGCAAAAGATTGC,1651
GCCAGCGAAAAAATCT,1651
GGTTAAATGCACCTAT,1651
GTAATAAACCCGCTTC,1651
GTCCGTAAAGTCAAGC,1651
TATCCGTGCCATTGCA,1651
AATTAAACCCTATATA,1650
AGCGTTGCATTAAAAT,1650
ATGTTCTACAACCGGA,1650
ATTAGTCAGTCCTGAA,1650
CACCCCAGCTTTTCCA,1650
CGGGAGGAATAATGGC,1650
CTCAATAGCAAAGGAA,1650
CTCTGTATCAAAGCAG,1650
GTACGATTTATAGTAT,1650
TATTTGGACAACATAC,1650
TCAGCTATTTATAACC,1650
TTTACCTAACATAAAC,1650
TTTTCAAGCGCCGAAA,1650
ATTGAAAAGATGGTGA,1649
CGCCGACAATCAACAA,1649
CTGTTGCCTTGCTCAG,1649
GAAGTTGCAGAGAATA,1649
GTTGCACAAACAGAAA,1649
TACTCATATTGTCGGG,1649
TATAACTGATAGTACA,1649
TTACCAAAAAAAGCCA,1649
TTGAAAGTAGAGATTA,1649
AAGACGTCACGGTTCG,1648
ACAACTTTCAATCTTT,1648
GATGATGTCCGGACGA,1648
GCTGACCAGACATAGC,1648
GTTTAAAATGAGCCCG,1648
TAGACTTATCATAAAA,1648
TAGATACACTCTCAAA,1648
TTCATCTGAAAAAATC,1648
AAACTACATCTTCACA,1647
AATCCTCTATAGAAGT,1647
ACATAATCCGGTAAAG,1647
ACCGTTACCTTGAAGT,1647
AGCGAAAACGGGCTAT,1647
ATCCAATGCGACCATC,1647
ATGTCTCAACAAGATC,1647
ATTTCGATAACTCTCA,1647
CTAGATCAACATCTTG,1647
GAGTGAGATAGCAAAA,1647
TTAAAACCAGAAGATA,1647
AACCAAGAGGTGGTAA,1646
AACCGATGTTAAATTA,1646
AATACGAGAAGCCGAC,1646
AGCAAAGTGAGGACCA,1646
ATGAAAGGACTCATCG,1646
CCCGAAGGCTCCGACT,1646
GAATTCCAAGGACTCC,1646
GCAACCAATTCCAATG,1646
TATATTAAGAAATCAG,1646
TGTTAATAACGGTTCC,1646
AATTATGCGCTCAGGG,1645
AGCAAGTTCCTGAGAT,1645
AGCACCATTCCTTAAC,1645
GAAAACCAGTTAAGTA,1645
GAGCGAATGGAACTAC,1645
TATATAACCGAATCGT,1645
TTGTGCTAATATTACT,1645
AAAGTCTTACGATAGG,1644
AATCTGTAGTCTAAGG,1644
ACCAAATACTAATAAA,1644
ACTAGCTACTGCAAGG,1644
ACTAGTAGAATCTTAC,1644
CCCACCGTCTGCCAAT,1644
GCCTACGTGCCATAAC,1644
GGGCTCCCCATCAAAA,1644
TAATCAACGAGCAAAA,1644
TATAGACTCAAGGTTC,1644
TATCAACAAGAATCGT,1644
TGAAATATACGACGTG,1644
AACGGTAACTAGATAG,1643
AGCTTATATTAAAAAA,1643
ATATTGAGATAATCAG,1643
CTGCGACGAAATATTT,1643
GACTGTATAATACTGA,1643
TTAAAAAACAGGGCCC,1643
AACCCGGCAAGGTGCT,1642
AGAGAACTACAATAAG,1642
AGTAATTATCTCGCAG,1642
CTACTTGGGAGTCTTA,1642
GCAGTTGTGCGATACA,1642
TAATAATTTTGATTGA,1642
TACGAAACGTAAAACC,1642
TACTCGATTAGTGACT,1642
TATTAGCAAATAGTCG,1642
AAAGACTTAAATCCAA,1641
CAAACTGTACAATCGT,1641
CTTGAGGATATCGATT,1641
TCGGACTTTAATGTAA,1641
TGACGAGGCATAGCAC,1641
AAAGGCTCTTCACATA,1640
ACGGTATTCAAACAGT,1640
AGTAAACACATACCCA,1640
ATCTGTACATGTCTGA,1640
ATGGAACGACATCCAG,1640
CCAATGAAACTTTCAG,1640
CCCGATCTAGCACAAC,1640
CGTTATAAATAGACGA,1640
GACGGGCCTGTCCACA,1640
GATGAACAATACCCTC,1640
GCCAATTCTTGTACCC,1640
GGCTCTTCATTGAATC,1640
TAGCCATGCCGTAGAT,1640
TCCTAAAAACCACCGC,1640
TTAATGGAGCGGCGTC,1640
TTGCAGCTCAACTAGT,1640
ACACAATACCCCAACT,1639
CAAACCCGCTGTATGA,1639
GAGACATCATATGACC,1639
GCACACCAAGTGCGCG,1639
TAAATTTAGCATTCCC,1639
TAGGCCGATCGGCTAC,1639
TATGGCTGACTCTTAT,1639
TGCACTTCCGAAATTA,1639
AAATCAATGGATAACC,1638
ACAAAACTACAATGAC,1638
ATAAATGAAAGAACCG,1638
CAAAACACGATGTCAG,1638
CACCAAAAGGCAATAG,1638
CAGGATTCATCATTTC,1638
CCCAAACGTCACTGAG,1638
CCGTTCCTATTATATC,1638
CGGGTGCGGCATTTCG,1638
GAGAAATGATGGAAAC,1638
GTTGCATGCTATAGTA,1638
AGAAATAAATAAAACT,1637
AGTCAAATCAATTAAT,1637
ATATCAGGTTCCCTCA,1637
GAGAGAGATTCAGCGA,1637
GCAGGACTCTTCGACA,1637
TCCTAAATAACCCTAT,1637
TGAATCGGGGCAACCC,1637
TGGATACATATGAAGC,1637
AAGCAAACCACCTAGA,1636
ATACAATTACACGTCC,1636
ATTAAGCGACGCACTT,1636
CGAACTACTTATACAG,1636
GACTTCCAGTAAGTGA,1636
TAGATAGTCTAACTCT,1636
TATTCATACGTTTACA,1636
ATTACTTAAGGCAAAT,1635
CCAATACTCGAATGGC,1635
CCATAAGTACTTTGGA,1635
CCATTACTGTACCCGT,1635
CCGCAGCCTATGCCAT,1635
GAACAAAACCAATACC,1635
GAATGTACAGTGAGGA,1635
CATCCTACAAATAAGC,1634
CATCTAACGGACGGAG,1634
CCAATTACACTATAGA,1634
CTTATATAAATTCATA,1634
TATCTTATGTCCATCC,1634
TCTAATCCTATCTACA,1634
AAAAAATCGAAAGCCT,1633
ACCACTTATAAATGTC,1633
AGAATATGCCTAGCTA,1633
AGGTTACATTCCACAC,1633
ATTACTCCATGCAACA,1633
GAGAAGGTATATCGAA,1633
GGACAACCACTGCGCC,1633
TACACATATCATAAAG,1633
TCGTTCGATATCACTC,1633
AAAAAGAATGACACTT,1632
AACAGCCCGGAGTGTC,1632
AATGGTTGTACGTAGA,1632
AGTAGAGTATTTCCGT,1632
ATCAGCACAACCGATA,1632
ATGAATTGTATTAAAA,1632
CAAACTAGGGTGCTGT,1632
CACCTAAAGAACCTAA,1632
CATACATACCTGTATC,1632
CCCAATACCTTTTCGG,1632
CGAGCAGTTATTGATT,1632
GAACATAAAGAGACCA,1632
GATCGGGACATGCGAA,1632
GGCGTTCAACGAGAAT,1632
AGTATTAGTCGCATAA,1631
CGACAGGACGTAGATA,1631
CTAATTACTCGAGTTA,1631
GACAGCCCGGAATAGC,1631
TAACGGACATGCACAT,1631
TGTGGCAAGTCCAAGA,1631
TTTACACAACTTCAAA,1631
ACCTAAGGCGAGATGA,1630
CACCTGACAGCAAATC,1630
CGAGACTAAATCGTCC,1630
CTCGTCACGTAACGTT,1630
GAAAAGAAGTTTGCAG,1630
GAATTCTAACAAACAA,1630
GAGATATGTTTAATCT,1630
GATATACATGAAACAA,1630
AATAATTCGCTTTGGG,1629
AATAGCAAAAAGAAGA,1629
CAAAGCAGTTTTTAAA,1629
CACAGTAGCACACGAA,1629
CTAAGATGATGACGCG,1629
CTCTGCAATAATAGTC,1629
GACTAGGGCTCCCATA,1629
GATCATGAATACCTGA,1629
GCCATAAGCGAAGCAT,1629
GTGGTAACAAATATTA,1629
GTTCATTCTACAGGAG,1629
GTTTAACTCCTTGATG,1629
TTTCAATCATCACTAT,1629
ACGCAGACTACTTCGG,1628
ATTATAAAGTAAGAAC,1628
CTCGACTTCTGAAGCC,1628
GACTAATAAGCATGTA,1628
TCACAAACACTAATCT,1628
AAATGTAGTGCTGTTC,1627
AACACTATACTGTGGA,1627
AGTACGCGTAATAAAA,1627
CAACCGATTTAACTTT,1627
CATTGTGAAATTAACG,1627
GAAGATCTAATGACGT,1627
GTTTAATAGATTATGT,1627
TCAAAGGAGCTTTCGA,1627
AACCATCCAAGCTAAA,1626
AACTACCCCCAACAAT,1626
ATAAAAGAGTATTGCC,1626
CCTGAATAACTATTAT,1626
CGCCATAATATCTTTA,1626
CTGAATCGGAGAAATT,1626
TGGAACACTACGAAAA,1626
AATACGATGACTCGTA,1625
ACCCTGAAGAAAAACT,1625
CCCCGAAATGCGTCAC,1625
GCAACTTCAGACCGAG,1625
GGAGACATAGCGAGAA,1625
GGCCAAAAATTGTCAA,1625
TACCTAACAGAGAATG,1625
TCCGGGAATATTTTTT,1625
TTAATCATAAAATACC,1625
ACAAGATTTTATGCGA,1624
ACCCAATAAAGGCGAA,1624
ATCCAACACTAAGAAA,1624
TAGTTCGGACAGAGCC,1624
TATAACTGTGAGATAG,1624
TGGTCGAACAGATTCA,1624
AAACCGGACTAGTCGT,1623
ACCATCACAACGGGGT,1623
CAGTCCTTGAACAGAC,1623
CCTTACCAATAGATTT,1623
GATCTGCAGCGAAGAA,1623
GGAGGTCCAATAGATC,1623
GGCTACTACCAGACAA,1623
TGAGCAGTAGATGGAA,1623
TGATACTTTTGTGATC,1623
TGGCCCTCATACCGTC,1623
TTACAAATAGAAACAA,1623
AGCGAAAAGCAAAGGC,1622
AGGTTAATCCAGGGCT,1622
CAAACGCTCCATCAGA,1622
CATATGACTGCTAAAG,1622
CGGAATAACTCGCATT,1622
GACCGGACAACCTATT,1622
GCATTTCGATAGTGCA,1622
GTAATCATCAAAATCA,1622
GTGACTTGAGATTTAC,1622
TAGCAATGGACGCCTA,1622
TCAACTCATCATTTGG,1622
TCCTAAACGGTATAAG,1622
TTAGATGGCGTAAAGT,1622
TTCTCATGTATAATAC,1622
ACAACTAAAGAGACTG,1621
CCGGTACATATCCCGA,1621
CCTCACTTGAGTAATG,1621
AATATAGTAGTTCTTT,1620
ACACTCACATGATACT,1620
ATAATAAGAAAATCAC,1620
ATTTACTAAGAGACGA,1620
GCTCCCCTTTGCTTAT,1620
TCATTACAGGAATACC,1620
TGCATTAATATAGAGT,1620
AAATCCTCTTATAAAT,1619
AGTTATATTTAAGCAC,1619
ATCACGAATTATTGCA,1619
ATTTAAGAGGTTGTAA,1619
CCTTATCTTACAATAC,1619
GAACTATTAACCAAAT,1619
GCCCCCTCGCCGGCTT,1619
TAAAGTGTTGAAAATG,1619
TCTTAATTTTATAAGC,1619
TTGATCTCGATGCACT,1619
AAAAAAACAAGAAGGA,1618
AAGCCGCCAAATCATG,1618
ATGACAGCGCTAAAAA,1618
CGCAAGCTCTCATCTA,1618
GAAATATGGTTCCGAG,1618
GTGGTGTAAGTTGTTT,1618
TAAAGCACAGTTAGAG,1618
TAACGGGTTTTACCAT,1618
TATAATTTCCTGACAC,1618
TGCCCCTTGGATAAAA,1618
TTTGTATTTATATTGG,1618
AATCGCAAATACGGTA,1617
ACAGTATAACGCTCTA,1617
CTAACTTAAATAGACA,1617
GACGTAACTATCATCG,1617
GAGCACTAGTGTGCTA,1617
GATAAGTTACTTCAGA,1617
GCAATGCACGCATTCA,1617
ACTGCCACTAAGAGAC,1616
AGTTAATGTACACATT,1616
ATGAAACATAAGCTAC,1616
CAACAACCTAAGAAAA,1616
CAGCTCAGCAAAACCG,1616
CTATCCCTAAATTACG,1616
GCACGCTTATACGAGC,1616
TATGATCACTCCATTC,1616
TCCCTAAATTGCTACA,1616
TCCGCCTACGAGACCC,1616
AACCACCCCCTAGATG,1615
ACGACATACCATACCT,1615
ATTCAGATAGTCCTTT,1615
CAAGTTAACTGAATGG,1615
CAGAGAAGGCGCAAGG,1615
TAGCACAAAAAGCCAA,1615
TCTTTCACGGGAACAA,1615
TTAACCGACCCAAAGC,1615
AAAGAACCAATTCGGC,1614
AATACATCCAGTTTAG,1614
CACATAATCATGTTAA,1614
CCTTTCCGTTTCATCT,1614
CTCTGAGCATGTGAGG,1614
GGGAAGACCTCGTGAG,1614
TGTATGACCAAATAAG,1614
AATACAAACATGTTAT,1613
ACACATTTAAACTGAA,1613
ACATCGGTATGGGGAC,1613
AGACTACAAAGTCACA,1613
ATATAGCGTCCCCAAG,1613
ATCAAGGGAACACTTA,1613
ATGATCAGTTATACTA,1613
ATGCAGCGGGACTAAT,1613
GATAATAAAGATATAA,1613
GTAATAAGCTTTACGG,1613
GTGCCAGACCCTCCCA,1613
TTAAGTTATGAAGGCC,1613
AACTGAAGTCCAACAA,1612
AATCTCACATTAAAAT,1612
ACACGATCCTGGTCAA,1612
ACTATTACCTATTCTG,1612
ATACGTAAATATGCTC,1612
ATACTTCTAGACTCGC,1612
ATTACAGACAGCCGGT,1612
CAATCTCCAAGACCGA,1612
CGCAATCTAAGGTAAC,1612
GACAGCCCGTACTAAC,1612
GAGATCCATACTGCGC,1612
GTGATACCTAAATCCA,1612
TATAAACTAAACGTTC,1612
TCAACACTAATACGAG,1612
TCAAGACTTAAGCTGT,1612
ACAACCGACTAGCGTG,1611
ACATACATTCCTTTAT,1611
AGCGGTTGCATTTGCA,1611
ATAAATTGCATTAACT,1611
CAAAATTCATCTAACC,1611
CCACTACTATCCAGGC,1611
GATAGATGAAAATAAT,1611
TGTGCCAGCGGGAACC,1611
TTGACGTGAACTGAAA,1611
ATATCCAATTTTCAAT,1610
ATGACGTTTAAATACA,1610
ATTACACCATCATATA,1610
CCCTTATCATATACCA,1610
CTAACGAATCAATTGG,1610
GCAGTAACGGCGAAGT,1610
GTGCTTTAAGAATGAA,1610
TACTAAATAGACTCCC,1610
AATCGTCGATAAACAC,1609
ACACAGTAGGGCCTGA,1609
AGTAGCCCTCAATCAA,1609
ATTCCGGCCTAAATAT,1609
CCGTCGCCTTATTGGA,1609
CGACTCGTCTCGGTGG,1609
CTCCATTATTAAAATG,1609
CTGGAATATGGCCTCT,1609
GAAAAGTACATTATAT,1609
GAAATATGATATCTTG,1609
ATAACTTATATGAGCG,1608
ATATTATGTCTATCAG,1608
CCACAAACACCGAGGA,1608
CCTGTCCCATAGTTAA,1608
CTACAAAACTGACAGA,1608
TAAAAGTGTTTGAAAA,1608
TGAATCACTGTAGTAA,1608
TTCATAATGTGATTCA,1608
TTCTACTATCTTCATG,1608
CAATAATAGAATAATA,1607
CAATCAAAAGTCAATT,1607
CACTTTCGGTATATAT,1607
GGGACCGAATGTACAA,1607
GTGAACTCACTACCAA,1607
TGAAATGACCGTTCGG,1607
CGCCCGATTTAATTGT,1606
GAAAGACAAAGAACCC,1606
GGGTTGAGTCCCAATG,1606
TAAGTGCGCAACTAAC,1606
TCCAACCAGGCGCGTG,1606
TTAGCCACACGATCGC,1606
TTATAACATGAATTAA,1606
TTCCTGGCACACCCCT,1606
AAAACCATTCCAATCC,1605
ACAGTCACATAAAACA,1605
ACTAAACTAAGGGAAT,1605
ATCTTTTATTGCTCTA,1605
CACTCTTATGATACAC,1605
CCCACAGTAATTAAGA,1605
TAAAACCCATCTTAAA,1605
AAAAACCCGTACTGAA,1604
AAAACGTTAGAACTAC,1604
ACGGCGTGCGCGACGG,1604
AGACTTAGAATTAACT,1604
ATAATAATATCGGAAA,1604
CAAGTGAAACAGTAGA,1604
CCTGAAAATACCAATA,1604
CGAAACTGCGGTCAAA,1604
CTACCCATATTGAGGA,1604
CTATTTAAGGAACACG,1604
TTACTAACACCGAATA,1604
ATGGGGATAGTACACG,1603
TGTGGCTAAATTATCA,1603
AAAAGAAATAAGAAGA,1602
ATGAACCTATAACAAA,1602
CACGGGACTAAAGGAA,1602
CCAACTATAATCCGGC,1602
CCACTACAACCATAGG,1602
CGAGAGTCCACAGGGG,1602
GCTCACTTACACGGCA,1602
GTTAAAAAATCTTGTA,1602
TACTTAAATAGAGACC,1602
TCACCACTCCTATTCC,1602
TCATAACGAGATCGCC,1602
TCATCCCATGTATGGC,1602
AACGCTTGGTGTCGTT,1601
AGAGATACTCGATAAT,1601
CATACGGCAAAATAAG,1601
GTCGACTAAATAAGCG,1601
TAACCGATTACCCTCG,1601
TACAGGTAAATATCCC,1601
TCAACCTCGTGGACTG,1601
TCTTGAAACAAATCAA,1601
CAGACAACGACGTCCA,1600
CTACGTATTGATCCCA,1600
GACATAAAACAGTAGT,1600
TCTAATAACTGCCATA,1600
AAATGCTCTGCTGAGT,1599
AACTCCCAACTCCTAG,1599
AGTTGTTCATTGTGCA,1599
CCTCAATGGAACGGGC,1599
CTATGGGTTCACATTA,1599
GCACGAAGTGCCCCCC,1599
GTTATCATAATACCAC,1599
TATTTTAAGATCACCA,1599
TGATCCTTAAAAACGA,1599
TGCCATCTATACATAT,1599
AAAGTCAGTACGGCCT,1598
AGTACACTGTAGCAAT,1598
CATGAGTATTACATAA,1598
CGCTAACCAGCATCTA,1598
CTCTCACCATACGAGA,1598
GGTACTGCGGATTAAA,1598
GGTCGTCTCTTCACCC,1598
GTCCGTGACCCCTTGT,1598
TAAACAATCAAATACA,1598
TACAACCCATATCATA,1598
TTCCCCAACATCAGAT,1598
TTGGTTCGACCCTCAA,1598
AACGGCGGAGTTATAA,1597
CAAAACGTTGATAACT,1597
CAAATTACCGGTCATG,1597
GAATTCCATGACCAAA,1597
TGTTGAATAAGTATTA,1597
ATCGAATCTCCCCCCA,1596
ATTCCCTATAAGTTAT,1596
CGTCGCATTAGTTCAG,1596
GAACTTAGAATTCCTA,1596
GACCTATTTATTTCTG,1596
AACCCGTCTTTTGATT,1595
ACCCTCGGCCCGATGG,1595
AGAACACCAGAAGACG,1595
ATATGCAAGAGAGCCT,1595
ATTAGTTTTTTAGAGT,1595
GACGGGTTTTGGCGGG,1595
GGAACTGTGGCGCTCA,1595
TTAACTAATTCTGCAA,1595
TTAATTTCTGATAGAC,1595
AAATATCGAAACAGTG,1594
GAAGAACAACATACCA,1594
TGATTACTTTAAAACT,1594
AAGTGAACAAGACAAA,1593
AGTCTGAGGTATGTGA,1593
ATCAACAGAAGTGTGG,1593
CTAAGCAGACAGGTAT,1593
GATATCCTGAACCCTT,1593
GTGGGCAGGAATAACT,1593
TGCCCGTACGATAGCT,1593
TGGCTGATGCCCACAA,1593
ACAAATTAGCCTACTT,1592
ACCCGTAGAAATATAC,1592
ACGTAATCTAGGCATT,1592
AGAAGCGAAGCCCAAC,1592
AGGATGAGACCCTGAA,1592
ATGAAGAAAAATTAGT,1592
GAATTAATTAACGTTC,1592
GCCGCCGATAGAAGAG,1592
GTTAATATGTCTCGAA,1592
TGCCCCACCGCTAAAC,1592
ACTGAAAAGCACCCTT,1591
AGATAACATCGCGTAC,1591
ATGGATAAGAAAGTAT,1591
CCCTTAAAAGACCATG,1591
CTAAAGCGAGACAGTC,1591
CTAACCGTTATTCAAA,1591
GACTCAGTTAGTAACA,1591
GCATGTAACTACAAGT,1591
TCATTCCAAGAGAGTA,1591
TTGAAAACGGACAGCG,1591
TTTAAGCAAAGTAACC,1591
AACCTGACAAACGTGA,1590
AATCCGAATCTCAATG,1590
ACGTAACTTATCCAAT,1590
ATTCTTCAGGATACAT,1590
CGATCATTAATAGAAC,1590
CTATTCTATGTCATTC,1590
GCAAATTATATCAAAT,1590
GCGCGTTTTAAAGAAA,1590
GCTACACGCGACTTTC,1590
GCTAGATAGAGAACTA,1590
TACTGGGTATTGTGAA,1590
TCACACGAAAACATTA,1590
AGTGATTATATAGGCC,1589
AGTTAAAGCTGCAGAC,1589
AGTTCATGTAATTGAT,1589
CATTCCCACATGCTGA,1589
GACCGAAGGCAGCCTA,1589
GAGAGATCTTGGAAGG,1589
TCAGACAAAAAAGAGG,1589
TTCAACAGATGCAGTC,1589
AAATAACGTACATAAT,1588
AACCATAAAACAGGAT,1588
AATAGCTGAAACCAAA,1588
AATTGACTCGGACATG,1588
ATAGTCACAGTTTACG,1588
CCCTTAAAGAACCGCA,1588
CCTAAATCTCACTAAA,1588
CTTCCTGTGCTATATT,1588
GACAAGCGAATACCAG,1588
GGCAAAAGGTTTTTGG,1588
GTGTTATTAAGAGGAA,1588
TGTCTGGTCTGATACG,1588
AAATCTAATGATAATC,1587
AAGACAGTGCTCGACT,1587
ACCGAAATCTCGGTTT,1587
AGAAAAGCACACTAGT,1587
AGGAAGAGAGTGATGA,1587
ATAACACTTACATAGA,1587
CGGACTTCAAGAGGTT,1587
CTTACATGCAACCAAG,1587
GTTGAAACGTTTATTA,1587
TGAAGAGCAGAACGCC,1587
AAAAGTGCAGGCCCTT,1586
AATTAGTCAAAACCGA,1586
ACACAGCACTTATGCA,1586
ACATATTGTACCATAA,1586
ACCACCCCATTTGACC,1586
ACTGTAACATCCAACC,1586
AGAGAGTACAGCAATA,1586
ATTAAGGATAGAGCTG,1586
CATGAACCTTGTACTG,1586
CCGCACCACCCTTACT,1586
GACCCTTCTAGACCTT,1586
GATGTAGCATTTAGCT,1586
GCCCACCTTACGGAAA,1586
GCCTGTTGCGCAATCT,1586
TGCTAACCTGGGTTAC,1586
TTTCAATAGGTGTCAA,1586
ACTAACAAAAGTAGAA,1585
CCCGAACTAACTCATA,1585
GCTTGTGCTAATGGAA,1585
GGGAGAGCGTAAAAAC,1585
TAACAAATCAGGATAT,1585
TACGGAACAATACTAT,1585
TAGCGACGGATTGGGC,1585
TTAGAACGCCACCTCG,1585
TTATCACTATTGCTGA,1585
AATACAATTATCAACA,1584
AATCGAGCTTGCAGAA,1584
CACAGGTAACGGTACG,1584
CTAATTATGAAGGAAA,1584
CTCAATTTAAAAGATT,1584
GCTACGCTTGCCAGTA,1584
TACCCAATTGGATCCA,1584
TAGAAAAAAGATAAGC,1584
TATCTATACAACCCAC,1584
TCAGCCGGGTCAAATA,1584
TCGAGAGCTTGTACGA,1584
TTACGTAGCCTGGGCA,1584
AAATCCGAGATCTGAG,1583
AAGTTCTTACCAGTCC,1583
AGAATTCCTTACGAAA,1583
CGATTAGTAATTATCC,1583
TAATACAACATGAGAA,1583
TGGAGAGAGTGAGAGA,1583
ATGTCACTACTGGTAA,1582
GATCCGATACCTAAAT,1582
GGACATTCATATTAAA,1582
GTATAATGGAACCACC,1582
TACAAAAAATTAAGTG,1582
AAAACGCTATTTGCCA,1581
AACTAACGTCCGATTC,1581
AATTTGACGGTAGTTG,1581
ATAACTCTGTTAACAT,1581
CTAAGTGTGGAATAAA,1581
GTAACTTAGACTAACG,1581
GTCGACTTGGTCCTTA,1581
TCCAGTAAACCAAGGA,1581
TCCGTACGTATCAACA,1581
TGCCCTCGTCTAAAGG,1581
TTCCGACTATGTACGG,1581
TTGGACGCGGGGGTCA,1581
AGTAATTTTATATAAC,1580
ATACAAACATAAAGAA,1580
ATCAATCAGCTAAAAT,1580
ATGAACACCTAATCTT,1580
CCAGCCTTCCATAGAC,1580
CTAAAAACGAACTCCC,1580
CTCGCATTGTGGTTAG,1580
GATGGTACAATCAATG,1580
GGTTTGTCCAAACACA,1580
GTGTTATTTAAGGGCC,1580
TAACGCCGGTACTTTA,1580
TCAATGAATACCCGAC,1580
TTCATCACAGTACCCA,1580
AAAACAATAACCTTAC,1579
AAGAAAGTCGAGACAT,1579
AAGACAGGAACAGATC,1579
AATATGTAAGCCTAGA,1579
AGTTATCGTTAACAGC,1579
CGACTGTCGTCATGTA,1579
GACCAGTATCACCCAG,1579
GCGTCAAATAGACTAG,1579
GGAAAAATAGCGACCG,1579
TAAATATGAATTATTG,1579
TAGCGGTCTAAACTTT,1579
AGCGATCGGAAACTTT,1578
GAAGTACGATTCCGGA,1578
GTATTGCTAGACGCGT,1578
TTGAAGGCATAAAATT,1578
TTGCATTAAGTTGTCT,1578
ACGAGTTATGATTATT,1577
AGTAGACAATTATAGG,1577
CGACTAACAAAGACGA,1577
CTCTCCGGTAAGCAGA,1577
TAGGCTACAAAATTCG,1577
TCAGCGCAACTTTATG,1577
TGATGTAACCTCAATG,1577
AAACGCACAATCAAAG,1576
AATTCATAAAATCCTC,1576
ACAAAAGCCGCCCGCA,1576
AGATGACATTGAAATT,1576
ATTCACAAAATCTAGC,1576
CATCGATACGCACGCA,1576
CATTTTTGGAAACCAG,1576
CCAGACATATATACAC,1576
CGACCATACCACTCTA,1576
CGGATAGAGATCCCGC,1576
TAATATAGGACGTCCC,1576
TATTCGCGGACTAGAT,1576
TTCGTTTACTTGATTT,1576
AAGACGTTCAATGATA,1575
AAGTACGAACCAGCCC,1575
ACTGAAAACGAACAAG,1575
AGGTATTACGAGTGAT,1575
CCTGACCGAGCGAAAT,1575
CTATCAATTCGAACGT,1575
CTGGAGTAAAAAAGCC,1575
GTTTTAACTGCTCCAT,1575
TGGATGAAAATAGGCA,1575
AAAACATACACATCGT,1574
AGAGACACATGCCACT,1574
CATGTAAGGGATTCAA,1574
CCAAATCCAATAAGAT,1574
CCTGTTCCCCTAAAAT,1574
CGTATCAGGTCTTAGC,1574
CTAAATAGGTAATGAT,1574
CTTTCGAGATTGTATC,1574
GAACTGATGAGGCAGA,1574
GATCTTGTCAGATGAT,1574
GCGAGCCGAATTCAGC,1574
TACATTACATCAAATC,1574
TATGCCTCCGTTAAAA,1574
TATGTGTAGTAAAAAA,1574
TCTACATGGCACGGAA,1574
TGATTAAATATTAGGA,1574
TGCGTAGACTTCGGCT,1574
TTCTCGACCTAGTGTA,1574
AAGGGCTCTACATTAT,1573
ATACTCAAGTCAATAT,1573
ATCTGTTTTGCGCAAT,1573
CACGAGTAGAACTTTA,1573
CAGTGATGGATAACCT,1573
CATACTGATACTTACA,1573
CATCCTATTAAAAAAC,1573
CGCACCACGCGACTAC,1573
GAACGCATCACTCCAA,1573
GAATAATTGGCGCCCA,1573
GATCTACACACACCCA,1573
GCCTTTATTTTGGATG,1573
TAAGTTATTGTATCCT,1573
TAATAGACACAACTCA,1573
TCCAATAATATGAATT,1573
TTTTAAACAAAAAGCT,1573
ACAGTACCTCGTGGCT,1572
AGACAGATTTGCTCTG,1572
CCCCCGAACATCGCAA,1572
CTACATACCAAACTGT,1572
TTGAATTTCAATATGT,1572
ACCGGTCGCAACTCCG,1571
CCTCTTACGATGTTCT,1571
CTAAAGGAACGAGGAA,1571
CTGGGATAAACGACAG,1571
CTTTCCAATTTGAGAT,1571
GAAGAGGTTAAGTACA,1571
GAGCATCTAGTCAGGT,1571
GCAAAGGTCTTGACGA,1571
GTAGAGATACATTGAA,1571
AACCGTTTGACCTTTG,1570
AAGATGAAATTAAAGA,1570
ACCTCACTTCTGAACC,1570
CAAAATCAGATGATCA,1570
CAGACAACGATTTAGT,1570
GAAAAAAAGTAAATGA,1570
GACAAAAGACACACCC,1570
GACCCCAAAAATCAAC,1570
GTGTACTCTCTCTCTC,1570
TCAAATGGTTACGTAA,1570
AAATCTTCCCTATCCG,1569
ACAAAATCTACATAAA,1569
ATTCTGTTACTAAGCC,1569
CGCTGTTATTTGTAAC,1569
GACCACTAATATACCC,1569
GACGGAATGTAAAACA,1569
TAGCAAAAGCACTGGT,1569
TAGTAACACAAATATA,1569
AAATCTTGCAAGCCGG,1568
AGCAATAGAAATAGGT,1568
AGTAAAAAAAATTACT,1568
CATCATAGCTTCATCA,1568
CCGATAAGTTACCGGG,1568
CCGTAAAGAATCGAAC,1568
GATGCGGCACCGAATC,1568
GCTATATACATCACGT,1568
GTATACAGAAAAAAAG,1568
TAAGACTGGTTTTGTG,1568
TCGCCCAATTGTATTT,1568
ACCATTTAGTAAAACC,1567
AGAGGAGCCTAATAAA,1567
CAAACGCAAAATGCTA,1567
CAGCTCAAACAATGAT,1567
GGTAATCGCCGAAAGA,1567
GGTGACCCGTGTGATT,1567
TACCAACCAAACCCCC,1567
AAATCGCCATTTACAA,1566
AGTATAGTGTTACCCC,1566
ATCTGAGATCGTACAA,1566
CACTTGCATATCCGGC,1566
GCCAATAACCGAAAAT,1566
GCTTAGTAATAAGTGT,1566
TGAGGCCTAACAATTG,1566
AACAAAACACACCCTT,1565
AATATCATTTCAACGA,1565
AATTTATAGTAAAAAA,1565
AGACACCAAAAATTTA,1565
CACCTAAATGCTGAAG,1565
CATTCGCTAACGATTA,1565
GATAAATAGACGAACC,1565
TAATCCAAAAAACAGG,1565
TACATACTAATGTGTA,1565
TTACCGACGTGAGGCT,1565
ACGCAGCCACATGCCC,1564
CAACCAATTCCCTATC,1564
CCTTCCATCCAGTTAA,1564
TAAACAAATACCTATG,1564
TATGGACTTCAACCTG,1564
CAATAAACATCAAAGC,1563
CCCCCCACAGCTCTCT,1563
GAACATTATCCAATCA,1563
GATCTGGCTTCACCAA,1563
GATTTTTAAAAGGCTG,1563
GGATTTTTAAAAAGAC,1563
TAAACCTAATTCCTAA,1563
TAACGCAGGCAGCTCA,1563
TCTCCGTGTCTACCAT,1563
TGATTCCAGGGCATAA,1563
TTGCCAAACTCGTCTT,1563
AAGAAGAATGTATGTC,1562
AAGGTATGTTCAAACG,1562
ATCAACGGGCACGAAG,1562
ATTAAAAAGACGCATA,1562
CACTGCACGCTCAGAT,1562
CTTCCAACAGCCACCC,1562
GAAAAGTGAGGCTGGA,1562
GTCACAACAAATGACC,1562
TATAACTGTTTAAAAG,1562
TCACATTTTAATATGG,1562
TGTACAAGCTCAATCA,1562
TTATACAGCTCTAAAT,1562
AATCAGAAATAAGGGA,1561
ACACAAAACATATCAA,1561
ATCCATTCCCTCGTGG,1561
CCAAGGCTGTTTACCA,1561
GAGCAACTAGTACATA,1561
GATCTAAACGGTGGAC,1561
GTATGCCATCAGGGAA,1561
TACCGGTCCCCCAATC,1561
TGAATACAGGCCAGTA,1561
TTAACGCATATGTCCA,1561
TTTAATGTACCCTTAT,1561
AAGAAAGATATCATAA,1560
AATCAAAAAATTGCGG,1560
ACCGGACGTGCCTTTT,1560
ATTTGAGGGCACCGTA,1560
TAAAACTAAGATCCGC,1560
TAGATTTAGCTATCGC,1560
AAACGACTTTTCAACT,1559
AAGGATCTTCCGTATG,1559
ACACAACGAGTCTGTT,1559
ACATGATGGATTATTG,1559
ATTTACGCTCTTAACG,1559
CTAGGTTACGCTACGC,1559
GAAGACTCTGATGCAC,1559
TAAGTAATGAGAAAAC,1559
AAACAAGATACCTGGC,1558
AGCAAAATCAACATGT,1558
AGGATTGCCTTATCTT,1558
ATATCCAATGGATAAC,1558
ATCAAAGCACAGCAGC,1558
CGATGGATAAATAGCA,1558
CTCCCTCGAAGTATAA,1558
TTGAATTGCTCGAAAC,1558
AAACTATAGATAGATG,1557
ATAAACCAAGGTGACA,1557
ATGATGCGAGCACAAA,1557
CACATGAGACGTTAAA,1557
CAGGAACTTCTTAGGA,1557
GACTTCGAATGAAGCG,1557
GCGAAATATTCTCGTC,1557
GGACCTACTAGAGCAC,1557
GGCTTCAACACCTAAT,1557
GTGCTAAAAAAACAGT,1557
TAGAATTACCGATCTT,1557
TATCTATAGACCAACT,1557
TCCAGTATAACACCAT,1557
TTTGAGATTTTATATC,1557
AACAAGGAAGATGAGG,1556
AACTATAATAGTTGAA,1556
AAGGGTGCTCTAGGCC,1556
AGGCATGAAATGCTAA,1556
ATCCATCAAAAGAAGC,1556
ATTTTTATCTCGTACA,1556
CAATCTCGCATCCAGA,1556
CAGGTCAAATAGACGT,1556
CATCCGTCATATTTAC,1556
CCAGAAGAACAACTAA,1556
CCCCGCCATACCAAGG,1556
CCCTTGGATAACATTT,1556
CGAATACAACCGAAAA,1556
GAAGTGTGTACCAAAT,1556
TAATGACCAATCGGCA,1556
TATGAAATGCGTAAGA,1556
TTGATTCGTACCAGGG,1556
AACACCATCTGATGGA,1555
ATGCCATCCACACTTA,1555
CAGAGACCGATCACAG,1555
CCAATGGCCCTACCCA,1555
GCCAAAACTTCAAATA,1555
ACTATTACAGTTCCAT,1554
CACCGAGAAAGGTAAC,1554
CATAATGAAAAGGTAC,1554
CCCTTACATCATGTTA,1554
GTTAAGACCCAAAGGC,1554
TATTTGACTGCCCTAA,1554
AAGCTACGGAGAAAGC,1553
AGACTGAGTACTAAGC,1553
AGTTGTCCCCTGTAGC,1553
CAGCATCCTTTCCATT,1553
CCAGGATCTCTTAAAA,1553
CTCCAAATTTGAAAGT,1553
TATAAGCCAAAATCAC,1553
TTAAAACTGAACTGGG,1553
TTTGGTCCCACAATAA,1553
AATAGACGACGGTGGC,1552
ATAACCGTCATTAAAA,1552
CACTAGAGTAAAATCA,1552
CCCCTTCAACATAGTG,1552
CCGCAGCTAGACGATA,1552
GAAGATCTGACAACGA,1552
TCATTCCTGTTTGAAG,1552
TGATAAGTAGGTAACA,1552
TGCAAGCCATTTCAAT,1552
AACATGAATGGACCGG,1551
ACAGTTTGTCTATGAG,1551
ACATATGAAACAAAAC,1551
ATAGAAGGGTCACCAT,1551
ATCCCTGCCCTACGAT,1551
CACACCGATTGAATTT,1551
CAGTAACAAAGCGTAG,1551
CATTCCCTGGCTATGT,1551
GCTTTGACATGTTCCA,1551
GGAAATGACGCTCAAA,1551
GGTCGAGTAACTGGCT,1551
TAAAATCTAACAATGC,1551
TAACGAGATAGGTATT,1551
TAACTATTCGCATCAT,1551
TAATCTTTGCAAACGA,1551
TACTAATCTTAATTTA,1551
TAGGATTTCACGGAAC,1551
TATCAAGACTGTGACG,1551
TATGATCCGGGTATCG,1551
TATTAGATGATATGCC,1551
TTTGACAAGAGTCATA,1551
AATCGGCATCTGTTTC,1550
AATGAACCGGCGAAAA,1550
AGCGAACTAACAAACT,1550
ATTGAGAAGACCACAA,1550
CTATATACATAAATAA,1550
GGGAGCTGAGGATATA,1550
TAGTAAAGTAGCCGCA,1550
TGAATCATGAAATCCA,1550
TTGAAAAAGTAGGTGA,1550
ACACGTTAACATCTCT,1549
ATAAAAAATCATAGCG,1549
ATACCGTTATAAGACT,1549
CCATAAAACCCCTCTA,1549
TACACTATTTCCATGA,1549
TATAACTAGCAATATT,1549
TCTTTCGGAGATTCGT,1549
ACTAAACGCTACCCGA,1548
AGAACAATCCACCGAG,1548
CGTTAAATGCTCGTTC,1548
GTCACAAATCTCCAAT,1548
GTGGCTATACGATGAC,1548
TCTCTTATCAGAATCA,1548
TGGTATATGTAAGGAG,1548
AATGGAGTTTCCAATC,1547
AGTGGAATACAGAAAA,1547
ATAAACCTACACAGAC,1547
CGACGCACCGACATCT,1547
CGAGAACGAAACCGAC,1547
GAGTTTGTAACCAAAT,1547
GCCACATTATCCTGAA,1547
GCCCACCTGATAGCCT,1547
TCGAATGCGTATCTCA,1547
TGAATATATCAAGCAC,1547
ATAAACAGTCAATAAG,1546
ATATTCATTGTGAACT,1546
CTACTCCTTTTGTTAT,1546
TGTAAGCCCTCGAATT,1546
TTGACCTTAAAAATAA,1546
AAAGGATTAACCGCAT,1545
AACAGGATCAGTTCGA,1545
ACTATTCATCTTGCCA,1545
ACTTTCTCGCAAAACA,1545
AGAAGCACCCATAAAC,1545
AGCTATTCCATGAGGG,1545
CACGAGGCTAACGACT,1545
CTAGGTGAAATAAACC,1545
CTTAAAACGAATCGTA,1545
AAGTACCTGACAGACA,1544
AATAATCGTAAATCAG,1544
ACTATCAACACTACTA,1544
AGAAAATTACCAAATG,1544
AGAAAGAGTGAATATT,1544
CTACAATCGTGCGCAC,1544
GAACAATTTAATCCGG,1544
GTAATTACGTCTGATT,1544
TAGACAACCCGTAAGA,1544
AAATTTAGAATCCTAC,1543
AACAAATGCCGTCCCG,1543
AAGATTAACTGAACAC,1543
ACTATTTAATTATCCT,1543
AGCGCGCCCAATTTAT,1543
CAGAGATGACTCTGAA,1543
CGAAGGTTCGGAGAGA,1543
GCTCAGATTATAATTA,1543
GTTCTCCGTTGAATGC,1543
TACCAATTTCTACGTA,1543
AAACAACCCGAAAAAG,1542
ACTCATGCTTCGTCGC,1542
ATAACAAAGGTCCCGC,1542
GTAGTAAAATAAACAT,1542
GTCTACAGGCAAGCTA,1542
GTGAAATATCACGAAG,1542
TTTTTACAGACACCTA,1542
AATCCACCAACATATT,1541
ATATAAGTGATCTCTA,1541
ATGCAAGTAATCCACG,1541
ATGTAACTAGGAGGCA,1541
CTACGAAGTCAATACA,1541
CTTACTTAAAAGAATT,1541
GATCTGCGGTACGATA,1541
GTGCAGGAAACTGCAC,1541
GTTGCACAATACTGCA,1541
TAAGCCCGTGTCCCTT,1541
TCTTCCTGCGGAACTA,1541
AAATGAACATGGTGAA,1540
AACAGGCTTCCATTAG,1540
ACAGCCTTCGAAACTC,1540
ACATTACCAAGGATCG,1540
AGTCGAAGACCTGGCC,1540
CAAGACGATCAGATCG,1540
CAATAGGTTCTCCTAA,1540
CCCAAGAAAATGTTCT,1540
CGACTACTAGTTATAC,1540
TAATACTACCGGGAAC,1540
AAATTCCAAGGGGTCA,1539
AATAGTGACCAAATCA,1539
ACACACATAAACCCCG,1539
AGCATTTAACAAACAA,1539
ATATATGTACTTCATA,1539
CACATTCATACAAAAG,1539
CTTCCGGATGTTTGTC,1539
GAATCTAATTAATATA,1539
GCATATTTGTAATTGT,1539
TAGATGGGTTAATGAA,1539
TAGCGATACAAAAATG,1539
TTAAACCCACATGTGG,1539
AACAGTTGATAGATCT,1538
ACCCTTCTATCAGATA,1538
AGTTTCTAAGGGCACA,1538
ATGCTAAAATGCGTAT,1538
CGAGGATCACCAACTC,1538
CTCGGAATACATTCCC,1538
CTGGCCGCATTAAATA,1538
GATTGACCACATAGAT,1538
GGCACCCCATATTATG,1538
TTGATATGCAGTAAGT,1538
AAAAGACCAGTGAGTT,1537
AAAGACCTATTATATG,1537
ATTACACTTGAAGCGG,1537
CACCGGCAGTTTACGA,1537
GAAAACATGGCAACCG,1537
GACCAAGAATAAACCA,1537
GACCCCGTTAACTGAA,1537
GACCGAAACTAACTCA,1537
TAAACAGGAAAAATTG,1537
TACTCAAATGGAGTGA,1537
TTCGTGAACTAAAATG,1537
AAACGGAAACCTTCTA,1536
AACAGGAACCTACCGT,1536
AATATTAATAGCCGAG,1536
AATCCTAACTTGGATC,1536
AGAAATGAACTACAAC,1536
AGTTCGATACTAAACA,1536
CAGTTAATAGTATACA,1536
CTGCAGAGGAGCGTAA,1536
GAAAACCCGGACACAG,1536
GAAACAAAACATTCCT,1536
GGGTGCCCACTAAAAA,1536
GGTCTATTAGCTCACA,1536
TCAGTGTCTTGACAAG,1536
TGCAGTGGCGATATCG,1536
AAAACCCGATTCTAAA,1535
AAATTGCTACAGCTAT,1535
ATAACATACCTGACAG,1535
ATTACATATAGTTTGG,1535
CATCGAGAATACTTAA,1535
CCAGTTAATTGTCTAC,1535
CTCAACAAAAAAACGA,1535
GACCACCTGAAATTAA,1535
TAAATAGAATATAGTC,1535
TAAGAGCCGGTAGAGG,1535
TAATAAACTAAAAACA,1535
ACCATCTCTCCTAAGG,1534
CTTAATGCATATAAAG,1534
TAACCCCTTGACAATT,1534
TGTAACCGTGAAATTT,1534
TGTTACTGGAACAAAA,1534
TTTTCGAGGCTCTATT,1534
AATTTTAGCGCCTTCG,1533
AGATGATAATAGTTCT,1533
AGATTGGCTTTAGAAA,1533
AGCTTGGTTTGTAACG,1533
CCTCAAGATTGCAATA,1533
CGTCTCCAAATATCTA,1533
CTGAAAATTTATACCG,1533
GCATTAACGGATAAAC,1533
TTTCGACGATAGTGGT,1533
ATAAACTTTGTGTGCT,1532
CAAGACCTATGTGATA,1532
CAGACTAAAAGATATA,1532
CATATCACGAATACTC,1532
CATCACAATAAAGATA,1532
CGCACATGACAGACCT,1532
CTAGTGATGAAGGCAA,1532
GACATCTAACTAGCTA,1532
TACGAATCAAAGACGG,1532
TGTTGAAAACTATCAT,1532
AGCGTTCAAGCACCTC,1531
ATATGATCCAAGCGTT,1531
ATTAAAAATAGCACAT,1531
CCAAGCTCCAGACTTG,1531
CGACACAACGGGGCGC,1531
GAATCAGTGAGTCATC,1531
GTTCTTAAAACTCCTG,1531
TGCATCGGTTGCAAGC,1531
AACAAACGCAATTTTA,1530
CCAAAGCACAATCACT,1530
CCCGTCCCCCCCAACA,1530
GACGTAAATTACAAAT,1530
GATCATTATACCTAAA,1530
TAAAATTACTGGAAAG,1530
TTAACGTTTCCCAGGG,1530
TTAATACATTTGTACT,1530
AAATCTCGCGCATGTT,1529
ACTATTATGTAATCCC,1529
CAATGGAGCAATAAAA,1529
CACCACTACTAAAAAC,1529
CATCGCTTTTTAAGAC,1529
CCTGAACAGTAGCTCC,1529
TGTCGTCCATTGACTA,1529
AATGATACACTTTATA,1528
ATCGCATTACCCACAT,1528
ATTACCAAAAACAAAA,1528
CCATACCATGACGAGG,1528
GCATGTACAAGCTCAA,1528
TAGTGGATCGCCGACT,1528
TTGATTAGTAAACATA,1528
AATAACTCCACAGTAG,1527
CTGGATACAAGTAGAA,1527
GAGTTTGATAGTCGAC,1527
GTAAGACCCCCACTAA,1527
TAATTTGAACTGTTGG,1527
TCAAGAGATCTTAAAT,1527
ACGATGATATCTACGG,1526
ACTTGACATGGGAGTC,1526
AGCAACACCTCTATGA,1526
ATCAGTACACTGGAGT,1526
ATTCTGTTGATATATT,1526
CAATAACCTAGAGATG,1526
CCACCAATGGATAATT,1526
CCACCGATGTATACGC,1526
CCGATAAATATTTTAA,1526
CGGGTAAACAGATATC,1526
CTTAACCATTCACCGC,1526
GCAATACCCCCCAAGA,1526
TAGAATTACATCAATT,1526
TATCAAAACAAATACA,1526
ACATGTAGTATCCACA,1525
ACGCAGACAGTTGCTA,1525
ATAAAAACAGCTCGCA,1525
ATTTATAACATCAAAG,1525
CATAGAATTCAAAAAA,1525
GTCTTAAACCGAGAGC,1525
GTGCTCCGATCCTAAC,1525
AACGTAAAACAAAGAG,1524
AAGACAGATACAAGAC,1524
ACAGAATGGCACTAAT,1524
CAATCATCGAAAGTAC,1524
CCACATGAAGGATGCC,1524
CCATTTGGTAGTTCAC,1524
CGGGGCGTAGTATCGT,1524
CTTGTCTAACATAAAA,1524
CTTTAACGTACTTCAA,1524
TAAAGACTAACCGTGA,1524
TAAGTCAAATTAGATC,1524
TTATCCTATATCTTCG,1524
TTGTTAGCGACTAACC,1524
AAAGAAAATTAGAATT,1523
AAATATTCAAAGTGCT,1523
AACATCAAAAAACCGA,1523
ACGAAAAACATAAACC,1523
ATGGTGATTTGCTCTA,1523
CCCAGTTCACGTTATT,1523
CGAACAAAAAAATAGG,1523
GAACAAAAACATCTCT,1523
GATATTTAAAAAAAAA,1523
GTAAAACAACTTGCTA,1523
TAAGTTCCCTCTCGAA,1523
TCAGTGTTCGATATAA,1523
AAGAAGCCTGCACAGC,1522
ACAATTCGATAGCCAC,1522
AGTCCTAGAACGCTCA,1522
CACTGTACCTCAGCCC,1522
CATGCAATCAAAAGAC,1522
CTGGAAATACAAACGA,1522
GACGCCGGCTTATGAC,1522
GGAGAATTTTAAACAG,1522
GTATTTAAAGTTGAAC,1522
TATACTTGTCACAGAA,1522
AGAAAATTACCGATCA,1521
AGTTACAACAAAGATC,1521
CAACAGTGCTTAGAAC,1521
CAATGGTCTCAAAAGC,1521
CACTGAAACCAGACCA,1521
CCTACAATTAACAGGG,1521
GACCATCACAACTAGA,1521
TAGAGGAGGCTTCATA,1521
ACAACTTCTATGAAAT,1520
AGCGCAAAATACATAC,1520
ATAAATAACACGAACA,1520
ATAAGAAAACAACTTT,1520
CAGAATGGTTGTCTAC,1520
CCATCATTGTGGCAAA,1520
CTCCATTTTTTACAAG,1520
GGAATCTAGTAGATTC,1520
TTAGAGCAGCGGTAAA,1520
ACAAGTAGAACTTAAA,1519
ACAGCTGCCCGTTAGA,1519
CAAGTGAGCATTACCA,1519
CACCAGAGAACTAGAG,1519
GTTCATTCTAGTTCAT,1519
TAACATAGAATGCATG,1519
TACATTTCTTCCAAAG,1519
TAGAACGGGGGTCAAC,1519
TAGTGAAAAATGCTTA,1519
TCAAGAAATATATTTC,1519
TTCAAAACTTCTAGAA,1519
AACTAGATGCTTATAG,1518
ACACGTGAAATGCAAG,1518
ACAGAACAGCAGGCAA,1518
ACCCACCGGTTGAAAT,1518
CATTTAAATAAGAGTT,1518
CTTAACCGCCTTAGAA,1518
TAAAACAATTACTCAT,1518
TAACAGACTAGGCGCT,1518
TCACACTGTATTACAC,1518
AAATCTAGAGAATGAA,1517
ATCAGCAATTTGATGT,1517
ATTAATCTAGAATGAA,1517
CTTGCATACCAAAATA,1517
GAGAGCTGAGAGAGGA,1517
GTGAAACAGCTAGCTG,1517
GTTACTCCATGGTTCA,1517
TATCGAGACAAAGTTT,1517
TGTTAACTTGTATAGT,1517
AAGCTGAATTGACTTA,1516
AATGTCTACAAGGTAA,1516
ACTCATTATGAAAAAT,1516
AGTACAATCATGCAGC,1516
ATGAGCTAATCTGTTA,1516
CAAACCGAATACTTAA,1516
CATAGCGCAGTAACGG,1516
CCAAGTCAAAAATTTA,1516
GATAAGAGCAATGTAA,1516
TCACTCATGAACAACC,1516
TCTAGCTAGCGACCAT,1516
AATATATGAAACTTTT,1515
ACGAGATAACCAGATT,1515
AGAGATTCGAGCCAAA,1515
CACAACACTAGGAAAC,1515
CTTTAAAAGTTTACGC,1515
GTATTCCAGCACCATG,1515
TAACGCCAAACCATAT,1515
TAAGGACGAACCAAGT,1515
TCAAATCTTAGGCCCA,1515
AACTAGCCCGCACACA,1514
ACTTAGAAATCTTGAA,1514
CCCTGACAAATATATC,1514
CGACAAACAAAAATAC,1514
CGACCGTAATCAGCGT,1514
GACCCCATAGAGATGG,1514
GATCAAATACCTACAT,1514
GGATTAGCAATTCACA,1514
TCAAACGCACGGGCAG,1514
AAATGACTACACAGCA,1513
ACTATCTTTACACAAT,1513
ATACCCTTCCTCTATT,1513
ATTGTCTTCTCGACCG,1513
CAGAACAATAAGCCAC,1513
CTGAAAACAAATCAAA,1513
GGTAATGGCCTCGGGA,1513
TACAGAAGAGTAACCT,1513
TACCTAAAGATCCTTC,1513
TACTCCAAAATTCTGC,1513
TATAAATCTCTGACAA,1513
TTAACTAGTATGTAAA,1513
AATATACGTTGGACCT,1512
AGAATGAAATGCGAAC,1512
CGAACACAAGGAACAA,1512
CTGTTGACATCCAAAA,1512
GAAGACTTCGGCCGCG,1512
GACATAATCAATAACG,1512
GACCCGACAACGCATT,1512
GAGAAAGATGAGTGGA,1512
GCGAGTTAGGGTTCCA,1512
GGTCTAGAGCAATGAA,1512
TAGATCAGTATACGTA,1512
TATCTGTGAGTACTAG,1512
TGCATGAAATAACTCG,1512
AACCAAACTCCCGGTT,1511
AAGAGCGTGCTCCATT,1511
ATCACCGGATCATATT,1511
ATCGAGGACATCCAAA,1511
GCGTGACCACATAGTT,1511
GGATCAAGCCCTTAAC,1511
GTACTAGCAAGCAAGG,1511
TCCCCCCTTCCCTTGT,1511
TCTGTTACTAATGTGA,1511
AACGATAAGGCCCACT,1510
AGTACGACACCATTAC,1510
CATAAGGTTACGCACA,1510
CCACGTCCGTGACTGG,1510
CCTAGCGATACTTCTC,1510
CGAACTGTAACAAAAA,1510
GCCCGGGACGTAACGT,1510
GGTTTAAGACCTAATT,1510
GTTAAGGACAGACAAT,1510
TCATCAGATAAATATA,1510
TCCGAGTCTTATTCCA,1510
AACAAAAAATCTCAGA,1509
AACCGTAATTATAGGA,1509
AATGGGAGGCCTCCAG,1509
ACAATATTGTTGATGT,1509
ACATCGCGCTGGACAT,1509
CCATAAACCAAAACGG,1509
CCCATAAACTCCAGTA,1509
CTGCGACATACAAGAT,1509
GTGTAAGCAAGATAGC,1509
TCCACACTATCTGCAC,1509
AAAAACTCGGACCAAG,1508
AGCTTAAAAGTAGCCA,1508
ATTGGGTATCAAAACG,1508
CAGTCAGCTAAAGCAT,1508
CCGCAATAGAAAAAAG,1508
CGTACAGTATAGCCCA,1508
CTAGTAATTCCAAATA,1508
TCATAACCCGTCAGTA,1508
TCCGCAACGGAAAAAC,1508
TGGAATACATACCAGC,1508
AAACCCCCGGAGAATA,1507
ATCAATTAGAACCATT,1507
CCTTCTGCACAAATAA,1507
GACCAGAAATGCTAAA,1507
TACCATCTGATAAAGA,1507
TAGTAGCCAAGGATAA,1507
TGGGTGGAATGTCCTG,1507
AACTGATAATTTGACA,1506
ATGGCTGTCTTTTCCG,1506
CACGTTACATGACACA,1506
CCGCAGTATGGTTCAT,1506
CTCAGGCGCGCCAAAG,1506
GATACCAGTAACACCA,1506
TAACTCGCATAGCACG,1506
TGACGTGGTACCATGA,1506
ACGCATAACAAGAACC,1505
ACGTAGACAAAGGCAA,1505
ACGTGGAATGGAGTAA,1505
CACTTCAACCATGACT,1505
GTAATTGAAAAATAAA,1505
TGTCCGATCCCGAGGC,1505
AACACAATTTCATGGA,1504
AGGACCATTACTCAAA,1504
CGAAGTTGTCCGTACA,1504
CGCAACAAATGACTTC,1504
CTAAACGCTACATTCT,1504
GAAACCCACCCTATCC,1504
GGTCTAATCTACCGGC,1504
TAATCAATCACACCCA,1504
TGAACCTCTCTCTAAA,1504
TGTAAAATTCAGTGAA,1504
TTGCATGCCCCTGACT,1504
AAAATATAAATCAATC,1503
ACCGTATAGAGACTGT,1503
ATATACCTATTCTAAC,1503
ATGTTGTATTCCGTCA,1503
ATGTTTACACCGTCTA,1503
CGAGTGATGGGATTGC,1503
CGCAGACCTGTCCGAA,1503
CTTTGAAAATCCCCCA,1503
GAAATCAGAACAACAG,1503
GCAATAAAAGAATACC,1503
TAAGTACATAAAGATC,1503
TCTACCAATATCCAAA,1503
TGAAAGCAATACGTAC,1503
TGAGCGTAAACTCATC,1503
TGTTAATTAAGCTTTC,1503
TTAACAAGTGCACTCA,1503
AAACCTATAACGAAAG,1502
ACTCAACTTGCACTAA,1502
AGAATTTATCACACAG,1502
ATATCTAGTCAAATCA,1502
ATATTGTAATAGGAGA,1502
CAAGCCAAAACTTGAA,1502
CAAGGTGTTAATCACA,1502
CAATTTAAGTGTGGTC,1502
GGACTTTGACATACAT,1502
TCAAAAATACGAATAC,1502
TTAGGTAGATATGATC,1502
AACCCGAAAAACTATG,1501
AACGAGCCACTTTACC,1501
AAGACACTTTAACCCA,1501
ACCGATAAAATGTCGC,1501
ATCCTTCTCCATGATC,1501
ATGAAGATCAACACAT,1501
CATTTCTGCATGCTGC,1501
CCGAATCTATTTGAGG,1501
CCGCTAACAGCTCCTC,1501
GTTATGCTTCAAAACA,1501
TAAGCATGGGATAGCG,1501
TCCGAATCTTTGAAAG,1501
TGGATAAACGAGTAGA,1501
TGGTTTTCACCCAAAA,1501
TTCTTGAAATGCACTT,1501
AAATGACGAGACGAAC,1500
AAGTAATGCGCGTAAG,1500
ATGTTATGGGGGTAGC,1500
CAAGCGTACGAATCCA,1500
GAAAGTCTGTATTTCT,1500
GAATTCACCCCGGGAA,1500
GATATTATTTTTAAAA,1500
TAATTCACACTTGACT,1500
AAACCGGCTCAAACTA,1499
AACAAGCGAGCTGAGA,1499
AAGATGAGTAACATCT,1499
ACATCAACGACCACAA,1499
ACCATAAAGTATACAA,1499
ACGAGCCGTGCACCTA,1499
ACGTGGATAATAACGA,1499
AGACAGTAGTGGCGAT,1499
AGAGTCAAGACTGCTA,1499
ATCGAAATAATAATAC,1499
ATGTTATTAGAAGCCT,1499
CAACAAGCCGTAACCA,1499
CACAAGTGAATAACTC,1499
CCAGCCTCTTTAATTT,1499
CCCCAACGAAACACCA,1499
CTGAAAAACATACAAA,1499
TGCCCACCCTGATGAC,1499
TTATGTATGTCTGCAA,1499
TTTAAACCGGGCAAAC,1499
AAGACGAGAGAGCAAC,1498
AGCATATTAATGCAAG,1498
ATAGATACGTATCCGA,1498
GAAGAGCTGACACTTC,1498
AATACATTGCCCGTTA,1497
AGAGAAGGTATCCACA,1497
ATAATCAAACATACTA,1497
CACGGCCACCTTCAGG,1497
CCCTCCTGAAACAACA,1497
GACTCATTATCTCAAA,1497
GGAAATTCTAATTTTA,1497
GGAAGACTCTAGTCAT,1497
TAAGTGGAGTGAAACA,1497
TTGGTTCACTTAATAA,1497
AACAGATTCCAAGGGA,1496
AAGATAAAAGTGCCAT,1496
ACCCACTCGACATGAA,1496
ACTTCTTGTCCGAAAA,1496
ATTGTGGAACACTTCT,1496
CATTAAGAAACATGTT,1496
GAAGGACACATAGAGA,1496
GCACTCATTATCAAGC,1496
GGTGGACACGTCCTAC,1496
GGTTAAAACACCCAAA,1496
TAAACGTATAAGTGGT,1496
TAACCGCGACCAAGCC,1496
TCTAATATTGACAAGT,1496
TTGCTACCTTCCAAGT,1496
AATATAATATACCCTT,1495
AGTGTAATTGCTAGAC,1495
ATATTACTATACATCA,1495
ATTGAGGTTCTCCCCA,1495
CACTAAAGAACTATAC,1495
CCTCATAACTATAACA,1495
CGACGTGGGTTACTCC,1495
CTAACCGATGATAAAG,1495
GACAACAAACGTTCTA,1495
GCATGGAGGAAAGTAG,1495
GCTGTACAAACACTTT,1495
GTATGGTCGATGGGGG,1495
GTTTACGAACAGAATG,1495
TACGATTCTGATCTGT,1495
TACTGCACAAATGGCC,1495
TATTATATAATTGATT,1495
TTAGATCAAGGCGTTT,1495
TTCAAAGATGAAGCGG,1495
ACATCACCGTGGCACC,1494
AGTTAGTGGCGGTCCC,1494
ATAGATACCACATGCT,1494
ATCTACACCGGAATCA,1494
ATGTTCACACTGTGGA,1494
ATTTACATCAATGTAT,1494
CCCACAGACCTTGCAC,1494
GGCCCTGGGACATATT,1494
TCCAAGCAAGACGTAA,1494
AAACAATGCTTGTCTA,1493
ACATGAGAAAACATTA,1493
AGAGCTATCTGGACTA,1493
ATCAAACGAATCGTTT,1493
ATTCCCAGACGTACAA,1493
CACACCTACCCGAGTG,1493
CACATTGTACTGAATA,1493
CCAAAAACTCAATGAT,1493
CTAATTGGTTGCTACA,1493
GAGGCTCTAAAAAGTA,1493
GCACCAAGACTTGTTA,1493
GCATATCCTGATTGCT,1493
GTCCCATACCATCTAA,1493
GTGCTAGCATATTGAG,1493
TTCGCAAGTAATCAAA,1493
AATTACCAATCAACCA,1492
AATTATTAATTTCACT,1492
ATAAAACAACCTAGAG,1492
ATAGAAAATTTAAGTG,1492
ATTAACGACCGCCTTG,1492
ATTAGCAGTATAGATT,1492
CATTTTGAAGCTAACC,1492
CCTATATCTTTCGCAC,1492
CTTTCATGCCACTACT,1492
GAGCGCTTATAGAGGC,1492
ACCGGTACATCTAGTA,1491
AGCGCAAAAACCACGT,1491
AGGACAAGCTCCGATC,1491
ATGAATGAAAAGAAAA,1491
CAAAGTTATTCAAAAA,1491
CGACCTAGGTGTTCAG,1491
GAGATTGAAAAACTTA,1491
TCACACGCCATGACGC,1491
TCTCATTAATGCATCA,1491
AAGCAGACTAAGCAAA,1490
ACAATACTTCAGTAAA,1490
ACACAACACCTAAATA,1490
AGCAAATCATTACCTT,1490
CCTCCAACGGGATAAA,1490
CGCAGCCGAGCTCCTC,1490
GATCAAAAGATATTTA,1490
AATTCAACTCACCAAG,1489
AGAAACCTATTCTCAA,1489
AGATAAATTTATTAGC,1489
CAAGGTCCAGCGTAAA,1489
GCAATCCAAGATATGC,1489
TAAGTATCCAGAAATA,1489
TCACAATGAGCCACTC,1489
TTCTGCCAATCAGGCT,1489
TTGAAATGTTTTCTTG,1489
TTTAGCGCTGAACCTT,1489
ACCAAAGCCAAGATCG,1488
CGACACACGATCTATG,1488
GAGTATACCAATTCCA,1488
GGACCCCTTTAGATTG,1488
GTAAAACGAAGAACGG,1488
GTCATTCCCTAGCCTT,1488
TATAATTTAGGATACG,1488
TATTCTTGACCTTATA,1488
TTTACCCAAAATCACA,1488
AACTTCACTAATATGG,1487
AGAGCCAATCACACTT,1487
CCTCACAACAAGCGAA,1487
GAGACGTTGTTATAAA,1487
GTTTATTATGTACCTC,1487
TTGCATATAGGCTTTT,1487
AGTGTACTTGGACTCT,1486
ATATCCACCAATAAAG,1486
CCATTGGACTATGGAG,1486
CGAACATTGGAGTCTT,1486
GGCCATAGTAGAGATG,1486
AATAAGAAGTAAAAAT,1485
ACATCTTGGAATAAAG,1485
ATTACAGTAAATAAAA,1485
CAGGAATGCCTTAAGG,1485
CCAGTAATTTTTCCAC,1485
CCGATACCACAGAAAA,1485
GAACGATCCAGTTGTT,1485
GAAGCATATGCATCAA,1485
GACTATAACATTTAGT,1485
TAATTACATGTCAAAA,1485
TGTTCCCTAAATGAGG,1485
AAAGAGCACTAAAAAC,1484
ACGCGACTTGAAACGG,1484
ATCGTATCAACCACCT,1484
CCTACATTTGACTATT,1484
GCATACGTAGCCTAAA,1484
GGATACCAAATGACGA,1484
GGCATAGCTGGTGGCG,1484
GTATGAAACACATCGT,1484
TGAATGATGAAAAAGG,1484
TTACGTTAATGGGCAT,1484
AAAGATATTTATGGCA,1483
ACCTAAACACAAAAAC,1483
AGCGCGAAATTTATAC,1483
ATAATTTATGCAACAC,1483
ATGAGTAATAAACTTA,1483
CAACAAGATCAAAGTG,1483
CAATCAGTACAATTAT,1483
CGCTCTGCAATCGCAA,1483
GATAAAAAAAATAAGA,1483
TGTTATGTATATCCGA,1483
TTAAAGCTGCAAACTT,1483
AGTAATCATTTGATTT,1482
CGATAATCTTAACTAT,1482
CGCTTAACTACTCAAT,1482
GAAAGAGTTTGTAAAA,1482
GCATTGCCTCTTGATC,1482
GGACAACTTATAGGTG,1482
GGCAACACCTATACTT,1482
GTGGTACTGTGGAAAA,1482
TATTGAAAATCTCCCG,1482
TGTTAACAAAATTCGA,1482
AACATTACTCCCACTG,1481
CAGGTACATCATTTAT,1481
CATCCCATTAACGACT,1481
GCACTCTCATGTTCAA,1481
GTGTACCATAGTAGAA,1481
TACCTTGGCTGGATAA,1481
TATGTACTTCGTCTTA,1481
TCTACGCGGATATCTG,1481
TTACATCCTAACGCTC,1481
AAGCGGAACGTCACCG,1480
AAGGTACCATTAATTC,1480
ACGGATAACGACTTAA,1480
AGTTATCTACTCTTGA,1480
ATCAGAGGCTCCGTGT,1480
ATTACATATAATGAAA,1480
CACATTGCGGCTATTT,1480
CTGAACTGGAAAACTA,1480
CTTAAGATGCACTGTA,1480
TTGAATATAACAAGGG,1480
TTTGGTTCCGACCCAT,1480
ACAGCATTAAGAGTTG,1479
ACGTAAAAATAGACTC,1479
ATCCCAAAATAGTCTT,1479
GACGGTACACATACAC,1479
GATGGATTCAGCCCAT,1479
GCGATCCAACAAAAGC,1479
TACTCAAACCCACACC,1479
TATAGTATTGTAATAT,1479
TGAAAGTCTCCGGGAA,1479
AGTCAATAAATTACGC,1478
ATATATCCTAATGCTA,1478
ATTAAACGCAGCTCAC,1478
GAAAAGTATTTTCACC,1478
TATGCAGAACAGGCAA,1478
TCTCCTCAACGCATTA,1478
TCTTCCTGGTCCTTCG,1478
CAAGATTATGCGGACG,1477
CGTTTGACCTATTCCA,1477
GTGAGTCAGCTTATAC,1477
TACAGAAATATGAATT,1477
TAGAGTGCAAAGAAGT,1477
TCTTACTACAGTCTAC,1477
AAAGCAGAGTTGCATA,1476
AAGAGTCGTCCATACG,1476
AATAAGGACAGAGAGT,1476
ACATATCTATCACAAT,1476
AGATATTTATAGACAT,1476
AGCATGTCATAACAAT,1476
ATACCATGAATAGCAA,1476
ATCTTATAAAAATAAA,1476
ATTACAAAGCCATAGA,1476
TATTGGACTAGAATAG,1476
TTGTACGTATCCCATC,1476
CGTCGATGAAACATTC,1475
GAGCACGGTAAGGTAC,1475
GCATATACCAATAATG,1475
GTAAAACAAGTATTGT,1475
GTGGCACATTTAGCGT,1475
TGTGGTTACGTAAAAT,1475
TTAAATCAATATCAAC,1475
AGATTAACAGATATAC,1474
CAGAATCTCGGCGCTA,1474
CCCTTGAAATCACCGA,1474
CCTTAAAAATCAAACA,1474
GACGCAACCTTCAAAA,1474
GTGTAAAAATCATAGA,1474
TACACGGTTTTGAGCC,1474
TACTTAATGACACTTT,1474
TATAAAGACATGTAGC,1474
TGTCCCACAAATAAAA,1474
AAATCTGACTCTCAAG,1473
AGTACAATCAAAGTCG,1473
CAGATTATACTATTCA,1473
GACAGGAACCTCTATA,1473
GCAATGGATCTTGTGT,1473
GCGGTAAATCGATACT,1473
GGAGAGGATCCAATAC,1473
GTATAAGCGGATAAGA,1473
TAAATCATAATTGAGG,1473
TACACGCAAAAACAGA,1473
TCATCATACACTGTTG,1473
TCGCTATAACATTCGC,1473
TGTCATAAAACTTGTA,1473
AAAAAACGAGTTTGAC,1472
AAAAGGTGTCATTGCA,1472
AACGTGGAACTTCTTA,1472
ACGCGTATTCATGCAA,1472
CCTCCAGGATCAGTAG,1472
GGTGCCGCTTTAAATA,1472
TCCTGAACCGGCACTT,1472
TGGAGTACAAAAATAT,1472
TGTACTTAAAGCAATG,1472
AACGTAACTTTTGAAG,1471
AATTTTTTAGTTATGT,1471
CATGAACTTGTTGAGG,1471
CGGTGATTTAAAAAGC,1471
CTAGACGCATTTCACT,1471
GAAAAATAAACGTAAT,1471
GGACTAAAAACTGAAC,1471
GGTAAGTTTATACGTA,1471
GTGACTTCGGCTTGAG,1471
TCATAACTTATTTCAG,1471
AAAAACTAGTATCCAA,1470
AATGAGTGTAAATTCG,1470
ACCTGCCGATCGAATC,1470
CTTATTCAAATCCCAA,1470
GCTACGATCTGAAGCG,1470
TAGTCATACAGCCCTA,1470
TGTATAATACATAGGG,1470
TGTTGATATTTGTGAA,1470
AAGTGAATTAAACATA,1469
AATGACAACATCAACA,1469
ACCATCAAAAGAGACC,1469
ACGAGAATAATTACAA,1469
ACGGGGTTAACAAAGC,1469
CACAAAGTAAAAACGC,1469
GGGATAGAATGCAGAG,1469
TATAAAGGGCAAATGG,1469
ACAGGCTACATTTGAA,1468
CAATTGGGCAATTAGA,1468
GACTTTTCTATTCATT,1468
GTAACTGCAGGCACTG,1468
TTATGCAGTACTCTAT,1468
AAAATTACGAGAGTGC,1467
AACATGAATGATAACG,1467
AATCATCCGCACCATT,1467
ACAAGTTGGGATCTAG,1467
ACAATAACGTCCAAAG,1467
ATCAGAAACTAATTCT,1467
GAAGTAACAACGTTAA,1467
GAGAAAAAAACTATAT,1467
TATAAATTTGATGAGA,1467
TGGGTCCAAAATAATG,1467
AAGGAAAAGCTCATAG,1466
AATACCAATACGAAGA,1466
AGAAAATTTAATTTGA,1466
CAATTACACTATAAAT,1466
TAGCATGAAGTCATGC,1466
TTAGAAATGCCCGATG,1466
AGCTTAAAGAATTACT,1465
ATGATGTCGGACCTGT,1465
GAATTTTGTTTAAGTA,1465
GATGAATATTATTGAA,1465
GGTTAATACAACCAAA,1465
TACGATAATGAGAAAG,1465
TACTAGAATCGTCGAG,1465
TTTATATATGAAACAT,1465
ACTTCTTAGATCAAGG,1464
ATAAAATTACCTCACA,1464
ATCTTCAATTACGAAC,1464
CTAAGGTCCAACAATA,1464
GCTTCTTTAATGAGAC,1464
TCTCATAATCAACCCC,1464
TGACAAAATAGCTAGT,1464
ACAAGGAATGAACATG,1463
AGGTCCTACGAAAAAT,1463
ATCTTCTGGCAAAAAG,1463
ATTAATCGATACCCAA,1463
CCATTCACAAAACTTA,1463
CCGTAGTTATCTAGCC,1463
TAGCAATAAAAAGACA,1463
TTAAAAGCTTTAAAAT,1463
TTTACCCACAAATAGA,1463
AAGAAAAAATCACTTG,1462
ACAGAAGCATCTCGGG,1462
ATATTGAAGATCTTAC,1462
CAGACACCGTTAAACA,1462
CTCACGAGGTGAAACC,1462
GAAATCCGGAAAACCG,1462
GAAGACCAGGGGGCAA,1462
GAGCATCTGACATAAG,1462
GGTAGTATCGCATATA,1462
TAGAATACGGGCTAGG,1462
ACAGAAAATTCATAAG,1461
AGGCAACAGCAATAAT,1461
ATACACGTTTTGAGCG,1461
CGATGTTCACGCGCAC,1461
CGTAAGGATCGACATG,1461
GAACCATCCAAAACAA,1461
TAACAATGTTCAGCAA,1461
TAACCTCATAGACCGA,1461
TAAGTAACGAAAATTC,1461
TGACATCGCAATAAAT,1461
TTAAGGACAAACACTT,1461
AAATGAGAACTGTAAG,1460
ACCGGCTTCGTAGCTG,1460
AGATATGACAAAATTC,1460
AGTAGATCTTTGCTGT,1460
ATGCCCCTCGACATCG,1460
CTACATGCTAAACAAA,1460
GATCAGGCACCCACTA,1460
GTCGGGGATACTAAGT,1460
TAAATGCGCGTAATAT,1460
TCTAACTATAAAAAAA,1460
AAATCTAACAATTCGA,1459
AATTAGCGAGCATGAG,1459
ACGTAGTCATAAATAA,1459
AGCACAGCGTGTGCTG,1459
CACAACAAACCACCAA,1459
CATTTAAGAGAATCTG,1459
CTATCGACAGAAGTTA,1459
GAACTGCATTCGTAGG,1459
TATTTTCATGTATAAC,1459
AACGGAGTAAAACCCT,1458
AATATCAATACACTAT,1458
ATACACCGCTACATAG,1458
CAGCGAGTTATCAGTC,1458
CGCGCCTAGCGTACAA,1458
GCGCACCGACTGAGAT,1458
GTACCACGTTATAGGT,1458
GTCTACTTTGACCTCC,1458
TTAAATAGCCGGGGAC,1458
AAAAATCCTAATAAAA,1457
AAGGATTATGGGATAC,1457
ACCCGGTTGCAGCTCA,1457
ATTCTAAACATACTAC,1457
CCCCACCATGTGAGTC,1457
CGATTACTCCCACCCG,1457
CTCTAACCGCGCCCAC,1457
GGAAAGGATAGTTAGA,1457
GGCGCTTGAATCAAGC,1457
GGTTAGCACATAAAGA,1457
TAACAGCACTAAAAAC,1457
TTTTTTGGGACCACTG,1457
AAAAAAAAAAGAGAGA,1456
ATGAACATACACACAA,1456
ATGATCGTGCGAAACT,1456
CCACTAAGAACAGTTC,1456
GTCGTCGTCCTAATAA,1456
TCCGGATCGTGATAAT,1456
TGATTTTAAACTACTT,1456
AGACGTCTAAGAGTGC,1455
ATAGAATCAGGTCTCC,1455
CCGTTACAAATCTAAA,1455
CTCGTTATCCGATAAA,1455
GATCAGCTAACCCAGC,1455
TAGACTATAATATATC,1455
TAGGTAACAAACTTAG,1455
TGAGTTTTCTGTAATT,1455
TTTGCCAAATAACTGC,1455
AAACTACTTCTATAAA,1454
AAGTACAAACACCCCG,1454
ATAACCCAATAACGTA,1454
GAGGCGCGAAGATGTG,1454
GCATATGGATTCCATA,1454
TACTGACGGAACCCTG,1454
TGTACATAGGTGATAC,1454
AACTGCCAAGTGCTGT,1453
AATAGCAACGTTATGA,1453
ACCAAACATGAGAGAC,1453
CAAAACAACAAACGCC,1453
CAGAATAAAATTGACT,1453
CCAGCTTCTAACTCCT,1453
GAAAGAGCTTATCGGA,1453
TAAATCGTACTAAACC,1453
TATAGTCAAGAAACAA,1453
TGAACCCTTAAAGGAT,1453
TTACACAACGAAACCC,1453
AAAAATCTTGCGTCAG,1452
AGGACTGTAACTAGAA,1452
ATACAAACAACCGGGT,1452
ATATTTATTCGATCAG,1452
CAACCGACCAATCGAC,1452
CAATATGCTGCGACAT,1452
CACGTTTGTAACACAT,1452
CTTTAGAGCAACTCTG,1452
GAGGTTATCGCCAAGA,1452
TCCATTGGCCAGAAAA,1452
TGCAATTGTTACATTA,1452
TTAAATGTGAAATATC,1452
CACACTGTGATGAAAA,1451
CATGATAAAAACATCT,1451
CCCAGAAATTTAAAAT,1451
CGCAAAAGAAAAATTG,1451
CTCAACTTGCATGGGT,1451
GATGAATAAAAAGACT,1451
GCAATATGCCCCAAAG,1451
GCTAGTTTGAACGTTG,1451
GCTTAGGACACGGACA,1451
GTATGTCCGATATAGG,1451
TGCAAGGGTGGACCTT,1451
TTAGCCTATTCAGAGG,1451
ACGTGAGTCCAGGTAA,1450
CAATAATCCCTATTCA,1450
GACAAAGTAAATAGTT,1450
GGACTGTCTGATACGG,1450
TGCAAATGCTCAACAT,1450
TTTACTCGAGCAGTCA,1450
AAACATCCAACGGCGT,1449
ACGCAACCACTTTTAA,1449
AGTAACGTAACTAAAC,1449
ATTGCGCAATAGAATC,1449
CAGAGAGCGGCCAAAT,1449
GAGCAAGAACTCCCAT,1449
GGCCGTATTAAACGCA,1449
AACACGAGAACCGGGC,1448
CATACCCCAAATGACA,1448
CGAAGGACAAACAAGA,1448
CGATAGGCATCTTTAA,1448
CTAACTAAAACTGGTA,1448
GCGAAATATTCACATG,1448
GCTTCTAACATATCAC,1448
GGACGAACTAGATACC,1448
GGTGTGCAGATTCACA,1448
GTCTTTCACTTGACAC,1448
TACGAATTCAAACAAT,1448
AACTCGCTCTTAACAA,1447
CCGAGTCCTAAAAAGA,1447
CCGCTAAGAGCGCGAT,1447
CGAGCAGGCAACAGCG,1447
CTGTACAATATACAGA,1447
GATTTCCTAGATTACG,1447
TACAATACACTTATGG,1447
TTAGAGAAAGCTCCAT,1447
AATAAGATTGAGTTGG,1446
ACGCACTTGTGCAAAA,1446
ATTACACTTGGTGAAA,1446
GCGCAGCAACGCCCCC,1446
GTTTAATGGCGGACCG,1446
TAAGCATGCGGTTTTC,1446
TACCTTGTCAGAAAAA,1446
TAGTTTGAGTTATCTA,1446
TCGAATGAGAGATCTG,1446
ACGACGATACTGTACC,1445
ACGTCCCGCTATCTCT,1445
ACTTACGTAAACCTTT,1445
ATAGGCGGTAACCACT,1445
ATCCAATGCCCAAAGC,1445
CAATCAGCAGTCATCA,1445
CTCACGGGCTGTGAAC,1445
GAAACAGTAGATAAAT,1445
GTTAAAACTGTCATAC,1445
TAAACATACATACGCA,1445
TACCGTAACTCAAGAC,1445
TTACTCACGTGAGAGC,1445
AGACCTGTCTATCTAG,1444
AGCACTTGAGACAACA,1444
CAAACAATATTTTCGC,1444
CATCACGAAATGCCAT,1444
CGTAACGTGCTTGCAA,1444
GACACCGGAACTAAAG,1444
GTAGCGGACATATAAA,1444
TCCAGAGTAACAGTAC,1444
TTTTACCAGGAAACCT,1444
ACACCTAATTGGTAAC,1443
ATTTGACCCCGCACCC,1443
CTAACGATGGAATCCA,1443
CTGAAAATGTAGCTAT,1443
GATCCCATAACAACAA,1443
GGCTCCACTTACCGAT,1443
GTAGAAATACACAAAG,1443
GTCGGGGTAATCACCC,1443
TACGTGCAGACCATTT,1443
TTTACAAAGACTATGA,1443
AAGTATACCGTACATA,1442
AATGATTTTGAGATAA,1442
ACATATGAATGCGTCG,1442
ACCTCCACTAAGCGGA,1442
AGAAGGTAAATGTCGA,1442
ATAGGCGCCCTACGTC,1442
ATGATTTGACAATGGA,1442
CCTTAGGCGGGTTAAT,1442
GAGCGAAATGCGAAAT,1442
GCGACGATTAGCCTGA,1442
GGTTCGCACACGATAA,1442
TGAGCAGTTGCGTGAT,1442
CAGGAACGGAGTGAAT,1441
CCAAAAGTAGACTCGT,1441
CCAGATAAGGTTAATA,1441
TCGTCAATCCTAGCGA,1441
TTAGCTAACGAGAACC,1441
TTGCCACAGTTGTATG,1441
AGAGTGATAAATGGAG,1440
AGATATAAATCTCTCC,1440
AGTGCAACCATTATAT,1440
GCTATCCATTTATCTA,1440
GTCCCGATACTGCATG,1440
TGGTGCACTAAATTTT,1440
AAAGGCGAACGTTTAA,1439
ACAATGAAAAAATTAA,1439
AGACAACTTTATACAA,1439
AGGACAGAAAGTAGGT,1439
AGGACATCGACGGCTA,1439
AGGACTGACTACTGGA,1439
ATCCTACAATGAAATA,1439
CCCAGGATAAACCGGT,1439
GATATTCCCCACGTTT,1439
TACCAGAAGGTTCCAA,1439
TAGAAAGTTTGTCAAC,1439
TGAAACAAAGCCCAAC,1439
TTAAAAATATAAAAAA,1439
AATCCTTACCTCACAA,1438
AGTCATTGAAGTATCT,1438
ATCTACTACCAAAAGG,1438
CAACCAGGAAATGGGA,1438
CTGAGTGTCTACCACT,1438
GTCGGGCACCGGACAG,1438
AACCCGCCCAAACGTG,1437
ACCAGCTTGACCAAAG,1437
ACGCAGAAATACCAAC,1437
CGAATATAAAGATTAT,1437
CGAGACTATGGTAGTC,1437
GAACGGCTCGATCGCA,1437
GAGACCTACGCCCAAC,1437
GCACCCCAATTCCAGA,1437
TACTACCCCGACACAG,1437
AAACAGCTACCATTGA,1436
AACGTAAGGTTCTCCG,1436
AATGAACTAGCATACA,1436
ACTGAAGTGAATATAC,1436
ATAATAGACAGGCTTA,1436
CACGGAACAGTCAAGA,1436
CCCTAGTATGTCTATC,1436
CCGTCCGAGAATTAAA,1436
CGCTAAATAATCACGG,1436
GAAAAGAGAAAAATGA,1436
GCAGGAAATATCAACT,1436
GGAATAGTAAGATTTA,1436
TACCGAACCAACTTAT,1436
TGCTCTAATTCTTTTA,1436
ATAGTAGTAATCGCAA,1435
CATGCACATGGCTATG,1435
CGATAAAACACAGGTG,1435
CGGAACAGCTTTGGAT,1435
CTAAACACATAGAATC,1435
GGAGTCCGACAAATGT,1435
TAAGAATTTGCTAAAA,1435
TAAGTGCAACAAGATT,1435
TCAAAAAATTTCTCAC,1435
TTACCATGGTAATACC,1435
TTGAACACAAAATTAT,1435
ACTGATTACAGTGTTT,1434
AGCGTTGGAACAGTGT,1434
CAACTTAAGTAATTGT,1434
CATCTAAGAACGGTTA,1434
CGGCCTATTTCGGATT,1434
CTTTCGCGGTAAAACG,1434
GACAAAGCCCAAGACT,1434
GCCGTGGTATCTCGAG,1434
GGGATTAAATTTTACA,1434
TACATCCGGATAAAAG,1434
TACTCAAAATCCTATA,1434
AAAATATTCGAGTTGC,1433
AATTTACATATACAAT,1433
ACGTAGTTAGCATGCG,1433
AGACAGGTGCATTCTG,1433
AGTTGTTGGAAACCCG,1433
ATGTTGGACAGTGGCC,1433
CGAAAATGCTTGAAAA,1433
CGTGCTAATGTGCACA,1433
GAGAACATGGGAAAAG,1433
GAGGGACCTACTTAGC,1433
GATTTAAATACCAACA,1433
GATTTTCCTAACTCTT,1433
GCAAATTAATACTTAG,1433
GCCTATAGTCACTTAG,1433
GTGTAAGCACCCTTAC,1433
TATGACTAGCTTAGTT,1433
ACCAAGATATAAAATA,1432
ATGTAAACTACTTTAT,1432
CGGAAAAAAAAACTCG,1432
CTATATATTAGGGATG,1432
GATACCCAATAGCTCG,1432
TAGGACTATACTCAAA,1432
TCATATGCTAACGGTT,1432
TTTAAAAATACTGTTT,1432
AAATTTGTAGAGCCGC,1431
ACTGGCTGTATGTTAC,1431
AGCGCGGCAAGCAGAA,1431
CAAGCTCAATGCACAG,1431
CATCCTGTAGAAGTAA,1431
CCCTGCGGACGCATAA,1431
CCGGTGCTTGCCTCTA,1431
GCATAAGGATCTGCCA,1431
GTAAACTAGACCTATG,1431
GTAATATCAAGGAAAG,1431
GTTACCACGCAATCGG,1431
TAACCGTCAACTGAAC,1431
TCTGTACTGCACAATC,1431
TTTTTTACTTATAACC,1431
AAGTGAGAAGCTAGAC,1430
CACAGACAGATGATTA,1430
CATTTAGTCAAGTCAC,1430
CCACGAACTTGTTACC,1430
CCTCATAATCAGAATG,1430
CGCTATTATCTGTAAA,1430
CTCAAACGCTTGGTAC,1430
CTTATGGAATTCTCGG,1430
TAACAAGTAGAGATAG,1430
TAATATAGGAAACTGT,1430
TAATCCATATTACATT,1430
TTACAAAACTAACGAC,1430
AAATTCTATAATTCAA,1429
AACCGGGCAGCTTTTA,1429
AATCCCACATTTATAA,1429
ACCGTACCCTTATTAT,1429
ACGATGAGATTAATAC,1429
AGTCCTTTAATAATTC,1429
CTACTTATATAGTACG,1429
GAACATAAGGTAGTAG,1429
TAGACCGTTCAAACCA,1429
TCTCTGAATCGAGCCA,1429
TCTGGCTCAGAGGCTT,1429
TTAGTATCTAAACACC,1429
AAGAATACGCCATACC,1428
ACCCCGTTTTGTATCA,1428
ATTAACTCAATCGTAA,1428
ATTGACTGGACTGATT,1428
CCCGTACTCACAACCC,1428
CTATAATTAGGATTGA,1428
GAACGAGAATATACCA,1428
GAACTTCGCTTTAACA,1428
GCCGAAACATCGAACT,1428
TAAAAATAATCGGCCT,1428
TATTGCTTTTCCTAAC,1428
TTACCGCTTATTTAGA,1428
AAAAGTCATAATGAAA,1427
ATCATCTAATAAACAT,1427
CAACTTAACATCGTCA,1427
CGGAAAAGTTTATCCC,1427
CGTAAACTCACGACAT,1427
CTGATCATTAAAACTA,1427
GAATAAGTAAGTAATC,1427
GAGGACGAGCGCCTTA,1427
GTTCTAATGCTCCCAT,1427
TAAATTAGTCCAACCA,1427
TTAAAAAAGTGAAGCT,1427
AGAGCGTCACGTTAAC,1426
CAACATATATCAAAGA,1426
CTTACCCCTGACTAAA,1426
GGGTCAAAATAAGAAC,1426
GGGTCATGGTGTTCGA,1426
GTCTTGGGAGTTGGAT,1426
TAAAGCTATGGATAGA,1426
TGGCGGAACTTACGCT,1426
TTTTAACTTTCTACAA,1426
AATCGTTCAATCCAAC,1425
ACTAAACAAGAAAAAG,1425
AGAACATTAAATGAAG,1425
CACGCATGTGTCTAAA,1425
CAGGTTACCTAGAGAC,1425
CCATATTCGAGGTCCA,1425
CCCTGGTGCTCATAGC,1425
GTTTAGTGAGCCTATA,1425
TAGAGAGTGCCCTCTT,1425
TGATCTGATCGATATG,1425
ACACCCCCAAACCTAT,1424
ACCAATCACCAATAAC,1424
CATGCTAACCGGAAAA,1424
CGACATCGATCTCGCT,1424
TCTCCGCTTATAAAGA,1424
TTAATAACTTTCAAAA,1424
TTATCTACGCTAAACT,1424
AACTGGGCAATGGATT,1423
ACATACACCGATACTG,1423
ACTGTAAAACCAGAAA,1423
CTATGAAAATCAAAAA,1423
CTCTGCCATCGCAGCG,1423
CTTACACCCCCTGCAT,1423
GATATGCAACCAAAAA,1423
GCTCTGATCCCACGAC,1423
GGCAGATCTACAAACA,1423
GTCAGAAAAAATTGGG,1423
GTGTTCTCATCATACG,1423
TAAAATGAGCACAAAA,1423
TAAGTGAAAATTACAC,1423
TCTTTAACGAGAAGAG,1423
TTGGTGGCTATATCGG,1423
AAATCTCCCGCATTGA,1422
AATTGAGGCATAGACA,1422
ACATTCACGATTACGG,1422
AGAAGCCATACAATTC,1422
CGGTAACCGCAGTTTT,1422
CTAAGCCGAAGACGCA,1422
TAGACCCTATAAACTC,1422
TCAAGAGGAAAGGATA,1422
TTCGATTTTGAGTTCA,1422
AAAGCATGATAGAAGT,1421
AACCGCTCATAATACT,1421
AACGCACTGACCTTAA,1421
AAGGAAGAACTGATAC,1421
AATATGATAAAACACA,1421
ACGAAGCAGCACGGCT,1421
ACTATTCATATCGCAG,1421
ATCCCTGTCGCGCTAG,1421
CAGACATCAAGCCCAA,1421
CCCAAAGCACAGCATC,1421
CGATTAAATAAGTATG,1421
GTGGACTCTAAAAATT,1421
TACGTGCGACAAAATC,1421
TATCCGGTCAAGAAGA,1421
AAGCCCCGGAATGCGC,1420
ACTAAAGCCGTTGTCA,1420
ATAAAAAAAATAAAAA,1420
ATATGTGGTCCCGAAA,1420
CGTATGCGAGGGTTAA,1420
CTACAAAATTCATAAA,1420
CTAGTTCAGAACATAT,1420
GACATTGGTCTTAACC,1420
GACTACGCAAACAAAA,1420
GATCAATTAACATTGT,1420
GCTACAAATATAACCG,1420
GCTTACAGCGATAAAA,1420
TATCACTAGACAACTC,1420
AGAAACAACTGGCCTG,1419
CACGATCTAATGTACA,1419
CCAAGGTCCAAATGAA,1419
GAAGCCAATTACTTAC,1419
GATTCCGCTTATGCCA,1419
GGAAGATCCATGACCA,1419
AAAGGCATTGAGCAGC,1418
AAGAATGATGCTGAGA,1418
AAGAGAGAAAAAACAA,1418
AAGGAGACGCACAAAC,1418
ACCAAGACCAAACATA,1418
GAACGCGGATAGACCA,1418
GATTGGCATTGTCGGT,1418
GTAACCAGGTCTGGAC,1418
GTCCCAGCTCCTTAGT,1418
TCACCGTTCCTGCGGC,1418
AACAGACTATGTAAAT,1417
AAGTTCGGGTCTACAA,1417
CAATTGATTAACCATA,1417
CCTAAATGGACAGTTA,1417
GGACCAATGAATTAGT,1417
GGGTCTGAAGTAAGGA,1417
GTACAGCAATGAATAG,1417
AAGCTGGTTACCAACA,1416
ACAAATATGCAGTCCA,1416
ACCACGCCTTGATACA,1416
CATTAAAGCACAACAC,1416
CGATAAGTTTAGCCAA,1416
GAAACTTGCATTGAAA,1416
GCTGGACGTTAGGGGA,1416
GGTAAAATCATAGTAT,1416
GTATCTAACGAATGAC,1416
TATTTGAAGTAACAAT,1416
TCATTTCAAATACATA,1416
AAGACCTGAAAGTAAA,1415
ACGAGAGATATCAATG,1415
ACGTAAGAACCGTTTA,1415
ATCGCATCTGTATAGA,1415
CAGTCTTCCGTTACAG,1415
CATTACATCATACTTG,1415
CCTATATCCCATGCCT,1415
GTCTAGTCGAAAAAAC,1415
GTTGAACAATAACGAA,1415
TCTCATAAATCATGAC,1415
CGAAGGCACAATAATG,1414
GCGACCCGACTTATAT,1414
GTCCATACACATTTAA,1414
TCAAGAGAGCATTAGA,1414
TCATATATGAACCAAG,1414
TCTGAACCAAGCCGCC,1414
TTAGAATTACCCTGGC,1414
AAACTATATGTCAGTC,1413
AAGGCTGCTAAACCAT,1413
ATCGCAGAAGACGTTT,1413
CATGAAACTCAAGCTA,1413
CTTGTGAATCAAATCT,1413
TAAGTATAAAGAGGTG,1413
TCCCTATATATAATAA,1413
TTCGTCAAGATGCCCA,1413
TTCTTGCTCATTTAAG,1413
AAATCATAGTAGGCAG,1412
AAGATTCCGTTGCTGG,1412
AAGCGTGATTGTGCAC,1412
AATTATAAAATATATC,1412
ATTATATACTAAAACT,1412
CAATCTACTGGAACAA,1412
GAACATTGTTATAATC,1412
GAAGGCTTCAATCACA,1412
GAGATTCATTACGGTG,1412
TACAAGCCCCAGCCTA,1412
TTAACAACGATTAAAA,1412
AATCTTAAAGGTCTTC,1411
ATATTCAGTGGATTAC,1411
CAAAAGCACATTACCC,1411
CGCTCAAAACGTAATT,1411
CTCTAAATAAACTGGT,1411
GAGAGGTGATGTTTAA,1411
GGACAATGCGGAAAGC,1411
TAAGTAATCGTTACTA,1411
TCCTCTAATCACATCC,1411
TTCTACTCAACATATA,1411
TTTACTCGTACAAGGG,1411
AATAATAAACAATTCC,1410
ACCCTGGGACGTACAC,1410
ACTAAGTGGTCGCAAC,1410
CATAGAGCCTTACATC,1410
CTATAAAAATTAGCCA,1410
GATAGCCTCTAATACA,1410
GATATAACGTACCATC,1410
GCCCTCAGGGTTACCA,1410
GTAGAATAAAATATAA,1410
TTAGAATTCCCATGGG,1410
AAACAGGCTAATCCAC,1409
AATCAAGATAGCAAGG,1409
ACTTTAGCAGTATGGA,1409
CACATGAAGCCTTGAA,1409
CCTATGCTTAACTGAA,1409
CGCACAACCAGGACCA,1409
CTCAAACAAAAAATCG,1409
GAATTAGAGTGAACTG,1409
GACTATATCAAATTTA,1409
GTGATTCAGATTAACG,1409
TGAAAATTGTAGATTT,1409
AATGCATACCCGCTTA,1408
AGATAAGGGCCAGGAA,1408
AGATCATAAAATCACA,1408
ATAAGTAGAAGCAAAC,1408
CCCCTCCAAATAACGT,1408
CTACCATTCAACTTGG,1408
GAATAATGCTTTGAAA,1408
CCTGATAAGAAGTGAA,1407
CTTGTAAAGAGCGAAA,1407
GAAAGAAATTCCTGGA,1407
TACGAACGGGTCACAG,1407
TAGGCGGCGTATGTGT,1407
TCATACTATATAAAGC,1407
TCCACCCGAACAATTA,1407
ATTGCCATTTAGTAAT,1406
CAAAACAATCTGCTAA,1406
GAATAAACCTCAAACT,1406
GCAATTAATAAACCAC,1406
GCGCACCGTCAATTGT,1406
GTTTCTGGTCATTCAA,1406
TTAAATGGGACAACTG,1406
AACCAGTTAGCATTAA,1405
AACTGGGATAAGTAAA,1405
ACAGGCCTCACCGGCA,1405
ACATCCAGCCGAACGA,1405
ACGACACTTGAAAAAT,1405
ACTTGTCAGGATCATA,1405
AGACCCGAAGCGACCC,1405
ATAAATGAATAGACTT,1405
ATGAAAAACGCCACAG,1405
CACCACCTGCGGATAA,1405
CATAGGTCGCATACCT,1405
CGACTAAGGCGATTTC,1405
CTAAAGGATGCAGCAG,1405
GAGACCGGGATGGGCT,1405
GATAAGGGTGTGAAAA,1405
GGATCGAGTTACCATG,1405
TCAAAAAAATTGCCCA,1405
TGCACAAGTTAAATGG,1405
TTACACCAATATAGCG,1405
AACGGGCAAAGAATTC,1404
ATAACTAGGAAGGAGT,1404
ATAATGCCACCCACAA,1404
CACGCTAGATAAGCAA,1404
CCATCTGCCTATGCAG,1404
CCGAAACCACGGTTAT,1404
GCCCAATTGCTGTACG,1404
TAAGTTTCATCACTGC,1404
TACAGATTGAGTAAGA,1404
TATATGGTCCGCTGTA,1404
TTCTAAAATTATGAAC,1404
TTTTTGTCAGCCACAT,1404
ACACGTATAATACTTA,1403
GATAAGCTACATCTAA,1403
GGAACCTCAAAAGTTA,1403
TTTCGAAATCTAGCCT,1403
AAAATAACATGTCCTA,1402
AAAATTGTATATAGAA,1402
AACTCTTCTGTCGATT,1402
AATCCTGGTGAGACCT,1402
AGCTTCTTTATAAGCG,1402
CACCCACTTTCACCCA,1402
CCGAGTTGAAGCAATC,1402
GACAAATAAACCAAGA,1402
GGAGCTGGCAAAAGAA,1402
ACCGACAAGAAAAAGG,1401
ATCCCTCCTCCCCGAA,1401
CGAAAATAAACTGTGA,1401
CTCGATATCAAACTAA,1401
TGCCGGTACTCCTATA,1401
TTGTGTAAGGTATACT,1401
AATTAGAGTGTCCAGT,1400
ACAATCCCAAACGAAC,1400
AGCTCCCCGGAATAGA,1400
AGTGGTTATTAATCCT,1400
CAATAATTCACTAACC,1400
CGATGAAGAGAAACAC,1400
GAACTTTTCGGACTAT,1400
GCCGGTGCCTACTTAT,1400
GTAACTAAAATAAAGT,1400
TCTCTTTTAACTGTGA,1400
TTCTTTATTATAACGA,1400
AAGCCCCGATATCCTT,1399
AGAGAGGATATTGTGT,1399
CCCGCGACCACGACAC,1399
TAAACACCAAAATATG,1399
TAACTGAACACACTTT,1399
TCAGTCACACAACACC,1399
TGAATTGTGACACTAA,1399
AAGAAAACCGAACCTC,1398
AATAGCAGTTTACATA,1398
AGGTGAGTTGGCCAGA,1398
CCTCGAGCCTGTAAGC,1398
CTAAAGATTAACAAGT,1398
CTGGTGAATAAGCTTA,1398
CTTCAGACCCGTAGTC,1398
TAATACTACCCAAGCC,1398
TAGAACAAAAACCGCA,1398
TAGAATTTCGCAGGGT,1398
AAAAAACCACATTATA,1397
ACCCAGCAATAGATGG,1397
ACTTTCCCTGCGACCT,1397
ATCTTATTTAACGTTA,1397
ATGCTTCTCTTTAAGA,1397
CACATCGACACAAATC,1397
CATATTACAGATCTTA,1397
CTTCTCAGAGTTCTGG,1397
TCTAAGGCGTAGAGAC,1397
AACAATTTATCCACAG,1396
AACATTTCAATTTACG,1396
AACGTTCACCCGACCA,1396
CAGAACTGAAGTGATA,1396
CCATACGGTATACCTG,1396
GTATATACTTTAATCA,1396
TTACACCTGAGGCACC,1396
AATTTGGCTGCACAAA,1395
CTAAAGCTCTATTGAA,1395
CTACTAAACGCAGATG,1395
TACCTGCCGCAGAGAG,1395
TATACTGTCTATACCA,1395
TTCGTCCTAAAAAACG,1395
AAGCATCGTTTCGAGT,1394
ACTACATCATATCGTT,1394
ACTACGTTTACTACAA,1394
GAACCACGCTAACACT,1394
TAGAATGCCTAGTCAA,1394
TCGTAATCAAAGTACT,1394
TTAGAAATTTTTGCGC,1394
AAAATCGAATGCCGGA,1393
ATAATTTCCTGCAATA,1393
ATAGAAAAGACAACCG,1393
ATCCGTTGAATACAAC,1393
ATTCTGTAAACAAGAA,1393
CAAGCAATGCATACGT,1393
CAAGGGATGGTCACCG,1393
CTAAATTATCCTAGTA,1393
GATCGTAAAACATTGC,1393
AAAACTCAAATTGAAG,1392
ACGAGACTGTTCAAAC,1392
AGGGCTCGGCAAATAA,1392
CTCTAAGAGTAAGCGC,1392
GCCAACTGAGCCTACA,1392
GGATAGTCAACAATCT,1392
TCCAATCACTGCGGCA,1392
AGCTACATACTAAGTC,1391
AGTAATATTCTGGCAA,1391
CAGGTATTACCTACTT,1391
GAATAAACGAAGAGAA,1391
GCTATCAGGCATTAAC,1391
TCAGGGATGACACGTA,1391
TCCTCTTTCTCCTTTA,1391
TTACCTAAGAAGTCGC,1391
AACTCTACTACATCCA,1390
AATACGTAAAGCTCTC,1390
AGAAAGATAACGAACA,1390
ATATAACCATATAACA,1390
CAAAACACCCGGATAC,1390
CGATGCATCTCAACAG,1390
CGCATAAGAAACGTAA,1390
CTACGAAGATATGAGG,1390
GAACGAACTAGAGCAA,1390
GAACTAAAAGTTTGTA,1390
GAAGTCTTAAAATTAA,1390
GACCTAAGCCGCCTTG,1390
GCCCACTTTGCAGGAC,1390
TGACAAGATTTTAAAT,1390
TTAACAGTGATCTGCT,1390
ACGGAATGTTTCAAAT,1389
ACGGCATGTATCACCA,1389
ACGTCTCGATAATTAC,1389
ATTCTTATCCGTATTG,1389
GGTTATTACTAATGCG,1389
GTATTGACCCTCACGT,1389
TCAAAACGAAAAACCA,1389
TCAGTCGGTTAATTTC,1389
TGAACCAGACATTATA,1389
AAATTAACTGCGGGTT,1388
ACTGGGCATGGCATCA,1388
CGATATTATAAGATTA,1388
GCACGCACTATGGACG,1388
TATAGTAATATACCAA,1388
AAGAATAGAGCCCCAA,1387
AGGGACCTTTCGCACC,1387
CCGAGATTTGGGGAAG,1387
CGATGATTACAAACCA,1387
CGTTAAAAATAATGGT,1387
TCCTTCGGCCGAGTTA,1387
ACCAAGTCTGGTCTAG,1386
AGATACTCACATATTA,1386
CCACCTGAAAAGATGG,1386
CCTATAATCGTTTGCT,1386
CGGATATTTATTGCAA,1386
GAAATCAAAAACGTAA,1386
GAGACAGATAGTATTG,1386
GTGGATCACCTAAATT,1386
GTTATGAAAATAGAAA,1386
TGATAATTATCTGCAC,1386
TTTAGCGGAATTGTTT,1386
AAACCCACGGATATTA,1385
ACACGGACTCGACGAA,1385
CACAATAGGCACAGAC,1385
CTAAAACCTACATCAT,1385
CTTGACCAGCCTTTTA,1385
GGCTGACACCGCTTTG,1385
GGTAACGCTAACTATC,1385
AATCGACCCTGATTAT,1384
ACCTACAATGTAAGCG,1384
GAGGATGGACTTAATC,1384
TAAAGTCGAACATTTG,1384
TTGTGATCTTGAGCGT,1384
AATACACAAAAGAAAT,1383
AGAATGTACGTTTTTC,1383
CAAAAACAGACACTAA,1383
CATTTAAATAAACCCG,1383
GAAAAGTCGCTCTAGC,1383
GCATAACATGGAGCAA,1383
GGTAGTTCGAAATTAC,1383
TAATACGCGATATATG,1383
TCATGCCGTTGATATC,1383
TCGACGTTTTCAAAAA,1383
TTCAGCATTACAGACC,1383
TTGGTCCGTAGCCATC,1383
ACGCATGAACACGCCA,1382
AGCCAATGATTCTACA,1382
CAACAGACTAGCTTAA,1382
CCCCCCTTAAAATTGT,1382
CGTCTGCATTACCGTA,1382
GACCCCCCCACTAACA,1382
GAGAGTGATGGATCTG,1382
GCCATGATAAGCCCGT,1382
GCGCTAGGAAACCAGG,1382
TGAATAAAAATAGGGC,1382
TTAAGTCGGAGTCTCG,1382
TTGAGTTAGAGAAACA,1382
AAAAGTACGAAACCAT,1381
AGACTGCAAAGCCACA,1381
AGCCGCTTAATAAGCT,1381
ATATAGGCACATAGGC,1381
CAAGCTCGTAGTCATA,1381
CTTCTACAGCAAGTCT,1381
GCCGGCATAACCCATA,1381
GCTCTAAAAAAGAAAA,1381
TCCTGAGTTACCATAA,1381
TGTTAAACGAATATGC,1381
TTTACTCTCAAAATAA,1381
ACCGTGAATCTTAGCG,1380
AGATGTCTTATAATTA,1380
CGAAAGTCAGATTAAC,1380
GCTAAGAGACCTCTCC,1380
GGGTCTAATAGGCTTA,1380
TAGAATTTCATACACT,1380
TTGGCCACCAAACACA,1380
AAACGCACGACGTCTC,1379
AAGACCGTCCTTCGAA,1379
ACCAACCTGTTTAACT,1379
ACTTATCTATATATAC,1379
AGGCAGCAACCAAAGG,1379
ATGAATACTAAGGCAA,1379
CAGATAAAAAATCAAA,1379
CTTTTAACAGCAAAAC,1379
GATACTTAATACCTAC,1379
GTAGATCCTATATAAC,1379
TCCCAGGATCGAATTC,1379
TGTAAGAATGAACTCA,1379
CAAATATCAAAACGTA,1378
GATCAAGACGAAATTC,1378
GTAGATACATGAAATT,1378
TAAAAAAGTGAGAAGA,1378
TAATTCATAAAAAGAA,1378
TACGCTACCTAAACCC,1378
TAGCTAAGAAAGTCAC,1378
TATTGAGCACAAGATT,1378
TCCCTGAGTCTACTCA,1378
TCGGGCAGATTACACT,1378
TGTCCAATTGAGCGAC,1378
TTCGGTTTCAAATTAG,1378
AGAGTCAGAGCGGACC,1377
CAAAGTCACTTTTGCC,1377
CGTTGAGACCATGCGG,1377
GCTCTCCCGCCCCACT,1377
TAATAAATGCCAACTG,1377
TAGATGATACATAACT,1377
AACACTACATTCCAGG,1376
ACGGAAATAGGTTCAC,1376
AGCACCAAAGAAATCC,1376
AGTACTCTAAGCGAGT,1376
CAATTCGAGATTTAAT,1376
CAGCCGCGTAAAGCTG,1376
CCCAAGATGTAAACTG,1376
CTGATAACCATTTTTT,1376
GATCAAAATACACCAA,1376
GATCAATTACTGGTAC,1376
GTATAAAGACATAGAA,1376
TGTCAATTTAAGACAC,1376
TTAGATATCGATAACA,1376
TTGTAAAAGCTAAATA,1376
AAAAAAACGAACAGAG,1375
AAAAACCAACCCGTCA,1375
ACTTAATACTACTAAA,1375
AGAGGAATAGATAAGA,1375
AGCATTTGTGACTAAG,1375
ATATAGTTCTCAGCAA,1375
GCAATATGAAGGGTAT,1375
TATAAGCAATAACCTT,1375
TCTCTTAGATTCAGCA,1375
TCTGTGCGTCTTACAG,1375
AAGTGTGTTTTTATGG,1374
CGAGGGTTTATAGCAA,1374
GAATAACTTCTAAACT,1374
GCCCCGGAGGATTGGA,1374
GTAAGTTTCCGAATCT,1374
TACAGGACCCTCGTTA,1374
TGCTCCCACGAGATAC,1374
AACAGCGACGGCCCCG,1373
AGACCCGAGCATAGCC,1373
ATGATTAAAACCGACT,1373
ATTAAATATGGGGGCG,1373
CCTCATGAAAAGGTGA,1373
GAGCTTAAATCTGCCG,1373
GTGCGGCTTCAAACCC,1373
TACTGATGTATCTGTT,1373
TCGTCCAGTGTGAATA,1373
TGTCGAGCACTTTGAT,1373
AAGCGAGAAGCCCGGC,1372
ACCAAAAAGACATTAA,1372
AGCCATGCCCAATCTT,1372
ATTATGTAATCAGATC,1372
ATTTGTACATAATAAG,1372
CGATATCCAAACACTT,1372
CGGCTGTTCAAACAAA,1372
GCCTATGAGAACCCAA,1372
TAAAAAACCATTTTAC,1372
TATAAACAAACATACG,1372
TGACCATGAGAGTCTT,1372
AAAAAGTGACAGAATA,1371
AAAACCAAAGATTTTT,1371
ACTGAGATCCATATTT,1371
ATTCACACTCTTCCAA,1371
CACTTTGTCGCCCACG,1371
CCATCTTGTGGCTATT,1371
CCGCATCCACAGGTGC,1371
CGCTCAAATTGCTACC,1371
GCACTCCACACTCGTA,1371
GCATTCAGTAAAATAC,1371
GTATAAGTCTGTCATT,1371
TAAGAAAACGTCCACC,1371
TTCCCAAAAAGTAGCA,1371
AAAGTTACGCTTCATT,1370
AACTATTATATCAATA,1370
ATCATACATATGGGCG,1370
CAGTTAGAGTGTAGTA,1370
CCAAGTAATGTAATAC,1370
CCAGCACTACTCGCAT,1370
CCGAATGAAATAGTCT,1370
CTAAACCTAACTGATT,1370
GACAAGTCCACGATAC,1370
GTAGTTTTCCAACGTA,1370
TAAACAATGACAAAAT,1370
TAACTGACCCGTATCG,1370
TATAGCTAAGCGTAAT,1370
TCACTCTAGACACAAT,1370
TTGCCAGTAGTTTACT,1370
CTACCAATGGGAAGCC,1369
GAAACTTGGTATTATC,1369
GCGAAGGGTGGTAAAC,1369
GCTTATTAAAAGAACG,1369
TAAATGTTAAATTAGA,1369
TACTGCCTCCACCCAC,1369
TTAACCCTAAACTTAA,1369
TTTGTAAATAATGCGA,1369
AATACCCAAAAATGGG,1368
ACAAAGAACACTCTTA,1368
AGATATAATTAATCAC,1368
ATCTATTGTAACCAGC,1368
CCGCCCCGACAATTAG,1368
GAAACACATTTGAACT,1368
GACTTTTTATCCCTAA,1368
GCCAAGGCGCGTCAAA,1368
GTTATTTAAACTGAAC,1368
TTTTGTGATACGTCGG,1368
AAAAGTAGGTGATCAG,1367
AAACCACCCACTGGCG,1367
ACGCTAGCATAACAGC,1367
ATGGCCAAAAGTATAA,1367
CAACTTCAAGACCCGG,1367
CACAACCCGTTTTAAA,1367
GAATGTTTATGCTCAG,1367
GCTACCCACGTAAAAT,1367
TAGCCGCTAGCAGTAA,1367
TCAAAGAGGCGCCGTC,1367
TCAAATACGAATAGCG,1367
TGACGCACTTTAAAGC,1367
ACACAAGAAGTATTCT,1366
CCCTTTAACCATGTTA,1366
GAGAGCGTTACCATAT,1366
GCTGAAAACGCGGCGA,1366
TAAACGAACTAGACTC,1366
AAAAGTGCATCAACGA,1365
AACACTAAATGTTCAC,1365
ACATTAAACAACGTAA,1365
ACGGATCATAGAGCCG,1365
AGTATTCTGCAGCTTA,1365
ATGAATCCACCTTGGG,1365
ATTATAATAAAAATCA,1365
CAAAAGATTACAATCT,1365
CGCATCAACATGACCG,1365
GGCACAAAACCAACTA,1365
GTAGGTCCAAAGACTT,1365
TGAATACAATCATATG,1365
TGACTACGATAGTAAA,1365
AGGATTTCCTGAATCC,1364
ATATAACGAAAACGAA,1364
ATGAACTCGAAATAAG,1364
CAGGACAAAATGAACA,1364
TAAGAAAAGTTGAACG,1364
TACTATCAGTAACCCT,1364
TAGTTACTACCTTGCA,1364
TCAAGCTGCGGTCACC,1364
TCGTAGACGTCTCGTA,1364
TCTCATATCCTTGAAA,1364
TGTCGTCAATCATAAA,1364
AAGTCCGCAAACATGC,1363
AATTCAGGTGATACGG,1363
ACCCTTTACACCTAAT,1363
ATAGTAGCAAAACACT,1363
ATCGAATATTATACGC,1363
ATGATTACCTCTTTAC,1363
CAACCTGGGACCTAGA,1363
GAACTAAATGATATCT,1363
GGGGTTCTGCCTGTTT,1363
AAAACATATGCAGTAT,1362
AAAAGTAGAAATAAAC,1362
AAACACAACAATGATC,1362
AGAAAGCAGTTTTAAG,1362
CAATAGTAACCAAGTT,1362
CAGTCGCACGCTCAAG,1362
CCCCCACTATAGTAAT,1362
CTACAATGGTCGTAAT,1362
GATATAGATTCAAATA,1362
GATTGTAACGTCGCAG,1362
GGGCTAGACTGGACAT,1362
TGCCAAATAAGAATCA,1362
TTACCTATGACTAATC,1362
ATGGTCAGAGAGTAGA,1361
CAAATACAAACCGAAA,1361
CACTTGCCTAAGACAA,1361
CGACTGCACCACTCGA,1361
CGATACATAGCTAAAT,1361
TACATGGTTCATTCCG,1361
TGCTGAACTACCCAAC,1361
AAGCCATCAAACTCGC,1360
ACGATAGTTCAGGACA,1360
AGATACACGGAACTAT,1360
AGCTGCCTAATGATTA,1360
ATCGAGCGTGATACCC,1360
CGAACTGTTATATGTA,1360
CGGACCTTCTTCACCT,1360
CGGCCGTCAATTCGTA,1360
GACTCTGGAGTTAAAT,1360
AAAAGAGAAAGGCTTC,1359
AAGACGACCATGACGA,1359
ACAAAACAACTCAAAG,1359
CAAATTGGCCCAGATG,1359
CTTAACCCAAAATATT,1359
CTTTGTAAGTCTACAA,1359
GATAGAATAATGCATA,1359
TCAATACACAGAAAAG,1359
TTAACCCATGTAGAAA,1359
AAAATGAAATTAATTG,1358
ACAACCTAGCCGGCTT,1358
ACTTGTGCGCCCTAAA,1358
ATCAGCAGCTTAAGAA,1358
ATCGCGAAAAAATAAC,1358
CACATCAGGACCTAGA,1358
CAGATAAAAAAACCTA,1358
GACTGTCAGACCTTTG,1358
TCATTACAACCTTCGA,1358
AAAGTCACGTGAACAG,1357
ACTATACTGAACAAAA,1357
AGCATCTCACACAATA,1357
CCAAGGCATGATAGCC,1357
CGGGTTTATCTATACA,1357
CTGTAACTATAGCAGA,1357
GAATTGATGATTCAGA,1357
TCTCAATCAACCAAAA,1357
AAACAAAGATCATAGG,1356
AAAGGCACACCAACCA,1356
ATCCAAGAAAGTCCTG,1356
ATGACATAGTTAAACT,1356
ATTAAACGAATGTCAT,1356
CACTGTTGGCACAAGT,1356
CCAGCACGAACGCAAT,1356
CTGCGGCTAGTAAGCT,1356
GATATGATCCCAATTG,1356
GATGTTACCGTGAGAC,1356
GGCCCCCTGATGGACA,1356
GTAGCTCGCGCACGCA,1356
GTCACATAGGATCTTA,1356
TAATGCGAAAGGATCA,1356
TCTACAACTGTAATCA,1356
AAAGAAAAAAACAACG,1355
AATCTTATACACATAC,1355
ACAATGAGCCCCTCTT,1355
ACTCATAACTGATATG,1355
AGTGGGCTCGTCAAGT,1355
CAAAGAGAACCCAATC,1355
CAAGACCTAAGATGCG,1355
CCCCAGAGAATCACAT,1355
CGCCAGAAAACAAAAT,1355
GAACCAAGCCAACAGA,1355
GAATGATAAGGAGTGG,1355
GCATGACTAGGGACCG,1355
TAATCACAGAATTAAC,1355
TACTGAGCTGCGATAA,1355
TGTTCAGACAAAACGA,1355
AATAACCCATATGCAT,1354
ACCACCATATGTAACC,1354
ATATCTTTAGTTACGG,1354
CGTTGATATAAATGGA,1354
CTGATAGAATTACCTA,1354
GAACACCATCAAGAAT,1354
GCGGGTAATGTCCTCT,1354
GTACAAAACATTTCCG,1354
TCTGATTCAATGAGTC,1354
TTATTTACCCAATGGA,1354
ACCTTGCACCAAAAGC,1353
AGCCAATTAACCACTA,1353
CATCTTTTCAGAATGA,1353
CCCGCATAGTAACGCT,1353
GCAAGACCAGTATTTT,1353
TACCGTAACTAGCATG,1353
TACTGCAAGATGTTTG,1353
TCATTTACATTGATTA,1353
TGAACTACATTGTGAG,1353
TGAGCCCGGGCGACCT,1353
TTTCAAGTCACGCTAA,1353
AATAACTACTACACAA,1352
ACAACAAACCCACCAA,1352
ACACTTAAGAAGCATA,1352
ACCAAATAATCCTAAA,1352
ACTAGTTCGACAGAGA,1352
ATCACATTGCGATCCC,1352
CAAACAAGATACGCCC,1352
CATATGATAATATGTG,1352
CCCCCGATCTAACTAA,1352
CGGGCCGTGATCGCCT,1352
CGTGGTAGTAATCAAA,1352
CTGATACCAGAAAATA,1352
TAAGCACATGTCGTTA,1352
TAGATATGATGTACCT,1352
TGATGCGCACCCTGTA,1352
TTGAACTCCGTTATTC,1352
TTGAGATTGGTAGGAG,1352
TTGAGTACCGATCGAT,1352
TTTACCTACACAGCCA,1352
AGAAGTGCGTGTGTCC,1351
AGGTATACTACAGCCC,1351
CACATACCGGTCGGAG,1351
CAGGAGAAGGAGTAGT,1351
CCACGGATGGGAGTAG,1351
CGATAAATCCATTATT,1351
CTTAGGTCATTTGCAA,1351
GTGATAGAAAGATAAC,1351
TCAGACAGAAAGTCCA,1351
TTCTTGCAGAGCTAAA,1351
AAATGAACTAAATCAC,1350
AAGAGAGTGCCAGAAG,1350
ATCATTGTATCGGTAC,1350
CATCTAAACCGTATAA,1350
GAAAAACAATTATTAA,1350
GCAACTTATAGTCGAG,1350
GGCTTATGATAATCCA,1350
GTAGAAATCTGCAGGA,1350
TGGCACTTTTCACCCC,1350
TTCGACCGCACACGTC,1350
TTGTAATTACACTCTT,1350
AATATTTTTGATGAAC,1349
ACTAACTTTAAAACAC,1349
AGGGCAGACCTTATCA,1349
ATAGGCCAGGACACGG,1349
CAAATATTCCAGCGTG,1349
CATTCTAAGCTTGGCA,1349
GATCGGGATCTAACCT,1349
TAATTTTCCTTGTTTA,1349
TACTAACAACAAAAAA,1349
TTAAATCCGTAAACAT,1349
TTACCTACTTCAGAAA,1349
AAAGGATGTATACGCG,1348
AATCCTTCCGAGTGAT,1348
AATGTCCCCAGCCAAA,1348
CAGTGCCTGAAAAACG,1348
CATCACGAAATTCCAT,1348
CATGGAATGAACTAAT,1348
CATTGGAGCATATATA,1348
CCATGATAAAGTGAGC,1348
CCATTGAAATACGTAT,1348
CGCTCGTCGTTGATTT,1348
CTCTAACAACCCCTCA,1348
GAAAATATCCTAACGG,1348
TCCGTTCGTATCCTTT,1348
AAAGAACGTTTTGATA,1347
AAGCTATAAAGTAGAA,1347
AGCAACGAGTTTTTCG,1347
ATGGCGTAATTTTACA,1347
CACACTCGGAGGCTAG,1347
CCATAGAGTCACTCTC,1347
CTCAAAAGAGACTGAA,1347
CTTTGACTTCTACTGT,1347
GCACAGACAGATGAGG,1347
GGACAGCCACCGACCA,1347
GTCACATTATACGGTT,1347
TACTGTAAAACGACCA,1347
TCAGCTCTGAGATAAG,1347
TCGAGATATAGCTTAC,1347
TGACCTAGATAGGAGG,1347
AATTCCAAAAATCCGG,1346
AGCTTATGCGCGTCAG,1346
CAAATATCTTATCGTA,1346
CCGACAAGGAAATAAA,1346
CGAAACTACTGGACAC,1346
CGCATGAAGTTATTTC,1346
GTCCGAAGCAGACACA,1346
GTGGTGTTATATTCTG,1346
TGTTGTGATTAATGAA,1346
AAACAATGTTCGAAAT,1345
ACACAAAATGCCAGCT,1345
ATAGAACTCGCGGAAA,1345
CCTAAAACGTGCTGCG,1345
CTATGAAGAGACACAC,1345
GTAAAAACCTTCACTA,1345
GTCATCAATGGCAGCC,1345
GTGAGTAGCACTGCTG,1345
TAAAAGTAGACTGAAC,1345
TTGAACGATACCAAGT,1345
AAAACTTGATTAATAA,1344
AAGTTTGAACAAATAG,1344
ACAACATCGAACCTTC,1344
AGATAGTAAGGAGGGG,1344
AGCCTAACAAATAAGG,1344
ATGAGTAGGCCAGGCT,1344
CATAAGTGGGCTGATA,1344
CGAATTACTTGCTAAT,1344
GTCTTCAAGAAGCCCC,1344
GTGCCAGATTTAGTAA,1344
TAGTTAATTCAGAGCC,1344
ACTACCTATCCACACG,1343
ATCATAGTGAGACATG,1343
ATTATCGCACAGCCAC,1343
ATTTAAACAAGGATTC,1343
CAACGAACATCCGTAA,1343
CAGATCGGAGGGACTC,1343
CATGATCCCTTCAAGT,1343
CCAACATAATAAAGAC,1343
CCCAGATATATACGAA,1343
CCCTAAATAACGTAAT,1343
GAATATTTGTACTTCC,1343
GAGCAGCGGTGGCAAG,1343
GCCCTTAGGGAACAAA,1343
TTAACAGAAAAGATCA,1343
AACAATAAAAGAATAG,1342
CCATTAAGACACACAA,1342
CGGTCTGATGAACGAA,1342
GGTTGCCTCCCCTCAC,1342
GTACCCGCCTGAAAGA,1342
TAAAAAAAAACAAAAT,1342
AATCTAAGAATACTTA,1341
ATAATATCTATCCCAT,1341
CACGCAAGAAATTACT,1341
CTTACTCAATGACTGT,1341
GTGAACTACTATGGCA,1341
TGGGAGTTTTAGGTCA,1341
ATTGCATAACACCGGG,1340
CCAAACACACTTGGGA,1340
GACAATACAAATGATT,1340
TACCTACGGTAACTAC,1340
TCAGTGTTAACTCCTC,1340
TGAAAGGGTGTTTCTA,1340
AAACTACTCTACTAGA,1339
AACTACATAACTGATC,1339
ATTAAACGTAAGTGAA,1339
ATTTGTAAGCAAGGGT,1339
CAATGCGAGCGAGCGC,1339
CATGAATAAATAACTG,1339
GAAGAAGTCTGAAAGT,1339
GCGATACCGAAACTCT,1339
GGGGTATTCCTGGGGA,1339
GTGCGACGCTAATCCG,1339
TTAAATGGCCCCAAGT,1339
TTTGTATAGTCGTATC,1339
ACATCAAAAAATTGTC,1338
CTATGGAAAAAACAGG,1338
CTTGAGACACGCAAAC,1338
GAAATCACGCGAAGGA,1338
GAGGTGCACAGAAGAG,1338
GCACCGCTTAAATTTC,1338
TAAACAGATATAAAGT,1338
AACCGTGAAACGTACA,1337
ACAGATACAAATTGAA,1337
ACGCCGTCTAATTCTC,1337
ATAACAATCAGTAAAA,1337
CATCACCTACCCCGGT,1337
CCATCACCCCTCCCAA,1337
GATAATTTATGTGTAG,1337
GATTACAAACAAATAA,1337
TAACTTAGAACCCATC,1337
TCCATTTATAAATCAC,1337
TTGGTTTTTCTTCCAA,1337
AAAAGCGTAGAGGCGC,1336
AACCAACGTCCTCGAC,1336
AAGACAGGATATAATA,1336
AATAAACTTTACGTTC,1336
AATCACAGTGACTCCC,1336
CGGGACGTCATAATCT,1336
CTTGACCCAACCACGG,1336
GAACACGGTTATTATA,1336
GCAAGGAGAAGCACAA,1336
GCTAACATTCTCATAT,1336
GGTACGAAGTTAGGAA,1336
GTCGGATAAGAGAGTA,1336
TACAACCCACCTATTA,1336
TACATATACTGGTGGA,1336
TACGAATGCCACCGAA,1336
TGCCTCTTAACATTCA,1336
TGTGTATCGCAATCTA,1336
TGTTTACAGACTACAT,1336
TTTACAGCCAATTTAT,1336
AATCACACCGTTGCTC,1335
ACATGCAAAAGCGAAG,1335
ATTTTCCTTCAACGCT,1335
CCTTTCCTATTGGACT,1335
CTGTGAAATTTACCTT,1335
CTTCCTCTTATGGCCG,1335
GAGTTAGAAACCACGC,1335
GATATTAACATATTCC,1335
TCATGGGGGGGGAGGA,1335
TTTACGAAATTTAGTC,1335
AAGACTATTTCAAGCA,1334
ACTGCGTTATAGTCTT,1334
ACTGTAAAATGTACAA,1334
ATTACCAATTAACCTC,1334
ATTTAACACTACTGTG,1334
CAGCCGCTTTGGCTTA,1334
CGCTATCCATGCACTT,1334
CGGCCTCACTAATTCT,1334
GAAGACGAGTCCAATT,1334
GCTCTATACCCCTTGA,1334
GTGAATACAAAGCAAG,1334
TACAAGGCAGCATTAA,1334
TCATGCACAGCTAAGC,1334
TGAGATGCGAATCGCC,1334
AAACAGCAAACACTTC,1333
AAAGTAACAACCCCTT,1333
ACAACGCGCTCCACTA,1333
CCCGCTGCTAAAGAAC,1333
CGTAATCTCTTTCCAT,1333
TAACTTTACATTTCAT,1333
TACTTATAATTCAAAA,1333
TATTGTCTGAATCCAC,1333
TCCATTTGAGCTCTTT,1333
AGATCAACAAATGTAA,1332
AGCAAACCAGATACGC,1332
AGGCACGTAACACCAA,1332
GCCTGTACAGCCAAAA,1332
TATAACCACAAGAAAA,1332
TTGCAATGATTGAAAA,1332
ACATCAATGTAATTAA,1331
AGATCGATAGGAAGAT,1331
AGCAATATCTTTACAC,1331
AGCATTCTTTAATAAG,1331
AGCGTTCCATTGATGA,1331
ATCAATCGGAGATATA,1331
CCATTATTTTTTAGAG,1331
CGGGAAGCACAAAAAC,1331
GAACGCAAAAATATTG,1331
GCTCCCGGACATCACA,1331
TACGATTCGGTCCTCT,1331
TGACAGCATGTGTAAT,1331
TTGTCCCACTTCAAAT,1331
AACTCCTAGGTCATTT,1330
AATTAACAATTAACTC,1330
AGAATTCCAGCTAGAA,1330
AGTTTGCGAGTTTCTA,1330
ATTACAACAAGCCTGA,1330
CAACATCATCTGTTTT,1330
CAACATCCAGGTGACG,1330
CAACTCCCATCAAAGT,1330
CCGATAAGAGTCGCAC,1330
CGATTGCTCACCCGAA,1330
CGTATAATAACCCCTA,1330
CTATAGGAGTCTAGTC,1330
GGTAAGACGACGTACG,1330
TCCCCCCACTGCACTG,1330
ACCTTGCATGCGTACC,1329
AGTAAAGTATAGATCT,1329
CAGACACAACTTAAGC,1329
TACAATCTCTATCCAC,1329
TAGTTTTTTCTACGAG,1329
TTTAACCTAGTAAAAT,1329
AAGCTGAACATAGCAA,1328
AGAACCCATGATGTCA,1328
AGGTGAACCATCACAA,1328
CAGATAAGAATACCGT,1328
CGATAAAAAAAAGTAG,1328
CGTAATGCACCACCAA,1328
TAAAGCACTCAGAAGG,1328
TAATCGCAATGCTAGA,1328
TATAGATTTGATGCGA,1328
TATCTCAGCAAAAACC,1328
TATGAATTTGAAAAAT,1328
AATCATCCATACGGGC,1327
AATTAAAGACAATGAC,1327
AGTTACGCCTTACCTT,1327
ATTCGAGATGTCATCT,1327
CAAGTCGCAGCACAAA,1327
CACGTTGACCCATAGA,1327
CCGCTATGCCATACAA,1327
CCGGCGTGTGCTATAT,1327
CTGGAGTGAAAATTTA,1327
GAATGTACTCGAGATT,1327
GGTTTTCCCATTGACA,1327
CATGTTTACAGCCAAT,1326
CCATTATAAAGATAAA,1326
CGAAAATTCTGGCGCG,1326
CTAGGAAATTGCCAGG,1326
GACCACCATACATGGA,1326
GAGCAGTCGTGGTTTC,1326
GCCCTAATAGACTATG,1326
GTAAAGAGAGTTCGAC,1326
TATAAAAACCAAAGAT,1326
TGAATATGAGAAAATG,1326
TTAGTATCCATGAGGT,1326
TTGCACAAGATGGGCT,1326
AAAAATACACCAAAGT,1325
AAAACAACACAGAACT,1325
AAGATGGGAACAGTGC,1325
ACAACCTCGCTTTGAC,1325
AGACTAGTCTATCCAC,1325
ATCCCAGTGAAGGTAG,1325
CCAGTATTACTATATT,1325
GACCGAGTTAAGTCTT,1325
GAGACACTGCTTGATA,1325
GAGGCTTAGTATACAC,1325
GCAGACGGTAAGGCCG,1325
TAGACAAACCCACAAT,1325
TCCAAGACGTAACCAG,1325
TTTGATAACTTATCCC,1325
AATCCGCAATGTGAGA,1324
ACACATTATTAATTGT,1324
ACTCATATATGACATG,1324
AGCTTACTGAAGTAGA,1324
ATAGATCGTCTGAAGT,1324
ATATGCGCACCAAACT,1324
CAATTTGTTTCCCAGA,1324
CATTAAACATTCGGAC,1324
CCCTCTGAAGAACGGA,1324
CGGGCAACCTCTCGGA,1324
GAAGACGATCACGGTA,1324
GCACGATTAATGGATG,1324
GCATAGCGTTTAATGG,1324
GTTCTCAGAACTATGC,1324
TAGTTGTGATATTCAA,1324
TATCCTACTCCCAAAA,1324
TTCCACTGTTGGAGCC,1324
TTGCACTAAGACTATC,1324
AACTACTTGCATACCT,1323
ACGACAAAAACATACC,1323
AGACCTTGCATTCTAA,1323
CGCCTGCATAGTTGCA,1323
CTATCACTTAGGCTTA,1323
GATGACAGCAATCATT,1323
GATTTTACGATGTGTA,1323
GCGCGAAGTTAAATAC,1323
TATACTGTTCTATTCT,1323
TATAGAATATTGAGGC,1323
TGTTCCCATAAATATT,1323
TTTTGATATAGCCTAC,1323
AAACGGATTACCAATA,1322
ACGTTATCAATAGATG,1322
CAAAAATAACCCGTAG,1322
CGCATCCTTTGATATT,1322
GACTAGAAAACTCCCT,1322
TAAGCAACATCCCGAT,1322
AAGCAAAAATGATGCT,1321
CCCCTACACATCTGTC,1321
CCTACCGGGTCCCCTC,1321
CTCATCAGAAAGAAGA,1321
CTCCGGCAGACGCGAC,1321
GACTCTTAAGCAGTGA,1321
GTCATTGGGTCAAAAG,1321
GTTTCCGTACTCCCAC,1321
TAAATACCAAGTTTAG,1321
TCCATGACACCTAGAT,1321
AATATATAAGCCCCCA,1320
CAGGATGATGTTGCGA,1320
CCTCGGTCTTAACGAG,1320
CGACTTCCACAAGTAG,1320
CGCTTATCGACCAGTG,1320
CTATGACCAACATGAT,1320
GAGAGTTGATAATGAG,1320
GATGCTCTATCTGAGA,1320
GCAGCAACGTTCTACT,1320
GTCATCTCTGTCCGTA,1320
TTAAATACTTATCAAG,1320
ACAGTCGTCTCAACAC,1319
AGTCAAGATAGTTCGT,1319
CATAACAACGGGGATT,1319
CATTTTCTCATGGCTC,1319
CCAAACTTTGATTACG,1319
CCAGACCAATAGGGTA,1319
GAGGCATTTCATTAGC,1319
TCGTTTCCCCTAAAGA,1319
TGCCTGTAAAAAAGGG,1319
AACCCAAGATCATACA,1318
AACTAGGTAGAGTACC,1318
AAGAGTGCATTGTGAG,1318
ACATGAACCATACTAC,1318
AGAAATTTATCATCTA,1318
CAAGCCTTATCATACA,1318
CCAAAATATGTCGACA,1318
CTCTACTATCTAGGTG,1318
GAACAACAACGCTCTA,1318
GAGAGAGCCTAACAAC,1318
GCCCCAAATATACATC,1318
GTCCAAAAATCGAATC,1318
TAAAATACGGCCCTAT,1318
TCTCATCCCGGGGCTA,1318
TGGTCATAACTATGGT,1318
AAGACAGGCTACCAAA,1317
ACATATACTAAAGCGC,1317
ACATATCTAAATACAG,1317
CAGGCAATACAGTTAT,1317
CCACAAGCCACTTAGA,1317
CGGAAGATTAGAAAAT,1317
CGTCCACGCGCGAAAC,1317
GAAAGTACAGATAGAT,1317
GACATATACTCCAGGA,1317
GCTCCAAGAGTAGAGC,1317
TATTCCTATGCAATAT,1317
TTAATTAAATCCATCA,1317
AAACATTGAGTGGCCT,1316
ACGGAATCAGATTCTT,1316
AGTAACGACACACGAG,1316
GTCCGCTAACCAACAA,1316
TAAGAAACAAACGTAT,1316
TACCGTCAATGTATTA,1316
TATCGCCAAACATCCT,1316
TGCACTATACTAGAGG,1316
AATTATCTATATACAT,1315
ACGGACCGACTCCATA,1315
AGAATCGCTATGTATA,1315
CCATAAGGGCAATCTG,1315
CCGTTGCTCTCACGCC,1315
CGAGATATAACACAGC,1315
GCAGGAAACACAGTGT,1315
GTTTGATGTCCAGCCT,1315
TATACGAAGCAAAAGA,1315
TATGCCGAGGAGACTT,1315
TGATGTAGATCAACTT,1315
ACACCAAACTACAAGA,1314
AGCGCCTTAAACCATA,1314
AGCGCTCCAATACTAA,1314
AGGAGCTCACACCATC,1314
AGGCTCTTGTTCACAG,1314
ATTAACACAGAAAGTA,1314
CTGAAATGATCAAAGA,1314
CTTAAAAAAAAAATAA,1314
GAGCCGAATGAATTAC,1314
GTATTGCCCTGTCTCA,1314
TAAAAGATAATGACCG,1314
AAACGGGTAATCGACA,1313
AACGCAAGTTAATACA,1313
ACATAACTTTAACGTG,1313
ACCTCTCAACCTGCAA,1313
ACGAGCTATATCTACA,1313
CATATTCCTAAGAGGA,1313
CCTAGCTGATTGAAAA,1313
CGAATAGCATAAAAAT,1313
CTGGGGATTCAAAAAC,1313
GGGTGAAGACTAAGCC,1313
TAGAAAATAGATGTGG,1313
ACGGTGACAACTGCTT,1312
AGTCATAGTATAAACC,1312
ATACTGTAACTAACGG,1312
ATTGCCCCGATCATGG,1312
CCTGGGCGTTTAGAAC,1312
TAACATATCAACCATG,1312
TCAAGAATCAAAAGCA,1312
TCCACAGTAAAAAAAC,1312
TTAAAATCACTTAACC,1312
TTAACTATTCACCCCC,1312
TTCCCTAACCAGTTCA,1312
TTCTCCCGGGTATAGT,1312
AAACCATTATTAAAAC,1311
AAGCGTAACAAATTAT,1311
AGCTACACGTATTTCA,1311
ATGCAACGAGATGTTC,1311
ATTCACAAATACTGTC,1311
CATCGGGATTCAAACT,1311
CTCAATCTACCGTAAA,1311
GACAACTGAGGCAAGC,1311
GATGTAGTAGAACGAA,1311
GCCCATTATACTTTGG,1311
GTCACGTCAACGCGCA,1311
TCCTCAACGGTTGGCC,1311
ACATTGAAAATGGACA,1310
ACATTGCTGATGGTCT,1310
CGACCTTTTACCCGCA,1310
CTGAGGACTATCATAT,1310
GATGTACAAACTACTT,1310
GCAACTAGCGCTAACC,1310
TAATCAGTATGTTTCA,1310
TACATGGCACATTTAA,1310
TATGTAAACTGTACAC,1310
ACCACAACATAGAATC,1309
TCACAAGAACCATATC,1309
TGGATATCATACGAAT,1309
TTAGAAAGCTCAAACG,1309
TTGAAACATATACTAT,1309
TTGCACTATTCCGCAT,1309
TTGGATAAACAATATA,1309
AAAGGAACGCTGATAC,1308
ACTAATTTTAAAGACC,1308
AGTGCTTACGCTAGAC,1308
CCAGTACCCTAATCAA,1308
CGAAGACTTGAGACAG,1308
CTCTGGGCCACAATGC,1308
TAGAGAAAATTATATA,1308
TCTGGAAACGTCAGAA,1308
TTAAACAACTAGTGAA,1308
AAAAGTGCTAAATGAT,1307
AGCATAGAGACTCCGC,1307
CAGGAAACATGAAGAT,1307
CTTGACCGTACATATG,1307
GGGAATTAAACATGGG,1307
TGCAAACGAAGGACTA,1307
TTGCTGACGCAAAAGT,1307
ACTAGGTGGGAACTTA,1306
CACCATAGTATGTATA,1306
CAGTAAGTAATCATAA,1306
CCCTCGTAGTATACAC,1306
CCGAAACGTGGAACCT,1306
CCGTTTTGAAGGCATT,1306
CTTAAAAATCACATCC,1306
GATTCAATCAAATTGA,1306
GGCGTTACAATCTCGC,1306
GTTACCGCAATTGTCA,1306
AAGTTGTTACCCGAGA,1305
ACGGCGAACATGACCA,1305
ATGACTGCTCGTCGGC,1305
ATGCCCTAGTATAAAT,1305
ATTACAACGTCTGCCT,1305
CGACGTGTCCATAATG,1305
CGTAGAGCGACAAATG,1305
TCTCTTCTAAGCACGA,1305
ACTACAATACAAAACA,1304
CCTTTCGGCCAAATAA,1304
CGATGAACAAATTAGA,1304
CGGGGCGTACACATTG,1304
CTAGTTTTCGTGCACA,1304
TAACAATAACTCTTTA,1304
TTTAGACCAAATCAAC,1304
AAATTCCATTTCTATC,1303
AACGGATAGTCTGACA,1303
ACTAGCATGATACATT,1303
ATAATCGCCAGCAAAA,1303
ATTCTATATTCATTTA,1303
CAGACTTCGAATATAG,1303
CATCTGTGTAGTCTGA,1303
CGCACACAAAACGGCG,1303
CTTTATTAAAAAAATA,1303
GACAAGACGTGACAAA,1303
GGATAGGTCCATGCCC,1303
GGCCAAATCGATGCTA,1303
TCCTCGATTTATTAAC,1303
TCGCGTAAATAAGAAC,1303
TGGTGAAGTTTCACAG,1303
ACATTTAGTGTCCAGA,1302
ACCGCGACAGAGAACC,1302
AGTATGGCTGAGAGGT,1302
CACCTCCCACAGAGAA,1302
CTAGATCTCCTTCAAA,1302
CTAGTAGATCCCTAAC,1302
CTCGAACCACTTAACA,1302
GAATGACTTTGGTATC,1302
TTGACTACAATAGTCC,1302
AAATAAGGAGGAGGCT,1301
AATCTTGGCCAGACCC,1301
AGAAAGAATATGTTTT,1301
AGCGGAACCGCAAAAT,1301
ATAGGCCGAAAATGTC,1301
ATATAAACAATTACAA,1301
CACCGTGTAACCGAAT,1301
CCATTAAGGAAACCAA,1301
CGATGTTATATACCGG,1301
GAGATGTCAACCTCTC,1301
GTGAGTTACACAAAAC,1301
TAGTTAAACTGTACGA,1301
AATTGCCCAACCAGCT,1300
ATGAAGCTTTGTAAAT,1300
CTCAAGCGATCCAGGA,1300
GACTCTTGCTTGACGG,1300
GGCCCATCTGTAAAAT,1300
GGGTAATCGAACCAGC,1300
TAACCCGTCGAATCTA,1300
TTACCTGGACCAAACA,1300
AAAACCACGAAGGTCA,1299
AATGAGATACTAAGCC,1299
ACCGGAAGAGTAACCA,1299
AGATGGTGCAGAGATT,1299
CAAGGTCATCCCTGTC,1299
CACGGACTGATAAAAC,1299
CAGACAACGCCTATCC,1299
CCGCGAGGATATAAAG,1299
CGCAGTTCGTCCCGCA,1299
GACTTCCCAAGCAGCA,1299
GTACGCACCAGTTCGA,1299
GTATAAATATGAAGCC,1299
GTTACAAGAAGCCCTT,1299
TAAAGACACCACATAA,1299
TAGAAACACACTCAGT,1299
TTCCTGATCCAAGTGA,1299
AACGCAAAACTGAAAA,1298
ATAAACGTTGACTGGC,1298
CTACCGCAACAATACA,1298
GAAAAAAACGGGAATA,1298
GACTCTAAGGAGGAGT,1298
GATCAGCATATAACCT,1298
GGACTAGAACACTAAC,1298
TCAAATTATTCTGCAA,1298
TCGTTCAATTGGCATT,1298
TGGATGGAAACGTAAC,1298
ACGAGAATTACAGGCC,1297
CAACTTGATGCTATAT,1297
CCATCATATACTATAA,1297
TACACTAATATTTTCA,1297
TTCTAATATGATAGTG,1297
AAAACAAGATTTTGAG,1296
AAACGGGATAACGACG,1296
AAGCCTCGATATCGAC,1296
ACCAATCACCAAATCC,1296
AGACCCCTCCCCAACC,1296
AGCACAATCAATTAAA,1296
GACAGTAGGAATAGTC,1296
GATGGGAGGATCATTC,1296
GGTGTTCTAAATAACA,1296
AAAATCAATTCACACT,1295
AAACATTGGTTCTTCG,1295
AATTCAATGCGATTAG,1295
AATTTGACCAGTAAAA,1295
ACAATAGAGCAGTGAC,1295
ACGAATCCAACTAAAG,1295
CAAAATCGAGACATCT,1295
CATGGTTGAACATAGC,1295
CTATCAAACCGGCTCC,1295
CTGAATACCAGCTAAG,1295
GATCAATAGCTCATAT,1295
GCACTAATTACACAGT,1295
GGGCCAGTACGATACA,1295
TAAGAGATTTACGACT,1295
TTCAATATAAACCTCT,1295
AAAAAATGATTTAGCA,1294
AAAACACATGCACAAG,1294
AAACTCAGAAAAAATT,1294
AATCGTCAATAACCCA,1294
ATAATGCTGTCACACA,1294
ATACGATTCATCAGTT,1294
CATACAAAATTAAGAA,1294
GCCACAAGGGTAAATA,1294
GGATAACAAGTATTAC,1294
GTCAGACTTCCACACA,1294
TCACCATAACTGCTCT,1294
AAAAGGAAGTTCTACC,1293
AAATCTCTTGTCGACA,1293
CAAAGTGCACTAACAA,1293
CAACAGTAAGGGCTGG,1293
CATATGATAACGTCCC,1293
CCAAAATACTCAAACC,1293
CGGTAGACAAGCCCGG,1293
CTCTATTATAAAAATG,1293
GATGATAATATTAGCG,1293
TTCGCATGTAATATCA,1293
AAGTTATATCCGTTCA,1292
ACTACGGGTCACTAAT,1292
ACTAGCTTCTTACGAA,1292
AGAAAGCAGCAAAAGC,1292
AGATATTCCGTTAGAA,1292
AGTACACGATGGTTAA,1292
ATCGATAACAGAGCGT,1292
CAAATTTACCCTAAAG,1292
CAGACTGCGATATGAG,1292
CAGATTATCAGATGAG,1292
CCTCTTAGACCCAACT,1292
TGACGAATAAAACAAC,1292
TGGTAAACTTCTGTAA,1292
AAGACATACAGAAAGG,1291
AAGGTAAAATAATCTA,1291
AATTTCAATAATTAAC,1291
AGGACCCCTTCTTGAG,1291
ATCTAGCAACATTGAA,1291
GACCAACCGAGTATTT,1291
TAAGCGCCAAACTGGA,1291
TATCTTAACAAGGAGG,1291
AACCTGCATTAGAGCG,1290
AACTGCGTAATACAAG,1290
AATCCTTGAGCAATCA,1290
AGGTAGGTCGCTATAT,1290
ATTAATTCAAAGAAAC,1290
CATCTTTAAGATATAC,1290
CTTTCATATAGAATAG,1290
GAAATTACGTCTTGAA,1290
GAGTGTGCCACAACCT,1290
TCAACATTAAATATAA,1290
TCCGTTTCCAGTTCCC,1290
TGTAGACTAACCCCGT,1290
AACAAGTCGGACAAAA,1289
AACCGATCGTTACCAG,1289
AACGACTCCACGAGAA,1289
AATTGGTAACAAAATT,1289
AATTTGACTTAATAAA,1289
ACGTTCGGAAATGATA,1289
AGATTAAAGAGAAAGA,1289
CACCCAGGATTACACA,1289
CAGATAAATGGTAGCA,1289
CTAGCACGTAACATAT,1289
CTCACGAACGTTCCCT,1289
CTTCAATTAATTGATA,1289
GACGTGGATAAAACAA,1289
GTGGACTAAAGTATAT,1289
TGACCCATTAGTCGAA,1289
TGCGACGCATGCGCAG,1289
TGCGCCAATAACACCA,1289
TTACTAACTAAAAGAA,1289
TTGGAACTAACGAAGT,1289
AAATGAGACCGGGTAA,1288
ACATGACACCAAAAAA,1288
AGTTAGGTTACGGGGA,1288
CATGCATTCCATGCCA,1288
CCAATATCAACGAACA,1288
GAATCAAATCGGACTG,1288
GCATAACAAAAATCAA,1288
TAACAACGAAAGCAAA,1288
TCAAGAATATTATAAG,1288
TTTAACCCAACGAAAT,1288
AAAGGTCATGGATGTC,1287
AATGTCCAAGGCATCA,1287
ACAACTAAAAAAGACT,1287
AGGCATATAACTCCTG,1287
CATATCTAATGGAAAA,1287
CGGACACAACTAGTGT,1287
GAATTTGGTCAGAAAA,1287
GACTATCAGTACCCGG,1287
GCATGTAACTTCACTC,1287
TAGACGCACAATTTCG,1287
TAGCATTCACGGGTTA,1287
TTGGTCTTTAACGATG,1287
AAACACCAAAATATAA,1286
AAAGGCCGCGCTATAA,1286
AACTAAGCACCTTTGA,1286
ACAGGACTCTTTGACA,1286
ACTAAACGTACCTCGG,1286
ATGTAAAGGGGTGTCA,1286
CAGCCATATAATCCAT,1286
CGATGATGAATCGTCG,1286
CTAAAAGGAAAAAAAA,1286
GAAACTCCCTTGACTT,1286
GTACTCTTGCACATCG,1286
TGTCCAGTATTTTTAG,1286
TTCTCCTTATCTGAGA,1286
TTTGCGATCCGAAGTC,1286
AAACTCTCACTTAAAA,1285
ACAACGCACCTTTCTC,1285
ACTTAATTAAAAAAAA,1285
ATGACCCTAGCTAGCC,1285
GAAAATTCTAGTCGAC,1285
GAGGAGGACGCGTAGT,1285
GGGCCTATTCGATACA,1285
GTCTAACCAAGCACAT,1285
TATATTCGTATCAACA,1285
AAATTGACAGTGCAAA,1284
ACACAAAGCCGCTTCA,1284
ACCCTGCAAAGACGAC,1284
ACTCCACGGAGCAAAT,1284
AGACCAATCGGTCCTT,1284
GACAAACTGTATTCGG,1284
GCACCGATAACCTTGT,1284
TAACTAATTCGCAATA,1284
TCAACTAACCAAAGGC,1284
TCTACTTTTAAGCCTG,1284
TGTGTACAAGAAAATA,1284
AAAAAACCTGAAAAGT,1283
AAACATGGGATGATCC,1283
AACAACGCGTCATCTT,1283
ACATGCGAGCTCTATT,1283
ATATATACGCACCTCC,1283
GAAGACCATACAAAGT,1283
GCTGCCTATATGATGA,1283
GGAGGAAATTCAATAA,1283
GTGTATCAAATTTAAT,1283
TCGGAAGAGATGCTTT,1283
TGACATCGCAAAAGAT,1283
TGACATTAAAGAAAAC,1283
TTTGGACCCGAGGCAG,1283
ACACCCAGATGGCCTC,1282
CACCTCCAAAATGGCA,1282
CCGACCAAGCACCTAG,1282
CTAAGACTCGGTAGTG,1282
CTACATAACAGAAATT,1282
GAATGTTCAAATAAGT,1282
GAGTATTTAAAACAAA,1282
GATAGCACGGCAACCA,1282
GTGCATGAATGAAGAT,1282
TGAATTAATCCTAATG,1282
TTACATCAGACGCCTA,1282
ACGTAGTGAAGGTATG,1281
ACTGTCCCCAACCTAC,1281
ATATCTTGAGTCTTTC,1281
ATCCGCGGCAGTACTT,1281
ATTAGGTAAAACCAAA,1281
CCTTCGATACTTCGCA,1281
CGTAACAAGATGAAAA,1281
CGTGAACGAAGTAGTT,1281
CTAGATACTACTCATG,1281
GAAACAAAATTAATGA,1281
GACACCCCCCGCGTTG,1281
GCTCATGCTATTTGGA,1281
TAAATCAACCGCACAT,1281
TCCAACAAATACTCAA,1281
TGGTTCTTATCGAAGC,1281
AACATGAAAAAAAAAG,1280
AACGTTGTTAGAGACA,1280
AGACAATTATACGGAA,1280
AGACACAATTACACCT,1280
AGCTGTCCACCGACGC,1280
ATAGACGGTAAACTAG,1280
ATGTACTTGTTAAAAG,1280
ATGTTAAAGCCCCTGA,1280
CCTGCTTGTTAGTTCA,1280
CTCATAGCTCTTCGCC,1280
CTCGAAAATCCGTGCG,1280
GGAGATGTAATACTCC,1280
TACTCCCTGCAGACTA,1280
TACTCTCCAGCTCAAG,1280
TTCTGACCCGATACCA,1280
TTCTTCCTCTTCCAAA,1280
AAAAACAAACATACCA,1279
AACAATGGAGAGAGAA,1279
AAGAGACCTAAGAACT,1279
ACCAATATACCAACCC,1279
ATTCACGTCGGACTAA,1279
ATTTCGCCAAGAACAG,1279
GAATATCTAGCAGATA,1279
GCCTTAAAAAACACAA,1279
TACTCACCATACAAAT,1279
TCAAGTATACAATGAA,1279
AAGCAAACTGATATGA,1278
AAGTTATAGGTAGAAC,1278
ACACTCAGAACGAGCA,1278
AGCCTAAAAAAACGAC,1278
ATCCCTCGCGGGACAA,1278
ATGGACTGGACTCAGG,1278
ATGTAGCTGAATATCG,1278
CTCCGTAAATAACTAC,1278
TAATACGCAAATACCA,1278
TATTGCACTAGGAGCT,1278
TTAAGTCTCACATACC,1278
AGAGTTTGTCTCAAAC,1277
CAAAAGCAGAACACCT,1277
CACGCCTTGCACGACT,1277
CCGTTCTTTACTAGCA,1277
CGGTGACACCACATTT,1277
CGTTACAGTCTTTCAT,1277
CTCATAATATGTCCAC,1277
GCCCGCCGGGACGCAC,1277
GGTGAGATGAAATATC,1277
TACAATAGGTAGCAAT,1277
TACCTAAAGACTAGCC,1277
TGAACCACTATATGAA,1277
AAAAAGGGTAAGTTAG,1276
AACAACGCATAATAAC,1276
AACATCAATTACGTTG,1276
AGAGAGCACCCAAAAA,1276
AGAGCTGGAATTAACA,1276
AGATTCTCTGTTTGTC,1276
ATGCTAACGAAGAACC,1276
CAAGCAGTGCATGTAC,1276
CTCTATATTACCACCT,1276
GGTTGACTGTAATTTA,1276
AACATACCTAAAACCA,1275
AATTATTCGGTTAAAA,1275
ACTAAAATTGGAACTC,1275
ATGTCTGAAACTTTTC,1275
CAATAGTCCAGGATGA,1275
TATAAGTATCCCTAAC,1275
AAAATTAAACCGCACC,1274
ATCAGTATATTACTAA,1274
ATTACTTATTATGATA,1274
CGAGTTAAGTTATTAG,1274
GACCAGCCACTAGGCC,1274
GCTACTACTCATCAAT,1274
TATACCAAGTTAATAG,1274
TATGAAGGTGATTAAA,1274
TCCTTCCTCACTAAAT,1274
TTCGATACTTCAATAA,1274
TTTTGACTAATGAAAT,1274
ATAGTGGATAGCCTAC,1273
ATCACGTAACCGAAAC,1273
ATTGTGCGCAAATAAG,1273
CCTATAAAACTAATCC,1273
GGAAAATTGAGGTATT,1273
GGCCATTCATACCACA,1273
TTGCCCATTTAACATC,1273
TTTGCTTTTACTTAGC,1273
TTTTTCAGATGATAAA,1273
AACGTGATGATCATAA,1272
AATTACCCTATTACAT,1272
ACATCAACCAGGTAGG,1272
AGCTTGACGTCGATTT,1272
ATACTCGACACGTAGC,1272
ATCATGACAAAGATTA,1272
CAAGAAAACAAAAAAC,1272
CAATCGTATAATACTC,1272
CCTGCAAACTCAGTAT,1272
CGAGAACACAATTGAA,1272
GAGAGAGTAAAGAAAG,1272
TCAGACGCTCAGCCAA,1272
TCGCACAAGTCCCTGT,1272
TCGGGGTCACAAACAT,1272
TCTGCGAAGTGTGATC,1272
ACAAACCAAAAGGCCT,1271
AGCGCGGACTTTTAAT,1271
ATACAGCACCGAAAGC,1271
CCCCCATAACTGAAGT,1271
CGCGTATATTATTCTA,1271
TAAAATAAATCATTAA,1271
TCTGAGTTATTTAAAA,1271
AGGAGTCCCGAGACGG,1270
ATACAGACTCGCATGC,1270
ATATTCAACGCCTGCG,1270
CCACTAACTATACGAT,1270
GCATTGGTAAAAGCTA,1270
GGTATGAATAGACATG,1270
TCGACACTTAAGTAAT,1270
TTCGAGAATTCAGGTT,1270
AAGATTAACGTAGTAT,1269
ACCGAACCAAATCCCA,1269
CTCGTTGCGATTCAAA,1269
GTCGAGAGTGCGGTCT,1269
TGGAACATACCTCCAA,1269
TTCCACAATTAGCCCT,1269
AAACCAGGATTAGATG,1268
AACAAATTTGAATCTT,1268
AACACAGAAGGCATAA,1268
AACGGATTGCTTCGAA,1268
CAATATGTGGCTAAAC,1268
CAGCTTTGTATCTGTC,1268
CATAAAGAAGATATAA,1268
CCAATGATGGGTCATC,1268
CCCGAATCAATGCCAT,1268
CCTCGTTTAGGATAGA,1268
CTAAGCCAACGTCCCC,1268
GAGTCACTTAACAATT,1268
GCAGTGCCTAAATTGA,1268
GTGAACTCTCCCCTAA,1268
TACGCGAGCCTATCGT,1268
TATTTGCCACTATGGA,1268
TCACGTCGTCAACCTT,1268
TGCAGGAAAAAAAAAA,1268
TTATCGCGTAATAACG,1268
AATCACTACGACTCAA,1267
AGCTTTCTGCAAAGTG,1267
CTATTACTAAAGCGTT,1267
GCTAAACGGGAACACT,1267
GTCCGCCCACCGTAAG,1267
GTGACTACTTCGAAAG,1267
TAACATTAATGTCGCC,1267
TAATCGAATAAAGTAA,1267
TCCGTTAAAGAAACAA,1267
TGCCTGACTAAAATGT,1267
AAGCAAAAACGGCACC,1266
AGCACTGATGTACACA,1266
AGGCTATGAACTCATA,1266
ATACGGAAAACCGAGG,1266
ATCTATATGCCAGTCA,1266
ATGGACCGAACGAGGA,1266
CAGTGAAGTGCAGCAA,1266
CATACAATTAGTTAAT,1266
CGGACATAATTTTCCA,1266
GGAAATGGGTGACAGC,1266
GGCTTTAACGAATGAC,1266
GTAAATAAGTTCAAAA,1266
GTCATCCAATTTAAGC,1266
TAACATAGTCCCTGCC,1266
TAGAACTGATCACGAC,1266
TATATGTGAAACATGA,1266
TATCGGCCTATTTGAT,1266
TTCTTACGAGCCAATG,1266
AACAACTGACGCATGA,1265
AACATATATGCAAACA,1265
AAGAAGACACCGTTAA,1265
AATACATGCCCTTACA,1265
AGAAAATCGAGGACGC,1265
GTATCATTAAGTGATA,1265
TAGCGGTTTACCTACT,1265
TAGGTGCAAATGCATA,1265
TGCACAATCAATTCAG,1265
AAAAGACAGTATGACA,1264
AAGTACAGTTGCTGAA,1264
AATTAAAGTATACTAA,1264
ACATTTAGTGCTATGA,1264
AGAGGATTGCGGTTAT,1264
ATAAAATAACATAATT,1264
ATCAGTCCACCTAATC,1264
CTACAAGCTTAATAGT,1264
GAGTCTAAGATCCATA,1264
TATAAAACTCAAATGG,1264
TCACACGTTCTACCCG,1264
TGCAGAAGACTCCAGT,1264
TGTTAATATTTAGGAT,1264
AAACAGTATAGCATGA,1263
ACCGGTACCCATTAGA,1263
ATAAATATTGCTCAAT,1263
CACTTCGTGGACAAGA,1263
CGCGAACCAGACTAGC,1263
CGGCTTTACTTACGGC,1263
CGTGGCCTTGTAAGCT,1263
GAAAAAAGTCTAATCT,1263
GACGCTTTACCAATCA,1263
GAGTAAGCAAATCACC,1263
TCCTTATGATAATAGA,1263
TGAACGACGAAATCTA,1263
TGTGAACAAACTTCTA,1263
ACACCGATAGAAACAA,1262
AGATGATTATCCGGAA,1262
AGTGAAGAAAAATGAT,1262
ATATGAAGCGATTGCC,1262
ATCGCGGTTCCCCGGA,1262
CAAGAAAATCCTATAA,1262
CGGACATAAACATGCG,1262
CTTTAAAAGATTCTAC,1262
GAAACTATCCAAATTT,1262
GCGTGATTAAGACAGA,1262
GTAACGAACTAACAAT,1262
GTTAGTGACTACAAAT,1262
TCGTAACGGCGTGGAG,1262
TGAAATTAAGACCCAG,1262
TGGTCGTCAATACAAG,1262
TTACTCGCCCAACAAG,1262
TTTCAAACCTTAATAG,1262
AAATAAACGAAGTCAT,1261
AACCAAGCTAATGTCG,1261
ACAAAACACATCTTGC,1261
ACGATTCCGAATATAA,1261
AGTCTGAGACTTAAAC,1261
CATTGTCTATGTTCTT,1261
TTACCCTACCGGTTTC,1261
AGAAGGGCAAAATATG,1260
AGCTTCCAATAGACTT,1260
CGTACCAATAATAGGA,1260
CTACAGAAGCGATAGT,1260
GACGAGGGGACTGTTG,1260
TCTTTAGAATTAGTCG,1260
TGAACGGCTGGGAAAT,1260
TGGTCACTTAAAGCCA,1260
TTAATACACCAGTAAA,1260
TTAGCTTAAGCCACAC,1260
TTTCGAAAATTCCACC,1260
AAACCCTGACCGGTAG,1259
AATTAACAGTAACAAC,1259
AGCAAAACATCGAAAG,1259
AGGCTCTAGCCCCTTG,1259
AGTAAAATTTACCTAA,1259
CAATAGCAATTTAGTT,1259
CCGTGACCTCAGAAAG,1259
CTAATAGCAGCCCGGA,1259
CTATTACGTAGGACAG,1259
CTGCACCTTAGAGCGG,1259
GATGGATAAAATTCAT,1259
GGCACAATCATGTAAC,1259
TAGATATGTATGTCAA,1259
TCTAGCTCAAACTGCC,1259
ATAAACAATCACTGAC,1258
ATAACACATACTTTAT,1258
CACGCCCGGATCTCTG,1258
GATTGGCGCCTAAAAT,1258
GGGATTATCAAGTTGA,1258
AAATCAAAATAGATAA,1257
AAATGATCGGGCAAGA,1257
AAATGCAATAATGTTG,1257
AACCAATGACCCAATA,1257
AATTTACCTATATCAC,1257
ACAAGACAAGTGATCT,1257
ATGAACGTCACTTTAA,1257
ATGGTTTAGTTAGTAA,1257
CACATACATACAAATG,1257
CCAAAGAACTCAACAG,1257
CGCGCCAAACCGAGGC,1257
GATACTTAGCCAGACT,1257
TGCCACTACTGTTACT,1257
TGTTAAAACAAAGGCA,1257
AGAACTAAAGCTCGTA,1256
CAATGAAATACCAACG,1256
TAATGATCACGAACAG,1256
TACAGGTATTGTAAGA,1256
TACGTGAGAAGCCGGG,1256
TGGACACCGATTCGAC,1256
AAAACCGTACTTTGGA,1255
AAAGCCCATACGAAAC,1255
AAATGTTTAAAGTATC,1255
ACATTGAACAGGGCAG,1255
AGCCTGTAGAACCCGC,1255
ATTTGATCGAGCTATA,1255
CACTACAGCTGAGAGC,1255
CATGACTAGGATCATA,1255
CCCATTTTCTGAAATA,1255
TAAAAAAGACCTTAAC,1255
TGTAGTCAGCCAAAAG,1255
AATCCGAGTACCATGT,1254
AATGCCCATTAACTAT,1254
ACACAGGAAAAAGTGA,1254
ACCAAACATTTCGCGA,1254
ACTAGCACAAACAATA,1254
AGCGTACTACACGGAT,1254
ATAGGGGTGAGCAATT,1254
ATTTTACATAAAAGTC,1254
GCCACAAGAGGTCAAG,1254
TAACAGATCTAGTAAT,1254
TCTTTAGCATATTCAT,1254
ACGGCAAGGAGGACAT,1253
AGAACCCTTTAACCCC,1253
AGTTACTACTAATTAA,1253
ATGGCAATAAACAACA,1253
CAATTCCTAGGTGCAT,1253
CAATTCTAAAATCCAG,1253
CACATAATCAATTTAT,1253
CACGTGTAATAATCAA,1253
CCAGGTTTACTAAAGA,1253
CTTCAGAGCCTATTCT,1253
GCAATTACCTTAGCCT,1253
TCATGATCTGAGGCAC,1253
AATTTTCCCTGAAGCA,1252
AGAAAAACTGGACAAT,1252
ATAAACTATTTAATAA,1252
ATATTACTCCGAGTTT,1252
CCAGTAGACGAGAATA,1252
CCGTGCCCTATGCCTG,1252
CTTCCCGGCCGATTTG,1252
GGCTAACCAAATAAAA,1252
TTAATATAACCAACAC,1252
AAAGAAAAGGCAATAT,1251
AATAAAAGAGAACTAA,1251
AATACAAAAACAGAGT,1251
AGAAGCTCAGGAGGGT,1251
AGACTCCCGTTAAAAG,1251
CAAGATTAAAATAGTT,1251
CAGTCTTCGTAAAGCG,1251
CAGTGAAGACCACGGG,1251
CGAAGACGAAACACCA,1251
CGTACATTGCCCGCAA,1251
GAGACCGAAGTCTGGC,1251
GGAATCGTGCGATGAG,1251
GTGATTATTTGAACGG,1251
AACCGCGAACCCTAAA,1250
ATTCTGGGGAGGCACA,1250
CAATATCCTCATACCG,1250
CCCGGCTAAATAGGAA,1250
GTAAAGAGACTGCGTA,1250
GTATTAATTACGCAGG,1250
TAAATAATCGTGCCGT,1250
TAATAAGATTACAAGC,1250
TGGATCAAGAAAACTC,1250
TTGTGAGTGAGACCGT,1250
TTTCAAGCCACTTAGA,1250
AAATAAGGTTACAATA,1249
AAATAAGTGTCCAAAA,1249
AAATTGGTTGAAGCTC,1249
AACTACTAATAAAAAT,1249
AATATAATATCATTAT,1249
AGAAATTTGTAGCAGC,1249
AGCCTCAGTGAAGGTT,1249
AGGTCTCTGACAAACA,1249
AGTAAAGATTGGTGAG,1249
GACGCGTATGTTTACA,1249
GCGAAAGAACGTTATG,1249
TCACCTTAGTTATAGA,1249
TCTCGTGCTGTGATCA,1249
TTGAGCGCTATAAAGC,1249
TTTAAATTCCGAGCTT,1249
AAATAATAATTAGTAT,1248
ACGACTGATAAGTAAA,1248
ATAATATACTAAAATA,1248
ATTACAAACAAGCGCA,1248
CACTGATCCAAAAACA,1248
CACTTTAGCAGAATGT,1248
CAGATTGACAGTGTGT,1248
CGCTTCTGCGCTCGCT,1248
CTGACGAATAATATGA,1248
GGACACGACCATGAAC,1248
TAAAAGTCTTCCCATA,1248
AAAGAGCAATCACCCA,1247
AAATGCCAACGATTAT,1247
ACCAGGCAATAACGAT,1247
AGGCCCGAATAATGAC,1247
ATAAAACAAGTTGATT,1247
ATCAAACTCAATGGAA,1247
ATCGTTCGACGATGGC,1247
CCAGTTAGATTAAACA,1247
CTAAAATCAAAGAAAA,1247
CTGGGTATGCAATTTA,1247
GTTCCGGCCATAACAC,1247
TAAAGCATAAGTATCG,1247
TAAGGACTATTATTGG,1247
TACTATAACAGCTAAT,1247
TTATGTTTTTCTTTAC,1247
AAAATTAATGCACGGC,1246
ATCATCGCCGGAGCGG,1246
CCTAGATCCCTAAAGA,1246
GATAGTTGTCTAGAGA,1246
GGCGAGAAACAATTAG,1246
AAATTTGTTTCAAAAC,1245
AAGCCTAAACCAGTAA,1245
ACAAAAACAAATGAAT,1245
ACCTTATTTGCCCACG,1245
AGCTCTTAACTAGAGT,1245
ATGGCAAATCATGAAA,1245
ATTGTACTATAGAATG,1245
CGACCACTATTACTAC,1245
GAATTTAATTAGGATA,1245
GCTATTGAAATTTTGG,1245
TCCCAGAATTGGGCAC,1245
TTTAAATAATATGAAT,1245
AAACGGCAAATATTGC,1244
AAGGCACACAAAATGT,1244
AATTTAACTTATACCG,1244
CATCGAAAATAAATGG,1244
GACTCCCACAATCTTC,1244
GCACCCGAACCTCTCC,1244
TAACCGCAAAACTTGT,1244
TAAGAACACAGTTCTA,1244
TTCAAGTAAAAATGTT,1244
ACATAAAAAACAATAC,1243
AGCCTTGGCTAATGAA,1243
CCAGATAAATATACCT,1243
GACGTTTGCTATTACG,1243
GAGAATTCTTAAAGGG,1243
GCATAACATTAATGAC,1243
TAATGACATATCCGAA,1243
TCCATGTCTTGATTCC,1243
TGAAAGACAGACCTAT,1243
TTATCTAAAAGCTCCC,1243
AACCGCGTGATCCATC,1242
AAGTGGTTATAGCAAA,1242
ACCTAAGTGCTTCAAA,1242
AGTTCGACGTGTATAA,1242
CACACACCGTCGCAGA,1242
CCGGAAACGAACCGAC,1242
CCTTTCAATCATGAAA,1242
CTCGTACGTACCCTAA,1242
CTGACTTATACAAATA,1242
GAACTCCGCTGGTCCA,1242
GTAGCGCGACTCAATG,1242
GTATGCCGAGTTAATC,1242
TAATAACAGGATAAAC,1242
TCGCGGTATCCGATCA,1242
AAGGACTTATTGGGGC,1241
ACTAAGTTTATTAGGG,1241
AGATTGCCTCAGGAAA,1241
AGCCCGAACAGCATAG,1241
AGTTATGATCCAATCC,1241
ATAAACTTCATTAGAT,1241
ATATCCTCACTGAAAA,1241
ATCACGAGACACTTGT,1241
CAGCACGGGGACATAA,1241
CCAACTATTTCAGGGT,1241
CCCGAAGGTCCTAAAT,1241
CTCAAAACCTTTGTGA,1241
GATTACACGATCTCTA,1241
GCATCACACATTTACA,1241
TAGGCTTACGTCCTCG,1241
TTAGCTAATTAAAAGT,1241
AAAGGATTATTCAGCG,1240
ACATTTTACTGCCTAG,1240
AGAAGGAAACCATTAA,1240
ATATATGAGTTACCTG,1240
ATGAGCCGAAACTATT,1240
CAGACTCAAAAGAGAT,1240
CCGAAATCATTACGAA,1240
GTATTCTCCATAATGA,1240
GTCCCCCAACGCAAGA,1240
TAGTAACAAAATATCT,1240
TGGGCATGATATCCAG,1240
AAACACATCGAAAGCT,1239
AAACTGACTCGTGTTT,1239
AAATACGCACACCCGT,1239
AATGTACGTCATACCA,1239
ACCGTTGTGGGTGTTG,1239
AGAAGATAAAAGGTAT,1239
AGAAGGTCCAATTATA,1239
ATCACAGCACGGGAAT,1239
ATTTTGGCGAGAAAGG,1239
CATAAAGCTAGCCATA,1239
CTAATAACGCTAAGAA,1239
GCATGCGCTATTGGCG,1239
GGAACATATCCACCGA,1239
TACACATGACTTCTAC,1239
TATCTACATAAAAAGA,1239
TGCCCATGTTACGAGC,1239
CAGCTTCCATATGTAG,1238
CGTTGAATTTATTACG,1238
GTGCACAAAATTCTGA,1238
TAGTAACAAGGCAACA,1238
TTCCCCATGACTACCT,1238
TTTAAATAAGAACCAA,1238
AAATAGGTGGCAGGCC,1237
AAGAATTTTACGTATT,1237
ACGAGATCGAAATATT,1237
ACTAAAAATCCTAACG,1237
ACTAAACCAACTAAAG,1237
AGATACGTGCACAAGA,1237
CAAATCGTCGAAAACT,1237
CTTCTCTACCCTTTGT,1237
GATCCTAAGTTTAACA,1237
GTAAGGTCAAGTGACA,1237
TACAACCCCCAAGATA,1237
TCAAGTAGCTATCAAA,1237
TCATCTGGTTCAACCA,1237
TGGACTAAGTAAGCTC,1237
AAAGACAAACACAAAG,1236
AACAAATCTTAAAGTA,1236
AAGGCGACTGCAAACT,1236
AATAAGCGGGCAATAT,1236
ATGCACCGTTATGGAT,1236
CAACCGATAACTCGGA,1236
CGCAAACTTGGATAAC,1236
CTTTTGAAACCTTCGC,1236
GTTATACAAAGGTGAT,1236
TAAGGCCTAAAATACA,1236
TCGAGGAATAGAACAG,1236
AAATTGTATATTATAC,1235
AACAAACATTTCAAAC,1235
AATTTATACACGGGAA,1235
ACTCAGGACCCCAGGG,1235
ATACACAAAGTAATCC,1235
ATAGTGCTAGCTAAAA,1235
CAATGTAAGAAAGCCT,1235
CACAATCTAGTTCCTT,1235
GAAAATTAAACGACCA,1235
GGCATTATAAGATGAT,1235
TATGTAGAATCGATGA,1235
AAAAAGGACAAAAAAG,1234
AACGCATCGAGATTAC,1234
AGCACCAGCAGCCCCT,1234
AGCTTCATCCCAACTT,1234
ATGTTAAGCGATCAAC,1234
ATTTCTCATTGTCACA,1234
CTAGAGCAAACTGAAT,1234
GACCAATTTCATCAAT,1234
GAGCCATACCAGCTCC,1234
GAGCGGAACTTGTCAC,1234
GCCCAGTTTAGGCTCA,1234
GTTAGGGCATGTGTCA,1234
TAGATTCTTGTACATT,1234
AAAATATCGTGAAGAA,1233
AACCATAAACCACTAG,1233
ACATGAAAGTTGAGGA,1233
AGCATAATTCATCCAG,1233
AGTTACAGACGTGCAA,1233
AGTTTATGTCTACATC,1233
CACACACACGGCATAC,1233
CCTAAATAACCAACTG,1233
CTATTGAGTTTACATC,1233
GAATTGTCCGTGTGAT,1233
GCAGTCCAAAATCCCA,1233
GCGGTAAACAAGTCGA,1233
GCTTACAACTTAAACC,1233
GTGGAAGAACAGATTA,1233
GTTGCCTTCACTGGTT,1233
TAAGTACTTCGCATAG,1233
TAGACAGATGTATTTA,1233
TTACCACATGTAACTT,1233
TTCACCTTCATATAGA,1233
AAAAAATTCGTGCATG,1232
AAAACACACTCAAGAA,1232
ACAGTCATACAAGAGA,1232
ACGGCGTCGTGATCAC,1232
ATTATTTTCAAACTGG,1232
CGCGTGACAACGTGAA,1232
CGCTAGAACTCGACTC,1232
GAAACTTACGTCAAGG,1232
GAAGCAAATCATTAAA,1232
GTATACGTACAAAATA,1232
TACCTGAAACTGTGGG,1232
TATCAACACTCACCGG,1232
AACATCTATCATTACA,1231
ATAGACGAAACTTCGC,1231
ATTCTTATCGGGCTAA,1231
CCAATGTCATAATGGG,1231
CCCTGATCGACAGATT,1231
CGCGCAAACACCACTA,1231
GACATAATACTGTGGA,1231
GCACGAACACAGACAA,1231
TACGTAAGAAAGGAAC,1231
TAGACCCTACCTAGGT,1231
TCCAGCTTCGGAGCCA,1231
TTGAATAACCATGTGA,1231
AGATGACTTATGTAAA,1230
CAATCCGTAGTACTAC,1230
GAAATTGAAACCTCTT,1230
GGAAATTAATTTTATA,1230
TAACAATATGCATACC,1230
TAACCGAGTGCAAAAT,1230
TACCGACACGGCCACC,1230
TTTTAAGAGGCCAGTC,1230
AAATTACTAACCAGCG,1229
CCTCAAAAATGAATTA,1229
CTCAACTAGAATTTCC,1229
GACGCCTAGTAAAGAC,1229
GGAAGATAGCGCAACT,1229
TCCAACAAACACGATA,1229
AAAGTACGCCAATTCG,1228
AACTGCGTAATCACAA,1228
ACAGGAGTCAAAAGAC,1228
AGAGGGTATGCCGTCC,1228
AGCTGAAGAATAAACT,1228
ATAAATGGTACTTTAA,1228
ATAGCCTTTAAAACAA,1228
ATAGTTGATAGACTAT,1228
CCGAAACTATTGAATT,1228
GACGTGAAGAAGAAAG,1228
GGACATGACCTTTCCA,1228
GGAGAATCCTTCTTTT,1228
GTTTACGCAGAACCCT,1228
TACGTTGAAGTAATGC,1228
TAGCTCCACCATTCAT,1228
TATAACGATGATTGTA,1228
TCCCTACAAGTACGGT,1228
AAAAAACAGCCACTGC,1227
AACCGTTTTAACTGAC,1227
ATTGCCTTCGAATCTT,1227
CCCCCCGTCTTATGAT,1227
CGTCATTTCCTGGCAA,1227
CTTTCGCTGAGATGGT,1227
GACGCAACTAACATTA,1227
GTAAATAATAGAAAGT,1227
GTCAGATATCCCTAAA,1227
TAATCGACCAGTTCAA,1227
ACCGATATTAATTAGG,1226
CAAGAAGCCTACACAT,1226
CATGAGCATCACAATT,1226
CTCCCACAAAAAAATA,1226
CTGTCTTATGAGTAAG,1226
TCAGCCCGTATAATCA,1226
TCATATGCATTCATAA,1226
AACAGACGTTCAATCG,1225
AACTCGCAATCCTGAC,1225
AGATTTGGAGCGATCA,1225
AGCCCTTCTTCTTAGA,1225
CATGCGACACTATGGT,1225
GAATTAAATTAAAGGT,1225
GACACCGTCGGCTACA,1225
GAGGGGGTCTGGCTTA,1225
AACGGTGAACGACGAC,1224
ACATCTGTATTCATAC,1224
ACTCTCACTTAGAAAG,1224
AGAGCCAAAAGAACCA,1224
AGGATTCGCATTTAAA,1224
ATTCATTCTCAACGTT,1224
CAATATATGTAAATTC,1224
CAGTTTACCAAGTCAA,1224
CTCATTACAATAGTCT,1224
GAGTTATATACCCACA,1224
GTACCATTGACCTAAA,1224
GTGAAATCGAAAGATT,1224
TAATACGTAAATACCA,1224
TAGTAAATCAGCTTCA,1224
TCCGCCATATACATAA,1224
TCGTTCGTACTCACTA,1224
AAACCAAACAATTGAA,1223
AAAGTTAAAGCAAGTT,1223
ACAATCAATTGCCAGA,1223
ACCATACAATGACCAA,1223
ATAAAATTCGAACTCT,1223
CCCCGGAACACGGCCG,1223
CTCAGCAACCAACTAG,1223
GGACATATATGGTAGA,1223
TACCTCTACCATTCAA,1223
TATCACTCGTCCATGT,1223
TCTAGAATTTCCGATC,1223
TTAAGAAATTAGTGGT,1223
TTACCAGTCAACATTC,1223
AAAGAAGTGTACAAAG,1222
ACTTAACCAACATGAG,1222
AGATAACAGATCTCAT,1222
CAATCAAGGGAACCAT,1222
CACGTATATAACGCAA,1222
CCAGATTTGTGTCTAG,1222
GAGAATCAGCGTCAAT,1222
TCTGGATCTGGGCCGA,1222
TGCACAAACCTGACCG,1222
TGGAGGTATCAATCTC,1222
TTCTCAACGAAACTAA,1222
AAACTGTAATTTTGAA,1221
AACACATTATGACCCT,1221
AATTGGGACCATAAAG,1221
ACACGAACATGCAGCC,1221
ACTCTGCTCTTAACTA,1221
ACTGACATACAAACGA,1221
AGGTAACGGCGCCGTA,1221
CGCTCAATATAGAGAT,1221
GACACTACCGAGATCA,1221
GATAAATACTACAAAA,1221
GCAGGTACTACGTACA,1221
TAATGCATTAAATTGG,1221
TCTTAATAATTTAGAA,1221
TGCTATATTTACCAGA,1221
AAACCGGCATCAGTGG,1220
ACTACTCAGAGAGGAC,1220
ATAAACACCTTTTACT,1220
ATAGCGTATATTTACC,1220
ATTCAGAGCTTCTACT,1220
CACTCGAGTAAAACAA,1220
GATTACAAATACACCG,1220
TAAAACGAGCACAAAA,1220
TAGCTGACGCTGAAAG,1220
TGAATAGCTGAGAGGT,1220
AGGATCCTTGAGGATA,1219
GAATGCACATAAATGG,1219
GCAGCCAACGCAGCGA,1219
GCGGTAACGTGAAAGC,1219
TCTCAACTACAACACG,1219
AACATATAAGGTATGA,1218
ACACATAAGGAAATAC,1218
ACTCTTCTACGACACG,1218
AGAGAAATAAAGACGA,1218
AGGTGACAATAAACTT,1218
ATCGTGACCCTTCAAG,1218
ATGAATAAATTTCAGT,1218
ATGGAAGAAAAACATA,1218
CCTACAACAGTCAACT,1218
CTGACGAGTAATGAAT,1218
GCAAAACAAAAGTGTA,1218
GGACTTCCGAATTGAC,1218
GTGTAGTAAGAGTTAT,1218
TATTAAGAAGTAGGAA,1218
TGCATCTTTTATCTTA,1218
TGTAATGGCGTACCGG,1218
AAAACAAACTATACCA,1217
AATAGGTCCACAGCTA,1217
ACATACCGCCTAGAAA,1217
AGCACCCTCGGAGGCA,1217
ATAGGTTATCCCGGGG,1217
CAGAATAAGATAGGAT,1217
CATGCCAACTGTAAAA,1217
CTATTCAATCGATCCC,1217
GGGTATTAATTACAAT,1217
TAACTATGATTGACAA,1217
TATGACTAATAGTTGA,1217
TTGTCGACAATGATTT,1217
AAAGGTACTCCGATCA,1216
AAGATAACACAATGCT,1216
AATCTTGATAATAAAC,1216
ATTACATGCCTACTCC,1216
CGAGCTTAACAGAATG,1216
TAAACTTCAACTCTTA,1216
TAAATTAGAATATCGA,1216
TAATCTACCCCAGGGA,1216
TTTTACTTCATGAAGC,1216
AAAGCATTCCAAACCG,1215
AAGGAGAAGCGTATGT,1215
ATAAATTATCCAGCGG,1215
CTTCCTAGTCTGGCTA,1215
TCCACGCCGTACTTAG,1215
TTTAAATCACCTGATA,1215
AAAATAATAAGAAACA,1214
ACCATACGCTAGGCAG,1214
ATCATAGGGTGACCAA,1214
ATCCAACGTACGATAA,1214
CAAATGAACTAAAATC,1214
CACATCATTTCGCGCT,1214
CGGTATTAGCGGACCA,1214
CGTTCATCGCTGCCCA,1214
GATTATATACGCACGA,1214
GTAGTAAATTAAGAAC,1214
TTTTTATACGTTCTCT,1214
AAACGGATCACCCCTT,1213
ACAAGCACCCAAGCTG,1213
ACATCATTACAAATCC,1213
AGAAAGTATAGGAATA,1213
ATCGAATGAACCCAGA,1213
CAACGACAATGCATGG,1213
GTATGATAAATTTAAT,1213
TAAGGATGGATAAAGA,1213
TACAAGAAAGATATAA,1213
TCCTCATGCTACAGTC,1213
TTAAACTCAGGAGTTC,1213
TTCCGCCAGAGTGACT,1213
AAACTCATCGACACCG,1212
ACACTTATATACTGCC,1212
ACCCCAAGTAGACTAA,1212
ACGGGGCGTGCACAAC,1212
ACTAATAGGTGGTTGT,1212
CAAGCAGTATCGGACC,1212
GATAAATTAGAGGTAA,1212
GATGAAGCTCGAGGGA,1212
GGCAAAATTTGTTGAA,1212
AAGTATTGAGGCACTA,1211
ACGAACAAAGAGCAGT,1211
AGATTCCTAACTGATA,1211
ATACTCTGACGAGGAG,1211
CATCAAACATATAAAT,1211
GATGACCAGTAAAGGT,1211
GGGGCCTCGCACCTAA,1211
GTGAACCATTTAGCAT,1211
TATAAGCAAACGAAGA,1211
TATGCCTAATGGCTAA,1211
AAAAAACTGATTACCC,1210
AACTAGAACGAAAGAC,1210
AGAAGACTTTATGCTG,1210
ATATTACCATTCCCAT,1210
CAGGATAAATCCAGGC,1210
CGCAATCGCTTCCATA,1210
GTGTATTGCGGTGTCT,1210
TAATATGGGCTCAAAC,1210
TTCAGCATTGGATTAA,1210
AAAAACTAAACCCCTG,1209
AAACGCCTAAAATAAC,1209
AAATTCAACAGATGGT,1209
AGAATTAAGATTTCTA,1209
AGACCGATAGTCTCGA,1209
AGGATTCGAGTCCCCT,1209
ATATATATTAATATCA,1209
CCGTTAAATTGCCACG,1209
GAATATACGAGAACGA,1209
GCACCCTTAAAGAAAT,1209
GCTAGCTCCAACTAAT,1209
GTTACATGAAGTAAAA,1209
TAATTATGATTAACTT,1209
TAGCCTTTTTACTGGA,1209
TGTCTTAGTCCTTATA,1209
TTGAAGCCTGTATATC,1209
TTTAGAAAAGGATTAT,1209
AAATGAAGCAAAGTAT,1208
AATTCGAAAAGGCACT,1208
ACGGACCTTGTACAGT,1208
ACTCGAGGCCAGCAGA,1208
AGATGAAATTTGTTGC,1208
AGATTAAGCGATAGGC,1208
AGCAACGAAAAATATG,1208
ATTGAAAAAGCACGCT,1208
CAACACCACATAACAA,1208
CAACGAGCCAAAAATT,1208
CAGATTACATCCGGCA,1208
CAGCAAGTTTAGTTGT,1208
CATAACCGTATAGAAA,1208
CCAAAACAAGTCATAG,1208
GAATGAATTTGAAACG,1208
GCAAGAGAGTGCGATA,1208
TACAGTGTGCAAAGAA,1208
TAGCCAAGATCTAGCT,1208
TAGTATGATCACACGT,1208
TCGTCTCGTCGCAGTC,1208
TGAATCGGTACACCCT,1208
ACATGAAGCAAAACGC,1207
ACCAAGCGAACATTAA,1207
ATGCAACTCGTTAACT,1207
CAGCTAACGTACGTCA,1207
CATAACATAACCAGAA,1207
CATATGCTTATCTACA,1207
CGTTGCTAGTACACCT,1207
GACAACTACTGGACGT,1207
TAAAATGCCATCTATT,1207
AAAGATGATTTGCCTA,1206
AGAGTTGAAAGACGAC,1206
AGGAACCAACTAACTT,1206
AGGAGAAGGCTCCAAA,1206
CATATAATTCCTTAAA,1206
GAAATTAAAGACCAGT,1206
GATTTCAACACAAGAC,1206
GGATGTCTTTAAATGT,1206
GGCTAGATCTTACAAC,1206
GGTTTTGCTAACCTGT,1206
TCAAAAGAGAGCAAAG,1206
TGACGAGTTACTGAGA,1206
TTATTTTGTTACTTGG,1206
AACAGATTCAATCCAA,1205
AACCGAAAATAAGGAG,1205
AAGATTCATACCTCAA,1205
AATCGAGATCATCAAC,1205
AGAGATCCCACAGAAA,1205
ATAAATCACATATCAC,1205
CAGAGGGTCACATCCT,1205
CGAGATTTCATCGGTA,1205
GAACAAATTGACAGGG,1205
GAACTTATACACTAAG,1205
GAGAAACGACAAATTC,1205
GTACGTATACAGGTAC,1205
TAAGCACCCTTCCTCA,1205
TGCCTTATGCCCAATC,1205
TTGAATGGCTCAACAA,1205
ACCCTTACGTCGGACG,1204
AGACAGAAGAATATAA,1204
CTAACCCGAAGTTAGG,1204
GGACAAATTACTACCA,1204
GGCCAGAAGAGATATC,1204
GTATTAATGTATATTA,1204
GTTTTATACTACTATA,1204
TAGACCCAATAAATAC,1204
ATAAAAGCAAATGGCG,1203
ATGTTACGGAATTGCA,1203
CCAAGTTTATGTAGCC,1203
CGTTAAGGATAAAAAA,1203
GACCAAACGCCATTTG,1203
GATGACACCCAGAAGA,1203
GGACTCACGACTGGAT,1203
TGTCGCTACATGAAGT,1203
TTGCTGACAACTACAG,1203
AACACATCCCTCTGCA,1202
AGCGATCCTGATAGGT,1202
AGTGTAATCTTCTTAA,1202
ATAAATTGTAATAAAT,1202
ATACATAACGAATCAA,1202
GACTAGAGCTCCTCTG,1202
GTCACATTATATCACC,1202
TACGAAAAACGCTGAC,1202
TTGTTGAGACCACCCT,1202
AACATCGAACCATAAG,1201
ACAACACTGAAGTACT,1201
AGAAATAGAGCAAGAC,1201
ATAGAACATAAAGACG,1201
ATTGGCACCATAAACC,1201
CCTACGGCTTAATTTT,1201
CCTTAACCTTATAAAG,1201
GTGAAGAACCAATACT,1201
TTTCCAGCCAAGCCCC,1201
AAAAAACAACGAGATG,1200
AAATATTAATAGATGG,1200
AATACTCAATTAAGGA,1200
ATTAACAAGATCAGAG,1200
CAGAGACTAAAACCTA,1200
CTATTTCACACACACC,1200
GAAAAATGATGTCGTG,1200
GCCACGACACTGCGCA,1200
TGGGCGGTTATAGATC,1200
TGGTTTAACAACGTTA,1200
ATACTATAATGGACAG,1199
CAAGCCGGTGCATAAA,1199
CACAAAACTTATATTG,1199
CCATCATCTCCCTGGC,1199
CCTAAAAAACCTTCTT,1199
CGATCGCTATCTTAAG,1199
GCGAAGATTTGACGTA,1199
TAAAAGGGCAGAATCA,1199
TACAATGTACTGCTAG,1199
TTATCCCAGGAATTCC,1199
AAACTTCGGTATCCTG,1198
AAGAAATCCTGCAAAA,1198
AAGCAAGAAAAATATA,1198
ATCAAATGTAACATAT,1198
CAGGGAATCACTATAG,1198
GAAACAATGGACTTTA,1198
GACAAAAAATTATAAT,1198
GATCATGTTGCCTAAT,1198
TAAACCGTCTTGCAAA,1198
TATTAGAGCTCAGTAA,1198
AATGATTAGCAAAACC,1197
AGTTGAGCTCAAACTG,1197
CAAAAAACTAAGTTTA,1197
CATATTGAAAACTACT,1197
CGCTGCTCAAACATCC,1197
CTACGCTAGAAATAAA,1197
GCCCCGAGGTACACGC,1197
GTCTAATACCACAGAT,1197
TAAATGTAGACTAAGA,1197
AAAGGATGTTTCGAGC,1196
AAAGTCAACGTATGAT,1196
AACACCTTGCTGCTAC,1196
AACCCATAAAAACTGT,1196
ATTAAAAATAAATTTC,1196
CAAACTAAATACAAAA,1196
CAGTCCAACGGTCGTC,1196
CGAGCGTATGATTTTG,1196
CTCATCAAAGCACAGT,1196
CTGGTTAATCCCACCA,1196
GCCATCCAGCGGTCGC,1196
GCTCCTACGACAATAT,1196
GTGAAGCAGCACGCTA,1196
TAAGTCGCTGGGATGT,1196
TTAATCTCAGAATATA,1196
TTTTTCCCGGCGTCGA,1196
AAAGGCAACGAAAAAC,1195
AAATTCAAGTTAGCGT,1195
ATTTCAAGAAGACTCA,1195
CGACACTGTCAAAATA,1195
GAAAAGTAGTAAAGGT,1195
GATAAACCTTCGTGTA,1195
GCGCACCAATAGATAC,1195
GTTACAGGCAGTATGA,1195
TCCTATGAACAGTTTA,1195
AAGCCATAGAAGATCG,1194
AATCGATATATATAGC,1194
AATGGACCTGATCAAG,1194
ATCGACCTGATCTTTT,1194
CGGACGAGTCCATTGT,1194
CTTAATGCTACCATCA,1194
GCAGTCGCAAAGGATA,1194
AAACACATTAACTGTA,1193
ACATTCTAATGAACTG,1193
AGATCTAAGCAACCAT,1193
CTACGCACAGAATCAA,1193
GAAACTCAGAAGAAAT,1193
GATAAGATGTATATGC,1193
AAAAACAAGATCCCCT,1192
ACATGCACAAATACTC,1192
AGAGCGTTACTTAAGC,1192
AGGAAACCGCTATGTA,1192
ATATGAAAGAGAAACA,1192
CAAAGTATGTAACATA,1192
CAAGCAAACTTGTCGC,1192
CAGCAAAAAGGGTTTT,1192
GGATGTTAAATTAAAA,1192
GTTATCTACTTAGAGT,1192
TATCACAGACGATATC,1192
AAAAAAGGGCTCCTTG,1191
AGGTCAAGACCTTTTA,1191
ATTTTTACAAGGATGA,1191
CCCATCAGAGTCTTTA,1191
CGAGCCATAAAGAATA,1191
GCATCACCTAAATAAC,1191
GCCGAATTATAGTGCC,1191
GTCACTCCCCACATAA,1191
TATACTGATCAGAATG,1191
TATGATTAGAAGACGA,1191
TGATGCCCTATATCTG,1191
TTAGATAGGAGCACGA,1191
TTATTTTAATACAGAA,1191
TTGCAAATATATATAG,1191
AGTATATCAAGTCTCT,1190
ATAACTGTTTGAAACT,1190
ATACGAGATAGTCCGC,1190
ATTATAGAATAATAGT,1190
GTAGTAAAGGAGAAAT,1190
TGCCCTAGATCAAGTA,1190
AAGACCTACGTACCAC,1189
AAGCCTCTACAGAAAC,1189
ATAACAAAGTACAATT,1189
ATCAGATGACTAATAA,1189
ATGTCCTCAATTCTAG,1189
ATTCTTAGAACGTTAT,1189
CAGCGTGAGCGCAGAC,1189
CGTGGCTTCTCGAAGC,1189
CTTCCACACTACCCAC,1189
GGAAAATACTGATGTA,1189
GTTAACAACACGCGCT,1189
TACAGGTGTGACACCT,1189
TGGCATGTCAGTAGAC,1189
AAAATATTGCAACCAT,1188
AGGTCAATAAGTATTT,1188
ATTAGCCGGAGTTATC,1188
CGCGTTACATGTGATT,1188
GAACGGCTAAAAGACG,1188
GATGAAATAACTGCAA,1188
TAAATAGATCATATTA,1188
TTAGGTAGCTCATGAA,1188
ACCTTACGTGAAATTC,1187
CAATTAAATCATTCAG,1187
GAGCAATCGCAATGGA,1187
GAGTATGAGCGCAATA,1187
GGCGCATTTGCTCCTT,1187
TATCGGTAGGACAGTC,1187
TGTGTCAAACAGACAA,1187
TTAAATAGTGTACCTG,1187
TTAAGCTATCCTACCA,1187
TTAGGTGTAAGATTAA,1187
AAACCAAGTTTTGTTA,1186
ACGGGCGTCCGCGGGA,1186
AGCCCGTCATTCACTA,1186
AGGAAGTGTCAACAAA,1186
ATAATCCGAGATGTAT,1186
ATAATCGTCATCAAGA,1186
CCAAGAATTGACAGAG,1186
CCCTACCGTCCCGCAA,1186
CTAATCATTTAATATC,1186
GCCTCAGGTGCAAATA,1186
TAAAGTAGAGAACAGA,1186
TCCTCTCTGCAACACG,1186
TTAGATCAAATATACA,1186
TTGTAGTCCTGTAAAA,1186
AAGACCATAGTTTTAT,1185
AAGGAATGTGGATCAA,1185
ACCAAGGCTCCAACAC,1185
ACTCCTCTACACTGGC,1185
ATTATGCGATGTATGC,1185
CCAAAGGATCGATATA,1185
CTTAAGGTATGGCGTT,1185
CTTAGATCAGAACGAT,1185
CTTTTTACAAAATCAA,1185
GAAACAAATAAGACTA,1185
GATTTGCTAGTAGGTT,1185
TACAACCCAGACTTGG,1185
TCACGAAGAGATACCT,1185
AATGAATCTCCAACCT,1184
AGATTCCAAAGCTTTA,1184
ATTCATAGTACGGAAA,1184
CAGTAGTACAATAGAT,1184
CATCCATCCCACACGT,1184
CCTGGAAATGCATGCA,1184
GAAAAACACCATACAA,1184
GAAATGAATATAAATT,1184
GGCCCACCTGCCACAC,1184
GGGAAGATTGCTCTTA,1184
GGGAATGTAGGGGGAA,1184
TACGTCTACAGTCCCC,1184
TAGTATCGATGCTCCT,1184
TAGTCAAGTCGGTCCC,1184
TGCATGACAAGATTAA,1184
TGGTAACGTTATCCTA,1184
TTTGCGATACAAATCT,1184
AAATTAGGATCCTCAA,1183
AACGGGCCATGCCAAA,1183
ATCCTACACCGAGGAG,1183
ATGGTTAAAATCCAGA,1183
CATAGCCAATAGATGT,1183
CCTACATCTAGACCAC,1183
CTATATGCTATCAGCC,1183
CTCAAAAAGAAGAACG,1183
CTGGCTACCTCACGTA,1183
GCGAATGCGAACTTGG,1183
TCCCTACCAAGCTAAC,1183
TCCGAATAAGATACGA,1183
TCTTTTCTAGTCTCGA,1183
TTAAAGACCGTCACAT,1183
TTAATATTGCCTCAAA,1183
AAGCACTAACTTGCCT,1182
AGTACACAAAATGCCA,1182
CAACATCTTGAGTCCT,1182
CTACCCCGAATCGCAA,1182
GATTACGCGGTTAATT,1182
GCAAATTCGGATAGAG,1182
GGTTACTGTCTGACCA,1182
GTAAACTCCGCTCTGT,1182
TATAAGCAAACAAAAA,1182
TGTTAATAGTGGACCC,1182
AAAAAGATAGTGAACA,1181
ACCTCAGAGAAGTCAT,1181
AGGAGACTAAAATCAC,1181
ATAAAAGAAATGCAAG,1181
ATACTCCCTCAATCGA,1181
ATTGACATAGCGCTTG,1181
CACACTCAAGGAAACA,1181
CAGTAAAATGCCACAT,1181
CTCTAAGAAAAATGAT,1181
GAATGTTATTTAACAT,1181
GACGGATATTAGAAAC,1181
GAGATAAAACTGGAGA,1181
GCAGATACCCATTCTA,1181
GCTAGACATTGACAAG,1181
GTCAGTCTGATCCAGA,1181
TAAAATACTACTAGTC,1181
TACAAACCCATAACGT,1181
TACAACCGTGGTGTGC,1181
TGGAAACAGTGGCAAA,1181
AAATAGAAGGCACGCT,1180
ACATGACAGGTGGTCA,1180
AGAAACCCTTTAATCA,1180
ATAAAAATTATAGTCT,1180
ATTGATTTTACACATC,1180
AAATTAACTAAGGATA,1179
ACATTGCAGGAGCGCT,1179
CAAGAAAGACAACACC,1179
CCAAAAGATTAAGCCA,1179
CCTGGCCACTCCCATT,1179
GAAGTCAGGCTATTTT,1179
GCCCTCAGATGACATA,1179
GCTTCTCACTCAAGTG,1179
TAGACATAACACAAGC,1179
TAGAGCAACTTCGATA,1179
TAGCAATTATGGAGGA,1179
TAGGCTCGAATTCACT,1179
TATCATAAAAAATTTA,1179
TCGCTGTTTCGCGTTC,1179
TGCGGACAAATAGTGA,1179
TTATAGCATACACGTA,1179
ATGGTACGACTGCTGA,1178
CAAGAACAAGTGAACG,1178
CTCCTCTTATATTAGA,1178
CTGTTTCATAAGTCAT,1178
GAGAAAAATCATCGCT,1178
GGAAATTACGAGAGAA,1178
GGATATACAATTAATA,1178
TCATATGACGGGACCT,1178
TTATTAGCCGGAACCG,1178
AAGCCCTCACCCATAA,1177
AGACACAAGACTCCTA,1177
CAAGGAGTTTTTTTCA,1177
CAAGTGACCGCCACCA,1177
CGCCAGTAAAAGCGTA,1177
CTAATTGATGAAATGA,1177
TATAGTCAACAAGTCC,1177
TCACGGCAAACCAGTA,1177
TGTCCCAATGCACATA,1177
AATGAAAATGATCGTA,1176
ACAACGATGACGCGCA,1176
ACGGTATAAACATGGT,1176
AGGCTCACACCGAAAC,1176
ATATCTAGCAGATCTG,1176
CAATATACTTATTATA,1176
CGGTTTAATAACTCAC,1176
GAACCATTTGGCAATA,1176
GTACTTCTGCTATACG,1176
TAATAGCGACCTTTTC,1176
TCGTTTTACGCTTAAA,1176
TCTTGACAGATTAGCA,1176
TTCATGGATATAATAG,1176
TTGTGACGTACGGGCC,1176
AAAACACTCGCTGACG,1175
AAAAGTGCTCAGTGCC,1175
AAACCCCTAAAAACAG,1175
AAGAATCTCCAGACTA,1175
ATCTTTGTTTATATTT,1175
ATGCCTCAAGGACGGA,1175
CAACCTCAAAACCGGC,1175
CCTCCCGATATATATC,1175
CTATATCCATACAAAA,1175
GACATAATCGGAAGAA,1175
GGTGCCAAACGCATCT,1175
TACAACAGTCGAAAAG,1175
TACATCTACCACCAAC,1175
TGCGATAACAGTTGGG,1175
AAATCCTTATCAACTT,1174
AGAAGCCGTTTTAGCG,1174
AGTGTCAGTCAAAGGA,1174
ATCATTGGTACAAATC,1174
ATGAAAGTTACCAGCC,1174
ATGTCCTTCAGCATTA,1174
GATAAAACGGTCGGCA,1174
GCACCAAACCCCACAT,1174
GCGTAAACGACTAATA,1174
TCAATGACATAGTAAA,1174
TCCAACATAAAACCCA,1174
TTACGACATTTAATTC,1174
AAACCAAGTCAGGCAT,1173
ACGCTCGAAACCGAAT,1173
ATCAATCTAAAGCCAT,1173
CGTCAAAGTGTAATTA,1173
CTCCTGCCCGTCTCAG,1173
GAGACAGGATACAAAC,1173
GATTATTACCGATCAG,1173
GATTCATCAATTACCA,1173
GCAAAGCTAAAGGAAA,1173
GCCAAAAGCCCTTCAC,1173
GCGAGCCTTTCAAGCT,1173
TAATAGTACCACATTA,1173
TTAACCGTCAAACTAA,1173
TTACGCAAAACTGCAA,1173
TTCCGCCCTAACAAGC,1173
AATCAAGTAAAACCGA,1172
ACAAGATACCTAAAGA,1172
ACCTTGACACGGCACG,1172
ACGCGATTGCATATAA,1172
AGTTTCCGAAAGAATC,1172
ATATCCCGTGTCAACA,1172
CCTAATCGACCTGAAA,1172
CGCTACTGAATAACCT,1172
CTAGCGAAGAGCCGAT,1172
CTCACCTTCAGAGTTA,1172
GCTAGTTTAAATTTAC,1172
TGAGACTCACCCATGA,1172
TTAGTCCGGACGTGAT,1172
AAATAACTGTGAACCA,1171
ATCTGCAGGAAACTCT,1171
CCACCCTGAGTACTAC,1171
CTAGACCGAAGAAGGC,1171
GACCCTTAACAGCAGC,1171
GCAAGCCTAATCGTCT,1171
GCACAAGTAGGTGGAC,1171
GCATGCGTCAGTGTAA,1171
GTCATTAGTATACAAC,1171
GTCGAATATATTAAAA,1171
TGGAGTTCACGCCAAA,1171
TTTTATGATTCTGACT,1171
AATACATCTAAGAAAT,1170
ATCACAATTGTAAAAG,1170
ATCTCACTTCATGGAT,1170
ATGAATAAGGTCGTTC,1170
ATGATATAATGCATAG,1170
ATTTATCTACTTGGTG,1170
CAGAATAACTGACCAT,1170
GACCTTCAACACTTAA,1170
GAGACTAGATCAATCG,1170
GCACAAAACCCAGATC,1170
TAATGGATCTTTTACC,1170
TGATGCCTTTTGATTA,1170
TTAACCAAATTTATAG,1170
AAGATACCAGAATCTT,1169
AGCCTATATCAAAAAC,1169
ATACAACAATGAAAAG,1169
ATCCCCAATTAAAACA,1169
ATCGCATAAAAGAGTT,1169
CAAATCCTCCCCAGAC,1169
CATATACCCGCCAGAG,1169
CTATGAACATGTAGTG,1169
CTGCATGAAGGTCTTA,1169
GATGATATTGCAGAAA,1169
GATTCTCATTACAACA,1169
GTAATCATATCAATAG,1169
TAATTAATCAGTACCA,1169
TTCGATTAGTTTAACA,1169
AAAAGAATCAAATCAT,1168
AAAGATAAATTGACCA,1168
ACACTGAGAATACCGC,1168
ATCGTACGTGAGACCG,1168
CATGAAACCACGAGCA,1168
CCAGCATATCATAGAG,1168
CGGTATTGGTTAAAAA,1168
GAGCGAACATATAACT,1168
GCACTCATGATACTCT,1168
AAAAACCCTTCCTGAT,1167
AAAAACTGCACCATAG,1167
AATTTAAGAGTCAGGA,1167
AGGCTCTAACTGTAAT,1167
ATGAAATTATTGCCAT,1167
ATTATAAACACCAGAC,1167
CAACCATACAGCAGAC,1167
CAACTCAACGCCACAG,1167
CTTATAGCTTGAAAAC,1167
GTGAACTGATATTTTA,1167
ACTAACAAGGGCATAT,1166
AGTCCCGTCTTATAAA,1166
AGTTGTCTATGACCCT,1166
ATAAGTAAGGACAAGA,1166
ATGCAACCACTCAAGA,1166
CGATGACGATAAGAGC,1166
CGGAATATACCGGGCA,1166
CTTCTACTCTTATTCT,1166
GTTACCGCGGGCATAG,1166
GTTTGAAGGGATATAT,1166
TCCAGCCAAACAAGAA,1166
AAGACAGTATAAGGTA,1165
AGAATACCGACATCCA,1165
AGGACTACATAACAGA,1165
ATGACATTGAGTTAAC,1165
CAACGATCAGAATGAA,1165
CAATAACAGTACTCGC,1165
CATATAGCCCCCCCGC,1165
CCCATCTAGTAGGCAG,1165
CCTATAATGATCATAT,1165
GAGGACGACGAAAACT,1165
GAGTCAGTCTTTAGCT,1165
GCTTAATACAAATATC,1165
GTCGCTAATAATTCCA,1165
GTCGTAAAACCAAAAC,1165
TACCAGCTGACGGAAA,1165
TCAGCTTAACGATGTA,1165
TGTACGAGAGAGAATC,1165
AAGAGAGCTACACAAA,1164
AATTAATAGCAGCATT,1164
CTGTATGACGAACGAA,1164
GAAGAACCCAAGTAAT,1164
GCTTGCGCTAATCATG,1164
GTTATAACTCATGGAT,1164
TAAGCCAGGAAAATCT,1164
TCGCTCTATTAGCAGA,1164
TGGGGAACTTCAACAT,1164
ACAGGTGCTAACCCCC,1163
ACATCACGCAATACGA,1163
AGAAATAAAAACATGT,1163
AGCGCTCGTCGCGATA,1163
GACCAAATCATAATGT,1163
GATTTTTATGCATAAA,1163
GCTGATACACTATTTA,1163
GGAACACAAGTCTTCG,1163
TAACTGCTCCAGTAAT,1163
TAGCCGCACTCACTAA,1163
TGCTTAAAAAGAACTT,1163
AACTTGATTTCATGCG,1162
ACATCAGAGCAGGTAA,1162
AGTATTAGTGGCTTAC,1162
ATCTGATACTTCCAAA,1162
GCCAAAAGCCCGCACA,1162
GCGCTGATAATTTTAC,1162
GTGAAAGGCTCATAAG,1162
TATTCCATAAACCGTA,1162
TGCAACATGCCTAAAT,1162
TGTTACCCTTAAATCT,1162
TTAACCGACCATAGAC,1162
AACACGCTTAGGGGTC,1161
AATATACATTCGAGCC,1161
AATCTTATGAGCTAAG,1161
ACGCCCAAAGGAACTT,1161
AGAGCCTTTTATGACG,1161
CAGAACGTAAATATAA,1161
CGAAAACTATAAGTCT,1161
CGAGAGAAAAGGACTT,1161
CTTGACTAAACGGTTT,1161
GAATCCCAAATAAATC,1161
TGAGTTTATAGCGTAC,1161
TGGTTTGACCATATGT,1161
TGTGCGGCGCTCATAC,1161
TGTTAGTAGTCTACCC,1161
TTATGACTCTGACCCA,1161
AAATCTGAGAACAGCT,1160
ACAAGCCGAACACATC,1160
ACCAGATCCATCCGAC,1160
ACGGGCATATAAATAT,1160
CATACAAGCCGCAAGC,1160
CCACGCCATACACACT,1160
CCACGTCTTTACAAGA,1160
CCAGGCACTGGCAAAA,1160
CCTAGTCTTACAACCC,1160
CGTATTATCAGTGTGC,1160
CTACTATGCGATTTAT,1160
CTCAGACTAAGCCCGC,1160
GGAAGCGACAGACCAG,1160
GGCACACTAAGATTGA,1160
TTATTTACATAAATAC,1160
AAACCTCGAGTGGGGA,1159
AGCAAACGCTATAAGT,1159
ATCCAAAGTAACAACA,1159
CAAATCGAATACTAGA,1159
CAAGAACTAGCAATTA,1159
CACCTTTTTCTAAAAT,1159
CGACCGGGTAATCATC,1159
CTATACCATCATAAGA,1159
GTATTTATTCTAGGCC,1159
TAACTTCATAAAACCA,1159
TCAACCTTACATAACC,1159
TCTAAATATACCTTAA,1159
TCTGAATGTCAGATGA,1159
TGCCATAAGATTGACG,1159
TTATAGCCTGTCCAAT,1159
AAACGGTTGACCACTT,1158
AAATTTTCAGCAGCTT,1158
AACGAGTACATAGGGG,1158
ACGGGCTACAAATCGG,1158
AGTAGCCGTCAAATCT,1158
ATGCTCGTATAGTGAA,1158
GAAGTACGACACGACT,1158
GATAAACTTTTAATAA,1158
GATGTCCATGGGGTGG,1158
GCGGGACAAAATCCCA,1158
TAACCAAACTCAACAG,1158
TCACTAGCTAATGCAT,1158
AACGACACCCTATTCC,1157
AATATCAAAAAAATTG,1157
AATCTTTCGCATCAGT,1157
ATTGGACACCTCGAGA,1157
CATATGATATTAGGAA,1157
CCAAATCGTCACACAA,1157
CCTACCCGATCCCTAT,1157
CGTACACATAGGGATA,1157
CTCCGGGCCATTTTGA,1157
GAAACTGAAAGTTTTG,1157
GGTACAAAATTCTGAT,1157
TAGAGGTTATATTGCA,1157
TGCTATTAGAACGTAC,1157
TGTCAAGCACAGGAAT,1157
TTCCCATCACTGTGAA,1157
AATTGAATAATAAAAT,1156
ACACAAACGCATATCA,1156
ATCACTAGTACTAGTA,1156
ATTTCATACAAAGACA,1156
CCATAGACTCTCACCC,1156
GAGAACGTTTCCTATT,1156
GATGTGAAGTGTCTTG,1156
TCCACTGAGTTATATT,1156
TTCCAGTACATGCGTG,1156
AACTATTGTTAAACCC,1155
AAGCCCACACACAAAG,1155
AAGTATCCTCATATAA,1155
AATAAGACGATGATAG,1155
ACCGACAGAAATCGTA,1155
ATAGAAACGCATTTGT,1155
ATCTAAGCCTCGTACC,1155
ATGCAACAGAAATTAA,1155
ATTAAAAGTTACGGGG,1155
CAAAAAGCAACGATAG,1155
CACCTACTATATTTAG,1155
CACGTTGTGTTTAAAC,1155
CATCTTACCGACCTCT,1155
CATTATATGGCAGGCA,1155
GGCTATAGTACAACAT,1155
GTCGACGCAATACTTT,1155
TATATAACCCGTCACG,1155
TCTCGAAATTAGATGG,1155
AACGACCTAATTGGAA,1154
AAGAGTTGAAACATCG,1154
ATTACGCTTTTCACCG,1154
GAGACTCTAGACCTTT,1154
GTCGAGGGATTCCGAG,1154
TACTCTGTATAAGGCT,1154
TATCATCTATTCGAAC,1154
TTAGCGACTCTCATAC,1154
TTCTAGTCAAATGGTT,1154
TTCTAGTTGCTACCCT,1154
AACGATGCTTCCACCG,1153
AACTACTCCATAAAAC,1153
AAGACACACCCACGAT,1153
ACTCGCGAATCCATTA,1153
CAATTTGCCCTACCTC,1153
CACTGAAACCCACTAT,1153
CATAATTCGTGACCAC,1153
CCGGCACCTATGATGA,1153
GAGTACTGCCGTACAG,1153
GAGTGCACGGGGTGCA,1153
GATAGGAACTTTCAGA,1153
GATCTCGCAATTAACC,1153
GCACTGCTTGTAAATC,1153
TAAAACCTGTTTTTAT,1153
TGCGAAATGTTAGAAG,1153
TGGGACAGTGGCACGG,1153
TTGAGAACCTGACCTC,1153
ACGTAACAACGAACTC,1152
ATTAGTCATGACGCGG,1152
CGCTAACATAGTATAG,1152
CTCGAACCCAGGAGCA,1152
GATGCTTTATGCTGCT,1152
TGACAATGAGCCCAGA,1152
TTACATCTATGCTTTC,1152
TTATATATCTACAAAC,1152
AAAACACTATCATCAG,1151
AATTGATAGGCTTTAT,1151
ACACAATGTATAGAAT,1151
ACCCAATACCAGCACA,1151
CAGTCTCCATAGTTAC,1151
CCCATCTAATGGGACC,1151
GAGAAAATAGAGCGCC,1151
GAGGAATATCCTGTAA,1151
TAGAATTGATCCGCTG,1151
TCCCAAAACAAACATC,1151
TCCGTTTAGAAACTCC,1151
AACTGATCACTTTCCT,1150
ATTAATAAAAAATCAA,1150
CAGTGCCTCATTAGGA,1150
CGAAAAGCTGGACTAG,1150
GGACACATATATCAGC,1150
GTGCTATGGTATTCAC,1150
GTTGTATTATTCAGAC,1150
TCTGAGTGAATTTACT,1150
AAAAAGCATACATTGA,1149
AATACGCACGAAGATC,1149
ACAGTTGGTAAACGGC,1149
ACGCAAACTACACAGC,1149
AGCTCTATAAAAGTTC,1149
AGGACCTAACCAAAGT,1149
CAAGAAACTATTGGTA,1149
CCAATCGATTCGCCTG,1149
CCACACAGCCTATGAA,1149
CCCTTAGATTTGACTA,1149
GAATGAGTACAAAATA,1149
GCCAGGAGGTAATGGC,1149
GGCACTGGAAAGCTTA,1149
GGGTAAATTACGAATG,1149
GTAATAACAAACCCAT,1149
TGATTACGCGAGAGTG,1149
TGGCACTCAGTAAATA,1149
TGGCGGAATGAAATTA,1149
TTATCACCATTAATAA,1149
TTTTCACACAAAGTAC,1149
AACATATCGCGAATAA,1148
AGATAGGGCAAAAGAA,1148
ATCATTCGGCACCACG,1148
ATCGATACTGGAATAC,1148
ATGAAGCATATCTTGA,1148
ATGTTCTATGCCAATC,1148
CCAAAAGAAACGCTAC,1148
CTAGCATAATAGTACC,1148
TAGAAGCAGTAATTTG,1148
TATACCCAACTATTAA,1148
TATCTTGTCCTAGACT,1148
TCAACCGGGAGCAATC,1148
TGTGACACGAACGCAC,1148
TTATCATACAGGCGCC,1148
ACAATTACGCAGGGTT,1147
ACCCCAAAGACAAGAA,1147
ACCTTACACAACAAAT,1147
ACGGTCAGATAACGCT,1147
GCAGACGTACCGTGTT,1147
TAGCCCATTTCCCGAT,1147
TCAAATTAAACCAATC,1147
TCTTCGTTATGCACGG,1147
TTTAAAGATTATATAA,1147
AACATTGGCCCAAACT,1146
AACTTTAGCACAATAA,1146
AATTGAAAACGAATAA,1146
ACAAGCTCCAACAAAT,1146
ACAGAATTCGACCGCC,1146
ACTCATTGAGGTATTT,1146
AGCTGAACGGCGTCGC,1146
ATTCGGGCTTTCCCTG,1146
CATACCATTTCGAACA,1146
CATGCGGAGCACCGAC,1146
CTACTTGACAGACCTA,1146
CTCTCAGTATTAAGTC,1146
CTTTGTGCGCCTAATT,1146
GTCATCTAAACGTGAC,1146
GTGGTAATCTTTCCTA,1146
GTTCCGATTAGCGGGC,1146
AAGGAAGCCATGTTGA,1145
ACCACAATAGTATCAT,1145
CACGGAACAAGATTGA,1145
CATGATTTTAGGAAAG,1145
CTGAGTTCCCCACGCG,1145
GATTGCTAACTCAAAC,1145
GGAAGGTTAACAATCT,1145
GGGTCAACGCTCTAAG,1145
TAGTGTGTAATAACGT,1145
AAACCAGCAACAAGAA,1144
ATACATACCTTATGCC,1144
ATTCGCGACCAGCAAC,1144
CGCCTAAACGAAGTTT,1144
CGTAATTCTATATGAA,1144
CGTAGAAGTGTTAACG,1144
CTAGACGGTCCCCTGG,1144
CTGAGAATTCCATAAT,1144
GCCAAAAAGAGGGTTT,1144
GTCACTCAAAAACTAT,1144
ACGAATGATTGTCAAC,1143
ATAAATCACCCCAAAG,1143
CAACCAATAGGTGTAT,1143
GAGAGCTTCAAATGAA,1143
GCTGGTAACGTATAGA,1143
GTCGCACATAAAGGAC,1143
TTGACTTGCAGAGTAT,1143
AGAAGTCACCTCTCAG,1142
AGACTTGCTGGGTTCG,1142
ATAATTGTAACCGTAC,1142
CGAATTGTTCAAGAAA,1142
CGATCTAACAAGATAG,1142
CTCTAAAAATTGACCT,1142
GACGGAACAAGAGCGA,1142
GCCGGTAAAAATGACG,1142
GCGCTGATCCACCAAA,1142
GGTACAATTAGCTAGG,1142
GTAAACGCTTGTATAT,1142
TAGAAGATAAAGGAAG,1142
TCCTTATGGGACCCGA,1142
TGTGATAAAGATGAAC,1142
ACCACATATCCGAAGG,1141
ATACTAACAATATAGT,1141
CATTGACGGAACAGTA,1141
CCTTCAAGAATGTAGC,1141
CGACGTGATAACCCCC,1141
CTTCCAGTCCTTTAAT,1141
GAAGTTTAACAACGGC,1141
GACATGAAAAAACGTT,1141
GCACCCCCATAAACTA,1141
GGCATACTGAAAACCA,1141
TAAGGTGTACAAAGAA,1141
TCTACATAATTAATCT,1141
TGTTCAATTTGGTGAA,1141
TTCGGCAAGACGCTTC,1141
AACAATGAGACAGTAA,1140
AAGAATACCGTGACTT,1140
AATAAAAAAGATTAAA,1140
AGATACACGTTCCAAG,1140
CAACTCCTACTCACAC,1140
CACTACCCGTGTACAC,1140
CATAAATTCTAAATAA,1140
CCTTCAGCGTGTTTGG,1140
GACCTCAACGTCTACT,1140
GAGTACAATGGTAAGC,1140
GGAAGACTCTAACCAA,1140
TATACCGAGTTACCGT,1140
TCACGACTAGTTTAAT,1140
TCCTAGGATTCACTGT,1140
TGAGCAAAATCGAACT,1140
AAGTTGGACAGGTATA,1139
AATGCCTTTTCTATTT,1139
ACCAAGGGGGTTTACT,1139
ATGATCGTCTGTGAAT,1139
ATTACCGTCACTAGAT,1139
CAATCAGACCCTATAT,1139
CGGTCAAAATGTACTC,1139
CTATGATCAGCCGGTT,1139
CTCTATAGTAATAAAT,1139
CTGACCTGCTAACCAG,1139
GACGGCACTGCTTGAA,1139
GATCCGATAAACTCTA,1139
GGCGCATTCTAATGTA,1139
TAACTGCTACTATTAA,1139
TACAGACTGAAGACAC,1139
TGAATGGGAACACCAG,1139
AATAGAGACACTAGCA,1138
ACATTGATGTCAAGAA,1138
AGCGTGTCTACACATA,1138
ATTTGGGACCCTGAAA,1138
CGGAATGCGTTTTAGA,1138
CGTAAGCAATAAACCC,1138
GATCCATATGCACTAA,1138
GCAAGTAACGACTATC,1138
GCATTAATCACAGGTA,1138
GGCGACACGGTTGGAT,1138
TAAAATCAACGAGATT,1138
TCTCTTCAAGTCCCCA,1138
TTTTCGTACACACATA,1138
AAAAATTCGCGTACAC,1137
AAAGAGTTAATTAAGC,1137
AAATGATACGGAAATA,1137
AACGAACGTTATAAAA,1137
ATCACTATTGCAACCA,1137
CACCAAGACACGCATG,1137
CCTAAGACCTTATACT,1137
GACAATACACCAAATA,1137
GATACTACATCTAAGG,1137
GATGAAGTATAAACAA,1137
GGCATCAATATAGTCA,1137
GGCGTCTAGCCGTTTA,1137
TAAACTGAAGGCTAAT,1137
TAAATGTACATTCCTC,1137
TATCCGAGGGATTGCC,1137
TTACGGTTTTACGGGG,1137
TTTCAAGGAACTAATC,1137
AATAAAGCCAACCGTG,1136
AGTGAAAATGCCAATG,1136
ATAGATACAACAGCGT,1136
ATATTATTATCATCAG,1136
ATATTGCTAAAGATAC,1136
CAACCCAAGGAAATTC,1136
CACGGCTACTATTAAT,1136
CCTAAAGATCCACGAC,1136
CTAAGAGTAAAATCAA,1136
CTCGGGCCATCGTACT,1136
GTTCTTGAAACTTCAA,1136
TACCCTACACGTAGTG,1136
TTTCTAATAAGGGTCT,1136
AAACAAAGGCCAGAAT,1135
AAATAACAGCGTTACG,1135
ATACCCAAAGTAAGCA,1135
ATATAGACATTGAGAG,1135
ATTACTGAACAAGCTC,1135
CAATAAGAACCCTCCC,1135
CACGAGTGTATATGAC,1135
CGAACAGTAATGAAGG,1135
CTTCATACAAAAATAT,1135
GCGGCCAACTGTAACA,1135
GTAAGTGATCCGAAAA,1135
GTATCCTCGTTGAACC,1135
GTCACTATTAAGCATC,1135
GTGAGGTGCTCAAACT,1135
TAAACACACCCCGAAC,1135
TGGATTCGCATTCACG,1135
TGTTCTAAAATTATAC,1135
TTATAGCACTCACTGG,1135
TTCTGCATTTAAGATA,1135
TTTATGTTCTGCCATA,1135
AAGGCACCCTATTATG,1134
AATACAGAGGACCGCC,1134
ACTATGATGTCAACCA,1134
ATGTCTTGGTCACGGC,1134
CAGCCGACACGAAGCG,1134
CTACAACAGAAAAGCC,1134
CTCGACAATCGAAGCT,1134
TATAATGACAATAAGA,1134
TCACCGATAAACTTAC,1134
TCCAACGCTGATCTGA,1134
TCCGAAAACTATACGT,1134
TGGAGCTAAACGAATA,1134
TGGTAAACCCACTATC,1134
AATGAGTAAATGATTA,1133
CCCTAACGAATCCTTT,1133
GAAAATGTGCAGATTA,1133
GAAACCGAGACAAGAC,1133
GAAACTGCATAAACCC,1133
GGTGTTTCGGTAAGGG,1133
GTAGCGACAGGATCAT,1133
TCCAGGGATCCGCTAT,1133
TGAGAAACACTCTCCT,1133
TGTCAGCTGCGCGAGT,1133
AAAAAAATTGAAGATC,1132
AACACACTATGGAAAC,1132
AAGTCCGCGATCCCAC,1132
ACGGTATTGGCTACCT,1132
AGACCTAGGCCTGCTA,1132
ATACGTTCAGAGAAAA,1132
ATGGATTACTCTTCCG,1132
ATTCATTACATTTTAT,1132
CCTATTGGAGTAACCG,1132
CTCAAGTGATACCAGC,1132
CTCCAGTTTGTGTTAA,1132
GGACACTTAGTATCCT,1132
TTTGGTACAGTGCCCG,1132
AAAGGTTGTCTCTTTT,1131
AACAAGATCGACCCGA,1131
AAGGAGTTACATCGAA,1131
ACGAGTTACAACCTTC,1131
CATTATTGCTCGTCAG,1131
CGGGTTCATAAGGTAA,1131
CTAAATGTGACTATAA,1131
GACTAATTGAAAACAT,1131
GAGCCGTTCCCTATTC,1131
GCTCCTAAAGGGTGAA,1131
TCTCCTTTATACCTAG,1131
TGACAGTATGTAACTC,1131
TTATTTGCCGACTTTT,1131
AACCAAGAACTCTGCG,1130
ACACTCCGCGTTTCAG,1130
ACTACCCGCATACCTC,1130
AGCAAACAAAACGTCT,1130
AGTGCCTCCTCAAAAT,1130
ATCGTTTGCACAGAAC,1130
CATGATTCTAAACAAA,1130
CTACGATAAAACTAAA,1130
CTTTAGAGGTATACAC,1130
GAAGGTCATTTTCATT,1130
GAATAAATACGCCTAT,1130
GACGCACAATGGACCT,1130
TCAAACTCGAATAGAA,1130
TCACGATTGACCCAAA,1130
TGAATATACCTAAATC,1130
TGACGGCGATCGAGCT,1130
TTATTTCAAATAAAGA,1130
AACAATTGATAGCCCA,1129
AAGCAAAACCGTACAT,1129
AATACAAAGATCTTGG,1129
AATATGCACGGTACGT,1129
ACCAACGAAATCAGGC,1129
ACGTAGATCACTTATT,1129
ATATAAACATATGAAG,1129
ATGGAAATAATTTAGT,1129
CCCGCCCACGTAAATT,1129
CTTGCAAGGATCGACA,1129
GATTCAGTTTAACCGA,1129
GCCCTTGGTTATCCAA,1129
GTAACACAGCAAGGTA,1129
GTATGACGAATATTAT,1129
GTGACCATCCTCATAC,1129
TGATGAAAACTAGCCC,1129
AAATTTAAACCTTTAA,1128
AACTGCTAGATTAGCA,1128
AAGCTACCGAGCACGC,1128
AATCAAGCAAGTCCAA,1128
ACAGATATATGCTCCC,1128
ACCAGGGGCCAAACCT,1128
GAATGGTGAATAAAGA,1128
GCCTGCTGGCTTGAAG,1128
GCTAATAATTAGGTTA,1128
GCTGTCAGTGATCAGG,1128
GGTCGTATCATAATGA,1128
GTAACTAGTAACTTAA,1128
GTAGCGGTCTTGAGAC,1128
TATAGATTTATATCAG,1128
AAAGAATGTAGATGCA,1127
AACAATAGTAATCCCA,1127
AACGAGTGTGCGTTTG,1127
AGTAATTCGAAACCGC,1127
CCGCACGATAACCATA,1127
CTACAACTGCCGCCCG,1127
GACAATTGATCATATC,1127
GATATGCAAACATCTA,1127
GCCTCAAACTGCTTAG,1127
AATACGTGAGCTATGA,1126
ACACACAGGACCCCCT,1126
ATATACAATCAACCCT,1126
ATTCTATTTGTCGAAA,1126
CCGACCATCCTACCTC,1126
GAATGTTAACTCTCGG,1126
GAGCAACGGACGTTCA,1126
GCAGAGCATTGGCAAG,1126
GGCGGTGGGCGGTGCT,1126
TTACGATGCCGGAAAC,1126
AACAATAACAATAAAT,1125
AACCACATGAAAGTAA,1125
AGAATGATCTCAAACA,1125
AGACCGTAATGAAATT,1125
AGAGGATTCCTAGCGT,1125
AGTGCGATCATAACGC,1125
GCACTACTCAGGAGTA,1125
GCCAGAAGTGCGTAAA,1125
GCTAGTTGGGGTAAGA,1125
TAACGAGCGACTGGAA,1125
TAATGAATTAGAGATT,1125
TACACACTAAATCCAC,1125
TCAAACCCCTGGGTCA,1125
TCAGTTCATGAAATTG,1125
TGAAATCATAAACGGG,1125
TTAACTGGCGCAACCG,1125
TTATAGTTAGTAAGTG,1125
TTATTCAGCCATTAAA,1125
ACAAAATGACAATTCA,1124
ATATGAAAATGTGCCA,1124
ATCAGTATTATTATTG,1124
CCTCCCAGCAGCAACT,1124
GAAAATACCTTTGTCA,1124
GAGAGCCTCAGTTCGT,1124
GCAAAGAAATTAACAT,1124
TGAATCACCTTAATGA,1124
TTATTGAGACTTACAC,1124
TTTTGCGATTCCACCC,1124
AACATGACACTTTAAG,1123
AGATCCAATAAGTATC,1123
AGTAGTTAAAATATAC,1123
ATTAATTTGTTTCGCA,1123
CAGCGGAAAAACGCAA,1123
CGAGCACAGATACAGT,1123
GATCGAGCCGATGGAA,1123
GATCTGAACCTAATGG,1123
GCAACGCTCCACAAGA,1123
GCATCATAAGGTCCCT,1123
GCCCATTCCCACACAG,1123
GGGTTCTTTCGTTTGC,1123
GGTGGATCACCCATCG,1123
GGTTCGGACACATCAA,1123
GTTGCGACTGGGGTTT,1123
AAAAGGTAACACAGTC,1122
AACTATTGCTAAGGCA,1122
AAGGTACTGACAAATG,1122
AATGGAACATTAAGTC,1122
AATTAAAAGAGACTGG,1122
ACACTTCCACCATATT,1122
AGAAGCATCAGAGCAA,1122
AGATAATTTATATAAA,1122
CATGGTAAATGCAAGC,1122
CCTTACTGAGTTGGCA,1122
CGTAATTCAGACCCAT,1122
GAATGTGGATTTCAAA,1122
GACCAGGAAGCAATAC,1122
GATCTATCCGCAGGAG,1122
GCTTGAGGACATTCCC,1122
GTAATATGATCCCTAG,1122
TACGTTCGTAAATGAT,1122
ACTGACTTCGATATCA,1121
ATAAACTCCGAACGCA,1121
ATACAAAGGATTAGAT,1121
CAAAACTCAGTTAATA,1121
CACTCCAACATATACA,1121
GAAGCAATATCTGCAT,1121
GGAAGAAGTAAATGCT,1121
GTGACATAAAAGTGGA,1121
TACCATTCTCTTAGAT,1121
TCGAGGAATAGAGTAA,1121
TCTATAATAAATATAA,1121
TTTAAATACACTGAAC,1121
AAGGACGTCGGAAAAT,1120
AAGGCACAATAAGATC,1120
AATGTACGATACACTT,1120
AGACACGAACCTAAAT,1120
AGTAAACTTACAAAAC,1120
ATAATGTCCTCGAACG,1120
ATCAACCAAGACACCT,1120
ATGCGAATATTAACTG,1120
ATGTCCGATAATTTGA,1120
ATTTAAAAGTAATAAA,1120
CAGGACTCAGAAAAAG,1120
CCCCCAGGAAATTACT,1120
CCGGAAAAGAACTTTT,1120
CTTCGATATTATAAGC,1120
GACTCTGCCCCTATAC,1120
GCACCTACAACCAGTA,1120
GGTCAAATTCAACTAA,1120
TAAAGATCGAAGACGA,1120
TACATAAATAATCAGG,1120
TACCATAACACCAGGA,1120
TAGATCTACATAAAAA,1120
AAAGACATCCACTAGA,1119
AATAACCGCTTAGCCG,1119
AATAATACCAAACCTC,1119
ATAACTAGAGGCAGGC,1119
ATACACTAAAAATAAA,1119
ATAGCCAGACAAAGTA,1119
ATGTCGGCGAACTATT,1119
CACGTAGTCGAATTTA,1119
GGAAATATATCTACAA,1119
TAAATCCATTGACCCT,1119
TACAATCAAAAGGGAC,1119
TCCCAATAATAAGCAA,1119
AAAGATTATTTGGACA,1118
AAGTTATGAATATAAG,1118
ACACATGATAATCACT,1118
ACCATTCGTAAGACAT,1118
ACTACTAAATCGAGAT,1118
ATACTACATGATGCAC,1118
ATTTTCCAAGAAGTTG,1118
CAATACTGACTGCACG,1118
CGGTAAGCTTATAAAG,1118
CTCGAGGACCTAAAGA,1118
TCCTACGAAAGGCGAC,1118
TGAGAACTAATAAGTA,1118
TTAGTATCTAGGATGC,1118
TTATAAATGATGCTTA,1118
TTGCATAAATAAGAAA,1118
TTTTAACGATTCCCGA,1118
AAAACTTCATATATAG,1117
AAACTCGGAATCGTCA,1117
ACACAAATTAAGCGTC,1117
ACACAGATTACCGTCA,1117
ACATTGAGCAGACAAA,1117
ACGGTTGATCTTGAGT,1117
ACTAAAACTCACAAAC,1117
ACTAAGAACCCATTAA,1117
AGAACGTAAAAATCCT,1117
CAAAAACATGGCCATG,1117
CAAGGTGTCCGAGCAT,1117
CACTTGTACAAACGCA,1117
CAGGTGGCGAGGAGTT,1117
CCATAAAGGGAGAAGT,1117
CCGAAAGGCCCAACGT,1117
CGTAACCTGTGGCAAG,1117
CTATTCGATGTCTGCC,1117
CTGCTACTACGTAATG,1117
GACTGCGCAACTATAC,1117
GTTACAAATAATCTAC,1117
TTCTGCAGACCCATAC,1117
TTTATAAAACGCCGAT,1117
AAAATTGGATTCACTC,1116
AACATTTACGCATCCC,1116
AATATAAAGATAGCGT,1116
ACATAGCAGCTCAAAA,1116
ATCCGACATTTTTACG,1116
ATTCTTAGGTGAAAAA,1116
CTAAATTTCACATAAC,1116
GTCCTGAAAACCCCAC,1116
GTCTCTTCTTCTCTAA,1116
GTGTCGAAGACCCTTA,1116
TACCCACAAGACTCAT,1116
TTTAAGACAAAACTAC,1116
ACACGAATACTTACTA,1115
AGCCCTTCAACGGACG,1115
ATGCCAACAAGTAACC,1115
CAAATAGACAGGATCA,1115
CCTAATATAAAGTATA,1115
CTAAACACGAGATACA,1115
GTAAACGCAGTCCTAG,1115
TATATCAATCCTTTGG,1115
AATCTTTTAGAATGGA,1114
AATTCCAACAACAAAA,1114
ACCCCTTAATTATCTA,1114
ACTGGATCAAGATTAC,1114
CAAGACACGTATCAAT,1114
CATCAACAGCTTTTCC,1114
GAAAATTATAAAGGTA,1114
GATAAGATGTTAAAAT,1114
GCTACATAACCAAAAC,1114
TAAAAGCCAAATGACA,1114
TGGCGTAACAGATTTA,1114
TTTAACTCGCCAACAC,1114
AAACAAATTCAAGCGA,1113
AAATACACACAATACA,1113
AAGGATGACCTGTCAA,1113
AATAGCGCTAAAAATG,1113
AGCGATCAAAGCTCAT,1113
CCAAGAGACCTTATCA,1113
GAGTAACAGTAGCTCA,1113
GCACTCAAGCAAATTA,1113
GCTTATATATTACAAA,1113
GTGATTTATACATGAC,1113
TCAACTCTCCGTTCAC,1113
TTGTACGATCTTGACA,1113
TTTGGCCGAATCCTAG,1113
ACGTGCTGTTACGAGT,1112
ATCTCAGTTTCTTTTA,1112
ATGCCAAGTTTAAACG,1112
CACAGCCTCTGACCCA,1112
CATAGGGCATGACTCG,1112
CTATTTCACCCCCGTG,1112
GAAAAGCAGCTATATC,1112
GGAAGCGGACTGTGAT,1112
GGTGGACCAGCCCACC,1112
GTAAGAACTGATTGAT,1112
GTCATGATCCATTGTA,1112
GTCGCTACAATTTACT,1112
TAAATGTTGGAGAAAT,1112
TGAACCGTCAAATAAT,1112
TGATTTATAAGAGGTC,1112
TTAAACGTTGTATAAA,1112
TTCGTATAACTCCGTA,1112
AACGGCATGAGTATAA,1111
AATTACAAAAAAAATG,1111
AGACTTAAGGTGAACA,1111
ATCATAATTATCTAAT,1111
CAGAAGATAAAATACT,1111
CAGCATCCCTAACACT,1111
CTGTTACTTCAACAAA,1111
CTTTGCAAGCTTACCT,1111
GAGAACCGTTGATCGC,1111
GTGGATGGATAACACA,1111
TAACATGACAAAGGAC,1111
TAACCTAGCGCAACGG,1111
TCTATGCTCCGAACCA,1111
TGAGAACTACTTCATG,1111
AATCCACTAGATGTAC,1110
ACAGTACAGTGCACAG,1110
ATCCGCAACGGCGCTA,1110
CCTAGCGTTGTCAAGG,1110
GAATACTTAATAATAA,1110
GACTACTATTTTCAGA,1110
GCCCAGCCCATGAAAA,1110
TAGAATCTAAAACCCA,1110
TATAACGTCTGTACGT,1110
TTTTACGTAACTTCAT,1110
AAAAACCCTCATAGCC,1109
AAACGAGACAATGCAA,1109
AAAGTCAGAAATCCCT,1109
AAATATCTCTACCCTT,1109
CACTGAAAAATTAATA,1109
CAGCCCGCGTGGATTC,1109
CCATACACGACTAAAC,1109
CTACGCAGTTAAAGAT,1109
CTATCAGTCGTATAAT,1109
CTGCAGTTCAGAGTAA,1109
GGGGGGCGGTTGATCC,1109
GTTAGTGAATCGGGCT,1109
AGATACTTACATATGA,1108
AGTCCAAAAAAACCAA,1108
ATAACAATTCCACTAA,1108
ATTTGTGTGTGTAAGA,1108
CACGTCCTTAGCCTTA,1108
CGTGAAGAAGAGCCGA,1108
GAGGTACAGATGAAAT,1108
TAGTAAGCATATGTAT,1108
TCGGTCACATAATAAA,1108
AAAAACAGCTAACAAA,1107
AAATAAATGTGCTAGT,1107
ACAGACTCCAATGTTT,1107
AGCATAAATGCAACGA,1107
AGCTCGAGCGCCGGAG,1107
AGGTAAAATGTATTGC,1107
CACCACGAGATCCCTA,1107
CATACAAGACATAAAA,1107
CCAACACTAGTTCGGA,1107
CCCGCCGTATAAGATC,1107
CCGACAATCACACCGC,1107
CGCTTCTACTACAAAT,1107
GAACTTCGGTGTTCCT,1107
GAGGGAGATAGTTCTG,1107
GATCATAAATACTGCC,1107
GGTATCTATACAACTA,1107
TAACCTATTAAATAAT,1107
TAAGTACATCACAAGG,1107
TCCTCATCTAAAATTT,1107
TGTAATAACTCCCCAT,1107
TTTAACGGCTAAGGTA,1107
AAAGGGTACATAATCA,1106
AACGAAAGGAACAGAC,1106
AAGTATTCCAGGAAAC,1106
ACGAGCCGTGACCCGG,1106
ACTAAATAAAAAGTGA,1106
AGCAAACCAAAGTTAT,1106
CAGGCGCATTCGACCT,1106
CCTCTGAAGTCCGACC,1106
CGCTTTTAAAACCTTT,1106
CGTAAACAGACAAAAT,1106
CGTTTGCCGCTGTTAA,1106
CTATGAGAACATAACC,1106
GACGAGTCTAGTTATA,1106
GTCTTTGCGCCATGAT,1106
GTGCATCGCTGAATAG,1106
TAAGAATATGCGTTGC,1106
TATCAGTCTCAGCTCG,1106
TGCGCGGGGCCATGAA,1106
AATGCAAAGGGTATTG,1105
ACGTCACGTTGTACCA,1105
AGAAAATCAGAGAAAT,1105
CAAAAAGCAGTAGTAT,1105
CACGGCGCCTCTATCA,1105
CATCTGTAATCTAGCT,1105
CTAAGAGATTAGAAAC,1105
GAAGTTTCTGAAATGA,1105
GCTTATTCAATTTATC,1105
TAACCCTGACAATTAA,1105
TATCCCAGCTAGATCA,1105
TTAAAGCTGCTGATAG,1105
AGAGGATCGACACCAA,1104
AGATAATAAAAATAAA,1104
AGTAGGCCTAGCCCAC,1104
CACTCTATCTAATAAG,1104
CCAAGACTTAAACTTT,1104
CTGCGATACTGCACGC,1104
TAACTGGCTTCTGGAG,1104
TATTATGATGCAGTTG,1104
TTTGGAGATCAGGAAA,1104
AATCGCCTTCTATAGC,1103
ACAATCATAAAGTTCG,1103
ACTTACAACAGGCTGC,1103
ATTGTTAAAATAAACA,1103
CAATTGTTAATCTTAA,1103
CCATATACTCTAAACG,1103
CTAAGAGGTACATATA,1103
GAATTAGTAAATTATA,1103
GTAAGACTACATGATG,1103
TACTAATACCAGTTCT,1103
TGATTCGTTGCTCTAA,1103
TTTCTAATCGTCACAA,1103
AAACTTCCCAAAAGCA,1102
AATATGAGACATGTCT,1102
ACAACACAGTCAATAC,1102
ACGAGCAACATAGACC,1102
AGAAGCTATGATGTTG,1102
AGACACTCCTGCCGAC,1102
ATATGTCCACAGAAAA,1102
ATGAATCGACCGGCAG,1102
CGGGAGAGAACCGGGC,1102
CTTGCATTTCATATAA,1102
GATAAATCGTGACTGA,1102
GCGTTATGAGCTAAAT,1102
GGAAGGAGTATGCGCC,1102
TAGTACAACATTCAGA,1102
TCCAAGCCTACTCAAC,1102
TGATTAGATATACGTC,1102
TGTTTCATCCAGAGAT,1102
TTGTCAGGCTTAAGAC,1102
TTTCTTCTTCCGGACA,1102
AAAACGTCTGCTACAT,1101
AACAATCACTTGAAGT,1101
ACTGACATCGATAATT,1101
AGCTACAGGACCAATC,1101
ATAGGAAACAACTGTG,1101
CACTTAAAGTAAATCG,1101
CCAGAAAACGACGGCC,1101
CCCCCCGAATTGTCAC,1101
CGTTTACTCAACCGAT,1101
CTTGCTAGAAGCAGTT,1101
GACACTTTGGAAACCT,1101
GGAGCCCAGCCCACAT,1101
TCCCGGTGAGACCCAA,1101
AACGTAAAGCTTCCAA,1100
AATTAACATATATAAT,1100
ACAACGGCCTAGGCCA,1100
ACATAGAGTCCATATA,1100
AGAGGCTGCAAGATTT,1100
CACATACAATCTATCG,1100
CTACTGTGTTACGCCA,1100
CTCCTTGCAGTTTGAT,1100
GACCGCATATATCCTC,1100
GCCAATAGTGACATGC,1100
GGATCAGACTATGCTA,1100
GTTACTTGAGATAAAA,1100
TACAATGTAGTCAACA,1100
AAGCGTCAGCAACTCA,1099
ATTACTTATCGTGCAG,1099
ATTATAGACGTCCTAA,1099
CAAGAGTATACGGTGA,1099
CACCACTGTAAAACTT,1099
CGTCATAAACTGTGAA,1099
GTGATTGATGACAAGA,1099
TAACAAGAAACCGAAC,1099
TGACTCCGACGCTACA,1099
TGTCTACTTACCGCAA,1099
TTAGACAACTGTTAAA,1099
AACCAAAGGTTCACAA,1098
AACGACTGGATGACCG,1098
AACGGAATTAATAAAA,1098
AGTAGTGAAAATACAA,1098
ATCAGTAGAGGAACAG,1098
ATGAAAACAAGCGTAG,1098
GACACACAACAGCAAA,1098
GAGACAAGGCTCCCCC,1098
GTCCCCTTGGATACTA,1098
GTCTCCCAACACTTTT,1098
TACTCGTGGCGCGGGT,1098
TATCTAAAGTAACCTA,1098
TGGCACGGTAACTATC,1098
TGTGGATAAGATACGA,1098
TTTTATAAAATGTCAT,1098
AAACATAGATCAGTTA,1097
AAACTGGCATAAAATG,1097
AACTGCATTCAAATTC,1097
ACAATTAAGACTGACT,1097
CCTGTAACGTCTTTTC,1097
GGTGCATAACTACCAG,1097
TAACTAGAGTACTGCT,1097
TCACCGCAAAGCTCAT,1097
TCATTAAGAAAAGGGT,1097
TTACATCTTAAAACGA,1097
TTCATTAGACTAAGTG,1097
AACACTGTAAAGCTTT,1096
AACGTGCGCGTTTAAA,1096
AAGCAACAAGAAAGAT,1096
AAGCTGACACTCGCCC,1096
AAGGTAGGCTCCGAAC,1096
ACCAAACATATGCAAT,1096
ACCTATATGGGACAAC,1096
ACGCAAAATAATGAAG,1096
ACTATTATACTTTAAA,1096
CAACCACAGACCAGTG,1096
CCGAATGGCACGAAAC,1096
CCTAACTGTATCTACG,1096
CGATGGTAGTAAGACC,1096
CTGAAACTACCACCGA,1096
GCACTAAGAACAATAA,1096
GGGAATATTTTTGTGA,1096
TCCAAAAGTCACACCC,1096
TTCTATGCTAACCCAC,1096
TTGGTTGAAGGAGACC,1096
TTTCTAGGTACGAAGA,1096
AATTTCCGCTCTGCTA,1095
ACATAGAATGTACACA,1095
ACGGAGGCGTACAAAG,1095
ACTCTACACAGATCAA,1095
AGCATGTATAATATTA,1095
CAGGCGCCTTCCACGG,1095
CCTGACTCGTTCATCT,1095
CTCCCTCTAAAGGTAG,1095
CTTGCCTGCAAACATT,1095
GAAGATCCTCTAGCTC,1095
GTGCTTTGAAACTCGA,1095
TAACGTAACCATCACA,1095
TAGCTTAAAACTTTTA,1095
TTCTTGGAACAGGTGA,1095
AAAAAAGTTAGCTGTG,1094
AATACATGAACGGTCC,1094
AGACCGTGACATGCCA,1094
ATTAGAATTTGAGAAC,1094
CACGCTCACCTATGGT,1094
CCTATTAAATTGTGCA,1094
TGCAAAAGTTTACTTC,1094
TTCACAGCGCGAAATA,1094
AAATATATGAAATCCG,1093
AAGATAAAACTAAAGA,1093
ACAAGCAAGATCGCCA,1093
ATCAGTCAAAGTCGAC,1093
ATTTCTGCATCAAGTT,1093
CACAGCTATAAGCCCC,1093
CTATACACGGGTCACT,1093
GAATCCAAATGCTTTA,1093
GAGGCGTTTCCAATAT,1093
GCCCACTACATTAAAT,1093
TGCGCGGTCAACAATA,1093
TTATCGCCACTGAGAT,1093
AAAGGTATGAATATTT,1092
AAATTTATAGATGGCA,1092
AACAACTAAAGCAAGA,1092
AACGAACGAACTGATC,1092
AACGACTCATCATATT,1092
AAGCTGCTGACCACAG,1092
ACGATAGGCTTTCTAT,1092
ATTTGCGTCGATTGTG,1092
CAACAAGGTAACATAT,1092
CATACCTTCACGAAAT,1092
CTTCATCCCGATACGC,1092
GAGGGCCTATAAGCCG,1092
TCCTGCCGCTGTTAGG,1092
TGCACCTAAGCATCTA,1092
AAAACGGCACAAAATC,1091
AACCAGATTGACTGAA,1091
AACCATCGGCTAAACT,1091
AACTTTAACGTAGCCT,1091
ATTAAGTCTACAAATC,1091
CACGGACGTATAACAC,1091
CCACGGAGTCGTCCCT,1091
CCCCTTTTATCATAGT,1091
CGAACCCGAGTCTCAA,1091
CGAGTATATATGGGGA,1091
CTAACAGAAAATTGAC,1091
CTCGGATTAAAGGTAA,1091
GGAACTCCTTAGCCTA,1091
TAAGTTAATTAGTAGC,1091
TACTCCCATGTAAAAA,1091
AAAAGGAACATTGAAT,1090
ACATCAATAAAATTAC,1090
AGCCTATATTCTCCGC,1090
CAATAACACTAACTGT,1090
CTGGAAGATCGATATT,1090
GCACGTCCGTAATTGC,1090
GCTTAAAATAATCAAC,1090
GGATATGCATTGAGTA,1090
TAAGCTGATTATCATG,1090
TAGACCATACCGTAAA,1090
TCACTAAATACCGTTC,1090
TCGACAAAATAAGAAG,1090
AAAGAAGCAACTTTAG,1089
ACTACCAATAAGTAAA,1089
CCCGGAAATTATTCCG,1089
GAAAATAATGGCGTGA,1089
GAAATTTATCCGAAAG,1089
GAATAACAGCCAACTA,1089
GTATGGTCACACTCTA,1089
TAACGAGACCCGGATC,1089
TAGTAAGGGACAAGAC,1089
TGTACATAAAGGGCAT,1089
AGAGACTTGCGGCGCA,1088
ATCAAGACGTTACCGT,1088
CAATGAAATTCGAAAA,1088
CATTTCACTTGACTTA,1088
CGAATTAGATACAAAG,1088
CTACATATACCCCATT,1088
GCACTATGTACCTTCC,1088
GCCTCCTTCATAAAAC,1088
TCGAGAAGCGCGGATG,1088
TCGATCCATGAGAAGT,1088
TGCATTGAATAATGTG,1088
AACCAACAAAACCAAC,1087
AGACCATATTAAAGTT,1087
ATAGCCTACGGACAAA,1087
CCGTCACATGAACAGT,1087
CGGGCCATACGCCAAA,1087
CGGGTGACACAACCTA,1087
CTCATGAAAATGCTGT,1087
GCGAAAATCACACCGA,1087
GGTTGTAAAGTTTTAT,1087
TCAACGCGACCCCATC,1087
TCTACATATCCTCAGG,1087
TTATACTCTTTAGGAC,1087
ACAGTAAAAGGTGCCA,1086
ACGACAATCAATGCGG,1086
AGGTGCGTTTTACTAC,1086
ATTTGGTCCGCCCACG,1086
CCAAGAAGGCCCATCC,1086
CCTGAAACCATACGCG,1086
CGGAATTGGGCTGAAC,1086
GACAACGTTAGCTCTT,1086
TAAGATTAAATAAAAT,1086
TCTGGAATGTGACCAC,1086
AATAGCAGTAACTCAA,1085
AATCTACAAATTATGG,1085
ACAAATTGAATGGAAA,1085
AGAAGGTACCCGCGCG,1085
ATGACAATGAACCGTC,1085
ATTTAGCGCAAAAAAG,1085
CATACGACGTGCAACT,1085
CCGCACTAGTTTATAA,1085
CGGCAAGTTTAGAACA,1085
GAAATTCCGATCATCA,1085
GAGATTAGCTTAAAAT,1085
GCACCAGACCATGCGT,1085
GCTTAAGGCCCAAAAT,1085
TACTAAAATCGCTGTT,1085
TAGGTGAATATCAAAA,1085
TCCCCGACTGGAATAC,1085
TCGATATTTATATAAG,1085
TGCTCATACAGGCATG,1085
AACAGAAAACTTGCGA,1084
AACGTTAACAGGTACT,1084
AAGTTAAACACCACGA,1084
ATCTTTTCACTTAGAA,1084
CCCCTAGCAAAAGTAA,1084
CGATATCGAAGACAAA,1084
CTTCGTCATATAATTG,1084
CTTGAATCAGTCTCTA,1084
GAAAACAAATACCTAT,1084
GAGGAAACGGCTACAT,1084
GCCTAAAGGAAAATTA,1084
GTATTACATACGCTTG,1084
TATGCGCCCTGGTTTT,1084
TATTCTCACTATATCC,1084
TCCCTAAGCTTCTCCG,1084
TCCGAAAAGAATAGCC,1084
TTTTCAAAGTAAGACA,1084
AATTGAGTCTTTAGTC,1083
ACCTCTGTAGTAACAC,1083
AGAAGATGCATAAAGC,1083
AGACCAAAGGTGGTCA,1083
AGCGGGGACAAATAGG,1083
ATGTAAATACTTACCT,1083
CAGAGCATGATAAATG,1083
CGTAACGTCAAGCAAC,1083
CTGTGTTTTACTTTAT,1083
GACATAATGACGTATA,1083
GATATATAATGAAATC,1083
GCTGCTACGTAATGCA,1083
GTAACTAACAAAAAGG,1083
TAATTCTCTAACTGTA,1083
TATGCGTGACGCATGT,1083
TCTAAGTTTACGGGTT,1083
TGCTATAAAAATCTAT,1083
TTATACCGAGAAGTGC,1083
AAGTATCAGGCGATGG,1082
ACCAACAGTTGCTCCC,1082
ACCACGTAGCAAAAAA,1082
CAATATTGCCATGAAA,1082
CATATTTCTCTAAAAT,1082
CATGGGAACAAAATGC,1082
CTACAGTTTTGGGTAG,1082
CTAGCCTAACTAGTCA,1082
CTCCACACCCATTCCC,1082
CTCTTTCAACGGGTAG,1082
GACCAATGACGTGCAC,1082
GACGGAAATAAACTCG,1082
GCGGCGACTTACGTAG,1082
GTCAAATAAAGTGGTG,1082
TAACCTAGGTATTACA,1082
TAATTCCGGAGACCGT,1082
TCATCTAAACATACAG,1082
TTATGAAACAAAAGCA,1082
AATTCCACTTTCAAAA,1081
ACTACAGGATAGGTAT,1081
ATACACACTCGGTAAC,1081
CAATCATAAGCTCGAT,1081
CTCGAGAGTTATATTA,1081
TACCACAAATTTACTG,1081
TCGAAAGTCGTTAGTG,1081
TGGACTTTTGATAGCG,1081
TTAGTAATCATATAAC,1081
TTGATACAGCCGATAC,1081
TTTAAAGAATCTAAGA,1081
AAACCAACTACCAGAG,1080
ACAGACCTTGATCACA,1080
ACGGCCGATGAAGCCT,1080
ATAACTGGCTTAATAT,1080
ATCTACTAATGTATAC,1080
CTAAACCGGTGTTAGT,1080
GAGGTCATACCACAGC,1080
GTGCGATGTGACGTGC,1080
TAACGTCCCACGAATT,1080
TCTCCGCTTCGGGCCC,1080
TTACTCTTTGAGATTG,1080
ACGGACAAATATTGAT,1079
CACGGTAGTAGAAAGT,1079
GATTTTCTTAGAGGAA,1079
TACACCTTTGGGCATA,1079
TATATGGGAGAATAAC,1079
TATGGCTTTACAATTT,1079
TCCGAACTTCAAAGGT,1079
TCGCGTGTATATAAGT,1079
AATTGTAGAATACCCG,1078
ACCAAAAAGACAATAA,1078
GCTAAGAAATGCTGAC,1078
GTCAAATGAATAACAC,1078
TACATATTCAAAATAT,1078
TCCTTCATAGAAATAC,1078
TGAAGCCCCCTAACTA,1078
TTATTTATTCACATAG,1078
TTGAAAAGATTAAAGG,1078
AAAACTTCAAGCACTA,1077
AAAGCTGGTACCCAAT,1077
AACCTTCAGTGATTTA,1077
AAGACATGAGGGTACA,1077
AGATATCTAGGAATAT,1077
AGATTAGACAGAAAAT,1077
ATTAAATATCAAATAA,1077
CACCCAACCAAGTCTG,1077
CATCTTAAAAGGTATG,1077
CCGAGCAGAGCAAAAC,1077
CGGGGTCGAGAACGTG,1077
CTAGGAAAACGTACAT,1077
CTTCTAGCATCCCTTG,1077
TGTCAAGTTACATTGG,1077
AAAAGGGTAGAGAAGT,1076
AGGAATCTCCCACTAG,1076
AGGACTAACAGATATA,1076
AGGATCCAATCTAGCG,1076
ATCCGCAGGCCATGCA,1076
ATGCAAACCATTGTGT,1076
CACATCGTACATGAAA,1076
CGCGGTTACCCTTTAA,1076
GAATATACAAGTGACT,1076
GACAACGTCCACATCC,1076
GGCATGCCACCTAGGT,1076
GTCACCGAAAACATCG,1076
TAAACAACTAACGTGA,1076
TAAATAGAAGCAAATT,1076
AAACTGAATTGGGCCA,1075
AATGCATGCAAAATTT,1075
ACAAATGGTGTCTAAA,1075
AGTTATTTCCTGTCAC,1075
ATATTCCCTGCATCTT,1075
CACTCGAGGGGTAGAA,1075
CTAATCGGAGCTCGAG,1075
CTGCCGTAATGACAAG,1075
GAGCATCGAAATATAA,1075
GATCCCGCGGCTGTTT,1075
GCGGTTCAAAGTTGTT,1075
TACGAACCATAGAGAG,1075
AACGAAGACAGATAAG,1074
AGCCTAATAGACAGTT,1074
ATAAAGTAGATTACAA,1074
GACACAGCACCAAGGA,1074
GAGCAGATTAGACCTA,1074
GCATATGAACTACGTA,1074
TAACCGTATAGTCAAA,1074
TATGACCATGAGAAAT,1074
TCCGCTCTACAAACGA,1074
TCTAAAAAATGAAAGG,1074
TTCGGATCCACTTGAC,1074
TTGGGATAATGTACGA,1074
AATTTAGATAATCGTT,1073
ACTGGTTAGTGAATCA,1073
ATAAGGGGAGCGAAAA,1073
CAATCGATTCACAAGT,1073
CCTACCCAATTAAAAT,1073
CTTCCCAAATAGCCTA,1073
GCCGTACACCTACAGA,1073
TAAGGAAGCAAATTAA,1073
TACGCCTACTGAAAGC,1073
TATTAAAATAGCATTC,1073
TGATGCGTTGAGAGAA,1073
TTAACAATTAACACGC,1073
AAAGACGGACTGAAGC,1072
AACCTGAAATGTTTAC,1072
AATAAGACTCAACTAA,1072
AATTACAGGGGATTTT,1072
ATGAATCCTAGCCATA,1072
CATCCCCACATGATAA,1072
CCCACTTTAACACAGT,1072
CCCTTAAATGTGAAAT,1072
CGGTGATAAAGCGTCT,1072
CTAAGCAACATTTTGC,1072
CTCGCCATACCGCTCG,1072
GAGATAATGCATCCAT,1072
TATACAAGACGGCTTG,1072
TCCACCATTTATAATC,1072
TTAAACGACATTAGAC,1072
AAAACCAAAGGGCATC,1071
AACCAGAACAGGATAG,1071
AATAGAAGGAGTACTC,1071
ACGTGCCCTTGCACCG,1071
ACTTGTGACAAGGGCA,1071
GATCTGGGAGACTTCC,1071
GGAACATTAAACAATT,1071
GTCCGTGAAAAGGAAG,1071
TATCGTTGTAAAAAGT,1071
AAAAGTGCAAAATCCA,1070
AAACACAAGACAGAGT,1070
AAACACAGCATTTTGA,1070
AAGACAACCATTTTTA,1070
ACAAAGATAACAAAAT,1070
ACACCTAATATGCAGA,1070
ATAAGAAGCACCCGAA,1070
ATTCCTTCTAGATAAG,1070
CTCAACCAATTTTAGC,1070
GAAAGTCAAGCTTTAG,1070
GACGCAATAGTGACAA,1070
TGAACTACTCTTCATT,1070
AAAAGTCTGACGGCTA,1069
AACACCCCACGCGACC,1069
AACCCCTCCAAGTTCA,1069
ACATCAACATTCCAAT,1069
ATACTCAGCTTATCGT,1069
ATTGTTAACCATCCTA,1069
CAGATAGAGTTTTTCT,1069
CTGGCGTTACAGTAGA,1069
GCTAACCAATTCTTAA,1069
GGCGTAGCAAAACCTG,1069
GTATATTAGACAGAAA,1069
GTGGGCGATTGCTCTT,1069
GTTACGAACTAACACC,1069
TCCTTCCAGTGATAAA,1069
TGTGACCTAGCCATAT,1069
AAAAAATAGCGGGATG,1068
AGAAATCTGGACAGTC,1068
ATCACATAAAAAATAT,1068
CCCCACGGCATTATAT,1068
CCGCTACGGCCTTCAA,1068
CGCTAATCACGCACAT,1068
CGTCACCAAGTATCTG,1068
CTGCAATATGAAAAAA,1068
GAGCCCACGACAATTA,1068
GTACAAGACCCCCGAG,1068
TAAATACGCCAACTAA,1068
TTTTACCAACTCAGTG,1068
AAACTAAAGCTTGCAA,1067
ACGTACTGCCAATAAA,1067
ACTACAGTAACTAATC,1067
ACTCCTGATCCTATAA,1067
AGAAGGATAACGCACT,1067
AGGAATTAACAAAAAA,1067
ATGTCCCGATACACCA,1067
CAAGCGGAGCAACAGG,1067
GCGATCTTCTACAGAA,1067
GTAGAGCGATAGAGAC,1067
TACCGATCCCACGACG,1067
TTGAAATTCATTATAT,1067
AAACACCGAATAAGTC,1066
AACGTATCCAACTATC,1066
AATTATTTACACCTCA,1066
AATTTACTAGGAAGTA,1066
ACTAAGAACAGAAAGG,1066
ATGGAGAAGTAATATA,1066
ATTATGATACTAAGGT,1066
CCTTCCAACAGAGTGT,1066
GCTTTTTAAAACAGGG,1066
TAAGGGTTTAGGGAAA,1066
TACACGCGACAAACGC,1066
TACCGTACCCATGTTT,1066
TACGAAACTCATGCGA,1066
TCCCAGCCAATTACCA,1066
TTTGGTATATCGGCAG,1066
ACATGATCGCTCTATG,1065
CCAACACAAAGCAAGG,1065
CCCACCAACAGTCTTC,1065
CGAGATTACCAACGAA,1065
GCACGATGGCCCGACT,1065
GCCGCACGTCAAGCTA,1065
GTAAGAATACCCTATA,1065
GTGATGAGAACCGGTA,1065
TACCGGCAACAGCCAG,1065
TATAATACGCAGGGAA,1065
TCATGGGCGATAAAAC,1065
TTTACGTGAAATATTG,1065
ACATTTCTGCACAGGC,1064
AGCGAAGAGAACCACT,1064
CAGAACCGCGTTTGCA,1064
CCATATCGAACTACAG,1064
CCCCCGTATAAACGTC,1064
GAAACTCTATACGAGC,1064
GCTAACGAACTGTCAT,1064
GTCCACTCTAAAAGAT,1064
TAATACGAGATCAGAC,1064
TAATCCAATCTAACAC,1064
TACCATCCTATCATGT,1064
TCGCCCCCAAAATTAA,1064
AAAGCACATGTCCTAA,1063
ACCAAGATTCCCCGTT,1063
ACGATCTTTAACTACG,1063
ATCAAACAGGCAAGGT,1063
CAAACGCAAAATTAAA,1063
CACCGTAGCAGGCAAG,1063
CACTCATGATGTATTC,1063
CAGATCCTATTAGGTG,1063
CCAACTTAGCCAATAG,1063
CTGAGTTCAATTTAAA,1063
CTTCACTATACGTACA,1063
GGTAGATCATATAAAG,1063
TAACGGGTTATGACCC,1063
TCGATCCAAACCTAGT,1063
TGGAACAGCTCAGATG,1063
TTACCACATACATTTT,1063
TTCATTAAGGTTTTAC,1063
AAAATCTATGGTAAAA,1062
ATACTCCTCTTGATTG,1062
ATTTTAAACACTATCA,1062
CAAACACCATCATGAA,1062
CGACAAAGCTTGAATT,1062
CGTTGCAACGTGAGGA,1062
CTTTAACACACAAATA,1062
GACCAACTTTGAACTT,1062
GGACCAGTGTCACAGA,1062
GGTTGAAGTACGTTAG,1062
GTGCATAGCGCCCAAA,1062
TATATGTCATAAAGTG,1062
TGGGATCCTCTTTTGA,1062
TGTATCTAAGGAACCG,1062
TTGCGTAGACTGACCC,1062
AGACTTAATAAGCTCG,1061
ATGTATTTAGGAACGA,1061
CGAAATTTCTTGTAGC,1061
CTAACCAAATAATAAA,1061
GCAGGACGTACTTGTA,1061
GTTGTATTGCCAGCAA,1061
TACAAAAGACTCAACA,1061
TACCGTGAGACTAACT,1061
TTCTGGACCTCCTTTA,1061
AACCCCAACGGGCGTA,1060
ACTAAAGCAACTCCCA,1060
AGGACTTGAACCTATG,1060
AGTCGAGGCTACCCCT,1060
CAATCAAAGCTAAACC,1060
CCTTTATAAGATTAAA,1060
CTCTGCACTACCTGAA,1060
GAATATTAAGGAGAAA,1060
GCGAGAAGGTTGATCG,1060
GCGTAGAAACTAAAAT,1060
GGTGCTCTGCGACTCA,1060
TCGTTGCAAACTAGAG,1060
TGCACAAATGAATGAA,1060
TTAACATCGATATGAG,1060
AAAGAACCTAATCTCT,1059
AAAGGTACCATGGAAT,1059
AACCAAGAACAAACTA,1059
ACCGATTAGGAAGTTA,1059
AGAGGATGTCAATAAG,1059
ATAGTGCTCCATCCTT,1059
CATGTTATACGATGTA,1059
CATTACAGTTTCTTTC,1059
CCAGTAGCTGATTAAT,1059
CTAAGCTACTAAAGAA,1059
GGGAAATGGACGCTCA,1059
GTAAGAGACAAACTAA,1059
TATCCTACTGGACGCT,1059
TCAAACGTGGTCCTAA,1059
AATTTCATCAAAAAAA,1058
ACAGGTTACAGGTTAT,1058
ACTACTAGGGCCTCAT,1058
CAGCAGTAATGGCAAT,1058
GAATCCGCAAACCCGA,1058
GAGTCCGGATCAAATT,1058
GCCAGGCTGTGTAAGT,1058
GCCTAGCAGGGTTTGG,1058
GGTGGAGACAAATTTC,1058
TACTCACGACCATGTC,1058
TAGAAACCCGATACAT,1058
TTTAAGAAATCTTATG,1058
AACGAAGGAACTAAAA,1057
AAGACACGGTAAAGAA,1057
AATGATGATGAGATAT,1057
AATTACGAGCCAGCCT,1057
CAACGACACTCCAGAA,1057
CTAAATGCGAGATTGT,1057
CTATCCAATAAGACAA,1057
CTCAACGAGAACGACC,1057
GGTCAATACAGACCCA,1057
TAAGGTAGTCAATAAC,1057
AAACATATTCTAAACT,1056
AATGATAACTTGGCAC,1056
AGACCTGTAGTTCGAG,1056
ATCCCAGATTTATCAA,1056
ATTTCACCACCACGCT,1056
CATAACATGTATCGAT,1056
CGGGAGTACAGCACGA,1056
TACGAAAGCGCGAATC,1056
TGTGCTTGCTTGAACA,1056
TTAACCTCTTCTTGCT,1056
TTAACTCACCAGTAGA,1056
TTGAGACGTCCTTACA,1056
AAATCCAAAACAAGTG,1055
ACGGCGAACTAAAACC,1055
ACGGTCAATTTCACAA,1055
AGAGCCACCACTACAA,1055
AGGTCCCATGTCCCTC,1055
ATACACCCCGGTTCTG,1055
CAACTGATATACCTGT,1055
CGGTAAGAAAGCAGTA,1055
CTTATACGACACCACT,1055
GAACTTATCCCAAAAC,1055
GCAATTGTGATACGAC,1055
TAACTTATGGACCTAT,1055
TAGCATTGCATGTCAT,1055
TGTACGAGTGGAAAGC,1055
TTCCGGTTGTCGAAAC,1055
ACGATTATAATCACTA,1054
CATTATGTTAGAATAA,1054
CGCACTCGAAGTAAGA,1054
CTGAACGACAGGACAA,1054
GCGATCCACAACGGGA,1054
TAAAATCAAAAACCGA,1054
TATAACACGAAACTGG,1054
TCCCGGTAAAAAGTTT,1054
TGGCATCCTATAACAC,1054
AAAGTCAAATGATATA,1053
AATAATGACCCAACAA,1053
ACCATCCAAAACGATC,1053
ACCCAACCTTCAAAAG,1053
CAACTGAATAAACTCA,1053
CACTAACCGTACCGAA,1053
GACCAGATACCACCCA,1053
GCCAAGTAAAAAGGTG,1053
GGAACTGACATATACA,1053
GTTACATTTGACCGCA,1053
TAAAAATGCATTATCA,1053
TATACACCTTTATCAA,1053
AAAACAAATAGTAGGT,1052
AAATAAGGAATCCAAA,1052
ACAAATTAGCAGTTCT,1052
ACTTATACCCAAATGA,1052
ATATACACAAATAATT,1052
ATGAGCGTGCTGAGAC,1052
CAGGTCATAGGGTTAT,1052
CCGTTATGAAACAACA,1052
CCTAAGTTCCGACAAA,1052
CGCACGAGTCTCGGAA,1052
TACAGCTATCAAAAAA,1052
TCCCTATGGAGCCCAA,1052
TCCTTAACACGTAAAA,1052
TCGCCAATAATATAAC,1052
TGAGCCACATAATAGA,1052
TGGAAATATCACTTAA,1052
TGTAACCCGATGAATT,1052
TTATAAAATATACTTT,1052
TTTTTCACTCCATATA,1052
AATCCTGGTTACTAGC,1051
AATCTAATCTAGTAAA,1051
ACAATCTTTTAATAAT,1051
CTCAAGTATAGTACAA,1051
GAAGAATAAAATAGTT,1051
GAGAATAGAAAAGAAA,1051
GCCGGACACCCGAGTC,1051
GCCTAATCAACGTCAC,1051
GCGAGAACAAATTTAA,1051
GGTAGTATTGAATTAT,1051
TCAATCAAACTGGCAC,1051
TCAGTTAACGTGGAGA,1051
TCTATTTATTAGGTAA,1051
TGTACAATAAACTTAG,1051
TGTCGACCGGACCTAA,1051
TTAATAATAATTCAGG,1051
TTCACAGAACGAGGCG,1051
AAAATGTTAGTTCTTA,1050
AACTAGGAGTTCCTTA,1050
AATCGGTAATATATTC,1050
CGATTACTTAGAGGAG,1050
GAAAAACCATTTCTTT,1050
GAATAAAAAATTCCGA,1050
GAGAACACCGAAGAAA,1050
GGGCCAAAGAAACATG,1050
TAAACGAAGATACGGA,1050
TTGTACCCGATTTATG,1050
AAAGAGGATAGATAGC,1049
ACAATGTATTATGTGC,1049
AGAGGGCCGATATAGT,1049
AGCGACCCATAAATAA,1049
CTCATCCAAGAAAGCA,1049
GTGCCTTAAACCATGT,1049
TAACACTCAACCAAGG,1049
TAGAATGAACGGCGCG,1049
TGTTACGCCTTGAGGC,1049
TTCTCTATTTCCCGCT,1049
AATCTACACTATGTTT,1048
AATTACAATGAACCGG,1048
ACAGACTAAAACTTTC,1048
ACCACAAAACTACGAA,1048
ACCGGAAGGTGTAAGA,1048
CATCGAAGCTTATACT,1048
GTATCAAATTTATAAG,1048
GTCCTAGGTTCCGAAC,1048
TACGGCGGCCGAGAAA,1048
TCATTAAATCTCCTTA,1048
TCCTACCGCGTCCGGA,1048
TGGTCTGGACTCGTTA,1048
TTATAAAAGTGATATA,1048
AAATGAAATAAAGACC,1047
AAATTAGACGGAACTT,1047
AAGGCCACCAACCACT,1047
AATCGAATTGCACGCG,1047
AGCCGGACGCCGGGTC,1047
ATAATCAACGATGATC,1047
CAAGACAGGATAATTA,1047
CACGAACAGGAGACAG,1047
CCATACCAAGGAGGAT,1047
CCATTGATTGACGTAC,1047
CCGTTTCGCAAGACAT,1047
GATGATGAATAGAATG,1047
TTCCGTCAACATAACC,1047
AAGTAAGAACGCTACT,1046
ACAAAAAACCTCCGTG,1046
ACACATCTTTCCAATC,1046
AGCGATTTAAAATAAC,1046
ATCTGCACGAAGCGCG,1046
ATTCACTAGCGATCTG,1046
CAAGCCTAATAAGCGA,1046
CCTTTTCCGAAACGTA,1046
CTCCATAGGGGGCCAT,1046
GTTTTATATAGACCAT,1046
TAAAGATGCCCAATTA,1046
TGCCGCTGAATCTGTC,1046
TGTACCTAAGTACAGT,1046
TTTAACATTATCCATT,1046
TTTCTATGAGGATTAT,1046
AAAAGTTCACAAATAA,1045
AAATACATAATTCCAC,1045
ATCCCAAGTTTATATC,1045
CACGATCATAAGCTTG,1045
CACTAGGAGTAATAGT,1045
CCAGTACGTGAGAAAA,1045
CGCGTTCCTTGACGCA,1045
CTAAGGCGAGCCTTCC,1045
GCCCCATTATAGGTCT,1045
GCTTTTGGCACTCTAC,1045
TACTTAACCCAATACC,1045
TAGTAAGAACCTGACT,1045
TAGTTTCTGCAGCTTA,1045
AACAGGATTTCCGGTG,1044
AACTAAACTCAAAACC,1044
AAGAGCGAACCCAAAC,1044
ATATAAGAATGTTCGC,1044
ATCTGCACGACATAGA,1044
CAGCCGATATACAAGC,1044
CCCCCCCTCAAATCGC,1044
CTAACGCCAAAGCTAA,1044
GAAGCCGATCTAAGTC,1044
GCACGGAACTGGAAAC,1044
GTGAACAGTAGGATAA,1044
GTTTACGTATTGCTTT,1044
TAATATCAAGCTTCAA,1044
TGTTGAGTGGGATACT,1044
AAGACACTGGACAAAC,1043
AAGTATATGGAATCTT,1043
AATCACGAGCAGTACT,1043
ACCCACTACAAATATT,1043
ACTTCACGTGAGTTAA,1043
ACTTGCATTCCACCTG,1043
AGCATGACTTGAAATT,1043
ATATCCCTGCCTACCG,1043
ATGTCCCTTCGACCAC,1043
CCAAAGCCCGTTAGCG,1043
GGTTGGACAATAGAAG,1043
TAGAAAAGTTAGGGGG,1043
TCAGGACAAGCCCCTT,1043
AATGCCGTTATAACCG,1042
ACTAAAAAAAGCAAGC,1042
ACTGCTCTATCAAGTA,1042
AGACAATTGAGCTCAT,1042
AGTTTGTTGGCTGTAA,1042
ATTTCTCAGCACCCAT,1042
CATTGATCTCATCTGA,1042
CCTTTATGTAAGACCT,1042
GAAGCGAAGGTGGCTG,1042
GCTCTCTCCGTTTATG,1042
TAACGAGACTGACTAT,1042
TCTGATCCAGTTGTTG,1042
TGAGCACAATACGTGA,1042
TGTGAACTGGGCCTTT,1042
ACTAAATCGTATAAGA,1041
AGGGCCATAAATCAAC,1041
CAAGGATTCTAGATCT,1041
CTAAGATTGGTAACTC,1041
CTGCATAAACACCTAA,1041
GAAAACTATTAAAAAA,1041
GCATATCGTTTCATAA,1041
GCCCGCGAGAAGATCC,1041
GTGACGAAATCCTCTT,1041
TGATAGACGTATCTTA,1041
TGCATTTCACACGGTA,1041
TTCAGCTAATTGAGCA,1041
AAATTCCTTAAACGAT,1040
AACAAATCCAGAACCT,1040
AAGACATCAACGATAC,1040
AATATAGTGCCGTTAC,1040
ACCCTAGGCGATAATT,1040
AGTAGTTAATCAGATC,1040
AGTCCGCAGTCATACC,1040
ATGTAGCCTGACATAA,1040
CGAAATTGTAAAAGAA,1040
CGCACATACTTAAACA,1040
GAACAGTTTAAATACG,1040
GATTCGAGAGGTGATG,1040
GCTCATACCGAGAGTA,1040
GTGCCTGAGCAGACTA,1040
TGACACCAACATGAAT,1040
TTTAAAACAAAACAAA,1040
AAAGGAAAGCTCATGA,1039
AAATAGAAAACCGATG,1039
AAATTTTCCGTGACCT,1039
AACTGCGTCTTTCATG,1039
AATAAGTTATACAATC,1039
ACGCTAAAGCAAGTCA,1039
CAATACGCCTCCTAAA,1039
CCGATAAAGGCGGAAT,1039
GTGCAAACGAGAGCAA,1039
TTACGGGGGAATCCAC,1039
TTCGCTTACAGAACCA,1039
TTTCTTCTCTGTGGGA,1039
AAGAACTAACACTTAC,1038
ACATTAAATGCAAATC,1038
ACCATCGACCCCAAAT,1038
CAAGTGAAGACACAAT,1038
CATAAACATTGTAAGT,1038
CTAAAGTGCAACTCCT,1038
CTACCGGATGGGAATG,1038
GGTTGCATCCACCGCA,1038
GTCCCACGACGTATCC,1038
TATGTTGTAAGATAAA,1038
TGATGTCACTTATAAG,1038
TGCAAGCCTATTGACT,1038
TGCATTGCACTTGATG,1038
TTACGTTAAAAATTTA,1038
ACACAAATTCTAGCGT,1037
ACACAAGAACGCGTAC,1037
AGAAGAATTTCAAATA,1037
CATACCTAACTAGTAT,1037
CCAATATTTACCTAAG,1037
CTTATATACGTTACGT,1037
GAAGGTTATAGATAAA,1037
GGGCAAATGCCTCCGA,1037
TAATCTGTTAGTAACA,1037
AAGCCCATCTCCTCGC,1036
AATGACGTTACACAAG,1036
ACCCTACACGACTATC,1036
ACTACAACATATAACC,1036
ACTGACTGAGTACTGC,1036
AGACGTATAAAATTCA,1036
AGTAATAGAAGACCGT,1036
AGTGAGTAAGAGCTTC,1036
ATGACCCTCCGAAAAC,1036
CAAGAACTAAAACCGA,1036
CCCACGTCTGTTGACC,1036
CTAAATTAACAGTAAG,1036
GAACATTTAAACAGTC,1036
GATCTCAATAACAAAA,1036
GCATCCCAAACACGTT,1036
TAAAACAATCAAAATC,1036
TAACCCTAGCGCAGTC,1036
TAACTTCACGATCTCA,1036
TCAACGTCATCGTCAG,1036
TCCTAATAATCACGAC,1036
TTAAGACACTATTACG,1036
AAAAATACGATGGAGA,1035
AACCAAGTGTGGTTCA,1035
ACGCCTACTAAAATTC,1035
AGGATAAAGACGTATG,1035
CCGTTGTGAATTTGAT,1035
GACCGTGATGTCGATA,1035
GGAGAAATAGAGTGTG,1035
GTGCAAAAAAACCCCG,1035
TAACGCTCGAAGATCA,1035
TCCGCCTTGAAAGGTG,1035
AACGCTGCATCATTTG,1034
ACAGCAATATACCGAT,1034
ACATGCCCGCGGACAT,1034
AGAGTCAACAATAACG,1034
ATAATCACTAATGTTA,1034
GAACGTGGGAGACAGC,1034
TAAATCTGATGCTCGC,1034
TAACTTTTTAGAAGGC,1034
TATTGAATCCGCCAGC,1034
TGTAAATTTACCAAGG,1034
TTTTGGATTAACATTA,1034
ACTTAAAAAAACACCC,1033
ATAACAAAAATGACGT,1033
CATTCTAAGCTTGATA,1033
CTAGCAGCCGTTCCAG,1033
CTGGCTCACCTACGCT,1033
GAAAACAACCGGACGA,1033
GATGTCGATCCAAGCG,1033
GGTTGTAGACATCATA,1033
GTTGAAACCAATGAAC,1033
TAAACAATAAGTGAAC,1033
TCAATTCAAAAACTCG,1033
TCAGAAGGGCAGATAT,1033
TGGTGGAGATGGATGT,1033
TTGCCACCAAAACACA,1033
TTGCCGTCTTTGCCAA,1033
AAAACATTCGAGCAGA,1032
AACAGAAGTATCATAC,1032
AATTAATAAATTTTTG,1032
AGTGAGGGGAAATTTC,1032
ATAATATTGCTTTGTA,1032
ATCATAATATCATCGG,1032
CTGTCGTACGAAGACA,1032
GACACACATACGTCTG,1032
GACCCAATTAGGCCAT,1032
GCAGAAACGAAGCGTT,1032
GTCTTGCAATCATTTT,1032
TATAACCCAGCTAAAG,1032
TATTGATCAGCCCTGA,1032
TCAACTCTATCTCAAT,1032
TCCTGCATTAACCAAA,1032
TGAGCCCAGCAGTATG,1032
TGATAACCTCTCCCCA,1032
TGGTCCAAACTTTAAA,1032
TTACGAAAGAGCAGAA,1032
TTATGACTAGGAATCT,1032
AAATTTGATGCACCAG,1031
AATCTTTCAAGATATC,1031
ACGGAGAACGACACAA,1031
AGTACTTTGACCCTGA,1031
AGTTTGTAACGTGATG,1031
ATCAATCCTATCATTC,1031
CAATTCAGAAGTAGCG,1031
CCGTTGAAATCGATAC,1031
CGTCAAAGAATCGCAG,1031
GAAACCACAAAATAAC,1031
GAAAGGGGCAGCAAAC,1031
GTAGCCTCTATGCTAA,1031
TCGAACGAAATAAAAC,1031
TGCACTTACCTGAAAA,1031
ACTTGATAACAACCTT,1030
CCATCACTATAAGCGA,1030
CCTCATATACCAGCTA,1030
GGAGACATTTGATAGG,1030
GTTATGATTAGTTAAT,1030
TAGCAATAAATAGAAT,1030
TAGTACTTCGAACAGG,1030
TCCCACGATCCATGTC,1030
TGCCACAGGGAGAAGT,1030
TTGAACATTGTCTGGG,1030
AACCACCCGAAAGAGT,1029
AACTACGTGACTATAG,1029
ATCATTCTTACTATAG,1029
ATGCAGTATTTCTACA,1029
CACTTGATTCCGAAAA,1029
CAGACATACCATTTGA,1029
CAGGACACCCCAGTTA,1029
CCCCTCATTCGTACCC,1029
CCTAAACGGCCCCACG,1029
CGTCCTAATGCAAACA,1029
GAGGGATTAAGTTGCC,1029
GGCCCGGTACGCAGAA,1029
GTTTTTTTCAAACCAA,1029
TAAGCACAAAAACTCA,1029
TATGAAAGATAGACGG,1029
TTAACATTGAAAACCA,1029
AAATGAGAGAGTGGGA,1028
AAATGTTAAAGATGGA,1028
AACAGTTTTAAAGCAC,1028
AACTGACACAGGGTAC,1028
AATACGCTATGGTATA,1028
AGAGTAAGCACAAATG,1028
ATGATACGAAATCTTT,1028
GCTTGCATTCTACGAA,1028
GGCAAAACATGAACTG,1028
TAAAAACTCTTCGGTG,1028
TCCAGAGTGAACGAAC,1028
TCCCAACCATGATCAC,1028
TTGAGATCCACACCCT,1028
AAGATATGGATATCGG,1027
AATCGATAGGTTCATA,1027
AGCCAACGCTAACACG,1027
ATGCCGCCCTAGGTAT,1027
CAAATTTCACAATGAA,1027
CACCGCAGCAAACCTC,1027
CGACTACATCTGGTAC,1027
CTGCCAAAATGCGTTG,1027
GCACAAAATAAGGGAT,1027
GGTAACAACAGGAACT,1027
TATAACCAGAGTGTGA,1027
TCCGTGGCTACATTCC,1027
AAGTCAATTCAATCTT,1026
CAGGTTTAGTGATTAG,1026
CCATTGACTCAATCCC,1026
CCCAGTGGATCTCCTT,1026
CTTCAGACTTTCCACC,1026
GAATGAATAGCACACT,1026
GCTAGACCTACCTAAC,1026
GGAAAGTGAAGGCTAT,1026
GTACTTTAGCTCAGTA,1026
TAGCCAACTTTACACT,1026
TGATTCTTAACAGGTA,1026
TTACGGCACAGGAATA,1026
AATGACGGCAAACCAA,1025
ATACTTACTAGTAATT,1025
CAAAAGAATGCTTGAA,1025
CATTACGACCCGTCTA,1025
CGCACATACACGTTCG,1025
GATTTAAATTACGCTG,1025
GGCTAAAGATTAGATC,1025
TAATACGCCTGGGCCT,1025
AAAAGTCGGGAGTCAG,1024
AACCAAGTTAAACGCT,1024
AACCTTATATGAAAAG,1024
AAGAATTCTTAGCAAA,1024
AATAACAATAATAAAA,1024
ACAGGCCATCTGGTAA,1024
ACCAGACCCTATGCAC,1024
CAGAGAATGTACTTAC,1024
CCATGTAACCTTCGAT,1024
CTGAAAGCCCCCAACG,1024
GGATGCTATTTGGCGC,1024
GTACTCAAAATAATGC,1024
TAAGACGTTAACCATA,1024
TCCCACCCGACAGCAC,1024
TTTAAGGCTCGCAGGC,1024
AACAGACCCACCGAAA,1023
AACTAGATTTCACGAA,1023
ACGTCACCCGTTCACC,1023
AGCTAAATAGCGACAA,1023
ATAGAAATGGTAAAAA,1023
CAAGGGTGGCTATCTA,1023
CACTATAAAAATACCA,1023
CCGTATATCGAATCTG,1023
CTTATCTCATGCCATT,1023
GCTTTTACCGTGCAAT,1023
TAAAAACTGCCGAGTG,1023
TAAGCAAAATCTTACT,1023
TACATGCAAAATCAAT,1023
TGAATAAAACAGCACA,1023
TGCACCGTTTAACGAT,1023
AATTCTTAAAAACCAG,1022
AGGTCGTGGTCTAATG,1022
CACCCCAACACAAACG,1022
GCTTCCGATTCGATCT,1022
GGAGTTACTAGATTCC,1022
TCTAAGCCCTGCGTCC,1022
TTGCATCACTTAGCCC,1022
AAATCGTAGCTCCTGT,1021
AAATGTCGCACATTAG,1021
ACAATGGTGTGAATCG,1021
ACTAGAACAAAAATCG,1021
AGGCCTAATCCGAAAA,1021
AGGGGACGCCCTTCGA,1021
CAGCTGATGAGACAGA,1021
CCCTAACGTCATACAC,1021
CTAAACAAAAGCACAA,1021
GACCATAATATGGCAC,1021
TATTGGTGACGTCATC,1021
TCTTGTCGGAGTGGGC,1021
TTAAAAAGCTGACCTT,1021
AAGTTACAACCCAGCT,1020
AATTTAAAGGCAATAC,1020
AGGTACCCGCCCTTTA,1020
ATATGGGTAAAATATC,1020
TACAAAGGACCTAGCC,1020
TATCCAACGCCTTGTA,1020
AATTTGAATAACTGAC,1019
ACATAATACCCCAAAA,1019
ACGTATTTAACCTGGT,1019
AGCTAAGTGCCCGGGA,1019
ATTAGTGTCTGCAGTC,1019
CCACAAGTATTTGAGC,1019
CTTCCTGGCTTATCGC,1019
GAAATCAGGTTGACGT,1019
GCAATTTAAAAGTTTT,1019
TATTTAGGCCCTAGGC,1019
TTCAGCCCGGTATTAG,1019
TTGGTTTATGAGAATA,1019
AACACAATAACGCAGA,1018
ACCTTAGTACTAGAGC,1018
ACTACGCTATGTCTGA,1018
AGAGATGTAAATGAAA,1018
ATACGTGGAATCCACG,1018
ATTAACCAAACCGCGC,1018
CCATGCAACCACAAAC,1018
CCCCAATTACTAGAAC,1018
CCGAACCGGTACTCAG,1018
CTATTTGATGAGTGTA,1018
GAAACCGAACGGTCCA,1018
GAGCATGATTGACGTT,1018
GAGTACAGCGAGTATT,1018
GCTTAAAACTTAGCAA,1018
GTTAGACGTAACATAA,1018
TACTACATTCCCCATA,1018
AACATAACAAAACACA,1017
AACTACCTTAATGTAG,1017
AATAAACAAGTCTCGA,1017
AATTCTACGCAACCAC,1017
ACGGAACCTAGACAGC,1017
AGCTTGAATAATAGGT,1017
ATAAAATACGGTATTT,1017
ATAACACTCCCCTCGT,1017
ATAGAGAAAATAATAT,1017
ATGAATAAGTACCAGT,1017
CGAGGGCAAGTTCGAT,1017
CTAACCAGTGCGCGCT,1017
CTCGTTAAAAAAAAAA,1017
CTTTATTGATGAACCG,1017
GAGATTATGAAGAACG,1017
GCTAATCCGCTCTCCA,1017
GGTCAGATTATTTTAG,1017
TATAAAAACATACAAC,1017
TGAAATTCGCGATAAA,1017
TGCCGAAAAATACAAC,1017
AAGAGCAATATCTCCT,1016
AATCGGTTTTATAGGA,1016
ACAAGCCTACTAGTGT,1016
ACTAATTGTGATGCAC,1016
ATCGCCTAAGGTAATT,1016
CATGGAGTGCATTATG,1016
CGCGCCACAGCTTGCA,1016
GAACAACTTGTATTAA,1016
GAGGGACGCTACTACC,1016
TAAATATCTACAACTA,1016
TTCGCAGAACTGATTA,1016
TTTACCGTTGTTAAAA,1016
AACGACAGTGTTGGAT,1015
AAGTCTCACGAAGAGA,1015
AATAATTACCCGGAAG,1015
ACATCACGCCCGATCT,1015
AGTCTTATACCATTCA,1015
AGTGTCTAAACAATAG,1015
ATTGGTAACAAACTCA,1015
CAAAATTATGCTTAGC,1015
CGTTAAGTCCAAGTCC,1015
GAGTGCATGACAACGT,1015
GATACCGGAACACAAC,1015
GATAGTCTGGAGCCAA,1015
GGTTTTACCTGGAGAT,1015
TACCACGCACGCCTAA,1015
TCAAAATTCAAAAAAT,1015
TCTGGCTTGAAAAACT,1015
TGAATTCAAAACGAGC,1015
TGGCAGAGGAACATAA,1015
TTTCTTTAGCTAGGCA,1015
AGATCCCACCCAGGAT,1014
AGCGCATTTACTGGTT,1014
ATAATATACAAACATC,1014
ATCAAAACACATGCCG,1014
GAGCTTTGATAGCAAA,1014
GCTAATGCACAACAAT,1014
GTGGAACAGTATCAAA,1014
TAACGTGGCCGTTCTA,1014
TGAACTCTCCAGAATG,1014
TTGCAGCCCCGATTAG,1014
TTTGCAATACTAGCAG,1014
AATTTTCACTAACCGG,1013
ACATACCATTTTACCG,1013
ACGCACATTGAACACG,1013
ACTCCTCAAAACCGAA,1013
AGTGATAACTATATAA,1013
CATATGTTAATTACTT,1013
CCATATTAGAAATACG,1013
CCCCACTAACAGAGGA,1013
GAAATGTGAAAGCCCC,1013
GGCAAAACAATGAACC,1013
TAATATCGGGTAACGT,1013
TACACTAGAATACAAT,1013
TACCTAACTCGTCTAA,1013
TGTTTAAATACTAGCA,1013
TTATCAACACATCTTG,1013
TTATCATCTCAAAAGA,1013
AAATCGTGTTAATTAA,1012
ACAATTCAATTATACC,1012
AGCAATGTAATCCCGA,1012
AGCTAATTTGAATGCC,1012
CCCACGGACTGTGTGA,1012
CCTACGTCCTCGTAAA,1012
CTGGGAACACTTCGGA,1012
CTTATAACCTCAAAAG,1012
GAACCACGTGTAATCA,1012
TCAGAATATAATGACA,1012
TCATAGTTGCACAACG,1012
AAAAAACATAATCCTG,1011
AAATGAAATAACAAAA,1011
ACGTTCGCGGCTAACT,1011
ATAAAAGTTAGGATAT,1011
ATGAAAAACGGATTTA,1011
ATGAAAGAGAAGTAAA,1011
CAATGGGTAAACCGAC,1011
CATCATGTACCAAGCA,1011
CATGAAAAATCACCAT,1011
CTTACACAGGCGAAAC,1011
GTAAGTAAAATATGAG,1011
TATGGTGCTAATAACA,1011
AAAAAGGGAACATTAA,1010
AACCCATTTTATCCTG,1010
AAGACATGCGAAACAC,1010
AATCTATCGAAGAATA,1010
AATTGTTCATGTTGAA,1010
AGTCAAGCTAAAAGTT,1010
ATGCTCGCAACAATTA,1010
CAACCACTGTGTATGG,1010
CCAGGGGCAGCCATAA,1010
GAGAAACCTCCAAATA,1010
GTAGATGGGCCGGTAT,1010
GTCACTCTATAATATA,1010
TAGATCAAAGTGGTCA,1010
TTTTTTCTAACTGAGA,1010
AACCAGAACTACTGCA,1009
AAGTTTGTAGTTTAAG,1009
ACTTACAATATGTTTC,1009
AGAATAAAATCTTGAC,1009
AGATTATATGATTCGG,1009
ATACGCGCCGTTGTAG,1009
CAAGGACATGAGGGCC,1009
CAGTGGTCTCATAGAG,1009
CCAGCCAGAACAATGG,1009
CCCATGTCCACACTAC,1009
GAACGTTTTACGATGA,1009
GAATCAAACTCTTCCA,1009
GCACCCTAGGAATTCT,1009
GCACCGACCAAAACAC,1009
GCGTATAATTCATAGT,1009
GGTCTTGTGACAGTGA,1009
GTATCCGTAGGTGTAC,1009
TAGGTCGATTGTAACC,1009
TATGCCATCGTCCTCT,1009
TCATGACGATTGATAA,1009
TCGATTGAGGCCATAT,1009
TGACCAGACATCGCGT,1009
TGCAAACACCTGTGAA,1009
AACCTACTAACTAGTG,1008
AAGCAAAGAATCGAGA,1008
AATACTAATTGAAATC,1008
AATAGGTAAAAGAACA,1008
CAGACAGATAAATTGT,1008
CTCCTAATATGAAAAA,1008
GCAACTATAACTTCTA,1008
TACGCGCATTTTCGCG,1008
TCACCGCGGTCTAATG,1008
TCCTTATGACCACACT,1008
TGACCGGTGAATCTAC,1008
TGTTACCAATTTTAAA,1008
TTAGATGCGATTGTTA,1008
AACTACATAACGCCAC,1007
AGAACTAAGTTCCAAT,1007
AGTGCCATTCATCCCA,1007
ATATTGGCAAAAATAG,1007
CCAAAAAGAACTCCTA,1007
CGTCTATAACATGCCA,1007
CTATGCTACAAGAAGT,1007
GAGGTAAACCTAAAAG,1007
GGCTTTAGACAACTCG,1007
TAGAACCATATTATAG,1007
TGAGGGTACCAGTTGA,1007
TTAATAGACAAAAGAT,1007
AAACAGGCTTGAAACT,1006
AGAACACATGTCAGTT,1006
AGAACGCTAGACTGCA,1006
ATTAGAGCCCGAGATG,1006
GATCACAACACAATGT,1006
GTGTTTATAGGACAGA,1006
TATGACATATAAGTAT,1006
TCAGACCATATTAATC,1006
TTGAAAAACAAGAACT,1006
ACTGTTGTGAGGACCA,1005
ATCACGACGATTGGGC,1005
CATAAGCACGAAGCGG,1005
CCTCACATGCTTTATC,1005
CTAACACTTTGAAGCG,1005
CTTCTTCATCCCCCGG,1005
GAAGACGAAATATAAA,1005
GATTGGACAACAACAC,1005
GCATCACGAATCAAGC,1005
TATCTCAGGCCACACC,1005
TCAGCTAAATCCAGTC,1005
TCTATATCTACTAGAT,1005
TGTGGAAATGAGAATT,1005
TTTCAAATAATAACCT,1005
AAAATGTATAGACCAA,1004
AAGTTTTTGAACAAAC,1004
AATACCCATCCGAATG,1004
AATTTTAACCAGCTGC,1004
ATGTAGAAGTAGGTAT,1004
ATTGGTAGAATGTCAG,1004
CAATGGAATCTAATAA,1004
CGATAATGGGAGTCCT,1004
CTCCGGCAGATAGCAT,1004
CTCTCCTCGAAATGCA,1004
GAATGAACTATAACAG,1004
GACATCAACAAAAATT,1004
GTGAGTAGGCTTCACG,1004
TGAAGTAATAGCGTGC,1004
AAAAAGCCTTGATATC,1003
AAATCCGCCTACAGGT,1003
AATATCAAACATTAAT,1003
ACAAATAGTCAGAGAA,1003
ACCCGTTGAGCTTCTC,1003
ACGCAGTCTTCTAATC,1003
ACTTCGTAGTGGGCGT,1003
CCAAATGTTCCATATC,1003
CCTCCAATAATAGATG,1003
CGAAAGTCCCAGATGA,1003
CTGTTTTACTTGTCGA,1003
GCAAAAAAGAAAATAA,1003
GCAGATCGGGTCTGCG,1003
GTGCCAGTTACCAGAA,1003
TGGATGTACCGTTGTT,1003
AAAGACTCTCGCAACC,1002
AAAGCACCCTCATCAA,1002
AATTCATTTTCCATTA,1002
ACGAGTAACAGAGCCT,1002
AGCCGATGTCGAGTAC,1002
AGCCTGATGGATCCGA,1002
CAAAAAAGCACAAGTG,1002
GATAACTCGTATTATT,1002
GGACACACGAACAGAC,1002
TTCGACAAACGCCGTA,1002
TTGCCCTTTTAACAAC,1002
ACAGATCAGGCGAACC,1001
ATCAATAAACGGTCGG,1001
ATTGCATTTACACCAC,1001
CAAAATAATTACGGAA,1001
CACCAACGCGATAACC,1001
CAGAAGAGGAGACGTC,1001
CATTGTCTCATGAGTA,1001
CTCTGGCAAAGTTCCA,1001
GACCGTGATTCATATT,1001
GATTGAACAAATGACA,1001
GGGGTAACTAGGCGCC,1001
TCGCTCTAGTACAAAC,1001
TCTTGGAGAGACATAG,1001
TTGTAAGGGGTATTCT,1001
TTTTAAAGTCCCCCAT,1001
AAACAGTAACAAGGCA,1000
AACACTCAAAAGATCA,1000
AACGCTATTAACATGC,1000
ACATTCAATAAGTGAC,1000
AGTCGTCGGTGAGACA,1000
ATCTACTAAATCCGCT,1000
ATTGCTATGAGAAGCT,1000
CAGGCGCGATTTAATG,1000
CCACTGCACCCTTATC,1000
CCCAAAAGGCACTAAG,1000
CTAATACTGCAACAGA,1000
GCAATCGTAAATGATA,1000
GCATGAAATTAAAAGA,1000
GGAGAACGTGGTTGAA,1000
GTCGAAATGCTACACC,1000
TATTGAATTGTAGTCA,1000
TCCCCCCTCCACAGAC,1000
TCTGAACCTAGAATAA,1000
AAACCACGATTCAGCT,999
ACATCGGCACACAAAA,999
AGACAATTAAGGCGCA,999
CAAACCTCAGTTATTT,999
CAATTCTAAAAGACAA,999
CACGCCCCAATTTAGG,999
CAGCGACACGCCTAGC,999
CCGGCCTTCATTGCTA,999
CCTTAAATCTGATCCG,999
CGTGCCTAGTAATCAT,999
GATCCTAGCCAGAGAA,999
GCAATGTTCACTCCAG,999
GCAATTAATTATAACA,999
GTGCGGTTTGAAGGCC,999
TAAATGAAGTTGCCGA,999
TAATACGAGGCCAACC,999
TTGCTGAGTAATGGTT,999
TTTGACATCACATATC,999
AATCCATCGAAAGCAT,998
ACTAAATATTTGACAA,998
CAAAGTGCACACCGAA,998
CATGCCCATAAAATTT,998
CGACTACCCCAACAAT,998
GCCACCAACCGCAAGT,998
TAAGACAGGGGCCTGG,998
TCGAGAGACTGCGCAC,998
TCTAACTTCAAGAAAC,998
TGAAGATTCATCAATC,998
TTTCATACACGACTCC,998
AATCACTTGCGCCCAA,997
ACACTCAACCACCCCC,997
ACAGGGGCCTGATTGC,997
ACTCAGAATTAAAGAA,997
CAAGACCGTTCTGAAG,997
CCTCTATTCTTATCTG,997
CTATGATGCGGACAGT,997
GACACGACTTTACCAA,997
GAGCGCATCTCCCAAT,997
GTCTTCCTGAAAACAA,997
TAAATCGTTTAGAGCA,997
TACGTTCACGTTTGAT,997
TGGGCTACAAAAGATT,997
TGTATTTGGATAACAT,997
TTAGACCATGTCTTAA,997
AAAATAAAATACCTGC,996
AACCGTATGAACATAA,996
AATGCCTGTTATCAAA,996
ACTCACCTATTCCCCC,996
AGGAACCGTGTGTTTT,996
CCAGGGAATTGACCTA,996
CCAGTGGGCTCCGAAC,996
CCATTACCAACCATAT,996
CTACCCACTTTGCTTC,996
GAATCATATTGAGAAC,996
GGGACAGCGTAAATAC,996
TACATAGATCACGTAA,996
TCCCATAGTCTTATTA,996
TCTTGCTGAAAAAAAA,996
AAACACGCTAGAATGA,995
AAACTGGTACAAACTT,995
AATCTAACAAAATTCT,995
AATGAAATAAAAAAGT,995
ACGAATAAGAGTTCAC,995
AGATATATAGAACAAT,995
AGGAAGCACTACTGAG,995
CAACTACCCTTATTTA,995
CTTACAACTCTTGTGT,995
GAGTGTTCTTTAATCG,995
GTCTTTAATCACCTCT,995
TATACAGCAAACACCA,995
TATATAATATACATAG,995
TCAATGAACAAAACAC,995
TGCAGGGAACCAAAGT,995
TGCGCTTATTAAAGGA,995
AACATAAATCAAGCAG,994
AACGAAATACTAAATT,994
AAGCAATCCTGTCTTA,994
AGATGAGAACGAAAAG,994
AGGTGAAGCAAGATTC,994
ATGTATGGACACCCCA,994
ATGTGCGAACGGAGAG,994
CAAAAGATAATGCTTA,994
CACCCTGCTCTACGAT,994
CTAAATGCTATAGAAA,994
GAACTAAGTCTTGTGA,994
GCAAGCACTAATGACT,994
TATTTTCAGAAGGGTA,994
TGAAGTTTGACAATTG,994
TGATAATGTCGATAAG,994
TGTAGGCCTTATAGAA,994
AAAATCCGAGTTGTCT,993
AAGAGCTGTAAATGAT,993
ACCGGTCACGCAAGAA,993
ATACCCCTTGAGAGTA,993
CAAAGCAATGAACCAT,993
CCAAGTAGTATCAACG,993
CGTTAGAAGAACCCAT,993
CTTCACTTACTGTTGA,993
GCAAGGAGGGATATTT,993
GCCGTCAGGACTGAAT,993
GTCATTGTTTATCCTT,993
TATCTTCGAGTAATAT,993
TCTAGACTATTAAGGA,993
TGAGTTTTAAGCTTAG,993
TGCTAGCCCAAGAAGG,993
TTAAATCCCTTAACCA,993
AACATAATACTCCGCA,992
AGCCAAGAAGTACCAT,992
AGCGGAGTTCGAATAC,992
ATGATAATAAATTGGT,992
CAAATCGACAAACATC,992
CGCGTCTTAGCATAAC,992
CTAAACGCAAACTTTT,992
CTCAGCGAAAGTCTGA,992
CTTTGACTAGTCTTAC,992
GGATTTATAATCAATC,992
GGTGGGGTTGACTTGA,992
GTAATCGATAAATGTG,992
GTGGCACCAGGAACAC,992
TAGTAAAGCAAATAAG,992
TATGAAAGAAATCTAT,992
TTTAAGGAAATCAAAA,992
AAAAGCAAAACTGGAA,991
CAAAAGGTAAATTGTA,991
CACCATCAAGACCAGG,991
CTGCCCGCGTGCTAAC,991
CTGCTGGACCAAAAGT,991
GAAATTTGGAAAGACT,991
GACTATCGACAGATCG,991
GCCGCGTAACTTTCCA,991
GCTGTATGTTGAAGAA,991
GTTCCTGAGTTTGCAA,991
GTTTGGAGAGGCGATT,991
TAACATACAGTTATCG,991
TAATCCCTTAAATCCA,991
TACTCATATGAAATTG,991
TCCTCTTAACACTGTT,991
TCGTGAATGGGTAGAA,991
TTGAATCACGTGACAT,991
AATGCACAAAATTGAG,990
AATTCTAACCACTGAG,990
GAGTAGACCACGTCAT,990
GAGTTACAGTTTTTTA,990
GTATTTGCAAACATTC,990
TAACCGGAAAAAAAGG,990
TAACGTGCAACACCCA,990
TATATAGTGGAACATA,990
TGAAATCAATGTAGAC,990
TTAATCACGATGGAGG,990
AAAACAATACACTAAA,989
AAACACTATAGTAACA,989
AAACATTAGTGAACCG,989
AAACCATAATACCCAT,989
AATACGGGCAAAAACG,989
AGGCACAAAATACTAG,989
ATTAAATTAGAAATGG,989
CATCCATGAAGGCATC,989
CCAATTAATATACTAA,989
CCATCACTTACTTCAC,989
CCGAGAGAACCGGATC,989
CGCTCCTAGAAAGGTA,989
CGTATACTATAGTCAT,989
GATTATCACTCCTACT,989
GCAAGATATCATTCAA,989
TATCACTAAATCTATC,989
TGTAACAAAATACGGA,989
TGTAGAGCATGTTATA,989
TTAGATTCTACTAGAC,989
TTCATCGAGTATAAAT,989
AACAGATATTTCATTG,988
AGATATTCCTTAAGAA,988
ATCAACGCAAATCGGA,988
ATCATCAAAACAACCC,988
CAAACAACATACAGGT,988
CAACTTAGGAAGGACT,988
CGTCAGAAAAATTTAC,988
CTAGAGAGACGTCCCC,988
CTATCACTAATCTCAA,988
GATCTGTCCTAATAGC,988
GTATTATAAATTCACT,988
GTCCTCTGTCATCGAA,988
TAGACTGCTGGTATAA,988
TATATATGCAAAACAA,988
TATTTCAACAAAAGGC,988
TTCCGCTAAACCTAAA,988
TTGCAAACAAGCTTAG,988
TTTCACTTCTGCATGA,988
AAACATAAAAATATAC,987
ATAATGCACCAATATA,987
ATATAACTAAAAATTC,987
ATGCAGTAGTAAGAAA,987
CACGATTTCTCCATGA,987
CCCGGTTAGATAAGGT,987
CCGGTTAACTACCTGA,987
GTTGTTTTCGGTAAAA,987
TGACGAGCGAAAGTGT,987
TTCTCGATGTCATGCC,987
AACCTGTATAAAATTC,986
ACGGCTAAGTCTCAGA,986
AGACATCCCGTACGAG,986
ATCTTACTGATATGCA,986
CAATTAAACAGCCAAC,986
GCGCACAACAGACATG,986
GTAGAAAGGAGGAAAA,986
TACATCGGCGTAAAGC,986
TAGTAGTGATGTAACT,986
TCCAGACTTACTACTC,986
TGAAATACTTACTTCC,986
TTCCGCGTGCAGTGTA,986
TTTGGTCTTTATCCAG,986
AAAATACCGTACCAAA,985
AACAATCTACACGCAC,985
AACTACTACACACCGC,985
AAGGTTACAGACACCC,985
AATCGCTATAATAAGG,985
ACGCGTATCAGCTGTT,985
AGAGTTTGTGACAAAC,985
CAGTAAAACCTTAAAT,985
CCCCAGACCACGTGTC,985
CGGCTAAACGGCTGTT,985
CTGCCACAATAAAACT,985
GAAATTAAACCAACAC,985
TCCTACGATCAGCATG,985
TGTGACAATAATGGCT,985
TTCCAAGAGGGGATAA,985
TTGACCCTCCATGTAC,985
AAATACTTATCTATAT,984
AAATCCCCTGCTTTGG,984
AATCCAGACTCAAATC,984
AATGTATACGGTTCTT,984
CAAAAACCATATATTG,984
CAAAATCCTGTACTGA,984
CTTACCTGTACTCAAT,984
GACCAAGCAATGTAGA,984
GCACTTGCTAAAACTG,984
GCATTGAGAATGCTAC,984
GCGGAGAAATGACAAC,984
GTACACATCAAACCGC,984
TGAATGATTCGTGAAG,984
AAATAGTTCCTTGAAG,983
ACATATACTGAGAGGA,983
ACCGAGTAAGCATAGG,983
AGAATTAACAAGATGG,983
ATTATTCATTACCCAG,983
CAAAAACAAGCATTGG,983
GACGCGTACATGCCTG,983
GATGCTCCGGATCCTA,983
GGTATTGGATATAATA,983
GTAAAAAAAGCATAAA,983
GTCGCCAAACGTTTTT,983
GTGACGACTATTAACA,983
TCACGATTTAAGAATT,983
TCCGATGCGTTACACG,983
TGAGACCGAGGCTAAT,983
TGCGTATTAGCCAATG,983
TTATCGAAACCTGACG,983
TTTCTTATGAACCATG,983
AATTGGTCGGTAGATT,982
ATTATAAATGAGAGTT,982
CAAGTTCGAAACGAAC,982
CAGACATGCTGATCCA,982
CGCTGTTCAATTATGA,982
CGGAAGCCAACGGCGG,982
CTTTAAGACCCCGGAC,982
GAAATCGCTCCTACTG,982
GTCACATCATAAGCAC,982
GTCAGACGAGTAGCTA,982
GTTCAGCCAAAAAAAC,982
TTAACCGATGAACCTA,982
AAGCTATGAGATTTGG,981
ACACAGTAATATATCT,981
ATCCTGCGCAGACAAA,981
ATTCAAACGATATTAA,981
CAAAAGGATGGGCTAA,981
CAACAGAAATTAAGCA,981
CGCTGAAGAATCATCA,981
CTAATGACAGACACCG,981
CTCTATACTTATAAGC,981
CTTGCTTCCCACACCG,981
GAAAAAGAGAAAGGAA,981
GAACTGCTTAAATAAT,981
GAGAGGGCGTTACTAA,981
TCCACGTATTGAACCC,981
TTCAAAATACTCCCAG,981
TTGACACGGGGGTAAC,981
ACAGAGAACCCCTCAC,980
ACAGCCCTCGCCCAAA,980
AGACCGATTTTGACAG,980
CCTACGTTTTACTCAG,980
CTAAGGCTTCTAACAT,980
GAATTTACCAAGAAAT,980
GTGAGATCATCCTGTA,980
GTTTGCGACGGTCCTC,980
TCCAAGCATAGAAAAA,980
TCTTGCTTTACAAAAC,980
TGCTCCTTGTTACAAC,980
TGTTGAAAAAACAATA,980
AAATCGATGGGATCGT,979
AACTATTGAGTGCTTT,979
AAGGTATAGATCCCAT,979
ACGTCTTTACCTTGGG,979
AGTCTTGCATGACGGA,979
ATGATATATATTTACA,979
CATTCTGTGCTACGCA,979
CCAATCATAACAAAAT,979
CCACATGTTCCAAGTC,979
CCCAACCATCAGATGA,979
CGAAAGACCATCTGAA,979
TAGGAGTGCCCAAACA,979
TCAAAAGCAAAACACG,979
TCACTTCAAAAAACCG,979
TCTAGCGCAGATAATA,979
TGACCCAAAGTTCCAC,979
TGTCTGATTACGTGGA,979
AATACTCACCAAAACA,978
ACAACAACATAGTGGA,978
ACACACTCCCTGATGC,978
AGAGATTAAACAATAC,978
AGTCCCAACGAAATAG,978
CTGATATTTGTTCGAG,978
GAAGGTTTGTACCATA,978
GACAAGTCACAAAGAG,978
GAGACCAGATAGACAA,978
GTCAGTAATCAATCAC,978
TCATGAGCAAGTGCCA,978
TTACAATCTAAGACAG,978
ACACCAAGTGAATTTT,977
ACTTTAAAACCCCAGA,977
AGGTAACATGAATACA,977
ATACTGAGCCAAGCAC,977
ATATTCTAAATTTCAC,977
ATGAGTAAAAAATAGT,977
CACCCAATAAGAAGAA,977
CCCGATTCTAGAACCC,977
GACGAAAAGCCTTCGT,977
GATAATAAATGACGCA,977
GCCGTAGGCGATCTTG,977
GTAAATTCAAACGACA,977
TAAAGATATGCTGGTG,977
TAATGTGAGCAACAAC,977
TACCGGCATAACCCGA,977
TAGGTTTAGAACGTCC,977
TGATATACTGATTCAA,977
AAAACCTTTATTACGA,976
AACTTTATTAAGACAC,976
AATAAGGGTTCAGACT,976
AATTATTCATCACAAC,976
ACTAATGCACCGAAAT,976
AGCACCACCACATAAC,976
CTACAATTATCCATAG,976
GAATTCTCTTCAAATA,976
GTCCTTGATTCGCACC,976
TAAAAATGACTGATAT,976
TAATTATTCGAACATA,976
TACCTTCCTAAAAGTT,976
TAGGACGTAGTGCCTA,976
TATTGGAACAGTAACA,976
TCTAACAAATTTACGA,976
TTATCCCTGATCATAA,976
TTTATAACTGATAACA,976
ACAGTATATATCCCGT,975
ACATAAATGTCAGTCA,975
ACATCTAAGACCCCAA,975
AGACACATTATTGTGA,975
AGCTAAACAGACCAGT,975
GATGAAAGAATTTTAT,975
TACCAAGAATCTACAC,975
TACGCCAGCAACGTCC,975
TAGCGAGAAAACTGAG,975
TCAATTGGTTACATAT,975
TTTGAAATATCTTTGG,975
AAATCAATGTTAATGT,974
AACAGTACTTGAAACG,974
AACCACGTTACAAAGA,974
AATATATAAATAGGTA,974
ACAAGAGTATGCCCCA,974
ACCAGTTGGGGAGCCC,974
CATACATTACCCAAGC,974
CGGGAGACCAGTAAGC,974
CTAGTTAACCCACAGT,974
GCTTTAATATCAATGT,974
GGAACTGCTCATGCAA,974
TAAGATCATCATACAA,974
TACCATCATAAATGGA,974
TATTCTATCTCTCATA,974
TTCCCACCCCTATCAT,974
TTGTCCTAGTTGAATC,974
AGAGAACTCTTCTTAG,973
AGTCTCTTGAACAAGG,973
ATGAGTCTTCGTAAAC,973
CATATAGTAAACAACA,973
CCCAGTGCATCGAGTA,973
CGCTGTCCGCATCCCC,973
CTTCAACGAGTCCAAA,973
CTTCTGGCCGCCTAGA,973
GAAGAGGGATCGGACA,973
GCGTAACCGACCACAA,973
TATGAATTAGGCTAGC,973
TCTAACTGAAAACCAA,973
TCTATGATTTTGCACA,973
TGTGACGATGCAAGGC,973
AACATAAACTAAGGTA,972
ACTAAGAAGACACACA,972
AGACACTTATCAGCAA,972
ATACTCTCATAATGCT,972
ATATGAGAGTGGTGAT,972
CAATCACGTCAATTCT,972
CCCAAGTGCTAGCACA,972
TATCAGCCCGGTCATA,972
TCATATAGTCAGTTCT,972
TCGAAACAACATTAAT,972
TCGATCACAGACAAGC,972
TGATTACGGAACGTGC,972
TTTTTAGCTCATCCTA,972
AAACTGTCATTGTTAA,971
AAATTCATGGAAGGTA,971
AAGAGAAATTATGGAG,971
AATCATACCCTTTATA,971
ACAAACTACACTCTGG,971
AGCCTAATAAAAATAG,971
AGTCATAATATATTTG,971
ATTATTACGAGACGTA,971
CAATACTATATTCCTC,971
CAATTGATGAATATAC,971
CCCGAGGAAAACAGGA,971
CGCTGCGGTTTAAGGT,971
GAATTTAGTTCAAGAA,971
TAAGCGCGGTAAAAAG,971
TTTTGAAACAATTTCT,971
AAAGCCCTTCCCCCCA,970
AACTATCCCCCGGACA,970
AATAAGAGTATAATCA,970
ACAACCCGTCGTCACC,970
ACCGAGAGTACACTAC,970
ATCTAATTTACACATA,970
CGAAGCCTCTGTAAAT,970
CTCTTACCAAGAATTT,970
GATCGATAAAAACATA,970
GGGATAATGTGCGGAC,970
TAATAAAAGAGCTTGG,970
TAATAGTTTACTTATC,970
TTACGGAAGATCGTGC,970
TTTCCTCGAGATGTTC,970
AACATAGCATCAGTCC,969
AATAAATTGCCAACGA,969
AATGCTTCACAAAGAG,969
CCATAACAAGCTAAAT,969
CGACGTCTGCTTAAAA,969
GACACACCATAAGTAC,969
GCCCATCCAGTACCTT,969
GCCTTCACTTGCCGGT,969
GGTTGTAAACCTACAC,969
GTACTCCCTGAAGGGC,969
TAATACGAAAAGCTAT,969
TACGTAAAGTTTTGAC,969
TAGGCTCGAGAAATCG,969
TATAGAGTCCAAGAAT,969
TATGTGAATGCAGCGA,969
TGATCACTATAGGAAT,969
AAAATAAAGCTTCTAC,968
AAGACGTGATATTTCA,968
AATAACCTGATCACAC,968
AGTGACCAAAAGGTAA,968
ATATGAGTTCCTGGGG,968
CCAAATCCAACAACAT,968
CTCTAAACAACGCTGC,968
CTTGTTCTTGATATAT,968
GAGAATCGCCCGCAAG,968
GCACTCTCCATGAGAC,968
GGTCAACCATGGGAAA,968
GTAGAAAAACCCACCT,968
GTCTTTATATGTCAGA,968
GTGGGTAAGGATAAAT,968
TAATGTGAGTATCAAA,968
TTACGGAATATGATGG,968
AATGACGAAACTAACT,967
ACAATGGATCCATAAG,967
ACAGCGAAACAATCGA,967
AGTTAGACTCGGGAAA,967
ATCCGAGACGTTAAGA,967
CATATAAGACAAGATA,967
CCACAAATAATTCAAG,967
CCACCAAGCATGCCCA,967
CGCCGACTCTACCCAT,967
CTTACCTGTCCAGGAT,967
GAAATAGTTAAACCGC,967
GAAATGACGTATCGTA,967
GACGTCCAAGATCATG,967
GAGACTAAGTCATTGG,967
GATAATAGTACAGAAT,967
GCCAATATTTATAAAA,967
GCGCGGCAACCTAAAT,967
GCGTTTAAACGCTTCC,967
TGAAATTCGTAAATAA,967
TGAACAAACACCGAAT,967
TGGTAAACCAGACACT,967
AAATGTATCTCTGATA,966
AATATAAGCGGGCCCG,966
AGGGGCTTTTCGATAT,966
CAAAAATTCTATAATC,966
GAATATTCTAAATGAA,966
GACAGAAAGTATAAAT,966
GATATACAAGGCACCA,966
GGAACGGATTTACGTT,966
GGATCCAGTATGTTTG,966
TCACAGAACGCCGTGC,966
TCACCTGGCGTGATCA,966
TGTTTTTGACTGGCAC,966
TTACCAACAGCACACT,966
TTAGTGAGCACAATGT,966
TTATAGTGTGACTGTT,966
TTCAACTCCGTCAAAA,966
AAGACTGTTAAATTCT,965
AAGCATCAACTAAAAA,965
ACAAACTTTTGAAAAT,965
ACAACACTAACAACAC,965
ATCGCTCATTGGGTTC,965
CAAAAATCAATCAGTG,965
CAGACAGCCTTATTAA,965
CATAAAGCTCACAATG,965
CTTACTTACATAACAG,965
GGAAACAAAAATAAGA,965
AAATTAAATTCGATGC,964
AACATTCCTAAAAAGG,964
AATATAGACTACAATA,964
ACCTTTCCAGGATTAA,964
ACGGGCCAGGACAGAT,964
ACGTCTTGATAATGTA,964
ATCTGACGGCTCCGGC,964
ATTACTTTGTAGAGTA,964
CAAAACGGCAACAAAA,964
CAAAGTTTCTCTCTAC,964
CCAATCGTTGTGCTAC,964
CCTGCAATTAAGACCC,964
GATACTAGGCTTGCCC,964
GCACGGACGAAAACAA,964
GCAGGAGGACGCATAT,964
GGGCATGCTTACTATG,964
GTAACACAATGTATTT,964
GTAACGAAAAGAAAAC,964
GTAAGAAAACCTTACC,964
GTAATGTCGTTGTACA,964
GTCGCGTGTCTGGAGG,964
TAGACACTACCTCGCA,964
TGCTGCTGATGCCTAA,964
TTACCTGTCAGCCCGC,964
TTCCAATACGGATGCG,964
TTGATTAAACATTCTA,964
TTTCTGCTTAAACGTT,964
AAAAAGGTATTGAATA,963
AATGTTATGTAATCCT,963
AATTATATTAAAGATT,963
ACATATGGTAATTAGA,963
ACCGCACGTACTGCCA,963
ACGTGATATCTCTCCC,963
AGCACTCATTTCTAAA,963
ATACGCCGATTGAGAT,963
ATGCCTTACAGGATAC,963
ATTGACCGCAGCGAAC,963
CCCTTGAAAACCTAAA,963
CGGACGGCCTTAGAAA,963
CTCAAGATTATGAACA,963
CTGTCGCCTGAAGACC,963
GGCCACACGTGGGCAC,963
GGTGAGTCTTGTGCGT,963
TCACATCACTTTATAC,963
TTTACTCTTTGGGGAC,963
TTTCGCTGAACAAACC,963
AAAGGTTCAAAAGCCT,962
AATAGCCTACGTACTA,962
AATTCCCTCATAACCT,962
AGCAGAAAAAGCGTCT,962
AGTGAAAATCGGATCA,962
ATGTGTTAACTAGGTA,962
ATTATCAAACTAACTG,962
CAACAAAATCATTTAG,962
CAGTTCAGCGAAAATA,962
CATAATATCGCTCTAA,962
CATAATGTATGAAGTC,962
CCAACTTCCCGGCAGC,962
CCACTATCGAGTAACA,962
CCAGGTCATATGACCG,962
GAAACCTATAGAGGCA,962
GTCATTACTACTCTAC,962
TCAAGAAATCGAATAA,962
AACACAATACAGAACG,961
ACAATAAGTAGAGTTT,961
AGGCCGATAATCGCCA,961
AGTCCACGCTAAACAT,961
ATATAGCTGGAGAAGG,961
ATGGCTTGATGACGCA,961
CAAATGAAAAGCACAC,961
CAATATAACGACCAAA,961
CCGGAATGACCAACAC,961
CTGAATTACGGGACTC,961
AAAGGAACATGGATGA,960
AACGTACGATAGACAA,960
AAGTAGACTAGAAATA,960
AATCATTCCGATGGCC,960
AGGCATTATCCCAAGG,960
CAATCGAAGCATTAAC,960
CATCGAGTAAAGGAAG,960
CCCGAACTGCCATTAG,960
CTATGCACATGTCTCG,960
GAGCACAAGGAACACG,960
GGTCCACAGCTTCTAT,960
TATATTTAAAGCTCCC,960
TGTTGAACGTGCCTGA,960
TGTTTGTAAGAGGTCA,960
AATACTCTAGACGCAA,959
ACAAATAATTGAGTTA,959
ACTAAAGCTGAGATTC,959
ACTTGAACTAGGTGAA,959
AGAGACGTGCTATCAT,959
AGTAGTTCTACCCCTT,959
ATCCATGTTTCGCACA,959
CAAGTTGGTAAAATCA,959
CATAGCAAGTGAAAAT,959
CTATGCGCTTACGAAA,959
CTCGCGTGACAAGGAA,959
GCGGAACTTTCGCTGG,959
GCTATGTTGCTATTAG,959
GGAATCAGTTCCTTTT,959
GGCTACCACTGTAACC,959
GTCTTGTGCGCTATAC,959
TAAAAGACTTGATCCC,959
TAACAGATACAAATTT,959
TAATCCGAAAAAAATA,959
TCCCTAGAACCGTAAG,959
TTGTTATCTTTTTCGA,959
ACTCGCACCTATTCAG,958
AGCACAGAAAGGGAAA,958
CCTCCCAACCAACAAA,958
CGCTGTGGAAGATCAT,958
CTCCGAACAACCTTAA,958
GATGAATGCCTCCTAG,958
GCGTTGTTGCCCCTTC,958
GTATTTATCCTATTTA,958
TCCATATGGAACATGT,958
TGAACAAAATTTCTAA,958
TGGACGTATCACACTA,958
TTACATAGCGTAAAAG,958
AATAAACATCACAATC,957
AATTCCCGACAGCTCC,957
ACGCCCCTCCAAAACC,957
AGATAGGTTGGGTATT,957
AGTCGCAAATATCGGC,957
AGTGAAATTTAAGTAA,957
AGTGCCGAATGAATCC,957
CCACGGTTAATGAGAT,957
CGCAAAGTGCAAATCC,957
GAATCTCATTTCTGAT,957
GACACCAATCCCGTCA,957
GTGGCTAAATTGACAC,957
GTTTTTTAAGGCTAAT,957
TGACCAGTTCTAACCG,957
TTCCCTGTACAAGCGA,957
TTCGCTCCTGACGACA,957
AAAAGCATAATCCAAT,956
AATAGCAGCTGAATCG,956
AATCATAAGCTAGTTG,956
AATGAGACACTTATAC,956
AGGTCGACGATAAGGA,956
ATTCATATTATCGAGG,956
CATATCATACCGTATA,956
CCAACCACTCAAGTCT,956
CCTTCGTTATCTGGAT,956
CGATGCACTTTAAAAA,956
CGTGATTATATTATAA,956
GAAAAACACGAATATT,956
GCCAACACATAGACAT,956
GCCTGACGAGTACAGG,956
GCTACGATGTTAGACC,956
GTAAAAGATGAGTCAG,956
GTATGATTTCTAAACT,956
GTATGGGGTTTGTGAA,956
GTCATGATACAAGGCC,956
AAAAAGCATCAAAAGT,955
AACGAACGAGATCGTA,955
AATACACAAAATTTAC,955
ACTAGAGACAGCTCTC,955
ACTATTTGGAAGCTAC,955
AGATTAGTTAGATTTC,955
CGCGCTGAAACCTGAA,955
CTGTGACGTGGGAGAA,955
CTTAGAGTAACCCAGC,955
CTTGGTAGTATCTTTT,955
GAAAAAAGTGGCAGTT,955
GCACTCTAAAGAATGA,955
GCTCTGACATGCTAGG,955
GTTGCGCATGAGACCA,955
TAATCGAAAGTGACTA,955
TATGGGAGCCTTGGAT,955
TCTCTCATGACGCACC,955
TTAACTTATACACGAC,955
AAGCGATAAACATGGG,954
ACAATAACCCCATCTC,954
ACAGGTATGGTGCCCA,954
ACCAAAGACAGACCAC,954
ATACTCCATCAAAACC,954
ATTGGCCATTGAGGTC,954
GAAGACCCCCTCATTC,954
GTACAAAAAAGGCTCG,954
GTATTCAACAACAAAA,954
TAAATATGCTAGGTAC,954
TATTATGCAACGCGCA,954
TCGAGAAGATAGAGAC,954
TGACTTAGGATAAGCC,954
TTGCAAGACATACTCT,954
AACACAATTTATGACA,953
AAGAAAATGAAAATTT,953
ACGATGAAAAGGCGGC,953
ACTTATAAAAACCGGT,953
ATCCAAATGACCTACC,953
CAATTTTAGCTAATTC,953
CACATTCTGTCTTCTC,953
CCCGAACAAAGTAATC,953
CTGGTCGGATAGTCGA,953
GCCGCATACAGATTAT,953
GCTATAACTAGTATAA,953
GTAAATACTGTTACAC,953
TACAGAGTTCAACAGA,953
TAGAGACTTAACAATG,953
TCCGGGCTTGGGCACT,953
TGGGTTGTATGAAGCC,953
TGTAAGTTCGCCAAAA,953
TTAGAGCTACCATACC,953
ACACACGAAAGCAAAG,952
ACAGCTGAAAGAGAGA,952
ACCCCGGACGCAAAAG,952
AGACACAGAATACGAG,952
ATAAATGGCAAATTTT,952
ATACAAGACATCTTCC,952
CAAACACAGGCGAACC,952
CATGATATTACAAGGC,952
CATTCAAAATAGCTAA,952
GGTTGAACGAATTAAG,952
GTTTAACACTTCTAAA,952
TAGATAATATATGCAA,952
TGGCGTACCGCAAAAT,952
TTCTCTTCGCTAAAGA,952
AAAGGAAAAAAATGGG,951
ACAACTGAAACGAAAA,951
ACAAGACTAATAACTA,951
ACGGAAAGAATCGATA,951
CCGCAAAAAAGCCACT,951
CTAAAACAAAGGCATC,951
CTAATCAGACAAAATA,951
GACTCATAGTACGAGT,951
GATAGTAAGAGCAAAT,951
GATATGCTAGATCATA,951
GGTACAGCACCTACAG,951
TAAATGGCCAATGACG,951
TACTACATTCAGTCAA,951
TGATGAACTTCGGGTA,951
TGATGAGGGCGATTAC,951
AAGTCACCTAAGTCTT,950
AATCAATGACCATGTT,950
AATGAAACACTCTAGT,950
AGGTTGTTCTTGTCCA,950
CAATATCATTCATCTG,950
CACTAGCATGTACAAC,950
CATAGAAATGTCAAGT,950
CCACGTAGTCGAACAT,950
CCCGGTTAGTAACCCG,950
CTGGAACGCGAAATTT,950
GGTATGCTAATGAAGA,950
GGTGGGAGGACAGCGT,950
GGTTTATTTACCGCTC,950
TAAACTTCGGCCTCCC,950
TACTGACCCAATACTT,950
TGAGCCGTCTCACTCA,950
TTATACAAAAACTACA,950
ACCAGTTATGGGTGTA,949
ACTAAATGTTGCATAT,949
ATCATATACAAAAGAG,949
GCCCTAAGTGATCTAA,949
GGCACCCCTCTCCGTC,949
GTATTCGATTACATGC,949
TAGACAACCTATCTAA,949
TAGCAACCTCGGGGCC,949
TATAGACCATGGAACT,949
TTAAAAATGGTCGTGA,949
TTACCAGCGCAGATAT,949
AAAAAACTAACAAAAT,948
AAAAGTATAAAATAAC,948
ACCACGCACCTATCCG,948
ACCATAAAAAAATTAC,948
AGCCTATAACGGGACG,948
CACTCATAATATCCGA,948
CAGCGGGCGGCATCTG,948
CGAACAATTAATCACC,948
CGAACGAAACTATCAC,948
CGAAGCTACTAATCCG,948
CGGTAATAAACCATTC,948
CTAGTAAGAGTCTAAA,948
CTGCACTATTGATCAT,948
CTTGCCCGTGGAGACA,948
TACCAAGATATCAGCA,948
TAGATTCGATGTGGGA,948
TGAAAAAATTGATTTG,948
TGCACAATTATGATAT,948
TGTACACATTTGATAA,948
AGTTTCATCTCAGTAA,947
CACAATGTGAGATGAC,947
CAGACGAACATTGCTC,947
CGAGTCGACTGGCTCC,947
CTAAGGAAGTACTTTT,947
CTAGGTACACCTTCGC,947
GAACAACATATTGAAA,947
GCACAGCAATTCGACG,947
TAAAAAACAGTTTAGC,947
TACTGAAGCTAACGGA,947
TCTATTGTCAAGTCCG,947
TCTTCCCGAGTACAAG,947
TTCCAAGCCACAACCC,947
CCATATACAATCCTAC,946
CCGGGACTTGCCCTAT,946
GATAGAATCCCATTAA,946
GATTCTCTAAACATAT,946
TATAAAAACCACCAAG,946
TGAGACATAGAATACA,946
TTTAGTGAAAGCTCAA,946
AAATGTTGGCCACTAC,945
AATCAATACATCTCAA,945
ACCCAGTTATAAATTT,945
ACGTCAGCAGAGTGGA,945
AGGACAAAATTCAAAA,945
ATGAATATGACGAAGA,945
ATTTGTGCTACAAGTC,945
CACTCAATGGCGTAGA,945
CATTGTAGGACATAAA,945
CCGTTTAAACTTGGTT,945
CCTAAGATACACGTGA,945
CGATAGACACAGTAGA,945
CTATAATAAATCATTA,945
GAAACTGGATACAATG,945
GAGATTGAGTGTAAGC,945
GGCAACAATAGATGGA,945
GTAATTAATTGATACT,945
TAGTTAAAGTTCTTAC,945
AAATATCCCCATGAAA,944
AACTTAGCAGTAAGCG,944
AAGTTGGGATTTACAG,944
AGAGATCCGAAATTCG,944
AGCAAATCAAGGCTTA,944
ATCAATAAACCGATCT,944
CCGATCACATCAGACC,944
GAAAGTTTTACTAATT,944
GAAATACCGAACATTA,944
GACAAACGAGCAAGAC,944
GATAATTGCTCATCGG,944
TAAAAAACCTAAACCT,944
TATGCATCCATCTAAA,944
TGTTTCAAGCACTGAT,944
TTCGCGAAGTGACAGA,944
AATAAACATTAATCTC,943
AATGATAGCATAGGAT,943
ACCAAAGATACCATGA,943
AGATCTGGATCAAAGG,943
AGGAATTTGCCGGATC,943
ATGCTCTTAATTCAAA,943
CGCGCGATAAACCATC,943
CTATGAGTAAACTGAA,943
GAGCTGGCACTTCCTC,943
GTAGGTACTATGCGTG,943
TTGAAGGACAAACAAA,943
AAGTGATTCCATACTT,942
AATATACAGGTAAATA,942
AATGTATCTATCAATA,942
ACCTGATATCATCCAC,942
ACTAGGCAATGCAATG,942
AGAACGAGACTATGGG,942
AGAGGTATCTGGAAAG,942
AGTGAAATCTTTAACT,942
ATAATACGGGGAACTC,942
CCGTTCGCGGAATACC,942
CGGCGAGTGTTAATCA,942
CTTTTGACGAAACTCA,942
GACCCCTAACAACATA,942
GCATGCCACCAGATCT,942
GGAAACAAGCTGCGCG,942
TCAAACTATGTAATAT,942
TCTTGTATCTCAACAC,942
TGTTTCATACGAAACG,942
AAATTGTCGAAAGTTA,941
AACATAATGGTAAAGA,941
AACCAATAAGTTTAAC,941
AACCTGACAATACCTT,941
ATACATTAGAGTATCA,941
CCTTGAGATATATACA,941
GAAATCGCTGTAAAAA,941
GACACACGACAGTGTC,941
GACGAGTCGCAGTTTG,941
GGAGGCACCGATGCCT,941
TGAAATTTAATATACA,941
AAGTACAACAACTCAA,940
AATATAGTAGTGAACC,940
ACTAATCGTTAACTTT,940
ACTCAATTGAAAGACT,940
AGCCTTAAAAACTAAT,940
AGCGGTCACCAATACT,940
ATACCATCTTTTTTGC,940
CAAAGTCATTAACCTA,940
CACCTGCTCTATTGTG,940
CCCGAAATTGGTTCAA,940
CTAGGCACCGTATAAC,940
CTCTTAAGAAGTCATC,940
TCGTATTCATAACGTG,940
TTGCTATCCTCACCAA,940
AATACGCAACCTAGAC,939
AATGTTCCAACACACA,939
ACCAAGCAATTTAATG,939
ATAGTGATCAGACGAC,939
ATCAGAACTCCGCAAA,939
ATCATCCATTTAAACT,939
CACAAACATAGTTGAA,939
CAGTGATAGGATATAC,939
CCATAACAATTACATG,939
GCGAATACCAAACTTT,939
TGAAGTCTTAACAAAG,939
TGTCATATCACAGTTG,939
TTATCCATGTTAAAGA,939
AAGTACTCATAACCAT,938
AATCAGCTTAACGAAA,938
AGATGGGCCGATTCTG,938
ATCCAAAATAGTACGA,938
CAAAATTAGTCGCAAT,938
CGAAAGGAGTCCCCAT,938
CTTTCCGAGAATAGTA,938
GTACTTCAGTTCCTGA,938
TAATAAGCAAGTTAAT,938
TATGGCTGGACACCAA,938
TCTAGGCCCGGATTAA,938
TGGAGGCTAGATAGTG,938
TTCTGGTTTTCCACTA,938
TTTTACTATAAATATT,938
AAACCAGGAGCTGCCA,937
AATTACCCCAGTGCTC,937
AATTCTCCTGATGTTC,937
ATGTCACTCTATATAA,937
CGACTCCGTTGTAATT,937
CTACCAAGATGCAATA,937
CTGAAAGGTCAAGTGT,937
GAAACTCCACGTTAAA,937
GCAGATTAAAGGGACT,937
GGGCCTAACTGCACAG,937
GTTGACCGACAGCCCT,937
TCTTCATACTAATTAA,937
TGGAGCGCAATCCTGA,937
AAGATCGTTAACCGAC,936
ACGAGAACAAAGAACA,936
AGATGTAGAAGCAAAT,936
AGGCTACTAGGGTACA,936
ATAACGTACATATGAC,936
ATGAGCAAACTCCAAT,936
ATTCTATGAATCAAAA,936
CAACTGGCCAACATTT,936
CAATAAATCCACTTAC,936
CATTAAAAAAAACCAA,936
CGATGCACCGAGCAAC,936
GGTGTGAGGTAGAGTA,936
TACTATGCCTAGTGGA,936
TACTTAGAATAACCTC,936
TATGATACGAAATCAA,936
TCGTAAAAGTCATAAA,936
TGGACCGTATTGCAAA,936
TTAGAGTTACCACGCC,936
TTGAATATAAATGGGC,936
TTTAACAAAAACAACA,936
ACGTAAGTACGTACAA,935
AGAATTTTGGATAAGC,935
AGACCCCATAGCGGTT,935
AGCAAAACTGTTCCCA,935
CAAACGACAACTCCAA,935
CGACACATACCGTCGC,935
CGATGCCTTTCACTCA,935
CGGTAGAGAAGACAAG,935
GAACTTATATTTACAT,935
GCGCATTAAAATATTT,935
GGAAATCTCAAGTGTC,935
GTATATACAGACAATG,935
TAATGCGCATTTAAGG,935
TCATACACAAAATCTG,935
TTAATCGATACCTGAT,935
ACGGATGCTAACACAT,934
ACTACGGTTGAGCGAA,934
ATGTCTAGTTCAGAAC,934
ATTTTGAGGAAGCATG,934
CCAACACAGCTTAACG,934
CCGACACTCTGCAACT,934
CGCCTGGCAGCTCATT,934
GATCACATCTTACCTA,934
GGAGAAGATAATCATT,934
GTAGGATCATAGTCTT,934
TCGAAAACCTACTGAC,934
TCTGAATAACCCTAGC,934
TGAAGAGTCCCACCGC,934
AAAAATTATACACAAA,933
AATGATTCCTACCCAA,933
AATTACACCTAGTGTC,933
ACTCAGCTTGCTCTGA,933
ATACCAAACCGGCCAA,933
ATATCTTACACATTCC,933
ATCGACAGCCTACTGG,933
ATTCGTATTCAAGTCG,933
CATTATATTTGTAATA,933
CCAAAACTCAATTCCC,933
CGGTATCATGTAAATA,933
CGTCAGATCCAGTTAA,933
CTGGTGCTACCAGCCT,933
GATATGTCTCAAGAAT,933
GTACCCCGAACGGACA,933
TGCAACCCCATTACAA,933
ACATAACAGTATAAAG,932
ACATATCGGGGACGAA,932
ACTGCCAGCGTGACAA,932
ACTTAATCAAGCAAAG,932
ACTTACACGCTTCTGT,932
AGAGCACACAATAAGA,932
AGGACCCACTCACCCA,932
ATAAATTAGGCAAGCG,932
CCGCCACATAACATAT,932
CGTATGATTAAACATC,932
CTTGCAAATAATGCGA,932
GAATAGGAGGAAGCCA,932
GTGTAAGCACCTGATA,932
TATACAAGAGCTAACA,932
TTAAAACTGCTAATAC,932
AAATAAGACTCCGTGT,931
AAATATCATAGTAGGC,931
ACAAACGGATACCACA,931
ATGCCAAATCGGTAAC,931
ATGTACAAAGCGAGCA,931
ATTAAGATCCACAAAA,931
CAATCGAACAGATGCG,931
CACACTGAAGGCCACT,931
CCTCATGAAGCAGCAG,931
CCTCGAATCTTAGTAG,931
CGATGAGTTATTTACT,931
CTATAGGATCGGCAGA,931
GTCGAGGGTACTCTAT,931
GTCGTCGAAGAGCTGC,931
TATTAATGGACATTAG,931
TCAAGACTATGATATA,931
TCCAATAGATAAACAA,931
TCCAATGTCGGATATA,931
TGTCTGAAGTCTAGAG,931
TTTCAAAAATGAACTA,931
AAATTCCTTAAATCCT,930
AGACAAAGCAATACCA,930
CCTGGTTTTGTCGGCA,930
CTCTCCGTATAGACCT,930
GCGAAGAGCAAATTCT,930
TCGGCATGGCGGAGAC,930
TGTTTCGACTATTTGA,930
AAACTCATAACCTAAA,929
AACCTGTACCGGAAAA,929
AAGGTAGAAAGATAAT,929
ACTCTTGTATTTTAGT,929
AGAACTAAAAATCACC,929
AGCACTAACAAGGATT,929
ATAAAAAGTACACTGT,929
CAGTACTGCATGCAGC,929
CGTAAATACTTATAGA,929
GATTACACAGGAACGA,929
GCTACATGTGTAGTGA,929
TGACACCTGAGAAAAT,929
TGTCTAGAACCACATA,929
TTAATAAAGTTAAAAG,929
TTTATGTAACACCAAG,929
AAACTGAATTGAGTTA,928
AAGAACTATTGTTCGA,928
ACAATGACACTCATAA,928
ACATCTAAAAACAGTA,928
AGAAGAGACCCGCCAG,928
AGGCATAGATAGGCGA,928
ATAAAGTGTTGCAAGT,928
ATAACCCTATTCACCA,928
ATAATCGGCCTCATAA,928
ATATCCTTCTATTGAA,928
ATGAAGCGACATACCA,928
ATGTCGTCAAGAATGG,928
ATTACTGCCATCATGC,928
CCGAACGTGACACCAT,928
GACAGAGTATGAATAA,928
GACGATTCTATAACCT,928
GATACGATCAAGTAAA,928
GCCACCCACGATGTAC,928
GTTTACTTGATCAATA,928
TAAATACTCATAACTT,928
TTAAAATGATTAACGA,928
TTTACCCAAGTGACAC,928
AAGTCAAAAAGATGTG,927
AATTCTGGGGACGCAC,927
AGAGTATTGAGACCTC,927
AGGCCAAATAGATAGT,927
ATAAGCAGTCTCGACA,927
ATATTAGAAAAATAAA,927
GAGTGGCTGTACCAGC,927
GATAGTAGGATGATGA,927
GATCAACAACGCGGAG,927
GGACCCCAACAGAAAA,927
GGCTATCCACGCAACG,927
GTAAGAATCTCTGCTA,927
GTGGAGGATATGAAAC,927
TCCGGGGTGATTACCC,927
TGTAAGCGACGTGCAT,927
AAAGGAAATTGAGAAC,926
ACCTCTGAGGACCATT,926
ACGCACGACACTAAGA,926
ACTACGCTTCCTCGCG,926
AGACAAAGAGTCGAGA,926
CATAAAATGTACACAA,926
CCTGAAACTGTGAGAG,926
GACGTATTTGAAAGGA,926
GACTGTAACAAATTCT,926
TCCGTTTCGACCGAAC,926
AATTCTGCAACTTACC,925
ATAGCCGACCTATAAT,925
ATATTATACGTGGATT,925
CATCTACTTTATGCTC,925
CCGAACCCCTGAGTGG,925
GAAGCTAAGTTACTTA,925
GAATGCACACCAATGG,925
GATAATTTAGACATTG,925
GATCCAAATTTAGGAG,925
GCTGTATGCCCATAAG,925
GGTTTGGGCCCTATGA,925
GTCGGGCAATTGGTAT,925
TAAGGCGGAAATATTT,925
TATCGCACTTCGACCT,925
TCCTTGCCGGCGTAGA,925
ACATTTATCCGAAGAA,924
ACGCGAAAGGACCATT,924
AGAGACGAATATACCC,924
AGTGAAACTTTACGAA,924
ATGAAACACCCTTAAG,924
ATGAATCGCGTCTAAG,924
CATCTGCGCTGGTGAA,924
GAAGAGAGCATTGGAC,924
GACTCATATCAAAGTC,924
GAGTAACTATCCTCGA,924
GCATATGTCACGAAAG,924
GCGTTAGACGAGTCTT,924
GTAAAAGTCTGGGTCC,924
TACATCTATGATAAAG,924
TTAACAGACCTACCTA,924
TTTTCCTGACCGAGAC,924
AAAGTCAGTTCAACAT,923
ACAAAACGATTAGTGC,923
ACGTAAATCCAATACT,923
ACTCTAAAACAATTGA,923
ATCAAGACTTAATAAA,923
ATTACGTCCCCCCGCA,923
CCCGCAAGCTAAGGGC,923
GAGTATAAAGTGTCAC,923
GATCATCCTGTAAGGC,923
GATTCGGCGCAAGCTA,923
GGAACTGGACAGATAA,923
GTAACGGTAGAACTCC,923
TAAACCTAGCATATCG,923
TAGATTGGGAACACTC,923
TCGAGATAAGCGTATT,923
TGAACACTTAAGCTCG,923
TTATCGGCGAATTACC,923
AAAAAAATTAGAAAAC,922
AATACTGAGGGGAACA,922
ACGTCAGAACTAAATA,922
GAACATCGACATACAA,922
GATAAAATGTTTCACA,922
GATATCATAGACTCAG,922
GGATAAACCAGGAGAT,922
GGATTTAATACACTAT,922
GGCGCATAGACTACTC,922
GGTATTACAACAATCG,922
GTTCGACCTACGAGCA,922
TACGATCCTGGCCTCT,922
TATCTTCTGGTTAAAC,922
AACTAGAACATATAAG,921
AAGGCGTGTCACACCT,921
ACAAAATGCTACTACA,921
ACGTTCCTTAATAAAA,921
AGAGCCGAAACATACG,921
ATATAACAAGCAAAAT,921
ATGATTGGAAACTAAG,921
ATTAGAAGCCTATCCA,921
CAAACTTGCGAAACCA,921
CACAACCCACATAATA,921
CACTAATTCATCGGCG,921
CGCTTAGCTATAATAT,921
GCTCAACAGGCTCTGT,921
GTTTCACCAATGATCG,921
AAAGACTAACAAACAA,920
AACTCACATAAACTAA,920
AATTTAGAAAGTGTTA,920
ACAAACTTTACGTTTA,920
ACCTAATAAGTTTTAG,920
AGATTTCAGCTAACTC,920
AGGAGATATAGCACTA,920
ATAAAACAATAAACAG,920
ATCCAACTACTGTAAA,920
CAACTAAGAGAAGCGA,920
CCCAAACTTAAGACAC,920
CCGGTGATCCAGTAAA,920
CTATTTAGCCGACAGC,920
GACATAATATGTACCA,920
GACCCTAAATTCTATA,920
GCCATTCTGACCTAAC,920
GCGAAACATGCACCTG,920
GGACTGAAAAGACCTA,920
GGCACTTCAGGACTAA,920
TCAGCAACATCTTTAA,920
TCGAGTTAAGGACTCA,920
TGGGCTATTGCTCAAG,920
TGTTCGTTCTGAACAA,920
AAATACATAAAGATAT,919
AGGAGATACGATAGCT,919
CCAAGCCGACGACCCT,919
CTGAATTACTTACCCT,919
GACAAGCCAGTCGTCC,919
GAGAACGCAACACTGT,919
GGGTCACAAGGCGAAT,919
GTAAAGATTCCCAAGC,919
TCAAAAAAGCTCAACC,919
TTAATGGGAAAAATAC,919
TTATCCATTTAACTTG,919
TTCCCTTGAAATGAGA,919
AAAACCCGTTTTGGTC,918
ACGCTGCTATGAAGCC,918
ATAGTGGAAACCAGAG,918
ATGTATCTAGCGCATA,918
CATGGAGCATACAGAG,918
CCATGAAGTAAGTTAA,918
CTACGGCCTTAATGTA,918
GGAACATCGATTCCTA,918
GTACACTAACCCACAA,918
TCCTAAGTAAAAGGAT,918
TCGAGAGAACGAGGTC,918
TGTCTGTCAACAAATC,918
TTGCAAGATAACACAA,918
AACGTAGATACTTATT,917
AAGATTAACCATCCTT,917
AAGGGTCGCAACACCT,917
ACACGAGTGTTATATC,917
AGGGCATTCTGTACAG,917
AGTTGTCTGGTCCCGA,917
ATTGAGCTAGTCAGAG,917
CAAAACTTTACAAATG,917
CAGCCCGTAGCCAAAT,917
CCAACTGCACACGAAT,917
CCAATCGAAAACGTAA,917
CCGATCATACAAACTT,917
CTGTACGTCACTCCAC,917
GAAAAATGAACGATAT,917
GATACACATAGTATGA,917
GGACAGAATGAAACGT,917
TATCTATTTCTGTGCA,917
TGACAAGTAAACACGA,917
AAAATTCCGTAGCCGA,916
AAACTTTATAAATGAC,916
AATGCTTTCGCATCTT,916
ACTAGTTTTGTGAAAG,916
AGAACTGCGACACAGC,916
ATCTAATTATTTAACG,916
CCAGGCAAAAGTAATG,916
CCCATGGTATATTGAC,916
CCTTGGGCGATCATGA,916
CGAAGAGATTCTATAG,916
GAATTTCATTTCCACT,916
GCCCCCCGACGCAAAA,916
TACCGCCTTCTGCAAA,916
TACGTCGTTACGATAA,916
TACGTTAATTCGGACT,916
TCCCGTCAAAATATTA,916
TCCTAGTCTGGTCAAT,916
TCGAGTGGACCCTCTA,916
TGATAGGCAACAAAAG,916
TGCGGAACGCACTATT,916
TTTACAAGTAAATTAC,916
AAAGTCCGATCTCCTT,915
AAATAAACTATACTGC,915
AAATGAACCCGTGGAA,915
ACAGAATTTCTTTCAT,915
AGAGAAAAAAGCTCGA,915
ATAGCACCCAATAGCA,915
ATTGTGACCTTAGCTG,915
GTACTTTAAAAAAACT,915
TATGCCTTTAAATATT,915
TGGAAAACTACTCAAT,915
TTAATGAAACCTCCGC,915
TTTACCTAGCACGGAC,915
ACATAAGTTAATAACA,914
AGCAACACAAACAGTT,914
AGTATTCAGATATAGC,914
ATAGCGAGGCAGGTAA,914
ATATTACACTCTCCCA,914
ATATTTCTGTTTCATC,914
CTCAGAGGGTTTAGGT,914
GATGAAACAACGTAGT,914
GATTCCATTATGCACG,914
GCGGCCATGCGCGAAC,914
GTCTACGTGAAAATAC,914
GTGGCTGCTGAGAGTG,914
TAAAGAGCTAAGAGAA,914
TATACTCGACTTTATA,914
TCTTGAAGTTTTTCAC,914
TTATAGAAGTAATGAA,914
AAACATACGATCTTAA,913
AGCCCTCATCGGTAGA,913
AGGTACCGGCCTGATT,913
ATGGTCCTTGCAGGTT,913
CACGAATGACAAAAAC,913
CATCAAAGTCGATCTG,913
CATTTCAAATAAATCA,913
CCGCAAGAGAAACAAA,913
CGCCGAAGAGGGCTGC,913
CTGACGCTTTACATAT,913
GGAGAATTTTAAGCAA,913
GTCTACGAGGGTGGTA,913
TCCCCTCCCGCGAGTA,913
TTCAAAAAGCAGTCAA,913
TTCCTCCTATCATGCT,913
TTGTCACCAAGTTATG,913
ACCTGTTATATGCCAA,912
ATATAGAATTGTTGGT,912
ATCCGGACTTTAACAA,912
CCAAAATCGCAATAGC,912
CCCAAAAGTCTCGTTA,912
CGTCACACGCCTTACA,912
CGTTGACTACAGCAGG,912
CTAGCATATAAGCTAT,912
GAACCGAAATGAGAAC,912
GCAGATACAGATTGGC,912
GGACTTGCCGGCTCCA,912
GTTCAGAGAGGCAACA,912
GTTGCTTGATCAAAGT,912
TAACAACCAAAAACGG,912
TAGTGACCATCCGTAC,912
TCCTAATATCATATAC,912
TTCTCACAGATCGCCC,912
AAAATATTATTTCCCA,911
AAGCTGAAATCACCCG,911
AGAAGAAGAGTCATTC,911
ATTGTCACAATAAGCT,911
CGAAACACCAACCCGT,911
CGCAGGTTCAGACGCC,911
GCACGACATGGGACTT,911
GCTTCGTCCTAAAGAT,911
GGACAGCCGAATGAAG,911
TACGTGGAAACAACTA,911
TACGTTGAATAAAAGG,911
TCAAATGTTTCACTAT,911
ACTCTCAAATGAATCA,910
AGGCGTTGTCAAAGAT,910
ATACTATACGTACCAC,910
ATATAATCAGTACGTT,910
CAACGTTACATCTGCC,910
CTTCTGAAACCATTCA,910
GACACATTCTAAACTA,910
GATCAAAGTAAAATAC,910
TATAAAAGCAATAATT,910
ACCAATTCTAAAGAAA,909
ATGTATGCTGTAAATA,909
CAACTCCACTAAATGT,909
CAATGACCTTCCCTAG,909
CCAACGGAAGAACCAC,909
CCATAATTTTATACGG,909
CTTAGAAATCGTTACG,909
GGGAACAACTAGAATT,909
GGGCAGTAACGGCAGT,909
GGGTCCTCTCTTATGC,909
TACGTTACATACGGAG,909
TAGAAATTTGGCACTG,909
TATTTCAGCTGAAGCT,909
TCAGCTATTTCAAGGA,909
TTCAGTACAATCCAGA,909
AACACAGGGAAAAAGT,908
AGCGAAGAATCTATTA,908
AGCTCGCAATACAAAA,908
AGTCACACCGAAAATC,908
CAAAAAAATCTAAAAC,908
CAACTTTACTTGCGTT,908
CGATCGGAGCGCTATA,908
GACTAACATCGAATGA,908
GCCAGAGCGTTAAAAA,908
GGGAATGTAATCACTA,908
TAGGAAATCACAAGTA,908
TCGAGAAAGTGCACTA,908
TCTTACTGATAAGCCG,908
TTAGTTTGTCACTACG,908
AAACAAGATCCAAACG,907
AAACTCGATCAACCAA,907
AAATCCGCAATCGAGC,907
ACAGTATCCGTCCCCA,907
AGAAAGAACCCCGCAA,907
ATAGATATCTATGAGC,907
GACAACACGACCACGC,907
GACCTACTTCACGCAT,907
GCTCTAGTTTGGAGGT,907
GTGTAATGCTAAATAT,907
TAACGTCATCAACATA,907
TAGTGTCGCCAATTAA,907
TCCTGTCAGTGACAAG,907
AAATACGATTTCAGAT,906
AAGACCAACCGACCAG,906
AGCAAATACCCGGTGT,906
CATAAACTGTGCACTG,906
CCAATCATCACTTACA,906
CTACATTAGACTTATC,906
GAAGTATGCTTTTTAG,906
GACCGAGCATCAAGCA,906
GTTAGAATCGTAATCA,906
TATACGGCAAATAAAT,906
TGAATATATATATGGA,906
TGCATTAGTGCGGCAG,906
AAGCTCTTATTAGAAT,905
ACAACAGCATGCTATC,905
ACTACCTGACGAAATA,905
AGAAGCGACAACAAGA,905
AGAGATGTTATTAAAA,905
CAAATTAATCTTATTG,905
CCACACAACAGATCTA,905
GAAATTTAACGTTTTA,905
GAGACGGACTATAAAA,905
GGATGGAACAGTGTAG,905
GGTCGAGTTCCGACTC,905
TACATTCATCAATAAC,905
TACCAGCTGGCAATAC,905
TATGCAGGACAGGGGA,905
TCAGGATGCCCGATAA,905
TCTTACAAATCCTACA,905
TTGGTTTTGGAACCAA,905
AAGCCTCAACTACACC,904
AATTTCGTAGAAGACC,904
ATAAACAAATCAGGTG,904
ATAATGTGACTGGATA,904
ATACAGTAATCAGATA,904
CAAGTTGTCGGAGACG,904
CCACAGACAATCAAAC,904
CTCCACCACCGTAGCA,904
GAGCGTTATCATCAGG,904
GCGCTGAATGGCGTTC,904
GGAGAACACCACCGAT,904
GGCTTCCTCAGAACAT,904
GTTATAGCTAGTTAGA,904
AAAAAAGACGTCTATC,903
ACAAAACCTAAATAAG,903
ACCATGACAAAAATAG,903
CAATAAAACCGATGAG,903
CACCTTACTAGTGTAT,903
CCAAAATACTATAAAA,903
CCGACCTTCGAGTCAA,903
CCGACTGTGCGTTAAA,903
GCATGGACCGGGATCA,903
GTTCCCAAGCGCTTGA,903
GTTGAAAACTTTTGTA,903
TATATATCGATTAATC,903
TATTTGAGTAAGTCAA,903
TTGAGAGAGAGAATGG,903
AAACCCTCGGAGGTCC,902
AAACTACCCAGATAAA,902
ACCTACCTAAGCCCTA,902
AGAACAAATCGATCCG,902
AGTCACTTTACACAAT,902
ATAAAGAATACCCCAA,902
ATATACCTCCTAAATA,902
ATCATATTCACTACAA,902
ATGCTGTGTATACACA,902
CACACTTTTAAAAGAG,902
CGACTCAAACGCACCA,902
CGTCGTTTTCATGAAC,902
TACACAGGAAACGAAA,902
TAGACAAAGATACTAG,902
AACTGTCAATTCATCA,901
AAGCTGACTTGACGAA,901
ACAATGAAGTCCTCTA,901
ACGACTGCTAAAAGAA,901
AGATCATGATTTAGAA,901
ATCTAGTCGTACCAAC,901
ATCTCAATCCCAACGC,901
ATGGCGCTAGACCTCA,901
ATGTGAAGCCCTCTCT,901
GAAGTGTTTCAATCAG,901
GATAGTAATTGTGATA,901
TACGACTTTAAGCCTA,901
TACTGAACCATAGTTC,901
TCACTGACTGTGTTGT,901
TTTATTTACGAACTTT,901
AAAAATCACAATTCAG,900
AAAGGGACGCAACAGA,900
AATTTAAAATGCCTAT,900
ACATTCTCAGCAAAAC,900
ACATTTTTGATGATTA,900
CATGACTAAAAATCCG,900
CGCTATCAGAACAAGG,900
CGGACTGGCTACGACC,900
CTTAACGTCAACAAAA,900
GCACTTCCAAGTCTAG,900
GTACTAGGATCCAAAA,900
TAGTTGACAGTTGACC,900
TGCTGACCCTGAGAGA,900
TTATTGGAAGTATTAG,900
TTGACTACCGAAGGAT,900
AAAGTAAGGACTTCAA,899
AACCTTCTAACTGAGT,899
ACAGCAAACACTGATC,899
ATCGGCATTTTCCTAA,899
CCTAAAAGCAGAATGA,899
CGAGGCAACGTTACAT,899
CGCATGACGCACTGAC,899
GAATCAGTATGAAATA,899
GCCTTGTAAGATATTA,899
GGCCTTACCACTCATG,899
TATCCACCTTAAAAAG,899
TCAAAAACTAGCTCGC,899
TGAACCTAATTCTCAA,899
AAAAAAACATAGGCTT,898
AAAAGACCAAGACCTG,898
AAATGACGCATTCTTC,898
AACACAAGCTCATACT,898
AAGTCAGCCAAAAACA,898
ACGATAGGAAACCTGG,898
AGACAATAGTATGTAA,898
ATGCGAAAGTCTTAAG,898
ATTGATCTTAAGTGAA,898
ATTTAAAACCAGTACA,898
CCCAGAAATGCAACCA,898
CCCCTCGAAATAACCG,898
CGACCGTAATAGTAAA,898
CTATATGTAATGGGCA,898
CTTTAGCATTTAAGAA,898
GAAACGGTAGCAACAG,898
TAGCAGATTTTAACAA,898
TCGGTTATATACACAG,898
TTACATTTGCTTATAA,898
AAACGCAACTAGCCGC,897
AAAGTCATACCTTAAA,897
AAGGTTTTAACGGTGA,897
AATACACCCGACTACA,897
ATCTCTCGTTTGGATA,897
CCCAGGACGAATCTAA,897
CTTGGATGTGAAAACA,897
GCGCGACCTATACTTA,897
GCTAATCAGTAAAATT,897
GGACCCAGAAATCACA,897
GTATATCGTAATTTGT,897
TAACTCTATGCCTTGA,897
TAATACAGAGATGTAT,897
TCGGTAACGTAGTCAA,897
TCTTATTACTAATTCT,897
TTGGTAACTTTCAGGA,897
AAAAACACGAATATAA,896
AAATACCGAAACCAGA,896
AAGCCTAATGAGATCA,896
ACAGACTCACGAACGC,896
ACCTAAGGGAAGCCTT,896
ACGAGGCACAAGAACT,896
AGATTCTGCTCCCACG,896
ATTATCCTCTACATTT,896
ATTTCCTATTTTTAGA,896
CAAACCCATGCAAGCA,896
CACAGAGGATTGACCA,896
CGTGAAATAGTTATAT,896
GACGATCCTCCGGTTG,896
TATAACGGGCATAGAC,896
TCAGACGCGGGGCCCA,896
TCGAGCGTTCGACTTA,896
TTTGTAGAGACCGATG,896
AAGCTACAAGAACGAG,895
AATTATACACTACCTA,895
ACTGACTCAATAACAG,895
ATGGAAATCCCAATAA,895
CATCAGGTAGATTTTA,895
GAAAACAGAACTTCAT,895
GCTATGAATTTATCCT,895
GCTGCCCCCTGTCCCA,895
TAAAACCACTGAATCA,895
TTACGAGTATCAGTAG,895
AAATTTACCTATAAAA,894
AACATTCCAAATAACT,894
AACTCTGTTCTCCCCT,894
AATCATCTTGAAGCAC,894
ACAAATAGATATTACA,894
ACAAATTGAGGCTCGG,894
AGGAGACTAAGGCATC,894
ATGATCCGGTTGTATC,894
ATTATTGCAAATCCCA,894
CAAAAAATTGGACGAA,894
CTAATCTAACGAAGCG,894
CTACGCTATATCTTTC,894
CTATATTAATTTGACA,894
CTCTTACTCCTAGCAT,894
GGAGTCGTCCCTACTA,894
GGGCTATACGAATCAG,894
TATTTAATGATTCAAA,894
TCCAGAATAACGAAGA,894
TGAGTACCGGTGTACC,894
TGCATAAGTATACTAG,894
TTTTAGTCAGATTACC,894
AAGAACCTTGAGACTC,893
AAGCCCACACCAATAT,893
AATCCACCACATAGCC,893
ACACCTAGTTTGCTAG,893
AGACTAATAGATTCCC,893
AGAGTTCGCACGGGAT,893
AGTTGTGTCGACCCAA,893
ATATTGAAAGTTCTAT,893
ATCACGCTCGCAGCCG,893
ATCGTAGTCCTTATAT,893
CAAGATCCATTCGCGC,893
CATAAAAAGGACGGTC,893
CATCACGATATGTAGA,893
CATTTGAGACATGTCA,893
CCTTTATAAGTCACGC,893
CTAAATCTGACATTTA,893
CTGTGAACTCTTCAAA,893
GATCGAATTTAGTATA,893
GGAGCAAAACAGGACT,893
TACACTCAAAAAATGC,893
TCCTTGACACCTCCTC,893
TTACGCACCTATTGGT,893
AAGAGTAGAAGCGAAG,892
AATACCGATATCTACT,892
ACGCACACGATGAAAT,892
AGCAACGACTGATTAC,892
AGGTGATATGAAACAG,892
ATGAGGTCCTGAACTT,892
CAAGCGGAAAAACCAT,892
CGCAATACTCCAGTTA,892
CGTATCTAACTAACAT,892
CTAAGAAGTTTTTAGT,892
CTACGGATTCGTATAG,892
CTGCAAGATTACCTTA,892
GAAGCACGGCGCTCTA,892
GCGGAAGACTGATGAT,892
GTAGTTTCATAAACGT,892
TAACCACTACACAAGT,892
TACTTCTAATACTACT,892
TCGCCCTCGGTTTCCA,892
TCGCCTGTTATCTCTC,892
TTAGACGACGAACTAT,892
AAACAGGCTGATGTCC,891
AAATTTACAAGGTTAA,891
AATAACGTGACATATG,891
AATACAGATACGCCGG,891
ACGACCCTCATGTGTG,891
ACTGAGTTTGGCTCGA,891
ATATTACTTTACTAGA,891
ATCATACGCCGAACGA,891
ATTCTATTTACCTAGT,891
CCATCTTAGATTGAAT,891
GCCACGAACACTAACT,891
GGCTAAGGTTAAGGAC,891
TACTCACCCTCTCGGC,891
TGAATCGACTGTCTCA,891
TGACACAACAAAATGA,891
TGATATTCAAAGGGAC,891
TTTAAATAACTTTCTT,891
ACAAACCTCAATGGAT,890
ACATAGTCACACTATA,890
AGACATCATCGCGTAC,890
AGGAGGGCGTCTCAAT,890
ATCCAGTATTATTAAT,890
ATGAGTTCCTTGTGGC,890
CAATACAAAATAGACA,890
CACGGGAGTCATAATA,890
CAGAATCGATAAGAAG,890
GAGTCATAATTGATGG,890
TCCGAGCAACATTCAT,890
TGAATAGCCAACTTCA,890
TGCTCACCTCACTTCG,890
TTACCGACCGCACATC,890
TTCACACTACACCACC,890
ACCGCTCACATACCTA,889
AGACTTTTTGTCGAAT,889
ATAAGCTAACTCTGCA,889
ATATTGGTCTACTCAA,889
CAATCTGCTGCCCAGG,889
CATAGTTGTTGTGTAC,889
CTCAGTGAAAATAAAA,889
TGCATCCGCTGAGCAT,889
TTATACCTGTATAAAG,889
TTCAGTTTACAATTGT,889
AAAGGAAATATAAATA,888
AAGATACCCCGTGTAT,888
AATGATAAACATTCCG,888
ACTTTATGACTAAACC,888
AGTAAGCGCAAATTAC,888
CATATGAGAATCTACA,888
CCAGGACTCAACAGAA,888
GCAATAAAGCTCTAAA,888
GGAAACAAAGGCCAAC,888
TCGTCAAAATTTGAAA,888
TGAACATCACTAAGAG,888
TTTGGAAGCGCCTCTT,888
AAAAATTAAGAGATAA,887
AACACGTGATATGTCG,887
AAGGACTACGCCGTTC,887
AATTTGAGAAATCACA,887
ACATCAGGTAATGCTA,887
ATAGAGGACAGAACAA,887
ATAGATCGAAAAACGT,887
ATCTTAAAGATTCGGG,887
ATTGTGGTCCAAATAG,887
CACATTAACCTGCAAT,887
CAGCGTGCATAAGAAT,887
CCGAATACTTATTAAA,887
CTACAGAGAATACTCA,887
GATTTCTATTTAGTAA,887
GCCGCAACTAAATGCG,887
GCTGCGATGCTACTAC,887
TAAATCATCGGAGCGA,887
TACTCGCCTAGTGGGC,887
TCCTTAACAAAGGCAG,887
AAAGTATAGACCGAGG,886
AACAGCTCAAACTACC,886
AATAGATGATAACGAC,886
AATCTAGATACAATCA,886
ACCCGTTATTCGTACG,886
AGTTAAAGAACGTTGT,886
ATACTAGGATGAGTTA,886
ATGCCACGTAGTCCCC,886
CAGACAGCTACCCTTA,886
CCACTCAAGATACCAG,886
CCCTAGAAGTGACAAA,886
CCGTCTCAGAAAATTG,886
CGACTAAAGATAAACG,886
GAAGATCTGTGTGAAA,886
GCGCTCCAGGGCGGAC,886
GTTGCTCGAGATATAA,886
TAAGCAAAACCTTTGT,886
TCATTGATGATCTCTA,886
TCTCAAAATAGAAGAA,886
AAGCCGGGCAATTGCT,885
AAGGCGCAAGAAGTAG,885
ACTGAATAATTTAAAC,885
ACTTACGGATCCATAG,885
AGGCGATAAGAGATGT,885
ATCTCCGAAGTTCCAC,885
CAAGTATGATGGGGAT,885
CTAAGACTGCAAGCAA,885
GAGGTACCTGAGTCAT,885
TAATCACTAAAAGATC,885
TCCATTCGGTACTACT,885
TGACTGCACAGAAAAA,885
TGTCAGAATAAAAACC,885
TTGCAAGAAAATAAGG,885
TTGTTGCTAGAACTTC,885
AAAGGATGGGAAGATC,884
ACAACGTGCCCTTTGC,884
AGCAAATGATATTAGA,884
AGCGATGCATATAGTT,884
AGCTAGCACGACGTAC,884
ATTATGGGGTCAAACG,884
CAATAGGTTGATCAGG,884
CAATTTTCAGAAGAGA,884
CCGAACACATTATTAA,884
CCTAATGCGGTAAAAG,884
GATTACGAAATTACAC,884
GTATGAGTAACGCACG,884
TAAACGTCAAGCACAA,884
TACCTCCGCCAGTCAT,884
TACGGCAACTTACACA,884
TATCATGTATAAGCTT,884
TATTAACCATAAAGTA,884
TCCTAGAGGCTACTAT,884
TGGCAAACAACTATTG,884
AAAACTATAAATGTCA,883
AAGCTATTACTACTAC,883
ATAAACGCGTGAAGTC,883
ATAATAGCGGGACCCC,883
ATTCAGCTCGTAACTC,883
CAACACGATTCATGTG,883
CACTTAAGAGTAACCC,883
CCATTAAACCTAAATC,883
GCATAATAAATTTACA,883
AATACTGATGATGCGC,882
AATACTTAAGATTAAC,882
AATATACTTGCTGCGC,882
ACATAGACTAAGTCTT,882
ACTAACGTCGCGCAGT,882
ACTCGCATGCTGCATA,882
ACTTTATATAAACGCA,882
CCATACAATGTGAGTG,882
CTGAACTGACTTTTGG,882
GAACGGCTCTAAGCAA,882
GCCACTTTCAGTGGTT,882
TCTTTGGGTAAAAATA,882
TGCTTATTAAGAATCG,882
TTAAATGCCCTTTCTT,882
TTGATAGTATCCAGAG,882
ACCTCGTATACTGCAC,881
ACTTTAATTGTGAACA,881
AGAAACTGCTAAAGGT,881
AGTTTAGACTAACTTC,881
CATGAATCAATCTCAG,881
CCACGTTTAGATGCAA,881
CCGGGTCATATCGCCA,881
GAATTAAGCTTATACA,881
GACCATATTATAATTG,881
GTAATAATCATATAGT,881
GTCCCACCAAAAGTAC,881
GTTAGTAACACGACGC,881
TAATGTGATCTGGTTT,881
TCTGGCCTATCTCCTA,881
TGAACACTAATCATCA,881
TGCTTGGGCTCGGCCA,881
TTAGGTACACTTAGTC,881
TTCTACAATACAAGCC,881
TTGCCTATTTTAACTC,881
AACCGTGATACATTAC,880
ACACAGGCTCTAAGTG,880
AGCATAAACACCCACC,880
ATCATGCCGAACTGTA,880
CACGCCCCCACAGATC,880
GCCGAAGTTTAAACCT,880
TCGAAGAATACCACAA,880
TTCAAGAAAATGGATT,880
TTGTTATATCTTGCCC,880
ACCTTACCCACAAAGA,879
ATATCTGAGTCTTAGA,879
ATCGGACTTGACAATA,879
CAACCTTCACTTACTA,879
CATTGCGAACTACCAA,879
CCCCTGTGCTATCTGC,879
GCCATAACCACGATTG,879
GCCCCATGAATGAACA,879
GGAGTGTAGCGCTATC,879
GGATGAACACCTAAAT,879
GGTATGTCATTTAAGT,879
TAAAGAAAGCCCCAAG,879
TTACCAAAAATCCCCG,879
TTTAAGAATGAAAAGA,879
AAAAAACGCATGCTTA,878
AAACGGTATGAGCCAC,878
AAATATATAATGAGCG,878
AACAATAGTCCACCAT,878
AACGCACCTTGGCATG,878
ACCAAGAGAATCAAAC,878
ACTAAACCCGTAGGAA,878
AGCTTAAAGCACTTGT,878
AGGAAAGTAATCTAAC,878
AGGCAAAAGAGCTAGA,878
CAAAGGAGCCGTTCAA,878
CAATGCCAACACGATA,878
CAATTTAACGCAATGA,878
CTCCGCCGGACGAAAA,878
GAATTAACAGACAAGC,878
GTTACAGCATATAATT,878
TCTTATCTATGTAGAT,878
ACACAAACGGAGTCCA,877
ACACTCGAGGACCATA,877
GAAATCTCCAATCCTT,877
GACATGCGTATAATCT,877
GACTGTGCGTAGTCAT,877
GCTTCTCTCGGAATAG,877
GGTGAGTAATACGCTT,877
GTGAATTCAGAGGACA,877
GTGATCCAAAACCGGA,877
TACACAGCGACAAATA,877
TCCGTCTCACAGGATG,877
TTTAAAGGGAGTTTGG,877
TTTATAACGCTGACTG,877
AAGTTAAAGGCCATGT,876
ACCTGTGGACTAAGGT,876
AGCACGACTTCTGAGC,876
AGGATCACTCCCTACT,876
ATCTACACAAACTAAA,876
ATGTATCTGATCCTAT,876
ATTAAACAAAATAGCA,876
GGTTGATAAATGGGCC,876
TAACCTTAGAACCATG,876
TCATGTCTATAGCAGC,876
TCGGACTAGGCAACGA,876
TCTACCGTGTTTTACA,876
AAATTGCATCAGACTA,875
AAGAGTTTGGTAAATG,875
AGAATTGGGGACTATC,875
AGATCCAGTGAATATT,875
ATACGACCCTGAACAA,875
ATGGGGCTAAAACTCA,875
ATTATGATCGAGACGC,875
ATTGTACCTAGCTTAA,875
CAACTAATCTTACAGC,875
CACCATATAATTAATA,875
CCAGGTTAATAAATAA,875
GAACCCTACCCCAAAA,875
GACAAGCCAGGACACA,875
GCTTTGAGAGAATCAC,875
TACACTCTTACTCACA,875
TCTGGGGAATACACAT,875
TGCGCTAACAATGAGA,875
TTCAAATCGCAGATGA,875
AAGATAAATTTTCAAT,874
AAGGCCATTGAGTTAA,874
ACGTAACACATTAACG,874
AGCAGCGTACAAACAC,874
CAACTTTAACGAATAA,874
CCCTGCCCAGACAATG,874
CGAATTGGCTTCTAGT,874
CTATTAATCTCCGTAG,874
CTATTGGACATCTTTA,874
GAACAAGGAGTTCAAA,874
GAATCTTTTTTGCAAC,874
GACCTAGAGGACCATA,874
GAGAATGAATATGAAT,874
GATCGGGACCGCATCC,874
GATTGTTCCCAAGCGA,874
GCCCAGTATTTTGCGA,874
TCATAATAAAATCTGA,874
TCGATGAACATTATGA,874
TGCGAGAGTACCAGCC,874
TTCCCTCGTAGACCAC,874
TTTACAAATTTATCAG,874
AAGGCTTCTCGAGTTA,873
CATAGTGGTGCCTTAT,873
CCGAATACTCCCGAGA,873
CTTCGAGCCCACTAAG,873
GGTTATTTTATCACTA,873
GTGACATCCTGAGACA,873
GTGCCCTTGAATAACT,873
GTGTGGCGGGTACCGA,873
TGAGAATAAACAGTTA,873
TGTACCTGAGCTATCA,873
TTAGTTGTTCTTATTT,873
AAAAAAACCACGATAC,872
ACGCTATGTCACATGA,872
AGACGAGAGATCGCAT,872
ATACTACATCCAGTCA,872
ATGACTTCGGAGTGGC,872
CTAGCAAAAGGAATAA,872
CTGGCATAAACCAATA,872
GAAATCCATCTTACTG,872
GAGTGAAAAGCATTAC,872
GGTCGAAAACTATAGT,872
GTAAATACTCAGTGCC,872
TCTCGCAATCTACTCT,872
TGAGCAATGATGTCAA,872
CATACATATTACGAAG,871
CCAAAGACACCGTAGA,871
CCCATGATACTGCCTC,871
CCCTAATAGGGCAGAC,871
CCCTCTTACCACGAGT,871
CTAACTTGTTCGTTTC,871
CTCAGTAACCCAGTTA,871
GACACAGCAGTAGCAA,871
GCAACAAAGTCACACA,871
GCTCCATACCATCTCC,871
GGGCCCGAAGGGTGTA,871
GGGGTGGCATCTATCA,871
TAAAAAAAGAATGTAA,871
TATAAATCTAAGCCAG,871
TCACTTCATATATTAA,871
TGAAAATAAAGTAACG,871
TGTGCAGTCGTAGAAC,871
TTCGTTAGAAGACTGT,871
TTTCAAATACGAAACT,871
AACGCGATTCATAACG,870
AAGTAACGGGACCAAG,870
ACTTAGGTTAGCCCCA,870
ATCTTTAGCGATACCG,870
ATTGCGAAACTCGAAT,870
CCCCAGGAAACATCCA,870
CGCACAAAATGTGCGC,870
GCCACCATAAGATTTT,870
GCCGGACGCCTTACAA,870
TAAAAGCCCTGGGACC,870
TAAGGGTACAGATTCT,870
TAGGGTACAGAGTCTA,870
TGAATCTCAGTATACT,870
TGTATATTTAAATCCG,870
AAATACAGATAAACCA,869
ACGGTATGTCCTATAA,869
AGCCTTCAATATACTA,869
CAAAACCTTCGCGTGG,869
CAACTGTTTTTCTAAC,869
CATGAAATCAAGAATA,869
CTGGTTGAGCTCTCAC,869
GAAATGCCATAAAAAA,869
GCAGGGGCAAGATCCA,869
GCGCACAGAAGATGCT,869
GGACCCCAATACAAGC,869
GTAGAAGATAACGTAG,869
GTGATCAATCTGATAA,869
TAAGAAGCAACATTGA,869
TGCTCTCTACTGAATA,869
AAGGGTTCAAGCCTAG,868
ACACTTAACACCCAAA,868
AGGGTTTCCTGGAATA,868
ATAGATAACGATGAGG,868
ATATTCTTCCATTGTT,868
ATCACACAGGATGTCG,868
CATTTCGGGCGGTCCA,868
CCTATTATAGAACAAA,868
GCGATATTCGTGTCAA,868
GGTTTACGTTAGTGAG,868
TAGAACAGTTCACACT,868
TATTAGAAGAACGTAC,868
TCAACCACATGAAAAA,868
TCGCCAAATACTCCAT,868
TGAACACTGCTATCAA,868
TGCAGAGGATAACTGG,868
TTATTCGAGCAAGTGA,868
AAACTACTTATGCATA,867
AAAGTTTGACTCGATG,867
ACTTAATGGCAAAATT,867
AGATTGCAGAAAAATA,867
CATCGTACTAATAATA,867
CGCAATTCGCGCGTAC,867
GACAAACACGCCCTAT,867
GAGATTGCTCACAACT,867
GATAACCTGCAATAAA,867
TCACACACGTGAACCA,867
TGAATAAATCTGACAC,867
TGTCGCATAGTAATTA,867
TTTAACTTCATCAAAA,867
AAGCAGTAGTCACAAC,866
ACAATATATGCCCATT,866
ACCCAAAATTAAGATT,866
ATCAACCAGGCCACTA,866
ATTATTCTAGAAGTTA,866
CTACTTAGCGATTGTA,866
CTAGAACTACGACACG,866
CTTTCAGATAATTCAA,866
GAATATTAGCCTAATG,866
GCCAATCTATATCTTG,866
GTACCAAGTAAAAAAT,866
TAACAGATTACAGGAA,866
TGGCTCTAAATACTCA,866
AAACGATACTCTGGTA,865
AATATACCGTACGACA,865
ACCGATTACACGCCCA,865
CAATGACCTTACATAA,865
CGCAAATACCATTAAA,865
CTAAACTACGGACATC,865
GGATATGAGCTATTGA,865
GTATAAGATACTTAAA,865
TAATCTATCATTCGTA,865
TTATTAATAATATGCT,865
AAGAGGGCGCTAACGC,864
ACTACTAATATATAAA,864
ATAATGCACCCGAGCC,864
ATTACCACAAAATTAA,864
CAGCTGGCCGGGTTAC,864
CCGAGCTGACAGGACG,864
CGAGTACCGAGACGAC,864
GACAGTATTATAAACA,864
GTACGTATCCAGGGCA,864
TAACGAATGAGTAGAT,864
TTAATAATAATGAAAT,864
TTGCTAAATGGAAGAG,864
AAAGTATTTCGATGAA,863
AAAGTGTTCAACTTAG,863
CAACTGCAAAAATCGC,863
GCTTAAAAGACTATCG,863
GTAAACAAGTGCCCAT,863
TAGACCGGCTCGCTAG,863
TCCATAAGCGATTTCC,863
TCCTGATCCTCCTCTA,863
TCGCTCGATAAAATAC,863
TGTTAAGATTGATTAC,863
AAACTAGATGTCTGAT,862
ACCCCGAAATATTAGA,862
ACTAAATGAAATGTCT,862
AGGATCTGTGGCTAAC,862
ATGGTAACCAAATTCT,862
CAAGAAAGGAAACCCA,862
CAAGAACCTCATATAG,862
CGCCCTTATTTATTAG,862
CGTACAGTCTATATAA,862
CTGTATATGAAGGTCA,862
GACGAGAGAAACTGTG,862
GATGTAAATAGCGTAG,862
GCTCCCGCATTCCCAA,862
GTATCTTAAATAAGTA,862
GTGGAAGCCACATCAA,862
TATCTAAGATGTATGA,862
TCACTCAATTCTGAAG,862
TTACAACATAAATCAA,862
AAACGTCTAGCCGTTA,861
AAAGAACACTACTAAC,861
ATCCAGGTAACACTAC,861
CAACAAAAAAGGCAGA,861
CATAGCCCTTTACCCT,861
CCAGTACTAAGAGAAA,861
CCGTAAACAGAAGATG,861
CGAAAACATAAGCTAA,861
GCCACCATAGAAATAA,861
GCTCAGCACAATCCAA,861
GGGAAAACCCACATGA,861
GTACCGCATAATATGC,861
GTATGGAGCGCGTTGG,861
GTCCTTACATCTATCA,861
TAAACAGTAGACTGCG,861
TAAGAAAGGTTTTACC,861
TACGAAGCCCCAACTA,861
TGATTGTAGCCGCACA,861
TGTAGATGGGTACTGT,861
TTCGTAACTCTTCAAC,861
TTTTGAAAGATAAGAT,861
AAAAGTCCCCCATACA,860
AAAGGACAGCATTTGA,860
AAATGATCGTTAGGGC,860
AATAATTAGAAAGTTC,860
ACACTCGGTCTAGGAT,860
ACTAACAATATATTAT,860
CCGCAGCCGGGTAAAA,860
CCGGAAGAGCTCATTT,860
CCTTGATCACGACGCC,860
CGGTAGCCTTACGTAA,860
GAAAACCTCAAAATGG,860
GACAATAAACAAAATT,860
GAGATTAAGATAATAC,860
GCCATCTGTACAGCAC,860
GTAACACTGTAATATA,860
GTTTTGAGTATAACCG,860
TATTTAAGTAACATAT,860
TGCGGTGTAGATTGAT,860
TGCGTTTAGCAACACA,860
TTATTGTAATGTGAAC,860
ACGACCCACTAAAAGG,859
ACTTTACGGAAGGAGG,859
ATACATATTAGCTTTA,859
CATCCCATCTACCGCT,859
CCACAGGGCACCTTTC,859
CCCTAGATCGAACCGA,859
GAATTACTTGAGCAAA,859
GAGGAATCTAAAGCAT,859
GATTGCGTCCAACTAT,859
GCCTCGATCACAGCCA,859
GGACGAAAACAAATCA,859
GGTACAACATTTTCGG,859
GTAATTTACTATAGAA,859
TAAATAATCAGAGACA,859
TACAACGCTAGATCGA,859
TATTAAGATAGTCAAC,859
TCGATCCAAAAAAGCC,859
TCGTTGCCAAAACGCC,859
TGACCGTTGAATATCT,859
TGCCCACGACGAACAA,859
TGTAAAAAATCCCTTC,859
ACATAATAGCATAATC,858
ACGGTAGACACTCTCT,858
AGTTATTTTCGGCCGG,858
ATTTAGAAGAGGCGTA,858
GTCCCATACCAATTCA,858
TATCAACGCCCCACCC,858
TGGACATAGACTAAGA,858
TTATGGTAGATATTTA,858
TTTTTACCATCCTTAA,858
AACGACACTAAACACA,857
AAGAATCCCCCTGATC,857
AATTATAGAGAAAGGT,857
ACCCGCTATGGCCATA,857
AGAATATCCATATACT,857
AGCTTACTTATGAGCA,857
ATATCGAAAAGAACCA,857
CGCTCGAAACCGGTTG,857
CGTATGAACTAATGAA,857
GAAGACGTGAACGATC,857
GCGAGGAACTAAACCA,857
GGAGTACCGCTCGAAA,857
GTTAACAGCCAGGATG,857
TACCTTAACCTTAATA,857
TACTAAGGGGCCTGAT,857
TATATTGATTAGATTG,857
TATGCTAAAAGAGCGA,857
TCGATGATAGGCTATT,857
TTACAAATCATTATCT,857
TTCCGAAAGACTCGGT,857
TTGACCAACCTCATGT,857
AACAAAAAAGAGTGAA,856
AATATATATCCGGGAA,856
AATGGCCACTAACAAC,856
ACAAATTAACCCGTTT,856
ACGATGCACGACCGAC,856
AGAAAGGTTCAACATG,856
AGAGAGAAGATTGTCA,856
CAACGGACGCCGAGTC,856
CCTCGTTGTTCCCATA,856
CTGAGATGATAAAATC,856
TAGAGAAAATCATAGA,856
TCAGAGGTTACCTAGT,856
TGACCAAAAAACGACG,856
TGTCGTAACAATCGTT,856
TTAATGGAGGGTCGCA,856
TTGAATAAAAAGCAAG,856
AACAAGTGCAATACTT,855
ACAAACATGGGTACTT,855
ACTCTGCATTCGACGG,855
AGGATCCAGTAGGAAT,855
AGGTCCATTTAAGAAG,855
ATCGCTCTGAAATTCA,855
CAATTATATTTCACTC,855
CACTCTCCGGTTCGCT,855
CAGCTACTTGATAATT,855
CAGTCGAGTATTATAA,855
CCATCACACATTGCAG,855
CTAACAGGATCACCTA,855
GAGCAGCAGGACCTTT,855
GGCGTGCCTTAACAGA,855
GTGTCCACCTCGACAC,855
TCAGATAGTGCCACAC,855
TCATCGTTAAGCAAGC,855
TTTCAACTGGGCGAGG,855
AAATCAGATAGTTTGA,854
AAATCCTACTTCAGAG,854
AAATGCGTAGCGACGC,854
AACAGTAAGCTCCACA,854
AAGCGCCAACATGCTT,854
AATAAAGTGCGCAAAC,854
AATAGACTATGTGGCG,854
ACAAATCAAAAGAAAA,854
AGGGGATAGTACGGTT,854
ATACCGCAAAATCTTT,854
CCATTCATATAAGAAG,854
CCGGCGCAGAACTAAG,854
CTCAAATATCCGCTAT,854
GACCACCTTGGACGGA,854
GCTGATATCTTACTGA,854
GGGACATTGTAAAGGT,854
GGTCTAATCTCAAATA,854
GTCTATCACATATTAC,854
TAATTGAATTTTTCAG,854
TGATAAATGCCACGAA,854
TGCGTGACTACCAATT,854
AAGGCAGGATATCTAA,853
AAGTCCGTCAATAATA,853
AATGATACGATATTAT,853
ATTCAAGGACGATACC,853
CAATTCTAAAAGAATT,853
CTCTTGCCATGAATAC,853
GACTTAAAAGGACGGC,853
GTCCTTTTGGACAATC,853
TAAATTAAATGAAAAA,853
TGAGACCTCTATGCTA,853
AATTTATGCTTATAAA,852
ACACCGTCAAAAAGCC,852
ACTATAACACATAGGT,852
ACTTAACCGGATTCAC,852
AGTTAAGACATATTAA,852
ATCTAAGCGAAAACCA,852
CAATAACTAACATAAA,852
CACCTCAATAAGAGGC,852
CATCTATACAAACATA,852
CCGACATGGCGTAATA,852
CGCTCGAACCGTGTTT,852
CTACAATATCAAGACA,852
CTAGATAATCGAACAA,852
CTGTTACGCGCTGATT,852
GAGCATGAAAATTAAA,852
GCAATATTGACACTAA,852
TGTAACCAGACATGTC,852
TTGCACGCCAAGTAAC,852
AACACCAGGACAAAGG,851
AACAGCACTAAGAAAG,851
AACGCGTCCATCTCTT,851
AAGCAAACGATGAGTT,851
AATAAGGGAACTATTC,851
AATGCCGAGGTCCGCA,851
ACCCCCCTTAAGTAGG,851
ATATACATGCCAATGT,851
CAACGAGGAAAAGTAC,851
CACTGACACTTAGACT,851
GAGTACCATGGAATAG,851
GATGCTAAACTGTATT,851
GGTTTTTTGTGAAGAG,851
TGAAAATCAAGTGCAG,851
AACAAATCTTTCTATA,850
AAGCAAGAAGGCGCTC,850
AATGAAAGGGCATAAA,850
ACATAGCTCAATGTTG,850
ACATGTCGGGTGAGAC,850
ACCACTAAGGATCCGA,850
ATACAAACACGATTCT,850
ATACAGACCAAGAAAA,850
ATACTATGATAACTCT,850
ATATGTTAGTGGGTTA,850
CAAACGAGCGCTTCAA,850
CATAAAAGAGTGTCCC,850
CGCATTTTACCCTACA,850
CGGTACCCAAATTCCA,850
GATATAGTTTGTGTTA,850
GCACTTATGATGTCAA,850
GCCATATATATAATAT,850
GCCCCATTGCGTTAAA,850
GCCGAATTGTGTAACA,850
TATAATACGTCTAAAC,850
TATATTTTAACTAAGG,850
AAATACGACCAGACTT,849
AAGGATATGGGTCTCT,849
AGAATTTACTTCCCTA,849
AGAGCATATTGGCAAA,849
ATCAGTGAGAATGTGT,849
CAACCAAAAAAAGACA,849
CAGAAATACTAAGAAC,849
CATAGCTTTACGGGCC,849
CCACAAATTTTTCATG,849
CCATGTTGTAATGAGA,849
CTAAGCTTCGCACTCC,849
CTACCTCCGGAAATAA,849
CTTCGGATCTACTGAC,849
GACGTAAACTCGACCT,849
GAGAAAATAAATAATA,849
GATGTTACAATCAACC,849
GGAATTACTGTTTTGT,849
GTAAAAAGAATATTGG,849
TCTATAGAACATCATA,849
TTAAACGTGTCTACTT,849
AATTAAAATTCAAGAA,848
AGTCGGAAAATGAAGA,848
ATGTGCAATTACTTGA,848
CAAACGTACCCTATTA,848
CACTGCGCTTACTAAA,848
CTACTCTACTCAAAAT,848
GAAAAGATTCCACACG,848
GAAAGCCGAGATGTTG,848
GAACAAATCTTAAACC,848
GCGCGGGTGTGAAAAA,848
GCGTTGGAGCCACCGG,848
GCTTTGCTTCCACAGG,848
TAAAACGAGAAAGATC,848
TAAATTCAAGTTCTCC,848
TACAAACAAAAACAAA,848
TATACACTAGGTGAAC,848
TGGCCTATGTATTGCA,848
TGGGCCGCAGACCTCA,848
TTAAAACGTCCCTAAA,848
TTTGTACCTTATACCC,848
AAATACATACAACCAA,847
AATAACTGGCAGGACT,847
AATGATTCTCTTACGA,847
ACTTTTTAGTACAAGG,847
AGCCGATTAAACGTTA,847
AGGAAACTTTCACAAT,847
ATAAGATGATTATCAG,847
CCAAAATGCCTCATCC,847
CGATGATACCAATTGC,847
CGCCTCACTTGCCGAC,847
CTTAAAAAAACAAAAC,847
GACGCGTACTCAAACA,847
GCGGCCACACACACCC,847
GCTACGTCTAAACATT,847
GGCCCCCACAGAAAGT,847
GGTAGGACTATGCGCC,847
GTCATGGGGCTAAGAA,847
TAACCGCAATCACGCC,847
TCAAAAAGAACCCGTG,847
TGATGACTGGAACACC,847
TGGGATAACCCAAAGC,847
TGTGAACACAATTAAC,847
AAAGCAAAAAACCGGT,846
AAAGCACACTATGGGG,846
ACAGCCAGTAGGAGGG,846
ACTGTGACGAATCGTT,846
AGTCAGCAAAACAATA,846
ATTACTGGGTTCTTAG,846
CCAATAGCCGAAACAG,846
CGATAACTCAATTCAA,846
CTAGGCAACTATAACT,846
CTGAATAAAGAATAAA,846
GAGCAACCGCTCAGAA,846
GCCTTAAAATGCGGAG,846
TATAACAGACAATAGT,846
TCACGATAATAATATT,846
TGACTCACTATTCCTA,846
TGCCTGCTAAGATCGA,846
TTCGGGCCAAGGCTAA,846
AAAACTACAGAAGCCA,845
ACCGGAATGCTGAGAG,845
ACCTACCAACAGACCC,845
AGTTATCACCTTATTA,845
CCACGAACAGCCAACG,845
CTAAAGACTTATTACA,845
GAGATAAAAAAGGAGA,845
GAGGTAATATGTGATT,845
GTATCGAAACAAAGCA,845
TCATCTTAATGACGAC,845
TTGAACGAACGATAAA,845
TTTTATAATATAATCC,845
ACAATAGCGTCAACAG,844
ACTCAGACCAAATTAC,844
ATAATAACATACTTAA,844
ATAGCGTCTCTACCCA,844
CCAATACCCGAAAACA,844
CTATCTATGGTTAATT,844
GAATTTGCCAGAAAAG,844
GAGATAAAAAACCACT,844
GAGTAAAACGACACAT,844
GCGCTGAATTCGGATG,844
TATAATATTACTCGAT,844
TGCCAAAAGTATCGGA,844
TGGTCACAGAAAAGCT,844
AAAGACTTGACTAGCT,843
AAAGTGAACACTTTCG,843
ACGGGTGACACGAATA,843
AGACAAGTATTCCCGT,843
AGGACGAGTTGATGAA,843
ATCATGCATAACGCGT,843
ATTCTAAGTAATCATA,843
CAGACGGTAATAAGAT,843
CCAAAAAGAGGCGTAC,843
CTCGCACCACCACCAA,843
CTCTAAACTGAATTAC,843
CTGAGTAATGGAAGCA,843
CTTCCCACATGTGGTA,843
GAAAGAAACCACAGGG,843
GAAGGAGTCTAAAAAC,843
GACGTAAAGGAAGAGA,843
GGAAAAAAACCGATTA,843
TACTCACTAAAGCTAA,843
TATAGATAAGTTGCTT,843
TCCGAAACATTCTTCT,843
TCGCATAGGCCCGGTG,843
TCTAAAGAATCAGTGG,843
TTTATATATATATAAA,843
TTTTACGCATAATGCG,843
AACACAACCTTGAACA,842
AACACCAACATACACA,842
AAGACATGGCAACCGC,842
ACGTTACCTTAGATTT,842
ACTGAACACCTACGTT,842
ATCATCAATTTTGATT,842
ATCGTACATGCACGCG,842
ATTTATTAGATAGTTT,842
ATTTCAATGCAATAAA,842
CACAAGATACGTATTA,842
GAAGGTAAAAACTCAG,842
GAGAATTCACTCTTAA,842
GATGTAACTAACGCCA,842
TAATATCAAACGTTTA,842
TGCCTATAGGCGAGCG,842
TGGACAATACACCGTC,842
AACAGGTGACGTATGT,841
ACCTGAAAATGCCGCA,841
ACTAACATTACCAATA,841
AGAAACCTAAACTTAA,841
AGACACCGAAAAAACT,841
CCACTAGGAATTCGAA,841
CGACTCACATTGGCCC,841
CTCCCAAGAAATGTCC,841
GCTGCTCGATCCATAC,841
GTGTCTTACTTTTCGT,841
TATACGCTATGGATAC,841
TCAGAAAAAGACACGG,841
TCGACTCCTTGGTTGA,841
TCGTTAAAATCCGTAC,841
TTTGAGTTTTGGAGCA,841
AACGAGTAAAGACCCC,840
AATACTTGTACTTAAG,840
AATCGTACTCTAGAAT,840
ACACAAAAGAATACAA,840
ACACATGTCTGTGTAC,840
ACCTTTGAGAACCACA,840
AGAAAAGAGCCGTTTA,840
AGAACAAAAGATCAAA,840
ATATCCCAATGGCCGC,840
CACCATTAACAGCAAA,840
CTCTTACGAGGTATAT,840
CTTGAAGTCCGATTGA,840
CTTGCCCATTGGACGA,840
GACATAAACTCTACCT,840
GCACCCGCCACGGATG,840
GCCGAATGCACTTCTA,840
GGCGTTTACGAATAAG,840
GGCTTGACCCGTCGGA,840
GTGTATCACACAACCC,840
TCACAGATATACTTAA,840
TGCACGCGTAACCGTC,840
TGGTGTGCATAGCACA,840
AAACAAATTGATAACT,839
AAATAACTAAGATAAG,839
AAGCCGCTTTAATCAA,839
AAGTTATGCATCTCAC,839
ACAAACCATCTCAGAC,839
ACCATAATAAACAAAT,839
CAAATACATTATAGTT,839
GCAAGCACCCTACAGA,839
GCATCATTATATTATA,839
GTTAAGTTTTATCTAA,839
TAGATAATTCATCCTA,839
TCTTACAAATCGGGGG,839
TCTTGCTACCAATGAG,839
TGATGCAAGGTATTCC,839
TGCCCAATATATTTAT,839
TGTCGAGAACTCTCAC,839
TTGTGCATGCGAGCTA,839
TTTCACGAACTACAAG,839
TTTCTTGAAGCGATTA,839
AAGTACTGTTATAGCT,838
ACAGGCGCGTAACGTA,838
ACTGAACAGCCTGAAT,838
AGCAATACAGTAAAGT,838
AGTCCAAACTCCAAAC,838
ATGAAAATGCTTATAC,838
ATGCCTGAAAACCCTG,838
ATGGCATTTCACGGTC,838
ATGGTACTGGAGTCCA,838
ATTCATATATGTTCCA,838
CCATGCATTTATCGTA,838
CCTGTATAACAATGGA,838
CGCTTCCCTTGCTGCT,838
CTGGGGTGACCGGACA,838
GATCCATCAATATCCT,838
GGAATTGCTAAAGGAG,838
GGCAAAAAGTCAATTT,838
GGGCCAGTGACGGGCG,838
TCACGACCCGTCAAAC,838
TCGGGCTTGTAACGAC,838
TGGTCAAGCCCACCTA,838
TTAAACAAAAAAATCA,838
TTACCGGGTCTGATTC,838
TTCTAGAGTGATAGCT,838
AAAATAAACCGATTGG,837
AACGTTAGCGCAATAC,837
AACTCAGCATAGAAGA,837
ACTAACCCAGCCGGTG,837
AGAGCAATATTCAGAA,837
ATAAACAAGACGCCAA,837
ATGAATCAGGCTATTA,837
CATAACCAACGGAGTT,837
CCCTCTACTCTATCCA,837
CCGGTATATACTATCG,837
CTCCAGGCTCCAGATA,837
CTTTGTAGTAACCTTG,837
GAAAGGACCTCGTTCC,837
GATAAATAGTGCCGTA,837
GCCCGAACAATACGGG,837
GTGTTACCGAACCCGG,837
TAAAATATTTGCATAA,837
TAATACAAGCCAAAAA,837
TAATTAAAGAGCGTTA,837
TAGACACCTACCAATC,837
TTAATCGTTAATGTGT,837
AAGTCCAACATTCTCT,836
AGTAACCACCGATACA,836
ATTCAAAACCATCCTT,836
CAAGACTAGTACGTGA,836
CACCACCCTGGCGCAC,836
CATAACTATTCCCACC,836
CTCCACGCAAAAACAC,836
GTACCCGAACTGTCCA,836
TACCGACTTGCTAATA,836
TATCGTCTTCGTAATG,836
TCTCAAGGTCGGTAAT,836
TGCCCTAGGTATATAG,836
TTCTCAAAATAACCAA,836
ATCCAGTTACCCATTT,835
ATGACACAAAAGTGCA,835
ATGTGCTACTGACGAC,835
CAAAGTAACTCATAGT,835
CAACCCCATAAAATGT,835
CCGTCAACAAAAACGC,835
CGATTACTAGATGCTA,835
CTGTACGAGGAAAATA,835
GAAACGAACTGGGACG,835
GAAGCCACTAAAAACT,835
GATCAGACCGTACTAA,835
GCTTGAAACTAGGAAC,835
GGTTCAAACACTAGCA,835
GTATAACCTCTCTTAG,835
GTTTCAAAGTGCAGAA,835
TACAGCCGTAAAAGTA,835
TAGCACCTACAGCATA,835
TCACCACGTAAGTGGT,835
TTTAACCGGGCTTGAA,835
ACTCTTAGATAGAGAT,834
AGAATGTTCGCAAGAT,834
AGGATATAGCTCGATT,834
ATCAGCACCGCATCAT,834
ATGCATGAAGCCTCAA,834
CAAACCTTCGCTAGAA,834
CATGCTATTGTACGCT,834
CCAAAAACGTGCAACT,834
CTTTGGGAACCCACCA,834
GAAAACACACATTAAT,834
GTAACACCCCAAGTAG,834
GTTTGCTGTTGTCAAA,834
TAAACCCAACCTTAAA,834
TGCATCATGGGATGGT,834
TTGAATCGAGGGATTA,834
AAACTAATTAACTAGC,833
AAATAACGGGCTTGTA,833
AACAAACATCACGAAT,833
AACAATATAATTAACA,833
ACATTTTCATCTAGAT,833
AGGACTCTTACCAATC,833
AGTTGCCAGTACTCAA,833
CAGCATCTACTTGCAG,833
CCGAGTGTCTCCCTCA,833
CGAGTATAAGGGTTTC,833
GAGCTATTAACTCATT,833
GATTACAAATCCAAAC,833
GCTGTTCTTAGTAACT,833
GTCTCAAAACTTCGAA,833
GTTTTAGACACCAAAG,833
TGAAAGGCTCCGCTAG,833
TTTAGATTATGCATAA,833
ACCACAAATCCGGGAT,832
ACTACAACGCAATTGC,832
AGGAGAGAGCTCCTTC,832
ATAGCATTTGTTTACA,832
CCAAGAAGTCATAAAT,832
CGTCACTATAAATCCC,832
GAAACTGGAGCAAAAG,832
GGAACTGATAAAGCTT,832
GGCTGTAAATTGACTC,832
TAGACACCGACTGGAA,832
TAGGATGCACCAAGGA,832
TGCTATATATTAGGAT,832
TTGTTCCGAAAGCCTC,832
AAAGAATCCGACGAAT,831
AATCTTCACCCGCCGA,831
CAGCTATCACGCGAAC,831
CCGAAGCCTAAACTCA,831
CGATTTGACAATGAGA,831
CGGGCGGAAATTCATT,831
GAAATTGACGAAGTTC,831
GAAATTGGCCATGCAA,831
GAATACAAAGCCTAAG,831
GAATGATTTTAAATGT,831
GAGACCACAAATACAA,831
GATTAAATATAGTTAT,831
GCAAAGCTGGATGTAA,831
GTCATATGAGACACCG,831
TACATGTTATCATCTG,831
TATAGCCTAAACTTGC,831
TGACTCACAGACAGGC,831
TGTTTTAAACAATCGG,831
TTCACAGATTACGGAT,831
TTTCCTAGAATATACC,831
AAAAGAATGAGGCAAC,830
AAACCACAGTAAACAT,830
AACATGCATAAACCGG,830
AACTTTAGTAGTGTCC,830
AATAATAAACGAAGAT,830
AATCACCAAAGGGATT,830
ATTAAGCTTGCCACTA,830
CATCGGGATGAATAAC,830
CGCGTAAATCATGATT,830
CTAACGATCAGCCAAG,830
GACGCCGGAAATACAG,830
GACTATTAATGCCCGA,830
GCATATTTACGAGCAG,830
GCCAGAGGTCCCTGCC,830
GTTATTATCAAATACC,830
TATCTTAGGACAATAA,830
TTGTACAAACGAAAAA,830
AAATGCAAAACCGCAT,829
AAATTTAAACCAACAT,829
ACAATGAATCAACAAC,829
ACGTTCAAGGATGTAG,829
AGCCTCTCATTTTACA,829
AGGAAATAAAGGATAG,829
AGGATCATGAAACCAA,829
AGGGGACCGGCTACAA,829
ATCGAAGCTACAGTCT,829
ATGGATATACTAATGT,829
CCAAACCCCCCAGAGG,829
CCCAGCCCGACTTCAA,829
CTTAGAACCCTAACAG,829
GAAAAAGTAGCATTAG,829
GAACGTCCAATCATCA,829
GCATCACGAATAACAA,829
TCCGCGATGAATGGAG,829
TCCTATGACAAAGCTG,829
TTTAAATCCAAAGAAA,829
TTTCAGCTGAGCTGTG,829
AAAACAAAGAACGCAA,828
AACGCCCGGAGCGAAA,828
AACTCACTTAGATCCA,828
ACCAAAGCCTAGCACG,828
ACGAGATGCCACCCGG,828
AGATAACCAACCCCGA,828
ATAGAATAGGAATCTT,828
ATTAAACCTCACCTCT,828
ATTAACCCCATCGAGT,828
CGTAGTTTGTCTTCTA,828
CGTTGAAGCGTCCATA,828
GATCCCCACGAAGTCG,828
GCAAAGACAAGAGCAA,828
GGTGAGAATAACTATT,828
TATTTTGATATTTCCA,828
TTATGTCGGCCCGCCC,828
AACGAGAAGGACGAAA,827
AATGTCTTGCGCACAC,827
AGAAACGGTACTTCAC,827
ATAAATATTCCACAGC,827
ATAACGATAAACACAA,827
ATATAATGAAAATAAA,827
CACATAGCTATATTAT,827
CATATCAATCAGTGAC,827
CATCGACATGACCGAC,827
CCCCCACCTATGATAA,827
CCTCGTTAATCGGCAA,827
TAATCCAAATCGCTAT,827
TCAAACATATACTTAA,827
TCTGATAAGAATGAAG,827
TTAATAGCAGGCCGAA,827
AAAATTCGAGTCATGT,826
AACATCCCACTCATAA,826
ACCGACAGTACAATTG,826
AGATAACAAACAGGGA,826
AGCTACGATATAATCG,826
AGGACTACGTATACCA,826
ATAGAAAACATGAACC,826
CCGGCTAATGGTAAGT,826
GATTTACCGACATACC,826
GTCTAATTTGACACCT,826
GTCTAGAAGGGTTCCT,826
TAGTGTAACATCCCAA,826
AGGTCTATCCAACACC,825
ATAACACATTACGATG,825
ATCGAACAGTACCTCT,825
ATGAAAAGTTGGATAC,825
CAAAACAGACAATGAA,825
CCAGTCCTGGGAACCC,825
CCCAAGCAAGAATACG,825
GACCGAGAAATTAACA,825
GAGATGCCCTCATGAC,825
GGATTTATTAAAAAAA,825
TAAATACTTCAACACA,825
TAATGAGAGCCTCAAC,825
TACCCTTTTAAATTGA,825
TCGCATGATTCCTCTG,825
TTCAACTCTTCCAAAA,825
AAAAAATTCTAGCATT,824
AATGGAGACGATGTTC,824
AGGACCGCCATGCATG,824
AGTAAGACCTCGCCCG,824
ATCCAGAAGACTAAAT,824
CACCACAACCTTGTTT,824
CAGACATATGGGAAGC,824
CATTTTTGCCATACGC,824
CGCGACAGACCATCTA,824
CGGATGGTGAGCGATA,824
CTGGACTCCCAGCTAA,824
GAAATTAGTCTTTCTT,824
GCAAGATTATTACCAA,824
GTAACAAATAAGTAGG,824
GTATACGTAACAGTAA,824
GTTGAAAAGAGCAAGG,824
TAGATCTACACTTCAG,824
TATTATAACCCGGAGA,824
TCAAACACCAAGGTAA,824
TGTCGTTGCATGATTT,824
TTTAAATCGACTTTTC,824
AATTCGAGATGCAGAT,823
AATTTAAGCACCACAA,823
ACTGACCACACATCAC,823
ACTGATTTCAATACCC,823
AGATCTCCCTCCCAGC,823
CTTCCATGAAATTGTG,823
GAAGAACATACGGAAC,823
GTTTAATCAAATGTTT,823
TAGACTCAGCCGCATT,823
TAGGGTATCTTGCCCA,823
TAGTAATGGGAAGGAT,823
TTTCCTTTCATGATTG,823
AAACGCACAATATCAA,822
AAACTGCCAACTAACT,822
AAGAATTTTTGTACTG,822
ACAGACGGCCATAGAA,822
ACATTAACCTCTTGTC,822
ATACCATTGCTAAAAC,822
ATACGACATATTAAAG,822
ATACTTTTGGAAATAA,822
ATTTACGGTGACCGGT,822
CGAATGTATGAGCACA,822
CTAATGCGATACGAAA,822
GAATCATATCACCAAC,822
GAGTAAAAATAAAAAA,822
GCTACGGAAATTAGGA,822
GTCAAGTATCTTAAAA,822
TGCGCTGATGAATGTG,822
AACGATAGCAGACCTT,821
AAGAATGTACCCACGA,821
ACATCAAACCACGGTG,821
ACCTTTCATGAAACTG,821
AGCCCAACAAAGAAAA,821
AGGTAGATAAACAGGA,821
ATAATTTTTGGGCAAA,821
ATCAGAATTTGACAAT,821
GACACTCAAAATAGAT,821
GATTGTAGCATCCCTA,821
TACCAACATGATAATA,821
TAGCACAAGCCAATTA,821
TCAAATGTGCAAGTTC,821
TTAATTCAGGAAAGAA,821
TTCAATACTAAGATAG,821
TTTTGGGAAATGTGCA,821
AAAAAAAAATGTTATA,820
AACTAGGCAACATCAA,820
AAGTACAATCACAAGT,820
AAGTATTGTTCCCTTA,820
ACAAACGACCGGTCCC,820
AGATATCAGGAGAAAT,820
ATTGACCAGGCAGATC,820
CATATACAAAAACTCC,820
CCAGCCCGATTAAGCA,820
CCCATACGTGGATTAT,820
CGAAAACCAACACTGA,820
CGACATGTTGGTCCAT,820
CTCGGGCTAATTAACA,820
CTTATAGCATAATGGC,820
GATATTGTTCATAAAG,820
GATTCGCCAGGCGATC,820
GGAACATCTCTTACCA,820
GGTTCTCTAGAAACGA,820
GTATCATGAAACACGC,820
GTTTAACTGTCTAAAG,820
GTTTCAGGACTACTAC,820
TACGAGTGAAAGGACA,820
TGAAACTAGACTAAAA,820
TGGAAATTAGTTACCT,820
AACATAGCAGAGACCA,819
AATAGTCCGGTAGCTT,819
AGTAATCTGCTTGAGT,819
ATCTGGCTAACAGCAT,819
CATAAGCCCAGTAACC,819
CATCATACTTTACTCT,819
CGGCCAAACACATACA,819
CTGATGTACTAAGTTA,819
GATATTGACCTGGCTT,819
GTAGCCACACTAGGCA,819
TATAAGACCCCAATAC,819
TCAATGCCAAGACTGT,819
TTCGAGTATCATATTT,819
TTCTAACACACTAGAC,819
TTTCACTATTACAAGA,819
ACCAAGGTTTGTACTG,818
ACGGAAACACCCATCA,818
ACTGATTAAACCCCAC,818
AGATCCTGATGTGCGG,818
AGGATTAATGAGAGTC,818
ATAGATCACTCGGACC,818
ATCCTTTTACAGAAAT,818
ATGAATACATGGTTTC,818
CAAATTACATCGAAAA,818
CAATTAAGTAAATAAC,818
CACTCAGCGAATACTC,818
CATTGAAAAAATCACC,818
CTATACACTCAATAAA,818
GCCCCTTGACTAGCCG,818
GCCGGTCACTTACTCA,818
GCCGTCAAACTAATTT,818
GGAATTTCACGTTTAA,818
GGACTAACGGTTAGTT,818
TAAAAGTGAAAGTTGA,818
TCGCATTAATGAGTCC,818
TGGACCAAAGCAGGTA,818
AAATTATACAATTGAA,817
AACACTAAAACTGGAT,817
AAGGCCTAGAATGGAA,817
AGCAACCTAAGGTAGC,817
AGTGTAGAATATCGTG,817
ATAACTTAATACTCAA,817
ATGGAGTATTCGCATG,817
ATGTTACCATAGACAA,817
CAATGAATATTATCAA,817
CATTGTTTTTACCCCG,817
CCGACCCGCGCGAGCA,817
CGACACCCTTATGGTT,817
GCCTGCATATGTAAAT,817
GGAGCATAGGTCAATG,817
GTAATAAAGCGGCCGA,817
GTGCCTGAACTCATCC,817
TACCCATAGAGATTAA,817
TACTCGTAAGAGTTAT,817
TATGAAATACGACTCA,817
TGATTTCAACTCGAAA,817
TGCGGTATCCTTTGAA,817
TTGCTAGCAACCGAGA,817
AATGAAAAAACAGTGA,816
ACCAAAATATAGAACA,816
ACCGAGTCGATTCATC,816
ACGCAGGGGATGACAA,816
CAACACATTTATCCAA,816
CAATGTTTTTGGGACC,816
CAGTACTATATTTATG,816
CGTATGTATAGAGCTT,816
CGTGTTGCATTGCTTA,816
CTGACTGAGGCCCTCT,816
CTGTGCTGCACGTATC,816
CTTCTACGGTTGTGAA,816
GAAATTGAGTGTCAAT,816
GCGGAAAAAAACATAA,816
GGACGGAGCAAAAAAG,816
GTATGGATATATGTAT,816
GTCATTAACATTTTCA,816
TAATTACTACTGGACT,816
TATCGTGAGCACTAAA,816
TGTTTTGTCACTGGAG,816
TTTCGATTTTTGCTCA,816
AAACGACTTAAAAGAA,815
AATCATCATCGGATTA,815
ACCGAATAAACGCGCG,815
ACTTATACGGGTCATA,815
ATCGAAGCCCTCGAAA,815
CCAATTTGTAACATAG,815
CCGATGATTTTATTCA,815
CTAACTATACAAAGAT,815
GACCCGAAACAGCGAA,815
GGTAAAACGCAGATTG,815
GTATCTACCGAGCGGC,815
GTGCCAACATAATGAT,815
GTTGAAAATACAACAA,815
TAACCCATACGCGTAT,815
TATATATAATTGAGAT,815
TCAAATCTACTCGATA,815
TCCATGAAATCAATTT,815
TCCGCAATGATCAAAC,815
TCGTACTCACCGGCAA,815
TGAACATTGTAACACC,815
TGACGTGGTAATAAGA,815
AAACACTTAACAAGTT,814
AATTATAATATATAAA,814
AGACACACACGAACCG,814
ATAGTAACTAAAAATC,814
ATGAGATCCTATAACG,814
ATGGATAAAAATACGA,814
ATTACGCGATACCAAT,814
CAAGCAAAATTTCCCA,814
CAATAAGGCCAACAAC,814
CCAAATGCCTTAAGGG,814
CGAGGATGCTGTATCG,814
CGCCACGACGTATGAC,814
GGAGCGTCCACAGAGA,814
GTAACCCACGAAAGGA,814
GTTAGAAAGCATTTAG,814
TAAAACCCAGCAATTT,814
TAAAAGCACTCTATTA,814
TCCAAACTTGAACTTG,814
TGAAAACAAGGAATTA,814
TGCTCAAACAATACCA,814
TTCTATTTTTAGCTAT,814
AAAACGTAGACTACTT,813
ACATAAAAAGGCACAA,813
ACGAACACCATGATTT,813
AGACCCAGACCCTACT,813
ATACGGGTAAAAGCCA,813
CATAGACCATCCCAAT,813
CATGGACAGTCGAAGA,813
CCATGTAAAAACAGTA,813
CCTAGAGATACGCCAC,813
CCTGTTAACTTCAAAA,813
GAAGCCCAAGTGTCTA,813
GAAGCTGATGAACAGC,813
GAGGGTTCTTCAGATC,813
GATACTACCTGACAGC,813
GATCAAGGTTCCTGAC,813
GCCCATGGGATAAATG,813
GGTCTTCGGCCGCACG,813
GTCCGTAATACGAAGA,813
TAAAATAGAAACCAAA,813
TAACCAACAGAGTCGA,813
TACCCGATTTAGGTGA,813
TACTTGGCAAACAGAA,813
TAGAAATTAAATATAA,813
TATCAGTACAAAGGGC,813
TGAAAGTTAAGGGATA,813
TTAACTCAGATGATTG,813
TTAGAACACAAACCAA,813
TTCTAAACCAAACTGT,813
AAAAATCATATCTGCG,812
AAAGATGGCTAAACAC,812
ACAAAAAGATAACGAA,812
ACTGCCTCATACGGTC,812
ATAAAAAACGTAGAGG,812
CCACTAGTAAAATTCG,812
CCAGAAGGACCGAACT,812
CCTAAAGACTAATTTA,812
CGATCATAAGACTACG,812
CGTAAGCCACAAAGTA,812
CTCAGCTTGAGCAAGA,812
GACCTACACTAGCCTT,812
GACGTTAGCCTGGATA,812
GCGCTAAGATACACCG,812
GGGCGGTATTTGAAAT,812
GTTGAGGGATAACCAA,812
GTTTATGCCGAACGTA,812
TTCTACAGAACCATCC,812
TTTACCAGAGAAGCAA,812
AATGAAGAAGTTGTGA,811
ACATTGTGTAAGGGCA,811
ACGACCACAAATGACC,811
ATACCCGGGTCCGGGC,811
ATCCAAACCAACATAT,811
CAAATTTGATAAAACT,811
CATTTACTATAGATGA,811
CCACACCAATAGCAAT,811
CTGCCCAACTATACAA,811
CTTAAAAGCTCGAATG,811
GAAAAACTAAAATCAA,811
TAACGATGTATTCCCC,811
TAATTGTGTGGATCAA,811
TAGGGCCAGGTCTGGA,811
TGAAACCGGGAAATGT,811
ACATGATATATAACTC,810
AGAAATCCTCAAGAAA,810
AGAATTGCCCGTTAAC,810
AGATAAGATCAAAATA,810
AGTTTCGAATAATTAG,810
ATCGTGCTCTAGTGAA,810
ATTTATTGCTTTCGGG,810
CAAATGAAAACCTTCG,810
GAAACTGTCAACGCAC,810
GAATTATGGGAAACCA,810
GTCGTAAATATTCCAT,810
GTGATCCTAAACATTA,810
TCTCTATTGCACCAGC,810
TTAGATTCCACCAGAC,810
AAATGAAAAAATAACC,809
ACCCGGCAAAGTGAAG,809
AGTACATAGCTAATTT,809
ATACATTAAAAATTAA,809
ATACCTTTCAATAAGG,809
ATGGGTCATAGAAAAC,809
CAACATACATTTTAGA,809
CACTAGATAGGCAACC,809
CCTTACCCGACCTCAA,809
CCTTTTACACCGGCAA,809
CTAAATCACGTCGACC,809
GAAAAGCAGACGTCAC,809
GGACAGTAAAAATCAT,809
GTTCCAGATAAAAATT,809
TAGAACTAGATAGCCA,809
TGAGCATAAGTGTCCC,809
AAAACAAGGTTTTCCC,808
AACAAAAAAGTCTAGA,808
AACAAAGACCTAATGT,808
AACGCAAATTATGGCA,808
AATATGGACGTATTAG,808
ACGCTCTGAAGCATCT,808
ATAACGAACACATCAA,808
ATAGTATAGGCAGTTA,808
ATTCCAATATTCTGCA,808
ATTGTCAAGGGTTGGT,808
CAAGGGATAACTGAAT,808
CCACAAAGTGAAAGGA,808
CCCACACTTTGAACGC,808
CTCCTTAATAGGGGAG,808
GAATCAAACGTGACGA,808
GACCCGTAGCACGGCT,808
GAGCAAAATTTACTAT,808
GAGTAACTTTTACCTT,808
GTTGTATTTCAGCGAA,808
TATAGTGGTTGTCATG,808
TATATATTACGGACAG,808
TTAACTGCCAGATCAA,808
AAAACAACAGAGCGGC,807
AAAAGACGTATTCAGC,807
AATCATTAACCAATCA,807
AATTGCAAAGCAAAGA,807
AGGCCAATAAGTTATA,807
AGTGATTCTAATTCCA,807
CAAAAATTAAGACCTG,807
CATATCGTGACTGAAG,807
CCTTACTCACATAATT,807
CGAAATGTGACGCCCA,807
GGTGTGTGCGTATTCA,807
TATAACAGTATGAAGA,807
TATTGGAAGTCGGACT,807
TCAATCCCCGAGTACA,807
TCCGTACGAACTTCTA,807
TTAAGGCCACCTATAC,807
AAACACAAGAGGGACA,806
AACTGTGCGGGCACCT,806
ACCAATCCCGTATCCC,806
AGGAATAGTATACCCA,806
ATTAACAATTACAGCT,806
CCAATCAGGCAACGGA,806
CCATCCCATCCGGCCA,806
CCGAACTGCTATATTA,806
CTGATTCCTTGGAATG,806
GAACCACGCTTAATAG,806
GCTCAATGTAACGCAA,806
TAATGATAAAAAGAGC,806
TACAATACTTTGGGCC,806
TACGGTTTTGTCATCA,806
TACTAACATCAGTCTG,806
TATTCAAAGTACCAGT,806
TGAGTACGCGCGACAG,806
TTCTGTATAAGTTATC,806
AACCGAAAATAAATAT,805
ACAGTTGATTACAATG,805
ACTTAAGTAATCACCA,805
AGTACAAATCAAAATT,805
AGTACATACTCGTAGT,805
CAAATTAACCTTGCAC,805
CATAATTGAAGTAGTC,805
CCCGGAAACCAAAAAA,805
CGCATAAATCGTCTTC,805
GAAAATCCGAAATTTG,805
GACGATTTTTTAGCAA,805
GAGGTAGTATTAAACG,805
GTTGGAGAGACGACCA,805
TAATTAAGCGTTGAGC,805
TACATGTTTTTAGAAG,805
TCCACCGCGCTAAATG,805
TCCGTGCCTCCCGAGC,805
TGATAACTTCTCTTGT,805
TGATTAACTACGCAAT,805
TGGATGAGATGTCCTT,805
TTAAGCGGAACAGATC,805
TTGTGTCTGCTCCTAC,805
ACTATACCGGTTATGA,804
AGTAGGTTATGAAAAC,804
CACTTCTGAATAAGTC,804
GCACTGGCATACCAAT,804
GCGATAGCCATCATTC,804
GCTACAACAAGATAAG,804
GTGACAAGAATCTTGT,804
TAGTAGAAATAATATT,804
TCATTGGAATATATAA,804
TCCCGAGAGCTGGCAT,804
TGAACCCTCTGGCTGT,804
TTTTAAAAACATAAAG,804
AACCGACCCCCTCAAC,803
AATCTACATTTTGAAA,803
ACTTTGCGAGACAATA,803
GAAAAACGTCTTAAGA,803
GAATTTTAACAATTAT,803
GGGAAAAACTGAGGAC,803
GTTAGCAAGGTTGAAC,803
GTTTTACGACACAAAC,803
TGATGCCATGTTCGGT,803
TGTCTGAATACACCTA,803
TTAGCAAATACTCCAA,803
TTGGAACACAAACACC,803
TTGTAGTACAAACCAA,803
TTTAGAACCCAATCGT,803
TTTGAACTTAGAAGTT,803
AAAACAAAGCCGTCAC,802
AAATGATATTGTGCTG,802
ACACTTATAAACGAAG,802
ACCAAACAACTCAGTA,802
ATGTACCATCTCATGG,802
CATAAACACGACGTAC,802
CCAATAAATTTACTTT,802
CGCATTAGGTAAAAAT,802
CTCACCGACATCACAC,802
GAAGAGAGCTGGATGA,802
GACCCTCAAAACCCTA,802
GCTCTTATTATCATCA,802
GCTGTGCAGTAATTCA,802
TCAATGGGGCTATGGT,802
AATATTGAAGTAACGT,801
AGAAAACATATGATAA,801
CATATAAAAAAACCAT,801
CGCACTAAAAATCCAC,801
CTTTTGAGCTATATTT,801
GAGAGACGAACTGAAG,801
GGACTGGCCTGACCTT,801
TAAAAGAACAAGATAC,801
TCCACCCGCAAGACTT,801
TCCGACACGCTCAAAA,801
TGAGTTATAATGAAAA,801
AAAAGGTCTAACGATG,800
AAATCGCTGTGGTCAA,800
AATGTTTTACCTTTAT,800
ACATGACTTATAACAA,800
AGACCACGCAGTCTAG,800
ATAAAGGAAAAAAACA,800
ATAGTAATTGAATTGT,800
ATCAGTCCCAAATAAT,800
CAACCCATCTTACAAT,800
CCAAACCTGATCAATC,800
CGATATACTACGATGG,800
CTGCTCTCCAAATGAA,800
CTTACTGAATATCGTA,800
GTTTACCTATTTAGCA,800
TGACTATCAGTATCCA,800
TGTAAAACATAGTTTC,800
TTTATGACCAAGTACG,800
AAACCATTATGCGTGC,799
AAATGATACTACAGGA,799
ACACCAAAAAGCGAGA,799
AGCAAAAAGCGAACCT,799
ATCACGTGAACTACCG,799
ATGAACTTCGGCGACA,799
CAAACCAATCATTGAG,799
CATAGCAAATACAAAT,799
CCGTTCAATATTTGAA,799
CTCATTCCCTCGAGCC,799
GAACCTAATACTCACG,799
GCTCATTGGTGAACGG,799
GCTGAGTACCACCTAA,799
GGCCCCCTCTCGACCA,799
GTCGGTAATTCTATCA,799
TAAACTTTTTTTGTTA,799
TAGTTACTACTGGCTG,799
TCCGAAAGGAAATTAG,799
TGCTAACCACAACGAA,799
TTAAGTCTCTACGGCC,799
AAAACACTGCTGGGAG,798
AAGCTGAGAGCCACAT,798
AAGTTCTAAGTGATGA,798
ATACAGATTAATACCG,798
ATAGGATATTTTATAT,798
CCTAACGTTAGGCACC,798
CTAATACCCCTATAGG,798
GTGAGTGAGCCGCATG,798
TACAGACGTAAAGGCT,798
TACCTATCAAACATTA,798
TAGGACTGAGTATGCT,798
TATTAGAATGCCAAAA,798
TGACCACATTCTCACA,798
TTGAACATAAAAAAAG,798
AAAAAAAGGATAATAA,797
AATGGAAATGAAGGAC,797
ACCGAGCTGAAGAATA,797
AGAACAGTTTGATTCA,797
AGAACTGCACACCCAG,797
AGTGGTATAAGGCAGA,797
ATGGCAGATGGAGTTG,797
ATTGACCAACCGCCCG,797
CATACGAAACCAACGC,797
CCGGAATACAATGCTT,797
CTAAATCCACATACAT,797
CTATATAGTAAGGAAA,797
GACATTTTCTTAAGTT,797
GATATGAATCTATAAG,797
GCAAAACGTAAACTCC,797
GCACCATCTGATCTAA,797
GGACAGAATTTAAGCA,797
GTGTTTGGCTGACAGC,797
TAACCCTAGACTACCC,797
TCAATTCCAACTAACT,797
TCATAAAATTGTCACT,797
TCTAACTCTAAAGGCG,797
TGTACGGATAAAATCA,797
TTGTTCTTGTACCAAA,797
AAAATGCCCCAAAGAA,796
AAATATAGTCTGGACC,796
AACTTTATATGATAGC,796
ACACGGACTCCCGCAC,796
ACTTATACATACCAAC,796
CCAGGAAGAAAACCTT,796
CCATTTAACCTTCTAG,796
CCCAAATTTAGCTGTA,796
CCCATTTTCATATCGC,796
CCCGGCCTTGCAATCA,796
CCCTAACTACTTACAA,796
CCCTTTTAACAACTTG,796
CCTTCTGACACCACAT,796
CTAATAATCGTATCTA,796
GAATACCCGTAATATA,796
GAATGTTATTGACCAT,796
GACCGTTTGAACTTTA,796
GAGATAGGCACGAGCC,796
GATCCGGAGTTATTAT,796
GCCGACTATATTGCCT,796
GGATTCAAACGGAACG,796
TAAAAGCTATTATGAA,796
TATAACGTAAAGCTTG,796
TATAGAACTGAGCATA,796
AAAATTAATGCAGTAT,795
AAGCACTGCCATAAAA,795
AAGCCAAGCTACTAAC,795
ACTTTAGACAATTTCC,795
ATGCGATCCTGCTGTC,795
ATGTACATCAGAAACA,795
ATTTAAGGGTCAAAGT,795
CGCGGACATAGAGGTT,795
GAATACGTTTAGCCGT,795
GATCCCAAGTCGTAAA,795
GCTCGTACAACAGAAA,795
GCTGTTGAAAAAATAA,795
GTACGTTTCCTCAAAT,795
GTAGCCAGCCAGAGAT,795
GTGCAAACTTTTACTT,795
TAATTCAACGAAAAGT,795
TCGCGACCCCGTTCAG,795
TGCCCTATTCAGGTTT,795
TGTACTGACAGGCTAC,795
AAAACATTTACGCAAT,794
ATAATATGAAAATTAT,794
ATACTGAAAACAACAA,794
ATTGAACATGTTCACA,794
CATAGATATCGACCGG,794
CCCCGGAAAGTATCCA,794
CGTGAAACCATAATTG,794
CTCTAAAATCGTGCAA,794
GATCAGAGGCAACTAA,794
GGATCCGCCGTTATCG,794
TAAATGGAAGGTAACA,794
TAATACCACAACTCGA,794
TAGACCACCGTTGTCA,794
TATCCGCTGACAACCT,794
TGAGAGAACTTGATAC,794
TTCCCCGCGAAAACCA,794
TTCCTCCTAGAGCCCT,794
TTTTTCTAAGCCAGCC,794
AAGTTAGAATGGTAAA,793
ACAATTATCTGACACC,793
CAACAACTATCCACAA,793
CACGATTCGTAGGAAT,793
CAGACATTTAGAAGTG,793
CCCAAGGTCCCTTACT,793
CCTACCAAACAAAACC,793
CCTTCTACATTTCATT,793
CTAATATATATTAATG,793
CTCCCTCAAAACAGCG,793
GAAATTCAAAAATATG,793
GACTAGTATGATGGAT,793
GTCATAGGACAAATCA,793
TATTATTGTATGGGAA,793
TGTTGGGTTGGTTTTG,793
TTACAGATGAAAACGA,793
AAACCACAGCAAGTGG,792
AATCATGATTATTAAA,792
ACCAAACCAGATTGAT,792
AGGAAGCGAACGTTTC,792
AGGACACTAACGCACT,792
CCCACCGTTATGACCA,792
CCCAGACATGTCGGTC,792
CGGCAGATTATAGTTA,792
CTAATTTAGCAGGGTC,792
CTTGTAGAATTAACCC,792
GAAATTTTCTAAGTAC,792
GAATTCAGCATACGTA,792
GACCCCCAAGAACATC,792
TAAGATTGTAGGCTAG,792
TATAGGAAAACTATAA,792
TATTATGGCAAATAGG,792
TGTAACCAGCACAACT,792
AAGACTCTTTCAAGAC,791
ACACACCACTAAGAAC,791
ACGATTAATGTACAAT,791
ATGGCCGCCGCAGGCT,791
CAAGGACCATTGATCC,791
CCGCTGCAAGACTACC,791
CCTAATTGCCTAGCCT,791
GGCCGATGCAACAATG,791
GTGAAGCTCAATGGCT,791
TAAAAGAATATATGTC,791
TAGACGAACAATACCG,791
AATACGGTTTGCCTAC,790
AATCAAGCTGGCTTAA,790
ACATTTGTAAAAAACG,790
ACCCCCCACTACGAGC,790
ACCGAGAGTAAAGTCA,790
AGCCACTCATCGCAGA,790
ATCCTGGCCTATGGAT,790
CACCCAACAAACTAAA,790
CACTTGACCGGAATCT,790
CATCGGACCAATCTCT,790
CCCATATTCATGTAAG,790
CGAATCCTGTATCAAT,790
CTAAACGATAAAAGGA,790
GCTTAAAAATCAATTG,790
GTGCCCATTACAAAAG,790
TACTTTAGATGGATAC,790
TAGACCGATTAACCAA,790
TATGTAAATCACATTA,790
TGCACCAGGATACTTT,790
AAACTAAACCTCTACA,789
AAGCTGTGAAACCTGA,789
ACTGATTACCCCTTGC,789
ATAAATCAAAATGAAA,789
ATAACCAACCACAAGC,789
ATAGAGATAGTCTAAT,789
ATTTTCGTAAAAGTAC,789
CAAAAGATCAGTATCC,789
CAGGTTAGGCACTGTC,789
GAATATATCAGAATTC,789
GACCCTTTAACTACTA,789
GGGAGGCAAGGTAAAC,789
GTTACCAAATGGTAGA,789
TATAGAAGCGTAAGAG,789
AAAATCAAACAAAAAG,788
AATTCCGTGTGACCGG,788
ACGGAACATTGCTTAG,788
ACTCATGCTTTGTCTC,788
AGAATTTAGGCAAGGC,788
ATGTCGCTGTAATAAG,788
CGTCTTCCACAAAAAC,788
CTTACGGGCCCCTACA,788
GACGTGACAAAATTGC,788
TATTAACATCGCATTA,788
TCCGTCCAACATCCGC,788
TCGTAAACATAATCAG,788
TGCCGGGCACAACGAT,788
TTTCACTATCAAGATG,788
AAGAAAGGGGTGTTAA,787
AAGACGCAATAGAAAG,787
ACTAATACTATTAGAC,787
AGCTAGTAGCCAGTCC,787
ATAAACCCCTCTTTCA,787
ATCTAAGAGTAAGGAG,787
ATGCCCCACTTCAATA,787
CATTCTTTGTATATGA,787
GAAAAAATGTCCGGCG,787
GACATGCGAATACTGT,787
GACCAAAAGAGTATGC,787
GAGGTTTTGGACAAAT,787
GCATCATCCAAATGCC,787
GCGATTGGGTACTATC,787
GTCTGGGTAATAGTCC,787
GTGCTGATACCAATGA,787
TAACTCAGACACCAAT,787
TGGCAGTAACGTCTGT,787
AAACACAGCCAGGAAA,786
AACCCACTTACCGTGC,786
AAGACAAATCCTATGT,786
AATGAAAAACACAGTA,786
AATTCATGAAGCGTAC,786
ATACATTAGATTTGCC,786
CAATCAAGAGGACTAA,786
GACGAAACTAGCTCGA,786
GATACCAATTTACTAC,786
GCTCACGTAAATGCAA,786
GGCAAGATTGAGTTAA,786
TAAGAACACGAATATT,786
TATGATGGCGGTATAA,786
TTAAACCATCATTGGC,786
AAATTATAAATTTAAC,785
AATAGCTACATACTTA,785
ACGAATGCCTAATCTA,785
AGAAAATTTGGCCGGC,785
AGAGTTGCCATAGAAA,785
ATACTTCGCAGTGCCT,785
ATTGAATTAGGAGATA,785
ATTGTTGAAGGAAGCA,785
CAAACTCCGATCATGT,785
CAGTCCCCGCTGACCC,785
CATCGCGACAGATCAT,785
CCAAGCATTCGATTGG,785
CTATCTTACACTCAAA,785
GCGAATAGAATCTCCC,785
GCTTGAGATTTTAGCA,785
GGCATAGGTACAAATA,785
TATAACAATATAGATG,785
TCAACCCCTGACTTTG,785
TCAATGGCAAACGCTC,785
TCCCGCTCCGAATGTT,785
TTAGCGTGTGATTCTT,785
AAATTAGGGACTGTAT,784
AAGGAGGAAAAATGAC,784
AATAGTATGATATCTA,784
ACAGGCATTTAATTAA,784
ACGCAAATAATGAGAA,784
CAACATACCAAGAATA,784
CCATAGAAGCCAAGCC,784
CCGTCCATCAGCATCC,784
GAAGACGACCTGAGTA,784
GACACAACACACGACA,784
GATTTTGAAACACAAT,784
GCACCTAATGAAGACA,784
GGACACCCCAAACTGA,784
GGACCGAGTGGGAAGC,784
TATCACAAAACAAAAT,784
TGAGTATGATAGACTA,784
TTTAATTGTATAATGT,784
AAACTTTATGCAGCTA,783
AAATAATTTATTTGTC,783
AATACATTCTGAAAAA,783
AATTCCAAAACAAACC,783
ACCATAAATACTGAGA,783
ACTTGACAATATACTG,783
ACTTTTTAAAATTAAG,783
ATAGGTCACATAGGAC,783
ATCAGAAGAGTATACA,783
CAAAAACGAATAATGC,783
CGACATGTCTTAAAGT,783
CTAAAAACATCAATCC,783
GAACAAGCCTATGACA,783
GATCCTATTATGTACC,783
GGCCCGAGGGGCTCAC,783
GGTGCAGTTATAAAGA,783
TAACGTTGAGCTACTA,783
TATATTGACCCTATAG,783
TGAGTGTGAGATACTT,783
TGTCAATATGGCAAGT,783
TTAACACGAGCCTCAT,783
TTCGGGTCAAGTGACA,783
TTTCGATTATGCCAGA,783
AAACACAGATCATATA,782
AAGGAAAATACCAATA,782
ACAACCCTTCAAGAAA,782
AGATTCTCATTAAATG,782
ATACCCAGGGCAGATG,782
ATCCCTACATGGATAG,782
ATTCTTTTCCGACCAA,782
CATTAGCATAGATCCA,782
CCCGCGTGCCGCCATA,782
CGAGAGCACACAATGA,782
CGGAGAGGGGGGCAAC,782
GAAAAGTACAAGATGA,782
GATAAGTATCTTTAAC,782
GGAATATGTCTCAACG,782
GGCCCACCGTCCTAAA,782
GTGTGTTTAAGCGGCA,782
TAAACGAAAACGCTGA,782
TGCGTAATGAAATCGA,782
TGGCCTGCAGGACGTG,782
TTAAGCATGTCCTAAA,782
TTAGAACTAGTCTAAC,782
TTAGTGTTCGAAATAC,782
TTTGACAATTAAGTAC,782
AAACCGGTCATTCATC,781
AAATTTTGTTCATAAC,781
AACGAAAGACCAAGAA,781
ACTTACCCTCAACATT,781
ATATCCAAATTGCCTA,781
CATAACCGACACCACC,781
GACCTGGAAGCATTAG,781
GATGCGGGGATTCGAT,781
GGAACTCGAATTTTCT,781
GTGCTACCGAATGCAC,781
TATGAAAGAACAGCCA,781
TCCTGCACAATGTTCA,781
TGGAACTCCTTCTCAT,781
TTAAATGACTCACGTA,781
AAAGGAAGGTGCACAT,780
AAATAATTGAAAACGG,780
AAATGCAAGAGAAAAT,780
ACAGTATAGCGGCTAG,780
ACCCACTATGTAATTA,780
ACCGAATACGTCCGAA,780
ATGTCCAAAATATTTC,780
CAACTCTACAAATTAT,780
CATTGTATAGATCTTG,780
CGTAGATCATCCCAAC,780
CTATCTAAAGTTGTAA,780
CTGAATCAAAATTTAG,780
GACGACTCTAAACCTA,780
TAACAAACACGGAGAA,780
TAACCCATATGCCATG,780
TCTAAGAAATAACATG,780
TTGATGCTCATAAAAT,780
TTTTACCCACAATATA,780
AAGATTAAATTCCGCA,779
AAGCAATGGGCAAGCG,779
AATGACAGATAAGTCA,779
ACCAGTTTGTTCCCCA,779
ACTACACATTAAGTGC,779
ATGAGGGAGTTCCCTC,779
ATGCCTATGCATTAGT,779
CAGTATATATGTACCA,779
CGAACCAGAGAATAAA,779
CGCAATCAAACTGACC,779
CGCTTGTCATGAACTA,779
CTAAATCTCACGCTAT,779
GACACCGATACCCAGA,779
GATATGCAAAGCAAGG,779
GCTCAATATTACGCCA,779
GGGGTACACAATCCAC,779
GTACAACCCAGTAGCC,779
TCAGCAACTAAAACTT,779
TCTGCCAGACTGCGGC,779
TTCGGTAAGAAACCCT,779
AAACCAGACGAAGGGA,778
AAACCCACTAAACATC,778
AAACCGATGAGCACCA,778
AAGTTAATGATGTATT,778
AATAATACTCAATAAA,778
AATGTGGCCCTAAAAA,778
ACAATAAAAACCTGGA,778
AGGAACGTTTTGGTTT,778
ATATACGCCTGCGAAA,778
ATCTGTATGGATGTTC,778
CAATTTCATGTAAAGT,778
CACTAAGGGTTAACAC,778
CCAAGGAACCCCCAGA,778
CCTGTTTAATATACAT,778
CGCAAAGTGATCTGTT,778
CTAAATAGTCAGCAAA,778
CTGAAAACACCATAGA,778
GACATGCGGTACCGGA,778
GTTAAAAATAATACTA,778
TAAATGTTCAGTTCTG,778
TACTGAAATCATCTGC,778
TATATATAATCGGACA,778
TATTACGTGCGAATCC,778
TCCTACATACGAACAG,778
TGTTACAACCCCAGTA,778
TTCATACATATTGTAT,778
AATCTATATCTGATGG,777
AATCTTGTATGCTTAT,777
ACAGGCAAACCGGGAA,777
ACCCAACGCTGGGCAA,777
AGTGACAAATTCATCG,777
CAACAAGAATTTTCAA,777
CAATCAATCAGCCTCA,777
CTCCGATGGAATTAAA,777
GAAGACGGATATAGGG,777
GACACGCTAATAATAA,777
GAGAACTAGATGTATG,777
TAAACCTAGGGTACAA,777
TCTAAAAGACTTTGGA,777
TGAAATTATTACATAA,777
TTCTTCGTATCCTTCA,777
AAAATTCAGAAAGAGC,776
ACCCTAACCTGACTCA,776
AGGATTCGACGCCTGG,776
ATCCAAATCATCAAGC,776
ATCCTCGAAACAGACA,776
ATTTGAAAAATATCAG,776
CAACTAAACCTCACAC,776
CATACTGAAAAATGAC,776
CGCAATTAAAAAGGAT,776
GAACCGTCCTTCCGAA,776
GAAGCATTGTCAGACC,776
GACAAACATTCGGGAA,776
GATTGAGCAATGACCC,776
TACCTCTAATGGATCA,776
TACGATAACTTACCCG,776
AAACGAATTCAGCTGA,775
AACGTCTGGCAGATCC,775
ACAAATAAGAAGCACT,775
ACAATTGTAAATTAAA,775
ACATCGAACCTGAATA,775
ACTAACGAGTCTACCA,775
AGCCGAATAAGTGCCA,775
AGTTAACAGACTAATC,775
ATTAGTTCATGTAAAA,775
CACGCCTGAAATTGTC,775
CCACTCCTCGTGCATG,775
CGCGTTGGTAATCTCC,775
CTTCGAATTATAACAA,775
GAATACAACTTGACCT,775
GATATACAGACCAGAA,775
GCAGTTTGAGGTTAAA,775
GCATCGGACCACTAGT,775
GCGCATTACTGCGCCC,775
GTTACAGTATGCATAT,775
TAAACAACTGTAGTCA,775
TAGATTTATAGCAAGT,775
AAAACAATTACAACAG,774
AATGCACCATACGCAC,774
AATGGCCACTGAATAG,774
ACGTATTCTACGTAGC,774
ACGTCGTTCTTCCGGA,774
AGAGGTGTACGAAATT,774
ATGAACAAGGCTACGC,774
ATGATTTAGATGTATG,774
CGAAGACTAAGCAAGA,774
GAAAAATACCCTAATA,774
GCGTTATCGCAGTTGA,774
GCTGTTATTAAGCCTT,774
GTGTTTCGTATCCTCA,774
TAATGCCTACACACAT,774
TCAAGATTAAAAATGA,774
TGGAGGCTTCTGCCTC,774
TGTTACAAGGGAAATC,774
TTGACACCAAATGCAT,774
AAATATAGTTGAACCA,773
AATTCCACCCTCCATA,773
ACGCGACACACAACAC,773
AGGCCTAAATAGAACA,773
AGTGCAGAATAGAACC,773
ATGCCCGAACATATAA,773
CAATTAAACACGTCGT,773
CCCAAAGGTTCAATTT,773
CTCTTTCTAGTCTACG,773
CTTACACGAGAGAGAA,773
GACTCACCCTCGAGGA,773
GAGTAAATTAGAGTCT,773
GATCTCTTAAATAGCA,773
GATTAAACAATAACGT,773
GGAAAAATACAAACAA,773
TAAGGCACAAAAACAG,773
TAATGCAAATGACCGA,773
TAATTACGCACCCCAT,773
TCAGGGGCTTTAGCAA,773
TGAGCACTAAGTATAT,773
TTTAAGAGATTCTCGA,773
AACTTGCCGAATCGCT,772
AAGTTAATTCGTCGCG,772
ACAATCCAGACTCCCC,772
ACTGGCTCCACAAGAA,772
AGATTGCCGCCCTCTT,772
AGCTTCACACTATGAT,772
ATATGTACCTCGGATG,772
ATGACGTCAAAGCTGT,772
CACGTCATAGCAAAGC,772
CACTCACATATTTAAA,772
CATGCCAATTGAGTGG,772
CATTAATCCTATCTAC,772
CCGGATAAGAAGAGAG,772
CGAGGATCCGAACAGT,772
GAGACGATCTATCAAC,772
GTATGCGTATAGTAAA,772
GTTCAGAGTTGTATAT,772
TAACATAAACTGTTAC,772
TCCTGACATAGTCCTA,772
TCTATGACATATTACA,772
TGCAACGAATAAGACG,772
AAATAGGAAAGTTTTT,771
AAATCCGTTCTCAAGA,771
ACAGAGAACTGAGTCA,771
AGGAAAAACACACTCG,771
AGGTACAACTAGACAA,771
AGTTAAAAACAGCGAG,771
ATAAATAACCATAGAT,771
ATCGATGGCTATTCTA,771
CAACTACCAAGATACC,771
CACTCTGGAACGGTAA,771
CACTTTTCATACCTCA,771
CCACCTATTTTCTGAG,771
GAACATGTCAACAATT,771
GCAACACATAAACTTG,771
GCAACACTAAACAGTA,771
GGTTTCACTAACTCAT,771
GTTCCCTACACGCCCA,771
GTTTCTTGGTAAACTC,771
TACTACCGACCCACTA,771
TAGGAAGCCGACAACA,771
TATGGCACCCTTACAT,771
TGAAAACACTAATCTA,771
TGAACATAAAAGATAG,771
TGAACTTGTAGGATTA,771
TTCAGCGGAGTTACCT,771
TTGCACTAATCAAAAA,771
AAAATTGAAATCTAAA,770
ACTTGAAACATGTAAC,770
AGAGCAAAACCGCAAG,770
ATCTAAAGATAATAAT,770
CAAAGAAAATTCTTAA,770
CCGCAGCTATCTCCAC,770
CCTAAGCAGCTTAGCT,770
CTTAGAGACCAAAGAA,770
GCGGTTACATTCACAA,770
GGCGGTACGGGTGTTA,770
GTCAAAAAACACATTT,770
TAAGCTCTTACAAGAT,770
TACAGAATCTCGATAA,770
TATTAATGATTAAAAA,770
TCCATGCGCCTTAATC,770
AAGAACCAACTAAATA,769
AAGGGGGGTTGACCAA,769
AGTTGTAAACAAACTT,769
CCAAAATTACATAACG,769
GACCTAATAAACTGAA,769
GAGAATCCGGACGACC,769
TAAAATATAATCTAGA,769
TGACAACAACAAGCTT,769
TGATAACCATGGACTA,769
ACGCAGCAAATGGAAG,768
AGAAAGGTTTGAAACT,768
AGTTGTCTAATATACA,768
ATATACTCTCTAACAC,768
CATAGTCTGACAAAAC,768
CTTCATAGCTCGAGTT,768
GAGACACTATGTTATT,768
GAGTATCCACCCACAC,768
GCTTAATATTAAATGT,768
GGGTCTGAACCAAACT,768
GTTGTAAGATGGACAC,768
TAACAAAAAAACCAGT,768
TAACATTTACATAATA,768
TGGATCTAGGTATTAA,768
TTAAATTAAAAATGTC,768
TTCAATGTTTGCAGAC,768
TTCCGGCTTGACCACA,768
TTTAATACAACTGTTA,768
AACGGATGATATATAA,767
ACACCCATAATCGAAA,767
ACAGCAAAAAGAACTC,767
ACAGGGTTTAATATAA,767
ATGCCACTCATATAAG,767
CCCAAAAACCACGAGT,767
CGATTCTCGGCATTTA,767
GATCATTATAACGCTG,767
GCACGTTTACTATTAA,767
GGTGTCGTCCCCGGGA,767
GTTCTGGATAAAAAAA,767
TGAGAGCTAATTCGCT,767
TGTTATCCCAACAATT,767
TTCGTCCAGAACGAGA,767
TTGTAGTCTCCAACCC,767
AAAACATTTATAAAAA,766
AAATCAACCGGTTCAA,766
AATATGAAAAGTACAA,766
ACAAAAGCTGTCCAAA,766
ACCAATTGTAGCTACC,766
ATTACTATGTATACAA,766
CCACGATTAGCACTAA,766
CCATGTCGAACATAAC,766
CGAATCGGACATCTCA,766
GCAACTCGCCGCTGTA,766
GGATGCAATAAAATAA,766
GTAATATAGGCCGGCT,766
GTTACATAAGCTACAT,766
TAAATCTGTTGACAAA,766
TAACTAATCCTATCTA,766
TATGGGAATCCCTATG,766
TATTTCAATAGGAAGA,766
TGAGAATTATTTTTTG,766
TTACACGAGCAGAGCA,766
TTCATGCGTAATAAGA,766
AAATTCAGATATCCAC,765
AATGTCAACACCACCA,765
ACAATCTATGTCATTG,765
ACAGCAATATAACATA,765
CAATTCATTCATTGAA,765
CCATTATCCGTTGATC,765
CGATCTCCCTAGGAAT,765
GACAAATTAATGCAGG,765
GACTGCATTACGAGGT,765
GTTAATAACCTACTAT,765
TACAACAACACCACAA,765
TCATGAAGCGTCATAC,765
TCCTACGCTTCCCATA,765
TTACGAAACATCGGAC,765
TTGATATGCCAATAGT,765
TTTAACTCCTCACTGG,765
AAACAACGGGCGAACA,764
AGACACAATATATTCG,764
AGCAAAGGTGGTATAT,764
AGCGATACCCCGGTAA,764
AGTCTTTGACTGAATC,764
ATTGGTTTACAGGCAG,764
CATGTAATCCGGCTAC,764
CTCCACCCAGACTACA,764
CTGTATCAGATCACTA,764
GCAGGCACTAACGTTA,764
GGAACCACTGAAATTG,764
GTCGTCGTTTGCCAGA,764
TAAAGAGACTTAAAAT,764
TACATTACCATACGTA,764
TATCTCTTACAGACCA,764
TCCTCGGAAGGGTAGA,764
TTGGTAGCTTTACCTA,764
AAAAAAACCGTGGGTA,763
AGACGCGGAAGATCAT,763
AGATTATTTGCTGCCA,763
AGCCTCCATGCACGAA,763
AGGTGATAAAATATAT,763
ATAAGCAGGTTCTCCA,763
ATTCGATGCATTAAAG,763
CACGACTATGATATTA,763
CAGTCAATTCAGTGTT,763
GCGGGTCACAATAACC,763
GTTACAGACACCAGCA,763
TGAGATTGAACAAGAG,763
TGCCCCCCTCTCGACC,763
TGGCGGCACCTTAAAT,763
TTATATCTAGCTCTCA,763
ACAGGTATATGGTAAG,762
AGGTTAACTCCAACAT,762
CTCACAGCTGTTAAAC,762
GAGTGGAAAACTCACT,762
GCTAAGTGGCAAAATC,762
GTACCTAACTGTATTG,762
GTATTGTGGACCGAAA,762
GTCAAAACGATGATGC,762
GTGATCGGTCTAACAG,762
TAGTAATTTTGTACCA,762
TCATTATTTAGGACCT,762
TCTAAACTATATCCTG,762
TCTTTTCTCGCCTAAA,762
TGCGCACGCTCACCGA,762
TTAGGAGTAGAAAATT,762
TTATTCGCAAAAAAAT,762
AGCAAACAGAAAATCT,761
AGGGTTTTACAAGAGG,761
CAAAACCTGACCGCTT,761
CAACCATATAAGATGG,761
CATCGAACAACGAGCC,761
CATTACCGTTATGACC,761
CATTATTGGCTTTATA,761
CTAATCTCCCTTGAGC,761
CTGTGGTGAACCTAAC,761
GAAATGGTAATTCATG,761
GATGCTAGGAACTTAT,761
GTTTTTCACGACACAA,761
TATATTAACAACTTCA,761
TATCAGTGTTGATAGC,761
TATTTCCCGCGGACCA,761
TTTAGCAAGCAAAATT,761
AAATCTATAAAGCTGC,760
ACCTAAACACCCTACG,760
ACGTTAACAAATCAAA,760
CCAATCGGTCCATGGC,760
CGATCATAATAACCAT,760
CGATTACCGGTTAGCA,760
GAAGCACATACTCTTG,760
GCCCTCTCGTTCACGA,760
GCGCTACATGAAAATA,760
GGTAAAAAGTAAAGAT,760
GTTGATAAATCTACTT,760
TAAATTCAGGCTTGGC,760
TGAATTCTAACGCTCC,760
TGATACTCTAAGATGA,760
TGCATAGCTCATCAGC,760
TTGTCAGACCCTACAG,760
AAACTATTATTACGAG,759
AAGGTTGTAAAACCAT,759
ACACTTATATGCACTA,759
ACAGCACCGTCTTACC,759
ACTATAGAATCGACGT,759
ATACAAAGTACAAAAT,759
CATCATCCCATAGTTC,759
CATGCCGCTGCTATTC,759
CCTCTACGAACAAATT,759
CTAGAGGAAGCATTAA,759
GAAGAGACGAAGAATG,759
GAATCCCTGCGTGAAT,759
GACCCAATTGATACAA,759
GACTACCATATCCCCT,759
GACTCATTGTGATACG,759
GATCGTACACGCTACA,759
GCAACCTAACGTCCGC,759
GGTTTCGATAGCCACC,759
GTAGAAATAGAATAAA,759
GTGCGAAACTGAAGTG,759
TAACAAAATTTTAAGA,759
TAACAGGATTAATAAT,759
TAACTATTAATCGAAT,759
TAATTCGAATTCATAC,759
TAGGGGCTCAACAATA,759
TCCCACAACTCTTAGA,759
TGGATGAAACCGGAAG,759
TGTGTTTTACAAATAG,759
TTAATAGACCCGAAAA,759
TTCAATACAGGAACTG,759
TTGTCAACTCACTAAT,759
TTTGATGTGCAAACCA,759
AACCAAACAATTTAAC,758
AATACATCTAGTCAAA,758
ACCCCCCAAGTATCAT,758
ACGGTCCTAAAATAGC,758
ATACAAACAGACCCCA,758
ATCTTACGACAGCATG,758
CATATGACATAAAAAG,758
CCATCACCCGTTAACC,758
CCATTCAAAATTATAC,758
CCCCTTAATATTACAT,758
CCGCAACACTTAGTGA,758
CTTACAAGATTAAAAA,758
GAATTGAATAGACAGG,758
GATGACAGATTTGACA,758
GGCCGTTAAGGGCACC,758
GTGACTGAACCCAATC,758
TTCTTCGACATTCCGG,758
AAATTACCCAGATTTA,757
ACATGCACCCGTATAC,757
AGCTGAGTTCTTGCCT,757
AGTTAAATGCGGACCA,757
AGTTACTACCACTTAT,757
ATAATATCGAGTACGA,757
CAGTGGACCTTACTAA,757
CCGATCTTCCAAGAAG,757
GACCGGTATTTTCACG,757
GGTATAAGACAGAAAA,757
GTAACGGGAGAAAACT,757
GTCCGGCTGTTCGCCA,757
GTCGGAACCGAAACTA,757
GTGCAATTGCCTAGAT,757
TCGAACACAAACAACA,757
TTAATGCGTCTGGAGT,757
TTAGTACAACAAAATA,757
TTTAGTCACTCGGGAA,757
AAATAACACCCGCAAA,756
AAGATATGTCAGATGC,756
AATCCTGACCTCTCTA,756
AATTACGCTCGTCCTG,756
ACGCACGACCGACCAC,756
ATAAAACGTTTCATTA,756
ATTATATACATGTAAC,756
CAAATAAAATATTGCG,756
CAACAAGAATAAATTT,756
CATACGGTTAGCCGTT,756
CATCAAAAAACAACAA,756
CCACTCTCATAGTCAG,756
CCCTCTCCCGTTACAG,756
GCCTGAACCACTGTCA,756
GGAACCGCAATGCAGA,756
GGCCTTAATAGTGAAC,756
TAACACAAACTACCCC,756
TAATAGAACAAATGCC,756
TCAGAACGTATAAACC,756
TGCTTTAAAGCCAGCT,756
TGGATAACAGATATAA,756
TGGGCAAAACTTAACA,756
TTTCATAGTCAAATAG,756
TTTGTTCAACAAACCT,756
ACGATGCCACCCTATG,755
ACTAATTATCAAGCAA,755
ACTCATTCACAAATAC,755
ATATCCCAACAATAAT,755
ATGGATTAATTTACAC,755
CAACAATATGGAGTAA,755
CACCAGAGAATAACAT,755
CACCTTAGTGTACTAA,755
CACGTTATAACTAACA,755
CGACCCACAGCGACGC,755
CTTAACCCGCAAAACT,755
GAAGAGCGGAGTATGC,755
GAATTCAATATAAACC,755
GCAGGTCAGGTCAGTT,755
GTAAATAGAGAGAGCC,755
TAATATCTAAAATGGA,755
TACCCGTTTATATAAA,755
TATAAGAACTACCAGA,755
TATCTAACTAAACGTA,755
TTATATCCCACAACAT,755
AAAAACATTAAGCGAA,754
AAAAATATCTTCTATC,754
AAATCATAAATCATAG,754
AAGCTTACCGGACATC,754
AAGGAGCTGGGTATGA,754
ATATTCCAACATAGCC,754
ATTGCATTAAGCCCGG,754
CCAAAGAGCCTAATAA,754
CCCTAAAGAGAATTTT,754
CGCTTATATATTACAT,754
GAAGATTCTCAACAAT,754
GACGAAAGAAAATAAA,754
GCAAAGACTGCCGTAT,754
GCGCAAGAATATAACC,754
GTTTTGACTACATCCA,754
TAGCACAAGGAGGAAG,754
TCCACTACCAGGATTT,754
TGACCGCCACACACCT,754
TTACAGCAAGATTACT,754
TTCCACCACTAACTTC,754
TTGTGGTATAAACTTT,754
AAAGAGCGAGGAACCC,753
AACATACTTATGTACT,753
ACAAATTTCCCGTAAT,753
ACCATAAAAATCTCAG,753
AGGAGGATTGGAAAAT,753
AGGCAATCAGCCAAAC,753
AGGGTCCGTTAATGTA,753
CAATGTTCCAAAACAT,753
CAATTCATCGAGAGAA,753
CACACCATGTCTTCGA,753
CTATTGCTATAACTAA,753
CTTCAAACAAGATGGT,753
GCCCTGATTTAGACCG,753
GGAAACCCGAATGACT,753
TAATAGTAGCACATTG,753
TACGGTTTGAAGACCA,753
TATATCTAAAACGTTA,753
TCTAGGATCCAAAATT,753
AATGTGTAGATTAAAA,752
CAAAGGTTAAAAGTTT,752
CAAGAATAGCAGGGAA,752
CAATTTGATCAGCATC,752
CATAGAACAGTGGATG,752
CATCATACTTAGCTGC,752
CGACCCGTTATACACA,752
CTCCTATGATATCCAT,752
GCCTGTCACAGAGCTA,752
TAAGAGTGAGGAAAGA,752
TATACATGGACAAACT,752
TATATACGGTTCTAGA,752
TCAATCAGGTCAAAGT,752
TCTTGATGAGAGAGAC,752
TGGCTGTAGATTTACG,752
AAGGCAAAATCCTAAG,751
ACAAGGTTTTGTAAAA,751
ACATACCCTATAAATC,751
AGGGCACAATTTACAG,751
ATAACCATGAATATAA,751
ATCACTTACTCAATGC,751
ATGTTTCTAAGAATTC,751
ATTGCATATGAATTTT,751
CACTCTCGCTCGGATA,751
CAGAAACCAACGAACA,751
CGCACATGCGTAGACA,751
CTAAACTTCACAACCT,751
CTAACTATGGCCGTCA,751
GCAGTTCGTGCAATAT,751
GGCCAGCTCTCTTAGA,751
TAAGCCCAGGAAACGA,751
TAAGTCATAAAAAAAC,751
TACATAGTTAGTACAA,751
TAGCCGAAATAGAGAT,751
TCCTCCCATTCATCCT,751
TCGGTCTATATTTAGA,751
TGAGAAGCGAAGGATG,751
TTTAAGCAAACAGACT,751
TTTTCCCCAGTTTAAT,751
AAAACGTCGCTCTGAA,750
AAAGCTGATGACTGGT,750
AAATATCAAGGCTGGA,750
AATTAACCAAAAAAGT,750
ACGAGTCCGTAATCAA,750
ATTCACAATTACGTGC,750
ATTGGGACTGTACGCT,750
CCAGCCCCTTGTAAAG,750
CGCTTACTACAACAAG,750
GAATCTCCAAACACTC,750
GAGCAACAACGGTCCG,750
GTAGGACTGCCAACGA,750
TCCTCTATAATAACAT,750
TCTCGATAGCAACTGA,750
TGTCTCTTAAATGTGT,750
AAAAAGCCCGCAGACA,749
AAAACAAAAGAAAGTT,749
AAATGCATCAATATTT,749
AACTATTCACATCTTA,749
ACGATATGTAAATCAT,749
ATAATCCGCGTCACTA,749
ATATCAAAACTGTCCA,749
CTGTACTCATAGGCAG,749
GACAGCGAACATCAAA,749
GATGATGTTACGAGAC,749
GGTCTCATATCTAGGG,749
TATGACCCTAGGTTGC,749
AAGATTCGAGGTAATT,748
AATACTGTTAAACAAG,748
ACAAGGTCGACGCAAA,748
AGAAACAGGTTGAAGT,748
AGTATGTAGCTTTAGC,748
CACCCAAACTAGCTTT,748
CAGAACAAGTCGTGGA,748
CATTTGTAGATACAAC,748
CTAGCTTATAAGACCC,748
CTCGTGGTTACCCCAC,748
CTTATACTCCACTTAA,748
GACGCAGACCAGTGCT,748
GAGCAAAGAATACTAC,748
GATGTAGTAATTAACT,748
GCAATGGGTGCGAAAA,748
GGCCGTCCTTGAAGCA,748
GTCCTTTACTCATATA,748
GTGGATTGTTATGCAA,748
TACCAAAACAGTATAA,748
TACCAAGCTTGCACGT,748
TAGACTAACTGTTGTA,748
TGAATACCCCTGGAAT,748
TGGATCAATCTAGCGA,748
TTAATCAAGATAACGA,748
TTCCAAAGACACTTCC,748
AAAAAAATGGTTTAAT,747
AAAAAACTCAATAAAC,747
AACGGACGCTCATCCG,747
AAGCTAGTCTATACGC,747
AAGTACCGATCTGCTT,747
ACGATTACACATAAAG,747
AGAAGCCACTTATCCT,747
AGCATTGACTGCCAGA,747
AGCTTTTGTACCAAAA,747
CAACTATCACCCCAAA,747
CAATTACGCTTAAAGC,747
CATACGATAGAAATAA,747
CCCCGTAAGATTGTAA,747
CGCTACTGCACAAGCA,747
CTTACCACAGCTCTGA,747
GACAATGACCTCGGCA,747
GACGGCATCATGTTAC,747
GTGTCACACCCAAGTC,747
TAATCGCTTCAAATCC,747
TAGAAAAACATAACAT,747
TCCCATCGTTCCCATG,747
TGAACAAGTACTCCCC,747
TTGCCGCAACGCTACT,747
AAACTCACCAACTCAC,746
AATACTAACTAATACG,746
ACCAAAACGGGCGTAG,746
ACCCCAACTACTCTGT,746
AGTTGAAACAAATTTT,746
ATATTAAGTACTTCAG,746
ATTGATAACCAGTCCA,746
CAACAAAAACGGGACT,746
CACACATTCGCCATCG,746
CAGCACCATGTGACTG,746
CGACACAAGACTATGA,746
CGAGTCCACGAATAAA,746
CGTGACACATGAGAAG,746
GAACAAAGGATATCGG,746
GAACCTCTAGTTAAAC,746
GAATAAGGGATAGACT,746
GACAAGACGTACCTGG,746
GACCAGTCAAGTCCGG,746
GCGAGAGACTTTTTCC,746
GGGATAAACTTATAAT,746
GGTTGAGCAACACTTA,746
TCATTAATGTAAGATG,746
TCGGATAGAGCTTGAC,746
TGTTAGTATGCACAGA,746
TTAATCCATTGACATC,746
TTACAACTAGCGTCAT,746
TTTAACCAGCATCACC,746
AACAACCTATGTCATA,745
AACCAAACAACACCTT,745
AACGTTCAATACTTAT,745
AAGGCAAAAGTAAACA,745
AGCAAGATGAGACAAT,745
AGTTCCAAAAGCACGC,745
ATACGTTTCGCTTTGT,745
ATGACCTCGCTGAAGC,745
ATGCATATTTTAGCCA,745
CAAACTCTATGACCCG,745
CATCCGGCGCCTCCTG,745
CCTATGGCTTTGATAA,745
CGCGTTTAATGACAGA,745
GAGATAACTCACCACT,745
TAAACTGTGTTAGCGA,745
TAACTAAGGCCTATCG,745
TCATACCCATACTCCA,745
TCCCAGTACTGACAAA,745
AACCAAATCGAAGAAG,744
ACCGAATGAACAAAAG,744
AGAGCTGTCAATGATA,744
AGCAGTGGCGGAGAGC,744
CAAAAGACAGGCACCA,744
CATCCGGACCCACTCG,744
CTTACACTCCCGGTTA,744
GAAACACGAGCACACC,744
GAACCTGAAATACAGA,744
GACACCCAGGTTAAGG,744
GAGAGATAAGCTGAAA,744
GAGGAAATCATAGCGC,744
GCGAGGGCAGATGTAT,744
GGACAGCGCAGCACAA,744
GTGCGAGTACATACAA,744
TACGGAAATCAGAATT,744
TCAACATGAGATCGCC,744
TCCGTCGATAAGCTAC,744
TGAAACGTTTCAATAA,744
TGACCTAGAATTGGTC,744
TTAATCAGGATATGCA,744
TTGTGCAACGGATACG,744
AAATGCACGCAGCCGA,743
ACACATTATGACAAAT,743
ACCGAGGAGCACCCCC,743
ACCGTGACAACAACAT,743
ACTCAAGATGGATGGG,743
AGTACTGGTCCTAAAC,743
ATACAGACTTTATGGG,743
ATACGCAAAAGTGCTT,743
CAGCCCGCCACAACAT,743
CATTCACTCATAGGAG,743
CCCAACCGAGGCCGCA,743
GAAAGTTGGTAAAGAA,743
GAATCTAGAGCCTTAT,743
GATCCCGCAAAAGTGA,743
GCACTAATAAAGAACC,743
TAAAAATACGTAACTT,743
TAAAACGACTAAAAGC,743
TATATAATACACTATA,743
AAAACAATTACAATTC,742
AAATTCATCAACGTGA,742
AACACAGCTAAAAAGT,742
AACCTGCCCAAAGTAA,742
ATACAACATATCACAG,742
ATAGCAACAAACCTTC,742
CATTACTTAACAACCG,742
CCGCACCAAACAAATA,742
CCTGATGGCAAAAACG,742
CTGAAAACTTTTTGAG,742
GCCATCCTGCCTATGG,742
TAGTGATCAACCTTCT,742
AAAGTGACCAAAATAC,741
ACACACCCAATTTAAA,741
ACCAAATCTAAAAATA,741
ACCCTGACCAATTAGG,741
ACTCATTATGCAAAGG,741
AGCATGCGGATCTACA,741
ATAATAGGATATCAGC,741
ATCACTAGTTGTGTGC,741
ATCACTCATATCGGAG,741
CCAGAATTCTAATAGG,741
CTGACATAACATCAGA,741
GACCTAATACTGAAAC,741
GATCAACTTGTGTTCA,741
GCTTAAACAATACAAG,741
GGTCATTCCTGACAAG,741
TACAAGCTTCAAACGA,741
TACCCCACGCTCCAGA,741
TCAAAGAAGTGAGAAT,741
TGATTCCTTTATAAGC,741
TTTGGACGAATTAATC,741
AAAAGCAATAAAAACA,740
AAATTCATTGAGTCTC,740
AACAGTGTGGATAGAC,740
ACATGGGCAGACAAAA,740
ACCCGGCACATTCAAA,740
ACCTAACATCTCGAAA,740
AGTCAAGGGGACGTAT,740
AGTCCCGCCTGGTAGG,740
ATAGTCAAAGGGTGCT,740
ATCGCGCTCTCTCAAA,740
CATCTTTACACCGTGG,740
CGAAGGTTAAAACGTA,740
CTGCTCTAACGAGTTG,740
TACTAAGCAAACAATT,740
TCACCTTCACGGCACG,740
TCGTCTTTTTGATAAC,740
TGAACTTCCTCCTTAT,740
AAGAGTTATATAAACC,739
ACAAATTGCAAATTGG,739
AGGGGACCCGAAGACG,739
CAAATAACCTCGCTAG,739
CACCACATGAATGAAG,739
CGGGAACAGCCATAAC,739
CGGTATCTGGGCAGTA,739
GAACATTACGATTCGC,739
GAATATACCAGAACAT,739
TAAAATGTATATTTGG,739
TAATAAAAATTAGTAG,739
TATGCATGACGTCTAA,739
TGATCTACAAACCGCG,739
AAACTTCCCCTAAATT,738
AACGGTCAAAATATAG,738
AGAACAGCATCAGAGG,738
AGAATTACTTCACGGC,738
ATATAATATAAAGCCC,738
ATTTATAAAACAATAA,738
CAAAGGACCTTGCGCA,738
CACCTCACGAGCTTGG,738
CCAGACCACCTAAGGG,738
CCTTAACTGACTACAG,738
GAAAGAACTTAAAAGA,738
GGAACGCTATACTGCC,738
GGATCAAGAGAAAGCT,738
TAAAGAACTACCGAGG,738
TAACAAAGACGACTGA,738
TAGGATATAAAACTAG,738
TCAGATAACAAATACG,738
TTAAAGACACAGTGCT,738
TTTTCCGTAGAAATTC,738
AACCCCTGTTTTAAAC,737
AAGTCACTAGGACAAG,737
ACCTTCTACGAAAGTT,737
ACTTCAACAACATCTT,737
AGTTAATCAATTCAGA,737
ATAATTTTGTCTGTAA,737
ATCATATAGGAATCAC,737
CAAAAAGTAAAATTTA,737
CACGGATTCTAAAATT,737
CCCACATTATACGACC,737
CTGTATCCGATACACG,737
GAATTACAGACCAACA,737
GGAGCCAACAGCAACC,737
TACATCTTAAAATGAA,737
TACTTTAGACCGTACA,737
TAGAACCTTAATCTCC,737
AAAACAAACTTAAACC,736
AAAACGCGTTACAATT,736
AAAACGCTTTATATGA,736
ACATGGATCCACTATC,736
ACCAACACTAGGGATT,736
ACTATGATCTGACAGG,736
AGATTGGATTGCGGGA,736
AGCCTTAAATCGAGCT,736
AGCTCGCCGAGGGACA,736
ATAGCTTACGAGCGAA,736
CATACCTTCGTACAAC,736
GAAAGAACCTATACAC,736
GCGAGAATCCTCACAT,736
GGAAGGAGACTTAGCA,736
GTCGGCGACTGGTACA,736
GTGAATTCAGACCATT,736
TAACACCTGCTACCAG,736
AACAAACTACCCCAAC,735
CCCATTGCAGCATAAC,735
CTTATTACGGTAGCTG,735
GACGGCAAAATGCGCC,735
GGCTAAGACGTTATAC,735
GTAAGGAATATATACC,735
TAAATCATTAGTTGTC,735
TACGGATCCAAATATA,735
AACGCCATGAAGCCTA,734
ACATCTTTTATGTAAC,734
ACCACGGACCCATCAA,734
ACCCCCAGTCAACAAA,734
ACTTAATAACCACGAG,734
AGTCATCGATAAATTC,734
CAAATCGCCACAAACT,734
CAAGCTGAATTGCTTG,734
CCGCTACACAGAATGT,734
CCGGTGACCGCTCTAC,734
CTAACTGCGCAAATAG,734
GAACTACTTAATCAAA,734
GAATCAATTGACAAAT,734
TCAACGATAGTCAACA,734
TTAATAATAGTGCACT,734
AAAATATTTTTTCATA,733
AAGACTACACCAAATT,733
AAGCCTATTTTAGAAA,733
ATGCTAGCGTTGAATA,733
ATTTAGTAGTGACGTC,733
CACTACCTATGTTACC,733
CATTACCCATGACAAC,733
CTTAACAGGGACATCG,733
GAGAACATGAATAGAA,733
GCCAACCAATAACAAT,733
GGTATGGTTAACAAAA,733
GTTAATAGTATTGATA,733
TACGACGTTGATAACC,733
TATTCAAATCCTCGAC,733
AAACAATTTGACGATT,732
AACACTGAAGATAAAT,732
AACGTACAACATGAAC,732
ACACATACTTCAACTA,732
AGGAGAACTAATAACT,732
CGAAGTGAAAAACTTT,732
CGACGGCCCTGAAATA,732
CGTCCTACTCGCGATA,732
CTCAAGAGTTCGATCG,732
CTGCTCCTAATAAGAC,732
GAAGATTAAAAAGTGG,732
GATGATAGTAACGGTT,732
GGTGTTTGAATGGGGA,732
GTGGACGAAGAGCGTA,732
GTTATTTATATTGAAT,732
TATCGCAAAAACAAGC,732
TGTCCTAAGTCGAATG,732
TTACCATACCGAGCTA,732
TTACCTATTTTAATCC,732
TTAGAGCACATCACAA,732
AAAAGCGGACAAACTA,731
AAGAGATTGAAACAAT,731
AATATTACCAAAATTA,731
ACCCTCAAAGCACCAA,731
AGAGGTATATCTGTGA,731
ATAACCAATGGGCGAC,731
ATAACGCATACAAGAA,731
ATACTTCCTCAAGCAA,731
ATAGACAAAGATCACT,731
ATGAAAGCGCTGATTA,731
CATCAAAAGGCCCAAC,731
CTAGTAAAACATCGGG,731
GACTAGACGCCCTTGA,731
GATTCCGACACTATAG,731
GTTATACAACAATGTC,731
TGAAGATGGTATTGTA,731
TTATTTAAAAAATCAA,731
TTGCATTGCCTACTTA,731
AAACTTGTTTCATCCA,730
AACGCACAAGTATACC,730
AGGGTTACGAGACCTG,730
ATTCTCAATATGCAAA,730
CAACTATAGGAATATC,730
CATGCAATTGCTATGT,730
CGAACATTTAATATCA,730
CGACAATTTAATCCTA,730
CGGATATACTACCCGT,730
CGGGGACGTTGTAAAC,730
CTATTCGTCAAATCGC,730
GAAAGGTGGGGTCAAG,730
GAGAAAAGAAATGATC,730
GATAATAAAATTACTA,730
GATTTACTGGCTATCG,730
GCTGGTTCGAGCTCGT,730
GGACTAGTGAAATGCT,730
GGTTCACTAATGATAA,730
GTACCAGATCATGAAA,730
GTGCCGCATCTGGGCT,730
TCCGGCCTAAAAATAG,730
TTAACAAAAATAAGAT,730
TTTTGTGATAACCATA,730
AATAATACTTTATAGA,729
ACAATACCCTTTGGAT,729
ACGCCATGGTAAAATA,729
AGAAGGAAGCTTCGCA,729
AGTATCTAAGTTAACT,729
ATAATTATTTAAATAC,729
CACATTTAGTTCGAGT,729
CCGACAATAGCCTAAG,729
CGAACTATTAATTCAA,729
CTTCTACACCTAACAT,729
GATCCCACTAGGTTAC,729
GCTAATCACATACTTT,729
GTAGCGAGAGTCGGGA,729
AAAGGATGTTTGATGA,728
AAATAGCTATAGGTAT,728
AACCCTGAAAAGGAAC,728
ACATAATTGCGCAAGT,728
ACATGAGTATACCAAC,728
ACTAGAACGCACTTCG,728
ACTTGGCACTGCGTTG,728
AGGTGTCCAATAACAA,728
ATACTCCTAAAGGTAG,728
CCAAGAGTGTTATCTC,728
CGCGGCTTAATTTACC,728
CGCTAGCTACCATTAC,728
GATTGAACCAAACGAC,728
TAAAAAATAGCAAAGA,728
TAACGACGTATGTGCT,728
TAATTAGATATATGTT,728
TCGACCGTTGCCGCAC,728
TGAAAATCTCATTATA,728
TGAATGATTTGCCTAG,728
TGCATCAAACCGAATA,728
TTTATGCCAATCGGAA,728
AAGCTAGTATTGGACT,727
AGGATTAACTTACTCG,727
AGTACCTCGTTCGATA,727
ATGACCTTACCGCAAG,727
CAATAACTCAATTAAG,727
CCACGCCTAGAAAAGT,727
CCCCCCCAATCAAAAA,727
CGGATGGTAAATAGAT,727
CTTTATACAATATATT,727
GAAACGGTTTCATGTC,727
GAATTCGAAGGTTACC,727
GACGTTCCTTTTGGCC,727
GAGATGATAGTCTAGT,727
GCATTTCGAACCGCAT,727
GGTGATGTATCCAGTT,727
GTTTAACCATGCCTCG,727
GTTTCAAGCCATGATT,727
TACCCCTAAAAGGGAA,727
TCACACCCTACTATAC,727
TCGAAAACAAGTTTAC,727
TGTAGCTCTCAGGAGC,727
TTAAAGATGAATCTCA,727
TTTATCTCTCTCTCTC,727
AAACGGTTGCTAACAT,726
CAATTCATCGGAAATA,726
CCAATAGAACCTTAAC,726
CCCCGTAAAATAAATA,726
GAAATGCACGTAGTCA,726
TCGGGACAGTGAAACC,726
TGGACATGTCCTACAG,726
TTAACCAAAATTCGCG,726
TTATAGTACACTATCA,726
AAAAGGAATAAAGTAA,725
AATGAATAATAAACAG,725
AGCACAAAGTTAGAGT,725
ATCCATACCTGAAATA,725
ATGACGCCGCGGCCTA,725
CACTCTAAGCGGGCTG,725
CCACACGTAATCTCAT,725
CGCGCTGTGCGAGCTA,725
CTAGAGCTAAACCAGC,725
GAAATTCAGAAATCTA,725
GATAGCTCAAAACATG,725
GGAAATGAGCTATTCA,725
GTATCGGTTACTACAA,725
TCCCAGTCTAATAAAA,725
AACCAGACCACCACCA,724
AACTGTGACGACATAA,724
AATAGAATAGGACGGA,724
AATGAGACACGAAAGT,724
AGCTATGTATTGGATA,724
ATGATAATAGCTCATC,724
ATTAACCACAAGTGTT,724
ATTTTATATCTAAATT,724
CACTACGGTTTTACGG,724
CCAAAGTCCTAAATTT,724
CCATCTAACCCTTTTA,724
CGTGGGGGCCTTTAAC,724
GGCGTTCCGACCATGC,724
GGCTAAAGCAATCTTA,724
GTGCCCCCCAGTAATG,724
TAAGCAATCTCCGTTT,724
TAGACCAATGCTCAAT,724
TATATAGCTCGGGTCG,724
TCGAGGTTAAAATACA,724
AAAGATCATCTAATCA,723
AAAGTAATTGTTCAAA,723
AAGATCACAAAAAATG,723
AATCCGGCCACCTTGC,723
ACAACACTCATCGCTA,723
ACATTAATCATCCCTA,723
AGACTCAATGCACCAC,723
AGACTTCTCAAGAAGA,723
AGATTGGAAGGTGATC,723
CTTAATTTAGTAGATC,723
GAAAATTATTCTAACT,723
GAATTTCGTGGACTTA,723
GCCGAAAGACCGCTGT,723
GGCTACGCAGTTAAAA,723
TAACTACATAATACCG,723
TACCAAGACCACCATG,723
TACCAATACGAGAGTT,723
TATAACCAGTTAGGAT,723
TCAGCTCCAAAATGAC,723
TCCTTTGAATCCCTCT,723
TGACATAGACAGACTC,723
AAAACTCAGTGGCCCG,722
AAATGATCAAGAGCGA,722
AACAGAGTTTCTAAAG,722
ACGATTAAAATAAATC,722
AGAAGTAGACAACGGC,722
ATATAGTCGCGGGGGA,722
ATCCGAGAAAACATTG,722
ATCCTTGACCCTTCCT,722
ATGGATCAATTACCAA,722
CAACAATGCTATTAAC,722
CACTATAAAATGATTA,722
CCGCCCAAAAAAGCAC,722
GAACAAAATACAGGAT,722
GGTGCGCCCGACGCGC,722
TCAACAATGCTGTTTG,722
TGGAAAAATACAATAA,722
TTATTTATGAACCAAC,722
AAAAGATAAAAAGTCT,721
AAACCGTAATGAAATG,721
AATATCGGAGGGCTAA,721
ACAAGCTGTTAATGCT,721
AGTAAATCGCTATGGA,721
ATTCCACCTCTCTATA,721
CAAATTACTCCCTGAC,721
CAACGACAGCTTATAA,721
CAATACGCTGCATAAT,721
CAGATGGATTAAGTAG,721
CAGGCTATGCAAATAA,721
CTACAAATATGTACTT,721
GATAACCGAAGGCGTA,721
GTAGTTTTAGTGAATA,721
GTGTACTTCCATAGGA,721
GTTTTAAAACATGAAA,721
TATTTCACAAAGCAGA,721
TCTTCACAGTGAATGT,721
AACGATGGAGACGCAT,720
ACAGCGTAACCTTCAG,720
ACTCCTGATTCCGACG,720
AGACGGACGCTTGGTT,720
AGTCTAATTAAGTAAC,720
ATGTATACAGATAAAA,720
ATTCATCCTAAAAGCT,720
CACGTTGAAAAATTAA,720
CCATGATCCGATTCGT,720
GAACAGGGCAGATCTT,720
GATACAAAACAAAAAC,720
GTAGCTAATCATGCAT,720
GTTAATGGTCACTGTA,720
TATATGACAGCGCGAG,720
TCAATGCGCAAGTGCT,720
TCACTTCTTTTTTGAA,720
TGCGTTTCACTAGCTA,720
TTACTCAAAATTCACA,720
TTTTAAGAAGATCCTG,720
AAAAAAAATTGAAGAT,719
AAAATACTCAAATTAT,719
AAAGGGACGGAAGTCG,719
AACAAATACTAAATAA,719
AACACGGTACTATACT,719
AACCAAAGTGAAAAGC,719
AAGAAAAAAGATCTAA,719
ACCAAAACTACAGTAT,719
AGGAACCTAACGATGG,719
ATATAACGAGAACACT,719
ATCAAATACTAACAAA,719
CACAGATTACAAGCCG,719
CCACTTAAATTAGCTG,719
CCGGGGGAGTACTCGA,719
CGAGATGAACCGCTGG,719
CGTTACAAAAAGTACA,719
CTAAACTACTACAAGA,719
CTATCCTAAATAAAAT,719
GATCAATTCTTTCCAT,719
GATGAAATTCTTGATA,719
GCCCTCAGCATCCAAC,719
GTAATAATAAACAAGC,719
GTAATTTAACCACCAA,719
TAGACGGCCCTAAACC,719
TATCTTGAAAAAGCTT,719
TCAGCGAATGCGTTAA,719
TCCGGCTAACTCATTA,719
TCTTAACCAGCGTTCC,719
AATAATAAAAACATCT,718
AATATACTCTAGGTTC,718
ACAATAATTTTTGGAA,718
AGGCTTAAATAGACAT,718
ATGAGTTGTCCAAAAT,718
ATTGGCATTTCCCATA,718
CGCTTGGACCATAAGT,718
CGTCATAATCATACAT,718
CTATAGACAAGTACAC,718
CTCACCTGTCCACCGA,718
GAAAGTTACTTCATCT,718
GAGACTTTAATACTCC,718
GGAATAATAGCACAAG,718
GGTTTCGTTACAAAAG,718
GTGAAACCATGATCCA,718
TCATCGATAATTTGGC,718
TTTGTGAAACTACTGG,718
AAATATTTAAATTTCA,717
AACTATATATAGGATT,717
AATGTCGCCATTAGGC,717
AGTACACCTACGTACT,717
ATGTATGATAAAGAGA,717
CAAAAATATTAGCCAG,717
CAAAAGATTCAAGTAT,717
CAACCCTGAATACACG,717
CCGATGCCGATGACTT,717
CTGCATCACACCTGTG,717
GAATTAACCGTAAAAT,717
GACTTGACCAGACATG,717
GAGAATTAACACTAGC,717
GATTAAGCAACACTCA,717
GGAATTGAACTCTCCA,717
TAAAGTCTCTCCTAGA,717
TAATGGAAGGCTCACA,717
TACCATGAGTAGCCGT,717
TACCGAAAGAACGTAA,717
TAGCTCCCTGTCATTA,717
TATAATAAAGCGCTGA,717
TATAGAAATGGGGACC,717
TTTCTCAAACTCTGGC,717
AAATCGAAATTCGTGG,716
AACACAAAATCCAAAA,716
AATTGAAATAATTCCT,716
ACACAGTCGTTTAATT,716
ACCGATCGGACATTGA,716
AGCTAATGTTACGATC,716
AGGAAATACTAAATGC,716
ATCATAGAGGAAAAGC,716
ATGCCCTATCTTGCTT,716
CAATCCAGGTTATGAT,716
CATATAAAATGGCCGT,716
CATGGCTAAAATACAA,716
CGACAACACCCTGACT,716
GAACTAGCATAATCTG,716
GGAGCAGGGGCCACGT,716
GTTACTGCAAAAATGA,716
TAACAGACTAATGACA,716
TCCCCCGTACCCACTT,716
TCGATACAAAAAGGCT,716
TGATACATGAGACACA,716
TGCCCTATATACCCTT,716
TGGAAGTGCAAGAATA,716
TTAATTGTATGCGTAT,716
AACACGATAATATCAC,715
AACCAACACACGATAG,715
ACACTACTTTCGATAA,715
ACCGGGCACTCACTTC,715
ACGAATTTTTAAAGAT,715
ATATATACATGACCCT,715
CCGCGTTGAAACACAA,715
CCGCTACGGGTGCAAA,715
CCTCAGCGACACGTTA,715
CGACTGCTCATCCAGT,715
CGGCACACGTGGTAGC,715
GACAGAATCGACGAAA,715
GATGAAGGAGAGCAGG,715
GCCACCTTGACTTCAA,715
GTAAGGTGCCTGAAAC,715
GTGAAGGCACACTCAT,715
GTTCACCGGCATATTT,715
TAATACGGACCACATA,715
TCCGGAACCTGACAAT,715
TGGATCTAGTACGTTT,715
AAAAAACATCTAATAA,714
ACAATTGTTCGTTGAT,714
ACAGAACTTTACTCCT,714
ACATTCAATAAGTATC,714
AGAGCCAGCTGAATAG,714
ATATTAAAAATTATAA,714
ATGTCACAATACAGAA,714
CATCAAGGAAATTAAG,714
CATCAGGGCCCACTAA,714
GAAACACTTGACAAAA,714
TAACAATCAGGCATAT,714
TAAGGGAATTCCTATA,714
TATTTTTCAAATCATC,714
AACCCCAACTGTCATA,713
AATCGGGGTTGTGCGA,713
ACGTTGAATACTCAAA,713
ACTAATACAGTCACAG,713
ATAAAATACGGACACT,713
ATATACCGACGAAAAC,713
ATATTGCGTTGCAGAG,713
ATTTCATGAACTGCGA,713
CAAATAGGTTGAACGA,713
CTCGGGGGAAGATGCC,713
CTTATGTGGTCCTTAT,713
GAGAAAGTTGTCGGTC,713
GAGGTCATACGAACAC,713
GCAGGACTAGCGAAGC,713
GCTTAAACCTATCACA,713
GGAAGCCTGCAGACAG,713
TATCCGTCCGTCTCAG,713
TATGACCAATGTCACT,713
TATGACGCTCCAAACG,713
TCAAAAGATGTTGAAC,713
TCTGTAAATTAACCAG,713
TTATATGTCGGGTAGC,713
TTATGAAAAAACACTG,713
TTCAATGCATTGTTTC,713
AAAACGTTGCTTAAAC,712
ACATCGTACTATACCA,712
ACTAAGCCAAATCCAT,712
ATACAAGAAGAAGCTT,712
CAAATGTTGCTTGGAT,712
CACTCACCTAATCACC,712
CATATACATAACTCGA,712
CGACCCCCCCAAGACA,712
CGCCCTGTCCTATATA,712
GAACAGATAAAGTAGC,712
GAATTCTTGTCCCGTT,712
GACGCGACTATACTAG,712
GCAACGTACCGCTCAA,712
GCAGTAGAGATCTAAT,712
GTAAAAAATGAGGGTA,712
TATGAAAGGATCAAAT,712
TCAGTACTATTCCCAG,712
TTCCTCAAATACAGAC,712
AAAGACCTAGCTTATA,711
AATGTAGATTGCTGTA,711
ACACTGACTGACGAAA,711
ACGTGAAACTGTCCTT,711
AGTAACCCCCTTACCG,711
ATACATTATTATACAC,711
ATATCTTGAAACGAGG,711
CTCGATATTTACCTTG,711
GAATCTACGTTACAAT,711
GACAAGGTATGGGGAG,711
GGCAAAATAGAGACTC,711
GTATCGCAATTTAGAG,711
GTCTCAATCCAAATTA,711
GTGGAGTTCCCAAATT,711
TAACCTTAGAGAGCTC,711
TAAGGTTGCGGATACA,711
TACAAGATGTATTAGA,711
TACCAGAGAACTCAAT,711
TATGAGCCATTGTACC,711
TCATTGCTTAAGTGAG,711
TGGCATTAATGCAATC,711
TTATTATCGGTAATTC,711
TTGGAAATTTTGCATC,711
TTTTTGACTGCAACGA,711
AAACCTCTCCATTCGA,710
ACCATAAAATACAGGT,710
AGACAAATTAAGACCA,710
ATGGACATTTACAGAA,710
ATGGCCCCTTGATGCG,710
CATCTCCCGATATTCG,710
CCTGCACAACGGGCAC,710
GAAAAAATCGACGCGC,710
GACCAAGAGGGTCAAG,710
GCACTTTGTCGTGAAA,710
GCCCAAGAAGATTTAA,710
GCTAATTAACCATAAT,710
TAATACAATTATCATA,710
TAATGTTGATGCCGAT,710
TACAATTCCGAAAAAG,710
TACACAACCTATCGCT,710
TAGATGAAACATAAAC,710
TATCAGTTGACCTCTG,710
TCCCAATGCGAAAGTG,710
TGCAAGTAATCATGAG,710
TGTATCGTAAAGGTAT,710
TTTGGAAATGCGTGAA,710
AAAAGATACAATATAA,709
AAACGACCGGTGGTCC,709
AACGCATATTAATTCC,709
ACCTGACTAATATAAA,709
ACTACTACACGGAATA,709
ACTTCTAAAAATGATA,709
ATAACTTGGAAATATT,709
ATACCTGGAAACTATC,709
ATCACGACTAGATTAC,709
ATCCGGTTTGATTACT,709
CACAACAAAAAGCTAG,709
CATGAACAGAAACCCC,709
CCTCTATATAGAGAAA,709
CTAAGCCGGGAACTGA,709
GATAATAAATTTACAC,709
GATTAAAAAGAAGCAC,709
GCATGAGTCTCTGCCT,709
GCTTAATGCGGTGAAA,709
GGATGATAGGCAGGGG,709
GTAAACAAGCGATGCT,709
TATTTCAAGACAGAAT,709
TCCGATCAACCATAAA,709
TCTTGCATAAGGTGAG,709
TGCTGTCCAATCTCCG,709
TGGTTAATATGTGCAA,709
TTATGCTGAAGGGACT,709
AACAGGACCGTATAAA,708
AACGACCTCGTAGCCT,708
AACGCGCCTAAAAGAT,708
AATTTTCGTACACAAT,708
ACCATAACCATCATAT,708
ACGAACCTAATAATCA,708
ACTAAACAGAAACCTG,708
AGACTTTATATAATTA,708
ATATTCGATCCAATAT,708
ATCCAGACCCTATTAC,708
CAGAAGACTAAGATCA,708
CAGAGTGTTAGAATCC,708
GAATCAGAAAGGATAG,708
GCAGTGATAAATTTAG,708
GTCGGATCACTACAAC,708
GTCTAAATCATGAGGA,708
TAACTAATGCTTAAGA,708
TCCATCCCAAGCGCAA,708
AACACATGCAAACGGA,707
ACACCAATCATAGCAC,707
ACTTGTCATCCTGCAA,707
AGATTGTAAACATATC,707
AGTTACAACTTGCAAG,707
CATTTCAGATATGCCA,707
CTAACACTCTATTCAC,707
CTGAGTTGTATACTGG,707
GAAAGTGCACAAATAA,707
GAAGGGATATCGTTTC,707
GTATATATTTTCAAAA,707
TAACTACAATCAATCT,707
TAAGGCGAAATTCGGA,707
TAGACAGAACCAACGT,707
TATGTATATAATACAA,707
TCAATAGATCGAAAAG,707
TCTTAACTTTGTAAAC,707
TTCTACACCAAAAGTA,707
AAAGAGACAAGACCGC,706
AATTGTGTACCTTTAA,706
ACACAAGACGTATAAC,706
ACCGGGATCCCATCGA,706
ACTCAAAGTTCTTGCA,706
AGAATTCTCACAGAAG,706
ATAACCTTATGCGACC,706
ATAGAGCGAGGGAAAT,706
ATATGGAATTATGCAA,706
ATCTAATTTACTGAGC,706
ATGAAGACCTATGGAA,706
ATTTAGTGACAAGCTA,706
CACACACACAAAACTT,706
CACGTATCCAAACCAA,706
CCCAGTTTACACTAAC,706
CCGGAGCCAAACCGTA,706
CTCAACGGGATACGAA,706
GAGAACTTTGATAAAC,706
GCATTAAATTCAGAGT,706
GTGAGTCTTAAGCCAT,706
GTTAGATAACCATAGA,706
TAATGGAAACTAGAAA,706
TATCTACATATTCCAG,706
TCCTCGAAAATACAAA,706
AAAACGGTGATCCTTC,705
AAATGTGAGATACGTA,705
AAGGTGCCGGCTACGA,705
AAGTACCAGAAAAGGT,705
ACCCTCAACCGTACGT,705
ACTGCCGGGGTGATAC,705
AGGTGAACCCGTACGC,705
CATTGGGAGAGAAGAA,705
CCGATTTGCCGTACGC,705
CGAACAATCGAACAAC,705
CGAACATTTCAATTGC,705
CTGTCGAGCTCATCTA,705
GAAATGACCGGGCAGG,705
GAAATTTCCCAAGCAA,705
GGCTAATGGTAGAGAC,705
TAACGCCACCTACCAT,705
TAACTTTTATTAAAAA,705
TACGATATCCGCCCTA,705
TAGAATGATATCGGAC,705
TAGTGATCTATAAGTA,705
TGGAAGAAGTAGGCCA,705
TGGACGCCAAAATTTA,705
AAACTGTATCAATCAT,704
AATACAGTTTATAAGA,704
AATGAAGGTTTTAAAA,704
AATTGATGTTTGTTAA,704
ACGCTGAAAGCTCAAT,704
ATTATCAAAACCGAAC,704
CATAGAATACCCTACA,704
CCTTCGGTGATAATTT,704
CTAGCGATGAGTATTA,704
GAAAGATCAGCCACCA,704
GCCAAAAAAACACCGC,704
GGCGGACAAATGTGTT,704
GTACGACAATATAACA,704
TAGGCAGGCTGTACTG,704
TCCTCACCCCATCACA,704
TCGCCTAGTAAAATAA,704
TTGTTAGGAGTTCGAA,704
AAGTATGAAAATTAAT,703
AATAACTAATGCAGAT,703
ATAGGCTAAATCACTT,703
CCCGCGCACCACCTAC,703
GCACACATATCCGGGT,703
GCCGATAGCGATTTCG,703
GCTCGAGCAAATGCAA,703
TCCTGGCTATGATGGT,703
TGTTATCGGACCCGAG,703
AAAACCTTGCAAGACT,702
AAATTAGATTGACTCG,702
AACCAACGAGATGTAG,702
ATACGAAACACTCAAG,702
ATATAAAAAAGACTCA,702
ATCACTTGAACATAGA,702
ATGAGAAATAGTTATA,702
ATTGGTCGAACAATAT,702
CATGCAAAGCAAAAAC,702
CCCGCGAGCGCATCTA,702
CGCGGACCAACTGAAT,702
CTTTGAACTGAGCATC,702
GACATCAAACACAGTG,702
GACCAGCTATTAACCC,702
GATGATAACTCTCGTT,702
GATGGTGAATAAATCC,702
GCACGTGCATATGAGC,702
GCGGTAATTTGAGAAC,702
GGCGCCATAATGATTT,702
TAATAATCGGTATGAA,702
TACGAATAGCATACAT,702
TACGACCATCCATGGT,702
TCCTGGTTACGTTTCA,702
TGCAGAATACCAAAAA,702
TTCATCTAATATCTAA,702
TTCGTGCTCACACCCT,702
AACCCTATACGGACCT,701
AACGGACTCAGAAATC,701
AATTGTGCATGCAGTA,701
ACATCTACAAATCACT,701
ACGGGGTCAATCTCAT,701
ACTGAGCCCCAAATTG,701
ACTTCAAATCGCTAAT,701
AGCCAAAATACTAATA,701
ATAAATCATAAAAAGA,701
ATACCAGAATTCAAAA,701
ATAGACCTGAACGCAC,701
ATGGTATAAACAAAAC,701
CAATTCACTACATAAA,701
CACAAATTACAGGCAA,701
CACCTTTATAATATTT,701
CCTAACATAAGAGCAA,701
GAATGCATTCTGTGCC,701
GACATAATGCATTACA,701
GCTGAAACTACAGGAT,701
GGCCAAGCTCGAACAA,701
GTAAAACGATGTCGGA,701
GTCCCAGCAAACAGAT,701
TCTCCATACACTGTAA,701
TTCACAAAAGTGTACG,701
TTGTCTCAAGGTCATA,701
TTTGAGCAAGATCCGA,701
AAAACAGTTCATGAAA,700
AAAGCACAGCCATATC,700
AACCCTTGAACATAGA,700
AACTGTCTGTGCAATT,700
AAGGGTAGGTGACGAT,700
ACTAGCTAAATAAAAC,700
ATAACAGTGAATTAAG,700
ATCGGAACCAACTGAC,700
CACACCGGAGACCTAA,700
CAGACAAATTTACATC,700
CTTAATCTGCTTCATG,700
GAACGGGCGTACTAGT,700
GACATAAAGGAAATTG,700
GATAAAGGTCGTTTAA,700
GCTCCATCGCTACAAT,700
GGCGGATCGTTCACAG,700
TAAATCCTATCCCTTC,700
TAACACATTTTAAAAT,700
TACACGGCGGTTCACG,700
TTATTATATTATTCCC,700
AAAAGGGTCAATAAGT,699
AAAATCCCCCCTTTAT,699
AACTGGTGCACCAAAC,699
ACAAACGCACAATCAT,699
ACAACACGCCCTGAAA,699
AGAAATCATTATATTC,699
AGTATGTACGTTGACC,699
ATAAAACATGCATACC,699
ATAGAGACTCTTCTGA,699
CAAACAATGACCGTTG,699
CCAAACCAGTTTCTTT,699
CCACCTCCTGGGATCC,699
CTCTGGAGCTTCCTCC,699
GAGCAATTCGCCTAAG,699
GAGCTGTGATACCGAT,699
GCAAAAAAGCCGTTAA,699
TAAAATGAGGTTGTAC,699
TACATCAAATATCCAC,699
TACGTTATCTCCAGTT,699
TACTAGGACCTACGAT,699
TATCAAAAGTAGTGCC,699
TATCACCTATCAACCA,699
TCCTCCGAAGCCATAG,699
TCTTGATATCAGTTTA,699
TGAGATCGTAGACTAC,699
TGATCAACAAACCGGT,699
TGGTCATTGCGCATGA,699
TTCTGTGTGGAACTGG,699
TTTCACACCTAGTTTG,699
AACATGCCTTATTAGT,698
AACATTTATTGCCGCG,698
ACAATTATTCATTAAT,698
ACGTACCCCTAGTTTT,698
AGACTAACACTCATTA,698
ATAAGCATTATGTACC,698
ATAGAGTACACCATAA,698
CAACGGTTGTCATTTC,698
CCACAATAATAGTCTT,698
CTCGGCCAATGCAAGT,698
GAACAGCGACACCTGA,698
GAACGCAACTACAGCA,698
GAAGAACATCCAGGCG,698
GTGATCTTCCCCAAGC,698
GTGATTAAAAATACAC,698
TATTGAAAAGGTGTGA,698
TCGATCCTAGTAGACT,698
TTACCAGAAGTTAATA,698
TTCATCAATAATTTTT,698
AAATAGCGCCAGGGCG,697
AAATGAACAGGATTTC,697
AAATGCAATACTGAAA,697
ACACATCTTAGTCTTA,697
ACTCGCCATCAAACAG,697
CAAGTAGCAAAAAGCT,697
CATAATCCCCGTCACC,697
CCAAAAAACGTAGATT,697
CGCATGTATTACGAGT,697
GAACTCTAAGATCTAT,697
GAGTTACGTGCTACCT,697
TAAGGGTACCCCTGGA,697
TAGAAGTAAAGCGATC,697
TTACTTGTACTTATTA,697
TTGTAAGTTGGTAAAT,697
TTTAATTAAACTACCT,697
AAAAGTATTTAAAGAT,696
AAAATCAACAACTTCA,696
AACTCTGCGATTAATG,696
AATAGGACAACATTCC,696
ACAAATCTTTAATAAG,696
ATAAGCAACAAATAGA,696
CCGCTTTATCAAACTG,696
CTTCACCTTCACCATG,696
GTACGACTATCATGCA,696
TAAAAGTTTACCGCAC,696
TACAGGCGCTAGACGA,696
TTGCTTGTCAAATCTA,696
AAACGGATCGACGTAT,695
AAGTCTTGAAAGTAAA,695
AATGCCCAAGCGTTTT,695
ACTAGACTAAGTCGCC,695
AGAAACCTAGTAAGAT,695
ATAAACAAAGGTGACG,695
ATACCGTAGCGACACC,695
ATTTTTCGTCTTGGAT,695
CAAATTCGCTAGGTTG,695
CATAAGTGTTCTGGCA,695
CATAGTACTAATGGAG,695
CATCAGGAACAAGGCG,695
CGGACTGAATCTAAAC,695
GACAACTAACCAAGAG,695
GACTTACAATACACGT,695
GAGAAACACGGGCGCA,695
GAGGTATACAGACTAT,695
GGATTAACCAAAGTCA,695
GGCTTTCTGGTTCTAC,695
GGTAGTTTACTCTAGT,695
GGTCTATGATAATCCA,695
GTAAATTAAAGCGCAA,695
TAAACAAAACACCGAC,695
TGCTATGTACGCAGCA,695
TGTAACGAACCTTCTT,695
AAAGTCTAACAAATCC,694
AGAAAACGAAGATCTC,694
ATTAACTGGTCAAGTT,694
CAAACACAATTTGATT,694
CAACTTACTAAATTCT,694
CCACGTTATTCATACC,694
CCAGCACCGACAAGCC,694
CCGTTATTATAGGATA,694
CTACAGCCAAAGCCGG,694
CTCGAGTCTGAACCAG,694
GATAACCCAAAAGCGA,694
GCAAATAATAACGAAA,694
GCATCGAAGACCTAAA,694
GCGTGGCTGAATTAAC,694
GTGAATAATAAAAAAC,694
TAATAGTGCTACAGCG,694
TAATGCGCATCATGTT,694
TACACCTGTAACAAAC,694
AAACTAAACTACGAAG,693
AAACTCTTTAACAAGG,693
AATACATTGGAATCTG,693
ACTGAATAGTGACATG,693
AGGGGAAATTGCAAGG,693
ATCTAGACTTAATGAT,693
CGAACCTAGAGGGAAT,693
CTTGATTAAAACTACC,693
GTTAAAATGCTGCTGA,693
TCCTGGTCACTACATA,693
TGCGCTACGGGGTAGG,693
TGTAAGATTAATAATG,693
TTCAAGTACGATAAAG,693
AAAATATATTAGGCAC,692
AAACATTAACACTCGA,692
AACAACCAAACATCTC,692
AACTACTAAAATCTAC,692
AATTAAATAGAACTAA,692
ACAAAAATGCAGTCAA,692
ACATGACCTATAAACA,692
AGCAACCCAATAGTTC,692
ATTTATATAATGCCCC,692
CAGTGCGTCATCATGC,692
CCGGTCCCCACTTAAT,692
CCTAGTCACCTGTGCA,692
CTCTCAACGTATTCGT,692
CTGAGCTTAAAAACAG,692
GAAGAATTAATGGAGT,692
GGACTTGAAAATCTCA,692
GGTAAAGGGTAAACAG,692
GGTCTCCCTTTACCTG,692
GTCATAAAAGACTCAT,692
GTTGGCGTGGTTTAAG,692
TAAACAATACATGATG,692
TAAGACGTGTTTAGGA,692
TACAATGAGAGATGTA,692
TGAGGTAAAACAAGAG,692
TGCTCTCCATTTGCTG,692
AAAGCTAACCCTTGCC,691
AACTACAGTGAATCTT,691
AATAATTATGCACACG,691
ACAAATAGGAAGACAA,691
ACGAACATAGAAATCC,691
ACGCCTTTTTTGTGTA,691
ACGGTGGGTTAAATCA,691
AGATCATAGCAAAACC,691
AGCCAAGGACACCTTT,691
ATTTGCCAACTCAAAC,691
CCCGTCGAAGAGTCAG,691
CCTGCATTAACAGTGT,691
CGTTTCGACAATTAGA,691
CTCCAATATCCCGGCA,691
GATCACACTGTACGGC,691
GTGCTACTCTGCAATA,691
TAATTGATACAATTCG,691
TAGCAAAATGTTGAAC,691
TATACGGACCCTCCGA,691
TGACATCTAACGCTGT,691
AAACCCTCACGTAATT,690
AAGTAGGGGCCTTAGA,690
AATATCAGAAAATTAT,690
ACTATTTCATCAATCT,690
ACTTACGACAGACAGG,690
AGACACTATTGCACCA,690
AGATAAGACAAACTTT,690
CAAACTTCTATTTGCG,690
CATAATTTTCCAGTCA,690
CGAACACGCTTGTAAC,690
CTATTTGATTCCAAAG,690
CTCCGCACCAAGCAAT,690
GCCTAAACTTAAATAT,690
GCTATTGGGCGATAAA,690
TAGATTCCTCGTAAAT,690
TCAAGGATTGACGGGC,690
TCAGAAGAATATATCT,690
TCATGAAGGCAAACCA,690
TTATACTCTATAATTC,690
TTTGAACAGCAATGTA,690
AACCACATATGTGCAC,689
AGAGATTAAACACCAC,689
CCGAAGCCAATATTGA,689
CTGCCCCTCACATCCC,689
GATTGTTCTGTATCAG,689
GTCCAAAGTTACAGAA,689
TCAAAGAACCGCCCCC,689
TCGTTTTAAATACCAA,689
TTACTCCGGTACCCAA,689
AAATAACACAGCCGGT,688
ACAGTTAAATTAATAA,688
ACCCAATAAAAATCTC,688
AGCGAAAAAACGTCAA,688
AGTCCCGTAGACAAGT,688
ATACTGAACAATAGTC,688
CACTAACTGCCGAAAA,688
CCCCTCTTTACTTACT,688
GAGTCTAACAAAATAT,688
TGTACGTGCTAAAATA,688
TTACACATTAGACCTG,688
AAACTATCAGAAATCA,687
ACACATTGACACTATT,687
AGACTAGCACAAGGAG,687
ATAAGCCGGAGTGAAT,687
ATATTGCCACCATTGT,687
ATCTACCTCATTATAT,687
CAAACTCTCTATGGCG,687
CTAAAATATCATCCAC,687
GAACAACAAACAACAT,687
GACGGCTCGTCCTAAC,687
GAGCCTTCTGGGTGTT,687
GAGCTATTCATACCTT,687
GAGGAACACGAATCAA,687
TAACAACAACGTGGGG,687
TAACGGCCAGTTTCAC,687
TAATAGCATATATCCG,687
TACAAGGTGGTATAGG,687
TATCTGAAAAGAAAAG,687
TCCACAACGAACAATC,687
TCCTATTACTATAATC,687
TGAGAAGACAAATCTG,687
TTACCTTTGCAGCAGG,687
AAAGCAAAGTTTTCGG,686
AACCTAACGAGGTCTT,686
AATGGAAACAGATATA,686
ATAATATTGGAATATC,686
CAAATGTATACAAACC,686
CGGTCAAAAAATGGTA,686
CTAACCCTCTCCTCCC,686
GCAATCCATCAACTTT,686
GCATGCAAGCAAAGGT,686
TAACATAGTCTACATG,686
TAATATAACAAACATT,686
TAGACGAGTATAATAG,686
TGAGCACGTATCTTCA,686
TGCATATACTATCCCG,686
TGCCATTAAAACAAAA,686
TGTAGACCAACTCCTA,686
TTATTCAAATCTGTCT,686
TTTAAAACACGGTGCC,686
AAAGAGGGGTCTGTAA,685
AATACTAGCCTTCTCA,685
ACCATATACACACGTA,685
ACCCCCCTAATCCGCA,685
ACGAACCAAGAGCCAA,685
AGCGGATTTTCATGAA,685
AGCTACGGCCGATATG,685
AGTATCATGAAGTGTA,685
ATATTTCACAAGGCTG,685
ATGCCTAACATAAAGG,685
ATTAAATGAGGAACTA,685
ATTACAATGAAATCCC,685
CAATCTGTGCAATAAA,685
CAGACCATACAGATCA,685
CGACGTCCCCGAATGC,685
CTAAAAGCCAGAAGCA,685
CTCATTCCATACAACG,685
GAAATAACGAACAGCA,685
GACTCATCTCGTCTCA,685
GCACTCGCTTACATCC,685
GCGAGGTCGCAAAGTT,685
GCTAGGCGGTGTCGAA,685
GTTGGAAAACATCCAT,685
TACTATGTCACATTAG,685
TATGGAATATAAAGCC,685
TCGGCCTACTAGCGCA,685
TTGCAGTACAAGGCTT,685
TTGTGCCGAAGACCGC,685
TTTTACAGGAAACCCA,685
AAAGCCAATAAGATTA,684
AATACTGGTTATGATC,684
ACAACATGGAACTTAT,684
ACTGTAGTATAATCAC,684
AGTATGCCCAGAAAAA,684
ATGCCCAGTAACGAGC,684
ATTCTTATGCACATAC,684
CACGGGAGTCCAACCG,684
CATGTGCAAGTTACAT,684
CCACGTTTAAAAAGAT,684
CCGAAACACTCTGAGG,684
GAACCACTAACATTTT,684
TACGGAATCTAGGACC,684
TGAATCTTACGCACAA,684
AGATGCACCTCACCCA,683
ATAGAAACCATTAGTA,683
ATAGTGACATATATGC,683
ATTAAGATAGTTAGGA,683
CACTACTTAATACAAT,683
CAGAGGATGTGAACGA,683
CGAATATTTAGAGAAC,683
CGTGAATACGTTTTTG,683
GCACAAAAGCTTGGAT,683
GTCAGAAGAAAAATTA,683
GTCTGACATAAACAAC,683
TAACTCTAAAAAAAAA,683
TAAGCCGACCGCCACC,683
TCAACCAACGGGCAAT,683
TCCGAGTAAATACGAA,683
TCTATTTCTCCTACTT,683
TTCAAATCAAGAAAAC,683
TTTATGCCATTCTAAA,683
AAGAGTTCTGAATACG,682
ACCAAAGAGCTTCAAA,682
ACGTCTGCAACCATAT,682
ATAAATTAAAACATGG,682
ATAACAAAAGCACATG,682
ATACCGAGGCCCAGTC,682
CAATTAATACCATTCA,682
CCGAAGACATAGCGGT,682
CGCATATGACGCAAGA,682
CTTTCATACACCTTTG,682
GAAAGAATGTCAATGA,682
GAAATATAAAGCCAAA,682
GACGGTTACAATTCCT,682
GCAAGTAGCCACATTA,682
GCCATTATGGAGCCCC,682
GGTGCAGCAGCAGAGT,682
GTGTAAAGAATGTACG,682
TAAGATACCAGCGACT,682
TAGCTATGCGATGAGG,682
TCCAAATGGTGCAAAG,682
TGAAGCCGAATGAACA,682
TTTCCTCACGAAAACC,682
AACAAGACAAAATCAA,681
AAGGCAAATTATAAAG,681
AATTATGATTTAGACA,681
ACAGCAGGATTACAGT,681
AGACTCTAAACAGCGA,681
AGCTCTGTATCAGAAT,681
AGGACCGCAAAACCCG,681
ATTCCTGAACAACCAA,681
CAATACTTACAACTAG,681
CAATTCATCCCAAACG,681
CAATTTTATGTCTATA,681
CATCCCGCGATTTCCA,681
CCAAACAAAAAACACT,681
CCAATGAGTGACCCGG,681
CGAAACTCAGGCTTTG,681
CTTCTGATTGAATTAA,681
CTTTTTGCAAACTGAG,681
GATACGTTATTGTAAG,681
GCTATAAAGATGGATT,681
GTATCCACCATACGCC,681
TCACAAAAAAATGCAA,681
TCTATACCACATTGAA,681
TTGATACGTCCTCAGC,681
AACGATTATCCGAAAT,680
AAGTAGTATCATCGCT,680
AATAAAAACAGGAACT,680
ACGTAATGAAGGCATA,680
ACTAAACGCCCTAACC,680
AGAGCGCCTATGTTTA,680
AGCGCGTCCCCCAACA,680
AGCGGTTAGGGATAAT,680
CAGATTGCGTTGCTAT,680
CGACGATTTTGAACTA,680
CTAACTTAACAACTTG,680
CTCCAGTAAAATCACT,680
CTGACATACTAGAAAC,680
GAGATAACCCCAAAAA,680
GATTTCCACACACCAA,680
GTTAATTATGAAAGCA,680
GTTGTCTTCTGATTCC,680
TAAGACTCGGGATACT,680
TAAGCCAGACTGTCCA,680
TACATATAACATACAA,680
TATTAGAAGACACATT,680
TCACTATAAGACAGAC,680
TCCTTAATGCCTATCT,680
TGCCGGTCAACGACAG,680
TTCACAGACGCACCCT,680
AAAGGTGGAAGAAATA,679
AAATAGATACAGTAAG,679
AAATCTAAAGGCCAGT,679
AATATTCACTGACGAG,679
ACAAAATAACGGTCTT,679
ACAAGGTCACATCCAT,679
ACATCACCAAACTACG,679
ACGGCCTTACTTACTG,679
ATCACACACGATGAAC,679
CGATTCCGAAGGCACC,679
GACCGTATCATCAGGA,679
GTCCCCATCTGCAGAT,679
GTCCTCACTACCTTAA,679
GTTAAATACCCCTTCA,679
TCAATATACCGTCGTA,679
TCCACTACACTGACCG,679
TTTGACAGCAGTATTT,679
AACTACATTATAGCAA,678
AAGACCTATTATATCT,678
ACCCCCGGAGACAGGT,678
AGAACTAATTGAATGA,678
AGGGCGAGGACATGTG,678
ATTTTTTCGCAGAATA,678
CAACCCACTACATATC,678
CCCTCATCGAATTCCG,678
CGCACGACGAAACAGC,678
CTTACATTCTGCTATG,678
GAAAGATGTGGAAATC,678
GTAACTAGACTGTGAC,678
TACAGTTAATGGCTGA,678
TATACGCCATGTATGT,678
TATGAGACTGACATTT,678
TCGAGCCTATAAAAAC,678
TGAGCACCCCTCTTAG,678
TTTGTAGCCTTACATT,678
AAAAAAACAACTTCGA,677
ACTTCGTATCACAAGG,677
AGATAACCAATTGGAT,677
AGTCTAGAAACAAACA,677
ATAGTCGTATACCGTA,677
CAGTGGGCCCGATCCG,677
CCGACTCACTATGTGG,677
GCATCAAAAATTAATT,677
GGGAGAGGTAGTGTAG,677
TAACATCACTTCGATA,677
TACAGCCCATCCCTCC,677
TAGAAGTCTAAGCACG,677
TAGACCCAAATTACAG,677
AAAGAAATCACGCCTT,676
AAAGCCCTTTACCGTC,676
ACATTCAGGATAATCT,676
AGCTTCGTTAAACTAA,676
ATCAAAAATACCATAG,676
ATTAGTTAGATTATAT,676
CACAACTAAAACCTCA,676
CCATATAGCAGCGGCG,676
GAAACTGACTAACACC,676
GATATACAAGAACTAC,676
GTGAAAAATGTGGAAC,676
GTTGCCTAACACCGGA,676
TGATAATCGCTTTCTA,676
TTTACTATAATGGGAG,676
AGATAAAAATACGAGC,675
AGGTTATAAGCTTCAC,675
CATAACAGAGAACTCT,675
CCACACGCAGTTTGGG,675
CGAAGACAAAAAACTT,675
CTAATCCTGTTAAATA,675
CTCCTGAGTCATACCC,675
GCGAGTCTTTTGAAGC,675
GCTCGTAAAAATCTAG,675
GTAATTGTAATTATAT,675
TACTAAACTTCTAGCT,675
AATACCCACTTAACCG,674
AATACTTTGCTCCATA,674
ACAAGAACCCCGGTTA,674
ACGCCGTCTACCAGTA,674
AGAAAAATAGGTAGTT,674
AGTGTCACTACTAAAT,674
ATACTATGAGTTATAC,674
CACTTACGAGAACTCA,674
CATGTGAAAGGTAGAT,674
CCGTATCAGGTCATTC,674
GAACCAATACGAAAAT,674
GAAGATATAAATATAA,674
GAGCATAAAAAGAATA,674
GTGCAACCTTGAAAAG,674
TAGTTGATAGATCAAG,674
TGAATTTAAACAAGAC,674
TTTTCCCGAATGCAAA,674
AAAATTCAGTAGTACA,673
AATAACCCGTAATTAT,673
ACATTTCGGAGAGTCT,673
ACCACAGAGTCCTGAT,673
AGAAGACAGCAACTCT,673
AGTCCAAGACCCCAAG,673
CGGTTTTAAGGTACGC,673
GGAAAAAAGAGTAATA,673
TAAGCAACTAACATCG,673
TACTAGATGCTATAAA,673
TTTCTTTACAACTGCA,673
ACCGGAAAACCAATTA,672
ACTCAACCTGAGACAT,672
AGACAAATGTAATAAA,672
CACCACTTTAAATTTA,672
CACGTAAACTTGGGTT,672
CAGAACCGACACGCTA,672
CGGCGACCGTAAAATT,672
CTCACCCACCAGATTT,672
CTGGTCCCGAAAATAT,672
CTTGATGAACTCAGAT,672
GAAAAATTAATGCTGT,672
GATGCCAAGCCACACA,672
GTCAATCACCTAATAC,672
TATATATGTCACTCGA,672
TATTCACATTAGAGCA,672
TATTGAATCTCAGGGA,672
TGGTACGGAGACTGAC,672
AAAAAGGTTTGCGATA,671
AAAACATTCACTCACC,671
AAGGAAAATTGAGTTA,671
ACAATTGATATAAAAT,671
ACTCTAGAAATGGACT,671
AGAACATAAGGGCCAC,671
AGCTATCTTCATACTT,671
ATATAGTAAGTCTGAA,671
ATTTCGTTTAACTAAA,671
CATACCGAATCGAGCA,671
CCCGAGGTGCCCCAAC,671
CCGGAACATACTGAGA,671
CGCTAGACCTGACCGT,671
CTGCAGGTACATGGCT,671
GAAGACTAACCGGGCC,671
GACTGCTATCTATAAT,671
GATTGCAACTACTAGA,671
GCAGTTTACCCAGGCG,671
GGCGCAATAAACGGTA,671
GGGACCTACTGTACCT,671
GTATGATCCAAACACG,671
TAACCAATGAACGACC,671
TATCTGGCCCAAATAA,671
AAACTGCTCAGCACAG,670
AAATAAGCGATCAAAA,670
AAATCCAAGTATAACG,670
AACGTATCCAATCACC,670
AAGCCATTAACGTGTC,670
ACAATCTGTCAACCTG,670
ACCAATATCGTATGTA,670
ACGAACGGCTCACTCA,670
AGCCAACATGATGCTC,670
CAAACGAATTATCGTG,670
CCCGGCTATTAAAACT,670
CTAGACGATCTTTTAC,670
CTAGAGAATTACGTGG,670
CTTGAAGCCGTAATAT,670
GAAACTAACAGACTTA,670
GATCGAAGGTGAAAAG,670
GCGTGGAAAACGTACT,670
GTAACGTATGCTCTAT,670
GTTAACCCGGTACCTT,670
TACAAGACACAACTCT,670
AATAGTAATACTTATA,669
ACATGGTCCCAGTATT,669
ATAGTGTTTCATTGCG,669
CGGAAACAATAAGAGT,669
CTAGCAGGTGACACTC,669
GAATAGCACTTTACTA,669
GTAGGTCCAAAACGTG,669
TACCAATTGAGAAAAC,669
TAGAACTAGCTGTACA,669
TATACATTTGAGTTAT,669
TCCATGTATCCATGAA,669
TTATCACTATGATCGG,669
TTCCGCTCACGAAACA,669
AAAGGGACCTCTCCAG,668
AAAGTTCCGAAGTGTT,668
AACAACATACAGTGCA,668
AACCCGATTTATGGAA,668
AAGGATCACAGATAAA,668
ACTTGGCTCCTGTCGA,668
AGCTCCTAGATGGCCA,668
ATATGGAGGAAGATTT,668
ATCCCAATAAAATACG,668
CATGAAATCCATAAAC,668
CATGCAACTGAGGGAC,668
CCCAACAACCTATAAA,668
CCCATAGATGAACTAA,668
CTACTTATTAGACACA,668
GAACTAATATTTTACC,668
GAACTTTACGGAGATC,668
GAATTCTGTAAAGATA,668
GACCCCGAACATGTCC,668
GACGCGTGTCCTTAAG,668
GGCGTAAGATAAAACG,668
GTGACCTACATATAAC,668
TCATTAGTTAACACGC,668
TTTTCATACAATAGCT,668
AAGATTAGGCGAATTC,667
AATTCTATGTAGCAAA,667
AGCTGTAAAAATATCC,667
ATAATAAGAACCCAGA,667
ATCCAAGATTCACATA,667
ATGAGGATAACCTATA,667
ATGTTCTCGGATTCAG,667
CAACCATTTTTATTTA,667
CCCTGATAAAAAAATA,667
CTTATTGCGGCGACAA,667
GTCCTCTCTATCATTC,667
GTTGGCTAAAAAGAGC,667
TGAATATAATAGGCTG,667
TGCGAAATAGCACACA,667
TTGGTCTGCTCTACAC,667
AAATGAAAATTAACCT,666
AACCCTCGGGTAGTAG,666
AACTAAGAAAAACCTA,666
ACACAATAAAACACCC,666
ACACCCAAGGTCTTAA,666
ACTGGCAAATAATCTC,666
AGCACGCTACCATCGC,666
ATCGCGTCCTACAGCT,666
CAGTAAACTCATCTCA,666
CCACACGTTACTTGAA,666
CGATACACTCAACAAG,666
CTTTTACAGAACCAAG,666
GACATCACTATTCGCC,666
GAGATAAGTTTGTAAT,666
GATGTCCAAAACATCT,666
GATTTTAATTACATTT,666
GCTTCCGAAATCACTA,666
GGACTTATGGTAGAAT,666
AAAAATCGATTAGACT,665
AAAACAAAATAAATCC,665
AACAGATGAAAAAAAG,665
AACGACGAAATCTGTG,665
ACAGATCTACCAGGTT,665
ACCATAGTTCATGCCA,665
ATAACTTGTTTTAAAT,665
CAAAAGTTTACTTAAA,665
CATAAAAAAAATGAAA,665
CCAACTGGACAAAAAA,665
CCTAAGATTGGCCACG,665
CGGCAATGCTAACGCT,665
CGTTCTAGCTAGAATG,665
GAACAGATTAAGACTA,665
GATCTCACATAAATCC,665
GGTAGGATAGATTCGT,665
TAGGAAGCAACTCCGC,665
TCCCAGTATAATATTT,665
TCTGAAAGGGTTGGCA,665
TGAGTCCTTTCTAATA,665
TGCAAACTTTCCCCCG,665
TTAAAGCCATTAATTA,665
TTAAGACTTTTGTATT,665
AAAACAGATGGTCTCA,664
AAATATCATAGTTGCC,664
ACACCCCCGATAAGTT,664
ACGGGTTTTATATCCA,664
AGGCTTCAGCTTATGC,664
ATATATGTCCCGGGCC,664
ATTTCCCAACAACTAA,664
ATTTGTATCCGGTACA,664
CCAGGATCGTCAGATC,664
CGAACCGCGCAAAGAG,664
CGCGCTACGTATCGAG,664
CGTCATATTTAAAAAA,664
GAAAAACTTCAATCAT,664
GCGGCGCATTGTAACA,664
GCTGACCACCCTGATC,664
GGAAATGCACACTTCT,664
GTGCCACAAGTAGTGC,664
TAAACGCATTTAAAAC,664
TCGACAGGAGGGAGAA,664
TCTTGAAAACGTACGT,664
TGCAGTCTTGATTGCC,664
TTGCCAAATGTAAACA,664
TTTAAGAGAACAAATG,664
AATAATCGACAAAAAC,663
AGCGCAGAGTACCTCT,663
AGTATCCAATACAAGT,663
AGTTCGGGGAGCTTAC,663
ATGAAAGTTCCTTTGC,663
CAAGCAGAAGCAAAAA,663
CCGTCCCGAAATAGCC,663
GCGGGCAGTCCAGCTG,663
GGATACCTGGTGTACT,663
TTATTTGCACATAAAG,663
TTTCTAAAGACTACAC,663
TTTGAGGCTTAATAGC,663
AAACCAAATTAATCCG,662
AAAGACAAATATAGTC,662
AACGCAGTAAAATAGG,662
AACTTCCATACCTGAC,662
AAGCATTCCCTGGAAG,662
AATATTTGCTCATCCA,662
ACTACATGTATGCCTC,662
ACTCATCGCAGCCGAT,662
AGCAATCCATTTTCCC,662
ATAGTCTCACCTAATT,662
ATATATTTTTGCCTAC,662
CAACACTATTGCCATA,662
CCAAAAGACCAGACAA,662
CCACAGTCCCAAGCAT,662
CGACAGATTTAAAGGG,662
CGATCCCCAGAATACG,662
CTGAGTGAACTGTGTA,662
GACAGCCATACGAATG,662
TAAAGTACCAAAAGAA,662
TAACCTTAAAAAAGCT,662
TAATAAAAATACATTA,662
TACTATTAGACACAGT,662
TCAAGCGCACGCACTT,662
TTAGTGTACCAACTTA,662
TTATAAAGACTAGCAA,662
TTATTATAAGAGAAAA,662
AAAACGGTGAAATCCC,661
AAGAAAGTTAGTATAT,661
AATATACACCAAAAAA,661
ATGTTATAATCCAGCA,661
CAAGACGCCAAAAAAA,661
CAATAGTGGGACAATT,661
CCCTAGAAAATCAACA,661
CCTCAGAATAGTACAC,661
CGAGGTTAATGACTAC,661
CGTTACTGCACTCCAA,661
GCGGCACCGCTAACTT,661
GTAATTTTATTTAAAT,661
GTAGACATCTTTGAGG,661
TAAGACCAGTTACACA,661
TCCTCTCTTTGAAGTT,661
TGACCTACGTTGACCC,661
TTCTATGAAAAAAGAC,661
AAGCGTTTCCGTACTG,660
AATATAATAGCGTAGC,660
ACGAATCAGCCTAATC,660
ACGGAATAGCCCTTTT,660
ACTACAGGTATCGGTC,660
ACTAGAAAAAATGAAT,660
AGACTTAAGACAAAAC,660
CCCTCAAAAGGACTAT,660
CTAAATGTCGTTGGAG,660
GATAACAACAACAGCA,660
GCCTTGCCGCAAAGAA,660
GGAGCTTACAGGACCC,660
GGATTTTCGGGTGACT,660
GGCTTATACAAATAAT,660
TAATACGAAAAACTGA,660
TAATATTAGGCTCGGA,660
TACTTATGAAAGAAAA,660
TCATACATATAACGTA,660
TCCACGAACTAAACAA,660
TCTTAAACTAGACGTT,660
TTTATACAATAATAAG,660
AAAGAACCGATACGAA,659
AAAGACTATCCATATA,659
AACGCTTACCACACTC,659
AAGCTCTTCGATTTAC,659
AATGTACCCCCCTAAT,659
AGTCTCCAATTCCAAC,659
AGTTTACTAATCCTGG,659
ATACATAGGGCTAACG,659
ATAGTAAAATGAGTCA,659
ATGAATATGCCAAATC,659
ATTAAAGTTGGTCACG,659
CACCGAGGATGCGGGT,659
CCACGCTCACACTCAA,659
CGGGATGATCTAGTAT,659
CGGTACCATAGACGTG,659
CTAGATGATCAGTCGA,659
CTGGGGAAGCTGTGAA,659
GAAATACGTCCATAAT,659
GAATATGATCAATCTA,659
GCCTTACCGCGACAGA,659
GCGCCGACGCGGAGAC,659
GGTGTGTCAAAAGCTT,659
TTACAATCGCCCAAGA,659
TTTAGTTACTTCGTGA,659
AACTTACGAATATTGG,658
ACCAAAAAATAAAATG,658
AGCGATAAAAATATCG,658
AGTGATTCCTATGTGA,658
CAACTCCTTACAGGCA,658
CAAGATCAACTTACGC,658
CAGATGTTTTAGTGAC,658
CATACTAAAAATAAAC,658
CATTTCCATGAGTTCT,658
CCCACCGAGCAACCCG,658
CCTGATTGCCAGCCCA,658
CGTGAAAGAACCATTT,658
GAATGAAACCGTAAAC,658
GAGACTGCGATCAAGA,658
GAGGTTAATCGTATCC,658
GCGTCAAAACGAGATG,658
GCTGTAAAGTGCTTCA,658
GGAAAAATCACAATCC,658
GGGTCTTCAGAACTTT,658
TAGGAGTTAAGGCCTC,658
TATAGGACGTTAGAGA,658
TATATAAATACAATGG,658
TCAACCCGTACCGACG,658
TCGTTTCTAGGTCCTA,658
TGGTGTCTTTTAAACC,658
TTGAGGCGAATGAGCA,658
AACATGATCCGAGCGT,657
ACCATTTTGAGCCTGA,657
ACCGAACAACAGTGCA,657
ACGTTCTGCATTATAG,657
ACTTGGATCACCTCAT,657
CACGTTGCGAAACTAA,657
CTAGGGACCAGAACCG,657
GAAGCAACGGGGCGAG,657
GATAAAACATCTGGGA,657
GGCCACGCAAGACTGG,657
GTGATAAATACGTTCA,657
TAAATTTCCAGAAAAA,657
TAGATTCTTTAAAGAA,657
TTGAAAATAATGAACT,657
AAAATCCGATAGCGAT,656
AAACACCAATCAATAC,656
AACCCGAAAAACCTAT,656
ACCAACGACACTATTA,656
AGAGAAACGCTTTTTT,656
AGTCCCTAGCCCGCAC,656
CAGCCAAAAACAAATG,656
CTGTAATAATCGGAAA,656
CTTCTCTTAGACAACC,656
CTTTTTAATGAGGTTC,656
GAGTACCCTAGATTGT,656
GCCGCATGATTTGTAC,656
GGACTCTGGGCCGATT,656
GGCTGCCGAATGGTGG,656
GTAAGATCTGTACGTG,656
TACAAATTTGCAGACT,656
TCAGAGGATATTCTAG,656
TGAGAAGACGACTTGA,656
TTTATGACCAAATGGT,656
AAAAAATCAAACCATT,655
AACTGCGATGACGAAG,655
AAGCTAGTACGTAACC,655
AATACTCAGAATGAGC,655
ACAGCCTGATGAAAAG,655
ATCACAAAAATCCTAT,655
CAGATTAACGGAAATC,655
CTAAGTCTCACGAAGA,655
CTATATAAAATTAGAG,655
CTCATATAATAAGCGT,655
CTTAAGCGAATCTCGG,655
GCGGGACCGATAAAGA,655
GCTTACAACTATTAAA,655
TAAGAATAATAATAAC,655
TAGAATAAATAATTTA,655
TAGAGCGTTTAAGATG,655
TAGTGGCAAAACAGGC,655
TTACTTACCCACACGA,655
TTCAGCGTTTTGTATA,655
TTTTGCTTGTCACTGG,655
AAACAGATCAATATAA,654
AACGAAACCATATTAT,654
AAGATTCGCTATACGT,654
ACAAGTGACTTCAACT,654
ATTAACAGCATATGGA,654
ATTGGCTATGAGATTT,654
CAATAGCACATAAAAG,654
CAATTGGACTATGCGT,654
CACGGACTCATATACA,654
GAGCAAGGATTCAGCC,654
GAGTCTAACACTATAT,654
GCAAATACGAGAAACC,654
GCTTGAAGATAGAAAA,654
GGACAACTAAAGCGTA,654
GGGTACATCAGCGATG,654
TAAAGAATGTCAAACA,654
TAGATTAGATGCTCAA,654
TAGGTCTTCATGAGCC,654
TCCTAAGACCACAAAT,654
TCGCAATGCTTTTCTG,654
ACATAGGTATAAATCG,653
ATCCAGGACGATGCAT,653
CGACGCTGAAATGACC,653
CTAAATTGAAGTTCCC,653
CTACCAAGCCCTAAGA,653
GCAATTCCCAAAAGTC,653
GCAGCACTAAATATAT,653
GCTTAATGCACAGCTA,653
TAACTCCGAAGCACAA,653
TACAAATCTGAAGCAA,653
TAGGTACAGTGAGAGA,653
TATACAAGTTTTGCAT,653
TATTAGGATTACAAGA,653
TATTCATATGTAGGTG,653
TCACGAGAAGCAGCGA,653
AAGCCGGCCTCTCGCT,652
AATAGTATTTGGTTGC,652
AATCTATGTACATCCT,652
ACAAATACAGCAACAT,652
ACAGACTAGCTAATAA,652
ACCCGCAAAGTAGACG,652
ACCTATTGGCATCTCA,652
ACTGGTCATTGTAACT,652
AGACCTTTACCACATT,652
AGCTGGACCAAAGATA,652
AGTACACTATAGACTA,652
ATATTTACTGTTATTA,652
ATGAAAACGCGATAAT,652
ATTAAACAAGGCCGTA,652
CAAGAGTACCACAAAT,652
CAATTGTTGATAACTT,652
CACATCGTGCAACTGA,652
CAGTCGTATACAAAAT,652
CGAAATCCTTAAAAAA,652
CTCAGTCTGACTGGTA,652
CTGGGAACATTTTAAC,652
GCCAAACAAACTGGAT,652
GGATACTCCAGAAGCA,652
GGCAGTTACACGTCAA,652
GGCCACTGTGGACCAA,652
GGTACACAGTTACTAA,652
GTTATACCTTTATCAC,652
TAAAAAACAAAATTCA,652
TAACTACCGATAACCA,652
TAATCACCAAAAATGT,652
TACAAGCAGTTAACGA,652
TATAAAAGAACTGTCT,652
TGATTTATACCATTCT,652
TGTTGCTTAATGCACG,652
TTGTGTAAACCGTAGG,652
AAGACTACCCCATCGA,651
AAGTAGTAAATGAGAT,651
AAGTTCCTACATAAAT,651
AATACACGTTGATGTA,651
ACGAAACAACCATGTT,651
ATATCTGAACAAAACT,651
CAGGAGCTCAAAACAA,651
CATTCAAGCCATGCAC,651
CGCCATTGCCCGTAAA,651
CTGCGAAAAAAATAAA,651
TAGAATCCGCTGCGCT,651
TAGCGACGTGGCATGT,651
TATACCGAAGGTAGCT,651
TCTTTGGTAGAACTAG,651
TTACGTGCACGACCCA,651
AACGTTATGTACAATT,650
AGCCACGTATCTCAGT,650
AGTTGAGCTTATATGT,650
ATAACCAATTGCAAAA,650
ATTAACACGTGGAACA,650
CAAGTGCTGAATATAA,650
CGTCACCCCGCCAAAA,650
GTACCTTAGCTTCACG,650
GTCATATCCACTGTTC,650
GTCCAAGATAATTTCC,650
TAAATAACTCCTGAAT,650
TCCGCTCTAGGTATGA,650
TGACCATTTCGCAAAT,650
TGATCATTTTAAGGCT,650
TTAAAATCATAGAACG,650
TTTCATAATCAAAAAA,650
ACCTCCGTTAACTAAT,649
ACGTATAGATAGTTGC,649
AGAAAATAGCTTGGAG,649
AGGTTATATAGATCAT,649
ATGGCAGCTGAACTTT,649
ATTATATATGCACAAA,649
CAAAAACTTTTCGAAT,649
CAAATGCAGACTACTC,649
CAAGGACAATGTCAGA,649
CAATTATCCGTAATAA,649
CTTGAACAAAGCGGGG,649
GCAAAATGCGATTTAT,649
GCTTACAGAATTCTTT,649
GGCCAACTTGTTTAAC,649
GGGTCCTAATAACAAG,649
GGGTCTGAATAAGTGA,649
GTCGAGAAGATACGAT,649
TAGAAGTCGGCTCGTC,649
TATGGCAGAATGAACG,649
TGCAAGCAAAAAGTCT,649
TTGAAAAAGCACATTG,649
TTTAGACTCGCAAATA,649
AACAGACCCAAGATAG,648
AATAAACGTTAAATGT,648
AGTAAGCATTTTGCTC,648
ATCACTACGTGATCGA,648
CAAACGGTCACAGCCC,648
CCAATGTATACACACC,648
CGACCCCCTCAGGGTG,648
CTTAGATTGACCATTA,648
GAAACTGAATCGTCTC,648
GAAATCAAGACAAGGG,648
GGAACAAATAACCGCT,648
GTCGTAAACACTATTA,648
GTTGAGTCTTAAAAAG,648
TAAACCGGGCTAACTT,648
TAACAATCAAAAAGCT,648
TATGAAAGACCGAGAT,648
TTGCTGTAATGTCATA,648
TTTCCCTTTGTCTGCG,648
AAAAACTGAATGATAG,647
AAAAGTATAGACAAAA,647
AAAGTGGCTACAAATC,647
AACAGTCCAAGTATGA,647
AACCACCTAACTTCGC,647
AATACATGCTCGAGAG,647
ACGTTGTGTAACGTGA,647
ACTCCTGGTTATGCCA,647
ACTTATAAACGCTTAT,647
AGTCTAAATATCGAGG,647
ATCAAAGCCAGGAAAT,647
CGACAAAACTACGCTC,647
CGAGATGTAAGATCTA,647
GTCTTATAATCTTGAG,647
TAACAAACACAATCAT,647
TACACGCGAACAGGCT,647
TACATGGAAGTACATG,647
TACGAAGAACTAGACG,647
TTCCTGTAAACACGAC,647
TTTAACTACTAACACT,647
AACCTAAAAATAACCA,646
AACTACCAGAGGGGCA,646
ACACCACGAAAATATC,646
ACCTATAAAACGTGTC,646
ACGCGGTTTTGTATCC,646
AGACAGCGTTAGTACG,646
ATAATATATGTAATAA,646
ATACCCCGATGATGAC,646
ATGAGATAGTGTAGCT,646
ATGGCTATATAAAGGT,646
CAAAATAGAAATCGCG,646
CCGCACTAAATTCATT,646
CGCTCATGAGTATGCA,646
CTAATGGGCCATCACT,646
CTCCAGAGAGCTACAT,646
CTGCATGCAAAAATTA,646
GATACATGTTTATAAA,646
GCGTCAGCCTCCGAAT,646
GCTAACGTTAAGACAG,646
GGAAACCTAATGAACC,646
GTGTCATGCCACTGCT,646
TAACCGATGACTTAAT,646
TATAAAAGAGCTTGAA,646
TCATCCATATGGGCAA,646
TCCACTTTAGACCAGT,646
TCCCGCCAGAGATAGG,646
TCTGCAACCAACACAG,646
TTACTTTGAATGGACA,646
TTCATTACATGTACAG,646
AAAAATAAACTGGTAC,645
AATCAAAGAATGGCAA,645
ACAGTTTCCGGTTGGT,645
ACCCTAACTAACAGAC,645
ACTAAACCAACGGAGG,645
ACTACGTTGGTTACTT,645
CAACGAAAAGCAACTA,645
CAACGCGACCTGAATA,645
CAGATCCAGAAATGAA,645
CAGTTGACAAAATATT,645
CCAATTTTGCAAACAT,645
CCATTAATTGAATTGA,645
CCCGAATTCCGCTAGA,645
CTAGACTGCCACGAGA,645
GACACCCGGTTAAAGT,645
GACTCTTAAGACAGTC,645
GGATCCAACGATTCTA,645
GTACGAAAGTCACCTC,645
GTATACTCGCGGAGGC,645
GTCACTGACGTTTTAG,645
TCAGGTTACCCTCAAA,645
AAAATGACAAGAGCAC,644
AACGCGATCATAAGAA,644
AATCATGGACGTTATT,644
ATAAGGAACTAGTCCC,644
CGCACGTATCACGAGT,644
CTGAATTCTATATAAC,644
CTTACGCCTTCGATAG,644
GCTCAGACGCAAATTA,644
GGTGCTATTGAATGTG,644
TAGCTACCTATTTATC,644
TATATAAGCTTTACGC,644
TCATAGAAAAGAAACA,644
AAATGAACAAAATCTA,643
AACTAACCTTATGTTT,643
ACAGCTATACTATAGA,643
ACATAGACACCGATCG,643
AGACCTTGCTGGAATC,643
AGCGGCAATATTTGAC,643
ATACCTAGAATTGACA,643
CACCTTTCAACTGACC,643
CAGGGTAGCAACCACA,643
CCATCACATCGTCATA,643
CCCATCTCAATTTTAA,643
CCTACAACTCAATATT,643
CGACCAATCAATATAA,643
CGGATCGACGCAGTAT,643
CTAATGAATGAACACA,643
CTATGTCTTTAAAATA,643
CTTGTACCCCCACAGA,643
GAGATAACGCACTGAG,643
GATTTTTAATATACAT,643
GCGCGAAAGAACTAGC,643
GCTGGAGAACGTACAG,643
GTAAGTTAGCCAAGCT,643
GTATACTGCTTTGTAC,643
GTCTGAATTAAACGAT,643
TAAATTTACAAGAGAG,643
TAGTAAAGGAGCTGAT,643
TCACACGTTTGTAAAG,643
TCGGGTTACGCGTACA,643
TGCATATGAGAAGTGA,643
TTAGCTACTGCTCAGC,643
AAAAAATTTTTAAGAG,642
AAAAAGACTAAACGAT,642
AAAATTCACGTTTCTA,642
AAATTAAAATGTATAT,642
AACCCCTTTGATAATG,642
AAGTATGACAAATTTT,642
ACCTATACTGAATAAG,642
AGTACTCAGTAATGCG,642
AGTATCGCGCCAACTG,642
ATCGAAGTTGTAACCA,642
ATGCGTCATCTAACCA,642
ATTTGCTACCGGCCCT,642
CAAAACTAAGTTTAAT,642
CAAAATATGCAGTGTA,642
CACACCAAAGAATATG,642
CAGAGAATCAAAGTCG,642
CAGAGATTATGTATAG,642
CAGGCCTCAGCACGTA,642
CGACAGGAACACCACG,642
GACATAACCAAAACGG,642
GACGTGTGTCCTGTTA,642
GGAAAAATTAAAAATA,642
TAAGCGCCTAATATTT,642
TACTCCACAAATGTAA,642
TATAATGAACTCCGAA,642
TCATGCAATACGGATA,642
TTCAAAGAAAAATTAC,642
TTTCACTGACATTTCG,642
AAATTCAAATAAGAAT,641
ACGTACATACTTCCTC,641
AGATCAAAAAAAACCT,641
AGATTGATCGGCTACC,641
AGTGTTATCCTAGGGG,641
ATTAAAAGAGCACGAA,641
CAAGTCTCTGTCTACG,641
CAGATACGCTTTAAGT,641
CTCAAAAAGACAAGCC,641
CTCACTTACAAAAAGT,641
CTCTCACTAGCATTGG,641
GATTAAAGACTTTCTA,641
GGTGAATTATCGGAAG,641
TAAGACCCAAAATAAG,641
TACATCTAGTAACTTA,641
TACCTTTCCATCTTTA,641
TCAGGGCAGGCAATCT,641
TGCGTAATGACAAACT,641
TTAAACTCACACAATA,641
TTGACTCTCAATCACA,641
TTGCACACAAGCAACA,641
AACATGGTAATGCTTG,640
AACCTCCCAACTGTAA,640
AAGTTTTCTGAGGATT,640
AGACGTTAAACAAAAA,640
ATGAGTTCACTGTTAT,640
ATGGCACCAAGAAGTA,640
ATTCACATAATACCCT,640
CAAGAAATATCGGCCC,640
CCAAGGAAATCAAATT,640
CTGACAAGAGAGTTAC,640
GCAGACGTCCTGATGT,640
GGAATCCGGAGATGAT,640
GTACCCCCCGAAGAAA,640
TAAAATAGGCACAACA,640
TACATCGGCAAACTAA,640
TATAATGTAGCTGCCT,640
TTAATACGCATTTCCT,640
TTCAAAGGGTAAAACA,640
TTCTGCAAACAAGTCA,640
AAGTTAACTAAGACGC,639
AGCCTGAGAGACGGAG,639
AGGACGCCTATATGGT,639
ATTCCATCATGCAAGG,639
CATAATCCATGATAAT,639
CCAATAGCCTAGGTCT,639
CGATACAATATGAACA,639
CTGAGCTGAGTATGAT,639
CTTGAGCTCGGATTAT,639
GCAACAAATATGGTAC,639
GCTTACTTGAACCGAA,639
GGACATCCACAGCCGA,639
GGAGGAATTTCATTTT,639
TAAAACGATATTTACA,639
TAAAGTCGTAGATGAT,639
TAGACGCAGAGAGCCG,639
AAACATCGAAAGTCAA,638
AAAGCCACACAGGAAA,638
AATATTTGTCTATAAT,638
ACCAGATCGCGTACAA,638
AGTACTTAGAACAGAG,638
ATACTTGTTAAGCAGA,638
ATAGACTCGCACCATA,638
ATATCTCGAAGTCCCA,638
ATGAAGGTTATCAACC,638
CAACTCCACGCCAGTA,638
CGACCTACCAACCATG,638
CGGGAGCCAGACAACA,638
GAACGAGCCATGCGAA,638
GAATACTATCGAACCC,638
GCACATGCAATTATAC,638
GTCAAAAATAATAAAT,638
TACGCTATTCACTAAA,638
TAGATCTAAGGGAACA,638
TAGTTGGACACCTAAA,638
TATCCCTTAAACACCG,638
TCTACAAACATGTGAT,638
TGTAATATGCTATATG,638
TGTAGTATAAACCCCG,638
TTAAATAACCCAGTTA,638
AACTAATGTTGGACAT,637
AATGGTGAGGGCTAAA,637
AATTCAATACCCGCCC,637
ATTATTAGCCAGCCGG,637
CACTGACCAACAGAGT,637
CATCAGACTATAGTGG,637
CCATTTCCAAACGAAA,637
CTTTAATGTAGCTACG,637
GACCTAATTTAGACTG,637
GCTTGTTAAATCACTC,637
GGATGGACTTTCTCCT,637
TCCAGTACTTATAGGA,637
TGATAGGCCAAAGTAC,637
AAACACTCAACAAATA,636
ACACAAAGCGGATCTA,636
ACTACAGTAAAACATA,636
AGTTATGTCTTGGGTA,636
ATAATGCAATATATTC,636
ATATGAACATTCATTA,636
ATCCCCGGAACCACAT,636
CAAACACCAAAGCCAA,636
CAATACCGCCGCAGGC,636
CATCTGCAAACCAACT,636
CCACAACTGATCAACC,636
CGGACACTGGATTCAT,636
CTATCAGAACAAGCCG,636
GAAACCGGGCAAGCAG,636
GCCCAGTTTCTAACAA,636
GGCACTCCATTTCACC,636
GGTTATAGCGAACAGT,636
TAACAATCACTAGAGT,636
TTAAAACTAAGTGCTC,636
AAACTGTTAAACTGTT,635
AAATACTCGATGGAGA,635
AAATTAGTCAGGTGTA,635
AACTAGTCGATAGACC,635
AATTCATCAAACATAA,635
ACAAATGATAAGAACC,635
ACATAATATATGCGCA,635
ACTAGAATGTATCCGC,635
AGTCGAATAAAATTGT,635
AGTTACATAGGTCTTA,635
ATCGCGGGTGATGCCA,635
ATGGCTCGAGAGCAAG,635
ATGTGATCACTTACGC,635
ATTAGCGGTAACGCTT,635
CGCTACACATAGTGGA,635
CTACACGACAGAGAAC,635
GAACCAAATGATCCAA,635
GAATTATAACAGGCAA,635
GAGCACGACCAAGTTT,635
GCAACTTCCTCCAATG,635
GCGAATCTGGCAATTG,635
TAAAAAAAAAGTAACC,635
TACACCAATAGCTTTG,635
TCTTCCTTAATGGCAA,635
TGAATCGAGCATAGAG,635
TGTGTATAAATCAAAA,635
TTACCAGAATCGCTAT,635
TTCAACGCAGCGGTAT,635
TTGATTCTCCACACCG,635
TTTTCTAGAAAGAATG,635
AAATGTGCATACTTTT,634
AACCGTCCTAGAGTAC,634
AATCTACGATTGCACG,634
ACATTCGCCAATTTTG,634
ACTAGACTTCACAACC,634
ACTTCAAACCCTAGGT,634
AGGATAAGCATATAGA,634
ATCATTCCCGAAAGGT,634
ATGCGACAGTATCACA,634
ATTAGCTCCCACTAAC,634
CAACTCCTAAAAAATG,634
CAGAATATCGATATAC,634
CAGACTCTCACTTCCT,634
CATTTCGCTAAGTCGA,634
CCATGTGAACAGCATA,634
CCTTGGTCTTGAGACC,634
CGCACAAAACGAAATA,634
GATTATACGAAAACCC,634
GCAGCTTAAGATAAAA,634
GCAGGAGCATCGTATA,634
GGCTGGAAGGAACAAA,634
TAATAGAGAAAACCAG,634
TCCTTTGCTGAACCTA,634
TTAATCACTTCTAGAT,634
TTAGGGTACTACGTCT,634
AAAATCACTCCCTCTA,633
AAACATTCCACCCTTA,633
ACCGCAAGAGCACGTT,633
ACTCGTCGCTTGTGCT,633
AGAAGCAATAAGTTAC,633
AGGGGCAGTCTCACCA,633
ATAATATCAATTTAAG,633
ATGTTCATACCGAAAC,633
CAATCAGCATACATAA,633
CACTCTTACGAACGTT,633
CTTTATTAACGGTATA,633
GAACGCGATTAACCGA,633
GACAAACTATGATAGC,633
GGATTGCCCACCAGGG,633
GGCAGACACGGTCATA,633
GGTAAACCAATTCGCC,633
GTACAATACTGCATAA,633
GTGATTGACAGGGGCG,633
AAAAATGAACCGGAAG,632
AGATACGCATTCAGAC,632
AGCAACTGAAAGAATA,632
AGGATAATATCAAAGA,632
AGTAATTGGAGACTCG,632
ATATATTAGGAAATTT,632
ATTATTGGGTCAGACT,632
CATGAAGCGTAAACTG,632
TACAGATGCTATTGAA,632
TACGGGACGGAATAAT,632
TCAACATATATATAAA,632
TCCGTATAAACGCGGC,632
TTGATAATAGGCACTT,632
AAAATAGTGTATCACA,631
AAATAAGACCATCCGA,631
AAGCAAAGGTAAAATA,631
AATAGTAGCATACATT,631
AATTAACGATCGTGGT,631
ACAAGTATTAAAAAAG,631
ACATCATATGTCCAGT,631
ACTCAAAATCAAGCAC,631
ACTTGCGTAAGAAGCA,631
ATTTACATGATCTGGA,631
CAAATACCGGCAAGTT,631
CAATACAGTATACTAA,631
CCAAAATCGATTAGTA,631
CGTGAAACCAATGCCT,631
CTAACTTAACCAAGCG,631
GAACACTAAGCCTACC,631
GCCAGATCAATGCCAA,631
GCGATCTGAAAATTGC,631
GGGCTACCTTATGTGG,631
TAGAACACATTAAGCT,631
TAGCCTAGGAAATTAA,631
TATGTTAATCAAATTG,631
TCCGAGACAAACCGAC,631
TCTGCAACCAGGGACC,631
AATATGACAGTAGATG,630
AATGAAATTGAATCCC,630
ATGCGCATGGGTATCT,630
CAAGAAATTGAACGCG,630
CACCGAACTAGGACAA,630
CATATTTAGTGGCAGA,630
CATCAAGCAATGCCTC,630
CATCCATGCCTTGACA,630
CATCCCCACTACATAG,630
CTTGACGCATCAAGCC,630
GAGGCCGTGCTACTAG,630
GTCACCCCAAGCCCAC,630
GTCGATATAATACGCC,630
TTCTGAATATATTGAA,630
TTGATCAATAGAATTC,630
AACAAGTTGTGTACAT,629
AATTCATTGACGCGTA,629
ACCATAAAGTATGGGA,629
ACCTATAAATGTTAAT,629
AGAATGTTAACGCATC,629
ATGCCGCCTACACGGC,629
CAGTATGAATACCAAT,629
CCGTAAGATTGAGATC,629
GAACGCTATCAAAGCA,629
GATAATCTATAATTGG,629
GCACCGGTCATAGTCA,629
GCCCTACTACATAAAT,629
TAACCACTGTCTCAGG,629
TAAGTCGCTCAGGTCA,629
TACGAGCTGAACCGAA,629
TAGAGAAGACTCGTTA,629
TCCGAAAGTGCGTACT,629
TCTCCACTGCGGGGCC,629
TTAATTAGTACAAAAA,629
TTGACATTCACAGCAA,629
AAAAGGGTCATAACGT,628
AACCTACGCGTACTGA,628
ACCTTTATCAATAAGA,628
ACGTTAAGAAATCCTA,628
AGCTACAGATAGCATG,628
AGGACCTAAATCCTAG,628
AGGTATGAACGAAATA,628
ATAAAAGAACACCAAT,628
ATTGTTACGTTTCTGA,628
CCCGGTAACTGCTGAT,628
CCGAATAAACAGCATA,628
CTAATCCTTGAGAGAT,628
CTATAAACTTATTAAA,628
CTATATAAACCAGGGA,628
GAGCAATTAGTAATTT,628
GGAACTAAACACCTGA,628
GTCAGGCATACCAACT,628
GTCCATTTATGCATAA,628
TATTGAACTTTTAACT,628
TTAATGAGCATCTCGT,628
AAAAACGCCAACCAAG,627
AAAACTATATTCATAA,627
AAAGCTAGGACAAAAC,627
AATATCGAACGTCTAT,627
AGATCTAAGATATCAA,627
AGCTAACACTAAACGC,627
AGTATTTCGGTAGGAC,627
ATAATAGCAGATGAGT,627
CAAATTACACTTCGGA,627
CACTAAAAAGTTAAAG,627
CATGGATCGGTAACCG,627
CGTTGAAAACAAACGA,627
GCATAACAGAACACTA,627
GGCAATAACGAATATA,627
GTACCTCTTGAGCCCC,627
TAGAAGTCGCTCCGCC,627
TATATATGGCTCTGGA,627
TCATGTGTTCTTCAAA,627
TGATGGGCCTTTGAGT,627
TGGAAATACGACGCAG,627
TTAAATCTAAATGCGG,627
TTAATTTTACTAAGTT,627
TTCCTTTTTCAATAAA,627
AACGAAACTTTTCCAC,626
AATGGCCACATAGAAT,626
ACAACTACGATACTTA,626
ACTTAAACGCTGCAAC,626
ATATGTGAGAACTAAG,626
ATCAAACTATCCAGAG,626
ATCTGGGTAATTTATT,626
CACTAACGAGGTAAAC,626
CCACAAGGGAGAATAA,626
CCCCTAAAAATATCCT,626
CCTGACTCTAGCGGCA,626
CTATTGCCTAACTACA,626
GCAACGAGACTTGGCC,626
GGAAAATTCATGAGGT,626
GGAAAGTCACTAGCCC,626
GTAAAGCATGACACAA,626
GTACAACGCCCGATTT,626
TAACAAAGGTTCAAAA,626
TAACCGCACACATCCT,626
TCCTATTCCAGATTAT,626
TCCTTCACAAGAGCAC,626
TCTGGTAAGTTCAAAC,626
TTTAACCCAAGGAACT,626
AATCACTTGGGTCGGC,625
AATTTATTTTAATAGA,625
ACCTCTCCGCAGCATT,625
AGCCGGGGAAATCAAA,625
CAAAAATGGGATTGTG,625
CAGTTCAACAATGAAG,625
CATAGCACTCACTAAA,625
CTGACATGTCTATCTC,625
GAACCATATAGCAGTT,625
GACATGAATAAGCAAA,625
GAGGAGGCGTGCCTTT,625
GCAAGAATTTCAATTT,625
GCTCCCCACACTAACG,625
TGAGAATGGAAGAATC,625
TGCAAAATACAAAGAA,625
TGTTCCGGAGCTTTTG,625
TTCATATAGCTGGCAA,625
TTCCCACAAGAACCGT,625
AAATCCGGGTCTCATA,624
AACAATATAAAAGACC,624
AACGTGAAAATCGTGA,624
AAGATAAGCGAATCAA,624
AAGATGTAATGATAAC,624
AATGTACCTATGAAAC,624
ACCCTGGTAGATGAAC,624
AGGCCCAAATTGGCTT,624
AGGCGATATCGTCGTA,624
ATTAATCTCGTGATTG,624
CATAAGAGAAAGTAAA,624
CCGCGATACAAACAAA,624
CTATTAAATAAACTAG,624
CTTAAGAAGTTCACCG,624
CTTATACTAAATGACA,624
GAAATAAACAAAGGTT,624
GGTAAAGGATCATCAC,624
GTGCGCAAGAGAGACA,624
GTTCGACAGCAACACC,624
TACCCTATACGTGAAA,624
TACGGTACATACTTAG,624
TCAAACGGGTAGAAGA,624
TGGAATGTGGAAAAAC,624
TTACCTATAAGCCAGA,624
TTCCCAATGCCAGCAC,624
AAACGATATATTTAAT,623
AATAAACCAGTAAGGA,623
ACCTCTCATTGTGAGG,623
ACGGCCATCCAACTAA,623
AGAACGAAATTTCCCG,623
AGATGACGACACCACG,623
AGCAATCACCCCCCAG,623
ATGTGACAAATTGCGA,623
ATTTGTATCCTACATT,623
CACACTAGTTTGTGAG,623
CATAAAGACATTAAAA,623
CGCAAAAGGTTGTTAA,623
CTATGGAAGGACATAG,623
CTGAACCAACTCCTTG,623
GCTATACTTCGGCATA,623
GGAAGGATACGAGGCA,623
GGAGGTCCTGGACACT,623
GGGAAACTACGGCAAG,623
GGGCCAATCCTAGGAT,623
TACGTCGATTCAAAAT,623
TGCGGGCTACGTAGGA,623
TTCTCACCAAACGGCC,623
AAAACTAACTGCGCCT,622
AACATGTACTAAGTCA,622
ACTTGCAACCCGTTAT,622
AGACAACACACAGACT,622
ATCTTAACACATTTTC,622
ATCTTGCCCAAATACA,622
ATTTAAAAGTAAATCA,622
CAACGCAGGCAAATAT,622
CAGCCTAATCCAAAGA,622
CCGTAAAACGCTTCTT,622
CGAATTCGCGAAATGC,622
CGGTCCAATAAGAGAA,622
GAAACCCTCGAGCGAC,622
GAATCTCAAATATGAG,622
GATCCTAAATCTAACG,622
GCAAACAAATGTAATA,622
GCGTGTAATACCTAAG,622
GGGCAGTACGCTAAAG,622
GGGGAGAAGACAAAAT,622
GTGCCAGTACGAGACA,622
GTTACAATACAATATC,622
TACAACAATAAAGTTT,622
TCACTCAAAAAACGTG,622
TCCCACACAAGATTGA,622
TCTCGCTAAAGAATGT,622
TGTTTTGAAATAATGA,622
TTGTACAGTTATAAGT,622
AAATGCAATCCCCTTT,621
AACCATACAGTAGATT,621
AACTTGACTGTTAGCT,621
AATGAAAATAAACACA,621
ACAATTCGGGAAGTAT,621
ACAGAAACTGAGTAAA,621
ACAGCGCTACAGCACG,621
ACTAACGAACAGACTA,621
CCAACGGAGGCGACCG,621
CGAAAACCTATGTAGC,621
GAGTACCAAACAGAGA,621
GGAGGACGTATCAAGA,621
GGCAACCAAAAAGCGA,621
TACCAGATTCAACTGG,621
TAGGTGACATGTTAAG,621
AAAGCCACTACCAGTT,620
AAGCGGAGAATGATCC,620
AATAAGATAATGACTA,620
ACATGCATCACGACCT,620
ACCGCTGATCCCTAGT,620
ACGTTCTGATATTCGG,620
AGCAAGTTCGTGGCAG,620
ATTCAACTGAATACTC,620
ATTTCAACCCCTAATT,620
CATCTGAACCAGGATG,620
CATTTTTGTTAAATCT,620
CGAAACGTATATAGCT,620
CGAAAGACGCGCGGTT,620
GCCATACCATCCATAA,620
GCGAAGAAACTATGTG,620
GGCGTTAAGCCCGCAG,620
TATTCAGAACCGGCAT,620
TGAATACTACCGATGA,620
TGCTCAATATGTAAGT,620
TGGCCATAGGGGATCG,620
TTAAAACGAAAAGCTC,620
TTAGCTTAGAAGTTCG,620
AACCTTATACAACCCA,619
AAGGCCACCACCTAAC,619
ACTGCGACTGGAGACC,619
CATACCGTAATTAAGT,619
CCACCAGACGTACAAC,619
CTCTTGCAGGAGACTT,619
CTTGCTTCTCAGGAGG,619
GAATGTGTAAACACGC,619
GCCAGCCCTGCACCGA,619
GGAAATAGTAAAAGAA,619
GTACACTACTGAACAA,619
GTGGGCTGGATACGGG,619
GTTTCCGGATGATAAC,619
TAAGCACCTAAGTTAA,619
TAATTCAATTAACGTC,619
TATTGACGGCTCGAAT,619
TCAGAGCAATCATTAA,619
TGATATTATCGAACAC,619
TTAAATAAAAAGTCAA,619
TTACACATAAACACCT,619
AAAATCTGGCTAACTT,618
AAAGCTATCACCAAAA,618
AAGCCAACTAAATCAC,618
AGAACTCTAAGCAGAC,618
AGGTCGCTATATCTAA,618
ATACATTGATGGTATT,618
ATGTGCAAAGCCAGGA,618
ATTAGCAAAACCCGGT,618
CAAATATACGCAGTTA,618
CACTACTCCGTTAGAG,618
CAGCTTTGCTTACCCA,618
CAGTGACATCGTCACC,618
CATCCCATACTTGTCA,618
CCAACAAGCATAAAAC,618
CGCGAGCGAAACGCTC,618
CGGAGATGTTTAGATT,618
CTGCAGGAAATAATGG,618
GAAAATTACTACAGAA,618
GAGTCAAGTACGACAT,618
GATTATAAATTTCAAA,618
GCTGACAGGAGACGAG,618
GCTGGCCAGAGCACAG,618
GGTACCGTGAATGGAC,618
GTTCCATAAGTCATTC,618
TAACGGAAGTCCATTT,618
TAAGAAAAAGACACAG,618
TACCAGCAAGGGCCGA,618
TATCCCTTTACATGTA,618
TCACCATACCTCCATC,618
TCGAATATTCACTAAC,618
TTATAAATGTACCACC,618
TTTCTAACCCACTTGG,618
AATAAATCGGAGACTA,617
ACAGGTTACAGAAAAG,617
AGAACAGCTAAATCAA,617
AGAATTTACAATGACG,617
AGGCCACGTATATATA,617
CATAACACGAATGCCC,617
CCACGAAGGAGCGAAG,617
CTTTATCATAGAGATC,617
GACTATATAGGGTCCG,617
GAGAATACCTGATAGA,617
GCGACTACAAAAGCCT,617
GCTATAAAAAAAAGAT,617
GGCACCCAGTTCTAAG,617
TAATAAGCTCGAAGCT,617
TAATCCTAAGTGACAA,617
TAGAGCCACACCTCAA,617
TGGATCCCATTTAGAC,617
TGTCAATACGAGTTCA,617
AAAACCTTTATCGGTA,616
AAGACACATATCAGAC,616
AGGTCACAACTCAAAG,616
CACCCTCAGAGTAACA,616
CTGATCACATATTAAT,616
TAAAGGCTGCAACAAA,616
TAAATCCTAAATAATC,616
TAATTTGTGGATTAAG,616
TACCAATATTTAATGT,616
TATAGAAGACCAAACA,616
TCAGTTCGAATCTCCT,616
TGAAACCGGATTAAAA,616
AACAAGCTACTACTTG,615
AACGCAGCGGTTACAC,615
AACTGTGCAGGTTCGA,615
AACTTCTGGCCCTCCA,615
AAGAATGGACAAGTAC,615
ATACAGATGCACTTAG,615
ATCCAGAACAAAATGA,615
CAGGATATCGCCCGAG,615
CCTAGACGTCCGATTG,615
CCTATAAATCATGAAC,615
CGACCTTTACATACCC,615
CGTCTAAAGTAAAAAA,615
CTCAGCATAAAAAAAG,615
GAACCTAGGTTTAAAA,615
GACTGAAAGCGTGCAG,615
GAGACTGTCAGGACAG,615
GATGGTAAGTAATTAG,615
GCACTACCCAATGGTC,615
GCACTGGAAACGTATA,615
TACCGATGCGGCTTAT,615
TATATGAAGCTTATAT,615
TCTGTGGAGAACAATA,615
TGATAAACTGCCTTCT,615
TGTACAACGCTGAACT,615
TTAGTACTTAGAACAA,615
TTCCGAAAGCCACCCT,615
AAATAGACGGAATTCT,614
AAGTGGGAGAACAGAC,614
AATTCGAGATTCCCGA,614
AGATTGTAGTAAGCGA,614
AGGAGTCTTATACTAC,614
AGTATAACAACACCAA,614
CATCCCTTACACGAGC,614
CCGCAGTATGTTGTTC,614
CGCGGGCTGGCGAACA,614
CGTAAATGTATTTCTA,614
CTAGTTGCACTCAGCA,614
CTATTCATCAGATTAT,614
CTGTGGACCTAGGTCC,614
GAATTACTCCATCTAG,614
GACTCAAAATAAGATC,614
GATGTATGTTAGAAGA,614
GCGGCCCGTAAAATCC,614
GTACTGGCCAGCACAT,614
GTCAACCTCCCAAACC,614
GTCCCATTCCAGTACA,614
TAAACTATTCCCTCGA,614
TAACAGTAGACTCTAA,614
TAATTGCAAGGAAACT,614
TACTTAGTTTCCTCGT,614
TCATGGATGTAGTAAG,614
TTAACTCTTTCACCCC,614
TTTAATCCGTTAACAT,614
AAGAAACGTTGACAAG,613
AATCATTAACCTTGCA,613
ACCAAAAATCAGCATA,613
AGCCAAAACAATCATA,613
AGCCCCTAAGTAAAAA,613
ATCCAATGAAGATCAA,613
ATTATATCATGGAATT,613
CACGATAAAGATTCCC,613
CAGAAACGTAGCGACT,613
CAGAGCAGTATGCAAT,613
CCAGCTTTCTATAGCA,613
CGAGTCCCAAGGCGAC,613
CTCTCGTGAAACCCAT,613
GAAATTTGTGGAATCG,613
GATTATGACGATAACT,613
GCTACTCGACATGTGA,613
GTAGCACGGTGACAGC,613
TACACACAAGATAATG,613
TCCCAATGTCACAAGC,613
TCTACTGTCCGTCCGA,613
TGGTTGCCATTAAAAT,613
TTGAATATCCAACCCA,613
AAAAACGAATACCTAT,612
AAAATTATCTACTACA,612
AAACCCTACTGTGAAG,612
AATATATAACACTTAT,612
AATGAGGTAATAACAA,612
AATTTGCCGGTTCGAT,612
ACAAATTAAATTATAA,612
AGAGACCAAGCGTCAT,612
ATCCGAAATTAGCGAA,612
ATCTCCCCAGGGATTA,612
CAAGATACTCACCCTT,612
CACACACGAAGGCCAG,612
CATTTTAATCTAAATT,612
CCTTTAACGCACTTAA,612
GAGCCATAACAACTGC,612
GAGTACAAATGATCAC,612
GAGTTTGAACTACTGA,612
GTACTATCCAATGGGA,612
TAAAGACCGTACCACT,612
TCCGTAGTAATAACAG,612
TGCTCAATTTGGTCAT,612
TGTCGTAAACGATATA,612
AACACTGAATAACAAA,611
AATAAGCTCAGAAGAG,611
ACAGTTGCGACACAGC,611
ACGGCAAATAATTAGA,611
ATCTGGGGCATTCCTC,611
ATGTTCACGCCAAAAG,611
ATTCTTAGACGAATGA,611
CGATACCTTTACTAGG,611
CTAATCCAGGTAACTA,611
CTACGCAATCACACAA,611
CTCTAGCTAGTTACTC,611
CTTATGTGGGAACCAT,611
CTTGTCCCATGAGCTC,611
GAAAATGATACCTTCC,611
GGATTAAATTCCAGGC,611
GTACCTCAAGCCAGAT,611
GTGGAGAGCGGTAAAC,611
TGCGGTACAAGCCATG,611
TTTCATCTCGACATAC,611
TTTCGTGGACTTGCTA,611
AAACCAGTAGCCCGAC,610
ACGCGACAGATTTAAA,610
ATACTAATAATCAAAT,610
CCCATACAAATTACAG,610
CGAATAAACAGAACCG,610
CTCTTTGAGCACAAGA,610
CTGTGGATCACCAATC,610
CTTGATTGTAATCTTT,610
GATTGACAATCAGCCT,610
GGATGTAATACGCGAG,610
GTAAGCGTTCATACCA,610
TATTATATCAATCCAC,610
TCACTACAGGTATCGA,610
TCCCGTAGTCCCCATC,610
TCTAGACCCCTCTACA,610
TGCTTTCTAGGCCTTT,610
AAATCACACATAAATT,609
AAATCATGCCTACTAT,609
AAGGTTGGTGATTGTT,609
AATCCATCATATACAT,609
ACCGCATCCAGGAACG,609
ACTAAGTCAATCCTTC,609
ACTCGACCAATATCTT,609
AGAAAGGCGCTTTGAA,609
AGACAAAATGCTGGAG,609
ATACCTATGATAATGA,609
ATTACCATTATTAAAG,609
CAACCAGTGTCGTAAC,609
CCAATCACATCATGGG,609
CCCATTATTTAATGAA,609
CGAAACCGACAATTAA,609
CGAGAGAGCCTAAATT,609
CGATATATGATCACGT,609
CGGACAATTTCGTGTC,609
CGTTAATCAAAGATTA,609
CTTTTAGATTTTCCTT,609
GCCGTATCCCATTAAA,609
GTTAACAGCTCTCCGC,609
TATCGTAATTTATGCA,609
TCCCTTACTGAGAGCA,609
TGCGTTGCTATGGAAA,609
AAGCAGAACTTTCTTA,608
AAGCGCTAACACATAT,608
AAGGGCAAATGAGCAA,608
ACATGTCACAAGAATA,608
ACCAAAAGAATTGAGA,608
ACCTGCTTTCAGGATC,608
ACTGACACTACAATAA,608
AGGACATATACAATGG,608
AGGGCCTGCAAAATTA,608
CTCCAACCGAACCAAC,608
CTGGGTTATGATACAC,608
CTGTCCCCTAAGACGA,608
CTTGAGAATATAACAT,608
GCTATCAATTTCTAAT,608
TCAGCTTCAAACCGCG,608
TTAATCAATAGTATCC,608
AAACGCGAGCACTCGC,607
AACGCTTGGACATTCA,607
AAGCGTTCGAGCTGGT,607
ACAAAACGTTATCCAG,607
ACGATTAACTGAGCGA,607
ACTACGGCAGTGCTTG,607
ATCGTCAAGCCGAAAA,607
ATCTATGAGCTTCGTG,607
CATACAAAAGGGAGAC,607
CCAATGTTGCAACTAA,607
CTCTTCGTCCGCACTA,607
GAATCATTTAATATAC,607
GCAACTGCAAGGTTAC,607
GGAAGTCGAGAAAAAA,607
GGACCAAAAAATTCTA,607
GGAGCACCTGACAAAG,607
GGATCATATAACTATT,607
GTACAGAGGTACCCTT,607
TGTAACGTAAAGGGCC,607
TGTGCACCAATTTAGA,607
TTTCCGACCCAGACCA,607
ACAAGATTAACAATCA,606
ACACTTTGCTATTAGT,606
ACCGACGTTTTCAGCG,606
AGATTTGTGGATGAGT,606
ATATCATTCTGAGGTT,606
ATCCAAACATCACTTT,606
CACGTGGGAGGTTCTT,606
GACGTACTTCTAATAC,606
GGATCCGCCTTATTGA,606
GGCCAAGTCCACTACC,606
GGGCATTAGCAGCTTA,606
TAGCGTCATTAAAACA,606
TATAGCATTCAGCACT,606
TATCTAATAGATGGTC,606
TATTGCAGTGTTAGAA,606
TCATAGCTGATCTCTC,606
TCTTAAAGGAAGAGAC,606
AAATAACGATTAAAAA,605
AACCATTCTTGACTAA,605
AATCTACCAAAAATTT,605
ACAGTGCAATCGTGTG,605
ACTAGTAAACGCTTTT,605
ACTATTGGGCGACTAA,605
AGTATTGCGGCCTCCT,605
ATCTAATCCCTAGAAA,605
ATTAAAATGAACTTGT,605
ATTCACATAGTCCACA,605
CACCATCCCGAACACC,605
CCATGTATGTGTGCCT,605
CCCTTTAAGAAAAAAC,605
CGCTCGTATGCTTTTC,605
CTGGGAACCATTTTAG,605
GAACTCTTCTATAACC,605
GCCCCCATCCGTTCAG,605
GGGCTAGGTGCCAGGG,605
GTTATACGCCTTTTAA,605
TCAGTAGATAAAACAT,605
TCCCCAGCAATCTAAT,605
TGAAGCGATACACCCG,605
TGATAATGCGATAGTT,605
TGATCCCATCATATGA,605
TGTTCCTTTTCCAGCA,605
AAAATTACTAATTTGA,604
AAGATTCTGACTTCGG,604
AATTAATTCACTAAAA,604
AATTACCATTAGCATG,604
AGCGCACTAGAAAACT,604
ATCGACGTATGTGGGT,604
ATTTCAATCTCTACTT,604
CAATAGTTTAAATGAA,604
CCTGCGCACAGCAAAC,604
CGATTTCTCTGTAACA,604
CGCGATCAAAAACTGT,604
GAAAATATTAAAAGTA,604
GAGAAATAAAAACTGA,604
GCTACAACCCCTGTGC,604
GGAGCACGATAAATTT,604
GGCACGTACGATATAA,604
TAAAAAAAAACGCACC,604
TAATGATGCCGCTACA,604
TGGAATGCTCATTACA,604
TGGGACAAACTATAAT,604
TTATGTATTTAAGCTC,604
AAAAATAGGCACAAAT,603
AAACCCTATGAGAAAT,603
AAATGGAACCAATATA,603
AACCTTAGGAAGACCT,603
ACAGAAATATGGGAGA,603
ACCACACTTCTCAAGT,603
AGAGGGGTGGGCGGGA,603
AGTGAGAGCGATTTTA,603
ATCACCTTATTTGACA,603
ATGTGAACTAATCATT,603
CAAATGATTAGAGAGA,603
CATCGCTCTACAGCTG,603
CATTTACCACTGACGT,603
CCTCCTCTATAGTAAT,603
CCTGACCTCAATTAGA,603
CCTGGGAAGCACGAAG,603
CGAGACGAATTATCAC,603
CGTAATACGCTAATCT,603
CTTAAGACTCTTTTGA,603
CTTGTAACAGAATGAG,603
GCTCTGATGATAATCC,603
GCTGGGCTCGCCCTAA,603
TAAAACGTGGAACAGG,603
TAAACGGAGGAAAGAA,603
TAGTCCAAATACGTTA,603
TCTAACTGCCTATTTG,603
TGAATAAATAGTCTAG,603
TGCAAGCACCTAAATT,603
TGGAAAGAAAACTAAT,603
AAAAACGCATCACTAA,602
AAAATTGGTTGGACTG,602
AAAGAAACTTATGTAT,602
AAAGCTACGCAAAAAG,602
ATAGATCTTAGGTGAT,602
CTACCTGCCCACGCTG,602
CTGGCAAAAAATATTT,602
GAATGAGTGCTCTATC,602
GTAGTATAACCGTCTT,602
TAAAACGGATGTAACC,602
TAACTCGTTAATATAG,602
TCACAGCACATTTCGG,602
TCCAGGTATCCGAAAA,602
TGACAGAAGCAGTTTA,602
TGAGCCTAAATTAAAA,602
AAAAAAGCAAAACTTA,601
AAAGGAACACTCCCGT,601
AACATACAGAAAACAA,601
AAGGATCAAGAATAGT,601
AATATGAGAGGCTAAC,601
ACAGATTAATGCTGCC,601
ACGACTCCGATAATAA,601
AGAAGGACCGAAGCAA,601
AGGCCCTGATGAACAG,601
AGGTCGCAAATTAATG,601
AGGTCTAGTACTTAGT,601
AGTATCGACCAATAAG,601
ATACTCGTAAGAAATC,601
ATTTATGGTTATCTAA,601
CAAAATGACTACAGTG,601
CAACTAAAATTATACC,601
CAGAACATACTTTCAA,601
GATACCATAACAGCTC,601
GATCGTCAGGGTCTGC,601
GCCACGTAACGTAGGC,601
GCGACATGAAGCACGT,601
GCGAGTTATCAACTAC,601
TATGACAAAAGCAACA,601
TCGTGGTAAGACAAAT,601
TTAAAAGTACATTTTG,601
TTTTGAAATCGCATCT,601
AATATGAGAAAATTGA,600
ACAAAACCACATAAAT,600
ACCCACTTTTTTCACA,600
ACTTGAAAATGAGCTA,600
AGCCTGATCACAACTA,600
AGTGAACTTGAGCCCG,600
ATAAAACCGGTTCCGA,600
ATCACATAAAGGAATA,600
ATCATAAAAATACCTG,600
ATGAACATCAATATGT,600
CAAGCATGATAGATGT,600
CAAGTGTTAAAATAAG,600
CACGGCGCAGAGAAGC,600
GAAACAAAAAGGGATC,600
GAGCTCTGAAAGAAGA,600
GGGCATAGACGCGACT,600
GGTTCGCGAACTGGAA,600
GTAGATACCTATACAT,600
GTCCAATGGATCATTG,600
GTGTTCGATTGTCCTT,600
TAAGGCTTAAACCTAC,600
TACGAGTTCGACGACG,600
TACTTACTCCTCGTTA,600
TCAACAAACTAAAATA,600
AAATAAAGATAATTGG,599
AACATAGCCGAAAAAA,599
AACCGAAAATACAAGA,599
ACTGTTATAATGAATC,599
ATAGCACGTTGATGAA,599
ATCATGAGCCAAGCCT,599
ATCCAAGCCCAAAACC,599
ATGATTTACACCTTTG,599
ATTAAAAGTAAGAGTA,599
CGTCCTCAAAAACTGT,599
CTCACCAGGTTCTGAT,599
CTTATCAAAACATAAG,599
GATTGGAATGCAATTT,599
GCATTATAAATAGTTT,599
GGACTCTTCAGCTACG,599
GGATAACGCCTATTGT,599
GGTAACCGCAAAGTTG,599
GTAACATCTGGCAGAA,599
TACTGAAATCACAACG,599
TATCCTCCATCCATCA,599
TATTCTAATAGTTGAG,599
TCCACTATAACAATTT,599
TCGGCTCTGAGAACAT,599
TGAAAACAAGACACGC,599
TTTATAAATAAAAAGA,599
AAAACGCCCAACAGAA,598
AAACTAATAAATGAAG,598
AACAATTCTCTGAAGA,598
AACGAAGTTAGTGAAA,598
AAGTAGGCAACAATTA,598
AAGTCAACCCCGTCGA,598
ACACCCATATCACAGA,598
AGACTACTATTCAAAA,598
AGTACCCAACTATGAA,598
ATAAATTGGTTGGGAC,598
CATAAATTGTTGAACT,598
GATATGGTTTTATAAA,598
GCTACGACAATCATAA,598
TAGAGCTATAGCACGT,598
TAGCGATCAGATGACT,598
TCAAAAAATTAAAAAC,598
TCGACCTACGTTAGAA,598
TCTGACACTTGAAAAA,598
TCTTTGCCAATACATG,598
TGAGCAGAATCACATA,598
AATTACCCACAACGAG,597
CAAGGCAAAACATAGC,597
CAGGAGTCAGGTCCCT,597
CGTTACAAAATAGAAC,597
CTATGTGGTCCTAAGA,597
GAAAATCCAGCTGATT,597
GATGGAAAATATGGGT,597
TAAACCACATCATGCG,597
TAAATAAAAACTATAC,597
TAGTTGCCATACAACG,597
TGAGTACAAACAAATG,597
TTAACCGCTAAAACCC,597
TTACCCTTTGGCCCAC,597
AACACTGCCTTACCTA,596
AAGGTAAATTGGATGT,596
AATCATCCTAACGACC,596
ACACGGATACGAAAGC,596
ACAGCTGCTACAACCT,596
ACCTAACGCCACAAAG,596
AGTGCAAAAGCTTGGC,596
ATATATTATCCAGTCG,596
ATGAAATAGACGTGGA,596
ATGACCCTCCAGACAC,596
CATGCAAAAACTAGGA,596
CGACTACATATAGAGA,596
CGCGATCCAAAACACA,596
CTAATATCATAGACAC,596
CTATGGACTCAACCGT,596
CTGTTAGCTTGGACCT,596
CTTTAGCGCTTATAAT,596
GAATTCAAATCCAAAA,596
GACCAAGGAGAGAAAA,596
GAGCACTATAATACAT,596
GATTAGAGTGTTACGA,596
GGGCACAAAGATGCCA,596
GGGCGCGACACAGACG,596
GTTCGTGTTTCAGACT,596
GTTCTAGACTGATTGA,596
TCGGAGCTTAGTTCAG,596
TGCTCTTGTAATTTCC,596
TTCAAACAAGTAGCGA,596
AACATTAATGCTACAC,595
AATATGGTCTGCGAAA,595
ACCATAAAACTACAAA,595
ATCAATTAGCACCATT,595
CATCAACTCAAACAAA,595
GAATGGAATCGCCAGC,595
GCAAGCAACGCTCAAA,595
GCGATATTAATAACAA,595
GGAGCGAATAAGTTAA,595
GGATCCTTGTGAAACG,595
GGTTAAAGCGGTCCAT,595
GTTAGTAGCTGATCAC,595
TAAGTTCACATATAAG,595
TTACCCAATCTTACTA,595
AAAGTGTGAGAAACTA,594
AACACCAGGAAGGACA,594
AACGAATGCCGACTAA,594
ACACCTCATTGCAAAA,594
ACCTGATCGCTACAAA,594
AGAGTGAATTGGATAA,594
ATAACACGACCTCGCA,594
CAAACGCAAAATCAAG,594
CACTTACATAGTAACT,594
CTCACTTTGAGTCACG,594
CTCCTAGTACGTAACC,594
GAGCGGTAGAAAACAT,594
GATGAACGACTTTTCC,594
GGCAGATGCCTTGAAG,594
GTCTCCAGAAAAACTG,594
GTGGAAGGATAGTGAG,594
TAAGCCCTAATCAACT,594
TACCAAGAGTGTAATA,594
TATCGGACCGCTATAT,594
TCCATAGATGGTAAAC,594
TTAAGAACCCCGGACG,594
TTAATTCATTACATTT,594
AAACAGTTGGAACACA,593
AAAGGGTCAGGACCAA,593
ACATCGCCCAGCCAGG,593
ACGCTTCTGCACACTG,593
ACGTATACTGTTAACC,593
AGGATTCAGCATCCTA,593
CACACCTGCACAACAA,593
CACCGTATGTTCCCAC,593
CAGTCAGGCCCGAACG,593
CATATCGGAGGTTTGA,593
CCGAAAATGGCTAAAG,593
CCGACTAGTTGTTTAC,593
CGGAGCGCGCGAAGCC,593
CTTTTAATTGCCGCAA,593
GAACATTAAAATTGAA,593
GTCGTAAATAAGCCTG,593
GTTAAAAAAAACCACA,593
TATTGTTAAACTACAC,593
TCAAGCTTGCACTCGA,593
TCATACATATTAGCAC,593
TGTTACATCGCATTTG,593
TTAGCCGTAAGGATAG,593
AAACGATACGCCTGGA,592
ACCCGCGGTACGACAA,592
ACCTAACCACACAGGT,592
ACTTCGACGCAATCAA,592
AGATACTGAAATCAAA,592
AGCTACATATTGAAAA,592
CACACAGATAGAAAAA,592
CGAACTAGGCTATGAT,592
CGGAGACGGACTCTGC,592
GAATCAAGTAACAATA,592
GACGATATTTACGCAC,592
GCGCATCAATCATAAC,592
TATATTCTAGAATCAT,592
TTTTTGGAAAGTGATA,592
AAAATGTAAGATGGAT,591
AAACATAAGGAACTTT,591
AAATGTAACAAACAGG,591
AACAATGATAATAGAA,591
AATCGAACACCCCCTA,591
AGTTATATTACTCGGA,591
ATAACTGTATTAGATT,591
ATAATCAATGATTAAT,591
ATACTAGAAGATGATG,591
ATGACCAGAAGTACCT,591
ATGACCCTCCGGTGAT,591
ATGCCATAAAACCGCG,591
ATTTCGCAGACATCAC,591
CAAACTTCAACAAGAG,591
CACCCCAGTAGATAAC,591
CAGTCGTTTTCGCCAC,591
CCAGTCACCGAAAATG,591
CTTGTCTTCCCCGTAA,591
GAGAATCTACGAATCA,591
GCGCGAAACTTTGGAC,591
GGATCACCACATGCTT,591
GTAAATCCCTAATACT,591
GTTGATTGCAGGTATA,591
TACAAGAAAATAAACT,591
TACCTTAAAGTTACAA,591
TAGATAATCTGGGGGC,591
TAGCATGAAGAATTTT,591
TGTGCCTTGTAACACT,591
TTAAGAGGCTAACTAA,591
TTAATCAATAGAGATC,591
AAAATGGTTTATAGAA,590
AAAGCTATCCATTGCG,590
AATAGACACATGGGCT,590
AGCAGAATCATTGGCG,590
AGTCGCTAGACATAGA,590
CATGGGACCCCATCGC,590
GAAAGAAACGGCCCTG,590
GACCAAAACTTTGAAT,590
GAGAAAAAATAAATAA,590
GAGAGTGTGATTCGCG,590
GAGTCGGACTAAGGCC,590
GGTGGTATCCAAGCGC,590
TAATTCTAAAAAAAAA,590
TATTTCTCCTGAAATA,590
TGCGACATCGCGAGCA,590
AAACTAACCGAGGTAG,589
AACAAGCAATTCTAAA,589
AACGTTCAAGGACCAG,589
AACTACCTGCGTCAAA,589
AAGTCTTGGTGCACGT,589
ACCGCTACGCGCGACT,589
ACTGTAAGCAACAAGA,589
AGATAATAATTTCCCA,589
AGATCATACGACCAAA,589
AGGCCTGTGACAACAG,589
AGGTAACCAGGCAAGT,589
AGTCGTGATCAACCGG,589
ATCTCACAGTCAGGCA,589
CAAAGATAACATAAAC,589
CAATTAATCACAGTAA,589
CACATAGAATATTACA,589
CCCATGTCCGAGGCAC,589
CTAGGTTCGGGACTAG,589
GAACCAAGAAAACTCG,589
GACAGATAACGTATAT,589
GACGTAGTATAATGGT,589
GCAACCATATTAAAAA,589
TAAGAAGATATTTAAT,589
TAGGACAAAGCTCGGT,589
TATGAGACCGCAAATC,589
TCGTCACCGACAAAGA,589
TTCCCCCGAAAATCAA,589
TTTATCCGACATCAAC,589
AAAAATCTCTAATGTA,588
AAAAGTTAATATATGT,588
AAGTAAAGAAACATCT,588
ATCACCTAAGAAAAAA,588
CAAAATGGACCTACAA,588
CACGCAAAAGTGCATT,588
CGAACGACCATAAACT,588
CGCAAATTGCAGAGAG,588
CTGGATTTTGATCTCG,588
GACGCATTAAATCCGA,588
GACTCACCATTAGATC,588
GCAGGCTAGAGAAAAC,588
GCATGAACGCACTAAG,588
GGCCTATATCATTCCC,588
TAAGCACAAATAATGG,588
TAGAACAGTTGCAGTT,588
TGGTGGACAGAAATTA,588
AAACGAATAATGAATA,587
AAATAGGACTGGCGCC,587
AAATTATCCACAATTC,587
ACCGTATATGCCATAA,587
ACGTGATAGCCTCTAC,587
ATTCTATTACGTTCGA,587
ATTGGCAAGTATATCC,587
CAGATAAATGAATAAG,587
CGCGACCAAGAGTTGA,587
CTCCATGTCGATCGTT,587
GAAAACCCACCTCTTC,587
GATATCATATTGTTTG,587
GCTTCTTTAGGCACTA,587
GTACCGTGACATTATA,587
TACGGAATATCATGAA,587
TACTTCGCTAAAAGAA,587
TATGTAACCCTGCACA,587
TCATGTTATCCACACA,587
TCTATTATGAGAGGTG,587
TCTCATATAAATAAGG,587
TGTAAATACAGCAATA,587
AACCTATATTACATAA,586
AAGGCTACACAAGACT,586
ACGTAATATACTAAAC,586
ACTATTACTATTAAGA,586
AGAACCCTAAGCGAAA,586
ATTCTTATCTTAGAGT,586
CAACAGACCGAAGGTC,586
CACACTCCGACAAAAA,586
CACATTTAGTAGCTAG,586
CCAGACCCTCTACTGG,586
CCAGGTTACAGCTCAA,586
CCCATAATAATCAAAA,586
CCTTCGTAGTAGTGAT,586
CTGCTAAGATAATTAA,586
GAAAAGACAAATACAA,586
GATTCAATCCAATTCT,586
GTGATAATGGAGACAT,586
TAACACGTAGCGGAAG,586
TAACGACTACAACTTA,586
TCGTCTTCACAGTAAC,586
TGAAACTTCCCTGAAA,586
TGACCACATCTTCAAA,586
AAATAATCCGAGTACA,585
AATTTCCAAAGAAAAG,585
ACCCCAGTGCAAGTAT,585
ACTCATATGCCCGCAT,585
AGACATAGATTGATAT,585
AGATCACAAAGAACAA,585
AGGCGTACTTCAGAAT,585
ATTGACCCGCTCAGTA,585
CAGACCTCTGTATTCC,585
CCAGAGACCACAATTG,585
CCTTGTATTAGATCTG,585
CGACGATGTTTATACC,585
CTAACCATGCTTGCGA,585
GCAAATGCAGACATCT,585
GCCTAGAAATTAAATG,585
GGTAGGTGCCCGATGT,585
GTCGTCGGATTGAACA,585
TAAGAAAAGGTGATTA,585
TACATCACATGGATCC,585
TACTATTTGTACTGTT,585
TACTTAGAGCTCGTTA,585
TAGGACCGCACTATTC,585
TAGGAGATACTACCAA,585
TATTTAACTAAAGTAC,585
TCGTATAAATTAGACT,585
TGATCCCACCATCTTG,585
ACGTCCTTATCATAGC,584
ATGACAAACTTAACAA,584
ATGTGAAATGGCCTTA,584
CCTTATAACGAACAAC,584
CTGCCGTTCCATTCCG,584
GAACGGAGCTTGATGT,584
GAGGACCGTGTGCGGA,584
GATCGACATGTATCTA,584
GGCATACATGATGGGG,584
GGTAACTAATAAGCCT,584
GGTGAACCATACGTAC,584
TAAATTTATAGTCTGA,584
TAGAAAGGCCAGGAAG,584
TAGAGTATGAACCATT,584
TATATAAAAATAGAGG,584
TCAGCACATTCGATTT,584
TGCAAGCAAGCTGATG,584
TGTAGCTTTAGAAATG,584
TTACGATTTTATCATT,584
TTGCATATCTGACGAC,584
AAGCTCGATGACCCTC,583
ACCCATAAGCTTGAAA,583
CACACATTACAACCGA,583
CGATATATTATTGTTG,583
CTAAATAGTTCTTGAG,583
GATGGAAATAGGCGCA,583
GCTACTAAGCTGCGTA,583
GGAGAAGTCATAATAA,583
GGATCAGAGAAAAGGA,583
GTAATTTTACTACCAT,583
TAATTCATTATAGATT,583
TCATTTGTCAAAATGC,583
TCGGACGATTACCAAG,583
TCTCTTCCGGAGGAAC,583
TGAATTATAAACATCA,583
AAAAAATTTGTCAACT,582
AATATACACACCCATG,582
AGAAGCGCATTAGAAT,582
AGCATTAGGGATGCAA,582
ATACAGAAGCAAATCA,582
ATCCCAATTGTTGATA,582
ATTATAAAATCTCCTA,582
CACCTCCATCTGACTA,582
CATGATGTAAAAGTAA,582
GACAATGAAGCAATAC,582
GATGCGCGCTCCATCA,582
GTATACAAAAGTCTCG,582
TAGGGGTCATAATGGT,582
TCCCACTTGGAAGAAA,582
TCCCATTAGTTTTTTC,582
TCTATCAATATGTGTA,582
TGGTAAAAAAAAAGAG,582
TTACGGGAATGGAGAA,582
AAAACTAATATTCCTG,581
AATCCCCTCCACCACA,581
AATTTCACCTGCAGGG,581
AGAGATGCTCGATCTA,581
ATACCATCAAAAAAAC,581
ATATATTAGGAACACT,581
ATTGCCGATAACCACA,581
CAGGGGAAGCTCGTTA,581
CATATGCCCTGGCAAA,581
CCACATCTTAACATAC,581
CCACGAAGGGTTAGAC,581
CGGATGCCGACGATCA,581
GTAATTCCAACCGGTT,581
GTTACCAAGCATCGGC,581
GTTATCAAGTAATTCC,581
TGCGATAACATGTGCG,581
TTCTATCCTCAAAGTT,581
AATACACCCAGCCTCA,580
AATCAAATGATAACTT,580
AGAGAACCTACATCAA,580
AGCCGGGATTATAAAA,580
CATGCGCAAGACTAAC,580
CATGGAACTTCAACAC,580
CGAAATTAGTACCCTT,580
CGGAAATTCGTACGTT,580
CTAAATTTTTTAAATG,580
CTAACGATAATAGTCG,580
CTAATATTCCACAAAA,580
CTACTAGCATATGGAA,580
CTCAAAACTAAGGATT,580
CTCTTGAAGGCGCGAA,580
GACAGGCAACATATAA,580
GCATAGATACCAAGAC,580
GGCAGAAACGATCAGA,580
GTATATATAAACTGCC,580
TACAAATTTCCCCTCG,580
TACACATATACCAAAA,580
TATGTCTTGTCCTCAA,580
TCACTAGCGTATCGAA,580
TGCAAGATATATTAGC,580
TGCACTATATGTGGTT,580
TGTATGAGGTGAGCGA,580
AATACTTAAGAAAGCT,579
AATTCCCCCGGCGGGC,579
ACATGAAGAATACCAC,579
ACTATATAGGCCTCAA,579
AGCAGCAGGAGGTGAT,579
ATAATTTGGAGTATCA,579
ATAGAAGCCCAGACCA,579
ATGGCCCCATATTGAA,579
ATTAAATAACATCGAG,579
CAGAAATTGTACCGCA,579
CAGTTTCTAAAATAGG,579
CATTATGTAAATCCCG,579
GAGCTAACACTCCTAT,579
GCACCGCATAGGACGC,579
GCGACCACAGAATTTT,579
GCGCGGGGGGCAATTA,579
GCTTCTAAGTTAAGGT,579
GTGCGCTGTGCAATAC,579
TAGATCTTACCTTGAA,579
TAGTCATCGTACTTGG,579
TGGAACTTCACAAAGA,579
AAAGGGGAAGCATTAT,578
AAATTCCAAATATGGT,578
AAGCCTGAAAGAATAA,578
ATGAACTTAAAAGCTA,578
ATGTTTTGAGCCAAGT,578
CAAAGGCTAGGGATAG,578
CAATTAAGCATCACCA,578
CGCGCACAAATAACAG,578
CGTAAAACACTTTCAC,578
GCCCTTGTTGGATATG,578
GTTTATTCCCACAAGC,578
TAGTACGGTCAATTTT,578
TATCTCCACCAAGGAA,578
TATGATCATTCCACGA,578
TCAATAAGGCACAAAG,578
TGCACCAACTGCACAA,578
TGTTAATCACACCCGC,578
TTTCAACCCCTCTAAA,578
AAGAACAAGTCCAACC,577
AAGTGACATAAAACTC,577
ACCATTCAAGTAACGA,577
ATCCACCTATAAAGCC,577
ATCTAACCACAACGAA,577
ATGCTCATCACTACCA,577
ATGGCTAAAAGACCTT,577
CAAGATGTTACTAAAA,577
CACCAATACAATAATG,577
CAGTAATCGACTTAAA,577
CATTATTCTCGATTCA,577
CCCCTGATATCTACTG,577
CCCTGACAGACGAACC,577
GAAGTAGCATATGACG,577
GATATGTCTTAATTCC,577
GCAAATGATATCCAGC,577
GTATCTGATAACTTCG,577
TAATGAAGTACCGATT,577
TGAAAAAATTTCACAT,577
TGAATCCAAACTACAC,577
TGGTCCCTCCCAGTTT,577
TGTAACGGCTGACAAA,577
TTATAATAGCCTGCAA,577
AACGAACAATAACCTA,576
AAGTTTCGAACTTAAC,576
ACAAAAAAAAGCTGGT,576
ACTAAACGCACACAAA,576
AGACCCAATGTTATGA,576
ATGGCAGCATGTTCCG,576
CAGCACCGAATCCAAT,576
CATAACCTATAACAAA,576
CGGTAATTAAGGAAAA,576
CTCCCTTCCAATAATG,576
GAAATTCCGTGAAACA,576
GACATGGTCTCTTCTT,576
GACTAAACCGCCATTG,576
GTAAGAAAGTCCGGAA,576
GTCTAAGCGTCAACAT,576
TACAAATTCCGTTATT,576
TCAAGAACCTTTTATT,576
TCAAGTCAGACCCGTA,576
TCTGTCCTTAAAAGAG,576
TTAACGGTGCTGTAGC,576
TTATATCCAACGATTA,576
AAGATTAACGAAGATA,575
AATCTACGGGGCCCAA,575
ACATAATCATAACAAA,575
AGACCGGATTAAGCAT,575
AGAGTAAGTATCAAGA,575
AGGATAGTTTAAGGAA,575
ATAAAAATAGCCATGG,575
ATAGAAATAACGGAAA,575
ATATAAATACTGAGGA,575
ATGACGCGGTATAATG,575
CCTGTACTTCAACATT,575
CGACGGCAGAATGTGT,575
CGGATCAGCAGCTGGC,575
GACTTTATGCAATTAC,575
GCACGCGGAAATGATC,575
TATCCTATACAATCAT,575
TCCCTGTGTGAAATTA,575
TCGAGCTATGCATCTG,575
TCGTCTCTCACAGATC,575
TGTAACTAGAACTTTA,575
TTAACTCTAAGTCTGT,575
TTCAGTATGGCACTTA,575
AAACAGCAACGACGAA,574
AAACATGATCATCTCT,574
AAACCCAACCCACAAG,574
AACATGCTCGGATCTA,574
AACCATGTAAAAAGAT,574
ACCAGTCCAAAGGCAT,574
AGACACCTCGTCAATT,574
AGGTATATTGTCTAGA,574
ATCACAGCACATGCGG,574
ATTCTAAACTAGTCGG,574
ATTGAATTACTGAAAG,574
CAATCGAAATAGTGTC,574
CCGTTTTCGGTACCGA,574
CGGATAATTAATGGGT,574
GAAAAAGAACCTAACA,574
GACTAAAGATTGTCCA,574
GAGACTAACTAAGAAC,574
GGAGATACCGAATAAC,574
GTGGCTGCTAAAGACA,574
TAATTTATAAAATCAT,574
TCTACAAATTTGCAAC,574
TTGTCCAGCAACAATC,574
AACGTACGTTCAGAGG,573
AAGAACGGAAGAGCAA,573
AATAGCTTTAGTGTTG,573
AATGAATTTTGACCAT,573
AATTAATATAATGACT,573
AGATATCTTGTTTCCT,573
AGCCATGACTTCCAAA,573
ATACTCTATAAAGATT,573
ATAGGAACCCTCCTAC,573
ATATAACAACGAACCT,573
ATGTCTCCTACAGAGA,573
CATATGACACGTAACA,573
CCAGCCAACGACCTGA,573
CCGAAACTAAATAAAA,573
CGGCCGGACCGAGCGT,573
CTAATGTGCAGTCGAG,573
CTCTCCACAGACTTAA,573
CTTCAATTCTCAAATT,573
GATTTGAGACAAAGCT,573
GTACATCATATAGTAA,573
GTCAAACAAACCGCTC,573
GTGCAATAAACATCTG,573
TAAAAATCAATTATGT,573
TACTGCCCTGAATTAG,573
TTCACACGGGTTATGA,573
AAACATAGAAAATATC,572
AAGACTACTTCAACGA,572
ACAGAAAGTTACTGGA,572
ACCCTTAGAATAATAG,572
ATACTCTAAGATTGAG,572
ATATGAGTAACGTTAT,572
ATCAATGATAAGCTTA,572
CCAAGCCTTCTCGCGC,572
CCAATGCGGTAAGCTA,572
CCCAGAAACGTGCAAG,572
CGGCATTTACTTCCCC,572
CTCAATTTTATGCACG,572
GGAATTGAAGGACCAT,572
GTTACCGATTATTTGT,572
TAACCCGAAGTAACGC,572
TATAAAGTGCACCGCA,572
TATAATCTGGAGCTAT,572
TCATGAACTCGATCCA,572
TTCCTATTACTATTTT,572
AAACGAGAATAAGTTG,571
AACAGATTATTTAATG,571
AAGAAGGGCAATTAAA,571
ACAGGTCGGAATACGA,571
AGCCCATCCAATACAT,571
ATTTTAGGCCGTATAC,571
CAACCACCCGCGATAA,571
CAATTTACACATTGTG,571
CAGTGGTGGAGGAAGC,571
CCATTAGAGTGCAAAC,571
CTGTGCTTGCGGACAT,571
GATCTGACGACAAAAT,571
GCAATTCGCAAAGAAA,571
TGATTGCGCAAACCCC,571
TGCTGACCACCCTCAA,571
TTAAAAATTGCATATT,571
TTACTATGGGCAGAAA,571
TTCCTATAGCCTTAAG,571
TTTGATCATAGGGGAA,571
AAATCATAAATGAAAT,570
ACTACACTTAACTTTG,570
AGCTCAATGGCTCATG,570
ATTAATATTAAACGCA,570
CACGATAGAAAATTGA,570
CAGCGTTGTTATTACC,570
CAGGGAAAAACGTTCA,570
CCGACAGGCAACCTAC,570
CGATAAAAATAAGTAA,570
CGGAAAAGTTTGGAAA,570
GAAATAAAGCATAACA,570
GGACATAATGAGTGCA,570
GTATTAATCTACGTAA,570
TAACAATCTATCGCTC,570
TCGAACAAATGAATAG,570
AAGCGAAAAACTTTAT,569
AATAAGAAAGACTATA,569
AATGCGGTTTTACGTG,569
ACCATAAATTTGGACT,569
ACTGTAAAGTCTTACA,569
AGAGAGCTCATCCGCT,569
AGATACCTCAAAATGA,569
AGGTCTACTCGCTCGA,569
CACTTGAGAATGACCC,569
CCCCCCACGCCCCATG,569
CTCATATGCGATCTCG,569
GATAAGTAATCAGAAT,569
GATCAAACGATATGCG,569
GCCACAGTAGACAATG,569
GCTCAATGTATCGCAA,569
GGGATACATTAAAATG,569
GTATAAACACAAAGGG,569
TCGGTTTTATATCATG,569
TGACTGATATAATACC,569
TGCTTTTGCCATAGGT,569
TGTCATGAATACTAAT,569
TTAGACGCAAGTTACA,569
TTTGGTAATCCATGAC,569
AAATTATACAGAAAGT,568
AACATAATATTAGAAG,568
AATCGCACAGTGTCGG,568
ACCAACCAAATGCTAA,568
AGATCAAGTGTACTTC,568
AGATCAGATAGCCACG,568
AGATCTTATGCACCCA,568
ATAAAAAAAAGTTCGA,568
ATCGACCAATCCGTTC,568
ATGAATCTGTTGAAAA,568
ATGACACACTATCTTA,568
CCGAGAAATTCACAGG,568
CCGTATGAATGGTATA,568
CCTCATGAACTGCGAC,568
GAGTCATTCACCACTT,568
GCAGCTGCGCAAGTGC,568
GTATTTGTTCAACTTA,568
TAGGCTAACATGTTCA,568
TCAATAAGACCGTTAG,568
TCGTACACTATTTAGA,568
TTTTCCGTATCGTAAT,568
AATGTATTCAGTTGGA,567
ACATGTTTTCTTGAAC,567
ATAACAGAGTAAGAAC,567
CCCCGCAAATATCATA,567
CCTCAGTCATCCTTAT,567
CTATAATCATAACACC,567
GGCAACAAACATGTGC,567
TTCCACAATTATCCGA,567
AAAATCCACGGAAACA,566
AAACCAGGATAGAACT,566
AACAGTCAATGGAACT,566
AACATAAAGATTACAG,566
AACCCCAAGGAATAAA,566
ACAGCTTTAGCAAAGA,566
CAAGTTAATAAAATCA,566
CAATTCGCGTCCTAAC,566
CATACATGATTGTTAC,566
CCTAACGACCACACAG,566
CGAATCTATCACAGTC,566
GTCTAAAATCTTCAAT,566
TAGGGATCGGATCAAA,566
TGAGAACATTTAGGCC,566
AAAAGCGAGCAAAACC,565
AACGAATTTTAACAAG,565
AATACGCCTCATACTT,565
AATCAGTCAAAAAGCC,565
ACCTCCGTAAGAACGA,565
ACTGGGGACAAATAGT,565
ATTTATTCCATAAACT,565
CAATAAGTAAGCCTAA,565
CCATATTACTAAAGAA,565
CCGTAGAAATCCGGTC,565
CGATAACAAATAAAAA,565
CGCCTCTATATTCGCA,565
CGTAGAATATACAGCG,565
CTAAAAGAAACGACAT,565
CTATCTGACATAACCC,565
GACAGCATCAATCAAT,565
GACTTCCGTTCAAAGT,565
GATATATGCAGTTCAG,565
TAATGTCAACTAAAGA,565
TACACATTCATTGTAC,565
TAGAATAACCCACCAT,565
TCAAACCCTACTGGCA,565
TGCAGTGGATCGAAGT,565
TGGAGGCCTAAGTTTT,565
TTATCATGCGTTTACT,565
TTCTACACATGAAGAC,565
ACACAGATAGGCAGTT,564
ACAGAATTGGGAACTT,564
ACAGCTATGGATAGCA,564
ACATGACAGAGGCCGA,564
ATTACGAATTACTCCT,564
ATTACTGTTTCCTCTC,564
CAAGTTAGCCTTACCG,564
CGATGACGGCCTCTGA,564
CTCCCACAACACTACT,564
CTTAAACAAAAACTTC,564
GACTCCGTCCTGGGTA,564
TAATAAGCGATCACAC,564
TCGGTGTATTAGCAGT,564
TGAGCCGTAACATAAA,564
TGTAACTTTAGTAGAA,564
AATCGTTTTTGATGTA,563
ACGCCTAATATGGGGT,563
AGAGATTTCTATAAAA,563
AGTTGCTAGTTAACTT,563
ATGTCTTAAAATTTTC,563
CAACTGATTATTTTCC,563
CCTATTGATCATACCC,563
CTCCCCACCCATATCA,563
GAAAAAAAAACCACCG,563
GAACGAACAAACCACT,563
GACAACAACACAGATG,563
GCGCGGATTGTTAACA,563
TGCATATTTACCCAGG,563
TTGGTTAATGTTGCCT,563
TTTAAATAAACAAAAC,563
TTTAAATATTACACCT,563
AAAAAGGAAAAATGGT,562
AATCCCGCTCCTGCAA,562
AATTAAAGAGACGAAT,562
ACACAATCAAACTAGA,562
ACCAATTAACACAACA,562
ACCGCTTACATGATTG,562
AGTTGCGTCTAAATGG,562
ATACAAAAAGGATTAG,562
CAAATCCAATAGTACT,562
CCGAGAAGTAGTTACA,562
CGATCACAAAGCCCGT,562
GCGAATAATTATTACC,562
GCGCCCTGGATAGCTA,562
GCTCAATTTAACAAAA,562
GCTGGACCACGAAACT,562
GTTGTATTAATAGCCG,562
TAAACCGACTTAACGC,562
TGCCGAGTTGAGCATG,562
AAACCATTACAGTACA,561
AACAATCACAAAGGAG,561
AACCAACAGTTTAAAT,561
AATAACTCTGTCCTAC,561
AATACGTCTTAATAAT,561
AATCTCAAATATCGGA,561
ACACTAAAGAACACAT,561
ACGGACTTCAGAGCTT,561
AGACATTAATCATGCT,561
AGGTATGCTGGTAAAC,561
AGTTCAAACGGTCCCA,561
ATAAAAAGTACAATAC,561
ATAATGGAACATACAC,561
ATATACTATAAGACGT,561
ATGCAAACTTAACCGA,561
ATTACGTGTTACAACC,561
CAGGTCATACCAGAAC,561
CCCCTAACCTGAAATC,561
GAGGAAATAAATGGCG,561
GATATTGGACCAGATA,561
GCCATATGTACAGAAT,561
TAAGATTCCGGGAAAA,561
TACCCAAGCTAAAGCC,561
TATAGCACGCTAATTG,561
TCAGGCAAAATACAAT,561
TCATTAAGAGTGTCGA,561
TCATTGGCCATCAGGT,561
TCGAAAACTTAAACTG,561
TGAAAAACCCAACTCT,561
TGACGATAAAATGCAT,561
TGCTAATAGGCAGGAA,561
TTATCACTGTAATAGA,561
AAACAAAGTCAGCTTG,560
AACAAATACCAGGACC,560
AGAGGATATCGAGTGA,560
AGCAATTGCATGGACA,560
AGTTCTTGTTTAAGAT,560
ATCTGAGCTAAAGCAG,560
CAAAGGAAACGGGCGA,560
CATCAGATTTTACTTT,560
CATTTACCCTAACCCG,560
CCATACCTCAACATTG,560
CTCCCTTAGCCAGAAC,560
GGATAGCGGAAATAAC,560
TAAAGTGAACTTATAA,560
TCCGCTAATGCAAAAT,560
TCTGTCTAAGGAATAA,560
TTGGAATCTCGAATGA,560
AAATTACACTATCAAG,559
AATAACTGTTGTGTTT,559
ACCACCTGAAGGAGTA,559
ACCAGGACATAGTTAT,559
ATCCCTGAATTAACAC,559
CAACGGTGGATTGAGG,559
CACTTGCAATAACAGT,559
CAGCACGCAGGGTGGC,559
CATGCATTATCCGGAT,559
CCGTGCTAATATGTTG,559
GCAGTGCACATTAGAG,559
TCACAAACCGATACAC,559
TCGAAAATAACTGTGG,559
TCTAGGTTTATTTTAA,559
TTACTACCCAACCCAA,559
TTCGCCCCATTGCTAA,559
AAAAAGGGGCCAAAAT,558
AACAACTACGATAAAT,558
AATCACAAGATTCAAT,558
ACTTATACATGAATAA,558
AGAGCACTAAAACGTC,558
AGTCTTAGGCGCGGAA,558
ATAAATTTAAATTGAA,558
ATTGACACATGTAATG,558
CATAAATAAACTCATC,558
CCAGTGGAATATAACA,558
CCTCAAAACAACAACT,558
CCTCAGTCAATTTCGT,558
CTAAATTCGGTTAAAA,558
CTATACTATGTTGAAC,558
CTTAGGAGAGGCAAAG,558
GAATCTCAATCTTACA,558
GACAAGGGCGTGGGTG,558
TAAAAACCTAACTGAA,558
TAACTCAGAATATGGA,558
TATCAAGAGCACAAGA,558
TCACCAGGTGAGGTAT,558
TCCATCCTTGCACTTG,558
TGTTCCCCCACATAAT,558
TTCCGCTATAGAACAG,558
AACGTTTTGGTTAATA,557
ACAGTTGAGAAAAATA,557
AGACATGCTACATGAG,557
AGGCCATTTGCAATAA,557
AGTCTCAACAACGCTA,557
ATATAAAATAATCCAC,557
ATATTTCAGACCATAT,557
ATGGAAGTCCTAGCCA,557
ATTTGAGTACCCGCCT,557
CACCCTTTAAAAATAT,557
CAGAATATCTCAATTA,557
CGTTGCTCCGTCCACT,557
CTGATAAAGACGCATA,557
GAAAACATACAACTTA,557
GACATAAAAACCTCAA,557
GGATCAATCAATTACT,557
GGGCCATAATCGGTGC,557
GTTTAATACTCTTTCT,557
TATAACTTTGGGCCCG,557
AAATCTACAAAAATGG,556
AACAAACTCTTGATTA,556
AACAGTGTAAATCATC,556
AACCCGTATACTAAAA,556
AACCTTACGACTCACT,556
AACGTCTGTTATGACG,556
ACTCCTGAAGTTGTGC,556
ACTTCTGAGTTTCCAA,556
ACTTTAGCAAAGTCAC,556
AGACAGAGACCGAGGA,556
ATATTCCGCACGCGGA,556
ATGAAGTAATGAAACT,556
ATGACAAGGGACCGAA,556
CCACAAAAGCAATGAC,556
CCATCGATGTACTTCA,556
CGATGAGGTAATCCTT,556
CGGGTCCTTCCGTATG,556
CTCGACAGGAAATCCC,556
CTGTAACATTCGTTCA,556
CTTTAAAAAAAACACA,556
GTGGCAACGTCAGATC,556
TAAAACTATAGTCGTA,556
TACACATGAGGTAGAT,556
TATCGACAAACCAACA,556
TATTCATCAAATAATT,556
TCCCGACCATCCGGCG,556
TGATAAACATAACTTA,556
TTAAGGCCCTACGGCG,556
TTAATTTAAATTATAA,556
TTCAAACTGACCTCCA,556
TTGGTTAACGTACACG,556
ACAGACAGACTGGTAG,555
ACAGGAGGCACGACAG,555
AGTTTACCCCATTTTG,555
ATAACTCACCATCATA,555
ATACCCACTCAACTTA,555
ATAGCGCCCTCGTGTC,555
ATGTCCTCAAACAAAC,555
ATTGATTAAATTACAC,555
CACTGCTGATCTTCGA,555
CATGGTAACCTGGTGC,555
CCAACTTTACGGAATT,555
CGATTAAGGAAATAAA,555
CTTAACTTATTCGTAT,555
GCATTTTAGCATCGAA,555
GCGAAGCTACTGGACT,555
GTACCGAAAATTAAAC,555
TACAAGTGCTAGACAC,555
TATAAAAAATTCGAAA,555
TATCTCCGGTAGAAGT,555
TCAAACAAAGAAAGAC,555
TCTGGAACTGACCAAA,555
AAACCAGCATAATCTT,554
AAATACACTCGAGAAA,554
AATCATAACCAGAAGT,554
ACGACATCTTATTAAT,554
AGACAAAAATTTAAAT,554
ATCCTCCATGATAGTC,554
ATGTAACATAACAGCC,554
ATTAGCTGCCGGATCC,554
ATTTTATTTCAGGCAC,554
CGCCCAATGTACGAGG,554
CGGGCGCGCAGTGTTA,554
CTATCCCGTTAAAGAA,554
GCAAAATGACAGCGAA,554
GCCGGTCATAACATGG,554
GCTTATAGACAACAAA,554
GTATACATCAGATCCG,554
TAACAAGGGTGACCCT,554
TAATAATCCCGCATCC,554
TACCCTTTGATGACAT,554
TATAGAAACGGTCGAA,554
TTAGACACACGGAAAC,554
TTATCAATATCAATAA,554
TTCAATATGACCTTCT,554
AACATAGTTGCCACCG,553
AATTAGTAAATTGAGA,553
ATAATTCTAAGACTCG,553
ATCAAACCCTGCAAAC,553
ATGGACGCAAGGTTAA,553
ATTATCCGTAGAGGCA,553
CAAACAGAAGGAAATC,553
CAAAGGTAGTTGAAAC,553
CAAATAATGATTACGT,553
CACAAGCAAGAATTGC,553
CATGCACATATGCGGA,553
CCGTAAAATCCAGTAA,553
CTGATACGGAAGCACA,553
GAACTAATAAACGAGC,553
GAATTTCCAATCTCCA,553
GATACAACAGAAAAGT,553
GCAGTTTTAACGGTCT,553
GTACTAGTGGACAAGG,553
GTCAAAAAATTATACC,553
TAAGAAGATAGCAATA,553
TAGATGAGTCATGAGC,553
TATAAAAGATAGGACC,553
TATTGTTGGGCAAACC,553
TCTAAAAACTTTACAA,553
TTAAGTGACCTCATGA,553
AAAAAAAACTTAACAA,552
AAATGTCCCGAATCAT,552
AATGAAGATAGCACCT,552
ACCGAAGTTCCAAGAC,552
AGATCTACTTGGCAAA,552
ATCATTTCATCTTACA,552
CAACTATTAACGACCA,552
CGAACGCCAATTACAA,552
CTCGACTAGGTCACGT,552
GAATACGGGATGTTTG,552
GATGCCTGACGATGTC,552
GCAGAAGCGCAACAAA,552
GGGAATAAGAGAGGAA,552
GTGGCTAGTTATACAG,552
GTTCATTCTCAGAAAA,552
TAAAACATCACTCTCC,552
TCCTAGGGGTGTGATT,552
TCGTTCATATCAACTG,552
TCTCCAACCACTGAAA,552
TGCATACTAAGCATAC,552
TGCCATTAGAAACGCA,552
TTAGAACGTAAAGTAG,552
AAAGAACAATGCGGAA,551
AACATAGAAAATGACA,551
AATTACAATAATGTGC,551
ACGTTAAGACACTCCG,551
ACTCATTAAAGGTGTC,551
AGAGTACAAGAACAAT,551
AGCCATTGAATCTGGT,551
ATAAACTTTCGATGAA,551
ATTAATATAAAACATC,551
ATTATTGGAGCTCTTT,551
ATTTTATTCGGTTGGA,551
CAACTAACAGGAAAGA,551
CACGTCAACAGGTCTA,551
CCGCTACTAAGGTGCC,551
CGTTATGGAAAAAACT,551
CTCTAGCGATCTAATT,551
CTTAATGCTCCAAAGA,551
GAGAACCGGAAACGCA,551
GTGTCCGATATTGTAA,551
TACGTACAAATCTTAA,551
TAGCAAATACTATCAA,551
TAGTCGTTTTCAAAAA,551
TATACACAACCGTTTC,551
TATTATGAATAACGGC,551
AATATTGGTAACAAGA,550
ACCACGAGAAATAATC,550
ACTATGATGATTCGAT,550
ACTTGGATTGAAGCAA,550
AGCGAATCACAAGCAC,550
AGCTTACGCTAGACGT,550
AGGTGACAGTATTGTG,550
AGTGCAAAGGGTGTCC,550
ATAACCCATCAGGACG,550
ATATACAAGTTTACTA,550
ATGGTAACGTGTAACT,550
CCACGTTCCAGTCACT,550
CCCTCACGCTTATAGA,550
CCGCTACAATCGGACG,550
GACCCACCTGTTTTCT,550
GGAGAATGAGTGACAA,550
GGGACAGTAACCAAGT,550
GTTAAGAAAGTACATT,550
TAAACAAACTCCCTCA,550
TAAAGATACGGCCTGC,550
TCTCGAAGAATTTGAG,550
TGAAAACACTTCCAAA,550
TTTAGCGATCATACAC,550
TTTTAACCAGTTGAAC,550
AAGATCCCTGCAAGAT,549
AATGACACACTCATAT,549
AGCAGACGGGTGGACG,549
ATGATAATAAACCAGT,549
ATGGTCTGATTTACAA,549
CATACAAACTCGAACA,549
CATTGGTAAAACAAAA,549
CCCCTGGTACCCATAT,549
CCTAAGTTATGTACTA,549
CGTAAACTTTCGGTCC,549
GAATCTGCTTGGAGAC,549
GACGAAGATAGTGAAA,549
GAGCCCGAACATTCCC,549
GAGTATAAACACTTTA,549
TAAAATTTAGAGTAAG,549
TAGAGGCCGATCCTTC,549
TAGGCCGGAGTTGCCA,549
TCTTATGATCCAAGCA,549
TGGAGCCACCAATATT,549
AAACAGTAGGTATAGA,548
AGCTCCCTTGGCAGTG,548
ATATTCCGTTACCGTC,548
ATGATAAATTCACGTA,548
ATGTCGATTCTAGGTT,548
CAGACTAAGAATCACG,548
CAGTATGCGTCTCAGA,548
CCATCCCATAACTCTC,548
CTGTTACTACAAAAAA,548
GAACCAATCGTGGTTG,548
GACTAGGGATCTGAAA,548
GATTCATCATCCAGGA,548
GCATGCCCTAACACGC,548
GCTGAAATGAACTAAA,548
GGTTTTGCTTTCTGAT,548
GTATTTTACGGATAAA,548
GTTTGTTTACATAGCT,548
TATTATGAAAATATAC,548
TCAGAGGCGGTACCAG,548
TGCTGATAAAATGACT,548
TTGTTATCATGTTCGG,548
AAAATTCGAAACGTAC,547
AAACCAAGCTATAATT,547
AACTGGAGAAGCGGGA,547
AATAAAGGGAAATGTA,547
AATTGCAACCGACGCG,547
ACGTAGAACAGACATA,547
ACTCATCAAATCCCAA,547
AGACGATGTCAATTAG,547
AGTATTACTATAGTCA,547
ATAAGGAGCAATTATA,547
ATGGCAGAAAGCAGTG,547
CGACAGTTCCATGTCC,547
CGACCTAGGATCGGGG,547
CTCAGCAAATCGTGTT,547
CTTCCTGACATGCATA,547
CTTTGGGTGAACAAGC,547
GAAACGACCCCTAAAA,547
GCCACTGGAAAAACGT,547
GGGTGGCCACCCCCCG,547
GTCGACAAAGCATTGA,547
TATAAATGACGCTTCA,547
TATAGTCTAGTCTCTA,547
TCATATTTGAGATAGA,547
TCTGCAAAACATAGGA,547
TGAAAATCAAACACAG,547
TGCTTTCACTAATGAG,547
TTAAACACCAATACTA,547
TTATCGGCGCAGATGA,547
AAAAGCTCGGAATACG,546
AAAATAACAATTATAA,546
AAATTATGATGTAAGT,546
AATAAGTCGGATGCAA,546
AATAGCCTACCTAAAG,546
ACAGTTATCACTACAC,546
ACGGAATAACTCACGT,546
ATAAGTAATTACCCAG,546
ATGGCCGATATCCCAA,546
CAACATTGTCCTCGTT,546
CAATACGATAAACCGA,546
CAGCCCAAAGAACGGA,546
CTAACAGAACCACCAA,546
GAATATGGTATAGAAT,546
GACCGCTTAAAATCAC,546
GCATTGACAGCCTTCC,546
GTAATTACGAACTAAC,546
TACTGTAGGAAGCGAG,546
TAGATTAAAACTACAC,546
TCTCCAATAAAGTAAC,546
TTGGCTCCCACAAAAT,546
AAATAGTACTGGGGCT,545
AATGGCCGGTAGATGA,545
ACAAGAGAGACCGCTA,545
ACACTAGACAAATCAT,545
ACCGGGACCAGCCGGG,545
ATATAAAGGACTGAAG,545
CAGCACACTATCGCAT,545
CTCAAGGTTTACCTTT,545
CTCGTGCACTAGCATT,545
GAACCGTACCACCCCA,545
GACTAGAATGATAGTC,545
GCTGGTTGCCTTTAGT,545
GGCTTAACCGAATTTC,545
GGGCGACAAAAGAGAT,545
GGTCGTCACCTGCTAC,545
GTCCCATTAGGTTTTA,545
TCCAAACATGTACACG,545
TCTACATTGCCAAAAA,545
TGATCCACCCCAGAGA,545
TGCAATGCCCGGTGCA,545
TTAATGCATTGTACCA,545
TTACATGACTAACCAA,545
TTGGATTGGGATAATC,545
AAACTTTAATTTTCCA,544
AACCTATTCCGTTCGC,544
AACTGAACTATCGAAG,544
AAGCTCGAACAACGCT,544
ACCATTGCGGTAATGG,544
ACTATCAGATATAGAA,544
ATTAAACCAACAACCT,544
CCCAGAATCCACATAA,544
CCCATCTTATAAAGTT,544
GACTGTAAAATTCTAA,544
GATAGTGGACAACACA,544
GCATTGTTCCAACATT,544
GTGCAGTCAATGGGGT,544
TAATCATTGCTATGCT,544
TACCGAAATAAAGAAT,544
TGGCCACTAATACCAA,544
AAACCCTTGAGATTCC,543
AAATTATCACGGTTCG,543
AACACTGTTTGCACAA,543
AACCTACTGCTAGTTT,543
AATTAGAAAACCCCTT,543
AATTGACAGGCGACAT,543
AGCATACAACAAAACA,543
AGGCCCTTAGGGCATC,543
CAACCGTAAACAACAG,543
CACATGAACTGCAAAA,543
CATGAAAGTAGATTGA,543
CGAGCGAAGTAAACAG,543
CTAAAAAAATAACCTC,543
GTGCCAAACCTGCTGT,543
TAAAAATACGGGCTAC,543
TAAGAAACATGCCTAA,543
TACCAGTAAAATATAG,543
TAGCAGGCTACGTCAA,543
TATTCACTAACACCCC,543
TCTACAAGGAAAAACA,543
TCTTCGGGAATATACG,543
TGTAAACGTAGGGCAG,543
TTAAATCTACGGTAAC,543
TTACAGGACAGTGACT,543
TTAGACATTAACAGAT,543
TTGGAAGACCTAACAA,543
AAAACAAAAGATTCGT,542
AAACAAACTACAGACA,542
AAGTGTACTACATACG,542
AATTTACAAAATCGGG,542
ACAAAACCATAGTAGT,542
ACAGAAGCCGTAGACG,542
ACTGATAGAGTTGCCT,542
AGATAATCTTGCCTTG,542
AGCGTTTGAATACCTT,542
ATCCAGAATAATACTT,542
CGTACAACCTTTGAAA,542
CTAATATTCATACGAC,542
CTCCGAACAAACATAT,542
GAATAAACCACCCTAA,542
GACCTATGCTTTTGAG,542
GACTATATAAAGACAG,542
GATACAGGCACTGCTG,542
GGGGTGATCAGTGAGA,542
TAACCGTCGCTTATAG,542
TCTGACCCAACTATGT,542
TGAAGCATGAGTTGCC,542
TTACACTCCATGGTAA,542
TTGTTGGAATTAATAC,542
AATAACTGAAGAACAG,541
ACTAAAAGAAACCTTA,541
AGAATGGAGCAGTTGA,541
AGATGCCAGATCTAAT,541
AGTCAGTTGACAGGAC,541
AGTGTATTAAAAGCGC,541
ATAACGGGCATTAATA,541
CAAGAAAGTCCTCAAA,541
CAATTCAGAATGACAC,541
CACAACGCAATAAAGC,541
CCCGAAATTCCTGGAC,541
CGGACAAGGAAGAATC,541
CTATTTGCATGCAGCG,541
CTCCTTATCTGTCAAA,541
GAAATAACAACTTGAT,541
GAATGCCGAACGACAA,541
GCCGGCCTAGGCGCGA,541
GTACAACCCCGCACAA,541
GTGACGTACTCCCACA,541
TAATAGCTGACTATCT,541
TACGATGACATGGTTA,541
TACTCTTTAACTGCAA,541
TACTGGCCGACCAGGC,541
TCACGAGAAAGTACAA,541
TCTGAGTTTCCCCGTA,541
TGTATCTAACGTGCTA,541
TTGAGCCGCTGACTGG,541
AACACCAAGTGTCGTT,540
AACTAAATTTTATGAG,540
AACTGAGTATGCAAAA,540
AAGGGCTTAAAAAGAT,540
AATAGACGCCATAGGC,540
ACATGTATGGGCCAGC,540
ACGATCACCAAGCAAG,540
ACGGTTCGCACAAATT,540
AGCGCTCAGTGTATAA,540
AGGGAACCGGACCACT,540
AGGTTAAACAGCTACC,540
ATAAGCCTAACCTATT,540
ATATCGGCAGCAACAG,540
ATCACATATTGCAAAC,540
ATTAAGCGTACCTATC,540
CACACAATAATTCTTG,540
CACGAAATATCCACTC,540
CCATCTCTTCAGTTTC,540
CCCATGGAATTGAGAT,540
CTATACAACAAGCTAA,540
GAAATTACTCACCCTC,540
GCATACATGAATTTTC,540
GCGCGATAGGCGAAAA,540
GGTAGTCCAAAAATGT,540
GTAAATGCAATTATAA,540
GTACACGAGTTGGCCT,540
TCCTGAAACATGTAGA,540
TCGGCAAATCTACCAA,540
TGCAGTGACATATAGA,540
TGGAACTTAATCGTTG,540
TTCGATAACGTGTAAT,540
TTTCTCAACCCTACAA,540
TTTCTGAAACCTTCTC,540
AACAATACTGGTCCCG,539
AACACCGTCGGATGGA,539
AAGTAAAAGCTACATC,539
AATATCGAAAACAGAA,539
ACAACCAATAGCAAAT,539
ATGTCACCATGAAATG,539
ATTAGCCTTTTACATT,539
ATTTAGATTAAAAACA,539
CAAGCAGTAAACTGTT,539
CCGCCCAGGACCATAT,539
CGTTGGCTCATGCTGT,539
GAATGAAACAATCCTC,539
GGTTCGAATATAGAAC,539
GTGAATATATATAAAT,539
AAAATCAGAAACTCAA,538
AACTAATTGATCACGA,538
ACCATCTTGTTAGCTG,538
ACTATGGGAGTATACG,538
ACTGTTCAGATTTACA,538
AGATATTTACAGTCAT,538
AGATCATGAAGCACCG,538
ATCCAAGAGTAGATTC,538
CACTTCATATTTAAAT,538
CTACTTCCATGTCATA,538
CTAGATCACAGTTACG,538
CTGAAACCAGGACAAC,538
CTGATGACGAAGACAT,538
GAAAAAAAATCCATAA,538
GAGAACAATGCGCTCA,538
GATTGACGCAGTGCGT,538
GCACGCAACCCATGGT,538
GCAGAATCTACGCAGA,538
GCCCAATTCCGATGAC,538
GGACAAAACATCCAGG,538
GGAGTGCATAACCCGG,538
TAAAGAAGTTTTAGAG,538
TAACCCCATGAAGAAA,538
TACAAGCTATACTCTG,538
TCAAGCAAGATATTAT,538
TCACGTGGCATAAAAC,538
TTAGGGCCCAGAGGCT,538
TTGAACATCCACTTAC,538
AAAAAAATTACAGTGA,537
AAAAATATTATGGCAA,537
AATAAAAAGTCTCGCT,537
AATATGAATAACCTCA,537
AATTTTTATATCGGGA,537
ACACCGAAAAAAGACA,537
ACACGAACTAATAGAG,537
ACTAACGAAGAGCGAC,537
AGAATCCGTTAGGGGA,537
CGTAAACAGACTCGGA,537
CTATCTTTAAACAAGA,537
GAACTTACACGTGAAC,537
GAGCCAGACGGTGTTC,537
GGTTTCCAAGAATGTA,537
GTCATCCAACCTCTAT,537
TAAAATAGCACGTAGG,537
TAACGTTAGTATGGAC,537
TAGTACCACCCTCTGG,537
TTATAACATAGTTTAA,537
AACACCTAAAGACACT,536
AATAAGAAACACCTAA,536
ACGAAGATAAGATCTG,536
AGAACAATAGACATTG,536
AGCACCAAAAAGTGCA,536
AGCCAGCTGAACGGGA,536
AGGAATATACATATAA,536
ATGACCGCTCGTAACT,536
CCACACAAGAATCAAA,536
CCCACCTATTCCGAAC,536
CTTTAATGGAATTTAA,536
GAAATCAATGACCAAC,536
GAAGTTATCATACGAA,536
GATACAAAACGACCTA,536
GCTACAATAAGAATAA,536
GGAGCCATCGAATAAT,536
GTCCAGGCAACATCGC,536
TAATAAACCCATTCTA,536
TCGTTAGATAGCTGCA,536
TCTCCTGAAGACGCAG,536
AAAAAAATAGGTGAAG,535
AACCGAGCTTTATAAG,535
ACTTAGAGTCTACACG,535
ATACCTAACGAGTTAC,535
ATATAAACGCGAATGG,535
ATATTGCACTGCCACT,535
ATTTCCCAAGCTATTA,535
CCTTAGCAATTCACAT,535
CGAACGCCGCCAAAAT,535
GAAATGCTTCTCGATG,535
GATCGACGACCAAATA,535
GATTCAGTCTAAATCC,535
GTTAATGACGCAGACT,535
TATAATCAAGGTTGCC,535
TATGAAAAAAAAAGTA,535
TATGAACCCCACGTCC,535
TCAGGTCTAATTAGCT,535
TCCTCCATAAGATCTG,535
TTGTGAAGTATGTAGG,535
TTTACACGAATTGCGG,535
AAACAGTCTCTATTAT,534
AAAGCCAGATAACTCA,534
AATCTTAATTATTAGT,534
ACGCTAAATGAGAACC,534
ATAAAAGGAAGTCGGT,534
ATCTCAGAATCAAAAT,534
ATGAATACTAGGACAA,534
CATGGTACCGTGCCAA,534
CATTTAAGGATTGCAA,534
CCTTATATCCCATTCC,534
CGGGTCTAATGATAAC,534
CGTAACACTCGTAAAC,534
CTATCTAATATCATAA,534
CTCCAGTAAAACACTT,534
CTGACGAGCTAAAAAT,534
GCTAAACTGATATGAC,534
GGAGACCGAGGCATGG,534
GGTTGTTATACAATAA,534
GTATCACGTACAGAAC,534
TAATTAAAACAGCTTC,534
TAGTTAGGTTATAGAA,534
TGGACCAAGACGAAAT,534
TTGAGAGGGCCACAAA,534
AAATCAAATAGGTACC,533
AACTAACACAAATCAA,533
AAGCGGGTCATTCTCA,533
AAGGGAAACTCCAGCG,533
AATACTAAGGTTACCT,533
AATCGGCAGACTTAAA,533
AATTACTAAACTAACA,533
ACAAATTAAGAAGCGG,533
ACAGCCACGCCTATAG,533
AGGAAATTTTGATGAA,533
ATTAATTCTATTAAGT,533
ATTGCACCGAGAAGGT,533
CACTAATTCTCGACGT,533
CCAAAGAATCAAACTT,533
CCCTCATCAAAAATGT,533
CGGTTTAGAAGTATCG,533
CTACACATTGGTATTG,533
GCTAATATAAAAACAT,533
GGATTAAGAATAGGAT,533
GGCAAATCGGATTAGT,533
GTAATTCGCTCCATGA,533
GTACTACACAGTTGCC,533
TAGAACATAATATAAA,533
TAGCACTCTTGATGGA,533
TCCCATCAAAGCTCAT,533
TCGCCGGACGTAGCTA,533
TTGACGCAAACTCTGA,533
AAAAACATTCTTAGAC,532
AAACGAGTTGGGGATG,532
AAGCATTAGGTAATAA,532
ACCTAATCATACCACG,532
ACGCCCCAATTCAGTC,532
ACTAGAGAAAAAAAAA,532
ACTATAGGTATAACAT,532
ACTTAAGTAGTCATAT,532
AGCATAGCTATCAATT,532
ATCACGCCGATATAAA,532
CAAATCATTTATTGTG,532
CCAGGCCAAACGTAAA,532
CTATAAATTAGACCCT,532
GAAAAAAGTCGACCAT,532
GCCTTTAATCTGCGAT,532
GTCTTTAACACCATAC,532
GTTGACTTCGAAGGTC,532
TACAGCTGATAAAACC,532
TACCAAACGAAGACGG,532
TATACTTAATGCTGGA,532
TCGTAAAATAGATCAC,532
TGCAAAGTTAAGGTAC,532
TGTCCAGTTTCAAATC,532
TTAGGACGAATAAGAT,532
AAAAATATTACAAGAA,531
AACAAACTACTAGGGA,531
ACTATACCAGACGATG,531
AGTTCCTTACCGACTA,531
CAGATACTCGAATTAG,531
CCATGTACGCTCATAT,531
GTGAAAAAAACTACTG,531
TCCAAAAGACCCATAA,531
TCTCATAGGGCTCCTT,531
TGCGGGAAGTTATATC,531
TGCTTCTATAGTACCG,531
TTGCAGTATGCATTTG,531
AAAAACATTATGAACG,530
AAACCCTAAAACGTAC,530
AAATCAGGACTATGCT,530
AATGTATCTAAGAGGC,530
ACATAAAGCCGGGGAG,530
ACCTTGTATTGACCTC,530
ACGTCATCTATATACA,530
ATATAATGCATAGAGG,530
ATGGTTAATATTAAAA,530
ATTGATTGGTTTAAAG,530
CAATGACCCTTATGCG,530
CCAGACCCTTTAAGAT,530
CTCAGTTGTGTTGTTA,530
GGCACGGCAGCGCCAT,530
TACTCCTCACTTGGAA,530
TCCTAAGTACCTCATC,530
TTAGCAACGAACCTCC,530
TTCAGACCTCAGGACC,530
TTGCTAATTTAAAGAG,530
AAAAAGCCACCATATC,529
AAAAGAATAATGCAAA,529
AAATAACCACCGCTGG,529
AAGGAACAAGAGCATA,529
AATTCACTCAATCTTA,529
ACGGAAAAGATTCTCC,529
ACGTATACAACGAGCC,529
ATACAAACAGTCTAAT,529
ATCACATATCTCTGTC,529
ATCCCTTAAAAAATGC,529
ATTGCTTTACTCCAAC,529
CAAAATTAGTCAGATG,529
CATATGAGATTGAGTA,529
CCCGTAGATCATGCAT,529
CTTCGGCTAATCCACG,529
GAAGCTACAAAAAGAT,529
GGTGAGGTTACAAATT,529
GTCAGTCGAACGCTGT,529
GTCCCGGGGGCTCGAT,529
TAACGCCCATAAGGAG,529
TACGGAAATATAGGAG,529
TGCTTTTGTAAAACAT,529
TTAAAATTTAGTCTGC,529
TTCAAATTATTGGCCC,529
TTCAATCCATAAATAC,529
TTGACGCACAGGAGGA,529
TTTCACCTGCTTTGGG,529
AACCCCGGTAACTGCG,528
AATTCAAAAACATGAT,528
ACCAAAAAAAAACTCA,528
ACTTTTTCATATCTCA,528
ATAGTATGAGGACACC,528
ATCCTACCAATAGAAT,528
CAAAGAAAAATTATTT,528
CAATGGCTAAATGGAG,528
CACACATCGAAAATAC,528
CATTATCACATATGGG,528
CCAAGGCTGTCGGACC,528
GAATGGCGTAAAATAT,528
TAAATTTTCAAGGTTT,528
TACAATAAGCATGGTA,528
TCACAGCATGAAAAAT,528
TCACTTGACTCATTCC,528
TCTACTAAACTCGCCC,528
TCTGTTTAATATATTG,528
TGAAATAGACACGTCA,528
TGCCACAGGAGGACCG,528
TGCTCAAGCGTATTAC,528
TGTACTGTGAAACACG,528
TTAAAGTATGACCCTA,528
AACAAAAAGCATTAAA,527
AGAATTCCAACTACTA,527
CAAGGAACGACGTCTC,527
CACCATAAGATAAACA,527
CACTTTAACTTCTACG,527
CATCTTAAACCCTGAC,527
CCAGTACTTATCTCCA,527
CGATCTCCATAGCCTA,527
CGGCAGATTTCTGCGC,527
CGGCAGCATATCCTGC,527
CTCTAGATCATTAACA,527
GACAAATTTGCGACAC,527
GATTACTCCAACAGCT,527
GGGTCATAGGTACAAA,527
GTCTACGAACTTACAC,527
GTGATCCCTTAATAGA,527
TAACTTTATTCCTTAC,527
TAATATTCCAACACTA,527
TACAACTAAGCCAGGG,527
TACCGTAAGACTCACC,527
TCTTATCGGACCCTAC,527
TGAGTGTGCGCTTTAG,527
TTAATCAAGACACTAT,527
AAAAGTAGCGCTGTAG,526
AAAATCGTCTAACATA,526
ACCTAATCGCTGGGTA,526
ACTCTAATAAACAATG,526
AGAAACAAGACCCTTC,526
ATATACGCCCTATACC,526
ATCTAGTCACTAAGTT,526
ATGTCAAAATCAATGA,526
ATTGTAAGCTGACGCA,526
CACGTTGCGGAACAAA,526
CATAAAAGATATAAGA,526
CGAATAGTAAAATGCT,526
CTAAAAACCCTTCCCT,526
CTAACTAAACTTCTCT,526
CTTTGAAACGTATAAA,526
GAGTATCCTGCTAGGC,526
GTAGTAACTTTATAAA,526
GTTCTTGCCAGATCCT,526
TATGCGTTTGCATACG,526
TCATGACCACAAAAAA,526
TGAGAATGAGAACTTA,526
TGGAAAATAATGGATG,526
TTAAATACAAGACATT,526
TTATTAATACTGAACA,526
AAAACATAAAGTCCGA,525
AAAGACATCATAATAG,525
AACAAAGCTCTCGTGA,525
AACATTTTACAGTTGA,525
AACGTTTGATAACCAA,525
ACGAACGGACCACAAA,525
AGACTGTAAACGATGC,525
AGATATCCATACTAGG,525
ATAGAATGCAGAACGA,525
ATATAAGTACAACACT,525
ATTGTGTGATCATCTT,525
CATAACACAAATCGAA,525
CCATCGGGGCACGCCA,525
CCGCAAATATAAAACT,525
CCTAACATCTCATCCA,525
GAATTCACGAAGTATT,525
GACAATAGATATACAA,525
GCTAAACGCTTGCACG,525
TATACAAGAACCAACA,525
TATGCATAACAATAAG,525
AACCACTAGAGGACTC,524
AAGTGAGAAGAGACAA,524
ACAACTTCTGGTTACT,524
AGTCCCATTTGATTAC,524
ATTCGAGGAAGATAGA,524
CCTGCGGTTCGCGCTT,524
CGCTACCCTATCTGGC,524
CTAACGCAACGAAACC,524
GAGAAAAACGACATGT,524
GATAAATTCTAGACTG,524
GATCACCACTAGACCG,524
GCAGATGCGGATATTT,524
GCCAAAAAGATAGTAA,524
GCGGTAACTAAAATAG,524
GTTACGTTTGTTCTAT,524
TAAACGCTTAAAACAA,524
TAAGAAAAACCCAACA,524
TATCTAAACCGACGTA,524
TCGAAGAATAGCGCAA,524
AAAAATGACTAGAGCA,523
AAGAATATATAAAAAT,523
AAGAGGCAACCGAAAC,523
ACAATAAAACATCCAT,523
ACATCCTCTCAGCACG,523
AGAGCCAAAGAATGTT,523
AGTAGTGATGCTTGGC,523
ATTAAAACACCGTCCT,523
CAACATCACGCATTAC,523
CACCAAGTTAGCAGAG,523
CCCAATAGTATTCCAC,523
CGGGTGGCCTACCAAT,523
CTGTAAGCCTGAAGTG,523
GATTAACTGGCAATAA,523
GGGCGGGCGGACAAGG,523
TAAAAAAATGCAGAAC,523
TACCCAAAAATTTACT,523
TTTGGATCGAAAATCA,523
AAAAATTGAGATGCGA,522
AATCAATAATTAACCC,522
ACCGGAAACTCACTCC,522
ACGTAGATAACAAATA,522
AGTGTCTAAACAATGA,522
CACCCGGACCCCGTAC,522
CACGAACCCAAAATAA,522
CAGGTAGCCGAACTCC,522
CATAGCAAAATATATA,522
CGACAACAATGACCAA,522
CTAGCGGTATCGGTAC,522
CTCATCAAATACTAAT,522
GAGATTGCTACGCCAA,522
GCGTGTCTGAAATCGA,522
GCTCTGCCAATAGTCC,522
GTGAACTTAACACCGT,522
TAAAATTTAAACTACG,522
TAAAGTGGTTGTCCGA,522
TAGACAGAAAATTAAT,522
TATAACTAAACATCGA,522
TATGACCTCTATTTAC,522
TCGCATAAGGCATCTA,522
TGAAAATTTTACATTT,522
TGCTTATTTAACGCGA,522
TTACGCAGGGCTAATT,522
TTGATAAATATTTTAC,522
TTGGAGACTTATCACT,522
AAACTTGTAAACCTCA,521
AACAAATTAAAGAACC,521
AAGGGGAATTCTATCG,521
ACATTAAATTCAGCGC,521
AGCATTCAAACCAGTT,521
ATGCAATTAGCCATGA,521
CAAAAACTTTATCTAA,521
CACCACATTAAAGGCT,521
CATTTTAGCCATCCCT,521
CTAACGACATTAAGGG,521
CTGAACCCACAAATGA,521
CTGTATATGCTCCAAT,521
GACACGGGATACAAAA,521
GACATGATCCAGCTAG,521
GATCGCATGAAGCACA,521
GCAAAGGAATATGGAA,521
GCCGGGACAAAAAAAA,521
GGTGGTATATATCGTA,521
TCAGACCTTATGCGTA,521
TTATTATTATAATTCA,521
AAAGAATATCCTATAG,520
AAGATTAATATTTTAA,520
AATACTGCCAACAAGT,520
ACTCCCTCTTGAAAAG,520
ACTTTACCATAGTTTA,520
AGTATAGCATCCATTC,520
ATACTACCAGCTCACT,520
ATATAGAGTTGTTGAA,520
ATTACAAAAAGCTGGA,520
ATTAGCTTCACGACGT,520
CAACAGAACGGTTTAA,520
CACCCTGACTACTTGC,520
GAAAGAAAAAAATAAC,520
GACTAATACAAAGGCG,520
GCAGTAGTAGCTACAT,520
GCCCTGTTGCCCTAGA,520
GTTAAGACACGTACCA,520
GTTAATACCCCTAAGC,520
TTGACACACTGATTAG,520
TTTCTACTAGGGACTG,520
AAAGTACGTAACCCAA,519
AAGCAATACTACATTA,519
AAGCAATGTATACTAC,519
AATAGTAAATAGAACA,519
ACATCTATTACTTAGG,519
ACTAATGTACACCTGG,519
AGAATGAAACACATAC,519
AGCTTTAATCAAATCT,519
AGGAACCTCGGATTTT,519
AGGACAGGAGCCTCAG,519
AGGACCTAACAAAATA,519
AGGCCATTTTCACATT,519
CAACCACGCTCTATGT,519
CACTTTATACTAATTA,519
CAGAGATGGAATAAAA,519
CATGACTAGGTGAAGA,519
CGAATTAGTTTTGCAT,519
CGCACTGCAGTGTTCT,519
CTGTAAAGGGCGGTGA,519
CTTCGAACTAAAATGA,519
GAAATAACTATAAATG,519
GAGAAACGAAAAGATC,519
GAGACCACGACTATTG,519
GATAGTTAGAAAGAAA,519
TGAGTGCTGAAATCAC,519
TGATGGGTATAAATAT,519
TTAAATCCCTATTGTA,519
TTATATGATCAACTTA,519
TTTAGTCGTGAGATCA,519
TTTGGAGATAACCGGG,519
AATAACATATCAGCGC,518
AATTATTGCAGATAAG,518
AGAGGCAAATTAAGTT,518
AGCGCTTAGCATTACG,518
AGCTCTAGCGGTCAAT,518
ATCGTAATCAAAACGA,518
ATTCTCTACTCGCGAA,518
CCCCGTGGGATTGTAA,518
CCTTAGCTGATGTTAA,518
CTTTTAATGAAGAGCA,518
GAATGATTATGGGCCG,518
GGTCCCTGAGTAGATA,518
TAAAGTCCAGAGATAC,518
TAACTAGTTATCCCCA,518
TCCGCGAGCCAATCGA,518
TCCTATTAGTACGAGA,518
TGACCCATACGTATAT,518
TTGAGGAACCCACTGA,518
TTGCGCAATTCTGGAA,518
AAACGTGAGGAAATTA,517
AAGAATCTCGAGTTTT,517
AAGTAAAACAAGGCAA,517
ACCTTAGGCGAAGGAA,517
ACTCATAAACCTCGCA,517
AGGTGTATAGGCACGA,517
AGTGGATGGGGTTACG,517
ATCGCAAGTAACCGCG,517
CATTAAACGAAGTGAC,517
CCAATCCTATCCGACC,517
CGATACGATATTGAAT,517
CTACGATCAGTAAACG,517
CTTCCGATTCTAACAA,517
GATTTGAAAATAGAAT,517
TAACAGCCAATCATAA,517
TATCAGTTGCTAAGCC,517
TCAATTATTTTTTTAT,517
TCCACCATACGCAATA,517
TCCTAATTTAAGGACA,517
TGGTAGCGTGATACAC,517
AAAGCTTACAACAGTT,516
AAATTAGGAACTTACA,516
AACTTGAGAGAGTTAT,516
AATTATAAGTGCAGTC,516
ACAAATTAACATAAGT,516
ACAGAATATTTCATCT,516
ACCCCCAATTCGATTC,516
ACTCAAATGAAAAATA,516
ATAAAACTACATTAAC,516
CAAAAGAGCAATAGTA,516
CACAACTCTGGTAATA,516
CATATTAGGACTCAGT,516
CCACGCCATCTAGAAG,516
CTTATGCGCTTTAGAC,516
GACAAACTAGACTAAA,516
GGAATCAGGAGATTAA,516
GGTAACAGCCAAGCAA,516
GTACAACACTGAACAT,516
GTAGGAAACTATTAGA,516
TAAACATATTGCCAGC,516
TAAGCCGTACTTATAT,516
TAGTAGAACCGACTGT,516
TATAAAGCACCAGTTG,516
TATTAACCAATCCAAC,516
TCATAAAACTTAGGCG,516
TGCCCGCATAAAGACA,516
TTAAGCTAACAAAGTG,516
TTCCGAGAGGTCAAGT,516
AAACCGACGAACGAGA,515
AACCAGAATGTAAGGG,515
AAGTATCAAATTTCCA,515
AATGGCATTTTGATAT,515
ACCCGAACAAAGTCTA,515
ACGTTTGAAATACCGT,515
ACTGAAGAAAGACCTT,515
AGAGTCCGCACTTCAG,515
AGCCTCCATGTCATAA,515
ATAAGACAGAGAGTCA,515
CCCTCGATGTATTTAA,515
CCTTCACCAACTACAG,515
CTAAGCCAATTACTAT,515
CTTAAAATTGATTAAA,515
GAACGTGTACTCCGGT,515
GAGGAGCGTTCGCAGG,515
GATCCAAATTTTTTAA,515
GCGAGGATCCGAGTTG,515
GCTTGTTAACAAGTAC,515
GCTTTACTATCTCCGA,515
GGAAAACTATATAAGC,515
GTACAATACCTTCCAA,515
GTGCTTTATGATATTC,515
TATCGGAATGCGTAAG,515
TCCCGAAAACGCATAA,515
TGCATTGCTATGTTTA,515
TGTTATGAGCAATAAC,515
AAGTAAAAGCGTGGTC,514
AATATCATATCACGTT,514
ACTCAAGCCTAGCACT,514
AGCATCTGACGCGATG,514
CAAACGTTCCATGGCC,514
CGACGATTCTCGAAAA,514
CGTAGCGATATCCCCT,514
CTCCGAGATGTCAATG,514
CTGAGTACAATCCTAC,514
GAAACAGATGGAGCTG,514
GCAAAGCGAATTTACT,514
GGTGCGGACTGATTAT,514
GTACTGAACCTGGACT,514
GTTAACAACGCCGGGA,514
TAGTGAAGGTCGAGAC,514
TTTCGTAATCATAAAC,514
AAAAAAAAAATGTTCT,513
AAAAGGCATCCAAACC,513
AAAATAAACTTTATTG,513
AAACAAAGTCGTAAAT,513
AAGCAATGGAAGGCCG,513
AAGTATTAATTCCCCC,513
AATTGATGAGAAGCGT,513
ACAGTAACCTGACATA,513
ACATAAGAGCATAACC,513
ACTATTAGCGATCATC,513
AGTAGATGGCTGAAAT,513
ATAACCCCTTTCCGAT,513
ATATAAGGTGCCCATC,513
CACATAATCAAAAGGG,513
CCGCATTATCGGGACT,513
CCGGATCAGAAGCACT,513
CGGCATACTAAGATAC,513
GCCAGTAAATATACAG,513
GTAAGCAGAAGTCAGG,513
GTATTTGCAAGGAAAT,513
GTTAACTACCAAAATA,513
TAGTCAAACAAAACAA,513
TCGATAGACCCCCAAC,513
TCGTAACGGTAGACCA,513
TGGAAAACAAAGCAAA,513
TTAGAAAATGTAAAAC,513
TTCAAAGTAACCTTAC,513
TTCTAAAGACAAGGTA,513
AAACAAGCATATTACA,512
AAACCGCAATAATTAA,512
AACTATATCTAAAACA,512
AATCCCATTTTGTCTT,512
ACACAATTTGCTTTGC,512
ACTACTAAAAGTGTTA,512
ACTATGATTATAGTAG,512
ACTGGAAGACTAGCAA,512
ATAGAAAAATCACAGT,512
ATCACCTTTCATATTA,512
ATTAGACTTGTAGAGA,512
ATTGAGTCAAAAGTGC,512
CTGGAAATTAAGGTAA,512
GAAGCTAGACAAAGAC,512
GGAAAGTTTGCGATAT,512
GTTTGGTACTAAGTTA,512
TACTAATAAGCTAACA,512
TAGCTAAATCAACTCC,512
TATGAACTTTAGAGTG,512
TGCTGCAATTATGAGC,512
ACACCAAGGTTTCGGT,511
ACCATCGAGGGATTTA,511
ACCTATGCAACTAGGA,511
AGAGTGCAAAATATTA,511
AGCGTAAGCAGCAAAA,511
AGTAACCCTAAAACCA,511
ATCGTATTGTATCGCG,511
ATTGCATAATAGACAT,511
ATTTGGTTAAATGACC,511
CGCCATAAGAGATATC,511
CTATGGCTTTATTACA,511
GACAATGTCGAACATC,511
GCTGGAATTTCTTGGA,511
GGAACTTAAGTAAAAT,511
GGACGAGTAACACGAC,511
GGGTGAAAATCAATTC,511
TACTCGAAACTCGAAA,511
TGGGACCAACTCCTAT,511
TTCTTTCAAAGAAAAT,511
AAAAGCACACTCAACA,510
ACTGACCATAAAATTT,510
AGTCCAACCGAAATCC,510
ATACGGTAGTTTTTTA,510
ATACTTGGTTAGGAAT,510
ATCTGATAACCGCAGA,510
ATTTCTAATAATTTTT,510
CAAAATACAAGCTCAC,510
CATCAGAGTAACAACA,510
CCAGCAACGTCTCATA,510
CGACTTGACGTGCGGG,510
CTCAAAGCCGTTTTGT,510
CTTATATTCAAATACC,510
GATAGAACTTACTATA,510
GTAACCGACCGTAACA,510
GTACCATGTAAAACCC,510
GTGTTTTACCACGATT,510
TAAATTTAGGCAGCGA,510
TATGTCAACGGAATAG,510
TCCTACAAACCGCCCT,510
TCCTCAATCTCCGAGT,510
TGAAGCAAAGCAATGT,510
TGCTAGCCCATTTGCC,510
TGTCCAAAATGTATAA,510
AAAAAACTCTGTATGA,509
AAAATCTCCTGCCAAT,509
AAATTTACCGATTATA,509
ATAAAAACAAAGTCTG,509
ATAATGATCCGGAGAT,509
ATATTTGCAACTTACA,509
ATTGTCTAGTGCATTA,509
CAATGCCCTCAATAGT,509
CACTCACACATCAGTA,509
CCAACTTATATCATGG,509
CGACAAACAATTTAGT,509
CGCATAGCTTCTACGA,509
CTAAACAGCCAACGGA,509
CTAGTTGAGCGACTTA,509
GAAATAAATTGGAGCA,509
GACGAACGCAAGCACC,509
GGAACACATCTCGGTC,509
TATGTATTAACCGGGA,509
TGCAAAACGCCGACTC,509
TTATATCAGGGGACGA,509
TTCAAACAAAACGCCT,509
TTTACACGTAAAATAT,509
AAAATATAATAAAATA,508
AATCATGAAAAAATTT,508
AATCCGCGACCAAGAT,508
AATTGACCAAGAAACC,508
ACTTTTACCAAATATA,508
AGGTGTCACAGCTACT,508
ATACCAGATAGACTAC,508
ATCGCATATAACAACT,508
ATGCAATTGACTACCA,508
CATGAGAACATCCATA,508
CGACACTTCTGAGGAT,508
CGAGCCGATAGAATAT,508
CTACAGCGTCAGATAC,508
GACTCCTGGTCTCAAC,508
GTCTTCTGCCGGCCAA,508
TAAACATCCGAACCAA,508
TAATACTTTCCCTCCA,508
TGTCAAACTTTCAGCA,508
TTCGTCCATAGACAAT,508
AAAGGTAACACCTCAC,507
AACTCCCCGACCGGTT,507
AAGACTGCCAACTGTT,507
AATGTTACAACAAATG,507
ACCGAATGAAATTCGA,507
ACGATCGTACTAAATC,507
ATACCTGCTATCCTGG,507
ATAGCCTGGTCAATGA,507
ATGCTACTGATAGCCT,507
CAAATTAGGGTGAATC,507
CAATCAGAATAATCCA,507
CCCTTAAAAAAACGAA,507
CGAAAAAGACCATTTT,507
CGAGATAATGTGCCTG,507
CTCATAAAAGAAAGAC,507
GCAGCACCCGTCAAGC,507
GCCACTTTTCGTGACG,507
GCTATCTTGACTAATT,507
GGAACCAAAAGATAAC,507
TCCCATTAGTTTGAAA,507
TCGTCGTTAAGACAAG,507
TGATGTTCACCGAAAT,507
TGCGAACTTTTTCGTA,507
TTAATTTAAACCTAGG,507
TTCCCAAACGTTAAAA,507
AACGGGAACTGTTAAA,506
AGATCTGTAACAAGCT,506
AGTTTCCCTTGGCCAC,506
ATCGACAGAAAACCTA,506
ATTGCCACACCCGATA,506
CAAAATGAGATCCTTG,506
CAAGAAACATTGACGA,506
CCAAAAGCAATCCGCA,506
GAAAGCAAAAGTCGTG,506
GCTTAACACCTAAACA,506
GGACAAATAGTTACGG,506
GGATGTCCTGGGTCAA,506
GGCTGAGAAAACGAAA,506
TAAACAATAACCTTGT,506
TAAATATAAGCAACGT,506
TAATATAAATCTCATG,506
TCACTCAAAATTAGCG,506
TCAGCTGGCATTAAAG,506
TCCGAGACCACGACAA,506
TGCGGGCAACCCCTAC,506
TTCAAAGACACTTGAT,506
TTTATGCCCGAAAAGT,506
AAGTTTAACCGAGTAG,505
ACCTGGATGGGATGAA,505
AGGCACTCCCAGACAC,505
ATATGCTTATGACGTA,505
CACAAATGAATTGCCC,505
CATATGACCAATTAGA,505
CGAAGAAGAACAACCA,505
CTTAATGATCGAGAAA,505
CTTTCATATAGTTAAT,505
GACGCCCGAATAACAA,505
GCTGCTTAATGGACAG,505
GTGACCTACAACATTA,505
TAAGGAAATCAGAACC,505
TAGCAGAACTCTAGAT,505
TAGTCACCATACTCGA,505
TATCTGATTGAATAAT,505
TCTATTATATACGTCA,505
TCTTCACGTCAATCAG,505
AAAAAAGAATCTCTTA,504
AACAAATATTATGTAC,504
ATACTTTTTCGAATCC,504
ATCATCCCGATCTATA,504
CCGGGAAGACAACGAC,504
CCTCCTAGGACAAGCA,504
CTCTTACATTCCCCCA,504
GAGCGATTCTTAAATA,504
GCAGGCACTCGTTAGG,504
GTATTAATATAGAACT,504
TACGTTCAGTACGGGC,504
TAGTCCTAAAGCAAGT,504
TTAGCATATCAAATGG,504
TTAGCCGTAGAAAATA,504
AAAAAAGTTCAAGAGG,503
AACCTAACATTGCACC,503
AACGCCTGAGAAATAC,503
AACGTCGATCAAAAAA,503
AATTTCACCATCTAGC,503
ACCCGCATCACTCTCG,503
ACGCAGTTCCAGGATA,503
ATAACACTGAAACAAA,503
ATATCACTGGCTAATA,503
ATCAAAAAATGCCAAC,503
ATTCCAAAGAGTTCTA,503
CAAGATTGGGAGATCT,503
CACCATATCCAATTAT,503
CACGAATCAGAGGCGT,503
CCGGTGAATTACGTGC,503
CTATTGACCTACCGGA,503
GAATTCAGACCGTTTT,503
GCACCTAACTCCAGCA,503
GGTCCCTCATTACAGC,503
GGTCGTACAAGCACTG,503
TACCGAAAATGAAGTG,503
TAGGGCATCAATAACA,503
TTGTCTCACTATGAAA,503
TTTAACTCTAACCTTA,503
AAAACCAGCGCTACAG,502
ACAGTCCTAATACTAA,502
ACCCTGTCGAATAAAT,502
ACTTACGAAAAAAAAA,502
AGCAAAGTAGTTTCTA,502
ATCATTTACGCCCTCA,502
ATCGACACTCAAGCGT,502
ATTCGGTCAAAAAAAA,502
CAATAGAACAACTAGC,502
CGGCGTATCAATATTA,502
CTGTATAACGAATTAT,502
GAAAATTAATGCGTAA,502
GAAACTTCAATTAAAC,502
GAAAGTAGAGTAAAAA,502
GAAGCAACGCACAAAG,502
GAAGTAAATAGAAACC,502
GACGTTTGAATATGGA,502
GCAGAAAACGCCAGCC,502
GGCTTAAAGAGGGATT,502
TATGGTGGCGAGATAG,502
TGCACGTTAATGGGCA,502
TTCGCGTTGCGATATA,502
TTGCGGACACTTGTGA,502
AAACTCTAAGCCGGCG,501
AAGTTTCATCTTTCCT,501
AATGAACTAGGTATGG,501
ACAGCCCCCAAGAGAA,501
ACCGTAAGACAAAAGC,501
ACGGAAACGGGGACAA,501
ATGACCGAACTCCCTG,501
CAATAGAAGCTTTGGA,501
CACATGTCTAATATTA,501
CCAAGAATAACACCTC,501
CTAAACAGACTATCCT,501
CTGAACCCTAAGGTAA,501
CTTTATTATGCCTAAA,501
GCCCTTAACTCTTAAA,501
GCCGAATACTAAAGAG,501
GGAAATAATCAATAGG,501
GGTGTCCAATTCTCGA,501
GTCGATGACGCCGAGA,501
TCGATAATAATGACAG,501
TGGCTACAACGGAGAT,501
TTCAAAGGAATCCAAC,501
AAACTATCACAACAAA,500
AAATATCAATTCCCTC,500
AACAAATGAAAATTTT,500
AACGCAAATTATGAGA,500
AAGACTATATTTAAAA,500
AATAACCCTACAATGT,500
ACCAACGTTTCTTCAA,500
ACCAATACTACTTATT,500
AGAAGAAATGTAAACA,500
AGCATGAACTCCTCTC,500
AGTTGAATTAAAACCT,500
CCGCATTGTTAAAATA,500
CCTCTAAAAATCTTCG,500
GACACCCGAAGGACCC,500
GATCCATCCAATATTC,500
GGACTTGTTGGTTAGA,500
GGCGCTGCAGATAATC,500
GTATTAGATTTTAAAC,500
TGCTAACGGCACTAAG,500
TTATATACATCCGTCA,500
AAAATATCCTGACCAT,499
AAGACCAAGGGAAAAG,499
AAGTAAATACTTGTCT,499
AATATGACCAGTTACA,499
AATGCCTGAAGTCATC,499
ACAATTCCCGCGATTA,499
ACTAAATTAACCGCAA,499
ACTGAGAGAAGCATAA,499
AGGAAAACACAGCAGT,499
AGTGACTGGCTATCCC,499
ATAACACTTAGTAATG,499
ATATTACACCTGGACC,499
CACTTGGCTTCCGACT,499
CCAACCCAGAGATTAA,499
CCGCTCAAATTTGTAT,499
CTCCTCTTAGGTACCT,499
GAAGTGCGACCATTAA,499
GAGTACCATATGATTC,499
GATAAAACGAGAACGC,499
GTCTAAATAGCGACAG,499
TAAAGGGTTGAAACTT,499
TAACCGAACTCAATTA,499
TAACTCTTTTTGCAGA,499
TACGGCTACAAAAGGA,499
TATAATCGATCCTGAC,499
AAATGATGTAAAAGGC,498
AAATGCATCGGGAATA,498
AAGCACAGAACTGCTC,498
ACAAGCGTATTGTAAA,498
ACGTGTTTTGATGAAT,498
AGCCATAATAATTGAA,498
ATCAGGGTTCATTAGA,498
ATCTTAAAGGCACAAT,498
ATGATGAAGAAAGATA,498
ATGTTAAAGAAGTAAT,498
CAAAACTCATACAAAA,498
CAAAGACAAGAATAAG,498
CATAGAAGATCAATTA,498
CCGCGTAAGCACTCTG,498
CCTAGCCTTAGGGCAC,498
CGTGAGCATAATACTC,498
CTGTCCAGACTTCCTT,498
GCCCCCACTAAACCAA,498
GCTCAAGCGATTTTCC,498
TAACTCGTACCAGGGA,498
TAAGTTTGCCCATACA,498
TAGCACGACGAAACTT,498
TATAGTCCTGGCCCAC,498
TATTCTGCCGAGTCAA,498
TCAACTGTACCCCATT,498
TCACAACGTTGGATAG,498
AAACCGTTAATCCTGG,497
AACTTATCGAGCCATT,497
AAGTATAACGGACTCG,497
AGCTTAACAATTGTCA,497
AGGGAAAGCTATCATT,497
ATAAATATTTTGAGCT,497
ATGTCAGAGACTTATA,497
CAACAAGGGACTTATC,497
CAAGAGGAACGCGACA,497
CAATAAAACTCAATAA,497
CCAGATAAAATATTGA,497
CGCCTTAATATATTTT,497
CTGAAACCACCAGATG,497
GAAATGAGCGCACAAG,497
GAACGATATGGCTAGA,497
GTAGTACTAATTAATA,497
TAAGTGTTAATAGTCC,497
TACGCCTTGTTAACGC,497
TACGTATAGACAATTT,497
TATGTGTAAAAGTAGA,497
TTATAGCAGGAGCTAA,497
AACACAACTTAGGCCC,496
ACTACGTTCTTTTAAT,496
AGTCCCTTGCAATATA,496
ATAATAACCTATCTCT,496
ATTCCCCTATTGACGC,496
CAAGTTCAGCGAGAAT,496
CACATCTTTAAGTATT,496
CCTAGCATCCTTTGGA,496
CTAATCAGTAGAATGT,496
CTCACCACCAGCGTAT,496
CTTCCTAAAAGCTAAC,496
GAAAAAATGATGAAGA,496
GGGAACTCAACTAATA,496
GGTACAACATGTCGTT,496
GTCCGAGACGAATACA,496
TACGGTCGAATAGCCA,496
TAGCTGATATAACATA,496
TATGACGATCTGAGAG,496
TCATAATAGCCGCGGT,496
TCCACCGCTATGTCGG,496
TGCCTCAATCGAAAGC,496
TTCTGCTTTAACAGTT,496
TTGAGTATGTAACCTA,496
AAACTAACTCAAAGAG,495
AACTAAAAAGCGAACT,495
AATAGGAATTCATAGC,495
ACCTAAGACACTTACA,495
ACGTACGATCCGCGTA,495
AGCTACGATGACATCA,495
AGGATATGAGTACCCA,495
AGTTTACCACTAAGCC,495
ATAAAACACACACTCC,495
ATCTATGAGCTGTACA,495
CACTGTGGCTACGCAT,495
CAGAATCGTCAAACCT,495
CAGACGCAAAGCAAGG,495
CCCGTTACAGAACTAT,495
CTGAGTTAATCTGAAT,495
CTTATATAAGTGGCAT,495
GACGCGATTATAAGTT,495
GATCACCGTGAGAGAA,495
TACGGAGATCTGACCA,495
TCATCGCACTCAGAAG,495
TCTGTGATGAACCTCA,495
TTAGACAAGGTCACAC,495
AATTAAACGACAAAAG,494
ACACCCTAACACATCA,494
ACGCTAAAATAACGAT,494
ACTGAGATTATGAAAT,494
AGATCAACTCATGACA,494
AGTAGCCACGATTAAT,494
ATAAGACATCATATTC,494
ATCGGCGGAAGAGGTT,494
CTCATTGTGACCTAAA,494
CTGGAAAAGGTCACCG,494
CTTATTGTAACCAAGA,494
GAATTAGAAAGAAAAA,494
GTACTTAACGAAGAGC,494
TAAAATATACAGGGAC,494
TAAATAAGCCCCTGCC,494
TAGAACTTGAATATAA,494
TATAAGAAGTTATACC,494
TCACTATTGCAATGCG,494
TGAAAACTGTATACGG,494
TGACAACCCATTGACA,494
TGTTATACTTGAACTA,494
TTTCTTACGATAAGCC,494
AAGACTCCTCTATTGG,493
AATCTGCTAACCACGA,493
ACATGGATAGTGTGAA,493
ATAGAGTCTTAAATCC,493
ATCATATAATCACCCC,493
ATCCAATGCAAACTCG,493
ATCGAAGCTAAAGGAT,493
ATGTCTCGAGTATAAT,493
CAATGCTAGGCAAATA,493
CCACTATTTGATCGCC,493
CGCAAACCTGTTCGAG,493
CTCGCCCCGTGAATCC,493
GAGGGCACCACGGATA,493
GCCAGCGACAGCGAGT,493
GTAAGAATCGTATTTT,493
GTTAAGAATGAACTGC,493
TAACATAACAATTTTT,493
TCTCCACCAATTTATT,493
TTGAAGAAAATCATTA,493
AAACAAGAATTATTTG,492
AAAGGGTATAACATAT,492
AACAATGATTTAAACC,492
AACGATACAATGCCAG,492
AACTCCACAACAAAAT,492
ACCCTATTCTCTAAGA,492
CAAATTGGATTCGTGC,492
CACACCAGTTCCAATC,492
CATCTGATCTTAGCAA,492
CCGAAAGCATTATTAG,492
GCAATTTTTATATACT,492
GCCACAAATAATTAAG,492
GCGTTACACAACCCCC,492
TACCGGATTCACAAGT,492
TAGCAACAACGATATA,492
TAGCATAGATACAGAC,492
TAGTACCCCTATCTCT,492
TCACCAACCAGATACC,492
TCTGACGGACTGGCTA,492
TCTTTCGGTAGCACGA,492
TTACCTTAAGAGATTA,492
TTCAGACTACATCTAA,492
TTGGAAACTGCCTTAT,492
AAACCCCGGGACGAGG,491
AAACTCATTAATTGTT,491
AAACTCCCTAAGCAAA,491
AAAGAGCTTATCGCTG,491
AACCGTCAACGACCCG,491
ACCTATAATTCATACC,491
AGCTGGGTCAGTGAGA,491
ATACTTTTTCCAAAAG,491
ATCCAAACTAAGTAAT,491
ATGGTTACGCACGATT,491
CCAAATCGCCGACTTT,491
CGCCTTAAAAGATATA,491
GAATGTCTCACAAAGT,491
GACAGTTGGAATGACC,491
GACTCAATGCAAGACT,491
GAGACGCCCAGGCAAC,491
GTAACTATACAAGAGT,491
GTACTAAACTACCAGT,491
GTACTATTATACCGCC,491
TACCTAAAGACGAGGT,491
TAGGCACTTTACGCCA,491
TATCTTTGACCAAAAA,491
TCCTAACATTTCCTTA,491
TCCTCGTCCTAAGAAA,491
TTATATTGTAATAATA,491
AAACACGAGAATAGTT,490
AAAGAGGATAGAATCC,490
AACCACTTGAAGATTC,490
AATCCATACCCCCAAG,490
ACCGGAATCCTAACAC,490
AGCTGTATGTCCTACA,490
ATAATAGGACGGCCAC,490
CAGACCAAGTGAGAAA,490
CATACCCAGATACAAT,490
CATTCAACAAAATTAC,490
CCACAAAACCAAAATG,490
CCTGAACATCCAAACA,490
CGCATCGAGACAACGC,490
CTTTACAAATGATCAT,490
GAAAAACTAATCACAT,490
GAAAGGAACTAAAAAA,490
GAACATATTACAGACA,490
GCCAATTATAGACATT,490
GCTTTCAATAGTCTCA,490
TACATGCCAGCTATAA,490
TATAACGACCATTCTG,490
TATCATCCAATTTGAG,490
TGCAAACTCCGTAAAA,490
TGGTATTGAGTACCAA,490
TTAAACAGACTCTATT,490
TTATAATAAGTCGAAT,490
AAAACACCATATACAA,489
AAGCAAAGTGCAAACA,489
ACAAAATTTCCTACAA,489
ACCCTTAGTTGAGATA,489
ACCTATTCCAATTCAA,489
ACTTTGAATTACACTC,489
AGAAAATCTTCACAAT,489
AGGCTAGAGGGCCCGT,489
ATTATTTGGTGCATCT,489
CACTAGTGCAAGAATT,489
CCTTTCTAGTAACAAA,489
CGTGGAGCCGACGAAC,489
GAATCGGCCACTCCCT,489
GATAGTCGCATCCTAA,489
GCATTCTTTACGGGTA,489
TAAAGAAACAATGGAT,489
TCGGCTTGGCAAAACC,489
TGATTCTCTGTTTTAA,489
TTATTTTACTAATATA,489
TTCCCCCATAAGGGCC,489
TTGCTGAATAACGAAT,489
AAACCCTTCTTTATAC,488
AACGAAACGTTCAAAA,488
AAGAGCGTTTAGAATA,488
AATAAACACCAGCTGG,488
AATTAAGATGAGGTAG,488
ACGTTACTGGCCCATA,488
ACTGGTAGCGACTCTT,488
ATCCATGGTTTTGTAA,488
ATTTACACCAAAGAAC,488
CAAACATTACGTTGGG,488
CAATTGTTAAAGTAAG,488
CAGAATAAGCTCGAAG,488
CATCTCGCTTACGGTA,488
CCAGGAAGAACTAAAT,488
CCGCGTCCATTCAAAA,488
CGTTTGGGAGCTTCCT,488
GACAAGATTAAATAGT,488
GACCATTAACTCACAT,488
GTAGATATACGCCGGG,488
GTCAAAATTACGACTC,488
TAAGATATTATACAAT,488
TAATGTAAAAATTAAA,488
TACACAGTGGCCAATC,488
TCCGATAAGTTCGTCT,488
TTACATTGAGTGTTAA,488
AAGAAGATTATCAATT,487
AATGGAGCCTTGACCT,487
ACAGCAGATGTCTGGA,487
AGTCCACAAGCTTACC,487
ATACACCCTTTGCAGA,487
ATATGTAGACAACTAA,487
ATATTTACGTGGTTAT,487
ATCAAAAAACTATCCA,487
ATCCGAATGAACACGT,487
CATCGTTGGCAATACA,487
CCACACCCTAATGTCA,487
CCCTACACAATCAACA,487
CCCTGGTTGTGGCGAT,487
GAAAACCCCCCGTACA,487
GACAATCAAACATTTC,487
GATACACCCTGAGACA,487
GGAACGTGGTCGAAGT,487
GGATCGATAAATACAA,487
GGGCGTTGCTGCAAGC,487
GTACACGTTAAAACAA,487
TAAGACTAACGACCTC,487
TAAGCGCTTGCGTGAA,487
TCAAAAATTTCAATGC,487
TCAGAATTATGAAACA,487
TGTCCGCGGTTACGAG,487
TTGAACTTAGCTGAAA,487
TTTGCCCAAAATATAC,487
AAGTCTATAATCTTGA,486
ACGTTAATTCTTTGAC,486
ATAGTACTTTTCGATC,486
CAATCAGGCAATCCGA,486
CACATTGTAACTCAAC,486
CATAATTTGTGAAACG,486
CGTTCTAAAAAAATGT,486
GAACGTCTTAAATTCT,486
GCCTTTCGGAAACTTA,486
GCTAGTTAAAATCAGA,486
TAAACGGACCGAGGTA,486
TATAAAACCTGACCCG,486
TCTCCATTTTTAATAG,486
TGCCACTAAATAAAAG,486
AAAGAATCATATGATT,485
AAAGCAATTCGTACAA,485
AAAGTTGATTTTTCCA,485
AACTGCATATGTCCTC,485
AATCTTGTCGTCCTAG,485
AATTATTTAGGTTGTA,485
ACACCAGAGGATTGGA,485
AGACGAAGTAGGTTCA,485
AGCTACTCAGACACAA,485
ATAAGGTACGCGTTGT,485
ATATGTCACTAATCCT,485
ATTTGGACAACAAGAC,485
CCATTATCGTCCATAG,485
CGGATAACTAGCCCAG,485
CTAGCAACACGGAAAT,485
CTGTCCATACATTGGA,485
GAGCATCCGCATCTAC,485
GGATATAGTAACTTCT,485
GGATCTAACTAATGCG,485
TAAAACGCAACGCTTC,485
TCATAATAACGCACCA,485
TGTTACTAATAAGTAT,485
TTAATATCAAAATCAT,485
TTCGAACCAATAAAAC,485
AAAAGGCTAGATTAAG,484
AAACCGTTTGTCGACA,484
AAGGTTGCTCTTCGAA,484
AAGTCGGTACTGTTGC,484
ACTTGCTCCTCGCTAG,484
ATAATCTGCCTAATCT,484
ATGGTTACTACATTTT,484
ATTACGCGCCATCAAC,484
CAGAGAAATTTAGTGA,484
CCCCCATACTGAATAC,484
CGTCAGACTAGAAGTA,484
GATGATTTTAAATATG,484
GCTGACGAATATGAAT,484
GGAAGTCACTCGATGC,484
GGAGAAGCAAGATATA,484
GTGCTTATTGGACTAG,484
TAGAGCAAATAGGAGA,484
TAGCTTATACGATTAC,484
TATGACCACATAAACC,484
TCAGCTAAATACATTT,484
TCATGCACAAAATCGT,484
TGATGTTTCGAACCAA,484
TGCATATATTAGAACC,484
TGTTACTTTAATACCA,484
TTAGACCGCGTAAATC,484
AATGACAATAGAATAA,483
AATGCTATCAAGTAAA,483
AGCACCGGGAGGAAGA,483
AGTCACCCGTATCTAA,483
ATTTTTTTACATTATC,483
CAAGGAGCCATTACTA,483
CAATCTCAGGTATATT,483
CGGGTTTATGCTTGTC,483
CTTTTGTAGTAGTCCA,483
GACAAAGGCTTGAAAG,483
GCGATAGAAGAAATAA,483
GGGTACGAGAGGAAAT,483
GTAAATTAACACATAA,483
TAAAAGGTAGAAATTC,483
TAAACACGGTTTAAAA,483
TACCGATATATCGAAT,483
TACCTAAAATTTTGAA,483
TATCCAAGCTCAATCC,483
TATGACAAAATCCGAA,483
TCAGAAGAAGATTTAT,483
TCCTATACTCAAAGAG,483
TCTATATGCCTGTGCA,483
TTAACCCAGGACTAAC,483
TTTAAAAATATTAAAT,483
AAAAACTGTTCCAAGG,482
AAAACCAACATGGTCC,482
AAATATAGCTATCACT,482
AAATCTCGCCACGTAT,482
ACTTTACCAATCATGA,482
AGCCGAAGCAAAAAGG,482
CAAAGCACTTCGGCAC,482
CCTACAACATCTAAAA,482
CGTCATACAAACTAAG,482
CTGACCACCTATTAGC,482
GAACAGTTGTATCCAG,482
GAATGGGCAAGACAAC,482
GACGGAAGTAAAAAGA,482
GTTAAAAAAGTTGGTT,482
TACAGTACAAACATCA,482
TAGAACTAAACGCTAC,482
TATAATTCAGTAAATA,482
TATTTAATAAAACAAG,482
TTTATCTGGACGCTTG,482
AAAAGGAAACGATCAG,481
AATAAATCACAGAAGC,481
AATCGTCAGACGATGC,481
ACCGTGTTCCAGAAGC,481
ACGAGCAGAGCTCTTA,481
ATCCCACAGAATTCGC,481
ATTATCGGTATGACCA,481
CAAGAAGTACGATAGA,481
CATTATGACACTGCAA,481
CCGATGTCTTTATCGA,481
CGCAAACAATACACTG,481
CGTATGGCAGCCAAAA,481
CGTCTCAACCAGGAAT,481
CTATAGTATAAATCCA,481
GAAACCAGCGTGTTAA,481
GAACAGCAAACTCAAC,481
GATAACCAGGGTGTAC,481
GATAGACAATACACCC,481
GGGCCAGACCAAATGT,481
GTTTTGGATGAAGAGC,481
TACACAAGGAAAACTA,481
TGGTGATAAGCATTTC,481
TTAAAACCATCGTCGC,481
TTCATAAAAACACTTA,481
TTCGATCAAGAAGAAT,481
TTTATGAACCCTCGCG,481
AACATTATTCAATATA,480
AGGGTGTGCTAGTGAA,480
AGTACAACACAAATCA,480
ATATTACGCCCATCAG,480
ATGTTATTAGAAACGT,480
ATTTATGACCTGGAGA,480
CCCAGACATCTCTGGG,480
CGAATGCGTGATAACC,480
CGCGCCATCACACAGA,480
GCAATAGTCGAGGGAA,480
GCCCGCTGGAACTGTC,480
GCTACGGTGACGACAG,480
GCTGGGAAATAACTAA,480
GTAAAATATGGATATC,480
TCGTCTTAGTACCAGG,480
TCTTTGACCTTTTTAA,480
TTTTCGAAAAATCCAG,480
AAAAAAAACAAACAAA,479
AAAGGCTCCGTGCTAA,479
AACACATGATAAGCCG,479
ACTGAACCCCCGTGAA,479
AGACTGGATGAGGATT,479
ATACGAGAAAAGATAA,479
ATTGCCACGAACTAAG,479
CCAGGCCAATGATGTC,479
CGCACTAATACCTCGT,479
CTATCCACACAGATTC,479
CTTGTGTAAACCTGGA,479
GGACGAACAACCAAAA,479
TTTTGAACCCTCACTA,479
AAGCCCACTAGCAAAT,478
ACGGAAAATAAACAGA,478
ATAAAGCCAATAAGAA,478
ATAATTGCAGTATGAG,478
CAATATTACTAAGAAG,478
CATATAACGTATACGT,478
CGAAGCTCGCATCAAT,478
CTAACCAACCCTTGTG,478
CTGGGTCAGCATACAT,478
GAACTCGACTGCAATT,478
GATACGCTTGGAATTA,478
GCCATCCTGTACTAAA,478
GGATTCATTCACATCA,478
GGGAAGACAGCTAAAA,478
GGTATACGGGGTCCAG,478
GTATGTCTGATTTAAA,478
GTGTTTATTAATGAAT,478
TTTCGTTAGGATGAAC,478
TTTGTAGACTATTAAG,478
AAAGCCCACCACACCA,477
AACCTAGCACCAATTC,477
AACTTATCACCTGGTC,477
AAGCCTAATACGTCCA,477
AAGGACAGCGCTCGAA,477
AAGTGTAAATAAGCAA,477
AATATAGACAAAAAAA,477
AATTACGGAGGTATCA,477
AATTAGCAATACTGCG,477
ACAACATTAGGCGTGA,477
ACACACGCGCTAACGT,477
ACACGTGTCTTCATTA,477
ACCGACCAACCGAAAG,477
AGGCAAGCCACTTAGA,477
AGGTGTTTTTAGGGAA,477
ATAGACACACCTACTA,477
ATCTTGATTATGGAAT,477
CAAATACCTACATTCC,477
CACTTTTATAAACAAC,477
CCCGAACACTGGAGTT,477
CTAGATCAGGAATTCG,477
CTTTTACAAGAGGGTC,477
GACTCCTAAAAAATAG,477
GCTTCGCTCAATGCCT,477
GTTAACGGGTGATAAC,477
TATACAATATTGAGGG,477
TGACATGACATGGAGC,477
AAAGCGCTGCAATACG,476
AACATTCTAACATTAT,476
AACTACACATTAAACA,476
AATCATCAACAAACTA,476
AATGGTATATGGTGAC,476
AGGAGCCCAAGGAAAC,476
CATCACTAGATAAACC,476
CGTAACTTAGGGGTGA,476
GCATCGAATTCAACAG,476
GTATTTCATACTGTCA,476
GTGCCACCAACATCGA,476
TAACCCTAAATCAATC,476
TCCATCTCCTCTTAAC,476
TCGTCCGAGTATGCCT,476
TGACGGAAGTCGCTTG,476
TGATTCAAAAAGACGA,476
TTATTTTCAGTCTGCA,476
TTTATGACAGCAAAAG,476
AAAGGTTCGATACACT,475
AAATTTACGAACAAGT,475
AACAAGCCACCCTCGG,475
AAGAGGAAGATAAAAC,475
AATAGAGGCTGATTAA,475
AATCAAAATAAAATAC,475
ACGGGTAAGATGGATA,475
AGGACCGAGAGCTGAC,475
ATGGTACAAGCTTAGC,475
CACGAATATGACTTTT,475
CACTTTGAAAGACAAA,475
CATAATCAGCCAGACT,475
CGAAACCCAATCACAC,475
CGACATCCGACCTGCA,475
CGCAATCCAAAGAGAC,475
CGTGTACGTCGTATAT,475
CTGACCGCCGAATCCC,475
CTTCTATGCGAACCAT,475
GGTCCGCCCTTAAATT,475
GGTTTTTCTAGCGTGA,475
GTTAAAAACGAGTAAC,475
TAATGCCACTTAGCCG,475
TCTCGAGACGTCAGTA,475
TGAACGACGATTGCGC,475
TGACTAGTGCCGCGTA,475
TGCATCAAAATTGACG,475
TTCAGTTATGGTGATC,475
TTCTCTCTTATTAGAA,475
AAATACGCGGCAGTTA,474
AACACAGGAAGCATGA,474
AACGACCTATGAAACG,474
AAGAACAATTGTATAT,474
AGACATTGTGAAAGTG,474
ATAACTACTATGAGAA,474
ATACACTTAGAGAAAA,474
ATACATAGCTAGTCAG,474
ATATTGTGTCATTAAT,474
ATCGCCTCAACACCTT,474
CCCCTGCGTCCAGAAG,474
CCCTTTTAAGGCTCCG,474
CCTAGCAGCAGATCCA,474
CGAACGTGTCCCAGTC,474
CTCTCGCTAAAAAGAC,474
CTGATGATGCACGAAA,474
GAAGACAAAGATCCAT,474
GATAAACTGAATTGCT,474
GCAACTATCTTACTTG,474
GCCAATTTGACTTGCA,474
GTAAGTGATCCTGTGC,474
GTTAGCTTTAGGATCC,474
GTTTCAATGCTTCCCC,474
TATAGGACCGTACTGC,474
TCAAAACATGACAAGA,474
TCACAGCTTATTCCAC,474
TTAACCTGTGTCCATG,474
AATCTGTAAACCCCTG,473
AATTATTGAACTTTTG,473
ACGGTCTATCTTGATA,473
AGAACCAGGCTTCCCC,473
AGGCATTAAAATCACC,473
AGTGTACCACTTAATG,473
ATATACATCCTGAATA,473
ATGAGTAGACTAAGTA,473
CCGGCTACCGTGGACC,473
CGATCTCGAATTTCAA,473
GAAAAAGTCTATCTTG,473
GAAGTCCAAATACACA,473
GAATACCAACCGACTA,473
GAGAATGTAAGGGGCA,473
GAGCGACAACGAAAAC,473
GAGTACACGGGCGAAA,473
GATCTGAATTAACCCA,473
GTTCAAGACAAGAGAG,473
TAAGTCTGGACAGCTA,473
TAGAAACGGGCAACGT,473
TCAGAATACACACTCA,473
TGGCTAAATTGACCAA,473
TTAATTAAAGCCCAAT,473
AAACACAAGGAGCAGA,472
AACTAACTCGTGCCCA,472
AACTCGTATGGGATAA,472
ACGGTAATTTACTGTA,472
AGAAGTCATACCGAGT,472
ATTTACGACACGCACG,472
CAACCGATCCAAATTG,472
CAGTGCAGACTTAGGT,472
CGAAAGATGCACAATG,472
CTAAGATATCGTTAAA,472
CTCACACATAATGACA,472
CTTAAATACCTCCCTG,472
GCACATGCGCAAACTA,472
GGAGCGAAGCACACAA,472
TAACTGTGTTACTTCA,472
TAATAAATACTCCAGC,472
TACCACTACCCGTAAG,472
TAGTGTAACTACTACG,472
TCAAACGGCGATGAGC,472
TCGACACTTATAATAC,472
TTCTAAGGACGTAACA,472
AAAAGAATCTTTAAAA,471
AAATAAGTGCTACATC,471
ACGGTCACATGTGACT,471
ATAAACATTAAATCCT,471
ATCGAATCCAAAATTA,471
ATTTCCATAGCACTCT,471
CAAAACTGACCTCGAC,471
CAGTAACACAAGTGAT,471
CTTGAAGAACCTATAA,471
GATACGAATCCCACAA,471
GCTAAAAAATACAGCA,471
GTAAGCGATTACCATT,471
GTCACTATCTGGTTCC,471
GTCATTCAAAATTTTG,471
TAAAGTAAATTTGCTT,471
TACCCGCTCCCATTTC,471
TATAAAAAAATAACCT,471
TATTTAAAAACACTCT,471
TTAATATGTGTAACTA,471
AACATATTACACTTGA,470
AATGACATCATAAACA,470
ACAACACGTGTGGGCG,470
ACCATGCTATGGTCTC,470
ACCCCTAGAAATCCCT,470
ACTTATAGTCTTGTTA,470
AGATCGAGATCTGCAA,470
AGTACCTGTTGACCTC,470
ATATGATTAGGACCAC,470
ATGTCTAATACAGTTC,470
CCAAATGCACGCCGCC,470
CCAGATTCGAAATGAT,470
CGATATAAGAGCCTCA,470
CTTGGCTCTTTGAACC,470
GAATGACAAAGGCTGG,470
GATATGAAGTTCCACA,470
GGCAAGTACGCAGCTA,470
GGTAAAAAACGTGAAT,470
GTACAGGACTCTCCGG,470
TAAATATGCAGTCTCA,470
TTAACAGATAGAAAAC,470
TTATTACTAACCTGGT,470
AATAGCAGACTTTGAG,469
ACAATATACCTCACAG,469
ACATACTTGGCGCCGA,469
ACCCTACCATTTATTT,469
ACTATGCAAATATCGG,469
AGCTAGTTCACGCCGA,469
AGGACATTACAATATT,469
AGGCTATATAATTATA,469
ATACAATACAGTATTC,469
ATTTAATTTCAGATGG,469
CAAGAACAAAGTACGA,469
CCTTATAGGACACTAC,469
CGCTATATAAGAACTT,469
GGATTGGGCACGCATA,469
GGCTCACGTACCTACT,469
GGCTGTAACCAGTGAC,469
GTTGAGAACTTAAACA,469
TAAGGCGACGGTTCAT,469
TCTACAGCCTCCAATG,469
AAAAAGTTTTTCATTG,468
AATAAATCTAGTTTTC,468
AATACAATATAGTAAC,468
AATCTGGCTACTCCCG,468
AGCAGAAGAGCACTAC,468
AGGCAGGACACGCTCA,468
ATGTACAACATTACCT,468
ATTTCTTGACTGACTG,468
CAAAGATACGGCTTAC,468
GAACCAAAACACTATA,468
GATGTTAGACCCTCGG,468
GTCATATTTAGAGTAC,468
TAAACGTATAATTTTT,468
TAATATTGGACTAGTC,468
TACGAAGTAGAAGTGG,468
TAGCTCCCTGGTCCAT,468
TCCCAAAATATTCCGT,468
TGATCTTGCTACAGAA,468
TGGCAGAGTCACAACA,468
TTAAACCGAAAAACCG,468
TTACGTTGTTCGGTAC,468
TTCACCCACGCCCCGA,468
TTTATATAAAGCGTGG,468
TTTTCCTTACTAGACA,468
AAAGATTGATAGTCAG,467
AACAAAGGACTCGTAT,467
ACCAGCAATGGAAGAG,467
ACTCCGTATAAATAGT,467
AGTCGAATTAACGATT,467
ATAAAGAGAATATCTA,467
ATCAATCGTTTAGCCG,467
CAAACTACTCCGTATT,467
CAAGGATTAGGGACAT,467
CCATCACATCAACGGG,467
CCATTGAACAAGCTGC,467
CGGATACTGTCTGCCA,467
CTATACACGAGATGGA,467
CTATGCAAAGATAGAG,467
GCAGAGCTGCACGCAT,467
GCATTTTTATAATGTT,467
GGACTTGGATTAAGAA,467
GGCAATATTATCGTTT,467
GGCTCTATTATATGAC,467
GGTTCACGGGGAACCG,467
GTCTCGCGTCCTCTTA,467
TAAGGACTTTGATTCT,467
TAATTAGACTCAACGG,467
TCAAATTATAACCCAA,467
TCTCAATAACAATCTA,467
TGAGAGAATAAAGACA,467
TGCCAAACCCCTCCCG,467
TTAGCAGAAGGAAAAC,467
TTCGGTAAATCCAAAA,467
AACGCTAACAAAGGAA,466
AATAGCATTTACCTCC,466
ACAAGCTGTGATCGGC,466
AGAACGCATGCAGGAT,466
ATAGAGTGAAGGAACA,466
ATGAAGTTCGCTATAC,466
ATGCAACTGCTCTGTG,466
CATCCACCCAACGTGA,466
CCGACATCCTGCTACC,466
CGATTCCGTCACATAA,466
CTAAACTTCGACCCGT,466
CTAGGAATGCAGCAAG,466
CTCCATGATCCTAAGC,466
CTGAAAAAAGGCTAAA,466
CTGATGGTGCTAAAAA,466
CTGTTGTCTGCTTGAC,466
GGCGAAGCGATATCAT,466
GTAGCCGGAAAGTACT,466
GTGATCGACTTGATCC,466
TCACCCGAGCACTCCA,466
TCCCCTATTAAAAGCA,466
TTAAACGCAAAGACTC,466
TTGAATAGAACAAGCG,466
AAAGATATAAACCCCA,465
AATATTATCCCTGCCA,465
ACACACACAACGAACA,465
AGGTTAGTCAGAGTTA,465
ATAGTCTCACTTCTCC,465
ATATACGATTCCCCAA,465
CCCAAATCAAAAAAGA,465
CGCTTTGTTTATTGTA,465
CGTTCCTGCCATGCCT,465
CTTAAGTTACTGCTAC,465
GAGGCCATAAACAACT,465
GCGGGGCCGAGACCCT,465
GGTCTTAATCAATAAT,465
TCTATTAAAACAACAT,465
TGCTAAAACATCTAAA,465
TTATGTAATTTTCGAA,465
AAACCTAATCATCGAG,464
AAAGCGGGCTTCACCC,464
AACGCCAAAATAAAAA,464
AATAATCATACAGATG,464
AATGGTTTAAAGAGGC,464
ACCCATGTAAGAGAGC,464
ACGTAAATAACAACTA,464
ATACGTCCATTCGGGA,464
ATGAAACTTGCAGCGT,464
CAAACTTTTATAAAGA,464
CAGACGTAGTCAAAAC,464
CATACAATAATAAAAT,464
CCAATATAATACAAAG,464
CCCTAATATCACCATG,464
CGTGAGTACTCACATG,464
GAAGGCTTAAAGGAGA,464
GATATCTTCCATGCAC,464
GATCCTCCATCTGACG,464
GTAACAAACAAGCAAG,464
GTGAGAGGTAATTCCC,464
TAATGTGCCAATAGCA,464
TCCCTCCTCGAGTTGC,464
TTACCTATAAAATGTG,464
TTCGTACAAAGAGTAT,464
AAAGGTAACTACTAAA,463
AATCGCCACATGAGCT,463
AGCTGACAGAACGAAT,463
ATGCAATTTTGGCCTA,463
ATGTACCATTAAACGG,463
ATTATTCCAAAACTTA,463
CAATAACAAAATGATA,463
CGTCCAGATTCGGAAA,463
CTAAGTAGTTATCAGA,463
GGGAACGGATTAGCCA,463
GTGACTTTCAGGCTAC,463
TAACAACTTGCCTAAT,463
TAGTGGTACAATTTGG,463
TCCACTAAGCCGATTG,463
TCCGAAAAGAATAGAT,463
TTAATAATAACACACA,463
TTTAAATTTTTTAATC,463
AAACTCCCAGCCGAGC,462
AATACTATGAAGTGCT,462
ACCGAAAAGTCCGTTG,462
AGATCAAAATACGTAG,462
ATACAATGGAAAAATG,462
ATAGATCTGCGATGTA,462
CGTTAATATCGGCGCC,462
GAAAGACATATTCCTA,462
GACAATGGCAATGTTA,462
GAGCTACCGAAAAATC,462
GCTTCTTAAGGCTACA,462
GGACAAATAATAGTTT,462
GGAGAACTACAAACCG,462
GGGGTGACACCTAGTA,462
GGTGCACAAGAGTCTA,462
TAAAGCCAATATTACC,462
TACTCAAACATGGTCC,462
TATGAAACATCTTTAT,462
TCGTCAGTTAGAGTTG,462
TGTAGTTACTTGGACG,462
AAAAATAAAAGGCTAA,461
AAGAGGTTATATTAAT,461
AGCTTCAGTCTTCGCG,461
AGGGGACCGATACTAG,461
ATAAGGCCTCACAAAA,461
ATATAATCATACCTAA,461
ATGCAAGTCATCGAAA,461
ATTAATCAGCGAACTA,461
ATTATAACTTAGTTGT,461
ATTCAGGATCGCTTAA,461
CAAGTCTTTTAGTAGA,461
CATTTAACCTCGACAC,461
CGAGCAAGAAGATATT,461
CTAACATCCAAGACCA,461
CTGGGGTCAAGCAACT,461
CTTCCCTGCCAAAGAG,461
CTTGTGGTAAGAAAGT,461
CTTTGACCTCCATTAC,461
GAAACCCATACTGAGA,461
GATACGCCGAAAGTTC,461
GATACTAATAACCGGA,461
GCCCCAAAGAGTTTCC,461
GCTTAGTAAGGTTCAA,461
GGACGGCGAGAACGTC,461
GGTTTACGCTATTGGG,461
GTATAAGCTTAGTTAA,461
TACATATCCTAAAATT,461
TATAACCAAAAGGCAG,461
TATCCATACGCCGACC,461
TCAGGAAGTCGAATAC,461
TGCAAAATCTTGCTAG,461
TGCCACGGGCAAAGTA,461
TGCGAGTGCTGGATCT,461
TGCGTACGGTATAGAT,461
TGGGCATATTAAGCAG,461
AATAACTGAATCACAC,460
AGAAATAATTAACTCA,460
AGATGAGATTCCTCTT,460
ATCTCTACACCAATAG,460
ATTTGCAGATATCCAG,460
CAAAAAGTGTAGAATC,460
CAATATGGCTCGATTA,460
CACCCAACCCCGAACT,460
CCTTCAATCAGGTTTA,460
CGAAATGGCCGAGCCC,460
CGAACCACGATCGTCA,460
CTCCTAAGCAGTATTG,460
GAACACTTTACTCACG,460
GAGAGTAAAGTGAACG,460
GCACGTATAGCAGGCT,460
GGAAAAAAGCTACCTG,460
GGGGCCGATATCCTAA,460
GTATCCGAAAAAGGTG,460
TACCCAAAGACCAGCA,460
TATATTACATGTGTAC,460
TGAAGAATATCAACTC,460
TTAAACCAATCCCACA,460
TTGATGCCTATTCTGA,460
TTTACATATAAAAGGA,460
TTTTATATGCGTGACA,460
AAAAAATGACTAAGCA,459
AAGACGCCGATGGTGC,459
AATAGTGAAACACATT,459
ACAAAAAAAAGAGTTT,459
AGATACGATGTGCTAC,459
ATGCCAGAACCAGATA,459
ATTAACCCTAAATCTG,459
ATTGGATTAAACACGA,459
CATCAAAGTCTGTCCC,459
CCAAGAAACATTAAAA,459
CGGAATTGTTTCTATA,459
CGGAGAATAGCAACCC,459
CTGAAGCACGATTTGG,459
GACCAAGGTATTTTGT,459
GAGTTAGAATTTAAAC,459
GGAACCATACCTCCAA,459
GGAAGAAAAAAACGCA,459
GGGTAACCTATTATGC,459
GGTTCAGAAAGCAACC,459
GTGAAATTAAAACACT,459
GTGCGTAAAGAACTAA,459
TAACACCTGCTTAGTC,459
TCACTCGCAGTCGCGC,459
TCCCACTATATAATAA,459
TTTGATCTTAAAACTA,459
TTTGGCAATTGCAGCT,459
AAAACGACAATCATGA,458
AAACGCCCCCTGTATT,458
ACACAGACACTAGTGT,458
ACAGGTGAAATTAGAT,458
ACATACATGGAAATAC,458
ACCCTATTAAAAATGG,458
ACTTACGTACTGCCTC,458
ACTTCTCTTATATGTA,458
AGATTTCAGATACATC,458
AGGGCACTCACGCACT,458
CAACGTATAAAAGCCA,458
CTGTTTGTGACAGCAA,458
GAAGTGACATTTACTA,458
GATCTCCAAGCCAGAT,458
GCGCCCTCACAACCAG,458
GTATTCTACTCGAATT,458
TAGCTTACAATTATCG,458
TATTCCGAGGCACGCT,458
AACAGCTGAGGCGAAA,457
ACCTTGTAAGTAAGAG,457
ACTGAATACTTGTAAG,457
ACTTCTCTCTGGCAAA,457
ATACGCGGTATAGAAT,457
ATCATTACTGAGGTAG,457
ATTAATGGGTCCTATG,457
ATTCGCCGATATAAAG,457
CTCACACACGGTTCCA,457
GAAAAAGTAAAGTTCG,457
GAAGCTTCATACAGAG,457
GAGATTTTCGAAAATA,457
GCCTCGCATAGACTGT,457
GTATAAAGACATTGAA,457
TCCGTTGATAACAGCT,457
TCTTCACGACCTTAAA,457
TTAATCTAAAGTAACT,457
ACAAGATTACCGACGA,456
AGATAACGGTGAATAT,456
AGCGGTATTGACTGAG,456
CAACGGGCCTATAAAC,456
CAAGGCAGCACGTTAA,456
CCTTTTCTTGAGGAAG,456
GAGCTACTTGGAGTGA,456
GCTAATACGCCACAAA,456
GGGCTCTAGAAAGCCG,456
GGTCAGGCACATCATA,456
GTGCCCTGGTAACTCT,456
TAAAAGCTCTAACCAA,456
TAAGTGCTGGTATCTC,456
TATTGGTTACAATCTA,456
TCGTAATAATATTACG,456
TTCTTATGAGACCTTA,456
AAATGAGGATGGGTTC,455
AACGCAGCAGCTACAG,455
AAGAGTAAACAAGCGT,455
ACAAAGAATACAACGC,455
ACCATTTAATTCGTCA,455
ACGACGAATCCCTGAA,455
AGAGATTACGAACCAC,455
AGCGCTTCATAAGAGC,455
AGGCTGCTCTACGTAA,455
AGTCACCGCCTGTATT,455
ATATAAACGGAGTAAA,455
CAACAACTTAAACCGG,455
CAACCTACATTTATGA,455
CCTAACATAATCCCGC,455
CGCGACCCCCAGTGCT,455
GAACCTGTCGCGAAAT,455
GACTCAGTATGGATCC,455
GCTACTTTCGTAACAA,455
TACCTTTATTGGCAAG,455
TATAATGCTAACATAC,455
AAAAAGACCCCCACAA,454
AAAATGCGACATGGTT,454
AACAAGAGCCAGGATG,454
AAGACAATATGCAACA,454
AAGTCCGTAAATCCTG,454
ACAGATCAATCAATAG,454
ACAGGGAGGCGTTTCA,454
ACATGGGCACCTGGGT,454
AGACGAAATTTCGAAA,454
AGTAATAATATTTTGC,454
AGTTGTGATTTCCACC,454
ATCCTAAAGAAACTAA,454
ATCGCCGCATACTTAG,454
CAAGTTCCCGCATGTA,454
CATCATGTTGTACGAT,454
CCGATTTCACAAGCCA,454
CTACGCACAATTGGTA,454
CTGAAACGAATTCCTA,454
GACTACAGAGAAGCTG,454
GACTACGCATTATTTT,454
GATTCACGAACTAGTC,454
GCGAAATACAAATATA,454
GGAAAGGTTAGACCTA,454
GTAAGACCTAAGCCCA,454
TAAAAGCGAACCTGTC,454
TAATATTCTTACCTCC,454
TACCAAGATACCAGAT,454
TACTACGGAAATACCG,454
TACTTATTATACATGG,454
TATATTAACCGCAAAA,454
TCCACAGTAACGACAA,454
TCCGAGCGTTAGAAGT,454
TGGAATGATAATAAAT,454
TTGGAAAATTGAAAGA,454
AAAATATGACGCTAAG,453
AACCCGAACCTACAAT,453
AAGACATTGATCAAAT,453
AAGGGTAGAGCTCCTT,453
AATAACCAGCTTACCT,453
AATGATGTTCACACAC,453
ACAAATATAATAGGAA,453
ACATTACCATAGGACG,453
ACCTGTAGATAACCAC,453
AGAGCAGTAACTATCG,453
ATAATGCACTCAAGAA,453
ATTAAGTTAATTTCAT,453
CCCGCATATGCACCTT,453
CCGACGAACATAATTA,453
CCTAGGCATTCCTGAT,453
CTCATCAAAACGCCGA,453
CTTCATTGCTGTTAAT,453
GAATAATCGAAATGTC,453
GCGAACTAACAAATCT,453
TAATAATAACAGTGAC,453
TACAAGAAAAAATTGC,453
TACAAGGAGATGGTGT,453
TACACTAGACGATCGG,453
TACTGCATGATTCAGA,453
TATAACCATGAACTCC,453
TATTACCCTTTCACAC,453
TCGCCTAGCGACAGCA,453
TTGCCCAAAACCCCTG,453
TTGGGTTAAAATAAGG,453
AAACGACGGGACTAAA,452
AAGACCTAATCTAGGA,452
AATTAGAATCTTTTGC,452
ACCCCTAAATTTCAGC,452
AGATTATAGGACCAGC,452
ATTAACCGCAAATATC,452
CATAGCCTTTAACACT,452
CATGAGAGCGTGTAAT,452
CATTAACTAGCAAACA,452
CGAATCTGTAATAAGT,452
CTATACAACATAAATG,452
CTCTCATTGTCAAAGT,452
CTCTCGTAAAAACAAC,452
GATGATATGAGCCATG,452
GCAGCATTGGCGGTCT,452
GCGGCAAAATCTAGAA,452
GTAAGAATACACATCA,452
GTCCGCTGATTAGAAA,452
GTTATGTGAAAATGTA,452
TAATAAATGTTCTTTG,452
TACAGTTGATTAACAC,452
TAGATGACAGGTATCA,452
TCCTCCCACCCAAAGC,452
TGAATCCCATTAACAA,452
TTCACAACCGGGTTCC,452
TTCGCCCGCGTCTGTG,452
AAAATTCACTCTAATA,451
AAACGAATAATTTAGT,451
AAACTCAACGAAGACA,451
AAGCAGGAGCATTACA,451
AATAAACACCCCTCAT,451
AATATACACGAAGAGA,451
AATGCTCAGAGGCTGA,451
ACACTACTGGGAAACA,451
ACATGGCTAATATGAA,451
ACCTTACATATAAAGA,451
AGCTCAGTTCGAGTCC,451
AGTAGTTCGACACAGG,451
AGTTTGATAAACCATT,451
CAAAGACCGGAAACAT,451
CACCAAGAAGCACCTC,451
CCCGTAGCTATTCTAG,451
CCGAGTCTTGAAACTA,451
CCGTGAACAGCAAAGT,451
CCTAACTCAATACTAA,451
CGCACCCGATGACAAC,451
CGTCTAAAATACCCAA,451
CTACGAGAAACTATTA,451
CTCTGATTAGAGGCGA,451
CTTATCACTCACTTAA,451
GATGAAGCACAACTAT,451
GCTACTTGACATTTCT,451
GCTGAATACTGAAACA,451
GGAGCTTTATGTCGCT,451
GGCGACTAGGTAGTAC,451
TACAGTATTAACCTCA,451
TATACCACTTGCAACC,451
TCAAATACTGATAGGA,451
TGAAGAATAAAATTGA,451
TGTATATCGAATCCCG,451
AAAAACAGATGTATAA,450
AAAGTCGTGACTAACT,450
AACACTGACATTCATT,450
AACGGACGATAATCAG,450
AATTAACTTGGTCTAG,450
ACCCGATTATAGCATG,450
ACTTAGTGGTTTAGAA,450
AGACGCAAGTAAGAAT,450
ATCAGCCTTACTCAAC,450
ATGACATTTAAATAGC,450
ATGAGGAGGGGGACAA,450
ATGATACGCCAATCTC,450
CACCTTACCCGTGAAA,450
CCCAGCGACCGTTCAA,450
CTACAATGGGTCAAGA,450
CTCACTACACTGAACG,450
GAGAAGAAGCCACAAA,450
GATCCAGAAAGACTAA,450
GTATCTCCAAAACATC,450
GTTAGCAAGTATAAAA,450
TAACAGTTGTTAGATA,450
TACTGAATAAGATCCA,450
TCGAAAGCTCCTTGAC,450
TCTATACAACCGTTAA,450
TGACCGGGAGGACACT,450
TTAACCTGCCCTCAAG,450
AAACATATTAAGAGTT,449
AAGCGCTTAGGGAACA,449
AATTTGATGATATACG,449
ACAAATCTACTGTATA,449
AGAGATTGAGTAAATC,449
ATACTTTTATACAATG,449
ATATTGGTATCCTCTG,449
ATGAAATTCGACGACT,449
CAAGTAAAAATTGCAA,449
CACTCAGGAATTGAAC,449
CAGAGTAAAATCATAA,449
CATCTAGAAAGCTGAA,449
CTCAACTATTTAGGAA,449
CTGAATTTGACCTCTA,449
GAGGCAACAATCGATT,449
GATCAATGTAAATAAA,449
GGCCGATCTTCCGGTG,449
TATTAAAGTGTATGCT,449
TCCACAGGAAGCTAAC,449
TCCTCATACATCAACT,449
TCTTGCAATCCAGCAG,449
TGAAAAAAGATCTGGA,449
TGAGATAAACAAATAG,449
TGGTAGACTGCACAAT,449
TGTGGTAAAACCAGAA,449
TTTAAGCTTGAGATTA,449
AACATTGAGAGAACGC,448
AACCTCGTTGATAAAA,448
ACTTCAGAAGCATAAG,448
AGCCTACACTCATGAG,448
ATTATCCGACAGATCT,448
CAGGCTGCAAAATTGT,448
CATCCTATCAAAAATA,448
CCGCGGAAGTTCAGGA,448
CGTGTTATCAATACCT,448
GAGCTGCGCGATGGTA,448
GCCGCTCCATAACGAC,448
GCTCAAAAAAGCACAT,448
GGGTTCTATAAATTAT,448
TAACTCTAGAATTCAC,448
TAGATAACGGGCTCAA,448
TAGTAAACTAATACAT,448
TATTTTACGGTCTAAT,448
AAAAATGAACAAGCAA,447
AACCACGATTACGCAA,447
AACGCGTTACCTAATT,447
AATTTCGAAATCAAAA,447
ACCGCAGGACGATATA,447
ACTTTTAACCCAGCTA,447
AGACCTCGTAGCATAG,447
AGCAATCGCACCTAAC,447
AGGCGCCTACGGCTCA,447
ATAAAATAAATTCAGT,447
ATATAAACACAAATAA,447
ATATAGATGGGAAACA,447
ATCCAAGCAAAATTGG,447
CAAGCGTCTTAACGCA,447
CATAAATAAACTTCTC,447
CATAGTTCGTCAGTAA,447
CCCGCTACCCCATTCT,447
CCTACTAACACAAGTC,447
CGTAGTCTAAAATACA,447
CTCAACATAACCCCGG,447
CTCTATTTACCTGACT,447
CTTCGTGAAAGTCAAA,447
GCCATCCAAACATGTG,447
GCGCATGCAATCAGTA,447
TACTTGTTTTATCTAC,447
TATCAAGTATCAAAAT,447
TCATAAGTGTAAAAGT,447
TGATGAAGGATTGTCG,447
TGCTTAAAACACTATA,447
TGGCGCCACGGCATAG,447
AAACCTGACAAACAAT,446
AAGAATAGGCGAGAGA,446
AATTTCCATCAACGTT,446
ACCCGGACCTTCAAGT,446
ACGAAATCAATGACGC,446
ACTAGCTGGTAACTTA,446
ACTTTAACTTCCTCTT,446
AGGGTGATAATTAAGA,446
ATCTGTAAATAATACT,446
ATTACTACAGCCAAGA,446
CATTATCGAATCTGGG,446
CGTATTACAGTTAACT,446
CTTTAATAACCGCTGA,446
CTTTGACCCCGATCTC,446
GCAACAGATTGCAGAT,446
TAAACACCTAAGCAAA,446
TAACGAGATCAAATCC,446
TACGAACTGGTATAAC,446
TACTTACATATAGAGT,446
TAGAAAGCAGTATACT,446
TATATATGATAGGAAA,446
TCACAACAACTGCTAA,446
TCATTTCCGCCCACCG,446
TGTAAGGTCACTTCAG,446
TGTCACTACTATAAAC,446
TTTTACTCTCCCCATG,446
AACAAGTTTCTAAACG,445
AAGTCTAAAAAAAGAG,445
ACAAAACTAGATATTT,445
AGATAAAGCGGTACTG,445
AGATTAAAATCAAACA,445
AGTCGAAAATCTATCG,445
ATCTATTCGTTCTCCG,445
CTAAGATGTACATATG,445
GAATACACGAGCACGG,445
GAATACTACGCATTAT,445
GAGATTATACGGTATA,445
GATCACTCTACTTGAG,445
GATCGAAATCGATCAG,445
GATTTACAAATGAGAA,445
TAGAACGATATAATAC,445
TCAATCAAATTGTCGA,445
TGTGTCAAGACAACTC,445
TTAATAAAATACACTA,445
TTCTAGCTAGGAAGAA,445
AAAACATCGATTTTGC,444
AACAAGAGAATACAAA,444
AAGTAACAACTTGACG,444
ACATGCCCTTCTAAAG,444
AGTCCTCTTTGGTGTT,444
ATAAGAGTTCAGGGAC,444
CGAGCATAATCACTCA,444
CGTTTCATACCTAACA,444
GAAGATGGAGACAATA,444
GACTAAGTAGCACGGT,444
GCTACACGATCGTCTA,444
GTGCGGCTTCATTCTA,444
TAAACGCCCAAGAGTC,444
TAGAGCGACACCGTCA,444
TCAAGTACCTTGAATA,444
AAAAGTAAGGGGTGAA,443
AACGACTGAATTGTAT,443
AACTAGGTCGTAAAGG,443
ACTGTTTCATTAGTGA,443
AGAACCTTTAAACCGT,443
ATAAAATACAGACCGG,443
ATAACGTAAAATTGCT,443
ATACACCTCCATAGGC,443
ATCAACATAGAACGAA,443
ATGACTGTAACTCGTT,443
ATGCGAACTCTGTCTC,443
ATGTTGCTTATCATCC,443
CAGATGAACTCTCTCA,443
CCCTAAAGAGCCGGAA,443
CGTGTCCACCGACCAT,443
CTGGAAGGCTACAACC,443
CTGGCCCATTAGCTAC,443
CTTGAAAAAAATGTAC,443
GGCCTACTGCTAAGAT,443
TAAGAAGACTCCAATC,443
TAAGTCAGCGCGGTTC,443
TAATATGACCAAACCC,443
TACGGCTAGTACAAAA,443
TATAAATTCGTTAACA,443
TATCGCGCTATGAAAC,443
TATTCATTACATAAAA,443
TCAATCATAGCATATC,443
TCCGAAGAACGATCTA,443
TGATGGATTCGTATCA,443
AAATCGAGCCCTTATT,442
AATCATTTATCCATTC,442
AATGTCTTGCTACTGT,442
AGACGTTATCCAGCGC,442
AGACTAGCTGTCACTA,442
AGTACACAAAAGAAAA,442
ATAAAGTGAAACGTAC,442
ATCAAATGGGAGGAAA,442
ATCTTAGAACAATAAT,442
ATGTTGACTACGCTTA,442
CCGACCAATTAGAAAC,442
CGGGATAGATGCCTTG,442
GAAACACTCAACTGCA,442
GAACTCATGAACGCTG,442
GGATATGAATCAACCG,442
GTTATAACCTAATCCT,442
TACCAAGGAACTCAAA,442
TACGGAGCCCGTACCA,442
TCATTGGTCGATTCAT,442
TGAATACTATTACGAT,442
TTACAAAACAGGTTTA,442
TTTCAATACGAATCCC,442
AAACCCAAGCCAATTT,441
AACGTGAGCCTGATCC,441
ACATCCATATAAAAAA,441
ACCCGAAGCCCTCAGA,441
AGATACTTTCAAAGTG,441
ATACAGTTAGGTGGAA,441
ATACTCCTCTAAATAA,441
ATCACTAGTCAGTCCA,441
ATTACGCGTTAAAGGA,441
ATTTAATCCCCATGGA,441
ATTTGGAATAACCGAC,441
CAAATCTCGAGAAATG,441
CATTATCCGATATGAG,441
CGCTTCAGTAGGTTAT,441
GACACACGCCGATACT,441
GACGACTTATAGAAAC,441
GGCCTGTACAAACCGA,441
GTAGAAGATCCCTGCC,441
TAAATCCATGTCTCAA,441
TACCCTATATCTTTCA,441
TACCGCCACAAGGCTA,441
TACTAACCTCTCAAAT,441
TATTGTTAAATTGTTT,441
TGTAATTATAACTGCA,441
TTGCAAAGTCTGACCC,441
TTTACATATTACACAC,441
TTTATTATCCGTTACC,441
TTTTATAAGATCAGTT,441
AAAAGAACAAACGAAC,440
AAACTAGTTATTTCAC,440
AAAGCGTATGCTCATC,440
AACTTCCGGTAAAAGT,440
AAGCTTACGCATCTGC,440
AATTGGATTTCACAAA,440
AGAACCCCTGCTGGTC,440
AGGGGACAACAGACCT,440
AGGGTACGCAAGCCTA,440
ATAATTACGTATAGCT,440
ATCGAGGCCCGTTTCC,440
ATCGGGGGGTCGTCTT,440
CAATAGCCCTTTGAAT,440
CAGATACAACCAGCAT,440
CAGGTGTACTAGAGAA,440
CAGTCGCATCGGTGCA,440
CATCTCAAATAAAGAA,440
CCAGTTTTTCCGAAAG,440
CCCACAGAGTCACCAG,440
CTTAGCTAATAAAAAA,440
GACAGGATACCAATTC,440
GCCATATACCCACACT,440
GTGAACCATTCCCCAA,440
TCAAGCGAGAAAAAAC,440
TGATAAGTTGGCAAAG,440
TTATCAAGCGGGCCCA,440
TTTTAAAAAGGTGCAG,440
AAAACTAGCCCCTGTG,439
AAAGAAAGATAGTAAA,439
AACATGAGAACCCTAA,439
ACCCTCAGTGGCACGA,439
ACCGAGTCTCTAGGAC,439
ACCTTTCAGTAATTTT,439
ACTAAAAGAAACCCAC,439
AGATAACATATTACCC,439
ATACTTAGTTCCTATG,439
ATCATATCAATATCAT,439
CAGTATTAATAAAGAA,439
CCAAACAAACTAAATG,439
CCAGATAGGTAAAATA,439
CCCGGCTCGACATAAC,439
GATCTAACGTATCCTA,439
GCAATGAAACCTCCGA,439
GGCGACTCTTTCCCGC,439
GTCTTCGAATTAGGAC,439
TAGTTTTATACAAAAT,439
TCACAAGCCCTGTCCA,439
TGAGCTGGGGTAAAGC,439
TTACAATCTTGACGCT,439
TTATCTATAAAGAGTT,439
AAAACAATGATGCGAT,438
AAACGCTCACTGCCAA,438
AATATAGCGTCCCCGA,438
ACAGTGGGGTTACTAA,438
ACGAATCAACTAACGG,438
AGATTGCCAAAACTCA,438
AGTTGCTTGATGCGCT,438
ATACTATTAAAAAAAG,438
ATAGTTAGAGAGGCCT,438
ATCCAAGAACGCACCT,438
ATGGAGATATCGCCTA,438
CCCTCGTAAGCAGGTT,438
CGTAACAGTAAGATTT,438
CTGTCCCCATTGAGAT,438
GAAACGCAAAAACTAC,438
GAACGATCCGATACGC,438
GAATTAATGACTGTCT,438
GGCATTATTTATCACC,438
GTAAAACTATTTATTG,438
TAAAGGTCAGTAAGGC,438
TACTAATACCAAAAAC,438
TAGACAGTTACAATAT,438
TATACACTGACCATAA,438
TATGTCATTCCAACAG,438
TGACTTATAACCGCAC,438
TTATTACATACGTGCT,438
AAATACCATAATAGAA,437
AAGAGGATGAATACAC,437
AATAAGCAACGCACCC,437
AATTTCTCTTTGAGAT,437
ACAACGAAGCATCGAA,437
ACAATATAATGAAAAA,437
ACTCGGTTTGTTTAAA,437
AGCAAAACAACAAACA,437
ATATCAGGCATTCATG,437
ATGGACGCATTACACA,437
CAAACACCGCAGTTGC,437
CACCATACTTAAAAGC,437
CACTAAAAATCCACTG,437
CTACATGAGACATATT,437
CTACGTAGTCCACTCT,437
CTAGGTTCAATGGGTT,437
GAAAACGACGGTTACT,437
GAAGTTACATGAATCC,437
GAATGTCTGGTTTACG,437
GACCACATATCAACTC,437
GCTAATACCATCCAGA,437
GTTCTTTCACACACAA,437
TAACTCATCAACAAAC,437
TAAGAAGTGTCGTTAA,437
TATACGTTTTAACATT,437
TATGAGATAAACGCTA,437
TCAAACTTTCGTTTCA,437
TCCATGGGAAACGCAA,437
TCCTAAATTGATGTAA,437
TGACCAAAAAAAAAAT,437
TTCATCACCACACTCG,437
AACTATAAAAATTACC,436
AAGACGTCGATGGCAC,436
ACCGATAGATCCGAAT,436
ACCTAACTGTTAGGCA,436
AGGCTCTGCCTTGAGC,436
AGGGGCAAACCCATCA,436
CAAACTTACCCGGAAA,436
CATAGGCTTTCTTAAA,436
CATCTGCTACGCAGCG,436
CCCCTGATCAAATACC,436
CCGCCAAGGATGTCGT,436
CGAAGCCTATAATTAT,436
CGCGAAACATGCTGAT,436
CGGATAAGAGTTTAAA,436
GAAACAAAAACTCGGT,436
GAAGAGTCAGGTCTTT,436
GATACACCAGCGCAGA,436
GCGAATGATTAGGGGG,436
GGACATAACCTCCCGG,436
TATATAACTAGCACTA,436
TATATCCATAAACCCA,436
TTTAAACATCATGGGT,436
TTTAGCGATGCTAACG,436
AACAAGGGGATGTTTT,435
AACCCTCCCTAAACAT,435
AACCGAGCCAATTGAC,435
AATGGATTGCATAAAC,435
AATTAAAGTTCAATAA,435
ACCCTCCATGAAGCCT,435
ACGAATAAAACCGGAT,435
ACGCATTCAACTAAAG,435
AGCGGAGATTTCTGCA,435
AGTCCGTCGGGCAGAT,435
ATGACAACTGAATCCC,435
CATATTCAACTGGCAA,435
CCAACGACCAGCAAAA,435
GATACGAATTTAAAGG,435
GATGTATGACAAAAAC,435
GCCAGGACTTACGCCT,435
GGCGCACCAGTCGAGA,435
GGCTATAGAGGGTCGT,435
GGTAGCTGGCTTCCCT,435
GTCCATTGAAACCCCA,435
TAAATTAGTCGAATAG,435
TAAGGACTTACTTCCA,435
TCAATGTACAAGTTTA,435
TGATTATTTTTGCCTT,435
TTGTAAGGCGACTATA,435
AAACCAAATTGGTATA,434
AAGACGCCTATGTAGA,434
AAGAGCTCGTAAACAT,434
AATGAACAATGTACAT,434
AATTATTTTGAAAAAT,434
ACCCACAAATTATGTA,434
ACTGTGACTGATTACA,434
AGCTACACCTCTTGGA,434
ATGATTCAAACAGCTT,434
ATTCACCTTCGAAAAA,434
CACGAAAAATCTCCAC,434
CAGAGCGGACCCACGC,434
CTCGTTAAAGCTCTAA,434
GAGAAGACTAAAATTT,434
GAGCTAAGAAGTTCTA,434
GATAATCGTATTTCAA,434
GATTATAGTAAACCCA,434
GCACGATCTTGTTACG,434
GGTGGGGTAATCTGGC,434
GTACCGATAATTACAC,434
GTAGCCTCATGTCCCC,434
TAAAAAGCTCTCTCCA,434
TACCGAAAATCAGTTC,434
TCAAAATTTATATGTA,434
TCTATGGTACTAGTTA,434
TCTGCCAAAGACTCAC,434
TGACAGACGTGGAATG,434
TGATTATTACGTCTAT,434
TGATTTTAGATTAATT,434
TTATCCATCACACAAT,434
TTATTGTAGACAAATC,434
TTCCCCTTAGACAATC,434
TTCGAACAATCTACGT,434
TTGACGCGCATGTCTA,434
AAACTAACTCTATACA,433
AACATTAACTAATGGG,433
AACCATTAATCTCAAA,433
AACCTCCTATGAAAAG,433
AAGATTCTAGATCCAA,433
ACACGTATATCACTTA,433
AGACCCCAACTAATGG,433
AGTAGATTTAAACGCG,433
ATGAACGAATGAGTTA,433
CAACAACATCATAGGG,433
CAACATATCTGTTAAC,433
CCCTAATCATATTTGC,433
CTCGATCCCCGATTTT,433
CTTACAAAAACCTCTT,433
GAACACACAGACAGGC,433
GAAGTATTAATTGATG,433
GCGCTTTCATGATTGT,433
GGAGTGCTAGGAAAGC,433
GTCCTTGCTATATAAC,433
GTGAAACTAAAAACAG,433
TAAGAAAGAACTGGAT,433
TAAGCGAATTAACCCT,433
TAAGCGCACTTCATAA,433
TCCAAAAGGGACTATT,433
TTAATATTTAATGAAC,433
TTAATGCATACGGATA,433
AAAGACAAACACACAT,432
AAAGCTCACTCAAGCA,432
AAGTAACACGGGTGCA,432
ACATATCAGAAACCCT,432
AGAAAACATGCCTAGG,432
ATCTGAGATGCAAACT,432
CAACTCTCTCGACAAG,432
CCCACCATAGCTGGGG,432
CTATCACGGATTAACT,432
CTGGTTAGTATACGGG,432
CTTCAATTCGCCAAGC,432
GAACGTCCTAGTAAAT,432
GACCCCTTACGTAAAC,432
GAGAGACTTAAAAGAA,432
GGTCGTAAGCTTGCAA,432
GTACTATGGAAGTCCT,432
TACAGTGGAACCCCCC,432
TCACCTAAAAGACCTG,432
TGTAACCTGATTGTAT,432
TTCCAAAATAGTCTGG,432
AATTGTACAAACCTCA,431
ACGCATTCCCTAATAA,431
ACTCATCATTCATAAA,431
AGTACGGCAGCTGCCG,431
ATTACTTAAACAATTT,431
ATTATCTCGTACAAGC,431
ATTTATACTCTCAAAT,431
CAGATCGAAATTCTTC,431
CCATAAGAACGTTTTC,431
CGCATTTGATACTTAC,431
CGCTATTATTGGTGCG,431
CTGGTTCTGAAACCAC,431
CTTACGGATTAAACGC,431
GATATAAAGAAATGTA,431
GTAGGCGGAGCCAGCA,431
GTATGGTCAGAGAACG,431
GTGTACTTTCAAGCAT,431
TAAAGTAGTATAGGCA,431
TATGCAATACATAAAT,431
TATGCTTGTAACAGAA,431
TCGTTTAACCAAGTTT,431
TGCATGGGATCGATAC,431
TTAAAATCAAAACTTT,431
TTCAATATCTTAATCA,431
AACGGGGCACAAATTG,430
AACTAATTAAATACTT,430
ACATTATCATGGACTT,430
ACTCAGACACGGTGTG,430
AGTAAGTGACCACTAT,430
CAAAAAATCGTAATAA,430
CACATGCATCAGACGG,430
CCACTGAAATTACAAG,430
CGAATAGATTCAACTG,430
CGTAACACTTATGCAC,430
GAACTACAACAAGTAT,430
GACCGAGACATACTAT,430
GATTTGTAACAGTGCA,430
GCTAGAGATCGTATCG,430
GGTATACGATATCACG,430
GTAAGCATTTTATAGC,430
TGTAAATTAAGCGCAA,430
TTAAAAGAGCGACGCC,430
TTATATTGGAAGAGAT,430
AAATTGTACTACTCTT,429
AATAACGAGGACTATA,429
ACGCACAATGAGAGAT,429
ACGGGAAAAACAAACA,429
AGCATTGTCGAACAAT,429
AGTTAAAGAAGTATGA,429
ATACAATAATGAATTT,429
ATCCGAGTCGGGGTAA,429
ATGCCCAATGCCCAAG,429
CATCACTTCGACTACG,429
CCCTGCAAAACCTGTA,429
CCTCAAGGCAGCAAGC,429
CGGAAACCATGATGTA,429
CTGCACCTCACAACTC,429
GAACATTAAAGAGAAA,429
GAATGGCAGCAACAAC,429
GCTCGTTCGAGTGTAA,429
GGTTGACAATTTAGCA,429
GTATAAAGCTATACTC,429
TAACAAATTATTTCGG,429
TCCACTGTGAAACTAA,429
TCGCTTATTACATAAG,429
TCTAAAAGTGCGAGTG,429
AACATAGTGTGAAATG,428
AATTAATCATCCCAAG,428
ACAATCAAATAGTGGT,428
ACAATTACGAAAAAAT,428
ACCCCCCTGTTCGAAC,428
ACTCATCCCAGCCACT,428
AGCGCCTGTCGCGCGG,428
AGTCAAATATCCATCC,428
CACAATCCAGCTACAC,428
CACCGTTTTTACATCA,428
CAGGCCGCCTAAAACG,428
CATGTAAAGGGACCAA,428
GACAACAATACCTGGC,428
GGTAGTCAGACCAACT,428
TAACTATCAATAGCAT,428
TACCATTCCGCAAGTA,428
TAGAATAATTCAAATG,428
TCAGTCTATATGAAAC,428
TCGATTTAGTGAACTT,428
TGATCCTCCCGTTCGT,428
TTACTGAGTGAATTTT,428
AAAGAGGCTTGAAATT,427
AACAAATAATACTTAA,427
ACACAATAAATACACC,427
ACCACCGCTAAAAAAT,427
AGAAAAAAAAAGTCAT,427
AGACCAAACCGGTCCT,427
AGTAGTCACCATGGTC,427
ATATTCTTAGCCCCGT,427
ATGCATTAGATAAAGC,427
CAAACAGACCTCCTGT,427
CAGCACTCCCGATTAC,427
CGAAGTTATGAATACT,427
CGACAAAGAATAGTCT,427
CGCAAGACGAATAGTT,427
CGCATCGACATACCAA,427
CGGCGGCCTCTGCTCC,427
CTGCGTACGAGCAAGA,427
GATAAACCCACAACAT,427
GGAAATATATAGAAGA,427
GTATAAAATTCAGATA,427
GTCTTCACAGGATGGG,427
TACTATATTCGTATGC,427
TAGGATCGCGTGCGAA,427
TCCAATCGCTCAATAA,427
TCCATTGTACTGATTA,427
TCTTGACCCAAATTAA,427
TTATCCTGTATGAACT,427
AAAAATTGTCCTGTAA,426
AAACACCAGAGACGCC,426
AAGAGTATACCAGAAC,426
AAGCGTTCTAATAAAG,426
AATATAAGAGATCTAT,426
AATCCCAATGACCTCT,426
AATGCAGAGGTGCACA,426
ACACCACTATAAAATC,426
ACTACGGTATTATATC,426
AGCCCGTATTGAAGAG,426
AGGGTGCGCCGAATAC,426
AGTCCAACGACGGGTA,426
CAAGAGTTTCAAGCTA,426
CCACTCTTAAATAGTC,426
CCAGGACGCCCTAGGC,426
CCTTACTCGTGAATCA,426
CTCCATTATCTTGCAG,426
GACAAACGGTCTAAGC,426
GAGACGAAGCACCTAG,426
GTTAAACGAACGATTA,426
TGAGCACACACAATTT,426
TGTGCGAACTACAGGT,426
TGTTCTTTTAGACCTT,426
ACCGTGGTGAAACTAA,425
ACGTGATGACGGAAAA,425
ACTGTACTTTTACTTA,425
AGATATTTAAAATTGC,425
ATACATTGACGAGCAA,425
ATGCCATATATAACTA,425
ATTGCATGCTTGACAA,425
CAGAGCAAAAGATCCA,425
CATTCCTGGCGACCTT,425
CCAAAGTAAACGCGAC,425
CTACCGGTGTAACCGG,425
CTTAATATATATACGT,425
CTTGTTAAAGAAAAAC,425
GAGAAAGTATGAGGGC,425
GAGCTTTGATAGATTG,425
GAGTGCCGATATCAGT,425
GATAAAATATAGTGAA,425
GCATACATGAACATGT,425
GTCCTTAGAATCAAAT,425
GTTATACTGGGCATTT,425
TAACTACGGACCTTCC,425
TAAGGATCGGTATAAC,425
TATTAAAAACAAATAC,425
TATTTCCCAACCAACT,425
TCTAGTTTGTAGTCAG,425
TCTCTTAAACATAGCA,425
TGCAAAATATGATTAA,425
AACATGCAAATACGAC,424
AAGAGCTTTAAAAAGT,424
AATGGAAAACTAGGAA,424
ACGTGAGATATTTAAG,424
ACTGCCTCAGACATAC,424
AGAAAACTGTTAAGGA,424
AGAACGGTATGACCGA,424
AGAATCTTGCAAAGAA,424
AGCGAGATATCGAAAT,424
AGTGTACTCCAAGAAA,424
ATCTAAGCGTTAAGAA,424
CAACCTGTATCAGGAC,424
CATATTTAAACCGATA,424
CCACTACACGCTCAGA,424
CCGGACACGGTTTAGT,424
GAAGCAATCTCTAATT,424
GAGTGACCTGAAGCCA,424
GATGATGGACTATTGA,424
TAGCGTGAGTTTATAA,424
TATAAATACGCATAAC,424
TCAAATAATCTGCCCA,424
TGAAAAAGTGCAAACG,424
TGCTACATAGGGATAG,424
TGGAAAATACAGAGCA,424
TTACACCACCATAGAC,424
AAAAGATATATGGGAC,423
AAAATTGTCAATACAA,423
AAATATACGGTCCCGG,423
AAGGTGCCCGTGAGAT,423
ACATGATTCTTAACAC,423
CAAAGGCGTAGAACCT,423
CAGGATAAAACCAAGA,423
CCTAAAGAATCCGAAA,423
CCTCATTACATTATGA,423
CGGATACATAAAACTC,423
CTGTCCTCACAGGGTA,423
GAGAATAGCACCCAAA,423
GGTCAATAATCATTGT,423
GTCCATATCATACAAG,423
TAAGCCTCAACAAAAG,423
TAATGATATATATTTG,423
TACGTTGTTAGACTGA,423
TAGTAATGACTAATGC,423
TATGGATTACACTATA,423
TCACCAATGGACCAGA,423
TGCCAAGTAACTTTTT,423
TTAATTAAACCGGTTC,423
TTAGAAAATATACAAA,423
TTATTCACGACTACTA,423
AAAACGCAACAACTTT,422
AAACAATTGCCGGGAT,422
AATATGTAACTTGAAA,422
ACCCAGAGGGCTGAAC,422
ACCTCAAGACTAAAAT,422
ACGAGCCAAATATGTA,422
AGAAAAACCTTCGTAA,422
AGATCTAATGCCGACC,422
ATACGAGCGACTCTCC,422
ATCAAAGACGACGGAT,422
ATCGTCGAATAAAAAA,422
CAAACAAAGCTTCGAA,422
CACAAGCTACTCCGAT,422
CAGTCCAATAAATGAT,422
CATTAAGAATCTGCTA,422
CATTTAAAGAAAGCCA,422
CCAATGTCGATTCCGA,422
CCCCTGTAAGTAATAA,422
CCTTCAATGACCGAGA,422
CTAAACTGATTATAGA,422
CTATACACATCAATGC,422
CTCAACGAGAGCGAGA,422
CTCCATATCAACCAAT,422
CTTGCATTTTGACACC,422
CTTGGTTTGACGTAAA,422
CTTTCCAGATTGCGTG,422
TAACGAAATACTAAAT,422
TATAATACTACAAGGC,422
TGAGCTATATATAGAC,422
TTAACAGACCATTGTG,422
TTCAATCTGAGAACAC,422
TTGAATAAATCTGTTC,422
TTTTGAATAAGTGGAA,422
AACTCAATGTTTGAAC,421
ACAGGAAGACAAGGAT,421
ACCAGTCGACTCTGCC,421
ACTTAAAAGATTAAAA,421
AGACTTGTGCATGACC,421
ATGCTAGAAGAAAGAA,421
CAGCATTATCTGAGGA,421
CAGCTAGATGAACGTC,421
CCCCTATACAACCCTG,421
CCTCATTTGCCCTACG,421
CGAATACTATAGCCTC,421
CGTACTATCACACTAC,421
GAAAGCTACCAAATAT,421
GAATGGCAATAGATTA,421
GATACGGGATGGAAAG,421
TAAAGCGGACATCACA,421
TAACTCCCAGCTGTAG,421
TACTGTCGATATAATC,421
TAGCGTCCACGACTCA,421
TCATCGAACAGGCGAC,421
TCGAATCACACGTATT,421
TGGAGGACAATTGTCG,421
TTTGTCTATGAAACGC,421
AAAATGTGCACCTCCA,420
ACAAATAAAGAAAAAC,420
ACTATAATGTCCGTGA,420
AGATTTGGCTTTACGA,420
ATTAATTTTGGCGAAA,420
CAACCGAAAAGGTTTG,420
CAATACTAGAGAGGCA,420
CACTAGAATGGCTTTA,420
CAGACGTCATGATAAG,420
CAGGGATCAGATCGGA,420
CCCCAACCCGAGGTTT,420
CCGCCATCAGACTGGA,420
CGAAAACAATCCAGTA,420
CTTAATGCTGTGAAGG,420
GACACTATTTGAAAAA,420
GACCTGTAACAAGATT,420
GCCCGTGAAACACCGT,420
GGTATATATTTTAATA,420
GTATCTACGAGCAAAC,420
GTGTATACGTATGTTG,420
TACGAAGTTTTACCAA,420
TCGATAAAACTGAACC,420
TCGTTACCAATTCCAC,420
TCTTAATTATGAGCTA,420
TTACTTCGTAGAAACT,420
TTATACGATCAATATT,420
AAAGAACAGAACAAAT,419
AAGAGCAAATTTCCAG,419
AATACATCTGCTATTC,419
ACAAAGTCCACAGCAT,419
ACAGACACATACGAGT,419
ACCAACCGACATATGT,419
ACTCGCACTGAAGGGC,419
AGCCGAAAGAGTCATG,419
AGTAAGACGAGCCACC,419
ATCCTTCTTTAACTTT,419
ATGTCCAAGGTGTTTT,419
CAAGAGAGGTGCCAAC,419
CATTAAGAATCCCCAA,419
CCCATCGACATATTTG,419
CCGTTACCGAAATAGC,419
CTAAAGTTAAAAACAC,419
GCAATAGCAATATCAA,419
GTAACAAATTGATCTG,419
GTAACGGATTTACCTA,419
TATCTATTTCGACAAT,419
TATTAAAACATAATGA,419
TCGAAGAATAGCAGAT,419
TTTATTATACTTATAT,419
AATACTAGATACAAGA,418
ACAACAAACGACGTAG,418
ACACCCGAAAACCCTA,418
ACACCGATCCCTCGGA,418
ACACCGCTTTGAAACT,418
AGCCCTATTGTATGAA,418
ATGAAAACTCCCTGCT,418
ATGCCTCAAAAACTCC,418
CCATGGAAAGTATATC,418
CCGGAGTGCCCAAGAT,418
CTAGATCTTATATATA,418
GAAAGGGTCATAAGAA,418
GAACTCCTAATAACCC,418
GATTCTTTATATAACC,418
GCCAGCAAAGATGCGA,418
TAAAAGTTGGCCTAAG,418
TAAACAACTTAGGGAA,418
TATTGCAACAAATCTG,418
TCAATGCTGATTTACC,418
TCACCGGTATCAATAA,418
AAACAAGAAAGCAAAT,417
AAACTAAAAACAATAG,417
AAAGCATAGATAACGA,417
AAATGTAGCCCGAAAA,417
AAATTTCACACCCTCA,417
AACAAAATCTTAGAAA,417
AAGAGGCTGACCTCAC,417
AAGTATTTGATACTGT,417
AATGAATGCTGAAGAA,417
ACAATAAGGCTAAAAC,417
AGCATACATATTGCAA,417
ATAAAGGGTTGTAGCA,417
CAATGCCGTCTATAGT,417
CAATGTAAAAATGCCA,417
CCATTAGCCTCCCATT,417
CCGATGACCTCTCTTC,417
CGGCAGTACGTGCAAG,417
CTAGTCAATATCACGG,417
CTATCCCCTGATGCAG,417
TACGACCCTAGAAAGG,417
TACGATGATAACGTAG,417
TCACAACACGCTGCAA,417
TGAGTAATGTAATAGA,417
TGCTTCTTACCGAATA,417
ACAAGTCTTTTGAAGT,416
ACACAGAAAAAAGACA,416
AGAGCTCCTCGGAGTG,416
AGCCTTTCTCCGCGAG,416
ATATCCCTGAGCCCTA,416
ATGTCGCTAGACGCAT,416
ATTAAAAAAATGGCAT,416
ATTGGAAATCCGACTA,416
CAAATTAGAGCTATTA,416
CAGATAAAGAAGGCCT,416
CATCACGACAAAACCA,416
CCAGCACGACTTATCT,416
GAACTACCCTTTATCA,416
GCTACATAAACATAAC,416
GGAATCCATCAAACAG,416
GTAAACAATGACATAA,416
GTCACATCCTAAAATC,416
GTCACTAATATTTGCA,416
TAAACATGCTTGTAGT,416
TAGAAACAAAATGTCA,416
TGAGGTAAACACGAAC,416
TGATAGAGTGTTAAAT,416
TTGAAGATAGAATGAT,416
AAATGAAGTAAATGGT,415
AAGTGTAACCCTATGA,415
ACGATAGTCTCAGGAT,415
ACTAGCGTAATAAGAT,415
AGACGCTAAATATTAC,415
AGAGTAACCTAGACGG,415
ATACATTATCTCGATC,415
ATACCTCCCGACAAGT,415
ATCTCAAGTTATAGCC,415
ATTCAGGACCATTCTT,415
CACGCCGTATGTAAGC,415
CAGACCAATTTACAAC,415
CCATACTACTCCAACC,415
CTTAAATTGATAGATA,415
GCCAAATATAGCCTAC,415
GTCAAATGAGCGCTCT,415
TAAAACTCGTAGTCAA,415
TAAACAGAGCTTGTCT,415
TACCAGGCGTTCGATC,415
TACCGGCAGAAGGCAG,415
TCCTTATTGTTCTCAA,415
TCGAGTCATCAAGGAC,415
TGACCCGAAAAACCAC,415
TTATGACGGCGCTACC,415
TTCGGAAGCTACTTGG,415
AAAATTATTTAAAAAA,414
AAGGGAGTTGCACTCT,414
AATACATTGGAATGAC,414
ACCAAGCATGACAAAA,414
AGTAAAATACCGAAGC,414
ATACCTAGTCATTAAG,414
ATAGAAGAGTAGTCTA,414
ATGTTTTTACTATAGT,414
CAGCGAATAACAATTA,414
CATAGTCGAACAAACA,414
CCTTGCGAATCTTTCC,414
GACAACATGCCTGCAG,414
GCAATCGTAGACTCAC,414
GGAGTCCAGTCGGCTA,414
GGTAATGAACTACACG,414
TACATAAAAAAAAGTC,414
TATAAGATTTCAAGTA,414
TCACGAAAATCTTCGA,414
TCCGTAAACGCTAGAA,414
TCTTCTTTTAAACTAT,414
TGGACTCCTTTAATTA,414
TTACTTTCAAAATATA,414
AAAGCCTCACTGTATT,413
AACTTTGCGGCGGCCC,413
ACACTGACCGTATATA,413
ACTAGGAATGTCACTT,413
AGATAACATTACCCTC,413
ATCTCAACCCCAACAC,413
ATGGAAGCAGAACAAA,413
CACCTAAAAACAAGAC,413
CACGCCTAGAAACTCT,413
CATACCACGTCTACGT,413
CCCATTTTAGTCAATT,413
CTAAGATGAACGAACT,413
GAACTGCAGATTTCAG,413
GAATAGTATTCTTTGC,413
GATTCACATAACAATA,413
GCCAAAAGCGCCGAAT,413
GGTACATTAATACCAA,413
GTCAAAATGAAAGAAG,413
TAAAACAGAAACGATG,413
TAAGATTGTACTATGA,413
TAATCGACTACCCCTA,413
TCCGCTTTTGTCGTAA,413
TGACGACAAGATGCCA,413
AAAAGTAGACCAGCTA,412
AAAGGTTTAAAAAAGT,412
ACACCACAGTGTTACG,412
ACCAAAAACATTCTCA,412
ATAAAGATACCAAATC,412
ATATTTACCATCTTCA,412
CAGTCGTTGCAGTATA,412
CATAATCCTACAAAAG,412
CATGCGGGAACGCAGA,412
CATGTCCCATAGAAGA,412
CATTAAAGGAGACCAT,412
CCACCCGACTGGGGCC,412
CCAGGTTCGACTCAAT,412
CCGACTCCCTTAAGCC,412
CCTAACCGCATTGAAC,412
CGATAAAGAATCATAC,412
CGCGATAGTTTCCAAA,412
CTGACGCTTCAAGAAG,412
GCCCCGAAAAACTCAA,412
GGAGAAAGAGCGGCGT,412
GTTCATGTTTAGCGAA,412
TAACTGACGCTGCAAA,412
TAGGTCACCCGCGAGA,412
TATACTCATGTATTGG,412
TCCAATAGCGAGGACC,412
TCCGTTAGAGCTCGAT,412
TTAGGTCGACAGAATA,412
TTGGTGAGTGTCACAT,412
TTTGCAGATATTCAAG,412
AATGGACGCCTAAACA,411
ACTAAAAGTAAGTTAG,411
ACTTTGAGCACACCTA,411
ATAATTCCTTCGTGCT,411
ATACTAATTGCTTTAT,411
ATCCGCAATGAGTAAA,411
ATCCGCATGCTTCTGA,411
ATGGAGCCTGCCAGGC,411
CACAAATAACAACCCG,411
CATGACCAAGAACATA,411
CCATTACAACCCCCAA,411
CCCAACTAGCTCATTA,411
CCCAATTTTATATACG,411
CCTATTCATACAAGAG,411
CTGAAGGATTTCTAAA,411
GACGTATACTAAAGTC,411
GCATTCATAATTAACA,411
GTTTTAAAGGATCGAT,411
TACAAATTGCCCCACT,411
TAGTCTAGAACAGGAT,411
TGAATACCGTATGTCA,411
TGATGAAGATCTTTAC,411
TGCATTCTGAGCTAAA,411
TGCCGACACTTTCCCT,411
TGGTAACAATAAATTT,411
AAAAAAAAGCGGGGTC,410
AATAAGAGGAATATAT,410
AGACTATGAGGGATGT,410
AGTCTACTCTGATAGA,410
ATACTGGACGGCTCGA,410
ATGCTAAGCGTTCCTA,410
ATTTATCCGAATTAGG,410
CTAAGGTATACAAATT,410
CTCAATGAAAAGGCAT,410
CTCTGAGTCATAATAA,410
CTGTACACACATCTGT,410
GAAAGAAAAAATAGGC,410
GAGACAAACGAAATGA,410
GATAAGAAGCAAACGT,410
GGTTCTGCATATAGAC,410
TAAGAGGGTGGGTCAG,410
TCCATCTAATGCAGTT,410
TCTGAATCAGAAACGC,410
TGAACTCCACACGGGG,410
TTACTTTATTAAGGGA,410
TTTAGGGACATGCAGA,410
AAGACGATTTTGCTTG,409
ACAACGAAGTCGCGGT,409
ACACTATCCTATACTA,409
ACATTTCTTTCGACCC,409
ACCCTACGAAACTAGA,409
ACCTAACTCAAAATAT,409
ACGTGAACACATTAAA,409
AGACGGCAATCCGCGC,409
AGACGTGCCTCCTACC,409
AGGTGCTAACAACGCG,409
ATCAAATTCTAAGAGA,409
CAAAATAAGAAATTTA,409
CCGCTTAAAACATGTG,409
CTTGTGATATACCACC,409
GTCTCAACTAAGAAGG,409
TAAAAACCACGGTGAG,409
TACAGACTCATATTCC,409
TCGAAGCCCAGTTATG,409
TGTGGCGCACCCCAAA,409
AAACAATCATTAATAA,408
AATAGGGACCATTCGC,408
ACAAAACGCAAGCGAC,408
ACCTTGACTCTGGTAA,408
ACTTGAAACATCAATG,408
AGATAAAATGGAATAT,408
AGCACGAGATGCCCAC,408
ATACGGACGAAAGGCA,408
ATGGCATAAGACCAAA,408
CAACAATATCTTAGCG,408
CCTCGAAACCGACTAA,408
CGAAGATTGCATACTG,408
CGCAATACAGAGGTGA,408
CGGCCGACTACTTGAA,408
CTAAAGGGAGGCTAAA,408
GATACGTGCAACCGAT,408
GCAAGCATTAATTAAG,408
GTGGACTATCCTCATT,408
TAATGAACCCTTTTAT,408
TCACGAATAACTTAAC,408
TGTTCAAAAGCGAAGA,408
TTAGAACAGCATGAGT,408
AAAATACGAAATTGGA,407
AACGCCCATCACTATC,407
AACTAGGACACGATTC,407
AAGTAAAGACCAGTAA,407
AATCTGGTAATCCTAG,407
ACCCCGTACGACAAAT,407
AGTTTCAAATCAATAA,407
ATACTTCCGATTAGTA,407
ATATTAACTAAGTCTA,407
ATATTGTATATAACTG,407
ATCTCAATTGATAAAG,407
CCAATGACTAACCAGT,407
CCGTTTTAATATCTAT,407
CGGGAATGAGTGTACG,407
GCCCGCTTAAAGAAAA,407
GGAATAATCTAAAATA,407
GGAGATACAAAAGCCA,407
GGCAAAGCATAATAGA,407
GTAATAAAGAACACGA,407
TACCTAATTTTTGGCT,407
TACTATCAAACTCGAA,407
TAGAGCAGCATAGAGT,407
TCCATCAGGGAATAAG,407
AACTTCTTATAAAGCC,406
AAGCCTGCCAATTAAG,406
AATAAACAAAAAAGCC,406
ACCATATCACAAACCG,406
ACCGGCTCCAAAGAAG,406
ACTAAGCCTGACATAC,406
AGATCATAAGAGAAAA,406
CAGGTACTAAGAGAGT,406
CATGTGAAACTTTGCA,406
CATTTGTAAGAGAGAA,406
CCGGATGTGGGTATAT,406
CGATAGCAGTTGCCAA,406
CTAACCCTAGTACCAA,406
CTATTGCCCTGTAGAA,406
CTCAGCCCTAAATACA,406
GATTGCATATCATATT,406
GCAAAACCTAACATCT,406
GCTGAGCGGTAAATTC,406
GTTACTGAATGCGACG,406
TAATTGACGAACATTG,406
TACACAAACGGGCAAA,406
TACCAGGACTAAACAC,406
TATCATACCTCGGATT,406
TCATGCAGACACCACG,406
TCCGTCTTCCCCTACC,406
TCTCGTTCTTAACAAG,406
TTAAATCTCTGAGGGA,406
TTCTGACTGCCAAGAC,406
TTCTGCAAATCCATAA,406
AACTTAAAGTACAGTG,405
AATCAGGTCAGACTCT,405
AATGGGTTTCTCTTTA,405
AGTAATACTAAGACTG,405
ATAGTCCGTGCGAGGA,405
ATCATATGGAGAAAGC,405
ATCCGTTCGAAAATAG,405
CAAGTCAGACGATTTA,405
CATCCTTGGAGGCTAT,405
CCAATACAAGCTCTAA,405
CTAATAATCGTATCTG,405
CTAGCATGATCCACTG,405
CTCAGCACTAACTCAT,405
CTGACAAACACACAGC,405
CTTGGGTATACGATGA,405
GAACGAAGTAGTAAAA,405
GCCTTCTGCCGCGTCC,405
GGCAAAAGTGTATAGA,405
GGTGAAACGGAGAGAC,405
GTTTCAAAGTAAAACA,405
TAAACCCCTATAAATA,405
TAATTACACCACAAAA,405
TAGACACCTACAACCA,405
TAGTTAAGCCGGTATC,405
TTTTTAGAACATAATA,405
AAAACCCCATCGTAAA,404
AAAAGAGGGCATGTTC,404
AAGTGAAAGATCTTAT,404
ACAACCGATTCTTTCC,404
ACTTATTCCAATGTCT,404
CCATCTACTCGGAAAT,404
CTCATCAAAAACCATT,404
GACGCTGACTAATTCG,404
GAGAACTTAAATTAGT,404
GAGCCATGCAATAGCT,404
GATGCTAAGAAACTAT,404
GTAAAGAAACGAATAC,404
TAAGCGATACTTTTTC,404
TCTAGCCAGTAAATAT,404
TCTCGACTATACCTCA,404
TGAAGTATCTCAAGCC,404
TGGCCACTCTTACCCC,404
TTAATAAGGGTATAAT,404
TTCGTTGTACTTAAAA,404
TTGCGGGGCTCTTGGT,404
AACAGCATTTATCTAA,403
AAGTTACTTAATCTCT,403
AATCGTGAGTAACGGA,403
AATTGACTAAGTACCA,403
ACAAAGTAAGTAGCTT,403
AGAAATACAAACCCGA,403
AGAGGATTCTTTGCAC,403
AGATCCAGTATGTGCA,403
ATACATCTCAAATGTA,403
CACTAGAAATATATAC,403
CCGGTTACATATCATA,403
CGGAGCTTATATCTGA,403
CTGTGCTTTTAAGGCA,403
GAAGCCATCACAGCAT,403
GACAGTTTCTTGAAAT,403
GCATTGATTGAACATT,403
GCCCCAAAGTTTTTCT,403
GTTCTTGAGTACCTAT,403
TAACTTTCTTAGCTCA,403
TAAGACCGTAGATACT,403
TCAAATCTGGCATAGT,403
TGGGAACCCCGGCTGA,403
TTCGAATAAACCCATT,403
AACACAGTAAATTCCT,402
AATGACGTAGAAATAA,402
AATGTCACATTGTGAT,402
ACGTATATTTGGCTCT,402
AGAAACTGGATAGCCC,402
ATATTAGCCAGCTAAA,402
CAGGTACAAAGCACTA,402
CTCCCGAGCACAGTCA,402
CTGACCAGAAGGTGCC,402
CTGCAACAAAACAAAC,402
CTTCAATCAAAGTCTC,402
GATAATATGAATAGTG,402
GCCGGTTTAAAAACGC,402
GCTCCAAAGATCCTCA,402
TACAACAGTTTATCGC,402
TAGTAAAAGTTGGCAA,402
TATCTATGATTCTGAA,402
TCGATCCCTGGGTGAA,402
TCGCCCCTAATCCAAT,402
TGCTTTAAATAAGAAA,402
TTCGGAGTTAAGTACT,402
AAAACGAGCCTACAAG,401
AAAGGATCATAACAGC,401
AATACATTGTCTACAA,401
AATTGGCGTAAACTTT,401
ACATGCTTCAAACCAC,401
ACCTACGAAGCAGTGA,401
ACGGTAGGAGACGACA,401
ATCAATTATAAATTCA,401
ATGACGAAGCCGGGCA,401
CCCGTCGACTACCTCT,401
GACAGCATCTAGCACT,401
GACGACCTTAAGCCTA,401
GAGCAAGATGGTATAT,401
GAGTGGTTCACAGACA,401
GTTACTGAACCATTCA,401
GTTGATACATTTTGGC,401
TAACAAAAGGGTACAT,401
TAACTACATGCAGCCA,401
TAACTTTGCACAAGCT,401
TCAGCCCTGCTTTAAA,401
TCGATGCAAGAATAAG,401
TCTAACTTACCAACTA,401
TCTGAATGCGAGAAGA,401
TGCAGCAGGTTGTACA,401
TTATCTACCTACCGGG,401
TTGCCCAAAAGGAATC,401
TTTTATTTAGGAGAAT,401
AAACACACGCGTACCC,400
ACATACCCGGGTAAAA,400
ACCACATCTACAAGAT,400
ACGGAACTAACCGAGC,400
AGTTTTGAACAGAGTT,400
ATATCCACAATACACC,400
ATCATGATCTTATAAT,400
CGTCTTCACCAACCAC,400
CGTGCCATATCTTTCT,400
CTTAAATGGAGTCAGA,400
CTTCCCTGTGAGAATA,400
CTTGCCACTGAATAGG,400
GATAAATGCTCACAAA,400
GATAACTAGCCTTTGG,400
GTCGTTAACTTACCTT,400
GTGATACAATGTCCAG,400
GTTATAAACCACAGGA,400
TAAGATATCTGTAGTT,400
TGCTCTAGATAACTAG,400
TGGAAAATCGAACTTC,400
TGTAGACTTCCAGAAG,400
AACGTACAACTCCATG,399
AAGTACATAGTATGCC,399
AATTTTCTACAACAGA,399
ACCATGAAATGTAGCT,399
ACGAAGAGAAGCAGCG,399
ATACCTTAATTCTTCC,399
ATACGCTTCGACGCTG,399
ATATCAGATGAACAAT,399
ATGCCATACTATATAA,399
CAAAGAGGTTTTAATA,399
CAATCCCGATCACCTC,399
CATCACGCAAAGGGAA,399
CCAAAACAAAAACAAA,399
GATGATTGCTTTGATA,399
GCATACGTACAAACAC,399
GGGTTATAAGATAGAA,399
GTTGCTGAGCTGCAAT,399
TACTCAAATACAGACA,399
TATTGGAAAGACTATT,399
TATTTCATTAAAAGGA,399
TCCTTTGTCAATAGGG,399
TCGTTAACAGTCAACT,399
TGCTCTACTCCCCTAA,399
TTACATCTCGCGAAAA,399
AAACCTGGATATGAAA,398
AAAGACAGATCCATTT,398
AACTGAATGCAATCTT,398
AAGAAACCAATTGAAA,398
AAGCATACTAGAAGAA,398
ACATTGTCTGAGTGAA,398
ACCTCCCCCACTATCG,398
ACGAAAGTAAGTCACC,398
AGAAAAAAACAACAAA,398
AGCAGGCCACACAAGA,398
ATAAAACTCACGTCTA,398
ATCAGGCGCCAATATC,398
CAGGCACGATGAAAAA,398
CATGTTGCGAACCTAT,398
CATTAATCATATCCCA,398
CCGTTGCCAGCATGTT,398
CCTATTTTAAGACTGA,398
CCTTGAGTAAATCGAT,398
CGAATACAACGGGTAG,398
CGACCATAAATGTCCA,398
CTATGAATTCACTATC,398
GAACGAAAAATGCGCA,398
GATAAAGAGGGTGTCC,398
GGCCATCAATTCGACC,398
GGGATGAGATCAATTC,398
GTAAAAATATGTACCA,398
GTGTTTCAAAGATACG,398
TACACTCATACTCTAC,398
TATCGTTACTCACAAG,398
TGATTACAGTCCACGT,398
TGGATGAAAGTGTTAC,398
TGGCAAAGCAGTACCC,398
TTAGATAAAAGAAAAC,398
TTGTACTAGACAGACA,398
AAAGTACCTGTTTATC,397
AAATGCGACATGACAA,397
AACACTGATGCAAATA,397
AATCAAACGGACTCGG,397
AATTCTTCATCAATTC,397
ACAACTTAAAAAAACA,397
ACTTGCTATAGAATTA,397
ACTTTAGATGACCTAT,397
AGATGAAGCTAGTAAA,397
AGGTTAGACAGACATC,397
AGTAGATCCTATTCCA,397
ATAAGAACCAACAAAA,397
ATCATACAAGAAACAA,397
ATTCTCCAAACACTCA,397
CAAAACCCCTCACCTG,397
CAAGACCAGGGAACCG,397
CACAGGAGACAAAGCA,397
CATTATAGCTGAGGCG,397
CCACGAAAATACTCAA,397
CCATTGAATACGATGG,397
CCCCTGCAAAGCCTCC,397
CCCGCTATCCTAATGG,397
CCGTAACAATGTGGTG,397
CGTAATCCGGCATATG,397
CTAATAGAATTAACCC,397
GACGTATAGACCCAAT,397
GAGAGTATGGACCCAG,397
GATACTTACAGCCACT,397
GGAGACACATATGAGA,397
GGCTTAAGATATAAAA,397
GTAAGATTAGCATGCA,397
TAAAAATAATTCTCCA,397
TAAACACAAATCCGCC,397
TACGGGACCCGTGGAC,397
TCTGAATATTTGATAG,397
AAATAAAACAAACAAT,396
AACCTTTCTAATATCC,396
AACGGATCAGGTAAAA,396
ACACGAAAAACTGAAA,396
AGAGAGGCAGTAGCAT,396
AGCCTAGACTCCTCGA,396
AGTATTTTGGCCATAT,396
ATAATTAGAACAAGCG,396
ATCATGCCACTAATGT,396
ATTAAAGGACACATTG,396
CCTAATATTCGTTGCT,396
CGAGACCAGTGACGAC,396
CGTCATGAAACTAATG,396
CTCACGTGCGAATTCA,396
GCAAGCCACCGACTTA,396
GGAAGCATGCAAACAA,396
GGTTTCTTCCACTCAT,396
GTAATTTTTCCCCAGA,396
TCACCATAATTTAACT,396
TCATTCCATTATCCCA,396
TGTCTTTTCTTCTGAA,396
TTAGACTAATACACTC,396
AAATCCCGGCGCCCCC,395
AAATTTTCAAGATCTA,395
AGAACTCAGAGTGAAC,395
CACGCTAGCGTAATAC,395
CATAATACGAATTCGT,395
CCCCGAGCTAAGACCG,395
CCCGAACAGTGATCAA,395
GAATATCTTCACATAT,395
GACAGAACAATAACAA,395
GCAAGTGATCTCACTT,395
GGTACTCAATTATACA,395
GTAGCTTAGTCAAGAA,395
GTAGGAAACAACGAGG,395
TATCCCGAAAAAAACA,395
TCACGCTTATTGACTC,395
TCTACACGTAGTTTAA,395
TGCCGACATCAACGCT,395
TGCTTGTCAGTCGTAT,395
AACTGAAATCATTCAA,394
ACAGAATTATGATAAG,394
ACCACATACATAGGAG,394
ACGTAGTTCACCTCAA,394
AGCATTAAACCCCCAA,394
ATAACAGTATTCAGTA,394
CACTACAAACTATAAC,394
CAGGGGATTTGCCTCC,394
CATAGACACGCTTCTA,394
CATCTAACACGTAGAC,394
CATGCCCACATAAGCA,394
CATGGTAAACAAACTG,394
GAAAACGAAAAACAAG,394
GAATGAAAGCTAGCCG,394
GCCATATGTAAGAACT,394
GCGAATGATGGTCTCC,394
GTAACATACCACTTAT,394
TACTTCCCCTAGCGTA,394
TATTTGCGAAGTCTTA,394
TCACCACATCTCGTCA,394
TGAGGAGATTGCGAAG,394
TTATGAGGTACATATG,394
TTTAGCTTAATCACTG,394
AACAATAGGCCACTAA,393
AATAACTCAATCCAAG,393
ACCGTCAATGGAGCGC,393
AGCGCAAAATCTTAAA,393
AGTAGCAGAGTGTACA,393
AGTATCTACTGATACT,393
CCTTGAAGCGAAGACA,393
CTATGTACCTCTGACG,393
GCCCAAATGGACCGAG,393
GCGACCACTTGATAAC,393
GGAGCAACCCACTGCC,393
TACATCGTTGTAGCAT,393
TATTCCCAGGGTTTGC,393
TCCTGGCCACCGAATG,393
TCTGAACTCAAAATTA,393
TGATTGACTGCTCAAT,393
ACATTTAACATTGTGA,392
AGAAGTCTTGGTTGAC,392
AGACATTACAACAAAA,392
AGGCCTCTTACCGTAC,392
AGTCCCGACGATAATA,392
CATCGAATTCCCCACA,392
CGCGATCAGTCCAAAC,392
CTGTTAGACTATGGCA,392
GAGCGCTTGTATAATG,392
GCCCGGGGTGAATAAC,392
GGCTACTTTAAATTAA,392
GGGGTTTCATTAAACC,392
GTGGAATAATTCGGAA,392
GTTAGACGACGATAAC,392
TCACCTAACATGGATT,392
TGCCTCCTTAAATAAA,392
TGGACACGATACTAGC,392
TGGGATGTGCAAAAAT,392
TGTACACCTAATCCAT,392
TTATAAGGTCACCCGA,392
TTTCATTAACACCAGC,392
AAAGAAACACATTATT,391
AAATAAGTACTTAAAA,391
AGATACGACGAATTAT,391
ATTCACTCCGCAGAGC,391
ATTCTAGTACAAAAGG,391
CAAAATGACTACAAGA,391
CAGATCTATTTTTCAA,391
CCAGCAATATGAGACC,391
CTACATAGATGCTGTG,391
GAGCAAAAGCGACCAA,391
GGATATTCAATCTCCA,391
GGATATTCTTTCTTCC,391
TAAAATCGTGGGTCCA,391
TAACCGAAATCACTCA,391
TAGGACTCACGCTGAA,391
TAGTCGATGAACGAGG,391
TATGCTCTGCAACTAC,391
TCGCAAAGACTTAAAA,391
TTAACTGACCGGTGAT,391
TTCTGCCGGGTAGCCC,391
TTTAGACCTGCATAAG,391
AAAATAATAATTAGCA,390
AACAACCATACGAAGA,390
AATAATCAGTATATAA,390
AATCACACACAACAAA,390
AATCGACTCTCAAGAC,390
AATGGAACTTAGTACT,390
ACCAATGACAGTGTGG,390
AGGAAGACAATCAGAA,390
AGGCCGCTAATAAATT,390
AGGTGCTATCTGTATA,390
ATAAAATCCAAATAGG,390
ATCTCATATGCACGAC,390
ATCTCTTCAACGTTGT,390
CACCGAGTCTCGGTAA,390
CAGCTTCACCCTATGT,390
CCGACAATACTGAACA,390
CGACTACAATAAATAA,390
CGAGATAGTGACAACA,390
CGTTTTCGGACAGATT,390
GAGAGAACGCGCCAAT,390
GAGATATTATTTAAAT,390
GAGCGGCATATTAGAA,390
GCATCGATATTACGTA,390
GTAATGAATAATAGAA,390
GTCGATTGCACGCTAT,390
TAAGATTTACTATCAT,390
TAGCAAGTCATATTTT,390
TATCGGTTCGATTAAT,390
TGCCCGCGGCTCCCCA,390
TTACATCTAACCAATA,390
TTACGAATAAAAAAAT,390
AATATCATTTAACTTA,389
AATGATAGTCATCAGG,389
AATTACAACCTACTTA,389
AGACTATCCACTGCTG,389
AGATTTGAAATTACCC,389
AGGTGACACAATACTT,389
ATACTAACCCGATCGG,389
ATTAACGATATACCAA,389
ATTCCTAATTATCATT,389
CAATATTTACTCTTAT,389
CACTTTATAACAAGAC,389
CAGATTCACATAACCC,389
CCACCGAAATGAAGGG,389
CCGATTAGGAAAAGCG,389
CGCACCGTTCGCCAAC,389
CTAATACCTCTACAAC,389
CTCTGGACTTTAGAAG,389
GAAAAATCTGATACCG,389
GAACACTAGTATAGAC,389
GAGCTCGTACACAGAA,389
GATATTTGGTTATGGT,389
GTAAAAGATATGGACG,389
TAACTATTCTTGTATC,389
TAGCGAACCGTATTTA,389
TATAGCGGACAGAGTC,389
TCTATACCCCAGTTGA,389
TTCCAAAAACGACATG,389
AAGACTTAGCCGAACC,388
ATAATGTGAATCTTTC,388
ATGTCACGCAGCAAAA,388
ATTTTATAGCATCATA,388
ATTTTTAAATAATCAA,388
CCCGCAAGACCAGCAA,388
CCTTCACGACACCCCT,388
CTCGCGGTCGTACGTG,388
CTGAACTAATAAAAAA,388
CTTTGACACCCATAAA,388
GATGTTCCAAAATAAA,388
GCACGCATAACCCATC,388
GGATGCTGATCATCCC,388
TAATTCTGTCTATAAC,388
TCAATTGCTAGTAGAA,388
TCTCCATTCACCTAAA,388
TGAAACTCGTAAAGAT,388
AAAAAAACAGACATAA,387
AAGGTCAGAATCTACA,387
ACAACTACTCTGACAC,387
ACATAACCTAGCCTTA,387
ACTTAAGAAAGGAGAA,387
AGCGGTTTATGTCATG,387
AGGAAAGCGAAATAGT,387
ATAGCATCAATGTTAT,387
ATTCACAAATTACAAA,387
CAAGAGGCATACTTTC,387
CATCGAAAACCTCGTA,387
CCCCAAATGTCTAAGG,387
GGAAGACAACTCGCAC,387
GGGTGCAGAAGCCCTT,387
GTCCAAGATTAACCTT,387
GTTCTTCAACTAGACA,387
TAATCGACCATACCCC,387
TATTGCCTTTACCTGT,387
TTATGAAAAGTCTTTA,387
AAAGTACGGTGCCAAT,386
AAGAAAGACAAACTAA,386
ACCAACTACCTAGCGC,386
AGAAGAATGTCGACAA,386
AGCCGCTAGATGTCAA,386
ATTCGAATGAATAAAA,386
CCTCATCATGAAACGC,386
CGCATGAACAGATCAC,386
CTCCCCCTGTTCAAGA,386
CTGTATTTTATAGATA,386
GAGTATGTCTGTACCA,386
GCAAAACGTTAAATTT,386
GCATATAATTAAAATA,386
GGAATACAAAGAGAGT,386
GGTTAATGAAATTAAC,386
GTCTAGCCTTACAGTC,386
TAAAAACTACACCAAT,386
TAAGACGTAACCTATA,386
TAAGTTAACATAAAGG,386
TAATGAAATCGGAATG,386
TTATTAGATTTAGTAA,386
TTCTGTAGAAAGTCAA,386
AAATTCCAGGTATAAT,385
ACACAACATGGGTTAA,385
ACACGTGCGTGACAAA,385
ACGCAGATTCCAATAT,385
ACGTGAGAGCCATTGC,385
ATCCTCATACTTTCCC,385
CCAAGACGGTTCACAA,385
CCTTGAACGTGGATCG,385
CGACCGATTGTGTACG,385
CGGTTCTATCCAAACG,385
CGTCCGAACGGATTTA,385
CTAGCAAGGGTTGAAC,385
GAAAGAAGGATCTGCA,385
GCACCATGGTACATGC,385
GCGTCACATGAATCAT,385
GCTTGCGCTTAAATGA,385
GGAACCAGTAAACACA,385
GGAACCTAGTCCGGGA,385
GGTCTTCAAGTAATTC,385
TAATGATGCTAAAAAC,385
TGAATTGAATGACCAC,385
TTAATTCCAAGGGCGA,385
TTCAAACAAATTATTA,385
AAAGAATCCTTCGTCA,384
AAGTACTGTCATTATC,384
ACCGGTCACTAGGACA,384
ACGAAATAGCACGATC,384
ACTCAGTGACGGCAAA,384
ACTGAAAACAAAAACT,384
ATGAAACTTTAATGCT,384
CAAGAATTTATAGCGC,384
CACTCCTCCCCGACAA,384
CGATGACGAAAACATA,384
CGTACTTACCTTAATG,384
CTGCAATGTGACCTCG,384
GAAAATTACATTTTAT,384
GAATTAATTAAATGGA,384
GATTACACTGAGAGAT,384
GCACAATATGTCCCTA,384
GGCTAAGGAATCTACT,384
TACACAAAAAGGACAA,384
TAGATTTAGGGAAGGA,384
TCATAGATGTTATTTA,384
TGAAGAAGGTTCCAAT,384
TGCTAGCCCTAATAGC,384
TTAAGGTAATCATCAT,384
TTCACGGAAAAGCTAA,384
AAAGGGTTGAACCCCG,383
AAAGGTTAGGTCCTGC,383
AAATTACCTACCGCAG,383
AAATTATAAAATTAGG,383
AACAACCAAATTGAGT,383
AATTTGAAAGGTTAAA,383
ACAAAAATCTATTTTA,383
ACTTGAATTCAAAATA,383
AGTTGTAAGTGTCGTG,383
ATATAGAGGTTAATAC,383
CAAATACCACGGAGTT,383
CAGTAGGATCGGACTT,383
CGATTTAAACTCTAAG,383
CGCCTGGTGTCCACAA,383
CGCTCCCCGTAAGGTG,383
CTACACCATTGGTATT,383
CTATGACGATTAGTTA,383
CTGCTAATAAATAACA,383
GGCGATGTTCCCAAAT,383
GGTTCAGGTTTGAAGA,383
TAAGTGGATATTAGTA,383
TAGAAATTTAACATAG,383
TCCCCATGCAAATCAA,383
TCGAACTGATAAACTA,383
TGTCGAAAACAAAGAA,383
TTACAACAACACGTTA,383
TTACCCCTCGGAGCGT,383
TTCTTATGTCTAGAAC,383
AAAGGTCATGAATTAT,382
AACCTCCCCAGAAGCT,382
AAGATACTAAGCTTCA,382
AAGGCGGCTAATGACG,382
ACCAGGAGTAAAACTG,382
AGAAAATAGTACTATA,382
AGAGTTAAATGCCGAC,382
ATCAAAATCAGACAAC,382
CAATAGTAATAAAAAG,382
CATATTAAATCAAATA,382
CATCAAAAGGGTCAGC,382
CCGAATGATAAAGTAG,382
CCGACATATATAGAAA,382
CGAAACAGGTAAACTC,382
CGCCAAATAGTACGAA,382
CTTCCAGTACAACAAG,382
GACAATAACATCCTCA,382
GATATTTTGTCACGTA,382
GCTATGCCATATCAAC,382
GGATGTCAAGTAAATG,382
TAAACAATTAGAGTCA,382
TAATACCAACGCATGC,382
TCAATACGAGCGATAG,382
TGTAAGATGGTATGAA,382
TTCGAACGATTTATGT,382
AAAAGAAATGGCCTCA,381
AAACGACGCTAGCTAC,381
AAGACTAAAGCGTGCC,381
AATATTAAAATCTTTC,381
ACACTCAAAAACAGTT,381
ACAGAGCACTCATTCG,381
ACCGACAATACTGGAA,381
AGCCATTTTTCCTACG,381
ATACCCCGCAGATATG,381
ATTACATAACCGAATG,381
CCAAACGTGCTAGTCG,381
CCACATAACCAAGGCA,381
CCGACAGCTCACTGCA,381
CCTAGTAACTAACCTT,381
CGGACGCCTGAAACAG,381
CGGATATTCTCAAAAT,381
CTATGCATTAGACTTC,381
GCCACGCTATGCCCAG,381
GCGAACGAAGAGAGTC,381
GCTAACAAGGACTGAA,381
GCTTCCCAACAGTTGA,381
GTGCAGAAGCACGTTC,381
TACAAAGTATGAAAAC,381
TGCGATGCAATCTGAA,381
TGGAATCATGTATACT,381
AACAATCAACGGGGAA,380
AACACCCGCTCTCTCG,380
AACAGCAAAGTGTGAT,380
ACATGTATGAGCCCCA,380
AGAATACTAATAAGTC,380
AGCGTAGCCACTATAA,380
ATATCCTATGATATAG,380
ATATCCTGCCAACTAA,380
ATCCAATATGAATACA,380
ATGGGCTAAATACATC,380
ATTAAAGTTGAGATGT,380
CAAGTTGAACTCGACA,380
CACAACAAAAATACAG,380
CACGGTCTCCGAACTT,380
CATCCTCAAAAAAATC,380
CGATAAAGACCCAAAG,380
CTCTCTGTGCTGTCAT,380
GAAACACTATGCAATT,380
GATTGTATGGTAATAA,380
GGTAAATTAAAATTTC,380
GTCCGCCATTATAGAT,380
TAAAAACTGCTTGTCC,380
TACCTTTACAAAAGAC,380
TAGATATAACGAACCA,380
TATAGATAGTGGTTAG,380
TATTTCATATCCCCCT,380
TCATCTTGTAAGAGAT,380
TCATTCGTAAAAAATG,380
TTAAGTACCACTACAT,380
AAAGAGTCTAATGGAA,379
AAATTAGCAAACCACA,379
AACCGAAGTTGACCCA,379
AACCTAAAACCGTCGA,379
AATCAATTAAAATATC,379
ACATCCGGGTCACAAA,379
ACGAATATTCCGTCTC,379
ACGTATCTCGCAGCGA,379
AGCTTTAACGCCCGCC,379
ATAAATGCAGCCAGCA,379
ATAGTGTGGGACAACC,379
ATATCATATGTGACGC,379
ATCATAAACCTATTAT,379
ATTGACGAATGAATAT,379
ATTGCCTTAAAGAAAA,379
CAACAACTGTAAAGCC,379
CATACCACCAGCCATT,379
CATTGGTGATCCGAAG,379
CCACAAATTTGCTTCT,379
CCCCACCCTATTGTGT,379
CTATACTAATTATCGC,379
GAATGGTGGCACTAAT,379
GAATTATATAGTATCT,379
GAGCTAAACCAAAATG,379
GCATATCAGCTAGACC,379
GTAAATGTTCCCTCGT,379
GTACAATGAATCTGTA,379
GTTTGGAGGTACATGA,379
TAATGACGACGATACT,379
TAGGGTTAATTTAGCC,379
TAGTAACAGCCCCTTT,379
TCAATACTCATGAACG,379
TGAGTTTTTTAAGTAG,379
TTAGTTTGGCTAATCG,379
TTATTGTAGAGGATAT,379
AAAGAAATACTATATA,378
AAGACAACGCCTCTAG,378
AAGTCGACCGGTTTAA,378
AATAAGGTTAAAGTGC,378
ACCTCCAAAAGGCACA,378
ACGATATACGTAGTCA,378
CAAAATTAGACATAGC,378
CATAAAGCGGTTGATA,378
CCAATAAAATGAACAT,378
CCCTCAGGTTCCAATT,378
CCGACAAAATTTAACA,378
CCGCGTGGTGCTTTTA,378
CCTCCAATGAATGACT,378
CGAGTATTCACTTCTT,378
CGGCACAGACGCCAGG,378
CTACTAACGAGTCGGT,378
GAAACAACAAAAACCT,378
GCAATATCTGTCCAGA,378
GCGATACAGCAATTAA,378
GCTATGATACTTTTCA,378
TAGTTGAATTTAGGAC,378
TGCTCTTGGTGGCGTT,378
TTCTAGAGAGTGCCAG,378
ACAAACGATGGTCTCG,377
ACAATACTCCAATTGA,377
ACACATTCAAGAATCT,377
ACATAGCTTTCTACAG,377
AGATTACTAGAACTAG,377
AGCACCAGTCGGGAAC,377
ATAGACTGTAGCACAT,377
ATAGATCATCACGCAA,377
ATCAATATATCACACA,377
ATTGAAACCACAACCA,377
ATTTCTTTACCTGTAG,377
CAATGTGACTAATTTG,377
CACAGACGCTTCAAGC,377
CAGAACGGCATACTCA,377
CCGATCTCCAAGGAAT,377
CGAGACGGCCAACTTA,377
CTTTACAAGACTAACT,377
GAGTACGATCCGGCGC,377
GCCCTAAAACACCGAC,377
GTAGGACGATCACATT,377
TACGACCAGAATGTAT,377
TATGGTTTATAATGCA,377
TCGTAACGAATTACGT,377
TCTAGATCATGATTAA,377
TGTGCTTCAAACACTT,377
AACTTAAACTTTGTGA,376
ACGCAAGGTATCCTGG,376
ACTCTGCAAAGGGGAC,376
AGAATTGAATCGTACC,376
AGCCGTATGCGCGACC,376
AGCGAGCGAGGGATTC,376
AGGTGCGCTAGGCAAG,376
ATAATGAAAAATAAGT,376
ATAGGGTTAGGCTTTC,376
CAACCCCGCCTGATAA,376
CAATCAATAGATCTAC,376
CACAAATTACCAAAAT,376
CATAATACTCCAAAAA,376
CATACGCCACTCGCGC,376
CATTCTGTGCTACAAA,376
CTAGATCTTAATCTAG,376
CTTAGAATTAATTCCC,376
GAATTGTTCCACTCAG,376
GCTCCTATACTAGGAA,376
GGAATCACCAGGGTAA,376
GTAATAATATGTGCCA,376
GTCATGGAAATGTCTA,376
GTTCAAACCAAAGAAG,376
TACCCCTGTAATTGCT,376
TACCCTTAATCCATGT,376
TGACCTATTGATAACT,376
AAAACCATATGGCAAT,375
AAAATATCCTTAGGTA,375
AAAGCATCTTTCAATG,375
AAATCCCTTCACAGCC,375
AACAAAAACACGGGAT,375
AACTACGTAGCAAGCT,375
AACTCAACCTAGCGGA,375
ACATCAAGTGTGATGA,375
ACCAGCATAAATCAAC,375
ACCGTAACCACGAGGT,375
AGTTTATAAAATCCAT,375
CCAATTCGAGCCATTC,375
CCTTTGCTGCTACAAT,375
CGAAATCTAGAAGTAA,375
CGAAGCACTAAACAAG,375
CGAGTTCCGCAAACAG,375
GATATATAGTGACCAA,375
GTAGATAACTTTAGAA,375
TAAGAGTATGCTAAAG,375
TCCTCGCGTAGAAAGA,375
TCCTTACACCTATCAT,375
TGAAACCACAGGCCAC,375
TTGAAAAAGCCCCGCC,375
AAACGACGAATCGTAT,374
AAATCAATTTCTCGTT,374
AAGGATACACCCTCGG,374
ACGTACCGACTCCGGT,374
AGAATTATCTAACCTG,374
AGTGACAATAAACCTC,374
ATCGTATCAGATTAAT,374
ATCTGTCACCACCCAA,374
CATTAGTTAAAAGCCA,374
CGGACTAGGAGACCCC,374
CTCGGAAGGCATAACA,374
CTGCAAACAGGGATGC,374
CTTAGCACGACATCGC,374
GAATAGACATACCACA,374
GAGACATATTTAATGT,374
GATATTAATGGTAGGT,374
GGATACAACTACTGAG,374
GGTGCACCAAACAGTA,374
GTTTAATAATGATATA,374
TCTGGGTCTAACCAGC,374
TGGAATGATAAAAATC,374
TTAAATTGGTTAACCA,374
AAAGAATCTTAGCCCG,373
AACTAACCATTCTGAC,373
AACTACTTTGACTATT,373
AATGTTCAAGGGCATG,373
AGCCTTTCCAGAGGGA,373
ATACCTACCGCAACAC,373
ATCAAACCATCAAAAT,373
ATCCCGACGATATGCA,373
ATCGGGATAGCCTATC,373
ATTCCTATGATAAATA,373
CAACCGATTTTATGTC,373
CAATTGAGCGCAAAAG,373
CCCATCCCGACAGAGA,373
CCCCTCGTCCACACGC,373
CCTTATGATTGAAAAA,373
CGAGCAATGGGGACAT,373
CGCGAACGTGCTACTT,373
CGGCCATACAGGATTA,373
CGTATGATAGAATAGG,373
CTAGTAATATATACAA,373
CTCATGTTTAATAACT,373
CTCGCAACATTGTATA,373
CTCTGCATACCACTCA,373
CTGTATACAGTTTACA,373
CTTACTGAATACTGAA,373
CTTCTAACCTAGATCA,373
GAGGATTGAACGTCAG,373
GATCTGATCTAATCTG,373
TAAACAACTCTTCAAA,373
TAAACGCAGCTTATAC,373
TACCTCAGACACACTA,373
TCAGAAGACTACCCAA,373
TCTAAATTAACCACCA,373
TGCTCCTCAACGTATT,373
TGTAATAGATATATAA,373
TTCTAATGACCCTATG,373
AAAACACAAATTATGA,372
AAGCAAAACAAGACGC,372
ACAGTGAATTAATCTT,372
ACCCTAGACAATCTTT,372
AGATAGATAAAAATGT,372
AGCTTAAATAGTGGAT,372
AGTGATAGTAGGTGGA,372
ATCTAACTCTTCCTAG,372
ATTTAGGACCGACGAA,372
CAGCAAAGTCTTCCAT,372
CCACACGAATACTAGG,372
CCCCAGAAAACGCAAA,372
CTCTTCTGGACACATA,372
CTGTCCAGAGAGTGAC,372
GAATAACGGTACTGAT,372
GCAGTTGACGCCCCCA,372
GTACGCGCGACCAAAG,372
TACCCAACTTCTAGCA,372
TACTGAAAAAAAGGAG,372
TCAGGCGGAATTCATT,372
TGGATACCGAGCTAAG,372
TGTAAACCCATGATAT,372
TTTTGTGTTTTTGCAA,372
AACCTTAGCATATCAC,371
ACCGGTAAAGGGATTA,371
ACCGTTACTCGTTGAT,371
ACGAATTACGGCATAT,371
ACGGAGGAAATGTTGG,371
AGAACCCCCCATAAGC,371
AGTATGAACTCGCAGT,371
ATACCAGCAGATTGTA,371
ATACTTAGGTAAATGG,371
ATATCATTATGAACTG,371
ATATCGGTCCTTTGGA,371
ATGGCGGTGCCCTCAA,371
ATTGTCAACCGATATA,371
CTAAACCCTGCGAGAA,371
CTGTTAATGTATTGGA,371
GAAAAGGAGATTGTAT,371
GAACGGCATTCCATAA,371
GATACTAAGGATCTGT,371
GCCATTCAAACAGACC,371
GGCGCAGGCTCGATAC,371
GTAACACCCATTGACA,371
TAAGGCTTAATCAAAG,371
TAGACTTCGCACAAAC,371
TCATTACACATTAAAA,371
TTAAATTGATTGCACT,371
TTACTTCCTTCAAATT,371
TTCTAATTATATTTAG,371
AAACAGAAAAAAAAAG,370
AAATACGCAAAATTTA,370
AAATCAATATACGGAA,370
AATCCACTCCTGACAT,370
ACCAGCTTGGCAATGA,370
ACCCCACTTCTACAAA,370
CAAAATGCCCTAGTAT,370
CAAATCAGGTTTCGAC,370
CATCAGTATTTAACCG,370
CATCTAGTATATCCAT,370
CTAATGATGATGGCTG,370
CTTCTAGTTGTTAACC,370
GAATACCACGAGAGCG,370
GATAATATAAGTAGGT,370
GGTTAACGGCAGAATT,370
GTACGGCCGTACTTGT,370
TAACATTTAAAGACAG,370
TACTAAACAGCCGTGT,370
TAGTGCAAGTTAACCG,370
TGCAATCTATCGCCTG,370
TTAAGACAATGATCAT,370
AACGTGAACCCAATTT,369
AAGGGTTTCACTGGCT,369
AGTCGAATGTTCTCGG,369
ATAAAATAGAGTAAAA,369
ATTAAACATGGGCTAA,369
ATTACCCGCTGATGGA,369
CAGGGTTACTGGCGAT,369
CATAGGAGCCATCCCA,369
CATTAGAGCTGTGAGA,369
CCAGCGTACTATCACC,369
CGAATGGTGTTATTTT,369
CGTCAACTAACAGGAT,369
CTATACTGTACCACGC,369
CTATAGTCAGTTCTTC,369
GAGCCTCTAACACATT,369
GCAAGCTCCCTTCGTT,369
GGGACACACCACAAGT,369
GGGACTAGATTATTTC,369
GTACAATACGGGCGCA,369
GTACGGGCTGATCATG,369
GTCACAAACTGAAAAA,369
GTTTCTGAGATCTAGC,369
TAAGGCTTAGGTTAGT,369
TACTTCAACGATACCA,369
TCATGAAGAATCGATC,369
TCCTGAAAGAGTACAT,369
TCTCTCTTATTATTAG,369
AAAACTGCCGGAACCG,368
AAACCAAACATTTGGA,368
AACGAAGTTATCAGTC,368
AACTGGGAGTTTCAGA,368
AAGATCTTCTAACCGT,368
AATCCAATAAAGCATG,368
ACAATAGATTACCCAA,368
ACATCCCTGAAAATGG,368
AGGTATTCAAAGAAGA,368
CAGAACTAAAGAGGAC,368
CGGCAACCAGAATATC,368
CTCAGAAAAGGCCGGA,368
CTTCAAACCATAACAC,368
GGAAAACCAAGCAGAA,368
GGAACCATTGACATCA,368
GGTTCTAACTCGCGGG,368
GTTAGATCAACGCAAG,368
TAAACTACAATATAGT,368
TACAGGAGTCATGAAG,368
TAGGTAAATCTCCCCC,368
TATTTTGCTGATGTCG,368
TCCGAGCACCTGATAC,368
TGTTCGATTAAAGTAC,368
TTAGAGCTGTGTAAAG,368
AAAAACACTATATACA,367
AACAAACACCCAGGGT,367
AACGTATCGAAAAAAC,367
AATTGACATGTACTCA,367
ACGCAGACTTATCTAT,367
ACTCAAGATTCCGATT,367
ACTTTCCAAAATGCAA,367
AGACGGTTGCAGCGTC,367
ATAATTAAATTTATCG,367
ATACATACTAAAACCA,367
ATCAAGCTTCAAAACG,367
CAGATCTGGACGAACA,367
CAGTAGGAGGGGATTA,367
CATAAAGCTCTATAAC,367
CATCTTAACGGGAGCT,367
CATTAAGTCAAAGGTT,367
CTAACGAAACTGTTTA,367
CTGAATAATACTGAAT,367
GAAAAAGATAATGTTG,367
GACGTGCAGAGCTGCA,367
GACTCATACGCTTAAA,367
GACTGCAACGAAAATG,367
GCAGATGTTATTTGAA,367
GCTAAAGAAAATCTAC,367
GCTACTGAGCTAAAAG,367
TACGTGGATATTGCAT,367
TCAAAAAAAAGGGCAT,367
TGCACAAACAAGAAAA,367
TTACGAACGCCTGAAA,367
TTCAAATTGACTTATC,367
TTGAACAGAATTAAAT,367
TTGGTCCGCATCTCCA,367
AAAACAGATGCACTAC,366
AACCCTCACCCATCCT,366
AAGTGGCTAAAAGCAC,366
ACGCATGCACAAAATT,366
ACGCTTACCATATGAA,366
ACTGCCAACCACCATA,366
ATAGAATTTATCAGGA,366
ATTAATTTACTTGTCA,366
CAGCACCTCATGATTA,366
CCACCTGATTTAAAAA,366
CCGTTACAATACAACG,366
CGAGATTTCATAAAAG,366
CGTACTTGAGAAGTAG,366
CGTGAAAGTTTCTCTA,366
CTAGGAGTTTGAACGT,366
CTCTTCATTTAACTAA,366
CTGGACCGTAAATCAT,366
GAATTTAATGGAAAAC,366
GACAGACCAGCAGACA,366
GAGAAAAAATAGTGGA,366
GATTGACCCTAAGCAA,366
GCCTCACTCTTAGCAA,366
GGAACTGTCAAGCAAA,366
GGGCCAAACCTAACCA,366
TACTCCACCTCCAAAT,366
TATGCACCGGAACACT,366
TCATTTCGTTTTTGAA,366
TGTCATTCTCATTCAA,366
TTAGACTGTTGGAAAA,366
AAGATCAACGTTTCTT,365
AATAATCGACTCTTAC,365
AATATGTAATAAAAAA,365
AATTAACACGTTGTAA,365
AATTACCTCACCACCT,365
AATTCTTGAAAAACCA,365
AATTTACCATTAGGAT,365
AGACACATGGGTTTAA,365
ATCCAATGTAAGATTG,365
CAAGTGGACTATGGGT,365
CATTTTGCTCTATATG,365
CCTCAAGTTAAAAAGA,365
CGCTTATAGTACTCAG,365
CTGAGTTTCCGTCGCA,365
GAAATTGTTCACAGGA,365
GAAGCCTTAAAACTTA,365
GACACCGTAACCAAAT,365
GCATCAAATGCTCTTC,365
GCCTTAAATTATACCT,365
GGAGAAACAGTTAAGG,365
GTAGGCTCGCATGCTT,365
GTCAATGGCACAAGGG,365
GTCCCAAGGCTTAAGA,365
TAGTACCACGCTTATA,365
TTTGGAATGGGCGAAC,365
AAAAAATCCGATCACC,364
AAAAAGTGGACATAAA,364
AAATGGCATGCACGCA,364
AAGATTGCATCAACTA,364
AATGCCTAGGTGTAGA,364
AATGCTACGATCTGTT,364
AATTCATAAAAGCATT,364
ACACTACATGCATTCA,364
ATAATCAAGAAACAAT,364
ATCTATACGGGCCTCA,364
CATTAGAACAATTGCA,364
CCTGCCAGCCAACAAA,364
CTAAGACAAGGTGTAA,364
GAAAAACACCCAACGA,364
GAGTCGGTCGCTGCTT,364
GATTACTAAGTATCTC,364
GCAAAAAGAAAAAAAA,364
GCGAACAACCTGTGTA,364
GCTATGCTCGTGCACA,364
GCTGTCAAAAACTTAT,364
GGAATTAGGATATAGA,364
GGTAAGGCCACCAATT,364
GTTAAAATGCACAATA,364
TAGATTCCCTCACATC,364
TAGCCGAACTTTCAAG,364
TCAGTGGGCGCAAAAA,364
TGACCCTAGCGACAGT,364
TGATTCGCCTAAGGCG,364
TGCAGAAACCGGCTAC,364
TTTAGTTGCTGGAATA,364
AAACTATCAGACTGTA,363
AAAGTCTTGCCTACAT,363
AACCAAAGCACGTGAA,363
AATTACAATGACGCAA,363
ACCGGAAACTCTTACC,363
ACGCACAATGTATTGG,363
AGAATTTCGTATAAAA,363
AGACATTCTGCCTAAA,363
AGCAAACGTAATCTGC,363
AGCGTGCAGTTTGTGC,363
ATAGACATCTGTTTAG,363
ATATTATAACCGTATA,363
ATGATGAGATAGTGAC,363
CGGACAACCGCTACAA,363
GACATAATGACCAACA,363
GGGACACCTCGAGACA,363
GGTCTATGCCATTGAC,363
TAAATTATACAAAAAG,363
TACAGGAGGTCCTAAG,363
TACCATTATTCATAAC,363
TAGCCCTTGAAAGCAT,363
TAGCTGCAAAGCAGCC,363
TATTACTTCGAAAACG,363
TTGAATCAAAAAACAA,363
AAACTGCGCTAAATCA,362
AAAGATTTCTTGAAAT,362
AAATACAAGTAACTCC,362
AATTGACAGTCTGATC,362
ACCACAGAAGATTTAA,362
ACTGCTGCATCAAAGC,362
ATAACTTCTGATTAAT,362
ATAATCCGAGGACAAT,362
ATCATGGGCGAACAAT,362
ATGCTGGGTACAAAGA,362
CTCTAACAGGCCAAAA,362
GAACAACCTCTCATGA,362
GAATACCTAAATTGAA,362
GGATGACGGTCAACCG,362
GGCTGATCATACGACG,362
GTATAAATGCAAAGCG,362
GTCCGAACGTAAAGCC,362
GTTTTCACGTATTGCA,362
TAATCATGATTATTTA,362
TAATGAAAAGTGTCTC,362
TAGAGATAACAGGCGG,362
TCACCTATTGTACGGA,362
TCCCTCACCATGGACA,362
TTTGGTACCGAGCGTA,362
AAAGTGACAATCATCC,361
AAGCTAGGCTACCGAA,361
AAGTGAATATCGACAT,361
ACAGCCCCCATTTAAA,361
ACCCGAAAAAAACGAG,361
AGAAGACAGCTCTTTA,361
ATAATACAATATCCAC,361
CAACCGACGTGAGACC,361
CAATGCATAAATGAAC,361
CAGGAAATAAACTAAA,361
CTATAGTGACAGTAAG,361
CTTACCTGGACCCTTC,361
GACAACATACTCGGAC,361
GCGAATCGCCGTCAAT,361
GGAATTTAATTATAGT,361
GTGACACCAAACCTAC,361
GTGATGTTAGGGAAGG,361
TAACGTCAAATCCAGA,361
TAAGCAACTACTGCAA,361
TCAATGAATTGAAGAC,361
TGACACAAGTGAAGCC,361
TGGGTATGGCGTGCTT,361
TTGAACATCTTTACGG,361
AAACTTCTGTTAACCA,360
AACCGTATATGCAAGA,360
AACCTCATAAATGTTT,360
AAGCTACTAAAGGAGG,360
ACAAAACCAAGTCAAA,360
ACACCGCTGAAAACCC,360
ACTTAGATCCGATCTA,360
AGAGATGATGACGGAG,360
AGCAAAGCCTTGAAAG,360
AGCGTAAAACAGACCT,360
ATGTGTAATCATGAAT,360
ATTTGATAATGAAAAA,360
CAGAGGCCCGTGATAG,360
CATACCACAATACCCT,360
CATTGTATAATGCTCC,360
CGAACCCGGGTCCGGC,360
CTAATATGGCCATCAA,360
CTATGACCTAATAACA,360
GATAACGATTTGCTGA,360
GCAAAAACCCCCTATC,360
GCATACTCATTACTTT,360
GCGTTAACGCACCTTT,360
GGAAGACGTGAACTCG,360
TAACGAACCTAAGGGC,360
TAAGATTGAGCTTGAT,360
TCCGACCAAGTATGCC,360
TTGGTTGGGGGTATCC,360
AACAAATAGTCCTTTC,359
AAGTTTTCTCACCATT,359
AATCTAATCTATTATA,359
ACGACCAAGACATAGA,359
AGGAAAAGCAAGAAGA,359
AGTAGGTAATATTGTC,359
ATAAATTATATCAACT,359
ATCCAGGTCCACGACT,359
ATCTCTATGGTATAGC,359
ATGTCGACCATGCTCG,359
CAACCTCAGCGCGTCA,359
CAATATCTCTGATGCA,359
CATTTGATTGCTCTCC,359
CGATGAAGTTTAGAAA,359
CGTCCATGTTTCACTT,359
CTCAGAGGAAAGATAC,359
CTCCAAGAGTCGCTCT,359
GCGCTCGCCAGCTTAA,359
GCTAATTATGACCCTA,359
GTCACACTGAACCGCT,359
GTGCAATATAAAACAA,359
TATTAATTGTATGAAA,359
TTAGTGGGTACCAGCA,359
TTCGACGACCGAATTT,359
AAACGACAAAGGGACG,358
AAATGAACAAACGGCC,358
AACCAAAGTAAAGTTT,358
AACTGAACTCACGCTG,358
AAGCACAGTCTAGCTT,358
AAGCTGACCAACCGCA,358
ACATACAAGTCACCTG,358
ATAGATGAGATTTTTA,358
CATACGAAATAAATCA,358
CCAAAAAAAAGCACAT,358
CCGCTCAAAAAGTTTA,358
CGACCGTTGATGCATT,358
CGTAACTATCTCTGAA,358
GCTCAAAATTTGAAGC,358
TAAATAGCAACCTAAG,358
TAAGATACCCAAGCAT,358
TACACTTGGGCAGCAC,358
TACCAAACTGTGATTA,358
TCACGCCGAGAAATCA,358
TCCTACTCAGAGGTTG,358
TGAGGAATAAGAATCC,358
TGCAGAAGATATAATC,358
TTAACAAAAAGAGGAA,358
TTACCAAAGAAATCTC,358
TTATAAATAAACAGCG,358
TTTGGAATCACCTAGT,358
AAACATTCTAGAACTC,357
AAGTCCATGTTAAATA,357
ACAATTATTCATCTTT,357
ACCTTATTTTGTTTCC,357
ACGTATTTCAATGATA,357
AGATGTCATCACCCTG,357
ATAGAATTTATTCATA,357
CAAACACTTCAATGAA,357
CAAGCCTGGTATAATA,357
CACGAACATTCTAATG,357
CAGGACGAAAATATTT,357
CCCATGTCCGAACAAG,357
CGACCCTTCATCACAA,357
CTATGATTAACACCTT,357
CTTTGGCATTTGATTG,357
GATATCATAACGTTAA,357
GCTAGAATCAAAAGCG,357
GGCCCCCCCCCAACAG,357
GTATAACGCTTCCAGA,357
GTCACATATCGGCATC,357
GTGTGCGATCCGCCTG,357
TACGAAAATCATTTAA,357
TGCGCAATTTGTCTAC,357
TTGGCCGTCGATGAAG,357
TTTAATAAAAATACAC,357
AAAAAAATTAATTGAG,356
AAACCATATCATCAGA,356
AAATGGGTATTAAAAT,356
AAGCGACTATTAAAAA,356
AAGTGATTTAAAGGAG,356
AATCCTCTAATTTCAT,356
AATTAGTTTTTGAATA,356
ACCTGCAAGCATTAAA,356
AGAAAGACGTTTCGTT,356
AGAGACCAGCAAACGA,356
ATAAGTTGCCTTGCAA,356
ATACCGAGCTCACAAA,356
ATATAAACTTGTATGT,356
ATCAAACGCGCCTACA,356
ATGAGTGTTGAGTCGG,356
CATAATACTCAAGAAA,356
CGTATAAATTAAATTA,356
CTGTATGCAGGCAAAT,356
GACTCATAGGCTCCCT,356
GACTGAAGCCCGCAGA,356
GCATTCAAATTAAACT,356
GCCAAGTTTGAGCGAT,356
GCCAGCCGGGTTATCC,356
GTAATAGCAGGCTAAG,356
GTATGAAAATAGACAA,356
GTGAAAATCGTAGGAA,356
TAAATACTTCAATCAA,356
TAGAACTACGCAAACG,356
TAGAAGAATTAAGCAA,356
TCCCCGACAATAAGCC,356
TCGAAGGATGAAATGT,356
TGAGTCGTAGATTAAA,356
TGTAATTCAACTAGAC,356
TGTATTAATCAACAAA,356
TGTCACCGGTAACGCA,356
TTAAGACTCATGAACA,356
AAGTAAAGACCCGGCT,355
AAGTAAATAAAGTTGC,355
AATTGGTGAACCTGAA,355
ACACAAATGTTGTATC,355
ACGACATCCGCAAAAA,355
AGAAGCAGAGGAAATA,355
ATCGAATAAATATCAA,355
ATCGTTCAACTTCTAC,355
ATGACAAACTCGAACA,355
ATGGGAGGCTTTGTGT,355
ATTACCTATCATACTT,355
ATTGAAAATTCTCGGT,355
CATTATCCAGAACCAT,355
CCCCGCCTTGCATGAC,355
CGAATCCGCATACCAT,355
CGTCTGTCAATGCGAT,355
CTAGAGATACAGACCC,355
CTAGTGCTTGAATAAC,355
CTCAATCCTCACATCA,355
CTCCAAGTTTCCATAA,355
GAATCACATACCACAG,355
GACTCCGGAATCGAAA,355
GAGTACAATTAGTAGT,355
GAGTGCAAAGCCACTG,355
GATCGACGCGACACGC,355
GCTACATGCGAATTTA,355
GGAACAGAAAGTGTAG,355
GTATTCCTAGCTATTA,355
TATCCTAGTATAAGGA,355
TCAACTAACAAACCGA,355
TTTTCGATCGACCGAG,355
AAAAGAATATTCCGTT,354
AAGTTGAGTTTCAGCC,354
ACACTACCTAGCCGAT,354
ACTAGACTTAACAAAG,354
AGGTTGATACCCGGAT,354
GAAAATAACACAAAGG,354
GAAAATTCCTGTTTAT,354
GAAACCACTTTGTAAA,354
GACCGTTAAGTTGAAC,354
GGTCTACAGCGATCTA,354
GTATAACTAATATAAT,354
TAGGTCTGTGGAGAGG,354
TATGCGATGAAAAACG,354
TCAAACCACTCTTTGT,354
TCTGCTATTTATACGC,354
TGCTCGTACTCAAAGG,354
TGTAAATATAACTGGA,354
TGTGGTGGCGCCAAAC,354
TTACTCACGATCTCAA,354
AAAACATTACAATTCC,353
AACAAGAGTTCATAGT,353
ACAAGATAACTACATA,353
ACATGAATATCCCAAA,353
AGAAACTCAGATGAGT,353
AGATTATAGCAAGACG,353
AGTAAAATCAATAGTT,353
AGTTGAAAACACAATC,353
ATAAAAGATACAATCA,353
ATATTCCAAAATTGCT,353
ATTACTACATCGTAGT,353
CATATAAGAGACCTTA,353
CGGTCCAAAGCCAGTG,353
CTGATGGCATTAGATC,353
CTGTCTTCACGTCCTG,353
GAATCACGAATCATCC,353
GAGATCGGACGATATA,353
GCAACACGACATAGAA,353
GCCCAAATTTTATTTC,353
GTACCCAACAAATCAG,353
GTCAAAACTTAATATG,353
TAAGATTACATATTTC,353
TAATCGCGAGAGGTTC,353
TAATGCCCCTGCAGGC,353
TAGTTAGCACCAACCT,353
TCTGCTGCTCTAAGCA,353
TGACAATAATGACAAA,353
TTCGCACCTAAGAAAC,353
ACTATAGATTCGAACT,352
ACTGAAGTAATATCAA,352
AGGATTGTTTTTTCGT,352
AGTCTAACCAACTAAG,352
ATAGGCCAGTTAATGT,352
ATCTATCTAAACTACT,352
CAATGAACCCTGGACG,352
CACTCTACAGGCAACA,352
CAGATGATAAAGACCT,352
CAGCCTCCTGGAAACG,352
CCCGAGCTAAATTAAA,352
CCGACGAAGAGCCAAC,352
CCTCAGACAGGATGCA,352
CTCATGCTAGAGGAAT,352
GACCTAGCACGATTAT,352
GCATAATAGTCCACAA,352
GTGCCCAATGCGAACA,352
TAGACCGATGATCGTT,352
TAGCAGGACTTAATGA,352
TATACAGCAATGCATA,352
TCCGCTATTGGATAAA,352
TCCTGAAGCTGAAATT,352
TCGCAATCGAATTATG,352
AAGAGATCTAACCACA,351
ACATTGATCGGGATAG,351
ACTGCTCCAGTAAGTG,351
AGATCTAATTCAGATA,351
AGATGGATACTTCACA,351
AGCAAGCTCTTGTCTC,351
AGCTACATACGCCGAG,351
ATACGCAGATCTAACG,351
ATACTTAGGAGGAGGT,351
CAAAAATTACGCCGAA,351
CCTCTATAATCATTAA,351
CGAGCAATCATCACGG,351
CGTAAAACGTGAATCC,351
CTGAAAAAGCGTCAAT,351
CTTCACCAGCCCTGAC,351
GCACGGTTCCATTAAA,351
GCACTAACCACGACGA,351
GCTAAAATGAGGAAAA,351
GCTACAAAAAATGCCA,351
GTAGGCCCAGATCCAT,351
TATCTTGAACCAAAGC,351
TCTCTAGAAGCGAATA,351
TGAAACTGCATATCTG,351
TGCCAAATAAAGTCGG,351
TTGTTCTTACCAAGGA,351
AACACGGAATCATGTC,350
AACCACCTCTTAAGAT,350
AACTAGTTTTCTTGCC,350
AAGAACGAGCGCAGAC,350
AGAAGTATACACACCC,350
AGCTTGCCTGGATCAG,350
AGTGGCTTTATAGGAA,350
ATACTATTTTGAACAA,350
ATCATATTTAGTTCCT,350
ATGATAACGATGCTTA,350
CCTTCTGTTTTATGAC,350
CGTACAACGATAACCC,350
CTACTTTGAAAGCATA,350
GAGGTCGTAATTGAGA,350
GCCGAGGCAGATCTAT,350
GCGCCAGACTGATGTG,350
GTGTTAATTTCTATTA,350
GTTATATGAAAATGTA,350
TAAATCTAAGAACTTC,350
TACAATTGTATAATGG,350
TACCAAAAAGACACTA,350
TATTAAAGAGTGGAAG,350
TCATCGTCTCTGATAT,350
TCTAACTTTAATTAAT,350
TGACTAGAAGAACAAA,350
TGATGTGTATAGTTTG,350
TTACTGTAAGAGAAAT,350
TTTCACAGAACGCATT,350
AAATGACCGGATTAAT,349
AACAGTGCTGAGCTGT,349
AACTACACTGATTGTC,349
AAGAATATGACTAAAT,349
AAGGTTCGCGAGAATA,349
AATTACTTATGCACAG,349
AGTTAATACTGAGCAC,349
CGTTTTACAGATCAAA,349
GAATCAATGAATACGC,349
GCATACCTATCGATAA,349
GCCGCAATGGGTGACG,349
GCTTATATCCGACGAT,349
GTTAGGTACTGATATG,349
TAGCATCAGAGTAAAA,349
TATACAATGGCTCCAT,349
TATATCAGGTTCATAC,349
TGCCTATCGATTAAAC,349
TGGAGAACGCGAACCC,349
TGTGCCACAGGAATCC,349
TGTGGAAAGGTGTAAC,349
AAGTACTCCCTCGCGA,348
AATAATGGCTGCTAAA,348
ACCGATTGTCATAAGA,348
ACGAACTGAATCATAT,348
AGCCCTTTATAGTACT,348
AGCTGGCGAAAGACAT,348
AGGCATTGAACAACAT,348
AGTCACACAACTTGCA,348
AGTCGTGGCCACGAAT,348
ATAACCTATCGTATAC,348
CAAAAGGTTTGGCATC,348
CCAGAATTACCATGCA,348
CTAAACCTCCGCGTTA,348
CTCGAAGGAGAACCTA,348
GCAGGCCTAACATAAT,348
GTTACGACTTAAGCAC,348
TAGTCCAGTAAAAGAA,348
TATAAAGAAATATAAT,348
TCCAAGGTGGAAATGG,348
TCCCATGCGATGGAAT,348
TCGAATCATACAAAGT,348
TGAACACTTCAAAAAT,348
TTTAGCTTATAAGCGT,348
TTTATTGAAGATCGAA,348
TTTTGTGTGTTCATGA,348
AATGAGAAACAATTTT,347
ACAGCGTGCATAACTG,347
ATGTAAAACTTGGACC,347
CAAGCCACGTCTCCCA,347
CAATCCATAAAATAAT,347
CAGAGACATATAACAA,347
CCAAAGGCTCCTAATT,347
CCGAATAATTACTTTA,347
CGATTGTTGATTGTAC,347
CTCATACACGATGTTC,347
CTCCGATAGCAACGAA,347
CTTATTAAAAGACTGT,347
GAGCTGCAGTTCCAGC,347
GATGGGGACAAATGGA,347
GGAATACCAAGGACTA,347
TGCAAGTCTGTAAGAA,347
TTTGCGCACATATGTC,347
AAACTTGCCGTAAACC,346
ACATCTCATATACCAA,346
AGTAAGAAGAATAACA,346
AGTGTGAAATGCTAAC,346
ATAAGTGCCACCCTAA,346
ATATAAAATTAACTAT,346
ATGAGCCAGTAGTATA,346
ATTACGAACGAGTAAT,346
CCCAAGCTGCAGCCCA,346
CCTACATGAAAAAAAC,346
CGATTGCAATAACTAC,346
CTTATTTGCCCCCGTT,346
GAAACAAAGAAGGCAG,346
GAAATACACATTTTAA,346
GAAGTGAGGAGGACAT,346
GAGATCAGACCCATAT,346
GATCATTGATGTGTGT,346
GCCGGATGACAATCCC,346
GTACGGCGTGTCCCTT,346
TAAAGCAACATCACTA,346
TAAGTGATTGGTTTCA,346
TCCGGGTTGGTACACA,346
TGATATAGATGGGCCC,346
TTACGAGACTTGACAG,346
TTCACGGTGCTAGTGA,346
TTTAGCTAGCGGCGCC,346
AAAATGTATAGTTATC,345
AAAATTGAAGATTGAA,345
AAATCTCTTCGATCTT,345
AGATAATATACATATC,345
AGCAGTCCCACAGCAT,345
AGTGATAAAAAAGATG,345
ATATATTGTCGGGTTC,345
ATCGCAACGTAAAATT,345
ATTGAGCCGCTATGGA,345
CAATGGTAAGAAATAC,345
CAATTAACGTAAAACA,345
CACCCGTATAGTAGAA,345
CATAACCAGCCATGTA,345
CTATATTGGTACCGTA,345
CTCGTTTTCATAACAT,345
GAAATACTACACGGAA,345
GAATGCATACATTGCT,345
GACAGCAACTCATTGC,345
GGAAACGGAGTATGGA,345
GTCTTCAACATTCAAT,345
TATAAAACCTGATGTC,345
TGAGATCGAATATGAT,345
TGCACGATTGTAAAAG,345
TGTCTGCGAAGTGCAA,345
TTAAAAGATAAAATAA,345
TTATCTGATTACTTTC,345
TTCTATCGTTGCCCTT,345
TTGCTGAATACCACAA,345
AAACATCGTAGAATTT,344
ACAAAGTGCTGCCCTC,344
ACAGATCAAACAAAAA,344
ATCATAACATTTATGA,344
ATTCACGAACAACAAC,344
CAGAGAAGCTAAACTA,344
CATCGCATACAGACGA,344
GAAGATACATACGCAA,344
GAGTTGTGGGCTTACA,344
GTCCATCAAGATCTAA,344
TAAAGCCGAGACCCAA,344
TAATTAGGAAGGATCT,344
TACAAGGCCAGCAAAA,344
TATAAGAAGCTCCCCA,344
TCTTGATTAATGAAAT,344
AAAAATAAAACGCCAG,343
ACGTTCCCCATAGGAA,343
ACTATAAACCACTTAA,343
AGTCTCCAAATCATGT,343
CAAATTATCGTCTCAA,343
CAAGAAGGGGATGCTA,343
CACCCCGACCTAATTG,343
CACTATTCTTGCAAGG,343
CCTGGCCAACTTCGTT,343
CTGGGAGAACAATTAT,343
GAGACTAAGGACAGAA,343
GATGAAAGTCGTAAGT,343
GCAAAAAAAGCTTCTT,343
GGATCGTATCATAAAA,343
GGCGTTTCTTTAAAAA,343
GTTAGAGGACCGGTTA,343
TAGTAACTATACACCA,343
TATAAAAAAGAACTGA,343
TCTCTGCGGTCGCCTC,343
TGATCCTCCCATTTAA,343
TTACCATTTTGATTTA,343
TTCCCAGCCGCAAGCC,343
AAACGACTAGGCTCAC,342
AACGGAATGCAAAATG,342
AAGATTTACCCAAACT,342
ACCGTTATTACTTTAA,342
ACTATATGAATAAATG,342
CCCGAAAAGTAGACCC,342
CGCAATGCACACGGCC,342
CTAACAATAAACAAAT,342
CTACAAAGTAACGGTC,342
CTCACGATCATATAAA,342
CTGTCAAAAACAGGAT,342
CTTCGGACCATATAAA,342
GAAGAGATCCATAAAT,342
GAGGATATACACATTA,342
GATATTAAAATTTAAT,342
GTACCATCGTTCAAAC,342
GTCTTGAGCGATCTTA,342
TAATTCAAGCATCTGT,342
TAGAGAAACTTTTCTA,342
TATACGTGCTATTATG,342
TTAAAATTGCCCAAGA,342
AAATTCGCAATCGGGG,341
AAGTTACTATACAACT,341
AATAAAACGGAACATA,341
ACAACAGTAAATTGTT,341
ACACTATAAGATGGCG,341
ACTAGATGCCCGGGTG,341
AGGATGGGATGAGGGA,341
AGTCAAACAAAGTTTG,341
ATAGTTTGGCAATGCT,341
ATATGAGTAGCTTACC,341
ATTTCACTCACACAAG,341
CCACGGACTTGGTGCT,341
CCTGAAAATTACATAT,341
CCTTAATTTCTCTAAT,341
CGAAAACAAAAATAAT,341
CGTGCTCACCGATGCC,341
CTCAACCGGAATTTAT,341
GCTTTATAATCGGATA,341
GTACAGACACAAATTA,341
TAATCTTGGCCAGGCA,341
TCACGTCACTGCAAAA,341
TTTCGCCCGAATAAAG,341
TTTTACAACCTAAGCA,341
AAAATATGACATTATG,340
AAAATCATTAATCTCT,340
AACACTACATACTTGG,340
AAGTAGTCACCCCACA,340
AGATAATGCCATACAA,340
AGGCATATCCGAAAAC,340
CATATTCCTCAACCCG,340
CATGTACATAAATAGT,340
CCTATACATTCGAATA,340
CCTTAAGCACTAATTT,340
CGTCAATAAATTACCA,340
GACTGATAAGATGTCC,340
GACTTAAAAATCCAGA,340
GACTTCATATGTAAAA,340
GATCACATATTATAAA,340
GATTAATGCAATAAAG,340
GGCAGACCTCGTAATA,340
GGCTGACCGAACTACT,340
GGTTCGAAACTAATAA,340
TCAAATTGCCACCGTA,340
TTATTGGATGACTGCA,340
TTGCTTACCAATCTTA,340
AAAAGCTTAGACAAGT,339
AAGAATAAGTATACTT,339
AATACTGGAGTAAATT,339
ACCATTATTCTAAAAC,339
ACGTAAATCGTTAACT,339
ATACATACAGTCAGAC,339
CCACAACCTAAGGTGA,339
CCCCCACCATCGCGAC,339
CGAACATTTGAAACCT,339
CTGAGACTACGAGCAT,339
GTGGGAATTGCGATGA,339
GTTAACGCTTTGCAAG,339
GTTTTTAGGCGGACAA,339
TAAACACATAGACCAA,339
TAACATGATTAACCCA,339
TACTATCCGAGCGTTT,339
TCACAGCCAAACGAGA,339
TGCGCCTAACGTTTTA,339
TTAACACCCAATAGAC,339
AAAGCGAATCGGACAC,338
AAGTATAACATCCTAA,338
AATATCTGCTATTGTG,338
AGATTTGAATATATCG,338
AGGCATCGTATAAAAC,338
ATAGTGTCTCGCCATT,338
ATGACACTACAGTATT,338
CGGTTAACATAGGCTA,338
CGTCTGATAAGAGCGC,338
GAAGTCCCTTCAGTTA,338
GATACAAATCTAGTAG,338
GGAGTTGCCAAAGCCC,338
TAACTCAGGCCACTCG,338
TAATCACAAAGAAAAA,338
TTGAACAGACCCTGCC,338
AAAAAGGAATTAGCTT,337
AAACACGATAGCTGCT,337
AATATGAAGATTATGA,337
AATGCAGAAAGCACCA,337
ACAGGCTCAGATCACC,337
ACTAGTCTCAATAGCT,337
AGCTCCCCCTCCATTC,337
AGTCAAGCATGTCATA,337
ATCCAATAATACTAGG,337
ATTGTACTTCCTGATT,337
CATCGCAGGTCAAGAA,337
CTGTAATTTATTATAT,337
GACCAACTAGGAGTGG,337
GACGAGAACACCCACA,337
GACTGCGATACGAAGG,337
GAGAATAGTAAAGACG,337
GAGTACTACTCAAAGA,337
GATAACTTCGCGATAG,337
GATCGGGAGCAGGACA,337
GCGGTGGAATTATAAT,337
GGTAGAAAAAAAATAT,337
GGTCCTACCATATTTT,337
GTCTTGGGGTTCAGAC,337
TAATCTTCTGGGGCTC,337
TCAAAATAAAAATTAA,337
TCCAACCACATGTTAT,337
TCTTATGGTGAGAACG,337
TGATCAAAGCGAATAC,337
TGGAGCTGTCCCGAAT,337
TTCAGCACAATCCTAA,337
AAAAAATTGATATTAA,336
AACGCAAATAGAATAC,336
AACTTCTTCGTCCATT,336
AATAATAAAGGCTCTC,336
ACTCATTGACATTATG,336
ACTGGGCAAACCCGCG,336
AGATGAGCAATACAAA,336
AGTCGACATTATGACA,336
CACACTAATAGGTCTC,336
CACTAAACGAGGTCAT,336
CATATTAACACAACAA,336
CATTTCCTTCTCATGG,336
CTAAGAAACAACACAA,336
CTGTCACCTAAAGTAG,336
GACCCTTTCATGGAAT,336
GAGAGAGCACTTAACG,336
GAGCAATATTAGAAAT,336
GATTCCACTCTAATCA,336
GCAGAAATATCTCACT,336
TAGGACCTGGAACGCG,336
TATTAATGGAGTAGAA,336
TATTGACCATAATGCA,336
TCAAGATTTCACTGAA,336
TTTCATAATTAAAAAC,336
TTTTCGCCTTACCGTA,336
AAATAAACTGAAACTA,335
AAGAGAGCCGTTGGAC,335
AAGTCGTACTCGGACC,335
AATAATTAGATTTAAA,335
ACCTACCTGATATAAA,335
ACTCAGAACCGTGATA,335
ACTGTCCCCTAGTCTA,335
AGTCCTTGAAAATAGT,335
ATGTTCGTAACACCAA,335
ATTGTTAAAGCGCACT,335
CATACAAAATGGTTCG,335
CGATAATACCTCAACA,335
CTCTAACAAGGAAATC,335
GAAAACCAACGCAAAA,335
GCTAATAAAAGAGTAT,335
GTAATCACTATCAACA,335
GTTAAAAAAAGTATTT,335
TCCATAAAAAAAGAAT,335
TCGTACCGCTCCTTCA,335
TGTGCCAAGATTCAAG,335
TTAACAACTTAATTAA,335
TTACGAACAAGTTATG,335
TTAGAAAGAATGTAAA,335
TTCTCCACCAGTAATG,335
AAAAAATATGAGGATT,334
AAAATAAGTGTCAGTA,334
AAACACCTATCAATAA,334
AACTTACAGGACGGTT,334
AAGATTTCGGAACAGT,334
AATAAGATGTCCCAAC,334
AATATCGGTTAGAGCG,334
AATCACCTCGAATTTA,334
ACAAACTTTCAGTCCT,334
ACACACGCAATAAAAA,334
ACTCGTACAATATCAA,334
AGAGCGTAAACAAAAT,334
ATAACAGGCTACAAAG,334
ATAGTTAGATAAACAA,334
ATCGGACCCAAACAAC,334
ATTCAGATATCATCCC,334
CCATTACCTACTCTCG,334
GACGGCCTATACTCAT,334
TAGCAGACACACTGTC,334
TCAGAAGAGCGAAAAC,334
TGGGAATATAATATCA,334
TTTTCCAATACTTGAT,334
AACAACGCCGTATTTC,333
AAGCAACCCTCGATTG,333
AAGGCATGAAGATACT,333
AATGAACCATGACACT,333
ACCCATGACATGAAAT,333
AGGCACTAATCCTGAA,333
ATTGGCTTACAAAGCA,333
CCACAGTATAAGTGAA,333
CCTAAATGTGAGAAAA,333
CGGCCCATGTAAGATA,333
CGTAAACGTATCCAAC,333
CTCGAGCTCAAAGTCC,333
CTTTTCGAATACCTAA,333
GAGCCCTATTCATCTT,333
GCAGAGAGTAGACTCT,333
GGAATACTAGTTAGAA,333
GGCAGCCCCCAGTGAA,333
GGGAGAGAGGGACTTT,333
GGTTTTATTAAATGCG,333
TACGATCTGTTCTCCA,333
AAAAACATTTTGGGTC,332
AAACATTAAAATCTCC,332
AACACTACTAAGTCAA,332
AACTAAATTAGAGAGA,332
AAGCGGGGAGCATCAC,332
ACACTGAGAGGACTGT,332
ACATACTGATGCAATA,332
ACTAAATCTAGATTTT,332
ACTAGTGAAAACGTTC,332
AGAATAAATTAATAAG,332
ATGAAGCCGTTTTCAA,332
ATGACCAGATCGGCGT,332
ATGATAACTTTCCATT,332
ATGCGAAACTCGCCAG,332
ATTTCTCAGAAAGTCT,332
CAACCCATGGTTCTTC,332
CACTCGGAATACATTT,332
CAGTAAAAATAGGCTG,332
CCCAATAATGGTGTAT,332
CCCCTCCCAATACGTT,332
CTGGATACCTAAATAA,332
GAGGCCAAATTCTCAC,332
GCTAAGCCTAAGTACA,332
GGTCTCCATATACAGC,332
GTACAGATGAAACATA,332
GTATTCCAGAGTCAGC,332
GTCTTCAAATGCGTTA,332
TATATAGCTTTTTAAA,332
TCTAACATAGTAAAAA,332
TGTCACAACGGCTGGC,332
AAACAACAAAAGTGGA,331
AACAGTTGAGCAGAAA,331
AACATATGAATTCAAA,331
AACATATTGTCATGAA,331
AAGATAGATCCCTAAT,331
ACAACACGGATTCGTA,331
ACATCATGTGTTAAAC,331
ACATGGTACTCTAGGC,331
ATACAAAAACAGAATT,331
CAAGGAGGTTACTAAA,331
CAAGGTACGAAAATAA,331
CTACTTTCCGATATTC,331
CTCGACTAGACAAAAA,331
CTGACCTTTCCCCCGA,331
CTTCAGTGTTTTAATT,331
GAAGACTAGCTCCAGA,331
GATAAATCACATAAAG,331
GCAAGAGCGGACCCAT,331
GCAGAAGATACAGATC,331
GCAGTTACAACGATCT,331
TAAGACACTCGAGTCA,331
TAGACTTTACACAGTA,331
TTCCCAGTCCCATCTC,331
AAAATCAGCAAACAAC,330
AAAGACCGGATAAACG,330
ACACATGAAGAAAAGA,330
ATGTTGGCTAAAGCTG,330
ATTATCATTTAGAAGC,330
ATTCATCGTAAATCGG,330
CAATATTAGTAATGTG,330
CCCGGAACTGGTACTC,330
CTACGGCTGTAAGTAT,330
GACAAACTACAAATAA,330
GATTATGATTCGTCTA,330
GCATCAGTTGGCAGGT,330
GGCCACCAATTCCGTC,330
GGCTAACTACCCCTGG,330
GGGACTTATTGTAATG,330
TAAGTACAATAAAAAC,330
TACAATATTGCAAAGC,330
TACAGATAATACCACT,330
TATAAAAACCCCTACA,330
TTAACTAGATCAATCA,330
TTCAAATGTAACGGAC,330
TTCGATGACGCTCTGA,330
AAAAAATTAAAAAATG,329
AAAACCAGAGATATAG,329
AAAATGAAAGCAAATA,329
AACCGAGCCCATTATA,329
AAGTGGAGTTACGAGT,329
AATGAGAATCAGATAA,329
AATGTGTCTACGTGTC,329
ACCCTACATGAGAAGA,329
ACTATACAAGCACCAT,329
ATCCACAATTTATAGA,329
CAAGTATACATTTTAA,329
CAGTAGTGGATTAAAA,329
CGACCAGAGGATACGA,329
CGCTAAAATACATACG,329
CTCTCCTGTTTACTGA,329
CTTGACACAGAAGAAG,329
GACCGTTTCTGGAATG,329
GGAACTAAACGAAATC,329
GGGTAGGATGCAAACA,329
GGTGAAGACGAAATAC,329
GTAAACCAATAAGATT,329
TAAGTTGTAGTCCTAT,329
TAATGCTTACCATTCG,329
TGACAAAAGAAAACAT,329
TGGACTACACATGGTG,329
TTAATACCTCTGACTA,329
TTGAGCCAATCTATCA,329
AACCTTTTACTTAGAT,328
AATAGTTTGATTAGCG,328
ACACGACGAGAAACTA,328
ACTAAAACTTTGATCG,328
AGCTCCGCTCGATCTT,328
CATATACCATCTGATT,328
CTAGGCTCCGGGTATT,328
GACTAACTTCATTGCC,328
GATACCGCAAAAATTA,328
GCAGGAACTTTACGCG,328
GGTGAATTTTTTGAAT,328
GTTGAACTAAGATCTT,328
TAAAAATCTGTTCTTG,328
TATGGCATGACAAGTA,328
TTACAATTCATAGACA,328
TTACGATAGCCTGAGG,328
AAACACGGGACCATGA,327
AATTCTGACTCGCCCT,327
AGGTCTAGCACCCACG,327
AGTATATTAATACACC,327
ATCAAGTCAAATGCAG,327
ATTAATCGCGATAGCG,327
ATTAGGACAAACGTCA,327
CAATCTACAGTTGTAG,327
CATAAAGTAATACACA,327
CTAAGTTCTCTACCAA,327
CTCACATCAATAAACA,327
CTCAGACGCCTGCAGC,327
CTCAGAGACCACCGAT,327
CTCTAAAAACTTCATG,327
CTCTAGCAATTCAACG,327
GAATCAATCTCAAGGA,327
GATTCAAAAAAAAGTT,327
GGCTGACTGAATCAAC,327
TACCAGCCCCGTGAAT,327
TACTAACTTTGTTCCT,327
TGGAACAATTCGTCTA,327
TGTCAACTATTACGAT,327
TGTCGCAGCATCAATG,327
TTACTAACTAACTGGC,327
TTTTAAAAGTAAGCCG,327
AAGTACCAGAACTCCC,326
ACACACAGGCGTTCAT,326
ATAGCGATATTATTAT,326
ATGATAATATTACACG,326
CACCTCTCAACCCATG,326
CAGACCACTCCCCAAA,326
CAGGTATAATGATGCT,326
CCAACCCAAAATAAAC,326
CGAAGGGTATAATCAC,326
CGCCCACCTTAACAAT,326
GAACGCGGAACAGTTT,326
GACTTCTAGCCGCTTC,326
GATAACGCCAGAACCA,326
GGAGTTAAGAATTATA,326
GGATCCAGCAGCCCCC,326
TACTAACACAGGCCTA,326
TAGAATATGTAATCCA,326
TCCGCCCGATGCCTAC,326
TCTACAAAAGTACTCA,326
TGCGCAGGCCAACAAC,326
TGTACCCCTGCACAGG,326
TGTTACTCCGAGAATG,326
TGTTCCCCTTCACATA,326
AAACCCACCAAGGAAA,325
AAATATATGGTGGCGC,325
AACAGAATGAATATAA,325
AACTGTGAATTTGAAG,325
ACATGAAAAATCACTG,325
ACGAAAGAATACTGGT,325
ACGGAAATCGTCCATG,325
ACGGACAAAGCAACAG,325
ACTCCAAGAAATTGCC,325
ACTTTGTTAGGATAAA,325
AGAACCTCAACACAGT,325
AGATTCCAAAAAGACT,325
AGATTCCAAGTAATAT,325
AGGGGCTAATCGTCAA,325
ATAGATTGGCCCAAAG,325
ATCTACTGTAGCATCG,325
CAAACAAGTGCGTTGA,325
CAAATGAACAAATACA,325
CAACAAGCCAAGATTT,325
CGACTCAAACGTATTA,325
CTAGTGGTAAAACACT,325
GAAGGCTCATGGTACC,325
GCTATGCTACAAGCCT,325
GTCACAACAATAAAAT,325
GTGATGGGAGGGATAA,325
GTGTCAAAGCCAATTA,325
TACTTAATCGAGAAGG,325
TAGTTTATTACCAGCA,325
TCAGGTCTGAATATGG,325
TGTATGTGTACCGGCT,325
TTTACAATTAATACAC,325
TTTAGTAAAGAAAAAG,325
AAAGTAATCAAAAAAA,324
AACACGCCGTAATTCT,324
AATCACTGCCTTGCAC,324
ACAGTACAGCTACAAG,324
ACCCTATTTCCAACTG,324
ACTAAACCATGGATTA,324
ACTCTTAACGCAAAGT,324
ACTTGCTAGTATGAGA,324
AGAAAAAAGTACCAGT,324
AGAGACCCAAAACAAG,324
ATACTCATAACGAAAT,324
ATTTAATCCTAATACA,324
CAAAAAAACATTGTTG,324
CAAGTCACCATATCTC,324
CAAGTCATTAGTAAGA,324
CAGGAGGCCTTGAACC,324
CAGGTTATAAACTAGG,324
CAGTTAACACAAATTC,324
CGAGGAAGTGTACCCA,324
CTACTCACTTACACAT,324
CTCACTACTCCAAACA,324
GAAAATAAAAATGCCA,324
GAAAATGGTCCGTTGA,324
GACTTCCAACGCACAA,324
GGGTCAACTGATCGAC,324
GTCAAAGATAATGGCA,324
TATAATCATCAAGACT,324
TCAATTGATACATCCA,324
TCGATGCCAATTAAGC,324
TCTCTCGTAATCATTA,324
TGACGCTGAGCCTTAC,324
TGTCAGTTTTCACTCA,324
TGTGGCTAACCGACTC,324
TTATTGATACGCCAAG,324
AAAAAACTCTTAGCCG,323
AAACTGCGGGGTGGAT,323
AATCGCGAAATCATCT,323
ACTAAATCTATTAAAA,323
AGACAGGGGTTTGGCT,323
ATTGATATTTATGACA,323
CAATTAGGCCTATAAA,323
CCGACTACTATAGTAC,323
CGTAGAAAGATGTTCG,323
CTGACGATAGGCAGTC,323
GTACCCATCGGACTGT,323
GTGCAAGGCATACATT,323
TAAATTACAGTGTAGC,323
TAACAGAACTGCAACC,323
TATAAAAATGGACTAA,323
TATCGTACTCAAAGTA,323
TCTAGAAAGGATGTTC,323
TTAATGGAGTTAATTT,323
AAATTTATTTGTAAAA,322
AACACTATACTAAAAT,322
AAGAAAGTAAATTAGG,322
AAGCAATAAGTATAGA,322
AATTACATATGACAAA,322
ACATCTGGACCATATC,322
ACCCACAGATATTAAC,322
ACGAAGAAAGAAACTT,322
ACTGCGCAATCTGCTA,322
AGAGTTGTATAAATGC,322
AGATATTCTTGCCCAA,322
AGGAGCTTCTACTAGT,322
AGGAGTCCCCCCAATG,322
ATACGACCTGCATAAG,322
ATCATAAGCCGTCATA,322
ATCTGTTGTGCGTCTG,322
CAACCGCCCCATACCT,322
CAAGCTTATATCTGAA,322
CACACACGGGGCTTAC,322
CAGAACCAATCCCCAC,322
CCCCACAACGAGCCTG,322
CCTGATTCCATAACCT,322
CGAATGAAGAGGATGC,322
CGAGAAGCAAAACTCA,322
CTGTAAACAATAACAT,322
GCCACCATCTGTTGAA,322
GCCTCAAGCATGCACG,322
GGGTTAAACCCGAACT,322
GGTCCTGCTGCCACGA,322
TAAATTATTAGGATGG,322
TCAATTTGCGATTGCA,322
TCACAAACCGACAGTA,322
TCAGACTTCTAAAGAA,322
TGACATTTATGAATGT,322
TGAGTTATAAGCCTAG,322
TTTGGAATTAATCTCG,322
AACCAGTAGTACAAAG,321
AAGATGATAAAATTAA,321
AAGCCTAGATAATCTA,321
AATGCGTAGATATAGA,321
ATCCGTACAATTTCAT,321
CCACTACATGCTTGAT,321
CGATCTACCGAATGAG,321
CGCACACGAGCTTGGC,321
CGTATATCATGGTGAT,321
CTAAATTTAAACGTCT,321
CTTCTAGTAAGCTGCG,321
GACTTCAAAAAAAGAC,321
GATGCACGAATAATGA,321
GGATTACATTAAAAAA,321
GTTCAAAGAAAAACAC,321
TACATCAATTCCCGCG,321
TATCGAAAGTTGCCAG,321
TATCTAAGTATCATCC,321
TATTACAAGGGTTTAA,321
TATTGGGCAAATCGAT,321
TCCTAGATCTGGCTAA,321
TGAAGATGCAGACGAC,321
TGACGATCTAAAAATA,321
TTAAATCTCACAGTAT,321
TTGTCTTGGCTGATGG,321
AAAAGAATGATAAGTC,320
AAACCAAGAATTAAAG,320
AATTCTGTGAGTCTTC,320
ACATAAATTGCTCAAT,320
ACCCTCTCAATGAAAG,320
ACCGAACACACGCTCT,320
ATACATCCTAATGTGA,320
ATAGTGTGATCTGCCC,320
CAATGGCCGGGACATA,320
CCAGGGAGGCAAAGTA,320
CCTTACTCATTATCTG,320
CTACCATACACAGAAC,320
GACTCACTTACTTTCA,320
GAGACTCTCGGATATA,320
GCAACATTTGACAATT,320
GGGTCTAAACAAGTAC,320
GTAAACATAGGAGAAA,320
GTAGCGTACCTCAGCC,320
GTCTCCAAGAAAAAAA,320
GTTTCACAAATTATGC,320
TAATATATTTCATGCG,320
TAGAAACCAACAGAAA,320
TATAAACATTAGCACC,320
TCACTCTTGCACTTTA,320
TGAAAAACCCGAGGAC,320
TTAATGAAGTATTATG,320
AATAACTACAGTAAAC,319
ACAATATAGACTACAC,319
ACAGATAAAACATGAC,319
AGAACAGCTACTAACG,319
AGAACTAAAACCTAAA,319
AGGCTGGACGCGCTGT,319
CCAATAAACCAATGTT,319
CCAGTTCCAACAAGGC,319
CCTAAGGTACCCCAAA,319
CGCTCTTAACCAATAG,319
CTGCTTGGATCTACGA,319
GAAGACGAGCGAATGT,319
GCAATATTGAAACACA,319
GCTAAGATTGGATGCA,319
GCTTCCCGTTGAAACA,319
GGGACGCCAACGGCAG,319
GTATATCAAAAAAAAC,319
TCAGTCGTGAAAATCC,319
TCCAACCTCACACCTT,319
TGATCAACACACTTAA,319
TGCGTTAATCAGTTAT,319
TTACACAGACTTAAGC,319
AAATTTCAGTGAGCCT,318
AATATTAATGCAGCCA,318
AATGCCCACGAATCCA,318
AATGGAGTATAGCAAT,318
ACCACCTCCTAAAGCT,318
ACGCCCCCCCAGCGAC,318
AGAGATGTTTAAAATA,318
AGCACTACTCAGAAAA,318
ATACCCCGAGCCCAAA,318
ATATGCGCAGGCTGGA,318
ATCTAAAGAGTCGATC,318
ATCTTCCCAACCGTTA,318
ATGACCCGAACATTTA,318
CAATGGGGAAGCTAAT,318
CCCAAACGGTAACTAA,318
CGACTTACAATATGAT,318
GACGAACTCAGGCCAA,318
GATCTACCCTGCTAAG,318
GGTCTCGAATCGATCT,318
GTACATAAAAACTCGA,318
GTGACACAGAAAACCA,318
TAAAGGATTGACCGCT,318
TAAGAATAAAGAACGA,318
TACCAAACGTAATTAT,318
TACCCGCTGCCAATGA,318
TGTACACAATTAGAAT,318
TTAATGAATATAAATT,318
TTAGCAGCCCCTTCAC,318
TTTTTTTTTCATTCTG,318
AAATCCAGAGTGAACA,317
AAATTAAGGGCGCGCC,317
AATAGATACACAAACT,317
ACGAGCAGGAAGTACC,317
ACGGCTATTGCTCAGA,317
AGCCAGGCAATACAAT,317
ATAAGTATTACTAATC,317
ATTTGTAATGGGTTTA,317
CACCATGACAATAACC,317
CATGAGAAACTTCCAA,317
CCCCAACATAAATGTT,317
CGGCGTAACAGACCGA,317
CTCACCCAAATGAGTT,317
GAGTTGAAATAACAGG,317
GCCACGCGTGACTCGA,317
GGGATATAATGCGGAC,317
GTCGAACAGAAATAAG,317
TACTGACCTCGTTTAA,317
TGACACCACATGTAAA,317
TTACTAACACATCAAC,317
TTTGAAGTCGCAGAGG,317
AAAACCTGGCCAGATA,316
AAATGGAAACGTACTG,316
AAATTTGCAAATTTAT,316
AAGAATAGTTTTCTTA,316
AATAGACTTTCGTTCC,316
ACATGCACCTGAAAGC,316
ACGATAACTTCATCTA,316
ACGTCACAAAAGACCA,316
AGCTGCATTGGCCACC,316
AGGTTATATGCTAATA,316
ATCTCTCCGAGTAAAT,316
CACCCAGGCATTTATG,316
GAAAGCCGTGAACGTT,316
GAAGGCAATGGGGATA,316
GCTGGGAGTCACAAAT,316
GTCAACATAACGCTGG,316
GTGAGATTCAAATATA,316
TAAAAAAACAGGATAA,316
TATTAAATAAGCAACA,316
TCTTCTAACTTGACTA,316
TGATATGAAGCTGACA,316
TGATTGGAAATACTAA,316
TGTTCGGAAGTTATCT,316
TTTAAACAAAGATGTA,316
AATAAGAAGACACCTC,315
AGCCGTCGATCCGTTT,315
AGGATGAAAAGACCCA,315
AGGTTGCAGGGGTAAA,315
CCGGCTCCATTCGTTA,315
CTACGACATTCTATGA,315
CTCCTTCCGCGGCTAG,315
GCACACTCCATTGGGC,315
GGACCAAGAGCCAAAA,315
GTACTACGGCTCGCGA,315
TAAGAACTCTCGACTA,315
TAGGGACTCTCATATG,315
TATATAGTATTAAACG,315
TCCGTGAAAACCTTCG,315
TCCGTGATTACATCGT,315
TCGCTAACAACTGATA,315
TTACAATCCCCAAGTA,315
TTAGGCAGGACAAACG,315
TTGTAACAAAGAGGTC,315
AAAAGTGCCGCCCCAA,314
AAGCGAAAACTTGCAC,314
AAGTTCACAACAATTT,314
AATGCACAAATGAACA,314
ACGCCACCTTCCGTGT,314
AGGACGATTTGAGATA,314
AGTAACGTACTATGTG,314
ATACTACATTTTGAAA,314
ATACTGTACAAGAATA,314
ATAGTTCTTTATAGCC,314
CAAATAAGTTGAGCAT,314
CAACAAGGGATGCAGG,314
CCAGCATATAAAAGCA,314
CCAGGTATTACCATCA,314
CTACCGTACAAACTAC,314
CTATTGTCTCTCTCCA,314
CTGCTATATGAAAATT,314
CTTTCTGGTAATTTTC,314
GAAAAAACGGGCATTT,314
GACGATATTGCATATC,314
GATAAACTAAAGATGT,314
GTATCGTCACAACTAC,314
TAATTGCACTCCCGAA,314
TCGACCTACGGCAGTC,314
TCGGCGCCTTGGTAAC,314
TTGATACATTAAGAAT,314
AAATATCCGGTATTAA,313
AACGCCACGGAAACGC,313
AATCATCCTATAGACT,313
ACACACAGGTAATAAT,313
ACCTAAATTATGAACT,313
ATAATACAAAATGATG,313
CAAAAAGAACTCAAAT,313
CAACAGTTGGCTTTAC,313
CAAGGTCATATGTAAG,313
CATTCCAATAACTCAT,313
CCAAGAAATAATCGAA,313
CCCTATTTACGAACAT,313
CTGCCCCTCCCCGGCT,313
GATCTCAGTTCGGACT,313
GCCCAAGAAAAGAATG,313
GGAGAATTGGACCACA,313
GTGCATTAAAACAATG,313
TAACGACGGTTAGATT,313
TACTTATCAGACTAAG,313
TATAAATCAAAGTAAG,313
TCAGAAGATCGGCGGC,313
TGAGATCAAACCATTA,313
TTAAGATCAGCTCATA,313
TTAAGTACCCAAAGAT,313
TTCAGTAAACCCTCAT,313
TTCTGAAAAAAAATAG,313
AAAATTCAGACTTCAC,312
AAGAAACCATTCTGTA,312
ACCATCGTAACGTGTA,312
AGACCCTAGGTAACTC,312
ATATATGACCAGACGA,312
CCATAAGACTATTCAA,312
CGTCCAAATACTTTTG,312
CTTTTATTCACCGATC,312
GATTGAAACTCCACGG,312
GCAAAACATTTAAAGA,312
GCCAAATTGATGATAC,312
GCCCCTTGCAAAGATG,312
GCCCGGAAGAATAACA,312
GGTCAGGGTTGGTGCC,312
GTATTACTTCTCAGGA,312
GTTGAAAACGATGTTG,312
TAAATCACGATAATAT,312
TAAGCCCACTCACAGC,312
TAATATAACCATCATT,312
TCGGTTGGTACGAAAA,312
TCTTGATAGGTAACGA,312
TGACGCTACGGATATT,312
TGCTCACGTTAGACGA,312
AAACTAACACCAATTA,311
AAAGAACGTCAACTGG,311
AACCCACATTATTCTA,311
AACGCTATCGCGAAGA,311
ACGCAAATTATATTTA,311
AGACCGTTGGCTAAGA,311
AGCGTAGTCTTTAAAA,311
ATTATGGGTAAAAAAC,311
ATTCAGTAACAAGCGA,311
CAAAGGCTCATACAAG,311
CAATTTAACTTTAAGC,311
CCAATCCCAGACACCG,311
CCACGGAGAATAAAAC,311
CCATGGAATTTATCCC,311
CCGCTAAAGTATGTCA,311
CCTGATGCAACAACCT,311
GACAGATAAATTATCA,311
GATCGCTAGCCCTGAG,311
GCATGCCACGAATATT,311
GGCAGATACCATAAAT,311
GTCCTAACCATCATGT,311
GTCTATAAGTAAACGA,311
GTTGTATTCTCTTCGA,311
TAAACTTTAGACTCAA,311
TACCACTACTCTTACG,311
TCACGTCATCAAAATC,311
TCCATAAGGAATCTGG,311
TCCTGAAGTATGCTCA,311
TCTGATATGACATGAT,311
TGAGAGATGAAAAACG,311
TTCCAATGAAAAAGAT,311
TTTAACATGGAAGCCC,311
TTTGGCATCCCATCTA,311
AAACCGTAGTGCGCGT,310
AACCGACCACAAATAA,310
AACCTCCCCGGATAAC,310
AACTTTCCATATTGAT,310
AATTCACAAACAGAAA,310
ACGACAAAGGGTATGG,310
ACGTTCTCCATAGGGC,310
AGCAACCCAGTTACAA,310
ATAATTAATACACGTC,310
ATACCTCAAGATGCCG,310
ATATCAGCTCCGTCAA,310
ATATCTATAACAAAGC,310
ATTTGGCAGTTAAATG,310
CAATGGTGAAATCACT,310
CATTTAACTCGTACAA,310
GAAAGCCTCCTCAGAC,310
GCAACAAGGTATGATC,310
GCATAGGAAGCTCAAA,310
GGACAAAAACACAAAA,310
GGAGCGAAAGATTGGT,310
GGATGCACCAGTAAAC,310
GTATCATAATTTAGAA,310
GTATGAGTATCAGAGT,310
TCAATGAATAAACCAT,310
TGCCTATATTTCAACA,310
TTTAAACATAACAACA,310
AAAACCAAGACTAACG,309
AACCGTACCTTAATAA,309
AACGGTATCCCAAATA,309
AAGAGTAAATGGTATC,309
AAGGAGTAAAAACATA,309
AATATTGGAGAATAAG,309
AATGTGAACAGACTTC,309
ACCAATCAGAAGGGTG,309
ACCGGACAAATATATA,309
ACGGGCGCGACCATTA,309
AGTACTCTAATTGCAC,309
AGTTATGAAAAGGTGC,309
ATACATTAAACGGACA,309
ATAGAAAATGCTGGTC,309
ATATACACGTCCCCCA,309
CAAAGACCTCAGCGGA,309
CATATCAAGTCGGAGA,309
CCGGGAAATAATAATA,309
CGTAGAATTGAGTTAA,309
CGTAGTTGAACCAATC,309
CTGACTCTCCCATAAT,309
GACTAGATCGAAAAAG,309
GCAACTTATACAAACT,309
GTCTCCTAAGACAGAT,309
TAAAATTCATAGATTT,309
TAAGATCCGAAGCCAA,309
TAATCATCGGTTTAAC,309
TAGCCGATTGCAGGTA,309
TAGTTCCAAATTCACT,309
TCGAGATACAAATTCA,309
TGAAGAAGGAGTAGCT,309
TGGTGATAAATGACAC,309
TGTGGATCCATGTAAT,309
TGTTGGTCAAACATGC,309
AAAGGATGTTCCAACC,308
AATATACAAGATCCAT,308
ACCGGTGTTAAAATAA,308
ACGGCCTAGTACTTTT,308
ATGCAGAGAGAAACAG,308
CCCTCACTACGGATTA,308
CCGAAACACGAAAATA,308
GAAAACATCCGGACCA,308
GCACACAAAGTGGGCA,308
GTAACCCCATTTGATT,308
GTCAGAACCGCAAAGA,308
GTTCCTGAAATTTATT,308
TAGGCCCACCTCAAAA,308
TATTAATATTCTAATT,308
TATTCTCAACAAAAGA,308
TCAAAGAATAACTTGC,308
TTAACTCTTCCCAAGC,308
TTGAAAAATTAACAAT,308
TTGCCCCTGATCACTT,308
AAAACATAACCACCAC,307
AAGCAACATAGAAGAA,307
AATCGGCACTCTCCAT,307
ACATCTATACACATAG,307
AGACAAGATCTTGGCG,307
AGATATACTCCAAGGA,307
AGATCCATTGCTGTGT,307
AGTAGTAAGGCGCTGA,307
ATAGTAGAAAAACTAG,307
ATCCAAGAAATTACAA,307
ATGGTCCATAAAGTAG,307
ATTACGCGGGCAAGCG,307
ATTTTCCCTTAATATT,307
CAACTAAAGTATAGGG,307
CAAGATGAATTCATAA,307
CAATTCACGTCGCTAT,307
CACCATCGCTTCTGCT,307
CCGAGCATGACCAAAC,307
CGTACAATCCCAAGTC,307
CTTGAATACAACTGAT,307
GCGAAAGAGCCCAACT,307
GGAAGAGATCGGCCGT,307
GGACAGCGATACATCA,307
TAACGTGATTCCAACT,307
TATGCTAAATGGACGA,307
TTAAACACTAAGGTCC,307
AAAAATTCGAGCAAAA,306
AAAACACACTAACAAT,306
AACAACCAACGCCAAT,306
AACATATAGAGAGTGG,306
ACCAAACAAAAACAAC,306
ACCCTACATTAATACC,306
ACTACATCATATTAGA,306
AGAAGTTAAAGTCCTA,306
AGCCACGAGAGGTAGG,306
AGGAAGCTAAGTAAGT,306
ATACCTAATACGTAGG,306
ATAGACACAAATGACC,306
ATGGTCAGTGACAGGG,306
ATTTTGAAAAAGTCAA,306
CAAAGTCCATGCTGCG,306
CAAGACTAGAACCTTG,306
CATAAAAATATGAATT,306
CATTAATTCGAAATTC,306
CATTGATCTGTTCGAC,306
CCAGAAGTGACTCATA,306
CGGCGGTTCTCCATCG,306
CTTAGAATAAAAAAAG,306
CTTCCATAATCGATAG,306
GACATATGCCGCACGA,306
GAGATCTCAAATGGTA,306
GATTAAATAAGTGTAA,306
GGGCCGCTATTTGCGA,306
GTGTATCAAATAAAAG,306
TACGAAAATCATGACC,306
TAGGGAGGAGTTTCGA,306
TCACAGAAATTTGTAA,306
TCGTTCACGATTTCGC,306
TCGTTTACCTATTACA,306
TGCGTTGAAAACCCTA,306
TTATGGGGATAGACGT,306
AAACAAGTGAGCCTCA,305
AACGCCAGAGGGCCTT,305
AATAAAAGACCGTCAT,305
AATATTAAATCAATGA,305
AATATTGGTCACGTAT,305
ACAAATTGGTTGTACA,305
ACCAATGCACTCACTA,305
AGATGATTATATGCCG,305
ATTACGTACATTATCA,305
ATTGAAGTTTCTCTTG,305
CAAGAGATTATATCCT,305
CAATATCACAGAGGAC,305
CACCCCTAAATTCTAG,305
CACTTACTAAACTCAA,305
CAGTTGCCATAGTGGT,305
CTAAAGGTGCATAAAG,305
GACGAAAAGTGCAACA,305
GACGGCGGCCGACCTA,305
GATTCAGATTTGCACC,305
GGGACCACGAATGGTG,305
GTAAACTACCCACCAA,305
TAAAACCAATTACCGT,305
TAAATACGTGTGATTG,305
TATTCAGTAGAAGTAT,305
TCATGTTGGCATGAAT,305
TCGCATAAACTCCTAC,305
TCGTAATACTTGTGCG,305
AATCAACACACTCTCG,304
AATTAAGATCTGGTTT,304
ACACGATTGGTAATAA,304
ACAGACCCCCACACTA,304
AGAAGCATGAAGCTGT,304
AGACAAACGAAATTGA,304
AGATTATAATTAGATA,304
AGTCCATTAATTATCC,304
ATACAGCGGCCATAAG,304
ATATTCAAAGGAAATC,304
CAAACAGTAAACCCAA,304
CAGATAAGTGAGTTCA,304
CAGTGTGCATAAATTG,304
CGTATACTCCCCTGAC,304
CTAACACGAATTGGTA,304
CTTCGAAACCACAATA,304
GCGACCTAATAGTGTT,304
GCTTTGTATAAGAATT,304
GGCATACGCGTCAAAA,304
GTATAATGAAAAACTA,304
TACAGTTCGAAATGCG,304
TATATCGACAAAACCA,304
TCCTGGCTAACCACAT,304
TCTATCTTTATGCGAT,304
TGCGCACCCTAACGAC,304
TTAAAAGAACCATCAT,304
AAAATCAATATCTTCC,303
AAATTTGTCATCAGGA,303
AACTAATATAATAGAC,303
AACTACCCGGGACATG,303
AATACGGCAAAATTTT,303
AATATTCCTAAGTATC,303
AATTAAAGGTTGAAAT,303
AATTAGGAACATGCCT,303
ACAAGAGATCTGAGAC,303
ATCATAATTTCCCCCT,303
ATGCCTACACTAATGC,303
CAAAAAGGTCCGAAAA,303
CAACCAGTTTAAACTA,303
CAGATCAAGCATGTGC,303
CGAGCTTTTAAACTTA,303
CTAATACGGATGCCCA,303
GGCTATGACACTAAGG,303
TATCGACGATTGGAAA,303
TCGTGTAACAAATAGA,303
TCTATAGCAGGTCTCA,303
TGAAGGAACTTTATGA,303
TGGAAGCCGGACGGAT,303
TGGGGGTGAATAATCA,303
TGTATAATAACTTGCA,303
TTACGCACAACTAATT,303
TTCCGAACTTCCCGTA,303
TTCGATAAAATGATAT,303
AAAATTTAAGTTCGCA,302
AAACCGAGAACTAGCC,302
AACAGTCATAGTAACT,302
AATTAGACCCAACTCT,302
AGAACGACACCCGCAC,302
AGGGTATAAACGTACG,302
ATATTTAACTTCGTAC,302
ATTGGGCAAGTATAAA,302
ATTTAAAGGGTGACAC,302
CAAACCGCCCAATATT,302
CAAATTGTATCCACAA,302
CCACTGCATAACGCGA,302
CCGGATATGTCCTAAA,302
CGCAAACCGGTAACCG,302
GACAGAGGACTGAACC,302
GACGGCCAATAAAGAG,302
GAGGCACTGAAATTTT,302
TCAGTGAGACTTAATC,302
TTATTGTTTCGTTTAC,302
TTGTATGATACAAACG,302
AAAAAAAGAAGTGGTC,301
AAACCCAGTAACCTTA,301
AAAGGGGTAGTTAGTC,301
AAGAAGCGAATGATAA,301
AAGATTAATTGCGAAA,301
AATCTCTCGGCATTAA,301
AATGGATATATCGGGC,301
AATGTATAACGAAACA,301
ACCCCAAAGGAAAACA,301
AGATTAACACGTGAAA,301
AGCAACTACTACTCCC,301
AGTCCCTAGATATGAT,301
ATAACTATACAAATTA,301
ATCTAACATCTCACAC,301
ATTAAAGGATAGCACT,301
CAAACGAACTTCAAGT,301
CCACTAACATGTTTAG,301
GACCCATTCTTATTAT,301
GTAACTGCATAGTCTC,301
GTACCATAGAGTCCAT,301
GTCCTTACAACGTTAA,301
TCGCTGAATCACATAT,301
TCTGGCCTGGGATGGT,301
TTACAAGAAACAAAGA,301
TTACATATATACCGCA,301
AAGGTCGCGCATTAGT,300
AATCAGCAGTCCTATG,300
AGTATTTTATACCTCT,300
ATAGACCTCTAGCACA,300
ATGCTAAGAACAAGGG,300
ATTGATAGATTTAGGT,300
CAGCTTTTTCGGCGAT,300
CATAAAACGCTACCGC,300
CCAAGCGTCAAACATT,300
CCCTCATAGGAAGATG,300
CCGTACGTAGGTTCCA,300
CGATGGTGGCTACCTT,300
CGGAAGCGTCACTACA,300
CTGCATCTACAGAACC,300
GAGATGTTGTCCTACA,300
GCTTTTTGCGTTAGCA,300
GTAAAAGAAAATTAGA,300
TAAATGGAACACCATT,300
TACTTCATTTACCCCA,300
TATAGACAATAGACAA,300
TCCGAATATTCCCAAA,300
TGGACCAATTTACTAT,300
TGGGTAACTACTCTGA,300
TGGTAAATAATAATAA,300
AAGCTAATGTCCGTAA,299
ACGTGCAAAGGTAAAA,299
AGGCAACAATGGTGAA,299
ATGAAAGCACCAGTAC,299
ATGCATCATATATGTG,299
ATTAATGGGACTTTCA,299
ATTACAAAACGAAAGT,299
CAAACCCTGTCGAGAA,299
CAATCTTCGCGGTGTG,299
CACCTAGTCAGAGTTT,299
CCAGTCCTTTGCCTTT,299
CGCATTGCTAAGCTTT,299
CGTAAACTTTCTTTGG,299
CTTAAATACTCCACTA,299
GAATGGACGATACAGG,299
GATAATCAAGAAATCC,299
GCACCAGGCCTGAAAG,299
GCTAAAATAAGTAATA,299
GCTAAACAATATAATC,299
GTTTTGAGAAACTTCC,299
TAAAGGTTATCCGCAT,299
TAACTGCCAACGAAAA,299
TAGCGGGACATATAAA,299
TAGTCCCGAACCTGGT,299
TCATACCTAATATACA,299
TCATCAACGAAATTAG,299
TGGGACAAGCACGTAC,299
TTACACTTTATTTCGA,299
AACATGAAAATGTTCG,298
AACCACTCATCAAAGG,298
AAGGGATGCTCATCAT,298
AAGGTCTTATCTAATT,298
ACACTACATCCTTACG,298
ACTAACATCGTAAAAA,298
ATAAATCACCTTGCGA,298
ATGATTTAAATGACCA,298
ATTTTGAGAGTATTCA,298
CATCAACGTACCGTTA,298
CCTAGATTTAAAACGA,298
CCTTGCCCCACCCCCG,298
CGTATAATCCGACCAA,298
CTTAAAGAGTGAAAAC,298
GAACGATGTTCATGGA,298
GAGACGTACGGAGCCT,298
GATGCCCAACGCTATA,298
GCCGACTCACGTCCCG,298
GGAGACTACTAGATAG,298
GTGATAGAAGGACCTA,298
GTTACAACCCGTTTAC,298
GTTGATTTTGTCTTTT,298
TAATACAACCCATATT,298
TAATTAATGCCCCAGT,298
TAGCTAGCACATAGTA,298
TCGAAGACTGGCAAGG,298
TGAGCCGTTCAGTATT,298
TTAAGCAAGGCAGAAC,298
TTAATTGACATCTGAA,298
TTATAAATAAAGAATC,298
AAACCAATTAAACTGA,297
AAACCTCGTCGTCATT,297
AAGCAAGTTTAAATTC,297
AATAAATTATTAAGGA,297
ACCAATAGCAACCTAT,297
ACCACCAAAACTTATA,297
ACTATGAGCGAGAATG,297
ACTCGATCTGTGAAAC,297
ATATCTCCTATCCGAA,297
ATTTTAAATCACAGAA,297
CAACTCAAAAAAGTAT,297
CCATTAGAAGGATTAT,297
CGATACAAAAAACGAA,297
CGATTGTTAAACATGC,297
CTAAACCAAAGAAATG,297
CTAGTGCAAAGGACTG,297
CTCATCCTAATAGGGC,297
GAATTTAGGACGCAAA,297
GATAATTGCAGTTCAG,297
GCCTACCAATACATTA,297
GCTTTGGTAGCCGGCA,297
GGTCCATTTCTTCTCA,297
GTAGCAACACCTATTT,297
GTCGAATCGTATTAGG,297
TAATCAGGAGCGAACG,297
AAGAAGAGCGATCAGG,296
AAGTAATACCAGACAA,296
AATTAGAAACCTACGA,296
ACGATCTGACATAGTA,296
ACTAGTAGATAACCGT,296
ACTCATGACTTATAGA,296
AGAGATAACGAATCCT,296
ATAGAAGATAGCATTC,296
ATATCAGCATGGAAGC,296
ATGTACTTCAAATCGG,296
ATTTAGATTCGGTCAC,296
CAAGTGCTCTATAATG,296
CATCTTACCTTAAATA,296
CCAACTATTGGGCACT,296
CGTCAGACGTTCAAAA,296
TACACGCCCTATCGCG,296
TAGGACTCAAGCTTCG,296
TAGTACTGTAGCGCAC,296
TCCCATTTCATAAACT,296
TTAGTCAAAGTACTAG,296
TTATAGAAACCACTTT,296
AAACTATTGATACATT,295
AAGTCGCACACAAGAT,295
ACAATCTGTTACAGTT,295
ACACGAGTTAGATACA,295
ACATAAGTTGGCAAGA,295
ACTGGCGCATAATGGC,295
AGGCTCTTCCTATGCT,295
ATCTAATCCTACTTTT,295
CACTTTCACAAATTCG,295
CATACAATTTATACGA,295
CATTAAAATCATGGTG,295
CTCTTTAGGAACTTTA,295
CTGATCACAAAGCTTG,295
GTGAATTCATTCCCCG,295
GTGATTAAGATACAAG,295
TACCATCTAACCTATC,295
TATACCATGTCGTACC,295
TCAACTGAAAAAACAG,295
TCATCTACAAATTACA,295
TGCAAACATACAGTTA,295
AAGAGACGAAGCAACC,294
ACAGACGTTGTGCATA,294
ACGATTGTACCTGGCA,294
ACTCTAGACAAATCGG,294
AGAGAGCAGATTAAAC,294
ATTCGGAAGCAAGACC,294
CAAAGCAGAGGTACTC,294
CAACAATACACCCCCC,294
CAAGTAAGCACTTCTC,294
CAGTTGCTCGATGATA,294
CATACCTATATACACC,294
CCCACATGCATATAAA,294
CGTATGCACATTACCA,294
CGTCGTAACTCAAACA,294
GACCATAAATCCCAAA,294
GAGAATCTAAATGTAA,294
GCAAGACCAACTCTTA,294
GGAACGCTCATCTACG,294
GGTTTCTAAGATTAAG,294
TATAAGGACGGTTGTG,294
TATAGATATTAAAAAA,294
TATATCAAAATCTAAA,294
TCCAATATCTGATAAA,294
TCGAAAATTGGCAAAC,294
TGCTCCACAATATAGG,294
TTAACGTTATCAGTAA,294
TTGGTGGAAAGCTTCA,294
TTTCGAAACAAAGCGC,294
TTTCGCCAATCCACTT,294
AAAGAAGAGGAATTCA,293
AACTATGGATATGCAC,293
AAGAACTTTTTACCAA,293
AATATAAATCTGAACC,293
AATTTAATTCAAGTTT,293
ACTATAAAAGAGCTTA,293
ATCATGTAAGTATAGA,293
ATCCTCAAAGGGTAAA,293
ATGATATCTGAATGTG,293
CACTGGAAAGCGATTG,293
CCACATTTAGAGACAA,293
CCGTAAGACGTGAACC,293
CCTAGTAGTTAAAGAA,293
CGAACCTGAGTTACAA,293
CGATACCCAAACGAGA,293
CTATAAAAAAGTATGA,293
CTATATTTCATTTCCA,293
GATAGACGAACTTGCT,293
GATATCAGCTCAAACG,293
GCAACGCAAAAAATAA,293
GTACTAAAAACTTCCT,293
TATCGCTTTGAGATAA,293
TCATCAAACCGACCTT,293
TTAAACAATAACATGA,293
TTAACACTGCTCCGAA,293
TTAATATAAGGAGACT,293
TTAATTATATAGTAGA,293
TTCAGCCCCTCAACCC,293
AAATACGAGGAGACAA,292
AACATGATTACATTAC,292
AACCAGACATACAATC,292
AACGACTAAGAATCTA,292
AAGATTGATAATTACG,292
AAGCCGGTCTTGAAAC,292
AAGCGAAGTATATATT,292
AATTGATATACCATTT,292
AATTGCTAATACCCGT,292
ACAGAGAATAACGAAT,292
ACCCCCAAGTATCATG,292
AGCGTAAGAGTTTATC,292
ATATCTATTTAGAGTT,292
ATCTAAAACTCTCAGC,292
ATCTGGAACGAGTAAT,292
CAAGACCAATGATTCA,292
CAAGTGTTGATCAGTT,292
CCTTTGCCATTAAATT,292
CGAACCTAACCACCCA,292
CGCATTAACGAGGGTT,292
CTTTCTTCGGACACCC,292
GACATAAAAAAAAGTG,292
GAGAAGACAACTCACA,292
GAGTTAAATGCGATCA,292
GATTAATAAAAAAAGT,292
GGGCCGAACGAAGAAC,292
GTAGGTTACTCTGCGA,292
TAAATGTAACTCAGCA,292
TAACATGTAGCATCAC,292
TAATCAAGGCGACGTG,292
TAATTAACAAATAAAA,292
TACAAAATTTGTTGTC,292
TATAGCAGGCGCGCCT,292
TCTCGTTAGAATACAG,292
TTGGAATCTTTGTCAT,292
AAATTAGGCCGCAATC,291
AACTTAAAAAAACGAC,291
AAGCCTTTGAACCAGA,291
AAGTTGTTCGAAGTAA,291
AGTACGTTTAAGTCCG,291
ATACGAAGTGAGGCAC,291
CAACCGGAGATGCGAC,291
CAGAAACCGTTGAATA,291
CCCCCCTTTGAGGCTA,291
GGGTAATTGATTGAAT,291
GTGATACACCAAGGCC,291
TAAGGGTTTCATAGGT,291
TCCCACACCGAGAAAC,291
TCGATTACTCATCGTC,291
TGAACGCAAAACGCGG,291
TGACTGTTATTAATGC,291
TGCTGTCTTGAAACCC,291
TGCTTGAAATTTTATA,291
AAAGGATGGCATAGAA,290
ACTCACACTAGCAAGG,290
AGATAACATCAGAACA,290
AGCCTTATGCTTATAC,290
AGTGGGACAATAGACT,290
ATAATGTAATGACTAG,290
ATAGTAACCTATGGCC,290
ATCAACCCTAGCATTT,290
ATGTTGAAACGCCTCC,290
CAAAAAGTCTGGGTTA,290
CATCCAGTGATCGGAG,290
CCAAGGTCTCATGGAA,290
CCCTACGAGGGCCAAC,290
CCTAGAACCGACTATG,290
CGTATCAAGAATTCGA,290
CTCCGTGATAGCATAG,290
GACAGACTGATACTTA,290
GACTATATACATTGAA,290
GCGGGAAAATCATAAA,290
GGTCAGCAACAAACAA,290
TAACAAAAATCTCCTC,290
TCTAAGAGTCAAAATG,290
TGACAAACGAAGAGAT,290
TTACTTATAAGCAATT,290
TTATTAAACGAATTAG,290
TTTAGTACGCTAAACC,290
AAAAACAAAAGGCGAT,289
AAAACTTAAGCGGGCA,289
AAACTACCAAGCCTCA,289
AAGTCTCGTACCCAAG,289
AATCCAATGACACTGC,289
AATGAGATGCTATCCT,289
AATGCGTTTAAGGCTA,289
ACAATGAAAGTCTAAA,289
ACGATGAAAAGTATTA,289
AGAAATTCCTCCCGTA,289
AGTCGACGTCAAAGAC,289
ATAAGATAATTCCCCA,289
ATCGTCATTAGAAAAT,289
CATTACGGAAGCTTAA,289
CCACTAATGTCGCCGA,289
CCAGACACTGCGCCTT,289
CGTATGAAATATACCA,289
CTCGAACGATAACTGG,289
CTTAAACCTTAACCTC,289
CTTCATGAACTTGAGG,289
GAAAATGGCCACCGTT,289
GAAGCAGCAACTAAAG,289
GCAACATGTTTACTAT,289
GCTGAACATATTGTAT,289
GGGAATAGATCGAATG,289
GTAAAAAAAAGAAAGA,289
GTAACACGAGCCTATG,289
GTCTCCAAAGATGAGG,289
TAATGTAAAACTAAGG,289
TACCAGTGGAACAAAT,289
TATATCTTTTTCAAGA,289
TATCAACCTCTCAGAG,289
TCATGAATGACTATGT,289
TCCACATATGATACAT,289
TCGATTACGTACTAAC,289
TCTGAATACTCAACAG,289
TGACAAGAAACCTAAA,289
TTAATAGAAACGACAA,289
TTACATCCCATTCCTA,289
AAATTTAAATAGAGAT,288
AAGCATCGTACATACA,288
AAGTATATCTCCCAAC,288
AAGTCGAACGTACGTT,288
AAGTGAAAGGACAGAG,288
AATCACAAGATACCTC,288
AATCTTACGAGTATGC,288
ACAAACTAACAGATGG,288
ACCACCAAGATCTTAC,288
ACCATCCGTGAAAACC,288
ACCGTCCCCAAAACAC,288
ACCTGAGATATCTCGG,288
ACGTAACTTGGATAAT,288
ACTTACCCTTAATAAA,288
AGAGGCAATTGGAACA,288
ATAAAAAAAAAGAAGC,288
ATAAAAGATCAAAAGC,288
ATCGAACTTAAGCTGT,288
ATGAATTAGGTAAAAC,288
CGCTCTGATAAAACCC,288
CTACCATCTGCAGCGA,288
GAAGATCAAGAGCCCA,288
GAGGAGTCCAAAAAGG,288
GATGCAATAGATTTGA,288
TAAGATAAGGGAAAAT,288
TAAGCAAGGCATATAA,288
TACCAGCCAGATAGTT,288
TCCTTTTTTCTTTCCA,288
TCTACATCGAACAGCA,288
TTAAAGTATATAAGAG,288
AAATACGGAACAATTT,287
ACAAACTCTATGTACA,287
ACACGACTATCTAACA,287
ACGGGCTGATTCTTAT,287
ATCCTTTGAAATTTTA,287
ATTACTGAATTTATCG,287
CAGCATGGTCCAAAAT,287
CCACTCCTGATATCAT,287
CCTGATCCTGTGAGTC,287
CGACTTAGAAGACAAA,287
CTGTAAGGACCCGGAT,287
GAACGCAGTCTAACCT,287
GAAGGATAAAGCTAAT,287
GAATAATGATGTTGAT,287
GCCCAACCATCTAGAT,287
GGATAACACTCCCTGA,287
GGCACAATTAAGATTG,287
GGTTCTAATGTAGCAC,287
GTTAGTGCTCACACAT,287
TATACATGATTATGTA,287
TGGTACATTGACACAA,287
AATAGCAAATCAGAAA,286
ACACTGACACCCTATA,286
ACAGGGGTTTATGTTA,286
ACAGTAGCAGAGTTCA,286
ACCTATTGAACATAAA,286
AGTCTAATCGAGTACG,286
ATAGAAACTGTTCCCT,286
ATCTAATCAAAACATA,286
ATGATCAGATTGTTAC,286
ATTATAAAATATTGCG,286
CATCCCCGACTTATAT,286
CCACAGAGCAACCATG,286
CGCACTAAGCCTTGTA,286
CTAACCTAAATCTTCA,286
CTCGATCCACACGAGA,286
CTGTACTCTGTAGAAA,286
GAACAACTCAAAGAGG,286
GACTAGATATGCAAAT,286
GGAAAAAGAAGATTGT,286
GGGTATATTAATGAAA,286
GGTCAGAACACTAACT,286
TACAATTTCATACAAA,286
TACATGTTACCTTCTT,286
TAGGACCGCACACGTT,286
TATCGACCAATACAAT,286
TGATGCTAATACTAAA,286
TGGACAACACACGTAA,286
TGTTCTTCCCGGAGTC,286
TTCCTGAAAATCAATA,286
TTCTAATTAAAGGATC,286
TTCTGTCAGTATCAAA,286
AACACATTTTTTTACT,285
AAGTTTTACCTCGGCC,285
AATCGAGAATCACCAC,285
ACAAAAACTATGAAAT,285
ACAAGAGTCGGAGTGA,285
ACTGTGGATACTACAA,285
AGAATATTTCGATCTA,285
AGTTAAAAGTCTCAGC,285
ATGACCGTAAATGTCT,285
ATTTACCAAGGAGAAC,285
CAAAAGAAATTGTATA,285
CAAAGGCGGACCACGA,285
CACTCAGTCTAATCCG,285
CAGTAATACTAAAAGA,285
CCCACATAAAAGCAAG,285
CCGGAAGTAAAAGAAC,285
CGATAATCAATAGAGG,285
CGATGAAGACACCAAA,285
CGCGCTCCTCAACACC,285
GAAGACCAAGGACTGT,285
GAGGACATAGCGATCA,285
GCTAGGGTTGCATGAA,285
GCTCAGCAGTAATAAA,285
GGATCGATCCCTGAAA,285
GGCTGTTTGATTTAAA,285
TAATCTACCATAAAAA,285
TAATGACGAAAACCAG,285
TACCTACACGCCTTAA,285
TAGCACAAATTAGATG,285
TATGATCACTGAACTC,285
TGCTTATGATATGAGT,285
TGGAAGTTTATCATTG,285
TTAAATACCCAAAATA,285
TTAAATCCCACAAGAC,285
TTAGGTAGAATTTTCA,285
TTAGTGCTGTAAAAGG,285
TTGAATCTGTTGTATA,285
TTTACTACCACAGGAT,285
AAACAGCTATTGTCTA,284
AAAGGAGGCAAAAACT,284
AAGAGTTAACTAACTA,284
ACCCATTCCTAACATC,284
ACTAATCAGTGTTCAA,284
AGCTCAGCTTCCAATG,284
AGTATCTATATATTGC,284
ATACAACACTGGAGTA,284
ATCAGTCACGGATGCA,284
ATGTGACAGGGCACAA,284
ATTCCGAAGCTGGCAT,284
CGAACATCATAACCAT,284
CGTCAATATGGATGCA,284
CTTAATATTCGGCATT,284
GAAACTAAGGACTTGT,284
GAGACAAACATACAAA,284
GAGCCAGACAAGCATA,284
GCCCGTACATTTCAAC,284
GGAAAACTCCATGGAC,284
GTCATGATTCAAAGAA,284
TAACTGGACCCTCTTA,284
TAGAATGCAGCAATAT,284
TATGAAAGGCTCTGGT,284
TGACGTGAACCAACGA,284
TGCGGTCGACTCTAAT,284
TGCTCCCCTAAACCGA,284
TTAGAAAAAACGCGTG,284
TTCGCAATCAAGCGTC,284
TTGAATCTACATGCGT,284
TTTTACACTGACTTAC,284
AACAAGCTACGAGGCT,283
AACTTTGAGTAAAAAA,283
AATGGGGTCCGAAAGC,283
ACGGCTACTCTGATTT,283
AGCCTCTTTTTGCTCA,283
AGGGCTTATCACGAAC,283
ATCCTAGAATGAATTG,283
CAACAGACGGTATGGT,283
CATCGCCACTTTACCA,283
CTAAAGAACCTAGAAA,283
CTATAAAGATCTATCC,283
CTATCAATCCCGAGAT,283
GAGACCTTAAATGTAA,283
GATACCGTTAGAACCT,283
GATCCATCCCAAATAT,283
GTAAAATACCCGCAAG,283
TATAAAAAATACATAC,283
TATTGCCTATAACTTC,283
TGTACAGTTCCCGTAA,283
TTACCATAGCAATTTC,283
TTCACATAGCTTCCAA,283
TTCGTAGCGTATGGTA,283
AACCTCTTCTGTATCG,282
ACAAAAAAGGCAATAA,282
ACAGAAAGTAATCTGC,282
ACTACAAGAACGCAAC,282
AGCAATACTTTCATGT,282
AGTGTCACAGCTACCA,282
ATACGTAAAAACTACT,282
ATAGGAAAACATAATA,282
ATATCTGAAAACCTTA,282
CAAAAAAAATTTAACA,282
CACTATACTACATTAT,282
CAGACGCTTAATACGC,282
CGCCTACGCCAGCCTA,282
GAAGCCATAAAAATAA,282
GAGAATATAAAACAGA,282
GAGATTGAACATATAT,282
GAGGGCCCCAACAAAC,282
GAGTCTTAGTGAATTA,282
GCAAATATAGACAATG,282
GCGCTATTTCGAATAC,282
GGCCGGTGACCGAACG,282
GTTAAATATATAATGG,282
GTTGAGCGAGGCTTAT,282
TAAAGAGACTACTTTT,282
TAAGTTGTTGAGTTGT,282
TCCCAGAACTCTGAAT,282
TCTAAATACTGTAAGG,282
TTAAATTGCGTCCTGT,282
TTAATATCGACTCCCA,282
TTCCACAATGAAGATA,282
AAAGTAGTGTGCGACC,281
AAGTCTAGCCGGAAAT,281
AATTTCACTCTTAAAA,281
ACTAGGTTCACCTTTT,281
AGAATACCACTATCAT,281
AGGAGATATGATATCC,281
AGGGTTTAGAATATAA,281
ATACCTTCACATAACA,281
ATCACTAAACATCAAC,281
ATCATACGTTCTCCCA,281
ATGCCAAGGGCATGCG,281
CACATAATATTAACAA,281
CAGACAGTACAAAATG,281
CAGTACCCCGAGCGTA,281
CATAGCCGAAGTCATC,281
CTCTGCCCCAATACCA,281
CTTAGTACACTGCAGT,281
GAAGAAGTGAAGGAGA,281
GCAGTCTTATTAACGT,281
GGAAATAAGATGAGGA,281
GTCTTACATCCTGTCT,281
TAATCCCTCCGTGCCC,281
TAGACAATTGTAAAAT,281
TAGTTTACGATGTAGA,281
TCACTATACTTCCAAA,281
TGCAAAGTGGAATAGT,281
TGTGATATTTGGCATA,281
TGTTAGTTTAGCTTAA,281
TGTTCAATCACATAAA,281
AACATAGTGGGGGCAA,280
AACGCATGTCTACATA,280
AAGATAAAAACTAGTC,280
AAGTGACACCAGCAAA,280
ACATCAAAATAAATTA,280
ACGTAATGAACCTTAT,280
ACTATTACGGTTAACA,280
AGCATCATTTTGATGT,280
AGCGATAAAGACTCTC,280
ATACGAAGACGAAAAT,280
ATCATGGATATGCCAT,280
ATTGCACAATTTAGTT,280
CAATAATACATTTACT,280
CGATAACGCACTTCCT,280
GACACCTTTGCTGTAT,280
GCGAAGAAAATCGAAG,280
GGACATATAAAAATGA,280
GGCTACGGTATCAACG,280
GTAACCTAGCTGACGT,280
GTTCACCAATGTCAAC,280
GTTTTGAAATATCTAG,280
TCTTGATTCACATAGA,280
TGCTTTGTGTGGTACC,280
TGGAAGGGTACGCCAG,280
AAAACATCAGCTAGGT,279
AACAGTTCCCAGCTAG,279
AAGCCATACCCGCGTT,279
AAGCTCAATAAATCCT,279
AAGTTTTACAAGTCCA,279
AATCAAAAGGTAATTA,279
ACTACATTGTTCCCCA,279
ACTAGGTCGCTGCAGC,279
AGTCCCGAGGAATTCA,279
ATACCAAAATTAGAAT,279
CATCCAAACAACGATA,279
CCGCTAAAGACGCAGG,279
CGACCATATCACTCTT,279
CTAAAAAGACACTTTG,279
CTTTATCCAGCAACGA,279
GAATCGCGCTTCTGAC,279
GAATTTTAAATGTATT,279
GCTATTGGACCCCCTA,279
GTAAATTTGCATGTTC,279
GTAGACGATGCGATCA,279
GTAGCCTACAAATTTG,279
TAAACCCCGTTCGGAG,279
TAAATTATTAATTATC,279
TACTTTTTATTCAGAT,279
TTAAATCTTACAAAAA,279
TTCAAATCAACCGAAC,279
AAACTTATCTTGGTGG,278
ACCCCGAACGCGCGGC,278
ACTGAATCATTACTAC,278
AGCTCCAACCTACGCC,278
AGGCTATGAATAACCT,278
ATGAGCCAGGTTTATT,278
ATGATATCGTCCAGCA,278
GAACCCTCTCCATATA,278
GACATCAATTAAACCG,278
GGTAAATAGAAGCATA,278
GTGATAAGACATTTCC,278
GTGCCTACTATCCTAG,278
TACACTCTTTAAGCGC,278
TACCATATAAAGTCTG,278
TACTGTAATAAGCTAA,278
TCAGTTATTTAATAAG,278
TGGTAACCAATTATAG,278
AAACTGAGAAGGCCAG,277
AAGTATCAGAAGTAAA,277
AATTTGCAACTTAGAT,277
AGAGACCATTGAGGAG,277
AGCCTAACGTTCCGGA,277
AGCGTTTCGCCCTTGT,277
ATGAATAGGTTTATTC,277
ATTACAAAATTCCCCG,277
CAAACGTGGACATACG,277
CATCACGAAGATGACA,277
CATGTCTTCACCTCAA,277
GAAAGATACAATACGT,277
GATATTGGCTCCGCAC,277
GCAAACTGATCCTCGA,277
GCCTATACTAAATAAA,277
TATACTCAATTTAAAA,277
TCAAGTTTTATGAACC,277
TTGCAAACTCTAGTAT,277
TTTTGTCTCCATTATA,277
AAACGAAAGAACTAAG,276
AAGATGTTAGACAAGA,276
AAGCAATTACCTCAGG,276
ACATACAATAGAAAAA,276
AGTTAAGGGCAGCATT,276
ATTATCCATTAAAGAA,276
ATTCGTAAGCTAAATA,276
CACGGGAACACATCGT,276
CATACAGGCCTCATCT,276
CATAGGGACGTTACAG,276
CATTCTCGCGCCAAAC,276
CCGCACCGTCAATAAA,276
CCTCGTTTAATAAAAT,276
CTTGTTTAAAATTTGT,276
GACCATCCGTCTGACC,276
GATGCTGTAAGTTAAG,276
GCATCAAAATCAGTCC,276
GGAGAATTACTCTCTT,276
GTGGACCGGTGCAACT,276
TAACAGCTATTATAAA,276
TAGGACCGAAAAAGCG,276
TTCTCTGCCGGACATT,276
TTGGACCCTACATAGA,276
TTTGTACTGCTGAAAC,276
AACCACTATTTAATGG,275
AACGTCTCATTCAAGA,275
AAGATTTACAATAACC,275
AAGTTCTGCAACTCCC,275
ACAAGTACTTTGAACT,275
ACTTAATAAAATGTAT,275
AGAGTTAAGTCAGATC,275
CCAAATTATAATTACA,275
CTCACCTCACAGGATA,275
GTATCGACCAGTGTTT,275
GTTGGACCTCAGTTTA,275
GTTTCGAGGATTCCTC,275
TAACAAAAAGACGAAT,275
TAACGCAAGACCTCGA,275
TAACTAATACCCGAAG,275
TAGTATAAAAATGGTA,275
TTACATAACACTCTAG,275
TTAGAATGAGATGAGA,275
AAAAAGTATATTGACG,274
AAATAGCTGCCAAAAC,274
AACATCTGTAAAACCT,274
AAGCAAGTGTGAAAAA,274
AATCATATAAGGAGCT,274
AGAGGACATGGTGATT,274
AGTGGTTAACATAACT,274
AGTTAAAAAAAGTACT,274
AGTTCAAATCATGGCA,274
CAATAAAAATGCAGTG,274
CAGGCATATAGCACCA,274
CATATAACAGAATCGT,274
CCAGCAGCTGAAAAAC,274
CCGAACACACAATAAC,274
CGCAAACACTGTTCAT,274
CGGTCTAAATGTCTGA,274
CTAATAATTGGCATTT,274
GAACCACCCCTATAGT,274
GGCTCATGAACGTGCG,274
GTGATCGATAAACCGC,274
TAACAACCAGCAAGAT,274
TAATTTTTAAATGTAA,274
TAGCTGCGATAGCACT,274
TAGCTTATAACTTCAA,274
TATACGTTGCATTTAG,274
TTGAATCTCCGGACAG,274
AACAATCAGAGCAGGT,273
CACGCCACCCCTGATT,273
CAGATACGTATAGTGT,273
CTTGATTGAGGTATAA,273
GAATGAATATACCTAA,273
GGCGAGAGGTAACCAC,273
GGGATTTACATGGAGT,273
GTAAGTGGAAATTAGG,273
GTAGACCTGAACGAGC,273
TAAATCAATTGATTTT,273
TAACCAATAGGTAACC,273
TAGTATTTATAGTTCT,273
TAGTTAAGATTTCTTG,273
TCAGAAGTGTAAACTC,273
TTATAAAAAGTAATTA,273
AACACATAAATTTCTG,272
AGCAAGAAATAAAAAG,272
AGGATAAATGATAGGA,272
AGGGGCACGACGTAGA,272
AGTGCTCCACCAAGAG,272
ATACCACAAAATACTT,272
ATCACTGTGAACTCAT,272
ATGAACTTTGCTGAGT,272
ATTTTTCCCAGATCAT,272
CAAAATAATTTGCGTT,272
CAGTCATAAGCCCCGA,272
CCATAATCACTGGATT,272
CCCATCTCGACAAATA,272
CCCTGAACGGTATTGT,272
CTCCAGACCGTATAGC,272
CTCTCATTAATGAATT,272
GAAACAGCCCATGAAG,272
GCTTTCCTTCATTCGA,272
GGAATGGAAGATAATC,272
GTAAAGCCAAGGGACC,272
TAAATGTAAACCAAGC,272
TGTTGCCGCATACCGC,272
TTGCGTTTTAGTTACC,272
TTGCTCAAATAAGATT,272
TTTTTGATACGCTGTG,272
AAACAACCTAAAAGAA,271
AAATTATGAACCAGTG,271
AACGGTTGTACACAAA,271
AAGAAGAGGTTTCCAA,271
AATATCATAACCAAAT,271
AGAATGACGAACTCTA,271
AGCAACTTGGACTTAG,271
AGGGTCAAAGAAACGA,271
ATCAAAGTTAAGACAA,271
ATCTTCCCTGACACAT,271
ATTTAACATGCGAAAC,271
CAGACGCCCCTAAGCA,271
CATTAACACAACGATC,271
CGATTCTAACATCACC,271
CTAATGGCTTTGTTAG,271
GAACAAATGGACATAA,271
GAACCCATTTGTTATA,271
GATTAAACGCATGGGC,271
GCACGATGTCCTAGTA,271
GTTATCCTTTACACCA,271
TAAAACAAACTTACCC,271
TAATCTTCTGCATCCT,271
TAGATAAAACCCGTTT,271
TCACAAAACCGAACTC,271
TCACTTAAATTCAACA,271
TCCTGCCTCTCTAAAC,271
TTACGAATTACATGGC,271
AAAACAAATAAAACAT,270
AAAACCCTGCCATCAA,270
AACAATATACTATAAC,270
AACGCGAACACGCCAA,270
AAGGGCGTTATCCCCC,270
AAGTCACCAAAGACAC,270
AAGTGTTAGAAGGCAT,270
ACCATTTGAAAAAGTC,270
AGAATCCCCTCGGCGA,270
AGGAACGACGATCCCC,270
ATTACTCGATGTCAGT,270
ATTTACTGACCAGGCC,270
CACATAATTGTAGACT,270
CATGCGAAATGGACCA,270
CCCCGAACACGCTGAC,270
CGTGATTTGTACTATA,270
CTATGATAATTATAAT,270
GAACATATAACACCAA,270
GAGCACCCAACGAACC,270
GAGTAATAGGTAATGA,270
GCACTAAAAGCACTCT,270
GCTTACTCAAAGCTTC,270
GGACACCGTCCCGGAC,270
GGCACCAGAGAGTCCT,270
GGTAAACTACCAGGGA,270
GTGCAAACGAGCGCTT,270
TAAAAAAACGGCAGTA,270
TAGCCTCAGTTGAGGT,270
TCCGAGGAACGAGGCA,270
TGCATAAGTTAGCTGT,270
TGTATCGAACGTCGAA,270
TTAGCCAATTCAGACA,270
TTCAAAGACAGCCCAC,270
AAAACCACATTCTAAT,269
AACGCAAATTCCTTTA,269
AAGACTTACCAGACAC,269
ACATTAATCACGAGCG,269
ACCTGATATATCGTAT,269
ACGTTACCTACACACA,269
AGAAACACGCCCTTGA,269
AGAAATGCCCGCAAGC,269
AGACAACTAACGGGAG,269
AGCAGACGCACAATCC,269
AGGGCCACGTTGCCTA,269
ATAAAGTTTGACATGA,269
ATTTAAAACCGATGAC,269
CACTATGAGGTCCCGA,269
CATTTAGTAGAAGCAC,269
CTATCGAGATCCCGCA,269
GCATGTAAAACGAGAT,269
GCGGAAACGGTCCTCT,269
GGAAGCTCCAGAAAGG,269
GTCTTCCGATCGGAAA,269
GTGATAGATACTAAAA,269
TCCCACGGGGGTACTT,269
TCCTACGAAACCTTCT,269
TCTAAATTACCTTCAC,269
TGGTGTTGATGAACGA,269
TTATGATGCATGCGCA,269
AAAAGGAGCGACTAAC,268
AATACACAGGGGACGA,268
ACGCTGGTAATATTCG,268
ACTGGTACCGAACCAA,268
CATCGGTATGTCACCC,268
CATTCATTTCAGCTCA,268
GACCAAAATAGGTCTC,268
GATACATTCTTCAATG,268
GATGCCTTGGTTGGCT,268
GGCAACGTTGACCCAT,268
TAAAAGTATGAAGATC,268
TAAAGTGAATTGGTGT,268
TAAATTCTACGTTCTT,268
TAAGAGCGTTTGCCCC,268
TCCGATAAGTAAGCAC,268
TTTTCCCATAATGAGA,268
AAATATAATTAACGCA,267
AATAAAGGATTACCAA,267
AATTTCAATATATATC,267
ACAAAATGCAACCCCA,267
ACACTATAGGTACGGA,267
ACCATGTAAATACGTC,267
ACCCCAAACTGTTCAG,267
AGACACAAATCTTTAA,267
AGAGTAATAGATCATT,267
AGGGGAGAAAAAAAAC,267
ATCAACAACACCCATT,267
ATGATTTGATCCACAA,267
ATTAACATATGACTAA,267
CAAAATGTCTAGAACA,267
CAATTATTGTTGTTCC,267
CATAAAACGTATACGA,267
CATAAACAAACACAAA,267
CATAATATTTTGACAT,267
CCACCTGCGCATGCCC,267
CCCATTCCTAATAAAC,267
CGTCATGGAGGTCCAG,267
GAACCTTATGCCCAAA,267
GAGTGGTAGTGTCCCC,267
GATAATGACACTTAGT,267
GATTCCATGTTGCAGC,267
GTACGTAATTAGAGGA,267
GTCATCGCATCACCTA,267
GTGACGCTAATCACAA,267
GTGTCAAAGTTAAAGG,267
GTTTTAGGTATAGATC,267
TAATTAGTTCGCTGAT,267
TATTATATAAGATACA,267
TCAAAAACTTTCCATT,267
TCAAAACTTCAGAACA,267
TCACGATAGCAGGCAG,267
TCCTAGCGACCCGATT,267
TCGACTTAAACTTACT,267
TCTCTCATATTAGGAA,267
TGAAAACACGCGGTGA,267
TGAGAAAATCTCTTCC,267
TTCCATGTACACAAAG,267
TTTGACATCATGCCCC,267
ACGACCGTAAACGTCA,266
ACTTTTGTCAGATTTA,266
AGCATAACACGTTATG,266
CAATTTTGTTCGAACC,266
CACGCTTACACAATCG,266
CATGTGGGAACGTGAG,266
CTGAAGAAAATTAGAA,266
GAACCAGAGGGTCACC,266
GCTTACGACTGAATCG,266
TAATTAATCATCCTCG,266
TATAGTCGATACACAG,266
TCTAGAAACGTGAGAA,266
TTAAAAGTTAGTACTA,266
TTAATCTAAAAATGCA,266
TTTTACCATCGCTGCG,266
AACCAAGGGTTGGAAA,265
AACGTTTCCACCGGGT,265
ATCAGCTTCCGTCCAT,265
ATCTACATTAAAAGTC,265
ATTTAACTGCAGTTAG,265
CACCAAAAATATCGAT,265
CATGACAATAGAAGGA,265
CATGCGGTGATTGTGT,265
CGAAAATAAGGCGAAG,265
CGGCTGAACTCACTAG,265
CTTACATAGACGAAGT,265
GAACCGGACCATCTCT,265
GATCGCTGCTACATTA,265
GCCAGCTGTAAGGCCG,265
GCCCGAACGAGAAAAT,265
GCGCCTGAGTTTATCG,265
GGAGAACTGAGCTAAC,265
GTAAAGTGACATCATG,265
GTTCAATGATACTAGG,265
TACCGATTGACTTGTT,265
TATGTGATAACTCACG,265
TCAAAAGCAAACTACT,265
TGCACACAAGAACGAC,265
TTTAGAAAACTTTGAT,265
AAAACTTTATATGCCC,264
AAAATGGGGGATACTA,264
AACCGCTCACCATCTC,264
ACAAGAACATGACGCG,264
ACTACCCTATCTCTCC,264
AGCCCAACAAAATACA,264
AGTCATCCCGTAATGG,264
ATAAAAATTTTTATGA,264
ATGACTAAACTTACAC,264
ATTCCATGGCCACAGC,264
CAAAATACTAACGTAG,264
CAGAACAGCGAAATAT,264
CAGGATGGATAGAGCG,264
CCGACAAATTTCCGCG,264
CCTTAAGGTGACCCAA,264
CGAAATGCGAAAATAA,264
CGATAAGAAGACTGAA,264
CTGGCTACAGCAAACT,264
GAAGCCAAGTCAGAAA,264
GGATCTCCTAAACAAA,264
GGCTAAGAAGAGAAGA,264
TATACACCCTGCAACC,264
TCCATCAAACGCGAAC,264
TGACGCGGTGTAACAC,264
TGTCTTGATCCAATAC,264
TTAGCTCAGAAAGACC,264
AAAACTAGTGTACAAC,263
ACAAGGAAACACGGGT,263
AGAGACTAATGGTCAA,263
ATCGTACATGAGACAA,263
ATGTGATGACGGTGCT,263
CGGCGACGAAGTCCCG,263
CGTCTTCACGACCTCG,263
GAAATCGTATCACATT,263
GAGAATATTCTTAGGA,263
GATTAACTATATGCCC,263
GCCGAATGCAGTACAC,263
GCGGCAGACGATACTA,263
GTAATGAACTCGTCTC,263
GTGACAGAGGAAAATG,263
GTGATTATCTATTAAT,263
TCCCAAAGGCAGTCGA,263
TGCCGACGATCGTAGT,263
TGTCCATCTCCTAGCC,263
TGTGGACTATGATATA,263
TTAAAATGAATGCCTG,263
TTGTCGGATACATCAA,263
AAAAACCGCTCAGGTC,262
AAAAAGTGATATTAAC,262
AAATTAACAAAAAGTG,262
AAATTCATAGTTTTAT,262
ACACCCTATCTTGGTC,262
AGACGAGATCAAAAAC,262
AGACTAGCAATCAAGT,262
ATATAACGCGTCTCTG,262
ATTATCTCGTTACATA,262
ATTTCGAGCATACAAT,262
CAATTAACAACTAGTA,262
CCACGCACATATCGCG,262
CCCCACCCCAAACTAG,262
CGTAGTTAACTACTGT,262
CGTTATGGCATTTGCG,262
GCACAAAAAAGAGCTT,262
GGTGAGAAGCCAAGAA,262
GTCAGGGAACCTACCG,262
GTCATTATATCAAAAC,262
GTGAATCAGCCCGTCC,262
TAAGCACCTCGAGGAC,262
TAATGCGGCACGCCAA,262
TAGAGTTAATTTATCC,262
TATAAGATCAGTCGGC,262
TGCTACGAAGTCTCAC,262
AAAGATTGGCCTCATA,261
AATAAAAGATATGACT,261
AATCTCTGGCCGAGAG,261
AGGCAAGCTCAAAAAA,261
ATAAAAACTTGCGACC,261
ATAGATAAACCTAAAT,261
ATTCTCGCGAATTATA,261
CAATCACCTGTGACAA,261
CCATCAAACGAGCCAC,261
CTAGTTAAGCAATAGG,261
CTCCCTGATCAAATGA,261
GACCAAGGAACACCGA,261
GACTATCTCCCTCGCC,261
GAGCACTAGTAAGTTT,261
GTGAGGCGCTGTTAAC,261
TAATATCATTTATCCT,261
TACCAAAGGCTGATCA,261
TCCTCATCCAATCCAC,261
TGCTCTGATAACGTCA,261
TTAATCTTCAAAGCCG,261
AAACTGAGATCCAATC,260
AAGATAAGCTAGAACA,260
AATATATAAGTAATGC,260
AATGATTGTAGGCAAA,260
AATTTAGAATTCGTGG,260
ACAATTAATACAACAG,260
ACATACATAAATGATG,260
ACTAGTCATGGCTAAT,260
ACTCTAAATTCCATAC,260
AGAATTCATGACTGAT,260
ATAAAACCAAGGCCAG,260
ATGATATTATGCTGAT,260
CTAAAAACTGAATTAC,260
CTTGCACTAAGTACTT,260
CTTTAGAGATTTCCAA,260
GAAAGAAATTATAACT,260
GACTGACCTGCCGACA,260
GCATCAAAACTATATA,260
GCCTTATCTTGCAGAC,260
GCGCGGCGCGGCGCAA,260
GCTTGCGATTATTGAA,260
GTCGATAGATTTTATC,260
TAATAATGGTCGATAG,260
TAATCAATAGCATAAG,260
TACCGAGATGTTAACA,260
TATTAATAGCATGCCC,260
TCAACGTAAAAAAAAG,260
TCAAGTTGGCGCCAAG,260
TCATTAAAAATCAATT,260
TGAGAGGTAAACCGTT,260
TGGATCTTTGTGACTT,260
TTTATCCAATTTGCAG,260
TTTCTTGAACATACAA,260
AAAACCAACGCAGAGT,259
AAACCCGATAGAAAGT,259
AAAGAGTCCACCCGGG,259
AAATGTCGAGGGTTCA,259
AAGTATAACAACACCG,259
AATTTGCCCCTAAGGC,259
ACGGAAAGGATACCCG,259
AGGATTAAATACATAT,259
ATGAAACTCGGGATCG,259
CATCAACAACCTATAT,259
CCCAACATATGAACAA,259
CGAACTTGTAAATTTA,259
CTAAGACCTACAAGCC,259
GCTTGTTATGAACGCG,259
GGAACTTCAACAATAT,259
GGGAGGCCCAGGTGAT,259
TAAAATTAAAAGTCTT,259
TAACAACACAAGTATC,259
TAACACTTATAACAAC,259
TAACTAAAGTACTCAC,259
TACGAAAGAACTAAAT,259
TATGTATAATCAAAAT,259
TCCCAAGAGTCGACCC,259
TCCTAATACTAAACAG,259
TGACTGCTTCGAGCGA,259
TGTCCCGTAAAGTGAG,259
TTGTCAATTGAGAGGA,259
AAAAAAAACAGACAGA,258
AAAAGCAAGTGGCAGC,258
AAAATTAGCGGGGGTA,258
AAACGTTAATACTAAC,258
AAATCACATGAAGAGG,258
AACACAAAAAGTCCGC,258
AACCCTACCCTATTAC,258
AATAATATGAGGCGCC,258
AGCTTGTCATCATGAA,258
CAATATATGCACAAAA,258
CAGATTTAATAAACTA,258
CATTGAAGATGGGTTA,258
CCCGTAGATCAAGGGG,258
CTAACCTCGTTAAATT,258
CTGTTAGCGAGCGACA,258
GAACTATTGAAGTACA,258
GAAGGAAGTTTTGTAT,258
GGCACGGAAAAATAAG,258
GGCCAGTATAATCAAA,258
GTCATGAGACTGACCA,258
TACTACGTCGGAGCCC,258
TACTCGACGTCGTACA,258
TCTAAATACAATCCTG,258
TGTATCCCTGCAACAA,258
AAAAATAGGGTTCATA,257
AAAATCCGAGTGACAA,257
AAAGTGGTATAGCGAA,257
AAATCATTCAGAGCTA,257
ACAATCCGATAAAAAC,257
ACATATGCAAATCACC,257
ATACAAAGATGGATGG,257
ATATGACTGAAGAATG,257
ATTCGCGAGGCCCAAC,257
CACACCAAGAATGACC,257
CACCTAAAACTATATA,257
CCCTTACAGGTATATT,257
CCTTTATTCAAGCCTA,257
CGCAAGTGGCTGGTGA,257
CTAATCTCCGATAACA,257
CTACCGCAAACAAAAC,257
CTCATGTCCCCGTGAA,257
GAATGAACCATTATAT,257
GATACACCCCTTCTGG,257
GCAGTGATGAATAACG,257
GCCAGCTTGCCGTCCA,257
GCCCGACGGCCAGAAA,257
GCCGCACTGACACGCT,257
TAACTACTGTAAATTA,257
TAATTAGTTTAAAAAA,257
TAATTATAATAAGGCC,257
TAGGATCAAAGAGATG,257
TCAAATATTAAAAGTA,257
TCATTGCATCAATCGA,257
TCCGCACGCAAACCCT,257
AAACTCGGAAACTCGA,256
AAGAACAAAGGACTAC,256
AATAGTCACCTCTCTA,256
ACTACTGTGGCATACT,256
ACTCACTAAAGCCCTA,256
ACTGAACCACCACGAA,256
AGCAAATCCCAAAAAG,256
ATTAGATCGACAATCC,256
ATTCCAATTAAACCAT,256
CCATAAGAACGTCCAT,256
CTCATGAAAATTAATA,256
GAACGAGCACACAAAT,256
GAGCACCACCTGTGTG,256
GAGGTGACGCTAATAT,256
GCCTCCCACAGCCCGC,256
GCTGACTTAATTCTTC,256
GGATTGCTATGTCTAT,256
GGGAACTTCGATCGAT,256
GTACCCTGAAGCAAAT,256
TAGCAATCATTACGCC,256
TATATAATATGCAAGA,256
TATTTCAACTTAGGGA,256
TGGGATTTATACAACC,256
TTAGGTCCCTCTGTTA,256
TTTAGACCTGCCGATC,256
AAACTCCGGCACATGA,255
AACTATGCTCTTGTAA,255
ACTGAGCCATATTTAC,255
AGAACATGCATTACAT,255
ATGAAATAGATATGGG,255
ATGGCTCTTTCGTATG,255
ATTAGCGTTGCATCAA,255
CAACTGAACCGATTAG,255
CATGTTCGATTCTCAA,255
CATGTTTAATAGGTTT,255
CATTATACAAACAAAC,255
CCAATGTCATACGTAT,255
CTAATGGGTAGTAACT,255
GAAAGTCATTTAAAGA,255
GACATTGCAAGCGCAA,255
GATCAATGTGAGATTC,255
GCTAAGAATTTGTAGT,255
GTTCACTATATTGCGC,255
TAAACTTACGTATTGA,255
TCCTTTACAATAGTCC,255
TCGAAAAAGTTGGGAT,255
TCTAAAAGGAATCGAA,255
AAACTCTTAAAATTTT,254
AACCAGTAAGCATTCA,254
AAGAATACTAATTCAT,254
AAGTTGCCAGTCGAGA,254
AGCACCTTATAAACTG,254
AGGGCATACCTACATC,254
AGTAAAAGAGTATTAC,254
AGTTACAATCGAATAA,254
ATACCATTCAGATTGT,254
ATATCTGGAATAGCCA,254
ATCAATGAGGGCTTCC,254
ATGGAAAATCCCCTAT,254
ATTCCCGGCATGTACA,254
CAAAAAAGGACAGATT,254
CGTCAGCCGACGCCTA,254
CGTCGCTTCTCCCACT,254
CTTAAAAAACGTCACC,254
GACGTTGTCTGATCAT,254
GACTCACATCACCGCG,254
GGAAGTACACCCAAAG,254
GGATTTTTTACTAGCT,254
GTAACTAACTACTATT,254
GTACAGACGTCACTAT,254
GTATAAATTGCATACG,254
TAACGACTATAAATCA,254
TACTCATAATCACTCT,254
TATCTATAACACACAA,254
TGTAATCCCAAGCATC,254
TTATTTGGACACCAAG,254
TTGTAATTGATAAAAG,254
AAGGTAATAAGAGTTA,253
AATAAAAACAAGATTA,253
AATTCACTATAACACG,253
ACACTTGAATAACTTG,253
AGTACGAATAAGACGT,253
CAGCCGAAACGAACCA,253
CAGCGTCACTGCCCTT,253
CCTCGACAAATAACTT,253
GAGGTGGAAACGACTA,253
GGAAACCCACTAACCT,253
GTCTAATACAATAATT,253
GTGTCGTCATTACAAA,253
TAAAGTTAGCTCTTGA,253
TACTTAAGCCGTTACA,253
TTTCTATACAGTACAA,253
AAAAACTAACATTGCA,252
AAACGCCAAAACTAGA,252
AAATGCCTCCTTCCCA,252
AAGACTGATGTTCGAG,252
AAGGCCATGGTGGGAG,252
AATAGATTCAGGCTCA,252
AATGTTAATACAAAAC,252
ACAATCGATACAACAA,252
AGAACAGAAAGCCCTC,252
ATGACACAAATTATAA,252
CATTTAAGCCTGAAGC,252
CCTTAAAGTACAACGA,252
CTGGTACCAAGTAAAG,252
GAGAACTTAACTTAAT,252
GAGAATCGAAAAAATA,252
GCTACCACATTAACCA,252
TAAATACTTCTCACGA,252
TAATATCATACAGCAA,252
TCAAACCACTAACCTA,252
AATTTGGCCAACTAAA,251
ACATGGCTAAACCTTA,251
ACCAGTAAGCAAACCA,251
ACCTCTTATTCTTATA,251
ACTGAATTTGACACGC,251
AGACGCAATAGCTCAG,251
AGATATTAATGATGCC,251
AGTTTGAATTGTCGCA,251
ATCTCACGTCCTATAC,251
ATTATATACAAAATGG,251
CAACGACCGTAAGACT,251
CAAGGAACCTACTACA,251
CCATAAATTTATGTAG,251
CCCAGTCACTATCCGG,251
CGGCAAAACTGGGTAA,251
GAATACTTAATGCTAA,251
GCAACTAACCACTAGA,251
GGGACTATAAATCTCA,251
GTTTATAGACTCAAAG,251
TAACAGGACGTTACTG,251
TAGTCTCATGTATCCA,251
TCCCAAAGTAAAATTA,251
TGACAAAGGTAAGAAC,251
TGAGATGATACTAGAT,251
TGATCACAAATGGCGG,251
AAACCCAGTCAGGTAT,250
AACTGACGTAGTAAGT,250
AAGAAAAAAGTGTTAG,250
AAGCAAAATTACTAAG,250
AAGTTATCCTGCTCGC,250
ACAACTACAAGAAACT,250
ACTGCACTAAAGTAAT,250
AGAACGTAAGCAGATT,250
AGTTATCTTATAAGAC,250
ATACGGACCATCGCAG,250
ATCTCCATACAAAAAT,250
ATGCGAGACCCACATA,250
ATGTGTCCAATGTTTT,250
CCCTCAAAGGGAGTAT,250
CCTATGTCATGATAAA,250
CGCCTCTGTTAAGTAC,250
GAACTACTCGTAGTTT,250
GACCGATCTGCTGTCA,250
GAGTAACTCGCTTCGA,250
GGGTAGATTAAGAACA,250
TACAGGATGTTGTGTA,250
TCAGGCGAACTCATAG,250
TCGCAAACGCCTAGCT,250
TCGCATTAGACTTTTG,250
TGATTTCAGATATAAG,250
TGGTCAACTCAACCGA,250
TTCCCATTCGCGCAAA,250
TTGTAGAACCAATCTT,250
AAAAGATTAATGTCTG,249
AAATCACTTAACACGT,249
AACGAGTCGTTTAGTG,249
ACAACCATATTCGGAA,249
AGAGACATTATACTAT,249
AGTTCTAACCTACGCT,249
ATACTAGGTACCATAC,249
ATGTTGGACCGATCGG,249
CATACGCCGCATACCA,249
CGTTTTGTGGATAATG,249
GACTATCTGCGACTGT,249
GCCTAGTATACTTTTT,249
GCTTTCCAAGCCTTCC,249
GTCAGTAGATTTAAAG,249
GTGAAATAGAGCAACC,249
GTTCCTCACTAACGAC,249
GTTGGTCACAAATCTG,249
TACCAACCTAAGTCGC,249
TACTTAATTTAACGAA,249
TCGCGTCTGTCCCTAT,249
TCTACAAATAACTTAA,249
TGCGAAAGAAGATTTA,249
TTCTACTATCAATTAA,249
AATGCAACTCGTAAAC,248
ACGGTCCAAGTTAGAT,248
ACTTACATCGTTCCTG,248
ATATGCATAGTCTCCA,248
CAGATCTACAACAAGC,248
CATTGTTGATACTACG,248
CCTTATGCCACCCTAA,248
CGGCTATCAAAGTTTA,248
CTTCGGCAAACTGATC,248
CTTGGGTTACACCAGA,248
GAAACATCTAAGGCTA,248
GAATAAAACTGGGCGG,248
GACCTAGGTCGAGTCC,248
GCGAAAGAACGAGGAC,248
TATTACATTTATGAAT,248
TCCGAAACAATTAACA,248
TGATCAAGACATATTA,248
TTAATACGAACTCAAA,248
TTTAAAGTCACCGCAA,248
AAATGATTAACCAAAT,247
AAGTAAACACACATGT,247
AATTAGTTGGGTCAAT,247
ACCATGAGAATCCCAC,247
ACCTAAGTTAAATTGT,247
ATAGGTATGTTCTATT,247
ATGGGACGGTCCCCTT,247
ATTTAATTGTAGAGAT,247
CAACATAGCAGCATTC,247
CCATCGGACCATAGGT,247
CCTCGAGAGCATCAAT,247
CGAGGTGTTCCGCCAC,247
GTAACCAGTGCCCTAA,247
GTATCTCATAGTGAGT,247
GTTGGACCATGTACAA,247
TAATATCTAAATGTAA,247
TAATTTTCAAGCCTTC,247
TACAATTATTTAACAA,247
TAGTTACGAAAGATAA,247
TCAAATTGTTGGATAG,247
TCACGACAGCTTCCCT,247
TCGCTCACTCATACTA,247
TGAGCAGACCTCGATC,247
TTTTCGTCTGGATCCA,247
AAAGGATTCCCCGCAC,246
AACAAGACACCACTTA,246
AAGACAGTCTAATAGA,246
ACAGCATTATGTGAAA,246
ACTCAGCCTACTAAAC,246
ACTTAAGGTAAATCGA,246
AGAACATCACATGACA,246
AGGTACCGACACCAGA,246
ATATTATAGCTCGCTA,246
ATTACCGTCTACCCCT,246
ATTCAAAAGATCACTA,246
ATTTTACCAACACTAC,246
CAACAATACCCATCTA,246
CGCCGCCACTAAGTTT,246
CTTCAATATTTGCCAA,246
CTTGGTTAGGTAACCA,246
GCATCGCTCTTCTTTG,246
TAATACTATTTAGAAT,246
TCAACGGATAGCCGCA,246
TCGTAGGAAGAAGTGG,246
TGACGGTTCGAGTAGA,246
TGTCTTTAATACAACA,246
TTTAAACTTTGCAGGA,246
AAATATGATCTGCCAG,245
AACACTTGAAATTTCC,245
AAGCAAACAAACTCAG,245
AAGCGACGATTGCCCC,245
ACTTATCTTTAATGGT,245
ACTTCCAAATACTGTA,245
AGATATAAAACATATT,245
CAAATCCTTATTAGTG,245
CACTCCTGATAGTCAT,245
CAGACTTAAGCGACCG,245
CCTTAGTCAAATTGAT,245
GAAAGCAAGATTTTAA,245
GCCAGGCGGTCTTTTA,245
GTCTAATTAGCATTAA,245
GTTATACGCCGCCCAA,245
TAAATAAAATACCTCG,245
TAATACCCGTTACGCA,245
TATATGGAAGATGAAA,245
TGCAGAAGCCCGACAC,245
TGCGATCTTATAATAA,245
TGCTAGCTAACTGACC,245
TTGCAACAGAGCGATA,245
AAAAGGCATAATTAAG,244
AAACAAGACCAATTAG,244
AAACCGGAGCCCATAG,244
AAACTTTTAAATCGCA,244
AAATCATGGACCAAAT,244
AAGAACCAGGAGTATA,244
AAGGATTTTGTATGAC,244
AATGCATATACTTTGA,244
ACAAGTCACATTTAAT,244
AGAATTATTACGTCAC,244
ATATCGGCGCGAAAAA,244
ATCACCACCTGCATCA,244
CAATTATACAATACAA,244
CAGAAGGGTCACACCA,244
CGACACAAAAATGGCG,244
CTATAAACTTCAGGAG,244
GAAAGCTACACGTACG,244
GATTAAGATAGGGCTC,244
GTATCAATCTGGTAGC,244
GTGGGAGTGGCGGTTT,244
GTTACATGCATTCAAT,244
GTTTACCAACTTGTGT,244
TAAATCAAAACGTTGA,244
TATAGCGTCTGGATAA,244
TCTTCTACCGTTATAA,244
TGGTGATGCAGTACGT,244
TTACATTATGAGCCAT,244
AAACTAAGGTCGGCCT,243
AAAGGATAGTAATTCG,243
AAATAAAGTCTCAGAG,243
AAGATCTGTAGGACTA,243
ACTTTAACATCTAATT,243
ATCTATACTACCAGAC,243
ATTTGGACTTTTAACT,243
CAAACTGATACTGAAA,243
CACTTGTCTACGCATA,243
CGAACGCTACAGATCA,243
CGTCGCCTATATGCCG,243
GCCATCCCGCTCCTCA,243
GCGCTGGCATGAAATT,243
GTATTAAAAACAATTT,243
TAAAAAAATTAAAACC,243
TAATCACGGGATAATT,243
TAATTGGACGATCTGA,243
TAGAGGTGCGCTCCGA,243
TATCGGCAATTAACGG,243
TATTACGCTAAAGTCT,243
TCGTTAATAGCCAACC,243
TGAGAACTAGAGGCCT,243
TTAAATTGGGTCAATA,243
TTCCAATGTGTGACTA,243
TTTATAGTCGTACCAT,243
AACATGACGGCATTGA,242
ACACGCTACCAATATT,242
ACCAGGTTGAACAAGT,242
AGCGTTTACCGTAAAC,242
ATTAGAGAAAATGACT,242
CAACGGTTCCCGAACT,242
CAATCTGATAACTGGC,242
CAGAATCTTATTATAA,242
CCATGAAAATCCAGGA,242
CCCAAACTACAAAACT,242
CTGCGCTACACACATA,242
CTGGCTCTTATTTGAA,242
GACTGACCATCGCTGA,242
GAGGCACATCAAGAAA,242
GATCTTCCTGCATTAA,242
GCAACAATGGCGTGTC,242
TAACAAATATAATATA,242
TCACGCGAAGTAGAAC,242
TCTATAGACAGATGTA,242
TTAAACATATCCAAAG,242
TTAGACTTATCCAGCT,242
AAAAAAAAAACTCCCG,241
AAAAACCAAGATGTCA,241
AACGAAAGTTGAGAGG,241
AAGTATATAGGATCGA,241
ACAAGGGGCTTGATAG,241
ACGTGAACCACTCACG,241
AGCATCTATTACCTAC,241
AGGACATCACAAGGAT,241
AGGCCGCACTGATAGA,241
AGTATCGACCCAGGGC,241
ATAACATTCAACCTAA,241
ATATCACGACTAACCA,241
CAATGGCATACGTAAA,241
CATGAACTAAGTAGGG,241
CATGCGCTCGATAAAT,241
CCCAAAAATATTATGA,241
CGGGAACTGACGAAAC,241
GCCCTTGAAATCACTA,241
GGAAACGATACGATGA,241
GGTCTAGATGACATCA,241
TAATAACACTACATAA,241
TGAACAAAAGGTTACC,241
TGTATTAAACAAAAAG,241
TTCACCAGGATGTAGG,241
TTCCATAGAGATTGTG,241
AAAAATTTGCATTACG,240
AACCACCCGTAAATAT,240
AAGATCACCACGTCCT,240
AAGCATCCGTCGCTTA,240
AATATCGGCAAGCGCA,240
ACGGAAGAGAGACTGT,240
ACGGGTCAATGTTAAT,240
AGATACACTAACTAAA,240
ATCTTCCCGGTCAGAA,240
CAAAACGACGATCTTT,240
CACCATCCGATTCCAA,240
CAGAACACGGATGACG,240
CATGCGACAAATTGAC,240
CCCCGCTGTGGTCTAA,240
CCGGCCTAATACAGAG,240
CTAGACAAAAATCCGG,240
GACCTACTATACTGAA,240
GCAGTAGTATTGAAGT,240
GCTATAGACGAAACAA,240
GGTGGACAAGTGACAA,240
TACTTGACACTGAAAA,240
TCAAAGAAAAGTGGCG,240
TCTTGTTGCATTGTAA,240
TTAATTACCTCCCTAT,240
TTATATCATTCTCGTT,240
AAGGTTGTCAAATAGA,239
ACATGATTGCAAATAA,239
AGTAGTTCTGAGCTTC,239
CAAAGTTATATATGGT,239
CAACCTAAATGACCGT,239
CAAGTTTACAAGTGGT,239
CAGATTCGAAGGCCTA,239
GAAGATCACTTGTTAT,239
GAAGCACTAACCATAG,239
GAATGTGACACACTTT,239
GACCTCGACGTCACAT,239
GGCCACTATTGTGCAA,239
GTAATATCCTACCTAA,239
GTCGTAGAACAAACAA,239
GTTTCTCCGGTGAGAC,239
TAAAATTTAATATAGA,239
TAGAGACTGAGAGCCA,239
TCAATTGGACACTAGG,239
TCGTTCGAGAACCCCC,239
TGATGATCGGCAACAC,239
TGGACTATCGCCTTAT,239
TGTCTCTGGATCACAA,239
TTCCTCGCGTTAATTG,239
TTCGAAAACCTAGCCA,239
AAAGAATAACAAACAT,238
AACAAATAACCCCCCC,238
AACACACCATAGAAAA,238
AATCATTCTCCTTACT,238
ACATAAGGGATTAATT,238
ACTAGTTATAATAAAA,238
AGAGACAGCGCGCCTT,238
AGATTCGCTCGCAGCA,238
AGCGATAAACATCTCC,238
AGGGAAATCATCTGAC,238
ATAGTTAAACAGTTTA,238
ATATCTAATGAAATAT,238
ATCCCTCAATTTAACT,238
CAAGTGTATTACAATT,238
CACATGTACATAGCGT,238
CACTGCACCTACTGGC,238
CCAACCCTCGTCAGAG,238
CCCTTAAATCATAAAT,238
CTAACAGTCCTTTACT,238
GAATATCTTATAAAAT,238
GAGTTTGTATGGATAA,238
GCAACAGGCAAGCCAT,238
GCCGACGGACTTTCAT,238
GGGGGGTGATTGTAAA,238
GTGGGTATATCATTTA,238
TACCAGGAGAAAACAT,238
TAGACAGTCGATAAAG,238
TATTGAGAGATGGATA,238
TGGATACAATTGTACA,238
TTAAACGCCGTTCTAC,238
TTCAGTGTTAGAACAA,238
TTCGCTTCGTTATGTG,238
AAAAACCGGGATTAGA,237
ACTCGTTCAAGTTAAA,237
AGCTAGAAGCGAAACA,237
AGTCACGAATGACCCC,237
CCATGTATCCAAGCAC,237
CCATTCGACAGCTGCA,237
CGGAGTACAAAACATG,237
CTACTCCTGCATCACC,237
GCATTACAATAGAATA,237
GGTAGGTTTAATCCAC,237
TCCTGAGCAACGAACC,237
TCTGACGATCAAGTCT,237
TTAGTTCAACATGCAT,237
AATATCATACGGTGTA,236
ACAGACTGCACCAGGA,236
ACAGATAATATGCATT,236
ACAGTAAAATAGCAAA,236
ACCTAGCAAATGGAGT,236
ACGGATTAAACTTAAT,236
ACTATCTGTAGCAATA,236
ATATTTACCAAAACTG,236
ATCCAATCAAAACCCA,236
ATCTAACACTACAACG,236
ATTATGTCATTGTTGA,236
CATTACATTCAGATAC,236
CGACTAACATGCCATA,236
CGCTTAATAAGAGCGA,236
CTCCCATAAATGCTCC,236
CTCTCATTATTATATA,236
GAACGAGTACTAAAGT,236
GAGAAACCATCAACGC,236
GATGTGTAACTAAAAT,236
GCAAGACCGAGCGTTA,236
GCATAATCGGCAAGAA,236
GCCCTACCCAACCCTC,236
GCTCCCATCTGAGATA,236
TAACTGAGTCGGGGAC,236
TAATTAAGACTTGCAA,236
TCCAGGCCAGCAGGGG,236
TGAATGACCGTGACGT,236
TTCAACACGTATAACT,236
TTCCCCTACTACGCCC,236
TTGAGATAAATCGAGG,236
TTTCGTTATATCACTC,236
AAAGCTGGGAAAAGCT,235
AAAGTCTTTCCATCAC,235
ACACGGGTTAATAAAG,235
ACACTTAACCTCTGAC,235
ACACTTCATTTTAATC,235
AGAAATCGACTTGTCC,235
AGCATATATATGCCGT,235
AGGTACAGAAATAGAC,235
AGTTATACCAGGTCTG,235
ATACTATGCTAAAGTG,235
ATATCCTCAAATAGGT,235
ATATTGTTATGAGAAC,235
CAAAGACGCCTCCTGC,235
CAATAGACATGTTTTA,235
CCAAACATTATCCTAA,235
CCCGTACTAACTTTAA,235
CTAACCGATGAACACA,235
CTGATACCGAGTCCCT,235
CTGTGACTTGTGCTAC,235
CTTAACGAGATGACTA,235
CTTCCCTAGTACAATT,235
GATGCATAACTATTGA,235
GCTTAAAAAAGACTAG,235
GGAACCCGCTTATCTA,235
GGGCGCAGAATGATGT,235
GTAAGATATTTGGATC,235
TAATACACTTCACGGG,235
TACATAATGAGCCATA,235
TACGCTACGAAATTCA,235
TACTGTTCACATTATA,235
TGCGAGATATGCATAT,235
AAAAAACCAAAAACGC,234
AAAAGAACCGTTCCTA,234
AAAATGACAAACCGCA,234
AAGTACCCGTAGATCG,234
ACATGTAGTCCTGATT,234
ACTAATCGGTTCAGGA,234
AGACAAAAATTGGGCA,234
AGACGTAGTGTCATGG,234
ATCACGACACAAACAA,234
CACTGCACGTTTGAAA,234
CCCCTCTTTTGACAGT,234
CCTTGAGCTTGGATTT,234
CGCACATACCGCGCTA,234
CTGAGCCCAATGTAAA,234
GATCGAATTGCTCAGA,234
GCCCACACTTTAATTC,234
GCTTACGACGAATAAC,234
GGCAATTAATTCTTTT,234
GTTAGCGCTTGCTGAA,234
TATATAACGTACACAC,234
TGACATGCATTGGAGT,234
TGACGTTCTGGGCTAA,234
TTAGAAATTAATACTC,234
AAAGACGTAGAACCCA,233
AAAGATAGCGAATTGG,233
AACGAAGAACACCCAG,233
AAGATGAAGCACCATA,233
ACAGACTGAAGTATTA,233
ACCTGTTCATGATTAA,233
ACTCAGGTGACATAAG,233
ATGCTTAGCACTAGGA,233
ATTCCCAAAACATTGA,233
CCACAAAGATAACCCA,233
CCTATTTGCTAAACTC,233
CGGAATTCAGAAAGAC,233
CTGCAAAATCTACACA,233
CTTAAATTAATAGACT,233
CTTAACACGAAATAAA,233
GACGAAGCGTCCAGGT,233
GATAAAGGCCGCTACT,233
GATTACTACTAATAAA,233
GTTCATAATGAATCTC,233
TAAAGTAACACAACTT,233
TACAAGTCCGTAGTCA,233
TACTTCACTCCTCTAC,233
TCAATCTAGCCTGGCA,233
TCCTATTCACGTAATA,233
TGACACAATCTACAAG,233
TGAGGGTACTGAAATA,233
TGCAGATGGAAGGCGT,233
TTACGATCAGATAAAC,233
TTTGCGTATAGCACCG,233
AAACAACCAGCAACCT,232
AAATACATAATGAATA,232
AAGATGATCACACCTT,232
AAGTGGTCAGAACGGT,232
ACCAGTGTGAAGCTGT,232
AGTCTCTGAACCTATT,232
ATAGAATGCCACATAA,232
ATATCACACTAGGTGA,232
ATCTCAATTGGCTAAT,232
ATGTATCTGAAACTGA,232
ATTGAATTCCAATACA,232
CAAACCTTCTTCACCG,232
CACTACGCCAGGGAAC,232
CATCCAACACAGGGTC,232
CCGGATTAACAGATGA,232
CGGTGTACAACACCAA,232
CTAACATATAGCCGAT,232
CTCCACTTACTCATTC,232
CTCCCTCATACAAATT,232
CTTATAAACCTCGGAG,232
GAGTATTCATACGTCC,232
GCTAGACTAGAAGCTG,232
GTCAGATCTACGTAAT,232
TAATGCTTGTTAAAAT,232
TACCCTGACATAATGG,232
TACTTATCGGATACAT,232
TATCCTTGAACGCCTA,232
TATGGGTCCCAAATTT,232
TCGTGCATCCTAGCTC,232
TTCATACCTCTTATTT,232
TTGTATAGCACATACG,232
ACCGCATGACACAGAA,231
ACTAATATACATTATA,231
ACTGCGAAAAAAACAG,231
AGCAGCAAAGTAACGT,231
AGCCAACTGCCTCAAA,231
AGTAATACCGTCTAAC,231
AGTATAAACGTCATGG,231
ATGATATCGTAGCACG,231
ATGTATTTATGAAGGT,231
CACCTGTTTATTATCC,231
CCAGTGAAAAAACAAT,231
CCATGACTCTATAGAT,231
CCTACGCCCGCACAAA,231
CGTCTCCAACTCGGGA,231
CGTTGGCAGCAATTAA,231
CTACATCGGAATCAAG,231
CTATTACGGGCATCTT,231
GAACAACTGTCGTGAT,231
GAGCCACATCCCTTCC,231
GGAAGTCCTGAATAAC,231
GTACCCGACATAAGCA,231
GTATTATATTCGCCCT,231
TGTTGAGCTGCACCCG,231
TTAAATCTATGGGCTA,231
AACACAATCATAACAA,230
AACCAGTCTCACAATT,230
AAGGCACAAAGAGCTT,230
AATGAAGCGTAATACC,230
ACAGAGTGTTATAGCA,230
CAAAATTCCACTATCT,230
CCTACTCACAGATAAC,230
CGACGAAATCATACGA,230
CGCTACCATGAGGCAA,230
GACCAATTTAATTTAT,230
GACCTCTCCGTGAAGA,230
GACTAAATAAGGACAA,230
GGATGCTTGAACCAAT,230
GGATGTTAATGTACAA,230
GTCCAAAAATCATGCC,230
GTCCCGATTCATATAA,230
TAAGCAACAAGACGAA,230
TAATTGAACAGACCGC,230
TAGGTTAGCATTAAAA,230
TGGTAATATAAGAACG,230
TGGTTAGGAGGGGGCA,230
AACCTACAATACAATC,229
ACAAGTTACCGGAACA,229
ACACCTAGTATCGGGC,229
ACAGCGAGGATAGTAA,229
ACATCACATGTCAATA,229
ACATCTGAGGAGCTAT,229
ACCCATTAATTCCAAT,229
ATAGGTCGCTACGTCA,229
ATGGTCAAATGTGCAG,229
ATTTGAGACATGATAA,229
CAACAACAATTTGTAA,229
CATCGTAGAGTAGAAT,229
CCTAATATTCCGACAC,229
CCTCAAAATGAGATCT,229
CGTAGAGTAAAGGTAG,229
CTAAGAGACCTTAAAA,229
GAACTAGTAAAGTGAT,229
GCCGGTTCCCAAAACA,229
GGATTAGCGCAGAACC,229
GGTTCGGACCTAGTAT,229
TACAACCAACCTAGCT,229
TACGCTTCCCCAGGGT,229
TCCAATAACTATAATC,229
TGAACTTTATCATATT,229
TGGTAACGCAACTCCA,229
TTAATAGACATAAGCC,229
TTTATAGAAACCTAAA,229
AAAACAGACCCCAGAT,228
AACTCAGCACTACTGC,228
AAGTTCATGACATCCA,228
AATATTATTAAACAAT,228
AGCCAGCATTTCTAGA,228
AGGCTACCTCTGTGAG,228
AGGCTAGCTCACCGTG,228
AGGTAAGACTTTATAG,228
AGTTTACTATTAAAAA,228
ATACATTTTACAGCGA,228
ATTAGTCATGCTTACA,228
ATTTGAAGGCCGCCGC,228
CAAAAAATACGTCACT,228
CACAGCAAACTGTAAT,228
GCATTCCACGACCTGA,228
GCTCCGCAGTACATAT,228
GTTTAATTAAAAAATT,228
GTTTCTCAACTGATGC,228
GTTTGGTCGACAATTG,228
TACAACGAAAGTAACA,228
TGATTGTACTCCCTAA,228
TGCTACAAGAGCCTAA,228
TGTTAATGACGCTTGA,228
AAAAAAAAATACTAGT,227
AAAAATCTTCCGGTGT,227
AAAATCAATACCGATC,227
AAAATCACGTACAGCT,227
AAACGCGAGATTTACG,227
AAGACAGAAAGGTTTG,227
AAGGTTGTGCAGCAAG,227
ACATCTAATTCTGCAA,227
ACCGTTACTGATAAAG,227
ACTAAAATAAGTCCTG,227
ACTTGGTCAATGTGAA,227
AGATTGAATCTCTTCC,227
AGCCAGACCAAATAAA,227
ATAACAAATGCTTAAG,227
ATACTTGTTAAAATTT,227
ATGCTCATGATTCTAA,227
CATACGCCGGATCTAG,227
CCATCTTGGCAAAAAA,227
CCCTCGATCAACAACC,227
CCGCTAAGAATATCCG,227
CTATCAGACATTAGGG,227
CTATCGGGAACAGGAA,227
CTGGAATAACAGACGG,227
GAATTCTCAACAGTAC,227
GATATGGAAACGAGTT,227
GCAAGGAAGAAATTAA,227
GCGGAAACAATTAGCT,227
GGCAAAACTATGCTCG,227
TAAAAGATTGGATTCA,227
TACGACGAGTTCAACA,227
TCTGAACAACCCCAAC,227
TGATATTTCAAGAGCG,227
TGTATCGTAGCGTTTG,227
AACTTCAGCAATGTCA,226
AAGCAATCAAAGGTCG,226
AATATAGCTCACAAGA,226
AATTCGACCAATTTAC,226
ACACTACCTCGTTGTA,226
AGAAATTAAAAATATT,226
ATATTATGGTAGACTT,226
ATCCCCAAGACCATCT,226
CAAACGCCCTAGTATG,226
CCGGAATTAATTGTCA,226
CCTGAACCCTACACAT,226
CTATTTAGATTCTGAA,226
CTCACAAGATAAACCT,226
CTGTATTGTGAGCTAC,226
GCAATTTAGACGCGTC,226
GTTTACATTCCCCCTC,226
TAAGAGCAGATGATTG,226
TACTTACTGTCGAACG,226
TCAAACAGGATGCGGA,226
TCACAAGCCTTCCTGG,226
TCAGATTTGTATGACA,226
TTGAACAAATAAAACG,226
AACATAAAAAATTTTG,225
AACTCGCATAACACTG,225
AAGCTAACGGATCTAT,225
AATGTAAGGCTACAGA,225
ACCTTACCAACAACAA,225
ACTTTATATCCAGTGG,225
AGAAAAAACCATGAGC,225
AGAGCCCAGCAGTTAA,225
AGTAACCAGAATATAA,225
ATTAACTAAAAAACAG,225
ATTGCGTACCGCGCCC,225
CACTCATAGGTAAGAC,225
CAGTCCGCTTATTTAC,225
CCAAAATGATTCACCA,225
CCGGCCAATTGCCACT,225
CGACCAAATCAGCCAT,225
CGCGAATATTAATAAA,225
CTACTTCCCCCTTACC,225
CTAGCTAAAATTGCCT,225
CTCAGATTAATCTCAG,225
CTCCACCCCATCGCCA,225
CTTACGGCTATAAAAC,225
GGCAAGTAAACTGACG,225
GGGGAGGTCCTACCCC,225
GGTACCGTCGAGTTCT,225
GTACAGGGCAGGACCT,225
TAATCATAAGGGTACA,225
TACTAACGCAAAAGTG,225
TATAGGATTCGGATAG,225
TGACCGAAACATGATA,225
TGAGCCACGGCCAGCT,225
TTACACTATAAAGAAC,225
TTCATCAAAGCGAAAA,225
AAAAGACTAAACCTAA,224
AAACATTGACTTAAGA,224
AAATTCTGTCAACAAA,224
AACTAATTGTGGAATG,224
ACATATTGCCTAGGGG,224
ACCGACGCACACAAAA,224
ATAAACCAAACAGCAT,224
ATATTCTAAACAATCC,224
ATCAGATGAAACTTTA,224
CAACTGTATCCAAAAC,224
CGACACAATCAAGTAA,224
CGCAACCATTATCTAA,224
CGTATCTACCCGAGAA,224
CTATCTTGACGTCTCA,224
CTGTCCAAACCGCAAA,224
TATGGGCTTAAATTAA,224
TCATCTGGGTGCTCTC,224
TCCACATTTTGACTCA,224
TCGGTAAGACAAACAT,224
TCTAATGGCACGGACA,224
TGGCTCGCACGAGCGC,224
TTACTCAACGGCCCGT,224
TTACTGTTTAACCCTT,224
TTTGAAACAGTTACCT,224
TTTTATCACAAGTCAC,224
AAACCCGTGAGATCAA,223
AAGCAAAAAACCCCAA,223
AAGCCGCGAAGCGACC,223
AAGTAACGAAATAGGC,223
AAGTACGATCTTATGA,223
ACAAACGCTAACGTAA,223
ACCACCTCCCGGATGA,223
ACTCCACACCAAGCGT,223
AGTAACTATTTGACGA,223
ATAATCCAAACAATAT,223
ATATTCAGGACACAGC,223
CCATATCTCGACCAAT,223
CCCCTTTTTATTAACA,223
CCTATCAAATTCGCCA,223
CTATTCAGTGACAATA,223
CTGAGCACTAAGACAT,223
CTGGATCCTAATTGGT,223
CTTGAAAATACATTGA,223
GAAAGTAGTCGCTAAA,223
GGTTAGAAATTCAAAA,223
GTTGGGTGCTGCTTAC,223
TATCCTGGGCCACGGA,223
TATGAATATAAGATGG,223
TCAAAAGATTATTAAA,223
TGAAAACAAAGTAAGA,223
TGAATACATACTTTTT,223
TGAATGTCAAAAACCT,223
TGCATCTGGTAAAGTG,223
TGCGTCTGACGACAAC,223
TTCCAGCTTGATAATG,223
AAGAACTCTCCTACTG,222
ACATCTAGAAGTGCAT,222
ACCTGCAATAAAATAC,222
AGAAAATGTGATTTGC,222
AGATAGTAATTTGATC,222
ATGAAATCAAAACCAA,222
ATGGTCAGCAGTAAAT,222
ATTTGGATCTATAGGT,222
CGCACAGAACAAAATA,222
CTAATGAGTAAAAAGG,222
CTACAAGTGCCTAACT,222
GAACCTCCTTTTGCTA,222
GAACTGAAAATAGGGA,222
GCATGCTGCCCCAACT,222
GTGATTATACAGAATT,222
GTGCCGCAAAAATATT,222
GTGTTTTCTGGTAGCA,222
TCAAAATCCATCAAAA,222
TGTGAAGCAAGTAAAC,222
TTTATTCAGAGGACAA,222
AAACTAATATGATACA,221
AAATTTGGGAATTAAA,221
AAGCCAATATCCTTAT,221
ACGCCGATTAAAAGAT,221
ACTAATAAGCAGCTAA,221
ACTACGTAGATTCAGT,221
ACTATGCACCAAGAAA,221
AGCGCTAAACTTCATC,221
ATCTGGCACACACGCC,221
ATGTGACCCTTGCAGA,221
ATTCCAAGGTTACACA,221
ATTCGCCAAAAACACA,221
CACATGTTGGCAAAGT,221
CACGTATCAGAGGGGG,221
CCTGTTACAACTTAGG,221
CCTTACGAAATTGTCC,221
CCTTATAAGCTGGTTT,221
CGTTCCGCCTTTGTTT,221
CTGATGGTCCTAACCT,221
GAAACTAGCCTCTCAA,221
GGAAACCAAACAGTTA,221
GGCCCATCGGTGCGAC,221
GTGAGCGACCATCCCA,221
TAAATAAAACAGAAAT,221
TAACCCAACTAAACAT,221
TAGAAAAATGATAGAC,221
TGTATATCACTAAGCT,221
TTCTAAACCCTGATCC,221
TTGAAGATTCAACGGC,221
AAAGTAGAGATTACCC,220
AACAAAATCACTAAGT,220
AACCCAGACAAAGATT,220
ACCTTAAAGGAATGGT,220
ATAAGTGACCATGTGA,220
ATAATATGGCCAGATA,220
ATACTGCGCGAACTAT,220
ATGTTGTACAGGTTGG,220
CAAAACTCAGTTCCGA,220
CAATAGACTAGTGGAC,220
CATCAAGAATGATATT,220
CCGAGCTCATACTGAA,220
CCTCTATTTATCGACT,220
CGTAGATCCCCTAGGT,220
CGTAGTTGTTGCTAAT,220
GCAGATCGTGTATACG,220
GCTATCTCCGGACCCA,220
GGAATAACGAGTTCTC,220
GTACCGTTAGCTCTAT,220
TAAAGATAAAATATTT,220
TACCTTATTAATCGCA,220
TCGGTCTGTGTCTCTA,220
TCTTACGCTGGCTTAA,220
TTCATGTTGAACCAAT,220
TTCGAAGTAAAACGCG,220
AAATTAAGGACAAATC,219
AACATATCGAAAAGAA,219
AACATGCCGAACGATT,219
AAGAATATCCCCTAAT,219
AATACATGAACTAATA,219
ACATCCATGGCAACCT,219
AGGAGATGAGAAAAGA,219
ATACCACGGTGCTTAG,219
ATATATCAGTGCCAAA,219
ATCCGAAACCGGGTAC,219
ATGTTCGGTTTTAAAA,219
CAAGATATGCCTTTCT,219
CAATCAGAACCAATAC,219
CATAGATAGGTGAAAT,219
CATCCCTACCAAATCG,219
CATGTTTACAGACAGG,219
CGAAATTCATGGACTT,219
GAAACTGTTAACCACG,219
GAAATAAAGTGCGTGT,219
GACCCGGCTTAGGGCG,219
GGATCACGAAGAAAAA,219
GTCCTGACAAAAATCA,219
TAAGCGCAAGCTTCCC,219
TAGCGTAACTTTAAGC,219
TCAAGAAAAACTGTAC,219
TCATAACCGGCTGCGC,219
TCGATAAAAACCATGG,219
TCTGACGAGTCAAATA,219
TCTTCAAAACTGCCAT,219
TTCATAGATTTATAAG,219
TTGCGTCCGAACTCTA,219
AAAAAAGCACAGGGTC,218
AACAACACACCTCAAT,218
AAGGGACAGCAAAGAA,218
AATGCGTAAAAAAAAA,218
AGATTAGTATATGTAA,218
ATGCTGACAAGTAAAT,218
ATGGATATGGTACTTG,218
ATTCGAGACAGTACTT,218
ATTCTGCTAGCTGTAT,218
CAACAACTTATAAACA,218
CATTTATTGCGCACCC,218
CCCGGATGAATCTCGC,218
CCGCCTCGGGCTATAC,218
CCGTAAGAGCAGACAC,218
CGATATTTAAGAATAA,218
GAATACCGCACTCCTA,218
GAGGCAATACAAGTTT,218
GAGGGAATTTAATTGG,218
GATCTCTGTCGTCCAC,218
GCGACAGCATAAATTG,218
GTAGTGACAGCTACTA,218
GTTAAGACATTAACAA,218
TAAAAAAACCGACCAA,218
TACCAACCTTCATAAA,218
TATCGAGGAGATATGC,218
TATGCTGTCATGAGGT,218
TCAAATACGCGGAGCC,218
TCTCCATGGAGACACA,218
TGACTAACTAGAATGA,218
TTACCGGAAAGCAACA,218
TTTTCGGTAAAGTACG,218
AAACAAAAACATATTC,217
ACGCTGAGCGAAACGA,217
ATACTGAACCCACCGC,217
ATGAGAATAGCCATAA,217
CAAAAACGGTAATATA,217
CCGTGCATACCTACCA,217
CGACCAGAGTACAATG,217
CTAAGCATCCCCTCCC,217
CTCTAAAGTACACGAA,217
CTGAATGGGATGGTCA,217
CTGCAACAGCCAGTTA,217
GAAGATAATATACTCC,217
GAGCACAAGATAATAT,217
GCCCGGAACGACCGTT,217
GCTCAATAATCGATTT,217
TAATGTTCAGTCCATA,217
TACCCTTCCAATGCCT,217
TCAGTGGAAATGCGCA,217
TCTGTGCCAGGACTAA,217
TGATGGAAATCGGTAA,217
TTACCTCCCACTGGAA,217
TTCCAGGCAAAAACTG,217
AAGGTCTTAAAGTGGT,216
AAGTACTAGAAATAAA,216
ACCGCGGGCAGGTGAC,216
ACGTACTGTTGCGCTG,216
AGTATGCTAAGATAGT,216
ATAGCGAAGTGTGCAT,216
ATGCCAATAGATATCA,216
ATTATATTATTTGCCA,216
CTAAACGAGACAATGA,216
CTGGGAACACAAAAAA,216
GAAAAGACACATTTCA,216
GAACAACCTTGCAAAG,216
GAATGTAATCTCATTC,216
GACAAACGACACGGAT,216
TAGGCTACAGATATAT,216
TCAGAGCGAAATATAA,216
TCAGATTTATTATCTA,216
TGACTAATCGTTGTTT,216
AACACCATTAAGCCTT,215
AATATCCGCGAGAAAG,215
AATCAATTATCCAGCG,215
ACCTAAACGAGTCAAG,215
ACGACTTCTTATATTT,215
AGGTCATTAGTCTAAT,215
AGTTATCAGGTTGATT,215
ATAAACCAAATTGAAT,215
ATGACAAAATACCAGG,215
CAAGCCCGACCCCATC,215
CACCGTTTATGTTAAA,215
CCAGATATTGTGACTT,215
CGGCAACCACAGACGG,215
CTAAATTGATAAAAAA,215
GAACAAAGCCTCTCAA,215
GAACCCCCAACCGAAT,215
GCAAGGCTATTACAGG,215
GCCTTTACACCGCGGC,215
TAGGAGGACCATTTTC,215
TCAAACCTAACAGTCA,215
TCCGTGCTTATAATTA,215
TCCTCGCCGACGAAGA,215
TGAGAAAATGAGATAA,215
TGCGATGTGAGACATC,215
TGTACGCACGTTCCTT,215
TGTTTTATAAAAAACA,215
TTATAATTGAAAAATG,215
AAAATTACGAACCTAG,214
AAACCTTCACATAATC,214
AAATCCCAAACGCCTT,214
AAATTACCAGCCTAAC,214
AACACAGAAATAGCGC,214
AAGCTCTGTGCCCCCC,214
AAGGCATACGCCCTTA,214
ACGAATCGATGCATAG,214
ACGATCGGCGAAAAAA,214
AGCCATCTTAGGTCCT,214
AGCCGACAACAAGGGG,214
AGCTTTACAGAAACGT,214
AGTTATCGTTGTTAAT,214
ATACAGGCCCCTCCAC,214
ATCAAACAAGACACAG,214
ATGAAAAAAGACCTGG,214
CACATGAGTATGAAAT,214
CACCTACGAGCACGCA,214
CATAGCTCAATCTCCA,214
CATTACGGAGTGGACA,214
CCATCTGAAATACTTA,214
CCGTCGAAGATAATTT,214
CTACTAAACAGAGCAT,214
CTGCTCAACAAGGAGT,214
CTGTTTACGTAAGGAT,214
GAAAGATGATTTAAAC,214
GAATTATCTTGACTTC,214
GATAAACGAGTACAAG,214
GCGTTAATGCGACAGG,214
GGTAAACGGCTTACAC,214
GTCTAGCATACAGCGT,214
GTGGCTGTACTCACGT,214
GTTCGTCCAATTCGCA,214
TAACTGAACTATACTG,214
TAAGGAAAACAAATAT,214
TACAAAAAGGCTCGAA,214
TAGACTCAGAAGTGTT,214
TATGCCATCGTCTAGC,214
TATTTCTCGCACAACA,214
TTATCTATAGTCCTTT,214
AACCACCCGTATTGAG,213
AAGTACAGGAACTACC,213
AATATAAGATAGTCTC,213
AATGAATCCTAACCCT,213
ACGCTAAAAGAATATT,213
AGAACACAGCGGGGAC,213
AGAGATTGCGCTACGT,213
AGAGTATTGTCTAAAT,213
AGGGCATCAAGACCAA,213
ATACATGATTCAACTC,213
ATAGCTTCTCTGTATA,213
ATCTGATTAATACACC,213
ATGAGATAACGCTGAA,213
ATTACTCTACCTATCT,213
CAGAGAGTATATTCAG,213
CAGCTGCATAGAATAA,213
CAGGATATCGGCCACC,213
CGCAACTACAGGCAAA,213
CGCATCCAACATAGGT,213
CGTCCTAAAGAGCACC,213
CTTAGTAACACGCAAT,213
GACTCTCGAATCGGTA,213
GCAACACTCTAACAAC,213
GCAGGAACCGGGATTG,213
GCTGGGATTACCCGAG,213
GGAAGAGAAATGAGTT,213
GGCTTCTAGTACACCC,213
GTAAACAATGTTTTCA,213
TAATGCGGAATAAACT,213
TCTAACTGCTACTTCG,213
TGAAACACTACAGCAA,213
TGAAATCCATACAGAG,213
TTATGGATACTTATAA,213
TTGACGAGGGGAGACT,213
AAAAAATACATGAGAA,212
AAAGGCTTGGCACCAA,212
AACACTGACTATAGAT,212
AACATCGTTAACATGT,212
AACGAGCATAGGCACA,212
AACGTTCAATTTTGGG,212
AAGCTGCAAATTCAAG,212
AAGGAAAACAAACATC,212
AATAATAGGAGTTTAC,212
AATCGACGCTAATAAT,212
ATAACAAAGTTCGGTG,212
ATCTTACCTAGATCGC,212
ATTGATCAAATGATAA,212
CAACACGTTAGAAAAG,212
CATCACAGACATGAGT,212
CGATATTTGCCACACC,212
CTAAACAACACTGAAC,212
CTATAGCACTGTTAAT,212
GAACCCAAAGCATCAA,212
GAATTTAAGAACATCC,212
GAGAACATTGACAGCC,212
GCAAATAATGTACGTC,212
GCAGTAATATAATTCA,212
GCCCGAACTAGATCGG,212
GTAAACTATAAAACAC,212
GTGTAAAAAATGCAAA,212
TAACAACGACTACACG,212
TAACGACCACGTAATC,212
TATCTACGTCGATCTA,212
TATTCCAGTCCCGGGG,212
TCCCAAAACGGAATCT,212
TTAGATGTGCTCCTCT,212
AAACCCCACCTAAAGA,211
AAATTCACAAAAAAAT,211
AACAAGCTTAACTCAT,211
AATAACTGATAATTTG,211
AATACACATCGTAACG,211
AATATAGAGATCACTG,211
AATTATCGATATTGAG,211
ACTCCCTAATACGGCA,211
AGCACAACAGTCCGTC,211
AGTAAACTTTACTTTC,211
AGTCTATACTTGCTCC,211
ATTTACTATCGCAATT,211
CAACTTCGATTGATAC,211
CAAGAAAAATGATGGA,211
CACTGTCCAATAACTA,211
CATACTGGACATACAG,211
CATATAAAAGGCGTAA,211
CCAAGTCATTAAACAT,211
CCAGACGCATTGAGCA,211
CCTTCTAGAAGTGCAA,211
CCTTCTATTCAATAAA,211
CGACTCGGAGGATACC,211
CTACTAATGTATAGGA,211
GAAACATTCCGCTCAA,211
GAATCACGAGTGGAAG,211
GATATAACACTCAGCA,211
GATTCGTGCGGCCACG,211
GCAGTGGCCTCTCTTT,211
GCTACACAAGTAATAT,211
GGAAGTTGCCATTGTA,211
GGTTACTCATACACAC,211
GTGCGCATTAGTGAAA,211
TAACAGGGATGCGAAC,211
TAACCACTTAGGCGAA,211
TCCCATATAAAAAAAC,211
TCTACACCGTGCACTG,211
TGGGAACTATGTATTA,211
TTCATTTGTACCCTAA,211
AAAAAGAGGCTTCCCA,210
AACCCAACTATACTTT,210
AAGTCACGCCGTGCCC,210
AATAAGGTTACTAGCC,210
ACCACTGAAAAGATAT,210
ACCTTAAATTAAAATT,210
ACTTGATCTCGCAAGG,210
AGGCAAAGCACTGACC,210
AGGTCGAACTGAGGAA,210
ATTGGATTATCCCGAA,210
CTCACAAATGGTCCAC,210
CTCACAATAGAAAAGA,210
GCCATACGAACCTTAA,210
GCCCTTCCCATCCGTA,210
GCCGAACATGGCTAAA,210
GGAGATACTATTGACT,210
GTAACCCGCAGTATTG,210
GTAGTTCTGTCATTGA,210
TACAAACTAGCCCTTG,210
TCTAGTGCTTAATTAA,210
TGGTATAGTAGCAGTC,210
TGTTCACACACTGATT,210
TTGTGTCACTTAGATT,210
AAAAAAAGGCGTGTAT,209
AATAAAAAAGGTCACT,209
ACATAAGTTACTCGTC,209
ACTAAGTATGCGAATA,209
AGAGATAACTCGACAC,209
AGGCCTGTATGTCAGA,209
AGTTGAGCAGGGTGGC,209
ATGATTTTAAATATTG,209
CAGCCCCCCAACAATG,209
CCAGAATCGTTCGGAA,209
CCTAAAATAAAGATTA,209
CGGACTCGCCAATGCC,209
CTATGAGACAAAGTTT,209
CTCGGAACCGATGCCA,209
GAAAATCTAGAGACTA,209
GAAGCCAAGGTACTAT,209
GACAGTTAAAACAACA,209
GCCGATAAAAACAAAA,209
GTAGAACCTATGAGCA,209
GTTTAAGCGACTATCT,209
TATAATGTTACTCTCA,209
TCGAAGAAGCTTTACT,209
TGCGGGTTTATCATAT,209
TGCTGTGAGATCAGAA,209
TGTCATAATTTAGAAT,209
TTATTTTTTCACCAGT,209
AAACAGAACGAATCTA,208
AAATTCGAATGTAGCG,208
AACTACTGAAGAGGAT,208
ACCTCCGTAGTTGCTC,208
ACGTAGGAAGGTTGGA,208
ACTCGATTTGGCCATA,208
ACTTACATATATTCAA,208
AGACGATTTGGTGCTA,208
AGCGCTGAAAGTTACA,208
AGGCAGGAAACCCGAG,208
AGTAATGGACGTACCC,208
AGTATTTCATTGTCTG,208
ATCATAAACCCAGCGT,208
ATTGAGGTTATATGGT,208
ATTTCATATGACTTGC,208
ATTTCGCAACCCACAC,208
CAATATTAAGACAATG,208
CCCTAGTCCGAAAAAT,208
CCCTTTTAGGTTCGGA,208
CGGATTACCAAGTCAT,208
CTGAGAGCTGAGACTA,208
CTGGATCAGTGGCCCG,208
GACGCCCTGCACCTCG,208
GACGTTGCGAATAAAA,208
GATTTGGTATATACAG,208
GCTATCATTACCAATT,208
GCTCTCATATCTAAGC,208
TAATAGGTCTACTTCC,208
TAATGACAATTCGACT,208
TCAATAAAACCTAAAA,208
TGAGATTAAACGTGCA,208
TTAATCCAACAACAGC,208
TTGCATAGTGTAAAAA,208
TTTAAAACTCCTAAGC,208
AAACCCAACACTTGCA,207
AACATACACTAAACGT,207
AACATCTGGAAAATCC,207
AAGATTAAAGAACGCT,207
AAGTAATAGAATGAGG,207
ACGGAAGAACTTAAGT,207
AGCGACCTATGGGTAG,207
AGGAAACTGTAGATAG,207
AGTACAAAATCACATA,207
AGTGATAAAGACGCTG,207
ATAATGAGCGGATTTC,207
ATATCCCTCTGAGCCC,207
ATGTTAATTGCTCCAA,207
CAGGTGACACAATAAT,207
CAGTTATCTAGAGTAT,207
CGACAAACAAACACCT,207
CGACTAGGAGGAAAGA,207
CGAGCAGCACCACAGT,207
CGCATGCAAACGAAAG,207
CGCGTGCAGAAAATGA,207
CGTCTAAAGGCCACAG,207
GAAGCTTGGAGGTCGT,207
GTTCAATGGAAAATAC,207
TATATATTCGTGCAAA,207
TCAAAAACCTACGTAA,207
TCAACGCAGAATAGCG,207
TCGAAGTGATTCACCT,207
TCGAGGGCTTGCCTCA,207
TCGCACGATATAAAAA,207
TGCAATATGACGGGCA,207
AACGGACACGAAAGTG,206
AACTTTCAACAAAGCT,206
ACATGGTACATGTAGA,206
ACGATACTCAATCTAA,206
AGACTAATCAACCACA,206
AGGGTGATTCTGAACG,206
ATAATGACTACACTTA,206
CATGAGAATACTACAT,206
CGAGATAAGCCCAATA,206
CTAATGGTATTATTAG,206
CTACTGTTGGCTCGGA,206
CTGCAAGTTATGACCC,206
CTTTCTATGTTGTTCG,206
GAGCAAAAAATTCTCT,206
GATACTAAACCTGATT,206
GCCAATCTCTATCGCA,206
GGCCTCCGAATTTTAG,206
GGTAACACACCACTCA,206
GTAACTGAGAAGAAAG,206
GTAATAATAGTGTACA,206
GTCAACATACTAACGT,206
TAAATTCGTGGAAGTG,206
TACCCATAGAAGTCCA,206
TATGGCGATGCCAATG,206
TCCCGCTTCATTGTAT,206
TCTATGTGACGAGCCA,206
TTTATATTAGATTCAA,206
AACGTTTGAATGCCAA,205
ACCAAGGATCGGTGGT,205
AGCGCCCGTAAAGCTA,205
AGGGCAAATACATCTA,205
ATAGAGTGGACCAACA,205
ATCCGGCAGGATATAC,205
ATCGTTCCCATTAGTA,205
ATGCCCTCATTCTAAA,205
ATTAAAAGTATGAACA,205
CAAAGTAAGATAATTG,205
CAAGGTGTTAGTACGA,205
CATCCGAGTGAGTTGG,205
GAAGTGCCTCAGGGAG,205
GACACATTCATTCTTA,205
GATCACAATTCGAATT,205
GATCTTGAACTTTAAA,205
GCAACCGGCACGGAGA,205
GCCTTTTGACTCATAA,205
GGAGGTACGACCTCCC,205
GTAACCCAACAAGAAC,205
TACAAACTACCAATAA,205
TACACAAGTGAAAGAC,205
TACCGTAGCAACAGAA,205
TACTACTTACAAATAC,205
TAGAATGCAGCTGAAG,205
TATAACCCTGTATATA,205
TGAAAAGCTAAACCGA,205
TGATGAGCACGATTAA,205
TTAAATACTACCGATA,205
TTGAGTACATTCGTTT,205
AAACATACTCAACGAG,204
AAAGTTCAAAATCCTA,204
AAATCCCTATTTTAGG,204
AAATTCTTATTAAGAC,204
AAGGAAAATGCAAGAC,204
ACCGGCTTATCTAGAG,204
ACTCGAAGAGATCCCG,204
AGCATTAAACAGATTG,204
AGCTTACGTTGACTAC,204
ATAATACATAAATATA,204
ATATTTCCCTAAATCT,204
CAGAAAAACAGTTAAC,204
CCAAGCAGCTTTAACA,204
CCACAAAAAAAAAATA,204
CCATGCTAATAGTCGG,204
CCTTTAAAGGAAAATA,204
CGAGTTAGAAACACTA,204
CGTTTCCCTGTCACCA,204
CGTTTGAATACGAGTC,204
GACCAATATCTCATGA,204
GATCCATAACCATTAT,204
GTAATTCCAAAAAAGA,204
GTGGAGGCTAATATTC,204
TAAAACTCATTTCAAA,204
TCGACTTTAAGACATC,204
TCGGGGACTTCCTACC,204
TGACAATAGGAGGTAA,204
ACACTACGTTTTTTAA,203
ACGTTATGAAATGAGA,203
ACTAGTAACAAAGAGA,203
AGACTAGTAACATGAG,203
ATAAAATAAAGTTAGC,203
ATGGAAGAAGTTACTA,203
CCAAGTTGCCTGTAAC,203
CGATAACCCTGAGTAT,203
CGGAGTAAATATTACG,203
CTAATCGGGTAACGTC,203
GAGAACCAACGAAGTG,203
GAGTTAGAGAAAATCA,203
GAGTTCATATGACAAC,203
GCCTTGTTCAACTGTA,203
GGATAATACAGAAATG,203
GGCCCAGCAACGCGGC,203
GGCGGTATGGGAGTCT,203
GGTCCGAGCGTACAAA,203
GTCACAACAGGCAGAT,203
TAGATATAAAAAAGAT,203
TATACTATGACCTAAT,203
TGATCGTACATAATTC,203
TGTAGATTCGTGACTG,203
TTAAGCTCTTCAAAAG,203
TTCTAACTGTAATGAG,203
TTGTAGAACTTCCTTA,203
AAAATGTATAATTGAC,202
ACAATCACAGAACGAG,202
ACTGTAATCTTCTACC,202
ATACATTGTGGACGGC,202
ATAGTGTCGTCACATT,202
CAAGAGTCGCCCAAAT,202
CCAAACGTACTGGACA,202
CCTAGCAATAATAAAC,202
CGGATCTAAAGCAAAT,202
GAACACCGGCGAATTT,202
GAACCAGTACATTAAC,202
GAAGAATAGATATAAG,202
GACGCTGTAAAGTCAT,202
GAGAGAGATACTGGAG,202
GAGTGAATATAATGAC,202
GATAAACTATATTAAT,202
GATGTATCTTCGTACC,202
GATGTTAAAAAACGAG,202
GCACTTATCGCTGGCC,202
GCCCCTTGAGAAGCGC,202
GGACATCCATTATCAA,202
GTAACTGGGATCCTTC,202
GTCATAAATCTCCGAC,202
TACAAGGTCTAATGAA,202
TGAGGAAGTAATAGAG,202
TTACGAAAACCATATT,202
TTCATAATAACCCAGA,202
TTTCAGTACTACCATA,202
TTTCCACGATAACTGA,202
AAAACCCTGCGTATGC,201
AAAACTATTAACTAAC,201
AATGATTAACAGTCCC,201
ACCCCCTGACAACAAC,201
AGATAGTTGTATTCAT,201
AGCACCTTAAGGTTAA,201
AGCCTCCCCTCATCAA,201
AGTTCTATCCTTGATA,201
ATAACATAATTTAACG,201
ATCTGAGGCATCTCTA,201
ATTTAAAAAAACACTT,201
CAGATTATACGCTCAG,201
CAGCCCATATCCTTTA,201
CATGAAAATATTATTC,201
CCGAGTCTTAAGATTA,201
CGCCGGGGGTTCAACT,201
CGGAAATCATTGCGAG,201
CTGGGGATACGGTTAT,201
GCAGAGAACTTTAGGC,201
GGAAATAATCAAGTAA,201
GGCCAAAGTCAATAAA,201
GGTAATATAGAATCTT,201
TAAAGTCTGTTATGAC,201
TAATAATGGCCGACCA,201
TAGAACTACCTCGTAC,201
TCAATTCCTCAATAAC,201
TGGATAAACCTAATGA,201
TTTTGTGGAGACTAAA,201
AAAACACCGCAAGAAT,200
AAACGCATATCACTTA,200
AACTGGATGTTTGACA,200
AATGCTCCCCTAAGGC,200
ACAAAACAAACCGGAC,200
ACCGATATGTGCCTCA,200
AGAATGAACAATACAG,200
AGCCCCCTGTAATGGA,200
AGCGAACTCTGTTAGA,200
AGCGTCAAAACATTAT,200
AGGACCCACTCCCTGG,200
AGGTCTGCCATGGTAA,200
ATATGACAACAGTAAA,200
CATCTCAACTAATCTC,200
CCACGATACCCTCGCA,200
CGACATTACCACGATG,200
CGTATCAAGGATATTC,200
CTAATCTAACTAGTTG,200
CTGAGGCACTAATAAC,200
GACCCTGTGCGCATTC,200
GAGTTGAAAAAACCGA,200
GATATTACAATTCACG,200
GCGGGCTCTCGGGCCA,200
GGACTTGTCTGGAGCG,200
GTATTGTCAAGCGTTT,200
GTGAGATTATCTCGAG,200
TAAGTATTGCACAATA,200
TATGATGCTTATCTAC,200
TCAACGGCAAAATCTA,200
TCTGGATTTTTGAGGC,200
TGGTGGAAGTCGTAAA,200
AAACACCAATCAAAAA,199
AAATCGCCTCTCAAAG,199
AATACCACTACCTTAC,199
AATGATGTCCTTGGTT,199
ACATTAAACAGGATTA,199
ACCGCAACGTTGAGAG,199
AGACCAGTGTCCCCAT,199
CCCAATATATAAATTG,199
CCTAACAATAAAAAGA,199
CGTCACAACTATTGGG,199
CTAAACACCCATCACC,199
GAAACTGCAAAAAAGC,199
GAATAGTGACGTCATA,199
GACATTGATACGATTT,199
GATGAACAATTAATAC,199
GATGATTAGTATCACG,199
GCACGTCTCCCTGAAG,199
GCTGAGTATAAAGAGG,199
TAAAAGCCGGGTTTAC,199
TCAATAAACAACTACT,199
TCTAGCGGACTTTCCT,199
TTTAACCAAATTCCCG,199
TTTATGACAGCAGCCA,199
TTTTGAAAAGGGCCGA,199
AAAGCCATGGTCATGA,198
AAAGCTAGGTAATAAT,198
AACACAAGGATACCAA,198
AAGACAATACAAACCC,198
AAGTTTCCTAAATATC,198
ACAGGTTAATGAAATA,198
AGACGAATATCATTGA,198
AGGTAACTTCATCTAG,198
ATAGAATCTAGATGTC,198
ATCATGCAATTCCTGA,198
ATTGAAAACACCAAAC,198
CAGGATTAATTAAATA,198
CATACAAATTATACCT,198
CCAATGAAAAGTTCCC,198
CCTGAAAAGAACACTC,198
CGAGTAGAAACAAACA,198
CGTATTCCGGGTTATA,198
CGTCTCCAGCGGGCAC,198
CTAAAACTTGAGTCAC,198
GATCGTAATTACAGCA,198
GCTATAAATTGTAATA,198
GTCAACCTAGAGCACA,198
TAGTACAGGCAGCACG,198
TCTATAGTTATAAATG,198
TCTCGACTAAGAATCG,198
TGTCCACATTCATTTC,198
TTAAGTAATGTACAAG,198
TTCAAATAAACCCAGA,198
TTCTAGTGAAAGGTAT,198
ACCGAATTCGATCTAA,197
ACTGACTTTGACTAAA,197
CCCTTATTAAAGCCAC,197
CCTAATGTAAATACCC,197
CTAATGCTATTATGTT,197
CTTGGCGAAAAAATAT,197
GAAAGATTCCTCTATT,197
GAAGAACAAAACAAAC,197
GAATACCGAAATCTTA,197
GACGATCACATGATCT,197
GATACAAGTCTGCTTC,197
GCCTCTACGTATAAAA,197
GCGGGATTCCAACAAT,197
GGCTTTACCAGTCCCC,197
GTAACTTTGTGCCCAA,197
TAAAAACCACTGCTAA,197
TACACCACCTATTACA,197
TATCTACAAGATACCG,197
TCGTAATATAGTGATT,197
AAATTATAGAATCAGA,196
AATAAGCACGTCATAT,196
ACGAAATATCAATCTA,196
ATATTCTGGTACAAAG,196
CCAAGAGTATAGCACA,196
CGCGAACAACTACCAA,196
CTTTATACTTAAGGAA,196
GCTATTGGACGGTGCT,196
GGATCAAGCCCTGCAG,196
GTTTTACGGTAAGAAA,196
TAAAAGCCAGACTACC,196
TAAGTCCAAAGAACTA,196
TACAATATAAATAACC,196
TGTGACGAACAGGGAG,196
TTGAAAATTCTAGGAC,196
AAATACAACCAAAAGG,195
AAATTATCACACTCAG,195
ACAGTTACGGTGGACG,195
ACCTAATGATTCTCAT,195
ACGAAAGGAACTGGGC,195
AGACCGACGGACGCTA,195
ATAGACAACTAGTTTA,195
ATTATATAGACCCAAA,195
CACTTGTCCACGGCTA,195
CATAGGACTTAAACGA,195
CCGAAGCTACGAAGCT,195
CCGCCACCACAAAAGA,195
CCTCAGTTACAAGATG,195
CGATTACCGAAAAGGC,195
CGGTAATTTTAAGCCG,195
CGTAAGACGATATAGT,195
CGTATTTAACATTATC,195
CGTGCTGAAATTAATT,195
CTAGAAGTGTCACTTA,195
CTAGCTAAGAACGTTA,195
CTATAATTCAAGATAT,195
GACACATATAGAGACG,195
GACTAATAACTCATAA,195
GCGGGCCTAACTCCAT,195
GTATTTGTGGACCCTT,195
TAAATCCTTATAGCCG,195
TACCAGTCAGACCAGG,195
TCAATCAATTAAGTTA,195
TCTACGCCTTACAAAG,195
TGTGGGCACTTAACAG,195
TTAGTCTATGGCGTAA,195
AAAAATGTATGATTAT,194
AAACGGTTACTTTAAA,194
AACAAAGTAAACGAAT,194
AACAGCACTAGCTGTC,194
AATCAAAAACATCATT,194
AATCAGCAAAAGTATC,194
ACATAATCGCCGTAAA,194
ACCTATAGCGCCTTAC,194
ACTCGGGAATATATTT,194
ACTCTCTTAAACCCGA,194
AGAAAGTACTGCAGAG,194
AGACAGACTCTGAAGT,194
ATACAATCAAATAAAT,194
ATAGCATTATTGACCA,194
ATGAGAATAGAAATAA,194
CAGAAATTCATGACGA,194
CGGTAAAATGATGGCA,194
CTTGTACGACGCATAT,194
GAGCTTCTTCAATCGC,194
GATACATCACGATCCA,194
GCCCATGGACTGAACG,194
GTCCTAATCGTAACAA,194
TATCTCTACGGAGGTA,194
TCAGTAACACAAGCGA,194
TGACTCGAAGCGGAAT,194
TGATAGAGTATTCAAA,194
TGCAATTACAACAGTT,194
TTGTCCTTCATGCCTA,194
TTTAGTCAATAGGAAG,194
AACAACTCCAAACCTG,193
ACACAAGCCATATATA,193
ACACATCACTATTGAG,193
ACCAAGACAAGCAACA,193
AGACCACAATCTATAC,193
ATGGTATACGTTACAA,193
CCATAAAAAAATCACG,193
CTTCCCTTTGCAAGAA,193
GAAACGAGCCCCGAGT,193
GAAGGATACGGAGATG,193
GATGGGACAAGCGGTA,193
GCCGGAGGTTATCACG,193
GCTTTTGATAATCTAA,193
GGCTAATCAGAAATAG,193
GGGGTTACCTCCGGAA,193
TAAACTGAGCGCTGCC,193
TAATCTATAAGTATCG,193
TAGAGAAACCCGTGTA,193
TCAAGGTTAACTATTA,193
TCGTCAGCACGCTTAA,193
TGAGATAACGCCTCTA,193
TTACGAAAGGTTTGCC,193
AAGAACTAACCTAAGC,192
AAGAAGTCTTAGCTCG,192
ACCAAAGAAACGGTCA,192
ACCGCACTGAACCGAA,192
ACCTGACTCCATATTC,192
AGCTTTCAGAACGACG,192
ATATGAAAAATATTCA,192
ATATGTAAATTTCAGG,192
ATCCAGAAGCTTACTA,192
ATCCGCAAGTAGAAAA,192
CATATACATTATGTTA,192
CCAACCACACTGTTAC,192
CCAACGAGAAACTAGA,192
CTTTATGTCCTTTGAT,192
GAGTATCTGATACCAC,192
GCTACTTGAGTTGTAA,192
GGTATAAGACCAAATC,192
GTCGGAAACCGCCCAC,192
TAAATGGACCATCCAG,192
TAGCGGCTAAAACTAA,192
TATCTCAAGTCAAAAC,192
TGACATAAGTGTTGCC,192
TGTGAATAGGTTCCAT,192
AAAAAAAATATTATAA,191
AAACCACGCCCCAATG,191
AAAGAATCATACTAGA,191
AGTAGCGATATAACGA,191
AGTTCGCGCATATGCA,191
CAGAAGTGAAGAAGAA,191
CTCCTATGTTACTAAT,191
CTCCTCAACCGCACGG,191
CTTGATTAAAAAGAAA,191
GAAACTATAATACGGA,191
GAGAACCGCCATATAC,191
GGAAGACGAACAAAGA,191
GGGGTCAAACATTAGC,191
GGTCGAGGTATACATT,191
TACTCTCCCACCGAAG,191
TAGAAAAGACGGTATA,191
TCCAGAGAACTATCGA,191
TCCCCGTACGAAAAAA,191
TCTTAAGATTTCTATA,191
TGCGATGGTACTTATG,191
AACAACCACCCCTTGG,190
AACGAATCGCAAAAGA,190
AACTTTGATGACCGTG,190
AGAAGCGACTAGGGCA,190
AGCTACAAATACACAA,190
AGGTCTTGGTAACGCG,190
AGTCGTTTTGAAACGA,190
CAAATACCACAAATTA,190
CACGTGAACTCTTAAA,190
CCGGCAGATTTACATA,190
CGAAGGCCGTACAGAA,190
CTTCGTTAGTTTGAAA,190
GAAATTCAAGACCCGT,190
GAGAACCATCCGCTGG,190
GGAGCAACCTGAAACA,190
GGCCACTAGCGCCTGA,190
GTCTGCGAAAACCTTT,190
GTTGTCCTGACAGACC,190
GTTTGATACTTTCAGA,190
TAAACTCCAGGTAGCC,190
TACAATTTGAACAACA,190
TAGGTGCGAGAAGATT,190
TCATAAAAACCCATCA,190
TGAAGCAATAGCACAG,190
AAACAAGGGAATACGC,189
AAAGTACTATTAATTC,189
AAATTCCCCACAAGAA,189
AACTAATACGCACGGA,189
AACTGTCCCTTACATG,189
AGAAAGCAGGGATGAT,189
AGACACGCTAACACGC,189
ATCAACACGCTCTTTG,189
CATTTTAAATACCCAA,189
CCCGAATTCTAATTTA,189
CTTCTGTCTCAAATAT,189
GACCGCACACCGGTTT,189
GAGGGTTTGAGGAAAG,189
GATAGTATACAAACGA,189
TATAGCTTATAAGACC,189
TGATGAAGCCGGAGCG,189
TTCCTCTACACTCGGT,189
AAAGGTGGGTTTATTT,188
ACACGACGCCAAGCAT,188
ACCCAAAATATGCTAA,188
ACTTTGTTAAATTCAT,188
AGATGACAAAAGCTTT,188
ATAAAGAAAATAATAT,188
ATATCCTGTGCTTTTT,188
ATCATTCCGAAAACAA,188
ATTCTAACGCCAGTAC,188
CACGGCGTCAAACTGG,188
CCTACTGAGCACCTAA,188
GAGTACCAGTGGGACG,188
GATCGCACGGAACGAA,188
GGATAGTATAGAACCG,188
GTTTCTTGAACAACTG,188
TGCTAAGACCAATTAA,188
AAGAAAAATAAACAAC,187
AATAAAACTTATAACG,187
AATAATCATGACAAGA,187
AGATTACCCAAAGCCG,187
ATATCATCTCTCATTT,187
ATCAATTGGACCCGGA,187
CACACGCACCGCACTC,187
CGCACATAAAAAATAT,187
CTTCATCGCGGACCTC,187
GAAAGATGAATGGAAC,187
GCAAACCGGCTAGTAA,187
GCCATAGAATATATAG,187
GCTAAGCATACTCTTG,187
GCTTAAATAGTGACCA,187
GGCAATGCAATATAAA,187
GGTGCATAGTCCAATA,187
TAAAATTCCTGAAGTA,187
TACAGGGGCCCTTCTT,187
TAGTATATAGGATGCT,187
TATATTCACAAGACTT,187
TGAAATTACATTATAG,187
TGAGCGCTACACTACG,187
TGCAACTAAGTTAGAA,187
AACAACTTACTCGCAG,186
AACACAGATGATTGAC,186
AAGTAACTAAATCCAA,186
AATCATTCCAAATAGG,186
ACCTACTTACCTACAA,186
AGATATAAGGGTAAAT,186
ATAAACGATGCGGGGA,186
ATGGACATAAAAACTT,186
CACCAAAATGCTTGCC,186
CCATTTCAAACACACG,186
CCGTTAGAAATCACTG,186
CGGAACAGTATGTATC,186
GACACCGTCATGGCCG,186
GACCGACCAGAATCAT,186
GCATAATGATAAAGAC,186
GCCCGCCGGACAGAAC,186
GGAAACAGTAACAAAG,186
GGCGACGTATAAATGT,186
GGTATGGAATCTAGGA,186
TAAATCCTCACCGATG,186
TACTTGAGACATGACG,186
TATTCTGTAGACTATA,186
TCATTTGATCTAAGTA,186
TCGCGAAGAAGTGTTA,186
AAAAGAGTGTCAAAAC,185
AAAAGTACAGCAGTAA,185
AAGATATCGGACTACT,185
AAGTCTGACAAAAAAC,185
AATCCAAAGCGGAACC,185
ACGCACCGAAGGCAGC,185
ACTGTAGTTTGTCTTT,185
AGACAGCGGATTAAAT,185
AGTCTATACCAACTGT,185
ATAGTTAAAATTGTTA,185
CAAAGGGATAAAAGCA,185
CACAATAAAGTTTTAA,185
CCTCCCCCTACATACA,185
CCTTTTTACAGGAACG,185
CTAGTAGTTACCATTA,185
GAAAGGCCCGAATACT,185
GAATACTCGCATCACC,185
GTCGTAAATGATAGGG,185
TACATTCTACAATCGT,185
TAGCTGCTAATCTAAA,185
TTATGATATGTATCAG,185
TTGCTCCTCCGTGCTC,185
AAAAACAATTTTGAAA,184
AATACAATAATTCCAA,184
AATGCTCTGTACCGCG,184
ACATGGACAGAAAAGC,184
AGATTTAGAAACAAAC,184
AGCAGCAGTACATAAT,184
AGCATATAAGTTGTTT,184
AGTAACACCGAGGGTC,184
ATAAGTCAGGATGTGA,184
ATATGTCTTCAGTTAC,184
CAAAGGTGGTCACTCG,184
CACCACACAACTACTA,184
CATACAAGCGAGGAAG,184
CCCCATATTCTCAACT,184
CGAAGCGCATAATATG,184
CTTTTACATAAAATGA,184
GAAACATATTAAACGC,184
GAAGACCGTCGCTGAC,184
GCACTGGCGACAATTA,184
GGATACATCAAGAACA,184
GGTTAAGACATCTCCG,184
GTAAAAAATCGCCAAT,184
GTCGCCAAAGAGTGAT,184
GTGACAACGACGCATT,184
TATTGATAATGGAGTT,184
TCCTATGTCCTTAAGT,184
TGATACAGACAGGGGC,184
TGATGTGCCCGAATGC,184
TGTAGTACGCCTCGCA,184
TTCGATGCACTAACGA,184
AACACTTCCAACTTTT,183
AGCTAAGAAAACAAAC,183
ATAATTCGGCATGGGT,183
CTTGTATACTATGTGT,183
GAACCTCGCTATTCAT,183
GACAACTACCTAAACG,183
GACATAGTGGGACGTT,183
GGCAAAATGAGACCTG,183
TAAATGATCTTAAAAC,183
TAAGGATTCAGGAGTA,183
TACGTTGACTGTTCCA,183
TAGAAATCACCAATTT,183
TGGCCAATTCCCCTCC,183
TTAACGACCCTGATTA,183
TTCAAGGTAAAGTTAA,183
AACATCATCACACAGG,182
AATTCATCTTCGTTCT,182
ACCACACTCATTCCCG,182
ATCCTTAAAAAACGAT,182
CAAAAAAAAACAGACT,182
CACTTAACCGTTCTCA,182
CGTCAAATGTAAAGAA,182
CTTCAGTAAAGACTCG,182
TAAAGCTAACTATTAA,182
TAAGATCGTTGAACTT,182
TGAACGCTGATGCGGC,182
TGATACAACCCTCGAA,182
TGGTTAAGTGATCTGT,182
TGTATGACTCCCATGT,182
TGTGTCGCTAAAAACA,182
TTACTGGCGAATAACA,182
TTCAGTATGCAGACAA,182
TTCTAGTACGTCACTT,182
TTTATGCGATGCTCTG,182
AAACCAATAATTACAA,181
ACTACCTTTGGTCCTA,181
AGACACTCTAAGTCAC,181
CACTACTATCCACCAC,181
CAGAAAGACGAAGAAA,181
CAGTTCGGTGCTATGT,181
CATAATTCCAAAAAAT,181
CATGGGGATATTCCTG,181
CCACCACCTAGACTAC,181
CCCGCGGAACTGTAAA,181
GAACGTCATATTTGAA,181
GCCGAATAACAGACGA,181
GGACTAGTATTTTGAT,181
GGCTCAAAAAATTGAA,181
GTAAACCCGACCTTGT,181
GTACCAAAAACTTCAC,181
GTCAACACAAGTCTTC,181
GTCAATGTTGAAATGT,181
GTGGCCTGTCTCGACA,181
GTTAACTAACGTGATC,181
TAAAATGAAAAATATG,181
TAAAGGCAGAACCCAA,181
TAACAAGGACTATACC,181
TCATTTTGGTAATCAG,181
TCGATTTCGCGACCTA,181
TTAGCTTCGCCCGTGT,181
AAAATTTGAAGTATCA,180
AACGTCATTAGCCTTT,180
AAGGATAACAATGGAC,180
AATTCCAATTATATAT,180
ACAGATTTGCGCAAGG,180
ACGAAAAATAAAATCC,180
AGGACCGACTTTTTGA,180
AGGGACACGAGATTCT,180
ATATCCACACACACAC,180
CATTAATAATAATACA,180
CGGTGTAAGATAATGT,180
GAAACAAAGTTTTTCA,180
GAAATGCATTCTCAGA,180
GAATCATTCAATATAC,180
GCATCAATTATAATAG,180
GTAGTTTAATAAACTA,180
TAATATAAATAGAGCT,180
TATCAACTAGACCCAG,180
TCTCCTAAGGGTCAAA,180
TTTTACCTGTACGAAT,180
AACGCCCCATGTCTTA,179
AAGGTCAGAACCGTTA,179
ACATATTATAAACTTT,179
ACGACGCAATACAAAC,179
AGGACTGAGTTACACA,179
CCAAGTAGTTTGGTCG,179
CGCCAAGACATCAACT,179
CGTATATAAACACGTA,179
CTGATATCATGTAAGA,179
GCTGCTATATAAATGC,179
GCTTTATACATACCTT,179
GGCATGTATGACAAAA,179
GGCCACAAATATAAGA,179
GGTAGGACACGCCTAC,179
GTAGCGGACTGGGACG,179
GTCTGAAAGGGATAAT,179
GTTCAATGGAAGTTTT,179
TAACTATAAACGAAAA,179
TCACTACTACACATGA,179
TGAAAAGTCTTCATGA,179
TGTTTACATGAGATTC,179
TTACGTTAGGAATTAA,179
AAACGAAAATCCCGAT,178
AAATTAGAAATCCATT,178
AATCTAATAAATAACA,178
AATGCCCTACTACTGA,178
ATAACCATACTGCTGT,178
ATAATCATCACTCTTT,178
ATGTGACCGGATACCT,178
ATTATGAAATCGAGTC,178
CAAAAGATACTATTAT,178
CAAAGTTTACTCTACA,178
CTAGGAGCGCATCGCA,178
CTGAATAACGGCATCT,178
CTGAGACAATTTGTTA,178
GAGAGGACCTACGAAA,178
GATGCACGTGCGGCAG,178
GCTCCGCATTAATTTA,178
GGACTGGAGAACTGTA,178
GGAGTAGTTGGCGTTC,178
GGCCCAAATCGACAAT,178
TACACAATAACTCTTG,178
TACATCTTATGCAAGA,178
TATACCTATAGAACAG,178
TATTGGCATATACATA,178
TGAAAATCACCCTTCA,178
TTGGCTCACGGATAAA,178
AAGAGATAAAATACTT,177
ACAAGAAAGAAAATCC,177
ACCCGAGAAAATTCCT,177
AGAGATCAGCCCAGCA,177
AGCTCCTCCACCAATA,177
CAGAATCAATCGCTTC,177
CAGATTAAACCAAGTT,177
CATAGCATCTTGAAAA,177
CATCTCTATGTAGGCA,177
CCGAGCCTAATATCAA,177
CCTGCATGTCATCCCA,177
CGAACTAATACATCAA,177
CGATCGGGATTTTACA,177
CTACCTTAACGGCAAT,177
GACCCTTTTATCTATA,177
GATGATTAAAGACTAT,177
GTAAAATTACTCCCGA,177
TATCGGTTCTGAGCAT,177
TCAGAGAGATTCGCAC,177
TGATTAGGTAACCTGG,177
TTGATGCTGTTCAACC,177
AAAAAACTTTGGTATA,176
AAACTATAAGGCAATA,176
AGCAAATTGTTAAAAA,176
AGCAGTTTCAGCTGTG,176
AGCTGGAATCCGAGTC,176
AGTATATCAGATATAA,176
ATATCGTAGACCATTA,176
ATGCCTGTGATCATCG,176
CAAACCGAGCCTATAA,176
CATAAAGCGATCGGCC,176
CGAGGTCATATAATAT,176
CTCAGCGAGTAGTATT,176
GACGATCCAATCCATA,176
GATACTATATAAGACA,176
GCTTTTCAGTTAATAA,176
GGACAGGCTAAAGACC,176
GGTTTGAACATATACC,176
GTACGTAACTTAATAA,176
GTCCAAATACCTACCT,176
TACAAGTCCCCGGCAA,176
TATCTCAAGAATTAAG,176
TCATTTCTCTAATCTT,176
TTGTAATAATAAAACT,176
AAAAGACGATTTAAGA,175
AAACACCTCATAAATT,175
AACCCTGTTACCACAT,175
AAGTATTATACCAAAC,175
AATCACACTTACTACC,175
ACCGCAAAAACGAAGC,175
ACGGACAGCACCAATC,175
ACGTTCAAATTTTAGG,175
AGAGAATGACACAGCC,175
ATGAGTGAAAGTTCGA,175
CACGTTCTAGTTCGCT,175
CCGACTATAACAACCC,175
CGAAACTCATTATACG,175
GAAGACCTGTATATAA,175
GACGCTATAATTTAGA,175
GAGATCCTTTTAACAC,175
GAGCACGTGACATTGT,175
TCCATGGCAAGCTACA,175
TGCTAACATCTAAGAC,175
AAGAAAACTAACCAAG,174
ACATAAACCGCTAAAG,174
ACATCCATGTTGAATA,174
AGATACAAGAAATTAA,174
AGATACGTCCGTAAAA,174
AGGCAAGTAACCCAGT,174
AGGTCTATATTATGAC,174
ATCCACGTTCACGCCA,174
CAAATCCTAAACAACA,174
CAATGGGATCGTATCT,174
CACACCGATAAACTGA,174
CACGTTCAAGATGATG,174
CCCACCAGATCTCACA,174
CCCGAGTCTTAAAAGA,174
CCTAAACTAAGCGATA,174
CCTGCTAAGATTAGAG,174
CTCGCTTTGGCTGGCC,174
GAAACGCCCGAGTCTC,174
GAATCCAAATAAAGAA,174
GACGACGGCGATTGCC,174
GTACTATCCACTTTAT,174
TCCGAACTTTGCCCCC,174
TGATGAATGTTCACAA,174
TGATTCAACAACTAAT,174
TTCGAATGAATGAGAT,174
AAACCTAAGCCACTAA,173
AACCGACCTTTAACCA,173
AAGAAGAACCTTGCCA,173
ATAACTCAATGGATAC,173
ATAATATAGCGCTTAG,173
ATTCGAGAACATATGC,173
ATTTGTCTCCTACGAA,173
CAAACTTGTCCTTTGC,173
CAAATATCCCATTTCA,173
CATAAACCCATCAACC,173
CCCGAACACAGCTTAT,173
CTAAGGCTATCGTGTA,173
CTACTAACATATGGAG,173
CTGATGAGTCATATGA,173
CTGTAACAAGAATACA,173
GAAAGTAATGCCCTCT,173
GATCTTAACGGCATCA,173
GTAAGCAAAGAAATTA,173
GTTTCGACATATTATC,173
TATCACATACCAATCA,173
TCCACATTCCTACCTC,173
TCCATCAAAGGCTCTT,173
TTGGTGGTGTCCCCCG,173
TTTATCAACATGGCGT,173
AAACATCCCTAAAAAT,172
AAACTTGCTATCACCG,172
AATGACCGGAGAAGAT,172
ACCGACCTCTTCACCA,172
ACGTGTAAATTAGAGG,172
ATACCATCTTCTTAGC,172
ATCCAATGAAGACAGG,172
ATTATGTATTTAAACA,172
CATAATAACATAGGGG,172
CATCTGCACGCCGACT,172
CCAACTAGAGAGGCCA,172
CCAACTTACGTTAGAG,172
CCAAGTCATCGAAACA,172
CCCATAAAAGGCGCAA,172
CCGCAAAGGAATGAAA,172
CGAACAAAACAAGTAA,172
CGCTGGGCATAAATCC,172
CTAAAATTATTATTAA,172
CTAAGCTCTCTTCGGC,172
GACCTCTCATCGGTAT,172
GCCAACATACTAAAAC,172
GTAAATGGTAGTTTAT,172
GTACGATATCCTAAAC,172
TACCGCAGCGATAATG,172
TACTCCTTGAATACAC,172
TCTTTGAGGGGATAAT,172
TTAAACAAGACTACAG,172
TTTGGGCAAATTACCA,172
AATGTCTATTCCGCGT,171
AGAACCAGAAATATGC,171
AGGCACCTCAAAAACA,171
AGTACTGTGCAGTCTC,171
ATATTGGTGTTTAATT,171
ATTACAATTCATCTTT,171
ATTAGGTCGTTGAAAG,171
ATTGATGATTGCTTAC,171
CACAAATCTTGATAGC,171
CATGAACTAGAAGAGG,171
CCAATAACTAATGGAC,171
CGAAAACCAGTAAACT,171
CGAGCACATTGATCCG,171
CTCTGTGGTCCCCCAA,171
GAAAACTCGGGCTAAA,171
GCATTTCGAATACGGG,171
TACAGTTAAACCCCGC,171
TAGAGTTGATAGTATC,171
TATAGACGAGAATGGC,171
TCTTTGGGATCTGCAC,171
TGATTACAAAAAGTAA,171
TGGACTTTAAAATCTC,171
TTACAAAGCAGTTAAG,171
TTCTCGTGCGATATAA,171
TTTAGGAAGTCTTTTT,171
AAACGCGACTCTTTAG,170
AAATGATCTAATACAT,170
AAATGGCAAGACTTAT,170
AAATTGCCTCAGAAAA,170
AATTATTTAAAGCATT,170
AATTTACCCTTTACTT,170
ACAGCGGAGATCTAAT,170
ACAGGACGATAAAGCA,170
ACGGCCAGACTTGATT,170
ACTGGGCAAAACACGC,170
AGCACCCACGTTAATG,170
AGCTAAAACGGGTCGT,170
AGTCTGCCATATTCTA,170
ATTAACGACGATTGAT,170
ATTAGTATACACCGGA,170
CAAAGCCTCCTCAGCC,170
CGGGTTCTCCGGCCAT,170
CGGTGACAGGACTCAA,170
CTAAATCACAGAAGCA,170
CTTAACTTGACGAAAT,170
CTTCTGAACGGAGTAT,170
GAAAAAACACCAATGT,170
GAAACCTTCCTTTTCA,170
GAAATATAAGAAAACA,170
GACGGATTCGTCAACC,170
GCCTCGGTCCTGACCG,170
GCGATCACAACCAATC,170
GCTAACAATTCCCTCC,170
GTAAAATTTACCATGA,170
GTATAAACTAGATATA,170
GTGCACTACGAACAGC,170
TAGCAACTAGGAGCTT,170
TATGATTCAACCAGAC,170
TCATTGCGATCCGAGA,170
TCTAGTCACCAGCCCG,170
TGCTAAATCTAGTCTA,170
TTCCGAGTACACTACT,170
AAAACTACAAAAAACA,169
AACGAGAAGTCAATAT,169
AACGCAAATTTAAGAC,169
ACCAAACAAATCTGAA,169
AGCATGGTACCAGCAG,169
AGGCAACTCATAAAAA,169
ATTATCCATATAACCG,169
ATTTTAGACCAAACTT,169
CAGAAACAAACTTTGT,169
CGATTTCGTTCCCGAC,169
CGTCTAACGCCACTAG,169
GAAATGGATTAAACTG,169
GGATTAATTTCAAGAA,169
TACTCCAAATCATCAT,169
TCGTTAGCATGTCCAA,169
TTACACATAAACTATT,169
TTCACTAATAAACAGG,169
AAAACAGATACCTTTG,168
AAGGTTGACACTTAAT,168
ACATCAAAATACACTA,168
ACCTTCACCACTGGAG,168
AGGCTATTAACATGCC,168
ATGGCTACTATCTATT,168
CACGCCAGGTAAGCTC,168
CAGAACTAATCAGGAT,168
CCAATAACTAATATAG,168
CCAGTCATGTTAAGGA,168
CCTCCAGATAGACCCT,168
CGACGCAGATTCTTAA,168
CTACACTAGTGATCGA,168
CTCCTCCTGATTCTCT,168
CTCTCATAATAGGACC,168
GAAAGTAGAATATAAA,168
GCCGGAACACCTACAT,168
TAACGCATCACGTATA,168
TAATATAACTCCTCAA,168
TACCCTTCGGACTACG,168
TATGATAAAAAGTAAA,168
TATTTACAAAAGCCCT,168
TCATGAATATCCGGCT,168
TGACTCATGGCTACAC,168
TTCGCTACTACAAGTC,168
TTGTGCTCGCGCGAAT,168
AAAAGATTCTTGGAAG,167
AAACCTTGCGGCCCAC,167
AACACCTTCAACACCC,167
AACTCCAAGCAAACGT,167
AAGGGATTACATGGAA,167
ACATAATCCTAAAATA,167
ACATACGTATTAACCT,167
ACCCTCCTACCACCAA,167
ACTACATGCGCGACTT,167
AGTATGAAATCCAGGC,167
ATCCCCCGGACAGTAC,167
CACAATAGATTACATT,167
CAGACCAGAATCAACA,167
CAGTACACAATGATCT,167
CCGCATGATAGGAGCG,167
CCTGATTTATATTGAG,167
CCTGGAGACAACCATA,167
GAATTCACAAGTATTG,167
GAATTCGTATGAAGAA,167
GATACTTGACCTCTAA,167
GCAATATCCCTTGCTA,167
GCGAGGTAAGCTAGGA,167
GGGACTGCAGAAGAAA,167
TAAGAATAAAGTGTAC,167
TACAAAAATGAAGCCC,167
TACAGCCAGGACACTA,167
TCAATTAGCCGATTGC,167
TCGCACCCTCACAAGG,167
TGATCTGATTGCCTAC,167
TGGAGACTGTTAAAAC,167
AAACCAAAGATGCCGA,166
AACCATAATGCAAACA,166
AATCGCTACAAAAAAA,166
AATTTGCATGCCAGAC,166
ATAGACGTGGAACCGA,166
ATCCATACCCAGTCCG,166
ATCTCGTAATGTCAAG,166
CAAAATGCATTACTAA,166
CAGGCACCGGCTTAAA,166
CTAATTTAATAGACAC,166
CTCCATTAACTGTCTT,166
CTTCGCAAGTTACTCA,166
GACATTACAATACTTA,166
GACTACTGTAGGAACA,166
GCCCTTTTTACACGAA,166
GGCGATTACCCCCCAG,166
GTATAACTATACATTA,166
GTCACCAAAAATACTA,166
GTCGATGTCATCCTTG,166
TTATAGCCACATTGTC,166
TTATTGTTGCAGGACA,166
AAGCCATCAACAATTG,165
AATCTAAACCTACGAA,165
ACAACAGACAACCAAA,165
ACAGATCACCGTCCCA,165
AGCTTAAAACATCTCA,165
ATTTATACATCATGTC,165
CAATCTGTACATAACA,165
CTCCCCGCAACAAGAC,165
CTTTCAAACCATACAA,165
GAAACTTGAGCATAAC,165
GATCACATATACAAAC,165
GCGGTCCGCCCTAGTA,165
GCTAACCACCCACATT,165
TCAACATGGAGGTATT,165
TGCATACCTCCAAATT,165
TGGAATGTATAAAACG,165
TTTTGCCAGACCCTTG,165
AACAGACAATAATGCC,164
AAGTATAACTGAAAAT,164
AATCCTAGACACACGT,164
AATGGACTGTTAGATC,164
ACATTCAAGCTTTTCC,164
ACGGCTGCTGGTATAT,164
AGAACCCTTACTATAT,164
ATATGCAAGTAACACC,164
ATCTGAATGGCTAGAT,164
ATCTTATGAATCTACA,164
ATTATTTAGCCTAACT,164
ATTCGCTTCATAGAAT,164
CAAAACGCCAACTCAC,164
CACGTAGCAGCGTTTC,164
CCCATATATATATTGC,164
CTCCTTAATCCAGAGA,164
GTCGAATAACCCGACC,164
GTGTTGCCCAAGGTGA,164
TAAGTTCGTTCGTTCC,164
TAATTTTCTTAAAGGA,164
TGGCAAATGAGCCGTC,164
TTAGGAACAACCCCGA,164
AAATAAACATTTGCAA,163
ACAAAGCCATTACCGA,163
ACGATTAGTATCAACA,163
ACTTACGGATAAATCT,163
ATCACAAATGATCTTA,163
ATTACATTGGAAGAAC,163
CAATATTCGAACGAGG,163
CACTCGAGTACAATAC,163
CCATCTACTAAAGCAT,163
CCCACAATGGAGGGCA,163
CCTTCGAGGGCTGCGG,163
CGTCAAAAAACATTCA,163
CTACAACCCCACACCA,163
CTCCTGCCATTAATGA,163
CTCGTACTGTCGCGAT,163
CTGGACAAATAACAAA,163
CTTAAAACGGAGTATT,163
GCTTGGATGGTTCTAT,163
GTATCCAGAGTCACGT,163
GTTAATTAGGAAGAAA,163
TCACGAAGTTCCAGAT,163
TCATAAAGGACTACCT,163
TCATCTAAGTTACCCG,163
TGGAGTCAAGTAACGA,163
TTACTGACTTTCAACA,163
AAAAAAAAATGCTACA,162
AAAATCGATGCCTTAT,162
AAATGCCCAAATGGCC,162
AACTGAACATCCTATG,162
AATTGCCTATCCCCTC,162
ACACGTTCTGCCCATA,162
ACACTATAAAATAGAG,162
ACCAGTACGAACGCTA,162
ACTCTTTTTCACCCTG,162
AGAATACCTTCCTTGA,162
AGACACGTAGTTGGTA,162
AGCCATTATAGTCTAC,162
AGCGGCGCTTGGTCGT,162
AGTTGATAGAACCGTT,162
ATAATAACAGATATAT,162
CAACTGATTACAAAGT,162
CACATGTAAGTTCCTA,162
CCCCACTACCGAATAC,162
CCGTCGATTCCCATGA,162
CTAAGTATAAGACGCC,162
CTGAGGCTAACCCAAT,162
CTGTTATTTACCGTGT,162
CTTTCAACTTACCTAA,162
GAGTCTTTACATTGAA,162
GATGCAGAATTGACTT,162
GCTAGTCCCCACTTTT,162
GGAATTACCAGAACTA,162
GTATCGCGAGATGGAG,162
GTCTGCAAATTAATTA,162
GTTAAACTAACAAAGA,162
TCTACAAACCATAAAA,162
TGAACTAGATCTAGAT,162
TGCACATTAGGGTGGC,162
TGTTGAGGGTAAACGG,162
TTGCGTTCCAACTAAC,162
AAAGACTTTTACCTAT,161
AACGCTAAAATTTTAC,161
AAGTTAAACAAAAGCC,161
ACAGGGCGAGAAAAAT,161
ACTCGTGATGTGTGGA,161
ACTTCGAATGATCAGG,161
AGGCTTCGAAAACAGC,161
ATGAGATGAAAGTCGC,161
CAAAGGTGTTGTCTCC,161
CAAGCCCCCACATGCG,161
CCAGAACGACTACATC,161
CCATCGAATGAAAAAT,161
CGATTAGAAAACGTAA,161
CGGTCTTATCAACTGA,161
GACAAATTCAACCATA,161
GCAAGAACAAAGGGAG,161
GGTTAAGAGGTTCTCA,161
GTAAGTTTGGCCGGGC,161
GTTAATAAATTGAAGA,161
GTTGCACCAGATTTTA,161
TATAATACAACGTCTG,161
TCACCTTAACACCTCT,161
TCCAACTACGGACAGC,161
TCCCCCAAGATGAGAC,161
TCTAGTTTTCATGGCC,161
TGATGTATTCTGCCGA,161
TGTACATCAATAAAGT,161
TTAAATAGTATGACTG,161
TTGTCGGGTATCTTCT,161
TTTAAAAGCCCAAGTC,161
AACGTAAAGTTTTTAG,160
AATAATGGGAAATGCC,160
AATATGTTAACGTACA,160
AATCGAGTTACAAGAA,160
AATCTATTACGAAACT,160
ACTCGTTCGAATAGAG,160
AGAAATATTTCTGTGA,160
AGTCAACCTCAATTTA,160
ATATCGAGTACACCAA,160
ATCCAAAAACAATAAA,160
ATCCAGGATTAAAAAC,160
CGCAGAGCCAGATAAT,160
CGGGATCCACGAACCT,160
CTACGAGTATTAACTG,160
CTAGCGAGACACAGAA,160
GAGCAAGAACTACTGC,160
GAGTGAATAGGTTCCA,160
GAGTGCCAACAGCCGA,160
GTTAACACACACAATT,160
TCAACCCATATAACAA,160
TGATTCGTGCACGAAA,160
TGCAAAGCAAAGACAA,160
TGCGAACTATATAAGT,160
TTGCTAAACGTGAATA,160
AAACTCCACTAGATGC,159
AAAGACACAAACCAAA,159
AAATAAGAATATAATT,159
AAGTACAAGTGTCATA,159
AATCACTTTCAGAACA,159
ACAGTACCCTTACCGC,159
AGCAAGCAAGTTAAGC,159
AGCCGAGACACCAAAC,159
AGCTAATACACCACAC,159
AGGCGGTAGTTATGCA,159
ATAGTATATTTCCACT,159
ATTATGGGCTATATAC,159
CAAGATGCACTGAAAA,159
CAAGTTGCTAGAAAAA,159
CAATGGATGTTGTGGC,159
CACTCATCAAAACCGA,159
CAGACCACTAGGAAAC,159
GATCAACTTTCAGACC,159
GATCGAGCACCGCTAT,159
GCCAGAAAGTACCTCT,159
GCTAAGACACATATTA,159
GCTAGCTAAGAGCAAA,159
GGGTAACAAGTGGCAC,159
GGTTGATTCAGACCCA,159
TAAACTATGGGGAATC,159
TACGCAATGTGACATC,159
TAGATACTTGAGCGCC,159
TATACACACATCGTAA,159
TCGGTTAGCCTGACCA,159
TTGAATACAATCAGCG,159
AAAAGCAAAGCCTCAA,158
AAAGATGTCAGGTCTA,158
AAGTTGAAAAAGAAGT,158
ACGACGTTGAACTGTG,158
ACTACTATGTTATCTC,158
AGAAAGAATCCAGTTC,158
ATAAAGGTTAGTAGGC,158
ATTTCTTCCATCTGAA,158
CCAATCCTCCCATCCC,158
GCACCATAAGAGTATA,158
GGCAATTAGTTCTCTA,158
TGAAATGGGAGATCCA,158
TTAACACAGTAACGGC,158
TTCCCTAAATTATATT,158
TTTCCAAGAGGGGGAG,158
AAAACCGGCCTAATAA,157
AAAATGCTAATACCAC,157
AAATATTAGGAAAAGA,157
AAGAGTGACTACCGAC,157
ACGGCCGACATATAGG,157
ACTCCTCTTAACCAAC,157
AGTTTTTAAAAAAGAT,157
ATAAGAAAAAAAAAAA,157
CAAAGAATGAGAGCAA,157
CAGACAGATTCTCGTC,157
CGATAATAAATGAGGA,157
CGCAGGCCGCAATTTC,157
CTATAAATACATTGGT,157
CTTAGACCCAATAAAA,157
GACCAGATACTACTAA,157
GCAAATGATATTGTTG,157
GCCATTGAAACTCCGT,157
GGCACGCAGGGCAGAT,157
TAACAATTCAAAAAGG,157
TAGATGCAAGTCATAT,157
TAGGATCGAAACACAG,157
TATTAGAAACATCAAC,157
TCACGGTACAGAATTA,157
TCCTGTCGGGCCTTTG,157
TTAGAAGAAATATCAT,157
TTAGTAACTTTGCAAC,157
TTATGGCTTCCGATCC,157
TTGGCCGAAAACCTTA,157
AAAACGACTCCCCTTA,156
AAGATCTACCTAGTGA,156
AAGGAACCTACACGCA,156
AAGTAAATCTGAATTC,156
AATTATAAGTCCTAAA,156
ACACGGACTAATCCCT,156
AGCGGATACAGTGCTA,156
AGCGGGAAAAAAAACA,156
ATCACTCACTGGCACC,156
CAGGCGATATTCATTG,156
CATTGAACTGGCCTGA,156
CCGTATCCACAAGAGG,156
CGATTATTCGATAGTA,156
CTAACGATATAAAACT,156
CTCCTCCAGGAGAGGA,156
GAAACTGAACAGACAA,156
GACCGTAGAGTACTAA,156
GAGTGCATGGTAGTTA,156
GCAGCATGGTTATTGA,156
GCTCGAAGTGTTCAAT,156
GGCACGCAAACTAAAT,156
GTACCTCGTTTTCGGG,156
GTTAAATTGACCCTAA,156
TAAAAATAGCAGAAGC,156
TAAACGGGTGATATAA,156
TAACCTCGGGGTTTGC,156
TAAGGAGCGCACACAA,156
TCCCATAGGACTATGT,156
TGATAATAAGATCACA,156
TGATTAGAGTTACTCA,156
TGGGTTATTCCAAAAT,156
TTAATTACGTCAAATA,156
TTAGACGAAGAAGATA,156
TTCTGTTGCTATTTCG,156
AAAGTTAATAAACATG,155
AACGACCAGAAAAGAA,155
AACGTTACAATAAATA,155
AAGCGGGCAGCACGAA,155
ACCCCGGGTGAGACCA,155
ACGTACCGTCCTAAAA,155
AGAGTCTACATCGCAA,155
ATAACCGATATGTAGA,155
ATCATGCGGCAACTCT,155
ATTCACTAAAGGACAT,155
CAAAATGGTAAACTCG,155
CATACAATCACTGGTA,155
CATGGGGACTTAAATT,155
CCAAGCGACATGCGAC,155
CCAGTCCCCCGTTTAA,155
CCTCCATCTGAGATAC,155
GAATATCGTTGGAGAC,155
GCAATTCCCGTAATGA,155
GTACGTCATTGTATAC,155
GTCATTGAACTAAAAA,155
GTGGCACGGATACCAT,155
GTGTTACGTATAATGT,155
TAAAGTGCCCTAAGTG,155
TCACCTTGGAAACAAG,155
TCGTCGATCTGCACCA,155
TGGAAAGAAAACAATC,155
TTGAATATACCAAGTC,155
TTGTATTACACCCCAG,155
TTTAACAATAGGTACA,155
AAATCCATTCCTGATA,154
AACTGAAAAATTCACA,154
ACCCGTTGGATATGAA,154
ACGAGAAACGCCGAAA,154
ACTAATCAATAATACT,154
AGCCAAAAAACATCAT,154
AGTAGACTCAACGGTA,154
ATACAGGTGCCGTAAG,154
ATAGAGCTCATGACGC,154
CAAAGGAGCAATAATT,154
CAACGTCCCGTATCAG,154
CGAACAACGATTGAAT,154
CGACATGACAAAGATA,154
CGTTGTCTGCACTAAC,154
CTACTATATCTAAAGG,154
CTAGTGGATAAATTAA,154
GGGCAATGGGGACCTC,154
TAAAAATCCACGCCAT,154
TAAACTAACTGTAGCA,154
TACTCACCGCACCATT,154
TATTTTTCCTATTTGT,154
TCATCAACTAGCCGGA,154
TCCACAAACTCACGGA,154
TCGATGGCAAAACGAT,154
TGAACGTTGAGTTACA,154
TGATAATTGGGATACA,154
TGTGAGGTCGGGTTTT,154
TTAATTCATATCATAT,154
TTTTTCTTTTAGTACC,154
AAATCTACAAGTAACG,153
AATCTCTTGGGTAATA,153
ACATTCACTCATAAAT,153
ACCAGGCATAGTGACG,153
ACCATCAACCAGGGTA,153
ACGCTGAGCCCTTTCC,153
ACTCCAGTTGCGTTAG,153
ACTGAGAAAAACACAA,153
AGCGATGGCTTAAAAA,153
AGTACTAGGTAATATC,153
ATATTCAAGCATGCAT,153
ATCGCTACCTTACACT,153
ATGAGCTCTCAGATTA,153
ATTCCACTATGTAATA,153
CCGACAACGCATAATT,153
CTACAATATGGACAAT,153
CTCCACGAGTTGATTC,153
CTTAGCGGGATGACTC,153
GAAAATTCACATAAGC,153
GATTTAACCGTATTTT,153
GTACTCTATGTCGAGT,153
GTCCATCAAAAAATTT,153
TAAACAAAATATCTCA,153
TAACAAAGGCACATGG,153
TACACGGCCATACTGG,153
TACAGTCGTAACCTGC,153
TACCTTTCACACAAAG,153
TCATTTAATGCTAAGA,153
TCTCATCAATACCCGA,153
TTATTTAAAGGTAAAA,153
TTGAATAACTAACGAT,153
TTTTAGACGTTCGTAA,153
AAAAGAGTGATAGGTG,152
AAACACGAGAAATTAC,152
AACCACGGATCATGGT,152
AATACAATTTGCAAAG,152
AATTTCTATGACACTT,152
ACCTATTGAAGGTGCA,152
AGAACTGTACACCCAA,152
AGATAATGCACGTTTG,152
ATACCTGAGCTTAATT,152
ATGAATACTAAAGCAG,152
CACGATTGAAAACATC,152
CCAAAGGCAAATGATA,152
CCAGTAGACCTCCATA,152
CCTAATTTCTCCCCTT,152
CGGGAATTCAAAGGTA,152
GAGAGAAGAGCCATAG,152
GCTGCATGACAAAAAT,152
GGAAGGGTCTGTTAAA,152
GTAAAATACGACCAAT,152
GTACATCTTAATCAAC,152
TAAATGAATACTTCAG,152
TAGCCGGTTACGATAT,152
TATAAACTAGGAGAGT,152
TCACCTGGCCAACAAG,152
TCGTACTCCGATAAAA,152
TGACTGTCACCAAGCC,152
TGATGTTACATGCCGA,152
AAAGACTTAAATTGGG,151
AAATAACTGAAGCAGC,151
AAGCGAACCAGTTAAA,151
ACTCAAAAACAATACT,151
AGATCGATCCCATTTT,151
AGTCTGTATGGGTGGT,151
AGTGACAGATATTGAA,151
ATACCAGAAGAAAGAT,151
ATATAGTTATGGAATT,151
CACGGAACTGGTCGAC,151
CCACGCGACTTACGCC,151
CGACACTTTACCCCTA,151
CGATTCAGAAATAAAT,151
CTAAGTAACTGAATAT,151
CTAGTAGGAAACATAG,151
GAACATATTAGTATAA,151
GAACATCCCTTTCACA,151
GACAAAAATCATATTA,151
GACACACCATAACGAA,151
GATACATTACATAATA,151
GATAGAGTGTCCTGGA,151
GCCGGAGCAGGGACCA,151
GGTCATAATAGTAATA,151
GTAGACTTTCAAACTA,151
GTCGAACAGAATTGGG,151
GTTTCTTAATCGACCC,151
TAACAGGGTTCCATCA,151
TAGAACAAATATTGCG,151
TATTACAATCTAATCA,151
TCCCTACTATACATGC,151
TCTAACAATCAGTATC,151
TGCGCAGGTGATTCGC,151
TGTGGAAGTAAGATGG,151
TTAGAACCATCAATGC,151
TTCTTGTCGCATACCC,151
AAAAAATTATTTTACA,150
AAACGATCGACGTACT,150
AAGAACATAACGTACA,150
AAGTCCACCCAAAACA,150
AATAGGCGTTGATCGA,150
AATTGATCTAGCATAC,150
ACAGCGCTCACCATGC,150
ACAGGCCCTACAGAAC,150
ACGGATCATGGCAGGA,150
AGACTAATCTAAACTG,150
AGCAAACCGATTGCGT,150
ATACTTAATCATAGAA,150
ATAGTGCCTGAGGCCA,150
CATATAAAAGACGAGT,150
CATTCAAAGCTAGAAA,150
CCACCAACCTCAACAA,150
CCCCCATCTTCACACG,150
CGCTCACAAATATTCT,150
CTGTGAAGAAAATAAC,150
GCAAACTTTTGACTTG,150
GTAAGTTACGAACCAG,150
GTTGAGACAAGCAACG,150
TAAAACCACTCTTGTC,150
TATTCAGAGAGGAACA,150
TCATAAGGTGAAAACA,150
TCATCACAAGTCAACT,150
TCGTTACAGAAGTAAA,150
TGAATAGCTGTGTATA,150
TGCAGAATCCGAATTG,150
AAAATATTCAATCGTT,149
AAATATCCACAAACCT,149
AATTGACCGCTTTGCG,149
ACAAGCGTCTTCAAAC,149
ACCGATAGCTCCTCCA,149
ACGACATTACGCATCT,149
ACGCCTGGTACAAAAA,149
ACGGATTTACGGAAGT,149
ACTATTTCATACAGTA,149
ACTGCAAAAGCCGACC,149
ACTGTATGATAAGAAT,149
AGCACCCTATAGCCTG,149
AGCGGCTCAAGCACTT,149
AGTGACAATCGCGCGC,149
ATAAAGCATGGCAAAT,149
ATAATCATGCCGATAA,149
ATAGCTAACAAAAAAC,149
ATATCGACGAAGGAAA,149
ATATTCTTCGTTAGGC,149
ATCCCGAAATGATTCA,149
ATCCTATCTATTAAGG,149
ATCTTGCTCTAATTAC,149
CAAAATGAAGAATTCC,149
CAAATTTCAGCAGTGA,149
CAAGGGCTTCTTATTT,149
CACGATAGAGACGTAG,149
CATTACGGTTTAGGTA,149
CCACCCACATACGAAA,149
CCACGCACGATCATAT,149
CCTTAATTTAGTTATG,149
CCTTTACAAACTCTGC,149
CGTAGTTAAGACGATC,149
CTGGTAAATAATTAAT,149
GAAATAAAGCTAAATG,149
GATGGAAGAAACCCTG,149
GCAGTTCTAACCTTTA,149
GCATTACAAACACCTA,149
GGGGCCAGTAGGGCAA,149
GTAATATTAACTGGTG,149
GTATTAGGAAGCCAAT,149
GTGCATGTGTACTTTC,149
TAGAAGCGAATCTATA,149
TCAGAAAGGGACCTAA,149
TCTAAGCACAAGTGGT,149
TGAGTTTTAAACCGAA,149
TGGGTTACCCTAACGA,149
TGTATGTAATGAGGTA,149
TTATCGTTCCTAAAGA,149
TTCTAGAAACATGCTT,149
TTTTCCGAGAACAGAA,149
AAACCGTAAAGTCCAT,148
ACGGGAGGAATTTGGG,148
AGAGGACGAGAAAACG,148
AGGGTACTATAGCTAA,148
AGTCGCAAAATACAAA,148
AGTTCTCTTCGACCCA,148
ATATACCTAGGCCACA,148
ATCCGTAAATAATTAG,148
ATCTAGACGACTCTAC,148
CAAATTGGATATTGAA,148
CAAGGAAGTAACACCA,148
CACGCGATAAAACCGA,148
CATAGAGACAGGAAAC,148
CGCTTTACCCACGAAC,148
CTTCAATTATGAAGGA,148
CTTCTTCAGTCAGGGC,148
GGGTCGATTCACCCAA,148
GGTAACGACTACGAAA,148
GTAGAACGAACGTGCA,148
GTTATAGCTGCCGCCA,148
TAAAGGGAATGCACAT,148
TAATAAAACAACCATG,148
TACGCGTTCTAAAAAG,148
TCCCTAGTATATTATT,148
TGAATCTGGTTAGACA,148
TGATATACACACACTG,148
TTAGAGACAGTACCCT,148
TTATGGACTAAACCTA,148
AAACAAATGTAATGTT,147
AAATCCAATCATACAT,147
AAATGAGCGCATGTGC,147
AACCGAGCACAGACGT,147
AACGAATTGGTCAGTT,147
ACCTTAGACATGAGGT,147
ACCTTAGATAATCTGA,147
ACTCGGGCCATACGGC,147
ACTTTGGCGGTAAATT,147
AGAAAAACGTCCAGAA,147
AGATCATCTACTAATG,147
AGCACCGACCCAGTCA,147
AGCTGAAAGAAGCTGT,147
AGCTTGTCCGAAAATT,147
ATAGTTTGACATCACG,147
ATGAGGATTTTTAAGA,147
ATGCTTGAAAATACAG,147
CAACTTAACTGAACAG,147
CAATAGTAAACGATGG,147
CAGTCATTATACTACA,147
CATCAGGATACACCCA,147
CGGCACGTGTGTCACC,147
CTAAAAAGCCACATAG,147
CTAGACGAGTGTCTTC,147
CTAGAGAATCCGGACT,147
CTCGTTCAACAAAAGC,147
CTCTGAAATAACTAGC,147
CTTTAAAATTCTACAC,147
CTTTAGATAAAAGTGC,147
GACAATTACCATGTTA,147
GACTTACACTCTCCTC,147
GAGCCGATCCACCCAG,147
GAGGATATCGGTTTAT,147
GCCAGCATAACATAAG,147
GGCTAGCCTGTACACT,147
GTCTATTCCGGGCATA,147
TAAAAATTATATTCAA,147
TAAAACCATTACACCT,147
TAAACATAATATCTGA,147
TAACCAGGTCTGCTGT,147
TAGAGTACCCTCATCT,147
TATAACCGACGTAGCC,147
TATGTCTCTATGATGG,147
TCCAAACTGCCATTCG,147
TGGATGATCTATAAAA,147
TTAGCGAAGAGGAATT,147
AAAGAGCGCTAGAATA,146
AACAAGATAGGATCCC,146
AACTATATAGCACGCC,146
AAGCGTTTACAGAAAA,146
ACACTAAATACAAATA,146
ACATATTGAAAAACTA,146
ACCCGCTAGGCCCCAA,146
ACCGCGCCTTTATTTT,146
ACTGAAGTCGTAAAAT,146
ACTTAAATTATCAGGG,146
ACTTCAAAACTTACTA,146
ATAAACCTTCGACGAA,146
ATAACCAAGTAATAGG,146
ATAGTACTTCTCGAGT,146
ATGAGATGTTTATTCC,146
ATGGAATTATAATACA,146
ATTCCTCAACAAAGCA,146
CAAGGCAGACCAAAAA,146
CCCCTCCAAGGTACCC,146
CGACAACTATATAATC,146
CGACATAGGTCATATA,146
CTCAGACCAAAGTCCA,146
GAATAAACGAGCAAAT,146
GAGCCCAAGACACAAT,146
GATCACCTACATCACT,146
GATCTTTAACCTCCTT,146
GGAACTTAGTATAAAC,146
GGCCATAAAAAAATCT,146
GTCATCCCTGTCACAT,146
GTCTACTACGAATTTC,146
TCAAGGCCAGCGCATG,146
TCAATTTGAATGCTTA,146
TCATCGCATGATGCTA,146
TCCTCTTTATCCGCGT,146
TCGCTCTGTACCCCTC,146
TTGTTCCCCATAGCCC,146
AACGCTGCAATGGTAA,145
AACTCAAATTTGACCT,145
AAGACAGTGTAAAAAC,145
AATCGGAAGTTGATAC,145
ATGAAAATAATACTAG,145
ATGCCGCACAAATTCA,145
ATTCTATCGTAAACAG,145
CATAATTAGACAGACT,145
CCGCGGCTCTCGCCGA,145
CCTATCTCGAGAATAT,145
CCTGGATTACTGACCA,145
GACGAGCGCCTTAGAA,145
GAGAACCAGCCCTTGT,145
GAGGCTACGCCGTCGA,145
TAAAATAAATAACTAT,145
TATACGATATGTACAT,145
TATTACAAGCTTGAAT,145
TCCATTAACCTACAAA,145
TCGTCACACGTACTCA,145
TCTAATCGGAATTCCC,145
TGCTATCTTTATAAAA,145
TTGGCTGTAGTCGCTT,145
AAATTTAAGAATCGAT,144
ACACAGTCGACATTGA,144
ACTCAGTTAGCGGAGA,144
AGAGACCGAGCGAAGG,144
AGCGAGGCTTAGGGTC,144
AGTTAACCTTTATACA,144
ATAAACAGGACCCAGA,144
ATATAAATAAAGCCTA,144
ATTCGTGATGAATTAC,144
ATTGCGATCCGAATCA,144
CAAAGAGTTCATACGT,144
CCATTGTCAGATCATA,144
CCCGCCTTCAATGACG,144
CGTATGTACCTCAAAT,144
CTCTAAAGTTTAGTGA,144
GAAAAGCTCTCGCCCG,144
GATGAGTAGTCCGGAT,144
GCAAAATACAATTGAA,144
GCAAGTTCCCTGCTAC,144
GCAGGTATTTGTAGAA,144
GCAGTAGGTGGAAAAA,144
GTTACTGATCAACTAA,144
TAATATCTGTGTTTCA,144
TACACTAAAGTTACAT,144
TACCAGATCGAATTGG,144
TCAGCCGGAGTAAGGT,144
TCGTACGAAACTCAAA,144
TGACACTATTACACGA,144
TGACACTCTAAGAACT,144
TTCACGTAATGGAACA,144
TTTCATGCCCATATGT,144
TTTCTAAATTAACTTG,144
AAACTTCCAGACTAAA,143
AAATAAAAGAGTGGCG,143
AAATTAGACAATGGTC,143
AAATTGCCACAACACT,143
AACAAAAATCTTGATT,143
AACTCACTACCCTGGT,143
AATAATAACGAGACGT,143
ACAACACACACCCGCA,143
ACACTCTATAGTACCA,143
ACGTTCACATTCTTAC,143
AGAAAGTTCTTAAGAC,143
AGCTACCAGCCTTAGC,143
ATAAGTATTACTGTAG,143
ATACGGTGGGCGTATG,143
ATATATGACCAGTAGA,143
ATCCTGACTCCTAGAA,143
CGGAATGCTCCAGACT,143
CTACCACCACTTACAT,143
CTACGATAGAGCCTAT,143
CTATACAGATTCCCAA,143
GACCTGGGTAACTAAG,143
GAGAAATTGCCATAAA,143
GAGAGGCGGACGCTAA,143
GATGATGATCAAAAAG,143
GCGTATGAGGATTACT,143
GCGTTTCGGTTCTTAG,143
GGACAATCTATATTTG,143
TAAAACCACAAGAGCA,143
TAGTATTCCGGGATTC,143
TAGTCTTGAATAAATC,143
TATAATGTACTTATAA,143
TATATAATAACACTGG,143
TATCATGGTCTATAGT,143
TATCCAAATAGAAATG,143
TGACACTAATAATACA,143
TTCGCAACGTAAATGG,143
AAGTGGTTCAGCCTGC,142
ACCAAAATTCCAGTCT,142
ATAAAGCCGCAAATAG,142
CAAGTGGACCGATTAA,142
CCGGGCTCTCATGAAA,142
CGGAGTGACCGCAGTA,142
CGGGGCTCAAGTATGG,142
CTAATACCACATGCTG,142
GAAACCACGAATAGCA,142
GATGCCCCGCAACCAA,142
GCCTGTTGTAAAACTT,142
GCTAAATAACTAGCTT,142
GGATGGCATTTTAGGC,142
GGCGGTTTTATAGGTT,142
GTACTAAAAAAGACAT,142
GTTAAAGACAGCACAA,142
GTTTGCCCCTGATTGT,142
TAAACCTATCAAGATA,142
TAATATGCCGTACTAA,142
TACGAAAATAATCACA,142
TATAGCTCAGAATAGT,142
TCACCAAGAAGGTCCT,142
TCCATTAATATAACCT,142
TGAAAATTGAACAAAG,142
TGACCGTCGCCAAACA,142
TGATGCATATCATTGA,142
TTCGGTATTATTACTG,142
AACCCATAGTTCAGCC,141
AATATTCACTTCTTGG,141
AATCGGCTTCGCCCTC,141
ACATCCGAGTAACGAC,141
ACATCCTTGAATGAAA,141
ACCAAGCCTTTAGTGA,141
ACTACTTAGGAAGATA,141
AGGAAAAATCTACCGA,141
ATAAAAGATAGCTAAG,141
ATATGAACAAGTCATC,141
CATTATCATAGCGTAT,141
CGACTAATAACCCGAC,141
CGATCCTAACTAGCAA,141
CGATGTTATATCAACA,141
CGTTCTTCATAAATAA,141
CTCGCAATAACTGCAG,141
GAACCTTAAGCTAAGC,141
GAGAGTATCTAAGCAA,141
GGGCGTGCAACAATAC,141
GGTATTTTAAAGATGA,141
GTACACCGCAAATGGC,141
GTGGGCTAATTAACAT,141
TAAATAAATGCTCTAA,141
TACTTAATTAGGGCTG,141
TAGCGTATCCGCCATT,141
TCCTATTAACTATGTT,141
TGTACAAGTCTAGCGT,141
TGTTTCTACAACTTCG,141
TTAAGCATATATCCGT,141
TTCATACTCCGGAAAA,141
TTCCAATAGAGCAATA,141
AAAACAGCAAACACGG,140
AAAATAATTCCCAAAG,140
AAAATTGGCAAGGACC,140
AAGGAGCTATACAAAG,140
ACAAACCGTAACGTAA,140
AGAACCCCACTTATAT,140
AGCCAGCAACGTCCCA,140
AGGTATTGCATGAACA,140
AGGTTCTCGCAGTCAA,140
ATACTGCATGTCTATA,140
ATAGCAGGCCCAGAAA,140
ATTACCAATAGAGGAT,140
CCGTCTAGAATGAAAG,140
CGGTTGAGGTTATAGA,140
CTCTACATACAACGTC,140
GAACACCTAGATATAA,140
GACACCTGACGCAGTA,140
GCCTAAACAACGCAGC,140
GCCTCACATGAAGTGC,140
GCGGGGTTGCATTGAA,140
GGAATAACATTCGGGC,140
GTGAATTTGGCCAAAA,140
GTTAGAATTACATACC,140
GTTCTTAAATTCCAAT,140
TAAAAAAACAAACGTT,140
TAACTAGTAATCTGCG,140
TACCGCATTTCTCTCC,140
TAGCGGCGCAAAGTAT,140
TGACAGATCCATAGAC,140
TGACGGCTAAGTCACA,140
TGTTGCGATTACAATA,140
TTGAATTTAAAGCCAT,140
AAAAAAAGGTAGCCTC,139
AACGAACACACGAGAG,139
AATGAGTGCTTTTACA,139
AATTATAAAACCTACA,139
AATTGCTGAAAGAATC,139
ACATTACAAGCAAATG,139
ACATTTTAAAGTCACA,139
AGGATACTCAACAGAC,139
AGGATGGGTTCTCAGG,139
ATAACGATAGCTCGTA,139
CAGAGATTTAAAGAAA,139
CAGCAAAGTGTACATG,139
CAGTTAATGCTTCTGA,139
CCAATCCAAAATTTAA,139
CCCTGCTGCTTTATAA,139
CCGAAATAAAAAGATA,139
CCGAAATTCCTTGTTG,139
CCTTACCGACTGAGCA,139
CTCCAAAATTCAAATG,139
GAAAACATCTGTACTA,139
GAAAAGAATTTCCCCC,139
GGCGAAACACCATACA,139
TAAAACGTGGGGACTT,139
TACTATAACCGAAGAA,139
TAGAAAAATGGCTCCT,139
TATCATATTACTTGCC,139
TCGAACCTGGGATCCC,139
TGAACACAACATAAAC,139
TGCAAACTTCACAACA,139
TGGAAACCAGCCAGTA,139
TTAAAAATGGTTAGCC,139
TTAGGTAACTTTAGCC,139
TTTAAAAGGCCTCGAT,139
AAAAAACAGATGCAGA,138
AAACCTGTTCTGTATA,138
AAGAATAATACTTTGA,138
ACAAAGCGGCCTTACT,138
ACACAATATCCTATAT,138
ATAAAAAACTTATAAA,138
ATATTCTCCTTCAAGC,138
ATCCCAAAATGAGGGA,138
CAGTACGCCGACTACC,138
CCGATATCCGCTACCT,138
CGAAGCCAGTCACTAC,138
CTAAGATATGTTCATT,138
GAACATATACTTAGCG,138
GCATTTAAATGCATAA,138
GCCGATTTAAATTATT,138
GGACACACCCATGCGT,138
GGACTAATTATCAATC,138
GGAGAAGATTCATCGA,138
GGAGATAATCAACCAA,138
GGTTAAAGCATTACGA,138
GTTATTGAGCTTTGTC,138
TAGGCAATACGTTTAG,138
TAGTTTAAAGTTGTCC,138
TATCCTTCAGAACCAC,138
TCATTACCAGCATAGC,138
TGATAACTCTGTTTAA,138
TTAATTTGTCTGTTCC,138
TTATACAATGACTTAG,138
AACTTCGCGCACAGAC,137
AGATTGACAAAAATAT,137
AGCGCAGTTAGAACCA,137
AGTTAGGCAAACCAAT,137
ATATAAATAGCAAAAT,137
CCCATAAACACAAGCA,137
CCTAAAGTCGGGGAAA,137
CCTTCGTTGAAACGTA,137
CGTAACTAGGTGTACT,137
CTACAATACTTTCGCT,137
CTGCACCCGCGTACGT,137
GAAAAAGAAACCTGAA,137
GAAATAACTGACAGAT,137
GAACCTTATAGCTTAA,137
GAACGCTTTCACATCT,137
GACAACCCGATGACAG,137
GAGGGAGTGCACCAAA,137
GATAAGCCGAGCACCT,137
GTCAAGGGATCCGTAA,137
TAACCAAAAACTAATG,137
TACAGACTAAAATAAG,137
TCAGGCCGCAGTCAAT,137
TCCGAAGTAATCAAAT,137
TCGACTACTTAATACA,137
TCGGACAGACAATTAC,137
TGAAGCAGGTGCTTAT,137
TGACAACCTATAGAAA,137
TGTCACCTCTTCCTCT,137
TTATCCAAAAAACAAA,137
AAACCGAACCCACCTT,136
AATGGGTGCACACGAA,136
ACAGATAAAAATGTAT,136
ACTCGCTATTGACCTT,136
AGATACAAAATACGTT,136
ATAATACCCTAGCTTA,136
ATGATTAAAATGATGA,136
ATGCCTAAGAAACACG,136
ATTCTTCTAAGAAACC,136
ATTTGATTAATTGCGC,136
CGAATAACTAGCTAAC,136
GAAAGACGACCAGATT,136
GAAATCCAATTTAGCG,136
GAATATGTACCCGAAT,136
GAGATTATCATTAACA,136
GTACGTTATAATGAAT,136
TAGATATATTGTAGTA,136
TAGCTAAAAAGGAGAA,136
TATAGTTGCCGACAGC,136
TATCAAGGAGGCGCAG,136
TCCGAGTTTCCAAACG,136
TGGACGATACTAAAAC,136
TGGGAACCCTTTATCT,136
TGGGATTTGAATTATC,136
TGTAGCTTTATCGTGG,136
TTGAAATACCTTAACG,136
AAATAAATCAGTCTGG,135
AATAAGAGCAACAGCT,135
AATATTACATAGGATG,135
ACATCGTTATCACCAA,135
ACGAGACCAAAATTCG,135
ACTAAGTCAGCTTAAA,135
AGAGTTCAATCCTAGC,135
ATAGTAATAAAATTTT,135
ATATAATGCACAAACA,135
ATTAAGAAGTAAAAAT,135
CCCTGTTAAAATCCAC,135
CGATTAGGCCCAGATC,135
CGGTACACCTCAAAAG,135
CTTACACACTTTGACT,135
CTTTATAGACGTGCCA,135
GAATGACCTTCAAATT,135
GACCTAATTAAAGTTC,135
GCACATAGACTTAGCT,135
GCCCGATTCTTCGCGG,135
GTAATAGGTTTAAGCA,135
GTATATTGCCAGGTGC,135
TAACCGACAACCGGTC,135
TACTGCAACGCGAGCC,135
TATAACATATAGTAAA,135
TCAAAGCTCCCTAACA,135
TCAGCCCGCTAATATA,135
TCCTCAGGCATAGTAA,135
TCGCCCTTATTAATAC,135
TCTACATCTAACTGAG,135
TTAACTCATTATCCCA,135
TTAATTTGGGAACGAA,135
AAATAACGATGGTGTC,134
AACTAGAATATAGACC,134
AATACGCCGAGGATCA,134
AATTCTCCAAACCATT,134
AATTTAAGCTCTAGCC,134
ACAAAATCCATAGGCG,134
ACTAAACCTGACCATA,134
ACTATATCTCAAAGTA,134
AGGCACATTAGCCCCC,134
ATAGCCCAGAGCCGAG,134
ATCTTCCATACTGACT,134
ATGCGAGCGAGCACTA,134
CAAAACTGGGGACCTA,134
CACACTGAGTGCGAAC,134
CCCCGTAAGTTCAGTA,134
CGCCTAAACATTATGA,134
CTAGCACATCAAAAAT,134
GCCAACTTCACCTCTA,134
GCTAGCTTAACCACGA,134
GGAAATCCATAACGCT,134
GGTATGCTAATAAACC,134
GGTCTAATAGTCAGTT,134
TCTTTAGTCTTTAAAA,134
TTTGAAACACCTAATA,134
TTTTATACCAAACGCA,134
AAAATTTACGGGTGAT,133
AAACTGAGCACCTCTT,133
AATAGCATTAACGAAA,133
ACATTATGTTTTAATC,133
ATAACATACTGTATTA,133
ATAGTATTAAGAAACG,133
ATATACGAGCATGGCA,133
ATCATAAGTGCCGCTA,133
ATCCAGATGCGCTTAA,133
CAAACGTATTAACAAC,133
CAATAATGAAAAAATC,133
CACGCCCTGAGTGGCT,133
CCATGAACGTAAACTA,133
CTAATAAAAACTTGCG,133
GCACTCAAGAGTTGAT,133
GCAGTACCTGAACACG,133
GCATATTCATTATGGA,133
GCGTTGGGAAGATATA,133
GGTCAGATCGGACCTT,133
GTCAGAAAACCATACA,133
GTTTAAAACCCGTCTT,133
TAGTTACAAACTACCA,133
TAGTTCCGCTTATAAG,133
TATCCGAATGAAAAAT,133
TTTACATTTAATAGAC,133
AAAACCCTTACGATTC,132
AAGTTCGGTACAAGTT,132
AATAAGTAAACCCCTA,132
ACAAAAAAACTCTATT,132
ACCGAACCTAAAATTA,132
ACGAGTATTTGAAAGG,132
AGAAATTTACAAAAGG,132
ATACAATTATGAAGGG,132
ATAGAAACTCTGAACT,132
ATGCGTCACCCATAGA,132
ATTAGAATTCAGAGCC,132
CAACATAAATGGCGAA,132
CAGGGGTGACAAAAAG,132
CATAATCTTCCACTAA,132
CCACAATACCTTATTA,132
CCTTGAGTAAGGAGCA,132
CTCGACATTCAACCTA,132
CTGCAAACCGATTTAG,132
GAAGTATGTTTATTAA,132
GAATAAATATGTTTCA,132
GAGGCTGCAGCCCAAA,132
GCCGAGTCGTTAATTA,132
GCGAGTAGCTCAAACA,132
GGTGATTAATGTAAGC,132
GTACGGATAATTGACA,132
TACCAAAATAACTTAC,132
TACGATAAGAGTGCAA,132
TATAACAAGTTGAATG,132
TATAACAGCCATTAGA,132
TCCACGAGATCTGAGG,132
TGAATGTCCATATTGT,132
TGCTGCTAAGTTAACG,132
TGTAAAAAGATTTTGA,132
TGTATTACTCTCAAAT,132
TTAAATTGAATCGTCG,132
TTATAGCCCCCTACTG,132
AAAACAGTACAGACAC,131
AAAATTTCGCGGGTAA,131
AAAGCCAGTTATGAGC,131
AAAGGCAAACATTAAC,131
AAAGTTAAAAAGCGGA,131
AAATGAGAAATTATGG,131
AAGTACCATCATAGAG,131
AATTGAGCTTAAATTT,131
ACACAACATTATCAAA,131
ACGATCGAAGTTTCAA,131
ACTCTACCTATACCTG,131
ATATCAAAGATATCAC,131
ATGTGACCAAGCGCCC,131
ATTAGGAATAAATAAA,131
CAAAGGATAAGAACGG,131
CACTGTAATGACTACG,131
CTAGAGTACTGTACAA,131
GAATAAAAATCAGAGT,131
GACAACCGGCACTTGT,131
GACTATCTAATAGTAT,131
GGCAGGATGGATGCTT,131
GTAAGAGCCTAGACGC,131
GTACGGCCATAAAAAC,131
TAAGAATACAATTCAT,131
TACCAAACTATAGGGG,131
TATTTAGCCCCTAAGA,131
TCTAAAGACTTCCGTC,131
TGAACCGAGAGTTTAT,131
TGCATAAATAAAGCAT,131
TGCATTCGCTTCCATG,131
AACTATGTCAAAAACG,130
AAGCCGTTACCACAAT,130
AATCGTATAAGACCTA,130
ACAGAAGCGTTTCCAA,130
AGTACAAGGCACCAGG,130
AGTATAAAAATCTATG,130
ATAAAGAAGTATATAA,130
ATACCTGGGAATAAAT,130
CAAAACTCAAAAATAG,130
CAAAGCGGCATTTGTA,130
CATGCTAGCAGTCATC,130
CATTTCCACGTCACCG,130
CTCTACGAAATAAAAA,130
GACATTTGATACATGT,130
GATACGCGGGCATACC,130
GCAGTCGCTGACAGGA,130
GCATTTGACGGTTTCC,130
GCCGGATGAGCAGTTA,130
GTTTTGCGAAGCACTT,130
TAAGATTTGTGGCAAC,130
TAATATTCAAAAGCTC,130
TATGACGTCCACACGA,130
TGTTAAGATAGCATCC,130
AAATGTTTTCATTAAA,129
AATAGGAGAAGTATCA,129
ACAAATGATAGCTACT,129
ACATCTACAGATAGTA,129
ACTAAATGTCAAAACC,129
AGTTCTAAGGCGAACA,129
ATACCAAGCTGTAAGA,129
ATCCGCTCACGATTCG,129
CACATCCAGCTGATAA,129
CAGATGCACAATGTAA,129
CTAAAACAATAGCCTC,129
GAACGTTGTACTTGCT,129
GATCACTCGCAATACA,129
GCCAGAGATTAGTTTG,129
GTTATTATGCAGTCAG,129
TAAATTTACCTTTCCA,129
TGAAATAGTGATTTAA,129
TGTTAAATCTTCAGGA,129
TTAATAGACCTTAAGA,129
AAAAAATGGTGAACTC,128
AAAACTTAATATTGAC,128
AAATGGATACACTCAC,128
AACTGATTATAATGCT,128
AAGACAATATTATGAC,128
AAGCATATAAAGAACG,128
AATAATGGATTCTATA,128
ACAAAGAGGCCAGCCG,128
ACACTAGCGTAAAATT,128
ACTGGCGCGAAGGATT,128
ACTTACGGTGCCCGAA,128
AGATTCTTAAATTAAC,128
ATAGTTTACTTGTGAA,128
ATCTAACACAAAAACA,128
CCAATTATAGTCTCCA,128
CCAGACAGTAAGGTAA,128
CCGAGAGGGGGACCTC,128
CGAATTGGAAGATAGC,128
CTTATCCGTGGTGGTT,128
CTTGAAAATTAGCTGA,128
GGACTAAGCTAATGGG,128
GGGATGATGCAGACCA,128
GTAAACCAATGGCATA,128
GTCATCCAGCGGTTCC,128
GTCCTAACCATATATG,128
TAAGCAAGATAACCTG,128
TGAACCTAAAGATCAT,128
TTCTCTCAGGACAGGC,128
TTTTAATTCCGAGAGA,128
ACAAAAAACATAAGTT,127
ACAAATTTTGATAACA,127
AGAGCGTATCCAATAG,127
AGGAACGTATAAAACG,127
ATATGTGAAAAATGTA,127
ATGTTAGAAGCTACTT,127
ATTATAAGAAAGAAGA,127
CAACAACCTAACTAGA,127
CATTTCAAAGGAATTA,127
CCCCCGTCTAGCATAT,127
CCCTGGGGTTTATATA,127
CCGTACTTTTTAACTA,127
CGTAACCGCACAAATT,127
CTAAAGAGCGTAAAAG,127
GAAGAATAGATAACTT,127
GATATATTTTAGTGAA,127
GATCAAGATTCTCGCA,127
GATGATTATACGCGTG,127
GCGTCACTCCACGGAT,127
GTACCAGATGGGTGTA,127
TAATTCACACAAATTA,127
TGCTACATGCTCATTA,127
TGCTAGCTTATAAGGA,127
AAAATGCATGTAGAAC,126
AAATAGAAGGTCCGAG,126
AACTGCCGATGGCAAG,126
AAGGATATAAGCATCC,126
AATCCTCGGCAAAATC,126
ACTATAAATACAATAA,126
AGCAGTAGGTATCTTA,126
ATAGGCCCCCTTTTCC,126
ATCAAAACTAATCCAT,126
ATCGGATGTCTACGAT,126
ATTAAGTAATGAGGCT,126
CAAATAAATACCGCCC,126
CACATGTTTTGATACC,126
CACATTACAGACGATA,126
CAGAGACTAAAGACAA,126
CCCAAACAAAAAAGAA,126
CGAAGCAAACCAATAC,126
CTAACTTTAAACGTGA,126
CTCTCTTCTAGTTAAA,126
CTTTCTTTGAGATTCT,126
GCCAGAAAATCCCTGG,126
GGCATGTGACGCCCCT,126
GGCCCCCGATTTACTT,126
GTTCATTTAGCATGCA,126
TAACTATCCATTCGAT,126
TAATCCTAAAGTCTTT,126
TATAGTTTGTCAAAGA,126
TCAACACGAAATAAAC,126
TGATGAAAGTCAGGCT,126
TGTGGATACAAAGGTT,126
TTACCAGAAAACATTG,126
TTAGGTGATGCGGGCT,126
AAACAGAAAAGGAAAC,125
AAATAACAGAGCTCCC,125
AACTACTTCTATCAGC,125
AATCAAGCTTTTTGAA,125
AGGCTTCTCAAACAGT,125
ATTAAGAGAAGGGAGC,125
CAATTAAAAAAAACAA,125
CATTCATTTTTCCATG,125
CCATAAAAAAACATAG,125
CCCGTGCGAATACTAC,125
CCGAACAAGTTGACCA,125
CTCTATTAAGATACCC,125
GAAAAAAAATCTTAAC,125
GAACATAGCTTCCCTG,125
GAACATTATGAGTTGA,125
GAGGCATTTGTGGACC,125
GAGTTTGACACACACA,125
TAAACGCCTACTGAAC,125
TAATAGTTATTACAGG,125
TAGTCATTAGTAATCC,125
TATCGAAGATCGTAGA,125
TGAAGCATGAGAAACT,125
TTAAATTCCCGCTAAT,125
TTGCTAATAAGCAAAA,125
AAATACAGCATCTCGA,124
AAATCAACAGAATCGG,124
AACAAGTGGCGTAACC,124
AACTAACAGGATCTGT,124
AACTGTGCGCTTATTT,124
AAGAGATCGGCAAATC,124
AATAACCGAGTATAAA,124
AATGGGTCTATAATAG,124
ACAAACCTCCTCAGTA,124
ACATACGAGAAAGACG,124
ACTTTTTTTTAGCAAA,124
AGATTTTGATAATTAG,124
AGTAGGTGGACACAAA,124
ATCACCAGAAATTAAT,124
ATCGCGTCTGAGCGCA,124
ATGTACAAAATTATGA,124
ATTATATGAGACAGTT,124
CAGTAAACTCTGATGC,124
CTGATAATACCGTAAT,124
CTTATATGAAAACTTG,124
CTTTTACAATAGAGAC,124
GACTAAACTGACTAAC,124
GACTTCTTATTGCGAC,124
GATAATTACCAAAAAA,124
GATATATTCCCAGTGC,124
GCTTATAACGACACCC,124
GTAAGCTACATCGAAC,124
TATATTAAGACCCGAG,124
TGATAGAAATGGTGTA,124
TGATATTGTAAGACTC,124
TTAATTTAATAGAAAA,124
TTAGATGTGGCCGGAA,124
AAGACGGTTGTCTAAT,123
AAGTATGTGTCTTAGT,123
ACAGCTGACGTTGGCC,123
AGATTTTTCATATATC,123
ATCCATAAATTCCTTT,123
ATTATGCCTTAGTAGC,123
CAACTACCATTCATTG,123
CCTGATCAAGCAATGA,123
CGACCGAGCCGCACAT,123
CTGACCACTTCATTGC,123
GAGGGTCCTCAGTACC,123
GTTTGACGATGGACGC,123
TATAACCACCTAACCA,123
TCCCACTTTGTTGACA,123
AAGTTGAAGAACTATT,122
AGAAGGTCAATCGAGA,122
AGGAATAAGATTACAG,122
AGGGGTTAAAAAGCTC,122
ATGGATTAATCTGGGT,122
ATGTAATTGACACTCC,122
CAATACTAAACATACC,122
CACATCAAATCATTCG,122
CGTCTACTTCAGATAG,122
CTAAATAAAATGACTC,122
GAAACGTCACTGGAGG,122
GAATAAGTACCCTCAC,122
GACAGGTTAGTTCTTA,122
GATAATCGCGAAAAAC,122
GCTTATGGTGTGAATT,122
GGGCGCTAGTCCGCGA,122
GTCCCAGAAAGGGATC,122
GTCGACCACTTATTTA,122
GTCTCCCCAATAAGGC,122
TAGGGTACAGAAGAAA,122
TTACCGCTATGAATCT,122
TTTGAAACTGTGATTA,122
TTTTACTACTCACCAG,122
AAATTAACAAATAGAT,121
AACAACGACGGAAAGT,121
AAGAAATGAAATCGAT,121
AATCGCTTAAAAGCCA,121
ACCGATTAACGTGAAA,121
AGGGTGTTTATGGAGG,121
AGGTAATAAATCACCC,121
ATCCCATATAATGAGA,121
CAAAAATTAAAGCACA,121
CAACACGGCATGACCC,121
CCTATATAAACTTAAT,121
CTATGTGTTCAGAATT,121
CTTAAGTGACCACAAA,121
GCGATCCAAAATGTCA,121
TAAAAACCCACTATAA,121
TAATACATAGTTTACT,121
TATGCGCTAAACAGCA,121
TCAACTATCGTTTCCA,121
TTAACGTAATGATTGG,121
TTATTCAGAATTTCCC,121
AAGTACCACGCCAGAC,120
ACAGACCAAGGTGGAC,120
AGCAAAAACTAAATCT,120
ATACAAGAAATGCAAC,120
ATTTTTGACAACCATA,120
CCAACTCAAGACCTGG,120
CTTAATCTGATATGAC,120
GAAAATCCATTGCCAA,120
GAAATGATCGCCTAAG,120
GACGGAGTATCCCTGA,120
GAGACGCTAGATGTGC,120
GAGCCATGTCAGGCTT,120
GGATTGTCTGTGAACT,120
GGCCATTTACCTTACT,120
GTAATAATTTTTTAAT,120
TAAATCTGGCAAAACC,120
TGAAGTTTAGGTTAAG,120
TTTCATAATGTCACTC,120
AAAACCCATACGTCAG,119
AAAGAACAGAAAATCA,119
AACAGAACAAAGAATT,119
AAGGATAATCTACTCA,119
AATAATCTTAACAACC,119
ACAAAAGGAATAAAGC,119
ACTCAGATTGGTATTC,119
AGAAATCATTGCGATT,119
ATAGATATGGTTGTTG,119
CATAAATCGCCTATAA,119
CCACTAGTAAACCGAT,119
CCCCTAAACGACCAGT,119
CCTGCCTGAAAGTTAA,119
CTAGTTTAGCAACGGG,119
CTGATTTAGACAGCTT,119
GCATGAGATACCATGC,119
GCGTAAACGCTAGAGA,119
GGTGTGACTATCACCA,119
TAGTACCAGCACTTGC,119
TATCTCAAGATTTAGA,119
TGATTATTTATGCACT,119
TTAACCCAAAAAACCC,119
AAATATATCACGCTGC,118
AATAAGGTATGTAATT,118
ATATTTGAGAATACTC,118
ATCTCAGCCGCTACTA,118
ATGGATCTCATAACTA,118
ATGTATCCCTCGGTGA,118
ATTAATTGAGACTTCT,118
CGTCAAGTGAACCAAG,118
CTTCTAAGTGGCTTTA,118
GAAACATCACTAAATC,118
GATCAGATGTGCAGTC,118
GGATGAAGAAAGTCCC,118
TACGGTGTATAAACAA,118
TCATATAACAAAATCT,118
TCATTTATGACCTTTC,118
TTAATAACAGGTACGA,118
TTTACAGGGATGGCAG,118
AATTATCCATAGCGGT,117
ACATGTGAAGGACGAA,117
AGAAACTTAGCCAGCG,117
AGAGACAAAATACCCA,117
ATGCCCAATCAGAGGA,117
CCGCCCTAAGACAAAT,117
GACGAGTCGTTCCAAA,117
GATAGAGAAGACGATT,117
GCACCTATAAATATTG,117
GCAGAGCCTTTCTGAG,117
GGAAAATTACCCCAAC,117
GGAATCCACTACGTCA,117
GGAGACTTCCTGACAC,117
GTTAACAAGTTCCAGA,117
TAAAAAAGGTTTGCGG,117
TATCTCAAATAGAATA,117
TCATTTTACTAACTCA,117
TCTATGTCGTTCTACA,117
TGGAAATCTACATACT,117
TTAAATTGTTGATAAC,117
TTACAAGTCTTAGGAG,117
AGAATTCAAAGGGCAG,116
ATAGGGCACGGGTGAT,116
ATGAACACCATGCACT,116
ATGTGAACGCAGAGGC,116
CACAATTACCTTCTCA,116
CACTCCAGTAGAAACA,116
GAAATAATATAAAGAT,116
GACTTATCAGAGGTAT,116
GCAAGGTTACCTGATA,116
GGAAAAAGGTCACTTG,116
GGTCAGGGTTACCTTG,116
GTCCTCCACTAAAGAA,116
TAAACCTTAGCTCTTG,116
TATAGATTATACCTCA,116
TCTACCACTGAATAAG,116
TGTCACAAATCCCGCA,116
TGTTGAGCAAACAATA,116
ACAAACCTATGAACAT,115
ACTTGCCTTGGCCGAA,115
CACCACAAACAACCCT,115
CATACAGTAATTATTG,115
CGGACCATTACTCCTC,115
GAAATACTCTCATGGT,115
GATTTGTTCCGTAACA,115
GCGTTCAAAAGAACCT,115
TTACATTACATGTACC,115
TTCATAATTAGTAAGG,115
AAGATAATGTTAGCAT,114
AAGCCAGTCCACAAGA,114
AAGCCGTCACTACATA,114
AATAATTATTGAAAAG,114
AATCCCCAGATGCCTT,114
AGTGATCGATCCCGGA,114
CATTTTTGATATATTA,114
CTGGGCTCAAAACTTA,114
GAAAAAAACAAATATT,114
GATTACCTGATAATCT,114
GCCGACTATGATAGGG,114
GCTGACTACAATTAAA,114
GTTCGTAAGTAAGCGA,114
TACACGCCTGAATGCT,114
TCTGGATTGCAAACTC,114
TGTATTAAAGGTCACT,114
TGTTAAAATTGTCATA,114
TTGCATCGGGCCTCGA,114
TTGTAAAAAGACAAAC,114
TTTTTATGTAAAGTCA,114
AAAATACGATCTCTCC,113
ACAAAAATGGATCTAC,113
CACGAACCATACACTG,113
CCCGTTAAAAACAGTA,113
CTGCCCCATAATTCTT,113
GAACCGTATTACTAAT,113
GAGATTCGAATATGCC,113
GAGCGGCGTCAGAAAA,113
GAGTGAAAACCACTCG,113
GATGTTTTATTAAAGA,113
GTCAACTAAACGTGAA,113
GTTCTAACAACAAGAA,113
TAGAGTAAATTGGCGA,113
TCGCATTCCAAGTGGT,113
TGACTTTTTTTCAACA,113
TGGTAAGAGATCCGGA,113
AAATAGTATAGTCAGC,112
AAATCACAATTTAACG,112
ACACTCACTTCCACTG,112
ACCTCCTTCTACACCC,112
ACGAATCAACAGCAAC,112
AGAAGTTTCGGAGTCT,112
AGACAAGATAGAAACT,112
ATATTAACTTGTTATG,112
ATATTTGGAGTACTCA,112
ATCATTCAGTTCACAC,112
CAAGACAACCCAAAAA,112
CTAAATAGCGTATCTA,112
CTAGCCAGTATCAACT,112
GAAATTTCAAACCGAC,112
GGATAGACACCAGCCG,112
TAACGACTATAAGAGC,112
TATTCACTTACTGACT,112
TCAAATACGGTGAGTG,112
TCCTATTATAGGAGAG,112
AAAACAAAAGTAGTAC,111
AAAGCACTGGCCTGCT,111
ACAAACTCCAGACAAA,111
ATGAGGTGAAGTCTAA,111
CAAGGACAATTTGGAA,111
CGTGAACACGAGGCCT,111
GATTCAAGAGAACTAC,111
TACACACCTTTACACG,111
TATATGGCACACCACT,111
TGCAAATAATTAATTA,111
TTTCCAGTCTACGTGA,111
AAAACCTCAAAGCCCT,110
AGAAGCATGGCTCTCA,110
ATTTGAATGCAACAGA,110
CATTGAAAAAATTGGA,110
CCGAGGCTAAACGAGA,110
CCTGCTTTACTTCAAT,110
GGAATATGATACCAGA,110
TCAATGCAAAAAATCA,110
TCAGTGACATCTGATG,110
TGCCCTAACTGCTCAA,110
TTAAGTAGAGTCCGAA,110
TTTTGTGATTAGGACC,110
AAACGATCGTTCCAAA,109
AAATCATTTGAGTTCT,109
AAATTAAATTTAAGGT,109
AACAAATGCATGTCTC,109
AACAATAAACTGGTAA,109
ACATATGGACATATAT,109
AGAGACTGGTAAAAGA,109
ATGACCGCAAATAACC,109
ATGGTATCTAACTAAA,109
CATGGCAATTCACGCT,109
CTATGCTTGTCAATTG,109
CTCGCGTCCCCCAGGT,109
GTGGTGCTTTACGTGA,109
TACCCCAAGTACATAA,109
TTATCTTTAAAACACA,109
TTCCAGCCCCTAAGCG,109
TTGGTCTGTACGACGA,109
AAAGAAAGTTTTCCTT,108
CATTTAAAATCCTGGA,108
CGCCTTACTTATGCCA,108
GAAAATATAAACCTAT,108
GAGGATCAAACACACC,108
GCAGCCGTTGTAACTC,108
GGCAACCGTCACGTAC,108
GTTAAACCAATACTCA,108
TAACAGAAAACAACAT,108
TCTGTGGCCAAAATTG,108
TTAAATCACGGTTAAT,108
TTCTCTGCCACTCAGG,108
AAATGTAATAGACGTA,107
AAGGTGATCATCACCT,107
ATAAAAACTGCTGTGA,107
ATAAATGAGTCATGAA,107
CAAAAATAAGCAAACT,107
CAAGCAGATCTTGGTG,107
GGGGAAGATGAGCTTC,107
TAAACTTGCAATTATA,107
TAGCCACTGTTACTCT,107
TATTATTATACAAAAT,107
AATAAACAATAATTCT,106
AATAACGAGCTACTTT,106
AGTTCCAGTAGTGTCG,106
CCAATTAAAGAACCTC,106
CCCTACTAAGAAATTG,106
GACCTATATACAACCC,106
GATGTATCAAAAAGCC,106
GCGACTAAAGTACAAG,106
GGGCCGTGGGACGTAT,106
GGTGGTAAAACTCCAA,106
TAATACGAAAAACCTG,106
TATATCGAACGCTGGG,106
TTAAAACATGTTCATT,106
AAAGGTGATCTGGTAT,105
ACTATACCGACGGTAG,105
ATCTTATCCGTACAAA,105
CCTGGAATTTCAATAT,105
GAAGCTAAAGGAAACG,105
GAGCAAATGTCCTTTG,105
GCTAACTAATGAATTA,105
GTACACACGACTAACT,105
TAAACAGATGATCGAT,105
TAGATGGCAACAACCA,105
TATCGTTTTTTGTTCT,105
AAAACATGTGCTTAAT,104
AAGAAACAAACAAGAA,104
AAGCTACTCTTGATTC,104
AATAAATATATAACAC,104
ACCCGACACAGAAAGT,104
AGAAATCAAAACTTAC,104
CAAAACACAACAGACG,104
CAGAATTCCCCCGGGC,104
CGATAATTATCTATCA,104
GAAGCCTACGCTAGGT,104
GACACCATCATAGGTG,104
TGCTCAACTGCTTACG,104
AACAGAAAGAAACAGC,103
ACCATCCAAAGTCAAA,103
ACGACTGCTTATTCCA,103
AGAGATTCTAATAAAG,103
ATTTGTTTCAAACATT,103
CATAAACAACGATATC,103
CATGTACAGCTGAGCA,103
CTTATTAGTGTCGAAT,103
GTAGTACTAAACATAA,103
TACCTTAAGACTCCTG,103
AAAATAAGAATGATAT,102
AAGGGTTAAAAGTTCA,102
ATATAGCTAAGAGTTT,102
ATGAATTAAGGAGTAT,102
CAAAGGATAAATTAGA,102
CAACAGTACAATACTT,102
CTGATCGCAAAACGAT,102
GAAAGTCCAACGTGCT,102
GACGTAAGTGGGTCAA,102
GTCAATGATACATTAA,102
GTCACACACAAAGGGT,102
GTGTTCATACTATAAA,102
TACAAGAAACAGTTGA,102
TACATGTATAGTAAAA,102
TCGGCCTACTCCCAAC,102
TGACGTTTTGGATGTA,102
AGAAGTTTAAGTACAC,101
AGACCTCGAAAAATTA,101
ATCCGTGGATAAACTT,101
CAACACGCATAAATGA,101
CTTGTGGTACCAAATC,101
GACATTCTTTAAAGAA,101
GGTCGAATGTGCTGAA,101
TAAATGCTTGGATACC,101
TACCCCACTGTATGAA,101
TTACACTAAAAAAAAA,101
ACATTGCATATGTGAT,100
ATTAGAGAGTGTAGAA,100
CCGCAGATCTCACAGA,100
CCTAGTCTACGAGGGG,100
GCACATCATTATTCCG,100
GCCCAAGCAACGTGAC,100
GCCTTCAGATATTCCA,100
GGAGCATGCAGAGAAT,100
GTCCCCAGAATTCATG,100
TGGCTGCCTATCATAC,100
TGGTCTGATACTAGCT,100
TTCCGCGACCAAGGTT,100
AAGGCCACCATTCCCG,99
ACAAGAGTTATAGTTA,99
ACAGAATGCGTCACTA,99
AGATTACTCGCATCTC,99
CCTAATGTTAGGAGCC,99
CGCCTAAAATGGTAGA,99
GAGTACATTAGCAATA,99
GCCACTCACATAGCCA,99
GTCGTAACGTAATGCC,99
GTGATAATATTTTAAT,99
AAAGCTTATCTAATGA,98
CAGCGGACCGCCAAAC,98
CGAAATAACGAGTCGA,98
CTCGATGTGAGAAAGT,98
GTATCTATCCCAGCGT,98
GTGAGAGTTAAGATCA,98
TAGAGGTATCATTAAG,98
TTCCCGAACCTTCTTA,98
ACCACGTTACTGTGAA,97
ACTAGTCGATCCCGTG,97
AGATCATTTTGCTAGC,97
AGTTAGTGCTAGCCTG,97
ATCATCATGAACGATC,97
ATTAAAGAAAAATATT,97
ATTCATTATGAATAGA,97
CACAACAGTAATAAAA,97
CTCCCATGTGAGTATT,97
GAATATAAACTACATA,97
GAATGGCAATCCTACC,97
GAGATTTCAGATGTAG,97
GCAACCCAAAGAGGCT,97
GGAGATGATTTGGCTC,97
GGTAACTTAGACTCAT,97
TAAATATCATACCATC,97
TAACGCACCTGAAGCA,97
TAATATAAAGTGCTAC,97
TACTCGTAATACCGAA,97
ACGGCAGAGCGGAATC,96
AGAGAACAAACATAGA,96
AGAGTGTACTATCTAA,96
ATGGCCCCCTGTCACT,96
ATTCTTATCACAAGTA,96
CAGGATAGCATACAGA,96
CGATAATTCCATCACA,96
CTTTCAGCACTACAAG,96
GAAACAGATGTAGGAA,96
GGACAAATGAAAAGTA,96
GGACCCACCGGCCAGT,96
GGAGTAGCACTTAAAA,96
GTGTTTAATAGAGAAC,96
TAATTGACAGGAAAAT,96
TACTGTTATAACTAAT,96
TACTTGTTCAAATGTT,96
TTGAGTATGCGTCAAT,96
AGCGATTATATAAAAC,95
AGGCTTCCGAGCTGGA,95
ATAACTAGACAGCACT,95
ATAGCCACGTTAGAAT,95
ATTTCACATACTACAC,95
CAAAATGCAGCGACCA,95
CTGGAGTTCAGATATC,95
GCCACGAGATATACAT,95
GGACTCCTTAGAAAGA,95
GTAATATCCCAGGTCT,95
TAAGGACTAAACTGAC,95
TACGATAGAACTTGAT,95
TGTAAGAGTATCGGAC,95
AGCGGAGATGTATCGC,94
AGGTATCACACGGCAC,94
ATCGGGCAAAGCACGG,94
ATGGACTCACTCACGT,94
CAAAGAAGACATAGAA,94
CACGGCATGCGTACAT,94
CCGCAGACAAGTTACG,94
CGGGTGCTTTATTAAC,94
GAGCGCTCACACAAGA,94
GAGCTAGCTTCACAAG,94
GCACTACTGCTACTTT,94
GGAGAACTTTAGATTT,94
GTCCGTGACCATTTGA,94
TAACTAACTATGTGCC,94
TACCAGCAGTCTTGTT,94
TACTGATGCGCTTTAA,94
TATCTCAATAGAAATC,94
TGCAAGTTCGCAAAAA,94
AAACGAGCCCGACTCA,93
AACAGTAAGCCGAATA,93
AAGCCACACGCAGATT,93
ACCTATCACTGAGTTA,93
ACTCTGTAGAGTACCA,93
ATTTCCGTTGCCATGT,93
CGATGATTACTCGTGC,93
CTAACTCAACTCAAGG,93
CTTCCGATTTTGCTAC,93
GAATCTGAAAAGACAA,93
GACTTTACAACCTTCC,93
TAAAGCGTATGCCAAA,93
TCAGCTCATAGTCTAA,93
TCATTACAGAATGACA,93
TCGGTACATATTATGG,93
TGAGACCTGTGGCTAA,93
TGTAACAGTAATCGAG,93
AAACAGCCTTGACCGA,92
AACCTAATTTGACTCT,92
AAGTGAATACTGTTAT,92
ACACAACACCATGAAA,92
ACGCAATGGCTCTGAA,92
AGGGGATGTGTCACAT,92
ATAACAACCATTTATA,92
ATGACGTTACCCCGAG,92
ATTAAGCACAGATCCG,92
CAATTCAACACCCAAC,92
CCAACCACACCATAGC,92
CCACGAAACATCCTCA,92
CGTCATCTTGATCCCT,92
CTAGTGTAAACACATA,92
CTCCCATCAGAAGAGC,92
GAAAACCCTTCTCAAT,92
GATAATCAGATTAGCG,92
GCATTATGAATGCTTG,92
GGACATCATATCTAGC,92
TAACCTTAGGCCCCAC,92
TAGATATCTTAAATTA,92
TATGCCACTTTGTGCA,92
TGTTGCCTCTCGGGAC,92
AATCGTGATCCCACTT,91
ACGATAGAGCAGTCCT,91
AGATGTCATACATTTT,91
CAAATAAAGAATACAG,91
CCTAATTAACCAGGAA,91
GAAACCAAAGGTGTTG,91
GGACACTTCCCACATG,91
TACGAGTCCGGTCCAT,91
TAGCCACCCTTTGTAA,91
TCGAAACCCTCTTGAG,91
TTAAGTTTTCAAGATA,91
TTGTATCGCTGGACCC,91
AAACAAACCCAAACTG,90
AAATCATGACAACCTA,90
AAGCGAGTGAAAACAA,90
AATGGTACTCCAATAC,90
ACATAGCACTTTCTTT,90
ACCAGTACATATGGAG,90
AGAATTTATATTGAAA,90
CAACCGGATGATGATA,90
CACAGAAGTCTTACAT,90
CATCCGAGACCAACAC,90
GACTAAATGCAAGTAA,90
GAGAAACTCAAAATAA,90
GAGCCGATCTAACCCC,90
GCTCTTGATGAACAAC,90
GGTATTAACAATGTCA,90
GTTCGGTGCAACCAAT,90
TAGCAAGCAATATGAT,90
TCAGCATCATAAAATC,90
TCGTCAATCAAGAACA,90
TCGTTAGCAGAAAAAT,90
TTAAGCTCGTGAAGAG,90
AACGTCTGGCTTGATC,89
ACACCATTCATCTAAT,89
ACGTAAACTCAAATGA,89
AGACCAGATATCATCT,89
ATTGGCTTTTATCTGA,89
CGACTTCCCAATTATT,89
CGGTATGCCATTCCGT,89
CTGTCAATTCAACATC,89
GATGTACATATTGCAA,89
GTAAACATACCAGCGA,89
TACGTAGCCTATAACT,89
TAGATAAAAATAAACA,89
TCACTTAGACTGGACA,89
TCCCAAAATATGGTTA,89
TCTAATCTAGTCAGAG,89
TGATTGGAGCGAAAGA,89
TTGAATGGGAATTTAA,89
AAAGTTCATGACATAA,88
AACAGCCGGTTCCAAA,88
AAGACTGTAAATCCTC,88
AAGAGTAAAGATAATC,88
ACCGCGTGTTGAATAC,88
ACTGGATCAAATATTA,88
AGAAATGAAAGGAGAT,88
AGGTTTGTACGATTAA,88
AGTAATGTTGGTGCGG,88
ATATATTCGCACGATC,88
CAATTCCTTCTTATAC,88
CCCGGCTATATCATTA,88
CTGTAAGACATACCGT,88
GACCATATGGCGTTGG,88
GCCATACCCATGGTTC,88
GCTATTTCCCAGTCCC,88
GGAAATAACACGAAAG,88
GTGATACTCTACTTTG,88
TAATACGAAAACCATA,88
TCACGTATGTCAAATT,88
TCTAATGTGGAATACA,88
TCTACCAATTTCGATA,88
TCTCTGGTTCCATACA,88
TTATATGCCCGACCAC,88
AAGAGTAAATTTTATG,87
ACGAAACATCATAAGA,87
ACGACTCAACAAAGGA,87
ACGCAATGCATGATTA,87
ACTCTCGCTCCGCCTC,87
AGAGTTAGGCCTTTTT,87
AGGATAGGGAGAACAT,87
AGTTAGTACGGTTGAA,87
CAACACGACAAATCGT,87
CAATTTGAAATTTGTA,87
CACCGAATCACATCAG,87
CGAATGAATTTATAGT,87
CTAATGTTTTAGAATG,87
CTGTGAAGAGGAAAAA,87
GAGCCATGCCTAAGGC,87
GATTGCGAAAAACAGC,87
GCCCCATATGCCCAGA,87
TAGAGTAGTATAATGT,87
TATGTCAAATAGGAAT,87
TCAAAGCTTTACACTA,87
TGCACATGGTCTACCA,87
TGTCTATCCGACCATG,87
TGTTACGGTCGCACAG,87
TTTAGGCTGATCGATC,87
AAAACAAGTATAGAGT,86
AACAAAATTCCCACAA,86
AACGACACGATACAAA,86
AAGGTACTAGCAGTAA,86
AAGGTTGAAACTTAAC,86
AATAACTAAAAGGACT,86
ACACAATTCAATAAAT,86
ACATCACCGATAAACA,86
ACATCGACGAGGCCCC,86
ACGAAAATGAGATGTA,86
AGAAAACAATGAAGCG,86
AGTGTGTTTAATCTCT,86
ATATAATCCCTATGGA,86
ATCGGACAGCTTGACA,86
ATTCTCCCCAAACACG,86
CACAAGGAAGGGGAGT,86
CAGGATAATTCGACTT,86
CATAAATTGTTGTTAG,86
CGACCAAACAGCATGC,86
CGCCAAAGACACATCT,86
CTCCGATTCCGTCATT,86
GAACGCTATCAAAATT,86
GAACTCACCACCCAGG,86
GACATAAGCTATATCA,86
GATACACTAAACAGAT,86
GCAGTAAAAATTCACC,86
GTAGACCCTGATATAG,86
TAGAGATCCCAAATTC,86
TATCTTAACGCTACAA,86
TATGCTATAAGACAAT,86
TCATAAACTCGGTCAG,86
TCTTAGCAGCTCACAT,86
TGTTCTCCGGCTATCG,86
TTACATAATGATAGAA,86
TTAGTAACTGAAATAA,86
TTTTCTAGTAGTATAA,86
AAACATTACAAAGCAA,85
AAATATTGCCAACGGA,85
AACCACAGACTACGTA,85
AACCTACCAGGGATAT,85
ACACACCGTAGAATCT,85
AGAAAGCGATCCAATA,85
AGACATGGACAGTTTG,85
AGGATAAAGGTTCCCA,85
AGTGACCCAAGGACAA,85
ATAACAGGATAGCATC,85
ATCACGTGAAACACAC,85
CATAGAGACTACATAA,85
CATGCCCTAAGGGGGT,85
CCAGGGTACAATTATT,85
CGATCAGTTGATCAAA,85
CGCAAGAATATATCAA,85
CGCCCTTACGAACAAG,85
CTGAATGCCTGGTTGG,85
CTGAGTAGACACCAGC,85
GAACGTTTATAGACAA,85
GACCCATGTACGAGAC,85
GAGTTAAGAGTAAACC,85
GATCTTGCCGGATGTA,85
GCGACGTAAGTCGAGC,85
GTCTAAGAGGCAGAAA,85
GTCTTATAAATCTTAT,85
TAACTCGTGTCATTAA,85
TACCCTTAAGCTTAAG,85
TATAATGTGAATACCA,85
TCACATGGTATCGGAG,85
TTAAATTAAAACAAAT,85
TTGGAACGCGATCTAT,85
AAATATTTCTTCGCGG,84
AATATCATCCGTCACC,84
ACAGGCTCCGGGCCAA,84
ACAGGTGCTTAAACCA,84
ACATCTCAGGCAGTAG,84
ATGAACAAAGTGGGCA,84
ATTGCCGTGCATTCTG,84
CACATTTGACTCGCTA,84
CACCTACGATACACAC,84
CAGTTTACTTCATCTA,84
CATAACACACCCATTT,84
CCCATCTATATGGTTA,84
CCGCACGTTAATTCAA,84
CCGGATCAGAACTATT,84
CGAAGGACTAAAAGCA,84
CGTACCCAATTCTCGC,84
CTATGCCCGACTGGGG,84
CTTTAGGTAATACACG,84
GAACCAAGTTAGCGAG,84
GAATACTCCGTAGCTA,84
GACAAGGAGAAATAGT,84
GACATTTTTATAACGA,84
GGACGCACATTCTTTT,84
GTGATCAAAGATAAAT,84
TAAAACCTAGAACAAA,84
TAGTCACTGGTTTAAA,84
TATAAGCCAAAGGTTG,84
TCACCTGTTTCGACTC,84
TCTAAGACACGTATTG,84
TGCGCAAGACATATAA,84
TGGCGCGATACTTGCC,84
TGTTAAGAGGAAAGTC,84
TTCACGCGCATAGTGC,84
TTCACTGTAAGATTAT,84
TTCTACGGTTCAATAA,84
AAAATATACACTTGTA,83
AAAGGACCCCTATAAA,83
AAATAGAGTGGAATGT,83
AACCGGCCAGAACCTA,83
AAGAAAAGAAATCGGA,83
AAGGGTAATTGCTATA,83
ACCTGTACAAATCCGG,83
ACGCGGAGCTTACACT,83
AGACAAACTAAGGTAA,83
AGCGCATAACATATTA,83
ATACTATATAAAGATG,83
ATATACAAAATTAAAA,83
ATGGACATATAGGATT,83
CAACCTACAACATGAC,83
CAATACGCATCCATAC,83
CACTAACTGCCTGTAA,83
CCTACCTCAAAACACA,83
CGTGGATAGCCTCATT,83
CTAAGAACTATTTTCA,83
GAAGACTTAACACAGT,83
GAAGTTACCATCTACC,83
GAGAAAGAAACAGCAC,83
GAGGATAATACTTCCG,83
GATTCATGATTAGGCA,83
GCACGCAATCTGATCA,83
GCATATAGTAGCCGTG,83
GCGGTACAATCAAAGC,83
GGCATAGTCATTCAAA,83
GGGTAAGCCTGAAGCG,83
GGTTACCCCTACTAAA,83
GTATGCCCGTGCTATG,83
GTTATCCGCCGAACAG,83
TAAATCGTTTTCAAAA,83
TAAGCGTTGAAGTACG,83
TACGAGACTGCATCTA,83
TATCACTCCCCAGACA,83
TCACCTAGAATGGGAA,83
TCTCACTGGGCGATAA,83
TTGACAGAGTCCCCCC,83
TTGCAATCCAATGTGG,83
TTTGAGTTGGTATTTC,83
TTTGTGTATAAAACTC,83
AAACGTCAGAATCATG,82
AAATTCGCCCCACTTT,82
AAGAAAATAAACTAAA,82
AAGTTAGCTACTGTCG,82
AATGAATCTACCGGTC,82
ACAAGGGAAGGGTGCT,82
ACCTGCGTCGGAAGTA,82
ACTAGCTCGAGTTATG,82
AGTCGGCAAAAAACCT,82
AGTCTACCCCTCGATT,82
CCCGCAGTATTAGACT,82
CCGCGAGGTCCAATGC,82
CTATGCTAAATCGCTG,82
GAATAACCACAGACAG,82
GACGTGGCCAATATAC,82
GCCAAACTGAAATGAT,82
GCCAATTCTCCACATG,82
GCCATGTCACCTAGAA,82
GGCTACGGCATCAAAC,82
GTGATCGGGTCTGAAA,82
GTTATCAAAAGAGAAA,82
TAATTGTCCTTCAGTA,82
TATAAAGAGGGGGAGT,82
TCCGTCCATCAGCACA,82
TGGAATGGACACCGTA,82
TGTATCTATATTTTTG,82
TTATGTGGGTTGTGAT,82
TTCTCATAACGTTTAA,82
TTTGGAGGGGTTACAC,82
AACACATGGCCCGTAC,81
AACACTAGAAAGAACC,81
AAGCCCCTGATGTGCA,81
AATAACGACCTTGTGC,81
AGAGTTACCACCACGT,81
AGTACTAGACTTTAGC,81
ATAAACTTGAGTGACA,81
ATGTTCAAGTTAGCAA,81
CAAACGATAAATCCGA,81
CAAGAATTAAGTAGCC,81
CACAATCGAATTCCTG,81
CCAATAGCCACCTACT,81
CCTCGTGTGGAGCATC,81
CGAATATGCAACAAAC,81
CTAATTTCATCTTCTA,81
GACGTATAATACTTAT,81
GCAGCAGAGGGACAAA,81
GCCGTAATTTTCTAAC,81
GCTAAACCACCTCGCA,81
GGAGGACTACCTCCGA,81
GTAGCAGTACCTTAAA,81
TAACTAATATCTCCCA,81
TAACTTTAAAACCTGT,81
TACAGAATAGGTGACA,81
TATACTGGACCTCAGC,81
TCAAGAAGACTACCAG,81
TCGAGGATAACTAACA,81
TCTATAAGTTTCGTAT,81
TGCAAGCAGATACCCT,81
TTAAATCATTCATCTT,81
TTAGTGGCGGTCCGAG,81
TTCGCTGAGTGAAATT,81
AAAAGTATCGGTTACC,80
AAACGCAAGAATAGTG,80
AACGTTTGCTATGGGA,80
AACTTAGGAAAAAGCT,80
AAGCAATAAGAACGCC,80
AATCGGACCGTTATCA,80
AATGCCAGAGCCATCC,80
ACACTACCATTAGTGT,80
AGACCATCACTACAGA,80
AGCAGAAATTGTCAAA,80
AGGAATGAGAAACACC,80
AGTAAAGGAACTCTAT,80
ATCAGTCAGCAAACAG,80
ATCTGCGACTTACCCA,80
ATGCAGTAACCTTGAA,80
CAAGCACCCGAAAAAA,80
CACCAATAATATTGAG,80
CATAAGGATGTCAGTT,80
CCAGACCAAATAACCG,80
CCCCGCACACATATTT,80
GAAAACAAATAAAGGT,80
GATGATGCCCTCCATT,80
GATTCAGAGCTGACTA,80
GCATGTGCGGGTTAAC,80
GGCACATCAATCCCAC,80
GGCGAGAATGTCACAT,80
GGGAATTTTTACTTCG,80
GTTCCGTGATAACCGA,80
TACATCATACTCACGA,80
TACTTAATCGTCATAA,80
TAGAGCGACCAACTAT,80
TAGATTGTCGTTCTTT,80
TAGGAGTCACCCCCTC,80
TTAACCGATTCGACAC,80
TTATATAGGATGTAAT,80
TTTCATCCCATAACAA,80
AAACTATACAACAAAA,79
AAATACACATGTTTCA,79
AACAATAGCTAAACCG,79
AACCTATCACATCTAC,79
AACGATGATAACTGAA,79
AACTGATTACCGAAGC,79
ACGAGCTAGAGAACAC,79
ACGCTAAAATTAGCTC,79
AGAAACAACGCATCGC,79
AGATCAGACGGATCAA,79
AGGCTAAAGTTCCTCG,79
AGGCTCATGTATATAC,79
AGTTATCTTTAAACAA,79
ATTCCTGGGACCTCGA,79
CACGACTCAACCCATA,79
CATGCGCTCAGATACC,79
CATTATCGTCTCATAC,79
CATTGTAGAACGGTCC,79
CCAACCGTTGCTATAC,79
CCTGGGGACTATTTAT,79
CCTTGAATAACGAGGA,79
CGAAAATCGATACCAC,79
CGACACCTTTAAACAG,79
CGGCTCCCCACTCAGA,79
CGTTATGCGGTCCTAA,79
CTTGCGTCCTAGATAC,79
GAACGATACACCCGGG,79
GACCCAGACTCGCTAA,79
GACTGTTTTGATGTTA,79
GATTTCCACAGGTACT,79
GCGCAATTCAGCCTAA,79
GCTCAAACGGATCGTT,79
GGAATCGCCACAACTC,79
GTAAAAACTCACGAGA,79
GTAGTAAAAAAATTGT,79
TAAAAATTAATACAAA,79
TAAGTGATAGTACTAA,79
TAATAATAACGAGGTC,79
TATCGAGATTACAACG,79
TATGAATCCTCTACGG,79
TCCATCCGAGTTGACA,79
TCGAGATCGAAATAAT,79
TCGTGACTATAACCAT,79
TGAAACTAAAAATGCT,79
TGACGGAACAAATTGA,79
TTATCCAATCTTTATA,79
TTCGGGGTTAATCCAA,79
TTCTCCATAGAAAGCC,79
TTGAAGGTCCGTGAAC,79
AAAATACGGAAAACCG,78
AAATCGCAAATTTCAA,78
ACATAGTATTACCAAT,78
ACGGAACAGTGCCCGG,78
AGAAAGAATAGAGTCA,78
AGAAATGAACTAACGA,78
AGAACCCCATCTCCTG,78
AGGGTGGTGCGCTACT,78
ATAATCTACTATGACA,78
ATGTAAGATATCTTCT,78
ATTAATAACGTGACGA,78
CACAAGTTATTCAAGC,78
CACGACACAGTCATCT,78
CAGAATAAGGGCCCCA,78
CATATTGACATCACCA,78
CATCTACTTATTGATG,78
CCGCAAATATATTCTC,78
CCTAAAACTATCCAAC,78
CTAATCTGCAACAAGC,78
CTCTATTTTCCGTACA,78
CTGCTTGACGAAACTG,78
GAAAATTATACCGCAA,78
GAAACAAATAGATCTA,78
GAAATATAATTAAACA,78
GACTCTACTAAGAAAA,78
GAGAACACACCTAATA,78
GATACCGGTTGAAACA,78
GCTTAAGTCAGTACCT,78
GGACGCAATGAATAAG,78
GGCCGATTTATACCCG,78
GTATCACATAAACAGA,78
GTCACCGAACATATAT,78
GTGAACTAGGCGCAGC,78
TAACACTTTCCTACCA,78
TAATGTGGGAATTTCG,78
TCAATATTTCGGCCTC,78
TGAAAGAACGTGACCC,78
TTCAACGGTCCAGCGC,78
TTCTATCTGTAGCATC,78
TTTATAACGACCACCG,78
AAACAAAAACAATTAT,77
AAACTGCCGTTGCAGC,77
AAACTTAATGCAAGTG,77
AACCGTTGGTCGCCGA,77
AATAACTAAGTATCAG,77
AATCTGGTATTACACC,77
AATTACTACCCCTATA,77
ACACACAATAGGTCGC,77
ACAGTAACCAGAAATT,77
ACGACTACACAATTAT,77
ACGCAAATTAGCCTAA,77
ACGGAACTATTTCTAT,77
AGAAGTATTCTTTGCA,77
AGAATATTGAGAAGTC,77
AGCTGAGGAAATTTAC,77
ATATACCTAAAGAATT,77
ATCTCTTTTGAAAAAC,77
ATGTTAAGATGGTTTA,77
ATTGGACCTTCTGTGA,77
CAGCTCACGTGCTCGG,77
CATAATATATACGGGG,77
CGACATACAATCTGAC,77
CTAGTAGTGTCATTAA,77
CTCGATGGTCCAAAAT,77
GAAACACATAAAACCA,77
GAAAGACCGTATCATA,77
GAACATCATATCATCC,77
GAATCAGGCAAGAAAA,77
GATCGCTTCCTCCATA,77
GATGGAACGAATTAGG,77
GCAGAATACACACGTA,77
GGTGTGCTACTTATTC,77
GTAAATAATCTTCAAC,77
GTACCAATGTACTCGC,77
TAAGGGTCCAGAGAAT,77
TACAAGGACGTCAAGA,77
TATAATCCATAGCTAT,77
TCATCCCCCACATGGG,77
TGAGGAGCGAGCGCTT,77
TTAAATGACGCGTAAT,77
TTCAGAAGAAACTAGA,77
TTCAGGCAGAAGCACA,77
TTGATCTTGATCCATC,77
TTGGACAGCCAACACA,77
TTTTAAAGTAGGACTA,77
AAATATCCAAGCACAG,76
AAATATGAATCTTCAT,76
AATGAAAGAGGAATTG,76
AATTATAACTAAGACC,76
AATTCCCAAAGAAACG,76
ACAATATATCATACTT,76
ACACCAAAACTGTACG,76
ACTTATATGACAGCGA,76
ATAAAATTGCCAAACG,76
CAAATACCGGTATAAC,76
CACACACATGCTTGGC,76
CACCACATAAAAAGTC,76
CAGAATAAATAAGTAT,76
CATGCTAATCCACTTC,76
CATGTTCTATAATCTC,76
CCAATCTCCCAAAAAA,76
CTACTAAAGATACTAT,76
CTAGGCTTGCTTTCAG,76
CTGCCAAGTACCCTTA,76
CTTTTAAATCCGAAGC,76
GAAGCGAGGCGAGGAA,76
GAATAGAGTTGCTTAA,76
GAATCCACATTTATCT,76
GCACAGTTAAACGACA,76
GCCTATATAAATCAAA,76
GCCTATTGTATTACAC,76
GCCTCGTCTGTACGAC,76
GGAATGAGGTTCGTAG,76
GGCACGCCGATTAGAC,76
TAACAGATGGAAAATG,76
TACCTAATATCGGAAG,76
TACCTGTCCGACCACA,76
TAGCCAATGAGATGCC,76
TAGTTAAGCCAGAGTG,76
TATTCTTGTTCTCGTA,76
TATTTCTGTTTATGAA,76
TCCGAACTGAACTGAC,76
TCGACTTACCATGAAA,76
TCTTGTTATAACACCT,76
TGAAAGTAAAGATGAA,76
TGCCCGTGCTGGACCC,76
TGCTACCCATAATTAA,76
TTAATTATACCGTCGG,76
TTATAATCTATAAAGA,76
TTCATTCGGACTTATT,76
TTCTGCAAAGATGAGT,76
TTGGTATACTACACCT,76
AAAATGCGAGCTAGCT,75
AACAAAAAGGAGAATT,75
AACTCGCAGTTGCGAT,75
AAGCAAGACTCTGGCC,75
AATATTATATCACTAG,75
AATGAAGTTGCGGCAG,75
ACGAAGATCCTATAAA,75
ACTTCGTACTTAGAGC,75
AGACGGTCATAAGATA,75
AGCCCATTAAGCCATT,75
AGCTAATAAACAAATA,75
ATAGGTGCTACCCCTA,75
ATATAATTAACAACTG,75
ATCACGGAAAATATCA,75
ATCAGTATCCAACACA,75
ATCCTCAACTTAGCCA,75
ATGTATCATATTTAAT,75
CAATGATAATGAACCA,75
CACTGAGATTAAATAT,75
CAGGTGAAGGGCCAAT,75
CATAAAAAGACCCAAC,75
CATTATAAGACACCCA,75
CGAATGATGACCGGAG,75
CGACTAACTCATTGTG,75
CGGACTTGATGTAAGA,75
CGTAACAAACCAAACT,75
CGTCCATTAAAGACTT,75
CGTGAAACTGTCAAAG,75
CTAAAAACCAAATGTA,75
CTAAAGGTCCATAAAC,75
CTAGAAGCCCACAAAA,75
CTATGGTCCAAACTAA,75
GACGTGCCTTAAGAAA,75
GCAACATGTTATGAAA,75
GCACTGTGTATTGATA,75
GCATTTTCATGCCGAA,75
GCGAGAGACCATAACT,75
GGGGTGACGTATTGAT,75
GTTGATTAACAAAGCT,75
GTTTTGTGTAATAAAA,75
TAAATCAGCGTGTTTT,75
TACACTTCGTGGCATA,75
TAGTAATAGTAAAAAA,75
TCAACGAGAACAAGGC,75
TCAAGTGAGTAATAAG,75
TCATATCTGTTCGACA,75
TCCCTATAAGAACGCT,75
TTAATACATATATCAC,75
TTGAACGAACTACAGA,75
TTTAAATATCTACTGT,75
TTTAATCCTTTGGCGA,75
AAAGCCACATAAAATA,74
AAATAATGTGGCCTCA,74
AACTCAAGACCAAGTA,74
AATAGAGACGTGAATG,74
ACACACTAGCTCGGTA,74
ACACTCACTGGGGACT,74
ACGAACTCGAGTCCAA,74
ACTCCCAAAAGCAGAA,74
AGTACTTCGGACAACC,74
AGTGAGCGCCGATCAT,74
ATGTGATTTGCTAACC,74
CAACTCTGTTCACCTA,74
CATAAATATAACTAAC,74
CCAAGCACGGTACCTA,74
CCACTAAATATAGACA,74
CTACATAGGTACTCAG,74
GAAATTGCTAGACGAG,74
GAACACGTGAGTGCTA,74
GAATGCGTAAACGCGT,74
GACAATAACAAAAGAA,74
GATAATAACGTATTAA,74
GATTGAGTTAAACGCG,74
GGCCATAACTACTTGG,74
GTTTTACCAGATAAAA,74
TAAAAGCTTCCTTTAC,74
TAAGAACGCTGCCGGT,74
TATAGCAAAATCAGAT,74
TATTACGACTAAAGAA,74
TCCATAGTACGGTATC,74
TCGTAACAGAAACTCT,74
TGAAGAATATGAAACA,74
TGAAGCGATATAGCTC,74
TGAGCATATAGCCAGT,74
TTACATACCCACTTGA,74
TTACGGACCTTGTAGC,74
TTGATCGCATCCGCAT,74
TTTTGAAGGAGCACAT,74
TTTTTAAAGTGCAAGA,74
AAAAATAACTAATATC,73
AAATACGCTGACACGT,73
AAATAGGTGAACGCGC,73
ACAAACACTAATCGAC,73
ACAGCTGGTTACCTAA,73
ACCGGACCGTACCTTT,73
ACCTGATCACAATACC,73
ACTAACGTGACTCGAG,73
AGTCCGCAGACTAATC,73
AGTGGCACACCTAGAT,73
AGTGTTGATTCGCTAG,73
ATAAACACAAAAGGAG,73
ATAATATAGAAACATA,73
ATACCGAGTCATCCGG,73
ATGAGCGTAAGTAACA,73
ATTAAAAGAATTTATG,73
CAAAATCAAGAGATTA,73
CACCAAAAAAGGCTAT,73
CAGAAGTGGGTATCAA,73
CCATCTGATGCTTTAA,73
CGAGAATTAACCTAAT,73
CTAATGCTTGGTAAGT,73
GACCCTTGGTCTACGG,73
GCTCGTCTTTACGTCA,73
GGATAAAACTGGACAT,73
GGCTTGGCCGCTCCTT,73
GTATAAGTTAAATTTG,73
TAACACTAAAAAACTG,73
TAACCATAGTCCTAGC,73
TAACTGACTCTAAACG,73
TAAGTTTTATCAAAAA,73
TAATTCCATCAGTGCT,73
TACAATAGCAACCCCA,73
TAGGTTAATGACCAAA,73
TATACAAACATACAAG,73
TATTAATCTTACTTAC,73
TCAAAGTAACTCATTA,73
TCATCACTATCTACTA,73
TGAAAAGCAATAGAAT,73
TGAGAACTACCGCTTA,73
TGGCGATCTCAATCTA,73
TTCCTTTCTAAGTACT,73
AAGCAATCTCGCATCA,72
AAGCCTAAGCAATACC,72
AATAGCAAAACTATCT,72
ACATTCACATATATGA,72
ACTGAGGGTCCCTAAT,72
AGGAACAATCGTCTCC,72
AGGTAACAACATGTTA,72
AGTTAAAACTAACCAA,72
ATAAGCCTCCAGCATT,72
ATAAGTATAATCTCTC,72
ATATCAGTAACGCTAA,72
ATTGGATATAATGTTA,72
ATTGGATTTTAATCGC,72
CAAATTAATTAAGACT,72
CAATATCAAACGTACG,72
CAGATTGGCTACACCT,72
CAGTCTTATAGACTCA,72
CCACATCTAATTCTCT,72
CCACTGTACCGCTGAG,72
CCCATGAGGGGAAACA,72
CCCGCGGACTTACAAC,72
CTAATTTACACGGTAC,72
CTATTAACAGGGCAAC,72
CTTTCCATTTATTACT,72
GAGAGTATTATTTAAC,72
GAGGTGAATGCTAAGT,72
GCGTGTAATTTTCATA,72
GGAAAATTACTAGAAG,72
GTCCCCCCCCCCACCG,72
GTGCTGTCACAATCAA,72
TAATAGTGATACCTTC,72
TACGTCGATCTCCCAT,72
TCATAATTCAATAATT,72
TTATAAATCTATGGTA,72
TTCCAAAAAGTTATGT,72
TTCCCAGTCAAAGCTG,72
TTTAACTTTAAGAGAA,72
AAAAAGCCATAGACAA,71
AAAAAGCGCAAAAATT,71
AAACGATTCATCTCAG,71
AAACTTGGTGACAGGG,71
AAATTCAGGTATAAAA,71
AACATTCGAATAATGA,71
AACGTGTATAGTGATC,71
AATTTTTGGGATTAGC,71
ACACAATCTTTGATTG,71
ACATAACTTATTACGG,71
AGAATCAATTGAACAA,71
AGACATTACGACTCGT,71
ATAAAAAGTAGTGGTC,71
ATAATACTATTTTTAT,71
ATAGCTCATCGATCTA,71
ATATATAATCATGGAC,71
ATCGGTAGAGTTGGGC,71
ATTGTAGCAGGTTGCG,71
CAACACCACAGTTAGT,71
CAAGAAATTCAATAAT,71
CAATATAATGTATGCC,71
CACAAACCCGTAAATT,71
CACATTGAATAAGATT,71
CCAGAATTCGCACCCC,71
CCTCACCACCTACAAT,71
CGCTTTATCTCACTCT,71
CTACAGAAGAATTTCT,71
CTACCACAATGAGTAT,71
GAAAAAGATGAAAAAG,71
GAAATAACGGGACGGA,71
GACACAAAAAAATAGA,71
GAGGACAGAGTAAGTT,71
GCAAGAAAATTACTTA,71
GCCCATATTTGCAGCA,71
GCGTAACACTACGCCA,71
GCTCACGGTGAAGGGT,71
GGAACCTTCAGTCTAA,71
GGAATCAATAGCAGGG,71
GTAAAAACCCAAGAAA,71
GTCAACTATTGATAGC,71
GTCGCTCAAATAAGAA,71
TAACAATGCAATCAAA,71
TAATGCGTACAAATTG,71
TAGACAATCCAAATGA,71
TAGTTAATGAGCGATG,71
TCAAAAATCCAAAATT,71
TCGGCCACAAAAGAAT,71
TGAAAAATCAACCTAG,71
TGGAATTTTTACTAAA,71
TTACATATTTGGACGA,71
TTACTACGAGAAGTCG,71
TTTGGTTCTAAAGCGT,71
TTTTAATGCTAAAACC,71
AAAAAATCCACCGAAA,70
AACCTAGTCAAACTTG,70
AAGCCCGGGTTTAAAT,70
AATAGAATTTGAGCAA,70
AATTTGGGAAACCAGA,70
ACAAGCATTTCAATAA,70
ACAGACATTTCCCCGT,70
AGTGATTAATTTTTCA,70
ATATGACAGGACAAAA,70
ATCCGTTATTGCTTGC,70
ATCTAATACATCAAGG,70
ATGATCGACGCTTTTG,70
ATTCTCCCCTATATAA,70
CAACCTTAGCAAGATT,70
CACGAAGTCTTAAAAA,70
CCAAAAGAACTGATAC,70
CCGATATGATACATAA,70
CGGACCCTAGATTATA,70
CTGCATCTAGAGGCCA,70
CTTAAAGTTCGATAAC,70
GAAACACTGGACTAAC,70
GACAAGTAAGTCGGCA,70
GACACACCCACGACCT,70
GACTATATAGTTTGAT,70
GATTGATACGTTCACC,70
GCAAATATAGTAGTCT,70
GGACTCCGTGTTAGCA,70
GGTGGGCAATACTCTC,70
GTCCCATAGTGAGGTC,70
TCCCATTCTTAGTAAG,70
TTATACCCTCGGATAT,70
TTATGGCTCCCACAGG,70
TTCGAACACCTCGTTA,70
AAGCGCGAAAATACAT,69
AATACCCAAATACATG,69
ACACAACAAAATCAGA,69
ACATATAACTAATTAT,69
ACCAGAATCAAATCGG,69
ACGATCTGAAATAAGA,69
ACTAACTAAACTGTTA,69
ACTACATCCTGAAGAG,69
CAATAATTTAATGTCT,69
CACGGATCAAACTAAT,69
CACGTTGGCACTATGT,69
CAGGCAGTTGCCCCCG,69
CATATAGGAACGGGAG,69
CCTATCACACATGTAA,69
CGCCCATACTGGCCAC,69
CTAAACTTAAAACGTA,69
CTTATTGTATTCCAAG,69
GAGTTTGCAAAAAGGC,69
GATAATCCGAGAGCGC,69
GATTACTATTGCCACA,69
GCGAAATATCTGCGCC,69
GCTAATAACACGAGGA,69
GCTGACCTAGCGCTAC,69
GCTTAATAAGCAAATT,69
GGAATACAAAGCTGAA,69
GGCAACTGACATGCAC,69
GGCTCCGACGTTCTAT,69
GTACAAGGATCATAAG,69
GTATGTTATGAAAACT,69
GTGTCGAAACGACCCA,69
TAACTGGCATATACGT,69
TAATCGCGCGTTCAAA,69
TATTAGTTCTAAATTC,69
TCCAGTCTATATGTCA,69
TCCGTAATCAACCTAT,69
TCGCCCTACAGTAGCC,69
TGAAAAACGCGATTAA,69
TGATTCCGAGCCCGGC,69
TGCTTCAACCCGGTGT,69
TTTCCTATTCGCATCC,69
AAAAACAAGGGTTATA,68
AAAGAAAACTGGATAG,68
AAAGGACAAAATACTA,68
AAATAGGCCGCCCAAC,68
AAATGTTTTTATTTAA,68
AACATGTGTCAATTAA,68
AACCAATTACTATGCT,68
AATAGGTTTAAAAATC,68
ACCCGAAAACACTGTT,68
ATACCTAGTTTATAAA,68
ATACTTAGTGCCCAAT,68
ATCGAAAGACAAACAC,68
ATGTAAAAGCACTATG,68
CACCTGGTACCGTACA,68
CAGAAACTCCCTAGTA,68
CATTGATTAGATGTAT,68
CCCACTGTGGCAAAAA,68
CCGAAAGGCTCAAGGT,68
CTTAGATAATCCACTT,68
GAATCACGTAAAAAAT,68
GACCTTGTATACGTAT,68
GACGAATGAATGATAT,68
GATCAGCTTGATTAGG,68
GATCTCCAACAGACCA,68
GCTCAAGAATATGGAA,68
GGTACACAGCCCGACC,68
GTAAAAATGACTGCAT,68
GTTTTGGTAAGAAAAG,68
TAAACAAGGTGAGAAC,68
TATAGCACAGCCCATG,68
TATGGATCAAGGAGCC,68
TCACAAGAACTATGAA,68
TCAGCATGTTAAACGA,68
TCTACCACATATCGGT,68
TGAATCCGCGCCTGAT,68
TGCAGCTAGTCAGAGA,68
TGTGGGCATTGTCAGG,68
TGTTTAAAACTCTAAC,68
TTAAGTACGCAAGGTA,68
TTAGAACACGTTGCGA,68
TTATAAACAAACCTAT,68
TTATAACTCCGTGCTC,68
TTCAAATAGACGAGCA,68
TTGTGATTGAACTGGG,68
AAAACACGAGAAGGTA,67
AAACTTTTAACGTTAA,67
AAATGAGATCGCAACA,67
AACGCATCAAAGATCA,67
AAGTACCAATAGTACA,67
AATTCGCGAAAAAATT,67
ACATTGCACCTAACAC,67
ACGAAAAATTCAAATC,67
ACTCACACAGCGGGAA,67
AGCTTAAGAATACAAC,67
ATCAACCCCAAGGGGA,67
ATCTGAGCGAAGTATT,67
ATTAAACGCGAAATTT,67
CACCTAGTACCCACGT,67
CACGTATTTGATTACA,67
CCGCTTTCGCAAGCAA,67
CCTTACAGAGACACAG,67
CGACGAGATATAGTCA,67
CTACGAACTTCTAAGA,67
CTTATAGTTCACCCAA,67
CTTGTCGGAAGATTGG,67
GACAACCAGATTCAAA,67
GACCACCCATGAGAAC,67
GACTAGAAACGCCAGA,67
GAGGCCAAGCCTAAAA,67
GTGACTCTGCAAAACT,67
GTTGATCAAATGCAGA,67
TAAAAATAATAATTCA,67
TAAAATAACCTCACAG,67
TAACCCATATATCGAG,67
TAAGGCATAGCGGAAA,67
TAATTCGCCCCTCGGA,67
TACGTGTTACGTTGCT,67
TATTTAGAAACATTCC,67
TCTCCCGGTCAAATAG,67
TTAAAACTTCTCAATA,67
TTAAGCAGGACGTTAG,67
TTACCGGGTAACTCGT,67
TTTGACAAAAAAGAGG,67
AAAAATCAAAAATAAC,66
AAAAATTGATAACGAA,66
AAAACTTAACGTTTAA,66
AATAACGTAAACTTGT,66
ACCATGATGTATATTT,66
ATATAAAGGGAATAAT,66
ATATAAGATATACAAA,66
ATCAAATCAAAAAATC,66
ATTTGATCGCGGAAGA,66
CAAAGGACTGAATCAG,66
CAAGGATCTACACCAA,66
CAGCCCTTTCCGTACG,66
CCAAAAATATTGAAAA,66
CCTTGTCCCTCCGGAA,66
CTAAATAAGCTGGACT,66
CTCGAAAACTATACGT,66
GAATGTACAAATGGCG,66
GACGACGGGGGCCAAC,66
GAGCCTTTAATAACGG,66
GCAAACTGAAACGAGC,66
GGCTAAACACCGTCCA,66
GGGATAAGATCACACC,66
GGGCATTCTAACTGAG,66
GGTATAATAGCAGAAC,66
GTACGTACTCATCTAA,66
TAAAACAAGTGTAAAG,66
TATATCTGTTAAAATT,66
TCAAACACCCATGATC,66
TCATCTACGCACCGAG,66
TTATATCGTCCTGATC,66
TTCAGTCGGGCAACAC,66
AAAATGCTGGGGGAGG,65
AAAGGGAATAATTATA,65
ACACAAAAGTGGCCTG,65
ACCTACTGTCACCATA,65
ACGGAAGGTCGACCCG,65
ACTCCAAAAATCAGAA,65
AGAGTCTAGAATCTGC,65
AGGAGTAACCCATAAA,65
AGGGACCCGAAAACAA,65
ATAAGCTAATGCAAAA,65
ATAATTGCGTTATGTC,65
ATAGCCATCTTAACCA,65
ATTGAAGTTTTAACAC,65
CACTTAAAGAATAGCA,65
CCTTCTTCATTCACCA,65
CTTTAACCTCCTCTTT,65
GACATAGTGTACTCGG,65
GATAGTTCGCACTCTC,65
GGTACTCACTGTAGGC,65
GTCTGTCGTAAGATGA,65
TAAATCAGTAGTTGAA,65
TCCACTAGTTTCAAGA,65
TCTTCACAGGTTATTT,65
TTAATAGTCTGTACGA,65
TTAGAGTTAAATAAGA,65
TTCTTTAATCGCATGC,65
TTTAAATAAATATCAT,65
AAACCCTCAAGAATAA,64
AAAGGTCACGACCTAT,64
AAATTCATTAGTATGA,64
AATATAGGCGGGACGA,64
AATGCTCATCGGCAGA,64
ACACAAGAAGACTACA,64
ACACGTCCACAAACAC,64
ACATTAACTCTTTCAA,64
ACCCAACAACCCTAGA,64
ACCCTGGTGTGAGAGC,64
AGCTCTGCCTAAGAAA,64
ATAAACCTGCTTGTTG,64
ATACAATGATATTGCA,64
ATGTGGATTTGAGGGG,64
CAAGCAGTTACTCCCG,64
CACAAAGCAGTTGATC,64
CACGTACTGCACCTGA,64
CATGAGTGAGCAAAAG,64
CCTACAGTCAGGGCTA,64
CGACTCGGAGAATAAT,64
CTAAACAGGACCACCC,64
CTATACACTGTCTCAA,64
CTTAATTACAAAGAGC,64
GAAAACATTGAATTAT,64
GATAATGTAAACGTTT,64
GATCAAAACTCCTTGA,64
GATCAGTGAGACGTCA,64
GCACCGTTAAAAAAAA,64
GCCTATGTAAACCCCC,64
GCCTCAACACACCACT,64
GGAGATTTTTGTTATT,64
TAAACAGGCTAAAGGT,64
TAACAATAAGAATAAT,64
TACCTCAACGAGCCCT,64
TACGTTCAAATATTTA,64
TAGACAATAAAAAATT,64
TATCTCGGTTCCCATA,64
TCCGTTTATCTATGAA,64
TGAGGATTATTGCTAA,64
TGCAACCCTTCCTACT,64
TTAAGACATCAATAAT,64
TTTAAGTAACACTGAC,64
TTTGAAACCATAATAA,64
TTTGTGTATTCGTCCG,64
AAAAAAATGGCTCTAC,63
AACAAATCAAAATGTA,63
AAGATAACAACCAATC,63
AATATCGAGTGAGGTA,63
ACGTTTAACCTAGTGA,63
ACTACTGGTTTCGGAA,63
AGAGAAGAAAAAACAC,63
AGTTTGTACAAAAACA,63
ATAACACTACGCATCC,63
ATGTCGTCTATCTACA,63
CAAATAAAAATTGTAA,63
CAACACCTATCTCCCC,63
CAACCGACCGGCCCCG,63
CCCATACTCTCTAGCT,63
CCGAGGATTTTGCTAG,63
CGCTCGTAGTTCCTAC,63
CGTATTTTCCGCTGCC,63
CTAACAATATGGTAAA,63
GCGATGGCCCCCATCT,63
GGCAGTACTAACCACC,63
GTGGATTACCGGGTGG,63
GTTATCCGTCCCTTAG,63
TAAGACTCAAGAAAAT,63
TAGTACGCTTACTACG,63
TCCGCAACAAAGTTGT,63
TGCCAGGAAGGAATCT,63
TTAAAACCATAATACA,63
TTATCCGGCAGAAGTG,63
TTCTACATATATGTGT,63
AAATAGACCCAAAAAA,62
AACTAGAATGATGGAT,62
AAGCACTTTAACATCA,62
ACTGATTCATTACAAC,62
AGATCAGTCTATAACT,62
AGGTATCTCAGAAGTA,62
AGTCAATATTCCGATG,62
ATAATATGCCAGCAAT,62
ATACAAATTCTCCGGT,62
CCCTAATTCTTTATTC,62
CTCTTAAATAGAGCGG,62
CTTGTCACAATTAAAA,62
GACCAAAATCATAGCC,62
GCCCGATAACCATATA,62
GGCAAAGACCACAAGT,62
GTTAAGAATTAAGGTT,62
TAATACTGGTAAACCT,62
TAGTGACGAAGCAATT,62
TATGGAAATACAAACA,62
TCCAACGATCCCCAAA,62
TTAGGACCGCAAAACT,62
TTCTTATACCACCGAA,62
AAAATAATGGGAAGAC,61
AAAATTGGAAAATCCA,61
AATAGGATAATGAGTG,61
ACAGAAAAGCCTGTAA,61
ACCAACTTAATCAACT,61
ACCGCTGTACGTTCTT,61
AGACTACCAAGAGAGT,61
AGCCGACTATCGTCCA,61
ATAATACAGAAAGAAC,61
ATATAAACTGGTTTTC,61
ATGAACTATAATGGAA,61
CACCGTATAAGTCATG,61
CACGATTCGGCGTTGC,61
CATTATAAAAAGACGG,61
CGACTAACTTAACTTC,61
CGCATGAGAGCATCCC,61
CGGTAAATGTTTCAAC,61
CTATCAACACCGTTAA,61
CTGGCTACACGTTCCA,61
GAAATAAGGAGCCTCC,61
GAACCAAATAGTATTG,61
GAACCATCTTCTACAA,61
GAAGAACAAGAAGCAT,61
GACAAGCCCCTAATCA,61
GACTCTATGTGTTAAC,61
GAGAATCCAAGGACAT,61
GATGAACGTTAAAAAC,61
GGCCAAAGGAAACTCG,61
GGGCGACTGATTGGTA,61
GTATCGAAGTGACCAC,61
GTCAACGGCAACCCTT,61
GTTCTCTGCATATAAG,61
TAAAAAAAGAGATCAC,61
TAAATTACTCCACCAC,61
TAACGACTAGTTCGAT,61
TACTTATGCTATAGGC,61
TCTCCCATCATGCAAT,61
TTCATGTAATTATTCC,61
TTCCCAAGAGTCGGCG,61
TTGTCGAAAACCTCGC,61
AAACCGCCGATCCAGA,60
AAAGAGATAACCAAAA,60
AAATATACTCTGATAC,60
AACTGCATAAATTGCT,60
AATTGTTAATATAAAA,60
ACAACATGAGAAAACT,60
ACAGAGTGCTAAAAAT,60
AGACAAATATGTTTGT,60
AGACCGAAGCACGAAT,60
AGCTCGCTTTCCGTCT,60
AGGCGCAACAGATGAT,60
AGTACCTCGCTAACAA,60
ATATATAAGTGTGCCT,60
ATGGCTTGTCTCATGT,60
ATTGTAATCACCAATA,60
CGAACTACTACTACTC,60
CGGTCTAAGCAAAGGG,60
CTGAGTTAAGCAATTC,60
CTTGCCTCGAAAATTT,60
GAATGGCAATTGTAAA,60
GAGTCTCTGGTGATAC,60
GATCCAACCCGATGCT,60
GCCTCACGCGCTATTA,60
GGTAGACACGTGGTAT,60
TAAAACGTATGATTAT,60
TACAGAATGTTTTGTC,60
TAGAGGCAGAAGCTGA,60
TAGCGATACAAACGGT,60
TATAGATACTAGAGTC,60
TCCGTACTCGCAATCG,60
TCGGAAGAGAAAACGT,60
TTAATAAAGCTCCCAT,60
AAAAACAAGTCCAATA,59
AAAACATCAATAATGC,59
AAAGGTGGACACGAGG,59
AAATTCAAGTCTCGGA,59
AACAAAGTTTAACAAA,59
AACAGTCGATGACAGG,59
ACAAGAGGGGTTATTA,59
ACCCAAACTAGAACCG,59
ATAACTTACCCTAGAC,59
ATAGTAAGATAGATAC,59
ATGCGACAGACTGCCG,59
CAAGAAGTTTCTTTGC,59
CCCAAGTAGTCTCATA,59
CCTACGGTAGTATTTA,59
CGGCAATCATGCTAAA,59
CTGGCCCATACTGAAC,59
CTTAAGACGTACGCGC,59
CTTGAGCTTTTAATAG,59
GCCACGTAATAGGCTA,59
GCCTTTTTGTGTCCCG,59
GGAAGGTTTTGAAACA,59
TAAAAGCAGTATACAA,59
TATACACATTGTACAA,59
TGAAACCCCCGTGAGG,59
TGACACGAAGGTTTAA,59
TGGTTATCAAACCTGC,59
AAATACGATATAGTGT,58
ACAACCAAAAATGACC,58
AGAAAAACACGTCACC,58
ATAACCACAGCTGGTC,58
ATCTGACTCGCTACCG,58
CCCCGATTAGAAACTG,58
CGCTTATCTCAGGAAA,58
CTACATAATTCTCTAC,58
CTATCCCAAGTAGGAG,58
CTCAGATAAATATTAA,58
GAAATTGTATCAATGC,58
GATTAATAACAGAATT,58
GGTGGATATAAATAGG,58
GTCGAAGGAGTACAAC,58
GTTAAATCTCTGGCAA,58
TAACCAACGGGCGCGA,58
TATCTAAAATCATCCC,58
TCAGGCACCTATGCCA,58
TCATTGTGCAACCGAG,58
TGAAACGACGCTGCTC,58
TGAGAAAATAAGACCC,58
TGAGAGGCGTTTTCGA,58
TTTTAAATAACAAAAA,58
AAAGAAACTAATTAAC,57
AAATGCAGTCGAAGAA,57
AATGAGGGAGGCATAA,57
AATTCCCATACGCCAG,57
ACATCTCGACAAAAAT,57
ACGTGCACAATCTAAT,57
ATACTACATAAAGAAT,57
ATATGCATATTCACAA,57
ATCAGAATTCCTACAA,57
CAAATATATAAAACGC,57
CAAGAGATAGACCTGA,57
CGGAAAACCCTAGAGA,57
CTCCCAAAATATTTTA,57
CTCTCCTAATTATTCG,57
CTGAGAAGACGAGAAG,57
GAAAAGGCCCAGACCA,57
GAAATTTGGGATTATA,57
GAACCCGTGACAAGTC,57
GAAGGTTAACACAAGG,57
GCAAATGTCATAACTC,57
GGCTCCCACCGAGCCG,57
GGTCAAACTTAAATCG,57
GTCGTTATACCACTAA,57
GTTTTTATAACCTTAT,57
TAGTTTTCCCTTTATC,57
TATATTAAGATCTTGC,57
TCCATGTGTAAAAACC,57
TCCGATTCAGTTATGA,57
TCGATTAATTAAGCTA,57
TGAAAAAATAAGGGAC,57
TGCCGACACTCGTAAT,57
TTGAACAGTCCCATAA,57
TTGAGTGTAAAATGAC,57
AAAGAAAATTAAGCTA,56
AAAGATGGTAAACTCA,56
AACAAGTACGCTAGCC,56
AACGCAAAATAACGTT,56
ACGAGAAAAAGTCTAA,56
AGAACACCAGACAAAC,56
AGTGGAAAAATTTATA,56
ATAAAAATCTCAAGCT,56
ATAAAACAATCATTTA,56
ATGGTCCCAATTTATA,56
CAACAACCGTAGATAC,56
CTTAACCGTGGGCAAA,56
GAAGTTTTAGAGATTA,56
GCGCGTAAATCGATAA,56
GTGTTAGTTAACTTAT,56
GTTAACTATTGCTGGG,56
TAACTTCTGTCTGGCA,56
TACGATAAAAAAGAAG,56
TGAAGTTCAAATTATA,56
TTGTCAGAGACGCGGT,56
AAACCTGAAGAAGTTT,55
AATCCACTCGACAGGG,55
ACATGCAACGCTGAAT,55
ACATTGTGATTAAATG,55
ACGACTTCCTCAAAGA,55
ACGTAGTAATCATCTC,55
AGCCAATTTGTATTCA,55
ATAAGTATCCCAAAGT,55
ATTCTCAAGACTAAAA,55
CTCGGCTATATCTATA,55
CTGCACTACTCAAAGG,55
GAGAGGTAATCGACTG,55
GATACCCCATATCTCG,55
GATAGTAAACGAAATC,55
GTCGAGCGAGTAGATG,55
TATGATGGCAAAATTT,55
TTTAATACAATGAAGG,55
TTTATTAATGAAACAA,55
AAGTCATACTAACATC,54
ACACTATCAAGAACTG,54
ACCGTCGTCCCATCCG,54
ACGTGCGTTTAAGATA,54
AGACGGAAGCGATCAC,54
ATGAGACCGCGCATCC,54
CAAAGAAAGTTACGAA,54
CAGATCACCACAAACC,54
CCAATAATTTTTTCAA,54
CCACTACTGCTAAGTG,54
GACAAACTAATAGACT,54
GATTCTTACTCGCGTT,54
GCCAATCATTTTATCT,54
GGCACATCTTGGCCCA,54
GTGATATAACTCTATA,54
GTTGGACATAGTATAA,54
TACCAACGAGTAATCT,54
AAGGCTAGTACTGATA,53
CCGACCCGCGCCACAA,53
CCGGAGCTTACATTTA,53
CCTGATAAACTCAAGT,53
CGATCCGCTACCTAGC,53
GACACCCTAGATAAAC,53
GACTAAACACCTTCAA,53
GCAGAGATCAAAGATC,53
GTATCAACATATAACG,53
TACTAATACATAGGGA,53
TAGATTAATTGTAAGT,53
TATACTGAAAGACTGT,53
TTCCGAGTACGTTAAA,53
TTCTAAAGTACAATGT,53
AAAACAATAGGATTTC,52
AACTTTCGGAGAACAA,52
AATATAACGTACCATC,52
AATTCTCAATGGCAAT,52
AGGCGACAAACCAAGT,52
ATAAAAGAAGTCCAAA,52
ATGAATCCTTTACTAC,52
CAAAATTCTGACTAAG,52
CAAAGATCACTATACG,52
CACCTAAAAAAATCTA,52
CCAAGTATCTGTCAAG,52
CCGACAAAACTAATCT,52
GGACGGGTGCCAATCC,52
GTCACGAAAGGAAGCG,52
TAAACTATATTGTATG,52
TGGAGATTCTGTATAA,52
TTAGAATCTGATCCTA,52
TTGACATTAAAAAATA,52
AAAATCAATTTAGGCA,51
AAAGTAAACCCAGTTA,51
AACTGAGTAATCACCA,51
AAGACGTACACCTTGC,51
ACGTTTTTTAGTGTTT,51
ACTTTTCCTGAAGCTA,51
ATATGCTTATCCTTAT,51
ATGTCACCGCTTTATG,51
ATGTCAGAATACAAAA,51
CAGAACAGATGCAAAA,51
CTAACATTGCATACCG,51
GATTATAATTATTTAA,51
TAGTATATAAAAAATA,51
TGCCCAATACTGGCAT,51
TTTAGTCCCTCGATCT,51
TTTGATAAGAAAACTC,51
AAAAGACTTAACTAAT,50
AAGGATAGACAGACAA,50
AATAACAAGATAATTG,50
AGTATCACCCGTTCGA,50
CAACCTTTATAAAAAA,50
CTAATACATTACGGAA,50
GATCAGCAGTTTAGAA,50
GTCTAGCAAACGAGAA,50
TAACCAAAAATAATTT,50
TAGCTTAACTTAGTTC,50
TGAATATTCAAAAAGC,50
TTAAATACAATACCAA,50
CTAAAATATATAAAAA,49
GAATTAAAAAAGTAAA,49
GGCTAAGAACAACAAT,49
GGTCGCAATCAGGTGA,49
GTCATAGCCTGACGCC,49
GTTGGGCTACGTACTA,49
TAGACAAGTGTGACCC,49
AAATCGGACCAGAGAA,48
CAGAAAATAAGAGTCA,48
CATTATTGTAAGATAA,48
CCAAAGGCGGCGTAAA,48
CTCGATATTATCTAGC,48
CTCTTATAAAAGCAAC,48
GACGAGGCCTCCATAT,48
GATATGAATAAAGACC,48
TAATAATACGTGTAGA,48
TCACCTCTTTTTCGTG,48
AATATAGTCTGACTAA,47
ACTCAGAAATAAATGG,47
AGATCACGTTCATGGC,47
CGCACACAAACACAAG,47
GAAGTACATAACTCTC,47
GAATAATATATAAGTA,47
GGTATAAATGCTAGGA,47
GTACATATCTGACCAA,47
GTCCACGAGTCATATA,47
TAAACTATATATTACA,47
TCAGGCTTACACCTCA,47
TCAGTAATATTTAAAA,47
TCCAATGACTACAATG,47
TTACCGTACTAACCTA,47
AAAAACTCCACAGCAA,46
AACGAGGATTCGCCCC,46
ACGTAAAAAAACGTCC,46
GTTGTTTAAAGAGCAT,46
AACTACACAGCGAAGG,45
ACGCAGGTTATCGTAA,45
ACTCGTCTATTATTTA,45
AGATGACGTAGATAAC,45
CCACATCAACTCGCAA,45
CGTCAATAGTTTCCCA,45
CTCATATCTTGAGTCA,45
CTCTATCGCATAATAA,45
GTGTACAGTCACTTCG,45
TTAGGACGAATAACCT,45
AAAGTGAAAAACGGTC,44
AACAATGCACCAGCAT,44
AAGAGTCAGATACCAA,44
AATAAAATAGGATTTC,44
ACACGATAGTTCAGGT,44
ACATGAATTTAACTAC,44
AGAAATTGAATTAGCC,44
CCGATCTATCGATACC,44
GAAATAGGCCTCTTGC,44
GAACGATTCAGTCCCG,44
GCAACAAAATGGAGAA,44
TAATAAATGAAGTAGA,44
TAATTGTTATAGAATA,44
AATATTTAAGTTACAC,43
AGCGGAGCTATAATAA,43
CAACCAGATTATAGCG,43
CAATAAAAACAACGAT,43
CACCGGTTCCATAAGC,43
CTATGGATTAACATAA,43
CTTAGGCAAATAAAAG,43
GACCGCAGATGGATGC,43
GAGCGAATATAAGATA,43
GGATGGGTTCTCAAAT,43
GGCTTAGAGACGGTAG,43
TATGAGATAAGTGTTC,43
TGTTTAACGTTTAATC,43
AAAAACCTCGGCCACG,42
AAATCTATCGAAAATG,42
ACCTAAATATTAACAG,42
CGTCGATAAACTAATT,42
GATTAGATACAAAACG,42
GGATAAAGTTCACTCT,42
GTCCATAAAAGCTCTA,42
TAGAGCTTCGAGCCAC,42
TATGGAAGAATAAAAC,42
ACCTACGAGCTTTCTC,41
AGAATTGCACACCTTT,41
AGATAAAATGTCTCGA,41
ATCATAAATATCTTTC,41
CCATTACTCACCTGAC,41
TATGGATTCAAAGTTA,41
TCGACAGTATAAAAAA,41
ATGAGGATCCAACTTA,40
CACATGAACTGTATCT,40
GTGCGCCACTCATGTT,40
TACATTTTTTAATCCA,40
TAGCGGCTACGAGCGC,40
ATAAATATCATCAAAC,39
ATCCCGATACGATCGC,39
ATTGACACGTAATAGG,39
GAGCTCGATATATAAA,39
GCAATCTGCACTCGCC,39
GGCGAGAGCTGCAAGC,39
GTAACTTCTCTATGTA,39
GTGAGATCGCACGGGA,39
TCACAAGGGGTAAGTG,39
TGCAAACTCCAATACC,39
AACTGGGCCTGTCGAG,38
ACCCCGATTCGTGTGT,38
CCACTATTCCGACTAC,38
CCGATCTATAGTGGAG,38
CGACTTAACCTGGAAT,38
TTAAAACGAGCGAAAC,38
TTACCGAACATATAAT,38
ACCGAAAATGCAGTTT,37
ATACTATCGGAATTTT,37
ATAGCACGCTAATTTA,37
ATCCAACCAAGATCAT,37
GGAAGACCACAAACAT,37
AACGAACAGTAAACCG,36
AACGTAGACTCTACGT,36
AATTACTTACGTAAAC,36
ACTCAAGTTGACCCTA,36
ACTTCCGATATACAAA,36
AGAAAAGGGTTATGGA,36
CAGTGCGTTATAATCA,36
CATTAAGAAATTTTCC,36
GATATACGCTGCGTAC,36
GCTCTTGTAATCAACT,36
TTACAAAAAAAGGATC,36
AAAGACCATCAAATAA,35
AATAACCCTTGTGATA,35
CAACAAATGAAACCCT,35
CAAGACACAATTGGCC,35
CATCTCGTAACTATTT,35
GAAAAAACTCAATGAA,35
GAATACACTGCCAGAA,35
GTACCACAAAACATAT,35
TATAACTGGAAATATA,35
TATCATGATGATGAAT,35
TTAGACGCTACATAAG,35
AGACTCACATACATAC,34
AGGTGTAATGGCAGGA,34
CGCACCCGTTACCTTC,34
GGGCAACCATTGCATT,34
GGTTTGCAATGGGACT,34
GTACCACTAAACTGTG,34
TAAAAAAAAAAAACAA,34
TAATCATAAAACCCAT,34
TAGTAATTCCTATCAG,34
TAGTATGTATGATACT,34
AAGCGGAAATTAACGA,33
AATTTCAGGATACTTT,33
ACCTGGAGCCAATTAG,33
CGCTTGAACTAACTTC,33
GAAAAAAAAAGTATAG,33
GACTTGTATAGGTCGA,33
TCTTAAGAAACCGCGG,33
TTAGACCCAATACTAT,33
ACGATAATTCGAATAG,32
ATCAATGTCAAGGTAT,32
CTTGTCTAAACTTCCA,32
TATCCGAAAAGAAGTA,32
TCTGTCGCAAACTCGT,32
TCTTTCAAATAATAGC,32
ACAATTTATCCTAACC,31
AGACTTAAAAATCAAA,31
ATCACCAATTGGTAAT,31
CAAAGATAATGCGATG,31
CGGATAGGTTAGACAA,31
CGTAATTTCTGAATTA,31
GACTAGGCTATAAATC,31
TACAGGCTGAACGCTT,31
TACTCTGAAAAATAAG,31
TACTGCAACGCACCAT,31
AAAGTTGTATTCCGTG,30
AACAAGCTAACGCGAC,30
CACGTAGCGATTGTGC,30
GAACATTCCATACTTA,30
GTTAACCCTAGTCTCA,30
TCATCGATACGGAATA,30
CCTGACCATGGAATGG,29
CTATTAAATGTCCTAA,29
GTTAAAATTTTTCAGC,29
TACCTGCGGCGCGACA,29
TATAAAGAAACTTATG,29
CGGAACAAAAAACAAA,28
CTCAATCGCAATGACC,28
TATCACTTTGTAAGAT,28
ATAGATATTAAGACAC,27
TTTTGATGTTCGCGAT,27
AAACGACACGGGTATT,26
AAATTAAATGTTGGGA,26
AATTTCCTAAAGATGG,26
ACACACTCGCGAGTAA,26
AGAATTTAATGAAGAA,26
CGTCACTTTGGTCACT,26
TATGGAACCACACTTT,26
ACAGTCGTTTCTGTTT,25
ATCTAATCTACTCAAC,25
GATGATACATGTCCGC,25
TCCGGTTAAATTAAAA,25
ACAAATATGAGTGCCA,24
CAAACCACAACGAGTA,24
CGTGACTGAAGTTTAA,24
ATCTCCATAGCCCAAT,23
TACTTTGTTACATCAT,23
TACAATCAATTTACGT,22
AAATATCCACACTGGC,21
AATTACTAAACCTAAG,21
ACAGGGTTAAAAGCGG,21
AGGAATAACTTTGACC,21
CGCGGCACGTCCATCA,20
GAGGCGTAAAAAGCGG,20
TAACGAAAAGTTAACC,20
ATCTATCTCAGAGTTT,19
CAAGCAGGGGGAATTG,19
TAAATTTGCAGACAAT,19
TGACAAAGAAAAAGAA,19
AAAGCAGCATTTCTCC,18
TAAACTTTATACACTA,18
TTAAAAATATAATTAT,18
TTAACTGGTCTTTACT,18
GACCATGGTCACTAAC,17
TTGCTGCCAAGACGAC,17
CCAATGGCACACAGGG,16
AAAATTACATCCTCTA,15
AGGCAAATTTTAACAT,15
CTGACGGCGTACAGAA,15
ATGAAATAAGCCCACG,14
CAACTCAAACTCCCAG,14
CCAAGACGTCAGCAGG,14
GATAGAATGATGATCA,14
ACCGTATGAGAACAGA,13
GACTAATTTCAGAAAA,13
TTCCAGTTATGTTATC,13
TTTCGCACACGCAATA,12
TATTCACCATAAGCAG,11
ACCCTGTATTGCATGT,10
ATGAATAGTTAAGGCC,10
ATTAAAATCTTGACGA,10
CCAACCCAGTTAATAA,10
TACACATACTGATAAA,10
TAGCCCAAGCAAGCCA,10
AATAGCAAGGTACCTG,9
TCATTATAGTCTAGGA,9
TCCTTTTTAAGTAAGC,9
ATTTTGACCTATGACG,8
CCGACCTCAAAATATT,8
GACTTGAAAAAAACAG,8
GTGCAGGTATTTCACC,8
TAGAGTCGTGTTCACA,8
TCGCCGCAGCATACTT,8
TGAAATTTGTGACAGA,8
AACCCCCGGAGTATTG,7
CATAATAAGTGAAGCG,7
CTTGCCACCCACCGAT,7
TCATGAGACAGGAAGG,7
TCCCAATTGTCAAAAA,7
TGTTGAATTACATAAC,7
TTCTATACGCGGAAAT,7
TTTTGAGTACCAAAAC,7
CAACTCACACAGATGT,6
TCTGGCAAACAGGATT,6
AAACAAATCACACTGC,5
AAACCCTCTAAGACTT,5
AAAGGGAATTGCAAGA,5
ACACCGCTCCGTGGGG,5
ACATCGAAACCCAACA,5
ACTCACACAGCCCCTA,5
AGACGGCGGGTTTTAA,5
AGGAAAACAAGCGGGG,5
CAATACTAAACATACT,5
CTGTTTGAAGAGTCCA,5
GGGGTCTCGAGTTGAT,5
TAGCCAATCCAGGAAA,5
TTATTTCAGCTTTAAT,5
TTCTCACGAGAATAGG,5
GATGCAATTAGGGTAT,4
GTGATTTTAACACAGT,4
TATACATAGCCCATGT,4
TCTCCAGCACACGGCG,4
TTCTTCTCAACTCATT,4
AAATACTGTAAGCAAA,3
AAGCATTATACTATCG,3
CGGGCGGAAAATCTAC,3
CTACCATATACCGCTG,3
GACCGGACCAATAGCA,3
GCCATCCCCAGCTACC,3
GCTTCGATGCATTAAC,3
GGTCCAAGAAGAACGC,3
GTCCCCTGGACGCTCC,3
GTCCTCAAAAATTATC,3
TATGGTTGCGTCAGCA,3
TCGGCCGGTGAATACA,3
TTATAAAGCCAGCAAA,3
TTCAATAAAATTTGTT,3
AAGCCAACACCAAACT,2
AATAACCATAATAGGG,2
ACAGATTAACGACGAA,2
AGGAAAGGCGGGGCTT,2
AGTTTGTTCTAAATTC,2
ATTCGATCAAAGTCTC,2
CAACAAAATAAAGAGC,2
CAATAACATCCCAAGC,2
CGTATTTCGAAAAGAT,2
GAAACCGTCCGATCAA,2
GAAACCTCACACAATC,2
GAATATTAAATTAATC,2
GACATCGGGAAAAAAC,2
TATCCCCACATGACGA,2
TTATAAAATGTAAAGG,2
TTGTACCAATGATATA,2
AAAAAAACTAATAATA,1
AAAAGTTAATCCATGC,1
AAAATCCATTAAAGCC,1
AAATAGATATGTACTA,1
AATTTGAAAAATCACA,1
ACCAGTATATTCAGCA,1
AGAATAACTAAAAATG,1
AGAATATCCCTAGTAT,1
AGACACGCTAGAATGA,1
AGCACAAAAATAGAAG,1
AGTATAATAAGTCAAC,1
ATACCGTTAGTAGGGA,1
ATACTAAAAGAGAAAT,1
ATTGGTCCACACGAGA,1
CAAACCAAATACTTAA,1
CAATGTTCAGATATTG,1
CAGGCCACCATAATAT,1
CATACTATTTCTATAA,1
CATCTGTTATAATGGC,1
CATCTTAAACAAGATC,1
CCATTCAGTATAATCA,1
CTAATCCTCTATGGTT,1
CTAATTGGGTATGGAA,1
CTACTACTGAGAAATA,1
CTCATATTATAAAAAT,1
CTGCATGAAACTATTA,1
GAAACATATGCAGTAA,1
GAAGAAGTAAAAAAGG,1
GACCAACGTCGCCCCG,1
GAGATTCGAAGACTCG,1
GATGATTTTAGGTAAT,1
GCCCCAAATGTCACAA,1
GCCGGAGGTCAGAAGG,1
GGGAATTAGGTAATAT,1
GGTGACCAAACTAGAA,1
GTACGGTAAAGAAAGA,1
GTCATTAGATGCATAC,1
GTCTTTGCATCATCTA,1
TAAACAATACCCTATA,1
TAAGTTATAATGAAAA,1
TAGAAGATGTAATAAG,1
TCACGAGCATCCTGCA,1
TCACTACGTTCTGCTA,1
TCATCATAACTTTACT,1
TCTCAACCAACTTCAC,1
TCTGTCTACCTTTTCG,1
TGCACACATTGGTCGT,1
TTCCCGCAGATATAAC,1
TTTTGAGTGCAGTACT,1
AAAAAAACTTTGTTAG,0
AAAAAAAGAAATGTGG,0
AAAAAACTTAAGAGGT,0
AAAAAAGATCAGCGCA,0
AAAAAGAGCGCTTAAT,0
AAAAAGCTTCAACCAT,0
AAAAATAACAATCTAA,0
AAAAATAGGCATAGTC,0
AAAAATGAAATACGGG,0
AAAACAATTCAATAAA,0
AAAACATGACTGGGCC,0
AAAACTACGAATAAAG,0
AAAACTATAAAAACCG,0
AAAACTTTGAACGTTT,0
AAAAGATAGACTACTA,0
AAAAGATCCTATAAAA,0
AAAAGGAAGAAACAAA,0
AAAAGTCACGTGACAC,0
AAAAGTTTTCGTGAAT,0
AAAATAAAACTAAAGA,0
AAAATAAACAACGTCT,0
AAAATAACAAAAATTC,0
AAAATACATTTTTAAC,0
AAAATACCACAAACTT,0
AAAATAGAATGCTCCC,0
AAAATGCTTACAGCAT,0
AAAATTAAACCTGAAG,0
AAAATTTACAATGACG,0
AAACAAGTTCGAGATA,0
AAACACATGGCAATTA,0
AAACAGATTGCTCGAA,0
AAACATTCTTACAATT,0
AAACCGCTCTGCCCAA,0
AAACCTATCCGAAATC,0
AAACGGCGGTTGATCC,0
AAACTGAAAACACATC,0
AAACTTACAAACCCTT,0
AAAGAAATTAACCTTA,0
AAAGAACAGAGGATCT,0
AAAGAACATGTACGAA,0
AAAGAAGAAACATGCG,0
AAAGAAGCTGTAGCCC,0
AAAGACCGAGGATAGG,0
AAAGATATGACTAAAC,0
AAAGCGTACGTTAAAA,0
AAAGCTCTCGTAGAAT,0
AAAGGAACTTTAATGA,0
AAAGGTAATCCACATG,0
AAAGTAAAGATGGAGA,0
AAAGTATAGGCGTGCG,0
AAAGTGCTCAACAAAC,0
AAAGTTAGAACTAATA,0
AAATAACCTCTATCAT,0
AAATAAGGCAAATTAT,0
AAATAATAGGGATCTA,0
AAATAGCAAAACAAAA,0
AAATATAGAGATAAAG,0
AAATATTTTAAGGTAA,0
AAATCAGAGATACAAT,0
AAATCATTTTTCTGGA,0
AAATCCTGGCCTGCGA,0
AAATCTCGAGGTCTGC,0
AAATGAAGTATATACC,0
AAATGAGAGAAATATT,0
AAATGCTACACTCCTA,0
AAATGTCTTGCTGAAC,0
AAATTCCTGGAGAAAA,0
AAATTTAACGGGTAGC,0
AAATTTAATAAGTTTC,0
AAATTTATAAATAACC,0
AAATTTCCTTTAAAAT,0
AACAAATATTCAACGA,0
AACAACGTTGCCCCCG,0
AACAACTAAAGGAATC,0
AACAAGCCGAGGATAC,0
AACAAGTCGCATAAAA,0
AACAAGTTTCTTCTGT,0
AACAATAATTCAAATA,0
AACAATATAAAAAATC,0
AACACATATACAAAAA,0
AACAGCGGCAATTAAA,0
AACAGTATCGTATGTA,0
AACATAGAGACGATGC,0
AACATCCTGGACTAGC,0
AACATGTGGATGGGCA,0
AACATTCACATCAACA,0
AACATTCCATCACAAG,0
AACATTCTGAAGACTA,0
AACATTGATCTTGATT,0
AACATTTGCATTCACA,0
AACCACGAAAAGCGCT,0
AACCACTGACGTCTTG,0
AACCCACTACTTACTA,0
AACCCAGAAACACATA,0
AACCCAGGTAGAATCT,0
AACCCCTAGCTCTAAG,0
AACCGTAATGCTAAAC,0
AACCTCAATCACGGCA,0
AACCTGGTGCCACTAT,0
AACGAAGTAAGTGATG,0
AACGACATAACGACAT,0
AACGAGACAACTAATT,0
AACGATAGAAGTAGCT,0
AACGATCGCACCAAAG,0
AACGTAATTAGATCCA,0
AACGTTCAAGATCTGA,0
AACGTTTAGAGCGGGA,0
AACTAACCGAAATCGT,0
AACTAGAACGGGTGAT,0
AACTAGCCCATAAGAT,0
AACTATAGATTCCAAA,0
AACTCATCTATCCTAA,0
AACTCCAAAGGAAAAA,0
AACTCGCTCGTAAGTA,0
AACTGGCAAAATGGTT,0
AACTTCGACAGAAAAT,0
AACTTCTAACATCCCT,0
AACTTGAGGACAACGA,0
AACTTGTCATCTAATC,0
AACTTTTTGCGATATG,0
AAGAAATTACGGGGTA,0
AAGAACTATACAGGCC,0
AAGAAGACTCAACCAG,0
AAGAATCCTAATTACT,0
AAGAATGAAGAGCCGA,0
AAGAATTAGACGACAA,0
AAGACATACACCTACT,0
AAGACCCGTCAACGGC,0
AAGAGAACTTCTAAGG,0
AAGAGACAAACCGAAG,0
AAGAGATTATACTATA,0
AAGATGTGAGTAACCG,0
AAGATTCGGAATTTCT,0
AAGATTTAAAAGAGCT,0
AAGCACTAACATGTAA,0
AAGCATCGCAATGCCA,0
AAGCCAATAAGACAGC,0
AAGCCGAGATTTACAG,0
AAGCCTGTTTAAAAAG,0
AAGCGACAAATGACGA,0
AAGCGATAGAACTAAC,0
AAGCTCACGAATCACA,0
AAGCTCCATCGCAAGT,0
AAGGACAGTTCTGTCG,0
AAGGATCTTTAAAAAG,0
AAGGCATGAAGAAGGA,0
AAGGCTCACATTTCTG,0
AAGGGCCGGCAGGATT,0
AAGGGTCAGACATAAG,0
AAGGTTTATTACTTAA,0
AAGTAACTTTGCACAG,0
AAGTACCGATAGTTTA,0
AAGTCCGATGGAGCAC,0
AAGTCCTAGTGTCGGG,0
AAGTCTAAGGGAGCTA,0
AAGTCTCGTAGTAGCA,0
AAGTGATATGCGTCCC,0
AAGTTTGTAGAACAAT,0
AATAAAAAGAACTAGG,0
AATAAATATTCCAATA,0
AATAACATCTCTCCGG,0
AATAACGATGAGAGAG,0
AATAATGAACACCATG,0
AATACAGCCAAAATGG,0
AATACCGTATATTAAC,0
AATACTTATAGATGAT,0
AATAGAAAATATCCAA,0
AATAGAAGGACGGATT,0
AATAGATTTAGAAATT,0
AATAGCATCTTATGCC,0
AATAGCTTAAATTACT,0
AATAGCTTCATCACCT,0
AATAGTCTACCCGCGT,0
AATATAAACCCATTAG,0
AATATACTGAACGAAA,0
AATATCCAAAAAGAAA,0
AATATGAAGTACACAC,0
AATATGAGTTACCCAA,0
AATCCAATTCAGCCAC,0
AATCCTTCCGATGTAC,0
AATCGCTCAACATCGT,0
AATCTATGGGAGTCCT,0
AATCTCCCCCATCTAA,0
AATCTTACTGAACATT,0
AATGACGAGTAGTTCA,0
AATGACTAAAATTCCA,0
AATGACTAAATCCTCA,0
AATGCCCAAGGGTAAA,0
AATGCCCACCTAAAAC,0
AATGCCTGCAATACCA,0
AATGTAGCGGTAACAA,0
AATGTATATCTAAATC,0
AATGTATCTAAGAGAC,0
AATGTCAGTCATCCTA,0
AATGTGCAAAAAGATG,0
AATTACTAAGCTCGAT,0
AATTATCACCGTTTGT,0
AATTATGAGGACTAAC,0
AATTATTATTAAAAGT,0
AATTCATAGCATAATG,0
AATTCCAATAGAATAA,0
AATTCTCTTTGAGTTT,0
AATTGAAAAGTACTTT,0
AATTGAGGTCACCATC,0
AATTGGAAACCCATGA,0
AATTGTATACCCTGGC,0
AATTTGCCTATCCTTT,0
ACAAAAAACACTCTCA,0
ACAAAAACATATACTT,0
ACAAAACGACAACCCC,0
ACAAACCACCGCAAAT,0
ACAAAGGCGAAGCTTG,0
ACAAAGTAGCAATGAT,0
ACAAATCCATAAAATC,0
ACAAATTCAACTATTG,0
ACAACACGAATGTTAA,0
ACAACCAAACAATCCA,0
ACAAGAAAGTGGACGT,0
ACAAGATTTGACTAAA,0
ACAAGTAGTCACATTT,0
ACAATATTTGGTAAAA,0
ACAATTCACTCTCGTA,0
ACAATTTAGCTCTCTT,0
ACACATTCTATTACCG,0
ACACCACAAAAATATC,0
ACACCTAAAACTAGAA,0
ACACCTTAATCCACCT,0
ACACGAGCCTTATATT,0
ACACTATATACTGCAG,0
ACACTATGGACTCTTG,0
ACACTATTCCCTCTAA,0
ACACTTCATCTACCAA,0
ACAGACAGAGGGGGAG,0
ACAGCAGCAAATCATA,0
ACAGCCAATCCACAAA,0
ACAGCCCTTTTCCGCT,0
ACAGGATTAAAATACA,0
ACAGTCATAAATCACA,0
ACATATGGGGCCAATA,0
ACATCACAAAAGAATC,0
ACATCACTGAGAGTTC,0
ACATCGCTGCGGATCA,0
ACATCTAATTAGGCTC,0
ACATGACAAAGATAGA,0
ACATGCATAGCAAGTC,0
ACATGTTTGTACTTTC,0
ACATTCTTAACACCGA,0
ACCAACAAAGGAAAGT,0
ACCAAGATATTCATCG,0
ACCACCTGGAGTTGCG,0
ACCAGTATCTATGCGT,0
ACCATAAAATGCAATA,0
ACCATACAAGTGCTCC,0
ACCATGATTACCAACA,0
ACCATTGTGGTAATGG,0
ACCATTTCCAGTAAGT,0
ACCCCAAAATATTATA,0
ACCCCCCGTTCGCACT,0
ACCCGCTAACGTAATT,0
ACCCGCTCATTATCAT,0
ACCCTAACCCTGCCGG,0
ACCCTATACGGCCCTG,0
ACCGACCATACAATAC,0
ACCGAGTTATAACAGA,0
ACCGCGATCCAGCTAA,0
ACCGCGGATGCGATTT,0
ACCGGATCTGACCATC,0
ACCGGGTTGCCTCTAC,0
ACCGTAGAACCAGAAA,0
ACCGTCTAACTAAGAC,0
ACCGTTTCGACCCTTG,0
ACCTAGAGCAAGAACA,0
ACCTCAGTCATAAAAA,0
ACCTCTATTATCACGG,0
ACCTGAGGTGAAACCG,0
ACCTGCGAAAGCAAAA,0
ACCTGTAATTACCTCA,0
ACCTTATGAAGGAAAC,0
ACGAACAACAAACCGC,0
ACGAACATCCTTCTCC,0
ACGACGTAATCCAGAT,0
ACGAGTCACTAATGCA,0
ACGATCCCGGCATTAA,0
ACGATGTCGCAGACAC,0
ACGATGTGAAAATTGC,0
ACGATTCTTCATTGTA,0
ACGATTGATGATAACG,0
ACGCAGCAAACTAAGT,0
ACGCCACCAAATAGAA,0
ACGCTAAGGCAAAACT,0
ACGCTGCACTATCCGC,0
ACGGCCAATGAAGCCT,0
ACGGCGGTAGCTGCGA,0
ACGGGTAATTATGACG,0
ACGGTAAATCAATGTT,0
ACGTACTACAACCTGA,0
ACGTATTTAAACTCCA,0
ACGTATTTTTAGTAGT,0
ACGTCTAATGTTGAGC,0
ACGTTAACCAAGAGTC,0
ACTAAACAATCATACG,0
ACTAAGCCACAGAAAT,0
ACTAATTAAAATAACA,0
ACTAGGAAGGCGAATA,0
ACTATAATCATTTGCA,0
ACTCATAATACAGCGG,0
ACTCCCAATACAACCT,0
ACTCCTTTACCACCTA,0
ACTCGGATTGGCCCAA,0
ACTCTAGTAAGCAGGA,0
ACTGACCTTAACGTAG,0
ACTGATGGTGAAAGTA,0
ACTGATGTAGAAGAGA,0
ACTGCGTATACATCCT,0
ACTGGATTACATAAAA,0
ACTGGCTCAGTTTGCA,0
ACTGTCACTCACAAGG,0
ACTTCATGACTCACAA,0
ACTTGCAGCGCCCTCA,0
ACTTGCGAGACACTAA,0
ACTTGGTTCAAGGACC,0
ACTTTCAAAAGTTAGT,0
AGAAAAACCCACTTAA,0
AGAAACAATAGCCTAG,0
AGAAAGCAATAATTAC,0
AGAAAGCTCGCACACG,0
AGAAAGCTCGGATTTA,0
AGAACCTATTTTCAAA,0
AGAACCTCTTATAAGC,0
AGAAGAAGAAAATAAA,0
AGAAGCCAGTGTCCTT,0
AGAAGCCATAGCCTAA,0
AGAAGCTTATCTAGAA,0
AGAATAGGTGAAGTGG,0
AGAATCCTACTTGCTG,0
AGAATGCAAGAAAATA,0
AGAATTTGTATCCCTT,0
AGACAAGACGCGGTCC,0
AGACAATTAGGATCTG,0
AGACACAAGCCACGGG,0
AGACATGCGATCGTGC,0
AGACGCGAGTAACGCA,0
AGACGTCTTTAATAAG,0
AGAGAAATCGGCCAAT,0
AGAGACGGACCCTACT,0
AGAGATACAGCAGTAC,0
AGAGCTGGGATTTATA,0
AGAGGCGAGCAGACTG,0
AGAGTCGTTCACAACT,0
AGATAATAATGCATCT,0
AGATAGAAGAAGATAC,0
AGATCAAACAAGACTA,0
AGATCCATATATCCAT,0
AGATCTTAGAAAGACT,0
AGATGATTTCAAGTCT,0
AGATTAACTAAACGGT,0
AGATTAGTGGAAGATT,0
AGATTTCGCCTAACTA,0
AGCAAAGCAGCCAAAA,0
AGCAACCGAAAGAATA,0
AGCAACGAGTTTAAAT,0
AGCAACGTCCGCGGCA,0
AGCACACAAGTACGAA,0
AGCACAGACTTGAACG,0
AGCACGGTAACAAAAA,0
AGCAGCAAAGTTATTA,0
AGCATAACAAATAGTT,0
AGCATAAGCCGGACCG,0
AGCATACAACATAATG,0
AGCATCGACCAGATTA,0
AGCATTAACTCAATCT,0
AGCCCAACGTATCTGA,0
AGCCCCGATGAAACAC,0
AGCCGAAAACATAGGT,0
AGCCGAGTACAAGTGT,0
AGCCTACAAAAGTTTT,0
AGCCTAGGTACAGTTA,0
AGCCTTGTTACATTTT,0
AGCGACAAACTTTAAT,0
AGCGCACGCGTCTGAT,0
AGCGGCCGACATGAAT,0
AGCGTCGATTAAATGA,0
AGCTCGGTATGCACCA,0
AGCTCGGTGAAAACAA,0
AGGAAACCTAACTCCT,0
AGGAACGCCCCTCCAG,0
AGGAATTATACTTTAA,0
AGGACCACCATGCATG,0
AGGACCTATCGGCTAG,0
AGGAGCATATACTCAC,0
AGGAGTTGAAGCAGAG,0
AGGATATACCGGGGAC,0
AGGCAACCGCTCACGA,0
AGGCACACGAGAAATA,0
AGGCGATTTTTCGACC,0
AGGCGTCTTGCATGCC,0
AGGCTGAATTAACCGG,0
AGGCTTGGTCGGCCAT,0
AGGGACCATATTAAAT,0
AGGGCAGTCCCACGGA,0
AGGGTAACAAATTGGT,0
AGGTATGAATTTGAAT,0
AGGTCGATAGCGGACT,0
AGGTTATTCAACCATT,0
AGGTTGGGTAATCAAA,0
AGTAAGGAGTAAGGGA,0
AGTAAGTCGACTCGAG,0
AGTAATTATCCGCCAA,0
AGTACAACAATTGCAT,0
AGTACCTGCGAATAAG,0
AGTACTTGGTCAAACT,0
AGTACTTTTGCGATAC,0
AGTAGATCTTACCGAA,0
AGTATAATGATCTACA,0
AGTCACCACTACCCTA,0
AGTCATCCCTACATCA,0
AGTCCTACAAAATCAA,0
AGTCGCAAACCACAGC,0
AGTCGGGGGTGATAAG,0
AGTCTATAGTTAATTA,0
AGTGAACATCGAGAAC,0
AGTGCAAGAAGGGCCG,0
AGTGTGTATATCCTAA,0
AGTGTTCACTAACACT,0
AGTTAAAAACATACCA,0
AGTTAAGCTTATATGT,0
AGTTCAAGTTAGCGGC,0
AGTTCTGTGCTACTCG,0
AGTTGAAGTTTGTGGA,0
AGTTGTAAATTCAGAC,0
AGTTTAAATTGTCGAG,0
AGTTTGTATCAGGCAG,0
ATAAAAAACAAAACTG,0
ATAAAAACAAGTAATA,0
ATAAAAAGCGGATACA,0
ATAAAACTAAGAAAAG,0
ATAAACAAAAACAGTT,0
ATAAACACCCATAATT,0
ATAAATAACTCTAAAA,0
ATAACAACCCTCAGCC,0
ATAACAATAAATAAAC,0
ATAACCACTATCTGGA,0
ATAACCAGAACTTCCG,0
ATAACTCTACAAGTCC,0
ATAAGATATGTTTCAA,0
ATAAGGAGCTCTTGGG,0
ATAAGTATTCCTTCAC,0
ATAAGTCAACAACATC,0
ATAATAACATGAAATT,0
ATAATAATAGCTCGTT,0
ATAATATAGGCGATAA,0
ATAATATCATATGATG,0
ATAATTATGAACTATT,0
ATACAACAGACAACAC,0
ATACACACTGGGTGCG,0
ATACAGAAATCAAATA,0
ATACATCTTTACCTAT,0
ATACCATCTAACAATT,0
ATACGAAACGATATTT,0
ATACGATATATCAACA,0
ATACGTCTGAAGCAAA,0
ATACTAATAAGTATCC,0
ATACTCATATATGGAA,0
ATACTGGAATAAGCGC,0
ATAGAAAGTGATCCTC,0
ATAGAGTTATTTTATT,0
ATAGCTTGAACTGGCG,0
ATAGGAACTAATAAAT,0
ATAGGTTAGAAGCAAT,0
ATAGTAGTGTAAACAC,0
ATATAACGCCCTCCAT,0
ATATAAGGAGGGCACG,0
ATATACCGTGAGCTTA,0
ATATATCCATTTGTAC,0
ATATATCTATCCACAT,0
ATATCCATGTCACGCC,0
ATATCGAATGAAAATA,0
ATATGAAACTTTACTA,0
ATATGGGTACATGTGA,0
ATATGTTTGGGGACCT,0
ATATTACACGGAACTA,0
ATATTCCAATATAGCC,0
ATATTTCTGTAACGCA,0
ATCAAAAATCTGATCA,0
ATCAAAAATTAGGTTG,0
ATCAACTCATGAACAA,0
ATCACAACCTCCGAAG,0
ATCAGAACCTAGCCAT,0
ATCATGGTGGACTAAT,0
ATCCAAACTATGGAGA,0
ATCCAGGACGATGCAA,0
ATCCCAGCGCAAGACG,0
ATCCGATGCACAGATT,0
ATCCGGAACAAAAATA,0
ATCCGTACATTCTTAA,0
ATCGAAATGTCACGAC,0
ATCGAAGAGTAACTGA,0
ATCGCTTCCTTTGAGT,0
ATCGGTCACCACTGGT,0
ATCGTAGAATAAAATG,0
ATCTAACAAAAAGAAT,0
ATCTAATATAGTAGAC,0
ATCTATAGATTGATAA,0
ATCTATTGTAACGACA,0
ATCTCACATTGTCGTT,0
ATCTTAGAGACGATGG,0
ATCTTTTTGGGGGTCG,0
ATGAATTTTAAAGCGT,0
ATGACTAACCCGAGTA,0
ATGAGAAAACGGGATA,0
ATGAGAAGTCTAATGT,0
ATGATAGGGGGTGAAA,0
ATGATATGGGCGATAA,0
ATGATGAGACGATTGA,0
ATGCAACCAGTATGAT,0
ATGCACATATCCTAAT,0
ATGCGCTGAGCTACCC,0
ATGCTGCAACAGCACC,0
ATGGAAAAGAAGCAAG,0
ATGGATAAATAACTTG,0
ATGGCACAGTGACATC,0
ATGGCAGTCGAGCAGA,0
ATGGCCTGCATAGGTC,0
ATGGTGTAAACCATCA,0
ATGGTGTGATACATAA,0
ATGTAAAAAACAATAG,0
ATGTATAAGTGGCTTC,0
ATGTATTCGCTTGAGC,0
ATGTCACCGGATCTAT,0
ATGTGTTAATAACTGA,0
ATGTTACTATGAACGA,0
ATGTTTACAAGGTCCA,0
ATGTTTACTCGGAAAA,0
ATTAAAAAACCCACTG,0
ATTAAATGTGTGCCTC,0
ATTAATTAGCTCTCTA,0
ATTAGTAACGAATGCA,0
ATTCTCTAGGATATGA,0
ATTCTTAGTTAATTGA,0
ATTCTTTCCGAGTAAA,0
ATTGAGTAATCGTTTT,0
ATTGATTGCCAGAACT,0
ATTGGGCGTAGAACAC,0
ATTGTAAAATCTAATT,0
ATTGTACCTGCGATCA,0
ATTGTATAACAGAAAT,0
ATTGTATATTGCCTAT,0
ATTGTCTTGCAACACC,0
ATTGTTTAGACGGAAT,0
ATTTAAAACAGTAACT,0
ATTTAAATGCAACAGA,0
ATTTCAATCAGCAATC,0
ATTTGAATGATTTACA,0
ATTTTACCATCTCGTG,0
ATTTTACGGTTTCGAC,0
ATTTTCCCAATGATAA,0
ATTTTCCTTATCTAAG,0
CAAAAAAAAATAGCCC,0
CAAAAATAGATAGAGA,0
CAAAACCCGCTAACAC,0
CAAAAGACTATTTATG,0
CAAAATAAAAATTCTA,0
CAAAATGATTAACCTA,0
CAAACGCTCCAAGTAA,0
CAAAGAAATACCACGT,0
CAAAGGATACCCGAGT,0
CAAAGTAAACCTGAAA,0
CAAATCTATTGTAAAC,0
CAAATGAAGTAAAACA,0
CAAATGGGTAAGAATC,0
CAACACAATCTAAGTT,0
CAACCAATTTATTAAA,0
CAACCACTCAAAGCTA,0
CAACCCAGAGTAATAC,0
CAACCTTAACCAAACC,0
CAACCTTATTTATCTA,0
CAACGTCCTTTTTGCC,0
CAACGTCGATGGACGC,0
CAAGAACGATTATCTA,0
CAAGGGTATATAACAC,0
CAAGTTAGCTTGTAAT,0
CAAGTTGATTATATTA,0
CAATAAAACAGGGCCA,0
CAATAACGGCGTCAAC,0
CAATATGGTTGCCATC,0
CAATCGATAGACATAG,0
CAATGTAACACGAAAC,0
CAATGTATAATTATAC,0
CAATTACTTACGAGCA,0
CAATTCGTCCATTTAC,0
CAATTTAAAATTCTGT,0
CAATTTGAGTCTATTC,0
CAATTTTGGACTAACA,0
CACAAAACAGCGCTCC,0
CACAACGAAATGGATC,0
CACAAGTAGCCAAAGG,0
CACACACTATGAAAAG,0
CACAGAAAAGATTGAA,0
CACAGGAACAAATTGT,0
CACAGGAAGAGCTAAA,0
CACAGTTGCAATATTT,0
CACATAGGCTTCCACT,0
CACATCCCAATAGATC,0
CACCACATCCAACTAC,0
CACCAGCGAACCTGTA,0
CACCAGTGATATGACA,0
CACCATGAATCACGCA,0
CACCCCACACCGTTAT,0
CACCCCTATTCACAAT,0
CACCCGAATCTTACTA,0
CACCGACTACTCCAAG,0
CACCTACCAAATTTAT,0
CACCTACTAAAAAGGA,0
CACCTATCCGCTAACT,0
CACCTCGCTAAAAAGT,0
CACCTTCACACCCCGA,0
CACGAACAAGATAAAT,0
CACGAACTTTAACATA,0
CACGAATAGCAACAAT,0
CACGCAAACATCTGTC,0
CACGCTCTGTGTCACC,0
CACGGAAAAACAACGA,0
CACTCATAGTCGACAC,0
CACTGGCCATAATTAG,0
CACTTTTGAAATAGCT,0
CAGAAACCCAGAAGTC,0
CAGAAAGAAACCTACA,0
CAGAAATCTAGATACA,0
CAGAACATCAAAAAGT,0
CAGAATAATTGCATCA,0
CAGAATACCATGTTAG,0
CAGACAAAATCCCATC,0
CAGACAAATGCTACAG,0
CAGACAATAGTTGTCC,0
CAGACACTGAACGTTC,0
CAGACAGCTATAATAA,0
CAGACCACAGATATTA,0
CAGACCATACGCGATA,0
CAGACGAAGCAGACGT,0
CAGACTCAGTTTTCAA,0
CAGATAGCCGTTTCGA,0
CAGATGACACATGCTT,0
CAGATGGCTTGTATCC,0
CAGATTTCGTCACATA,0
CAGCATTAAAAAGCGC,0
CAGCCAGACCCGCCTT,0
CAGCCGAACAATACGT,0
CAGCCTATGCTCAAGC,0
CAGCGATCGAAAATGA,0
CAGCTGGCCGTCCCTT,0
CAGCTTTACATATTAA,0
CAGGACTTCCCATGGA,0
CAGGCCATGAATATGC,0
CAGGGTAACACACCTA,0
CAGGTTATCGTTCACC,0
CAGTATAATTCCACAA,0
CAGTGAACCTGAATCC,0
CAGTGTATAATCTAAC,0
CAGTGTCTAAGTCCAA,0
CAGTTTCATCTTTGGG,0
CATAAAAATATTAACT,0
CATAAATGCTCAAACG,0
CATAAATTGGGCCATA,0
CATAAGAATCCCAAAA,0
CATAAGCACCTCAAAC,0
CATAATAATGATAAAG,0
CATACCCCGCTCACTA,0
CATACTCAAAACGTTG,0
CATAGAGCGTAAACGA,0
CATAGTGCGTTACTCA,0
CATATACCTACTACAA,0
CATATATAACCGGTGC,0
CATCAAAATCGTGGGA,0
CATCAAGTATACACGG,0
CATCAATTCTATTATA,0
CATCACGATCCCCAAT,0
CATCATTACCAGAGCT,0
CATCCAGACCGTTTAA,0
CATCCAGGATTGGAAA,0
CATCCATGACTGACCG,0
CATCCTAAGTCTTAGA,0
CATCCTATTAAAAAAA,0
CATCGCTTAACAACGT,0
CATCTCAAGCAATATA,0
CATCTTTCGAAAACAA,0
CATGACAAAACAACCT,0
CATGACGCCCCGGGAT,0
CATGCCCGGAACCTAC,0
CATGGGAGCGGAATTT,0
CATGTAAAGAGAACTT,0
CATGTAATTAGACTAT,0
CATGTCTACAACAAGC,0
CATGTGGAGGCTAAAG,0
CATTAACACAGAAGAT,0
CATTACAAATAACCAA,0
CATTATCATTGCAGAT,0
CATTATGTTTAACACG,0
CATTATTCGTTTGGAC,0
CATTCATTATCCAAGA,0
CATTCTTTACGCAGTT,0
CATTGAACCCAAACCT,0
CATTTGCCTGGCTCCA,0
CCAAAAGTTGAAATCG,0
CCAAACCGACCGAACC,0
CCAAAGCATAAGAAAA,0
CCAAATGATGTAAAGT,0
CCAACAAAAACAACCA,0
CCAACTCCCTCGGAAA,0
CCAAGAATTCAGAAGG,0
CCAAGCAATGAGTTTA,0
CCAAGCGAAGGCGTTT,0
CCAAGGATCCAGTTAA,0
CCAATGTAAGGGCACA,0
CCACCGCTTCATTAGC,0
CCACGGAAGTGATGGC,0
CCACGTCAGGACAATT,0
CCACTAATCACTATTG,0
CCAGAAAGGAAAAAAA,0
CCAGACGGAGAGAGCT,0
CCAGATCCGTCCTTGG,0
CCAGCAGACGTATGGC,0
CCAGGAATAGAATACA,0
CCAGGACCTGCCCACA,0
CCAGGCAAACTTAAAG,0
CCAGGTGATTGATATA,0
CCATAAAACAAGAGTG,0
CCATAAACTACCGGGC,0
CCATAACCCCCTTACA,0
CCATAGATTCATCAAA,0
CCATAGGCCGCGACTA,0
CCATCCCCAATACCAG,0
CCATGTAATACTCCAA,0
CCATTAAATGATATCC,0
CCATTTCCGTAATAAG,0
CCCACGCATGAAAACC,0
CCCATACGATAAAGTT,0
CCCCAAAAGCGAGCTT,0
CCCCGTAAAATCTAAG,0
CCCCTAAGTTAGGACG,0
CCCCTAGTCCCTTATG,0
CCCGAATAAAAAACCT,0
CCCGAGAATATCGCCT,0
CCCGCACTCAGCAAAA,0
CCCGCATACGAATTAT,0
CCCGGAGGCTTTTACT,0
CCCGTTAATAACATTA,0
CCCTAAATAGATGCAA,0
CCCTCGAAACAGTTTA,0
CCCTGGCGCAACAACT,0
CCCTTTGACTATCACA,0
CCGACTACTATTACGC,0
CCGATATAAACTAATC,0
CCGCCACGGTGTCTCC,0
CCGCTCTAATAAGATG,0
CCGTCCCAATATCTAT,0
CCGTTTCACCAAGCGA,0
CCGTTTTTTTGCGGCT,0
CCTAAGGACAGGAGAC,0
CCTAATACCCGGCGAT,0
CCTACCGAAATGGCAT,0
CCTATTAGTATCAGAT,0
CCTCCCAAATCCAACA,0
CCTCCTGACTACCCCA,0
CCTGAATACTGGCTTT,0
CCTGCGACATCAAGCT,0
CCTGGAACTGTCGATG,0
CCTGGCAAAACACTGC,0
CCTTAATAATTTTTGC,0
CCTTACTTGCAATCGC,0
CGAACGTAACTATCCT,0
CGAAGATTATCATTAA,0
CGAATGAGTACTGAAT,0
CGAATGCGATTGTAGG,0
CGACAAATGAGATCGA,0
CGACCAAAAAGCAACC,0
CGACCAAAATTCTTCG,0
CGACGCACACCAAAAT,0
CGACGCCGGTAAAAAC,0
CGACGGAAGATAAACT,0
CGACGTATTAAGACCG,0
CGACTCCACAAAGATA,0
CGAGGAATACACTCTT,0
CGAGTACTACTGACAA,0
CGAGTGAAATAACATA,0
CGATACATGGTCAGGA,0
CGATTCTATCAGCTCG,0
CGCAATGAGTAAAAAG,0
CGCACCTTAGCTACTA,0
CGCACGAATCTTGATG,0
CGCCAAAAAGAACTTG,0
CGCCCAAAAATTACAA,0
CGCCGACTAGACTCAG,0
CGCGAAATTAAATATT,0
CGCGCGTGAGACTTTC,0
CGCGTGATACACTTCT,0
CGCTAATGAATATGAC,0
CGCTTTAATACCATTT,0
CGGAAACGAACCTATT,0
CGGAACTGTCGCCGTA,0
CGGATAAAGTAAAAGA,0
CGGCGAGGTAGGTATA,0
CGGCTTTCGATACAAA,0
CGGTAAACAACAAAAA,0
CGGTAAAGCAAGGGAA,0
CGGTCTGAATCCGGTA,0
CGGTTCCTAATGGACT,0
CGTAAAAATGATAAGT,0
CGTAAACTACTTGGCT,0
CGTAAATCCTTTGTGA,0
CGTAATAACAACTAGC,0
CGTAGCCGGAAAGATA,0
CGTAGTAATGGTAACA,0
CGTAGTATCATAGGTT,0
CGTATATAACATAATT,0
CGTATTCAGTCAGTAG,0
CGTCAATGGTCTACCA,0
CGTCCAGAATCACAGA,0
CGTCGAGATACCCCCA,0
CGTCGCCAAGAAATTC,0
CGTGGCTGGAAGGGGT,0
CGTTCACTAGGACAAA,0
CGTTGAAAAGAACCTT,0
CGTTGCTTAAAAGTCA,0
CTAAATACCCGTGTAA,0
CTAACCTTAACATGCT,0
CTAAGAACACTGAATC,0
CTAAGAAGAGCCTCTA,0
CTAAGAGTACCGAATC,0
CTAATGAGAATCCACC,0
CTAATTGGACTATAAC,0
CTACAAAAGGTCATGA,0
CTACACCGAGCGAAGT,0
CTACACTGTCGACGGG,0
CTACATAAAACGCCTC,0
CTACCGTCCGCTGATT,0
CTACGAGAGTCTAATT,0
CTACTATTTTCTTACC,0
CTACTCTCAATACGCT,0
CTAGCAAACCTAAGTC,0
CTAGTACCACCCCACA,0
CTATACCGGAGAATTA,0
CTATAGCTGACTACTC,0
CTATATAAAACTGGTG,0
CTATCAGTGATTTCAT,0
CTATCTATCACACTGG,0
CTATTCCAAAGCTGAT,0
CTCAAATAAAAAAACA,0
CTCACAGCGACCGAAT,0
CTCACTACCCCAAAGT,0
CTCAGAACGCGAAACC,0
CTCATATACAAAGAAT,0
CTCATGTAAATTTAAC,0
CTCCAATCTAATGGGC,0
CTCGCCTGTGGGGCGG,0
CTCGGAACTAGACAAA,0
CTCGGCTACCAAACGG,0
CTCTCTAAAAACTAAC,0
CTCTTAGAAATGAAGA,0
CTCTTATATCACCTGT,0
CTGAAATACGAATTCT,0
CTGACCCGTCCAGAGA,0
CTGACCGAAATCACCC,0
CTGAGAGAACAAAGCA,0
CTGAGGAGACTTCCTC,0
CTGATACTAAACCAAT,0
CTGATGCAATTGTTGC,0
CTGATTATATTATAAA,0
CTGCGAACACCGATAT,0
CTGCGAGGAAACACTT,0
CTGCTGAATGCAACGG,0
CTGCTGGTTAAGTCTC,0
CTGGACAGTACAATTT,0
CTGGATGTAGAGGATT,0
CTGGGAACCTAATAAG,0
CTGGGCTAACATTCCT,0
CTGGGTCAAGCTGATC,0
CTGTTGGAGGCAGAGG,0
CTTAAAAATTGATAAG,0
CTTAAGAGTTTATTCG,0
CTTAAGCGTCACGCCC,0
CTTACCTTGCCCTATT,0
CTTAGACTACCATATC,0
CTTAGCCGCCCTCATG,0
CTTAGTCCCGTACTAT,0
CTTATGCATTGCAAAA,0
CTTCAATTATTTCAAG,0
CTTCAGTTGGGTATTA,0
CTTCGAATTCACGCTC,0
CTTCGTATTAAAATTT,0
CTTCTACGCGAAGAAA,0
CTTGTATACGAGAGGT,0
CTTTAAATATAAGAGA,0
CTTTCCAAGTAATCTT,0
GAAAAACGAAGGAAAG,0
GAAAAATCACAAATAG,0
GAAAAATGATAAAATA,0
GAAAACATTTCATTAA,0
GAAAACCAACGCAACG,0
GAAAACGACAAGAACG,0
GAAAATGAATCTATGT,0
GAAACCCGTCCAGTCT,0
GAAAGAATATATCGCC,0
GAAAGCTAAAAATTCA,0
GAAAGGGAGTAATGAC,0
GAAAGTAATCAACCTG,0
GAAATAAATTCACAGA,0
GAACAAAAAACAAGTA,0
GAACAAGTAGGCTTAT,0
GAACAATTTTCAACAT,0
GAACACCCAAAGATCC,0
GAACCAAAAATCGGCA,0
GAACGTCCTATTTTAA,0
GAACTTCGAAAGGGCG,0
GAAGAATTACAATGTA,0
GAAGATAAAGTACACC,0
GAAGCAATAGCCTTCA,0
GAAGCACTTCTTCAAT,0
GAAGCGACTACAAATT,0
GAAGGCATGGTGGCCC,0
GAAGGCCGTAAAAGAC,0
GAAGGTATAAATTACA,0
GAAGTACTAGTATACA,0
GAAGTCTGAACAGTCG,0
GAAGTGCGCAAAAAGG,0
GAAGTTTCATCGCTCA,0
GAATATCAAGTTGAGT,0
GAATATCATAGATATA,0
GAATGAACTAATACTA,0
GAATGCGTGCATCGGA,0
GAATTAAAAATCAATA,0
GAATTCAGAAATGTCT,0
GAATTGCCAACAGTCA,0
GAATTTTATGATTAAA,0
GAATTTTCGATTCCCA,0
GACAAGGATGGTACCT,0
GACAAGTACTCTCATT,0
GACAGTAGTTCAGGTA,0
GACATACCGCTACCTT,0
GACCACAAGAGAAGAA,0
GACCACTAATGATTAT,0
GACCCAAAAGAACACC,0
GACCCGGGCGAATCAA,0
GACCGAAAGATCGAAA,0
GACCGTAGTACCGCTC,0
GACGAAAACAATCGGG,0
GACGAACTGTGGTACT,0
GACGACTGTTCCAGTT,0
GACGAGAGGTAACAAC,0
GACGTAACCTTCAGCG,0
GACGTACTCTGACTCT,0
GACTCATAATTGAAAT,0
GACTTAATTCCATCCT,0
GACTTCCCTGTAAACC,0
GACTTTAAACGGACAT,0
GAGAAAGTTTATTGTA,0
GAGAACCCTACCAAAG,0
GAGAAGCCCTCTGGCA,0
GAGACCGAAACTCAGA,0
GAGACTGGTATTGACA,0
GAGACTTGACGGCAGA,0
GAGATACCAAATGACT,0
GAGATCACCTATTCAT,0
GAGATTTAACTTAACT,0
GAGATTTATATTTCAT,0
GAGCAAAAAAGAGCTA,0
GAGCAACCCACTTTTA,0
GAGCACGATCTCTTTA,0
GAGCATCCAGAATAAT,0
GAGCCTAGAGTCAACC,0
GAGCGCCTATAATGGG,0
GAGCGGAAAACTATCG,0
GAGCGTATGCCGCGTA,0
GAGGACGAATTATGAC,0
GAGGATTAACCTTACC,0
GAGGTCGTAGAGATTT,0
GAGTAAAACTATTTAA,0
GAGTAATGTGGAAATG,0
GAGTCATGTCCATTCA,0
GAGTGCCGATGCACGA,0
GAGTTAACAGGTAGCA,0
GAGTTATTCACCACTT,0
GATAAAAATATGAATG,0
GATAAAAGCAAGGAGG,0
GATAAAATGCTAACTA,0
GATAATACAAGACCTC,0
GATAATGTTAAAAGTA,0
GATACAATGCAATTTA,0
GATACAGGCCTGAACA,0
GATACCAAACATAATT,0
GATACGCGCTTTCTCT,0
GATAGAGTGATGCGCT,0
GATAGTTATTAAAGAT,0
GATATACCTTATCTTT,0
GATATAGTTCGCGAAT,0
GATATCAAGTACATTT,0
GATATCCTGGACTACT,0
GATATGAGCATGACAC,0
GATATGCGCTTCGGCC,0
GATCAGGACACATAAC,0
GATCGAAAGATTATCA,0
GATCTACACTAAAAAT,0
GATCTGTTCAAAATAG,0
GATGAACGGGTGAAAA,0
GATGAAGTCAAACGAG,0
GATGCAAACGAAAATG,0
GATGCAAGTTATCAAA,0
GATGCCAATTTAGTGA,0
GATGCTGAGAACCGTC,0
GATGGATTTCACAGCT,0
GATGGGACTGCTACAC,0
GATGTGCGCGAAATTT,0
GATGTTCACCTTATAG,0
GATTACAAAGATCGTC,0
GATTATTAGGAAATCT,0
GATTCCATATACAACT,0
GATTGACGGCAGGATA,0
GATTGCAAAATTTCAT,0
GATTTAAGCAGTCATT,0
GATTTCCTCTGAGATA,0
GCAAAAAAGCAAACAG,0
GCAAAACCCGGAAATA,0
GCAAACCGCCGTATAG,0
GCAAATTCGATACCGA,0
GCAACTTCAGGTATTG,0
GCAAGGATATAAAACA,0
GCAAGGGACCTAAACA,0
GCAATATTCCTCAAGA,0
GCAATCCACACGAACG,0
GCAATGATAAATTTAG,0
GCAATTAATTAGAGAA,0
GCACAAAACAGAGTTA,0
GCACAGGGAATGCATA,0
GCACATATAAACTCCA,0
GCACCCAATGATCTAG,0
GCACCTCAGTTCTCGC,0
GCACGAAGTTCATACC,0
GCACTCGCCCTCAGCA,0
GCAGATGGCCTCTCAA,0
GCAGGAACACCATGGC,0
GCAGGCACGTTCCTAC,0
GCAGTGAAACTGGGTC,0
GCAGTTTGCCCCCTGA,0
GCATAAGAGGACTGTT,0
GCATGCCCCTCATACA,0
GCATTCGGGATATATG,0
GCATTTTTATCAGCAG,0
GCCAACGATAAAGAAC,0
GCCACAAATTACTTCA,0
GCCACCATATCCCAAA,0
GCCACGACTGACCTCT,0
GCCACGCGGTAAAATA,0
GCCACTAAGCAAGTGC,0
GCCACTGTATCACCCA,0
GCCATCTGCCACCAAC,0
GCCATCTTTACATAGT,0
GCCATGAGCGAAGCAT,0
GCCCGGCTGTCACCTG,0
GCCCGTAAAATGCTAA,0
GCCGGATACACCGACC,0
GCCGGATTCTCGTACA,0
GCCGTAGATATCAGCC,0
GCCTAGACACCAGACA,0
GCGAACGAGTTGGAAA,0
GCGACACTCTCCCGAC,0
GCGATTACCAGGGCAA,0
GCGCACTACGACCCAC,0
GCGCATAAATGGGATC,0
GCGCCGACAGTTGCCC,0
GCGCTAATAGAAAAGT,0
GCGGCAACCGAGTGAA,0
GCGGCCGCGATGGAAA,0
GCGGTGCTAAACCTCA,0
GCGTCGGCTTATAGCA,0
GCGTGACAAATGCGAG,0
GCTAAAACACGTGCGT,0
GCTAAACGTATGCTAC,0
GCTAACAGCCAGCTTC,0
GCTAAGTTAACTATTG,0
GCTACAAACAATAACG,0
GCTACATATTGAGAAA,0
GCTAGACATTAATATG,0
GCTATATTATGTTGAA,0
GCTATGGCCATCAACT,0
GCTCCAACGTTCATAC,0
GCTCTACAACAAACCC,0
GCTGGACGTACATTGA,0
GCTGTATACATATATA,0
GCTTAACCGAAGACAC,0
GCTTAACGTGAGTTAA,0
GCTTAACGTTAACACG,0
GCTTCATAAGAACCAC,0
GCTTGCATACTAAAAA,0
GGAAAAATAGATGATA,0
GGAAAAATGTAATATA,0
GGAAAATCCTAAAACG,0
GGAAATAATTGACATC,0
GGAACATGGTCCAGAA,0
GGAACATTTTTAGCAC,0
GGAAGATCCCTTCGCA,0
GGAATGAGCTACCAGC,0
GGACAATCGATTCGCT,0
GGACACAATATGACTT,0
GGACCTGTATTAAGAC,0
GGACGCCATGTAAATT,0
GGACGGATGAATAAGA,0
GGACGTCCCAGATAGC,0
GGACTAAAGACACACA,0
GGAGAGAAACTCTAAA,0
GGAGGAACGGAAACCA,0
GGAGGTAAAGCAAACG,0
GGAGTACACCTAAACA,0
GGAGTATCCAGGCACC,0
GGATACCATTTCTACG,0
GGATACCCAAAGCATC,0
GGATAGTATGAACAAT,0
GGATATCCCTGCCTAC,0
GGATATGAGTATACTT,0
GGATCCATAGATAACG,0
GGATCCTACGTCAAGA,0
GGATGATAGAACGTAA,0
GGATGGAAAATGATGC,0
GGATTAACACAGCATG,0
GGATTAGACATAAACC,0
GGATTGATATTAAAGA,0
GGCAAAGAAGTATAAT,0
GGCAAATAATCTCGAC,0
GGCACCACGCTCTTTC,0
GGCAGCTATACACCTC,0
GGCAGTAATTCGTCCA,0
GGCATATTGCTGATAG,0
GGCCCAATAGTTAAAA,0
GGCGCCTCTTTATCCG,0
GGCGGAAGATCCGAAA,0
GGCGTACTGGATATGA,0
GGCGTGCCTGATTGAT,0
GGCTCTTCATTAAATC,0
GGCTTTTGCAACATTT,0
GGGAATACTCCAAGTA,0
GGGACAGCAGTACACA,0
GGGAGACTTGAATAGC,0
GGGCAGGGGAAGTGTC,0
GGGCCTCAAAACCCAG,0
GGGCCTCTGCTAAAAG,0
GGGCGATTACAAAATC,0
GGGGGACTATCGATTA,0
GGGTAACAATTGGAAT,0
GGGTTGATGGAAGCTT,0
GGTAAACCAGCCAGAG,0
GGTAAAGATTCAAAAT,0
GGTAAGAATTTACCCC,0
GGTAAGTATTAACCAA,0
GGTCCAGACCGAGAGC,0
GGTCCGACCGCTCCGA,0
GGTTAGCGAACTTGCC,0
GGTTATACTGTTAAAA,0
GGTTCATACAGGAGCA,0
GGTTCCCAACTCAAAT,0
GGTTTTATGAGTACAT,0
GTAAAAATAAGAAGAA,0
GTAAACAAAAGTCATA,0
GTAAAGAGTCTACGTT,0
GTAAATCCGGTCCAAA,0
GTAAGAGGTTGATTAT,0
GTAATAAATCAGACAG,0
GTAATACTGCTAAAAA,0
GTACAAGGAAGGCCCT,0
GTACATGAGAGGTTTC,0
GTACATGCAAAAACGC,0
GTACCTAAACAGAATT,0
GTACCTGTCACAAAGA,0
GTACGCCACGAACGGT,0
GTACTGATGCTTTCCC,0
GTACTTATTAATCGCC,0
GTAGACACATAAGGTG,0
GTAGCTAAAACTCCAA,0
GTATAGCATATGCACA,0
GTATATAACATCATAC,0
GTATGATTTTTGAGCG,0
GTCAAATTTCCGTACT,0
GTCAGCCCGATTGAAG,0
GTCCATCGCCAGACTA,0
GTCCGTCGAAATGCAT,0
GTCGAAATGAGATATT,0
GTCGAAGGTGACTAAA,0
GTCGAGAAAATTAGAC,0
GTCGCAAACCCTACTT,0
GTCTAAATAAGATTAG,0
GTCTATTCCTTTTTAA,0
GTCTGAGTAGTAGGAA,0
GTGAACACATTTCGAA,0
GTGACACCGGTACGTT,0
GTGACCTAAGTAACCA,0
GTGACGAAGGAAAAAG,0
GTGAGTCCCTGTGGCG,0
GTGCAAACCTAGGACG,0
GTGCACGCTGCATTGC,0
GTGCCCTCTTAATGAA,0
GTGCGTCACAATTTAT,0
GTGGTCCGTATTGCGG,0
GTGGTGATCGTGCATT,0
GTGTTGAGAACCCCAA,0
GTTAAAATTGAGCTAT,0
GTTACAAGTAACGAGG,0
GTTACTGAAGGAACAT,0
GTTATAGCATTCCGAA,0
GTTATCACTCAACTCC,0
GTTCCTACGTCCTCAC,0
GTTCGTTGACTGTCAA,0
GTTCTAAACTAGAATC,0
GTTCTCTGCTACCGGC,0
GTTGAAGTACATCCGT,0
GTTGACATAGCACGAG,0
GTTGAGTCAGAAACCT,0
GTTGTAACCACTCTGG,0
GTTGTGACTGCAACCG,0
GTTGTGGCAGCAAGTA,0
GTTTATACGATATAAA,0
GTTTCTGGGCATCACA,0
GTTTGACCAACAGCGG,0
GTTTGTTGCTATGAAA,0
TAAAAAAAGAGTTGAT,0
TAAAAACCAATGCTAC,0
TAAAAACTACGCACGA,0
TAAAAAGGCAACCACA,0
TAAAAAGTTGGTATCT,0
TAAAAATATCTTAAAT,0
TAAAAATGTACTGACT,0
TAAAACATCAAGACCG,0
TAAAATATGAGGAGTA,0
TAAAATCCCAAAGCTG,0
TAAACAAGGTACGATT,0
TAAACACATTCAGGTC,0
TAAACCAAGGTAGCAA,0
TAAACGACCAGGCTAA,0
TAAAGAATGAAACTTT,0
TAAAGTGAGAATGAAA,0
TAAATAAAGACGCAAC,0
TAAATAGGGCTTAAAT,0
TAAATATGAAACCCTC,0
TAAATTCCCCTACGAT,0
TAACAACTAGTTATAA,0
TAACACACATAGTCTG,0
TAACAGCATAAGACAA,0
TAACATAGCTTGACTT,0
TAACATCATTTAACAC,0
TAACATGTACGCTTCT,0
TAACCAAGCTCCAAAG,0
TAACCAAGGTATTTCT,0
TAACCGGGGCCCTATA,0
TAACGCCATTGAGACA,0
TAACTAGAGAAGACAA,0
TAACTATCAATAGTGG,0
TAACTCGCGTACAACT,0
TAACTGAGCACTACTC,0
TAACTTAACATATCCC,0
TAAGAAAAGATCTGCT,0
TAAGAAGCAACTATAC,0
TAAGAGCAACAAGAGC,0
TAAGCCAATGTGACAA,0
TAAGGAGGAGTTGTAG,0
TAAGTAAGAAAGATAG,0
TAAGTAATCTTACTCG,0
TAAGTGCTATACTAGA,0
TAAGTGGAACTCTCGA,0
TAAGTTTACCTTTAAC,0
TAATAAAACCAAGACT,0
TAATAAATGAATACCA,0
TAATAACTCTCATCAA,0
TAATAGTGAACACGAA,0
TAATCAAAGACTCTTT,0
TAATCAAATTACCAGG,0
TAATCATGAGGTAGAG,0
TAATCCCATTAGAGAC,0
TAATCCCTTAAAACAA,0
TAATCCTAACCATACT,0
TAATCGAGAAGAAAAT,0
TAATCTTTTAAGTAAC,0
TAATTAAAAGAAGTCT,0
TAATTATTTTTGCCTT,0
TAATTCAAAGTTTAGG,0
TAATTTTAACCTCATG,0
TACAAAATTCAAAATC,0
TACAACAAAAAAAAAA,0
TACAAGGCCCATCGTT,0
TACACACTGGCAATGA,0
TACACCGAAGACTTTT,0
TACACCGAATACATTC,0
TACACCGATGAAAATT,0
TACACTTTATGGTCCA,0
TACAGAATAACGTCAA,0
TACATAACAAGGGAAC,0
TACATACGTAGTAAAG,0
TACCAAAAAATATAAC,0
TACCCGAATTGAACCC,0
TACCGAACAAACGAGT,0
TACGAACCAGAGGACC,0
TACGAATGCTGTTGGC,0
TACGAGGAATCCTATG,0
TACGCATCAATTTAGT,0
TACGCGATAAAAGTAA,0
TACGTAGAAGAAAAGA,0
TACTATCGCACCGTAG,0
TACTCAGTTTAACCAA,0
TACTCTAAAGCGAGAT,0
TACTCTAACAAAAGGG,0
TACTGTCGAGGGTCCT,0
TACTGTCTCTTGAATA,0
TACTTCACCCCTGGAA,0
TAGAAAGACAAAAGAT,0
TAGAAAGCATATAAAT,0
TAGACCACTGGTCGAC,0
TAGACTACACTTTCTA,0
TAGAGAAATTAAAGAT,0
TAGAGCTGGTGTGCAC,0
TAGAGTCTGGATGACC,0
TAGATTCTAAACTCGT,0
TAGCAAGCAGGCAAAT,0
TAGCAAGTCTATCAAA,0
TAGCCCCAGCTATATT,0
TAGCCGTTTTGCACCT,0
TAGCCTACAATGTAAA,0
TAGCGTTCGCTGCCTT,0
TAGCGTTGTTACTCCA,0
TAGCGTTTTGCGACGT,0
TAGCTTAACGGCGCTC,0
TAGGAAACGGAACATA,0
TAGGAATCAAGGAAAC,0
TAGGACGACCTCAGTG,0
TAGGATAACTGAAGTC,0
TAGGGGGCAATCGTAC,0
TAGGTCCCCGTGGGCG,0
TAGTAACAGTACTTTG,0
TAGTCACCGTCCGATG,0
TAGTTGAGTTGCTTGC,0
TAGTTGTTGTCGCGAC,0
TATAAAGGAGACACTG,0
TATAAATACGCCACAG,0
TATAATAATCCACAAA,0
TATAATCTATGGAGAA,0
TATAATCTCTTCTATA,0
TATAATTGAATCATGA,0
TATAGCATGCCAGTGA,0
TATATAGCTAATAGTA,0
TATATGGAAACCAATT,0
TATATTAACAAGAAGA,0
TATCACAAATACCACA,0
TATCCCTAGGACAAGC,0
TATCGATTCTAATGAC,0
TATCGGTGCCATAATA,0
TATCTTATTCAACAAA,0
TATGAACCGTAAACGT,0
TATGACTTTTGGGGCG,0
TATGAGGGTATACGAT,0
TATGCACGATGTAGAA,0
TATGCAGATCTTACCA,0
TATGCATACAACCCTA,0
TATGCCCAAAATTCTG,0
TATGCTAAGATATTTG,0
TATGGAAGTAACGTGT,0
TATGGGCTAAAGTACA,0
TATGTCCAATGACTAA,0
TATGTGATAATCCACA,0
TATGTTGAATTTAGGT,0
TATTATCGCGGAGTAG,0
TATTCCGCCATGCAGC,0
TATTGTAAGCCAATTC,0
TATTTAAATTACCAGC,0
TATTTGTGCCTCCTGT,0
TCAAAAATAGGTCTGC,0
TCAAAATGTATGTTCA,0
TCAAATTCCGACTATC,0
TCAACTGAAAGGTAAG,0
TCAAGATTCGTCATGT,0
TCAATACGGAACATTA,0
TCAATTAATTCGAACG,0
TCACAGAGACAAATCG,0
TCACAGCAACCCGGTA,0
TCACATATTGATAAGA,0
TCACCGTTATACCACG,0
TCACCTTAAGATGTAT,0
TCACTCTAGGAAGTAC,0
TCACTGGTACATAACA,0
TCAGAGAACCATTCGT,0
TCAGAGCTCGTAGATT,0
TCAGCGCAACTCGCAC,0
TCAGTATATCGAATGA,0
TCAGTCTATACTAATT,0
TCATAAGATTGTTCCA,0
TCATACCAAGTATCAA,0
TCATCTCTAGACCATA,0
TCATCTGCAACAATAA,0
TCATGGACATGAGAAT,0
TCATTAAAACGCTTTA,0
TCATTCCTGTTTAAAG,0
TCATTCGCACAAACAA,0
TCCAAATCCGTCCCGG,0
TCCAAGCTACACACGT,0
TCCAATACGAAATTTC,0
TCCAATGAATTGCATC,0
TCCACTTGAGTATAGT,0
TCCATCGGACAACCAC,0
TCCCAATATTCCCCAA,0
TCCCACCGTCAATTTA,0
TCCCATCTATCTACCT,0
TCCCCATAAGAAACAT,0
TCCCCTCTACAAACTT,0
TCCCTGTTCGACTTCC,0
TCCGGTAACTCTAAAC,0
TCCTACCTAAAACAAA,0
TCCTCCGCCTGTTTCC,0
TCCTCGATATCTAACA,0
TCCTCTCAAACGGCAG,0
TCCTGGCAGAGGATTG,0
TCCTTCAATATGAATT,0
TCCTTTTTAAATGCTG,0
TCGAAATGATACATGA,0
TCGAACATATAAAATG,0
TCGAATAAAAACGATA,0
TCGACATTTGTTCAGA,0
TCGACCAGGGGCATCA,0
TCGACCATACAAAAAA,0
TCGATGAAGCACACGA,0
TCGCCAATAGTAGAAC,0
TCGCCCAATCTAGTAA,0
TCGCGGCATATCCCCT,0
TCGGAAGTGTCAGATA,0
TCGGAGAATTATGATA,0
TCGGCAACGTTATATT,0
TCGGCCCTTATTAGAT,0
TCGGTAAGACGTAGAG,0
TCGTAAATCAACTCAT,0
TCGTAGCTTTCCATCT,0
TCGTAGTGAGAAGGTG,0
TCTAATGCTTACAGCT,0
TCTACACCGAAGATCA,0
TCTATAATTCATAGGT,0
TCTATTGAAGTAATCC,0
TCTCAACATAGTTGTT,0
TCTCAGAAAAGCTCAA,0
TCTCCCGAGGCACGAT,0
TCTCGAGGGATCCTGC,0
TCTCTTGTATACTTAT,0
TCTGAGACGAGGTTAG,0
TCTGAGAGCGAACACG,0
TCTGCTTCATAAAGGT,0
TCTGTAATATACGCGC,0
TCTTACTCCGTCGGCT,0
TCTTCATATCCCAATA,0
TCTTCCGCAACATCGA,0
TCTTCTCTCTGACGAA,0
TCTTGGAATCAGACGA,0
TCTTTAAATAAAGTCG,0
TGAAAAAACGTATTGA,0
TGAAAACTAGATTGAA,0
TGAAAATAGCACCCGT,0
TGAAAGCATCTTAATC,0
TGAAATTATAGTAATA,0
TGAACGACGACTCATC,0
TGAACTTTGAAGTTGA,0
TGAAGCTCCTTGAAAA,0
TGAAGCTTCGCTTCTG,0
TGAATCCTTCCACAAG,0
TGAATCTGATAAACTC,0
TGACACTCAGGTTTCT,0
TGACCCTATAGTCGTA,0
TGACCGGCTAAGTAAT,0
TGACCTTTCACTAATG,0
TGACGGATACGTTATA,0
TGACTTTCCGGAAAGA,0
TGAGAGCTGAACTACC,0
TGAGCAGAATGACATT,0
TGAGTCCAACATTGCA,0
TGATATAATAGAAACA,0
TGATGCCGGTCAGACA,0
TGCAAACGCTAAGCGG,0
TGCACGCCAAGTGTCA,0
TGCAGTGCTACTCGTA,0
TGCCACCTTTAATCAA,0
TGCCATACCCTAAAAA,0
TGCCCGCATCACCAAT,0
TGCCGCGACCAACTGA,0
TGCCTAGCAAAAGTAT,0
TGCGAACATATAGGAA,0
TGCGACCGACCTCGGT,0
TGCGCTAGACCCTTCA,0
TGCTACCATGTGAATT,0
TGCTCATAGTAGACTG,0
TGCTGAAAATAACAGT,0
TGCTTGGGTACATCAT,0
TGGAATAAATGTGGCA,0
TGGAGATGCATAGCAC,0
TGGCCAGAGCTATTAT,0
TGGGACCGCGAGGCTA,0
TGGGATAAGAGATTAT,0
TGGGCAACACAACCTA,0
TGGTAAAATTTTACAG,0
TGGTACTTCGAAGCAT,0
TGGTAGATAACTGGGC,0
TGGTATCGATACACAT,0
TGGTCTTGATCATACA,0
TGGTGCAATAATCTGG,0
TGGTGGTTAAAATATC,0
TGGTTATTGAAATTCC,0
TGTAACGTCCTAACCC,0
TGTACGCGAAATACGC,0
TGTAGCGTGTCAACAG,0
TGTAGTAGCCATCATA,0
TGTATACCAATCAAAA,0
TGTCACTTTAGAGGTT,0
TGTCTTAATCCAACTT,0
TGTCTTTCATTATTAC,0
TGTGCATTTAACAACT,0
TGTGCGTCACTTAGCA,0
TGTTAAAAATATCGTT,0
TGTTAAAGAGATCAGA,0
TGTTAAGGCCACCTGT,0
TGTTATTTGTAAACGC,0
TGTTTTCAAAATCCAT,0
TGTTTTTAATTCCTGA,0
TTAAAAAACGCCGCTT,0
TTAAAATATGTTGACT,0
TTAAAATTATGTCCGA,0
TTAAACGAGTTATACC,0
TTAAAGATAGACCAAG,0
TTAAAGCCGATAATGG,0
TTAAAGTTCTTCAGAA,0
TTAACGGGCCTACCAG,0
TTAACTTTTATTCAAC,0
TTAATACCAGTAAGCT,0
TTAATACGCTAAGGTC,0
TTAATACTAAGTTTAT,0
TTAATCAATCATTTGT,0
TTAATTGACTTCCGCG,0
TTACAAAAACTTGACT,0
TTACAGATAAACAAAA,0
TTACGAAGCCACGACC,0
TTACGGATCACACTAG,0
TTACTCTGAATCAATT,0
TTAGAATTAGCTATCC,0
TTAGACAGTGATTACT,0
TTAGACCCGTCATAAT,0
TTAGAGAACCTAGCCA,0
TTAGCCCTCCACATGG,0
TTAGCGGATCGAATCA,0
TTAGCGGCCCGACTCT,0
TTAGTACTAGCAACAA,0
TTAGTTAGATTGTATC,0
TTATACATGCAACTTA,0
TTATATATAGATAGCT,0
TTATCCTGACCTTAAT,0
TTATTAAATCAACTGA,0
TTATTAACTATATCAA,0
TTATTCAAGGACCCAA,0
TTATTGGATCCGCAGA,0
TTATTTGAACTTATGA,0
TTCAATCACTAATGGT,0
TTCAATGCCGCTACTA,0
TTCAGTTTTCTCGCGA,0
TTCATGACAACAATAA,0
TTCCAAAAAGTAAACT,0
TTCCAGTAAAGTTTCA,0
TTCCCGCGACTTGCCC,0
TTCCCGGAGCCAGGAG,0
TTCCGATCGAGTCACG,0
TTCCGGTCTACATTAA,0
TTCCGTGACAAACAGT,0
TTCCTTGATTACTCGT,0
TTCGAGTGCACCCGAC,0
TTCGATATCCTATCAC,0
TTCGATATGGGGTGCC,0
TTCGGAACATATCTCC,0
TTCGGCAGCTTTCCTA,0
TTCGGCCTTAGAGAAA,0
TTCTAATCTGTCCTTG,0
TTCTACCCGAGGTCAC,0
TTCTAGTAAAAAATAA,0
TTGAAACGGACCCCCA,0
TTGAACCGATTTAAAA,0
TTGAACGAATCATATC,0
TTGACACATAGGCAGT,0
TTGACCCGATCTAATG,0
TTGACTTTACCCTATC,0
TTGATCCCCACCAAAT,0
TTGATCGTGAATGAAG,0
TTGATTTCCGACGATT,0
TTGCATACCACACTCA,0
TTGCCCTTTCTGTTAC,0
TTGGATCTCCAACGAA,0
TTGGGGGCCATCAATA,0
TTGGGGGCTTAAAAGT,0
TTGTAAAAAAAGATTT,0
TTGTATAGTGAGGGTG,0
TTGTCACTGTAAAGCA,0
TTGTCCCTCGACTACG,0
TTGTGACCAATATAGT,0
TTGTTAAACGTGAATT,0
TTGTTACAAGACAGAA,0
TTGTTTAAACTGTTCA,0
TTTAAGATAGCTATCT,0
TTTAAGATAGTAAAGT,0
TTTAATCTAAACCAGC,0
TTTACATACATAACCA,0
TTTAGACTGGTATTTG,0
TTTAGCTTAGGTCAAA,0
TTTAGGCCCCGATCAG,0
TTTAGTTATACTTTAG,0
TTTATAAGGCTCCCCT,0
TTTATAGCTCATTTCG,0
TTTATCGGACAAACAA,0
TTTCCATCTATCCGTA,0
TTTCCCGGACATACCG,0
TTTCTCCATCGATACA,0
TTTGAAACCACGGTGA,0
TTTGATACCACCGGAC,0
TTTGATAGAATGAGAA,0
TTTGCCTGTGAATCAA,0
TTTGTAATTACCCGCC,0
TTTTAAGAAGGATGCT,0
TTTTACGAAAACCATC,0
TTTTAGCACTCAGTTG,0
TTTTCAAATTCAACTC,0
TTTTCAGAGTTGAAGC,0
TTTTGAGGCTTAAGAT,0
TTTTGTTAGAGTTGCA,0
TTTTTACCCGGGACGT,0
TTTTTCCTGCTAGCGA,0
