barcode,count
GTGCAGTAGTAAAGTA,1824683
CCATCTAGTGGCTAGG,1824539
AGTAGACTCCCTCCAT,1689539
TACGTCGCAATGGTCC,1635303
GCGATTCACGCGTTGG,1504052
TACCCATGGATACGAT,1491158
ATATAGACACGTGACC,1219634
CGTGGCGTTTACACTA,976350
CCCACGCCACGATACA,85048
GGCAACGAGTTCATTG,57894
TAATCCGTGTCTAATC,54752
ACAAGGACAGAGCGAA,50615
AAACAATTCAAGTGGT,45316
TGATGAACAATGTTTT,43557
GATAACGAATAAGCTA,42671
GGCATACATTTAACAT,41334
AGAGACCTGAGAGAAC,40801
GAGGACATGCGCGGTA,40241
ACATTTTCACCTCAAA,39552
GTCGAGATACCCCGCG,39499
ACCCAACAGGTTTTCC,39080
GATATCCCATCTTACC,37700
TAAAAAAATACTAACC,37464
CTGGTCCCTATGTCGC,37420
CGCAAAACCCCAGCCA,36319
AGCTAAAATCTACACT,36226
GAACTCCCCACAAAAG,36168
CATTGCGCCCTACCGG,35783
GCTTTGACCCCAACAG,35263
GCTGAGATCAAACCGC,34756
GCACAATCTGCTCCAT,34635
AGTCGGTTACACCTGT,33680
AGGAACAAGCACTCAA,33401
ATCCACCCAACGTACT,33013
CTAGAGGTCTGCCTTG,32874
TCAATAACGTGCATTG,32495
ATAGATATCATCAAAC,32487
TTCAATGGTGTTCAGA,32436
CTTTATGAATAGACCA,32058
GAAAAAACATCTTAAT,31786
ACATTAGCGACAACAC,31759
CCCTCATCACTTGACG,31508
ACTCTAACTTTCTCCA,31438
GAGCAAAGAAGGATAG,30500
AAATAAAGCGTAAATG,30448
GAAGAATCAGTACTAG,30371
CAAATAATGGAAAGAC,30222
TTCTGGTGGTCGATTC,30195
GCGTTAACCCTGAGCT,30143
CCACGCGTTTAGTCTT,30033
CGAACACCCAATGTGA,29734
AACCACCAACCAGCTT,29530
CGTCACGGCATTACTC,29410
GCGACTCTATAAAAGA,29403
CCAGGGATGAGAGATA,29352
AAACCCTTATGCATTA,29220
ACCCATTTGTCACCCT,28926
GTTTGACGTCGAGGCT,28860
TCAACCTCACACGGCC,28471
AAAACAAATGGAGATC,28254
TGCTAAGCTACGGGCG,28161
ACGGGATACTACCGCT,27879
AAAACTACGAATGAAG,27875
AAAGGAACACTAGACT,27687
AGGATATAAAAACTAC,27655
TATTCCCGTAGTCGGA,27080
GGAAGATTCACCTAAA,26760
GAGGACTATGCAGGGG,26643
AATGAATGACAAAAAA,26410
GCAGCCCAGAATCTAA,26404
GTCCAAAATCCAGCTA,26041
TGATAAATACTGGAAC,25984
GATAGGATAGAACCAT,25966
AAACACATCTTTATTG,25913
GGTAATATATTAAAAT,25750
TTCCAGAAGGTAGACT,25749
ACTAACAATCCATTTC,25718
TGATACGGCCAAAACA,25561
TGCCGATCGACGTAAG,25536
CTGCACGTGTGTTAGC,25352
TTGTGCGGTTAATACA,25260
TTGCTCGTTCGAGGCT,25257
TCACAGACGCGTGACA,25167
CACAGGCTTGTAATCA,25163
TGTCGTTCGCCGATGT,25156
CAATTGCACGTGAAGG,25042
GTGTTACCTGGAGGCG,24932
TCAAGGGTACTTAGAA,24913
CGACCATAACATCCAA,24869
TGCGCTAAGAAGTAAC,24664
TAAACCGACCAAACGC,24606
TAATGCCACTACGAAG,24589
AACTTCACCTAAGAAG,24512
GAACCCGGATCGCTAG,24487
GTGATCGTAATTATAC,24416
CGAGTTTGTGTTTGCT,24256
CACACCTACTATTTGG,24201
TCGCCTGCAGTCTGCA,24158
TCATTCCAAGAATAGA,24152
CCTACCACAATTGGGC,24072
GCCCAGCAGTGATAGA,23970
AAATGGCCCGAAGCTC,23945
TCTTACCATCAGCCTA,23868
AAGGTTACGAATTTTA,23842
AAAATTACGAAAAAAA,23767
ACCACCACTCAAACTC,23709
GACAATAAAATCAGGA,23693
AATGGATTTGGCACAC,23659
GGGGAGGAAACTGCCT,23617
TGAACTTGGTTCTAAG,23476
GTCATACCTTCAGGCC,23262
CCTGTCACTTGGCTTT,23225
GGACTGTTCTCCAAAT,23163
CCCGTAATACTAAGCC,23133
AGATGATACAACGAAA,23132
GTAAATCTATTACAAT,23038
GCATCCACCTATATAC,22998
AGACTGTCACGGACAA,22945
ACATCGAAAGGACCGC,22871
GCGAAACCAAGCGCAA,22869
TGGTAAAATCACATTA,22869
TTTGACACTGAACTTG,22836
GTCAACAATCTCTACT,22734
TCGCAACATGATGAAA,22680
TACGGGGGAAGCTACC,22588
AGACATGGTTGTTTGA,22574
GTACGACGTTTACAAA,22528
CGATACCCAGGACCTT,22470
TACACAAATGGTATAT,22347
CTGCCCAGATAATTTT,22190
ATTGCCATGGCCGGGT,22044
GAACATAATTATGGAG,22025
AGAAACTATTGAACCG,21981
AGGAATGCCCGTTAAG,21765
ATAGATGACGGGGTGC,21749
TGGAGACCATAACTAC,21702
CCTGACATTCAGTCAA,21665
GTGTTTTGAGCGACGC,21633
ATAACAGACATGACCA,21598
TGACCACGACTTAAGC,21558
GCCACATAGCTCTAGA,21536
TCCATCCCTACGATCC,21508
ATTCGTTGTCGCCAAA,21371
CTTGAACATATGGAAA,21328
TACACGGGATCGACAT,21281
AAATAAAAGAGACTCA,21229
TCTCCCACGACCACCT,21221
AAAACACAAGAAACAA,21189
AACTTGAAAGGTACAG,21157
ATACCAAAGCTCTTGC,21111
TACAAATCTTGAGAGT,21105
TAAGAGGCAAATCAGT,21038
ATATATAAATTCAGTC,20944
AGCAGTAACCACACAA,20876
GCGTAAACTGGGTAAA,20870
CCACAGATAAGCCAGA,20848
ACGGATGCAATTAGTT,20843
CCCCGAGTCAATGGCT,20837
TTGAAAGACTGTAATT,20836
TACCGCCCTAAAACCG,20830
CTACACTAAGTATTAT,20780
ACTTTCTGATCCGCGT,20650
GGACCTTCAAAAAAAG,20643
GCCTTCCATTGCTTTG,20602
CTTATCATATCCAATT,20314
TTGAAGCATAAACATA,20232
TTCCACTGAATGAACT,20209
TGACCTATTTAACGTG,20075
ACAAGACGCGCAGTAT,20032
ACGCTAACATTATGCA,19954
TAAACACATACAGTAA,19919
CCAAGGGGCCGAGCAG,19878
AATTTAGTTCAAGCTG,19847
AGGTCTGACACTTCTA,19812
TCGCCAAGGTCAAAAA,19778
CCCGATGGAGAATAAC,19748
CCCAGAAATTGATCAC,19730
CTACGTGTATAGAATA,19669
AAGACCAACAATTATC,19647
CAAACTACAGGATGCA,19617
AACAAGCATCCACACT,19579
CACTATCTATTGCACC,19575
TTTCCACCCGTCCACC,19566
TTCAACACAAAAAAGT,19521
AGATAGCCTAGCTAAA,19502
AACAATATAAACCCTA,19473
CAAGCGCGCGGTTAGA,19427
TAAACACTGGGCTGTC,19420
AAACCTATTCAAGTTG,19416
CAACCTAAGTTACTCA,19415
GATTGTCATCAAAGAA,19390
GCACTATGTAAGTGAG,19380
AAAAATGCCATTTCAA,19374
TAATTCGAAGCTCGCA,19374
ATATAACGACGCAATT,19352
ATAAGTTTCCCACTCA,19328
CACTAGGGTATTACAA,19297
GCTTTCGATTTCATTT,19233
AGCCTTAGTTACATCA,19202
GGGAGAATGCAAACAG,19146
GATTAATGAGCATCTG,19128
AACTAGTAAAAGTTAC,19018
AGCCGAAGTCCAAACA,18967
CACAGCGACTTACCTT,18965
GATACAACATCCCCAC,18945
CTTTAACTTCGTAACT,18880
GCTTTTATAAAGCCCA,18805
GCAGCCGCGAAGTTCT,18777
CAGGATCTTTGTTGTC,18771
AGTTCACAAAACGCAG,18645
ACCGAAAAACTCTCTT,18631
CCTGAAAGAACGCCTA,18618
CTATTAACAACAAGAA,18607
ACCAACCCATAAAGGA,18588
GCGTCCCTTCGTACAC,18551
AGCTAAGCCTACTCCT,18541
TGCTTCCGCCAAATGC,18375
ATATGCCCATGCATGT,18275
AAAAACAAATACGGTG,18254
CACTTACCCACATTGC,18198
TACGACTTATACGTCG,18196
AGGAATAAAAGTGTAA,18190
GGCTTGAAAAGGAGAG,18170
TCTATACCAACGCGAA,18169
CAATATCTGTGATGTA,18145
AATAATCTGGTTAAGG,18126
ACCGGAACCGTCGAAC,18110
TCACAGATTTAGTACA,18110
AGAGCGAAGCTGTATT,18087
TATAGCACAGGTCCCA,18059
CAGGATAGAATATAAG,18030
GCATAATGATAATGCC,17994
AAAGTCTCGGGGTAGA,17974
TCTGAATACAAAAATT,17966
TTGCCAAAGGACTCAC,17920
GTAAATTTAACTTAAT,17892
AGTCAACTGACCATGA,17887
CATTCTAATTCAAAAA,17886
GAACATACAGCCGGTC,17875
TCGTCTATGGGTAATG,17874
AACATGACTGACAACA,17867
AGATAACTACATCATG,17860
TTACTAAGCGTCTCCA,17779
ACCTCTCAGCATCTAT,17762
AGGTAAAACTTATCTA,17759
CCCAACATATACAGCT,17704
TTTTAATGTTATCAGT,17687
TTCACGAGAATGGCGC,17657
TAACGGTGTTGACTAC,17650
CCAACAACCAATGCAG,17623
GTCAGTAATCTAATGT,17602
CATCTTCTCAACATAA,17507
TCTCACACCAAGATCC,17501
CATCCTCACTTTGAAC,17471
TTAAAACGGTCTAGCT,17442
CTAAAGTTTACGAGTC,17387
GTAAATGGGCATAAGG,17316
GACAAGCAACGCAACT,17303
GAGACCACGATAAAAC,17273
TGTAAAGGTCTGATAT,17252
CTACAACCTTCATAAC,17245
ATAGTTACTATGGGAG,17239
TCGATATAGTTGAGCA,17237
GAAAACAATTATTAAC,17182
TGGTAATGAAACCTTG,17171
AAATCGTCTCCCAATG,17153
TCATATAACGAATGGT,17126
ATTAAAAACAAATATG,17110
AGCCGATTCAATCTCT,17109
CTACAACTAAAAGCAC,17073
TCTATACATACAGAAC,17071
CACCACAACGAGGTGA,16974
TCAGTCAGACTAGTGA,16967
CTATCATTGCTCTCAT,16957
CCCACAATAACGTACT,16860
GGACAAAAGCAACCCA,16858
AAGACTGTTGTCTCAA,16829
TGAAGTAATCCAAAAT,16825
GCCTTTAAAGTCGGTG,16808
ACCCTTCAAATAGATA,16802
TCGGCACCAACATATG,16795
ATTGGGTTAGGAGGAA,16749
GCCTATGAAGCGTAAG,16724
ATCAGCCCGCAACAAG,16697
AATTCCGGAACAATAC,16659
ATCCTCAATACACAGG,16646
CACCACCTCAAAGTCT,16624
CAGGCGGTGGCATAAG,16608
CCATCTCAAATCCCTA,16559
GTAACACAGCATTGAA,16549
TACGAGCTCTCTTAAA,16528
CGTGGATCGAACCCTT,16505
CACTCATACATGACAT,16441
TCATCCTAAATTGTGA,16421
TTACGGAAAGAATTGA,16373
CAAAATCTGAACTCAC,16343
GAGGAAAAATGCTTCC,16332
CAGATAATATAATTTG,16313
CTGAGATCGTGATGCC,16305
TTCCAACCCATTAAAG,16242
AATCTCTTAGAATACT,16233
ACAGGCAATATAAAGA,16187
GTAAAAGAGGTAGTCT,16184
AGAACATACCTGTGAC,16182
CCCAAAATACTAGTAA,16168
AAATGAGAGAAGACCA,16146
CAAATCTTAGGACAAA,16120
TAAAAACTTCTTTAGT,16046
TTGTGCATTATTAATA,16043
TTAAATAAGACAAGGC,16039
AGTCTTAAATCCTTCA,16013
TTATGTATAGAACCCT,15966
ATAAACGGGAATAGGC,15940
CAGGCTGTGTGAAAGA,15930
CAGCAGTCCTATCCGA,15898
GTAGTGCCGCTTACAG,15888
GAATTCTATGATATAC,15882
GATGAATACCCGACGG,15875
TGTAAGGAGCAACAGC,15875
TAGGAAATTAAGAGAA,15870
TATACATGTAGATAAG,15861
CTCTAGAGTAGTGCCA,15853
CCGAAATTACCGTACA,15842
ATTTCTGAAATAATCA,15840
CACCTGCTCTGTATTG,15822
TATTGAAACAGTGCAT,15752
AGCTTACTAAACCCAA,15742
CAATGGCGATAAACGG,15739
AACATAGTAGTTCAAT,15710
TATACCATAACAAATT,15704
TTAATGACGGGGATAC,15694
TTATCGCTACACTGAA,15686
GCCCACAAGCCCACCC,15654
CAATTAGAACTCGATT,15632
CAATATAACATCCTAT,15621
TGGTTAGAGTAGGTAC,15611
GAACTAAGCTTATCTG,15572
CTCATTACTAGGGTAC,15570
AACAAGCCGATAGAAT,15565
TGAATAAATGCTCTAA,15547
ACAAATGGGACACACC,15544
CGACCAAACGTAACCG,15520
TACTGCCGTAACAAAT,15515
CCCTTAGATACCTACC,15507
CGGGCGAAAAATCTAC,15502
ATGACAATTAGACAAG,15488
TTTCGTAGATGCACAA,15483
ACAATCAAGACAGGTA,15459
AAGCTCAAGTTGAAAT,15450
GGATATATCGATTTGA,15440
TAAATCGTCAAAATCC,15435
TTTGCTCACGATCACT,15433
TTCAATATAGAATGAC,15377
GTGAACTATTTATAGA,15346
ATTCGATGAACGAATG,15329
CTGTCGCAGTTCAGTA,15322
ATGCTTGATCGCCAAG,15307
GTCATCCCATCGGAGA,15275
CCCAATTTAATATGAT,15235
CCTGGTCGTTGCTGAT,15232
TCCAATCGCTCTGTAA,15231
TGACCACTCGGAATAA,15220
GGCCAGACGACGCCAT,15214
CAAGCCCAAGCTCGTA,15204
AATAACATCACTATTA,15195
ACTCCCTCATACGACA,15191
TTCCTCAAAAAGCACT,15188
ATGACTTCTCTGGCAT,15178
CAACTCAGCTCTGGCT,15176
GACCATTATAAAATAT,15174
TACTACATCTCGAGAC,15171
ACGCCAACCAGAATTA,15137
ATCTTAAAGCCCCATT,15133
GGTTAGGGCGTAAGAA,15114
GACCGGTAACATTATG,15112
ATTACAGTATAACTGC,15079
AAGCTAGACTAGAGAA,15062
TAGACACCGACTGGAA,15062
GAGACATCAAACCTCC,15029
ATATGGATATCAAACA,15007
ACGTTAAAAAGAACTA,14998
AGGGACGTCGAGACGA,14993
AGTGTCATCACCTAAT,14979
AAAGAGCCTAATACAT,14966
AGTCCTACTTGCCAAG,14958
TTAATCCGGTATAGCA,14933
ACACGACAACCGTTTG,14930
TAGTAACATTTGGTCA,14912
TCTTCCCACACCCTAC,14912
CCTCGAAACGGGTTTG,14894
TGAGTATAAAAGAGTA,14874
CGCTCTATAAAATGAA,14815
GCCGCTTTTCGTTCAC,14801
AAGTCAGCCATCAACG,14767
GGCCACGACAGGTTTC,14760
ATCAAGCGCTTAAATA,14758
TAGCTCGACTTCAAAA,14757
CGACGGCCATACAGCC,14746
AGGCGACTCTATAAAT,14740
AGTCGCCTACGGTGAA,14708
TATTCGAATATACAAT,14706
AGATCCAGGCACTCCT,14704
ACAGACATCTAGAATC,14700
AAAAAGCAAAAACAAC,14694
CGGCTAAATCATAAGT,14673
GGTCTTACAACAGCGC,14670
ACAACCGTTGATAATC,14633
AAAAACAGGCATCTCC,14629
TATGCCTCTACCTAAC,14620
CTAGACGCTACCGAAG,14586
AGTGTTTCACCGGTAA,14576
CCGTTAGGTTAAGCTG,14537
AGCCAAATGTGTGGCA,14532
AGTACACAATTCTACA,14516
TACTCGGTTTCTCGAC,14514
CACTGAGATCATTGCA,14511
CTACATTTGCTGGCAT,14511
TCGCTGCGGGAATTAG,14511
GTTGAAGAAAAAAACC,14502
ATTACTCACAGACACA,14494
GATCCAGTAAATTGAT,14478
CATGCTTAGTGTAACA,14474
CAAACCCGCATAGCAT,14468
TACCGTGACAAAACAG,14462
TTTGGACATCGTCAAT,14458
ATATATAAAGCACCCC,14438
TGTTGGCAATAAAAAC,14436
GATAAGCTACATCTAA,14430
AAGATACCACCCAAGC,14405
CTCTCCTGCCGTACAC,14381
GTACAGACCCCACTCT,14367
GTGTTAATTGTCAAGT,14341
GGAATGTTATTAGTCC,14323
CATGACAAAGTTGGTA,14318
CTACAAACCATCACAG,14314
GCACAACCTTCCTTCA,14313
GATGCTTCTGAAGAGG,14297
TCACACAAGACATCCA,14292
GGAACTATTTCCACCA,14265
GAGCTAATGGGCCCGT,14262
AAAAACAGGACCATAG,14252
GAAAATACTGGAAATC,14251
GACCGGTACTTGCGAG,14250
AGACCTCTAACTTTGG,14231
GGTAAACAACCATCAT,14228
TACAATAACTCACAGT,14212
GATACGTTGAAGGCCG,14203
AAGAGCTCAGACGTTT,14193
GCATCATAAGGAGTCT,14183
TGCATTTTTATCCCAT,14179
GAGCCTGTTTAAAAAG,14175
TCACTGACGCATAATG,14173
CTATCGTCCATTAAAT,14160
CACGGATGAAGATCAG,14155
ATCAAAACAGATACGT,14148
ATTATTCAAACTGATC,14137
AGTATACTACACATGG,14132
AGTCACTGGACACATA,14132
GCAACAACATAGGAAT,14130
TCCAAGTTATCATAAT,14125
AACTACAATCTACCAA,14111
ATGAGCAGCGACCGGA,14095
GCACACCAAGTGCGCG,14092
ATTACCGGCACAATAC,14087
GAATTGAAACAATGAC,14061
CAATAACTAGTAAACA,14055
ACAACCCCTCTATAGA,13996
ATACCACTATGTGAAA,13991
GGGGCGAAATTTACAT,13956
AAAGACGAGCAAATGG,13948
AATCTGGCGGCAACTC,13933
AGATTAAGTCGCCAAA,13920
GTAGCGAAGCACCGTC,13919
TGTTGTAATATACTAA,13916
ACTGGCTCCATAATTA,13911
GGAGTTCCAGGACATC,13877
ACAGTCCAAAGGACTA,13862
GTGTGCTCCGAATACA,13853
CTGTGAGTGAGACATA,13833
ACAAAACATAGAAGCG,13830
ATCGCCGCACCAGGTC,13826
GCAACTCAGGTCCGAA,13825
TTTTTGGAAATCCCGA,13816
CGGATAGAAATCCAGA,13811
GTCAGGCTAGCTGATG,13792
GTAAGACAACTCATAA,13786
TGACCAGCTGAATGAC,13767
CTCGAAACGTTTGTGC,13728
TATCTGATTCCCACGG,13723
TCGTGAACACAAGGAA,13711
AATTGTCCATCCAGGA,13694
CGCCCACAACAGCTGT,13694
TTGAAAAATCATTTAT,13692
TCTTCAGGGTAAGGTT,13688
GTAAACATGAAGTATG,13680
TTAGATCCAGATACAA,13676
CTCTCCGAAACTCAAA,13653
ACACTACTAAAACGCA,13649
CCAAAAACCCGTACCA,13649
CGACGAAAACTAAGGA,13624
TACAGACACAAGTACT,13603
ACCAACGGCCAACTAC,13587
ATGCGCGACCAATGAG,13585
CCTACACATCAGCAAG,13560
ACATCTGACCTCAGAC,13553
ACAGCCACAACCTGTA,13532
TATGGAACAGAAGTAA,13526
TAAAACTATAAACAAT,13515
GCATGACTCAGTCCGA,13498
CTCAACTTGCATGGGT,13486
AGAATCTTACAGTAAC,13483
TTAGTGTAACTAGCCC,13480
TGACGTATATTAAGAA,13463
CTCAGCATAGACATAC,13453
AATCGACAAAAACTTT,13448
CGACGTATGCGCAGCC,13443
CGACGTCCTAGCACAT,13438
TAAAAGTCACACGAAC,13431
GTAAGAGACAAACTAA,13429
ACAAAAAGTAATGCTC,13425
TACAACTAGAACTATC,13425
GTCGTTCGCTTTAGCG,13390
TCATTATAGAAAGAAT,13385
TGAGCGTGAACCATAA,13379
CAAACCAAACATAGAA,13357
CAACGCTTAGTGCCCG,13348
GGGACACACCTAGCAC,13344
GCTAGATCCTTGACAT,13340
ACTGTCGGTTGCCATT,13337
ATGACGCAGTAAAACA,13332
CCCTGTTGAATAGAGC,13328
CGCCACTGTGTTGTAA,13327
TAACCAAAAGTCCCAC,13320
TTGGCGTTACCTTGAC,13314
ATAGCGTCCTCGAAAC,13306
CAACCACCGAGCAAGA,13303
CAAGGATCCCATTATA,13303
GTAGTCATATCTTATG,13303
CGACTGTTGTCGCAAC,13289
CGATATCAAATAAATA,13281
CTGAAGTCTAGGGCTC,13280
TGCGGAAAGTTTAATT,13273
ACCATCAGTATAGAGG,13258
AACCGAATACGGGCTC,13226
ACTTCGCCGTTCTTGT,13216
CAGACTCGGAATGATA,13206
ATCATCAAACCGAAGA,13190
TAACGGCGCTTCAGGT,13178
TCTCTCCCTTGCTGAA,13177
AATTAATGACATAACT,13173
GAAAAACTATTATTAA,13152
AAGGTATTAAGTGACC,13142
ATGAGTGTATCCTGAT,13138
GACACCATGAGTCACA,13129
ACAGCAAAATGTTTTT,13109
ACCCGGGCTACACGGG,13107
GCGAATAACCGAGACT,13103
GATATAACCTCCAAAA,13097
GTAATCACGGGAGTTG,13063
CACTACCGCCCTTCAC,13028
TCACCATAAAGATATT,12984
AGTTTTTTCGCCAAGG,12956
CATTAGCAACACTAAT,12928
ATGCCCATACAACGAA,12918
CAAACAGGCTTTTCCT,12916
TACGGATAGACTGGTG,12909
CTCCGTGATATAACGC,12893
TCTCTTAGCTCGGAAG,12865
CGGACCTGCCAACAAA,12856
AGTGAAGACCCGATAA,12828
CATAATGAAAAACCGG,12802
CCAGCGTCTTAAGACA,12760
CGACAAACCGCGCCAT,12738
CTTGAACAAAATGGAT,12715
TGCTACTTAAGAAAGT,12704
ACGTCTCATATCCTTC,12698
TCAAGGAACTCTATCA,12692
AGGTTTTAAACCGATG,12683
TTAAACACGCAGCAGG,12657
ATAACGAGATATGCAG,12656
TAATTGGACACGCTCT,12653
CATAAAAAAAACTGAA,12650
CATTTCATCGCTACTA,12621
AGATGAGCCAGATGTT,12614
TAGAAATTGTAGATTG,12611
TTATACCCACAAAATC,12610
GTCCTGACCCGAGTTT,12608
TAGAACATCTTTACCT,12602
ACGGAAGATTCTTAGC,12597
TATCTTAGGAAGTGAC,12587
CAATAGCCTAAAAAAC,12585
AATCCACAACACCTAT,12584
GGCACGCGTGAAAATG,12578
TAAGAAGAATCCTGAC,12574
TACTTAGCGAAACTGC,12564
TCAATAGACAATTATA,12540
CCGAGGGAGCGCACAA,12536
AAGGACAGTACAAAAG,12534
CGAAGAAATATATACA,12528
TCAATACATGCGCTTT,12519
AACGGGCTGGTGGCTA,12515
CAGACACCACTGTACA,12508
ATGACGGACCGCCCAC,12506
CCGACACACCCCCGAA,12493
CAAGGAGATCTTTAAC,12492
ATCAGGATAGTGAGTC,12491
GTGATGCATACGGCGT,12490
AACTCCCCTTACACAT,12483
CATCAGCTCGAACTTT,12480
AGAATCACAAACGGCC,12470
GTCCATGAAGGCTCCT,12468
CACAGATACGGACAAA,12458
GGTGCACTTCCCCCGC,12458
CCTAAAGGGCACGTAC,12457
TTCATTCAACAATTGA,12449
ACAAATACAACCCTTG,12447
CCTGGAATTCCATTTG,12435
TCTTTAGAGCTACATC,12413
TTAGACCAATTTTACC,12410
TCACAACGCAGCCAAA,12403
ACCACCACCGTATCAC,12390
AACCCCTAACTCTAAG,12388
AAGACATTCAATGACG,12384
AGTAGAAACCCTCTTA,12372
ATTTGTGACGAGACCC,12370
TATCCACCGGGTTGGC,12363
AAATGAAAACGCTAAA,12329
ATATACACATAAACTA,12327
GAGTTAACCATCAGGT,12313
CGGTCTCATCGGGATC,12306
AGGCTGGATTAACCGG,12301
ATCTCTACCCAATCAG,12295
TTCCTTTCTAACCTCA,12279
ACAGAATCAGTACCAA,12278
AATCTTAGAAGAAGGC,12274
AAACAACGTTTACTAA,12266
GGAGAGTATTCAGGGC,12238
ACAAACTCGGAATACA,12234
GAACATAATAATAAAC,12233
TCCTCAGTGGACAAGA,12231
CAACGGCCCCACACTG,12222
CTATATACCAAACCTA,12210
TTTTCCATATGTCGTT,12208
TATAAGCCAAGAACAC,12205
TGAAAACTTCAGAGAG,12195
CTGCTATCTAACCAGA,12194
AAATGCGGAGGCGGTT,12189
AAGCAATAGCAATAAT,12177
AACGAGCTACATCTTT,12173
TCCATAAAGAATTTCA,12172
AGAGGTACGGTCATAA,12170
TATGGTCTAATGACAA,12162
GAGATGTAATTGGTTA,12157
TGCATAACTAAAGGAA,12157
AAGGCACGTTACTAAC,12149
TCAATCTATATCACGT,12144
TCGTAAAGTCAAATAC,12143
GTCACTTCGGAAACCA,12127
TAAAAAGGCAACCCTA,12127
TGTTCCCACGAAAACC,12126
AATCCATGAAACGCGA,12123
AGCAATACATGACTCA,12120
ACACCATCAAAGTCCA,12113
GAATGCTGTCAGTGAT,12108
GATGACAATACCAGAA,12099
TAACATGACCCTTGAG,12095
CACTCCGCAGGACGTG,12082
TTCTATGGCAACCAAA,12078
ATATTTCAAGGGTGAA,12064
AACAGTTCCTAACGCA,12059
ACCAGCCTGAAGAGAG,12044
AGCCCTATGCACATGT,12042
GCAACAAAATATTACG,12041
TCATCTAGGTTAGCCT,12035
ACTTACCCTATGACAC,12025
GTTGTGCTCAACCGAG,12022
GGACAGGCACATGAGA,12016
AAAGCCTGAACCAGCA,12004
GTCTAGTCTAACAGTG,12001
AAGTTCTAAGGCCAAA,11996
CGGAATACAGTCTATA,11988
AGAAGTGATAAAATGC,11987
TTCTTCAGAGTTCAAA,11986
CATTCAAAGGTACCCT,11984
CCGACTTCTCGGTAAA,11965
ATGCCTACTGAGAAAT,11954
TACAATTATACAAATG,11944
CTAAGAACACAACGTT,11939
CTAGATACTACTCATG,11938
CCGGGCTGAAGATGAA,11937
AATAGATCCTTCCAGC,11934
GAGTTGTGAAGAAAAC,11929
AAAACTACCAGAGCAC,11927
GGAACAGTGCACGAAA,11901
TGCTATACGTAGTTCG,11891
AGAAATTGACGAAATA,11887
TTGTGGGAACGCGACT,11883
TTTTTTTCCAAGGCCG,11877
TTACCATTCGGCCCTA,11875
TGTTACTTCCGTATAC,11869
ATTATAGATGAAAATA,11856
GGTTCTAACGAAATAC,11849
TCATGCGTTGAATCGT,11846
ACAATATTGTATCCAT,11809
CTAACTTACCAAAAGA,11795
GACCACTGGGATCGGC,11789
AACGATCCAGTCTTTA,11777
ACGACACCGTCAACCG,11766
CCCCTCGGAACACTAG,11759
CTTAAAACGAATCGTA,11758
GAAAGGTTCAGAGTTC,11756
ATGTACCTGGTACCAT,11750
ACTGCCAACTTTAAAA,11743
ATACTATCTATTCTGA,11740
GCTAGGACATTCTGAG,11733
CTTTTACGGTGCAAAG,11725
GATGACTTTTTCTTCG,11725
AATTGCACCGTTATGA,11717
CCGAACCTAAGTTAAT,11708
ACGCGCCCCTCTAATC,11707
CGACTTTCAGCGGAAA,11700
TTGATGACGTGAGTCT,11693
GCCTCTGCAACATATT,11673
GGTGTTCCAAACATAA,11670
CTAGAACGGTAGACCT,11669
TAGAATTTAGGTAATT,11658
CCTTGGGAAGCATCTG,11653
CCCCTGAATGATTAAC,11652
TTTACCAGCGCACAAA,11643
AGATTAACTAAGACCT,11638
TAGATATGTCCTCTTC,11637
ACCGCTGAAGAAACAA,11628
ATTTTCAGACTTCTCA,11628
TAGACAAAGCTTTGCT,11615
AAATAATTTCGTTTAC,11614
GAAGACATTAAATGCA,11613
CCCGGTTATTCCATTT,11609
GCGAGTACAATACCTA,11572
GAGTCACATTACAGAC,11567
TGAATAAACATCTGGG,11564
TGGAAATCCTCCTTAA,11546
CCCGGTGAGAACAAAG,11543
CACCTTATAGAATCCT,11536
TTACTCCTTCCGATAG,11524
CACTGTGATGCCCGAG,11518
CTGCTTTTCAAATATC,11518
CATGAAACTCAAGCTA,11515
AAAAAAATGCTCATCA,11510
CGTATTTATTCATGAC,11497
TCAAAGGCATTATATG,11493
GACTAGAAGAGTCTCA,11492
ACCAGAACGCTACAAT,11487
GAGAAATGATGGAAAC,11479
ACTTTGCTTCGTATGA,11468
CTCATATAATTACAAA,11463
TAAAGAGCGCAAAATT,11463
GCCTTTTCTGACAAAC,11462
CACATTGCCTTTCGGC,11457
TTAAATATCGGTTTCC,11455
TTCAGCACCGCATCCA,11448
GGAGCAATGACGAAAC,11447
TGAATACCAGTAACCT,11447
GGGACATGCGGTAATC,11437
CGTGGAAAATTGTCCG,11435
ATTCCATTGCAGCAAA,11426
TCCGCTATCTCGACCA,11423
GAAACGGTCAGTAGGA,11399
AAGACTATTTCAAGCA,11391
GCTAGGCATTAGTATA,11385
AAGGAAATCTATCCAA,11368
CTTCACATGGAAAACT,11363
GATAAAGTCCATGCCA,11359
AAATATAAAGGAATAA,11349
CCGTTAATTTTAAAAC,11343
ACGAAAAGACCTACAG,11337
TCATACAATCGCTCAA,11337
GGTGTATCCCATAATA,11333
CACCCCGAAATAGTAT,11332
CTAAGTCATTCTATAG,11332
GTGGCGCATTCTTTAC,11317
TCTTGAGTTAATTAAC,11316
CTGGGGATGTAACGGT,11310
GTAAGCTTACAATGTT,11304
TTGTGAGAGCACTTTA,11299
AAAATATACCCAACAC,11289
CCTATAAATTTGCCTG,11280
ATTAGGCCTGCCCTTC,11275
GCTTATGAGGTGACAT,11264
AGTGGCATGAACTAAA,11257
ATAACATCGGATATTG,11251
TAAAAACATTCTCACC,11246
GTTCCTTAGAAAGCCA,11240
CCCATGGAAACTCCTG,11237
CGAAAGATGTCTGCAC,11230
GAGAGTGGAGCTGACA,11223
ATGCTGGGGACTTGAA,11218
GACGAGACCGCTGCTC,11214
ACCACTGAGAAGAACT,11202
TTTCTGTGAAAGTCAC,11194
ACAATGGTCAACACAA,11188
AAAACCCTGCCCTGAT,11183
ACCGAACTTATCTTAC,11183
CTTTAATCCATATCGC,11183
ATTCAAATGATTCCTA,11181
TAATCCAAAAAACAGG,11176
ATCAACCTACATGAGA,11162
ACACTGTCCCCTAAAA,11151
CTCGGACGCGGCCTAC,11140
CGAAAATACCGATCAA,11139
CAACAAAGCCACTATC,11136
GGACATCAATACTATG,11135
CAAACGCTAAGACCAA,11128
GAGCGAACTCGAACCA,11127
AAACATTCACAGACTG,11122
AGAAAATACGCCATTA,11121
AAGGGAGTGTGGTTAG,11108
CGTAATCTCCCATTAA,11108
AATAGGATTCGATAGT,11107
ACCAAAAAAAAGACGC,11092
GCTAGCTAAAACAAGT,11087
GATAATGTACATGAGA,11076
AGAAGCATTTCCGCAG,11060
CACTTAGCTTAAAAAC,11047
GTAAAAAAACCAGAAT,11046
TACCTAATAAAAATGT,11031
TCAACAATCCAAGACC,11024
GACTACCCTAATTCCA,11015
TCTTGGCGTATTTCCG,11013
GGAAGAGTATTTCCAT,11012
CGAGATTACCAACGAA,11011
CTGGATTTCCCCTCGT,11011
ACGGGGATAACCTGAT,11003
CGAGACTGACCGTACA,11001
AAGGTGACACCAGAAG,10995
CAACTGAGCACGCCAC,10994
TATACCCCGTTGGAGG,10992
GAAACTGGATACAATG,10990
GAACCCGAAGCTATAA,10979
CATTGTGATAAGATGA,10977
CAAAGAAAGTAATGTG,10975
CTCTGGCTCCATGAAC,10970
GGGCGGATATGAAGTG,10966
ATTACGCTTGAAGCGC,10959
TAAAATGTATACTGAT,10955
GCGCTACGTCATCGCC,10938
CCAAAATCATTTTGAA,10936
TGTGAGAGCTTACGTA,10927
CTTAAACGAACGGATC,10918
GGGCAAAACAAACCGA,10915
ACCGAAATCTCGGTTT,10906
AGAACTTCTGCAAACT,10903
AAGCATGCTAACATAC,10897
TGCATCGCATCATAAT,10897
CTGCAAGAGATGCAGG,10896
AACCGTTCGTGGGCTA,10890
GCAAGATATGTTTAAC,10889
GTATCTCCCCGGTTGT,10886
GACCCCTGGAAACGTA,10879
TATTCACATCTTTAAG,10871
TAGGCAATAACCGGGA,10862
ACTAACGCCGCAACTT,10856
ACCTACCGCCAAACAA,10854
ACAGCTAACGGGTTTG,10849
TACCGACCGAAAACTC,10848
AGATCTCTTGCGCATA,10843
AAGAATGGCCTGTTCC,10834
GTCCCCTTGGATACTA,10824
TAGCTCTGTTCAGAAC,10816
TTTTGGACCATTCGAT,10811
GAACGATGCTGAATTC,10810
AGACCGCATTGGAGTG,10807
ATGTATTGCACACCTG,10782
ACATGACGCAGCCAAG,10767
AATAACCTCTTACTTT,10763
CCACATGTGTTTTAAC,10752
AAGGCATTAACGGAGA,10735
CACTTTGAATGCCAAA,10730
AGTGACAAATTCATCG,10721
TTGAACAAACATAACG,10721
AGACGGAAATGGAACC,10714
AGAACAATATATTCGA,10713
GAGGCTGTGTGCATTT,10700
GACTGTAATTGAAGGA,10687
ATCCAAATTACCACAA,10684
TTGCCCACTATTCTTC,10683
CCAGAAAATTATACCC,10664
GGAGAAGCGGCTTATC,10664
CAAACAAAATCCCTAC,10663
GACTAGTTCGTGGTAG,10661
ATAAACAAACGAACAC,10649
CAAGCTCTAAGGGTTA,10649
CAATCGATCTCCGCAA,10646
GATCTAGTTAAGACGA,10646
TTCTACAGCAATTTTC,10639
ATCGCACAAACCCTGC,10638
TGGAGGCGCTGTAAGG,10635
AAGGTGGCCAATAATG,10630
AGAACGCCATTATCAA,10628
AACGGATAGCATAAGA,10625
ATATTATTACTATGGC,10625
ACAACTCTCGGTGTAA,10610
GTAATCTTGGAAAACA,10608
GGTTTTATGCATTCCT,10607
AAATAGTCGTCCCTTC,10597
TATAGACTCAAGGTTC,10595
CCTTCCAAATGGCCGT,10593
TTGCATTAAGTTGTCT,10590
TTCTTTATAGCTAGAA,10589
AAAGCCGTCCATAGCC,10586
CAAGCCTATGAATCCC,10575
CGACCGAGCATATGTC,10572
AAACTAATGAAACGTA,10571
TTAAACAAAGTTCATC,10567
TATAACAAAAAACAAA,10560
CTGCCTAATCACGCAC,10555
TTTTTTACCTCAATCA,10544
TAACTTAACAACCTGC,10543
AAAAAAGACTTGCTAT,10542
TTACATTCTATGAAGA,10541
CCCAACTTGGGACACA,10538
CACCGAATAAGCCCCA,10536
GCGCAGAATAATAACT,10533
TAAAGACCTTCATGTT,10532
GCCAGCCCGCAATAAA,10531
CGCCCCGGCATTAGGC,10528
AGTAGAGTATTTCCGT,10517
GACTTTAAGCTCACCC,10511
CTCTATTTCAAAAAGT,10504
ATACACGGCATAAACA,10501
AAAAGGCATCTAAATA,10500
GGAAGTCCTCAGCAGT,10499
CCGCCTAACAAACTTG,10495
TACATCGCTACACCCG,10489
AAGTACATATTCCAAA,10481
CGGATGTACCCATATA,10479
TTATGCCAAAACGATA,10466
TACCGCACAGTCGTGA,10465
GCATAATAGCTACAGA,10445
TATTGACTGGAACCGC,10440
AGTCACAGAAACACAG,10439
AATCTGACGTATCAGA,10437
ACAAGTGTCTACAAAC,10433
GCGGATCCAGTTAAGA,10417
TTGATCGTGGATGAAG,10416
AAACTCGATACACAAG,10413
CGCTCTTCAAAATTAC,10411
AGGTAGTAAAAAAGTA,10405
GAGAAAATAGAGCGCC,10401
GATAAAAACATAGTTA,10394
TTCACAATAGCTATTT,10393
AAGGTCAGGAATCAAT,10387
AGAATACTTGTAAGTC,10382
AGCCACACATGCGCTA,10382
CACATGTCCCAAGAAA,10371
GTCTGTCAACCACAGG,10365
GCACGTAAACGTTACA,10361
TTGGTACATTTAAAAA,10360
CCACGCATACCTAGAT,10351
TGTATATGCTTTATTT,10351
AAACCGAACGTCGTCC,10345
CAGACGGCTAGTCATA,10344
GAGTATACTAGGACCA,10343
GACCTTCAACACTTAA,10340
CCCCGTACATAGAAAA,10332
TGATCCGAACACGCAC,10331
AAGTGCAAGTTAGGAA,10325
TCGACGTGCAAACATG,10323
TGAAGACGCATAGAGA,10318
AGGTACACGATTGTAA,10313
GAGATTGGTTTGGGAG,10310
ACCGACAGAAATCCCA,10305
AAAATAGTATATAAGA,10303
AACGCCGGCAACTGGA,10300
GCTTGAAATACTTATT,10299
AAATAATTTCGCGCAC,10293
GTGTGATGACATAATA,10282
GTAGAGAGTAACAAAA,10280
ATACTGATTTTAAAAC,10270
TTTTATGGTCTCGGAC,10257
CAACTATCATAGATTT,10250
CACCTTCCTGACGTCC,10239
ATCAGTTTTTGAATAT,10236
ACTAGCTCCGGGGGTG,10235
AAAGCATCCTTAATGT,10232
ACGATCGACACATTCC,10226
AGTATACACAAAGATG,10220
ATTCAATGCTAAACCA,10216
CAAATTTGCTTGACAC,10206
CCTAATTAGAAACATG,10197
TTCGTTAGAATTCTAC,10192
AGAACAAAATGATGTC,10187
CAACGAGATAATTTCT,10186
GAATTCACCACGAAGA,10183
TGTTAATAAACTGACA,10182
GACTAGGTCCCTAACA,10174
CTCAGCACTAATAGTC,10166
AGATGTAGATACAAAA,10160
TGTATGGCAAGTGCAA,10153
TAAAAGATCCAGTCAT,10144
AGGTATTCAATATGCA,10131
AGTTCAGGATTTTCTG,10131
AAGCGGACACCCGCCA,10124
TCTTACAATTTTGTCG,10123
ATAACACTAAGAAGCA,10122
ATGAAGAACCTATACA,10120
TGGAGCTTACATTCGA,10107
TTTTAATGTGACTAGC,10095
CGTACAGCAACTGACT,10089
ATGGAATGTTATAACG,10077
TGAAGGCTACACAAGT,10076
ACATTGCATAGGATAG,10070
ATTAAAACCTAATAGG,10070
ACTAATGAGCTAAGGA,10069
AAAATTCTAGAAAAAA,10066
CACCGATACTTCATAG,10065
TTCCATACCTGTGTAC,10060
AGAAAAGTGGTTATGC,10059
TTGCGGTACATCCAAT,10055
CCCGTGGAGCCCCTGG,10049
GCAATATAACACGACA,10046
AGCCACTTTCTACCCA,10036
ACAGTCACAAGCCTGA,10033
TGTGTCAAACAGACAA,10030
ATTCAGAATACATCTA,10027
GTAATCAGGAACCGCA,10023
CAAAAAACACTCAGGG,10019
TAGCGAAACTGATCTC,10016
ACCAACCTGTTTAACT,10015
TGTGTGTCATCTATAT,10015
GAGACTAACACAAAAG,10014
TACCGCCCATCATACA,10012
TTAAATACTCCCGAGA,10008
TTTCGAATCACGAGAA,10008
GACAAGCATCACCCCG,9996
GTCGCGGATCTAAAAC,9996
CAATAAACTATTAGTC,9993
GAGAGATATAACAAAT,9990
AACTCAAAACCTGCAA,9989
AACACCACGTCTTTCC,9987
ATTTGGTAAGCCCTAC,9979
TAGAAATGCTGGTTTT,9974
ATGTCATCTAATGTAT,9971
ATGAGAATCTAGAACG,9969
ACTTCCCGATATATAT,9968
CTAACACGAGTCACAC,9960
CTCCCACAGACAACGC,9958
AAGAAGCTAACTGAGT,9950
GGCACCCCCCACCCAT,9945
CTTATTAACAATGGCC,9931
ATGTACGTTATACCGC,9930
TCGACCCGAGAAGCCA,9923
GATCAAGCAGATTTGT,9916
CAGACTTATGTCAACC,9914
GAGAGAGCCTAACAAC,9903
TGTCGATCCGTTCCTA,9902
TTCTCGCTGGACTCAT,9876
GTGAAAGCGACGCTTA,9873
CAAAACTGTGCCTTTA,9871
CTATTCAGTAATTGGT,9860
TCGAACATTCAATCTG,9859
TATAGATCCAGAGACC,9857
CATATCGCTGAAAAAA,9851
ATATGAAAGGAGAACC,9849
AAGCACACCAAACGAT,9847
CGCCTCCATCTCCAAA,9847
AGTAAATACCCGACAG,9846
TTCAGGGATATATTAA,9845
ATCGCCCATCTGAAAC,9837
GGTGATATGTGAACCG,9833
ACATCAAAATAAAAAA,9820
GAGAATGAGTGGCATC,9809
GTGAAGAACCAATACT,9809
CTCTGCGACAGGGGTG,9806
CGCCGATTACACCATT,9796
TAATGCAAGTAACCCA,9791
CCTACTGGGTCTACCT,9788
GAAAGACAAGCTTCGA,9783
TACAGATTTGATGAAA,9775
CAACGTTCACAACCTT,9771
GTCAATCGATGACACG,9769
TTTCAAGTATTAGCAT,9766
CAAATGTCCATCAAAT,9752
GCTATCAATAAACACA,9751
AAGTAATTACCATTTG,9750
ATAAACGATGTATGAT,9748
TGCGCGCTCCAGCACC,9735
AATACGGTCATAGGGC,9733
TCATAGAAGTATATAG,9732
AACCGTTATCCAGCAA,9728
CAATATGCACGTGATC,9711
AGCGGACGGATATTAT,9709
AACCAGATATAATCGA,9692
TCATCTTAAACAAAAG,9689
GAGCCAAAAGCAAATA,9685
GATTTATTGCATTCCC,9685
CGGAGTTACAGCGGAA,9683
TCCCTGCACATGTACG,9675
TTATCAATAACCCTAT,9670
ACCGGTGCTCATAAAC,9667
AGCAACTACATCCCAC,9662
CGTAATCCAGCCCATG,9661
TACTTCATAAGATACT,9659
ATGTGGAGAGATGGAA,9652
CCATCATGGTTGAGAT,9649
CACATCGCAGCACATA,9646
AGTCAAGCAGAAATGT,9645
TTTCCAGCCAGCCCTT,9644
AGAACCGGGCCTGCTC,9632
GACATAATCAATAACG,9631
CGGGCACTATAAGAAA,9626
CATCACCAATCCTAGT,9624
ATCCCAGCTACTATGC,9617
AAACAAGTAGCCCACT,9608
ACTCATGCAAATATTG,9605
AAGTACCCATTTTCCC,9598
CTAAGGAAGATAAATC,9596
ATACACCTGCTCTACG,9586
GCTACGAAATGCTACA,9586
ATGCGTAATCAAGTTA,9576
CTAGGACCCTGTGAAC,9575
TATACGTTCGTTGCAC,9570
GACCATCTCGCCAACA,9560
AGGTCCTACGAAAAAT,9558
TCGGGACGAAAGCGCT,9550
ACCCTGTTCATGAGAC,9546
GAATGTCTTAACGGAT,9543
CGCCCTTTCTCAATGC,9542
GACACCGAATAACACT,9541
AAACACAAAAAATAAG,9537
ATCGGTAATGAAGAAA,9533
TTCCCACCACTACTGA,9528
CTTAACATCCAAACAA,9522
CGATAAATTTTTCAGA,9516
CTCGCCGGTCAGTATT,9516
TGATCATCCTAATGAC,9510
GCGGTTACGTTTAAAG,9509
CATCGTCGTCAGGTAT,9507
TACCTCAACCACAAGA,9484
TTTAAATCCCCAAAAT,9483
TTCGTCATTAAGACCA,9480
CCATCCTGGTTCTGTT,9478
AATTAATACATTTCAG,9474
TACCCTGCTGAACCAG,9472
CTGACGAAAAGAATCA,9469
GACTTGTCCCTCTCTT,9469
AATAGGATAGTACTCC,9467
TTCTTCATACCGTCAA,9449
AAAAGTTTCTTATAAT,9448
TACTGTAATTCATGAT,9448
GAATTTAACAAACCAT,9447
CAGTGAGAGAAATGGA,9446
TCCTGCAAGACGAAGT,9444
ATCCAGTTGCACATAA,9443
GTCAGATTACGGGAAG,9440
CAATGCGCGACAATCT,9431
AAGAATATAAGCTGGT,9429
CGGGAACGAACCTATT,9419
GCCGCACTCGTTATAC,9418
GCTGAGAAAGGCAAAA,9416
AACTCACAACAAATCA,9413
AGCAGTCTACTAGAAC,9412
GGACGCCGAACTAATC,9412
GTTTACTACAAACGGA,9410
GCATGTAACTACAAGT,9405
GGTAGGATGCATATAG,9402
GCTAAAAACTAATAAA,9401
GGGCTCCCCATCAAAA,9400
GGGAAGTACTTCCTTA,9390
TTTGAGTTTTTCTGGG,9381
AAAGACCTCTTTTGGC,9377
TAAAGCGTTTCCAACA,9377
CGTTCATCACAACCTT,9376
CTCAAATAACACAATT,9375
GAATAGGCTTCACCCG,9372
ACGGCAGTTAGCCTCA,9358
TCCAAAGTCTCACGAC,9355
TCGATAACCCAGAACC,9355
TTGAACCTAATCCCAT,9354
CGAAAGAATATTTGCA,9336
GAGTTCAGATGATATG,9332
CAAACGAAGGCATAAC,9330
TTCTCGCGGCCCGGAT,9325
AAGTGATGCGAATTGA,9324
ACATCAACCAGGTAGG,9319
TAAACTTCGGCCTCCC,9311
AAAGCCTACAGTATCC,9309
AATAAACGTATGGCTC,9305
CCGAACTTGCATAACT,9296
TTATGTTATCACGAAC,9295
GCTGGACATATATAAA,9293
TTATTCTGACTCATTC,9282
AGCACAAATGATGGGT,9275
GAACAATGTATAAACC,9274
TGATCATATCCTAATA,9273
TGAACGTAATTCAAGA,9272
CGGCCGCATTCGCGCG,9271
CTAATGACAGACACCG,9269
CCTAGCAGGCCCCCCG,9259
TTTATTTGGAACAAAG,9259
GCACAATCATGGTTGC,9256
GTTCTTCCGGAGCAAA,9242
AGAGGCAGTGCGATTA,9240
TCACATATTAAACTCC,9226
GCCCCGCTTAAACGCA,9213
ACCCCTTCTACGCAGA,9204
AGGCCAATTCCAGTCC,9202
AACTGCGTAATACAAG,9201
TACACTACATGAAACC,9201
TGAGTGGACTTACATG,9195
TTGCTACAATATGGAC,9192
GTGCCGATAACCTCGC,9188
TGGGAAGAGAGCTGTA,9185
CATACTGAAAAATGAC,9184
ACAAAGTGACGCCAGA,9179
ACAGATGACCTAGACG,9179
TACTGCCATGTGTCGA,9178
CGTCTACAAATAGTGT,9172
TCAACCTCGTGGACTG,9165
AAAAGCCAACTCGATA,9157
CTAACCCTTACTAATT,9154
TTGATGATGTTCTCAA,9152
TCCCCTGCGCGGACAA,9151
AATGTCTCTAGAACCC,9146
CGTAATTAAAACGCAT,9145
GAACTTGAACCAAAAT,9145
AAAGAACCAATTCGGC,9142
ACGTACCTCAACATTC,9136
TATCCCCGAATTCTAA,9135
AGGATAAAATAATCAG,9132
AAATGACGATCCAGGG,9129
TATGAAGATGCCTAAG,9129
CACATTCAAGTTGTAT,9122
CAAGGTACACTTTGTG,9118
GATCCAGCTCAATTCT,9113
GCTTGAGGCTTATTCT,9105
AGAAGGTTAAAAATAC,9104
CACCACACCCCAGTTC,9102
GGATAAAGCGTACAGT,9100
CTGACTACAGGACACA,9099
TTGACATTACTAACGA,9095
TACGACAGGTTTTGAC,9087
ACTTATAAAATTCAAA,9086
TAGTATAAGACTAGAT,9079
CAACATTCACTCGAAT,9078
AGTTTCTACGCTTCAA,9077
GGTAATGGCAACGGAC,9077
TGTGGACAACGCAACA,9076
ACCAAACTCAACAGGC,9074
GTGACACTTACATTAC,9068
AGAATTATAATCAAAC,9067
ACTACTAACACAGATA,9065
GTACGCAAAGCTATTA,9064
TGTCAGACACAATTTG,9063
GCGGTCAAAAAATCTA,9056
AATTCATCATAATGCT,9054
TAGACCGTTCAGATAA,9054
GAAATAAATGTCACAG,9045
CGCCTAAGAAAGATAT,9044
TAAGCCATCATGACGT,9044
GAACTATACGGCTAAC,9038
GATGCTGACTTGATCT,9036
TAACGGACTGAGCAAT,9023
GGCTACCCTCCAATCT,9021
TTTTGACACAGATGTT,9020
TGAAAAGCTACATATG,9018
TTATTCACAACGTAGG,9015
GAGAACAATAAGAGAG,9009
CCGTCGAGCCAAAAAT,9007
GACAGTACTGATGCAA,9003
TTAAATGTGAAATATC,9003
GAACGCAAGATCTCCA,9002
CACGAAGTATACAATG,9001
GGTAATCTCACCAGAC,9000
CGACTAATACAAACAG,8999
GCCACAAGAGGTCAAG,8997
TGTGGATCGTTAGATT,8989
CGTGCTGTCATAAAAG,8988
TACAAAATCAGACCCC,8988
TTGCATCTCTTTCCGT,8978
TACCCGTACTCACGAA,8970
TGCTATTAGAACGTAC,8965
TTGTGTAAAACCCTAA,8964
GAATAATAGCGTCCTA,8958
TAACTATGGCCAGGGC,8957
CCTTCCAACAACCTTA,8956
GAGGAAGTGGAATAAG,8954
TACCTAGGATAGTCTG,8953
TGCGTTTGTGATCTAT,8953
TAACCCCGTCCCAACG,8949
TCACCTGTTCAATAAC,8948
ATATATTTGTTCTATG,8930
ACGCTAGATCTAAAAA,8927
CATACAAAAAACCTAC,8924
TAGACAATATCCCATT,8924
CACATGATTGTCTAAT,8919
AAGAGACAATCGAAAG,8918
GCCGGGCAGATTCGGC,8917
CCGAATGTACTCTCAA,8916
TATCTGTGTAAGCTCT,8916
TCACCGCAAAGCTCAT,8913
GAATAGTAGTCAACAG,8911
ATGGAAATAAATATAT,8895
CTTACACTGAGCTATA,8893
GTACACATGAAAAAAC,8891
CTAAGTAACAAGTGTT,8886
TGACCTTGTTATTCAT,8883
CGCCATAATATCTTTA,8875
CTCGATCCAAAAAATC,8874
GTAATCCGTGCAAAAA,8871
GAATCAACAAAATAAG,8861
TAACCCTACACGAAAT,8856
ATTCCACACTCATTGT,8852
ACGATGTGGAAATTGC,8840
TTCCACTCACAAGGAA,8839
GGTTTAATAGAACAAA,8835
GGTTTCATACACCAAA,8827
CGTATTTCATAGATAT,8823
CAGTAATTCATCAGAT,8802
CAAATTTTTCCCTTAC,8797
CCATTCCAATAGATGA,8793
CTATGCTCAAGAGTAC,8793
CCGAATCCAAGTCACG,8786
GACGAGGTCCTTAGTG,8786
GCCGTCAAAGCGGAGA,8786
GAACGCCATAAGCCAG,8779
GCCGAACACCCCGGTC,8778
ATGAAATAGGTGTAAA,8760
CGCGACCCCCAGTGCT,8758
GATTGATTTTAGCACA,8754
CTGAACGAAGGCATCA,8748
CGAAGGACAAGCGTGG,8743
AGCACTACAAGATGCC,8735
GTCCAATAACTCTTTT,8730
GAATCAGGCAAGGAAA,8729
GCGCCGCAACGTAAAG,8723
AACGGATCCGCTTCTG,8722
ATTGTAAGGCTAAATT,8721
CATGAACATTAACGAC,8720
GCCCACATAATTGAAA,8720
ACCAAATACGCGTAAT,8719
ACTCACTCGAGTGAGT,8719
AAGGATAAGCTAACAG,8718
ACTAGTGGCTTATGAT,8712
AGATCATAAAATCACA,8696
AAGCCCTCCCGGGTAG,8694
CGGTAAAACGGACCCC,8692
ATAACAAGCAGACATC,8690
CTTTAGATGACACTGG,8687
TAGTAGCACCCCATCT,8685
AGGGAATTGAAAACAA,8683
CGAAACATTTATAACC,8682
AGTATAGTGTTACCCC,8679
CTGGCCTACTGAAAAA,8678
GAAGCTTAGTCGTGAT,8677
GTGGAAGGATAGTGAG,8676
GGAGTCCCCGACTTAA,8666
AAACCACGACGTGATT,8660
ACAAGTCATAGGAAAT,8660
AAAAATGATCGGAGAC,8656
TTATAAAATGTTTATG,8656
GTACTGAGTCACTGCA,8655
TGCTTGTGGAGCACGC,8652
TTAGCGACATAATGTT,8650
TCGAATACGCTTTCGT,8644
GGCGCTCTATACCTCA,8642
CCCAGACAACTTTATC,8640
AATCGAGTGGATCTAA,8638
GTTATGCTTCAAAACA,8635
GTAAAAACATAATGGA,8634
TATTGAATAACTAGGA,8634
CGTTAGTTTTGTAACC,8631
TGGTGAATTCGATTAA,8629
ATTTTCTAAACAACGA,8624
AGTTGCTGTCACACAA,8618
GTGTTAGTCCATAAAT,8617
CAACACGTACTGAGAC,8613
AATAGACTCCCGTGAC,8611
AGAAGCCTCTCACCAA,8611
TTAGGGGGATACAGAG,8608
AAGCCAAACGCGGACT,8605
GGCGCCCGACAACCAA,8602
ACTTCGTAAAATTCCT,8599
CTATTAGTTATCCGAG,8597
AAGAACACAACTCACA,8595
AATAGCTACACCAATC,8590
CGCAATGACAAACTAA,8588
TAATCGAGAAGAGAAT,8585
TTAAAAGAGAGCCTTC,8584
TGAATATCCCGAAAAC,8564
TAACATCGACATCCCC,8563
TCATTCTTTCCAAAAT,8563
GTGTGTATGTAACAAT,8562
AAATTAACCAGGGATG,8560
AAAGTAACAAACACTC,8559
AACAGACCCTAAACTG,8559
AATTATACGACGCTCC,8558
ACAAAACATCAGCCTC,8556
AACCACATTTACGCCA,8549
AGAAAACATAATAATT,8549
CTACGTTCGTGAAACC,8548
TCACATCCGAGCGATA,8543
CACGAGATGACGAGAT,8539
GCTATCATTCGGCACC,8538
TACGAAACCTGGGAAA,8538
GCTATTACAAGAATCC,8536
TCGTCTACATTCCCGC,8535
AGGACCCAACTATTGC,8534
ACCCCATGAGCACTAT,8533
GGAAGAAAATACTAAG,8532
TAAAGAGACTTAACCA,8529
TTGCGCTGGCTTTATC,8528
CCAGGGGCTTAGATAA,8527
GGCAGCGAGTCTCTTA,8523
AACATCGGAATCGTAA,8522
AACGGGACGCTACTTA,8522
CTAATATGCAACATAG,8521
CTGACTTTTTGCACGT,8521
ACGAGCTTGATCCAAG,8518
TTCAATACATATGCCC,8512
CGTATAAAGTATAAAA,8508
AGGACATCCGAGTCAG,8505
CAAATCCTTGTGCAAA,8503
ATTGCAAGGATTACGT,8499
GGCAGCACACCCAATA,8483
AGAACCCAGGGATACC,8477
ATACCTTGACAGGGTG,8473
TCCAAGGCAGGCATAG,8469
AGGCTATATGAACTAG,8466
TTGATTACCTTAGACT,8466
GTAGCCAGCGAATACA,8465
ACCCTTTACACCTAAT,8464
GCCAGAACGTACAAAT,8457
GTTTAAAAGAAACACC,8445
ATTAAGCGACGCACTT,8439
AACATCCCACTCATAA,8434
CATGCAGAGCCCCTAG,8434
GGTTACATATAGAACA,8431
ATACATCGGCCGACCA,8429
GAAATTAATAGATCAA,8426
GCATAATTAATAGATC,8422
GATGCAATGCAATTTA,8413
TTGCCTTGAAACGGTT,8413
ACCCTCACCGTAATAG,8409
GTGTATCAGAGGACTG,8407
CAATCAACAGCCTTTC,8403
CCACAAGCCCAACCTC,8403
GCAGTCGAACGCACAC,8399
ACTTCATGGGTAATCA,8395
ACAAATGCTCTATACC,8394
TGACCGTGAACACGAT,8385
AAACTACATTGTAGCC,8384
TCGAGACGCAGTGTTC,8383
TGGAGACTCCTTAAGA,8383
CGAAGGAAAACAACAA,8378
GCTATATAATTTACCA,8377
TAATATCTGGTAATTA,8373
AACTAGAAAAAAACTA,8370
CTTAGTTTGGGATCAA,8370
GATAGCAAAGAATAAA,8368
CGATACTTAACAGTGG,8363
ACGCTATATAAGCTTA,8362
AGGATAACAAGTCATA,8361
ATGAATCCACCTTGGG,8360
GCTTCCAATGTCTGTG,8359
CCGAAGATCTGAGAAT,8356
GGCGTACACATCAGAT,8355
AAGGAAGGAGCCAGAA,8348
AAAGTCGTGCATAAGG,8346
ACTACCTCTGTAGTCC,8343
CCGTTTTCGTATGTAG,8340
GGACCCGTACATGGAA,8333
AATTCAATGCGATTAG,8323
CGAATACTCAAGAGCA,8319
ATACCCATGCAACCCT,8318
GGACCACAAGAGATAT,8316
GATCTTGTTCATCGAG,8311
AATTTACCTCCAATAT,8301
AAGTCGTAGCAGACAA,8299
CAGAATGCGCGATTAA,8298
GGAGCAAGCGTTCTAG,8295
GCAGGCACCTTCCCAA,8294
GAATGAACGTACAACT,8293
GAGCCATACCAGCTCC,8292
GGTTTATACCAAAAAT,8290
TAATAGCCCGGAGGTC,8282
AGAAGGACTAATTACC,8278
GAGTACACACGACACA,8276
GACAGAAACACCCTAG,8269
ATGCTCTTAATCGATA,8264
TAAGTAACCAAGAACC,8264
CACAGAGAAAATACAA,8259
AACCTACCAAAAGGCA,8252
CAATGTAAATTAATCA,8245
ACGTTGGTCCCGATAA,8243
AATAACACATTACACA,8242
ACAGGCACATAGAATA,8224
GAAAAACAGGAATGGA,8218
GCCCTCACCCCATACG,8214
GTACAATCAACAGAAA,8213
AGGAGAAGGTGAGTTC,8212
TAACGAAACATATGAG,8206
ACAAGACACGCGATCT,8205
TGGCATGTTTAGATAC,8202
GAAAAGTATTTTCACC,8201
CTGAGCGAACACTACT,8195
CGGCTAGCCGAGGTAT,8191
ATGTGTGAAGGATGAA,8190
AGAAGGGACTAACGGG,8189
AGCGCAAGGTCCAAAG,8182
ACATAGGACAGAATAT,8180
GTAGTAAATTAAGAAC,8180
GCCTGAGCGAAGTTGA,8176
CCGTTGTATTAAAATG,8175
ATGAACGAATGAGTTA,8174
AAACGATGAGTGCTAA,8173
AGTACAGAGATTCCGG,8173
CGGCCTCACTAATTCT,8171
TCTCGGTCACACCGTC,8169
GCATGCGCAGTGCATT,8168
TAAATATGCACTCGGA,8163
ATTGGACAAGAAGGAA,8161
CCGCACCTAGTGTAAG,8160
TTGTCTAGGAGGGACA,8157
AGTCATGGAACATAAT,8156
TGATATACCTCAGAGT,8153
TATAAGCCCAAGAAAA,8149
GAACACTCTCGTTGCT,8146
GACAGACTAACATGAA,8139
TAGTCCGGATACTAGT,8136
AAAAGGTCAAAGATTA,8128
TTCCGGAAAGCCAACA,8128
ACGTGAACATTCTACA,8126
ATAGACTGAAAAACAG,8121
ATGTCCGGACTACGAA,8120
CGATAAGTTTAGCCAA,8108
TAAATAGCTGATTACA,8106
AAATTGGGATGAGTGA,8105
CCCATGATACTGCCTC,8105
ATCTGTGCAAGACCCC,8104
CGCACCTACGTCCATG,8100
TTACACCGAACTCAGT,8100
CGATATAAGTAATTAG,8099
ATTATTACTATAATCC,8098
AAGTTATGAACCGGAA,8092
CGTAATCTCTTTCCAT,8092
GTTAGATCAGCTCCCA,8088
CTAAACTGAGGCTTAA,8087
AACTGATCACTTTCCT,8086
AGATGCTTAAATCCAA,8086
CTAGATACGATAATAC,8083
ACAATTGTAATGAAAA,8078
ATAGTTGCAAGAAATC,8078
TCATAGACACCTCTAG,8071
GAAGAAGTAGAAAAGG,8067
CGTTCTCACAAAGAGA,8064
ACAAAATCGGCAACAA,8062
ATAAGCTGTCCACCGA,8061
GAACAAGTCCGGTGGC,8060
GAAACAGTTTATGCTC,8059
GGATATCCCTGCTTAC,8055
CACCTGTAAAGCAGGT,8049
CATGTACTTAACACGT,8044
GAAGGATGGGAACCAC,8038
GAAACGTATGAAAGAG,8036
GGCTCCAATCGCCAGT,8035
TGTGACACCCACACTC,8030
AACACCACTATTTCGC,8025
CCGCAATGTGATAGTA,8024
CTAAAAATACAGTATT,8024
CTACAATTATCCATAG,8021
TCTTACTGATAAGCCG,8018
AAAACTTCTACCTGAA,8014
ACTTCTGATGCCTGGT,8013
CTGTATACGCAAATCC,8008
CAGAACACTCCTTAAT,8007
GACTCGCATCTAGTAC,8006
ACGAGCAGTTATTAAC,8004
GAAGTTCATCTGATCC,8003
TAGTAGGCGTTAATGG,8000
TTCTTATAAGTGTAAC,7988
AGCAATTCGTGAACAA,7984
AAATCAACTGCACACA,7978
ACCAGCCTACAGTCTG,7970
GACAACCGCAGTACGG,7966
TGGATGAATTCGCACT,7966
ACGCCCTGAACAATGG,7963
CATTGTCTGACAACTT,7960
GATGCCCCAACCGAAA,7960
TGTCAAACCACACATT,7959
CTGCATCCACTATCTC,7957
CCGTTATGGACCACAA,7951
TTGAACTAATAATGCT,7949
AAGCGACCCATCATTC,7943
TGAAGTCTGTGCCATG,7942
TCGAGATAAGCGTATT,7940
TCACGGTACATAAAGT,7938
CCACTCTTTCTAATTC,7933
ACTAGCAAAGCAATGA,7929
AGTCATCAAGTCAGAC,7928
ATCCCCCTACGGTGGA,7928
TAATATTCAGGGCTGT,7928
GGCATAAAAATCTAAA,7926
TGACTCACATCCCACA,7924
CCTTTCTCGTCTAGAG,7918
GAATCCCCCCTAAAAC,7918
GATTTTCGACGCTCAT,7917
AATTCCTATTCAGAAC,7915
ACTAACGGAGACTCTC,7914
ATGGCTTGATGACGCA,7913
TCAGATTCACTTGCTG,7912
CAACAAGGTAACATAT,7910
AATACCCTGGACATAC,7903
TTATAACGAGAACCTA,7903
GTCTCATTACCAAAAT,7902
GATGGATTAACGCTCA,7901
GAAGTAATAGACATCA,7899
TACGATGCAGATAGAG,7898
ATTATCATAATTGCCA,7886
TGTATACCGACTATCC,7886
CAATAGGTTAATGACA,7872
GATATTGACACGTGCA,7869
GACTAGGCAGGTACTG,7867
ACTGGCGCATAATGGC,7865
AACAGCATTTGTCCGT,7861
AGGCAGCAAATAATCA,7861
TACAGATAGCACTTTC,7860
CAAGGTCCAGCGTAAA,7857
AAACCCAAGAGCGACA,7856
TTGCGGCTGAAAATCA,7855
CATCCCTAGTCTTTAA,7854
ACTATCTCGACGCCTT,7853
CAATTAGCCCTCTAGG,7852
ACTATACTTGCTACCC,7848
ATCAAATGAATTTCGT,7843
GTATACAGAAAAAAAG,7843
GTCACTCAAAAACTAT,7843
ATAGGAATACATAACA,7841
GAAGTAAGTATCATGA,7831
CTACAATGGTTATAAC,7826
CCCGGTACACACATAG,7822
AGACACTGATGTGGTT,7820
TCTCTACCAGGCACCC,7820
ATCGAACCATCAGTCA,7819
CTAACCGATGATAAAG,7819
TCTACGTGCTGGGCCG,7819
CAGACGAATAGTTTCT,7818
GAACTAAATTTGAAAG,7816
TGCGTAGACTTCGGCT,7815
AAACAAAACTGGTCAA,7813
AAAACCAGAAGCTTCG,7809
CATATAGGCTCCTCAA,7808
CCACTTCACTAAGTAC,7808
CCTTGTTTATCTATGG,7808
AATCCAGAGATAGGTA,7805
AAAACCTACCGTAGAA,7804
CAGTACGAATGAACAC,7803
CGATGGATCTTTCAGT,7801
GGTAACTCGGTGAGCA,7798
GAAGAACAGCTCTATT,7796
ATGAAAGGACTCATCG,7794
ACTACACATTCCTATT,7793
TACATCTTTCTTGGCG,7793
GGTCACCTGCTATCAG,7791
TTCCACAACAGCGTCA,7791
TAGTCATCACATCGTA,7789
GAAATTATATTAACTC,7784
CCTAGCGGTATTACCA,7782
AAAGACGCGGATCAAT,7780
CGGTTAATGCAACAGT,7780
TACTAGGAACCCCAAC,7779
TGAAGAAATTTCAGCA,7777
TCCGTACAGCCATGCA,7776
AAATGGTACTATACCC,7775
AATAACCTTAGCTCCC,7773
ATAACCCAAAATCGCG,7773
GACTTTATGAATACTG,7771
AAACGAACTTAGACGC,7770
AGATGTGGATACATTC,7769
ACCATACTTGTATTAC,7765
AGACAGACCTGGCGAC,7763
GAGACGTTGTTATAAA,7763
TATAAACTGGACCCAT,7763
TGACCTTGTAAACTTA,7763
TGGAACGGTTCAAAAC,7763
GTAGCCCTCCTTGACC,7762
AAAGAATGCAAAAAAA,7754
AACTATCAACAGCATT,7752
GGTTTTCACAATGCTG,7750
AAAAGTGAATGCCTCA,7748
GGACTTCCGAATTGAC,7748
ACAATTCAGCCAGACA,7736
AGAGAAAGCCCTCAAT,7734
CAGCAAAGTCTTCCAT,7732
CTAGTCGTGAGAATCC,7732
AATAGACTTACATAGG,7729
TTGGCGACAGCAGTTG,7729
GCACCTCCTTCCAAGA,7728
GAGGACTCCGCTCAAG,7724
TTCACAATAAAACCCA,7716
TGATTAGACATAATCT,7712
ATCTGAACGGACTGAA,7710
CGAAACCTCAGCATCC,7710
GTTCATTCTACAGGAG,7708
GCGCAGGCTCCGTTGT,7707
TGATAGAAAATTGATG,7707
TCAACTACCCACATTC,7706
TAAAACATCACATACC,7704
CCTTACCAATAGATTT,7703
GTACGTTTTGCAGGAC,7693
ACAATGCCTACCAGAG,7691
ATCGCCATTAATTCAC,7691
ATAGACTTCTTAGCCT,7687
TATCGAGACAAAGTTT,7687
AAATGGTATTCTCCTA,7684
CACTAACTCGAATAGC,7683
TTCGCCCACACCAACA,7677
GCAATTCAATGTGCAT,7675
ACCTTTTAAAATATGA,7671
CAACGCTCAATTCAGG,7671
ACTAATGCAAGTATAA,7669
AAAAAAAGCCAATATA,7664
ACGCAGCTGTCATCAA,7664
AATAGAAAAGTAGAAT,7662
CCTGAACTGAATTTCC,7660
ATAAAACACCAGAAAT,7658
CGGAAGATAATGTCAA,7656
AGCTGCATCGCCAGCA,7655
AAAAATATTGAGATGA,7647
ACTCTGCATCGGGCCC,7646
CGTGATTATATTATAA,7646
TTCAAAGGAACCAATA,7641
ATGGCACATCCTATTC,7637
AGAAGATAAAAGGTAT,7626
CCAGCATACTTGGTAA,7616
TGTAGCCTGACAACGA,7613
TAGAATATTAAAAATA,7612
GTTAACAGCTCTCCGC,7600
TCGATATGAGACCACC,7595
AAAACCAAACCGGCAG,7594
TTGCATGTTATCTTCC,7592
GTTGCGGCGCAGAACA,7591
TCACAGCGCAAGACAC,7591
AATACTATATATTGTG,7589
CGTACATTATAATAGA,7587
AATGTTTAGCATTAGT,7585
TAGGACGTAGGGTAGT,7581
GTAAGACCAAAAAAGT,7577
TCCTAAAAACCACCGC,7575
TTAGGATACACGTTTA,7575
AATCAGATGACACTAA,7574
GGAACTCCTTAGCCTA,7574
GTAGTTAATGCATAGG,7574
GGCCATCTACTAACCG,7572
TTACGCGCGACAGCAC,7571
ATACCGTTATAAGACT,7567
TCCCCCGACCGAGATA,7565
ATGACGAAGCCGGGCA,7563
CACGATAGCCTCGTAA,7563
GCATATATTAGGCTTC,7561
ATAAGATTCAACATTC,7560
CCCCGCACCTACAACG,7554
CTACCGTTTAAACCAA,7550
AGCCTAATAGACAGTT,7546
GGACCATCTTTGAATA,7546
TAAAGTAAAGAGTCAG,7546
CAAATTGTCAGCGGTC,7545
GTTATAAAGAGAGATT,7545
ATAGATACCACATGCT,7544
ACTAATTTTGAGACAA,7543
GGCTGTATTAAATGTC,7537
GGACTACCACCGCTAC,7535
TGAGACTACTAAAGTA,7535
AAACACTATTCAATCA,7534
TATACGGCAAATAAAT,7534
AACAGATAGCAAGGCG,7533
ATTGCCTAGATCCTAT,7531
TGCTCAAACAATACCA,7530
GGTGCCCTTTCTAACA,7526
CAATAATCCCTATTCA,7524
CCTTGTCTAGATTCCA,7520
ATTCACCACCGGTCCC,7517
CGGTGACACCACATTT,7512
CAAGTAAAGTATTGGC,7510
CTATGGCTTTATTACA,7510
TTACCAGGTTTTCCAT,7508
GCGTTATGAGCTAAAT,7506
GCACTTAAGATCTTAT,7505
AATTACTCATGCTTTC,7504
TGAGAAGATCACGAGC,7503
TTAAATTTACACGATC,7503
CCAATTACACTATAGA,7500
ATAACAGCCTCAACGT,7497
TTAGATCTGAAAAAGA,7497
GATTCACGCGGTCGTC,7494
AAGTATGAAACATACA,7489
TTTAAAAGATGACTCT,7485
TCATTTGGAATGGAAC,7481
TTCACAGACGCACCCT,7481
CTAGGTTACGCTACGC,7480
TAAGAGTCAAGCGCTC,7478
CTAAGTGTGGAATAAA,7476
GGCCAGAAGAGATATC,7473
GTGGAAAATGACCCAT,7473
AAACGATAGCTGCTGA,7468
CAAACATGATAATGCC,7468
CCCGTAGCAGTACTGA,7466
TAGAAAATAGATGTGG,7466
AAAACCGTACTTTGGA,7463
ACTAACGCGGGCACAA,7462
AAGGCCATTGAGTTAA,7460
GATTATATTAGGAAGA,7451
AAACCGCTACGTCCGA,7448
AAACCGCCTTCATAAC,7446
ACATAGGAGGCCGCAG,7444
CACCAATGGGCTCTGA,7442
GGTCTTACCGAATTAG,7439
GTAACACCCTAACGGT,7437
AATAAGAAAACCTCCA,7436
TACTGGGTATTGTGAA,7433
GCTGCCGCTCGATCTA,7431
GGTGGGAGGACAGCGT,7431
TAGGCATTGTACGGAG,7430
ATAGTGGTACAAAAGG,7429
GCTTACAGAATTCTTT,7423
GTAATCGAACACAGGA,7422
TAAACCCCGTCTCGAA,7422
CGACCGTAATAGTAAA,7421
GCAAAACGTATGATTA,7421
ATAAAAAGCTGAAAAA,7418
GGTTGCCTCCCCTCAC,7414
TGACTGAGACAAAGTA,7411
ATGTATTAACTTGGAG,7410
AGCGGCAAATGTATAT,7408
GAGGTCGTAATTGAGA,7405
TGCCCTAGATCAAGTA,7402
AAATGAGCAAGAACGC,7401
TAATCTAGCGAGATTA,7401
AAAATGCCTAAGTACA,7400
TGAACACGGAAGAATA,7392
GCAGGTCCTACTAGTT,7391
AGTTATAAGAAACTTT,7386
CATGGTTATGCCTCAA,7384
AGTGCTTAAAGTGCCG,7382
GTCAGGAATGGCAAGT,7380
GTATTTGTACCAAGAA,7379
TAACTCAGCCACTAAT,7377
TACTGTCCCCAATAAA,7377
ACCTTGAAGAATTCAC,7376
GAACATCAGAGGTCCG,7376
ACAAGGCTTGCCGTAT,7373
TCCCAAACGGCAGTCT,7367
AACCAGAGATACATTG,7366
AGTTTTTAGTTGAAAA,7358
ATGAACATGAGTAGGA,7350
TAATAACGAACCATGG,7345
ATGTTTCTGACGAGTC,7343
CTACTCCCGCCAGATG,7343
CACCATGAACACCAAA,7341
CTATTCTACCATTTCA,7341
CTGACAGACGCTCGAA,7340
AGAACCAGAGCACACA,7337
TTGATACGTGAACAAA,7334
GTTTGATGTCCAGCCT,7332
CTAGATCGGCACCACA,7331
ACCGGCTTCACCCGTG,7324
ATCCAGGAACGCATTA,7324
TAATCGGCCTACTAAA,7314
AATATCAAAAAGGGCA,7309
GATAAGAGCAATGTAA,7306
CTCGCCCTACAGAAAA,7304
GACCAGTGAGACGAGA,7303
TGAGTAACCTGTTGAA,7292
TAACCACTGTCTCAGG,7290
TCACCTCTCATATTCC,7288
CTATGAAGAGACACAC,7285
GTCCATCCGGATGCAT,7285
GTCTAAGGATACACAG,7282
AGGAACGAGATATTAT,7281
CTAACTTAGACATCAC,7281
GGGTACTGTAAGGCTA,7280
CCACATTGCAATACAA,7274
CAGAATCTCGGCGCTA,7270
AGTGGTAAAGACACCC,7268
CTGTAGATTAATCTAA,7265
TACGGTGGATACGACG,7261
GACATACAAGAAAGTC,7256
GAGGTCCTTTCCGTTC,7252
TACCACAAACAGAACC,7251
CGAGAGTCGCATTTAA,7249
TCTAGAACCACAGACA,7248
ACGTAGAATAAGCTTA,7247
CCTCCAACTGCAAAAC,7247
ATACTACAAGTAATTG,7239
CAGTAGTCTGCGCTAC,7235
AAATCTGACTACACAA,7231
CCAACTATAATCCGGC,7229
ATAGAGAGAACAGTAT,7222
AGAATCTATGAACTTT,7220
CGGACTAATTAGCATG,7220
TGAAAGTGGCAGAAAT,7218
CAAAAGACTCAATCCA,7217
AACGGGCAGAAACTGA,7215
CATCAACTCTAAACGC,7213
GTGTGAAGCAATATGA,7210
TTAAGACGTATACTCA,7210
GATCCCGCGGCTGTTT,7209
TACATGGTACAGAGAC,7208
TCACGAAGAGATACCT,7206
CGAAGTTGTCCGTACA,7205
AACCGCTCATAATACT,7203
TAAGCCCTCCTCCTTA,7202
CAAAACATTAAAAAAC,7197
CAAACAACATTTACGA,7194
GACTAGGGTCAAACAT,7193
TTTTGTAGTCCTACAT,7192
ATGCATACCTTAAGTC,7191
CTAATACTGAATACAA,7190
AGCAACAGCAGATTTA,7180
TCGTTGACGATCCTAT,7180
TTCCCTACAGCTCGAT,7177
AAGCGGCCTATGCAAT,7176
TTGACAATGTTTTAAA,7175
AGAGCGATAGGCACAC,7174
CAGAGATGGTCACAAG,7171
CCTTCACTGGATTGTA,7171
GTCGAGGGTACTCTAT,7171
ACTTTCAAGACATATA,7170
ACACTCTTATATTCGC,7169
ATCAACAGCATTATAA,7165
GGCCTGCGACAATATA,7165
TTAATTGCAATCTCAC,7162
AACGTGCGGGTCACAT,7160
TTGTGATCTTGAGCGT,7159
ACAGACTCCAATGTTT,7156
TGTGTATTGGGACCAA,7153
AAAGTGAACACTTTCG,7150
TACCAAGGCAAGTATT,7147
CGATAGAAACAACACC,7145
GAGATGGGCATACCGA,7144
ATCCAAAGTAACAACA,7135
TGCCTGGTAACGTTCC,7134
CTGCGGCTAGTAAGCT,7131
TATCCTTGCTGACGCA,7124
ACTATAAGGCTACTGG,7120
CTACCATTAGCTTTTA,7120
TTCTACTCAACATATA,7117
CAGATACCAGGTCTCA,7115
CCAAGCACGCTAGCTC,7114
TTCCCGAGTATGGGCT,7110
CAGCTCACGGGTGTTA,7098
AAGCTTCTAGGATCCC,7095
AATACTAATCAAAAGC,7095
ATATATAGATTCTGCA,7095
TGCTCGCTTCAACAAA,7092
GCGACGATTAGCCTGA,7087
GCGAGGATAATTGGCT,7082
AAGCCATGCATATCAA,7081
CCGACTCAAAAAAGGA,7076
CGCTCGAACTTGCTGG,7075
GTAAAAATCAAATAAA,7075
CCACATTATAGTACAA,7073
GTGTCGTTTAATGGTT,7069
GTTAACCGGTTAAATA,7068
CTGTAAGGGTGTGATC,7066
AGGTACCATATAGGAT,7064
CTACATTAAATGTTTC,7062
AAATTTACTCACGCAG,7061
GGAACTAATGAATTTT,7058
ATTCGCGACGAGTGCC,7056
TTAGCCCCATGGATAC,7054
CGTTTCGCCCATTAAA,7053
GACCACATTATATCAT,7053
GTATACATTTGATGAA,7053
CACGTCTTCCACATTT,7049
GGAAATTACATCGGCA,7045
AGACCAACGTCAATAT,7040
TATCGACAAACCAACA,7039
TGTTACGCCTTGAGGC,7037
CGACCAACACCAATCA,7035
AGCATTAACTCAATGT,7030
AGTAAACGATATTGGT,7027
GCAAGAAATGTTAGAT,7025
ATAACTGTCTCGAAAA,7023
ACAATTCAGAACTGTA,7018
ATACCCACACTGTGGT,7014
GAACATCGTACTTAAC,7012
TAAAGACTAACCGTGA,7005
AATCCACAAGCTAAAT,7002
ACAAGGCATATAACAA,7002
AACACATAAGTAACGC,7000
TCGATAGCTCATCAAA,6996
AAAGTTAGTATTTTTC,6995
ACCCCTGTTTAATGGG,6990
ATAAAATCCCAACGCC,6990
GGACAAATTACTACCA,6989
CCATCTGATGTCGCTG,6986
AAGGAACTAAAATTTC,6985
CGTGACAAACGTGAAG,6983
GAGAATGCCATACACA,6982
GTTAAGAAATGTAGCG,6978
CAAAAATAATGCTGTT,6977
TTCGGGAGAACATCCA,6977
AATGAACATATGCAAA,6976
TATTGCGGATCTTTCC,6972
GACCTAAAAAAACTAT,6967
AAAATCTAAAGGAACT,6964
CCGAACACCAGATAAT,6964
ACCAATCTTAACAGTG,6962
GGCAAAAAATGAACAA,6961
CCTTATATCCCATTCC,6960
AAAACACTGCAAGAAA,6956
GTGTGATACTCTTTAC,6956
AAGTTGTACGAGTAAG,6949
TGAAACGACCCTATAG,6948
TACATAGCTACATTCC,6945
AAGAGAAATAGACTAC,6943
GAATACAAACATGCAT,6943
AAAAAACCCAATATAA,6941
GAACGATGAAAAACAC,6938
AAGACTCCAAACTAGA,6934
GAGATGTCGCAAAAGG,6932
AGTGCTAATACAAAAT,6930
ATTGATCTCAGTCACA,6928
CGATCCATCGCGCATG,6928
GTCGCACAAAAGCTAG,6927
CCCACAGACCTTGCAC,6925
CTTACTCAATGACTGT,6920
GAACCAATACAAGAGC,6920
ATCAATCTTCTCAAAG,6915
TACCATGAGTAGCCGT,6914
TCTCGGGGTGACTATC,6909
AACTCGTTCTTGTATG,6907
ACAGTCATGACCTGTA,6906
GGCAATAAACGCGAGA,6904
AACTCGCAATCCTGAC,6895
ATCAACGGGCACGAAG,6895
CATTGAAAAAATCACC,6895
CAAGTCGCAGCACAAA,6893
GAAGTTGCAGAGAATA,6890
AGTTTATGCGTAATCA,6889
ATAATACTTCCAGTAA,6888
ACCGATGTCGAAATCT,6886
AGAGTAACAACTGAGA,6886
AAATCTCAAAATCGCA,6884
ACACGAGATAAACATC,6884
TCACAAGAACCATATC,6881
CCACAATCTTGTAACA,6880
AAACCAAAGATGCCGA,6879
AATGGGGTATAATGCT,6871
TAGAGTAGCCCTTAAC,6870
GCAACACAATTAGCGT,6869
TCTACAACGTAAGACT,6867
GGACTAAAAACTGAAC,6866
ACTAATGCACCGAAAT,6862
TAAGCAACATCCCGAT,6861
GGTGCTAGACAAACTT,6859
GCATCCAAAGGGCATA,6857
GTCTTTGCATCATCTG,6855
TAACAGATAGGACTCT,6849
GAAGACACGAAGAATT,6846
ATCAAGGTAACTCAGC,6842
ACGCTGAACTTAAAAG,6839
GGAGACGATGAAACCA,6839
TAACAGGCCAGCGGAC,6839
AGAACGTAAAAACATG,6838
CCACTACAACCATAGG,6837
GCTACGGCTTGAAGAC,6837
CACACAGCTAACTCCT,6836
GTGGAAGCAAAGCATA,6836
TCTACACAGTAGACTG,6836
TATTGGTCTGGACGAA,6832
CGTCTCCAGGAACCGG,6829
CCACTAATAGCAGCAT,6828
TAGATATAGTGACGTA,6827
TCATATGCTAACGGTT,6821
GAAACGCCAAATAACT,6819
GACACAACACACGACA,6819
CAAAGATAGGCAGAAA,6818
CGAAAACTTTGTCCTC,6818
GGTTATGTCCAGAGAA,6818
TGTCCCACAAATAAAA,6818
TTGATCTCGATGCACT,6816
ACATTCGGATTAACTA,6814
TAACGAGCACTTTCCG,6811
AAAACATATGCAGTAT,6808
GGAAGACTCTAGTCAT,6807
CGGAATGAATCAATCA,6803
GCCCAGCTGTGGTCGT,6802
GCGTATATCGGGATCC,6801
CTATGAAAATCAAAAA,6800
AACTTGATAATCCCGA,6798
ACATAGAACTAAAACG,6797
TAGCACGTGTCAATGC,6795
TTATCAACTGGTTGCT,6792
AAATGCGAGGGGAAAA,6784
GACGCAGACTTAGCAA,6783
AAAGAAAAAAACAACG,6782
CCAAACATTATACGTA,6782
CCCATAGCTATGCTAT,6782
AGAGCGTTACTTAAGC,6778
ATTTTAACAGCACCTG,6778
AAGTGTAAAGTAATGG,6774
GCGCAAAACATAACAA,6773
GAAAGAAAAACCTATG,6772
AATACCCTCGGTAACA,6770
CGAAATATGAGAAAGA,6767
AAAAAACTTAAGAGGC,6766
GCAAACATGGCCCAAG,6766
TTCTCCTTATCTGAGA,6763
CCAAGTCCTCTGTCAC,6762
AATATTTAGACAAAAG,6761
AGTGCAAATTAAGTAC,6760
TTCAATGAAATTTGTT,6760
ACTCAACTCAAAGGTG,6759
TGCTGATTTATAAAAG,6759
TTTCAAGTACCGTGGA,6759
GTACTTCCCCTAGACA,6756
TACGAGAAATGTTCAC,6756
AGACTCCCAACAGAGG,6754
CGAGGATGAAAACTGT,6751
TCCCACGATCCATGTC,6751
CATTCATACCATACAA,6750
ACATTAATTCTCAATA,6748
ACTGTGATACATAAGT,6747
CCATACACGACTAAAC,6741
CTTGGGACCTTTACAC,6739
GACCGAGGGAGCTAAA,6738
GGGAGTCATAATCCTA,6735
TCAGCCACTCCTTCAG,6733
TTCTTGTACCTGGCCT,6733
AACACGTTGGCACCGT,6731
ATATCAGGTTCCCTCA,6731
AGGCTGTAACCAGGAC,6725
AGAGCAGGAGGATATC,6724
TTGTTATCTTTTTCGA,6724
ACTATTTTGAGGATCA,6722
GTTCAAGTGAAGTAGT,6722
ACATGAAGCTGCAGAT,6720
GTCTGCAATAATGATG,6715
AAAAAGAAAAATTATA,6713
AGTATCGACGGTAGAT,6712
CACTCTTTCCAACCAA,6712
CTATTTAGCCGACAGC,6710
TCGTTAAAATCCGTAC,6709
ATCGCTTTTATAAAAG,6706
ATACCAAAAACGTTAA,6701
ATTTCATATACACAAA,6700
ACTAAACTAAGGGAAT,6698
GAAGCTTATTCTACTG,6698
TGTTAGTTATACCGGA,6698
TCAGCAACTAAAACTT,6697
GAGCACAAGACGTACA,6696
CCGCAGCCTATGCCAT,6695
CCCATTTGCATAGCGA,6690
TAAATGTCCAGCTTTG,6690
TCCTGTGCTAAGGATT,6690
TAGGCCATAATCCGCG,6689
AGTTGAATGAAATTAT,6688
AACAAACCGGGACAGG,6687
AACCAAGTATGTGAAC,6687
GTCATCAAGCAGATCA,6686
TTAACTCACAAAACCA,6685
AATTAAAATACCAACA,6682
GCAGAATTCTCTCGAG,6682
AGAAAATAATACAGCC,6681
CGCAAGCTCTCATCTA,6679
GACTCGCTACTCAACT,6679
GGTTTATGTTAAACCC,6679
ATCACCAAAAAACTAT,6677
TGTACAAAACAACACG,6677
CTCTACACTAGTACCG,6676
GAACCAGAAAATTCAG,6674
AACTATTTAACGAACG,6672
TTTCGTTGATCGAGGT,6670
GACGAATAATATACTA,6669
CCATTTCACTTCAACA,6668
TTCTTGCCGAAGTAGA,6668
CCATAATCAAAACAAT,6661
TTTCAATCATCACTAT,6661
CTAAGTTAAGCCACAC,6660
AGCGTGCTAAAGATAA,6657
TAGGTTACAAATAAAC,6657
TATAACTGATGAAAGT,6651
ATATGCATGTAGAAGA,6650
CAATCAACTTAGGGAA,6650
ACTAAACGTCCAGGAA,6647
GCGGTACCCCTCAACA,6647
AAGGATCGGGGACCAA,6645
CATGAGCAATCGGGAG,6644
CTTAAGCAACAGGTAT,6644
TATTTCAAGACAGAAT,6643
CACAGGAAACGTAAAA,6638
TACCAGTGTTGCTAAC,6638
TCAGACAAAAAAGAGG,6635
AAAATATACAAGAATA,6633
ATTCAAATTGTCCGGC,6631
CCGCCGATGAACAAGT,6631
GCAAACAGTTGCAATT,6631
AAGAGCCCACAATTAC,6630
ACAGCGCGACTCTCCT,6630
CAAAATACTAACATGC,6630
CATACCTCTACACGGT,6630
TATGTACCTTAAATTA,6630
CCAAAATACTCAAACC,6627
AGATTAAAGCCAACAC,6626
CAGAGCTAATTCATCA,6626
GCGAAGGGTGGTAAAC,6618
AAATCGTTACATAACA,6613
GACGGCAAGGCCTATA,6612
TTAACCAGGTTCAAAC,6612
GTAACAGAACAGTATC,6608
TACTGACTAGCACACA,6608
AAAGCTAACCCTTGCC,6607
CACTACGCCCCTAACC,6601
AATATTAGCCACCCTG,6598
CACTCATCACATATTA,6595
TAACGAGATAGGTATT,6595
TCCACATCCTGAAACA,6594
TTCCACGTTCTGCGTG,6591
TGAATTCGTGGAAGTG,6589
TAATTAAACTTAAGCG,6586
ATGCTATTATCGATAG,6585
GTAACCACTAATCTTA,6585
ATCGGTATTAGCTGTG,6582
TACATCGCTTTTCGCT,6582
CACGGTCTCCGAACTT,6581
CATATTGACTCCAAGA,6581
AGGCTCATGTATATAC,6579
CATGATAATAAGATCA,6579
TGTAGAGCATGTTATA,6579
TAGAATTTCGCAGGGT,6577
GTAAAGGGAATAATAT,6574
AACTCCGACCTATGTA,6566
ATGCCATCCACACTTA,6566
ATACGAACAAATACGT,6565
CTCTATATTACCACCT,6565
GAAGAGTATACTAGCT,6565
ATTCATTTACCCATTA,6564
AAACCCAGACCTAGAT,6560
GGATGCAGAACGACCA,6560
GAATATGGTATAGAAT,6559
GTAACGCAGGACTACA,6559
TTACGCTACCGATCCG,6559
AGGAATCCAAACACTA,6558
GATAGCTACTTCACAA,6557
GAAACTGAATCGTCTC,6552
GCAATGACCGATAGAT,6549
TAAGTGAAAATAATCT,6546
ATCGCGGTACCACCGA,6545
GTAATTCTCTGCAAAT,6543
TGTGTCCGCACTACAC,6541
GAAAATTCTAGTCGAC,6540
GTAAATAGACAGCATT,6540
AGGAAGTCGCAACTAC,6539
CACGCATGTGTCTAAA,6539
GTATCATTCGAGCAAC,6536
GTTTTTGAATACAAAG,6536
CTATAGGATCGGCAGA,6535
TAAATCTGGATTTCGA,6534
TGACGCTAAAATGAAA,6534
CGGGGATTCACAAAAA,6529
AAGTCCTCTTCCTACC,6527
TGACTCAAGCATAAAA,6521
AAAATTAGTCACCCTT,6520
CGTGAATTAGCCTACA,6520
GTCCAAAAATCGAATC,6520
ATCACCCTAGATGCGA,6519
GTAATCAGAAACCGAG,6518
CTATAACTTATAAACA,6517
TCCTCCGCCCTCTACC,6517
TCGAATGCGTATCTCA,6517
ATAAACAATCACTGAC,6516
GGACACAAGCCACGGG,6516
TATCATACGTCAGCAA,6508
CGAGGTGAGTTGACGA,6506
GACGGTGCATTTATCT,6502
AGAATTTATCACACAG,6501
TACCGACTTGCTAATA,6501
TGAAACACAGTGGATT,6496
TCAAATTGCCACCGTA,6494
AACTACACAAAACCAC,6492
TTACGTCCTTGTGATG,6489
CCGAAATGCGACAACA,6486
ATCGATCCAAAACGCC,6485
CCGTCGCACTGAAGAA,6484
TGATAACTATAAGTAG,6483
ATTTTGAAATATTACC,6482
GGCGCTTGAATCAAGC,6482
AACTAGGAGAACAGTG,6479
TTAAGTTATGAAGGCC,6478
GGGGAAACACGGTACT,6477
GAAGGTCATTTTCATT,6475
CTATAGAGAACAAAAA,6471
TCCTCCAATAATGAGC,6471
CAGCCGAAGAAGAAAC,6467
GTTTTATGCCCAACTG,6467
ACAAGCAATGACGAAA,6464
ATAATAAACCATGTCC,6463
TCAACATTTCACGTGT,6463
AACTCTACTGTTTTTG,6462
CCCGTTCACAGGACTC,6462
GTCCCGATACTGCATG,6460
TGGCCTATCAAAACCT,6458
CAAACAACGAAGCACA,6457
CCGTACCAGACAAGAT,6454
TAATCGCATGATTCAC,6454
AGTACATTTAAGGAAA,6453
GACCGGGGTACTGAAT,6448
AACGCAATATACCAAA,6445
CAGTACTGTTTCAAGA,6445
TTTTAGGGACGCTTAA,6444
GTCATTGTGCACTCAT,6443
GAGGGGGACCATGGAA,6442
GCGGCAAAATACTAAA,6442
CATGGGAACAAAATGC,6441
GCCAAAACTAATGTAC,6441
GTTGTCCTCCTAAGTG,6441
AGCGCTCTCGAAACCA,6440
ACGCTGGTATATATTG,6438
GAAACCATCCTAGAAT,6431
AATGCAAGATACAGGA,6430
CTATTTCCAATGTGAT,6429
AAAAAACATGGGATTA,6428
AGTTCTGGATTCCTTT,6427
CACCCGTCAGGCTTTG,6427
CAGAAAATAATTTCTA,6427
AAGTAATCGCACTTTA,6426
GAACACGATAAGTTTA,6425
TAATAAGTTATCTCAA,6425
GTAACACTCGGTCTAG,6423
AGAGGAAGTTTAACTA,6422
AAATAACATGCCGTAT,6417
CCAGGATCCTAACAAT,6416
GAGCTTTGATAGCAAA,6414
GCCTCCTTAATTATAA,6414
AGATCTCCCTCCCAGC,6413
AGAAAACCAGAACACT,6412
TCAATGACACCATCTG,6412
CCATTTAGTTGACGCA,6411
GTATTGCCCTGTCTCA,6411
ATAATTATAATGACCA,6406
GTTGAAATTTCTGTTG,6406
CAACACTCTCGGAGTC,6405
CAAAAAGTCGCACCGA,6404
ATTTCCCCGCCACGCT,6403
GACCCCTTCAATAAAT,6403
ATAATTATCGCACTCA,6401
CTTTAGACGCGACGCC,6400
AACACCCCAACTTAAT,6399
TCCAAAGCATACGTGC,6398
GTCGAGAGTGCGGTCT,6394
GTGTACCATAGTAGAA,6385
AAAACTTGATTAATAA,6381
TACCGTAAAGGATTCA,6380
GCCCATTCACCCAAGA,6379
TTTTAAAAGCTCGCGA,6379
CTTTCGTGGCACATTG,6378
AACATTCCTAAAAAGG,6375
CCAAGCATGTAAGTCA,6374
GAAAACATGGCAACCG,6373
TCTGATTTAAACCGCA,6365
AAACTTCTGTTAGTAA,6364
TTAAGACAATATCTAC,6362
CCGAGAATATGAGGTT,6361
GAAACTTCAATTAAAC,6359
TACTTAGAATAACCTC,6359
ACACAGCCGTAAGATC,6354
TCGAACGCTTAAAAAC,6353
AAGCACATGATTATAA,6345
TTACAGAATGGCCTTT,6345
AGCTCATCGGGACACA,6344
AGCGCCGAAGTACTTC,6343
GTATTAATGTATATTA,6338
ACGCAGCCACATGCCC,6337
TGTAACCATAAGGACT,6336
AGCGCGTTTTTGGATC,6333
AACATAGTAACAACAT,6332
CCGATTTAATTAGCCA,6331
GTCGATGAAGCAAGAT,6331
TTCTTTATAATTCTAG,6331
AACGTAGTAGTGAAGA,6330
ACGACGCGATAACTAA,6327
CCTTAACTGACTACAG,6324
AACACGTTCCACCTAT,6323
CGATTCACTACTTCAT,6323
GAGACTGTCAGGACAG,6323
CTCAACTATGGAATAA,6320
TGAATCACTGTAGTAA,6314
CCTTCGTGGCTCATTT,6307
AATGCAAGAACTAAAA,6305
TAAATGTTGGAGAAAT,6305
ATATATCTGAACCAGG,6304
AGTATAATTACATACT,6303
CAAACTGTACAATCGT,6300
GACCGCATATATCCTC,6300
TATCGGCAGGCATCCT,6300
TCCAAGAACTATGCCC,6299
TGCAAGTGACTATTAC,6297
CATCGCTCTACAGCTG,6295
AAATGTACTAGGACTA,6294
TCAGCTCCAGAATCCA,6293
AATGCATTAAGGGAGA,6292
TACTCGATTAGTGACT,6291
ACGGTCAAAAAACCAC,6289
CGGTAAGGAGTCAATA,6287
GCCGCAACTAAATGCG,6286
TTTCGACGATAGTGGT,6279
AACACCCCGACCAGTC,6276
TGAAACCGGGAAATGT,6275
CAGATACTAACATTCC,6274
AAGAGGTTCAATTAGT,6267
ATACTATCATATTGAG,6264
AACCCCCACCATAAGT,6263
CTAGAAAATCTAAAAG,6263
CCTCCTCTATAGTAAT,6262
GGTTAAGATTATTTAT,6262
CACCCTGTATTTATCC,6261
AACCAACCTAAGCACG,6257
CTCCATACGTTATACC,6249
TTCAGAACGAAGCATA,6249
TTCGGTTTCAAATTAG,6249
CTTGGTTAAAAACAAA,6248
ACCAATAGTACCAATA,6244
CATGCGTATGCGTCAC,6242
AGGGGACCGGCTACAA,6241
CCATAACATGTTAGAA,6241
TGTATATGCGACCAGC,6240
ACCAGCCCACATACCA,6238
TGTAGCCTTCATTCCA,6237
ACTGTTATAGTTTTAA,6235
AAACTGGTACAAACTT,6233
ACCGGATTATGAGCAC,6233
TAAATAGAAGCAAATT,6233
CCACTGAAAAACCTCC,6232
CATTTAGTCAAGTCAC,6230
CTATGGGTTCACATTA,6230
CGAAATAACTTACCAA,6228
GATACTACTATTCATT,6228
CTTTCGGCGCAAAAAA,6227
TTCATCGAGTATAAAT,6227
CTACAAATATGTACTT,6224
GGTTTAAGACCTAATT,6221
TGGAGTACAAAAATAT,6221
TTCCCCCATAAGGGCC,6220
AAACGGGCCCACGATA,6219
GTAGCTCACCCAAGAA,6219
ATGGGGCAAGACTAGA,6218
TGGGCCGGCAACCCAC,6218
AACTATGACAAAAAAC,6217
TCGATCCCTGGGTGAA,6214
ATATCGTCCACGTGGA,6211
CACTTGGTGAGTCAAG,6211
GTTTAATAGATTATGT,6210
GTGAACAAACGTCGAC,6209
ATAAATACAAAGCGAA,6208
ACTCGTAGTCCGCACC,6205
AGCAAAATATTAAGTC,6197
TGCCTGTAAAAAAGGG,6194
GCCACGCTATGCCCAG,6193
ACACCCATTCTAAATT,6190
TAGAGACCTTATCCAG,6189
CACAACATCACCCAAC,6186
CTACGTGGCAAAACGA,6186
TAAGTGAGAATACTTG,6186
AGCACTCATTTCTAAA,6185
TAAAAATCAATTCCAA,6184
CGAATACGTTTACACA,6182
AAGCAACAAGAAAGAT,6181
CTTACAATCGCGGCTA,6178
GAATTGAGCTAATCTT,6178
TAGGTCAAATACTACA,6177
CCCCGGAAAAACAAAA,6176
CCCGTTACACTGGTCC,6174
AAGGACCGAATAAAGT,6170
AATCTCAACGATTCTA,6169
GTGGTACCACACATAG,6167
AAAATGAGTTAGTTAA,6165
AAGAGAGAAAATGGGC,6165
GTAAGAAGTCGATAGA,6165
ATAGAATTCGGAACGC,6164
CACTTATACGCCATTT,6164
CTGAGAGCATATGTAG,6161
CTCGGGTACATATCAT,6160
GAAGATACCAAAGTTA,6155
GTAAGGCTTCAGGCCA,6155
AAATTGCAACATAATC,6154
CGTAACTTTTTTGATG,6153
TGTCGCACGTTAGCAA,6153
GTACGCAGACACAAAA,6152
ACTAAGAACCATTATA,6151
GTGGAAACGGGTAAAT,6151
GGGGTCTCTAACAATA,6148
AGAAAATTAGGTCGAA,6147
ATATCTCCTGATTAAA,6147
CAAAGATAAGTTCAGG,6147
TAGTTATCGAATTCCC,6147
ATCGTGAGACAATAAT,6146
AAAATTAACCCGATAA,6142
GGCTGTGCGTGTATAG,6141
AGGGGTTAGTGAAATG,6139
GCTTTTTGAACATGAA,6139
TAGAAAGAATGACAAA,6138
GGTAGGCACAAGGGAG,6135
AGTTACATGAGCGAGT,6133
ATTATGTCAAAAGAAG,6133
TTTAATACAGCGGATG,6131
CAGGCGATATTCATTG,6129
ACAGAAGATGAACAAA,6128
TAGTACTTGTTACAAA,6128
GACGCTTCGATGCCCA,6126
ACAAAACACAAAAATT,6124
TGAAACTCTACGAAAA,6124
AAAGGCGCGAATTGAC,6123
AAACATAGTTCCACGC,6119
ACCACGAGAAACAACT,6117
TCAGGAGCAAAGGCTG,6117
TCGGAACCCGACATTG,6116
ACTTACAATTTGAATT,6113
TAGCTAGCACATAGTA,6112
AAAGGATCCACTGGCT,6107
CAAGATGAACCACATC,6107
GAAGTACAAGCAAGAC,6106
GTCAATGATCAACAAT,6103
CTAAACACATAGAATC,6102
GACATCAACAAAAATT,6102
AGATAAGAACATTCCC,6101
AAGAATTTGGACTTTA,6100
ATCTAACATATGAAAT,6098
AGCTACTCTAATAACC,6095
ACAAACCGCTACAAAT,6093
CGACCGAGAACGCACA,6092
TAATATATTTGGATCC,6091
ACGAATCTTTCATAGA,6090
CTGCACTATTGATCAT,6090
TATCAATTTAGAGCTG,6087
CACAAAGGGTTTTCTT,6086
TAATGAACTCAGCAGC,6085
AACTCTTAAAAAATTC,6082
TCACCGTCCAAAGCAA,6081
CGGCCCATACGTACTG,6080
CAGAAAAGTCAGAATG,6078
AAAGAGAAGACGACAC,6076
TGCAGTACATATAAAT,6067
CAGAGATGACTCTGAA,6065
AAACAGGTGAAAGACT,6061
CTACAAAACTATAGAG,6061
GGTACTGCGGATTAAA,6061
GGAATAATTAAACGCC,6059
CATGAATCAATCTCAG,6058
GAAGCATCTACCAGGT,6058
CAGCCGCGTAAAGCTG,6056
TCTCTACCAAACCCTT,6056
CTCAATCCACGGCGTT,6055
CCGAGAAGCTCCCCGC,6054
ACGACAGATTAGCTTG,6053
ATAACAAATATCATCA,6053
TAGAGCAACTTCGATA,6052
TCTCCCAAACCTTAAC,6051
TGTACTCCAAGCGACA,6050
CTGAGTGTCTACCACT,6049
TTATCGTACCAACGAT,6049
TCTTATATGCTATGGC,6046
CATATTGCAATTACAA,6045
TAAAATGGGTCGTATC,6044
TGAACCACTATATGAA,6041
AACGATCAACTAACAT,6040
GTCTAAAGAACAATTA,6039
TTGTGCTAATATTACT,6038
AAGTTGAAGCCGCAAC,6037
TAGCATGTAAACATGT,6034
TTAAAGCACCACACTT,6033
GATTCCATTATGCACG,6032
AATGTGGAGATGCACG,6030
AGCCACATTTGATGTA,6030
ATATAGGCACATAGGC,6030
GAGATTCATTACGGTG,6030
ATAGACGGTAAACTAG,6028
GTTCTTAAAACTCCTG,6028
TTTTGAAACAATTTCT,6028
TGCTCCAGTATCTGAA,6027
GGCACACAATCACACA,6026
CTGAGCTTAAAAACAG,6025
CATCGATTTATATATT,6024
CAAAATCGAGACATCT,6022
GGATTCAATCAACATC,6022
AATTTGGTCCAATAGA,6021
CGTCTTGCGGTTTAGT,6019
AGGTTAATCCAGGGCT,6018
TGAAATTAAGACCCAG,6017
CCAAACTTTGATTACG,6016
GAAACGGAACAATATT,6015
TAAGCAAAACCTTTGT,6014
AGACCACGCTCACGGA,6013
ATAAACCCAAATCAAA,6013
GAGATTTTTGACCAAC,6013
GGCAAAAGGTTTTTGG,6010
TGCTACCACTCTAAAA,6010
AATTAGATATCACATT,6009
AAACAATAAATTAGTA,6008
CATACATGATTGTTAC,6008
CCGATTGGTTTGTTGC,6008
CGTAGTAGCCAATACA,6008
GTACACTAACCCACAA,6005
ACAGCCCTCGCCCAAA,6004
CACACATAATGGGGGG,6004
CTAACGTGAATGCATA,6004
TAACAAAATCGCAGGA,6004
TACCGAAAGAACGTAA,6001
AGATAGTAACATTACT,5999
TGTATCAGAAGGCAGT,5998
AATCGTTGCCCCCTAG,5996
TCATCTATCTAGGACA,5995
AAGATCTCATTCATAT,5994
CAACAACAGGCTGGGC,5992
TACGCATCTAATCGTA,5991
GTGACTATCACGGCCA,5990
AAGCTGACACTCGCCC,5989
CAAGTTCAGCGAGAAT,5989
CTCTTGTTTATTAACT,5987
CAAGGTCGCGATCGCC,5986
GAGCATCTAGTCAGGT,5984
TCCGGAGTTTAGGGTG,5984
GATTTTCGTCGAGTCA,5983
AAATAGACACAACTAA,5981
ATAAGCCAAATTCCAA,5981
TGCTGGCCTGTGACGT,5980
TGTATCCAAACGCTGA,5977
TCCCTGTCCCCTGCCC,5974
TCCGAAAGGAAATTAG,5974
CCGCCTGCGTGTATAC,5973
GATACCAGTAACACCA,5973
CGCTGTTCTCATAGCC,5971
AATATCTGTACACAAT,5970
ATAATGGTTATCTACA,5970
CGCGACAGACCATCTA,5970
AGGATTCAATGAAGCA,5967
GAATGAACTATAACAG,5967
GATCGTTAAGTGAACC,5967
GCACGCAGGTTCAACC,5967
CTTCAAACCCGTACCA,5965
ACGATTCATTACCCGG,5964
AGCGTTTGAATACCTT,5963
ACGAATGCCTAATCTA,5960
AATTTGCATCCAAATT,5959
AGATCTAGAACTTTCC,5959
GCCAAGGCGCGTCAAA,5953
AAGAATTTTACGTATT,5952
CATCCTTGGAGGCTAT,5948
CCCTTCTCATCTTACG,5948
CTGACCCAATCATCAG,5947
AAGAATAGAGCCCCAA,5945
TCTTGAATGTATCCCA,5945
ACGAGCTATATCTACA,5944
AGTATGCTTTTTCCAC,5944
AACTTGAGCTTACCCC,5941
ACCCGTATAACAACAA,5938
ACCTTTACACACGACA,5931
AGTATGTAACGATAAA,5931
TAGGCGAGATACCCGC,5931
ACACCGATAGAAACAA,5929
GCAACAACAAAACCTG,5926
TACCGGTCCCCCAATC,5926
TCACACGTTCTACCCG,5926
TACAGCAGCACATACC,5925
TTACGCATACTAGTTA,5925
TTCATTACATGTACAG,5925
GGCTGATATTGTAATT,5922
ATCAATTGTCAAGAGA,5918
CAAATCGAATACTAGA,5917
GGCTAACATCAACTGC,5917
TTAAAACTGAACTGGG,5917
TAACTAACTCGGGATT,5916
AACATCCCCTGAACCA,5914
GAACATAGCATAAATA,5911
GTATCCGAAAAAGGTG,5910
CACAAAGATACAAGGC,5909
AGCGACAGTGATGCGC,5908
AGTTATATTACTCGGA,5903
CTAGTAACTATTCAAA,5902
CTGACCCATATGACAC,5902
ACCAGTTGGGGAGCCC,5901
CAAAGACATGGGACTA,5901
ATCAACACCATAGCAT,5899
ATCTCTGGCAGGTATA,5899
GTGACAAGAAAATTAC,5899
AAATTACACTATCAAG,5898
AAGCTGAACATAGCAA,5898
TACGGAGTAACTGATG,5898
ACTACTATACAAAAAC,5897
TACACTGAGCAGAGAA,5897
TGGGTAGGTCGTGACG,5897
ACAGGTTACGAATACA,5895
CGAAATGGCTAATACT,5894
TCGATACCACTTCAAG,5892
GGGCATAGACGACACC,5888
AACGATGCTTCCACCG,5887
TACCTAAATTACATCA,5887
CCTAAGACCTTATACT,5884
CTCGATAACAGGGTTG,5882
GCCCTGGTGCGAAGTA,5882
GTGAAATCGAAAGATT,5881
AGCTCACATCAAGACA,5880
ACCCCCGTGATAAAGA,5879
CCACCACTTCCTCATG,5879
TATGCAGCAAGAATAT,5879
AATACAAAGACACTAC,5876
GTGCATGCAAAAAGCA,5876
CTACCAGTCTTACTTC,5875
AAAAACACATCCGCTA,5874
TACACAACTAATCAAC,5874
TGTAAGAACCCCAACA,5873
CAAAGACCATTACTAA,5872
TCATGCACAGCTAAGC,5872
AACAAATTATGCAATT,5871
CTGTATTTTGACTTTA,5870
GAACCGCCCATTGATA,5870
ACGATCTTCACGATGC,5868
GGGATAGAATGCAGAG,5865
CCCGCGCACCACCTAC,5860
CTAATCCGACAATGAG,5860
TTGACCTTAAAAATAA,5857
TGAGCCCTCACACAGG,5855
TAAGTGCGCAACTAAC,5854
ATAGAAACACACTGCA,5849
CCGAGACTACTAACGC,5849
AGTTTCAACGCCTCTG,5847
CCACCGATGTATACGC,5847
TAGTAAGGGACAAGAC,5846
ACCGGGATCCCATCGA,5844
ATTTAACATGAAGCCC,5840
GATCAACTTCCTTGTT,5840
GCTTAGGACACGGACA,5840
GGTAAATGTGATTAAA,5840
TCGTCGTAAGCGTGTA,5840
CTAGTGGCACAGTTTC,5839
CAAGACAAAGTCTAGG,5838
CCCCATCCTCGTCGAA,5838
ATACAACAATGAAAAG,5836
ACTAGCCACAACTTAT,5834
CCCTAAGCTTTCTGAA,5834
AGGCTCTATTCGCCCC,5833
GATCAACTTGTGTTCA,5830
ACGGGGATCGTAAATA,5828
AGTAATCAAAAACTTA,5828
AGTCTAAAAATGAACA,5825
CACCATACTAATCAGT,5824
TTAGTTAATCTTCTCC,5824
TACTACATTAAATTCA,5823
GCAGCCAACAACAACC,5821
GTGGTCCAATCGTCCA,5821
TAAAGTTATCCATAAA,5818
GTCATTCGTTTTAATA,5815
TTTAACCGCTGGCCTA,5815
CACTATGAGGTCCCGA,5812
GATATAAGAAACAGCC,5812
CGTATTACACACATGC,5811
ACGAATGCTGCTAACC,5806
CAATTGCCGAATATGG,5805
AATCATCGTATAAATC,5804
AGAACATTCCAAGGTG,5803
ATTGGACACCTCGAGA,5803
ACCAATCACCAATAAC,5802
AAACAGTAACATTATT,5801
CATGGACACCAAAGTG,5801
GTTCCTGAGTTTGCAA,5800
CCATCAACAAGGCAGT,5797
TAAACTGTAACATGGA,5795
TGGTCACAGAAAAGCT,5789
ATTAATCAAACCCGCT,5788
TTTATCTAATTACGAT,5788
ACGACGATACTGTACC,5787
CTTCTGGGCGAAGATG,5786
CTCCCACTTACTCAAC,5783
GCCGGGAGCGTAAACG,5783
GCGCAAAACGGACCCA,5782
TCCAAAAGTATCGAAG,5782
TTCATGGATAAAATCA,5781
TTAGACTGTTGTACAC,5780
AGCAGGACGTAACCAA,5779
CCCTAGGTGGTACTCG,5778
GCCGTACCGCATTGAT,5778
TCTTTTGACCGTTGAC,5774
AACCTGACAAACGTGA,5772
TCCAAGGTCTCTTCTC,5770
AGGTGACAATAAACTT,5769
GAAAACAAATACCTAT,5769
GGGCTAACAAAGGTGA,5769
ATCACTCGTTGAAATA,5768
GAGATGTCAACCTCTC,5768
AACAACCTACACATTA,5765
GGGAGCTGAGGATATA,5761
AATGCCCATTAACTAT,5759
CTCAAATCGATTAAAA,5758
ACAAGGTTTTGTAAAA,5756
GCTAGGACCTAAGAGT,5755
TGCCCAACCTCTTCGA,5755
AACACCCAGCTCGATA,5753
ATTAGCGCCCGTGATA,5752
CTAACTAAACTTCTCT,5752
TGCACTCAGACCAGAG,5752
TGCAGGAACAATACAT,5750
GACACCCAGGTTAAGG,5749
CTGGAACGCGAAATTT,5748
TAGGACTTATACACAA,5747
TGATGACTGATAACTT,5746
CCACTGATGAAGTCAG,5745
ATACGAAAACCACCAC,5742
GACGATACTTAAAAAA,5742
TCACGATTCCAATTCG,5740
ATTGGCAAAACTCATG,5738
TATTTACTAAGTACTT,5738
TCTGAATACAGTCTGC,5736
CCTAGTCACCTGTGCA,5734
AAACTACGTCTCTTCG,5732
CATGTATTAACTAGTG,5732
TGACCTACCCGACTGA,5732
CCAGAAGAACAACTAA,5731
GATAAATGGGTACCCC,5727
TAACAATTATCGCTAC,5727
AAAGATAGGAGTAAAA,5725
GCTAATCGATGCCTAA,5725
ACCGGAAGGTGTAAGA,5724
ATAATGAGTTTAAGAC,5723
CCGAAATTCAGAACCT,5723
TAAAATTGTATTGCTA,5722
CGCACATGACAGACCT,5721
CCGCCTGCTTTGAGCA,5720
TAAAAAAGTGAGAAGA,5720
AATGTTGATCTGTTAA,5716
ATAACGAAGGCCAAGT,5712
CACTACCCTAACGGAG,5711
CCATATCACAGTACAA,5711
ATTGGAATTCATTCGT,5708
ACGTAACAACGAACTC,5706
AGAAAATCAAAGTACA,5705
CATATGATTCAATAAT,5703
GACATGTTAAAAACAC,5702
CTCAAGCGATCCAGGA,5701
GGAACATATCCACCGA,5701
AACTATCTGCCTGCAA,5698
CCCCCAGGATAGAATT,5697
CAAACGAAACGGGTGA,5694
CACCAAAAGGCAATAG,5694
ATATTGGTCTACTCAA,5693
GAACCTCCAAAAAGAT,5692
GACCTGCTTCAGCACC,5690
AGGTGCGTTTTACTAC,5689
TCCTAAGATCACGAAA,5689
CTTCCAGACTATCATG,5687
TCATGGCTATATTTGG,5682
GAAAGAGTCAAGTTAT,5678
CAATGACAATTTAAAT,5674
ACGACCTAAGTTTAGT,5673
TGACGCAGTCGCTAGC,5671
ATAGAGTCTGCACAAT,5670
GCCTTGATTGGAATCA,5670
ACCTCGCGTTTGTCAC,5667
TATGGCTTTACAATTT,5665
TAACACTCAATAATTG,5660
TACCCTAGATACAATA,5660
CTGAGAATTCCATAAT,5658
GCCATTATTATAGTAA,5658
ATATGGTCAACTAACC,5656
ATATAGAGGGCAACCC,5653
GCACTCATGTTCAGGG,5653
ACTCTTGCCAAAAGGG,5652
ATAACACTTACATAGA,5650
CTCTGCTCACGGGTGG,5648
TCAACCTTACATAACC,5648
CAATCCAATAGCCACA,5647
GGGGGCCGGCAGGATT,5647
TCTAAGTTAGCTCACC,5647
ACAAAACACAACAATA,5645
GTTAAAGATAGATTAG,5644
TAACATTCGCCATGTT,5644
AAACCCCTTACTATCA,5641
GCACAAAACCGCTGGA,5641
ATACTCAATATACCTA,5639
CAGATAGCAAAAGGAA,5639
CTTCACAAACTACTCT,5639
ATCCCCTAAATAACCT,5638
ATGTAAAGGGGTGTCA,5637
CTCTTAACATTGTATG,5635
TTTTTCTCTGCCGTAG,5635
TTTGGTTCCGACCCAT,5633
AGATGACATTGAAATT,5631
GGCTAGACACAAAAGA,5630
ATAACCAACCACAAGC,5628
AAATCTAGCGTTACAT,5621
CAACCTAACCTAGCCA,5621
CTGCACTTTGCTCCGA,5619
ACGGATCCGCTGCAAC,5617
CCATGAACAGTTCCGG,5615
TTTGATTTCTATAACA,5615
ACATAGCTTTTTAGTG,5612
GAAGAGCCAAAAGCTG,5612
GCATTCAGTAAAATAC,5609
CCACTTGAACGTGTGA,5607
GCAAAGACAGCATGCC,5606
GAATCAGTATGAAATA,5605
AGGAAAAACCGAGACG,5603
GACGTGCATAAATCAA,5603
GGCGGTACGGGTGTTA,5603
TACGAACTAGCAGAAC,5603
CTCCCTTGCACTTTTT,5601
GGATCCAGTATGTTTG,5601
CTTACTTACATAACAG,5600
CCAGCCTTCCATAGAC,5595
GCAATAGCTACACTAA,5593
TAATATGGTGTTTCAC,5592
TTACATCCTAACGCTC,5592
TAATTACTACTTTTCG,5589
AAAATACCAAGATTAC,5588
TCGCGGCAGAGTCCTA,5585
GAAATATGATATCTTG,5584
CAATACTGACTGCACG,5583
GACTCCCTAGGATAAA,5583
CCAGCACGAACGCAAT,5582
AGTCATTGAAGTATCT,5580
AGCACAGAATAGCCAA,5579
GTGACTTGAGATTTAC,5579
TCACCCAGTCTTTCTA,5578
TTAATACTGTAAAAAT,5578
CAACTTGATGCTATAT,5577
CAGCACACTATCGCAT,5574
GACGACAATACGTGAT,5572
GGTTTAAACGTAACCA,5570
GTTGCAGACATTGTGT,5569
TCCTATACTCGATCTT,5569
TAGACTTCATCAGCTA,5566
TAGACTTTATAAATCT,5562
AAGTTTGATACCTGTT,5561
TGTACTTCCCATGACA,5557
ATCAAACGATGACAGG,5555
CCACGAACTTATTTCC,5554
ATTTGTTTATAGCACA,5552
GAACCATATTAAACTC,5552
CAACATATATCAAAGA,5551
ACCGCCCACGCACAGC,5550
CTTATACAAGAACCTC,5550
GAAAGCCGCAAGACAG,5549
AACCAGATGCTCTGTT,5548
AGGTAGGTCGCTATAT,5547
GTCTAATAGCGCAATT,5547
TTAAACGACATTAGAC,5545
ACGTTTGTTCAGCTTG,5540
GATGCAGATTCGAAAA,5538
TGAAAGAATAAAATCG,5535
GCTAGACATTTAAATA,5532
TAATATCTTATAAAAG,5532
AGCCATTAATGAGACA,5530
ATTCAAACTGAATTTG,5530
GTCAACCCTTAGTCCA,5529
TGACCATGAGAGTCTT,5529
TATAAATCTCTGACAA,5527
AAATCCTTAGCAACTC,5526
ACGGTTGATATGTATA,5526
TTCTACCTAAACGATG,5524
AATTCCAACCTTGAAA,5523
CCCCCCAGTAATTTAT,5518
CTTGTCCCATGAGCTC,5517
TAAGATTAAAAATTTA,5516
AACTTGTCGAATCTTG,5515
ATCCCACACCATCCAA,5511
ATTGATAATGTGGATC,5511
AACAGGATCAGTTCGA,5510
CTACTACTGAGGAATA,5510
TGGAAAAAAACCTACC,5509
CGATCTCTTGGAACAG,5507
AGTTGGCTGCCTGCAT,5506
CAAGTTAACTGAATGG,5506
GACCACAACACCCCTG,5506
TAAGTTATTGTATCCT,5506
GCCATACACGGGGAGA,5505
ACGCAAAACATATCTC,5504
ATTACTGATACTAGGA,5504
CCTACTAAGTGTAACG,5504
GTAACGAACTAACAAT,5504
ACATGATCGCTCTATG,5503
ATGCCCTGAGAAGACA,5502
AATATGACAGTAGATG,5501
AGAGATTCGAGCCAAA,5500
AAAAAGTGCCTAATAA,5499
AATTTAATACCTCACA,5499
CACACAGTATAAATTA,5499
GGGGACATTATAAAGT,5499
GCCATTTAACAAAGCC,5498
AGAGTCAAGACTGCTA,5496
ATACGTGTCACTAGCA,5496
TGAGATATCAAAACAA,5496
TGTGTATCGCAATCTA,5494
CAAATATCTGACATGG,5493
AGTATATCTGTTGATG,5491
TAAACCGTACCTTACA,5490
TTGAATTGCTCGAAAC,5488
ATAGGCGGTAACCACT,5487
AAGTTATAGGTAGAAC,5486
GTACTAAGTTAGTGAA,5486
CTTGACAGAGATACGT,5483
AACTTAGTAATAATAC,5482
CTGGGTTATGATACAC,5482
TTGCACTCCTTAAAAA,5482
GGATTAAACAGACTGC,5480
ATAACGTCCCAACTGT,5476
TCGAACTTGCCCGGAG,5476
AAAGACAGCCTAGTGG,5474
AACTCTGATAGACATT,5473
CACATTACTGACAAGT,5471
AATGCAAAGGGTATTG,5470
GCAACAACGTACACTT,5468
AAACAATTATCGGTGG,5467
GACCAAGACGAACTAG,5467
ACAACAGATACACCAG,5466
TTGACTATATCTAGAA,5463
ACTTATTTCTAAATGG,5462
TACCTGCGTCCTTAGA,5461
GTGAGGATTGACAAGC,5460
AGTTTTTAAAATCTAT,5459
GGCGACATGCAAACAA,5457
TATGCACCGGAACACT,5457
CTTATGCGCTTTAGAC,5456
GCGACGCATTATATTC,5456
TTAAGTCGGAGTCTCG,5455
AAGGATAGAGAGCCGC,5453
CCGTTATGAAACAACA,5452
AACAATAGTGACTGAC,5451
CGCCCTGACTATCATA,5448
AACAGTAATGGGTCAA,5446
ATTGAGGTTCTCCCCA,5444
AATGACAACATCAACA,5442
ATCGTGACAAAGAGTT,5442
TAGACCTACTCAGACC,5442
GTCGTACTTACAAAAA,5440
ACACTGAGTGGTCATC,5439
GCAATTTGATAAGAAT,5439
GAAGGAAATTTCTCTA,5438
CTATAGATTTAGAATA,5437
CTTGAAAGTAAGTTAC,5434
TTGGTTACGTTGACTT,5433
CGGTCAACAGCTTTGT,5432
GTCATGATACAAGGCC,5430
ACTCAACTTGCACTAA,5429
GCTTGCGAGAATACTA,5429
GTAGGCCCCACTAATG,5428
GTGATTATTTGAACGG,5427
AAATAATATAAATACA,5426
CCGAGTAAACAACCCA,5422
AAAGACTTGACTAGCT,5420
AGGTGGAAGAATTTGA,5418
ATACTATAATGGACAG,5418
CGCAGAATAAACTTAA,5417
GAGCACTTGCTTTGTT,5415
AAGGATCTTCCGTATG,5414
AAGTCTAGGAATAGCC,5414
AGGTAGAATTCTATTA,5414
TTGATACAGCCCTAAG,5413
AAGAAAGCGATGTCAG,5412
GAAAACAGTTTTCGAA,5407
AAATTGATCGGAAAGC,5404
ATATTCGAGTTTAAGA,5402
GCCGACAAATACCGGG,5400
TGGACTATTATATAAA,5400
CATTACACAAAGTGAG,5397
TTGCCGGACGTATTTT,5396
CATCTACCACAATTGC,5394
GAGAGAAGCTGATTTA,5391
GGCACGCCCTCAAAAC,5389
TGTCTACTTACCGCAA,5389
CCGACAAGGAAATAAA,5388
GAAAATTTTCTACAAT,5388
GTTGCGTCACACTTAA,5388
ACTAGTCCGCGTAGAC,5387
GCTGAAAACGGCCCGC,5386
ATTGTTCCTCATCCGA,5383
CCGACCCCAGCTTTGA,5383
CGATGGCAGTAAGACC,5383
AATCAGTTGATTGTAA,5382
GAATGAATAGCAACCT,5377
CAAAGCCACTATCGTG,5376
CTCCCTCGAAGTATAA,5375
GTTCCTGCGTTTTCAA,5372
TGGGCATGATATCCAG,5371
CCCAAAGAACTAAAAA,5370
AAAAGCTATGTTTTAT,5367
CCCCACTAACAGAGGA,5367
CCGAGCAGAGCAAAAC,5367
GACAGGCACTCCCCAA,5366
TAGTGAGAAGGCCAAA,5366
CATACTCAACGCAAAC,5364
TGAAACCGATCAACCA,5362
TGACAATAGCGAATAT,5362
AACGCCCATACTTGTC,5361
AGTAAAAAAAATTACT,5360
ATAGTGCCTTATACTA,5360
GGCGAGACATAGAGCA,5358
TGGATTTAGGCCTTAG,5358
ATATTCCCGGAGGCAT,5357
GATGCTTTATGCTGCT,5357
TAGCGATACAAAAATG,5355
TTTGAACTACCTACAC,5355
CTGCCAGTCCAGAATT,5354
CGATTTCTCTGTAACA,5352
TATCAAAATTTGGGTA,5350
AAATTGCATACCGTGG,5349
TCGCTCTATCAGAAGA,5347
AAAAGCACACTCAACA,5346
GTGGTATTGAGAGAAA,5346
GGGAAGGAATTTACTT,5344
CCTGAAACTGTGAGAG,5343
AAAATATATTATCTGG,5342
TAAAAATTATTCTTTA,5339
ATGACGTGATCTAGAC,5337
TGCATCGAAAACATCG,5336
GGTAAAGGCCTCACGC,5335
TGCAAGACCTCAGATA,5333
AAATGATCGTCGGCAA,5331
ACCCGTTGAGCTTCTC,5331
ACGAGACTGTTCAAAC,5331
GACGCGATACTAGAGA,5329
CTGCAGGAGCAACAGT,5328
ACCTTACACCTAGAAC,5326
GACATATTTCATACTA,5325
TATGTACTTCGTCTTA,5325
GAAGAAGCACAATTCA,5323
CAAGTCCTCAGAGACG,5322
CGTAACAACTCCAAGC,5321
GAGCACGTTAGTTTCA,5321
AAACTGCCTTAGAACA,5320
ATCTCCCGTGCTAATA,5320
CGAACCTTTACAGATA,5318
ACCGAAGGCGCACCTA,5317
GACGTTAAAAAGCCCC,5317
ATTAAGTAGAACAAAG,5316
TAGACATACCACACAG,5316
AATGAAAAAATCATTC,5311
TCCGGGAATATTTTTT,5311
GACAGAATCTATCGGC,5310
TGAGTGTGAGATACTT,5306
CTCGAGGACCTAAAGA,5302
ACAGAAATTGGACGCG,5297
ACCCTTGAATTTAATA,5297
ACCGACATATTTAATG,5297
CAGACCCCCGCCACCC,5295
CCGATACGGGTCCCGC,5295
AAAAATGACTGCAAAC,5294
ACACCAAGATCATATG,5294
CGCGGCAATGACCTCA,5294
TCGGTCACATAATAAA,5294
TCCGAATTCGAAAACT,5292
TGTTTCGACTATTTGA,5292
TTTCCAAAGCTTAGCG,5290
GAACGGCGGCGTTGAA,5289
AGCGTTCTCGACGGAT,5288
GTCCTAAGGCTTAAGG,5287
AACTGCATTCAAATTC,5286
GGAATCGACCTCCCTA,5286
CACCTTCCAAAGGACA,5284
CGTTGTTGCGAGCAAC,5283
CAAAAAAGCTCAAAAC,5282
ATGGTAGCCCTCCATT,5280
TACCATAATTCCCTGA,5278
TATAAGCAATAACCTT,5278
GATTCGGCGCAAGCTA,5276
TATTCCTTGTCATGAA,5276
CCACAAATTTTTCATG,5273
ATATCACTGTGGTATA,5272
GCAAAGACGAAGCCAG,5272
TGCTAACAACAGACAT,5272
ACCAAAATATAGAACA,5271
CCCAAATTCAGCGGGT,5270
TTAAGTATATTTGCTA,5270
CTCGAAGAACACTACT,5269
TGGGATCAATCCGGAT,5265
TGTAAAACAATGAGAC,5265
AAAAAACATAATCCTG,5264
TGAAATCATAAACGGG,5264
ACAACTGAAACGAAAA,5263
TCTGAATAATAGAGCT,5263
TTGAGTTAGAGAAACA,5261
CAACGTCGCGCGAAAA,5259
ACCGAGATACATCTAA,5256
GAAATCAAAAACGTAA,5256
CTGTAATGACAAATAA,5255
TGGAACCCACCTAATA,5255
AGTAAACACATACCCA,5254
TAAATGCTCTTGATAT,5250
ACAGGACCACCAGCAT,5249
AATGAATCTCCAACCT,5246
GAACATACAACTAGAT,5246
GCACCCGAACTATATT,5245
TGAGCGAACCCAATGT,5245
AATAAGTGTACTTTGA,5244
CCCTACCGTCCCGCAA,5240
ACTCAAAAGATCAATG,5239
GGATCAATGATCGTAG,5239
TAAAATAAATGTGTAA,5239
CGAGCCCAAAGAAGAT,5238
CGGATGGATACGGACG,5237
ATATTCTTGTGAAGAA,5234
AAGGTGAACTCAAAGG,5233
TAAAGACACCACATAA,5233
CCCGCCGGTAAAATAA,5232
GTAAACTAGACCTATG,5232
TCGGGCTATGGATACC,5232
ATCCCCACCCGCCGAG,5231
CCTAAAATTCTTGAAT,5231
ACATGCGAGCTCTATT,5227
ATCTAATTCCTAAAGG,5227
CAACACATTTATCCAA,5227
CAGTCGGGGAAACTTT,5227
ACGAAAAAGCAATCCG,5226
ATGTCCTACCTACAGG,5226
TATCACTCGTCCATGT,5225
TGTGGTTACGTAAAAT,5225
TTTACTCGAGCAGTCA,5224
GCCCACTTTGCAGGAC,5223
TGATGTAAATAAGTGC,5223
AAATTTTTTAAGACCG,5222
GATTTTGATATCCAGT,5220
CCTGTCGCTCTCAGGC,5219
ATCCATTCCCTCGTGG,5218
GTTCTAGGCATGGAGA,5217
TGATGTAACCTCAATG,5214
CGAACCCAGTAGCGTG,5211
CAAAGACACCTTCAAT,5209
TATCAAAACTAGGCAC,5209
CCCAAACCATATTATT,5208
TACCCATCTATACCAT,5206
TTAGCTGATGTCAACA,5206
ACCTAACCAAATACCA,5205
AGGTAGATATAATAGC,5205
CAGGAACCGCATTGAC,5205
GGCACAATCATGTAAC,5201
TTCTCGACCGCTTTGA,5197
CGCGCCATCAAGAATC,5194
TGCTGCAATAACCCGC,5194
AACAATCTGGCTTTAA,5193
TGCCTAAATAGCGTTC,5191
CGGTATACAAACAACC,5190
GTAACCACTCTTAACA,5189
TACCAAGAGAAATCAG,5186
ATAGCACCCAATAGCA,5185
CACAGGTCGGTGTGAA,5184
TCCGAAAAGAATAGCC,5184
ACCTCCAGGGTTTCAA,5183
ATACAATGATAAAAAG,5182
CAAGCATAGAAATCCA,5181
CCCAAGGACAAAAAGT,5181
CCCTGTAACTCTAACT,5181
CGGGAGTTAAGTTTAA,5180
CACACCTAATTAACAA,5179
TCGAGAGCTTGTACGA,5179
GTCGAATAACTGACGC,5178
AACATGACACTTTAAG,5177
TGTCAAAGAAAAAAAG,5175
AAGCTGCTGACCACAG,5171
CCAAAAGTAGACTCGT,5171
GCTTAATGCACAGCTA,5170
ATCGCAGAAGACGTTT,5169
CACACATATCCTAGTC,5169
CCGAGTGTCTCCCTCA,5166
TCAACCAACTAATTCT,5165
CGTTATGCTCTGTAAC,5162
GATACTTAGCCAGACT,5160
AGAGTCTAACTATTAT,5159
TCCGCGGCTAAAAGCT,5157
CAGATTGACAGTGTGT,5156
AATAATACTTCCCCGA,5154
ATAATATAGAATTGAT,5152
GTTCCACAGGTGACTC,5150
GCTACAGTATGTATTC,5149
AAATGATGTGTCTGAG,5147
GCGGCGCCACACGCAC,5146
CCCTATGGCAAAAAAA,5144
TATACAAATGCCCGAG,5144
CCTTGTTAAATAGATT,5142
TGAGACCGAGGCTAAT,5142
CTCGTTATCCGATAAA,5140
TATGCCATCGTCCTCT,5140
GAGGGAGTGAACCCTG,5139
GCTTCCATGATAATAC,5139
CATTCCCTGGCTATGT,5137
GTTCTCCGTTGAATGC,5137
TTTATATCATTATAAA,5137
CATAATCATGATTGCT,5135
TGCCCAATAAGACGAA,5134
CATCCAGCTGCAGACA,5133
GAATGTTAAACATCCC,5133
TGATGAGGGCGAACCA,5132
AAGCATTTACAAGCCT,5131
AATGCTTTCTTAACGA,5131
CATGTTTCAGAAGCCC,5129
AAATATTCAAAGTGCT,5124
AGGCAAATTATTTACA,5124
GGAAAGTTTCCTAATA,5124
CAAACCAATAAACTCC,5123
GGACTAAAGGAACAAC,5122
AGGCATGAAGGACCGG,5121
CATGACGCTCATACAG,5121
CTCCTATGACGCCTAC,5120
TCCCGGGTGAACTATA,5118
TTGTAAAAAAAACAGC,5118
CATCGGACCAATCTCT,5117
CTATTCCTATATAACA,5115
ACCCCATATTCGCTAA,5111
ATATCCAATGGATAAC,5111
ATCCATAATTATAACT,5110
GAAAAGTGAGGCTGGA,5106
TGTTAAAGACGTTTTT,5106
GACATAATGACGTATA,5104
ATGGAAGAAAAACATA,5103
CCAACACTAGTTCGGA,5103
GAAAAGCAGCTATATC,5101
GACTTCTTCAACTACA,5101
AGTACACTGTAGCAAT,5100
TTAGGTCCATCACTCT,5100
ATCCGACATTTTTACG,5098
CGCATTTCACGATAAA,5095
TAACGCTGATATTTGT,5095
AATGAAAGATTCACTC,5094
ATCGCATAACAATGCT,5094
ATGGGATAAGTTAGTT,5093
AAATCTCTTGTCGACA,5092
ATTAAAAATCTGATCA,5092
CTTGGCTCACAGGACA,5091
GCAATGGCCTACGTGG,5090
CAATGGTCTCAAAAGC,5088
TCAGATCATCCCATAA,5088
TTGACTCTCAATCACA,5087
AAATAGTCAAAGAATG,5086
CAACTCGAGCGTCAAT,5085
ACATAAAAGCGAGACT,5084
ATGTCCCGATACACCA,5082
CAAGCCGATTTAGTGT,5082
CAAGGAGCCATGACAC,5079
TTACCAGTCAACATTC,5079
CTCATAAACTATTAGA,5078
GATACTATGTTCTTCG,5078
AGCGCCTTAAACCATA,5077
AAGCGTGCGCCCGAAT,5075
ACTTTCCCTGCGACCT,5074
TTAATCATAAAATACC,5074
AATCATTCCACAAAGC,5072
GCGAACGAAGAGAGTC,5072
GTAACCAGGGTGTTTT,5071
AATCCATATCAACTTA,5070
TGACCAGTTAATACTC,5070
CCTGTAACCTATTAAG,5067
TAGAGCCCCTACTGAC,5066
TTCCTTCCATGCCGTC,5066
AAAATACTCAAATTAT,5064
CATCGTCGTTGAAAGA,5064
GATACAAGGGTATACG,5064
TGAGAGTCCCAACCTT,5063
GACACTATTTGAAAAA,5061
TCTTCAGACTTTCGGG,5061
AGATGTTTTGTAATTG,5059
TTAACTTTGAGTTGCC,5059
AGTGAGAAACTATGTG,5058
CACCCCAGTAGATAAC,5058
AGAAAAAAAATGAGGT,5057
TATGCAATTGCATGAG,5057
TGACAAGATTTTAAAT,5057
AATACACGTTGATGTA,5056
CCACGTAGTCGAACAT,5054
ATAAATCATGTTAAGG,5052
GAATGATCAGTATGTA,5052
CAATAACAGTCGAACG,5051
GCTTAAGGCCCAAAAT,5051
TTTGACAAGAGTCATA,5051
ATAAAGCATATTGTTT,5050
CTAAAGCTCTATTGAA,5049
TCCACCTCGGGTGTGA,5049
ACAAAACAAAGCTTAA,5048
GGCCTGCTATGAAGCA,5048
AGCTGACTGCTGTAAG,5047
CCTCCCAACCAACAAA,5042
GAGGCGTAGAAAGCGG,5042
CGTTCAATAGTCGTAT,5041
CTTTGTGCTAATAACA,5041
TCTTCCACCTTCCACA,5041
CAGAGACAAGTCAAGA,5040
GCTACGTGATCAGACC,5039
CTCTAATTGTCTCTGG,5036
TTCCCCTGCTAATCTA,5036
GACTATCTAAACAATT,5032
CCTCATCTTACTCGGT,5031
AAAGGACGACAAATTC,5030
ACGGACAAATATTGAT,5030
CGTAAGACCATAGAAA,5030
TTGCGCCAAACAGCCG,5029
ACCAAAGAGCTTCAAA,5027
TACATTTCTTCCAAAG,5027
ATTTATCTACTTGGTG,5024
CCACTCGAAGCTGGTC,5023
GAAGAGATCCATAAAT,5023
CATTCACGCATAACAG,5021
TTAAAAAAGTGAAGCT,5021
TCATTTGTAAAAAACC,5020
TTCAATTAACATCCCA,5020
AATGCACAAAATTGAG,5018
ATGGCTCCCTCTACAT,5017
ATCCGATCATCCTAAG,5016
GATTAATCGACACAAT,5015
ATTCTTATCCGTATTG,5014
CCCAAGTTCTACGCAA,5013
TTTTTCATTCTTCCGC,5013
TTTTAATACAAAATTA,5012
GCAACAGATTGCAGAT,5011
TTATAAACAGTTACCA,5011
TATTTTAAGATCACCA,5008
GGTTTAAATAGGGAAG,5007
TAAATTTAACTTATGT,5007
CCAATAGTCTTAAGCG,5006
GTACGTTAATATATCT,5003
GAAGTGAAACTCTAGT,5002
CAACAGACCGAAGGTC,5001
TGTGAGGCTAGTAGAA,4998
AACGTAGATAAACCTG,4995
CCACTACTATCCAGGC,4995
TAGATAGCTTATTCCG,4994
GACTGCGCAACTATAC,4993
AGCCGACGAACTGAAC,4990
TTGTTAGCGACTAACC,4990
TGAAGTCTTAACAAAG,4989
AGTCACTAAAGCAGAT,4988
TGTAAAATTCAGTGAA,4988
ATCCTTTGAAATTTTA,4986
TAGAATAAAGAAAGCA,4984
TGATAATGCGATAGTT,4984
ACAAAAAGCAGAGAAT,4983
AAGGTAAAAGAATGTA,4982
GCAAAGCTACGCAGAC,4982
ATACTAGCCATACGTC,4980
CAATCAGCAGTCATCA,4980
GTTCCCATGATATAAA,4978
AGCGGCACGGTCATAG,4977
TACACGTGGTAGTACG,4977
CCCAGCCAATTGTCGA,4973
TTTAGCCTCCGACTCA,4972
AGGTCCTAAACTTTAA,4971
TGTGCTCAACCGGGAT,4971
AAACTAAAGCTTGCAA,4970
CTTCAGGTCCCAAATG,4969
AGAGAAGACAGGAAAA,4967
AGAATTAACAAGATGG,4964
ATACAATACTCATCTG,4964
TTGCAGCTTACCGAGG,4961
ACAGACCTTGATCACA,4960
GGTCTACCCGTGACTG,4959
TGGGTTCACGCAGTTT,4958
TTCCAAGTACCCACTG,4956
ATTCGCGTACTATGTT,4954
ACGTTTGAAATACCGT,4952
AGCTGTTTCACGTAAA,4952
TATAATTGCCAACCAA,4952
GGGGAACAATTCTCAC,4948
AGTGAGTTAGCGGACG,4947
TAAGATTTTGCTACCA,4947
CAGACGGTAATAAGAT,4946
TATCGGTAGGACAGTC,4944
AAATGCACGCAGCCGA,4942
CAAACTATCGTCCTTC,4942
GTAAGGATACGACATG,4942
CACCGCAGCAAACCTC,4941
CTTATATAAATTCATA,4940
TATATCGCAGTGACAC,4940
TCCATTGTCGTCCTAA,4940
TCTCGAATCTCCACCA,4940
CCGTTGTACACTGTTC,4938
GAGAAACTTACCTAAA,4938
AAATTACACGCTATGA,4937
GCAAGTCTGTAACTGA,4935
TTTGCTGGATTGCTGC,4934
TCGAAAGATTTCCTAT,4932
GCTTTCAGCATTAATT,4931
CTCGAACCACTTAACA,4928
TCTGCCGTTTCCTGGG,4928
GTTCGAGCCTCCAATA,4927
CACGTAAACCCCCTCC,4926
CCGATCAAGGCTTGCA,4925
GACGCATCATTCAGAA,4924
GTGCTGGCACGACCTT,4924
ACTTCTGACTAAAACA,4923
CCTTATAAACATACAT,4922
AAACAAAGGCCAGAAT,4920
CAAACCCGTCGCTAAC,4920
CAAATCGAGATGTGAA,4920
TAATCTTAGATAACAT,4920
ACCTATATAGGCGAAC,4919
GAAATGAGATTCATAC,4919
TCCTACACATAGACAC,4918
AATGCAGACACCATAA,4917
TCCTTCATAGAAATAC,4917
ACACTTAATTCTCGCT,4915
CATATCCCCCTCCGAA,4915
CTCAAAGGCAGCCTTG,4915
GACCTTAATTGAGTCC,4915
GCCTATAGTCACTTAG,4914
TAACCAAGCCCCAATT,4912
AAGCATCAGTTTAACA,4911
CAGTGCGGCTGAAACT,4909
GGTATGAACTTGGATA,4909
AGTTGAACCAGATAAC,4908
TAACAAAATCTATGGT,4906
GAAAAGTACAAGATGA,4905
AAAACTCAAAAATCAT,4904
GGCAGGATGATCTCGA,4904
CGACCAGTAGAATTAT,4902
CGGATCTGAAAAGTAT,4902
GACGCCTAGTAAAGAC,4897
TATGGATATCTTAAGA,4895
CCATCTAAGTACATGT,4894
ACCCGTTTGCCGCACA,4891
CACCCCAGCTTTTCCA,4891
AAAGAAGAGTCCCATG,4890
TGCACGGCAACGGATT,4890
ACAAAGAACACTCTTA,4889
CTCATATCATTAAAGA,4887
CAAAAATAAGGCTATA,4883
TCTTCACAACATACAT,4883
AAAACACTATCATCAG,4881
AGACACCCAAACACCA,4881
CGGTATCAGATCTCCG,4880
GAAAACAAAATGACGG,4880
CATGACAAAAAGAATA,4878
TACGTAAGAAAGGAAC,4878
TAATATAGTGATCAAC,4876
GCGTGATTAAGACAGA,4875
TTTTATAAACGCACAG,4875
GGATAGTCAACAATCT,4869
TAACCTACACACCTCA,4869
TCCAACGCAAACGAAG,4869
ATGCTTTAACCCTTGC,4868
GCCCCTTAAACGCTTA,4867
AACATGCCCTATTCTG,4865
AATTGCACCTCGGTAT,4864
AATGGATTCGTATAGT,4862
CAACGGACTTAGCGGT,4862
ATTACACATTGCCAGC,4860
ACTGGGCATGGCATCA,4858
CACTATATGATCTCAG,4856
CGTTTCCCTGTCACCA,4855
CTATAATTGGAGTACA,4855
ATTCGAAACAATCAAG,4854
CTCCCAAAACTTTACA,4854
CCAGAAGAACGTGCAT,4853
GATGCCTGACGATGTC,4853
AACGCGACATAATAAC,4852
CAAATTTAGGCGTGCC,4852
ATTGCCCCGATCATGG,4849
CTAATACAAAACTTGG,4849
GTGTCTAGATTCACTC,4848
ACGCTACATAACACCT,4847
CAAACGTATTAACAAC,4847
TCACCAACTCTAGGTA,4847
TCTGATCCGACCAGGC,4847
CCCATCGTGACCTAGC,4846
TACCCACAAGACTCAT,4845
GAAGACGATCACGGTA,4844
GGCTATCCACGCAACG,4844
AGCTGATCAACAACAC,4843
TCAGGTTACCCTCAAA,4843
CGTATCGTTTGAGAAG,4841
CTGTCGCCTACCTCAC,4839
TGCTTTATAGTCTCAT,4835
TTTAGTTAGCTGAAGC,4831
CTCACTACTTTAAACC,4830
CTGTGCCTCACTAGCA,4830
AAATGTAAACGGAAAA,4828
AGCGTACTACACGGAT,4826
AACGTGATGATCATAA,4824
AGACCCGAGCATAGCC,4824
ACTTAGTGGTTTAGAA,4823
TTCAAAGTGTAAGAAA,4823
TTGGTAAGTCGAAACA,4823
AATAGTGACCAAATCA,4822
AACGATCGCGTCAGTT,4821
ACTGACAGAACGTTCA,4821
GAAACTCCCTTGACTT,4821
AGCCATTGGGTGGACA,4820
GGTGGCACTGAACTGG,4820
ACGAACCTTGCCTTAA,4819
ATTTGCGTCGATTGTG,4819
TGGATTTCTGCTAAGT,4819
TCGCCCCCAAAATTAA,4818
AACTGGGCAATGGATT,4817
CTCACTTAACCATAAT,4817
GGTACGAAGTTAGGAA,4817
AATTAGGTAACGAATA,4816
TATACTCAGAAGCCAT,4816
ACAATGGTGTGAATCG,4815
TGATATAACAAACCAG,4815
CGTCCTCAAAAACTGT,4813
GAAGAATTGAAAACTT,4813
CTAATTACGATTAAAC,4812
GTTCACTCATGGAGAC,4812
TTAAGATATAAATGGT,4809
TACGAACCATAGAGAG,4807
TCAAGGGCATACCTTT,4806
GCAGCCGACATAATAA,4804
TGCTCATAATCAAGGG,4804
TTCCTGTAAACACGAC,4804
GACCAAGCAATGTAGA,4801
GCCCCTCTAGCGCCAA,4800
TATGTCGCATACTAAC,4798
CGTGCTTAATAAAATC,4795
CGTACTGCGTTAGCAA,4793
AGTTCGCAAACGTAAC,4792
ACTGCCTCGATACTAT,4791
ATCGCATCTGTATAGA,4789
AATTGCCACATTAAAA,4786
ATGTACTATACCGCCC,4784
TAGTGGTTCATCAAAG,4784
AACGTGAAGCCGATGC,4783
AGTATAAAAACTTGTC,4783
TATAGACCATGGAACT,4782
TCAATGCCAAGACTGT,4778
ATTAAGGATAGAGCTG,4777
TCCAACTGGTACTTTT,4777
TGGAAAGCTATTAATT,4777
ATAGAGCGCTGCAAAA,4776
TTATATATCTACAAAC,4776
ATAACTGAGGTTCCTT,4769
TGTTACTGACATATGA,4769
CCATTTAAGTGATTGA,4768
AGTGAACACTGAAGCG,4767
ATGACGTCGATACACG,4767
ACAGAACTACTAAGCC,4766
ATACTAAGACTCTATC,4766
CACTGAAACCCACTAT,4766
GCCCCGAGGTACACGC,4763
CTTAAAAAGCCCCTGC,4762
GTAACACAATGTATTT,4761
ACTTAGTCTACAGACA,4760
GGAGTTCAATGCTATA,4760
CCTAATCGCACATCTA,4758
CACAGGTAACGGTACG,4757
TATCAAAAGACACTAC,4757
CAACATAGTACATCCA,4756
CGACGCCACACAACGA,4756
GATAGTACCCTCTATA,4756
TAAAGAGACTTAAAAT,4755
ACTCGAGAAAAATCAA,4754
GTATGTTGCATAATCA,4752
ACCGAACCAAATCCCA,4749
AACTGAATGAATGACC,4748
GACAAATTAATGCAGG,4748
GTCAATGTTAAAAATA,4746
GCGCGCTTCCAAGGAC,4745
ACAGACACCGATAAGC,4744
CCATAAGGGCAATCTG,4744
CTTCAAGATCAACAAT,4744
GAGTATACAGTTTACA,4744
AGTTAGTGACTGTCGG,4743
TAGAAAACAAAACTAT,4743
AGTACCCAACTATGAA,4741
ATCGTAGTCCTTATAT,4741
AAGTACTGTTATAGCT,4740
TATTAAATGCGGTAGA,4739
TATGTAAAGATAACCC,4737
ATCCCAAAATAGTCTT,4735
GCCGCATGATTTGTAC,4735
AGACTGGAACAATCCA,4733
GGTCGGTGCGAAAACC,4733
TAATCGACCAGTTCAA,4733
TCCGCCCGCCCTGTAT,4733
AGACAGATTTGCTCTG,4732
AGTAATGGCCATCAGG,4732
ATAGAAGGGTCACCAT,4732
GGGTCACAAGGCGAAT,4732
TAGTAATCTAGATCCT,4732
TTTACCTACACAGCCA,4732
ACACGGACTCGACGAA,4730
GTAAAAAATATCCTAT,4730
CCAATGTCATAATGGG,4729
TTCGTAATAATTCGGG,4729
CTAAGGACAAACACCA,4728
TAGTTTGCGATTACAC,4728
ACACGAATTTCTTGTG,4727
TCCGGACAGTGGTCTT,4726
AAACCCTCACGTAATT,4725
ACATTAACGAATTTAA,4724
ACTTAGATCATGAGGC,4724
ATCCGCCCATTAGATT,4724
CAAACTGACAACATCA,4724
AAAAATCGCACAACAA,4723
CACAGCGATCCTGTGT,4723
TGTACGACAACCTCGA,4722
TAAAAATTTTCTCGGG,4720
AGGAACATCAATAAAA,4717
CATACCCCAAATGACA,4717
AAGACCCATAGACACA,4716
CACTCACCTTAATGAG,4716
TACCACGGTCGGGCTA,4716
ACGCACGACACTAAGA,4714
TACAACCCCTAGGATG,4714
CCACACGGGCATCGTG,4713
GGATATAATTCGACAA,4713
TCACTCCTTCACGATT,4711
ACACGAACATCACGAC,4710
TTACATCAGACGCCTA,4710
TACAGCTATCAAAAAA,4708
TGCTCTTCCTGAAAGA,4708
AAGGACAAAAGCCTAT,4707
ACCATCTTTCACCAAC,4707
AAAAACTAGTATCCAA,4706
AACTATTTAAACAAAA,4706
ATAACTATTTTGAAAT,4706
CTAATGTACCACCATA,4706
AGTTGCTTGATGCGCT,4705
CAATCAGTAGAGCCTT,4705
AAGGTACCATTAATTC,4704
TAAATCGTTTAGAGCA,4704
ACCCAGTAAATCCTTG,4703
ATCTACTAAGAAAACA,4703
TCATAATCCCGTCTAT,4702
ATCCCTCCTCCCCGAA,4701
CGTACATTGCCCGCAA,4701
GACCCATACCTCCGAC,4701
TGGGCTAATATACGCG,4701
GAGCAGAGTCATTGAA,4700
CGCACTTAAAGTACAC,4699
AGCAGCCTGATTACTC,4697
GGCTAAAGAGTAGATA,4697
TCTCCGTGTCTACCAT,4697
AACGAGCCACATCAAA,4695
CATAAACATTGTAAGT,4695
ACGAAGTGCGAAACGA,4694
CTTTGCAAATCAAGTT,4693
TACCGAAAATGAAGTG,4693
AAAGTCAGTGTATAAC,4691
GAGTATAAAGTGTCAC,4690
GTATGCTTAACAGAGC,4690
TCGTACTCCGATAAAA,4690
ACTGGCTGTATGTTAC,4689
AGACACGAACCTAAAT,4689
CCTCAGTCAATTTCGT,4688
TCCGTAACCGATTACA,4688
ACTAGTAAAAGAAACA,4687
AGTAATTATCCAACAT,4687
CTTCCATTTTCTCTGG,4687
GCAATTAACAAAACCA,4687
CCATAAAACCCCTCTA,4685
CTAATCATGTCAGACC,4685
TGAGTACGCGCGACAG,4685
TTCATTCCAAGCATTG,4684
AGAACTATATCATAGA,4683
GCACCGAGGGCTACAG,4683
GCGCTTTCATGATTGT,4683
GGTAGAGTTGAGTCGA,4677
AAGCCTCTACAGAAAC,4675
AACTTCGCATCAAATC,4673
AGTCTATCCCGACAGT,4672
TGGAGAGAGTGAGAGA,4672
ATGTCCACCTGACGGA,4671
GTCCAATCTCGTAACA,4671
TTACGGAAGATCGTGC,4671
TCAGGACGTATTTCTT,4670
TTACGCAGGGCTAATT,4670
AGCAAAGTGAGGACCA,4669
CAAAAATAACCCGTAG,4669
ACTGGTCCTATATCCA,4668
CCAGAGCTTAAAGCTC,4664
CAAAAGCACATTACCC,4663
CAAAATCAGATGATCA,4661
TCCATGTCTTGATTCC,4660
GCAATGTAACATATGC,4659
GTCTAGAAAGGATAAA,4659
TGACAACAACACTCAA,4659
AATACCAATACGAAGA,4658
CTGATCTTGATGGAAC,4658
TGCAAAATAATCAATT,4658
CCGTAGAATAGAAAAT,4657
CGAAGAAACGGCCGGT,4657
GAGCACTGCCGATAGT,4656
ACAAAGGTAGAAGCAC,4655
ACTACATAAACTTCGA,4655
AATGTCCGCTCACTTT,4652
GAACATCTCATCCTTC,4652
CAGATAAAAAATCAAA,4651
AACATTTTTAACCCTA,4650
CACCGTTTTTACATCA,4650
TGTAACGTTAACAACC,4650
TTCCAAACCCTAACAG,4650
TTGAATTGAGATATCA,4649
ACGCCGTCTAATTCTC,4648
CCGCAGCAATTGGCAG,4648
ATATCCCCTACACACT,4647
GATAACCACTAGAAAT,4646
ACATACATCCTCTACC,4645
CAAGGTGTTAATCACA,4645
AATAATAATCTCTTCA,4644
GAGTACTTTACACAAT,4643
CAGTTGCCATAGTGGT,4642
GATTTGACAAGTCGAC,4640
AACGTCTTTGATGTCC,4636
GAAAAAGCTCCACACA,4636
CGGGACCCTACAAGCT,4635
GTACGATTTATAGTAT,4635
TATCGCGGTCAAAACA,4634
CGACGCACTCTTACAA,4633
ACCGAGTAAGCATAGG,4632
ACTTACATCAATCCCA,4632
CAGCAAAAACTAAACG,4632
CCGGCTATCCCATGTT,4632
CCAGTGGATCAACAAA,4631
TGACAGTCATGTGCAG,4631
CCATTGGACTATGGAG,4629
CAAAAACACGAATACA,4628
CCCATGGTATATTGAC,4627
TGGCCTTAACACGCCG,4626
GAGCCATATGGCATAG,4624
CACATCTCACAATCTG,4622
GATGCATGCGTAAACT,4621
ATTTTGTATATTTTTA,4620
TTACAACACAACGTAT,4619
AATATTATCCAAAAAA,4618
CCTTATAATCCCTAAA,4618
AAAGTTTAAACACCAT,4617
ATCCTTAATGGCCGGT,4617
TAGGCTCGAGAAATCG,4616
ATAGTAACCACGAACA,4615
ACAATTGCACATCAGC,4613
GTTAGCTCCGCATTCA,4612
CGAGAACACAATTGAA,4611
TTGAGGGTAGCAGTGG,4611
CAATAGCATATCTGGA,4610
CTAAAGACTTATTACA,4609
GTGAGACTGGAGTACT,4607
AATATAACTGTACAAA,4606
AAACGTCATACTAATC,4603
GAAATATTGCTTAGTC,4602
AACGGAAGTCATACCT,4601
CACACCTGCACAACAA,4601
GGAAAAAGTAAACGCC,4599
GGAAGATCCATGACCA,4599
GTACAGTAAATAAGAA,4599
TTGACAAGTTAGACCC,4597
AATCTTCCACTAATAA,4596
CAATTGGTAAAAAATC,4595
GAACTAAGTCTTGTGA,4595
GTCGTAAATATTCCAT,4595
GGATGTCTGAAAACAC,4594
AGAATCGGTCACACCG,4593
CAAAAGCAAAAAGTTA,4592
ACTCATTATGAAAAAT,4591
GAGGCTCTAAAAAGTA,4591
TTTGAGATATGCAACA,4591
TCTTTTAAATACACTC,4590
CTACGCTATATCTTTC,4589
GTTAGAAAAACTTTTA,4589
AAGGATTAACGCTAAT,4588
TGAACGACGAAATCTA,4588
ATCCAGATCTTGTTTC,4587
GACGTATCAGCGACAA,4587
AAACGCGCAAAACGTA,4586
ACTTGTTACAATTAGT,4586
GCTGCTCGATCCATAC,4586
AGGGCAGAGTTGACAA,4584
ATGTGATTTTACGACG,4584
CAATAGGTTCTCCTAA,4584
GAGAGACCTAACTGAT,4584
GTCGGAACCGAAACTA,4584
CTTACGTACGATTTAC,4581
TAACAAATATAGTAAC,4580
GAGAAATATCGCGTGA,4577
TAATCAATCACACCCA,4577
AAGTGTTAAACAACAT,4575
GCTACAGTAATTAGTA,4575
AAGAAAGTCGAGACAT,4573
CTATATAGGGTTCTAT,4572
ACCGGCGAATCTAATC,4569
GAGGGGAAAAGCGAGA,4569
CTTAAAACTGACACTG,4568
TAGTCGACTCATTTGG,4568
GCATCATAAGGTCCCT,4567
TTAACAACACGCATAC,4567
TTGGACGCACGGAGTT,4567
AATCAATTATCCAGCG,4565
AAACACGGAGTTTAGG,4563
GGCTATAGTACAACAT,4562
CACAAAACGCAAAAGC,4560
CCTCTTAGACACCACG,4559
ATGTAACGACTGAACA,4557
GAAATACCCCGCAACA,4557
GTAGAAATACACAAAG,4557
TATCCGCTGACAACCT,4557
ATCCGAGCAACGTTCT,4556
CCAGGCATACACATTT,4556
ACCGATTAGGAAGTTA,4554
GTCCTTATACAGAATG,4554
GGTACCCAGCGTAACG,4553
TCCTAGGACGCTAATT,4551
TCAAGCCACGTCAATT,4550
AATGGGACGAAATGAT,4549
ACGTCTTTACCTTGGG,4545
GAGCAAATTGTCAAGA,4545
ACAAAGAGCGATTCCA,4541
CAGACTATTTACCCGA,4540
ACTGACTTCGATATCA,4539
AACACGATCGGCACCA,4538
AGTGACCGCACTGGCA,4538
CCTTTCGGCCAAATAA,4537
CGAGTACCGAGACGAC,4537
GGCTGAACCGACCGAC,4537
TAACAGGATTAAAATG,4536
CCACATTGAATCGACA,4535
ATACAATACTCCTAAA,4534
CCTCGCTCTCAGAGAA,4534
TTTCTAAGTCTCTCTC,4533
AATAAACAATACAACA,4532
AATACTAGCCTTCTCA,4532
ACTGAACACCTACGTT,4532
AGTTTTGTAGAATCGC,4532
CCTTACAGTAATGAAT,4532
GAATTCCAAGGACTCC,4532
GAGTGATAAGTAGAAA,4532
AGGGACCATAGCAGAA,4531
TATAAAAGTACATCAT,4531
CGAAGGCCTAAGTGAT,4528
ACTCTAGCAGACAGCA,4527
GCTTCATGGAAATGGT,4525
TCAATACCGACTAGAT,4525
AATACTAAGGTTACCT,4524
ATAATATCTATCCCAT,4524
TGTTATGTATATCCGA,4523
ATTTCATATACTCCAA,4518
CCAGCACGTGAGTTTG,4518
AAAACCACTTCCCCGG,4517
ATCTAGATCGCCAACC,4516
CCTCATTTGCCCTACG,4516
AGTATTCAGGGTTGTC,4515
ACACACGTGGCGAAGT,4514
AATATATCCCCATCCC,4513
ATGCGAGACCCACATA,4513
CCACGAACTTGTTACC,4513
AAAAGCTCGAATGCAA,4511
CGCTTTTTTATGAACC,4511
TAGACCCTACCTAGGT,4511
GAATGCACACCAATGG,4510
GCAACTCCGTATAGGA,4510
TAAAGACCGTACCACT,4510
TACCGCCCCTAACAGG,4510
TCCAACATAAAACCCA,4510
GATCCTAGCCAGAGAA,4509
AAAGACCGGATGACAA,4507
CGGAGTAATACACGAG,4506
GCACTCTCCATGAGAC,4506
TATGCAGGACAACCTT,4506
GAAACAAAACATTCCT,4504
ATACAAACTTTAGATG,4503
TGACAGTACAAAAGTT,4503
TGATGTAACTACTCTA,4503
AACAGGAGGATAACCG,4502
ATCAATTAGAACCATT,4500
CCGAGAGCCGGGACCA,4498
GTTCAAAATAGCATAA,4498
CCCGGCTATTAAAACT,4497
CCCTTCGGCAAGTAAA,4491
TTCCAAGCCACAACCC,4491
GGATGGCTGCACAGCA,4488
ACGGCGAATTGTGATC,4487
CAACCTACTGAATCCA,4487
AAATACTCGATGGAGA,4486
CTATGCTACAAGAAGT,4486
TGGCAATTAAATCTTG,4486
GTGGGAAAACCAAACG,4484
CAAAATACGAATGAAA,4482
AAATAATTAGTAACAC,4481
ACCTGTAAAGATAACC,4481
TCTTAATGTCTTGATT,4480
AGGTACTGTACCTTCC,4478
CTACTTTGGACGTTAG,4478
GACAGTAGGAATAGTC,4478
TAAAGCCAATATTACC,4478
TAGACAACCCGTAAGA,4477
GGCGGTAAATCCAATA,4476
TATGCCAGTTCCAACG,4476
CCGTTTCGCAAGACAT,4475
AACTCATAGTGATGCC,4474
TCTGATATATAAGTCC,4473
CAATTCATCGAGAGAA,4470
GAGAGCAGGCAGAAAT,4470
CATTTTGAAGCTAACC,4469
CCGGGTCATATCGCCA,4468
AACAAACGCAATTTTA,4467
TCTAACAAACTTGTAA,4466
CAAATCTAATGATTTC,4464
ATAACATATTACTGAA,4463
CTTCCAGACCTCCCTT,4461
ATACTCCAATGATTAA,4459
ATATGTGTAAGACAGC,4458
TGTACTGCCAGATTAT,4458
AAATTGTTAAAAGTGC,4457
TACCACCCAGTGGATA,4456
ATGCTCAGGAATGTGA,4455
TAACATACATCTAAGT,4455
ACTTTTATTAACAATG,4454
TGGACCCACGAGCGAG,4454
AATTACAATAATGTGC,4453
ACATCATACGTCAGAC,4453
AAAAAATTAAAGAACA,4451
ACCATCCCTCCTATAT,4450
AGCAAAACTGTTCCCA,4450
TAAATTATGGTACTCA,4450
AAAAGCCAATAATTTC,4449
TCTAATATTGACAAGT,4447
ATGATTGACAATTAAA,4445
CCAGAGGTCACCAAAC,4444
GCAGGGCCGTTAGACA,4444
ATACCCTTCCTCTATT,4440
TAAACGTATAAGTGGT,4440
GATACTCTCAAACCAC,4439
CGCACAACAGAAAAAA,4438
AAATTTCGCAGAAGAT,4436
AATACATAAAATAACC,4435
ATCAAACGCTAATAGT,4435
AATAATCTGAAAGAGC,4432
TTTAAATCGACTTTTC,4432
AGGTCAATAAGTATTT,4430
GTCTACATAGGTGTAT,4430
ACATCTAAAAGTGACA,4429
TGGTTACCCTTTTAAT,4429
GGAAAATACACCTCAA,4428
TTTAAATGTCAATGAA,4428
ACATAGCCTTATGAGA,4422
ATTAAGACTCAGTGCC,4421
GGACAACACCTTAACG,4421
AGAGGCTATTTCAGGG,4420
ATTACGACCCGGACTT,4420
TAAAAGAAATCTGATA,4420
TGACAAAATAGCTAGT,4420
AGGATTGCCTTATCTT,4419
TTCTTACCAAACTGTT,4419
GATTTCCTAGATTACG,4418
ATTTGGATCAAAAACC,4417
ATAGAGGTTTGGATTT,4416
CAATCACAGTTCACTA,4416
CATTTTCTCATGGCTC,4416
AAAAAATTTGTTTAAC,4414
ACTACTTCTCCTGTAC,4413
CCCAACTTCGGTATTT,4413
ATGACATAGTTAAACT,4411
CCGACAATCACACCGC,4405
CCTCCCTTGCGTTCTC,4405
GGTTATTCGGACAAAG,4405
GATAATGACTAATCAA,4403
CCCCGAATTTGATAAT,4401
ATCGAGTATGAACAAC,4399
CAACCCATCTTACAAT,4399
CCCACGCATGAGAACC,4397
AAAGTGATTAGAATAT,4396
ACCAATAGCCAGCAGT,4396
CACCGTGTAACCGAAT,4396
GAATAATCATTCAACG,4396
GTAACTCGACCAAACC,4396
ACATAATCCGGTAAAG,4395
AATGCTTCACAAAGAG,4392
AGATTCTCTGTTTGTC,4392
TGCAGGAAAAAAAAAA,4392
ATATTCGGTCATAGAA,4390
AACGTTGAAGATAGCA,4389
GGTAACTTGAAAGCAG,4388
AACGACACCCTATTCC,4387
ACCAGCACGAGAAAAC,4387
TGCAGTGTTTAAATCA,4386
CAACAACCTAAGAAAA,4385
CAGGCATACAGGAGGA,4382
TTACAGGACAGTGACT,4382
TTGCAAACAAGCTTAG,4381
TGGAACTTCACAAAGA,4380
AGAAGTACAAGCTACC,4379
AGAATAGGCAACAGAA,4379
ATCACTGAATTATGTT,4379
ATCCAAGTTACATTAA,4379
ACAAATGGATGACATT,4378
AGGTGATGCATGAATC,4378
TGGTATATGTAAGGAG,4378
TAACCTTAGAGAGCTC,4375
AAAGTCACGTTAATTA,4373
CAATCCTGTTAACGAT,4373
GTCTACTTTGACCTCC,4372
CTCGCACAAACTTTTT,4371
CTGTCACTGACGCTGA,4370
TTTCAAGGAACTAATC,4370
TAAACCTCTAAGCCAT,4368
TAACCATAGTGTCGAT,4368
TAAATATACCCAATAT,4365
ATGCAGAAAATCCCCT,4364
CTTAAGCTTAAGCTTT,4364
GAAGTCATAATTGGAT,4364
GCTCACTGGCAACGAC,4364
TTGAAAAAAACTACAT,4363
AAATATTCGTAAAGCT,4362
ACATGCGTTGCCTCGT,4361
AAACTCAACAAATCCT,4359
CGTAGGAACGTTGAAA,4358
CGTCCTACTCGCGATA,4358
AGAACATCACATGACA,4357
AGCACCGGGAGGAAGA,4357
TACTTTTACCTCGGAA,4356
TTAAAACAACGGTCTT,4356
ATGCGAACGGGGACCG,4354
TTCAATCTTAAGGCTC,4353
ATTTAGATCATTGAGC,4352
GGTTACTGTCTGACCA,4350
TACCTCCGCAGCACAA,4350
TCACTGGAAAGTTAGT,4350
CCTATAGACACAAAAA,4349
CTCGCAAGGCAACATC,4349
CCCAAAGCGTATGACT,4348
CCTTAAAAATCAAACA,4345
AACTAATGTTGGACAT,4344
ACACAGACACTAGTGT,4342
TAAATTAGTTTAAAAT,4341
TTTCAAATAATAACCT,4341
GTACTCCCTAATTAAG,4339
TTGGTTCACCTTAACA,4339
ACGACAACCCACTACA,4338
CCACGGTTAATGAGAT,4337
GATAAACCTAGAACAA,4336
TTATGCGATCCTATCG,4336
GGAGAAAATTCGTTAA,4332
CGAGTTAGAAACACTA,4331
GCAACCAAGTAAATTC,4331
TAATGAACAACCAAAC,4331
ATGGGGATAGTACACG,4330
GGAAGGAGTATGCGCC,4330
CAAAACAGACAATGAA,4329
CAGCTGAGTAGTTACC,4328
GATAATAGAATACTAA,4328
AAATAAGGTAAAAAAA,4327
ACATACTCGACAAGTA,4326
GTATAATGGAACCACC,4326
GAAAGACGTTAAGCCT,4325
GCCCGTAGAATGCACC,4324
CATGGAATGAACTAAT,4323
GGAGCCCAGCCCACAT,4323
ATTTGTTTTTCCAACA,4322
TTGCGACGGTTCGCAC,4321
AAAAAGTCCATCGCTA,4320
AATGCTAACACAGTTT,4320
CTGTGCTAATAATCGT,4319
CATCCTATCAAAAATA,4318
ATCCAATGAAGATCAA,4317
TCGTGAATGGGTAGAA,4316
ATATATGACAATATAG,4314
CCCTCGTAGTATACAC,4314
CTGTAGCCCCATATAG,4312
ACAAAGACCCTAAGAC,4308
GCACACAATGTTCATT,4308
ACGCGTATCAGATCCA,4307
CAATTCTAAAATCCAG,4307
ACATGGGCAGACAAAA,4305
GAAACTTTAAGGTGGC,4305
CACTACGTGTTAATAC,4304
AACCCTGTTGCAGCAG,4303
GGATTCCCGACCATAG,4303
TCTACATGGCACGGAA,4303
TAGCTCAAGGTCGGGT,4302
CCTCACTAGAATACAG,4300
GAGCACAGAATACAAA,4299
ACAGGGAGATTTATTA,4298
TCCGTAAGTTATCATC,4295
ACATATCAGAAACCCT,4293
TAAGAAGTTCGTAATC,4293
AATCTTCACCCGCCGA,4290
CTGAACTTATGATTAT,4289
ATAATGAATAAGAAAC,4288
CGAGCACCTGATGAAT,4288
TGTTAATATTTAGGAT,4288
TCACAAACGCAACTAA,4286
ACCTAGACATCTAGCG,4283
TGAACTCGGGGGTTGA,4283
TTGGAAAGGAAAGAAA,4283
ATAGGAAACAACTGTG,4282
TAGCCACTATTAGAAT,4282
ATACCTATGCTGCATA,4281
ATCCGTTGAATACAAC,4281
TCGCATTAATGAGTCC,4281
AATTTACATATACAAT,4280
GCAGAGCAACCAAAAC,4280
GAAGAGAGCTGGATGA,4278
AAACTACTCTACTAGA,4276
AATAGAATAGGACGGA,4276
ACTTGATAGTTTACAA,4276
TAAAGATATGCTGGTG,4276
AAAAAACAAAGACTAA,4274
TCATCTTATCGAACTA,4274
ATGGCAGCTGAACTTT,4272
TCACCATAACTGCTCT,4271
CAGAAAAATCAAAACA,4270
GGCGTCTAGCCGTTTA,4270
ATTGCAAAGAATCCTT,4268
TTTAGGAAAATCGACC,4268
TGAACATGTCAAGGAG,4267
TACCTGAAGTGAGGAC,4266
GAATGTTAACTCTCGG,4265
GATAGTTAAGAAATAA,4262
GGGTAACGTCTTTGGG,4262
TGCCGCTGAATCTGTC,4261
AACGCGGACAGAAAAA,4260
CAACTCATTTAAATAA,4260
GTTTCTCCGGATGTAC,4259
AGCATCTCACACAATA,4257
ATTAAAGCGCAAATCA,4256
TCCTAATATCTAACTT,4256
GAGTTGTGATATCGCA,4255
GCAGCTAGTGTGTGAT,4255
ACAATGGATCCATAAG,4253
CCAGGATTTAAGTGTA,4252
CGAACCTAACTACTTA,4252
TGATTTAACAAATCTC,4251
ACGACCCACTAAAAGG,4250
GAGAAATAAAGAGAAG,4250
GCAGCGAGTCTTGCTA,4249
ATTACAAACCCAAATC,4248
TCCGGATTACGGCAAT,4248
CAAGTTAATGTGGACC,4247
AAACGTAATCCAAATG,4246
CAATACAAATATAGTC,4246
CTCGCTGGAAGCAGGA,4246
CTGATTCCCTAAAAAA,4245
GCACCAGAGAATTTCC,4244
TAATGCCACTTAGCCG,4244
ATTTGATCGAGCTATA,4243
CCATCACATACGGATG,4243
TCCCACTTGGAAGAAA,4243
CCCTGCGGACGCATAA,4241
ACAATAAAAGCAGAAA,4239
ACACAGCAACCTCAAC,4239
CGACACTTCTGAGGAT,4239
CAACTGATATACCTGT,4233
TATCTCGATAACCATA,4233
TCAAGACATCTACACA,4232
ACACAGAATACGCCCC,4231
ATATGGGAACGTGAGC,4231
TCATGACGATTGATAA,4231
GACATAATACTGTGGA,4230
TAAAGCACTCAGAAGG,4230
ACAGAACAGCAGGCAA,4228
CCCGCGATCGGCACAT,4228
ACGAATAACCATGACG,4227
AGACAGCGCTATTCTC,4227
AATTATTCGGTTAAAA,4226
CGTTAATCTTCTAATG,4226
GATAGTTAGAAAGAAA,4226
GTGGGAATAAGGCCAT,4225
TATTTCAATAGGAAGA,4223
ATCTTAAAGATTCGGG,4220
GAATAATTGGCGCCCA,4220
GATGCGGCACCGAATC,4218
TATCTAGATGCAATAC,4217
CACCCTTCCACCGACT,4216
GTGCACAAAATTCTGA,4216
TGTGACAACTAAAGAA,4216
AACACAAGCTAACCCA,4214
CTCAAAAGAGACTGAA,4214
CTTAATGCATATAAAG,4213
ACGTACGACACCACTT,4212
GAGGTACAAAAATCTC,4212
TGCTCCTTGTTACAAC,4212
TATTTGTTCCCTGCAA,4210
TCCCTAAATTGCTACA,4210
GCAAGAATAATCCCTA,4209
ACTCCACTCTCAAAGA,4208
AGACTATCACTAATCT,4208
GAAGAGAGCATTGGAC,4207
TGGAATATCAAAAATG,4207
AGAGGAGGCAGAAACG,4206
CGTGAAATGTCCAAAG,4206
ACAGAAAATACATACC,4203
CACCGTAACCTTGGTC,4203
GCAGAGCGTATACAGG,4203
GTGACATATTGGTTAA,4203
TAAATAGAGCAAAAAG,4203
ATACTAATTAGTATAT,4201
CGAAAACTTGGGTACA,4201
TTTATGTGTCAACCAT,4201
CCACCAAGCATGCCCA,4200
AAAAGCGTAGAGGCGC,4199
ATACTTTGGGACTCTC,4199
TAAGAGTAAGCAAAAT,4199
ATCCCAGATTTATCAA,4198
TAAATCAGCTAGAACA,4198
GTATAATAGCAACATA,4197
TAGCCAGCGCTATTCA,4196
TTGCCCCACATAAAGA,4195
TCATTTCCGCCCACCG,4194
AAAACATTCGAGCAGA,4193
TTACGGAATATGATGG,4193
GTATCATTAAGTGATA,4192
CCTCACTCTATGACTA,4188
TAGAGCCACACCTCAA,4188
TTGTCGAAGACAAATT,4188
TGGCTACATAACGAAC,4186
AACCAAGAGGTGGTAA,4185
AATCTGCCCAATTCTT,4185
AGGTAAAATGTATTGC,4184
GATTGTAACGTCGCAG,4184
AAATATTGACTAAAAA,4182
CACAGACAGATGATTA,4182
CAATCCGTAGTACTAC,4181
GATTACAAATACACCG,4181
TAAATACGTGTGATTG,4180
AAACCATTACAGTACA,4178
AGATTCAAAACTTACA,4178
GAGCGTCTCGATGGAG,4178
TCTACGACTAAGCATA,4178
TCCCGGTGAGACCCAA,4175
TACATGCTCACAACAC,4174
GATTTGCGTTTTCTGC,4173
AGGTTACATTCCACAC,4172
GAAGACTTCGGCCGCG,4172
CACATTGTAACTCAAC,4171
TCGTTTAGTCGTCACT,4171
TGAATAAAACAGCACA,4171
TTTGGCCAGCCACTGG,4170
CGAAACTGCGGTCAAA,4167
AGCTGCCTAATGATTA,4166
GAGAGATCTTGGAAGG,4166
GTTTTCTTAGGTACCC,4166
ATTTAATCTTGAGACA,4165
TAATTAGATATATGTT,4165
CGAGGATGCTGTATCG,4164
AGAAACCCTTTAATCA,4163
AATACATCCAGTTTAG,4162
AATGAAACCAAAAAGC,4160
CAACGTACAGAGCCCC,4160
TGCCACCCCAAACAGT,4160
GAACTTATATTTACAT,4159
GATCTTGTCAGATGAT,4158
GCGCTACATGAAAATA,4158
TAATGTTGTCTCTTTC,4158
TTAGTCCATGTGCCAA,4158
TAGTGAACCCCACAAT,4156
AAGTCAAAGCATATTG,4155
CAAGACGGTTAAAGAG,4155
TAAGAACTAGAGCTAG,4155
TGTACCAGTGTACCAC,4155
ATATGTTAATACAAGC,4154
CTTCTACTCTTATTCT,4154
ACGAAACCGAACGCGA,4153
GATTGAATCTCGTCTT,4153
GTCCAGCGCTACAACC,4153
CTGGATACAAGTAGAA,4152
ATTCAAGACGTCATGA,4150
TTAATCAGGATATGCA,4150
AGATAAAAACAGAATG,4149
ATCAAAACCATAATGC,4149
CGGCTAATTTCATATC,4149
AATAATAAACAATTCC,4147
AGCTTAAAGCAGATGT,4147
CACACACCCGTAAATG,4147
GGTTAAAATTTGTCGA,4147
AAAATTGAAGTACTGT,4145
GAGGAATCTAAAGCAT,4145
TGATCAACACACTTAA,4145
TACTAAAATCGCTGTT,4143
ATGTTTAGCAGTAGAT,4142
GAACAGACGACTCCCA,4136
GGGTACCTAAATCTTC,4136
AACTCATTAAACGCCA,4135
TTAAAGCACCATCAAT,4135
GATTGTCAAGCTCAAG,4134
TAAACACACAACGCAG,4133
ATTAGCAGAACCCTGG,4132
TCCCGGAGCATGAACC,4132
GCCGTTTCAACAAGAT,4130
AGACAAGCGAAAATGA,4129
GAGACGCCAAATCAGC,4129
GTCACTAATATTTGCA,4129
CAATCACCCTCTGGAA,4128
GGCTTCCTCAGAACAT,4126
TTAAGGCCCTACGGCG,4124
TCTGGAACCATTATCG,4123
TTTGTCTCTGCAACAA,4123
CAGCGCACACCTTTCC,4122
CAGATGATAAATACAT,4120
GATTCAGAAGCTCAAG,4120
CACAGGAGCTTCGACC,4119
GAGCATGATTGACGTT,4119
CTAAAGCGGTGAGATG,4118
TCCTATATCATTCCAT,4117
AGAATAAAAACAAAAA,4116
ATCAGAGATAAACCAT,4116
ATGGATAAGAAAGTAT,4115
GATACGATAGAGAAAC,4115
ACTATGGGAGTATACG,4114
ACTAAAGCGGGGACTG,4113
ACCACGCCTAGCCGTT,4111
ACGAGGACAATGTTTA,4111
CGGTAGACAAGCCCGG,4111
GGAATAGTAAGATTTA,4111
TAAGCCAGTTGGAGTC,4111
ACTCTCACTTAGAAAG,4110
ATTGACCAACCGCCCG,4109
GACAAGCTATCGGTGG,4109
GAGCGAACCGAATTGA,4109
GATTTTAACCGTAAAA,4108
TATAGTCAACAAGTCC,4108
GGAGGTCCAATAGATC,4106
TAGTGAAAAATGCTTA,4104
CTAAGCAACATTTTGC,4103
ACGTGTTACCATCTGG,4102
TATCGCCTTATCCACA,4102
ACCCTAGGCGATAATT,4101
CTTCTACAGCAAGTCT,4101
GGACCCCAACAGAAAA,4101
GTAGATGGGCCGGTAT,4100
TCGGAAGTGTGTTACA,4098
TTAGATCATGTCGATC,4098
CATACACACTCTAAGG,4097
TTGAGCCAATCTATCA,4097
ACCTAAGAGAATCAGT,4096
GTGTATTGCGGTGTCT,4096
TGTTGTAATCCCGGAA,4096
CCAAGACAAGGATGCC,4095
GAACCTTAATGTTTAG,4095
GAATCTCAAATATGAG,4095
GTAATCTTCAAGTCAC,4095
TTAACCTCTTCTTGCT,4095
ACCCGTAGTCAGAAGT,4094
GCGGCTCGTCTGGAGT,4094
ACAAGCAATTATGCTT,4093
AAACCGGCTCAAACTA,4091
ACTGAGATACCTTCAG,4090
CTTGACCCAACCACGG,4090
GACCCTACAACAACCG,4090
ACGCTTAACCACTAAG,4089
ACTAATCATATCAAGG,4088
ATCATACCCAATTTAA,4086
GCGATCCAACAAAAGC,4086
AGGACCCTTCTAAGAA,4085
CTTCCTGGCTTATCGC,4085
AGAATATTAATACCCA,4083
AGGGTCTTTAGGAATA,4083
AGGTGCAATGAGCGGT,4083
GGATAACAAGTATTAC,4083
GGGATTTCCAAAAATC,4083
ACAAGATACCTAAAGA,4082
AGGATAGGGTAGAAAA,4082
ATAACAGCCTGAATTA,4082
CAAACCTTCTTCACCG,4082
TCGATGACGCGTTGGA,4080
TCTATTTTAGGTGACC,4078
TTTAGTGTCCAAAAGA,4078
GCATACTTGCTGTGGT,4075
AGATTTGAAAGTCGTC,4074
TAACAGTTGTTAGATA,4071
ACCGTAAGGCCCTTCC,4070
AATCTAGATACAATCA,4069
CGACAAAGTCCTATTA,4069
AACCCTCGGGTAGTAG,4068
ATAATATTATCAAAAA,4067
AAAATTAAACCGCACC,4066
GTAACAGGAGCTAAAA,4065
CGTCTCAAAAAGGTGG,4064
TCCGTGGCTACATTCC,4064
CCAACAGAGAAGGACT,4063
TTGATATGCCAATAGT,4063
GAGTGAGATAGCAAAA,4062
TGCAATCCTGAATAGA,4060
CTCTAACAACCCCTCA,4058
ACGTAGTCATAAATAA,4057
CATTCACGGAATAGTA,4057
TCTTTGGGTAAAAATA,4057
TGCATAAGTGTAAAAT,4057
TTACCGACGTGAGGCT,4055
GGCATGGTCCCACATT,4054
TATCACTATATGTCAA,4054
ACACGCAAGGCTTACA,4053
CATAAATGACTACAGA,4052
CATGTTTACAGCCAAT,4052
GGATATCGGCTAAGGA,4052
CCGTAAGAGGATAAAC,4051
AATAAACCTTAGTGAA,4047
TAAATACAAAATATAA,4045
CTCACGAGGTGAAACC,4043
TCCTAAGTATCAAACT,4043
GTTATAAATGGATAAA,4042
GAACATTATCCAATCA,4041
GCAAAAACCGGCCAAA,4041
GCGGTAACTCATCTTC,4041
TAAGGGTTTAGGGAAA,4041
TCGATCCTAAGATTAA,4041
TGAGAGGACACCGTAA,4041
CCGAATCACCCCAACG,4040
CGGGTTGCTACAGGAG,4040
CGTACTAAAATGAGAT,4040
CGTGGACTTACACCCC,4040
TAAGTCAAATTAGATC,4040
ACTAGAAAAGACCCAG,4039
CACCGAGAAAGGTAAC,4039
GCAATATATAGACGAT,4038
GGTGGGGTTGACTTGA,4038
TAGGTCGCCATGCATA,4037
TGCCAAAAGTATCGGA,4037
TTAGCCACACGATCGC,4036
AATTGTTTGTTGGTAA,4035
CAATTCATCCCAAACG,4034
CTTGAGTCCAAAGTAT,4034
AACTTTATGGTCGTCC,4033
AAGAAAAAATCACTTG,4033
CTATAAAAATTAGCCA,4032
ACTGTATGCAAACAAT,4031
ATAAATTAACAATAAA,4030
TTGAAAACGGACAGCG,4029
AAATGCAATAATGTTG,4027
AACTACATTGGCAGTA,4026
CCGTTAAGTTTATACA,4026
AGAACACAGTAATGCT,4024
TTGGATGGTGCTTAAC,4023
AGTCAATAAATTACGC,4022
CGATCAAGATAACCAG,4022
CTGAGACACCCGATCA,4021
AACGTTGTAGCTATCG,4019
ATGACGTTTAAATACA,4019
AATCCGCGAATCACCC,4017
TATTTAGACTCCAAAT,4017
CGATAATGCCAAGAGC,4016
GCATAAGCATACATCC,4016
TCATGATCAAGTACAT,4016
GAGCAATACATCCACC,4015
GAAGACGTGAACGATC,4011
AGGGTTTTACAAGAGG,4010
GAGACATCATATGACC,4010
CTGTCGCCTGAAGACC,4007
GGAAGGTTAACAATCT,4007
AATGCCAGTTATAATA,4006
AGTGTTACACATCTAT,4005
CTTTGAACTGAGCATC,4005
TACGACCCTTAGTTTC,4005
TTCATCACAGTACCCA,4005
ACGAGGCCATAAGAAC,4004
ATATACTTAAGAAAGG,4004
CATATCATACCGTATA,4004
TCATGATAATTAGAGG,4004
AACCACCCGAAAGAGT,4003
CGTGAAACCATAATTG,4002
AATGAAGTGTACCATC,4001
CAAGAAAACAAAAAAC,4001
AAAAAACTAACAAAAT,4000
AGCCCTGTACCAAACC,4000
TACAAACTTAAACCAA,3998
TGAATCGAGCATAGAG,3998
CTAAAGACGAATCAAC,3996
CTAATGAATGAACACA,3995
TTAGTTGTTTTTATTC,3995
GAGAATGGCTGTTTTG,3994
ATCATACATATGGGCG,3993
CATTACTTAACAACCG,3992
CCTGAAAATACCAATA,3992
CCAATGGCCCTACCCA,3990
CCCAGTTCACGTTATT,3990
CTATTGACTGCAAGGG,3989
AATAAGACTCAACTAA,3988
ACGGAGAACGACACAA,3987
ATATACTCTAGATACC,3987
GCGCACCAATAGATAC,3986
TAAATGCAGAATGGTG,3986
TCCACTGAGTTATATT,3986
TCATTTGGTTAGATGC,3985
TCCATCTCCTCTTAAC,3985
AGTTCGATCGCACGGA,3984
CTACCAATCCTAGGAT,3984
TACGAATCAAAGACGG,3984
TATCAACACTCACCGG,3984
ACATAATACTAAGTTT,3981
ATTGTGTATAAAAACT,3981
CTCCCGTTTTACTACC,3979
TTAGACGCAAGTTACA,3977
AATCCTTGAGCAATCA,3976
CGCCACCTATACCCAA,3976
GGCCAAATCGATGCTA,3975
TAAACTTGCTTAAGTT,3975
TTATGGGCGACTACTC,3975
ACAAAAACAGAAGAGC,3974
AAATGTTTAAAGTATC,3973
GACTAAGCGGATAACT,3972
CTGCGACGAAATATTT,3971
GGACTCCGATTATCAT,3971
CAACAATATGGAGTAA,3969
GTTTAACTCCTTGATG,3969
AACTGAGCTCATTTGT,3968
ACAACATAGCCGGATA,3968
GACCAGTATCACCCAG,3968
CGCTTATGTGATTCCA,3967
TTAACTTATACACGAC,3967
ACAATATTGTTGATGT,3965
CCATGTAACCCAGACA,3964
AAGCCGTAAAAATGGC,3963
AGGGTTTTTCCTCATT,3963
AAAACAGATGCACTAC,3960
TCCCAATGCGAAAGTG,3960
AAAATTACCAGTCCAT,3959
ACAAAATGCTACTACA,3959
AGATAAATTTATTAGC,3959
GTAGAAAATACAACGC,3959
AGATTAACAGATATAC,3958
ACAAGACTGCCCCTTG,3955
CTCGTACGTACCCTAA,3955
ACAGAATGGCACTAAT,3954
TTACCTGATTTTGTTA,3954
TTTATAGCTAAGAGCA,3954
AACCGTTTGACCTTTG,3951
ACAAATGACCACACAC,3951
CATAAACTGTGCACTG,3951
TTGACTAAAACATGAA,3951
AATTAGCACTCTAAAA,3950
AAAATTTAGCAGTCGG,3949
GTCCAATAATAATCGT,3949
GGGTTACATGTTCTGA,3948
AATGCATTTATAAAAG,3947
CCCAAAGATATCTTAT,3947
TTGGTAGAACAAACAT,3945
AGATTGGCTTTAGAAA,3944
GGGTATGATCACACAT,3944
GAACACCATCCCTAAT,3943
TGCGGATGAACTAACG,3943
TGTTCAATTTGGTGAA,3942
CCGGAAAGCCCCACAT,3940
TTAAATCAATACTTAA,3940
AGCTAATGTTACGATC,3936
CCATTATAAAGATAAA,3936
CCTCGAGCCTGTAAGC,3935
CTTCCAATAGGTAAAA,3935
GACGTAAATTACAAAT,3935
TAATGCCTACACACAT,3935
AAAGAAACCAAAAGTT,3934
GACGGATATTAGAAAC,3932
ACAAGGAATGAACATG,3931
ACTGTAATTCTCTAAT,3931
TCGCAGGGTTGAAGAA,3931
AGCGAAATCGTTTGAC,3930
GAACGTCCAATCATCA,3930
TCTCAAAGCTTACTAA,3930
TGTTAATACAGGTAAC,3930
GACCCCCAAGAACATC,3929
TATACTGAAGATATAT,3929
TATAGTGGTTGTCATG,3929
AATGAGTGTATATGAC,3928
CGAAAGATGGCAGCAA,3928
GGAAAATTGAGGTATT,3928
TATCTACTGCTTGGGA,3921
TCAAAGCCAGCTTTAA,3920
AAAATTTAGATCTTTG,3919
AGTACACAAAATGCCA,3919
ATTAACAAGATCAGAG,3919
CCAATGTGACTCTGCG,3919
GATGATATTGCAGAAA,3918
ATTGGTAACAAACTCA,3917
CTAACCCGAAGTTAGG,3917
CAAGGGGTGACCATGC,3916
CTGGGATAAACGACAG,3915
AAAAACTAAACCCCTG,3914
GAATGAGGTATAGCAT,3914
TTGTACCAATAGTAAT,3914
AAATCAGACGCCATAG,3913
GCTAACTAGCGTGGAG,3913
AACATAGTGGGGGCAA,3911
AATTCCCGACAGCTCC,3911
CAAACCCGCTGTATGA,3911
TCCTGAGAACCCCTGC,3911
TCGGTGGAGAGAAAAT,3911
TATCGTTGTAAAAAGT,3910
GATACAATATAAGCCA,3908
GGACCTCGAAATGATT,3908
CATACTCTCTCAAAGA,3907
AAATAGGTGGCAGGCC,3906
TCTGACCCACCAGTGT,3906
ACATGCCGTTTTAAAT,3905
CTCCTTACTCAAGTAC,3905
GCCAACTGAGCCTACA,3905
TTAAAGCTGCTGATAG,3905
CTAAGGTACCATATCC,3904
CATCCTACAAATAAGC,3899
ATGAAACCCAAGTTAG,3898
CAATCAGGCAATCCGA,3897
TCCTAGAGGCTACTAT,3897
GTGTGCCACGCACTAA,3895
TTCCTGAACCCACACA,3894
AATTACTATACGATAC,3893
CCGTTAGCGTACTGAC,3893
TTAACTCAATTAGGCG,3892
CTGGGGTCAAGCAACT,3891
CAGCTATAATGTCGAA,3890
TACAAGGCAGCATTAA,3889
ATGCACCGTTATGGAT,3887
TCTGCAATTTACCGGA,3886
TTAATTAAACCGGTTC,3886
ATATAAGCCACGCACT,3885
GACCACATATCAACTC,3885
CAGAAACCAACGAACA,3884
ACCCATCCTATTACCA,3883
TGCATAATCATTAAAG,3883
ACCAAACTATCCCGTA,3881
ATATGCAAAAGTGAAT,3881
CCTCACAACAAGCGAA,3881
TAGACCGTTCAAACCA,3881
AACCGTTTTAACTGAC,3880
CAAGACGATCAGATCG,3878
CAGTTCGGGAGATCAC,3878
ATTCCTGAACAACCAA,3876
CGTCGCACATAATCTG,3875
GAATTCACCCCGGGAA,3874
AACCAGCGTAAACACG,3872
TTAACGCATATGTCCA,3872
ACAGCGAAGATTAATA,3871
TGTTGAGAATAACCAC,3871
CCAAATAGTTAGAAGT,3870
GTAATATGATCCCTAG,3869
TACTCGATAGGCGACA,3869
ATAGCAACTACCGCCA,3867
CTTACTTAAAAGAATT,3866
TAGCCGCTAGCAGTAA,3866
TAATGACCCAGTCTCT,3865
TGGAACAATTCACTCC,3864
TCGAACACGTACTAAT,3863
TTCCTAACGGATCTAG,3863
GATCTATAACAATGCA,3862
TAACACAATACCAGCA,3862
CGCAATCTAAGGTAAC,3861
GTGGAACAGTATCAAA,3861
AAGTCCACCCAAAACA,3860
AATGAAATAAAAAAGT,3860
CAGGAACGGAGTGAAT,3856
GATAAACAAATATTAA,3855
ATGCCTTACCCTTCAA,3854
AAAGGTTAATAACGAT,3853
ATCTTTTCACTTAGAA,3853
GACAAGGTATGGGGAG,3852
AAGGCATCCAAGTCTG,3850
GGATTCGCACACCTAT,3850
AAGATCGTCCACCTTG,3848
CTCCATATCAACCAAT,3848
GACAATTTACTACGGC,3848
TACCTTAAACTCTCAA,3848
TAGACTCTGAGATGAA,3848
ATCAAAGCACAGCAGC,3847
TGGAGCTAAACGAATA,3847
AGCAACAGCCAATACG,3846
CAAACTTTCAATTGTA,3844
CTAAGCATTCCCATGA,3843
AAGTAAGGTTTGGAAT,3842
AATACCTTAGTTACTT,3840
AGCATTCTTTAATAAG,3838
TCCTCTAATCACATCC,3838
ACGGAACATTGCTTAG,3836
AGGCCAATAAGTTATA,3836
CAGGATAAATCCAGGC,3836
TCGAAAGCTCCTTGAC,3834
AAGCCTGAAAAATAGG,3833
CTCGCACGAAGATAAA,3833
CAAGCTTATATCTGAA,3832
CAATTAGCTAGGCGAA,3832
GACCCTGAATAATGCA,3832
GGAAATATCTTAAGTG,3831
CAACGACCGTAAGACT,3830
TGATCAATAGATCCAG,3830
GCATTCTCAATAGCGA,3829
AATGCCCTAAATGGAC,3828
CCGTTACCAAGCAATA,3827
TACCAGCTGACGGAAA,3827
ACAACAATTATCATAG,3826
ACACAAAAGAATACAA,3826
CCCAAAGCACAGCATC,3826
AATCAGTCAAAAAGCC,3825
TAAGGTTTTAAGGATA,3824
TGTCATCAAAACCTAT,3824
AACAAGTTGTGTACAT,3823
CCGAAACCTCTTTAAT,3823
GATGTATTTGTGTAAC,3823
GCCACAAGGGTAAATA,3823
CTAGGCGGACATATAT,3822
CAACGGAGTTTGAAAA,3821
GCGGAGAATAGCCATC,3821
TACGGCAACTTACACA,3821
ACTTGTCAGGATCATA,3820
TCTAATAACTGCCATA,3819
AATACATCTAAGAAAT,3818
ATCCGCAACGGCGCTA,3817
CTGGTCAATCCACCAG,3817
AATGAAAACAGTTTAT,3816
TTCGTGACCCAGACAG,3816
AACTGATAATTTGACA,3815
GTAGATCCTATATAAC,3815
GATTGACACGATGACC,3814
TCACAAACACTAATCT,3813
ATAGAAGATAGCATTC,3812
GAATTAACAGACAAGC,3812
TACGTTATCTCCAGTT,3812
AGAACACTGAGGGTCC,3811
AGCGAGACAGAATCTG,3811
CAATGAAACGCTAAAC,3811
GTGAACTCACTACCAA,3810
TGTAAATTAAGCGCAA,3810
CAGTCCATTCATACAC,3809
AAGGAACTAGAGCTTC,3808
TTTGGTCCCACAATAA,3808
GACTTGATTCCATTAA,3807
TATAAAGTGCACCGCA,3806
TTAGGAAGGACAGTAA,3806
CTAACTTAGTAACATC,3805
CCCGTTAAGGAGTTGG,3804
GAGTCAGTCTTTAGCT,3802
TGTAGTGATCAAGCTT,3802
GGTGTTTGAATGGGGA,3801
TCACAACATACAGCAA,3801
CAGCAATCTAGCCGGC,3800
TAATTATAGGAAACAA,3800
ACTACGGTATTATATC,3798
ATGATCCCAATTACAC,3797
CTCTAGCTAGTTACTC,3796
TCAGCGAAACATATCG,3795
GCAGTCTATCCAGAAG,3794
CATAGTTCGTCAGTAA,3793
TCTACAGATTATTGCC,3792
CGACACATACCGTCGC,3789
ACCACCCCATTTGACC,3788
AAACTCAGAAAAAATT,3785
ACAAGCAACGAAGGCT,3785
CGTGGCACATCGACTT,3785
CCCTACCTTGTTAATC,3784
CCAAAACATTAGTCTC,3783
GAATGGGTCCTTCGTG,3783
GCCTGAGGACGCTACA,3783
TACTAGCCCACCCAAA,3783
CCCGAAGGCTCCGACT,3782
GTCACATCCTAAAATC,3782
ACGTACCATCATGTCG,3781
AACCTAAAAATAACCA,3780
AGAGCAAAGTGACGTA,3780
CAGGAATACATCTATA,3779
ATATACGAAGATATCG,3778
TCCTGTGTTACCAGAA,3778
AATTTAACTTATACCG,3777
GTAAAAAGAATATTGG,3777
TCTGCAAGCCATATCG,3777
AGAATTTTGGATAAGC,3776
AGCCATATTGAGATAA,3775
GCACGATGGCCCGACT,3774
ACCCAAACCTAAAGTT,3772
CGGACTTCAAGAGGTT,3771
CCCATCGACATATTTG,3770
TAAAGCACAGTTAGAG,3770
ATTGCCCCTACTAATG,3769
GATTCATCAATTACCA,3769
ACCATCTCTCCTAAGG,3767
TAGAGAGTAGAACTAT,3766
TTAGTCCGGACGTGAT,3766
AAAACGTAGCTAAATG,3765
ATTTTGTAACTATTTA,3765
AACACAGAAGGCATAA,3763
CGATGGTAGTAAGACC,3763
TACTAAATAGTATACA,3763
CCTTACTCGTGAATCA,3762
CTCGCGAAGTAGTTCA,3762
ATTATAAAGTAAGAAC,3761
TCAAATGTTTCACTAT,3760
CGGGCGTAAGGAACAA,3759
CAGAATGATGGGATAT,3758
ACGGCATCTGGTTTCA,3757
AGTTGTGATTTCCACC,3757
CATACCTTCACGAAAT,3757
CGAGAGCACACAATGA,3757
TACGTCTACAGTCCCC,3757
AAGTATGAAAATTAAT,3756
TTAGACGAAGAAGATA,3756
GTTATCTACTTAGAGT,3755
ACACTAAAACCTAACA,3754
ACCAAAGGAATCAGGA,3754
GTGACCTACATATAAC,3754
AAAGGCAACGAAAAAC,3753
ACATCCAGATGTAACA,3752
AGAGGAAATCACAGCA,3752
CTTATGAGTGCGTAAC,3751
GGGGTACACAATCCAC,3751
CTGGTTAATCCCACCA,3749
TACGCAAACTCCGCTA,3749
AATTGACCAAGAAACC,3748
ATCAAAAACAGGTTGT,3748
CCAAGAGTGTTATCTC,3748
AACGCAATATCTCCAA,3746
AGAGGAGCCTAATAAA,3744
CTTCCTATACCACGCT,3744
CTCATAGCTCTTCGCC,3743
CAGGGGAAGCTCGTTA,3741
CGAGCAAGAAACAGCA,3740
AAGTGAAGGACTCATA,3739
GAAATTAAAGACCAGT,3739
GGGAATAGTAACCATA,3739
ATCATAGGGTGACCAA,3737
CTAGTTGCACTCAGCA,3737
TTAAGGTTAGCCGTGA,3737
ATTCTTATCGGGCTAA,3736
TAGATATGTATGTCAA,3736
AAGAGAGCACCGAGCA,3735
GATTATATACGCACGA,3734
ACATCTAGTGCAGAAA,3733
CATTTAAACCCTCAGT,3733
AACTTGACTGTTAGCT,3732
CAACGCCCCGTTTGAA,3731
TTCCATATGCACTAAC,3731
AGGAAGCGTTTAAGAT,3729
TGCAATTGGCTATTCA,3729
CTAAATTAAATTCGGA,3727
GAAATTGAAACCTCTT,3727
GTATCACAAGGAACGC,3726
TTACTAAAAATAAAAA,3726
AAAATAGTGTATCACA,3725
GCTAAACCTTACATGG,3725
GGATTTGCGCCCTAGC,3725
GGTATCTATACAACTA,3725
CCAAGAGTCACACTTT,3724
CTAGTTATTTTCAAGA,3724
GAAGCTCAAGCGCAAA,3724
TAAAAGAAATGAATCT,3724
ACTAACAAAATATGTC,3723
ACGGGATTAAGAAGCA,3722
CATATGCTGCAAATGA,3722
GCCCACCTTACGGAAA,3722
TAGTGCCGGAGACGAG,3722
ATCAACAGAAGTGTGG,3721
ATCCGGAAACATACTT,3721
CTTATTAGGACGTAAC,3721
TGGTACCGTTTAATAG,3721
GTAGCGCGACTCAATG,3720
ATAGATCAATACGTCT,3719
CAAAACAATCTGCTAA,3719
ACTCCTCTACACTGGC,3718
CTCCAAATTTGAAAGT,3716
AAAAAGGGGCCAAAAT,3715
ATCTCTGTTGAGCTTT,3715
ACTTTTTATGATCAAT,3714
CGCACTAAAAATCCAC,3714
CTTCCACCTGCTCGCT,3712
GCTTATGCCACACTAA,3712
GTCACGATCACTGGTC,3712
CGAAAAACTTTGCCGA,3710
AAATAATAATCGAGTA,3709
CGCTCTGCAATCGCAA,3709
CAACATCTTGAGTCCT,3708
GCTTGGATATACGGAA,3708
TCAACTCTATCTCAAT,3708
GAAGGAACAGGTATCC,3707
TGCTGCAAAGCTTGAA,3707
CTTAAGTTACTGCTAC,3706
AACGAAGATGCGAACA,3705
TCAGTACTATTCCCAG,3705
AGTCGTCTACGAGTAT,3704
CACTTGATTCCGAAAA,3704
ATAAAAGATATACCAA,3703
CAGATTATCAGATGAG,3703
CTTCAACGAGTCCAAA,3703
GTATCAAGGTTAATAG,3703
GGTTGGACCCCAATGA,3702
AAAGACAGCGCATTAA,3700
AAAGGCTCACCGCACT,3700
TAACATGACAAAGGAC,3700
TTACCTGGACCAAACA,3700
AAGATAAAACCTATAG,3699
ATGCAACCTTACCTCC,3699
AAGGATGACCTGTCAA,3698
TTGACGTGAACTGAAA,3698
TTTATACAATAATAAG,3698
CTACCGGTGTAACCGG,3694
GTGATTGAGTACCCAG,3694
GCACCAGACCATGCGT,3693
GTTGAGTCTTAAAAAG,3692
CCCTTAAATGTGAAAT,3691
TACCTAATTGAGACTA,3691
ACTATCTTTACACAAT,3690
TTTACCCACAAATAGA,3690
ACCAAGCGAACATTAA,3689
GAGAAAGGACGTAGCA,3688
TGATTTATAAGAGGTC,3686
GGTAAACAATAAGATA,3685
AGTTCATGTAATTGAT,3684
CACTTACCGTTGGCCG,3684
GCAACTTAATGAACAA,3684
GGACAGTTCCATTAAC,3682
GATAGGCAAACATGCG,3680
TCTCACAAGCGATTTA,3679
ATTGGCCATTGAGGTC,3678
GAAAATTCACATAAGC,3678
ACAAAACTACAATGAC,3677
ACAACATTAGTAAAAA,3677
GACCTTATACGCAGTG,3677
AACACAGAAATAGCGC,3676
ACTTCGTAGTGGGCGT,3676
AATTACCTACCCGCCA,3675
TTCAGCACCACTACAC,3675
GGACAAAACTTAATTT,3674
TTAAACCCACATGTGG,3672
ACGGGCTCACGATCCT,3670
TGTAAGATTAATAATG,3670
GGATCTACTAATTTAA,3668
ATAATAAGACGCCCGC,3667
TTGCAAGACATACTCT,3666
ATCAGTACACTGGAGT,3664
CTTGGAACCTTATAGA,3664
GTCATCAATGGCAGCC,3664
ACACGAAAAACTGAAA,3663
CTTAAGGTATGGCGTT,3663
CTCCGAACAAACATAT,3662
CTTTCGCGGTAAAACG,3662
CAAGGACATGTAAGTT,3659
TAGTCATACAGCCCTA,3658
CCAAACACGTATTTAA,3657
TGTACTGGCAATAACG,3657
CAAATACAAGAGGTGT,3656
CCAGTTAATTGTCTAC,3656
AAAGGGTCAGGACCAA,3655
CATTCAAATCTATTTC,3655
ACATTGCCTCATACAC,3654
TTGCAGAATAACTCAT,3654
ACGATAGGAAACCTGG,3653
TAAAGTGCTAGAGGAA,3653
CTGTCCAGACTTCCTT,3652
GATTAGTTTTGAATAC,3652
ATACAAGAAGGCAATT,3651
CGATTACTCCCACCCG,3651
CTGAAGCTGAACGAGT,3651
TAATCGGAGTCGCACC,3649
TACGTCGTTACGATAA,3649
CCGAATGGCACGAAAC,3648
AAACGTAGACCTTTTA,3646
GGAGGAATTTCATTTT,3646
TACAGGTAAATATCCC,3646
CCCACAGTAATTAAGA,3644
GCATCCCAAGGAGAAA,3644
ACTAAAGGATCACGGC,3642
CAGGGCGACCCTTTAT,3641
TATTAGTGTCACAAAA,3641
TTAGCTCATCATTGCG,3641
AACATGACGACGAAGT,3640
AGAGTTGAAAGACGAC,3640
TAAAGCAACTCTGAGA,3640
TCCCATTAGTTTGAAA,3640
GGACTTGCCGGCTCCA,3638
CACTATTATAGACATA,3636
CAATGAATATTATCAA,3635
CGCGATCAGTCCAAAC,3635
GTAGCGGACATATAAA,3635
ATTGTCTTCTCGACCG,3634
CACATACAATCTATCG,3632
TAACACCTGATGGGTG,3632
AGTTAGTCATGAAGAA,3631
CAAAAAGAGCTCGGCC,3631
AGCTTACGCTAGACGT,3630
GAACACAAAGTAGAAT,3630
GTTAAAAAAAACCACA,3629
GAATAGGGCAACAGCC,3628
CAATAATTCACTAACC,3627
ATGTTACCATAGACAA,3625
ATAGCTGTTGCAACAG,3624
TGGCAGAGGAACATAA,3624
ATTCTAGAACACTATA,3623
GGTACGTCAGTTTGAC,3623
TACGGCGGCCGAGAAA,3623
TCGTATTGGATAAATA,3623
CACTCGCGAGAACCAG,3622
TTAGTAATCATATAAC,3620
AAAACACTGAAGTGCT,3619
AAATATCCCCATGAAA,3619
ACAGACAGTCACGCAA,3618
ATTTATTATCACAATT,3618
TCTAAACTATATCCTG,3617
AACCGCCGCACAAGAC,3616
AAGGCTACGGGTCCCT,3616
GAAGTCACTAAGGAAT,3616
CTAAAAGAGTTAACAA,3615
TAATGAGCGCACTAGC,3615
AGAACCTGCCCTATGA,3614
AGATCGGAGCCTATGA,3614
CACCTTTGAATCCGAT,3613
CTATTATCATATTGTA,3613
AGTGTAATTGCTAGAC,3612
ATAACCGTCATTAAAA,3612
CGTACAAGAGCCTAAG,3610
TGAACTTGTAGGATTA,3610
TAAGAAGGAATATAAC,3609
ACTAATGTCCTAATAA,3608
AACCCCTGTTTTAAAC,3605
GATCTCCCGATGGCAC,3605
GGAGAATTTTAAACAG,3605
ATTACACTGTGAAATT,3604
GACTTCCCTGAAAAAC,3603
AAAGAACACCCATCAA,3602
CCTACTAAACTTGAGC,3602
TGAGCTTAAAAAGAGT,3602
ATTAGTGACTATGATA,3601
CTCTAAAAACTTCATG,3601
CCCGCCGGAGTTTATG,3599
ACAAATCATGGCCAAT,3598
TTTAGACCAAATCAAC,3597
ACTGAAAAGCACCCTT,3595
ATGTTATTAGAAGCCT,3595
CTGGAAATACAAACGA,3595
TCCATACCGCTGGGCC,3595
TAGCGGTCTAAACTTT,3594
AAGTCCAACATAATCA,3593
ATGACCAGATCGGCGT,3593
AAATAGAAGGCACGCT,3592
TACACTAGACGATCGG,3592
ATCAGAAACATATATC,3591
CATGAACTTGTTGAGG,3591
GAGGGGATACAGAGTC,3591
AGAGTGCAAAATATTA,3590
ATACTTGCAACCTGTG,3590
GAGACCAGATAGACAA,3590
GCACCCGCCACGGATG,3588
AAATAACACCCGCAAA,3587
GGAGATAGACCAAAGT,3587
GTAACCCACCAGATTC,3587
GTCACTCTATAAATCA,3587
CAGGATGATGTTGCGA,3586
TCCAATGTGGTTTGAT,3586
AGCCGCTTAATAAGCT,3585
ATATGAATGCCTACTT,3585
CCTGGAAGTCTTTTAG,3585
TACGAATAGCATACAT,3585
AAATCTAAAGGCCAGT,3584
ACGTATTGATACCTGG,3584
CGCAAATCAAACTTTG,3584
GACGCTAGATCAGCAC,3584
GATGAAACAACGTAGT,3584
TATAAACATTAGCACC,3584
TTCAATACTAAGATAG,3584
ACGCGCCAATGTAAAT,3583
CTATCACTTAGGCTTA,3583
GGACAATGTCTAAATC,3583
CGAGGAAGATGGTTTG,3582
AAGGCGACTGCAAACT,3581
ACACGTTAACATCTCT,3580
AATCCTTGCAGCGGTG,3579
ACTCAATTGAAAGACT,3579
CAATACGGTAACCAAG,3579
GAAATTGGCCATGCAA,3579
TAGACAGGTATGCAAA,3579
AAAGACGGACTGAAGC,3578
CGTTCGATAATGTAAA,3578
AATCACTACGACTCAA,3577
GCCGCCAACCCGATCA,3577
ATTATGGTGCACAATT,3575
TACATATACTGGTGGA,3575
AAGTTCTTACCAGTCC,3574
ATACAATAATGAATTT,3574
CGATGCATCTCAACAG,3574
GGGCCAAGCTAGATCG,3574
GTTGTAAGACCTCTCC,3573
TCTACCAAGGGCACGC,3572
AGCCAGACTCTTGTAT,3571
CTAACAGAAGACTAAC,3571
TCCCAAAACGGAATCT,3571
TCTTATGGACGTTAAG,3570
CGTCATAAACTGTGAA,3568
GCTTCCATCCTGCTAC,3568
TATAACATATAGTAAA,3568
GATTGAAACTCCACGG,3567
TATTGAGCACAAGATT,3567
TGCGAGAGTACCAGCC,3566
ACACATCAGGTCTCAA,3565
ACTGATGATAAACGGC,3565
GACATCTAACTAGCTA,3565
TCATTAGTGTCTTAAC,3565
ACATTCGCCAATTTTG,3564
AGCTGTAGGATAAGAA,3564
GATGATAAATGCTGGT,3564
TGAGAAACACTCTCCT,3564
AACTGCCTATTTGAGC,3563
ACAATAGAGCAGTGAC,3563
TCTCGTGTCATCCATG,3563
CATACGCCGGATCTAG,3560
CGACATCGATCTCGCT,3560
CTGACCATCTGCAGGT,3560
GAACATATTAGTATAA,3560
TTCGTAACTCTTCAAC,3560
AAGTTACTATACAACT,3559
ATGACTTACACCTCTA,3559
GAACTCAAAACTAACG,3559
TAATCAGTATGTTTCA,3559
TTAGAACGCCACCTCG,3559
ACTCCAAACCAATTAC,3558
ATAAAGAATACCCCAA,3556
AAAATTGTATATAGAA,3555
CGCTCAATATAGAGAT,3555
AACTTAACGGTGCATA,3554
CTAACCCTAGTACCAA,3553
GATGTGAGAGACATAT,3553
GTGATAATGGAGACAT,3553
AACGCAAATTATGGCA,3552
TGTTGCTTAATGCACG,3552
AAATATATACCAGGCT,3551
GTCCTAAAGAAAAACG,3551
TATTACTTCGAAAACG,3551
ATTGATTGAGTCCCAA,3550
GATAGAGTGCCATGCG,3550
GAGCAGATTAGACCTA,3549
TCGTTTCCCCTAAAGA,3549
TGAACAAACACAAGGC,3549
CAAATCCAATAGTACT,3548
AAAAAGGAATTAGCTT,3547
TAATTAATATTTGAGA,3547
TATAGATTTATATCAG,3547
AGCCGGCTCATATTTC,3546
GGTAGCCATCGGTGCC,3546
ACAGTACCTCGTGGCT,3545
ACATCAATAAAATTAC,3545
CATCGAAGTAACACAA,3545
TAATTTAGTGGTCGAC,3545
CAACACGATTCATGTG,3544
CGCTGTCCGCATCCCC,3543
TCCCAATAATAAGCAA,3543
ACAATGAAGTCAAAGA,3542
AAGTTGCTTTCAATGA,3541
GCCCGATACGTACATA,3539
GTGGTTCCGTTTGCAT,3539
ACATATGAAACAAAAC,3538
AGCGCGGCAAGCAGAA,3538
GACCCCATAGAGATGG,3538
TTGAAGGCATAAAATT,3538
GAAATCAAGACAAGGG,3536
AGCCCTCATCGGTAGA,3535
CATACGCAGTACGTGC,3535
GAATCAAACTCTTCCA,3535
AAACACAAGGAGCAGA,3534
AACAGCCCATATACAG,3534
ACCCGAATAGAACACG,3534
CGCACTCTCAAAGGCA,3534
CGAATTCATCCCTAAA,3532
CACTTACTAAACTCAA,3531
TCTCATTGTCTTATTG,3531
ACCCACCGCGCGAAAA,3530
CAATAAATTTATAACA,3529
GACTCAAAGACCGGGC,3529
TCTGATTCAATGAGTC,3529
AGACAAAGCAATACCA,3528
AGGCACGTAACACCAA,3528
CACACCCAATCACCAC,3528
CACTGTATCCGGTATC,3528
ATAGCAAGTAATAAGA,3527
GCGAGATAAAATACGC,3527
GTGCCAGACCCTCCCA,3527
ATTCCACTATGTAATA,3524
CTAAGGCTTCTAACAT,3524
GCGCTCCGCAAAAAGA,3524
TACAACAACACCACAA,3523
TATATCTAAAACGTTA,3523
TTGATAATAGGCACTT,3523
GATCCACAAAAACGCG,3522
TAAAAGATAATGACCG,3522
TCCAAAGGCAGTTTCA,3522
AGTCCTATACCTAGTG,3521
TAGCTATGCGATGAGG,3520
TGGAATGATAATAAAT,3520
CCTACTCTTTCAAATA,3519
CTTCTACGATCAAAGC,3519
ACAAAAATAGGGTCGA,3517
GAAACCACAAAATAAC,3517
TAAGAAAAGTTGAACG,3517
AGAGCCAGCTGAATAG,3515
GTAAGCATTTTATAGC,3515
TGACCAGACATCGCGT,3515
AAGGTGCCGGCTACGA,3514
ACTCAGGACCCCAGGG,3514
GAAACAATATGAAGTT,3513
TCCACGTATTGAACCC,3513
TCTTACTCTAGAAGGG,3513
AATCCTCTATAGAAGT,3512
ATAAATGGTACTTTAA,3511
AATACACGTCCACACT,3510
GAAGACTCTGATGCAC,3510
TTACCATGTGGGAAAA,3510
AGGATAAAGTAGTGGT,3509
TGAATCGGGGCAACCC,3509
TTATCCCTCGCCAATG,3509
ACATGCACAAATACTC,3507
ATTCACAAAATGTTCA,3506
CGAGTATATATGGGGA,3506
TGCATTAATATAGAGT,3506
ACTGACGTTCTGCCTT,3505
ATCCTGCGCAGACAAA,3505
CATTAAGAAACATGTT,3505
CGCTACCCTATCTGGC,3505
GGGATGACGTAATTTT,3505
TCTCTCATGACGCACC,3505
GCACTAATTACACAGT,3503
AAAGTTATACCTGTTC,3502
AAATGACTACACAGCA,3502
GCCTAAAGGAAAATTA,3501
TTCGATAACGTGTAAT,3501
AAAATAAAAGTTAAAT,3500
ATACACCCCGGTTCTG,3500
AACCTAATATGCCAAC,3498
AATCATCCTAACGACC,3497
TGGCAAAACGTCATAA,3497
CAAAGCGTTCAGAAGG,3496
AATATAGACTACAATA,3495
TCAATGAATACCCGAC,3495
TCTGCGAGGAAAGTTA,3495
AAGCGGTGCGTTCTTT,3494
ACCCCGTGACACAAGA,3492
ATGTATGCTGTAAATA,3491
GATACGATCAAGTAAA,3491
ATTGCTATGAGAAGCT,3490
CCGCAGCTAGACGATA,3490
AAAATTTTCGCTGGCA,3489
ACATGAGAAAACATTA,3489
CGAATAGCTGATGCTA,3489
CGATCATAAGACTACG,3489
GAATTTAATTAGGATA,3489
GCTGGAATACTCGGCA,3489
ATTGGCTATGAGATTT,3487
GCGAGTTATCAACTAC,3487
CGTTGCTCCGTCCACT,3485
TAAAACTAGACACATT,3485
GATATAAATAACCAGA,3484
CGTAATTCAGACCCAT,3483
CACGAATAGATCGTAG,3482
GACAACACGACCACGC,3482
GTGTCAAGTTCCAAAT,3482
CAATTGAAAAAGCAGA,3481
TTCCCACAGTCCACAC,3481
TTGACACATGGTGAGG,3480
AAAAATCCTAATAAAA,3479
ACCGGATGAGGCAATA,3479
ATGTATCTCCAGTGTA,3479
CCAAAATCGCAATAGC,3479
TAACCATATCAGGACT,3479
ATATTAGCCAGCTAAA,3477
TTATGCTGAAGGGACT,3477
CGTTAGACACAGCCCC,3476
CTTCTGGCCGCCTAGA,3476
GGATACATACCCTGAC,3475
ACTAGACACAAGCTCA,3474
CCGCGACATAAAGCGA,3473
AGCCTTTAACAAAATC,3471
ACGCTGAAAGCTCAAT,3470
GCGGATAACGATCGAT,3470
ATACCGCAAAATCTTT,3464
GACGCGTACTCAAACA,3464
TTAAGCTATCCTACCA,3464
AAACGTAAAACCTAGA,3462
AACTTGAACAGGCCAT,3462
CGTATAAATTAAATTA,3462
AAACTTGGATCAAATT,3461
ACGAATCAACCCGTAT,3461
ACGGACCACAGAACTT,3461
ACTAAACGGCCATCTA,3460
CGGACTATGGATCGAT,3460
GGACCGCAAGATGAAC,3460
GGTATGCTAATGAAGA,3460
AGCACCTTATAAACTG,3459
AGCAAATCATTACCTT,3458
CAGAGCCGTCAATCCA,3458
CCGCGTAATATATACA,3458
GGCGGATCGTTCACAG,3458
GTAAAAACTGATACAA,3458
AACTAGCCCGCACACA,3456
TGCACTATATGTGGTT,3456
CAGTATTAAGATTAAC,3455
GTTACCAAATGGTAGA,3455
AGGTAAATAATCGAAT,3453
TCTATTTCTCCTACTT,3453
TAAATAAAAACTATAC,3452
AAAGGGTTTAGATAAA,3451
TGATGGGCCTTTGAGT,3451
GCGAGTGTCTGCTTAA,3450
GGTCTAGAGCAATGAA,3450
GTCTTTTGACCAGAGA,3450
AGTTGTATCTCGTGAA,3449
CAACGGTGGATTGAGG,3448
GTGCCACCAACGACGC,3448
TAATACTGGATATCGG,3448
TCTCTAATAAGCACGC,3448
AACATTTAATCTCAAC,3447
AACTCACATAAACTAA,3447
GCTTTGGAGGAGCGAT,3446
TCGTCAGCACGCTTAA,3446
ACTACCTATCCACACG,3445
CCATTTGGTAGTTCAC,3445
TAAAGTAAAATAGCCA,3445
GTATTTCACTAAGAAG,3444
ATGACAGCGCTAAAAA,3443
AAAAGAAAATAAACAG,3442
CAGCATTAAATAAAAC,3442
CAAGCTCAATGCACAG,3441
ACAAACTCTATGTACA,3440
CATGGGGATATTCCTG,3440
TCCCTTTGATAACAGC,3440
ACCAAGACCAAACATA,3439
AGAAGACGACGTCACT,3439
CAGATACGATGATATA,3439
GCAAACGCACACTAAG,3439
TTAAAGCTGCAAACTT,3439
ATCACCTTACCTCGTG,3438
GAACATGAATACTAAA,3438
ACCCACCCATTTATTA,3437
GAGAAGCATAGCTGGA,3435
TTGATGTCAAGATAAG,3435
ACCCCCGGAGACAGGT,3434
CCACAAGTATTTGAGC,3434
AGCACCCAGTCACAGG,3433
TTGTCAACGAGTCATA,3433
TTCTCTTACATTATCT,3432
AAATTTTGCATAACTT,3431
AACCTGACTCAACACC,3431
ACAAAAAATAATTAGA,3431
CGAAAATGCTTGAAAA,3431
GAATTAACAAACAAAC,3431
GCAAAATGCGATTTAT,3431
AAAGGACGGGGTTACA,3430
AGATAGACGAAGCCGA,3428
ATGTCTACAATCGTCT,3428
GTATACATCAGATCCG,3428
ACCGAACAAAATATCC,3427
TTACATTAAGTCCATA,3425
CTATTTAACAACTAAG,3424
GAGTTCAGTTCTACCC,3424
ATAACACATCAGATGA,3422
GTTTTTTTCAAACCAA,3421
TCAAGATCTGAAAAAG,3421
TCAGCTATTTATAACC,3421
TTAGGAGAATGGAATG,3419
CACTCTTATGATACAC,3418
CCTTAACCTTATAAAG,3418
AACAGATTCAATCCAA,3417
TCAAACCAACCACACG,3416
AAGCAGTAGTCACAAC,3415
GAGCGGTTCCACCAAG,3415
ATCGACAGAAAACCTA,3413
GAAACAGCCCATGAAG,3413
GGATAGGTCCATGCCC,3412
CCTAGCTAGACGGGTA,3410
TCGAAAACCTACTGAC,3410
TCGGAGACTACGCAAC,3410
CACATTCGACCGCAAA,3409
TGGACATAGACTAAGA,3409
ATTACTGCACAGGGCA,3408
GCTTTCGATGCATTAG,3408
TTCTCGAACAAAAATT,3408
AATGTCAGATAATTGA,3407
CACCTCTTGAGATAAA,3407
CAAGTCTCATCTAATT,3406
TACTAACACCACAACC,3406
ATATTACTATACATCA,3405
AAAATGAGATGTCTAA,3404
GAAGTGACATTTACTA,3404
AGATGAGATTCCTCTT,3403
ATAGGCCGACCAACCC,3403
AATACCCCCTGATTGT,3402
GAAGTCTCCTGAAAAG,3402
TACAGAAATATGAATT,3402
TACCAAGATATCAGCA,3402
CTAGGTATATTCAACT,3401
AATTAAAGTATACTAA,3400
ACTACGGTTGAGCGAA,3400
ATGTCACAAAAATTTT,3400
CTGATCTATCCTGTGA,3400
GGACACTTACGCACAT,3399
TATAAACAAACATACG,3399
GCACCCCTGCCATATA,3397
GGTTGCCTAAGATTGG,3397
ACCTTTAGACCACCCA,3396
GGGCGGACGTTGGTAA,3395
AAACATAAAAGGGGGC,3394
TAAATAACTCATTATA,3394
TGGCGAGTCTGTTACG,3394
TTTGTGTACTAGCTTT,3394
AGAGGTGTACGAAATT,3391
AAAAGTAAGGCTTCAT,3390
AGGCATGAAATGCTAA,3390
CAACGCGTATGCTTCC,3390
CCACTACGTACAAATG,3388
CTCTTAAGAAGTCATC,3388
GTGAATGCCCTAGTAT,3388
TGCATTCCTGCACGCT,3388
ATCGATACTGGAATAC,3387
CAATAAAAAAAATAGA,3386
TATTCGACCCTATCGG,3386
TCTGATTGAATCGTAG,3386
ACACATGTCTGTGTAC,3384
AGCTTGCTATGCAATA,3383
GGAAGCGACAGACCAG,3383
GTCATCTAAACGTGAC,3383
ACGAGCCGTGCACCTA,3382
ATGCACATAATATGAG,3381
TTGTTGAGACCACCCT,3381
CGCTAGCAGCCCAACC,3380
GTACTATCCAATGGGA,3380
GTCACTCCCCACATAA,3380
GTTCTGGATAAAAAAA,3380
CGAATACCGGACTCAG,3379
GCTCCTAAAGGGTGAA,3379
ACTTAACCGGATTCAC,3378
ATACCGAGAAGAACTT,3378
GATGGGAGGATCATTC,3376
AAGAAGCCTGCACAGC,3375
TGACATTAAAGAAAAC,3374
AAAACAATACACTAAA,3373
ACTCGAAGAGATCCCG,3373
CACGATCATAAGCTTG,3372
CTAAATCCACATACAT,3371
TAATACAAATCATACC,3371
CACGCCAACATGCATC,3370
AGATTGAGAACAAGTC,3369
AGGATTATGGGTTATA,3369
AGCAAATGCGATAATC,3368
CAAACTCGTGACTTAA,3368
TTATTAGGCCCCTACC,3367
CAAATTAAAATCTTAA,3365
TGATATAGATTAAAGG,3365
CCGATTTGCCGTACGC,3364
GCCACCGTCGACCACT,3364
TGATAATAACATAGTT,3364
AAAGTAAAGCCTATAT,3363
CACACTACAGAGGAAA,3363
GTCACTGTTAATACAA,3363
TTTCTAAAGTATTGAC,3363
AGCGCGAAATTTATAC,3362
GATCTACGCGAAAGAA,3362
ATGAATACTAAGGCAA,3361
GGAAAAAAACGCGGAT,3361
CGTCATTAATTCTCGA,3360
TTGCACAAGATGGGCT,3359
AAAATAGCCTTAAAGG,3357
CAGTCCAGGTACTCAC,3356
GACTCATACGCTTAAA,3356
GTTAGCAAGTATAAAA,3356
CATAGAATTCAAAAAA,3355
ACTAACTTTATGAAGC,3353
CATAACATGTCTAGGG,3353
GGTTTTGCTAACCTGT,3352
TCCAAATCTCCTTGCG,3352
ACCCAACGGCACCTGT,3351
ACCCGTAGAATGAGCA,3351
CAAAACGCGATAACGA,3351
AATATGCCAAAGCGAC,3350
AGACAGAGATTAACCA,3349
TGAACCTCTCTCTAAA,3349
TAATTCCGGAGACCGT,3348
ATACAGACTCGCATGC,3347
GCAATCCATCAACTTT,3347
ACACAGCCAGACATAC,3346
CATAACCTATAAAATA,3346
TAAGAACACGAATATT,3346
CGGGGTTCAGGAGTCG,3345
TCCGAAAAGAACAGGT,3345
ATCACATATTGCAAAC,3344
GCAATGAATCGATCTA,3343
ATTTGTAAGCAAGGGT,3342
TAACGCCGGTACTTTA,3342
CCCTGCACAAACAAGT,3340
CTTCTATGCGAACCAT,3340
TAATCGCTCCATAAAT,3340
CGATAATATAAAGCTA,3339
TCACATCTTCTTAACT,3339
ACAACTTTCAATCTTT,3338
TCCATAAGATATGTAA,3338
ACCGAGCTGAAGAATA,3337
CTAAATGCTATAGAAA,3337
CGATATCATACATCCG,3336
CTCAATACGCAAATAC,3336
CTTGTATGATCGACAA,3336
TAGTTAATTCAGAGCC,3336
AAAGAGATGCGACCTG,3335
ACAAAACCACATAAAT,3335
CTTATACCACCGTAAG,3335
GAATAAATACGCCTAT,3335
TCGGGCAGATTACACT,3335
AAACAGGCTTGAAACT,3334
CATGAATAAATAACTG,3334
GGTGGACACGTCCTAC,3334
AGGACTGTAACTAGAA,3332
ATAAATGAATAGACTT,3331
GCAGATACAACTAGAG,3331
ACACTTAGAGAGGACA,3330
AGCTCACAGAGCTTTA,3330
CCTAAAAAACCTTCTT,3330
GCACACAAAGTGGAAT,3330
CACTAATGATTTGATA,3329
TCCTGAAAAAAAAATC,3329
GAAAGCACAGTAAAAT,3328
TCATGCCGTTGATATC,3328
AATAAGGTTCCTGGAC,3327
CACCGGCAGTTTACGA,3327
TTTAAACTTATAACGA,3327
GCACGTTGGACGATTT,3326
AATTGTAGAATACCCG,3325
ACCCCAACTACTCTGT,3325
CACTCATAATATCCGA,3325
TTAATTAGTACAAAAA,3325
CGTACTACGTAGACTG,3323
GAAGCCATCACAGCAT,3323
GAGAATTGACAATTGA,3323
CTTAAGATACACCAAG,3322
GACGTTTGCTATTACG,3322
TGACGATGTCGAAGGG,3322
TTAAACAGAATCCTAG,3321
TCAACGCGACCCCATC,3319
AGCCATCTGGATATTT,3318
GACACCAAGGGCAAAA,3318
GACATTGACGTGATAT,3317
ATCACAGCACGGGAAT,3315
CACGTGAACTCTTAAA,3314
CATACCTCGATTCCCG,3314
GACAACTACTGGACGT,3314
CATGACTAAAAATCCG,3313
CCATAATCACTGGATT,3313
AAAGAGAAGAAAGAAC,3312
AGATATGACAAAATTC,3312
TGGAAATATCACTTAA,3311
AACACGCCAGACATGC,3310
GTTGAAACCAATGAAC,3310
ATTTAAATGAACCAGT,3309
CAAGACTAGTACGTGA,3309
CACTCAGGAATTGAAC,3309
GACAAACTGTATTCGG,3309
GTCATCGGCTCTGAAA,3309
TAAGTATCCAGAAATA,3309
TGTTTATAGACCCACT,3309
ATTGCACTAACAAAGC,3308
TCGTAACAGAAACTCT,3308
GCAGACGTCCTGATGT,3307
GCCGTATCCCATTAAA,3306
CGTAAAAAACTCATTA,3305
ATACAGAACCGCAAGG,3304
CATAAGAGGTTTGAGA,3304
AGTCCTAGAACGCTCA,3303
GTATTCAGTGTACGCA,3303
TGGGCGAGGCTAACCG,3303
GAATTGAATAGACAGG,3302
ATCAGTGAACTATATT,3301
GCTTCTTTAATGAGAC,3301
GTTCGCCAAGAACATT,3301
TCTAGCTCAAACTGCC,3301
TGACCACATCTTCAAA,3301
TAATCTGAGTAATTAA,3300
GACATACAGTATTCAG,3299
GACCTACACTAGCCTT,3299
AACAAGAATTAAGATA,3298
AACGCCTGAGAAATAC,3298
GGACGCATCGAAAATA,3298
CGAAACAATATTAACG,3297
CTAACAGAAAATTGAC,3297
TCACTCTAGACACAAT,3297
GAACCGGAAGAGTATT,3296
TAGGTGGCCGACAAAA,3296
CCCGCATAGTAACGCT,3295
GATCGGCTTCTCAAAA,3295
CTGAGAACGAGCTCGA,3294
GACACAGCACCAAGGA,3294
GTCGTTATACCACTAA,3294
TAAAGTGATTAGATGA,3294
AGTAGACAATTATAGG,3293
TTATCTATGAATACAC,3293
CACCAAAAATATCGAT,3292
CCTTTCCAGCCTACAA,3292
CTAAAACCTACATCAT,3291
CTCCAATGCCTCTATG,3291
CTGACACAACAATCAC,3291
AATACTCACCAAAACA,3290
ACGTAAATCCAATACT,3289
GTGACCCATCTTAGAG,3289
GAAATAAGGCAAAATC,3288
GCATAACATTAATGAC,3287
TAAGCAAAATCTTACT,3287
ATAGTAGCAAAACACT,3286
CGAGCTTAACAGAATG,3286
CGGGTGACACAACCTA,3286
GAAAGACCCTACCTAA,3286
TCGGTTAGTGACAAGT,3286
AAACCAATTAAACTGA,3285
TCAATCGCACTCCTAC,3285
AAGATAAAAGTGCCAT,3284
CAATAGCAATTTAGTT,3283
CAATCATTACCCAGTA,3283
ACGACTCGCGTTACTC,3282
CTAAACGCTACATTCT,3282
CTAACGACAATAAACG,3279
CTGTAAAGGGCGGTGA,3279
AAAAACACGAATATAA,3278
AACCAAAGGTTCACAA,3278
TATCAAAATCAAAACT,3278
CGACCTTTCCGACGGC,3277
GACCAAATAATATTTA,3277
AGACCGGAACAACGCG,3274
AGGACAGGCGGGGCTT,3273
CTGATACCAGAAAATA,3273
GCGAGCCGAATTCAGC,3273
TAAAAGGGCAGAATCA,3273
TGTACACATTTGATAA,3273
AAAGCCTATATACCCA,3272
ATATAGAAGTATCCCT,3272
CAGGTCATAGGGTTAT,3272
GGAATTGAACTCTCCA,3272
GCGTGGTATTTTAGCC,3271
GTATTTAAAGTTGAAC,3271
ACCCAGGATCAAAAAC,3269
CTCTAACAGGCCAAAA,3269
TCACCGGAAAAATAAC,3269
ATAAACTCTCCTCCAG,3268
TACGAATGCCACCGAA,3267
AGTCAAGCAAATACCA,3265
AACTCCAACATATGAG,3264
CCGAAATCGTTGAAGG,3263
CACACCTATTGAGTAC,3261
CAGACCGTTATTCTCC,3260
CGATAATCGCACAGTA,3260
GTCGACCAGTGCCACC,3260
CCTGAGATAATATGGC,3259
CTAACGAATCAAAATA,3259
GAATCTTCAAGGCATG,3259
TCAGTAAAGTTGGACA,3259
CTTAGATCAGAACGAT,3257
TATATGTTATGCAGCA,3257
AACACCTGTGTCACTG,3256
ACCCACGCAGCAACTT,3256
CTAACAAAACATGAAT,3256
TGTGCGGCGCTCATAC,3256
AAATAGTATAGTCAGC,3255
TCCGTACGAACTTCTA,3255
GAGGGTTACCTCCGCC,3254
AGGCAGCAACCAAAGG,3253
GACGCATTGGCGAAAC,3251
TAACGCAAACAGCAGG,3251
ACAACGCTAAGAAAAC,3249
TCTTTCATTACTTCGT,3249
AACACGACCAATATGC,3248
AGTGAACTACTCTACT,3247
ATATTCATTTCGATTA,3247
TATGAAATACGACTCA,3247
TATAAATCAAAGTAAG,3246
CAGTGGCACTCAAGTA,3245
GCGTCACTCCACGGAT,3245
ACACACATAAACCCCG,3243
ACGTATTTAACCTGGT,3242
AAATAACGTACATAAT,3241
ATTACTTTGTAGAGTA,3241
CAGCAAGAAGGCCACG,3241
AGTTTGTGTACTAAAT,3240
ATGACCGAACTCCCTG,3239
TCCATTGTCAATTAAA,3239
ACTTGTACTCCACTGG,3237
CAACTGAAGAGGTACG,3237
ACTAAAGCGAAGTTTC,3236
CACAGCCTCTGACCCA,3236
AACCAAACAATTTAAC,3234
ATGTTCACGCCAAAAG,3234
GAAAATACCCACAAAC,3234
GAGATCTAACTATGGA,3234
TATTGCTTGACATTTA,3234
ACAAATTAGCAGTTCT,3232
GTTAATATGTCTCGAA,3232
TAATACAACCCATATT,3232
GTAACTTAGACTAACG,3231
CCGAGAAATTCACAGG,3230
CAATCGTATAATACTC,3228
TACCAGATTCAACTGG,3228
TTTGGTTACTTCCTGC,3228
TAGACTTGGGATTTAG,3227
ATTTCACTCACACAAG,3224
GCAATGCACGCATTCA,3224
TACCAATTTCTACGTA,3224
TCCTACAATCTGAACT,3224
AGCGTAGCATTATCGT,3223
GCAATTGTGATACGAC,3223
TTCTGGTTAAAACCAG,3222
CTTAGAAATTACAATT,3221
GGTAGCTACCTACAGT,3221
AAAAGTAAGGCACAAT,3220
AATATCATATCACGTT,3220
AGTGGTATAAGGCAGA,3220
CTCGGAATACATTCCC,3220
TAAATGTACATTCCTC,3220
ATAGAGCGAGGGAAAT,3217
CATAAGGCCTTTGGTA,3217
AATCGTATAAACAATT,3216
TACTATGTCACATTAG,3216
TAGTTAAAGTTCTTAC,3216
AACTAACGTATGTTAG,3214
TCCTAAGGCAAAATAG,3214
AAATCCCCTGCTTTGG,3212
GGACTTACCCAAGATC,3211
GGCACCGTAGAATGCT,3211
TAATGACATATCCGAA,3210
AGTGTACTTGGACTCT,3209
AGGTTACGTTAAACTT,3208
CAGTGGGCCCGATCCG,3208
GGGCATGCACCGTATC,3208
TATACATGGACAAACT,3208
TGGGATCCTCTTTTGA,3208
CCGCTAAGAGCGCGAT,3207
CTAGATACAAGTAAGC,3207
TTATTTACACAACAAT,3207
GAACCTTTACTTAGAA,3206
GACGATTTTTTAGCAA,3206
TATTTGACTGCCCTAA,3206
TTTTACTATAAATATT,3206
AGTAATTCGAAACCGC,3205
CACATTAACCTGCAAT,3205
GATGTCCAATTTCTAA,3205
TGTGACCTAGCCATAT,3205
ACGGCTATTGCTCAGA,3204
TGTAAACTGATAACTA,3204
AACAAATAACCCCCCC,3202
AATATTTGCTCATCCA,3202
AATCACCCTCGACGCC,3202
TAGACAAATCAAACAA,3202
AGAGATGTTATTAAAA,3201
ATACGCATAAAGGAGC,3201
GTCCCTTGTGGACATA,3198
GTTTAATAAACCAATA,3198
TACGAACACAAAATAC,3198
CTCGCCCAGCACCTGG,3197
AGCAAGAAAAAAAATT,3196
GGAAGCCCCCAATGAT,3196
AACACCGTAGTGAACC,3195
CAATGGCAACCACAAT,3195
TAAATACACGAAATCT,3195
TGAGCCAGTCGCTCCC,3195
CTCATTACAATAGTCT,3194
GAGCTTAAATCTGCCG,3194
GCTATGCTACAAGCCT,3194
ACATCCTTATTAGCTG,3193
CCATAATTTTATACGG,3193
CCTACAACTCAATATT,3193
GAAATCCGGAAAACCG,3193
GGAAACTTCTCTGCGA,3193
TTAGCCAACAAATTAA,3193
AGTACTCTAATTGCAC,3192
AGTTGGATTAAGTCCT,3191
TCAGAAGAAGATTTAT,3191
ATCACTTACTCAATGC,3190
GATAAACTTTTAATAA,3190
ACGAATCATCCGTGTA,3189
CTCTCCTTTTAATACA,3189
GAGATCGGACGATATA,3189
ACATTAGGCTACAAAG,3187
GAAGCATTGTCAGACC,3187
GATTACAAACAAATAA,3187
GTGCATCGAGATTATT,3187
TCTCTGAATCGAGCCA,3187
CTTTGACCTCCATTAC,3186
TGAACGGCTGGGAAAT,3186
TTACACGAGCAGAGCA,3186
GCTAACCCGTAGTGCA,3184
CCAAGCCGACGACCCT,3183
ATGCCCTAGTATAAAT,3182
ACCCCACCAATAATAC,3181
CGACAGCATCTAAGTC,3181
GTTCGGAGCGGTTCAA,3180
AGCAACTTAACCCAAA,3179
GCAACTATCTTACTTG,3179
AAGCAAACTAATACAT,3178
TACAACCCATATCATA,3178
TCCCCTATTAAAAGCA,3178
TCTCTCTACAAAACCT,3178
CGCGCATGGAGTCGTT,3177
GAGGAGGACGCGTAGT,3177
TCTCATAAATCATGAC,3177
TCTGCAAAAGTTTGGC,3177
AAACCACGATTCAGCT,3175
CCTAAACTCCAAATGG,3175
CGTGAAAGAACCATTT,3175
TATCTCTATTTAGTTA,3175
GATCACAGAATAATAG,3174
AAGGAGATGTTCAGTT,3172
AGAATTCAGCTATTTG,3172
CAGGCGCATTCGACCT,3171
CATATAGTAAACAACA,3171
AATCAACACACTCTCG,3170
GCAACTTGAAGTGACC,3169
AAAGACCAGAATAGGC,3167
AGATACTAAATATCTG,3167
CCTTAACCGTACAAAT,3167
AGGAATCTCCCACTAG,3166
ATATAGCGTCCCCAAG,3166
CCATTACCAACCATAT,3166
AAGACTATAATGATGT,3165
CATGGAGTGCATTATG,3165
ATACATATTAGCTTTA,3162
GAGGCAATATTGAACT,3162
TTAACTGACCAACAGA,3162
ATTTCGAACGGGACCA,3161
CCCGGGCTGTGAGGAT,3161
CTCATCAAAAACCATT,3161
CATGGCTTGGTACCTC,3160
CTAGATCAGGAATTCG,3160
CAGGGGAGGGCACTAT,3158
ATTAGACTTGTAGAGA,3157
AATTAAAGACAATGAC,3156
ATTCTTGCACCTTGTA,3156
TTTACGGCAAAACTTA,3154
TAAGACGTGTTTAGGA,3153
ATGTACTACGATAGGC,3150
TAACGAAATACTAAAT,3150
CCAATAATTTTAAGAC,3149
TGTTGAAGAATAGTCA,3149
GCAACGAGACTTGGCC,3148
TCACTTCATATATTAA,3148
CGTCTAAATACACAAT,3147
AAGTCACTAGGACAAG,3146
ACATTAAATGCAAATC,3146
ATCAACAGACATACAA,3146
GTACCGATAATTACAC,3146
CGCGTTCCTTGACGCA,3145
CGTATGGTAAACGCAA,3145
TCTCCAACCACTGAAA,3145
CAACCGACCAATCGAC,3142
GACGCGTATGTTTACA,3142
TCACTTAAATTCAACA,3142
AAAGGATTAACCGCAT,3140
AGCAACGAGCAGTTTT,3140
ATGACCGCTCGTAACT,3138
ATGCTTGAGCAAAGAA,3137
TTGATTTCGTTTTCAC,3137
AATCTCACCGCAATGA,3136
ACACACTTCTAACCAT,3136
TGAAAGATTCGCAAGC,3135
CGCATCCAATTTAGTC,3134
TATGTGGCAAATAAAA,3134
AAACCCCCGGAGAATA,3133
TAGGTGCAAATGCATA,3133
TAATCTGCGCAGATGG,3132
TAGTCTGGATTAACCG,3132
TTCAAAAAGCAGTCAA,3132
ATCGGACCGAATCAAC,3131
CCCAAACGGAGCTACC,3131
GTGGAAGAATCTAAAC,3131
TTAACCCTAAACTTAA,3131
AGGCAGTGGTTTTACC,3129
AGGGACCTGTAACTAA,3129
TACGTTAATTCGGACT,3129
TAGTGTCGCCAATTAA,3129
TTAGACAAGGTCACAC,3129
CACGCCTGAAATTGTC,3128
GAGACAAGTTGCACGA,3128
GGCTACATCTGGTGCC,3128
TAAGAATTTGCTAAAA,3128
TAATGAAGTACCGATT,3128
CTCCCACAAAAAAATA,3127
TATTGAATCCGCCAGC,3127
CCAATCAAACGTAACG,3126
TTTAACTACTAACACT,3126
AAAGCGGGCTTCACCC,3125
TAAAAAAAACGGCGTA,3125
TAGTTGTGATATTCAA,3125
GAAATTGCACTCTTCG,3122
CTAACTTAACAACTTG,3121
TAAGCACAAATAATGG,3121
AGAAAAGTTCGATACA,3119
TCATAATTTCAAATAT,3119
GAGCATGAAAATTAAA,3118
GTGTTTTACCACGATT,3118
TCCGCCTCGACTCCAT,3117
TCTCCTTTATACCTAG,3117
CCTCTCAAACGTAAAA,3116
GAAACCGTGTTAAAAA,3116
ATCGCTCATTGGGTTC,3115
ATTGCCTTCGAATCTT,3115
CAAGTGGACTATGGGT,3115
CGTCGATGAAACATTC,3115
TAGAATGCCTAGTCAA,3115
AATTATGCGCTCAGGG,3112
GAAACTGACTAACACC,3112
ACGACTCCGATAATAA,3111
ATTCAAAAAAACTTTA,3111
CCAATACCAATGGTAC,3111
CGTTTAGGTACCTATT,3110
AAAACGGCAGCCAAAA,3109
CTTAAAAATTGATAAG,3109
TAAGAATTATAAGGGT,3109
ATTCGAGGAAGATAGA,3108
GAAAATCCGAAATTTG,3108
TGGGTGCCCTAAAACT,3108
AAATAAGTGTCCAAAA,3107
CCTCCGAACGAAGATA,3105
TGACCTAGAATTGGTC,3103
TTGTAATTACACTCTT,3103
GTATAGCTCCTGCCTA,3102
GTTCAGAGAGGCAACA,3102
AGAGAAGGTATCCACA,3101
TCACTAATATGGATTA,3101
ACCAATATACCAACCC,3100
CATCCCTACCAAATCG,3100
ATTAATCTGTGAACAG,3099
CCACACAGCCTATGAA,3099
CCACCCGTACTTCCCA,3099
CGGGTGCGGCATTTCG,3098
GTTCTTGCCAGATCCT,3098
TATGTTAATCAAATTG,3098
AAACGCACAATCAAAG,3097
ACCTAAAGTACAATCA,3097
CCTGTACTTCAACATT,3097
TGAAGTACATGCACAA,3096
ACCCGGTTGCAGCTCA,3095
ACCCTAGAACTTACTT,3094
ATCTGACGGCTCCGGC,3094
TAAGGTATAAGGCATG,3094
AGCATTTGTGACTAAG,3093
GGTATGAATAGACATG,3093
ATAACACTGAGCCCAA,3092
CCAATCTAAAGCCACT,3092
TGATGAAAGTCAGGCT,3092
CCTATAATCGTTTGCT,3091
ATGCTAGATACCATGC,3090
CTCGAGTCTGAACCAG,3090
TAAACAACATCCCAAA,3090
AAAAGGTCTTCAGTTT,3089
AAGCCGCTTTAATCAA,3088
TGAAATCACGACCCGC,3088
AATCCTGATTTACAGA,3087
TAAACCTCAATGTCAA,3087
AAGGTAAATTGGATGT,3085
CATACTGATACTTACA,3085
GCTGCCCCCTGTCCCA,3085
TATACAAAAAGACTAT,3085
AATGAAAGTACGTAAC,3084
ACCAGGCGATCAATCA,3083
AACTTGAGTTGAGCAA,3081
AACGCATCAAAATACA,3080
AGATCTTATGCACCCA,3080
AGGTACACACCCTAAG,3080
CCAAAGAGGCAGCCTA,3079
ACAACAAACCCACCAA,3078
ACGGTTGATCTTGAGT,3078
TCTCCCATACACGGTG,3078
TGAGAAGCGAAGGATG,3078
ATTGGGCCGGAGAATT,3077
CCTGACCGAGCGAAAT,3077
CTCAAAAATCACTCCA,3077
ACATCGCGCTGGACAT,3076
CACCTGCTCTATTGTG,3076
TGAATATGAGAAAATG,3076
TGATTAGATATACGTC,3076
GAGCCCGGTATGCGGG,3075
TATAACTGATAGTACA,3075
TTCATAATGAGAAAAA,3075
TACCGAAGTCAATCGC,3074
TTGTAATGCGAAGACT,3074
ATAAGCTAGATGCATT,3073
GAACATTACGATTCGC,3073
TAATTCTAAAAAAAAA,3073
ACACCTAATTGGTAAC,3072
CAGCTATTTCCATGGG,3072
CCATTAAGACACACAA,3072
GCATTCGTCCGAAATG,3072
TTTAGCAGTATCCAGG,3072
AACAGAACAAAGAATT,3069
ATGCACTGAACTATCT,3069
GAGTGAAAAGCATTAC,3069
ATACTGAGACACCAAT,3068
ATAAATTGCATTAACT,3067
CTCTCCTCGAAATGCA,3067
GAGTTTATTAGACCAT,3067
TTACTACCCAACCCAA,3067
AACACTACATTCCAGG,3066
GCAGATCCTTCCGTTG,3066
TTAAGGCAGAAAATTG,3066
GAAACACAGTGCCTAT,3065
GACGACAATTAGGTCG,3065
GGAGAAACAGTTAAGG,3065
GTAAGAATACCCTATA,3065
ACTTTCAGATAATCCT,3063
TTATAGAAATAGCTAT,3063
AAAAAACTCGGTCTCA,3062
AAAAGGACCGCGTAGC,3061
CCAAGCCTTCTCGCGC,3061
AATATCGGAGGGCTAA,3060
CAAACCCATTATCATC,3060
CGGACAATTTCGTGTC,3060
CCATAGTTTCAATATC,3059
GCACAGACAGATGAGG,3059
AACCCAAAGCCCATGA,3058
ATGTACAATACTGTGA,3058
CATGAATGAAATAAGA,3058
CCAACCAAGGAGTAAT,3058
GGGTCAAAATAAGAAC,3058
TACAGAAGCCCATATG,3058
ATTCAATCTTTCATTA,3057
CATCATAGCTTCATCA,3057
CGAATGTCATAACCAT,3057
CGATCGCTATCTTAAG,3057
AAATAAATTAGACTAA,3054
AACACAACACATCCAA,3054
AGCGATCCTGATAGGT,3054
TGGACTAAGTAAGCTC,3054
AAAACTACAGAAGCCA,3053
AAGCAAACTGATATGA,3053
ACTATAGAATCGACGT,3053
CCCGAATTAAGAAGAC,3053
TATTCAAATCCTCGAC,3053
CAAAGATACGGCTTAC,3051
CAGAGACCGATCACAG,3050
TGGCATCCTATAACAC,3050
GCAGTCTTAGATACCC,3049
AATGCGAAAAGTCACA,3048
CGTAAAACACTTTCAC,3048
ATTCTTGCGACATTTA,3047
CAATAAACATCACCAC,3047
AGCGTTCTCCAACCGC,3046
TAACACATGTAACAAC,3046
TCACCACAAAAAATTG,3046
ATCGCATAGTGTCGCT,3045
GAAACAGATGGAGCTG,3045
GCGGTAAATCGATACT,3045
GTGGTAACAAATATTA,3043
AAGACCGAACCGAGCT,3042
GGTTTAATTCACTCGT,3042
TCAGTTCCCACAGTAG,3041
TACACCCCCCAAGAAA,3040
GAACAAATTATTAGCC,3038
GTCATTAACATTTTCA,3038
CAGTACTGCATGCAGC,3037
CCGTTCCTATTATATC,3036
TTTAGCGCTGAACCTT,3036
AACTCTTCTGTCGATT,3035
ATAGAATGAAAACTCT,3034
TACCATAACACCAGGA,3034
CTAAAGAAGTAAGACC,3033
CACAATTATCCATATG,3032
GGTAAAAAGTAAAGAT,3032
GTAATGATCTGCCGCG,3031
GAATACTTAATGCTAA,3030
TGAACATCACTAAGAG,3030
CAAATCCGGATCAGAG,3028
CTAACGAAACTGTTTA,3028
TAGTCACCATACTCGA,3028
AAAATAGTAAATCTCC,3027
TAATAATTTTGATTGA,3027
TAGCCCACAAAATGAA,3027
ACTAAACAAGAAAAAG,3026
TTTTGTGTTTTTGCAA,3026
ACTACTACCAACGGAA,3025
CCTAATTAGATACGCC,3025
CTATAGCACTGTTAAT,3025
CTTACCCCTGACTAAA,3025
TATCTTCGAGTAATAT,3025
AAATACCGAAACCAGA,3024
ACCGACTTGCAAGACA,3024
CCAGATAGGTAAAATA,3022
CGGAACCGAAACGAGC,3022
CATTCATACTGAGTAC,3021
TGCAACATGCCTAAAT,3021
CGCTAGAACTCGACTC,3019
TCAGACGCTCAGCCAA,3019
TTCTTACCGAAAGCTA,3019
AACACAATTTATGACA,3018
GGAAAATCGAGAATTC,3018
TTGCCCTTTTAACAAC,3017
ACCCAACGCTGGGCAA,3016
CACTAGGTAGCCGAAT,3016
AATGTCCAATTATATT,3015
CAGCATGGTCCAAAAT,3015
GAAAGTAAACGCTCTG,3015
GGAACTCGAATTTTCT,3015
TATTATGGCAAATAGG,3015
CTCTATCAGTTTAAGA,3014
CCGAGCTAGCTTTAGA,3013
AAATAACGGGCTTGTA,3011
CGGCATTTACTTCCCC,3011
AGAGACATAAGACAAG,3010
GCTTACAACTATTAAA,3009
TTGTCAGACCCTACAG,3009
ATTCTAATAGTCATTG,3008
CCTCTAAGGGCAAGTT,3008
CCGACTCCCTTAAGCC,3007
TAACTGAGAGAAGGAG,3007
GCATTGATTGAACATT,3006
TGGTGACTAAACCATA,3006
ACGACTTGTGAAGAAT,3004
AGACACCTATACTGTC,3004
CAAGAATTTATAGCGC,3004
CATTACATCATACTTG,3003
CGGTCTGATGAACGAA,3003
ATATTATACGTGGATT,3002
GGGACTTATTGTAATG,3002
ACAGACGATAGAACAA,3001
GAATCTGCTTGGAGAC,3001
ATCCATACCTGAAATA,3000
GTTCGTGTTTCAGACT,3000
CCCCGACACGTTATAT,2999
TACCAAAAAGACACTA,2999
TTATAGTGTGACTGTT,2999
CGTAGAGCGACAAATG,2998
GGACATTAGGAAGTAG,2998
CGAATTGTTCAAGAAA,2997
TGAAGTCAGATATAGC,2997
ATCCGGCGTGTTCTCC,2996
CAATTCAGAATGACAC,2996
ACATTACGGACTGTCA,2995
CATATCTAATGGAAAA,2995
GCTATACGACCGAATA,2995
TATAAACCTTGCTTGT,2995
TAATGACCAATCGGCA,2994
AAATAACCATTTAACC,2993
CTTACTGAATACTGAA,2993
GATCAAGACGAAATTC,2993
AGGCGCTTGAAGCAGT,2992
CATGCGAAATGGACCA,2992
GTCGTCTTCGAGATTC,2992
TACATATGTATACATC,2992
CATCTAACACATACCA,2991
TTAGACATTAACAGAT,2991
GTAGAGCTCCACACAG,2990
TATATAGTGGAACATA,2990
AATCGACCCTGATTAT,2989
ACGATGAAAAGTATTA,2989
CTGGGAACGCACAGGT,2989
TGCGGTACAAGCCATG,2988
AGACTGGATGAGGATT,2986
GCTTACGACGAATAAC,2986
GACCTTATACGGATTA,2985
GGATTAACCAAAGTCA,2985
TAAAAACTGCATTTGA,2985
CAGATCGGAGGGACTC,2984
AACCTGGGTCAAAAAC,2983
ACGCATAACAAGAACC,2983
CCGACACAATAAAACA,2983
AAACGAAAGACTTCGT,2982
CATATCGTGACTGAAG,2982
GTATTAAATACAGGAT,2982
TAGAAAGCAGTATACT,2982
ACCGTGACAACAACAT,2981
AGAAAATTACCAAATG,2981
AGAGACCCTTGGACCT,2981
CATTAAAGGAGACCAT,2981
GAGTTGAAAAGGGATA,2981
TCAAATACGAATAGCG,2981
GAACTTTTCGGACTAT,2980
AAAGGCCGCGCTATAA,2979
AAATTATCACGGTTCG,2979
ACAAATAAGAAGCACT,2979
AGTCGAAGACCTGGCC,2979
TAGAACTGATCACGAC,2979
CACTAATAATCAAACA,2978
CATAAAATCAATTCAA,2978
GACGTGGACGATCATT,2976
GTAAGGTCAAGTGACA,2976
ACTAGTTATTTCCCTC,2975
CCTGGTGTTACATGAC,2975
GTGATTTATACATGAC,2975
AACGCAAAACTGAAAA,2974
AGCGATAAACATCTCC,2974
TAGCCACGTACCCGTT,2973
TATGGCGACAGACGTA,2973
TGATGTCACTTATAAG,2973
TGGGCACTGCCCGGCG,2973
AAGCTAAACCATGCTT,2972
ATGGCTACCTCTTTAG,2972
GCGAAGCTAATAACAT,2972
GGCCTAAGCCGCGTTA,2972
GATCATGAATACCTGA,2970
TAACGCCATTGAGACA,2969
TCAAACACACAAGATA,2969
TCAGACCATATTAATC,2969
CTCCATTATTAAAATG,2968
GGGTTCATCACTGGAC,2968
CTGGGGATTCAAAAAC,2967
AAAACAAGGTTTTCCC,2966
ATTCTACTACTTTTCT,2966
TCCGAACAGAACCGAT,2966
TCAAAGAGGTTAGGAA,2965
ATGTTGTATTCCGTCA,2964
CATTGACAATCCTCTA,2963
ACCAATATATACACAA,2962
ACGCGGTTTTGTATCC,2962
GCGGAACAAAGCGCGG,2962
CGACAAAGCTTGAATT,2961
ACAGCGTAACCTTCAG,2959
ATCATGACAAAGATTA,2959
AAAACTTAGGGCCACA,2958
ATTAGAAGCCTATCCA,2958
AAAACATAGCAACCGG,2957
CTCCTCCAAAAAGTGA,2957
CTTAAACTGTTCAAGA,2957
AAAATAAACTTTATTG,2956
AAAATGACAAGTTGTT,2956
GGAGTCATAACAAGAC,2956
GTAAAAACCTTCACTA,2956
AAGAAACTAATTATCA,2955
AATTGAAAACGAATAA,2955
GTAACTAGTAACTTAA,2954
ATACTAACAATATAGT,2953
GTCATTAGTATACAAC,2953
CATAGTAGCTTCTTAA,2951
CGTAGAAGTGGGACAA,2951
ACATTCAGGATAATCT,2950
AGATCCATATACTGCT,2950
AAACCCTCAAGAATAA,2949
CAAGCCATCACTGATG,2949
GATCCAAATTTTTTAA,2949
GGGTAATTCTATGCAG,2949
GTTGCATGCTATAGTA,2949
TTAACCAAATTTATAG,2949
AACGATAGAGGTCATT,2948
CCAATCAGGCAACGGA,2948
GATACTACATCTAAGG,2948
GATTCCGCTTATGCCA,2948
TTCATTGTTAAGAGCT,2948
AAACCAACTACCAGAG,2946
AAATGTTAAACCACAT,2946
AATAAAAACAGGAACT,2946
CGGTGTATTAGAGAAT,2946
GTCATCCAACCTCTAT,2946
AACACTTACATGACTA,2945
GTGGCATATAACCGCG,2944
ACTATAGTGAATTTCC,2943
AGCAACGAAAAATATG,2943
TCCTCACCCCATCACA,2943
CTGACGTCCCCAGGAA,2942
GTGAAGCAGCACGCTA,2942
TGACTCCGACGCTACA,2942
TGATAATTTGAATACC,2942
AAAACCGTTCAAATAA,2941
ACTTAATAGTCTACAT,2940
ATACTCCTCAGATGTT,2940
ATTTAACATGCGAAAC,2940
GCAGTAAATGAGTATG,2940
GCCACAATGAGAAACG,2940
CAGCCTCCTGGAAACG,2939
TGAACCGCTTATACAA,2939
TGGAGGCTAGATAGTG,2939
AACCGACCGCGGACGT,2938
CGTTGGCAGCAATTAA,2938
GAGTATGAGCGCAATA,2938
GGAAGAGAAATGAGTT,2938
TACTCTCCAGCTCAAG,2937
ATTAACGACCGCCTTG,2936
GTGGTCGCTAAAAAAT,2936
AATATAGGTATTCATA,2935
GCAAAATGACAGCGAA,2935
AAAATAAAATACCTGC,2934
GACAGTTAAAACAACA,2934
GCATGGAGGAAAGTAG,2934
ACTCTATAATTGTCCT,2933
GGCCAGCTCTCTTAGA,2932
CACAAAGTAAAAACGC,2931
TGGTCCAAACTTTAAA,2931
AACCTTACGACTCACT,2930
CGCGAACACGCAGTTC,2930
CTTCAGAAACGGGCAT,2930
ATCGGTACTTCGCTGA,2929
GGAACTGTGGCGCTCA,2929
AACTGGTGATCTCGGC,2928
ACGATTACACATAAAG,2928
CCAGACGCATTGAGCA,2928
GGTCGTAAGCTTGCAA,2928
GAATTCTTGTCCCGTT,2927
AACCCACTTACCGTGC,2926
CCTCCTATGGGCTCAA,2925
AAAGTCAAATGATATA,2924
AGAGCGTTCCGCATAT,2924
CAAAGCCCAGATGAAA,2924
GGATTAAATTCCAGGC,2924
TAATTTTCCTTGTTTA,2924
ACATAACCTGCCTACA,2923
CCAGATAAAATATTGA,2923
GAATTACAGACCAACA,2923
TTTTGAACCCTCACTA,2923
CCCATACTTGATTGAT,2922
AGAGCGAATACTGAAA,2920
CCACACCACCTACAAC,2920
GAATGGGTTTCCCCTG,2920
GCCAAAGTACACACTG,2920
AATGTTACAACTGCTC,2919
GCGCCCTGGATAGCTA,2918
AAACTGCGCTAAATCA,2917
CAGATACTCGAATTAG,2917
GTGACGACAAATCAGC,2917
TGACATAAGTGTTGCC,2916
CCGCACCACCCTTACT,2915
CTTACATGCAACCAAG,2913
CTTGAAAAATTAAGGT,2913
GATCAAGGTTCCTGAC,2913
AATAAGGGTTCAGACT,2911
CAATTACGCTTAAAGC,2911
GTATATCAAAAAAAAC,2911
TTGAACAGAATTAAAT,2911
ATAAATTAAATATGTA,2909
CAACTATAGGAATATC,2909
AAAGGAACGCTGATAC,2908
AATCAATGACCATGTT,2908
TGCCATCTATACATAT,2908
ATTCATTACATTTTAT,2907
AGTCGCGTTAATCGAA,2906
ATATAATATAAAGCCC,2906
GGCAACGAACATAAGC,2906
GTCGATTGCACGCTAT,2906
AATGATGTCCTTGGTT,2905
ACCCTGAATATAGAAA,2905
ACGCACATTGAACACG,2905
AGTACAAATCAAAATT,2905
CCAACACCTGGGAGGA,2905
GAAATAGTTTACGTAG,2905
GTCGCCCATCATAGAC,2905
TAGACTTCTATTCACT,2905
TGTACACTAAACACGG,2905
ATAACACTGAAACAAA,2904
CTCGACCCGTACAGGA,2903
AAAGGAGACTTTGTTC,2902
CACCTCCCACAGAGAA,2902
CAGCCAAAAACAAATG,2902
GCATATCCTGATTGCT,2902
TCAGTGTTCGATATAA,2902
TCCAGGTATCCGAAAA,2901
ATCATTCTAATTAAAA,2900
GAGATAAAGACAGATC,2899
GGATTAGCAATTCACA,2899
TAGTCCTAAAGCAAGT,2899
CGCGCTCCTCAACACC,2898
CTCCTGCCCGTCTCAG,2898
ATCAAACGAATCGTTT,2897
GGACACGACCATGAAC,2897
ATATCCTTCTATTGAA,2896
GACACACATACGTCTG,2896
GGATCCTGCCAAACGG,2896
TATACGAAAAATAAAG,2895
TATCTTAATCCCAGGT,2895
ATTTCGCCAAGAACAG,2894
AAGCGAGAAGCCCGGC,2893
GATAAGTATTGCAATA,2893
AGTAATTTTATATAAC,2892
GAAACACTTGACAAAA,2892
GAAAGAAAAAATAGGC,2892
GTACTGTCTAACGATC,2892
TGGTCGAACAGATTCA,2892
CTGTAAAACATATAAA,2891
ATAGTGATCAGACGAC,2890
GACCACCATACATGGA,2889
TAAAATGAGCACAAAA,2889
ATAAGAAGCACCCGAA,2888
CGATAATGGGAGTCCT,2888
GACAACTAACCAAGAG,2887
AAAAGGGTCATAACGT,2886
AGTTGTTGGAAACCCG,2886
AATAGTGAAGTAGTAT,2885
CATTATAGCTGAGGCG,2885
TAATCTGCGAATAAGT,2885
ATCATAGTGAGACATG,2884
TTAGCAAAAGATCAAT,2884
AACCAAACTCCCGGTT,2883
CGAGTCCCAAGGCGAC,2883
TAAATATGTGTACTAT,2883
ACACTCGACATCGGCA,2882
CAACCGTACTGATCCA,2882
CACATTCATACAAAAG,2882
GAACAAAACCAATACC,2882
GAGGCCGCATTAGGTC,2882
ACTAAACGCACACAAA,2880
ATCACGAGACACTTGT,2879
TGCAATAAATGACACT,2879
AAGAGTCGAATCAAAA,2878
ACTAGAATGTATCCGC,2878
ACTTTAATTGTGAACA,2878
AGGATATGAGTACCCA,2878
GACATAAAAGATACCC,2878
GTAACGGTAGAACTCC,2878
TGTCACCGGTAACGCA,2878
TTTAAGGCTCGCAGGC,2878
AAGAATTAAATACATG,2877
ACTGCCAACCACCATA,2876
GAATATACCAGAACAT,2876
AGATGATTATCCGGAA,2874
TACCGCATTTCTCTCC,2874
CTTGTCTAACATAAAA,2873
GTTACTCACCAATAGA,2873
CAGGCAGTTGATTGAA,2872
CAGTGAACCGCTTTCC,2872
ACAAAACACATCTTGC,2871
AGTTTCAGTTGTGTCT,2871
CAATAACCTAGAGATG,2871
AATGAAAATAAACACA,2870
GTGATGAGAACCGGTA,2870
TTCATAAACTTCAAAA,2870
TTGCAGTATGCATTTG,2870
AACACTATACTGTGGA,2869
ACCCCGTTTTGTATCA,2867
ACAGTCACATAAAACA,2866
ATTGCAACGTTTCACA,2866
TCAACACGTCTATAAA,2866
TAAAACCTCCCTATAT,2865
TGATATACTGATTCAA,2865
TTGCAAAGTCTGACCC,2864
AGATTCCAAAGCTTTA,2863
TGTCACTACTATAAAC,2863
GAAGAACAACATACCA,2862
TATTTTCATGTATAAC,2862
AATACAAAGATCTTGG,2861
CTCACCAATCTATACA,2861
GAGATAAAAAAGGAGA,2861
GGGGCCTCGCACCTAA,2861
ACGTAATATACTAAAC,2860
GACGCTTTACCAATCA,2860
AGCGCGCCCAATTTAT,2859
TCACTAATACCTCGCT,2859
ACTAGAGAAAAAAAAA,2858
ACTGTTGTGAGGACCA,2858
GAAGACTAGCTCCAGA,2858
TGTCGAGCACTTTGAT,2858
CAAACTCAAATGCTCA,2857
GGAATAGGAACCGCAT,2857
AAACCACATAAAAGTT,2856
ATTCGCCAAAAACACA,2856
GAGTTTTACAAACCCT,2856
TAAGAAAACGTCCACC,2856
TAGAATATTTGATCAG,2856
AATCTACCATGATGAA,2855
GCATCACACATTTACA,2855
TACTGATGTATCTGTT,2855
CTTAACCGCCACGCTG,2854
GATTTATTCATCGTGT,2854
GGTTTCACAATTAAAT,2853
GTAAACGAACGAAAAC,2852
CCGCAAACAAACATTT,2851
GCTATCATCTACAAAA,2851
TCTCATTCGGCGAAAC,2851
AATATAAAAAAAGAGT,2850
ACCTAACTGTTAGGCA,2850
AATCCTGGTTACTAGC,2849
AATAAACATTAATCTC,2847
AATCAAAAAAACTTGC,2847
CAGCATCCCTAACACT,2847
CCATGAAAATCCAGGA,2847
TCCAAGGCACGGTACA,2847
ATAGATCGAAAAACGT,2846
CCATGTATGTGTGCCT,2846
GAACTCCGCTGGTCCA,2846
GCGCACAACAGACATG,2846
AATATGTAACTTGAAA,2845
AATTATACTACAACAT,2845
AGCTAAGTGCCCGGGA,2845
GATCTGGGAGACTTCC,2845
GTAAGATATTTGGATC,2845
TCGAACATAGCTACTT,2845
TTGATAATTTACAAAA,2844
AATACTGTGTAAATTA,2843
ACCGAAAGTGGACAAT,2843
CGAGTAGAAACAAACA,2843
CGCGCCACAGCTTGCA,2843
GATAAAAAGATGCATG,2843
TAAAACGAGAAAGATC,2842
AATGAACAATGTACAT,2841
ACTTCCACAGAATGCT,2841
GCAGTCCAAAATCCCA,2841
TTGTATTAAGATGCTA,2841
AAGCATAAATACTGAC,2840
AGACAAGTATTCCCGT,2840
AGCTTCACCACCGCAA,2838
CACAGCATAGTCAATG,2837
CACCAGAGAACTAGAG,2837
TCACTATAAGACAGAC,2837
TGAAAGCATAAATCTC,2836
CGATGATACCAATTGC,2835
GACGGAAATAAACTCG,2835
TGACCGTCCTACCTCT,2835
ACACAAAGCCGCTTCA,2833
CGAGAGCTATGATACT,2833
GAAGCATAAACATCCC,2833
TTAATGGAGGGTCGCA,2833
AAGTGAACAAGACAAA,2832
GTGAAATTAAAACACT,2832
AATCCCGCCTCCGACA,2831
TAACAATGTTCAGCAA,2830
AACACGCCTAAGAAAA,2829
CCGCGAGGTCCAATGC,2829
CATCAATCTCCAATGA,2828
TACTATCAGTAACCCT,2828
TCCCAAGAGTCGACCC,2828
TTAAATCAATATCAAC,2828
AGACACAAGACACAAT,2826
CGTTGACGTTTAATAG,2826
GACAGGAAGACCTAGA,2826
ATCCCTGATAACGGCT,2825
CTGTTACGCGCTGATT,2825
TTAAATCCCTTAACCA,2825
ACCCCGGATTCCATGA,2824
CCCCGTAGACCGCTAT,2824
GAATAAACGAAGAGAA,2824
GCCCAATTGCTGTACG,2824
TGAGTAAATCCACGAA,2824
TGTGGCAATTAATGCA,2824
AAATATTCAACCCTGG,2823
AAGCGACTATTAAAAA,2823
GCATTAAATTCAGAGT,2823
TAAAGAACTGGAGTAA,2823
AATCTAAGAATACTTA,2822
AGATAACAGATCTCAT,2822
GATAACCAGGGTGTAC,2822
AATTTCTATGACACTT,2821
CCTAAGATTGGCCACG,2821
CTAAAAACCAAACAGA,2821
GAACTACTTAATCAAA,2821
GCATTGCCTCTTGATC,2821
CCCGCCGTATAAGATC,2820
CTTGTCTCCGAATCAG,2820
AGCGGTTTATGTCATG,2819
CACACAACATTAACCT,2819
TCCGTCCAACATCCGC,2819
ATAAAATAAATTCAGT,2818
ATGCAGCGGGACTAAT,2818
CCGTAAAGAATCGAAC,2817
TTTCAAACCTTAATAG,2817
AGAAATTTATCATCTA,2815
CAAAAATTTTACGATT,2815
CAACAAAAAAGGCAGA,2814
CCCATCTTATAAAGTT,2814
CGTTAACATCGACACT,2813
AAAATACAGGTTCTTG,2812
AATTGATGTTTGTTAA,2812
AGGTAGGTCGTAGGCG,2812
ATGAAACATAAGCTAC,2812
CATCTTACCCGCCTGT,2812
GCAAGGTCACTTGCTA,2812
TAGGGGATCACCATAA,2812
TGCGGTATCCTTTGAA,2812
ACCCCAGTGCAAGTAT,2811
ATAATGAGCGGATTTC,2810
CGAGCGACCTTAACAC,2810
GAAGGTGCGGGTCACC,2810
AAAATAAGACGCATGA,2809
CCAAAATGATTCACCA,2809
GGCTCTATTATATGAC,2809
ACACTGGTCCTGTACA,2808
ACATCGAATATCATCA,2808
CATTTGAGACATGTCA,2808
CTCACGGAACAGGAGT,2808
TCATGAGCAAGTGCCA,2808
ACTAAACGTACCTCGG,2806
TACATTAAACACCTGT,2806
ACCGTCGGAATTTATT,2805
TATATGTGTTTTCGAA,2805
CCATCCCATCCGGCCA,2804
CCCAGGATAAACCGGT,2804
CTAAAGGAACGAGGAA,2804
ATTATAAATGAGAGTT,2803
CCTTCAAGAATGTAGC,2803
TGTTCACACACTGATT,2803
AACAAATAAAAAAAGA,2802
GAAACCAGCGTGTTAA,2802
TAATTAGAATAAAAGG,2802
TTTAATATGAACCCTG,2802
CCACCACACGGATGTT,2800
CTTGAATTGATTCAGA,2800
ACAACCTAGCCGGCTT,2799
CAGCTCATAACGTAGG,2799
CGAACGACCATAAACT,2799
TGTTGAGTGGGATACT,2799
AAAACCTGGGGACCGA,2798
ATTAAACGTAAGTGAA,2798
ATTGAATGCGCACATT,2798
CGTATATCATGGTGAT,2798
GGAACCAAAAGATAAC,2798
ACTAGTTTTGTGAAAG,2797
ACTCCCTTTTCATTTT,2797
TACCTAAAGACTAGCC,2797
TCGGTACATAAAACCT,2797
TCTCCGCTTATAAAGA,2797
AAGAATACTTACTATA,2796
AAGCACAAGCGACTCG,2796
CTGTCGATATTCAACT,2796
TCATTCCAAGAGAGTA,2796
AGTCGGGGGTGATGAG,2795
CAGATTAACGGAAATC,2795
GCATTAATCACAGGTA,2795
ATCCCGATACGATCGC,2794
ATCTTATTTAACGTTA,2794
CAGTCTTCCGTTACAG,2792
GAATAAACCTCAAACT,2791
GGAGATCTGCTAAGTG,2791
TCTTCCTGCGGAACTA,2790
TTGCACTCCGGGCTGA,2790
AAAAGTAGGTGATCAG,2789
GAGCCACAAACCCATA,2789
TAATTCTAAGATCGGT,2789
CATAGCACTAAGTCCA,2788
GTACCCAAATACCACC,2788
TCCCGGTAAAAAGTTT,2788
TGTTGACGAAACTTAC,2788
CGGCACACGTGGTAGC,2786
GACATCTCAACAATGC,2785
TGAATACAATCATATG,2785
TTATAAAGGCGTAGAG,2785
ATGGCCAAAAGTATAA,2784
ATGATCCGTGGCCGGG,2783
ATGGATAAAAATACGA,2783
ATCATCCCCACTTCAC,2782
TAGACAATTGTAAAAT,2782
TCACAAACCGATACAC,2781
TGAAGCCCCCTAACTA,2781
CCTTATAAATTAATCA,2780
ACCAATATTACATAAG,2778
CTAAGATTGGTAACTC,2778
AAATACATAAAGATAT,2777
AGTTTAACAACCGTAA,2777
ACCCGCATCACTCTCG,2776
AGCTCCAATGTCGGAA,2775
AGGTAATAAATAAAGG,2775
TCAAGAGAAAAACCTA,2775
GTCAGTCGAACGCTGT,2774
CGAACACCTGAATCTT,2773
GTGAACTACTATGGCA,2773
TTCACAAAAGTGTACG,2773
CTTCCTAGTCTGGCTA,2772
TAAGTGAACTGTTACC,2771
AACTAACACAAATCAA,2770
CTGTGAACTCTTCAAA,2770
TCAAACGCAGCATCAA,2770
CAAAACTGCCATCTCG,2769
CAAGTGAGAACAACTG,2768
CTCTTTCAACGGGTAG,2768
GAATTAAATTAAAGGT,2768
GAGTGTGCACACTATG,2768
TATAGAATATTGAGGC,2768
TATGATACTACTCGGT,2768
AAGTGCATAATTAAAA,2767
AATGTATACGGTTCTT,2767
ACAAGCCAACATTCAG,2767
ACCCAGCAATAGATGG,2767
GGGAACTCAACTAATA,2767
TACGATGTATCACAAC,2767
TCGATCCATGAGAAGT,2766
AGTACATATGAAGTCA,2765
ATTCACACTCTTCCAA,2765
TTTCTGCTTAAACGTT,2765
ACCTTAATTAAGCACA,2764
ACTAGTAAATCACAGC,2764
CGCAAAGTGCAAATCC,2764
TAAAAGGTACAGATTC,2764
ACCATTCGTAAGACAT,2763
GCGCTAAACCCTCCAT,2763
TGATTACAAAAAGTAA,2763
CAAGATTATGCGGACG,2762
CTATAACACCGGCAGT,2762
CTATTACGTAGGACAG,2762
TTCTATTATCATGGGC,2762
CTAGTACACTCCTAGT,2761
GAACAACAATCACTTA,2760
TCCCAGAATTGGGCAC,2760
TGATCACTATAGGAAT,2760
CCTACGGCTTAATTTT,2759
AGTCTTCGCTAACATC,2758
CGACCTAGGTGTTCAG,2758
TATTCCATAAACCGTA,2758
ATTTGGGACCCTGAAA,2757
CAAACACAATTTGATT,2757
TGATCCCATCATATGA,2757
TTTTACCGTGCCCAGA,2756
TTGTATGACCCTAAGT,2755
GGCACAAAACCAACTA,2754
TTCACAGACAAGTACA,2753
AAGGATAACCCGTCAT,2752
CACGTGGGAGGTTCTT,2752
AAAGAAGCAACTTTAG,2751
GACAGAGTATAATGTA,2751
GGTAGTACATAATAGC,2750
CATAATATAAATCAGG,2749
GATACCACTCCAAGAC,2749
AAGGCGCAAGAAGTAG,2748
ACAAGCCGAACACATC,2748
ACACATGAATCAGCTG,2748
AGCAGCAGGAGGTGAT,2748
ATTATATACATGTAAC,2748
CTGAACTTAGATTAAT,2748
TCCACGCCCTAACCAA,2748
ACCAACGTGTAGAAAA,2747
AGACTTTCAGACAGTG,2747
CTAAAATCAAAGAAAA,2747
GAAGACCCCCTCATTC,2747
TTACAAATAGAAACAA,2747
AACAGTGTGGATAGAC,2746
TAGATTGGTACATAGA,2746
GATCCTCTGAATAATT,2745
GCAGGCTCCTATTTAC,2745
ACAACTGCACACGTTC,2744
ATTAAATTAGAAATGG,2744
GAAGATTCTCAACAAT,2744
CTAGAGCAAACTGAAT,2743
GACACCGGAACTAAAG,2743
GTAGTCCGCTACCAGA,2743
CATAAAAGATATAAGA,2742
CCCATGTCCACACTAC,2742
CGCCGCCCAATGCCTT,2742
CGTTAAGTCCAAGTCC,2742
CTAAAGATTAACAAGT,2742
GTAATAAGCTTTACGG,2742
TGTGAACTATGATATG,2742
TTACTTCAAATTCGAT,2742
AAAGCTTAGTGGGGGG,2741
AGGCAATTTGCACATC,2741
CACCGGCAAAATTTAG,2741
GCGTTTCATATTCCAA,2741
GGCCGATCTTCCGGTG,2741
GTTTACGAACACTACA,2740
TAAGAAACGCAGGAAA,2740
TCACAAGTGCAAAGCA,2740
AACAACCAAATTGAGT,2738
ACTAGTTTCTACGTAT,2738
GAAGGCTTCAATCACA,2738
AACCAGAACTACTGCA,2737
AACTTGAAACCATAGA,2737
ACATAATCCCTTCAAG,2736
CGATCTCTTAAAACCT,2736
ACGAACGGCTCACTCA,2735
ACAGGGGCCTGATTGC,2734
TCTATCAATATGTGTA,2734
TCTTCCCGAGTACAAG,2734
AAGAACTAACACTTAC,2733
AGAATGTTCGCAAGAT,2732
GAAATTTGTGGAATCG,2732
TGTTATAACAAACTAT,2732
AGATAATTTATATAAA,2731
CAATTCACCAATTGTA,2730
AACTTAAACGCATAAA,2729
AATAGGACAACATTCC,2729
ACAGTAATCCAGCGCT,2728
CCAAGTAATGTAATAC,2728
AAGTCACTTATAGAAA,2727
ATCACGTGAGCAATGG,2727
ATTTCAATTCATTAAC,2726
GGAGTCCAGTCGGCTA,2726
AACCTCGTTGATAAAA,2724
AGGCTCTAGCCCCTTG,2724
AGGGGCACGACGTAGA,2724
TCCCAATGATTGACCC,2723
TCCTGCACAATGTTCA,2723
AGATCAAAAAAAACCT,2722
GAGATACGAACTGGAA,2721
AATAGTCCATATAGAA,2720
TAAAAGCCAAATGACA,2720
GAAATCAGGTTGACGT,2718
AGTATGTACGTTGACC,2717
AACCTAATTAGTGATC,2716
AATAGGGACCATTCGC,2716
GAACTTCGCTTTAACA,2716
GGCGCATTTGCTCCTT,2716
TTAGACAAGTGCGACA,2716
AAAAGGCACCAAGGAA,2714
ATAGATGACTGTTTCC,2714
CATCAACACGAAATGC,2714
AATTCCAACATGGTTA,2713
ATAACAAGATGGTCAA,2713
TACTACCTGCATTCTA,2713
AAGCCGCCAAATCATG,2712
CGATTGACTACGAAAC,2712
CGCTCTGAGTGAAAAA,2712
GCATGCGAAGTAAACA,2712
AAATCTAACAATTCGA,2711
ACAAATTAAATTATAA,2711
AGAACGAGACTATGGG,2711
TTGCTGTAATATAAAA,2711
CCAAAATATGTCGACA,2710
ACAAATCAAAAGAAAA,2709
AGAGTCACTCAGTTAA,2709
CTAGAATGCCACAAAT,2709
GGTTAATGAAATTAAC,2709
TGCAAATGCTCAACAT,2709
CAAAACACCGCGAAGA,2708
CTCCCTTAGCCAGAAC,2708
GATATCTTCCATGCAC,2708
TTAAACTTATATTGCA,2708
GCGGGCTCTCGGGCCA,2707
TGTAATTATAACTGCA,2707
CCAAATCGAAAAGTCC,2706
GAAGCAATATCTGCAT,2706
TTACTCGCCCAACAAG,2706
ACTCTCTCAGGCTGCC,2704
CACTTTACTACGGATT,2704
CATTCTCGCCCGATTG,2704
CGATATCCAAACACTT,2704
CTTAACCCAAAATATT,2704
GGATAGGAAGAAAATA,2704
TAAATATGAATTATTG,2704
TAACCAACAGAGTCGA,2704
AAAAATAACTATAGAA,2703
AGAACGCATGCAGGAT,2703
AGACCTGTAGTTCGAG,2703
AGTATTAACAAACGGC,2703
GCAAACAGCCCGCGCG,2703
CTATACCCGATTCATA,2702
TACAATGAGAGATGTA,2702
TCATGTCTATAGCAGC,2702
ATCAACCCCAAGGGGA,2701
CCAACCCAGAGATTAA,2701
TCATTTCAAATACATA,2701
ACCAGTTATGGGTGTA,2700
GAGTTCATAAATAGAC,2700
TAAACCCCGTTCGGAG,2700
TTTTGCACCTAAACGG,2700
AAACTTAGCGGACGTA,2699
ACCAAAAATTTTACAT,2699
CACGTTGTGTTTAAAC,2699
CTAGACGTGAACTCTA,2699
GGTAAAAAACGTGAAT,2699
TGAGAGAAGTTCTCGT,2699
AGCACCATTTCTTATA,2698
ATACACACCCAAAGGC,2698
GATGTTACCGTGAGAC,2698
TGAGCCCAGCAGTATG,2698
TTAAGGCTTGGATTTT,2698
ACTCAGCTTGCTCTGA,2697
AGCACAGCGTGTGCTG,2697
ATACACACTCGGTAAC,2697
CCATCCTACGGTGTAA,2697
TTCCCCTCTTTCCACC,2697
AGAAAAACTGGACAAT,2696
CCATTCACAAAACTTA,2696
CTCCTTGTATTGTAGA,2696
CTGACCTGCTAACCAG,2696
TAGAACACATTAAGCT,2696
TTAGCTCGACCAACCA,2696
TGCATAAGCAGACTTC,2695
ATTGTACATAAGAGAC,2694
TTATAGCAGGAGCTAA,2693
CAATATATAACCCAGA,2692
GAAAAGAGAAAAATGA,2692
GCCTACCAAAGCTATT,2692
GTGACACTAAATAGTC,2692
TACTGCACAAATGGCC,2692
AGCTTGGTTTGTAACG,2690
CAGGTTACCTAGAGAC,2690
CCATCAGAAGATGAAA,2688
CGACCGACGTAATAAA,2688
AAATTAGGGACTGTAT,2687
CCCAACTCCAACCACG,2687
AAAGGGGTAGTTAGTC,2685
ATAATATCGAGTACGA,2685
CATTATTGCTCGTCAG,2685
CGCAACAAATGACTTC,2685
ACGGCGAAGTCTTAAG,2684
CAGTGATGGATAACCT,2684
AACCCAAGCGCTGGAG,2683
AATTACACTTTATTGG,2683
ATCCAGACCCTATTAC,2683
TACAAAGATATTCTCT,2683
GAGTAAAAATAAAAAA,2682
AAATACCATGTCCGGG,2681
TTAGGTAGATATGATC,2681
ACCTATACTGAATAAG,2680
ATATTGGTGTTTAATT,2680
ATGAGCGTCCGCATGT,2679
TGGAAAACTACTCAAT,2679
CCTGTTCCCCTAAAAT,2678
ACAATAACCCCATCTC,2677
CATTACCTAGAAACAC,2677
GACCGCCAAATAGCCT,2677
GACTCTAAGGAGGAGT,2677
TAAAACATATCCAAGC,2677
TGTCACGCATCTCCAC,2677
AATGAATCACAGGAGC,2676
CTGTCTTCACGTCCTG,2676
TATTATCCTCTTAAAA,2676
TTAAAGATGAATCTCA,2676
AATCATAACGCTGGAG,2675
CTGAAACTACCACCGA,2675
GACGAATTATCTTTAC,2674
AAACATAACTTCACGG,2673
ACTCAGCTGACGATTC,2673
ACTTAGGTTAGCCCCA,2673
ATAATAGGATATCAGC,2673
ACGGTGACAACTGCTT,2672
ACTGCACTAGTACGGC,2672
CCATTACTATGTTAGA,2672
GATCGGGATCTAACCT,2672
GGAAGGAGACTTAGCA,2672
GAGAGACGAACTGAAG,2670
ACCTAAGGCGAGATGA,2669
ACCGAGGAGCACCCCC,2668
GCATGTTAATAGGAGT,2668
GGTTGAACATTTGAAA,2668
TAACCGCGACCAAGCC,2668
TTTCCAGCCAAGCCCC,2668
AAACTAATTAACTAGC,2667
CACCTAAATGCTGAAG,2667
CCGAACGTGACACCAT,2667
AAGTTTAATTTGTTTG,2666
TAACTATGTCTACATT,2666
AGCTTATCATCGCCAA,2665
AGGTCGAACTGAGGAA,2665
CTAAAGCGAGACAGTC,2664
TGGATGTCACCACTAA,2664
CCGTCCGAGAATTAAA,2662
CTTTGTTCTCCATATA,2662
TCTCGTGCTGTGATCA,2662
CAAGTAACACAGATAA,2661
CCAAGACTTAAACTTT,2661
CGCACAACACGATCGC,2660
ACCCGTAGAAATATAC,2659
CCCCTCCAAATAACGT,2659
AGCACCAAAGAAATCC,2658
ATATAAGTGATCTCTA,2658
GATCAGGCACCCACTA,2658
TAGTCAGGAATCTCTA,2658
AAACTGCGTGCCTCAT,2657
ACCATACAGTTGTCGG,2656
CCAGACAGTAAGGTAA,2656
GTCCTGACGGAAGCGC,2656
TACCCTTTTAAATTGA,2656
TGACGCACTTTAAAGC,2656
AACGTTATAAATTACT,2654
GGATATTCAATCTCCA,2654
ACAGTTGAGAAAAATA,2653
ACGTAATGAAGGCATA,2653
TAAACGAAGATACGGA,2653
TTACACAACGAAACCC,2653
AAAACATCGATTTTGC,2652
TTGAACACAAAATTAT,2652
ACTAATGATGTGGTTT,2651
TAGGCTTACGTCCTCG,2651
TTGTGTCACTTAGATT,2651
CATAACCTATAACAAA,2650
ACGGAAATAGGTTCAC,2649
AGCTCTGTAATACCCC,2649
ACTCGTCCTAAATGTA,2648
AGCCATAATAATTGAA,2648
GAATATGATCAATCTA,2647
GTACGGGACGACGTGT,2647
CAACCGGAGATGCGAC,2646
CAATTATATTTCACTC,2646
GAGACAAACGAAATGA,2646
GGGATCTGCCTTAATG,2646
TAATACGTAAATACCA,2646
ACACGCTTCTCAAGAG,2645
CCCGTATGACAAACAA,2645
CGTTGCAACGTGAGGA,2645
GCAATCTGCACTCGCC,2645
ACCATTCAAGTAACGA,2644
TAACTAAAGTACTCAC,2644
AACCCAAACGCCTTCC,2643
ACACTCAGAACGAGCA,2643
TACGACCATCCATGGT,2643
AGCAACACCTCTATGA,2642
CAGAATAATTGCATCA,2642
AATTCCCCCGGCGGGC,2641
GCTGATATAATGCGAG,2641
GGAGGCACCGATGCCT,2641
TAAGGCGACGATTAAG,2641
AAAGCCCACACAAAAT,2640
GCAGCATTGGCGGTCT,2640
TACTAATAAGTGAGCT,2640
TGAGTGTCCAGTATTG,2640
CTACATTAGACTTATC,2639
GTGGAGACTCAAATTA,2639
TAAACACACCCCGAAC,2639
AAATCCTTATCAACTT,2638
ATGGTTCTTGGCCACA,2638
CTCAAAGAATCGACTT,2638
CGTATATTTTCTTAAG,2637
CTAGCACCAGGCTTAT,2637
ATACCAACATTACAGC,2636
GAATAAACCACCCTAA,2636
GCTCCTCCGTTGGAGC,2636
TGCATCGTCAGTGCAC,2636
TGCATGAAATAACTCG,2636
CAGACGTCAAGTTATG,2635
TTTCACGAACTACAAG,2635
GACCGATACGAACATT,2634
GCCAAAAGCCCTTCAC,2634
GCGCCTCTTACGGTAA,2634
TAAAGTCTCTCCTAGA,2634
TTGACGCACAGGAGGA,2633
TTTATGCCATTCTAAA,2633
GACCTAGAGGACCATA,2629
GTCGAGAAGGATACAC,2629
TAAGCCGTACTTATAT,2629
AAAATGAAATTAATTG,2628
AATCTTAAAGGTCTTC,2628
GACTCATATCAAAGTC,2628
TGAAGCTAGTTCAAAG,2628
CAATACAAAATAGACA,2627
TACCCAATTGGATCCA,2627
TGGAAATAATGGCTAC,2627
TGTTAATAACGGTTCC,2627
ATCATATGGAGAAAGC,2626
ATCTACAACGATCAGA,2626
GGAGCAGGGGCCACGT,2626
TATGAATTAGGCTAGC,2626
TTTTCCTGACCGAGAC,2626
GGACCAATGAATTAGT,2625
TAAGCGATACTTTTTC,2625
TCGGGCCTACCTTTTG,2625
TTTACGAGGAACACAG,2625
GAGATTGTTAAACCTA,2623
TCTGAGTTGCTAGTTC,2623
CTAGAGAATGATATAC,2622
CTAGCAAAAGGAATAA,2622
GGAGGAAATTCAATAA,2622
ATTTACATGATCTGGA,2621
GAAAACATAGGAGGGG,2620
TTATAAACGAGCCAGG,2620
CTCCTCCTGTCCCGTA,2619
TTCAACAAACATCTTC,2619
ACGTAACCCCAACCGT,2618
CCGAATACTCCCGAGA,2618
TACGCGTGACTCCAAC,2618
AAATCTCGCGCATGTT,2616
TGATGAAGATCTTTAC,2616
ACCAGGGTAAGCAAAC,2615
CCAGCTACCTTGTACA,2615
GGTGCTCCGAAACGTA,2615
AAATAATCAGCCTTTT,2614
CAACACGATACATAGC,2614
CCATCATCTCCCTGGC,2614
CTCGAAAGAAAAATCC,2614
TCGCCCAATTGTATTT,2614
TCAACCCGTACCGACG,2613
AAAATTTGAAATCTAC,2612
AAACCCAAGCCAATTT,2612
ACTAAATATTTGACAA,2612
ATTCAGATAGTCCTTT,2612
CTTCTTTGTAATTGCC,2612
ACTGGTTAGTGAATCA,2610
CTATGCATTAGACTTC,2610
CTGAGACTACGAGCAT,2610
AAATTGGACCACAAAC,2609
AAGTGGGCAATGTAAG,2609
ACCACATATCCGAAGG,2609
ATCTTCTGGCAAAAAG,2609
GGGACAAGACAACTGT,2609
GACTCCTAAAAAATAG,2608
TAAAATTACTGGAAAG,2608
ACACAAGAACGCGTAC,2606
CAAAAGATTACAATCT,2606
AAGACAATATTATGAC,2605
AGCAGAACAAGGTTGA,2605
CCACGTTTAAAAAGAT,2605
GTCCAAGATTAACCTT,2604
TAGCCCCGCTTTACGT,2604
ACAACACCGCTTTATG,2603
AGCAACTAAACCTCTA,2603
ATGCAAACCATTGTGT,2603
CATTATCCGATATGAG,2603
GAGCTGACATAGCCAT,2603
GCATCGAAGACCTAAA,2603
TGCGCTTATTAAAGGA,2603
AGAACAATATTAATCG,2601
TTGATATGCACCATTA,2601
AAATCACTAACAAGCT,2600
ATAGCAAAGTCTCATT,2600
GGCGCATAGACTACTC,2600
GGTTCAAACACTAGCA,2600
TAATATTGTTTAACTG,2600
TCCCAAGATGTTTAAC,2600
AGCTATTAACGATGCG,2599
ATACTGAACCCACCGC,2599
GTATTAAACTCGACGG,2599
TGATTTCAACTCGAAA,2599
ATGCCTATGCATTAGT,2598
CGATTTAACATCGGAC,2598
GTACCAAGTAAAAAAT,2598
TGAGGACGTCTGACCG,2598
TTAGACTGTTGGAAAA,2598
GGGTCTGAAGTAAGGA,2597
TTCTGCATTTAAGATA,2597
CAATTCGGGCTAATGA,2596
CTAGAAAGAGATGATG,2596
GAAATGCACGTAGTCA,2596
TGCAGACCAAAATAAT,2596
TTAAAGGTCGTATTTA,2596
TTAACATCGATATGAG,2596
AGAAAAAGTCGATGTA,2595
CCAGGTTCTACAACTA,2595
CTCACTAAACATACGA,2595
TGGATATTACAGTATA,2595
ACTGGCAAATAATCTC,2594
GCCAAAATTAGCATGT,2594
GCGAACGCAAGACCAG,2594
ATGTTTAAATTTGATA,2593
TGATTACTTTAAAACT,2593
AAAATGACAAACCGCA,2592
ACTTAATCAAGCAAAG,2592
CGACCTAGGATCGGGG,2592
CTAGAACACGTAAAAG,2592
GAACGTTTTACGATGA,2592
TGATAATTATCTGCAC,2592
CCCCCGAACATCGCAA,2591
GAGGTTATCGCCAAGA,2591
GGTTTTAAGAGTCAGA,2591
CTTTTTAATGAGGTTC,2590
TCCCTGAGTCTACTCA,2590
TGCTTATTTAACGCGA,2590
AATCACCTATGTAGCC,2589
AAAGTAGTTTTCTAGG,2588
TCATCCATATGGGCAA,2588
TCCCTACCAAGCTAAC,2588
GGCAACCGTCACGTAC,2586
CTCACAAGCTAGTCAT,2585
TTAACATTGAAAACCA,2585
GACCTAATACTGAAAC,2584
ACAATACTCCAATTGA,2583
GAGGTAGTATTAAACG,2583
TTATAACCGACCTGCC,2583
GAGACCTACGCCCAAC,2582
TAAGTGACAACAAAGC,2582
TCTGATGAACATCATG,2582
TTAAGAAATTAGTGGT,2582
AATGAACTAGCATACA,2581
ACTGAGTGACAAACCA,2581
ATTGAAAAGATGGTGA,2581
TCAATACCAACTTTCA,2580
AAAAGAAATGGCCTCA,2579
ATCATAGATTCACAAA,2579
GCATAAAACATATAGC,2579
TAAACAACTGACCAAA,2579
TAGGCAATGCATGAAA,2579
AAACGACCGGTGGTCC,2578
CAACAAAATAGACCAT,2578
ATAACAGTAATTAGGT,2577
ATATCCCTCTGAGCCC,2577
GAAGTCCAAATACACA,2576
AGGTATATTGTCTAGA,2575
ATGATACGAAATCTTT,2575
CAAGGGGAGGCACCAT,2575
TGATTCTTATCAGCAT,2575
ACATTACCAAGGATCG,2574
GTAAGACTACATGATG,2574
GTTAAGGTCGGTTTTC,2574
CCATACAGAGCCAGCC,2573
TAAAAATCAGGACGAC,2573
TGAGATGCGAATCGCC,2573
ATCTACAAGCGAAGAC,2572
ATGGCCGATATCCCAA,2572
TTAAAACGAAAAGCTC,2572
AGAAGAAAGTAACGCA,2571
CCGCTGACATACGGCG,2571
CCTATAGAGCTCCTTA,2571
TGCCATGATTGCAGCA,2571
GGCCCATAGTCTTCGC,2570
TTTCAAAGGATGTAAA,2570
AAATGCACAAGGACAA,2569
AGGCGCCTACGGCTCA,2569
CAAATACCACAAATTA,2569
CTAATGTGCAGTCGAG,2569
GCACTCGCTTACATCC,2569
TACCAATAGGACTCGC,2569
TCTGTGGATAAGAAAA,2569
TGAATGAGCCTCATTG,2569
CTTTCAACACCAAGCG,2568
GCACACAATCAATTAA,2568
AGAAAATTATGATATA,2567
CAAGCGGAAAAACCAT,2567
CGTTTACTCAACCGAT,2567
GGAGTCAGATCTCGGA,2567
CAAATGATTAGAGAGA,2566
CTTATACGACACCACT,2566
GACCACCTTGGACGGA,2566
ATTAAGGGTTGAATAG,2565
CTTGTTAAAGAAAAAC,2565
TGGACACAACTTAAGT,2565
TGTTCGGAAGTTATCT,2565
ATGTAGGCTGAGGCCA,2564
GGTAACCCCCAGTGTA,2564
TTAAATACTTATCAAG,2564
TTTGTATCCACGCGCT,2564
CGTCAGAAAAATTTAC,2563
TCGCCTAGCGACAGCA,2563
AAGGACGTCGGAAAAT,2562
CCACATCTTAACATAC,2562
AAACATAAAAATATAC,2561
AGACCAGGTTAAGGGC,2561
CCGATACCACAGAAAA,2560
AAATAATAGTAACGAA,2559
GGACCAGTGTCACAGA,2559
GTAGAGCGATAGAGAC,2559
ATGACTAAACTTACAC,2558
TATTCATGGAAGTCGC,2558
TATTCTTGACCTTATA,2558
AAGTATGTAGACCATT,2557
AATGTTAAGCTGCACC,2557
CATATGCCCTGGCAAA,2557
CTAAGCCAATTACTAT,2557
CTACTCTACTCAAAAT,2557
TCGGACTTTAATGTAA,2557
AAACTATAGATAGATG,2556
ACTCTCATACTTATGA,2556
GGGTGCTATTCGACAT,2556
AGCATAGAGGGCGTTA,2555
TACAGTCATGAATGTA,2555
AACCGCTCACCATCTC,2553
AATTTTCCACAAATAG,2553
ACTTATGGCAGCTCCT,2553
AGCCAGGAAAAAAAGC,2552
TTATGGTGTCGGAACA,2552
GATCACAACACAATGT,2551
TTCAGCCCGGTATTAG,2551
GCACGTGCATATGAGC,2550
TCCGTAAACGCTAGAA,2550
AGAGCAAAACCGCAAG,2549
AGTGATTCCTATGTGA,2549
TAACAATAACTCTTTA,2549
TCAACTAACCAAAGGC,2549
AAGACATCAACGATAC,2548
TTACGGGTAGCCCAAC,2548
AATATACAGGTAAATA,2547
CAGCGTAGATTGGAGC,2547
TAATGATAAAAAGAGC,2547
TTATAAAACAGACAGG,2547
ACAAACTCAGAGAATG,2546
CTGAATTCTATATAAC,2546
GCGATGATCCCCGGAT,2545
CCGATAAAGGCGGAAT,2544
TTAGAAAGCTCAAACG,2544
ACAGAACCCTAGGCGA,2543
ACTACACATAAGGATA,2543
CTATACACATCAATGC,2543
GAACGAACTAGAGCAA,2543
TTAGACCATGTCTTAA,2543
CCACAGACAATCAAAC,2542
GCCCAGTTTCTAACAA,2542
AACGAATTGGTCAGTT,2541
AAGGTTACAGACACCC,2541
AGATGACGACACCACG,2541
CTTCCCAGATTAATAA,2541
GCGGTAACGTGAAAGC,2541
TTAAGGCAGTATCGTT,2541
AACTTTTCAGTTAAGA,2540
CGAAAACATAAGCTAA,2540
GCATATGTCACGAAAG,2540
GGAAGTCGAGAAAAAA,2540
TATCTGGCCCAAATAA,2540
AATATAAAGATAGCGT,2539
GTAACGACCTAAATCA,2539
GTCCCATACCAATTCA,2539
TTCTCTCTTATTAGAA,2539
AGCCATGCCCAATCTT,2538
CGCCCACCTTAACAAT,2537
TTAAGTAGATAACTAT,2537
ATGAACCTATAACAAA,2536
ATTGTACCTAGCTTAA,2536
GGTGCATAACTACCAG,2536
ACTGACTGAGTACTGC,2535
AGATCTTAGAAAGACT,2535
ATGTCACTACTGGTAA,2535
CTATCGCCTCCAACTC,2535
TAAGACCCAAAATAAG,2535
TTGAAAACAACCTAAC,2535
CAGACCATACAGATCA,2534
GTATTCAACAACAAAA,2534
ATCACAAGACCTACGT,2533
ATCCGGAGAATCGATC,2533
CAATACGAAAGGAGAA,2533
TGTCTAGAACCACATA,2533
CAGACTGCGATATGAG,2532
GACCTGACATTCGCAA,2532
CCCCAGGGGCAGCAAC,2531
TAAAAACAGGCTCGAC,2531
AACGCGTCCATCTCTT,2530
ACCAAGATATAAAATA,2530
ACTATCATCATTAACA,2530
TAAAATTATATCATAC,2530
AAATTTTCAGCAGCTT,2529
ACGAAGACTAAGTCGT,2529
AATAAACTAGGATAGC,2528
AGATACTGAAATCAAA,2528
CGTTTGGTCTTCTGTC,2528
GTATACACAAATAGTA,2528
GTGGGTATTATCGGTG,2528
TGGTAGACTGCACAAT,2528
CACCAAGCTCGGATTC,2527
TACGCCTTGTTAACGC,2527
AATAGCAGTAACTCAA,2526
GGCAACACCTATACTT,2526
CGCATCCAACATAGGT,2525
TCCGCTCTACAAACGA,2525
GGTACTCGGACTACTC,2524
TAGTAAGCATATGTAT,2524
AATAATAAAAACATCT,2523
ACCCGGCAAAGTGAAG,2521
ATGAAGGTTATCAACC,2520
GAATGTTCAAATAAGT,2520
GACCCGTAGCACGGCT,2520
GCATAAAAAAAGTCAC,2520
TAAACCGTGCAAATTA,2520
AAGCTAATGTCCGTAA,2519
AGTGAAAATCGGATCA,2519
TCCACGTTAATGGAAA,2519
AAGTTCCTACATAAAT,2518
ACAAGACAAGTGATCT,2518
AATCATGAAAAAATTT,2517
CGTCCCGGAGGTGCGA,2517
TCATATCCCACTCCTA,2517
AAAGGCAAACGGCTAG,2516
GGAGACACATATGAGA,2516
TTCATGCGTAATAAGA,2516
AGGCATGTCATTCTAA,2515
TACGTTCGTAAATGAT,2515
TCCGAGTCTTATTCCA,2515
TGGAACTCCTTCTCAT,2515
AGCCTTTCTCCGCGAG,2514
GTGTTATTTAAGGGCC,2514
ATTTGAGGGCACCGTA,2513
GAACTAGCATAATCTG,2513
TCTACATTGCCAAAAA,2513
TTGACATCTCATAAAC,2513
CTAGCAACACGGAAAT,2512
TTAAGAACTGATAACA,2512
AAGCCTCAAACTTGAC,2511
AGAATAACTGAAAATG,2511
GAAGAACGTCGTAGAG,2511
GAATGTGTAAACACGC,2511
GCAAGTCCGATCGGTA,2511
GGCGTAGCAAAACCTG,2511
TCAACATTAAATATAA,2511
TGCTACGCAGCCCGAG,2511
CACCAGAGAATAACAT,2510
CCATAAGTACTTTGGA,2510
CGCGGCTTAATTTACC,2510
GAGAGCCTCAGTTCGT,2510
TTGAGTATGTAACCTA,2510
TGCGTTGTATTAAAGG,2509
AAACTTTAATTTTCCA,2508
ACTTACATATATTCAA,2508
ATTATACTATGCTGTT,2508
CAACATGAAGAAACGC,2508
CGACAAACAAAAATAC,2508
GCCGTAGGCGATCTTG,2508
AAAATCAGCAAACAAC,2506
AATCTGCGCGAGCTCT,2506
CCTTGAACGTGGATCG,2506
TATCCCGGACCAACAT,2506
AACAAAGTTGATCAAT,2505
ATCGTTAGTGCGAAAG,2505
GGCGGCATTACACAAG,2505
TGAAGATGGTATTGTA,2505
TTACTTTGAATGGACA,2505
AACCCTCTTAAGGTGG,2503
CCCGCATATGCACCTT,2502
GCAGGCGGGACAAAAG,2502
TGACCCTCCAATTTAT,2501
CAAAGAGCCTGTCTCA,2500
TTGTGCTATTAAGACT,2500
AATTTTAGCGTCTATG,2499
CAGAATACAATAGTGA,2499
TTAACCGACCATAGAC,2499
AAATGTCCATGAAGTT,2498
GAATGGGCAAGACAAC,2498
TCCGAAGGTGAAGCGA,2498
GCTTGTGCTAATGGAA,2497
TAACGTCCCACGAATT,2497
ATTCTGGGGAGGCACA,2496
GTGTTATTAAGAGGAA,2496
TTACGACGATAAATGG,2495
CAGCGAGACGATTAGG,2494
CAGCGCAGAAAAGACA,2494
CGTATAATTAGAGCAA,2494
TAAAGGGTTGAAACTT,2494
TTACGTAGCCTGGGCA,2494
TTCTCTTCGCCCAGGT,2494
AAGAACATAGTAGATG,2493
ACATTCAGGACCTAAA,2493
GCCCCCACTAAACCAA,2493
ATCCAAATCATCAAGC,2492
GACTCATTATCTCAAA,2492
AACAAAAAAGAGTGAA,2491
CAACCAATTCCCTATC,2491
CAAGCCCTGAACGGTA,2490
GCTACATATAATAACG,2490
TCCAAACAAGATAAAG,2490
TTCGATACTTCAATAA,2490
ACAGGGTTTAATATAA,2488
ACCCACTCGACATGAA,2488
ATGACTGCTCGTCGGC,2488
GTCAACAATCGGCTTG,2488
ACTGGATCAAATGGAC,2487
TAAATCTCAGAACTTA,2487
TTAAAATCATAGAACG,2487
GACCAGCCACTAGGCC,2486
CGTAGAAGTGTTAACG,2485
GAAACAGCCGCCGTCC,2485
AGCTAGAAAGTCACTA,2483
GAGAGAGATTCAGCGA,2483
GATTGGAGGAATCACC,2483
AGCCCGAACAGCATAG,2482
AGGTATACTACAGCCC,2482
ATAAATTAGGCAAGCG,2482
GATTACGAAATTACAC,2482
AGACCGAAAAAGTAGA,2481
ATCACCCCACGGACGG,2481
ATTAAATTCATTCCTA,2481
ACATTTCGGAGAGTCT,2480
ATATGGAGGAAGATTT,2480
ATAGACCTGAACGCAC,2479
GAAAAGAAATAACACT,2479
TACCAATATTTAATGT,2479
TCGGCTTGGCAAAACC,2479
ACATAACTTTGCCTAA,2478
ACTAAGTGGTCGCAAC,2478
CAAATTGGATTCGTGC,2478
TGCGTTTAGCAACACA,2478
CGTTACAGTCTTTCAT,2477
ACTACGTAGATTCAGT,2476
GAGCTCTTTCTCAGTA,2476
GTAAACAAGTGCCCAT,2476
TATTGAGAGATGGATA,2476
TTAACAACCATCAAGA,2476
AATAAAGCCAACCGTG,2475
AGATAGTAAGGAGGGG,2475
ATTAGACAAATGTCTC,2475
CAACCTGGGACCTAGA,2475
CCAAAAACTCAATGAT,2475
GGCTGTTGCCTACATC,2475
CCGTAGAAATCCGGTC,2474
CTCATTCCATACAACG,2474
CTTGTCTTCCCCGTAA,2474
TTTGATCATAGGGGAA,2474
ATGCAGTATTTCTACA,2473
GAAATACCGAACATTA,2473
TACAAGCTTCAAACGA,2473
TATGACATATAAGTAT,2473
ACGCTCGAAACCGAAT,2472
CGCAGATCACGCTAAT,2472
CTAGCCAGTATCAACT,2471
CTGAGCACTAAGACAT,2471
GTAACCAGAAGAGTAA,2471
AATTCTATGTAGCAAA,2470
ATGTTAAATCGGGAAT,2470
TCCTAGCGACCCGATT,2470
TTTGGACCCGAGGCAG,2470
AACACCCCACCAAGAT,2469
GAAATGACCGGGCAGG,2469
CATGCACATATCTAAC,2468
GTCCACAAAAAACAGA,2468
GCTCCACACAGCAGAG,2467
TTTGGAATTAATCTCG,2467
ACTAGTACTATGACAA,2466
TAAAACTATAACACAC,2466
TAGACGGCTCATAGCG,2465
GACATGAATAAGCAAA,2464
GGGCCGAAGCCATAGT,2464
ATACAACATATCACAG,2463
ATTGGAAATCCGACTA,2463
TAAGATACCAGCGACT,2463
TCGAGAAGATAGAGAC,2463
TCGAGAGAACGAGGTC,2463
AAAAAACGAGTTTGAC,2462
CATGTCGAAGAGGAAA,2462
GGTTGCATACTATAAA,2462
AAGCCCATCTCCTCGC,2461
AGAGTATTTATCAATT,2461
ATCACAGATAATCACA,2461
CATGATTCTAAACAAA,2461
GCCATCCAAACATGTG,2461
GGTTAAATGCACCTAT,2461
TAATTCTACGCCAGGC,2461
TATTCCTATGCAATAT,2461
AAGGGCTTGAGACTTC,2460
CCTAGCGTTGTCAAGG,2460
ACCTACCTAAGCCCTA,2459
GCCATCCTGCCTATGG,2459
TAACTTACGCTATTAC,2459
CAAAAAACTAAGTTTA,2458
CATGAGCATCACAATT,2458
TGTACTAATTAACCTG,2458
AGTAGGTAACTTAAAG,2457
GTCGGGGATACTAAGT,2457
GTCTTCTTTACAATGA,2457
AGGATCTGTGGCTAAC,2456
ATAGATGGTTGACTAC,2456
CCCTTATCGACGTGTG,2456
CTAGAAAACGGATATC,2456
TGCTTATTAAGAATCG,2456
TTATGATCCTCGAACC,2456
CCTTGGGTTATGTGGA,2455
TAGAACAGTTCACACT,2455
ATACGAGATAGTCCGC,2454
GGACCGAGTGGGAAGC,2454
TGACCCTATCTAATCT,2454
TGGTCCACTCTGAGAA,2454
ATAACTCAAACCCGCC,2453
ATAGAAAATTTAAGTG,2453
ATTGCATTTACACCAC,2453
GAATGGCGTAAAATAT,2453
AGTGGGCTCGTCAAGT,2452
CTAAACCAAAGAAATG,2452
CTGACGATAGGCAGTC,2452
TTCAATGCCGCTACTA,2452
AAAAAACAAATAAGAG,2451
AACTGTCGCTTATATT,2451
GTGTAGTAAGAGTTAT,2451
TTCAGCCCCTCAACCC,2451
AGAGAAACGCTTTTTT,2450
AGATATACTTTCCTAA,2450
GGTGTTCCCCAGTGCA,2450
AAGATACCAGAATCTT,2449
GAGTACAGCGAGTATT,2448
TGCGCTACGGGGTAGG,2448
ACAGGTCGGAATACGA,2447
ACGACAAAAACATACC,2447
ATATCTCGAAGTCCCA,2447
CAAGCGGAGCAACAGG,2447
GATTTTACGATGTGTA,2447
GTTGAACAATAACGAA,2447
GCTATAACTAGTATAA,2446
GTAGGTTACTCTGCGA,2446
TAGACCAATGCTCAAT,2446
TGCTATAAAAATCTAT,2446
TGCTATAATACCTACC,2444
TTGATTCGTACCAGGG,2444
AATCCACCGTTAAAAA,2443
TGACCTCTAAAGCGCA,2443
AACGCGTTACCTAATT,2442
TAAAAGAACGAAGTGG,2442
TTGAAATACCTTAACG,2442
AAAAAGTGACAGAATA,2441
AAAACCAGACAAGTTT,2440
CATGGTACCGTGCCAA,2440
GATTCGTGCGGCCACG,2440
TAGATAATCTGGGGGC,2440
AAATTTGATATACAAA,2439
ATGTAAATACTTACCT,2439
TCATAAACTCGGTCAG,2439
TTTAACAATTATAAAT,2438
ACCAAAACGGGCGTAG,2437
AGAAAGATAACGAACA,2437
AAGAACTGAGCAACCA,2436
CTGCCATTACGTATAG,2436
TCTCCACTGCGGGGCC,2436
ACCCACAGATATTAAC,2435
TCTAAGAGTCAAAATG,2435
AAGTGAATACTGTTAT,2434
GAACATGTCAACAATT,2434
AGAGGTATATCTGTGA,2433
ATAAGGGGAGCGAAAA,2433
CGAAATTCATGCAATG,2433
CGCAAAAAATTGCCCA,2433
CTACAAAACTGACAGA,2433
TGTTCAGCCTCAAGAA,2432
AAAGTCACGTGAACAG,2431
ACGCTACCGTCTTTCA,2431
TGAAAAGATCAGCAAT,2431
CAGAGAGCGGCCAAAT,2430
CCTAGGCATTCCTGAT,2430
TAGTTCTTCAAGGGGC,2430
AGCCGGGATTATAAAA,2429
CCGGTCATCATACGCG,2429
TAAAGTAACACAACTT,2428
AATGGAAACAGATATA,2427
ATATTCCAACATAGCC,2427
GCGGAAGACTGATGAT,2427
ATGAGTTACGAACTAA,2426
CTAACCATGCTTGCGA,2426
AGGGCCTGCAAAATTA,2425
CTTACACAGGCGAAAC,2425
GAATTCTATCGAGATC,2425
CTGGCCGCATTAAATA,2424
CAAGTTCGAAACGAAC,2423
AAGCCTCGATATCGAC,2422
CTATTGCTATAACTAA,2422
TTGATACCAGCCAGAA,2422
TTTGAACAGCAATGTA,2422
CACCACCATCCGAGAA,2421
CGCTAGACCTGACCGT,2421
GGACAGAATTTAAGCA,2421
AGCCAATGATTCTACA,2420
CGACTAAGGCGATTTC,2420
GAACAACAAACAACAT,2420
TGAGTTGCTGCCCCGA,2420
TAAACGACAGCTTCTT,2419
GCAACTGTGGGTTCCT,2418
ACACCACACCTCAGAG,2417
TATCATAAAAAATTTA,2417
AATTACCTTGCAAGTT,2416
AATATGGAACACCGCT,2415
ATATTACTGGAGAGTG,2415
GAATTAAACTCAGGGA,2415
GACCCGCATGCATAAA,2415
AACAGAGGACCATGAT,2414
CACCCAGGATTACACA,2414
CTCATACACGATGTTC,2414
TTCGTAAATACTGAGA,2414
TTGGACAAATGCGAAA,2414
GACGGAAGTAAAAAGA,2413
AATACAGAAATATTAA,2412
AATTGACATGTACTCA,2412
ATCGACCTGATCTTTT,2412
CACAACAAAAATACAG,2412
GATTGAACCTGGACCG,2412
AGCCTGATGGATCCGA,2411
ACAAAAGAACAGTAAT,2410
CTGTGACGTGGGAGAA,2410
GTAGCCACACTAGGCA,2410
TCACAATACGAACCTT,2410
ACATAGAGTCCATATA,2409
AAATGAACAGGATTTC,2407
TTACTCTAAATAGTTC,2407
ACTGTTCAGATTTACA,2405
CAAAACAACAAACGCC,2405
CAACTAGTGGGTCCTC,2405
CCATACCATGACGAGG,2405
GGAAACAAAGGCCAAC,2404
AAATCGATGGGATCGT,2403
ACCGGTTCAGCCCCAA,2403
ATAAAATCGAACGCCG,2403
CTCTCGCGAGCTACCT,2403
GACGTACTTCTAATAC,2403
TAGTCCGAAAGCAAAT,2403
AGTAATATTCTGGCAA,2402
AGTTTGCGAGTTTCTA,2402
GTTACAAATAATCTAC,2402
ATTACGCGTTAAAGGA,2401
CGTAAGCCACAAAGTA,2401
TTCGAACGCATACTGT,2401
AAAGAGCACTAAAAAC,2400
AGCATCTTAGTCCTGT,2399
AGGATTATCATACATG,2399
ATACAGCGGCCATAAG,2399
CGCCAGTAAAAGCGTA,2399
GATAATAAAGGCATAG,2399
GATGACAGCAATCATT,2399
AGGACCTAAATCCTAG,2398
ATGCAAGTCATCGAAA,2398
CCAACTGCACACGAAT,2398
GAAGCTTCCCTCGTTA,2398
TAACATACAGTTATCG,2398
AATGTACCTTCTAAAA,2397
ATGCGAAGAGGCATTT,2397
CGCAGAACACGATCCG,2397
TAATCACAACTTAGTG,2397
TAGACAACGAAATGGT,2397
TTCCCCATGGTGGGTG,2397
ATGAAAATGCTTATAC,2396
ATGTATTTAGGAACGA,2395
GACATAATGCATTACA,2395
CTGGCTCACCTACGCT,2394
GTGATAAATACGTTCA,2393
TAATAGGAACATGAGA,2393
ACTTTTAACCCAGCTA,2392
ATTAAGATCCACAAAA,2392
CCGTAAACAGAAGATG,2392
TCGTTTTCTAACATCC,2392
CGCATCCTTTGATATT,2391
GGCATATAGTACAAGT,2391
AAGACCGTCCTTCGAA,2390
GTCATTGGGTCAAAAG,2390
TGTGAACAAACTTCTA,2390
AAACTACCCAGATAAA,2389
CTTAAAATTGATTAAA,2389
TAAGGCTAAGGTACAG,2389
GAGTACTGCCGTACAG,2388
GTACAATACTGCATAA,2388
TGACTGTTATTAATGC,2388
AGAAGTCACCTCTCAG,2387
ATTTTAGGCCGTATAC,2387
AAACATTAGAGCCAAT,2386
CACGCCACCCCTGATT,2386
GCAACTGCAAGGTTAC,2385
CCTCATTACATTATGA,2384
GAAACCGGATGATCAT,2384
TCATTACAGGAATACC,2384
TTACTAACTAAAAGAA,2384
AATGTCCAAGGCATCA,2383
GTGACGAAGGAGAAAG,2383
AGATATATTCGAGAGA,2382
GACGCACTGAAACAGG,2382
GATTCTCTAAACATAT,2382
GCAGTCGCTGACAGGA,2382
ACGGGCGTCCGCGGGA,2381
CACCGAGGATGCGGGT,2381
GTGGTAATTATCTACT,2381
AAAAAAACAAGGCAGG,2380
ACCGATAGATCCGAAT,2380
GTACTATTATACCGCC,2380
ACTATCAGTCAAGATA,2379
CCTTAGGCGGGTTAAT,2379
CGCTCAAAACGTAATT,2379
GAGCACAAGGAACACG,2379
TAACTTTTTAGAAGGC,2379
TCCTATACTCAAAGAG,2379
AATCCGAATCTCAATG,2378
AGGCGATAAGAGATGT,2378
ACACAAATTCTAGCGT,2377
CACATTAATGACTTAC,2377
TAACATATCAACCATG,2377
TTCCCATTCGCGCAAA,2377
AGTGGTATAAAGACCT,2376
CTCTATTATAAAAATG,2376
GCGGGTAATGTCCTCT,2376
TAAAACTTCCTAAAGA,2376
GTGGCGTGGAATACCA,2375
TACCTACGGTAACTAC,2374
AAATAGAAAAAGAAAC,2373
ACAATGCACCGTAATT,2373
CTTACCTGTACTCAAT,2373
ATACATTATGGAATTC,2372
CAATCTGATCCAGAAA,2372
AGAGTAACCTAGACGG,2371
ATCAAATCTAACAATG,2371
CTCCTTGGATTAACCT,2371
TTAATGGGGTAAAACA,2371
AAAACAGGTACTTTTT,2370
AGACGAGATCAAAAAC,2370
ATGATTTACACCTTTG,2370
CCATGCTATTGTCCGA,2370
AATTGACTAAGTACCA,2369
ATACATTTTACAGCGA,2369
ATTGTGGTCCAAATAG,2369
CAGATAATATACGCTC,2369
AACTGGCGCATTTGCT,2368
AGATAAAAATACGAGC,2367
TAGCAACCACTATTTT,2367
TATTCCACAAATCAAA,2367
TCGGTCAACAAAAAGC,2367
TGCATGTTAAAAACGA,2367
TTAAAATGAATTTTAA,2367
AATAATATGGAATTTC,2365
GACCCCCCCACTAACA,2365
CAACAAACAATTGGTT,2364
GTTTAATCAAATGTTT,2364
AGATAAAATCACTGGA,2363
TGATTGCGCAAACCCC,2363
TGGTTCTTATCGAAGC,2363
TTGATAATCCTGCACG,2363
ATCCAAGCCCTCTCTA,2362
ATTACCGTCACTAGAT,2362
GCATTGATCTTACACA,2362
TAAATAGAATATAGTC,2361
TAACTACAATCAATCT,2361
TAATAAACTAAAAACA,2361
AACTAATTGATCACGA,2360
AAGGGTGCTCTAGGCC,2360
GATATGGCGCCCCTAA,2360
GATCGTACAATTTATT,2360
GATTCTATATAAGTGA,2360
GCTTCAGTCGTTGGAT,2360
TATTCATGATTTTCCG,2360
AGGCTCTAACTGTAAT,2359
GAAGAGTTCTATACTA,2359
AAGTATATAGCAAAAT,2358
CCAACCAAAATTATGC,2357
CTAATCAGCCTTTACT,2357
CTTAAATACCTCCCTG,2357
ACAAAAAACAACGTAT,2356
ATTATAGACGTCCTAA,2356
CACGATAGAAAATTGA,2356
ATCCCGACGATATGCA,2355
CGAGTCCACGAATAAA,2355
AATAACAATAATAAAA,2354
TGCACCAACTGCACAA,2353
AGCTGCATTGGCCACC,2352
GCTGCTGGACCTTAAC,2352
TACAAAAAGTAGGGGA,2352
AACAATAGTCCACCAT,2351
CGGCAAGTTTAGAACA,2351
AATTTCCAAAGAAAAG,2350
CAAAATCAAGAGATTA,2350
AAGTACCGATCTGCTT,2349
CGTTCCCAACAGTTTA,2349
TAAGACTCGGGATACT,2349
TTCCGTAGATCTAAAT,2349
GCCCAGCCCATGAAAA,2348
GCCTCGGTGAATCCTC,2348
GGTGCTCTGCGACTCA,2348
AACACCAGGACAAAGG,2347
GCCAATTTGACTTGCA,2347
TCCAGAGAACTATCGA,2346
CGAACACGCTTGTAAC,2344
GAAACTAACAGACTTA,2344
TCTCGTATTAGAAGCA,2344
GTTCCCTACACGCCCA,2343
ATTACCATTATTAAAG,2342
CCCTCTGAAGAACGGA,2342
TGACTAGTGCCGCGTA,2342
TGCAGGGAACCAAAGT,2342
CAATAGCAACATTGCT,2341
GGAGCCATCGAATAAT,2341
CTAACGTATTTACAAA,2340
TACCTACTGGCGACAC,2340
TTGGCGACTTTTATAA,2340
ACTCAAACCACGCTAA,2339
TACCGACACGGCCACC,2339
GGCACGGCAGCGCCAT,2338
GGAGAATCCTTCTTTT,2337
GGGTATCACACATGCA,2337
ATATTACGCCCATCAG,2336
CCGATAAGAGTCGCAC,2335
CGATACACTCAACAAG,2335
GACCAATATCTCATGA,2335
GGATGGAAAGTAATAA,2335
TATACACGGCGTCAGT,2335
TTTCAGCACGAACACA,2335
CGAACATTTAATATCA,2334
CGAGGAAGAGGTTATC,2334
CTGTTTCATAAGTCAT,2333
GAACCAAAAAAGGGGT,2333
GTATGCTCAGGTCAGC,2333
GTATGCCGAGTTAATC,2332
ACCCGCTATGGCCATA,2331
CAAGAATTGAAAAATA,2330
CGGATCTAAAGCAAAT,2330
TAGAAATTAAATATAA,2330
TTCCGACTATGTACGG,2330
ACCCAATACCAGCACA,2329
ATCGCATAAAAGAGTT,2329
CCAAAGGATCGATATA,2329
TCTGTACTGCACAATC,2329
GAGTAAAGACGGTTCT,2328
GTATAACGCTTCCAGA,2328
TGAGTTTATAGCGTAC,2328
TTAGCTTACAGGTCAC,2328
AACACAATTTCATGGA,2327
AACATCAGGAGTGACG,2327
ATATGACCATCGCCGT,2327
GCTTGAAGCAATGCGA,2327
ATTAACTAGTACAGGG,2326
TACCCCTGTAATTGCT,2326
AAAGCGCCTTACTGGA,2325
CTTTAACGTACTTCAA,2325
GATATTGAGCCGCTGA,2325
TCAAATGTGCAAGTTC,2324
AGCGACCTATGGGTAG,2323
CTTGGTCTTACACTTC,2323
GAACACTCATATATTA,2323
GGACTTGTTGGTTAGA,2323
TGGTAAAAAAAAAGAG,2323
GAAAAAATTTTCTTCC,2322
TGAAGATTTACGAACA,2322
AAGGCAAAACCTTATG,2321
AGCTATCTTCATACTT,2321
AGTCTTGCATGACGGA,2320
ATCGAATATTATACGC,2320
GGATGTCTTTAAATGT,2320
CACGGAACAGTCAAGA,2319
TTAATCACCAACAAAA,2319
TTCCGCGTGCAGTGTA,2319
ATAAACCAAGGTGACA,2318
GAGAATGAATATGAAT,2318
TGAGTTTTAAGCTTAG,2318
TTACTCACCATTTTAG,2318
TTTTAAGAAGGATGCT,2318
AACCAACTCACGCAAG,2317
ATAACTGTTTGAAACT,2316
ATATCAACAACACTAG,2316
CAAACACCGTTTAACT,2316
CAAACTCAAATCATAA,2316
CTATGACGATTAGTTA,2316
ATACCCCTTGAGAGTA,2315
ATTAAACGAGACATTT,2315
TAACTCTAAAACCTAC,2315
TCCTAAATAACCCTAT,2315
TCGATCCAAACCTAGT,2315
AGCTAAAACTCGTAGA,2314
CAATCACTGGGTCCTA,2314
AAAAGGTATATTCAAA,2313
CTCATGTCCCCGTGAA,2313
TAACATCACTTCGATA,2313
AACCGTATGAACATAA,2312
AGTCCCGAGGAATTCA,2312
GAGGCCATAAACAACT,2312
GCACGGAACTGGAAAC,2312
TGCTAACCACAACGAA,2312
ATACGAAACACTCAAG,2311
CAAAATACAAAACGCT,2311
CTGTCCAAACCGCAAA,2311
GCTCAATAATCGATTT,2311
TAATATAACAAACATT,2311
GGATACTCCAGAAGCA,2310
TATTCACATTAGAGCA,2310
TTAAACAAAAAAATCA,2310
ACGCAGACAGTTGCTA,2309
TTTACAGCCAATTTAT,2309
ATATAAACAATTACAA,2308
CTCCCACAACACTACT,2308
CGAAGGACTAAAAGCA,2307
GGGCCTAACTGCACAG,2306
AAATGATTAACGTATA,2305
ACAATCATAAAGTTCG,2305
AGCTAAACAGACCAGT,2305
CACTCCTGATAGTCAT,2305
GTACTAGGATCCAAAA,2305
TAATCAACGAGCAAAA,2305
TACACAAAGAGATATT,2305
TCTACTTTTAAGCCTG,2305
TTAGCAAATACTCCAA,2305
AACAGTTGATAGATCT,2304
TTAGAACTAGTCTAAC,2304
CATAATTGAAGTAGTC,2303
CTTTAAAAGATTCTAC,2303
GGCTACTCCCGAATAA,2303
TATTGCACTAGGAGCT,2303
ATCGCAACTCCACATA,2302
GTTAAAGAATTGTCAA,2302
ACACACGCAATAAAAA,2301
ACCACACTTCTCAAGT,2301
CCCGTTAAAAACAGTA,2301
CTGCATGCAAAAATTA,2301
GGTATTTTATCCCTCG,2301
GTAACAAATTGATCTG,2301
CACGGCGTAATCTCTA,2300
GTGACTGAACCCAATC,2300
AATGACCAGAAATAAC,2299
CTCTAATAATGAAATA,2299
CTTGATAAAAGTGGAC,2299
GAAAAACACCCAACGA,2299
GACAGCATCTAGCACT,2298
TGAATATATCAAGCAC,2298
AAGCCGGCCTCTCGCT,2297
CCAAAAGGAGAAACCC,2297
CCTGAATAACTATTAT,2297
AGAAAGAACCCCGCAA,2296
ACGTCAGAACTAAATA,2295
GATCCGGGCGCAAAAA,2295
GTATCATGATAATTCC,2295
GTGATTCAGATTAACG,2295
CGGCCATACAGGATTA,2294
GCGCTGAATGGCGTTC,2294
GGTAACTCCACCTTGA,2294
AAAGTGTGAGAAACTA,2293
AAGAAAAATAAACAAC,2293
AGATCTAAGATATCAA,2293
CGAGCTTTTAAACTTA,2293
GCACGCATAACCCATC,2293
TTTATACGGGACCTCT,2293
TTTCTAATAAGGGTCT,2293
AGTCTAGAAACAAACA,2292
TATCAGTACAAAGGGC,2292
ACCCAATAAGGATCAC,2291
ACCGGAATCCTAACAC,2291
ATACCATCTTTTTTGC,2291
TAACGGCTAATAGACC,2291
AGAATTCTAGCCTAGA,2290
TCGCATAGGCCCGGTG,2290
TGCCCTCGTCTAAAGG,2290
AAATAATTACAAATTC,2289
AATGAACCATGACACT,2289
ACCTGAACTACCTCGT,2289
CACGCCCCCTTACACC,2289
CAGATAAGAAAGTTAA,2289
GAAATAACGAACAGCA,2289
TCGATGCGAGCATGCA,2289
TTTTTAGCTCATCCTA,2289
ATGTACTAAATTGAAG,2288
ATTGTGCGCAAATAAG,2288
TAAAAGTAGACTGAAC,2288
TAACGAAGCAATTTTA,2288
TAATAGTAGCACATTG,2288
ATTCCATACGAATTTA,2286
GGTAATGGCCTCGGGA,2286
AAGTTATACTTTAGTG,2285
ACACTCGTACAAAACG,2285
AGTAGACTCAACGGTA,2285
CAGTCAAACGGTCTAG,2285
TCTTGTATCTCAACAC,2285
AAAAGGTGTCATTGCA,2284
AATGAGCTAGACCCAA,2284
CTCAAAAAATCCCGTG,2284
AAGAAGGGTCGCACAT,2283
ACAAGTTATCGTAAGC,2283
GCTCAGATTATAATTA,2283
TAAACAACTAACGTGA,2283
TAAATTATTCAAAGCG,2283
TCCGCTCTAGGTATGA,2283
AGAACCCATGATGTCA,2282
CCAAGATCTTCATTAA,2282
CCGCTTAGAAATAGTG,2282
GTAGTCAGTAAGAGGT,2282
TGGCGTACCGCAAAAT,2282
AAATAATAAATGTACC,2281
AACCAACAAAACCAAC,2281
AGCACGACTTCTGAGC,2281
CAATCAGACCCTATAT,2281
CACCTACCAAATTTAT,2281
GATAACTGGTGCCAGC,2281
GTCAAATGAATAACAC,2281
CTCATTACGGTGCAAT,2280
GAACGAGAGACCAACA,2280
ACATGAAAATTCTTAA,2279
ACCATAAAGTATACAA,2279
ACGAGTCCGTAATCAA,2279
AGAGCTGGAATTAACA,2279
CGCTATATAAGAACTT,2279
GTTAGTGACTACAAAT,2279
AAATTAAGGAATTGAC,2278
AATCCTGACAGTGCCT,2278
CAACTACCCTTATTTA,2278
CAGTTTAAATTTTATG,2278
TTCCAGTAAAAGAATA,2278
AATGTCAACACCACCA,2277
AGCACAGACTTGAACG,2276
CAAAGTTATTCAAAAA,2276
AAACACATTAACTGTA,2275
CCATACGGTATACCTG,2275
TACGATCATCCGCATA,2275
AATGACTACGATGATA,2274
AGCTGAAGAATAAACT,2274
GACGGGCATATTTCAA,2274
TCGAACGAAATAAAAC,2274
TGTTAAACGAATATGC,2274
AAGCAAAAACTAGAAC,2273
ACCGGAAGAGTAACCA,2273
ATCTGAATACGACATA,2273
ATCTGCACGACATAGA,2273
GGTCGATACAACATGA,2273
AATCTACCAAAAATTT,2272
AGTCTAGATCTCCTAC,2272
ATTAAATAGGACTATG,2272
CGGCCTATTTCGGATT,2272
AAGCGAAAAACTTTAT,2271
CCATGTAACCTTCGAT,2271
CCGCTACGGCCTTCAA,2271
GGCACTAGAAAACTCA,2271
GGTCTCCCTTTACCTG,2271
ATACCATGAATAGCAA,2270
TACTGTAGGAAGCGAG,2270
TGACTAGCGAAATATT,2270
TGCATCAAAATTGACG,2270
ACATGATATATAACTC,2269
ATGCCAAGTTTAAACG,2269
CCCTGCCCAGACAATG,2269
CGGTGATAAAGCGTCT,2269
CTATAAAAATGAATTA,2269
CTCTCCACAGACTTAA,2269
TCCTTTCTCGTTAACT,2269
ACCTAAACGAGTCAAG,2268
TTACGTTAAAAATTTA,2268
TTCTAACCTTAGTAAT,2268
CAAGAACTAGCAATTA,2267
CACGCAAGAAATTACT,2267
AAATTAAAACATATAG,2266
ATCTAGAACACCGTAT,2266
CTGCAAACCGATTTAG,2266
TGTTAAGATTGATTAC,2266
AAGGCAGCAAGATGAG,2265
ATTATTCCAAAACTTA,2265
CTCTGAAGACAAAAGG,2264
TAAGTAATGAGAAAAC,2264
TTACTTTCAAAATATA,2264
ACCAACAATTCTAAGG,2263
CTAATACCCCTATAGG,2263
CTTTGGGAACCCACCA,2263
GATTCAACGGTGAATA,2263
CTCATTCCGGAGAACA,2262
CTTTTCGAATACCTAA,2262
TTGAGTGTCAGCAGAC,2262
TTTTGAAAAGGGCCGA,2262
CCAAGGCTGTCGGACC,2261
AGAGTTGCCATAGAAA,2260
ATCAAACCATCAAAAT,2260
CGAAGCAAACCAATAC,2260
GACAAAAGGAATACTT,2260
AGATGACCTTGATGAC,2259
GAATCAGTGAGTCATC,2259
TAGATCAGATATCAGA,2259
TAGTTTTCCCTTTATC,2259
TCCAATTCCAAATAAA,2259
CAAGAACTAAAACCGA,2258
CTTTATTGATGAACCG,2258
TTCGTTTCTGACTGGT,2258
AAGACCGACACCTAGC,2257
ATCTGCACGAAGCGCG,2257
GGACCCAGAAATCACA,2257
TCGGAGGTTCATAAAG,2257
TGTTAGTAGTCTACCC,2257
TTCACACGGGTTATGA,2257
AAAAAATAGCGGGATG,2256
ACTAAGTCAGCTTAAA,2256
AGCTAATTTGAATGCC,2256
CTCTAAACTGAATTAC,2256
GACTCTGCCCCTATAC,2256
GTTAGTGAATCGGGCT,2256
TGAGAGAACTTGATAC,2256
AGAACTTTATCTATAC,2255
CGACGAACCAAAGCCT,2255
ATGGGGTGCGAAAACT,2254
ATTACAAAATTCCCCG,2254
CTTTAACACACAAATA,2254
ACAGCGAAACAATCGA,2253
TATCGGACCGCTATAT,2253
CATTACGACCCGTCTA,2252
GAAAATCCAGCTGATT,2252
GCACTAATCTCACCAA,2252
AAGCCAACTAAATCAC,2251
ACGAACAAAGAGCAGT,2251
ATATAATGCATAGAGG,2251
CACGTATCCAAACCAA,2251
CTTAATTGCCAGCACG,2251
GGTAAAATCATAGTAT,2251
AAACCTGCCGCAAACA,2250
AAAGGAGTAGAGCACT,2250
TACTAGTCTTAGCCCC,2250
ATGTGATTACTTGCCC,2249
GTAAAAAAAGCATAAA,2249
TAAACAACTGTAGTCA,2249
TTGAATAACCATGTGA,2248
ACATCACGCCCGATCT,2247
CAGAATGGTTGTCTAC,2247
CGAAGGCACAATAATG,2247
ATGTAGAAACATGTGC,2246
CCTATATCCCATGCCT,2246
GATTATGACACAGACT,2245
GGTCTAATCTACCGGC,2245
GTGAACCCTCACTCCA,2243
GTTTTGTTACAGACTA,2243
AATGTACCCCCCTAAT,2242
ATCAGCAGCTTAAGAA,2242
CCAACTATTTCAGGGT,2242
TTGACATTCACAGCAA,2242
ACCTTATTTGCCCACG,2241
ATTAGCCGGAGTTATC,2241
CGGTCCAATAAGAGAA,2240
TGCAAAAAAACTAGAT,2240
ACAATCTGTCAACCTG,2239
AGTTGAGCTCAAACTG,2239
ATCCTTCTCCATGATC,2239
TAGGATTTCACGGAAC,2239
AGGAGAAGGCTCCAAA,2238
ATGAACATACACACAA,2238
CAATAAACATCAAAGC,2238
GCATATTTACGAGCAG,2238
CGACGAAACCCATTTA,2237
CTGACATACTAGAAAC,2237
ACAATGACACTCATAA,2236
ACTTGTGCGCCCTAAA,2236
ATAGAGCTCGTATTAT,2236
CGTCAAGAGGGAATTT,2236
GCAATACCAAATAAAG,2236
TAACAAAGGCACATGG,2236
TTCTAAAGACAAGGTA,2236
AGCTTCATCCCAACTT,2235
AGTATCGACCAATAAG,2235
TTACCAGACCCTATGA,2235
ACACCACCGTCAATTC,2234
CTCCTACTAGCAAATA,2234
CTTCCAGTCCTTTAAT,2234
GTAAAGCAACAAAAGC,2234
TGCAGTGGCGATATCG,2233
TTTCATCAAGCAGTCC,2233
CATCTGCAAACCAACT,2232
TTAAATCCCACAAGAC,2232
AACGTATCCAACTATC,2231
AGACGCTGACAACACA,2231
CCCATCTAATGGGACC,2231
CTTATATACGTTACGT,2231
GAATTAAGCGTCCCTC,2231
GTCCATTTATGCATAA,2231
AGACCATAAAAATATC,2230
TACTATCCGAGCGTTT,2230
TGCATCATGGGATGGT,2230
TGCCAAGAGAGAATGG,2230
AGTACGAATAAGACGT,2229
AAACTATCAGAAATCA,2228
ATGAGAGCCTGAAGCG,2228
ATGGACCGAACGAGGA,2228
CTAATAATATGTGGTT,2228
TCGAGGCGAATGTGTG,2228
AACCATGTAAAAAGAT,2227
ACCCTCAACTCCCTCA,2227
GACCTAATAAACTGAA,2227
TCCCCCCTCCACAGAC,2227
ATCAACCAGGCCACTA,2226
ATCGTACGTGAGACCG,2226
CATAAATTGTTGAACT,2226
CTGCTTTCATTGCAAA,2226
TAGTAATTTTGTACCA,2226
TAGTTCGTCTCATAAG,2226
ACATACTGGCATATGC,2225
ATAAATCATAAAAAGA,2225
CTGGTCCCGAAAATAT,2225
CTTTGGCATTTGATTG,2225
GCACGGCCTAGTTATG,2225
GGATAAACCAGGAGAT,2225
ATCGACAGCATTGTCC,2224
GGCCGATTTATACCCG,2224
CATGTACCGCCCTAAA,2223
GGCTAGCGCTCCGAGC,2223
GTAAGGAATATATACC,2223
GTGAATAATAAAAAAC,2223
TGAAATGACCGTTCGG,2223
AAAGAGCATGCTATTC,2222
CACCCAATAAGAAGAA,2222
GGAAATGACGCTCAAA,2222
TTATTTGCCGACTTTT,2222
CATGGTAAATGCAAGC,2221
GATGGCACTGCCATAA,2221
TTGCAAGAAAATAAGG,2221
AAATGTTTGTAGGCTC,2220
ACGTACATACTTCCTC,2220
ATATAACGAGAACACT,2220
CTCACGAACGTTCCCT,2220
GAATAACGGTACTGAT,2220
TACTATAACAGCTAAT,2220
TATGACCACATAAACC,2220
TTAAACCAATCCCACA,2220
TTTAACCAGTAAAAAT,2218
GATGACGTTTTACGTG,2217
ATGAAAGTTCCTTTGC,2216
AAGCAAACCACCTAGA,2215
AGCACTTATAAAAATC,2215
AAAATCCCTTAAATAC,2214
GGCTAAGGAATCTACT,2214
TAACCAAAATCGCACT,2214
TCCTGAACCGGCACTT,2213
CAAGAGATACGAGACG,2212
TACAGAGCTGAAACAC,2212
AAGAGCATAACTGTAG,2211
CCCAAGCAAGTACTTA,2211
CTCTGATTAGAGGCGA,2211
CTTCGGCAAACTGATC,2211
GTCATTATATCAAAAC,2211
TCTATGACATATTACA,2211
TGTACAACGCTGAACT,2211
GGAAAAAAGCTACCTG,2210
AGCTAAACATAATCTA,2209
ATTATGAAAAGAAAAA,2209
GTATGAGTAATATCTC,2209
AAAACCTTAATAAGTT,2208
TCATACCTAATATACA,2208
ACACAACGAGTCTGTT,2206
CCGTTTTCGGTACCGA,2206
CTCTTACTCCTAGCAT,2206
TAGAAATTTAACATAG,2206
ATCACCGGATCATATT,2205
CAAGTAGCAAAAAGCT,2205
CCCGGTAACTGCTGAT,2205
GCAAACTACCAAAAAA,2205
AAGAAACGTTGACAAG,2204
AAGAGGGCGCTAACGC,2204
AATACATCTAGTCAAA,2204
ATCCCTACATGGATAG,2204
GACTTCCTGTTGGTCA,2204
GATGACATCGTACAAG,2204
TGCTGATTCGTTCAGG,2204
GGCGCCATAATGATTT,2203
AATACGTGAGCTATGA,2202
CACCATTAAACAACGA,2202
CACTTAAAGTAAATCG,2202
CATACTGGTGCTAGTT,2202
CTCAACTATTTAGGAA,2201
GTCTTGGGAGTTGGAT,2201
TCCTCTCTGCAACACG,2201
TTTTAAAGTCCCCCAT,2201
AACGATCCAAGATCAT,2200
CTTCTGATTGAATTAA,2200
TTGAGTAAACCTCGAG,2200
CCGCGAGGATATAAAG,2198
GAACCGTCCTTCCGAA,2198
AGGATTGTTTTTTCGT,2197
ATCATTCCGAAAACAA,2197
ACAGTATAACGCTCTA,2196
ACTAAAATACGCTTAT,2196
CACTTCAACCATGACT,2196
CGAGGATCACCAACTC,2196
TAAGCTGACGTGTCCA,2196
CCCCTTCAACATAGTG,2195
CGATTTAGTCACGGAA,2195
GGAGAGGATCCAATAC,2195
GGATCCTTGTGAAACG,2194
TCTTTAACGAGAAGAG,2194
TGAAATCAATGTAGAC,2194
ATGATGAGATAGTGAC,2193
CTCTAACAAGGAAATC,2193
GAAACCGCCCAATAGT,2193
CATCTCAAAGAATATT,2192
CTAGCATATAAGCTAT,2192
TCCTATTCACGTAATA,2192
TTACGCAGGGAACTCT,2192
AATCCACTAGATGTAC,2191
ATTAAAAGACATTCAA,2191
GGACTTAGAGAGCCCC,2190
TGATTCCAGGGCATAA,2190
ACCGCAGGACTCATTA,2189
TAGTCATCGTACTTGG,2189
AACTTGTGATGAAGAT,2188
GCTTTTACCGTGCAAT,2188
TAAAGCATAAATGATA,2187
GATCGTTAGTATGAGA,2186
GTAATTGTAATTATAT,2186
ACATCGGTATGGGGAC,2185
CTGAGACACAACCCTG,2185
GGTTAGCACATAAAGA,2185
CAATCGAAGCATTAAC,2184
TTATAGCATACACGTA,2184
AGAAGGTAAACTTAAC,2182
CGGACAACATAGTTCC,2182
GCTGTTGAAAAAATAA,2182
TACATCCAGCACGTTT,2182
CGCTTCTACTACAAAT,2181
TGTTAAATAGCAAATA,2181
AATTAATCATCCCAAG,2180
GCTACGTCTAAACATT,2180
ACTAATTTTAAAGACC,2179
ACTTAGAGTCTACACG,2179
AGTTAACAGACTAATC,2179
ATGTCGTATAACGATG,2179
CCCGTACTCACAACCC,2179
GAGTGAATAGGTTCCA,2179
GTGCTACCGAATGCAC,2179
TGATTTATCGTAAATC,2179
ACAATTAAGACTGACT,2178
CAACTATCACCCCAAA,2178
GACCTATGCTTTTGAG,2178
TCCGAGCACCTGATAC,2178
ATTAATAAAAAATCAA,2177
GTTTCACCAATGATCG,2177
TCCGTTCGTATCCTTT,2177
AAAGATTATTTGGACA,2176
AATGACTTAACACGAG,2176
ACACTCGAGGACCATA,2176
ACATTTAACATTGTGA,2176
ACTTCTAAAAATGATA,2176
CAACAGACGGTATGGT,2176
AACGTGGAACTTCTTA,2175
AAAAATAGGGTTCATA,2174
AGACGTATAAAATTCA,2174
ATTAGTATACACCGGA,2174
TCCACTATAACAATTT,2174
AAACGGCTTAACTTAT,2173
ATAATATCAATTTAAG,2172
CATAATCCCCGTCACC,2172
CCCCCGATCTAACTAA,2172
GGCAAACCCGTAAAAG,2172
TGACACCTGAGAAAAT,2172
AACAGACTATGTAAAT,2171
GACGCTAAAAGTAAGG,2171
GCTGTTCTTAGTAACT,2171
TAATATATTTCATGCG,2171
AAACGCGCACATTTTC,2170
AGCGTTGCATTAAAAT,2170
CCATAAAGGGAGAAGT,2170
GAACTGCATTCGTAGG,2169
TTGATTAGTAAACATA,2169
AAGTCATCTACTATGT,2168
AATATCGAAAACAGAA,2168
AGCACTAATGACACGT,2168
GAAGGTATAAATTACA,2167
AAACTATATGTCAGTC,2166
AATTACCCCAGTGCTC,2166
CAACTCCCATCAAAGT,2166
CGGAAAAAAAAACTCG,2166
ATACAAAAACAGAATT,2165
ATCATATTCACTACAA,2165
GGCAACAAACATGTGC,2165
AACAAGACAAAATCAA,2164
AGGACACTAACGCACT,2164
GTAAAGATTCCCAAGC,2163
TAAGTTATGATACTTC,2163
ACCATGACACTCTATC,2162
CGAATACCCAGACTTT,2162
CTCGGGCCATCGTACT,2162
CAAACCTAACATAAAA,2161
GAATTACTGGAAGAGA,2161
TATTATATATTAAAGA,2161
TCGACGGAACATACTG,2161
TGAAAACTGTATACGG,2161
TGTTGCCTGGGAACGC,2161
AGAGTAAGCTAAGACA,2160
GGAAAAAGAAGATTGT,2160
GGCAATTAATTCTTTT,2160
GTCAGGCATACCAACT,2160
TTAAGGACAAACACTT,2160
CACGGATCATGACCGG,2159
CATACCGAATCGAGCA,2159
GAGGGGCATACAAAAG,2159
GGTTAGATCCCCCAAC,2159
AAAACAGTACAAACTA,2158
TAACGGAAGTCCATTT,2158
AACCTGCATTAGAGCG,2157
AAGAGATCGGCAAATC,2157
GCAACTAGGCAAAACA,2157
AAGGATCAAGAATAGT,2156
AGAATCTACAGCCCAA,2156
GTGCAGAAGCACGTTC,2156
TTTAAATAACTTTCTT,2156
CCGCTCTGAGAATATA,2155
GAAAAGTATATTTTGC,2155
AACCCGAAAAACCTAT,2154
CAACTCACCGGGAATT,2154
CCATTACAGTACTCGA,2154
CTCTTACGAGGTATAT,2154
TCCCCCAAGATGAGAC,2154
CGGCAGAAATGCCTTA,2153
GAGAATAGCACCCAAA,2153
TAACCACTACACAAGT,2153
AATGATGAGCCATAAT,2152
ACAAATGGATCCAATA,2152
ACTTCAAATCGCTAAT,2152
GCTTACCAATCGTCAA,2152
AAAAACGAATACCTAT,2151
GCCGAAGATTCGTTAG,2151
AAGTATATGGAATCTT,2150
AGACTAGTCTATCCAC,2150
CGCATTTGATACTTAC,2150
CTAGTCCAGTTCAAGG,2150
ACTTAAGTAATCACCA,2149
CCGTTATGGCGGATAC,2148
TAGTAATGACTAATGC,2148
TATAGCCAATCTAATA,2148
GTGACTTTCAGGCTAC,2147
ACATAGATGCCCACAT,2146
ACTATTAACTGTATAA,2146
CAGGACCCGATCATTG,2146
TGTAAATGGGGTCGGC,2146
ACTCATCCTCACTCAC,2145
ACACCTAATATGCAGA,2144
AGATCAAGCCCTAAAA,2144
ATGCAAACTTAACCGA,2144
TCCGACCTATCTAAGG,2144
AAAAAAAACAAACAAA,2143
ATCCAAGAGTAGATTC,2143
CATAGTACTGAGTTCT,2143
TGACTAAGAAAGATAC,2143
ACATATGGACATATAT,2142
CAAATACCTACATTCC,2142
CCTGGGCGTTTAGAAC,2142
GCTTATCCATAACCGT,2142
GTTAACAACGCCGGGA,2142
TAAGGATCGGTATAAC,2142
AAAAATTGTCCTGTAA,2141
AAATGTTAAGGTGCCC,2141
ATGTCCCTTCGACCAC,2141
TACAAGGTGGTATAGG,2141
ATTGGTTATAGCTGTC,2140
AAATGAGGCTACTACC,2139
CAGGTCATACCAGAAC,2139
CGCGTTTAATGACAGA,2139
AGAAGGAAGCTTCGCA,2138
CATAGAGCCTTACATC,2138
TTGAAAAACAAGAACT,2137
CCAAGATCAAAAAATA,2136
CCCGAATGAAAAACCT,2136
GAAAGATCCTTTAAAA,2136
TGAATTTCTGACTCAA,2136
CTTGACTTTCAGCTAT,2135
AAAACCATTCCAATCC,2134
AAGCGATAAACATGGG,2134
ACACTATCCTATACTA,2134
GGAAGATGCCAAAGGT,2134
TAGCACATAAAAGCTT,2134
AAACCTAAGCCACTAA,2133
AAATACACACAATACA,2133
AGCAAAGGTGGTATAT,2133
ATTTTGAACACAATGC,2133
GCGAAACTAAAATACT,2133
GGGAATGTAGGGGGAA,2132
TAAAACGTATGATTAT,2132
GCGCACCGTCAATTGT,2131
TGAGCAAAATCGAACT,2131
AAGACGTCACGGTTCG,2130
ACACTTCAAACGCCAT,2130
CCATCGGACCATAGGT,2130
GTCAAAGATAATGGCA,2130
AAAAGGAAGTTCTACC,2129
AATTGATCTAGCATAC,2129
GTAAGATCTGTACGTG,2129
TGATGCCTTTTGATTA,2129
TTCATATAGCTGGCAA,2129
ACACGCATCGCACTAC,2128
ACATTTATCCGAAGAA,2128
CCTGTACGTTTATGAA,2128
AAAAAACAGCCACTGC,2127
GACATGCGTATAATCT,2127
AAAACGCCCAACAGAA,2126
ACAGCAACACTGGAAA,2126
AGAAGTCATACCGAGT,2126
GGCTCTTCATTGAATC,2126
TCATACACGAGATGAA,2126
ATACCGTCAGAACATA,2125
CAGAGAATGTACTTAC,2125
CCATACAATGTGAGTG,2125
GAGAGTGATGGATCTG,2125
AGTTCAGCACAAGTGC,2124
CACATCGTGCAACTGA,2124
CTCCATTTTTTACAAG,2124
GATTCAGTTTAACCGA,2124
TATATTGATTAGATTG,2124
ACACCTGATTGAGATG,2123
ATATCCCAACAATAAT,2123
CATTCATTTCAGCTCA,2123
CTGATATTTGTTCGAG,2123
TCGCGTCTGTCCCTAT,2123
TCGTAAGGAATCAGAT,2123
GCACTCTCATGTTCAA,2122
GTCACTATTAAGCATC,2122
AATCCTACGGTACGCA,2121
AATTTCCGCTCTGCTA,2121
ATGCAATCAATACCAC,2121
CTATCTAAAGTTGTAA,2121
TAAGATCCGAAGCCAA,2121
AAAAAATTTTTAAGAG,2120
AGATACACGGAACTAT,2120
ATTACTTAAAAATAGG,2120
CAGCGTTGTTATTACC,2120
TGGGAGTTTTAGGTCA,2120
CTTTAATGTAGCTACG,2119
TAAATTACGCAGGAAA,2119
TAACAAAAAAAAGCCG,2119
CCTGTTAACTTCAAAA,2118
TATATTAACCGCAAAA,2118
AAGATGATACTGGACC,2117
AGATAACATATTACCC,2117
AGCTATGTATTGGATA,2117
CCACCGTTCCCACCCT,2117
CTCAAAAAGAAGAACG,2117
CTGAACGACAGGACAA,2117
AAGGAAAACCCTTCTC,2116
ATGAGTTGTCCAAAAT,2116
TCTGCTGAACCGAACC,2116
AGTATCGCGCCAACTG,2115
ATAAATCACATATCAC,2115
CTCCCTTCCAATAATG,2115
TTTTAAACAAAAAGCT,2115
ACATAATTCTTAATAC,2114
AGTTGTCTAAATATGA,2114
ACAACAATTTCCTTGA,2113
CTAGTTGAGCGACTTA,2112
TCCAGGGATCCGCTAT,2112
GACAACTGAGGCAAGC,2111
CACAATCTAGTTCCTT,2110
CTGAAGAAATGAAGAC,2110
CTTAACCATTCACCGC,2110
GAATCAAATAAAAGGT,2110
CTGTACCTATTAGTCA,2109
GGACAAAACATCCAGG,2109
TATGCTCTGCAACTAC,2109
TCCCGAGAGCTGGCAT,2109
ATAACTAGAGGCAGGC,2108
ATTCTCTACTCGCGAA,2108
CAAACGGAACAGGAAC,2108
CTAATAAGCCAATATT,2108
TCCACAGGAAGCTAAC,2108
AGACTATTTTACACAA,2107
CAGTTTACCAAGTCAA,2107
TACTTAACCCAATACC,2107
TCAATAACACATCCGC,2106
TTGCAGCAAATTATAT,2106
AACCAACTGAATAACA,2104
CAGATAAATGGTAGCA,2104
CCCATTTTCTGAAATA,2104
GCGGTCGAACTGAAGC,2104
AGCCAACTGCCTCAAA,2103
AAGGTGGAGCAATAAA,2102
ACTGTCAATATAGAAT,2102
ATGGGTCATAGAAAAC,2102
GATCAGACCAACTGAA,2102
GCTGAAACTACAGGAT,2102
TGAGCCTAAATTAAAA,2102
TGATTCTCTGTTTTAA,2102
AATGCACGCATGATAG,2101
ACGTCAAGATATTAGT,2101
AGGAAACAAAAGAGAA,2101
TGAATACAGGCCAGTA,2101
CCCGATTCTAGAACCC,2100
TAACGAATGAGTAGAT,2100
ACTAACGAAGAGCGAC,2099
ATGATCCAACATATTA,2099
GCCATGATAAGCCCGT,2099
TGACCGTTGAATATCT,2098
ACGGTGACTTAGGCCC,2097
AGAAAAAAAGACAGAT,2097
AGAACGACACCCGCAC,2097
AACATGAATGGACCGG,2096
AAGCTTCTTAGGCGCC,2096
TATCTATACAACCCAC,2095
TCAATGAAGAAGCTTA,2095
CACCGTAGCAGGCAAG,2094
TACACAGTGGAGCCAA,2094
CACGACTATGATATTA,2093
CGACTATGGCCGTCTA,2093
AGCCGAAGCAAAAAGG,2092
GGAGTTCAGGACCTAG,2092
AAACACAGCATTTTGA,2091
CTGTGCATATCCAAAA,2091
GTAATAAACCCGCTTC,2091
ACTCCCTGTACCTTGT,2090
TAAACTATTCCCTCGA,2090
AGGGCAGACCTTATCA,2089
GTTTGGAGGTACATGA,2089
TGGTTAAAAAGTGAAA,2089
ACACCAAACTACAAGA,2088
AGTCCGCACAAAAGGC,2088
CCGAGTTCATCTGAGG,2088
GTGTTACCGAACCCGG,2088
TAATAGCGACCTTTTC,2088
AGCTTTAACGCCCGCC,2087
CAAACTTGCGAAACCA,2087
TTAAATCTACGGTAAC,2087
ACCAGCAATGGAAGAG,2086
ACCCACAAAATCTTAG,2086
GATATATAATGAAATC,2086
TCCTCATCTAAAATTT,2086
AAAATACAATTCTCAC,2084
GCGTCACATGAATCAT,2084
AATGCCCAAGCGTTTT,2083
ATTATAACATCAAAAA,2083
GTCCAAAGTTACAGAA,2083
TTATGGTAGATATTTA,2083
AGGTTATCTTCGGACC,2082
AGGTGAACCCGTACGC,2081
TAACCCATATGCCATG,2081
AGTATATCAAGTCTCT,2080
CCTGCCCCACTCACAC,2080
CGACACTGTCAAAATA,2080
CTATAGTATAAATCCA,2080
CAGCTAACGTACGTCA,2079
TCAAATTAGCTGGTAA,2079
CATACGGCAAAATAAG,2078
CTATCACGGATTAACT,2078
GAAGAATAAAACCATG,2078
ATCATCGTAAGTTCTT,2077
TATGAATTATTTCGAC,2077
TTGCGATAAATAACAA,2077
ATAGGAAAACATAATA,2076
CAGGCTAATTGGACAT,2075
TATTTTATTACAGAAT,2075
TTACTCAAAATTCACA,2075
TTAGGACGAATAAGAT,2075
AGAACCCCTGCTGGTC,2074
TTATCGAAACCTGACG,2074
GAACAGTTGTATCCAG,2073
AAACCATTATTAAAAC,2072
CATGAGAGACCTGGAT,2072
CGTATCTACCCGAGAA,2072
GTCATGATATAAACAG,2072
TCAAAGTAAAAGAAGG,2072
AGAATAGAAGGCTGCA,2071
ATCGAGCGTGATACCC,2070
GCAGGAGCATCGTATA,2069
GTTGAAAATTCCCTAA,2069
TAACACATTTTAAAAT,2069
TGGGCTTAACTTCCTC,2069
AACCATGAATTAACTC,2068
AAGCTACTAAAGGAGG,2068
ACATCACCCATCCGGG,2068
GGTGCAGCAGCAGAGT,2068
GGACACATATATCAGC,2067
TATCTATTTCTGTGCA,2067
ACACCCATATCACAGA,2066
ACCACCAACAATGAGG,2066
ACGGTGTTAAGACGCT,2066
TCAATGACATAGTAAA,2066
CGCTTATAGTACTCAG,2065
GGTAAAAACCTACACT,2065
TAATAACAGGATAAAC,2065
TAATTCTCTATTCAAA,2064
ACGTTGAGTTTTCCAT,2063
CAATCATAAGCTCGAT,2063
TCCCAGGATCGAATTC,2063
TGATAACACCAGCTAA,2063
AAACACCGAATAAGTC,2062
AAATTGGAAGAGATAT,2062
ACCTCACTTCTGAACC,2062
ATAGCGTGAATGACGC,2062
ATTTCGATAACTCTCA,2062
CGACTACCCCAACAAT,2062
TTAACTGCCAGATCAA,2062
AAATAACAGATAAAAT,2061
CATCTAAGAACGGTTA,2061
GACTCATAGGCTCCCT,2061
AAACTCAAATGCCGAG,2060
AACTATAATAGTTGAA,2060
ATCGCATATAACAACT,2060
CTATAACAAGCAAGAA,2060
CCTGGATTACTGACCA,2059
TATCACTAGACAACTC,2059
TCCGCCAGTTAGTAAC,2059
ACTTGACAATATACTG,2058
CACAACTCTGGTAATA,2058
CACCGGAACTTTAGAT,2058
GACGCATTAAATCCGA,2058
AACAGCCCGGAGTGTC,2057
GTTGATCGTTACAGAT,2057
CACGCTAACATCTGTC,2056
GTATCCACCATACGCC,2056
TTCATACCTCTTATTT,2056
ATCCGGACTTTAACAA,2055
AACGTTTTGGTTAATA,2054
AGTCACACCGAAAATC,2054
ATTGAACAGGATTGGG,2054
AGCGGGGACAAATAGG,2053
CAATCAGCATACATAA,2053
CCGACAAAACTAATCT,2053
GGATGCACCAGTAAAC,2053
GTAATTTTACTACCAT,2053
GTACGATACCCTGAAC,2053
GTTTAAAATGAGCCCG,2053
TCCACCCGAACAATTA,2053
TGCAACAGACCTACAT,2053
CAATTAATAACCCGGT,2052
CTGTACTCATAGGCAG,2051
ATAACAATCAGTAAAA,2050
GCATCCTTACTATGAG,2050
TAAACGCCTACTGAAC,2050
ATATAGACATTGAGAG,2049
ATGTCAGAGACTTATA,2049
ATGTTCTACAACCGGA,2049
CTGAAATGATCAAAGA,2049
GAACTTAGAATTCCTA,2049
TCGTCAATCCTAGCGA,2049
AAGGCATAAACTGCTT,2048
CGTGCCTAGTAATCAT,2048
TCAATTGATACATCCA,2048
AAAAAACAGATGCAGA,2047
AGAAAGGTTTGAAACT,2047
GCTGTGCCTTGTGATA,2047
CCGCATTGTTAAAATA,2046
GTGGCAAAGGAAAACG,2046
TTTTAACGATTCCCGA,2046
AATAAACACCCCTCAT,2045
AATAGACGACGGTGGC,2045
ACACATTATTAATTGT,2045
CCGGTTTAATCACGAC,2045
CTTAAAAACTTTATAA,2045
TGAAAGAACGAGTGTT,2045
CAATACCGCCGCAGGC,2044
GGAAATAAGATGAGGA,2044
ACACAGGCTCTAAGTG,2043
ATCAATTGGACCCGGA,2043
GACTAGGGCTCCCATA,2043
TTAAGTAGAGTCCGAA,2042
GTTAGGGCATGTGTCA,2041
AATAATGACCCAACAA,2040
CCGTCGCCTTATTGGA,2040
CCGTTTTATGAAAACC,2040
CCTACATCGCATCCGT,2040
CTATCAAACAGTACCT,2040
TCAACCATTTGCCTCG,2040
TGAGCTGAAGCTCAGA,2040
AGGCTAGAGGGCCCGT,2039
CAGACATACCATTTGA,2039
CATCCTATTAAAAAAC,2039
GATGCTAATAAACCAA,2039
TAAACAGGAAAAATTG,2039
ATAAACAAATCAGGTG,2038
ATGCTAGAAGAAAGAA,2038
CACCATATAATTAATA,2038
AAATCGTTAAAGTAGG,2037
AGTGTAATCTTCTTAA,2037
GATCACACTAGAATAG,2037
AGTTCCATGGCAACCA,2036
CATGATTTTAGGAAAG,2036
CCAGTCACCTTAAATT,2036
GATCAAAAGATATTTA,2036
GGGTAATAGTATCTGG,2036
TATACCAAGTTAATAG,2036
TCAAGTATACAATGAA,2036
TGACCTAACTCTCATA,2035
AATAGCCACTTACCGC,2034
ATACGCCGATTGAGAT,2034
AAAACCATATGGCAAT,2033
AAATCATGCCTACTAT,2033
CTATTTTCTTAAACGT,2033
TCGGCTCTGAGAACAT,2033
AGACATCATCGCGTAC,2032
CTTACCACAGCTCTGA,2032
GCCCCCTCGCCGGCTT,2032
ACAGATTTGCGCAAGG,2031
GACGCGTACATGCCTG,2031
AAATAGCTATAGGTAT,2029
ATAATGATATCAGGCA,2029
GAAATGAATATAAATT,2029
GTCTTCGAATTAGGAC,2029
AAGTACATAGTATGCC,2028
CAGAACACGGATGACG,2028
TTAATCAATAGTATCC,2028
CGGAGCGCGCGAAGCC,2027
GAGCAGCGGTGGCAAG,2027
GTAAAAGAAAATTAGA,2027
TCAATAAGACCGTTAG,2027
ACATACCGCCTAGAAA,2026
ACTTCTTAGATCAAGG,2026
ATCAAACCCTGCAAAC,2026
ATAACAGAGTAAGAAC,2025
TTCCGCCAGAGTGACT,2025
GATAACTCGTATTATT,2024
ACATCTCATTAGAAAC,2023
CTGCTGGACCAAAAGT,2023
TTTGGAAGCGCCTCTT,2023
AAGCAACATATTACAA,2022
ACCATCTTGTTAGCTG,2022
AGGCATCGTATAAAAC,2022
ATATAACAACGAACCT,2022
ATGGGAGGCTTTGTGT,2022
CCGGCTACCGTGGACC,2022
GCGTAATCATCGACAT,2022
GCGTCCCAGAGCTCGC,2022
TTACACTGTAAGCTCA,2022
ACACAATATCCTATAT,2021
ACAGATTCAACCCTAT,2021
ACTAACGTCGCGCAGT,2021
CAGGATTCATCATTTC,2021
TCCCAGTACTGACAAA,2021
TCGATGAACATTATGA,2021
GATTATGACGATAACT,2020
TAGTACGCAAGATATT,2020
TTAATAGACAAAAGAT,2020
CCCGCGTGCCGCCATA,2019
GGTAGTAACTTCCATA,2019
TCTCTCGGAGCACACT,2019
AAATAATCCGAGTACA,2018
AATTTTCTACCCACCT,2018
CCAGATTAAAAAAGAA,2018
GAATACCACGAGAGCG,2018
TAAACTAAACGGAATT,2018
TAATAATCCCCTACAA,2018
GCATAACAAAAATCAA,2017
TCGACCAGAAGAGCAG,2017
AATATATAAATAGGTA,2016
ACATTAGCAGCTCCAG,2016
ACTAAAGCCGTTGTCA,2016
AGAGATGTAAATGAAA,2016
GCAAAACCTAACATCT,2016
GTTTATTATGTACCTC,2016
TATGCATAACAATAAG,2016
ATGTATGGACACCCCA,2015
CACAACGTCTGTACAG,2015
GGTCTCATATCTAGGG,2015
GTGGAGGCTAATATTC,2015
ACACAGATTTATCGCA,2014
CTTGTGTAAACCTGGA,2014
ACTACTGTGGCATACT,2013
AGGGCTTAAAGAATTC,2013
GTAGAACCCCGTGAAG,2013
TCCCAACATGTTAGAA,2013
ATAAATTAGCGTTCAG,2012
ATATCCCGTGTCAACA,2012
ATATTAATAAACAAAA,2012
CAATTACGTACCATAT,2012
CGGGCCATACGCCAAA,2012
AGAAAAATCATTTCCA,2011
GACCACAAGTTTGCGC,2011
GATAACTTCGCGATAG,2011
AGAAATATAAAGGTCC,2010
ATGTAATAGAAAATGC,2010
CATGTGGGAACGTGAG,2010
GTGACGACTATTAACA,2010
TCGTAACGAATTACGT,2010
ACAAATTAACATAAGT,2009
GAACATAGCTTCCCTG,2009
TAAAAAAACAGGATAA,2009
TGCAAACTCCGTAAAA,2009
GACAGATTGCTTGGGA,2008
ATATTGCACTGCCACT,2007
GGTCCCATTCCGCTCT,2007
CTCTACATACAACGTC,2006
TAAAGAACTACCGAGG,2006
TTAAATATAACTCCAT,2006
TTCAAAGATGAAGCGG,2006
CAAACTAATTATTACG,2005
ACGGAAGATCTCTACA,2004
CGAATCTCGTGAATCC,2004
TCGTCCAGTGTGAATA,2004
AAATCATGGACCAAAT,2003
GAACCCAAAGAAATGG,2003
AAACACAGCCAGGAAA,2002
CCCGCAAGACCAGCAA,2002
TCGCGACCCCGTTCAG,2002
TGCTATATTTACCAGA,2002
TTCCTTCCCACAATAG,2002
AAATAAGGTTACAATA,2001
ACTTAAAAAGATTTTC,2001
GAACTTATACACTAAG,2001
GGGCATTCCGGGCGTC,2001
GGTTGGACAATAGAAG,2001
GTTGAAAACTTTTGTA,2001
TACCGTAACTCAAGAC,2001
TCCAAAATTAACATAT,2001
CCCATACAAATTACAG,2000
CTATTATCTGAAAGAA,2000
GATACTACCTGACAGC,2000
GCGGCCACACACACCC,2000
CCTTTCACTAATTAGA,1999
TCCATCTAATGCAGTT,1999
TTCGAGTATCATATTT,1999
TATTTTTATAACAAGA,1998
AATATATCACCTAAAC,1997
ACTACAAACTGACCAA,1997
ATAAGCCAGCAATAAA,1997
CCAGAGACCACAATTG,1996
CGTTGATATAAATGGA,1996
AATACACAGTGGAGCG,1995
CGAGATGATCGATCCA,1995
CTCTAAGAGTAAGCGC,1995
GGACTAGAACACTAAC,1995
CATATGAGAATCTACA,1994
CCTCGCAAGGAATCCC,1994
TACACCTTTGGGCATA,1994
TCACACGTTTGTAAAG,1994
TCTTAAACTAGACGTT,1994
AAAAAACAACGAGATG,1993
AAATTATACAATTGAA,1993
ATAAAAGTATCAATTG,1993
ATAGAATAGGCATGAG,1993
CCTTCAGCGTGTTTGG,1993
CTCTTTAGGAACTTTA,1993
GAATAAAATGGTCTAG,1993
TCCAAACATGTACACG,1993
TCTACATCGAACAGCA,1993
AGCGTAGCCACTATAA,1992
ATACTCGACACGTAGC,1992
ATAGACCGAAATCGAA,1992
ATATTGTAATAGGAGA,1992
AATAAAAGAGAACTAA,1991
AATATGAGAGGCTAAC,1990
CCAAGTCTCCGCAGGA,1990
GAAGTCAGGCTATTTT,1990
GATAGCACGGCAACCA,1990
GTGCGAGTACATACAA,1990
TATTAATGATTAAAAA,1990
AAAAATTACGTCCAAG,1989
AAAGTATAGACCGAGG,1989
ACAGCCACGCCTATAG,1989
AGTTGCCAGTACTCAA,1989
ATATATGTACTTCATA,1989
CCAACGGAAGAACCAC,1989
CTCGGGCTAATTAACA,1989
CTTTCGACAGTGTTTC,1989
GGAACCCTCCAAGGCC,1989
AAAAGAATCAAATCAT,1988
ACATAATGCCTTTGAA,1988
ACCAAGCAAAAGATCG,1988
ACGGAGATTCGCGCAA,1988
AGGACTCTTACCAATC,1988
TGTTACATCGCATTTG,1988
AGTCCACGCTAAACAT,1987
TTAATGCATACGGATA,1987
AATGATTCTCTTACGA,1986
CTACTCAGTCGGAACG,1986
CTCAGTGAAAATAAAA,1986
AGAATACCGACATCCA,1985
AGCCGATGTCGAGTAC,1985
AGCGAAGAGAACCACT,1985
TACATTCCTATTAACA,1985
ACGAACAGCATCTAAA,1984
CATTACCCATGACAAC,1984
CGAAGAGATTCTATAG,1984
CGGTCAACAAGGGATA,1984
GAAAGTGCACAAATAA,1984
TCTACCAATATCCAAA,1984
TCTTGATAGGTAACGA,1984
AAAGATGCTATGTGAA,1983
GGTATAAGACCAAATC,1983
TTTCACATGGATCCAA,1983
AAATCGACATTAGGAA,1982
CCCCGCTACTATTATT,1982
CAATTGATTAACCATA,1981
ACCTCCGTTAACTAAT,1980
AGATCGACCAAGAAAG,1980
ATATGAGTTCCTGGGG,1980
TGAATCTCAGTATACT,1980
AAAATTTGAAGTATCA,1979
CACGGGAGTCCAACCG,1979
ATAGACTGTAGCACAT,1978
ATATACTGTTGGCCCC,1978
TGACAACAACAAGCTT,1978
TTATAAAAGTGATATA,1978
GAAGCACTAACCATAG,1977
TCTCTCCAATTACCGC,1977
AAAAAAGCACAAATAT,1976
AACTAATACGCACGGA,1976
ACTGAATACTTGTAAG,1976
AGAGATACTCGATAAT,1976
AGGACCCAATGACTAG,1976
GAACAGGGCAGATCTT,1976
GGCGTACACGAGGGGA,1976
GTCCCCTAAACAATCA,1976
ACAGAAAAAGCCTAAG,1975
ATACCAGATAGACTAC,1975
ATTTCACCACCACGCT,1975
CCCGCTGCTAAAGAAC,1975
GCCCTACGCTAAGAGG,1975
GGAACCAGTAAAAACG,1975
TGCGTTGAAAACCCTA,1975
AATTAAAGGTTGAAAT,1974
ACCGGCCCTAATCTGT,1974
GCTAGCTCCAACTAAT,1974
TAGGCGGAGCAGCTAA,1974
AGAAAAGAGCCGTTTA,1973
AGAACAGCTAAATCAA,1973
ATCTTTAACCATCAAT,1973
CATCCCGCGATTTCCA,1973
CTGAAAATGTAGCTAT,1973
TGCATGACAAGATTAA,1973
ACCTCCACTAAGCGGA,1972
TTTAGTCACTCGGGAA,1972
ATTTTCGGAACAACGA,1971
CGGACCCTCAACCCTA,1971
GATCGACATGTATCTA,1971
TCTATGTGACGAGCCA,1971
GATCATCAGAAAACTC,1970
GATTTCTTCGCTGTTT,1970
AGGACTTGAACCTATG,1969
CATGTTATACGATGTA,1969
CGACCTACCAACCATG,1969
TTTAAATCCAAAGAAA,1969
CGAAACTACTGGACAC,1968
GCAATGGGTGCGAAAA,1968
AACGATAAGGCCCACT,1967
AATATCATTTCAACGA,1967
GAAAATTATAAAGGTA,1967
GTGCCTGAACTCATCC,1967
AACTGAGAACGTCAAA,1966
CAATCAAAGCTAAACC,1966
CACGGTTTATAAAGTT,1966
GTCACAGTGGGATCGC,1966
TGTGCAAAGGCTAAAT,1966
ACAGAGAACCCCTCAC,1965
ACATACACCTGCCCAA,1965
ATACAGACTGTGCAGT,1965
AGACCTCGTAGCATAG,1964
ATCACATAAAAAATAT,1964
CCACCAATGGATAATT,1964
GAAAATATTAAAAGTA,1964
GAAATAGGTTATTCTA,1964
TGATTGGTTCATGTCT,1964
CTTTGTAGTAACCTTG,1963
GAAAGATTCATCCCAT,1963
GACATCACTATTCGCC,1963
GTATGGTCACACTCTA,1963
TCAAGAGAGCATTAGA,1963
GAGTTTGATAGTCGAC,1962
GATACCATAACAGCTC,1962
GTAAGAAGCACGATAA,1962
TCCAAATTGTAAAATC,1962
TTACGAAGAACCTAAG,1962
ACTGACATCGATAATT,1961
AGGAATTTGCCGGATC,1961
TGGCACCTTACATGTA,1961
TTTGTCGGTTAGGCTA,1961
CATCCCATCTACCGCT,1960
TATACTGATCAGAATG,1960
AGTACTGTGCAGTCTC,1959
TTACTGAGTGAATTTT,1959
AAATCCTACTTCAGAG,1958
AGATCTAAGCAACCAT,1958
ATGCTAACGAAGAACC,1958
CATTGACGGAACAGTA,1958
GCGGCACCGCTAACTT,1958
AGTACATCGTCAGGTT,1957
ATGCTGATAACCCTAA,1957
GCAAATTCGGATAGAG,1957
TGACTCTATGAGTAAG,1957
TTTTGAGGCTTAAGAT,1957
AAATTAGATTGACTCG,1956
AGTATCCCTTAATCAC,1956
AAACAAATTCAAGCGA,1955
CAACTGTTTTTCTAAC,1955
CAGCGTGCATAAGAAT,1955
CCTCTTAGACCCAACT,1955
GAAAGAACTTAAAAGA,1955
AGCCTGGAGTAAGACC,1954
ATTAACCAGCGTTCTA,1954
TAATACAAGCCAAAAA,1954
TATACCGAGTTACCGT,1954
TGGAACATACCTCCAA,1954
ACCAAAGGATCGGGGT,1953
ACTGTACGTTTTATTT,1953
TAACTCGTTAATATAG,1953
AGCCAACATGATGCTC,1952
TTAGCGACGTTCTGTA,1952
AAATTTGCAACTTTCT,1951
ATTTAAAAAAGGTTAC,1951
GGAAACAAAAATAAGA,1951
TTAATCCTGATTTATA,1951
GTTTACGAACAGAATG,1950
TTTACGAAAAAGACAT,1950
AAAGGTAACACCTCAC,1949
CTGGCGTTACAGTAGA,1949
TATTGGAACAGTAACA,1949
TTCATAATGTGATTCA,1949
TTGAACACCAGCGAGA,1949
CACGCTCACCTATGGT,1948
AAAAATACACCAAAGT,1947
AACGATAGCAGACCTT,1947
AGCTTCCAATAGACTT,1947
ATTACTTATCGTGCAG,1947
AAAACCTTCGAAATAT,1946
AAGCACCGATATGACT,1946
GATTAATAAAAAAAGT,1946
TACTACGGAAATACCG,1946
TCGTGGTAAGACAAAT,1946
ACGTCCGTCATGCAGA,1945
TGACAGGAGCAGCTAA,1945
AAGCAAAAATCACCGC,1944
AGGTTGCAAATAAACA,1944
ATTGAGAAGACCACAA,1944
GACACAAGAATTAGAA,1944
GTTCAAGTTACTCCCA,1944
TCGGCCTACTCCCAAC,1944
TGGACCAAATTATACA,1944
AAACAATGCTTGTCTA,1943
ACATATTGTACCATAA,1943
AGCAAAACAACAAACA,1943
ATAACCGATATGTAGA,1943
CCCTTAAAAGACCATG,1943
GATTGAGCAATGACCC,1943
GGCGTTACAATCTCGC,1943
TACCTCGAGGATAATT,1943
GAAGCCACTAAAAACT,1942
TGTGAACTGGGCCTTT,1941
AATTTATCAATATAAC,1940
AGACCTGTCTATCTAG,1940
CTTCACCTTCACCATG,1940
GCTTAGCCCCCCTGCC,1940
CGCGTGACAACGTGAA,1939
TAGCACTGATCATTTG,1939
TTAGATCAAGGCGTTT,1939
AACGCTCAATTGATAC,1938
AGAAAAACGTTCATTG,1938
ATCGGATGTCTACGAT,1938
CTAGCTACATTGCGAT,1938
GCTCAATCGCAGCCCT,1938
GTGTAAAAATCATAGA,1938
TAAAATACAGACGGCT,1938
AATCCATCGAAAGCAT,1937
ATGCCAGAAGCCCAAT,1937
CTAAACCGGTGTTAGT,1937
GTAACACTGTAATATA,1937
TAAACTGTGTTAGCGA,1937
TAATAAGCAAGTTAAT,1937
TTGTCAGGCTTAAGAC,1937
AAGATTAGGCAATTAA,1936
CAGATGTTATGATCAA,1936
CTCGTGCACTAGCATT,1936
AACCGTGATACATTAC,1935
AATACAATAATTCCAA,1935
ATCGCGGTTCCCCGGA,1935
AAGTTTGAAACAAATC,1933
CGACGGCAGCCCGAGA,1933
CTTGTCGGAAGATTGG,1933
GTCGTCGTCCTAATAA,1933
GAACTAATAAACGAGC,1932
GCGACCTAATAGTGTT,1932
ACACTTATATACTGCC,1931
ACCACGCCTTGATACA,1931
TAATAGGAGGGGGATA,1931
TACGGATCCAAATATA,1931
TTTTGATTAACCAGCA,1931
ACAATGAAGTCCTCTA,1930
AGTATATACATCCTCC,1930
ATAAGACAGAGAGTCA,1930
GCCAGGAGGTAATGGC,1930
GCGCGGGGGGCAATTA,1930
TGACAATGAGCCCAGA,1930
AGAAATGTTGAAACAC,1929
CAACGCGAAGTCTAAA,1929
CGTTCATCGCTGCCCA,1929
TACCAAGAATCTACAC,1929
TCCAACTACGGACAGC,1929
TAGGCACGGTTATGCA,1928
AACTTCAACGTAACGA,1927
AACTTCTAAGACAATG,1927
AGTTTATAAAATCCAT,1927
CATAATATCGCTCTAA,1927
CTCTCGTGAAACCCAT,1927
TTACAATCGCCCAAGA,1927
TTTAAACATCATGGGT,1927
AAAAAACGTCATAAAT,1926
ACCATAAAAAACAAAT,1926
AGTTTTAGCTCACAGT,1926
GACCTATTTATTTCTG,1926
TGCTCACCTCACTTCG,1926
TGTATTACTCTCAAAT,1926
AGTGATTATATAGGCC,1925
ATCGCTCTGAAATTCA,1925
GCTAAGAAATGCTGAC,1925
ATGAGGACCTATCCCT,1924
CCGGTCAGGGCAACGG,1924
CCTATAGACGTACAAA,1924
GTTCGACATAGGGACT,1924
ACAGCGCTACAGCACG,1923
AGTAAGACGAGCCACC,1923
CATTCTAAGCTTGATA,1923
GCCACACAACAGCGTC,1923
GGTCGAGTTCCGACTC,1923
ATAAGGCCTCACAAAA,1922
GAATAAGTTCATAATG,1921
GCTATGAATTTATCCT,1921
GCTGCTTAATGGACAG,1921
TTTAAATTCCGAGCTT,1921
ACAACGAACGTTAATC,1920
TATCAACGCCCCACCC,1920
CTCGATCCACACGAGA,1919
CTCGCTTGAACCAGCG,1919
TCTATCTTATAATTGA,1919
TTCAAGTAAGCACGGA,1919
AATCCCATTTTGTCTT,1918
AATTAGAAAACCCCTT,1918
ACACACAAATATTGTC,1918
ATAAAATACGGTATTT,1918
AAGTGCGTGGGAATAC,1917
CCAACAAACATCCGCT,1917
CCATGAAGTAAGTTAA,1917
GCCACCATAGAAATAA,1917
GTCACAACAAATGACC,1916
AACATGAAAAAAAAAG,1915
AATATAAGAGATCTAT,1915
ACTTACCAAACTCACA,1915
AGTACACCTACGTACT,1915
CGCGCTGTGCGAGCTA,1915
CTCAAGTATAGTACAA,1915
TGTCATAAAACTTGTA,1915
AGAAACTTAGCCAGCG,1914
CACAACCCGTTTTAAA,1914
CATAAAGCGGTTGATA,1914
CGACTCACCAACGTAA,1914
GCAGAGCATTGGCAAG,1914
AATGTTTTACCTTTAT,1913
GATTTGCTAGTAGGTT,1913
TGATTTTATAAGATCG,1913
GCGTAACCGACCACAA,1912
TATTTTTCAAATCATC,1912
ATATGATTAGGACCAC,1911
ATCAAGCTTCAAAACG,1911
CGATCATAATAACCAT,1911
TGTTTTGAAATAATGA,1911
AGTCCAAGACCCCAAG,1910
TAACTGTGAACGCGAT,1910
CGGTAACCGCAGTTTT,1909
AGCGCTCCAATACTAA,1908
CGAGATCGATTGGCCA,1908
CTAAATCTGACATTTA,1908
CAATACTATATTCCTC,1907
TTTAAGAGAACAAATG,1907
CACGGACTCATATACA,1906
TAGGCAGATTAGAGAG,1905
TTAATTGTATGCGTAT,1905
CTAAAAAGCCACATAG,1904
TAAACAATGACAAAAT,1904
TACATAGATCACGTAA,1904
TACCCCCACATGACGA,1904
AAGACATACAGAAAGG,1903
GGTGTCCACGTTCTCT,1903
GTCGTAAAACCAAAAC,1903
TAAATCCTAAATAATC,1903
ATGCTCTTCCCCAATG,1902
GTCATATCAATGCATT,1902
TATTTGAAGTAACAAT,1902
AAGTATATCTCCCAAC,1901
ACGAACGAAGTACATA,1901
ATATAAACATATGAAG,1901
ATCTTACTGATATGCA,1900
CACCACATTAAAGGCT,1900
GCACCTACTTGCGGTG,1900
TCAATACTCATGAACG,1900
AATAAAAACAATTAAC,1899
CGACAATTTAATCCTA,1899
AACAGGGCATAACAGT,1898
TGAATGATTCGTGAAG,1898
GCTATGAAACCCGGTG,1897
GTGGATCACATATATA,1897
ATCATCGCCGGAGCGG,1896
CACTGCCGTGAATAAA,1896
CCCATGGAATTGAGAT,1896
GCCGGTGCCTACTTAT,1896
TGCCTAAAGTGAAATC,1896
TTAATCAAGATAACGA,1896
AATGAAAATGATCGTA,1895
ATCATCTAATAAACAT,1895
CAGCCTTAAACCACGG,1895
GACGTGACAAAATTGC,1895
CACGTTATAACTAACA,1894
TATGGCTGGACACCAA,1894
TAAAGTAACTTAAGTT,1893
GGTTAAGACATCTCCG,1892
AACGCTATCGCGAAGA,1891
ATTTAAACAAGGATTC,1891
ATTTATCGGGAATTCG,1891
AAACATAGAAAATATC,1890
AAAGGGATTACGAAGC,1890
AACATTTCAATTTACG,1890
ATAACTTAATACTCAA,1890
CCTAGCCTTAGGGCAC,1890
CTACTAGCATATGGAA,1890
GCCACGATCACGTTCA,1890
TTATTTAAAAAATCAA,1890
AATGGAAATGAAGGAC,1889
CAGAACCTTTGACCAC,1889
CGCTCGAACCGTGTTT,1889
GATTAACAAACAAAGA,1889
TATCCACCTTAAAAAG,1889
AAAGTTACGCTTCATT,1888
ATATGCCACAATTATC,1888
GCACTACTAAATGCGA,1888
TCCAGAAAGTCTCCTA,1888
AGCGAAAACGGGCTAT,1887
ATTGACTGGACTGATT,1887
CGCAAATACCATTAAA,1887
GGTCCCTGAGTAGATA,1887
TCCGTTAGAGCTCGAT,1887
AAGAGTTGAAACATCG,1886
GAGTATGAAATCTAGC,1886
TAAGGCGAAATTCGGA,1886
AAAAACAGCTAACAAA,1885
AAATGCAATCCCCTTT,1885
ATGGGCTAAATACATC,1885
CTTGTGAATCAAATCT,1885
CCCCTCGAAATAACCG,1884
GGCGCCTCAGTATATC,1884
TGCGAGCCAAGACTAA,1884
AAACAGGTAGACACGC,1883
CTGTTGCCTTGCTCAG,1883
TACCGCTGTGGTTCAA,1883
TCACTACGTTCTGCTA,1883
CAATAGTAACCAAGTT,1882
CCTAATTGCCTAGCCT,1882
GTGCCCACAAAGATCA,1882
TACACTAATATTTTCA,1882
TAGGACCATTCTGCAA,1882
TCTGACGAGTCAAATA,1882
TTGATTCTCCACACCG,1882
ATGCTTCTCTTTAAGA,1881
ATTTTTGATGACAGAG,1881
CCCTGGAAAAATACCA,1881
GCATCAGTTGGCAGGT,1881
TGGACAATACACCGTC,1881
TGTCCAGTATTTTTAG,1881
AAAGGTATATCCTCCT,1880
TATGATCATTCCACGA,1880
TGATAGACGTATCTTA,1880
CAAAATTCATCTAACC,1879
AAAGATGTCAGGTCTA,1878
TTCAGCATTGGATTAA,1878
AACCTGGCTGTGGGAC,1877
GACCCCGTTAACTGAA,1877
TAAAAAAATGCAGAAC,1877
TAACTCAGAATATGGA,1877
TCGAACCGCGCTGCCC,1877
AATTGGTGAACCTGAA,1876
TATTGACCATAATGCA,1876
ATCTCTGGGACTAACC,1875
CACAACACTAGGAAAC,1875
CACACATTACAACCGA,1875
GGCGTGCCTGATTGAT,1875
GGTCTCGAATCGATCT,1875
AACCTCCTATGAAAAG,1874
ATCTGTTATACGTCTC,1874
CACTATAAAATGATTA,1874
CTAGCGATGAGTATTA,1874
GCGCGGATTGTTAACA,1874
AAAGAGATTTAAATCA,1873
CGAGAATCCAAAAATA,1873
CTACGTACTCCTAACG,1873
GAAATAACTATAAATG,1873
AATCAATCCTCACTTA,1872
CAGTATTCCGACCGCT,1872
CCGAGAACGAAACTCA,1872
CGCACAATAAATCGAC,1872
CTAAAAGTTCGATCCA,1872
GACATAATATGTACCA,1872
GAGGACGAGCGCCTTA,1872
GGTTTTTTGTGAAGAG,1872
TAAGCCCTAATCAACT,1872
TCCATATCTGCCCCAA,1872
ACACTGGACCTCCGGG,1871
AGGCGTAAGAAGATAA,1871
CTAACTAAAACTGGTA,1871
GACACATATGACTCGC,1871
GTTGTATTATTCAGAC,1871
TCTGAAAGGGTTGGCA,1871
AGACAGCGTTAGTACG,1870
CTAATCGGGTAACGTC,1870
GACTGTAAAATTCTAA,1870
GTCCTTACATCTATCA,1870
GTTCCATAAGTCATTC,1870
TCCGTTTCCAGTTCCC,1870
CGTGCTCACCGATGCC,1869
TACAATAGGTAGCAAT,1869
TAGCAAACGATCACGG,1869
ACAACGAAGCATCGAA,1868
AGAAAAATCACAGAAC,1868
GAAAGAAATTCCTGGA,1868
CCGAGCACGCCCTGAA,1867
TCTAAGAAATAACATG,1867
AAAAACATTAAGCGAA,1866
GAGAGCTTCAAATGAA,1866
GGGTCATGGTGTTCGA,1866
CCTAAGAGCATGGACT,1865
ATCGTTCGACGATGGC,1864
CAACCGGTTCAAAAAA,1864
CACAAATTACCAAAAT,1864
CTAGTAGATCCCTAAC,1864
CTGAATGTGCTGTTAA,1864
GCTTATAGACAACAAA,1864
GTGATGTTGCCTACAT,1863
TTAGATGCGATTGTTA,1863
ATAGCCTGAATGATAA,1862
CCATAAACCAAAACGG,1862
GCAGTAGTAGCTACAT,1862
GGACACACCCATGCGT,1861
AATGAGCGACGTACAA,1860
ATTTCTCAGCACCCAT,1860
CTATTCTATGTCATTC,1860
AAGTCAGCCAAAAACA,1859
ATACGTCCATTCGGGA,1859
CAGGGTAGCAACCACA,1859
CCGGTGCTTGCCTCTA,1859
CTAGTGCTTGAATAAC,1859
TAACATTTAAAGACAG,1859
TCTAACAAATTTACGA,1859
AGGTAAACAGAGACTA,1857
CGACGATTTTGAACTA,1857
CTGCATAAACACCTAA,1857
AACAAATAGTCCTTTC,1856
ACTCACAGCGGCCTTG,1856
GCGACCACTTGATAAC,1856
CCATTGATTGACGTAC,1855
GTACACGAGTTGGCCT,1855
TGATAAACATAACTTA,1855
AAATCTAATGGATAAC,1854
ACATTGATAGATGGTT,1854
ACTTTCTGTGATACAA,1854
CCCCCTCATACCAGTG,1854
GAATGCACATAAATGG,1854
GCCTCCCACAGCCCGC,1854
TACCGTAACTAGCATG,1854
TTCTATCCTCAAAGTT,1854
TGTCGTCCATTGACTA,1853
TTGCGAGATATGTTCA,1853
ACAGTGGGGTTACTAA,1852
AGTCTTATACCATTCA,1852
ATTAAAATGAACTTGT,1852
CACTTGAACCTCACTA,1852
CGTCAAGTGAACCAAG,1852
CTAAAAATCACGCCGC,1852
TCACCGTTCCTGCGGC,1851
TGTAGTCTGGCTACTC,1851
CCGTCAACAAAAACGC,1850
CCTATCACACGTAACA,1850
ATTGATAACCAGTCCA,1849
GTACATATAAAATCAA,1849
TAAGTTCCCTCTCGAA,1849
ACACCCAGATGGCCTC,1848
ACAGGCCATCTGGTAA,1848
ACTAGTCTCAATAGCT,1848
CCCGATCTAGCACAAC,1848
CTAACCGACTAGGTGC,1848
ATCAAAAGATTTAATA,1847
ATGGCGTATGAGACAA,1847
CCTCAAAAATGAATTA,1847
GGTAGGATAGATTCGT,1847
TTAAACAGACTCTATT,1847
AAGTTGTTACCCGAGA,1846
CATTTAACCTCGACAC,1846
GGATGGAACAGTGTAG,1846
CTACTTAGCGATTGTA,1845
GAATGGCAGCAACAAC,1845
GATAATAAAGATATAA,1845
GTATAAAAACCACCGT,1844
TACATCTATGATAAAG,1844
TACGGTTTTGTCATCA,1844
TCTTTACTCACCAATG,1844
TTTATAAATGTGAATC,1844
AACGTAAAGCTTCCAA,1843
ACGATAGGCTTTCTAT,1843
AGTCTGAGGTATGTGA,1843
CACTTCGTGGACAAGA,1843
CCCGAATATGACTCAA,1843
CGCGTGTGATACCCAG,1843
TTATCCTGTATGAACT,1843
TTTACCGTCACTAAAA,1843
ACGAAGAGAAGCAGCG,1842
CAGGAAACATGAAGAT,1842
CCGATAACTGAAAATA,1842
CGAACATTGGAGTCTT,1842
CGCCCCGAAGTCAAGA,1842
TTGCTACCTTCCAAGT,1842
ACACCTCCTTGTTAAA,1841
ACGATGATGAAAATGA,1841
AGAAATCTGTGTAGTC,1841
ATAGTTTACTTGTGAA,1841
CAAGAGTGGCTGCTTT,1841
CAATTCAGAAGTAGCG,1841
CAGTCAGGCCCGAACG,1841
GACTATATACATTGAA,1841
TGATAATCGCTTTCTA,1841
ACCATTTTGAGCCTGA,1840
CGAGTCGACTGGCTCC,1840
GACCGCTTAAAATCAC,1840
TAACGATACTACAGAC,1840
CAGGAAGAGATTAACA,1839
GAAACGACCCCTAAAA,1839
GATATGCCTGATACGC,1839
GGTTTATTTACCGCTC,1839
GTAAGGTGCCTGAAAC,1839
TCTATCAAAGCACACC,1839
CAGCCAGATACTCCTT,1838
ATAATTGTACCGAGAA,1837
ATCCTTCAACAAAGAG,1837
GGTTCACGGGGAACCG,1837
TCCTGCCGCTGTTAGG,1837
TGATATAGTACAACTC,1837
TTTGCTTTTACTTAGC,1837
GTAGTACTAATTAATA,1836
TTGAGGCGAATGAGCA,1836
AAGATAATATTTAAAG,1835
CCATGCCTAGAAGACA,1835
CGAGCTCAAGCACAAT,1835
GGACTGGCCTGACCTT,1834
TACTCAAATACAGACA,1834
TTGTCATATGAATTGT,1834
ACGAAATATCAATCTA,1833
AGTATAAAATGGCTCA,1833
GATGCCAACGTGGTTA,1833
GCTTAACCGAAGACAC,1833
ACCCCAAGTAGACTAA,1832
ATCGGACCCAAACAAC,1832
TGGCCTTATAAGCACA,1832
AACAAACATACAAAGC,1831
ACAGGAGTCAAAAGAC,1831
CATCGCATACAGACGA,1831
CATTAAGTCAAAGGTT,1831
GTTACAGGCAGTATGA,1831
AGTCAGAGCTGAATTA,1830
CCGGTAAACTCTTTCT,1830
GTAAACTTCGTCCCTT,1830
CACACCTACAGTAACA,1829
AAAAAAATGGTTTAAT,1828
CAGTATTAATAAAGAA,1828
GAGAACATGAATAGAA,1828
TAAGTGATAGTACTAA,1828
AACCCACGCAGGCTTC,1827
ACACATTCAAGAATCT,1827
CACTGACCAACAGAGT,1827
GGAACTAAACACCTGA,1827
TTTCGAAAATTCCACC,1827
AAGGGAGAACCGCAAA,1826
ACACGTATAATACTTA,1826
CCTAGAGATACGCCAC,1826
CGACTCGTCTCGGTGG,1826
TTTCAACTGGGCGAGG,1826
AGTAAAGTGTACAAAG,1825
ATAACCCAATAACGTA,1825
GCAGGACTCTTCGACA,1825
GTTTGCCCACCCAAAC,1824
GAAACACTATGCAATT,1823
AAGTTTGAACAAATAG,1822
ATGACTTGCGACTGCA,1822
CACATGAGACGCTCAT,1822
CAGCTCACGTGCTCGG,1822
TGTCGACCGGACCTAA,1822
TTTGTAGCCTTACATT,1822
AAATCTACAGCTCATT,1821
AACCAGAACAGGATAG,1821
CAAATATGCAATTCTC,1821
GAAGGCATGGAATGCA,1821
AATACAGAATGGTGAA,1820
GAGGCAATACAAGTTT,1820
TACATAATGAGCCATA,1820
TCGTTACACACTTTTC,1820
TTAAAACGTAAGGTCG,1820
TTAAAATCACTTAACC,1820
AATCCATACCCCCAAG,1819
ATAGCAAAACTTTTAA,1819
CCCAATACCTTTTCGG,1819
GAATAACTTCTAAACT,1819
TAAATCCCCGTCAGCA,1819
TACAAGTTACCGACAG,1819
TTCTCTCAGGACAGGC,1819
AGTTTTAAAGAGGTGA,1818
CGCGAACCAGACTAGC,1818
CGTAATCCGGCATATG,1818
GAGTGTGCCACAACCT,1818
ATCTCTTTCCGAACGT,1817
CGACAGGACGTAGATA,1817
GGCCCATCTGTAAAAT,1817
GTACCGCAACACACAA,1817
AACAACTGACGCATGA,1816
AACCGTCAACGACCCG,1816
ACGGTCTTGCGAGAGG,1816
AGTACTAACCGATTCA,1816
ATCATTGTATCGGTAC,1816
CAGGTGGCGAGGAGTT,1816
CTGGTGAATAAGCTTA,1816
GAAACTAATCCAACGA,1816
GCTAAACCTAAAAGTA,1816
TCAAAAGCAAAACACG,1816
TTCACGTCACATTAAA,1816
ACCAAGGGTACGCGGC,1815
CGAACAAAAAAATAGG,1815
TATACAAGAACCAACA,1815
TCTGGAACTGACCAAA,1815
TTAAAGCCGATAATGG,1815
AAACAAGATACCTGGC,1814
CCGAATGATAAAGTAG,1814
ACTACTAGGGCCTCAT,1813
AGCCGATACGCCGGAT,1813
TCTGCATTAGTACCAC,1813
AAGATCACCACGTCCT,1812
CCTGCTTGTTAGTTCA,1812
GCTTGAGATTTTAGCA,1812
GTAACACTAATCATCA,1812
AAAACATAAAGTCCGA,1811
ATTCACAACAATAAAA,1811
CAAAAAGCAACGATAG,1811
GACAATACAAATGATT,1811
TCATACCCGTGAATTG,1811
AAGGAGACCGACTCGT,1810
ATATGTACCTCGGATG,1810
GATATTAACATATTCC,1810
TAGAAGTCCCCCAACA,1810
TTAATGAGCATCTCGT,1810
TTACCGAACATATAAT,1810
AAAAGTTCACAAATAA,1809
ATCCAAAAACAATAAA,1809
CATCTGTAATCTAGCT,1809
GATCACGAGAAATCAT,1809
GCAGGATAGCACACAG,1809
AGCTTAAAACATCTCA,1808
CTACGATAAAACATAA,1808
GTCGGTAATTCTATCA,1808
TACCAGCAGTCTTGTT,1808
TTACATCTATGCTTTC,1808
ACCAAAATTCCAGTCT,1807
ACGAGATAACCAGATT,1807
ACGCTATGTCACATGA,1807
AGATGTCATACATTTT,1807
AGTTCTAACATTCTGT,1807
CCATCTGCCTATGCAG,1807
CTTAGCATGGCAAGAC,1807
CTTTATACTTAAGGAA,1807
TGACCTACGTTGACCC,1807
AAGTAGTAAGAGCTGC,1806
AGAAAGGTTCAACATG,1806
AGATGTAGAAGCAAAT,1806
TCTGTCCTTAAAAGAG,1806
CGCCTAAACGAAGTTT,1805
CTGGAACCAACGGAAT,1805
GAGACCGGGATGGGCT,1805
AAAATATCCTGACCAT,1804
AACTCTGACTTAACCC,1804
ATATACACAAATAATT,1804
GATGCGCGCTCCATCA,1804
TTTATAACTGATAACA,1804
GGGTACATCAGCGATG,1803
TAGAACTAGATAGCCA,1803
AGTACAAGAAATGGCT,1801
CAAAACCCCTCACCTG,1801
TACTAACGCAAAAGTG,1801
AAAGATTGATAGTCAG,1800
AGGGGCTAATCGTCAA,1800
CAAGCCAAAACTTGAA,1800
TATGTTAAGCACGTAT,1800
AGTTACAACAAAGATC,1799
ATATCTAGTCAAATCA,1799
TTATTATAAGAGAAAA,1799
AATTCTAAATTCTAAG,1798
GGTTAAAACACCCAAA,1798
GTATCTACGAGCAAAC,1798
TCACTCAATTCTGAAG,1798
ACTGAAGTGAATATAC,1797
CGGAGTGACCGCAGTA,1797
CTAAATTCGGTTAAAA,1797
CTCCCACAACGCGTTC,1797
CTCGACTTCTGAAGCC,1797
GACTATAACATTTAGT,1797
GAGTCTAACACTATAT,1797
GGAATCTAGTAGATTC,1797
GTGAGTTACACAAAAC,1797
AACGTGAAAATCGTGA,1796
CTTCAGTGTTTTAATT,1796
GGAAAACTATATAAGC,1796
TGAGAAAATGAGATAA,1796
CAAAGGACTCTCATAT,1795
TAAAGTCAATTTCACA,1795
AAAATGTGCACCTCCA,1794
AAACTGTAATTTTGAA,1794
AATCCCAATGACCTCT,1794
AATCCTTCCGAGTGAT,1794
GATACATTACGAACTG,1794
CTACGTACCTATAAGC,1793
ACCGGTACCCATTAGA,1792
CCTCCCGATATATATC,1792
GAACCCAACAGAATCC,1792
TAACCGCAATCACGCC,1792
TACCGAACCAACTTAT,1792
TTGCAAGATAACACAA,1792
AAAACCTTTATTACGA,1791
ACGTCAAGCATCAGTC,1791
AGAAAGAATATGTTTT,1791
CCATAAGATTTAACTT,1791
TTCATTTGGCCACTCC,1791
AATTGCCTATCCCCTC,1790
AGACCTTGCTGGAATC,1790
ATGTGGCGACCAAATA,1790
GACAATATCATCCGAG,1790
AATTGAGTCTTTAGTC,1789
ACTTAGAAATCTTGAA,1789
ATACGCTAGAATACGC,1789
GATGAATAAAAAGACT,1789
TGGAATACATACCAGC,1789
ACCAAACAACTCAGTA,1788
CAAAACACCCGGATAC,1788
CGGACACAACTAGTGT,1788
TCCATCCTTGCACTTG,1788
TATAACAATATAGATG,1787
ACCGAGTCGATTCATC,1786
CGAATATTTAGAGAAC,1786
CGATCTCCCTAGGAAT,1786
CTAGATAAATAATAGA,1786
AACACGCTGAACCCGA,1785
ACCAGCGCAATAGTCC,1785
ATATGATCAGGAGTGA,1784
ACCCTTCTATCAGATA,1783
CTAAGCCGAAGACGCA,1783
ATACAGGTGCCGTAAG,1782
GATCAAATACCTACAT,1782
GCACTTATCGCTGGCC,1782
GCATATTTGTAATTGT,1782
GTTACGTTTGTTCTAT,1782
TATTATAGGAAATCAT,1782
ATAGAGCGAGTAGAAT,1781
CATCGTTTTACGTAGC,1781
CATGACTCGATCAGCC,1781
CTACGCACAATTGGTA,1781
TCTGATCCAGTTGTTG,1781
TGAGAAGACAAATCTG,1781
AAGGAAAACAAACATC,1780
AATGAATGAGCCAACT,1780
ACTAAACGCTACCCGA,1780
ACTTGTGACAAGGGCA,1780
CGAAAGACCATCTGAA,1780
GAGGTATATTTACACG,1780
AAAGCTAGGCCGCAAA,1779
CCAGCACCGACAAGCC,1779
GACGAAACCAACCTAG,1779
GACTTTTCTATTCATT,1779
GATAAGATGTATATGC,1779
GTTGAACTTGGCTCCA,1779
TGACAGGACCAGGCGA,1779
CCACTGAAATTACAAG,1778
AATCTACGTATGGACT,1777
ATACGGAAATTAATAT,1777
CCTACGAACTATTCCA,1777
CTACGGCCTTAATGTA,1777
TTAAATCTCACAGTAT,1777
AAAAGTGCAGGCCCTT,1776
CGAACTACTTATACAG,1776
CTAACTGCGCAAATAG,1776
GGAAAAATAGCGACCG,1776
TACAGGTGTGACACCT,1776
TCGTCTTCACAGTAAC,1776
CATACAGATGGTTCCA,1775
GCGACTACAAAAGCCT,1775
ACTCATCGCAGCCGAT,1774
AGTTCCACGCTAACGC,1774
CAATACGCCTCCTAAA,1774
TCTAAGCAACGGACAA,1774
TGTTGCACCCAATGGA,1774
AATATATAAGCCCCCA,1773
AGATATAAATCTCTCC,1773
AGTAGCCAAAGGGTAG,1773
TCCCAGCCAATTACCA,1773
CTTAAACAAAAACTTC,1772
TGCATATGAGAAGTGA,1772
GAGATTGAGTGTAAGC,1771
AGGCACAAGGCGAGTT,1770
CTCAACCGGAATTTAT,1770
GGAATCCACTACGTCA,1770
GGAGTGTTACAACCAC,1770
TGACTACATTCCACCG,1770
AAAAAAACAGACATAA,1769
ACGAACCCAGAAGGAG,1769
CGTCATTTCCTGGCAA,1769
GGTATTGGATATAATA,1769
TGTAAACCCACAAGAC,1769
TTAAGTACCCAAAGAT,1769
AACCTGCTCAGTGCCT,1768
CCAACAACTGTACCAA,1768
CCTCCTGCCGGTAAAG,1768
ATCCGCGGCAGTACTT,1767
TAGATTAGATGCTCAA,1767
ATATCGCCTGAATCAA,1766
ATCTAGACGACTCTAC,1766
GTATGCGTATAGTAAA,1766
AAGCATCGTTTCGAGT,1765
CCCCTGTGCTATCTGC,1765
TCATCTTGTAAGAGAT,1765
CCCCAGAGAATCACAT,1764
CTAATTACTCGAGTTA,1764
GAATGTCTCACAAAGT,1764
TATTCCATCGTCCGGC,1764
TGAAGATCACAACAAA,1764
ACTTAAAAAAACACCC,1763
CTAACCCTCATCCCTT,1763
CTAGGTATACCCTCAA,1763
GTATGACGAATATTAT,1763
TAATCGTTAATTGTAC,1763
TCGTTAGATAGCTGCA,1763
ACATTAGATAAAGCAC,1762
ACCGGATACGAACTTT,1762
CATGTGAAACTTTGCA,1762
CGCAGAAGGAGCCAGA,1762
GATTGTTAAGGAAAGA,1762
TCGGGGACTTCCTACC,1762
TTGCTGAATACCACAA,1762
AAAGGACCCCTATAAA,1761
CGACCAGAGTACAATG,1761
AGCCCATCCAATACAT,1760
CACCTACTAATAAGTT,1760
CCAAGGTCTCATGGAA,1760
TACTCAATCCTAGACC,1760
ACGCTACAATAGTCAT,1759
AGGAGCTTGTAGATTT,1759
ATACCTAGAATTGACA,1759
CTTACACGAGAGAGAA,1759
TGGGCAAAATGCATGC,1759
ACAAGAGATCTGAGAC,1758
ACCATGCTATGGTCTC,1758
TTGCGTCTTAAAAGAC,1758
ACACAGCACTTATGCA,1757
ACTACTGGTTTCGGAA,1757
AGATAATTTCTAATAC,1757
CAGCCTTAGTACAGCC,1757
CATGACTAGGTGAAGA,1757
CCGTGGTTAGAAAAAA,1757
CTAACGATCAGCCAAG,1757
CTCCGAGATGTCAATG,1757
ACCCTTAATAACTTAT,1756
ACGGTGGGTTAAATCA,1756
CAGACATATGGGAAGC,1756
TTACTCTGAATCAATT,1756
AAATGACCGGATTAAT,1755
CCAGTACTAAGAGAAA,1755
GACAGCCCGGAATAGC,1755
GCGTAGTAACTTAGCC,1755
TATTCATCAAATAATT,1755
TTCACCGAACAGATGA,1755
CCCTCCCTTGGTACAC,1754
GAAACAAATAGATCTA,1753
GCGCCACTTTAGCAAC,1753
TGCGCGAGTCTAATAA,1753
TTATGGGAAATCGGTC,1753
TTCAAATCAAGAAAAC,1753
AGTCAAGATAGTTCGT,1752
GAGTCACTTAACAATT,1752
TATTGCCATCTAAAGG,1752
TCTCCAGCCGTCTTCA,1752
GCGGATTGCATTAAAT,1751
GTAGAGGAATTGGTCA,1751
ACAGACTCACGAACGC,1750
ACCTCTTCTACGGGGA,1750
GAACGGAATAACAATA,1750
AAGCATTGATTTAGAG,1749
ATTACAACAAGCCTGA,1749
GACGTAAAGGAAGAGA,1749
GGCTAAGACGTTATAC,1749
TTAAATACCCAAAATA,1749
AATCAAATTAGTATCC,1748
ACAAAAAAAAGCTGGT,1748
CTACCTCTTCCTTTCA,1748
TCGGACTAGGCAACGA,1748
AAATAATAATTAGTAT,1747
ACTAGCTTCTTACGAA,1747
CTAGAGTTTTTACTTA,1747
CTAAAGGATAGCACAT,1746
TATTTGTATTCTACGG,1746
ACTTCGGTACAGGGCT,1745
TTTCGTAATCATAAAC,1745
GGGACTAGTCACCTAT,1743
TACTCAAATGGAGTGA,1743
TGAATGGGAACACCAG,1743
TTAGAAAATGTAAAAC,1743
TTTAACTCGCCAACAC,1743
AGGTTGATACCCGGAT,1742
CAAGCTCGTAGTCATA,1742
GATGCACCAGTATAAG,1742
TAACCAAATATACCAA,1742
ACATTGCCTTCTGGAT,1741
ACGTCGTTCTTCCGGA,1741
AATATACGTTGGACCT,1740
ACTTTACCATAGTTTA,1740
CGGTTCTGCCAGTAAA,1740
GCCAACCAATAACAAT,1740
AACTTAGCAGTAAGCG,1739
ATTGTCCCAGTTCTTA,1739
CGTGAAACTGTCAAAG,1739
TTGGTTCACTTAATAA,1739
AACTTTCCTACTACGC,1738
ACCTGACTCCATATTC,1738
ATTAAAACAAATAAAT,1738
GATTGCAACATTAGGC,1738
GTTGACAGAGTTAAAA,1738
TAACCGATGACTTAAT,1738
TCCCTATGGAGCCCAA,1738
AAATCAGATAGTTTGA,1737
AATTGCAAAGCAAAGA,1737
CGTAACAAGATGAAAA,1737
GACTTTTTATCCCTAA,1737
ACCGACAGTACAATTG,1736
ATGGCTGGTAGACGAG,1736
ATGTATCTGATCCTAT,1736
ATTAACCGCAAATATC,1736
GCCAGAGCGTTAAAAA,1736
GGGAGCATAATCTGAA,1736
GTAATAATCATATAGT,1736
AAGATTCGGAATTTCT,1735
AAGTAAGTAGAAAACG,1735
ATAAGCCCAAAGTCAT,1735
AAGCAAGAAAAATATA,1734
ATCAAGACTTAATAAA,1734
GTTTTATCTTACATTT,1734
AAAAGACAGTATGACA,1733
CAAATACCGGCAAGTT,1733
GAGAAAGACGACTGAG,1733
GCTACCGTTAGTACGT,1733
GGCATTATAAGATGAT,1733
GAAAGACATATTCCTA,1732
GAGGCATTTCATTAGC,1732
GGCGCAGGCTCGATAC,1732
TTGTATCGCTGGACCC,1732
AGTTGTCTATGACCCT,1731
CTCCTCTTATATTAGA,1731
GCAAGTTCCCTGCTAC,1731
GGAACGATATAGTGAC,1731
TTGTCCAGCAACAATC,1731
CAAAGAGCTGATGCCA,1730
CACAAAACTTATATTG,1730
CCATCGATGTACTTCA,1730
GACAGCATCAATCAAT,1730
TTTTGCTTGTCACTGG,1730
ACTCACCTATTCCCCC,1729
AGTATCTTATCCGTGA,1729
AATTAAAAAGAAGCGT,1728
ATGTATACAGATAAAA,1728
GCTAATTAACCATAAT,1728
TCCATTGGCCAGAAAA,1728
TGTTCAGACAAAACGA,1728
AGTGAGATAGCACTAA,1727
GAACTTACACGTGAAC,1727
GCTAAATGCGAATTTT,1727
GCTCCAAGAGTAGAGC,1727
TAAATTAGAATATCGA,1727
TGACACGAAGGTTTAA,1727
ACAGCTATACTATAGA,1726
GCCTGCTGACTCGCAA,1726
ACGTCTTAAAGCCATG,1725
CAACAAGGGACTTATC,1725
CCCTACACAATCAACA,1725
GCTGGCCAGAGCACAG,1725
ATTGCATAACACCGGG,1724
CGCCCCACAACCCTAT,1724
GTAAGTGGAAATTAGG,1724
TCCTGTCAGTGACAAG,1724
TGAACACTGCTATCAA,1724
ACAAAGTGCTGCCCTC,1723
AGAACGTAAAAATCCT,1723
AGCCTCAGTAGTCAAT,1723
GAAATTGACGAAGTTC,1723
GATTGTTCTGTATCAG,1723
TAAGACTGGTTTTGTG,1723
TGGCCTGCAGGACGTG,1723
TTAACTAGTATGTAAA,1723
CCCGCAATATCTTACA,1722
CTCCCCACCCATATCA,1722
GTACTGGCCAGCACAT,1722
ATCGAAGTAACGTATT,1721
GGATCCGCCGTTATCG,1720
AACAAATGCCGTCCCG,1719
AACAGACCCACCGAAA,1719
AAGCAAAATTACTAAG,1719
ACATGGTACTCTAGGC,1719
CGCACATGCGTAGACA,1719
AATTTAAGAGTCAGGA,1718
CCGCGGAAGTTCAGGA,1718
GATACATGTTTATAAA,1718
GTTAGAATCGTAATCA,1718
ACACCGCTGAAAACCC,1717
ACGTCTTGATAATGTA,1717
GACGAGAGAAACTGTG,1717
AACGCTGCATCATTTG,1716
ACTTTCTATCGCTAGG,1716
ATAAATCTGATACTGA,1716
CATATACAAAAACTCC,1716
TCTCATAGGGCTCCTT,1716
ACCCAACCTTCAAAAG,1715
ACTTACCCTCAACATT,1715
GATAACGTAAAGATAT,1715
CAACTACCAAGATACC,1714
CATATGACCAATTAGA,1714
CTAGGATGATAATTCC,1714
ACTTGTCATCCTGCAA,1713
AGTATTAGTGGCTTAC,1713
GATCTTTGAAACCAAA,1713
TTCCAAGTGGAATGGA,1713
AAGGAAATGGGCTATA,1712
ACAATAACGTATTCTC,1712
AGTTGTCTGGTCCCGA,1712
ATATGGTGAATATATG,1712
ATTGCCTGAATGAGAG,1712
CTAAATTGACACATAC,1712
AATCCAATGACACTGC,1711
GTCGTTAACTTACCTT,1711
TGACCTATTGATAACT,1711
AATACGCACGAAGATC,1710
ATTAAAAGCGACACAC,1710
CGGCACGTGTGTCACC,1710
CTATCGGCTGCACTGC,1710
CTTGACCGTACATATG,1710
GAAGAAGTGAAGGAGA,1710
AATATTGAAGTAACGT,1709
AGGTCTACTCGCTCGA,1709
GCTTACAACTTAAACC,1709
TAATCGCTTCAAATCC,1709
CTATATAAACCAGGGA,1708
GTTCCGATTAGCGGGC,1708
AAACACGAGAAATTAC,1707
CTAGTTAAGCAATAGG,1707
GCCCCCATCCGTTCAG,1707
TAAAAATAATCGGCCT,1707
TAGTCTTGAATAAATC,1707
AATCGTGAGTAACGGA,1706
ATATGTTCTCCAAACG,1706
TCTACTAAACTCGCCC,1706
TTATTACTAACCTGGT,1706
AAATTAGCAAACCACA,1705
ACCAAGGTACCTAAAA,1705
AGAGCAACCAAATTTG,1705
CACGATTCGTAGGAAT,1705
CATATGTCGATAAGTT,1705
CGTCACACAACCATAG,1705
CATCCACTCATCAACA,1704
CGTTACAAAATAGAAC,1704
GGCCAAAAATTGTCAA,1704
TCCAGCCGGAGTGCTT,1704
ACTCTAAAACAATTGA,1702
CATGGATCGGTAACCG,1702
CTCCAAATACTGTTTT,1702
GGGTCTGAACCAAACT,1702
TACAGAATAGGTGACA,1702
TCTCGTTGAACTATTC,1702
TGATAAAGCTGATTAA,1702
ACCCTGCAAAGACGAC,1701
AGCAAATCAAGGCTTA,1701
GTTACGAACTAACACC,1701
TAATACAATTATCATA,1701
TATAACCATGAACTCC,1701
TTTTCAAAGTAAGACA,1701
AACAAATCTTTCTATA,1700
AAGCTGGTGACCAGAT,1700
AATCATTAACCAATCA,1700
ACAGATAATACTACGA,1700
CAACGAATATTCTCAA,1700
TCTTACTATATGTATA,1700
ATGATAAATTCACGTA,1699
CTAAGCCAACGTCCCC,1699
GATGGCTATAAAGCCC,1699
GTTCGACCTACGAGCA,1699
ATAGCGTTAAAATTTA,1698
CTAGCGAACACTAGAT,1698
CAAATCGACAAACATC,1697
CCCAGGACGAATCTAA,1697
CGTCAATGGTCTACCA,1697
CTACTATACATAGGCA,1697
GGGAGGCAAGGTAAAC,1697
TTCACGGTGCTAGTGA,1697
AGATATAATTAATCAC,1696
CCAGTCCTGGGAACCC,1695
AACTGCGTAATCACAA,1694
ATAAAATTGAAAAAAA,1694
ATGTATGATAAAGAGA,1694
TGAGTAGATTTTTGCG,1694
ATCCAATCATAAAACA,1693
CTAGTACAACTAATAG,1693
GATATTGCATAAGGCC,1693
CATTTAAGCCTGAAGC,1692
CCAAATGCCTTAAGGG,1692
TAAGGCGACGGTTCAT,1692
TACCTACCACTCCAAG,1692
AAAAGTCTGACGGCTA,1691
ATTTAGAAGAGGCGTA,1691
TGATAATAAGATCACA,1691
ACATCAATGTAATTAA,1690
GACCATAATATGGCAC,1690
AAAATATTTTTTCATA,1689
GGAAATCTCAAGTGTC,1689
TTATTAATAATATGCT,1689
AAGAAAATGAAAATTT,1688
GAGAACACCGAAGAAA,1688
TCTTCCTTAATGGCAA,1688
AAACCTGGATATGAAA,1687
ATTAGCCCCCGGTAGA,1687
CGTATGTTTAAAGACC,1687
GAACTGCAGATTTCAG,1687
GATTAGTAACCCCGAC,1687
GGAAAAACACGGGCTT,1687
ACATTTCTTTCGACCC,1686
CGTCAAAGTGTAATTA,1686
GACCCCAAAAATCAAC,1686
TAGACACATCGAACTG,1686
AACGTTATGTACAATT,1685
CGCACACAAAACGGCG,1685
GTCGTAAATGATAGGG,1685
AAACGACGGGACTAAA,1684
AATAAGGTTAAAGTGC,1684
AGGTGTACAAGCAGCA,1684
ATGCTGACAAGTAAAT,1684
ATTAGAATTCAGAGCC,1684
CAAGTGGAGCTAATTA,1684
GGAGCCAACAGCAACC,1684
TAATCCTAAAGTCTTT,1684
TACTGAAGCTAACGGA,1684
TACTTCCCCTAGCGTA,1684
TGCTCAAGCGTATTAC,1684
AACCTAATTTGACTCT,1683
AATGTGCCCCCTATTT,1683
ACTTCCTGTAAATAAC,1683
ATAAACTCGGAGCATA,1683
GCCCAGTATTTTGCGA,1683
AGGAGCCTTTTCCAAA,1682
CCATGCAACCACAAAC,1682
AACGGAAATATACGCT,1681
CAATTTAACGCAATGA,1681
GTCTCCAGGCTAAACT,1681
GCGTTCAGTGTGGATA,1680
ATACTATGATAACTCT,1679
ATCGAGTCAAACATCT,1679
GAACTACTACCCAATA,1679
GACAAAAAATTATAAT,1679
GACCGATCTGCTGTCA,1679
TGCACGCGTAACCGTC,1679
TGGCCTATGTATTGCA,1679
AGAGCCAATCACACTT,1678
ACTGTGGATACTACAA,1677
AGACTGCAAAGCCACA,1677
CTAATCCGTCGGATAA,1676
CTAGCAGGTGACACTC,1676
GACCGAAGGCAGCCTA,1676
TAGCCTAGGTCCTTGG,1676
TATAGTACTAAAGGGA,1676
AATAACGTATCATAAA,1675
ACCCCTAACCAACCTA,1675
GCGCGAACTCGTTGAT,1675
TATAAGATACGAATGG,1675
ACACTCGGTCTAGGAT,1674
ACGTTACCTTAGATTT,1674
CAATCATCGAAAGTAC,1674
CCCTAAATAACGTAAT,1674
CCCTAACGTCATACAC,1674
AACAAGCCACCCTCGG,1673
ACGAGCCGTGACCCGG,1673
CGTATTTCGAAAAGAG,1673
GACAAGACGTGACAAA,1673
GCACCCGAACCTCTCC,1673
GTTGGACCATGTACAA,1673
AAAGGAAGGTGCACAT,1672
AACTCGGCCTGCGTGT,1672
ACTCATTGACATTATG,1672
AGTCACAGAATCGTTC,1672
GCCATGCAAAACACCC,1672
TAACCCATACGCGTAT,1672
ACCAGCTTGACCAAAG,1671
CACTTCTGAATAAGTC,1671
CCTTCACCAACTACAG,1671
TACTCGTGGCGCGGGT,1671
AAAACGAGCCTACAAG,1670
CCAGTAGACGAGAATA,1670
GTAATTAATTGATACT,1670
GTATTCCAGCACCATG,1670
AATATATGAAACTTTT,1669
AATATGATATCTGATG,1669
GGTGGCCTCACCATCG,1669
AGCAAAGTATAATTTA,1668
GAGAGGACCTACGAAA,1668
GCAGGACGTACTTGTA,1668
GTTATTTATATTGAAT,1668
TAAATCTGTTGACAAA,1668
AAACCGATAATACGGA,1667
AATAACCCTACAATGT,1667
AGCCCATTAAGCCATT,1667
CCTAAAAAAATTTAGT,1667
TGAGCACTAAGTATAT,1667
CATCCAGTAACTCCTC,1666
GATCTTGAACTTTAAA,1666
TGAGAAGCTACGCTCC,1666
TTACCGACCGCACATC,1666
CAGAGGGTCACATCCT,1665
GCTACGGTGACGACAG,1665
AAAGATATAAACCCCA,1664
CAGATAGAGTTTTTCT,1664
CCGAAATCCTTCTGAC,1664
CTCTCAGCGAACATAA,1664
GCTAAAAAATACAGCA,1664
TCATATATGAACCAAG,1664
ACCAAGATTCCCCGTT,1663
CTAGAGAATTACGTGG,1663
GAAATCGCTGTAAAAA,1663
AACCAGTTAGCATTAA,1662
AGGTGCGCTAGGCAAG,1662
CACATGTATAGGTCCT,1662
GAAGATAAAGCAGAAC,1662
GATATGCAACCAAAAA,1662
TAACGCTCGAAGATCA,1662
TCTAAATATACCTTAA,1662
AGTCATAGTATAAACC,1661
TATCAAAACAAATACA,1661
ACGATAGTTCAGGACA,1660
ATAAAAATTATAGTCT,1660
CTTGAGACACGCAAAC,1660
ATATCAACTAACAGAG,1659
TGCGGGAGTACCCGAT,1659
CGTATAATAACCCCTA,1658
TATCCATGGACCATGG,1658
ACTCTGCAAAGGGGAC,1657
CCATTATAAGGCAATG,1657
ACTAAAACTCTCAAAA,1656
CAATCAATAGATCTAC,1656
CATCTAAACCGTATAA,1656
TCCCTAAACTCGTGGC,1656
CACGACCTAAAATTTT,1655
CCTCCCAGCAGCAACT,1655
TACAATGTACTGCTAG,1655
TCACGAAGAAACTTAA,1655
ACGTACCCCTAGTTTT,1654
AGGAAACCAAATTCTT,1654
ATTTAGGAGTCTGTGT,1654
CTCAAACGCTTGGTAC,1654
TCCTTTACAATAGTCC,1654
CCAAGAAGGCCCATCC,1653
GTGAGATCAATCGTGC,1653
TGAAGTTTAGGTTAAG,1653
TTAGATGTGCTCCTCT,1653
TTTTAATTCATAACTA,1653
AGTCCAACGACGGGTA,1652
GAAAATAGGACAAATA,1652
GCAACAAATATCAATA,1652
AGGCTTCGAAAACAGC,1651
GACCGACCAGAATCAT,1651
TCAGGGATGACACGTA,1651
AAACCAAATTAATCCG,1650
CTCTAACCGCGCCCAC,1650
CTGTTTCCACCCAACA,1650
GCAACTCGCCGCTGTA,1650
GCAATTAATTATAACA,1650
TAGTTCAACTCTGGTT,1650
AATAAAAACCGCAACC,1649
ACGTCGACGCACTTCG,1649
CAGGGATCCGATGTCA,1649
CCCCCCTTTGAGGCTA,1649
GCATACATGAATTTTC,1649
GTATTTGTGGACCCTT,1649
AAGCCCTCTCTAGACT,1648
CACGGCGCAGAGAAGC,1648
TAAGCCGGAAGGTTCT,1648
AAAGAACGTTTTGATA,1647
GAATTTGGTCAGAAAA,1647
TGACCCACTAACAGCC,1647
AAACATGATCATCTCT,1646
AGATACACGTTCCAAG,1646
ATGCTCTTAATTCAAA,1646
CTGGGAACCATTTTAG,1646
TAACTTCAGGAGCATA,1646
AGATAATCTTGCCTTG,1645
AGCGATACCCCGGTAA,1645
ATTAGAATTTGAGAAC,1645
GAGTATTAAAACCGCA,1645
TAGTCAAATGGCGGAC,1645
AATTAAGAGGATCACC,1644
ACGCATAAAATCGTAT,1644
CCAGCAGCTGAAAAAC,1644
TCACTGACTGTGTTGT,1644
TGGCCCTCCCGCTACA,1644
ACTTGAGTGTTCCCAC,1643
CTTTAACAGTAAAGCG,1643
TTCACGGATCCATAAT,1643
CACCAAAAAAGGCTAT,1642
AAACGACTTAAAAGAA,1641
AGCCAAGGACACCTTT,1640
GTGGACAGGTAAATAC,1640
AACAAACACCCAGGGT,1639
ACTCAAGATGGATGGG,1639
ATAAGCATTATGTACC,1639
ATTGTTAACCATCCTA,1639
CGAATACAATAAATTC,1639
ATGCATGAAGCCTCAA,1638
CCTACCACAGCGGGAT,1638
CTGGTACTGACAAACT,1638
GAAAACACCACGAATC,1638
GCCCCCCGACTCTATA,1638
GGGCAAGAACTGCTCC,1638
TAAATAACTCCTGAAT,1638
TAACACCTGCTTAGTC,1638
TATCGAAACGGGGTTA,1638
AAAACTAGCCCCTGTG,1637
AAGGGAGTTGCACTCT,1637
AAGGGTCGCAACACCT,1637
ATAATTTTCAAATTCA,1637
CAGAGAGTGTTCAATA,1637
GAAAGCAAAAGTCGTG,1636
TCAGCTTAACGATGTA,1636
TTTCCGACCCAGACCA,1636
AAATTAAAATACTGTT,1635
CCAATTTGTAACATAG,1635
GAGTTCCTTTGGTCAA,1635
TAAAACGCAGCAAGAC,1635
TTAACCGACCCAAAGC,1635
GCAAACCTTAGCCAAT,1634
TCCATGAAATCAATTT,1634
CAAGCATACGCGGAGT,1633
CTTCTACACCTAACAT,1633
TACTGAGCTGCGATAA,1633
TCACCCGCGGCAAGAA,1633
ACGTAACACATTAACG,1631
AAATGCGTAGCGACGC,1630
CGTCGCATTAGTTCAG,1630
AACTACCCGGGACATG,1629
AGCTTCACACTATGAT,1629
CGACGTGGGTTACTCC,1629
TCGAGTTAAGGACTCA,1629
TGCTCCTCAACGTATT,1629
TGTTGAAAAAACAATA,1629
ATCAAACTATCCAGAG,1628
CCTGATGGCAAAAACG,1628
CGCTTATCGACCAGTG,1628
GTCGACGCTCAACTGT,1628
AACAAACGGAAAGCGT,1627
ACATATCTATCACAAT,1627
AGACACCAAATTGCCA,1627
ATGGCAGAAAGCAGTG,1627
GATCTCAATAACAAAA,1627
GCAATGTTCACTCCAG,1627
TCTAGACCCCTCTACA,1627
AGATACTTACATATGA,1626
AGGGCCATAAATCAAC,1626
ATCAGGCGCCAATATC,1626
ATTCACAAGCGAAAAG,1626
TAAAGTAAGAAAGCAC,1626
TCTTTCGGAGATTCGT,1626
TGAGTATGATAGACTA,1626
CCCAACTAGCTCATTA,1625
AATGGTTACCAACACT,1624
AGAGCTATCTGGACTA,1624
CGTTTTGTGGATAATG,1624
AGTCTCAACAACGCTA,1623
CACTGGCCATAATTAG,1623
CCACGGAGTCGTCCCT,1623
ACATTCTAATGAACTG,1622
AGCCTGAGAGACGGAG,1622
ATCAGAGGCTCCGTGT,1622
CTCTTTCTAGTCTACG,1622
GGCCACTGTGGACCAA,1622
TCCACTACACTGACCG,1622
CGTCAATAAATTACCA,1621
GCATAATCAACGGCCA,1621
TATACCGTCATAATTA,1621
TCAAACTTTCGTTTCA,1621
TGCCACTACTGTTACT,1621
ATGATGTCGGACCTGT,1620
GGAGTATATACACGCT,1620
TCATATGACGGGACCT,1620
ATACCAGCAGATTGTA,1619
ATTTAATTATTGACGT,1619
CTTGTATATATAGATT,1619
GCTCAGCACAATCCAA,1619
TTACCATAGCAATTTC,1619
AATCTTGGCCAGACCC,1618
ACACAGAAAAAAGACA,1618
CCTTCCATCCAGTTAA,1618
CGATATCAGTTCCCGA,1618
CTTTCAAACCATACAA,1618
GGACAGCGCAGCACAA,1618
GGGTCAACGCTCTAAG,1618
ATAAGACACCTGCTCC,1617
ATATCCTGTGCTTTTT,1617
CACCCAACAAACTAAA,1617
CAGAATCGCTAAGCTG,1617
CCAAACCAGTTTCTTT,1617
TAATTAGGCGAACCCT,1617
TACCCAAAGACCAGCA,1617
TTAAGCCTATTCACCA,1617
ACAGAGTGAACTTCGC,1616
AGCTTACTGAAGTAGA,1616
AACAACATACCCTCTT,1615
AAGAATAGTTTTCTTA,1615
CACAATGGCCCAGTCA,1615
TAATCTGTTAGTAACA,1615
TCCGATCATAATTCGA,1615
TTATATCGAAGGGCAA,1615
TTCGCAGCACGAAGAC,1615
ATAAAACAATAAACAG,1614
CTGCGTGAAAACGTAT,1614
GAATATTCTAAATGAA,1614
GTCGTAAACACTATTA,1614
TATAACCAGAGTGTGA,1614
TCCTGCCTCTCTAAAC,1614
TGGTGTCTTTTAAACC,1614
ACCCCGAACACCGCGA,1613
TAGAATTACCGATCTT,1613
CCGATCACATCAGACC,1612
GGTCGTTAACTTTCAA,1612
CAGTACACAATGATCT,1611
CGATCACAATCAAAAC,1611
GAGCACGGTAAGGTAC,1611
GCAACTGGGCCCGTTC,1611
GCCATAACCACGATTG,1611
TCTTGTTATAACACCT,1611
TTTAAGAATGAAAAGA,1611
AAAAGAAAAACTTCAG,1610
ACATAAATGTCAGTCA,1610
ACTTTTGTCAGATTTA,1610
CACGCAAAAGTGCATT,1610
TACGAAAGCGCGAATC,1610
TTTGAATGGACGGCCT,1610
ATACTACCCAACTAAG,1609
TTATCTACGCTAAACT,1609
ATACTTTTTCGAATCC,1608
CAATCAGTACAATTAT,1608
CTGGACAAATAACAAA,1608
GTGTAAGCACCCTTAC,1608
TTGCATATAGGCTTTT,1608
AAAAGGCTAACCCCAC,1607
AGAAATTCCTCCCGTA,1607
ATTTGAAAAATATCAG,1607
CACCGCAATTCTTACC,1607
CATGTTTACAGACAGG,1607
GGAAATGGGTGACAGC,1607
TAACCGTACACCACAT,1607
TAGACCGATGATCGTT,1607
AACGTGCGCGTTTAAA,1606
AGGGAAAATTATTATG,1606
ATAAGAGTTCAGGGAC,1606
ATGTGAACTAATCATT,1606
GGTTTTTTACCAAACA,1606
TCTGCCAACATGATAT,1606
AACATATAAGGTATGA,1605
CTTATCGTCTGCTGCG,1605
GAGGACAGAGTAAGTT,1605
CAAATGGACGCATGGG,1603
CACTGAAAAATTAATA,1603
GAGCAAAGAATACTAC,1603
GCTTTACTATCTCCGA,1603
TAAATTATACAAAAAG,1603
CAAAATACAAGCTCAC,1602
CGTATCTAACTAACAT,1602
GATACAAAACAAAAAC,1602
TAAGTTAATTAGTAGC,1602
TTAAACGTGTCTACTT,1602
AGAGAAAGAAACACAG,1601
GAATTAGTAAATTATA,1601
GACAAGTCCACGATAC,1601
GATGCATAACTATTGA,1601
GGTCGCCCAGACGCAC,1601
TAAGGTCAAACTGAAA,1601
ATGCGATCCTGCTGTC,1600
TAAAATACTACTAGTC,1600
CAATTTGATCAGCATC,1599
CACGGACTGATAAAAC,1599
CAGTACTATATTTATG,1599
TAAGGGTACAGATTCT,1599
CAGACATCAAGCCCAA,1598
CCAAAATGATCGATGG,1598
ATATGAAAAATATTCA,1597
ATCACGAATTATTGCA,1597
CCACACGAGTTTTTCT,1597
GCGAATAATTATTACC,1597
TTTTAAGAGGCCAGTC,1597
AAGTAAGAACGCTACT,1596
AATACGCAACCTAGAC,1596
TACCCGGCAATCTAAG,1596
AACTGTGCAGGTTCGA,1595
ACGGGTCAATGTTAAT,1595
AAGACCATAGTTTTAT,1594
TCCGCAACGGAAAAAC,1594
AAGTACTACCTGTATA,1593
ACTAAGCCTGACATAC,1593
GATCGCAGAATCCAAA,1593
TATGCCTTTAAATATT,1593
AGCTTACTTATGAGCA,1592
CCAAAACTGGAAAATT,1592
CCTGAGATGCTATAAC,1592
GTAAAAAATGAGGGTA,1592
TCCAACGCTGATCTGA,1592
AACTATTATATCAATA,1591
TGGATAAACGAGTAGA,1591
TTCAGACCTCAGGACC,1591
AGAGTTCAATCCTAGC,1590
CGTAACTCAGATCAGA,1590
TTAATCACGATGGAGG,1590
AAGATTCGAGGTAATT,1589
ATAGACTAAACCTCAT,1589
GCAGGCACTAACGTTA,1589
ATACTTACTAGTAATT,1588
ATGGCAATCCCATAAT,1588
CACGCCTACCAGCGAT,1588
CCTGAATATACACAAC,1588
GACAATTGTCTCGTGA,1588
GAGTACAATGGTAAGC,1588
GTATCGGTTACTACAA,1588
TACCAGTCAGACCAGG,1588
TACCCAACTTCTAGCA,1588
TATGAACATTTTACAA,1588
TCCACTTTAGACCAGT,1588
TTTTTCACTCCATATA,1588
AACAAGTCGGACAAAA,1587
ACGAATCAACTAACGG,1587
CAATTCGCGTCCTAAC,1587
CTTTTAAAGAGATTGG,1587
GATTCCAATACCTCTT,1587
TCCATTAACCTACAAA,1587
AAAGAAGAGGAATTCA,1586
AATGATACGATATTAT,1586
ACTTGTAGACCCAGGG,1586
CCATGACTACAACTAT,1586
GCTTATTAAAAGAACG,1586
GTCTGAAGCAACAAAT,1586
GTTAGTAACACGACGC,1586
TAGCCCTTGAAAGCAT,1586
TGTAATTCAACTAGAC,1586
AATTACAAAAAAAATG,1585
ATACCTTCACATAACA,1585
ATCAATAAACGGTCGG,1585
CTTCACTATACGTACA,1585
GATCTCACATAAATCC,1585
TGAAGAGGGCTCAAAG,1585
AGGATAATATCAAAGA,1584
ATTTTTCTAAGATGCA,1584
ACAAAGCTGCAGACGT,1583
ACTATCAACACTACTA,1583
GTGGTGCTTTACGTGA,1583
TTTTACACTGACTTAC,1583
ATAAAAACGGGTCAAT,1582
CAGACCACTAGGAAAC,1582
GAGCCGTTCCCTATTC,1582
TACCAACCTAAGTCGC,1582
CAATATATGTAAATTC,1581
GAATAAATATGTTTCA,1581
GTAACCACAATACTCT,1581
TGACGACAAGATGCCA,1581
AACACGAGAACCGGGC,1580
AACAGAATGAATATAA,1580
CATAATCAGCCAGACT,1580
CTGAACAGTACAACCT,1580
GCGTCGGAGTAAGGCT,1580
GGCTGGAAGGAACAAA,1580
TAAATGTTAAATTAGA,1580
TCCGGGAGATGTAACA,1580
AAAAACAGCTTTAAAC,1579
AATCTAACAAAATTCT,1579
ATAACACTCCCCTCGT,1579
CAAGGCAAAACATAGC,1579
CAATAGTAAATTGTAC,1579
GTTGTTTAAAGAGCAT,1579
AATTCATCTTCGTTCT,1578
AGCAAGTTCCTGAGAT,1578
AGTGAAATCTTTAACT,1578
ATACTTAGGTAAATGG,1578
ATTAACCAACCTCAAT,1578
CTAGACGAGTGTCTTC,1578
TAATAGACACAACTCA,1578
TGCCGCGACCAACTGA,1578
AAGATTAACGTAGTAT,1577
ATGAAACTTTAATGCT,1577
ATGTACCATCTCATGG,1577
CGGATAGGTTAGACAA,1577
ACACGACTATCTAACA,1576
ACTAACCAAACTAAAA,1576
ATGAGATAGTGTAGCT,1576
CATTTTATATAGGTGT,1576
CGATCATTGAGTTTTA,1576
GACTAAACCGCCATTG,1576
AAATCGGGCGTCAATA,1575
AACCCCCTTCAGGAAA,1575
AATGACAGATAAGTCA,1575
ATTGTCTAGTGCATTA,1575
GAGAAATAAAAACTGA,1575
GCGATCTTCTACAGAA,1575
TGCTAATAGGCAGGAA,1575
AACCCTGAAAAGGAAC,1574
CTAAGACAAGGTGTAA,1574
AACAAATGAAAATTTT,1573
ATAGTCGTATACCGTA,1573
ATGACCCTCCGAAAAC,1573
GTACCGAAAATTAAAC,1573
GTTGAGATAGCTACTC,1573
TAAAGTCCAGAGATAC,1573
TTGAAAAAGTAGGTGA,1573
ACAGAACCAAAAGAGA,1572
ATCCGCGCTTACTAAT,1572
CTCCAGGCTCCAGATA,1572
TTACAAAACAGGTTTA,1572
TTGTTATCATGTTCGG,1572
TAATCATTATAATTAA,1571
TACAACGAAAGTAACA,1571
TCGAGAGACTGCGCAC,1571
CACCATAGATTAGGAA,1570
CATAACGAGATTGAAG,1570
TTTCGTTATATCACTC,1570
AATCTACCGTATACAG,1569
GGTTCAGAACGGAATG,1569
TATTAATGGACATTAG,1569
TCATGGATGTAGTAAG,1569
TCCCAACATTGTCGAG,1569
TTACTCAATGGATCTC,1569
AAAAAACCAAAAACGC,1568
ACAGACACATACGAGT,1568
ACTATAACACATAGGT,1568
ATGTAACGCAATCTAT,1568
GTATTTGCAAGGAAAT,1568
TTTGGTACAGTGCCCG,1568
AAGCCTATTTTAGAAA,1567
CACCACAACCTTGTTT,1566
CAGCGTGAGCGCAGAC,1566
CAGGAGAAGGAGTAGT,1566
CATTAGTTAAAAGCCA,1566
GTTTGGAGAGGCGATT,1566
TATACTTGTCACAGAA,1566
TCCTTGACACCTCCTC,1566
TTCGCTACTACAAGTC,1566
AACCAATGACCCAATA,1565
AAGCAAAGAATCGAGA,1565
AATTTTTATCGTGCAT,1565
AGAGCCTTTTATGACG,1565
CCGTTACCTGGAGAAG,1565
GCCATCCAGCGGTCGC,1565
TGTCCAATTGAGCGAC,1565
ACCGCTCACATACCTA,1564
ACCGTAACCACGAGGT,1564
ATCAGAACTTACAGTT,1564
CAAATCATACGTAACA,1564
CGCAGACCTGTCCGAA,1564
CCGACCATCCTACCTC,1563
GCATTTACAAAGAGCA,1563
TCATCGCACTCAGAAG,1563
TAACCCAGAGACGTCT,1562
CCTACAATTAACAGGG,1561
GCCTACTTGGGGGAGG,1561
GTTATGAAAATAGAAA,1561
TAACCCTGGCTTTTAT,1561
AAAAAAAACTTAACAA,1560
GGTAGTATCGCATATA,1560
GTCCGAAGCAGACACA,1560
AACGTAAGGTTCTCCG,1559
ATGAATCGACCGGCAG,1559
GAGACTAAGTCATTGG,1559
TACCATGGGACATCAA,1559
TAGACGCAGAGAGCCG,1559
TCTGAATGTCAGATGA,1559
CTGAATACCAGCTAAG,1558
GATAGAATAATGCATA,1558
TGATATAGATGGGCCC,1558
TTGATAATAATACCCC,1558
ACCAATGTCATGGATT,1557
ATTAATCAATATAAAA,1557
CATCGAGAATACTTAA,1557
CCACACGCAGTTTGGG,1557
GACCTACTATACTGAA,1557
GCCTAAACTTAAATAT,1557
TACGACCGTACAAGCC,1556
TCCCGAGGTGCATATA,1556
AACACCAAGTGTCGTT,1555
CACACAGATAGAAAAA,1555
CTGTTAATGTATTGGA,1555
GCCACGAGAAAGTACA,1555
TTCGTCCAGAACGAGA,1555
AACATACTTATGTACT,1554
ATCAATCAATGGAACA,1554
CATAGAAAGACCCAAC,1554
CGAGTTAAGTTATTAG,1554
CTAGAAGAAAGAACCT,1554
GTGGAATAATTTTCCC,1554
TTTAATCTAAACCAGC,1554
AGACTTGCTGGGTTCG,1553
CAGTGCCGATGGTTTC,1553
GATGTATGTTAGAAGA,1553
GCTGAAACAATTTTAC,1553
GGCCATTCATACCACA,1553
TGCATCCGGAGCCGCA,1553
AGATCTACTTGGCAAA,1552
ATCGGCACTCAGAGTC,1552
CCGCACTAAATTCATT,1552
TAATAGTTTGCGGCGG,1552
TGGTAAACCCACTATC,1552
TTCCCCTTGCCGTCAA,1552
ACGCAGCAAATGGAAG,1551
AGCGCGTCCCCCAACA,1551
GCACAGCAATTCGACG,1551
GCTGAGTAACATATCA,1551
TTTGACAAAAAAGAGG,1551
ACATGGTCCCAGTATT,1550
TTAAACAAATAAGCAG,1550
AGGACCTAACAAAATA,1549
ATAGTGTTTCATTGCG,1549
ATACAAGAAGAAGCTT,1548
GAAAACATACAACTTA,1548
GATAAAATATAGTGAA,1548
TACAAGATGTATTAGA,1548
ATCCAATAATACTAGG,1547
CAACTGAATAAACTCA,1547
GTTTGGTACTAAGTTA,1547
TACGAATCTACTTCCG,1547
TTTACACAACTTCAAA,1547
GCTAGTTTAAATTTAC,1546
TGACACACTCCGACGA,1546
TGAGATAGTACGAAAA,1546
AATATAGTGCCGTTAC,1545
CCTTGAAAATGGCTTA,1545
CTCTCCGGTAAGCAGA,1545
GCAAAGAAATTAACAT,1545
TAAAGTGGTTGTCCGA,1545
AACAATAGTAATCCCA,1544
AACTGTCTGTGCAATT,1544
AATAGCTACATACTTA,1544
AGGTGTAATGGCAGGA,1544
AGTTTTGAACAGAGTT,1544
ATCGTAGAATAAAATG,1544
GACAGTCCCTCGTTTT,1544
GCGATAATAACACAAC,1544
TGATGTTTCGAACCAA,1544
ACAACACTCATCGCTA,1543
ATGTGCGAACGGAGAG,1543
CAAGCGTTGCCACCTC,1543
AAAACTTAGTACGAAC,1542
AATCTCACCGAGAGCA,1542
AGTGCGGCCCACTTGA,1542
ATTGAAGTTTCTCTTG,1542
ATTTGAAGGCATATAG,1542
CCTTTAACGCACTTAA,1542
GAATTTTGGTCTAACG,1542
GACACCCGGTTAAAGT,1542
GCTAATAAAAGAGTAT,1542
TAAAAGTGTTTGAAAA,1542
TCACCTTCACGGCACG,1542
TCATCTGGTTCAACCA,1542
CTATCACTAATCTCAA,1541
GAACACCATCAAGAAT,1541
GAAGTAACTCTACCAG,1541
GATCTGAACCTAATGG,1541
AAGTTGCTAGACGGAA,1540
AGATAACTGCTCGAAC,1540
CAGTCGAGTATTATAA,1540
TCGTTCAAACCCCCAA,1540
TTCAATGCATTGTTTC,1540
AAAGAAGCAAACAACT,1539
AACACTCAAAAGATCA,1539
ATCTATAGCAGTAAAA,1539
CAATGAAATACCAACG,1539
GGGATGGCTCATATAT,1539
TACACTTGGGCAGCAC,1539
CCTAAGCATGTGACAC,1538
CTAGTCCTCCATGACC,1538
GAATAATGCTTTGAAA,1538
GGTTATTACTAATGCG,1538
TAAAACCACAAGAGCA,1538
TCTGAATAACCCTAGC,1538
GGAAACCCGAATGACT,1537
TAATCCCTCCGTGCCC,1537
AGCCTTGGCTAATGAA,1536
ATAGCCACGTTAGAAT,1536
ATAGTAAACCTCGGTC,1536
CAAGTCAGACGATTTA,1536
GTGGCTAAATTGACAC,1536
TATATATGATAGGAAA,1536
GCTAACAAGGACTGAA,1535
GTTACTTAAACCCAGG,1535
GTTGGGTGCTGCTTAC,1535
TACAACCCAGACTTGG,1535
AAGAAGACACCGTTAA,1534
ACTAGACTAAGTCGCC,1534
GACGACTTATAGAAAC,1534
GACTCATCTCGTCTCA,1534
GGTGCACCAAACAGTA,1534
AAAGAACGTCAACTGG,1533
GACACAAAACATTCGT,1533
GACGCGTATTAAAATA,1533
TATTGTCTGAATCCAC,1533
ATATAAAGGTTTTATT,1532
ATCTCTCCGAGTAAAT,1532
CCTTCTACATTTCATT,1532
CGATGAACAAATTAGA,1532
CGATTCCATTTACTCC,1532
GAGAACGAAAATGGGC,1532
GCGGTTCAAAGTTGTT,1532
TACTAACAACAAAAAA,1532
ACATAAAAAACAATAC,1531
ATGTAAAACTTGGACC,1531
GAATGATAAGGAGTGG,1531
GTCCTATACACAATAG,1531
TAGACAAAGAAGTCCA,1531
TCTAACTGCTACTTCG,1531
TGGTGACCCGTATAGA,1531
ACATCACGCAATACGA,1530
ACCAATGCAGTAACGA,1530
ACGGATGCTAACACAT,1530
AGATCACGTTCATGGC,1530
CAAATTCGCTAGGTTG,1530
ACACATTTAAACTGAA,1529
TGTAACTTTAGTAGAA,1529
ACCATTTGAAAAAGTC,1528
ATATTTGGAGTACTCA,1528
CACAAACCCGTAAATT,1528
GTGGACTATCCTCATT,1528
TCGTAATATAGTGATT,1528
AACTGCAGCGGTTAAC,1527
AATGGGTGCACACGAA,1527
ACAGTCCCTTAAGCCT,1527
ATAAAAAAAAGTTCGA,1527
GGTGACCCGTGTGATT,1527
ACACGCAAAATGTGTA,1526
CAAGGATTCTAGATCT,1526
CAATCAAGAGGACTAA,1526
CCGGTACATATCCCGA,1526
CTCGCATTGTGGTTAG,1526
GAGCCATAACAACTGC,1526
TTTTGTGTGTTCATGA,1526
AAATTCAAATAAGAAT,1525
AGACGAAGTAGGTTCA,1525
GTCCCGATTCATATAA,1525
TTGGTTGAAGGAGACC,1525
TTTAGTTGCAACAATA,1525
AACTAGAACATATAAG,1524
CCAGTGGAGGTTACGG,1524
CCTATGCTTAACTGAA,1524
CGCGCCTAGCGTACAA,1524
GAAAACACACATTAAT,1524
GTGCAGTCAATGGGGT,1524
TCACGACTAGTTTAAT,1524
CAACTCAACGCCACAG,1523
CCAACACGCTGTATTA,1523
TCTTTATTTGTATTTA,1523
AGACCACGCAGTCTAG,1522
GCACGCGGAAATGATC,1522
TCAAGAAAAACTGTAC,1522
ATAGTACGTTTAGTCG,1521
CATGCCGTAGTACCTC,1521
CGTCAGATCCAGTTAA,1521
CTTGAACTACCTACGC,1521
TCTAACTATAAAAAAA,1521
TGCAAAAGTTTACTTC,1521
AGCCAGGATAAACATA,1520
ATCATTACTGAGGTAG,1520
CCGAAGCAGTACCCAC,1520
GTAGATACCTATACAT,1520
GTCACGGTCAATCGAT,1520
TGTTCCTTTTCCAGCA,1520
CATCACCTACCCCGGT,1519
GCAACTAACCACTAGA,1519
TACAGTTAAACCCCGC,1519
TTTTTACAGACACCTA,1519
AATATGTGCATAGCAG,1518
ATTAAGCTTGCCACTA,1518
CCCCTAAAAATATCCT,1518
AAGTACAGTAATTGTA,1517
GATACCGGAACACAAC,1517
TTCCTTTTTCCGTCAA,1517
AAATCACGCCAGAATT,1516
AAGTATGCATTACAAA,1516
AATTGTGTACCTTTAA,1516
AGAAGCCACTTATCCT,1516
GAATTCAATATAAACC,1516
GACTTGCTAACCGGGC,1516
TAGCATGAAGAATTTT,1516
TCGAGATCGAAATAAT,1516
ACCGTCAATGGAGCGC,1515
ACGGTATTCAAACAGT,1515
ATCACACAGGATGTCG,1515
ATCGATAACAGAGCGT,1515
ATTGCGATAGAAAACA,1515
CTAAGGTATACAAATT,1515
GACTCACCCTCGAGGA,1515
AATATAACTCACATTA,1514
CTGTAAACAATAACAT,1514
AGTTACTACTAATTAA,1513
ATTTATGGTTATCTAA,1513
CCTAGTGGAGACTTGA,1513
TAACAGATGGAAAATG,1513
TTAAAAGCTTTAAAAT,1513
GACCGGATAGATGCGG,1512
GGCCTCTGAGTCAATG,1512
TCTTAAAGGAAGAGAC,1512
AAAAAAGTTGCATATT,1511
ATGCAACAAGGAATGG,1511
CAATAAAACCGGAAAA,1511
CCATCTACTCGGAAAT,1511
GAAGCACATACTCTTG,1511
GACTTCGAATGAAGCG,1511
TACAGCGAGGGTATGC,1511
TGACAAAGAAAAAGAA,1511
AAAATATCCTTAGGTA,1510
AATTACGAGCCAGCCT,1510
ACTAATAGGTGGTTGT,1510
GTGACATAAAAGTGGA,1510
AATAACCTGCCTCAAA,1509
ACCATAATAAACAAAT,1509
AGAAGAGCTTCTTTAC,1509
CGCAAGTATCTATAAA,1509
CTGAATCGGAGAAATT,1509
GTGGATGGATAACACA,1509
AATTGATAGGCTTTAT,1508
AGCATAGATTACATTT,1508
GGCCGATCATGTATTA,1508
GGGTGAAGACTAAGCC,1508
GTACTCCCTGAAGGGC,1508
TAAAAACCTAACTGAA,1508
CAGCATGTAAAACCTA,1507
CCTAACTCAATACTAA,1507
GGCAGATAAGAACACG,1507
GTAGCCTCATGTCCCC,1507
TAAACCGTCTTGCAAA,1507
TTATAACAAGTGTATC,1507
ACCGTTACTCGTTGAT,1506
AACAACGCGTCATCTT,1505
AGCAACAGGACTGGGT,1505
ATATGCAAGAGAGCCT,1505
CAAAGAAAATTCTTAA,1505
GAAAAATCTCTAGAAC,1505
GAATTCAGACCGTTTT,1505
GCATGGACCGGGATCA,1505
TGAATGTCATTAAACT,1505
TTACAAAACTAACGAC,1505
CACTGAAACCAGACCA,1504
CTAAAACGGCTACGTC,1504
GACAGATAACGTATAT,1504
GACGGCCAATAAAGAG,1504
TATACGTCCATGGTGC,1504
TCAAATCTGGCATAGT,1504
AGCCAGGCAATACAAT,1503
GATCGATAAAAACATA,1503
GGAACACGATTATACA,1503
GGAATGATTCCTCCAT,1503
TGGTCATAACTATGGT,1503
AAATGAAAATTAACCT,1502
CAGACACAACTTAAGC,1502
GATGTTACAATCAACC,1502
GTACTTTAGCTCAGTA,1502
TAAAACGGATGTAACC,1502
TCTACAAGGAAAAACA,1502
TTAAGCCCTTCAAGAG,1502
AGTGACAATACAGTTG,1501
ATAAAACACACACTCC,1501
CAGTCTAAGGGAATTC,1501
CGTACACACAATGGTA,1501
TGAGAACATTTAGGCC,1500
AATATACCTTGCTTCA,1499
GGAACCATACCTCCAA,1499
TATGGATTAAGGTAAA,1499
TATGTCTCTATGATGG,1499
AAAAAAATTAGAAAAC,1498
ACCGTACCCTTATTAT,1498
ATAGTAACTAAAAATC,1498
CTCCTTAATAGGGGAG,1498
TAAAATCAACGAGATT,1498
AAAGAGGCTTGAAATT,1497
AAGTATAACGGACTCG,1497
AGATGGAAAACAGTTA,1497
AGGCGACTAAATGAGC,1497
CCGACCAAGCACCTAG,1497
TGTGTGTATAACGACC,1497
AACGTAACTTTTGAAG,1496
ACCGACAAGAAAAAGG,1496
CACATCAGGACCTAGA,1496
GAGATTGAACATATAT,1496
GCACGTCTCCCTGAAG,1496
GGAAGCGGACTGTGAT,1496
GTGACTTCGGCTTGAG,1496
AAGTTTGTAGTTTAAG,1495
ACAACCAAACATCGTT,1495
ACATTACCCAGTCCAT,1495
ACTATAGGTATAACAT,1495
ATAAATTGGTTGGGAC,1495
CTAAAGCGAATAATAA,1495
GAAAAACACGAATATT,1495
GACCAGACAAGTTTAA,1495
TAGACTTTACACAGTA,1495
AGCTTAACAATTGTCA,1494
CAGCTACTTGATAATT,1494
CCAAAAGCTCACAGAT,1494
CTCCAGTAAAATCACT,1494
GAGAATTCTTAAAGGG,1494
GAGACATATTTAATGT,1494
GGCCCACACGAAAATA,1494
TACCTCGATGACCTGA,1494
TCTGAAGCTAGAACTC,1494
AATGTCTTGCTACTGT,1493
AGGTGATAAAATATAT,1493
ATAATTGCAGTATGAG,1493
GGACTTCATGCACGTC,1493
AAAGGGACGCAACAGA,1492
GGAACCGCAATGCAGA,1492
TCTTTAGCTTGAATAC,1492
AAGTAAGAGTAAAAAG,1491
TTGCGTGTCAATGTTA,1491
TTTAAAACAAAACAAA,1491
AAGAGATGTTTCTCAT,1490
ATAAATTTCCTGCGAA,1490
GAGGGAGATAGTTCTG,1490
GATTGACACATATACA,1490
TGTAACCTGATTGTAT,1490
TGTGGATCCATGTAAT,1490
TGTTAACAAAATTCGA,1490
ACCTAAGGCACCGATC,1489
AGGTAGAAGCGTATCA,1489
AAGTAATGCGCGTAAG,1488
CAAGGCAGCACGTTAA,1488
CCCCTGATATCTACTG,1488
CGTAGATCCCCTAGGT,1488
GTTCAAGGGCTACCCG,1488
ACAATGAGCCCCTCTT,1487
AGGTACAGAAATAGAC,1487
GCCAAAAGCCCGCACA,1487
TAGCCGAAATAGAGAT,1487
TCTAGCTACTAATAGT,1487
AATGAAGCGTCAAACA,1486
ACTATGCAAATATCGG,1486
CAGTGAAGTGCAGCAA,1486
TTGGGCTCTAGCAAAT,1486
AATTCTAACCACTGAG,1485
ACCAGGTAAAATCGTT,1485
ATCAGAAACTAATTCT,1485
GGAACATCTCTTACCA,1485
AACAGGAACCTACCGT,1484
AGAGCGCCTATGTTTA,1484
CACGTCAACAGGTCTA,1484
TAAGTGCTGGTATCTC,1484
ACAAAACCTAAATAAG,1483
CAATCCAGGTTATGAT,1483
GTGTTTGGCTGACAGC,1483
TAAGCATTCTAGGATC,1483
TATGCAATACATAAAT,1483
AGCTCTGTATCAGAAT,1482
ATGAATGAAAAGAAAA,1482
CTACTCCTTTTGTTAT,1482
TAAAAGTAATTTAAAA,1482
TAGTTACGAAAGATAA,1482
TCAAACATATACTTAA,1482
AAATTGCCTAGACCCC,1481
AAGTTGGGATTTACAG,1481
ACACTAAAGAACACAT,1480
AGTAATACTAAGACTG,1480
CAACCTGTATCAGGAC,1480
TGCAAACACAACGGGC,1480
TTAAATTGGGTCAATA,1480
TTATGAGTAAACCACA,1480
AACGGCATGAGTATAA,1479
AGAGGTATGTTATGGA,1479
ATAAATTAAAACATGG,1479
CCCCCACTGTTAACAA,1479
CGGATACATAAAACTC,1479
TTCTATATGTAAGTTC,1479
AACCAAGAACAAACTA,1478
AGCAAACGCTATAAGT,1478
ATAGAGGCGTACTGAA,1478
ATTAAAAGTAAGAGTA,1478
GACCACTAATATACCC,1478
GATACGAGGACACGCG,1478
GCACAAAAGCTTGGAT,1478
GTTTTGACTACATCCA,1478
TCCACCCGCAAGACTT,1478
TCCTATTAGTACGAGA,1478
TTGTACGTATCCCATC,1478
CCTGGAAATGCATGCA,1477
GACTCTACTAAGAAAA,1477
TGAAAAAATTGATTTG,1477
TTCCACAATGAAGATA,1477
AAAGACTTAAATCCAA,1476
AAGATGAGTAACATCT,1476
AAGCAAAGTGCAAACA,1476
ACCAATGCTAAAGAAG,1476
AGAATACCATTTCAAA,1476
AGAATTGAATAGTGTA,1476
CGGACATAAACATGCG,1476
TAGCGTATCCGCCATT,1476
AACTGTCAATTCATCA,1475
AGATTGATCGGCTACC,1475
GACGAGTATAGCACCC,1475
AACAGATGAAAAAAAG,1474
AACTATTGTTAAACCC,1474
ACCACAAAACTACGAA,1474
CAATTTTCAGAAGAGA,1474
CGGCTTGCTAGCAGCG,1474
GAGAGATTGAAAAAAT,1474
TATCTATGATTCTGAA,1474
ATGGGCACACTGTGTG,1473
CAGTCCATTAAAGAGA,1473
AGCTACTCAGACACAA,1472
GACCGAGCATCAAGCA,1472
TCTTGTCGGAGTGGGC,1472
TTGGAACACAAACACC,1472
TTTCATAAGCCGAAGA,1472
ACTACATCATATCGTT,1471
ATTACGAACGAGTAAT,1471
CATATAGGAACGGGAG,1471
CTTCCCATAAATCCAA,1471
GCACTACCCAATGGTC,1471
GGACCAACTGACCTAA,1471
AAGTTTTCTCACCATT,1470
TCCGCCTACGAGACCC,1470
TGAACTACATTGTGAG,1470
TGATATACTAGGAACT,1470
ATCAATGAGGGCTTCC,1469
CCGCTACGGGTGCAAA,1468
CGAGAGAAAAGGACTT,1468
GAAAAAGTAAAGTTCG,1468
ACACAAACGCATATCA,1467
CAGTAGGAGGGGATTA,1467
CCCCATGGCAACCATC,1467
GGACGTCCCAGATAGC,1467
TAGTTACAGCTAGAAC,1467
TGCACACATTGGTCGT,1467
CTTGATTAAAACTACC,1466
GACGGTGTTTCGAAAG,1466
GATTGAGTACTGGATA,1466
GTCCGCCATTATAGAT,1466
TAACTCGTGTCATTAA,1466
TGTTTGTAAGAGGTCA,1466
CCAGTATTACTATATT,1465
CCCAAGAAAATGTTCT,1465
TACGGAATCTAGGACC,1465
TAGCTAAAGAAAATTA,1465
TATGATACGAAATCAA,1465
TATGTAAATCACATTA,1465
TATTTTATAAAACATC,1465
AAAAAATCGAAAGCCT,1464
CAGATAACAACGGAAC,1464
CTTTAACACTTTGGAG,1464
GCCCGTAACACAAATT,1464
GGATGGCTCACTGAAA,1464
GGGACTGAATATTTCC,1464
GTTAAAGGCTTTCTAA,1464
TGTCCACTTCTGTTGT,1464
AAAACACCCAAGTGCG,1463
ATGGTAGATAATCGGT,1463
ATGCTAAAACGCAATT,1462
CAAAGGAGCAATAATT,1462
CGAAAACCAACACTGA,1462
CGAATCGGACATCTCA,1462
GAAAGATGTGGAAATC,1462
GAGAACCATCCGCTGG,1462
ACGGGGTTAACAAAGC,1461
ATTATTAGCCAGCCGG,1461
CAATACAAACTAAGGG,1461
CACGGGATTCGCCAAA,1461
CCACCACGTCTCCTAG,1461
GTTCAGGCTACGACAA,1461
AATTGTTCATGTTGAA,1460
ATATCTTTAGTTACGG,1460
GGGTGAAAATCAATTC,1460
TTGTACTAGACAGACA,1460
ACCATAAAACTACAAA,1459
ATATATCGAATATAAG,1459
TATCCTATACAATCAT,1459
TTTGACATCATGCCCC,1459
AGCAACGACTGATTAC,1458
GAGGAGACAATCCATG,1458
TAATGGAAGGCTCACA,1458
TGGTCACTTCAAATGC,1458
ATTAGCAAAACCCGGT,1457
CTTATGTGGTCCTTAT,1456
GAGCGCAGCAAATAAA,1456
GTTACATGAAGTAAAA,1456
TTTTATCCAACTCGAA,1456
ACGAATCAGCCTAATC,1455
CATTAATCCTATCTAC,1455
TAGGTCTGTGGAGAGG,1455
TATACTGTTCTATTCT,1455
TTTCTAATCGTCACAA,1455
AAATGTGCATACTTTT,1454
ATCAGAATTCCTACAA,1454
ATTTTTACAAGGATGA,1454
GTCCATCAAAAAATTT,1454
AAACTCATAACCTAAA,1453
CATATTAAATCAAATA,1453
AAACTACTTATGCATA,1452
AGAGAGGAAGAGAATC,1452
CCAATGTCAAATAACA,1452
CGCGTTACATGTGATT,1452
TAAGATATCTGTAGTT,1452
ACAAGAAAAGATTTAG,1451
ACTTCGACACTCGTAG,1451
CGATAACAAATAAAAA,1451
CTTGTGGTAAGAAAGT,1451
TTAGAATTACCCTGGC,1451
AAACCGGACTAGTCGT,1450
AGTATTTCATTGTCTG,1450
CCATTAGAGTGCAAAC,1450
TAGCACGTAAAACCCA,1450
TCCGTCAATACTCACG,1450
AAGTGGTTATAGCAAA,1449
AAGTTTTACCTCGGCC,1449
ATGACCCGAACATTTA,1449
GTTTTAAGGTTGAGCC,1449
TAAAATAACCTCACAG,1449
TAGAGTACCCTCATCT,1449
TATCGTTACTCACAAG,1449
AGAACATAAGGGCCAC,1448
AGCCACAATATCTCGC,1448
CGACGCCGGTGAGAAC,1448
TTACCCAGCTTTTTAT,1448
AACTCTGCGATTAATG,1447
ACCAACAAACCTTAGA,1447
CACGTCATAGCAAAGC,1447
ATAAGTATTACTGTAG,1446
TAAATGTGTCTAAAAC,1446
TAACAAATATAATATA,1446
TAAGTATAACACAATT,1446
AAAATTGCTCACCAAT,1445
CTTCGAATTATAACAA,1445
TTAACCGATGAACCTA,1445
AAGCCTCAACTACACC,1444
ACCTCGTATACTGCAC,1444
CAGGATAGCATACAGA,1444
CCAACACAGCTTAACG,1444
CGTCCGAACGGATTTA,1444
GAAAACCTCAAAATGG,1444
ATATAATCAGTACGTT,1443
ATCGCAAGTAACCGCG,1443
TAACACCTGCTACCAG,1443
AGTACGACACACACGA,1442
GGAACCACTGAAATTG,1442
AGACATGCTACATGAG,1441
CTCAACGAGAGCGAGA,1441
TAAGGACGAACCAAGT,1441
TCAAAACGAAAAACCA,1441
AAACCATATCCACGTC,1440
AAATGGATACACTCAC,1440
AATTATATTAAAGATT,1440
TACTTGTTTTATCTAC,1440
TGTAAACCCATGATAT,1440
AGAGCGTCACGTTAAC,1439
ATAATGCACCCGAGCC,1439
ATCCACCTATAAAGCC,1439
ATTTCAAGAAGACTCA,1439
TTAGCATATCAAATGG,1439
AACGGATGATATATAA,1438
ATACATCTCAAATGTA,1438
CCGCCACCACAAAAGA,1438
TAGGACTATACTCAAA,1438
TTAGAAATTTTTGCGC,1438
AATACACCCAGCCTCA,1436
AATGAAAGGGCATAAA,1436
ACGAGTTACAACCTTC,1436
ACTAATACAGTCACAG,1436
ATTTAAAAGTAATAAA,1436
CGTATGATTAAACATC,1436
GCTTGTGTAATGACAA,1436
TGGCGGAATGAAATTA,1436
TTGTCCTAGTTGAATC,1436
ATTTTTAAGCCGGCCT,1435
CACTTACGAGAACTCA,1435
TCGCAATCGAATTATG,1435
TTCCCCCGAAAATCAA,1435
TAAACCAACATAAATA,1434
CCTGAAAACTGGAGCA,1433
AGCCAACGCTAACACG,1432
AGCCGAAAGAGTCATG,1432
ATAGTGTCGTCACATT,1432
CCCCATCAAATAAACC,1432
CGTCAAGGAAGATGCA,1432
CTTGAATGAGATCATC,1432
ATTTCATCTATCATGA,1431
CATCCAGACCGTTTAA,1431
CGGGATAGATGCCTTG,1431
TAAACTTCAACTCTTA,1431
ACAATGAAAGTCTAAA,1430
AGATTTGGAGCGATCA,1430
CGACCATAACAGTTAA,1430
GAGCTAGAGATTAACC,1430
GCGAGAAGGTATATAT,1430
AAGCGGACAAATAAAA,1429
TAACCCTGTACTGACC,1429
TATACTTGATCAGGTC,1429
TCTCGAAGAATTTGAG,1429
AAAACCAAAGGGCATC,1428
ACCAAACATTTCGCGA,1428
CTTTATACCCGAGGAA,1428
GACTATCAGTACCCGG,1428
GGGAGACCGCAAAAGA,1428
AAAAAAAAATGCTACA,1427
AATCCATCATATACAT,1427
CAAAAGTCACATTGTT,1427
CTTAGAATAAAGCCAT,1427
GATCTTAATACCTTGG,1427
AATTTGCCGGTTCGAT,1426
CCAATAGCCGAAACAG,1426
GACCCCGAACATGTCC,1426
TAGACGAACAATACCG,1426
TCTAGTTTGTAGTCAG,1426
ACATAAGATCCTGATG,1425
ACTGAATAATTTAAAC,1425
CAATGGGTAAACCGAC,1425
GAGAACATTGACAGCC,1425
GGGGTTCTGCCTGTTT,1425
TATAATGTAGCTGCCT,1425
AGTTAAAGACATGTTA,1424
CCGAGTGTACTCTTTC,1424
CTCAACCTTATTCAAA,1424
CGGACCCTAGATTATA,1423
CTTGGGTTACACCAGA,1423
GACTACGTACATCCTG,1423
AGTTATATTTAAGCAC,1422
CGCTATTAGGAAAAAA,1422
CGGCTAAACGGCTGTT,1422
CGTTATACCACATATT,1421
GAGCAAAATTTACTAT,1421
GATACACCAGCGCAGA,1421
TAGACAGAACCAACGT,1421
TATTTGGACTGCGAGA,1421
TTAGCGACTCTCATAC,1421
TTGCTTGTCAAATCTA,1421
GGATTTGAAACAACTA,1420
GAAAAACAACATTTAC,1419
GCTACAAATATAACCG,1419
CAAGTTGGTAAAATCA,1418
CAATTAATACCATTCA,1418
CACATAATTGTAGACT,1418
CCCACGTCTGTTGACC,1418
CGCTCACAAATATTCT,1418
CTATGATCAGCCGGTT,1418
GTAAGCAAAGAAATTA,1418
GTTTGTGCTTGTTTCA,1418
TAAGTTGATATTCAAT,1418
TTACCAATTACACGGT,1418
TTCTAATATGATAGTG,1418
AATATACCGTACGACA,1417
AAAGGTTCAAAAGCCT,1416
AAGACTATATTTAAAA,1416
CCGTGACCTCAGAAAG,1416
TATGTCTATGACAACT,1416
TCTAGTCCCTGTATGT,1416
AAACTTCGGTATCCTG,1415
ACACGAATACTTACTA,1415
ACTGACCATAAAATTT,1415
ATAGAGATAGTCTAAT,1415
CACATACCGGTCGGAG,1415
CCACATACGCTACACG,1415
GACGGGGCCCATAGAT,1415
GTACTCAAAATAATGC,1415
TAACTGGCTTCTGGAG,1415
TACCTTAACCTTAATA,1415
AAAATGCCCCAAAGAA,1414
AATGTATTCAGTTGGA,1414
CTATAAACGTACAATC,1414
TTACTGGAACCTCGAT,1414
AAAGCTGGTACCCAAT,1413
ATACTAGTAGCACCCT,1413
TGAGATCGTAGACTAC,1413
AACCTCCCCGGATAAC,1412
ACATCGCAAGCGAACT,1412
ACTGGTTACCTGATAT,1412
AGCATGAACTCCTCTC,1412
CAATTAAACAGCCAAC,1412
GACCAATCAGAAAATA,1412
GGTGTCGTCCCCGGGA,1412
ATAATCGCCAGCAAAA,1411
CTACATAACAGAAATT,1411
TCAGAATATAATGACA,1411
AAACTGCGGGGTGGAT,1410
AACGGGATATATAAAC,1410
ATTAAAAAATAGCTGG,1410
CAAACAATGACCGTTG,1410
CATTTCTGCATGCTGC,1410
GCGATGAGGCGCCTTA,1410
TAGTACAACATTCAGA,1410
TGCCGAAATATAGGAC,1410
GAAGAACAGCAAAAAA,1409
GCGATACCGAAACTCT,1409
TATTCTCTAATGCGTG,1409
AGCCTGTGCCATTTTG,1408
AGTTAAAGAAGGCAAT,1408
CAATCTCCAAGACCGA,1408
GACGAAGCGTCCAGGT,1408
TGAAGTATGCGACTAC,1408
TTTATCAACATGGCGT,1408
AACAATGAATTAAAAA,1407
AATACCAAAACTCATG,1407
GTTGCTATCTATAGAT,1407
TAATAAGATTACAAGC,1407
TTCCGCAGAAAACGGA,1407
AAAAGGAACATTGAAT,1406
AACCAAACAACACCTT,1406
AATGATTAGCAAAACC,1406
AGAAAATAACCGAATA,1406
AGGATGAGACCCTGAA,1406
ATAAAGGGTTGTAGCA,1406
ATAAGATGATTATCAG,1406
CATGATCCCTTCAAGT,1406
CGTATTATCAGTGTGC,1406
CTAGTGCAAAGGACTG,1406
CTTGAAGAACCTATAA,1406
TAGATTCGATGTGGGA,1406
TGAACGTTGAGTTACA,1406
AATATGAATACAACGG,1405
AGTTAGGCAAACCAAT,1405
TAAACCAGAGACCCAC,1405
AGCTACAAGAGTCAAC,1404
GATCAATGTGAGATTC,1404
AGATTAAAGAGAAAGA,1403
TAATCTACCATAAAAA,1403
CCTATTTGCTAAACTC,1402
CGAAAGTCAGATTAAC,1402
TCCTTCCTCACTAAAT,1402
AAAGACAAACACACAT,1401
AACTTGCCGAATCGCT,1401
AGTTAATGAGTCTACT,1401
TGAGGTTCCCCGGTAA,1401
TTACAAGCTAACATAG,1401
AGCACAACAGTCCGTC,1400
AGTTTCTAAGGGCACA,1400
CAAGTGCTCTATAATG,1400
GAATCCCAAATAAATC,1400
GCACGTTTACTATTAA,1400
TGTATGACCAAATAAG,1400
AAATATATGAAATCCG,1399
AAATCAATTTCTCGTT,1399
CCCCACATATAACCTC,1399
GATTTACCGACATACC,1399
TAATGAACCCTTTTAT,1399
TACCGGCATAACCCGA,1399
AAAACAAGGGTAAGTC,1398
ATGAGCCAGGTTTATT,1398
CAAGTTAATTAATGAC,1398
CGACTAATAAACGCCT,1398
TATTAAAACATAATGA,1398
AAATGACGCATTCTTC,1397
AACGACTCCACGAGAA,1397
AAGGCATCCTTCCGGT,1397
CGAAATGGCCGAGCCC,1397
CTTATCAAAACATAAG,1397
TCACATCACTTTATAC,1397
TGACGTGGTAATAAGA,1397
TTCCAGCTTGATAATG,1397
TTGACCAACCTCATGT,1397
GACTGTAACAAATTCT,1395
GCAAACATCTACCCTG,1395
TGTAAAAGCATCCGAA,1395
AAAACTTAATATTGAC,1394
CAGAATAAAATTGACT,1394
AAATTAATGGCATAAA,1393
AATTATTGGGACCCTC,1393
ACTAGTAAACGCTTTT,1393
ACTGTAACATCCAACC,1393
CAGCGTCACTGCCCTT,1392
CTAATAATCGTATCTG,1392
GGAATCCATCAAACAG,1392
GTCGACTCCGAAACAG,1392
TATCACATACCAATCA,1392
TTCTTATGAGACCTTA,1392
AAGGCACACAAAATGT,1391
CGATTCTCGGCATTTA,1391
CTGGACACTCACAAAA,1391
AGAGTAAGTATCAAGA,1390
ATAACATAATTTAACG,1390
GATCAGACCGTACTAA,1390
GCGGGACAAAATCCCA,1390
TCGCACAAAACGTTAA,1390
TGACTCTAAAAGCTTG,1390
TGTTATAACGGCACTG,1390
AAATACAATAGCAGTA,1389
ACACACAGGACCCCCT,1389
CTCAAACTACTCAGAT,1389
GGCCACACGTGGGCAC,1389
CATCATGTTGTACGAT,1388
TATAGTCCTGACTGAA,1388
AAATTCAGGTATAAAA,1387
AATGCAGAAAGCACCA,1387
ACAAGACATAACGAAG,1387
CAACTGTTAGCATATG,1387
GAACCACGCTTAATAG,1387
GACTGTGCGTAGTCAT,1387
TGCATTTCACACGGTA,1387
TTATCAGTAATCAATC,1387
TTTAACCCAAGGAACT,1387
AGATCACATACTCCAA,1386
AGCCTACACTCATGAG,1386
ATTGGCTTACAAAGCA,1386
CAGAACTGAAGTGATA,1386
CGAACGCATCAACCGA,1386
GGCCAAAGTCAATAAA,1386
GGCCAAGTCCACTACC,1386
ACATTCACGATTACGG,1385
AGACCGATTTTGACAG,1385
CATAAGGTTACGCACA,1385
CGTCCTAGCAATACAG,1385
TGATTCCGGAATTCAC,1385
AAATAACCACCGCTGG,1384
CAATTCAAAACAAGTT,1384
CCAAATCCAATAAGAT,1384
TACGTCGCACCGAGGA,1384
TCATTACAACCTTCGA,1384
TGACATGACATGGAGC,1384
AAATGGCATGCACGCA,1383
AGGACGAGTTGATGAA,1383
CCAACTATTGGGCACT,1383
GAGCTACCGAAAAATC,1383
GTATGGTCGATGGGGG,1383
TAGAGGCCGATCCTTC,1383
TCCCCCGTACCCACTT,1383
TGTGAATAATAAACTA,1383
ACCTAAGGGAAGCCTT,1382
CCCTGATAAAAAAATA,1382
TCACACGCCATGACGC,1382
TCGTACAATTAAGATG,1382
ACTTATCTTTAATGGT,1381
CATACTATGGGCAGAA,1381
AGAAAGATCTCTAAAA,1380
CAATATTACTAAGAAG,1380
GACCCCTTACGTAAAC,1380
AAATATATTTGAGAGG,1379
ACATCTAAAATCCGTG,1379
ACGAGTAACAGAGCCT,1379
GAGTGGTTCACAGACA,1379
ACGGAACGACCCATCA,1378
ATACAGTAATCAGATA,1378
CAACATTGTCCTCGTT,1378
CATCCCCGACTTATAT,1378
GACATCTAACTACTAG,1378
GAGGTAAATGGACTAC,1378
GCGGTGGAATTATAAT,1378
AAAGCTTTATACTATG,1377
ACACCCGTAATTAGAA,1377
AGGCAAAGCACTGACC,1377
CAAATTGGCCCAGATG,1377
GTGCATAGCGCCCAAA,1377
TACCCTACACGTAGTG,1377
TAGCGATACAAACGGT,1377
CAACACTATTGCCATA,1376
CAGCTAGATGAACGTC,1376
CGACACAACGGGGCGC,1376
AATGCACCATACGCAC,1375
AGAAAGTACTGCAGAG,1375
AGAAAGTATAGGAATA,1375
ATGGTAACCAAATTCT,1375
ATGTGCAATTACTTGA,1375
CGACTACAATAAATAA,1375
GAAATAAGTTTAGCGT,1375
GGGAAACCTAAATAAC,1375
GGTCATTCCTGACAAG,1375
TACGATAATGAGAAAG,1375
CTTATACTAAATGACA,1374
GAGGCGCCAATGGCCT,1374
AACAGAGTTTCTAAAG,1373
AACGAGTAAAGACCCC,1373
ATTAAAAGTTACGGGG,1373
CCGCGTTGAAACACAA,1373
GCTTTGCTTCCACAGG,1373
AAACAAGCATATTACA,1372
CACGGACTCTCAAATA,1372
CAGAATAAGCTCGAAG,1372
CCCAAAAGGCACTAAG,1372
CCGGCTTAAAAAATCA,1372
TAACATCATTTAACAC,1372
TTAAAACTGCGGTGAC,1371
TTAGGTGTAAGATTAA,1371
ACCACATGCCTACCTA,1370
ATTAATATCACGTAAT,1370
GTGCAAGGCATACATT,1370
TGATAAATGCCACGAA,1370
TGCATAGCTCATCAGC,1370
TTACAGCAAGATTACT,1370
AACCCATAGTTCAGCC,1369
CGAATTCGCGAAATGC,1369
CTCTAAAGTTTAGTGA,1369
ACGCACGTTCGACGTC,1368
ATTATCTCGTACAAGC,1368
CTAATTATGAAGGAAA,1368
CTATATATTAGGGATG,1368
AAAACTTCAAGCACTA,1367
CCCGAGGTGCCCCAAC,1367
CTCGGCCAATGCAAGT,1367
TTGGTAACTTTCAGGA,1367
AACATATGAATTCAAA,1366
AAGGACTTATTGGGGC,1366
AGTCCCCTGACTCGGC,1366
CAAATTTCAGCAGTGA,1366
TACCGATCCCACGACG,1366
AATTTGATGATATACG,1365
GCTCCGACTTAACGTT,1365
TCAAGCTGCGGTCACC,1365
TTATAAATGTACCACC,1365
AGTGTCTAAACAATGA,1364
ATAAGGTACGCGTTGT,1364
AAATTCCAAGGGGTCA,1363
AAGCATGCGCCGTACT,1363
ACACCCTATCTTGGTC,1363
AGCTGGGTCAGTGAGA,1363
CTCAACCAATTTTAGC,1363
GATCATCCTGTAAGGC,1363
TAAAAAACCTAAACCT,1363
TAGGTTTAGAACGTCC,1363
TCACTATTGCAATGCG,1363
TTTAGCAAGCAAAATT,1363
CAGATCCTATTAGGTG,1362
GGATAACGCCTATTGT,1362
TTGTGTAAGGTATACT,1362
AAACTATAGCGGGGTG,1361
AAGATTAGGCGAATTC,1361
ATATATTATCCAGTCG,1361
ATCACCTAAGAAAAAA,1361
CAAGGTCATCCCTGTC,1361
CCGTAAAATAATCATA,1360
GATCCATCCAATATTC,1360
TCCGAGACCACGACAA,1360
AAATATCATAGTAGGC,1359
AATATACTTCTCTAAG,1359
GGCACTTCAGGACTAA,1359
AAGAAAACTAACCAAG,1358
ACAAGCGTGGTAATCT,1358
AGGGGACAACAGACCT,1358
ATGTCGACCATGCTCG,1358
CAGGCGCGATTTAATG,1358
CTTCCCAAATAGCCTA,1358
TAACCCTAAATCAATC,1358
TACACGGGTGAGCCAT,1358
AAGGCCACCAACCACT,1357
ACTCCTGATTCCGACG,1357
ACTGATTAAACCCCAC,1357
ATAACTCACCATCATA,1357
ATTCTTTTCCGACCAA,1357
CACGGGACTAAAGGAA,1357
TGCATAAGTATACTAG,1357
CATCCAAACAACGATA,1356
GGTTTGTCCAAACACA,1356
GTTAAGCGATCGTCCA,1356
GACAAGCCAGGACACA,1355
GCGCGAAACTTTGGAC,1355
TCGAAAATTGGCAAAC,1355
AAAGATATAAGACCTA,1354
ATTTTGAAAAAGTCAA,1354
CGATAAAGACCCAAAG,1354
CTCTAAATAAACTGGT,1354
GACAATACACCAAATA,1354
GCACCGACCAAAACAC,1354
TACGTATTCTTGCAGT,1354
TTTGCGGCAACCGTAC,1354
TTTTGTGATAACCATA,1354
AATCACTTGCGCCCAA,1353
ACTAACAAAAGTAGAA,1353
ATTAGCGGTAACGCTT,1353
CCAGGTTAATAAATAA,1353
TAAATAAAACGCACAG,1353
TCCAGTATAACACCAT,1353
ACGCCGTCTACCAGTA,1352
AGACATTCTGCCTAAA,1352
ATGAAAAACGCCACAG,1352
ATGTCACAATACAGAA,1352
CACCATAAGATAAACA,1352
CTAACGATATAAAACT,1352
TGGTTTAGCAGCAAGA,1352
AACCAATAAGTTTAAC,1351
CGCACCGTAAAATAAT,1351
CGTCGCCTATATGCCG,1351
GGAAGTTATTAAACAT,1351
TACAAGAAAGTGTGTA,1351
TCCAGTAAACCAAGGA,1351
TCTACACGTAGTTTAA,1351
TCTATTGTCAAGTCCG,1351
AGACCAATCGGTCCTT,1350
AGTTTCAAATCAATAA,1350
CATTTAAGAGAATCTG,1349
CCAGGGTTCCTTCGCA,1349
AAATCTATAAAGCTGC,1348
AGATCTTATCGGAACA,1348
CAACTTTGAGATCTCT,1348
CAGAGCATGATAAATG,1348
CAGGTACTAAGAGAGT,1348
TATACAGCAAACACCA,1348
TCCAATAGATAAACAA,1348
AGAACAATCCACCGAG,1347
CTAACGCCAAAGCTAA,1347
AAAAGGACCGTCCAAC,1346
ACAGCAAAAAGAACTC,1346
AGGACCCCTTCTTGAG,1346
CCCAGTGTACAATTTA,1346
TATAGCCTAGACAGGA,1346
ATAACGAACACATCAA,1345
TAGCGAGAAAACTGAG,1345
TTAATAACCGAAAGGA,1345
AACCATCGGCTAAACT,1344
AAGCTCTGTGCCCCCC,1344
AGCAGCAAAATGAACG,1344
CACATGAAGCCTTGAA,1344
CGAACCTGAGTTACAA,1344
GTGAAGCCCCCGAAAA,1344
TTATAATTGAAAAATG,1344
TTGAATTTCAATATGT,1344
CATACGCAGATAGCAA,1343
GCTAGATAGAGAACTA,1343
TCTAATATTAACTACC,1343
AGGCATATCCGAAAAC,1342
CAACTTTACTTGCGTT,1342
GCTTAAACAATACAAG,1342
AATAAGACGATGATAG,1341
ACGAATAAAACCGGAT,1341
ATCAGCCTTACTCAAC,1341
TACCCTATACGTGAAA,1341
CGATGAGACTGAAAGG,1340
TCTCGATAGCAACTGA,1340
CAGAAAATGAATTCGA,1339
CTTTATAGACGTGCCA,1339
GAAAAAGAACCTAACA,1339
TTAGTATCCATGAGGT,1339
TTGCTAGGGCAAACAC,1339
TTTTCCTTACTAGACA,1339
ACATCTTTTATGTAAC,1338
CTCTTATAAAAGCAAC,1338
GTTACAGACACCAGCA,1338
TAACGTCATCAACATA,1338
TGAAAATAAAGTAACG,1338
AGTCGACATTATGACA,1337
CAGACCGTCTCTCAAA,1337
CATCAGCGCGGGACAA,1337
TGTTACTCCGAGAATG,1337
TTTTCGACAGTAGAAG,1337
GGATTTTCGGGTGACT,1336
AAAAGAGAAAGGCTTC,1335
ATTACGCTATAAGTCC,1335
CACCGCATTACTCTGA,1335
CGGCAGCATATCCTGC,1335
CTTATACCACCGCCAT,1335
GTAGGATCATAGTCTT,1335
TCAGGCACCTATGCCA,1335
AGTGGAATACAGAAAA,1334
CATTTGACCCATCAGG,1334
ATCATATCAATATCAT,1333
GAACGGCTCGATCGCA,1333
GATGGTAAGTAATTAG,1333
AAGCCTAAACCAGTAA,1330
CAGAATGTCTATCGGG,1330
CGCTTGTCATGAACTA,1330
CTAGCCTAACTAGTCA,1330
GACCCCTCTAGTATTT,1330
TCTACACTATAGACTC,1330
TTTCGTCTCAATGTAT,1330
AAGAAGTCTTCTGCTC,1329
ACATACGAGAAAGACG,1329
AGTCACACGGGGTGTT,1329
CTGAATTACGGGACTC,1329
GAAATTTCCCGGTACT,1329
GGCAATATGTCATTGA,1329
AAAACTATAAAAACCG,1328
AACCTCAGGACAGCAG,1328
ACAGATCAATCAATAG,1328
ATGAGTTCCTTGTGGC,1328
CGACCAAACTGAGGCC,1328
CGGTGCAAGGATCTCA,1328
TACATGGGATCCACTT,1328
TATTAACCATAAAGTA,1328
TTATTATCGGTAATTC,1328
AAAAAAAACATAAAAT,1327
CACTTGTACAAACGCA,1327
CATTAATGAAAATTTC,1327
CCCGCTCCCAACCCCG,1327
TACAAATCTGAAGCAA,1327
TGGTGATCACATTAAT,1327
TTTACATATTACACAC,1327
TTTATCTCTCTCTCTC,1327
AAAGGCATTGAGCAGC,1326
GCTATATACATCACGT,1326
GCTTAATGCGGTGAAA,1326
TCGATACAAAAAGGCT,1326
ACAAACTTTTGAAAAT,1325
AGGGTGGTGCGCTACT,1325
ATAATATAGGCTAGTA,1325
CCCAACAACCTATAAA,1325
CTGGGCAGGTTTTAAC,1325
CTTAATTTTGTCGGGA,1325
GACTCACATCACCGCG,1325
TTACACAGAAGAGTAA,1325
TTTCTTGAACATACAA,1325
AACGCCACGGAAACGC,1324
ACGGTCTATCTTGATA,1324
AGTCTATACCAACTGT,1324
ATCCCTGAATTAACAC,1324
CCAATGATGGGTCATC,1324
GTCGTCGAAGAGCTGC,1324
TATTTCAGCTGAAGCT,1324
AACGTGCGGAAGCATT,1323
AGTATCACATTAACTC,1323
CTAGTTAACCCACAGT,1323
GACCCATTCTTATTAT,1323
GGAGAAGATAATCATT,1323
GTTCATGTTTAGCGAA,1323
AAAACTATAAATGTCA,1322
AAAATCAAATAACCAA,1322
CAAATCAGGTTTCGAC,1322
CCCCTACACATCTGTC,1322
TAAGAAACAAACGTAT,1322
TGTCACCAGTCTACGC,1322
AAATATACGGTCCCGG,1321
ACAGACTAGCTAATAA,1321
CAACGCGCTGGGCGTC,1321
CACGGGAGTCATAATA,1321
TAGTTCTAATTAAAAA,1321
TTGCTAAATGGAAGAG,1321
AAGCAACGAACTTGCA,1320
AGGGTGCTTTAATGAC,1320
ATAGCTTACGAGCGAA,1320
CAAGGACAATTTGGAA,1320
CAGGGAGATTAAAAAA,1320
CCACTAACTATACGAT,1320
CCCAGCCCGACTTCAA,1320
TTCCTCAAATACAGAC,1320
AAAAGATTCTTGGAAG,1319
AACACACTATGGAAAC,1319
ACGATAAAATATAGCA,1319
CAGATTTAATAAACTA,1319
CTCATATCTTGAGTCA,1319
GACCGTTTATAACCAA,1319
TTAATAAAGTTAAAAG,1319
ATTATGATCGAGACGC,1318
GCCTTTGCAGAAGGTA,1318
GTACCCCTAGAAACAC,1318
TTTCATTAACACCAGC,1318
ACGGCGGTAGCTGCGA,1317
ATAAGGACCTATTGCC,1317
CATATAGCCCCCCCGC,1317
GGTGAGTCTTGTGCGT,1317
GTATTTTCCACCGAGG,1317
TATAATAACATAAAAA,1317
TCAAAAATCCAAAATT,1317
TGAGAAAAATGGCGTA,1317
CATGTAAGGGATTCAA,1316
TACCTCTAATGGATCA,1316
TATTACCCTTTCACAC,1316
ACCGCGACAGAGAACC,1315
CAATCAGACGAATTTC,1315
GAACTCAGAACGACTT,1315
TCACTCAAAAAACGTG,1315
TCTCCTCAACGCATTA,1315
GTATAGACAGCTCATT,1314
CGCGCTGAAACCTGAA,1313
GATAGTTCAAAGTGAT,1313
GCCAAGTTTGAGCGAT,1313
TATCAAGTATCAAAAT,1313
TCACAGCATGAAAAAT,1313
AGCAGTTTCAGCTGTG,1312
AGCCCATATACGCACA,1312
AGGCAGGATGACCAAA,1312
CATCACGACAGCTCGA,1312
GACTATTAGTATATCC,1312
TGTTGAATAAGTATTA,1312
CAATGTAAGAAAGCCT,1311
CCAAGTCAAAAATTTA,1311
CTATGATATCATATAT,1311
GATATACAAGGCACCA,1311
GTGCCTACTATCCTAG,1311
TAAAATCTAACAATGC,1311
TACGATTCTGATCTGT,1311
TATATCGACAAAACCA,1311
TTTAGAAAACTTTGAT,1311
AGGAAAAATCTACCGA,1310
ATATTAACTTGTTATG,1310
ATGGACATAAAAACTT,1310
CGCACGTATCACGAGT,1310
GATTTTTAATACGATG,1310
TAGGTCCCCGTGGGCG,1310
GCTTTTGGCACTCTAC,1309
CGTGAACGAAGTAGTT,1308
CTTAATGCTGTGAAGG,1308
GATACGCCGAAAGTTC,1308
TACTAATCTTAATTTA,1308
TTCGGATCCACTTGAC,1308
CTAATTCAAAAAGAAG,1307
GCTCAGCTCCCCGCGT,1307
AACCGTAACTTATGAA,1306
ACAAACGGATACCACA,1306
ACAGAATTCGACCGCC,1306
CCATGTATCCAAGCAC,1306
GTCTCCTAAGACAGAT,1306
AGTAGATCTTTGCTGT,1305
CCACACGAATACTAGG,1305
GAACCTACACCTGCAT,1305
GACGAAAAGTGCAACA,1305
TCTCCATTCACCTAAA,1305
TGAACGCAAAACGCGG,1305
TGATGTGTATAGTTTG,1305
TTAACACGAGCCTCAT,1305
AAGGAAGAACTGATAC,1304
ACAAGAAAGTGGACGT,1304
GCGCAGCAACGCCCCC,1304
TAACTTTACATTTCAT,1304
TGAGCAGTTGCGTGAT,1304
ACTACCCTATCTCTCC,1303
ATCATGACTGGTCAAT,1303
CATTGTTGATACTACG,1303
GAACCGAAATGAGAAC,1303
GACGCTTTATAAAATT,1303
GCAACGAGACGATCAA,1303
GTATGAAACAGTACCC,1303
TACAAATTTGCAGACT,1303
AACCAGAATGTAAGGG,1302
AAGTCCGGATTAAAAC,1302
ACCATCCGTGAAAACC,1302
AGGTCAAGACCTTTTA,1302
CCCCCCCTCAAATCGC,1302
TACGTAATCTCAAATT,1302
TATCAATGATAAATAT,1302
GTAAGAAAACCTTACC,1301
AAAAGTAGCGCTGTAG,1300
AAACACAACACGGTTT,1300
AAACCAGCAACAAGAA,1300
AACCTCCCAACTGTAA,1300
AATAGAAAGGATAGCG,1300
ACACTAAATACAAATA,1300
AGAACACCAGAAGACG,1300
CACTGTGGCTACGCAT,1300
GATACGAATCCCACAA,1300
GCACATCATTATTCCG,1300
GCCCACGCCTAGCCTA,1300
TCTTTCACGGGAACAA,1300
ACCGGACGTGCCTTTT,1299
CACCGTATGTTCCCAC,1299
TGGAAGGGTACGCCAG,1299
TTAAAAATTGCATATT,1299
TTCCAGCCCCTAAGCG,1299
ATATCTTACACATTCC,1298
CAAGTAAAAATTGCAA,1298
CAAGTTAATAAAATCA,1298
CGCCCAATGTACGAGG,1298
GAATGGTGGCACTAAT,1298
GAATTAATTAACGTTC,1298
GGACAAATAGTTACGG,1298
TCGACCGTTGCCGCAC,1298
TTCCCAGCGTCAAAAA,1298
ATAAAACTACATTAAC,1297
ATACTACATGATGCAC,1297
GACGAAACTAGCTCGA,1297
AAGTAATACCAGACAA,1296
CATACAATAGTACACA,1296
TAGTCTCAATAACCGG,1296
TCGAGCGTTCGACTTA,1296
TTACTTACCCACACGA,1296
AGGAAACTACAGAAAA,1295
ATACCTATGATAATGA,1295
ATATCCCAATGGCCGC,1295
CTCACGGGCTGTGAAC,1295
GAGAGGTGATGTTTAA,1295
TACACGCGACAAACGC,1295
TAGCAACGGGACGAAA,1295
TGGGACCGCGAGGCTA,1295
TTACGTGCACGACCCA,1295
AAGACGTTCAATGATA,1294
AATCTCTTGGGTAATA,1294
AATGCTACGATCTGTT,1294
ACAGTAAAATAGCAAA,1294
ACCCCGAACGCGCGGC,1294
GTAATATTAACTGGTG,1294
TCGAATGAGAGATCTG,1294
TTACTAACACATCAAC,1294
AAGAGAGTGCCAGAAG,1293
AGACGCGAGTAACGCA,1293
GTAAAGAGAGTTCGAC,1293
GTCACAAATCTCCAAT,1293
TACCAAGTGCTAACTT,1293
ATCATTTACGCCCTCA,1292
CCAATGTATACACACC,1292
CTAATATTCCACAAAA,1292
GACCAACGTCGCCCCG,1292
GAGAACTTTGATAAAC,1292
TATAAATGACGCTTCA,1292
TGAATAAAAATAGGGC,1292
TTTTTCCCGGCGTCGA,1292
AAAAACTCGGACCAAG,1291
AAACCAGAGATACAAT,1291
AGACGGAATTAGGAGA,1291
GAGTCATAATTGATGG,1291
TGACGAATAAAACAAC,1291
TGTAACTAGAACTTTA,1291
TTACCCTTTGGCCCAC,1291
AACTGGCACCCTTTAG,1290
AAGTGGGAGAACAGAC,1290
CACCTAGTACCCACGT,1290
TCGGACATGCGCCAAA,1290
ACTATGATCTGACAGG,1289
CCGACAATAGCCTAAG,1289
CGCAAGACGAATAGTT,1289
GCATTGAAGCAACAAC,1289
GTTGGACATAGTATAA,1289
TCCGTTAAAGAAACAA,1289
AATAACCTGATCACAC,1288
CATGCAATCAAAAGAC,1288
CTCGAGAGTTATATTA,1288
GATTCCACTCTAATCA,1288
GGACCATGCCCATACA,1288
GTGCCCTTGAATAACT,1288
AAACGCACGACGTCTC,1287
AACGAACGAACTGATC,1287
AGGTAGATAAAATCGC,1287
CCCAAAAAACTCAGCG,1287
CGGATGCCGACGATCA,1287
TACTTATCGGATACAT,1287
TAGAATATGTAATCCA,1287
TTAAAATTTAGTCTGC,1287
AAGTACGAACCAGCCC,1286
AGAATCCGTTAGGGGA,1286
ATACAAGACATCTTCC,1286
CAGGACTCAGAAAAAG,1286
CGAGAATTAACCTAAT,1286
GTCTAATACCACAGAT,1286
GTTTTATGCCCTGACA,1286
TTGTCGGGTATCTTCT,1286
CTGATAGAATTACCTA,1285
TATTTCAACAAAAGGC,1285
TTAGGATCGCGAATAT,1285
AAAAAATTTGTCAACT,1284
AACAATAGGCCACTAA,1284
ACTGAGAATATAACAA,1284
ACTGATTTCAATACCC,1284
ATTATCAAACTAACTG,1284
ATTGTTAAAGCGCACT,1284
CGGAAACAATAAGAGT,1284
TGCATCTTTTATCTTA,1284
TGGGCGGTTATAGATC,1284
TTACTGTAAGAGAAAT,1284
AGTCATAATATATTTG,1283
ATTACTGTTTCCTCTC,1283
CACCATGACAATAACC,1283
GTCAAGAGAATTAGAT,1283
TCCGATTCTCCAACTG,1283
CAACGAGTCAAGTAAA,1282
GTGATACCTAAATCCA,1282
TACTTTTTATTCAGAT,1282
ATATGTCCACAGAAAA,1281
TTATATCAGCTAAAAA,1281
TTCAAAGACAGCCCAC,1281
AAACGCTCACTGCCAA,1280
ATGAAATCAGAAAATA,1280
GGTCCGCCCTTAAATT,1280
GTAAGCGATTACCATT,1280
TACTTTAAGGAGTTAC,1280
TCACTTGACTCATTCC,1280
TCCTCGTCCTAAGAAA,1280
TGTCCAGTTTCAAATC,1280
AAAGATGGCTAAACAC,1279
AAAGGATAGTAATTCG,1279
AAGATTAGTGCGCTGA,1279
AAGCACTGCCATAAAA,1279
CAAAAGAATGCTTGAA,1279
CATCGACGCCCTACAC,1279
TGCGTATTAGCCAATG,1279
AAGAGTTACTGACTAA,1278
ACATATACTGAGAGGA,1278
GCTGTACAAACACTTT,1278
TAACTGAGAGAAACCG,1278
TTGAGCCTCACCCATT,1278
AAAGTAGCTACGGGGT,1277
AAATGAACATGGTGAA,1277
ATACTTCCTCAAGCAA,1277
TGATATGGCGCTTCTA,1277
TTGGAATCTCGAATGA,1277
AAATAACAGCGTTACG,1276
AAGGCCTAATGGTACG,1276
ACAACCGATTCTTTCC,1276
ACTGAGAGAAGCATAA,1276
TGCCAAATAAGAATCA,1276
AACCTAACATTGCACC,1275
AATTAACAATTAACTC,1275
CAAATAACCTCGCTAG,1275
CATATAATTCCTTAAA,1275
GAACTGATTATCATCC,1275
GACTAGGGATCTGAAA,1275
GCTTCAATCAGAAAAC,1275
GGAAACTAGCTGCACT,1275
TAGGCTAACATGTTCA,1275
TTAAACAACTAGTGAA,1275
TTAAATTAAAACAAAT,1275
TTACAATCCCCAAGTA,1275
AAGCAATGGAAGGCCG,1274
AAGTCTAAAAAAAGAG,1274
AATCCTTACCTCACAA,1274
AGTAATAATAAAAATA,1274
ATGATCAGTTATACTA,1274
TGACCCTTGAACTTCA,1274
TGATGAAGGATTGTCG,1274
TTAGTATTGACCCAAT,1274
ACGGGTTTTATATCCA,1273
CTAACATATAGCCGAT,1273
GTAACGGGAGAAAACT,1273
TTAACCTGTGTCCATG,1273
AAATTCCAGGTATAAT,1272
ATTAGTTTTTTAGAGT,1272
ATTCGCTATAGATACG,1272
CAAGTGTTAAAATAAG,1272
CCTGAATATAATCCAT,1272
GATAGAGTGTTAACGA,1272
GATCCCGCAAAAGTGA,1272
TGAATTATTCTCCCGT,1272
TGTTTCTACAACTTCG,1272
ACATGTCACAAGAATA,1271
GCTTAGTAATAAGTGT,1271
TCCGTATAAACGCGGC,1271
ACTCAGGATGACGTAG,1270
AGTGCCTCCTCAAAAT,1270
AGTGGGACAATAGACT,1270
CAAAGTGCACACCGAA,1270
CAGGTAGCCGAACTCC,1270
GACTGCCAACCTACAA,1270
GGAACTGCTCATGCAA,1270
TACATATTCAAAATAT,1270
TGAAGATTCGACATTG,1270
AAACCAGGTGATGAAA,1269
AATGACACACTCATAT,1269
ACTATACCAGACGATG,1269
ATCTGTAAATAATACT,1269
ATGACGATTCCTACTG,1269
CATTGTCTCATGAGTA,1269
CGAGACCAGTGACGAC,1269
ACCGGGACCAGCCGGG,1268
AGGCAAAGATTAACAG,1268
CGATAACTCAATTCAA,1268
TAATTCTATTTTAAAA,1268
AAAGGAAAAAAATGGG,1267
CAACGTCGAGCCTTAT,1267
GAGTATCCTGCTAGGC,1267
TATAAGCAAACAAAAA,1267
TTATTGTTGCAGGACA,1267
TTTGTAAATAATGCGA,1267
AATGGTGTGCATTCCA,1266
ATAATGAAGGCAAAGG,1266
GAACATATTACAGACA,1266
TGAGTTAACCGACGAG,1266
AAAAAGAGCGCTTAAT,1265
AAGAACCTTGAGACTC,1265
CTACCTTAACGGCAAT,1265
CTCTTTTACGTACAAC,1265
GCGTGACAAATGCGAG,1265
GTGCCTGAGCAGACTA,1265
GTTCGTACAATTATTT,1265
TAACGAAGCGAGGCCC,1265
TGTCTGATTACGTGGA,1265
AACCGTATATGCAAGA,1264
AAGGGTCCAAGTATAC,1264
ACAATTATTCATCTTT,1264
ACATATCGGGGACGAA,1264
CAATACCTTACAAATA,1264
CATTATGACACTGCAA,1264
CTATATTGGTACCGTA,1264
GCCTCAACACACCACT,1264
TAAAACAGAAACGATG,1264
TAACTACATGCAGCCA,1264
AAGATAATGTTAGCAT,1263
ACCAAAAAGACATTAA,1263
AGTGTATTAAAAGCGC,1263
ATTTACATCAATGTAT,1263
GGTTAAGAGGTTCTCA,1263
GTGGAATAATTCGGAA,1263
AAACCTTCACATAATC,1262
AACCACTTGAAGATTC,1262
AGGCCTTAGATATTAA,1262
CAAAGGGACTGGAAAA,1262
CAAGACCAATGATTCA,1262
CGAGGAAGAGCCTCGA,1262
CTCCAGCCGTGTTAAT,1262
ATGCTACAATAAAACA,1261
CGAAAATAAACTGTGA,1261
TGGATCTAGTACGTTT,1261
TTAATAGTCTGTACGA,1261
AACGGGTTATCAAGGC,1260
ACCACAACATAGAATC,1260
CAAGTTCCCGCATGTA,1260
TCCATCAGGGAATAAG,1260
TGATGCTAATACTAAA,1260
AAAACTAAAACATATA,1259
AACTTACGAATATTGG,1259
ATCGGGGGGTCGTCTT,1259
TTCATAAAACTTAAAC,1259
TAGATAATATATGCAA,1258
TATTAACGTCCCCAGA,1258
TCCTTTGCTGAACCTA,1258
AAAGCGTACGTTAAAA,1257
ACTACTAAAAGTGTTA,1257
AGAACATTAAATGAAG,1257
ATTAAGATTAGGAATA,1257
CAAAAGCAGAACACCT,1257
TGGTAAGAGATCCGGA,1257
GACTTGAATGGCAGAG,1256
GGCAATAACGAATATA,1256
GGCCATAACTACTTGG,1256
GTTAGACGTAACATAA,1256
TCATGAATGAGTAAAA,1256
TGAGAACATCATCAAG,1256
AAAATTGCATATAAAA,1255
AAATCTGACAGGTACC,1255
ACCCTACACGACTATC,1255
AGCAATACAGTAAAGT,1255
AGGTCTATCCAACACC,1255
CGGTATCATGTAAATA,1255
TCTGCTGCTCTAAGCA,1255
TGGCATTATTAAGGTC,1255
CTCGCTATAGCCTACT,1254
GCTGATACACTATTTA,1254
TCGATTTCATCAGACC,1254
TGCCAGCTCCTCTGGC,1254
TTAGGAGTAGAAAATT,1254
AGCACTCGCTTCGCGA,1253
ATGCGAGCGAGCACTA,1253
ATGTATTTATGAAGGT,1253
CACACCGATTGAATTT,1253
CTGGAAGGCTACAACC,1253
GAGAATCTACGAATCA,1253
GATACGAATTTAAAGG,1253
TGATAACTTCTCTTGT,1253
AAAAAAATTAGACAAC,1252
ACTAAACCCAAAATCA,1252
ACTCAGGTGACATAAG,1252
CCGAATGAAATAGTCT,1252
AACCAAGTTAAACGCT,1251
CCCCAACATAAATGTT,1250
AACCTCAAAGAAAGAC,1249
ACGAATAAAACAACAC,1249
ATCATGCAATTCCTGA,1249
GATACAGGCACTGCTG,1249
GCTTTACTTTAAACGA,1249
GTAATTGTGCAATAAA,1249
AGATCTTTTCATAGAC,1248
CTATAATAGTCCAAGC,1248
GCACACATATCCGGGT,1248
TCAGATCGCGCACAAC,1248
AAAGGCTCTTCACATA,1247
AAGGGCGTTATCCCCC,1247
ACATCCGGGTCACAAA,1247
ACGGAAGAGAGACTGT,1247
CCCAGTGGATCTCCTT,1247
CTACGCTAGAAATAAA,1247
TAGGGTACATTTGTCC,1247
TCACACGAAAACATTA,1247
TTTAACATGGAAGCCC,1247
TTTTAGCACTCAGTTG,1247
AAAGACATTGATACAA,1246
AACACCAACACGAACT,1246
AATAAGCTCAGAAGAG,1246
AGATTAAAATCAAACA,1246
CAATAGCACATAAAAG,1246
GAGCGTCAATAGAATT,1246
GATTATTTGACATCTT,1246
GCCATATATATAATAT,1246
TGTCGCCTAGCTCATT,1246
ACTAATGTACACCTGG,1245
ACTACCGTGCTCTCCA,1245
ATCCATGTTTCGCACA,1245
TATTTTCAGAAGGGTA,1245
ACCAATCAGAAGGGTG,1244
AGCAAACAAAACGTCT,1244
ATATTACTTTACTAGA,1244
CCATCTTGTGGCTATT,1244
GAAAAAGATAATGTTG,1244
GTAGAAATCTGCAGGA,1244
TAGAATTGATCCGCTG,1244
TAGCCTAGGAAATTAA,1244
AGATAACCAACCCCGA,1243
AGTGAGAGCGATTTTA,1243
CATTTTTGTTAAATCT,1243
GTTCACTATATTGCGC,1243
TCAGCCCGCTAATATA,1243
TTAATAAACTGCCGAA,1243
TTTAAAGAATCTAAGA,1243
AAAATACCAATGGAAC,1242
AAAATGGGGGATACTA,1242
AAATAAACCAATATAC,1242
AGATGCAAAAGATTGC,1242
ATCCCTTGTCATCACT,1242
ATTGAAACCACAACCA,1242
GACCGCACACCGGTTT,1242
GAGACAAGGCTCCCCC,1242
GCTAAGTGGCAAAATC,1242
AATGATGATGAGATAT,1241
ATATTCAGGACACAGC,1241
CAATATCATCAAACTT,1241
GTAATAAATCAGACAG,1241
TACGTTCAAATATTTA,1241
ACCGATCGGACATTGA,1240
AGATCGCTTACCACCA,1240
ATTATGTGAGCGATAT,1240
CACAGTAGCACACGAA,1240
AACAACCTATGTCATA,1239
AACTAGGACACGATTC,1239
ATGCCGCCCTAGGTAT,1239
CATGCTAACCGGAAAA,1239
AGATAATCAATTGACT,1238
GAACTAATATTTTACC,1238
TACAAGTGCTAGACAC,1238
TTTACCCAAAATCACA,1238
AAAAGGAAACGATCAG,1237
AACCGAGATCGCCCTT,1237
AATCATAAACAATTAC,1237
CAAAAGGTGTCGCGCC,1237
CAACCCCATAAAATGT,1237
CCACAACTGATCAACC,1237
GAAACCCACCCTATCC,1237
ACTATCATACTATCAG,1236
CAAAGAGAAAATAGAC,1236
GTACGGCCATAAAAAC,1236
ACGTGGATAATAACGA,1235
CTAGATGAGAAGACTA,1235
AACGCTGCAATGGTAA,1234
ATGAATAAGGTCGTTC,1234
CCCGCCTAGTTCGACA,1234
GCCAATAGTGACATGC,1234
AACTAGGAGTTCCTTA,1233
ATTTATACATCATGTC,1233
CAAAACCAATCAGCAG,1233
CACGCCGATCAAAATC,1233
GCACTAAGAACAATAA,1233
AACACTAAATGTTCAC,1232
AACCATCCAAGCTAAA,1232
ACGCCCCAATTCAGTC,1232
CAAACGTTCCATGGCC,1232
CCAAGAATAACACCTC,1232
GACAAACTAGACTAAA,1232
GCCAGCCCTGCACCGA,1232
TGAATCGTTCTGGAGC,1232
TTTCTTTAGCTAGGCA,1232
AACGGTTCACGCTACG,1231
AAGTCCGTCAATAATA,1231
CAGACCAATTTACAAC,1231
CGAGCCCACAGGGAAC,1231
GGAGAACACCACCGAT,1231
TCTAAGACACGTATTG,1231
TGTCTTAGTCCTTATA,1231
TTGCAGCGCCTTGGCT,1231
ACGGAACTAACCGAGC,1230
CATCAACAGCTTTTCC,1230
CCTTTATAAGTCACGC,1230
CTGGTGAACTGGCATA,1230
GACCTCTCATCGGTAT,1230
GAGACGTACGGAGCCT,1230
GCATACCTATCGATAA,1230
GGGAATTAAACATGGG,1230
TATCGATGGCCATTAT,1230
AAACATCCAACGGCGT,1229
AACCTATCACATCTAC,1229
AAGGATCACAGATAAA,1229
ACAGCGAGGATAGTAA,1229
CCAGAAAACGACGGCC,1229
CGTTGATATAAGCCCT,1229
GAAAACATTCTACCGC,1229
GGATTCGACATATTCA,1229
TAAAAAATAGCAAAGA,1229
TCTGTTTAATATATTG,1229
AACGTTAACAGGTACT,1228
AATCAAGTAAAACCGA,1228
AGCCCATGTAAAGTGT,1228
GAAACTGCAAAAAAGC,1228
GAGAAGTAAACAAAGA,1228
TACCAAACGAAGACGG,1228
AACACTCCGATGGAAT,1227
AATTTATAGTAAAAAA,1227
CCATATACAATCCTAC,1227
CCCCTCCAAGGTACCC,1227
CCCCTGCGAAGGGTTT,1227
GAACATTGTTATAATC,1227
TAAACCGTCCAAAAAG,1227
TATACCGTTAAAGATT,1227
AAGGTCCGAAAAAACC,1226
ACAAGTATCTTCGCCA,1226
AGAACCCCACTTATAT,1226
CATCCTTAGGACAGAG,1226
CTTACATTCTGCTATG,1226
GCTACATAAACATAAC,1226
CATCCGGCGCCTCCTG,1225
GACCCAATTAGGCCAT,1225
GCAAGGAGAAGCACAA,1225
TCGAAACCCTCTTGAG,1225
TTCTGCCGGGTAGCCC,1225
AATTACCCCATAAAAT,1224
ACGACGTTGAACTGTG,1224
AGGCCGCACTGATAGA,1224
CTGACAGTACGTGATG,1224
TCTGAGGGCAAACACT,1224
TTAATTCAGGAAAGAA,1224
TTGACACCAAATGCAT,1224
AAAGCTCTATAACTGT,1223
AACCCACATTATTCTA,1223
AAGGAATTTATAAAAT,1223
AATATCAATACACTAT,1223
CAAGTAACAGCAAATC,1223
GGAAAATTACCCCAAC,1223
TAAGTATAAAGAGGTG,1223
AAAACGCAACAACTTT,1222
ATAAATTGTAATAAAT,1222
ATCCTTAAAAAACGAT,1222
CAAAACCAAAGTCGCA,1222
CGACGCTGAAATGACC,1222
CTTCGATTTGTCTTCA,1222
TCGCCTACCACAACAC,1222
AAAAACCCGTACTGAA,1221
ATCCACACCCTCTACC,1221
CCCTTATCATATACCA,1221
CCGACATGGCGTAATA,1221
GAGATCTCAAATGGTA,1221
GGAAGATAGCGCAACT,1221
TAAGTTGTAGTCCTAT,1221
TTAACTAATTCTGCAA,1221
TTTAAGAAATCTTATG,1221
TTTTCGCCTTACCGTA,1221
AAATCCAAGTATAACG,1220
AGCTAAGAAAACAAAC,1220
CGGATCAAGGGTACCC,1220
CTCAGTAACTCGTATG,1220
ACATTAACCTCTTGTC,1219
ACTCAAAACCACTTCC,1219
AGAAATTGAATTAGCC,1219
ATATGGACTCGTGCCT,1219
CACAAGTGATATGAAC,1219
CCTGTCCCATAGTTAA,1219
GAACGAACAAACCACT,1219
GACGGCCTATACTCAT,1219
GCATCCAACTTAAGCT,1219
TAACAACGAAAGCAAA,1219
TATCACCTTCCGTAGT,1219
TATGATCACTGAACTC,1219
TCCATGTATCCATGAA,1219
AATCTGGTATTACACC,1218
CACGCACGCACTTATA,1218
CACTTGTCCACGGCTA,1218
GGCCGTTAAGGGCACC,1218
TCAACTTAACATACAT,1218
TCCAACCACATGTTAT,1218
TTATTGGATGACTGCA,1218
ACCTTAGATAATCTGA,1217
ATAAAGTTACCAACCT,1217
CGACGAAATCATACGA,1217
CGATGTTATATCAACA,1217
GAAAAGACACAAGTGC,1217
GATAATAAATTTACAC,1217
GTGAGTCAGCTTATAC,1217
TAGTAAAGCAAATAAG,1217
AAAACAAGATTTTGAG,1216
GTGCCGCAAAAATATT,1216
TACGACTTTAAGCCTA,1216
TACTTTCCTCTGCTGG,1216
TGCTAGCCCATTTGCC,1216
TTTGAAATATCTTTGG,1216
AACTAGTTTTCTTGCC,1215
AATCGAGAATCACCAC,1215
ACCCAATAAAGGCGAA,1215
AGATAAGGGCCAGGAA,1215
CTAAAGATTCGTTTGG,1215
GGAAATAATCAATAGG,1215
GTTAGGTACTGATATG,1215
GTTATTGAGCTTTGTC,1215
TCACGCGAAGTAGAAC,1215
AAGGCGTGTCACACCT,1214
ATACCCCGATGATGAC,1214
CGGGTTTATGCTTGTC,1214
GCGAGAAGGTTGATCG,1214
TAACAAGAAACCGAAC,1214
TATAAATTAAACACGC,1214
TGCCATTAAAACAAAA,1214
TTAATGACCACCCAAG,1214
TTGAAAAAGCCCCGCC,1214
ACTCCCGTGCGATAAT,1213
AGTAACGTAACTAAAC,1213
CAGTTAGAGTGTAGTA,1213
CGAAACACCAACCCGT,1213
GAAACCGTTCCAATAG,1213
GAATTCCATGACCAAA,1213
GCTTACCTGCTTCACA,1213
CAACATATCTGTTAAC,1212
GTAGTAACTTTATAAA,1212
TACCTCCGCCAGTCAT,1212
TAGAAGTCGCTCCGCC,1212
TAGGAGAGAACAATAT,1212
TAGGAGTCACCCCCTC,1212
ACAAATACAGCAACAT,1211
CAAACATGCGTAAACC,1211
CAAATATGTTATGATC,1211
GATGCTCTATCTGAGA,1211
GGTAAACCAATTCGCC,1211
AAAAGCATAATCCAAT,1210
ACTTCAACAACATCTT,1210
ATAATCACAGATTGCT,1210
CGAGACTAAATCGTCC,1210
CTTTTCCCTCTGCTTA,1210
GCCATTCTGGACATCA,1210
TACTGTCTCTTGGATA,1210
AATCCTGGTGAGACCT,1209
ATCCAATGCGACCATC,1209
GCCGGAGGTTATCACG,1209
TATGTATATAATACAA,1209
ACATCATGTGTTAAAC,1208
ACGTGAACACATTAAA,1208
ATTGAATTCCAATACA,1208
GCGGAACTTTCGCTGG,1208
GGGAGAGGTAGTGTAG,1208
GTCAAATAAAGTGGTG,1208
TACAACATACGATCTC,1208
TCCCACCCGACAGCAC,1208
TCCTAGGCCCAGCAAT,1208
TGCACTTACCTGAAAA,1208
AATCATAAAATAATTT,1207
ATAAGTAATTACCCAG,1207
CCTAATACCCGGCGAT,1207
TATTATCAAAGAGCAG,1207
TTGACACGGGGGTAAC,1207
AAAACATTTACGCAAT,1206
ACTTGAAAATGAGCTA,1206
ATCACTGTGAACTCAT,1206
CACGATAGCAAATTGG,1206
CATGGCTCCATCCACG,1206
ATACTCAAGTCAATAT,1205
CAGATCTGGACGAACA,1205
GACGCAACCTTCAAAA,1205
AAAAAGCATACATTGA,1204
ACATCATATGTCCAGT,1204
ATTGAAAATAAATAAA,1204
CATAAGGAAGAGATTA,1204
CTATGAATTCACTATC,1204
TGATTAGGTAACCTGG,1204
ATAGCGTATATTTACC,1203
CAAAGTTTCTCTCTAC,1203
CCACAGTACACATAAA,1203
GCTCTGATCCCACGAC,1203
TACACATGAGTTACGC,1203
TACCTTGGCTGGATAA,1203
TTCTTCAGCTAACAGG,1203
CGTGCTAATGTGCACA,1202
TAACAAAAGGGTACAT,1202
TACCGACGACGCACCC,1202
TTAACGGTGCTGTAGC,1202
AACTTACCTGTAACGC,1201
AATTTGCAACTTAGAT,1201
ACGGGGTCAATCTCAT,1201
AGTAGCGATATAACGA,1201
CCAAATCCAACAACAT,1201
CCAGCACGACTTATCT,1201
CCTGTCACCGGGGTTC,1201
GACCTATATACAACCC,1201
TGAAATTTAATATACA,1201
TGAAGGAACTTTATGA,1201
TGTAGCATATCTCCTA,1201
CTATTACGGGCATCTT,1200
GCGATAACAAAAGCCG,1200
TATATGGTCCGCTGTA,1200
TATTAACGAATCAACC,1200
TCCGCGAGCCAATCGA,1200
AAACACCAAATGCTAC,1199
CCGGAGTGCCCAAGAT,1199
CTTCAATTAATTGATA,1199
GACTACAGAGAAGCTG,1199
TAAATATGCTAGGTAC,1199
TAATACCACAACTCGA,1199
TACCTTTGAAAGCCCA,1199
TAGCACAAAAAGAGAA,1199
TCCTAATAATCACGAC,1199
AAAAATATCTTCTATC,1198
AACTGTGCGGGCACCT,1198
AGAACAAGAAGCGAGA,1198
AGTCACTTACTCCGCG,1198
CACTAACTCATTGTTT,1198
TCGGAGAATTATGATA,1198
TCTTATTACTAATTCT,1198
AAACATTAGTGAACCG,1197
AATCGGCAGACTTAAA,1197
AGAACAAAAGATCAAA,1197
CAGAAACTCCCTAGTA,1197
CAGACCAGAATCAACA,1197
CCACTAGTAAAATTCG,1197
TGTTAATTAAGCTTTC,1197
AATGAGACACTTATAC,1196
ACAATAAGTAGAGTTT,1196
ATTTGGACAACAAGAC,1196
CATCCGTCATATTTAC,1195
CCCAATCCCTTCCGCC,1195
GGATCAAGAGAAAGCT,1195
GGATCCAGCAGCCCCC,1195
TCATCGATAATTTGGC,1195
TGAACGACGATTGCGC,1195
TTGCTGACAACTACAG,1195
AAATAGGCCGCCCAAC,1194
ACAAAGGCGAAGCTTG,1194
CTACCAGCCGGATATC,1194
GCATAGGCTAAGGTCT,1194
GCATTGAGAATGCTAC,1194
GCGCACTAAATTCTGA,1194
TACAGACTGAAGACAC,1194
AACAGATATTTCATTG,1193
CACACGACCGGACGCC,1193
CGGGATGATCTAGTAT,1193
TTTGCCAAATAACTGC,1193
AAATCAAAATAGATAA,1192
AACGCCAGAGGGCCTT,1192
ATTTATTCTGACCATG,1192
CGAATAGTAAAATGCT,1192
GGAATCGTGCGATGAG,1192
TCTCGGTTGTTACCTA,1192
TTTTACGAAAACTATA,1192
ACCTACCTGATATAAA,1191
CCATGCTAATAGTCGG,1191
GTACAGACGTCACTAT,1191
ACCACCTGAAGGAGTA,1190
ACCCGAACAAAGTCTA,1190
AGCATTAAAACATCAG,1190
ATGGAATTATAATACA,1190
CAACATAAACAGGGAT,1190
GTATGATTTTTGAGCG,1190
TCCATAAAGGGCGCTC,1190
ACGAAGAAAGAAACTT,1189
AGGAATAAGATTACAG,1189
CGATAATGTGACAACC,1189
TAAAGCACTACAATAA,1189
TACGCATGAATAGAGG,1189
TGATACTTATTCTTAC,1189
AAAATATAATAAAATA,1188
ACAGGCGCGTAACGTA,1188
ATAAACTTTCGATGAA,1188
CTAAGCTTCGCACTCC,1188
CTTACTATAATAAGTC,1188
GAACCTTATGCCCAAA,1188
GAGAATCAGCGTCAAT,1188
TATAGTCGTAAGGGCA,1188
TATTGCACCATCATCC,1188
AATAAGGACAGAGAGT,1187
ACTATACAAGCACCAT,1187
GAACAATGAGTGTTAA,1187
TAAGACAGGGGCCTGG,1187
TAATTATGATTAACTT,1187
TTTACACTCCTGAGAA,1187
AATGCAGAGGTGCACA,1186
AATGCCAGAGCCATCC,1186
ACGATGAAAAGGCGGC,1186
CCAATAAACACAGGAA,1186
GTAAACGCAGTCCTAG,1186
TTACAACATAAATCAA,1186
AACAAATCTTAAAGTA,1185
CACTCGAGTACAATAC,1185
CTCAGAGACCACCGAT,1185
GACGGCAGAAATAAGT,1185
TACAGATTGAGTAAGA,1185
TTACGGGGGAATCCAC,1185
AGCACAAAGTTAGAGT,1184
TATGAACTTTAGAGTG,1184
TTACAATCTAAGACAG,1184
AACTTAGACTCTGTTT,1183
CTAAAAACTGAATTAC,1183
GATCGCTAGCCCTGAG,1183
GGAAAAACACAGTCAC,1183
AACAAGCTACGAGGCT,1182
AAGAGTAAATGGTATC,1182
AATTATAAAATATATC,1182
ACAAACTACACTCTGG,1182
AGCAGCAAAGTTATTA,1182
ATAGGATATTTTATAT,1182
ATTCACGTCGGACTAA,1182
CACCGGGTCTAATTCC,1182
CCGCGATACAAACAAA,1182
CTTGCCTGCAAACATT,1182
GGACCAGTAGCTACCG,1182
TCAGACGCGGGGCCCA,1182
CATATAACGTATACGT,1181
CGTACTTGAGAAGTAG,1181
CTTAATGCTCCAAAGA,1181
GACAACCAGATTCAAA,1181
CAAGACAGGATAATTA,1180
GACAGCAACTCATTGC,1180
GTAGTTTCATAAACGT,1180
TAAAACAGCTTAAAGG,1180
ACCCATTGAGTACCCT,1179
AGCACTACTCAGAAAA,1179
ATAAACTCCGAACGCA,1179
GAGCCTTCTGGGTGTT,1179
GATCGAAGGTGAAAAG,1179
TAAATACAGATTTCTT,1179
AAGACGGTAAGAGCTA,1178
CCAAAGGCTCCTAATT,1178
GAATATTAGCCTAATG,1178
GTGATCCAAAACCGGA,1178
TCGAGGAATAGAACAG,1178
ACCAGCAAATAAGGAT,1177
AGATATTTATAGACAT,1177
CACTGCTGATCTTCGA,1177
CTAGAAAAACGTTCGC,1177
GCAACCCAAAGAGGCT,1177
TGAAGCCGATCATGCC,1177
AGCAAAGCCTTGAAAG,1176
ATCTACTAAATCCGCT,1176
CAAGCCCCCACATGCG,1176
CAATCTACAGTTGTAG,1176
GAAGCTACAAAAAGAT,1176
AACGTTTGATAACCAA,1175
CGGAAAACATGCTGAA,1175
GCTAAGAATTTGTAGT,1175
GGACTAGTATTTTGAT,1175
ATTTCTTTACCTGTAG,1174
CACATGCATCAGACGG,1174
CGAAACCGACAATTAA,1174
GAAAGTCAAGCTTTAG,1174
GTTGCTGCATTACACA,1174
TCTTACGCTGGCTTAA,1174
AAAACACTGCTGGGAG,1173
AAAGACAGATCCATTT,1173
AACAAACGAATATCTA,1173
AAGAAAGATACCATTG,1173
ACAGGCCCTACAGAAC,1173
ATTAACCACTCAATAT,1173
CTACTTCCGTGTAATA,1173
GCTCCGCATTAATTTA,1173
TGGTTGCCATTAAAAT,1173
AAGGTACTGACAAATG,1172
CTTCCTAAAAGCTAAC,1172
GACCCTTTAACTACTA,1172
GAGTATCATGTTGGTA,1172
GGGTTCCTAGGCTAGA,1172
CTTCCTCTTATGGCCG,1171
GGTTGAAGTACGTTAG,1171
TGAAAGGGTGTTTCTA,1171
TTCGTGACGAGATGCC,1171
AATCGAACACCCCCTA,1170
ATTAACACAGAAAGTA,1170
GACCCTTCTAGACCTT,1170
TAATGATATATATTTG,1170
ATGTACTTGTTAAAAG,1169
ATTAATCTGTCTACTG,1169
CAGAACCCGCCACAGT,1169
CGCTGCACTACGTCTT,1169
GGATGCAATAAAATAA,1169
TCAAATCTTAGGCCCA,1169
TGAACTAGTCAAATTG,1169
AAACGAAAGTTTTTAA,1168
ACCATGACAAAAATAG,1168
ACCTCATCTTCAATAA,1168
GCCCACTACATTAAAT,1168
TAGTGACCATCCGTAC,1168
TGGCAAAGCAGTACCC,1168
TGTCATATCACAGTTG,1168
TTAAACCGAAAAACCG,1168
AGACACAAATCTTTAA,1167
CTGTAAATAAGCTCAT,1167
GTCAGACGAATGGCGT,1167
TGGTTAAGTGATCTGT,1167
AGTGCCCACTACTTAA,1166
ATACACTCCGTCCTTT,1166
CACTACGGTTTTACGG,1166
CCACCCACATACGAAA,1166
CGATATCGAAGACAAA,1166
GAATGTGTTAATCCCG,1166
GCATCAAATGCTCTTC,1166
GGAAAATACTGATGTA,1166
GGGCTAGGTGCCAGGG,1166
TAGTAAAAGTTGGCAA,1166
TCTCGAAGACTTCCAC,1166
GAAGAATAGATAACTT,1165
GACTATCGACATAATC,1165
TAACACTTTCCTACCA,1165
TCACTTCTTTTTTGAA,1165
TGCCAAAAAAGTGCAT,1165
TTTAAGATAGTAGAGT,1165
AAAAGACCAAGACCTG,1164
AAAGGTAACTACTAAA,1164
AATTCCAACAACAAAA,1164
ACATTGATGTCAAGAA,1164
AGATGTGTGATATCGG,1164
CACTGTACACACTTGA,1164
CCTATCAACAGACCGT,1164
GCTTAAATAGTGACCA,1164
GTCTGATCACTAACTG,1164
TCCAAACTTGAACTTG,1164
TGCGGACAAATAGTGA,1164
ACGATTGTACCTGGCA,1163
ATCAAAAATACCATAG,1163
ATTACAAAGCCATAGA,1163
CAAGTTGCTACTAGAT,1163
CTAATACGGATGCCCA,1163
GCGTTTGCACTGAAAT,1163
TAAGTCCGCAACTTGT,1163
TACCATCCTATCATGT,1163
TGGCCATAGGGGATCG,1163
ACCCAAACGGATGAAC,1162
ACTGGATGCCTTTCAA,1162
AGTCGGAAAATGAAGA,1162
ATTCTATTTACCTAGT,1162
CAAACGAGCGCTTCAA,1162
CATCTGCGCTGGTGAA,1162
CTCATCAGAAAGAAGA,1162
CTGGGAACATTTTAAC,1162
GCAGCCGTTGTAACTC,1162
GGCTAAAGATTAGATC,1162
AAAAAGGGAACATTAA,1161
ATTAAGCATTAAAAAA,1161
CCAAATGCACGCCGCC,1161
GTCGTAGAACAAACAA,1161
TATCTCCACCAAGGAA,1161
TCCTATTACTATAATC,1161
TCGAAGAATAGCGCAA,1161
TTATAGTCGTATGTAA,1161
AAAAAGATAGTGAACA,1160
ACCCTTAGAATAATAG,1160
CAACATCACGCATTAC,1160
CGACGTGTCCATAATG,1160
CGCATAGCATATAAGG,1160
CTCCATAGGGGGCCAT,1160
CTGAAATCCCTATTAT,1160
GAAAATTATTCTAACT,1160
GTTGGACCTCAGTTTA,1160
TAAAACCCATCTTAAA,1160
TGACTCAGTGGCGATG,1160
AACTACTACACACCGC,1159
AAGTTACTTAATCTCT,1159
ACAAAACACTCAAGAC,1159
AGCGTAAAAAAGCAAA,1159
AGTTTGATAAACCATT,1159
ATAAACATCCATACAA,1159
ATACTGTAACTAACGG,1159
CGAGACTATGGTAGTC,1159
CTTAGTTAATTAAGCG,1159
TAAGCAACTAACATCG,1159
TAAGTAGTGAGATTGA,1159
TGATTATTACGTCTAT,1159
TTAGAGCTACCATACC,1159
TTTGGAATCACCTAGT,1159
AGACGCTTTACGGACC,1158
ATCTTGATTATGGAAT,1158
CACGTATATAACGCAA,1158
TAACGGGTTATGACCC,1158
TCGTAACGGCGTGGAG,1158
AAGGCGACCCAAACGA,1157
AATAGAACATAATGAA,1157
CTCCACCCCATCGCCA,1157
CTCCTATGATATCCAT,1157
TAATATCATACAGCAA,1157
TAGGAAGCCGACAACA,1157
TTATAAATAAACAAGT,1157
AAGTTTTACAAGTCCA,1156
CAGTGCCTCATTAGGA,1156
CCATACTACTCCAACC,1156
GAATGCATTCTGTGCC,1156
GCCCTGATTTAGACCG,1156
GGTTGATTCAGACCCA,1156
TAAATGGCCAATGACG,1156
TACAAGGGTCTACAGG,1156
ACTAAGTGCCAATACA,1155
ACTCCTGGTTATGCCA,1155
ATTACACGTTCTTTCA,1155
CTCCGGCAGACGCGAC,1155
CTTAATATTCGGCATT,1155
AAAGAGCGCTAGAATA,1154
GGACACCCCAAACTGA,1154
GTTACTCCATGGTTCA,1154
TCTCAATCAACCAAAA,1154
AACCCCTATAACAACA,1153
ACAACACTGAAGTACT,1153
ACGAAACATCATAAGA,1153
AGCAACGAGTTTGAAT,1153
CAGTAATCGACTTAAA,1153
CATCGAGTAAAGGAAG,1153
CTAACACTCTATTCAC,1153
GAGGACCACAAGCGAC,1153
AGGCCCTTAGGGCATC,1152
ATGTCGCTAGACGCAT,1152
GACCTCAACGTCTACT,1152
GATACCAATTTACTAC,1152
TCTTTAGCATATTCAT,1152
AAGCGTAACAAATTAT,1151
AAGGTAGGCTCCGAAC,1151
ACATATGCAAATCACC,1151
ACTACAAACAACACAA,1151
AGATACTCACATATTA,1151
AGTCCCGTAGACAAGT,1151
ATACATTAGAGTATCA,1151
ATTAAAACACCGTCCT,1151
CGAGATCGTAGAAGGA,1151
GATTGCAACTACTAGA,1151
GCAAACCGGCTAGTAA,1151
TCGACCTACGTTAGAA,1151
AAGCGAAGTAGCCACA,1150
ACAAACATATCACAAT,1150
CACTACAAGGATTGCT,1150
CTGTTAGACTATGGCA,1150
GCGAAATACAAATATA,1150
TACTCCCATGTAAAAA,1150
AAGACCAGCAGACACG,1149
AATCCCCTCCACCACA,1149
AATTACTAAACTAACA,1149
AATTTATGCTTATAAA,1149
ACCGAGAGGAACAAGT,1149
ACCGCAGGACGATATA,1149
ATGACGCCGCGGCCTA,1149
ATTAGAGTACACGAAC,1149
CAAAATAGAAATCGCG,1149
TGACAAGCGCTCCAGA,1149
ACACCAATCATAGCAC,1148
ACATAGTGCCCTCTTC,1148
CAGAGAATCAAAGTCG,1148
CCAGGATCTCTTAAAA,1148
CTGAGCTGAGTATGAT,1148
GAAAAAAGTCGACCAT,1148
GAAAATTACATTTTAT,1148
GATAGTGGACAACACA,1148
GCCCACCTGATAGCCT,1148
TAAAACTAAGATCCGC,1148
TAGCCTTTTTACTGGA,1148
TTCCGAGTACGTTAAA,1148
AAGCATCTAAAGGTGA,1147
CAGCGGGCGGCATCTG,1147
CGACAAAGAATAGTCT,1147
CTCTGGACTTTAGAAG,1147
GGAATCAGTTCCTTTT,1147
GTAAGAAAGTCCGGAA,1147
GTTATAACTTAATGGA,1147
TACTGACAAAAATAAA,1147
TCCGAGCGTTAGAAGT,1147
TGAATAAATCTGACAC,1147
TGACACCAACATGAAT,1147
TGTGTATAAATCAAAA,1147
CAAAAATCGGGAAATG,1146
CCGCAAAAAAGCCACT,1146
GAAGCGAAGGTGGCTG,1146
GACTAATAACTCATAA,1146
TTATTCACGACTACTA,1146
AAAGCAATTCGTACAA,1145
ACCTATAATTCATACC,1145
ACTGGTCAAGTGAGGA,1145
AGATAAAACTTCATTC,1145
AGCTCAAACTCATACA,1145
CAAACCTCAGTTATTT,1145
GAGTATTTAAAACAAA,1145
GCACTCTAAAGAATGA,1145
GCCGTACACCTACAGA,1145
TAGGTAAATCTCCCCC,1145
ATCCAGGACGATGCAT,1144
CAAAGCTTTACTGGAC,1144
CTACCCATATTGAGGA,1144
CTGCGAACCCACTAAG,1144
CTGTGCTTGCGGACAT,1144
TCCTCGGAAGGGTAGA,1144
AACAAAAACACGGGAT,1143
AGCCAAAAAGGTAGTT,1143
ATACGGACCATCGCAG,1143
CACCAACTAAATGCAA,1143
TAACATGATTAACCCA,1143
TCGCAATGCTTTTCTG,1143
TTAAAGACCGTCACAT,1143
AAACTTCCAGACTAAA,1142
CAAAAATTAAGACCTG,1142
CGATCGGGATTTTACA,1142
GGATTGTCTGTGAACT,1142
AACAATGATACGCAGG,1141
AACATTTACGCATCCC,1141
AATAACCGCTTAGCCG,1141
AGTTCGACGTGTATAA,1141
GGATACGGCCTGTACC,1141
TATAGAAGACCAAACA,1141
TCACAGTCAGACCTAT,1141
AAAGTACGGTGCCAAT,1140
AGGGGAAATTGCAAGG,1140
CAAAGGCGGACCACGA,1140
CCAAACAGTGTATTGC,1140
CGTAGTTTGTCTTCTA,1140
CTCTGCCAATACATAT,1140
TAGACTCAGAAGTGTT,1140
TTAAGACGTACATCTC,1140
ATCGAACAGTACCTCT,1139
ATGTTCTCGGATTCAG,1139
CTACTATGCGATTTAT,1139
CTAGAGAGACGTCCCC,1139
CTCCAAGAGTCGCTCT,1139
GACCGAGGAGAGAAAA,1139
GCAAAGCTAGCCACGC,1139
AATAATCATGACAAGA,1138
CAAACAAAGCTTCGAA,1138
CAATTCTAAAAGACAA,1138
CAGATGGATTAAGTAG,1138
GAGACATACGATACAC,1138
GCATTATAAATAGTTT,1138
TAAATATGCAGTCTCA,1138
TAATTCGAATTCATAC,1138
TACCAAGATACCAGAT,1138
TCAGAGGATATTCTAG,1138
TTGAAGCCCACCTATT,1138
AAACAGCTATTGTCTA,1137
AACACGAATTATTCGA,1137
ACAAAATGACAATTCA,1137
AGTATTCAGATATAGC,1137
CAATACTATGCAGTTC,1137
CACTCTCGCTCGGATA,1137
GAACATTAAAGAGAAA,1137
AGCCTAACAAATAAGG,1136
ATAGAAACTGTTCCCT,1136
ATAGGTCACATAGGAC,1136
CTACACCATCACGGAT,1136
CTCAAAGCCGTTTTGT,1136
GAAAAGGCAGATACAT,1136
GGTCCGACGTATAAAA,1136
TAGAAACCCGATACAT,1136
AAGGGAAACTCCAGCG,1135
AGTACAATCATGCAGC,1135
AGTTTCCCTTGGCCAC,1135
CTCGACTAGACAAAAA,1135
CTGGCAACTATCAAAG,1135
ACGTTTAACCTAGTGA,1134
CATAAACACGACGTAC,1134
GACTGCAACGAAAATG,1134
AACAACTACGATAAAT,1133
AACCACATGAAAGTAA,1133
AATCTAATCTATTATA,1133
AGATTTCAGCTAACTC,1133
AGTTCTCTTCGACCCA,1133
ATATTATGTCTATCAG,1133
CAACCATATAAGATGG,1133
CAGATCTCTCACGTTT,1133
CTACCGCAAACAAAAC,1133
GGTTATTTTATCACTA,1133
TAGGGCCCGGACCACG,1133
TAGTCTAGAACAGGAT,1133
TCTACGCCTTACAAAG,1133
TTGGAATCTTTGTCAT,1133
AATCGGCACTCTCCAT,1132
ACTCGCCATCAAACAG,1132
CCCTAACGAATCCTTT,1132
CCTTCAATGACCGAGA,1132
CTAAACTAACATGTAA,1132
CTGAAACCACCAGATG,1132
CTGCTCAACAAGGAGT,1132
CTTAGAGTAACCCAGC,1132
GAATAAAAGAAAACGG,1132
GAGGGTTAACGCCGTA,1132
AACCAAAGTGAAAAGC,1131
AACGCAAATTCCTTTA,1131
AATTCTTGAGTGTAGG,1131
CATACGACGTGCAACT,1131
CATCATGGGACCCGCA,1131
CGAATACCATAACATA,1131
CGTGCCATATCTTTCT,1131
GACGGCTCGTCCTAAC,1131
GAGGACGAATTATGAC,1131
GCAGTCTGAAAGTACT,1131
GTCGAATGAGGTTCGA,1131
TATCACAGACGATATC,1131
TCAAGGCGAATCTAAA,1131
TTATATCCCACAACAT,1131
TTCTCCGAGCAAATGA,1131
AAAGCGAATCGGACAC,1130
ACATGAAACACAAAAA,1130
ATTAAGTAATGAGGCT,1130
ATTACGCGATACCAAT,1130
GATGATGGACTATTGA,1130
GCACAAGTAGGTGGAC,1130
AATCAAGCAAGTCCAA,1129
CAGGGACGATTTGTAT,1129
GGTCTAATCTCAAATA,1129
GTTAGAAAGCATTTAG,1129
TAGGAGTGCCCAAACA,1129
TTCAAGAAAATGGATT,1129
AAACGACGCTAGCTAC,1128
ACTTAAAAACCAATAA,1128
ATAGAATAATAGCATG,1128
CCCCGAGCTAAGACCG,1128
GGCATGTCACTGGAGC,1128
TAAAACGATATTTACA,1128
TCAGAGGCGGTACCAG,1128
TGATAATAGATGCCCG,1128
AAATAGGAAAGTTTTT,1127
AATCATAGGTATATTT,1127
AATGAATAATAAACAG,1127
ACACGTGTGGAACATC,1127
ACCGTACGAAGGTGCA,1127
ATTGCATATGAATTTT,1127
CACCATACTTAAAAGC,1127
CTGCTTGCGAATGCAA,1127
GAGTCACATCATAAGA,1127
GATCTCTCAGATGCGT,1127
TGCTTTAAAGCCAGCT,1127
TGTACGGCATACCAGA,1127
AAGATTTACCCAAACT,1126
CAATAATAGAATAATA,1126
CGGGAGTACAGCACGA,1126
CTTAGATTTCACTGAA,1126
TCTGTGGAGAACAATA,1126
AAACATGTATCAAGGC,1125
ACTATGAGCGAGAATG,1125
GAAAAAGTAGCATTAG,1125
GTGGCACCAGGAACAC,1125
ACGGCCTAGTACTTTT,1124
CCAATCCTATCCGACC,1124
CTCTCAACTACACTAG,1124
GTACACATCAAACCGC,1124
GTGACAAGAATCTTGT,1124
TGAGCACGTATCTTCA,1124
AAAATGAAAGCAAATA,1123
ATAAGATTCGAAGTTT,1123
CCAATTGCTAACTGGG,1123
GAAAAAGAGAAAGGAA,1123
GACAGTACATTCAGGG,1123
GAGGAGACAAACCGGA,1123
GTACTAGTGGACAAGG,1123
GTTCCGGCCATAACAC,1123
TCTCTTATCAGAATCA,1123
TGAAGCATGAGAAACT,1123
AAATATATAATGAGCG,1122
ACAGTCGCGAAGTCAC,1122
CAAAATTCCACTATCT,1122
CAGTAACAAAGCGTAG,1122
CATCTACTTTATGCTC,1122
CGATTACTAGATGCTA,1122
CGCAATTCGCGCGTAC,1122
GTATCTGATAACTTCG,1122
TAGTAACAATCGCCCA,1122
AAACCTTAAATCCCGC,1121
CAAAAGGATGGGCTAA,1121
CAAACAACATACAGGT,1121
CTACATGCTAAACAAA,1121
GAACCAGTACATTAAC,1121
GCGTTACACAACCCCC,1121
GCTCTGACTAAAAGAC,1121
GGCGAGAGGTAACCAC,1121
TGAAGAGTCCCACCGC,1121
ATGTCTTAAAATTTTC,1120
CACCCAACCAAGTCTG,1120
GTGAGTGAGCCGCATG,1120
TCATCTGAAAAAAGCG,1120
TCTTGCTTCCGAGTCC,1120
ATAGATTGAGTTATTA,1119
ATATAGTTATGGAATT,1119
ATATATTGTCGGGTTC,1119
CATGAATTGGGTAAAA,1119
CGACTTAGAAGACAAA,1119
CTATGGCTTTAACGGC,1119
GACTTCTTAATTGACG,1119
GCGAATGACCAGTAAT,1119
TCTAAACCAACTAAAA,1119
TGCTAGCCCAAGAAGG,1119
CATAAACAAACACAAA,1118
CCGATGTAACTTTACA,1118
GCGCTGATCCACCAAA,1118
GTTTGAAGGGATATAT,1118
TTTGTAGACTATTAAG,1118
AAAACAAAATAAATCC,1117
AACCAATTTCTCATGC,1117
AAGTACAACAACTCAA,1117
ACTCTATTCGATTTAA,1117
AGAATCCTATTGTATA,1117
CAGGATAATTCGACTT,1117
CTGTACCATGTAACTT,1117
GAGCTGTGATACCGAT,1117
GCTAGTCCCCACTTTT,1117
GGAATTTCACGTTTAA,1117
TCGTCACCGACAAAGA,1117
TCTCAATAACAATCTA,1117
AAAATATAAATCAATC,1116
AATGCCTGAAGTCATC,1116
ATGATATCGTCCAGCA,1116
CAAGATACTACATGCT,1116
CAAGATGTTGCAAAAC,1116
CATGCACATATGCGGA,1116
CTTCACAACTTTTCGA,1116
TGCGATAACAGTTGGG,1116
AAGGAGGAAAAATGAC,1115
CAATTTTATGTCTATA,1115
CTTGGGTATACGATGA,1115
GAAAAATCTTATATAT,1115
TGCTTTTAGAATATCC,1115
GAAGCTTAAAATTCGA,1114
GCAATCGCTGATCCGA,1114
GTGGAAGAACAGATTA,1114
TAGCATCAGAGTAAAA,1114
TATCAACAAGAATCGT,1114
AAAGCTTACAACAGTT,1113
GTCAACATACTAACGT,1113
GTCTTCAAATGCGTTA,1113
AGCATTTAACAAACAA,1112
ATACAATACCCACGAT,1112
AACAAGAGCCAGGATG,1111
ACGGAACTATTTCTAT,1111
ATGATATCGTAAGCGA,1111
CAAAAGATCAGTATCC,1111
CCCCTTTTATCATAGT,1111
CTCGAGTCATTCGCAA,1111
CTGAATAACGGCATCT,1111
AAATCTAATGATAATC,1110
AGCATAAATTCTACAT,1110
AGCGAACCGATATCTA,1110
CAAAATCATATAGCCT,1110
CCATAAACTACCGGGC,1110
CGCGCCATCACACAGA,1110
CGGCCGCACAATCTTA,1110
GAAGATCTGACAACGA,1110
GATAGACTTGGGTAGA,1110
TGTAACAAAATACGGA,1110
AAATACAGATAAACCA,1109
ATGCAACCACTCAAGA,1109
CAGGGCTTCTCACTCC,1109
CCTCTCACCTCGAAAG,1109
CGTATGAAATATACCA,1109
GATGCTGGAGAGAAAG,1109
GTAAAATATGGATATC,1109
TCGCCTGTTATCTCTC,1109
AAATCAACCGGTTCAA,1108
ATACCTTCGACTTGCG,1108
CCCAGAAACGTGCAAG,1108
GACGATATTGCATATC,1108
GAGTAAAACGACACAT,1108
TATAAAAATCGGAATA,1108
ACGCCACCCTCCAAGC,1107
AGAGCCAGATTACAAA,1107
AGCGGTATTGACTGAG,1107
CACGTTTGTAACACAT,1107
CAGTAAACTCATCTCA,1107
CCAGTTAGATTAAACA,1107
CCCTATTTACGAACAT,1107
CTTGGCACTCAGCAGT,1107
GCAATACCTATGGAAA,1107
GGGACAGTAGCCGGTC,1107
GGTTGTTATACAATAA,1107
TTTGCGATCCGAAGTC,1107
ACCCCAAACTGTTCAG,1106
CGCACAACCAGGACCA,1106
CGTTATGCGGTCCTAA,1106
GATTATACGAAAACCC,1106
GGAGAACAGAGAAACA,1106
TATAGCATTCAGCACT,1106
TCAATGGCGTGCAATC,1106
AACATAGCATCAGTCC,1105
ACCCAATAAAAATCTC,1105
ACCTTGATTTATAAAT,1105
ATTAAATGAGGAACTA,1105
ATTTGTATCCGGTACA,1105
CCACAAAAAAAAAATA,1105
CTAAACCCATTACATA,1105
CTGTATGCAGGCAAAT,1105
GCCGAATTATAGTGCC,1105
TAATATGCCCTCAAAC,1105
TACACAGGAAACGAAA,1105
TACATTCTACAATCGT,1105
TTAAATTCAAGTTGTT,1105
TTTCTATACAGTACAA,1105
AAAACAACACAGAACT,1104
ACCAAAAGAATTGAGA,1104
ATGAACTTTGCTGAGT,1104
GTAAATAGTAAGAATA,1104
GTGATTGTTGCCAGGG,1104
TCGACTTTAAGACATC,1104
AAATCCGCCTACAGGT,1103
AATTAGTCAAAACCGA,1103
ACATTAAACAACGTAA,1103
ATTTAGTGACAAGCTA,1103
CATAGCTCAATCTCCA,1103
CCCTCTTACCACGAGT,1103
GTTGTATTGCCAGCAA,1103
TAACGGACATGCACAT,1103
AACTAGAACGAAAGAC,1102
AAGCAGACGACCAGGA,1102
AATTACCAATCAACCA,1102
ATGAATAGGTTTATTC,1102
GAAGCCATAAAAATAA,1102
GATACTAAACCTGATT,1102
GGGACCACGAATGGTG,1102
TATCTCAAGATTTAGA,1102
TGAGCGACAGGAATCT,1102
AAGACGCCATTAAGGA,1101
AATTACTTATGCACAG,1101
ACTCATATATGACATG,1101
ATGAATCGCGTCTAAG,1101
ATTAGCAAACTACTAT,1101
CTACACATTGGTATTG,1101
CTCTGAGCATGTGAGG,1101
GCACGATGTCCTAGTA,1101
GTCCATCAAGATCTAA,1101
AAGTCCTAGTGTCGGG,1100
ACGACCGGGCGTTCCC,1100
ACTTGTACACAAATGA,1100
ATGTCTAGTTCAGAAC,1100
CCTTTGCCATTAAATT,1100
CGAAAACTTAACGCTG,1100
CGAAGCCAGTCACTAC,1100
CTAAATTCCCATAGCT,1100
GTACGACAATATAACA,1100
ACTTCGCTTGGTCCAC,1099
ATACACAAGCCCAAGC,1099
CCTTCTGCACAAATAA,1099
GCCCTGTTGCCCTAGA,1099
GTGATACAATGTCCAG,1099
AAAACAGACCCCAGAT,1098
ACAGATAAAACATGAC,1098
CAATGCACATAAATTA,1098
CCAACACAAAGCAAGG,1098
CTAATGATTAATCCGT,1098
GACTATATAGGGTCCG,1098
TTTACAGGGATGGCAG,1098
ATCCAGGATTAAAAAC,1097
CCCATCTTCAGAGATT,1097
CGTCAACTAACAGGAT,1097
GATTGGCGCCTAAAAT,1097
GGTCTTGTGACAGTGA,1097
GGTTAATACAACCAAA,1097
AAATAAATGGAATACA,1096
AATAGATACACAAACT,1096
ATTAAAAGAGCACGAA,1096
CACACACACGGCATAC,1096
CACTTGCATATCCGGC,1096
GAAAACAGCCTCCCAT,1096
GACGGCATCATGTTAC,1096
GATTGGAATGCAATTT,1096
GTATTTCGTTGAATTC,1096
TGGGACGCATCAAAGG,1096
AAGTGCAAGCAGGACA,1095
AATCCTTTATGCCCAA,1095
AATTGACTCGGACATG,1095
ACGTATTCTACGTAGC,1095
CACAAGGGTACGTAGA,1095
CCGGTCAATTTCGAAG,1095
CGAACAGGCGACTATG,1095
GACCCTAAATTCTATA,1095
TGTCATGAATACTAAT,1095
AAGAAAACCGAACCTC,1094
AATAACCCGTAATTAT,1094
GACAAAGTAAATAGTT,1094
GACCCCTAACAACATA,1094
GTACATCATATAGTAA,1094
GTTTTTAGGCGAGGTA,1094
TGCTGTCCAATCTCCG,1094
AACACAGGGAAAAAGT,1093
AAGTCGCACACAAGAT,1093
ACACACCACTAAGAAC,1093
AGATTCTGCTCCCACG,1093
AGCGATCAAAGCTCAT,1093
CAACTTTAACGAATAA,1093
CATTTTTGATATATTA,1093
CTGCAAGTTATGACCC,1093
GCGACCCGACTTATAT,1093
TAGACACATTCATATA,1093
TCTCGCAATCTACTCT,1093
AAACAAACCCAAACTG,1092
AAGCATTAGGTAATAA,1092
ACAACTTCTAACGCTT,1092
ACAAGTAGAACTTAAA,1092
CCACTCGAACGTCACC,1092
CGACATGTTGGTCCAT,1092
CGGTACATACACATCA,1092
AACTGTCACTAAACAC,1091
ATAGTACTTCTCGAGT,1091
ATTGAAAAAGCACGCT,1091
CATCACAATATCAGTT,1091
CTATAGTGACAGTAAG,1091
TATTCAAAAATAATCG,1091
AACATAGTTGCCACCG,1090
AAGTGATTCCATACTT,1090
ACCCCGAAATATTAGA,1090
ATGAAGCGACATACCA,1090
CACCCGTATAATGAAA,1090
GCACCGATAACCTTGT,1090
GTCGACGCAATACTTT,1090
GTTTTGCGAAGCACTT,1090
TACTTGAGTAACATCC,1090
TAGTAGAACCGACTGT,1090
AACAATTTATCCACAG,1089
ACCCCCAATTCGATTC,1089
ACCTCCCCCACTATCG,1089
AGCAATTAGTCCCATT,1089
GTCATATATCTGGCCG,1089
GTTATAGCTAGTTAGA,1089
TTACCCTATAATCTAA,1089
TTTCACTATCAAGATG,1089
AAGCCTAGATAATCTA,1088
AGCCGATTAAACGTTA,1088
ATAGAACTCGCGGAAA,1088
ATCATCAAAACAACCC,1088
ATCTTTAGCGATACCG,1088
GATTGCTAAATGGTCA,1088
GCATACGTACAAACAC,1088
GTCTAGCATACAGCGT,1088
GTGCCCTGGTAACTCT,1088
TCCCCTCCCGCGAGTA,1088
TGAAAGAAAACTACTA,1088
AAATAGGTTTACATTA,1087
AAATGCTACACTCCTA,1087
AACTGTGAATTTGAAG,1087
AGTTGACGCTAAAGGC,1087
CATCACGATATGTAGA,1087
GATTGAACAAATGACA,1087
GCTACGCTTGCCAGTA,1087
GTGTCTTACTTTTCGT,1087
GTTGCTCGAGATATAA,1087
TGTATTAACAGGCAGT,1087
TTAAAAAGCTGACCTT,1087
AAAACAAGTATAGAGT,1086
ATCTAGTCGTACCAAC,1086
CCGGAATACAATGCTT,1086
CTGACCACTTCATTGC,1086
GCGTTGTTGCCCCTTC,1086
TAGGAAATAAGTTTTA,1086
AAATTTAAACCAACAT,1085
AATTTGGCCAACTAAA,1085
ACACGTCCACAAACAC,1085
ATTTGTGACATCTGGG,1085
CTTTGCAATAGAAAAG,1085
GTCAGACTTCCACACA,1085
TTGCCGTTATGTAAAC,1085
ACTTCTTGTCCGAAAA,1084
ATTGAAAAGTGTGAAA,1084
CAGTCCCCACCACTAA,1084
CTCGCAATGTAAGATC,1084
TAATTAATCATCCTCG,1084
TAGAATCCAAAGGTCA,1084
TCTGCAAAACATAGGA,1084
ACGATTAAAATAAATC,1083
GAAGTCCCTTCAGTTA,1083
GCCGAGTTCTAACGCC,1083
GGGCCATAATCGGTGC,1083
TTCAACGGTCCAGCGC,1083
AAAATAATTAAGGAGG,1082
AGCTCGCAATACAAAA,1082
ATTATAAACACCAGAC,1082
CCACATCGATGTTGGT,1082
CCATCACTATAAGCGA,1082
GCAACATTTGACAATT,1082
TCGAACTGATAAACTA,1082
AAAAATTCGCGTACAC,1081
AACGTATATTGCCCCC,1081
AAGGGTGATTGCTATT,1081
CCGCCCCGACAATTAG,1081
GGATATAGTAACTTCT,1081
GGATCTCCTAAACAAA,1081
GGCGAAGCGATATCAT,1081
GGCGTTCACATGAACC,1081
TACAAATTCCGTTATT,1081
TCACACAAAAAAGACC,1081
TGACCCTACTTTGCAC,1081
AAAAGATTAATGTCTG,1080
AAAATGTATAGACCAA,1080
AAACTGCAACACATTA,1080
ACACTAGACAAATCAT,1080
AGCGGAGATTTCTGCA,1080
CTGGCTTTTCGATCGT,1080
GAATCATATCACCAAC,1080
GAGCAACGGACGTTCA,1080
TAAGCAATCTCCGTTT,1080
TTTCACTTCTGCATGA,1080
AAGACTCCTCTATTGG,1079
ACGGAATAGCCCTTTT,1079
CGCTCCAATCAGCAAG,1079
CTACACTAGTGATCGA,1079
CTGTTGCAGAAGTACA,1079
CTGTTGGAGGCAGAGG,1079
GAAATATGCGGCTTAA,1079
GAAGCTGATGAACAGC,1079
GAGAGGGCGTTACTAA,1079
GCACCGCATAGGACGC,1079
GCGCAGTTATATAACT,1079
GGAACAAATAACCGCT,1079
TCGTCAAAATTTGAAA,1079
AAGTCTTACACCGATA,1078
CGAACCAGGAGTTACA,1078
CGCTTCAGTAGGTTAT,1078
GCCCTTGAAATCACTA,1078
TCAATTGCTAGTAGAA,1078
TCAATTTGCGATTGCA,1078
ACGTTTTTTAGTGTTT,1077
ACTTTACGGAAGGAGG,1077
CAATAACAGTACTCGC,1077
CACGGTGTAGGTTCAT,1077
CGCCGGAAGATCTTTT,1077
CTGATGACGAAGACAT,1077
GAATAACCACAGACAG,1077
TCTCCCATCCGATATA,1077
TGACGTTCTGGGCTAA,1077
TTATCAGCGCTAAATG,1077
AAAAGAACGAAGTATA,1076
AATAACTGAATCACAC,1076
ACATAAACCGCTAAAG,1076
ACGAACGGACCACAAA,1076
AGCCCAACAAAGAAAA,1076
ATAAGCAGGTTCTCCA,1076
GATAAGTTACTTCAGA,1076
GGTGCTACGAAATGCA,1076
TCAAGTTAACATAACT,1076
AAACGACTTAGCATGT,1075
AACGATATCCTTTAAA,1075
ATCAATATATCACACA,1075
CCCAAGGTCCCTTACT,1075
GAAGAACATCCAGGCG,1075
GTTCAGCCAAAAAAAC,1075
AATCTCACATTAAAAT,1074
ACAGTAAAAGGTGCCA,1074
ACGTAACTTATCCAAT,1074
ATTTAAAACCGATGAC,1074
CGGCGTTCAGCTGTCA,1074
TTCGATGCACTAACGA,1074
TTGATTGGTGTCCCCC,1074
AAAGGACTAAACCTCG,1073
AAGAGTTTTACTCTGT,1073
ACTAGAAAAAATGAAT,1073
ATTCTCCCCTATATAA,1073
ATTGGCATTTCCCATA,1073
ATTTCCTATTTTTAGA,1073
CCGCACCAAACAAATA,1073
GCGCATTACTGCGCCC,1073
GTTGCTGAGCTGCAAT,1073
TCTGGCTCAGAGGCTT,1073
TTAATATTGCCTCAAA,1073
AAACCCTATGAGAAAT,1072
AACGGGCAAAGAATTC,1072
ATATTTACTGTTATTA,1072
CAACTGACCAACAAGA,1072
GTAAATCATCTTACAG,1072
TAGAAAGCATATAAAT,1072
TCCCAAAATATGGTTA,1072
TTTATATATGAAACAT,1072
AAATCATGACAACCTA,1071
AATTATACACTACCTA,1071
CACTAACTGCCGAAAA,1071
CCAAGAGACCTTATCA,1071
GAACCATATAGCAGTT,1071
GTCCTTGATTCGCACC,1071
TACTCTTATCGAAGTG,1071
TGACCGGGAGGACACT,1071
TTCCCCGTCCCCAAAA,1071
AAAAGTGCTCAGTGCC,1070
CAGAGAACATATAAAT,1070
CCAATTTTGTATATGG,1070
CTCTAAACAACGCTGC,1070
CTCTAGCAATTCAACG,1070
TGTAGTTGGTATTGTA,1070
TTTTATATGCGTGACA,1070
CTAGCTCTGTAGAACA,1069
GAACCAAGCCAACAGA,1069
TCTAACTGAAAACCAA,1069
ACGACTGCTTATTCCA,1068
ATCATATAGGAATCAC,1068
CCTTCGAGACCACTGA,1068
GGTTCGGACACATCAA,1068
AAAAATGACTAGAGCA,1067
AACAAATTAAAGAACC,1067
AATCTTGTATGCTTAT,1067
ACACAACATGGGTTAA,1067
CACTCATGATGTATTC,1067
GTGAGGCGCTGTTAAC,1067
TGTTACAAGGGAAATC,1067
ACCGTGGTGAAACTAA,1066
CCACGAACAGCCAACG,1066
TAGTGGTTAAGCATAC,1066
TCCACCCAATTCATCC,1066
AACATAAACTAAGGTA,1065
CCCGTAGATCATGCAT,1065
GAAATGCCCCGATCGG,1065
TAAATGTAGACTAAGA,1065
ACAAATATAATAGGAA,1064
ACCATCAACCAGGGTA,1064
AGATTATTTGCTGCCA,1064
ATCCAAACCAACATAT,1064
CGTAGCCAATACACAT,1064
GGGCATAGACGCGACT,1064
GTCATACTACAGCAAC,1064
ACATCCTTGAATGAAA,1063
AGAAAGCAGCAAAAGC,1063
AGAACGTAAGCAGATT,1063
AGATGAGCAATACAAA,1063
ATCACATAAAGGAATA,1063
CACGTTGAAAAATTAA,1063
GTAGGTCCAAAGACTT,1063
TAAGCAACAAGACGAA,1063
TTCCCTCGTAGACCAC,1063
TTTCCAGGTTATTGCA,1063
AACATATTACACTTGA,1062
AAGATCGTTAACCGAC,1062
AATGAAGAAGTTGTGA,1062
ATTTTGGCGAGAAAGG,1062
GTAGGTGCTTGATAAT,1062
TAGCCACTGTTACTCT,1062
AACAAAATCACTAAGT,1061
ATATCCACCAATAAAG,1061
ATTATGCCTTAGTAGC,1061
CAAACAGAAGGAAATC,1061
GACAAAGCCCAAGACT,1061
TACCCGAATTGAACCC,1061
TAGTCCCGAACCTGGT,1061
TGGAATGCTCATTACA,1061
TTCGTTATACTGCCAT,1061
AATATTGTATAGACTT,1060
ACAGACGGCCATAGAA,1060
ACCAATCACATGAAGA,1060
ATTGAGCTAGTCAGAG,1060
CTGGATCACTTAAAAT,1060
GAAGCCAATTACTTAC,1060
TAAAAGTGAAAGTTGA,1060
TAACCAATGAACGACC,1060
TGTAACGTAAAGGGCC,1060
AGGGGATGTCGATATC,1059
CCTCAGAACAACATAC,1059
CTCATAACTGCACCCG,1059
TTAATGGAGCGGCGTC,1059
AAAAGTCATAATGAAA,1058
AAAGTATTTCGATGAA,1058
ACTATTTCATCAATCT,1058
ATCTTTTTCCATCAGG,1058
CAGCCCCCCAACAATG,1058
CTTTCCAATTTGAGAT,1058
GCCCCGAAAAACTCAA,1058
GGAAACCCTGTCCAGA,1058
GGATGGAAAATGATGC,1058
TAGTAAATCAGCTTCA,1058
ACACCGCTTTGAAACT,1057
CGATTGATTAATCCCC,1057
CGCAATACACACTGAA,1057
ACGAATCAGGCATTGA,1056
ATACCAAACCGGCCAA,1056
ATCAAACAAGACACAG,1056
CTGAAGACGATATAAC,1056
GGCTATAGAGGGTCGT,1056
TCTCATCCCGGGGCTA,1056
TTACTTGTACTTATTA,1056
AATCAACCAATCCAAT,1055
ACAATATAGACTACAC,1055
ACTATAGATTCGAACT,1055
ATCATTACACGACCTA,1055
ATTACGCTTTTCACCG,1055
GAGTAGACCACGTCAT,1055
TAAATCGTTTTCAAAA,1055
AAGAGTCCATACCCCA,1054
AATGATTAGTGTAACG,1054
CTCCTCCAGGAGAGGA,1054
TAACCCTAGCGCAGTC,1054
TAGAGCATACCTGCTA,1054
AATTAAAATTCAAGAA,1053
AGATAAGACAAACTTT,1053
AGATCACAAAGAACAA,1053
ATAGACTCGCACCATA,1053
CACTTTAACTTCTACG,1053
CCGTTATTATAGGATA,1053
CGACCCCTTTTTAATA,1053
GTAAATACTGTTACAC,1053
TAGCAAGACGCACTTC,1053
TATGATTCAACCAGAC,1053
TGCTCTGATAACGTCA,1053
TTAAGTAATTCACGAG,1053
TTCCGCCCTAACAAGC,1053
ACGAATCCAACTAAAG,1052
AGAACCCCCCATAAGC,1052
AGATGACTTATGTAAA,1052
ATAAAGCCAATAAGAA,1052
GTAATATCAAGGAAAG,1052
TCCAGAATAACGAAGA,1052
TGATGGCTCCGCAAAT,1052
AAACAAATCTATAAAG,1051
AATAACTCCACAGTAG,1051
AATTCTTCATCAATTC,1051
CAAGAAGTTACGGCCT,1051
TACCTTTATTGGCAAG,1051
TTAGGTCCCTCTGTTA,1051
ACCTAGAGCAAGAACA,1050
ATAAAGAAATCTTACC,1050
ATTATCATTCAAACCC,1050
GAGTTAGAGAAAATCA,1050
GTCTTAACTTAGTAGC,1050
TATTGAATTGTAGTCA,1050
AAACGATATATTTAAT,1049
AAATACATAATTCCAC,1049
AAGAGGTTATATTAAT,1049
AATGGAGTATAGCAAT,1049
ACCCTACATTAATACC,1049
ACTTACGGATAAATCT,1049
CAGAATACCATGAAAA,1049
CCTTCACTTCTACACA,1049
CGGTTTAGACATGTCC,1049
GGACAAAAACACAAAA,1049
ATGTTGCTTATCATCC,1048
CGATGAAGTTTAGAAA,1048
CTAAAGTAATATTGAC,1048
CTGCCACTCAACAACA,1048
TCCCATCGTTCCCATG,1048
TGAGTCCTTTCTAATA,1048
TTAAATAACCCAGTTA,1048
TTAGCAGATCAAGGTC,1048
ACACCCATAATCGAAA,1047
GAACGATATGGCTAGA,1047
TAGAGTAGTATAATGT,1047
AAACCGGAAAACTCTG,1046
AACTGCTAGATTAGCA,1046
ATGGTCCTTGCAGGTT,1046
ATTTAAACGCTTCCCA,1046
CATCCCCACTACATAG,1046
CTATGTGGTCCTAAGA,1046
GATTAAGCAACACTCA,1046
GGCCCCCTCTCGACCA,1046
ACAAATTCGTATGAAC,1045
ACCACCAAGATCTTAC,1045
CAGAGACTAAAACCTA,1045
CAGTGAAGACCACGGG,1045
GACTAAGTAGCACGGT,1045
TCTCTTCAAGTCCCCA,1045
TGATAACTGTATACTG,1045
ACAACTTAAAAAAACA,1044
GAAGCTAAGTTACTTA,1044
TCACACCTACAATTTT,1044
AACAAAGACTGCAACC,1043
AACGGACACGAAAGTG,1043
AATTGGTAACAAAATT,1043
ACAGACTAAAACTTTC,1043
TGAGGGTACCAGTTGA,1043
AACATTCCAAATAACT,1042
AACTTTGCGGCGGCCC,1042
AATAACATATCAGCGC,1042
ACTTCAAAGTCTTTGA,1042
CTTAACCGTGGGCAAA,1042
TACCCTTTGATGACAT,1042
TTACGAAACATCGGAC,1042
TTCCTGAAAATCAATA,1042
AATCAGAAATAAGGGA,1041
CAAAACTGGGGACCTA,1041
CATCCCCACATGATAA,1041
CCTAAAAACAAGCACC,1041
GAATCCGCAAACCCGA,1041
GACACCAATCCCGTCA,1041
GCACTCAAGAGTTGAT,1041
CGTCCAGATTCGGAAA,1040
TTAATATGTGTAACTA,1040
AACGCGCCTAAAAGAT,1039
AGTACACAAAAGAAAA,1039
ATGCTACAACATCAAG,1039
CATCATAAATACAGAA,1039
GGTCAATAATCATTGT,1039
TGAACTCCACACGGGG,1039
AGTTCTAGATAGACGC,1038
ATCAAATCAAAAAATC,1038
CATAAAGTAATACACA,1038
GAATTATACAAAAGGC,1038
GACGTTAGCCTGGATA,1038
GAGTGACAGATCTTAA,1038
TGCATTCATAAAGCTT,1038
AAAGTGTTCAACTTAG,1037
CCGGAACATACTGAGA,1037
TTTTGTGGAGACTAAA,1037
ACACACTCCCTGATGC,1036
GGTCTAATAGTCAGTT,1036
TCTCATATAAATAAGG,1036
AAAGAAGCGCTGGTTC,1035
AACTTAAAATGAATGT,1035
AAGACCGTTCCATTCT,1035
ATCCCAGCTTACGCTA,1035
ATTCATCCTAAAAGCT,1035
CGCCAAAGACACATCT,1035
CTTAAGCTTGTACCTC,1035
TTACTTTGTGTAAATA,1035
AACGACACTAAACACA,1034
CACACTGTGATGAAAA,1034
GGAGTTACTAGATTCC,1034
TATCAGACAATGGGGC,1034
AGAGGATTGCGGTTAT,1033
AGCGTGTCTACACATA,1033
ATTTTAGACCAAACTT,1033
GCTAATGAGAATATAT,1033
TGCCAGGATCTTAATT,1033
AACCGACCCCCTCAAC,1032
AAGGAGTAAAAACATA,1032
ACTACACTTAACTTTG,1032
AGAGTAAGCACAAATG,1032
CAAGAGCACCTGTCGA,1032
GACTAGACGCCCTTGA,1032
GCCCAAGAAGATTTAA,1032
ACTGCTTTGTGAGTAA,1031
TATAGAAATGGGGACC,1031
TATTAGATGATATGCC,1031
TCCAATAATATGAATT,1031
TGATGAGGGCGATTAC,1031
CTGATGGTCCTAACCT,1030
GTTAAAATGCTGCTGA,1030
TCTCTATTGCACCAGC,1030
TTTTCGAAAAATCCAG,1030
AAATATATGTGGTAAT,1029
AATAAAAGATATGACT,1029
ATAACAAAAGCACATG,1029
CTTGGAGAATAGCACG,1029
TACTTATAATTCAAAA,1029
TCGACTTACCATGAAA,1029
AACGAGAAGGACGAAA,1028
AAGATTCATGCTGCCG,1028
AATATCACACCTACTC,1028
GGTCAAGCAATTCCAA,1028
GTAAGTTTCCGAATCT,1028
TAATATAGGACGTCCC,1028
TATAACGACCATTCTG,1028
CAGGTATAATGATGCT,1027
CGAACCGCGCAAAGAG,1027
CTAAGTATAAGACGCC,1027
GAAAGCCTCCTCAGAC,1027
GTACTAAAAAAGACAT,1027
TAGTTAAGCCAGAGTG,1027
TTGCTTCTTACATCAT,1027
TTGGGATCTTTAGCAA,1027
AAAGTCATACCTTAAA,1026
AGACGCAATAGCTCAG,1026
AGGTGTTTAAAGGAGT,1026
ATTTGTGTGTGTAAGA,1026
CCCGAATTCCGCTAGA,1026
CTATTGAGTTTACATC,1026
GTAATAAAGCGGCCGA,1026
TGCAGATAAAACATGA,1026
TTCGATTAGTTTAACA,1026
AATCGAGATCATCAAC,1025
CAATGGAGCAATAAAA,1025
AGATATTCCGTTAGAA,1024
AGCTGTATGTCCTACA,1024
ATTGCGCAATAGAATC,1024
CAAAAAGCAGTAGTAT,1024
CATTAAAGCCCAACTA,1024
CGGGAGCCAGACAACA,1024
GATTGGCATTGTCGGT,1024
GCTAAACGGGAACACT,1024
GCTCAAAATTTGAAGC,1024
AATCTCTCGGCATTAA,1023
AATTAATAGCAGCATT,1023
ACAATGAAAAAATTAA,1023
AGTTAAAAGTCTCAGC,1023
ATAACCCAACAGGGGC,1023
ATACAAACAGACCCCA,1023
ATTGCCATTTAGTAAT,1023
CCAATGTTGCAACTAA,1023
CCGCAATAGAAAAAAG,1023
GCCAATCTATATCTTG,1023
GTCAGACATCACTCAG,1023
AATTATTTAGGTTGTA,1022
CGAAAAGCTGGACTAG,1022
GCGCTGGCATGAAATT,1022
TTGAATCTGTTGTATA,1022
TTGTCTCACTATGAAA,1022
AACATATCGCGAATAA,1021
AACGAGACAACTAATT,1021
AACGGAATTAATAAAA,1021
AACGTTCAATACTTAT,1021
ACATCAAAATAAATTA,1021
ACCTTACTCAACCAAA,1021
CTAAAGATCCTTTCTA,1021
CTAAATCTATCCGGAT,1021
GAACAGTTGTCTTACA,1021
GTTAAGGACAGACAAT,1021
TACCTCAACGAGCCCT,1021
TACTTAATGACACTTT,1021
TAGGGGTCATAATGGT,1021
TCACTCCAGCGCGTAT,1021
TCCAGCCAAACAAGAA,1021
TTCCTGAACAGTCCTA,1021
CACTAAAAGCAAACAC,1020
CCGTTACAAATCTAAA,1020
CGGTTTTAAGGTACGC,1020
TACAAATCCCCTACTG,1020
TGAATGTCAAAAACCT,1020
TTGGAACTAACGAAGT,1020
AATGGATTGCATAAAC,1019
ACAGAACAAGTGAGAA,1019
ACCTATATGGGACAAC,1019
ACGGCAAATAATTAGA,1019
ATCATAGAGGAAAAGC,1019
ATTCGGTCAAAAAAAA,1019
CATAGTGATGTAAACT,1019
CCAGCACTACTCGCAT,1019
CCGTGAACAGCAAAGT,1019
GACACCGTAACCAAAT,1019
GACTTCCGTTCAAAGT,1019
AAATTATCCATCTAAA,1018
ACCTTGATGTCCGAAA,1018
ATATCACGGACGCTCA,1018
CAAAGACGCCTCCTGC,1018
CAAATTCACCTGTGCA,1018
CAGAATCAATCGCTTC,1018
CATCGTACTAATAATA,1018
CGAATCCTGTATCAAT,1018
GGTAATCGCCGAAAGA,1018
TTGGTTCGACCCTCAA,1018
AAATCACATTTCTCGC,1017
AACCTCTAATAAGACT,1017
AATTACGACAGAATGT,1017
ACGATGATATCTACGG,1017
ATATATTTTTGCCTAC,1017
ATCGTATCAACCACCT,1017
CTGGTTCTGAAACCAC,1017
TGGCTGCCTATCATAC,1017
AAAGCTGATGACTGGT,1016
AACTTGCTCGAGCCCG,1016
AAGAATAGGCGAGAGA,1016
ACTAAGTTTATTAGGG,1016
ATCCAGTATTATTAAT,1016
CACCTAAAATCCGTCG,1016
CTAAACTTCACAACCT,1016
CTAACCTAAATCTTCA,1016
GGAAATAACCTACGAA,1016
GGAAGACGAACAAAGA,1016
GGCTAGATCTTACAAC,1016
AACATAGAGACGATGC,1015
AGTCAACCTCAATTTA,1015
CTCAGAGGAAAGATAC,1015
CTCCATTATCTTGCAG,1015
GGAAGAGATCGGCCGT,1015
TATTTAAAAACACTCT,1015
TTAATGCGTCTGGAGT,1015
AATAAGCAACGCACCC,1014
CAGCGACACGCCTAGC,1014
CAGCTGATGAGACAGA,1014
GCAACCGGCACGGAGA,1014
GCTACGATCTGAAGCG,1014
GTGTTGCCCAAGGTGA,1014
TTCAAAGAAAAATTAC,1014
TTTCAACTGATGAACT,1014
AACAAATTTGAATCTT,1013
AGTTATTTTCGGCCGG,1013
CATCAGGATACACCCA,1013
CTACGTATTGATCCCA,1013
GCATATACACTCAAAT,1013
TATAATGAGTGGGAAA,1013
TGCGACGCATGCGCAG,1013
TTAACCGATCTAAAAG,1013
AAATACGCTGACACGT,1012
AACCATATGTTTTAAT,1012
AATACTGATGATGCGC,1012
AGTAGATTTAAACGCG,1012
CTCCACGAGTTGATTC,1012
GACAAGTCCATATATG,1012
GCGAAAGAACGTTATG,1012
GGAGAACGTGGTTGAA,1012
GTGAGTAGGCTTCACG,1012
TACACATGAGGTAGAT,1012
TACTATAACCGAAGAA,1012
TAGAAAATCTTTGAAA,1012
TGTAATAGATATATAA,1012
TTCGCCCCATTGCTAA,1012
ACATGACTTATAACAA,1011
CTAACGATGGAATCCA,1011
GAACGTTGTACTTGCT,1011
AAAAATAGGCACAAAT,1010
AGTTGTTCATTGTGCA,1010
ATAAAAGATACAATCA,1010
ATAAACTGACCAGGGA,1010
ATAATACTATTTTTAT,1010
CCAATCCTCCCATCCC,1010
GACTACTATTTTCAGA,1010
GTGCCTTAAACCATGT,1010
TAACTCAGGCCACTCG,1010
TGCTGAAAATAACAGT,1010
AAATTACTAACCAGCG,1009
AACATACAGAAAACAA,1009
AAGTATCCTCATATAA,1009
AGGGAATATAAACGAT,1009
ATTCGAGATGTCATCT,1009
CAACAGTAAAAATTCA,1009
CGATGTAAGGATAGAA,1009
TTCTCAACGAAACTAA,1009
AAATACGCAAAATTTA,1008
AAGACTAAAGCGTGCC,1008
AGTGAAATTTAAGTAA,1008
TCAAGAATATTATAAG,1008
TTTGGTAATCCATGAC,1008
AACAGCACTAAGAAAG,1007
CGCTAATCACGCACAT,1007
GATTACTAATTCACCA,1007
GCAAGCAACGCTCAAA,1007
GTACATCTTAATCAAC,1007
TGAATGTCCATATTGT,1007
AATACTTCTGGGGACC,1006
ACTAAGAACCCATTAA,1006
ATTATTCGAGTACTCA,1006
CATGAGAATACTACAT,1006
GATGATTTTAAATATG,1006
GCCATTATGGAGCCCC,1006
TAACGCAGGCAGCTCA,1006
TGAAAAGCAATAGGAT,1006
AATACCGATATCTACT,1005
ACATAGGTATAAATCG,1005
ACCCACTACAAATATT,1005
AGGAATATATTGTCAA,1005
ATACAATTACACGTCC,1005
CTTTCATGCCACTACT,1005
GAAAGTTACTTCATCT,1005
TAGGATCGCGTGCGAA,1005
TTTGGAATGGGCGAAC,1005
AAGTATGACAAATTTT,1004
AGCATTTGAATTTCTC,1004
CAAAAGATCTTAATCA,1004
GTACCTAACTGTATTG,1004
GTCATGGGGCTAAGAA,1004
AATTAACGGCTGTGTC,1003
ATCTCACGTCCTATAC,1003
ATTTCCATAGCACTCT,1003
ATTTTTATCTCGTACA,1003
CCACTATTCCGACTAC,1003
CCCGGAAATTATTCCG,1003
GGGAAAAACTGAGGAC,1003
TAATGACGACGATACT,1003
ACGCAAGGGGCGTTCC,1002
AGCTCTATAAAAGTTC,1002
ATGAAGAAGATTATGC,1002
ATGACAATGAACCGTC,1002
CAACGAGCCAAAAATT,1002
CATAATGTATGAAGTC,1002
CTACGAAGTCAATACA,1002
GCGAATGGACGAAGGT,1002
TGCCGACACTTTCCCT,1002
TTTGAAACTGTGATTA,1002
AAAGGTCGCGACTTTA,1001
ACTTAAGAAAGGAGAA,1001
CCCAGACATGTCGGTC,1001
CTCGCTCCAAGTTTAG,1001
TATATTTCTGTCTTCC,1001
TGTGGTAAAACCAGAA,1001
AAGCCTGAAAGAATAA,1000
ATACACACAGACCCAG,1000
CATGAAACCACGAGCA,1000
CGATGATTACAAACCA,1000
GACGAAAGAAAATAAA,1000
GAGGAAATAAAAATAT,1000
GAGTCCAGACCGAGTT,1000
AAACTGAATTGAGTTA,999
ATGTTGACCTGACTTA,999
CAGAATAAGATAGGAT,999
GTCTTTATATGTCAGA,999
AAAAGAATATTCCGTT,998
ACGACATTACGCATCT,998
CCAAGTCATTAAACAT,998
CTCTCAGTATTAAGTC,998
TCTTGATTAATGAAAT,998
AAACTCATTAATTGTT,997
AACGCAAATAGAATAC,997
AACTTATCACCTGGTC,997
AGGGCCACGTTGCCTA,997
CGTTACAGTTCCTTCG,997
GGGCTGTCAAATTCAG,997
TAATCATAAGGGTACA,997
TACATGGAAGTACATG,997
ATATAAATAGCAAAAT,996
CAAGCAGTATCGGACC,996
CATATTCCTAAGAGGA,996
CATTTCCATGAGTTCT,996
TCGTCTCGTCGCAGTC,996
TTATACGATCAATATT,996
CATGCTTAAAGGACAC,995
TAACGTTGAGCTACTA,995
TTAATAAAATACACTA,995
AAACTGAGCACCTCTT,994
AAAGAAAGTTTTCCTT,994
AACCTAACGAGGTCTT,994
CTCCACGCGCTACTAC,994
CTGGAATATGGCCTCT,994
GCAAAGGTCTTGACGA,994
GTGACATCCTGAGACA,994
TCCTCCATAAGATCTG,994
TTAACCCAGGACTAAC,994
AACAACGCCGTATTTC,993
ATACGGACGAAAGGCA,993
CAAGCCTTATCATACA,993
CACTCGCACCAACCAC,993
CACTTCGGACAGTAGC,993
CGAGGTATACATTTGG,993
CTCACAATAGAAAAGA,993
GCTCTGATGATAATCC,993
TAATCCTAACCATACT,993
AAACGGGTAATCGACA,992
CGAGACGAATTATCAC,992
CTTTAATAACCGCTGA,992
GAAACCGAGACAAGAC,992
TATAAAGACATGTAGC,992
AAAGCGTATGCTCATC,991
AATCCTCTAATTTCAT,991
ACAATTGATATAAAAT,991
ACGGCGAACATGACCA,991
ATGCGTCATCTAACCA,991
CCCCGCCTTGCATGAC,991
CGTAGAGTAAAGGTAG,991
CTACGTAGTCCACTCT,991
TAATCTATCCGAGATA,991
TGTCTTAAATAATAAC,991
TTTACTCTCAAAATAA,991
AAGCACAGTCTAGCTT,990
AGAGATGATGACGGAG,990
AGTATTTTGGCCATAT,990
CAAACGCAAAATGCTA,990
CGACTAGACAGAGTCC,990
CTCCTTATCTGTCAAA,990
GCCAGCGACAGCGAGT,990
GGGAATCATCCCACAT,990
TAAGACCGTAGATACT,990
TAATATCTAAAATGGA,990
TATCTGTGAGTACTAG,990
TGACTCATGGCTACAC,990
AGAGGCTGCAAGATTT,989
ATAACCAATTGCAAAA,989
CATACCATTTCGAACA,989
GTGTTCTCATCATACG,989
TGTTACTTTAATACCA,989
TTATACAGCTCTAAAT,989
AGCTTTATCGTTAAGC,988
CCGACTACTATAGTAC,988
GATTTAAACACGCACA,988
GCGATATTCGTGTCAA,988
TGATAACTCTGTTTAA,988
ACAAACGACCGGTCCC,987
ACAGCAGTCGGGAATT,987
ATACCTAGTCATTAAG,987
ATGAGCCGAAACTATT,987
CAAAAAACACAAAAAG,987
CCTTTTACACCGGCAA,987
TCAGGGACCGTAAACG,987
TCCCTACAAGTACGGT,987
TCCGAAACATTCTTCT,987
TTTTATGATTCTGACT,987
AAAATATATTAGGCAC,986
AAACGCCTTGAAAACC,986
AAGGCTTCTCGAGTTA,986
ACATAGACACCGATCG,986
AGAGATAACGAATCCT,986
CACCATACCGCTAATG,986
CTTTTACATAAAATGA,986
GGAGACATAGCGAGAA,986
ACACACGCGCTAACGT,985
ACCGGTCACGCAAGAA,985
CCCACAATGGAGGGCA,985
CCGTATATCGAATCTG,985
TTTAGTCCCTCGATCT,985
ACATTGCTGATGGTCT,984
ATATACCGTGAGCTTA,984
ATTGAAAATAATCAGT,984
GATGAAGCACAACTAT,984
GTTATGCTATATAATA,984
TACACGCCTGAATGCT,984
AACGTTAGCGCAATAC,983
AATCGTTCAATCCAAC,983
AGAGAAAAAAGCTCGA,983
GACTATACAAAATACA,983
TTGTAAAAAGACAAAC,983
AAAAGCAAAACTGGAA,982
CACCAGAAGGAAAACA,982
CTCATTCCCTCGAGCC,982
GTCCGGACGGAGGACT,982
TCAAAAAAGCTCAACC,982
TTACGGGTAGAAAAGA,982
AAACATTGAGTGGCCT,981
AGCTTATAACGATAAT,981
AGTAGAGATTCCCTAA,981
ATGGAAAAGAAGCAAG,981
CAAACACCGAAGAACC,981
CAACGGACGCCGAGTC,981
CACATCATTTCGCGCT,981
CAGCAACATGATCGAA,981
GGTTCAGAAAGCAACC,981
GTGCGTTTATTCAAAT,981
TGAACAAAAGGTTACC,981
TTAGCCTGGGTATAAA,981
AGTGGTTCCATTGACT,980
AGTGTTGATTCGCTAG,980
ATACGCAGATCTAACG,980
CACCACACAACTACTA,980
CCCAAGATGTAAACTG,980
GATACGATCTCCATCA,980
GTAAGAATACACATCA,980
TAAATTTAGCATTCCC,980
TATATAATAACACTGG,980
TGCCTCTTAACATTCA,980
AACCTACGCGTACTGA,979
ACCCACTTTTTTCACA,979
ACGAATAGTACTAACC,979
AGTTACGCCTTACCTT,979
CTCGAGCTCAAAGTCC,979
CTTAAAGAGTGAAAAC,979
GCTTCTTTAGGCACTA,979
TAGCTAAGAAAGTCAC,979
TTACCTGTCAGCCCGC,979
TTCCTTAACCGCATTA,979
AACACTTCCAACTTTT,978
ATAGAATCTAGATGTC,978
CCTAGTGACTAAAAGT,978
CTATATACATAAATAA,978
CTATCTAATATCATAA,978
GAATAAAAACTACGGC,978
GCGAATACCAAACTTT,978
TAATAAACCTGTGAAC,978
TAATCACGGGATAATT,978
AAAACAAACTTAAACC,977
AAACCACAGTAAACAT,977
AAGACAGGCTACCAAA,977
AGGCGCAACAGATGAT,977
ATGTTTACACCGTCTA,977
GGAAAAATAGATGATA,977
TGAAAGTAAAGATGAA,977
ACTAAATGAAATGTCT,976
ATTAACCAAACCGCGC,976
ATTACAATTCATCTTT,976
CAATGTAATACACGGG,976
CAATTATTGTTGTTCC,976
CACTAAAGAACTATAC,976
GAAATGGTAATTCATG,976
GGCTAAGAAGAGAAGA,976
TAATTAGGAAGGATCT,976
TGCAAGCCATTTCAAT,976
CACCTTAAACAAGATC,975
GAACGTAAAACAAGAA,975
GACATCACACAGAACC,975
GTACCCGACATAAGCA,975
GTCCAAGATAATTTCC,975
TAAAGAAACAATGGAT,975
AAAACCGTTCAAGATG,974
ATAACAACCACACACA,974
ATCAGTCACGGATGCA,974
ATTCGGAGGTCCACAA,974
ATTGTACTTCCTGATT,974
GACAACATACTCGGAC,974
GATCGGGACATGCGAA,974
TACGTTGACTGTTCCA,974
AATATACACCAAAAAA,973
AATGGTATATGGTGAC,973
AATTTACCTATATCAC,973
AGAATGGTACTGCACA,973
AGGTGTCCAATAACAA,973
GAACTGATTTACCATG,973
GCATAAGGATCTGCCA,973
GGACAACCACTGCGCC,973
TGTACACAATTAGAAT,973
ACGAGTACTTCAGTGG,972
CCCAAACGTCACTGAG,972
CCCGAGTCTTAAAAGA,972
CGGTCCGCGATATATC,972
CTATGGAAGGACATAG,972
GCCATAAGCGAAGCAT,972
GGAAACTAGATAACTC,972
TCCTGAAGTATGCTCA,972
ACGAGCCAAATATGTA,971
AGGAACCAACTAACTT,971
ATTAATAAAACGCACG,971
CAGGACGCGATTGCCA,971
GCGTGAACAAGGGAAC,971
TAGTTTCTGCAGCTTA,971
TCACGCTTATTGACTC,971
AACATGCATAAACCGG,970
AACTTATAAACATGGA,970
AATGAAGTTGCGGCAG,970
AGCAACCCAGTTACAA,970
ATGTTCAAGTTAGCAA,970
GAATCACGAATCATCC,970
GCAAACTGAAACGAGC,970
TACCACTACCCGTAAG,970
TTCTGTATAAGTTATC,970
AAAATATGACGCTAAG,969
AAACGGCGGTTGATCC,969
AAGTGAAAGATCTTAT,969
ACCAATCACCAAATCC,969
ACCGATAAAATGTCGC,969
AGCGTTTACCGTAAAC,969
ATACGTTTCGCTTTGT,969
ATCGAAATGTCACGAC,969
CAAAAAAGGACAGATT,969
CACGGATTCTAAAATT,969
CATAAAAAAAATGAAA,969
CATAGGCTTTCTTAAA,969
GGTCAGGGTTGGTGCC,969
AAAAATATTACAAGAA,968
AATAGGATAATGAGTG,968
GAGAAACGACAAATTC,968
GGTACAAAATTCTGAT,968
GTAAAAGGTTTCAGCC,968
TGAATCTGGTTAGACA,968
ACGGCAAAATTTCCAC,967
ATCTACACAAACTAAA,967
ATTATATAGACCCAAA,967
CGCGCCAAACCGAGGC,967
GATGAAAGAATTTTAT,967
GGATTGTGATCCTCCA,967
GTTTCGACATATTATC,967
AAGCCCCTGATGTGCA,966
AGATGATTTCAAGTCT,966
ATATCGAGTACACCAA,966
ATATTCTTCCATTGTT,966
ATTGTCAACCGATATA,966
CACAATGTGAGATGAC,966
GAATCAAACGTGACGA,966
TATAAAAGCAATAATT,966
TTACGTTCCAATCGCA,966
TTAGTTGTTCTTATTT,966
TTCCGACACCGTTACC,966
AAAATATTCGAGTTGC,965
AGCAAATACCCGGTGT,965
CAGGTTATAAACTAGG,965
CATCCATAGAGAGGAC,965
CATTATCCAGAACCAT,965
GTCAACATAACGCTGG,965
GTGTTTATTAATGAAT,965
TCCGAAGAACGATCTA,965
AACTTGGAGTGATAGA,964
ACCTAAGACACTTACA,964
AGCACCAGTCGGGAAC,964
AGGTGATATGAAACAG,964
ATAAACATTAAATCCT,964
ATGTTAAAAAAAATCT,964
CCACACGTTACTTGAA,964
GAATTTATCGTTAACG,964
TATCTAATAGATGGTC,964
AACGGACCCCTATACC,963
AATGATAACTTGGCAC,963
CCATCAAACGAGCCAC,963
CCTATCACATTTTGTT,963
CCTTCGGTGATAATTT,963
GCGAAATATCTGCGCC,963
GGCACATCAATCCCAC,963
AGCCAAACTCAACGAA,962
CCTCAAAACAACAACT,962
CGGCCGACTACTTGAA,962
GACGTAACTATCATCG,962
GCTTAAAACTTAGCAA,962
TATTTAATAAAACAAG,962
TCGAGGATAACTAACA,962
TTAAAAGATAAAATAA,962
TTCAATTGGGGCCTGG,962
TTGCGTAGACTGACCC,962
ACTGGTCATTGTAACT,961
ATGGTTAATATTAAAA,961
ATTAGTCATGACGCGG,961
CAGCAAAAAGGGTTTT,961
CGTGGTCACTTAAAAA,961
GCGTAAACGCTAGAGA,961
TCATTTGCATATCAAA,961
GAACTAAAAGTTTGTA,960
GAGGTGGTCTGCTAAG,960
GATAGATACTGAAAAA,960
GGTAGGACTATGCGCC,960
TAACTATGATTGACAA,960
TATCCATCAGATCCCT,960
AAGATTACCGTCAACA,959
AGATAGAACGACGCGA,959
ATCTCAACCCCAACAC,959
GAGCCCACGACAATTA,959
TAATACGCGATATATG,959
TATTCCGAGGCACGCT,959
ATAATTTGGAGTATCA,958
CATTTATTGCGCACCC,958
CCAAAACTCAATTCCC,958
TAAATTATTAGGATGG,958
TAAGCCCTAGGCTGTA,958
TCCCATTAGTTTTTTC,958
AAAGTCTAACAAATCC,957
ATCGACCAATCCGTTC,957
CATTTTCGGGTTTCAC,957
CCAATAGCCTAGGTCT,957
CCGCACGATAACCATA,957
CGAAATTAGTACCCTT,957
GAACACTAAGCCTACC,957
GATTCACGAACTAGTC,957
TATTGCAGTGTTAGAA,957
TTTGAAGTCGCAGAGG,957
AGTATCATGAAGTGTA,956
ATAACGGGCATTAATA,956
TCAGAAAAAGACACGG,956
TGCAAACGCTAAGCGG,956
ACACAATATAGCAAAA,955
AGAAAATCAGAGAAAT,955
CAAGACACGTATCAAT,955
TCATACTATATAAAGC,955
TGAAGCCGAATGAACA,955
AATCGATATATATAGC,954
ACGTCATCTATATACA,954
ATTGGCACCATAAACC,954
CAACCCAAGGAAATTC,954
GACTTCATATGTAAAA,954
GCTTCTTAAGGCTACA,954
TAAACTGACAATTTAA,954
TCGGATAGAGCTTGAC,954
TGACAAAAGAAAACAT,954
TTGGTTAATGTTGCCT,954
AGGTGAACCATCACAA,953
CATGGCCCACATCGCG,953
CGGACTGGCTACGACC,953
CGTATATAAACACGTA,953
CTTACACTCCCGGTTA,953
GAATAGATATGTACTA,953
TCCGAGGCTCTACGAC,953
TTCAATATAAACCTCT,953
TTCTAATTTAATTGTA,953
AACAGCAAAGTGTGAT,952
CAAGGCGATAACCAGT,952
CCTGATTGCCAGCCCA,952
GGAGAATTTTAAGCAA,952
TAGGGTGGTCCCCAAA,952
TATCTTGTCCTAGACT,952
AACCTACAATACAATC,951
ACACCACAAAACCTAC,951
ACTACGCTACGATTAC,951
ATAGAGACTCTTCTGA,951
ATTTTATTTCAGGCAC,951
TGGCCCGTGAGAGTGA,951
AATTCACTTACTGTAG,950
AGTGAACAATCGTTCT,950
ATTGCCCATTGGGCGA,950
GATTAATGCAATAAAG,950
GTGATAGAAAGATAAC,950
GTGGCACGGATACCAT,950
GTTTACCAACTTGTGT,950
TAAGAAAAAGACACAG,950
TATAAGCCAAAGGTTG,950
TTTGGTTCTCGACAAC,950
ACAAATTAAGAAGCGG,949
ATCACTAGTACTAGTA,949
CCAACTTTACGGAATT,949
CCACATGAAGGATGCC,949
GAAAATATCCTAACGG,949
AAACAATCATTAATAA,948
AAACCAAGTCAGGCAT,948
AACGGTGAACGACGAC,948
AAGCTATAAATCAATA,948
AATACAGAGGACCGCC,948
ACAGCAGCCATACCTT,948
AGTAGTTAATCAGATC,948
CGTAGAAAGATGTTCG,948
GCGTAGATAGCCGGTT,948
TACTCGTAAGAGTTAT,948
TGACACAAGTGAAGCC,948
TTGCAGTACAAGGCTT,948
AAACCTGTTCTGTATA,947
AATCATTAACCTTGCA,947
ATCTTACGACAGCATG,947
ATTTTATTCGGTTGGA,947
CAAGAAACTATTGGTA,947
TTCGAACAATCTACGT,947
AACATGACCACAGCCG,946
ATCTCCATGAGAAACA,946
CCACTATTTGATCGCC,946
GAAAGAGTTTGTAAAA,946
GTGATAGAAGGACCTA,946
TCGAAAATAACTGTGG,946
TTCTAAAATTATGAAC,946
TTGAATAGTTCTTTAA,946
AAAAAATACATGAGAA,945
AATTTATTTTAATAGA,945
AGGCACCTCAAAAACA,945
CCAATCCCCTTTTATG,945
CCCCCCCAATCAAAAA,945
CTCCCAAGAAATGTCC,945
CTGGTAAATAATTAAT,945
GCTCGTAAAAATCTAG,945
TAACTTTGCACAAGCT,945
TACCAACCTTCATAAA,945
TTGGTCCGTAGCCATC,945
ACAGCAAACACTGATC,944
ACGACACTTGAAAAAT,944
AGTGCAACCATTATAT,944
CCCCCGTCAGTGGAAT,944
CTACACTGTCGACGGG,944
GAAGGTAAAAAGAAAT,944
GACGAACTCTAAAATA,944
TAAGACTGCATTCAGC,944
TATGAGACCGCAAATC,944
TGTTGATATTTGTGAA,944
TTCACAACCGGGTTCC,944
AATAAGGTTACTAGCC,943
CTTTCAGAATGGCTTA,943
GGTTTAGTGCGGTACT,943
GTGTCAAAGTTAAAGG,943
TAAGCCATTCTTGCAT,943
TCTAAAAAATGAAAGG,943
TTGCCACAGTTGTATG,943
CAAAACTAAGAACCGC,942
CCACGTCCCTACATGC,942
CCCAAACGGTAACTAA,942
CCGACCAATTAGAAAC,942
GTAGGAGTACAAGGGC,942
TACGGGACCCGTGGAC,942
TAGAGTGCAAAGAAGT,942
TCAACTCATCATTTGG,942
TGAGCCGTAACATAAA,942
TTATTCAAATCTGTCT,942
AGTAATTATCCGCCAA,941
ATAGTTAAACAGTTTA,941
CTAGCTGAGAGATTAA,941
GCCGCAACCGTCGGAC,941
TGAATTATAAACATCA,941
TTTAAATAAATATCAT,941
CTCTATAGTAATAAAT,940
CTTCCCTAGTACAATT,940
GTCACCGAACATATAT,940
TGACCGTCGCCAAACA,940
AATTGAATACAAGGAT,938
ACGAAACAACCATGTT,938
ATTCATATATGTTCCA,938
CAAAATAATTTGCGTT,938
CATAGAAATGTCAAGT,938
CTCTCACCATACGAGA,938
GAAAAACTAAAATCAA,938
GCCTGACAATGTTGAC,938
TGAGAACTACTTCATG,938
TGTCCATCTCCTAGCC,938
AAATCGCCATTTACAA,937
ACATGATGGATTATTG,937
AGGTTGAAACAGTAAA,937
AGTGTCAGTCAAAGGA,937
ATTTGAAGGCCGCCGC,937
TATCGACGAAAACCCA,937
TCTGTTACTAATGTGA,937
CAAAATGCAGCGACCA,936
CGCAAACAATACACTG,936
GGCGACACGGTTGGAT,936
TACCATATAAAGTCTG,936
TATATAGCGTCAACAA,936
TGTTTAAGAACTGGCA,936
AAGGTATAGATCCCAT,935
ATTAAGATAGTTAGGA,935
CATACCACGTCTACGT,935
GAACTACTCGTAGTTT,935
GGCAGCTGATAGAAGT,935
TACGCTACCTAAACCC,935
CAGGAATGCCTTAAGG,934
CCCCACGGCATTATAT,934
CTTATTCAAATCCCAA,934
GAAGACTAACCGGGCC,934
GAATACATGTGGTAAG,934
TAACATTCATTAGAGG,934
TGACATCTAACGCTGT,934
AAAACAAAAGATTCGT,933
ATACGGAAAACCGAGG,933
CATGGAACTTCAACAC,933
CCCCATATTCTCAACT,933
GACTCATTGTGATACG,933
TACTTATTATACATGG,933
AAGAGCTCGTAAACAT,932
ATGCTCGTATAGTGAA,932
CAAGCCCGAAAGGACC,932
CCAATACCCGAAAACA,932
CCAATATAAACGACTG,932
CGGAACAGGTATAAAT,932
GGAGAATGAGTGACAA,932
TACATCTTTACCGTCG,932
TTAAATAGTATGACTG,932
CTACTTGTAACAACCA,931
CTGTAATAATCGGAAA,931
GATAAATAGTGCCGTA,931
GGGGTAACTAGGCGCC,931
AAAACGTTAGAACTAC,930
AGAAGGTAAATGTCGA,930
TGACGGCTAAGTCACA,930
AACATGACGACAGGGG,929
ATTGAAACATTCGCTT,929
GCACCGCTTAAATTTC,929
GCCAAGACTCAGAAGG,929
GTAGATACATGAAATT,929
AAAATCAATTCACACT,928
AACACAATACAGAACG,928
AACGATTATCCGAAAT,928
AATGAACCGGCGAAAA,928
CGCGAAACATGCTGAT,928
TACTTTAGATGGATAC,928
TTACCATACCGAGCTA,928
TTTAAACAAAGATGTA,928
AATGCTCAGAGGCTGA,927
ACTGTAAGCAACAAGA,927
GTAACTCTTCCTTACT,927
TCTTTCGGTAGCACGA,927
AAGATCTACCTAGTGA,926
AATAAAGAATTATAAA,926
AGAAGGAAACCATTAA,926
AGACTAGAAAAATTCA,926
ATGTGTTCACCAGGAA,926
CCTACTAACACAAGTC,926
GAACTCTAAGATCTAT,926
TACCTTTACTACGCCC,926
TATTTAATGATTCAAA,926
ACAAAATCTACATAAA,925
ACCTGTTAAGTTTAGA,925
ACGATAGAGCAGTCCT,925
AGTATATGTCAAAACC,925
AGTGCAGAATAGAACC,925
CAAGATCCATTCGCGC,925
CCGAAAGGCTCAAGGT,925
CCGCTCAAATTTGTAT,925
CTTGCAAGGATCGACA,925
CTTTTAACAGCAAAAC,925
GGGACACCCTCGACCG,925
TCGATTTCGCGACCTA,925
CTTTTAGATTTTCCTT,924
GGAGAAGTTCAACATA,924
AACATAAAAAATTTTG,923
AGGATTAACTTACTCG,923
AGGCCCTGATGAACAG,923
ATTCATAGTACGGAAA,923
CAATAAATTAACATAT,923
CACAAGTTATTCAAGC,923
CAGGCCGAACAAACTT,923
CTTCGAATTCACGCTC,923
GCTCCCGCATTCCCAA,923
TAATAACAAACAAAAA,923
TTGCCACCAAAACACA,923
ACACTTAACACCCAAA,922
ACCGACGCACACAAAA,922
ATGATAATAGCTCATC,922
CGTGTTGCATTGCTTA,922
GGGTACGAGAGGAAAT,922
TAATACAACATGAGAA,922
TGTAGAGCCTCAACTT,922
TTACCCAATCTTACTA,922
AATATTCACTGACGAG,921
AGGACCGAGAGCTGAC,921
CAAAATTAGACATAGC,921
TCTCGAACATAAACGA,921
TTAACTGGTCTTTACT,921
AAAAACGCATCACTAA,920
ACCGAGAATTGTTGAA,920
AGTCGCAAATATCGGC,920
CATTTACCACTGACGT,920
CCAATAACTAATGGAC,920
GACTCCCACAATCTTC,920
TACCCGCTCCCATTTC,920
TGGAAGAACCGAACAA,920
ATCCCTGCCCTACGAT,919
CTACAATATCAAGACA,919
CTGCAGTTCAGAGTAA,919
GAAACTGAAAGTTTTG,919
GACAATAGATATACAA,919
GTCGAAAGCAGCAGAA,919
GTCTCAATCCAAATTA,919
TAGGACATATATTCAG,919
TGCGTTAATCAGTTAT,919
AAACTTTATAAATGAC,918
ACTTGGATTGAAGCAA,918
AGGAAACATGTAACGA,918
AGGCATATAACTCCTG,918
CCTCAGAATAGTACAC,918
GACACCCCCATGCCAC,918
GGTCAGAACACTAACT,918
ACGTAGATAACAAATA,917
AGGTATGAATTTGAAT,917
ATCTACACCGGAATCA,917
CCCTCTCCCGTTACAG,917
CGAAGATTGCATACTG,917
GACTCCGGAATCGAAA,917
GGAGTTAAGAATTATA,917
GTTGGCGTGGTTTAAG,917
TGATAGGCAACAAAAG,917
TTAAATCTATGGGCTA,917
ATACCATCAAAAAAAC,916
CACAAATTTTAGCATG,916
CGCTCGGGCCGGTATA,916
GAAGAAGTAAAAAAGG,916
GCCCCAAAGAGTTTCC,916
TAAATCCATATTGGAC,916
TCCTCTATAATAACAT,916
AATCTCTGGCCGAGAG,915
ACAGAGTGCTAAAAAT,915
AGATAAAATGGAATAT,915
AGATCAAGTGTACTTC,915
AGTTAGGTTACGGGGA,915
TCAGGCAAAATACAAT,915
TCGATTTACAACAAAG,915
AATAGTTTGATTAGCG,914
AGACAACTTGCGGTCC,914
AGGATACCTGCTGTAA,914
ATATGAGTAACGTTAT,914
CAACAACAATTTGTAA,914
CATCGAAAATAAATGG,913
GATGGAAATAGGCGCA,913
GGAATCAGGAGATTAA,913
TAAACCTAGCATATCG,913
CAATGTGTTTCGCTAA,912
CAGACGAACATTGCTC,912
GCGATCACAACCAATC,912
ATCAATTATAAATTCA,911
ATGTTTCCTGACTATG,911
GAGATCTACGCTCAGA,911
GCCAAGTAAAAAGGTG,911
TCCGGCCTAAAAATAG,911
ACGATCTGAAATAAGA,910
ACTTTAAAACCCCAGA,910
ATTAGTGTCTGCAGTC,910
GAACCTACAAGTTAAC,910
TCATCGCATGATGCTA,910
ACGTCCCATTTACATC,909
AGAATTGTAACCATAG,909
GCTAAACAATATAATC,909
TACCCCACTGTATGAA,909
AAATAGCTGCCAAAAC,908
ACCACCTCCCGGATGA,908
ACTCGTTCAAGTTAAA,908
ACTTACGTACTGCCTC,908
CAAATTAACCTTGCAC,908
GAAGAATTAATGGAGT,908
GCCGGTTTAAAAACGC,908
TGTAGCTTTATCGTGG,908
AGCAGCGTACAAACAC,907
CAGGACGAAAATATTT,907
GCGTTAATGCGACAGG,907
GTAATGAGTGACTATT,907
TAAATATCTACAACTA,907
TCGAAAACTTAAACTG,907
AAAACTAATATTCCTG,906
AAGATGAAGCACCATA,906
ACTAAATTAACCGCAA,906
CCGGCAACAAAAATTT,906
GATGATAGTAACGGTT,906
AAAACAACAGAGCGGC,905
AGACTAGCTGTCACTA,905
CACGAACCATACACTG,905
CCTCTATTTCACGGGG,905
GTCACGAGTTTCACCA,905
TAAGTAATCGTTACTA,905
TTGTTTAAACTGTTCA,905
TTTTACAGGAAACCCA,905
ACGAGAATTACAGGCC,904
ACGTTACAAAACATGA,904
AGGTGCTAGTCGAGCA,904
CAACAAAAACGGGACT,904
CCCGATAACCCGCATA,904
CCGACACTCTGCAACT,904
GTCACCCCAAGCCCAC,904
TGCGAAATAGCACACA,904
TTTTAATGCTCGAGAA,904
ACAACACAGTCAATAC,903
ACTTTGGCGGTAAATT,903
AGTCAATATTCCGATG,903
CCCATTGCTAAAGAAC,903
CTAATAATTGGCATTT,903
TTGCATATCTGACGAC,903
AGGGTGCGCCGAATAC,902
ATGCCATATATAACTA,902
TAGACTGCATGCATGT,902
ATATGGAATTATGCAA,901
CCAATATTTACCTAAG,901
CGGGGCGTAGTATCGT,901
CTAAGATGAACGAACT,901
CTGAATTACTTACCCT,901
TTCTTTACCTTTCCAC,901
AAAAAATCAAACCATT,900
AAAGTCTTGCCTACAT,900
AACACTGTTTGCACAA,900
AAGAACAATTGTATAT,900
ACTGGTTAGCACTAAA,900
ATATTTACCAAAACTG,900
ATGAACTTCGGCGACA,900
GAATGGTGAATAAAGA,900
GATGCGATTAGGGTAT,900
GTACCATGTAAAACCC,900
GTTACAGTATGCATAT,900
TAAAATTTAAACTACG,900
AAGTGGAGTTACGAGT,899
AAGTGGCATACAGCGC,899
TGGAAAAATACAATAA,899
TTGTTGCTAGAACTTC,899
CGATCTACCGAATGAG,898
GACCCGAAACAGCGAA,898
GAGCCCTAGCATATAA,898
TCGAAAACGAGGACAC,898
AACATCTTTTAAAGAT,897
AGCAACTTGGACTTAG,897
AGCTAAATAGCGACAA,897
AGTAAGCATTTTGCTC,897
CAATCTACTGGAACAA,897
TAAAGGCTGCAACAAA,897
TCAGAAAGGGACCTAA,897
TGAATACCGTATGTCA,897
ATAAATGAAAGAACCG,896
CTCCCTGATCAAATGA,896
GAGGTGCACAGAAGAG,896
GATTGTTCCCAAGCGA,896
GGCTCAGACGGAACTT,896
TAACTACCGATAACCA,896
TGACAACGGTCGCATG,896
AAAATTGGATTCACTC,895
AAGGAAAAGCTCATAG,895
ATAATTGTAACCGTAC,895
CCTCGAATCTTAGTAG,895
GGCCTACCATAATGCA,895
AATGTTCCAACACACA,894
CAATTCCATGACACCT,894
TAGCCCCAGCTATATT,894
TCATTGTCAAAACGCT,894
AGAAAACCTCCCTTAA,893
AGGAGGATTGGAAAAT,893
ATACAAAAAGGATTAG,893
GTGAACTAGGCGCAGC,893
TGAGTGCTGAAATCAC,893
TTACATCTTAAAACGA,893
AAATAGGAATGTAGGA,892
ACTAACGAACAGACTA,892
AGATATTCCTTAAGAA,892
CGTACAGTCTATATAA,892
GATAATCTATAATTGG,892
TAATATTTTTAAATGA,892
TGGCACGGTAACTATC,892
TGTGATAAAGATGAAC,892
AAGAATGTACCCACGA,891
AAGTGGCTGAAACGAC,891
ATATGAACATTCATTA,891
CACACAAACCAGTCAA,890
GCTGGACGTTAGGGGA,890
AAAGGATGGGAAGATC,889
AATAAAATACCCCTTA,889
AATAAACCTCGACTTC,889
ACGTAACTTGGATAAT,889
AGCACAAAGATAGAAG,889
ATACGTTAATACCTCC,889
CCGAAGCCAATATTGA,889
CGTATAAGTTGTGAGG,889
GAGGTTTATGTCCTCC,889
TGATAGAGTGTTAAAT,889
TGGCAGCGTACCGGTT,889
TTATCTATAGTCCTTT,889
AAAAGGAATAAAGTAA,888
ACTTATAATGACAGAA,888
AGGGTATTAAATTAAG,888
ATACTTATAGCCCACG,888
CAACAATATCTTAGCG,888
GAGGTTGGTCCCTCCC,888
GTAGTGTCATTAGTCT,888
AACTGGGAGTTTCAGA,887
AAAACACCATATACAA,886
AACGTAAAACCTTAGC,886
AGTTTACCCCATTTTG,886
CAATGTTCCAAAACAT,886
CGAACTAATACATCAA,886
CGTCAGACTAGAAGTA,886
TTAATATCCAGTCTAA,886
TTATTGGGCCTGACCC,886
AGTAAGACCTCGCCCG,885
ATTACGTCCCCCCGCA,885
CATGCTAGCAGTCATC,885
CCTTTCTAGTAACAAA,885
CGTGGCTTCTCGAAGC,885
CTTCATACAAAAATAT,885
GAAAAATTAATGCTGT,885
TAAGATAGTTGGAAGA,885
TGAGCACACACAATTT,885
TGCAAGCACCTAAATT,885
AGCGCATAACATATTA,884
CGGGGCTATCTCAACA,884
GACAAATATAAGAATC,884
GCCCCATGAATGAACA,884
TAAAAAATTCAGAATT,884
TTGAAAATAATGAACT,884
TTTGATGTGCAAACCA,884
AAAAAATCCGGAGACA,883
GATATTGGACCAGATA,883
GGAGATAATCAACCAA,883
TTCTCAAAATAACCAA,883
ACTATCAGATATAGAA,882
AGGACATATACAATGG,882
AGTCTCTGAACCTATT,882
GAATCGAGAAATTACC,882
TAACTCGTACCAGGGA,882
TGATGGCATAATAAGA,882
TTTTCCGAGAACAGAA,882
AAATCACACATAAATT,881
ACCGCAAGAGCACGTT,881
ATTCACGCTTACTCAT,881
CAAGAGATTATATCCT,881
CACTTAAGAGTAACCC,881
CCTTAGAAATTAAATT,881
GAGATTAAGATAATAC,881
CGTCTAAAGGCCACAG,880
GCAAGCTAGACTAAGA,880
TAATGTGCAACTACGT,880
TAGAAATCTGCCTCGA,880
TCTAGATCATGATTAA,880
TTACCTATAAAATGTG,880
TTTTCAGAGTTGAAGC,880
AGCGAACTAAAACATT,879
ATCATGGATATGCCAT,879
GATATTTAATGACTAA,879
GTGGCACATTTAGCGT,879
TAAATCTACGGACTAC,879
TAAGCGCTTGCGTGAA,879
AGGAAATGTATAGTTT,878
AGGGGTTAAAAAGCTC,878
ATTCCTAATTATCATT,878
CAAAATGACTACAAGA,878
CGGAAGATTAGAAAAT,878
CTCAACATAACCCCGG,878
TACTTAAATAGAGACC,878
TAGGTGAATATCAAAA,878
ATGACCCTCCGGTGAT,877
GCTGAGTACCACCTAA,877
GGGATAATGTGCGGAC,877
GGGGGGTGATTGTAAA,877
TAGCATGAAGTCATGC,877
TATCGGTTCGATTAAT,877
CTATTGAAGCTCGCTG,876
GCGTTATCGCAGTTGA,876
GTAAAAAAATATTGGG,876
TGAACCACCCTACGAA,876
TGAGCATAAGTGTCCC,876
ATACGTAAAAACTACT,875
CACTAGACTTATAGTT,875
CCGCTACAATCGGACG,875
GAGCCGATCCACCCAG,875
TACCGAGTAATGCACC,875
AAAATCCTAGAATCCT,874
AACGAGAAGTCAATAT,874
CATGTACAGCTGAGCA,874
CTGAGGCACTAATAAC,874
GTCGCTCAAATAAGAA,874
TACCAAAAAATATAAC,874
TACGAGTGAAAGGACA,874
TCTTAAGTTAAACACT,874
AACACTAAATGACACG,873
AGCTAGTCCGAGAGTC,873
ATTATCTAATAAAAAA,873
GTTCCTTGTTTGCCGG,873
TGGTCAAGCCCACCTA,873
AAACTCGGAATCGTCA,872
AATGTAGATTGCTGTA,872
ATTAAAAATAAATTTC,872
CATTGTATAATGCTCC,872
CCCTCAAGCGCGACGC,872
CGAGACACACACGAAA,872
GAGAGTGTGATTCGCG,872
GAGTAACTATCCTCGA,872
GGGAACAAGCTTCGAC,872
TTTGGTTCTAAAGCGT,872
ACAATTACGAAAAAAT,871
GATTAGTATAAAATAA,871
TTACACATAAACACCT,871
AGTTATACCAGGTCTG,870
ATCTACTAATGTATAC,870
ATGATTACCTCTTTAC,870
CCTAGATCAAGAGAAT,870
TAGATTTAGCTATCGC,870
ATAGAAACGCATTTGT,869
CAACTTACTAAATTCT,869
CCTATAAAACTAATCC,869
GCTCCTATACTAGGAA,869
GTCCAAATTGAACCCA,869
AAAGAAAGATAGTAAA,868
CACTAAAAATCCACTG,868
GCTAAAATGAGGAAAA,868
GTAACTGAGAAGAAAG,868
TAACTAATTCGCAATA,868
TATAACTGGAAGGCGA,868
TATGAAACATCTTTAT,868
TGTACCCCTGCACAGG,868
TTATCCAATGAATTGA,868
AAAGTCAGTACGGCCT,867
ATATATATTAATATCA,867
CATAGTCTGACAAAAC,867
CCCGAAAAGTAGACCC,867
CGGAATTGTTTCTATA,867
GCCAGAAAGTACCTCT,867
GGATTTATTAAAAAAA,867
CGGGTGCTGCCAATAA,866
GATCGGGACCGCATCC,866
TATAAGACCCCAATAC,866
TCAAATATTAAAAGTA,866
AACCTTATATGAAAAG,865
CAAATTGTTGATGCTA,865
GTACAGGCAGTGCAAT,865
TCACGGCAAACCAGTA,865
TTGCGCACGTACGGAA,865
AACTAATATAATAGAC,864
AATGGCACGCGACAAC,864
AGGAACGTTTTGGTTT,864
CAAATGTATACAAACC,864
CAGCACCATGTGACTG,864
GAAACGAACTGGGACG,864
GAACCACTAACATTTT,864
GAGATAACTCACCACT,864
GATTTTAATTACATTT,864
GGGGAGAAGACAAAAT,864
TCCACGCCGTACTTAG,864
TGAAAACACGCGGTGA,864
TGTCTGAATGTGACCA,864
TTAGCTTAGCTGACAT,864
AAATTAGACAATGGTC,863
AACAATATACTATAAC,863
ACATTAATCATCCCTA,863
AGGAGAACTAATAACT,863
ATGGAGAAGTAATATA,863
CGGATAGAGATCCCGC,863
CTTGATTAGTGTATAC,863
GAATCATATTGAGAAC,863
ACCCATAAGCTTGAAA,862
CGAACAGTAATGAAGG,862
GATATACTCACCATAT,862
AGACACGGCGATACCC,861
ATGGAGTATTCGCATG,861
CAAAATTTCCAGTCGG,861
GAACAACCTCTCATGA,861
TACCATTCCGCAAGTA,861
TTACCTATTTTAATCC,861
TTGACAGGTAACCGCT,861
AACTCTACTACATCCA,860
ATAAAAGATCAAAAGC,860
ATCCCGAGTACGATGT,860
CCACGGCGTAATAGTC,860
CTTACAGTCAAATTAC,860
GGGGTCAAACATTAGC,860
TGGGAACCCCGGCTGA,860
TTTAGACTCGCAAATA,860
ACGATCGTACTAAATC,859
ACTAGCGTAATAAGAT,859
CCAAGGCATGATAGCC,859
CGAAAGCAAGTTATTA,859
GTAAGCGTTCATACCA,859
GTCCTTAGAATCAAAT,859
TAAAGAAGTTTTAGAG,859
TCCGAATAAGATACGA,859
TGATAGAAAATTAATG,859
TGTTAAACAAACAGGC,859
AAATATGAATCTTCAT,858
AGCTTTACAGAAACGT,858
AGTAGGTAATATTGTC,858
ATACACAAAATTTGCC,858
ATGGCAACAAAAAGTG,858
CGGCGACAATAAGGCG,858
CTAATCTAACGAAGCG,858
CTGGTACCAAGTAAAG,858
GATTAAAGAATATTGG,858
GCCACGACACTGCGCA,858
TAGCAATTATGGAGGA,858
TAGTGTTTAACTGCTG,858
CGTTGCTTAAAAGTCA,857
GGAAAATAAAGATGGA,857
TATCAAGACTGTGACG,857
TCTCAAAACCCGGGGA,857
TTTTTATACGTTCTCT,857
CTATGCGCTTACGAAA,856
GAGCGAAATGCGAAAT,856
ATTTATAACATCAAAG,855
ATTTCATGAGTAGTTG,855
CAAGCAAAATTTCCCA,855
CTGTAAAATCTCCGAC,855
GAGAAAGTATGAGGGC,855
GCAAAGCGAATTTACT,855
TAACATAGAATGCATG,855
TATAAAAATCTACTAG,855
TGAGCCGTCTCACTCA,855
TGGTCTGATACTAGCT,855
GAGTATAAACACTTTA,854
TACGTAAAGTTTTGAC,854
AAGAACGGAAGAGCAA,853
ACGTAGTGAAGGTATG,853
ATGCGAACTCTGTCTC,853
CAATCGATAGACATAG,853
CCATTAGAAGGATTAT,853
GTACCGATAAGTAGAG,853
GTCCAAAACCCTTAAA,853
TGGACACGCTCGCGCG,853
TTCATAAAAACACTTA,853
ACGAGAGATATCAATG,852
CATCACGAAATTCCAT,852
GTTATTATCAAATACC,852
GTTCCCCCTTCGCCAT,852
TATTATTGTATGGGAA,852
TCAAATTAAACCAATC,852
TTATTTAAAGGTAAAA,852
TTGAACAGACCCTGCC,852
TTGAACATTGTCTGGG,852
AGACAGGTGCATTCTG,851
CAATAACTAACATAAA,851
CGGATCAGCAGCTGGC,851
CTGGATACCTAAATAA,851
TGTATATTTAAATCCG,851
ACCACAAATCCGGGAT,850
ACCGGCCCCATGCTGG,850
ACTGCCTCAGACATAC,850
ATCGCCTAAGGTAATT,850
GAACTGCTTAAATAAT,850
TACAGGTGTCCAACAT,850
ATGGAAATAATTTAGT,849
CCAGTGAGCCACAAAC,849
GATCCATCAATATCCT,849
GGCCCAACTAAATGCC,849
GTCAAAATGAAAGAAG,849
TTCGATGCCGCACGCG,849
ACCTCTCCGCAGCATT,848
AGCTACAGGACCAATC,848
ATAAAAAGTCGACAGA,848
GGATTAAGAATAGGAT,848
TAGAGAAACTTTTCTA,848
TATTCTGTAGACTATA,848
TCTTTGCACGGAGGAA,848
TGCTCATACAGGCATG,848
TTACGAATAAAAAAAT,848
ACTATTTGGAAGCTAC,847
ACTGTAACGAGTCGCC,847
AGTACTTTGACCCTGA,847
CCCTTGAAATCACCGA,847
CTCGACAATCGAAGCT,847
GTGAAAAATGTGGAAC,847
TCAAGCGAGAAAAAAC,847
TTTATGACCAAGTACG,847
AAGTACAGTTGCTGAA,846
AGCTTTTGTACCAAAA,846
AGTTGAACAACCAATA,846
CACAGACGCTTCAAGC,846
ACCAATTGTAGCTACC,845
CCTCACATGCTTTATC,845
CTTGTCCCATCCGCAA,845
CTTTAGAGGTATACAC,845
GTGATAATATTTTAAT,845
TGATACTCTAAGATGA,845
ACATTGTCTGAGTGAA,844
ACGAACAATAAACGAT,844
AGAGAAAAATTATCCA,844
ATTCACATAGTCCACA,844
GGTCATAATAGTAATA,844
TAGGATATAAAACTAG,844
AGCACATCCATAGCCA,843
ATAAGGAACCGAAAAC,843
ATCGAGGACATCCAAA,843
CTATCTCCGGCAAAAA,843
GTAAAGCATGACACAA,843
GTTAGACGACGATAAC,843
TTGGACGCGGGGGTCA,843
TTTCTATGAGGATTAT,843
CAGCTCTTAGGGTGTT,842
CTAGTACATCAGTGAC,842
CTCCTATAACACAGAC,842
CTTCATTGCTGTTAAT,842
GAAAGTAGAGTAAAAA,842
GGTAAGAATTTACCCC,842
TTCTGAATATATTGAA,842
AAATTGTATATTATAC,841
AAGCGGGTCATTCTCA,841
ACATAATCCTAAAATA,841
CACATGAGTATGAAAT,841
CCTAAACGGCCCCACG,841
CTAGTTCCTCATGAGG,841
GAATTGATGATTCAGA,841
GACACCATCATAGGTG,841
TGTTAATGACGCTTGA,841
TTATGTGGGTTGTGAT,841
AGAACAAATCGATCCG,840
ATCTTCCCAACCGTTA,840
TGTATCTAGTTGAATT,840
TTTAGCTAGCGGCGCC,840
AAAAAAAAGCGGGGTC,839
ACAAGAGAGACCGCTA,839
CCGAACACATTATTAA,839
GGAAGAAGTAAATGCT,839
ACAACCATATTCGGAA,838
ACGTATATTTGGCTCT,838
ACTTTGATCAAGGAGA,838
AGGAATGAGAAACACC,838
CGTAACTTAGGGGTGA,838
GCGAAGATTTGACGTA,838
TACCATCTAACCTATC,838
TACTCAAAATCCTATA,838
TATCCTCCATCCATCA,838
TTATCATTACAAAATA,838
TTGGATAAACAATATA,838
TTGTAAGTTGGTAAAT,838
AAATCCTGGCCTGCGA,837
ATCATGCGGCAACTCT,837
ATGATGCGAGCACAAA,837
CTACGCAGTTAAAGAT,837
CAAACGCCAAGAAGTA,836
CACAGCCTAATGTACC,836
CCCCTCTTTACTTACT,836
GAAAGATTCCTCTATT,836
GCTACATATTGAGAAA,836
TAAACGTTTAAAAAAA,836
TCAATAAGGCACAAAG,836
TCGTTACAGAAGTAAA,836
AAAAAGCCCGCAGACA,835
AAAACAATTACAACAG,835
ATCACACAGTGTGATA,835
CCACGAAGGGTTAGAC,835
CTCACGACCAGCTATT,835
CTCACTCGGTTATAAA,835
TGCTGCTAAGTTAACG,835
TGTGACGAAGGGTCGC,835
AAAATATTGCAACCAT,834
ACAAATCAGACGTAGA,834
ACGCTAAATGAGAACC,834
ATTATAAAATCTCCTA,834
CAACAACCTAACTAGA,834
TCAGAAGACTACCCAA,834
TTCTGTATAAGTTATA,834
AAGTCAATTCAATCTT,833
ATAAAGGTTAGTAGGC,833
ATCATGCCTAATACTC,833
CCTTAAATCTGATCCG,833
CTTAATGATCGAGAAA,833
TGCCTATCGATTAAAC,833
ACAATGCGCGGAGTTA,832
ATAATATAAAGCTATC,832
ATTATAGGTTCCATAA,832
TATAGCCTAAACTTGC,832
AAAATAATAATTAGCA,831
AACGACTGGATGACCG,831
AACTATGGATATGCAC,831
CTGGGAACACAAAAAA,831
CTTAAAGAAATACAAA,831
TGATAACCATGGACTA,831
AACACCTTCAACACCC,830
ACAAATCCATAAAATC,830
ACAGGTCGCCCGCTTT,830
ACGCCACTTATAAGGT,830
AGCTAGTATCTCTCCC,830
CCACAAGCCACTTAGA,830
CCTCGAAACCGACTAA,830
CGCGGTTACCCTTTAA,830
GATATAGTTTGTGTTA,830
ACGGCCCATTGAACAA,829
CCATAACAATTACATG,829
GGCCACTATTGTGCAA,829
TTTAAGCACTACGACT,829
ATACACCGCTACATAG,828
CCAGTAGACCTCCATA,828
CCATTATAAAATCGCG,828
CTAGCGGACCTTCAAC,828
GAAAATAACACAAAGG,828
GAAATAACGCAAACGA,828
TATTTAGCCCCTAAGA,828
TCAAGCAAGATATTAT,828
AAAATAAGCGTTATGC,827
ACGGCCAGACTTGATT,827
ATCATTATGCCGGTAC,827
GCTCCTACGACAATAT,827
GGCAAAATGGATCTGA,827
GGGCACAAAGATGCCA,827
TAGAGCGACACCGTCA,827
TTTAAGCTTGAGATTA,827
AAAGAGCGAGGAACCC,826
AACGGACGCTCATCCG,826
AACTTTCCATATTGAT,826
ATTATTGGAGCTCTTT,826
CAAAAGACAGGCACCA,826
TCAATATACCGTCGTA,826
TCATTGGCCATCAGGT,826
TTTGGCTTCAATGGAC,826
AAAGCATCTTTCAATG,825
AATATAGTAGTTCTTT,825
AGTCTGCTTAACCAGA,825
TACTTCAGTTCCTCTA,825
TTCACAATTGAGTTCT,825
TTCTTCGTATCCTTCA,825
AAAACCAGAGATATAG,824
AAATTAACAAATAGAT,824
ATATACCTAAAGAATT,824
ATCACAATTGTAAAAG,824
CAGTTCAGCGAAAATA,824
GGAAACCCACTAACCT,824
TAGGAATCAAGGAAAC,824
TGTGATATTTGGCATA,824
TTATCCCAGGAATTCC,824
AATAAAAGACCGTCAT,823
AGACCATGAGACGTGA,823
AGTAAGCGCAAATTAC,823
CTAAGATTAGTAAATA,823
TATGAAAGGATCAAAT,823
TTTGCCCAGCAGATCC,823
AGAAGTTTCGCAAAAG,822
AGGGCATTTACACGTC,822
GGTTCTGCATATAGAC,822
TTAACAAAAATAAGAT,822
ACAGGCATTTAATTAA,821
ACGTGCGTTTAAGATA,821
ACTATTATACTTTAAA,821
ACTCGGGAATATATTT,821
ATCTGGAACGAGTAAT,821
CACATAGAATATTACA,821
CATAATTTTCCAGTCA,821
CCAGTTCCAACAAGGC,821
CTCCGAATCTCTTTGC,821
GAGTTCATATGACAAC,821
TAAAAACATGAAAGAA,821
TCAAACACCAAGGTAA,821
AAATCGCCTCTCAAAG,820
ATCAAAAAATAGGTTG,820
ATGTGATCACTTACGC,820
CTGTATTTTATAGATA,820
TTATGCTCTCCAAAAG,820
AACTACACATTAAACA,819
CATTATTCTCGATTCA,819
CCAAGTTTATGTAGCC,819
CTAGATATTGAAAGGT,819
CTGCCCCATAATTCTT,819
TCAGATAACAAATACG,819
CCCTCTACTCTATCCA,818
CTATGAGAACATAACC,818
GAATACCCGTAATATA,818
GACTAGAAAACTCCCT,818
GAGCTAACACTCCTAT,818
GCAGATGTTATTTGAA,818
TGCCATAAGATTGACG,818
TTGGTCTGTACGACGA,818
TTTTATACCAAACGCA,818
AAAACAAAAGAAAGTT,817
AACCAACATCATAACG,817
AATAAGGTATGTAATT,817
TCTAGGTTTATTTTAA,817
TTATTGGAAGTATTAG,817
AGATCGAACAGTACAC,816
CCTAAAGACTAATTTA,816
CTGCGAAAAAAATAAA,816
GGACTGAAAAGACCTA,816
GTAAAAGTCTGGGTCC,816
TACCAAGCTTGCACGT,816
AAAGTGCATCAAGTCA,815
AGGAAGCTAAGTAAGT,815
CCATTTCTGCAGTTAA,815
CTAATTGATGAAATGA,815
GGCATTCGGTCACTAA,815
GGGATAAACTTATAAT,815
TCAGCTAAATCCAGTC,815
AACAGGAAAATAATAT,814
ACAGAATTTCTTTCAT,814
CGACATGTCTTAAAGT,814
GACTTCCCTGTAAACC,814
AACGCAAGTTAATACA,813
ACACTTTGCTATTAGT,813
AGGTCGCAAATTAATG,813
ATGAAATTATTGCCAT,813
CAAGCATAAATTCAAT,813
GCCCCAAACGTCACAA,813
TAGAAGCAGTAATTTG,813
AAACGAACCCGCTAAA,812
ACGACATCTTATTAAT,812
ATGCTGCCTTATAGGC,812
ATTCTACCACAATGTG,812
CAAATAGGTTTAATGA,812
TATACAATATTGAGGG,812
TCGGAGCTTAGTTCAG,812
AAAAATTCACTGACTG,811
AGCATATAAGTTGTTT,811
CCCATATATATATTGC,811
GCACATGCGCAAACTA,811
TACGAGCTGAACCGAA,811
AAGAGTAAATTTTATG,810
ACACTCAAAAACAGTT,810
CACCACGAGATCCCTA,810
CGATGCTTAAGTTGAT,810
TTGTATACCTAAGATA,810
TTTAAATAAGAACCAA,810
AAATTGAGGGAACGAA,809
CCATAAAAAAATCACG,809
CCCTAATTCATACCAA,809
TATTGCTTTGGATGTG,809
AATATTTGTCTATAAT,808
ATTTTTTCGCAGAATA,808
TCTCCAATAAAGTAAC,808
TGCCCAATATATTTAT,808
ACAGGACGATAAAGCA,807
ATAACAATTCCACTAA,807
CCCGCGGACTTACAAC,807
GATAACCCAAAAGCGA,807
GTCCTTGCTATATAAC,807
TAACAACCAGCAAGAT,807
TTCCTAACTAATGGCA,807
AGTCGCACGGTTATCG,806
GAAACGGTAGCAACAG,806
GAAACTGTTAACCACG,806
GACTAACATCGAATGA,806
AACCTGCCCAAAGTAA,805
ACGGCGAACTAAAACC,805
AGACCAAACCGGTCCT,805
CTAGTCAATATCACGG,805
CTTCCCTGTGAGAATA,804
GACTAAAATCAGGGTA,804
ACATAATATATGCGCA,803
CACGGAGATGATGAAA,803
TCACCAACCAGATACC,803
TGCGTGACTACCAATT,803
ACTTGCAACCCGTTAT,802
ATGTGTCCAATGTTTT,802
CCCGAATAAAAACAAA,802
TGATATGAAGCTGACA,802
TGGAACTTAATCGTTG,802
AAACCCTCGGAGGTCC,801
ACAGATACAAATTGAA,801
AGATTGGATTGCGGGA,801
ATCAATAAACCGATCT,801
GACACATTCTAAACTA,801
GCACGCTTATACGAGC,801
GTAATAATAAACAAGC,801
ATAAGTGATCACAGCG,800
CCCTCGATGACGATCA,800
TAAAACCTGTTTTTAT,800
TAAGTCGCTGGGATGT,800
AAAAAACGCATGCTTA,799
AACGGACTCAGAAATC,799
ACGCAAACTACACAGC,799
ACTTATATGATCTGTA,799
AGAACTGCACACCCAG,799
ATGACCTCGCTGAAGC,799
TTCTAATTAAAGGATC,799
AGTTTGAAAACGTAAC,798
ATCAAAATCAGACAAC,798
CAAGGTGTTAGTACGA,798
GAATTACTCCATCTAG,798
GATAAACCTTCGTGTA,798
GGTCAGGCACATCATA,798
TAGTTCCAAATTCACT,798
TGGAATGTGGAAAAAC,798
ATCCGGTTTGATTACT,797
CCCTTTTAACAACTTG,797
CGCAATGCACACGGCC,797
CTCATGTGTATTTCCA,797
GAGGCTTAGTATACAC,797
ACCTATTGGCATCTCA,796
AGAATTCCAACTACTA,796
ATAAATCACCTTGCGA,796
ATAGAATTTATCAGGA,796
ATCATAATTATCTAAT,796
CAATATCTCTGATGCA,796
CCCCTAAACGACCAGT,796
GCAGGACTAGCGAAGC,796
GCTATACTTCGGCATA,796
AAATATACAAAACATA,795
ACAAGGGTTATAATAG,795
CCAAGTAGTTTGGTCG,795
CCAGGCACTGGCAAAA,795
TAAACCAATCAGTCGG,795
TAGACAGATGTATTTA,795
TCAGGCGAACTCATAG,795
AAAATTCAGACTTCAC,794
AAACCGATGAGCACCA,794
CTCCTGAGTCATACCC,794
GCTGACTTAATTCTTC,794
GTCCATTGAAACCCCA,794
TAATGTAAAACTAAGG,794
AAAAACCAATGAAAAT,793
ATATGGTGCCGTTATG,793
ATTCAGCTCGTAACTC,793
CATATGAGACTCTGAA,793
GACATGAAAAAACGTT,793
GTCCTTTACTCATATA,793
TACTAACCTCTCAAAT,793
TCTCGGACTGCCGTAT,793
TGTACACCTAATCCAT,793
AGTCATCCCGTAATGG,792
GAGTCTAACAAAATAT,792
GCATGCGCTATTGGCG,792
GGAGCTGGCAAAAGAA,792
GGGTCTAATAGGCTTA,792
AATCCCACATTTATAA,791
ACACAAATGCATAAGG,791
ACGATAGCCTTTAAAT,791
ATACTGAAAACAACAA,791
GGGCAGTAACGGCAGT,791
TCGTGTAACAAATAGA,791
TGCTCAACTGCTTACG,791
AAATCTGACTCTCAAG,790
ACCGAATGAAATTCGA,790
AGAGGCAATTGGAACA,790
CAAAATACGGGAACCA,790
GAGATGAGAAAAATAT,790
GGCTGACACCGCTTTG,790
GGGATATGAAGGAGAA,790
TCCACTGATTAAATGG,790
TGCATCCGCTGAGCAT,790
TGTGTAAAACTCATAC,790
ACCATCTAACACGATT,789
CTCAACTAGAATTTCC,789
GGGGGGCGGTTGATCC,789
GTTATAACCTAATCCT,789
TTATATTACAGTGTTT,789
TTTATGCCCGAAAAGT,789
ACCTACGAGCTTTCTC,788
AGCGAAAAAACGTCAA,788
AGGGAAATCATCTGAC,788
ATTACTGCCATCATGC,788
CCTAAATGTGAGAAAA,788
AAACAACAAAAAAGCG,787
ATCACGCCGATATAAA,787
TAAGGGGAGTATGTCA,787
TACCCAATGCCCATAA,787
TCTACATAATTAATCT,787
ACCTCAATAAGATTAA,786
ATTAAACTACATTGAC,786
CAGCCCAAAGAACGGA,786
CCAGGCCAATGATGTC,786
GATGATACGATTACAG,786
GGTACATTAATACCAA,786
TAACGCCTATATGAAC,786
TAGAGACGTTTTCTGA,786
TATAATCTATGGAGAA,786
AGAATCCTACTTGCTG,785
AGGCCTCTTACCGTAC,785
ATCTCCATACAAAAAT,785
CAGACGAAGCAGACGT,785
CAGATAAAGAAGGCCT,785
CTCTGCAATAATAGTC,785
GATCCGATAAACTCTA,785
GGTCAGATCGGACCTT,785
CCGTTGTGAATTTGAT,784
CTGAATCAAAATTTAG,784
CTTGACACAGAAGAAG,784
AGTAGCGCGTGATACA,783
CAAAAATTACGCCGAA,783
CGTCAATATGGATGCA,783
GAAATATGGTTCCGAG,783
GACAGAGGAAAAACAA,783
GAGGCCAAGCCTAAAA,783
GTGCAATATAAAACAA,783
TACACATGTAGTCATT,783
TTAACCATGTTACACG,783
AAATGTCGAACAGACA,782
AACGTCGTACTTGCAT,782
CACTAAAACCTAATTG,782
CGCCTTAATATATTTT,782
GAACGGCCGATGCACA,782
GGATAGTATAGAACCG,782
TGGGCTATTGCTCAAG,782
AAGTAGACTAGAAATA,781
CCTTCCAACAGAGTGT,781
CGACCATACCACTCTA,781
CGCGTTACTAGTACAG,781
GCGGCGACTTACGTAG,781
TAGATCTAAGGGAACA,781
AATAAATCACAGAAGC,780
CAAAAACGAATAATGC,780
CCCTAATGCTCAGGGT,780
CTATCCCCTGATGCAG,780
CTATCTGACATAACCC,780
GATGTACATATTGCAA,780
ACATGCACCCGTATAC,779
ACGTTCCCCATAGGAA,779
AGAAAGAGTGAATATT,779
CAAATTTACCCTAAAG,779
GAGATCTAGCATACCT,779
TAAATAGATCATATTA,779
TGCACTTCCGAAATTA,779
AAATAACTGAAGCAGC,778
ACAGGTCTTGAAGATC,778
ATAAGACATCATATTC,778
ATATTTTTATAACCGA,778
ATTTGACCCCGCACCC,778
CGGGCGGAAATTCATT,778
CTGCATGAAGGTCTTA,778
GAACAGCGACACCTGA,778
TATAATGTGTTTAATG,778
TGAACCAATAATGCGA,778
AAAACCTTGCAAGACT,777
ATAGGACGTACTCTCG,777
GATGAAGCTCGAGGGA,777
TTTCGATCACGCTCCC,777
ACTTTTTAAAATTAAG,776
ATATCGGCGCGAAAAA,776
CCTGACTCGTTCATCT,776
CTATGCAAAGATAGAG,776
CTCGCTTTGGCTGGCC,776
TGTCGTATTGCCAGTT,776
TTTAATACAATGAAGG,776
AAAAAATTCTAGCATT,775
AAAATAAGAATGATAT,775
AAAGAAAAGGCAATAT,775
AGGAGTCCCGAGACGG,775
AGTATAACTTCTATAA,775
ATATCAGTAACGCTAA,775
ATATCATTATGAACTG,775
GCCCCATACTTCCGCT,775
GGCCCGGTACGCAGAA,775
GTCGAAATGCTACACC,775
AATTGCACTTGTGTGT,774
AGGTAAGACTTTATAG,774
AGTAGATCTTACCGAA,774
CACACACCGTCGCAGA,774
GTAACACCCCAAGTAG,774
TTCACAGAACGAGGCG,774
ACCCTGAAGAAAAACT,773
CAAGGTACGAAAATAA,773
CTCTGTGGTCCCCCAA,773
TACCTATTCAACACAA,773
AACATCTCTGGTCCCA,772
ATTAAGGGTAGCGTAA,772
CCTCGCACACATACGA,772
CTATATTAGTTAGGTC,772
GAGATTATCATTAACA,772
GCACAGTTCGAATCGT,772
GTCTGCAAATTAATTA,772
TATGAAAGAACAGCCA,772
TCTATTAAAATGTGAG,772
TTGGACAGCCAACACA,772
TTTGTTCATCCAGACG,772
ACGGCGATATCGGTAT,771
AGGTGCGCTGGGAAGC,771
ATAGTCCGTGCGAGGA,771
GCAAACCACGTTTACA,771
GTAAGAGCCGAGTCAT,771
GTCCCATTCCAGTACA,771
AAACAGCAACGACGAA,770
AACCAATAATGAGCTG,770
ACGGGTAAGGACTGAG,770
CAAATGCCACACACTT,770
GGTAATATCCTTTCTG,770
GTATTTGCAAACATTC,770
TTCTAGTACGTCACTT,770
CTAAACCGATGAAACA,769
CTATAAAGATCTATCC,769
CTATATTTCATTTCCA,769
GCTTAAAAGACTATCG,769
TATTCCTCCAACGTAC,769
TCGGCGCCTTGGTAAC,769
AGAAATTAAAAATATT,768
AGGCATTGAACAACAT,768
ATGGAGATATCGCCTA,768
CGAAGGGTATAATCAC,768
GCTCAAGAATATGGAA,768
GCTTTATAATCGGATA,768
TCAAACTAACACGCCC,768
AAATTCATTGAGTCTC,767
GAGGGTCCTCAGTACC,767
TCTACAACTGTAATCA,767
TGGACGTATCACACTA,767
AACTTGAGCTAGCCTA,766
ACACAACACCTAAATA,766
ACTTTCACTCAATCTG,766
ATTTATACTCTCAAAT,766
CACATGAACTGTATCT,766
TACAAGTTATCATATT,766
TACAATGTGTCTAATG,766
AAAACACATGCACAAG,765
AGACGAGAGATCGCAT,765
CTAGACAAAAATCCGG,765
GAACCATCCAAAACAA,765
GCCCGAACGAGAAAAT,765
GGCTAAGAACAACAAT,765
TATACGTCAAAGTACG,765
ACCGATTACGGGGCCC,764
ACCTTAAATTAAAATT,764
GCCAAATTGATGATAC,764
TTAATAATAATTCAGG,764
AACGAAATACTAAATT,763
AATAATGATCCAGGTC,763
ACGTGTTTTGATGAAT,763
AGCTCTAGCGGTCAAT,763
ATACCAGAATTCAAAA,763
CAAACTTGTCCTTTGC,763
CCATCCCCAAACCCCC,762
CTACGACATTCTATGA,762
TCTATGATTTTGCACA,762
CAAAAAAGCACAAGTG,761
CAAGCGTCTTAACGCA,761
CATCTTAAACGAGATT,761
CGGATGAATATAAAAA,761
GATTAAATATAGTTAT,761
TGAACTCGAACTCAGG,761
AGTAACCTTAGCCGTT,760
ATACGCTTCGACGCTG,760
CCATTGAATACGATGG,760
CTAAACAGCCAACGGA,760
GACGACTGTTCCAGTT,760
AAACCACAATACCTTT,759
AAGCTCTTCGATTTAC,759
AAGTGAATTAAACATA,759
CAAGGTCGGGCCGTAC,759
CTACAGAAGAATTTCT,759
TAGCAACCATTATCCT,759
TTACGATTTTATCATT,759
TATTATGAAAATATAC,758
TCACACGGTCAAAGCG,758
TGCGACCACCACCAAG,758
AAGACGAATGATGCTG,757
ACAAGAGTATGCCCCA,757
CACCCACTTTCACCCA,757
CGCCACGACGTATGAC,757
GGCGAGAGGCTCCAAA,757
GTCTTGGGGTTCAGAC,757
TATGCGCCCTGGTTTT,757
TCAACGATAGTCAACA,757
TGACAACCCATTGACA,757
TTAAATACAAGACATT,757
AAATTCTTATTAAGAC,756
AGAGCCAAAGAATGTT,756
ATACAAACATAAAGAA,756
GCCAAAACGGTATTAG,756
TACCTCCTTCGAGTCC,756
TTACCAGAAAACATTG,756
AACGGGCCATGCCAAA,755
ACGGAAGGTCGACCCG,755
ACGTGCGTAAAATACA,755
ATGCAAACGTTAACAT,755
GCAGTCGCAAAGGATA,755
TAAGAGCGGTTGTCCA,755
TCAGAATACACACTCA,755
AACTCGCAGTTGCGAT,754
AATTTGACTTAATAAA,754
ATATACCTAGGCCACA,754
ATCCTGATTTCACTAA,754
CCCGTGCGAATACTAC,754
CGGCAGCACTGAAAGA,754
TCAGTGTTAACTCCTC,754
TCGATAAAACTGAACC,754
TCTTAGGCGACTAAGG,754
AGACAATTACACTTTA,753
AGGATGGGATGAGGGA,753
CAGATTATACTATTCA,753
TTCAAATTGACTTATC,753
AATAAATTATTAAGGA,752
ACTCTACCTATACCTG,752
ACTCTCAAATGAATCA,752
CTCAAGTTCGCTTAAA,752
GAAGTTACATGAATCC,752
TCACTCATGAACAACC,752
TTATTGGATCCGCAGA,752
TTCGACCGCACACGTC,752
AACAAAGGTCGTTATA,751
AATACTTAAGAAAGCT,751
AATGGAACATTAAGTC,751
ATCTCAGCCGCTACTA,751
ATTCTTATCTTAGAGT,751
CACCACCTGCGGATAA,751
CTGTAACTATAGCAGA,751
GACAGTATTATAAACA,751
GCAAATTATATCAAAT,751
TGAAGAGCAGAACGCC,751
TTCTAGAGTGATAGCT,751
AATTCAGGAGATATAA,750
ACTGCCACTAAGAGAC,750
ATACCTAATACGTAGG,750
GGCCCCCGATTTACTT,750
GGTGGATCACCCATCG,750
AATGACGGCAAACCAA,749
AGCGAACTAACAAACT,749
ATAATGCACCAATATA,749
ATATAAAGGACTGAAG,749
ATTGTCACAATAAGCT,749
CACGATAAAGATTCCC,749
CCTACATCTAGACCAC,749
GAGCACTATAATACAT,749
GTCCATACACATTTAA,749
TGTAGTCAGCCAAAAG,749
AAACCAGGAGCTGCCA,748
ACCTCGATACCTGATT,748
ATGTTACGGAATTGCA,748
ATTATTACGAGACGTA,748
ATTCCAAAGAGTTCTA,748
CCCTACCGACAAACCA,748
GAAATGCTTCTCGATG,748
GAGAAAAGAAATGATC,748
GCTGGTAACGTATAGA,748
GTAAGAGACGCTGACT,748
GTAGGAAACTATTAGA,748
TAGAACTAAACGCTAC,748
TCCCTATATATAATAA,748
AAGACCAAGGGAAAAG,747
AGCCAAGGAATACCAA,747
ATATGCTAGGCACATC,747
GACACCCGAAGGACCC,747
GCCGGCCTAGGCGCGA,747
TCGAGAAAGTGCACTA,747
TCGTAAAATAGATCAC,747
TGACTGTCGACCAGAG,747
AAGACAGTGCTCGACT,746
AGTGAGGTTCTAACAA,746
CGCAGCCGAGCTCCTC,746
GCGAGGGCAGATGTAT,746
TCTGTAAATTAACCAG,746
TGACAGACGTGGAATG,746
AAACAAAGATCATAGG,745
AATGAAACACTCTAGT,745
ATCCCGCTACAAAAGC,745
CTCCAGTAAAACACTT,745
GAGAGAACGCGCCAAT,745
GCCTCCTCTCATACGA,745
TTCAAACAAGTAGCGA,745
TTCACGCGCATAGTGC,745
AATCGTCAGACGATGC,744
CATAGGTATGCCGATT,744
CGCTGTGTTTCCTAAG,744
GCTAGATTGCACCAAA,744
TGATACAACCCTCGAA,744
CACCATAGTATGTATA,743
GGCGATGTTCCCAAAT,743
TACAGTATTAACCTCA,743
TACTCTCTTTAAAGTA,743
TATAGATAGTGGTTAG,743
TGACACTGCACCATCT,743
TTTAACAGTCGTGTTA,743
AACTTTATTAAGACAC,742
AATAAGTCGGATGCAA,742
ATACCCAAAGTAAGCA,742
CCCACCTATTCCGAAC,742
TCCCTAGTATATTATT,742
TGCCGGTACTCCTATA,742
ACCTAAAACAATTGAT,741
AGCTTATATTAAAAAA,741
CGCTTCTGCGCTCGCT,741
TAACAAATTATTTCGG,741
AAAGATCTTCAGGCCG,740
CGGCCTTTATCCAGAA,740
TCCAAAAGACCCATAA,740
AAATTAAGGGCGCGCC,739
ACAACTTAACAGAGAC,739
ACCTCCATTGTGCCCA,739
CAGGTGTACTAGAGAA,739
CGTCCAGAATCACAGA,739
GTAACGTATGCCAGCG,739
GTCAGACGAGTAGCTA,739
AACTCAATACTCTCGC,738
AGATACAAATACAAGA,738
CTCGATGGTCCAAAAT,738
CTGTATAACGAATTAT,738
GCAATATTGACACTAA,738
GGCGAAATATGGGAAC,738
TCAGAAGAGCGAAAAC,738
ACCCATTCCTAACATC,737
AGCCTAGTCCTCATCT,737
CAGACTAAAAGATATA,737
CATAAACTAATGCACA,737
CGCATAAATGATGCTT,737
TAATTGCGTTAGGAGA,737
TCAGCTGGCATTAAAG,737
TCCTCCTGCAAGGCTA,737
TTCAGTTATATCTAAT,737
AACATTTATTGCCGCG,736
GCTCTAAAAAAGAAAA,736
TAAAGCCCCACAAATA,736
TAACAATCAGGCATAT,736
TGTAAGTTCGCCAAAA,736
CCAAACCGACCGAACC,735
CCCAACCATCAGATGA,735
CCGTTAAATTGCCACG,735
CGAATCTATCACAGTC,735
CTAGCACGTAACATAT,735
GCAACATGTTTACTAT,735
GGGCCAAAGAAACATG,735
GTTTGACACTCCCCAG,735
TAGCAGACACACTGTC,735
TCTATACAACCGTTAA,735
AATCCTCATCAGTTCG,734
ACCCTCCTACCACCAA,734
AGGTATCAACCACCCC,734
GCAAATGATATCCAGC,734
GTAACTAACTACTATT,734
TTAACGTCGAATCCGA,734
TTACCTTTACCAAAGA,734
TTGTACGATCTTGACA,734
AACCGTGAAACGTACA,733
AGAATATCCATATACT,733
AGATACGTGCACAAGA,733
AGGATTAATGAGAGTC,733
AGTAAAATTTACCTAA,733
GAAATGCTCTGACAAG,733
AATTCGACCAATTTAC,732
CGATATTTGCCACACC,732
GAATACGTTTAGCCGT,732
GCGGAGAAATGACAAC,732
GGGCCCGAAGGGTGTA,732
AAGTGACATAAAACTC,731
ACTGCCTCATACGGTC,731
ATAGCAAAATCTTAAG,731
ATCGGCCTAGTGCCGG,731
CAGCCACAGACTAAAA,731
CATAATTCGTGACCAC,731
CATTGTTTTTACCCCG,731
GAGTATCCACCCACAC,731
TAACGAACCTAAGGGC,731
TACCGAGGTAAACCTT,731
TGCCTGATCATGACAC,731
ATAGGTATAATACATG,730
CCACTATCGAGTAACA,730
GACAACCATTGCACAT,730
GCCACACCACTTAAAG,730
GCTGCCTATATGATGA,730
TTACACCTGAGGCACC,730
ATTTCTTCCATCTGAA,729
CCGAGTCTTGAAACTA,729
CTCCACGCAAAAACAC,729
AAAATACCAAACCCGG,728
AAGACACTGGACAAAC,728
AAGGCATGAAGATACT,728
ACGCAACAAACTATCG,728
GTTAGATCAACCGGCG,728
AAGCTACGGAGAAAGC,727
ACACATTGACACTATT,727
ACCAACTTTTTTGACA,727
ACTGCCGGGGTGATAC,727
ATGGGCTTAACATGAT,727
CCCTAGATCGAACCGA,727
CCTCATATACCAGCTA,727
CCTCCCCCTACATACA,727
TATTGAAAAGGTGTGA,727
TCCGGACGCGATGAGG,727
TCTTGTTGCATTGTAA,727
TTACCAACAGCACACT,727
ACAAGAACATGACGCG,726
ATGTTCTATGCCAATC,726
CCATCACACATTGCAG,726
CCTTACCAAGTAGGAG,726
CTTAAATACTCCACTA,726
GAGCGGAAAACTATCG,726
GATGATGCCCTCCATT,726
GCTGGGAAATAACTAA,726
TAATGAGAGCCTCAAC,726
TGATTCCTATCCAATC,726
AAAACTTTATATGCCC,725
AACGAACAATAACCTA,725
CACGAGTAGAACTTTA,725
CAGACAGATAAATTGT,725
CCAAGTGTTAGTCCAT,725
CCGACATCCTGCTACC,725
CGAATAGATTCAACTG,725
CTAATCCAGGTAACTA,725
GATATAACGTACCATC,725
TGGAGCTGTCCCGAAT,725
TTAAATCCGTAAACAT,725
AAGGACAGCGCTCGAA,724
ACTTCAACAAAGTACC,724
AGCCAGCATTTCTAGA,724
CATACTAAAAATAAAC,724
CGTAACAAACCAAACT,724
CTGTCCATACATTGGA,724
GCATTTCGAATACGGG,724
GGAGTATAGATTAACT,724
GTAAATTAACACATAA,724
TTAATAATAACACACA,724
AACTCAACCTAGCGGA,723
CAAATACAAACCGAAA,723
CCATCTCTTCAGTTTC,723
CTTCAAGGCCCAGATG,723
TAAACAATTAGAGTCA,723
TATTTCCATTAAGTAG,723
AAACATTAACACTCGA,722
CATATTGACATCACCA,722
CCCCTGAAAACGGTTA,722
GCGCTAGGAAACCAGG,722
GTAATCACTATCAACA,722
TTAGGACCGTGTAAAA,722
AAAGCCCTTCCCCCCA,721
AATGTATCTATCAATA,721
CAGTCGTTTTCGCCAC,721
CCCACCTCATATTACG,721
CTTAACAAACTTGCAG,721
GAGTTAGAATTTAAAC,721
GCACGATCTTGTTACG,721
TAAGTGCCTAAAAAAG,721
TATGACTAGCTTAGTT,721
TTAATGGGAAAAATAC,721
AACCCACTACTTACTA,720
CGCACCCGATGACAAC,720
GCTTGTTAACAAGTAC,720
GGAAATACGTAATAAT,720
GGATATGGCCGACCAA,720
TATAAACCGCACCTAC,720
TCGTACTCACCGGCAA,720
AGCGCAAAAACCACGT,719
ATGAGTGTTGAGTCGG,719
CATCACGAAATGCCAT,719
CGTCATCTTGATCCCT,719
GCACCAGGCCTGAAAG,719
TGGGTTGTATGAAGCC,719
AAACTACGAGGTCTCC,718
AACTTATCGGCCTGGA,718
ACATGTTTCGTAAGAA,718
ACCGTAGAACCAGAAA,718
CACTCAATGGCGTAGA,718
GATCAGCTTGATTAGG,718
GGTTCACTAATGATAA,718
TTCACCTAAACCACGA,718
AAAGCTGGGAAAAGCT,717
CAGATTCACATAACCC,717
GACGATACGCCCGATG,717
GAGGAATAATTGTGGA,717
TCGATGGCAAAACGAT,717
ATTATGGAATACATCC,716
CCCAATGTTCAGTACT,716
CCGGTGATGTTCTTAC,716
GCTTTTTGCGTTAGCA,716
TAATAAGCGATCACAC,716
TAGACAAAGATACTAG,716
ACCGGCTTATCTAGAG,715
ATTTATTAGATAGTTT,715
CCCTAAGAAGCCATAA,715
CTAAACAACTAAATCA,715
GAGAAAATTATAACCT,715
GCTTGTGGAAGAAGAA,715
TAGACAATAAAAAATT,715
TATGGAAGAATAAAAC,715
TTTTGTTAGAGTTGCA,715
AACTTTAGCACAATAA,714
AAGAACCAGGAGTATA,714
AAGAGCGTTTAGAATA,714
GAAGTACGATTCCGGA,714
GCTGGAGAACGTACAG,714
GGATGGACTTTCTCCT,714
TAAAAAAAGAATGTAA,714
TATACACTGACCATAA,714
TATGCTCAGCAAGGTC,714
TTTGCGTATAGCACCG,714
AATCGGTAAGATATAA,713
ACGTCACGTTGTACCA,713
AGGCGAGGCTACATCC,713
ATTTTAGCGCCCAAAC,713
CACTACAGCTGAGAGC,713
CGCAAACACTGTTCAT,713
TCATCAACTAGCCGGA,713
TGATAGAGTATTCAAA,713
TTTATAACGACCACCG,713
AGCTTAAATAGTGGAT,712
ATTATTTTCAAACTGG,712
CACACTCCGACAAAAA,712
CCGCTGCAAGACTACC,712
GCTAATACGCCACAAA,712
GCTGTAAAGTGCTTCA,712
GGAATGGAAGATAATC,712
GGCAGATACCATAAAT,712
TACTAATAAGCTAACA,712
TCCTAACGTTAAAGTC,712
CACACACGGGGCTTAC,711
TCACCTAGAATGGGAA,711
CACTCGAGGGGTAGAA,710
CTTATGTGGGAACCAT,710
GACGCTTGTAAACAGA,710
TAAATACCAAGTTTAG,710
TCAAAGCTCCCTAACA,710
TCGCGATGAAGTAATA,710
AATGAATGCTGAAGAA,709
ATAAAAGAAATGCAAG,709
ATATCCTCAACAACGA,709
ATTCAGAGCTTCTACT,709
CTCAAACAAGAACTAG,709
CTCAGAAAAGGCCGGA,709
GCCACGCTATTTCACC,709
TGCCACCTTTAATCAA,709
TGGCCACTAATACCAA,709
TTATGACAAATAAAAG,709
AAGATAACACAATGCT,708
AATATTGCAACTAACA,708
AGAAAGCAGTTTTAAG,708
GAATAGACTTCAGCCA,708
GCGTCCATAATTTCAA,708
TCCATTTGAGCTCTTT,708
AAGATTGCATCAACTA,707
AAGTAACCCACGTCAT,707
ATTGAAAATTCTCGGT,707
CCAGTCACCGAAAATG,707
CTAATCCTGTTAAATA,707
CTAATTGGCTTCCTCA,707
CTAGCAAGGGTTGAAC,707
GAACCAATCGTGGTTG,707
GCTCCTAGTCGGATAC,707
TATGGAACCACACTTT,707
ATACTAATAATCAAAT,706
CCTAACCACTCCCCAA,706
CTGGCCCATACTGAAC,706
GTAATTTTATTTAAAT,706
GTACGAAAGTCACCTC,706
GTAGAACGAACGTGCA,706
GTCCCATTAGGTTTTA,706
TAATATTCTTACCTCC,706
TTTTACAGGAAACCTG,706
AAATATATGTAGCGTC,705
AATTTGCCCCTAAGGC,705
AGACTAACACTCATTA,705
ATAAAAAGTACAATAC,705
CAAACAGACCTCCTGT,705
CCAACATGAAACAGCA,705
TAAAAAACAGTTTAGC,705
AACCAGTAGTCAACAT,704
AAGACGAGAGAGCAAC,704
AGAATGCAAAGGCCAT,704
ATTGGATTATCCCGAA,704
CTGACGAGTAATGAAT,704
GCATGCCACCAGATCT,704
TAACAAGCAAAAAATC,704
TCAGAACCTTGCACCA,704
TCTGATATGTAACATA,704
AAAGCATCTGTGTCAA,703
AGAGACCCAAAACAAG,703
ATGGAACTAAATAACG,703
ATTCACAAAATCTAGC,703
CTCAGGCGCGCCAAAG,703
GCAGCATGGTTATTGA,703
GGTGCGCCCGACGCGC,703
TAACCCGTCGAATCTA,703
TTCCACTGTTGGAGCC,703
TTGACATTAAAAAATA,703
AAGACTCAACGAGCGC,702
AGTAACCACCGATACA,702
CAACATTCCCAGGAAG,702
GACGGAGTATCCCTGA,702
GCACACGTACGCTTGT,702
GGCATGCCACCTAGGT,702
GTACAAAACATTTCCG,702
TTACACCACCATAGAC,702
TTGTGGGTTTTAATTA,702
AAATTTGTGTAGCATT,701
AAGACAATAATACCCG,701
ACCCTAAACAATTAAT,701
AGTAGCAGAGTGTACA,701
GAAATAGTTAAACCGC,701
GAACTTATCCCAAAAC,701
GAGCAATTCGCCTAAG,701
GCTAAAATAAGTAATA,701
GTGATCGGGTCTGAAA,701
TAACAACACAAGTATC,701
TCACAAAAAAATGCAA,701
AACTCCCAACTCCTAG,700
ACACTCAGATGCCAAG,700
CAGTTTAACTTAATAA,700
CGCATCAACATGACCG,700
GACTAAATAAGGACAA,700
GTGGGCTGGATACGGG,700
TAACGCACTCACACAT,700
AATACCCAAATACATG,699
ACAGTATAGCGGCTAG,699
CAAGAGGCGCGCCTTG,699
CTAGGTTCGGGACTAG,699
GATAAAACGAAGAGTA,699
TAAAGCCGAGACCCAA,699
TAGCGACGTGGCATGT,699
AAATGTGAGATACGTA,698
ACAGTACCAATTTAGA,698
ATACGACTATACTTAA,698
ATCAGCATAAGCGCAC,698
ATGACACACTATCTTA,698
CAACCCTTTTTACACC,698
CAGTCAATTCAGTGTT,698
CAGTTCCGACCGGTAA,698
CATCGAAAACCTCGTA,698
GGACCTTCTTTGAAGG,698
GGCCTATATCATTCCC,698
GGTTCTACTACGGCGT,698
TAACAAAAAAACCAGT,698
TCTTAACCAGCGTTCC,698
TGAGAAAGATACTCGA,698
TTCAACCTATAATCCC,698
AACATATAGAGAGTGG,697
ACAACGCATTAAAATG,697
CGTACTTACCTTAATG,697
GACTTCCCAAGCAGCA,697
GCTTACCCTGGGATCT,697
GGACTAATATGACTTT,697
AACAGTGCTGAGCTGT,696
AGAAGATGCATAAAGC,696
ATTCTAGTACAAAAGG,696
CTACTTCCATGTCATA,696
GATATGGAAACGAGTT,696
GCTTGATCCAACGGCG,696
GGTGAACCATACGTAC,696
GTAGCCTCTATGCTAA,696
TAATGCGAAACTAAAT,696
TGCCCGATCACCAACA,696
TTTAACCCAACGAAAT,696
AAGGGACAGCAAAGAA,695
ACCACCATATGTAACC,695
AGTGTGTATATCCTAA,695
ATTGATAGATTTAGGT,695
CATCAGAGTAACAACA,695
GATATCCATATGAAAC,695
GATTACAAATCCAAAC,695
GTCGAGGGATTCCGAG,695
TTCATTGCTTACTGGT,695
CATAATACGAATTCGT,694
CCACATGTTCCAAGTC,694
CCAGCATATCATAGAG,694
GTTCTAACAACAAGAA,694
TCATAGCTGATCTCTC,694
TTTACACGAATTGCGG,694
AACTTCTGGCCCTCCA,693
ATATCACACTAGGTGA,693
CACTTTCGGTATATAT,693
CAGTCCAAATAGAACG,693
GCTGTACCCAACACAT,693
GTAAATAGAGAGAGCC,693
TGGAAACCAGCCAGTA,693
AACAGAATAGTGGAAT,692
AAAGACCATCAAATAA,691
ACCGTAGATGCCAAAT,691
ACGATTCCGAATATAA,691
ACTAAAAATCCTAACG,691
CAACCAGGAAATGGGA,691
CAACCTTATTTATCTA,691
GAGACGTATTGTTGCA,691
TGATCCTCCCGTTCGT,691
TGTTACAACCCCAGTA,691
AAGGTCGCGCATTAGT,690
AATTACAGGGGATTTT,690
ATAACCTATCGTATAC,690
ATCCTAGAATGAATTG,690
CATCCACCCAACGTGA,690
GATACAGTATAGAATG,690
GTCTAGAAGGGTTCCT,690
GTTAATGACGCAGACT,690
TTCGCAACGTAAATGG,690
AACTCACTTAGATCCA,689
ACATAAGTATGTATCA,689
AGACACATGGGTTTAA,689
ATGCCTAACATAAAGG,689
CAGTTCTGACTTAACG,689
CATGACGTCGGCGATC,689
CCGCTTTCGCAAGCAA,689
CGGATAACTAGCCCAG,689
CTCATGATGGTTTAAA,689
ACACAGATAGGCAGTT,688
AGCGGTCACCAATACT,688
AGGACAGAAAGTAGGT,688
CCAGACCAATAGGGTA,688
GAAATCAGAACAACAG,688
GCGAATGATTAGGGGG,688
TAACAAAAGATGCTGC,688
TAAGGACTATTATTGG,688
TAAGTAAGAAGTTTTT,688
AAAAACAGTAGACCGA,687
AAATAGTTCCTTGAAG,687
ATAAAATACCACCCCA,687
CACAATAGGCACAGAC,687
GACATAAAAAAAAGTG,687
GGATCATATAACTATT,687
TAAGTCATTAGTCTTA,687
TACCAGCAAGGGCCGA,687
TAGGGACCTAGGCGGA,687
TCCCAATACTAAAAAG,687
AACCAGTAGTACAAAG,686
ACTTTAACGACAATTT,686
ATACTATTAAAAAAAG,686
ATTATTTAGCCTAACT,686
CACTTGCGCGCGCTCA,686
GATAACGTGGAAAAGG,686
GCGGGTCACAATAACC,686
TATTCTGCCGAGTCAA,686
TCCGAAACAATTAACA,686
TGGAATCATGTATACT,686
AAAGCGTGGCTAAAAT,685
AAAGTAGTGTGCGACC,685
CAAACTCTATGACCCG,685
CTTAAGACTCTTTTGA,685
GTGCGATGTGACGTGC,685
TACCTAACAGAGAATG,685
TACTTAATCGAGAAGG,685
TCCATGGCAAGCTACA,685
TGAATAATAAATCCAA,685
AAAAAATGATTTAGCA,684
AAATAGGGGTAAAATA,684
ACCGTTGTGGGTGTTG,684
CCGGGGCACCAAGAGG,684
GAATTTCCAATCTCCA,684
ACATGACAGAGGCCGA,683
ACCGCTGATCCCTAGT,683
AGAATTGAATCGTACC,683
ATAAACCGATATATGA,683
CCGATATGATACATAA,683
CTAAGACTGCAAGCAA,683
GGGCATTAGCAGCTTA,683
GTCATGATTCAAAGAA,683
AAAGAAAACTGGATAG,682
AGACGATGTCAATTAG,682
GCTTTGACATGTTCCA,682
GGACGTAAAAGCAGTA,682
TAAATAGAGCAACAAT,682
TACCTAAAGATCCTTC,682
TGTAAAAGTATGACCA,682
AAAAAAGCACAGGGTC,681
AAATTTTCTAGCACTA,681
AATTGTAGAACTCGGA,681
AGACCCCGAAGTATGG,681
CAAGGTCATATGTAAG,681
CACTAATTCATCGGCG,681
CATTATCGTCTCATAC,681
CTGAACTGGAAAACTA,681
GCAGGTATTTGTAGAA,681
AAAAGGGTAGAGAAGT,680
ACAACGCTGAATAAAT,680
ACGTCCAAGTTTACGA,680
ACTATGATGTCAACCA,680
AGTCCTTGAAAATAGT,680
ATGTTTGCGAATTACG,680
CATAGAATACCCTACA,680
CTAAATTTTTTAAATG,680
CTGGACTCCCAGCTAA,680
GCTCTCGGTTCAAGAA,680
TAAAAGAACAACTCCC,680
TAACGCCAAACCATAT,680
TTAATGAAACCTCCGC,680
TTATCATCTCAAAAGA,680
TTATCTATAAAGAGTT,680
AACCCGAATCACAAGA,679
AATCTAGGCCGAGACT,679
ACCAACAGTTGCTCCC,679
AGAGGACGAGAAAACG,679
ATAACGCGTTGCGATG,679
ATACCATTCAGATTGT,679
ATCCTTCTTTAACTTT,679
GCCCGGAAGAATAACA,679
TAACTTCACGATCTCA,679
TATAAGTATCCCTAAC,679
TGGGGATATTTGTGAC,679
TTAATATCGACTCCCA,679
TTCTGCGCGGGAGTGG,679
AAAACAAACTATACCA,678
AAAACGACAATCATGA,678
ACACATCTTTCCAATC,678
ACGAAAGAAGTAAATG,678
AGAAACACGCCCTTGA,678
ATACTGCATGTCTATA,678
CCAATAATTTTTTCAA,678
GAGTACACGGGCGAAA,678
TAAACGTATAATTTTT,678
TAGCTCCCTGTCATTA,678
TCCCTCCTCGAGTTGC,678
TGAAGTATCTCAAGCC,678
AAACAAACTACAGACA,677
AACGTAAGAGATGATC,677
CAATGCTAGGCAAATA,677
CATAACATAACCAGAA,677
GCATAACATTAGTTAT,677
GGTGCCCCGTTCTTGC,677
TCAGCGCAACTTTATG,677
TCTAGTCTGTATAGCT,677
TTCAGTATGCAGACAA,677
TTGCTATCCTCACCAA,677
AAGAATAATCGCATAC,676
ACAGTAGGCCTAGTGA,676
GGACTTACTTAAACAA,676
TCAATTTTAGGAAGCC,676
TCGGGACAGTGAAACC,676
TTATATCCAACGATTA,676
AACAAGCTAAGAGAGA,675
AACAGCCTTCGTGGGG,675
AAGTTGGACAGGTATA,675
AGATCCAGTATGTGCA,675
CATCGGGATTTCGTTG,675
CCTATCACCCCAGGTG,675
GAATGTACTCGAGATT,675
GTACGCACCAGTTCGA,675
TGATACACATTATCGC,675
AGAACGAAAAAAAACA,674
CACGGGAACACATCGT,674
CCAAGAAGTCATAAAT,674
CCTTCACGACACCCCT,674
CGCTACTGAATAACCT,674
CGGAAATTCGTACGTT,674
GACCGTAGAGTACTAA,674
GTATGATCCAAACACG,674
TCCGATAAGTTCGTCT,674
TGATCCTTAAAAACGA,674
TTACTTATAAGCAATT,674
AATCGTCGATAAACAC,673
ACTATGATTATAGTAG,673
AGACAATTGAGCTCAT,673
ATCAGTAGAGGAACAG,673
CCATTATTTTTTAGAG,673
CCGATGCCGATGACTT,673
CGTGAAATAGTTATAT,673
GAAAACAGAACTTCAT,673
GAAAGAAAAAAATAAC,673
GCTCTCACAAATAATT,673
TCTCCCATCATGCAAT,673
TGTAGTTACTTGGACG,673
TTTAGTCGTGAGATCA,673
AAAAATCTTGCGTCAG,672
AAACGTCAGAATCATG,672
AAATCCCGGCGCCCCC,672
ACAAACCCAGTAAAGA,672
ACAAATCTACTGTATA,672
ATATAATCTGAGACCA,672
GATAATACGCAAAACT,672
GGTTTACGTTAGTGAG,672
TAATATAGGAAACTGT,672
TACACAAATACAACGC,672
TGTTAAACCGTCGAAT,672
AAAACATACACATCGT,671
AATAGGTTTAAAAATC,671
AGATACCTCAAAATGA,671
CCTAACAGAAACCGGA,671
CTAGAACTACGACACG,671
CTCTGCACTACCTGAA,671
GAGGATTGAACGTCAG,671
GCAACAATGGCGTGTC,671
GCTGCTACGTAATGCA,671
AAACGCGAGCACTCGC,670
AAACGGATTACCAATA,670
AAGAGACGAAGCAACC,670
AATCTCCCCCATCTAA,670
CAAATCGTCGAAAACT,670
CGGAACTGTCGCCGTA,670
CTTGACTAAACGGTTT,670
TAAACGGAGGAAAGAA,670
TAACCTCTAATCATAC,670
AAAAGTACTCCCCTGA,669
ACCATACGCTAGGCAG,669
AGAATACCACTATCAT,669
AGACTTTATATAATTA,669
AGGCACATTAGCCCCC,669
ATGCGAAAGTCTTAAG,669
CAAAAAAACATTGTTG,669
CAACAAGAATAAATTT,669
CACCCTGACTACTTGC,669
CGAATTAGTTTTGCAT,669
GAGATAATAACTTAGC,669
GCCCTAGACACTGTAG,669
TAACCGAACTCAATTA,669
TCAGCCCGTATAATCA,669
TGCACAATTATGATAT,669
TGTAAGAGTATCGGAC,669
ACGTCAAATATCGCAA,668
ACTCTTTTTCACCCTG,668
AGCCCCTAGACGGCAG,668
CCCACTTGTAATCCGT,668
CCTTCCAGAGTAACAG,668
CGACCCACAGCGACGC,668
CTAAATTGATAAAAAA,668
GAACAGATGCCAAGTA,668
GGCCATCAATTCGACC,668
TACAACCAACCCTCAA,668
AAACTCAACGAAGACA,667
AACATGGTGACCCGCA,667
CAATTAAACACGTCGT,667
CACGACTCTTCACTCT,667
CAGAAAATGAGTTAGT,667
CTAAACAAACATATCG,667
GAACCAAATGATCCAA,667
GCAGTTTACCCAGGCG,667
GTCCCAGAAAGGGATC,667
GTTGATACATTTTGGC,667
TATTTTCTTTGGAAAT,667
TTTGTGAAACTACTGG,667
ACATATACTGCTAATG,666
ACGGGTGACACGAATA,666
ACTATTAGCGATCATC,666
AGAAAGAGAAACCGAA,666
AGATGTCTTATAATTA,666
ATAGACACATTACCAG,666
CATAGCGCAGTAACGG,666
CGAGTTCCGCAAACAG,666
CGATGAGATGGTGCGG,666
GAGCACTAGTAAGTTT,666
GGACATTCGCTGTCTA,666
AAAAAAATTGAAGATC,665
AAAGCAAAGTTTTCGG,665
ACCGTTACTGATAAAG,665
ACGTTCGCGGCTAACT,665
ATATGAAGCTTTAGAT,665
CGCAAACTTGGATAAC,665
TCTAGGCCCGGATTAA,665
AATATGGTCTGCGAAA,664
ACTATAGGATACAACA,664
ACTCCCAGACAAGTAG,664
GATAGCAGACTTCTCT,664
GTACCTCTTGAGCCCC,664
GTTTTAAAGGATCGAT,664
TACTGCCTCCACCCAC,664
TCCGAAAACTATACGT,664
TTAGCTGTATACCCCT,664
AAAGACTGCAGCCTGA,663
AAAGGAGAGACCTATG,663
AAAGTTGTATTCCGTG,663
AAGCCCACACACAAAG,663
ATACGACCCTGAACAA,663
ATATGCGCAGGCTGGA,663
CATCTATTCCATAGGT,663
CATGCAAAAACTAGGA,663
CCTTAAAACTACACGC,663
CTGGCAGTACATCGGC,663
GACTATCTGCGACTGT,663
GCAAGCTCCCTTCGTT,663
GGACTGTCTGATACGG,663
GGGATTATCAAGTTGA,663
TAAACATCCGAACCAA,663
TAGAATACAAGCTCAC,663
TGAATACTACCGATGA,663
TTCGCATGTAATATCA,663
AGATTCCAAAAAGACT,662
ATACTGTATTGACACA,662
ATGACCTTACCGCAAG,662
CAAGGATTAGGGACAT,662
CCACGCCATACACACT,662
CGAACTAGGCTATGAT,662
CTAAACTACTACAAGA,662
GAATATTAAGGAGAAA,662
GAGACTAACTAAGAAC,662
GGTTCGCGAACTGGAA,662
GTATTTATCCTATTTA,662
TAAACACAAATCCGCC,662
TAAGATTGTACTATGA,662
TAAGTATGTAACTTAT,662
TCTTGGACGCGGCCGT,662
TGTACCGTTATTGGTA,662
TTTTACTCTCCCCATG,662
ACGCCTTTTTTGTGTA,661
ATAAACAGTCAATAAG,661
CAGATTCGTGTAATCT,661
CCCAAACTACAAAACT,661
CGAGCGAAGTAAACAG,661
CGAGGGCAAGTTCGAT,661
GTCAGTTTCATCTGTA,661
TATGTAACCCTGCACA,661
TATGTCAACGGAATAG,661
TCCCTCATGCTACAAC,661
TCGATGGATTTTGCGA,661
TGCAAAACGCCGACTC,661
ACTAAGGACAGATATC,660
GAATTTCATTTCCACT,660
GATTGACCCTAAGCAA,660
TAAGATTGAGCTTGAT,660
TCTTCCATTAATTCAC,660
TGATTCGCCTAAGGCG,660
TGGAGGCCTAAGTTTT,660
TTCTAATGACCCTATG,660
ATAAATGTGCCTAGTG,659
ATAAATTTATGAACCC,659
ATCAAAAAACTATCCA,659
CGGTAGAGAAGACAAG,659
CGTCTATAACATGCCA,659
GCAGTGATGAATAACG,659
GTTGTTACAATAAAAA,659
TCCATACGCATCTAGT,659
AACACCCCAAATTAAA,658
ACGAGCTCCGAACTAC,658
AGTGACCCAAGGACAA,658
CGTAACTTCTAAGCTA,658
CTCGCAACATTGTATA,658
GAATGGACGATACAGG,658
GATCCTCCATCTGACG,658
AACGTCTGTTATGACG,657
ACAGTCATACAAGAGA,657
ACCCTGACCAATTAGG,657
AGAATTGCCCGTTAAC,657
ATGTAAAGGTGGGTTA,657
CAACTAACAGGAAAGA,657
CACAACCCACATAATA,657
CATCATACTTTACTCT,657
CCAATTCCACATGTCA,657
GCTTCGCTCAATGCCT,657
GGATAAAACTGGACAT,657
TATGAAAGGCTCTGGT,657
AACGTACGATAGACAA,656
AACTAGGTAGAGTACC,656
AAGTCCAACATTCTCT,656
AATAAACAAAAAAGCC,656
ACACATTTGCCGAGAG,656
CAATGCCCTCAATAGT,656
CGCTGAAGAATCATCA,656
CTTCCATGAAATTGTG,656
GAAGAATCCACCTAAC,656
GAATGGATATCCAAGT,656
GACGTGGCCAATATAC,656
GATGCCTTGGTTGGCT,656
GGATATTCCTACATAA,656
AAAGAACAGAAAATCA,655
AATGTAGCGGTAACAA,655
ACTCGGGCCATACGGC,655
ATCTGTGCACGACTAC,655
CAATCCATAAAATAAT,655
CAGAAATGTAAATTTA,655
CGACTACTAGTTATAC,655
CGGCACAGACGCCAGG,655
GTGCGTAAAGAACTAA,655
AAAATGACAAGAGCAC,654
AATCAAAAAATTGCGG,654
AATTTTTTAGTTATGT,654
AGCCTGATCACAACTA,654
AGTGTCCCAGGGGCGA,654
CCCAACATATGAACAA,654
CGACTTGACGTGCGGG,654
CGGATAGAATACATTA,654
GACATTCTTTAAAGAA,654
GATAAAATAGTACTCG,654
GATTTCCACACACCAA,654
GGAGCCGAAGCTCACG,654
GTGACACGTAGCAAGT,654
TAAAAGCTATTATGAA,654
AAGTCCGCAAACATGC,653
AATTTGACCAGTAAAA,653
ACCTAACCAAAAAAGC,653
ACGAAATCAATGACGC,653
AGCCCGTACCTGGACA,653
ATACAACACTGGAGTA,653
ATAGAATGCAGAACGA,653
ATATACGCCTGCGAAA,653
CATGCGGGAACGCAGA,653
CTATTACTAAAGCGTT,653
CTCAGTGTGCTAAAAG,653
GATACTAGGCTTGCCC,653
GGCACGCAAACTAAAT,653
TGAGTTGTGTCCCGCT,653
TGCTCCACAATATAGG,653
AAAGAAACACATTATT,652
AACACAACCTTGAACA,652
AATAATAGTTGCACAA,652
ACCTTGCACCAAAAGC,652
ACTCAAAACTGATTAA,652
ACTCAGATTGGTATTC,652
ATATTCACAGAGCGGT,652
CACAATACAACCGTCC,652
CCTAAGCAAGCCGGAC,652
CCTTATAACGAACAAC,652
GAATACTGTAAGCAAA,652
GATATACAGACCAGAA,652
ACAATCCAGACTCCCC,651
AGGAGTTTACGAGCGC,651
ATGACTTCGGAGTGGC,651
CACTCCTCCCCGACAA,651
CATTATATGGCAGGCA,651
CTCCACATGAATCAAT,651
GGTTTCGATAGCCACC,651
GTCAAAATTACGACTC,651
GTCTAATTTGACACCT,651
TATAATCGATCCTGAC,651
TCCTGGCTTTCTTATC,651
ACCTTTCATGAAACTG,650
ACGTAAACTCAAATGA,650
ATGCAGAGAGAAACAG,650
CAGACCAAGTGAGAAA,650
CGGATATTCTCAAAAT,650
GTGGAAGCCACATCAA,650
TAAAAAAACGGCAGTA,650
AATCTGTAAACCCCTG,649
AGATGAAATTTGTTGC,649
ATATCGACGAAGGAAA,649
CCCTTGAAAACCTAAA,649
GAACAAATTGACAGGG,649
GGAAAGTCACTAGCCC,649
TCGATAGACCCCCAAC,649
TTAGTGTACCAACTTA,649
CCTATTGATCATACCC,648
CGAAGTGTTCGTTACG,648
GAAAAACCATTTCTTT,648
GAAACTTGAGCATAAC,648
GATGGATAAAATTCAT,648
TAATTAAGCGTTGAGC,648
TGGCGTAACAGATTTA,648
TTGAAAAAGCACATTG,648
AAGCCGGAATCAAACC,647
AAGTAAAGACCAGTAA,647
AGAAAGACATCAGGAC,647
AGCCTCCATGCACGAA,647
CTAACCAACCCTTGTG,647
GCCAGTAAATATACAG,647
GTACCTCAAGCCAGAT,647
TCCTATTCCAGATTAT,647
TTCAAACCATCATTTG,647
AGATAAGATCAAAATA,646
ATCAAGGGAACACTTA,646
ATTTGTCAGATTCTGA,646
CTATGGAAAAAACAGG,646
GAACAGATTAAGACTA,646
GATACGCGCTTTCTCT,646
TAATCCATATTACATT,646
TATGTGATAACTCACG,646
TTAACCAAGATCTAGA,646
AAACACGATAGCTGCT,645
ATACATACTAAAACCA,645
ATGCTCGCAACAATTA,645
CGATACAATATGAACA,645
CTGCTTGGATCTACGA,645
TCCGAGCAACATTCAT,645
AAGCAATAAGAACGCC,644
ACGGTCCTAAAATAGC,644
ACTCTACACAGATCAA,644
AGGACACAACATTTTG,644
ATGCTCATCACTACCA,644
CCAGAAGTGACTCATA,644
GAACCCTTGAAATCAT,644
GGTCCTAACACAAGTA,644
TAAAAGCTTCCTTTAC,644
AGTGCTTACGCTAGAC,643
CATACGATAGAAATAA,643
GAGACACCCAAATTGA,643
GATACTTACAGCCACT,643
TAAGATAAGGGAAAAT,643
TGTGCATTCGAATATC,643
ACCAACGTTTCTTCAA,642
AGTCCCAGGAATAACA,642
CCCTCCTGAAACAACA,642
CCGCATCCACAGGTGC,642
CCTACAGTCAGGGCTA,642
CTACTTCCCCCTTACC,642
GAAGAAGTCTGAAAGT,642
TACACATATACCAAAA,642
TACCGGCAGAAGGCAG,642
AAAACAAAAGTAGTAC,641
AATGAAAAACACAGTA,641
ATGAGGATCCAACTTA,641
CAAAACTCAGTTAATA,641
CACCAAAGCGCCAGCC,641
CATCATACTTAGCTGC,641
CATGCACTCATAAAAC,641
CGTTCTAGCTAGAATG,641
GAGACTAAGGACAGAA,641
AACGATAGAAGTAGCT,640
AATATCAGAAAATTAT,640
ACTACATTGTTCCCCA,640
AGATAAAATGTCTCGA,640
ATAAGCTCAATAATAC,640
ATTGATTACAGTAAGG,640
CAAACGAATTATCGTG,640
CCAATCATCACTTACA,640
CCCAAGCAAGAATACG,640
CCCATACTCTCTAGCT,640
GAAATAACTGACAGAT,640
GACACACGCCGATACT,640
GGAGCATAGGTCAATG,640
TCGACCATACAAAAAA,640
TCGGCAAATCTACCAA,640
AATGAATCTACCGGTC,639
ACATTCTCAGCAAAAC,639
ACCGTCTTATAGCTTG,639
ACTAAGATAAATGTTG,639
ATAGACAACTAGTTTA,639
ATCCAATGAAGACAGG,639
CTATGACCAACATGAT,639
GAAGTCGGGTTGAACG,639
GAGCGTTATCATCAGG,639
GTTAGAAACAATGTAA,639
TACCTTAAAGTTACAA,639
TGAATCGGTACACCCT,639
TGCATAGAGCATACAG,639
TGCGAAATGTTAGAAG,639
AGTTCTATCCTTGATA,638
ATCTCATATGCACGAC,638
CAGCACGGGGACATAA,638
CAGTCGTTGCAGTATA,638
CCCAAAAACCACGAGT,638
CCTACGCAATCTAAAC,638
CGGCTACTGTATACCT,638
CTTAGGCGTCACGCCC,638
GAAAAACACCATACAA,638
GCGTTAGACGAGTCTT,638
GCTCAAACGGATCGTT,638
GTCATAACGACACGTA,638
TATGTGCAGACCTCTA,638
TGCATATTTACCCAGG,638
AACTCAGCATAGAAGA,637
ACATCAACATTCCAAT,637
ATAAATGTGCTCATCC,637
ATAGGGCTGCAAAATA,637
CAGTAGGATCGGACTT,637
CAGTGCGTTATAATCA,637
CCAACCACTCAAGTCT,637
GAAAGTTATCTTTCGT,637
GATAATATAAGTAGGT,637
GATGAACGACTTTTCC,637
TACGGTGTATAAACAA,637
TATGATGGCGGTATAA,637
TATTTTTCCTATTTGT,637
TCATGCACAAAATCGT,637
AACCTCGAGCCGTACA,636
AAGTTCTACGCTTCCA,636
ATAATGCTGTCACACA,636
CATATAAAATGGCCGT,636
GCCTGTTGCGCAATCT,636
GTACGTCACCAGGGTA,636
TAATGACGAAAACCAG,636
TCCTACGCTTCCCATA,636
ACGGGAAGTTCCGGAC,635
ATCACCCATATTAAAA,635
CAACACTCAATCGATG,635
TAACGCAAGACCTCGA,635
TAATAGAGAAAACCAG,635
TGTGTTGGTACTCCGT,635
ACGGGCTAGTAAAAGC,634
ACTCCGACAGTGATTT,634
AGAAATGCCCGCAAGC,634
AGGAAACCTAACTCCT,634
AGTCCAAAAAAACCAA,634
CATGCGCTCAGATACC,634
CCATAAGAACGTTTTC,634
GAATATATCAGAATTC,634
GACGTGAAGAAGAAAG,634
GATGCAATAGATTTGA,634
GTCAGAAAACCATACA,634
TAACAGACTAGGCGCT,634
TAACCGTCGCTTATAG,634
TAAGATATTATACAAT,634
TGATGCGTTGAGAGAA,634
TGCCCATGTTACGAGC,634
AACCTATATTACATAA,633
ACCCTGGTAGATGAAC,633
ACCCTGTTGCATTTCT,633
ACTATTCATCTTGCCA,633
AGTAAGCTTCTACGCA,633
ATGGCATTTCACGGTC,633
CACCGGTGCGGTACGC,633
CAGAGACATATAACAA,633
CCCGTCGAAGAGTCAG,633
CCTGATTTATATTGAG,633
CTGATCCCTCCAGGTC,633
CTTCATCGCGGACCTC,633
GATTCACATAACAATA,633
GATTCTAATGAGATTC,633
TACCCTGACATAATGG,633
TACTCAAACATGGTCC,633
TATAGATAAGTTGCTT,633
ACTACGTTATAATAAC,632
AGGACCTAACCAAAGT,632
AGTATGCTAAGATAGT,632
ATTTCACATACTACAC,632
CAGCAGAAGGAAGTAG,632
CCCCGCACACATATTT,632
CTCACCTGTCCACCGA,632
CTGATGCAATTGTTGC,632
GAGCATATAAAGTGAT,632
GCACAACTCGAATGGT,632
GGTACAGAAATACATA,632
TCCATAGATGGTAAAC,632
TCCCCGACTGGAATAC,632
TTTCAATTGGGATCGT,632
ATCTCCCCAGGGATTA,631
CATAACACAAATCGAA,631
CCATTCATATAAGAAG,631
GGCTCCACTTACCGAT,631
TACCCTTAATCCATGT,631
TATAATGCTAACATAC,631
TATAGGACGTTAGAGA,631
TCACCATACCTCCATC,631
AACCCAGACAAAGATT,630
AATGAGATGCTATCCT,630
AGGAAGACATTCATCG,630
ATCAACACGCTCTTTG,630
ATCGTATCATATTAAT,630
ATGACGAGGTTAACTC,630
CCTCAAAGAGCTAGCG,630
CCTTTTCCGAAACGTA,630
CTCTGCAGAAAGCTTC,630
GAAAAGACAAATACAA,630
GAGGAAACGGCTACAT,630
GATTCAGGTCAAACTC,630
GGCTCATGAACGTGCG,630
TGATTAACTACGCAAT,630
TGTACCTGAGCTATCA,630
AAAGTTCCGAAGTGTT,629
AACTGAAATCATTCAA,629
AAGATATGGATATCGG,629
ACATGTTTTCTTGAAC,629
AGAAGCAGAGGAAATA,629
ATATTACACTCTCCCA,629
CCAGTAATTTTTCCAC,629
CCCAATTATGTAACAG,629
CGCGAATATTAATAAA,629
CTCGGATTAAAGGTAA,629
GATCTAAACGGTGGAC,629
GGTGTGTAATTACGCG,629
GTCGGCCCAAGAACGG,629
TAGTTAGGTTATAGAA,629
AACGGAGCGCGAGGCC,628
ACCTCCCCAGTTACAG,628
ATCTCAATTGATAAAG,628
CCGCTAACAGCTCCTC,628
GATAAAATGTTTCACA,628
GGTGCGGACTGATTAT,628
GTTGAGAACTTAAACA,628
TAATCAAATTATATCG,628
TAATGATGCCGCTACA,628
TACACAGTGGCCAATC,628
TCAGAAGGGCAGATAT,628
TGAAACCACAGGCCAC,628
TGAAAGGCTCCGCTAG,628
AAGACGATTTTGCTTG,627
AAGCCTTTGAACCAGA,627
ACAACATAAGATGATA,627
ACCTATAAAACGTGTC,627
AGCCATCTTAGGTCCT,627
ATGGACATAAAATGAT,627
CAAGACACAACTAAGC,627
CAAGTAACAGAATGTT,627
CACGTTAAACTCTAGT,627
CCAGAATCGTTCGGAA,627
GCGGATGCAAAACCAA,627
GGTTTCACTAACTCAT,627
TAGAACTAGCTGTACA,627
TAGCGGCTAAAACTAA,627
TCACAGCAACCCGGTA,627
TCGCGTGTAATAGGCC,627
TTCTGTGTGGAACTGG,627
TTTACCCTGCGATCAA,627
TTTCATAGTCAAATAG,627
AAAATCCGAGTGACAA,626
AAAGCAGCATTTCTCC,626
AAATTCTATATGAAAA,626
AAGACTTTCCAATTGT,626
ACAGAGCACTCATTCG,626
ACCAGGTTGAACAAGT,626
ACTATTTCATACAGTA,626
AGAAAATTACCGATCA,626
AGCCTCCATGTCATAA,626
CGAACAAAACAAGTAA,626
GAATACTTAATAATAA,626
GTGCAACCCACTCGCA,626
TAACTGCTACTATTAA,626
TACGAATTCAAACAAT,626
TCAGGACAAGCCCCTT,626
AACCAGATTTAGTTTT,625
AATATAGCGTCCCCGA,625
CACAATACCTACTAAG,625
CATTGTAGAACGGTCC,625
CCCTCATCGAATTCCG,625
CGACGGAGTCAATAAC,625
CTTCTAGTAAGCTGCG,625
GGATCGATCCCTGAAA,625
GGCCGATCAATTCAAC,625
GGGTCTAAACAAGTAC,625
GGTTGAACGAATTAAG,625
GTCACTATTTGCTATG,625
TGGAAAATCGAACTTC,625
AAACCGTATTTGATGG,624
ACTCACGCTCTGACCT,624
ACTTTAACATCTAATT,624
ATAGCTTGAACTGGCG,624
ATATTAAGTACTTCAG,624
GAGGCGCGAAGATGTG,624
GATACCCCATATCTCG,624
GATGACACCCAGAAGA,624
GCACTTTGTATATTCA,624
GCAGAAGCGCAACAAA,624
GCTTATTCAATTTATC,624
GGTCCGTAAACTTCTA,624
GTGCAACCTTGAAAAG,624
GTGGATTGTTATGCAA,624
TAAATAGCCACAGCAA,624
TAGTCACTGGTTTAAA,624
TTGGAAATTTTGCATC,624
AAATGGGACCATGGAC,623
AACTGTGACGACATAA,623
ACCGCTGCCTCAATAA,623
AGCTACGATGACATCA,623
CAAAAAGCGAAGCCGT,623
CATCATGATACAGTAG,623
CCGCACCGTCAATAAA,623
CGTTTTCTGAGGATGA,623
CTCTCTGTGCTGTCAT,623
GCAATACCCAAGTTGA,623
GGCTAGCCTTCAGATT,623
TAGAAAGTTTGTCAAC,623
TATAATACGTCTAAAC,623
TCTCATTAATGCATCA,623
TGGAGGTATCAATCTC,623
TTGAACAAATAAAACG,623
AACAGCATGGGGGCTT,622
AGAAGTTTCGGAGTCT,622
AGCCGCTAGATGTCAA,622
CAAATACCAAATCAAA,622
CAGAAGCAAAAACGAC,622
GAGGGCACCACGGATA,622
GTAACACAGATGCTTC,622
GTGACGATCCAAAATA,622
GTGTCGACCAGACTTC,622
TCTTTTCTAGTCTCGA,622
TTAGGTGATGCGGGCT,622
AAACGGCAAATATTGC,621
AACGGAGTAAAACCCT,621
ACTTAAAAGGGTACGA,621
ATAAAACCGGTTCCGA,621
ATTAACTGGTCAAGTT,621
ATTAGGTATAACTTCC,621
CAACGAACATCCGTAA,621
CTGTCCGTGCCTCGGG,621
GCAACAAGGTATGATC,621
TCAGCTCCAAAATGAC,621
TGAGAACTACCGCTTA,621
AACACGCCGTAATTCT,620
AACGAAAGGAACAGAC,620
ACATCCAGTGACAACC,620
ACCATGCCAAATTTGA,620
AGTAAACTTACAAAAC,620
ATGATTCAAACAGCTT,620
CAAACTAGGGTGCTGT,620
CATCATAAGAGCATTA,620
GACGTTCCAGAGGTCT,620
GATGGAAGAAACCCTG,620
GCGGTACAATCAAAGC,620
AACATCGAACCATAAG,619
ACCAACTACCTAGCGC,619
ACTTTGTTAGGATAAA,619
AGACACTTATCAGCAA,619
AGGGGACGCCCTTCGA,619
ATCTGAGATCGTACAA,619
ATGCCTGAAAACCCTG,619
CACGGAACTGGTCGAC,619
CATCCCTTACACGAGC,619
CTTCGTTAGTTTGAAA,619
GACTTCCAGTAAGTGA,619
GAGGAAAATTTCAAGA,619
TAACAGCTATTATAAA,619
TCTCATATCCTTGAAA,619
TGATGTTCACAACCTA,619
TGCCTATATTTCAACA,619
TGGTGCAATAATCTGG,619
TTCGGTAAGAAACCCT,619
AAAACTATATTCATAA,618
ACATATCCCCAAGCAC,618
ACATCGACGAGGCCCC,618
ATAAGTGACCATGTGA,618
ATCCCAATTGTTGATA,618
ATCTCCCGGTCATAGA,618
CATACAAATTATACCT,618
GAAACAATGGACTTTA,618
GAGCTAATCAGACCAG,618
GTCTTTCACTTGACAC,618
TGACCAAAAAACGACG,618
TTAACAACGATTAAAA,618
AAAAAAAGGCGTGTAT,617
AAGTAAACATAAATTG,617
AATCTGCTAACCACGA,617
ACATCATCATGCCTCT,617
AGCGATCAATAGAGGG,617
ATCCTGATCCTAACAA,617
CACTAGAGTAAAATCA,617
CATATCAATCAGTGAC,617
CCCTGATCGACAGATT,617
CCTGATGCAACAACCT,617
CGACTCAAACGCACCA,617
GAATGAACCATTATAT,617
GAGTCATGTCCATTCA,617
TGAGAGGTAAACCGTT,617
TGAGCACCCCTCTTAG,617
TGTATTCTCAACCAAT,617
TGTTTCATACGAAACG,617
TTAAATCTAAATGCGG,617
AAACGTCTAGCCGTTA,616
AAACTTGTTTCATCCA,616
AACTAAGGTCTCCCAT,616
AATTCCAAAACAAACC,616
ACAATACTACATAAGT,616
ACTACAGGATAGGTAT,616
ACTACGGGTCACTAAT,616
ATTGTGACCTTAGCTG,616
CCAGAAACTAGCCAAC,616
GCTGTCAGTGATCAGG,616
GTATTTCATACTGTCA,616
TAGGAAATCACAAGTA,616
TCTTGCTGAAAAAAAA,616
TCTTTGGTAGAACTAG,616
TGCCTCCTTAAATAAA,616
TTCCCTGTACAAGCGA,616
AAACCGACGAACGAGA,615
AACCCATAAAAACTGT,615
AGTCACGAATGACCCC,615
ATAGTCGAAAAAAACT,615
ATCTCACTTCATGGAT,615
ATTCTCCAAACACTCA,615
CAAGTATATGCACATT,615
CACAGAAAAGATTGAA,615
CAGATAGCTTATCTAC,615
CGTAAAACCAACCTTT,615
CGTACAACCCCAACAA,615
CTCTGCTCGTTTAGAG,615
CTTGCCCATTGGACGA,615
TAGTTAAGATTTCTTG,615
TATCGCAAAAACAAGC,615
TGAAACCATTCTGATC,615
TGAAGTTCAAATTATA,615
TTACTCCGGTACCCAA,615
TTTAGTACGCTAAACC,615
AAAATTAGCGGGGGTA,614
AAGACTGTTAAATTCT,614
ACGCGATTGCATATAA,614
AGAGAAATCGGCCAAT,614
AGATACGACGAATTAT,614
AGCTTATGCGCGTCAG,614
ATAAACAGGACCCAGA,614
ATACTCCTCTTGATTG,614
CAATTTAACTTTAAGC,614
CATATCACGAATACTC,614
CGATACCTTGAACCGG,614
CTAGAATCTGACTTTA,614
CTTTCACACCGGCGAA,614
GTACTATGGAAGTCCT,614
GTGTTTTCTCTGACGC,614
AAGAATACCGTGACTT,613
AATAACTAAGTATCAG,613
AATAGCTTCATCACCT,613
ACTAGCATGATACATT,613
AGCTGAACGGCGTCGC,613
AGTCCAGTTCCAACTA,613
ATTACTCCATGCAACA,613
CAAAGTAAGATAATTG,613
CCAGGTATTCGTTAAT,613
GGGGTGACGTATTGAT,613
GTATTGTGGACCGAAA,613
TACCACTACTCTTACG,613
TATAACACGAAACTGG,613
TCCGAACTTTGCCCCC,613
AAGACGCAATAGAAAG,612
AATGCCCACGAATCCA,612
AATTCATGAAGCGTAC,612
ACCATAACCATCATAT,612
AGCCGGACGCCGGGTC,612
AGGCAATCAGCCAAAC,612
AGTGGATGGGGTTACG,612
ATAAAATAGAGTAAAA,612
ATACCGAGGCCCAGTC,612
ATTCCCTACAAACAGA,612
GAAATTTATCCGAAAG,612
GAACTCGACTGCAATT,612
GTAGAAAAACCCACCT,612
TAAAGGAGTAAAATGA,612
TTGTTCTTACCAAGGA,612
AACGCTTCAGACCTCA,611
AATTTTATACATCAAT,611
ACGCATCCCTCATTTT,611
AGCCGATACAAATGAT,611
ATGAACAGACGACGGA,611
CCACAAAATGTTGTTA,611
CCCCTATAAAGCACAC,611
CCCGCTATCCTAATGG,611
CGAGCAATGGGGACAT,611
CTACTAAACAGAGCAT,611
GACGCAGACCAGTGCT,611
GATCGTAAAACATTGC,611
GGTCCAGACCGAGAGC,611
TCATAACCGGCTGCGC,611
TTCGTCCTAAAAAACG,611
AATTTTCTACAACAGA,610
ACATCGCTGCGGATCA,610
CATAGCCCTTTACCCT,610
CCACAAAGTGAAAGGA,610
CTGATCTTGAGTTGAG,610
GAACAGCAAACTCAAC,610
TGATGACTGGAACACC,610
AGAACTCAGAGTGAAC,609
ATACTGCAACACTAGG,609
ATCTTATAAAAATAAA,609
ATGACAACACCAAAAA,609
ATTTGCTACCACACTC,609
CAAAAATTCTATAATC,609
CATGTACACGCAATGA,609
CCAAGCAACTTAAAGT,609
CTCCCGAGCACAGTCA,609
CTGAACCCTAAGGTAA,609
GGGTAATCGAACCAGC,609
TAAGCTCTTACAAGAT,609
TACTCGAAACTCGAAA,609
TATGCGAAGGTAAATG,609
TATGCGTCCCACATAC,609
TCTGGTAAGTTCAAAC,609
AATGGAAAACTAGGAA,608
ACATTCAAGCTTTTCC,608
ACCCTTAGTTGAGATA,608
ACCTAAGTGCTTCAAA,608
AGATGCCAGATCTAAT,608
ATAAATCACCCCAAAG,608
ATAATACAAAATGATG,608
ATCCAGAACAAAATGA,608
CCAAACACACTTGGGA,608
CCTTAAGGTGACCCAA,608
CGCCCTGTCCTATATA,608
GAAAACCCCCCGTACA,608
GAGGGCCTATAAGCCG,608
GATAAATAGACGAACC,608
TAATGCTTGTTAAAAT,608
TATGATGCTTATCTAC,608
TCCCACATACTAGAGA,608
TGTACATCAATAAAGT,608
AACAGTAAGCCGAATA,607
ACAGACAGAGGGGGAG,607
ACCTATACGCCTGATA,607
AGAACAGCATCAGAGG,607
ATACTCCCTCAATCGA,607
ATTCCAATTAAACCAT,607
ATTTGAATTGGTCGAT,607
CAATATCCTCATACCG,607
CATGTCTACAACAAGC,607
CCCCTCATTCGTACCC,607
CTAAACTTCGACCCGT,607
GAATGAACCGCAACTT,607
GAGTTTGACACACACA,607
GATGTAATCAGTAGTG,607
GATTATCTTTACAAAC,607
GCATTAACGGATAAAC,607
GCCGAATACTAAAGAG,607
GCTCCGATTATATGGC,607
GCTGGTTGCCTTTAGT,607
GCTTAAAATAATCAAC,607
TAAATCAGCGTGTTTT,607
TAATAAGCGGGTCAAA,607
TAATATCTGTGTTTCA,607
TAGTGTAACTACTACG,607
AAACAAACTATGACAC,606
AAACACCAATCAATAC,606
AAGTACTGCTGTACCA,606
AATGGCGAAATCCGTC,606
CTTCTCAGAGTTCTGG,606
GCGACACCAGGTGACA,606
GTTGCTTGATCAAAGT,606
TCAAAACATGACAAGA,606
TTATGAGGTACATATG,606
AATTTGAAAGGTTAAA,605
ACAGCCCCCAAGAGAA,605
ACATGAAGCAAAACGC,605
ACGTGAGATATTTAAG,605
AGAACAATAGACATTG,605
AGAATTCCAGCTAGAA,605
AGCCCTAAAAGTAGAG,605
CATAAGCATGACAGCA,605
CTTGTTGATGCGAGTT,605
GATCACATATATCAAC,605
GTTTTTTAAGGCTAAT,605
TAGTTCTTATAAAAAC,605
TATAAAGGGACGACCG,605
TATACATGATTATGTA,605
TTCGCCCGCGTCTGTG,605
AAACTCGCACGAAACA,604
AACTATTCACATCTTA,604
ATTTCTGCATCAAGTT,604
CAGATCTACAACAAGC,604
CAGGCATATAGCACCA,604
CGTCAAATGTAAAGAA,604
CTAATCTCCGATAACA,604
GACGGCACTGCTTGAA,604
GCATAATAGTCCACAA,604
TACAAGTTGGTGGCAT,604
TATTTAAGTAACATAT,604
TCGTTCAATTGGCATT,604
TGTTAAGGCCACCTGT,604
AAGCACTACCTAAAAA,603
ACAAACCTCCTCAGTA,603
AGCACCTTAAGGTTAA,603
ATTCAGTGCGCGTCAG,603
CCGAGATTTGGGGAAG,603
CGAGCAGGCAACAGCG,603
CTACTATATCTAAAGG,603
GAATGTCTGGTTTACG,603
GTGTAAAGAATGTACG,603
TCCACCGCGCTAAATG,603
TCCTGGCTATGATGGT,603
TCGTCTTTTTGATAAC,603
TGCTGATAAAATGACT,603
AAAAACCGGGATTAGA,602
AAATTTCATCCGTACT,602
CTCTAAAATCGTGCAA,602
GACGGAACAAGAGCGA,602
GTTATCATAATACCAC,602
TCTCCGCTTCGGGCCC,602
TTATTTATTCACATAG,602
AAACATTCATTTCCTA,601
GATCCTAAATCTAACG,601
GCCCCATTATAGGTCT,601
GCCGAACATCGAACAG,601
GTCTTAACGTCGTAAT,601
TCATACATATTAGCAC,601
TCCGGAGGTACCACAA,601
TGACACTATTACACGA,601
TTTTCATACAATAGCT,601
AAAAGAATGAGGCAAC,600
AATTGGATTTCACAAA,600
ACCAACGAAATCAGGC,600
ACGAACATAGAAATCC,600
ATCCGTAAATAATTAG,600
CAAACACCAAAGCCAA,600
CAATTGAGCGCAAAAG,600
CACCTTTCAACTGACC,600
GAATCTAAGCAATAGA,600
GACTCCTGGTCTCAAC,600
GCTTGAAACTAGGAAC,600
GGACACTTAGTATCCT,600
GTATCTTAAATAAGTA,600
TTTGATAAGTCGTATA,600
AAAGGCACACCAACCA,599
AAATAACACAGCCGGT,599
AAGTCGACCGGTTTAA,599
AATAAAGGATTACCAA,599
ACGATCGGCGAAAAAA,599
ACGTTAGGATGCCAAC,599
ACTCAGACACGGTGTG,599
ACTGGCCCGCCTAAAT,599
AGTTTACTAATCCTGG,599
CAGAACCGCGTTTGCA,599
CAGTGGACCTTACTAA,599
CTGAGGACTATCATAT,599
GACAAACGGTCTAAGC,599
GACCGCTCAAAATTTC,599
GCAGTAAAAATTCACC,599
GGCGGGACAAATTCAC,599
GTTTTAGACACCAAAG,599
TGATAAGTAGGTAACA,599
TGCTTGAAATTTTATA,599
TGGAAAAGCGATCCAT,599
AAATGACACATCTAAC,598
ACCAAGGATCGGTGGT,598
ATCTAACATCTCACAC,598
CACTCATAGTCGACAC,598
CAGTGCAGACTTAGGT,598
CCAACTGGACAAAAAA,598
GGTGAGCTATCCCAAG,598
TACTAATACATAGGGA,598
AAAATAGAGATGCACA,597
AAGTATGTGTCTTAGT,597
ACCACTAAGGATCCGA,597
ACTACCGAATGTGTCA,597
CAAATCTCGAGAAATG,597
CAAGACATATCGAGAC,597
CAGCCACCGGGCGGAT,597
CCGAATCTATTTGAGG,597
CTTAGCGGGATGACTC,597
CTTATTGCGGCGACAA,597
GACGATACTACGTAAA,597
GTACCATCGTTCAAAC,597
TGATTCCGAGCCCGGC,597
TGCGAATGGCGATATC,597
TGTAAGGTCACTTCAG,597
TTTTAAAAACATAAAG,597
AAAACCATACAAGCAA,596
AAATGATTAACCAAAT,596
AAGGGAAGGATAGCTA,596
ATCTCAATTGGCTAAT,596
CATAAAGCGAGCATCT,596
GCCCGGAACGACCGTT,596
GGCCATCGCCCAATCA,596
GGTAAAGATTCAAAAT,596
TAGCAGATTTTAACAA,596
AAAAGTACTGATTTTC,595
AACACATGCAAACGGA,595
AAGCCTGCCAATTAAG,595
ACAATAGGACAACTGA,595
ACTCATTCACAAATAC,595
ATGAGCGTGCTGAGAC,595
ATGCGATATTCAATCA,595
CAAAGGTTAAAAGTTT,595
CGATACGCATAGAAAA,595
GAGCGGAACTTGTCAC,595
GTAAATGGTAGTTTAT,595
TAAATACTTCTCACGA,595
TCAGTGTCTTGACAAG,595
TTTTATAAAATGTCAT,595
AAAAAAAACCGGCACT,594
AATCGGTGGCGCTCAT,594
AATTACAATGACGCAA,594
ACAAAACATGGCTGTT,594
AGACCGTTACTTAGGA,594
AGGCATTAAAATCACC,594
ATAACGCATACAAGAA,594
ATATCTTGAAACGAGG,594
ATGCACATATCCTAAT,594
ATTAGTCATGCTTACA,594
CATTGGAGCATATATA,594
CCAACTAGAGAGGCCA,594
CGAGAGTATTACCCTC,594
CGGCGATTGGTATTTT,594
GCCTTGCCGCAAAGAA,594
GCGGTCAAGAAAGCTA,594
GGGTGCCCACTAAAAA,594
TAAGAAAAACCCAACA,594
TCTTAATTTTATAAGC,594
AAACAGTCTCTATTAT,593
AAGATACTAAGATGGT,593
AGGCGGCCACCAGTTC,593
ATAGTATAGGCAGTTA,593
ATGCAAGAAATTTCCG,593
CAAATAAATACCGCCC,593
CGAATTACTTGCTAAT,593
CGGATTACCAAGTCAT,593
CTCCAATAACCAACTG,593
GCTAATCAGTAAAATT,593
GGATCACCACATGCTT,593
GTGACTAGCGTTTGCA,593
GTGCCAGTACGAGACA,593
TAAAGTGTTGAAAATG,593
TTAGTAACTTTGCAAC,593
TTCTTACACTAGTTTC,593
AAAACCCGATTCTAAA,592
AATAGGAATTCATAGC,592
ACTCGAGCCCCTATAA,592
ACTGACCTTAACGTAG,592
AGAAAGGACGAAATTC,592
ATAGTATGAGGACACC,592
CAGATAAATGAATAAG,592
CTTACCTGGACCCTTC,592
CTTCCCCATCTAATGT,592
GGAGTAGTTGGCGTTC,592
GTAATGTCGTTGTACA,592
TCGTAATCAAAGTACT,592
TGATGGAAATCGGTAA,592
ACAATCAATTGCCAGA,591
ACACCTAAAACTAGAA,591
ACCAATTAACACAACA,591
ACTCGACGGATGGCAC,591
ACTTTTACCAAATATA,591
ATTGGCTTTTATCTGA,591
CTCATTGTGACCTAAA,591
GACATGCGGTACCGGA,591
GGAGATGATTTGGCTC,591
GGCATACGCGTCAAAA,591
GTACTGAACCTGGACT,591
TAAAATGTATATTTGG,591
TAGCTCCACCATTCAT,591
TATGATTAGAAGACGA,591
TCATTTGTCAAAATGC,591
TGCGATGCAATCTGAA,591
TTGAAGAGAGTCAACT,591
AAATACGACCAGACTT,590
AACAAGACACCACTTA,590
ACATACCCTATAAATC,590
ACATTTAGTGCTATGA,590
ATGGATTGAGAATTCC,590
ATGTCTGAAACTTTTC,590
CAACCGATTAAAAACC,590
CCTGTTACAACTTAGG,590
CTACAAATAGTAATGA,590
GACAAGAAGCACAACA,590
GATTGGGTATAAAGAG,590
TCTAGGATCCAAAATT,590
TTCGGTAAATCCAAAA,590
TTTGGCCGAATCCTAG,590
AAAACAACCTGTCATA,589
AACAGACTATATACTA,589
AAGTTACACAGCATAC,589
AATATGAATAACCTCA,589
ACAATCCAATACCGTA,589
ACACAAAGCGGATCTA,589
ACTGATACCTATCTAT,589
AGCTACATATTGAAAA,589
CCCTTGAGTTACCAGT,589
CTACTGTTGGCTCGGA,589
GAACTTCGATTATAGT,589
GAGATAAAACTGGAGA,589
GCTTAAAAAAGACTAG,589
GTAACCAGGTCTGGAC,589
TAACATAACAATTTTT,589
TAAGTACTTCGCATAG,589
TACAACTAAGCCAGGG,589
TACGTCGATTCAAAAT,589
TTACATGAGACTATGC,589
TTCGCAAGGACAACAA,589
TTTCTAGGTACGAAGA,589
AAACCTATCCGAAATC,588
AAATGTTTAGGTTCGC,588
AACATCAAAAAACCGA,588
AACCATTAATCTCAAA,588
AACGCTATACTAGACA,588
ACAGCACCGTCTTACC,588
ACCGAACCTAAAATTA,588
AGGGTTTTGTAATCGT,588
AGTCTTTGACTGAATC,588
ATATTTGCAACTTACA,588
ATGAAACTCGGGATCG,588
CAGATACAACCAGCAT,588
CCATCACCCGTTAACC,588
CCCCACAACGAGCCTG,588
CCCCAGACCTCCTTTC,588
CCTAGATCCCTAAAGA,588
CTCGCAGAAAAATTAG,588
CTTTACTAAACCACGC,588
GATACATTACATAATA,588
GATCAACAACGCGGAG,588
GGAGAAGCAAGATATA,588
GGTACAGCACCTACAG,588
GTTGAAAACGATGTTG,588
GTTTTTCACGACACAA,588
AAAGAGTTAATTAAGC,587
AATATCATACGGTGTA,587
AATGGAGTTTCCAATC,587
AGAAAATTTAATTTGA,587
ATGATATCTGAATGTG,587
CAAGGGATGGTCACCG,587
CACCTAGACTGCTAAC,587
CTAGTAGTGTCATTAA,587
TCAATCTAGCCTGGCA,587
TCTCGCGCTATGTAAC,587
TTAGACCGCGTAAATC,587
AAATTCAGATATCCAC,586
ACTCTAAGAGACCGAC,586
AGTATAAAACAAACTA,586
ATAGTGACATATATGC,586
ATCGAGAAACATACAT,586
ATTGGATTAAACACGA,586
CAAATCCTAAACAACA,586
CCCAAGCTGCAGCCCA,586
CCTATAGGAACCCACG,586
GAAAGAACCTATACAC,586
GAGAACGTTTCCTATT,586
GCGAAACAGACTAAAC,586
TAATCCCTTAAATCCA,586
TACTAGTTAACCAATT,586
TACTGCAAGATGTTTG,586
TAGCAGTGTCATGTAT,586
TCGTTCGTACTTATTG,586
TTAGAGTTAAATAAGA,586
TTAGGTACACTTAGTC,586
TTTAAATTTTTTAATC,586
AACTGCATAAATTGCT,585
ACTCGCACAACATGGA,585
AGAGAGCTCATCCGCT,585
AGTAATACGTCCTAAG,585
ATACAAGGTAGTTCGA,585
CAACCCACTACATATC,585
CCGAAACTATTGAATT,585
CCGCTCAAAAAGTTTA,585
CGGCCGTCAATTCGTA,585
GTTATTATGCAGTCAG,585
TCCTTCCTTGCATGTC,585
TGGAAATTAGTTACCT,585
TGTCAAACTTTCAGCA,585
AATTAAGGAATCCTCA,584
ACCGTGAATCTTAGCG,584
AGCTCCCCCACGTGGC,584
AGTAGTCCCCATCATC,584
ATACGTGGAATCCACG,584
ATCTGGCTAACAGCAT,584
CAAGGAGGTTACTAAA,584
CAGCTTTGCTTACCCA,584
CCCGTATATCAGATGG,584
CGATAATAAATGAGGA,584
CGCGACTCTTGAATAT,584
GATCTTCACCTCGCTA,584
GTATATCGTAATTTGT,584
TAGATAACGGGCTCAA,584
TGTATCCCTGCAACAA,584
TTGAACATCCACTTAC,584
AAAATAATTAGATGCG,583
AACACATTTTTTTACT,583
ACAAAGGTGTTCAAGA,583
ACAATATCAAAGTAAA,583
ACCTCCGTAAGAACGA,583
ACGGAACAGTGCCCGG,583
ATCAGCACCGCATCAT,583
ATCCAACACTAAGAAA,583
ATCTGAGCGAAGTATT,583
ATGTGATGACGGTGCT,583
CGATTAGAAAACGTAA,583
CGCTAAATAATCACGG,583
CTGGATGTAGAGGATT,583
CTGTGAAATTTACCTT,583
CTTTCCGAGAATAGTA,583
GATCCATAACCATTAT,583
GCAAGCCACCGACTTA,583
GGCTACAGCCACCCTT,583
GGCTGAGAAAACGAAA,583
GTGATGAAAATCATAA,583
TCTAAAGAATCAGTGG,583
TGTTGTATACTAAGCA,583
AATTATTTAAAGCATT,582
AGTCAAATATCCATCC,582
ATTTAATCCTAATACA,582
CAACATACCAAGAATA,582
CATACCTAACTAGTAT,582
CTCTATTTACCTGACT,582
GAACTACAACAAGTAT,582
GACTCTTAAGCAGTGA,582
GCAGCCAAAAAAACTT,582
GCGAGGTCGCAAAGTT,582
TTAAGCCCGTCAAAAA,582
AAGTCCGATGGAGCAC,581
AATCTTTTAGAATGGA,581
ACACGGGTTAATAAAG,581
ACTATCATCTTCCATT,581
ATAATACATAAATATA,581
CATTGATAGAGTCCAA,581
GACCAGAAATGCTAAA,581
GCTGACCCTATATCCA,581
GTTTTACGACACAAAC,581
TAAGCAAAAAGCACGC,581
TATAAACTACCACCCC,581
AAATTTCGTCCCGAAC,580
AATCGGTAACGCAAAA,580
ACATCTAGAAGTGCAT,580
AGAACAGAAGTTCCTG,580
CACTAACTGCCTGTAA,580
CATTACGGAGTGGACA,580
CCCAGACTTGCCTTCA,580
CCCTCGTGCATGACAC,580
GGGCCTATTCGATACA,580
GTGAGATCGCACGGGA,580
TGCAAACATATACCCT,580
TTCTGCAAAGATGAGT,580
AATGTTCTGCCCGCCC,579
ACCGGGCACTCACTTC,579
ACGATGAGCCAAGGTG,579
AGGTAAAGCGTTCCGA,579
AGTGGAGAAATTTATA,579
ATAAAAGAAGTCCAAA,579
CAACCCCATATCCACC,579
CATGTCCCATAGAAGA,579
CCAAGAAACATTAAAA,579
CTCAATAATGGGCTAT,579
CTCTAAAAATTGACCT,579
GACACAGCAGTAGCAA,579
GATTGATACGTTCACC,579
GCGAAAATCACACCGA,579
TCACATTATAGACCAA,579
TGATGATCGGCAACAC,579
TTAGCTCAGAAAGACC,579
TTCTTTATTATAACGA,579
AAGCTATAAAGTAGAA,578
ATCACGACACAAACAA,578
CCCACTTTAACACAGT,578
CTTAAGATGCACTGTA,578
GCAGAAATATCTCACT,578
GTGATCTTTATAAACA,578
TCGATATGGGCCGGTA,578
TCTCCAGATACTGTTA,578
TGATACTTTTGTGATC,578
TTATTAACAAACTAGA,578
AATTGACAGGCGACAT,577
ACACAACATGGTCCCA,577
AGCGTGCAGTTTGTGC,577
AGGTCTAGTACTTAGT,577
ATAAAATACGGACACT,577
ATGGCCGTAACAGAAA,577
CCCATAAACTCCAGTA,577
GATGCCAAGCCACACA,577
GCATCAAAATCAGTCC,577
GCTTAAAAATCAATTG,577
GGACGGCGAGAACGTC,577
GTATCTCATAGTGAGT,577
GTGTAAGCAAGATAGC,577
TATCAAGCTTAGCAAT,577
TCACAAACCGACAGTA,577
TGATTTATACCATTCT,577
AAATAGACACAACTAG,576
AATAGCTAGACTTTTA,576
ACCGTATGAGAACAGA,576
ATCCACGTTCACGCCA,576
CCTTATCTTACAATAC,576
CGTCGGTTATCGTATG,576
GAACTGATGAGGCAGA,576
GACATGCGAATACTGT,576
GAGGTTCACTTTGAAG,576
GCTACAATAAGAATAA,576
GTAGTTCTGTCATTGA,576
TCTAGTGCTTAATTAA,576
TTACTCAACGGCCCGT,576
TTAGAAAATTCTTGCT,576
TTTATGAACCCTCGCG,576
ACTAACATTACCAATA,575
AGATTAGTTAGATTTC,575
AGGCTCACACCGAAAC,575
AGTCAAGGGGACGTAT,575
AGTCACCGCCTGTATT,575
ATAGAAACTCTGAACT,575
ATCAGTATTATTATTG,575
ATGCCAACAAGTAACC,575
CATACAGTAATTATTG,575
CCCCAGTTCTACGAAC,575
CGAATAGCATAAAAAT,575
CGCCTAAAGGATTAAA,575
CTTATGGAATTCTCGG,575
GGGAAAACCCACATGA,575
GGGCTGAGAAATTACC,575
TAGATAGTCTAACTCT,575
TCGGAAGTGTCAGATA,575
TTTCATACACGACTCC,575
AACCAAGCTAATGTCG,574
AATAACCTATACTGGA,574
AATACTGAGGGGAACA,574
AGAAGCACCCATAAAC,574
AGGAAGAGAGTGATGA,574
ATATTTCCATATCTAA,574
CACAAGCAAGAATTGC,574
CCGATAAGTTACCGGG,574
CCTAACGTTAGGCACC,574
CCTGCAATTACTGTTA,574
GGCATACTGAAAACCA,574
TACAAGACACAACTCT,574
TATACGATATGTACAT,574
AAATCTCAATCGCAGC,573
AGACAGAGACTAGAAA,573
AGGATTAAATACATAT,573
AGGCTATATAATTATA,573
ATCTACCAGGTATACC,573
ATGCCCCACTTCAATA,573
GAAGACGGATATAGGG,573
GCTGCGATGCTACTAC,573
GTACTTTAAAAAAACT,573
GTTGCGCATGAGACCA,573
TATAAAACCTGATGTC,573
TCATTGTATGCTGATC,573
TGCGTTTCACTAGCTA,573
TTCAGACTACATCTAA,573
TTTCATAATGTCACTC,573
AGTTCGGGGAGCTTAC,572
ATGCCCTATCTTGCTT,572
CCAATCACAAAACTAT,572
CGAAAAGAGTCTGTGT,572
CTACATAAAACGCCTC,572
GCTAGCTAAGAGCAAA,572
GGACATTCATATTAAA,572
TCAAACCCTACTGGCA,572
TCACCCGAGCACTCCA,572
TCGTATATTAAAATGC,572
AAAAATGAACAAGCAA,571
AAAGAGACAAGACCGC,571
AATAAAAATTTGCCGT,571
AATAATCGTAAATCAG,571
AGAAGTGTGAAACCGT,571
CAAAACACGATGTCAG,571
CAAAATTAAAGAATTG,571
CCCAACTGCATTTACT,571
CCCATAGATGAACTAA,571
CCCGTAGATCAAGGGG,571
CGAACCTAGAGGGAAT,571
GCTGATAACGTCAACT,571
GGATCTTTCAACAGGT,571
AAAACGGTGAAATCCC,570
AACTAAGAAAAACCTA,570
AACTTTGTTAAAAAAA,570
AATAATAGGACCACTA,570
ACCGTTACCTTGAAGT,570
CATCTAACGGACGGAG,570
CATGTGAAAGGTAGAT,570
CATTCTCGCGCCAAAC,570
CTTCCCGGCCGATTTG,570
GATACTTGACCTCTAA,570
GCAGCTCGGATGAAAA,570
GCCGACTATATTGCCT,570
TCCAAATGTAACACAT,570
TTCGTCCATAGACAAT,570
TTTCAATACGAATCCC,570
TTTCATGCCCATATGT,570
TTTTGCGATTCCACCC,570
AAAACCCTTACGATTC,569
AAACACGCCAGGAACT,569
AAGTATTCCAGGAAAC,569
AATCGTTACGTTCACT,569
ATAAGACAGAAGTATC,569
CAGAAATCTAGATACA,569
CATGAAATCAAGAATA,569
CCTAAAATAAAGATTA,569
CGAAAGGTTTTCACCT,569
CTATACTGAACTAAGG,569
GTTAAAACCCGGATCC,569
TAAATTACAGTGTAGC,569
TCCAAGCAGTGCAAAC,569
ACTTCAAACCCTAGGT,568
AGAACAGAAAGCCCTC,568
CATCCTGCTTAAAAAG,568
CATTTCCTTCTCATGG,568
CGATAACGCACTTCCT,568
CGGGTCTAATGATAAC,568
GAAACCCATACTGAGA,568
GGACTAGTGAAATGCT,568
TAAGTAAGAAAGATAG,568
TGTTAATCACACCCGC,568
TTATAGGTTATAGACA,568
TTGTCGACAATGATTT,568
AATCCAGCTATATAGT,567
ACATTACGCGAACAAG,567
ACGAACTTATACTCGT,567
AGAATGATCTCAAACA,567
CACTTTGTCGCCCACG,567
CCCACAGAGTCACCAG,567
GACAAATAAACCAAGA,567
GACCATCACAACTAGA,567
GACTAAACACCTTCAA,567
GCACTAATAAAGAACC,567
GTTATCGCCCGACGCA,567
TATAGTCTAGTCTCTA,567
TCCCATAGGACTATGT,567
AAAAAAAAGACGCACC,566
AATTACGCTCGTCCTG,566
ACATGCTTCAAACCAC,566
ACCAGCATAAATCAAC,566
ATGAGCAAACTCCAAT,566
CATGTTTAATAGGTTT,566
CCGACTTACTGAGCAA,566
GCCGATAGCGATTTCG,566
TAAAGTCTGTTATGAC,566
TACGCTACGAAATTCA,566
TCCGAGGAACGAGGCA,566
TGAATGATTTGCCTAG,566
AATCCGAGTACCATGT,565
ACATTCACTCATAAAT,565
ACTGTTATAATGAATC,565
AGCTTGAATAATAGGT,565
ATCACATTAAATCCAC,565
CATGAGAAGTAATGCG,565
CCAGATTTGTGTCTAG,565
CTCCATAAAGGTCATT,565
GATTCAGAGCTGACTA,565
GATTTCCACAGGTACT,565
GCATTTCGAACCGCAT,565
GTAAGCAAAACTAAAG,565
GTAAGTGATCCTGTGC,565
TCACTCTGTCCTTATT,565
TCCGACTGGAATGTGA,565
TCTACTGTCCGTCCGA,565
TCTTTTCTCGCCTAAA,565
TTAAATTGTTGATAAC,565
AAAGCCACATAAAATA,564
AATTAACTTGGTCTAG,564
AGGCCAAATAGATAGT,564
AGTGGTCGAAGGCAGA,564
ATACTTCTCAAACTCA,564
CGACCGTTGATGCATT,564
CGCATATGACGCAAGA,564
GATGATGTTACGAGAC,564
GTGTTTCAAAGATACG,564
TACCAGGCGTTCGATC,564
TAGGCACTTTACGCCA,564
TCCTCCGCTTGTGTGT,564
TTCACCAGGATGTAGG,564
TTTAGTGAAAGCTCAA,564
AAAGAACGTCTAACGT,563
AACACACTTAACTAAA,563
AACGATCTAACTAACC,563
AAGAACTCTCCTACTG,563
AAGCCAATATCCTTAT,563
AATGAATATATTAGCG,563
ACATACTCAAACGACC,563
ATGGACTTACTTACGA,563
ATTCAGACCCCGGCAG,563
CATAATATTTTGACAT,563
CATCCCATTAACGACT,563
CATCGGGATTCAAACT,563
CTGATGTACTAAGTTA,563
CTGGGCACCATTTATT,563
CTTAATATACACGGAC,563
GAATTTAATGGAAAAC,563
GACAAGTTATCGAACT,563
GACGCAAATAGAGTTA,563
GCGCACCGACTGAGAT,563
GCTCAATATTACGCCA,563
GTATAACTAATATAAT,563
TAAATTAATGAAACCA,563
TAACTGCTGGTTGCAT,563
TACGCCAGCAACGTCC,563
TATAAGCCAAAATCAC,563
TGGACTATCGCCTTAT,563
TTAATAGACCCGAAAA,563
AAACTTTAATCACAAT,562
AAAGTGACCAAAATAC,562
AACATGTGGATGGGCA,562
ACAAACAGCTAAGAAA,562
AGAGACAAAATACCCA,562
ATAGCTAAGGAGATCC,562
CACTCACATATTTAAA,562
CCCGTACTAACTTTAA,562
CTTAAACCTTAACCTC,562
GCGCGAAGTTAAATAC,562
GCGTCAAATAGACTAG,562
GGTGTGAGGTAGAGTA,562
TAGTACCAGCACTTGC,562
TATCTATAACACACAA,562
TCCCGACCATCCGGCG,562
TGAAACAAAGCCCAAC,562
TGAGGCCTAACAATTG,562
AATTCGAAAAGGCACT,561
ACGGGCGATCATCTAA,561
ACGTGTCAACTAGAGA,561
ATATCACGACTAACCA,561
CCAAAGATGAGAGGCA,561
CCCTTCCTGGCCAGTG,561
CCGCTATGCCATACAA,561
GAAACAAAAACTCGGT,561
GATTTTCTTAGAGGAA,561
GGTACACAGTTACTAA,561
GGTAGACACGTGGTAT,561
GGTAGTTCCTAGAACC,561
TAAAATTCATAGATTT,561
TAAGTCTTACATACTT,561
TACTCTAAAGCGAGAT,561
TGCTGTATCCTTTAGA,561
TGGTTTTCACCCAAAA,561
TTTACACAAAGACTTC,561
AACACGTGATATGTCG,560
ACCCACGTACTAACTA,560
ACTCAAAAACAATACT,560
AGCATGGTACCAGCAG,560
CAACGATAAGACCACA,560
CCTAATCGACCTGAAA,560
GCACTGCTTGTAAATC,560
TAATCAGGAGCGAACG,560
TGACGATAAAATGCAT,560
TTTAGATTATGCATAA,560
AATCGGAAGTTGATAC,559
ACGTCCTTATCATAGC,559
AGATATAAGAGGGTGA,559
ATAGCGCCCTCGTGTC,559
ATCGCCGTACCGTAAA,559
ATGAGGTCCTGAACTT,559
CAACATACATTTTAGA,559
CACGCCGTATGTAAGC,559
CATTACAGTTTCTTTC,559
CCACGGACTTGGTGCT,559
CCGCAGCCGGGTAAAA,559
CCGTACGTAGGTTCCA,559
CGATTGAATTCCAAAG,559
GACAAGCCAGTCGTCC,559
GACCTTCGAATTGTTG,559
GATACGGCTTGCGCCA,559
GCACTCTATGAAAAAA,559
GCCAGGACTTACGCCT,559
GCGCTAAGATACACCG,559
GCTATGTTGCTATTAG,559
TCCAACCTCACACCTT,559
TGACGTGGTACCATGA,559
TTACAAATCATTATCT,559
TTCCGAGAGGTCAAGT,559
AAAAAAATAGGTGAAG,558
AATCAAGATAGCAAGG,558
ACACTCACTTCCACTG,558
ACTCGCTATTGACCTT,558
ATTAAACCTCACCTCT,558
CAGTTTACTTCATCTA,558
CATGACTAGGATCATA,558
TACAATATAAATAACC,558
TACACGCGAACAGGCT,558
TACTGCAACGCACCAT,558
TAGAAGATTTTTAACG,558
TCATCAAATCATGAAG,558
TTACGTTAGGAATTAA,558
AAAAAATTCGTGCATG,557
AAACCCTTGAGATTCC,557
ACTCGAGGCCAGCAGA,557
ATAGAAAACATGAACC,557
CCCAGGGACGTTCGCG,557
CCCCACTACCGAATAC,557
CTGAGTACAATCCTAC,557
CTTCCATAATCGATAG,557
GAATGCATTCCTTCAG,557
GATATTCCCCACGTTT,557
GTACTAAACTACCAGT,557
TATAACCCAGCTAAAG,557
TATATTAAGATCTTGC,557
TTAAGTAGTTATATTT,557
AAGAAACCATTCTGTA,556
ACTAAAGCTGAGATTC,556
AGTACATACTCGTAGT,556
AGTTCGATACTAAACA,556
CAAAAGATAATGCTTA,556
CACCTACTATATTTAG,556
CTTTACAAATGATCAT,556
GCACTCATTATCAAGC,556
TAGGTGACATGTTAAG,556
TATTCATATGTAGGTG,556
TATTTGGACAACATAC,556
TCTTGACAGATTAGCA,556
TTCCAGTGGGTCATGG,556
AATAGCGCAGGTCTTT,555
ATCCGTCCTATATGCA,555
ATTCGCACATAAACGG,555
CAAAATAAGAAATTTA,555
CCGCAAGCTCATCTAG,555
CTGAGTTAAGCAATTC,555
GAAACAAAAAGGGATC,555
GAAAGTTTTACTAATT,555
GAGAATACCTGATAGA,555
GAGAATCGCCCGCAAG,555
GGAACATTAAACAATT,555
TAATCTACCATCTGCA,555
TTACCTCCCACTGGAA,555
TTCATACCAACTTGGG,555
AAACCTCTGTCTTAGT,554
CAATGAGGACCGCTCT,554
CATCAAGAATAGTAAG,554
CCACGCTGTGTTAGTA,554
GAAGAAGACCATGAAA,554
GCAATATGAAGGGTAT,554
TACGCTATTCACTAAA,554
TCCGGTTAAATTAAAA,554
TGCCGAGTTGAGCATG,554
TTAGCGAAGAGGAATT,554
AAATATGATCTGCCAG,553
AACAAGGCAAGCATAA,553
AACCAACAGTTTAAAT,553
AACGCACAAGTATACC,553
ACGCAGTTCCAGGATA,553
ACGGATCATATTCCGC,553
ATATCCAAATTGCCTA,553
CAATTTTAGCTAATTC,553
CGCCAAAGTCAACTTT,553
CTGTACACACATCTGT,553
GATGTATCAAAAAGCC,553
GCCAACACATAGACAT,553
AATATTCTACATCCAA,552
ACGAGACCGGTTAAGC,552
ATAAATTGCACTATCC,552
CATGACCAAGAACATA,552
CGACCGCCAAACATGA,552
CGTCGCCAAGAAATTC,552
CTGATAAAGACGCATA,552
GACACAGTCTGTCCAG,552
GATTGCGGTAGCCTAA,552
GGCCGGCGTAACTAAT,552
TAAATTTGCAGACAAT,552
TAGTACAGGCAGCACG,552
TAGTTGGACACCTAAA,552
TCCCGTCAAAATATTA,552
TGCGTACGGTATAGAT,552
TTCAATATCTTAATCA,552
AAAGTCAGTTCAACAT,551
AAGATCCCTGCAAGAT,551
AAGTAGTGTGTTCTCC,551
ACACAAATGTACTAGG,551
ACATGAAACATCTACT,551
ACTTACACGCTTCTGT,551
AGTGCTCGCAACCGAA,551
CTTATGCATTGCAAAA,551
GAAACCCTCGAGCGAC,551
GAAGGTTATAGATAAA,551
GACCCTCGATACTATG,551
GTTTATCAAGGTCATG,551
TGTAACGCGCCTGAGT,551
TTGAGGATTATAAAGA,551
AAAGTCTTTCCATCAC,550
AAATCACAGCTTTGCT,550
AACTGGGATAAGTAAA,550
ATAACAACGATTAAAG,550
ATAGGCCAGATATATC,550
CAAAAACTATATCATA,550
CACGGAACAAGATTGA,550
CCATAGGAAGACGACA,550
CCATCCTGGACAAAAT,550
CCTTCACAGATATCAT,550
CGGGAGGAATAATGGC,550
GCGAATAGAATCTCCC,550
TAGCTGATATAACATA,550
TATCGGTTCTGAGCAT,550
TCACCGATAAACTTAC,550
TCGATGACAAAGGCCC,550
ACAGAAACTGAGTAAA,549
ACAGCCATCGTGAAAA,549
AGATTATATGATTCGG,549
CAAAAGACAATTCCTC,549
CAATTTCATGTAAAGT,549
CAGAATAAATAAGTAT,549
CATTATCACATATGGG,549
CCCTTGGATAACATTT,549
CTGAGTAATGGAAGCA,549
CTGCATCTAGAGGCCA,549
GAGCTAGCTTCACAAG,549
GTAATTCTTTGACAAG,549
TAAACAAGGTACGATT,549
TAACAAAGGTTCAAAA,549
TATGGAATATAAAGCC,549
TCACAACTAACCTAAG,549
TCCTACACTTATAATA,549
TGTATTTGGATAACAT,549
TGTGGCTTTCATACAG,549
AAAGCAATAATAGACT,548
AAGCGATGGGATTATG,548
AGCTACGATTTTCAAA,548
AGCTCTGCCTAAGAAA,548
CACATTTAGTAGCTAG,548
CACGCCTTGCACGACT,548
CGGAAGCAAAAATATA,548
CGTTGTCTGCACTAAC,548
CTACGAGTATTAACTG,548
CTCAGCCTTATTCAAA,548
TAACAACGACTACACG,548
TAACGTGCAACACCCA,548
TAATAGTACCACATTA,548
TACACATACAAGTGGC,548
TAGTACGCTTACTACG,548
TATAAGCTCCAAAGTT,548
TCGCACGATATAAAAA,548
TGAGATAACGCCTCTA,548
TGCAAACTTTCCCCCG,548
TGGCACTTTTCACCCC,548
AAACATCGAAAGTCAA,547
AACACCATCTGATGGA,547
ACAACATGAACATGCC,547
ATAGTGGATAGCCTAC,547
ATATCCAATTTTCAAT,547
CAAAAGACTAGACGCC,547
CAAAATGGACCTACAA,547
CTAATGGGTAGTAACT,547
GAATGAATTTGAAACG,547
GACAACGCGATGAGCC,547
GACAATGTCGAACATC,547
GATATGCAAAGCAAGG,547
GCGAGGAACTAAACCA,547
GGTCTATTAGCTCACA,547
GTATCCGTAGGTGTAC,547
TATAAGAAGCTCCCCA,547
AAACACACATCACCCG,546
AAACTCTTTAACAAGG,546
AACAAACATCACGAAT,546
ACCCCCCTGTTCGAAC,546
ATCTGTACATGTCTGA,546
ATTTGCGTAACATAGC,546
CAAAAAGAAAAACCAA,546
CAAACCGAATACTTAA,546
CCAATATAATACAAAG,546
CCGAAAGGCCCAACGT,546
CGTATAGTATACTCAA,546
CTCACCGACATCACAC,546
GAAATATAAGAAAACA,546
TAAATACTTCAACACA,546
TAATTAATCGAGGCGT,546
TAGAAAACCTAAGCGT,546
TTAATTACGTCAAATA,546
ACTGACTCAATAACAG,545
ATAAGTGAAATCATCC,545
ATATGCTTATCCTTAT,545
ATGGTCCATAAAGTAG,545
ATGTGAACGAGGTCAC,545
CATAATTTGTGAAACG,545
CTGAATAATACTGAAT,545
GATCCACGAATCTAAT,545
GCGAAATATTCTCGTC,545
GGTTAACGGCAGAATT,545
GTCCTGCGTATTCCCT,545
TCTTACTGGCCCCATG,545
AAATGAGATTGCCACA,544
AACGAAAGACCAAGAA,544
ATCCAAGATTCACATA,544
CAAAAAATACGTCACT,544
CAACAGTACAATACTT,544
CAATTGGGCAATTAGA,544
CGGGTAAACAGATATC,544
GAAAAGATACCGGTAA,544
GAATAATCGAAATGTC,544
GATTGAAAAGATAATA,544
GTCCGTCTAAGTCTAT,544
TAACTATAAACGAAAA,544
TATAACCAGTTAGGAT,544
TTATCTACCTACCGGG,544
TTTCTCAACCCTACAA,544
AAAAGCAATAAAAACA,543
AATCAAGCTGGCTTAA,543
AGCGCAGTAACTAAGC,543
ATACGACATATTAAAG,543
CCATACCAAGGAGGAT,543
CTAGCAGTGAGTTTAC,543
GCTCCCATCTGAGATA,543
GTGCTAAAAAAACAGT,543
TAAAAGTATGAAGATC,543
TAATCAGGGGTTCTGG,543
TATCCTTGTGATAATA,543
AATTTCCATCAACGTT,542
ACCACGCACCTATCCG,542
ACCTTGACACGGCACG,542
AGAATTTCGTATAAAA,542
AGATTGACAAAAATAT,542
ATCCTAAAACCAACTT,542
CAACGTCCCGTATCAG,542
CTTCGTGAAAGTCAAA,542
GAACGTGTACTCCGGT,542
GAATAACAGCCAACTA,542
GACCAAAAGAGTATGC,542
GATGATATTATAACTT,542
GGTGTAAATACCATAC,542
TAACGTAAATGATTGT,542
TAGATTAATTGTAAGT,542
AAGACGACCATGACGA,541
AGAATTTACTTCCCTA,541
AGCCAGACCAAATAAA,541
AGCTCAGCTTCCAATG,541
AGGTAACAACTTATGG,541
AGGTTAACCTGCTATG,541
AGGTTGTAAAGGTCTT,541
ATCAGATGACTAATAA,541
GAAACTAAGGACTTGT,541
GAAGTATTAATTGATG,541
GAGGAAATCATAGCGC,541
GATAAACTAAAGATGT,541
GATGGATTCAGCCCAT,541
GCTACTACTCATCAAT,541
TAGAAAAACATAACAT,541
TATTACACAAGTGCAG,541
TGCAGTTAACCTTAAA,541
TTTTATACCACCACAA,541
TTTTCGAGGCTCTATT,541
AACGACCTATGAAACG,540
AATCAGCTTAACGAAA,540
AGACTAATCAACCACA,540
AGATAACATTACCCTC,540
ATCTCACAGTCAGGCA,540
ATGTTAGAAGCTACTT,540
ATTGTGGAACACTTCT,540
CGATGAGTTATTCCCG,540
CTATACACGAGATGGA,540
CTATTCATCAGATTAT,540
GCAAGATATCATTCAA,540
GGCCCATCGGTGCGAC,540
GGTGTCCAATTCTCGA,540
GTTTCTCAACTGATGC,540
TAACCCAACTAAACAT,540
TAAGGGTACCCCTGGA,540
TACCCATAGAGATTAA,540
TACCGGATTCACAAGT,540
TCAGTCTATATGAAAC,540
TGGAATAAAATCTCAA,540
TTTAAATTCTTATGCA,540
TTTGATAAGAAAACTC,540
AAATACCCTCAATTTC,539
AACCGAAAATAAGGAG,539
AAGCAGGAGCATTACA,539
AATACCGTATATTAAC,539
ACGCCTGGTACAAAAA,539
ACTAATTAGTACGACA,539
ACTTTATATAAACGCA,539
ATAAGCAGTCTCGACA,539
GGAACCCGCCAGAAAA,539
TAGAACCTGCTACCAA,539
TAGAATACGTAACCAA,539
TATAAATTCGTTAACA,539
AGAGAGTACAGCAATA,538
AGCTGAGGAAATTTAC,538
AGTCTAAATATCGAGG,538
ATGACACTACAGTATT,538
CCTCACGTCGAGTAAT,538
CTCTAAGAAAAATGAT,538
GACCCTCAAAACCCTA,538
GCGACGTAAGTCGAGC,538
TCAGCTATTTCAAGGA,538
TCTACATATCCTCAGG,538
TCTTACTGTTTCCACT,538
TGAAAATTTTACATTT,538
TTCACCTTCATATAGA,538
TTGAAGATTCAACGGC,538
TTTCGCTGAACAAACC,538
AACAACATACAGTGCA,537
ATCGAAGCTACAGTCT,537
CAAAACACAACAGACG,537
CCATGGAATTTATCCC,537
CGAACCTAGCGACCGG,537
GCCAGATCAATGCCAA,537
GCTTCATAAGAACCAC,537
GTATTACTTCTCAGGA,537
TCTAATCCTATCTACA,537
TTGAGACTACTATAAG,537
TTTTCATTGCAGGCGT,537
AAAAGGTCAAAATCAT,536
AAACCAGGATAGAACT,536
AAGTTCGGTACAAGTT,536
AATCACAAGATACCTC,536
ACAAATTGAATGGAAA,536
ACAGCAATATAACATA,536
ATCCCTTAAAAAATGC,536
ATGGCCTAGGATTCTC,536
CAAAGAGTGTCCCTAC,536
CCCCCACTATAGTAAT,536
CCCCGTAAAATCTAAG,536
CCCTGAACGGTATTGT,536
CTAGTGGTAAAACACT,536
GAGACTGGTATTGACA,536
GAGTTCTCTGTGGCAA,536
GATCCAAATTTAGGAG,536
GCCCTCAGCATCCAAC,536
GTAACCTAGCTGACGT,536
GTCGACAAAGCATTGA,536
TAGCACTCTTGATGGA,536
TATGACCAATGTCACT,536
TGAAAAAGTGCAAACG,536
TGTATCTAAGGAACCG,536
TTATTTTAATACAGAA,536
TTGCATTTGCGGATCA,536
AAACTCATCGACACCG,535
AAGGTTGGTGATTGTT,535
ACAATAAAAGTCATAT,535
ACAATACTTCAGTAAA,535
AGCCTTATGCTTATAC,535
AGTATTCTGCAGCTTA,535
ATACATAACGAATCAA,535
ATCAGAAGAGTATACA,535
ATCCTAAAGAAACTAA,535
ATCGACACTCAAGCGT,535
CAGAAACTTGTAAAAT,535
CAGTTAATAGTATACA,535
CATAGACACGCTTCTA,535
CGGCAGATTTCTGCGC,535
CTTGCCACTGAATAGG,535
GAAGGTTTGTACCATA,535
GACAAGTCACAAAGAG,535
GAGTCGGACTAAGGCC,535
GCACAGAAGCAGCCCC,535
GTAACGAGGGCGACAG,535
TAAGATCATCATACAA,535
TAAGTTTACCTTTAAC,535
TATGCTCTTAGATATA,535
TGACTCACAGACAGGC,535
TTATCACTGTAATAGA,535
TTGAAATTCATTATAT,535
TTTCGATCAAATTCAC,535
AACAAATCCAGAACCT,534
AAGACTGATGTTCGAG,534
ATATAAAAAAGACTCA,534
ATATACCATAAAGCAA,534
ATCTCGCAGTGATTAT,534
CGAGGTGTTCCGCCAC,534
GACGTGGATAAAACAA,534
GCTACAAACAATAACG,534
GTGTTCGATTGTCCTT,534
TAGAGAAGACTCGTTA,534
TCAAACCTAACAGTCA,534
TGACTAAAGGCTGATT,534
TGGATCTTTGTGACTT,534
AAATGCAATACTGAAA,533
AATACAGATACGCCGG,533
CATGAGATATATAGAA,533
CTATCAACACCGTTAA,533
CTGAAGACATCTTACG,533
GAGGTTTTGGACAAAT,533
GCAAGTAACGACTATC,533
GCACTAACCACGACGA,533
GGCATAGCTGGTGGCG,533
TAGATACTATTAAGTA,533
TAGCTTAAAACTTTTA,533
TTTTACGCATAATGCG,533
AAATCTTGCAAGCCGG,532
AAGGATACACCCTCGG,532
ACACGGACATGAAAGC,532
ACGGAACCTAGACAGC,532
AGACTGTAGACTGATC,532
AGATAGATAAAAATGT,532
AGCGGAGTTCGAATAC,532
CGGAAGCCAACGGCGG,532
CTCCTGGGCCAATTTA,532
CTCTTGAAGGCGCGAA,532
CTTACCTGTCCAGGAT,532
GCACCCTTAAAGAAAT,532
GGACAGCGATACATCA,532
GTGAATTCAGACCATT,532
GTTCAATGATACTAGG,532
TACACACTAAATCCAC,532
TACGAAAGAACTAAAT,532
TACGATATCCGCCCTA,532
TCTATTAAATATCTAA,532
TTACTAAAAGGCGACG,532
AAATCCAAAACAAGTG,531
AAATTTGTCATCAGGA,531
AATCCCTAAAGAGATA,531
ACTCCAGTTGCGTTAG,531
CAAAAAGAACTCAAAT,531
CATTGATCTCATCTGA,531
GATTTTGTCCACAAAC,531
GGGTGGCCACCCCCCG,531
GTGACAGAGGAAAATG,531
TATAAAAGAGCTTGAA,531
TCTGAACCCAAAAACT,531
TTCAGAATACTAACAA,531
AAACTTCAACGTGGAA,530
AACATGACGGCATTGA,530
ACACCATTCATCTAAT,530
ACTCGTAAACTTCCTC,530
ATCACTAGTCAGTCCA,530
ATGATAATAAACCAGT,530
ATGCGACAGTATCACA,530
CCGGCTAATGGTAAGT,530
GCATAAAGATATTTAT,530
GCTACGACAATCATAA,530
GGTAAGACGACGTACG,530
TACAACAAAAAAAAAA,530
TACATCACATGGATCC,530
TACGATTCGGTCCTCT,530
TACTGCATGATTCAGA,530
TGTTTCAAGCACTGAT,530
ACACAGTCGTTTAATT,529
ACGTGGAATGGAGTAA,529
ACTTCTCTTATATGTA,529
AGAGCATTTAAAAGTA,529
CCTTCTATTCAATAAA,529
CGTTGAAGCGTCCATA,529
GAGGTTAATCGTATCC,529
GATTCATGATTAGGCA,529
GATTCTTTATATAACC,529
TATGCCACTTTGTGCA,529
TGTTACGGTCGCACAG,529
TTTAAATGGTAGGCCA,529
AAAACGTCGCTCTGAA,528
AAACTGATAGACGCAT,528
AATATACATAAGTAGC,528
AGCACCTACAAAAAAA,528
ATGACTATGAATATTA,528
CGATAATCTTAACTAT,528
CTATAACCACCCGCCT,528
CTGCACTGAAATTGAA,528
GCATTGCCCTAGCGCA,528
GGCACACTAAGATTGA,528
GGGAATAAGAGAGGAA,528
GTCAGCTTGGTAGTCC,528
TAACAGAACTGCAACC,528
TTAATGATAGGCATCA,528
AACTGCGATGACGAAG,527
ACAAAAGGAATAAAGC,527
ACATCAGGCTAAACCA,527
ACCGAACGCCCAAACA,527
ACTTCCAATTCGATCG,527
AGGCCTAAATAGAACA,527
ATATACCTATTCTAAC,527
ATCAGAACTCCGCAAA,527
ATCTAATCCCTAGAAA,527
CCAAAAAGAACAAGTT,527
GGAGCACCTGACAAAG,527
GGTACACAGCCCGACC,527
GTTTATATAAGCAGAT,527
TGGCAGTAACGTCTGT,527
TTGGTTAACGTACACG,527
AAACTGACTCGTGTTT,526
AACCATTCTTGACTAA,526
AATTGGCGTAAACTTT,526
ACCCGAGACCCATGAA,526
AGGACTACATAACAGA,526
AGGGAAAGCTATCATT,526
CCGACCAAGGGCATAG,526
CCTATACACGGGAGTG,526
GAAAAACAACGCCATT,526
GAAATGATAGCTACCC,526
GAAGGGATATCGTTTC,526
GCAACACTAAACAGTA,526
GGAAATCCATAACGCT,526
GTCCCTTGTTTAGAAA,526
TAAGCCATCCAGCCAA,526
TAGATGAAACTCAATA,526
TCATTATTTAGGACCT,526
TGTGAACGCCAAGGTC,526
AAACAAGAGTTAGTCG,525
AAAGGCTCCGTGCTAA,525
ACCAATACTACTTATT,525
ACGAATCGAGCTGTAC,525
AGCAATATCTTTACAC,525
CGTCTAAAGTAAAAAA,525
GATGCTAGGAACTTAT,525
GCGACATGAAGCACGT,525
GGTTCTAATGTAGCAC,525
GTCAAATTCTCAAAAG,525
TAATTCAAGCATCTGT,525
TAGATCAGTATACGTA,525
TCAAAATAAAAATTAA,525
AAATCACTTAACACGT,524
ACCGGTCGCAACTCCG,524
ACGCACCGAAGGCAGC,524
ATAGAAATAACGGAAA,524
CAAGACCGTTCTGAAG,524
CCTTGAGCTTGGATTT,524
GGGATTTACATGGAGT,524
TAAATTAGTCGAATAG,524
TAACAAACCGTAAAGG,524
TAACATAGTCCCTGCC,524
TACTCTAATTTGGAAA,524
TAGGCTCGAATTCACT,524
TCAAATAATCTGCCCA,524
TGAAGCACCTTATAAG,524
AAACTTAATGCAAGTG,523
AAGCTGAGAGCCACAT,523
ACACGATAGTTCAGGT,523
ATAAACGTTGACTGGC,523
ATGATTCCCAGAATAC,523
ATTCAGTAACAAGCGA,523
CCTTATAAGCTGGTTT,523
CGTGATTTGTACTATA,523
GATTTGGTATATACAG,523
GCTAAACACTACGGAC,523
GTTGTAAGATGGACAC,523
TAGAGTATGAACCATT,523
TAGGATAGCCTCGCAA,523
TATCCTACTCCCAAAA,523
TGCGTAATGAAATCGA,523
AACAATTGATAGCCCA,522
CTATAGACAAGTACAC,522
CTCACATCAATAAACA,522
GGAAAACCAAGCAGAA,522
CATCGCTTAACAACGT,521
CCTAACATAATCCCGC,521
CTTCAATCAAAGTCTC,521
GAACAACTTGTATTAA,521
GATCTACGTGAACATC,521
GATGAACCATATCCAA,521
GATTGCAATCGGAAGA,521
GTTGCCTTCCCTGGTA,521
TAATAAAGTCTCCCTA,521
TAATGTTGATGCCGAT,521
TAGAAACAAAATGTCA,521
TCCACTAAGCCGATTG,521
AAAAACATTCTTAGAC,520
ACACTTAGTAAGAGTT,520
ATGGGGCTAAAACTCA,520
CAAGACCAGGGAACCG,520
CATATTCAGAGTATTA,520
GAAAAAATGTCCGGCG,520
GAATCGCGCTTCTGAC,520
GCGAAGAAAATCGAAG,520
GTACCCCGAACGGACA,520
GTCATAGGACAAATCA,520
TAAGAAACCGAAATGA,520
TCACGAAGTTCCAGAT,520
AAGTCCGTAAATCCTG,519
AATAACCCACTATCCA,519
AATGCACCGTAACACT,519
ACCACACACTACTACT,519
ACTACGCTATGTCTGA,519
ATGCCAGAACCAGATA,519
CTATGGTCCAAACTAA,519
GACCCGACAACGCATT,519
GACTACGCAAACAAAA,519
TAAAGACTTGAACAAT,519
TAACTACGAGAACAAT,519
TAGCAACCTCGGGGCC,519
TAGCCAGGTATGCCAC,519
TGAACTTCTAAAAATC,519
AAATAGTAATACTGCA,518
AAATGAAATAAAGACC,518
AACATACACTAAACGT,518
ACATTGTGTAAGGGCA,518
ACGACTAGACCTGTTG,518
AGATAGGTTGGGTATT,518
AGGCAACAATGGTGAA,518
ATTGAATTAGGAGATA,518
CCTAAGCAGCTTAGCT,518
GAAAAAACACCAATGT,518
GAAATTTAACGTTTTA,518
GGAACGTGGTCGAAGT,518
GTATCACATAAACAGA,518
GTCACATTATACGGTT,518
GTTTAGATAAATGACA,518
TAACACGTAGCGGAAG,518
TACGCCAGGATAAGCT,518
TTAATCTAAAAATGCA,518
ACTCAGAACCGTGATA,517
ACTCATTCAACGATCC,517
AGATAGTTGTATTCAT,517
ATATCAGGATTCTCGT,517
ATGTCACTCTATATAA,517
CAAAACGGGTCAATAA,517
CGCATTGCTAAGCTTT,517
GAAACATATTAAACGC,517
GGACTTATGGTAGAAT,517
GTCACCGCATATTAAA,517
GTGCAACAAGGTAATA,517
TATACGAAGCAAAAGA,517
TTTGAGTTGGTATTTC,517
AAGATGACGCAGAATT,516
AAGGGGAATTCTATCG,516
ACCTTGACTCTGGTAA,516
AGCACTTAAAAATTAA,516
ATTTGGTCCGCCCACG,516
CATTATATTTGTAATA,516
CTGGAAAAGGTCACCG,516
CTGTTACTACAAAAAA,516
GAGAACCGCAATTACA,516
GGAAGACTCTAACCAA,516
TTCATTTGTACCCTAA,516
TTCCACTAACAAACCG,516
AAACTGAGACAAAGTT,515
AATAGCAAAAAGAAGA,515
ATTGAAACGTCGGCCA,515
CAATTGTTGATAACTT,515
CATATTTAAACCGATA,515
CATCTTTTCAGAATGA,515
CGGAGCTTATATCTGA,515
GGTGAGGTTACAAATT,515
GGTTGTAAACCTACAC,515
GTAAGCCTACTCAACA,515
TAAAAGCTCTAACCAA,515
TAAACCTAGGGTACAA,515
TCAAACCCCTGGGTCA,515
TTTGTAGGCTATAGTG,515
AAGTTGAAAAAGAAGT,514
ACAATTCCCGCGATTA,514
ATATTGATACGAACAT,514
ATCATAACCTGCTATA,514
ATGCCAAATCGGTAAC,514
ATTCTATAGGGGGACA,514
CAACAATCTATATACG,514
CAACGTCGCAGCTTAT,514
CCCCCCGTCTTATGAT,514
CCGTTGCCAGCATGTT,514
CGGAATTCAGAAAGAC,514
CTATCTATGGTTAATT,514
GATTTTTATGCATAAA,514
GTTGCACAATACTGCA,514
TAACCTTAGAACCATG,514
TAATTTGTGGATTAAG,514
TATGGGAGCCTTGGAT,514
TGAACAAAATTTCTAA,514
TGATCTACCCAGTACC,514
TTTAAGACAAAACTAC,514
AATAATAGGAGTTTAC,513
AATTATACACAGCATT,513
ATGAACAACAATAGAT,513
CATAGACTATATAATA,513
CGACCGCATTTTCGAT,513
CGTCTCAACCAGGAAT,513
GCACCACACAAAAAAA,513
TAATCTCAAATATCGT,513
TCATAATTCAATAATT,513
TTTATGCGATGCTCTG,513
AAATCTATCGAAAATG,512
AACCAAATCGAAGAAG,512
AACCGAGCACAGACGT,512
AAGCATCGTACATACA,512
ACATAATCGCCGTAAA,512
ACGTTCCGCAAGTAGA,512
CACACAGGCAACGAAC,512
CCACAAAACCAAAATG,512
CCATTGAAATACGTAT,512
CTAAGAATTGTCTTGA,512
CTAGCCTACGACACCT,512
CTATGCACATGTCTCG,512
CTCAAAGAACGTGTAC,512
CTCCTCTTAGGTACCT,512
GGGGTGATCAGTGAGA,512
TCTACAAACATGTGAT,512
TGGATATCATACGAAT,512
TTCTTCACCTGAAAAA,512
AAAAAACTCTGTATGA,511
ACAATAACAATTTATT,511
ACTAAAACTCACAAAC,511
AGGATCCAGTAGGAAT,511
ATAAAAAACAAAACTG,511
ATAACCCCTTTCCGAT,511
ATCCAAGCCCAAAACC,511
CACAAACATAGTTGAA,511
CCGACAAATTTCCGCG,511
CCTATTATAGAACAAA,511
CGCAATTAAAAAGGAT,511
CTTCTTCAGTCAGGGC,511
TCCTACGATCAGCATG,511
TTGTTTCATATACACA,511
AAAAATATTATGGCAA,510
AATACTCAGAATGAGC,510
AATGTCTTGCGCACAC,510
ACCGAAATAATTCACA,510
AGCAGTAGGTATCTTA,510
AGCGCGAATAAAAAAA,510
CATACCCAGATACAAT,510
CCATGTAAAAACAGTA,510
GAAAAAAAATCCATAA,510
GCACAGTGCCATATTC,510
GCCGATTTTGTTGGAA,510
GTCCAGGCAACATCGC,510
GTGCGGCTTCATTCTA,510
GTGGACTAAAGTATAT,510
TACAAAAATGAAGCCC,510
TGAACACTTAAGCTCG,510
TTCTGACTGCCAAGAC,510
ACATGTCGGGTGAGAC,509
CACATCCCAATAGATC,509
CACTGATCCAAAAACA,509
CTAAGATTAATAACAC,509
GAAACTAGCCTCTCAA,509
GATCCTTAGTCTGTAA,509
GATGATGAATAGAATG,509
GGAGAATTACTCTCTT,509
GTACGGCCGTACTTGT,509
GTATAAACACAAAGGG,509
TACAGCTCCTGCACAC,509
TATGACTAATAGTTGA,509
TTGGCTCTCCAAAGGA,509
AAATTAGTCAGGTGTA,508
AACAGACCCAAGATAG,508
AAGAATCCCCCTGATC,508
ACGGAATGTTTCAAAT,508
ATGTATCTAGCGCATA,508
GGCCTACTGCTAAGAT,508
TCACAAGGGGTAAGTG,508
TCCCCCCTTCCCTTGT,508
TTCGAAATGATATAGC,508
AAAACCCCAGAGGAGT,507
AAAAGCGAGCAAAACC,507
AAATTTTCAAGATCTA,507
AATAAGAGTATAATCA,507
ACTACGTTCTTTTAAT,507
ACTTTGACATTTAAAT,507
ATTTTATATCTAAATT,507
CCATGTTGTAATGAGA,507
CGTAAGACGATATAGT,507
CTAGACGCATTTCACT,507
CTCCTAGTACGTAACC,507
GATCAAACTGAGGTGT,507
GCCATTCAAACAGACC,507
GCCCACAACAGACATA,507
GCGTCACGACGAAATA,507
GGAATCTATAATGCTG,507
TAGATATGATGTACCT,507
TATAGCGGACAGAGTC,507
AATAGAGGCTGATTAA,506
ACGGATTAAACTTAAT,506
ACTCAGGCGGATGTTG,506
ACTTGTCCCAAAAAAA,506
ATATTTAACTTCGTAC,506
ATCTGAGATGCAAACT,506
ATTGGGTATCAAAACG,506
CATGTGTTGGTAAAAT,506
CTATACTCCGTCCCAA,506
GAAAACCCACCTCTTC,506
GAAGGCTCATGGTACC,506
GATACTTAATACCTAC,506
GATGATAATATTAGCG,506
GGCATAGGCAACCCCG,506
TAATTCACGCAGTGAG,506
TATAAAATTGCTAAAT,506
TATAACGTAAAGCTTG,506
TTGGACCCTACATAGA,506
AACAAAGGACTCGTAT,505
AACCATCTAGAGCAAT,505
ACATTTTCATCTAGAT,505
AGGCAATTGAACATCT,505
AGTAAGTGACCACTAT,505
ATAGAACATAAAGACG,505
CAGAATATCGATATAC,505
CAGCTTTTTCGGCGAT,505
CCACAACAAAAATTAG,505
CTGCAAAATCTACACA,505
GATACGGGATGGAAAG,505
GATCAACTTTCAGACC,505
GTAAACTAATTTCGTC,505
GTAGGCCCAGATCCAT,505
TAAAAATACGGGCTAC,505
TAATGTGAGCAACAAC,505
TACTCATAAACAATAT,505
TATTCCAGTCCCGGGG,505
TGAACCTTCATCGCTG,505
TGCGATAACATGTGCG,505
TTGGGGCATCATACTC,505
AAACCACCCACTGGCG,504
ACAGGGAGGCGTTTCA,504
CATTCTTTGTATATGA,504
CCCTTAGATTTGACTA,504
GTAAGTTTGGCCGGGC,504
GTGAATTTGGCCAAAA,504
TCTCTTGTATACTTAT,504
ACAAGAGTCGGAGTGA,503
ACGCGGCTTATCGCAC,503
ACTTACGGATCCATAG,503
AGCAAGAAATAAAAAG,503
AGCCGGTCCAACATTA,503
ATTAATATAAAACATC,503
ATTCCAAATTAAATCA,503
CAACTTAAGTAATTGT,503
CATTATGTAAATCCCG,503
CCCCACCATGTGAGTC,503
CTGAGTAGACACCAGC,503
GACAGACCAGCAGACA,503
GGTAGACCTTGATTAA,503
TAGTAGAAATAATATT,503
TATCACTTTGTAAGAT,503
TGGATAACAGATATAA,503
TTAGCGGATCGAATCA,503
TTGTATGATACAAACG,503
TTGTTACAAGACAGAA,503
TTTTACTACTCACCAG,503
AGAAAAAATTAAGTAG,502
AGCGCTCGTCGCGATA,502
AGCGGTTGCATTTGCA,502
AGGAGACTAAGGCATC,502
ATGATCAAACCCTTCC,502
CAAAAAGGTCCGAAAA,502
CTAACAGTCCTTTACT,502
GGCGAAATCGTTTAAA,502
TAACCTGCTCAAACAT,502
TAAGTTTCCCTCCTGC,502
TATCCTGGGCCACGGA,502
TATGAACCGATTCTCA,502
TCAAAAGATGTTGAAC,502
TGACAGCATGTGTAAT,502
TGAGTACGCCATTTCC,502
AAACAAAAATAGTAGC,501
AATTAAAGAAAAGTAC,501
AATTCAAAAACATGAT,501
AGAACTGTACACCCAA,501
TACAACAGTTTATCGC,501
TACGAGTCCGGTCCAT,501
TAGAACCTTAATCTCC,501
TATGGACTTCAACCTG,501
TTCTATTTTTAGCTAT,501
ACCCGTTGGATATGAA,500
ACCTCCAAACCCTGAG,500
ACCTGGATGGGATGAA,500
AGATACGCATTCAGAC,500
ATACGACCTGCATAAG,500
ATCGTATTGTATCGCG,500
GTGTATCAAATAAAAG,500
TAAAATTCCTGAAGTA,500
TATTAACCAATCCAAC,500
TCGCATTCCAAGTGGT,500
TTGTAACAAAGAGGTC,500
TTTAATACAACTGTTA,500
AAATGCATTGAGGATT,499
AAATGTCCCGAATCAT,499
AACATAATACTCCGCA,499
ACTTGCGTAAGAAGCA,499
AGACGCTAAATATTAC,499
ATATGTTAGTGGGTTA,499
ATATTCAAAAGCCGTA,499
CCCTCAATGACTGCCA,499
CCTATCAAATTCGCCA,499
GAATGTGCCGCAAAAA,499
GCCGTCAAACTAATTT,499
TCGATAATAATGACAG,499
TGTCCGATCCCGAGGC,499
TTTATCCAATTTGCAG,499
AAACTAAACCTCTACA,498
AAATGGCAAGACTTAT,498
AAGGGTTTCACTGGCT,498
AAGTAAATCTGAATTC,498
ACTAGGTCGCTGCAGC,498
AGTTAATACTGAGCAC,498
ATTACAAAAAGCTGGA,498
CTTACGGCTATAAAAC,498
CTTAGATTGACCATTA,498
GAATTATAACAGGCAA,498
GATATTGACCTGGCTT,498
TTGAGTGTAAAATGAC,498
ACTCAAAGTTCTTGCA,497
AGAGTTACCACCACGT,497
AGCATCTGACGCGATG,497
AGCCTTGGAGCCCTAA,497
AGTCATCCCTACATCA,497
ATGAGCCAGTAGTATA,497
CACGATTTCTCCATGA,497
CAGAATTCCCCCGGGC,497
CTATCTTTAAACAAGA,497
GAAGTTTTACGATCTC,497
GAATAGGAGGAAGCCA,497
GGACACCGTCCCGGAC,497
TACAGTTATGTAGAAT,497
TCTTAATGTAACCCTA,497
TGAATGCCGCTCGCAT,497
AACCTAAAATTCCTCA,496
AACTACATAACTGATC,496
AACTAGAATGATGGAT,496
AAGTCCGCGATCCCAC,496
AATAGTCCGGTAGCTT,496
AGACAATTATACGGAA,496
AGTAACACCGAGGGTC,496
AGTCCCGACGATAATA,496
CAATATTCGAACGAGG,496
GCGAATCGCCGTCAAT,496
GCTCTTGATGAACAAC,496
GTCGACTTGGTCCTTA,496
TCGCTCATCCATGACA,496
TGGATGGAAACGTAAC,496
TGTATAATACATAGGG,496
AAAGACCATACAGAAT,495
AAAGTCCTTTAAAGGC,495
ACTTGACATGGGAGTC,495
CACCGAGTCTCGGTAA,495
CATATAAGAGACCTTA,495
CATGCTATTGTACGCT,495
CCAAAATATAACTGAG,495
CCCCTACCTAGAATCG,495
GACAACAATACCTGGC,495
GATTATTACCGATCAG,495
GCCTCGATCACAGCCA,495
GCGCTGAATTCGGATG,495
GTTACATAAGCTACAT,495
GTTTATGCACATAGTC,495
TAATAATCCCGCATCC,495
TATAGTGTGCCGGCAC,495
TGACGAGGCATAGCAC,495
AAAAACATTATGAACG,494
AAAATCTGGGCGCCCG,494
AACTATGTCAAAAACG,494
AATGAATCCTAACCCT,494
ACAAACCATCTCAGAC,494
AGATCGAGATCTGCAA,494
ATAATAAGAACCCAGA,494
ATGATTTGACAATGGA,494
ATTCTTATGCACATAC,494
CAAGGGATAAACCTCT,494
CATCGGTATGTCACCC,494
CCGACTAGTTGTTTAC,494
CTAAATTTAAACGTCT,494
GACCTCGATCTGTGAT,494
GAGATCACATTACAAG,494
GATCGCTCATACTTTC,494
GTTCTAATAACAGGTT,494
TCTTATGCAGCAAGAA,494
TGACCACATTCTCACA,494
TGGCCTCGTACCCCCA,494
TTGTCAATTGAGAGGA,494
AATGCGTAGATATAGA,493
ACGGGAGGAATTTGGG,493
ATCCACCAATCAGCTA,493
CATCAAGGAAATTAAG,493
CTAAGATAGCATCACC,493
GAATCACATAGATCGC,493
GAGGGGGTCTGGCTTA,493
GCACTGTGTATTGATA,493
GCATAGGAAGCTCAAA,493
GTCCCAGCTCCTTAGT,493
GTTCATTCTAGTTCAT,493
TCAGAAGTGTAAACTC,493
AAAAAAACAGGGGCCC,492
AAGCAACATAGAAGAA,492
AATACTGCCAACAAGT,492
ACAAGATTACCGACGA,492
ACCCCTTAATTATCTA,492
AGTTAAAACTAACCAA,492
CAGTGTCTAAGTCCAA,492
CCAGGGGCAGCCATAA,492
CCTCATGAAGCAGCAG,492
CCTGGTTTTGTCGGCA,492
CTACTTGGGAGTCTTA,492
CTGTTAGCGAGCGACA,492
GCAATTAATAAACCAC,492
TAGAGCAGCATAGAGT,492
TAGATAATTCATCCTA,492
TGATTTTAGATTAATT,492
AAGTAAACACACATGT,491
AAGTAGTCACCCCACA,491
AGAATTTATATTGAAA,491
ATAACTCCTCTAGCCA,491
ATAACTGGCCGTAGAT,491
ATTCGCCGATATAAAG,491
CAGTCGTATACAAAAT,491
CTATGACTTGGCAATC,491
GGAGTCGTCCCTACTA,491
GGTCGCAAGTATCTCC,491
GTAAACTACCCACCAA,491
TAAATATGTAAAAATA,491
TCTAGAATTTCCGATC,491
TTAAAGCCATTAATTA,491
TTGCCGCAACGCTACT,491
AAACACGAGAATAGTT,490
AATACATGAACTAATA,490
ACTCGATTTGGCCATA,490
ATCCCTCGCGGGACAA,490
CATAGATATCGACCGG,490
CCTCAATGGAACGGGC,490
CGTCAAAAAACATTCA,490
CTAAAGGTGCATAAAG,490
CTACTTATTAGACACA,490
GATATCCTGAACCCTT,490
GTAGACGATGCGATCA,490
GTAGAGATACATTGAA,490
AAAGTACGCCAATTCG,489
ATAAATAAGTGGATAT,489
ATAGACACACCTACTA,489
ATTGAGTAAAATTCAC,489
CGCGCGATAAACCATC,489
TAAAAATAATTCTCCA,489
TCAATGGCAAACGCTC,489
TCCCGCGTAAACTACG,489
TGATATACACACACTG,489
AAACCAGTAGCCCGAC,488
AACCCCGGTAACTGCG,488
AATCGATAGGTTCATA,488
ACCTAAACACAAAAAC,488
ACTCTCGCTCCGCCTC,488
CAAGTGAAGACACAAT,488
CCTCACCCGAAAATAG,488
CGGAACAGTATGTATC,488
CGTGTTTTGTTAAAAA,488
CTAATAACGCTAAGAA,488
TACCGATGCGGCTTAT,488
TACTTAAGCCGTTACA,488
TGACTAGCCTTTGAAC,488
TGATGAAGAAGTACTG,488
TGCATATATTAGAACC,488
TTCAAAACTTCTAGAA,488
AAATTTGGGAATTAAA,487
AGCCTACAAAAGTTTT,487
AGCGGATACCATTGTA,487
CAAGGAACGACGTCTC,487
CCCACAAAGTTAATAA,487
CTCCCTGGACAGAATC,487
GCTAACAATTCCCTCC,487
GCTGGGGCTAAATGCA,487
GCTTTTGATAATCTAA,487
GGTTTCGTTACAAAAG,487
GTATAAAGCTATACTC,487
TAAGTGAAAATTACAC,487
TAATAGAACAAATGCC,487
TGTGTTATAGTCCAAC,487
TTAATATAAGGAGACT,487
AAACCACTTATTATCC,486
AACTACATTATAGCAA,486
ACATTTTAAAGTCACA,486
ACTTACAATACTGTGA,486
CCACGTTCCAGTCACT,486
CGTCATACAAACTAAG,486
CTTGATGAACTCAGAT,486
GAAGCTCTACCGCATG,486
GACGTAAGTGGGTCAA,486
TCAACATGAGATCGCC,486
TCTCTCGTTATTTTCT,486
AAACGACTAGGCTCAC,485
AGATATACTCCAAGGA,485
ATATACAAGTTTACTA,485
ATCAACGCAAATCGGA,485
CACGACCCAGCTCTTT,485
CGCTAAACAGGTTAAC,485
CGGAATAACTCGCATT,485
CTGCCTGCAGGTCCGA,485
GACGAATGAATGATAT,485
GCAACTTCAGACCGAG,485
GTACAACACTGAACAT,485
TAGACCGATTAACCAA,485
TAGTAATCTGATAACA,485
TGCGCGGTCAACAATA,485
TTAACTATTCACCCCC,485
AAGAAAGGACTAATCA,484
ACAGTGTAAGATTGCA,484
ACGCTAAAATTAGCTC,484
AGCGCTCAGTGTATAA,484
CTACGCACAGAATCAA,484
CTGTCAACGTCCAACC,484
CTTGTAAAACATCCAA,484
GAAAGGTGGGGTCAAG,484
GAAATACTACACGGAA,484
GACTAGGCTATAAATC,484
GTACACCGCAAATGGC,484
GTGAATTCAGAGGACA,484
TAAAGAAAGGCACCAC,484
TACAGTGTGCAAAGAA,484
TAGCAGGCTACGTCAA,484
TGGTATTGAGTACCAA,484
AAACATATTCTAAACT,483
AAACATGGGATGATCC,483
AACTAATAAGTAACAT,483
AATACACCCGACTACA,483
AGAAATTTACAAAAGG,483
ATAAAAAGTACACTGT,483
ATACCAAAATTAGAAT,483
ATTACAATGAAATCCC,483
ATTATCGCCATAAGTT,483
CAAAAAAATCTAAAAC,483
CAACTGAACCGATTAG,483
CATATACTTAGACCAA,483
CATTGTGAAATTAACG,483
GGGCGTAGATATAAAA,483
GTATTAATATAGAACT,483
GTCGAAATGAGATATT,483
TACACTCAAAAAATGC,483
TAGTGTAACATCCCAA,483
TCCTACGAAAGGCGAC,483
TTTCACACCTAGTTTG,483
AAATAGACCCAAAAAA,482
AAATCCTCTTATAAAT,482
AACAGCACTAGCTGTC,482
AAGCCCCTACATCGAT,482
ATAAAAATTTTTATGA,482
ATTATGGGTAAAAAAC,482
ATTCCCTATAAGTTAT,482
CAGATCGAAATTCTTC,482
CCCACAGCAATATCTC,482
CGTGAATACGTTTTTG,482
CTTTCCATTTATTACT,482
GAAACAAAGTTTTTCA,482
GCAATCGTAGACTCAC,482
TAACACAATCAAAAAA,482
AAAAGACTAAACCTAA,481
AAAATCTGAGTCCCTG,481
AAATTTAAGAATCGAT,481
AAGTTAAAGGCCATGT,481
AATCATCCTATAGACT,481
ACACGATTGGTAATAA,481
ACAGCTTTAGCAAAGA,481
AGGCTATGAATAACCT,481
AGGGGATAGTACGGTT,481
ATTCATTTTGTTTTAC,481
CTTGCATTTTGACACC,481
GCAAAATATATGATGT,481
GCTACTTTCGTAACAA,481
GGTCAGATTATTTTAG,481
GTTCTAATGCTCCCAT,481
TATAGAAACGGTCGAA,481
TCCAAGGTGGAAATGG,481
AAAATATCGTGAAGAA,480
AAAATTTAAGTTCGCA,480
AAGCCCCGGAATGCGC,480
ACCAACCGACATATGT,480
ATCTCGGAAATTAACG,480
CAAAATTCTGACTAAG,480
CAACTACTCTTGCACC,480
CAGGCGCCTTCCACGG,480
CATTATTGTAAGATAA,480
CCGAGAGGGGGACCTC,480
CGGGTGGCCTACCAAT,480
CTATTCGATGTCTGCC,480
GATAATACAAGACCTC,480
GCCTTAAATTATACCT,480
TAAGAGATTTACGACT,480
TCAATCCATAACCTGT,480
TTAATACACCAGTAAA,480
TTCCGAAAGACTCGGT,480
TTTACTATAATGGGAG,480
AAGCTAACGGATCTAT,479
ACGAAAGAAAACGATG,479
ACTTCTCTCTGGCAAA,479
AGGTCTCTGACAAACA,479
AGTACCTCGTTCGATA,479
ATTTGTTTCAAACATT,479
CAAACTTCTATTTGCG,479
CAGACAGATTCTCGTC,479
CATTTACTATAGATGA,479
GATAATCGTATTTCAA,479
GGGGAAGATGAGCTTC,479
GTTATCACTCAACTCC,479
TAACCTATTAAATAAT,479
TAATCTTTGCAAACGA,479
TGACTATCAGTATCCA,479
TGTCCCGTTAAAACTG,479
AAAGCCACACAGGAAA,478
AAAGGAAAACGTAACA,478
AATTAAATAGAACTAA,478
ACCTATGCTACTCAGG,478
CACGACTAATTTGGCG,478
GAGACTATCAAAAACT,478
GCCATCCCGCTCCTCA,478
TCAAACGGGTAGAAGA,478
TTATGCAGTACTCTAT,478
AAAAAAACAAGAAGGA,477
AAAATTTGAAACACAC,477
AGACATAAAGAAATAG,477
AGTAAAACAAACCAAC,477
ATAAAACTATCAAATA,477
ATAAAATTCGAACTCT,477
ATACAAGTCCAAAGCT,477
ATATCACAATAAGGGT,477
CAAACCACAACGAGTA,477
CAATCGTAAAGGAAGA,477
CCCCGATTAGAAACTG,477
CCGGTCCCCACTTAAT,477
GCCTGAACCACTGTCA,477
GTGCAAACCTAGGACG,477
TACAACAATAAAGTTT,477
TCATCTGGGTGCTCTC,477
TGAAAAATATCAAACA,477
TGACTGACATCTACAC,477
TTAACAGAAAAGATCA,477
TTTATAAATAAAAAGA,477
AACGATTGACTTAACC,476
ACCGAGAGTAAAGTCA,476
ATTCTATCGTAAACAG,476
CCACAAATTTGCTTCT,476
CTAACCTCGTTAAATT,476
CTTTAATGGAATTTAA,476
GCTAGTTTGAACGTTG,476
GTATGAATCTTAAGAT,476
GTGCCCTCTTAATGAA,476
TACTCATAATAAAGCC,476
ACAAAAACTATGAAAT,475
ACCCTACCATTTATTT,475
ATGAACTTAAAAGCTA,475
GATGAAGGAGAGCAGG,475
GTATTGTTAATACCCT,475
TATGGTTGAAAAACCG,475
AAAAATCGATTAGACT,474
ACATCTATTACTTAGG,474
ACCTGTTATATGCCAA,474
AGAAAAACACGTCACC,474
AGAATACTTCTCTTAA,474
ATACGGACTTCAGACG,474
ATATAATGAAAATAAA,474
CAAAAGCACTAATGAC,474
CAACAATACACCCCCC,474
CCCCGGAAAGTATCCA,474
CCTAGTACTCCTAAAA,474
GAACAAAACCTGCCTC,474
GGCTTAACCGAATTTC,474
GGTGGGGTAATCTGGC,474
TGACTGCACAGAAAAA,474
AAAAAGTGCCAGCATT,473
AAATAAGTGCTACATC,473
AACCATACAGTAGATT,473
AACGTCTCATTCAAGA,473
AATTATAAACATAATA,473
AGAGGAGCATTATTAT,473
AGGAGCTTCTACTAGT,473
ATATACAAAATTAAAA,473
CAAACCCTGTCGAGAA,473
CACCCCTAAATTCTAG,473
CACGTAACAATTGTGA,473
CGAATGCCCCAGAACT,473
GAAACCAATCATGCCA,473
GAGCTCAGTCAATAGT,473
GATAATTTATGTGTAG,473
GATCTGAATTAACCCA,473
GGGCGACAAAAGAGAT,473
GTAGATTCCCCGGGCC,473
TAAATTTATAGTCTGA,473
TAATTCAGAAGTCAAA,473
AAGCGCCAACATGCTT,472
ACATCAACGACCACAA,472
ATTAAAAATACCGATT,472
CCCACTAAATCAAGAC,472
CCGATATCCGCTACCT,472
CGACTAACATGCCATA,472
CGGAAGCGTCACTACA,472
GAGCTGTATAACACCC,472
GCATCGATATTACGTA,472
GCTACGGAAATTAGGA,472
GTCAACTAAACGTGAA,472
TCAGGATGCCCGATAA,472
TGTGACAATAATGGCT,472
TTGATCCCCACCAAAT,472
AACACTGACTATAGAT,471
AATACAAACATGTTAT,471
AATCCGAACAATCCCA,471
ACAATAATTTTTGGAA,471
ACTGCGTTAGAATAGT,471
AGACGCGGAAGATCAT,471
AGGATAGTTTAAGGAA,471
CAGCCACTGAAATACG,471
CATCGCGACAGATCAT,471
CTGACAAGAGAGTTAC,471
GATAGTTATTAAAGAT,471
GGGCTCCTTATTAAGA,471
GGTCCACAGCTTCTAT,471
TGAAAGACAGACCTAT,471
TTACTAAACTACAAAT,471
TTCAACGCAGCGGTAT,471
TTGACAATGCATTACT,471
TTGTAAGGGGTATTCT,471
AAGAACTATTGTTCGA,470
AATACAAAATTGAACC,470
AATGAGGTAATAACAA,470
ACCATTATTCTAAAAC,470
ACGTTAACAAATCAAA,470
AGTCGTCGGTGAGACA,470
AGTTAAATGCGGACCA,470
ATACAGATTAATACCG,470
ATTGACCGCAGCGAAC,470
CAATACTAGAGAGGCA,470
CCGAAACTAAATAAAA,470
GAAAGAAATTATAACT,470
GAAGCCTTAAGTCGTG,470
GACTATCGACAGATCG,470
GCAAGGAAGAAATTAA,470
GGAAGATCTGCTAATA,470
TAAAGCGGACATCACA,470
TCAACGCAGAATAGCG,470
TCGTTTACCTATTACA,470
TTCGAGCTTGTACTGG,470
AAAAGAATAATGCAAA,469
AACTATATAGCACGCC,469
AAGACAACGCCTCTAG,469
AAGGCACCCTATTATG,469
CCTCAGTCATCCTTAT,469
CGAAGTCCGTTAGTAC,469
GATACATCTAGCAAGC,469
GGCAAAGCATAATAGA,469
GGTCGAAAACTATAGT,469
TAGATTGCTTGTTCGC,469
TATATCTTTTTCAAGA,469
TCAATCTATCAATATA,469
TTGTATAGTGAGGGTG,469
ATAATGTGACTGGATA,468
ATCGATGGCTATTCTA,468
CCCCTTAATATTACAT,468
CGTAAGGATCGACATG,468
CTGATCATAATCGGCA,468
GACCAAGAATAAACCA,468
GCAATTCCCAAAAGTC,468
GGCCCCCTGATGGACA,468
GTAATAATATGTGCCA,468
TAAGATTGTAGGCTAG,468
TACGAACATTCAGAGG,468
TCGTAGCTTTCCATCT,468
TTACAACTAGCGTCAT,468
TTATACTTAAACCATA,468
TTTAACCAGCATCACC,468
TTTTATTTACCATACA,468
AAGTTTCATCTTTCCT,467
AGATCATGAAGCACCG,467
AGATGATAATAGTTCT,467
CCTCTAAAAATCTTCG,467
CGTAAACAGACTCGGA,467
CTAAATAAAATGACTC,467
GAGGAACGACTTAGTT,467
GGGCTCCTATCTATAA,467
TATGAAAGATAGACGG,467
TCCGAGACAAACCGAC,467
AACTTAATGCAGGTCT,466
ACCACGTAGCAAAAAA,466
ATTAAGTTAATTTCAT,466
CAAAAGGTTTGGCATC,466
CACAACTAAAACCTCA,466
CATAAAGCGATCGGCC,466
CATATACCATCTGATT,466
GAAACTTACGTCAAGG,466
GCAAATAATAACGAAA,466
GGTTTGGGCCCTATGA,466
TATATGGCACACCACT,466
TCCAATATCTGATAAA,466
TGTAACGGCTGACAAA,466
TTGTGCATGCGAGCTA,466
AACAAGTTTCTAAACG,465
ACAAAGAGATCCAGAC,465
ACGTATTTCAATGATA,465
AGAGGGGTGGGCGGGA,465
AGTAAGTCAGACTATC,465
ATAAAATAACATAATT,465
ATGGTGCTGCGGTTTT,465
ATTAGTTAGATTATAT,465
ATTTCGGGTTATTCAT,465
CCCGCGACCACGACAC,465
CTACAACAGAAAAGCC,465
GAATATAAGAAATGTG,465
GGTCCCTCATTACAGC,465
TACTTCAGAAACAAAT,465
TGCGTTATTCGATGAT,465
AAAAAGTATATTGACG,464
AACAAAATCTTAGAAA,464
AATTGTGTCTAAAGTG,464
ACAGCCTGATGAAAAG,464
ACTTAATTAAAAAAAA,464
AGGGCGCGAAGCGCAA,464
ATCATGATCTTATAAT,464
CATAGTTTCACCCTAA,464
CGATACCCAAACGAGA,464
GACGATTCTATAACCT,464
GAGAGCGTTACCATAT,464
TAAGTACATCACAAGG,464
AAAGGATCATAACAGC,463
ATTACTTAAACAATTT,463
ATTGCGTACCGCGCCC,463
CATAAGCCCAGTAACC,463
CATCTATCGCATGATA,463
CATTTTAATCTAAATT,463
CCCGGGAATAAAAAGA,463
CTACGAGAGTCTAATT,463
CTATTGCCTAACTACA,463
CTCTTACCAAGAATTT,463
GCAACTATAACTTCTA,463
GGCAAAACAATGAACC,463
TATCTTCTGGTTAAAC,463
TGCGCTAGACCCTTCA,463
TGCTTCTTACCGAATA,463
TTATCAACACATCTTG,463
AACATACCTAAAACCA,462
AATGCTAAACGAATAG,462
ACACTATAGGTACGGA,462
ATAAAACAAGTTGATT,462
ATCTAATCCTACTTTT,462
CATCTTCCTGCTATTT,462
CCGACTTGCGTCTTTC,462
CTCGAACCCAGGAGCA,462
GCAGCTCAGTGCCGTA,462
GCCCAAATTTTATTTC,462
GGATCACGAAGAAAAA,462
GGGACTGCGGCCCACT,462
GTGTTAGTTAACTTAT,462
TAACGCGCACGCCCGG,462
TAAGGACCCCCTCTAC,462
TAATTACACCACAAAA,462
TACTATTAGACACAGT,462
TCATACAAGCAAAGCG,462
TGGAAAACAAAGCAAA,462
TTATGTCGGCCCGCCC,462
ACGCCACGTAGTGGAA,461
ATGTTTCTAAGAATTC,461
CAATTCTAAAAGAATT,461
CCCACTCCAACGCGAT,461
GATTACTCCAACAGCT,461
GCATATACCAATAATG,461
GGTTGAGCAACACTTA,461
GTCATATTTAGAGTAC,461
TCAATTATTTTTTTAT,461
TTAAAACTACTCACTG,461
AAAAGTGCTAAATGAT,460
AAACAACGGGCGAACA,460
AAACTTGTAAACCTCA,460
AACGAAAGTTGAGAGG,460
ATCGGACAGCTTGACA,460
ATCGGACGAAAAAAAC,460
CAAGGACAATGTCAGA,460
CATCCGTATATATCAA,460
CTTCAATTCTCAAATT,460
GACTAGATCGAAAAAG,460
GATATGATCCCAATTG,460
GTCCTATGAAATAGTT,460
GTCCTGAAAACCCCAC,460
GTGAAAGGAACGTCTA,460
TAAAGACCTCTCTTAG,460
TAGTGCAAGTTAACCG,460
TATATTAAGACCCGAG,460
TGAGAACTAATAAGTA,460
TTAAATTAAAAATGTC,460
TTACGAAGCCACGACC,460
AACCCACATAAACACA,459
AAGCAATCTCGCATCA,459
AAGTACGTCTCAGAGC,459
ACATTAAAAAAAAGAT,459
AGCATCATTTTGATGT,459
CAATGACAATTGCTAG,459
CTCCCTCTAAAGGTAG,459
GAGGAATATCCTGTAA,459
GCTCACTTACACGGCA,459
TTAATACGCATTTCCT,459
TTATGTATGTCTGCAA,459
TTTAAACTTTTATCAG,459
AAACACGGGACCATGA,458
AACAGCGACGGCCCCG,458
ACATCGCCCAGCCAGG,458
ATTCTATTACGTTCGA,458
CAGGTCCACTAGACTT,458
CATTCAACAAAATTAC,458
GATCTCCAACAGACCA,458
GTAAATCCGGTCCAAA,458
GTCATGGAAATGTCTA,458
TCATTCGTAAAAAATG,458
TCCCAACCATGATCAC,458
AAGCACCGTCGGCGCA,457
AATATCAAACATTAAT,457
ATGATCGTGCGAAACT,457
CAAAGACAAGAATAAG,457
CAAAGTCACTTTTGCC,457
CTAATTTAATAGACAC,457
GAACAACTGTCGTGAT,457
TAGCAATAAAAAGACA,457
TTATGATGCATGCGCA,457
ACAAATATTATTTCTC,456
ACTCAGACCAAATTAC,456
ATAAAGGAAAAAAACA,456
CAAACATGGTGGCTAC,456
CAGAACTAAAGAGGAC,456
GACGTATAGACCCAAT,456
GCCATTGGAGATAACA,456
TAGTATGATCACACGT,456
TATCTATTAGTATCAA,456
TCGATGCCAATTAAGC,456
TTACTGTTTAACCCTT,456
TTTCACTATTACAAGA,456
AAACTTTATGCAGCTA,455
AACCTATTCCGTTCGC,455
AATAGGCGACATGAAG,455
ACTAAAAAAAGCAAGC,455
ATCAAATGGGAGGAAA,455
ATCTTTGTTTATATTT,455
CTAAAAGGAAAAAAAA,455
CTCACCAGGTTCTGAT,455
TCAGTTAACGTGGAGA,455
ACGCGACAGATTTAAA,454
AGGTAAATATACACCG,454
AGGTGCTATCTGTATA,454
AGTTTCAAGATTGTAC,454
ATTACACTTGGTGAAA,454
CAGTAACACAAGTGAT,454
CGGTCCAAAGCCAGTG,454
CTTCAAACAAGATGGT,454
GAACAGATAAAGTAGC,454
GGATCGCTTCACATGA,454
GTCCCATACCATCTAA,454
TATTGAACTTTTAACT,454
AACATTCCATCACAAG,453
AACTCTATAACGAACA,453
AGACAGCGGATTAAAT,453
CACCCCGTGACTCTAA,453
CCCACCGTTATGACCA,453
GAAAATGATACCTTCC,453
TACATCTACCACCAAC,453
TACCTAAAAAATAAAG,453
TCATAAAATGCTAGAA,453
TCCATGCGCCTTAATC,453
TGCGGGTTTATCATAT,453
AACAGACAATAATGCC,452
AATAAACACTAAAAAA,452
ATATTACCTAGCACAA,452
CCGCCACATAACATAT,452
CGAAAGACGCGCGGTT,452
CTCGTACCTAGGAAAC,452
CTTGGGGTCCGTAAAG,452
GCTCAGAACATGCCGT,452
TAAGCCCGTGTCCCTT,452
TACGTGGAAACAACTA,452
TAGCACAAGGAGGAAG,452
TATGTAAATATCAATA,452
TTGATACGTCCTCAGC,452
TTTAAACCGGGCAAAC,452
AATATGAGACATGTCT,451
AGAGCAGTAACTATCG,451
ATACCGAACCGCAAAG,451
CCCACGCTTTGTAAAG,451
GAAAACGACGGTTACT,451
GCACAAAAAAGAGCTT,451
GCGCCGACGCGGAGAC,451
GGCAAAATAGAGACTC,451
GTGTATCGTGGTACAA,451
TAATTCAATTAACGTC,451
TATAAAAAATACATAC,451
TCATTTATGACCTTTC,451
TCCAGACTTACTACTC,451
TTAAGCATGCTTCTAC,451
TTCCCAAACGTTAAAA,451
TTCCCACAAGAACCGT,451
CAAAGACACAGGATTG,450
CGTGAGTTTTTATGTC,450
CTAGCAGCCGTTCCAG,450
GAAGAGCCTTAATCTC,450
GCATACATGAACATGT,450
GGATTTATAATCAATC,450
GTAAATAATAGAAAGT,450
TAATACCATAGGCTTA,450
TAATGCGCATTTAAGG,450
TAGTCATTAGTAATCC,450
TCTGAGTTTCCCCGTA,450
TGTGCACCAATTTAGA,450
AAACACTGGAGAAGGA,449
AAGACACACCCACGAT,449
AATCCACCAACATATT,449
ACTCTAATAAACAATG,449
ATAACACTACGCATCC,449
ATCATCATGAACGATC,449
ATCCAGATGCGCTTAA,449
CAAATTACATCGAAAA,449
CACATAGCTATATTAT,449
CATAAATATATCTTAT,449
CCAATCGATTCGCCTG,449
CCCTAAACTCACTCAC,449
GAAAATAATGGCGTGA,449
GACTATATAAAGACAG,449
GTATCTAACGAATGAC,449
TCACGACCCGTCAAAC,449
TCTGACCCAACTATGT,449
TTCGAAGTCTATTAAA,449
TTGCACTAAGACTATC,449
TTGCCCATTTAACATC,449
AACCTATCAAAAATGC,448
AAGCGTTCTAATAAAG,448
ACGCAGATTCCAATAT,448
CAAGGTTTGATTCGTC,448
CATCAGGGCCCACTAA,448
CCCAAACTTTATATAC,448
CCGTTGAAATCGATAC,448
TGGAAATCTACATACT,448
TTAGCTAACGAGAACC,448
AAAAGTATCGGTTACC,447
AACAATGCAATAATAA,447
AAGCCCGGGTTTAAAT,447
AATGCATCAGCTTGAA,447
AGTCCCTAGATATGAT,447
ATTAACTCGGAAAAGA,447
CCCGAACTAGTCGAAA,447
CTATATAAAACTGGTG,447
GAAATAAAGCATAACA,447
GCCCGATAACCATATA,447
TAAAACCCAGCAATTT,447
TCACCTTAACACCTCT,447
TCTAGACTATTAAGGA,447
TGACTCACTATTCCTA,447
TGGTCACTTAAAGCCA,447
TTTAGAACCCAATCGT,447
AAATCAAATGGACCTC,446
AAGAAAACATGCGTAA,446
AATAGTGAAACACATT,446
ACCCGCGGTACGACAA,446
ATAACAGTGAATTAAG,446
CGAACTCTGCATTCGA,446
GAAGTCAAATACCAAC,446
GATAAGTAATCAGAAT,446
GCAACGAACGTTCATT,446
GCTTCGTCCTAAAGAT,446
TAGAGCAAATAGGAGA,446
TGAAGTAATAGCGTGC,446
TTGTAGTACAAACCAA,446
AATTCATTGACGCGTA,445
ACCAGGCAATAACGAT,445
AGTTTACGATATAAGT,445
ATCTAATACATCAAGG,445
CAATTGTTAAAGTAAG,445
CACCCAAACTAGCTTT,445
GTCCCAGCAAACAGAT,445
TAAAAGTCTTCCCATA,445
TAATAACTTGGTAAGA,445
TAATTGTGTGGATCAA,445
TAGCATTGCATGTCAT,445
TCCGAATCTTTGAAAG,445
TGCCTGCAATCTCTAC,445
TTGACGAGGGGAGACT,445
ACTAGTAGAATCTTAC,444
ATATCACAAAATTACA,444
ATCCCCAAGACCATCT,444
ATGCCCAGACGTAGAA,444
ATTTGCTATATGAAAA,444
CACACATTCGCCATCG,444
CAGGAAAACTTATCAA,444
CAGTCCAACGGTCGTC,444
CGAAATGCGAAAATAA,444
CGGTGTATGCCTGGCG,444
CTTCGTCATATAATTG,444
GAAACAAATAAGACTA,444
TACGAACTTAAAAAAA,444
TGATCAAAGCGAATAC,444
TTAACGAGTCTAACAC,444
AAAAAGTTAGTAAAGA,443
AAATTAAAGATTATAC,443
ACTTCACGTGAGTTAA,443
AGAATATTTCGATCTA,443
CATATACATTATGTTA,443
CGCTTAGCTATAATAT,443
TAAACCTTTGGAACAC,443
TAGGAGATACTACCAA,443
TGATGTTCACCGAAAT,443
TTTACAAGTAAATTAC,443
TTTCACCAATTTCTCA,443
ACGAGTTATGATTATT,442
ATACAGTTAGGTGGAA,442
ATCGTATCAGATTAAT,442
ATTAAACAAAATAGCA,442
ATTACTTATTATGATA,442
CCGGCACCTATGATGA,442
CGACTAATAACCCGAC,442
CGATTGCCATATCCTT,442
CGGACTAGGAGACCCC,442
GCTATACGTATTTCAA,442
TCATTAATGTAAGATG,442
AATGTACGTCATACCA,441
ACCAGTCCAAAGGCAT,441
AGCTAGAACATTAGGC,441
CGAACGCCAATTACAA,441
CTCTGAACCTAGACTA,441
GAAACGTCACTGGAGG,441
GACTCAATGCAAGACT,441
GTCATAAATCTCCGAC,441
GTGACACAGAAAACCA,441
TAGTACTGTAGCGCAC,441
AACATAGAAAGTCGCT,440
AACCCCTCCAAGTTCA,440
ACGCTGCACTATCCGC,440
ATACGGTAGTTTTTTA,440
ATTACATGCCTACTCC,440
ATTCCATATAACACCT,440
CAGTACTCAAGAAACG,440
CGTACAACCTTTGAAA,440
CTTTTATTCACCGATC,440
GAAATCTAAAATCCGA,440
GACGAATGGACACAAC,440
GATCATAAATACTGCC,440
GCAACGTACCGCTCAA,440
GTAAAACGATGTCGGA,440
GTAACTATACAAGAGT,440
TAAGCTGATTATCATG,440
TACAGGAGTCATGAAG,440
TTAAAATGATTAACGA,440
ACCACAACAACATAGA,439
ACGATGTCGCAGACAC,439
AGGAACCTCGGATTTT,439
AGGCCTAATCCGAAAA,439
CACTGAGTTCGGCAAA,439
CCACGTCAGGGCAATT,439
CGACAAGTCATCGAAA,439
CGGACGACGTATAACA,439
CTTCAATTCGCCAAGC,439
CTTTTGTAGTAGTCCA,439
GCGCAGATTATGAAAA,439
GGCAACGTTGACCCAT,439
TAACCCCATAGCAATT,439
TATAGCTCAGAATAGT,439
TCAATGCAAAAAATCA,439
TCCTCGCGTAGAAAGA,439
TTGAGATAAAATCGGT,439
TTTCAAAAATGAACTA,439
AAAATAAACCATGGCC,438
AACTATATCTAAAACA,438
ATTAAAGTTGAGATGT,438
CAGCAGTAATGGCAAT,438
CATGCCCACATAAGCA,438
CCTACTGAGCACCTAA,438
GCGAAGCTACTGGACT,438
GCTTTGAGAGAATCAC,438
GGTAAGTTTATACGTA,438
GTCAAGTATCTTAAAA,438
TCGTATAACTTGGCAA,438
TCTAAGTTTACGGGTT,438
TTCAATGTTTGCAGAC,438
TTTAAAGATTATATAA,438
AAAGCGAATAGTAAGA,437
AAGCGACATCACCAAA,437
ACAGTTGCGACACAGC,437
ACCAATAGCAACCTAT,437
ACTTGAATTTAGTTAA,437
CCCATGTCCGAACAAG,437
CCGAGTTGAAGCAATC,437
CCGGTCAGGCTAGAAG,437
CTACGAAGACTCAAAA,437
TACACTCTTTAAGCGC,437
TATACACTAGGTGAAC,437
TCCTACTCAGAGGTTG,437
TGGATACAATTGTACA,437
AAAGACTTTCCTTGTT,436
AACTATATATAGGATT,436
AACTGACGTAGTAAGT,436
ACTGTAAAATGTACAA,436
AGCGCGGACTTTTAAT,436
AGTTACATAATAGTCA,436
CGCCTAAACATTATGA,436
CTAAATAAGCTGGACT,436
GCAAATCTTAACCATC,436
GGAAATGCACACTTCT,436
GGTCCGAGCGTACAAA,436
TGATACGCTTACGGTA,436
TTATCGCGTAATAACG,436
AAAACAGTTCATGAAA,435
ACAATCCAGAAATAAT,435
ACATATTGAAAAACTA,435
ACATCGCCTACAGTTT,435
GCAACCAAGAAGCAAA,435
GCCCTAATAGACTATG,435
GCTATCAAACCTCAGC,435
TATCCGAGATTTAGCA,435
TCACACGTAGAGTGCT,435
AAAGAGGTATTGATCA,434
AAAGGAACATGGATGA,434
ACGTCTCGATAATTAC,434
AGTTATGAAAAGGTGC,434
ATAATTTCCTGCAATA,434
ATTCCAAGGTTACACA,434
CCTATACATTCGAATA,434
CTGGGGTGACCGGACA,434
GTCCTAGGTTCCGAAC,434
GTCTCCAAAGATGAGG,434
TAAATAATAGGCTCTC,434
TATTACAAGCTTGAAT,434
TGTCGCATAGTAATTA,434
AGAAATACAAACCCGA,433
AGTATGTTTAGTATTA,433
CACAATCCAGCTACAC,433
CCCTTGTTAATTCTTT,433
CCGAAGTCTGAATAAA,433
CCGCCCAAAAAAGCAC,433
CGCGTCCAATAAGCTA,433
GGACCAAAAAATTCTA,433
TAAGAAACATGCCTAA,433
TCTCAGAAAAGCTCAA,433
TTTAAATAAACAAAAC,433
AAGAGCAAATTTCCAG,432
AATTTCAGGATACTTT,432
ACCATGAGAATCCCAC,432
ACGCGTATCAGCTGTT,432
AGAAAATAGTACTATA,432
AGTACGGATTGATAAA,432
ATATACAATCAACCCT,432
GCCCCAAATATACATC,432
GGGACGGAAATGCACA,432
GTATAACGTGAAGATT,432
TATATAGTATTAAACG,432
TGCTAGCCCTAATAGC,432
TTACAATGGGACCTAC,432
AAATTTCACACCCTCA,431
ATGACACAAAAGTGCA,431
CCATGTTATACACCTA,431
CCGTAAGACGTGAACC,431
CCTATAAACCGATCGT,431
CGGCTGTTCAAACAAA,431
CGGTTAACATAGGCTA,431
GGGGCTCAGTAACTGG,431
TAGGATCGAAACACAG,431
TCTTCACGACCTTAAA,431
TGCACGCCAAGTGTCA,431
TGGGCTACAAAAGATT,431
TTAAACGTTGTATAAA,431
TTAGGCATATATACGA,431
AAACTAATATGATACA,430
AAACTCCCAGCCGAGC,430
AAGTTAATGATGTATT,430
ATTTACTTTGGTCAAT,430
CACCCAACCCCGAACT,430
CAGACACGTAATGAAA,430
CCCAAGGTTAGTGATT,430
CCGTCACATGAACAGT,430
CTTGCCACTAATCCAA,430
GACACCCCCCGCGTTG,430
GTTATCCTTTACACCA,430
TAAGGCCTAAAATACA,430
AAAAACGTGTAAAAAC,429
AAAACACGAGAAGGTA,429
ACGTGAGTCCAGGTAA,429
ACTCCGTATAAATAGT,429
AGAATTTACAATGACG,429
CAAAATTATGCTTAGC,429
CAACTCAAAAAAGTAT,429
CAAGACTAGAACCTTG,429
CCAACCCAACCATTTA,429
CTCGCCATACCGCTCG,429
GAACAGTATTAATGAC,429
GTTGTCTTCTGATTCC,429
AATTGTAAAGTCATGA,428
ACCAACTGAGATAAAC,428
ACCTTTGAGAACCACA,428
ATAACTCTGTTAACAT,428
ATGATGTTGTAGGTTT,428
CGATCTCGAATTTCAA,428
GAAAAGACACATTTCA,428
TAACATTTACATAATA,428
TGCCGGTTCTGAAAAG,428
AACGAGCCACTTTACC,427
ACAGGTATATGGTAAG,427
AGCACTAACAAGGATT,427
ATTGAACAAAGTATGA,427
CCGAAACACTCTGAGG,427
CCTACCGGGTCCCCTC,427
GGCAAGTACGCAGCTA,427
GGCAATATAAAAGAAT,427
GTGCACTGACACCGAT,427
GTTGTGACTGCAACCG,427
TAACTAATACCCGAAG,427
TAGACAGCAAAATAAG,427
AAACACCAAATTTCTC,426
AAGATCAGTGGCGGAC,426
AGAGACTTGCGGCGCA,426
ATCTAAAGATAATAAT,426
ATGCCAAAGTGGCGGG,426
ATTCCAAAAAACCATC,426
CAAATATCTTATCGTA,426
CAACACAATCTAAGTT,426
CCAGCCCCTTGTAAAG,426
CCTGACTCTAGCGGCA,426
CGGTCTAAATGTCTGA,426
GCTTACAGCGATAAAA,426
GTTGGTCACAAATCTG,426
ACGGCCGACATATAGG,425
ATAAATAACCATAGAT,425
CAACAAGAATTTTCAA,425
CAAGGAAGTAACACCA,425
CATTTAAAGAAAGCCA,425
GACATTTTCTTAAGTT,425
GGGCCAATCCTAGGAT,425
TAAAATACGGCCCTAT,425
TGCTTTTGCCATAGGT,425
TTATTAGCCGGAACCG,425
TTTGCATACAGTGTGG,425
AGTCAGCATACCGAAA,424
CAAATAAAAATTGTAA,424
CACCCTGCTCTACGAT,424
CCGATCTTCCAAGAAG,424
TAAAGAGCTAAGAGAA,424
TAACAGTAGACTCTAA,424
AATAGCAGCTGAATCG,423
AGATACAAAATACGTT,423
CAAGAAGCCTACACAT,423
CCTCGTTTAATAAAAT,423
GATACCCAATAGCTCG,423
GGCACAATTAAGATTG,423
GTAAACGGCAACAATA,423
TAATATTCCAACACTA,423
TACTATCCGTGACACG,423
TTAGTTAGATTGTATC,423
TTATCCATTTAACTTG,423
TTCCTCACCGAAATTC,423
TTTCAAGTCACGCTAA,423
AACATAAAGATTACAG,422
AAGAAAGTTTCCAGAA,422
ACGTAGTTAGCATGCG,422
ATAATATACTAAAATA,422
CAAAGACCTCAGCGGA,422
CGATTCCGAAGGCACC,422
CTAAACAGACTATCCT,422
CTACCCACTTTGCTTC,422
GATTACCTGATAATCT,422
GCATGAACGCACTAAG,422
GTATTCGATTACATGC,422
TGCACAATCAATTCAG,422
AACATATATGCAAACA,421
CACCAGAAACTACCTT,421
GTATAACTATACATTA,421
TAACGATGTATTCCCC,421
TCAACTGAAAAAACAG,421
TGTGGCTAACCGACTC,421
TTGAGTACCGATCGAT,421
AACTGGAGAAGCGGGA,420
ACGGACTAAGCCAGTG,420
ACTCAAGATTCCGATT,420
CAAAACGTTGATAACT,420
GCAAAAAAAGCTTCTT,420
GGCACGGAAAAATAAG,420
GGGCATGCTTACTATG,420
TAATTCTCTAACTGTA,420
TACGTTCAGTACGGGC,420
TCCATAGTACGGTATC,420
TGTCCCAATGCACATA,420
AAGTGAGAAGCTAGAC,419
ACAAAAAGATAACGAA,419
CACGGCTCGTTACAAA,419
CATTTTAGCCATCCCT,419
CCTAAGGGCACAGCTC,419
CGAGGAAGTGTACCCA,419
GACCTAGCACGATTAT,419
GCGCGTTTTAAAGAAA,419
TGAAAAATTTAAAACT,419
AAACTAACCGAGGTAG,418
AGCCCTTTATAGTACT,418
ATAGATTAAGCTCGAT,418
ATGTATCCCTCGGTGA,418
CACAAACCCAAGTGTA,418
CTCGCGGTCGTACGTG,418
CTTTGACTTCTACTGT,418
GTCCGAATTTGTCTCA,418
TAACAACTTGCCTAAT,418
TACTAACACAGGCCTA,418
TATCGCACTTCGACCT,418
TATTGCAACAAATCTG,418
TTATAGTTAGTAAGTG,418
ACACAAACTCGATCAA,417
AGCTAGCACGACGTAC,417
ATAAAGTAGATTACAA,417
ATTTGATAATGAAAAA,417
CAAACAGTAAACCCAA,417
CGGAATAATAAACTCT,417
CTCCCTCATACAAATT,417
CTGACTATTTAATAAC,417
GATGAAATAACTGCAA,417
TTTAACAAAAACAACA,417
AAGCGTGAGAGCCCGC,416
ACATACATAAATGATG,416
AGTTATGTCTTGGGTA,416
ATTAACACGTGGAACA,416
CACGTAGCAGCGTTTC,416
CTGCGTACGAGCAAGA,416
CTTATTAGTGTCGAAT,416
GAAACAAAGAAGGCAG,416
TCATTAAGAGTGTCGA,416
TGATGAAGCCGGAGCG,416
TTACCGGAAAGCAACA,416
TTTGAGGAATAGAGAC,416
AAATTGTACTACTCTT,415
AATCACTTTCAGAACA,415
AGACACCAAAAATTTA,415
AGACTACAAAGTCACA,415
AGAGTCAACAATAACG,415
ATACTATGAGTTATAC,415
ATGTCTCTGGCTATAT,415
CCTAGATTTAAAACGA,415
GAAAATATAAACCTAT,415
GCAAACCCGAGATGTA,415
TGCTCTAATTCTTTTA,415
AAACCTTGCTACAGTA,414
AATAACGTGACATATG,414
ATAAAATAAAATTATA,414
ATAACTATACAAATTA,414
CTCAATTTTATGCACG,414
GATATATGCAGTTCAG,414
TAACTGCAAGCCTACA,414
TAATAACTACTGTGCC,414
TCAAGATTAAAAATGA,414
AAGTTTCCTAAATATC,413
ACAGAAAATTCATAAG,413
AGAAACAACGCATCGC,413
AGAACAGCTACTAACG,413
AGCAAACGTGCCCTAC,413
AGTAGCCGTCAAATCT,413
CAAGCAATGCATACGT,413
TAGGGATCGGATCAAA,413
TATAGATACTAGAGTC,413
TTGTGATTGAACTGGG,413
AAAACAAAGAACGCAA,412
AAGATAAGCGAATCAA,412
ACACACACAACGAACA,412
ACCAGATAGCTGCAGG,412
ACGGTATTGGCTACCT,412
GACAAGAGAATGTATA,412
GCTTATATATTACAAA,412
TTAAGCATGACTATTG,412
ACTTAATACTACTAAA,411
ATTAATCGCGATAGCG,411
GGGAACTTCGATCGAT,411
AAACTGACTAACACGG,410
AAAGTGATAAGCACAG,410
AATGGGTAATGATACA,410
ACCGACAATACTGGAA,410
ATTAAAAAGACGCATA,410
CACACTTTAAACTCAG,410
CCAAAGAGCCTAATAA,410
CTACAGTTTTGGGTAG,410
GAGCATCGAAATATAA,410
GTACAATGAATCTGTA,410
GTGGACCGGTGCAACT,410
TCTAACTTTAATTAAT,410
TGGACCTATATCGGTC,410
AACTAAATTAGAGAGA,409
AGAAATCCTCAAGAAA,409
ATCCAGAAGCTTACTA,409
CTTAGGAGAGGCAAAG,409
GGAATGAAACGTCAAA,409
TCACCACTCCTATTCC,409
TCGTAATAATATTACG,409
AGAACCCTTTAACCCC,408
AGCCCGTATTGAAGAG,408
CTACACGACAGAGAAC,408
CTGATAACCATTTTTT,408
GAAATTACTCACCCTC,408
GACGGGAGTCATTAGT,408
GATCAATTAACATTGT,408
GCAGGAACTTTACGCG,408
TAAACAGAGCTTGTCT,408
TATCTACGGGTGGATA,408
TGTTACCAATTTTAAA,408
CTAGGCACCGTATAAC,407
GAAGCCAACAATTTTG,407
GAGCGGTAGAAAACAT,407
GATTGCATATCATATT,407
TCAGGCCGCAGTCAAT,407
TGCCACAGGAGGACCG,407
TTTTCAGCATTCGCAA,407
AATCTTAATTATTAGT,406
ATATAAGAATGTTCGC,406
ATGAATACATGGTTTC,406
CAATCTGTGCAATAAA,406
CATGAACAGAAACCCC,406
CTGGGAATAGTCCTCA,406
CTGTAACAAGAATACA,406
GGAGGTCCTGGACACT,406
AAAAACTAACAATGTT,405
AACCCCAACTGTCATA,405
ACCAAAAAGACAATAA,405
AGACAAGATAGAAACT,405
AGCTCGAGCGCCGGAG,405
AGGGGAAAACGCATTT,405
AGTGGTTAACATAACT,405
CTAACATAAGGCACCT,405
CTGCTAATAAATAACA,405
CTGTATCCGATACACG,405
CTTGTCACAATTAAAA,405
GAAAAAACTCAATGAA,405
GACCTAAGCCGCCTTG,405
GAGAAAGTTGTCGGTC,405
TAAATCTAAGAACTTC,405
TACATATCCTAAAATT,405
TCATAATAATTCACGT,405
TTAACTCTAAGTCTGT,405
TTAATCCAACAACAGC,405
TTGGTGGAAAGCTTCA,405
AACAATCACAAAGGAG,404
AATTCTCCAAACCATT,404
ACTGAACGAAGATTGT,404
AGATCAACAAATGTAA,404
CAAATGGAAACATTAT,404
CGCAAACAATGGACAC,404
CGTATCAAGGATATTC,404
GAGCCGAATGAATTAC,404
TCATGACCACAAAAAA,404
TCATTCCTGTTTGAAG,404
TCTCCATTTTTAATAG,404
TGATAATCCGAAAACT,404
TGTACGAGAGAGAATC,404
TTACAAAAACTTGACT,404
TTGTACGTTAATTGAA,404
AATAATCAGTATATAA,403
ACTTATAGTCTTGTTA,403
AGAACTAAAACCTAAA,403
ATACTTGGTTAGGAAT,403
CCCAGATATATACGAA,403
CTAAATCACAGAAGCA,403
GATACGTGCAACCGAT,403
GCTCAATGTATCGCAA,403
GTTGAGCGAGGCTTAT,403
AAAAGGTCTTTGACCG,402
AAGTTAAACACCACGA,402
AATTCGAGATGCAGAT,402
ACTTAGTAGTCCCAAT,402
CCCACCAACAGTCTTC,402
CCGAAACGTGGAACCT,402
CTGGAGTTCAGATATC,402
GAAGAGGTTAAGTACA,402
GAGTTGAAATAACAGG,402
GATAAAATGATATACA,402
GTCAGGGAACCTACCG,402
TAGTTACTACCTTGCA,402
TGCCCGCTTGATCGAA,402
AGAGGACATGGTGATT,401
TAAGTGCACCAGTCTC,401
TAGAAGATAAAGGAAG,401
TCTAGTTTTCATGGCC,401
TTATCCAAAAAACAAA,401
TTCCCCATGACTACCT,401
AACATCGTTAACATGT,400
AACGAAGGAACTAAAA,400
CCTTAATTTCTCTAAT,400
CTTACCGACCAGTTCC,400
GATGTAGTAATTAACT,400
GTACTACGGCTCGCGA,400
TAATAAACACTTGATC,400
TGTGGAAAGGTGTAAC,400
TTACGATGCAATAGCG,400
TTCACAGATTACGGAT,400
TTCTATCGTTGCCCTT,400
AAAGTCTAGGAGAGAA,399
AATGCATCTGACTATG,399
CACAAGTTACTCATCC,399
CATCAAGTATACACGG,399
CTGGCAAAAAATATTT,399
GCCCAATTCCGATGAC,399
GTAAACATACCAGCGA,399
TATAACAGCCATTAGA,399
TGTCTATCCGACCATG,399
TTCACACTGCGGCTTT,399
TTCAGAGTAAACCATT,399
AAAACAAAAAATAACC,398
AAAACTCAAATTGAAG,398
AGCTTCATTTTGTCGG,398
CATATAAAAGACGAGT,398
CGAAATTCATGGACTT,398
TATATGCCACAAGTCC,398
TATTGTTGGGCAAACC,398
TCGATGCAAGACTTGA,398
TGAGATTGAACAAGAG,398
TTATCAATATCAATAA,398
TTTAACCTAGTAAAAT,398
TTTTTAAAGTGCAAGA,398
AAATTTCCTTTAAAAT,397
ACAATTCACTCTCGTA,397
ACCCTATACGGCCCTG,397
ACGTTCAAGGATGTAG,397
CATTAAAGCACAACAC,397
CTGTATATGAAGGTCA,397
GAAACGGTTTCATGTC,397
GATACACTAAACAGAT,397
GCTGAACATATTGTAT,397
TAATTCATAAAAAGAA,397
ACACTCCTTAATCCCG,396
ACTACTATGTTATCTC,396
AGCATAATTCATCCAG,396
CAATGTAAAAATGCCA,396
CGCAGCGGCTACGAAG,396
CTCTGAAATAACTAGC,396
TCGGTGTATTAGCAGT,396
ACAAACCTCAATGGAT,395
ACTTTTTAGTACAAGG,395
AGATTTGAAATTACCC,395
AGGTAGAATCTGCCTG,395
CGATTATTCGATAGTA,395
CTAATGAGTAAAAAGG,395
GAGAATCCAAGGACAT,395
GTAAATGATCTAAATC,395
TACTCTCCCACCGAAG,395
TTGCAAGTTGAACAGA,395
AATAACTGAAGAACAG,394
AATTCGAGATTCCCGA,394
ACACATGGAATACATA,394
ACCTGACTAATATAAA,394
ATTACATAACCGAATG,394
CTAAACTTAAAACGTA,394
CTGGGAGAACAATTAT,394
CTTACTGAATATCGTA,394
GGCTAAGGTTAAGGAC,394
GGTATACGGGGTCCAG,394
GTAGCTCGCGCACGCA,394
TAAAATTTAATATAGA,394
TAAACACGATAACGAT,394
TAATACCCATGCCCAT,394
TTATTAACTATATCAA,394
ATCCAATGCCCAAAGC,393
CCAGCGTTTTCACTAA,393
CGAGGGGCTTTCCACA,393
CTTGAAAATTAGCTGA,393
GAAAGGGGCAGCAAAC,393
GCACCCCTTCAACGCA,393
GTGATAGATACTAAAA,393
TTATGAAAAAACACTG,393
AAAAAAACCACGATAC,392
AATAAAAAAGATTAAA,392
AGCATTAGGGATGCAA,392
CCGAGAGAACCGGATC,392
GACTCAGTTAGTAACA,392
GAGAAAAAATAGTGGA,392
GGTCTCTAGTGATCCC,392
TACAACCGTGGTGTGC,392
TCTCTTCTAAGCACGA,392
TGGTGCACTAAATTTT,392
TGTGGACTATGATATA,392
AATCGTACTCTAGAAT,391
ACAAAGATAACAAAAT,391
AGATCAAAATACGTAG,391
AGTAGTTCTACCCCTT,391
AGTCTGTATGGGTGGT,391
ATGAACGTCACTTTAA,391
GGGTAGATCAAAGTAG,391
TCCGTGCTTATAATTA,391
TCGAGTGGACCCTCTA,391
TGCAAAATACAAAGAA,391
AACGCGATTCATAACG,390
ATAAAAAAAATAAAAA,390
CCTGCCGAAACTAATT,390
AAAAACAAAAGGCGAT,389
ACGTATTTAAACTCCA,389
ACTTTACCAATCATGA,389
ATGAGGAGACATGGTC,389
CAAGCGTACGAATCCA,389
CACATAATCAAAAGGG,389
GAAATTCAGAAATCTA,389
GATGCCCCGCAACCAA,389
GGTTCGAATATAGAAC,389
GTAATACAGTTATACA,389
GTCGAACAGAAATAAG,389
TGACTTTCCGGAAAGA,389
AATAACTAAAAGGACT,388
AATGACATGTCTACTC,388
ACAAGAAAGAAAATCC,388
AGAATGGAGCAGTTGA,388
CGCAATAGGGCAACCA,388
GATTATAAATTTCAAA,388
GCCGCACTGACACGCT,388
GCGAAACATGCACCTG,388
GGCTCACGTACCTACT,388
GGGTGTCCGAATGAAA,388
GTATATAACATCACAC,388
GTATTTTACGGATAAA,388
TACTCAAACCCACACC,388
TATCTAAGGTCTTACA,388
TATGGAAGAGTAATAA,388
AAACGTAATGTTACTA,387
AATCCCAACAACATAT,387
AGATATCCATACTAGG,387
AGATCAGCGAGCGAGA,387
ATAGAGGACAGAACAA,387
GCCACAGTAGACAATG,387
GGCGGACAAATGTGTT,387
TTCATGTTGAACCAAT,387
AATATACTTGCTGCGC,386
AGGACACAGAACAGAA,386
ATTAGCAGTATAGATT,386
CAGAATAACTGACCAT,386
CATTAGAACAATTGCA,386
CGGCAATCATGCTAAA,386
GAAAGTAATGCCCTCT,386
GCCGTGGTATCTCGAG,386
GTATGATTTCTAAACT,386
TAAAGAAAGCCCCAAG,386
TCACAACCGAACTCAA,386
TTAATCAAGACACTAT,386
ATGGTATCTAACTAAA,385
CAGAAGGGTCACACCA,385
CAGGAGAACCCTGTAA,385
CAGGAGCTCAAAACAA,385
CCCCGGAACACGGCCG,385
GGCTTTAGACAACTCG,385
GGTTCGGACCTAGTAT,385
TTAATTCATATCATAT,385
AAAAACTTACCAAAAA,384
AAATTTACCGATTATA,384
ACATAAAAAGGCACAA,384
ACCTTTGTAATACTTG,384
AGATGAGAACGAAAAG,384
ATAATTCCATTTAACC,384
CAAAGAGGTTTTAATA,384
CAGTTTGTATTGTCAG,384
CCATATAGCAGCGGCG,384
CTAAGTCTACCGAATT,384
CTTGATACCAAAATTG,384
CTTTAACAGACTGGAA,384
GATTGACGCAGTGCGT,384
GTTACCGCGGGCATAG,384
TAAACGCTTAAAACAA,384
TGCACACAAGAACGAC,384
TGGCTCTCGCTAGTGA,384
TGGTTAGGAGGGGGCA,384
TGTAGATGAGAAATGA,384
AAAGCCACTACCAGTT,383
AAATATAGTACGCAGG,383
AATAAAAAGAACTAGG,383
AATAGGGTGTGCACAC,383
ATGCTATAAACGGGAA,383
GAATTTAAATGCTGTC,383
GCAAAACGTAAACTCC,383
TATATCGAACGCTGGG,383
TTACTAACACCGAATA,383
TTACTGAGCAATGACC,383
AATGGCCGGTAGATGA,382
ACGCTTCTGCACACTG,382
AGCCCTATTGTATGAA,382
CATCACTTCGACTACG,382
CGGCCCATGTAAGATA,382
CTACTAATTATAATAG,382
GAAATCAATGACCAAC,382
GAACTCCTAATAACCC,382
GACATACGTGAGAATA,382
GATTTGTTCCGTAACA,382
GCTATAAAGATGGATT,382
GGCCACCAATTCCGTC,382
TATGCTTGTAACAGAA,382
TCTTAATTATGAGCTA,382
TCTTGATGAGAGAGAC,382
TGATTATCCACAGTAA,382
TGCGGACACAGCCTAA,382
TTAAATTGAATTAGGG,382
AAAAAGACTAAACGAT,381
AATAATACTTTATAGA,381
ATCAATTAGCACCATT,381
CCAACTTTACTACTCA,381
CCCACGGACTGTGTGA,381
CGCAAAAGAGCTTGTA,381
GAAGATCTGTGTGAAA,381
TAAGCACCCTTCCTCA,381
TGGAGATCAATGCTCG,381
AACAAAACACACCCTT,380
AACCGGGCAGCTTTTA,380
ACATAGGCAACCTACC,380
ACCATAGAATGTACCA,380
ACTAGATGCCCGGGTG,380
ATAAAAAAAAAGAAGC,380
ATAGAGAAAATAATAT,380
CCCCTCTTTTGACAGT,380
CCTAGCTGATTGAAAA,380
CCTCTATTCTTATCTG,380
GGATTCAAACGGAACG,380
GTATAAAGACATTGAA,380
TACGGAAATATAGGAG,380
TCCCGATGTAACAGCC,380
TTCGCACCTAAGAAAC,380
AACACTCGGAGTATCG,379
AAGAGACCTAAGAACT,379
AAGCTGTGAAACCTGA,379
AATAAAACTTATAACG,379
AGAAACCTACGAAGCT,379
ATATTCTGGTACAAAG,379
ATTAAACGAATGTCAT,379
TCCTAGTCTGGTCAAT,379
AAATTAGGATCCTCAA,378
AAGAGCGAACCCAAAC,378
AATCCTAACTTGGATC,378
AATTATTGAACTTTTG,378
ATAACTACTATGAGAA,378
CAGGAAGTCCAGCCTA,378
CGAGATTTCATAAAAG,378
GAAGATATAAATATAA,378
GAATCAATTGACAAAT,378
GTATAAGAGTGGCGAC,378
TAAACAACTCTTCAAA,378
TAATTAGTCCCCCCGA,378
TATATATGCAAAACAA,378
TATATATTACGGACAG,378
AAAGATGATTTGCCTA,377
AGAAGCAATAAGTTAC,377
CCCGGTTTGAGCACAT,377
CGTCCTACACCAGGTT,377
CTTATAACCTCAAAAG,377
GACCTAATTAAAGTTC,377
TAAGCGGACTAAAGGG,377
TCTGAATACTCAACAG,377
TGCGAACATATAGGAA,377
AAAATGGCACGTTGCT,376
AGACTCTAAACAGCGA,376
ATTATCAAAAACGCCT,376
CCATGATAAAGTGAGC,376
TGATAGCATGAGTGAA,376
AAAACTTAACGTTTAA,375
AGGTGCGCAATAACCT,375
CGACATGCTCAGAGTG,375
TAGAGGTTATATTGCA,375
TCCTGAAAGAGTACAT,375
TTACCATTTTGATTTA,375
TTCTCACAGATCGCCC,375
AAACCAATAATTACAA,374
CGGCTCCCCACTCAGA,374
CTTCCCACATGTGGTA,374
GCTCACGGTGAAGGGT,374
GGAACCAGTAAACACA,374
ACACCCTTGTCTTCTC,373
ACTTCTGCCATAGCGA,373
ATCTTGCTCTAATTAC,373
ATTGTAATCACCAATA,373
CGGTCTTATCAACTGA,373
CTGCGCATAAGAGTGT,373
CTTGATTATACTCCCG,373
GAATGAAACCGTAAAC,373
GGTAACTTAGACTCAT,373
GTGGACCTATATCAGA,373
TCAACCCCTGACTTTG,373
TTCGTTTACTTGATTT,373
AAGAACAAATAAAATG,372
AAGAACTTAACCCCAG,372
AGAATTATTACGTCAC,372
AGTACACCTTGTAACG,372
AGTGAGTGTCTATCTG,372
ATAATAGGACGGCCAC,372
CAAAAGGTAAATTGTA,372
GCAACACTCTAACAAC,372
AATCCCCCATAACGCA,371
ACTGCAGTCGAATGCA,371
AGGCCATTTGCAATAA,371
ATATCAGCATGGAAGC,371
GAAAAGAATTTCCCCC,371
GGTCTACAGCGATCTA,371
TGAAGTATTGCAACAG,371
TGAGCACAATACGTGA,371
TTCTAGAAACATGCTT,371
AAAAGAATCTTTAAAA,370
AAACAACCCGAAAAAG,370
ACATAGTTGTACCATT,370
ATACAACCTTTCTTTA,370
CAACAACTTAAACCGG,370
CAAGAATTAAGTAGCC,370
CAATATGCTGCGACAT,370
CCCGAAACCGCGACTA,370
CGTACAGTATAGCCCA,370
GAAATACATAATCTGT,370
GACGAGTCTAGTTATA,370
GGCACATCTTGGCCCA,370
GTTAGTAGCTGATCAC,370
TGATTTTAAACTACTT,370
TTTCGTCATTCCTTCA,370
AAAACCAGCGCTACAG,369
AACTACCAGAGGGGCA,369
AGAAGAGACCCGCCAG,369
CATATACCTACTACAA,369
CCCGACCGTTTTTGAC,369
CGAAACTCAGGCTTTG,369
CTAAAATATATAAAAA,369
TTAAACGCAAAGACTC,369
TTTTGAATAAGTGGAA,369
ATATACGGAAAGTAAG,368
ATTCTTCAGGATACAT,368
CCTTAATTTAGTTATG,368
GACTCTATGTGTTAAC,368
GCCGAAGTTTAAACCT,368
GGGAATACTCGCTATT,368
TCGACTGTTCTTCTTA,368
TTCGCAAAAGATATCT,368
AGAGTCAGAGCGGACC,367
ATCTTACCTAGATCGC,367
CCCATAAAAGGCGCAA,367
CTATGATAATTATAAT,367
CTCTGCCCCAATACCA,367
GAGCGGAGCGGGTTTC,367
GTGTCCCCCACAGCAG,367
TAACAGCACTAAAAAC,367
TCCCGGCAATAGATCA,367
TGTGCCACAGGAATCC,367
AACGTATCCAATCACC,366
ATTGCCGATAACCACA,366
GGAAAGACACCACACC,366
TACCGATATATCGAAT,366
TCTCTGGTTCCATACA,366
TGCCGAAAAATACAAC,366
TTCTATGAAAAAAGAC,366
ACCAAGGCTCCAACAC,365
ATAAGGAACTAGTCCC,365
ATATATACGCACCTCC,365
CCCCCCAAGTTGATGC,365
CTTCAGAGCCTATTCT,365
TGAGATAAACAAATAG,365
TGATTCCCTGTCCCAA,365
TTTTAAATAACAAAAA,365
ACAATATAATGAAAAA,364
AGCGCTTAGCATTACG,364
ATACATAAGCTAGGAT,364
ATGAAGTAATGAAACT,364
CCAAAAAGAGGCGTAC,364
CCCGAATTCTAATTTA,364
CCCTCAAAAGGACTAT,364
GTGCTTTAAGAATGAA,364
TAACTCATCAACAAAC,364
TCGATTCAGATTTTTA,364
TTCGGCAAGACGCTTC,364
ACAAAAACAAATGAAT,363
ACAGATAAAAATGTAT,363
ACGGAGGCGTACAAAG,363
ATCAAGAAATAGTCAT,363
CACTCGAGTAAAACAA,363
CCTACAACAGTCAACT,363
CTGATGAGTCATATGA,363
GAATTAATGACTGTCT,363
GCAACAGGCAAGCCAT,363
TCAAAAGAGAGCAAAG,363
TCAAATCTACTCGATA,363
TCATATAGTCAGTTCT,363
AAGATGATCACACCTT,362
ACAGAGAATAACGAAT,362
ACGGCAAGGAGGACAT,362
AGCAGATAGAACTGAA,362
CACCTCGCTAAAAAGT,362
CTGGGCTCCTCGAACA,362
GCATATAGCGACATGC,362
GTCACATATCGGCATC,362
TCGTTTATAAAACACG,362
TGAAAATCCTTGAAAT,362
AATATGCCGGTTAACC,361
AATTAATAAATTTTTG,361
ACCTGATATCATCCAC,361
ATACGAGAAAAGATAA,361
CAAAGCAGAGGTACTC,361
GAGCACCACCTGTGTG,361
GTCGACTAAATAAGCG,361
GTTAGGCTAATAGCCT,361
TGTTATATACAAGTTT,361
AAAAAGCCATAGACAA,360
AATATCATAACCAAAT,360
ACAGGCAAACCGGGAA,360
CAATTGTTAATCTTAA,360
CAGTCTTCGTAAAGCG,360
CGAAATCCTTAAAAAA,360
CTACATATACCCCATT,360
GACTGGTCCCTGGTAC,360
GTCGATGACGCCGAGA,360
GTTTCAATGCTTCCCC,360
TAGACCACTGGTCGAC,360
TATTGAATCTCAGGGA,360
TCTAAACAAAAGACCA,360
TTAATTCAACTCAGTA,360
TTACACATTAGACCTG,360
ACACGTGCGTGACAAA,359
ACCCCATGAGGTTCTC,359
CAGGATGGATAGAGCG,359
GCTTCCGATTCGATCT,359
GGAGTCCGACAAATGT,359
TAGGTACAGTGAGAGA,359
TCATTAAGAAAAGGGT,359
TTTCTTTACAACTGCA,359
AAGGATATAAGCATCC,358
AATTACCGAGACCGTG,358
ACGGAATTATTACGCG,358
CAACATAGATCTGTAA,358
TATTTCTCCTGAAATA,358
TCAGTCGGTTAATTTC,358
AAAAGTCCCCCATACA,357
AACAATCAGAGCAGGT,357
AATAGCAAAACTATCT,357
ATAAAATTACCTCACA,357
GAGATGCCCTCATGAC,357
GCAAATAATGTACGTC,357
GCGATTACCAGGGCAA,357
TGATGTAGATCAACTT,357
TTGTCACCAAGTTATG,357
ACACTCAACCACCCCC,356
ACAGCTTATCCCCGCA,356
ACATCCATGTTGAATA,356
CTGCAAACAGGGATGC,356
GATCTGTCCTAATAGC,356
GCGCAAAAGATAGTCA,356
GGCAAAACATGAACTG,356
TAAAGTGAACTTATAA,356
TAGATTGTCGTTCTTT,356
TGATTGTAGCCGCACA,356
AAAAGTAAAACCGATA,355
ATATTGTGTCATTAAT,355
CTGGGGATACGGTTAT,355
GACACGACTTTACCAA,355
GCACGAACACAGACAA,355
GTATCAATCTGGTAGC,355
TATTACGAAAATACTG,355
TCCCAATATTCCCCAA,355
TTGTAGAACTTCCTTA,355
AGAAAAACCTTCGTAA,354
ATAGATACAACAGCGT,354
CAAAAACGGTAATATA,354
CAAAATATGCAGTGTA,354
CAAAGAAGACATAGAA,354
TGTACAAGCTCAATCA,354
AAATATCAATTCCCTC,353
ACACAAGCCATATATA,353
ACAGTAATTTTTTCTT,353
AGAAAAAACCATGAGC,353
ATCCTCCATGATAGTC,353
CAGAAATGAAAAGCAG,353
CATTTTCAGAGATATT,353
CTCCCCCTGCGTTAAA,353
CTTTTGAGCTATATTT,353
TAGAACAAAAACCGCA,353
TATAAGATTTCAAGTA,353
TGCCAGGAAGGAATCT,353
TTGCAAATATATATAG,353
TTTTGTCTCCATTATA,353
AAGTCGAACGTACGTT,352
AATAGTATTTGGTTGC,352
ACGCCCCTCCAAAACC,352
CATAATCTGAAACAAC,352
GAATACAACTTGACCT,352
GAGAAAAAAACTATAT,352
GATGAATGCCTCCTAG,352
GGATGTTAAATTAAAA,352
TCATCACTCGCTTTCA,352
TTAAGTTTTCAAGATA,352
TTTCAAAAATGAAAAA,352
AAGACAACCATTTTTA,351
AATAGTCACCTCTCTA,351
ACACTTGAATAACTTG,351
AGAGATTGAGTAAATC,351
AGGTTGGGTAATCAAA,351
AGTTCCAGTAGTGTCG,351
CAGGCCATGAATATGC,351
CCAGCATATAAAAGCA,351
GCGTGTAATTTAATGT,351
GTAAACAATGACATAA,351
TAAAGTAAATTTGCTT,351
TAGCACCTACAGCATA,351
TATCCGGTCAAGAAGA,351
TGACCGCCACACACCT,351
TTTACTCTTTGGGGAC,351
TTTTACCTGTACGAAT,351
AACCAGGACAAGAATT,350
ATAATAACATGAAATT,350
ATAATCACTAATGTTA,350
ATGCTAGCGTTGAATA,350
CAAATGACCATATAAA,350
CAGGCGGGCCAGTATC,350
CATATGGACAATTATG,350
CCAAATGATGTAAAGT,350
CCTTGATCACGACGCC,350
CGAAAACTCTAGGAAT,350
GATAAACCCACAACAT,350
TACAGTGCCTGATCAG,350
TCTTAGCAGCTCACAT,350
TGGTTTAACAACGTTA,350
AAATGACTTTTAACAG,349
AACCCTAGGCTGAACA,349
AACGGCGGAGTTATAA,349
ACATTGTGATTAAATG,349
CAATGAACACTATTAA,349
TCCGAAAGGATCCAAA,349
TGCAAGCCTATTGACT,349
TTACCAAAAAAAGCCA,349
TTAGCCGTAGAAAATA,349
AAAGTATAGGCGTGCG,348
AATTTCAATATATATC,348
ATAATTAAGCAACCGT,348
CACTCCAACATATACA,348
CTAATCCACATTATAG,348
GGTATAATAGCAGAAC,348
TACCGCAGCGATAATG,348
TATAGAAGACTCACAA,348
TTTAGTTGCTGGAATA,348
AAATCTAGAGAATGAA,347
AATATCTCCAGAAGTA,347
AGATCACTTGGTAGTT,347
AGCTGCCTCTCACGCA,347
CGCTTTACCCACGAAC,347
GCCCGCAACTCACTGA,347
GTGAAACAGCTAGCTG,347
TTATATTAGACCACAC,347
TTTAACATTATCCATT,347
AATGCTCCCCTAAGGC,346
ACTCAATGATCTTCCT,346
AGCATACAACAAAACA,346
ATTGAATTCTCATCTA,346
CACATCGTACATGAAA,346
CACTATGACTATAGAG,346
CCCGCCTGAGCGTAAT,346
CTCCGGTGAAAACAAG,346
GGTTAAAGCATTACGA,346
GTATACTGCTTTGTAC,346
GTTTAACACTTCTAAA,346
TTGTGACGTACGGGCC,346
TTTAAGCAAAGTAACC,346
TTTTAAGAAGATCCTG,346
TTTTTGACTGCAACGA,346
CTAGCATAATAGTACC,345
GAGCAAGGATTCAGCC,345
TAGATAAAAAAGAAAT,345
AAGATAAATTTTCAAT,344
ACTTACTGTCTACAGC,344
AGATAACAAACAGGGA,344
ATATACATCCTGAATA,344
GTAAAAAATCGCCAAT,344
ACGAACTGAATCATAT,343
AGCCCTTCAACGGACG,343
ATTAAATAACATCGAG,343
CCAGGACGCCCTAGGC,343
CTAAAATTATTATTAA,343
GCTATAGACGAAACAA,343
TACCTAATTTTTGGCT,343
TCAAGTAGCTATCAAA,343
TGTAAACGTAGGGCAG,343
TTAAAAGTTAGTACTA,343
TTGGTGGCTATATCGG,343
AATACAATTATCAACA,342
ACGATTGTCGAAATAA,342
ACTATAATACACTCAT,342
CCCATGTCCGAGGCAC,342
CGACTACATATAGAGA,342
TACAAGAAACAGTTGA,342
TTAAAACTAAGTGCTC,342
TTATGGATACTTATAA,342
ACACTGACACCCTATA,341
ATTCTGTTGATATATT,341
CCACAGGAAAGGAGAG,341
CCCCGCCATACCAAGG,341
GAATGTTATTTAACAT,341
GAGATATTATTTAAAT,341
TAGATATAAAAAAGAT,341
TAGCCCATTTCCCGAT,341
TTCAACTTGTCACTTA,341
TTCCAGGCAAAAACTG,341
AAATCATAAATGAAAT,340
AACCAGACATCCCGAG,340
AATTAGTTTTTGAATA,340
CCAAACCCCCCAGAGG,340
CCCCAGGAAACATCCA,340
CCCTCTAGAGCCATGA,340
CCGGGAGAACGAACTG,340
TCCAATAACTATAATC,340
TGTAGTCATTCAGTTA,340
AGGCAGGACACGCTCA,339
CATAAAACGCTACCGC,339
GCGTAAACGACTAATA,339
TAACAATCAAAAAGCT,339
AAAACTACAAAAAACA,338
AAAATGTTCAGTCAGC,338
ACCGAATGAACAAAAG,338
AGAGCTAATATAATAA,338
ATAGCTCATCGATCTA,338
CACTCTATCTAATAAG,338
CCTGATAGCTAAAAAG,338
CTATGGATGAATAATG,338
TCATGCGCAATAAGGG,338
TTCTAATCTGTCCTTG,338
AGATGGTGGTTATCGA,337
AGTGACCAAAAGGTAA,337
ATCCGCAGGCCATGCA,337
ATTCAGGACCATTCTT,337
CAGCGATCCAGATATA,337
GAAACCTAAGATAACA,337
GTAAGGAACACCAGCA,337
TCTTGCATAAGGTGAG,337
AAAGGCAAACATTAAC,336
AAGAGATTGAAACAAT,336
CAATAATACATTTACT,336
GCCGAATGCACTTCTA,336
AACAGTTTAAACCTGA,335
AATAGCTTTAGTGTTG,335
AATTATTAATTTCACT,335
AGCTGATCCTAGAAGT,335
ATAATAGCAGATGAGT,335
ATTCACAAATACTGTC,335
GACAACGTTAGCTCTT,335
GCAAGCACTAATGACT,335
GCAGTCTTATTAACGT,335
GCTAGAGATCGTATCG,335
GCTCCAAAGATCCTCA,335
TCTATGATGCAAGACG,335
AAAATTCCGTAGCCGA,334
AATCTTCCATCAATAT,334
AATGCATGCAAAATTT,334
AGCAGTACATACCAAG,334
CAGAGAAGGCGCAAGG,334
GATCCATATGCACTAA,334
GGAATAATAGCACAAG,334
TAAAAATTATATTCAA,334
TCACAGCTTATTCCAC,334
TGAGGCAACACAAATT,334
AACGTGAACCCAATTT,333
AGAATGACGAACTCTA,333
AGTAAAATCAATAGTT,333
ATCTGATAACCGCAGA,333
CACACGACAAAAAAAA,333
CACGAGGCTAACGACT,333
CATAGTTGTTGTGTAC,333
CATCAAGATGACGCCC,333
CTTAACGAGATGACTA,333
GCCAGAGGTCCCTGCC,333
GCGGCGCATTGTAACA,333
GGATGCTATTTGGCGC,333
GTCTTCCGATCGGAAA,333
TCTCACGCCAGCAAAC,333
TGCCCTAGGTATATAG,333
TGTATAATGGTCACAG,333
TGTATATCGAATCCCG,333
AAAATACGAAATTGGA,332
AAATGATGTAAAAGGC,332
AATTGCCCAACCAGCT,332
ATACCTTTCAATAAGG,332
ATAGAATCAGGTCTCC,332
ATGGGCTAAAGCGTTT,332
CAGATCCGGACCTGGA,332
TACCAAAATAACTTAC,332
TACCTAATATCGGAAG,332
TACTTCCCGGTTTCCT,332
TATCTCAAGTCAAAAC,332
TCAGTAAGCACGGTGT,332
TGTAGCGTGTCAACAG,332
AATAGAGCTAACAGTA,331
AGAGAATTATTACGGA,331
AGATCGACCTAATTCC,331
ATACTATCGGAATTTT,331
CTAAAATAACACTAAT,331
GGCTTTCTGGTTCTAC,331
AAAATCATTAATCTCT,330
AAATAGGTGAACGCGC,330
AAGCCGGTCTTGAAAC,330
ACATACATGGAAATAC,330
ATGATCGAGCCTCAAA,330
CAGACAATTAATTATA,330
CTAATAGCAGCCCGGA,330
GAATACTCCGTAGCTA,330
GAATGATTTTAAATGT,330
GCGATCTGAAAATTGC,330
TAATACTATTTAGAAT,330
TACAGTGGAACCCCCC,330
TGCAAATAATTAATTA,330
CCCCGAACACGCTGAC,329
GACAAACTTGGCAGAC,329
GTACACGTTAAAACAA,329
TCAACAATGCTGTTTG,329
TCCGTGATGTTGTACA,329
TTAACGACCCTGATTA,329
CACTCACCTAATCACC,328
CCCACGGATAGAGGGA,328
GAACCTTAGCCTCCTG,328
GCCCCAAGCCGCAACC,328
TACAGGGATGGCACCA,328
TCCACATTTTGACTCA,328
TGTATAATAACTTGCA,328
TTAAGAACCCCGGACG,328
AACGCAGTAAAATAGG,327
ACAGCCTACAATTACG,327
ACATCACATGTCAATA,327
ATTGGATATAATGTTA,327
CAGAACATACTTTCAA,327
TAACTCCCAGCTGTAG,327
TACAAACCCATAACGT,327
TTATAGCCACATTGTC,327
TTTAACCAAATTCCCG,327
AAAGACGTAGAACCCA,326
AATCGAATTGCACGCG,326
AGAAAACGAAGATCTC,326
AGTTAATGTACACATT,326
CAGAAACCGTTGAATA,326
CGAAGGAATGTCGCTC,326
CTCCACCATAATACCA,326
GAACCAAGAAAACTCG,326
GATGCACGTGCGGCAG,326
GTACACTACTGAACAA,326
TAAGAACCGCACGAAA,326
TACATCTTATGCAAGA,326
TCACCGATTCTGAACT,326
TTTGGTGAGGCTATCA,326
AAAAGAACAAACGAAC,325
AAACGATACTCTGGTA,325
AAGCTGCTGGACGATG,325
ACGAAAGGAACTGGGC,325
ATTAATGTTCCTACAA,325
CAAACAAGATACGCCC,325
GAAGGAGTCTAAAAAC,325
TACACATTCATTGTAC,325
AACAATTTTAATTCAG,324
ATATCCAGGTAAACGC,324
ATATTTACGTGGTTAT,324
CGCCATTGCCCGTAAA,324
GATAAGGGTGTGAAAA,324
GCATATGGATTCCATA,324
TTAAATGCCCTTTCTT,324
AACATTAATGCTACAC,323
AAGCAAAGGTAAAATA,323
AGTTGCGAGTAAGATT,323
ATATATTAAAGATTAA,323
ATCACAGCACATGCGG,323
GATAGCTCAAAACATG,323
GTCATATCCACTGTTC,323
TAAGCCAGGAAAATCT,323
TGTAAAAAGATTTTGA,323
TTAACGTTTCCCAGGG,323
TTGGGGGAGAGTTGAC,323
AAACAGATTGCTCGAA,322
AAGAAATGAAATCGAT,322
AATAAACAAGTCTCGA,322
ATATCGAATGAAAATA,322
ATTAGACAAAAAGTGA,322
CAAGGACAAGTGCGCA,322
CCATCATATACTATAA,322
CGATCGGAGCGCTATA,322
CGCATTGTGGCGAAAT,322
CGGAGTACAAAACATG,322
CTGTCAATTCAACATC,322
GCAATTCCCGTAATGA,322
GTTAACATAGAATTAC,322
TAGCTACCTATTTATC,322
TAGGCCGGAGTTGCCA,322
TCGCGAAGCTTATCAT,322
TTCAACTCTTCCAAAA,322
AAAGAGCTTATCGCTG,321
AATTTACTAGGAAGTA,321
ACACGGACTAATCCCT,321
ATCATATAATCACCCC,321
CACTGCACGTTTGAAA,321
CGATAGATAATCGAAT,321
GACCCAATTGATACAA,321
GTAGAAGATAACGTAG,321
TAAAAGAATATATGTC,321
TAAACGGACCGAGGTA,321
AACACATAAATTTCTG,320
AACGAGTAGCGACGAA,320
AACTTTGAGTAAAAAA,320
AGGTAACATGAATACA,320
CATACCGTAATTAAGT,320
CATCTAAGAAGAGAAT,320
CGAGCAGTTATTGATT,320
GCCATATACCCACACT,320
GTAAAAGCAAACTCGG,320
TATAGTACTTAAAGAA,320
TCTTATGGTGAGAACG,320
TGTAAAAAATCCCTTC,320
AAACGGTTGCTAACAT,319
AAATTTGTAGAGCCGC,319
AACAACGCATAATAAC,319
AACGAAACGTTCAAAA,319
AACGTACAACATGAAC,319
ACAATTCATACAACTA,319
ACTTCGATTCAATATG,319
AGATATAAGATCCAGG,319
ATATCTGAAAACCTTA,319
ATGATAAAAATTAAAT,319
CAATCAGAATAATCCA,319
CATTAGAGCTGTGAGA,319
GGGCTAAAGATGATTA,319
TAAAACCAATTACCGT,319
TCCTCATGCTACAGTC,319
AACCATGAACACTGTA,318
AACGGATTGCTTCGAA,318
CTTACGGGCCCCTACA,318
GAATATCTTCACATAT,318
GTTTGCTGTTGTCAAA,318
TTAAGTGACCTCATGA,318
AATGAAGCGTAATACC,317
CACAATAAATAAAAAG,317
CCACGTCTTTACAAGA,317
CGATGGCACCGTATCA,317
CTCAATAGCAAAGGAA,317
CTCGGAAGGCATAACA,317
CTTATTAAAAGACTGT,317
GAGAACTTAAATTAGT,317
GTGCAGGAAACTGCAC,317
TAATCCTGAGGTTATA,317
TCAGGGGCTTTAGCAA,317
TCTTATCTATGTAGAT,317
AAAGTCAACGTATGAT,316
AAGTGGTTCAGCCTGC,316
ACAGATTAATGCTGCC,316
ACCATTGCGGTAATGG,316
ACGCGACTTGAAACGG,316
AGATCTAATGCCGACC,316
ATACAACGTAAAAACA,316
CCATAGATTCATCAAA,316
GATTGAGTTAAACGCG,316
GCTCATAATATTAGAT,316
TACCTCAGACACACTA,316
TATGACAAAATCCGAA,316
TCTGGATTGCAAACTC,316
ACAGAGTGTTATAGCA,315
ATCGTCAATCCTACAG,315
ATGTGTGGAATCTTGA,315
CAGATGCACGTAATAC,315
CGAGACGGCCAACTTA,315
GCTATTGGGCGATAAA,315
GTTTCGAGGATTCCTC,315
TAATCGCAATGCTAGA,315
TGCGAGCCTACTAAGA,315
TTATATAGCTGAGAGT,315
AAAATTGGCAAGGACC,314
AAATTTACAAGGTTAA,314
AACAAATCAAACACCA,314
AATAATCATACAGATG,314
CCAATATCAACGAACA,314
GCCAACTTCACCTCTA,314
GCGGCAACCGAGTGAA,314
TAATGTCAACTAAAGA,314
TTAACTGTCTGAACGA,314
TTCCCTTGAAATGAGA,314
AAAAAGGGTAAGTTAG,313
AAAATTAATGCAGTAT,313
ACAGCGTGCATAACTG,313
ACCAGGACATAGTTAT,313
AGTGCTCCACCAAGAG,313
ATACTTGTTAAGCAGA,313
ATTTACTAAGAGACGA,313
GCAGTACCTGAACACG,313
TATTAAAGAGTGGAAG,313
TGTCTTGATCCAATAC,313
TTTACAAATTTATCAG,313
AAGCAGAACTTTCTTA,312
AATTAAAGAGACGAAT,312
ACACCCGGATTAAATC,312
AGCCCGTCATTCACTA,312
ATCATTTCATCTTACA,312
ATGGTTTAGTTAGTAA,312
ATTATAACTTAGTTGT,312
CTCCCTCAAAACAGCG,312
CTTGTTGCTCTGCCAG,312
GCAATGGTACAAAGTA,312
GCTCTTATTATCATCA,312
TAAGCGTTGAAGTACG,312
TTATAGCACTCACTGG,312
TTATGAAAAGTCTTTA,312
AACCAGACCACCACCA,311
AAGTAAAAGCGTGGTC,311
AAGTTTAACCGAGTAG,311
ACACCTAGTTTGCTAG,311
ACCTAAAAGGACACCG,311
ACTTGCTATAGAATTA,311
CCAACCGTTGCTATAC,311
GCTTAGACATCAAACG,311
TAACGGGTTTTACCAT,311
TATTAACAACCCAGCC,311
TGGTTTTTAATATTTT,311
AACAATATAATTAACA,310
CACTTGAGAATGACCC,310
GAAAATTCCTGTTTAT,310
GATGTTGACGGACATT,310
GCTACCCACGTAAAAT,310
TTAAAAGCAAAAAAGC,310
AAAAAGGACAAAAAAG,309
AACCTCATAAATGTTT,309
ATAGTGTGATCTGCCC,309
CACATAACTAATCGTA,309
CATACATATTACGAAG,309
CTGTTGACATCCAAAA,309
GAAATGTGAAAGCCCC,309
GATGGGACAAGCGGTA,309
GTAATAATTTTTTAAT,309
TAAATCTGATGCTCGC,309
TCACCACATCTCGTCA,309
TGCCATTAGAAACGCA,309
TTGTTATTGAAAAAAC,309
AATTAAACGACAAAAG,308
AATTTCACCATCTAGC,308
ACACATAGCTATTCTT,308
ACCTTATTTTGTTTCC,308
ACGGTAGGAGACGACA,308
AGACTATGAGGGATGT,308
ATTAGCTCCCACTAAC,308
CGTAGAATATACAGCG,308
GACGGGCTAAAATGCA,308
TAATAATAACGAGGTC,308
AAAAAACTCTTAGCCG,307
AACACTACTAAGTCAA,307
AAGGTATACGAGGCTC,307
AATCGCCTTCTATAGC,307
GTAGTTGTTCACCACA,307
TTCAACAGATGCAGTC,307
AAAGATCATCTAATCA,306
AAATTCAAGTTAGCGT,306
AATCAATAATTAACCC,306
AGACATACAATGATAG,306
TAAAAAGAATCATAAA,306
TAGGGTTAATTTAGCC,306
TAGTCAAGTCGGTCCC,306
TATAGACAATAGACAA,306
TCCTTCCAGTGATAAA,306
AAGAATTCTTAGCAAA,305
ACTCGAGTGAGCCTTT,305
ATCAACATAGAACGAA,305
CAGATAGCTTTTTAGT,305
CCTAGCGATACTTCTC,305
GAGCAACCGCTCAGAA,305
TGCTCAGATACAACAA,305
TTAGACCCAATACTAT,305
AAATGCAAAACCGCAT,304
AAGAATAATACTTTGA,304
AGAAACAAGATTACTA,304
ATAATTCTAAGACTCG,304
ATATACATGCCAATGT,304
GGATACAACTACTGAG,304
GTATTGACCCTCACGT,304
TAGAATAAATAATTTA,304
AAGCTCCATCGCAAGT,303
AGAGTGATAAATGGAG,303
CATCGAACAACGAGCC,303
TATCGAAGATCGTAGA,303
TATGTATAATCAAAAT,303
TTATAAAATATACTTT,303
ACAATCAAATAGTGGT,302
ACACAAAGCCCTACAA,302
ACTATACTGAACAAAA,302
AGACCTAGGCCTGCTA,302
CATGCAAAGCAAAAAC,302
CTGACAAACACACAGC,302
GAGCAGTCGTGGTTTC,302
GCAAATGCAGACATCT,302
GTGCGACGCTAATCCG,302
TCAAATAGGTCTAATT,302
AAACCAAACATTTGGA,301
AAGCTTCGACATGTTG,301
CACTTAAAGAATAGCA,301
CCCTTATTAAAGCCAC,301
CGGCCCTGCAGTAAAC,301
GATCGAGCCGATGGAA,301
AAATGAACAAACGGCC,300
AAGAAATCCGTCGAGC,300
AATATACACACCCATG,300
ACAAACGCAAAAATTA,300
CAATTAAATCATTCAG,300
CCAAAATCGATTAGTA,300
GATAGATTGACCGGTT,300
GCGTATAGAGCATTGA,300
AAAAACTGAATGATAG,299
AATAGAAGGAGTACTC,299
AATAGTAATACTTATA,299
AATCATGGACGTTATT,299
GATCAGTTCAGCAGTA,299
GGCAGGATGGATGCTT,299
TACTGTCGATATAATC,299
TAGCGTCATTAAAACA,299
AATGCAACTCGTAAAC,298
ACTTCCAGTACCCGTA,298
ATTGAACATGTTCACA,298
GTAATTCCAAAAAAGA,298
TTCTGTCAGTATCAAA,298
TTGTAGAACCAATCTT,298
AGATAATGCACGTTTG,297
ATATTCAAGCATGCAT,297
ATTATGAAATCGAGTC,297
CGCAATCGCTTCCATA,297
CGCACACAAACACAAG,297
GAGTATTCATACGTCC,297
GATATTAGTACGGTCA,297
GTCAGATCTACGTAAT,297
GTCATCTCTGTCCGTA,297
TCAATATTGAAGTTGA,297
AAACATTAAAATCTCC,296
AACCTGTGCTACTAAA,296
ACCCGAAAAAAACGAG,296
ATAATCCTCCCCCAAC,296
ATGCGAAACTCGCCAG,296
CCATATTAGAAATACG,296
GAAAAAAAATCTTAAC,296
GCACAATACGGAAACA,296
GTCATAAAAGACTCAT,296
TCAAAGAACGAGCGGC,296
TGGCTAAATTGACCAA,296
AAACGAATAATGAATA,295
AAATCCAATCATACAT,295
AACTACATAACGCCAC,295
ATAGCAACAAACCTTC,295
ATTTTCGTAAAAGTAC,295
CCAGACACTGCGCCTT,295
GAAAGGAAGACCATAA,295
GGTTTACGCTGCAGCA,295
TCCTACATACGAACAG,295
TGACCAAAAAAAAAAT,295
AAGCCGCGAAGCGACC,294
AATAAGATTGAGTTGG,294
AATACCCATCCGAATG,294
ATAGTGTGGGACAACC,294
ATCAAAAGACAAAATT,294
CCCTTTTAAGGCTCCG,294
GGTTTGGCATGGGAAC,294
TAAAAAAAAACAAAAT,294
TCTCGCAAAGTCTACA,294
ACGCCCAAAGGAACTT,293
AGTCCTTTAATAATTC,293
CTAAAACAAAGGCATC,293
GAATCAGGCAAGAAAA,293
GAATGTCTCGACTAAA,293
GTCCCCATCTGCAGAT,293
GTGGTGTAAGTTGTTT,293
TTAACTCAGATGATTG,293
AAAAATACGAACGCAC,292
AAAAATCAAAAATAAC,292
AAATTTGTCCAATTGG,292
AATCAGTAAATTTGTA,292
ACCAGACTTTATTAAT,292
GACGTAGTATAATGGT,292
GATATGTGTATTACGA,292
TACGTCTAGATCCAAC,292
TGCCAAGTAACTTTTT,292
TACCAATACGAGAGTT,291
TTCTAAAGTACAATGT,291
ACTGAGATCCATATTT,290
GTCGAGAAGATACGAT,290
AATGTCGCCATTAGGC,289
CATATCATGAATGCCG,289
CCAGCTCCTTACTCAA,289
CTCTACGAAATAAAAA,289
TAGATGTATCAATGCT,289
TCGTAAACATAATCAG,289
TTCCATATCTCAAAAG,289
ACAAGCCTACTAGTGT,288
ACAGGGGTTTATGTTA,288
AGAATTCCTTACGAAA,288
AGGCTCTTCCTATGCT,288
ATTACACCATCATATA,288
CCGTTCTTTACTAGCA,288
GCGATCAGCTGGGTGT,288
GGGATAAGATCACACC,288
GTGATGTTAGGGAAGG,288
TAGACTGCTGGTATAA,288
TCCATGACACCTAGAT,288
TTAAAAATATAATTAT,288
ACTAGACTTAACAAAG,287
CAAAGATAACATAAAC,287
CAATATACTTATTATA,287
GGTCGAATGTGCTGAA,287
TAAGACATGGGACCAG,287
AAAAACGCCAACCAAG,286
AAGGCTACACAAGACT,286
GACACTTTGGAAACCT,286
GTTAAAATTTTTCAGC,286
TATACACCTTTATCAA,286
TCAGGCTTACACCTCA,286
AAAAAAAAAACTCCCG,285
AATAAAAACTTGGTTC,285
GTAAAATACGACCAAT,285
ATTATATCATGGAATT,284
CCGAGCACTTTCCGCA,284
GAAAGAATGTCAATGA,284
GAAGGATAAAGCTAAT,284
TCATAAAATTGTCACT,284
AATATTAAAATCTTTC,283
ACTTATACATGAATAA,283
ATGTACAAAATTATGA,283
ATTACATTTAATAAGC,283
CAAAAACCATATATTG,283
GAACACTTTACTCACG,283
GTCTAATACAATAATT,283
AAATAGAAAACCGATG,282
AGGCTTCAGCTTATGC,282
ATTCCTAAAATACCGC,282
CTTTATTATGCCTAAA,282
GCTAAACCACCTCGCA,282
GTAGAAATAGAATAAA,282
TACTACCGCTATCGAC,282
TGCATGACGCTATCAT,282
TTTGTGTATTCGTCCG,282
AGACCACAATCTATAC,281
CAATTATACAATACAA,281
CCTGCAAGAATCCAAC,281
CGTAGCGATATCCCCT,281
GAACGAGTACTAAAGT,281
GAGCGCTCACCATTCG,281
GGGCCAGACCAAATGT,281
GTATAAGCGGATAAGA,281
AAACAAGTTCGAGATA,280
AAAGGAAAGCTCATGA,280
AAATGACGAGACGAAC,280
AATATGCTTTTGAAAA,280
AGTAAGGAGTAAGGGA,280
ATAGCCTTTAAAACAA,280
CCATGGAAGGACAGCA,280
GGTTCGTTAGTTTGCA,280
GTGTTAAACACATTCA,280
TAGCTTACAATTATCG,280
AGACTAGCACAAGGAG,279
ATTGATTAAATTACAC,279
CATTCATTTTTCCATG,279
TACGTTGAAGTAATGC,279
ACATAAGTTGGCAAGA,278
ACTCTCAAACATGAAC,278
CAAAAACTTTATCTAA,278
AACTTAAAATTTGCTC,277
AATTCTGACTCGCCCT,277
ATCATGCCGAACTGTA,277
CAAAATGCATTACTAA,277
CAAACAATATTTTCGC,276
CACATGAGACGTTAAA,276
CACCCGTATAGTAGAA,276
CATCAAGAATGATATT,276
CATCAGATTTTACTTT,276
GAGGAGGCGTGCCTTT,276
TACATAACAAGGGAAC,276
TTCTCATGTATAATAC,276
AAAAAAAAAAGAGAGA,275
AAGCAGACTAAGCAAA,275
AATGGTTTAAAGAGGC,275
AATTTCTCTTTGAGAT,275
ATACCGAGCTCACAAA,275
ATAGGCTAAATCACTT,275
ATTATTCTAGAAGTTA,275
AAAAAAAAATGTTATA,274
AAAATCAATATCTTCC,274
AAGCAAGAAGGCGCTC,274
AATTAATTCACTAAAA,274
AGAAACCTATTCTCAA,274
ATAAAACTCACGTCTA,274
CACCTATCCGCTAACT,274
GGAATTCGGAAGCAGC,274
GGTATACGATATCACG,274
TAAACACCAAAATATG,274
TATATTTTAACTAAGG,274
TCAAAATTCAAAAAAT,274
TCACCACGTAAGTGGT,274
ACACAGATTACCGTCA,273
ACCGAACACACGCTCT,273
CAGGACAAAATGAACA,273
GAACTTCGAAAGGGCG,273
GGCGCGATTAAAAAAC,273
TTCCATCACGGATGTC,273
AAAGATAAATTGACCA,272
AAGATTATCACCTTTA,272
ACAAATTAACCCGTTT,272
ATTGACCCGCTCAGTA,272
CAGTAAAAATAGGCTG,272
GAAAAAGAAACCTGAA,272
TAATAAAAATTAGTAG,272
AAGCTGGTTACCAACA,271
AATTACCTCACCACCT,271
ACCCAAAACTTGTGTT,271
CTTTGACACCCATAAA,271
TACCAAAACAGTATAA,271
TTGATTAAACATTCTA,271
AAAACGACACACGTCC,270
ACCTAAAAATTATACA,270
CCCAAAAGTCTCGTTA,270
CGAGTCCCGTACGATT,270
CTGAGTTTCCGTCGCA,270
CTTTGACTAGTCTTAC,270
GAGTATTCCGACCCAA,270
GGCTTAAGATATAAAA,270
GTCCGCTGATTAGAAA,270
AAGCTCTTATTAGAAT,269
AATCCTAAAAGGTTGC,269
ATACCTGGGAATAAAT,269
CTTGCGCCCCTCTATA,269
GACATAATCGGAAGAA,269
GTCCCTTGACCGAGTG,269
TAAAATTTAGAGTAAG,269
TGAAACTCGTAAAGAT,269
TTGATAAATATTTTAC,269
AAAAAGTTTTTCATTG,268
AAGATCTTCTAACCGT,268
AGATAATAATTTCCCA,268
ATAGCATTTGTTTACA,268
CATAAAGCTCTATAAC,268
CGGCGAGGTAGGTATA,268
TAGAGTAAATTGGCGA,268
TCATTGGAATATATAA,268
TTCATCAACATCTTGC,268
AAGAGTAGAAGCGAAG,267
AGAATTGCACACCTTT,267
CATAAATTCTAAATAA,267
CGAAACACTGCAGTCT,267
GCGCAGAACTTATAGA,267
TCAGTAGATAAAACAT,267
TCGCGAAGAAGTGTTA,267
TGAACGCTGATGCGGC,267
AATTTCGTAGAAGACC,266
AGAAGGGAGGAAAACG,266
AGTATCTAAGTTAACT,266
CAAGCTTCCCTCTACA,266
CACCTGACAGCAAATC,266
CTATAAAAAAGTATGA,266
CTGTATACCCGATCAA,266
TATAATCCATAGCTAT,266
TATCCTACTGGACGCT,266
TCATTGGTCGATTCAT,266
TTCGTGAACTAAAATG,266
TTGGCTCCCACAAAAT,266
AAATTAACAAAAAGTG,265
AATTACTACGAGAAAT,265
ACGATAACAATTAAAA,265
CGACGTGATAACCCCC,265
GGACATGACCTTTCCA,265
TTGGAAACGACTGAGT,265
AACGTAAACGTTTTCC,264
AGATCCAATAAGTATC,264
ATAAATGAACGTAACA,264
ATAGATGAGATTTTTA,264
CAAGAAGCACAAGAAC,264
CACGAAAAATCTCCAC,264
CTTGAAAACTATGTAA,264
TAAATTTACAAGAGAG,264
TTCTAGTTGCTACCCT,264
TTTAAACATAACAACA,264
CAGATTGCGTTGCTAT,263
CATAATTCCAAAAAAT,263
GAGATTGAAAAACTTA,263
GGATAATACAGAAATG,263
GGCCCCCCCCCAACAG,263
GTCACGAAAGGAAGCG,263
AATCCCAACATGTACT,262
ACTGTAGTATAATCAC,262
AGCTAGAAGCGAAACA,262
CATAGGTCGCATACCT,262
CATATAAAAGGCGTAA,262
GCAATATCCCTTGCTA,262
GTAACAAACAAGCAAG,262
CGAACCTAACCACCCA,261
GAAGAGGGATCGGACA,261
GAGGGTAGGAGTACTC,261
TAGGAAGCAACTCCGC,261
AAACCCAACCCACAAG,260
AAGACAGTGAAGCAGA,260
ACCGCACTGAACCGAA,260
CTAAATGTCGTTGGAG,260
GGTATATATTTTAATA,260
AAGTAAGATACCAGAC,259
AATCCGCGACCAAGAT,259
ACTTTTACCAGGAAGT,259
TAAAGGATTGACCGCT,259
AAGTGGTCAGAACGGT,258
ATATCCCTGAGCCCTA,258
GCATTTTCATGCCGAA,258
TAAAAAAAAACGCACC,258
AAGAATACTAATTCAT,257
AATTTAGAAAGTGTTA,257
AATTTTAAATAAGCCC,257
ATGAATTGTATTAAAA,257
CAAGATTGGGAGATCT,257
CATGGACGGTAGTTGA,257
TTGTAAAGTTGAAAAA,257
ATTCGTCAACACACAA,256
CCCGCCAGATGTGCAA,256
GATAAAACGGTCGGCA,256
AACCACCCGTAAATAT,255
CACACACGAAGGCCAG,255
CATTATAAGACACCCA,255
CCACGGAAGTGATGGC,255
GTCCTCACTCTAAAGC,255
TTTTACAACGAAATAA,255
AAGACGGTTGTCTAAT,254
AATCGCGAAATCATCT,254
ATCTAATTTACTGAGC,254
CTAAGACGACCATAAT,254
CTTGCCTCGAAAATTT,254
TCTACATCTAACTGAG,254
AAATCCCAAACGCCTT,253
ATACAAACAACCGGGT,253
ATTACAAACAAGCGCA,253
ATTGTAAGCTGACGCA,253
CCACGCACGATCATAT,253
TACACAAACGGGCAAA,253
TTGCCAAACTCGTCTT,253
ACTCAGAATTAAAGAA,252
CGAAGGTTCGGAGAGA,252
GCACCTAACTCCAGCA,252
TAAAACTAAAGACTCG,252
TCACCTATTGTACGGA,252
TCCTATGCACCTTTAC,252
TCGAAAAAGTTGGGAT,252
AAATTTCAGTGAGCCT,251
AACCACGAAAAGCGCT,251
ACCCCTAGAAATCCCT,251
AGGATATACCGGGGAC,251
GAAGCAAATCATTAAA,251
ACTGACATACAAACGA,250
GAGATTCTTATATCCT,250
GTTACATTTGACCGCA,250
TAGGACTCAAGCTTCG,250
ACTGTACTTTTACTTA,249
CCCATCCCGACAGAGA,249
CGGGAACAGCCATAAC,249
GAGAGGCGGACGCTAA,249
GAGGACATCATTAGAT,249
TTAATAACTTTCAAAA,249
AACACTGAAGATAAAT,248
ACCCAAAATTAAGATT,248
ACGATTAGTATCAACA,248
CTTTAGCGCTTATAAT,248
GACGTATACTAAAGTC,248
GTATCGACCAGTGTTT,248
TGTTGTGATTAATGAA,248
AGTCTATACTTGCTCC,247
ATCTCTACACCAATAG,247
CATATGACACGTAACA,247
CGGCTTCTCAAAAACT,247
CTGAAAACACCATAGA,247
GACCCCAGAGCCTCTT,247
GACTTTACAACCTTCC,247
GAGAACATGGGAAAAG,247
TAATATAAATCTCATG,247
TTAGCCGGTGAGCCCT,247
TTATATTGGAAGAGAT,247
ATATAAAATAATCCAC,246
CCGATTCCTTGTGAAA,246
CGCTATTATCTGTAAA,246
CTGAGAGCTGAGACTA,246
GAACGTGGGAGACAGC,246
TAAAACAAACTTACCC,246
TCACTCAAAATTAGCG,246
AAATTCCTTCATCAAT,245
CATATAACAGAATCGT,245
GCCATAGAATATATAG,245
GTTTTGAAATATCTAG,245
TCTCCATACACTGTAA,245
AGGCCAGCCTCCTGAA,244
ATACTGTACAAGAATA,244
CATCTCGCTTACGGTA,244
CTAGTAATATATACAA,244
CTTAGAATAAAAAAAG,244
GACTTGTGATCAATAT,244
TAGCAAAAGCACTGGT,244
CAATATCATTCATCTG,243
CGGTTAAGGTAAATGA,243
CTACCGCAACAATACA,243
GCCCGTTGGCAATCTC,243
TATCAAAAGTAGTGCC,243
AAACATCGTAGAATTT,242
AAATACGCGGCAGTTA,242
AATAACAAGATAATTG,242
CAGGGGATTTGCCTCC,242
CCCTAGATCCACTTAA,242
CGTCCTAATGCAAACA,242
TTATATGATCAACTTA,242
TTTGGACGAATTAATC,242
AATGTGGCCCTAAAAA,241
ACACGACGAGAAACTA,241
ACGGCTGCTGGTATAT,241
AGATTGCCGCCCTCTT,241
ATAACGTAAAATTGCT,241
ATAGGCGATTCAGTTA,241
CGTATGACTTCGATGA,241
GTCATCCGTAAAAATT,241
TACTGCGAATTTGGAA,241
TAGGGATCACCACCCG,241
TAGGTAACAATCAACA,241
TTTCCACGCGTACTGC,241
ACCAAGTCTGGTCTAG,240
TAAAATGCCATCTATT,240
AATCTTACGAGTATGC,239
ACGAGAAAAAGTCTAA,239
AGAATACGCTTGAAAA,239
CAACTCGCACAAATAC,239
CACGAACGGGCAGGTC,239
GACGTCCAAGATCATG,239
GGCAGTCAACATATAT,239
GTAAATACTACGGAAC,239
TATGAATCCTCTACGG,239
TGCAAACATCTTAAGC,239
GTGAAATAGAGCAACC,238
TATATATTCGTGCAAA,238
AAATGTTTTCATTAAA,237
ACATAGAAAAATATCC,237
GAAACGTTAGGGAAGT,237
GAATTTACATATGATA,237
GTCCCCCAACGCAAGA,237
TCTGTACCATAGGATA,237
TGCAGGAAACTATACC,237
ATGCCCTCATTCTAAA,236
CAAAACCAGCCGCCAA,236
CAGTAGTGGATTAAAA,236
CATAGCTTTACGGGCC,236
GACCAAAACTTTGAAT,236
TTTGACAATTAAGTAC,236
AAAATCGATCAGGACA,235
ATACATTATTATACAC,235
CGGCTCTTAAATAAGA,235
CTGGGTATGCAATTTA,235
GTGAGTAGCACTGCTG,235
TTAATATAACCAACAC,235
AGGAATTATACTTTAA,234
ATGGTTAAAATCCAGA,234
CAAACGCAAAATTAAA,234
TCCGAGATTAATGCGG,234
AAAGGTCATGAATTAT,233
ATAAAAACCTCGAAAA,233
CGAATGCGTGATAACC,233
GACGAGTCGCAGTTTG,233
GGAAAGTGAAGGCTAT,233
GGCCACAAATATAAGA,233
GTTACTGCAAAAATGA,233
TACACTCATACTCTAC,233
TGAGCAATGATGTCAA,233
TTGACGGACAATCCAA,233
AACAATAAAAGAATAG,232
CAAATACATTATAGTT,232
GTAAGACCCCCACTAA,232
TATAGATCAAATGTCC,232
ACTACAACATATAACC,231
CAACGGGCCTATAAAC,231
TAACCGTCAACTGAAC,231
TCGAGATTAGGATTTA,231
TTAAAATTGCCCAAGA,231
ATGAGCAACAATAATA,230
CAATCGAACAGATGCG,230
GGATAGACACCAGCCG,230
AATTAAGATCTGGTTT,229
AGGAAGCACTACTGAG,229
ATCTCCGAAGTTCCAC,229
TACAAATAACTATCGA,229
TTCCCATCACTGTGAA,229
TTTAAGCAAACAGACT,229
AATCTGAACGATAAAG,228
ATCCAATATGAATACA,228
CCCGTAGCTATTCTAG,228
CTATAATCATAACACC,228
TCTATATCTACTAGAT,228
AAAGACATCCACTAGA,227
AAGGATAAACGTTTTA,227
AATATCAAAAAAATTG,227
AGAATAATTGCACGAA,227
CAATAACGAGAACAAA,227
CTATAGCTGACTACTC,227
CTGTCCTCACAGGGTA,227
TCCATGTGTAAAAACC,227
AATCTTGTAGTCCCGA,226
ATAGATAAACCTAAAT,226
CCTATGTCATGATAAA,226
GATGGTGAATAAATCC,226
ATAGAAAAATCACAGT,225
AGTATCGTTATCAGAT,224
ATATAGTAAGTCTGAA,224
CATCTTTAAGATATAC,224
GAGGTCAAATAAACTG,224
GGATATTCTTTCTTCC,224
GGGTTAGGACCATGAC,223
ACCATAAAAATCTCAG,222
ATAACATAACGTGTGT,222
CATACAATAATAAAAT,222
GAGTCAAGTACGACAT,222
TTGAATCGAGGGATTA,222
CACGTATATTTGTAAA,221
GTCGACAAAAACCAAC,221
TATAGACATTAACTCA,221
TATATTAAGAAATCAG,221
TATTAATTGTATGAAA,221
TGACATCGCAAAAGAT,221
ATATAGTTCTCAGCAA,220
GGATACCAAATGACGA,220
GTCCCCCGATTAGCTG,220
TTATGAAACAAAAGCA,220
AGTACAATCAAAGTCG,219
CCCGCCCACGTAAATT,219
GCAGATCTCTATTTGC,219
GGCACAAAACTTACTT,219
TATTTCTGTTTATGAA,219
ATTATATGAGACTCAG,218
GTATGGATATATGTAT,218
AAATGCTCTGCTGAGT,217
AACGAACGTCATAATA,217
ATACAATACAGTATTC,217
GAGAGCTTCAACTCCC,217
GGAACCTCAAAAGTTA,217
CCATTAAATGATATCC,216
GGTGTTCTAAATAACA,216
AAAGAAATACTATATA,215
ATAAAGGAACTTTACA,215
ATACAAGAAATGCAAC,215
CCAGGACTATCCTACA,215
GTAAATGCAATTATAA,215
TCTGTGCGTCTTACAG,215
ACTGCTAAATCAAAAC,214
ATCTTAAAAATCTGTA,214
CGCCGACAATCAACAA,214
CTTGATTGTAATCTTT,214
GATAGGAACTTTCAGA,214
TGGTATCCTTGGTCGA,214
AAATTAACTAAGGATA,213
ATATGAGTAGCTTACC,213
ATCTCTATTATGGACA,213
ATTTCGTTTAACTAAA,213
CGTTTGCCGCTGTTAA,213
CTGTCCAGAGAGTGAC,213
TATCTAACTAAACGTA,213
TTCAGTCGGGCAACAC,213
AAAGAAAATTAGAATT,212
ACTCAAGACGTACCAA,212
ATAATCTGCCTAATCT,212
TTGTATAGCACATACG,212
ACACATAGATCGGCCG,211
GGTTATAAGACGGCCC,211
ATACGAGATACCTCTC,210
ATCTATACTACCAGAC,210
CTGTAACATTCGTTCA,210
CTTTTACAATAGAGAC,210
GTGCTTATTAGGTAAT,210
TCGTACGAAACTCAAA,210
AAATGCATCAATATTT,209
ATCCCTTCTCTAACAA,209
ATTTAAGGGTCAAAGT,209
GCTTCCGAAATCACTA,209
GTTTACCTATTTAGCA,209
TATAAAAGATAGGACC,209
AAAAACTCCACAGCAA,208
ACGGAAATCGTCCATG,208
AGCTATCACAATTTGA,208
CATGCGACAAATTGAC,208
CGCTACCGACAAACAC,208
GAATCTAATTAATATA,207
ATTATGTATTTAAACA,206
CTTGCAAATAATGCGA,206
GGGCCGCTATTTGCGA,206
TACATGTTATCATCTG,206
TTAATACGCTAAGGTC,206
TTAGTGTGCTGTATAC,206
CGTTGTGCTTTAATGG,205
GGAAATAATCAAGTAA,205
TCCTGAAGCTGAAATT,205
TTAATGCAGCGGTCTG,205
AAACACATGGCAATTA,204
AAGTCGTACTCGGACC,204
ACCTATGCAACTAGGA,204
CAACCAAAAAAAGACA,204
AACCTATCAGCCCTCG,203
ATCCCTGTCGCGCTAG,203
CACCGTTCCTATAGAC,203
CCATCACTTACTTCAC,203
CGTAACAGTAAGATTT,203
GAAAATTTGCAAAGTA,203
TCAAGAACCTTTTATT,203
TTCGTCAAGATGCCCA,203
TTTAAGTTACCAACAA,203
AACATAGAAAATGACA,202
CCTCTGGAATATAGAG,202
TCAGTCAAATGCAGTG,202
CAGCTATCACGCGAAC,201
CTATCCCTAAATTACG,201
TAAACATGCTTGTAGT,201
TATAATTCAGTAAATA,201
AAATACCATAATAGAA,200
AGATTAAGCGATAGGC,200
CCAAACGTGCTAGTCG,200
AATAGGTCCACAGCTA,199
AGAACGTACTACAGCT,199
AGATAATAAAAATAAA,199
GCAGTAGGTGGAAAAA,199
GGTTATAGCGAACAGT,199
AAAAATAAAAGGCTAA,198
AAAAGGGTCAATAAGT,198
ACTTACGACAGACAGG,198
ATACAATGGAAAAATG,198
ATACTATATAAAGATG,198
ATGTTGGACAGTGGCC,198
TTGCCGGCCATAGCTA,198
CTCGTAACAGTCACAG,197
CTTGGCGAAAAAATAT,197
GAAAGATGTTTAATAT,197
CAGAACCAATCCCCAC,196
AAAACTTAAGCGGGCA,195
GCACACAAAGTGGGCA,195
TCCACTGTGAAACTAA,195
ATCTAGACTTAATGAT,194
CTAGATGATCAGTCGA,194
GCTATCCATTTATCTA,194
TATCTAAGTATCATCC,194
TTATATACATCCGTCA,194
AGAAATAAATAAAACT,193
TATTGGTCAAAAAGCA,193
TTAAAACTGCTAATAC,193
TTCCCTAAATTATATT,193
ACTGAAAACAAAAACT,192
ATCTAATTATTTAACG,192
ATTATAATACCTAAAT,192
TTAAACTCAGGAGTTC,192
AATGAGTTAGAAGTAG,191
AATTATAAGTCCTAAA,191
AGTTTTAGAAACACAA,191
CAACCCTGAATACACG,191
CTAGGTGAAATAAACC,191
GCAACTTATAGTCGAG,191
GCGCGCCTAGATGCAC,191
TGATAATGTCGATAAG,191
TTAGGCAGGACAAACG,191
AAGATTCCGTTGCTGG,189
ACAAGAGGGGTTATTA,189
ACCATACAAGTGCTCC,189
ACTCATAACTGATATG,189
ATAAATTATCCAGCGG,189
CGCTACGTTGTGATCG,189
CTATCCTAAATAAAAT,189
TATGCATGACGTCTAA,189
CATCATGTACCAAGCA,188
TCTACAAGGATCTAGG,188
TTTGAACTTAGAAGTT,188
ATGCTGGGAATAATAA,187
CCATAGAGTCACTCTC,187
TTCAAAGTAACCTTAC,187
ACACAAATTAAGCGTC,186
CAAAGTAACTCATAGT,186
CATATGTTAATTACTT,186
TGAGATAAATTGACAC,186
ATATAAATAAAGCCTA,185
ATCTCAACATAACGTA,185
ATGGATTAACAAATGT,185
GTAAACAAGCGATGCT,185
TATAAAACCCATGCGC,185
TCAGGGCAGGCAATCT,185
ACTCGGTTTGTTTAAA,184
CACCGAAGGATCGACT,184
CAGGCTAGACTTTCTG,184
CGTGACTGAAGTTTAA,184
GAAAGGAACTAAAAAA,184
GTTAACACACACAATT,184
TATCAATAACCACTTC,184
TATTAAGAAGTAGGAA,184
TGTTGGATCCTGAGTA,184
ACGCTCTGCTCTGGAT,183
AGACCATCACTACAGA,183
ATTAAGTATACTACTC,183
AACCTCTTCTGTATCG,182
ACTTAACAGACGTACC,182
AGGGGCTTTTCGATAT,182
ATACAAACAGTCTAAT,182
CATCTGATCTTAGCAA,182
CTTAAAAATCACATCC,182
CTTGTTCTTGATATAT,182
GACTGAAAGCGTGCAG,182
GTCACCAAAAATACTA,182
TACATCAATTCCCGCG,182
TACCAGAGAACTCAAT,182
AAACCCGTGAGATCAA,181
CACGGTTGTACTCCGA,181
TAGTAGCCAAGGATAA,181
ACTGGCTCCACAAGAA,180
CACTCAGCGAATACTC,180
TATCTATAGACCAACT,180
TGGGCATATTAAGCAG,180
GCACGCACTATGGACG,179
TAAGTCCAACATAAAT,179
TCATGGGGGGGGAGGA,179
TGATGCATATCATTGA,179
AAATTTATAGATGGCA,178
CGATTAAATAAGTATG,178
TAATTTAATATCTCAA,178
ACGGATCAAGTGCCCG,177
CACTAAGGGTTAACAC,177
TCACTCTTGCACTTTA,177
CAAGTATTCTCAAGTA,176
CGCACGACGAAACAGC,176
CTAACAGCAAATTCGC,175
CTGCCCCTCACATCCC,175
AGGCTCTTGTTCACAG,174
GGGCTATACGAATCAG,174
CCAACATAATAAAGAC,173
TAGTTAGCACCAACCT,173
AAGCGAAAACTTGCAC,172
ACGTTAAGAAATCCTA,172
GACAATAAGAACAAAA,172
AAAGAAATTAACCTTA,171
ATATTAGCCTCCAATC,171
ATGACAATATTTTACC,171
CCCCCCTTAAAATTGT,171
AATAGATGATAACGAC,170
AGACAAATTAAGACCA,170
ATAGAAGAGTAGTCTA,170
ATATACCTCCTAAATA,170
CAAATACTACCTGCTA,170
TGCAAGGGTGGACCTT,170
GCGCGTAAATCGATAA,169
TAACTATTCGCATCAT,169
CCGCAAGAGAAACAAA,168
AAAATAACAATTATAA,167
AAACCGTAAAGTCCAT,167
AACATAACAACAAGAC,167
ATTTGGCCTATGACCT,167
CTCAAATATCCGCTAT,167
AGGAACGACGATCCCC,166
ATTTTTTTACATTATC,166
AGTTGTAAGTGTCGTG,165
GATTTAAATACCAACA,165
TTACTCACGTGAGAGC,165
ATTACATTGGAAGAAC,164
CACCTAAAAAAATCTA,164
GACAATAAACAAAATT,164
GCTAAATAACTAGCTT,164
TCAAACAGGATGCGGA,164
TGTCTGAATACACCTA,164
ACTAAAAGTAAGTTAG,163
CCCAATTGTTATTTAC,163
AGTTTACCACTAAGCC,162
CGCTTGGACCATAAGT,162
CGTATCAGGTCTTAGC,162
CGTGGGGGCCTTTAAC,162
AACTCCACAACAAAAT,161
AATCAGCAAAAGTATC,161
AGTATGAACTTCCGAA,161
CCAATCACATCATGGG,161
TACTCCAAAATTCTGC,161
AATGGACCTGATCAAG,160
CATCCCATTAAGAAAA,160
CGCTCGTATGCTTTTC,160
GGCAACAATAGATGGA,160
TAACTTTCTTAGCTCA,160
ACGTAGTTCACCTCAA,159
ATTATTTCAGTTGGGA,159
CTAAAAACCCTTCCCT,159
TCGAAAACAAGTTTAC,159
AACAAGCTTAACTCAT,157
AAGAGAGAAAAAACAA,157
ACGCCCATTATATGCT,157
CCGCTACTAAGGTGCC,157
CTCCGATAGCAACGAA,157
GGGACTATTTTTATGG,157
GTAAGTGATCCGAAAA,157
AACACTGTAAAGCTTT,156
ACATCACCGATAAACA,156
GGGTAACAAGTGGCAC,155
GTAGCGGACTGGGACG,155
TGCTATTTTCTTCAAT,155
TTATAATTCATACTCA,155
AATCAATTAAAATATC,154
AGGCTATGAACTCATA,154
CCCGGAACTGGTACTC,154
TAAAGAATGAAACTTT,154
AATATGAAGATTATGA,153
TAAAGAAGGAAATGCA,153
TCTTTCAAATAATAGC,153
ACAAAGCCATTACCGA,152
CAGTTACTCAGTGGGC,152
CGCCCTTACGAACAAG,152
GCCAGCTGTAAGGCCG,152
AACCAACACACGATAG,151
AAGATTATACACGATG,150
ACAATTTATCCTAACC,150
GAATATATGAATGTGT,150
CTTTCACAACACATTA,149
GAAACGCGAAGACCGT,149
CCTAAATAACCAACTG,148
TGATCATTTTAAGGCT,148
ATTTCCCAACAACTAA,147
CTGAAAGCCCCCAACG,147
AAGTATAACAACACCG,146
AGCGCTTCATAAGAGC,146
ATATATAATCATGGAC,146
AAAAGTTAATATATGT,145
ATGCCGCACAAATTCA,145
TAAATCCATTGACCCT,145
AAACTATGAGTTTTCA,144
ACGACTCTATAAAATA,144
ATACTCATAACGAAAT,144
ATCACAAATGATCTTA,144
CCGATCTGATGCATGA,144
TTACGATGCCGGAAAC,144
ACAAGGCCCGTACGGT,143
CAGAGTAAAATCATAA,143
GTAGGAAACAACGAGG,143
TCCGATTAAGATGAAC,143
GCTTTTCAGTTAATAA,142
TCTTGAAAACGTACGT,142
CAATGTGCCCCTTTCA,141
CCGCAGCTATCTCCAC,141
AAAGACTCTCGCAACC,140
GTAACACAGCAAGGTA,140
AAAGAATCTTAGCCCG,139
CCTTAAACCGGCAGAC,139
TAAATTCAGGCTTGGC,139
AAAATTGCAGGGCTAG,138
CATTCAAAATAGCTAA,138
GACGCAAAAATATGGC,138
AACGTTACTAACGATG,137
TCGTATTCATAACGTG,137
TGACAATAATGACAAA,137
TTCCCAATGCCAGCAC,137
CATTGTCGCTTTTCAC,136
GTGCTACCGTATCAAT,136
GCTAATCACATACTTT,135
TACAATCAACAGCATA,135
TGAGAGCTATCGAATT,135
ACAAACCACCGCAAAT,134
CCCCTCGTCCACACGC,134
CTCCGTGATAGCATAG,134
TATAAAAAAGAACTGA,134
ATTTGAAACTAACATA,133
AGATAACGGTGAATAT,132
TAGCCTAAATAGTACA,132
TTACGAATTACATGGC,132
AAATGACTACCTAATG,130
TAAATCACGATAATAT,129
TAATACGAAAAACCTG,129
AACACTACATACTTGG,128
AACGATACAATGCCAG,128
ATAATAAAACATGTCC,128
TATAATCTCTTCTATA,128
AACAGGTGACGTATGT,127
GAACGATGTTCATGGA,126
AAATAAAAGATCCCCG,125
AATATTATTTCATGGA,125
GAACCCTGACTGGAAA,125
GCTCAATTTAACAAAA,125
ATCTATCTAAACTACT,124
GCAATATCTGTCCAGA,123
TGACACACCGAGCATA,123
CCTGATAAGAAGTGAA,122
GTATCCTGTAACTGGA,122
ATGTATCATATTTAAT,121
GAACTCACCACCCAGG,121
CTTGCAACCTGCTAAA,120
AGAGAAACAAATGAAG,119
AGGTAACTTCATCTAG,119
GGGAATATTTTTGTGA,119
GTACGGCGTGTCCCTT,119
TCCACCTTGCTAAATT,119
TACAATTATTTAACAA,118
AAGTATCAAATTTCCA,116
AATGATTAACAGTCCC,116
ACTAATACTATTAGAC,115
ACGCAAGGTATCCTGG,114
GATTAGTCAAAATTAA,113
TGCTTGGGTACATCAT,113
GTGAGTCTTAAGCCAT,111
CTAACCGTTATTCAAA,110
CTCCCAAAATCACCCA,110
GCAACTTCAGGTATTG,110
AGTTTAGACTAACTTC,109
CAAACGCCACGCAAAA,109
TACAAATGAAATAACC,109
TAATCACAAAGAAAAA,108
AAAACATGTGCTTAAT,107
AACATTGAGAGAACGC,107
TCATTACACATTAAAA,106
AGCGCAAAATACATAC,105
TCTAACCACAATGTCT,105
CCGAGCCTAATATCAA,104
GCATAGATACCAAGAC,104
TGCCCTATTCAGGTTT,104
CCTGAACATCCAAACA,102
TAAAGACTCCAGTAGT,102
TACTACCAGTAGATGG,101
AAAAAAGTTAGCTGTG,99
CACTACAAGTATGCAT,99
GGCCTTACCACTCATG,99
AAATAATATATATCAA,98
ATAATTAATACACGTC,98
CCAAATCGTCACACAA,97
TGTTAAATCTTCAGGA,97
AGCATGTCATAACAAT,96
ATCGTCAAGCCGAAAA,96
TATAACTGTTTAAAAG,95
TTAATGTCGCGTGCAA,95
AAGAACAATTACAATA,94
TACAACGATCCTGTGA,93
TCAGAATTATGAAACA,93
ACCGCGCCTTTATTTT,92
CTAAGATATGTTCATT,91
GAATAGTATTCTTTGC,91
GAAAGCCAATTAAAAC,89
GTTGACCGACAGCCCT,89
AAGAAGGGCAATTAAA,88
CTTGACCAGCCTTTTA,88
GATATCATAGACTCAG,88
GCCAAAATATGTTAGC,88
TGTATCGAACGTCGAA,88
ATATTATTCACCTTGA,87
TAACTTAAGATCATTC,87
TACGGAACAATACTAT,86
AAGCGGAAATTAACGA,85
AGATCATGATTTAGAA,83
AGTACAGTCCACCGAT,83
CTACCAAGATGCAATA,83
GACTGAAAATAAACTT,83
GGTAGGTGCCCGATGT,83
AACTCAAATTTGACCT,82
ATAATGATCCGGAGAT,82
GTAGATTGCGAAACGG,82
TACAGAATAACGTCAA,82
ATAAAAACAAAGTCTG,81
ATTTTACCAACACTAC,81
ACAGTTTGTCTATGAG,80
ACTTTGAACTCTTTGA,80
ATACTTCGCAGTGCCT,79
ATAATGAAATGCCACT,78
TTTATTGATCGGCGAA,77
CCTTACTCATTATCTG,75
CTAAATAGCGTATCTA,75
CCGTACCCGACACGAT,73
AGTTGAATTAAAACCT,72
ATTTGGATCTATAGGT,72
TGAAATGGGAGATCCA,72
TTAAAATACTTATATG,71
CCGGCCCTAATCCTTT,70
CACTTGCCTAAGACAA,69
TATACGTTGCATTTAG,69
TGGAGGCACTGACTAC,69
AGTGATTCATCGTCAA,68
AAAAAAGAAGGTGGCT,66
CTACCATACACAGAAC,66
TTATTATATTATTCCC,65
TATATAATATGCAAGA,64
ACAGGTTACAGAAAAG,63
CTTAGCTAATAAAAAA,62
AGTTAGACTCGGGAAA,61
ATCCAAGAAAGTCCTG,61
CAATGGCCGGGACATA,59
TGGACCGAGTACTCTG,59
ATGCGATGGCTCAAAC,58
GCAATAAAAGAATACC,58
TAAAAATAATAATTCA,58
ATTACTTAAGGCAAAT,57
CGTTAGTTAAAATCGG,57
CTATATAGTAAGGAAA,57
ATATCGGTCCTTTGGA,56
GAAACATCTAAGGCTA,55
GAGAACCAGCCCTTGT,55
CAAGTCACCATATCTC,53
CAAAAAAAATTTAACA,52
AAATTGCTAATTACAA,51
GGAATTAGCCGACATA,51
TACACGGCCATACTGG,51
GATGCCCAACGCTATA,50
TTGTCGAAAACCTCGC,50
AAGCATTCCCTGGAAG,49
CCAACTACATGATAAG,49
TACGTTGTTAGACTGA,49
AACCCCAAGGAATAAA,48
GGTCTCCATATACAGC,48
GATAATAAAATTACTA,47
TACCTGCGGCGCGACA,47
CACTCATAGGTAAGAC,46
TAGTTTTTTCTACGAG,45
AGCATATATATGCCGT,43
ATCTTAACACATTTTC,43
CAGAAAAAAAGTGGAC,43
ATATTCCATGTATAAC,42
TTCGTCCCTACATATT,40
TCATAGCAGCCTTATA,39
TCTATTTATTAGGTAA,39
ACATATGAATGCGTCG,38
GAACTACCCTTTATCA,38
TTTTGTGATACGTCGG,38
CAGCTAAGTAATGGGT,37
CTAAGATGATGACGCG,37
CTAAAATCAAGGGTAC,36
AACGACAATGTAAAAC,35
GTTCACCGGCATATTT,35
CAACGACCCGCTATAC,34
ATCGCCAAACCCGTAT,33
AAATAAAAGAGTGGCG,32
ACGATATGTAAATCAT,32
ATATGAAAATGTGCCA,32
AACCCAAAAAAATTTC,31
AACCTGTATAAAATTC,31
ATGACATTGAGTTAAC,30
CGAATGCAGACCAGTC,30
TAACGAAAAGTTAACC,30
AACACGGAGATGCTCT,29
GTATGGAGCGCGTTGG,28
ACTTCAAAAAATTCTA,27
ACCGTGAGTCCTTATA,26
AGATTACCCAAAGCCG,26
GATATGAATAAAGACC,26
TAGTCCCGCCTTGGTT,26
CACAATCGAATTCCTG,25
GATCATCTATCCAAAC,23
TTCAAACCATGTCATG,23
ACTTATGCCTAACCTC,22
TATACATAGCCCATGT,22
TCATGGGCGATAAAAC,22
GGAATTGAAGGACCAT,21
TATAACAATACGGACA,21
TGACTCAGAACCATAA,21
AGGCAAATTTTAACAT,20
ATCAGTCAGCAAACAG,20
CAACTCAAACTCCCAG,20
TTCGGGTCAAGTGACA,20
CAATAGCTGGATTATA,19
GTTCATTTAGCATGCA,19
AAGATAATACCATAAC,18
ACGGGTGGTAACAAAC,18
AGGAAGTGCATTTCTT,18
AGCCCTGTTTCCGTGG,17
GCTATCTTGACTAATT,16
GGTAACAGCCAAGCAA,16
GGAGATACAAAAGCCA,15
CCCTGGGGTTTATATA,14
GAAAAAAAGTAAATGA,14
CAATAAAAACAACGAT,13
GCACTGGAAACGTATA,13
TAGATCCGGATATTAA,13
TATCCGTACAAGACTT,13
TCTCACTGGGCGATAA,13
AAATAGTAACAAACGC,12
CATGCTAATAATAATC,12
CCCCAAAAGCGAGCTT,12
CTAGAGTACTGTACAA,12
GACTAATTTCAGAAAA,12
CAATCAAAAGTCAATT,11
CTGAAACTGCATCTCA,11
GCCTTATGCCAGTAAT,11
CAACAAATGAAACCCT,10
CAATCATATTATCTAG,10
AACCCCCGGAGTATTG,9
AGAGACGGCCTGCATA,9
AGCTATTCCATGAGGG,9
ATACGCGCCGTTGTAG,9
ATCGTAGAGGCGAGCC,9
TATCCCTTTACATGTA,9
TCATCATAACTTTACT,9
AATACATTGGAATCTG,8
ACGAATGATTGTCAAC,8
ATAAGCCTCCAGCATT,8
GGCGTTTACGAATAAG,8
AAAAAAAAATACTAGT,7
AATAGAGTACTAAAGC,7
AGACACAAGCCACGGG,7
GAATTTACCAAGAAAT,7
AAACGCGAGATTTACG,6
AAGACAGATACAAGAC,6
ACACACCGAGCTCGGC,6
CTGTTTGAAGAGTCCA,6
GAAACCGTCCGATCAA,6
GTCATTAGATGCATAC,6
GTGCAAACGAGCGCTT,6
TACAAATTTCCCCTCG,6
TCATTATAGTCTAGGA,6
TCGCCGCAGCATACTT,6
TTAGTATCTAAACACC,6
AAAATGCAGATAACGA,5
AGAGTATTGTCTAAAT,5
ATTTAAAAAGTATAAT,5
CCGACCTCAAAATATT,5
GACCGGACCAATAGCA,5
GATGTACAAACTACTT,5
GCATCGGCGCCATTAG,5
TTTAGAAAAGGATTAT,5
AAGCCAACACCAAACT,4
AATACTGTTAAACAAG,4
ACAGATTAACGACGAA,4
ACTTAGGAATACACAC,4
CATAATAAGTGAAGCG,4
CGCTTGAACTAACTTC,4
CGTGACTAAGAATTCA,4
CTCTTGATATAATAAC,4
GACAGAAAGTATAAAT,4
GACTTCTTATTGCGAC,4
GCTTGCATTCTACGAA,4
GGACCTGTATTAAGAC,4
GTGCAGGTATTTCACC,4
TATGCATCCATCTAAA,4
TCAACAAACTAAAATA,4
TCAATCAAACTGGCAC,4
TGAAATTTGTGACAGA,4
TGCGCAGGCCAACAAC,4
TTCGGAACATATCTCC,4
TTCTTCTCAACTCATT,4
TTTTGAGTACCAAAAC,4
AACCGATCGTTACCAG,3
AATAGCAACGTTATGA,3
AATCCCTTCTCATAGT,3
AGAACCGAGTCTAGGA,3
AGCTTAAAAGTAGCCA,3
ATTTAATCCCCATGGA,3
CAACTCACACAGATGT,3
CATAACATATCTAAAT,3
GAGATTCGAAGACTCG,3
GGAATTACCAGAACTA,3
GGTCCAAGAAGAACGC,3
GTTCCAGATAAAAATT,3
TACCAAACGTAATTAT,3
TCTGTCTACCTTTTCG,3
TTCTATACGCGGAAAT,3
TTTGTGTATAAAACTC,3
AAAAATTAAGAGATAA,2
AAAATTACATCCTCTA,2
AAAGACAAACACAAAG,2
AAAGTAACACTGGTAG,2
AAAGTCCACGCCCAGA,2
AAATCATAGTAGGCAG,2
AACATTGATCTTGATT,2
AACCCCTAGCTCTAAG,2
AACTCACTACCCTGGT,2
AAGAGATCTAACCACA,2
AAGCCTGTTTAAAAAG,2
AAGTCCGAAAATAGGT,2
AATAAAAAAATTGGAC,2
ACGACAATCAATGCGG,2
ACTATATCTCAAAGTA,2
ACTGTCCATCTAGCAC,2
AGAAGTGCGTGTGTCC,2
AGACTCCCGTCCTAGT,2
ATAGATCTGCGATGTA,2
ATAGTTAAAATTGTTA,2
ATGTTACTATGAACGA,2
ATTCCTATGATAAATA,2
ATTCTATTTGTCGAAA,2
ATTGGTCCACACGAGA,2
CACTCCAGTAGAAACA,2
CAGGCCACCATAATAT,2
CATATTTCTCTAAAAT,2
CCATAGGCCGCGACTA,2
CCGGATATGTCCTAAA,2
CGAATTAGATACAAAG,2
CGCCTGCATAGTTGCA,2
CTAAGGCGAGCCTTCC,2
GAGCTTCTTCAATCGC,2
GCCACGAACACTAACT,2
GCCTATTGACTATCTA,2
GCCTTAAAATGCGGAG,2
GCGTATAATTCATAGT,2
GCTAGCCTACCTATAG,2
GGTGACCAAACTAGAA,2
TAATCGAGAAGAAAAT,2
TATATATAATCGGACA,2
TTATAAAGCCAGCAAA,2
TTATTTCAGCTTTAAT,2
TTCCAGTTATGTTATC,2
TTCGCTTACAGAACCA,2
AAAAAACTTAAGAGGT,1
AAAAATTGAGATGCGA,1
AAAACCTTTATCGGTA,1
AAAACTACGAATAAAG,1
AAAGTAACAACCCCTT,1
AAATATAGTCTGGACC,1
AAATGATTACACATAG,1
AAATTCTGTCAACAAA,1
AACAAGAAGCCGCAAA,1
AACACTGCTGAAGAGT,1
AACCGAAAATAAATAT,1
AACGATGATAACTGAA,1
AACGATGGAGACGCAT,1
AACGCGATCATAAGAA,1
AACTCGCTCGTAAGTA,1
AAGATAACAACCAATC,1
AAGCGTGATTGTGCAC,1
AAGTAAGTAATATAGG,1
AAGTATACCGTACATA,1
AATATTAATAGCCGAG,1
AATTAAGAGGCTGCTC,1
AATTGACAGTCTGATC,1
AATTTACTCACGACTA,1
ACAAATAATTGAGTTA,1
ACAACAGTATTTGCCA,1
ACAGGAACAGGGGATA,1
ACAGTCGTTTCTGTTT,1
ACCACAGATATTGCGT,1
ACCCTGTCGAATAAAT,1
ACGATGCCACCCTATG,1
ACGATGTGAAAATTGC,1
ACGGAATCAGATTCTT,1
ACTCATAATACAGCGG,1
ACTGGATCAAGATTAC,1
ACTTCTAGACAGGTAG,1
AGAATATCCCTAGTAT,1
AGAGCGTAAACAAAAT,1
AGATCATAGCAAAACC,1
AGCATTAACTCAATCT,1
AGCGTTGGAACAGTGT,1
AGGCCCGAATAATGAC,1
AGTGATAAAGACGCTG,1
AGTTTGTTCTAAATTC,1
ATAAATATCATCAAAC,1
ATAATAGCGGGACCCC,1
ATACAATCCACAGGCT,1
ATACAGAAATCAAATA,1
ATATATACATGACCCT,1
ATATCATATGTGACGC,1
ATATTCAACGCCTGCG,1
ATCAGTCAAAGTCGAC,1
ATCTACCTCATTATAT,1
ATGAAAACAAGCGTAG,1
ATGCCTGTGATCATCG,1
ATGTCAGAATACAAAA,1
ATTATCGGTATGACCA,1
ATTGCCACACCCGATA,1
CAAACGCTCCAAGTAA,1
CAACTTTCGGTTTTAG,1
CAAGAACAAGTGAACG,1
CACACTCAAGGAAACA,1
CACTAGAGGACCTATC,1
CACTAGCAGAAGACCG,1
CACTATCACTGTAGTA,1
CACTTTATAACAAGAC,1
CAGACCCCCTTGTGAC,1
CAGACGTAGTCAAAAC,1
CAGGTTATGCCCTGTA,1
CAGTCGCATCGGTGCA,1
CATCCTATTAAAAAAA,1
CATCTTAAACAAGATC,1
CATGTTCGATTCTCAA,1
CATTCTAAGCTTGGCA,1
CCCTTCGAAACTTTCC,1
CCGCAAATATAAAACT,1
CCGGGGGAGTACTCGA,1
CCGTATCAGGTCATTC,1
CCGTCCACTTCTAGAG,1
CCTTCTGACACCACAT,1
CGAACAATCGAACAAC,1
CGACCGATTGTGTACG,1
CGACGGAAGATAAACT,1
CGATGGTGGCTACCTT,1
CGCTCGAAACCGGTTG,1
CGTGAAGAAGAGCCGA,1
CTATCTATCACACTGG,1
CTGAGCCCAATGTAAA,1
CTTTCCAGATTGCGTG,1
GAAAATCACTAACTGA,1
GAAACCTCACACAATC,1
GAAAGAAACGGCCCTG,1
GAAATTTCAAACCGAC,1
GAACAAATGGACATAA,1
GAACAATTTAATCCGG,1
GACAAACACGCCCTAT,1
GACAAGGTATACAAAT,1
GACACCTTTGCTGTAT,1
GACATTTGATACATGT,1
GACCCTTAACAGCAGC,1
GACGAACTCAGGCCAA,1
GACTTGAAAAAAACAG,1
GAGAACCGTTGATCGC,1
GAGATTAGCTTAAAAT,1
GATACAATGCAATTTA,1
GATAGAATGATGATCA,1
GATAGCTTCCATAGGA,1
GATCGAAAGTCGTAAC,1
GATGATTTTAGGTAAT,1
GATGCTGTAAGTTAAG,1
GATGTTCCAAAATAAA,1
GCAAGCGGTACCAAAA,1
GCAGTTCGTGCAATAT,1
GCCCTTTTTACACGAA,1
GCCTGTGAAATCGTAT,1
GCGCATTTCAAAAAAT,1
GCGTTAAAAACCCACA,1
GCTAAGACACATATTA,1
GCTGATATCTTACTGA,1
GGAATATGTCTCAACG,1
GGACTAACGGTTAGTT,1
GGATTAACACAGCATG,1
GGTAAAACGCAGATTG,1
GTAACCAATAAATCAC,1
GTATTCCAGAGTCAGC,1
GTCCTAGCTCCGAATC,1
GTCGGGCAATTGGTAT,1
GTCTAGCAAACGAGAA,1
GTCTTTGCATCATCTA,1
GTGATCGGTCTAACAG,1
GTGCATGAATGAAGAT,1
GTTATCCGCCGAACAG,1
TAAAGTGAGAATGAAA,1
TAAATAAATGCTCTAA,1
TAACCTAGCGCAACGG,1
TAACTACTGTAAATTA,1
TAACTACTTAATGATC,1
TAAGGAAAACAAATAT,1
TAAGGAAGCAAATTAA,1
TAAGTGGATATTAGTA,1
TAATTTACAGTAAACT,1
TACAAGAAAGATATAA,1
TACACACAAGATAATG,1
TACGTAATCAGTACAG,1
TAGAAGCTCATCGTTT,1
TAGAGGTGCGCTCCGA,1
TAGCTGCTAATCTAAA,1
TAGTAATTCCTATCAG,1
TAGTACCCCTATCTCT,1
TATACAAGTTTTGCAT,1
TATACACAACCGTTTC,1
TATCAGGCAAGTCGTT,1
TATGTCATTCCAACAG,1
TCAAGGTTAACTATTA,1
TCACGTCACTGCAAAA,1
TCACTAGCGTATCGAA,1
TCCCATAGTCTTATTA,1
TCGATTACGTACTAAC,1
TCGGCGGTTTTATATG,1
TGCCCCCCTCTCGACC,1
TGCCCGCATAAAGACA,1
TGGATGAGATGTCCTT,1
TTAATCTCTCGACCTT,1
TTAGTACAACAAAATA,1
TTATTATTAACACCGT,1
TTCAAAGGAATCCAAC,1
TTCAGCACAATCCTAA,1
TTCCTTGATTACTCGT,1
TTGAAGATAGAATGAT,1
TTTAATCTATAAGTGC,1
TTTAGACCTGCCGATC,1
TTTCACCAAAGAATGA,1
TTTCGCACACGCAATA,1
TTTCTTATGAACCATG,1
TTTGTACCGACACCAA,1
TTTTCGGTAAAGTACG,1
TTTTGAATCCGGATAA,1
AAAAAAAAAATGTTCT,0
AAAAAAAACACATTAC,0
AAAAAAAACAGACAGA,0
AAAAAAAATATTATAA,0
AAAAAAAATTGAAGAT,0
AAAAAAACAACTTCGA,0
AAAAAAACATAGGCTT,0
AAAAAAACCGTGGGTA,0
AAAAAAACGAACAGAG,0
AAAAAAACTAATAATA,0
AAAAAAACTTTGTTAG,0
AAAAAAAGAAATGTGG,0
AAAAAAAGAAGTGGTC,0
AAAAAAAGATCGCCCA,0
AAAAAAAGGATAATAA,0
AAAAAAAGGTAGCCTC,0
AAAAAAATGGCTCTAC,0
AAAAAAATGTATGCGT,0
AAAAAAATGTCGTAAT,0
AAAAAAATTAATTGAG,0
AAAAAAATTACAGTGA,0
AAAAAACAACATGACT,0
AAAAAACAACTGTACC,0
AAAAAACATCTAATAA,0
AAAAAACCACATTATA,0
AAAAAACCTGAAAAGT,0
AAAAAACGAACGATAA,0
AAAAAACTCAATAAAC,0
AAAAAACTGATTACCC,0
AAAAAACTTTGGTATA,0
AAAAAAGAATCTCTTA,0
AAAAAAGACGTCTATC,0
AAAAAAGATCAGCGCA,0
AAAAAAGCAAAACTTA,0
AAAAAAGGGCTCCTTG,0
AAAAAAGTCATAATAA,0
AAAAAAGTTCAAGAGG,0
AAAAAATATGAGGATT,0
AAAAAATCCACCGAAA,0
AAAAAATCCGATCACC,0
AAAAAATGACTAAGCA,0
AAAAAATGGTGAACTC,0
AAAAAATGTGTACACT,0
AAAAAATTAAAAAATG,0
AAAAAATTATTTTACA,0
AAAAAATTGATATTAA,0
AAAAAATTGCCGACTG,0
AAAAACAAACATACCA,0
AAAAACAAGATCCCCT,0
AAAAACAAGGGTTATA,0
AAAAACAAGTCCAATA,0
AAAAACAATTTTGAAA,0
AAAAACACTATATACA,0
AAAAACAGATGTATAA,0
AAAAACATTTTGGGTC,0
AAAAACCAACCCGTCA,0
AAAAACCAAGATGTCA,0
AAAAACCAATTCACAC,0
AAAAACCCTCATAGCC,0
AAAAACCCTTCCTGAT,0
AAAAACCGCTCAGGTC,0
AAAAACCTCGGCCACG,0
AAAAACGCTAGCTGCG,0
AAAAACTAACATTGCA,0
AAAAACTGCACCATAG,0
AAAAACTGTTCCAAGG,0
AAAAAGAAAAACCACC,0
AAAAAGAATGACACTT,0
AAAAAGACCCCCACAA,0
AAAAAGACTCCCAACT,0
AAAAAGAGGCTTCCCA,0
AAAAAGCATCAAAAGT,0
AAAAAGCCACCATATC,0
AAAAAGCCTTGATATC,0
AAAAAGCGCAAAAATT,0
AAAAAGCTTCAACCAT,0
AAAAAGGAAAAATGGT,0
AAAAAGGAAGACGTTT,0
AAAAAGGTATTGAATA,0
AAAAAGGTTTGCGATA,0
AAAAAGTACTCTTTTA,0
AAAAAGTGATATTAAC,0
AAAAAGTGGACATAAA,0
AAAAATAAAACGCCAG,0
AAAAATAAACTGGTAC,0
AAAAATAACAATCTAA,0
AAAAATAACGCTGCAA,0
AAAAATAACTAATATC,0
AAAAATACGATGGAGA,0
AAAAATACTATCTAAA,0
AAAAATAGGCATAGTC,0
AAAAATATCCATGGGA,0
AAAAATCAAGAGGTAT,0
AAAAATCACAATTCAG,0
AAAAATCATATCTGCG,0
AAAAATCTCTAATGTA,0
AAAAATCTTCCGGTGT,0
AAAAATGAAAATAAGG,0
AAAAATGAAATACGGG,0
AAAAATGAACCGGAAG,0
AAAAATGTATGATTAT,0
AAAAATTATACACAAA,0
AAAAATTATTATTGCT,0
AAAAATTCGAGCAAAA,0
AAAAATTGATAACGAA,0
AAAAATTGTTAATTGG,0
AAAAATTTATACCGAG,0
AAAAATTTGAAGATGT,0
AAAAATTTGCATTACG,0
AAAACAAAGCCGTCAC,0
AAAACAAATAAAACAT,0
AAAACAAATAGTAGGT,0
AAAACAACTTAGTATA,0
AAAACAATAACCTTAC,0
AAAACAATAGGATTTC,0
AAAACAATGATGCGAT,0
AAAACAATTACAATTC,0
AAAACAATTCAATAAA,0
AAAACACAAATTATGA,0
AAAACACACCACATGA,0
AAAACACACTAACAAT,0
AAAACACACTCAAGAA,0
AAAACACCGCAAGAAT,0
AAAACACTCGCTGACG,0
AAAACAGAGACTGTTC,0
AAAACAGATACCTTTG,0
AAAACAGATGGTCTCA,0
AAAACAGCAAACACGG,0
AAAACAGTACAGACAC,0
AAAACAGTCACAGGTT,0
AAAACATAACCACCAC,0
AAAACATCAATAATGC,0
AAAACATCAGCTAGGT,0
AAAACATCTTAGCTTC,0
AAAACATGACTGGGCC,0
AAAACATTACAATTCC,0
AAAACATTCACTCACC,0
AAAACATTTATAAAAA,0
AAAACCAAAGATTTTT,0
AAAACCAACATGGTCC,0
AAAACCAACGCAGAGT,0
AAAACCAAGACTAACG,0
AAAACCAATAATCCTC,0
AAAACCACATTCTAAT,0
AAAACCACGAAGGTCA,0
AAAACCCATACGTCAG,0
AAAACCCATCAGTTCC,0
AAAACCCCATCGTAAA,0
AAAACCCGTTTTGGTC,0
AAAACCCTACAAAAAG,0
AAAACCCTGCCATCAA,0
AAAACCCTGCGTATGC,0
AAAACCGGCCTAATAA,0
AAAACCTCAAAGCCCT,0
AAAACCTCCAGATATT,0
AAAACCTGGCCAGATA,0
AAAACGACTCCCCTTA,0
AAAACGCGTCACAATG,0
AAAACGCGTTACAATT,0
AAAACGCTATTTGCCA,0
AAAACGCTCAACTCCC,0
AAAACGCTTTATATGA,0
AAAACGGAGTCCACTG,0
AAAACGGCACAAAATC,0
AAAACGGTGATCCTTC,0
AAAACGTAGACTACTT,0
AAAACGTCTGCTACAT,0
AAAACGTTGCTTAAAC,0
AAAACTAACTGCGCCT,0
AAAACTAGTGTACAAC,0
AAAACTATTAACTAAC,0
AAAACTCAAAAGATGT,0
AAAACTCAGTGGCCCG,0
AAAACTCCGAATACGA,0
AAAACTGCCGGAACCG,0
AAAACTGTACCAATTA,0
AAAACTTAGCCAAATT,0
AAAACTTCATATATAG,0
AAAACTTTGAACGTTT,0
AAAAGAAAGGAGATAT,0
AAAAGAAATAAGAAGA,0
AAAAGAACCGTTCCTA,0
AAAAGAATGATAAGTC,0
AAAAGACAAGGTACTC,0
AAAAGACAATTCATAT,0
AAAAGACCAGTGAGTT,0
AAAAGACCTCTGGAGA,0
AAAAGACGATTTAAGA,0
AAAAGACGTATTCAGC,0
AAAAGACTTAACTAAT,0
AAAAGAGGGCATGTTC,0
AAAAGAGTGATAGGTG,0
AAAAGAGTGTCAAAAC,0
AAAAGATAAAAAGTCT,0
AAAAGATACAATATAA,0
AAAAGATAGACTACTA,0
AAAAGATATATGGGAC,0
AAAAGATCCTATAAAA,0
AAAAGCAAAGCCTCAA,0
AAAAGCAAGTGGCAGC,0
AAAAGCACCAGCCATG,0
AAAAGCGGACAAACTA,0
AAAAGCTCGGAATACG,0
AAAAGCTTAGACAAGT,0
AAAAGGAAACATAGAC,0
AAAAGGAAGAAACAAA,0
AAAAGGACACTTCTCG,0
AAAAGGAGCGACTAAC,0
AAAAGGCATAATTAAG,0
AAAAGGCATCCAAACC,0
AAAAGGCTAGATTAAG,0
AAAAGGTAACACAGTC,0
AAAAGGTCTAACGATG,0
AAAAGTAAGGGGTGAA,0
AAAAGTACAGCAGTAA,0
AAAAGTACGAAACCAT,0
AAAAGTAGAAATAAAC,0
AAAAGTAGACCAGCTA,0
AAAAGTATAAAATAAC,0
AAAAGTATAGACAAAA,0
AAAAGTATTTAAAGAT,0
AAAAGTCACGTGACAC,0
AAAAGTCGGGAGTCAG,0
AAAAGTCGTAAACATC,0
AAAAGTGCAAAATCCA,0
AAAAGTGCATCAACGA,0
AAAAGTGCCGCCCCAA,0
AAAAGTTAATCCATGC,0
AAAAGTTTTCGTGAAT,0
AAAATAAAACTAAAGA,0
AAAATAAACAACGTCT,0
AAAATAAACCGATTGG,0
AAAATAAAGCTTCTAC,0
AAAATAACAAAAATTC,0
AAAATAACATGTCCTA,0
AAAATAAGCTTTGTCT,0
AAAATAAGTGTCAGTA,0
AAAATAATAAGAAACA,0
AAAATAATCTGATAGG,0
AAAATAATGGGAAGAC,0
AAAATAATTAAATATT,0
AAAATAATTCCCAAAG,0
AAAATACAAGAAGAAA,0
AAAATACAATCAAGTG,0
AAAATACATTTTTAAC,0
AAAATACCACAAACTT,0
AAAATACCGTACCAAA,0
AAAATACGATCTCTCC,0
AAAATACGGAAAACCG,0
AAAATACTCGGAAACA,0
AAAATAGAATGCTCCC,0
AAAATAGATGATATAC,0
AAAATAGTATGTCTGA,0
AAAATATACACTTGTA,0
AAAATATATGTAAAAT,0
AAAATATCAGGAGCCA,0
AAAATATGACATTATG,0
AAAATATTATTTCCCA,0
AAAATATTCAATCGTT,0
AAAATCAAACAAAAAG,0
AAAATCAACAACTTCA,0
AAAATCAAGAGCTTCA,0
AAAATCAATACCGATC,0
AAAATCAATTTAGGCA,0
AAAATCACGATATCTA,0
AAAATCACGTACAGCT,0
AAAATCACTCCCTCTA,0
AAAATCACTGTTAATC,0
AAAATCAGAAACTCAA,0
AAAATCATCGGTTGTG,0
AAAATCCACGGAAACA,0
AAAATCCATTAAAGCC,0
AAAATCCCCCCTTTAT,0
AAAATCCGAGTTGTCT,0
AAAATCCGATAGCGAT,0
AAAATCGAATGCCGGA,0
AAAATCGATGCCTTAT,0
AAAATCGGCCACCTAC,0
AAAATCGTAATCAACT,0
AAAATCGTCTAACATA,0
AAAATCTACCATTCAA,0
AAAATCTATGGTAAAA,0
AAAATCTATTAAAGCC,0
AAAATCTCCCTACAAT,0
AAAATCTCCTGCCAAT,0
AAAATCTGGCTAACTT,0
AAAATGAACAACCGAC,0
AAAATGAGAAAAAACT,0
AAAATGAGACTGCCAT,0
AAAATGCATGTAGAAC,0
AAAATGCGACATGGTT,0
AAAATGCGAGCTAGCT,0
AAAATGCTAATACCAC,0
AAAATGCTGGGGGAGG,0
AAAATGCTTACAGCAT,0
AAAATGGTTTATAGAA,0
AAAATGTAAGATGGAT,0
AAAATGTATAATTGAC,0
AAAATGTATAGTTATC,0
AAAATGTATTGATACT,0
AAAATGTTAGTTCTTA,0
AAAATTAAACCTGAAG,0
AAAATTAATGCACGGC,0
AAAATTACGAACCTAG,0
AAAATTACGAGAGTGC,0
AAAATTACTAATTTGA,0
AAAATTATCTACTACA,0
AAAATTATGACCGATG,0
AAAATTATTTAAAAAA,0
AAAATTCACGTTTCTA,0
AAAATTCACTCTAATA,0
AAAATTCAGAAAGAGC,0
AAAATTCAGTAGTACA,0
AAAATTCGAAACGTAC,0
AAAATTCGAGTCATGT,0
AAAATTCGATACCGAT,0
AAAATTGAAATCTAAA,0
AAAATTGAAGATTGAA,0
AAAATTGGAAAATCCA,0
AAAATTGGTTGGACTG,0
AAAATTGTCAATACAA,0
AAAATTTACAATGACG,0
AAAATTTACGGGTGAT,0
AAAATTTCGCGGGTAA,0
AAAATTTTGATCCGCA,0
AAAATTTTTATCGCGC,0
AAACAAAAACAATTAT,0
AAACAAAAACATATTC,0
AAACAAAGTCAGCTTG,0
AAACAAAGTCGTAAAT,0
AAACAAATCACACTGC,0
AAACAAATGTAATGTT,0
AAACAAATTGATAACT,0
AAACAACAAAAGTGGA,0
AAACAACCAGCAACCT,0
AAACAACCTAAAAGAA,0
AAACAAGAAAGCAAAT,0
AAACAAGAATTATTTG,0
AAACAAGACCAATTAG,0
AAACAAGATCCAAACG,0
AAACAAGGGAATACGC,0
AAACAAGTCAATAACA,0
AAACAAGTGAGCCTCA,0
AAACAAGTTGATCGCG,0
AAACAATGTTCGAAAT,0
AAACAATTGCCGGGAT,0
AAACAATTTGACGATT,0
AAACACAACAATGATC,0
AAACACAAGACAGAGT,0
AAACACAAGAGGGACA,0
AAACACAATCCATCAG,0
AAACACACGCGTACCC,0
AAACACAGATCATATA,0
AAACACATCGAAAGCT,0
AAACACATTGACCGAA,0
AAACACCAAAATATAA,0
AAACACCAATCAAAAA,0
AAACACCAGAGACGCC,0
AAACACCCTCACGACC,0
AAACACCTATCAATAA,0
AAACACCTCATAAATT,0
AAACACGCTAGAATGA,0
AAACACTATAGTAACA,0
AAACACTCAACAAATA,0
AAACACTTAACAAGTT,0
AAACAGAAAAAAAAAG,0
AAACAGAAAAGGAAAC,0
AAACAGAACGAATCTA,0
AAACAGATCAATATAA,0
AAACAGATCAGTGACA,0
AAACAGCAAACACTTC,0
AAACAGCCTTGACCGA,0
AAACAGCTAAAATCGG,0
AAACAGCTACCATTGA,0
AAACAGGCTAATCCAC,0
AAACAGGCTGATGTCC,0
AAACAGTAACAAGGCA,0
AAACAGTAGGTATAGA,0
AAACAGTATAGCATGA,0
AAACAGTTGGAACACA,0
AAACATAAATGTGTAT,0
AAACATAAGGAACTTT,0
AAACATACGATCTTAA,0
AAACATACTCAACGAG,0
AAACATACTTCATCGG,0
AAACATAGATCAGTTA,0
AAACATATTAAGAGTT,0
AAACATCCCTAAAAAT,0
AAACATCTATTGAGAT,0
AAACATGGAGTGTTAA,0
AAACATTACAAAGCAA,0
AAACATTCCACCCTTA,0
AAACATTCTAGAACTC,0
AAACATTCTTACAATT,0
AAACATTGACTTAAGA,0
AAACATTGGTTCTTCG,0
AAACATTGTCAATTAG,0
AAACCAAACAATTGAA,0
AAACCAAATTGGTATA,0
AAACCAAGAATTAAAG,0
AAACCAAGCTATAATT,0
AAACCAAGTTTTGTTA,0
AAACCACAGCAAGTGG,0
AAACCACGCCCCAATG,0
AAACCACGCTCTGCAT,0
AAACCAGACGAAGGGA,0
AAACCAGCATAATCTT,0
AAACCAGGATTAGATG,0
AAACCAGTCATGTGCC,0
AAACCATAATACCCAT,0
AAACCATATCATCAGA,0
AAACCATGAAACACCT,0
AAACCATTATGCGTGC,0
AAACCATTTCTTTGAT,0
AAACCATTTGCGTGAG,0
AAACCCAAAAACACCG,0
AAACCCAACACTTGCA,0
AAACCCAATCGAACTA,0
AAACCCACCAAGGAAA,0
AAACCCACGGATATTA,0
AAACCCACTAAACATC,0
AAACCCAGTAACCTTA,0
AAACCCAGTCAGGTAT,0
AAACCCCACCTAAAGA,0
AAACCCCCGAACGATT,0
AAACCCCGGGACGAGG,0
AAACCCCTAAAAACAG,0
AAACCCGATAGAAAGT,0
AAACCCGGATACATGT,0
AAACCCTAAAACGTAC,0
AAACCCTACTGTGAAG,0
AAACCCTCTAAGACTT,0
AAACCCTGACCGGTAG,0
AAACCCTTCTTTATAC,0
AAACCGAAATAAAATA,0
AAACCGAACCCACCTT,0
AAACCGAAGGACGCAG,0
AAACCGAGAACTAGCC,0
AAACCGAGCCAACGTT,0
AAACCGCAATAATTAA,0
AAACCGCCGATCCAGA,0
AAACCGCTCTGCCCAA,0
AAACCGGAGCCCATAG,0
AAACCGGCATCAGTGG,0
AAACCGGTCATTCATC,0
AAACCGTAATGAAATG,0
AAACCGTAGTGCGCGT,0
AAACCGTTAATCCTGG,0
AAACCGTTTGTCGACA,0
AAACCTAATCATCGAG,0
AAACCTATAACGAAAG,0
AAACCTCGAGTGGGGA,0
AAACCTCGTCGTCATT,0
AAACCTCTCCATTCGA,0
AAACCTGAAGAAGTTT,0
AAACCTGACAAACAAT,0
AAACCTTAATAACGCA,0
AAACCTTGCGGCCCAC,0
AAACGAAAATCCCGAT,0
AAACGAAACTCACAAA,0
AAACGAAAGAACTAAG,0
AAACGAATAATTTAGT,0
AAACGAATTCAGCTGA,0
AAACGACAAAGGGACG,0
AAACGACACGGGTATT,0
AAACGACGAATCGTAT,0
AAACGACTTTTCAACT,0
AAACGAGAATAAGTTG,0
AAACGAGACAATGCAA,0
AAACGAGCCCGACTCA,0
AAACGAGCTCTGTCAA,0
AAACGAGTTGGGGATG,0
AAACGATACGCCTGGA,0
AAACGATAGCGGACCC,0
AAACGATCGACGTACT,0
AAACGATCGTTCCAAA,0
AAACGATTCATCTCAG,0
AAACGCAACTAGCCGC,0
AAACGCAAGAATAGTG,0
AAACGCACAATATCAA,0
AAACGCATATCACTTA,0
AAACGCCAAAACTAGA,0
AAACGCCCACGCCCTT,0
AAACGCCCCCTGTATT,0
AAACGCCTAAAATAAC,0
AAACGCGACTCTTTAG,0
AAACGCGATTACAGGA,0
AAACGCTTACAGAGAA,0
AAACGGAAACCTTCTA,0
AAACGGAATAGCGGAT,0
AAACGGATCACCCCTT,0
AAACGGATCGACGTAT,0
AAACGGCTAATAAAGG,0
AAACGGGATAACGACG,0
AAACGGTATGAGCCAC,0
AAACGGTTACTTTAAA,0
AAACGGTTGACCACTT,0
AAACGTACCCAACCTG,0
AAACGTACTCTAATTC,0
AAACGTGAGGAAATTA,0
AAACGTTAATACTAAC,0
AAACTAAAAACAATAG,0
AAACTAAACTACGAAG,0
AAACTAAACTTGAAGT,0
AAACTAAATAACAGAA,0
AAACTAACACCAATTA,0
AAACTAACTCAAAGAG,0
AAACTAACTCTATACA,0
AAACTAAGGTCGGCCT,0
AAACTAAGTAATGTTG,0
AAACTAATAAATGAAG,0
AAACTACATCTTCACA,0
AAACTACCAAGCCTCA,0
AAACTACTTAAACGTG,0
AAACTACTTCTATAAA,0
AAACTAGATGTCTGAT,0
AAACTAGCACTACTCA,0
AAACTAGTTATTTCAC,0
AAACTATAAACTAACT,0
AAACTATAAGGCAATA,0
AAACTATACAACAAAA,0
AAACTATCACAACAAA,0
AAACTATCAGACTGTA,0
AAACTATTAATTAAGG,0
AAACTATTATTACGAG,0
AAACTATTCTTCTTCG,0
AAACTATTGATACATT,0
AAACTCAAGCATTCCT,0
AAACTCACCAACTCAC,0
AAACTCACGTAGAATC,0
AAACTCAGATCAATGA,0
AAACTCAGTGTTACCC,0
AAACTCCACTAGATGC,0
AAACTCCCTAAGCAAA,0
AAACTCCGGCACATGA,0
AAACTCGACAAACTAT,0
AAACTCGATCAACCAA,0
AAACTCGGAAACTCGA,0
AAACTCTAAGCCGGCG,0
AAACTCTCACTTAAAA,0
AAACTCTTAAAATTTT,0
AAACTGAAAACACATC,0
AAACTGAATTGGGCCA,0
AAACTGAGAAGGCCAG,0
AAACTGAGATCCAATC,0
AAACTGCCAACTAACT,0
AAACTGCCGTTGCAGC,0
AAACTGCTCAGCACAG,0
AAACTGGCATAAAATG,0
AAACTGTAGAATCTAC,0
AAACTGTATCAATCAT,0
AAACTGTCATTGTTAA,0
AAACTGTTAAACTGTT,0
AAACTTAAAGAGAAGA,0
AAACTTACAAACCCTT,0
AAACTTATCTTGGTGG,0
AAACTTCCCAAAAGCA,0
AAACTTCCCCTAAATT,0
AAACTTCTGTTAACCA,0
AAACTTGCCGTAAACC,0
AAACTTGCTATCACCG,0
AAACTTGGGAACCAAA,0
AAACTTGGTGACAGGG,0
AAACTTTACATGCGAG,0
AAACTTTATGTTATAG,0
AAACTTTTAAATCGCA,0
AAACTTTTAACGTTAA,0
AAAGAAAATTAAGCTA,0
AAAGAAACTAATTAAC,0
AAAGAAACTTATGTAT,0
AAAGAAATCACGCCTT,0
AAAGAACAATGCGGAA,0
AAAGAACACTACTAAC,0
AAAGAACAGAACAAAT,0
AAAGAACAGACCGAAT,0
AAAGAACAGAGGATCT,0
AAAGAACATGTACGAA,0
AAAGAACCGATACGAA,0
AAAGAACCTAATCTCT,0
AAAGAAGAAACATGCG,0
AAAGAAGCTGTAGCCC,0
AAAGAAGCTTTATGTT,0
AAAGAAGTGTACAAAG,0
AAAGAATAACAAACAT,0
AAAGAATATAAAGTAC,0
AAAGAATATCCTATAG,0
AAAGAATCATACTAGA,0
AAAGAATCATATGATT,0
AAAGAATCCGACGAAT,0
AAAGAATCCTTCGTCA,0
AAAGAATCTAACTTGC,0
AAAGAATGTAGATGCA,0
AAAGACAAATATAGTC,0
AAAGACACAAACCAAA,0
AAAGACATCATAATAG,0
AAAGACCGAGGATAGG,0
AAAGACCGGATAAACG,0
AAAGACCTAGCTTATA,0
AAAGACCTATTATATG,0
AAAGACTAACAAACAA,0
AAAGACTATCCATATA,0
AAAGACTTAAATTGGG,0
AAAGACTTTTACCTAT,0
AAAGAGATAACCAAAA,0
AAAGAGCAATCACCCA,0
AAAGAGGATAGAATCC,0
AAAGAGGATAGATAGC,0
AAAGAGGGGTCTGTAA,0
AAAGAGTCCACCCGGG,0
AAAGAGTCGTTCCTCT,0
AAAGAGTCTAATGGAA,0
AAAGATAGCGAATTGG,0
AAAGATAGGCAGAAGT,0
AAAGATATGACTAAAC,0
AAAGATATTTATGGCA,0
AAAGATGGTAAACTCA,0
AAAGATTGGCCTCATA,0
AAAGATTTCTTGAAAT,0
AAAGCAAAAAACCGGT,0
AAAGCACACTATGGGG,0
AAAGCACAGCCATATC,0
AAAGCACATGTCCTAA,0
AAAGCACCCTCATCAA,0
AAAGCACTGGCCTGCT,0
AAAGCAGAGTTGCATA,0
AAAGCAGGCCAGAATG,0
AAAGCATAGATAACGA,0
AAAGCATGAATCACTG,0
AAAGCATGATAGAAGT,0
AAAGCATTCCAAACCG,0
AAAGCCAATAAGATTA,0
AAAGCCACGGTATTCT,0
AAAGCCAGATAACTCA,0
AAAGCCAGTTATGAGC,0
AAAGCCATGGTCATGA,0
AAAGCCCACCACACCA,0
AAAGCCCATACGAAAC,0
AAAGCCCTTTACCGTC,0
AAAGCCTCACTGTATT,0
AAAGCGCTGCAATACG,0
AAAGCTAACATGAGAA,0
AAAGCTACGCAAAAAG,0
AAAGCTACGGATAGAA,0
AAAGCTAGCATTCACC,0
AAAGCTAGGACAAAAC,0
AAAGCTAGGTAATAAT,0
AAAGCTATCACCAAAA,0
AAAGCTATCCATTGCG,0
AAAGCTCACTCAAGCA,0
AAAGCTCTCGTAGAAT,0
AAAGCTGGCCGTACTC,0
AAAGCTGGCGCTTACA,0
AAAGCTTATCTAATGA,0
AAAGGAAATATAAATA,0
AAAGGAAATTGAGAAC,0
AAAGGAACACTCCCGT,0
AAAGGAACTTTAATGA,0
AAAGGACAAAATACTA,0
AAAGGACAGCATTTGA,0
AAAGGAGATGGAGTAG,0
AAAGGAGGCAAAAACT,0
AAAGGATGGCATAGAA,0
AAAGGATGTATACGCG,0
AAAGGATGTTCCAACC,0
AAAGGATGTTTCGAGC,0
AAAGGATGTTTGATGA,0
AAAGGATTATTCAGCG,0
AAAGGATTCCCCGCAC,0
AAAGGCGAACGTTTAA,0
AAAGGCTTGGCACCAA,0
AAAGGGAATAATTATA,0
AAAGGGAATTGCAAGA,0
AAAGGGACCTCTCCAG,0
AAAGGGACGGAAGTCG,0
AAAGGGCTCTTAGTGA,0
AAAGGGGAAGCATTAT,0
AAAGGGTACATAATCA,0
AAAGGGTATAACATAT,0
AAAGGGTTGAACCCCG,0
AAAGGTAATCCACATG,0
AAAGGTACCATGGAAT,0
AAAGGTACTCCGATCA,0
AAAGGTATGAATATTT,0
AAAGGTCACGACCTAT,0
AAAGGTCATGGATGTC,0
AAAGGTGATCTGGTAT,0
AAAGGTGGAAGAAATA,0
AAAGGTGGACACGAGG,0
AAAGGTGGGTTTATTT,0
AAAGGTTAGGTCCTGC,0
AAAGGTTCGATACACT,0
AAAGGTTGTCTCTTTT,0
AAAGGTTTAAAAAAGT,0
AAAGTAAACCCAGTTA,0
AAAGTAAAGATGGAGA,0
AAAGTAACCTATAGAT,0
AAAGTAAGGACTTCAA,0
AAAGTAATCAAAAAAA,0
AAAGTAATTGTTCAAA,0
AAAGTACCTGTTTATC,0
AAAGTACGTAACCCAA,0
AAAGTACTATTAATTC,0
AAAGTAGAGATTACCC,0
AAAGTCAGAAATCCCT,0
AAAGTCCGATCTCCTT,0
AAAGTCGTGACTAACT,0
AAAGTCTTACGATAGG,0
AAAGTGAAAAACGGTC,0
AAAGTGACAATCATCC,0
AAAGTGCGGGACCGAT,0
AAAGTGCTCAACAAAC,0
AAAGTGGCTACAAATC,0
AAAGTGGTATAGCGAA,0
AAAGTTAAAAAGCGGA,0
AAAGTTAAAGCAAGTT,0
AAAGTTAATAAACATG,0
AAAGTTAGAACTAATA,0
AAAGTTCAAAATCCTA,0
AAAGTTCATGACATAA,0
AAAGTTGAGATCCATT,0
AAAGTTGATTTTTCCA,0
AAAGTTTGACTCGATG,0
AAATAAAACAAACAAT,0
AAATAAACACAATTAA,0
AAATAAACATTTGCAA,0
AAATAAACGAAGTCAT,0
AAATAAACTAACGCCA,0
AAATAAACTATACTGC,0
AAATAAACTGAAACTA,0
AAATAAAGATAATTGG,0
AAATAAAGTCTCAGAG,0
AAATAAATCAGTCTGG,0
AAATAAATGTGCTAGT,0
AAATAACAGAGCTCCC,0
AAATAACCAACGGCAA,0
AAATAACCAGTGTTGT,0
AAATAACCTCTATCAT,0
AAATAACGATGGTGTC,0
AAATAACGATTAAAAA,0
AAATAACTAAGATAAG,0
AAATAACTGCGAAATT,0
AAATAACTGTGAACCA,0
AAATAAGAAACTAATA,0
AAATAAGAATATAATT,0
AAATAAGACCATCCGA,0
AAATAAGACTCCGTGT,0
AAATAAGCGATCAAAA,0
AAATAAGGAATCCAAA,0
AAATAAGGAGGAGGCT,0
AAATAAGGCAAATTAT,0
AAATAAGTACTTAAAA,0
AAATAATACAGACAAT,0
AAATAATAGGGATCTA,0
AAATAATATTCTGTCC,0
AAATAATGTGGCCTCA,0
AAATAATTGAAAACGG,0
AAATAATTTATTTGTC,0
AAATAATTTTCCTATT,0
AAATACAACCAAAAGG,0
AAATACAAGTAACTCC,0
AAATACACATGTTTCA,0
AAATACACTCGAGAAA,0
AAATACAGCATCTCGA,0
AAATACAGGACAAGAG,0
AAATACATAATGAATA,0
AAATACATACAACCAA,0
AAATACCATGAACACA,0
AAATACCTTTTCCAAC,0
AAATACGAGGAGACAA,0
AAATACGATATAGTGT,0
AAATACGATTTCAGAT,0
AAATACGCACACCCGT,0
AAATACGCTTAAAACT,0
AAATACGGAACAATTT,0
AAATACGTACACGACT,0
AAATACTGTAAGCAAA,0
AAATACTTATCTATAT,0
AAATACTTGATCGTAC,0
AAATAGAACTTACGAA,0
AAATAGAAGGTCCGAG,0
AAATAGACGGAATTCT,0
AAATAGAGTGGAATGT,0
AAATAGATACAGTAAG,0
AAATAGATATGTACTA,0
AAATAGCAAAACAAAA,0
AAATAGCACGAAACTG,0
AAATAGCGCCAGGGCG,0
AAATAGGACTGGCGCC,0
AAATAGGTAGTGGAAC,0
AAATAGTAAATAGTGT,0
AAATAGTACTGGGGCT,0
AAATATAATCTCCATG,0
AAATATAATTAACGCA,0
AAATATACTCTGATAC,0
AAATATAGAGATAAAG,0
AAATATAGCCAACATC,0
AAATATAGCTATCACT,0
AAATATAGGCAAGCTG,0
AAATATAGTTGAACCA,0
AAATATATCACGCTGC,0
AAATATATGGTGGCGC,0
AAATATCAAGGCTGGA,0
AAATATCATAGTTGCC,0
AAATATCCAAGCACAG,0
AAATATCCACAAACCT,0
AAATATCCACACTGGC,0
AAATATCCGGTATTAA,0
AAATATCGAAACAGTG,0
AAATATCTCTACCCTT,0
AAATATGACTCCCAGC,0
AAATATTAATAGATGG,0
AAATATTACACTAGAA,0
AAATATTAGGAAAAGA,0
AAATATTCCACTTAAA,0
AAATATTGCCAACGGA,0
AAATATTTAAATTTCA,0
AAATATTTCTTCGCGG,0
AAATATTTTAAGGTAA,0
AAATCAAATAGGTACC,0
AAATCAAATATTCACA,0
AAATCAACAGAATCGG,0
AAATCAATATACGGAA,0
AAATCAATGGATAACC,0
AAATCAATGTTAATGT,0
AAATCAATTGCCACTG,0
AAATCACAATTTAACG,0
AAATCACATGAAGAGG,0
AAATCAGAGATACAAT,0
AAATCAGGACTATGCT,0
AAATCATAAATCATAG,0
AAATCATACCTTCACG,0
AAATCATTCACTGGAC,0
AAATCATTCAGAGCTA,0
AAATCATTTGAGTTCT,0
AAATCATTTTTCTGGA,0
AAATCCAGAGTGAACA,0
AAATCCATTAAAATCA,0
AAATCCATTCCTGATA,0
AAATCCCTATTTTAGG,0
AAATCCCTTCACAGCC,0
AAATCCGAGATCTGAG,0
AAATCCGCAATCGAGC,0
AAATCCGGACCCAGAG,0
AAATCCGGGTCTCATA,0
AAATCCGTTCTCAAGA,0
AAATCGAAATTCGTGG,0
AAATCGAATAAAAAAA,0
AAATCGAGCCCTTATT,0
AAATCGCAAATTTCAA,0
AAATCGCTGTGGTCAA,0
AAATCGGACCAGAGAA,0
AAATCGTAGCTCCTGT,0
AAATCGTAGGTATCAC,0
AAATCGTGCGTAAGGA,0
AAATCGTGTTAATTAA,0
AAATCTAAGCACACCT,0
AAATCTACAAAAATGG,0
AAATCTACAAGTAACG,0
AAATCTACATATTACT,0
AAATCTATACAAAAAT,0
AAATCTCCCGCATTGA,0
AAATCTCGAGGTCTGC,0
AAATCTCGCCACGTAT,0
AAATCTCTTCGATCTT,0
AAATCTGAGAACAGCT,0
AAATCTTCCCTATCCG,0
AAATCTTTATATCAGA,0
AAATCTTTCAAGAGTT,0
AAATGAAAAAATAACC,0
AAATGAAATAACAAAA,0
AAATGAAATCGTGCTG,0
AAATGAACAAAATCTA,0
AAATGAACCCGTGGAA,0
AAATGAACTAAATCAC,0
AAATGAAGCAAAGTAT,0
AAATGAAGTAAATGGT,0
AAATGAAGTATATACC,0
AAATGAGAAATTATGG,0
AAATGAGAACTGTAAG,0
AAATGAGACCGGGTAA,0
AAATGAGAGAAATATT,0
AAATGAGAGAGTGGGA,0
AAATGAGATCGCAACA,0
AAATGAGATTCTTAAA,0
AAATGAGCGCATGTGC,0
AAATGAGGATGGGTTC,0
AAATGATACGGAAATA,0
AAATGATACTACAGGA,0
AAATGATATTGTGCTG,0
AAATGATCAAGAGCGA,0
AAATGATCGGGCAAGA,0
AAATGATCGTTAGGGC,0
AAATGATCTAATACAT,0
AAATGATTACTTCACG,0
AAATGCAAGAGAAAAT,0
AAATGCAGTCGAAGAA,0
AAATGCATAAAAACGT,0
AAATGCATCGGGAATA,0
AAATGCCAACGATTAT,0
AAATGCCCAAATGGCC,0
AAATGCCTCCTTCCCA,0
AAATGCCTTTTGGTTT,0
AAATGCGACATGACAA,0
AAATGCTGAAAGTCAA,0
AAATGGAAACGTACTG,0
AAATGGAACCAATATA,0
AAATGGAACGTTGTAC,0
AAATGGACGTTAGGCT,0
AAATGGGTATTAAAAT,0
AAATGGTGCTTGATCA,0
AAATGTAACAAACAGG,0
AAATGTAATAGACGTA,0
AAATGTAGCCCGAAAA,0
AAATGTAGTGCTGTTC,0
AAATGTATCTCTGATA,0
AAATGTCGAGGGTTCA,0
AAATGTCGCACATTAG,0
AAATGTCTTGCTGAAC,0
AAATGTTAAAGATGGA,0
AAATGTTGGCCACTAC,0
AAATGTTTTTATTTAA,0
AAATTAAAATGTATAT,0
AAATTAAATAACGAAC,0
AAATTAAATGTTGGGA,0
AAATTAAATTCAAAGG,0
AAATTAAATTCGATGC,0
AAATTAAATTTAAGGT,0
AAATTAACTGCGGGTT,0
AAATTAAGGACAAATC,0
AAATTACCAGCCTAAC,0
AAATTACCCAGATTTA,0
AAATTACCTACCGCAG,0
AAATTAGAAATCCATT,0
AAATTAGACGGAACTT,0
AAATTAGGAACTTACA,0
AAATTAGGCCGCAATC,0
AAATTATAAAATTAGG,0
AAATTATAAATTTAAC,0
AAATTATACAGAAAGT,0
AAATTATAGAATCAGA,0
AAATTATCACACTCAG,0
AAATTATCCACAATTC,0
AAATTATGAACCAGTG,0
AAATTATGATGTAAGT,0
AAATTATTCAACACAA,0
AAATTATTTCACCCAC,0
AAATTCAACAGATGGT,0
AAATTCAAGTCTCGGA,0
AAATTCACAAAAAAAT,0
AAATTCACATGAGCAG,0
AAATTCAGTCACCTCT,0
AAATTCATAAACCACC,0
AAATTCATAGTTTTAT,0
AAATTCATCAACGTGA,0
AAATTCATGGAAGGTA,0
AAATTCATTAGTATGA,0
AAATTCCAAATATGGT,0
AAATTCCATTTCTATC,0
AAATTCCCAAATAGAC,0
AAATTCCCCACAAGAA,0
AAATTCCTGGAGAAAA,0
AAATTCCTTAAACGAT,0
AAATTCCTTAAATCCT,0
AAATTCGAATGTAGCG,0
AAATTCGCAATCGGGG,0
AAATTCGCCCCACTTT,0
AAATTCTATAATTCAA,0
AAATTGAACTTAATAA,0
AAATTGAATTTTTATA,0
AAATTGACAGTGCAAA,0
AAATTGCATCAGACTA,0
AAATTGCCACAACACT,0
AAATTGCCTCAGAAAA,0
AAATTGCTACAGCTAT,0
AAATTGGCTGTAGACA,0
AAATTGGTGTCCTACA,0
AAATTGGTTGAAGCTC,0
AAATTGTCGAAAGTTA,0
AAATTTAAACCTTTAA,0
AAATTTAAATAGAGAT,0
AAATTTAACGGGTAGC,0
AAATTTAATAAGTTTC,0
AAATTTACCTATAAAA,0
AAATTTACGAAATAAA,0
AAATTTACGAACAAGT,0
AAATTTAGAATCCTAC,0
AAATTTATAAATAAAA,0
AAATTTATAAATAACC,0
AAATTTATTTGTAAAA,0
AAATTTGATGCACCAG,0
AAATTTGCAAATTTAT,0
AAATTTGTTTCAAAAC,0
AAATTTTCCGTGACCT,0
AAATTTTGTTCATAAC,0
AACAAAAAAGTCTAGA,0
AACAAAAAATCTCAGA,0
AACAAAAAGCATTAAA,0
AACAAAAAGGAGAATT,0
AACAAAAATCTTGATT,0
AACAAAATTCCCACAA,0
AACAAACAAATTAGAA,0
AACAAACATTTCAAAC,0
AACAAACTACCCCAAC,0
AACAAACTACTAGGGA,0
AACAAACTCTAGTAGC,0
AACAAACTCTTGATTA,0
AACAAAGACCTAATGT,0
AACAAAGCTCTCGTGA,0
AACAAAGTAAACGAAT,0
AACAAAGTTTAACAAA,0
AACAAATAATACTTAA,0
AACAAATACCAGGACC,0
AACAAATACTAAATAA,0
AACAAATATTATGTAC,0
AACAAATATTCAACGA,0
AACAAATCAAAATGTA,0
AACAAATGCATGTCTC,0
AACAAATTACGAGGGC,0
AACAACACACCTCAAT,0
AACAACCAAACATCTC,0
AACAACCAACGCCAAT,0
AACAACCACCCCTTGG,0
AACAACCAGAGTACAG,0
AACAACCAGCTCGCAA,0
AACAACCATACGAAGA,0
AACAACGACGGAAAGT,0
AACAACGTTGCCCCCG,0
AACAACTAAAGCAAGA,0
AACAACTAAAGGAATC,0
AACAACTAAATTCAAA,0
AACAACTAACCGTAAC,0
AACAACTCCAAACCTG,0
AACAACTTACTCGCAG,0
AACAAGACACAAAATC,0
AACAAGAGAATACAAA,0
AACAAGAGTTCATAGT,0
AACAAGATAGGATCCC,0
AACAAGATCGACCCGA,0
AACAAGCAATTCTAAA,0
AACAAGCCGAGGATAC,0
AACAAGCGAGCTGAGA,0
AACAAGCTAACGCGAC,0
AACAAGCTACTACTTG,0
AACAAGGAAGATGAGG,0
AACAAGGGGATGTTTT,0
AACAAGTACGCTAGCC,0
AACAAGTCGCATAAAA,0
AACAAGTGCAATACTT,0
AACAAGTGGCGTAACC,0
AACAAGTTTCTTCTGT,0
AACAATAAACTGGTAA,0
AACAATAACAAGCCAA,0
AACAATAACAATAAAT,0
AACAATAATTCAAATA,0
AACAATACTGGTCCCG,0
AACAATAGCTAAACCG,0
AACAATATAAAAAATC,0
AACAATATAAAAGACC,0
AACAATCAACGGGGAA,0
AACAATCACTTGAAGT,0
AACAATCCCATGCGGC,0
AACAATCGTAGAGCTG,0
AACAATCTACACGCAC,0
AACAATGAGACAGTAA,0
AACAATGATAATAGAA,0
AACAATGATTTAAACC,0
AACAATGCACCAGCAT,0
AACAATGGAGAGAGAA,0
AACAATTAAAGAGTCT,0
AACAATTCTCTGAAGA,0
AACACAAAAAGTCCGC,0
AACACAAAATCCAAAA,0
AACACAAAGGGAGTGG,0
AACACAACTTAGGCCC,0
AACACAAGCTCATACT,0
AACACAAGGATACCAA,0
AACACAATAACGCAGA,0
AACACAATCATAACAA,0
AACACACATCAGTCTA,0
AACACACCATAGAAAA,0
AACACAGATGATTGAC,0
AACACAGCTAAAAAGT,0
AACACAGGAAGCATGA,0
AACACAGTAAATTCCT,0
AACACATATACAAAAA,0
AACACATCAAAGGCAC,0
AACACATCCCTCTGCA,0
AACACATGATAAGCCG,0
AACACATGGCCCGTAC,0
AACACATTATGACCCT,0
AACACCAACATACACA,0
AACACCAACCCCACCA,0
AACACCACCTAGATCT,0
AACACCAGGAAGGACA,0
AACACCATTAAGCCTT,0
AACACCCCACGCGACC,0
AACACCCGCTCTCTCG,0
AACACCGTCGGATGGA,0
AACACCTAAAGACACT,0
AACACCTTGCTGCTAC,0
AACACGAATTCCTTAA,0
AACACGATAATATCAC,0
AACACGCTTAGGGGTC,0
AACACGGAATCATGTC,0
AACACGGTACTATACT,0
AACACTAAAACTGGAT,0
AACACTAATAACGTGA,0
AACACTAGAAAGAACC,0
AACACTATACTAAAAT,0
AACACTGAATAACAAA,0
AACACTGACATTCATT,0
AACACTGATGCAAATA,0
AACACTGCCTTACCTA,0
AACACTTAAGCTTCCA,0
AACACTTGAAATTTCC,0
AACAGAAAACTTGCGA,0
AACAGAAAGAAACAGC,0
AACAGAAGTATCATAC,0
AACAGAAGTTTTGTAA,0
AACAGAATACCTGCAG,0
AACAGACACTCATATC,0
AACAGACATGCTCGCA,0
AACAGACGTTCAATCG,0
AACAGACTAATCCCTT,0
AACAGAGCAGAAAATG,0
AACAGATTACCTCTAA,0
AACAGATTATTTAATG,0
AACAGATTCCAAGGGA,0
AACAGCATTTATCTAA,0
AACAGCCGGTTCCAAA,0
AACAGCGGCAATTAAA,0
AACAGCTCAAACTACC,0
AACAGCTCAACCGTCC,0
AACAGCTGAGGCGAAA,0
AACAGGACCGTATAAA,0
AACAGGATTTCCGGTG,0
AACAGGCTTCCATTAG,0
AACAGGGAAGTTAATT,0
AACAGGGGTCTACATA,0
AACAGTAAGCTCCACA,0
AACAGTACTTGAAACG,0
AACAGTATCGTATGTA,0
AACAGTCAATGGAACT,0
AACAGTCATAGTAACT,0
AACAGTCCAAGTATGA,0
AACAGTCGATGACAGG,0
AACAGTGTAAATCATC,0
AACAGTTCCCAGCTAG,0
AACAGTTGAGCAGAAA,0
AACAGTTGGCTGAAAA,0
AACAGTTTTAAAGCAC,0
AACATAAATCAAGCAG,0
AACATAACAAAACACA,0
AACATAATATTAGAAG,0
AACATAATGGTAAAGA,0
AACATACACATGGTTC,0
AACATACGACCGACTA,0
AACATAGCAGAGACCA,0
AACATAGCCGAAAAAA,0
AACATAGTGTGAAATG,0
AACATATATCTTATTC,0
AACATATCGAAAAGAA,0
AACATATTGCCGCTAC,0
AACATATTGTCATGAA,0
AACATCAACACCGCAT,0
AACATCAATCGAAAGA,0
AACATCAATTACGTTG,0
AACATCATCACACAGG,0
AACATCCTGGACTAGC,0
AACATCCTGTGGACTA,0
AACATCTATCATTACA,0
AACATCTGGAAAATCC,0
AACATCTGTAAAACCT,0
AACATGAAAATGTTCG,0
AACATGAATGATAACG,0
AACATGAGAACCCTAA,0
AACATGATCCGAGCGT,0
AACATGATTACATTAC,0
AACATGCAAATACGAC,0
AACATGCCGAACGATT,0
AACATGCCTTATTAGT,0
AACATGCTCGGATCTA,0
AACATGGCCCTTACGC,0
AACATGGTAATGCTTG,0
AACATGTACTAAGTCA,0
AACATGTGTCAATTAA,0
AACATTAAATGAAGAC,0
AACATTAACTAATGGG,0
AACATTACTCCCACTG,0
AACATTATTCAATATA,0
AACATTCACATCAACA,0
AACATTCGAATAATGA,0
AACATTCTAACATTAT,0
AACATTCTGAAGACTA,0
AACATTGGCCCAAACT,0
AACATTGGGATCACAG,0
AACATTTAACTGTTGA,0
AACATTTGCATTCACA,0
AACATTTTACAGTTGA,0
AACCAAAGCACGTGAA,0
AACCAAAGTAAAGTTT,0
AACCAACATAACCAAT,0
AACCAACCGTAGAATC,0
AACCAACGAGATGTAG,0
AACCAACGTCCTCGAC,0
AACCAAGAACTCTGCG,0
AACCAAGGGTTGGAAA,0
AACCAAGTGTGGTTCA,0
AACCAATCCACTACCC,0
AACCAATTACTATGCT,0
AACCACAATCTGTCCA,0
AACCACAGACTACGTA,0
AACCACATATGTGCAC,0
AACCACCAAGACGGTT,0
AACCACCAGTATCGAT,0
AACCACCCCCTAGATG,0
AACCACCCGTATTGAG,0
AACCACCTAACTTCGC,0
AACCACCTCTTAAGAT,0
AACCACGATTACGCAA,0
AACCACGGATCATGGT,0
AACCACGTTACAAAGA,0
AACCACTAGAGGACTC,0
AACCACTATTTAATGG,0
AACCACTCATCAAAGG,0
AACCACTGACGTCTTG,0
AACCAGAAACTCATTT,0
AACCAGACATACAATC,0
AACCAGACGTTGAATC,0
AACCAGATTGACTGAA,0
AACCAGTAAGCATTCA,0
AACCAGTCATTCGAAC,0
AACCAGTCTCACAATT,0
AACCATAAAACAGGAT,0
AACCATAAACCACTAG,0
AACCATAATGCAAACA,0
AACCATCTCTTGCTAC,0
AACCATCTTGAGGTTA,0
AACCATGTCATAGTTA,0
AACCCAACTATACTTT,0
AACCCAAGATCATACA,0
AACCCAGAAACACATA,0
AACCCAGGTAGAATCT,0
AACCCATCAGGTTATT,0
AACCCATTTTATCCTG,0
AACCCCAACGGGCGTA,0
AACCCCTTTGATAATG,0
AACCCGAAAAACTATG,0
AACCCGAACCTACAAT,0
AACCCGAATCCTGAAC,0
AACCCGATTTATGGAA,0
AACCCGCCCAAACGTG,0
AACCCGCCCGGATGAG,0
AACCCGGAACAATAAC,0
AACCCGGCAAGGTGCT,0
AACCCGTATACTAAAA,0
AACCCGTCTTTTGATT,0
AACCCTACCATCACCC,0
AACCCTACCCTATTAC,0
AACCCTATACGGACCT,0
AACCCTCACCCATCCT,0
AACCCTCCCTAAACAT,0
AACCCTGTTACCACAT,0
AACCCTGTTCCCCGTC,0
AACCCTTGAACATAGA,0
AACCGAAAATACAAGA,0
AACCGAAAGTGCGAAA,0
AACCGAAATAATTGGT,0
AACCGAAGAAGGAAAA,0
AACCGAAGTTGACCCA,0
AACCGACCACAAATAA,0
AACCGACCTTTAACCA,0
AACCGAGAAATAGTGC,0
AACCGAGCCAATTGAC,0
AACCGAGCCCATTATA,0
AACCGAGCTTTATAAG,0
AACCGATCGGATGGTA,0
AACCGATCTAGTATCA,0
AACCGATGAAGAATAT,0
AACCGATGTTAAATTA,0
AACCGATTTAATAAAG,0
AACCGATTTAATATGA,0
AACCGCGAACCCTAAA,0
AACCGCGTGATCCATC,0
AACCGGCCAGAACCTA,0
AACCGTAATGCTAAAC,0
AACCGTAATTATAGGA,0
AACCGTACCTTAATAA,0
AACCGTCCTAGAGTAC,0
AACCGTTGGTCGCCGA,0
AACCTAAAACCGTCGA,0
AACCTACCACACAACC,0
AACCTACCAGGGATAT,0
AACCTACTAACTAGTG,0
AACCTACTGCTAGTTT,0
AACCTAGCACCAATTC,0
AACCTAGTCAAACTTG,0
AACCTAGTTTAGCTCC,0
AACCTCAATCACGGCA,0
AACCTCCCCAGAAGCT,0
AACCTGAAATGTTTAC,0
AACCTGACAATACCTT,0
AACCTGCTCCAAAGAT,0
AACCTGGTGCCACTAT,0
AACCTGTACCGGAAAA,0
AACCTTAGCATATCAC,0
AACCTTAGGAAGACCT,0
AACCTTATACAACCCA,0
AACCTTCAGTGATTTA,0
AACCTTCTAACTGAGT,0
AACCTTGGAGGAATCT,0
AACCTTTCTAATATCC,0
AACCTTTGTAAGATAT,0
AACCTTTTACTTAGAT,0
AACGAAAACTGCCAAG,0
AACGAAAATGTTTACT,0
AACGAAACCATATTAT,0
AACGAAACTTTTCCAC,0
AACGAAAGAAACACAT,0
AACGAAATAAAATTAA,0
AACGAACACACGAGAG,0
AACGAACAGTAAACCG,0
AACGAACGAGATCGTA,0
AACGAACGTTATAAAA,0
AACGAAGAACACCCAG,0
AACGAAGACAGATAAG,0
AACGAAGTAAGTGATG,0
AACGAAGTGACTACTA,0
AACGAAGTTAGTGAAA,0
AACGAAGTTATCAGTC,0
AACGAATCGCAAAAGA,0
AACGAATGCCGACTAA,0
AACGAATTTTAACAAG,0
AACGACAAACTGGCTA,0
AACGACACGATACAAA,0
AACGACAGTGTTGGAT,0
AACGACATAACGACAT,0
AACGACCAGAAAAGAA,0
AACGACCTAATTGGAA,0
AACGACCTCGTAGCCT,0
AACGACGAAATCTGTG,0
AACGACTAAGAATCTA,0
AACGACTAGTAAGTCC,0
AACGACTCATCATATT,0
AACGACTGAATTGTAT,0
AACGAGCATAGGCACA,0
AACGAGGATTCGCCCC,0
AACGAGTACATAGGGG,0
AACGAGTCCCCATACA,0
AACGAGTCGTTTAGTG,0
AACGAGTGTGCGTTTG,0
AACGATAAAGCACGTT,0
AACGATATTACACCAT,0
AACGATCGCACCAAAG,0
AACGATCGCTTATAAA,0
AACGCAAAATAACGTT,0
AACGCAAATTATGAGA,0
AACGCAAATTTAAGAC,0
AACGCACCTTGGCATG,0
AACGCACTGACCTTAA,0
AACGCAGCAGCTACAG,0
AACGCAGCGGTTACAC,0
AACGCAGTAGCACGGA,0
AACGCATAACAATAGA,0
AACGCATATTAATTCC,0
AACGCATCAAAGATCA,0
AACGCATCGAGATTAC,0
AACGCATGTCTACATA,0
AACGCCAAAATAAAAA,0
AACGCCACATACGGTA,0
AACGCCACCAGCAACT,0
AACGCCATGAAGCCTA,0
AACGCCCATCACTATC,0
AACGCCCCATGTCTTA,0
AACGCCCGGAGCGAAA,0
AACGCGAACACGCCAA,0
AACGCGACATGGTAAC,0
AACGCGCTAACCTGTC,0
AACGCGTTGACAAAAG,0
AACGCTAAAATTTTAC,0
AACGCTAACAAAGGAA,0
AACGCTACCTATACAA,0
AACGCTAGAGAAGTAT,0
AACGCTATTAACATGC,0
AACGCTTACCACACTC,0
AACGCTTGGACATTCA,0
AACGCTTGGTGTCGTT,0
AACGGAATGCAAAATG,0
AACGGACGATAATCAG,0
AACGGAGGCATAAAGC,0
AACGGATAGTCTGACA,0
AACGGATCAGGTAAAA,0
AACGGATTAGTCCGTG,0
AACGGGAACTGTTAAA,0
AACGGGGCACAAATTG,0
AACGGTAACTAGATAG,0
AACGGTATCCCAAATA,0
AACGGTATGAGATCGT,0
AACGGTCAAAATATAG,0
AACGGTGCTCAATCTA,0
AACGGTTCCTAAATGG,0
AACGGTTGTACACAAA,0
AACGTAAAACAAAGAG,0
AACGTAAAGTTTTTAG,0
AACGTAACACTTACAC,0
AACGTAATTAGATCCA,0
AACGTACAACTCCATG,0
AACGTACGTTCAGAGG,0
AACGTAGACTCTACGT,0
AACGTAGATACTTATT,0
AACGTAGATCCCCGTA,0
AACGTATCGAAAAAAC,0
AACGTCATTAGCCTTT,0
AACGTCGATCAAAAAA,0
AACGTCTGGCAGATCC,0
AACGTCTGGCTTGATC,0
AACGTGAGCCTGATCC,0
AACGTGTATAGTGATC,0
AACGTTAATAGAATAC,0
AACGTTACAATAAATA,0
AACGTTCAAGATCTGA,0
AACGTTCAAGGACCAG,0
AACGTTCAATTTTGGG,0
AACGTTCACCCGACCA,0
AACGTTCTCGATAGAA,0
AACGTTGTTAGAGACA,0
AACGTTTAGAGCGGGA,0
AACGTTTCATGGGTAA,0
AACGTTTCCACCGGGT,0
AACGTTTGAATGCCAA,0
AACGTTTGCTATGGGA,0
AACTAAAAAGCGAACT,0
AACTAAAAGATGACCA,0
AACTAAAATAAAAAAT,0
AACTAAACTCAAAACC,0
AACTAAAGAGATCTCC,0
AACTAAAGGCATACTA,0
AACTAAAGTGCAAGAA,0
AACTAAATACGATTAG,0
AACTAAATCTGTAACT,0
AACTAAATGATGTCAC,0
AACTAAATTTTATGAG,0
AACTAACAGGATCTGT,0
AACTAACCATTCTGAC,0
AACTAACCGAAATCGT,0
AACTAACCTTATGTTT,0
AACTAACGTCCGATTC,0
AACTAACTCGTGCCCA,0
AACTAACTGGACAAGA,0
AACTAAGCACCTTTGA,0
AACTAATTAAATACTT,0
AACTAATTGTGGAATG,0
AACTACAAACGTGAAC,0
AACTACACAGCGAAGG,0
AACTACACTGATTGTC,0
AACTACAGTGAATCTT,0
AACTACCCCCAACAAT,0
AACTACCTGCGTCAAA,0
AACTACCTTAATGTAG,0
AACTACGGTAAGGCGT,0
AACTACGTAGCAAGCT,0
AACTACGTGACTATAG,0
AACTACTAAAATCTAC,0
AACTACTAATAAAAAT,0
AACTACTCCATAAAAC,0
AACTACTGAAGAGGAT,0
AACTACTTCTATCAGC,0
AACTACTTGCATACCT,0
AACTACTTTGACTATT,0
AACTAGAACGGGTGAT,0
AACTAGAATATAGACC,0
AACTAGATGCCGTATA,0
AACTAGATGCTTATAG,0
AACTAGATTTCACGAA,0
AACTAGCCCATAAGAT,0
AACTAGGCAACATCAA,0
AACTAGGTCGTAAAGG,0
AACTAGTCGATAGACC,0
AACTAGTGAGCTTTGC,0
AACTATAAAAATTACC,0
AACTATAAATCCAAAG,0
AACTATAGATTCCAAA,0
AACTATATGTATCATT,0
AACTATCCCCCGGACA,0
AACTATCCTCAATAAA,0
AACTATGACGGTCCAC,0
AACTATGCTCTTGTAA,0
AACTATTGAGTGCTTT,0
AACTATTGCTAAGGCA,0
AACTCAACATAGACTC,0
AACTCAAGACCAAGTA,0
AACTCAAGTAGGATAG,0
AACTCAATGTTTGAAC,0
AACTCACACGAGGATG,0
AACTCAGCACTACTGC,0
AACTCAGTCGTAAAAT,0
AACTCATACCTTCCTG,0
AACTCATCGATCAAAA,0
AACTCATCTATCCTAA,0
AACTCCAAAGGAAAAA,0
AACTCCAAGCAAACGT,0
AACTCCCCGACCGGTT,0
AACTCCTAGGTCATTT,0
AACTCGCAGTAGTACC,0
AACTCGCATAACACTG,0
AACTCGCATTCTATCC,0
AACTCGCCCCCACACG,0
AACTCGCTCTTAACAA,0
AACTCGTATGGGATAA,0
AACTCTCTGGTATTCA,0
AACTCTGTTCTCCCCT,0
AACTCTTAGAATCGAG,0
AACTGAAAAATTCACA,0
AACTGAACATCCTATG,0
AACTGAACTATCGAAG,0
AACTGAACTCACGCTG,0
AACTGAACTGATCCAG,0
AACTGAAGTCCAACAA,0
AACTGAATGCAATCTT,0
AACTGACACAGGGTAC,0
AACTGACTGAGCGTAG,0
AACTGAGTAATCACCA,0
AACTGAGTATGCAAAA,0
AACTGATATAAGGGTC,0
AACTGATTACCGAAGC,0
AACTGATTATAATGCT,0
AACTGCATATGTCCTC,0
AACTGCATTACCAATC,0
AACTGCCAAGTGCTGT,0
AACTGCCGATGGCAAG,0
AACTGCGTCTTTCATG,0
AACTGGATGTTTGACA,0
AACTGGCAAAATGGTT,0
AACTGGCACACCGCGG,0
AACTGGCTAATCGCAC,0
AACTGGGCCTGTCGAG,0
AACTGGTGCACCAAAC,0
AACTGTAAAATATTCT,0
AACTGTCCCTTACATG,0
AACTGTGCGCTTATTT,0
AACTTAAAAAAACGAC,0
AACTTAAACTTTGTGA,0
AACTTAAAGTACAGTG,0
AACTTAAGGATGAACA,0
AACTTAATTCATTAAA,0
AACTTACAGGACGGTT,0
AACTTACTGTGGTGAA,0
AACTTAGGAAAAAGCT,0
AACTTATCGAGCCATT,0
AACTTCACAATCCTGA,0
AACTTCACATAAATTG,0
AACTTCACTAATATGG,0
AACTTCAGCAATGTCA,0
AACTTCCAACGTACCA,0
AACTTCCATACCTGAC,0
AACTTCCGGTAAAAGT,0
AACTTCGACAGAAAAT,0
AACTTCGCGCACAGAC,0
AACTTCTAACATCCCT,0
AACTTCTTATAAAGCC,0
AACTTCTTCGTCCATT,0
AACTTGAGAGAGTTAT,0
AACTTGAGGACAACGA,0
AACTTGATTTCATGCG,0
AACTTGCTAAACTTCT,0
AACTTGTAACAGAGAA,0
AACTTGTCATCTAATC,0
AACTTGTGAACGCATC,0
AACTTTAACAAATTAA,0
AACTTTAACGTAGCCT,0
AACTTTAGTAGTGTCC,0
AACTTTATATGATAGC,0
AACTTTATTCCACCAT,0
AACTTTCAACAAAGCT,0
AACTTTCGGAGAACAA,0
AACTTTGAAATACTTA,0
AACTTTGATGACCGTG,0
AACTTTTTGCGATATG,0
AAGAAAAAAGATCTAA,0
AAGAAAAAAGTGTTAG,0
AAGAAAAGAAATCGGA,0
AAGAAAATAAACTAAA,0
AAGAAAATAACACAGG,0
AAGAAACAAACAAGAA,0
AAGAAACCAATTGAAA,0
AAGAAAGACAAACTAA,0
AAGAAAGACCTCCGTT,0
AAGAAAGATATCATAA,0
AAGAAAGGGGTGTTAA,0
AAGAAAGTAAATTAGG,0
AAGAAAGTTAGTATAT,0
AAGAAATACAGCGAAA,0
AAGAAATCAAGCATAG,0
AAGAAATCCTGCAAAA,0
AAGAAATTACGGGGTA,0
AAGAACAAAGGACTAC,0
AAGAACAAGTCCAACC,0
AAGAACACGGATTACA,0
AAGAACATAACGTACA,0
AAGAACCAACTAAATA,0
AAGAACGAGCGCAGAC,0
AAGAACGTAGTGCCAA,0
AAGAACTAACCTAAGC,0
AAGAACTATACAGGCC,0
AAGAACTCTTAAAGCT,0
AAGAACTTTTTACCAA,0
AAGAAGAACCTTGCCA,0
AAGAAGAATGTATGTC,0
AAGAAGACTCAACCAG,0
AAGAAGAGCGATCAGG,0
AAGAAGAGGTTTCCAA,0
AAGAAGATTATCAATT,0
AAGAAGCGAATGATAA,0
AAGAAGTAACTGATAA,0
AAGAAGTAGCCCAATG,0
AAGAAGTCGCCCCTAG,0
AAGAAGTCTTAGCTCG,0
AAGAATAACAAAGGAT,0
AAGAATAAGTATACTT,0
AAGAATACGCCATACC,0
AAGAATATATAAAAAT,0
AAGAATATCCCCTAAT,0
AAGAATATGACTAAAT,0
AAGAATCCTAATTACT,0
AAGAATCTCCAGACTA,0
AAGAATCTCGAGTTTT,0
AAGAATCTCTTTTGCA,0
AAGAATGAAGAGCCGA,0
AAGAATGATGCTGAGA,0
AAGAATGGACAAGTAC,0
AAGAATTAGACGACAA,0
AAGAATTGCACATTAG,0
AAGAATTTTTGTACTG,0
AAGACAAATCCTATGT,0
AAGACAATACAAACCC,0
AAGACAATATGCAACA,0
AAGACACATATCAGAC,0
AAGACACGGTAAAGAA,0
AAGACACTTTAACCCA,0
AAGACACTTTACACGA,0
AAGACAGAAAGGTTTG,0
AAGACAGGAACAGATC,0
AAGACAGGATATAATA,0
AAGACAGTATAAGGTA,0
AAGACAGTCTAATAGA,0
AAGACAGTGTAAAAAC,0
AAGACATACACCTACT,0
AAGACATGAAAATACT,0
AAGACATGAGGGTACA,0
AAGACATGCGAAACAC,0
AAGACATGGCAACCGC,0
AAGACATGTCAGACTT,0
AAGACATTGATCAAAT,0
AAGACCAACCGACCAG,0
AAGACCCGTCAACGGC,0
AAGACCTAATCTAGGA,0
AAGACCTACGTACCAC,0
AAGACCTATTATATCT,0
AAGACCTCATATATGG,0
AAGACCTGAAAGTAAA,0
AAGACGCCGATGGTGC,0
AAGACGCCTATGTAGA,0
AAGACGTACACCTTGC,0
AAGACGTCGATGGCAC,0
AAGACGTGATATTTCA,0
AAGACGTTTTGACATC,0
AAGACTACACCAAATT,0
AAGACTACCCCATCGA,0
AAGACTACTTCAACGA,0
AAGACTCTTTCAAGAC,0
AAGACTGCCAACTGTT,0
AAGACTGTAAATCCTC,0
AAGACTTACCAGACAC,0
AAGACTTAGCCGAACC,0
AAGACTTATGATCATG,0
AAGAGAAATTATGGAG,0
AAGAGAACTTCTAAGG,0
AAGAGACAAACCGAAG,0
AAGAGAGCCGTTGGAC,0
AAGAGAGCTACACAAA,0
AAGAGATAAAATACTT,0
AAGAGATTATACTATA,0
AAGAGCAATATCTCCT,0
AAGAGCACTAGTCCGC,0
AAGAGCCAGGTAAACC,0
AAGAGCGTGCTCCATT,0
AAGAGCTGTAAATGAT,0
AAGAGCTGTTTGACTT,0
AAGAGCTTTAAAAAGT,0
AAGAGGAAGATAAAAC,0
AAGAGGATGAATACAC,0
AAGAGGCAACCGAAAC,0
AAGAGGCAATTAGGGG,0
AAGAGGCTGACCTCAC,0
AAGAGTAAACAAGCGT,0
AAGAGTAAAGATAATC,0
AAGAGTATACCAGAAC,0
AAGAGTATGTTTCATA,0
AAGAGTATTAAAGTCA,0
AAGAGTCAGATACCAA,0
AAGAGTCGTCCATACG,0
AAGAGTCTTAACTATA,0
AAGAGTGACTACCGAC,0
AAGAGTGCATTGTGAG,0
AAGAGTGCGGTACGTC,0
AAGAGTTAACTAACTA,0
AAGAGTTATATAAACC,0
AAGAGTTCTGAATACG,0
AAGAGTTTGGTAAATG,0
AAGATAAAAACTAGTC,0
AAGATAAAACTAAAGA,0
AAGATAAGCTAGAACA,0
AAGATACCCCGTGTAT,0
AAGATACTAAGCTTCA,0
AAGATAGATCCCTAAT,0
AAGATAGATGGATTGC,0
AAGATATCGGACTACT,0
AAGATATGGGATGTAC,0
AAGATATGTCAGATGC,0
AAGATCAACGTTTCTT,0
AAGATCAAGACTAAAG,0
AAGATCACAAAAAATG,0
AAGATCCTCTTCACAC,0
AAGATCTGTAGGACTA,0
AAGATGAAATTAAAGA,0
AAGATGACAATTAATT,0
AAGATGATAAAATTAA,0
AAGATGGGAACAGTGC,0
AAGATGTAATGATAAC,0
AAGATGTGAGTAACCG,0
AAGATGTTAGACAAGA,0
AAGATTAAAGAACGCT,0
AAGATTAAATTCCGCA,0
AAGATTAACCATCCTT,0
AAGATTAACGAAGATA,0
AAGATTAACTGAACAC,0
AAGATTAATATTTTAA,0
AAGATTAATTGCGAAA,0
AAGATTCACCAAAATA,0
AAGATTCATACCTCAA,0
AAGATTCGCGCTTACG,0
AAGATTCGCTATACGT,0
AAGATTCTAGATCCAA,0
AAGATTCTGACTTCGG,0
AAGATTGATAATTACG,0
AAGATTTAAAAGAGCT,0
AAGATTTACAATAACC,0
AAGATTTCGGAACAGT,0
AAGCAAAAAACCCCAA,0
AAGCAAAAACGGCACC,0
AAGCAAAAATGATGCT,0
AAGCAAAAATTTGTCC,0
AAGCAAAACAAGACGC,0
AAGCAAAACAGAATCT,0
AAGCAAAACCGTACAT,0
AAGCAAACAAACTCAG,0
AAGCAAACGATGAGTT,0
AAGCAACCCTCGATTG,0
AAGCAAGACTCTGGCC,0
AAGCAAGAGTCTGGCA,0
AAGCAAGCCTTGTCCC,0
AAGCAAGTGTGAAAAA,0
AAGCAAGTTTAAATTC,0
AAGCAATAAGTATAGA,0
AAGCAATACTACATTA,0
AAGCAATATATTCAAG,0
AAGCAATATGCATAGC,0
AAGCAATCAAAGGTCG,0
AAGCAATCCTGTCTTA,0
AAGCAATGGGCAAGCG,0
AAGCAATGTATACTAC,0
AAGCAATTACCTCAGG,0
AAGCACAGAACTGCTC,0
AAGCACGAAATGACCT,0
AAGCACTAACATGTAA,0
AAGCACTAACTTGCCT,0
AAGCACTAAGAAAAAA,0
AAGCACTATATGTATA,0
AAGCACTTTAACATCA,0
AAGCATACTAGAAGAA,0
AAGCATATAAAGAACG,0
AAGCATATTTGAAGCT,0
AAGCATCAACTAAAAA,0
AAGCATCCGTCGCTTA,0
AAGCATCGCAATGCCA,0
AAGCATTAACTTTAAT,0
AAGCATTATACTATCG,0
AAGCCAAAAATAGATT,0
AAGCCAAAGCAGTAAC,0
AAGCCAAGCTACTAAC,0
AAGCCAATAAGACAGC,0
AAGCCACACGCAGATT,0
AAGCCAGTCCACAAGA,0
AAGCCATACCCGCGTT,0
AAGCCATAGAAGATCG,0
AAGCCATCAAACTCGC,0
AAGCCATCAACAATTG,0
AAGCCATTAACGTGTC,0
AAGCCCACAAATAAAA,0
AAGCCCACACCAATAT,0
AAGCCCACCGTTTGCG,0
AAGCCCACTAGCAAAT,0
AAGCCCCATAAGTGTG,0
AAGCCCCGATATCCTT,0
AAGCCCTATCATACAC,0
AAGCCCTCACCCATAA,0
AAGCCCTTCGACCGGC,0
AAGCCGAGATTTACAG,0
AAGCCGGGCAATTGCT,0
AAGCCGGTACGAAGAC,0
AAGCCGTCACTACATA,0
AAGCCGTTACCACAAT,0
AAGCCTAAGCAATACC,0
AAGCCTAATACGTCCA,0
AAGCCTAATGAGATCA,0
AAGCGAACCAGTTAAA,0
AAGCGAAGTATATATT,0
AAGCGACAAATGACGA,0
AAGCGACGATTGCCCC,0
AAGCGAGTGAAAACAA,0
AAGCGATAGAACTAAC,0
AAGCGCCAGTGAGGAA,0
AAGCGCGAAAATACAT,0
AAGCGCTAACACATAT,0
AAGCGCTTAGGGAACA,0
AAGCGGAACGTCACCG,0
AAGCGGAGAATGATCC,0
AAGCGGCGGCCATAGG,0
AAGCGGGCAGCACGAA,0
AAGCGGGGAGCATCAC,0
AAGCGTCAGCAACTCA,0
AAGCGTTCGAGCTGGT,0
AAGCGTTTACAGAAAA,0
AAGCGTTTCCGTACTG,0
AAGCTAACTTTAATAC,0
AAGCTACAAGAACGAG,0
AAGCTACCGAGCACGC,0
AAGCTACTCTTGATTC,0
AAGCTAGGCTACCGAA,0
AAGCTAGTACGTAACC,0
AAGCTAGTATTGGACT,0
AAGCTAGTCTATACGC,0
AAGCTATGAGATTTGG,0
AAGCTATTACTACTAC,0
AAGCTCAATAAATCCT,0
AAGCTCAATTACATTC,0
AAGCTCACGAATCACA,0
AAGCTCGAACAACGCT,0
AAGCTCGATGACCCTC,0
AAGCTGAAATCACCCG,0
AAGCTGAATTGACTTA,0
AAGCTGACCAACCGCA,0
AAGCTGACTTGACGAA,0
AAGCTGCAAATTCAAG,0
AAGCTGCAGGAAACAA,0
AAGCTGCCTAGTATAC,0
AAGCTGGAGCGAACAT,0
AAGCTTACCGGACATC,0
AAGCTTACGCATCTGC,0
AAGCTTGGATAATAGC,0
AAGGAAAATACCAATA,0
AAGGAAAATGCAAGAC,0
AAGGAAAATTGAGTTA,0
AAGGAACAAGAGCATA,0
AAGGAACCTACACGCA,0
AAGGAAGCCATGTTGA,0
AAGGAAGGTAATTCAG,0
AAGGAATGTGGATCAA,0
AAGGACAGTTCTGTCG,0
AAGGACCGAGATAACA,0
AAGGACGAAATACATT,0
AAGGACTACGCCGTTC,0
AAGGAGAAGCGTATGT,0
AAGGAGACGCACAAAC,0
AAGGAGCTATACAAAG,0
AAGGAGCTGGGTATGA,0
AAGGAGTTACATCGAA,0
AAGGATAACAATGGAC,0
AAGGATAATCTACTCA,0
AAGGATAGACAGACAA,0
AAGGATATGGGTCTCT,0
AAGGATCTTTAAAAAG,0
AAGGATTATGGGATAC,0
AAGGATTTTGTATGAC,0
AAGGCAAAAGTAAACA,0
AAGGCAAAATCCTAAG,0
AAGGCAAATTATAAAG,0
AAGGCACAAAGAGCTT,0
AAGGCACAATAAGATC,0
AAGGCAGGATATCTAA,0
AAGGCATACGCCCTTA,0
AAGGCATGAAGAAGGA,0
AAGGCCACCACCTAAC,0
AAGGCCACCATTCCCG,0
AAGGCCATGGTGGGAG,0
AAGGCCCACAAGGACA,0
AAGGCCTAGAATGGAA,0
AAGGCGAACTAACACG,0
AAGGCGGCTAATGACG,0
AAGGCTAGGTAACAAA,0
AAGGCTAGTACTGATA,0
AAGGCTCACATTTCTG,0
AAGGCTCCCTTTAACT,0
AAGGCTGCTAAACCAT,0
AAGGCTTCGTTATAAA,0
AAGGGACTCATTCTAG,0
AAGGGAGTAGGAAATA,0
AAGGGATGCTCATCAT,0
AAGGGATTACATGGAA,0
AAGGGATTTTACGTTC,0
AAGGGCAAATGAGCAA,0
AAGGGCATAGCGTATT,0
AAGGGCCGGCAGGATT,0
AAGGGCGAGAAGCGCC,0
AAGGGCTCTACATTAT,0
AAGGGCTTAAAAAGAT,0
AAGGGGGGTTAGTGAT,0
AAGGGGGGTTGACCAA,0
AAGGGTAATTGCTATA,0
AAGGGTAGAGCTCCTT,0
AAGGGTAGGTGACGAT,0
AAGGGTATTATTGGAA,0
AAGGGTCAGACATAAG,0
AAGGGTCTTTAGCACA,0
AAGGGTTAAAAGTTCA,0
AAGGGTTCAAGCCTAG,0
AAGGTAAAATAATCTA,0
AAGGTAATAAGAGTTA,0
AAGGTACTAGCAGTAA,0
AAGGTAGAAAGATAAT,0
AAGGTATGTTCAAACG,0
AAGGTCAACAAATACG,0
AAGGTCAAGAATAAGT,0
AAGGTCAGAACCGTTA,0
AAGGTCAGAATCTACA,0
AAGGTCTTAAAGTGGT,0
AAGGTCTTATCTAATT,0
AAGGTGATCATCACCT,0
AAGGTGCCCGTGAGAT,0
AAGGTGGTGAAGCAGA,0
AAGGTTCGCGAGAATA,0
AAGGTTGAAACTTAAC,0
AAGGTTGACACTTAAT,0
AAGGTTGCTCTTCGAA,0
AAGGTTGTAAAACCAT,0
AAGGTTGTCAAATAGA,0
AAGGTTGTGCAGCAAG,0
AAGGTTTATTACTTAA,0
AAGGTTTTAACGGTGA,0
AAGGTTTTGAACAACA,0
AAGTAAAACAAGGCAA,0
AAGTAAAAGCTACATC,0
AAGTAAAATCTTTCAT,0
AAGTAAACGGCAGTAG,0
AAGTAAAGAAACATCT,0
AAGTAAAGACCCGGCT,0
AAGTAAAGTTAACCAA,0
AAGTAAATAAAGTTGC,0
AAGTAAATACTTGTCT,0
AAGTAACAACTTGACG,0
AAGTAACACGGGTGCA,0
AAGTAACGAAATAGGC,0
AAGTAACGGGACCAAG,0
AAGTAACTAAATCCAA,0
AAGTAACTTTGCACAG,0
AAGTAATAGAATGAGG,0
AAGTAATTACAGGCAT,0
AAGTACAAACACCCCG,0
AAGTACAAGTGTCATA,0
AAGTACAATCACAAGT,0
AAGTACAGGAACTACC,0
AAGTACCAATAGTACA,0
AAGTACCACGCCAGAC,0
AAGTACCAGAAAAGGT,0
AAGTACCAGAACTCCC,0
AAGTACCATCATAGAG,0
AAGTACCCGTAGATCG,0
AAGTACCGATAGTTTA,0
AAGTACCTGACAGACA,0
AAGTACGATCTTATGA,0
AAGTACGGTAGTTCAC,0
AAGTACTAGAAATAAA,0
AAGTACTCATAACCAT,0
AAGTACTCCCTCGCGA,0
AAGTACTGTCATTATC,0
AAGTACTTCCATGACT,0
AAGTAGACTCACGCCA,0
AAGTAGGCAACAATTA,0
AAGTAGGGGCCTTAGA,0
AAGTAGTAAATGAGAT,0
AAGTAGTAAGTTCAGT,0
AAGTAGTATCATCGCT,0
AAGTATAACATCCTAA,0
AAGTATAACTGAAAAT,0
AAGTATACTCCTCACG,0
AAGTATATACATAACC,0
AAGTATATAGGATCGA,0
AAGTATCAGAAGTAAA,0
AAGTATCAGGCGATGG,0
AAGTATCCTGATACGT,0
AAGTATTAATTCCCCC,0
AAGTATTATACCAAAC,0
AAGTATTCCATCCAAT,0
AAGTATTGAGGCACTA,0
AAGTATTGTTCCCTTA,0
AAGTATTTGAAACACA,0
AAGTATTTGATACTGT,0
AAGTCAAAAAGATGTG,0
AAGTCAACCCCGTCGA,0
AAGTCACCAAAGACAC,0
AAGTCACCTAAGTCTT,0
AAGTCACGATAACATG,0
AAGTCACGCCGTGCCC,0
AAGTCATACTAACATC,0
AAGTCCACGGACGGAT,0
AAGTCCATGTTAAATA,0
AAGTCCTATAACAAAT,0
AAGTCGCAATATATCA,0
AAGTCGGTACTGTTGC,0
AAGTCTAAGGGAGCTA,0
AAGTCTAGCCGGAAAT,0
AAGTCTATAATCTTGA,0
AAGTCTCACGAAGAGA,0
AAGTCTCGTACCCAAG,0
AAGTCTCGTAGTAGCA,0
AAGTCTCTTACTTCCC,0
AAGTCTGACAAAAAAC,0
AAGTCTTGAAAGTAAA,0
AAGTCTTGGTGCACGT,0
AAGTGAAAGGACAGAG,0
AAGTGAATATCGACAT,0
AAGTGACACCAGCAAA,0
AAGTGAGAAGAGACAA,0
AAGTGATATGCGTCCC,0
AAGTGATCTCGACGTG,0
AAGTGATTGAGAGTAG,0
AAGTGATTTAAAGGAG,0
AAGTGCGATGTTACTC,0
AAGTGCTATTGCCAGG,0
AAGTGCTTACAGTTCT,0
AAGTGGCTAAAAGCAC,0
AAGTGTAAATAAGCAA,0
AAGTGTAACCCTATGA,0
AAGTGTACTACATACG,0
AAGTGTGTTTTTATGG,0
AAGTGTTAGAAGGCAT,0
AAGTGTTGTAAGAATG,0
AAGTGTTTACGACTAA,0
AAGTTAAACAAAAGCC,0
AAGTTAACTAAGACGC,0
AAGTTAATTCGTCGCG,0
AAGTTACAACCCAGCT,0
AAGTTAGAATGGTAAA,0
AAGTTAGCTACTGTCG,0
AAGTTATATCCGTTCA,0
AAGTTATCCTGCTCGC,0
AAGTTATGAATATAAG,0
AAGTTATGCATCTCAC,0
AAGTTCACAACAATTT,0
AAGTTCATGACATCCA,0
AAGTTCCAATCCAGTA,0
AAGTTCGGGTCTACAA,0
AAGTTCTAAGTGATGA,0
AAGTTCTGCAACTCCC,0
AAGTTGAAGAACTATT,0
AAGTTGAGTTTCAGCC,0
AAGTTGATAAGTGCTA,0
AAGTTGCCAGTCGAGA,0
AAGTTGTGTTTATCAT,0
AAGTTGTTCGAAGTAA,0
AAGTTTCGAACTTAAC,0
AAGTTTGTAACCCCTC,0
AAGTTTGTAGAACAAT,0
AAGTTTTCTGAGGATT,0
AAGTTTTTGAACAAAC,0
AATAAAAAAGGTCACT,0
AATAAAAACAAGATTA,0
AATAAAAAGGTAAAGA,0
AATAAAAAGTCTCGCT,0
AATAAAACGGAACATA,0
AATAAAATAGGATTTC,0
AATAAACAATAATTCT,0
AATAAACACCAGCTGG,0
AATAAACATCACAATC,0
AATAAACCAGTAAGGA,0
AATAAACGATAGGCCG,0
AATAAACGTTAAATGT,0
AATAAACTTTACGTTC,0
AATAAAGAAAATCAAT,0
AATAAAGGGAAATGTA,0
AATAAAGTCAAAGAAT,0
AATAAAGTGCGCAAAC,0
AATAAATAAACGTTGC,0
AATAAATATATAACAC,0
AATAAATATTCCAATA,0
AATAAATCGGAGACTA,0
AATAAATCTAGTTTTC,0
AATAAATGCCTCACCT,0
AATAAATTGCCAACGA,0
AATAACAATGGTATGT,0
AATAACACTATTTTAT,0
AATAACATCTCTCCGG,0
AATAACCAGCAAAAAT,0
AATAACCAGCTTACCT,0
AATAACCATAATAGGG,0
AATAACCCATATGCAT,0
AATAACCCTTGTGATA,0
AATAACCGAGTATAAA,0
AATAACGACCTTGTGC,0
AATAACGAGCTACTTT,0
AATAACGAGGACTATA,0
AATAACGATGAGAGAG,0
AATAACGTAAACTTGT,0
AATAACTAATGCAGAT,0
AATAACTACAGTAAAC,0
AATAACTACTACACAA,0
AATAACTATGACAGCC,0
AATAACTCAATCCAAG,0
AATAACTCTGTCCTAC,0
AATAACTGATAATTTG,0
AATAACTGGCAGGACT,0
AATAACTGTTGTGTTT,0
AATAAGAAACACCTAA,0
AATAAGAAAGACTATA,0
AATAAGAAGACACCTC,0
AATAAGAAGTAAAAAT,0
AATAAGAGCAACAGCT,0
AATAAGAGGAATATAT,0
AATAAGATAATGACTA,0
AATAAGATGTCCCAAC,0
AATAAGCACGTCATAT,0
AATAAGCCCGATGCTA,0
AATAAGCGGGCAATAT,0
AATAAGGGAACTATTC,0
AATAAGGTTCAAGCTC,0
AATAAGTAAACCCCTA,0
AATAAGTTATACAATC,0
AATAAGTTGGTAATAC,0
AATAATAAAATTAAAT,0
AATAATAAACGAAGAT,0
AATAATAAAGGCTCTC,0
AATAATAACGAGACGT,0
AATAATACCAAACCTC,0
AATAATACTCAATAAA,0
AATAATATAAGAAGCG,0
AATAATATGAGGCGCC,0
AATAATCGACAAAAAC,0
AATAATCGACTCTTAC,0
AATAATCTTAACAACC,0
AATAATGAAATAAACG,0
AATAATGAACACCATG,0
AATAATGCTTTTAGAC,0
AATAATGGATTCTATA,0
AATAATGGCTGCTAAA,0
AATAATGGGAAATGCC,0
AATAATTACCCGGAAG,0
AATAATTAGAAAGTTC,0
AATAATTAGATTTAAA,0
AATAATTATGCACACG,0
AATAATTATTGAAAAG,0
AATAATTCGCTTTGGG,0
AATAATTGGTCATTGT,0
AATACAAAAACAGAGT,0
AATACAAAGTACTCAC,0
AATACAAGACAACAAT,0
AATACAAGCAAACTAA,0
AATACAATATAGTAAC,0
AATACAATTTGCAAAG,0
AATACACAAAAGAAAT,0
AATACACAAAATTTAC,0
AATACACAGGGGACGA,0
AATACACATCGTAACG,0
AATACACGCAAAGAGC,0
AATACAGCCAAAATGG,0
AATACAGTTTATAAGA,0
AATACATCTGCTATTC,0
AATACATGAACGGTCC,0
AATACATGCCCTTACA,0
AATACATGCTCGAGAG,0
AATACATTCTGAAAAA,0
AATACATTGCCCGTTA,0
AATACATTGGAATGAC,0
AATACATTGTCTACAA,0
AATACCACTACCTTAC,0
AATACCATTAAGTATC,0
AATACCCAAAAATGGG,0
AATACCCACTTAACCG,0
AATACCCCCTATAACC,0
AATACCTAACTGCGCC,0
AATACCTCACTGTCGG,0
AATACGAGAAGCCGAC,0
AATACGATATTACAAA,0
AATACGATGACTCGTA,0
AATACGCCGAGGATCA,0
AATACGCCTCATACTT,0
AATACGCTATGGTATA,0
AATACGGCAAAATTTT,0
AATACGGCTATACATA,0
AATACGGGCAAAAACG,0
AATACGGTTTGCCTAC,0
AATACGTAAAGCTCTC,0
AATACGTCTTAATAAT,0
AATACTAAATTAAAAA,0
AATACTAACTAATACG,0
AATACTAAGCCAAAGT,0
AATACTAATTGAAATC,0
AATACTAGATACAAGA,0
AATACTATGAAGTGCT,0
AATACTCAATTAAGGA,0
AATACTCACAGTCAAA,0
AATACTCTAGACGCAA,0
AATACTGAAACTTCCT,0
AATACTGGAGTAAATT,0
AATACTGGTTATGATC,0
AATACTTAAGATTAAC,0
AATACTTATAGATGAT,0
AATACTTGTACTTAAG,0
AATACTTTGCTCCATA,0
AATAGAAAAACTCCTG,0
AATAGAAAATATCCAA,0
AATAGAAGGACGGATT,0
AATAGAATGCAGAGCC,0
AATAGAATTTGAGCAA,0
AATAGACACATGGGCT,0
AATAGACGCCATAGGC,0
AATAGACTATGTGGCG,0
AATAGACTTCATACAG,0
AATAGACTTTCGTTCC,0
AATAGAGACACTAGCA,0
AATAGAGACGTGAATG,0
AATAGAGTAACAGCCA,0
AATAGATTCAGGCTCA,0
AATAGATTTAGAAATT,0
AATAGCAAATCAGAAA,0
AATAGCAAGGTACCTG,0
AATAGCAGACTTTGAG,0
AATAGCAGTTTACATA,0
AATAGCATCTTATGCC,0
AATAGCATTAACGAAA,0
AATAGCATTTACCTCC,0
AATAGCCTACCTAAAG,0
AATAGCCTACGTACTA,0
AATAGCGCTAAAAATG,0
AATAGCTGAAACCAAA,0
AATAGCTGGTACGGAA,0
AATAGCTTAAATTACT,0
AATAGGAGAAGTATCA,0
AATAGGATTTATACAA,0
AATAGGCCTGCCTAAT,0
AATAGGCGTTGATCGA,0
AATAGGGCTACAGCAT,0
AATAGGTAAAAGAACA,0
AATAGTAAATAGAACA,0
AATAGTAGCATACATT,0
AATAGTATGATATCTA,0
AATAGTCTACCCGCGT,0
AATATAAACCCATTAG,0
AATATAAAGGAAATAA,0
AATATAAATCTGAACC,0
AATATAACGTACCATC,0
AATATAAGATAGTCTC,0
AATATAAGCGGGCCCG,0
AATATAATAGCGTAGC,0
AATATAATATACCCTT,0
AATATAATATCATTAT,0
AATATAATCTACACAG,0
AATATACAACACCGTG,0
AATATACAAGATCCAT,0
AATATACACGAAGAGA,0
AATATACAGATAATAC,0
AATATACATTCGAGCC,0
AATATACCATGGTCAA,0
AATATACTCTAGGTTC,0
AATATACTGAACGAAA,0
AATATAGAAGAAGACT,0
AATATAGACAAAAAAA,0
AATATAGAGATCACTG,0
AATATAGCTCACAAGA,0
AATATAGGCGGGACGA,0
AATATAGTAGTGAACC,0
AATATAGTCTGACTAA,0
AATATATAACACTTAT,0
AATATATAAGTAATGC,0
AATATATATCCGGGAA,0
AATATATTAATGCAAA,0
AATATCATCCGTCACC,0
AATATCATTTAACTTA,0
AATATCCAAAAAGAAA,0
AATATCCAAGTAAGAA,0
AATATCCCGAGAAAGA,0
AATATCCGCACCAGGC,0
AATATCCGCGAGAAAG,0
AATATCGAACGTCTAT,0
AATATCGAGTGAGGTA,0
AATATCGGCAAGCGCA,0
AATATCGGGCTACGCC,0
AATATCGGTTAGAGCG,0
AATATCTGCTATTGTG,0
AATATGAAAAGTACAA,0
AATATGAACAGGATTA,0
AATATGAAGTACACAC,0
AATATGACCAGTTACA,0
AATATGAGAAAATTGA,0
AATATGAGTTACCCAA,0
AATATGATAAAACACA,0
AATATGATACCGCCTG,0
AATATGCACGGTACGT,0
AATATGGACGTATTAG,0
AATATGTAAGCCTAGA,0
AATATGTAATAAAAAA,0
AATATGTTAACGTACA,0
AATATGTTTCCCTTAT,0
AATATTAAATCAATGA,0
AATATTAATGCAGCCA,0
AATATTACATAGGATG,0
AATATTACCAAAATTA,0
AATATTATATCACTAG,0
AATATTATCCCTGCCA,0
AATATTATTAAACAAT,0
AATATTCACTTCTTGG,0
AATATTCCTAAGTATC,0
AATATTGGAGAATAAG,0
AATATTGGTAACAAGA,0
AATATTGGTCACGTAT,0
AATATTTAAGTTACAC,0
AATATTTAATTTAAGG,0
AATATTTTTGATGAAC,0
AATCAAAAACATCATT,0
AATCAAAAGGTAATTA,0
AATCAAAATAAAATAC,0
AATCAAACGGACTCGG,0
AATCAAAGAATGGCAA,0
AATCAAATGATAACTT,0
AATCAAGCGTTCGCAA,0
AATCAAGCTTTTTGAA,0
AATCAATAAATAACAA,0
AATCAATACATCTCAA,0
AATCACAAGATTCAAT,0
AATCACACACAACAAA,0
AATCACACCGTTGCTC,0
AATCACACTTACTACC,0
AATCACAGTGACTCCC,0
AATCACCAAAGGGATT,0
AATCACCTCGAATTTA,0
AATCACGAGCAGTACT,0
AATCACTGCCTTGCAC,0
AATCACTTGGGTCGGC,0
AATCAGACGAACGTCA,0
AATCAGAGTCAATTGT,0
AATCAGCAGTCCTATG,0
AATCAGGTCAGACTCT,0
AATCAGGTGCGACTGG,0
AATCATAACCAGAAGT,0
AATCATAAGCTAGTTG,0
AATCATAATTGATGCG,0
AATCATACCCTTTATA,0
AATCATATAAGGAGCT,0
AATCATCAACAAACTA,0
AATCATCATCGGATTA,0
AATCATCCATACGGGC,0
AATCATCCGCACCATT,0
AATCATCTGTCCAGCA,0
AATCATCTTGAAGCAC,0
AATCATGACACCTCGA,0
AATCATGATTATTAAA,0
AATCATGCCACACTAA,0
AATCATGCGTTTAATG,0
AATCATGTTGTGTGTC,0
AATCATTATAAAGACG,0
AATCATTCCAAATAGG,0
AATCATTCCGATGGCC,0
AATCATTCTCCTTACT,0
AATCATTTATCCATTC,0
AATCCAAAGCGGAACC,0
AATCCAATAAAGCATG,0
AATCCAATTCAGCCAC,0
AATCCACCACATAGCC,0
AATCCACGCTGTGCGG,0
AATCCACTCCTGACAT,0
AATCCACTCGACAGGG,0
AATCCAGACTCAAATC,0
AATCCCAATACGATGA,0
AATCCCCAGATGCCTT,0
AATCCCGCTCCTGCAA,0
AATCCGAACGAATAAA,0
AATCCGCAATGTGAGA,0
AATCCGCTACCGAAGC,0
AATCCGGCCACCTTGC,0
AATCCTACCTCGACTC,0
AATCCTAGACACACGT,0
AATCCTCGGCAAAATC,0
AATCCTGACCTCTCTA,0
AATCCTTAACACGGAT,0
AATCCTTAATTTGGCC,0
AATCCTTCCGATGTAC,0
AATCGAAGAATATAGT,0
AATCGACGCTAATAAT,0
AATCGACTCTCAAGAC,0
AATCGAGCTTGCAGAA,0
AATCGAGGCCCGCTCC,0
AATCGAGTTACAAGAA,0
AATCGCAAATACGGTA,0
AATCGCACAGTGTCGG,0
AATCGCATGGAACCCG,0
AATCGCCACATGAGCT,0
AATCGCTACAAAAAAA,0
AATCGCTATAATAAGG,0
AATCGCTCAACATCGT,0
AATCGCTTAAAAGCCA,0
AATCGCTTAAGAGGCT,0
AATCGGACCGTTATCA,0
AATCGGCATCTGTTTC,0
AATCGGCTTCGCCCTC,0
AATCGGGGTTGTGCGA,0
AATCGGTAATATATTC,0
AATCGGTTTTATAGGA,0
AATCGTATAAGACCTA,0
AATCGTCAATAACCCA,0
AATCGTGATCCCACTT,0
AATCGTTTCACCGCTG,0
AATCGTTTTTGATGTA,0
AATCTAAACCTACGAA,0
AATCTAATAAATAACA,0
AATCTAATCTAGTAAA,0
AATCTACAAATTATGG,0
AATCTACACTATGTTT,0
AATCTACATTTTGAAA,0
AATCTACGATTGCACG,0
AATCTACGGGGCCCAA,0
AATCTATATCTGATGG,0
AATCTATCGAAGAATA,0
AATCTATCTATAGGAA,0
AATCTATGGGAGTCCT,0
AATCTATGTACATCCT,0
AATCTATTACGAAACT,0
AATCTCAAATATCGGA,0
AATCTCGAGCGCAATT,0
AATCTCTAATAGGAGG,0
AATCTGAATCAAGGTA,0
AATCTGCATAGATAAA,0
AATCTGGCGTAATAAG,0
AATCTGGCTACTCCCG,0
AATCTGGTAATCCTAG,0
AATCTGTAGTCTAAGG,0
AATCTTAATGGAATAG,0
AATCTTACTGAACATT,0
AATCTTATACACATAC,0
AATCTTATGAGCTAAG,0
AATCTTGATAATAAAC,0
AATCTTGTCGTCCTAG,0
AATCTTTCAAGATATC,0
AATCTTTCGCATCAGT,0
AATCTTTGTCACACTA,0
AATGAAAAAACAGTGA,0
AATGAAAAAAGCTTGG,0
AATGAAAGAGGAATTG,0
AATGAAAGCATTAAAA,0
AATGAAATTGAATCCC,0
AATGAACACACGGAAA,0
AATGAACTAGGTATGG,0
AATGAAGATAGCACCT,0
AATGAAGGTTTTAAAA,0
AATGAAGTCACAAGCG,0
AATGAATAAGCGAACA,0
AATGAATATATACGAG,0
AATGAATTTTGACCAT,0
AATGACAATAGAATAA,0
AATGACATCATAAACA,0
AATGACCGGAGAAGAT,0
AATGACGAAACTAACT,0
AATGACGAGTAGTTCA,0
AATGACGTAGAAATAA,0
AATGACGTTACACAAG,0
AATGACTAAAATTCCA,0
AATGACTAAATCCTCA,0
AATGAGAAACAATTTT,0
AATGAGAATCAGATAA,0
AATGAGACACGAAAGT,0
AATGAGATACTAAGCC,0
AATGAGATGGATGACA,0
AATGAGGGAGGCATAA,0
AATGAGTAAATGATTA,0
AATGAGTGCTTTTACA,0
AATGAGTGTAAATTCG,0
AATGATAAACATTCCG,0
AATGATACACTTTATA,0
AATGATAGCATAGGAT,0
AATGATAGTCATCAGG,0
AATGATATATGAAACA,0
AATGATCTGATGGGCA,0
AATGATGCATCGCTGC,0
AATGATGTTCACACAC,0
AATGATTCCTACCCAA,0
AATGATTGTAGGCAAA,0
AATGATTTTGAGATAA,0
AATGCAATATCCACCC,0
AATGCACAAATGAACA,0
AATGCATACCCGCTTA,0
AATGCATATACTTTGA,0
AATGCCCAAGGGTAAA,0
AATGCCCACCTAAAAC,0
AATGCCCTACTACTGA,0
AATGCCGAGGTCCGCA,0
AATGCCGTTATAACCG,0
AATGCCTAGGTGTAGA,0
AATGCCTGCAATACCA,0
AATGCCTGTTATCAAA,0
AATGCCTTTTCTATTT,0
AATGCGCTCACAGTCA,0
AATGCGCTTTACCTAA,0
AATGCGGTTTTACGTG,0
AATGCGTAAAAAAAAA,0
AATGCGTTTAAGGCTA,0
AATGCTATCAAGTAAA,0
AATGCTCATCGGCAGA,0
AATGCTCTGTACCGCG,0
AATGCTTACTAAAAAA,0
AATGCTTTCGCATCTT,0
AATGGAACTTAGTACT,0
AATGGACGCCTAAACA,0
AATGGACTGTTAGATC,0
AATGGAGACGATGTTC,0
AATGGAGATCCGTTTC,0
AATGGAGCCTTGACCT,0
AATGGATATATCGGGC,0
AATGGCATTTTGATAT,0
AATGGCCACATAGAAT,0
AATGGCCACTAACAAC,0
AATGGCCACTGAATAG,0
AATGGGAGGCCTCCAG,0
AATGGGGTCCGAAAGC,0
AATGGGGTGAGACGAA,0
AATGGGTCTATAATAG,0
AATGGGTTTCTCTTTA,0
AATGGTAAATATAACA,0
AATGGTACTCCAATAC,0
AATGGTCACCAACTAG,0
AATGGTGAGGGCTAAA,0
AATGGTTGTACGTAGA,0
AATGTAAGGCTACAGA,0
AATGTAATGCAATAGG,0
AATGTACCTATGAAAC,0
AATGTACGATACACTT,0
AATGTATAACGAAACA,0
AATGTATATCTAAATC,0
AATGTATCTAAGAGAC,0
AATGTATCTAAGAGGC,0
AATGTCACATTGTGAT,0
AATGTCAGTCATCCTA,0
AATGTCCCCAGCCAAA,0
AATGTCTACAAGGTAA,0
AATGTCTATTCCGCGT,0
AATGTCTTACACACAC,0
AATGTGAACAGACTTC,0
AATGTGCAAAAAGATG,0
AATGTGCCAACGACAC,0
AATGTGTAGATTAAAA,0
AATGTGTCTACGTGTC,0
AATGTTAATACAAAAC,0
AATGTTACAACAAATG,0
AATGTTACTCAAGTAA,0
AATGTTATGTAATCCT,0
AATGTTCAAGGGCATG,0
AATGTTGGAGCTGAGG,0
AATGTTTTAATACACT,0
AATTAAAAATCAGACC,0
AATTAAAAGAGACTGG,0
AATTAAACAAGAGGCT,0
AATTAAACCCTATATA,0
AATTAAAGTTCAATAA,0
AATTAACACGTTGTAA,0
AATTAACAGTAACAAC,0
AATTAACATATATAAT,0
AATTAACCAAAAAAGT,0
AATTAACGATCGTGGT,0
AATTAAGAGTAACGTT,0
AATTAAGATGAGGTAG,0
AATTAATATAATGACT,0
AATTAATCTCTGCGAT,0
AATTACAAAGAGATTA,0
AATTACAACCTACTTA,0
AATTACAATGAACCGG,0
AATTACACCTAGTGTC,0
AATTACATATGACAAA,0
AATTACATCCCACACT,0
AATTACCATTAGCATG,0
AATTACCCACAACGAG,0
AATTACCCTATTACAT,0
AATTACGGAGGTATCA,0
AATTACTAAAAATCTA,0
AATTACTAAACCTAAG,0
AATTACTAAGCTCGAT,0
AATTACTACCCCTATA,0
AATTACTTACGTAAAC,0
AATTAGAAACCTACGA,0
AATTAGAATCTTTTGC,0
AATTAGACCCAACTCT,0
AATTAGACGATCAGTG,0
AATTAGAGTCGAAAGA,0
AATTAGAGTGTCCAGT,0
AATTAGCAATACTGCG,0
AATTAGCAGTCCGCAA,0
AATTAGCGAGCATGAG,0
AATTAGGAACATGCCT,0
AATTAGTAAATTGAGA,0
AATTAGTGCCGGAGAG,0
AATTAGTTGGGTCAAT,0
AATTATAAAACCTACA,0
AATTATAACTAAGACC,0
AATTATAAGTGCAGTC,0
AATTATAATATATAAA,0
AATTATACAGTCAGAG,0
AATTATAGAGAAAGGT,0
AATTATCACCGTTTGT,0
AATTATCCATAGCGGT,0
AATTATCGATATTGAG,0
AATTATCTATATACAT,0
AATTATGAGGACTAAC,0
AATTATGATTTAGACA,0
AATTATTATTAAAAGT,0
AATTATTCATCACAAC,0
AATTATTGCAGATAAG,0
AATTATTTACACCTCA,0
AATTATTTTGAAAAAT,0
AATTCAAAATCGAGTC,0
AATTCAACTCACCAAG,0
AATTCAAGAGTGTCAA,0
AATTCAATACCCGCCC,0
AATTCAATAGGAGCAA,0
AATTCAATATACCAAT,0
AATTCACAAACAGAAA,0
AATTCACTATAACACG,0
AATTCACTCAATCTTA,0
AATTCAGGTGATACGG,0
AATTCAGTACCCATAT,0
AATTCAGTACGCGGTG,0
AATTCATAAAAGCATT,0
AATTCATAAAATCCTC,0
AATTCATAGCATAATG,0
AATTCATCAAACATAA,0
AATTCATTTTCCATTA,0
AATTCCAAAAATCCGG,0
AATTCCAATAGAATAA,0
AATTCCAATTATATAT,0
AATTCCACCCTCCATA,0
AATTCCACTTTCAAAA,0
AATTCCAGATAGAAAA,0
AATTCCCAAAGAAACG,0
AATTCCCATACGCCAG,0
AATTCCCTCATAACCT,0
AATTCCGACATCCTAA,0
AATTCCGTGTGACCGG,0
AATTCGAGGGACCAAC,0
AATTCGCGAAAAAATT,0
AATTCTACGCAACCAC,0
AATTCTCAATGGCAAT,0
AATTCTCCTGATGTTC,0
AATTCTCTTTGAGTTT,0
AATTCTGCAACTTACC,0
AATTCTGGGGACGCAC,0
AATTCTGTGAGTCTTC,0
AATTCTTAAAAACCAG,0
AATTCTTGAAAAACCA,0
AATTGAAAAGTACTTT,0
AATTGAAATAATTCCT,0
AATTGAATAATAAAAT,0
AATTGACCGCTTTGCG,0
AATTGAGCTTAAATTT,0
AATTGAGGCATAGACA,0
AATTGAGGTCACCATC,0
AATTGATATACCATTT,0
AATTGATGAGAAGCGT,0
AATTGCAACCGACGCG,0
AATTGCTAATACCCGT,0
AATTGCTGAAAGAATC,0
AATTGGAAACCCATGA,0
AATTGGATGGGTTCAA,0
AATTGGCTAGCTCAGG,0
AATTGGGACCATAAAG,0
AATTGGTCGGTAGATT,0
AATTGTACAAACCTCA,0
AATTGTATACCCTGGC,0
AATTGTCTACGTAAAA,0
AATTGTGCATGCAGTA,0
AATTGTGTGTCTCCGA,0
AATTGTTAATATAAAA,0
AATTTAAAATGCCTAT,0
AATTTAAAGAACCTGA,0
AATTTAAAGGCAATAC,0
AATTTAAGAATTACAA,0
AATTTAAGCACCACAA,0
AATTTAAGCTCTAGCC,0
AATTTAATTCAAGTTT,0
AATTTACAAAATCGGG,0
AATTTACCATTAGGAT,0
AATTTACCCTTTACTT,0
AATTTAGAATTCGTGG,0
AATTTAGATAATCGTT,0
AATTTAGTCAAGTTGT,0
AATTTATACACGGGAA,0
AATTTCAATAATTAAC,0
AATTTCACCTGCAGGG,0
AATTTCACTCTTAAAA,0
AATTTCATAACCACAA,0
AATTTCATCAAAAAAA,0
AATTTCATGGGCAATC,0
AATTTCCTAAAGATGG,0
AATTTCGAAATCAAAA,0
AATTTCGAATTATTAA,0
AATTTCGCTTACGCTA,0
AATTTGAAAAATCACA,0
AATTTGAATAACTGAC,0
AATTTGACGGTAGTTG,0
AATTTGAGAAATCACA,0
AATTTGCATGCCAGAC,0
AATTTGCCTATCCTTT,0
AATTTGGCTGCACAAA,0
AATTTGGGAAACCAGA,0
AATTTGTGGAAGTATA,0
AATTTTAACCAGCTGC,0
AATTTTAGCGCCTTCG,0
AATTTTATGACCGTTC,0
AATTTTCACTAACCGG,0
AATTTTCCCTGAAGCA,0
AATTTTCGTACACAAT,0
AATTTTGAAATGCTTT,0
AATTTTTATATCGGGA,0
AATTTTTGGGATTAGC,0
ACAAAAAAAAGAGTTT,0
ACAAAAAAACTCTATT,0
ACAAAAAACACTCTCA,0
ACAAAAAACATAAGTT,0
ACAAAAAACCTCCGTG,0
ACAAAAAAGGCAATAA,0
ACAAAAACAATCAGCC,0
ACAAAAACATATACTT,0
ACAAAAATCTATTTTA,0
ACAAAAATGCAGTCAA,0
ACAAAAATGGATCTAC,0
ACAAAACAAAATTTTT,0
ACAAAACAAACCGGAC,0
ACAAAACAACTCAAAG,0
ACAAAACCAAGTCAAA,0
ACAAAACCATAGTAGT,0
ACAAAACGACAACCCC,0
ACAAAACGATTAGTGC,0
ACAAAACGCAAGCGAC,0
ACAAAACGTTATCCAG,0
ACAAAACTAGATATTT,0
ACAAAAGCCGCCCGCA,0
ACAAAAGCTGTCCAAA,0
ACAAAATAACGGTCTT,0
ACAAAATCCATAGGCG,0
ACAAAATGCAACCCCA,0
ACAAAATTTCCTACAA,0
ACAAACACTAATCGAC,0
ACAAACATGGGTACTT,0
ACAAACCAAAAGGCCT,0
ACAAACCGTAACGTAA,0
ACAAACCTATGAACAT,0
ACAAACCTGTGAGTGT,0
ACAAACGATGGTCTCG,0
ACAAACGCACAATCAT,0
ACAAACGCTAACGTAA,0
ACAAACTAACAGATGG,0
ACAAACTCCAGACAAA,0
ACAAACTTTACGTTTA,0
ACAAACTTTCAGTCCT,0
ACAAAGAATACAACGC,0
ACAAAGAGGCCAGCCG,0
ACAAAGCCAAGAGGGA,0
ACAAAGCGGCCTTACT,0
ACAAAGTAAGTAGCTT,0
ACAAAGTAGCAATGAT,0
ACAAAGTCCACAGCAT,0
ACAAAGTTATGTACTC,0
ACAAAGTTCAGTGAAA,0
ACAAATAAAGAAAAAC,0
ACAAATAAGGTATCTC,0
ACAAATAGATATTACA,0
ACAAATAGGAAGACAA,0
ACAAATAGTCAGAGAA,0
ACAAATATGAGTGCCA,0
ACAAATATGCAGTCCA,0
ACAAATCCTGTTGTCC,0
ACAAATCGTTGTATTC,0
ACAAATCTTTAATAAG,0
ACAAATGATAAGAACC,0
ACAAATGATAGCTACT,0
ACAAATGGTGTCTAAA,0
ACAAATTAGCCTACTT,0
ACAAATTCAACTATTG,0
ACAAATTGAGGCTCGG,0
ACAAATTGCAAATTGG,0
ACAAATTGGTTGTACA,0
ACAAATTTCCCGTAAT,0
ACAAATTTTGATAACA,0
ACAACAAACGACGTAG,0
ACAACAAATAGCCCCC,0
ACAACAACATAGTGGA,0
ACAACAACTACATTAG,0
ACAACACACACCCGCA,0
ACAACACCCAAACTTT,0
ACAACACGAATGTTAA,0
ACAACACGCCCTGAAA,0
ACAACACGGATTCGTA,0
ACAACACGTGTGGGCG,0
ACAACACTAACAACAC,0
ACAACAGACAACCAAA,0
ACAACAGCATGCTATC,0
ACAACAGTAAATTGTT,0
ACAACAGTAGCTTCTT,0
ACAACATCGAACCTTC,0
ACAACATGACATCTGC,0
ACAACATGAGAAAACT,0
ACAACATGGAACTTAT,0
ACAACATTAGGCGTGA,0
ACAACCAAAAATGACC,0
ACAACCAAACAATCCA,0
ACAACCAATAGCAAAT,0
ACAACCAGAAACATGA,0
ACAACCCGTCGTCACC,0
ACAACCCTTCAAGAAA,0
ACAACCGACTAGCGTG,0
ACAACCTAATACTAGT,0
ACAACCTCGCTTTGAC,0
ACAACGAAGTCGCGGT,0
ACAACGAGTTTGAGAC,0
ACAACGATGACGCGCA,0
ACAACGCACCTTTCTC,0
ACAACGCAGATAAGAT,0
ACAACGCGCTCCACTA,0
ACAACGGCCTAGGCCA,0
ACAACGTGCCCTTTGC,0
ACAACTAAAAAAGACT,0
ACAACTAAAGAGACTG,0
ACAACTACAAGAAACT,0
ACAACTACGATACTTA,0
ACAACTACTCTGACAC,0
ACAACTCGAACCGCCA,0
ACAACTGGACAAAACA,0
ACAACTTCTATGAAAT,0
ACAACTTCTGGTTACT,0
ACAAGAAAATTAATAT,0
ACAAGAACAAGTAGGA,0
ACAAGAACCCCGGTTA,0
ACAAGAACCGCAAATA,0
ACAAGAAGAAATTAAA,0
ACAAGAAGATTAGATT,0
ACAAGACTAATAACTA,0
ACAAGAGTTATAGTTA,0
ACAAGATAACTACATA,0
ACAAGATTAACAATCA,0
ACAAGATTTGACTAAA,0
ACAAGATTTTATGCGA,0
ACAAGCAAGATCGCCA,0
ACAAGCACCCAAGCTG,0
ACAAGCATTTCAATAA,0
ACAAGCGTATTGTAAA,0
ACAAGCGTCTTCAAAC,0
ACAAGCTCCAACAAAT,0
ACAAGCTGTGATCGGC,0
ACAAGCTGTTAATGCT,0
ACAAGGAAACACGGGT,0
ACAAGGACATCTGTTG,0
ACAAGGGAAGGGTGCT,0
ACAAGGGACACCAAGT,0
ACAAGGGGCTTGATAG,0
ACAAGGTCACATCCAT,0
ACAAGGTCGACGCAAA,0
ACAAGTACTTTGAACT,0
ACAAGTAGTCACATTT,0
ACAAGTATTAAAAAAG,0
ACAAGTCACATTTAAT,0
ACAAGTCTTTTGAAGT,0
ACAAGTGACTTCAACT,0
ACAAGTTACCGGAACA,0
ACAAGTTGGGATCTAG,0
ACAATAAAAACCTGGA,0
ACAATAAAACATCCAT,0
ACAATAACGTCCAAAG,0
ACAATAAGGCTAAAAC,0
ACAATAAGTAAAGACA,0
ACAATACCCTTTGGAT,0
ACAATACCTTATCTTA,0
ACAATAGATTACCCAA,0
ACAATAGCGTCAACAG,0
ACAATATACCTCACAG,0
ACAATATATCATACTT,0
ACAATATATGCCCATT,0
ACAATATGTTCCCCCC,0
ACAATATTTGGTAAAA,0
ACAATCAAATGCATGA,0
ACAATCACAGAACGAG,0
ACAATCCCAAACGAAC,0
ACAATCCGATAAAAAC,0
ACAATCCTTTCGTAAA,0
ACAATCGATACAACAA,0
ACAATCGCAATATCGG,0
ACAATCTATGTCATTG,0
ACAATCTGTTACAGTT,0
ACAATCTTTTAATAAT,0
ACAATGAATCAACAAC,0
ACAATGAATTAGTCAA,0
ACAATGGCTTTAGACC,0
ACAATGTATTATGTGC,0
ACAATTAATACAACAG,0
ACAATTACGCAGGGTT,0
ACAATTATCTGACACC,0
ACAATTATTCATTAAT,0
ACAATTCAATTATACC,0
ACAATTCGATAGCCAC,0
ACAATTCGGGAAGTAT,0
ACAATTGTAAATTAAA,0
ACAATTGTTCGTTGAT,0
ACAATTTAGCTCTCTT,0
ACAATTTGGTATAATA,0
ACACAAAAAGTTCCGG,0
ACACAAAAATCTTGCA,0
ACACAAAACATATCAA,0
ACACAAAAGTGGCCTG,0
ACACAAAATGCCAGCT,0
ACACAAACGGAGTCCA,0
ACACAAAGAACTAACG,0
ACACAAATGTTGTATC,0
ACACAAATTTAATCAC,0
ACACAACAAAATCAGA,0
ACACAACACCATGAAA,0
ACACAACATTATCAAA,0
ACACAAGAAGACTACA,0
ACACAAGAAGTATTCT,0
ACACAAGAATAGCAAA,0
ACACAAGACGTATAAC,0
ACACAAGCATAAAGTC,0
ACACAATAAAACACCC,0
ACACAATAAATACACC,0
ACACAATACCCCAACT,0
ACACAATCAAACTAGA,0
ACACAATCTTTGATTG,0
ACACAATGTATAGAAT,0
ACACAATTCAATAAAT,0
ACACAATTTGCTTTGC,0
ACACACAATAGGTCGC,0
ACACACAGGCGTTCAT,0
ACACACAGGTAATAAT,0
ACACACATTATCGCCA,0
ACACACCCAATTTAAA,0
ACACACCGTAGAATCT,0
ACACACGAAAGCAAAG,0
ACACACGAATAATAGT,0
ACACACTAGCTCGGTA,0
ACACACTCGCGAGTAA,0
ACACAGGAAAAAGTGA,0
ACACAGTAATATATCT,0
ACACAGTAGGGCCTGA,0
ACACAGTCGACATTGA,0
ACACATAAGGAAATAC,0
ACACATACACATATAA,0
ACACATACTAAACAAC,0
ACACATACTTCAACTA,0
ACACATCACTATTGAG,0
ACACATCTTAGTCTTA,0
ACACATGAAGAAAAGA,0
ACACATGATAATCACT,0
ACACATTATGACAAAT,0
ACACATTCTATTACCG,0
ACACCAAAAAGCGAGA,0
ACACCAAAACTGTACG,0
ACACCAAAAGTGTATC,0
ACACCAAGGTTTCGGT,0
ACACCAAGTGAATTTT,0
ACACCACAAAAATATC,0
ACACCACAGTGTTACG,0
ACACCACATGCCTATT,0
ACACCACGAAAATATC,0
ACACCACTATAAAATC,0
ACACCACTCTTAGATA,0
ACACCAGAGGATTGGA,0
ACACCCAAGGTCTTAA,0
ACACCCAATTTGAAAA,0
ACACCCCCAAACCTAT,0
ACACCCCCGATAAGTT,0
ACACCCCGAATGAAAA,0
ACACCCCTCCTAATAA,0
ACACCCGAAAACCCTA,0
ACACCCTAACACATCA,0
ACACCGAAAAAAGACA,0
ACACCGATCCCTCGGA,0
ACACCGCTCCGTGGGG,0
ACACCGTCAAAAAGCC,0
ACACCTACGAGGCTAA,0
ACACCTAGTATCGGGC,0
ACACCTCATTGCAAAA,0
ACACCTCTCTTCCCAA,0
ACACCTTAATCCACCT,0
ACACGAAAGAATCGAT,0
ACACGAACATGCAGCC,0
ACACGAACTAATAGAG,0
ACACGACGCCAAGCAT,0
ACACGACGGGATTGTG,0
ACACGAGCCTTATATT,0
ACACGAGTGTTATATC,0
ACACGAGTTAGATACA,0
ACACGATCCTGGTCAA,0
ACACGCCATCAAAGCG,0
ACACGCTACCAATATT,0
ACACGCTGGTATGGCA,0
ACACGGACTCCCGCAC,0
ACACGGATACGAAAGC,0
ACACGGGACTCAGTAT,0
ACACGTATATCACTTA,0
ACACGTGAAATGCAAG,0
ACACGTGCAGCATGAA,0
ACACGTGTCTTCATTA,0
ACACGTTCTGCCCATA,0
ACACTACATCCTTACG,0
ACACTACATGCATTCA,0
ACACTACCATTAGTGT,0
ACACTACCTAGCCGAT,0
ACACTACCTCGTTGTA,0
ACACTACGTTTTTTAA,0
ACACTACTGGGAAACA,0
ACACTACTTTCGATAA,0
ACACTAGCGTAAAATT,0
ACACTATAAAATAGAG,0
ACACTATAAGATGGCG,0
ACACTATATACTGCAG,0
ACACTATCAAGAACTG,0
ACACTATGGACTCTTG,0
ACACTATTCCCTCTAA,0
ACACTCACATGATACT,0
ACACTCACTGGGGACT,0
ACACTCCGCGTTTCAG,0
ACACTCTATAGTACCA,0
ACACTGACCGTATATA,0
ACACTGACTGACGAAA,0
ACACTGAGAATACCGC,0
ACACTGAGAGGACTGT,0
ACACTGCACCAAGAAA,0
ACACTGCCGATGCAAT,0
ACACTTAACCTCTGAC,0
ACACTTAAGAAGCATA,0
ACACTTATAAACGAAG,0
ACACTTATATGCACTA,0
ACACTTCATCTACCAA,0
ACACTTCATTTTAATC,0
ACACTTCCACCATATT,0
ACAGAAAAGCCTGTAA,0
ACAGAAAGTAATCTGC,0
ACAGAAAGTTACTGGA,0
ACAGAAATATGGGAGA,0
ACAGAACGCGAAACGA,0
ACAGAACTCCAGCCAC,0
ACAGAACTTTACTCCT,0
ACAGAAGATATTAATA,0
ACAGAAGCATCTCGGG,0
ACAGAAGCCGTAGACG,0
ACAGAAGCGTTTCCAA,0
ACAGAATATTTCATCT,0
ACAGAATGCGTCACTA,0
ACAGAATTAAACCCAG,0
ACAGAATTACCAATAG,0
ACAGAATTATGATAAG,0
ACAGAATTGGGAACTT,0
ACAGACACAGCAGCAA,0
ACAGACAGACTGGTAG,0
ACAGACATTTCCCCGT,0
ACAGACCAAGGTGGAC,0
ACAGACCCCCACACTA,0
ACAGACGACTTCCCTT,0
ACAGACGTTGTGCATA,0
ACAGACTAGTGACAGA,0
ACAGACTGAAGTATTA,0
ACAGACTGCACCAGGA,0
ACAGAGAACTGAGTCA,0
ACAGAGGCCTCTCGCT,0
ACAGATAATATGCATT,0
ACAGATATATGCTCCC,0
ACAGATCAAACAAAAA,0
ACAGATCACCGTCCCA,0
ACAGATCAGGCGAACC,0
ACAGATCTACCAGGTT,0
ACAGATGAAACCAAGT,0
ACAGCAAGCACAATTA,0
ACAGCAATATACCGAT,0
ACAGCAGATGTCTGGA,0
ACAGCAGCAAATCATA,0
ACAGCAGGATTACAGT,0
ACAGCAGGGCACACGG,0
ACAGCATTAAGAGTTG,0
ACAGCATTATGTGAAA,0
ACAGCCAATCCACAAA,0
ACAGCCAGTAGGAGGG,0
ACAGCCATCCGGCTAA,0
ACAGCCCCCATTTAAA,0
ACAGCCCTTTTCCGCT,0
ACAGCCGTCGCGCCCC,0
ACAGCCTTCGAAACTC,0
ACAGCGCTCACCATGC,0
ACAGCGGAGATCTAAT,0
ACAGCTAAAAAAACTA,0
ACAGCTACCCACGGAT,0
ACAGCTATGGATAGCA,0
ACAGCTGAAAGAGAGA,0
ACAGCTGACGTTGGCC,0
ACAGCTGCCCGTTAGA,0
ACAGCTGCTACAACCT,0
ACAGCTGGTTACCTAA,0
ACAGGAAGACAAGGAT,0
ACAGGACTCTTTGACA,0
ACAGGAGGCACGACAG,0
ACAGGATTAAAATACA,0
ACAGGCACCGGGGCTT,0
ACAGGCCTCACCGGCA,0
ACAGGCTACATTTGAA,0
ACAGGCTCAGATCACC,0
ACAGGCTCCGGGCCAA,0
ACAGGGAGGGTAGAAT,0
ACAGGGCGAGAAAAAT,0
ACAGGGTCATCGTGCC,0
ACAGGGTTAAAAGCGG,0
ACAGGGTTAACTTCCT,0
ACAGGTATGGTGCCCA,0
ACAGGTGAAATTAGAT,0
ACAGGTGCTAACCCCC,0
ACAGGTGCTTAAACCA,0
ACAGGTTAATGAAATA,0
ACAGGTTACAGGTTAT,0
ACAGTAACCAGAAATT,0
ACAGTAACCTGACATA,0
ACAGTACAGCTACAAG,0
ACAGTACAGTGCACAG,0
ACAGTACCCTTACCGC,0
ACAGTAGCAGAGTTCA,0
ACAGTATATATCCCGT,0
ACAGTATCCAAATGGC,0
ACAGTATCCGTCCCCA,0
ACAGTCATAAATCACA,0
ACAGTCCAAGAAGTAA,0
ACAGTCCTAATACTAA,0
ACAGTCGTCTCAACAC,0
ACAGTGAATTAATCTT,0
ACAGTGCAATCGTGTG,0
ACAGTTAAATTAATAA,0
ACAGTTAACAAGAACC,0
ACAGTTAAGTTAATGA,0
ACAGTTACGGTGGACG,0
ACAGTTATCACTACAC,0
ACAGTTGATTACAATG,0
ACAGTTGGTAAACGGC,0
ACAGTTTCCGGTTGGT,0
ACATAAACATTCAACC,0
ACATAAAGCCGGGGAG,0
ACATAAATAGTGGCAC,0
ACATAAATTGCTCAAT,0
ACATAACAGTATAAAG,0
ACATAACCTAGCCTTA,0
ACATAACTATAAAAAA,0
ACATAACTTATTACGG,0
ACATAACTTTAACGTG,0
ACATAAGAGCATAACC,0
ACATAAGGGATTAATT,0
ACATAAGTTAATAACA,0
ACATAAGTTACTCGTC,0
ACATAATACCCCAAAA,0
ACATAATAGCATAATC,0
ACATAATCATAACAAA,0
ACATAATTGCGCAAGT,0
ACATACAAGCTATAAT,0
ACATACAAGTCACCTG,0
ACATACAATAGAAAAA,0
ACATACACCGATACTG,0
ACATACACGAAGGATT,0
ACATACATTCCTTTAT,0
ACATACCATTTTACCG,0
ACATACCCGGGTAAAA,0
ACATACCTCGTCAAAC,0
ACATACGTATTAACCT,0
ACATACTGATGCAATA,0
ACATACTTGGCGCCGA,0
ACATAGAATGTACACA,0
ACATAGACTAAGTCTT,0
ACATAGCACTTTCTTT,0
ACATAGCAGCTCAAAA,0
ACATAGCCACTTGCTT,0
ACATAGCTCAATGTTG,0
ACATAGCTTTCTACAG,0
ACATAGTATTACCAAT,0
ACATAGTCACACTATA,0
ACATATAACTAATTAT,0
ACATATACTAAAGCGC,0
ACATATCCTCAATAAG,0
ACATATCTAAATACAG,0
ACATATGGGGCCAATA,0
ACATATGGTAATTAGA,0
ACATATTATAAACTTT,0
ACATATTGCCTAGGGG,0
ACATCAAAAAATTGTC,0
ACATCAAAATACACTA,0
ACATCAAACCACGGTG,0
ACATCAAGTGTGATGA,0
ACATCAATACAGTTAG,0
ACATCACAAAAGAATC,0
ACATCACCAAACTACG,0
ACATCACCGTGGCACC,0
ACATCACTGAGAGTTC,0
ACATCAGAGCAGGTAA,0
ACATCAGGTAATGCTA,0
ACATCATTACAAATCC,0
ACATCCAGCCGAACGA,0
ACATCCATATAAAAAA,0
ACATCCATGGCAACCT,0
ACATCCCTGAAAATGG,0
ACATCCGAGTAACGAC,0
ACATCCGCAGTTAGGG,0
ACATCCTCTCAGCACG,0
ACATCGAAACCCAACA,0
ACATCGAACCTGAATA,0
ACATCGACAAGCGGGT,0
ACATCGGCACACAAAA,0
ACATCGTACTATACCA,0
ACATCGTTATCACCAA,0
ACATCTAAAAACAGTA,0
ACATCTAAATTTAATA,0
ACATCTAAGACCCCAA,0
ACATCTAATTAGGCTC,0
ACATCTAATTCTGCAA,0
ACATCTACAAATCACT,0
ACATCTACAGATAGTA,0
ACATCTATACACATAG,0
ACATCTCAGGCAGTAG,0
ACATCTCATATACCAA,0
ACATCTCGACAAAAAT,0
ACATCTCGTGGACACC,0
ACATCTGAGGAGCTAT,0
ACATCTGGACCATATC,0
ACATCTGTATTCATAC,0
ACATCTTGGAATAAAG,0
ACATGAAAAATCACTG,0
ACATGAAAGTTGAGGA,0
ACATGAACCATACTAC,0
ACATGAAGAATACCAC,0
ACATGAATATCCCAAA,0
ACATGAATTAGGCCAT,0
ACATGAATTTAACTAC,0
ACATGACAAAGATAGA,0
ACATGACACCAAAAAA,0
ACATGACAGGTGGTCA,0
ACATGACCTATAAACA,0
ACATGAGTATACCAAC,0
ACATGATTCTTAACAC,0
ACATGATTGCAAATAA,0
ACATGCAAAAGCGAAG,0
ACATGCAACGCTGAAT,0
ACATGCACCTGAAAGC,0
ACATGCATAGCAAGTC,0
ACATGCATCACGACCT,0
ACATGCCCGCGGACAT,0
ACATGCCCTTCTAAAG,0
ACATGCCGTATGTGCA,0
ACATGGACAGAAAAGC,0
ACATGGAGTTAGAATC,0
ACATGGATAGTGTGAA,0
ACATGGATCCACTATC,0
ACATGGCTAAACCTTA,0
ACATGGCTAATATGAA,0
ACATGGGCACCTGGGT,0
ACATGGTACATGTAGA,0
ACATGGTATCCCTTCT,0
ACATGTAGTATCCACA,0
ACATGTAGTCCTGATT,0
ACATGTAGTTTTTGAT,0
ACATGTATGAGCCCCA,0
ACATGTATGGGCCAGC,0
ACATGTCACCCCGTCA,0
ACATGTGAAGGACGAA,0
ACATGTTTGTACTTTC,0
ACATTAAACAGGATTA,0
ACATTAAATTCAGCGC,0
ACATTAACCCCAATTA,0
ACATTAACTCTTTCAA,0
ACATTAATCACGAGCG,0
ACATTACAAGCAAATG,0
ACATTACCATAGGACG,0
ACATTACGGTTTGATG,0
ACATTATCATGGACTT,0
ACATTATGTTTTAATC,0
ACATTCAAAAGCCCCA,0
ACATTCAATAAGTATC,0
ACATTCAATAAGTGAC,0
ACATTCACATATATGA,0
ACATTCTAGCAAGGCT,0
ACATTCTTAACACCGA,0
ACATTGAAAATGGACA,0
ACATTGAACAGGGCAG,0
ACATTGAGCAGACAAA,0
ACATTGATAATCAGAC,0
ACATTGATCGGGATAG,0
ACATTGCACCTAACAC,0
ACATTGCAGATATATG,0
ACATTGCAGGAGCGCT,0
ACATTGCATATGTGAT,0
ACATTTAGTGTCCAGA,0
ACATTTCTGCACAGGC,0
ACATTTGTAAAAAACG,0
ACATTTTACTGCCTAG,0
ACATTTTCAATAACAG,0
ACATTTTTGATGATTA,0
ACCAAAAAAAAACTCA,0
ACCAAAAAATAAAATG,0
ACCAAAAACATTCTCA,0
ACCAAAAATCAGCATA,0
ACCAAAACTACAGTAT,0
ACCAAACAAAAACAAC,0
ACCAAACAAATCTGAA,0
ACCAAACATATGCAAT,0
ACCAAACATGAGAGAC,0
ACCAAACCAGATTGAT,0
ACCAAAGAAACGGTCA,0
ACCAAAGACAGACCAC,0
ACCAAAGAGCCTAGTC,0
ACCAAAGATACCATGA,0
ACCAAAGCCAAGATCG,0
ACCAAAGCCTAGCACG,0
ACCAAAGGACAAAGCT,0
ACCAAATAATCCTAAA,0
ACCAAATACTAATAAA,0
ACCAAATCTAAAAATA,0
ACCAACAAAGGAAAGT,0
ACCAACAAGAGTCAGT,0
ACCAACACTAGGGATT,0
ACCAACAGCGAGATGT,0
ACCAACCAAATGCTAA,0
ACCAACGACACTATTA,0
ACCAACGATCCGGTCT,0
ACCAACTTAATCAACT,0
ACCAAGACAAGCAACA,0
ACCAAGAGAATCAAAC,0
ACCAAGATATTCATCG,0
ACCAAGCAATTTAATG,0
ACCAAGCATGACAAAA,0
ACCAAGCCTTTAGTGA,0
ACCAAGGAGATGATAT,0
ACCAAGGGGGTTTACT,0
ACCAAGGTTTGTACTG,0
ACCAATATCGTATGTA,0
ACCAATCCCGTATCCC,0
ACCAATGACAGTGTGG,0
ACCAATGCACTCACTA,0
ACCAATTCTAAAGAAA,0
ACCACAATAGTATCAT,0
ACCACACGAACCGCAT,0
ACCACACTCATTCCCG,0
ACCACAGAAGATTTAA,0
ACCACAGAGTCCTGAT,0
ACCACATACATAGGAG,0
ACCACATCTACAAGAT,0
ACCACCAAAACTTATA,0
ACCACCGCTAAAAAAT,0
ACCACCTCCTAAAGCT,0
ACCACCTGGAGTTGCG,0
ACCACGAGAAATAATC,0
ACCACGGACCCATCAA,0
ACCACGTTACTGTGAA,0
ACCACTAAATATAAGA,0
ACCACTCATATACACC,0
ACCACTGAAAAGATAT,0
ACCACTTAGCTAGACG,0
ACCACTTATAAATGTC,0
ACCAGAATCAAATCGG,0
ACCAGAATGATTATTT,0
ACCAGACCCTATGCAC,0
ACCAGATCCATCCGAC,0
ACCAGATCGCGTACAA,0
ACCAGCTTAATGATAC,0
ACCAGCTTGGCAATGA,0
ACCAGGAGTAAAACTG,0
ACCAGGCATAGTGACG,0
ACCAGGGGCCAAACCT,0
ACCAGTAAGCAAACCA,0
ACCAGTACATATGGAG,0
ACCAGTACGAACGCTA,0
ACCAGTAGACACACGT,0
ACCAGTATATTCAGCA,0
ACCAGTATCTATGCGT,0
ACCAGTCGACTCTGCC,0
ACCAGTGTGAAGCTGT,0
ACCAGTTTGTTCCCCA,0
ACCATAAAAAAATTAC,0
ACCATAAAATACAGGT,0
ACCATAAAATGCAATA,0
ACCATAAAGTATGGGA,0
ACCATAAATACTGAGA,0
ACCATAAATTTGGACT,0
ACCATAAGCTTCTATC,0
ACCATACAATGACCAA,0
ACCATACACCCCTTGA,0
ACCATAGTTCATGCCA,0
ACCATATACACACGTA,0
ACCATATCACAAACCG,0
ACCATCAAAAGAGACC,0
ACCATCACAACGGGGT,0
ACCATCCAAAACGATC,0
ACCATCCAAAGTCAAA,0
ACCATCGACCCCAAAT,0
ACCATCGAGGGATTTA,0
ACCATCGTAACGTGTA,0
ACCATGAAATGTAGCT,0
ACCATGAGTCCCATGC,0
ACCATGATAAGGTGTG,0
ACCATGATGTATATTT,0
ACCATGATTACCAACA,0
ACCATGTAAATACGTC,0
ACCATGTCCGGACGTT,0
ACCATTGCACACAATC,0
ACCATTGTGGTAATGG,0
ACCATTTAATTCGTCA,0
ACCATTTAGTAAAACC,0
ACCATTTCCAGTAAGT,0
ACCCAAAATATGCTAA,0
ACCCAAACTAGAACCG,0
ACCCAACAACCCTAGA,0
ACCCAAGGAAATAATC,0
ACCCAAGGCTAGATGA,0
ACCCACAAATTATGTA,0
ACCCACCGGTTGAAAT,0
ACCCACTATGTAATTA,0
ACCCAGAGGGCTGAAC,0
ACCCAGTTATAAATTT,0
ACCCATATTCAATCCC,0
ACCCATCCGTCCCCGT,0
ACCCATCCTCGCTAAG,0
ACCCATGACATGAAAT,0
ACCCATGTAAGAGAGC,0
ACCCATTAATTCCAAT,0
ACCCCAAAATATTATA,0
ACCCCAAAGACAAGAA,0
ACCCCAAAGGAAAACA,0
ACCCCACCCGAACACA,0
ACCCCACTTCTACAAA,0
ACCCCAGTATACACTG,0
ACCCCCAAGTATCATG,0
ACCCCCAGTCAACAAA,0
ACCCCCCAAGTATCAT,0
ACCCCCCACTACGAGC,0
ACCCCCCGTTCGCACT,0
ACCCCCCTAATCCGCA,0
ACCCCCCTTAAGTAGG,0
ACCCCCTGACAACAAC,0
ACCCCGATTCGTGTGT,0
ACCCCGGACGCAAAAG,0
ACCCCGGGTGAGACCA,0
ACCCCGTACGACAAAT,0
ACCCCTAAATTTCAGC,0
ACCCGAAAACACTGTT,0
ACCCGAAGCCCTCAGA,0
ACCCGACACAGAAAGT,0
ACCCGAGAAAATTCCT,0
ACCCGATTATAGCATG,0
ACCCGCAAAGTAGACG,0
ACCCGCTAACGTAATT,0
ACCCGCTAGGCCCCAA,0
ACCCGCTCATTATCAT,0
ACCCGGACCACTTCTG,0
ACCCGGACCTTCAAGT,0
ACCCGGCACATTCAAA,0
ACCCGTAATAATTAAC,0
ACCCGTCTGATAGGGC,0
ACCCGTTATTCGTACG,0
ACCCGTTCGACATCTT,0
ACCCTAACCCTGCCGG,0
ACCCTAACCTGACTCA,0
ACCCTAACTAACAGAC,0
ACCCTACATGAGAAGA,0
ACCCTACGAAACTAGA,0
ACCCTAGACAATCTTT,0
ACCCTATTAAAAATGG,0
ACCCTATTCTCTAAGA,0
ACCCTATTTCCAACTG,0
ACCCTCAAAGAGCTTA,0
ACCCTCAAAGCACCAA,0
ACCCTCAACCGTACGT,0
ACCCTCAGTGGCACGA,0
ACCCTCCATGAAGCCT,0
ACCCTCGCATGTGTAA,0
ACCCTCGGCCCGATGG,0
ACCCTCTCAATGAAAG,0
ACCCTCTTTACGTGGC,0
ACCCTGATCTCAACCA,0
ACCCTGGGACGTACAC,0
ACCCTGGTGTGAGAGC,0
ACCCTGTATTGCATGT,0
ACCCTTACGTCGGACG,0
ACCCTTGCAAGGTAAT,0
ACCGAAAAGTCCGTTG,0
ACCGAAAATGCAGTTT,0
ACCGAACAACAGTGCA,0
ACCGAAGTTCCAAGAC,0
ACCGAATAAACGCGCG,0
ACCGAATACGTCCGAA,0
ACCGAATTCGATCTAA,0
ACCGACAGAAATCGTA,0
ACCGACCAACCGAAAG,0
ACCGACCATACAATAC,0
ACCGACCTCTTCACCA,0
ACCGACGTTTTCAGCG,0
ACCGAGAGTACACTAC,0
ACCGAGTCTCTAGGAC,0
ACCGAGTTATAACAGA,0
ACCGAGTTTACTCCGT,0
ACCGATAGCTCCTCCA,0
ACCGATATGTGCCTCA,0
ACCGATATTAATTAGG,0
ACCGATCATAAATAAT,0
ACCGATTAACGTGAAA,0
ACCGATTACACGCCCA,0
ACCGATTGTCATAAGA,0
ACCGCAAAAAAAGGTC,0
ACCGCAAAAACGAAGC,0
ACCGCAACGTTGAGAG,0
ACCGCACCCTAGGTTC,0
ACCGCACGTACTGCCA,0
ACCGCATCCAGGAACG,0
ACCGCATGACACAGAA,0
ACCGCATTCACATAAG,0
ACCGCCAATCACAATA,0
ACCGCCCTTACAATTT,0
ACCGCGATCCAGCTAA,0
ACCGCGGATGCGATTT,0
ACCGCGGGCAGGTGAC,0
ACCGCGTGTTGAATAC,0
ACCGCTACGCGCGACT,0
ACCGCTGTACGTTCTT,0
ACCGCTTACATGATTG,0
ACCGGAAAACCAATTA,0
ACCGGAAACTCACTCC,0
ACCGGAAACTCTTACC,0
ACCGGAATGCTGAGAG,0
ACCGGACAAATATATA,0
ACCGGACCGTACCTTT,0
ACCGGACGAGGGAGGG,0
ACCGGATCTGACCATC,0
ACCGGCAGATCCTGGA,0
ACCGGCTCCAAAGAAG,0
ACCGGCTTCGTAGCTG,0
ACCGGGTTGCCTCTAC,0
ACCGGTAAAGGGATTA,0
ACCGGTACATCTAGTA,0
ACCGGTCACTAGGACA,0
ACCGGTGAGCGGGTAC,0
ACCGGTGTTAAAATAA,0
ACCGTAAAACATCTCC,0
ACCGTAAGACAAAAGC,0
ACCGTATAGAGACTGT,0
ACCGTATATGCCATAA,0
ACCGTCCCCAAAACAC,0
ACCGTCGTCCCATCCG,0
ACCGTCTAACTAAGAC,0
ACCGTGAAGTAAGCCC,0
ACCGTGTTCCAGAAGC,0
ACCGTTATTACTTTAA,0
ACCGTTTAGGAGTCCA,0
ACCGTTTCGACCCTTG,0
ACCTAAAACCTTATAA,0
ACCTAAACACAAATAG,0
ACCTAAACACCCTACG,0
ACCTAAACCGTGGAAT,0
ACCTAAATATTAACAG,0
ACCTAAATTATGAACT,0
ACCTAACATCTCGAAA,0
ACCTAACCACACAGGT,0
ACCTAACGCCACAAAG,0
ACCTAACTCAAAATAT,0
ACCTAAGGCGTAATTA,0
ACCTAAGTTAAATTGT,0
ACCTAATAACAAGATT,0
ACCTAATAAGTTTTAG,0
ACCTAATAATGACATA,0
ACCTAATCATACCACG,0
ACCTAATCGCTGGGTA,0
ACCTAATGATTCTCAT,0
ACCTACAACTATAAGT,0
ACCTACAATGTAAGCG,0
ACCTACACACTGCGCA,0
ACCTACAGATTGGAAA,0
ACCTACCAACAGACCC,0
ACCTACCTAACAAACC,0
ACCTACGAAGCAGTGA,0
ACCTACTGACAATCGA,0
ACCTACTGTCAAAAAA,0
ACCTACTGTCACCATA,0
ACCTACTTACCTACAA,0
ACCTAGACCGATAACG,0
ACCTAGCAAATGGAGT,0
ACCTATAAATGTTAAT,0
ACCTATAGCGCCTTAC,0
ACCTATCACTGAGTTA,0
ACCTATCCACACCAGG,0
ACCTATTCCAATTCAA,0
ACCTATTGAACATAAA,0
ACCTATTGAAGGTGCA,0
ACCTCAAGACTAAAAT,0
ACCTCACCACGAACGC,0
ACCTCAGAGAAGTCAT,0
ACCTCAGTCATAAAAA,0
ACCTCCAAAAGGCACA,0
ACCTCCGTAGTTGCTC,0
ACCTCCTTCTACACCC,0
ACCTCTATTATCACGG,0
ACCTCTCAACCTGCAA,0
ACCTCTCATTGTGAGG,0
ACCTCTGAGGACCATT,0
ACCTCTGTAGTAACAC,0
ACCTCTTATTCTTATA,0
ACCTGAAAATGCCGCA,0
ACCTGACAGCTACTGT,0
ACCTGAGATATCTCGG,0
ACCTGAGGTGAAACCG,0
ACCTGATATATCGTAT,0
ACCTGATCACAATACC,0
ACCTGATCACCTATAC,0
ACCTGATCGCTACAAA,0
ACCTGATGCAGCGAGG,0
ACCTGCAAGCATTAAA,0
ACCTGCAATAAAATAC,0
ACCTGCCGATCGAATC,0
ACCTGCGAAAGCAAAA,0
ACCTGCGTCGGAAGTA,0
ACCTGCTTCTTAGGTT,0
ACCTGCTTTCAGGATC,0
ACCTGGAGCCAATTAG,0
ACCTGGCATCCTTGAA,0
ACCTGGCCAGTAGCCT,0
ACCTGTAATTACCTCA,0
ACCTGTACAAATCCGG,0
ACCTGTAGATAACCAC,0
ACCTGTGGACTAAGGT,0
ACCTGTTCATGATTAA,0
ACCTTAAAGGAATGGT,0
ACCTTAACATTTACAT,0
ACCTTACACAACAAAT,0
ACCTTACATATAAAGA,0
ACCTTACCAACAACAA,0
ACCTTACCCACAAAGA,0
ACCTTACGTGAAATTC,0
ACCTTAGACATGAGGT,0
ACCTTAGCACACAGTT,0
ACCTTAGGCGAAGGAA,0
ACCTTAGTACTAGAGC,0
ACCTTATGAAGGAAAC,0
ACCTTCAAACGTCGTT,0
ACCTTCACCACTGGAG,0
ACCTTCTACGAAAGTT,0
ACCTTGCATGCGTACC,0
ACCTTGTAAGTAAGAG,0
ACCTTGTATTGACCTC,0
ACCTTTATCAATAAGA,0
ACCTTTCAGTAATTTT,0
ACCTTTCCAGGATTAA,0
ACCTTTGACCACTAGC,0
ACCTTTGATAAAAACA,0
ACGAAAAACATAAACC,0
ACGAAAAATAAAATCC,0
ACGAAAAATTCAAATC,0
ACGAAAAGGGGCAGCG,0
ACGAAAATGAGATGTA,0
ACGAAAGAATACTGGT,0
ACGAAAGTAAGTCACC,0
ACGAAATAGCACGATC,0
ACGAAATTAATTTGAT,0
ACGAACAACAAACCGC,0
ACGAACAATACATTAT,0
ACGAACACCATGATTT,0
ACGAACATCCTTCTCC,0
ACGAACCAAAGTAAGG,0
ACGAACCAAGAGCCAA,0
ACGAACCTAATAATCA,0
ACGAACCTAATAGCCG,0
ACGAACTCGAGTCCAA,0
ACGAAGAAAACTAATT,0
ACGAAGATAAGATCTG,0
ACGAAGATCCTATAAA,0
ACGAAGATTAACGTGA,0
ACGAAGCAGCACGGCT,0
ACGAAGTGTGTGTAAA,0
ACGAATAAGAGTTCAC,0
ACGAATAATGTAGGTT,0
ACGAATATTCCGTCTC,0
ACGAATCAACAGCAAC,0
ACGAATCCAATTAGAA,0
ACGAATCCCAGACACA,0
ACGAATCGATGCATAG,0
ACGAATGAAATAATAG,0
ACGAATTACGGCATAT,0
ACGAATTTTTAAAGAT,0
ACGACAAAGGGTATGG,0
ACGACATACCATACCT,0
ACGACATCCGCAAAAA,0
ACGACCAAGACATAGA,0
ACGACCACAAATGACC,0
ACGACCCTCATGTGTG,0
ACGACCGTAAACGTCA,0
ACGACGAATCCCTGAA,0
ACGACGCAATACAAAC,0
ACGACGTAATCCAGAT,0
ACGACGTATCAAACCG,0
ACGACTACACAATTAT,0
ACGACTATATACGACA,0
ACGACTCAACAAAGGA,0
ACGACTGATAAGTAAA,0
ACGACTGCTAAAAGAA,0
ACGACTTCCGTGTGTT,0
ACGACTTCCTCAAAGA,0
ACGACTTCTTATATTT,0
ACGAGAAAACATTACC,0
ACGAGAAACGCCGAAA,0
ACGAGAACAAAGAACA,0
ACGAGAACTGCCGGTG,0
ACGAGAATAATTACAA,0
ACGAGACCAAAATTCG,0
ACGAGACTCATTAGCA,0
ACGAGATCGAAATATT,0
ACGAGATGCCACCCGG,0
ACGAGCAACATAGACC,0
ACGAGCAGAGCTCTTA,0
ACGAGCAGGAAGTACC,0
ACGAGCTAGAGAACAC,0
ACGAGGCAAGCTTACC,0
ACGAGGCACAAGAACT,0
ACGAGTATTTGAAAGG,0
ACGAGTCACTAATGCA,0
ACGATAACTTCATCTA,0
ACGATAATTCGAATAG,0
ACGATACATCGTTCAC,0
ACGATACTCAATCTAA,0
ACGATAGTCTCAGGAT,0
ACGATATACGTAGTCA,0
ACGATCACCAAGCAAG,0
ACGATCCCGGCATTAA,0
ACGATCGAAGTTTCAA,0
ACGATCGAGCACTAGA,0
ACGATCGCAGACACGT,0
ACGATCTGACATAGTA,0
ACGATCTTTAACTACG,0
ACGATGAGATTAATAC,0
ACGATGCACGACCGAC,0
ACGATTAACTGAGCGA,0
ACGATTAATGTACAAT,0
ACGATTATAATCACTA,0
ACGATTCCACAACTAT,0
ACGATTCTTCATTGTA,0
ACGATTGATGATAACG,0
ACGCAAAATAATGAAG,0
ACGCAAATAATGAGAA,0
ACGCAAATTAGCCTAA,0
ACGCAAATTATATTTA,0
ACGCAACCACTTTTAA,0
ACGCAATGCATGATTA,0
ACGCAATGGCTCTGAA,0
ACGCACAATGAGAGAT,0
ACGCACAATGTATTGG,0
ACGCACACGATGAAAT,0
ACGCACGACCGACCAC,0
ACGCACTTGTGCAAAA,0
ACGCAGAAATACCAAC,0
ACGCAGACTACTTCGG,0
ACGCAGACTTATCTAT,0
ACGCAGCAAACTAAGT,0
ACGCAGGGGATGACAA,0
ACGCAGGTTATCGTAA,0
ACGCAGTACGACGTCA,0
ACGCAGTCTTCTAATC,0
ACGCATATCAACTTGC,0
ACGCATGAACACGCCA,0
ACGCATGCACAAAATT,0
ACGCATTCAACTAAAG,0
ACGCATTCCCTAATAA,0
ACGCCACCAAATAGAA,0
ACGCCACCTTCCGTGT,0
ACGCCATGGTAAAATA,0
ACGCCCAGTATGACTA,0
ACGCCCCCCCAGCGAC,0
ACGCCGATTAAAAGAT,0
ACGCCTAATATGGGGT,0
ACGCCTACTAAAATTC,0
ACGCCTCACGTCAGGG,0
ACGCCTCATTACTCGA,0
ACGCCTGAACACAACC,0
ACGCGAAAGGACCATT,0
ACGCGACACACAACAC,0
ACGCGGAGCTTACACT,0
ACGCGTATTCATGCAA,0
ACGCTAAAAGAATATT,0
ACGCTAAAATAACGAT,0
ACGCTAAAGCAAGTCA,0
ACGCTAAGATGGCTTG,0
ACGCTAAGGCAAAACT,0
ACGCTAGCATAACAGC,0
ACGCTAGTCAACTTGA,0
ACGCTATAAAGATACG,0
ACGCTATTAAAAGCAA,0
ACGCTCTGAAGCATCT,0
ACGCTGAGCCCTTTCC,0
ACGCTGAGCGAAACGA,0
ACGCTGCTATGAAGCC,0
ACGCTGGTAATATTCG,0
ACGCTTAAAGAGCATA,0
ACGCTTAACCCAAAGA,0
ACGCTTACCATATGAA,0
ACGCTTCAAAAGTATC,0
ACGGAAAAGATTCTCC,0
ACGGAAAATAAACAGA,0
ACGGAAACACCCATCA,0
ACGGAAACCACCAGCG,0
ACGGAAACGGGGACAA,0
ACGGAAAGAATCGATA,0
ACGGAAAGGATACCCG,0
ACGGAAGAACTTAAGT,0
ACGGAATAACTCACGT,0
ACGGAATTGGAAGAGC,0
ACGGACAAAGCAACAG,0
ACGGACAGCACCAATC,0
ACGGACCGACTCCATA,0
ACGGACCTTGTACAGT,0
ACGGACTTCAGAGCTT,0
ACGGAGGAAATGTTGG,0
ACGGAGTTAAGCGAAT,0
ACGGATAACGACTTAA,0
ACGGATAGCTCCAAAA,0
ACGGATCATAGAGCCG,0
ACGGATCATGGCAGGA,0
ACGGATGGTACGGGGC,0
ACGGATTATTATTGTC,0
ACGGATTTACGGAAGT,0
ACGGATTTGACAGCTA,0
ACGGCAACCAACCAAG,0
ACGGCAGAGCGGAATC,0
ACGGCATGTATCACCA,0
ACGGCCAATGAAGCCT,0
ACGGCCATCCAACTAA,0
ACGGCCGATGAAGCCT,0
ACGGCCTTACTTACTG,0
ACGGCGAAAACGAGCG,0
ACGGCGTCGTGATCAC,0
ACGGCGTGCGCGACGG,0
ACGGCTAAGTCTCAGA,0
ACGGCTACTCTGATTT,0
ACGGGAAAAACAAACA,0
ACGGGCAATAAAAACC,0
ACGGGCATATAAATAT,0
ACGGGCCAGGACAGAT,0
ACGGGCGCGACCATTA,0
ACGGGCTACAAATCGG,0
ACGGGCTGATTCTTAT,0
ACGGGGCGTGCACAAC,0
ACGGGGTATATGGTCA,0
ACGGGTAAGATGGATA,0
ACGGGTAATTATGACG,0
ACGGTAAATCAATGTT,0
ACGGTAAGTTCTAAAT,0
ACGGTAATTTACTGTA,0
ACGGTACTTGTATACC,0
ACGGTAGACACTCTCT,0
ACGGTATAAACATGGT,0
ACGGTATGGTAGCAAA,0
ACGGTATGTCCTATAA,0
ACGGTCAATTTCACAA,0
ACGGTCACATGTGACT,0
ACGGTCAGATAACGCT,0
ACGGTCCAAGTTAGAT,0
ACGGTTAATCTAAGAA,0
ACGGTTCGCACAAATT,0
ACGTAAAAAAACGTCC,0
ACGTAAAAATAGACTC,0
ACGTAAACATTGACAG,0
ACGTAAATAACAACTA,0
ACGTAAATCGTTAACT,0
ACGTAAGAACCGTTTA,0
ACGTAAGCACTCAGAC,0
ACGTAAGTACGTACAA,0
ACGTAATCTAGGCATT,0
ACGTAATGAACCTTAT,0
ACGTACCGACTCCGGT,0
ACGTACCGTCCTAAAA,0
ACGTACGATCCGCGTA,0
ACGTACTACAACCTGA,0
ACGTACTCCACCAAGC,0
ACGTACTGCCAATAAA,0
ACGTACTGTTGCGCTG,0
ACGTAGAACAGACATA,0
ACGTAGACAAAGGCAA,0
ACGTAGATCACTTATT,0
ACGTAGGAAGGTTGGA,0
ACGTAGTAATCATCTC,0
ACGTATAACAGTAAAC,0
ACGTATAATATGATGA,0
ACGTATACAACGAGCC,0
ACGTATACTGTTAACC,0
ACGTATAGATAGTTGC,0
ACGTATCTCGCAGCGA,0
ACGTATTGAAACACGT,0
ACGTATTTTTAGTAGT,0
ACGTCAAAACTCAAAT,0
ACGTCACAAAAGACCA,0
ACGTCACCCGTTCACC,0
ACGTCAGCAGAGTGGA,0
ACGTCCCGCTATCTCT,0
ACGTCTAATGTTGAGC,0
ACGTCTACAGAACACC,0
ACGTCTACTAACAACG,0
ACGTCTGCAACCATAT,0
ACGTCTGTCGCTCGGA,0
ACGTCTTAATTATTAC,0
ACGTGAAACTGTCCTT,0
ACGTGAACCACTCACG,0
ACGTGACTAAGCCGTA,0
ACGTGAGAGCCATTGC,0
ACGTGATAGCCTCTAC,0
ACGTGATATCTCTCCC,0
ACGTGATGACGGAAAA,0
ACGTGCAAAGGTAAAA,0
ACGTGCACAATCTAAT,0
ACGTGCCCTTGCACCG,0
ACGTGCTGTTACGAGT,0
ACGTGTAAATTAGAGG,0
ACGTTAACCAAGAGTA,0
ACGTTAACCAAGAGTC,0
ACGTTAAGACACTCCG,0
ACGTTAATTCTTTGAC,0
ACGTTACCTACACACA,0
ACGTTACTGGCCCATA,0
ACGTTATCAATAGATG,0
ACGTTATGAAATGAGA,0
ACGTTATTTCTCAATT,0
ACGTTCAAATTTTAGG,0
ACGTTCACATTCTTAC,0
ACGTTCCGAGTGGGTT,0
ACGTTCCTTAATAAAA,0
ACGTTCGGAAATGATA,0
ACGTTCTCCATAGGGC,0
ACGTTCTGATATTCGG,0
ACGTTCTGCATTATAG,0
ACGTTGAATACTCAAA,0
ACGTTGATGGTGCACA,0
ACGTTGATGTATCTAA,0
ACGTTGCACCCGACCA,0
ACGTTGTGTAACGTGA,0
ACGTTTACTCTGTGCA,0
ACGTTTCTCAAGCGAA,0
ACGTTTGCCTGTTGGA,0
ACGTTTTCAAGCAAAA,0
ACTAAAACTTTGATCG,0
ACTAAAAGAAACCCAC,0
ACTAAAAGAAACCTTA,0
ACTAAAATAAGTCCTG,0
ACTAAAATTGGAACTC,0
ACTAAACAATCATACG,0
ACTAAACAGAAACCTG,0
ACTAAACCAACGGAGG,0
ACTAAACCAACTAAAG,0
ACTAAACCATGGATTA,0
ACTAAACCCGTAGGAA,0
ACTAAACCTGACCATA,0
ACTAAACGCCCTAACC,0
ACTAAACTACGGTTCG,0
ACTAAAGCAACTCCCA,0
ACTAAATAAAAAGTGA,0
ACTAAATCGTATAAGA,0
ACTAAATCTAGATTTT,0
ACTAAATCTATTAAAA,0
ACTAAATGTCAAAACC,0
ACTAAATGTTGCATAT,0
ACTAACAAGGGCATAT,0
ACTAACAATATATTAT,0
ACTAACATCGTAAAAA,0
ACTAACCCAGCCGGTG,0
ACTAACCCTTACACCA,0
ACTAACGAGTCTACCA,0
ACTAACGTGACTCGAG,0
ACTAACTAAACTGTTA,0
ACTAACTATTTCAAGA,0
ACTAACTTTAAAACAC,0
ACTAAGAACAGAAAGG,0
ACTAAGAAGACACACA,0
ACTAAGACGCATGACG,0
ACTAAGCCAAATCCAT,0
ACTAAGCCACAGAAAT,0
ACTAAGCTTAGGATCA,0
ACTAAGGACTGAAACG,0
ACTAAGTATGCGAATA,0
ACTAAGTCAATCCTTC,0
ACTAATAAGCAGCTAA,0
ACTAATATACATTATA,0
ACTAATCAATAATACT,0
ACTAATCAGTGTTCAA,0
ACTAATCGGTTCAGGA,0
ACTAATCGTTAACTTT,0
ACTAATTAAAATAACA,0
ACTAATTATCAAGCAA,0
ACTAATTCCACGCTTA,0
ACTAATTGTGATGCAC,0
ACTACAACGCAATTGC,0
ACTACAAGAACGCAAC,0
ACTACAATACAAAACA,0
ACTACACATTAAGTGC,0
ACTACACGCTTCGGTT,0
ACTACAGGTATCGGTC,0
ACTACAGTAAAACATA,0
ACTACAGTAACTAATC,0
ACTACATCATATTAGA,0
ACTACATCCTGAAGAG,0
ACTACATGCGCGACTT,0
ACTACATGTATGCCTC,0
ACTACCAATAAGTAAA,0
ACTACCCGCATACCTC,0
ACTACCTGACGAAATA,0
ACTACCTTTGGTCCTA,0
ACTACGCTTCCTCGCG,0
ACTACGGCAGTGCTTG,0
ACTACGTCTTAGATAC,0
ACTACGTTGGTTACTT,0
ACTACGTTTACTACAA,0
ACTACTAAATCGAGAT,0
ACTACTAATATATAAA,0
ACTACTACACGGAATA,0
ACTACTCAGAGAGGAC,0
ACTACTCTACAATGAG,0
ACTACTGACACGGGAC,0
ACTACTGTATGGTAGA,0
ACTACTTAGGAAGATA,0
ACTAGAAAGTGCATGA,0
ACTAGAACAAAAATCG,0
ACTAGAACGCACTTCG,0
ACTAGAAGACTACAAT,0
ACTAGACTTCACAACC,0
ACTAGAGACAGCTCTC,0
ACTAGCACAAACAATA,0
ACTAGCTAAATAAAAC,0
ACTAGCTACTGCAAGG,0
ACTAGCTCGAGTTATG,0
ACTAGCTGGTAACTTA,0
ACTAGGAAGGCGAATA,0
ACTAGGAATGTCACTT,0
ACTAGGCAAGGTATTT,0
ACTAGGCAATGCAATG,0
ACTAGGTGGGAACTTA,0
ACTAGGTTCACCTTTT,0
ACTAGTAACAAAGAGA,0
ACTAGTAGATAACCGT,0
ACTAGTCATGGCTAAT,0
ACTAGTCCACATTTTT,0
ACTAGTCGATCCCGTG,0
ACTAGTGAAAACGTTC,0
ACTAGTTATAATAAAA,0
ACTAGTTCGACAGAGA,0
ACTATAAAAGAGCTTA,0
ACTATAAACCACTTAA,0
ACTATAAATACAATAA,0
ACTATAAGAAACTTGC,0
ACTATAAGATTTGTAG,0
ACTATAATCATTTGCA,0
ACTATAATGTCCGTGA,0
ACTATACCGACGGTAG,0
ACTATACCGGTTATGA,0
ACTATATAGGCCTCAA,0
ACTATATGAATAAATG,0
ACTATCGCAATGGACC,0
ACTATCTGTAGCAATA,0
ACTATGATGATTCGAT,0
ACTATGCACCAAGAAA,0
ACTATGTCTTATTTAG,0
ACTATTACAGTTCCAT,0
ACTATTACCTATTCTG,0
ACTATTACGGTTAACA,0
ACTATTACTATTAAGA,0
ACTATTATGTAATCCC,0
ACTATTCATATCGCAG,0
ACTATTGCACGAACAA,0
ACTATTGGGCGACTAA,0
ACTATTTAATTATCCT,0
ACTCAAAATCAAGCAC,0
ACTCAAACATGTACGT,0
ACTCAAATGAAAAATA,0
ACTCAACCTGAGACAT,0
ACTCAAGACCATGCAA,0
ACTCAAGCCTAGCACT,0
ACTCAAGTTGACCCTA,0
ACTCAATAAAACATGA,0
ACTCAATATCAAAAAA,0
ACTCAATATTTACGAT,0
ACTCACACAGCCCCTA,0
ACTCACACAGCGGGAA,0
ACTCACACTAGCAAGG,0
ACTCACCTTAGAATTT,0
ACTCACTAAAGCCCTA,0
ACTCAGAAATAAATGG,0
ACTCAGCCTACTAAAC,0
ACTCAGTGACGGCAAA,0
ACTCAGTTAGCGGAGA,0
ACTCATAAACCTCGCA,0
ACTCATATGCCCGCAT,0
ACTCATCAAATCCCAA,0
ACTCATCATTCATAAA,0
ACTCATCCCAGCCACT,0
ACTCATGACTTATAGA,0
ACTCATGCTTCGTCGC,0
ACTCATGCTTTGTCTC,0
ACTCATTAAAGGTGTC,0
ACTCATTAGACAACAA,0
ACTCATTAGTTAACTA,0
ACTCATTATGCAAAGG,0
ACTCATTGAGGTATTT,0
ACTCATTGATACCAAA,0
ACTCCAAAAATCAGAA,0
ACTCCAAAGGTTGCAA,0
ACTCCAAGAAATTGCC,0
ACTCCAATTACGGATG,0
ACTCCACACCAAGCGT,0
ACTCCACGGAGCAAAT,0
ACTCCATTGCGTTAAC,0
ACTCCCAAAAGCAGAA,0
ACTCCCAAGAAATAAA,0
ACTCCCAATACAACCT,0
ACTCCCTAATACGGCA,0
ACTCCCTCTTGAAAAG,0
ACTCCTCAAAACCGAA,0
ACTCCTCCGTGTCAAT,0
ACTCCTCTTAACCAAC,0
ACTCCTGAAGTTGTGC,0
ACTCCTGATCCTATAA,0
ACTCCTTTACCACCTA,0
ACTCGACCAATATCTT,0
ACTCGAGGACCAATAA,0
ACTCGATCTGTGAAAC,0
ACTCGCAAGTAAGACA,0
ACTCGCACCTATTCAG,0
ACTCGCACTGAAGGGC,0
ACTCGCATGCTGCATA,0
ACTCGCGAATCCATTA,0
ACTCGGATTGGCCCAA,0
ACTCGTACAATATCAA,0
ACTCGTATAAATTGAT,0
ACTCGTCGCTTGTGCT,0
ACTCGTCTATTATTTA,0
ACTCGTGATGTGTGGA,0
ACTCGTTCGAATAGAG,0
ACTCTAAATTCCATAC,0
ACTCTACACACTGATC,0
ACTCTAGAAATGGACT,0
ACTCTAGACAAATCGG,0
ACTCTAGTAAGCAGGA,0
ACTCTCTCGCTAATCG,0
ACTCTCTTAAACCCGA,0
ACTCTGCATTCGACGG,0
ACTCTGCTCTTAACTA,0
ACTCTGTAGAGTACCA,0
ACTCTTAACGCAAAGT,0
ACTCTTAGATAGAGAT,0
ACTCTTCTACGACACG,0
ACTCTTGTATTTTAGT,0
ACTGAAAAACGTTGTT,0
ACTGAAAACGAACAAG,0
ACTGAAATAATTAAGC,0
ACTGAACAGCCTGAAT,0
ACTGAACCACCACGAA,0
ACTGAACCCAGTCTTC,0
ACTGAACCCCCGTGAA,0
ACTGAAGAAAGACCTT,0
ACTGAAGTAATATCAA,0
ACTGAAGTCGTAAAAT,0
ACTGAATAAATTCACT,0
ACTGAATAGTGACATG,0
ACTGAATCATTACTAC,0
ACTGAATTTGACACGC,0
ACTGACACTACAATAA,0
ACTGACAGTTTAGGAA,0
ACTGACCACACATCAC,0
ACTGACCCACGCAGCC,0
ACTGACCTCTGAGAAG,0
ACTGACGCACGTAATG,0
ACTGACTTTGACTAAA,0
ACTGAGAAAAACACAA,0
ACTGAGATTATGAAAT,0
ACTGAGCCATATTTAC,0
ACTGAGCCCCAAATTG,0
ACTGAGGAACGACAAT,0
ACTGAGGGTCCCTAAT,0
ACTGAGTTTGGCTCGA,0
ACTGATAGAGTTGCCT,0
ACTGATCAACTCCGAC,0
ACTGATCACGCCTACT,0
ACTGATGCCAAATATA,0
ACTGATGGTGAAAGTA,0
ACTGATGTAGAAGAGA,0
ACTGATTACAGTGTTT,0
ACTGATTACCCCTTGC,0
ACTGATTACTCTCTCT,0
ACTGATTCATTACAAC,0
ACTGCAAAAGCCGACC,0
ACTGCAACTCTGAGTC,0
ACTGCACTAAAGTAAT,0
ACTGCATCATCTACCC,0
ACTGCCAGCGTGACAA,0
ACTGCCTGCAGAGTAA,0
ACTGCGAAAAAAACAG,0
ACTGCGACTGGAGACC,0
ACTGCGCAATCTGCTA,0
ACTGCGGTAAAAATGA,0
ACTGCGTATACATCCT,0
ACTGCGTTATAGTCTT,0
ACTGCTCAGCTAACAA,0
ACTGCTCCAGTAAGTG,0
ACTGCTCTATCAAGTA,0
ACTGCTGCATCAAAGC,0
ACTGGAAGACTAGCAA,0
ACTGGACAGTGACAAC,0
ACTGGAGACACGAATT,0
ACTGGATCAAATATTA,0
ACTGGATTACATAAAA,0
ACTGGCAGAAAGTCCG,0
ACTGGCGCGAAGGATT,0
ACTGGCTCAGTTTGCA,0
ACTGGGCAAAACACGC,0
ACTGGGCAAACCCGCG,0
ACTGGGGACAAATAGT,0
ACTGGTACCGAACCAA,0
ACTGGTAGCGACTCTT,0
ACTGTAAAACCAGAAA,0
ACTGTAAAGTCTTACA,0
ACTGTAATCTTCTACC,0
ACTGTAGTTTGTCTTT,0
ACTGTATGATAAGAAT,0
ACTGTCACTCACAAGG,0
ACTGTCCCCAACCTAC,0
ACTGTCCCCTAGTCTA,0
ACTGTGACGAATCGTT,0
ACTGTGACTGATTACA,0
ACTGTGAGAAGTACTC,0
ACTGTTCACAGTACTG,0
ACTGTTTCATTAGTGA,0
ACTGTTTCTAGATGTT,0
ACTTAAAAGATTAAAA,0
ACTTAAACAGGCAAAT,0
ACTTAAACGCTGCAAC,0
ACTTAAATTATCAGGG,0
ACTTAACCAACATGAG,0
ACTTAAGGTAAATCGA,0
ACTTAAGTAGTCATAT,0
ACTTAAGTCATATACC,0
ACTTAATAAAATGTAT,0
ACTTAATAACCACGAG,0
ACTTAATGGCAAAATT,0
ACTTACAACAGGCTGC,0
ACTTACAATATGTTTC,0
ACTTACAATCAGGCCG,0
ACTTACATCGTTCCTG,0
ACTTACCCTTAATAAA,0
ACTTACGAAAAAAAAA,0
ACTTACGGTGCCCGAA,0
ACTTACGTAAACCTTT,0
ACTTAGATCCGATCTA,0
ACTTAGATTTAGACAA,0
ACTTAGCGTCTAAAAT,0
ACTTAGTGGTATACCC,0
ACTTATAAAAACCGGT,0
ACTTATAAACGCTTAT,0
ACTTATAACAATCTAA,0
ACTTATACATACCAAC,0
ACTTATACCCAAATGA,0
ACTTATACGGGTCATA,0
ACTTATATGACAGCGA,0
ACTTATCTATATATAC,0
ACTTATTCCAATGTCT,0
ACTTCAAAACTTACTA,0
ACTTCAGAAGCATAAG,0
ACTTCATGACTCACAA,0
ACTTCCAAATACTGTA,0
ACTTCCCGCTTTAGCA,0
ACTTCCGATATACAAA,0
ACTTCGAATGATCAGG,0
ACTTCGACGCAATCAA,0
ACTTCGGCTCTCACCT,0
ACTTCGTACTTAGAGC,0
ACTTCGTATCACAAGG,0
ACTTCTAAAAGCAATA,0
ACTTCTAAATACTCTA,0
ACTTCTGAGTTTCCAA,0
ACTTGAAACATCAATG,0
ACTTGAAACATGTAAC,0
ACTTGAACTAGGTGAA,0
ACTTGAATTCAAAATA,0
ACTTGATAACAACCTT,0
ACTTGATCTAATTACA,0
ACTTGATCTACCGAGC,0
ACTTGATCTCGCAAGG,0
ACTTGCAGCGCCCTCA,0
ACTTGCATTCCACCTG,0
ACTTGCCTTGGCCGAA,0
ACTTGCGAGACACTAA,0
ACTTGCTAGTATGAGA,0
ACTTGCTCCTCGCTAG,0
ACTTGGATCACCTCAT,0
ACTTGGCACTGCGTTG,0
ACTTGGCTCCTGTCGA,0
ACTTGGTAGCACTCCA,0
ACTTGGTCAATGTGAA,0
ACTTGGTTCAAGGACC,0
ACTTGTGAGGGACTTC,0
ACTTTAACGCCCTTAA,0
ACTTTAACTTCCTCTT,0
ACTTTAGACAATTTCC,0
ACTTTAGATGACCTAT,0
ACTTTAGCAAAGTCAC,0
ACTTTAGCAGTATGGA,0
ACTTTATATCCAGTGG,0
ACTTTATGACTAAACC,0
ACTTTCAAAAGTTAGT,0
ACTTTCAACGTTGCTT,0
ACTTTCCAAAATGCAA,0
ACTTTCCAAACAAAAC,0
ACTTTCCAACTGAGGT,0
ACTTTCCTCCGCGAAC,0
ACTTTCGGAATACAAT,0
ACTTTCTAGTAAATTA,0
ACTTTCTCGCAAAACA,0
ACTTTGAATTACACTC,0
ACTTTGAGCACACCTA,0
ACTTTGCGAGACAATA,0
ACTTTGGTAATAAACA,0
ACTTTGTATCAGCCTC,0
ACTTTGTTAAATTCAT,0
ACTTTTCCTGAAGCTA,0
ACTTTTTCATATCTCA,0
ACTTTTTTTTAGCAAA,0
AGAAAAAAAAAGTCAT,0
AGAAAAAAACAACAAA,0
AGAAAAAAGTACCAGT,0
AGAAAAACATTGTGGG,0
AGAAAAACCCACTTAA,0
AGAAAAACGTCCAGAA,0
AGAAAAATAGGTAGTT,0
AGAAAACAAAAATACA,0
AGAAAACAATGAAGCG,0
AGAAAACATATGATAA,0
AGAAAACATGCCTAGG,0
AGAAAACCGCTTCGTT,0
AGAAAACTGTTAAGGA,0
AGAAAAGAAAAAGAAC,0
AGAAAAGACCAAAAAA,0
AGAAAAGCACACTAGT,0
AGAAAAGGGTTATGGA,0
AGAAAATACAGTGATT,0
AGAAAATAGCTTGGAG,0
AGAAAATCGAGGACGC,0
AGAAAATCTTCACAAT,0
AGAAAATGTGATTTGC,0
AGAAAATTTGGCCGGC,0
AGAAACAACTGGCCTG,0
AGAAACAAGACCCTTC,0
AGAAACAATAGCCTAG,0
AGAAACAGGTTGAAGT,0
AGAAACCTAAACTTAA,0
AGAAACCTAGTAAGAT,0
AGAAACGGTACTTCAC,0
AGAAACTCAGATGAGT,0
AGAAACTCCTATAGTA,0
AGAAACTGCTAAAGGT,0
AGAAACTGGATAGCCC,0
AGAAACTTGAAAACAT,0
AGAAAGAATAGAGTCA,0
AGAAAGAATCCAGTTC,0
AGAAAGACGTTTCGTT,0
AGAAAGCAATAATTAC,0
AGAAAGCAATATTCAG,0
AGAAAGCAGGGATGAT,0
AGAAAGCGATCCAATA,0
AGAAAGCTCGCACACG,0
AGAAAGCTCGGATTTA,0
AGAAAGGCGCTTTGAA,0
AGAAAGTTCTTAAGAC,0
AGAAATAAAAACATGT,0
AGAAATAAGATAACTG,0
AGAAATAATTAACTCA,0
AGAAATAGAGCAAGAC,0
AGAAATATTTCTGTGA,0
AGAAATCAAAACTTAC,0
AGAAATCATTATATTC,0
AGAAATCATTGCGATT,0
AGAAATCGACTTGTCC,0
AGAAATCTGGACAGTC,0
AGAAATGAAAGGAGAT,0
AGAAATGAACTAACGA,0
AGAAATGAACTACAAC,0
AGAAATTAACGTATAA,0
AGAAATTTGTAGCAGC,0
AGAACACAGCGGGGAC,0
AGAACACATGTCAGTT,0
AGAACACCAGACAAAC,0
AGAACAGTTTGATTCA,0
AGAACATGCATTACAT,0
AGAACCAGAAATATGC,0
AGAACCAGGCTTCCCC,0
AGAACCCCATCTCCTG,0
AGAACCCTAAGCGAAA,0
AGAACCCTTACTATAT,0
AGAACCTATTTTCAAA,0
AGAACCTCAACACAGT,0
AGAACCTCTTATAAGC,0
AGAACCTTTAAACCGT,0
AGAACGAAATTTCCCG,0
AGAACGAATAAATGAA,0
AGAACGCTAGACTGCA,0
AGAACGGTATGACCGA,0
AGAACTAAAAATCACC,0
AGAACTAAAGCTCGTA,0
AGAACTAAGTTCCAAT,0
AGAACTAATTGAATGA,0
AGAACTAGTGAATGAG,0
AGAACTCTAAGCAGAC,0
AGAACTGATGTCCTTA,0
AGAACTGCGACACAGC,0
AGAAGAAATGTAAACA,0
AGAAGAAGAAAATAAA,0
AGAAGAAGAGTCATTC,0
AGAAGAATGTCGACAA,0
AGAAGAATTTCAAATA,0
AGAAGAATTTCCCAAG,0
AGAAGACAGCAACTCT,0
AGAAGACAGCTCTTTA,0
AGAAGACCAAGCAAGT,0
AGAAGACTTTATGCTG,0
AGAAGCACATAGATGA,0
AGAAGCATCAGAGCAA,0
AGAAGCATGAAGCTGT,0
AGAAGCATGGCTCTCA,0
AGAAGCCAGTGTCCTT,0
AGAAGCCATACAATTC,0
AGAAGCCATAGCCTAA,0
AGAAGCCCATTGAATT,0
AGAAGCCGTTTTAGCG,0
AGAAGCGAAGCCCAAC,0
AGAAGCGACAACAAGA,0
AGAAGCGACTAGGGCA,0
AGAAGCGCATTAGAAT,0
AGAAGCTATGATGTTG,0
AGAAGCTCAGGAGGGT,0
AGAAGCTTATCTAGAA,0
AGAAGGACCGAAGCAA,0
AGAAGGATAACGCACT,0
AGAAGGGCAAAATATG,0
AGAAGGTACCCGCGCG,0
AGAAGGTCAATCGAGA,0
AGAAGGTCCAATTATA,0
AGAAGTAAAAGCTAGA,0
AGAAGTAGACAACGGC,0
AGAAGTATACACACCC,0
AGAAGTATTCTTTGCA,0
AGAAGTCCTTCAAGCT,0
AGAAGTCTTGGTTGAC,0
AGAAGTTAAAGTCCTA,0
AGAAGTTTAAGTACAC,0
AGAATAAAATCTTGAC,0
AGAATAAATTAATAAG,0
AGAATAACGGGCTGTA,0
AGAATAACTAAAAATG,0
AGAATACCTTCCTTGA,0
AGAATACTAATAAGTC,0
AGAATAGGTGAAGTGG,0
AGAATATAGACGTGGC,0
AGAATATGCCTAGCTA,0
AGAATATTATGAAATG,0
AGAATATTGAGAAGTC,0
AGAATCAATTGAACAA,0
AGAATCCCAATAAAGT,0
AGAATCCCCTCGGCGA,0
AGAATCCTTACGAAAT,0
AGAATCGCACTATAAA,0
AGAATCGCTATGTATA,0
AGAATCTCGTACCCCT,0
AGAATCTTGCAAAGAA,0
AGAATGAAACACATAC,0
AGAATGAAATGCGAAC,0
AGAATGAACAATACAG,0
AGAATGCAAGAAAATA,0
AGAATGTACGTTTTTC,0
AGAATGTTAACGCATC,0
AGAATTAAGATTTCTA,0
AGAATTACTTCACGGC,0
AGAATTATCTAACCTG,0
AGAATTCAAAGGGCAG,0
AGAATTCATGACTGAT,0
AGAATTCTCACAGAAG,0
AGAATTGGGGACTATC,0
AGAATTTAATGAAGAA,0
AGAATTTAGGCAAGGC,0
AGAATTTGTATCCCTT,0
AGACAAAAATTGGGCA,0
AGACAAAAATTTAAAT,0
AGACAAAATGCTGGAG,0
AGACAAACGAAATTGA,0
AGACAAACTAAGGTAA,0
AGACAAAGAGTCGAGA,0
AGACAAATATGTTTGT,0
AGACAAATGTAATAAA,0
AGACAACACACAGACT,0
AGACAACTAACGGGAG,0
AGACAACTTTATACAA,0
AGACAAGACGCGGTCC,0
AGACAAGATCTTGGCG,0
AGACAAGGCAAACCAA,0
AGACAATACATGCGTA,0
AGACAATACCGATGAG,0
AGACAATAGTATGTAA,0
AGACAATTAAGGCGCA,0
AGACAATTAGGATCTG,0
AGACACAAGACTCCTA,0
AGACACAATATATTCG,0
AGACACAATTACACCT,0
AGACACACACGAACCG,0
AGACACAGAATACGAG,0
AGACACATTAACGACA,0
AGACACATTATTGTGA,0
AGACACCGAAAAAACT,0
AGACACCTCGTCAATT,0
AGACACGCTAACACGC,0
AGACACGCTAGAATGA,0
AGACACGTAGTTGGTA,0
AGACACTATTGCACCA,0
AGACACTCCTGCCGAC,0
AGACACTCTAAGTCAC,0
AGACAGAAGAATATAA,0
AGACAGACTCTGAAGT,0
AGACAGAGACCGAGGA,0
AGACAGGGACGGACCC,0
AGACAGGGGTTTGGCT,0
AGACAGGTAATAATAT,0
AGACAGTAATGTATTT,0
AGACAGTAGTGGCGAT,0
AGACATAATAAACGAA,0
AGACATAGATTGATAT,0
AGACATCCCGTACGAG,0
AGACATCTCTCAGACT,0
AGACATGCGATCGTGC,0
AGACATGGACAGTTTG,0
AGACATTAATCATGCT,0
AGACATTACAACAAAA,0
AGACATTACGACTCGT,0
AGACATTGTGAAAGTG,0
AGACCAAAGGTGGTCA,0
AGACCACATGTTTAAT,0
AGACCAGATATCATCT,0
AGACCAGCAAAAACTA,0
AGACCAGTGTCCCCAT,0
AGACCATATTAAAGTT,0
AGACCATGAAGAATAC,0
AGACCCAATGTTATGA,0
AGACCCAATTCAAGAT,0
AGACCCAGACCCTACT,0
AGACCCCAACTAATGG,0
AGACCCCATAGCGGTT,0
AGACCCCTCCCCAACC,0
AGACCCGAAGCGACCC,0
AGACCCTAAAATTACA,0
AGACCCTAGGTAACTC,0
AGACCGAAGCACGAAT,0
AGACCGAATGCTACGA,0
AGACCGACGGACGCTA,0
AGACCGATAGTCTCGA,0
AGACCGGATTAAGCAT,0
AGACCGGATTCCTACT,0
AGACCGTAATGAAATT,0
AGACCGTGACATGCCA,0
AGACCGTTGGCTAAGA,0
AGACCTAGAGAAAGCC,0
AGACCTCGAAAAATTA,0
AGACCTTGAGTTCTAC,0
AGACCTTGCATTCTAA,0
AGACCTTTACAAATTC,0
AGACCTTTACCACATT,0
AGACCTTTGGCTAAAG,0
AGACGAAATTTCGAAA,0
AGACGAACAGGTGAAA,0
AGACGAATATCATTGA,0
AGACGATGAAATTGGA,0
AGACGATTTGGTGCTA,0
AGACGCAAGTAAGAAT,0
AGACGCTTTGATTGCG,0
AGACGGAAGCGATCAC,0
AGACGGACGCTTGGTT,0
AGACGGCAATCCGCGC,0
AGACGGCGGGTTTTAA,0
AGACGGTCATAAGATA,0
AGACGGTTGCAGCGTC,0
AGACGTAGTGTCATGG,0
AGACGTCTAAGAGTGC,0
AGACGTCTTTAATAAG,0
AGACGTGCCTCCTACC,0
AGACGTTAAACAAAAA,0
AGACGTTATCCAGCGC,0
AGACTAATAGATTCCC,0
AGACTAATCTAAACTG,0
AGACTACCAAGAGAGT,0
AGACTACTATTCAAAA,0
AGACTAGCAATCAAGT,0
AGACTAGTAACATGAG,0
AGACTATAAGCCTAGA,0
AGACTATCCACTGCTG,0
AGACTCAATGCACCAC,0
AGACTCACATACATAC,0
AGACTCACCATATCTT,0
AGACTCATTTACTATA,0
AGACTCCCGTTAAAAG,0
AGACTGAGTACTAAGC,0
AGACTGTAAACGATGC,0
AGACTTAAAAATCAAA,0
AGACTTAAGACAAAAC,0
AGACTTAAGGTGAACA,0
AGACTTAATAAGCTCG,0
AGACTTAGAATTAACT,0
AGACTTCTCAAGAAGA,0
AGACTTGTGCATGACC,0
AGACTTTTTGTCGAAT,0
AGAGAAATAAAGACGA,0
AGAGAACAAACATAGA,0
AGAGAACCTACATCAA,0
AGAGAACTAATGGTAT,0
AGAGAACTACAATAAG,0
AGAGAACTCTTCTTAG,0
AGAGAAGAAAAAACAC,0
AGAGAATGACACAGCC,0
AGAGAATTAATTACCA,0
AGAGACACATGCCACT,0
AGAGACAGCGCGCCTT,0
AGAGACATTATACTAT,0
AGAGACCAAGCGTCAT,0
AGAGACCAGCAAACGA,0
AGAGACCATTGAGGAG,0
AGAGACCGAGCGAAGG,0
AGAGACGAATATACCC,0
AGAGACGAGCAGACTG,0
AGAGACGGACCCTACT,0
AGAGACGTGCTATCAT,0
AGAGACTAATGGTCAA,0
AGAGACTGGTAAAAGA,0
AGAGAGAAGATTGTCA,0
AGAGAGCACCCAAAAA,0
AGAGAGCAGATTAAAC,0
AGAGAGGATATTGTGT,0
AGAGAGGCAGAGATTA,0
AGAGAGGCAGTAGCAT,0
AGAGATAACTCGACAC,0
AGAGATACAGCAGTAC,0
AGAGATCAGCCCAGCA,0
AGAGATCCCACAGAAA,0
AGAGATCCGAAATTCG,0
AGAGATGCTCGATCTA,0
AGAGATGTTTAAAATA,0
AGAGATTAAACAATAC,0
AGAGATTAAACACCAC,0
AGAGATTACGAACCAC,0
AGAGATTCGTAATAAC,0
AGAGATTCTAATAAAG,0
AGAGATTGCGCTACGT,0
AGAGATTTCTATAAAA,0
AGAGCAATATTCAGAA,0
AGAGCACACAATAAGA,0
AGAGCACTAAAACGTC,0
AGAGCATATTGGCAAA,0
AGAGCATTTAGACGCG,0
AGAGCCAAAAGAACCA,0
AGAGCCAAATCTGCCT,0
AGAGCCACCACTACAA,0
AGAGCCCAGCAGTTAA,0
AGAGCCGAAACATACG,0
AGAGCCTAATTATCTG,0
AGAGCGTATCCAATAG,0
AGAGCTCCTCGGAGTG,0
AGAGCTGGGATTTATA,0
AGAGCTGTCAATGATA,0
AGAGGAATAGATAAGA,0
AGAGGACAATACAGTT,0
AGAGGATATCGAGTGA,0
AGAGGATCGACACCAA,0
AGAGGATCTAGTTAAG,0
AGAGGATGTCAATAAG,0
AGAGGATTCCTAGCGT,0
AGAGGATTCTTTGCAC,0
AGAGGCAAATTAAGTT,0
AGAGGCATATACCAAA,0
AGAGGCGAGCAGACTG,0
AGAGGGCCGATATAGT,0
AGAGGGTATGCCGTCC,0
AGAGGTATCTGGAAAG,0
AGAGGTCAACCAGACC,0
AGAGGTTACTAACTAC,0
AGAGTAATAGATCATT,0
AGAGTACAAGAACAAT,0
AGAGTACAAGCACCGT,0
AGAGTATAACACTTCA,0
AGAGTATAACGTGAAC,0
AGAGTATTGAGACCTC,0
AGAGTCCGCACTTCAG,0
AGAGTCGTTCACAACT,0
AGAGTCTACATCGCAA,0
AGAGTCTAGAATCTGC,0
AGAGTGAATTGGATAA,0
AGAGTGTACTATCTAA,0
AGAGTGTTTAAGAATG,0
AGAGTTAAATGCCGAC,0
AGAGTTAAGTCAGATC,0
AGAGTTAGGCCTTTTT,0
AGAGTTCGCACGGGAT,0
AGAGTTGTATAAATGC,0
AGAGTTTGTCTCAAAC,0
AGAGTTTGTGACAAAC,0
AGATAAAGCGGTACTG,0
AGATAAATTAAAGAAT,0
AGATAACACGTATTTA,0
AGATAACATCAGAACA,0
AGATAACATCCAGGTA,0
AGATAACATCGCGTAC,0
AGATAACCAATTGGAT,0
AGATAATAACTATGAT,0
AGATAATAATGCATCT,0
AGATAATATACATATC,0
AGATAATGCCATACAA,0
AGATACAAGAAATTAA,0
AGATACACTAACTAAA,0
AGATACCAGATGTATT,0
AGATACCTGCCAATTT,0
AGATACGATGTGCTAC,0
AGATACGTCCGTAAAA,0
AGATACTCACTGAATG,0
AGATACTTTCAAAGTG,0
AGATAGAAAGTAGACC,0
AGATAGAAGAAGATAC,0
AGATAGAGGGATCATA,0
AGATAGGCAACCCATG,0
AGATAGGGCAAAAGAA,0
AGATAGTAATTTGATC,0
AGATATAAAACATATT,0
AGATATAAGGGTAAAT,0
AGATATATAGAACAAT,0
AGATATCAGGAGAAAT,0
AGATATCTAGGAATAT,0
AGATATCTTGTTTCCT,0
AGATATGGTTGCGTCT,0
AGATATTAATGATGCC,0
AGATATTCTTGCCCAA,0
AGATATTTAAAATTGC,0
AGATATTTACAGTCAT,0
AGATCAAAAATCACGC,0
AGATCAAACAAGACTA,0
AGATCAAAGCCTGAAA,0
AGATCAACATATGCGA,0
AGATCAACTCATGACA,0
AGATCAATTAATGCCT,0
AGATCACTCAGCCAAT,0
AGATCAGACGGATCAA,0
AGATCAGATAGCCACG,0
AGATCAGCTCTAGGAG,0
AGATCAGTCTATAACT,0
AGATCATAAGAGAAAA,0
AGATCATACGACCAAA,0
AGATCATCTACTAATG,0
AGATCATTTTGCTAGC,0
AGATCCAAAAATCTAA,0
AGATCCAGTGAATATT,0
AGATCCATATATCCAT,0
AGATCCATTGCTGTGT,0
AGATCCCACCCAGGAT,0
AGATCCCAGAACTTAA,0
AGATCCTAAAGAAAGG,0
AGATCCTGATGTGCGG,0
AGATCGATAGGAAGAT,0
AGATCGATCCCATTTT,0
AGATCGGTCGATAGTT,0
AGATCTAATTCAGATA,0
AGATCTATAGCCGACA,0
AGATCTGACAGCATTG,0
AGATCTGGATCAAAGG,0
AGATCTGTAACAAGCT,0
AGATGAAGCTAGTAAA,0
AGATGACAAAAGCTTT,0
AGATGACGTAGATAAC,0
AGATGATTATATGCCG,0
AGATGCAATATCTCCG,0
AGATGCACCTCACCCA,0
AGATGCTGCTACACAC,0
AGATGCTTTATGCAAC,0
AGATGGATACTTCACA,0
AGATGGGCCGATTCTG,0
AGATGGGGCGTCAACT,0
AGATGGTGAGCAAATA,0
AGATGGTGCAGAGATT,0
AGATGTAACAAAATGA,0
AGATGTCATCACCCTG,0
AGATGTCCGATAAAAA,0
AGATGTGTTATCAAAA,0
AGATGTTCAACGGAAG,0
AGATTAACACGTGAAA,0
AGATTAACGGGGGTTT,0
AGATTAACTAAACGGT,0
AGATTAAGCCCCTAGA,0
AGATTACACCAGAATC,0
AGATTACTAGAACTAG,0
AGATTACTCGCATCTC,0
AGATTAGACAGAAAAT,0
AGATTAGTATATGTAA,0
AGATTAGTGGAAGATT,0
AGATTATAATTAGATA,0
AGATTATAGCAAGACG,0
AGATTATAGGACCAGC,0
AGATTCCAAGTAATAT,0
AGATTCCTAACTGATA,0
AGATTCGCTCGCAGCA,0
AGATTCTCATTAAATG,0
AGATTCTTAAATTAAC,0
AGATTGAATCTCTTCC,0
AGATTGCAGAAAAATA,0
AGATTGCCAAAACTCA,0
AGATTGCCTCAGGAAA,0
AGATTGCTAAATGCCA,0
AGATTGGAAGGTGATC,0
AGATTGTAAACATATC,0
AGATTGTAGGACAAAT,0
AGATTGTAGTAAGCGA,0
AGATTTAGAAACAAAC,0
AGATTTCAGATACATC,0
AGATTTCGCCTAACTA,0
AGATTTGAATATATCG,0
AGATTTGGCTTTACGA,0
AGATTTGTGGATGAGT,0
AGATTTTGATAATTAG,0
AGATTTTTCATATATC,0
AGCAAAAAAACAATTG,0
AGCAAAAACTAAATCT,0
AGCAAAAAGATTCCAT,0
AGCAAAAAGCGAACCT,0
AGCAAAACATCGAAAG,0
AGCAAAATCAACATGT,0
AGCAAACAGAAAATCT,0
AGCAAACCAAAGTTAT,0
AGCAAACCAGATACGC,0
AGCAAACCGATTGCGT,0
AGCAAACGTAATCTGC,0
AGCAAAGCAGCCAAAA,0
AGCAAAGTAGTTTCTA,0
AGCAAATCCCAAAAAG,0
AGCAAATGATATTAGA,0
AGCAAATTGTTAAAAA,0
AGCAAATTTACTAGGT,0
AGCAACACAAACAGTT,0
AGCAACCCAATAGTTC,0
AGCAACCGAAAGAATA,0
AGCAACCTAAGGTAGC,0
AGCAACGAGTTTAAAT,0
AGCAACGAGTTTTTCG,0
AGCAACGTCCGCGGCA,0
AGCAACTACTACTCCC,0
AGCAACTGAAAGAATA,0
AGCAACTTAGCCATAG,0
AGCAAGACATGTATTC,0
AGCAAGATGAGACAAT,0
AGCAAGCAAGTTAAGC,0
AGCAAGCTCTTGTCTC,0
AGCAAGTTCGTGGCAG,0
AGCAATACTTTCATGT,0
AGCAATAGAAATAGGT,0
AGCAATCACCCCCCAG,0
AGCAATCCATTTTCCC,0
AGCAATCGCACCTAAC,0
AGCAATGTAATCCCGA,0
AGCAATTGCATGGACA,0
AGCACAAAAATAGAAG,0
AGCACAATCAATTAAA,0
AGCACACAAGTACGAA,0
AGCACACACAGAAAAT,0
AGCACACATACCCTTA,0
AGCACAGAAAGGGAAA,0
AGCACAGTGGAAATTT,0
AGCACCAAAAAGTGCA,0
AGCACCACCACATAAC,0
AGCACCAGCAGCCCCT,0
AGCACCATTCCTTAAC,0
AGCACCCACGTTAATG,0
AGCACCCTATAGCCTG,0
AGCACCCTCGGAGGCA,0
AGCACCGACCCAGTCA,0
AGCACGAGATGCCCAC,0
AGCACGCTACCATCGC,0
AGCACGGTAACAAAAA,0
AGCACGTAGGTATCCA,0
AGCACTGATGTACACA,0
AGCACTTGAGACAACA,0
AGCAGAAAAAGCGTCT,0
AGCAGAAATTGTCAAA,0
AGCAGAAGAGCACTAC,0
AGCAGAATCATTGGCG,0
AGCAGACGCACAATCC,0
AGCAGACGGGTGGACG,0
AGCAGCAAAGTAACGT,0
AGCAGCAGTACATAAT,0
AGCAGGCCACACAAGA,0
AGCAGTCCCACAGCAT,0
AGCAGTGGCGGAGAGC,0
AGCATAAACACCCACC,0
AGCATAAATGCAACGA,0
AGCATAACAAATAGTT,0
AGCATAACACGTTATG,0
AGCATAAGCCGGACCG,0
AGCATACAACATAATG,0
AGCATACATATTGCAA,0
AGCATAGAGACTCCGC,0
AGCATAGCTATCAATT,0
AGCATATTAATACCAT,0
AGCATATTAATGCAAG,0
AGCATCAATGATAAAA,0
AGCATCCCCAGAACGG,0
AGCATCGACCAGATTA,0
AGCATCGTATTGACAA,0
AGCATCTATTACCTAC,0
AGCATGAACCTTACGT,0
AGCATGACTTGAAATT,0
AGCATGCGGATCTACA,0
AGCATGTATAATATTA,0
AGCATTAAACAGATTG,0
AGCATTAAACCCCCAA,0
AGCATTCAAACCAGTT,0
AGCATTGACTGCCAGA,0
AGCATTGTCGAACAAT,0
AGCATTTTAGAACTAT,0
AGCCAAAAAACATCAT,0
AGCCAAAACAATCATA,0
AGCCAAAATACTAATA,0
AGCCAAACGTCAAATT,0
AGCCAAATATGTTCGT,0
AGCCAACTTTAGGTGC,0
AGCCAAGAAGTACCAT,0
AGCCAATATTTCCCTG,0
AGCCAATCAGTATAGC,0
AGCCAATTAACCACTA,0
AGCCAATTTGTATTCA,0
AGCCACGAGAGGTAGG,0
AGCCACGTATCTCAGT,0
AGCCACTCATCGCAGA,0
AGCCAGAACAAAAAAA,0
AGCCAGCAACGTCCCA,0
AGCCAGCTGAACGGGA,0
AGCCATATTAAAACAA,0
AGCCATGACTTCCAAA,0
AGCCATTATAGTCTAC,0
AGCCATTGAATCTGGT,0
AGCCATTGGGTAGCAA,0
AGCCATTTTTCCTACG,0
AGCCCAAACCATGAAA,0
AGCCCAACAAAATACA,0
AGCCCAACGTATCTGA,0
AGCCCCCTGTAATGGA,0
AGCCCCGATGAAACAC,0
AGCCCCTAAGTAAAAA,0
AGCCCGACTAAAGCGC,0
AGCCCGTTGTGCACTA,0
AGCCCTTCTTCTTAGA,0
AGCCGAAAACATAGGT,0
AGCCGAAGTGACCATG,0
AGCCGAATAAGTGCCA,0
AGCCGACAACAAGGGG,0
AGCCGACGAAAGTAGG,0
AGCCGACTATCGTCCA,0
AGCCGAGACACCAAAC,0
AGCCGAGTACAAGTGT,0
AGCCGCACCAAAATAA,0
AGCCGCCCTGTTACCA,0
AGCCGGGGAAATCAAA,0
AGCCGTATGCGCGACC,0
AGCCGTCGATCCGTTT,0
AGCCGTGCACGCAGAA,0
AGCCGTGCTTCGGATA,0
AGCCGTTTAAACACCC,0
AGCCTAAAAAAACGAC,0
AGCCTAACGTTCCGGA,0
AGCCTAAGAACCCTAA,0
AGCCTAATAAAAATAG,0
AGCCTACACCCTGCCC,0
AGCCTAGACTCCTCGA,0
AGCCTAGGTACAGTTA,0
AGCCTATAACGGGACG,0
AGCCTATATCAAAAAC,0
AGCCTATATTCTCCGC,0
AGCCTCAGTGAAGGTT,0
AGCCTCCCCTCATCAA,0
AGCCTCGTAGTAAAAC,0
AGCCTCTCATTTTACA,0
AGCCTCTTTTTGCTCA,0
AGCCTGGAATATTATA,0
AGCCTGTAGAACCCGC,0
AGCCTTAAAAACTAAT,0
AGCCTTAAATCGAGCT,0
AGCCTTAGCCAACCCC,0
AGCCTTCAATATACTA,0
AGCCTTGTTACATTTT,0
AGCCTTTATTTTTAGA,0
AGCCTTTCCAGAGGGA,0
AGCGAAAAGCAAAGGC,0
AGCGAAACAAACTTTC,0
AGCGAACTCTGTTAGA,0
AGCGAAGAATCTATTA,0
AGCGAATCACAAGCAC,0
AGCGACAAACTTTAAT,0
AGCGACCAGTCGATAT,0
AGCGACCCATAAATAA,0
AGCGAGACCCAGTATT,0
AGCGAGATATCGAAAT,0
AGCGAGCGAGGGATTC,0
AGCGAGGCTTAGGGTC,0
AGCGATAAAAATATCG,0
AGCGATAAAGACTCTC,0
AGCGATCAACACAGAA,0
AGCGATCGGAAACTTT,0
AGCGATGCATATAGTT,0
AGCGATGGCTTAAAAA,0
AGCGATTATATAAAAC,0
AGCGATTTAAAATAAC,0
AGCGCAAAATCTTAAA,0
AGCGCACACCGGTCGC,0
AGCGCACGCGCAATCA,0
AGCGCACGCGTCTGAT,0
AGCGCACTAGAAAACT,0
AGCGCACTGAACTCAA,0
AGCGCAGAGTACCTCT,0
AGCGCAGTTAGAACCA,0
AGCGCATTTACTGGTT,0
AGCGCCCGTAAAGCTA,0
AGCGCCGAAACCGCGC,0
AGCGCCTGTCGCGCGG,0
AGCGCTAAACTTCATC,0
AGCGCTGAAAGTTACA,0
AGCGGAACCGCAAAAT,0
AGCGGAGATGTATCGC,0
AGCGGAGCTATAATAA,0
AGCGGATACAGTGCTA,0
AGCGGATCTAGACGCC,0
AGCGGATTTTCATGAA,0
AGCGGCAATATTTGAC,0
AGCGGCCGACATGAAT,0
AGCGGCGCTTGGTCGT,0
AGCGGCGTAGCCCGGA,0
AGCGGCTCAAGCACTT,0
AGCGGGAAAAAAAACA,0
AGCGGGGTCTTGTGTA,0
AGCGGGTCGTGGAGCA,0
AGCGGTTAGGGATAAT,0
AGCGTAAAACAGACCT,0
AGCGTAAGAGTTTATC,0
AGCGTAAGCAGCAAAA,0
AGCGTAGCTACTAGTT,0
AGCGTAGTCTTTAAAA,0
AGCGTATAAAACAGAC,0
AGCGTATATCCGAAGC,0
AGCGTCAAAACATTAT,0
AGCGTCCAAATACTAA,0
AGCGTCCAAGGTAGGC,0
AGCGTCGATTAAATGA,0
AGCGTTACCCACGATT,0
AGCGTTCAAGCACCTC,0
AGCGTTCCATTGATGA,0
AGCGTTTCGCCCTTGT,0
AGCTAAAACGGGTCGT,0
AGCTAACAATATAAAC,0
AGCTAACACTAAACGC,0
AGCTAATAAACAAATA,0
AGCTAATACACCACAC,0
AGCTAATCTAAAACTA,0
AGCTACAAATACACAA,0
AGCTACACCTCTTGGA,0
AGCTACACGTATTTCA,0
AGCTACAGATAGCATG,0
AGCTACATACGCCGAG,0
AGCTACATACTAAGTC,0
AGCTACCAGCCTTAGC,0
AGCTACGATATAATCG,0
AGCTACGGCCGATATG,0
AGCTAGAAAGCTACGC,0
AGCTAGGCCGAATGTA,0
AGCTAGTAGCCAGTCC,0
AGCTAGTTCACGCCGA,0
AGCTATAAAGTATACT,0
AGCTATGCGCCTATAC,0
AGCTCAATGGCTCATG,0
AGCTCAGTTCGAGTCC,0
AGCTCCAACCTACGCC,0
AGCTCCCCCTCCATTC,0
AGCTCCCCGGAATAGA,0
AGCTCCCTTGGCAGTG,0
AGCTCCGCTCGATCTT,0
AGCTCCTAGATGGCCA,0
AGCTCCTCCACCAATA,0
AGCTCCTTGAATGAGC,0
AGCTCGACGTGTAAAA,0
AGCTCGCCGAGGGACA,0
AGCTCGCTTTCCGTCT,0
AGCTCGGTATGCACCA,0
AGCTCGGTGAAAACAA,0
AGCTCTTAACTAGAGT,0
AGCTCTTAATAACCAA,0
AGCTGAAAGAAGCTGT,0
AGCTGACAGAACGAAT,0
AGCTGAGTTCTTGCCT,0
AGCTGCATTAGTACAG,0
AGCTGGAATCCGAGTC,0
AGCTGGACCAAAGATA,0
AGCTGGAGAGAAGACA,0
AGCTGGCCAGAAACTA,0
AGCTGGCCCAGTCTGA,0
AGCTGGCGAAAGACAT,0
AGCTGTAAAAATATCC,0
AGCTGTCCACCGACGC,0
AGCTTAAAGAATTACT,0
AGCTTAAAGCACTTGT,0
AGCTTAAGAATACAAC,0
AGCTTACGTTGACTAC,0
AGCTTAGTCAACGGAA,0
AGCTTATCTAACACCA,0
AGCTTCAGTCTTCGCG,0
AGCTTCGCCTCCCACA,0
AGCTTCGCGGCAATCT,0
AGCTTCGTTAAACTAA,0
AGCTTCTTTATAAGCG,0
AGCTTGACGTCGATTT,0
AGCTTGCCTGGATCAG,0
AGCTTGTCATCATGAA,0
AGCTTGTCCGAAAATT,0
AGCTTTAATCAAATCT,0
AGCTTTCAGAACGACG,0
AGCTTTCTGCAAAGTG,0
AGGAAAAACACACTCG,0
AGGAAAACAAGCGGGG,0
AGGAAAACACAGCAGT,0
AGGAAAAGCAAGAAGA,0
AGGAAACCGCTATGTA,0
AGGAAACTGTAGATAG,0
AGGAAACTTTCACAAT,0
AGGAAAGCGAAATAGT,0
AGGAAAGGCGGGGCTT,0
AGGAAAGTAATCTAAC,0
AGGAAATAAAGGATAG,0
AGGAAATACTAAATGC,0
AGGAAATCATGGATTA,0
AGGAAATTTTGATGAA,0
AGGAACAATCGTCTCC,0
AGGAACCCCATCAAAA,0
AGGAACCGTGTGTTTT,0
AGGAACCTAACGATGG,0
AGGAACGCCCCTCCAG,0
AGGAACGTATAAAACG,0
AGGAACTCGCACGAAA,0
AGGAAGACAATCAGAA,0
AGGAAGCGAACGTTTC,0
AGGAAGTGTCAACAAA,0
AGGAAGTTCCTAATGT,0
AGGAATAACTTTGACC,0
AGGAATACTATACGGA,0
AGGAATAGTATACCCA,0
AGGAATATACATATAA,0
AGGAATTAACAAAAAA,0
AGGAATTTAGTGTTGG,0
AGGACAAAATTCAAAA,0
AGGACAAGCTCCGATC,0
AGGACAGGAGCCTCAG,0
AGGACATCACAAGGAT,0
AGGACATCGACGGCTA,0
AGGACATTACAATATT,0
AGGACCACCATGCATG,0
AGGACCATTACTCAAA,0
AGGACCCACTCACCCA,0
AGGACCCACTCCCTGG,0
AGGACCGACTTTTTGA,0
AGGACCGATTGTAAAA,0
AGGACCGCAAAACCCG,0
AGGACCGCCATGCATG,0
AGGACCTATCGGCTAG,0
AGGACGATTTGAGATA,0
AGGACGCCTATATGGT,0
AGGACGTGAGGCACAT,0
AGGACTAACAGATATA,0
AGGACTACGTATACCA,0
AGGACTGACTACTGGA,0
AGGACTGAGTTACACA,0
AGGAGAAAAAATGCAA,0
AGGAGACCCTAAACCT,0
AGGAGACTAAAATCAC,0
AGGAGAGAGCTCCTTC,0
AGGAGAGCTACGACGC,0
AGGAGAGTTCAACAGA,0
AGGAGATACGATAGCT,0
AGGAGATATAGCACTA,0
AGGAGATATGATATCC,0
AGGAGATGAGAAAAGA,0
AGGAGCATATACTCAC,0
AGGAGCCCAAGGAAAC,0
AGGAGCTCACACCATC,0
AGGAGGGCGTCTCAAT,0
AGGAGTAACCCATAAA,0
AGGAGTCCCCCCAATG,0
AGGAGTCTTATACTAC,0
AGGAGTTGAAGCAGAG,0
AGGATAAACCATCTCC,0
AGGATAAAGACGTATG,0
AGGATAAAGGTTCCCA,0
AGGATAAATGATAGGA,0
AGGATAAGCATATAGA,0
AGGATACTCAACAGAC,0
AGGATAGGGAGAACAT,0
AGGATATAGCTCGATT,0
AGGATATCCAGCCGAT,0
AGGATCACTCCCTACT,0
AGGATCATGAAACCAA,0
AGGATCCAATCTAGCG,0
AGGATCCTTGAGGATA,0
AGGATGAAAAGACCCA,0
AGGATGGCATAACAAT,0
AGGATGGGTTCTCAGG,0
AGGATTCAGCATCCTA,0
AGGATTCGACGCCTGG,0
AGGATTCGAGTCCCCT,0
AGGATTCGCATTTAAA,0
AGGATTTCCTGAATCC,0
AGGCAAAAGAGCTAGA,0
AGGCAAATACGTAATG,0
AGGCAACAGCAATAAT,0
AGGCAACCGCTCACGA,0
AGGCAACTCATAAAAA,0
AGGCAAGCCACTTAGA,0
AGGCAAGCTCAAAAAA,0
AGGCAAGTAACCCAGT,0
AGGCAATAACACGTGC,0
AGGCACAAAAAGGACT,0
AGGCACAAAATACTAG,0
AGGCACACGAGAAATA,0
AGGCACTAATCCTGAA,0
AGGCACTCCCAGACAC,0
AGGCAGACCTGGAAGA,0
AGGCAGCTGACATATT,0
AGGCAGGAAACCCGAG,0
AGGCAGTTAGAAGGTT,0
AGGCATAGATAGGCGA,0
AGGCATTATCCCAAGG,0
AGGCCAACTCGATAAT,0
AGGCCACGTATATATA,0
AGGCCATTTTCACATT,0
AGGCCCAAATTGGCTT,0
AGGCCGAGTCAATATA,0
AGGCCGATAATCGCCA,0
AGGCCGCTAATAAATT,0
AGGCCGTCTTAGACAA,0
AGGCCTGCACAATCGA,0
AGGCCTGTATGTCAGA,0
AGGCCTGTGACAACAG,0
AGGCGACAAACCAAGT,0
AGGCGATATCGTCGTA,0
AGGCGATTTTTCGACC,0
AGGCGCAGAGACGCGA,0
AGGCGGACCTAACCCA,0
AGGCGGAGTGAGTTCT,0
AGGCGGTAGTTATGCA,0
AGGCGTACTTCAGAAT,0
AGGCGTCTTGCATGCC,0
AGGCGTTGAGTTATCC,0
AGGCGTTGTCAAAGAT,0
AGGCTAAAGTTCCTCG,0
AGGCTACCTCTGTGAG,0
AGGCTACTAGGGTACA,0
AGGCTAGCTCACCGTG,0
AGGCTATAAGTCGAAA,0
AGGCTATTAACATGCC,0
AGGCTCTGCCTTGAGC,0
AGGCTGAATTAACCGG,0
AGGCTGCTCTACGTAA,0
AGGCTGGACGCGCTGT,0
AGGCTTAAATAGACAT,0
AGGCTTATAAAGCAGT,0
AGGCTTCCGAGCTGGA,0
AGGCTTCGGTATTAAA,0
AGGCTTCTCAAACAGT,0
AGGCTTGGTCGGCCAT,0
AGGCTTTTAACAGGTA,0
AGGGAACCGGACCACT,0
AGGGACACGAGATTCT,0
AGGGACAGTACCGGAT,0
AGGGACCATATTAAAT,0
AGGGACCCGAAAACAA,0
AGGGACCTTTCGCACC,0
AGGGAGATATTTACGG,0
AGGGATGGGATGATCC,0
AGGGCAAATACATCTA,0
AGGGCACAATTTACAG,0
AGGGCACTCACGCACT,0
AGGGCAGTCCCACGGA,0
AGGGCATACCTACATC,0
AGGGCATCAAGACCAA,0
AGGGCATTCTGTACAG,0
AGGGCGACGAATGTAT,0
AGGGCGAGGACATGTG,0
AGGGCTCGGCAAATAA,0
AGGGCTCTCCATCTGC,0
AGGGCTTATCACGAAC,0
AGGGGACCCGAAGACG,0
AGGGGACCGATACTAG,0
AGGGGAGAAAAAAAAC,0
AGGGGATGTGTCACAT,0
AGGGGCAAACCCATCA,0
AGGGGCAGTCTCACCA,0
AGGGTAACAAATTGGT,0
AGGGTACGCAAGCCTA,0
AGGGTACTATAGCTAA,0
AGGGTATAAACGTACG,0
AGGGTCAAAGAAACGA,0
AGGGTCCGTTAATGTA,0
AGGGTGATAATTAAGA,0
AGGGTGATTCTGAACG,0
AGGGTGTGCTAGTGAA,0
AGGGTGTTTATGGAGG,0
AGGGTTACGAGACCTG,0
AGGGTTTAGAATATAA,0
AGGGTTTCCTGGAATA,0
AGGGTTTTACGCCTTT,0
AGGTAACAACATGTTA,0
AGGTAACATCTACTAC,0
AGGTAACCAGGCAAGT,0
AGGTAACGGCGCCGTA,0
AGGTAAGCAATGCCCA,0
AGGTAATAAATCACCC,0
AGGTACAACTAGACAA,0
AGGTACCCGCCCTTTA,0
AGGTACCGACACCAGA,0
AGGTACCGGCCTGATT,0
AGGTAGATAAACAGGA,0
AGGTAGGCTTCCGCCA,0
AGGTATCACACGGCAC,0
AGGTATCTCAGAAGTA,0
AGGTATGAACGAAATA,0
AGGTATGCTGGTAAAC,0
AGGTATTACCCAAAAG,0
AGGTATTACGAGTGAT,0
AGGTATTCAAAGAAGA,0
AGGTATTGCATGAACA,0
AGGTCACAACTCAAAG,0
AGGTCAGAAGTGCACA,0
AGGTCATTAGTCTAAT,0
AGGTCCATTTAAGAAG,0
AGGTCCCATGTCCCTC,0
AGGTCGACGATAAGGA,0
AGGTCGATAGCGGACT,0
AGGTCGCTATATCTAA,0
AGGTCGTGGTCTAATG,0
AGGTCTAGCACCCACG,0
AGGTCTATATTATGAC,0
AGGTCTGCCATGGTAA,0
AGGTCTGCTGTCTTCA,0
AGGTCTTGGTAACGCG,0
AGGTCTTTGGCAACTA,0
AGGTGAAGCAAGATTC,0
AGGTGACACAATACTT,0
AGGTGACAGTATTGTG,0
AGGTGAGTTGGCCAGA,0
AGGTGCTAACAACGCG,0
AGGTGGATGAAAGGGC,0
AGGTGTATAGGCACGA,0
AGGTGTCACAGCTACT,0
AGGTGTCCCTATTTAC,0
AGGTGTTTTTAGGGAA,0
AGGTTAAACAGCTACC,0
AGGTTAACTCCAACAT,0
AGGTTAGACAGACATC,0
AGGTTAGTCAGAGTTA,0
AGGTTATAAGCTTCAC,0
AGGTTATATAGATCAT,0
AGGTTATATGCTAATA,0
AGGTTATTCAACCATT,0
AGGTTCTCGCAGTCAA,0
AGGTTGCAGGGGTAAA,0
AGGTTGTTCTTGTCCA,0
AGGTTTGTACGATTAA,0
AGGTTTGTCCACAAGA,0
AGTAAAAGAGTATTAC,0
AGTAAAATACCGAAGC,0
AGTAAAATATATATAA,0
AGTAAACATAGGCAAT,0
AGTAAACTTTACTTTC,0
AGTAAAGAAATCACAT,0
AGTAAAGACACACAAG,0
AGTAAAGATTGGTGAG,0
AGTAAAGGAACTCTAT,0
AGTAAAGTATAGATCT,0
AGTAAATCGCTATGGA,0
AGTAAATTCCCCCTAT,0
AGTAACAACTACGTCT,0
AGTAACCAAAAATACA,0
AGTAACCAAGAGTATT,0
AGTAACCAGAATATAA,0
AGTAACCCCCTTACCG,0
AGTAACCCTAAAACCA,0
AGTAACGACACACGAG,0
AGTAACGAGACTGACC,0
AGTAACGTACTATGTG,0
AGTAACGTGGTCACAA,0
AGTAACTATTTGACGA,0
AGTAAGAAGAATAACA,0
AGTAAGTAACCAAAGA,0
AGTAAGTCGACTCGAG,0
AGTAATAATATTTTGC,0
AGTAATACCGTCTAAC,0
AGTAATAGAAGACCGT,0
AGTAATATGCAGCTAG,0
AGTAATCACCGAAATA,0
AGTAATCATTTGATTT,0
AGTAATCTGCTTGAGT,0
AGTAATGGACGTACCC,0
AGTAATGTTGGTGCGG,0
AGTAATTATCTCGCAG,0
AGTAATTGGAGACTCG,0
AGTACAAAATCACATA,0
AGTACAACAATTGCAT,0
AGTACAACACAAATCA,0
AGTACAAGAGAGGAGA,0
AGTACAAGGCACCAGG,0
AGTACACGATGGTTAA,0
AGTACACTATAGACTA,0
AGTACATAGCTAATTT,0
AGTACCAGTGCTAAAA,0
AGTACCTCGCTAACAA,0
AGTACCTGCGAATAAG,0
AGTACCTGTGATAAAC,0
AGTACCTGTTGACCTC,0
AGTACGAATACATAAT,0
AGTACGACACCATTAC,0
AGTACGAGGATCATAA,0
AGTACGCGTAATAAAA,0
AGTACGGCAGCTGCCG,0
AGTACGTTTAAGTCCG,0
AGTACTAGACTTTAGC,0
AGTACTAGGTAATATC,0
AGTACTCAGTAATGCG,0
AGTACTCTAAGCGAGT,0
AGTACTGGTCCTAAAC,0
AGTACTTAGAACAGAG,0
AGTACTTCGGACAACC,0
AGTACTTGGTCAAACT,0
AGTACTTTTGCGATAC,0
AGTAGAAACGTAAATA,0
AGTAGAAATAAAGAGA,0
AGTAGATCCTATTCCA,0
AGTAGATGGCTGAAAT,0
AGTAGCCACGATTAAT,0
AGTAGCCCTCAATCAA,0
AGTAGCTAATAAGAGA,0
AGTAGGCCTAGCCCAC,0
AGTAGGTGGACACAAA,0
AGTAGGTTATGAAAAC,0
AGTAGTAAGGCGCTGA,0
AGTAGTCACCATGGTC,0
AGTAGTGAAAATACAA,0
AGTAGTGATGCTTGGC,0
AGTAGTTAAAATATAC,0
AGTAGTTAAAGAACAT,0
AGTAGTTCGACACAGG,0
AGTAGTTCTGAGCTTC,0
AGTATAAAAATCTATG,0
AGTATAAACGTCATGG,0
AGTATAACAACACCAA,0
AGTATAATAAGTCAAC,0
AGTATAATGATCTACA,0
AGTATACTCATGGAAT,0
AGTATAGCATCCATTC,0
AGTATATAAATTAGCA,0
AGTATATCAGATATAA,0
AGTATATTAATACACC,0
AGTATCAATCACTATG,0
AGTATCACCCGTTCGA,0
AGTATCCAATACAAGT,0
AGTATCCTTCTTAGCT,0
AGTATCGACCCAGGGC,0
AGTATCTACTGATACT,0
AGTATCTATATATTGC,0
AGTATGAAATCCAGGC,0
AGTATGAACTCGCAGT,0
AGTATGATCTACAGAT,0
AGTATGCCCAGAAAAA,0
AGTATGGCTGAGAGGT,0
AGTATGTAGCTTTAGC,0
AGTATTACTATAGTCA,0
AGTATTAGTCGCATAA,0
AGTATTGCGGCCTCCT,0
AGTATTTCGGTAGGAC,0
AGTATTTTATACCTCT,0
AGTCAAACAAAGTTTG,0
AGTCAAATCAATTAAT,0
AGTCAAGAAAAAATGC,0
AGTCAAGCATGTCATA,0
AGTCAAGCTAAAAGTT,0
AGTCACACAACTTGCA,0
AGTCACACGGACAGTC,0
AGTCACCACACACGTG,0
AGTCACCACTACCCTA,0
AGTCACCCGTATCTAA,0
AGTCACCCTGGGTAGG,0
AGTCACTTTACACAAT,0
AGTCAGCAAAACAATA,0
AGTCAGTTGACAGGAC,0
AGTCATACCGCTATCC,0
AGTCATCGATAAATTC,0
AGTCATGGTCCTGGTT,0
AGTCATTAACTGGTTG,0
AGTCCAAACTCCAAAC,0
AGTCCAACCGAAATCC,0
AGTCCACAAGCTTACC,0
AGTCCATCGTTAACAT,0
AGTCCATTAATTATCC,0
AGTCCCAACGAAATAG,0
AGTCCCATTTGATTAC,0
AGTCCCGCCTGGTAGG,0
AGTCCCGTCTTATAAA,0
AGTCCCTAGCCCGCAC,0
AGTCCCTTGCAATATA,0
AGTCCGCAGACTAATC,0
AGTCCGCAGTCATACC,0
AGTCCGTCGGGCAGAT,0
AGTCCTAATATGGGGG,0
AGTCCTACAAAATCAA,0
AGTCCTCTTTGGTGTT,0
AGTCGAAAATCTATCG,0
AGTCGAATAAAATTGT,0
AGTCGAATGTTCTCGG,0
AGTCGAATTAACGATT,0
AGTCGACGTCAAAGAC,0
AGTCGAGGCTACCCCT,0
AGTCGCAAAATACAAA,0
AGTCGCAAACCACAGC,0
AGTCGCTACCAATAAA,0
AGTCGCTAGACATAGA,0
AGTCGCTATTACGCCA,0
AGTCGCTGCGGATTAC,0
AGTCGGCAAAAAACCT,0
AGTCGGCAAACTGTTA,0
AGTCGGGGGTGATAAG,0
AGTCGTGATCAACCGG,0
AGTCGTGGCCACGAAT,0
AGTCGTTTTGAAACGA,0
AGTCTAACCAACTAAG,0
AGTCTAATCGAGTACG,0
AGTCTAATTAAGTAAC,0
AGTCTACCCCTCGATT,0
AGTCTACTCTGATAGA,0
AGTCTATAGTTAATTA,0
AGTCTCCAAATCATGT,0
AGTCTCCAATTCCAAC,0
AGTCTCTTGAACAAGG,0
AGTCTGAGACTTAAAC,0
AGTCTGCCATATTCTA,0
AGTCTTAGGCGCGGAA,0
AGTGAAAAACGCAAGA,0
AGTGAAAATGCCAATG,0
AGTGAAACTTTACGAA,0
AGTGAAATTACCGATA,0
AGTGAACATCGAGAAC,0
AGTGAACTTGAGCCCG,0
AGTGAAGAAAAATGAT,0
AGTGACAATAAACCTC,0
AGTGACAATCGCGCGC,0
AGTGACAGATATTGAA,0
AGTGACCACTCCAAGC,0
AGTGACTGGCTATCCC,0
AGTGAGCGCCGATCAT,0
AGTGAGGGGAAATTTC,0
AGTGAGTAAGAGCTTC,0
AGTGATAAAAAAGATG,0
AGTGATAACTATATAA,0
AGTGATAGTAGGTGGA,0
AGTGATATCATTCCAA,0
AGTGATCGATCCCGGA,0
AGTGATTAATTTTTCA,0
AGTGATTCTAATTCCA,0
AGTGCAAAAGCTTGGC,0
AGTGCAAAGGGTGTCC,0
AGTGCAAGAAGGGCCG,0
AGTGCCATTCATCCCA,0
AGTGCCGAATGAATCC,0
AGTGCGATCATAACGC,0
AGTGCTATTGCCAGGA,0
AGTGGAAAAATTTATA,0
AGTGGATATGCAATGG,0
AGTGGCACACCTAGAT,0
AGTGGCCCGAATCGAG,0
AGTGGCTTTATAGGAA,0
AGTGGTTATTAATCCT,0
AGTGTACAGAAAACAA,0
AGTGTACCACTTAATG,0
AGTGTACTCCAAGAAA,0
AGTGTAGAATATCGTG,0
AGTGTCAAATATTACT,0
AGTGTCACAGCTACCA,0
AGTGTCACTACTAAAT,0
AGTGTCTAAACAATAG,0
AGTGTGAAATGCTAAC,0
AGTGTGGCAGAGAAAA,0
AGTGTGTTTAATCTCT,0
AGTGTTATCCTAGGGG,0
AGTGTTCACTAACACT,0
AGTTAAAAAAAGTACT,0
AGTTAAAAACAGCGAG,0
AGTTAAAAACATACCA,0
AGTTAAAATACACACT,0
AGTTAAAGAACGTTGT,0
AGTTAAAGAAGTATGA,0
AGTTAAAGCTGCAGAC,0
AGTTAACCGATGGATA,0
AGTTAACCTTTATACA,0
AGTTAAGACATATTAA,0
AGTTAAGCTTATATGT,0
AGTTAAGGGCAGCATT,0
AGTTAATCAATTCAGA,0
AGTTAATGCTAAAGAG,0
AGTTACAACTTGCAAG,0
AGTTACAATCGAATAA,0
AGTTACAGACGTGCAA,0
AGTTACATAGGTCTTA,0
AGTTACCAAACCTAAA,0
AGTTACTACCACTTAT,0
AGTTAGTACGGTTGAA,0
AGTTAGTGCTAGCCTG,0
AGTTAGTGGCGGTCCC,0
AGTTATCACCTTATTA,0
AGTTATCAGGTTGATT,0
AGTTATCGTTAACAGC,0
AGTTATCGTTGTTAAT,0
AGTTATCTACTCTTGA,0
AGTTATCTTATAAGAC,0
AGTTATCTTTAAACAA,0
AGTTATGATCCAATCC,0
AGTTATGTTCATCTAT,0
AGTTATTATACATTAA,0
AGTTATTTCCTGTCAC,0
AGTTCAAACGGTCCCA,0
AGTTCAAATCATGGCA,0
AGTTCAAATTGGCCCT,0
AGTTCAAGTTAGCGGC,0
AGTTCATGGACCCGAT,0
AGTTCCAAAAGCACGC,0
AGTTCCGGGTCAGTAA,0
AGTTCCTAAGATAGGC,0
AGTTCCTTACCGACTA,0
AGTTCGCGCATATGCA,0
AGTTCTAACCTACGCT,0
AGTTCTAAGGCGAACA,0
AGTTCTGTGCTACTCG,0
AGTTCTTGTTTAAGAT,0
AGTTGAAAACACAATC,0
AGTTGAAACAAATTTT,0
AGTTGAAGTTTGTGGA,0
AGTTGACCAGGCAAAA,0
AGTTGAGCAGGGTGGC,0
AGTTGAGCTTATATGT,0
AGTTGATAGAACCGTT,0
AGTTGCGTCTAAATGG,0
AGTTGCTAGTTAACTT,0
AGTTGGTAGGACAAAA,0
AGTTGTAAACAAACTT,0
AGTTGTAAATTCAGAC,0
AGTTGTCCCCTGTAGC,0
AGTTGTCTAATATACA,0
AGTTGTGAGCCCACAA,0
AGTTGTGTCGACCCAA,0
AGTTTAAATTGTCGAG,0
AGTTTACTATTAAAAA,0
AGTTTATGTCTACATC,0
AGTTTCAACCGGGACC,0
AGTTTCACGACACAAT,0
AGTTTCATCTCAGTAA,0
AGTTTCCGAAAGAATC,0
AGTTTCGAATAATTAG,0
AGTTTGAATTGTCGAG,0
AGTTTGAATTGTCGCA,0
AGTTTGTAACGTGATG,0
AGTTTGTACAAAAACA,0
AGTTTGTATCAGGCAG,0
AGTTTGTCCTATGCAT,0
AGTTTGTTGGCTGTAA,0
AGTTTTAATCACCAAT,0
AGTTTTAGTATTTACC,0
AGTTTTATCATTTAGC,0
AGTTTTGCAATATGAG,0
AGTTTTTAAAAAAGAT,0
ATAAAAAACAGACACA,0
ATAAAAAACGTAGAGG,0
ATAAAAAACTTATAAA,0
ATAAAAAATCATAGCG,0
ATAAAAACAAGTAATA,0
ATAAAAACAGCTCGCA,0
ATAAAAACTGCTGTGA,0
ATAAAAACTTGCGACC,0
ATAAAAAGCGGATACA,0
ATAAAAAGTAGTGGTC,0
ATAAAAATAGCCATGG,0
ATAAAAATCTCAAGCT,0
ATAAAACAACCTAGAG,0
ATAAAACAATCATTTA,0
ATAAAACATGCATACC,0
ATAAAACCAAGGCCAG,0
ATAAAACGTTTCATTA,0
ATAAAACTAAGAAAAG,0
ATAAAAGAAAATTGAA,0
ATAAAAGAACACCAAT,0
ATAAAAGAGTATTGCC,0
ATAAAAGATAGCTAAG,0
ATAAAAGCAAATGGCG,0
ATAAAAGGAAGTCGGT,0
ATAAAAGTTAGGATAT,0
ATAAAATAAAGTTAGC,0
ATAAAATACAGACCGG,0
ATAAAATCCAAATAGG,0
ATAAAATCCAACAAAA,0
ATAAAATCTGTACCAC,0
ATAAAATTGCCAAACG,0
ATAAACAAAAACAGTT,0
ATAAACAAAGGTGACG,0
ATAAACAAGACGCCAA,0
ATAAACACAAAAGGAG,0
ATAAACACCCATAATT,0
ATAAACACCTTTTACT,0
ATAAACAGACTTTAGC,0
ATAAACAGGGGAGTGA,0
ATAAACCAAACAGCAT,0
ATAAACCAAATTGAAT,0
ATAAACCATAAGGACA,0
ATAAACCCACACATCA,0
ATAAACCCACGATAAT,0
ATAAACCCCTCTTTCA,0
ATAAACCTACACAGAC,0
ATAAACCTGCTTGTTG,0
ATAAACCTTCGACGAA,0
ATAAACGATGCGGGGA,0
ATAAACGCGTGAAGTC,0
ATAAACGGTAGCTAAA,0
ATAAACGTATAGAGTT,0
ATAAACTACACCTAAG,0
ATAAACTATTTAATAA,0
ATAAACTTCATTAGAT,0
ATAAACTTGAGTGACA,0
ATAAACTTTGTGTGCT,0
ATAAAGAAAATAATAT,0
ATAAAGAAACAAACGA,0
ATAAAGAAGTATATAA,0
ATAAAGACCGTAGATT,0
ATAAAGAGAATATCTA,0
ATAAAGATACCAAATC,0
ATAAAGCATGGCAAAT,0
ATAAAGCCGCAAATAG,0
ATAAAGTGAAACGTAC,0
ATAAAGTGTTGCAAGT,0
ATAAAGTTTGACATGA,0
ATAAATAACACGAACA,0
ATAAATAACTCTAAAA,0
ATAAATATAATATCGA,0
ATAAATATTCCACAGC,0
ATAAATATTGCTCAAT,0
ATAAATATTTTGAGCT,0
ATAAATCAAAATGAAA,0
ATAAATCAAGATCAGA,0
ATAAATCCAACGCGCA,0
ATAAATCCATCATATA,0
ATAAATGAGTCATGAA,0
ATAAATGCAGCCAGCA,0
ATAAATGCAGGACACG,0
ATAAATGGAAGACAAC,0
ATAAATGGCAAATTTT,0
ATAAATGGTATAGTGC,0
ATAAATGTCGAGAAAA,0
ATAAATTACACACGAG,0
ATAAATTATATCAACT,0
ATAAATTTAAATTGAA,0
ATAACAAAAATGACGT,0
ATAACAAAGGACAAAA,0
ATAACAAAGGTCCCGC,0
ATAACAAAGTACAATT,0
ATAACAAAGTTCGGTG,0
ATAACAAATGCTTAAG,0
ATAACAACCATTTATA,0
ATAACAACCCTCAGCC,0
ATAACAAGCCCTATTC,0
ATAACAATAAATAAAC,0
ATAACAATTGTTTCCG,0
ATAACACATACTTTAT,0
ATAACACATTACGATG,0
ATAACACCACACCCTC,0
ATAACACGACCTCGCA,0
ATAACACTTAGTAATG,0
ATAACAGGATAGCATC,0
ATAACAGGCTACAAAG,0
ATAACAGTATTCAGTA,0
ATAACATACCTGACAG,0
ATAACATACTGTATTA,0
ATAACATCATGGCAAA,0
ATAACATTCAACCTAA,0
ATAACCAAGTAATAGG,0
ATAACCAATGGGCGAC,0
ATAACCACAGCTGGTC,0
ATAACCACTATCTGGA,0
ATAACCAGAACTTCCG,0
ATAACCAGTGAGGACT,0
ATAACCATACTGCTGT,0
ATAACCATATCTTACC,0
ATAACCATGAATATAA,0
ATAACCCACATCTATC,0
ATAACCCATCAGGACG,0
ATAACCCTATTCACCA,0
ATAACCTCTGCCAGCG,0
ATAACCTTATGCGACC,0
ATAACCTTGTCGAAAA,0
ATAACGATAAACACAA,0
ATAACGATAGCTCGTA,0
ATAACGCATAAAGTTG,0
ATAACGGGACAAGCCA,0
ATAACGTACATATGAC,0
ATAACTAGAATTTTTT,0
ATAACTAGACAGCACT,0
ATAACTAGGAAGGAGT,0
ATAACTCAATGGATAC,0
ATAACTCTACAAGTCC,0
ATAACTGGCTTAATAT,0
ATAACTGTATTAGATT,0
ATAACTTACCCTAGAC,0
ATAACTTATATGAGCG,0
ATAACTTCTGATTAAT,0
ATAACTTCTTCAAAGA,0
ATAACTTGGAAATATT,0
ATAACTTGTTTTAAAT,0
ATAACTTTACATCGTA,0
ATAAGAAAAAAAAAAA,0
ATAAGAAAACAACTTT,0
ATAAGAAAGTGAGAGA,0
ATAAGAACCAACAAAA,0
ATAAGAATGTTCAAGA,0
ATAAGAGCACAAACAA,0
ATAAGAGGTAGAGTAT,0
ATAAGAGTAGAAAAGA,0
ATAAGATAATTCCCCA,0
ATAAGATATGTTTCAA,0
ATAAGCAACAAATAGA,0
ATAAGCATACGTAAAC,0
ATAAGCCGGAGTGAAT,0
ATAAGCCTAACCTATT,0
ATAAGCTAACTCTGCA,0
ATAAGCTAATGCAAAA,0
ATAAGGAGCAATTATA,0
ATAAGGAGCTCTTGGG,0
ATAAGTAACAGGTATA,0
ATAAGTAAGGACAAGA,0
ATAAGTAGAAGCAAAC,0
ATAAGTATAATCTCTC,0
ATAAGTATCCCAAAGT,0
ATAAGTATTACTAATC,0
ATAAGTATTCCTTCAC,0
ATAAGTCAACAACATC,0
ATAAGTCAGGATGTGA,0
ATAAGTGCCACCCTAA,0
ATAAGTTCCACTATTA,0
ATAAGTTGCCTTGCAA,0
ATAATAAAAATTTCAA,0
ATAATAACAGATATAT,0
ATAATAACATACTTAA,0
ATAATAACCTATCTCT,0
ATAATAAGAAAATCAC,0
ATAATAATAGCTCGTT,0
ATAATAATATCGGAAA,0
ATAATACAATAACAAG,0
ATAATACAATATCCAC,0
ATAATACAGAAAGAAC,0
ATAATACATTGTTCAA,0
ATAATACCCTAGCTTA,0
ATAATACGGGGAACTC,0
ATAATAGACAACAAAC,0
ATAATAGACAGGCTTA,0
ATAATAGCAGCCCAGG,0
ATAATAGGTAGCCATG,0
ATAATATACAAACATC,0
ATAATATAGAAACATA,0
ATAATATAGCGCTTAG,0
ATAATATAGGCGATAA,0
ATAATATATGTAATAA,0
ATAATATCATATGATG,0
ATAATATCCGGGAAAA,0
ATAATATGAAAATTAT,0
ATAATATGCCAGCAAT,0
ATAATATGGCCAGATA,0
ATAATATTGCTTTGTA,0
ATAATATTGGAATATC,0
ATAATCAAACATACTA,0
ATAATCAACGATGATC,0
ATAATCAAGAAACAAT,0
ATAATCAATGATTAAT,0
ATAATCATCACTCTTT,0
ATAATCATGCCGATAA,0
ATAATCCAAACAATAT,0
ATAATCCATCTAACAA,0
ATAATCCGAGATGTAT,0
ATAATCCGAGGACAAT,0
ATAATCCGCGTCACTA,0
ATAATCGGAACTAAAT,0
ATAATCGGCCTCATAA,0
ATAATCGTCATCAAGA,0
ATAATCTACCGTAAGA,0
ATAATCTACTATGACA,0
ATAATGAAAAATAAGT,0
ATAATGACTACACTTA,0
ATAATGCAATATATTC,0
ATAATGCACTCAAGAA,0
ATAATGCCACCCACAA,0
ATAATGGAACATACAC,0
ATAATGTAATGACTAG,0
ATAATGTAGATAGATG,0
ATAATGTCCTCGAACG,0
ATAATGTGAATCTTTC,0
ATAATTAAATTTATCG,0
ATAATTACGTATAGCT,0
ATAATTAGAACAAGCG,0
ATAATTATGAACTATT,0
ATAATTATTCTCAAAG,0
ATAATTATTTAAATAC,0
ATAATTCACAGTAAAA,0
ATAATTCCTTCGTGCT,0
ATAATTCGGCATGGGT,0
ATAATTCTACGATGAA,0
ATAATTGCGTTATGTC,0
ATAATTGTTCTAATTT,0
ATAATTTATGCAACAC,0
ATAATTTTGTCTGTAA,0
ATAATTTTTGGGCAAA,0
ATACAAACACGATTCT,0
ATACAAAGATGGATGG,0
ATACAAAGGATTAGAT,0
ATACAAAGTACAAAAT,0
ATACAAAGTTTGATAA,0
ATACAAATTCTCCGGT,0
ATACAACAGACAACAC,0
ATACAACGTTGAAACC,0
ATACAAGGAGGAGTTA,0
ATACAAGGTTGAAGGA,0
ATACAATCAAATAAAT,0
ATACAATCAGGTTGCT,0
ATACAATGAAGGAAGG,0
ATACAATGATATTGCA,0
ATACAATTATGAAGGG,0
ATACACAAAGTAATCC,0
ATACACACATTTGCCA,0
ATACACACTGGGTGCG,0
ATACACATCGCGTATT,0
ATACACCCTTTGCAGA,0
ATACACCTCCATAGGC,0
ATACACGTTTTGAGCG,0
ATACACTAAAAATAAA,0
ATACACTTAGAGAAAA,0
ATACAGAAGCAAATCA,0
ATACAGACCAAGAAAA,0
ATACAGACTTTATGGG,0
ATACAGATGCACTTAG,0
ATACAGCACCGAAAGC,0
ATACAGCGGCATGCCG,0
ATACAGCGTTTCTCTT,0
ATACAGGCCCCTCCAC,0
ATACAGTTATTCTAAA,0
ATACATAAGAATTATA,0
ATACATACAGTCAGAC,0
ATACATACCTTATGCC,0
ATACATAGCCGGGTTA,0
ATACATAGCTAGTCAG,0
ATACATAGGGCTAACG,0
ATACATCCTAATGTGA,0
ATACATCTTTACCTAT,0
ATACATGATCGAATCG,0
ATACATGATTCAACTC,0
ATACATTAAAAATTAA,0
ATACATTAAACGGACA,0
ATACATTAGATTTGCC,0
ATACATTATCTCGATC,0
ATACATTGACGAGCAA,0
ATACATTGATGGTATT,0
ATACATTGTGGACGGC,0
ATACCAAAACGTTCAC,0
ATACCAAGCTGTAAGA,0
ATACCACAAAATACTT,0
ATACCACGGTGCTTAG,0
ATACCAGAAGAAAGAT,0
ATACCATCTAACAATT,0
ATACCATCTGCTCGGA,0
ATACCATCTTCTTAGC,0
ATACCATTGCTAAAAC,0
ATACCCAAAATACGAT,0
ATACCCACTCAACTTA,0
ATACCCAGGGCAGATG,0
ATACCCCCCAGATATT,0
ATACCCCGAGCCCAAA,0
ATACCCCGCAGATATG,0
ATACCCGGGTCCGGGC,0
ATACCGAGTCATCCGG,0
ATACCGGTCAGATAAG,0
ATACCGTAATTCTCAC,0
ATACCGTAGCGACACC,0
ATACCGTGGTAACCAC,0
ATACCGTTAGTAGGGA,0
ATACCTAACGAGTTAC,0
ATACCTAAGTACAAAT,0
ATACCTACCGCAACAC,0
ATACCTAGTTTATAAA,0
ATACCTCAAGATGCCG,0
ATACCTCAGAGACGGG,0
ATACCTCCCGACAAGT,0
ATACCTGAGCTTAATT,0
ATACCTGCTATCCTGG,0
ATACCTGGAAACTATC,0
ATACCTTAATTCTTCC,0
ATACGAAACGATATTT,0
ATACGAACGGTCTTGG,0
ATACGAAGACGAAAAT,0
ATACGAAGTGAGGCAC,0
ATACGAGCGACTCTCC,0
ATACGATATATCAACA,0
ATACGATCCCTCCCGA,0
ATACGATTCATCAGTT,0
ATACGCAAAAGTGCTT,0
ATACGCACTCTGTAAA,0
ATACGCCCTCTTTAAA,0
ATACGCGGTATAGAAT,0
ATACGCTACCTTAACC,0
ATACGGGTAAAAGCCA,0
ATACGGTGGGCGTATG,0
ATACGTAAATATGCTC,0
ATACGTCTGAAGCAAA,0
ATACGTTCAGAGAAAA,0
ATACTAAAAGAGAAAT,0
ATACTAAAAGAGAGAT,0
ATACTAAATTGCCCAA,0
ATACTAACCCGATCGG,0
ATACTAACCTGACAAA,0
ATACTAATAAGTATCC,0
ATACTAATTGCTTTAT,0
ATACTACATAAAGAAT,0
ATACTACATCCAGTCA,0
ATACTACATTTTGAAA,0
ATACTACCAGCTCACT,0
ATACTACCGAAAAACA,0
ATACTACTACGCCCAG,0
ATACTAGAAGATGATG,0
ATACTAGGATGAGTTA,0
ATACTAGGTACCATAC,0
ATACTATACGTACCAC,0
ATACTATGCTAAAGTG,0
ATACTATTTTGAACAA,0
ATACTCAGCTTATCGT,0
ATACTCATATATGGAA,0
ATACTCATGATTAAAT,0
ATACTCCATCAAAACC,0
ATACTCCTAAAGGTAG,0
ATACTCCTCTAAATAA,0
ATACTCGTAAGAAATC,0
ATACTCTAAGATTGAG,0
ATACTCTATAAAGATT,0
ATACTCTCATAATGCT,0
ATACTCTGACGAGGAG,0
ATACTGAACAATAGTC,0
ATACTGAGCCAAGCAC,0
ATACTGCGCGAACTAT,0
ATACTGGAATAAGCGC,0
ATACTGGACGGCTCGA,0
ATACTTAATCATAGAA,0
ATACTTAGGAGGAGGT,0
ATACTTAGTGCCCAAT,0
ATACTTAGTTCCTATG,0
ATACTTCACCGAAACG,0
ATACTTCCGATTAGTA,0
ATACTTCTAGACTCGC,0
ATACTTGGTCCAACGC,0
ATACTTGTTAAAATTT,0
ATACTTTTATACAATG,0
ATACTTTTGGAAATAA,0
ATACTTTTTCCAAAAG,0
ATAGAAAAGACAACCG,0
ATAGAAAATCTGATCT,0
ATAGAAAATGCTGGTC,0
ATAGAAAATGTCTCCG,0
ATAGAAACCATTAGTA,0
ATAGAAAGTGATCCTC,0
ATAGAAATGGTAAAAA,0
ATAGAACCGTTACGGA,0
ATAGAAGCCCAGACCA,0
ATAGAATAGGAATCTT,0
ATAGAATCGGTAAACG,0
ATAGAATGCCACATAA,0
ATAGAATTTATTCATA,0
ATAGACAAAGATCACT,0
ATAGACAACATCAATA,0
ATAGACACAAATGACC,0
ATAGACATCTGTTTAG,0
ATAGACCTCTAGCACA,0
ATAGACGAAACTTCGC,0
ATAGACGTGGAACCGA,0
ATAGACTACGGGATGT,0
ATAGACTTCGCAAAAG,0
ATAGAGAAACTGAACA,0
ATAGAGCTCATGACGC,0
ATAGAGTACACCATAA,0
ATAGAGTCTGATTGCA,0
ATAGAGTCTTAAATCC,0
ATAGAGTGAAGGAACA,0
ATAGAGTGGACCAACA,0
ATAGAGTTATTTTATT,0
ATAGATAACGATGAGG,0
ATAGATACGTATCCGA,0
ATAGATATCTACCCAG,0
ATAGATATCTATGAGC,0
ATAGATATGGTTGTTG,0
ATAGATATTAAGACAC,0
ATAGATCACTCGGACC,0
ATAGATCATCACGCAA,0
ATAGATCGTCTGAAGT,0
ATAGATCTTAGGTGAT,0
ATAGATTGGCCCAAAG,0
ATAGCAAGGAATGGGT,0
ATAGCACGCTAATTTA,0
ATAGCACGTTGATGAA,0
ATAGCAGGCCCAGAAA,0
ATAGCATCAATGTTAT,0
ATAGCATGGTTCGTGC,0
ATAGCATTATTGACCA,0
ATAGCCAGACAAAGTA,0
ATAGCCATCTTAACCA,0
ATAGCCCAGAGCCGAG,0
ATAGCCCCTATTAACC,0
ATAGCCCTTCGCGGTC,0
ATAGCCGACCTATAAT,0
ATAGCCTACGGACAAA,0
ATAGCCTGGTCAATGA,0
ATAGCCTTCAGAAAAT,0
ATAGCGAAGTGTGCAT,0
ATAGCGAGGCAGGTAA,0
ATAGCGATATTATTAT,0
ATAGCGTCTCTACCCA,0
ATAGCGTGCATCATCA,0
ATAGCTAACAAAAAAC,0
ATAGCTTCTCAAACAG,0
ATAGCTTCTCTGTATA,0
ATAGGAACAAAGTATC,0
ATAGGAACCCTCCTAC,0
ATAGGAACTAATAAAT,0
ATAGGAACTTAGAACA,0
ATAGGCCAGGACACGG,0
ATAGGCCAGTTAATGT,0
ATAGGCCCCCTTTTCC,0
ATAGGCCGAAAATGTC,0
ATAGGCGCCCTACGTC,0
ATAGGGCACGGCGTTT,0
ATAGGGCACGGGTGAT,0
ATAGGGCGGTACACTG,0
ATAGGGGTGAGCAATT,0
ATAGGGTTAGGCTTTC,0
ATAGGTACTTATCTGA,0
ATAGGTATGTTCTATT,0
ATAGGTCACGGCAGGC,0
ATAGGTCCGAGGGACT,0
ATAGGTCGCTACGTCA,0
ATAGGTGCTACCCCTA,0
ATAGGTTAGAAGCAAT,0
ATAGGTTATCCCGGGG,0
ATAGTAAAATGAGTCA,0
ATAGTAACCTATGGCC,0
ATAGTAAGATAGATAC,0
ATAGTAATAAAATTTT,0
ATAGTAATTGAATTGT,0
ATAGTACCTAACTAGG,0
ATAGTACTTTTCGATC,0
ATAGTAGAAAAACTAG,0
ATAGTAGTAATCGCAA,0
ATAGTAGTGTAAACAC,0
ATAGTATACTACTGCA,0
ATAGTATATTTCCACT,0
ATAGTATGGTATGCCA,0
ATAGTATTAAACACCA,0
ATAGTATTAAGAAACG,0
ATAGTCAAAGGGTGCT,0
ATAGTCAAAGTTACAG,0
ATAGTCACAGTTTACG,0
ATAGTCACTCCGGAGC,0
ATAGTCTCACCTAATT,0
ATAGTCTCACTTCTCC,0
ATAGTGCCTGAGGCCA,0
ATAGTGCTAGCTAAAA,0
ATAGTGCTCCATCCTT,0
ATAGTGGAAACCAGAG,0
ATAGTGTACGTACCAT,0
ATAGTGTCTCGCCATT,0
ATAGTTAGAGAGGCCT,0
ATAGTTAGATAAACAA,0
ATAGTTCTGAGAAAGC,0
ATAGTTCTTTATAGCC,0
ATAGTTGATAGACTAT,0
ATAGTTTGACATCACG,0
ATAGTTTGGCAATGCT,0
ATATAAAAAACTGAAG,0
ATATAAAAGAAGTAAC,0
ATATAAAATTAACTAT,0
ATATAAAATTCGCAGA,0
ATATAAACACAAATAA,0
ATATAAACGCGAATGG,0
ATATAAACGGAGTAAA,0
ATATAAACTGGTTTTC,0
ATATAAACTTGTATGT,0
ATATAAAGGGAATAAT,0
ATATAAAGTGCAACAG,0
ATATAAATACTGAGGA,0
ATATAACAAGCAAAAT,0
ATATAACCATATAACA,0
ATATAACGAAAACGAA,0
ATATAACGCCCTCCAT,0
ATATAACGCGTCTCTG,0
ATATAACTAAAAATTC,0
ATATAAGATATACAAA,0
ATATAAGGAGGGCACG,0
ATATAAGGGCTAAACA,0
ATATAAGGTGCCCATC,0
ATATAAGTACAACACT,0
ATATAATCATACCTAA,0
ATATAATCCAAATAAT,0
ATATAATCCCTATGGA,0
ATATAATGCACAAACA,0
ATATAATTAACAACTG,0
ATATAATTATAGTGAA,0
ATATACACGTCCCCCA,0
ATATACCGACGAAAAC,0
ATATACGAGCATGGCA,0
ATATACGATTCCCCAA,0
ATATACGCCCTATACC,0
ATATACGTACGAATTT,0
ATATACTATAAGACGT,0
ATATACTCTCTAACAC,0
ATATAGAATTGTTGGT,0
ATATAGAGGTTAATAC,0
ATATAGAGTTGTTGAA,0
ATATAGATGCCACGTA,0
ATATAGATGGGAAACA,0
ATATAGCTAAGAGTTT,0
ATATAGCTGGAGAAGG,0
ATATAGCTGTTCATGT,0
ATATAGTCGCGGGGGA,0
ATATATAACATTTTAG,0
ATATATAAGTGTGCCT,0
ATATATCAGTGCCAAA,0
ATATATCCATTTGTAC,0
ATATATCCTAATGCTA,0
ATATATCTATCCACAT,0
ATATATGAAAAAATTA,0
ATATATGACCAGACGA,0
ATATATGACCAGTAGA,0
ATATATGAGTTACCTG,0
ATATATGTCCCGGGCC,0
ATATATTAGGAAATTT,0
ATATATTAGGAACACT,0
ATATATTCGCACGATC,0
ATATCAAAACTGTCCA,0
ATATCAAAGATATCAC,0
ATATCACTGGCTAATA,0
ATATCAGATGAACAAT,0
ATATCAGCTCCGTCAA,0
ATATCAGGCATTCATG,0
ATATCATCTCTCATTT,0
ATATCATTCTGAGGTT,0
ATATCCACAATACACC,0
ATATCCACACACACAC,0
ATATCCACCGACATAG,0
ATATCCATGTCACGCC,0
ATATCCATTTAGGCTT,0
ATATCCCTGCCTACCG,0
ATATCCTATGATATAG,0
ATATCCTCAAATAGGT,0
ATATCCTCACTGAAAA,0
ATATCCTGCCAACTAA,0
ATATCGAAAAGAACCA,0
ATATCGAACAGACGGT,0
ATATCGCTTTGAGAGC,0
ATATCGGCAGCAACAG,0
ATATCGTAGACCATTA,0
ATATCTAATGAAATAT,0
ATATCTAGCAGATCTG,0
ATATCTATAACAAAGC,0
ATATCTATTTAGAGTT,0
ATATCTCCTATCCGAA,0
ATATCTGAACAAAACT,0
ATATCTGAGTCTTAGA,0
ATATCTGGAATAGCCA,0
ATATCTTGAGTCTTTC,0
ATATGAAACTTTACTA,0
ATATGAAAGAGAAACA,0
ATATGAACAAGTCATC,0
ATATGAACAATCTGCA,0
ATATGAAGCGATTGCC,0
ATATGAATGGAGGGGG,0
ATATGACAACAGTAAA,0
ATATGACAGGACAAAA,0
ATATGACTGAAGAATG,0
ATATGAGAGTGGTGAT,0
ATATGATCCAAGCGTT,0
ATATGCAAGTAACACC,0
ATATGCATAGTCTCCA,0
ATATGCATATTCACAA,0
ATATGCCTATACCAAT,0
ATATGCGCACCAAACT,0
ATATGCTCGAACACAG,0
ATATGCTTATGACGTA,0
ATATGGCGTTGAGACC,0
ATATGGGTAAAATATC,0
ATATGGGTACATGTGA,0
ATATGGTCATGGGACG,0
ATATGTAAATTTCAGG,0
ATATGTAAGGCGTTTG,0
ATATGTAGACAACTAA,0
ATATGTCACTAATCCT,0
ATATGTCTTCAGTTAC,0
ATATGTGAAAAATGTA,0
ATATGTGAGAACTAAG,0
ATATGTGGTCCCGAAA,0
ATATGTTTGGGGACCT,0
ATATTAAAAATTATAA,0
ATATTAACTAAGTCTA,0
ATATTAAGAGCCACCA,0
ATATTACACCTGGACC,0
ATATTACACGGAACTA,0
ATATTACCATTCCCAT,0
ATATTACTCCGAGTTT,0
ATATTAGAAAAATAAA,0
ATATTATAACCGTATA,0
ATATTATAGCTCGCTA,0
ATATTATCCACGAATA,0
ATATTATGGTAGACTT,0
ATATTATTATCATCAG,0
ATATTCAAAGGAAATC,0
ATATTCAACTCGCCAG,0
ATATTCAGTGGATTAC,0
ATATTCATTGTGAACT,0
ATATTCCAAAATTGCT,0
ATATTCCAATATAGCC,0
ATATTCCCTGCATCTT,0
ATATTCCGCACGCGGA,0
ATATTCCGTTACCGTC,0
ATATTCGATCCAATAT,0
ATATTCTAAACAATCC,0
ATATTCTAAATTTCAC,0
ATATTCTAAGACTACC,0
ATATTCTCCTTCAAGC,0
ATATTCTTAGCCCCGT,0
ATATTCTTCGTTAGGC,0
ATATTGAAAGTTCTAT,0
ATATTGAAGATCTTAC,0
ATATTGAGATAATCAG,0
ATATTGATCATCTAAT,0
ATATTGCCACCATTGT,0
ATATTGCCCAATTTGC,0
ATATTGCGTTGCAGAG,0
ATATTGCTAAAGATAC,0
ATATTGGCAAAAATAG,0
ATATTGGTATCCTCTG,0
ATATTGTATATAACTG,0
ATATTGTTATGAGAAC,0
ATATTTACCATCTTCA,0
ATATTTACGAACCATT,0
ATATTTAGAAGAGCGT,0
ATATTTATTCGATCAG,0
ATATTTCACAAGGCTG,0
ATATTTCAGACCATAT,0
ATATTTCCCCTTTGTG,0
ATATTTCCCTAAATCT,0
ATATTTCTGTAACGCA,0
ATATTTCTGTTTCATC,0
ATATTTGAGAATACTC,0
ATCAAAAAATGCCAAC,0
ATCAAAAATCTGATCA,0
ATCAAAAATTAGGTTG,0
ATCAAAACACATGCCG,0
ATCAAAACTAATCCAT,0
ATCAAAAGAACCTATT,0
ATCAAACAGGCAAGGT,0
ATCAAACGCGCCTACA,0
ATCAAACTCAATGGAA,0
ATCAAAGACGACGGAT,0
ATCAAAGCCAGGAAAT,0
ATCAAAGTTAAGACAA,0
ATCAAATACTAACAAA,0
ATCAAATAGTTCAAAT,0
ATCAAATGTAACATAT,0
ATCAAATTCTAAGAGA,0
ATCAACAACACCCATT,0
ATCAACCAACGTGAGG,0
ATCAACCAAGACACCT,0
ATCAACCCTAGCATTT,0
ATCAACTCATGAACAA,0
ATCAAGACGTTACCGT,0
ATCAAGCCCCAGTAGC,0
ATCAAGTCAAATGCAG,0
ATCAATAAGGTAGGGC,0
ATCAATCAGCTAAAAT,0
ATCAATCCTATCATTC,0
ATCAATCGGAGATATA,0
ATCAATCGTTTAGCCG,0
ATCAATCTAAAGCCAT,0
ATCAATGATAAGCTTA,0
ATCAATGTCAAGGTAT,0
ATCACAAAAATCCTAT,0
ATCACAACCTCCGAAG,0
ATCACAAGCTTAAGAC,0
ATCACACACGATGAAC,0
ATCACATATCTCTGTC,0
ATCACATGATAATAAT,0
ATCACATTGCGATCCC,0
ATCACCAATTGGTAAT,0
ATCACCACCTGCATCA,0
ATCACCAGAAATTAAT,0
ATCACCTTATTTGACA,0
ATCACCTTTCATATTA,0
ATCACGACGATTGGGC,0
ATCACGACTAGATTAC,0
ATCACGCTCGCAGCCG,0
ATCACGGAAAATATCA,0
ATCACGGAGTTCAAAG,0
ATCACGGTATTCAAAC,0
ATCACGTAACCGAAAC,0
ATCACGTGAAACACAC,0
ATCACGTGAACTACCG,0
ATCACTAAACATCAAC,0
ATCACTACCCACACAA,0
ATCACTACGTGATCGA,0
ATCACTAGTTGTGTGC,0
ATCACTATTGCAACCA,0
ATCACTCACTGGCACC,0
ATCACTCATATCGGAG,0
ATCACTTGAACATAGA,0
ATCAGAACCTAGCCAT,0
ATCAGAAGGAAACACA,0
ATCAGAATTTGACAAT,0
ATCAGACCAAACGAAT,0
ATCAGACCGACTACTC,0
ATCAGATGAAACTTTA,0
ATCAGCAATTTGATGT,0
ATCAGCACAACCGATA,0
ATCAGCTTCCGTCCAT,0
ATCAGGGTTCATTAGA,0
ATCAGTATATTACTAA,0
ATCAGTATCCAACACA,0
ATCAGTCCACCTAATC,0
ATCAGTCCCAAATAAT,0
ATCAGTGAGAATGTGT,0
ATCATAAAAATACCTG,0
ATCATAAACCCAGCGT,0
ATCATAAACCTATTAT,0
ATCATAAATATCTTTC,0
ATCATAACATTTATGA,0
ATCATAAGCCGTCATA,0
ATCATAAGTGCCGCTA,0
ATCATAATATCATCGG,0
ATCATAATTTCCCCCT,0
ATCATACAAGAAACAA,0
ATCATACCAACTAGAT,0
ATCATACGCCGAACGA,0
ATCATACGTTCTCCCA,0
ATCATAGAATACAAGA,0
ATCATATACAAAAGAG,0
ATCATATTTAGTTCCT,0
ATCATCAATTTTGATT,0
ATCATCCATTTAAACT,0
ATCATCCCGATCTATA,0
ATCATGAGCCAAGCCT,0
ATCATGCATAACGCGT,0
ATCATGCCACTAATGT,0
ATCATGGATCCCTTTT,0
ATCATGGCGCAATTGA,0
ATCATGGGCGAACAAT,0
ATCATGGTGGACTAAT,0
ATCATGTAAGTATAGA,0
ATCATGTTACTACTGA,0
ATCATTCAGTTCACAC,0
ATCATTCCCGAAAGGT,0
ATCATTCGGCACCACG,0
ATCATTCTTACTATAG,0
ATCATTGGTACAAATC,0
ATCATTTCACAGCCTG,0
ATCCAAAAAAATGAAG,0
ATCCAAAATAGTACGA,0
ATCCAAACATCACTTT,0
ATCCAAACTAAGTAAT,0
ATCCAAACTATGGAGA,0
ATCCAAATGACCTACC,0
ATCCAACCAAGATCAT,0
ATCCAACGATCATCCA,0
ATCCAACGTACGATAA,0
ATCCAACTACTGTAAA,0
ATCCAAGAAATTACAA,0
ATCCAAGAACGCACCT,0
ATCCAAGCAAAATTGG,0
ATCCAAGTGACCGCCG,0
ATCCAATCAAAACCCA,0
ATCCAATGCAAACTCG,0
ATCCAATGTAAGATTG,0
ATCCACAATTTATAGA,0
ATCCACATCGACAATT,0
ATCCACGATATTAAAA,0
ATCCAGAAGACTAAAT,0
ATCCAGAATAATACTT,0
ATCCAGATGCTTGAGT,0
ATCCAGGACGATGCAA,0
ATCCAGGTAACACTAC,0
ATCCAGGTCCACGACT,0
ATCCAGTTACCCATTT,0
ATCCATAAATTCCTTT,0
ATCCATACCCAGTCCG,0
ATCCATCAAAAGAAGC,0
ATCCATGCACTTGATG,0
ATCCATGGTTTTGTAA,0
ATCCCAAAATGAGGGA,0
ATCCCAAGTTTATATC,0
ATCCCAATAAAATACG,0
ATCCCAATCAAAGGAG,0
ATCCCAATGAAGATTT,0
ATCCCACAGAATTCGC,0
ATCCCAGCGCAAGACG,0
ATCCCAGTGAAGGTAG,0
ATCCCATATAATGAGA,0
ATCCCCAATTAAAACA,0
ATCCCCAGCCAGAGGA,0
ATCCCCCGGACAGTAC,0
ATCCCCCGGGATCACC,0
ATCCCCGGAACCACAT,0
ATCCCGAAATGATTCA,0
ATCCCGCGTAGATACA,0
ATCCCTAGACCTATCG,0
ATCCCTCAATTTAACT,0
ATCCGAAAAGTGGTAC,0
ATCCGAAACCGGGTAC,0
ATCCGAAATTAGCGAA,0
ATCCGAATGAACACGT,0
ATCCGAGAAAACATTG,0
ATCCGAGACGTTAAGA,0
ATCCGAGTCGGGGTAA,0
ATCCGATGCACAGATT,0
ATCCGCAAGTAGAAAA,0
ATCCGCAATACTGTAG,0
ATCCGCAATGAGTAAA,0
ATCCGCATGCTTCTGA,0
ATCCGCTCACGATTCG,0
ATCCGGAACAAAAATA,0
ATCCGGCAGGATATAC,0
ATCCGTACAATTTCAT,0
ATCCGTACATTCTTAA,0
ATCCGTGGATAAACTT,0
ATCCGTTATAGCCATG,0
ATCCGTTATTGCTTGC,0
ATCCGTTCGAAAATAG,0
ATCCTAAAACGGTCAC,0
ATCCTACAATGAAATA,0
ATCCTACACCGAGGAG,0
ATCCTACCAATAGAAT,0
ATCCTACCGATCACTA,0
ATCCTATCTATTAAGG,0
ATCCTATTATAAGACC,0
ATCCTCAAAGGGTAAA,0
ATCCTCAACTTAGCCA,0
ATCCTCATACTTTCCC,0
ATCCTCGAAACAGACA,0
ATCCTGACTCCTAGAA,0
ATCCTGGCCTATGGAT,0
ATCCTTGACCCTTCCT,0
ATCCTTTTACAGAAAT,0
ATCGAAAGACAAACAC,0
ATCGAAATAATAATAC,0
ATCGAACAAAAACCTA,0
ATCGAACTTAAGCTGT,0
ATCGAAGACACACACA,0
ATCGAAGAGTAACTGA,0
ATCGAAGCCCTCGAAA,0
ATCGAAGCTAAAGGAT,0
ATCGAAGTTGTAACCA,0
ATCGAATAAATATCAA,0
ATCGAATCCAAAATTA,0
ATCGAATCTCCCCCCA,0
ATCGAATGAACCCAGA,0
ATCGAATGAGAACTTG,0
ATCGACAAGTCTTGCC,0
ATCGACAGCCTACTGG,0
ATCGACGTATGTGGGT,0
ATCGAGGCCATAATTT,0
ATCGAGGCCCGTTTCC,0
ATCGAGGGTCTAAACT,0
ATCGATAGTTATTCTG,0
ATCGCAAAGATATTGC,0
ATCGCAACATACGGGT,0
ATCGCAACCTCGGTAC,0
ATCGCAACGTAAAATT,0
ATCGCATTACCCACAT,0
ATCGCCGCATACTTAG,0
ATCGCCTCAACACCTT,0
ATCGCGAAAAAATAAC,0
ATCGCGCTCTCTCAAA,0
ATCGCGGGTGATGCCA,0
ATCGCGTCCTACAGCT,0
ATCGCGTCTGAGCGCA,0
ATCGCTACCTTACACT,0
ATCGCTCTTCGCCACA,0
ATCGCTGACTGATATG,0
ATCGCTTCCTTTGAGT,0
ATCGGAAATAAAACGC,0
ATCGGAACCAACTGAC,0
ATCGGACTTCTATACT,0
ATCGGACTTGACAATA,0
ATCGGATAACCAACAG,0
ATCGGCAGTACTATGT,0
ATCGGCATATTAATAA,0
ATCGGCATTTTCCTAA,0
ATCGGCGGAAGAGGTT,0
ATCGGGATAGCCTATC,0
ATCGGGCAAAGCACGG,0
ATCGGTAGAGTTGGGC,0
ATCGGTCACCACTGGT,0
ATCGTAAAACTACTTA,0
ATCGTAATCAAAACGA,0
ATCGTAATCGCTCCTT,0
ATCGTACATGAGACAA,0
ATCGTACATGCACGCG,0
ATCGTATGGTGCATCA,0
ATCGTCAATCCGTGCT,0
ATCGTCACTTTTACTG,0
ATCGTCATTAGAAAAT,0
ATCGTCCCAAATAATA,0
ATCGTCGAATAAAAAA,0
ATCGTGACCCTTCAAG,0
ATCGTGCTCTAGTGAA,0
ATCGTTCAACTTCTAC,0
ATCGTTCCCATTAGTA,0
ATCGTTGACAGGAGAC,0
ATCGTTTGAGAAACAA,0
ATCGTTTGCACAGAAC,0
ATCTAAAACTCTCAGC,0
ATCTAAAGAGTCGATC,0
ATCTAAAGGCGACCCG,0
ATCTAACAAAAAGAAT,0
ATCTAACACAAAAACA,0
ATCTAACACGGAGTAA,0
ATCTAACACTACAACG,0
ATCTAACCACAACGAA,0
ATCTAACTCTTCCTAG,0
ATCTAAGAGTAAGGAG,0
ATCTAAGCCTCGTACC,0
ATCTAAGCGAAAACCA,0
ATCTAAGCGTTAAGAA,0
ATCTAATATAGTAGAC,0
ATCTAATCAAAACATA,0
ATCTAATCTACTCAAC,0
ATCTAATTAATTGATT,0
ATCTAATTGACCAGGT,0
ATCTAATTTACACATA,0
ATCTACATTAAAAGTC,0
ATCTACTACCAAAAGG,0
ATCTACTGTAGCATCG,0
ATCTAGAACCATTGAA,0
ATCTAGACATAATTCT,0
ATCTAGCAACATTGAA,0
ATCTAGTCACTAAGTT,0
ATCTATAAGAATTACA,0
ATCTATACCAATAGCT,0
ATCTATACGGGCCTCA,0
ATCTATAGATTGATAA,0
ATCTATATGCCAGTCA,0
ATCTATCTCAGAGTTT,0
ATCTATGAAGATTTTC,0
ATCTATGAGCTGTACA,0
ATCTATGAGCTTCGTG,0
ATCTATTCGTTCTCCG,0
ATCTATTGTAACCAGC,0
ATCTATTGTAACGACA,0
ATCTCAAGTTATAGCC,0
ATCTCAATCCCAACGC,0
ATCTCACATTGTCGTT,0
ATCTCAGAATCAAAAT,0
ATCTCAGTTTCTTTTA,0
ATCTCCATAGCCCAAT,0
ATCTCGAATCTTACCA,0
ATCTCGTAATGTCAAG,0
ATCTCTATGGTATAGC,0
ATCTCTCGTTTGGATA,0
ATCTCTTCAACGTTGT,0
ATCTCTTTTGAAAAAC,0
ATCTGAAGTAAGCGAA,0
ATCTGAATGGCTAGAT,0
ATCTGACAAAATCCAC,0
ATCTGACGTACTGGAT,0
ATCTGACTCGCTACCG,0
ATCTGAGCTAAAGCAG,0
ATCTGAGGCATCTCTA,0
ATCTGATACTTCCAAA,0
ATCTGATTAATACACC,0
ATCTGCAGGAAACTCT,0
ATCTGCGACTTACCCA,0
ATCTGCTAGGAGAATA,0
ATCTGGCACACACGCC,0
ATCTGGGGCATTCCTC,0
ATCTGGGTAATTTATT,0
ATCTGTAACTGGAACC,0
ATCTGTATGGATGTTC,0
ATCTGTCAAGGAAATG,0
ATCTGTCACCACCCAA,0
ATCTGTTGTGCGTCTG,0
ATCTGTTTTGCGCAAT,0
ATCTTAAAGGCACAAT,0
ATCTTAGAACAATAAT,0
ATCTTAGAGACGATGG,0
ATCTTATCCGTACAAA,0
ATCTTATGAATCTACA,0
ATCTTCAATTACGAAC,0
ATCTTCCATACTGACT,0
ATCTTCCCGGTCAGAA,0
ATCTTCCCTGACACAT,0
ATCTTGCAACGGCTAT,0
ATCTTGCCCAAATACA,0
ATCTTGCCGTCTTTGG,0
ATCTTTTATTGCTCTA,0
ATCTTTTTGGGGGTCG,0
ATGAAAAAAGACCTGG,0
ATGAAAAACGGATTTA,0
ATGAAAACGCGATAAT,0
ATGAAAACTCCCTGCT,0
ATGAAAAGTTGGATAC,0
ATGAAAATAATACTAG,0
ATGAAACACCCTTAAG,0
ATGAAACGCAATAACA,0
ATGAAACTTGCAGCGT,0
ATGAAAGAGAAGTAAA,0
ATGAAAGCACCAGTAC,0
ATGAAAGCGCTGATTA,0
ATGAAAGGCTATGACA,0
ATGAAAGTTACCAGCC,0
ATGAAATAAGCCCACG,0
ATGAAATACTTACAAA,0
ATGAAATAGACGTGGA,0
ATGAAATAGATATGGG,0
ATGAAATCAAAACCAA,0
ATGAAATTCGACGACT,0
ATGAACAAAGTGGGCA,0
ATGAACAAGGCTACGC,0
ATGAACAAGTTGGAGT,0
ATGAACACCATGCACT,0
ATGAACACCTAATCTT,0
ATGAACATCAATATGT,0
ATGAACGCGAAAGCAC,0
ATGAACTATAATGGAA,0
ATGAACTATTGAATCA,0
ATGAACTCGAAATAAG,0
ATGAAGAAAAATTAGT,0
ATGAAGACCTATGGAA,0
ATGAAGATCAACACAT,0
ATGAAGCATATCTTGA,0
ATGAAGCCGTTTTCAA,0
ATGAAGCTCATAAGTA,0
ATGAAGCTTTGTAAAT,0
ATGAAGTTCGCTATAC,0
ATGAATAAATTTCAGT,0
ATGAATAAGTACCAGT,0
ATGAATACTAAAGCAG,0
ATGAATACTAGGACAA,0
ATGAATAGTTAAGGCC,0
ATGAATATGACGAAGA,0
ATGAATATGCCAAATC,0
ATGAATCAGGCTATTA,0
ATGAATCCTAGCCATA,0
ATGAATCCTTTACTAC,0
ATGAATCTGTTGAAAA,0
ATGAATTAAGGAGTAT,0
ATGAATTAGGGTCATT,0
ATGAATTAGGTAAAAC,0
ATGAATTTTAAAGCGT,0
ATGACAAAATACCAGG,0
ATGACAAACTCGAACA,0
ATGACAAACTTAACAA,0
ATGACAACTGAATCCC,0
ATGACAAGACACTAAA,0
ATGACAAGGGACCGAA,0
ATGACACAAATTATAA,0
ATGACAGTACAGGTAA,0
ATGACAGTCCTCGAGT,0
ATGACATAACGTCATG,0
ATGACATTTAAATAGC,0
ATGACCAAACACCTTT,0
ATGACCAAGCCGAAGC,0
ATGACCAGAAGTACCT,0
ATGACCCTAGCTAGCC,0
ATGACCCTCCAGACAC,0
ATGACCGCAAATAACC,0
ATGACCGTAAATGTCT,0
ATGACGAATCCCAGAG,0
ATGACGCGGTATAATG,0
ATGACGTCAAAGCTGT,0
ATGACGTTACCCCGAG,0
ATGACTAACCCGAGTA,0
ATGACTGAATGAGAGA,0
ATGACTGTAACTCGTT,0
ATGAGAAAACGGGATA,0
ATGAGAAAGAAAACGG,0
ATGAGAAATAGTTATA,0
ATGAGAAGTCTAATGT,0
ATGAGAATAGAAATAA,0
ATGAGAATAGCCATAA,0
ATGAGACCGCGCATCC,0
ATGAGATAACGCTGAA,0
ATGAGATCCTATAACG,0
ATGAGATGAAAGTCGC,0
ATGAGATGTTTATTCC,0
ATGAGCACACCGGGGA,0
ATGAGCGTAAGTAACA,0
ATGAGCTAATCTGTTA,0
ATGAGCTCTCAGATTA,0
ATGAGGAGGGGGACAA,0
ATGAGGATAACCTATA,0
ATGAGGATTTTTAAGA,0
ATGAGGCACAATCAAT,0
ATGAGGCATATTAAAG,0
ATGAGGGAGTTCCCTC,0
ATGAGGTGAAGTCTAA,0
ATGAGTAAAAAATAGT,0
ATGAGTAATAAACTTA,0
ATGAGTAGACTAAGTA,0
ATGAGTAGGCCAGGCT,0
ATGAGTCTTCGTAAAC,0
ATGAGTGAAAGTTCGA,0
ATGAGTTCACTGTTAT,0
ATGATAACGATGCTTA,0
ATGATAACTTTCCATT,0
ATGATAATAAATTGGT,0
ATGATAATATTACACG,0
ATGATACGCCAATCTC,0
ATGATAGAAGAGTGCC,0
ATGATAGGGGGTGAAA,0
ATGATATAATGCATAG,0
ATGATATATATTTACA,0
ATGATATCGTAGCACG,0
ATGATATGGGCGATAA,0
ATGATATTATGCTGAT,0
ATGATCAGATTGTTAC,0
ATGATCCGGTTGTATC,0
ATGATCGACGCTTTTG,0
ATGATCGTCTGTGAAT,0
ATGATGAAGAAAGATA,0
ATGATGAGACGATTGA,0
ATGATGATATTACACG,0
ATGATGATTTAAATGG,0
ATGATTAAAACCGACT,0
ATGATTAAAATGATGA,0
ATGATTAGAAGAATCT,0
ATGATTAGTATTGTGC,0
ATGATTCATCGAAAGT,0
ATGATTGGAAACTAAG,0
ATGATTTAAATGACCA,0
ATGATTTAGATGTATG,0
ATGATTTGATCCACAA,0
ATGATTTTAAATATTG,0
ATGCAAATTACGATTC,0
ATGCAACAGAAATTAA,0
ATGCAACCAGTATGAT,0
ATGCAACGAGATGTTC,0
ATGCAACGCATTGAGG,0
ATGCAACTCGTTAACT,0
ATGCAACTGCTCTGTG,0
ATGCAAGTAATCCACG,0
ATGCAATAATTACGTC,0
ATGCAATTAGCCATGA,0
ATGCAATTGACTACCA,0
ATGCAATTTTGGCCTA,0
ATGCACGACGTGTCTT,0
ATGCAGACATTTCCTA,0
ATGCAGACCATACCAA,0
ATGCAGTAACCTTGAA,0
ATGCAGTAGTAAGAAA,0
ATGCATAGCAAACGGG,0
ATGCATATTTTAGCCA,0
ATGCATCATATATGTG,0
ATGCATTAGATAAAGC,0
ATGCCAACAACTCCAG,0
ATGCCAAGGGCATGCG,0
ATGCCAATAGATATCA,0
ATGCCACGTAGTCCCC,0
ATGCCACTCATATAAG,0
ATGCCATAAAACCGCG,0
ATGCCATACTATATAA,0
ATGCCCAATCAGAGGA,0
ATGCCCAATGCCCAAG,0
ATGCCCAGTAACGAGC,0
ATGCCCCACTGCACCC,0
ATGCCCCTCGACATCG,0
ATGCCCGAACATATAA,0
ATGCCGCCTACACGGC,0
ATGCCGTAGCAAGTGC,0
ATGCCTAAGAAACACG,0
ATGCCTACACTAATGC,0
ATGCCTACTTACCGTC,0
ATGCCTCAAAAACTCC,0
ATGCCTCAAGGACGGA,0
ATGCCTCATCTAACCG,0
ATGCCTTACAGGATAC,0
ATGCGAAACGTTGAAT,0
ATGCGAATATTAACTG,0
ATGCGACAGACTGCCG,0
ATGCGCATGGGTATCT,0
ATGCGCTGAGCTACCC,0
ATGCGGCTTACCACGA,0
ATGCGGTCGTATCGAT,0
ATGCGTCACCCATAGA,0
ATGCTAAAATGCGTAT,0
ATGCTAAGAACAAGGG,0
ATGCTAAGCGTTCCTA,0
ATGCTACCCAACTAGA,0
ATGCTACTGATAGCCT,0
ATGCTACTTCGGCTGA,0
ATGCTCAGCATAGAGT,0
ATGCTCATGATTCTAA,0
ATGCTCATTAGATCCA,0
ATGCTCGCTTATCACC,0
ATGCTCTCAATTGTTC,0
ATGCTGCAACAGCACC,0
ATGCTGGGTACAAAGA,0
ATGCTGTATTTAACCC,0
ATGCTGTGTATACACA,0
ATGCTTAAATCTGTGA,0
ATGCTTAGCACTAGGA,0
ATGCTTATGCATTAAT,0
ATGCTTCGACATCGTA,0
ATGCTTGAAAATACAG,0
ATGGAAAATCCCCTAT,0
ATGGAAACGATTTGCC,0
ATGGAAATCCCAATAA,0
ATGGAACGACATCCAG,0
ATGGAAGAAGTTACTA,0
ATGGAAGCACTTTTCA,0
ATGGAAGCAGAACAAA,0
ATGGAAGCGTTGCTGG,0
ATGGAAGTCCTAGCCA,0
ATGGACATATAGGATT,0
ATGGACATTTACAGAA,0
ATGGACCCCTTCAAGG,0
ATGGACGCAAGGTTAA,0
ATGGACGCATTACACA,0
ATGGACTCACTCACGT,0
ATGGACTGGACTCAGG,0
ATGGAGCCTGCCAGGC,0
ATGGATAAATAACTTG,0
ATGGATATACTAATGT,0
ATGGATATGGTACTTG,0
ATGGATATTACAACAA,0
ATGGATCAATTACCAA,0
ATGGATCCTGAATAGT,0
ATGGATCTCATAACTA,0
ATGGATTAATCTGGGT,0
ATGGATTAATTTACAC,0
ATGGATTACTCTTCCG,0
ATGGCAAATCATGAAA,0
ATGGCAATAAACAACA,0
ATGGCACAGTGACATC,0
ATGGCACCAAGAAGTA,0
ATGGCAGATGGAGTTG,0
ATGGCAGCATGTTCCG,0
ATGGCAGTCGAGCAGA,0
ATGGCAGTCTCAATTA,0
ATGGCATAAGACCAAA,0
ATGGCCAAGACGGTAC,0
ATGGCCCCATATTGAA,0
ATGGCCCCCTGTCACT,0
ATGGCCCCTTGATGCG,0
ATGGCCGCCGCAGGCT,0
ATGGCCTGCATAGGTC,0
ATGGCGCGGCTCAAGA,0
ATGGCGCTAGACCTCA,0
ATGGCGGTGCCCTCAA,0
ATGGCGTAATTTTACA,0
ATGGCTAAAAGACCTT,0
ATGGCTACTATCTATT,0
ATGGCTATATAAAGGT,0
ATGGCTCGAGAGCAAG,0
ATGGCTCTTTCGTATG,0
ATGGCTGTCTTTTCCG,0
ATGGCTTGTCTCATGT,0
ATGGGAAGTCTCATGC,0
ATGGGACGGTCCCCTT,0
ATGGGAGAAAAGATGT,0
ATGGGCTACCGTTTGC,0
ATGGGGTACTCTAAAT,0
ATGGTAAAAAACCAAT,0
ATGGTAACGTGTAACT,0
ATGGTAATGCGTACAA,0
ATGGTACAAGCTTAGC,0
ATGGTACGACTGCTGA,0
ATGGTACTGGAGTCCA,0
ATGGTATAAACAAAAC,0
ATGGTATACGTTACAA,0
ATGGTCAAATGTGCAG,0
ATGGTCAGAGAGTAGA,0
ATGGTCAGCAGTAAAT,0
ATGGTCAGTGACAGGG,0
ATGGTCCCAATTTATA,0
ATGGTCTGATTTACAA,0
ATGGTGATTTGCTCTA,0
ATGGTGCCGCGCCGTT,0
ATGGTGTAAACCATCA,0
ATGGTGTGATACATAA,0
ATGGTTACGCACGATT,0
ATGGTTACTACATTTT,0
ATGGTTCGTAGAAATA,0
ATGGTTGAATCTGTAT,0
ATGGTTTATTGTTTCT,0
ATGTAAAAAACAATAG,0
ATGTAAAAGCACTATG,0
ATGTAAACTACTTTAT,0
ATGTAACATAACAGCC,0
ATGTAACTAGGAGGCA,0
ATGTAAGATATCTTCT,0
ATGTAAGCAGACGGGA,0
ATGTAATTGACACTCC,0
ATGTACAAAGCGAGCA,0
ATGTACAACATTACCT,0
ATGTACAGCTGAAAAA,0
ATGTACATCAGAAACA,0
ATGTACCATTAAACGG,0
ATGTACTTAACATCAA,0
ATGTACTTCAAATCGG,0
ATGTAGAAGTAGGTAT,0
ATGTAGCCTGACATAA,0
ATGTAGCTGAATATCG,0
ATGTATAAGTGGCTTC,0
ATGTATCTGAAACTGA,0
ATGTATTACTAAAAAA,0
ATGTATTCGCTTGAGC,0
ATGTCAAAATCAATGA,0
ATGTCACCATGAAATG,0
ATGTCACCGCTTTATG,0
ATGTCACCGGATCTAT,0
ATGTCACGCAGCAAAA,0
ATGTCCAAAATATTTC,0
ATGTCCAACTTAGGGG,0
ATGTCCAAGGTGTTTT,0
ATGTCCGATAATTTGA,0
ATGTCCTCAAACAAAC,0
ATGTCCTCAATTCTAG,0
ATGTCCTTAAGAATTT,0
ATGTCCTTCAGCATTA,0
ATGTCGATTCTAGGTT,0
ATGTCGCTGTAATAAG,0
ATGTCGGCGAACTATT,0
ATGTCGTCAAGAATGG,0
ATGTCGTCTATCTACA,0
ATGTCTAATACAGTTC,0
ATGTCTCAACAAGATC,0
ATGTCTCCTACAGAGA,0
ATGTCTCGAGTATAAT,0
ATGTCTTGGTCACGGC,0
ATGTGAAATGGCCTTA,0
ATGTGAACGCAGAGGC,0
ATGTGAAGCCCTCTCT,0
ATGTGACAAATTGCGA,0
ATGTGACAGGGCACAA,0
ATGTGACCAAGCGCCC,0
ATGTGACCCTTGCAGA,0
ATGTGACCGGATACCT,0
ATGTGAGAAAGAAATC,0
ATGTGAGCGTAATGTT,0
ATGTGATTTGCTAACC,0
ATGTGCAAAGCCAGGA,0
ATGTGCTACTGACGAC,0
ATGTGGATTTGAGGGG,0
ATGTGTAATCATGAAT,0
ATGTGTAGCTTCGCTT,0
ATGTGTTAACTAGGTA,0
ATGTGTTAATAACTGA,0
ATGTTAAAGAAGTAAT,0
ATGTTAAAGCCCCTGA,0
ATGTTAAAGTTGTCAG,0
ATGTTAACTTCGGGTG,0
ATGTTAAGATGGTTTA,0
ATGTTAAGCGATCAAC,0
ATGTTAATTGCTCCAA,0
ATGTTATAATCCAGCA,0
ATGTTATGGGGGTAGC,0
ATGTTATTAGAAACGT,0
ATGTTCACACTGTGGA,0
ATGTTCATACCGAAAC,0
ATGTTCATCCAGCTAG,0
ATGTTCGGTTTTAAAA,0
ATGTTCGTAACACCAA,0
ATGTTGAAACGCCTCC,0
ATGTTGACTACGCTTA,0
ATGTTGGACCGATCGG,0
ATGTTGGCTAAAGCTG,0
ATGTTGTACAGGTTGG,0
ATGTTTACAAGGTCCA,0
ATGTTTACTCGGAAAA,0
ATGTTTAGAAATCCGG,0
ATGTTTGATTGTCGAC,0
ATGTTTTGAGCCAAGT,0
ATGTTTTTACTATAGT,0
ATTAAAAAAATGGCAT,0
ATTAAAAAACCCACTG,0
ATTAAAAATAGCACAT,0
ATTAAAAGAATTTATG,0
ATTAAAAGTATGAACA,0
ATTAAAATCATTTCAC,0
ATTAAAATCCAGTAAA,0
ATTAAAATCGATCTTC,0
ATTAAAATCTTGACGA,0
ATTAAACAAGGCCGTA,0
ATTAAACATCAATAAG,0
ATTAAACATGGGCTAA,0
ATTAAACCAACAACCT,0
ATTAAACGCAGCTCAC,0
ATTAAACGCGAAATTT,0
ATTAAAGAAAAATATT,0
ATTAAAGAAAACGGAT,0
ATTAAAGGAAAAACCA,0
ATTAAAGGACACATTG,0
ATTAAAGGATAGCACT,0
ATTAAAGTTGGTCACG,0
ATTAAATATCAAATAA,0
ATTAAATATGGGGGCG,0
ATTAAATGAGGCGTAC,0
ATTAAATGCTCTATTC,0
ATTAAATGTGTGCCTC,0
ATTAACAATTACAGCT,0
ATTAACAGCATATGGA,0
ATTAACATATGACTAA,0
ATTAACATTGGAATTT,0
ATTAACCACAAGTGTT,0
ATTAACCCCATCGAGT,0
ATTAACCCTAAATCTG,0
ATTAACGACGATTGAT,0
ATTAACGATATACCAA,0
ATTAACTAAAAAACAG,0
ATTAACTCAATCGTAA,0
ATTAAGAAGTAAAAAT,0
ATTAAGAGAAGGGAGC,0
ATTAAGCAATTGCCTC,0
ATTAAGCACAGATCCG,0
ATTAAGCGTACCTATC,0
ATTAAGTCTACAAATC,0
ATTAATAACGTGACGA,0
ATTAATATCTATCACA,0
ATTAATATTAAACGCA,0
ATTAATCAGCGAACTA,0
ATTAATCGATACCCAA,0
ATTAATCTAGAATGAA,0
ATTAATCTCGTGATTG,0
ATTAATGGGACTTTCA,0
ATTAATGGGTCCTATG,0
ATTAATTAGCTCTCTA,0
ATTAATTATCCTAATA,0
ATTAATTATCTACACA,0
ATTAATTCAAAGAAAC,0
ATTAATTCTATTAAGT,0
ATTAATTGAGACTTCT,0
ATTAATTGCAGTTTAT,0
ATTAATTTACTTGTCA,0
ATTAATTTGTTTCGCA,0
ATTAATTTTGGCGAAA,0
ATTACAAAACGAAAGT,0
ATTACAAATGAAACAT,0
ATTACAACGTCTGCCT,0
ATTACACACATACGTT,0
ATTACACTTGAAGCGG,0
ATTACAGACAGCCGGT,0
ATTACAGTAAATAAAA,0
ATTACATATAATGAAA,0
ATTACATATAGTTTGG,0
ATTACCAAAAACAAAA,0
ATTACCAATAGAGGAT,0
ATTACCAATTAACCTC,0
ATTACCACAAAATTAA,0
ATTACCCGCTGATGGA,0
ATTACCGAGAAAACGC,0
ATTACCGTCTACCCCT,0
ATTACCTATCATACTT,0
ATTACGAATTACTCCT,0
ATTACGCGCCATCAAC,0
ATTACGCGGGCAAGCG,0
ATTACGTACATTATCA,0
ATTACGTGTTACAACC,0
ATTACTAAGATTGAAG,0
ATTACTACAGCCAAGA,0
ATTACTACATCGTAGT,0
ATTACTATGTATACAA,0
ATTACTCGATGTCAGT,0
ATTACTCTACCTATCT,0
ATTACTGAACAAGCTC,0
ATTACTGAATTTATCG,0
ATTACTGGGTTCTTAG,0
ATTACTTTCTTTCAAT,0
ATTAGAGAAAATGACT,0
ATTAGAGAGTGTAGAA,0
ATTAGAGCACCTCCCA,0
ATTAGAGCCCGAGATG,0
ATTAGATAACAATAAG,0
ATTAGATCGACAATCC,0
ATTAGCATATTTCTTA,0
ATTAGCCTTTTACATT,0
ATTAGCGTTGCATCAA,0
ATTAGCTGCCGGATCC,0
ATTAGCTTCACGACGT,0
ATTAGGAATAAATAAA,0
ATTAGGACAAACGTCA,0
ATTAGGTAAAACCAAA,0
ATTAGGTCGTTGAAAG,0
ATTAGTAACAGTTGCT,0
ATTAGTAACGAATGCA,0
ATTAGTCAGTCCTGAA,0
ATTAGTTCATGTAAAA,0
ATTATAAAAGACTCTT,0
ATTATAAAATATTGCG,0
ATTATAAGAAAGAAGA,0
ATTATAAGTGATAAAC,0
ATTATAATAAAAATCA,0
ATTATAATGATGGATA,0
ATTATACCTGATGAGT,0
ATTATAGAAAGCATAT,0
ATTATAGAATAATAGT,0
ATTATATACAAAATGG,0
ATTATATACTAAAACT,0
ATTATATATGCACAAA,0
ATTATATCTAAAGGAA,0
ATTATATGAGACAGTT,0
ATTATATTATTTGCCA,0
ATTATCAAAACCGAAC,0
ATTATCATTTAGAAGC,0
ATTATCCATATAACCG,0
ATTATCCATTAAAGAA,0
ATTATCCGACAGATCT,0
ATTATCCGTAGAGGCA,0
ATTATCCTCTACATTT,0
ATTATCGCACAGCCAC,0
ATTATCTACTGTAACG,0
ATTATCTCGTTACATA,0
ATTATGATACTAAGGT,0
ATTATGCGAAGCCGAA,0
ATTATGCGATGTATGC,0
ATTATGGGCTATATAC,0
ATTATGGGGTCAAACG,0
ATTATGTAATCAGATC,0
ATTATGTCATTGTTGA,0
ATTATTCATTACCCAG,0
ATTATTGCAAATCCCA,0
ATTATTGGGTCAGACT,0
ATTATTTGGTGCATCT,0
ATTCAAAAAAGGAACA,0
ATTCAAAACCATCCTT,0
ATTCAAAAGATCACTA,0
ATTCAAACGATATTAA,0
ATTCAACCGAGATAAG,0
ATTCAACTGAATACTC,0
ATTCAAGGACGATACC,0
ATTCAATGTGCCACAG,0
ATTCAATTACCAATAT,0
ATTCAATTGCGAAATT,0
ATTCACAAATTACAAA,0
ATTCACAATTACGTGC,0
ATTCACATAATACCCT,0
ATTCACCTTCGAAAAA,0
ATTCACGAACAACAAC,0
ATTCACTAAAGGACAT,0
ATTCACTAGCGATCTG,0
ATTCACTCCGCAGAGC,0
ATTCACTGTTAGTCCA,0
ATTCAGAAAAAGATTC,0
ATTCAGAAGAGACAAG,0
ATTCAGATATCATCCC,0
ATTCAGCAGACAAGAC,0
ATTCAGGATCGCTTAA,0
ATTCATAACTTTGATT,0
ATTCATATAAATCAAT,0
ATTCATATTATCGAGG,0
ATTCATCGTAAATCGG,0
ATTCATTATGAATAGA,0
ATTCATTCTCAACGTT,0
ATTCCAATATTCTGCA,0
ATTCCACCTCTCTATA,0
ATTCCACTGAGCCCTA,0
ATTCCATCATGCAAGG,0
ATTCCATGGCCACAGC,0
ATTCCCAAAACATTGA,0
ATTCCCAGACGTACAA,0
ATTCCCCTATTGACGC,0
ATTCCCGGCATGTACA,0
ATTCCGAAGCTGGCAT,0
ATTCCGGCCTAAATAT,0
ATTCCGGTATCTACGA,0
ATTCCTACCGAGTCAC,0
ATTCCTAGAAATTTAA,0
ATTCCTCAACAAAGCA,0
ATTCCTGGGACCTCGA,0
ATTCCTTCTAGATAAG,0
ATTCGAATGAATAAAA,0
ATTCGACCAGGACAAT,0
ATTCGACTAGAAAAAA,0
ATTCGAGAACATATGC,0
ATTCGAGACAGTACTT,0
ATTCGATATAATTAGT,0
ATTCGATCAAAGTCTC,0
ATTCGATGCATTAAAG,0
ATTCGCCCATTAACAG,0
ATTCGCGACCAGCAAC,0
ATTCGCGAGGCCCAAC,0
ATTCGCTTCATAGAAT,0
ATTCGGAAGCAAGACC,0
ATTCGGGCTTTCCCTG,0
ATTCGTAAGCTAAATA,0
ATTCGTATTCAAGTCG,0
ATTCGTGATGAATTAC,0
ATTCTAAACATACTAC,0
ATTCTAAACTAGTCGG,0
ATTCTAACGCCAGTAC,0
ATTCTAAGTAATCATA,0
ATTCTAATGTATGATG,0
ATTCTACCCCAATTTA,0
ATTCTAGACATGGACA,0
ATTCTATATTCATTTA,0
ATTCTATCGCATTTAG,0
ATTCTATGAATCAAAA,0
ATTCTCAAGACTAAAA,0
ATTCTCAATATGCAAA,0
ATTCTCCCCAAACACG,0
ATTCTCGCGAATTATA,0
ATTCTCTAGGATATGA,0
ATTCTGCTAGCTGTAT,0
ATTCTGGAGAGCAAAT,0
ATTCTGTAAACAAGAA,0
ATTCTGTTACTAAGCC,0
ATTCTTACAAAGTCCA,0
ATTCTTAGAACGTTAT,0
ATTCTTAGACGAATGA,0
ATTCTTAGGTGAAAAA,0
ATTCTTAGTTAATTGA,0
ATTCTTATCACAAGTA,0
ATTCTTCTAAGAAACC,0
ATTCTTCTGAGAGCCC,0
ATTCTTCTGGATGTGA,0
ATTCTTTCCGAGTAAA,0
ATTGAAAACACCAAAC,0
ATTGAAAATTACATAC,0
ATTGAACACCAAAGTG,0
ATTGAACCGCACCGCG,0
ATTGAAGTTTTAACAC,0
ATTGAATTACTGAAAG,0
ATTGACACATGTAATG,0
ATTGACACGTAATAGG,0
ATTGACAGTGGCCAGA,0
ATTGACATAGCGCTTG,0
ATTGACCAGGCAGATC,0
ATTGACGAATGAATAT,0
ATTGAGATATGAAAAG,0
ATTGAGCCGATTCACC,0
ATTGAGCCGCTATGGA,0
ATTGAGCGTGGGATCT,0
ATTGAGGTTATATGGT,0
ATTGAGTAATCGTTTT,0
ATTGAGTCAAAAGTGC,0
ATTGATATTAGTTACC,0
ATTGATATTTATGACA,0
ATTGATCAAATGATAA,0
ATTGATCTTAAGTGAA,0
ATTGATGATTGCTTAC,0
ATTGATTGCCAGAACT,0
ATTGATTGGTTTAAAG,0
ATTGATTTCCTTTCAG,0
ATTGATTTTACACATC,0
ATTGCAAATATGAGTA,0
ATTGCACAATTTAGTT,0
ATTGCACCGAGAAGGT,0
ATTGCATAATAGACAT,0
ATTGCATGCTTGACAA,0
ATTGCATTAAGCCCGG,0
ATTGCCACGAACTAAG,0
ATTGCCGTGCATTCTG,0
ATTGCCTACTCATGAC,0
ATTGCCTCAGGTCAGT,0
ATTGCCTTAAAGAAAA,0
ATTGCGAAACTCGAAT,0
ATTGCGATCCGAATCA,0
ATTGCTCCAGACACAA,0
ATTGCTTTACTCCAAC,0
ATTGGAATGGGGGGCC,0
ATTGGACCTTCTGTGA,0
ATTGGACTCTATACTG,0
ATTGGATTTTAATCGC,0
ATTGGCAAGTATATCC,0
ATTGGCGCGGGATAAG,0
ATTGGGACTGTACGCT,0
ATTGGGCAAGTATAAA,0
ATTGGGCGTAGAACAC,0
ATTGGTAGAATGTCAG,0
ATTGGTCGAACAATAT,0
ATTGGTTTACAGGCAG,0
ATTGTAAAATCTAATT,0
ATTGTACCTGCGATCA,0
ATTGTACTATAGAATG,0
ATTGTAGCAGGTTGCG,0
ATTGTATAACAGAAAT,0
ATTGTATATTGCCTAT,0
ATTGTCAAGGGTTGGT,0
ATTGTCATTGTGCCGG,0
ATTGTCCGGGGCTAAG,0
ATTGTCGTAGTCTGCA,0
ATTGTCTTGCAACACC,0
ATTGTGTAAAATACCT,0
ATTGTGTGATCATCTT,0
ATTGTTAAAATAAACA,0
ATTGTTACGTTTCTGA,0
ATTGTTGAAGGAAGCA,0
ATTGTTTACTCATCTA,0
ATTGTTTAGACGGAAT,0
ATTTAAAAAAACACTT,0
ATTTAAAACAGTAACT,0
ATTTAAAACCAGTACA,0
ATTTAAAAGACTGGCG,0
ATTTAAAAGTAAATCA,0
ATTTAAAGGGTGACAC,0
ATTTAAATGCAACAGA,0
ATTTAACAATTACCAC,0
ATTTAACACTACTGTG,0
ATTTAACTGCAGTTAG,0
ATTTAAGAGGTTGTAA,0
ATTTAAGTTGGCACAG,0
ATTTAATTGTAGAGAT,0
ATTTAATTTCAGATGG,0
ATTTACAAAGGGACTG,0
ATTTACAATTCATCGT,0
ATTTACACCAAAGAAC,0
ATTTACCAAGGAGAAC,0
ATTTACGACACGCACG,0
ATTTACGCTCTTAACG,0
ATTTACGGTGACCGGT,0
ATTTACTATCGCAATT,0
ATTTACTGACCAGGCC,0
ATTTAGATTAAAAACA,0
ATTTAGATTCGGTCAC,0
ATTTAGCGCAAAAAAG,0
ATTTAGGACCGACGAA,0
ATTTAGTAGTGACGTC,0
ATTTATAAAACAATAA,0
ATTTATATAATGCCCC,0
ATTTATATCGATCCTA,0
ATTTATCCGAATTAGG,0
ATTTATGACCTGGAGA,0
ATTTATTCCATAAACT,0
ATTTATTGCTTTCGGG,0
ATTTCAACCCCTAATT,0
ATTTCAATCAGCAATC,0
ATTTCAATCTCTACTT,0
ATTTCAATGCAATAAA,0
ATTTCAGTCCCCAATA,0
ATTTCATACAAAGACA,0
ATTTCATATGACTTGC,0
ATTTCATGAACTGCGA,0
ATTTCCAATAAGCATT,0
ATTTCCCAAGCTATTA,0
ATTTCCGTTGCCATGT,0
ATTTCGAGCATACAAT,0
ATTTCGCAACCCACAC,0
ATTTCGCAGACATCAC,0
ATTTCTAAGACTACTG,0
ATTTCTAATAATTTTT,0
ATTTCTCAGAAAGTCT,0
ATTTCTCATTGTCACA,0
ATTTCTGTTACGCCAT,0
ATTTCTTGACTGACTG,0
ATTTCTTGTAAAATCA,0
ATTTGAATGATTTACA,0
ATTTGAATGCAACAGA,0
ATTTGAATTCCATTAT,0
ATTTGAGACATGATAA,0
ATTTGAGTACCCGCCT,0
ATTTGATAAATGACCT,0
ATTTGATAAGACTCGG,0
ATTTGATCGCGGAAGA,0
ATTTGATTAATTGCGC,0
ATTTGATTAGACTACG,0
ATTTGATTTATGGTAT,0
ATTTGCAGATATCCAG,0
ATTTGCCAACTCAAAC,0
ATTTGCTACCGGCCCT,0
ATTTGGAATAACCGAC,0
ATTTGGACTTTTAACT,0
ATTTGGCAGTTAAATG,0
ATTTGGGTCTTCAATG,0
ATTTGGTTAAATGACC,0
ATTTGTAATGGGTTTA,0
ATTTGTACATAATAAG,0
ATTTGTATCCTACATT,0
ATTTGTCTCCTACGAA,0
ATTTGTGCTACAAGTC,0
ATTTTAAACACTATCA,0
ATTTTAAATCACAGAA,0
ATTTTACATAAAAGTC,0
ATTTTACCATCTCGTG,0
ATTTTACGGTTTCGAC,0
ATTTTATAGCATCATA,0
ATTTTCCAAACTACTC,0
ATTTTCCAAGAAGTTG,0
ATTTTCCCAATGATAA,0
ATTTTCCCTTAATATT,0
ATTTTCCTTATCTAAG,0
ATTTTCCTTCAACGCT,0
ATTTTGACCTATGACG,0
ATTTTGAGAGTATTCA,0
ATTTTGAGGAAGCATG,0
ATTTTTAAATAATCAA,0
ATTTTTCCCAGATCAT,0
ATTTTTCGTCTTGGAT,0
ATTTTTGACAACCATA,0
CAAAAAAAAACAGACT,0
CAAAAAAAAATAGCCC,0
CAAAAAAACCAAACTT,0
CAAAAAAGTGTTAAGC,0
CAAAAAATCGTAATAA,0
CAAAAAATTGGACGAA,0
CAAAAACAAGCATTGG,0
CAAAAACAGACACTAA,0
CAAAAACATGGCCATG,0
CAAAAACTTTTCGAAT,0
CAAAAAGTAAAATTTA,0
CAAAAAGTCTGGGTTA,0
CAAAAAGTGTAGAATC,0
CAAAAATAAGCAAACT,0
CAAAAATAGATAGAGA,0
CAAAAATATTAGCCAG,0
CAAAAATCAATCAGTG,0
CAAAAATCTCTACAGC,0
CAAAAATGGGATTGTG,0
CAAAAATTAAAGCACA,0
CAAAACCAATCCCGGT,0
CAAAACCCGCTAACAC,0
CAAAACCTGACCGCTT,0
CAAAACCTTCGCGTGG,0
CAAAACGACGATCTTT,0
CAAAACGCCAACTCAC,0
CAAAACGGCAACAAAA,0
CAAAACTAAGTTTAAT,0
CAAAACTCAAAAATAG,0
CAAAACTCAGTTCCGA,0
CAAAACTCATACAAAA,0
CAAAACTGACCTCGAC,0
CAAAACTTTACAAATG,0
CAAAAGAAATTGTATA,0
CAAAAGAACCTCCGAC,0
CAAAAGACTATTTATG,0
CAAAAGAGCAATAGTA,0
CAAAAGATACTATTAT,0
CAAAAGATTCAAGTAT,0
CAAAAGCAGGAATGCG,0
CAAAAGCAGGACAATC,0
CAAAAGTCACGGCAGT,0
CAAAAGTTTACTTAAA,0
CAAAATAAAAATTCTA,0
CAAAATAATGGATCTC,0
CAAAATAATTACGGAA,0
CAAAATACTAACGTAG,0
CAAAATCATTATGATA,0
CAAAATCCAAATATGG,0
CAAAATCCTGTACTGA,0
CAAAATGAAGAATTCC,0
CAAAATGACTACAGTG,0
CAAAATGAGATCCTTG,0
CAAAATGATTAACCTA,0
CAAAATGCCCTAGTAT,0
CAAAATGGTAAACTCG,0
CAAAATGTCTAGAACA,0
CAAAATGTTTACATAT,0
CAAAATTAGTCAGATG,0
CAAAATTAGTCGCAAT,0
CAAAATTGTAAGAACA,0
CAAACAAAGAAGGATC,0
CAAACAAATCTCAATA,0
CAAACAACCCACGTCA,0
CAAACAAGTGCGTTGA,0
CAAACACAGGCGAACC,0
CAAACACCATCATGAA,0
CAAACACCGCAGTTGC,0
CAAACACTTCAATGAA,0
CAAACATCATTCGAAT,0
CAAACATGATGAAGCA,0
CAAACATTACGTTGGG,0
CAAACCAAATACTTAA,0
CAAACCAACCCCGTAA,0
CAAACCAATCATTGAG,0
CAAACCATAAAATTAA,0
CAAACCCATGCAAGCA,0
CAAACCGAGCCTATAA,0
CAAACCGCCCAATATT,0
CAAACCGTGACGGTAT,0
CAAACCTTCGATTTCG,0
CAAACCTTCGCTAGAA,0
CAAACGAACTTCAAGT,0
CAAACGACAACTCCAA,0
CAAACGATAAATCCGA,0
CAAACGATGCATATAC,0
CAAACGCAAAATCAAG,0
CAAACGCCCTAGTATG,0
CAAACGCTCCATCAGA,0
CAAACGGATTACGAAC,0
CAAACGGTCACAGCCC,0
CAAACGTACCCTATTA,0
CAAACGTCCATCTGCG,0
CAAACGTGGACATACG,0
CAAACTAAATACAAAA,0
CAAACTACTCCGTATT,0
CAAACTCCGATCATGT,0
CAAACTCTCTATGGCG,0
CAAACTGATACTGAAA,0
CAAACTTACCCGGAAA,0
CAAACTTCAACAAGAG,0
CAAACTTTATCAAGTA,0
CAAACTTTTATAAAGA,0
CAAAGAAAAATTATTT,0
CAAAGAAAGTTACGAA,0
CAAAGAAATACCACGT,0
CAAAGAACTCAGAAAA,0
CAAAGAATGAGAGCAA,0
CAAAGACCGGAAACAT,0
CAAAGACGCTTACAAT,0
CAAAGAGAACCCAATC,0
CAAAGAGTTCATACGT,0
CAAAGATAATGCGATG,0
CAAAGATCACTATACG,0
CAAAGATTGAAGAAGG,0
CAAAGCAAAGTCTTGT,0
CAAAGCAATGAACCAT,0
CAAAGCACTTCGGCAC,0
CAAAGCAGTCATATTG,0
CAAAGCAGTTTTTAAA,0
CAAAGCCAAAAAAATT,0
CAAAGCCTCCTCAGCC,0
CAAAGCCTGTCCTGAG,0
CAAAGCGGCATTTGTA,0
CAAAGGAAACGGGCGA,0
CAAAGGAAAGTACAGG,0
CAAAGGACCTTGCGCA,0
CAAAGGACTGAATCAG,0
CAAAGGAGCCGTTCAA,0
CAAAGGATAAATTAGA,0
CAAAGGATAAGAACGG,0
CAAAGGATACCCGAGT,0
CAAAGGATTACCCAAA,0
CAAAGGCGTAGAACCT,0
CAAAGGCTAGGGATAG,0
CAAAGGCTCATACAAG,0
CAAAGGGATAAAAGCA,0
CAAAGGTAGTTGAAAC,0
CAAAGGTATTTCTCGA,0
CAAAGGTGGTCACTCG,0
CAAAGGTGTTGTCTCC,0
CAAAGTAAACCTGAAA,0
CAAAGTATGTAACATA,0
CAAAGTCATTAACCTA,0
CAAAGTCCATGCTGCG,0
CAAAGTGAATACCCCT,0
CAAAGTGCACTAACAA,0
CAAAGTTAGCTTAAAC,0
CAAAGTTATATATGGT,0
CAAAGTTTACTCTACA,0
CAAATAAAATATTGCG,0
CAAATAAACAGTCATC,0
CAAATAAAGAATACAG,0
CAAATAAGTTGAGCAT,0
CAAATAATGATTACGT,0
CAAATACCACGGAGTT,0
CAAATACCGGTATAAC,0
CAAATAGACAGGATCA,0
CAAATAGGTTGAACGA,0
CAAATAGTAGTTCACG,0
CAAATATACGCAGTTA,0
CAAATATATAAAACGC,0
CAAATATCAAAACGTA,0
CAAATATCCCATTTCA,0
CAAATATTCCAGCGTG,0
CAAATCACTCTGAGAC,0
CAAATCATTTATTGTG,0
CAAATCCTCCCCAGAC,0
CAAATCCTTATTAGTG,0
CAAATCGCCACAAACT,0
CAAATCTATTGTAAAC,0
CAAATCTTAGATTTTA,0
CAAATGAAAACCTTCG,0
CAAATGAAAAGCACAC,0
CAAATGAACAAATACA,0
CAAATGAACTAAAATC,0
CAAATGAAGTAAAACA,0
CAAATGCAGACTACTC,0
CAAATGGGTAAGAATC,0
CAAATGTTGCTTGGAT,0
CAAATTAATCTTATTG,0
CAAATTAATTAAGACT,0
CAAATTACACTTCGGA,0
CAAATTACCGGTCATG,0
CAAATTACTCCCTGAC,0
CAAATTAGAGCTATTA,0
CAAATTAGGGTGAATC,0
CAAATTATCGTCTCAA,0
CAAATTCACTCTTAGG,0
CAAATTGCACGAATAC,0
CAAATTGGAGACAACA,0
CAAATTGGATATTGAA,0
CAAATTGTATCCACAA,0
CAAATTTCACAATGAA,0
CAAATTTGATAAAACT,0
CAACAAAATAAAGAGC,0
CAACAAAATCATTTAG,0
CAACAAATTCCGAATA,0
CAACAACATCATAGGG,0
CAACAACATGACGGAA,0
CAACAACCGTAGATAC,0
CAACAACTATCCACAA,0
CAACAACTGTAAAGCC,0
CAACAACTTATAAACA,0
CAACAAGATCAAAGTG,0
CAACAAGCCAAGATTT,0
CAACAAGCCGTAACCA,0
CAACAAGGGATGCAGG,0
CAACAATAAGTTAAGA,0
CAACAATACCCATCTA,0
CAACAATATCTTAAAT,0
CAACAATGCTATTAAC,0
CAACACCAAGCCAATA,0
CAACACCACAGTTAGT,0
CAACACCACATAACAA,0
CAACACCTATCTCCCC,0
CAACACGACAAATCGT,0
CAACACGACTACGTCC,0
CAACACGCATAAATGA,0
CAACACGGCATGACCC,0
CAACACGTTAGAAAAG,0
CAACAGAAATTAAGCA,0
CAACAGAACGGTTTAA,0
CAACAGACTAGCTTAA,0
CAACAGTAAGGGCTGG,0
CAACAGTGCTTAGAAC,0
CAACAGTTGGCTTTAC,0
CAACATAAATGGCGAA,0
CAACATAGCAGCATTC,0
CAACATAGTAATAATG,0
CAACATATAAACCCAG,0
CAACATCATCTGTTTT,0
CAACATCCAGGTGACG,0
CAACATGAAATACTTC,0
CAACCAATAGGTGTAT,0
CAACCAATTTATTAAA,0
CAACCACAATTACAGC,0
CAACCACAGACCAGTG,0
CAACCACCCGCGATAA,0
CAACCACGATGAGCAG,0
CAACCACGCTCTATGT,0
CAACCACTCAAAGCTA,0
CAACCACTGTGTATGG,0
CAACCAGATTATAGCG,0
CAACCAGTGTCGTAAC,0
CAACCAGTTTAAACTA,0
CAACCATACAGCAGAC,0
CAACCATGGCCACAAA,0
CAACCATTTTTATTTA,0
CAACCCAAAATATATA,0
CAACCCACCGAAACGC,0
CAACCCAGAGTAATAC,0
CAACCCAGTTTGCCAA,0
CAACCCATGGTTCTTC,0
CAACCCCGCCTGATAA,0
CAACCGAAAAGGTTTG,0
CAACCGACCGGCCCCG,0
CAACCGACGTGAGACC,0
CAACCGATAACTCGGA,0
CAACCGATCCAAATTG,0
CAACCGATTTAACTTT,0
CAACCGATTTTATGTC,0
CAACCGCCCCATACCT,0
CAACCGGATGATGATA,0
CAACCGTAAACAACAG,0
CAACCTAAATGACCGT,0
CAACCTACAACATGAC,0
CAACCTACATTTATGA,0
CAACCTCAAAACCGGC,0
CAACCTCAGCGCGTCA,0
CAACCTTAACCAAACC,0
CAACCTTAGCAAGATT,0
CAACCTTCACTTACTA,0
CAACCTTTATAAAAAA,0
CAACGAAAAATCTTCC,0
CAACGAAAAGCAACTA,0
CAACGACAATGCATGG,0
CAACGACACTCCAGAA,0
CAACGACAGCTTATAA,0
CAACGAGACCGCATGC,0
CAACGAGGAAAAGTAC,0
CAACGATCAGAATGAA,0
CAACGCACACCATGGA,0
CAACGCAGGCAAATAT,0
CAACGCGACCTGAATA,0
CAACGGAAGTACAGAG,0
CAACGGGGAAAAAATA,0
CAACGGTTCCCGAACT,0
CAACGGTTGTCATTTC,0
CAACGTATAAAAGCCA,0
CAACGTCCTTTTTGCC,0
CAACGTCGATGGACGC,0
CAACGTTAAGGTATGA,0
CAACGTTACATCTGCC,0
CAACGTTTCTCATTAG,0
CAACTAAAATTATACC,0
CAACTAAACCTCACAC,0
CAACTAAAGTATAGGG,0
CAACTAAGAGAAGCGA,0
CAACTAATCCATTGGA,0
CAACTAATCTTACAGC,0
CAACTAATGTTGAGTA,0
CAACTACAAGCCTATT,0
CAACTACCATTCATTG,0
CAACTATTAACGACCA,0
CAACTATTGGCAGGGA,0
CAACTCCAACATGGAG,0
CAACTCCACGCCAGTA,0
CAACTCCACTAAATGT,0
CAACTCCTAAAAAATG,0
CAACTCCTACTCACAC,0
CAACTCCTTACAGGCA,0
CAACTCTACAAATTAT,0
CAACTCTCATCAGTAT,0
CAACTCTCTCGACAAG,0
CAACTCTGTTCACCTA,0
CAACTGAAATTTGCGA,0
CAACTGATTACAAAGT,0
CAACTGATTATTTTCC,0
CAACTGCAAAAATCGC,0
CAACTGCACACCAACA,0
CAACTGGCCAACATTT,0
CAACTGGTACGCCAAC,0
CAACTGGTCATCATCT,0
CAACTGTATCCAAAAC,0
CAACTTAACATCGTCA,0
CAACTTAACTGAACAG,0
CAACTTAGGAAGGACT,0
CAACTTCAAGACCCGG,0
CAACTTCGACTACCCG,0
CAACTTCGATTGATAC,0
CAACTTGTAACAAGTC,0
CAAGAAAAATGATGGA,0
CAAGAAAATCCTATAA,0
CAAGAAACATTGACGA,0
CAAGAAAGACAACACC,0
CAAGAAAGGAAACCCA,0
CAAGAAAGTCCTCAAA,0
CAAGAAATATCGGCCC,0
CAAGAAATTCAATAAT,0
CAAGAAATTGAACGCG,0
CAAGAACAAAGTACGA,0
CAAGAACCTCATATAG,0
CAAGAACGATTATCTA,0
CAAGAACTACCAGCTA,0
CAAGAAGGGGATGCTA,0
CAAGAAGTAACATTTG,0
CAAGAAGTACGATAGA,0
CAAGAAGTTTCTTTGC,0
CAAGAATAGCAGGGAA,0
CAAGAATTAAATGGAA,0
CAAGACAACCCAAAAA,0
CAAGACAATACGAATC,0
CAAGACACAATTGGCC,0
CAAGACCTAAGATGCG,0
CAAGACCTATGTGATA,0
CAAGACGCCAAAAAAA,0
CAAGAGAGGTGCCAAC,0
CAAGAGATAGACCTGA,0
CAAGAGGAACGCGACA,0
CAAGAGGAAGTATCAC,0
CAAGAGGCAAATCAGG,0
CAAGAGGCATACTTTC,0
CAAGAGTACCACAAAT,0
CAAGAGTATACGGTGA,0
CAAGAGTCGCCCAAAT,0
CAAGAGTCTTAAACCA,0
CAAGAGTGCGAGGAAG,0
CAAGAGTTTCAAGCTA,0
CAAGATACTCACCCTT,0
CAAGATATGCCTTTCT,0
CAAGATCAACTTACGC,0
CAAGATGAATTCATAA,0
CAAGATGCACTGAAAA,0
CAAGATGTTACTAAAA,0
CAAGATTAAAATAGTT,0
CAAGCAAACTTGTCGC,0
CAAGCACCCGAAAAAA,0
CAAGCAGAAGCAAAAA,0
CAAGCAGATCTTGGTG,0
CAAGCAGGGGGAATTG,0
CAAGCAGTAAACTGTT,0
CAAGCAGTGCATGTAC,0
CAAGCAGTTACTCCCG,0
CAAGCATGATAGATGT,0
CAAGCATTCGTGGCTA,0
CAAGCCACGTCTCCCA,0
CAAGCCCGACCCCATC,0
CAAGCCGGTGCATAAA,0
CAAGCCTAATAAGCGA,0
CAAGCCTGGTATAATA,0
CAAGCGACCTGCCTCA,0
CAAGCGACGCATCCCC,0
CAAGCTGAATTGCTTG,0
CAAGCTTGACACACTT,0
CAAGCTTTTAAATGAG,0
CAAGGAAAGGCGACAT,0
CAAGGAACCTACTACA,0
CAAGGAAGCCGCCTTA,0
CAAGGACATGAGGGCC,0
CAAGGACCATTGATCC,0
CAAGGACGGACGTTAA,0
CAAGGAGCCATTACTA,0
CAAGGAGGCAAGGATT,0
CAAGGAGTTTTTTTCA,0
CAAGGATCTACACCAA,0
CAAGGCAATACCTGAC,0
CAAGGCAGACCAAAAA,0
CAAGGGATAACTGAAT,0
CAAGGGCTTCTTATTT,0
CAAGGGTATATAACAC,0
CAAGGGTGGCTATCTA,0
CAAGGTGTCCGAGCAT,0
CAAGGTTGTCGCATCT,0
CAAGTAAGCACTTCTC,0
CAAGTATACATTTTAA,0
CAAGTATGATGGGGAT,0
CAAGTCATTAGTAAGA,0
CAAGTCCGCATGTGTA,0
CAAGTCTCTGTCTACG,0
CAAGTCTCTTATTAAA,0
CAAGTCTTTTAGTAGA,0
CAAGTGAAACAGTAGA,0
CAAGTGACCGCCACCA,0
CAAGTGAGCATTACCA,0
CAAGTGCTGAATATAA,0
CAAGTGGACCGATTAA,0
CAAGTGTATTACAATT,0
CAAGTGTTGATCAGTT,0
CAAGTTAGCCTTACCG,0
CAAGTTAGCTTGTAAT,0
CAAGTTGAACTCGACA,0
CAAGTTGAATTCTCAC,0
CAAGTTGAGAAGTAAT,0
CAAGTTGATTATATTA,0
CAAGTTGCTAGAAAAA,0
CAAGTTGTAATAGGAA,0
CAAGTTGTCGGAGACG,0
CAAGTTTACAAGTGGT,0
CAAGTTTTATGTTCGC,0
CAATAAAAAGATAACT,0
CAATAAAAATGCAGTG,0
CAATAAAACAGGGCCA,0
CAATAAAACCGATGAG,0
CAATAAAACTCAATAA,0
CAATAAATCCACTTAC,0
CAATAACAAAATGATA,0
CAATAACACTAACTGT,0
CAATAACAGACTGACG,0
CAATAACATCCCAAGC,0
CAATAACGGCGTCAAC,0
CAATAACTCAATTAAG,0
CAATAAGAACCCTCCC,0
CAATAAGGCCAACAAC,0
CAATAAGTAAGCCTAA,0
CAATAAGTTAGCCGCG,0
CAATAATCACCCATAT,0
CAATAATGAAAAAATC,0
CAATAATTTAATGTCT,0
CAATACAGTATACTAA,0
CAATACGATAAACCGA,0
CAATACGCATCCATAC,0
CAATACGCTGCATAAT,0
CAATACTAAACATACC,0
CAATACTAAACATACT,0
CAATACTTACAACTAG,0
CAATAGAAAACAGCCC,0
CAATAGAACAACTAGC,0
CAATAGAAGCTTTGGA,0
CAATAGACATGTTTTA,0
CAATAGACTAGTGGAC,0
CAATAGAGAGGGGTTC,0
CAATAGCCCTTTGAAT,0
CAATAGGTTGATCAGG,0
CAATAGTAAACGATGG,0
CAATAGTAATAAAAAG,0
CAATAGTCCAGGATGA,0
CAATAGTGGGACAATT,0
CAATAGTTTAAATGAA,0
CAATATAACGACCAAA,0
CAATATAATGTATGCC,0
CAATATACACTCAGTG,0
CAATATATGCACAAAA,0
CAATATCAAACGTACG,0
CAATATCACAGAGGAC,0
CAATATCCTTCGTCTA,0
CAATATGGCTCGATTA,0
CAATATGGTTGCCATC,0
CAATATGTGGCTAAAC,0
CAATATTAAGACAATG,0
CAATATTAGTAATGTG,0
CAATATTCCTGGATAA,0
CAATATTGCCATGAAA,0
CAATATTTACTCTTAT,0
CAATCAAGGGAACCAT,0
CAATCAATCAGCCTCA,0
CAATCACCTGTGACAA,0
CAATCACGTCAATTCT,0
CAATCAGAACCAATAC,0
CAATCATCGCTCACAA,0
CAATCATGAATCCTAT,0
CAATCATTAGTGGGAT,0
CAATCATTTTTTAGCC,0
CAATCCCGATCACCTC,0
CAATCGAAATAGTGTC,0
CAATCGATTCACAAGT,0
CAATCTATACTAACAA,0
CAATCTCAGGTATATT,0
CAATCTCGCATCCAGA,0
CAATCTGATAACTGGC,0
CAATCTGCTGCCCAGG,0
CAATCTGTACATAACA,0
CAATCTTCGCGGTGTG,0
CAATGAAATTCGAAAA,0
CAATGAACCCTGGACG,0
CAATGAATATTGAAAG,0
CAATGACCCTTATGCG,0
CAATGACCTTACATAA,0
CAATGACCTTCCCTAG,0
CAATGATAATGAACCA,0
CAATGCATAAATGAAC,0
CAATGCCAAAAAACGC,0
CAATGCCAACACGATA,0
CAATGCCGTCTATAGT,0
CAATGCCTAACAACAC,0
CAATGCGAGCGAGCGC,0
CAATGCGAGCTAAAAC,0
CAATGGAATCTAATAA,0
CAATGGACTCTTATGC,0
CAATGGATGTTGTGGC,0
CAATGGCATACGTAAA,0
CAATGGCTAAATGGAG,0
CAATGGGATCGTATCT,0
CAATGGGGAAGCTAAT,0
CAATGGTAAGAAATAC,0
CAATGGTGAAATCACT,0
CAATGTAACACGAAAC,0
CAATGTAGGCTAGACC,0
CAATGTATAATTATAC,0
CAATGTGACTAATTTG,0
CAATGTTCAGATATTG,0
CAATGTTTTTGGGACC,0
CAATTAAAAAAAACAA,0
CAATTAACAACTAGTA,0
CAATTAACGTAAAACA,0
CAATTAAGCATCACCA,0
CAATTAAGTAAATAAC,0
CAATTAATCACAGTAA,0
CAATTACACTATAAAT,0
CAATTACTTACGAGCA,0
CAATTAGAACATTTTA,0
CAATTAGGCCTATAAA,0
CAATTAGTTTGGCAAG,0
CAATTATCCGTAATAA,0
CAATTCAACACCCAAC,0
CAATTCACGTCGCTAT,0
CAATTCACTACATAAA,0
CAATTCATCGGAAATA,0
CAATTCATTCATTGAA,0
CAATTCCTAGGTGCAT,0
CAATTCCTTCTTATAC,0
CAATTCGAGATTTAAT,0
CAATTCGTCCATTTAC,0
CAATTGATGAATATAC,0
CAATTGGACTATGCGT,0
CAATTTAAAATTCTGT,0
CAATTTAACAACGATG,0
CAATTTAAGTGTGGTC,0
CAATTTACACATTGTG,0
CAATTTGAAATTTGTA,0
CAATTTGAGTCTATTC,0
CAATTTGCCCTACCTC,0
CAATTTGGTAATCTCC,0
CAATTTGTTTCCCAGA,0
CAATTTTGGACTAACA,0
CAATTTTGTTCGAACC,0
CACAAAACAGCGCTCC,0
CACAAAGCACGGCACT,0
CACAAAGCAGTTGATC,0
CACAAATAACAACCCG,0
CACAAATAATAAAGAT,0
CACAAATCTTGATAGC,0
CACAAATGAATTGCCC,0
CACAAATTACAGGCAA,0
CACAACAAAAAGCTAG,0
CACAACAAACCACCAA,0
CACAACAGTAATAAAA,0
CACAACGAAATGGATC,0
CACAACGCAATAAAGC,0
CACAAGATACGTATTA,0
CACAAGCTACTCCGAT,0
CACAAGGAAGGGGAGT,0
CACAAGTAGCCAAAGG,0
CACAAGTGAATAACTC,0
CACAATAAAGTTTTAA,0
CACAATAGATTACATT,0
CACAATTACCTTCTCA,0
CACAATTTTAGCGAGA,0
CACACAAAGCAAAGTG,0
CACACAATAATTCTTG,0
CACACACACAAAACTT,0
CACACACATGCTTGGC,0
CACACACTATGAAAAG,0
CACACACTCAGAAACT,0
CACACAGTAATAGGAA,0
CACACATCGAAAATAC,0
CACACCAAAGAAGAAA,0
CACACCAAAGAATATG,0
CACACCAAGAATGACC,0
CACACCAGTTCCAATC,0
CACACCATGTCTTCGA,0
CACACCGATAAACTGA,0
CACACCGCCGAGACAC,0
CACACCGGAGACCTAA,0
CACACCTACCCGAGTG,0
CACACGAAATCCAAAA,0
CACACGCACCGCACTC,0
CACACTAAATCCAAAA,0
CACACTAATAGGTCTC,0
CACACTAGTTTGTGAG,0
CACACTATCAACAGCC,0
CACACTCGGAGGCTAG,0
CACACTGAAGGCCACT,0
CACACTGAGTGCGAAC,0
CACACTTTTAAAAGAG,0
CACAGAAGTCTTACAT,0
CACAGACTATGAGAAT,0
CACAGACTGAAACGTT,0
CACAGAGGATTGACCA,0
CACAGATTACAAGCCG,0
CACAGCAAACTGTAAT,0
CACAGCATATAATATA,0
CACAGCCGAATATCTA,0
CACAGCTATAAGCCCC,0
CACAGGAACAAATTGT,0
CACAGGAAGAGCTAAA,0
CACAGGAGACAAAGCA,0
CACAGGAGTATGTCAA,0
CACAGTCTCGCACCTG,0
CACAGTTGCAATATTT,0
CACATAAGCTTATAAT,0
CACATAATATTAACAA,0
CACATAATCAATTTAT,0
CACATAATCATGTTAA,0
CACATACATACAAATG,0
CACATAGAACCGTAGG,0
CACATAGCGCGCACCA,0
CACATAGGCTTCCACT,0
CACATCAAATCATTCG,0
CACATCATAAGTAGTA,0
CACATCCAAAGGACAG,0
CACATCCAGCTGATAA,0
CACATCGACACAAATC,0
CACATCTAGAGCCGTC,0
CACATCTCATCATGCT,0
CACATCTTTAAGTATT,0
CACATGAACTGCAAAA,0
CACATGCGACGTATCA,0
CACATGTAAGTTCCTA,0
CACATGTACATAGCGT,0
CACATGTCTAATATTA,0
CACATGTTGGCAAAGT,0
CACATGTTTTGATACC,0
CACATTACAGACGATA,0
CACATTCGTACGTAGC,0
CACATTCTGTCTTCTC,0
CACATTCTTCACATAC,0
CACATTGAATAAGATT,0
CACATTGCGGCTATTT,0
CACATTGTACTGAATA,0
CACATTTAGTTCGAGT,0
CACATTTGACTCGCTA,0
CACCAAAATGCTTGCC,0
CACCAAACAGAACTGA,0
CACCAACGCGATAACC,0
CACCAAGAAGCACCTC,0
CACCAAGACACGCATG,0
CACCAAGTTAGCAGAG,0
CACCAATAATATTGAG,0
CACCAATACAATAATG,0
CACCAATACTGAGATG,0
CACCACAAACAACCCT,0
CACCACATAAAAAGTC,0
CACCACATCCAACTAC,0
CACCACATGAATGAAG,0
CACCACCCTGGCGCAC,0
CACCACTACTAAAAAC,0
CACCACTGTAAAACTT,0
CACCACTTTAAATTTA,0
CACCAGAATAAAATAA,0
CACCAGCGAACCTGTA,0
CACCAGTCTTGAAGTT,0
CACCAGTGATATGACA,0
CACCAGTTATTGCTCA,0
CACCATAACAACCCGG,0
CACCATAATTACTTTA,0
CACCATAGTAGGAAAT,0
CACCATATCCAATTAT,0
CACCATCAAGACCAGG,0
CACCATCCCGAACACC,0
CACCATCCGATTCCAA,0
CACCATCGCTTCTGCT,0
CACCATGAATCACGCA,0
CACCATTAACAGCAAA,0
CACCCACAGCATAAGA,0
CACCCAGGCATTTATG,0
CACCCCAACACAAACG,0
CACCCCACACCGTTAT,0
CACCCCAGGCAGGTCC,0
CACCCCGACCTAATTG,0
CACCCCTATTCACAAT,0
CACCCGAATCTTACTA,0
CACCCGACTAAGTGAT,0
CACCCGGACCCCGTAC,0
CACCCTCAGAGTAACA,0
CACCCTTTAAAAATAT,0
CACCGAACTAGGACAA,0
CACCGAATCACATCAG,0
CACCGACTACTCCAAG,0
CACCGGTTCCATAAGC,0
CACCGTATAAGTCATG,0
CACCGTTTATGTTAAA,0
CACCTAAAAACAAGAC,0
CACCTAAAACTATATA,0
CACCTAAAGAACCTAA,0
CACCTAAGCAAACATG,0
CACCTACGAGCACGCA,0
CACCTACGATACACAC,0
CACCTACTAAAAAGGA,0
CACCTAGTCAGAGTTT,0
CACCTCAATAAGAGGC,0
CACCTCACGAGCTTGG,0
CACCTCCAAAATGGCA,0
CACCTCCATCTGACTA,0
CACCTCTCAACCCATG,0
CACCTCTGAACAGGTC,0
CACCTGAGAAAATTAT,0
CACCTGGTACCGTACA,0
CACCTGTTTATTATCC,0
CACCTTACCCGTGAAA,0
CACCTTACTAGTGTAT,0
CACCTTAGTGTACTAA,0
CACCTTCACACCCCGA,0
CACCTTCATCAATATA,0
CACCTTTATAATATTT,0
CACCTTTTTCTAAAAT,0
CACGAAATACCTCACT,0
CACGAAATATCCACTC,0
CACGAACAAGATAAAT,0
CACGAACAGGAGACAG,0
CACGAACATTCTAATG,0
CACGAACCCAAAATAA,0
CACGAACTTTAACATA,0
CACGAAGAAACATAAA,0
CACGAAGATCAAGTAA,0
CACGAAGTCAAAAACA,0
CACGAAGTCTTAAAAA,0
CACGAATACCCGGCAG,0
CACGAATAGCAACAAT,0
CACGAATATGACTTTT,0
CACGAATCAGAGGCGT,0
CACGAATGACAAAAAC,0
CACGAATTGCTTTACA,0
CACGACACAGTCATCT,0
CACGACATACGTAGTC,0
CACGACATCTTACTGG,0
CACGACATTGAGAATA,0
CACGACTCAACCCATA,0
CACGACTCAATCATGC,0
CACGAGAAAGTACCCC,0
CACGAGAAGACCATTT,0
CACGAGATTTCTAACT,0
CACGAGCAGCAATAAA,0
CACGAGTCGAAGGAAC,0
CACGAGTGTATATGAC,0
CACGATAGAGACGTAG,0
CACGATCTAATGTACA,0
CACGATTACACTCGTA,0
CACGATTACCGGAGCC,0
CACGATTCGGCGTTGC,0
CACGATTGAAAACATC,0
CACGATTGATGCTAAG,0
CACGCAAACATCTGTC,0
CACGCAGCACCTTCTC,0
CACGCATACATAATTC,0
CACGCCAGGTAAGCTC,0
CACGCCCCAATTTAGG,0
CACGCCCCCACAGATC,0
CACGCCCGGATCTCTG,0
CACGCCCTGAGTGGCT,0
CACGCCTAGAAACTCT,0
CACGCGATAAAACCGA,0
CACGCGCGGCCCGGAG,0
CACGCTAGATAAGCAA,0
CACGCTAGCGTAATAC,0
CACGCTCTGTGTCACC,0
CACGCTTACACAATCG,0
CACGGAAAAACAACGA,0
CACGGAAGTTACCCAA,0
CACGGACGACCAGAGC,0
CACGGACGTATAACAC,0
CACGGATCAAACTAAT,0
CACGGCATGCGTACAT,0
CACGGCCACCTTCAGG,0
CACGGCGCCTCTATCA,0
CACGGCGTCAAACTGG,0
CACGGCTACTATTAAT,0
CACGGGAATCCAATAC,0
CACGGTAGTAGAAAGT,0
CACGGTCACTAAGCTC,0
CACGTAAACTTGGGTT,0
CACGTAAGACATGGTA,0
CACGTACTGCACCTGA,0
CACGTAGCGATTGTGC,0
CACGTAGTCGAATTTA,0
CACGTATCAGAGGGGG,0
CACGTATTTGATTACA,0
CACGTCCTTAGCCTTA,0
CACGTGTAATAATCAA,0
CACGTGTCCCAAGATG,0
CACGTTACATGACACA,0
CACGTTATAATACCTT,0
CACGTTCAAGATGATG,0
CACGTTCTAGTTCGCT,0
CACGTTGACCCATAGA,0
CACGTTGCGAAACTAA,0
CACGTTGCGGAACAAA,0
CACGTTGGCACTATGT,0
CACTAAAAAGTTAAAG,0
CACTAAACGAGGTCAT,0
CACTAACCAGTTTACA,0
CACTAACCGTACCGAA,0
CACTAACCGTGCATCT,0
CACTAACGAGGTAAAC,0
CACTAATTCTCGACGT,0
CACTACAAACTATAAC,0
CACTACCAGGCTCACC,0
CACTACCCGTGTACAC,0
CACTACCTATGTTACC,0
CACTACGATACATCAA,0
CACTACGCCAGGGAAC,0
CACTACTATCCACCAC,0
CACTACTCCGTTAGAG,0
CACTACTTAATACAAT,0
CACTACTTGTCTAACA,0
CACTAGAAATACATGT,0
CACTAGAAATATATAC,0
CACTAGAATGGCTTTA,0
CACTAGATAGGCAACC,0
CACTAGCATGTACAAC,0
CACTAGGAGTAATAGT,0
CACTAGTATATTAATT,0
CACTAGTGCAAGAATT,0
CACTATAAAAATACCA,0
CACTATAAATTCGAGA,0
CACTATACTACATTAT,0
CACTATTCTTGCAAGG,0
CACTATTGAGTTTTGC,0
CACTCACACATCAGTA,0
CACTCAGTCTAATCCG,0
CACTCATCAAAACCGA,0
CACTCGACTTTTTAAC,0
CACTCGGAATACATTT,0
CACTCGTATATATAAT,0
CACTCTAAGCGGGCTG,0
CACTCTACAGGCAACA,0
CACTCTCCGGTTCGCT,0
CACTCTGGAACGGTAA,0
CACTCTTACGAACGTT,0
CACTGACACTTAGACT,0
CACTGAGATTAAATAT,0
CACTGCACCTACTGGC,0
CACTGCACGCTCAGAT,0
CACTGCGCTTACTAAA,0
CACTGGAAAGCGATTG,0
CACTGGATGTGCATAA,0
CACTGTAATGACTACG,0
CACTGTACCTCAGCCC,0
CACTGTCCAATAACTA,0
CACTGTTAGGATGGAA,0
CACTGTTGGCACAAGT,0
CACTTAACCGTTCTCA,0
CACTTACATAGTAACT,0
CACTTCATATTTAAAT,0
CACTTCCGCCCTATCC,0
CACTTGACCGGAATCT,0
CACTTGCAATAACAGT,0
CACTTGGCTTCCGACT,0
CACTTGGTTATTGGCC,0
CACTTGTCTACGCATA,0
CACTTTAGCAGAATGT,0
CACTTTATACTAATTA,0
CACTTTCACAAATTCG,0
CACTTTCGAAAAGCGT,0
CACTTTCTAATTTGTG,0
CACTTTGAAAGACAAA,0
CACTTTTATAAACAAC,0
CACTTTTCATACCTCA,0
CACTTTTGAAATAGCT,0
CAGAAAAACAGTTAAC,0
CAGAAAAATGAAGAAG,0
CAGAAAATAACGAGAT,0
CAGAAAATAAGAGTCA,0
CAGAAAATAATTACAC,0
CAGAAACAAACTTTGT,0
CAGAAACCCAGAAGTC,0
CAGAAACGACAAATCT,0
CAGAAACGTAGCGACT,0
CAGAAACGTCCTGCTC,0
CAGAAAGAAACCTACA,0
CAGAAAGACGAAGAAA,0
CAGAAATACTAAGAAC,0
CAGAAATTCATGACGA,0
CAGAAATTGTACCGCA,0
CAGAACAAGTCGTGGA,0
CAGAACAATAAGCCAC,0
CAGAACAGATGCAAAA,0
CAGAACAGCGAAATAT,0
CAGAACATCAAAAAGT,0
CAGAACCGACACGCTA,0
CAGAACCGTGGTCCGA,0
CAGAACGATGCTACTA,0
CAGAACGGCATACTCA,0
CAGAACGTAAATATAA,0
CAGAACTAAGAAGACG,0
CAGAACTAATCAGGAT,0
CAGAACTATTTTCCTG,0
CAGAAGACTAAGATCA,0
CAGAAGAGGAGACGTC,0
CAGAAGATAAAATACT,0
CAGAAGTGAAGAAGAA,0
CAGAAGTGGGTATCAA,0
CAGAAGTTAAACAATG,0
CAGAATAAGGGCCCCA,0
CAGAATACCATGTTAG,0
CAGAATATCTCAATTA,0
CAGAATCAATATATGA,0
CAGAATCGATAAGAAG,0
CAGAATCGTCAAACCT,0
CAGAATCTTATTATAA,0
CAGAATGTGCTAAAAG,0
CAGACAAAATCCCATC,0
CAGACAAATGCTACAG,0
CAGACAAATTTACATC,0
CAGACAACGACGTCCA,0
CAGACAACGATTTAGT,0
CAGACAACGCCTATCC,0
CAGACAATAGTTGTCC,0
CAGACACCGAACTGAA,0
CAGACACCGTTAAACA,0
CAGACACTGAACGTTC,0
CAGACAGCCTTATTAA,0
CAGACAGCTACCCTTA,0
CAGACAGCTATAATAA,0
CAGACAGTACAAAATG,0
CAGACATGCTGATCCA,0
CAGACATTTAGAAGTG,0
CAGACCACAGATATTA,0
CAGACCACTCCCCAAA,0
CAGACCATACGCGATA,0
CAGACCCGGGTGAAGA,0
CAGACCTCGATTTACG,0
CAGACCTCTGTATTCC,0
CAGACGATGACCCAAA,0
CAGACGCAAAGCAAGG,0
CAGACGCCCCTAAGCA,0
CAGACGCTTAATACGC,0
CAGACGTCATGATAAG,0
CAGACTAAGAATCACG,0
CAGACTCAAAAGAGAT,0
CAGACTCAGTTTTCAA,0
CAGACTCTCACTTCCT,0
CAGACTTAAGCGACCG,0
CAGACTTCGAATATAG,0
CAGAGAAATTTAGTGA,0
CAGAGAAGCTAAACTA,0
CAGAGACTAAAGACAA,0
CAGAGAGTATATTCAG,0
CAGAGATGGAATAAAA,0
CAGAGATTATGTATAG,0
CAGAGATTCAATTATT,0
CAGAGATTTAAAGAAA,0
CAGAGCAAAAGATCCA,0
CAGAGCAAGGAAATCG,0
CAGAGCAGTATGCAAT,0
CAGAGCGGACCCACGC,0
CAGAGCGGTAATCCCT,0
CAGAGGATGTGAACGA,0
CAGAGGCCCGTGATAG,0
CAGAGTATTGGGCTGA,0
CAGAGTGTTAGAATCC,0
CAGAGTTATAGAACAA,0
CAGATAAAAAAACCTA,0
CAGATAAGAATACCGT,0
CAGATAAGTGAGTTCA,0
CAGATACGCTTTAAGT,0
CAGATACGTATAGTGT,0
CAGATAGCCGTTTCGA,0
CAGATATGAAGCACTT,0
CAGATCAAGCATGTGC,0
CAGATCAATCGACTGA,0
CAGATCACCACAAACC,0
CAGATCCAGAAATGAA,0
CAGATCTATTTTTCAA,0
CAGATGAAAGCTGACA,0
CAGATGAACTCTCTCA,0
CAGATGACACATGCTT,0
CAGATGACACATGTTT,0
CAGATGATAAAGACCT,0
CAGATGCACAATGTAA,0
CAGATGGCTTGTATCC,0
CAGATGTTTTAGTGAC,0
CAGATTAAACCAAGTT,0
CAGATTACATCCGGCA,0
CAGATTATACGCTCAG,0
CAGATTCCGCAGTCAA,0
CAGATTCGAAGGCCTA,0
CAGATTGGCTACACCT,0
CAGATTTCGTCACATA,0
CAGCAAAATGGTGACA,0
CAGCAAAGTGTACATG,0
CAGCAAATGAATACCA,0
CAGCAACACCGCTATA,0
CAGCAACGCAGGGGAA,0
CAGCAAGTTTAGTTGT,0
CAGCACCGAATCCAAT,0
CAGCACCGGCCTAAAC,0
CAGCACCTCATGATTA,0
CAGCACGCAGGGTGGC,0
CAGCACTCCCGATTAC,0
CAGCAGGAGATAAGTA,0
CAGCATCCTTTCCATT,0
CAGCATCTACTTGCAG,0
CAGCATTAAAAAGCGC,0
CAGCATTATCTGAGGA,0
CAGCCACTGAATGAAT,0
CAGCCAGACCCGCCTT,0
CAGCCATATAATCCAT,0
CAGCCCAACAAAGAGT,0
CAGCCCATATCCTTTA,0
CAGCCCGCCACAACAT,0
CAGCCCGCGTGGATTC,0
CAGCCCGTAGCCAAAT,0
CAGCCCTAAGCTACCC,0
CAGCCCTTTCCGTACG,0
CAGCCGAAACGAACCA,0
CAGCCGAACAATACGT,0
CAGCCGAAGCCGGAAC,0
CAGCCGACACGAAGCG,0
CAGCCGATATACAAGC,0
CAGCCGCTTTGGCTTA,0
CAGCCTAATCCAAAGA,0
CAGCCTATGCTCAAGC,0
CAGCCTTGCTGGATAT,0
CAGCGAATAACAATTA,0
CAGCGAATTGTACCTG,0
CAGCGAGTTATCAGTC,0
CAGCGATCGAAAATGA,0
CAGCGCTAGAAACATC,0
CAGCGGAAAAACGCAA,0
CAGCGGACCGCCAAAC,0
CAGCTAAACTAATAAA,0
CAGCTCAAACAATGAT,0
CAGCTCAGCAAAACCG,0
CAGCTGCATAGAATAA,0
CAGCTGGCCGGGTTAC,0
CAGCTGGCCGTCCCTT,0
CAGCTTCACCCTATGT,0
CAGCTTCCATATGTAG,0
CAGCTTTACATATTAA,0
CAGCTTTGTATCTGTC,0
CAGGAAATAAACTAAA,0
CAGGAACTACTCGTCT,0
CAGGAACTTCTTAGGA,0
CAGGAAGACGGATAGC,0
CAGGACAAGATCTGTA,0
CAGGACACATTATATA,0
CAGGACACCCCAGTTA,0
CAGGACTTCCCATGGA,0
CAGGAGGCCTTGAACC,0
CAGGAGTCAGGTCCCT,0
CAGGATAAAACCAAGA,0
CAGGATATCGCCCGAG,0
CAGGATATCGGCCACC,0
CAGGATTAATTAAATA,0
CAGGCAATACAGTTAT,0
CAGGCACCGGCTTAAA,0
CAGGCACGATGAAAAA,0
CAGGCAGTTGCCCCCG,0
CAGGCCGCCTAAAACG,0
CAGGCCGGTTTTCACG,0
CAGGCCTCAGCACGTA,0
CAGGCTATGCAAATAA,0
CAGGCTCAGAGGCAGA,0
CAGGCTGCAAAATTGT,0
CAGGGAAAAACGTTCA,0
CAGGGAATCACTATAG,0
CAGGGATCAGATCGGA,0
CAGGGCCAGAACAAAC,0
CAGGGGTCGCAACATT,0
CAGGGGTGACAAAAAG,0
CAGGGTAACACACCTA,0
CAGGGTGAATAAGTAT,0
CAGGGTTACTGGCGAT,0
CAGGTACAAAGCACTA,0
CAGGTACATCATTTAT,0
CAGGTATTACCTACTT,0
CAGGTCAAATAGACGT,0
CAGGTCAGGCCAGGTT,0
CAGGTGAAGGGCCAAT,0
CAGGTGACACAATAAT,0
CAGGTGACGCACAATA,0
CAGGTTAACCTGATCA,0
CAGGTTAGGCACTGTC,0
CAGGTTATCGTTCACC,0
CAGGTTTAGTGATTAG,0
CAGGTTTTACTAACTT,0
CAGTAAAACCTTAAAT,0
CAGTAAAACTGATACA,0
CAGTAAAATGCCACAT,0
CAGTAAACTCTGATGC,0
CAGTAAATTCAGGTGA,0
CAGTAAGAGGTCTAAC,0
CAGTAAGGTAAGTCCA,0
CAGTAAGTAATCATAA,0
CAGTAATACTAAAAGA,0
CAGTAATCCTTCGCGC,0
CAGTACCATTAACATA,0
CAGTACCCCGAGCGTA,0
CAGTACGCCGACTACC,0
CAGTAGCAATTGCACA,0
CAGTAGTACAATAGAT,0
CAGTATAATAATGCCG,0
CAGTATAATTCCACAA,0
CAGTATATATGTACCA,0
CAGTATGAATACCAAT,0
CAGTATGCGTCTCAGA,0
CAGTCAGCTAAAGCAT,0
CAGTCATAAGCCCCGA,0
CAGTCATTATACTACA,0
CAGTCCAATAAATGAT,0
CAGTCCCCGCTGACCC,0
CAGTCCGCTTATTTAC,0
CAGTCCTTGAACAGAC,0
CAGTCGCACGCTCAAG,0
CAGTCGCTATAGCACT,0
CAGTCTCCATAGTTAC,0
CAGTCTTATAGACTCA,0
CAGTGAACCTGAATCC,0
CAGTGAAGCGGAATAC,0
CAGTGACATCGTCACC,0
CAGTGAGGCCTAGTAC,0
CAGTGAGGTCCCATTT,0
CAGTGATAAACCTCGT,0
CAGTGATAGGATATAC,0
CAGTGATTCCTCACAG,0
CAGTGCCTGAAAAACG,0
CAGTGCGTCATCATGC,0
CAGTGGTCTCATAGAG,0
CAGTGGTGGAGGAAGC,0
CAGTGTATAATCTAAC,0
CAGTGTATAATCTGAC,0
CAGTGTGCATAAATTG,0
CAGTTAACACAAATTC,0
CAGTTAATGCTTCTGA,0
CAGTTACCTGGATACA,0
CAGTTAGCCAGTAACT,0
CAGTTATCTAGAGTAT,0
CAGTTCAACAATGAAG,0
CAGTTCGGTGCTATGT,0
CAGTTCTTGAATCGAC,0
CAGTTGACAAAATATT,0
CAGTTGCTCGATGATA,0
CAGTTGTCCCAAAACT,0
CAGTTTCATCTTTGGG,0
CAGTTTCTAAAATAGG,0
CAGTTTGGCATAAGTT,0
CAGTTTGTCAGTAATA,0
CATAAAAAGACCCAAC,0
CATAAAAAGGACGGTC,0
CATAAAAATATGAATT,0
CATAAAAATATTAACT,0
CATAAAACGTATACGA,0
CATAAAAGACGTTAGT,0
CATAAAAGAGTGTCCC,0
CATAAAATGTACACAA,0
CATAAACAACGATATC,0
CATAAACATCATCAAA,0
CATAAACCCATCAACC,0
CATAAACGCCCACTAA,0
CATAAACTGGAAAAAA,0
CATAAAGAAGATATAA,0
CATAAAGACATTAAAA,0
CATAAAGCTAGCCATA,0
CATAAAGCTCACAATG,0
CATAAATAAACTCATC,0
CATAAATAAACTTCTC,0
CATAAATATAACTAAC,0
CATAAATCGCCTATAA,0
CATAAATGCTCAAACG,0
CATAAATTGGGCCATA,0
CATAAATTGTTGTTAG,0
CATAACAACGGGGATT,0
CATAACACACCCATTT,0
CATAACACGAATGCCC,0
CATAACAGAGAACTCT,0
CATAACATCTCGAACA,0
CATAACATGTATCGAT,0
CATAACCAACGGAGTT,0
CATAACCAGCCATGTA,0
CATAACCGACACCACC,0
CATAACCGTATAGAAA,0
CATAACCTTCCCACTT,0
CATAACGAACAGCACA,0
CATAACTATTCCCACC,0
CATAACTCGGCGCGCA,0
CATAAGAATCCCAAAA,0
CATAAGAGAAAGTAAA,0
CATAAGCAAAGATCAT,0
CATAAGCACCTCAAAC,0
CATAAGCACGAAGCGG,0
CATAAGGAAAATATCT,0
CATAAGGATGTCAGTT,0
CATAAGTGGGCTGATA,0
CATAAGTGTTCTGGCA,0
CATAATAACACGCGAT,0
CATAATAACATAGGGG,0
CATAATAATGATAAAG,0
CATAATACACAGAAAG,0
CATAATACTCAAGAAA,0
CATAATACTCCAAAAA,0
CATAATATATACGGGG,0
CATAATCCATGATAAT,0
CATAATCCTACAAAAG,0
CATAATCTTCCACTAA,0
CATAATGAAAAGGTAC,0
CATAATTAGACAGACT,0
CATACAAAAGGGAGAC,0
CATACAAAATGGTTCG,0
CATACAAAATGTCCTG,0
CATACAAAATTAAGAA,0
CATACAAACTCGAACA,0
CATACAAGACATAAAA,0
CATACAAGCCGCAAGC,0
CATACAAGCGAGGAAG,0
CATACAATCACTGGTA,0
CATACAATTAGTTAAT,0
CATACAATTTATACGA,0
CATACACAGAAGGTTA,0
CATACAGGCCTCATCT,0
CATACATACCTGTATC,0
CATACATTACCCAAGC,0
CATACCACAATACCCT,0
CATACCACCAGCCATT,0
CATACCCCGCTCACTA,0
CATACCTATATACACC,0
CATACCTTCGTACAAC,0
CATACGAAACCAACGC,0
CATACGAAATAAATCA,0
CATACGCCACTCGCGC,0
CATACGCCGCATACCA,0
CATACGGTTAGCCGTT,0
CATACTATTTCTATAA,0
CATACTCAAAACGTTG,0
CATACTGGACATACAG,0
CATAGAACAGTGGATG,0
CATAGAACCATTTACT,0
CATAGAAGATCAATTA,0
CATAGACCAGACTAAG,0
CATAGACCATCCCAAT,0
CATAGAGACAGGAAAC,0
CATAGAGACTACATAA,0
CATAGAGCGTAAACGA,0
CATAGATAGGTGAAAT,0
CATAGCAAAATATATA,0
CATAGCAAATACAAAT,0
CATAGCAAGTGAAAAT,0
CATAGCACTCACTAAA,0
CATAGCATCTTGAAAA,0
CATAGCCAATAGATGT,0
CATAGCCGAAGTCATC,0
CATAGCCTATGTACGC,0
CATAGCCTTTAACACT,0
CATAGGACGTTCCTGC,0
CATAGGACTTAAACGA,0
CATAGGAGCCATCCCA,0
CATAGGGACGTTACAG,0
CATAGGGCATGACTCG,0
CATAGGTACGAAAACT,0
CATAGGTCGTCTGACC,0
CATAGTACTAATGGAG,0
CATAGTCGAACAAACA,0
CATAGTGCGTTACTCA,0
CATAGTGGTGCCTTAT,0
CATATAAAAAAACCAT,0
CATATAAGACAAGATA,0
CATATAAGGCGAGTAG,0
CATATAATAAACTAAG,0
CATATACATAACTCGA,0
CATATACCCGCCAGAG,0
CATATAGTCCCACGAC,0
CATATATAACCGGTGC,0
CATATCAAGTCGGAGA,0
CATATCATGGACGAAT,0
CATATCGGAGGTTTGA,0
CATATGACATAAAAAG,0
CATATGACTGCTAAAG,0
CATATGAGATTGAGTA,0
CATATGAGCAACGGTT,0
CATATGATAACGTCCC,0
CATATGATAATATGTG,0
CATATGATATTAGGAA,0
CATATGCTTATCTACA,0
CATATTAACACAACAA,0
CATATTACAGATCTTA,0
CATATTAGGACTCAGT,0
CATATTATTATGTGCT,0
CATATTCAACTGGCAA,0
CATATTCCTCAACCCG,0
CATATTGAAAACTACT,0
CATATTTAGTGGCAGA,0
CATCAAAAAACAACAA,0
CATCAAAAGGCCCAAC,0
CATCAAAAGGGTCAGC,0
CATCAAAATCGTGGGA,0
CATCAAACATATAAAT,0
CATCAAAGACCAGTAC,0
CATCAAAGTCGATCTG,0
CATCAAAGTCTGTCCC,0
CATCAAATATACAATT,0
CATCAACAACCTATAT,0
CATCAACGTACCGTTA,0
CATCAACTCAAACAAA,0
CATCAAGCAATGCCTC,0
CATCAATTCTATTATA,0
CATCACAATAAAGATA,0
CATCACAATAGAGTCC,0
CATCACAGACATGAGT,0
CATCACCTGCACAACC,0
CATCACGAAGATGACA,0
CATCACGACAAAACCA,0
CATCACGATCCCCAAT,0
CATCACGCAAAGGGAA,0
CATCACTAGATAAACC,0
CATCAGACTATAGTGG,0
CATCAGCCAATGAGCC,0
CATCAGGAACAAGGCG,0
CATCAGGCAACTCACG,0
CATCAGGTAGATTTTA,0
CATCAGTATTTAACCG,0
CATCAGTCACTATTTA,0
CATCATCCCATAGTTC,0
CATCATCGTTTGAACC,0
CATCATGGCCGAAAAC,0
CATCATTACCAGAGCT,0
CATCATTGCCCAGTCC,0
CATCCAACACAGGGTC,0
CATCCAGGATTGGAAA,0
CATCCAGTGATCGGAG,0
CATCCATACCAAGCAC,0
CATCCATCCCACACGT,0
CATCCATGAAGGCATC,0
CATCCATGACTGACCG,0
CATCCATGCCTTGACA,0
CATCCCATACTTGTCA,0
CATCCGAGACCAACAC,0
CATCCGAGTGAGTTGG,0
CATCCGGACCCACTCG,0
CATCCTAAGTCTTAGA,0
CATCCTCAAAAAAATC,0
CATCCTGTAGAAGTAA,0
CATCCTTGAAACAGAT,0
CATCGAAGCTTATACT,0
CATCGAATTCCCCACA,0
CATCGACATGACCGAC,0
CATCGATACGCACGCA,0
CATCGCAGGTCAAGAA,0
CATCGCCACTTTACCA,0
CATCGCTTTTTAAGAC,0
CATCGGGATGAATAAC,0
CATCGTAGAGTAGAAT,0
CATCGTTGGCAATACA,0
CATCTAACACGTAGAC,0
CATCTACTTATTGATG,0
CATCTAGAAAGCTGAA,0
CATCTAGTATATCCAT,0
CATCTATACAAACATA,0
CATCTCAAATAAAGAA,0
CATCTCAACTAATCTC,0
CATCTCAAGCAATATA,0
CATCTCCCGATATTCG,0
CATCTCGTAACTATTT,0
CATCTCTATGTAGGCA,0
CATCTGAACCAGGATG,0
CATCTGCACGCCGACT,0
CATCTGCTACGCAGCG,0
CATCTGTGTAGTCTGA,0
CATCTGTTATAATGGC,0
CATCTTAAAAGGTATG,0
CATCTTAAACCCTGAC,0
CATCTTAACGGGAGCT,0
CATCTTACCGACCTCT,0
CATCTTACCTTAAATA,0
CATCTTTACACCGTGG,0
CATCTTTCGAAAACAA,0
CATGAAAAATCACCAT,0
CATGAAAATATTATTC,0
CATGAAAGTAGATTGA,0
CATGAAATCCATAAAC,0
CATGAACAATAATAAC,0
CATGAACCTTGTACTG,0
CATGAACTAAGTAGGG,0
CATGAACTAGAAGAGG,0
CATGAAGCGTAAACTG,0
CATGAAGGAGAACAAG,0
CATGAATACGAATCAT,0
CATGACAAAACAACCT,0
CATGACAATAGAAGGA,0
CATGACGAGGGGACCT,0
CATGACGCCCCGGGAT,0
CATGAGAAACTTCCAA,0
CATGAGAACATCCATA,0
CATGAGAGCGTGTAAT,0
CATGAGATCGGTACGT,0
CATGAGGCTGTTGAAA,0
CATGAGTATTACATAA,0
CATGAGTGAGCAAAAG,0
CATGATAAAAACATCT,0
CATGATATTACAAGGC,0
CATGATGAAGGTTAGA,0
CATGATGTAAAAGTAA,0
CATGCAACTGAGGGAC,0
CATGCAATTGCTATGT,0
CATGCACATGGCTATG,0
CATGCACTCATCAGAG,0
CATGCATTATCCGGAT,0
CATGCATTCCATGCCA,0
CATGCCAACTGTAAAA,0
CATGCCAATTGAGTGG,0
CATGCCCATAAAATTT,0
CATGCCCGGAACCTAC,0
CATGCCCTAAGGGGGT,0
CATGCCGCTGCTATTC,0
CATGCGACACTATGGT,0
CATGCGCAAGACTAAC,0
CATGCGCTCGATAAAT,0
CATGCGGAGCACCGAC,0
CATGCGGCATTGCTAC,0
CATGCGGGAGATATGA,0
CATGCGGTGATTGTGT,0
CATGCTAATCCACTTC,0
CATGGAACATACAGTT,0
CATGGACAGTCGAAGA,0
CATGGAGCATACAGAG,0
CATGGCAATTCACGCT,0
CATGGCTAAAATACAA,0
CATGGCTTTGAAAAAT,0
CATGGGAAAATTTATC,0
CATGGGACACGAGGTA,0
CATGGGACCCCATCGC,0
CATGGGAGCGGAATTT,0
CATGGGGACTTAAATT,0
CATGGGTGAACTCCTC,0
CATGGTAAACAAACTG,0
CATGGTAACCTGGTGC,0
CATGGTAGAAACTATC,0
CATGGTATTTAACCTC,0
CATGGTTGAACATAGC,0
CATGTAAAGAGAACTT,0
CATGTAAAGGGACCAA,0
CATGTAAATGAATAGG,0
CATGTAATCCGGCTAC,0
CATGTAATTAGACTAT,0
CATGTACATAAATAGT,0
CATGTCTTCACCTCAA,0
CATGTGCAAGTTACAT,0
CATGTGCGCTAAAATA,0
CATGTGGAGGCTAAAG,0
CATGTTCTATAATCTC,0
CATGTTGCGAACCTAT,0
CATTAAAAAAAACCAA,0
CATTAAAATCACGTAA,0
CATTAAAATCATGGTG,0
CATTAAACATTCGGAC,0
CATTAAACGAAGTGAC,0
CATTAAATAGCCAAAA,0
CATTAACACAACGATC,0
CATTAACACAGAAGAT,0
CATTAACTAGCAAACA,0
CATTAACTCAACCAGT,0
CATTAAGAAATTTTCC,0
CATTAAGAATCCCCAA,0
CATTAAGAATCTGCTA,0
CATTAATAAACGTTAT,0
CATTAATAATAATACA,0
CATTAATCATATCCCA,0
CATTAATTCGAAATTC,0
CATTACAAATAACCAA,0
CATTACATTCAGATAC,0
CATTACCGTTATGACC,0
CATTACCGTTTTGATA,0
CATTACGCCCAGCCTC,0
CATTACGGAAGCTTAA,0
CATTACGGTTTAGGTA,0
CATTACTCTCTCAGAG,0
CATTAGCAATAGAGTT,0
CATTAGCATAGATCCA,0
CATTAGTTGCAAACAG,0
CATTATAAAAAGACGG,0
CATTATACAAACAAAC,0
CATTATCATAGCGTAT,0
CATTATCATTGCAGAT,0
CATTATCGAATCTGGG,0
CATTATGGAGGATTAA,0
CATTATGTTAGAATAA,0
CATTATGTTTAACACG,0
CATTATTCGGACCTAA,0
CATTATTCGTTTGGAC,0
CATTATTGGCTTTATA,0
CATTCAAAGCTAGAAA,0
CATTCAAATAATGGCA,0
CATTCAAGCCATGCAC,0
CATTCACCCCCACCGA,0
CATTCACTCATAGGAG,0
CATTCAGAGCGAGAAA,0
CATTCATTATCCAAGA,0
CATTCCAATAACTCAT,0
CATTCCCACATGCTGA,0
CATTCCTAAGTCCTTA,0
CATTCCTGGCGACCTT,0
CATTCGCTAACGATTA,0
CATTCGGACGAATATT,0
CATTCTCAAAAGGGCG,0
CATTCTCTTATAACAC,0
CATTCTGTGCTACAAA,0
CATTCTGTGCTACGCA,0
CATTCTTTACGCAGTT,0
CATTGAAAAAATTGGA,0
CATTGAACCCAAACCT,0
CATTGAACTGGCCTGA,0
CATTGAAGATGGGTTA,0
CATTGATCTGTTCGAC,0
CATTGATTAGATGTAT,0
CATTGATTCGGTTTGT,0
CATTGCCGCTGTTAAA,0
CATTGCGAACTACCAA,0
CATTGGAAACTAGACA,0
CATTGGCTACAGGACT,0
CATTGGGAGAGAAGAA,0
CATTGGTAAAACAAAA,0
CATTGGTCTAACACTC,0
CATTGGTGATCCGAAG,0
CATTGGTTTAAGAACC,0
CATTGTACAATCGACT,0
CATTGTAGGACATAAA,0
CATTGTATAGATCTTG,0
CATTGTCTATGTTCTT,0
CATTGTGAAAAGTAAA,0
CATTTAAAAAATCCCA,0
CATTTAAAATCCTGGA,0
CATTTAAATAAACCCG,0
CATTTAAATAAGAGTT,0
CATTTAACTCGTACAA,0
CATTTAAGGATTGCAA,0
CATTTACCCATCATGA,0
CATTTACCCTAACCCG,0
CATTTAGTAGAAGCAC,0
CATTTCAAAGGAATTA,0
CATTTCAAATAAATCA,0
CATTTCACTTGACTTA,0
CATTTCAGATATGCCA,0
CATTTCAGCTTAAAGA,0
CATTTCCACGTCACCG,0
CATTTCCCAATTAAAT,0
CATTTCGCTAAGTCGA,0
CATTTCGGGCGGTCCA,0
CATTTCTACTTCAAGT,0
CATTTGATTGCTCTCC,0
CATTTGCCTGGCTCCA,0
CATTTGCGTAAGGAAA,0
CATTTGTAAGAGAGAA,0
CATTTGTAGATACAAC,0
CATTTTAAATACCCAA,0
CATTTTCCTCATCCGT,0
CATTTTGCTCTATATG,0
CATTTTGGATCACCAT,0
CATTTTTGCCATACGC,0
CATTTTTGGAAACCAG,0
CCAAAAAAAAGCACAT,0
CCAAAAAACGTAGATT,0
CCAAAAACGTGCAACT,0
CCAAAAAGAACTCCTA,0
CCAAAAAGCTACGTCC,0
CCAAAAATATTGAAAA,0
CCAAAACAAAAACAAA,0
CCAAAACAAGTCATAG,0
CCAAAACAATTCCGAT,0
CCAAAAGAAACGCTAC,0
CCAAAAGAACTGATAC,0
CCAAAAGACCAGACAA,0
CCAAAAGATTAAGCCA,0
CCAAAAGCAATCCGCA,0
CCAAAAGTCGGGGAAA,0
CCAAAAGTTGAAATCG,0
CCAAAATACTATAAAA,0
CCAAAATATTAAAACG,0
CCAAAATGCCTCATCC,0
CCAAAATTACATAACG,0
CCAAAATTCTACATAC,0
CCAAACAAAAAACACT,0
CCAAACAAACTAAATG,0
CCAAACAAGGTCACAT,0
CCAAACATTATCCTAA,0
CCAAACATTGCGGTCG,0
CCAAACCAAACCACGA,0
CCAAACCCCTTACGAA,0
CCAAACCTGATCAATC,0
CCAAACGCGTAGTCCG,0
CCAAACGTACTGGACA,0
CCAAACTCCATGTTGT,0
CCAAACTGACAAACCA,0
CCAAAGAACTCAACAG,0
CCAAAGAATCAAACTT,0
CCAAAGACACCGTAGA,0
CCAAAGAGGTTCCTTG,0
CCAAAGCACAATCACT,0
CCAAAGCATAAGAAAA,0
CCAAAGCCCGTTAGCG,0
CCAAAGGCAAATGATA,0
CCAAAGGCGGCGTAAA,0
CCAAAGTAAACGCGAC,0
CCAAAGTCCTAAATTT,0
CCAAAGTTCGTATGTT,0
CCAAATAGTTTCACAT,0
CCAAATCGCCGACTTT,0
CCAAATGCTACTCATT,0
CCAAATGTTCCATATC,0
CCAAATTATAATTACA,0
CCAAATTTCAACATTT,0
CCAACAAAAACAACCA,0
CCAACAAGCATAAAAC,0
CCAACACACATGTTAT,0
CCAACACTCCAAGGGT,0
CCAACCAACGATATGC,0
CCAACCACACCATAGC,0
CCAACCACACTGTTAC,0
CCAACCAGTTCAAGGT,0
CCAACCCAAAATAAAC,0
CCAACCCAGTTAATAA,0
CCAACCCTCGTCAGAG,0
CCAACGACCAGCAAAA,0
CCAACGAGAAACTAGA,0
CCAACGGAGGCGACCG,0
CCAACTCAAATAAACC,0
CCAACTCAAGACCTGG,0
CCAACTCCCTCGGAAA,0
CCAACTGGATTCAAGC,0
CCAACTTACGTTAGAG,0
CCAACTTAGCCAATAG,0
CCAACTTATATCATGG,0
CCAACTTCCCGGCAGC,0
CCAAGAAATAATCGAA,0
CCAAGAATATATATAT,0
CCAAGAATTCAGAAGG,0
CCAAGAATTGACAGAG,0
CCAAGACGGTTCACAA,0
CCAAGACGGTTTAAGT,0
CCAAGACGTCAGCAGG,0
CCAAGAGGTTGCCTAC,0
CCAAGAGTATAGCACA,0
CCAAGCAATGAGTTTA,0
CCAAGCACGGTACCTA,0
CCAAGCAGCTTTAACA,0
CCAAGCATTCGATTGG,0
CCAAGCGAAGGCGTTT,0
CCAAGCGACATGCGAC,0
CCAAGCGTCAAACATT,0
CCAAGCTCCAGACTTG,0
CCAAGGAAATCAAATT,0
CCAAGGAACCCCCAGA,0
CCAAGGATCCAGTTAA,0
CCAAGGCGACAACAAT,0
CCAAGGCTGTTTACCA,0
CCAAGGTCCAAATGAA,0
CCAAGTAGTATCAACG,0
CCAAGTATCTGTCAAG,0
CCAAGTCATCGAAACA,0
CCAAGTTGCCTGTAAC,0
CCAATAAAATGAACAT,0
CCAATAAACCAATGTT,0
CCAATAAATTTACTTT,0
CCAATAACTAATATAG,0
CCAATACAAGCTCTAA,0
CCAATACTCGAATGGC,0
CCAATAGAACCTTAAC,0
CCAATAGCCACCTACT,0
CCAATCATAACAAAAT,0
CCAATCCAAAATTTAA,0
CCAATCCCACTTTTTA,0
CCAATCCCAGACACCG,0
CCAATCGAAAACGTAA,0
CCAATCGGTCCATGGC,0
CCAATCGTTGTGCTAC,0
CCAATCTCCCAAAAAA,0
CCAATGAAAAGTTCCC,0
CCAATGAAACTTTCAG,0
CCAATGACTAACCAGT,0
CCAATGAGTGACCCGG,0
CCAATGCGGTAAGCTA,0
CCAATGGCACACAGGG,0
CCAATGGGAACACCAC,0
CCAATGTAAGGGCACA,0
CCAATGTCATACGTAT,0
CCAATGTCGATTCCGA,0
CCAATTAAAGAACCTC,0
CCAATTAATATACTAA,0
CCAATTATAGTCTCCA,0
CCAATTCGAGCCATTC,0
CCAATTGAAAACCAGT,0
CCAATTGCGCTAACCC,0
CCAATTTTGCAAACAT,0
CCACAAAAAGATTTCA,0
CCACAAAAGCAATGAC,0
CCACAAACACCGAGGA,0
CCACAAAGATAACCCA,0
CCACAAATAAAAAACA,0
CCACAAATAACAGCCT,0
CCACAAATAATTCAAG,0
CCACAACCCAGTCCTT,0
CCACAACCTAAGGTGA,0
CCACAAGGGAGAATAA,0
CCACAATAATAGTCTT,0
CCACAATACCTTATTA,0
CCACACAACAGATCTA,0
CCACACAAGAATCAAA,0
CCACACACGCACCTAG,0
CCACACATTGCGTTAG,0
CCACACCAAACTCGAG,0
CCACACCAATAGCAAT,0
CCACACCCTAATGTCA,0
CCACACGTAATCTCAT,0
CCACAGAAAGTCTAGG,0
CCACAGAGCAACCATG,0
CCACAGGGCACCTTTC,0
CCACAGTATAAGTGAA,0
CCACAGTCCCAAGCAT,0
CCACATAACCAAGGCA,0
CCACATAAGTTACTCA,0
CCACATACAAGATTGA,0
CCACATCAACTCGCAA,0
CCACATCTAATTCTCT,0
CCACATTTAGAGACAA,0
CCACCAACCTCAACAA,0
CCACCACCTAGACTAC,0
CCACCAGACGTACAAC,0
CCACCCCACTGACAAA,0
CCACCCGACTGGGGCC,0
CCACCCTGAGTACTAC,0
CCACCGAAATGAAGGG,0
CCACCGCTTCATTAGC,0
CCACCTAAAATTTTCT,0
CCACCTATGTCGGAGA,0
CCACCTATTTTCTGAG,0
CCACCTCCTGGGATCC,0
CCACCTGAAAAGATGG,0
CCACCTGATTTAAAAA,0
CCACCTGCGCATGCCC,0
CCACGAAAAAATCAGC,0
CCACGAAAATACTCAA,0
CCACGAAACATCCTCA,0
CCACGAAGGAGCGAAG,0
CCACGATACCCTCGCA,0
CCACGATTAGCACTAA,0
CCACGCACATATCGCG,0
CCACGCACTGCGCTGC,0
CCACGCCATCTAGAAG,0
CCACGCCTAGAAAAGT,0
CCACGCGACTTACGCC,0
CCACGCTCACACTCAA,0
CCACGGAGAATAAAAC,0
CCACGGATGGGAGTAG,0
CCACGTCAGGACAATT,0
CCACGTCCGTGACTGG,0
CCACGTTATTCATACC,0
CCACGTTTAGATGCAA,0
CCACTAAATATAGACA,0
CCACTAACATGTTTAG,0
CCACTAAGAACAGTTC,0
CCACTAATAATCCCTT,0
CCACTAATCACTATTG,0
CCACTAATGTCGCCGA,0
CCACTACACGCTCAGA,0
CCACTACATGCTTGAT,0
CCACTACTGCTAAGTG,0
CCACTAGGAATTCGAA,0
CCACTAGTAAACCGAT,0
CCACTCAAGATACCAG,0
CCACTCCTCGTGCATG,0
CCACTCCTGATATCAT,0
CCACTCGCTACACCTT,0
CCACTCTCAATTAGAA,0
CCACTCTCATAGTCAG,0
CCACTCTTAAATAGTC,0
CCACTGCACCCTTATC,0
CCACTGCATAACGCGA,0
CCACTGGCATAGCTTA,0
CCACTGTACCGCTGAG,0
CCACTTAAATTAGCTG,0
CCACTTGATGCCGAAT,0
CCACTTGTACTACAAT,0
CCAGAAAGGAAAAAAA,0
CCAGAACGACTACATC,0
CCAGAAGGACCGAACT,0
CCAGAATTACCATGCA,0
CCAGAATTCGCACCCC,0
CCAGAATTCTAATAGG,0
CCAGACAGCGTGTTAT,0
CCAGACATATATACAC,0
CCAGACCAAATAACCG,0
CCAGACCACCTAAGGG,0
CCAGACCCTCTACTGG,0
CCAGACCCTTTAAGAT,0
CCAGACGGAGAGAGCT,0
CCAGACTAAGGGTACC,0
CCAGAGCAATTGAAAA,0
CCAGATAAATATACCT,0
CCAGATAAGGTTAATA,0
CCAGATACTATGTGTT,0
CCAGATAGTAATCTGA,0
CCAGATATTGTGACTT,0
CCAGATCCGTCCTTGG,0
CCAGATGATGCCTAAA,0
CCAGATTCGAAATGAT,0
CCAGCAACGTCTCATA,0
CCAGCAATATGAGACC,0
CCAGCACCCAAGTGCC,0
CCAGCAGACGTATGGC,0
CCAGCCAACGACCTGA,0
CCAGCCAGAACAATGG,0
CCAGCCCGATTAAGCA,0
CCAGCCTCTTTAATTT,0
CCAGCGTACTATCACC,0
CCAGCTAATAATACCA,0
CCAGCTTCTAACTCCT,0
CCAGCTTTCTATAGCA,0
CCAGGAAGAAAACCTT,0
CCAGGAAGAACTAAAT,0
CCAGGAATAGAATACA,0
CCAGGACCTGCCCACA,0
CCAGGACTCAACAGAA,0
CCAGGATCGTCAGATC,0
CCAGGCAAAAGTAATG,0
CCAGGCAAACTTAAAG,0
CCAGGCATACAGATTT,0
CCAGGCCAAACGTAAA,0
CCAGGCTCGTCCGATA,0
CCAGGGAATTGACCTA,0
CCAGGGAGGCAAAGTA,0
CCAGGGGGTTTATCCG,0
CCAGGGTACAATTATT,0
CCAGGTATTACCATCA,0
CCAGGTCATATGACCG,0
CCAGGTGATTGATATA,0
CCAGGTTACAGCTCAA,0
CCAGGTTCCTCATGCA,0
CCAGGTTCGACTCAAT,0
CCAGGTTTACTAAAGA,0
CCAGTAAACCGATGTG,0
CCAGTACCCTAATCAA,0
CCAGTACGTGAGAAAA,0
CCAGTACTTATCTCCA,0
CCAGTAGCTGATTAAT,0
CCAGTCATGTTAAGGA,0
CCAGTCCCCCGTTTAA,0
CCAGTCCTTTGCCTTT,0
CCAGTGAAAAAACAAT,0
CCAGTGGAATATAACA,0
CCAGTGGGCTCCGAAC,0
CCAGTTACAACAGAAA,0
CCAGTTATCATATACC,0
CCAGTTTTTCCGAAAG,0
CCATAAAAAAACATAG,0
CCATAAAACAAGAGTG,0
CCATAAATTTATGTAG,0
CCATAACAAGCTAAAT,0
CCATAACCCCCTTACA,0
CCATAACTTTCCATAC,0
CCATAAGAACGTCCAT,0
CCATAAGACTATTCAA,0
CCATACCTCAACATTG,0
CCATACTCTGCAAAAT,0
CCATAGAAGCCAAGCC,0
CCATAGACTCTCACCC,0
CCATAGCCAGTACACT,0
CCATAGGTCGATAAAA,0
CCATATACTCTAAACG,0
CCATATCGAACTACAG,0
CCATATCTCGACCAAT,0
CCATATTACTAAAGAA,0
CCATATTCGAGGTCCA,0
CCATATTTCGATAAAA,0
CCATCACATCAACGGG,0
CCATCACATCGTCATA,0
CCATCACCCCTCCCAA,0
CCATCATTGTGGCAAA,0
CCATCCCATAACTCTC,0
CCATCCCCAATACCAG,0
CCATCGAATGAAAAAT,0
CCATCGGGGCACGCCA,0
CCATCTAACCCTTTTA,0
CCATCTACTAAAGCAT,0
CCATCTGAAATACTTA,0
CCATCTGATGCTTTAA,0
CCATCTTAGATTGAAT,0
CCATCTTAGTACTTCA,0
CCATCTTATGAAAAAT,0
CCATCTTATTGTTAAA,0
CCATCTTGGCAAAAAA,0
CCATGAACGTAAACTA,0
CCATGACCGTGAACTG,0
CCATGACTCTATAGAT,0
CCATGATCCGATTCGT,0
CCATGCATTTATCGTA,0
CCATGCCATAAAGTCA,0
CCATGCTATTTCATAG,0
CCATGGAAAGTATATC,0
CCATGGTGTGAGGCGT,0
CCATGTAAATGATCAT,0
CCATGTAATACTCCAA,0
CCATGTACGCTCATAT,0
CCATGTCGAACATAAC,0
CCATGTGAACAGCATA,0
CCATTAAACCTAAATC,0
CCATTAAGACGTAATA,0
CCATTAAGGAAACCAA,0
CCATTAATTGAATTGA,0
CCATTACAACCCCCAA,0
CCATTACCTACTCTCG,0
CCATTACTCACCTGAC,0
CCATTACTGTACCCGT,0
CCATTAGCCTCCCATT,0
CCATTATCCGTTGATC,0
CCATTATCGTCCATAG,0
CCATTATTGATGTTAC,0
CCATTCAAAATTATAC,0
CCATTCAGTATAATCA,0
CCATTCATTAAGAACG,0
CCATTCATTTCTCAAT,0
CCATTCGACAGCTGCA,0
CCATTGAACAAGCTGC,0
CCATTGACTCAATCCC,0
CCATTGGGGAACTACC,0
CCATTGTAAGCACCAA,0
CCATTGTCAGATCATA,0
CCATTTAACCTTCTAG,0
CCATTTATAATGTAAT,0
CCATTTCAAACACACG,0
CCATTTCCAAACGAAA,0
CCATTTCCGTAATAAG,0
CCATTTGAGAAATAGA,0
CCCAAAAATATTATGA,0
CCCAAAATCCCAAACA,0
CCCAAACAAAAAAGAA,0
CCCAAACTTAAGACAC,0
CCCAAAGGTTCAATTT,0
CCCAAATCAAAAAAGA,0
CCCAAATTTAGCTGTA,0
CCCAACCGAGGCCGCA,0
CCCAAGACCTACATGA,0
CCCAAGCCAGTGGAGC,0
CCCAAGTAGTCTCATA,0
CCCAAGTGCTAGCACA,0
CCCAATAATGGTGTAT,0
CCCAATAGTATTCCAC,0
CCCAATATATAAATTG,0
CCCAATCGGACGGATT,0
CCCAATGAGTATTCAA,0
CCCAATTTTATATACG,0
CCCACACAAAATGTCA,0
CCCACACTTTGAACGC,0
CCCACATAAAAGCAAG,0
CCCACATGCATATAAA,0
CCCACATTATACGACC,0
CCCACCACACAGCTGT,0
CCCACCAGATCTCACA,0
CCCACCATAGCTGGGG,0
CCCACCGAGCAACCCG,0
CCCACCGTCTGCCAAT,0
CCCACCTCCTCCAGCC,0
CCCACGCATGAAAACC,0
CCCACGTACCATGAGA,0
CCCACTACGATCGTAC,0
CCCACTCCTAACAAAG,0
CCCACTGTGGCAAAAA,0
CCCAGAAATGCAACCA,0
CCCAGAAATTTAAAAT,0
CCCAGAAGTCCGTTTT,0
CCCAGAATCCACATAA,0
CCCAGACATCTCTGGG,0
CCCAGAGATATCTCCA,0
CCCAGAGGCCGATAAA,0
CCCAGCAACCATCAAG,0
CCCAGCCGTAATTAGA,0
CCCAGCGACCGTTCAA,0
CCCAGTCACTATCCGG,0
CCCAGTGCATCGAGTA,0
CCCAGTTTACACTAAC,0
CCCATAAACACAAGCA,0
CCCATAATAATCAAAA,0
CCCATACGATAAAGTT,0
CCCATACGTGGATTAT,0
CCCATAGCCCCGTACA,0
CCCATATTCATGTAAG,0
CCCATCAGAGTCTTTA,0
CCCATCTAGTAGGCAG,0
CCCATCTATATGGTTA,0
CCCATCTCAATTTTAA,0
CCCATCTCGACAAATA,0
CCCATGAGGGGAAACA,0
CCCATGGATAAAGCTA,0
CCCATTATTTAATGAA,0
CCCATTCCGTTCTCAG,0
CCCATTCCTAATAAAC,0
CCCATTGCAGCATAAC,0
CCCATTTTAGTCAATT,0
CCCATTTTCATATCGC,0
CCCCAAATGTCTAAGG,0
CCCCAAATTGCACTAA,0
CCCCAACCCGAGGTTT,0
CCCCAACGAAACACCA,0
CCCCAATTACTAGAAC,0
CCCCACCCCAAACTAG,0
CCCCACCCTATTGTGT,0
CCCCAGAAAACGCAAA,0
CCCCAGACCACGTGTC,0
CCCCATGGTGAAACAA,0
CCCCCACCATCGCGAC,0
CCCCCACCTATGATAA,0
CCCCCAGGAAATTACT,0
CCCCCATAACTGAAGT,0
CCCCCATACTGAATAC,0
CCCCCATCTTCACACG,0
CCCCCATTCCAACTCC,0
CCCCCCACAGCTCTCT,0
CCCCCCACGCCCCATG,0
CCCCCCGAATTGTCAC,0
CCCCCCGCCAGCAAAT,0
CCCCCCTGCCACCCAT,0
CCCCCGAAAGTCCACC,0
CCCCCGTATAAACGTC,0
CCCCCGTCTAGCATAT,0
CCCCGAAATGCGTCAC,0
CCCCGCAAATATCATA,0
CCCCGCTGTGGTCTAA,0
CCCCGGATAGTTAACT,0
CCCCGTAAAATAAATA,0
CCCCGTAAAGACACCG,0
CCCCGTAAGATTGTAA,0
CCCCGTAAGTTCAGTA,0
CCCCGTGGGATTGTAA,0
CCCCTAACCTGAAATC,0
CCCCTAAGTTAGGACG,0
CCCCTACCACAAAATC,0
CCCCTAGCAAAAGTAA,0
CCCCTAGTCCCTTATG,0
CCCCTATACAACCCTG,0
CCCCTCCAAGCATCCA,0
CCCCTCCCAATACGTT,0
CCCCTGATCAAATACC,0
CCCCTGATGATTAAAG,0
CCCCTGCAAAGCCTCC,0
CCCCTGCGTCCAGAAG,0
CCCCTGGTACCCATAT,0
CCCCTGTAAGTAATAA,0
CCCCTTTTTATTAACA,0
CCCGAAAATCTAACAG,0
CCCGAAATTCCTGGAC,0
CCCGAAATTGGTTCAA,0
CCCGAACAAAGTAATC,0
CCCGAACACAGCTTAT,0
CCCGAACACTGGAGTT,0
CCCGAACAGTGATCAA,0
CCCGAACCTGAAGGAT,0
CCCGAACTAACTCATA,0
CCCGAACTGCCATTAG,0
CCCGAAGGTCCTAAAT,0
CCCGAATAAAAAACCT,0
CCCGAATCAATGCCAT,0
CCCGACAGTAAAGGTA,0
CCCGACTACATTAGAA,0
CCCGAGAATATCGCCT,0
CCCGAGCTAAATTAAA,0
CCCGAGGAAAACAGGA,0
CCCGATACAAGCACCT,0
CCCGATTGTCCTATTG,0
CCCGCAAGCTAAGGGC,0
CCCGCACTCAGCAAAA,0
CCCGCAGTATTAGACT,0
CCCGCATACGAATTAT,0
CCCGCCTTCAATGACG,0
CCCGCGAGCGCATCTA,0
CCCGCGGAACTGTAAA,0
CCCGCTACCCCATTCT,0
CCCGGAAACCAAAAAA,0
CCCGGAGGCTTTTACT,0
CCCGGATCATCCTGAT,0
CCCGGATGAATCTCGC,0
CCCGGCCTTGCAATCA,0
CCCGGCTAAATAGGAA,0
CCCGGCTATATCATTA,0
CCCGGCTCGACATAAC,0
CCCGGTTAGATAAGGT,0
CCCGGTTAGTAACCCG,0
CCCGTAACTCAAAACA,0
CCCGTAATCATGCGTC,0
CCCGTCATTTTTAAGC,0
CCCGTCCCCCCCAACA,0
CCCGTCGACTACCTCT,0
CCCGTGCTAAAAATAC,0
CCCGTTAATAACATTA,0
CCCGTTACAGAACTAT,0
CCCGTTCCACGACCTA,0
CCCTAAAGAGAATTTT,0
CCCTAAAGAGCCGGAA,0
CCCTAAATAGATGCAA,0
CCCTAACGCTACCTAT,0
CCCTAACTACTTACAA,0
CCCTAATAGGGCAGAC,0
CCCTAATATCACCATG,0
CCCTAATCAGCCATTA,0
CCCTAATCATATTTGC,0
CCCTAATTCTTTATTC,0
CCCTACATGATCAACT,0
CCCTACCCTTGCCGGG,0
CCCTACGAGGGCCAAC,0
CCCTACTAAGAAATTG,0
CCCTAGAAAATCAACA,0
CCCTAGAAGTGACAAA,0
CCCTAGACACACGATA,0
CCCTAGATTCAGATAC,0
CCCTAGTATGTCTATC,0
CCCTAGTCCGAAAAAT,0
CCCTATGGATAAGTGA,0
CCCTATTACCGGACAT,0
CCCTCAAAGGGAGTAT,0
CCCTCACGCTTATAGA,0
CCCTCACTACGGATTA,0
CCCTCAGGTTCCAATT,0
CCCTCATAGGAAGATG,0
CCCTCATCAAAAATGT,0
CCCTCGAAACAGTTTA,0
CCCTCGATCAACAACC,0
CCCTCGATGTATTTAA,0
CCCTCGCGAACCGAAA,0
CCCTCGTAAGCAGGTT,0
CCCTCTCGCGCACACA,0
CCCTGAATATACCCAT,0
CCCTGACAAATATATC,0
CCCTGACACAATGCTA,0
CCCTGACAGACGAACC,0
CCCTGCAAAACCTGTA,0
CCCTGCAACTTATCGC,0
CCCTGCTGCTTTATAA,0
CCCTGGCGCAACAACT,0
CCCTGGTGCTCATAGC,0
CCCTGGTTATGCTTCC,0
CCCTGGTTGTGGCGAT,0
CCCTGTTAAAATCCAC,0
CCCTTAAAAAAACGAA,0
CCCTTAAAGAACCGCA,0
CCCTTAAATCATAAAT,0
CCCTTACAGGTATATT,0
CCCTTACATCATGTTA,0
CCCTTATAGCGGCGAA,0
CCCTTATTTAATTGCC,0
CCCTTCCCCCTGAAAC,0
CCCTTTAACCATGTTA,0
CCCTTTAAGAAAAAAC,0
CCCTTTGACTATCACA,0
CCCTTTTAGGTTCGGA,0
CCGAAAAAGTGGAAAT,0
CCGAAAATGGCTAAAG,0
CCGAAACACGAAAATA,0
CCGAAACCACGGTTAT,0
CCGAAACCTCAGAAAC,0
CCGAAAGCATTATTAG,0
CCGAAATAAAAAGATA,0
CCGAAATCATTACGAA,0
CCGAAATTCCTTGTTG,0
CCGAACAAGTTGACCA,0
CCGAACACACAATAAC,0
CCGAACATACGACAAT,0
CCGAACCCCTGAGTGG,0
CCGAACCGGTACTCAG,0
CCGAACTGCTATATTA,0
CCGAAGACATAGCGGT,0
CCGAAGCCTAAACTCA,0
CCGAAGCTACGAAGCT,0
CCGAAGGATACAAAAC,0
CCGAATAAACAGCATA,0
CCGAATAATTACTTTA,0
CCGAATACTTATTAAA,0
CCGAATAGCGTTACCG,0
CCGAATCAAGAAAGGG,0
CCGACAAAATTTAACA,0
CCGACAACGCATAATT,0
CCGACAATACTGAACA,0
CCGACACGAAAGATGA,0
CCGACAGCTCACTGCA,0
CCGACAGGACGATGTT,0
CCGACAGGCAACCTAC,0
CCGACATAAGTTGATG,0
CCGACATATATAGAAA,0
CCGACCCGCGCCACAA,0
CCGACCCGCGCGAGCA,0
CCGACCCTGAGCGCTA,0
CCGACCTTCGAGTCAA,0
CCGACGAACATAATTA,0
CCGACGAAGAGCCAAC,0
CCGACTACTATTACGC,0
CCGACTATAACAACCC,0
CCGACTCACTATGTGG,0
CCGACTGTGCGTTAAA,0
CCGAGAAGTAGTTACA,0
CCGAGAATTGTATGTG,0
CCGAGCATGACCAAAC,0
CCGAGCCTAATATGCT,0
CCGAGCTCATACTGAA,0
CCGAGCTGACAGGACG,0
CCGAGGATTTTGCTAG,0
CCGAGGCTAAACGAGA,0
CCGAGTCCTAAAAAGA,0
CCGAGTCTTAAGATTA,0
CCGATAAATATTTTAA,0
CCGATATAAACTAATC,0
CCGATATGGCGCTGTT,0
CCGATCAGGGTTCCTG,0
CCGATCATACAAACTT,0
CCGATCTATAGTGGAG,0
CCGATCTATCGATACC,0
CCGATCTCCAAGGAAT,0
CCGATGACCTCTCTTC,0
CCGATGATTTTATTCA,0
CCGATGTCTTTATCGA,0
CCGATTAGGAAAAGCG,0
CCGATTTCACAAGCCA,0
CCGCAAAGGAATGAAA,0
CCGCAAATATATTCTC,0
CCGCAACACTTAGTGA,0
CCGCACGTTAATTCAA,0
CCGCACTAGTTTATAA,0
CCGCAGACAAGTTACG,0
CCGCAGATCTCACAGA,0
CCGCAGGACAACCCTA,0
CCGCAGTATGGTTCAT,0
CCGCAGTATGTTGTTC,0
CCGCATGATAGGAGCG,0
CCGCATTATCGGGACT,0
CCGCCAAGGATGTCGT,0
CCGCCACCCGTCGCAG,0
CCGCCACGGTGTCTCC,0
CCGCCATCAGACTGGA,0
CCGCCCAGGACCATAT,0
CCGCCCTAAGACAAAT,0
CCGCCTCGGGCTATAC,0
CCGCGCGATGCTGCCG,0
CCGCGCTTAACAGCAA,0
CCGCGGCTCTCGCCGA,0
CCGCGTAAGCACTCTG,0
CCGCGTCCATTCAAAA,0
CCGCGTGGTGCTTTTA,0
CCGCTAAACATTGAGC,0
CCGCTAAAGACGCAGG,0
CCGCTAAAGTATGTCA,0
CCGCTAAGAATATCCG,0
CCGCTACACAGAATGT,0
CCGCTAGTCCAACGAA,0
CCGCTCTAATAAGATG,0
CCGCTTAAAACATGTG,0
CCGCTTAGAATATAGT,0
CCGCTTTATCAAACTG,0
CCGGAAAAGAACTTTT,0
CCGGAAACGAACCGAC,0
CCGGAACGCTTTGTTT,0
CCGGAAGAGCTCATTT,0
CCGGAAGTAAAAGAAC,0
CCGGAATGACCAACAC,0
CCGGAATTAATTGTCA,0
CCGGACACGGTTTAGT,0
CCGGACCCAGCTGCGA,0
CCGGAGATGGCGTCCA,0
CCGGAGCCAAACCGTA,0
CCGGAGCTTACATTTA,0
CCGGAGGCTAAATTAA,0
CCGGATAAGAAGAGAG,0
CCGGATCAGAACTATT,0
CCGGATCAGAAGCACT,0
CCGGATGTGGGTATAT,0
CCGGATTAACAGATGA,0
CCGGCAGATTTACATA,0
CCGGCCAATTGCCACT,0
CCGGCCTAATACAGAG,0
CCGGCCTTCATTGCTA,0
CCGGCGCAGAACTAAG,0
CCGGCGTCTAACTAAA,0
CCGGCGTGTGCTATAT,0
CCGGCTCCATTCGTTA,0
CCGGGAAATAATAATA,0
CCGGGAAGACAACGAC,0
CCGGGACTTGCCCTAT,0
CCGGGATTCTAAAAAT,0
CCGGGCTCTCATGAAA,0
CCGGGGTCAACGGCAT,0
CCGGGTATCTCCACAG,0
CCGGTATATACTATCG,0
CCGGTGAATTACGTGC,0
CCGGTGACCGCTCTAC,0
CCGGTGATCCAGTAAA,0
CCGGTGCACTCATTTT,0
CCGGTTAACTACCTGA,0
CCGGTTACATATCATA,0
CCGTAAAACGCTTCTT,0
CCGTAAAATCCAGTAA,0
CCGTAACAATGTGGTG,0
CCGTAAGAGCAGACAC,0
CCGTAAGATTGAGATC,0
CCGTACTTTTTAACTA,0
CCGTAGTACAAAAGAT,0
CCGTAGTTATCTAGCC,0
CCGTATCAGTTGCAAA,0
CCGTATCCACAAGAGG,0
CCGTATGAATGGTATA,0
CCGTCACACATGTAAT,0
CCGTCCATCAGCATCC,0
CCGTCCCAATATCTAT,0
CCGTCCCGAAATAGCC,0
CCGTCGAAGATAATTT,0
CCGTCGATTCCCATGA,0
CCGTCTAGAATGAAAG,0
CCGTCTCAGAAAATTG,0
CCGTGCATACCTACCA,0
CCGTGCCCTATGCCTG,0
CCGTGCTAATATGTTG,0
CCGTTAATGTTCTATA,0
CCGTTACAATACAACG,0
CCGTTACCGAAATAGC,0
CCGTTAGAAATCACTG,0
CCGTTCAATATTTGAA,0
CCGTTCATTTTTCTGT,0
CCGTTCGCGGAATACC,0
CCGTTGCTCTCACGCC,0
CCGTTTAAACTTGGTT,0
CCGTTTCACCAAGCGA,0
CCGTTTTAATATCTAT,0
CCGTTTTGAAGGCATT,0
CCGTTTTTTTGCGGCT,0
CCTAAAAATCGCCTTC,0
CCTAAAACGGGCCATG,0
CCTAAAACGTGCTGCG,0
CCTAAAACTATCCAAC,0
CCTAAAAGCAGAATGA,0
CCTAAACTAAGCGATA,0
CCTAAAGAATCCGAAA,0
CCTAAAGATCCACGAC,0
CCTAAAGTCGGGGAAA,0
CCTAAATCTCACTAAA,0
CCTAAATGGACAGTTA,0
CCTAAATTTCTAAACT,0
CCTAACAATAAAAAGA,0
CCTAACAGTAATAACT,0
CCTAACATAAGAGCAA,0
CCTAACATCTCATCCA,0
CCTAACCGCATTGAAC,0
CCTAACGACCACACAG,0
CCTAACTGTATCTACG,0
CCTAAGATACACGTGA,0
CCTAAGGACAGGAGAC,0
CCTAAGGTACCCCAAA,0
CCTAAGTTATGTACTA,0
CCTAAGTTCCGACAAA,0
CCTAATAAAGGAATCT,0
CCTAATAACTATCATT,0
CCTAATATAAAGTATA,0
CCTAATATTCCGACAC,0
CCTAATATTCGTTGCT,0
CCTAATGCGGTAAAAG,0
CCTAATGTAAATACCC,0
CCTAATGTTAGGAGCC,0
CCTAATTAACCAGGAA,0
CCTAATTTCTCCCCTT,0
CCTACAACATCTAAAA,0
CCTACACCCCACATCT,0
CCTACAGAATAAATAC,0
CCTACATGAAAAAAAC,0
CCTACATTTGACTATT,0
CCTACCAAACAAAACC,0
CCTACCCAAAAACTCA,0
CCTACCCAATTAAAAT,0
CCTACCCATTTCTGAT,0
CCTACCCGATCCCTAT,0
CCTACCGAAATGGCAT,0
CCTACCGATGTAAAAT,0
CCTACCTCAAAACACA,0
CCTACGAAGATATCTA,0
CCTACGCCCGCACAAA,0
CCTACGGTAGTATTTA,0
CCTACGTCCTCGTAAA,0
CCTACGTTTTACTCAG,0
CCTACTACGCACAAGA,0
CCTACTCACAGATAAC,0
CCTAGAACCGACTATG,0
CCTAGACGTCCGATTG,0
CCTAGCAATAATAAAC,0
CCTAGCAGCAGATCCA,0
CCTAGCATCCTTTGGA,0
CCTAGTAACTAACCTT,0
CCTAGTAGTTAAAGAA,0
CCTAGTCTACGAGGGG,0
CCTAGTCTTACAACCC,0
CCTAGTTACTAATCTT,0
CCTATAAAAGACGCCT,0
CCTATAAATCATGAAC,0
CCTATAATGATCATAT,0
CCTATACGACTTTTAA,0
CCTATATAAACTTAAT,0
CCTATATCTTTCGCAC,0
CCTATCACACATGTAA,0
CCTATCTCGAGAATAT,0
CCTATGAAATTATACC,0
CCTATGGCTTTGATAA,0
CCTATGTTGAAATAAG,0
CCTATTAAATTGTGCA,0
CCTATTAGTATCAGAT,0
CCTATTCATACAAGAG,0
CCTATTGGAGTAACCG,0
CCTATTTTAAGACTGA,0
CCTCAAAATGAGATCT,0
CCTCAAGATTGCAATA,0
CCTCAAGGCAGCAAGC,0
CCTCAAGTTAAAAAGA,0
CCTCACCACCTACAAT,0
CCTCACCACCTCGCGC,0
CCTCACGAATAGAAGC,0
CCTCACTTGAGTAATG,0
CCTCAGACAGGATGCA,0
CCTCAGAGATACAGCC,0
CCTCAGCGACACGTTA,0
CCTCAGTTACAAGATG,0
CCTCATAACTATAACA,0
CCTCATAATCAGAATG,0
CCTCATCAAGAAACCC,0
CCTCATCATGAAACGC,0
CCTCATCGGATCACTG,0
CCTCATGAAAAGGTGA,0
CCTCATGAACTGCGAC,0
CCTCATTCAGGGTTGT,0
CCTCATTTAGAGATAA,0
CCTCCAACGGGATAAA,0
CCTCCAATAATAGATG,0
CCTCCAATGAATGACT,0
CCTCCAGAAAATAACT,0
CCTCCAGATAGACCCT,0
CCTCCAGGATCAGTAG,0
CCTCCATCTGAGATAC,0
CCTCCCAAATCCAACA,0
CCTCCCCGAAGCAAAC,0
CCTCCCTAAATTGAAT,0
CCTCCTAGGACAAGCA,0
CCTCCTCGACTGACCG,0
CCTCCTGACTACCCCA,0
CCTCGACAAATAACTT,0
CCTCGAGAGCATCAAT,0
CCTCGGTCTTAACGAG,0
CCTCGTGTGGAGCATC,0
CCTCGTTAATCGGCAA,0
CCTCGTTGTTCCCATA,0
CCTCGTTTAGGATAGA,0
CCTCTACGAACAAATT,0
CCTCTATAATCATTAA,0
CCTCTATATAGAGAAA,0
CCTCTATATAGTATTC,0
CCTCTATTTATCGACT,0
CCTCTCATCGACATCT,0
CCTCTCGACAAAAAGC,0
CCTCTGAAGTCCGACC,0
CCTCTTACGATGTTCT,0
CCTCTTCACTTGAAAT,0
CCTGAAAAGAACACTC,0
CCTGAAAAGCAAATAC,0
CCTGAAAATTACATAT,0
CCTGAAACCATACGCG,0
CCTGAAATCCACATCA,0
CCTGAACAGTAGCTCC,0
CCTGAACCCTACACAT,0
CCTGAATACTGGCTTT,0
CCTGACCATGGAATGG,0
CCTGACCTCAATTAGA,0
CCTGATAAACTCAAGT,0
CCTGATCAAGCAATGA,0
CCTGATCCTGTGAGTC,0
CCTGATTCCATAACCT,0
CCTGCAAACTCAGTAT,0
CCTGCAATTAAGACCC,0
CCTGCACAACGGGCAC,0
CCTGCATGTCATCCCA,0
CCTGCATTAACAGTGT,0
CCTGCCAGCCAACAAA,0
CCTGCCTGAAAGTTAA,0
CCTGCGACATCAAGCT,0
CCTGCGCACAGCAAAC,0
CCTGCGGTTCGCGCTT,0
CCTGCGTGCAAATCAT,0
CCTGCTAAGATTAGAG,0
CCTGCTTTACTTCAAT,0
CCTGGAACTGTCGATG,0
CCTGGAATTTCAATAT,0
CCTGGACAGATGTATG,0
CCTGGAGACAACCATA,0
CCTGGCAAAACACTGC,0
CCTGGCCAACTTCGTT,0
CCTGGCCACTCCCATT,0
CCTGGGAAGCACGAAG,0
CCTGGGGACTATTTAT,0
CCTGTAACGCGTCAGT,0
CCTGTAACGTCTTTTC,0
CCTGTATAACAATGGA,0
CCTGTTTAATATACAT,0
CCTTAAAGTACAACGA,0
CCTTAAGCACTAATTT,0
CCTTAATAATTTTTGC,0
CCTTAATATTAAACTC,0
CCTTAATCCGTTTTAA,0
CCTTAATTTAAGCCTG,0
CCTTACACTGTCTATA,0
CCTTACAGAGACACAG,0
CCTTACCCGACCTCAA,0
CCTTACCGACTGAGCA,0
CCTTACGAAATTGTCC,0
CCTTACTATTATAACA,0
CCTTACTCACATAATT,0
CCTTACTGAGTTGGCA,0
CCTTACTTGCAATCGC,0
CCTTAGCAATTCACAT,0
CCTTAGCTGATGTTAA,0
CCTTAGTCAAATTGAT,0
CCTTATAGGACACTAC,0
CCTTATCCTATCCGCG,0
CCTTATGATTGAAAAA,0
CCTTATGCCACCCTAA,0
CCTTATTGAAAATCTT,0
CCTTATTTTGCTCCCG,0
CCTTCAATCAGGTTTA,0
CCTTCCGAAAGGGGCA,0
CCTTCCGAACAAAAAT,0
CCTTCCTCGATGGATG,0
CCTTCGAGGGCTGCGG,0
CCTTCGATACTTCGCA,0
CCTTCGTAGTAGTGAT,0
CCTTCGTTATCTGGAT,0
CCTTCGTTGAAACGTA,0
CCTTCTAGAAGTGCAA,0
CCTTCTGTTTTATGAC,0
CCTTCTTCATTCACCA,0
CCTTGAAGCGAAGACA,0
CCTTGAATAACGAGGA,0
CCTTGAGATATATACA,0
CCTTGAGTAAATCGAT,0
CCTTGAGTAAGGAGCA,0
CCTTGCCCCACCCCCG,0
CCTTGCGAATCTTTCC,0
CCTTGGGCGATCATGA,0
CCTTGGTCTTGAGACC,0
CCTTGTATTAGATCTG,0
CCTTGTCCCTCCGGAA,0
CCTTGTTTAATTTTAG,0
CCTTTAAAGACATAGT,0
CCTTTAAAGGAAAATA,0
CCTTTACAAACTCTGC,0
CCTTTAGACATCGATG,0
CCTTTATAAGATTAAA,0
CCTTTATGTAAGACCT,0
CCTTTATTCAAGCCTA,0
CCTTTCAATCATGAAA,0
CCTTTCCGTTTCATCT,0
CCTTTCCTATTGGACT,0
CCTTTCTTGCGATGTA,0
CCTTTGCTGCTACAAT,0
CCTTTTCTTGAGGAAG,0
CCTTTTTACAGGAACG,0
CGAAAAAATAATCGGT,0
CGAAAAAGACCATTTT,0
CGAAAACAAAAATAAT,0
CGAAAACAATCCAGTA,0
CGAAAACCAGTAAACT,0
CGAAAACCTATGTAGC,0
CGAAAACCTGGTTCGA,0
CGAAAACTATAAGTCT,0
CGAAAAGCAAGCTTTC,0
CGAAAATAAGGCGAAG,0
CGAAAATCGATACCAC,0
CGAAAATTCTGGCGCG,0
CGAAACAGGTAAACTC,0
CGAAACATAATATAGC,0
CGAAACCAAATAAATA,0
CGAAACCCAATCACAC,0
CGAAACCGATTACCAT,0
CGAAACCTCGATAATA,0
CGAAACGTATATAGCT,0
CGAAACTCATTATACG,0
CGAAAGACTTCCACCA,0
CGAAAGATGCACAATG,0
CGAAAGCTCCTTCACT,0
CGAAAGGAGTCCCCAT,0
CGAAAGGCAACTGTAA,0
CGAAAGTCCCAGATGA,0
CGAAATAACGAGTCGA,0
CGAAATCTAGAAGTAA,0
CGAAATGTGACGCCCA,0
CGAAATTGTAAAAGAA,0
CGAAATTTCTTGTAGC,0
CGAACAACGATTGAAT,0
CGAACAATTAATCACC,0
CGAACACAAGGAACAA,0
CGAACAGTGGTAAAAT,0
CGAACATCATAACCAT,0
CGAACATTTCAATTGC,0
CGAACATTTGAAACCT,0
CGAACCACGATCGTCA,0
CGAACCAGAGAATAAA,0
CGAACCAGGAAGAAAA,0
CGAACCATAATGTTAA,0
CGAACCCGAGTCTCAA,0
CGAACCCGGGTCCGGC,0
CGAACCTTGCGGGAAA,0
CGAACGAAACTATCAC,0
CGAACGCATACATCGG,0
CGAACGCCGCCAAAAT,0
CGAACGCTACAGATCA,0
CGAACGTAACTATCCT,0
CGAACGTGTCCCAGTC,0
CGAACTACTACTACTC,0
CGAACTATTAATTCAA,0
CGAACTCAGTCACACT,0
CGAACTGTAACAAAAA,0
CGAACTGTTATATGTA,0
CGAACTTGTAAATTTA,0
CGAAGAAGAACAACCA,0
CGAAGACAAAAAACTT,0
CGAAGACGAAACACCA,0
CGAAGACTAAGCAAGA,0
CGAAGACTTGAGACAG,0
CGAAGATTATCATTAA,0
CGAAGCACAAGCAGTA,0
CGAAGCACTAAACAAG,0
CGAAGCCTATAATTAT,0
CGAAGCCTCTGTAAAT,0
CGAAGCGCATAATATG,0
CGAAGCTACTAATCCG,0
CGAAGCTCGCATCAAT,0
CGAAGCTTAATCAATC,0
CGAAGGACAAACAAGA,0
CGAAGGAGCCGAGGGC,0
CGAAGGCCGTACAGAA,0
CGAAGGCCGTGGATAG,0
CGAAGGTTAAAACGTA,0
CGAAGTAAGGATCAAG,0
CGAAGTGAAAAACTTT,0
CGAAGTTATGAATACT,0
CGAAGTTCAAAACAAG,0
CGAATAAACAGAACCG,0
CGAATAACTAGCTAAC,0
CGAATAAGCTGAGAGG,0
CGAATACAACCGAAAA,0
CGAATACAACGGGTAG,0
CGAATACTATAGCCTC,0
CGAATATAAAGATTAT,0
CGAATATGCAACAAAC,0
CGAATCAATTGACCAC,0
CGAATCCGCATACCAT,0
CGAATCTGTAATAAGT,0
CGAATGAAGAGGATGC,0
CGAATGAATTTATAGT,0
CGAATGAGTACTGAAT,0
CGAATGATGACCGGAG,0
CGAATGCGATTGTAGG,0
CGAATGGTGTTATTTT,0
CGAATGTATGAGCACA,0
CGAATGTCACTTGTAG,0
CGAATTGCTAAGCAGC,0
CGAATTGGAAGATAGC,0
CGAATTGGCTTCTAGT,0
CGACAAAACTACGCTC,0
CGACAAACAAACACCT,0
CGACAAACAATTTAGT,0
CGACAAAGGAATACAT,0
CGACAAATGAGATCGA,0
CGACAACAATGACCAA,0
CGACAACACCCTGACT,0
CGACAACTATATAATC,0
CGACAAGACACAGAAC,0
CGACACAAAAATGGCG,0
CGACACAAGACTATGA,0
CGACACAATCAAGTAA,0
CGACACACGATCTATG,0
CGACACCCTTATGGTT,0
CGACACCTTTAAACAG,0
CGACACTGGGACCGCG,0
CGACACTTTACCCCTA,0
CGACACTTTTAAACAA,0
CGACAGATTTAAAGGG,0
CGACAGGAACACCACG,0
CGACAGTGACACACTT,0
CGACAGTTCCATGTCC,0
CGACATACAATCTGAC,0
CGACATAGGTCATATA,0
CGACATCCGACCTGCA,0
CGACATGACAAAGATA,0
CGACATTACCACGATG,0
CGACCAAAAAGCAACC,0
CGACCAAAAGTAGTTA,0
CGACCAAAATTCTTCG,0
CGACCAAACAGCATGC,0
CGACCAAATCAGCCAT,0
CGACCAATCAATATAA,0
CGACCACTATTACTAC,0
CGACCAGAGGATACGA,0
CGACCATAAATGTCCA,0
CGACCATATCACTCTT,0
CGACCCCCCCAAGACA,0
CGACCCCCTCAGGGTG,0
CGACCCCTAATTTCTA,0
CGACCCGTCTACAATC,0
CGACCCGTTATACACA,0
CGACCCTTCATCACAA,0
CGACCGAGCCGCACAT,0
CGACCGGGTAATCATC,0
CGACCGTAATCAGCGT,0
CGACCTTTACATACCC,0
CGACCTTTTACCCGCA,0
CGACGAGATATAGTCA,0
CGACGATGTTTATACC,0
CGACGATTCTCGAAAA,0
CGACGCACACCAAAAT,0
CGACGCACCGACATCT,0
CGACGCAGATTCTTAA,0
CGACGCCGGTAAAAAC,0
CGACGGCAGAATGTGT,0
CGACGGCCCTGAAATA,0
CGACGTACAATTAAAT,0
CGACGTATTAAGACCG,0
CGACGTCCCCGAATGC,0
CGACGTCGAATCAGCC,0
CGACGTCTGCTTAAAA,0
CGACTAAAGATAAACG,0
CGACTAACAAAGACGA,0
CGACTAACTCATTGTG,0
CGACTAACTTAACTTC,0
CGACTACATCTGGTAC,0
CGACTAGGAGGAAAGA,0
CGACTATGTGAAAGGA,0
CGACTCAAACGTATTA,0
CGACTCAAGGACACTG,0
CGACTCACATTGGCCC,0
CGACTCCACAAAGATA,0
CGACTCCGTTGTAATT,0
CGACTCGGAGAATAAT,0
CGACTCGGAGGATACC,0
CGACTCTACTTTTCAT,0
CGACTGCACCACTCGA,0
CGACTGCTCATCCAGT,0
CGACTGTCGTCATGTA,0
CGACTTAACCTGGAAT,0
CGACTTACAATATGAT,0
CGACTTCCACAAGTAG,0
CGACTTCCCAATTATT,0
CGACTTCGAGACTACC,0
CGAGAAAACGACTAAC,0
CGAGAACGAAACCGAC,0
CGAGAAGCAAAACTCA,0
CGAGAGAGCCTAAATT,0
CGAGAGATTTGTGTTC,0
CGAGAGTCCACAGGGG,0
CGAGATAAGCCCAATA,0
CGAGATAATGTGCCTG,0
CGAGATACCGTCCGCT,0
CGAGATAGTGACAACA,0
CGAGATATAACACAGC,0
CGAGATGAACCGCTGG,0
CGAGATGTAAGATCTA,0
CGAGATTATTTGTTAC,0
CGAGATTTCATCGGTA,0
CGAGCAAGAAGATATT,0
CGAGCAAGATACATGC,0
CGAGCAATCATCACGG,0
CGAGCACAGATACAGT,0
CGAGCACATTGATCCG,0
CGAGCAGCACCACAGT,0
CGAGCATAATCACTCA,0
CGAGCCAGGCCACGAC,0
CGAGCCATAAAGAATA,0
CGAGCCCAAGACGATC,0
CGAGCCGATAGAATAT,0
CGAGCGAAAAATGTAC,0
CGAGCGGATTAGGGCC,0
CGAGCGTATGATTTTG,0
CGAGGAATACACTCTT,0
CGAGGATACGTGATTT,0
CGAGGATAGCATGAAC,0
CGAGGATCCGAACAGT,0
CGAGGCAACGTTACAT,0
CGAGGCACCTCCTCTT,0
CGAGGCATGCTCTTTC,0
CGAGGCCTGCAACACC,0
CGAGGGCATGTACATA,0
CGAGGGTTTATAGCAA,0
CGAGGTCATATAATAT,0
CGAGGTGGGTGTTTCC,0
CGAGGTTAATGACTAC,0
CGAGTACTACTGACAA,0
CGAGTATAAGGGTTTC,0
CGAGTATTCACTTCTT,0
CGAGTCAGACATAAGG,0
CGAGTCCAATCTATTA,0
CGAGTCTCTCCCATGA,0
CGAGTGAAATAACATA,0
CGAGTGATGGGATTGC,0
CGAGTGTGATTGCTAT,0
CGAGTTAGTAGTGTAG,0
CGATAAAAAAAAGTAG,0
CGATAAAAATAAGTAA,0
CGATAAAACACAGGTG,0
CGATAAAGAATCATAC,0
CGATAAATCCATTATT,0
CGATAACCCTGAGTAT,0
CGATAAGAAGACTGAA,0
CGATAATACCTCAACA,0
CGATAATCAATAGAGG,0
CGATAATTATCTATCA,0
CGATAATTCCATCACA,0
CGATACAAAAAACGAA,0
CGATACAAGACTACCC,0
CGATACATAGCTAAAT,0
CGATACATGGTCAGGA,0
CGATACCATCTAAGCC,0
CGATACCTTTACTAGG,0
CGATACGATATTGAAT,0
CGATAGACACAGTAGA,0
CGATAGCAGTTGCCAA,0
CGATAGGCATCTTTAA,0
CGATATAAGAGCCTCA,0
CGATATACTACGATGG,0
CGATATATGATCACGT,0
CGATATATTATTGTTG,0
CGATATCAAAAGTCAC,0
CGATATTATAAGATTA,0
CGATATTTAAGAATAA,0
CGATCAATTTACAAAT,0
CGATCACAAAGCCCGT,0
CGATCAGTTGATCAAA,0
CGATCATTAATAGAAC,0
CGATCCACCAACTCAA,0
CGATCCCCAGAATACG,0
CGATCCGCTACCTAGC,0
CGATCCTAACTAGCAA,0
CGATCTAACAAGATAG,0
CGATCTCATTGCCACG,0
CGATCTCCATAGCCTA,0
CGATGAAATCAAAAAG,0
CGATGAAGACACCAAA,0
CGATGAAGAGAAACAC,0
CGATGACGAAAACATA,0
CGATGACGATAAGAGC,0
CGATGACGGCCTCTGA,0
CGATGAGGTAATCCTT,0
CGATGAGTTATTTACT,0
CGATGATGAATCGTCG,0
CGATGATTACTCGTGC,0
CGATGCACCGAGCAAC,0
CGATGCACTTTAAAAA,0
CGATGCCTTTCACTCA,0
CGATGGAAAAAGTATT,0
CGATGGATAAATAGCA,0
CGATGTTATATACCGG,0
CGATGTTCACGCGCAC,0
CGATTAAGGAAATAAA,0
CGATTACCGAAAAGGC,0
CGATTACCGGTTAGCA,0
CGATTACGCACAGTGA,0
CGATTACTTAGAGGAG,0
CGATTAGGCCCAGATC,0
CGATTAGTAATTATCC,0
CGATTATAAATAAAGA,0
CGATTCAACAAACAAA,0
CGATTCAGAAATAAAT,0
CGATTCCGTCACATAA,0
CGATTCTAACATCACC,0
CGATTCTATCAGCTCG,0
CGATTGCAATAACTAC,0
CGATTGCTAACGGTGT,0
CGATTGCTCACCCGAA,0
CGATTGGATCCTATCC,0
CGATTGTTAAACATGC,0
CGATTGTTGATTGTAC,0
CGATTTAAACTCTAAG,0
CGATTTCGTTCCCGAC,0
CGATTTCGTTTGGAAG,0
CGATTTGACAATGAGA,0
CGCAAAAGAAAAATTG,0
CGCAAAAGGTTGTTAA,0
CGCAAACCGGTAACCG,0
CGCAAACCTGTTCGAG,0
CGCAAAGAAAGATAAT,0
CGCAAAGTACCCTAAA,0
CGCAAAGTGATCTGTT,0
CGCAAATTGCAGAGAG,0
CGCAACCATTATCTAA,0
CGCAACTACAGGCAAA,0
CGCAACTGCACTGCCC,0
CGCAAGAATATATCAA,0
CGCAAGGTCAGGGTCG,0
CGCAAGTGGCTGGTGA,0
CGCAATACAGAGGTGA,0
CGCAATACTCCAGTTA,0
CGCAATCAAACTGACC,0
CGCAATCCAAAGAGAC,0
CGCAATGAGTAAAAAG,0
CGCAATTTGAAATAAC,0
CGCACAAAACGAAATA,0
CGCACAAAATGTGCGC,0
CGCACACGAGCTTGGC,0
CGCACAGAACAAAATA,0
CGCACATAAAAAATAT,0
CGCACATACACGTTCG,0
CGCACATACCGCGCTA,0
CGCACATACTTAAACA,0
CGCACCACGCGACTAC,0
CGCACCCGTTACCTTC,0
CGCACCGTTCGCCAAC,0
CGCACCTTAGCTACTA,0
CGCACGAATCTTGATG,0
CGCACGAGTCTCGGAA,0
CGCACTAAGCCTTGTA,0
CGCACTAATACCTCGT,0
CGCACTACTCCAAACG,0
CGCACTCGAAGTAAGA,0
CGCACTGCAGTGTTCT,0
CGCAGAACAATAACTC,0
CGCAGAGCCAGATAAT,0
CGCAGGCCGCAATTTC,0
CGCAGGCGAGGTCAAA,0
CGCAGGTCAATACATT,0
CGCAGGTTCAGACGCC,0
CGCAGTTAGAGACAAA,0
CGCAGTTCGTCCCGCA,0
CGCATAAATCGTCTTC,0
CGCATAAGAAACGTAA,0
CGCATAGCTTCTACGA,0
CGCATATATCCTTCTA,0
CGCATCCGCTAGAAGA,0
CGCATCGACATACCAA,0
CGCATCGAGACAACGC,0
CGCATGAAAAATAACT,0
CGCATGAACAGATCAC,0
CGCATGAAGTTATTTC,0
CGCATGACGCACTGAC,0
CGCATGAGAGCATCCC,0
CGCATGCAAACGAAAG,0
CGCATGTATTACGAGT,0
CGCATTAACGAGGGTT,0
CGCATTAGGTAAAAAT,0
CGCATTTTACCCTACA,0
CGCCAAAAAGAACTTG,0
CGCCAAATAGTACGAA,0
CGCCAACTAGTTTACA,0
CGCCAAGACATCAACT,0
CGCCACGGCTTCGTAA,0
CGCCACGTACTGGTTT,0
CGCCAGAAAACAAAAT,0
CGCCATAAACAGCAAT,0
CGCCATAAGAGATATC,0
CGCCCAAAAATTACAA,0
CGCCCATAATAAAGGC,0
CGCCCATACTGGCCAC,0
CGCCCGAAGATCCCTT,0
CGCCCGATTTAATTGT,0
CGCCCGTTCTATATGT,0
CGCCCTACGCCCGTTA,0
CGCCCTAGTAGAAGGA,0
CGCCCTTATTTATTAG,0
CGCCGAAGAGGGCTGC,0
CGCCGACTAGACTCAG,0
CGCCGACTCTACCCAT,0
CGCCGCCACTAAGTTT,0
CGCCGCTTGACTCTCA,0
CGCCGGCAGAACAATG,0
CGCCGGGGGTTCAACT,0
CGCCTAAAATGGTAGA,0
CGCCTAACAAAAAGGG,0
CGCCTACGCCAGCCTA,0
CGCCTCACTTGCCGAC,0
CGCCTCTATATTCGCA,0
CGCCTCTGTTAAGTAC,0
CGCCTGGCAGCTCATT,0
CGCCTGGTGTCCACAA,0
CGCCTTAAAAGATATA,0
CGCCTTACTTATGCCA,0
CGCCTTGCACTTACAC,0
CGCGAAATTAAATATT,0
CGCGAACAACTACCAA,0
CGCGAACGTGCTACTT,0
CGCGAACTTCAGTTAG,0
CGCGACCAAGAGTTGA,0
CGCGAGCGAAACGCTC,0
CGCGATAGTTTCCAAA,0
CGCGATCAAAAACTGT,0
CGCGATCACTATATAT,0
CGCGATCCAAAACACA,0
CGCGATGAAACGGTGT,0
CGCGCAAACACCACTA,0
CGCGCACAAATAACAG,0
CGCGCGAATCTACAGA,0
CGCGCGTGAGACTTTC,0
CGCGCTACGTATCGAG,0
CGCGGACATAGAGGTT,0
CGCGGACCAACTGAAT,0
CGCGGCACGTCCATCA,0
CGCGGCTTGGGCTCGA,0
CGCGGGCTGGCGAACA,0
CGCGTAAATCATGATT,0
CGCGTATATTATTCTA,0
CGCGTCTTAGCATAAC,0
CGCGTGATACACTTCT,0
CGCGTGATCTTACCGT,0
CGCGTGCAGAAAATGA,0
CGCGTTGGTAATCTCC,0
CGCTAAAATACATACG,0
CGCTAACATAGTATAG,0
CGCTAACCAGCATCTA,0
CGCTAATGAATATGAC,0
CGCTACACATAGTGGA,0
CGCTACCATGAGGCAA,0
CGCTACTGCACAAGCA,0
CGCTAGCTACCATTAC,0
CGCTATCAGAACAAGG,0
CGCTATCCATGCACTT,0
CGCTATTATTGGTGCG,0
CGCTCAAATTGCTACC,0
CGCTCATGAGTATGCA,0
CGCTCCCATTTACCAT,0
CGCTCCCCGTAAGGTG,0
CGCTCCTAGAAAGGTA,0
CGCTCGTAGTTCCTAC,0
CGCTCGTCGTTGATTT,0
CGCTCTGATAAAACCC,0
CGCTCTTAACCAATAG,0
CGCTGAATGCCTACCG,0
CGCTGCGGTTTAAGGT,0
CGCTGCTCAAACATCC,0
CGCTGGGCATAAATCC,0
CGCTGTGGAAGATCAT,0
CGCTGTTATTTGTAAC,0
CGCTGTTCAATTATGA,0
CGCTTAACTACTCAAT,0
CGCTTAATAAGAGCGA,0
CGCTTACTACAACAAG,0
CGCTTAGCTCCGTAAG,0
CGCTTAGGAAAACTGA,0
CGCTTATATATTACAT,0
CGCTTATCTCAGGAAA,0
CGCTTATCTCAGGGAA,0
CGCTTCCCTTGCTGCT,0
CGCTTTAATACCATTT,0
CGCTTTATCTCACTCT,0
CGCTTTGTTTATTGTA,0
CGCTTTTAAAACCTTT,0
CGGAAAACCCTAGAGA,0
CGGAAAAGTTTATCCC,0
CGGAAAAGTTTGGAAA,0
CGGAAACCATGATGTA,0
CGGAAACGAACCTATT,0
CGGAAATAACTGACGG,0
CGGAAATCATTGCGAG,0
CGGAAATCTTGTGAAT,0
CGGAACAAAAAACAAA,0
CGGAACAGCTTTGGAT,0
CGGAATATACCGGGCA,0
CGGAATCAGAAAGAGG,0
CGGAATGCAAATTGGA,0
CGGAATGCGTTTTAGA,0
CGGAATGCTCCAGACT,0
CGGAATTGGGCTGAAC,0
CGGAATTTTATAAAAG,0
CGGACAAACAACCCAA,0
CGGACAAACTACAATA,0
CGGACAAACTAGAACA,0
CGGACAACCGCTACAA,0
CGGACAAGGAAGAATC,0
CGGACACTGGATTCAT,0
CGGACATAATTTTCCA,0
CGGACCATTACTCCTC,0
CGGACCCACTTGTGAT,0
CGGACCTTCTTCACCT,0
CGGACGAGTCCATTGT,0
CGGACGCCTGAAACAG,0
CGGACGGCCTTAGAAA,0
CGGACTATATACCGCT,0
CGGACTCGCCAATGCC,0
CGGACTGAATCTAAAC,0
CGGACTTGATGTAAGA,0
CGGAGAATAGCAACCC,0
CGGAGACACTCACATC,0
CGGAGACGGACTCTGC,0
CGGAGAGGGGGGCAAC,0
CGGAGATGTTTAGATT,0
CGGAGTAAATATTACG,0
CGGAGTGAGCCAAAGG,0
CGGATAAAGTAAAAGA,0
CGGATAAGAGTTTAAA,0
CGGATAATTAATGGGT,0
CGGATAATTCCAACCA,0
CGGATACCATCGTACT,0
CGGATACTGTCTGCCA,0
CGGATAGGATGTCCAC,0
CGGATATACTACCCGT,0
CGGATATTTATTGCAA,0
CGGATCGACGCAGTAT,0
CGGATCTGCCAGACGG,0
CGGATGGTAAATAGAT,0
CGGATGGTGAGCGATA,0
CGGCAAAACTGGGTAA,0
CGGCAACCACAGACGG,0
CGGCAACCAGAATATC,0
CGGCAATGAACACCTT,0
CGGCAATGCTAACGCT,0
CGGCACATTCACGACA,0
CGGCAGATTATAGTTA,0
CGGCAGTACGTGCAAG,0
CGGCATACTAAGATAC,0
CGGCCAAACACATACA,0
CGGCCATCGCACACTG,0
CGGCCGGACCGAGCGT,0
CGGCGACCGTAAAATT,0
CGGCGACGAAGTCCCG,0
CGGCGAGTGTTAATCA,0
CGGCGGCCTCTGCTCC,0
CGGCGGTCTTATGATG,0
CGGCGGTTCTCCATCG,0
CGGCGTAACAGACCGA,0
CGGCGTATCAATATTA,0
CGGCTACACAATGAAC,0
CGGCTATCAAAGTTTA,0
CGGCTCCAACCCAGAC,0
CGGCTCGTTTATGCCA,0
CGGCTGAACTCACTAG,0
CGGCTGATCGCATCGT,0
CGGCTTGCGCTACCAT,0
CGGCTTTACTTACGGC,0
CGGCTTTCGATACAAA,0
CGGGAACTGACGAAAC,0
CGGGAAGCACAAAAAC,0
CGGGAATGAGTGTACG,0
CGGGAATTCAAAGGTA,0
CGGGACGTCATAATCT,0
CGGGAGACCAGTAAGC,0
CGGGAGAGAACCGGGC,0
CGGGATCCACGAACCT,0
CGGGCAACCTCTCGGA,0
CGGGCCACGAAACTGT,0
CGGGCCGTGATCGCCT,0
CGGGCGCGCAGTGTTA,0
CGGGCGGAAAATCTAC,0
CGGGGACGTTGTAAAC,0
CGGGGCGTACACATTG,0
CGGGGCTCAAGTATGG,0
CGGGGTCGAGAACGTG,0
CGGGTAAAGTACTTTT,0
CGGGTCCTTCCGTATG,0
CGGGTCTCCTACCTGC,0
CGGGTGCTTTATTAAC,0
CGGGTTCATAAGGTAA,0
CGGGTTCTCCGGCCAT,0
CGGGTTTATCTATACA,0
CGGTAAAATGATGGCA,0
CGGTAAACAACAAAAA,0
CGGTAAAGCAAGGGAA,0
CGGTAAATGTTTCAAC,0
CGGTAACCTGACTTTG,0
CGGTAAGAAAGCAGTA,0
CGGTAAGCTTATAAAG,0
CGGTAATAAACCATTC,0
CGGTAATTAAGGAAAA,0
CGGTAATTTTAAGCCG,0
CGGTACACCTCAAAAG,0
CGGTACCATAGACGTG,0
CGGTACCCAAATTCCA,0
CGGTAGCCTTACGTAA,0
CGGTATATTACAACTG,0
CGGTATCTGGGCAGTA,0
CGGTATGCCATTCCGT,0
CGGTATTAGCGGACCA,0
CGGTATTGGTTAAAAA,0
CGGTCAAAAAATGGTA,0
CGGTCAAAATGTACTC,0
CGGTCAAATATCATTT,0
CGGTCAAGCTCTCCAT,0
CGGTCGGAGTACCGCA,0
CGGTCGGGCGAGACTT,0
CGGTCTAAGCAAAGGG,0
CGGTCTGAATCCGGTA,0
CGGTGACAGGACTCAA,0
CGGTGATACGTTCATC,0
CGGTGATTTAAAAAGC,0
CGGTGGTTCGAAACCA,0
CGGTGTAAGATAATGT,0
CGGTGTACAACACCAA,0
CGGTTACGAGAGCTAT,0
CGGTTCCTAATGGACT,0
CGGTTCTATCCAAACG,0
CGGTTGAGGTTATAGA,0
CGGTTTAATAACTCAC,0
CGGTTTAGAAGTATCG,0
CGGTTTCACATCACTT,0
CGTAAAAATGATAAGT,0
CGTAAAACGTGAATCC,0
CGTAAAAGAGGCTTAA,0
CGTAAACAGACAAAAT,0
CGTAAACCGAGAGTAT,0
CGTAAACGTATCCAAC,0
CGTAAACTACTTGGCT,0
CGTAAACTCACGACAT,0
CGTAAACTTTCGGTCC,0
CGTAAACTTTCTTTGG,0
CGTAAAGCAATGATCA,0
CGTAAATACTTATAGA,0
CGTAAATCCTACAGTC,0
CGTAAATCCTTTGTGA,0
CGTAAATGTATTTCTA,0
CGTAACACTCGTAAAC,0
CGTAACACTTATGCAC,0
CGTAACCACGAACAAC,0
CGTAACCGCACAAATT,0
CGTAACCTGTGGCAAG,0
CGTAACGTCAAGCAAC,0
CGTAACGTGCTTGCAA,0
CGTAACTAGGTGTACT,0
CGTAACTATCTCTGAA,0
CGTAAGCAATAAACCC,0
CGTAAGTCTGTTTCAT,0
CGTAAGTTTGCTGAAT,0
CGTAATAACAACTAGC,0
CGTAATACGCTAATCT,0
CGTAATGCACCACCAA,0
CGTAATTCTATATGAA,0
CGTAATTTCTGAATTA,0
CGTACAAAAGCGCTAA,0
CGTACAACGATAACCC,0
CGTACAATCCCAAGTC,0
CGTACACATAGGGATA,0
CGTACACATTTTGAGT,0
CGTACATGATAAGTCA,0
CGTACCAATAATAGGA,0
CGTACCACTCGGACCT,0
CGTACCCAATTCTCGC,0
CGTACCTTACGGTGAA,0
CGTACTATCACACTAC,0
CGTACTCAATATGGTC,0
CGTAGAATTGAGTTAA,0
CGTAGAGATGATGCGC,0
CGTAGATCATCCCAAC,0
CGTAGCCGGAAAGATA,0
CGTAGTAATGGTAACA,0
CGTAGTATCATAGGTT,0
CGTAGTCTAAAATACA,0
CGTAGTTAACTACTGT,0
CGTAGTTAAGACGATC,0
CGTAGTTGAACCAATC,0
CGTAGTTGTTGCTAAT,0
CGTATAATCCGACCAA,0
CGTATACTATAGTCAT,0
CGTATACTCCCCTGAC,0
CGTATACTCGCTAAGG,0
CGTATATAACATAATT,0
CGTATCAAGAATTCGA,0
CGTATCAGTATGAGTG,0
CGTATGAAAATAATAC,0
CGTATGAACTAATGAA,0
CGTATGATAGAATAGG,0
CGTATGCACATTACCA,0
CGTATGCGAGGGTTAA,0
CGTATGCTTATGGTAA,0
CGTATGGCAGCCAAAA,0
CGTATGTACCTCAAAT,0
CGTATGTATAGAGCTT,0
CGTATTACAGTTAACT,0
CGTATTCAGTCAGTAG,0
CGTATTCCGGGTTATA,0
CGTATTTAACATTATC,0
CGTATTTCGAAAAGAT,0
CGTATTTTCCGCTGCC,0
CGTCAAAGAATCGCAG,0
CGTCAATAGTTTCCCA,0
CGTCAATCATATGCAT,0
CGTCACAACTATTGGG,0
CGTCACACGCCTTACA,0
CGTCACCAAGTATCTG,0
CGTCACCCCGCCAAAA,0
CGTCACCCCGGGAAAT,0
CGTCACGCGTAAGACG,0
CGTCACTATAAATCCC,0
CGTCACTTTGGTCACT,0
CGTCAGACGTTCAAAA,0
CGTCAGCAAAGAGTTT,0
CGTCAGCCGACGCCTA,0
CGTCATAATCATACAT,0
CGTCATAGTCTAACAG,0
CGTCATATTTAAAAAA,0
CGTCATGAAACTAATG,0
CGTCATGGAGGTCCAG,0
CGTCATTGAAATAACG,0
CGTCCAAATACTTTTG,0
CGTCCACAATAAACAA,0
CGTCCACGCGCGAAAC,0
CGTCCATGTTTCACTT,0
CGTCCATTAAAGACTT,0
CGTCCCATTTGTCACA,0
CGTCCTAAAGAGCACC,0
CGTCGAAGCATACGCA,0
CGTCGAGATACCCCCA,0
CGTCGATAAACTAATT,0
CGTCGCTTCTCCCACT,0
CGTCGTAACTCAAACA,0
CGTCGTTTTCATGAAC,0
CGTCTAAAATACCCAA,0
CGTCTAACGCCACTAG,0
CGTCTAATAACAAACG,0
CGTCTACTTCAGATAG,0
CGTCTAGAAATACTTC,0
CGTCTATGAACTACAA,0
CGTCTCCAAATATCTA,0
CGTCTCCAACTCGGGA,0
CGTCTCCAGCGGGCAC,0
CGTCTGATAAGAGCGC,0
CGTCTGCATTACCGTA,0
CGTCTGTCAATGCGAT,0
CGTCTTCACCAACCAC,0
CGTCTTCACGACCTCG,0
CGTCTTCCACAAAAAC,0
CGTGAAACCAATGCCT,0
CGTGAAAGTTTCTCTA,0
CGTGAACACGAGGCCT,0
CGTGACACATGAGAAG,0
CGTGAGCATAATACTC,0
CGTGAGTACTCACATG,0
CGTGATTGATGCATGA,0
CGTGCATTCAAAGTTT,0
CGTGCTGAAATTAATT,0
CGTGGACAATTCCGGC,0
CGTGGAGCCGACGAAC,0
CGTGGATAGCCTCATT,0
CGTGGATCTTCGATAC,0
CGTGGCATGTTTAAAA,0
CGTGGCCTTGTAAGCT,0
CGTGGCTGGAAGGGGT,0
CGTGGTAGTAATCAAA,0
CGTGTACGTCGTATAT,0
CGTGTCCACCGACCAT,0
CGTGTTATCAATACCT,0
CGTTAAAAATAATGGT,0
CGTTAAATCAAATCTA,0
CGTTAAATGCTCGTTC,0
CGTTAAGGATAAAAAA,0
CGTTAATATCGGCGCC,0
CGTTAATCAAAGATTA,0
CGTTACAAAAAGTACA,0
CGTTACTGCACTCCAA,0
CGTTAGAAGAACCCAT,0
CGTTAGAATACCATCA,0
CGTTATAAATAGACGA,0
CGTTATGGAAAAAACT,0
CGTTATGGCATTTGCG,0
CGTTCAAACCAATGTC,0
CGTTCACTAGGACAAA,0
CGTTCAGAAGTAGGCC,0
CGTTCAGACAAATACA,0
CGTTCATGAAACACTA,0
CGTTCCATACCAGTGA,0
CGTTCCGCCTTTGTTT,0
CGTTCCTGCCATGCCT,0
CGTTCTAAAAAAATGT,0
CGTTCTTCATAAATAA,0
CGTTGAAAACAAACGA,0
CGTTGAAAAGAACCTT,0
CGTTGAATTTATTACG,0
CGTTGACTACAGCAGG,0
CGTTGAGACCATGCGG,0
CGTTGCTAGTACACCT,0
CGTTGGCTCATGCTGT,0
CGTTGTTAAGATATCA,0
CGTTTACAATAAAAGA,0
CGTTTCATACCTAACA,0
CGTTTCGACAATTAGA,0
CGTTTGAATACGAGTC,0
CGTTTGACCTATTCCA,0
CGTTTGGGAGCTTCCT,0
CGTTTTACAGATCAAA,0
CGTTTTCGGACAGATT,0
CTAAAAAAATAACCTC,0
CTAAAAACATCAATCC,0
CTAAAAACCAAATGTA,0
CTAAAAACGAACTCCC,0
CTAAAAACGCACGAAT,0
CTAAAAAGACACTTTG,0
CTAAAAAGACCCATGC,0
CTAAAAAGCGTCGAAT,0
CTAAAACAATAGCCTC,0
CTAAAACTTGAGTCAC,0
CTAAAAGAAACGACAT,0
CTAAAAGCCAGAAGCA,0
CTAAAATATCATCCAC,0
CTAAACAAAAGCACAA,0
CTAAACAACACTGAAC,0
CTAAACACAACCTGTG,0
CTAAACACACAAACCA,0
CTAAACACCCATCACC,0
CTAAACACGAGATACA,0
CTAAACAGGACCACCC,0
CTAAACCCTGCGAGAA,0
CTAAACCTAACTGATT,0
CTAAACCTCCGCGTTA,0
CTAAACGAAACCGAGG,0
CTAAACGAGACAATGA,0
CTAAACGATAAAAGGA,0
CTAAACGCAAACTTTT,0
CTAAACGGCGCTTGCT,0
CTAAACTACGGACATC,0
CTAAACTGACACCTTC,0
CTAAACTGATTATAGA,0
CTAAAGAACCTAGAAA,0
CTAAAGAGCGTAAAAG,0
CTAAAGGATGCAGCAG,0
CTAAAGGGAGGCTAAA,0
CTAAAGGTCCATAAAC,0
CTAAAGTACCCCCGTA,0
CTAAAGTGCAACTCCT,0
CTAAAGTTAAAAACAC,0
CTAAAGTTTACTTTTG,0
CTAAATAAACCTTGTG,0
CTAAATACCCGTGTAA,0
CTAAATAGAAGGGGTC,0
CTAAATAGGTAATGAT,0
CTAAATAGTCAGCAAA,0
CTAAATAGTCCATGCG,0
CTAAATAGTTCTTGAG,0
CTAAATCACGTCGACC,0
CTAAATCTCACGCTAT,0
CTAAATGCGAGATTGT,0
CTAAATGTGACTATAA,0
CTAAATTAACAGTAAG,0
CTAAATTACAATTACC,0
CTAAATTATCCTAGTA,0
CTAAATTGAAGTTCCC,0
CTAAATTTCACATAAC,0
CTAACAACCTCAACCA,0
CTAACAATAAACAAAT,0
CTAACAATATGGTAAA,0
CTAACACGAATTGGTA,0
CTAACACTTTGAAGCG,0
CTAACAGAACCACCAA,0
CTAACAGGATCACCTA,0
CTAACATCCAAGACCA,0
CTAACATTGCATACCG,0
CTAACCAAATAATAAA,0
CTAACCAATAATTTCT,0
CTAACCAGTGCGCGCT,0
CTAACCCTACAAAGAT,0
CTAACCCTCTCCTCCC,0
CTAACCGATGAACACA,0
CTAACCGTACAGAATA,0
CTAACCTTAACATGCT,0
CTAACGAATCAATTGG,0
CTAACGACATTAAGGG,0
CTAACGATAATAGTCG,0
CTAACGCAACGAAACC,0
CTAACGGATAGAGTAA,0
CTAACTATACAAAGAT,0
CTAACTATGGCCGTCA,0
CTAACTCAACTCAAGG,0
CTAACTTAAATAGACA,0
CTAACTTAACCAAGCG,0
CTAACTTGTAAATTAA,0
CTAACTTGTTCGTTTC,0
CTAACTTTAAACGTGA,0
CTAAGAAACAACACAA,0
CTAAGAACACTGAATC,0
CTAAGAACTATTTTCA,0
CTAAGAAGAGCCTCTA,0
CTAAGAAGTTTTTAGT,0
CTAAGACATCCACAAA,0
CTAAGACCTACAAGCC,0
CTAAGACTCGGTAGTG,0
CTAAGAGACCTTAAAA,0
CTAAGAGATTAGAAAC,0
CTAAGAGGTACATATA,0
CTAAGAGTAAAATCAA,0
CTAAGAGTACCGAATC,0
CTAAGATATCGTTAAA,0
CTAAGATGTACATATG,0
CTAAGATGTTTAAAAA,0
CTAAGCAAGTTACGAT,0
CTAAGCAGACAGGTAT,0
CTAAGCATCCCCTCCC,0
CTAAGCCGGGAACTGA,0
CTAAGCTACTAAAGAA,0
CTAAGCTCTCTTCGGC,0
CTAAGGAAGTACTTTT,0
CTAAGGACAGAATCAA,0
CTAAGGCTATCGTGTA,0
CTAAGGTCCAACAATA,0
CTAAGGTCCGGTTCAA,0
CTAAGTAACTGAATAT,0
CTAAGTACATAGAAAT,0
CTAAGTAGTTATCAGA,0
CTAAGTCTCACGAAGA,0
CTAAGTTCTCTACCAA,0
CTAATAAAAACTTGCG,0
CTAATAAATCGCTAGT,0
CTAATAATCGTATCTA,0
CTAATACATTACGGAA,0
CTAATACCACATGCTG,0
CTAATACCTCTACAAC,0
CTAATACTGCAACAGA,0
CTAATAGAATTAACCC,0
CTAATATATATTAATG,0
CTAATATCATAGACAC,0
CTAATATGGCCATCAA,0
CTAATATTCATACGAC,0
CTAATCAAATGAAAAA,0
CTAATCACAGGATTGA,0
CTAATCACATTTAATG,0
CTAATCAGACAAAATA,0
CTAATCAGTAGAATGT,0
CTAATCATTTAATATC,0
CTAATCCTCTATGGTT,0
CTAATCCTTGAGAGAT,0
CTAATCGGAGCTCGAG,0
CTAATCTAACTAGTTG,0
CTAATCTCCCTTGAGC,0
CTAATCTGCAACAAGC,0
CTAATGAGAATCCACC,0
CTAATGATGATGGCTG,0
CTAATGCGATACGAAA,0
CTAATGCTATTATGTT,0
CTAATGCTTGGTAAGT,0
CTAATGGCTTTGTTAG,0
CTAATGGGCCATCACT,0
CTAATGGTATTATTAG,0
CTAATGTTTTAGAATG,0
CTAATTATATAAAAAT,0
CTAATTCAAAATGAGA,0
CTAATTCCCGATTTCG,0
CTAATTGATAGAAATC,0
CTAATTGGACTATAAC,0
CTAATTGGGTATGGAA,0
CTAATTGGTTGCTACA,0
CTAATTTACACGGTAC,0
CTAATTTAGCAGGGTC,0
CTAATTTCATCTTCTA,0
CTAATTTCATGAACCC,0
CTACAAAAGGTCATGA,0
CTACAAAATTCATAAA,0
CTACAAAGTAACGGTC,0
CTACAACCCCACACCA,0
CTACAACGATCTGATA,0
CTACAACTGCCGCCCG,0
CTACAAGCTTAATAGT,0
CTACAAGTGCCTAACT,0
CTACAATACTTTCGCT,0
CTACAATATGGACAAT,0
CTACAATCGTGCGCAC,0
CTACAATGGGTCAAGA,0
CTACAATGGTCGTAAT,0
CTACACCATTGGTATT,0
CTACACCGAGCGAAGT,0
CTACACGAAGATCAGA,0
CTACAGAAGCGATAGT,0
CTACAGAGAATACTCA,0
CTACAGCACACGGCCG,0
CTACAGCCAAAGCCGG,0
CTACAGCGTCAGATAC,0
CTACATAACTAGTGTA,0
CTACATAATTCTCTAC,0
CTACATACCAAACTGT,0
CTACATAGATGCTGTG,0
CTACATAGGTACTCAG,0
CTACATCGGAATCAAG,0
CTACATGAGACATATT,0
CTACATTCTGAGTCGT,0
CTACATTTTACAAAAA,0
CTACCAACAAGTCCAC,0
CTACCAAGCCCTAAGA,0
CTACCAATGGGAAGCC,0
CTACCACAATGAGTAT,0
CTACCACCACTTACAT,0
CTACCATATACCGCTG,0
CTACCATCTGCAGCGA,0
CTACCATTCAACTTGG,0
CTACCCAACCGTATCT,0
CTACCCCATCGGATAA,0
CTACCCCGAATCGCAA,0
CTACCGGATGGGAATG,0
CTACCGTACAAACTAC,0
CTACCGTATGAAATTT,0
CTACCGTCCGCTGATT,0
CTACCGTTAAACACAA,0
CTACCTAAAGTTCGCG,0
CTACCTAACTCCACGG,0
CTACCTAGTCTAAAAA,0
CTACCTCCGGAAATAA,0
CTACCTGCCCACGCTG,0
CTACCTTTTGGCAACT,0
CTACGAACTTCTAAGA,0
CTACGAAGATATGAGG,0
CTACGAGAAACTATTA,0
CTACGATAAAACTAAA,0
CTACGATAGAGCCTAT,0
CTACGATCAGTAAACG,0
CTACGCAATCACACAA,0
CTACGCCGAAAGTTTA,0
CTACGGATTCGTATAG,0
CTACGGCTGTAAGTAT,0
CTACGGTATTAAACAA,0
CTACTAAACGCAGATG,0
CTACTAAAGATACTAT,0
CTACTAACATATGGAG,0
CTACTAACGAGTCGGT,0
CTACTAATGTATAGGA,0
CTACTACTGAGAAATA,0
CTACTAGAAGAACCAA,0
CTACTATAAATGTCCT,0
CTACTATTTTCTTACC,0
CTACTCACTTACACAT,0
CTACTCCTGCATCACC,0
CTACTCTCAATACGCT,0
CTACTGTGTTACGCCA,0
CTACTTATATAGTACG,0
CTACTTGACAGACCTA,0
CTACTTTCCGATATTC,0
CTACTTTGAAAGCATA,0
CTACTTTGAGGACCCC,0
CTACTTTGTAAGAACC,0
CTAGAAAAGGATAATT,0
CTAGAAACAATCGAAG,0
CTAGAAGCCCACAAAA,0
CTAGAAGTGTCACTTA,0
CTAGAATGACTACTAA,0
CTAGACATTCATCAAG,0
CTAGACCGAAGAAGGC,0
CTAGACGATCTTTTAC,0
CTAGACGGTCCCCTGG,0
CTAGACTGCCACGAGA,0
CTAGAGAATCCGGACT,0
CTAGAGATACAGACCC,0
CTAGAGCGTTAACAAC,0
CTAGAGCTAAACCAGC,0
CTAGAGGAAGCATTAA,0
CTAGATAATCGAACAA,0
CTAGATCAACATCTTG,0
CTAGATCACAGTTACG,0
CTAGATCTCCTTCAAA,0
CTAGATCTTAATCTAG,0
CTAGATCTTATATATA,0
CTAGATGGTTTTATTT,0
CTAGCAAACCTAAGTC,0
CTAGCACATCAAAAAT,0
CTAGCATGATCCACTG,0
CTAGCCAGAATAAATC,0
CTAGCCCGAAAAAAAA,0
CTAGCGAAGAGCCGAT,0
CTAGCGAGACACAGAA,0
CTAGCGGTATCGGTAC,0
CTAGCTAAAATTGCCT,0
CTAGCTAAGAACGTTA,0
CTAGCTGAATCCGATC,0
CTAGCTTATAAGACCC,0
CTAGGAAAACGTACAT,0
CTAGGAAATTGCCAGG,0
CTAGGAAGGGAGTTAA,0
CTAGGAATGCAGCAAG,0
CTAGGAGCGCATCGCA,0
CTAGGAGGGACGGTCC,0
CTAGGAGTTTGAACGT,0
CTAGGCAAATAATCCA,0
CTAGGCAACTATAACT,0
CTAGGCTCCGGGTATT,0
CTAGGCTTGCTTTCAG,0
CTAGGGACCAGAACCG,0
CTAGGTACACCTTCGC,0
CTAGGTTACTGTTTGA,0
CTAGGTTCAATGGGTT,0
CTAGTAAAACATCGGG,0
CTAGTAAGAGTCTAAA,0
CTAGTAATTCCAAATA,0
CTAGTACCACCCCACA,0
CTAGTAGGAAACATAG,0
CTAGTAGTTACCATTA,0
CTAGTATCTCATAACA,0
CTAGTGATGAAGGCAA,0
CTAGTGGATAAATTAA,0
CTAGTGTAAACACATA,0
CTAGTTCAGAACATAT,0
CTAGTTTAGCAACGGG,0
CTAGTTTTCGTGCACA,0
CTATAAACTTATTAAA,0
CTATAAACTTCAGGAG,0
CTATAAATACATTGGT,0
CTATAAATTAGACCCT,0
CTATAACACGCCGGGC,0
CTATAAGCAAACAGTG,0
CTATAATAAATCATTA,0
CTATAATTAGGATTGA,0
CTATAATTCAAGATAT,0
CTATACAACAAGCTAA,0
CTATACAACATAAATG,0
CTATACACCACCCCGA,0
CTATACACGGGTCACT,0
CTATACACTCAATAAA,0
CTATACACTGTCTCAA,0
CTATACAGATTCCCAA,0
CTATACCATCATAAGA,0
CTATACCGGAGAATTA,0
CTATACGTTAACTACA,0
CTATACTAATTATCGC,0
CTATACTATGTTGAAC,0
CTATACTGTACCACGC,0
CTATAGACCAGATCCA,0
CTATAGAGTTTGAACT,0
CTATAGATGGGAACTT,0
CTATAGCTGTAATGCT,0
CTATAGGAGTCTAGTC,0
CTATAGTCAGTTCTTC,0
CTATATAAAATTAGAG,0
CTATATCCATACAAAA,0
CTATATGAGCCCCTAC,0
CTATATGCTATCAGCC,0
CTATATGTAATGGGCA,0
CTATATTAATTTGACA,0
CTATATTTAGAGTGAG,0
CTATCAAACCGGCTCC,0
CTATCAATCCCGAGAT,0
CTATCAATTCGAACGT,0
CTATCAGAACAAGCCG,0
CTATCAGACATTAGGG,0
CTATCAGTCGTATAAT,0
CTATCAGTGATTTCAT,0
CTATCCAATAAGACAA,0
CTATCCACACAGATTC,0
CTATCCCAAGTAGGAG,0
CTATCCCGTTAAAGAA,0
CTATCGACAGAAGTTA,0
CTATCGAGATCCCGCA,0
CTATCGGGAACAGGAA,0
CTATCTCGAACCGACC,0
CTATCTGAGGGGTCGC,0
CTATCTTACACTCAAA,0
CTATCTTGACGTCTCA,0
CTATCTTTACTTTTTA,0
CTATGAACATGTAGTG,0
CTATGAACCATTACGA,0
CTATGACCTAATAACA,0
CTATGAGACAAAGTTT,0
CTATGAGTAAACTGAA,0
CTATGATGCGGACAGT,0
CTATGATTAACACCTT,0
CTATGCCCGACTGGGG,0
CTATGCTAAATCGCTG,0
CTATGCTTGTCAATTG,0
CTATGGACTCAACCGT,0
CTATGGATGCTGATTT,0
CTATGGATTAACATAA,0
CTATGTAATAAAATAG,0
CTATGTACCTCTGACG,0
CTATGTCTTTAAAATA,0
CTATGTGTTCAGAATT,0
CTATTAAATAAACTAG,0
CTATTAAATGTCCTAA,0
CTATTAACAGGGCAAC,0
CTATTAATCTCCGTAG,0
CTATTCAATCGATCCC,0
CTATTCAGTGACAATA,0
CTATTCCAAAGCTGAT,0
CTATTCGTCAAATCGC,0
CTATTGACCTACCGGA,0
CTATTGATAAAGATCA,0
CTATTGCCCTGTAGAA,0
CTATTGGACATCTTTA,0
CTATTGTCTCTCTCCA,0
CTATTTAAGGAACACG,0
CTATTTAGATTCTGAA,0
CTATTTCACACACACC,0
CTATTTCACCCCCGTG,0
CTATTTCCTCTGATCA,0
CTATTTGATGAGTGTA,0
CTATTTGATTCCAAAG,0
CTATTTGCATGCAGCG,0
CTATTTGCTTAGCCAA,0
CTCAAAAAGACAAGCC,0
CTCAAAACCTTTGTGA,0
CTCAAAACTAAGGATT,0
CTCAAAAGGCAAAAGA,0
CTCAAACAAAAAATCG,0
CTCAAATAAAAAAACA,0
CTCAACAAAAAAACGA,0
CTCAACGAGAACGACC,0
CTCAACGGGATACGAA,0
CTCAAGAGTTCGATCG,0
CTCAAGATTATGAACA,0
CTCAAGCTGATAAATT,0
CTCAAGGTTTACCTTT,0
CTCAAGTAATTAGTGC,0
CTCAAGTGATACCAGC,0
CTCAATCCTCACATCA,0
CTCAATCGCAATGACC,0
CTCAATCTACCGTAAA,0
CTCAATGAAAAGGCAT,0
CTCAATTAACAATCCG,0
CTCAATTACTCGTAGA,0
CTCAATTTAAAAGATT,0
CTCACAAAGGGACCTA,0
CTCACAAATGGTCCAC,0
CTCACAAATTGGATTA,0
CTCACAAGATAAACCT,0
CTCACACACGGTTCCA,0
CTCACACATAATGACA,0
CTCACACTAGGTGTCT,0
CTCACAGCGACCGAAT,0
CTCACAGCTGTTAAAC,0
CTCACATGTTCAGAAG,0
CTCACCACCAGCGTAT,0
CTCACCCAAATGAGTT,0
CTCACCCACCAGATTT,0
CTCACCTCACAGGATA,0
CTCACCTTCAGAGTTA,0
CTCACGATCATATAAA,0
CTCACGTGCGAATTCA,0
CTCACTACACTGAACG,0
CTCACTACCCCAAAGT,0
CTCACTACTCCAAACA,0
CTCACTTACAAAAAGT,0
CTCACTTTGAGTCACG,0
CTCAGAACGCGAAACC,0
CTCAGAACGCGAAATG,0
CTCAGACCAAAGTCCA,0
CTCAGACGCCTGCAGC,0
CTCAGACTAAGCCCGC,0
CTCAGAGGGTTTAGGT,0
CTCAGATAAATATTAA,0
CTCAGATTAATCTCAG,0
CTCAGCAAATCGTGTT,0
CTCAGCAACCAACTAG,0
CTCAGCACTAACTCAT,0
CTCAGCATAAAAAAAG,0
CTCAGCCCTAAATACA,0
CTCAGCGAAAGTCTGA,0
CTCAGCGAGTAGTATT,0
CTCAGCTTGAGCAAGA,0
CTCAGGCGCTACAAAT,0
CTCAGTAACCCAGTTA,0
CTCAGTCTGACTGGTA,0
CTCAGTTGTGTTGTTA,0
CTCATAAAAGAAAGAC,0
CTCATAAACTTCTTTA,0
CTCATAAGCAGTTTGA,0
CTCATAATATGTCCAC,0
CTCATATAATAAGCGT,0
CTCATATACAAAGAAT,0
CTCATATGCGATCTCG,0
CTCATATTATAAAAAT,0
CTCATCAAAACGCCGA,0
CTCATCAAAGCACAGT,0
CTCATCAAATACTAAT,0
CTCATCATCGACACTC,0
CTCATCCAAGAAAGCA,0
CTCATCCTAATAGGGC,0
CTCATGAAAATGCTGT,0
CTCATGAAAATTAATA,0
CTCATGCTAGAGGAAT,0
CTCATGTAAATTTAAC,0
CTCATGTTTAATAACT,0
CTCCAAAATTCAAATG,0
CTCCAAAGAAGTAGTC,0
CTCCAACAAATTGACC,0
CTCCAACCGAACCAAC,0
CTCCAAGTTTCCATAA,0
CTCCAATATCCCGGCA,0
CTCCAATCTAATGGGC,0
CTCCACACCCATTCCC,0
CTCCACATGGCATCCG,0
CTCCACCACCGTAGCA,0
CTCCACCATACTAGAT,0
CTCCACCCAGACTACA,0
CTCCACTTACTCATTC,0
CTCCAGACCGTATAGC,0
CTCCAGACTAAAAGAA,0
CTCCAGAGAGCTACAT,0
CTCCAGCATATAGAAT,0
CTCCAGTTTGTGTTAA,0
CTCCATACCCAATCAT,0
CTCCATGATCCTAAGC,0
CTCCATGTCGATCGTT,0
CTCCATTAACTGTCTT,0
CTCCCAAAATATTTTA,0
CTCCCAGCCCTGCACA,0
CTCCCATAAATGCTCC,0
CTCCCATCAGAAGAGC,0
CTCCCATCGTACCGGA,0
CTCCCATGTGAGTATT,0
CTCCCCCTGTTCAAGA,0
CTCCCCGCAACAAGAC,0
CTCCCGAGCGAACAAC,0
CTCCGAACAACCTTAA,0
CTCCGAAGGCCCTTCT,0
CTCCGATGGAATTAAA,0
CTCCGATTCCGTCATT,0
CTCCGCACCAAGCAAT,0
CTCCGCCAGGAGGCAA,0
CTCCGCCGGACGAAAA,0
CTCCGCTAGCGCACAC,0
CTCCGGATTAAACACC,0
CTCCGGCAGATAGCAT,0
CTCCGGGCCATTTTGA,0
CTCCGTAAATAACTAC,0
CTCCTAAGCAGTATTG,0
CTCCTAATATGAAAAA,0
CTCCTACGTGATCGCA,0
CTCCTATGTTACTAAT,0
CTCCTCAACCGCACGG,0
CTCCTCCAACGTTAAC,0
CTCCTCCGAGGCACTT,0
CTCCTCCTGATTCTCT,0
CTCCTGCCATTAATGA,0
CTCCTGTTTGGATGCA,0
CTCCTTAATCCAGAGA,0
CTCCTTCCGCGGCTAG,0
CTCCTTGCAGTTTGAT,0
CTCGAAAACTATACGT,0
CTCGAAAATCCGTGCG,0
CTCGAACGATAACTGG,0
CTCGAAGGAGAACCTA,0
CTCGACAGGAAATCCC,0
CTCGACATTCAACCTA,0
CTCGACTAGGTCACGT,0
CTCGAGCCGAGGTCCA,0
CTCGAGGACTGAACAC,0
CTCGAGTGATGAATCG,0
CTCGATATCAAACTAA,0
CTCGATATTATCTAGC,0
CTCGATATTTACCTTG,0
CTCGATCCCCGATTTT,0
CTCGATGTGAGAAAGT,0
CTCGCAATAACTGCAG,0
CTCGCACCACCACCAA,0
CTCGCCCCGTGAATCC,0
CTCGCCTGTGGGGCGG,0
CTCGCGTCAACCTTTG,0
CTCGCGTCCCCCAGGT,0
CTCGCGTGACAAGGAA,0
CTCGGAACCGATGCCA,0
CTCGGAACTAGACAAA,0
CTCGGAGGCCGGGCGA,0
CTCGGAGTCTAAAAAC,0
CTCGGATATTAATGCC,0
CTCGGCTAAAAGTGAC,0
CTCGGCTACCAAACGG,0
CTCGGCTATATCTATA,0
CTCGGGGGAAGATGCC,0
CTCGGTCAAATAAAAT,0
CTCGTAAGACTTGTGC,0
CTCGTACTGTCGCGAT,0
CTCGTCACGTAACGTT,0
CTCGTCAGCGCGTCCA,0
CTCGTGGTTACCCCAC,0
CTCGTTAAAAAAAAAA,0
CTCGTTAAAGCTCTAA,0
CTCGTTCAAATGCCTA,0
CTCGTTCAACAAAAGC,0
CTCGTTGCGATTCAAA,0
CTCGTTTTCATAACAT,0
CTCTAAAGTACACGAA,0
CTCTAATATAAGAATC,0
CTCTACCCTTCTTATT,0
CTCTACTATCTAGGTG,0
CTCTAGATCATTAACA,0
CTCTAGCGATCTAATT,0
CTCTATACTTATAAGC,0
CTCTATATATAAATAT,0
CTCTATCGCATAATAA,0
CTCTATCTCCCCTTGT,0
CTCTATTAAGATACCC,0
CTCTATTTTCCGTACA,0
CTCTCAAAAAGGCATC,0
CTCTCAACGTATTCGT,0
CTCTCAAGCTGTAAGG,0
CTCTCACTAGCATTGG,0
CTCTCATAATAGGACC,0
CTCTCATTAATGAATT,0
CTCTCATTATTATATA,0
CTCTCATTGTCAAAGT,0
CTCTCCGTATAGACCT,0
CTCTCCTAATTATTCG,0
CTCTCCTGTTTACTGA,0
CTCTCGCTAAAAAGAC,0
CTCTCGTAAAAACAAC,0
CTCTCTAAAAACTAAC,0
CTCTCTAGTGTAATCT,0
CTCTCTTCTAGTTAAA,0
CTCTGAATTTGATCCA,0
CTCTGACGATTACGTA,0
CTCTGAGTCATAATAA,0
CTCTGCATACCACTCA,0
CTCTGCCATCGCAGCG,0
CTCTGCTGACACAATT,0
CTCTGGACGTACGAAT,0
CTCTGGAGCTTCCTCC,0
CTCTGGCAAAGTTCCA,0
CTCTGGGCCACAATGC,0
CTCTGGTATAGACAAA,0
CTCTGTATCAAAGCAG,0
CTCTTAAAGCTACGGG,0
CTCTTAAATAGAGCGG,0
CTCTTACATTCCCCCA,0
CTCTTAGAAATGAAGA,0
CTCTTATATCACCTGT,0
CTCTTCATTTAACTAA,0
CTCTTCCAAACTTCTA,0
CTCTTCGTCCGCACTA,0
CTCTTCTGGACACATA,0
CTCTTGCAGGAGACTT,0
CTCTTGCCATGAATAC,0
CTCTTTCTTGTGACGT,0
CTCTTTGAGAACTTCA,0
CTCTTTGAGCACAAGA,0
CTGAAAAAAGGCTAAA,0
CTGAAAAACATACAAA,0
CTGAAAAAGCGTCAAT,0
CTGAAAACAAATCAAA,0
CTGAAAACTTTTTGAG,0
CTGAAAATTTATACCG,0
CTGAAAATTTCTATAC,0
CTGAAACCAGGACAAC,0
CTGAAACGAATTCCTA,0
CTGAAAGGTCAAGTGT,0
CTGAAATACGAATTCT,0
CTGAAATAGTATAAGT,0
CTGAAATCCTACTTCT,0
CTGAACCAACTCCTTG,0
CTGAACCCACAAATGA,0
CTGAACTAATAAAAAA,0
CTGAACTGACTTTTGG,0
CTGAACTGCAGGCTAC,0
CTGAAGAAAATTAGAA,0
CTGAAGAACACCTATC,0
CTGAAGCACGATTTGG,0
CTGAAGGATTTCTAAA,0
CTGAATAAAGAATAAA,0
CTGAATGCCTGGTTGG,0
CTGAATGCTACTCTAG,0
CTGAATGGGATGGTCA,0
CTGAATTTGACCTCTA,0
CTGACATAACATCAGA,0
CTGACATGTCTATCTC,0
CTGACCACCTATTAGC,0
CTGACCAGAAGGTGCC,0
CTGACCCGTCCAGAGA,0
CTGACCGAAATCACCC,0
CTGACCGCCGAATCCC,0
CTGACCTTTCCCCCGA,0
CTGACGAATAATATGA,0
CTGACGAGCTAAAAAT,0
CTGACGCTTCAAGAAG,0
CTGACGCTTTACATAT,0
CTGACGGCGTACAGAA,0
CTGACGTCCGCATTTC,0
CTGACTCTCCCATAAT,0
CTGACTGAGGCCCTCT,0
CTGACTTATACAAATA,0
CTGAGAAAGAACCTTG,0
CTGAGAAGACGAGAAG,0
CTGAGACAATTTGTTA,0
CTGAGAGAACAAAGCA,0
CTGAGAGCACCTCGAA,0
CTGAGATACATAATAA,0
CTGAGATGATAAAATC,0
CTGAGGAGACTTCCTC,0
CTGAGGCTAACCCAAT,0
CTGAGGGTCCAAAGGA,0
CTGAGTAATCGGCAAA,0
CTGAGTGAACTGTGTA,0
CTGAGTTAATCTGAAT,0
CTGAGTTCAATTTAAA,0
CTGAGTTCCCCACGCG,0
CTGAGTTGTATACTGG,0
CTGATAATACCGTAAT,0
CTGATACCGAGTCCCT,0
CTGATACGGAAGCACA,0
CTGATACTAAACCAAT,0
CTGATATCATGTAAGA,0
CTGATCAAAGGCGCAC,0
CTGATCACAAAGCTTG,0
CTGATCACATATTAAT,0
CTGATCATTAAAACTA,0
CTGATCGCAAAACGAT,0
CTGATGACGTTTGTAC,0
CTGATGATGCACGAAA,0
CTGATGGCATTAGATC,0
CTGATGGTGCTAAAAA,0
CTGATTATATTATAAA,0
CTGATTCCTTGGAATG,0
CTGATTTAGACAGCTT,0
CTGATTTTATAAGCGC,0
CTGCAACAAAACAAAC,0
CTGCAACAGCCAGTTA,0
CTGCAAGATTACCTTA,0
CTGCAATATGAAAAAA,0
CTGCAATGTGACCTCG,0
CTGCACCCGCGTACGT,0
CTGCACCTCACAACTC,0
CTGCACCTTAGAGCGG,0
CTGCACTACTCAAAGG,0
CTGCAGAGGAGCGTAA,0
CTGCAGGAAATAATGG,0
CTGCAGGTACATGGCT,0
CTGCATACGGGTCACA,0
CTGCATCACACCTGTG,0
CTGCATCTACAGAACC,0
CTGCATGAAACTATTA,0
CTGCCAAAATGCGTTG,0
CTGCCAAGTACCCTTA,0
CTGCCACAATAAAACT,0
CTGCCCAACTATACAA,0
CTGCCCAGTGTAATCA,0
CTGCCCCTCCCCGGCT,0
CTGCCCGCGTGCTAAC,0
CTGCCGTAATGACAAG,0
CTGCCGTTCCATTCCG,0
CTGCCTCGTTCTTATT,0
CTGCGAACACCGATAT,0
CTGCGAACTGGATCTA,0
CTGCGAATAAGCTGGA,0
CTGCGAATACAAGATA,0
CTGCGACATACAAGAT,0
CTGCGAGGAAACACTT,0
CTGCGATACTGCACGC,0
CTGCGCTACACACATA,0
CTGCGTGTGTCGACAG,0
CTGCTAAGATAATTAA,0
CTGCTACAAAGACCCA,0
CTGCTACCAGAACTAT,0
CTGCTACTACGTAATG,0
CTGCTAGGAGGCATGT,0
CTGCTATATGAAAATT,0
CTGCTCCTAATAAGAC,0
CTGCTCTAAACCAGAG,0
CTGCTCTAACGAGTTG,0
CTGCTCTCCAAATGAA,0
CTGCTGAATGCAACGG,0
CTGCTGGTAGTAGACA,0
CTGCTGGTTAAGTCTC,0
CTGCTGTGCCACTTCA,0
CTGCTTGACGAAACTG,0
CTGGAAATTAAGGTAA,0
CTGGAAGATCGATATT,0
CTGGAATAACAGACGG,0
CTGGACAGTACAATTT,0
CTGGACCGGTGGGTTA,0
CTGGACCGTAAATCAT,0
CTGGAGGAAATGCAAG,0
CTGGAGTAAAAAAGCC,0
CTGGAGTGAAAATTTA,0
CTGGATCAGTGGCCCG,0
CTGGATCCTAATTGGT,0
CTGGATGGCTTTATGA,0
CTGGATTTTGATCTCG,0
CTGGCACTGTCTAAAC,0
CTGGCATAAACCAATA,0
CTGGCCCATTAGCTAC,0
CTGGCTAAACGCGTTA,0
CTGGCTACACGTTCCA,0
CTGGCTACAGCAAACT,0
CTGGCTACCTCACGTA,0
CTGGCTCTAAGTCCCT,0
CTGGCTCTTATTTGAA,0
CTGGGAACACTTCGGA,0
CTGGGAACCTAATAAG,0
CTGGGAACCTAATAAT,0
CTGGGCTAACATTCCT,0
CTGGGCTCAAAACTTA,0
CTGGGGAAGCTGTGAA,0
CTGGGTCAAGCTGATC,0
CTGGGTCAGCATACAT,0
CTGGTCGGATAGTCGA,0
CTGGTGCTACCAGCCT,0
CTGGTTAAGTATCACC,0
CTGGTTACGGCTAATC,0
CTGGTTAGTATACGGG,0
CTGGTTATCATAACCA,0
CTGGTTGAGCTCTCAC,0
CTGTAAGACATACCGT,0
CTGTAAGCCTGAAGTG,0
CTGTAAGGACCCGGAT,0
CTGTAATTTATTATAT,0
CTGTACAATATACAGA,0
CTGTACGAGGAAAATA,0
CTGTACGTCACTCCAC,0
CTGTACTCTGTAGAAA,0
CTGTATAAAACTACTA,0
CTGTATAACGTGTTTG,0
CTGTATACAGTTTACA,0
CTGTATATAAAATAGG,0
CTGTATATGCTCCAAT,0
CTGTATCAGATCACTA,0
CTGTATGACGAACGAA,0
CTGTATTGTGAGCTAC,0
CTGTCAAAAACAGGAT,0
CTGTCAAGGCAGTTTT,0
CTGTCACCTAAAGTAG,0
CTGTCCCCATTGAGAT,0
CTGTCCCCTAAGACGA,0
CTGTCCGGAATCACCA,0
CTGTCCTGGCCTAAAT,0
CTGTCGAGCTCATCTA,0
CTGTCGTACGAAGACA,0
CTGTCTTATGAGTAAG,0
CTGTCTTCACAGTTAA,0
CTGTGAAGAAAATAAC,0
CTGTGAAGAGGAAAAA,0
CTGTGACTTGTGCTAC,0
CTGTGCCAAGAACAAA,0
CTGTGCTGCACGTATC,0
CTGTGCTTCATTCTGA,0
CTGTGCTTTTAAGGCA,0
CTGTGGACCTAGGTCC,0
CTGTGGATCACCAATC,0
CTGTGGTGAACCTAAC,0
CTGTGTGAGATGGTGC,0
CTGTGTTTTACTTTAT,0
CTGTTACAACCGCATA,0
CTGTTACTTCAACAAA,0
CTGTTAGCTTGGACCT,0
CTGTTATTTACCGTGT,0
CTGTTGTCTGCTTGAC,0
CTGTTTAATTGGAATC,0
CTGTTTACGTAAGGAT,0
CTGTTTGTGACAGCAA,0
CTGTTTTACTTGTCGA,0
CTGTTTTATAACTACT,0
CTTAAAAAAAAAATAA,0
CTTAAAAAAACAAAAC,0
CTTAAAAAACGTCACC,0
CTTAAAACGGAGTATT,0
CTTAAAAGCTCGAATG,0
CTTAAACGAGTCTACT,0
CTTAAACTTCACACAG,0
CTTAAAGTTCGATAAC,0
CTTAAATGGAGTCAGA,0
CTTAAATTAATAGACT,0
CTTAAATTGATAGATA,0
CTTAACAACCGAGTAA,0
CTTAACACGAAATAAA,0
CTTAACAGGGACATCG,0
CTTAACATTACAACTT,0
CTTAACCCGCAAAACT,0
CTTAACCGCCTTAGAA,0
CTTAACGTCAACAAAA,0
CTTAACGTCAACACAC,0
CTTAACTTATTCGTAT,0
CTTAACTTGACGAAAT,0
CTTAAGAAGTTCACCG,0
CTTAAGACGTACGCGC,0
CTTAAGAGTTTATTCG,0
CTTAAGCGAATCTCGG,0
CTTAAGCGTCACGCCC,0
CTTAAGGCATATTACA,0
CTTAAGTGACCACAAA,0
CTTAATATATATACGT,0
CTTAATCTGATATGAC,0
CTTAATCTGCTTCATG,0
CTTAATGCTACCATCA,0
CTTAATTACAAAGAGC,0
CTTAATTTAGTAGATC,0
CTTACAAAAACCTCTT,0
CTTACAACAAAATAAG,0
CTTACAACTCTTGTGT,0
CTTACAAGATTAAAAA,0
CTTACACACTTTGACT,0
CTTACACCCCCTGCAT,0
CTTACATAGACGAAGT,0
CTTACCATGAAAAATG,0
CTTACCTTGCCCTATT,0
CTTACGCCTTCGATAG,0
CTTACGGATTAAACGC,0
CTTACTGAACGTTGCA,0
CTTACTTGTGACGATC,0
CTTAGAAATCGTTACG,0
CTTAGAAATTCGCTGA,0
CTTAGAACCCTAACAG,0
CTTAGAATTAATTCCC,0
CTTAGACCCAATAAAA,0
CTTAGACTACCATATC,0
CTTAGAGACCAAAGAA,0
CTTAGATAATCCACTT,0
CTTAGCACGACATCGC,0
CTTAGCCGCCCTCATG,0
CTTAGGCAAATAAAAG,0
CTTAGGTCATTTGCAA,0
CTTAGTAACACGCAAT,0
CTTAGTACACTGCAGT,0
CTTAGTCCCGTACTAT,0
CTTAGTCCGGGCAACA,0
CTTAGTCGGCCCTTTA,0
CTTAGTGAATTGGTAG,0
CTTATAAACCTCGGAG,0
CTTATACTCCACTTAA,0
CTTATAGCATAATGGC,0
CTTATAGCTTGAAAAC,0
CTTATAGTTCACCCAA,0
CTTATATAAGTGGCAT,0
CTTATATGAAAACTTG,0
CTTATATTCAAATACC,0
CTTATCACTCACTTAA,0
CTTATCCGTGGTGGTT,0
CTTATCTCATGCCATT,0
CTTATTAAATACATGT,0
CTTATTACCCTTTCCG,0
CTTATTACGGTAGCTG,0
CTTATTGGGGCATTGA,0
CTTATTGTAACCAAGA,0
CTTATTGTATTCCAAG,0
CTTATTTGCCCCCGTT,0
CTTCAAACCATAACAC,0
CTTCAAGCCTCAATGA,0
CTTCAAGTCCCACCCC,0
CTTCAATATTGATACT,0
CTTCAATATTTGCCAA,0
CTTCAATTATGAAGGA,0
CTTCAATTATTTCAAG,0
CTTCACCAGCCCTGAC,0
CTTCACGTCATTACAA,0
CTTCACTTACTGTTGA,0
CTTCAGACCCGTAGTC,0
CTTCAGACTTTCCACC,0
CTTCAGCAACAAAATA,0
CTTCAGTAAAGACTCG,0
CTTCAGTTGGGTATTA,0
CTTCATAGCTCGAGTT,0
CTTCATCCCGATACGC,0
CTTCATGAACTTGAGG,0
CTTCCAACAGCCACCC,0
CTTCCACACTACCCAC,0
CTTCCACTACGCTACA,0
CTTCCACTAGAGAGAA,0
CTTCCAGTACAACAAG,0
CTTCCCGAAACCATGA,0
CTTCCCTGCCAAAGAG,0
CTTCCCTTTGCAAGAA,0
CTTCCGATTCTAACAA,0
CTTCCGATTTTGCTAC,0
CTTCCGGATGTTTGTC,0
CTTCCTATACAAACTC,0
CTTCCTCAAGCATGAG,0
CTTCCTGACATGCATA,0
CTTCCTGTGCTATATT,0
CTTCGAAACCACAATA,0
CTTCGAACTAAAATGA,0
CTTCGAGCCCACTAAG,0
CTTCGATATTATAAGC,0
CTTCGCAAGTTACTCA,0
CTTCGGACCATATAAA,0
CTTCGGATCTACTGAC,0
CTTCGGCTAATCCACG,0
CTTCGTATTAAAATTT,0
CTTCTAACCTAGATCA,0
CTTCTAAGTGGCTTTA,0
CTTCTACCAATACCAA,0
CTTCTACGCGAAGAAA,0
CTTCTACGGTTGTGAA,0
CTTCTAGCATCCCTTG,0
CTTCTAGTTGTTAACC,0
CTTCTATAGCGAAATG,0
CTTCTCTACCCTTTGT,0
CTTCTCTTAGACAACC,0
CTTCTGAAACCATTCA,0
CTTCTGAACGGAGTAT,0
CTTCTGTCTCAAATAT,0
CTTCTTCATCCCCCGG,0
CTTCTTCATTGCAGCA,0
CTTCTTCGGACCACAA,0
CTTGAAAAAAACGTGT,0
CTTGAAAAAAATGTAC,0
CTTGAAAATACATTGA,0
CTTGAAATATCAGATG,0
CTTGAACAAAGCGGGG,0
CTTGAAGCCGTAATAT,0
CTTGAAGTCCGATTGA,0
CTTGAATACAACTGAT,0
CTTGAATCAGTCTCTA,0
CTTGACGCATCAAGCC,0
CTTGAGAATATAACAT,0
CTTGAGACGTTCACAC,0
CTTGAGCTCGGATTAT,0
CTTGAGCTTTTAATAG,0
CTTGAGGATATCGATT,0
CTTGATTAAAAAGAAA,0
CTTGATTGAGGTATAA,0
CTTGCACTAAGTACTT,0
CTTGCATACCAAAATA,0
CTTGCATTTCATATAA,0
CTTGCCACCCACCGAT,0
CTTGCCCGTGGAGACA,0
CTTGCGTCCTAGATAC,0
CTTGCGTTATTTTTGT,0
CTTGCTAGAAGCAGTT,0
CTTGCTCAGTAGACCT,0
CTTGCTGACTTAATAC,0
CTTGCTTCCCACACCG,0
CTTGCTTCTCAGGAGG,0
CTTGCTTTCCCCAAAT,0
CTTGGACGTAGCATTA,0
CTTGGATGTGAAAACA,0
CTTGGCTCTTTGAACC,0
CTTGGGCCTCGTTACC,0
CTTGGTAGTATCTTTT,0
CTTGGTTAGGTAACCA,0
CTTGGTTTGACGTAAA,0
CTTGTAAAGAGCGAAA,0
CTTGTAACAGAATGAG,0
CTTGTACCCCCACAGA,0
CTTGTACGACGCATAT,0
CTTGTAGAATTAACCC,0
CTTGTATACGAGAGGT,0
CTTGTATACTATGTGT,0
CTTGTCAGATAGTATA,0
CTTGTCTAAACTTCCA,0
CTTGTGATATACCACC,0
CTTGTGGTACCAAATC,0
CTTGTTAGTAAAATAC,0
CTTGTTTAAAATTTGT,0
CTTGTTTGCAGCCAGA,0
CTTTAAAAAAAACACA,0
CTTTAAAAGTTTACGC,0
CTTTAAAATTCTACAC,0
CTTTAAATATAAGAGA,0
CTTTAACCTCCTCTTT,0
CTTTAAGACCCCGGAC,0
CTTTAATCACAGAGTC,0
CTTTACAAAGGTGCAG,0
CTTTACAAGACTAACT,0
CTTTAGAGATTTCCAA,0
CTTTAGAGCAACTCTG,0
CTTTAGATAAAAGTGC,0
CTTTAGCATTTAAGAA,0
CTTTAGGTAATACACG,0
CTTTATACAATATATT,0
CTTTATCATAGAGATC,0
CTTTATCCAGCAACGA,0
CTTTATGTCCTTTGAT,0
CTTTATTAAAAAAATA,0
CTTTATTAACGGTATA,0
CTTTCAAACCTCACTT,0
CTTTCAACTTACCTAA,0
CTTTCACAGAGATACG,0
CTTTCAGATAATTCAA,0
CTTTCAGCACTACAAG,0
CTTTCATACACCTTTG,0
CTTTCATATAGAATAG,0
CTTTCATATAGTTAAT,0
CTTTCCAAGTAATCTT,0
CTTTCGAGATTGTATC,0
CTTTCGCTGAGATGGT,0
CTTTCTACAAAACTAC,0
CTTTCTATGTTGTTCG,0
CTTTCTGGTAATTTTC,0
CTTTCTTCGGACACCC,0
CTTTCTTTGAGATTCT,0
CTTTGAAAATCCCCCA,0
CTTTGAAACGTATAAA,0
CTTTGACCCCGATCTC,0
CTTTGCAAGCTTACCT,0
CTTTGGGCAAATACAC,0
CTTTGGGTGAACAAGC,0
CTTTGTAAGTCTACAA,0
CTTTGTGCGCCTAATT,0
CTTTTAAATCCGAAGC,0
CTTTTAATGAAGAGCA,0
CTTTTAATTGCCGCAA,0
CTTTTACAAGAGGGTC,0
CTTTTACAGAACCAAG,0
CTTTTACATCCGAAAA,0
CTTTTACTATGCCCTG,0
CTTTTGAAACCTTCGC,0
CTTTTGAATAATTTTA,0
CTTTTGACGAAACTCA,0
CTTTTGGGAGGACACC,0
CTTTTTACAAAATCAA,0
CTTTTTGCAAACTGAG,0
GAAAAAAAAACCACCG,0
GAAAAAAAAAGTATAG,0
GAAAAAAAAGGAACAG,0
GAAAAAAACAAATATT,0
GAAAAAAACGGGAATA,0
GAAAAAACGGGCATTT,0
GAAAAAAGAACTGAGT,0
GAAAAAAGTCTAATCT,0
GAAAAAAGTGGCAGTT,0
GAAAAAATCGACGCGC,0
GAAAAAATGATGAAGA,0
GAAAAACAATTATTAA,0
GAAAAACATGATGACG,0
GAAAAACCAGAATTCA,0
GAAAAACCCAATAATT,0
GAAAAACCGAATCATA,0
GAAAAACGAAGGAAAG,0
GAAAAACGTCTTAAGA,0
GAAAAACTAATCACAT,0
GAAAAACTTCAATCAT,0
GAAAAACTTCATGCTT,0
GAAAAAGATGAAAAAG,0
GAAAAAGCCAGAAGAT,0
GAAAAAGTCTATCTTG,0
GAAAAATAAACGTAAT,0
GAAAAATACCCTAATA,0
GAAAAATCACAAATAG,0
GAAAAATCTGATACCG,0
GAAAAATGAACGATAT,0
GAAAAATGATAAAATA,0
GAAAAATGATGTCGTG,0
GAAAACAAATAAAGGT,0
GAAAACAACCGGACGA,0
GAAAACATCCGGACCA,0
GAAAACATCTGTACTA,0
GAAAACATTGAATTAT,0
GAAAACATTTCATTAA,0
GAAAACCAACGCAAAA,0
GAAAACCAACGCAACG,0
GAAAACCAGTTAAGTA,0
GAAAACCCGGACACAG,0
GAAAACCCTTCTCAAT,0
GAAAACGAAAAACAAG,0
GAAAACGACAAGAACG,0
GAAAACGTCAGAGGAC,0
GAAAACTATTAAAAAA,0
GAAAACTCGGGCTAAA,0
GAAAACTGAATCAACC,0
GAAAAGAAGTTTGCAG,0
GAAAAGATTCCACACG,0
GAAAAGCAGACGTCAC,0
GAAAAGCTCTCGCCCG,0
GAAAAGGAGATTGTAT,0
GAAAAGGCCCAGACCA,0
GAAAAGGTCACAAGAC,0
GAAAAGGTCACATATC,0
GAAAAGTACATTATAT,0
GAAAAGTAGTAAAGGT,0
GAAAAGTCGCTCTAGC,0
GAAAATAAAAATGCCA,0
GAAAATAATCGAGGAA,0
GAAAATACCTTTGTCA,0
GAAAATCCATTGCCAA,0
GAAAATCTAGAGACTA,0
GAAAATGAATCTATGT,0
GAAAATGATAACAATC,0
GAAAATGGCCACCGTT,0
GAAAATGGTCCGTTGA,0
GAAAATGGTTGTGGGG,0
GAAAATGTGCAGATTA,0
GAAAATTAAACGACCA,0
GAAAATTAATGCGTAA,0
GAAAATTACTACAGAA,0
GAAAATTATACCGCAA,0
GAAAATTTCATTCTTT,0
GAAACAAAATTAATGA,0
GAAACAACAAAAACCT,0
GAAACAACATACGCGG,0
GAAACAATAGATTTGA,0
GAAACACATAAAACCA,0
GAAACACATTTGAACT,0
GAAACACGAGCACACC,0
GAAACACTCAAAAAAA,0
GAAACACTCAACTGCA,0
GAAACACTGGACTAAC,0
GAAACAGACCGTTCTC,0
GAAACAGATGTAGGAA,0
GAAACAGGTTAAATGA,0
GAAACAGTAGATAAAT,0
GAAACATATGCAGTAA,0
GAAACATCACTAAATC,0
GAAACATTCCGCTCAA,0
GAAACCAAAGGTGTTG,0
GAAACCACGAATAGCA,0
GAAACCACTTTGTAAA,0
GAAACCCGTCCAGTCT,0
GAAACCCTCTTCAACA,0
GAAACCGAACGGTCCA,0
GAAACCGACAATTCAT,0
GAAACCGGGCAAGCAG,0
GAAACCTATAGAGGCA,0
GAAACCTCTCATTACA,0
GAAACCTTCCTTTTCA,0
GAAACGAGCCCCGAGT,0
GAAACGCAAAAACTAC,0
GAAACGCATATTCTAT,0
GAAACGCCCGAGTCTC,0
GAAACGGCATTCGAGG,0
GAAACGTATGCAGTAA,0
GAAACGTTTATTAACA,0
GAAACTAGTATCACAC,0
GAAACTATAATACGGA,0
GAAACTATCCAAATTT,0
GAAACTCAGAAGAAAT,0
GAAACTCCACGTTAAA,0
GAAACTCTATACGAGC,0
GAAACTGAACAGACAA,0
GAAACTGCATAAACCC,0
GAAACTGGAGCAAAAG,0
GAAACTGTCAACGCAC,0
GAAACTTGCATTGAAA,0
GAAACTTGGTATTATC,0
GAAAGAAACCACAGGG,0
GAAAGAAATAATGTGC,0
GAAAGAAGGATCTGCA,0
GAAAGAAGGTAAAAGA,0
GAAAGAATATATCGCC,0
GAAAGACAAACCTTAC,0
GAAAGACAAAGAACCC,0
GAAAGACCGTATCATA,0
GAAAGACGACCAGATT,0
GAAAGAGCTTATCGGA,0
GAAAGAGTTAAGAACA,0
GAAAGATAATTCTGCA,0
GAAAGATACAATACGT,0
GAAAGATCAGCCACCA,0
GAAAGATGAATGGAAC,0
GAAAGATGATAAATCT,0
GAAAGATGATTTAAAC,0
GAAAGCAAGATTTTAA,0
GAAAGCCGAGATGTTG,0
GAAAGCCGTGAACGTT,0
GAAAGCGCATCAGAAG,0
GAAAGCTAAAAATTCA,0
GAAAGCTACACGTACG,0
GAAAGCTACCAAATAT,0
GAAAGCTTAATATAGA,0
GAAAGGACCTCGTTCC,0
GAAAGGCCCGAATACT,0
GAAAGGCCGTACGCTA,0
GAAAGGGAGTAATGAC,0
GAAAGGGTCATAAGAA,0
GAAAGTAAGAAACCAA,0
GAAAGTAATCAACCTG,0
GAAAGTACAGATAGAT,0
GAAAGTAGAATATAAA,0
GAAAGTAGTCGCTAAA,0
GAAAGTCATTTAAAGA,0
GAAAGTCCAACGTGCT,0
GAAAGTCTGTATTTCT,0
GAAAGTTGGTAAAGAA,0
GAAATAAACAAAGGTT,0
GAAATAAAGCTAAATG,0
GAAATAAAGTGCGTGT,0
GAAATAAATTCACAGA,0
GAAATAAATTGGAGCA,0
GAAATAACAACTTGAT,0
GAAATAACGGGACGGA,0
GAAATAAGGAGCCTCC,0
GAAATAATATAAAGAT,0
GAAATACACATTTTAA,0
GAAATACCCGCGAAAG,0
GAAATACGTCCATAAT,0
GAAATACTCTCATGGT,0
GAAATAGAACTTTCCC,0
GAAATAGAGCAGTCAA,0
GAAATAGGCCTCTTGC,0
GAAATAGTACATTCAA,0
GAAATAGTTGAGACAA,0
GAAATATAAAGCCAAA,0
GAAATATAACCGAGTA,0
GAAATATAATTAAACA,0
GAAATATCTCTGCGTC,0
GAAATCACGCGAAGGA,0
GAAATCCAATTTAGCG,0
GAAATCCATCTTACTG,0
GAAATCGAGATATAGG,0
GAAATCGCTCCTACTG,0
GAAATCGTATCACATT,0
GAAATCTCCAATCCTT,0
GAAATGACCGATGCAC,0
GAAATGACGTATCGTA,0
GAAATGAGCGCACAAG,0
GAAATGATCGCCTAAG,0
GAAATGCATTCTCAGA,0
GAAATGCCATAAAAAA,0
GAAATGGATTAAACTG,0
GAAATGTTTATTCGGA,0
GAAATTAAACCAACAC,0
GAAATTACGTCTTGAA,0
GAAATTACTCCTATTA,0
GAAATTAGAAACATAA,0
GAAATTAGTCTTTCTT,0
GAAATTCAAAAATATG,0
GAAATTCAAAATGTAT,0
GAAATTCAAGACCCGT,0
GAAATTCCGATCATCA,0
GAAATTCCGTGAAACA,0
GAAATTCTCCAAGAAA,0
GAAATTGAGTGTCAAT,0
GAAATTGCTAGACGAG,0
GAAATTGTATCAATGC,0
GAAATTGTTCACAGGA,0
GAAATTTACCTTTCAA,0
GAAATTTATAGTATCA,0
GAAATTTCCCAAGCAA,0
GAAATTTCCGCTGCCT,0
GAAATTTGGAAAGACT,0
GAAATTTGGGATTATA,0
GAAATTTTCTAAGTAC,0
GAACAAAAAACAAGTA,0
GAACAAAAACATCTCT,0
GAACAAAAGAGGCAAA,0
GAACAAAATACAGGAT,0
GAACAAAGCCTCTCAA,0
GAACAAAGGATATCGG,0
GAACAAATCTTAAACC,0
GAACAACAACGCTCTA,0
GAACAACATATTGAAA,0
GAACAACCTTGCAAAG,0
GAACAACTCAAAGAGG,0
GAACAAGCCTATGACA,0
GAACAAGGAGTTCAAA,0
GAACAAGTAGGCTTAT,0
GAACAATTTTCAACAT,0
GAACACACAGACAGGC,0
GAACACCCAAAGATCC,0
GAACACCGACAAAAAA,0
GAACACCGGCGAATTT,0
GAACACCTAGATATAA,0
GAACACGGTTATTATA,0
GAACACGTGAGTGCTA,0
GAACACTAGTATAGAC,0
GAACAGAGAAAGCCTA,0
GAACAGGCACGGCCCC,0
GAACAGTTTAAATACG,0
GAACATAAAGAGACCA,0
GAACATAAGGTAGTAG,0
GAACATATAACACCAA,0
GAACATATACTTAGCG,0
GAACATCATATCATCC,0
GAACATCCAGCGTACA,0
GAACATCCCTTTCACA,0
GAACATCCGGACGGTC,0
GAACATCGACATACAA,0
GAACATTAAAATTGAA,0
GAACATTATGAGTTGA,0
GAACATTCCATACTTA,0
GAACATTTAAACAGTC,0
GAACCAAAAATCGGCA,0
GAACCAAAACACTATA,0
GAACCAAATAGTATTG,0
GAACCAAGTTAGCGAG,0
GAACCAATAACAAAAA,0
GAACCAATACGAAAAT,0
GAACCAATCCACACGC,0
GAACCACCCCTATAGT,0
GAACCACGCTAACACT,0
GAACCACGTGTAATCA,0
GAACCAGAGGGTCACC,0
GAACCATCTTCTACAA,0
GAACCATTTGGCAATA,0
GAACCCAAAGCATCAA,0
GAACCCATTTGTTATA,0
GAACCCCCAACCGAAT,0
GAACCCGGCGGAATAG,0
GAACCCGTGACAAGTC,0
GAACCCTACCCCAAAA,0
GAACCCTATAACTTCC,0
GAACCCTCTCCATATA,0
GAACCGGACCATCTCT,0
GAACCGTACCACCCCA,0
GAACCGTATTACTAAT,0
GAACCGTGCAACGGTT,0
GAACCTAATACTCACG,0
GAACCTAGGTTTAAAA,0
GAACCTCCTTTTGCTA,0
GAACCTCGCTATTCAT,0
GAACCTCTAGTTAAAC,0
GAACCTGAAATACAGA,0
GAACCTGTCGCGAAAT,0
GAACCTTAAGCTAAGC,0
GAACCTTATAGCTTAA,0
GAACGAAAAATGCGCA,0
GAACGAAGTAGTAAAA,0
GAACGACTTTACACAA,0
GAACGAGAATATACCA,0
GAACGAGCACACAAAT,0
GAACGAGCCATGCGAA,0
GAACGATACACCCGGG,0
GAACGATCCAGTTGTT,0
GAACGATCCGATACGC,0
GAACGATTCAGTCCCG,0
GAACGCAAAAATATTG,0
GAACGCAACTACAGCA,0
GAACGCAGTCTAACCT,0
GAACGCATCACTCCAA,0
GAACGCGATTAACCGA,0
GAACGCGGAACAGTTT,0
GAACGCGGATAGACCA,0
GAACGCTATCAAAATT,0
GAACGCTATCAAAGCA,0
GAACGCTATCCAAAAA,0
GAACGCTTTCACATCT,0
GAACGGAAAACGTAAT,0
GAACGGAGCTTGATGT,0
GAACGGCATTCCATAA,0
GAACGGCTAAAAGACG,0
GAACGGCTCTAAGCAA,0
GAACGGGCGTACTAGT,0
GAACGGTTGCAAACTA,0
GAACGTCATATTTGAA,0
GAACGTCCTAGTAAAT,0
GAACGTCCTATTTTAA,0
GAACGTCTTAAATTCT,0
GAACGTTTATAGACAA,0
GAACTAAATGATATCT,0
GAACTAATAATGACAC,0
GAACTAGTAAAGTGAT,0
GAACTAGTGCCAGCAT,0
GAACTATTAACCAAAT,0
GAACTATTGAAGTACA,0
GAACTCATGAACGCTG,0
GAACTCTTCTATAACC,0
GAACTGAAAATAGGGA,0
GAACTGGTACGTTAGT,0
GAACTGTGACCAAAAA,0
GAACTTCGGTGTTCCT,0
GAACTTTACGGAGATC,0
GAAGAACAAAACAAAC,0
GAAGAACAAGAAGCAT,0
GAAGAACATACGGAAC,0
GAAGAACCCAAGTAAT,0
GAAGAATAAAATAGTT,0
GAAGAATAGATATAAG,0
GAAGAATCGACTAAAT,0
GAAGAATTACAATGTA,0
GAAGACAAAGATCCAT,0
GAAGACCAAGGACTGT,0
GAAGACCAGGGGGCAA,0
GAAGACCATACAAAGT,0
GAAGACCGTCGCTGAC,0
GAAGACCTGTATATAA,0
GAAGACGAAATATAAA,0
GAAGACGACCTGAGTA,0
GAAGACGAGCGAATGT,0
GAAGACGAGTCCAATT,0
GAAGACTTAACACAGT,0
GAAGAGACGAAGAATG,0
GAAGAGCGGAGTATGC,0
GAAGAGCTGACACTTC,0
GAAGAGTCAGGTCTTT,0
GAAGATAAAGTACACC,0
GAAGATAATATACTCC,0
GAAGATACATACGCAA,0
GAAGATCAAGAGCCCA,0
GAAGATCACTTGTTAT,0
GAAGATCCTCTAGCTC,0
GAAGATCTAAACTGTG,0
GAAGATCTAATGACGT,0
GAAGATGGAGACAATA,0
GAAGATTAAAAAGTGG,0
GAAGCAAAGGAATCGT,0
GAAGCAACGCACAAAG,0
GAAGCAACGGGGCGAG,0
GAAGCAATAGCCTTCA,0
GAAGCAATCTCTAATT,0
GAAGCACGGCGCTCTA,0
GAAGCACTGATCTGAA,0
GAAGCACTTCTTCAAT,0
GAAGCAGAACCCGAGC,0
GAAGCAGCAACTAAAG,0
GAAGCATATGCATCAA,0
GAAGCCAAGGTACTAT,0
GAAGCCAAGTCAGAAA,0
GAAGCCCAAGTGTCTA,0
GAAGCCGATCTAAGTC,0
GAAGCCTACGCTAGGT,0
GAAGCCTTAAAACTTA,0
GAAGCGACTACAAATT,0
GAAGCGAGGCGAGGAA,0
GAAGCTAAAGGAAACG,0
GAAGCTAGACAAAGAC,0
GAAGCTGAATATTAAA,0
GAAGCTTCATACAGAG,0
GAAGCTTGGAGGTCGT,0
GAAGGAAGTTTTGTAT,0
GAAGGACACATAGAGA,0
GAAGGACTCTAATAGA,0
GAAGGATACGGAGATG,0
GAAGGCAATGGGGATA,0
GAAGGCATGGTGGCCC,0
GAAGGCCGTAAAAGAC,0
GAAGGCTTAAAGGAGA,0
GAAGGGGAAAACCATT,0
GAAGGTAAAAACTCAG,0
GAAGGTCAATACAAAT,0
GAAGGTCCACCTCGCG,0
GAAGGTTAACACAAGG,0
GAAGTAAATAGAAACC,0
GAAGTAACAACGTTAA,0
GAAGTAACTGAGCATA,0
GAAGTAATACGTTTAT,0
GAAGTACATAACTCTC,0
GAAGTACGACACGACT,0
GAAGTACTAGTATACA,0
GAAGTAGCATATGACG,0
GAAGTATGCTTTTTAG,0
GAAGTATGTTTATTAA,0
GAAGTCACAAAATAAC,0
GAAGTCTGAACAGTCG,0
GAAGTCTTAAAATTAA,0
GAAGTCTTTGGATGAT,0
GAAGTGAGGAGGACAT,0
GAAGTGAGTGAAACGA,0
GAAGTGCCTCAGGGAG,0
GAAGTGCGACCATTAA,0
GAAGTGCGCAAAAAGG,0
GAAGTGTAAGCTATAC,0
GAAGTGTGTACCAAAT,0
GAAGTGTTTCAATCAG,0
GAAGTTACCATCTACC,0
GAAGTTATCATACGAA,0
GAAGTTTAAAGAACAC,0
GAAGTTTAACAACGGC,0
GAAGTTTCATCGCTCA,0
GAAGTTTCTGAAATGA,0
GAAGTTTTAGAGATTA,0
GAATAAAAAATTCCGA,0
GAATAAAAATCAGAGT,0
GAATAAAACTGGGCGG,0
GAATAAACGAGCAAAT,0
GAATAAATCAAAAAAC,0
GAATAACAGGGACTTA,0
GAATAAGGGATAGACT,0
GAATAAGTAAGTAATC,0
GAATAAGTACCCTCAC,0
GAATAAGTTCGTGATC,0
GAATAATATATAAGTA,0
GAATAATGAGGACGTT,0
GAATAATGATGTTGAT,0
GAATACAAAGCCTAAG,0
GAATACACGAGCACGG,0
GAATACACTGCCAGAA,0
GAATACCAACCGACTA,0
GAATACCGAAATCTTA,0
GAATACCGCACTCCTA,0
GAATACCTAAATTGAA,0
GAATACGGGATGTTTG,0
GAATACTACGCATTAT,0
GAATACTATCGAACCC,0
GAATACTCGCATCACC,0
GAATAGACATACCACA,0
GAATAGAGTTGCTTAA,0
GAATAGCACTTTACTA,0
GAATAGTGACGTCATA,0
GAATATAAACTACATA,0
GAATATAACAGATTTG,0
GAATATACAAGTGACT,0
GAATATACGAGAACGA,0
GAATATCAAGTTGAGT,0
GAATATCATAGATATA,0
GAATATCGTTGGAGAC,0
GAATATCTAGCAGATA,0
GAATATCTTATAAAAT,0
GAATATGTACCCGAAT,0
GAATATTAAATTAATC,0
GAATATTCGCTAAGTA,0
GAATATTTGTACTTCC,0
GAATATTTTTATTCGA,0
GAATCAAATCGGACTG,0
GAATCAAGTAACAATA,0
GAATCAATCTCAAGGA,0
GAATCAATGAATACGC,0
GAATCACATACCACAG,0
GAATCACGAGTGGAAG,0
GAATCACGTAAAAAAT,0
GAATCAGAAAGGATAG,0
GAATCATTAATCAGTA,0
GAATCATTCAATATAC,0
GAATCATTTAATATAC,0
GAATCCAAATAAAGAA,0
GAATCCAAATGCTTTA,0
GAATCCACATTTATCT,0
GAATCCCAAAGATTCG,0
GAATCCCTGCGTGAAT,0
GAATCGAACTGGATCT,0
GAATCGATATGAGGAT,0
GAATCGCCTATATTCA,0
GAATCGGCCACTCCCT,0
GAATCTACGTTACAAT,0
GAATCTAGAGCCTTAT,0
GAATCTATACTCATAC,0
GAATCTCAATCTTACA,0
GAATCTCATTTCTGAT,0
GAATCTCCAAACACTC,0
GAATCTGAAAAGACAA,0
GAATCTGTGTACGAGC,0
GAATCTTTTTTGCAAC,0
GAATGAAACAATCCTC,0
GAATGAAAGCTAGCCG,0
GAATGAACTAATACTA,0
GAATGAATAGCACACT,0
GAATGAATATACCTAA,0
GAATGACAAAGGCTGG,0
GAATGACCTTCAAATT,0
GAATGACGATTTCAGA,0
GAATGACTTTGGTATC,0
GAATGAGTACAAAATA,0
GAATGAGTGCTCTATC,0
GAATGATTATGGGCCG,0
GAATGCATACATTGCT,0
GAATGCCGAACGACAA,0
GAATGCGTAAACGCGT,0
GAATGCGTGCATCGGA,0
GAATGGAATCGCCAGC,0
GAATGGCAATAGATTA,0
GAATGGCAATCCTACC,0
GAATGGCAATTGTAAA,0
GAATGGTTGATCCGTG,0
GAATGTAAATTCGGTC,0
GAATGTAATCTCATTC,0
GAATGTACAAATGGCG,0
GAATGTACAGTGAGGA,0
GAATGTCATAGCTCTA,0
GAATGTGACACACTTT,0
GAATGTGGATTTCAAA,0
GAATGTGTACTACGTG,0
GAATGTTATTGACCAT,0
GAATGTTTATGCTCAG,0
GAATTAAAAAAGTAAA,0
GAATTAAAAATCAATA,0
GAATTAACCGTAAAAT,0
GAATTAAGCTTATACA,0
GAATTAATTAAATGGA,0
GAATTACTTGAGCAAA,0
GAATTAGAAAGAAAAA,0
GAATTAGAGTGAACTG,0
GAATTAGCTCTGAATC,0
GAATTATATAGTATCT,0
GAATTATCTTGACTTC,0
GAATTATGGGAAACCA,0
GAATTCAAATCCAAAA,0
GAATTCACAAGTATTG,0
GAATTCACGAAGTATT,0
GAATTCAGAAATGTCT,0
GAATTCAGCATACGTA,0
GAATTCATGGTCACCC,0
GAATTCCGTCTGCTTA,0
GAATTCGAAGGTTACC,0
GAATTCGACATATAAA,0
GAATTCGTATGAAGAA,0
GAATTCTAACAAACAA,0
GAATTCTCAACAGTAC,0
GAATTCTCTTCAAATA,0
GAATTCTGTAAAGATA,0
GAATTGAAACAGTCGA,0
GAATTGATAGATATAA,0
GAATTGCCAACAGTCA,0
GAATTGGAAAAGCCAA,0
GAATTGTCAGAATTTA,0
GAATTGTCCGTGTGAT,0
GAATTGTTCCACTCAG,0
GAATTTAAGAACATCC,0
GAATTTAGGACGCAAA,0
GAATTTAGTTCAAGAA,0
GAATTTCGTGGACTTA,0
GAATTTGCCAGAAAAG,0
GAATTTTAAATGTATT,0
GAATTTTAACAATTAT,0
GAATTTTATGATTAAA,0
GAATTTTATTGCATTT,0
GAATTTTCGATTCCCA,0
GAATTTTGTTTAAGTA,0
GACAAAAATCATATTA,0
GACAAAAGACACACCC,0
GACAAACATTCGGGAA,0
GACAAACGACACGGAT,0
GACAAACGAGCAAGAC,0
GACAAACTAATAGACT,0
GACAAACTACAAATAA,0
GACAAACTATGATAGC,0
GACAAACTTTACTCTC,0
GACAAAGGCTTGAAAG,0
GACAAAGTAAGATAAA,0
GACAAAGTGAGTGCAA,0
GACAAATTCAACCATA,0
GACAAATTTGCGACAC,0
GACAACAAACGTTCTA,0
GACAACAACACAGATG,0
GACAACATGCCTGCAG,0
GACAACCCGATGACAG,0
GACAACCCTGCTAGCA,0
GACAACCGGCACTTGT,0
GACAACGCGTAATACA,0
GACAACGTCCACATCC,0
GACAACTACCTAAACG,0
GACAAGACGTACCTGG,0
GACAAGATTAAATAGT,0
GACAAGCCCCTAATCA,0
GACAAGCGAATACCAG,0
GACAAGCTTGTACCAG,0
GACAAGGAGAAATAGT,0
GACAAGGATGGTACCT,0
GACAAGGGCGTGGGTG,0
GACAAGTAAGTCGGCA,0
GACAAGTACTCTCATT,0
GACAATAACAAAAGAA,0
GACAATAACATCCTCA,0
GACAATCAAACATTTC,0
GACAATCATTGTCACA,0
GACAATGAAGCAATAC,0
GACAATGACCTCGGCA,0
GACAATGCTGTAACAT,0
GACAATGGCAATGTTA,0
GACAATGGTTAGACCA,0
GACAATTAAATCCTCT,0
GACAATTACCATGTTA,0
GACAATTGATCATATC,0
GACACAAAAAAATAGA,0
GACACACAACAGCAAA,0
GACACACCATAACGAA,0
GACACACCATAAGTAC,0
GACACACCCACGACCT,0
GACACACGACAGTGTC,0
GACACACTCGTTCAAA,0
GACACATATAGAGACG,0
GACACATTCATTCTTA,0
GACACCACATGATTTG,0
GACACCCAGAATAAAC,0
GACACCCTAGATAAAC,0
GACACCGATACCCAGA,0
GACACCGTCATGGCCG,0
GACACCGTCGGCTACA,0
GACACCTGACGCAGTA,0
GACACGCTAATAATAA,0
GACACGGGATACAAAA,0
GACACTACCGAGATCA,0
GACACTAGTCTTTCCC,0
GACACTAGTTGGTGCG,0
GACACTCAAAATAGAT,0
GACACTCATTAGCCTA,0
GACACTTCAACACGTC,0
GACAGAACAATAACAA,0
GACAGAACCAAAAGCT,0
GACAGAATCGACGAAA,0
GACAGACATGACTATA,0
GACAGACTGATACTTA,0
GACAGAGGACTGAACC,0
GACAGAGTATGAATAA,0
GACAGATAAATTATCA,0
GACAGATTAGACTTGT,0
GACAGCCATACGAATG,0
GACAGCCCGTACTAAC,0
GACAGCGAACATCAAA,0
GACAGGAACCTCTATA,0
GACAGGAATAAGTTCC,0
GACAGGATACCAATTC,0
GACAGGCAACATATAA,0
GACAGGCGTAAGCGTG,0
GACAGGTATTAGCTCA,0
GACAGGTTAGTTCTTA,0
GACAGTACAAGTGACA,0
GACAGTAGTTCAGGTA,0
GACAGTTGGAATGACC,0
GACAGTTTCTTGAAAT,0
GACATAAAAACCTCAA,0
GACATAAAACAGTAGT,0
GACATAAACTCTACCT,0
GACATAAAGGAAATTG,0
GACATAACCAAAACGG,0
GACATAAGCTATATCA,0
GACATAATGACCAACA,0
GACATACCGCTACCTT,0
GACATAGTGGGACGTT,0
GACATAGTGTACTCGG,0
GACATATACTCCAGGA,0
GACATATCCCCAGACA,0
GACATATGCCGCACGA,0
GACATCAAAAAAAGGA,0
GACATCAAACACAGTG,0
GACATCAATTAAACCG,0
GACATCACAGAACACT,0
GACATCGAGGCTACGC,0
GACATCGGGAAAAAAC,0
GACATGATCAAAATGA,0
GACATGATCCAGCTAG,0
GACATGGTCTCTTCTT,0
GACATTACAATACTTA,0
GACATTGATACGATTT,0
GACATTGCAAGCGCAA,0
GACATTGGTCTTAACC,0
GACATTTTTATAACGA,0
GACCAAAAAAATCCAC,0
GACCAAAATAGGTCTC,0
GACCAAAATCATAGCC,0
GACCAAACGCCATTTG,0
GACCAAATCATAATGT,0
GACCAACCAGATAACA,0
GACCAACCGAGTATTT,0
GACCAACTAGGAGTGG,0
GACCAACTGTATATAG,0
GACCAACTTTGAACTT,0
GACCAAGAGGGTCAAG,0
GACCAAGGAACACCGA,0
GACCAAGGAGAGAAAA,0
GACCAAGGTATTTTGT,0
GACCAATCCTTACTCC,0
GACCAATGACGTGCAC,0
GACCAATTTAATTTAT,0
GACCAATTTCATCAAT,0
GACCACAAGAGAAGAA,0
GACCACCCATGAGAAC,0
GACCACCTGAAATTAA,0
GACCACTAATGATTAT,0
GACCAGAAACCCATCA,0
GACCAGATACCACCCA,0
GACCAGATACTACTAA,0
GACCAGCTATTAACCC,0
GACCAGGAAGCAATAC,0
GACCAGTCAAGTCCGG,0
GACCATAAATCCCAAA,0
GACCATATGGCGTTGG,0
GACCATATTATAATTG,0
GACCATCCGTCTGACC,0
GACCATGGTCACTAAC,0
GACCATGTCAATAGCG,0
GACCATTAACTCACAT,0
GACCCAAAAGAACACC,0
GACCCACCTGTTTTCT,0
GACCCAGACTCGCTAA,0
GACCCATGTACGAGAC,0
GACCCGAACTCGAAAA,0
GACCCGGCTTAGGGCG,0
GACCCGGGCGAATCAA,0
GACCCTGTGCGCATTC,0
GACCCTTGGTCTACGG,0
GACCCTTTCATGGAAT,0
GACCCTTTTATCTATA,0
GACCGAAACTAACTCA,0
GACCGAAAGATCGAAA,0
GACCGAGAAATTAACA,0
GACCGAGACATACTAT,0
GACCGAGCGTAGCCAA,0
GACCGAGTAAGATCGG,0
GACCGAGTTAAGTCTT,0
GACCGCAGATGGATGC,0
GACCGCGAACGGGCAT,0
GACCGGACAACCTATT,0
GACCGGGAGCCTGTCT,0
GACCGGTATTTTCACG,0
GACCGTAGTACCGCTC,0
GACCGTATCATCAGGA,0
GACCGTGATGTCGATA,0
GACCGTGATTCATATT,0
GACCGTTAAGTTGAAC,0
GACCGTTTCTGGAATG,0
GACCGTTTGAACTTTA,0
GACCTAATTTAGACTG,0
GACCTACTTCACGCAT,0
GACCTAGGTCGAGTCC,0
GACCTATGAGCCGAGT,0
GACCTCGACGTCACAT,0
GACCTCTCCGTGAAGA,0
GACCTCTCGATAGTTT,0
GACCTGCGGTATTAAA,0
GACCTGGAAGCATTAG,0
GACCTGGGTAACTAAG,0
GACCTGTAACAAGATT,0
GACCTGTCTGTTTCAA,0
GACCTTGTATACGTAT,0
GACCTTTTATCTTGGG,0
GACCTTTTTGTGCTCA,0
GACGAAAACAATCGGG,0
GACGAAAAGCCTTCGT,0
GACGAACGCAAGCACC,0
GACGAACTGTGGTACT,0
GACGAAGATAGTGAAA,0
GACGACCTTAAGCCTA,0
GACGACGGCGATTGCC,0
GACGACGGGGGCCAAC,0
GACGACTCTAAACCTA,0
GACGACTGTTGCGTGT,0
GACGAGAACACCCACA,0
GACGAGAACTTTGCAA,0
GACGAGAGGTAACAAC,0
GACGAGCATGAAAGGC,0
GACGAGCCCAAAGAGA,0
GACGAGCGCCTTAGAA,0
GACGAGGCCTCCATAT,0
GACGAGGGGACTGTTG,0
GACGAGTCGTTCCAAA,0
GACGATAACAATATGA,0
GACGATATTTACGCAC,0
GACGATCACATGATCT,0
GACGATCCAATCCATA,0
GACGATCCTCCGGTTG,0
GACGCAACTAACATTA,0
GACGCAAGTCCACCTT,0
GACGCAATAGTGACAA,0
GACGCACAATGGACCT,0
GACGCCCGAATAACAA,0
GACGCCCTGCACCTCG,0
GACGCCGGAAATACAG,0
GACGCCGGCTTATGAC,0
GACGCCTTATACCAGA,0
GACGCGACTATACTAG,0
GACGCGATTATAAGTT,0
GACGCGTGTCCTTAAG,0
GACGCTATAATTTAGA,0
GACGCTGACTAATTCG,0
GACGCTGCCAGCAATG,0
GACGCTGTAAAGTCAT,0
GACGGAATGTAAAACA,0
GACGGATTCGTCAACC,0
GACGGCAAAAAGTAGA,0
GACGGCAAAATGCGCC,0
GACGGCGGCCGACCTA,0
GACGGGATCGGAATAT,0
GACGGGCCTGTCCACA,0
GACGGGTTTTGGCGGG,0
GACGGTACACATACAC,0
GACGGTTACAATTCCT,0
GACGGTTATAAAAAAC,0
GACGTAAACTCGACCT,0
GACGTAACCTTCAGCG,0
GACGTACTCTGACTCT,0
GACGTATAATACTTAT,0
GACGTATTTGAAAGGA,0
GACGTCGCACTCGGTG,0
GACGTGCAGAGCTGCA,0
GACGTGCCTTAAGAAA,0
GACGTGTGTCCTGTTA,0
GACGTTCCTTTTGGCC,0
GACGTTGCGAATAAAA,0
GACGTTGTCTGATCAT,0
GACGTTTGAATATGGA,0
GACTAAAAGCGCCAGC,0
GACTAAACTGACTAAC,0
GACTAAAGAAGGCAAT,0
GACTAAAGATTGTCCA,0
GACTAAATACACCAGC,0
GACTAAATGCAAGTAA,0
GACTAACATAGAGAAC,0
GACTAACTGTTGACTG,0
GACTAACTTCATTGCC,0
GACTAAGAGCTAGCAT,0
GACTAATAAGCATGTA,0
GACTAATACAAAGGCG,0
GACTAATATTCAATAA,0
GACTAATTGAAAACAT,0
GACTACCATATCCCCT,0
GACTACGCATTATTTT,0
GACTACTGTAGGAACA,0
GACTAGAAACGCCAGA,0
GACTAGAATGATAGTC,0
GACTAGAGCTCCTCTG,0
GACTAGATATGCAAAT,0
GACTAGCACCAAAGAT,0
GACTAGTATGATGGAT,0
GACTATACAAACTTTA,0
GACTATATAGTTTGAT,0
GACTATATCAAATTTA,0
GACTATCTAATAGTAT,0
GACTATCTCCCTCGCC,0
GACTATTAATGCCCGA,0
GACTATTTCTTTCGAA,0
GACTCAAAAAGCGACC,0
GACTCAAAATAAGATC,0
GACTCAAGCTAGAAGC,0
GACTCACCATTAGATC,0
GACTCACTTACTTTCA,0
GACTCAGTATGGATCC,0
GACTCATAATTGAAAT,0
GACTCATAGTACGAGT,0
GACTCCATAATTTTAA,0
GACTCCGAATACGGTA,0
GACTCCGTCCTGGGTA,0
GACTCTCGAATCGGTA,0
GACTCTGGAGTTAAAT,0
GACTCTTAAGACAGTC,0
GACTCTTGCTTGACGG,0
GACTGAAGCCCGCAGA,0
GACTGAATACACAGTA,0
GACTGACAAAGTAATA,0
GACTGACATTAGGTCG,0
GACTGACCATCGCTGA,0
GACTGACCTGCCGACA,0
GACTGATAAGATGTCC,0
GACTGCATTACGAGGT,0
GACTGCGATACGAAGG,0
GACTGCTATCTATAAT,0
GACTGTAGACAAGAAA,0
GACTGTATAATACTGA,0
GACTGTCAGACCTTTG,0
GACTGTTTTGATGTTA,0
GACTTAAAAATCCAGA,0
GACTTAAAAGGACGGC,0
GACTTAACAGATTTGT,0
GACTTAATTCCATCCT,0
GACTTACAATACACGT,0
GACTTACACTCTCCTC,0
GACTTATCAGAGGTAT,0
GACTTATTCAAAAGTG,0
GACTTCAAAAAAAGAC,0
GACTTCCAACGCACAA,0
GACTTCTAGCCGCTTC,0
GACTTGACCAGACATG,0
GACTTGAGGGTCTGAG,0
GACTTGATGCGCTTTC,0
GACTTGTATAGGTCGA,0
GACTTTAAACGGACAT,0
GACTTTATGCAATTAC,0
GAGAAAAAAAGTATAG,0
GAGAAAAAATAAATAA,0
GAGAAAAACGACATGT,0
GAGAAAAATCATCGCT,0
GAGAAAATAAATAATA,0
GAGAAAATTGGGGGCG,0
GAGAAACACGGGCGCA,0
GAGAAACCATCAACGC,0
GAGAAACCTCCAAATA,0
GAGAAACGAAAAGATC,0
GAGAAACTCAAAATAA,0
GAGAAAGAAACAGCAC,0
GAGAAAGATGAGTGGA,0
GAGAAAGTTTATTGTA,0
GAGAAATGCCGTTTAA,0
GAGAAATTGCCATAAA,0
GAGAACAAATTTAGAG,0
GAGAACAATGCGCTCA,0
GAGAACACACCTAATA,0
GAGAACCAACGAAGTG,0
GAGAACCCTACCAAAG,0
GAGAACCGCCATATAC,0
GAGAACCGGAAACGCA,0
GAGAACGATATGGCAC,0
GAGAACGCAACACTGT,0
GAGAACTAGATGTATG,0
GAGAACTCGGAGAAAG,0
GAGAACTTAACTTAAT,0
GAGAAGAAGCCACAAA,0
GAGAAGACAACTCACA,0
GAGAAGACTAAAATTT,0
GAGAAGATTAAGAACA,0
GAGAAGCCCTCTGGCA,0
GAGAAGCGACAACCAT,0
GAGAAGGTATATCGAA,0
GAGAAGTCAATTTATT,0
GAGAATAGAAAAGAAA,0
GAGAATAGTAAAGACG,0
GAGAATATAAAACAGA,0
GAGAATATTCTTAGGA,0
GAGAATATTTTCTAGC,0
GAGAATCCGGACGACC,0
GAGAATCGAAAAAATA,0
GAGAATCTAAATGTAA,0
GAGAATGTAAGGGGCA,0
GAGAATTAACACTAGC,0
GAGAATTCACTCTTAA,0
GAGAATTTGTAGGAAA,0
GAGACAAACATACAAA,0
GAGACACTATGTTATT,0
GAGACACTGCTTGATA,0
GAGACAGATAGTATTG,0
GAGACAGGATACAAAC,0
GAGACATGGTGGCGCC,0
GAGACCACAAATACAA,0
GAGACCACGACTATTG,0
GAGACCGAAACTCAGA,0
GAGACCGAAGTCTGGC,0
GAGACCTTAAATGTAA,0
GAGACGAAGCACCTAG,0
GAGACGATCTATCAAC,0
GAGACGCCCAGGCAAC,0
GAGACGCTAGATGTGC,0
GAGACGGACTATAAAA,0
GAGACTAGATCAATCG,0
GAGACTCTAGACCTTT,0
GAGACTCTCGGATATA,0
GAGACTGAAAATGTGA,0
GAGACTGCGATCAAGA,0
GAGACTTGACGGCAGA,0
GAGACTTTAATACTCC,0
GAGAGAAGAGCCATAG,0
GAGAGACTTAAAAGAA,0
GAGAGAGATACTGGAG,0
GAGAGAGCACTTAACG,0
GAGAGAGTAAAGAAAG,0
GAGAGAGTAGCTGAGA,0
GAGAGATAAGCTGAAA,0
GAGAGCACGAGAGCAA,0
GAGAGCGTGTCACTGT,0
GAGAGCTGAGAGAGGA,0
GAGAGGAGACCCAAGT,0
GAGAGGATGAAACCTA,0
GAGAGGTAATCGACTG,0
GAGAGTAAAGTGAACG,0
GAGAGTATCTAAGCAA,0
GAGAGTATGGACCCAG,0
GAGAGTATTATTTAAC,0
GAGAGTTGATAATGAG,0
GAGAGTTTAGTTTCCT,0
GAGATAAAAAACCACT,0
GAGATAACCCCAAAAA,0
GAGATAACGCACTGAG,0
GAGATAAGTTTGTAAT,0
GAGATAATGCATCCAT,0
GAGATACCAAATGACT,0
GAGATAGCGATGAACA,0
GAGATAGGCACGAGCC,0
GAGATATGTTTAATCT,0
GAGATCACCTATTCAT,0
GAGATCAGACCCATAT,0
GAGATCCATACTGCGC,0
GAGATCCTTTTAACAC,0
GAGATGAACGTTCCTA,0
GAGATGATAGTCTAGT,0
GAGATGTTGTCCTACA,0
GAGATTAAAAAACTTT,0
GAGATTATACGGTATA,0
GAGATTATGAAGAACG,0
GAGATTCGAATATGCC,0
GAGATTGCTACGCCAA,0
GAGATTGCTCACAACT,0
GAGATTTAACTTAACT,0
GAGATTTATATTTCAT,0
GAGATTTCAGATGTAG,0
GAGATTTTCGAAAATA,0
GAGCAAAAAAGAGCTA,0
GAGCAAAAAATTCTCT,0
GAGCAAAAGCGACCAA,0
GAGCAAATGTCCTTTG,0
GAGCAACAACGGTCCG,0
GAGCAACCCACTTTTA,0
GAGCAACTAGTACATA,0
GAGCAAGAACTACTGC,0
GAGCAAGAACTCCCAT,0
GAGCAAGATGGTATAT,0
GAGCAATATTAGAAAT,0
GAGCAATCGCAATGGA,0
GAGCAATTAGTAATTT,0
GAGCACAAGATAATAT,0
GAGCACAGCATATAAC,0
GAGCACCCAACGAACC,0
GAGCACGACCAAGTTT,0
GAGCACGATCTCTTTA,0
GAGCACGTGACATTGT,0
GAGCACTAGTGTGCTA,0
GAGCACTTAATAGCAG,0
GAGCACTTTAAATATC,0
GAGCAGAAGTGACAAT,0
GAGCAGAATAAAATAG,0
GAGCAGCAGGACCTTT,0
GAGCATAAAAAGAATA,0
GAGCATCCAGAATAAT,0
GAGCATCCGCATCTAC,0
GAGCATCTGACATAAG,0
GAGCATGCGAAATTGA,0
GAGCATTCAAGCAACC,0
GAGCCAAGCAACAACG,0
GAGCCACATCCCTTCC,0
GAGCCAGACAAGCATA,0
GAGCCAGACGGTGTTC,0
GAGCCATGCAATAGCT,0
GAGCCATGCCTAAGGC,0
GAGCCATGTCAGGCTT,0
GAGCCCAAGACACAAT,0
GAGCCCGAACATTCCC,0
GAGCCCTATTCATCTT,0
GAGCCGATCTAACCCC,0
GAGCCTAGAGTCAACC,0
GAGCCTCTAACACATT,0
GAGCCTTCCAGTTCCA,0
GAGCCTTTAATAACGG,0
GAGCGAACATATAACT,0
GAGCGAATATAAGATA,0
GAGCGAATGGAACTAC,0
GAGCGACAACGAAAAC,0
GAGCGATTCTTAAATA,0
GAGCGCAATAATTCTG,0
GAGCGCATCTCCCAAT,0
GAGCGCCTATAATGGG,0
GAGCGCTCACACAAGA,0
GAGCGCTCGCTAAGCA,0
GAGCGCTTATAGAGGC,0
GAGCGCTTGTATAATG,0
GAGCGGCATATTAGAA,0
GAGCGGCGTCAGAAAA,0
GAGCGGGTTAAAACCA,0
GAGCGTAGACAATCCC,0
GAGCGTATGCCGCGTA,0
GAGCTAAACCAAAATG,0
GAGCTAAGAAGTTCTA,0
GAGCTACCTTCAACGT,0
GAGCTACTCACCCCAC,0
GAGCTACTTGGAGTGA,0
GAGCTATTAACTCATT,0
GAGCTATTCATACCTT,0
GAGCTCGATATATAAA,0
GAGCTCGTACACAGAA,0
GAGCTCTGAAAGAAGA,0
GAGCTGCAGTTCCAGC,0
GAGCTGCGCGATGGTA,0
GAGCTGGCACTTCCTC,0
GAGCTTTGATAGATTG,0
GAGCTTTTTGACGCCT,0
GAGGAAAGTAACCACG,0
GAGGAAATAAATGGCG,0
GAGGAACACGAATCAA,0
GAGGAATGACATTAAA,0
GAGGACATAGCGATCA,0
GAGGACCGTGTGCGGA,0
GAGGACGACGAAAACT,0
GAGGAGACAGTTCATC,0
GAGGAGACTATATACA,0
GAGGAGCGTTCGCAGG,0
GAGGAGTCCAAAAAGG,0
GAGGATAATACTTCCG,0
GAGGATATACACATTA,0
GAGGATATCGGTTTAT,0
GAGGATCAAACACACC,0
GAGGATGGACTTAATC,0
GAGGATTAACCTTACC,0
GAGGCAACAATCGATT,0
GAGGCACATCAAGAAA,0
GAGGCACTGAAATTTT,0
GAGGCATTTGTGGACC,0
GAGGCCAAATTCTCAC,0
GAGGCCGTGCTACTAG,0
GAGGCGTAAAAAGCGG,0
GAGGCGTCCTAACATA,0
GAGGCGTTTCCAATAT,0
GAGGCTACGCCGTCGA,0
GAGGCTGCAGCCCAAA,0
GAGGGAATTTAATTGG,0
GAGGGACCTACTTAGC,0
GAGGGACGCTACTACC,0
GAGGGAGTGCACCAAA,0
GAGGGATTAAGTTGCC,0
GAGGGCCCCAACAAAC,0
GAGGGTAGTAAATTAA,0
GAGGGTTCTTCAGATC,0
GAGGGTTTATATCAGC,0
GAGGGTTTGAGGAAAG,0
GAGGTAAACCTAAAAG,0
GAGGTAATATGTGATT,0
GAGGTACAGATGAAAT,0
GAGGTACCTGAGTCAT,0
GAGGTACTGATTACCA,0
GAGGTATACAGACTAT,0
GAGGTCAGATGCTTAG,0
GAGGTCATACCACAGC,0
GAGGTCATACGAACAC,0
GAGGTCGTAGAGATTT,0
GAGGTGAATGCTAAGT,0
GAGGTGACGCTAATAT,0
GAGGTGGAAACGACTA,0
GAGTAAAACTATTTAA,0
GAGTAAATTAGAGTCT,0
GAGTAACAGTAGCTCA,0
GAGTAACCCGTTCTCC,0
GAGTAACTCGCTTCGA,0
GAGTAACTTTTACCTT,0
GAGTAAGCAAATCACC,0
GAGTAATAGGTAATGA,0
GAGTAATATACGAATT,0
GAGTAATGTGGAAATG,0
GAGTACAAATGATCAC,0
GAGTACAATTAGTAGT,0
GAGTACATATTAATCA,0
GAGTACATTAGCAATA,0
GAGTACCAAACAGAGA,0
GAGTACCAGTGGGACG,0
GAGTACCATATGATTC,0
GAGTACCATGGAATAG,0
GAGTACCCTAGATTGT,0
GAGTACGATCCGGCGC,0
GAGTACTACTCAAAGA,0
GAGTACTGAGCCTCAC,0
GAGTATACCAATTCCA,0
GAGTATCTGATACCAC,0
GAGTATGTCTGTACCA,0
GAGTCACCCCATTACC,0
GAGTCATAGACCTACC,0
GAGTCATTCACCACTT,0
GAGTCCACAACTTGAA,0
GAGTCCATTAACAGAA,0
GAGTCCGGATCAAATT,0
GAGTCGGTCGCTGCTT,0
GAGTCTAAGATCCATA,0
GAGTCTCTGGTGATAC,0
GAGTCTTAGTGAATTA,0
GAGTCTTTACATTGAA,0
GAGTGAAAACCACTCG,0
GAGTGAATATAATGAC,0
GAGTGACCTGAAGCCA,0
GAGTGCAAAGCCACTG,0
GAGTGCACGGGGTGCA,0
GAGTGCATGACAACGT,0
GAGTGCATGGTAGTTA,0
GAGTGCCAACAGCCGA,0
GAGTGCCGATATCAGT,0
GAGTGCCGATGCACGA,0
GAGTGCTCCACGAGAC,0
GAGTGGAAAACTCACT,0
GAGTGGACGCCAATTT,0
GAGTGGAGCGTTGATA,0
GAGTGGCTGTACCAGC,0
GAGTGGTACCAGCCAA,0
GAGTGGTAGTGTCCCC,0
GAGTGTCCTAAAACAG,0
GAGTGTTCTTTAATCG,0
GAGTTAAATGCGATCA,0
GAGTTAACAGGTAGCA,0
GAGTTAAGAGTAAACC,0
GAGTTACAGTTTTTTA,0
GAGTTACGTGCTACCT,0
GAGTTAGAAACCACGC,0
GAGTTATATACCCACA,0
GAGTTATTCACCACTT,0
GAGTTCATCGAGTTCA,0
GAGTTGAAAAAACCGA,0
GAGTTGTGGGCTTACA,0
GAGTTTAGCTAAATAT,0
GAGTTTGAACTACTGA,0
GAGTTTGCAAAAAGGC,0
GAGTTTGTAACCAAAT,0
GAGTTTGTATGGATAA,0
GATAAAAAAAATAAGA,0
GATAAAAATATGAATG,0
GATAAAACATCTGGGA,0
GATAAAACGAGAACGC,0
GATAAAACTGCTCAGG,0
GATAAAAGCAAGGAGG,0
GATAAAATGCTAACTA,0
GATAAACACACACTTT,0
GATAAACATACAAGTC,0
GATAAACCCCAACAAC,0
GATAAACGAGTACAAG,0
GATAAACTATATTAAT,0
GATAAACTGAATTGCT,0
GATAAAGAGGGTGTCC,0
GATAAAGGCCGCTACT,0
GATAAAGGTCGTTTAA,0
GATAAAGTCCTTACCG,0
GATAAATACTACAAAA,0
GATAAATCACATAAAG,0
GATAAATCGTGACTGA,0
GATAAATGCTCACAAA,0
GATAAATTAGAGGTAA,0
GATAAATTCTAGACTG,0
GATAAATTTAACTAGA,0
GATAACAACAACAGCA,0
GATAACCGAAGGCGTA,0
GATAACCTGCAATAAA,0
GATAACGATTTGCTGA,0
GATAACGCCAGAACCA,0
GATAACTAGCCTTTGG,0
GATAAGAAGCAAACGT,0
GATAAGATGTTAAAAT,0
GATAAGCCGAGCACCT,0
GATAAGTATCTTTAAC,0
GATAATAAATGACGCA,0
GATAATAACGTATTAA,0
GATAATAGTACAGAAT,0
GATAATATGAATAGTG,0
GATAATCAAGAAATCC,0
GATAATCAGATTAGCG,0
GATAATCCGAGAGCGC,0
GATAATCGCGAAAAAC,0
GATAATCGTTAGCCAA,0
GATAATGACACTTAGT,0
GATAATGTAAACGTTT,0
GATAATGTTAAAAGTA,0
GATAATTACCAAAAAA,0
GATAATTGCAGTTCAG,0
GATAATTGCTCATCGG,0
GATAATTTAGACATTG,0
GATACAAAACGACCTA,0
GATACAAATAGAGATG,0
GATACAAATCTAGTAG,0
GATACAACAGAAAAGT,0
GATACAAGTCTGCTTC,0
GATACACATAGTATGA,0
GATACACCCCTTCTGG,0
GATACACCCTGAGACA,0
GATACACTGTAAGCCG,0
GATACACTTATTAACA,0
GATACAGGCCTGAACA,0
GATACATCACGATCCA,0
GATACATTCTTCAATG,0
GATACCAAACATAATT,0
GATACCGCAAAAATTA,0
GATACCGGTTGAAACA,0
GATACCGTTAGAACCT,0
GATACCTCAGGAGAAG,0
GATACCTTTGTAAGAC,0
GATACGCGGGCATACC,0
GATACGCTTGGAATTA,0
GATACGTTATTGTAAG,0
GATACTAAGGATCTGT,0
GATACTAATAACCGGA,0
GATACTATATAAGACA,0
GATACTCAGATAAAAC,0
GATAGAAATTCGGATT,0
GATAGAACTTACTATA,0
GATAGAATCCCATTAA,0
GATAGACAATACACCC,0
GATAGACGAACTTGCT,0
GATAGACGTGTTCCTC,0
GATAGAGAAGACGATT,0
GATAGAGTGATGCGCT,0
GATAGAGTGTCCTGGA,0
GATAGATGAAAATAAT,0
GATAGCATACCATACT,0
GATAGCCCAGAGTGCC,0
GATAGCCTCTAATACA,0
GATAGTAAACGAAATC,0
GATAGTAAGAGCAAAT,0
GATAGTAATTGTGATA,0
GATAGTAGGATGATGA,0
GATAGTATACAAACGA,0
GATAGTCGCATCCTAA,0
GATAGTCTGGAGCCAA,0
GATAGTTAAGCACTCT,0
GATAGTTCGCACTCTC,0
GATAGTTGTCTAGAGA,0
GATATAAAGAAATGTA,0
GATATAACACTCAGCA,0
GATATACAAGAACTAC,0
GATATACATGAAACAA,0
GATATACCTTATCTTT,0
GATATACGCTGCGTAC,0
GATATAGATTCAAATA,0
GATATAGTTCGCGAAT,0
GATATATAGAAACACC,0
GATATATAGTGACCAA,0
GATATATTCCCAGTGC,0
GATATATTTTAGTGAA,0
GATATCAAGTACATTT,0
GATATCAGCTCAAACG,0
GATATCATAACGTTAA,0
GATATCATATTGTTTG,0
GATATCCCCATGGATA,0
GATATCCTGGACTACT,0
GATATCGAACTCAAAA,0
GATATCGAGACCAAGA,0
GATATGAAGTTCCACA,0
GATATGAATCTATAAG,0
GATATGAGCATGACAC,0
GATATGCAAACATCTA,0
GATATGCGCTTCGGCC,0
GATATGCTAGATCATA,0
GATATGGTTTTATAAA,0
GATATGTCTCAAGAAT,0
GATATGTCTTAATTCC,0
GATATTAAAATTTAAT,0
GATATTAATGGTAGGT,0
GATATTACAATTCACG,0
GATATTATTTTTAAAA,0
GATATTGGCTCCGCAC,0
GATATTGTTCATAAAG,0
GATATTTAAAAAAAAA,0
GATATTTGGTTATGGT,0
GATATTTTGTCACGTA,0
GATCAAAACTCCTTGA,0
GATCAAAATACACCAA,0
GATCAAACGATATGCG,0
GATCAAAGTAAAATAC,0
GATCAAGATTCTCGCA,0
GATCAATAGCTCATAT,0
GATCAATGTAAATAAA,0
GATCAATTACTGGTAC,0
GATCAATTCTTTCCAT,0
GATCACAATTCGAATT,0
GATCACACTGTACGGC,0
GATCACATATACAAAC,0
GATCACATATTATAAA,0
GATCACATCTTACCTA,0
GATCACCACTAGACCG,0
GATCACCGTGAGAGAA,0
GATCACCTACATCACT,0
GATCACTCCCGTACTG,0
GATCACTCGCAATACA,0
GATCACTCTACTTGAG,0
GATCAGACATTAGTAC,0
GATCAGAGGCAACTAA,0
GATCAGATGTGCAGTC,0
GATCAGCAGTTTAGAA,0
GATCAGCATATAACCT,0
GATCAGCTAACCCAGC,0
GATCAGGACACATAAC,0
GATCAGTAAGTGCTTC,0
GATCAGTCCTTGCACT,0
GATCAGTGAGACGTCA,0
GATCATGTTGCCTAAT,0
GATCATTATAACGCTG,0
GATCATTATACCTAAA,0
GATCATTGATGTGTGT,0
GATCCAACATAGAATC,0
GATCCAACCCGATGCT,0
GATCCAGAAAGACTAA,0
GATCCAGATATTGCAC,0
GATCCATCCCAAATAT,0
GATCCATTTACACATA,0
GATCCCAAGTCGTAAA,0
GATCCCACTAGGTTAC,0
GATCCCATAACAACAA,0
GATCCCCACGAAGTCG,0
GATCCCCCATACGGTA,0
GATCCGATACCTAAAT,0
GATCCGGAGTTATTAT,0
GATCCGTACCAGGTGA,0
GATCCTAAGTTTAACA,0
GATCCTACACCCTACT,0
GATCCTATTATGTACC,0
GATCGAAAGATTATCA,0
GATCGAAATCGATCAG,0
GATCGAATTGCTCAGA,0
GATCGAATTTAGTATA,0
GATCGACGACCAAATA,0
GATCGACGCGACACGC,0
GATCGAGCACCGCTAT,0
GATCGATACTCTCATA,0
GATCGCACGGAACGAA,0
GATCGCATGAAGCACA,0
GATCGCTGCTACATTA,0
GATCGCTTCCTCCATA,0
GATCGGAAAAAGTGTA,0
GATCGGATTCCATCAT,0
GATCGGGAGCAGGACA,0
GATCGTAATTACAGCA,0
GATCGTACACGCTACA,0
GATCGTCAGGGTCTGC,0
GATCTAACGTATCCTA,0
GATCTAATAGGAAAGG,0
GATCTACACACACCCA,0
GATCTACACTAAAAAT,0
GATCTACCCTGCTAAG,0
GATCTATCCGCAGGAG,0
GATCTCAGTTCGGACT,0
GATCTCCAAGCCAGAT,0
GATCTCCCGGACATGG,0
GATCTCGCAATTAACC,0
GATCTCTGGTAATTAA,0
GATCTCTGTCGTCCAC,0
GATCTCTTAAATAGCA,0
GATCTGAAATTATAAA,0
GATCTGACGACAAAAT,0
GATCTGATCTAATCTG,0
GATCTGCAGCGAAGAA,0
GATCTGCGGTACGATA,0
GATCTGGCTTCACCAA,0
GATCTGTTCAAAATAG,0
GATCTTAACGGCATCA,0
GATCTTCCTGCATTAA,0
GATCTTGCCGGATGTA,0
GATCTTTAACCTCCTT,0
GATGAAAGTCGTAAGT,0
GATGAAATTCTTGATA,0
GATGAACAATACCCTC,0
GATGAACAATTAATAC,0
GATGAACGGGTGAAAA,0
GATGAACGTTAAAAAC,0
GATGAAGTATAAACAA,0
GATGAAGTCAAACGAG,0
GATGAATATTATTGAA,0
GATGACAGATTTGACA,0
GATGACAGCATCGATA,0
GATGACCAGTAAAGGT,0
GATGAGTAGTCCGGAT,0
GATGAGTTCCTGAATA,0
GATGATAACTCTCGTT,0
GATGATACATGTCCGC,0
GATGATATGAGCCATG,0
GATGATCAAGCAATGC,0
GATGATGATCAAAAAG,0
GATGATGTCCGGACGA,0
GATGATTAAAGACTAT,0
GATGATTAGTATCACG,0
GATGATTATACGCGTG,0
GATGATTGCTTTGATA,0
GATGCAAAAACGAAAG,0
GATGCAAAATCCGCAG,0
GATGCAAACGAAAATG,0
GATGCAAGAAGTGTCC,0
GATGCAAGTTATCAAA,0
GATGCAATTAGGGTAT,0
GATGCACGAATAATGA,0
GATGCAGAATTGACTT,0
GATGCCAATTTAATTA,0
GATGCCAATTTAGTGA,0
GATGCGACCATATAAG,0
GATGCGGGGATTCGAT,0
GATGCTAAACTGTATT,0
GATGCTAAGAAACTAT,0
GATGCTATCAAAAACG,0
GATGCTCCGGATCCTA,0
GATGCTCGACAGAACA,0
GATGCTGAGAACCGTC,0
GATGGAAAATATGGGT,0
GATGGAACGAATTAGG,0
GATGGAGCTCACCAAG,0
GATGGATTTCACAGCT,0
GATGGCCCAGAGGCCC,0
GATGGGACTGCTACAC,0
GATGGGGACAAATGGA,0
GATGGGGAGAACATCG,0
GATGGGTTTACATTCA,0
GATGGTACAATCAATG,0
GATGTAAATAGCGTAG,0
GATGTAACTAACGCCA,0
GATGTAACTTCAGCAA,0
GATGTAGCATTTAGCT,0
GATGTAGTAGAACGAA,0
GATGTATCTTCGTACC,0
GATGTATGACAAAAAC,0
GATGTCACCATTTACA,0
GATGTCCAAAACATCT,0
GATGTCCATGGGGTGG,0
GATGTCGATCCAAGCG,0
GATGTGAAGTGTCTTG,0
GATGTGCGCGAAATTT,0
GATGTGTAACTAAAAT,0
GATGTTAAAAAACGAG,0
GATGTTACAGAACAAC,0
GATGTTAGACCCTCGG,0
GATGTTCACCTTATAG,0
GATGTTTTATTAAAGA,0
GATTAAAAAGAAGCAC,0
GATTAAACAATAACGT,0
GATTAAACGCATGGGC,0
GATTAAAGACTTTCTA,0
GATTAAATAAGTGTAA,0
GATTAAATGTCCAAGA,0
GATTAACTATATGCCC,0
GATTAACTGGCAATAA,0
GATTAAGATAGGGCTC,0
GATTAATAACAGAATT,0
GATTACAAAGATCGTC,0
GATTACACAGGAACGA,0
GATTACACGATCTCTA,0
GATTACACTGAGAGAT,0
GATTACCCGGCGAAAT,0
GATTACGCGGTTAATT,0
GATTACTAAGTATCTC,0
GATTACTACTAATAAA,0
GATTACTATTGCCACA,0
GATTAGAAATACGATT,0
GATTAGAGTGTTACGA,0
GATTAGATACAAAACG,0
GATTAGCCACCGGACG,0
GATTAGGCGCATTTTA,0
GATTATAATTATTTAA,0
GATTATAGTAAACCCA,0
GATTATCACTCCTACT,0
GATTATGATTCGTCTA,0
GATTATTAGGAAATCT,0
GATTCAAAAAAAAGTT,0
GATTCAAGAGAACTAC,0
GATTCAATCAAATTGA,0
GATTCAATCCAATTCT,0
GATTCAGATTTGCACC,0
GATTCAGTCTAAATCC,0
GATTCATCATCCAGGA,0
GATTCATTCAAACCAG,0
GATTCCATATACAACT,0
GATTCCATGTTGCAGC,0
GATTCCCGCCCGACAT,0
GATTCCGACACTATAG,0
GATTCCGCCTAGAGTG,0
GATTCCGGTGTAGTAA,0
GATTCCGTATAAAAGA,0
GATTCGAGAGGTGATG,0
GATTCGCCAGGCGATC,0
GATTCTAGGCAAATGG,0
GATTCTCATTACAACA,0
GATTCTCTGCTCACTG,0
GATTCTTACTCGCGTT,0
GATTGAACCAAACGAC,0
GATTGACAATCAGCCT,0
GATTGACCACATAGAT,0
GATTGACGGCAGGATA,0
GATTGCAAAAACTACG,0
GATTGCAAAATTTCAT,0
GATTGCGAAAAACAGC,0
GATTGCGTCCAACTAT,0
GATTGCTAACTCAAAC,0
GATTGGACAACAACAC,0
GATTGGCTCATAAATT,0
GATTGTAGCATCCCTA,0
GATTGTATGGTAATAA,0
GATTTAAATTACGCTG,0
GATTTAACCGTATTTT,0
GATTTAAGATATTCCC,0
GATTTAAGCAGTCATT,0
GATTTACAAATGAGAA,0
GATTTACTGGCTATCG,0
GATTTCAACACAAGAC,0
GATTTCACTTCCATTC,0
GATTTCCTCTGAGATA,0
GATTTCTATTTAGTAA,0
GATTTCTGTCCAGATA,0
GATTTGAAAATAGAAT,0
GATTTGACGCTGCAAA,0
GATTTGAGACAAAGCT,0
GATTTGCAAGTTAATT,0
GATTTGTAACAGTGCA,0
GATTTTACTCACTCTA,0
GATTTTCAACAGCAAC,0
GATTTTCACTGCTGAT,0
GATTTTCCTAACTCTT,0
GATTTTGAAACACAAT,0
GATTTTGGCTACTGGA,0
GATTTTTAAAAGGCTG,0
GATTTTTAATATACAT,0
GCAAAAAAGAAAATAA,0
GCAAAAAAGCAAACAG,0
GCAAAAAAGCCGTTAA,0
GCAAAAACCCCCTATC,0
GCAAAAAGAAAAAAAA,0
GCAAAACAAAAGTGTA,0
GCAAAACATTTAAAGA,0
GCAAAACCCGGAAATA,0
GCAAAACGTTAAATTT,0
GCAAAAGTGAAGTGAA,0
GCAAAATACAATTGAA,0
GCAAACAAACTAGTAA,0
GCAAACAAATGTAATA,0
GCAAACATGGTTCTAC,0
GCAAACCGCCGTATAG,0
GCAAACTGATCCTCGA,0
GCAAACTTTTGACTTG,0
GCAAAGACAAGAGCAA,0
GCAAAGACTGCCGTAT,0
GCAAAGCTAAAGGAAA,0
GCAAAGCTGGATGTAA,0
GCAAAGGAATATGGAA,0
GCAAATAACTTGTATC,0
GCAAATACCCTAAAGT,0
GCAAATACGAGAAACC,0
GCAAATATAGACAATG,0
GCAAATATAGTAGTCT,0
GCAAATGATATTGTTG,0
GCAAATGTCATAACTC,0
GCAAATTAATACTTAG,0
GCAAATTCGATACCGA,0
GCAACAAAATGGAGAA,0
GCAACAAAGTCACACA,0
GCAACAAATATGGTAC,0
GCAACACATAAACTTG,0
GCAACACCACTATCTG,0
GCAACACGACATAGAA,0
GCAACAGAGACACACA,0
GCAACATGGTCGCACC,0
GCAACATGTTATGAAA,0
GCAACCAATTCCAATG,0
GCAACCAGCCCGAGCC,0
GCAACCATATTAAAAA,0
GCAACCTAACGTCCGC,0
GCAACGCAAAAAATAA,0
GCAACGCTCCACAAGA,0
GCAACGTAAGTCTGAC,0
GCAACTAATAAATAAG,0
GCAACTAGCGCTAACC,0
GCAACTGCGCAACAAT,0
GCAACTTATACAAACT,0
GCAACTTCCTCCAATG,0
GCAAGAAAATTACTTA,0
GCAAGAACAAAGGGAG,0
GCAAGAATTTCAATTT,0
GCAAGACCAACTCTTA,0
GCAAGACCAGTATTTT,0
GCAAGACCGAGCGTTA,0
GCAAGAGAGTGCGATA,0
GCAAGAGCGGACCCAT,0
GCAAGAGGATTCAATA,0
GCAAGATTATTACCAA,0
GCAAGCACCCTACAGA,0
GCAAGCATTAATTAAG,0
GCAAGCCTAATCGTCT,0
GCAAGCTCAAATTACA,0
GCAAGCTCTAATAGCG,0
GCAAGGACGTGATATG,0
GCAAGGAGGGATATTT,0
GCAAGGATATAAAACA,0
GCAAGGCTATTACAGG,0
GCAAGGGACCTAAACA,0
GCAAGGTTACCTGATA,0
GCAAGTAACGGCTTGA,0
GCAAGTAGCCACATTA,0
GCAAGTCTGCAGGATC,0
GCAAGTGATCTCACTT,0
GCAATAAAGCTCTAAA,0
GCAATACCCCCCAAGA,0
GCAATACTGTTTTCGA,0
GCAATAGCAATATCAA,0
GCAATAGTCGAGGGAA,0
GCAATATGCCCCAAAG,0
GCAATATTCCTCAAGA,0
GCAATATTGAAACACA,0
GCAATCCAAGATATGC,0
GCAATCCACACGAACG,0
GCAATCGTAAATGATA,0
GCAATGAAACCTCCGA,0
GCAATGATAAATTTAG,0
GCAATGATCGCACCTT,0
GCAATGATTCCCACTT,0
GCAATGGATCTTGTGT,0
GCAATTAACATTACTT,0
GCAATTAATTAGAGAA,0
GCAATTACCTTAGCCT,0
GCAATTAGAACATACA,0
GCAATTCGCAAAGAAA,0
GCAATTTAAAAGTTTT,0
GCAATTTAGACGCGTC,0
GCAATTTTTATATACT,0
GCACAAAACAGAGTTA,0
GCACAAAACCCAGATC,0
GCACAAAATAAGGGAT,0
GCACAAGCACGCCTTC,0
GCACAATAGAGCTTAA,0
GCACAATATGTCCCTA,0
GCACACTCCATTGGGC,0
GCACAGCGAAATTCGC,0
GCACAGGGAATGCATA,0
GCACAGGTATGCGACT,0
GCACAGTATATTTCAC,0
GCACAGTTAAACGACA,0
GCACATAGACTTAGCT,0
GCACATATAAACTCCA,0
GCACATCGACAAAATA,0
GCACATCGCGCATAGA,0
GCACATCGTCACCCAA,0
GCACATGCAATTATAC,0
GCACCAAACCCCACAT,0
GCACCAAGACTTGTTA,0
GCACCACTACACCGAG,0
GCACCATAAGAGTATA,0
GCACCATCTGATCTAA,0
GCACCATGGTACATGC,0
GCACCCAATGATCTAG,0
GCACCCCAATTCCAGA,0
GCACCCCCATAAACTA,0
GCACCCTAGGAATTCT,0
GCACCCTCTGAGGCCT,0
GCACCGGTCATAGTCA,0
GCACCGTTAAAAAAAA,0
GCACCTAATGAAGACA,0
GCACCTACAACCAGTA,0
GCACCTATAAATATTG,0
GCACCTCAGTTCTCGC,0
GCACGAAGTGCCCCCC,0
GCACGAAGTTCATACC,0
GCACGACATGGGACTT,0
GCACGATTAATGGATG,0
GCACGCAACCCATGGT,0
GCACGCAATCTGATCA,0
GCACGGACGAAAACAA,0
GCACGGTTCCATTAAA,0
GCACGTATAGCAGGCT,0
GCACGTCCGTAATTGC,0
GCACGTCCTACCAAGT,0
GCACTAAAAGCACTCT,0
GCACTACTCAGGAGTA,0
GCACTACTGCTACTTT,0
GCACTATGTACCTTCC,0
GCACTCAAGCAAATTA,0
GCACTCATGATACTCT,0
GCACTCCACACTCGTA,0
GCACTCGCCCTCAGCA,0
GCACTGCTAAAATTGC,0
GCACTGGCATACCAAT,0
GCACTGGCGACAATTA,0
GCACTTATGATGTCAA,0
GCACTTCCAAGTCTAG,0
GCACTTGCTAAAACTG,0
GCACTTTGTCGTGAAA,0
GCAGAAAACGCCAGCC,0
GCAGAAACGAAGCGTT,0
GCAGAACCAAAACCAT,0
GCAGAAGAACTAATCC,0
GCAGAAGATACAGATC,0
GCAGAATACACACGTA,0
GCAGAATCTACGCAGA,0
GCAGACGGTAAGGCCG,0
GCAGACGTACCGTGTT,0
GCAGAGAACTTTAGGC,0
GCAGAGAGTAGACTCT,0
GCAGAGATCAAAGATC,0
GCAGAGCCTTTCTGAG,0
GCAGAGCTGCACGCAT,0
GCAGAGGCGTCAGACA,0
GCAGATACAGATTGGC,0
GCAGATACCCATTCTA,0
GCAGATCGGGTCTGCG,0
GCAGATCGTGTATACG,0
GCAGATGCGGATATTT,0
GCAGATGGCCTCTCAA,0
GCAGATTAAAGGGACT,0
GCAGATTCTGTCTAGC,0
GCAGCAACGTTCTACT,0
GCAGCACCCGTCAAGC,0
GCAGCACTAAATATAT,0
GCAGCAGAGGGACAAA,0
GCAGCCAACGCAGCGA,0
GCAGCTGCGCAAGTGC,0
GCAGCTTAAGATAAAA,0
GCAGGAAACACAGTGT,0
GCAGGAAATATCAACT,0
GCAGGAACACCATGGC,0
GCAGGAACCGGGATTG,0
GCAGGAATGAGAGCTT,0
GCAGGAGGACGCATAT,0
GCAGGATAGAGGGATT,0
GCAGGCACGTTCCTAC,0
GCAGGCACTCGTTAGG,0
GCAGGCCTAACATAAT,0
GCAGGCCTGTCATAGC,0
GCAGGCTAGAGAAAAC,0
GCAGGGGCAAGATCCA,0
GCAGGTACTACGTACA,0
GCAGGTCAGGTCAGTT,0
GCAGTAACAAAAATGG,0
GCAGTAACGGCGAAGT,0
GCAGTAATATAATTCA,0
GCAGTACGACAAACAT,0
GCAGTAGAGATCTAAT,0
GCAGTAGTATTGAAGT,0
GCAGTATATGTCTCTG,0
GCAGTATTATATTCTA,0
GCAGTCAACTCTAGAG,0
GCAGTGAAACTGGGTC,0
GCAGTGATAAATTTAG,0
GCAGTGCACATTAGAG,0
GCAGTGCCTAAATTGA,0
GCAGTGGCCTCTCTTT,0
GCAGTTACAACGATCT,0
GCAGTTCTAACCTTTA,0
GCAGTTGACGCCCCCA,0
GCAGTTGTGCGATACA,0
GCAGTTTACTTGGTAC,0
GCAGTTTGAGGTTAAA,0
GCAGTTTGCCCCCTGA,0
GCAGTTTTAACGGTCT,0
GCATAACAGAACACTA,0
GCATAACATGGAGCAA,0
GCATAAGACAAAGACC,0
GCATAAGACTCATCAA,0
GCATAAGAGGACTGTT,0
GCATAATAAATTTACA,0
GCATAATAGCTATATT,0
GCATAATCGGCAAGAA,0
GCATAATGATAAAGAC,0
GCATACGTAGCCTAAA,0
GCATACTCATTACTTT,0
GCATACTTGGGTATGT,0
GCATAGCAAATAGAAA,0
GCATAGCGTTTAATGG,0
GCATATAATTAAAATA,0
GCATATAGTAGCCGTG,0
GCATATCAGCTAGACC,0
GCATATCGTTTCATAA,0
GCATATGAACTACGTA,0
GCATATTCATTATGGA,0
GCATATTGTAAAACGA,0
GCATATTTGCCTTTTC,0
GCATCAAAAATTAATT,0
GCATCAAAACTATATA,0
GCATCAACAGAACAAC,0
GCATCAACCATACATG,0
GCATCAATTATAATAG,0
GCATCACCTAAATAAC,0
GCATCACGAATAACAA,0
GCATCACGAATCAAGC,0
GCATCACGAGGCGAAG,0
GCATCAGTATGTGCGT,0
GCATCATCCAAATGCC,0
GCATCATTATATTATA,0
GCATCCCAAACACGTT,0
GCATCGAATTCAACAG,0
GCATCGCTCTTCTTTG,0
GCATCGGACCACTAGT,0
GCATCTGAAAATAACA,0
GCATGAAATTAAAAGA,0
GCATGAATAGTCGGCA,0
GCATGACTAGGGACCG,0
GCATGAGATACCATGC,0
GCATGAGTCTCTGCCT,0
GCATGATGTTAAGGTT,0
GCATGCAAGCAAAGGT,0
GCATGCCACGAATATT,0
GCATGCCCCTCATACA,0
GCATGCCCTAACACGC,0
GCATGCGTCAGTGTAA,0
GCATGCTGCCCCAACT,0
GCATGGCATCCATGGA,0
GCATGTAAAACGAGAT,0
GCATGTAACTTCACTC,0
GCATGTACAAGCTCAA,0
GCATGTGCGGGTTAAC,0
GCATTACAAACACCTA,0
GCATTACAATAGAATA,0
GCATTATATAAGAAGC,0
GCATTATGAATGCTTG,0
GCATTATTCACCAAAA,0
GCATTCAAATTAAACT,0
GCATTCATAATTAACA,0
GCATTCCACGACCTGA,0
GCATTCCATCCCACTG,0
GCATTCCTACAAAGCT,0
GCATTCGGGATATATG,0
GCATTCTTTACGGGTA,0
GCATTGACAGCCTTCC,0
GCATTGCAACAGAAAG,0
GCATTGGTAAAAGCTA,0
GCATTGTTCCAACATT,0
GCATTTAAATGCATAA,0
GCATTTCGATAGTGCA,0
GCATTTGACGGTTTCC,0
GCATTTTAGCATCGAA,0
GCATTTTCTAGAAGAG,0
GCATTTTTATAATGTT,0
GCATTTTTATCAGCAG,0
GCCAAAAAAACACCGC,0
GCCAAAAAGAGGGTTT,0
GCCAAAAAGATAGTAA,0
GCCAAAACTTCAAATA,0
GCCAAAAGCGCCGAAT,0
GCCAAACAAACTGGAT,0
GCCAAACTGAAATGAT,0
GCCAAATATAGCCTAC,0
GCCAACATACTAAAAC,0
GCCAACGATAAAGAAC,0
GCCAATAACCGAAAAT,0
GCCAATATTTATAAAA,0
GCCAATCATTTTATCT,0
GCCAATCTCTATCGCA,0
GCCAATTATAGACATT,0
GCCAATTCTCCACATG,0
GCCAATTCTTGTACCC,0
GCCACAAATAATTAAG,0
GCCACAAATTACTTCA,0
GCCACATTATCCTGAA,0
GCCACCAACCGCAAGT,0
GCCACCATAAGATTTT,0
GCCACCATATCCCAAA,0
GCCACCATCTGTTGAA,0
GCCACCCACGATGTAC,0
GCCACCTTGACTTCAA,0
GCCACGACTGACCTCT,0
GCCACGAGATATACAT,0
GCCACGCGGTAAAATA,0
GCCACGCGTGACTCGA,0
GCCACGTAACGTAGGC,0
GCCACGTAATAGGCTA,0
GCCACTAAGCAAGTGC,0
GCCACTCACATAGCCA,0
GCCACTGGAAAAACGT,0
GCCACTGTATCACCCA,0
GCCACTTTCAGTGGTT,0
GCCACTTTTCGTGACG,0
GCCAGAAAATCCCTGG,0
GCCAGAAACGCCATGT,0
GCCAGAACTACCGATT,0
GCCAGAAGTGCGTAAA,0
GCCAGAGAAGACACCC,0
GCCAGAGATTAGTTTG,0
GCCAGCAAAGATGCGA,0
GCCAGCATAACATAAG,0
GCCAGCCGGGTTATCC,0
GCCAGCGAAAAAATCT,0
GCCAGCTTGCCGTCCA,0
GCCAGGCGGTCTTTTA,0
GCCAGGCTGTGTAAGT,0
GCCAGGGTACACAGCT,0
GCCAGTGAAGAAAGAA,0
GCCAGTTGCTTGGTAT,0
GCCATAACATTCCATG,0
GCCATACCATCCATAA,0
GCCATACCCATGGTTC,0
GCCATACGAACCTTAA,0
GCCATATGTAAGAACT,0
GCCATATGTACAGAAT,0
GCCATCCCCAGCTACC,0
GCCATCCTGTACTAAA,0
GCCATCTGCCACCAAC,0
GCCATCTGTACAGCAC,0
GCCATCTTTACATAGT,0
GCCATGAGCGAAGCAT,0
GCCATGTCACCTAGAA,0
GCCATTCTGACCTAAC,0
GCCATTGAAACTCCGT,0
GCCCAAATGGACCGAG,0
GCCCAACCATCTAGAT,0
GCCCAAGAAAAGAATG,0
GCCCAAGCAACGTGAC,0
GCCCAAGCCAGTTGCT,0
GCCCACAAACGACCAC,0
GCCCACACTTTAATTC,0
GCCCAGTTTAGGCTCA,0
GCCCATATTTGCAGCA,0
GCCCATCCAGTACCTT,0
GCCCATGATATCTGGC,0
GCCCATGGACTGAACG,0
GCCCATGGGATAAATG,0
GCCCATTATACTTTGG,0
GCCCATTCCCACACAG,0
GCCCCAAAGTTTTTCT,0
GCCCCAAATGTCACAA,0
GCCCCATATGCCCAGA,0
GCCCCATTGCGTTAAA,0
GCCCCCCGACGCAAAA,0
GCCCCGGAGGATTGGA,0
GCCCCTTATACAACAC,0
GCCCCTTGACTAGCCG,0
GCCCCTTGAGAAGCGC,0
GCCCCTTGCAAAGATG,0
GCCCGAACAATACGGG,0
GCCCGAACTAGATCGG,0
GCCCGACGGCCAGAAA,0
GCCCGATTCTTCGCGG,0
GCCCGCCGGACAGAAC,0
GCCCGCCGGGACGCAC,0
GCCCGCGAGAAGATCC,0
GCCCGCTGGAACTGTC,0
GCCCGCTTAAAGAAAA,0
GCCCGGCTGTCACCTG,0
GCCCGGGACGTAACGT,0
GCCCGGGGTGAATAAC,0
GCCCGTAAAATGCTAA,0
GCCCGTACATTTCAAC,0
GCCCGTGAAACACCGT,0
GCCCTAAAACACCGAC,0
GCCCTAAGTGATCTAA,0
GCCCTACCCAACCCTC,0
GCCCTACTACATAAAT,0
GCCCTATGAGGTTTAA,0
GCCCTCACTCCCACAA,0
GCCCTCAGATGACATA,0
GCCCTCAGGGTTACCA,0
GCCCTCTCGTTCACGA,0
GCCCTTAACTCTTAAA,0
GCCCTTACAAACCACC,0
GCCCTTAGGGAACAAA,0
GCCCTTCCCATCCGTA,0
GCCCTTGGTTATCCAA,0
GCCCTTGTTGGATATG,0
GCCGAAACATCGAACT,0
GCCGAAAGACCGCTGT,0
GCCGAACATGGCTAAA,0
GCCGAATAACAGACGA,0
GCCGAATACTAAACAT,0
GCCGAATGCAGTACAC,0
GCCGAATTGTGTAACA,0
GCCGACAGATTTACAT,0
GCCGACGAAGGGCAGC,0
GCCGACGGACTTTCAT,0
GCCGACTATGATAGGG,0
GCCGACTCACGTCCCG,0
GCCGAGGCAGATCTAT,0
GCCGAGGTAGTAACAC,0
GCCGAGTCGTTAATTA,0
GCCGAGTTTTACCCTA,0
GCCGATAAAAACAAAA,0
GCCGATTTAAATTATT,0
GCCGCAATGGGTGACG,0
GCCGCACGTCAAGCTA,0
GCCGCATACAGATTAT,0
GCCGCCGATAGAAGAG,0
GCCGCGGAGCCAAGCA,0
GCCGCGTAACTTTCCA,0
GCCGCTCCATAACGAC,0
GCCGGAACACCTACAT,0
GCCGGAATTGCTAATC,0
GCCGGACACCCGAGTC,0
GCCGGACGCCTTACAA,0
GCCGGAGCAGGGACCA,0
GCCGGAGGTCAGAAGG,0
GCCGGATACACCGACC,0
GCCGGATGACAATCCC,0
GCCGGATGAGCAGTTA,0
GCCGGATGTAAGACCA,0
GCCGGATTCTCGTACA,0
GCCGGCATAACCCATA,0
GCCGGGACAAAAAAAA,0
GCCGGTAAAAATGACG,0
GCCGGTCACTTACTCA,0
GCCGGTCATAACATGG,0
GCCGGTTCCCAAAACA,0
GCCGGTTTATTTACGT,0
GCCGTAATTTTCTAAC,0
GCCGTAGATATCAGCC,0
GCCGTATGTAGATTAG,0
GCCGTATTCATAACAA,0
GCCGTCAGGACTGAAT,0
GCCGTTACTACACTAT,0
GCCGTTTGATAACCTA,0
GCCTAAACAACGCAGC,0
GCCTAATCAACGTCAC,0
GCCTACCAATACATTA,0
GCCTACCTTCCACTAA,0
GCCTACGTGCCATAAC,0
GCCTAGAAATTAAATG,0
GCCTAGACACCAGACA,0
GCCTAGCAGGGTTTGG,0
GCCTAGTATACTTTTT,0
GCCTATACTAAATAAA,0
GCCTATAGATCACCGC,0
GCCTATATAAATCAAA,0
GCCTATGAGAACCCAA,0
GCCTATGTAAACCCCC,0
GCCTATTGTATTACAC,0
GCCTCAAACTGCTTAG,0
GCCTCAAGCATGCACG,0
GCCTCACATGAAGTGC,0
GCCTCACGCGCTATTA,0
GCCTCACTCTTAGCAA,0
GCCTCAGGTGCAAATA,0
GCCTCCTTCATAAAAC,0
GCCTCGCATAGACTGT,0
GCCTCGGTCCTGACCG,0
GCCTCGTCTGTACGAC,0
GCCTCTACGTATAAAA,0
GCCTCTAGACCAGTCA,0
GCCTGAAAACTATACA,0
GCCTGACGAGTACAGG,0
GCCTGCATATGTAAAT,0
GCCTGCTGGCTTGAAG,0
GCCTGGACTGTGTGAT,0
GCCTGTACAGCCAAAA,0
GCCTGTCACAGAGCTA,0
GCCTGTTGTAAAACTT,0
GCCTTAAAAAACACAA,0
GCCTTACCGCGACAGA,0
GCCTTATCTTGCAGAC,0
GCCTTCACTTGCCGGT,0
GCCTTCAGATATTCCA,0
GCCTTCCTCTTAAACA,0
GCCTTCCTGATACCTG,0
GCCTTCTGCCGCGTCC,0
GCCTTGAACAGAACCG,0
GCCTTGATTTCCTGTT,0
GCCTTGTAAGATATTA,0
GCCTTGTTCAACTGTA,0
GCCTTTAATCTGCGAT,0
GCCTTTACACCGCGGC,0
GCCTTTATTTTGGATG,0
GCCTTTCGGAAACTTA,0
GCCTTTTGACTCATAA,0
GCCTTTTTGTGTCCCG,0
GCGAAAGAACGAGGAC,0
GCGAAAGAGCCCAACT,0
GCGAAATATTCACATG,0
GCGAACAACCTGTGTA,0
GCGAACGAGTTGGAAA,0
GCGAACTAACAAATCT,0
GCGAAGAAACTATGTG,0
GCGAAGAAATACCATG,0
GCGAAGAACATTAAGC,0
GCGAAGAGCAAATTCT,0
GCGAAGCTATGCCTAG,0
GCGAAGGAGTCGATCA,0
GCGAAGTTTGGAAGAG,0
GCGAATCTGGCAATTG,0
GCGAATGATGGTCTCC,0
GCGAATGCGAACTTGG,0
GCGACACTCTCCCGAC,0
GCGACAGCATAAATTG,0
GCGACATCAATCCGAC,0
GCGACCACAGAATTTT,0
GCGACGCTTAACCGGC,0
GCGACTAAAGTACAAG,0
GCGACTAATTTGTGAC,0
GCGACTGTAACTCCTG,0
GCGAGAACAAATTTAA,0
GCGAGAATCCTCACAT,0
GCGAGAGACCATAACT,0
GCGAGAGACTTTTTCC,0
GCGAGCCTTTCAAGCT,0
GCGAGGATCCGAGTTG,0
GCGAGGTAAGCTAGGA,0
GCGAGTAGCTCAAACA,0
GCGAGTCTTTTGAAGC,0
GCGAGTTAGGGTTCCA,0
GCGATACAGCAATTAA,0
GCGATAGAAGAAATAA,0
GCGATAGCCATCATTC,0
GCGATATTAATAACAA,0
GCGATCCAAAATGTCA,0
GCGATCCACAACGGGA,0
GCGATGCTGATAACCC,0
GCGATGGCCCCCATCT,0
GCGATTAACACTAACA,0
GCGATTGGGTACTATC,0
GCGCAAGAATATAACC,0
GCGCAAGTAACTGATG,0
GCGCAATAAAAATAAG,0
GCGCAATCCGGACAAC,0
GCGCAATGGCAGTAAC,0
GCGCAATTCAGCCTAA,0
GCGCAATTTGCCGAGA,0
GCGCACAGAAGATGCT,0
GCGCACTACGACCCAC,0
GCGCATAAATGGGATC,0
GCGCATCAATCATAAC,0
GCGCATGCAATCAGTA,0
GCGCATTAAAATATTT,0
GCGCCAGACTGATGTG,0
GCGCCCTCACAACCAG,0
GCGCCGACAGTTGCCC,0
GCGCCTATAGGCCGCT,0
GCGCCTGAGTTTATCG,0
GCGCGAAAGAACTAGC,0
GCGCGACCTATACTTA,0
GCGCGATAGGCGAAAA,0
GCGCGGCAACCTAAAT,0
GCGCGGCGCGGCGCAA,0
GCGCGGGTGTGAAAAA,0
GCGCTAATAGAAAAGT,0
GCGCTAGAAAACGTCA,0
GCGCTAGCTAGCAGAT,0
GCGCTATTTCGAATAC,0
GCGCTCCAGGGCGGAC,0
GCGCTCGCCAGCTTAA,0
GCGCTGATAATTTTAC,0
GCGGAAAAAAACATAA,0
GCGGAAACAATTAGCT,0
GCGGAAACGGTCCTCT,0
GCGGAAAGTGACACGC,0
GCGGAAGACACAATAT,0
GCGGAGATGTACCAAA,0
GCGGAGTCAATGACAA,0
GCGGCAAAATCTAGAA,0
GCGGCAAAATCTTAAG,0
GCGGCAAGGAAATAAC,0
GCGGCAGACGATACTA,0
GCGGCCAACTGTAACA,0
GCGGCCATGCGCGAAC,0
GCGGCCCGTAAAATCC,0
GCGGCCGCGATGGAAA,0
GCGGCGCGACAAAAGA,0
GCGGGAAAATCATAAA,0
GCGGGACCGATAAAGA,0
GCGGGATTCCAACAAT,0
GCGGGCAGTCCAGCTG,0
GCGGGCCTAACTCCAT,0
GCGGGGCCGAGACCCT,0
GCGGGGTTGCATTGAA,0
GCGGTAAACAAGTCGA,0
GCGGTAACTAAAATAG,0
GCGGTAATTTGAGAAC,0
GCGGTCCGCCCTAGTA,0
GCGGTGCTAAACCTCA,0
GCGGTTACATTCACAA,0
GCGGTTTCGAAACATC,0
GCGTAACACTACGCCA,0
GCGTAATTCACCTAAC,0
GCGTAGAAACTAAAAT,0
GCGTATGAGGATTACT,0
GCGTCAAAACGAGATG,0
GCGTCAAAGTGGATCA,0
GCGTCAGACCAAGAAG,0
GCGTCAGCCTCCGAAT,0
GCGTCCAGACAGATGT,0
GCGTCCTAAAGATGTA,0
GCGTCGGCTTATAGCA,0
GCGTCTCGTATCGCTA,0
GCGTCTTGAATCAATA,0
GCGTGACCACATAGTT,0
GCGTGGAAAACGTACT,0
GCGTGGCTGAATTAAC,0
GCGTGTAATACCTAAG,0
GCGTGTAATTTTCATA,0
GCGTGTCTGAAATCGA,0
GCGTTAAACTAAGTCG,0
GCGTTAACGCACCTTT,0
GCGTTACTGCTAAAAC,0
GCGTTATACTATCCTC,0
GCGTTCAAAAGAACCT,0
GCGTTGGAGCCACCGG,0
GCGTTGGGAAGATATA,0
GCGTTGTATTTCTTCA,0
GCGTTTAAACGCTTCC,0
GCGTTTAGTCACAAGA,0
GCGTTTCGGTTCTTAG,0
GCTAAAACACGTGCGT,0
GCTAAAACATCATGCT,0
GCTAAACGCTTGCACG,0
GCTAAACGTATGCTAC,0
GCTAAACTGATATGAC,0
GCTAAAGAAAATCTAC,0
GCTAAAGCAATACGAT,0
GCTAACAGCCAGCTTC,0
GCTAACATTCTCATAT,0
GCTAACCAATTCTTAA,0
GCTAACCACCCACATT,0
GCTAACGAACTGTCAT,0
GCTAACGTTAAGACAG,0
GCTAACTAATGAATTA,0
GCTAAGAGACCTCTCC,0
GCTAAGATTGGATGCA,0
GCTAAGCATACTCTTG,0
GCTAAGCCTAAGTACA,0
GCTAAGCTCAATAGAA,0
GCTAAGTGACATCCTT,0
GCTAAGTTAACTATTG,0
GCTAATAACACGAGGA,0
GCTAATAATTAGGTTA,0
GCTAATACCATCCAGA,0
GCTAATATAAAAACAT,0
GCTAATCCGCTCTCCA,0
GCTAATGCACAACAAT,0
GCTAATTATGACCCTA,0
GCTACAAAAAATGCCA,0
GCTACAACAAGATAAG,0
GCTACAACCCCTGTGC,0
GCTACACAAGTAATAT,0
GCTACACGATCGTCTA,0
GCTACACGCGACTTTC,0
GCTACATAACCAAAAC,0
GCTACATGCGAATTTA,0
GCTACATGTGTAGTGA,0
GCTACCACATTAACCA,0
GCTACGAGTACCGGCT,0
GCTACGATGTTAGACC,0
GCTACTAAGCTGCGTA,0
GCTACTCGACATGTGA,0
GCTACTGAGCTAAAAG,0
GCTACTTGACATTTCT,0
GCTACTTGAGTTGTAA,0
GCTAGAATACAAATGA,0
GCTAGAATACGAATCA,0
GCTAGAATCAAAAGCG,0
GCTAGACATTAATATG,0
GCTAGACATTGACAAG,0
GCTAGACCTACCTAAC,0
GCTAGACTAGAAGCTG,0
GCTAGCAATGCTGGTA,0
GCTAGCATCTAGCGAT,0
GCTAGCGAGCCCTTAT,0
GCTAGCTTAACCACGA,0
GCTAGGCGGTGTCGAA,0
GCTAGGGTTGCATGAA,0
GCTAGTAAAACCTATT,0
GCTAGTTAAAATCAGA,0
GCTAGTTGGGGTAAGA,0
GCTATAAAAAAAAGAT,0
GCTATAAATTGTAATA,0
GCTATAACAAAAGCCT,0
GCTATAATGTAAGGTC,0
GCTATACGGATGTATT,0
GCTATAGTGGTGCTTC,0
GCTATATTATGTTGAA,0
GCTATCAAAACAATAT,0
GCTATCAATTTCTAAT,0
GCTATCAGGCATTAAC,0
GCTATCATTACCAATT,0
GCTATCTCCGGACCCA,0
GCTATGATACTTTTCA,0
GCTATGCCATATCAAC,0
GCTATGCTCGTGCACA,0
GCTATGGCCATCAACT,0
GCTATTCCTTTGACCT,0
GCTATTGAAATTTTGG,0
GCTATTGGACCCCCTA,0
GCTATTGGACGGTGCT,0
GCTATTTCCCAGTCCC,0
GCTCAAAAAAGCACAT,0
GCTCAAAGGACTTTTT,0
GCTCAACAGGCTCTGT,0
GCTCAACCTAAATACA,0
GCTCAAGCGATTTTCC,0
GCTCAAGTATCCAGTG,0
GCTCAATAACGCACCG,0
GCTCAATGTAACGCAA,0
GCTCACGTAAATGCAA,0
GCTCAGACGCAAATTA,0
GCTCAGCAGTAATAAA,0
GCTCAGTCCATACATC,0
GCTCATACCGAGAGTA,0
GCTCATGCTATTTGGA,0
GCTCATTGGTGAACGG,0
GCTCCAACGTTCATAC,0
GCTCCACCCCACCGTA,0
GCTCCAGACCATCCGT,0
GCTCCATACCATCTCC,0
GCTCCATCGCTACAAT,0
GCTCCCCACACTAACG,0
GCTCCCCTTTGCTTAT,0
GCTCCCGGACATCACA,0
GCTCCGCAGTACATAT,0
GCTCCTCAGCAAGATC,0
GCTCGAAGTGTTCAAT,0
GCTCGAGCAAATGCAA,0
GCTCGAGTAAGACTAA,0
GCTCGCTTTCAAACGG,0
GCTCGTACAACAGAAA,0
GCTCGTCTTTACGTCA,0
GCTCGTTCGAGTGTAA,0
GCTCTAACTCCCTTAT,0
GCTCTAATAAAACGAT,0
GCTCTACAACAAACCC,0
GCTCTAGTTTGGAGGT,0
GCTCTATACCCCTTGA,0
GCTCTCATATCTAAGC,0
GCTCTCCCGCCCCACT,0
GCTCTCCGGCTGACAG,0
GCTCTCGAGGTAACGA,0
GCTCTCTCCGTTTATG,0
GCTCTGACATGCTAGG,0
GCTCTGCCAATAGTCC,0
GCTCTTGAAATCCTGA,0
GCTCTTGTAATCAACT,0
GCTGAAAACGCGGCGA,0
GCTGAAATGAACTAAA,0
GCTGAATACTGAAACA,0
GCTGAATCCTCATCAA,0
GCTGACAGGAGACGAG,0
GCTGACCACCCTGATC,0
GCTGACCAGACATAGC,0
GCTGACCGCGCAGACT,0
GCTGACCTAGCGCTAC,0
GCTGACGAATATGAAT,0
GCTGACGTGATAGCCC,0
GCTGACTACAATTAAA,0
GCTGAGCGGTAAATTC,0
GCTGAGGCCATGAAAA,0
GCTGAGTATAAAGAGG,0
GCTGATTTGAAAGCAG,0
GCTGCATCCTAGCACC,0
GCTGCATGACAAAAAT,0
GCTGCCCTTGCGCGAC,0
GCTGCGCTTCCATCCC,0
GCTGCTATATAAATGC,0
GCTGGAATTTCTTGGA,0
GCTGGACCACGAAACT,0
GCTGGACGTACATTGA,0
GCTGGGAGTCACAAAT,0
GCTGGGATTACCCGAG,0
GCTGGGCTCGCCCTAA,0
GCTGGTTCGAGCTCGT,0
GCTGTATACATATATA,0
GCTGTATGCCCATAAG,0
GCTGTATGTTGAAGAA,0
GCTGTCAAAAACTTAT,0
GCTGTCAGCTTCTGTA,0
GCTGTCATCCAGTCTG,0
GCTGTGCAGTAATTCA,0
GCTGTTATTAAGCCTT,0
GCTTAAACCTATCACA,0
GCTTAACACCTAAACA,0
GCTTAACGTGAGTTAA,0
GCTTAACGTTAACACG,0
GCTTAAGTCAGTACCT,0
GCTTAATAAGCAAATT,0
GCTTAATACAAATATC,0
GCTTAATATTAAATGT,0
GCTTACGACTGAATCG,0
GCTTACTACACCAACT,0
GCTTACTCAAAGCTTC,0
GCTTACTGTTCTAAAT,0
GCTTACTTGAACCGAA,0
GCTTAGTAAGGTTCAA,0
GCTTATAACGACACCC,0
GCTTATATCCGACGAT,0
GCTTATGGTGTGAATT,0
GCTTATTGCACTATAT,0
GCTTCCCAACAGTTGA,0
GCTTCCCGTTGAAACA,0
GCTTCGATGCATTAAC,0
GCTTCTAACATATCAC,0
GCTTCTAAGTTAAGGT,0
GCTTCTCAAAAAGCAT,0
GCTTCTCACTCAAGTG,0
GCTTCTCTCGGAATAG,0
GCTTGAAGATAGAAAA,0
GCTTGAGGACATTCCC,0
GCTTGCATACTAAAAA,0
GCTTGCGATTATTGAA,0
GCTTGCGCTAATCATG,0
GCTTGCGCTTAAATGA,0
GCTTGCTATTGACGGC,0
GCTTGGATGGTTCTAT,0
GCTTGGTCATTAATAA,0
GCTTGGTCTTAACCTG,0
GCTTGTTAAATCACTC,0
GCTTGTTATGAACGCG,0
GCTTTAATATCAATGT,0
GCTTTATACATACCTT,0
GCTTTCAATAGTCTCA,0
GCTTTCCAAGCCTTCC,0
GCTTTCCTTCATTCGA,0
GCTTTCGGTTAAAAAG,0
GCTTTGGTAGCCGGCA,0
GCTTTGTATAAGAATT,0
GCTTTTTAAAACAGGG,0
GCTTTTTTATTGTTAA,0
GGAAAAAAACCGATTA,0
GGAAAAAAGAGTAATA,0
GGAAAAAGGTCACTTG,0
GGAAAAATACAAACAA,0
GGAAAAATCACAATCC,0
GGAAAAATGTAATATA,0
GGAAAAATTAAAAATA,0
GGAAAACTCCATGGAC,0
GGAAAAGATGTTAGGC,0
GGAAAATCCTAAAACG,0
GGAAAATTACTAGAAG,0
GGAAAATTCATGAGGT,0
GGAAACAAGCTGCGCG,0
GGAAACAGTAACAAAG,0
GGAAACCAAACAGTTA,0
GGAAACCTAATGAACC,0
GGAAACGATACGATGA,0
GGAAACGATGGATTGG,0
GGAAACGGAGTATGGA,0
GGAAACGTACACCTGT,0
GGAAAGGATAGTTAGA,0
GGAAAGGTTAGACCTA,0
GGAAAGTTTGCGATAT,0
GGAAATAACACGAAAG,0
GGAAATAATTGACATC,0
GGAAATAGTAAAAGAA,0
GGAAATATATAGAAGA,0
GGAAATATATCTACAA,0
GGAAATGAGCTATTCA,0
GGAAATTAATTTTATA,0
GGAAATTACGAGAGAA,0
GGAAATTCTAATTTTA,0
GGAACAATAAAGCCTT,0
GGAACACAAGTCTTCG,0
GGAACACATCTCGGTC,0
GGAACAGAAAGTGTAG,0
GGAACATCGATTCCTA,0
GGAACATGGTCCAGAA,0
GGAACATTTTTAGCAC,0
GGAACCATTGACATCA,0
GGAACCCGCTTATCTA,0
GGAACCTAGTCCGGGA,0
GGAACCTTAGCACCTA,0
GGAACCTTCAGTCTAA,0
GGAACGCTATACTGCC,0
GGAACGCTCATCTACG,0
GGAACGGATTTACGTT,0
GGAACTAAACGAAATC,0
GGAACTGACATATACA,0
GGAACTGATAAAGCTT,0
GGAACTGGACAGATAA,0
GGAACTGGATTTACCA,0
GGAACTGTCAAGCAAA,0
GGAACTTAAGTAAAAT,0
GGAACTTAGTATAAAC,0
GGAACTTCAACAATAT,0
GGAAGAAAAAAACGCA,0
GGAAGACAACTCGCAC,0
GGAAGACCACAAACAT,0
GGAAGACGTGAACTCG,0
GGAAGATCCCTTCGCA,0
GGAAGCATGCAAACAA,0
GGAAGCCTGCAGACAG,0
GGAAGCTCCAGAAAGG,0
GGAAGGATACGAGGCA,0
GGAAGGGTCTGTTAAA,0
GGAAGGTTTTGAAACA,0
GGAAGTAACAGATAAC,0
GGAAGTACACCCAAAG,0
GGAAGTCACTCGATGC,0
GGAAGTCCTGAATAAC,0
GGAAGTGGAAAATCAA,0
GGAAGTTGCCATTGTA,0
GGAATAAAGAAAGTTC,0
GGAATAACATTCGGGC,0
GGAATAACGAGTTCTC,0
GGAATAATCTAAAATA,0
GGAATACAAAGAGAGT,0
GGAATACAAAGCTGAA,0
GGAATACCAAGGACTA,0
GGAATACTAGTTAGAA,0
GGAATATGATACCAGA,0
GGAATATTGCCAGATT,0
GGAATCAATAGCAGGG,0
GGAATCACCAGGGTAA,0
GGAATCCGGAGATGAT,0
GGAATCGCCACAACTC,0
GGAATGAGCTACCAGC,0
GGAATGAGGTTCGTAG,0
GGAATGCAAGAAAATA,0
GGAATTACTGTTTTGT,0
GGAATTAGGATATAGA,0
GGAATTGACGATACTT,0
GGAATTGCTAAAGGAG,0
GGAATTTAATTATAGT,0
GGAATTTAGGAGGACA,0
GGAATTTTAAATTTTA,0
GGACAAATAATAGTTT,0
GGACAAATGAAAAGTA,0
GGACAAATTTTCACCC,0
GGACAACTAAAGCGTA,0
GGACAACTTATAGGTG,0
GGACAATACCTCCGGA,0
GGACAATCGATTCGCT,0
GGACAATCTATATTTG,0
GGACAATGCGGAAAGC,0
GGACACAATATGACTT,0
GGACACACGAACAGAC,0
GGACACAGACTTTGAC,0
GGACACTTCCCACATG,0
GGACAGAATGAAACGT,0
GGACAGCCACCGACCA,0
GGACAGCCGAATGAAG,0
GGACAGGCTAAAGACC,0
GGACAGTAAAAATCAT,0
GGACATAAACACCCGG,0
GGACATAACCTCCCGG,0
GGACATAATGAGTGCA,0
GGACATATAAAAATGA,0
GGACATATATGGTAGA,0
GGACATCATATCTAGC,0
GGACATCCACAGCCGA,0
GGACATCCATTATCAA,0
GGACCAAGAGCCAAAA,0
GGACCATGCCATGATA,0
GGACCCACCGGCCAGT,0
GGACCCCAATACAAGC,0
GGACCCCTTTAGATTG,0
GGACCGATATAACCCG,0
GGACCGCTAAGGGTCT,0
GGACCTACTAGAGCAC,0
GGACGAAAACAAATCA,0
GGACGAACAACCAAAA,0
GGACGAACTAGATACC,0
GGACGAAGGGATTAGT,0
GGACGAGTAACACGAC,0
GGACGATACACCGCGT,0
GGACGCAATGAATAAG,0
GGACGCACATTCTTTT,0
GGACGCCATGTAAATT,0
GGACGCGTAATGGAAT,0
GGACGGAGCAAAAAAG,0
GGACGGATGAATAAGA,0
GGACGGGCATCACAAT,0
GGACGGGTGCCAATCC,0
GGACGTTGACCTAATC,0
GGACTAAAGACACACA,0
GGACTAAGCTAATGGG,0
GGACTAATTATCAATC,0
GGACTCACGACTGGAT,0
GGACTCCGTGTTAGCA,0
GGACTCCTTAGAAAGA,0
GGACTCTGGGCCGATT,0
GGACTCTTACCATTTT,0
GGACTCTTCAGCTACG,0
GGACTGGAGAACTGTA,0
GGACTTGAAAATCTCA,0
GGACTTGGATTAAGAA,0
GGACTTGTCTGGAGCG,0
GGACTTTGACATACAT,0
GGAGAAAGAGCGGCGT,0
GGAGAAATAGAGTGTG,0
GGAGAACTACAAACCG,0
GGAGAACTGAGCTAAC,0
GGAGAACTTTAGATTT,0
GGAGAAGATTCATCGA,0
GGAGAAGTCATAATAA,0
GGAGAATCCTAAAACG,0
GGAGAATTGGACCACA,0
GGAGACATTTGATAGG,0
GGAGACCGAGGCATGG,0
GGAGACTACTAGATAG,0
GGAGACTTCCTGACAC,0
GGAGAGAAACTCTAAA,0
GGAGAGAACCGCTAAT,0
GGAGATACCGAATAAC,0
GGAGATACTATTGACT,0
GGAGATGTAATACTCC,0
GGAGATTAAATTTATG,0
GGAGATTTTTGTTATT,0
GGAGCAAAACAGGACT,0
GGAGCAACCCACTGCC,0
GGAGCAACCTGAAACA,0
GGAGCACGATAAATTT,0
GGAGCATGCAGAGAAT,0
GGAGCCAAATGCATCA,0
GGAGCGAAAGATTGGT,0
GGAGCGAAGCACACAA,0
GGAGCGAATAAGTTAA,0
GGAGCGTCCACAGAGA,0
GGAGCTTACAGGACCC,0
GGAGCTTCACAGAATG,0
GGAGCTTTATGTCGCT,0
GGAGGAACGGAAACCA,0
GGAGGACGTATCAAGA,0
GGAGGACTACCTCCGA,0
GGAGGAGACTAGACAC,0
GGAGGCCGCAAGTTAA,0
GGAGGGGCGACTCTAA,0
GGAGGTAAAGCAAACG,0
GGAGGTACGACCTCCC,0
GGAGGTCAAAATGACC,0
GGAGTACACCTAAACA,0
GGAGTACCGCTCGAAA,0
GGAGTAGCACTTAAAA,0
GGAGTATCCAGGCACC,0
GGAGTCTAGATGCCTG,0
GGAGTGCATAACCCGG,0
GGAGTGCTAGGAAAGC,0
GGAGTGTAGCGCTATC,0
GGAGTTCAAATTAGGC,0
GGAGTTGCCAAAGCCC,0
GGATAAAAAAAACCAA,0
GGATAAAGTTCACTCT,0
GGATAACACTCCCTGA,0
GGATAATTAGGATGTG,0
GGATACATAATTGCAA,0
GGATACATCAAGAACA,0
GGATACCATTTCTACG,0
GGATACCCAAAGCATC,0
GGATACCGCTTCCTAT,0
GGATACCTGGTGTACT,0
GGATAGCGGAAATAAC,0
GGATAGTATGAACAAT,0
GGATATACAATTAATA,0
GGATATCCCTGCCTAC,0
GGATATGAATCAACCG,0
GGATATGAGCTATTGA,0
GGATATGAGTATACTT,0
GGATATGCATTGAGTA,0
GGATATTAAATTAATC,0
GGATCAAGCCCTGCAG,0
GGATCAAGCCCTTAAC,0
GGATCAATCAATTACT,0
GGATCACAACATATAG,0
GGATCAGACTATGCTA,0
GGATCAGAGAAAAGGA,0
GGATCAGAGATAATCT,0
GGATCCAACGATTCTA,0
GGATCCATAGATAACG,0
GGATCCCACAATGGAT,0
GGATCCCTTCACAATA,0
GGATCCGCCTTATTGA,0
GGATCCTACGTCAAGA,0
GGATCGAAATAGTGAG,0
GGATCGAGTTACCATG,0
GGATCGATAAATACAA,0
GGATCGTATCATAAAA,0
GGATCTAACTAATGCG,0
GGATCTCTTATCCTTA,0
GGATCTTATAGGCTAC,0
GGATGAACACCTAAAT,0
GGATGAAGAAAGTCCC,0
GGATGACGAGTACTCA,0
GGATGACGGTCAACCG,0
GGATGATAGAACGTAA,0
GGATGATAGGCAGGGG,0
GGATGCTGATCATCCC,0
GGATGCTTGAACCAAT,0
GGATGGCAAATCCCGC,0
GGATGGCATTTTAGGC,0
GGATGGGTTCTCAAAT,0
GGATGTAATACGCGAG,0
GGATGTCAAGTAAATG,0
GGATGTCCTGGGTCAA,0
GGATGTTAATGTACAA,0
GGATGTTCAGTCGATT,0
GGATGTTTAGTTTAAA,0
GGATTAATAGCGACTA,0
GGATTAATTTCAAGAA,0
GGATTACATTAAAAAA,0
GGATTAGACATAAACC,0
GGATTAGCGCAGAACC,0
GGATTCATTCACATCA,0
GGATTCGAAGATGAAC,0
GGATTCTATCTTTCCT,0
GGATTGATATTAAAGA,0
GGATTGCCCACCAGGG,0
GGATTGCTATGTCTAT,0
GGATTGGGCACGCATA,0
GGATTGTAAAATTGTA,0
GGATTTAATACACTAT,0
GGATTTTTAAAAAGAC,0
GGATTTTTTACTAGCT,0
GGCAAAAAGTCAATTT,0
GGCAAAACTATGCTCG,0
GGCAAAAGTGTATAGA,0
GGCAAAAGTTAATGGA,0
GGCAAAATGAGACCTG,0
GGCAAAATTTGTTGAA,0
GGCAAAGAAGTATAAT,0
GGCAAAGACCACAAGT,0
GGCAAATAATCTCGAC,0
GGCAAATCGGATTAGT,0
GGCAACCAAAAAGCGA,0
GGCAACTGACATGCAC,0
GGCAAGATTGAGTTAA,0
GGCAAGTAAACTGACG,0
GGCAAGTAAATTTGAA,0
GGCAATAGGATCAACA,0
GGCAATATTATCGTTT,0
GGCAATGCAATATAAA,0
GGCAATTAGTTCTCTA,0
GGCACAAATCTACCAT,0
GGCACAATGCTAGCGA,0
GGCACATGGGTTCCTC,0
GGCACCAACCCGGTTC,0
GGCACCACGCTCTTTC,0
GGCACCAGAGAGTCCT,0
GGCACCCAGTTCTAAG,0
GGCACCCCATATTATG,0
GGCACCCCTCTCCGTC,0
GGCACGCAGGGCAGAT,0
GGCACGCCGATTAGAC,0
GGCACGTACGATATAA,0
GGCACTAAATAGAACA,0
GGCACTCCATTTCACC,0
GGCACTGGAAAGCTTA,0
GGCAGAAACGATCAGA,0
GGCAGACACGGTCATA,0
GGCAGACCTCGTAATA,0
GGCAGATCTACAAACA,0
GGCAGATGCCTTGAAG,0
GGCAGATTTTAGATAT,0
GGCAGCCCCCAGTGAA,0
GGCAGCGAATCTATAT,0
GGCAGCTATACACCTC,0
GGCAGGTACCGAAAGA,0
GGCAGTAATTCGTCCA,0
GGCAGTAATTCTTACT,0
GGCAGTACTAACCACC,0
GGCAGTCTGTAATGCG,0
GGCAGTTACACGTCAA,0
GGCATACATGATGGGG,0
GGCATAGGTACAAATA,0
GGCATAGTCATTCAAA,0
GGCATATTGCTGATAG,0
GGCATCAATATAGTCA,0
GGCATCTCCCTGATTA,0
GGCATGCCCGAACATG,0
GGCATGTATGACAAAA,0
GGCATGTGACGCCCCT,0
GGCATGTGATCTCGAA,0
GGCATTATTTATCACC,0
GGCATTGTCTGAAAGA,0
GGCCAAAGGAAACTCG,0
GGCCAACTTGTTTAAC,0
GGCCAAGACTATACAT,0
GGCCAAGCTCGAACAA,0
GGCCACGCAAGACTGG,0
GGCCACTAGCGCCTGA,0
GGCCAGAAACTAAAAA,0
GGCCAGTATAATCAAA,0
GGCCATAAAAAAATCT,0
GGCCATAGTAGAGATG,0
GGCCATTTACCTTACT,0
GGCCCAAATCGACAAT,0
GGCCCAATAGTTAAAA,0
GGCCCACCGTCCTAAA,0
GGCCCACCTGCCACAC,0
GGCCCAGCAACGCGGC,0
GGCCCAGTTTTAGCCT,0
GGCCCCCACAGAAAGT,0
GGCCCGAGGGGCTCAC,0
GGCCCTGGGACATATT,0
GGCCGATGCAACAATG,0
GGCCGATGTGATAAAC,0
GGCCGGTGACCGAACG,0
GGCCGTATTAAACGCA,0
GGCCGTCCTTGAAGCA,0
GGCCTACCTAGGGCAG,0
GGCCTCCGAATTTTAG,0
GGCCTCTACTTACTAC,0
GGCCTGTACAAACCGA,0
GGCCTTAATAGTGAAC,0
GGCGAAACAAGAACAA,0
GGCGAAACACCATACA,0
GGCGACGTATAAATGT,0
GGCGACTAGGTAGTAC,0
GGCGACTCTTTCCCGC,0
GGCGAGAAACAATTAG,0
GGCGAGAATGTCACAT,0
GGCGAGAGCTGCAAGC,0
GGCGAGTGCTCCCCAT,0
GGCGATTACCCCCCAG,0
GGCGCAATAAACGGTA,0
GGCGCACCAGTCGAGA,0
GGCGCATTCTAATGTA,0
GGCGCCGAGGAACTTA,0
GGCGCCTCTTTATCCG,0
GGCGCTCCTCTTAAAA,0
GGCGCTGCAGATAATC,0
GGCGCTTCACTTGAAT,0
GGCGGAAGATCCGAAA,0
GGCGGCAATAACATTC,0
GGCGGTATGGGAGTCT,0
GGCGGTGGGCGGTGCT,0
GGCGGTTTTATAGGTT,0
GGCGTAAGATAAAACG,0
GGCGTACTGGATATGA,0
GGCGTGCCTTAACAGA,0
GGCGTGTCCATACGTG,0
GGCGTTAAGCCCGCAG,0
GGCGTTCAACGAGAAT,0
GGCGTTCAACTGACAT,0
GGCGTTCCGACCATGC,0
GGCGTTTCTTTAAAAA,0
GGCTAAACACCGTCCA,0
GGCTAAAGCAATCTTA,0
GGCTAACCAAATAAAA,0
GGCTAACTACCCCTGG,0
GGCTAAGAAAATAGAC,0
GGCTAATCAGAAATAG,0
GGCTAATGGTAGAGAC,0
GGCTACCACTGTAACC,0
GGCTACCATTAAAGAA,0
GGCTACCCATTCATAA,0
GGCTACGCAGTTAAAA,0
GGCTACGGCATCAAAC,0
GGCTACGGTATCAACG,0
GGCTACGTAAGGCTAC,0
GGCTACTACCAGACAA,0
GGCTACTTTAAATTAA,0
GGCTAGAAGGCTTGTC,0
GGCTAGCCTGTACACT,0
GGCTATGACACTAAGG,0
GGCTCAAAAAATTGAA,0
GGCTCCCACCGAGCCG,0
GGCTCCGACGTTCTAT,0
GGCTCGCACAGACTAT,0
GGCTCGGTCTTCCTAT,0
GGCTCTTCATTAAATC,0
GGCTGACCGAACTACT,0
GGCTGACTGAATCAAC,0
GGCTGATCATACGACG,0
GGCTGCCGAATGGTGG,0
GGCTGTAAATTGACTC,0
GGCTGTAACCAGTGAC,0
GGCTGTTTGATTTAAA,0
GGCTTAAAGAGGGATT,0
GGCTTAGAGACGGTAG,0
GGCTTAGCTAGCCAAG,0
GGCTTATACAAATAAT,0
GGCTTATGATAATCCA,0
GGCTTCAACACCTAAT,0
GGCTTCTAGTACACCC,0
GGCTTGACCCGTCGGA,0
GGCTTGGCCGCTCCTT,0
GGCTTTAACGAATGAC,0
GGCTTTACCAGTCCCC,0
GGCTTTCTGTGAAGAC,0
GGCTTTTGCAACATTT,0
GGGAAACTACGGCAAG,0
GGGAAATGGACGCTCA,0
GGGAACAACTAGAATT,0
GGGAACGGATTAGCCA,0
GGGAAGACAGCTAAAA,0
GGGAAGACCTCGTGAG,0
GGGAAGATTGCTCTTA,0
GGGAAGCAACCCCGTT,0
GGGAATACTCCAAGTA,0
GGGAATAGATCGAATG,0
GGGAATCAACGCTAAC,0
GGGAATGTAATCACTA,0
GGGAATTAGGTAATAT,0
GGGAATTTTTACTTCG,0
GGGACACACCACAAGT,0
GGGACACCACGTATCA,0
GGGACACCTCGAGACA,0
GGGACAGCAGTACACA,0
GGGACAGCGTAAATAC,0
GGGACAGTAACCAAGT,0
GGGACATTGTAAAGGT,0
GGGACCGAAACTTTAA,0
GGGACCGAATGTACAA,0
GGGACCTACTGTACCT,0
GGGACGCCAACGGCAG,0
GGGACTAGATTATTTC,0
GGGACTATAAATCTCA,0
GGGACTGCAGAAGAAA,0
GGGAGACTTGAATAGC,0
GGGAGAGAGGGACTTT,0
GGGAGAGCGTAAAAAC,0
GGGAGGCCCAGGTGAT,0
GGGAGGCTTAACTACG,0
GGGATAACCGATATCT,0
GGGATACATTAAAATG,0
GGGATATAATGCGGAC,0
GGGATGAGATCAATTC,0
GGGATGATGCAGACCA,0
GGGATTAAATTTTACA,0
GGGCAAATCGCACTCC,0
GGGCAAATGCCTCCGA,0
GGGCAACCATTGCATT,0
GGGCAATCTTACCACT,0
GGGCAATGGGGACCTC,0
GGGCACAATACCAAGA,0
GGGCACTTAACGAATA,0
GGGCAGGGGAAGTGTC,0
GGGCAGTACGCTAAAG,0
GGGCATAAACGCGGAA,0
GGGCATTCTAACTGAG,0
GGGCCAAACCTAACCA,0
GGGCCAGTACGATACA,0
GGGCCAGTATTTGCAA,0
GGGCCAGTGACGGGCG,0
GGGCCATCTAAGATAA,0
GGGCCCCGAGCTGGAC,0
GGGCCGAACGAAGAAC,0
GGGCCGTGGGACGTAT,0
GGGCCTCAAAACCCAG,0
GGGCCTCTGCTAAAAG,0
GGGCGACTGATTGGTA,0
GGGCGATTACAAAATC,0
GGGCGCAGAATGATGT,0
GGGCGCGACACAGACG,0
GGGCGCTAGTCCGCGA,0
GGGCGGGCGGACAAGG,0
GGGCGGTATTTGAAAT,0
GGGCGTCTTCTCGGCA,0
GGGCGTGCAACAATAC,0
GGGCGTTCAATTACGC,0
GGGCGTTGCTGCAAGC,0
GGGCTACCTTATGTGG,0
GGGCTAGACTGGACAT,0
GGGCTATCTACTAGGA,0
GGGCTCCTCTGTTAAG,0
GGGCTCTAGAAAGCCG,0
GGGCTTACCCCTCCAA,0
GGGGAGGTCCTACCCC,0
GGGGCAGGCACGTCGC,0
GGGGCCAGTAGGGCAA,0
GGGGCCGATATCCTAA,0
GGGGCTTTATTTGGAA,0
GGGGGAAGGCACTGCT,0
GGGGGACTATCGATTA,0
GGGGGCTCTACCACTT,0
GGGGGTCTCTTGATCA,0
GGGGGTGAGCAGTATC,0
GGGGTAACGTTCAGCC,0
GGGGTATTCCTGGGGA,0
GGGGTCTCGAGTTGAT,0
GGGGTGACACCTAGTA,0
GGGGTGATCTTTCACC,0
GGGGTGGCATCTATCA,0
GGGGTTACCTCCGGAA,0
GGGGTTCTTAGAAGAT,0
GGGGTTTCATTAAACC,0
GGGTAAATTACGAATG,0
GGGTAACAATTGGAAT,0
GGGTAACCTATTATGC,0
GGGTAAGCCTGAAGCG,0
GGGTAATTGATTGAAT,0
GGGTACCCGAAGTCAC,0
GGGTAGATCAATAATA,0
GGGTAGATTAAGAACA,0
GGGTAGGATGCAAACA,0
GGGTATAAAAGCTAAG,0
GGGTATACAAAGTAGA,0
GGGTATACAATTAAAC,0
GGGTATATTAATGAAA,0
GGGTATTAATTACAAT,0
GGGTCAACTGATCGAC,0
GGGTCAATATACACAA,0
GGGTCATAGGTACAAA,0
GGGTCCGCTACAACAA,0
GGGTCCGTTAAGCAAC,0
GGGTCCTAATAACAAG,0
GGGTCCTCTCTTATGC,0
GGGTCGATTCACCCAA,0
GGGTCTGAATAAGTGA,0
GGGTCTTCAGAACTTT,0
GGGTGCAGAAGCCCTT,0
GGGTGGCTGGCGCCAA,0
GGGTTAAACCCGAACT,0
GGGTTACCCTAATCAA,0
GGGTTATAAGATAGAA,0
GGGTTCTATAAATTAT,0
GGGTTCTTTCGTTTGC,0
GGGTTGAGTCCCAATG,0
GGGTTGATGGAAGCTT,0
GGTAAACCAGCCAGAG,0
GGTAAACGGCTTACAC,0
GGTAAACTACCAGGGA,0
GGTAAAGGATCATCAC,0
GGTAAAGGGTAAACAG,0
GGTAAATAGAAGCATA,0
GGTAAATGTACTTCAG,0
GGTAAATTAAAATTTC,0
GGTAACAACAGGAACT,0
GGTAACAATTTAAATC,0
GGTAACACACCACTCA,0
GGTAACCGCAAAGTTG,0
GGTAACGACTACGAAA,0
GGTAACGCTAACTATC,0
GGTAACTAATAAGCCT,0
GGTAACTTATATAATT,0
GGTAAGGCCACCAATT,0
GGTAAGTATTAACCAA,0
GGTAATATAGAATCTT,0
GGTAATGAACTACACG,0
GGTACAACATGTCGTT,0
GGTACAACATTTTCGG,0
GGTACAAGAAGCGATA,0
GGTACAATTAGCTAGG,0
GGTACCGTCGAGTTCT,0
GGTACCGTGAATGGAC,0
GGTACTCAATTATACA,0
GGTACTCACTGTAGGC,0
GGTACTTTAGTTTATA,0
GGTAGAAAAAAAATAT,0
GGTAGAGTAAATGTAA,0
GGTAGATCATATAAAG,0
GGTAGCTGGCTTCCCT,0
GGTAGGAAATCGGGCT,0
GGTAGGACACGCCTAC,0
GGTAGGATACAAAGGA,0
GGTAGGTTTAATCCAC,0
GGTAGTATAGCTAAAA,0
GGTAGTATTGAATTAT,0
GGTAGTCAGACCAACT,0
GGTAGTCCAAAAATGT,0
GGTAGTTCGAAATTAC,0
GGTAGTTTACTCTAGT,0
GGTATAAATGCTAGGA,0
GGTATAAGACAGAAAA,0
GGTATGAAATATATAT,0
GGTATGCTAATAAACC,0
GGTATGGAATCTAGGA,0
GGTATGGTTAACAAAA,0
GGTATGTCATTTAAGT,0
GGTATTAACAATGTCA,0
GGTATTACAACAATCG,0
GGTATTTAGAGACAAC,0
GGTATTTTAAAGATGA,0
GGTATTTTATTAACGA,0
GGTCAAACTTAAATCG,0
GGTCAAATTCAACTAA,0
GGTCAACCATGGGAAA,0
GGTCAATACAGACCCA,0
GGTCAGCAACAAACAA,0
GGTCAGCAAGACCGGA,0
GGTCAGGGTTACCTTG,0
GGTCAGTTTTGCTCAA,0
GGTCCAATCGTAGGTT,0
GGTCCACCAATGCGCC,0
GGTCCATTTCTTCTCA,0
GGTCCGACCGCTCCGA,0
GGTCCTACCATATTTT,0
GGTCCTGCTGCCACGA,0
GGTCGAGGTATACATT,0
GGTCGAGTAACTGGCT,0
GGTCGCAATCAGGTGA,0
GGTCGCCGCGACCCAG,0
GGTCGTACAAGCACTG,0
GGTCGTATCATAATGA,0
GGTCGTCACCTGCTAC,0
GGTCGTCTCTTCACCC,0
GGTCTAGATGACATCA,0
GGTCTATGATAATCCA,0
GGTCTATGCCATTGAC,0
GGTCTTAATCAATAAT,0
GGTCTTCAAGTAATTC,0
GGTCTTCGGCCGCACG,0
GGTGAAACGGAGAGAC,0
GGTGAAGACGAAATAC,0
GGTGAATTATCGGAAG,0
GGTGAATTTTTTGAAT,0
GGTGAGAACTGCGAAT,0
GGTGAGAAGCCAAGAA,0
GGTGAGAATAACTATT,0
GGTGAGATGAAATATC,0
GGTGAGTAATACGCTT,0
GGTGATGTATCCAGTT,0
GGTGATTAATGTAAGC,0
GGTGCACAAGAGTCTA,0
GGTGCAGTTATAAAGA,0
GGTGCATAGTCCAATA,0
GGTGCCAAACGCATCT,0
GGTGCCGCTTTAAATA,0
GGTGCTATTGAATGTG,0
GGTGGACAAGTGACAA,0
GGTGGACCAGCCCACC,0
GGTGGAGACAAATTTC,0
GGTGGAGCCGGGTCCC,0
GGTGGATATAAATAGG,0
GGTGGGCAATACTCTC,0
GGTGGTAAAACTCCAA,0
GGTGGTATATATCGTA,0
GGTGGTATCCAAGCGC,0
GGTGGTGGTCTGACCG,0
GGTGGTGTTAACCAAC,0
GGTGTGACTATCACCA,0
GGTGTGCAGATTCACA,0
GGTGTGCTACTTATTC,0
GGTGTGTCAAAAGCTT,0
GGTGTGTGCGTATTCA,0
GGTGTTAAAAGAGGAC,0
GGTGTTTCGGTAAGGG,0
GGTTAAAAGATGAAAG,0
GGTTAAAGCGGTCCAT,0
GGTTAATTAGAATATA,0
GGTTACCCCTACTAAA,0
GGTTACTCATACACAC,0
GGTTAGAAATTCAAAA,0
GGTTAGCGAACTTGCC,0
GGTTATACTGTTAAAA,0
GGTTATGCATCCCCAA,0
GGTTCAGGTTTGAAGA,0
GGTTCAGTCCAGTAAA,0
GGTTCATACAGGAGCA,0
GGTTCCCAACTCAAAT,0
GGTTCGAAACTAATAA,0
GGTTCGCACACGATAA,0
GGTTCTAACTCGCGGG,0
GGTTCTCTAGAAACGA,0
GGTTGACAATTTAGCA,0
GGTTGACGTGATTATA,0
GGTTGACTGTAATTTA,0
GGTTGATAAATACACT,0
GGTTGATAAATGGGCC,0
GGTTGCATCCACCGCA,0
GGTTGGTCGTATTGTG,0
GGTTGTAAAGTTTTAT,0
GGTTGTAGACATCATA,0
GGTTTACGCTATTGGG,0
GGTTTCCAAGAATGTA,0
GGTTTCTAAGATTAAG,0
GGTTTCTTCCACTCAT,0
GGTTTGAACATATACC,0
GGTTTGCAATGGGACT,0
GGTTTTACCTGGAGAT,0
GGTTTTATGAGTACAT,0
GGTTTTATTAAATGCG,0
GGTTTTCCCATTGACA,0
GGTTTTGCTTTCTGAT,0
GGTTTTTCTAGCGTGA,0
GTAAAAAAAAGAAAGA,0
GTAAAAACCCAAGAAA,0
GTAAAAACTCACGAGA,0
GTAAAAAGTGTTCGTG,0
GTAAAAATAAGAAGAA,0
GTAAAAATATGTACCA,0
GTAAAAATCAGCCCTC,0
GTAAAAATGACTGCAT,0
GTAAAACAACTTGCTA,0
GTAAAACAAGTATTGT,0
GTAAAACATATCTACG,0
GTAAAACGAAGAACGG,0
GTAAAACTATTTATTG,0
GTAAAAGATATGGACG,0
GTAAAAGATGAGTCAG,0
GTAAAAGGAATCAAAC,0
GTAAAATACCCGCAAG,0
GTAAAATTACTCCCGA,0
GTAAAATTTACCATGA,0
GTAAACAAAAGTCATA,0
GTAAACAATGTTTTCA,0
GTAAACATAGGAGAAA,0
GTAAACCAATAAGATT,0
GTAAACCAATGGCATA,0
GTAAACCCGACCTTGT,0
GTAAACGCTTGTATAT,0
GTAAACTATAAAACAC,0
GTAAACTCCGCTCTGT,0
GTAAAGAAACGAATAC,0
GTAAAGAGACTGCGTA,0
GTAAAGAGTCTACGTT,0
GTAAAGCCAAGGGACC,0
GTAAAGGAAAGGCTGA,0
GTAAAGTGACATCATG,0
GTAAATAACCTTACCA,0
GTAAATAAGGTGCAAT,0
GTAAATAAGTTCAAAA,0
GTAAATAATCTTCAAC,0
GTAAATACTCAGTGCC,0
GTAAATCACCATGGAA,0
GTAAATCCCTAATACT,0
GTAAATGTTCCCTCGT,0
GTAAATTAAAGCGCAA,0
GTAAATTCAAACGACA,0
GTAAATTGAACGATCC,0
GTAAATTTGCATGTTC,0
GTAACAAAACACTAAT,0
GTAACAAATAAGTAGG,0
GTAACAAGCGAGATAA,0
GTAACACCCATTGACA,0
GTAACACGAGCCTATG,0
GTAACATACCACTTAT,0
GTAACATCTGGCAGAA,0
GTAACCAGTGCCCTAA,0
GTAACCCAACAAGAAC,0
GTAACCCACGAAAGGA,0
GTAACCCCATTTGATT,0
GTAACCCGCAGTATTG,0
GTAACCGACCGTAACA,0
GTAACCGGTTTTTCAT,0
GTAACCTATTGCAAGT,0
GTAACGAAAAGAAAAC,0
GTAACGGATTTACCTA,0
GTAACGTATGCTCTAT,0
GTAACTAAAATAAAGT,0
GTAACTAACAAAAAGG,0
GTAACTAGACTGTGAC,0
GTAACTGCAGGCACTG,0
GTAACTGCATAGTCTC,0
GTAACTGGGATCCTTC,0
GTAACTTCTCTATGTA,0
GTAACTTTGTGCCCAA,0
GTAAGAAACGTAGAGG,0
GTAAGAACTGATTGAT,0
GTAAGAATCGTATTTT,0
GTAAGAATCTCTGCTA,0
GTAAGACCTAAGCCCA,0
GTAAGAGAACTGTGAC,0
GTAAGAGCCTAGACGC,0
GTAAGAGGTTGATTAT,0
GTAAGATTAGCATGCA,0
GTAAGCAAACTTTATT,0
GTAAGCAGAAGTCAGG,0
GTAAGCTACATCGAAC,0
GTAAGCTGTGTCAAAG,0
GTAAGGAACCAATACT,0
GTAAGGTATTGAAAGA,0
GTAAGTAAAATATGAG,0
GTAAGTTACGAACCAG,0
GTAAGTTAGCCAAGCT,0
GTAATAAAATCAAAAT,0
GTAATAAAGAACACGA,0
GTAATAACAAACCCAT,0
GTAATAATAGTGTACA,0
GTAATACTGCTAAAAA,0
GTAATAGCAGGCTAAG,0
GTAATAGGTTTAAGCA,0
GTAATATACCCTCAAT,0
GTAATATAGGCCGGCT,0
GTAATATCCCAGGTCT,0
GTAATATCCTACCTAA,0
GTAATCAGCGATCAAT,0
GTAATCATATCAATAG,0
GTAATCATCAAAATCA,0
GTAATCATCGACCTAG,0
GTAATCCTGAAGAACA,0
GTAATCGATAAATGTG,0
GTAATGAACTCGTCTC,0
GTAATGAATAATAGAA,0
GTAATTACGAACTAAC,0
GTAATTACGTCTGATT,0
GTAATTATAAGACAAA,0
GTAATTCCAACCGGTT,0
GTAATTCGCTCCATGA,0
GTAATTGAAAAATAAA,0
GTAATTTAACCACCAA,0
GTAATTTACTATAGAA,0
GTAATTTTTCCCCAGA,0
GTACAAAAAAGGCTCG,0
GTACAACCCAGTAGCC,0
GTACAACCCCGCACAA,0
GTACAACGCCCGATTT,0
GTACAAGACCCCCGAG,0
GTACAAGCCAATTATG,0
GTACAAGGAAGGCCCT,0
GTACAAGGATCATAAG,0
GTACAATACCTTCCAA,0
GTACAATACGGGCGCA,0
GTACACACGACTAACT,0
GTACACGATACGTTCA,0
GTACAGACACAAATTA,0
GTACAGAGGTACCCTT,0
GTACAGATAACATTAT,0
GTACAGATGAAACATA,0
GTACAGCAATGAATAG,0
GTACAGGACTCTCCGG,0
GTACAGGGCAGGACCT,0
GTACAGGTGGACTAAT,0
GTACATAAAAACTCGA,0
GTACATATCTGACCAA,0
GTACATGAGAGGTTTC,0
GTACATGCAAAAACGC,0
GTACCAAAAACTTCAC,0
GTACCAATGTACTCGC,0
GTACCACAAAACATAT,0
GTACCACGTTATAGGT,0
GTACCACTAAACTGTG,0
GTACCAGATCATGAAA,0
GTACCAGATGGGTGTA,0
GTACCATAGAGTCCAT,0
GTACCATCAAAGTGCT,0
GTACCATGAAGAACTC,0
GTACCATTGACCTAAA,0
GTACCCAACAAATCAG,0
GTACCCATCGGACTGT,0
GTACCCCCCGAAGAAA,0
GTACCCCGATGATTAA,0
GTACCCCGTAAGCAGC,0
GTACCCGAACTGTCCA,0
GTACCCGCCTGAAAGA,0
GTACCCTACCTTGATC,0
GTACCCTGAAGCAAAT,0
GTACCCTGACGAGAGG,0
GTACCGAAAAGAGAAT,0
GTACCGCATAATATGC,0
GTACCGTATACATCAA,0
GTACCGTGACATTATA,0
GTACCGTTAGCTCTAT,0
GTACCTAAACAGAATT,0
GTACCTCGTTTTCGGG,0
GTACCTGTCACAAAGA,0
GTACCTTAGCTTCACG,0
GTACCTTTACGGTCTA,0
GTACGAACAGGACTTG,0
GTACGACAGGCCACAA,0
GTACGACTATCATGCA,0
GTACGATATCCTAAAC,0
GTACGCCACGAACGGT,0
GTACGCCTCCTAAAAC,0
GTACGCGCGACCAAAG,0
GTACGCTAATCGGTTT,0
GTACGGATAATTGACA,0
GTACGGGCTGATCATG,0
GTACGGTAAAGAAAGA,0
GTACGTAACTTAATAA,0
GTACGTAATTAGAGGA,0
GTACGTACTCATCTAA,0
GTACGTATACAGGTAC,0
GTACGTATCCAGGGCA,0
GTACGTCATTGTATAC,0
GTACGTTATAATGAAT,0
GTACGTTTCCTCAAAT,0
GTACTAAAAACTTCCT,0
GTACTAAACAGAGCTC,0
GTACTACACAGTTGCC,0
GTACTAGAGATTCCGA,0
GTACTAGCAAGCAAGG,0
GTACTATCCACTTTAT,0
GTACTATTCTAAACTG,0
GTACTCACTGTGCGGA,0
GTACTCTATGTCGAGT,0
GTACTCTTGCACATCG,0
GTACTGATGCTTTCCC,0
GTACTTAACGAAGAGC,0
GTACTTATTAATCGCC,0
GTACTTCAGTTCCTGA,0
GTACTTCTGCTATACG,0
GTAGAAAGGAGGAAAA,0
GTAGAACCTATGAGCA,0
GTAGAAGATCCCTGCC,0
GTAGAATAAAATATAA,0
GTAGACACATAAGGTG,0
GTAGACATCTTTGAGG,0
GTAGACCAACGAATCC,0
GTAGACCATACAATCC,0
GTAGACCCTGATATAG,0
GTAGACCTGAACGAGC,0
GTAGACCTTGTGACTA,0
GTAGACTTTCAAACTA,0
GTAGAGGATTAGAAGA,0
GTAGATAACTTTAGAA,0
GTAGATATACGCCGGG,0
GTAGCAACACCTATTT,0
GTAGCAATTGACTTTT,0
GTAGCACGGTGACAGC,0
GTAGCAGCAGTCACTT,0
GTAGCAGTACCTTAAA,0
GTAGCCAGCCAGAGAT,0
GTAGCCGGAAAGTACT,0
GTAGCCTACAAATTTG,0
GTAGCGAATGAAACAT,0
GTAGCGACAGGATCAT,0
GTAGCGAGAGTCGGGA,0
GTAGCGGTCTTGAGAC,0
GTAGCGTACCTCAGCC,0
GTAGCGTCCCCGTGTC,0
GTAGCTAAAACTCCAA,0
GTAGCTAATCATGCAT,0
GTAGCTCCGGATGATA,0
GTAGCTTAGTCAAGAA,0
GTAGGACGATCACATT,0
GTAGGACTGCCAACGA,0
GTAGGCATTTTTGCCT,0
GTAGGCGGAGCCAGCA,0
GTAGGCTCGCATGCTT,0
GTAGGTACTATGCGTG,0
GTAGGTCCAAAACGTG,0
GTAGGTGTCTACCTGT,0
GTAGTAAAAAAATTGT,0
GTAGTAAAATAAACAT,0
GTAGTAAAGGAGAAAT,0
GTAGTACTAAACATAA,0
GTAGTATAACCGTCTT,0
GTAGTGAATATATCCC,0
GTAGTGACAGCTACTA,0
GTAGTTATTACTTATT,0
GTAGTTTAATAAACTA,0
GTAGTTTTAGTGAATA,0
GTAGTTTTCCAACGTA,0
GTATAAAATTCAGATA,0
GTATAAACTAGATATA,0
GTATAAACTCACATCA,0
GTATAAAGACATAGAA,0
GTATAAAGGTGAACAA,0
GTATAAATATGAAGCC,0
GTATAAATGCAAAGCG,0
GTATAAATTGCATACG,0
GTATAACCTCTCTTAG,0
GTATAACGAATTAACG,0
GTATAACGATAGATAT,0
GTATAAGATACTTAAA,0
GTATAAGCTTAGTTAA,0
GTATAAGTCTGTCATT,0
GTATAAGTTAAATTTG,0
GTATAATCGTATATAT,0
GTATAATGAAAAACTA,0
GTATACAAAAGTCTCG,0
GTATACACCAGAGTCA,0
GTATACGTAACAGTAA,0
GTATACGTACAAAATA,0
GTATACTCGCGGAGGC,0
GTATAGCATATGCACA,0
GTATATAACATCATAC,0
GTATATACAGACAATG,0
GTATATACTTTAATCA,0
GTATATATAAACTGCC,0
GTATATATTTTCAAAA,0
GTATATCATTGCTTCT,0
GTATATTAGACAGAAA,0
GTATATTGCCAGGTGC,0
GTATCAAATTTATAAG,0
GTATCAACATATAACG,0
GTATCACGTACAGAAC,0
GTATCATAAAAGGGTT,0
GTATCATAATTTAGAA,0
GTATCATATGTTACTA,0
GTATCATGAAACACGC,0
GTATCCAGAGTCACGT,0
GTATCCGGCGATCAAA,0
GTATCCTCGTTGAACC,0
GTATCGAAACAAAGCA,0
GTATCGAAGTGACCAC,0
GTATCGCAATTTAGAG,0
GTATCGCGAGATGGAG,0
GTATCGTCACAACTAC,0
GTATCGTTGTAGTTTG,0
GTATCTACCGAGCGGC,0
GTATCTATCCCAGCGT,0
GTATCTCCAAAACATC,0
GTATCTGAAAGGCGAC,0
GTATCTGTCAAGTGTT,0
GTATGAAAATAGACAA,0
GTATGAAACACATCGT,0
GTATGAGTAACGCACG,0
GTATGAGTATCAGAGT,0
GTATGATAAATTTAAT,0
GTATGCCATCAGGGAA,0
GTATGCCCGTGCTATG,0
GTATGCTAAACAATAT,0
GTATGGGGTTTGTGAA,0
GTATGGTCAGAGAACG,0
GTATGTCCGATATAGG,0
GTATGTCTGATTTAAA,0
GTATGTTATGAAAACT,0
GTATTAAAAACAATTT,0
GTATTAAAACGAGTCA,0
GTATTAATCTACGTAA,0
GTATTAATTACGCAGG,0
GTATTACATACGCTTG,0
GTATTAGATTTTAAAC,0
GTATTAGGAAGCCAAT,0
GTATTATAAATTCACT,0
GTATTATATTCGCCCT,0
GTATTCCTAGCTATTA,0
GTATTCTACTCGAATT,0
GTATTCTCCATAATGA,0
GTATTGCTAGACGCGT,0
GTATTGTCAAGCGTTT,0
GTATTTATTCTAGGCC,0
GTATTTGTTCAACTTA,0
GTCAAAAAACACATTT,0
GTCAAAAAATTATACC,0
GTCAAAAATAATAAAT,0
GTCAAAACGATGATGC,0
GTCAAAACTTAATATG,0
GTCAAACAAACCGCTC,0
GTCAAATGAGCGCTCT,0
GTCAAATTTCCGTACT,0
GTCAACACAAGTCTTC,0
GTCAACCTAGAGCACA,0
GTCAACCTCCCAAACC,0
GTCAACGGCAACCCTT,0
GTCAACTATTGATAGC,0
GTCAAGGGATCCGTAA,0
GTCAATCACCTAATAC,0
GTCAATGATACATTAA,0
GTCAATGGCACAAGGG,0
GTCAATGTTGAAATGT,0
GTCACAAACTGAAAAA,0
GTCACAACAATAAAAT,0
GTCACAACAGGCAGAT,0
GTCACACACAAAGGGT,0
GTCACACTGAACCGCT,0
GTCACATAGGATCTTA,0
GTCACATCATAAGCAC,0
GTCACATTATATCACC,0
GTCACCGAAAACATCG,0
GTCACCGTGCCGTCCA,0
GTCACGGACTAAATAG,0
GTCACGTCAACGCGCA,0
GTCACTATCTGGTTCC,0
GTCACTCTACCTTAAC,0
GTCACTCTATAATATA,0
GTCACTGACGTTTTAG,0
GTCAGAAAAAATTGGG,0
GTCAGAACCGCAAAGA,0
GTCAGAAGAAAAATTA,0
GTCAGAGACCGTTTAA,0
GTCAGATATCCCTAAA,0
GTCAGCATCTCAAAAC,0
GTCAGCCCGATTGAAG,0
GTCAGTAATCAATCAC,0
GTCAGTAGATTTAAAG,0
GTCAGTCTATTGGCCA,0
GTCAGTCTGATCCAGA,0
GTCATAAATCTCATAC,0
GTCATACAGACGGAAG,0
GTCATAGCCTGACGCC,0
GTCATATGAGACACCG,0
GTCATCCAATTTAAGC,0
GTCATCCAGCGGTTCC,0
GTCATCCAGGCTTTTT,0
GTCATCCCTGTCACAT,0
GTCATCGCATCACCTA,0
GTCATGAGACTGACCA,0
GTCATGATCCATTGTA,0
GTCATTACTACTCTAC,0
GTCATTCAAAATTTTG,0
GTCATTCCCTAGCCTT,0
GTCATTGAACTAAAAA,0
GTCATTGTTTATCCTT,0
GTCCAAAAATCATGCC,0
GTCCAAATACCTACCT,0
GTCCAACCACGGTCCT,0
GTCCAATGGATCATTG,0
GTCCACGAGTCATATA,0
GTCCACTCTAAAAGAT,0
GTCCAGAATAACAATC,0
GTCCAGGGAGCTATGA,0
GTCCAGGTGTAGATTC,0
GTCCATAAAAGCTCTA,0
GTCCATACCTAGCTAA,0
GTCCATATCATACAAG,0
GTCCATCGCCAGACTA,0
GTCCCAAGGCTTAAGA,0
GTCCCACCAAAAGTAC,0
GTCCCACGACGTATCC,0
GTCCCATAGTGAGGTC,0
GTCCCCAGAATTCATG,0
GTCCCCCCCCCCACCG,0
GTCCCCTGGACGCTCC,0
GTCCCGGGGGCTCGAT,0
GTCCGAACGTAAAGCC,0
GTCCGACCTTGATTGT,0
GTCCGACTGCTTAAAC,0
GTCCGAGACGAATACA,0
GTCCGCCCACCGTAAG,0
GTCCGCTAACCAACAA,0
GTCCGGCGCGGGCTCC,0
GTCCGGCTGTTCGCCA,0
GTCCGTAAAGTCAAGC,0
GTCCGTAACTCATACG,0
GTCCGTAATACGAAGA,0
GTCCGTCGAAATGCAT,0
GTCCGTGAAAAGGAAG,0
GTCCGTGACCATTTGA,0
GTCCGTGACCCCTTGT,0
GTCCTAACCATATATG,0
GTCCTAACCATCATGT,0
GTCCTAATCGTAACAA,0
GTCCTCAAAAATTATC,0
GTCCTCACTACCTTAA,0
GTCCTCCACTAAAGAA,0
GTCCTCTCTATCATTC,0
GTCCTCTGTCATCGAA,0
GTCCTGACAAAAATCA,0
GTCCTGTTCGCGAATC,0
GTCCTTACAACGTTAA,0
GTCCTTTTGGACAATC,0
GTCGAACAGAATTGGG,0
GTCGAAGGAGTACAAC,0
GTCGAAGGTGACTAAA,0
GTCGAATAACCCGACC,0
GTCGAATATATTAAAA,0
GTCGAATCGTATTAGG,0
GTCGACCACTTATTTA,0
GTCGAGAAAATTAGAC,0
GTCGAGCGAGTAGATG,0
GTCGATACTGCGTTAA,0
GTCGATAGATTTTATC,0
GTCGATATAATACGCC,0
GTCGATGTCATCCTTG,0
GTCGCAAACCCTACTT,0
GTCGCAAATATGCACA,0
GTCGCACATAAAGGAC,0
GTCGCCAAACGTTTTT,0
GTCGCCAAAGAGTGAT,0
GTCGCCTATTCAGCCA,0
GTCGCGTGTCTGGAGG,0
GTCGCTAATAATTCCA,0
GTCGCTACAATTTACT,0
GTCGGAAACCGCCCAC,0
GTCGGATAAGAGAGTA,0
GTCGGATCACTACAAC,0
GTCGGCAGTACCAACT,0
GTCGGCGACTGGTACA,0
GTCGGGCACCGGACAG,0
GTCGGGGTAATCACCC,0
GTCGGTCAATCACTGA,0
GTCGTAAATAAGCCTG,0
GTCGTAACGTAATGCC,0
GTCGTCGGATTGAACA,0
GTCGTCGTTTGCCAGA,0
GTCTAAAATCTTCAAT,0
GTCTAAATAAGATTAG,0
GTCTAAATAGCGACAG,0
GTCTAAATCATGAGGA,0
GTCTAACCAAGCACAT,0
GTCTAACGACAAAAAC,0
GTCTAAGAGGCAGAAA,0
GTCTAAGCGTCAACAT,0
GTCTAATTAGCATTAA,0
GTCTACAGGCAAGCTA,0
GTCTACGAACTTACAC,0
GTCTACGAGGGTGGTA,0
GTCTACGTGAAAATAC,0
GTCTACTACGAATTTC,0
GTCTAGCCTTACAGTC,0
GTCTAGTCGAAAAAAC,0
GTCTATAAGTAAACGA,0
GTCTATCACATATTAC,0
GTCTATCAGATGCTTT,0
GTCTATTCCGGGCATA,0
GTCTATTCCTTTTTAA,0
GTCTCAAAACTTCGAA,0
GTCTCAACTAAGAAGG,0
GTCTCATACGAAGAGT,0
GTCTCCAAGAAAAAAA,0
GTCTCCAGAAAAACTG,0
GTCTCCCAACACTTTT,0
GTCTCCCCAATAAGGC,0
GTCTCGCGTCCTCTTA,0
GTCTCGTTTTAGGACA,0
GTCTCTTCTTCTCTAA,0
GTCTGAAAGGGATAAT,0
GTCTGAAATCAGCATT,0
GTCTGAACGCTCAAAA,0
GTCTGAATTAAACGAT,0
GTCTGACATAAACAAC,0
GTCTGAGTAGTAGGAA,0
GTCTGATCCTCGAAAA,0
GTCTGATTGTAAAAGG,0
GTCTGCACGTTTTTCA,0
GTCTGCGAAAACCTTT,0
GTCTGGACGGACACAA,0
GTCTGGGTAATAGTCC,0
GTCTGTCGTAAGATGA,0
GTCTTAAACCGAGAGC,0
GTCTTACATCCTGTCT,0
GTCTTAGCCCCATCCA,0
GTCTTATAAATCTTAT,0
GTCTTATAATCTTGAG,0
GTCTTATCTACGCAAT,0
GTCTTCAACATTCAAT,0
GTCTTCAAGAAGCCCC,0
GTCTTCACAGGATGGG,0
GTCTTCCTGAAAACAA,0
GTCTTCTGCCGGCCAA,0
GTCTTGAGCGATCTTA,0
GTCTTGCAATCATTTT,0
GTCTTGTGCGCTATAC,0
GTCTTTAACACCATAC,0
GTCTTTAATCACCTCT,0
GTCTTTGCGCCATGAT,0
GTGAAAAAAACTACTG,0
GTGAAAATCGTAGGAA,0
GTGAAAATGCCGATCA,0
GTGAAACAAGTCCGAG,0
GTGAAACCATGATCCA,0
GTGAAACTAAAAACAG,0
GTGAAAGGCTCATAAG,0
GTGAAATATCACGAAG,0
GTGAACACATTTCGAA,0
GTGAACAGTAGGATAA,0
GTGAACATTACGTCGC,0
GTGAACCATTCCCCAA,0
GTGAACCATTTAGCAT,0
GTGAACTCTCCCCTAA,0
GTGAACTGATATTTTA,0
GTGAACTTAACACCGT,0
GTGAAGCTCAATGGCT,0
GTGAAGGCACACTCAT,0
GTGAATACAAAGCAAG,0
GTGAATATATATAAAT,0
GTGAATCAGCCCGTCC,0
GTGAATTCATTCCCCG,0
GTGAATTGAGATTCTT,0
GTGACAACGACGCATT,0
GTGACACCAAACCTAC,0
GTGACACCGGTACGTT,0
GTGACCAATACGTGTG,0
GTGACCATCCTCATAC,0
GTGACCTAAGTAACCA,0
GTGACCTACAACATTA,0
GTGACGAAATCCTCTT,0
GTGACGAAGGAAAAAG,0
GTGACGACTACAAATG,0
GTGACGCTAATCACAA,0
GTGACGTACTCCCACA,0
GTGACTACTTCGAAAG,0
GTGACTCTGCAAAACT,0
GTGACTGGCACATGGA,0
GTGAGAGGTAATTCCC,0
GTGAGAGTTAAGATCA,0
GTGAGATACCTGTCAA,0
GTGAGATCATCCTGTA,0
GTGAGATTATCTCGAG,0
GTGAGATTCAAATATA,0
GTGAGCGACCATCCCA,0
GTGAGGAATCCAGACA,0
GTGAGGATTGTAAAGC,0
GTGAGGTGCTCAAACT,0
GTGAGTCCCTGTGGCG,0
GTGATAACCAATTATC,0
GTGATAAGACATTTCC,0
GTGATACACCAAGGCC,0
GTGATACTCTACTTTG,0
GTGATAGGCGTTGACC,0
GTGATATAACTCTATA,0
GTGATCAAAGATAAAT,0
GTGATCAATCTGATAA,0
GTGATCCCTTAATAGA,0
GTGATCCTAAACATTA,0
GTGATCGACTTGATCC,0
GTGATCGATAAACCGC,0
GTGATCTTCCCCAAGC,0
GTGATGGGAGGGATAA,0
GTGATTAAAAATACAC,0
GTGATTAAGATACAAG,0
GTGATTATACAGAATT,0
GTGATTATCTATTAAT,0
GTGATTGACAGGGGCG,0
GTGATTGATGACAAGA,0
GTGATTTTAACACAGT,0
GTGCAAAAAAACCCCG,0
GTGCAAACGAGAGCAA,0
GTGCAAACTATTTGAT,0
GTGCAAACTTTTACTT,0
GTGCAAATATGTATAC,0
GTGCAATAAACATCTG,0
GTGCAATTGCCTAGAT,0
GTGCACACGGATATAC,0
GTGCACGCTGCATTGC,0
GTGCACGTGATATAAT,0
GTGCACTACGAACAGC,0
GTGCAGATCGAAACAC,0
GTGCATCGCTGAATAG,0
GTGCATGTGTACTTTC,0
GTGCATTAAAACAATG,0
GTGCCAAACCTGCTGT,0
GTGCCAACATAATGAT,0
GTGCCACAAGTAGTGC,0
GTGCCACCAACATCGA,0
GTGCCAGATACATTAC,0
GTGCCAGATTTAGTAA,0
GTGCCAGTTACCAGAA,0
GTGCCCAATGCGAACA,0
GTGCCCATTACAAAAG,0
GTGCCCCCCAGTAATG,0
GTGCCCTATATAATAA,0
GTGCCGAAAATGCGTC,0
GTGCCGACGTCCTCTA,0
GTGCCGCATCTGGGCT,0
GTGCCGGCTTAAAAAA,0
GTGCGAAACTGAAGTG,0
GTGCGACAGAAACCAG,0
GTGCGCAAGAGAGACA,0
GTGCGCATTAGTGAAA,0
GTGCGCCACTCATGTT,0
GTGCGCTGTGCAATAC,0
GTGCGGCTTCAAACCC,0
GTGCGGTTTGAAGGCC,0
GTGCGTCACAATTTAT,0
GTGCTAACATGACAGT,0
GTGCTACTCTGCAATA,0
GTGCTAGCATATTGAG,0
GTGCTATGGTATTCAC,0
GTGCTCCGATCCTAAC,0
GTGCTGATACCAATGA,0
GTGCTGTCACAATCAA,0
GTGCTTATTGGACTAG,0
GTGCTTTATGATATTC,0
GTGCTTTGAAACTCGA,0
GTGGACGAAGAGCGTA,0
GTGGACTCTAAAAATT,0
GTGGAGAGCGGTAAAC,0
GTGGAGGATATGAAAC,0
GTGGAGTTCCCAAATT,0
GTGGATCACCTAAATT,0
GTGGATGAAACGAATT,0
GTGGATTACCGGGTGG,0
GTGGCAACGTCAGATC,0
GTGGCCAGTTAATAAT,0
GTGGCCTGTCTCGACA,0
GTGGCCTTGCAGTTAT,0
GTGGCGCGTACAAGCT,0
GTGGCTAGTTATACAG,0
GTGGCTATACGATGAC,0
GTGGCTGCTAAAGACA,0
GTGGCTGCTGAGAGTG,0
GTGGCTGTACTCACGT,0
GTGGCTGTCCTCGAAT,0
GTGGGAATTGCGATGA,0
GTGGGAGTGGCGGTTT,0
GTGGGCAGGAATAACT,0
GTGGGCGATTGCTCTT,0
GTGGGCTAATTAACAT,0
GTGGGTAAGGATAAAT,0
GTGGGTATATCATTTA,0
GTGGTAATCTTTCCTA,0
GTGGTACAAAGAGGTA,0
GTGGTACTGTGGAAAA,0
GTGGTCCGTATTGCGG,0
GTGGTGATCGTGCATT,0
GTGGTGTTATATTCTG,0
GTGTAAAAAATGCAAA,0
GTGTAAGCACCTGATA,0
GTGTAATGCTAAATAT,0
GTGTACAGTCACTTCG,0
GTGTACTCTCTCTCTC,0
GTGTACTTCCATAGGA,0
GTGTACTTTCAAGCAT,0
GTGTAGACAATATGTG,0
GTGTATACGTATGTTG,0
GTGTATCAAATTTAAT,0
GTGTATCACACAACCC,0
GTGTCAAAGCCAATTA,0
GTGTCACACCCAAGTC,0
GTGTCATGCCACTGCT,0
GTGTCCACCTCGACAC,0
GTGTCCGATATTGTAA,0
GTGTCGAAACGACCCA,0
GTGTCGAAGACCCTTA,0
GTGTCGTCATTACAAA,0
GTGTCTACCGCAACGC,0
GTGTGACCAGGATAGA,0
GTGTGAGACCTTAATC,0
GTGTGCGATCCGCCTG,0
GTGTGGCGGGTACCGA,0
GTGTGTTTAAGCGGCA,0
GTGTTAATTTCTATTA,0
GTGTTACGTATAATGT,0
GTGTTCATACTATAAA,0
GTGTTGAGAACCCCAA,0
GTGTTTAATAGAGAAC,0
GTGTTTATAGGACAGA,0
GTGTTTCGTATCCTCA,0
GTGTTTTCCGACACTA,0
GTGTTTTCTGGTAGCA,0
GTTAAAAAAAATCATA,0
GTTAAAAAAAGTATTT,0
GTTAAAAAAGTTGGTT,0
GTTAAAAAATCTTGTA,0
GTTAAAAACGAGTAAC,0
GTTAAAAATAATACTA,0
GTTAAAACCATAGAAC,0
GTTAAAACTGTCATAC,0
GTTAAAAGATGTGACA,0
GTTAAAATGCACAATA,0
GTTAAAATTGAGCTAT,0
GTTAAACACCAAGTGG,0
GTTAAACCAATACTCA,0
GTTAAACGAACGATTA,0
GTTAAACTAACAAAGA,0
GTTAAAGACAGCACAA,0
GTTAAATACCCCTTCA,0
GTTAAATATATAATGG,0
GTTAAATCTCTGGCAA,0
GTTAAATTGACCCTAA,0
GTTAACAACACGCGCT,0
GTTAACAAGTTCCAGA,0
GTTAACAGCCAGGATG,0
GTTAACCAATGAGACC,0
GTTAACCCGGTACCTT,0
GTTAACCCTAGTCTCA,0
GTTAACGCTTTGCAAG,0
GTTAACGGGTGATAAC,0
GTTAACTAACGTGATC,0
GTTAACTACCAAAATA,0
GTTAACTATTGCTGGG,0
GTTAAGAAAGTACATT,0
GTTAAGAATGAACTGC,0
GTTAAGAATTAAGGTT,0
GTTAAGACACGTACCA,0
GTTAAGACATTAACAA,0
GTTAAGACCCAAAGGC,0
GTTAAGATGCAAGCTG,0
GTTAAGCCCAGCGTAA,0
GTTAAGCCGAACACCA,0
GTTAAGGATACAAGTC,0
GTTAAGTTTTATCTAA,0
GTTAATAAATTGAAGA,0
GTTAATAACCTACTAT,0
GTTAATACCCCTAAGC,0
GTTAATAGTATTGATA,0
GTTAATGGTCACTGTA,0
GTTAATTAGGAAGAAA,0
GTTAATTATGAAAGCA,0
GTTACAACCCGTTTAC,0
GTTACAAGAAGCCCTT,0
GTTACAAGTAACGAGG,0
GTTACAATACAATATC,0
GTTACAGCATATAATT,0
GTTACAGTTGTCGCTT,0
GTTACATAAATATAAG,0
GTTACATGCATTCAAT,0
GTTACCAAGCATCGGC,0
GTTACCACGCAATCGG,0
GTTACCGATTATTTGT,0
GTTACCGCAATTGTCA,0
GTTACGACTTAAGCAC,0
GTTACGCGCTGGTAAC,0
GTTACTCCTTGTCACC,0
GTTACTGAACCATTCA,0
GTTACTGAAGGAACAT,0
GTTACTGAATGCGACG,0
GTTACTGATCAACTAA,0
GTTACTTGAGATAAAA,0
GTTAGAATTACATACC,0
GTTAGAGACAAACCCA,0
GTTAGAGGACCGGTTA,0
GTTAGATAACCATAGA,0
GTTAGATCAACGCAAG,0
GTTAGCAAGGTTGAAC,0
GTTAGCCGAATGCTAC,0
GTTAGCGCTTGCTGAA,0
GTTAGCTAATGATATT,0
GTTAGCTTTAGGATCC,0
GTTAGGTCGTCCGTGA,0
GTTAGTGCTCACACAT,0
GTTATAAACCACAGGA,0
GTTATAACTCATGGAT,0
GTTATAATTGATCGGA,0
GTTATACAAAGGTGAT,0
GTTATACAACAATGTC,0
GTTATACCTTTATCAC,0
GTTATACGCCGCCCAA,0
GTTATACGCCTTTTAA,0
GTTATACTGGGCATTT,0
GTTATAGCATTCCGAA,0
GTTATAGCTGCCGCCA,0
GTTATATGAAAATGTA,0
GTTATCAAAAGAGAAA,0
GTTATCAAGTAATTCC,0
GTTATCATTCATATGA,0
GTTATCCGTCCCTTAG,0
GTTATGATTAGTTAAT,0
GTTATGTGAAAATGTA,0
GTTATGTTTACGTAAG,0
GTTATTTAAACTGAAC,0
GTTCAAACCAAAGAAG,0
GTTCAAAGAAAAACAC,0
GTTCAAGACAAGAGAG,0
GTTCAATGGAAAATAC,0
GTTCAATGGAAGTTTT,0
GTTCACCAATGTCAAC,0
GTTCAGAGTTGTATAT,0
GTTCATAAAGAAACGA,0
GTTCATAATAACCTAA,0
GTTCATAATGAATCTC,0
GTTCATTCTCAGAAAA,0
GTTCCAAACGCAGCAC,0
GTTCCCAACATCCAGG,0
GTTCCCAAGCGCTTGA,0
GTTCCGTGATAACCGA,0
GTTCCTACGTCCTCAC,0
GTTCCTCACTAACGAC,0
GTTCCTGAAATTTATT,0
GTTCCTTATGGGGACA,0
GTTCGACAGCAACACC,0
GTTCGACGGCATAAGA,0
GTTCGCATTACCAAAA,0
GTTCGGTGCAACCAAT,0
GTTCGTAAGTAAGCGA,0
GTTCGTCCAATTCGCA,0
GTTCGTTGACTGTCAA,0
GTTCTAAACTAGAATC,0
GTTCTAGACTGATTGA,0
GTTCTCAGAACTATGC,0
GTTCTCTGCATATAAG,0
GTTCTCTGCTACCGGC,0
GTTCTGAATATGCATA,0
GTTCTTAAATTCCAAT,0
GTTCTTAATGACTAAT,0
GTTCTTCAACTAGACA,0
GTTCTTCTAAAGTTGA,0
GTTCTTGAAACTTCAA,0
GTTCTTGAGTACCTAT,0
GTTCTTTCACACACAA,0
GTTGAAAAGAGCAAGG,0
GTTGAAAATACAACAA,0
GTTGAAAATTTAACGA,0
GTTGAAACGTTTATTA,0
GTTGAACTAAGATCTT,0
GTTGAAGTACATCCGT,0
GTTGACAACGTTACCC,0
GTTGACATAGCACGAG,0
GTTGACTATTACTGAT,0
GTTGACTTCGAAGGTC,0
GTTGAGACAAGCAACG,0
GTTGAGGGATAACCAA,0
GTTGAGTCAGAAACCT,0
GTTGATAAATCTACTT,0
GTTGATATACCTAACA,0
GTTGATCAAATGCAGA,0
GTTGATTAACAAAGCT,0
GTTGATTGCAGGTATA,0
GTTGATTTTGTCTTTT,0
GTTGCACAAACAGAAA,0
GTTGCACCAGATTTTA,0
GTTGCCTAACACCGGA,0
GTTGCCTTCACTGGTT,0
GTTGCGACTGGGGTTT,0
GTTGCGTCAACCTCTC,0
GTTGCTCGAGAGATAC,0
GTTGGAAAACATCCAT,0
GTTGGAGAGACGACCA,0
GTTGGCTAAAAAGAGC,0
GTTGGGCTACGTACTA,0
GTTGGTGCTAGTCCTA,0
GTTGTAAAACAATCAC,0
GTTGTAAATTGAGGAT,0
GTTGTAACCACTCTGG,0
GTTGTACACCATAGTG,0
GTTGTATTAATAGCCG,0
GTTGTATTCTCTTCGA,0
GTTGTATTTCAGCGAA,0
GTTGTCCTGACAGACC,0
GTTGTGGCAGCAAGTA,0
GTTGTTTTCGGTAAAA,0
GTTTAAAACCCGTCTT,0
GTTTAAAGGGGCAAAA,0
GTTTAACCATGCCTCG,0
GTTTAACTGTCTAAAG,0
GTTTAAGCGACTATCT,0
GTTTAATAATGATATA,0
GTTTAATACTCTTTCT,0
GTTTAATCGGGTCGAT,0
GTTTAATGGCGGACCG,0
GTTTAATTAAAAAATT,0
GTTTACAATCGGGCAC,0
GTTTACATTCCCCCTC,0
GTTTACGAATCAGCCC,0
GTTTACGCAGAACCCT,0
GTTTACGTATTGCTTT,0
GTTTACTTGATCAATA,0
GTTTACTTTCTTCAAA,0
GTTTAGTGAGCCTATA,0
GTTTATACGATATAAA,0
GTTTATACTTGCTACA,0
GTTTATAGACTCAAAG,0
GTTTATGCCGAACGTA,0
GTTTATTCCCACAAGC,0
GTTTCAAAGTAAAACA,0
GTTTCAAAGTGCAGAA,0
GTTTCAAGCCATGATT,0
GTTTCACAAATTATGC,0
GTTTCAGGACTACTAC,0
GTTTCATACCTCTAAT,0
GTTTCCAGCAGCCTGA,0
GTTTCCCGTTCAATAA,0
GTTTCCGGATGATAAC,0
GTTTCCGTACTCCCAC,0
GTTTCTAGCCCATTGA,0
GTTTCTCCGGTGAGAC,0
GTTTCTGAGATCTAGC,0
GTTTCTGGGCATCACA,0
GTTTCTGGTCATTCAA,0
GTTTCTTAATCGACCC,0
GTTTCTTGAACAACTG,0
GTTTCTTGGTAAACTC,0
GTTTGACCAACAGCGG,0
GTTTGACGATGGACGC,0
GTTTGATACTTTCAGA,0
GTTTGATGTAATGAGA,0
GTTTGCATACCTCAAA,0
GTTTGCCCCTGATTGT,0
GTTTGCGACGGTCCTC,0
GTTTGGTCGACAATTG,0
GTTTGTCTTGGGTCAA,0
GTTTGTTGCTATGAAA,0
GTTTGTTTACATAGCT,0
GTTTTAAAACATGAAA,0
GTTTTAACTGCTCCAT,0
GTTTTACAGCCTAAAT,0
GTTTTACCAGATAAAA,0
GTTTTACGGTAAGAAA,0
GTTTTAGGTATAGATC,0
GTTTTATACTACTATA,0
GTTTTATATAGACCAT,0
GTTTTCACGTATTGCA,0
GTTTTGAGAAACTTCC,0
GTTTTGAGTATAACCG,0
GTTTTGGATGAAGAGC,0
GTTTTGGTAAGAAAAG,0
GTTTTGTCTTGCACTT,0
GTTTTGTGTAATAAAA,0
GTTTTGTTGGATGTTG,0
GTTTTTAGGCGGACAA,0
GTTTTTATAACCTTAT,0
TAAAAAAAAAAAACAA,0
TAAAAAAAAAGTAACC,0
TAAAAAAACAAACGTT,0
TAAAAAAACCGACCAA,0
TAAAAAAACGATACAT,0
TAAAAAAAGAGATCAC,0
TAAAAAAAGAGTTGAT,0
TAAAAAAATTAAAACC,0
TAAAAAACAAAATTCA,0
TAAAAAACACCACCTA,0
TAAAAAACCATTTTAC,0
TAAAAAACTTTTCATC,0
TAAAAAAGACCTTAAC,0
TAAAAAAGGATAATAA,0
TAAAAAAGGTTTGCGG,0
TAAAAACCAATGCTAC,0
TAAAAACCACGGTGAG,0
TAAAAACCACTGCTAA,0
TAAAAACCCACTATAA,0
TAAAAACCTCTAGAAA,0
TAAAAACTACACCAAT,0
TAAAAACTACGCACGA,0
TAAAAACTCTTCGGTG,0
TAAAAACTGCCGAGTG,0
TAAAAACTGCTTGTCC,0
TAAAAAGCTCTCTCCA,0
TAAAAAGGCAACCACA,0
TAAAAAGTTGGTATCT,0
TAAAAATACGTAACTT,0
TAAAAATAGACTTGGT,0
TAAAAATAGCAGAAGC,0
TAAAAATATCTTAAAT,0
TAAAAATCAATTATGT,0
TAAAAATCCACGCCAT,0
TAAAAATCTGTTCTTG,0
TAAAAATGACTGATAT,0
TAAAAATGCATTATCA,0
TAAAAATGTACTGACT,0
TAAAAATTAATACAAA,0
TAAAACAAAACAGTTA,0
TAAAACAAGTGTAAAG,0
TAAAACAATCAAAATC,0
TAAAACAATTACTCAT,0
TAAAACACCAGGGCAC,0
TAAAACAGTATAACAC,0
TAAAACATCAAGACCG,0
TAAAACATCACTCTCC,0
TAAAACCACTCTTGTC,0
TAAAACCACTGAATCA,0
TAAAACCATTACACCT,0
TAAAACCGCCCGCATT,0
TAAAACCTAGAACAAA,0
TAAAACGACTAAAAGC,0
TAAAACGAGCACAAAA,0
TAAAACGCAACGCTTC,0
TAAAACGTGGAACAGG,0
TAAAACGTGGGGACTT,0
TAAAACTATAGTCGTA,0
TAAAACTCACCAAATG,0
TAAAACTCATTTCAAA,0
TAAAACTCGTAGTCAA,0
TAAAACTTGTTTTTGC,0
TAAAAGAACAAGATAC,0
TAAAAGACTTGATCCC,0
TAAAAGAGCGCAGAGA,0
TAAAAGATTGGATTCA,0
TAAAAGCACTCTATTA,0
TAAAAGCAGTATACAA,0
TAAAAGCCAGACTACC,0
TAAAAGCCCTGGGACC,0
TAAAAGCCGGGTTTAC,0
TAAAAGCGAACCTGTC,0
TAAAAGCGACAAGTAA,0
TAAAAGGTAGAAATTC,0
TAAAAGTCAATATATG,0
TAAAAGTCTGAAAAGA,0
TAAAAGTGTTAAATTG,0
TAAAAGTTGGCCTAAG,0
TAAAAGTTTACCGCAC,0
TAAAATAAATAACTAT,0
TAAAATAAATCACAAA,0
TAAAATAAATCATTAA,0
TAAAATAAGGATAAGC,0
TAAAATAATTAGAACT,0
TAAAATACTTCGACTT,0
TAAAATAGAAACCAAA,0
TAAAATAGCACGTAGG,0
TAAAATAGGCACAACA,0
TAAAATATAATCTAGA,0
TAAAATATACAGGGAC,0
TAAAATATGAGGAGTA,0
TAAAATATTTGCATAA,0
TAAAATCAAAAACCGA,0
TAAAATCCCAAAGCTG,0
TAAAATCCGAATTGCG,0
TAAAATCGTGGGTCCA,0
TAAAATGAAAAATATG,0
TAAAATGAGGTTGTAC,0
TAAAATGCGCAAGGAA,0
TAAAATTAAAAGTCTT,0
TAAAATTAAGCATACG,0
TAAAATTCGAAAAAAG,0
TAAACAAAACACCGAC,0
TAAACAAAATATCTCA,0
TAAACAAACTCCCTCA,0
TAAACAAATACCTATG,0
TAAACAACATAACTCG,0
TAAACAACCTAAACAG,0
TAAACAACGAATACAA,0
TAAACAACTTAGGGAA,0
TAAACAAGGTGAGAAC,0
TAAACAAGTAGTATGT,0
TAAACAATAACCTTGT,0
TAAACAATAAGTGAAC,0
TAAACAATACATGATG,0
TAAACAATACCCTATA,0
TAAACAATCAAATACA,0
TAAACACAATCCTACG,0
TAAACACATAATAGCA,0
TAAACACATAGACCAA,0
TAAACACATTCAGGTC,0
TAAACACCTAAGCAAA,0
TAAACACGGTTTAAAA,0
TAAACAGATATAAAGT,0
TAAACAGATGATCGAT,0
TAAACAGGCTAAAGGT,0
TAAACAGTAGACTGCG,0
TAAACATAATATCTGA,0
TAAACATACATACGCA,0
TAAACATATTGCCAGC,0
TAAACCAAGGTAGCAA,0
TAAACCACATCATGCG,0
TAAACCATTATGTCTA,0
TAAACCCAACCTTAAA,0
TAAACCCCTATAAATA,0
TAAACCGACTTAACGC,0
TAAACCGGGCTAACTT,0
TAAACCTAATTCCTAA,0
TAAACCTATCAAGATA,0
TAAACCTTAGCTCTTG,0
TAAACGAAAACGCTGA,0
TAAACGAACTAGACTC,0
TAAACGACCAGGCTAA,0
TAAACGATGGATAGAT,0
TAAACGCAGCTTATAC,0
TAAACGCATTTAAAAC,0
TAAACGCCCAAGAGTC,0
TAAACGGGTGATATAA,0
TAAACGTCAAGCACAA,0
TAAACTAACTGTAGCA,0
TAAACTACAATATAGT,0
TAAACTACTGCCATAA,0
TAAACTATATATTACA,0
TAAACTATATTGTATG,0
TAAACTATGGGGAATC,0
TAAACTCCAGGTAGCC,0
TAAACTGAAGGCTAAT,0
TAAACTGAGCGCTGCC,0
TAAACTGTATCGATGT,0
TAAACTTACGTATTGA,0
TAAACTTGCAATTATA,0
TAAACTTTAGACTCAA,0
TAAACTTTATACACTA,0
TAAACTTTTTTTGTTA,0
TAAAGAAAAACAAGAA,0
TAAAGAAAGTACGAAA,0
TAAAGAACTACCGACC,0
TAAAGAATCAAAATAG,0
TAAAGAATCAGGCTTA,0
TAAAGAATGTCAAACA,0
TAAAGAGACTACTTTT,0
TAAAGATAAAATATTT,0
TAAAGATAAATATCTG,0
TAAAGATACGGCCTGC,0
TAAAGATCGAAGACGA,0
TAAAGATGCCCAATTA,0
TAAAGCAACATCACTA,0
TAAAGCATAAGTATCG,0
TAAAGCCGAGCTGGAC,0
TAAAGCGTATGCCAAA,0
TAAAGCTAACTATTAA,0
TAAAGCTATGGATAGA,0
TAAAGCTGGGAGAATG,0
TAAAGGCAGAACCCAA,0
TAAAGGGAATGCACAT,0
TAAAGGGTTCACGAGA,0
TAAAGGTCAGTAAGGC,0
TAAAGGTGATTCAATT,0
TAAAGGTTATCCGCAT,0
TAAAGTACCAAAAGAA,0
TAAAGTAGAGAACAGA,0
TAAAGTAGTATAGGCA,0
TAAAGTATGCATGGTG,0
TAAAGTCGAACATTTG,0
TAAAGTCGATTACCTG,0
TAAAGTCGTAGATGAT,0
TAAAGTGAATTGGTGT,0
TAAAGTGCCCTAAGTG,0
TAAAGTTAGCTCTTGA,0
TAAAGTTTTAAACATC,0
TAAATAAAACAGAAAT,0
TAAATAAAATACCTCG,0
TAAATAAAGACGCAAC,0
TAAATAAGCCCCTGCC,0
TAAATAATCAGAGACA,0
TAAATAATCGTGCCGT,0
TAAATACGCCAACTAA,0
TAAATACTCACTAATG,0
TAAATACTCATAACTT,0
TAAATACTTCAATCAA,0
TAAATAGAACACTTGT,0
TAAATAGCAACCTAAG,0
TAAATAGCACGAATAG,0
TAAATAGGGCTTAAAT,0
TAAATAGTTTGCTTCA,0
TAAATATAAGCAACGT,0
TAAATATCATACCATC,0
TAAATATGAAACCCTC,0
TAAATCAAAACGTTGA,0
TAAATCAACCGCACAT,0
TAAATCAATTGATTTT,0
TAAATCAGTAGTTGAA,0
TAAATCATAATTGAGG,0
TAAATCATCGGAGCGA,0
TAAATCATTAGTTGTC,0
TAAATCCATGTCTCAA,0
TAAATCCTATCCCTTC,0
TAAATCCTCACCGATG,0
TAAATCCTTATAGCCG,0
TAAATCGCAATAGCCG,0
TAAATCGTACTAAACC,0
TAAATCTCACAGATAA,0
TAAATCTGGCAAAACC,0
TAAATGAAGTTGCCGA,0
TAAATGAATACTTCAG,0
TAAATGATCTTAAAAC,0
TAAATGCGCGTAATAT,0
TAAATGCTTGGATACC,0
TAAATGGAACACCATT,0
TAAATGGAAGGTAACA,0
TAAATGGACCATCCAG,0
TAAATGTAAACCAAGC,0
TAAATGTAACTCAGCA,0
TAAATGTTCAGTTCTG,0
TAAATTAAATGAAAAA,0
TAAATTACGATTTAAC,0
TAAATTACTCCACCAC,0
TAAATTAGTCCAACCA,0
TAAATTATTAATTATC,0
TAAATTCAAGTTCTCC,0
TAAATTCCCCTACGAT,0
TAAATTCGGAGACTGA,0
TAAATTCGTGGAAGTG,0
TAAATTCTACGTTCTT,0
TAAATTGAAGACCGAG,0
TAAATTGAATAGAAAG,0
TAAATTTACCTTTCCA,0
TAAATTTAGGCAGCGA,0
TAAATTTCCAGAAAAA,0
TAAATTTTCAAGGTTT,0
TAACAAAAAAAACAGT,0
TAACAAAAAGACGAAT,0
TAACAAAAATCTCCTC,0
TAACAAAATTTTAAGA,0
TAACAAACACAATCAT,0
TAACAAACACGGAGAA,0
TAACAAAGACGACTGA,0
TAACAAATCAGGATAT,0
TAACAACAACGTGGGG,0
TAACAACCAAAAACGG,0
TAACAACTAGTTATAA,0
TAACAAGGACTATACC,0
TAACAAGGGTGACCCT,0
TAACAAGTACCCGTTC,0
TAACAAGTAGAGATAG,0
TAACAATAAGAATAAT,0
TAACAATATGCATACC,0
TAACAATCACTAGAGT,0
TAACAATCTATCGCTC,0
TAACAATGCAATCAAA,0
TAACAATTCAAAAAGG,0
TAACACAAACTACCCC,0
TAACACACAGCACGAC,0
TAACACACATAGTCTG,0
TAACACTAAAAAACTG,0
TAACACTCAACCAAGG,0
TAACACTTATAACAAC,0
TAACAGAAAACAACAT,0
TAACAGACTAATGACA,0
TAACAGAGCTAAGAGA,0
TAACAGAGGTTCAGGG,0
TAACAGATACAAATTT,0
TAACAGATCTAGTAAT,0
TAACAGATTACAGGAA,0
TAACAGCATAAGACAA,0
TAACAGCCAATCATAA,0
TAACAGGACGTTACTG,0
TAACAGGATTAATAAT,0
TAACAGGGATGCGAAC,0
TAACAGGGTTCCATCA,0
TAACATAAACTGTTAC,0
TAACATAGCTTGACTT,0
TAACATAGTCTACATG,0
TAACATGTACGCTTCT,0
TAACATGTAGCATCAC,0
TAACATTAATGTCGCC,0
TAACCAAAAACTAATG,0
TAACCAAAAATAATTT,0
TAACCAAACTCAACAG,0
TAACCAAATAAACATA,0
TAACCAAATAAACTGC,0
TAACCAACGGGCGCGA,0
TAACCAAGCTCCAAAG,0
TAACCAAGGTATTTCT,0
TAACCAATAGGTAACC,0
TAACCACTATACTCCA,0
TAACCACTTAGGCGAA,0
TAACCAGACAATCGCA,0
TAACCAGGTCTGCTGT,0
TAACCATAGTCCTAGC,0
TAACCCACAGTAAAAT,0
TAACCCATATATCGAG,0
TAACCCCATGAAGAAA,0
TAACCCCTTGACAATT,0
TAACCCGAAGTAACGC,0
TAACCCTAGACTACCC,0
TAACCCTGACAATTAA,0
TAACCGAAATCACTCA,0
TAACCGACAACCGGTC,0
TAACCGAGTGCAAAAT,0
TAACCGATTACCCTCG,0
TAACCGCAAAACTTGT,0
TAACCGCACACATCCT,0
TAACCGGAAAAAAAGG,0
TAACCGGCAGCAAAGT,0
TAACCGGGGCCCTATA,0
TAACCGGTTAGCCATT,0
TAACCGTATAGTCAAA,0
TAACCGTTTATAAATC,0
TAACCTAGGTATTACA,0
TAACCTCATAGACCGA,0
TAACCTCGGGGTTTGC,0
TAACCTTAAAAAAGCT,0
TAACCTTAGGCCCCAC,0
TAACCTTGGAACTCAG,0
TAACGAACACACACCA,0
TAACGAACCTTAACCT,0
TAACGACCACGTAATC,0
TAACGACGGTTAGATT,0
TAACGACGTATGTGCT,0
TAACGACTACAACTTA,0
TAACGACTAGTTCGAT,0
TAACGACTATAAATCA,0
TAACGACTATAAGAGC,0
TAACGAGACCCGGATC,0
TAACGAGACTGACTAT,0
TAACGAGATCAAATCC,0
TAACGAGCGACTGGAA,0
TAACGATAGTCAAGTG,0
TAACGATTTCAGTTTG,0
TAACGCACCTGAAGCA,0
TAACGCATCACGTATA,0
TAACGCCACCTACCAT,0
TAACGCCCATAAGGAG,0
TAACGGCCAGTTTCAC,0
TAACGTAACCATCACA,0
TAACGTCAAATCCAGA,0
TAACGTGATTCCAACT,0
TAACGTGGCCGTTCTA,0
TAACGTTAGTATGGAC,0
TAACGTTCCAAGGATA,0
TAACGTTCTATAAGCT,0
TAACGTTTGATTAACA,0
TAACTAACTATGTGCC,0
TAACTAAGGCCTATCG,0
TAACTAATATCTCCCA,0
TAACTAATCCTATCTA,0
TAACTAATGCTTAAGA,0
TAACTACATAACACCT,0
TAACTACATAATACCG,0
TAACTACGGACCTTCC,0
TAACTAGAGAAGACAA,0
TAACTAGAGTACTGCT,0
TAACTAGCACGGCTAA,0
TAACTAGTAATCTGCG,0
TAACTAGTTATCCCCA,0
TAACTATCAATAGCAT,0
TAACTATCAATAGTGG,0
TAACTATCCATTCGAT,0
TAACTATGCTTTAATT,0
TAACTATTAATCGAAT,0
TAACTATTCTTGTATC,0
TAACTCAGACACCAAT,0
TAACTCCGAAGCACAA,0
TAACTCGCATAGCACG,0
TAACTCGCGTACAACT,0
TAACTCTAAAAAAAAA,0
TAACTCTAGAATTCAC,0
TAACTCTATGCCTTGA,0
TAACTCTTTCGTAGCA,0
TAACTCTTTTTGCAGA,0
TAACTGAACACACTTT,0
TAACTGAACTATACTG,0
TAACTGACCCGTATCG,0
TAACTGACGCTGCAAA,0
TAACTGACTCTAAACG,0
TAACTGAGCACTACTC,0
TAACTGAGTCGGGGAC,0
TAACTGCCAACGAAAA,0
TAACTGCCCAATTAGC,0
TAACTGCTCCAGTAAT,0
TAACTGGACCCTCTTA,0
TAACTGGCATATACGT,0
TAACTGGTACGGCAAC,0
TAACTGTGTTACTTCA,0
TAACTTAACATATCCC,0
TAACTTAGAACCCATC,0
TAACTTAGCACGATTG,0
TAACTTATGGACCTAT,0
TAACTTCATAAAACCA,0
TAACTTCTGTCTGGCA,0
TAACTTCTTGACGGCA,0
TAACTTTAAAACCTGT,0
TAACTTTATTCCTTAC,0
TAACTTTCACATGATT,0
TAACTTTTATTAAAAA,0
TAAGAAAAGATCTGCT,0
TAAGAAAAGGTGATTA,0
TAAGAAACTCCTCATT,0
TAAGAAAGAACTGGAT,0
TAAGAAAGGTTTTACC,0
TAAGAAATATTTTAGT,0
TAAGAACACAGTTCTA,0
TAAGAACGCTGCCGGT,0
TAAGAACGTTGTTTAT,0
TAAGAACTCTCGACTA,0
TAAGAAGACTCCAATC,0
TAAGAAGATAGCAATA,0
TAAGAAGATATTTAAT,0
TAAGAAGCAACATTGA,0
TAAGAAGCAACTATAC,0
TAAGAAGTGTCGTTAA,0
TAAGAATAAACCACAA,0
TAAGAATAAAGAACGA,0
TAAGAATAAAGTGTAC,0
TAAGAATAATAATAAC,0
TAAGAATACAATTCAT,0
TAAGAATATGCGTTGC,0
TAAGAATATTTAACGG,0
TAAGACACTCGAGTCA,0
TAAGACCAGTTACACA,0
TAAGACCCAATCCCGC,0
TAAGACCGTTGTGAAA,0
TAAGACGTAACCTATA,0
TAAGACGTTAACCATA,0
TAAGACTAACGACCTC,0
TAAGACTCAAGAAAAT,0
TAAGACTGGAAGTACT,0
TAAGAGACTAACATGA,0
TAAGAGCAACAAGAGC,0
TAAGAGCAGATGATTG,0
TAAGAGCCGGTAGAGG,0
TAAGAGCGTTTGCCCC,0
TAAGAGGATTAGTAAG,0
TAAGAGGGTGGGTCAG,0
TAAGAGTATGCTAAAG,0
TAAGAGTGAGGAAAGA,0
TAAGATACCCAAGCAT,0
TAAGATCGTTGAACTT,0
TAAGATTAAATAAAAT,0
TAAGATTACATATTTC,0
TAAGATTCCGGGAAAA,0
TAAGATTTACTATCAT,0
TAAGATTTGTGGCAAC,0
TAAGCAAATCGAATAC,0
TAAGCAAATTTTGGTA,0
TAAGCAACGTGACCTT,0
TAAGCAACTACTGCAA,0
TAAGCAAGATAACCTG,0
TAAGCAAGGCATATAA,0
TAAGCACAAAAACTCA,0
TAAGCACATGTCGTTA,0
TAAGCACCTAAGTTAA,0
TAAGCACCTCGAGGAC,0
TAAGCAGCAAAAGAGG,0
TAAGCATAGCTCCTTG,0
TAAGCATCAAGGACTA,0
TAAGCATGCGGTTTTC,0
TAAGCATGGGATAGCG,0
TAAGCCAATGTGACAA,0
TAAGCCAGACTGTCCA,0
TAAGCCCACTCACAGC,0
TAAGCCCAGGAAACGA,0
TAAGCCGACCGCCACC,0
TAAGCCGGAAACATAT,0
TAAGCCTCAACAAAAG,0
TAAGCGAAGCACCTAT,0
TAAGCGAATTAACCCT,0
TAAGCGCAAGCTTCCC,0
TAAGCGCACTTCATAA,0
TAAGCGCCAAACTGGA,0
TAAGCGCCTAATATTT,0
TAAGCGCGGTAAAAAG,0
TAAGGAAATCAGAACC,0
TAAGGAACCTCCTTAC,0
TAAGGAAGGACCCCTG,0
TAAGGAATAAACCGAC,0
TAAGGAATCGGCTATC,0
TAAGGACTAAACTGAC,0
TAAGGACTTACTTCCA,0
TAAGGACTTTGATTCT,0
TAAGGAGCGCACACAA,0
TAAGGAGGAATTCGAC,0
TAAGGAGGAGTTGTAG,0
TAAGGATGGATAAAGA,0
TAAGGATTCAGGAGTA,0
TAAGGCAAACATAGCC,0
TAAGGCACAAAAACAG,0
TAAGGCATAAGATTAC,0
TAAGGCATAGCGGAAA,0
TAAGGCGGAAATATTT,0
TAAGGCTTAAACCTAC,0
TAAGGCTTAATCAAAG,0
TAAGGCTTAGGTTAGT,0
TAAGGGAATTCCTATA,0
TAAGGGTCCAGAGAAT,0
TAAGGGTTTCATAGGT,0
TAAGGTAGTCAATAAC,0
TAAGGTGTACAAAGAA,0
TAAGGTTGCGGATACA,0
TAAGTAACGAAAATTC,0
TAAGTAATCTTACTCG,0
TAAGTACAATAAAAAC,0
TAAGTACATAAAGATC,0
TAAGTATCAAGATATA,0
TAAGTATTGCACAATA,0
TAAGTCAAACACCAAA,0
TAAGTCAGCGCGGTTC,0
TAAGTCATAAAAAAAC,0
TAAGTCCAAAGAACTA,0
TAAGTCGCTCAGGTCA,0
TAAGTCTGGACAGCTA,0
TAAGTGATTGGTTTCA,0
TAAGTGCAACAAGATT,0
TAAGTGCTATACTAGA,0
TAAGTGGAACTCTCGA,0
TAAGTGGAGTGAAACA,0
TAAGTGTTAATAGTCC,0
TAAGTTAACAATTAAA,0
TAAGTTAACATAAAGG,0
TAAGTTATAATGAAAA,0
TAAGTTCACATATAAG,0
TAAGTTCGTTCGTTCC,0
TAAGTTGTTGAGTTGT,0
TAAGTTTCATCACTGC,0
TAAGTTTGATTCCCTA,0
TAAGTTTGCCCATACA,0
TAAGTTTTATCAAAAA,0
TAATAAAAATACATTA,0
TAATAAAACAACCATG,0
TAATAAAACCAAGACT,0
TAATAAAAGAGCTTGG,0
TAATAAACCCATTCTA,0
TAATAAATACTCCAGC,0
TAATAAATGAAGTAGA,0
TAATAAATGAATACCA,0
TAATAAATGCCAACTG,0
TAATAAATGTTCTTTG,0
TAATAACACTACATAA,0
TAATAACTCTCATCAA,0
TAATAAGCTCGAAGCT,0
TAATAAGGCAGTGATT,0
TAATAATAACAGTGAC,0
TAATAATACGTGTAGA,0
TAATAATCGGTATGAA,0
TAATAATGGCCGACCA,0
TAATAATGGTCGATAG,0
TAATACACTTCACGGG,0
TAATACAGAGATGTAT,0
TAATACATAGTTTACT,0
TAATACCAACGCATGC,0
TAATACCCGTTACGCA,0
TAATACGAAAAACTGA,0
TAATACGAAAACCATA,0
TAATACGAAAAGCTAT,0
TAATACGAGATCAGAC,0
TAATACGAGGCCAACC,0
TAATACGCAAATACCA,0
TAATACGCCTGGGCCT,0
TAATACGGACCACATA,0
TAATACTACCCAAGCC,0
TAATACTACCGGGAAC,0
TAATACTGGTAAACCT,0
TAATACTTTCCCTCCA,0
TAATAGCATATATCCG,0
TAATAGCTGACTATCT,0
TAATAGGTCTACTTCC,0
TAATAGTAAATTTATG,0
TAATAGTGAACACGAA,0
TAATAGTGATACCTTC,0
TAATAGTGCTACAGCG,0
TAATAGTGGATAAATA,0
TAATAGTTATTACAGG,0
TAATAGTTTACTTATC,0
TAATATAAAGTGCTAC,0
TAATATAAATAGAGCT,0
TAATATAACCATCATT,0
TAATATAACTCCTCAA,0
TAATATAAGATCACTT,0
TAATATCAAACGTTTA,0
TAATATCAAGCTTCAA,0
TAATATCATTTATCCT,0
TAATATCGGGTAACGT,0
TAATATCTAAATGTAA,0
TAATATGACCAAACCC,0
TAATATGCCGTACTAA,0
TAATATGGGCTCAAAC,0
TAATATTAGGCTCGGA,0
TAATATTCAAAAGCTC,0
TAATATTGGACTAGTC,0
TAATATTGTAATAGAC,0
TAATCAAAGACTCTTT,0
TAATCAAATTACCAGG,0
TAATCAAGGCGACGTG,0
TAATCAATACTTATAA,0
TAATCAATAGCATAAG,0
TAATCACAGAATTAAC,0
TAATCACCAAAAATGT,0
TAATCACGCTGTATTT,0
TAATCACTAAAAGATC,0
TAATCATAAAACCCAT,0
TAATCATCAACAACAC,0
TAATCATCGGTTTAAC,0
TAATCATGAGGTAGAG,0
TAATCATGATTATTTA,0
TAATCATTGCTATGCT,0
TAATCCAAATCGCTAT,0
TAATCCAATCTAACAC,0
TAATCCCATTAGAGAC,0
TAATCCCTTAAAACAA,0
TAATCCGAAAAAAATA,0
TAATCCGAAATAAACT,0
TAATCCGAGAATCTCC,0
TAATCCTAAAACATCA,0
TAATCCTAAGTGACAA,0
TAATCCTTATAAGTGA,0
TAATCGAAAGTGACTA,0
TAATCGAATAAAGTAA,0
TAATCGACCATACCCC,0
TAATCGACTACCCCTA,0
TAATCGCGAGAGGTTC,0
TAATCGCGCGTTCAAA,0
TAATCGTATGATAAAT,0
TAATCTACCCCAGGGA,0
TAATCTATAAGTATCG,0
TAATCTATCATTCGTA,0
TAATCTTCTGCATCCT,0
TAATCTTCTGGGGCTC,0
TAATCTTGGCCAGGCA,0
TAATCTTTTAAGTAAC,0
TAATGAAAACGCCACA,0
TAATGAAAAGTGTCTC,0
TAATGAAATCGGAATG,0
TAATGAATTAGAGATT,0
TAATGACAATTCGACT,0
TAATGAGAGACTCGGC,0
TAATGATCACGAACAG,0
TAATGATGCTAAAAAC,0
TAATGCAAATGACCGA,0
TAATGCAATCCGAAAT,0
TAATGCATTAAATTGG,0
TAATGCCCCTGCAGGC,0
TAATGCCTATGAATAC,0
TAATGCGAAAGGATCA,0
TAATGCGCATCATGTT,0
TAATGCGGAATAAACT,0
TAATGCGGCACGCCAA,0
TAATGCGTACAAATTG,0
TAATGCTAGGTGATGA,0
TAATGCTTACCATTCG,0
TAATGGAAACTAGAAA,0
TAATGGATCTTTTACC,0
TAATGTAAAAATTAAA,0
TAATGTCGACACCGAC,0
TAATGTGAGTATCAAA,0
TAATGTGATCTGGTTT,0
TAATGTGCCAATAGCA,0
TAATGTGGGAATTTCG,0
TAATGTTCAGTCCATA,0
TAATTAAAACAGCTTC,0
TAATTAAAAGAAGTCT,0
TAATTAAAATACTAAA,0
TAATTAAACTATGTAC,0
TAATTAAAGAGCGTTA,0
TAATTAACAAATAAAA,0
TAATTAAGACTTGCAA,0
TAATTAATCAGTACCA,0
TAATTAATGCCCCAGT,0
TAATTACAAGCGTAAA,0
TAATTACATGTCAAAA,0
TAATTACGCACCCCAT,0
TAATTACTACTGGACT,0
TAATTAGACTCAACGG,0
TAATTAGTTCGCTGAT,0
TAATTAGTTTAAAAAA,0
TAATTATAATAAGGCC,0
TAATTATTCGAACATA,0
TAATTATTTTTGCCTT,0
TAATTCAAAGTTTAGG,0
TAATTCAACGAAAAGT,0
TAATTCACACAAATTA,0
TAATTCACACTTGACT,0
TAATTCATTATAGATT,0
TAATTCCATCAGTGCT,0
TAATTCGCCCCTCGGA,0
TAATTCTGTCTATAAC,0
TAATTGAACAGACCGC,0
TAATTGAATTTTTCAG,0
TAATTGACAGGAAAAT,0
TAATTGACGAACATTG,0
TAATTGATACAATTCG,0
TAATTGCAAGGAAACT,0
TAATTGCACTCCCGAA,0
TAATTGGACGATCTGA,0
TAATTGTCCTTCAGTA,0
TAATTGTTATAGAATA,0
TAATTGTTTATAATAA,0
TAATTTATAAAATCAT,0
TAATTTGAACTGTTGG,0
TAATTTTAACCTCATG,0
TAATTTTCAAGCCTTC,0
TAATTTTCTTAAAGGA,0
TAATTTTTAAATGTAA,0
TACAAAAAATTAAGTG,0
TACAAAAAGGCTCGAA,0
TACAAAAGACTCAACA,0
TACAAAATTCAAAATC,0
TACAAAATTTGTTGTC,0
TACAAACAAAAACAAA,0
TACAAACAACACAATT,0
TACAAACCCATGATAA,0
TACAAACTACCAATAA,0
TACAAACTAGCCCTTG,0
TACAAACTGGTGCTAC,0
TACAAACTTCCAAAAT,0
TACAAAGATCGCCTCG,0
TACAAAGGACCTAGCC,0
TACAAAGTATGAAAAC,0
TACAAATTGCCCCACT,0
TACAACAGAATGGAAA,0
TACAACAGTCGAAAAG,0
TACAACCAACCTAGCT,0
TACAACCCACCTATTA,0
TACAACCCCCAAGATA,0
TACAACGCTAGATCGA,0
TACAAGAAAAAATTGC,0
TACAAGAAAATAAACT,0
TACAAGCAGTTAACGA,0
TACAAGCCCCAGCCTA,0
TACAAGCTATACTCTG,0
TACAAGGACACATACA,0
TACAAGGACGTCAAGA,0
TACAAGGAGATGGTGT,0
TACAAGGCCAGCAAAA,0
TACAAGGCCCATCGTT,0
TACAAGGTCTAATGAA,0
TACAAGTCCCCGGCAA,0
TACAAGTCCGTAGTCA,0
TACAATAAGCATGGTA,0
TACAATACACTTATGG,0
TACAATACCACTTTAG,0
TACAATACTTTGGGCC,0
TACAATAGCAACCCCA,0
TACAATATGTATCTAA,0
TACAATATTGCAAAGC,0
TACAATCAAAAGGGAC,0
TACAATCAATTTACGT,0
TACAATCTCTATCCAC,0
TACAATGTAGTCAACA,0
TACAATTCCGAAAAAG,0
TACAATTGTATAATGG,0
TACAATTTCATACAAA,0
TACAATTTGAACAACA,0
TACACAAAAAGGACAA,0
TACACAACCTATCGCT,0
TACACAAGGAAAACTA,0
TACACAAGTGAAAGAC,0
TACACAATAACTCTTG,0
TACACAATGAATTAAC,0
TACACACCTTTACACG,0
TACACACTGGCAATGA,0
TACACAGCGACAAATA,0
TACACATACTGATAAA,0
TACACATATCATAAAG,0
TACACATGACTTCTAC,0
TACACCAATAGCTTTG,0
TACACCACCGACATTG,0
TACACCACCTATTACA,0
TACACCGAAGACTTTT,0
TACACCGAATACATTC,0
TACACCGATGAAAATT,0
TACACCTGTAACAAAC,0
TACACGAGATCGTAAG,0
TACACGCAAAAACAGA,0
TACACGCCCTATCGCG,0
TACACGGCGGTTCACG,0
TACACGGTTTTGAGCC,0
TACACGTATACTATAA,0
TACACGTTTATATACT,0
TACACTAAAGTTACAT,0
TACACTAGAATACAAT,0
TACACTATTTCCATGA,0
TACACTCTTACTCACA,0
TACACTGCCTAGTCAT,0
TACACTTATACCGCTC,0
TACACTTCGTGGCATA,0
TACACTTTATGGTCCA,0
TACAGAAGAGTAACCT,0
TACAGAATCTCGATAA,0
TACAGAATGTTTTGTC,0
TACAGACGTAAAGGCT,0
TACAGACTAAAATAAG,0
TACAGACTCATATTCC,0
TACAGAGTTCAACAGA,0
TACAGATAATACCACT,0
TACAGATGCTATTGAA,0
TACAGATTCAATGAGC,0
TACAGCCAGGACACTA,0
TACAGCCCATCCCTCC,0
TACAGCCGTAAAAGTA,0
TACAGCTGATAAAACC,0
TACAGGACCCTCGTTA,0
TACAGGAGGTCCTAAG,0
TACAGGATGTTGTGTA,0
TACAGGCGCTAGACGA,0
TACAGGCTGAACGCTT,0
TACAGGGGCCCTTCTT,0
TACAGGTATTGTAAGA,0
TACAGTACAAACATCA,0
TACAGTCAATTTCTCG,0
TACAGTCGTAACCTGC,0
TACAGTGGACAGTGAG,0
TACAGTTAATGGCTGA,0
TACAGTTCGAAATGCG,0
TACAGTTGATTAACAC,0
TACATAAAAAAAAGTC,0
TACATAAAGGCAATAT,0
TACATAAATAATCAGG,0
TACATACGTAGTAAAG,0
TACATACTAATGTGTA,0
TACATAGAATATGATA,0
TACATAGTTAGTACAA,0
TACATATAACATACAA,0
TACATCAAATATCCAC,0
TACATCATACTCACGA,0
TACATCCATTTACATA,0
TACATCCGGATAAAAG,0
TACATCGGCAAACTAA,0
TACATCGGCGTAAAGC,0
TACATCGTTGTAGCAT,0
TACATCTAGTAACTTA,0
TACATCTTAAAATGAA,0
TACATGCAAAATCAAT,0
TACATGCCAGCTATAA,0
TACATGGCACATTTAA,0
TACATGGTTCATTCCG,0
TACATGTATAGTAAAA,0
TACATGTTACCTTCTT,0
TACATGTTTTTAGAAG,0
TACATTACATCAAATC,0
TACATTACCATACGTA,0
TACATTCATCAATAAC,0
TACATTTAAGTAAGAG,0
TACATTTTTTAATCCA,0
TACCAAAATTTGGCTA,0
TACCAAACTATAGGGG,0
TACCAAACTGTGATTA,0
TACCAAAGGCTGATCA,0
TACCAAATGACCTAAA,0
TACCAACAAAAAACCG,0
TACCAACATGATAATA,0
TACCAACCAAACCCCC,0
TACCAACCCTCACGGA,0
TACCAACGAGTAATCT,0
TACCAAGAACTGGTTA,0
TACCAAGACCACCATG,0
TACCAAGAGTGTAATA,0
TACCAAGGAACTCAAA,0
TACCAATCCTAACCTC,0
TACCAATTGAGAAAAC,0
TACCACAAATTTACTG,0
TACCACCTAAAATACA,0
TACCACGCACGCCTAA,0
TACCACGCATCAGAAC,0
TACCACTTACACGTTT,0
TACCACTTTCACTTTA,0
TACCAGAAGGTTCCAA,0
TACCAGACCGCAGAAA,0
TACCAGATAGTTAACC,0
TACCAGATCGAATTGG,0
TACCAGCCAGATAGTT,0
TACCAGCCCCGTGAAT,0
TACCAGCTGGCAATAC,0
TACCAGGACTAAACAC,0
TACCAGGAGAAAACAT,0
TACCAGTAAAATATAG,0
TACCAGTGGAACAAAT,0
TACCATAAACTAAGAA,0
TACCATCATAAATGGA,0
TACCATCTGATAAAGA,0
TACCATTATTCATAAC,0
TACCATTCTCTTAGAT,0
TACCATTTACAAAACT,0
TACCCAAAAATTTACT,0
TACCCAACTATTGGTA,0
TACCCAAGCTAAAGCC,0
TACCCAATTAATGGTG,0
TACCCATAGAAGTCCA,0
TACCCATCGAAATAAT,0
TACCCATTAGGTGTTT,0
TACCCCAAGTACATAA,0
TACCCCACGCTCCAGA,0
TACCCCGCGGGAATTG,0
TACCCCTAAAAGGGAA,0
TACCCGATTTAGGTGA,0
TACCCGCTGCCAATGA,0
TACCCGGTCTTCATAT,0
TACCCGTTTATATAAA,0
TACCCTACATTGCATA,0
TACCCTATATCTTTCA,0
TACCCTTAAGCTTAAG,0
TACCCTTCCAATGCCT,0
TACCCTTCGGACTACG,0
TACCGAAAATCAGTTC,0
TACCGAAACCATAGAT,0
TACCGAAATAAAGAAT,0
TACCGAACAAACGAGT,0
TACCGAGATGAAACGC,0
TACCGAGATGTTAACA,0
TACCGATCCTGACTAC,0
TACCGATTGACTTGTT,0
TACCGCCACAAGGCTA,0
TACCGCCTTCTGCAAA,0
TACCGGCAACAGCCAG,0
TACCGGCCAGCAACGC,0
TACCGTAAGACTCACC,0
TACCGTACCCATGTTT,0
TACCGTAGCAACAGAA,0
TACCGTCAATGTATTA,0
TACCGTCAGAGGCACC,0
TACCGTCGGTACAAAA,0
TACCGTGAATACACCA,0
TACCGTGAGACTAACT,0
TACCTAAAATTTTGAA,0
TACCTAAAGACGAGGT,0
TACCTAAAGACTTGCA,0
TACCTAACTCGTCTAA,0
TACCTACACGCCTTAA,0
TACCTATCAAACATTA,0
TACCTCTACCATTCAA,0
TACCTGAAACTGTGGG,0
TACCTGCCGCAGAGAG,0
TACCTGTCCGACCACA,0
TACCTTAAGACTCCTG,0
TACCTTATTAATCGCA,0
TACCTTCAGGGAATCG,0
TACCTTCCTAAAAGTT,0
TACCTTGTCAGAAAAA,0
TACCTTTACAAAAGAC,0
TACCTTTCACACAAAG,0
TACCTTTCCATCTTTA,0
TACGAAAAACGCTGAC,0
TACGAAAATAATCACA,0
TACGAAAATCATGACC,0
TACGAAAATCATTTAA,0
TACGAAACAGAATTGA,0
TACGAAACGTAAAACC,0
TACGAAACTCATGCGA,0
TACGAACCAGAGGACC,0
TACGAACGGGTCACAG,0
TACGAACTGGTATAAC,0
TACGAAGAACTAGACG,0
TACGAAGCCCCAACTA,0
TACGAAGCGCGACCCT,0
TACGAAGTAGAAGTGG,0
TACGAAGTTTTACCAA,0
TACGAATGCTGTTGGC,0
TACGACCAGAATGTAT,0
TACGACCCTAGAAAGG,0
TACGACGAGTTCAACA,0
TACGACGTTGATAACC,0
TACGAGACTGCATCTA,0
TACGAGCCTGTCCGCC,0
TACGAGGAATCCTATG,0
TACGAGTTCGACGACG,0
TACGATAAAAAAGAAG,0
TACGATAACTTACCCG,0
TACGATAAGAGTGCAA,0
TACGATAGAACTTGAT,0
TACGATCCTGGCCTCT,0
TACGATCTGTTCTCCA,0
TACGATGACATGGTTA,0
TACGATGATAACGTAG,0
TACGCAATGTGACATC,0
TACGCACGAGTTACTT,0
TACGCATCAATTTAGT,0
TACGCCTACTGAAAGC,0
TACGCGAGCCTATCGT,0
TACGCGATAAAAGTAA,0
TACGCGCATTTTCGCG,0
TACGCGTTCTAAAAAG,0
TACGCTTCCCCAGGGT,0
TACGGAAATACTTTAC,0
TACGGAAATCAGAATT,0
TACGGAATATCATGAA,0
TACGGAGATCTGACCA,0
TACGGAGCCCGTACCA,0
TACGGCTACAAAAGGA,0
TACGGCTAGTACAAAA,0
TACGGGACGGAATAAT,0
TACGGGAGAAGGAGCA,0
TACGGTACATACTTAG,0
TACGGTATCCAGCCAG,0
TACGGTCGAATAGCCA,0
TACGGTTTGAAGACCA,0
TACGTAACAGAAAACA,0
TACGTACAAATCTTAA,0
TACGTAGAAGAAAAGA,0
TACGTAGCCTATAACT,0
TACGTATAGACAATTT,0
TACGTCATATATGGCG,0
TACGTCGATCTCCCAT,0
TACGTGAGAAGCCGGG,0
TACGTGCAGACCATTT,0
TACGTGCGACAAAATC,0
TACGTGGATATTGCAT,0
TACGTGTAATCCCATT,0
TACGTGTTACGTTGCT,0
TACGTTAACTAAACCA,0
TACGTTACATACGGAG,0
TACGTTCACGTTTGAT,0
TACGTTGAATAAAAGG,0
TACTAAAATCGCAAGG,0
TACTAAACAGCCGTGT,0
TACTAAACTTCTAGCT,0
TACTAAATAGACTCCC,0
TACTAACATCAGTCTG,0
TACTAACCACATCCGA,0
TACTAACTTTGTTCCT,0
TACTAAGCAAACAATT,0
TACTAAGCGGTACACC,0
TACTAAGGGGCCTGAT,0
TACTAATAAGAGATAA,0
TACTAATACCAAAAAC,0
TACTAATACCAGTTCT,0
TACTACATTCAGTCAA,0
TACTACATTCCCCATA,0
TACTACCCCGACACAG,0
TACTACCGACCCACTA,0
TACTACGTCGGAGCCC,0
TACTACTTACAAATAC,0
TACTAGAATCGTCGAG,0
TACTAGATGCTATAAA,0
TACTAGGACCTACGAT,0
TACTATAACTCCAAAC,0
TACTATATTCGTATGC,0
TACTATCAAACTCGAA,0
TACTATCCCAAAACCT,0
TACTATCGCACCGTAG,0
TACTATGCCTAGTGGA,0
TACTATGGCAACACAC,0
TACTATTTGTACTGTT,0
TACTCACCATACAAAT,0
TACTCACCCTCTCGGC,0
TACTCACCGCACCATT,0
TACTCACGACCATGTC,0
TACTCACTAAAGCTAA,0
TACTCAGTTTAACCAA,0
TACTCATAATCACTCT,0
TACTCATATGAAATTG,0
TACTCATATTGTCGGG,0
TACTCCAAATCATCAT,0
TACTCCACAAATGTAA,0
TACTCCACCTCCAAAT,0
TACTCCCTGCAGACTA,0
TACTCCTCACTTGGAA,0
TACTCCTTGAATACAC,0
TACTCGACGTCGTACA,0
TACTCGAGTGTAACAA,0
TACTCGCAATTCTGGT,0
TACTCGCCTAGTGGGC,0
TACTCGTAATACCGAA,0
TACTCGTGGCACAATC,0
TACTCTAACAAAAGGG,0
TACTCTGAAAAATAAG,0
TACTCTGTATAAGGCT,0
TACTCTTATAATGTTC,0
TACTCTTTAACTGCAA,0
TACTGAAAAAAAGGAG,0
TACTGAAATCACAACG,0
TACTGAAATCATCTGC,0
TACTGAACCATAGTTC,0
TACTGAATAAGATCCA,0
TACTGACCCAATACTT,0
TACTGACCTCGTTTAA,0
TACTGACGGAACCCTG,0
TACTGATAGCCTACAT,0
TACTGATCCTAATCAC,0
TACTGATGCGCTTTAA,0
TACTGCAACGCGAGCC,0
TACTGCCCTGAATTAG,0
TACTGGCCGACCAGGC,0
TACTGGCTAGGTCTAG,0
TACTGTAAAACGACCA,0
TACTGTAATAAGCTAA,0
TACTGTCGAGGGTCCT,0
TACTGTCTCTTGAATA,0
TACTGTGGAGGAGACG,0
TACTGTTATAACTAAT,0
TACTGTTCACATTATA,0
TACTGTTCTTTGGACG,0
TACTTAATCGTCATAA,0
TACTTAATTAGGGCTG,0
TACTTAATTTAACGAA,0
TACTTACATATAGAGT,0
TACTTACTCCTCGTTA,0
TACTTACTGTCGAACG,0
TACTTAGAGCTCGTTA,0
TACTTAGTTTCCTCGT,0
TACTTATCAGACTAAG,0
TACTTATGAAAGAAAA,0
TACTTATGCTATAGGC,0
TACTTCAACGATACCA,0
TACTTCACCCCTGGAA,0
TACTTCACTCCTCTAC,0
TACTTCATTTACCCCA,0
TACTTCGCTAAAAGAA,0
TACTTCGGGTCCGAAG,0
TACTTCGTTCTGTGAT,0
TACTTCTAATACTACT,0
TACTTGACACTGAAAA,0
TACTTGAGACATGACG,0
TACTTGGCAAACAGAA,0
TACTTGTTCAAATGTT,0
TACTTTAGACCGTACA,0
TACTTTGTTACATCAT,0
TAGAAAAAAGATAAGC,0
TAGAAAAAGTAACTTG,0
TAGAAAAATGATAGAC,0
TAGAAAAATGGCTCCT,0
TAGAAAACTGTCCGGG,0
TAGAAAAGACGGTATA,0
TAGAAAAGCTTACTAA,0
TAGAAAAGTTAGGGGG,0
TAGAAACACACTCAGT,0
TAGAAACCAACAGAAA,0
TAGAAACCTGACCAAG,0
TAGAAACGGGCAACGT,0
TAGAAAGACAAAAGAT,0
TAGAAAGGCCAGGAAG,0
TAGAAATCACCAATTT,0
TAGAAATTGACTAGAC,0
TAGAAATTTGGCACTG,0
TAGAACAAATATTGCG,0
TAGAACAGTTGCAGTT,0
TAGAACATAATATAAA,0
TAGAACCATATTATAG,0
TAGAACCTGCTATACT,0
TAGAACGAATGAGATG,0
TAGAACGACGTTCCTG,0
TAGAACGATATAATAC,0
TAGAACGGGGGTCAAC,0
TAGAACTACCTCGTAC,0
TAGAACTACGCAAACG,0
TAGAACTTGAATATAA,0
TAGAAGAAACCTAGTA,0
TAGAAGAATTAAGCAA,0
TAGAAGATGTAATAAG,0
TAGAAGCGAATCTATA,0
TAGAAGTAAAGCGATC,0
TAGAAGTCGGCTCGTC,0
TAGAAGTCTAAGCACG,0
TAGAAGTTTTAATGGA,0
TAGAATAACCCACCAT,0
TAGAATAATTCAAATG,0
TAGAATACGGGCTAGG,0
TAGAATCCGCTGCGCT,0
TAGAATCTAAAACCCA,0
TAGAATGAACGGCGCG,0
TAGAATGATATCGGAC,0
TAGAATGCAGCAATAT,0
TAGAATGCAGCTGAAG,0
TAGAATTACATCAATT,0
TAGAATTTCATACACT,0
TAGACAAACCCACAAT,0
TAGACAACAGAATCTC,0
TAGACAACCTATCTAA,0
TAGACAAGTGTGACCC,0
TAGACAATCCAAATGA,0
TAGACACCTACAACCA,0
TAGACACCTACCAATC,0
TAGACACTACCTCGCA,0
TAGACACTACGTAAGT,0
TAGACAGAAAATTAAT,0
TAGACAGGCTTAGCTA,0
TAGACAGTCGATAAAG,0
TAGACAGTTACAATAT,0
TAGACATAACACAAGC,0
TAGACCAAAAGTGTTG,0
TAGACCACCGTTGTCA,0
TAGACCATACCGTAAA,0
TAGACCCAAATTACAG,0
TAGACCCAATAAATAC,0
TAGACCCATAATTTAG,0
TAGACCCATCCTTTTG,0
TAGACCCTATAAACTC,0
TAGACCGGCTCGCTAG,0
TAGACGAGTATAATAG,0
TAGACGCACAATTTCG,0
TAGACGGCCCTAAACC,0
TAGACGTTAAAAAGAG,0
TAGACTAACTGTTGTA,0
TAGACTACACTTTCTA,0
TAGACTATAATATATC,0
TAGACTCAGCCGCATT,0
TAGACTGATGGCAAGT,0
TAGACTTATCATAAAA,0
TAGACTTCGCACAAAC,0
TAGAGAAAATCATAGA,0
TAGAGAAAATTATATA,0
TAGAGAAACCCGTGTA,0
TAGAGAAATTAAAGAT,0
TAGAGACTGAGAGCCA,0
TAGAGACTTAACAATG,0
TAGAGAGATACATCAA,0
TAGAGAGTGCCCTCTT,0
TAGAGATAACAGGCGG,0
TAGAGATCCCAAATTC,0
TAGAGCGACCAACTAT,0
TAGAGCGTTTAAGATG,0
TAGAGCTATAGCACGT,0
TAGAGCTGGTGTGCAC,0
TAGAGCTTCGAGCCAC,0
TAGAGGAGGCTTCATA,0
TAGAGGCAGAAGCTGA,0
TAGAGGTATCATTAAG,0
TAGAGTCGTGTTCACA,0
TAGAGTCTGGATGACC,0
TAGAGTTAATTTATCC,0
TAGAGTTGATAGTATC,0
TAGATAAAAATAAACA,0
TAGATAAAACCCGTTT,0
TAGATAAGCCAGAAAC,0
TAGATAATTTATACAA,0
TAGATACACTCTCAAA,0
TAGATACTTGAGCGCC,0
TAGATATAACGAACCA,0
TAGATATATTGTAGTA,0
TAGATATCTTAAATTA,0
TAGATATTACTTAAAT,0
TAGATCAAAGTGGTCA,0
TAGATCAATTACGCAG,0
TAGATCTAAAAGCACT,0
TAGATCTACACTTCAG,0
TAGATCTACATAAAAA,0
TAGATCTTACCTTGAA,0
TAGATGAAACATAAAC,0
TAGATGACAGGTATCA,0
TAGATGAGTCATGAGC,0
TAGATGATACATAACT,0
TAGATGCAAGTCATAT,0
TAGATGGAAGTTGGAT,0
TAGATGGCAACAACCA,0
TAGATGGGTTAATGAA,0
TAGATGTGGCAGTTCC,0
TAGATTAAAACTACAC,0
TAGATTCCCTCACATC,0
TAGATTCCTCGTAAAT,0
TAGATTCTAAACTCGT,0
TAGATTCTTGTACATT,0
TAGATTCTTTAAAGAA,0
TAGATTGGGAACACTC,0
TAGATTTAGGGAAGGA,0
TAGATTTATAGCAAGT,0
TAGCAAAATGTTGAAC,0
TAGCAAACGAATTCCG,0
TAGCAAATACTATCAA,0
TAGCAACAACGATATA,0
TAGCAACTAGGAGCTT,0
TAGCAAGCAATATGAT,0
TAGCAAGCAGGCAAAT,0
TAGCAAGTCATATTTT,0
TAGCAAGTCTATCAAA,0
TAGCAATAAATAGAAT,0
TAGCAATCATTACGCC,0
TAGCAATGGACGCCTA,0
TAGCACAAAAAGCCAA,0
TAGCACAAATTAGATG,0
TAGCACAAGCCAATTA,0
TAGCACGACGAAACTT,0
TAGCAGAAACTATATC,0
TAGCAGAACTCTAGAT,0
TAGCAGGACTTAATGA,0
TAGCATAGATACAGAC,0
TAGCATTCACGGGTTA,0
TAGCCAACTTTACACT,0
TAGCCAAGATACAATG,0
TAGCCAAGATCTAGCT,0
TAGCCAATCCAGGAAA,0
TAGCCAATGAGATGCC,0
TAGCCACCCTTTGTAA,0
TAGCCATGCCGTAGAT,0
TAGCCCAAGCAAGCCA,0
TAGCCGAACTTTCAAG,0
TAGCCGATTGCAGGTA,0
TAGCCGCACTCACTAA,0
TAGCCGGTTACGATAT,0
TAGCCGTTTTGCACCT,0
TAGCCTACAAAGACGA,0
TAGCCTACAATGTAAA,0
TAGCCTCAGTTGAGGT,0
TAGCCTCATACAAAAA,0
TAGCCTCCATCATAGT,0
TAGCGAACCGTATTTA,0
TAGCGACGGATTGGGC,0
TAGCGATCAGATGACT,0
TAGCGATTCATCCTAA,0
TAGCGATTGTTGTTAA,0
TAGCGCGAGTTCTCAT,0
TAGCGGAACTCGTAAA,0
TAGCGGCGCAAAGTAT,0
TAGCGGCTACGAGCGC,0
TAGCGGGACATATAAA,0
TAGCGGTTTACCTACT,0
TAGCGTAACTTTAAGC,0
TAGCGTCCACGACTCA,0
TAGCGTGAGTTTATAA,0
TAGCGTTCGCTGCCTT,0
TAGCGTTGTTACTCCA,0
TAGCGTTTTGCGACGT,0
TAGCTAAAAAGGAGAA,0
TAGCTAAATCAACTCC,0
TAGCTAACTCAGAAGA,0
TAGCTAACTTATACCC,0
TAGCTCCCTGGTCCAT,0
TAGCTGACGCTGAAAG,0
TAGCTGCAAAGCAGCC,0
TAGCTGCGATAGCACT,0
TAGCTTAACGGCGCTC,0
TAGCTTAACTTAGTTC,0
TAGCTTATAACTTCAA,0
TAGCTTATACGATTAC,0
TAGCTTCAGTGACCAC,0
TAGGAAAAAAGATAAG,0
TAGGAAACGGAACATA,0
TAGGAAGAAGTGGCTC,0
TAGGAATATCGAATCT,0
TAGGACAAAGCTCGGT,0
TAGGACCGAAAAAGCG,0
TAGGACCGCACACGTT,0
TAGGACCGCACTATTC,0
TAGGACCTGGAACGCG,0
TAGGACGACCTCAGTG,0
TAGGACGTAGTGCCTA,0
TAGGACTCACGCTGAA,0
TAGGACTCATATCTAA,0
TAGGACTGAGTATGCT,0
TAGGAGATCAATGATA,0
TAGGAGGACCATTTTC,0
TAGGAGTTAAGGCCTC,0
TAGGATAACTGAAGTC,0
TAGGATACCACTCCAC,0
TAGGATCAAAGAGATG,0
TAGGATGCACCAAGGA,0
TAGGCAAATTACGACA,0
TAGGCAATACGTTTAG,0
TAGGCACATGCCGATA,0
TAGGCAGGCTGTACTG,0
TAGGCCCACCTCAAAA,0
TAGGCCGATCGGCTAC,0
TAGGCGGCGTATGTGT,0
TAGGCGTAGCCAAATA,0
TAGGCTACAAAATTCG,0
TAGGCTACAGATATAT,0
TAGGGAAACACGAAGA,0
TAGGGACTCTCATATG,0
TAGGGAGGAGTTTCGA,0
TAGGGCATCAATAACA,0
TAGGGCCAGGTCTGGA,0
TAGGGCTTCGCATAGT,0
TAGGGGACCTGACTTT,0
TAGGGGCGTGCCTTGC,0
TAGGGGCTCAACAATA,0
TAGGGGGCAATCGTAC,0
TAGGGGTTTTACCGCG,0
TAGGGTACAGAAGAAA,0
TAGGGTACAGAGTCTA,0
TAGGGTATCTTGCCCA,0
TAGGTAACAAACTTAG,0
TAGGTATGTTAGGTCA,0
TAGGTCACCCGCGAGA,0
TAGGTCCAGGAATGTG,0
TAGGTCGATTGTAACC,0
TAGGTCTTCATGAGCC,0
TAGGTGCGAGAAGATT,0
TAGGTTAATGACCAAA,0
TAGGTTAGCATTAAAA,0
TAGGTTCACACAATAT,0
TAGTAAACTAATACAT,0
TAGTAAAGGAGCTGAT,0
TAGTAAAGTAGCCGCA,0
TAGTAAATGTTCTACC,0
TAGTAACAAAATATCT,0
TAGTAACAAGGCAACA,0
TAGTAACACAAATATA,0
TAGTAACAGCCCCTTT,0
TAGTAACAGTACTTTG,0
TAGTAACTATACACCA,0
TAGTAACTTTTCTTAA,0
TAGTAAGAACCTGACT,0
TAGTAATACTACCGAG,0
TAGTAATAGTAAAAAA,0
TAGTAATGGGAAGGAT,0
TAGTACCACCCTCTGG,0
TAGTACCACGCTTATA,0
TAGTACGGTCAATTTT,0
TAGTACGTATACCGAT,0
TAGTACTTCGAACAGG,0
TAGTAGTACGGTAAGC,0
TAGTAGTGATGTAACT,0
TAGTAGTGTGTCACCA,0
TAGTATAAAAATGGTA,0
TAGTATATAAAAAATA,0
TAGTATATAGGATGCT,0
TAGTATCGATGCTCCT,0
TAGTATGTATGATACT,0
TAGTATTCCGGGATTC,0
TAGTATTTATAGTTCT,0
TAGTCAAACAAAACAA,0
TAGTCAAGTCATATGA,0
TAGTCACCGTCCGATG,0
TAGTCCAAATACGTTA,0
TAGTCCACCTATACTT,0
TAGTCCAGTAAAAGAA,0
TAGTCGATGAACGAGG,0
TAGTCGTTTTCAAAAA,0
TAGTCTCATGTATCCA,0
TAGTGAAGGTCGAGAC,0
TAGTGACGAAGCAATT,0
TAGTGATCAACCTTCT,0
TAGTGATCTATAAGTA,0
TAGTGATGGAGTACCA,0
TAGTGCTCAACAAAAA,0
TAGTGGATCGCCGACT,0
TAGTGGCAAAACAGGC,0
TAGTGGTACAATTTGG,0
TAGTGGTACGAACTCA,0
TAGTGTAATAATGGAT,0
TAGTGTGTAATAACGT,0
TAGTTAAACTGTACGA,0
TAGTTAAGCCGGTATC,0
TAGTTAATGAGCGATG,0
TAGTTACAAACTACCA,0
TAGTTACTACTGGCTG,0
TAGTTATACAAGAAAA,0
TAGTTCATGGTCTACT,0
TAGTTCCGCTTATAAG,0
TAGTTCGGACAGAGCC,0
TAGTTGAATTTAGGAC,0
TAGTTGACAGTTGACC,0
TAGTTGAGTTGCTTGC,0
TAGTTGATAGATCAAG,0
TAGTTGCCATACAACG,0
TAGTTGTTGTCGCGAC,0
TAGTTTAAAGTTGTCC,0
TAGTTTACGATGTAGA,0
TAGTTTATTACCAGCA,0
TAGTTTGAGTTATCTA,0
TAGTTTTATACAAAAT,0
TATAAAAAAATAACCT,0
TATAAAAAATTCGAAA,0
TATAAAAACATACAAC,0
TATAAAAACCAAAGAT,0
TATAAAAACCACCAAG,0
TATAAAAACCCCTACA,0
TATAAAAATGGACTAA,0
TATAAAACCTGACCCG,0
TATAAAACTCAAATGG,0
TATAAAAGAACTGTCT,0
TATAAAAGATATAGAG,0
TATAAACAATATGCTC,0
TATAAACAGACATAAC,0
TATAAACTAAACGTTC,0
TATAAACTAGGAGAGT,0
TATAAAGAAAAATTCA,0
TATAAAGAAACTTATG,0
TATAAAGAAATATAAT,0
TATAAAGAGGGGGAGT,0
TATAAAGCACCAGTTG,0
TATAAAGGAGACACTG,0
TATAAAGGGCAAATGG,0
TATAAATACGCATAAC,0
TATAAATACGCCACAG,0
TATAAATATATTTTTT,0
TATAAATCTAAGCCAG,0
TATAAATTTGATGAGA,0
TATAACAAGTTGAATG,0
TATAACAGACAATAGT,0
TATAACAGCGCGTGCA,0
TATAACAGTATGAAGA,0
TATAACCAAAAGGCAG,0
TATAACCACAAGAAAA,0
TATAACCACCTAACCA,0
TATAACCCATAAACGG,0
TATAACCCTGTATATA,0
TATAACCGAACTACAG,0
TATAACCGACGTAGCC,0
TATAACGATGATTGTA,0
TATAACGGGCATAGAC,0
TATAACGTCTGTACGT,0
TATAACTAAACATCGA,0
TATAACTAGCAATATT,0
TATAACTGGAAATATA,0
TATAACTGTGAGATAG,0
TATAACTTTGGGCCCG,0
TATAAGAACTACCAGA,0
TATAAGAAGTTATACC,0
TATAAGATCAGTCGGC,0
TATAAGCAAACGAAGA,0
TATAAGGACGGTTGTG,0
TATAAGGCGTAAACTT,0
TATAATAAACAGCTTC,0
TATAATAAAGCGCTGA,0
TATAATAATCCACAAA,0
TATAATACAACGTCTG,0
TATAATACGCAGGGAA,0
TATAATACTACAAGGC,0
TATAATAGAAAAACAA,0
TATAATAGCCGTCTTA,0
TATAATATTACTCGAT,0
TATAATCAAGGTTGCC,0
TATAATCATCAAGACT,0
TATAATCTGGAGCTAT,0
TATAATGAACTCCGAA,0
TATAATGACAATAAGA,0
TATAATGTACTTATAA,0
TATAATGTGAATACCA,0
TATAATGTTACTCTCA,0
TATAATTAGGAGAACA,0
TATAATTGAATCATGA,0
TATAATTTAGGATACG,0
TATAATTTCCTGACAC,0
TATACAAACATACAAG,0
TATACAAGACGGCTTG,0
TATACAAGAGCTAACA,0
TATACAATGGCTCCAT,0
TATACACACATCGTAA,0
TATACACATTGTACAA,0
TATACACCCTGCAACC,0
TATACAGCAATGCATA,0
TATACAGTAATAACCG,0
TATACATCTTGATAGA,0
TATACATGAAAATAGC,0
TATACATTTGAGTTAT,0
TATACCACTTGCAACC,0
TATACCATGTCGTACC,0
TATACCCAACTATTAA,0
TATACCCCGCCAAGAG,0
TATACCGAAGGTAGCT,0
TATACCTACAGACAAA,0
TATACCTATAGAACAG,0
TATACCTATTATAAAC,0
TATACGCCATGTATGT,0
TATACGCTATGGATAC,0
TATACGGACCCTCCGA,0
TATACGTGCTATTATG,0
TATACGTTTTAACATT,0
TATACTATGACCTAAT,0
TATACTCAATTTAAAA,0
TATACTCATGTATTGG,0
TATACTCGACTTTATA,0
TATACTGAAAGACTGT,0
TATACTGGACCTCAGC,0
TATACTGTCTATACCA,0
TATACTTAATGCTGGA,0
TATAGAACTGAGCATA,0
TATAGAAGCGTAAGAG,0
TATAGACCCGGAAGGG,0
TATAGACGAGAATGGC,0
TATAGAGTCCAAGAAT,0
TATAGATATTAAAAAA,0
TATAGATTATACCTCA,0
TATAGATTTGATGCGA,0
TATAGCAAAATCAGAT,0
TATAGCACAGCCCATG,0
TATAGCACGCTAATTG,0
TATAGCAGGCGCGCCT,0
TATAGCATGCCAGTGA,0
TATAGCGTCTGGATAA,0
TATAGCTAAGCGTAAT,0
TATAGCTTATAAGACC,0
TATAGGAAAACTATAA,0
TATAGGACCGTACTGC,0
TATAGGATTCGGATAG,0
TATAGTAATATACCAA,0
TATAGTATTGTAATAT,0
TATAGTCAAGAAACAA,0
TATAGTCCTATCATAG,0
TATAGTCCTGGCCCAC,0
TATAGTCGATACACAG,0
TATAGTGCCATGCGCT,0
TATAGTTGCCGACAGC,0
TATAGTTTGTCAAAGA,0
TATATAAAAATAGAGG,0
TATATAAACGGTTAAA,0
TATATAAATACAATGG,0
TATATAACCCGTCACG,0
TATATAACCGAATCGT,0
TATATAACGTACACAC,0
TATATAACTAGCACTA,0
TATATAAGCTTTACGC,0
TATATAATACACTATA,0
TATATAATATACATAG,0
TATATACGGTTCTAGA,0
TATATAGCTAATAGTA,0
TATATAGCTCGGGTCG,0
TATATAGCTTTTTAAA,0
TATATATAATTGAGAT,0
TATATATCGATTAATC,0
TATATATGGCTCTGGA,0
TATATATGTCACTCGA,0
TATATCAAAATCTAAA,0
TATATCAATCCTTTGG,0
TATATCAGGTTCATAC,0
TATATCCATAAACCCA,0
TATATCTGTTAAAATT,0
TATATGAAGCTTATAT,0
TATATGACAGCGCGAG,0
TATATGAGCTGGGGCA,0
TATATGGAAACCAATT,0
TATATGGAAGATGAAA,0
TATATGGCAGGGAATG,0
TATATGGGAGAATAAC,0
TATATGTCATAAAGTG,0
TATATGTGAAACATGA,0
TATATTAACAACTTCA,0
TATATTAACAAGAAGA,0
TATATTACATGTGTAC,0
TATATTCACAAGACTT,0
TATATTCGGATTATCA,0
TATATTCGTATCAACA,0
TATATTCTAGAATCAT,0
TATATTGACCCTATAG,0
TATATTGGATTTAACA,0
TATATTTAAAGCTCCC,0
TATATTTGCAACCCGC,0
TATATTTTTCAAGGAA,0
TATCAACCTCTCAGAG,0
TATCAACTAGACCCAG,0
TATCAAGAGCACAAGA,0
TATCAAGGAGGCGCAG,0
TATCAATACAAAGTAC,0
TATCAATTCAAACCGA,0
TATCAATTTTTAAGCA,0
TATCACAAAACAAAAT,0
TATCACAAATACCACA,0
TATCACAGAAATCAGC,0
TATCACCTATCAACCA,0
TATCACGGCAGACGAA,0
TATCACTAAATCTATC,0
TATCACTCCCCAGACA,0
TATCAGAATACATACA,0
TATCAGCAAAACTATA,0
TATCAGCCCGGTCATA,0
TATCAGTCTCAGCTCG,0
TATCAGTGTTGATAGC,0
TATCAGTTGACCTCTG,0
TATCAGTTGCTAAGCC,0
TATCATACCTCGGATT,0
TATCATATTACTTGCC,0
TATCATCCAATTTGAG,0
TATCATCCTTTATTCA,0
TATCATCTATTCGAAC,0
TATCATGATGATGAAT,0
TATCATGGTCTATAGT,0
TATCATGTATAAGCTT,0
TATCATGTCATACAGA,0
TATCCAAATAGAAATG,0
TATCCAACGCCTTGTA,0
TATCCAAGCTCAATCC,0
TATCCAAGGACCACGG,0
TATCCAGAATGCCGAT,0
TATCCAGACGAAGATA,0
TATCCATACGCCGACC,0
TATCCCAGCTAGATCA,0
TATCCCCACATGACGA,0
TATCCCGAAAAAAACA,0
TATCCCGCGGTAATGC,0
TATCCCTAGGACAAGC,0
TATCCCTCAATGCATT,0
TATCCCTTAAACACCG,0
TATCCGAAAAGAAGTA,0
TATCCGAATGAAAAAT,0
TATCCGAGGGATTGCC,0
TATCCGTCCGTCTCAG,0
TATCCGTGCCATTGCA,0
TATCCTAGTATAAGGA,0
TATCCTTCAGAACCAC,0
TATCCTTGAACGCCTA,0
TATCGAAAGTTGCCAG,0
TATCGAACTATCGCAA,0
TATCGACCAATACAAT,0
TATCGACGATTGGAAA,0
TATCGACGGATAATTA,0
TATCGAGATTACAACG,0
TATCGAGGAGATATGC,0
TATCGAGTTTTCCGTC,0
TATCGATAACCGAGCC,0
TATCGATTCTAATGAC,0
TATCGCATGATGAATC,0
TATCGCCAAACATCCT,0
TATCGCGCTATGAAAC,0
TATCGCTTTGAGATAA,0
TATCGGAATGCGTAAG,0
TATCGGATGAGAGGTA,0
TATCGGCAATTAACGG,0
TATCGGCCTATTTGAT,0
TATCGGTGCCATAATA,0
TATCGTAATTTATGCA,0
TATCGTACTCAAAGTA,0
TATCGTCTTCGTAATG,0
TATCGTGAGCACTAAA,0
TATCGTTTTTTGTTCT,0
TATCTAAAATCATCCC,0
TATCTAAACCGACGTA,0
TATCTAAAGTAACCTA,0
TATCTAAGATGTATGA,0
TATCTACAAGATACCG,0
TATCTACATAAAAAGA,0
TATCTACATATTCCAG,0
TATCTACGTCGATCTA,0
TATCTAGGTAAAACTT,0
TATCTATTTCGACAAT,0
TATCTCAAATACCAAG,0
TATCTCAAATAGAATA,0
TATCTCAAGAATTAAG,0
TATCTCAAGTCTAATG,0
TATCTCAATAGAAATC,0
TATCTCAGCAAAAACC,0
TATCTCAGGCCACACC,0
TATCTCCGGTAGAAGT,0
TATCTCGGTTCCCATA,0
TATCTCTACGGAGGTA,0
TATCTCTCATAAACGC,0
TATCTCTTACAGACCA,0
TATCTGAAAAGAAAAG,0
TATCTGATTGAATAAT,0
TATCTGCTTATAACAC,0
TATCTTAACAAGGAGG,0
TATCTTAACGCTACAA,0
TATCTTAGGACAATAA,0
TATCTTATGTCCATCC,0
TATCTTATTCAACAAA,0
TATCTTGAAAAAGCTT,0
TATCTTGAACCAAAGC,0
TATCTTTCCCAAAAGG,0
TATCTTTGACCAAAAA,0
TATGAAAAAAAAAGTA,0
TATGAAAGAAATCTAT,0
TATGAAAGACCGAGAT,0
TATGAAATAACCTTTC,0
TATGAAATGCGTAAGA,0
TATGAACCCCACGTCC,0
TATGAACCGTAAACGT,0
TATGAACTGGTGGCCT,0
TATGAAGGTGATTAAA,0
TATGAATATAAGATGG,0
TATGAATTCATAATGA,0
TATGAATTTGAAAAAT,0
TATGAATTTTTACCCC,0
TATGACAAAAGCAACA,0
TATGACACTAAATACT,0
TATGACCATGAGAAAT,0
TATGACCCTAGGTTGC,0
TATGACCTCTATTTAC,0
TATGACGATCTGAGAG,0
TATGACGCTCCAAACG,0
TATGACGTCCACACGA,0
TATGACTAGTGGAGAT,0
TATGACTTTTGGGGCG,0
TATGAGACCCTCTAGG,0
TATGAGACTGACATTT,0
TATGAGATAAACGCTA,0
TATGAGATAAGTGTTC,0
TATGAGCCATTGTACC,0
TATGAGGGTATACGAT,0
TATGATAAAAAGTAAA,0
TATGATCACTCCATTC,0
TATGATCCGGGTATCG,0
TATGATGGCAAAATTT,0
TATGCACGATGTAGAA,0
TATGCAGAACAGGCAA,0
TATGCAGATCTTACCA,0
TATGCAGGACAGGGGA,0
TATGCATACAACCCTA,0
TATGCATACGAACTAA,0
TATGCCATCGTCTAGC,0
TATGCCCAAAATTCTG,0
TATGCCGAGGAGACTT,0
TATGCCTAATGGCTAA,0
TATGCCTCCGTTAAAA,0
TATGCGAATGTGAGAA,0
TATGCGATGAAAAACG,0
TATGCGCTAAACAGCA,0
TATGCGTGACGCATGT,0
TATGCGTTTGCATACG,0
TATGCTAAAAGAGCGA,0
TATGCTAAATGGACGA,0
TATGCTAAGATATTTG,0
TATGCTATAAGACAAT,0
TATGCTCTTTTTGACA,0
TATGCTGTACACATAA,0
TATGCTGTCATGAGGT,0
TATGCTTGAAAACTTA,0
TATGCTTTAGCCGTTG,0
TATGGAAATACAAACA,0
TATGGAAGTAACGTGT,0
TATGGAGTCAGTTAAA,0
TATGGATCAAGGAGCC,0
TATGGATTACACTATA,0
TATGGATTCAAAGTTA,0
TATGGCAAGTAAACAA,0
TATGGCACCCTTACAT,0
TATGGCAGAATGAACG,0
TATGGCATGACAAGTA,0
TATGGCGATGCCAATG,0
TATGGCTGACTCTTAT,0
TATGGGAATCCCTATG,0
TATGGGAGATAAAAAC,0
TATGGGCTAAAGTACA,0
TATGGGCTTAAATTAA,0
TATGGGTCCCAAATTT,0
TATGGTGCTAATAACA,0
TATGGTGGCGAGATAG,0
TATGGTTGCGTCAGCA,0
TATGGTTGCGTCAGCG,0
TATGGTTTATAATGCA,0
TATGTAAACTGTACAC,0
TATGTAGAATCGATGA,0
TATGTATTAACCGGGA,0
TATGTCAAATAGGAAT,0
TATGTCCAATGACTAA,0
TATGTCTTGTCCTCAA,0
TATGTGAATGCAGCGA,0
TATGTGATAATCCACA,0
TATGTGCAAATAATCA,0
TATGTGTAAAAGTAGA,0
TATGTGTAGTAAAAAA,0
TATGTTAGATGTACGA,0
TATGTTGAATTTAGGT,0
TATGTTGTAAGATAAA,0
TATTAAAAACAAATAC,0
TATTAAAATAGCATTC,0
TATTAAAGTGTATGCT,0
TATTAAATAAGCAACA,0
TATTAACATCGCATTA,0
TATTAAGATAGTCAAC,0
TATTAATAGCATGCCC,0
TATTAATATTCTAATT,0
TATTAATCTTACTTAC,0
TATTAATGGAGTAGAA,0
TATTACAAGGGTTTAA,0
TATTACAATCTAATCA,0
TATTACATTTATGAAT,0
TATTACGACTAAAGAA,0
TATTACGCTAAAGTCT,0
TATTACGTGCGAATCC,0
TATTAGAAACATCAAC,0
TATTAGAAGAACGTAC,0
TATTAGAAGACACATT,0
TATTAGAAGGACGGGA,0
TATTAGAATGCCAAAA,0
TATTAGAGCTCAGTAA,0
TATTAGCAAATAGTCG,0
TATTAGGATTACAAGA,0
TATTAGTTCTAAATTC,0
TATTATAACCCGGAGA,0
TATTATATAAGATACA,0
TATTATATAATTGATT,0
TATTATATCAATCCAC,0
TATTATCGCGGAGTAG,0
TATTATGAATAACGGC,0
TATTATGATGCAGTTG,0
TATTATGCAACGCGCA,0
TATTATTAGACTGCAA,0
TATTATTATACAAAAT,0
TATTCAAAGTACCAGT,0
TATTCACCATAAGCAG,0
TATTCACTAACACCCC,0
TATTCACTTACTGACT,0
TATTCAGAACCACTAT,0
TATTCAGAACCGGCAT,0
TATTCAGAGAGGAACA,0
TATTCAGTAGAAGTAT,0
TATTCATACGTTTACA,0
TATTCATTACATAAAA,0
TATTCCCAGGGTTTGC,0
TATTCCGCCATGCAGC,0
TATTCGCGGACTAGAT,0
TATTCTAATAGTTGAG,0
TATTCTATCTCTCATA,0
TATTCTCAACAAAAGA,0
TATTCTCACTATATCC,0
TATTCTCAGGCGAATC,0
TATTCTGCACCTTTGA,0
TATTCTTGTTCTCGTA,0
TATTGAAAATCTCCCG,0
TATTGACGGCTCGAAT,0
TATTGAGTGCCTCAAA,0
TATTGATAATGGAGTT,0
TATTGATCAGCCCTGA,0
TATTGCACATCAATGG,0
TATTGCCTATAACTTC,0
TATTGCCTTTACCTGT,0
TATTGCTTTTCCTAAC,0
TATTGGAAAGACTATT,0
TATTGGAAGTCGGACT,0
TATTGGACTAGAATAG,0
TATTGGCATATACATA,0
TATTGGGCAAATCGAT,0
TATTGGTGACGTCATC,0
TATTGGTTACAATCTA,0
TATTGTAAGCCAATTC,0
TATTGTCCCATAAAAG,0
TATTGTTAAACTACAC,0
TATTGTTAAATTGTTT,0
TATTTAAATATGAGTC,0
TATTTAAATGGAAGGT,0
TATTTAAATTACCAGC,0
TATTTAACTAAAGTAC,0
TATTTAAGCTAAGATT,0
TATTTACAAAAGCCCT,0
TATTTACCAATAGATC,0
TATTTACGACTCACTA,0
TATTTAGAAACATTCC,0
TATTTAGACACATATA,0
TATTTAGGCCCTAGGC,0
TATTTCAACTTAGGGA,0
TATTTCACAAAGCAGA,0
TATTTCACCTGAATAA,0
TATTTCATATCCCCCT,0
TATTTCATTAAAAGGA,0
TATTTCCCAACCAACT,0
TATTTCCCGCGGACCA,0
TATTTCTCGCACAACA,0
TATTTGAGGCCCATAC,0
TATTTGAGTAAGTCAA,0
TATTTGCCACTATGGA,0
TATTTGCCGCAATAAA,0
TATTTGCGAAGTCTTA,0
TATTTGTGCCTCCTGT,0
TATTTTACACTTTACA,0
TATTTTACGGTCTAAT,0
TATTTTCGACTCTCAA,0
TATTTTGATATTTCCA,0
TATTTTGCTGATGTCG,0
TATTTTGGCCCGAACA,0
TCAAAAAAAAGGGCAT,0
TCAAAAAAATTGCCCA,0
TCAAAAAATTAAAAAC,0
TCAAAAAATTAAACTG,0
TCAAAAAATTTCTCAC,0
TCAAAAACCTACGTAA,0
TCAAAAACTAGCTCGC,0
TCAAAAACTATGTTGA,0
TCAAAAACTTTCCATT,0
TCAAAAAGAACCCGTG,0
TCAAAAAGAGGAATGA,0
TCAAAAATACGAATAC,0
TCAAAAATAGGTCTGC,0
TCAAAAATTTCAATGC,0
TCAAAACTTCAGAACA,0
TCAAAAGATGCTACAA,0
TCAAAAGATTATTAAA,0
TCAAAAGCAAACTACT,0
TCAAAAGCCAAACATG,0
TCAAAATCCATCAAAA,0
TCAAAATCGGCATGGA,0
TCAAAATGTATGTTCA,0
TCAAAATTTATATGTA,0
TCAAACAAAGAAAGAC,0
TCAAACACCCATGATC,0
TCAAACCAAAAGTTCC,0
TCAAACCACTAACCTA,0
TCAAACCACTCTTTGT,0
TCAAACCTAACGAGTC,0
TCAAACGCACGGGCAG,0
TCAAACGGCGATGAGC,0
TCAAACGTCCAAATAT,0
TCAAACGTGGTCCTAA,0
TCAAACTATGTAATAT,0
TCAAACTCGAATAGAA,0
TCAAAGAAAAGTGGCG,0
TCAAAGAACCGCCCCC,0
TCAAAGAAGTGAGAAT,0
TCAAAGAATAACTTGC,0
TCAAAGACTGTACATT,0
TCAAAGAGGCGCCGTC,0
TCAAAGCGACTCCTGC,0
TCAAAGCTTTACACTA,0
TCAAAGGAGCTTTCGA,0
TCAAAGGCTAGTCCTA,0
TCAAAGTAACTCATTA,0
TCAAAGTGACAGACAG,0
TCAAATACGCGGAGCC,0
TCAAATACGGTGAGTG,0
TCAAATACTGATAGGA,0
TCAAATAGAGGGCCAA,0
TCAAATCTCCTACAAA,0
TCAAATGGTTACGTAA,0
TCAAATTATAACCCAA,0
TCAAATTATTCTGCAA,0
TCAAATTCCGACTATC,0
TCAAATTGTTGGATAG,0
TCAACACAATCGACAA,0
TCAACACACCAATTAC,0
TCAACACGAAATAAAC,0
TCAACACGAGTAATAT,0
TCAACACTAATACGAG,0
TCAACATATATATAAA,0
TCAACATGGAGGTATT,0
TCAACATTAGGAGGAA,0
TCAACCAACGGGCAAT,0
TCAACCACATGAAAAA,0
TCAACCATGCAGATTG,0
TCAACCCATATAACAA,0
TCAACCGGGAGCAATC,0
TCAACGAGAACAAGGC,0
TCAACGCAACCAAATG,0
TCAACGGATAGCCGCA,0
TCAACGGCAAAATCTA,0
TCAACGTAAAAAAAAG,0
TCAACGTCATCGTCAG,0
TCAACGTCATGTGAGC,0
TCAACGTTTGGGCTTG,0
TCAACTAAAAAAATGT,0
TCAACTAACAAACCGA,0
TCAACTATCGTTTCCA,0
TCAACTCCCAACCCGC,0
TCAACTCTCCGTTCAC,0
TCAACTGAAAGGTAAG,0
TCAACTGAACTAGGAT,0
TCAACTGATTGAAATT,0
TCAACTGTACCCCATT,0
TCAAGAAAAGGCCAAA,0
TCAAGAAATATATTTC,0
TCAAGAAATCGAATAA,0
TCAAGAAGACTACCAG,0
TCAAGAATCAAAAGCA,0
TCAAGAATGCATCCAT,0
TCAAGACTATGATATA,0
TCAAGACTTAAGCTGT,0
TCAAGAGATCTTAAAT,0
TCAAGAGGAAAGGATA,0
TCAAGATAGGTCGTCT,0
TCAAGATTCGTCATGT,0
TCAAGATTTCACTGAA,0
TCAAGCGCACGCACTT,0
TCAAGCGCATAAGGTG,0
TCAAGCTTGCACTCGA,0
TCAAGGAGGCTCATTG,0
TCAAGGATGAATATGC,0
TCAAGGATTGACGGGC,0
TCAAGGCCAGCGCATG,0
TCAAGGGTAATCCACT,0
TCAAGTACCTTGAATA,0
TCAAGTCAGACCCGTA,0
TCAAGTGAGTAATAAG,0
TCAAGTTGGCGCCAAG,0
TCAAGTTTTATGAACC,0
TCAATAAAACCTAAAA,0
TCAATAAACAACTACT,0
TCAATAACTCAGTGCA,0
TCAATAAGCGGTTTCG,0
TCAATACACAGAAAAG,0
TCAATACGAGCGATAG,0
TCAATACGGAACATTA,0
TCAATACGTTAGTCAC,0
TCAATAGACCCAAGGG,0
TCAATAGATAATCCCA,0
TCAATAGATCGAAAAG,0
TCAATATAACACAGAG,0
TCAATATACCCGGGTA,0
TCAATATTTCGGCCTC,0
TCAATCAAAGACACCA,0
TCAATCAAATTGTCGA,0
TCAATCAATTAAGTTA,0
TCAATCAGGTCAAAGT,0
TCAATCATAGCATATC,0
TCAATCCCCGAGTACA,0
TCAATGAACAAAACAC,0
TCAATGAATAAACCAT,0
TCAATGAATTCCACTA,0
TCAATGAATTGAAGAC,0
TCAATGCGCAAGTGCT,0
TCAATGCTGATTTACC,0
TCAATGGGGCTATGGT,0
TCAATGTACAAGTTTA,0
TCAATTAATTCGAACG,0
TCAATTAGCCGATTGC,0
TCAATTCAAAAACTCG,0
TCAATTCCAACTAACT,0
TCAATTCCTCAATAAC,0
TCAATTGGAAATGAAT,0
TCAATTGGACACTAGG,0
TCAATTGGTTACATAT,0
TCAATTTCGTGCCCAG,0
TCAATTTGAATGCTTA,0
TCAATTTTACAACCTC,0
TCACAAAACCGAACTC,0
TCACAACAACTGCTAA,0
TCACAACACGCTGCAA,0
TCACAACCTAAAAGCT,0
TCACAACGTTGGATAG,0
TCACAAGAACTATGAA,0
TCACAAGCCCTGTCCA,0
TCACAAGCCTTCCTGG,0
TCACAATGAGCCACTC,0
TCACACAATGCAACCG,0
TCACACACGTGAACCA,0
TCACACCAAAAAGGAC,0
TCACACCCTACTATAC,0
TCACACCTACTCAATG,0
TCACACTGACAAGTAC,0
TCACACTGTATTACAC,0
TCACAGAAACAATACG,0
TCACAGAAATTTGTAA,0
TCACAGAACGCCGTGC,0
TCACAGAGACAAATCG,0
TCACAGATATACTTAA,0
TCACAGCACATTTCGG,0
TCACAGCCAAACGAGA,0
TCACAGGGCTCAAAAG,0
TCACATATTGATAAGA,0
TCACATGGTATCGGAG,0
TCACATTTTAATATGG,0
TCACCAAGAAGGTCCT,0
TCACCAATGGACCAGA,0
TCACCAGGTGAGGTAT,0
TCACCATAATTTAACT,0
TCACCCAGATGAATCC,0
TCACCCCGTGATACGT,0
TCACCCGAATCATAAA,0
TCACCGCGGTCTAATG,0
TCACCGGTATCAATAA,0
TCACCGTTATACCACG,0
TCACCTAAAAGACCTG,0
TCACCTAACATGGATT,0
TCACCTCTTTTTCGTG,0
TCACCTGATGTAACTC,0
TCACCTGGCCAACAAG,0
TCACCTGGCGTGATCA,0
TCACCTGTTTCGACTC,0
TCACCTTAAGATGTAT,0
TCACCTTAGTTATAGA,0
TCACCTTGGAAACAAG,0
TCACGAAAATCTTCGA,0
TCACGAATAACTTAAC,0
TCACGACAGCTTCCCT,0
TCACGAGAAAGTACAA,0
TCACGAGAAGCAGCGA,0
TCACGAGACAGGAAGG,0
TCACGAGCATCCTGCA,0
TCACGATAATAATATT,0
TCACGATAGCAGGCAG,0
TCACGATTGACCCAAA,0
TCACGATTTAAGAATT,0
TCACGCAGGTGACCAA,0
TCACGCCGAGAAATCA,0
TCACGCCTTAATTACA,0
TCACGGGCGATGATCT,0
TCACGGTACAGAATTA,0
TCACGTATGTCAAATT,0
TCACGTCATCAAAATC,0
TCACGTCGTCAACCTT,0
TCACGTGGCATAAAAC,0
TCACGTTGTCATAGGA,0
TCACGTTGTGACATAA,0
TCACTAAATACCGTTC,0
TCACTACAGGTATCGA,0
TCACTACTACACATGA,0
TCACTAGCTAATGCAT,0
TCACTATACTTCCAAA,0
TCACTCATCAGCGGAT,0
TCACTCGCAGTCGCGC,0
TCACTCTAGGAAGTAC,0
TCACTGGGTAAATACC,0
TCACTGGTACATAACA,0
TCACTTAGACTGGACA,0
TCACTTCAAAAAACCG,0
TCACTTTAACATAGGA,0
TCAGAACGTATAAACC,0
TCAGAAGAATATATCT,0
TCAGAAGATCGGCGGC,0
TCAGAAGGGACAACTC,0
TCAGACAGAAAGTCCA,0
TCAGACCTTATGCGTA,0
TCAGACTGCAAGGATT,0
TCAGACTTCTAAAGAA,0
TCAGAGAACCATTCGT,0
TCAGAGAGATTCGCAC,0
TCAGAGCAATCATTAA,0
TCAGAGCGAAATATAA,0
TCAGAGCTCGTAGATT,0
TCAGAGGTTACCTAGT,0
TCAGATAGTGCCACAC,0
TCAGATTACATAATCA,0
TCAGATTTATTATCTA,0
TCAGATTTGTATGACA,0
TCAGCAACATCTTTAA,0
TCAGCAAGACAGGACG,0
TCAGCACATTCGATTT,0
TCAGCATCATAAAATC,0
TCAGCATGTTAAACGA,0
TCAGCCCTGCTTTAAA,0
TCAGCCGGAGTAAGGT,0
TCAGCCGGGTCAAATA,0
TCAGCGAATGCGTTAA,0
TCAGCGACCCCGAACC,0
TCAGCGCAACTCGCAC,0
TCAGCTAAATACATTT,0
TCAGCTAGCTTGTAGG,0
TCAGCTCATAGTCTAA,0
TCAGCTCTGAGATAAG,0
TCAGCTTCAAACCGCG,0
TCAGGAAGTCGAATAC,0
TCAGGCAACGATACCA,0
TCAGGCATCCCTACGA,0
TCAGGCCGGTCCAACC,0
TCAGGCGGAATTCATT,0
TCAGGGGATTGTAAAT,0
TCAGGTCTAATTAGCT,0
TCAGGTCTGAATATGG,0
TCAGGTTCGTGAATTT,0
TCAGTAAAACAACAAA,0
TCAGTAACACAAGCGA,0
TCAGTAATATTTAAAA,0
TCAGTACGCAATTAAT,0
TCAGTATATCGAATGA,0
TCAGTCACACAACACC,0
TCAGTCGTGAAAATCC,0
TCAGTCTATACTAATT,0
TCAGTCTTAGAAAGAA,0
TCAGTGACATCTGATG,0
TCAGTGAGACTTAATC,0
TCAGTGGAAATGCGCA,0
TCAGTGGGCGCAAAAA,0
TCAGTTATTTAATAAG,0
TCAGTTCATGAAATTG,0
TCAGTTCGAATCTCCT,0
TCATAAAAACCCATCA,0
TCATAAAACCTGTTTT,0
TCATAAAACTTAGGCG,0
TCATAAACTAGCACAT,0
TCATAAAGGACTACCT,0
TCATAACCCGTCAGTA,0
TCATAACGAGATCGCC,0
TCATAACTTATTTCAG,0
TCATAAGATTGTTCCA,0
TCATAAGGTGAAAACA,0
TCATAAGTGTAAAAGT,0
TCATAATAAAATCTGA,0
TCATAATAACGCACCA,0
TCATAATAGCCGCGGT,0
TCATACACAAAATCTG,0
TCATACATATAACGTA,0
TCATACCAAGTATCAA,0
TCATACCCATACTCCA,0
TCATACGATCATAACA,0
TCATACTGAACACTTG,0
TCATAGAAAAGAAACA,0
TCATAGATGTTATTTA,0
TCATAGTTGCACAACG,0
TCATATAACAAAATCT,0
TCATATAAGAACAAAG,0
TCATATCTGTTCGACA,0
TCATATGCACAAGGGT,0
TCATATGCATTCATAA,0
TCATATTTGAGATAGA,0
TCATCAAACCGACCTT,0
TCATCAACGAAATTAG,0
TCATCACAAGTCAACT,0
TCATCACTATCTACTA,0
TCATCAGATAAATATA,0
TCATCATACACTGTTG,0
TCATCATAGTATGACA,0
TCATCATGCGTAATTT,0
TCATCCCATGTATGGC,0
TCATCCCCCACATGGG,0
TCATCCGGACTGATGT,0
TCATCGAACAGGCGAC,0
TCATCGATACGGAATA,0
TCATCGTCTCTGATAT,0
TCATCGTTAAGCAAGC,0
TCATCTAAACATACAG,0
TCATCTAAGTTACCCG,0
TCATCTACAAATTACA,0
TCATCTACGCACCGAG,0
TCATCTCTAGACCATA,0
TCATCTGCAACAATAA,0
TCATCTGCGTTCTAAA,0
TCATCTGGATGCTAAA,0
TCATCTTAATGACGAC,0
TCATGAACTCGATCCA,0
TCATGAAGAATCGATC,0
TCATGAAGCGTCATAC,0
TCATGAAGGCAAACCA,0
TCATGAATATCCGGCT,0
TCATGAATGACTATGT,0
TCATGACTCTGATCAT,0
TCATGAGACAGGAAGG,0
TCATGATCTGAGGCAC,0
TCATGCAATACGGATA,0
TCATGCAGACACCACG,0
TCATGGACATGAGAAT,0
TCATGTGTTCCTGATC,0
TCATGTGTTCTTCAAA,0
TCATGTTATCCACACA,0
TCATGTTGGCATGAAT,0
TCATTAAAAATCAATT,0
TCATTAAAACGCTTTA,0
TCATTAAATCTCCTTA,0
TCATTACAGAATGACA,0
TCATTACCAGCATAGC,0
TCATTAGGGAACAAAA,0
TCATTAGTTAACACGC,0
TCATTATAGTAATCGC,0
TCATTCCATTATCCCA,0
TCATTCCTGTTTAAAG,0
TCATTCGCACAAACAA,0
TCATTGAGCCCTTCCG,0
TCATTGATACAGGGGA,0
TCATTGATCTAATTAA,0
TCATTGATGATCTCTA,0
TCATTGCATCAATCGA,0
TCATTGCCCTTTAAGA,0
TCATTGCGATCCGAGA,0
TCATTGCTTAAGTGAG,0
TCATTGTGCAACCGAG,0
TCATTTAATGCTAAGA,0
TCATTTACATTGATTA,0
TCATTTATGGAACAAA,0
TCATTTCCTAGAGTCT,0
TCATTTCGTTTTTGAA,0
TCATTTCTCTAATCTT,0
TCATTTGATCTAAGTA,0
TCATTTTACTAACTCA,0
TCATTTTGGTAATCAG,0
TCCAAAAGGGACTATT,0
TCCAAAAGTCACACCC,0
TCCAAAATATCTAGCT,0
TCCAAACCAAAAACAC,0
TCCAAACTGCCATTCG,0
TCCAAATCCGTCCCGG,0
TCCAAATGGTGCAAAG,0
TCCAAATGTTAATCTG,0
TCCAACAAACACGATA,0
TCCAACAAATACTCAA,0
TCCAACCAGGCGCGTG,0
TCCAACGATCCCCAAA,0
TCCAAGACGTAACCAG,0
TCCAAGCAAGACGTAA,0
TCCAAGCATAGAAAAA,0
TCCAAGCCTACTCAAC,0
TCCAAGCTACACACGT,0
TCCAATACGAAATTTC,0
TCCAATAGCGAGGACC,0
TCCAATCACTGCGGCA,0
TCCAATCGCTCAATAA,0
TCCAATGAATTGCATC,0
TCCAATGACTACAATG,0
TCCAATGTCGGATATA,0
TCCAATTCGCAATGAA,0
TCCAATTGATAATACA,0
TCCACAAACTCACGGA,0
TCCACAACGAACAATC,0
TCCACAAGAGCTGACG,0
TCCACACTATCTGCAC,0
TCCACAGTAAAAAAAC,0
TCCACAGTAACGACAA,0
TCCACATATGATACAT,0
TCCACATTCCTACCTC,0
TCCACCAAAACCCATT,0
TCCACCATACGCAATA,0
TCCACCATTTATAATC,0
TCCACCCCTGCTATCA,0
TCCACCGCTATGTCGG,0
TCCACCGTAAGGAGGG,0
TCCACGAACTAAACAA,0
TCCACGAGATCTGAGG,0
TCCACTACCAGGATTT,0
TCCACTAGTTTCAAGA,0
TCCACTTGAGTATAGT,0
TCCAGAAACATTGCTC,0
TCCAGAGATCGCCTAT,0
TCCAGAGTAACAGTAC,0
TCCAGAGTGAACGAAC,0
TCCAGATATGGGCTGC,0
TCCAGCGGTAACTTGT,0
TCCAGCTTCGGAGCCA,0
TCCAGGCCAGCAGGGG,0
TCCAGTACACTCTTAC,0
TCCAGTACTTATAGGA,0
TCCAGTCTATATGTCA,0
TCCAGTGACCCACCAT,0
TCCATAAAAAAAGAAT,0
TCCATAAATGACTTGA,0
TCCATAACACTTGAGT,0
TCCATAACATAAAATC,0
TCCATAAGCGATTTCC,0
TCCATAAGGAATCTGG,0
TCCATATGGAACATGT,0
TCCATATGTATCAACG,0
TCCATATTTACTAGAC,0
TCCATCAAACGCGAAC,0
TCCATCAAAGGCTCTT,0
TCCATCCCAAGCGCAA,0
TCCATCCGAGTTGACA,0
TCCATCGGACAACCAC,0
TCCATCGGACAACCTT,0
TCCATCTGGCGCGTGC,0
TCCATGGATGAACGTT,0
TCCATGGGAAACGCAA,0
TCCATTAATATAACCT,0
TCCATTATATTGCCGA,0
TCCATTCGGTACTACT,0
TCCATTGTACTGATTA,0
TCCATTTAAAGATATG,0
TCCATTTATAAATCAC,0
TCCATTTTACATTTTT,0
TCCCAAAACAAACATC,0
TCCCAAAATATTCCGT,0
TCCCAAAGGCAGTCGA,0
TCCCAAAGTAAAATTA,0
TCCCAATATCCACTTG,0
TCCCAATGAATGCAAC,0
TCCCAATGTCACAAGC,0
TCCCAATTGTCAAAAA,0
TCCCACAACTCTTAGA,0
TCCCACACAAGATTGA,0
TCCCACACCGAGAAAC,0
TCCCACCGTCAATTTA,0
TCCCACGGGGGTACTT,0
TCCCACGTTATACCGA,0
TCCCACTATATAATAA,0
TCCCACTTTGTTGACA,0
TCCCAGAACTCTGAAT,0
TCCCAGACGCAAACCA,0
TCCCAGTATAATATTT,0
TCCCAGTCTAATAAAA,0
TCCCATAACCACACTC,0
TCCCATACCAGTTGAA,0
TCCCATATAAAAAAAC,0
TCCCATCAAAGCTCAT,0
TCCCATCTATCTACCT,0
TCCCATGCGATGGAAT,0
TCCCATGGACTCTAAA,0
TCCCATTCTTAGTAAG,0
TCCCATTTCATAAACT,0
TCCCCACATCGATCCA,0
TCCCCAGCAATCTAAT,0
TCCCCATAAGAAACAT,0
TCCCCATGCAAATCAA,0
TCCCCCCACTGCACTG,0
TCCCCGACAATAAGCC,0
TCCCCGTACGAAAAAA,0
TCCCCTCTACAAACTT,0
TCCCGAAAACGCATAA,0
TCCCGCCAGAGATAGG,0
TCCCGCTCCGAATGTT,0
TCCCGCTTCATTGTAT,0
TCCCGTAGTCCCCATC,0
TCCCGTTAGAGCGATC,0
TCCCTAAGCTTCTCCG,0
TCCCTACTATACATGC,0
TCCCTAGAACCGTAAG,0
TCCCTATAAGAACGCT,0
TCCCTCACCATGGACA,0
TCCCTGACCCATTCAT,0
TCCCTGTCTAGACAGG,0
TCCCTGTGTGAAATTA,0
TCCCTGTTCGACTTCC,0
TCCCTTACTGAGAGCA,0
TCCGAAAAGAATAGAT,0
TCCGAAAGTGCGTACT,0
TCCGAAATCAATACCA,0
TCCGAACTGAACTGAC,0
TCCGAACTTCAAAGGT,0
TCCGAAGTAATCAAAT,0
TCCGAATATTCCCAAA,0
TCCGACACGCTCAAAA,0
TCCGACATTGTAACAG,0
TCCGACCAAGTATGCC,0
TCCGAGGACTATTATG,0
TCCGAGTAAATACGAA,0
TCCGAGTTTCCAAACG,0
TCCGATAAGTAAGCAC,0
TCCGATCAACCATAAA,0
TCCGATGCGTTACACG,0
TCCGATTCAGTTATGA,0
TCCGCAACAAAGTTGT,0
TCCGCAATGATCAAAC,0
TCCGCACGCAAACCCT,0
TCCGCCATATACATAA,0
TCCGCCCGATGCCTAC,0
TCCGCCTTGAAAGGTG,0
TCCGCGATGAATGGAG,0
TCCGCTAATGCAAAAT,0
TCCGCTATTGGATAAA,0
TCCGCTCCTTTCGAGA,0
TCCGCTTTTGTCGTAA,0
TCCGGAACCTGACAAT,0
TCCGGATCGTGATAAT,0
TCCGGCTAACTCATTA,0
TCCGGGCTTGGGCACT,0
TCCGGGGTGATTACCC,0
TCCGGGTTGGTACACA,0
TCCGGTAACTCTAAAC,0
TCCGTAATCAACCTAT,0
TCCGTACGTATCAACA,0
TCCGTACTCGCAATCG,0
TCCGTAGTAATAACAG,0
TCCGTATTAGGCATTT,0
TCCGTCAGTAACGATG,0
TCCGTCCATCAGCACA,0
TCCGTCGATAAGCTAC,0
TCCGTCTCACAGGATG,0
TCCGTCTTCCCCTACC,0
TCCGTGAAAACCTTCG,0
TCCGTGATTACATCGT,0
TCCGTGCCTCCCGAGC,0
TCCGTTGATAACAGCT,0
TCCGTTTAGAAACTCC,0
TCCGTTTATCTATGAA,0
TCCGTTTCGACCGAAC,0
TCCTAAACGGTATAAG,0
TCCTAAAGTCAGCCGG,0
TCCTAAATTGATGTAA,0
TCCTAACATTTCCTTA,0
TCCTAACCTAATGATA,0
TCCTAAGACCACAAAT,0
TCCTAAGTAAAAGGAT,0
TCCTAAGTACCTCATC,0
TCCTAATACTAAACAG,0
TCCTAATATCATATAC,0
TCCTAATTTAAGGACA,0
TCCTACAAACCGCCCT,0
TCCTACCGCGTCCGGA,0
TCCTACCTAAAACAAA,0
TCCTACGAAACCTTCT,0
TCCTACGAATAATCCC,0
TCCTACGCGGTCGGTA,0
TCCTACGGGAGATATG,0
TCCTAGATCTGGCTAA,0
TCCTAGGATTCACTGT,0
TCCTAGGGGTGTGATT,0
TCCTATACTTGCAAAA,0
TCCTATGAACAGTTTA,0
TCCTATGACAAAGCTG,0
TCCTATGTCCTTAAGT,0
TCCTATTAACTATGTT,0
TCCTATTATAGGAGAG,0
TCCTCAACGGTTGGCC,0
TCCTCAATCTCCGAGT,0
TCCTCACAAATATATG,0
TCCTCAGGCATAGTAA,0
TCCTCATACATCAACT,0
TCCTCATCCAATCCAC,0
TCCTCCCACCCAAAGC,0
TCCTCCCATTCATCCT,0
TCCTCCGAAGCCATAG,0
TCCTCCGCCTGTTTCC,0
TCCTCGAAAATACAAA,0
TCCTCGAAATAGATAA,0
TCCTCGATATCTAACA,0
TCCTCGATTTATTAAC,0
TCCTCGCCGACGAAGA,0
TCCTCTAATGGCTATC,0
TCCTCTCAAACGGCAG,0
TCCTCTCTTTGAAGTT,0
TCCTCTGACGTTCACA,0
TCCTCTTAACACTGTT,0
TCCTCTTTATCCGCGT,0
TCCTCTTTCTCCTTTA,0
TCCTGAAACATGTAGA,0
TCCTGACATAGTCCTA,0
TCCTGACCATGAAGTA,0
TCCTGACTGTCGTTAA,0
TCCTGAGCAACGAACC,0
TCCTGAGCACACGATA,0
TCCTGAGTTACCATAA,0
TCCTGATCCTCCTCTA,0
TCCTGCATTAACCAAA,0
TCCTGGATCCTGCACA,0
TCCTGGCAGAGGATTG,0
TCCTGGCCACCGAATG,0
TCCTGGCTAACCACAT,0
TCCTGGCTAATCTAAC,0
TCCTGGTCACTACATA,0
TCCTGGTTACGTTTCA,0
TCCTGTCGGGCCTTTG,0
TCCTGTTTACCAGAAA,0
TCCTTAACAAAGGCAG,0
TCCTTAACACGTAAAA,0
TCCTTAATGCCTATCT,0
TCCTTACACCTATCAT,0
TCCTTACATGTATCCG,0
TCCTTATAGATCCACG,0
TCCTTATGACCACACT,0
TCCTTATGATAATAGA,0
TCCTTATGGGACCCGA,0
TCCTTATTGTTCTCAA,0
TCCTTCAAAATTACAG,0
TCCTTCAATATGAATT,0
TCCTTCACAAGAGCAC,0
TCCTTCGAAAGTGACA,0
TCCTTCGGCCGAGTTA,0
TCCTTGCCGGCGTAGA,0
TCCTTTGAATCCCTCT,0
TCCTTTGTCAATAGGG,0
TCCTTTTTAAATGCTG,0
TCCTTTTTAAGTAAGC,0
TCCTTTTTTCTTTCCA,0
TCGAAAACCAGGATGG,0
TCGAAACAACATTAAT,0
TCGAAAGTCGTTAGTG,0
TCGAAATGATACATGA,0
TCGAACAAATGAATAG,0
TCGAACACAAACAACA,0
TCGAACATATAAAATG,0
TCGAACCTGGGATCCC,0
TCGAAGAAGCTTTACT,0
TCGAAGAATACCACAA,0
TCGAAGAATAGCAGAT,0
TCGAAGACTGGCAAGG,0
TCGAAGCCCAGTTATG,0
TCGAAGGATGAAATGT,0
TCGAAGTGATTCACCT,0
TCGAATAAAAACGATA,0
TCGAATATTCACTAAC,0
TCGAATCACACGTATT,0
TCGAATCATACAAAGT,0
TCGACAAAATAAGAAG,0
TCGACACTTAAGTAAT,0
TCGACACTTATAATAC,0
TCGACAGGAGGGAGAA,0
TCGACAGTATAAAAAA,0
TCGACATTTGTTCAGA,0
TCGACATTTTTTTCAG,0
TCGACCAGGGGCATCA,0
TCGACCCAAAAACGTA,0
TCGACCTACGGCAGTC,0
TCGACGCTACGTGATT,0
TCGACGCTTAACCGTG,0
TCGACGTTTTCAAAAA,0
TCGACTAACAATCGAT,0
TCGACTACTTAATACA,0
TCGACTCATTAACCGG,0
TCGACTCCTTGGTTGA,0
TCGACTTAAACTTACT,0
TCGAGAAAATCTTACA,0
TCGAGAAGCGCGGATG,0
TCGAGATACAAATTCA,0
TCGAGATATAGCTTAC,0
TCGAGATCCATTGTAG,0
TCGAGCCTATAAAAAC,0
TCGAGCTATGCATCTG,0
TCGAGGAATAGAGTAA,0
TCGAGGGCTTGCCTCA,0
TCGAGGTCTAATAAAA,0
TCGAGGTTAAAATACA,0
TCGAGTCATCAAGGAC,0
TCGAGTCCAGACAGAC,0
TCGAGTTGGTCAAAAA,0
TCGATAAAAACCATGG,0
TCGATAACGGCGTGGA,0
TCGATACTGAGCAAAA,0
TCGATATTTATATAAG,0
TCGATCACAGACAAGC,0
TCGATCCAAAAAAGCC,0
TCGATCCTAGTAGACT,0
TCGATCTCGTAATACA,0
TCGATGAAGCACACGA,0
TCGATGAGACTGATTG,0
TCGATGATAGGCTATT,0
TCGATGCAAGAATAAG,0
TCGATTAATTAAGCTA,0
TCGATTACTCATCGTC,0
TCGATTGAGGCCATAT,0
TCGATTGTTAACTTAA,0
TCGATTTACCCTAATC,0
TCGATTTAGTGAACTT,0
TCGATTTCCCCAAGGC,0
TCGCAAACGCCTAGCT,0
TCGCAAAGACTTAAAA,0
TCGCAACACTCTTACC,0
TCGCACAAGTCCCTGT,0
TCGCACCCTCACAAGG,0
TCGCAGAACACATTTT,0
TCGCATAAACTCCTAC,0
TCGCATAACCCCACAC,0
TCGCATAAGGCATCTA,0
TCGCATGATTCCTCTG,0
TCGCATTAGACTTTTG,0
TCGCATTCAAACAAGA,0
TCGCATTGTCTAAACA,0
TCGCCAAATACTCCAT,0
TCGCCAATAATATAAC,0
TCGCCAATAGTAGAAC,0
TCGCCACTGGTATTTT,0
TCGCCCAATCTAGTAA,0
TCGCCCCGTTAAAGAA,0
TCGCCCCTAATCCAAT,0
TCGCCCTACAGTAGCC,0
TCGCCCTCGGTTTCCA,0
TCGCCCTTATTAATAC,0
TCGCCGGACGTAGCTA,0
TCGCCTAGTAAAATAA,0
TCGCGATCGAGTATCT,0
TCGCGGCAATGCACCG,0
TCGCGGCATATCCCCT,0
TCGCGGTATCCGATCA,0
TCGCGTAAATAAGAAC,0
TCGCGTGTATATAAGT,0
TCGCTAACAACTGATA,0
TCGCTATAACATTCGC,0
TCGCTCACTCATACTA,0
TCGCTCGATAAAATAC,0
TCGCTCTAGTACAAAC,0
TCGCTCTATTAGCAGA,0
TCGCTCTGTACCCCTC,0
TCGCTGAATCACATAT,0
TCGCTGTTTCGCGTTC,0
TCGCTTATTACATAAG,0
TCGGAAGAGAAAACGT,0
TCGGAAGAGATGCTTT,0
TCGGACAGACAATTAC,0
TCGGACCAAACCCATT,0
TCGGACGATTACCAAG,0
TCGGAGAGGGCTATCC,0
TCGGCAACGTTATATT,0
TCGGCATGGCGGAGAC,0
TCGGCCACAAAAGAAT,0
TCGGCCCAAATAAGTA,0
TCGGCCCTTATTAGAT,0
TCGGCCGGTGAATACA,0
TCGGCCTACTAGCGCA,0
TCGGCGATGCACATTA,0
TCGGCTAACATTCCTT,0
TCGGGCTTGTAACGAC,0
TCGGGGTCACAAACAT,0
TCGGGTTACGCGTACA,0
TCGGTAACGTAGTCAA,0
TCGGTAAGACAAACAT,0
TCGGTAAGACGTAGAG,0
TCGGTAATTTAAAGAC,0
TCGGTACATATTATGG,0
TCGGTCACCCAATTCA,0
TCGGTCTATATTTAGA,0
TCGGTCTGTGTCTCTA,0
TCGGTGATCAAAAGAG,0
TCGGTGGCATAGTATG,0
TCGGTTAGCCTGACCA,0
TCGGTTATATACACAG,0
TCGGTTGGTACGAAAA,0
TCGGTTTTATATCATG,0
TCGTAAAAGTCATAAA,0
TCGTAAATAAAGCTTT,0
TCGTAAATCAACTCAT,0
TCGTAACGGTAGACCA,0
TCGTAACTATAATTAT,0
TCGTAAGAGGAAGATA,0
TCGTAATACTTGTGCG,0
TCGTAATCAAGCATAC,0
TCGTACACTATTTAGA,0
TCGTACCGCTCCTTCA,0
TCGTAGACGTCTCGTA,0
TCGTAGGAAGAAGTGG,0
TCGTAGTGAGAAGGTG,0
TCGTATAAATTAGACT,0
TCGTATCTGACGTGAG,0
TCGTCAAGCAAGAAAT,0
TCGTCAATCAAGAACA,0
TCGTCACACGTACTCA,0
TCGTCAGGAAACCAAT,0
TCGTCAGTTAGAGTTG,0
TCGTCCGAGTATGCCT,0
TCGTCGATCCTGACGA,0
TCGTCGATCTGCACCA,0
TCGTCGTTAAGACAAG,0
TCGTCTCTCACAGATC,0
TCGTCTTAGTACCAGG,0
TCGTGACTATAACCAT,0
TCGTGCATCCTAGCTC,0
TCGTTAACAGTCAACT,0
TCGTTAATAGCCAACC,0
TCGTTACCAATTCCAC,0
TCGTTAGCAGAAAAAT,0
TCGTTAGCATGTCCAA,0
TCGTTCACGATTTCGC,0
TCGTTCATATCAACTG,0
TCGTTCGAGAACCCCC,0
TCGTTCGATATCACTC,0
TCGTTCGTACTCACTA,0
TCGTTCTCTACAACCC,0
TCGTTGCAAACTAGAG,0
TCGTTGCCAAAACGCC,0
TCGTTTAACCAAGTTT,0
TCGTTTCTAGGTCCTA,0
TCGTTTTAAATACCAA,0
TCGTTTTACGCTTAAA,0
TCTAAAAACTTTACAA,0
TCTAAAAATAAAGGAT,0
TCTAAAAGACTTTGGA,0
TCTAAAAGGAATCGAA,0
TCTAAAAGGGAAAACA,0
TCTAAAAGTGCGAGTG,0
TCTAAAGACTTCCGTC,0
TCTAAATAATGCTGGA,0
TCTAAATACAATCCTG,0
TCTAAATACTGTAAGG,0
TCTAAATTAACCACCA,0
TCTAAATTACCTTCAC,0
TCTAAATTTTGCCACC,0
TCTAACAATCAGTATC,0
TCTAACATAGTAAAAA,0
TCTAACTCTAAAGGCG,0
TCTAACTGCCTATTTG,0
TCTAACTTACCAACTA,0
TCTAACTTCAAGAAAC,0
TCTAAGACATAAGTCA,0
TCTAAGCACAAGTGGT,0
TCTAAGCCCTGCGTCC,0
TCTAAGCTACATACTC,0
TCTAAGGCGTAGAGAC,0
TCTAATACACTGTTAG,0
TCTAATCGGAATTCCC,0
TCTAATCTAGTCAGAG,0
TCTAATCTGAACTATA,0
TCTAATGCTTACAGCT,0
TCTAATGGCACGGACA,0
TCTAATGTAAGACGTT,0
TCTAATGTCATAAACA,0
TCTAATGTGGAATACA,0
TCTACAAAAGTACTCA,0
TCTACAAACCATAAAA,0
TCTACAAATAACTTAA,0
TCTACAAATTTGCAAC,0
TCTACAAGTGCCGATT,0
TCTACACCGAAGATCA,0
TCTACACCGTGCACTG,0
TCTACAGCCTCCAATG,0
TCTACAGTTTTGTAGA,0
TCTACATGCCTCACTT,0
TCTACCAATTTCGATA,0
TCTACCACATATCGGT,0
TCTACCACTGAATAAG,0
TCTACCGTGTTTTACA,0
TCTACCTATATCTGCT,0
TCTACGAATAACCAAT,0
TCTACGCGGATATCTG,0
TCTACTACCATAGCAA,0
TCTACTATACATAGGA,0
TCTACTGAAGAGGAAG,0
TCTACTTGACGCATGT,0
TCTACTTGTAAACGCA,0
TCTAGAAACGTGAGAA,0
TCTAGAAAGGATGTTC,0
TCTAGAGACCAAAAAT,0
TCTAGATTAACAAGAT,0
TCTAGCCAGTAAATAT,0
TCTAGCGCAGATAATA,0
TCTAGCGGACTTTCCT,0
TCTAGCTAGCGACCAT,0
TCTAGGAATCTACATT,0
TCTAGGAGGACAACGT,0
TCTAGGTGCCAATTCA,0
TCTAGTAGACCAAAGA,0
TCTAGTCACCAGCCCG,0
TCTATAACCAACACCA,0
TCTATAAGTTTCGTAT,0
TCTATAATAAATATAA,0
TCTATAATTCATAGGT,0
TCTATACCACATTGAA,0
TCTATACCCCAGTTGA,0
TCTATACTTTAACAGA,0
TCTATAGAACATCATA,0
TCTATAGACAGATGTA,0
TCTATAGCAGGTCTCA,0
TCTATAGGACAATCAG,0
TCTATAGTTATAAATG,0
TCTATATGCCTGTGCA,0
TCTATATTATAACGAC,0
TCTATCACCTGCATTA,0
TCTATCTATCATAAGA,0
TCTATCTTTATGCGAT,0
TCTATGCTCCGAACCA,0
TCTATGGTACTAGTTA,0
TCTATGTCGTTCTACA,0
TCTATTAAAACAACAT,0
TCTATTATATACGTCA,0
TCTATTATGAGAGGTG,0
TCTATTGAAGTAATCC,0
TCTCAAAAATATGATT,0
TCTCAAAATAGAAGAA,0
TCTCAACATAGTTGTT,0
TCTCAACCAAAGGAAT,0
TCTCAACCAACTTCAC,0
TCTCAACTACAACACG,0
TCTCAAGGTCGGTAAT,0
TCTCACACTTTAAAAC,0
TCTCACAGAGTAGCAA,0
TCTCACGAGTGATGCT,0
TCTCACTGTTTAATAA,0
TCTCATAATCAACCCC,0
TCTCATAATTTCAAGA,0
TCTCATCAATACCCGA,0
TCTCATCATCACATCA,0
TCTCCACCAATTTATT,0
TCTCCACTGATCAAGT,0
TCTCCAGCACACGGCG,0
TCTCCATGGAGACACA,0
TCTCCATTGCACACAG,0
TCTCCCACAAACAGCA,0
TCTCCCGAGGCACGAT,0
TCTCCCGGTCAAATAG,0
TCTCCTAAGGGTCAAA,0
TCTCCTGAAGACGCAG,0
TCTCCTTCACGGACAA,0
TCTCGAAATTAGATGG,0
TCTCGAATACCGAGGA,0
TCTCGACTAAGAATCG,0
TCTCGACTATACCTCA,0
TCTCGAGACGTCAGTA,0
TCTCGAGGGATCCTGC,0
TCTCGATAAACACCGC,0
TCTCGATCAAACCAAA,0
TCTCGCTAAAGAATGT,0
TCTCGTTAGAATACAG,0
TCTCGTTCTTAACAAG,0
TCTCTAGAAGCGAATA,0
TCTCTATATCTCATTG,0
TCTCTCATATTAGGAA,0
TCTCTCGTAATCATTA,0
TCTCTCTTATTATTAG,0
TCTCTGAAAGGAAAAC,0
TCTCTGCGGTCGCCTC,0
TCTCTTAAACATAGCA,0
TCTCTTAGATTCAGCA,0
TCTCTTCCGGAGGAAC,0
TCTCTTTTAACTGTGA,0
TCTGAAACAAAGTCAA,0
TCTGAACAACCCCAAC,0
TCTGAACCAAGCCGCC,0
TCTGAACCTAGAATAA,0
TCTGAACTCAAAATTA,0
TCTGAATATTTGATAG,0
TCTGAATCAGAAACGC,0
TCTGAATGCGAGAAGA,0
TCTGACACTTGAAAAA,0
TCTGACATCTAGTTAC,0
TCTGACGATCAAGTCT,0
TCTGACGGACTGGCTA,0
TCTGACTCTAACACTC,0
TCTGAGACGAGGTTAG,0
TCTGAGAGCGAACACG,0
TCTGAGCACTCCGTGC,0
TCTGAGCCATGAATAA,0
TCTGAGTGAATTTACT,0
TCTGAGTTATTTAAAA,0
TCTGATAAGAATGAAG,0
TCTGATAAGATCCTGA,0
TCTGATATGACATGAT,0
TCTGCAACCAACACAG,0
TCTGCAACCAGGGACC,0
TCTGCCAAAGACTCAC,0
TCTGCCAGACTGCGGC,0
TCTGCCTTAACAAATA,0
TCTGCGAAGTGTGATC,0
TCTGCTATTTATACGC,0
TCTGCTTCATAAAGGT,0
TCTGGAAACGTCAGAA,0
TCTGGAATGTGACCAC,0
TCTGGAGAATCTTCAT,0
TCTGGATCTGGGCCGA,0
TCTGGATTTTTGAGGC,0
TCTGGCAAACAGGATT,0
TCTGGCATCCAAGATT,0
TCTGGCCTATCTCCTA,0
TCTGGCCTGGGATGGT,0
TCTGGCTTGAAAAACT,0
TCTGGGGAATACACAT,0
TCTGGGTCTAACCAGC,0
TCTGTAAAAATGAATA,0
TCTGTAATATACGCGC,0
TCTGTAATCTTCTCCC,0
TCTGTAGAAGCTTAAA,0
TCTGTATTGCCATCTA,0
TCTGTCGCAAACTCGT,0
TCTGTCTAAGGAATAA,0
TCTGTGAACATACATA,0
TCTGTGATGAACCTCA,0
TCTGTGCCAGGACTAA,0
TCTGTGGCCAAAATTG,0
TCTTAACGATTTCCCA,0
TCTTAACTTTGTAAAC,0
TCTTAAGAAACCGCGG,0
TCTTAAGATTTCTATA,0
TCTTAATAATTTAGAA,0
TCTTACAAATCCTACA,0
TCTTACAAATCGGGGG,0
TCTTACAGCAGTGAAT,0
TCTTACATCGGTGGAG,0
TCTTACCACCCTTGAG,0
TCTTACGTCTTGAAAC,0
TCTTACTACAGTCTAC,0
TCTTACTCCGTCGGCT,0
TCTTAGAAACACTCGT,0
TCTTAGCTAAATGCTA,0
TCTTATCGGACCCTAC,0
TCTTATGATCCAAGCA,0
TCTTATGGAATCTTCT,0
TCTTCAAAACTGCCAT,0
TCTTCACAGGTTATTT,0
TCTTCACAGTGAATGT,0
TCTTCACGTCAATCAG,0
TCTTCATACTAATTAA,0
TCTTCATATCCCAATA,0
TCTTCCCACTTTCGTT,0
TCTTCCGCAACATCGA,0
TCTTCCTAAGCCCCGT,0
TCTTCCTGGTCCTTCG,0
TCTTCGGGAATATACG,0
TCTTCGTGAATAAATA,0
TCTTCGTTATGCACGG,0
TCTTCTAACTTGACTA,0
TCTTCTACCGTTATAA,0
TCTTCTCTCTGACGAA,0
TCTTCTTCGAATGTCT,0
TCTTCTTTTAAACTAT,0
TCTTGAAACAAATCAA,0
TCTTGAAGTTTTTCAC,0
TCTTGACCCAAATTAA,0
TCTTGATATCAGTTTA,0
TCTTGATTCACATAGA,0
TCTTGCAATCCAGCAG,0
TCTTGCTACCAATGAG,0
TCTTGCTTTACAAAAC,0
TCTTGGAATCAGACGA,0
TCTTGGAGAGACATAG,0
TCTTGGTGTACTGTCT,0
TCTTGTACTTGACATA,0
TCTTTAAATAAAGTCG,0
TCTTTAAGACACAATG,0
TCTTTACAACATATAC,0
TCTTTACAATGCTCCT,0
TCTTTAGAATTAGTCG,0
TCTTTAGCGGAGCTAT,0
TCTTTAGTCTTTAAAA,0
TCTTTGACCTTTTTAA,0
TCTTTGAGGGGATAAT,0
TCTTTGCCAATACATG,0
TCTTTGGGATCTGCAC,0
TCTTTGGTTTAATTAA,0
TCTTTTATAAATATGT,0
TGAAAAAAAGAGGTTA,0
TGAAAAAACGTATTGA,0
TGAAAAAAGATCTGGA,0
TGAAAAAATAAGGGAC,0
TGAAAAAATCATAGAA,0
TGAAAAAATTTCACAT,0
TGAAAAACCCAACTCT,0
TGAAAAACCCGAGGAC,0
TGAAAAACGCGATTAA,0
TGAAAAATCAACCTAG,0
TGAAAACAAAGTAAGA,0
TGAAAACAAGACACGC,0
TGAAAACAAGGAATTA,0
TGAAAACACTAATCTA,0
TGAAAACACTTCCAAA,0
TGAAAACATCCTAGAT,0
TGAAAACCCCATGAAG,0
TGAAAACTAGATTGAA,0
TGAAAAGCAATAGAAT,0
TGAAAAGCTAAACCGA,0
TGAAAAGTCTTCATGA,0
TGAAAATAGCACCCGT,0
TGAAAATAGGCACCTG,0
TGAAAATCAAACACAG,0
TGAAAATCAAGTGCAG,0
TGAAAATCACCCTTCA,0
TGAAAATCTCATTATA,0
TGAAAATGATGCGAAA,0
TGAAAATTGAACAAAG,0
TGAAAATTGTAGATTT,0
TGAAACAAGAAACGTC,0
TGAAACAAGGCCTGAG,0
TGAAACACTACAGCAA,0
TGAAACCCCCGTGAGG,0
TGAAACCGGATTAAAA,0
TGAAACCTTGCGATGG,0
TGAAACGACGCTGCTC,0
TGAAACGTTTCAATAA,0
TGAAACTAAAAATGCT,0
TGAAACTAGACTAAAA,0
TGAAACTGCATATCTG,0
TGAAACTTCCCTGAAA,0
TGAAAGAACGTGACCC,0
TGAAAGCAATACGTAC,0
TGAAAGCATCTTAATC,0
TGAAAGCGCAACGCTT,0
TGAAAGTCTCCGGGAA,0
TGAAAGTTAAGGGATA,0
TGAAATACTTACTTCC,0
TGAAATAGACACGTCA,0
TGAAATAGTGATTTAA,0
TGAAATATACGACGTG,0
TGAAATCCATACAGAG,0
TGAAATTACATTATAG,0
TGAAATTATAGTAATA,0
TGAAATTATTACATAA,0
TGAAATTCGCGATAAA,0
TGAAATTCGTAAATAA,0
TGAACAAACACCGAAT,0
TGAACAAGTACTCCCC,0
TGAACACAACATAAAC,0
TGAACACTAATCATCA,0
TGAACACTTCAAAAAT,0
TGAACAGGATTGAGTA,0
TGAACATAAAAGATAG,0
TGAACATTGTAACACC,0
TGAACCAGACATTATA,0
TGAACCCTCTGGCTGT,0
TGAACCCTTAAAGGAT,0
TGAACCGAGAGTTTAT,0
TGAACCGCTTACGATT,0
TGAACCGTCAAATAAT,0
TGAACCTAAAGATCAT,0
TGAACCTAATTCTCAA,0
TGAACCTGGAAATAGA,0
TGAACGAATGGATGCA,0
TGAACGACGACTCATC,0
TGAACGCACAAGAGAT,0
TGAACGTGCATGATGA,0
TGAACGTTTACATTTT,0
TGAACTAAAAAAATGA,0
TGAACTACTCTTCATT,0
TGAACTAGATCTAGAT,0
TGAACTCTCCAGAATG,0
TGAACTTCCTCCTTAT,0
TGAACTTTATCATATT,0
TGAACTTTGAAGTTGA,0
TGAAGAAGGAGTAGCT,0
TGAAGAAGGTTCCAAT,0
TGAAGAATAAAATTGA,0
TGAAGAATATCAACTC,0
TGAAGAATATGAAACA,0
TGAAGATGCAGACGAC,0
TGAAGATTCATCAATC,0
TGAAGCAAAGCAATGT,0
TGAAGCAATAGCACAG,0
TGAAGCAGGTGCTTAT,0
TGAAGCATCCAGGCAT,0
TGAAGCATGAGTTGCC,0
TGAAGCATGATACAAA,0
TGAAGCGATACACCCG,0
TGAAGCGATATAGCTC,0
TGAAGCTCCTTATTTG,0
TGAAGCTCCTTGAAAA,0
TGAAGCTTCGCTTCTG,0
TGAAGGAAATAGCACA,0
TGAAGTTTGACAATTG,0
TGAATAAAATAGGGAT,0
TGAATAAATAGTCTAG,0
TGAATACATACTTTTT,0
TGAATACCCCTGGAAT,0
TGAATACTATTACGAT,0
TGAATACTGGTTTCTT,0
TGAATAGCCAACTTCA,0
TGAATAGCTGAGAGGT,0
TGAATAGCTGTGTATA,0
TGAATATAATAGGCTG,0
TGAATATAATGCCGTC,0
TGAATATACCTAAATC,0
TGAATATATATATGGA,0
TGAATATTCAAAAAGC,0
TGAATATTCGCATAAT,0
TGAATCACCTTAATGA,0
TGAATCATCTATTATC,0
TGAATCATGAAATCCA,0
TGAATCCAAACTACAC,0
TGAATCCCATTAACAA,0
TGAATCCGCGCCTGAT,0
TGAATCCTTAAGTTAC,0
TGAATCCTTCCACAAG,0
TGAATCGACTGTCTCA,0
TGAATCTGATAAACTC,0
TGAATCTTACGCACAA,0
TGAATGACCGTGACGT,0
TGAATGATGAAAAAGG,0
TGAATGGTACCGACCA,0
TGAATTAATCCTAATG,0
TGAATTCAAAACGAGC,0
TGAATTCAGCACAGAA,0
TGAATTCTAACGCTCC,0
TGAATTGAATGACCAC,0
TGAATTGTGACACTAA,0
TGAATTTAAACAAGAC,0
TGACAAAACCCCTAGT,0
TGACAAACGAAGAGAT,0
TGACAAAGGTAAGAAC,0
TGACAACCAGACTTTA,0
TGACAACCTATAGAAA,0
TGACAAGAAACCTAAA,0
TGACAAGCCCAATGCA,0
TGACAAGTAAACACGA,0
TGACAATAGGAGGTAA,0
TGACACAACAAAATGA,0
TGACACAATCTACAAG,0
TGACACCACATGTAAA,0
TGACACTAATAATACA,0
TGACACTCAGGTTTCT,0
TGACACTCCCAATGAA,0
TGACACTCTAAGAACT,0
TGACAGAAGCAGTTTA,0
TGACAGAGTAACAGCC,0
TGACAGATCCATAGAC,0
TGACAGTATGTAACTC,0
TGACATAGACAGACTC,0
TGACATCGCAATAAAT,0
TGACATGCATTGGAGT,0
TGACATTAAAAACACC,0
TGACATTTATGAATGT,0
TGACCAATGATGGACA,0
TGACCAGTTCTAACCG,0
TGACCATTTCGCAAAT,0
TGACCCAAAGTTCCAC,0
TGACCCAATCCAGGCT,0
TGACCCATACGTATAT,0
TGACCCATTAGTCGAA,0
TGACCCCAAGGCGAGT,0
TGACCCGAAAAACCAC,0
TGACCCTAGCGACAGT,0
TGACCCTATAGTCGTA,0
TGACCGAAACATGATA,0
TGACCGAGTAAAAATT,0
TGACCGCATATGTGAC,0
TGACCGGCTAAGTAAT,0
TGACCGGTGAATCTAC,0
TGACCTAGATAGGAGG,0
TGACCTTTCACTAATG,0
TGACGAACACTATAAT,0
TGACGACCTGAAGGAG,0
TGACGAGCGAAAGTGT,0
TGACGAGTTACTGAGA,0
TGACGATACAATTCGT,0
TGACGATCTAAAAATA,0
TGACGCGGTGTAACAC,0
TGACGCTACGGATATT,0
TGACGCTGAGCCTTAC,0
TGACGGAACAAATTGA,0
TGACGGAAGTCGCTTG,0
TGACGGATACGTTATA,0
TGACGGCGATCGAGCT,0
TGACGGTTCGAGTAGA,0
TGACGTGAACCAACGA,0
TGACGTGCAGTAAGTA,0
TGACGTTTTGGATGTA,0
TGACTAAAGGTATACA,0
TGACTAACTAGAATGA,0
TGACTAATCGTTGTTT,0
TGACTACGATAGTAAA,0
TGACTAGAAGAACAAA,0
TGACTCGAAGCGGAAT,0
TGACTCGGCGAAGACG,0
TGACTGATATAATACC,0
TGACTGCTTCGAGCGA,0
TGACTGTCACCAAGCC,0
TGACTTAGGATAAGCC,0
TGACTTATAACCGCAC,0
TGACTTGAGAGCACGC,0
TGACTTTTTTTCAACA,0
TGAGAAAATAAGACCC,0
TGAGAAAATCTCTTCC,0
TGAGAAATGAGCGACA,0
TGAGAAATGTTAAACT,0
TGAGAACTAGAGGCCT,0
TGAGAAGACGACTTGA,0
TGAGAATAAACAGTTA,0
TGAGAATGAGAACTTA,0
TGAGAATGGAAGAATC,0
TGAGAATTATTTTTTG,0
TGAGACATAGAATACA,0
TGAGACCTCTATGCTA,0
TGAGACCTGTGGCTAA,0
TGAGACTCACCCATGA,0
TGAGAGAATAAAGACA,0
TGAGAGATGAAAAACG,0
TGAGAGCTAATTCGCT,0
TGAGAGCTGAACTACC,0
TGAGAGGCGTTTTCGA,0
TGAGATCAAACCATTA,0
TGAGATCGAATATGAT,0
TGAGATGATACTAGAT,0
TGAGATTAAACGTGCA,0
TGAGCAGAATCACATA,0
TGAGCAGAATGACATT,0
TGAGCAGACCTCGATC,0
TGAGCAGCTTAAAACT,0
TGAGCAGTAGATGGAA,0
TGAGCATATAGCCAGT,0
TGAGCCACATAATAGA,0
TGAGCCACGGCCAGCT,0
TGAGCCCGGGCGACCT,0
TGAGCCGTTCAGTATT,0
TGAGCGCTACACTACG,0
TGAGCGTAAACTCATC,0
TGAGCTATATATAGAC,0
TGAGCTGCCTATCACG,0
TGAGCTGGGGTAAAGC,0
TGAGCTTGCTTGATTC,0
TGAGGAAGTAATAGAG,0
TGAGGAATAAGAATCC,0
TGAGGACATGTGTAAA,0
TGAGGAGATTGCGAAG,0
TGAGGAGCGAGCGCTT,0
TGAGGATTATTGCTAA,0
TGAGGGGCTTCAACCA,0
TGAGGGTACTGAAATA,0
TGAGGTAAAACAAGAG,0
TGAGGTAAACACGAAC,0
TGAGGTCCAACAACCG,0
TGAGTAACGGACAATG,0
TGAGTAATGTAATAGA,0
TGAGTACAAACAAATG,0
TGAGTACCGGTGTACC,0
TGAGTAGTATTATATT,0
TGAGTCCAACATTGCA,0
TGAGTCCTGAACCACT,0
TGAGTCGTAGATTAAA,0
TGAGTGGAGCGAAATT,0
TGAGTGTGCGCTTTAG,0
TGAGTTAAATACCAAC,0
TGAGTTAATTTCAGTT,0
TGAGTTATAAGCCTAG,0
TGAGTTATAATGAAAA,0
TGAGTTTTAAACCGAA,0
TGAGTTTTCTGTAATT,0
TGAGTTTTTTAAGTAG,0
TGATAAACTGCCTTCT,0
TGATAAACTGCTCTAT,0
TGATAACCTCTCCCCA,0
TGATAAGTTGGCAAAG,0
TGATAATAATAGTATT,0
TGATAATCAAGTCATT,0
TGATAATTGGGATACA,0
TGATACAGACAGGGGC,0
TGATACATGAGACACA,0
TGATACGCAACTATAA,0
TGATACTCTATGAGAC,0
TGATACTCTCTCATAA,0
TGATAGAAATGGTGTA,0
TGATAGGCCAAAGTAC,0
TGATATAATAGAAACA,0
TGATATACCCTGTGAA,0
TGATATGAAATCTACT,0
TGATATGGACGCCTCC,0
TGATATTATCGAACAC,0
TGATATTCAAAGGGAC,0
TGATATTGTAAGACTC,0
TGATATTGTAGAGCTA,0
TGATATTTCAAGAGCG,0
TGATCAACAAACCGGT,0
TGATCAAGACATATTA,0
TGATCACAAATGGCGG,0
TGATCCACCCCAGAGA,0
TGATCCATTATACGCT,0
TGATCCCACCATCTTG,0
TGATCCTCCCATTTAA,0
TGATCCTGTGTATGAT,0
TGATCGATTGACTGTT,0
TGATCGTACATAATTC,0
TGATCTACAAACCGCG,0
TGATCTAGACTGGAAA,0
TGATCTCCTTCACAGA,0
TGATCTCTCCTCAAAA,0
TGATCTGATCGATATG,0
TGATCTGATTGCCTAC,0
TGATCTTGCTACAGAA,0
TGATGAAAACTAGCCC,0
TGATGAACACATTAAA,0
TGATGAACTTCGGGTA,0
TGATGAATGTTCACAA,0
TGATGAGCACGATTAA,0
TGATGCAAGGTATTCC,0
TGATGCCATGTTCGGT,0
TGATGCCCTATATCTG,0
TGATGCCGGTCAGACA,0
TGATGCCGTGACATAA,0
TGATGCGCACCCTGTA,0
TGATGGATTCGTATCA,0
TGATGGCCTACAAGAT,0
TGATGGCCTGATGATG,0
TGATGGGACCACCTCC,0
TGATGGGGGCCCGTAC,0
TGATGGGTATAAATAT,0
TGATGTATTCTGCCGA,0
TGATGTGCCCGAATGC,0
TGATGTTACATGCCGA,0
TGATTAAAGTGATGAT,0
TGATTAAATATTAGGA,0
TGATTACAGTCCACGT,0
TGATTACGCGAGAGTG,0
TGATTACGGAACGTGC,0
TGATTACGGCATGACC,0
TGATTAGAGTTACTCA,0
TGATTATTGAATCAGA,0
TGATTATTTATGCACT,0
TGATTATTTTTGCCTT,0
TGATTCAAAAAGACGA,0
TGATTCAACAACTAAT,0
TGATTCCTTTATAAGC,0
TGATTCGTGCACGAAA,0
TGATTCGTTGCTCTAA,0
TGATTCTTAACAGGTA,0
TGATTGACTGCTCAAT,0
TGATTGGAAATACTAA,0
TGATTGGAGCGAAAGA,0
TGATTGTACTCCCTAA,0
TGATTGTCGCAAGGAT,0
TGATTTAAATGTCAAA,0
TGATTTAATACAATGC,0
TGATTTCAGATATAAG,0
TGCAAAATATGATTAA,0
TGCAAAATCTTGCTAG,0
TGCAAACACCTGTGAA,0
TGCAAACATACAGTTA,0
TGCAAACGAAGGACTA,0
TGCAAACTCCAATACC,0
TGCAAACTTCACAACA,0
TGCAAAGCAAAGACAA,0
TGCAAAGCCCCGACTG,0
TGCAAAGTGGAATAGT,0
TGCAAAGTTAAGGTAC,0
TGCAACAATCAATAAC,0
TGCAACCCCATTACAA,0
TGCAACCCTTCCTACT,0
TGCAACGAATAAGACG,0
TGCAACTAAGTTAGAA,0
TGCAAGATATATTAGC,0
TGCAAGCAAAAAGTCT,0
TGCAAGCAAGCTGATG,0
TGCAAGCAGATACCCT,0
TGCAAGGTCCTTTGCT,0
TGCAAGTAATCATGAG,0
TGCAAGTCGCTTTTCT,0
TGCAAGTCTGTAAGAA,0
TGCAAGTTCGCAAAAA,0
TGCAATAAACAAACAG,0
TGCAATATGACGGGCA,0
TGCAATCTATCGCCTG,0
TGCAATGACCTTTACG,0
TGCAATGCCCGGTGCA,0
TGCAATTACAACAGTT,0
TGCAATTGTTACATTA,0
TGCACAAACAAGAAAA,0
TGCACAAACCTGACCG,0
TGCACAAATGAATGAA,0
TGCACAAGTTAAATGG,0
TGCACATGGTCTACCA,0
TGCACATTAGGGTGGC,0
TGCACCAGGATACTTT,0
TGCACCGTTTAACGAT,0
TGCACCTAAGCATCTA,0
TGCACGATTGTAAAAG,0
TGCACGTTAATGGGCA,0
TGCACTATACTAGAGG,0
TGCACTCGCAAGTTAA,0
TGCAGAAACCGGCTAC,0
TGCAGAAGACTCCAGT,0
TGCAGAAGATATAATC,0
TGCAGAAGCCCGACAC,0
TGCAGAATACCAAAAA,0
TGCAGAATCCGAATTG,0
TGCAGAGGATAACTGG,0
TGCAGATGGAAGGCGT,0
TGCAGCAACCCGAGCT,0
TGCAGCAGGTTGTACA,0
TGCAGCTAGTCAGAGA,0
TGCAGGAGATAATGAA,0
TGCAGTAAGTAATTAA,0
TGCAGTCTTGATTGCC,0
TGCAGTGACATATAGA,0
TGCAGTGCTACTCGTA,0
TGCAGTGGATCGAAGT,0
TGCATAAATAAAGCAT,0
TGCATAACTTGTCCTA,0
TGCATAAGTTAGCTGT,0
TGCATACCTCCAAATT,0
TGCATACTAAGCATAC,0
TGCATATACTATCCCG,0
TGCATCAAACCGAATA,0
TGCATCCAAATAACGG,0
TGCATCGGTTGCAAGC,0
TGCATCTACGAGAACA,0
TGCATCTCTATTGACA,0
TGCATCTGGTAAAGTG,0
TGCATGGGATCGATAC,0
TGCATTAGTGCGGCAG,0
TGCATTCGCTTCCATG,0
TGCATTCTGAGCTAAA,0
TGCATTGAATAATGTG,0
TGCATTGCACTTGATG,0
TGCATTGCTATGTTTA,0
TGCCAAAACACTAGAA,0
TGCCAAACCCCTCCCG,0
TGCCAAATAAAGTCGG,0
TGCCACAGGGAGAAGT,0
TGCCACGGGCAAAGTA,0
TGCCACTAAATAAAAG,0
TGCCAGGCATTAAATA,0
TGCCATACCCTAAAAA,0
TGCCATACTAATATCT,0
TGCCCAATACTGGCAT,0
TGCCCACCCTGATGAC,0
TGCCCACGACGAACAA,0
TGCCCAGGTCCACCAA,0
TGCCCCACCGCTAAAC,0
TGCCCCCCAATTAAGA,0
TGCCCCTTAACGGGAC,0
TGCCCCTTGGATAAAA,0
TGCCCGCATCACCAAT,0
TGCCCGCGGCTCCCCA,0
TGCCCGTACGATAGCT,0
TGCCCGTGCTGGACCC,0
TGCCCTAACTGCTCAA,0
TGCCCTATATACCCTT,0
TGCCCTTGCAGGCCTT,0
TGCCGACACTCGTAAT,0
TGCCGACATCAACGCT,0
TGCCGACCGACCGAAG,0
TGCCGACGATCGTAGT,0
TGCCGAGAGGCTTTCA,0
TGCCGCTAATTACCAT,0
TGCCGGGCACAACGAT,0
TGCCGGTATGTCTGAT,0
TGCCGGTCAACGACAG,0
TGCCGTCTGATGTCAA,0
TGCCTAGCAAAAGTAT,0
TGCCTATACCTCTTAA,0
TGCCTATAGGCGAGCG,0
TGCCTCAATCGAAAGC,0
TGCCTGACTAAAATGT,0
TGCCTGCTAAGATCGA,0
TGCCTTATGCCCAATC,0
TGCGAAAGAAGATTTA,0
TGCGAAAGGTTTGGTC,0
TGCGAACTATATAAGT,0
TGCGAACTTTTTCGTA,0
TGCGACATCGCGAGCA,0
TGCGACCGACCTCGGT,0
TGCGACGGAAAACAGA,0
TGCGAGATATGCATAT,0
TGCGAGCCCTAACCGT,0
TGCGAGTGCTGGATCT,0
TGCGATCTTATAATAA,0
TGCGATGGTACTTATG,0
TGCGATGTGAGACATC,0
TGCGCAAGACATATAA,0
TGCGCAATTTGTCTAC,0
TGCGCACCCTAACGAC,0
TGCGCACGCTCACCGA,0
TGCGCAGGTGATTCGC,0
TGCGCCAATAACACCA,0
TGCGCCACGTAAACAA,0
TGCGCCTAACGTTTTA,0
TGCGCGGGGCCATGAA,0
TGCGCTAACAATGAGA,0
TGCGCTGATGAATGTG,0
TGCGGAACGCACTATT,0
TGCGGAACGGAAACAC,0
TGCGGGAAGTTATATC,0
TGCGGGCAACCCCTAC,0
TGCGGGCTACGTAGGA,0
TGCGGGGTTTACTCCG,0
TGCGGGTTTCCAAAAT,0
TGCGGTCGACTCTAAT,0
TGCGGTGTAGATTGAT,0
TGCGTAATGACAAACT,0
TGCGTATTCACACCAA,0
TGCGTCTGACGACAAC,0
TGCGTTGCTATGGAAA,0
TGCTAAAACATCTAAA,0
TGCTAAATCTAGTCTA,0
TGCTAACATCTAAGAC,0
TGCTAACCTGGGTTAC,0
TGCTAACGGCACTAAG,0
TGCTAACTCGAAAAAA,0
TGCTAACTTCCTAAAC,0
TGCTAAGACCAATTAA,0
TGCTACAAGAGCCTAA,0
TGCTACATAGGGATAG,0
TGCTACATGCTCATTA,0
TGCTACCATGTGAATT,0
TGCTACCCATAATTAA,0
TGCTACGAAGTCTCAC,0
TGCTACTGGAGGACCA,0
TGCTAGATAGCCATCC,0
TGCTAGCTAACTGACC,0
TGCTAGCTTATAAGGA,0
TGCTATATATTAGGAT,0
TGCTATCTTTATAAAA,0
TGCTATGTACGCAGCA,0
TGCTCAATATGTAAGT,0
TGCTCAATTTGGTCAT,0
TGCTCACGTTAGACGA,0
TGCTCATAGTAGACTG,0
TGCTCATCGTGATCAT,0
TGCTCCCACGAGATAC,0
TGCTCCCCTAAACCGA,0
TGCTCGTACTCAAAGG,0
TGCTCTACTCCCCTAA,0
TGCTCTAGATAACTAG,0
TGCTCTCCATTTGCTG,0
TGCTCTCTACTGAATA,0
TGCTCTTGGTGGCGTT,0
TGCTCTTGTAATTTCC,0
TGCTGAACTACCCAAC,0
TGCTGAATGCGAAGAA,0
TGCTGACCACCCTCAA,0
TGCTGACCCTGAGAGA,0
TGCTGACCGATTAATG,0
TGCTGCAATTATGAGC,0
TGCTGCAGAAAGACAT,0
TGCTGCCAAAAAGTAG,0
TGCTGCTGATGCCTAA,0
TGCTGTCTTGAAACCC,0
TGCTGTGAGATCAGAA,0
TGCTTAAAAAGAACTT,0
TGCTTAAAACACTATA,0
TGCTTATGACACACAA,0
TGCTTATGATATGAGT,0
TGCTTCAACCCGGTGT,0
TGCTTCAGACCGTAGA,0
TGCTTCTATAGTACCG,0
TGCTTGGGCTCGGCCA,0
TGCTTGTCAGTCGTAT,0
TGCTTTAAATAAGAAA,0
TGCTTTCACTAATGAG,0
TGCTTTCATTAACTGT,0
TGCTTTCTAGGCCTTT,0
TGCTTTGTGTGGTACC,0
TGCTTTTGTAAAACAT,0
TGGAAAAGCACCCGTT,0
TGGAAAATAATGGATG,0
TGGAAAATACAGAGCA,0
TGGAAACAGTGGCAAA,0
TGGAAAGAAAACAATC,0
TGGAAAGAAAACTAAT,0
TGGAAATACGACGCAG,0
TGGAACAATTCGTCTA,0
TGGAACACTACGAAAA,0
TGGAACAGCTCAGATG,0
TGGAAGAAGTAGGCCA,0
TGGAAGCCGGACGGAT,0
TGGAAGTGCAAGAATA,0
TGGAAGTTTATCATTG,0
TGGAATAAATGTGGCA,0
TGGAATGATAAAAATC,0
TGGAATGGACACCGTA,0
TGGAATGTATAAAACG,0
TGGAATTTTTACTAAA,0
TGGACAACAACAAAAA,0
TGGACAACACACGTAA,0
TGGACACCGATTCGAC,0
TGGACACGATACTAGC,0
TGGACACGCAAGGAAA,0
TGGACAGATCCATACG,0
TGGACATGTCCTACAG,0
TGGACCAAAGCAGGTA,0
TGGACCAAGACGAAAT,0
TGGACCAATTTACTAT,0
TGGACCGTATTGCAAA,0
TGGACGATACTAAAAC,0
TGGACGCCAAAATTTA,0
TGGACTACACATGGTG,0
TGGACTCACCTACAGA,0
TGGACTCCTTTAATTA,0
TGGACTCTATAAAGAC,0
TGGACTTTAAAATCTC,0
TGGACTTTTGATAGCG,0
TGGAGAACAATTTGAC,0
TGGAGAACGCGAACCC,0
TGGAGACACAATTTTC,0
TGGAGACGAAAAGGGA,0
TGGAGACTGTTAAAAC,0
TGGAGATACAAAATGC,0
TGGAGATGCATAGCAC,0
TGGAGATTCTGTATAA,0
TGGAGCCACCAATATT,0
TGGAGCCATTAGTCCC,0
TGGAGCGCAATCCTGA,0
TGGAGCTATTAAAGCA,0
TGGAGGACAATTGTCG,0
TGGAGGCTTCTGCCTC,0
TGGAGTCAAGTAACGA,0
TGGAGTTAGTGAACCA,0
TGGAGTTCACGCCAAA,0
TGGATAAACCTAATGA,0
TGGATACATATGAAGC,0
TGGATACCAAACATAA,0
TGGATACCGAGCTAAG,0
TGGATATCAGGGTGGC,0
TGGATCAAGAAAACTC,0
TGGATCAATCTAGCGA,0
TGGATCCCATTTAGAC,0
TGGATCTAGGTATTAA,0
TGGATGAAAATAGGCA,0
TGGATGAAACCGGAAG,0
TGGATGAAAGTGTTAC,0
TGGATGATCTATAAAA,0
TGGATGTACCGTTGTT,0
TGGATTACATTCCAAC,0
TGGATTCGCATTCACG,0
TGGCAAAACTGCAATT,0
TGGCAAAAGTGAAAGT,0
TGGCAAACAACTATTG,0
TGGCAAATGAGCCGTC,0
TGGCAAGATGCTGCCG,0
TGGCACCTTAGCCAAA,0
TGGCACTCAGTAAATA,0
TGGCACTCGAAGAAAT,0
TGGCAGAGTCACAACA,0
TGGCAGGACCATAGCA,0
TGGCATGTCAGTAGAC,0
TGGCATTAATGCAATC,0
TGGCCAATTCCCCTCC,0
TGGCCACTCTTACCCC,0
TGGCCAGAGCTATTAT,0
TGGCCCTCATACCGTC,0
TGGCCGATACATATTA,0
TGGCGAAAGATCATGT,0
TGGCGATCTCAATCTA,0
TGGCGCATAGGATAGA,0
TGGCGCCACGGCATAG,0
TGGCGCGATACTTGCC,0
TGGCGGAACTTACGCT,0
TGGCGGCACCTTAAAT,0
TGGCTACAACGGAGAT,0
TGGCTCGCACGAGCGC,0
TGGCTCTAAATACTCA,0
TGGCTGAGAGCCACAA,0
TGGCTGATGCCCACAA,0
TGGCTGCATCAGCGTA,0
TGGCTGTAGATTTACG,0
TGGGAACCCTTTATCT,0
TGGGAACTATGTATTA,0
TGGGAATATAATATCA,0
TGGGACAAACTATAAT,0
TGGGACAAGCACGTAC,0
TGGGACAGTGGCACGG,0
TGGGACCAACTCCTAT,0
TGGGATAAAAGTTGGT,0
TGGGATAACCCAAAGC,0
TGGGATAAGAGATTAT,0
TGGGATATGGAAAACA,0
TGGGATGACAGAGTAA,0
TGGGATGTGCAAAAAT,0
TGGGATTTATACAACC,0
TGGGATTTGAATTATC,0
TGGGCAAAACTTAACA,0
TGGGCAACACAACCTA,0
TGGGCCGCAGACCTCA,0
TGGGCTAAATGTCTGC,0
TGGGCTGTGCCAACTT,0
TGGGGAACTTCAACAT,0
TGGGGCAATGTTGGAA,0
TGGGGGTGAATAATCA,0
TGGGGTGCTAGAAGAC,0
TGGGTAACTACTCTGA,0
TGGGTATGGCGTGCTT,0
TGGGTCCAAAATAATG,0
TGGGTGCAGTAATGGG,0
TGGGTGGAATGTCCTG,0
TGGGTTACCCTAACGA,0
TGGGTTATTCCAAAAT,0
TGGTAAAATTTTACAG,0
TGGTAAACCAGACACT,0
TGGTAAACTTCTGTAA,0
TGGTAAATAATAATAA,0
TGGTAACAATAAATTT,0
TGGTAACCAATTATAG,0
TGGTAACGCAACTCCA,0
TGGTAACGTTATCCTA,0
TGGTAATATAAGAACG,0
TGGTACATTGACACAA,0
TGGTACGGAGACTGAC,0
TGGTACTTCGAAGCAT,0
TGGTAGATAACTGGGC,0
TGGTAGCGTGATACAC,0
TGGTAGTTAACAAAAC,0
TGGTATAGTAGCAGTC,0
TGGTATCGATACACAT,0
TGGTATTATAAATGAG,0
TGGTCAACTCAACCGA,0
TGGTCATTGCGCATGA,0
TGGTCCATAATAGGCA,0
TGGTCCCTCCCAGTTT,0
TGGTCGGCTCCCACCT,0
TGGTCGTCAATACAAG,0
TGGTCTGGACTCGTTA,0
TGGTCTTGATCATACA,0
TGGTGAAGTTTCACAG,0
TGGTGACTAATAAATA,0
TGGTGATAAATGACAC,0
TGGTGATAAGCATTTC,0
TGGTGATGCAGTACGT,0
TGGTGGAAGTCGTAAA,0
TGGTGGACAGAAATTA,0
TGGTGGAGATGGATGT,0
TGGTGGTTAAAATATC,0
TGGTGTCCTGAACAGA,0
TGGTGTGCATAGCACA,0
TGGTGTTGATGAACGA,0
TGGTTAATATGTGCAA,0
TGGTTATCAAACCTGC,0
TGGTTATTGAAATTCC,0
TGGTTGAAGCCGTGGA,0
TGGTTTCAATATTTAC,0
TGGTTTGACCATATGT,0
TGTAAAACATAGTTTC,0
TGTAAACGTTATGTGA,0
TGTAAAGCAAATGCCA,0
TGTAAATACAGCAATA,0
TGTAAATATAACTGGA,0
TGTAAATTTACCAAGG,0
TGTAACAAAAAAAATT,0
TGTAACAGTAATCGAG,0
TGTAACCAGACATGTC,0
TGTAACCAGCACAACT,0
TGTAACCCGATGAATT,0
TGTAACCGTGAAATTT,0
TGTAACGAACCTTCTT,0
TGTAACGTCCTAACCC,0
TGTAACTCAAAACCAT,0
TGTAAGAATGAACTCA,0
TGTAAGATGGTATGAA,0
TGTAAGCCCTCGAATT,0
TGTAAGCGACGTGCAT,0
TGTAATAACTCCCCAT,0
TGTAATAGGAATCCAG,0
TGTAATATGCTATATG,0
TGTAATCCCAAGCATC,0
TGTAATGGCGTACCGG,0
TGTACAAGTCTAGCGT,0
TGTACAATAAACTTAG,0
TGTACAGTTCCCGTAA,0
TGTACATAAAGGGCAT,0
TGTACATAGGTGATAC,0
TGTACCCCTAGGGTGC,0
TGTACCTAAGTACAGT,0
TGTACGAGTGGAAAGC,0
TGTACGCAAAGTTGGA,0
TGTACGCACGTTCCTT,0
TGTACGCGAAATACGC,0
TGTACGGATAAAATCA,0
TGTACGTGCTAAAATA,0
TGTACTATGAATGAAG,0
TGTACTGACAGGCTAC,0
TGTACTGTGAAACACG,0
TGTACTTAAAGCAATG,0
TGTACTTGTGCTCCTG,0
TGTAGAACTGAAGCTG,0
TGTAGACCAACTCCTA,0
TGTAGACTAACCCCGT,0
TGTAGACTTCCAGAAG,0
TGTAGATCGACGGCTG,0
TGTAGATGGGTACTGT,0
TGTAGATTCGTGACTG,0
TGTAGCAACTTTACCA,0
TGTAGCGATTGACATA,0
TGTAGCTCTCAGGAGC,0
TGTAGCTTTAGAAATG,0
TGTAGCTTTGTCCTAT,0
TGTAGGCCTTATAGAA,0
TGTAGGTTATGTGAGA,0
TGTAGTACGCCTCGCA,0
TGTAGTAGCCATCATA,0
TGTAGTATAAACCCCG,0
TGTATACCAATCAAAA,0
TGTATATCACTAAGCT,0
TGTATCGTAAAGGTAT,0
TGTATCGTAGCGTTTG,0
TGTATCTAAAGGTCCA,0
TGTATCTAACGTGCTA,0
TGTATCTATATTTTTG,0
TGTATGACTCCCATGT,0
TGTATGAGGTGAGCGA,0
TGTATGCTCAAGAAAA,0
TGTATGGCCACTCAAT,0
TGTATGTAATGAGGTA,0
TGTATGTGTACCGGCT,0
TGTATTAAACAAAAAG,0
TGTATTAAAGGTCACT,0
TGTATTAATCAACAAA,0
TGTCAACGTAACATTA,0
TGTCAACTATTACGAT,0
TGTCAAGCACAGGAAT,0
TGTCAAGTTACATTGG,0
TGTCAATACGAGTTCA,0
TGTCAATATGGCAAGT,0
TGTCAATTTAAGACAC,0
TGTCACAAATCCCGCA,0
TGTCACAACGGCTGGC,0
TGTCACCTCTTCCTCT,0
TGTCACTTAATGATCA,0
TGTCACTTTAGAGGTT,0
TGTCAGAATAAAAACC,0
TGTCAGCTGCGCGAGT,0
TGTCAGTTTTCACTCA,0
TGTCATAATTTAGAAT,0
TGTCATTCTCATTCAA,0
TGTCATTGCTGATGCA,0
TGTCCAAAATGTATAA,0
TGTCCACATTCATTTC,0
TGTCCCGTAAAGTGAG,0
TGTCCGAGCCACAGGG,0
TGTCCGCGGTTACGAG,0
TGTCCTAAGTCGAATG,0
TGTCCTGATCATTACA,0
TGTCGAAAACAAAGAA,0
TGTCGAACGCAGGGTG,0
TGTCGAGAACTCTCAC,0
TGTCGATCCGATAATT,0
TGTCGCAGCATCAATG,0
TGTCGCTACATGAAGT,0
TGTCGTAAACGATATA,0
TGTCGTAACAATCGTT,0
TGTCGTCAATCATAAA,0
TGTCGTTGCATGATTT,0
TGTCTAACATGCATCC,0
TGTCTACTAAGTAGCG,0
TGTCTCTGGATCACAA,0
TGTCTCTTAAATGTGT,0
TGTCTGAAGTCTAGAG,0
TGTCTGCGAAGTGCAA,0
TGTCTGGTCTGATACG,0
TGTCTGTCAACAAATC,0
TGTCTTAATCCAACTT,0
TGTCTTTAATACAACA,0
TGTCTTTCATTATTAC,0
TGTCTTTTCTTCTGAA,0
TGTGAACACAATTAAC,0
TGTGAACAGGAGCTCA,0
TGTGAAGCAAGTAAAC,0
TGTGAATAATATAACT,0
TGTGAATAGGTTCCAT,0
TGTGAATGAAGCACGA,0
TGTGACACGAACGCAC,0
TGTGACGAACAGGGAG,0
TGTGACGATGCAAGGC,0
TGTGACTCTTTTACAT,0
TGTGAGGTCGGGTTTT,0
TGTGATCTGACGGTTA,0
TGTGCAGTCGTAGAAC,0
TGTGCATTTAACAACT,0
TGTGCCAAGATTCAAG,0
TGTGCCAGCGGGAACC,0
TGTGCCGCCATTTGCG,0
TGTGCCTTGTAACACT,0
TGTGCGAACTACAGGT,0
TGTGCGGAACAGGGAT,0
TGTGCGTCACTTAGCA,0
TGTGCTAACTACATTA,0
TGTGCTTCAAACACTT,0
TGTGCTTGCTTGAACA,0
TGTGGAAATGAGAATT,0
TGTGGAAGTAAGATGG,0
TGTGGAGTAATAAAAT,0
TGTGGATAAGATACGA,0
TGTGGATACAAAGGTT,0
TGTGGCAAGTCCAAGA,0
TGTGGCGCACCCCAAA,0
TGTGGCTAAATTATCA,0
TGTGGCTCAGCGCGAT,0
TGTGGGCACTTAACAG,0
TGTGGGCATTGTCAGG,0
TGTGGGGGTTATCCTT,0
TGTGGTGGCGCCAAAC,0
TGTGTACAAGAAAATA,0
TGTGTCAAGACAACTC,0
TGTGTCGCTAAAAACA,0
TGTGTTTCTGTACACT,0
TGTGTTTTACAAATAG,0
TGTGTTTTACTGGCAA,0
TGTTAAAAATATCGTT,0
TGTTAAAACAAAGGCA,0
TGTTAAAATTGTCATA,0
TGTTAAAGAGATCAGA,0
TGTTAACTTGTATAGT,0
TGTTAAGAGGAAAGTC,0
TGTTAAGATAGCATCC,0
TGTTAATAACCGGACA,0
TGTTAATAGTGGACCC,0
TGTTACCCTTAAATCT,0
TGTTACTAATAAGTAT,0
TGTTACTGGAACAAAA,0
TGTTAGTATGCACAGA,0
TGTTAGTTTAGCTTAA,0
TGTTATACTTGAACTA,0
TGTTATCCCAACAATT,0
TGTTATCGGACCCGAG,0
TGTTATGAGCAATAAC,0
TGTTATTTGTAAACGC,0
TGTTCAAAAGCGAAGA,0
TGTTCAATCACATAAA,0
TGTTCCCATAAATATT,0
TGTTCCCCCACATAAT,0
TGTTCCCCTTCACATA,0
TGTTCCCTAAATGAGG,0
TGTTCCCTAAGATTTG,0
TGTTCCGGAGCTTTTG,0
TGTTCGATTAAAGTAC,0
TGTTCGTTCTGAACAA,0
TGTTCTAAAATTATAC,0
TGTTCTCCGGCTATCG,0
TGTTCTTCCCGGAGTC,0
TGTTCTTTGCCTAAGG,0
TGTTCTTTTAGACCTT,0
TGTTGAAAACTATCAT,0
TGTTGAACGTGCCTGA,0
TGTTGAATATAATGAC,0
TGTTGAATTACATAAC,0
TGTTGAGCAAACAATA,0
TGTTGAGCTGCACCCG,0
TGTTGAGGGTAAACGG,0
TGTTGCCGCATACCGC,0
TGTTGCCTCTCGGGAC,0
TGTTGCGATTACAATA,0
TGTTGGGTTGGTTTTG,0
TGTTGGTCAAACATGC,0
TGTTGTGAGAGAACCG,0
TGTTTAAAACTCTAAC,0
TGTTTAAATACTAGCA,0
TGTTTAACGTTTAATC,0
TGTTTACAGACTACAT,0
TGTTTACATGAGATTC,0
TGTTTATGAGGACTTA,0
TGTTTCATCCAGAGAT,0
TGTTTTAAACAATCGG,0
TGTTTTATAAAAAACA,0
TGTTTTCAAAATCCAT,0
TGTTTTGTCACTGGAG,0
TGTTTTTAATTCCTGA,0
TGTTTTTGACTGGCAC,0
TTAAAAAAACCATAGA,0
TTAAAAAACAGGGCCC,0
TTAAAAAACGCCGCTT,0
TTAAAAATATAAAAAA,0
TTAAAAATGGTCGTGA,0
TTAAAAATGGTTAGCC,0
TTAAAAATTCGGGATA,0
TTAAAACATGTTCATT,0
TTAAAACATTAGATCT,0
TTAAAACCAGAAGATA,0
TTAAAACCATAATACA,0
TTAAAACCATCGTCGC,0
TTAAAACGAGCGAAAC,0
TTAAAACGTCCCTAAA,0
TTAAAACTCCTACATC,0
TTAAAACTTCTCAATA,0
TTAAAAGAACCATCAT,0
TTAAAAGAGCGACGCC,0
TTAAAAGGCAACGTTA,0
TTAAAAGTACATTTTG,0
TTAAAAGTACCATCCC,0
TTAAAAGTTCACAGTT,0
TTAAAATATGTTGACT,0
TTAAAATCAAAACTTT,0
TTAAAATGAATGCCTG,0
TTAAAATTATGTCCGA,0
TTAAACAAGACTACAG,0
TTAAACAATAACATGA,0
TTAAACAATGGAGAAT,0
TTAAACACATTATGCA,0
TTAAACACCAATACTA,0
TTAAACACTAAGGTCC,0
TTAAACATATCCAAAG,0
TTAAACATCGTATTGT,0
TTAAACCATCATTGGC,0
TTAAACGAGTTATACC,0
TTAAACGCCGTTCTAC,0
TTAAACTCACACAATA,0
TTAAACTGACCTAGCA,0
TTAAAGACACAGTGCT,0
TTAAAGATAGACCAAG,0
TTAAAGGTCGCCAATC,0
TTAAAGTATATAAGAG,0
TTAAAGTATGACCCTA,0
TTAAAGTTCTTCAGAA,0
TTAAATAAAAAGTCAA,0
TTAAATACAATACCAA,0
TTAAATACACCTACCC,0
TTAAATACTACCGATA,0
TTAAATAGCCGGGGAC,0
TTAAATAGTGTACCTG,0
TTAAATATGGAGATTT,0
TTAAATCACACGTGTC,0
TTAAATCACGGTTAAT,0
TTAAATCATTCATCTT,0
TTAAATCCCTATTGTA,0
TTAAATCGAGTAAAGT,0
TTAAATCTCTGAGGGA,0
TTAAATCTTACAAAAA,0
TTAAATGACGCGTAAT,0
TTAAATGACTCACGTA,0
TTAAATGGCCCCAAGT,0
TTAAATGGGACAACTG,0
TTAAATTAGGCAGTAT,0
TTAAATTCCCGCTAAT,0
TTAAATTCTGAAGGAA,0
TTAAATTGAATCGTCG,0
TTAAATTGATTGCACT,0
TTAAATTGCGTCCTGT,0
TTAAATTGGTTAACCA,0
TTAACAAAAAGAGGAA,0
TTAACAACTTAATTAA,0
TTAACAAGTGCACTCA,0
TTAACAATTAACACGC,0
TTAACACAGTAACGGC,0
TTAACACCCAATAGAC,0
TTAACACTGCTCCGAA,0
TTAACAGACCATTGTG,0
TTAACAGACCTACCTA,0
TTAACAGATAGAAAAC,0
TTAACAGTGATCTGCT,0
TTAACATAGAAATAGA,0
TTAACCAAAATTCGCG,0
TTAACCCAAAAAACCC,0
TTAACCCAGATTAACG,0
TTAACCCATGTAGAAA,0
TTAACCGATTCGACAC,0
TTAACCGCTAAAACCC,0
TTAACCGTCAAACTAA,0
TTAACCTGCCCTCAAG,0
TTAACGAAGGGCCCTA,0
TTAACGACAGGCAGTC,0
TTAACGAGAAGTCAGC,0
TTAACGCATGCAAGAG,0
TTAACGGGCCTACCAG,0
TTAACGGTTCACCGCC,0
TTAACGTAATGATTGG,0
TTAACGTTATCAGTAA,0
TTAACTAGATCAATCA,0
TTAACTCACCAGTAGA,0
TTAACTCATGGACCGT,0
TTAACTCATTATCCCA,0
TTAACTCTTCCCAAGC,0
TTAACTCTTTCACCCC,0
TTAACTGACCGGTGAT,0
TTAACTGGCGCAACCG,0
TTAACTTTTATTCAAC,0
TTAAGAAGATCGAGGA,0
TTAAGACAATGATCAT,0
TTAAGACACTATTACG,0
TTAAGACATCAATAAT,0
TTAAGACCCGCAGGTA,0
TTAAGACTCATGAACA,0
TTAAGACTTTTGTATT,0
TTAAGAGGCTAACTAA,0
TTAAGATAAATACTCT,0
TTAAGATAAGGCTAAC,0
TTAAGATCAGCTCATA,0
TTAAGCAACAAAGCAT,0
TTAAGCAAGGCAGAAC,0
TTAAGCAGGACGTTAG,0
TTAAGCATATATCCGT,0
TTAAGCATGTCCTAAA,0
TTAAGCGGAACAGATC,0
TTAAGCTAACAAAGTG,0
TTAAGCTCACGATCCG,0
TTAAGCTCGTGAAGAG,0
TTAAGCTCTTCAAAAG,0
TTAAGCTTGATGGTCT,0
TTAAGGCCACCTATAC,0
TTAAGGTAATCATCAT,0
TTAAGTAATGTACAAG,0
TTAAGTACCACTACAT,0
TTAAGTACGCAAGGTA,0
TTAAGTCTCACATACC,0
TTAAGTCTCTACGGCC,0
TTAAGTTAATCCCCTA,0
TTAATAAAGCTCCCAT,0
TTAATAACAGGTACGA,0
TTAATAAGGGTATAAT,0
TTAATAATAATGAAAT,0
TTAATAATAGTGCACT,0
TTAATACATATATCAC,0
TTAATACATTTGTACT,0
TTAATACCAGTAAGCT,0
TTAATACCTCTGACTA,0
TTAATACGAACTCAAA,0
TTAATACGTGCAATTT,0
TTAATACTAAGTTTAT,0
TTAATAGAAACGACAA,0
TTAATAGACATAAGCC,0
TTAATAGACCTTAAGA,0
TTAATAGCAGGCCGAA,0
TTAATATCAAAATCAT,0
TTAATATGAGTGGCAA,0
TTAATATTTAATGAAC,0
TTAATCAATAGAGATC,0
TTAATCAATCATTTGT,0
TTAATCACTTCTAGAT,0
TTAATCCATTGACATC,0
TTAATCCCTGGACCTG,0
TTAATCGATACCTGAT,0
TTAATCGTTAATGTGT,0
TTAATCTAAAGTAACT,0
TTAATCTCAGAATATA,0
TTAATCTGAAAATAAG,0
TTAATCTTCAAAGCCG,0
TTAATGAAGTATTATG,0
TTAATGAATATAAATT,0
TTAATGAGACGGTAAT,0
TTAATGCATTGTACCA,0
TTAATGCTACGATAGA,0
TTAATGGAGTTAATTT,0
TTAATGTGAACACCCG,0
TTAATTAAAGCCCAAT,0
TTAATTAAATCCATCA,0
TTAATTACCGAATTTT,0
TTAATTACCTCCCTAT,0
TTAATTATACCGTCGG,0
TTAATTATATAGTAGA,0
TTAATTCATTACATTT,0
TTAATTCCAAGGGCGA,0
TTAATTGACATCTGAA,0
TTAATTGACTTCCGCG,0
TTAATTTAAACCTAGG,0
TTAATTTAAATTATAA,0
TTAATTTAATAGAAAA,0
TTAATTTCTGATAGAC,0
TTAATTTGGGAACGAA,0
TTAATTTGTCTGTTCC,0
TTAATTTTACTAAGTT,0
TTACAAAAAAAGGATC,0
TTACAAAGCAGTTAAG,0
TTACAACAACACGTTA,0
TTACAAGAAACAAAGA,0
TTACAAGTCTTAGGAG,0
TTACAATCTTGACGCT,0
TTACAATTCATAGACA,0
TTACACAGACTTAAGC,0
TTACACATAAACTATT,0
TTACACATAAGATTAA,0
TTACACCAATATAGCG,0
TTACACGACTGACCTT,0
TTACACTAAAAAAAAA,0
TTACACTATAAAGAAC,0
TTACACTCCATGGTAA,0
TTACACTTTATTTCGA,0
TTACAGATAAACAAAA,0
TTACAGATGAAAACGA,0
TTACATAACACTCTAG,0
TTACATAATGATAGAA,0
TTACATACCCACTTGA,0
TTACATAGCGTAAAAG,0
TTACATATATACCGCA,0
TTACATATTTGGACGA,0
TTACATCCCATTCCTA,0
TTACATCTAACCAATA,0
TTACATCTCGCGAAAA,0
TTACATGACTAACCAA,0
TTACATTACATGTACC,0
TTACATTATGAGCCAT,0
TTACATTCAGCCCTGA,0
TTACATTGAGTGTTAA,0
TTACATTTGCTTATAA,0
TTACCAAAAATCCCCG,0
TTACCAAAGAAATCTC,0
TTACCACATACATTTT,0
TTACCACATGTAACTT,0
TTACCACCGCACAAAT,0
TTACCAGAAGTTAATA,0
TTACCAGAATCGCTAT,0
TTACCAGCGCAGATAT,0
TTACCATGGTAATACC,0
TTACCCATCTGCCAAA,0
TTACCCCCGAGGCAGA,0
TTACCCCTCGGAGCGT,0
TTACCCTACCGGTTTC,0
TTACCGCTATGAATCT,0
TTACCGCTTATTTAGA,0
TTACCGGGTAACTCGT,0
TTACCGGGTCTGATTC,0
TTACCGTACTAACCTA,0
TTACCTAAGAAGTCGC,0
TTACCTACAGACGGAA,0
TTACCTACTTCAGAAA,0
TTACCTATAAGCCAGA,0
TTACCTATGACTAATC,0
TTACCTTAAGAGATTA,0
TTACCTTCATCTCTAG,0
TTACCTTTGCAGCAGG,0
TTACGAAAACCATATT,0
TTACGAAAGAGCAGAA,0
TTACGAAAGGTTTGCC,0
TTACGAACAAGTTATG,0
TTACGAACGCCTGAAA,0
TTACGACATTTAATTC,0
TTACGAGACTTGACAG,0
TTACGAGTATCAGTAG,0
TTACGATAGCCTGAGG,0
TTACGATCAGATAAAC,0
TTACGATCGCAGACCA,0
TTACGATTTATATATG,0
TTACGCAAAACTGCAA,0
TTACGCACAACTAATT,0
TTACGCACCTATTGGT,0
TTACGGACCTTGTAGC,0
TTACGGATCACACTAG,0
TTACGGCACAGGAATA,0
TTACGGGAATGGAGAA,0
TTACGGTTTTACGGGG,0
TTACGTTAATGGGCAT,0
TTACGTTGTTCGGTAC,0
TTACTAACTAACTGGC,0
TTACTACGAGAAGTCG,0
TTACTATGGGCAGAAA,0
TTACTCACGATCTCAA,0
TTACTCCCTGTACAGC,0
TTACTCTGCAAGACGG,0
TTACTCTTTGAGATTG,0
TTACTGACTTTCAACA,0
TTACTGGCGAATAACA,0
TTACTTCCTTCAAATT,0
TTACTTCGTAGAAACT,0
TTACTTTATTAAGGGA,0
TTAGAAAAAACGCGTG,0
TTAGAAAAGTAAATAT,0
TTAGAAAATATACAAA,0
TTAGAAAGAATGTAAA,0
TTAGAAATACGGACTA,0
TTAGAAATGCCCGATG,0
TTAGAAATTAATACTC,0
TTAGAACACAAACCAA,0
TTAGAACACGTTGCGA,0
TTAGAACAGCATGAGT,0
TTAGAACCAACACTCC,0
TTAGAACCATCAATGC,0
TTAGAACGTAAAGTAG,0
TTAGAAGAAATATCAT,0
TTAGAATCTGATCCTA,0
TTAGAATGAGATGAGA,0
TTAGAATTAGCTATCC,0
TTAGAATTCCCATGGG,0
TTAGACAACTGTTAAA,0
TTAGACACACGGAAAC,0
TTAGACAGTGATTACT,0
TTAGACCCGTCATAAT,0
TTAGACCGTGTCTCTT,0
TTAGACGACGAACTAT,0
TTAGACGCTACATAAG,0
TTAGACTAATACACTC,0
TTAGACTTATAGCTCT,0
TTAGACTTATCCAGCT,0
TTAGAGAAAGCTCCAT,0
TTAGAGAACCTAGCCA,0
TTAGAGACAGTACCCT,0
TTAGAGCACATCACAA,0
TTAGAGCAGCGGTAAA,0
TTAGAGCTGTGTAAAG,0
TTAGAGGAATGGCGTA,0
TTAGAGGAGGTCTTCA,0
TTAGAGTACCGGTACC,0
TTAGAGTTACCACGCC,0
TTAGAGTTTTTGTCGG,0
TTAGATAAAAGAAAAC,0
TTAGATAGGAGCACGA,0
TTAGATATCGATAACA,0
TTAGATCAAATATACA,0
TTAGATCCAACGGTGA,0
TTAGATCCATGGTGAC,0
TTAGATCTATAATTGT,0
TTAGATGGCGTAAAGT,0
TTAGATGTGGCCGGAA,0
TTAGATGTGGCTAGAA,0
TTAGATTCCACCAGAC,0
TTAGATTCTACTAGAC,0
TTAGCAACGAACCTCC,0
TTAGCAAGCGGGATAC,0
TTAGCAATTTAGAAAC,0
TTAGCACATAAAGTGA,0
TTAGCAGAAGGAAAAC,0
TTAGCAGCCCCTTCAC,0
TTAGCATAATGTAGAA,0
TTAGCCAATTCAGACA,0
TTAGCCATTCCCTCTC,0
TTAGCCCTCCACATGG,0
TTAGCCGTAAACTGAA,0
TTAGCCGTAAGGATAG,0
TTAGCCTATTCAGAGG,0
TTAGCCTCGGGGTCCC,0
TTAGCGGCCCGACTCT,0
TTAGCGTAACTACGAT,0
TTAGCGTGAAATAAAA,0
TTAGCGTGTGATTCTT,0
TTAGCTAATTAAAAGT,0
TTAGCTACTGCTCAGC,0
TTAGCTCATACACAAA,0
TTAGCTGATGCACCGC,0
TTAGCTGGTGGGTCGA,0
TTAGCTTAAGCCACAC,0
TTAGCTTAGAAGTTCG,0
TTAGCTTCGCCCGTGT,0
TTAGCTTCTCTATCGC,0
TTAGGAACAACCCCGA,0
TTAGGACCGCAAAACT,0
TTAGGACGAATAACCT,0
TTAGGATGCCCTCTAA,0
TTAGGCACTTATTTCT,0
TTAGGGCCCAGAGGCT,0
TTAGGGTACTACGTCT,0
TTAGGTAACTTTAGCC,0
TTAGGTAGAATTTTCA,0
TTAGGTAGCTCATGAA,0
TTAGGTCGACAGAATA,0
TTAGGTTACAATTCAA,0
TTAGGTTATATACCAG,0
TTAGTAACGATGATTG,0
TTAGTAACTGAAATAA,0
TTAGTACTAGCAACAA,0
TTAGTACTTAGAACAA,0
TTAGTATCTAGGATGC,0
TTAGTCAAAGTACTAG,0
TTAGTCCAACACCAGG,0
TTAGTCTATGGCGTAA,0
TTAGTGAGCACAATGT,0
TTAGTGCTAAAGTCCA,0
TTAGTGCTGTAAAAGG,0
TTAGTGGCGGTCCGAG,0
TTAGTGGGTACCAGCA,0
TTAGTGTGCTCAGATA,0
TTAGTGTTCGAAATAC,0
TTAGTTCAACATGCAT,0
TTAGTTTGGCTAATCG,0
TTAGTTTGTCACTACG,0
TTATAAAAAGTAATTA,0
TTATAAAATGTAAAGG,0
TTATAAACAAACCTAT,0
TTATAAAGACTAGCAA,0
TTATAAATAAACAGCG,0
TTATAAATAAAGAATC,0
TTATAAATACCGATAT,0
TTATAAATCTATGGTA,0
TTATAAATGATGCTTA,0
TTATAACATAGTTTAA,0
TTATAACATGAATTAA,0
TTATAACTCCGTGCTC,0
TTATAAGGTCACCCGA,0
TTATAATAAGTCGAAT,0
TTATAATAGCCTGCAA,0
TTATAATCTATAAAGA,0
TTATACAAAAACTACA,0
TTATACAATGACTTAG,0
TTATACAGAGAGACCC,0
TTATACATGCAACTTA,0
TTATACCCTCGGATAT,0
TTATACCGAGAAGTGC,0
TTATACCTGTATAAAG,0
TTATACTCACGCTCGT,0
TTATACTCTATAATTC,0
TTATACTCTTTAGGAC,0
TTATAGAAACCACTTT,0
TTATAGAAGTAATGAA,0
TTATAGCCCCCTACTG,0
TTATAGCCTGTCCAAT,0
TTATAGTAAAACTCTG,0
TTATAGTACACTATCA,0
TTATATAGGATGTAAT,0
TTATATATAGATAGCT,0
TTATATCAGGGGACGA,0
TTATATCATTCTCGTT,0
TTATATCGTCCTGATC,0
TTATATCTAGCTCTCA,0
TTATATGCCCGACCAC,0
TTATATGTCGGGTAGC,0
TTATATTAATTCAAAA,0
TTATATTGGGTCGCAA,0
TTATATTGTAATAATA,0
TTATCAAGCGGGCCCA,0
TTATCACATCATTAAA,0
TTATCACCATTAATAA,0
TTATCACTATGATCGG,0
TTATCACTATTGCTGA,0
TTATCATACAGGCGCC,0
TTATCATGCGTTTACT,0
TTATCCAATCTTTATA,0
TTATCCATCACACAAT,0
TTATCCATGTTAAAGA,0
TTATCCCTGATCATAA,0
TTATCCGGCAGAAGTG,0
TTATCCTATATCTTCG,0
TTATCCTGACCTTAAT,0
TTATCGATGAGAACCC,0
TTATCGCCACTGAGAT,0
TTATCGGCGAATTACC,0
TTATCGGCGCAGATGA,0
TTATCGTTCCTAAAGA,0
TTATCTAAAAGCTCCC,0
TTATCTAGCATAGCTA,0
TTATCTCAAACGTGGG,0
TTATCTCAAGGTGTCA,0
TTATCTGATTACTTTC,0
TTATCTTTAAAACACA,0
TTATGACGGCGCTACC,0
TTATGACTAGGAATCT,0
TTATGACTCTGACCCA,0
TTATGATATGTATCAG,0
TTATGCTACACAAACA,0
TTATGGACTAAACCTA,0
TTATGGCTAGACCTGC,0
TTATGGCTCCCACAGG,0
TTATGGCTTCCGATCC,0
TTATGGGGATAGACGT,0
TTATGTAATTTTCGAA,0
TTATGTATTTAAGCTC,0
TTATGTTTTTCTTTAC,0
TTATTAAACGAATTAG,0
TTATTAAATCAACTGA,0
TTATTAATACTGAACA,0
TTATTACATACGTGCT,0
TTATTAGATTTAGTAA,0
TTATTAGCATGTTCAC,0
TTATTATCTCAAATCA,0
TTATTATTATAATTCA,0
TTATTCAAGGACCCAA,0
TTATTCAGAATTTCCC,0
TTATTCAGCCATTAAA,0
TTATTCGAGCAAGTGA,0
TTATTCGCAAAAAAAT,0
TTATTCTAAACGAGCT,0
TTATTGAGACTTACAC,0
TTATTGATACGCCAAG,0
TTATTGTAATGTGAAC,0
TTATTGTAGACAAATC,0
TTATTGTAGAGGATAT,0
TTATTGTTTCGTTTAC,0
TTATTTAACAGAATCT,0
TTATTTACATAAATAC,0
TTATTTACCCAATGGA,0
TTATTTATGAACCAAC,0
TTATTTCAAATAAAGA,0
TTATTTGAACTTATGA,0
TTATTTGCACATAAAG,0
TTATTTGGACACCAAG,0
TTATTTTACTAATATA,0
TTATTTTCAGTCTGCA,0
TTATTTTGTTACTTGG,0
TTATTTTTTCACCAGT,0
TTCAAAACGGCTATTA,0
TTCAAAATACTCCCAG,0
TTCAAACAAAACGCCT,0
TTCAAACAAATTATTA,0
TTCAAACCGCATCATC,0
TTCAAACGTTGGCAAA,0
TTCAAACTGACCTCCA,0
TTCAAAGAAGGGTGAA,0
TTCAAAGACACTTGAT,0
TTCAAAGGGTAAAACA,0
TTCAAATAAACCCAGA,0
TTCAAATAGACGAGCA,0
TTCAAATCAACCGAAC,0
TTCAAATCGCAGATGA,0
TTCAAATGTAACGGAC,0
TTCAAATTATTGGCCC,0
TTCAACAAAATCGTCC,0
TTCAACACGTATAACT,0
TTCAACATTAACGCAA,0
TTCAACTCCGTCAAAA,0
TTCAAGGTAAAGTTAA,0
TTCAAGTAAAAATGTT,0
TTCAAGTACGATAAAG,0
TTCAAGTGATGCAGTC,0
TTCAATAAAATTTGTT,0
TTCAATACAGGAACTG,0
TTCAATATGACCTTCT,0
TTCAATCACTAATGGT,0
TTCAATCCATAAATAC,0
TTCAATCTGAGAACAC,0
TTCAATCTTTCAACCA,0
TTCAATTATCACTGAA,0
TTCACAAAGTTGCCCC,0
TTCACACTACACCACC,0
TTCACAGCGCGAAATA,0
TTCACATAGCTTCCAA,0
TTCACATGGCTACTTA,0
TTCACCCACGCCCCGA,0
TTCACGGAAAAGCTAA,0
TTCACGTAATGGAACA,0
TTCACGTACCTCGACT,0
TTCACTAATAAACAGG,0
TTCACTCTAACAGGGC,0
TTCACTGTAAGATTAT,0
TTCAGAAGAAACTAGA,0
TTCAGACAACTACGGG,0
TTCAGATCAAATGAAG,0
TTCAGCAGCAAGAAGG,0
TTCAGCATTACAGACC,0
TTCAGCGGAGTTACCT,0
TTCAGCGTTTTGTATA,0
TTCAGCTAATTGAGCA,0
TTCAGCTTTGCACTTA,0
TTCAGGCAGAAGCACA,0
TTCAGTAAACCCTCAT,0
TTCAGTAAGTAGCTAG,0
TTCAGTACAATCCAGA,0
TTCAGTATGGCACTTA,0
TTCAGTGATTAAAGTA,0
TTCAGTGTTAGAACAA,0
TTCAGTTATGGTGATC,0
TTCAGTTTACAATTGT,0
TTCAGTTTTCTCGCGA,0
TTCATAATAACCCAGA,0
TTCATAATTAGTAAGG,0
TTCATACATATTGTAT,0
TTCATACTCCGGAAAA,0
TTCATAGATTTATAAG,0
TTCATCAAAGCGAAAA,0
TTCATCAATAACATGC,0
TTCATCAATAATTTTT,0
TTCATCACCACACTCG,0
TTCATCTAATATCTAA,0
TTCATCTGAAAAAATC,0
TTCATGACAACAATAA,0
TTCATGGATATAATAG,0
TTCATGTAATTATTCC,0
TTCATTAAGGTTTTAC,0
TTCATTAGACTAAGTG,0
TTCATTCCTATAACTT,0
TTCATTCGGACTTATT,0
TTCCAAAAACGACATG,0
TTCCAAAAAGTAAACT,0
TTCCAAAAAGTTATGT,0
TTCCAAAATAGTCTGG,0
TTCCAAAGACACTTCC,0
TTCCAACACACCATAT,0
TTCCAAGAGGGGATAA,0
TTCCAATACGGATGCG,0
TTCCAATAGAGCAATA,0
TTCCAATGAAAAAGAT,0
TTCCAATGAAGACAAA,0
TTCCAATGTGTGACTA,0
TTCCACAATTAGCCCT,0
TTCCACAATTATCCGA,0
TTCCACATATATTTGA,0
TTCCACCACTAACTTC,0
TTCCACGAAATGTGTC,0
TTCCACTACACTTGCA,0
TTCCAGTAAAGTTTCA,0
TTCCAGTACATGCGTG,0
TTCCATAGAGATTGTG,0
TTCCATGTACACAAAG,0
TTCCATTGGCTATTGA,0
TTCCCAAAAAGTAGCA,0
TTCCCAAGAGTCGGCG,0
TTCCCACCCCTATCAT,0
TTCCCAGCCGCAAGCC,0
TTCCCAGTCAAAGCTG,0
TTCCCAGTCCCATCTC,0
TTCCCCAACATCAGAT,0
TTCCCCGCGAAAACCA,0
TTCCCCTACTACGCCC,0
TTCCCCTTAGACAATC,0
TTCCCGAACCTTCTTA,0
TTCCCGCAGATATAAC,0
TTCCCGCGACTTGCCC,0
TTCCCGCGGGCAAATA,0
TTCCCGGAGCCAGGAG,0
TTCCCTAACCAGTTCA,0
TTCCCTTACAATGATG,0
TTCCGAAAGCCACCCT,0
TTCCGAACTTCCCGTA,0
TTCCGAGTACACTACT,0
TTCCGATCGAGTCACG,0
TTCCGCCATCCCTAAA,0
TTCCGCGACCAAGGTT,0
TTCCGCTAAACCTAAA,0
TTCCGCTATAGAACAG,0
TTCCGCTCACGAAACA,0
TTCCGGCTTGACCACA,0
TTCCGGTCTACATTAA,0
TTCCGGTTGTCGAAAC,0
TTCCGTCAACATAACC,0
TTCCGTGACAAACAGT,0
TTCCTATAGCCTTAAG,0
TTCCTATTACTATTTT,0
TTCCTCCTAGAGCCCT,0
TTCCTCCTATCATGCT,0
TTCCTCGCGTTAATTG,0
TTCCTCTACACTCGGT,0
TTCCTGACGTTTGAAT,0
TTCCTGATCCAAGTGA,0
TTCCTGGCACACCCCT,0
TTCCTTTCTAAGTACT,0
TTCCTTTTTCAATAAA,0
TTCGAAAACCTAGCCA,0
TTCGAACACCTCGTTA,0
TTCGAACCAATAAAAC,0
TTCGAACGATTTATGT,0
TTCGAAGTAAAACGCG,0
TTCGAATAAACCCATT,0
TTCGAATCCAAAACAG,0
TTCGAATGAATGAGAT,0
TTCGACAAACGCCGTA,0
TTCGACGACCGAATTT,0
TTCGAGAACAAGTAGC,0
TTCGAGAATTCAGGTT,0
TTCGAGTGCACCCGAC,0
TTCGAGTTTGCTATTT,0
TTCGATAAAATGATAT,0
TTCGATAACTTGCCAT,0
TTCGATACTTCCAGAC,0
TTCGATATCCTATCAC,0
TTCGATATGGGGTGCC,0
TTCGATCAAGAAGAAT,0
TTCGATCCACAGTGGT,0
TTCGATGACGCTCTGA,0
TTCGATTTTGAGTTCA,0
TTCGCAAGTAATCAAA,0
TTCGCAATCAAGCGTC,0
TTCGCAGAACTGATTA,0
TTCGCCTTAAAATGCC,0
TTCGCGAAGTGACAGA,0
TTCGCGTTGCGATATA,0
TTCGCTAAAAGGGTGC,0
TTCGCTCCTGACGACA,0
TTCGCTGAGTGAAATT,0
TTCGCTTCGTTATGTG,0
TTCGGAAGCTACTTGG,0
TTCGGAGTTAAGTACT,0
TTCGGATGGCATAAAT,0
TTCGGCAGCTTTCCTA,0
TTCGGCCTTAGAGAAA,0
TTCGGGCCAAGGCTAA,0
TTCGGGGTTAATCCAA,0
TTCGGTATTATTACTG,0
TTCGGTTAAGACATAC,0
TTCGGTTATCCAACCC,0
TTCGTACAAAGAGTAT,0
TTCGTAGCGTATGGTA,0
TTCGTATAACTCCGTA,0
TTCGTATTTCGGACGG,0
TTCGTCGGTGGAATAA,0
TTCGTGCTCACACCCT,0
TTCGTTAAGTGGCATC,0
TTCGTTAGAAGACTGT,0
TTCGTTGTACTTAAAA,0
TTCTAAACCAAACTGT,0
TTCTAAACCCTGATCC,0
TTCTAAAGTGCACACT,0
TTCTAACACACTAGAC,0
TTCTAACCGGATGCAG,0
TTCTAACTACTAACAG,0
TTCTAACTGTAATGAG,0
TTCTAAGGACGTAACA,0
TTCTAATTATATTTAG,0
TTCTACAATACAAGCC,0
TTCTACACATGAAGAC,0
TTCTACACCAAAAGTA,0
TTCTACAGAACCATCC,0
TTCTACATATATGTGT,0
TTCTACCCGAGGTCAC,0
TTCTACGGTTCAATAA,0
TTCTACTATCAATTAA,0
TTCTACTATCTTCATG,0
TTCTAGAGAGTGCCAG,0
TTCTAGCTAGGAAGAA,0
TTCTAGTAAAAAATAA,0
TTCTAGTCAAATGGTT,0
TTCTAGTGAAAGGTAT,0
TTCTATCTGTAGCATC,0
TTCTATGCTAACCCAC,0
TTCTCACCAAACGGCC,0
TTCTCACGAGAATAGG,0
TTCTCATAACGTTTAA,0
TTCTCCACCAGTAATG,0
TTCTCCATAGAAAGCC,0
TTCTCCCGGGTATAGT,0
TTCTCGACCTAGTGTA,0
TTCTCGATGTCATGCC,0
TTCTCGTGCGATATAA,0
TTCTCTATTTCCCGCT,0
TTCTCTGCCACTCAGG,0
TTCTCTGCCGGACATT,0
TTCTCTTCGCTAAAGA,0
TTCTGAAAAAAAATAG,0
TTCTGACCCGATACCA,0
TTCTGCAAACAAGTCA,0
TTCTGCAAATCCATAA,0
TTCTGCAGACCCATAC,0
TTCTGCCAATCAGGCT,0
TTCTGCCCCAACAATC,0
TTCTGCTTTAACAGTT,0
TTCTGGAAAAAAACGA,0
TTCTGGACCTCCTTTA,0
TTCTGGTTTTCCACTA,0
TTCTGTAGAAAGTCAA,0
TTCTGTTGCTATTTCG,0
TTCTTACGAGCCAATG,0
TTCTTACGGCACGAAA,0
TTCTTATAAAACCCCC,0
TTCTTATACCACCGAA,0
TTCTTATGGTCCTTAC,0
TTCTTATGTCTAGAAC,0
TTCTTCCTCTTCCAAA,0
TTCTTCGACATTCCGG,0
TTCTTGAAATGCACTT,0
TTCTTGAACATCCTCA,0
TTCTTGCAGAGCTAAA,0
TTCTTGCTCATTTAAG,0
TTCTTGGAACAGGTGA,0
TTCTTGTCGCATACCC,0
TTCTTTAATCGCATGC,0
TTCTTTCAAAGAAAAT,0
TTCTTTTCCTTACTAC,0
TTGAAAAACACTGATC,0
TTGAAAAATTAACAAT,0
TTGAAAACTGAAAACA,0
TTGAAAAGATTAAAGG,0
TTGAAAATTCTAGGAC,0
TTGAAACATACCACTA,0
TTGAAACATATACTAT,0
TTGAAACGGACCCCCA,0
TTGAAAGTAGAGATTA,0
TTGAAATAATGAGACT,0
TTGAAATGCTAAATTT,0
TTGAAATGTTTTCTTG,0
TTGAACAGTCCCATAA,0
TTGAACATAAAAAAAG,0
TTGAACATCTTTACGG,0
TTGAACCGATTTAAAA,0
TTGAACGAACGATAAA,0
TTGAACGAACTACAGA,0
TTGAACGAATCATATC,0
TTGAACGATACCAAGT,0
TTGAACTCCGTTATTC,0
TTGAACTTAGCTGAAA,0
TTGAAGAAAATCATTA,0
TTGAAGAGCAACGATT,0
TTGAAGCCTGTATATC,0
TTGAAGGACAAACAAA,0
TTGAAGGTCCGTGAAC,0
TTGAATAAAAAGCAAG,0
TTGAATAAATCTGTTC,0
TTGAATAACTAACGAT,0
TTGAATACAATCAGCG,0
TTGAATAGAACAAGCG,0
TTGAATATAAATGGGC,0
TTGAATATAACAAGGG,0
TTGAATATACCAAGTC,0
TTGAATATCCAACCCA,0
TTGAATCAAAAAACAA,0
TTGAATCACGTGACAT,0
TTGAATCTACATGCGT,0
TTGAATCTCCGGACAG,0
TTGAATGGCTCAACAA,0
TTGAATGGGAATTTAA,0
TTGAATTTAAAGCCAT,0
TTGACACACTGATTAG,0
TTGACACATAGGCAGT,0
TTGACACGAATTAACG,0
TTGACAGAGTCCCCCC,0
TTGACCATAGAGTTCC,0
TTGACCCGATCTAATG,0
TTGACCCTCCATGTAC,0
TTGACGCAAACTCTGA,0
TTGACGCGCATGTCTA,0
TTGACTACAATAGTCC,0
TTGACTACCGAAGGAT,0
TTGACTTGCAGAGTAT,0
TTGACTTTACCCTATC,0
TTGAGAAACAGTGACA,0
TTGAGAACCTGACCTC,0
TTGAGAATCAATGTGA,0
TTGAGACGTCCTTACA,0
TTGAGAGAGAGAATGG,0
TTGAGAGGGCCACAAA,0
TTGAGAGTTTTATGCA,0
TTGAGATAAATCGAGG,0
TTGAGATCCACACCCT,0
TTGAGATTGGTAGGAG,0
TTGAGCATAATTGACG,0
TTGAGCCGCTGACTGG,0
TTGAGCGCTATAAAGC,0
TTGAGGAACCCACTGA,0
TTGAGGGAGCCTATAT,0
TTGAGTACATTCGTTT,0
TTGAGTATGCGTCAAT,0
TTGATACAGCCGATAC,0
TTGATACATTAAGAAT,0
TTGATAGTATCCAGAG,0
TTGATATGCAGTAAGT,0
TTGATCAATAGAATTC,0
TTGATCCTCCCGAACA,0
TTGATCGCATCCGCAT,0
TTGATCGTGAATGAAG,0
TTGATCTCTTTAACCC,0
TTGATCTTGATCCATC,0
TTGATGATACCCAGAA,0
TTGATGCCTATTCTGA,0
TTGATGCTCATAAAAT,0
TTGATGCTGTTCAACC,0
TTGATTCTCCCCCCAA,0
TTGATTTATACATTGA,0
TTGATTTCCGACGATT,0
TTGATTTGTCCATAGG,0
TTGCAAACAAGAAAAA,0
TTGCAAACTCTAGTAT,0
TTGCAACAGAGCGATA,0
TTGCAATCCAATGTGG,0
TTGCAATGATTGAAAA,0
TTGCACACAAGCAACA,0
TTGCACGCCAAGTAAC,0
TTGCACTAATCAAAAA,0
TTGCACTATTCCGCAT,0
TTGCAGACCGACGCCA,0
TTGCAGCCCCGATTAG,0
TTGCAGCTCAACTAGT,0
TTGCATAAATAAGAAA,0
TTGCATACCACACTCA,0
TTGCATAGTGTAAAAA,0
TTGCATCACTTAGCCC,0
TTGCATCGGGCCTCGA,0
TTGCATGCCCCTGACT,0
TTGCATTGCCTACTTA,0
TTGCCAAATGTAAACA,0
TTGCCAGTAGTTTACT,0
TTGCCCAAAACCCCTG,0
TTGCCCAAAAGGAATC,0
TTGCCCCTGATCACTT,0
TTGCCCTTTCTGTTAC,0
TTGCCGTCTTTGCCAA,0
TTGCCTATTCAAAACG,0
TTGCCTATTTTAACTC,0
TTGCGCAATTCTGGAA,0
TTGCGGACACTTGTGA,0
TTGCGGGGCTCTTGGT,0
TTGCGGTCAGTAAGCT,0
TTGCGTCCGAACTCTA,0
TTGCGTTCCAACTAAC,0
TTGCGTTTTAGTTACC,0
TTGCTAAACGTGAATA,0
TTGCTAATAAGCAAAA,0
TTGCTAATTTAAAGAG,0
TTGCTACACATGTCGA,0
TTGCTAGCAACCGAGA,0
TTGCTAGGAGCTCAGC,0
TTGCTCAAATAAGATT,0
TTGCTCCTCCGTGCTC,0
TTGCTGAATAACCAAA,0
TTGCTGAATAACGAAT,0
TTGCTGACGCAAAAGT,0
TTGCTGACTCTCCAAT,0
TTGCTGAGTAATGGTT,0
TTGCTGCAAACAGCCA,0
TTGCTGCCAAGACGAC,0
TTGCTGTAATGTCATA,0
TTGCTGTTTGTAAAAA,0
TTGCTTACCAATCTTA,0
TTGGAAAACTAACCCG,0
TTGGAAAATTGAAAGA,0
TTGGAAACTGCCTTAT,0
TTGGAACGCGATCTAT,0
TTGGAAGACCTAACAA,0
TTGGAATTTAAAATTT,0
TTGGAGACTTATCACT,0
TTGGAGCAAAAACCGC,0
TTGGATAGTGCATATA,0
TTGGATCCGAGAGAGC,0
TTGGATCTCCAACGAA,0
TTGGATTGGGATAATC,0
TTGGCCACCAAACACA,0
TTGGCCGAAAACCTTA,0
TTGGCCGTCGATGAAG,0
TTGGCTAAACCCTCAT,0
TTGGCTCACGGATAAA,0
TTGGCTGTAGTCGCTT,0
TTGGGATAATGTACGA,0
TTGGGCCACCGTTGTG,0
TTGGGGGCCATCAATA,0
TTGGGGGCTTAAAAGT,0
TTGGGTTAAAATAAGG,0
TTGGTAGCTTTACCTA,0
TTGGTATACTACACCT,0
TTGGTATAGACAGTGT,0
TTGGTCCGCATCTCCA,0
TTGGTCTGCTCTACAC,0
TTGGTCTTTAACGATG,0
TTGGTGAGTGTCACAT,0
TTGGTGGTGTCCCCCG,0
TTGGTTGGGGGTATCC,0
TTGGTTTATGAGAATA,0
TTGGTTTTGGAACCAA,0
TTGGTTTTTCTTCCAA,0
TTGTAAAAAAAGATTT,0
TTGTAAAAGCTAAATA,0
TTGTAAATAGCCTGTG,0
TTGTAACCTGGATTTA,0
TTGTAAGGCGACTATA,0
TTGTAATAATAAAACT,0
TTGTAATTGATAAAAG,0
TTGTACAAACGAAAAA,0
TTGTACAGTTATAAGT,0
TTGTACCAATGATATA,0
TTGTACCCGATTTATG,0
TTGTACTTCGACAGCT,0
TTGTAGCAGACCGGAG,0
TTGTAGTCCTGTAAAA,0
TTGTAGTCTCCAACCC,0
TTGTATTACACCCCAG,0
TTGTATTCAAATAACC,0
TTGTCAAACAAGATAA,0
TTGTCAACTCACTAAT,0
TTGTCAATTACGTTGA,0
TTGTCACTGTAAAGCA,0
TTGTCAGAGACGCGGT,0
TTGTCATACTATTAAA,0
TTGTCATCCTGAGGGC,0
TTGTCCAAATTCATCA,0
TTGTCCCACTTCAAAT,0
TTGTCCCTCGACTACG,0
TTGTCCTTCATGCCTA,0
TTGTCGAACTTAGATT,0
TTGTCGGATACATCAA,0
TTGTCTCAAGGTCATA,0
TTGTCTTGGCTGATGG,0
TTGTGAAGTATGTAGG,0
TTGTGACCAATATAGT,0
TTGTGACGGATTGTTA,0
TTGTGAGTGAGACCGT,0
TTGTGCAACGGATACG,0
TTGTGCATTCTCTGTT,0
TTGTGCCGAAGACCGC,0
TTGTGCTCGCGCGAAT,0
TTGTGGTATAAACTTT,0
TTGTGTAAACCGTAGG,0
TTGTGTCTGCTCCTAC,0
TTGTTAAACGTGAATT,0
TTGTTAGATATAAATT,0
TTGTTAGGAGTTCGAA,0
TTGTTATATCTTGCCC,0
TTGTTCCCCATAGCCC,0
TTGTTCCGAAAGCCTC,0
TTGTTCTGTGGACTTG,0
TTGTTCTTGTACCAAA,0
TTGTTGAGAAGGACTA,0
TTGTTGGAATTAATAC,0
TTTAAAAATACTGTTT,0
TTTAAAAATATTAAAT,0
TTTAAAACACGGTGCC,0
TTTAAAACTCCTAAGC,0
TTTAAAAGCCCAAGTC,0
TTTAAAAGGCCTCGAT,0
TTTAAAAGTTATTACT,0
TTTAAAATCTCTAATA,0
TTTAAACTTTGCAGGA,0
TTTAAAGGGAGTTTGG,0
TTTAAAGTAATCCAAG,0
TTTAAAGTCACCGCAA,0
TTTAAATAATATGAAT,0
TTTAAATACACTGAAC,0
TTTAAATATCTACTGT,0
TTTAAATATTACACCT,0
TTTAAATCACCTGATA,0
TTTAACAATAGGTACA,0
TTTAACCGAACAAATC,0
TTTAACCGGGCTTGAA,0
TTTAACGAGAATCATC,0
TTTAACGGCTAAGGTA,0
TTTAACTCCTCACTGG,0
TTTAACTCTAACCTTA,0
TTTAACTTCATCAAAA,0
TTTAACTTTAAGAGAA,0
TTTAAGAGATTCTCGA,0
TTTAAGATAGCTATCT,0
TTTAAGATAGTAAAGT,0
TTTAAGCCATGTCAAA,0
TTTAAGGAAATCAAAA,0
TTTAAGTAACACTGAC,0
TTTAATAAAAATACAC,0
TTTAATCCGTTAACAT,0
TTTAATCCTTTGGCGA,0
TTTAATCTCCTGATTA,0
TTTAATGGGTTTTTCA,0
TTTAATGTACCCTTAT,0
TTTAATTAAACTACCT,0
TTTAATTAACGAGAAG,0
TTTAATTGTATAATGT,0
TTTACAAAGACTATGA,0
TTTACAATTAATACAC,0
TTTACACGTAAAATAT,0
TTTACATACATAACCA,0
TTTACATATAAAAGGA,0
TTTACATCGCAGCTGA,0
TTTACATTTAATAGAC,0
TTTACCAGAGAAGCAA,0
TTTACCAGTTGGGAGC,0
TTTACCCAAGTGACAC,0
TTTACCCGAGCATAAC,0
TTTACCGTTGTTAAAA,0
TTTACCTAACATAAAC,0
TTTACCTAGCACGGAC,0
TTTACGAAATTTAGTC,0
TTTACGTGAAATATTG,0
TTTACTACCACAGGAT,0
TTTACTATGGCTTGCT,0
TTTACTCGTACAAGGG,0
TTTACTGACCCTGTCT,0
TTTACTGTATTCCCGG,0
TTTAGACCTGCATAAG,0
TTTAGACTGGTATTTG,0
TTTAGCAAATTATGCT,0
TTTAGCGATCATACAC,0
TTTAGCGATGCTAACG,0
TTTAGCGGAATTGTTT,0
TTTAGCTTAATCACTG,0
TTTAGCTTAGGTCAAA,0
TTTAGCTTATAAGCGT,0
TTTAGGAAGTCTTTTT,0
TTTAGGACAATAAAAC,0
TTTAGGAGTCAATCGT,0
TTTAGGCCCCGATCAG,0
TTTAGGCTGATCGATC,0
TTTAGGGACATGCAGA,0
TTTAGTAAAGAAAAAG,0
TTTAGTCAATAGGAAG,0
TTTAGTGAGATGAACT,0
TTTAGTTACTTCGTGA,0
TTTAGTTATACTTTAG,0
TTTATAAAACGCCGAT,0
TTTATAACGCTGACTG,0
TTTATAAGCCAAGTGT,0
TTTATAAGGCTCCCCT,0
TTTATACCCAGGATTG,0
TTTATAGAAACCTAAA,0
TTTATAGCTCATTTCG,0
TTTATAGTCGTACCAT,0
TTTATATAAAGCGTGG,0
TTTATATATATATAAA,0
TTTATATTAGATTCAA,0
TTTATCCGACATCAAC,0
TTTATCGGACAAACAA,0
TTTATCTGGACGCTTG,0
TTTATGACAGCAAAAG,0
TTTATGACAGCAGCCA,0
TTTATGACCAAATGGT,0
TTTATGCCAATCGGAA,0
TTTATGGACGTGTAAA,0
TTTATGTAACACCAAG,0
TTTATGTTCATCTATA,0
TTTATGTTCTGCCATA,0
TTTATTAATGAAACAA,0
TTTATTATACTTATAT,0
TTTATTATCCGTTACC,0
TTTATTCAGAGGACAA,0
TTTATTGAAGATCGAA,0
TTTATTTACGAACTTT,0
TTTATTTATGTCCCGT,0
TTTCAAATACGAAACT,0
TTTCAACCCCTCTAAA,0
TTTCAAGCCACTTAGA,0
TTTCAATAGGTGTCAA,0
TTTCAATGATCGATGA,0
TTTCACAAGTAAATCA,0
TTTCACAGAACGCATT,0
TTTCACCTGCTTTGGG,0
TTTCACCTTAGACTTG,0
TTTCACTGACATTTCG,0
TTTCACTTACACAGTC,0
TTTCAGATATACACCA,0
TTTCAGCTGAGCTGTG,0
TTTCAGTACTACCATA,0
TTTCATAATCAAAAAA,0
TTTCATAATTAAAAAC,0
TTTCATCCCATAACAA,0
TTTCATCTCGACATAC,0
TTTCCAAGAGGGGGAG,0
TTTCCACGATAACTGA,0
TTTCCAGTAGACGTGG,0
TTTCCAGTCTACGTGA,0
TTTCCATATATAAGAC,0
TTTCCATATCAAGCGC,0
TTTCCATCTATCCGTA,0
TTTCCCGGACATACCG,0
TTTCCCTTTGTCTGCG,0
TTTCCTAGAATATACC,0
TTTCCTATTCGCATCC,0
TTTCCTCACGAAAACC,0
TTTCCTCGAGATGTTC,0
TTTCCTTAAACTCCCT,0
TTTCCTTTCATGATTG,0
TTTCGAAACAAAGCGC,0
TTTCGAAATCTAGCCT,0
TTTCGATTATGCCAGA,0
TTTCGATTTTTGCTCA,0
TTTCGCCAATCCACTT,0
TTTCGCCCGAATAAAG,0
TTTCGCGCAGCTCATG,0
TTTCGGCCAGTTGTGT,0
TTTCGTAGACCTACCA,0
TTTCGTATAACTCCCG,0
TTTCGTGGACTTGCTA,0
TTTCGTTAGGATGAAC,0
TTTCTAAAGACTACAC,0
TTTCTAAATTAACTTG,0
TTTCTAACCCACTTGG,0
TTTCTACTAGGGACTG,0
TTTCTCAAACTCTGGC,0
TTTCTCCATCGATACA,0
TTTCTCGGCTTACCCT,0
TTTCTGAAACCTTCTC,0
TTTCTTACGATAAGCC,0
TTTCTTCTCTGTGGGA,0
TTTCTTCTTCCGGACA,0
TTTCTTGAAGCGATTA,0
TTTGAAACACCTAATA,0
TTTGAAACAGTTACCT,0
TTTGAAACCACGGTGA,0
TTTGAAACCATAATAA,0
TTTGACAGCAGTATTT,0
TTTGACAGGTTTGTTA,0
TTTGACATCACATATC,0
TTTGACTATTCTTAGT,0
TTTGAGAGGTACAAAA,0
TTTGAGATTTTATATC,0
TTTGAGCAAGATCCGA,0
TTTGAGGCTTAATAGC,0
TTTGAGTTTTGGAGCA,0
TTTGATAACTTATCCC,0
TTTGATACCACCGGAC,0
TTTGATAGAATGAGAA,0
TTTGATCTTAAAACTA,0
TTTGATTCCAAGTCCA,0
TTTGCAATACTAGCAG,0
TTTGCAGATATTCAAG,0
TTTGCAGCCTTCAAGC,0
TTTGCCCAAAATATAC,0
TTTGCCTGTGAATCAA,0
TTTGCGACCAATAGTA,0
TTTGCGATACAAATCT,0
TTTGCGCACATATGTC,0
TTTGCTTGTTTCCCTT,0
TTTGGAAATGCGTGAA,0
TTTGGAGATAACCGGG,0
TTTGGAGATCAGGAAA,0
TTTGGAGGGGTTACAC,0
TTTGGATCGAAAATCA,0
TTTGGCAATTGCAGCT,0
TTTGGCATCCCATCTA,0
TTTGGCTCCCTGATCA,0
TTTGGGCAAATTACCA,0
TTTGGTAACACATAGG,0
TTTGGTACCGAGCGTA,0
TTTGGTATATCGGCAG,0
TTTGGTCTTTATCCAG,0
TTTGTAATTACCCGCC,0
TTTGTACCTTATACCC,0
TTTGTACTGCTGAAAC,0
TTTGTACTGTACAGGA,0
TTTGTAGAGACCGATG,0
TTTGTATAGTCGTATC,0
TTTGTATTTATATTGG,0
TTTGTCTATGAAACGC,0
TTTGTGAAATGTCAGA,0
TTTGTTCAACAAACCT,0
TTTTAAAAAGGTGCAG,0
TTTTAAAAGTAAGCCG,0
TTTTAAAGTAGGACTA,0
TTTTAACCAGTTGAAC,0
TTTTAACTTTCTACAA,0
TTTTAATGCTAAAACC,0
TTTTAATTCCGAGAGA,0
TTTTAATTGGGTAAGG,0
TTTTACAACCTAAGCA,0
TTTTACCAACTCAGTG,0
TTTTACCAGGAAACCT,0
TTTTACCATCGCTGCG,0
TTTTACCCACAATATA,0
TTTTACGAAAACCATC,0
TTTTACGTAACTTCAT,0
TTTTACTTCATGAAGC,0
TTTTAGACGTTCGTAA,0
TTTTAGATTGATGAAC,0
TTTTAGTCAGATTACC,0
TTTTATAAGATCAGTT,0
TTTTATAATATAATCC,0
TTTTATCACAAGTCAC,0
TTTTATCCGAAGAGTG,0
TTTTATTTAGGAGAAT,0
TTTTCAAATTCAACTC,0
TTTTCAAGCGCCGAAA,0
TTTTCACACAAAGTAC,0
TTTTCACGAACCGACC,0
TTTTCCAATACTTGAT,0
TTTTCCCATAATGAGA,0
TTTTCCCCAGTTTAAT,0
TTTTCCCGAATGCAAA,0
TTTTCCGAAAGCTTGT,0
TTTTCCGTAGAAATTC,0
TTTTCCGTATCGTAAT,0
TTTTCGACACGCCGTA,0
TTTTCGATCGACCGAG,0
TTTTCGTACACACATA,0
TTTTCGTCTGGATCCA,0
TTTTCTAGAAAGAATG,0
TTTTCTAGTAGTATAA,0
TTTTCTCAACCTTCGG,0
TTTTCTGACACAATAT,0
TTTTGAAAGATAAGAT,0
TTTTGAAATCGCATCT,0
TTTTGAAGGAGCACAT,0
TTTTGACCTGTCCCCA,0
TTTTGACTAATGAAAT,0
TTTTGAGTGCAGTACT,0
TTTTGATACCTCTGCT,0
TTTTGATATAGCCTAC,0
TTTTGATGTTCGCGAT,0
TTTTGCACACCCGGTG,0
TTTTGCCAGACCCTTG,0
TTTTGCGTTCACGCCA,0
TTTTGGATTAACATTA,0
TTTTGGGAAATGTGCA,0
TTTTGGGTGCAGTACT,0
TTTTGTGATTAGGACC,0
TTTTTACCATCCTTAA,0
TTTTTACCCGGGACGT,0
TTTTTAGAACATAATA,0
TTTTTATGTAAAGTCA,0
TTTTTCAGATGATAAA,0
TTTTTCCTGCTAGCGA,0
TTTTTCTAAGCCAGCC,0
TTTTTCTTTTAGTACC,0
TTTTTGATACGCTGTG,0
TTTTTGCGGGAGTCGA,0
TTTTTGGAAAGTGATA,0
TTTTTGTCAGCCACAT,0
TTTTTTAAGAACTGGA,0
TTTTTTACTTATAACC,0
TTTTTTCTAACTGAGA,0
TTTTTTGCGATCAATA,0
TTTTTTGGGACCACTG,0
TTTTTTTGGTTACAAG,0
TTTTTTTTTCATTCTG,0
